Symbol,ATM Straddle %,Open,High,Low,Close,Price Chg,Price Chg %,IV Chg,IV Chg %,OI Chg,OI Chg %,PCR Chg,PCR Chg %,Tot CE OI Chg,Tot CE OI Chg %,Tot PE OI Chg,Tot PE OI Chg %,Tot PE-CE OI Chg,Report_Type,Source_File,Sector,Price,Price Chg %,OI,PCR,Bldp,Price.1,Price Chg.1,Price Chg%.1,OI Chg.1,OI Chg %.1,Bldp.1,Price.2,Price Chg.2,Price Chg%.2,OI Chg.2,OI Chg %.2,Bldp.2,Price.3,Price Chg.3,Price Chg%.3,OI Chg.3,OI Chg %.3,Bldp.3,Fut OI,Fut OI Chg,Fut OI Chg %,Strike,Call OI,Call OI Chg,Put OI,Put OI Chg,Dist. From Strike %,Fut Buildup,Price chg,Price Chg %,OI chg,OI Chg %,OI Chg (Value),Volume,Volume Chg %
360ONE,7.22,1070.0,1087.9,1069.9,1081.0,-9.3,-0.85,0.14,0.44,224.0,5.3,-0.08,-10.26,34,10.93,-2,-0.83,-36,PRICE_OI,Daywise_Price_and_OI_Summary_25AUG26_Report_2026-07-24.xlsx,,,,,,,,,,,,,,,,,,,,,,,,,,,,,,,,,,,,,,,,,
ABB,8.39,7408.0,7451.0,7404.0,7450.5,-45,-0.6,-0.12,-0.33,178.0,2.39,0,0,64,2.9,44,3.35,-20,PRICE_OI,Daywise_Price_and_OI_Summary_25AUG26_Report_2026-07-24.xlsx,,,,,,,,,,,,,,,,,,,,,,,,,,,,,,,,,,,,,,,,,
ABCAPITAL,8.07,391.1,391.1,386.1,387.85,-6.45,-1.64,1.51,4.64,329.0,7.95,0.06,7.5,24,2.3,75,8.94,51,PRICE_OI,Daywise_Price_and_OI_Summary_25AUG26_Report_2026-07-24.xlsx,,,,,,,,,,,,,,,,,,,,,,,,,,,,,,,,,,,,,,,,,
ADANIENSOL,9.3,1682.0,1710.2,1682.0,1710.2,16.8,0.99,-0.71,-1.79,539.0,4.99,0,0,15,1.18,14,1.64,-1,PRICE_OI,Daywise_Price_and_OI_Summary_25AUG26_Report_2026-07-24.xlsx,,,,,,,,,,,,,,,,,,,,,,,,,,,,,,,,,,,,,,,,,
ADANIENT,8.43,3022.6,3047.0,3009.7,3036.9,8.1,0.27,-0.08,-0.23,842.0,4.38,0.06,8.7,-185,-3.89,178,5.44,363,PRICE_OI,Daywise_Price_and_OI_Summary_25AUG26_Report_2026-07-24.xlsx,,,,,,,,,,,,,,,,,,,,,,,,,,,,,,,,,,,,,,,,,
ADANIGREEN,9.51,1372.4,1393.9,1356.0,1392.2,7.3,0.53,0.53,1.35,896.0,5.42,-0.02,-4.17,281,4.82,-13,-0.46,-294,PRICE_OI,Daywise_Price_and_OI_Summary_25AUG26_Report_2026-07-24.xlsx,,,,,,,,,,,,,,,,,,,,,,,,,,,,,,,,,,,,,,,,,
ADANIPORTS,6.41,1780.0,1790.6,1767.2,1790.6,0.3,0.02,0.37,1.38,537.0,3.05,0.02,2.99,36,1.16,85,4.06,49,PRICE_OI,Daywise_Price_and_OI_Summary_25AUG26_Report_2026-07-24.xlsx,,,,,,,,,,,,,,,,,,,,,,,,,,,,,,,,,,,,,,,,,
ADANIPOWER,9.77,213.0,214.88,211.14,214.39,0.87,0.41,0.94,2.35,366.0,2.38,-0.01,-1.43,146,3.61,31,1.09,-115,PRICE_OI,Daywise_Price_and_OI_Summary_25AUG26_Report_2026-07-24.xlsx,,,,,,,,,,,,,,,,,,,,,,,,,,,,,,,,,,,,,,,,,
ALKEM,6.58,5550.0,5645.0,5550.0,5621.0,-8.5,-0.15,-0.21,-0.75,121.0,3.46,-0.09,-20.93,29,18.13,-4,-5.88,-33,PRICE_OI,Daywise_Price_and_OI_Summary_25AUG26_Report_2026-07-24.xlsx,,,,,,,,,,,,,,,,,,,,,,,,,,,,,,,,,,,,,,,,,
AMBER,7.94,7355.0,7422.0,7292.5,7307.5,-147.5,-1.98,0.47,1.23,337.0,8.65,-0.03,-3.37,136,7.81,60,3.86,-76,PRICE_OI,Daywise_Price_and_OI_Summary_25AUG26_Report_2026-07-24.xlsx,,,,,,,,,,,,,,,,,,,,,,,,,,,,,,,,,,,,,,,,,
AMBUJACEM,6.39,420.65,423.0,419.35,421.4,-4.1,-0.96,0.05,0.17,2258.0,9.63,-0.03,-3.61,152,6.35,29,1.45,-123,PRICE_OI,Daywise_Price_and_OI_Summary_25AUG26_Report_2026-07-24.xlsx,,,,,,,,,,,,,,,,,,,,,,,,,,,,,,,,,,,,,,,,,
ANGELONE,8.78,310.0,310.0,302.85,307.15,-0.95,-0.31,0.15,0.41,372.0,9.02,-0.01,-1.72,24,0.92,1,0.07,-23,PRICE_OI,Daywise_Price_and_OI_Summary_25AUG26_Report_2026-07-24.xlsx,,,,,,,,,,,,,,,,,,,,,,,,,,,,,,,,,,,,,,,,,
APLAPOLLO,6.83,1825.2,1828.0,1812.8,1816.6,-20.5,-1.12,1.04,4.24,237.0,7.19,0.06,5.56,-11,-5.67,-1,-0.48,10,PRICE_OI,Daywise_Price_and_OI_Summary_25AUG26_Report_2026-07-24.xlsx,,,,,,,,,,,,,,,,,,,,,,,,,,,,,,,,,,,,,,,,,
APOLLOHOSP,5.02,8837.5,8910.0,8837.5,8898.5,-9.5,-0.11,-0.33,-1.53,174.0,2.29,-0.01,-1.69,12,1.4,2,0.4,-10,PRICE_OI,Daywise_Price_and_OI_Summary_25AUG26_Report_2026-07-24.xlsx,,,,,,,,,,,,,,,,,,,,,,,,,,,,,,,,,,,,,,,,,
ASHOKLEY,8.22,150.9,150.9,149.19,149.68,-1.97,-1.3,0.29,0.84,746.0,7.11,-0.05,-5.75,324,9.5,112,3.78,-212,PRICE_OI,Daywise_Price_and_OI_Summary_25AUG26_Report_2026-07-24.xlsx,,,,,,,,,,,,,,,,,,,,,,,,,,,,,,,,,,,,,,,,,
ASIANPAINT,6.88,2656.0,2670.0,2653.1,2660.3,-25.5,-0.95,0.46,1.74,400.0,3.8,0.01,1.35,44,1.82,51,2.84,7,PRICE_OI,Daywise_Price_and_OI_Summary_25AUG26_Report_2026-07-24.xlsx,,,,,,,,,,,,,,,,,,,,,,,,,,,,,,,,,,,,,,,,,
ASTRAL,7.51,1374.3,1383.2,1372.3,1373.5,-3.9,-0.28,-0.35,-1.12,246.0,2.88,0.01,0.8,7,0.72,17,1.4,10,PRICE_OI,Daywise_Price_and_OI_Summary_25AUG26_Report_2026-07-24.xlsx,,,,,,,,,,,,,,,,,,,,,,,,,,,,,,,,,,,,,,,,,
AUBANK,7.28,978.9,982.3,972.0,975.5,-5.7,-0.58,1.31,4.46,392.0,4.06,0.01,1.11,59,5.1,66,6.35,7,PRICE_OI,Daywise_Price_and_OI_Summary_25AUG26_Report_2026-07-24.xlsx,,,,,,,,,,,,,,,,,,,,,,,,,,,,,,,,,,,,,,,,,
AUROPHARMA,6.67,1529.9,1550.6,1529.9,1545.0,14.5,0.95,0.7,2.47,204.0,1.85,0,0,5,0.32,16,0.82,11,PRICE_OI,Daywise_Price_and_OI_Summary_25AUG26_Report_2026-07-24.xlsx,,,,,,,,,,,,,,,,,,,,,,,,,,,,,,,,,,,,,,,,,
AXISBANK,5.22,1220.3,1230.0,1218.7,1224.7,-6.5,-0.53,-0.13,-0.58,891.0,1.91,0,0,251,1.64,143,1.41,-108,PRICE_OI,Daywise_Price_and_OI_Summary_25AUG26_Report_2026-07-24.xlsx,,,,,,,,,,,,,,,,,,,,,,,,,,,,,,,,,,,,,,,,,
BAJAJ-AUTO,5.49,11216.0,11297.0,11216.0,11269.0,-40.5,-0.36,0.27,1.18,610.0,4.97,0.02,1.25,-23,-0.35,77,0.73,100,PRICE_OI,Daywise_Price_and_OI_Summary_25AUG26_Report_2026-07-24.xlsx,,,,,,,,,,,,,,,,,,,,,,,,,,,,,,,,,,,,,,,,,
BAJAJFINSV,5.89,1885.0,1885.1,1876.6,1878.3,-18,-0.95,0.14,0.55,340.0,3.31,0,0,-10,-0.5,-14,-0.77,-4,PRICE_OI,Daywise_Price_and_OI_Summary_25AUG26_Report_2026-07-24.xlsx,,,,,,,,,,,,,,,,,,,,,,,,,,,,,,,,,,,,,,,,,
BAJAJHLDNG,7.67,10680.0,10806.0,10650.0,10785.0,69,0.64,6.17,22.53,51.0,2.52,0,0,5,3.73,3,3.09,-2,PRICE_OI,Daywise_Price_and_OI_Summary_25AUG26_Report_2026-07-24.xlsx,,,,,,,,,,,,,,,,,,,,,,,,,,,,,,,,,,,,,,,,,
BAJFINANCE,6.87,1037.6,1037.6,1025.0,1031.6,-14.5,-1.39,0.68,2.42,1229.0,4.28,-0.05,-6.17,466,8.38,70,1.55,-396,PRICE_OI,Daywise_Price_and_OI_Summary_25AUG26_Report_2026-07-24.xlsx,,,,,,,,,,,,,,,,,,,,,,,,,,,,,,,,,,,,,,,,,
BANDHANBNK,9.95,165.3,165.4,162.98,163.27,-2.28,-1.38,-0.21,-0.5,682.0,3.1,-0.01,-1.85,516,3.54,51,0.64,-465,PRICE_OI,Daywise_Price_and_OI_Summary_25AUG26_Report_2026-07-24.xlsx,,,,,,,,,,,,,,,,,,,,,,,,,,,,,,,,,,,,,,,,,
BANKBARODA,8.08,242.1,243.55,242.0,242.85,-1.6,-0.65,1.66,5.17,511.0,2.48,-0.07,-6.93,329,9,45,1.22,-284,PRICE_OI,Daywise_Price_and_OI_Summary_25AUG26_Report_2026-07-24.xlsx,,,,,,,,,,,,,,,,,,,,,,,,,,,,,,,,,,,,,,,,,
BANKEX,-,66289.6,66289.6,66098.8,66098.8,-,-,-,-,0.0,0.0,-,-,2,100,-,-,-,PRICE_OI,Daywise_Price_and_OI_Summary_25AUG26_Report_2026-07-24.xlsx,,,,,,,,,,,,,,,,,,,,,,,,,,,,,,,,,,,,,,,,,
BANKINDIA,8.65,142.01,142.01,141.3,141.93,-1.24,-0.87,3.66,10.13,84.0,1.37,-0.05,-4.9,93,9.44,44,4.38,-49,PRICE_OI,Daywise_Price_and_OI_Summary_25AUG26_Report_2026-07-24.xlsx,,,,,,,,,,,,,,,,,,,,,,,,,,,,,,,,,,,,,,,,,
BANKNIFTY,3.64,56600.0,56688.0,56475.0,56502.4,-416.6,-0.73,0.62,4.21,1479.0,4.71,-0.02,-2.22,4474,3.26,1654,1.34,-2820,PRICE_OI,Daywise_Price_and_OI_Summary_25AUG26_Report_2026-07-24.xlsx,,,,,,,,,,,,,,,,,,,,,,,,,,,,,,,,,,,,,,,,,
BDL,10.14,1197.3,1211.2,1190.6,1192.1,-13.3,-1.1,1.44,3.67,221.0,2.31,0,0,17,0.83,11,0.61,-6,PRICE_OI,Daywise_Price_and_OI_Summary_25AUG26_Report_2026-07-24.xlsx,,,,,,,,,,,,,,,,,,,,,,,,,,,,,,,,,,,,,,,,,
BEL,6.22,405.0,407.25,403.15,405.35,-1.25,-0.31,-0.34,-1.28,1268.0,4.9,0.01,1.33,12,0.14,88,1.39,76,PRICE_OI,Daywise_Price_and_OI_Summary_25AUG26_Report_2026-07-24.xlsx,,,,,,,,,,,,,,,,,,,,,,,,,,,,,,,,,,,,,,,,,
BHARATFORG,7.09,2162.7,2181.5,2154.2,2160.1,-27.3,-1.25,-0.07,-0.22,279.0,4.49,-0.02,-2.2,-3,-0.23,-19,-1.61,-16,PRICE_OI,Daywise_Price_and_OI_Summary_25AUG26_Report_2026-07-24.xlsx,,,,,,,,,,,,,,,,,,,,,,,,,,,,,,,,,,,,,,,,,
BHARTIARTL,4.61,1912.5,1915.3,1899.2,1900.3,-19.9,-1.04,0.73,3.87,1811.0,2.09,-0.03,-3.66,148,3.49,24,0.69,-124,PRICE_OI,Daywise_Price_and_OI_Summary_25AUG26_Report_2026-07-24.xlsx,,,,,,,,,,,,,,,,,,,,,,,,,,,,,,,,,,,,,,,,,
BHEL,8.3,406.7,411.0,406.0,408.45,-3.4,-0.83,0.59,1.7,534.0,4.33,-0.01,-1.82,106,2.25,30,1.16,-76,PRICE_OI,Daywise_Price_and_OI_Summary_25AUG26_Report_2026-07-24.xlsx,,,,,,,,,,,,,,,,,,,,,,,,,,,,,,,,,,,,,,,,,
BIOCON,7.03,431.7,434.45,429.4,432.7,-4.8,-1.1,0.5,1.75,1037.0,16.25,-0.05,-5.62,42,2.79,-50,-3.72,-92,PRICE_OI,Daywise_Price_and_OI_Summary_25AUG26_Report_2026-07-24.xlsx,,,,,,,,,,,,,,,,,,,,,,,,,,,,,,,,,,,,,,,,,
BLUESTARCO,7.19,1633.3,1633.3,1601.6,1614.0,-14.6,-0.9,-2.31,-6.78,210.0,4.33,-0.05,-3.29,12,5.83,6,1.91,-6,PRICE_OI,Daywise_Price_and_OI_Summary_25AUG26_Report_2026-07-24.xlsx,,,,,,,,,,,,,,,,,,,,,,,,,,,,,,,,,,,,,,,,,
BOSCHLTD,6.42,41785.0,41900.0,41610.0,41640.0,-530,-1.26,-4.27,-14.37,196.0,5.45,0,0,1,0.26,-2,-2.15,-3,PRICE_OI,Daywise_Price_and_OI_Summary_25AUG26_Report_2026-07-24.xlsx,,,,,,,,,,,,,,,,,,,,,,,,,,,,,,,,,,,,,,,,,
BPCL,6.88,307.75,310.05,307.55,307.75,-3.1,-1,0.85,3.03,296.0,3.51,0.01,1.09,-67,-3.27,-59,-3.11,8,PRICE_OI,Daywise_Price_and_OI_Summary_25AUG26_Report_2026-07-24.xlsx,,,,,,,,,,,,,,,,,,,,,,,,,,,,,,,,,,,,,,,,,
BRITANNIA,6.36,5274.5,5303.5,5261.5,5293.5,-36.5,-0.68,0.41,1.67,311.0,4.51,0,0,28,4.44,22,4.13,-6,PRICE_OI,Daywise_Price_and_OI_Summary_25AUG26_Report_2026-07-24.xlsx,,,,,,,,,,,,,,,,,,,,,,,,,,,,,,,,,,,,,,,,,
BSE,9.14,3593.3,3593.3,3551.0,3556.2,-35.5,-0.99,0.7,1.87,523.0,3.72,0,0,115,1.6,97,1.48,-18,PRICE_OI,Daywise_Price_and_OI_Summary_25AUG26_Report_2026-07-24.xlsx,,,,,,,,,,,,,,,,,,,,,,,,,,,,,,,,,,,,,,,,,
CAMS,7.57,744.65,759.95,744.65,757.05,-3.75,-0.49,-0.18,-0.56,132.0,5.92,0,0,0,0,2,0.48,-,PRICE_OI,Daywise_Price_and_OI_Summary_25AUG26_Report_2026-07-24.xlsx,,,,,,,,,,,,,,,,,,,,,,,,,,,,,,,,,,,,,,,,,
CANBK,7.9,125.08,125.31,123.85,124.81,-1.28,-1.02,0.99,3.05,622.0,2.48,0.01,1.3,62,2.26,72,3.39,10,PRICE_OI,Daywise_Price_and_OI_Summary_25AUG26_Report_2026-07-24.xlsx,,,,,,,,,,,,,,,,,,,,,,,,,,,,,,,,,,,,,,,,,
CDSL,7.84,1325.0,1325.0,1305.2,1315.0,-10.3,-0.78,-0.5,-1.48,300.0,3.33,-0.02,-2.41,142,3.81,52,1.69,-90,PRICE_OI,Daywise_Price_and_OI_Summary_25AUG26_Report_2026-07-24.xlsx,,,,,,,,,,,,,,,,,,,,,,,,,,,,,,,,,,,,,,,,,
CGPOWER,9.34,865.0,897.85,865.0,892.85,7.55,0.85,-0.34,-0.86,528.0,4.93,-0.06,-9.84,172,10.84,-13,-1.34,-185,PRICE_OI,Daywise_Price_and_OI_Summary_25AUG26_Report_2026-07-24.xlsx,,,,,,,,,,,,,,,,,,,,,,,,,,,,,,,,,,,,,,,,,
CHOLAFIN,7.6,1700.0,1713.0,1675.0,1676.1,-49.5,-2.87,-0.58,-1.82,999.0,14.61,-0.02,-2.63,50,8.16,25,5.35,-25,PRICE_OI,Daywise_Price_and_OI_Summary_25AUG26_Report_2026-07-24.xlsx,,,,,,,,,,,,,,,,,,,,,,,,,,,,,,,,,,,,,,,,,
CIPLA,5.71,1403.0,1452.0,1403.0,1436.7,38.1,2.72,-0.73,-2.98,319.0,2.39,-0.03,-3.09,399,17.09,289,12.74,-110,PRICE_OI,Daywise_Price_and_OI_Summary_25AUG26_Report_2026-07-24.xlsx,,,,,,,,,,,,,,,,,,,,,,,,,,,,,,,,,,,,,,,,,
COALINDIA,5.04,425.15,426.4,423.7,424.15,-1.05,-0.25,0.53,2.56,288.0,1.46,-0.01,-1.02,34,0.74,21,0.47,-13,PRICE_OI,Daywise_Price_and_OI_Summary_25AUG26_Report_2026-07-24.xlsx,,,,,,,,,,,,,,,,,,,,,,,,,,,,,,,,,,,,,,,,,
COCHINSHIP,7.87,1378.1,1397.4,1370.2,1382.0,-7.5,-0.54,-0.64,-1.94,137.0,2.55,-0.01,-1.14,7,0.56,-10,-0.91,-17,PRICE_OI,Daywise_Price_and_OI_Summary_25AUG26_Report_2026-07-24.xlsx,,,,,,,,,,,,,,,,,,,,,,,,,,,,,,,,,,,,,,,,,
COFORGE,9.28,1420.0,1454.4,1420.0,1442.5,9.2,0.64,0.13,0.33,524.0,3.61,-0.04,-6.15,245,7.11,36,1.61,-209,PRICE_OI,Daywise_Price_and_OI_Summary_25AUG26_Report_2026-07-24.xlsx,,,,,,,,,,,,,,,,,,,,,,,,,,,,,,,,,,,,,,,,,
COLPAL,6.79,2084.9,2109.5,2083.3,2109.5,10.4,0.5,-0.02,-0.07,227.0,4.77,-0.01,-1.92,62,2.9,8,0.72,-54,PRICE_OI,Daywise_Price_and_OI_Summary_25AUG26_Report_2026-07-24.xlsx,,,,,,,,,,,,,,,,,,,,,,,,,,,,,,,,,,,,,,,,,
CONCOR,6.52,480.0,480.1,476.85,478.25,-3.65,-0.76,0.5,1.88,157.0,2.94,-0.04,-5.26,74,7.08,20,2.53,-54,PRICE_OI,Daywise_Price_and_OI_Summary_25AUG26_Report_2026-07-24.xlsx,,,,,,,,,,,,,,,,,,,,,,,,,,,,,,,,,,,,,,,,,
CROMPTON,8.3,249.7,251.55,244.8,244.85,-6.5,-2.59,0.5,1.49,527.0,5.8,0,0,66,3.97,20,3.88,-46,PRICE_OI,Daywise_Price_and_OI_Summary_25AUG26_Report_2026-07-24.xlsx,,,,,,,,,,,,,,,,,,,,,,,,,,,,,,,,,,,,,,,,,
CUMMINSIND,8,5574.0,5622.5,5570.0,5622.5,-2,-0.04,-0.01,-0.03,311.0,4.42,-0.03,-3.75,12,2.73,-5,-1.41,-17,PRICE_OI,Daywise_Price_and_OI_Summary_25AUG26_Report_2026-07-24.xlsx,,,,,,,,,,,,,,,,,,,,,,,,,,,,,,,,,,,,,,,,,
DABUR,6.61,420.15,424.25,420.15,423.65,-1.3,-0.31,0.79,2.81,414.0,5.05,-0.01,-1.64,29,1.54,-2,-0.17,-31,PRICE_OI,Daywise_Price_and_OI_Summary_25AUG26_Report_2026-07-24.xlsx,,,,,,,,,,,,,,,,,,,,,,,,,,,,,,,,,,,,,,,,,
DALBHARAT,9.35,1842.1,1848.6,1818.9,1841.7,-13.7,-0.74,0.21,0.72,182.0,5.84,-0.07,-10,14,9.46,-1,-0.97,-15,PRICE_OI,Daywise_Price_and_OI_Summary_25AUG26_Report_2026-07-24.xlsx,,,,,,,,,,,,,,,,,,,,,,,,,,,,,,,,,,,,,,,,,
DELHIVERY,9.11,466.05,466.65,460.95,466.05,-2.2,-0.47,-0.46,-1.35,165.0,4.69,0,0,6,0.32,3,0.31,-3,PRICE_OI,Daywise_Price_and_OI_Summary_25AUG26_Report_2026-07-24.xlsx,,,,,,,,,,,,,,,,,,,,,,,,,,,,,,,,,,,,,,,,,
DIVISLAB,6.95,7275.0,7328.0,7233.5,7307.5,-11,-0.15,-0.26,-0.89,955.0,6.06,0,0,-2,-0.09,-1,-0.09,1,PRICE_OI,Daywise_Price_and_OI_Summary_25AUG26_Report_2026-07-24.xlsx,,,,,,,,,,,,,,,,,,,,,,,,,,,,,,,,,,,,,,,,,
DIXON,9.56,13482.0,13599.0,13441.0,13457.0,-175,-1.28,-0.4,-0.98,684.0,3.76,-0.02,-2.41,222,2.61,37,0.52,-185,PRICE_OI,Daywise_Price_and_OI_Summary_25AUG26_Report_2026-07-24.xlsx,,,,,,,,,,,,,,,,,,,,,,,,,,,,,,,,,,,,,,,,,
DLF,8.05,631.0,636.35,627.55,628.75,-10.05,-1.57,-0.1,-0.3,305.0,1.07,-0.02,-3.28,71,2.77,-21,-1.34,-92,PRICE_OI,Daywise_Price_and_OI_Summary_25AUG26_Report_2026-07-24.xlsx,,,,,,,,,,,,,,,,,,,,,,,,,,,,,,,,,,,,,,,,,
DMART,6.11,3990.1,4047.5,3990.0,4045.0,27,0.67,0.22,0.86,416.0,2.34,-0.02,-2.94,124,5.02,33,1.95,-91,PRICE_OI,Daywise_Price_and_OI_Summary_25AUG26_Report_2026-07-24.xlsx,,,,,,,,,,,,,,,,,,,,,,,,,,,,,,,,,,,,,,,,,
DRREDDY,6.26,1158.0,1158.0,1134.0,1142.0,-16.8,-1.45,-0.28,-1.05,402.0,4.13,-0.1,-11.9,346,5.46,-350,-6.58,-696,PRICE_OI,Daywise_Price_and_OI_Summary_25AUG26_Report_2026-07-24.xlsx,,,,,,,,,,,,,,,,,,,,,,,,,,,,,,,,,,,,,,,,,
EICHERMOT,6.26,7694.0,7694.0,7564.0,7576.5,-104,-1.35,-,-,941.0,5.13,0.01,0.56,115,2.96,266,3.87,151,PRICE_OI,Daywise_Price_and_OI_Summary_25AUG26_Report_2026-07-24.xlsx,,,,,,,,,,,,,,,,,,,,,,,,,,,,,,,,,,,,,,,,,
ETERNAL,8.23,287.0,287.0,281.3,282.65,-6.35,-2.2,0.33,0.97,1627.0,5.38,-0.04,-7.27,828,10.09,121,2.7,-707,PRICE_OI,Daywise_Price_and_OI_Summary_25AUG26_Report_2026-07-24.xlsx,,,,,,,,,,,,,,,,,,,,,,,,,,,,,,,,,,,,,,,,,
FEDERALBNK,5.37,354.05,354.85,351.1,352.1,-3,-0.84,0.51,2.26,631.0,3.46,-0.01,-1.03,36,1.26,-7,-0.25,-43,PRICE_OI,Daywise_Price_and_OI_Summary_25AUG26_Report_2026-07-24.xlsx,,,,,,,,,,,,,,,,,,,,,,,,,,,,,,,,,,,,,,,,,
FINNIFTY,-,26100.0,26100.0,25996.5,25996.5,-223,-0.85,-1,-5.72,5.0,3.82,-,-,8,50,-,-,-,PRICE_OI,Daywise_Price_and_OI_Summary_25AUG26_Report_2026-07-24.xlsx,,,,,,,,,,,,,,,,,,,,,,,,,,,,,,,,,,,,,,,,,
FOCIT,-,34740.0,34799.0,34582.0,34582.0,-,-,-,-,0.0,0.0,4.42,33.36,-1,-25,0,0,-,PRICE_OI,Daywise_Price_and_OI_Summary_25AUG26_Report_2026-07-24.xlsx,,,,,,,,,,,,,,,,,,,,,,,,,,,,,,,,,,,,,,,,,
FORCEMOT,11.17,17282.0,17590.0,17034.0,17580.0,185,1.06,0.85,1.83,125.0,3.42,0,0,17,2.6,13,2.36,-4,PRICE_OI,Daywise_Price_and_OI_Summary_25AUG26_Report_2026-07-24.xlsx,,,,,,,,,,,,,,,,,,,,,,,,,,,,,,,,,,,,,,,,,
FORTIS,6.19,954.55,954.55,944.0,945.7,-3.2,-0.34,0.25,0.96,150.0,3.38,-0.03,-2.88,11,3.58,1,0.31,-10,PRICE_OI,Daywise_Price_and_OI_Summary_25AUG26_Report_2026-07-24.xlsx,,,,,,,,,,,,,,,,,,,,,,,,,,,,,,,,,,,,,,,,,
GAIL,6.24,172.0,172.0,170.47,171.34,-1.08,-0.63,0.71,2.65,365.0,4.29,-0.02,-2,79,4.27,40,2.16,-39,PRICE_OI,Daywise_Price_and_OI_Summary_25AUG26_Report_2026-07-24.xlsx,,,,,,,,,,,,,,,,,,,,,,,,,,,,,,,,,,,,,,,,,
GLENMARK,8.13,2205.1,2217.3,2190.7,2210.1,-9.1,-0.41,-0.12,-0.37,516.0,6.13,-0.02,-1.57,9,1.86,1,0.16,-8,PRICE_OI,Daywise_Price_and_OI_Summary_25AUG26_Report_2026-07-24.xlsx,,,,,,,,,,,,,,,,,,,,,,,,,,,,,,,,,,,,,,,,,
GMRAIRPORT,6.82,107.5,107.5,106.28,106.85,-1.31,-1.21,1.09,3.51,321.0,6.9,-0.01,-1.64,24,1.85,6,0.76,-18,PRICE_OI,Daywise_Price_and_OI_Summary_25AUG26_Report_2026-07-24.xlsx,,,,,,,,,,,,,,,,,,,,,,,,,,,,,,,,,,,,,,,,,
GODFRYPHLP,9.43,1990.4,2018.2,1990.4,2010.0,-10.4,-0.51,-1.73,-4.72,93.0,5.2,0,0,-1,-0.29,-1,-0.44,0,PRICE_OI,Daywise_Price_and_OI_Summary_25AUG26_Report_2026-07-24.xlsx,,,,,,,,,,,,,,,,,,,,,,,,,,,,,,,,,,,,,,,,,
GODREJCP,6.95,1059.7,1064.6,1046.7,1062.9,3.9,0.37,0.2,0.69,250.0,3.66,0.03,8.82,6,1.22,15,8.98,9,PRICE_OI,Daywise_Price_and_OI_Summary_25AUG26_Report_2026-07-24.xlsx,,,,,,,,,,,,,,,,,,,,,,,,,,,,,,,,,,,,,,,,,
GODREJPROP,11.26,2011.0,2035.8,2007.1,2008.4,-36.1,-1.77,-0.94,-2.61,327.0,3.78,0,0,-1,-0.05,1,0.12,2,PRICE_OI,Daywise_Price_and_OI_Summary_25AUG26_Report_2026-07-24.xlsx,,,,,,,,,,,,,,,,,,,,,,,,,,,,,,,,,,,,,,,,,
GRASIM,5.42,3106.5,3106.8,3088.1,3097.3,-19.1,-0.61,-1.04,-4.37,585.0,2.37,0,0,32,4.74,20,4.28,-12,PRICE_OI,Daywise_Price_and_OI_Summary_25AUG26_Report_2026-07-24.xlsx,,,,,,,,,,,,,,,,,,,,,,,,,,,,,,,,,,,,,,,,,
GVT&D,11.88,4318.5,4349.0,4295.0,4329.4,-13.6,-0.31,-0.28,-0.55,343.0,4.63,-0.02,-2.6,8,1.47,-3,-0.72,-11,PRICE_OI,Daywise_Price_and_OI_Summary_25AUG26_Report_2026-07-24.xlsx,,,,,,,,,,,,,,,,,,,,,,,,,,,,,,,,,,,,,,,,,
HAL,6.91,4603.5,4603.5,4555.0,4566.2,-31.4,-0.68,0.12,0.41,451.0,3.34,0,0,45,0.82,27,0.63,-18,PRICE_OI,Daywise_Price_and_OI_Summary_25AUG26_Report_2026-07-24.xlsx,,,,,,,,,,,,,,,,,,,,,,,,,,,,,,,,,,,,,,,,,
HAVELLS,6.2,1205.5,1214.9,1204.0,1214.7,0.5,0.04,0.21,0.83,354.0,4.48,-0.01,-1.3,19,1.14,-5,-0.39,-24,PRICE_OI,Daywise_Price_and_OI_Summary_25AUG26_Report_2026-07-24.xlsx,,,,,,,,,,,,,,,,,,,,,,,,,,,,,,,,,,,,,,,,,
HCLTECH,6.67,1232.1,1269.3,1230.2,1251.5,12,0.97,0.05,0.18,1609.0,4.03,0,0,407,6.23,262,5.71,-145,PRICE_OI,Daywise_Price_and_OI_Summary_25AUG26_Report_2026-07-24.xlsx,,,,,,,,,,,,,,,,,,,,,,,,,,,,,,,,,,,,,,,,,
HDFCAMC,6.99,2490.4,2516.9,2490.4,2501.2,-17.6,-0.7,-1.13,-3.69,236.0,2.35,-0.01,-1.54,161,5.33,66,3.35,-95,PRICE_OI,Daywise_Price_and_OI_Summary_25AUG26_Report_2026-07-24.xlsx,,,,,,,,,,,,,,,,,,,,,,,,,,,,,,,,,,,,,,,,,
HDFCBANK,5.66,743.0,749.2,742.85,744.6,-7.65,-1.02,0.84,3.65,5302.0,2.21,0,0,2378,2.94,684,1.79,-1694,PRICE_OI,Daywise_Price_and_OI_Summary_25AUG26_Report_2026-07-24.xlsx,,,,,,,,,,,,,,,,,,,,,,,,,,,,,,,,,,,,,,,,,
HDFCLIFE,5.69,550.15,557.15,550.15,554.9,0.05,0.01,0.34,1.45,657.0,4.26,-0.01,-1.69,44,0.8,22,0.68,-22,PRICE_OI,Daywise_Price_and_OI_Summary_25AUG26_Report_2026-07-24.xlsx,,,,,,,,,,,,,,,,,,,,,,,,,,,,,,,,,,,,,,,,,
HEROMOTOCO,7.29,5113.9,5113.9,5051.8,5058.7,-62.8,-1.23,1.1,3.7,760.0,5.48,-0.04,-6.56,298,7.46,-19,-0.77,-317,PRICE_OI,Daywise_Price_and_OI_Summary_25AUG26_Report_2026-07-24.xlsx,,,,,,,,,,,,,,,,,,,,,,,,,,,,,,,,,,,,,,,,,
HINDALCO,7.25,954.0,954.75,948.75,951.05,-9.95,-1.04,0.74,2.5,743.0,2.05,-0.02,-2.67,102,2.53,27,0.9,-75,PRICE_OI,Daywise_Price_and_OI_Summary_25AUG26_Report_2026-07-24.xlsx,,,,,,,,,,,,,,,,,,,,,,,,,,,,,,,,,,,,,,,,,
HINDPETRO,7.14,382.0,385.3,379.6,379.6,-6.05,-1.57,1.56,5.53,316.0,3.0,-0.01,-1.3,19,0.87,-8,-0.48,-27,PRICE_OI,Daywise_Price_and_OI_Summary_25AUG26_Report_2026-07-24.xlsx,,,,,,,,,,,,,,,,,,,,,,,,,,,,,,,,,,,,,,,,,
HINDUNILVR,5.25,2155.1,2170.0,2155.1,2170.0,-2.3,-0.11,0.04,0.18,800.0,3.57,0,0,15,0.31,11,0.31,-4,PRICE_OI,Daywise_Price_and_OI_Summary_25AUG26_Report_2026-07-24.xlsx,,,,,,,,,,,,,,,,,,,,,,,,,,,,,,,,,,,,,,,,,
HINDZINC,7.25,528.6,530.1,527.3,529.0,-5.2,-0.97,-1.45,-4.56,314.0,4.01,-0.02,-2.86,76,2.27,-3,-0.13,-79,PRICE_OI,Daywise_Price_and_OI_Summary_25AUG26_Report_2026-07-24.xlsx,,,,,,,,,,,,,,,,,,,,,,,,,,,,,,,,,,,,,,,,,
HYUNDAI,9.88,1903.8,1927.4,1903.6,1912.6,-20.2,-1.05,1.29,3.81,272.0,3.65,0,0,70,3.48,29,2.92,-41,PRICE_OI,Daywise_Price_and_OI_Summary_25AUG26_Report_2026-07-24.xlsx,,,,,,,,,,,,,,,,,,,,,,,,,,,,,,,,,,,,,,,,,
ICICIBANK,4.43,1422.5,1428.2,1417.5,1420.9,-9,-0.63,0.7,3.82,2171.0,3.27,-0.01,-1.47,199,1.98,86,1.26,-113,PRICE_OI,Daywise_Price_and_OI_Summary_25AUG26_Report_2026-07-24.xlsx,,,,,,,,,,,,,,,,,,,,,,,,,,,,,,,,,,,,,,,,,
ICICIGI,6.3,1623.3,1673.6,1621.8,1665.4,44.1,2.72,0.71,2.75,487.0,7.37,0.05,5.56,-22,-1.02,93,4.76,115,PRICE_OI,Daywise_Price_and_OI_Summary_25AUG26_Report_2026-07-24.xlsx,,,,,,,,,,,,,,,,,,,,,,,,,,,,,,,,,,,,,,,,,
ICICIPRULI,6.7,503.2,505.3,499.85,500.0,-3.45,-0.69,-0.54,-1.88,349.0,3.77,0,0,4,0.24,13,1.07,9,PRICE_OI,Daywise_Price_and_OI_Summary_25AUG26_Report_2026-07-24.xlsx,,,,,,,,,,,,,,,,,,,,,,,,,,,,,,,,,,,,,,,,,
IDEA,9.17,13.2,13.22,13.03,13.03,-0.29,-2.18,1.49,4.01,1873.0,5.26,0,0,297,4.31,108,3.06,-189,PRICE_OI,Daywise_Price_and_OI_Summary_25AUG26_Report_2026-07-24.xlsx,,,,,,,,,,,,,,,,,,,,,,,,,,,,,,,,,,,,,,,,,
IDFCFIRSTB,7.09,80.05,80.05,79.4,79.45,-0.7,-0.87,1.02,3.55,367.0,2.06,0.01,1.69,113,4.54,89,6.07,-24,PRICE_OI,Daywise_Price_and_OI_Summary_25AUG26_Report_2026-07-24.xlsx,,,,,,,,,,,,,,,,,,,,,,,,,,,,,,,,,,,,,,,,,
IEX,7.87,122.24,123.8,122.2,122.7,0.41,0.34,-2.12,-6,177.0,4.26,-0.07,-8.05,145,9.52,20,1.52,-125,PRICE_OI,Daywise_Price_and_OI_Summary_25AUG26_Report_2026-07-24.xlsx,,,,,,,,,,,,,,,,,,,,,,,,,,,,,,,,,,,,,,,,,
INDHOTEL,5.49,720.35,725.45,719.6,720.65,-6.3,-0.87,0.79,3.4,466.0,5.12,-0.03,-4.11,55,4,-1,-0.1,-56,PRICE_OI,Daywise_Price_and_OI_Summary_25AUG26_Report_2026-07-24.xlsx,,,,,,,,,,,,,,,,,,,,,,,,,,,,,,,,,,,,,,,,,
INDIANB,7.06,821.45,823.75,819.8,821.55,-6.8,-0.82,-0.06,-0.2,221.0,4.52,-0.01,-1.08,9,0.79,-1,-0.09,-10,PRICE_OI,Daywise_Price_and_OI_Summary_25AUG26_Report_2026-07-24.xlsx,,,,,,,,,,,,,,,,,,,,,,,,,,,,,,,,,,,,,,,,,
INDIGO,7.44,4975.0,5032.0,4914.0,4926.0,-126,-2.49,-5.28,-14.3,2945.0,16.46,-0.31,-24.03,1482,51.02,573,15.31,-909,PRICE_OI,Daywise_Price_and_OI_Summary_25AUG26_Report_2026-07-24.xlsx,,,,,,,,,,,,,,,,,,,,,,,,,,,,,,,,,,,,,,,,,
INDUSINDBK,6.92,996.85,1007.35,990.1,991.55,-16.4,-1.63,0.16,0.56,631.0,3.1,-0.02,-2.41,168,3.25,35,0.81,-133,PRICE_OI,Daywise_Price_and_OI_Summary_25AUG26_Report_2026-07-24.xlsx,,,,,,,,,,,,,,,,,,,,,,,,,,,,,,,,,,,,,,,,,
INDUSTOWER,7.05,390.5,391.4,388.45,389.85,-3.05,-0.78,1.29,4.48,374.0,1.62,-0.04,-7.55,71,4.32,-18,-2.08,-89,PRICE_OI,Daywise_Price_and_OI_Summary_25AUG26_Report_2026-07-24.xlsx,,,,,,,,,,,,,,,,,,,,,,,,,,,,,,,,,,,,,,,,,
INFY,6.8,1032.0,1040.5,1011.1,1027.4,-20.1,-1.92,-8.8,-23.69,13472.0,12.73,-0.05,-6.41,4018,18.01,1693,9.68,-2325,PRICE_OI,Daywise_Price_and_OI_Summary_25AUG26_Report_2026-07-24.xlsx,,,,,,,,,,,,,,,,,,,,,,,,,,,,,,,,,,,,,,,,,
INOXWIND,10.01,76.01,76.42,75.32,75.68,-0.96,-1.25,0.61,1.46,250.0,3.89,0,0,61,4.88,57,5.64,-4,PRICE_OI,Daywise_Price_and_OI_Summary_25AUG26_Report_2026-07-24.xlsx,,,,,,,,,,,,,,,,,,,,,,,,,,,,,,,,,,,,,,,,,
IOC,8.32,139.01,139.01,137.22,137.33,-2.26,-1.62,0.81,2.99,592.0,4.48,-0.01,-1.02,40,1.62,8,0.33,-32,PRICE_OI,Daywise_Price_and_OI_Summary_25AUG26_Report_2026-07-24.xlsx,,,,,,,,,,,,,,,,,,,,,,,,,,,,,,,,,,,,,,,,,
IREDA,8.33,115.36,115.7,114.61,114.62,-1.16,-1,0.3,0.86,173.0,1.96,-0.02,-2.27,57,2.41,3,0.14,-54,PRICE_OI,Daywise_Price_and_OI_Summary_25AUG26_Report_2026-07-24.xlsx,,,,,,,,,,,,,,,,,,,,,,,,,,,,,,,,,,,,,,,,,
IRFC,8.03,85.64,86.16,85.42,85.47,-0.5,-0.58,0.69,2.14,180.0,2.11,0.02,2.11,19,0.59,78,2.53,59,PRICE_OI,Daywise_Price_and_OI_Summary_25AUG26_Report_2026-07-24.xlsx,,,,,,,,,,,,,,,,,,,,,,,,,,,,,,,,,,,,,,,,,
ITC,5.16,282.55,283.25,281.55,282.9,-0.05,-0.02,0.36,1.68,974.0,2.57,0,0,45,0.32,80,0.93,35,PRICE_OI,Daywise_Price_and_OI_Summary_25AUG26_Report_2026-07-24.xlsx,,,,,,,,,,,,,,,,,,,,,,,,,,,,,,,,,,,,,,,,,
JINDALSTEL,7.23,1039.0,1042.1,1033.7,1037.8,-9.5,-0.91,1.48,5.11,231.0,3.11,-0.02,-4.88,56,7.45,7,2.27,-49,PRICE_OI,Daywise_Price_and_OI_Summary_25AUG26_Report_2026-07-24.xlsx,,,,,,,,,,,,,,,,,,,,,,,,,,,,,,,,,,,,,,,,,
JIOFIN,6.81,232.0,233.5,231.11,232.08,-1.54,-0.66,0.35,1.24,1100.0,3.31,0.01,1.82,110,0.87,90,1.28,-20,PRICE_OI,Daywise_Price_and_OI_Summary_25AUG26_Report_2026-07-24.xlsx,,,,,,,,,,,,,,,,,,,,,,,,,,,,,,,,,,,,,,,,,
JSWENERGY,6.42,554.15,558.9,550.35,551.9,-9,-1.6,0.31,1.16,383.0,3.9,-0.06,-5.41,95,7.22,20,1.37,-75,PRICE_OI,Daywise_Price_and_OI_Summary_25AUG26_Report_2026-07-24.xlsx,,,,,,,,,,,,,,,,,,,,,,,,,,,,,,,,,,,,,,,,,
JSWSTEEL,5.88,1242.0,1250.3,1237.3,1244.8,-7.7,-0.61,0.42,1.74,312.0,0.99,0.02,3.17,22,1.3,37,3.45,15,PRICE_OI,Daywise_Price_and_OI_Summary_25AUG26_Report_2026-07-24.xlsx,,,,,,,,,,,,,,,,,,,,,,,,,,,,,,,,,,,,,,,,,
JUBLFOOD,8.31,412.1,413.0,410.3,410.75,-1.35,-0.33,-0.92,-2.55,264.0,4.74,0.02,2.35,75,3.05,106,5.08,31,PRICE_OI,Daywise_Price_and_OI_Summary_25AUG26_Report_2026-07-24.xlsx,,,,,,,,,,,,,,,,,,,,,,,,,,,,,,,,,,,,,,,,,
KALYANKJIL,13.31,585.75,589.35,580.05,582.15,-6.4,-1.09,0.31,0.56,619.0,7.99,-0.03,-2.22,56,1.22,-54,-0.87,-110,PRICE_OI,Daywise_Price_and_OI_Summary_25AUG26_Report_2026-07-24.xlsx,,,,,,,,,,,,,,,,,,,,,,,,,,,,,,,,,,,,,,,,,
KAYNES,11.32,3161.2,3161.2,3061.8,3072.2,-74.2,-2.36,-6.06,-11.3,1446.0,34.64,-1.71,-60.85,148,400,100,96.15,-48,PRICE_OI,Daywise_Price_and_OI_Summary_25AUG26_Report_2026-07-24.xlsx,,,,,,,,,,,,,,,,,,,,,,,,,,,,,,,,,,,,,,,,,
KEI,8.72,4800.5,4826.0,4746.5,4785.0,-51,-1.05,0.6,1.66,258.0,3.17,-0.06,-6.74,19,6.29,-1,-0.37,-20,PRICE_OI,Daywise_Price_and_OI_Summary_25AUG26_Report_2026-07-24.xlsx,,,,,,,,,,,,,,,,,,,,,,,,,,,,,,,,,,,,,,,,,
KFINTECH,8.62,854.0,870.45,854.0,861.65,-5.25,-0.61,1.98,5.89,249.0,10.22,0.02,3.13,81,10.53,69,14.02,-12,PRICE_OI,Daywise_Price_and_OI_Summary_25AUG26_Report_2026-07-24.xlsx,,,,,,,,,,,,,,,,,,,,,,,,,,,,,,,,,,,,,,,,,
KOTAKBANK,4.91,381.6,385.7,381.6,384.3,-1.7,-0.44,0.19,0.93,1565.0,3.56,-0.01,-1.56,47,1.03,-23,-0.79,-70,PRICE_OI,Daywise_Price_and_OI_Summary_25AUG26_Report_2026-07-24.xlsx,,,,,,,,,,,,,,,,,,,,,,,,,,,,,,,,,,,,,,,,,
KPITTECH,10.54,538.4,543.65,535.0,536.0,-2.95,-0.55,2.28,5.54,360.0,3.24,-0.01,-0.99,66,2.36,35,1.24,-31,PRICE_OI,Daywise_Price_and_OI_Summary_25AUG26_Report_2026-07-24.xlsx,,,,,,,,,,,,,,,,,,,,,,,,,,,,,,,,,,,,,,,,,
LAURUSLABS,8.1,1574.3,1587.0,1569.5,1579.5,1.6,0.1,0.12,0.35,549.0,5.43,0,0,27,1.08,27,2.37,0,PRICE_OI,Daywise_Price_and_OI_Summary_25AUG26_Report_2026-07-24.xlsx,,,,,,,,,,,,,,,,,,,,,,,,,,,,,,,,,,,,,,,,,
LICHSGFIN,6.89,525.4,525.95,522.9,524.6,-2.7,-0.51,-0.15,-0.53,171.0,1.21,0.01,1.54,13,0.81,25,2.39,12,PRICE_OI,Daywise_Price_and_OI_Summary_25AUG26_Report_2026-07-24.xlsx,,,,,,,,,,,,,,,,,,,,,,,,,,,,,,,,,,,,,,,,,
LICI,6.54,415.15,417.95,415.15,416.2,-2.35,-0.56,0.35,1.3,157.0,2.47,0,0,12,0.48,1,0.09,-11,PRICE_OI,Daywise_Price_and_OI_Summary_25AUG26_Report_2026-07-24.xlsx,,,,,,,,,,,,,,,,,,,,,,,,,,,,,,,,,,,,,,,,,
LODHA,9.22,1097.3,1100.0,1083.25,1092.0,-8.15,-0.74,1.13,2.87,248.0,1.86,0,0,-1,-0.09,2,0.17,3,PRICE_OI,Daywise_Price_and_OI_Summary_25AUG26_Report_2026-07-24.xlsx,,,,,,,,,,,,,,,,,,,,,,,,,,,,,,,,,,,,,,,,,
LT,5.97,3777.2,3794.9,3757.1,3763.1,-49.6,-1.3,0.77,3.14,1285.0,5.56,-0.01,-1.06,399,5.16,306,4.2,-93,PRICE_OI,Daywise_Price_and_OI_Summary_25AUG26_Report_2026-07-24.xlsx,,,,,,,,,,,,,,,,,,,,,,,,,,,,,,,,,,,,,,,,,
LTF,8.41,300.0,301.1,297.3,298.0,-3.65,-1.21,0.35,1.01,303.0,2.72,-0.01,-1.67,72,3.02,-2,-0.14,-74,PRICE_OI,Daywise_Price_and_OI_Summary_25AUG26_Report_2026-07-24.xlsx,,,,,,,,,,,,,,,,,,,,,,,,,,,,,,,,,,,,,,,,,
LTM,7.73,3966.0,3999.8,3915.1,3957.2,2.2,0.06,-0.43,-1.26,536.0,5.97,-0.1,-11.36,127,13.42,0,0,-,PRICE_OI,Daywise_Price_and_OI_Summary_25AUG26_Report_2026-07-24.xlsx,,,,,,,,,,,,,,,,,,,,,,,,,,,,,,,,,,,,,,,,,
LUPIN,5.86,2399.8,2399.8,2372.0,2389.8,-14.9,-0.62,0.01,0.04,353.0,6.99,0.02,2.41,1,0.08,26,2.47,25,PRICE_OI,Daywise_Price_and_OI_Summary_25AUG26_Report_2026-07-24.xlsx,,,,,,,,,,,,,,,,,,,,,,,,,,,,,,,,,,,,,,,,,
M&M,6.76,3235.1,3235.1,3197.2,3200.0,-41.8,-1.29,0.75,2.7,1438.0,5.06,0.04,4.17,-101,-1.42,155,2.27,256,PRICE_OI,Daywise_Price_and_OI_Summary_25AUG26_Report_2026-07-24.xlsx,,,,,,,,,,,,,,,,,,,,,,,,,,,,,,,,,,,,,,,,,
MANAPPURAM,8.55,349.0,353.0,347.5,350.3,-4.5,-1.27,0.64,1.8,257.0,6.7,0.01,2.22,9,0.64,15,2.34,6,PRICE_OI,Daywise_Price_and_OI_Summary_25AUG26_Report_2026-07-24.xlsx,,,,,,,,,,,,,,,,,,,,,,,,,,,,,,,,,,,,,,,,,
MANKIND,8.24,2532.1,2557.8,2532.1,2552.8,-10.5,-0.41,0.62,2.04,184.0,4.93,0.01,1.64,-10,-2.24,0,0,-,PRICE_OI,Daywise_Price_and_OI_Summary_25AUG26_Report_2026-07-24.xlsx,,,,,,,,,,,,,,,,,,,,,,,,,,,,,,,,,,,,,,,,,
MARICO,5.69,853.95,853.95,846.1,851.8,-0.9,-0.11,0.81,3.41,185.0,3.72,0,0,5,1.51,2,1.11,-3,PRICE_OI,Daywise_Price_and_OI_Summary_25AUG26_Report_2026-07-24.xlsx,,,,,,,,,,,,,,,,,,,,,,,,,,,,,,,,,,,,,,,,,
MARUTI,6.38,13280.0,13287.0,13059.0,13168.0,-146,-1.1,0.54,2.02,712.0,3.78,0,0,544,5.66,162,3.71,-382,PRICE_OI,Daywise_Price_and_OI_Summary_25AUG26_Report_2026-07-24.xlsx,,,,,,,,,,,,,,,,,,,,,,,,,,,,,,,,,,,,,,,,,
MAXHEALTH,6.74,1074.1,1082.2,1072.9,1077.0,-7.9,-0.73,-1.98,-7.42,301.0,3.79,0.02,2.17,8,0.77,23,2.39,15,PRICE_OI,Daywise_Price_and_OI_Summary_25AUG26_Report_2026-07-24.xlsx,,,,,,,,,,,,,,,,,,,,,,,,,,,,,,,,,,,,,,,,,
MAZDOCK,8.73,2269.0,2275.0,2260.0,2265.0,-8.6,-0.38,-0.2,-0.57,893.0,7.48,-0.02,-2.06,82,5.44,40,2.73,-42,PRICE_OI,Daywise_Price_and_OI_Summary_25AUG26_Report_2026-07-24.xlsx,,,,,,,,,,,,,,,,,,,,,,,,,,,,,,,,,,,,,,,,,
MCX,8.86,2759.9,2763.4,2737.2,2751.0,-8,-0.29,0.14,0.37,580.0,5.06,-0.02,-2.22,187,4.06,43,1.03,-144,PRICE_OI,Daywise_Price_and_OI_Summary_25AUG26_Report_2026-07-24.xlsx,,,,,,,,,,,,,,,,,,,,,,,,,,,,,,,,,,,,,,,,,
MFSL,7.19,1498.9,1509.3,1498.9,1502.9,-12.1,-0.8,2.02,6.63,228.0,4.07,-0.31,-24.41,8,8.99,-20,-17.7,-28,PRICE_OI,Daywise_Price_and_OI_Summary_25AUG26_Report_2026-07-24.xlsx,,,,,,,,,,,,,,,,,,,,,,,,,,,,,,,,,,,,,,,,,
MIDCPNIFTY,4.07,14400.8,14411.8,14341.0,14344.0,-113.9,-0.79,0.49,2.91,535.0,8.74,-0.06,-6,231,6.22,22,0.6,-209,PRICE_OI,Daywise_Price_and_OI_Summary_25AUG26_Report_2026-07-24.xlsx,,,,,,,,,,,,,,,,,,,,,,,,,,,,,,,,,,,,,,,,,
MOTHERSON,9.06,145.0,145.29,144.02,144.23,-2.3,-1.57,0.47,1.26,307.0,4.77,0.01,1.69,9,0.73,20,2.77,11,PRICE_OI,Daywise_Price_and_OI_Summary_25AUG26_Report_2026-07-24.xlsx,,,,,,,,,,,,,,,,,,,,,,,,,,,,,,,,,,,,,,,,,
MOTILALOFS,12.15,947.65,948.05,890.9,891.95,-54.7,-5.78,-1.03,-2.72,609.0,29.69,-0.14,-26.92,316,90.54,73,40.33,-243,PRICE_OI,Daywise_Price_and_OI_Summary_25AUG26_Report_2026-07-24.xlsx,,,,,,,,,,,,,,,,,,,,,,,,,,,,,,,,,,,,,,,,,
MPHASIS,7.91,2289.6,2355.0,2256.5,2257.8,18.9,0.84,-1.88,-5.27,424.0,5.78,-0.06,-12.77,190,23.66,27,7.18,-163,PRICE_OI,Daywise_Price_and_OI_Summary_25AUG26_Report_2026-07-24.xlsx,,,,,,,,,,,,,,,,,,,,,,,,,,,,,,,,,,,,,,,,,
MUTHOOTFIN,9.75,2986.2,3000.0,2952.8,2954.0,-69.3,-2.29,1.46,4,824.0,9.25,-0.03,-5.08,182,9.6,42,3.75,-140,PRICE_OI,Daywise_Price_and_OI_Summary_25AUG26_Report_2026-07-24.xlsx,,,,,,,,,,,,,,,,,,,,,,,,,,,,,,,,,,,,,,,,,
NAM-INDIA,7.56,1084.0,1105.6,1084.0,1097.4,-5.1,-0.46,0.4,1.27,72.0,1.8,-0.02,-2.53,3,0.86,-6,-2.17,-9,PRICE_OI,Daywise_Price_and_OI_Summary_25AUG26_Report_2026-07-24.xlsx,,,,,,,,,,,,,,,,,,,,,,,,,,,,,,,,,,,,,,,,,
NATIONALUM,9.08,344.65,345.75,343.1,344.3,-3.4,-0.98,1.09,2.93,279.0,3.17,0.03,2.86,55,2.29,131,5.2,76,PRICE_OI,Daywise_Price_and_OI_Summary_25AUG26_Report_2026-07-24.xlsx,,,,,,,,,,,,,,,,,,,,,,,,,,,,,,,,,,,,,,,,,
NAUKRI,7.67,1159.1,1179.85,1151.3,1169.7,-2.05,-0.17,-0.02,-0.06,568.0,5.25,-0.04,-8,72,7.64,-6,-1.28,-78,PRICE_OI,Daywise_Price_and_OI_Summary_25AUG26_Report_2026-07-24.xlsx,,,,,,,,,,,,,,,,,,,,,,,,,,,,,,,,,,,,,,,,,
NBCC,9.94,93.0,93.32,92.31,92.49,-1.05,-1.12,0.22,0.56,594.0,12.22,-0.03,-3.8,40,5.22,4,0.66,-36,PRICE_OI,Daywise_Price_and_OI_Summary_25AUG26_Report_2026-07-24.xlsx,,,,,,,,,,,,,,,,,,,,,,,,,,,,,,,,,,,,,,,,,
NESTLEIND,5.51,1445.0,1470.5,1440.0,1469.6,12.1,0.83,1.59,7.67,343.0,4.37,-0.01,-1.96,181,4.77,35,1.8,-146,PRICE_OI,Daywise_Price_and_OI_Summary_25AUG26_Report_2026-07-24.xlsx,,,,,,,,,,,,,,,,,,,,,,,,,,,,,,,,,,,,,,,,,
NHPC,6.16,77.52,78.2,77.43,77.51,-0.8,-1.02,0.71,2.65,334.0,3.23,-0.02,-2.11,53,2.6,8,0.41,-45,PRICE_OI,Daywise_Price_and_OI_Summary_25AUG26_Report_2026-07-24.xlsx,,,,,,,,,,,,,,,,,,,,,,,,,,,,,,,,,,,,,,,,,
NIFTY,1.95,23814.0,23839.9,23746.0,23755.0,-179.2,-0.75,0.98,7.64,3740.0,4.05,-0.02,-1.87,17947,3.95,9288,1.91,-8659,PRICE_OI,Daywise_Price_and_OI_Summary_25AUG26_Report_2026-07-24.xlsx,,,,,,,,,,,,,,,,,,,,,,,,,,,,,,,,,,,,,,,,,
NIFTYNXT50,-,71800.0,71800.0,71500.0,71612.0,-452.4,-0.63,-,-,-1.0,-0.29,-,-,-,-,0,0,-,PRICE_OI,Daywise_Price_and_OI_Summary_25AUG26_Report_2026-07-24.xlsx,,,,,,,,,,,,,,,,,,,,,,,,,,,,,,,,,,,,,,,,,
NMDC,5.93,82.33,83.07,82.31,82.8,-0.36,-0.43,-0.07,-0.27,543.0,2.13,0.01,1.14,13,0.5,36,1.58,23,PRICE_OI,Daywise_Price_and_OI_Summary_25AUG26_Report_2026-07-24.xlsx,,,,,,,,,,,,,,,,,,,,,,,,,,,,,,,,,,,,,,,,,
NTPC,5.37,351.05,351.05,347.05,348.15,-1.65,-0.47,0.4,1.8,709.0,3.55,-0.01,-1.39,58,1.88,18,0.81,-40,PRICE_OI,Daywise_Price_and_OI_Summary_25AUG26_Report_2026-07-24.xlsx,,,,,,,,,,,,,,,,,,,,,,,,,,,,,,,,,,,,,,,,,
NYKAA,8.28,322.5,325.0,321.35,322.1,-3.8,-1.17,1.76,5.9,218.0,3.64,0,0,6,1.71,7,1.69,1,PRICE_OI,Daywise_Price_and_OI_Summary_25AUG26_Report_2026-07-24.xlsx,,,,,,,,,,,,,,,,,,,,,,,,,,,,,,,,,,,,,,,,,
OBEROIRLTY,11.41,1775.4,1789.2,1763.5,1785.1,-10.1,-0.56,3.1,10.6,433.0,4.7,-0.11,-14.1,110,14.84,-5,-0.87,-115,PRICE_OI,Daywise_Price_and_OI_Summary_25AUG26_Report_2026-07-24.xlsx,,,,,,,,,,,,,,,,,,,,,,,,,,,,,,,,,,,,,,,,,
OFSS,9.56,10714.0,10890.0,10600.0,10793.0,20,0.19,-0.37,-0.91,185.0,2.76,-0.02,-3.03,333,5.69,85,2.19,-248,PRICE_OI,Daywise_Price_and_OI_Summary_25AUG26_Report_2026-07-24.xlsx,,,,,,,,,,,,,,,,,,,,,,,,,,,,,,,,,,,,,,,,,
OIL,6.5,457.9,462.25,452.45,452.8,-3.65,-0.8,-0.2,-0.7,388.0,6.41,0.14,20.9,-114,-10.39,56,7.61,170,PRICE_OI,Daywise_Price_and_OI_Summary_25AUG26_Report_2026-07-24.xlsx,,,,,,,,,,,,,,,,,,,,,,,,,,,,,,,,,,,,,,,,,
ONGC,5.42,253.09,254.2,251.46,251.52,-1.22,-0.48,0.19,0.84,178.0,1.94,-0.02,-2.99,136,3.66,13,0.52,-123,PRICE_OI,Daywise_Price_and_OI_Summary_25AUG26_Report_2026-07-24.xlsx,,,,,,,,,,,,,,,,,,,,,,,,,,,,,,,,,,,,,,,,,
PAGEIND,7.25,39930.0,40130.0,39895.0,40060.0,-120,-0.3,-1.35,-4.47,237.0,5.28,-0.2,-24.69,-4,-1.5,-55,-25.58,-51,PRICE_OI,Daywise_Price_and_OI_Summary_25AUG26_Report_2026-07-24.xlsx,,,,,,,,,,,,,,,,,,,,,,,,,,,,,,,,,,,,,,,,,
PATANJALI,8.59,337.6,339.1,336.3,336.65,-1.95,-0.58,0.46,1.27,535.0,4.27,-0.01,-1.72,87,2.13,3,0.13,-84,PRICE_OI,Daywise_Price_and_OI_Summary_25AUG26_Report_2026-07-24.xlsx,,,,,,,,,,,,,,,,,,,,,,,,,,,,,,,,,,,,,,,,,
PAYTM,8.57,1263.3,1264.3,1252.1,1263.0,-1.5,-0.12,-0.43,-1.15,288.0,3.0,0.01,2.08,16,0.34,52,2.27,36,PRICE_OI,Daywise_Price_and_OI_Summary_25AUG26_Report_2026-07-24.xlsx,,,,,,,,,,,,,,,,,,,,,,,,,,,,,,,,,,,,,,,,,
PERSISTENT,9.17,4941.3,5079.5,4941.3,5036.4,66.4,1.34,-0.89,-2.23,543.0,3.14,-0.04,-3.96,120,4.85,7,0.28,-113,PRICE_OI,Daywise_Price_and_OI_Summary_25AUG26_Report_2026-07-24.xlsx,,,,,,,,,,,,,,,,,,,,,,,,,,,,,,,,,,,,,,,,,
PETRONET,6.05,271.95,271.95,267.9,271.1,0.9,0.33,0.1,0.39,181.0,3.81,-0.05,-5.62,48,6.11,-2,-0.28,-50,PRICE_OI,Daywise_Price_and_OI_Summary_25AUG26_Report_2026-07-24.xlsx,,,,,,,,,,,,,,,,,,,,,,,,,,,,,,,,,,,,,,,,,
PFC,6.7,402.05,409.0,401.8,405.95,-0.95,-0.23,0.23,0.82,564.0,3.86,-0.03,-3.3,87,3.32,4,0.17,-83,PRICE_OI,Daywise_Price_and_OI_Summary_25AUG26_Report_2026-07-24.xlsx,,,,,,,,,,,,,,,,,,,,,,,,,,,,,,,,,,,,,,,,,
PGEL,10.49,567.4,573.1,567.2,570.1,-9.4,-1.62,0.71,1.58,173.0,5.84,0,0,6,0.56,4,0.57,-2,PRICE_OI,Daywise_Price_and_OI_Summary_25AUG26_Report_2026-07-24.xlsx,,,,,,,,,,,,,,,,,,,,,,,,,,,,,,,,,,,,,,,,,
PHOENIXLTD,7.79,2017.4,2051.0,1993.0,2002.9,-46.9,-2.29,-1.25,-3.87,184.0,6.25,0.2,51.28,14,10.69,35,68.63,21,PRICE_OI,Daywise_Price_and_OI_Summary_25AUG26_Report_2026-07-24.xlsx,,,,,,,,,,,,,,,,,,,,,,,,,,,,,,,,,,,,,,,,,
PIDILITIND,5.94,1552.0,1568.4,1552.0,1560.9,-9.8,-0.62,-0.67,-2.84,163.0,4.89,-0.02,-2.78,7,2.79,-1,-0.55,-8,PRICE_OI,Daywise_Price_and_OI_Summary_25AUG26_Report_2026-07-24.xlsx,,,,,,,,,,,,,,,,,,,,,,,,,,,,,,,,,,,,,,,,,
PIIND,7.42,2688.0,2719.8,2662.4,2699.8,10.7,0.4,0.8,2.62,323.0,5.92,-0.04,-4.17,60,4.77,6,0.5,-54,PRICE_OI,Daywise_Price_and_OI_Summary_25AUG26_Report_2026-07-24.xlsx,,,,,,,,,,,,,,,,,,,,,,,,,,,,,,,,,,,,,,,,,
PNB,6.17,110.0,110.29,109.44,110.15,-0.55,-0.5,0.72,2.8,482.0,2.82,-0.03,-3.66,69,2.18,-48,-1.85,-117,PRICE_OI,Daywise_Price_and_OI_Summary_25AUG26_Report_2026-07-24.xlsx,,,,,,,,,,,,,,,,,,,,,,,,,,,,,,,,,,,,,,,,,
PNBHOUSING,9.29,1051.0,1068.0,1051.0,1062.3,-3.6,-0.34,0.33,1.08,114.0,2.49,-0.01,-0.93,0,0,-4,-1.42,-,PRICE_OI,Daywise_Price_and_OI_Summary_25AUG26_Report_2026-07-24.xlsx,,,,,,,,,,,,,,,,,,,,,,,,,,,,,,,,,,,,,,,,,
POLICYBZR,9.95,1535.0,1535.0,1516.9,1517.9,-18.3,-1.19,0.19,0.49,635.0,7.68,0.01,0.75,-1,-0.15,2,0.22,3,PRICE_OI,Daywise_Price_and_OI_Summary_25AUG26_Report_2026-07-24.xlsx,,,,,,,,,,,,,,,,,,,,,,,,,,,,,,,,,,,,,,,,,
POLYCAB,6.39,8932.5,8987.0,8862.0,8925.5,-54.5,-0.61,-0.1,-0.36,450.0,5.79,0.03,6,102,2.39,155,7.22,53,PRICE_OI,Daywise_Price_and_OI_Summary_25AUG26_Report_2026-07-24.xlsx,,,,,,,,,,,,,,,,,,,,,,,,,,,,,,,,,,,,,,,,,
POWERGRID,5.06,288.0,289.5,287.55,289.15,-0.6,-0.21,0.29,1.42,233.0,2.75,0.01,0.8,-5,-0.21,12,0.4,17,PRICE_OI,Daywise_Price_and_OI_Summary_25AUG26_Report_2026-07-24.xlsx,,,,,,,,,,,,,,,,,,,,,,,,,,,,,,,,,,,,,,,,,
POWERINDIA,9.89,32195.0,32520.0,32080.0,32355.0,80,0.25,0.99,2.4,141.0,2.16,-0.01,-1.05,25,2.08,5,0.44,-20,PRICE_OI,Daywise_Price_and_OI_Summary_25AUG26_Report_2026-07-24.xlsx,,,,,,,,,,,,,,,,,,,,,,,,,,,,,,,,,,,,,,,,,
PREMIERENE,7.72,1019.5,1019.5,1000.7,1009.7,-7.3,-0.72,0.35,1.06,143.0,3.12,-0.04,-6.78,67,10.89,12,3.29,-55,PRICE_OI,Daywise_Price_and_OI_Summary_25AUG26_Report_2026-07-24.xlsx,,,,,,,,,,,,,,,,,,,,,,,,,,,,,,,,,,,,,,,,,
PRESTIGE,9.05,1615.8,1621.8,1603.7,1604.3,-25.8,-1.58,1.05,2.81,203.0,4.95,-0.17,-22.67,19,3.75,-73,-19.21,-92,PRICE_OI,Daywise_Price_and_OI_Summary_25AUG26_Report_2026-07-24.xlsx,,,,,,,,,,,,,,,,,,,,,,,,,,,,,,,,,,,,,,,,,
RADICO,8.79,4069.2,4109.1,4060.1,4096.1,17.5,0.43,-3.38,-9.14,34.0,3.82,-0.02,-6.45,19,8.02,-1,-1.35,-20,PRICE_OI,Daywise_Price_and_OI_Summary_25AUG26_Report_2026-07-24.xlsx,,,,,,,,,,,,,,,,,,,,,,,,,,,,,,,,,,,,,,,,,
RBLBANK,5.6,350.05,354.2,350.0,352.2,-3.55,-1,-0.34,-1.08,317.0,7.67,-0.01,-2,7,0.58,-6,-0.99,-13,PRICE_OI,Daywise_Price_and_OI_Summary_25AUG26_Report_2026-07-24.xlsx,,,,,,,,,,,,,,,,,,,,,,,,,,,,,,,,,,,,,,,,,
RECLTD,4.98,352.0,357.0,351.2,354.7,0.4,0.11,0.66,3.1,740.0,6.44,0,0,97,3.32,86,3.21,-11,PRICE_OI,Daywise_Price_and_OI_Summary_25AUG26_Report_2026-07-24.xlsx,,,,,,,,,,,,,,,,,,,,,,,,,,,,,,,,,,,,,,,,,
RELIANCE,5.13,1274.8,1279.0,1261.8,1273.2,-6.7,-0.52,0.57,2.7,2232.0,2.61,-0.01,-1.3,845,1.94,319,0.96,-526,PRICE_OI,Daywise_Price_and_OI_Summary_25AUG26_Report_2026-07-24.xlsx,,,,,,,,,,,,,,,,,,,,,,,,,,,,,,,,,,,,,,,,,
RVNL,8.8,218.03,222.76,218.03,220.35,-0.97,-0.44,0.29,0.78,288.0,3.67,-0.02,-2.02,83,3.76,48,2.21,-35,PRICE_OI,Daywise_Price_and_OI_Summary_25AUG26_Report_2026-07-24.xlsx,,,,,,,,,,,,,,,,,,,,,,,,,,,,,,,,,,,,,,,,,
SAIL,8.34,159.7,162.25,159.7,160.11,-1.47,-0.91,-0.94,-2.45,289.0,1.87,-0.03,-4.92,21,3.6,-3,-0.84,-24,PRICE_OI,Daywise_Price_and_OI_Summary_25AUG26_Report_2026-07-24.xlsx,,,,,,,,,,,,,,,,,,,,,,,,,,,,,,,,,,,,,,,,,
SBICARD,8.27,607.6,613.0,605.6,608.75,-4.65,-0.76,-0.85,-2.5,631.0,4.85,0,0,108,3.19,85,3.19,-23,PRICE_OI,Daywise_Price_and_OI_Summary_25AUG26_Report_2026-07-24.xlsx,,,,,,,,,,,,,,,,,,,,,,,,,,,,,,,,,,,,,,,,,
SBILIFE,5.92,1852.0,1854.2,1844.0,1844.0,-13.9,-0.75,0.28,1.16,268.0,3.07,0.06,7.06,-20,-2.45,32,4.61,52,PRICE_OI,Daywise_Price_and_OI_Summary_25AUG26_Report_2026-07-24.xlsx,,,,,,,,,,,,,,,,,,,,,,,,,,,,,,,,,,,,,,,,,
SBIN,6.2,1010.1,1016.4,1008.1,1013.1,-6.2,-0.61,0.62,2.42,1265.0,2.53,0,0,350,2.17,429,3.1,79,PRICE_OI,Daywise_Price_and_OI_Summary_25AUG26_Report_2026-07-24.xlsx,,,,,,,,,,,,,,,,,,,,,,,,,,,,,,,,,,,,,,,,,
SENSEX,2.22,76350.0,76378.5,76100.0,76138.45,-629,-0.82,-0.03,-0.22,77.0,8.12,-0.02,-2.33,287,6.52,141,3.75,-146,PRICE_OI,Daywise_Price_and_OI_Summary_25AUG26_Report_2026-07-24.xlsx,,,,,,,,,,,,,,,,,,,,,,,,,,,,,,,,,,,,,,,,,
SHREECEM,7.33,26525.0,26525.0,26235.0,26295.0,-175,-0.66,-6.06,-19.7,359.0,6.89,-0.04,-5.26,22,9.82,6,3.53,-16,PRICE_OI,Daywise_Price_and_OI_Summary_25AUG26_Report_2026-07-24.xlsx,,,,,,,,,,,,,,,,,,,,,,,,,,,,,,,,,,,,,,,,,
SHRIRAMFIN,8.69,1024.0,1024.1,1002.0,1008.9,-24,-2.32,1.19,3.35,828.0,6.52,0,0,584,24.88,368,25.84,-216,PRICE_OI,Daywise_Price_and_OI_Summary_25AUG26_Report_2026-07-24.xlsx,,,,,,,,,,,,,,,,,,,,,,,,,,,,,,,,,,,,,,,,,
SIEMENS,8.62,3585.0,3644.6,3576.8,3589.1,-38.5,-1.06,0.29,0.8,321.0,3.54,-0.01,-1.72,38,2.33,7,0.74,-31,PRICE_OI,Daywise_Price_and_OI_Summary_25AUG26_Report_2026-07-24.xlsx,,,,,,,,,,,,,,,,,,,,,,,,,,,,,,,,,,,,,,,,,
SOLARINDS,8.87,18550.0,18654.0,18510.0,18603.0,-96,-0.51,2.44,7.2,268.0,4.97,-0.03,-3.95,40,3.5,2,0.23,-38,PRICE_OI,Daywise_Price_and_OI_Summary_25AUG26_Report_2026-07-24.xlsx,,,,,,,,,,,,,,,,,,,,,,,,,,,,,,,,,,,,,,,,,
SONACOMS,7.97,708.3,730.0,697.3,728.1,14.8,2.07,-3.19,-8.81,424.0,11.58,-0.22,-36.07,468,73.47,50,12.95,-418,PRICE_OI,Daywise_Price_and_OI_Summary_25AUG26_Report_2026-07-24.xlsx,,,,,,,,,,,,,,,,,,,,,,,,,,,,,,,,,,,,,,,,,
SRF,6.69,2655.0,2679.9,2628.0,2656.2,27.6,1.05,-0.35,-1.22,442.0,4.66,0,0,56,0.6,99,2.67,43,PRICE_OI,Daywise_Price_and_OI_Summary_25AUG26_Report_2026-07-24.xlsx,,,,,,,,,,,,,,,,,,,,,,,,,,,,,,,,,,,,,,,,,
SUNPHARMA,5.28,1945.2,1970.5,1942.0,1965.4,5.1,0.26,-0.03,-0.13,420.0,2.7,0,0,108,4.1,76,3.73,-32,PRICE_OI,Daywise_Price_and_OI_Summary_25AUG26_Report_2026-07-24.xlsx,,,,,,,,,,,,,,,,,,,,,,,,,,,,,,,,,,,,,,,,,
SUPREMEIND,6.76,3420.9,3451.1,3415.0,3423.1,-16.1,-0.47,-0.45,-1.53,226.0,3.85,0,0,-2,-0.71,-1,-0.51,1,PRICE_OI,Daywise_Price_and_OI_Summary_25AUG26_Report_2026-07-24.xlsx,,,,,,,,,,,,,,,,,,,,,,,,,,,,,,,,,,,,,,,,,
SUZLON,9.55,52.6,52.71,52.21,52.32,-0.36,-0.68,0.56,1.39,605.0,4.0,0,0,80,2.18,20,1.02,-60,PRICE_OI,Daywise_Price_and_OI_Summary_25AUG26_Report_2026-07-24.xlsx,,,,,,,,,,,,,,,,,,,,,,,,,,,,,,,,,,,,,,,,,
SWIGGY,10.86,256.5,256.8,241.0,241.5,-20.53,-7.83,2.86,6.7,1287.0,12.27,0.12,18.75,792,39.5,838,64.86,46,PRICE_OI,Daywise_Price_and_OI_Summary_25AUG26_Report_2026-07-24.xlsx,,,,,,,,,,,,,,,,,,,,,,,,,,,,,,,,,,,,,,,,,
TATACONSUM,6.23,1115.6,1123.0,1105.7,1121.2,7.6,0.68,0.97,3.82,636.0,5.93,0.05,7.35,0,0,58,6.76,-,PRICE_OI,Daywise_Price_and_OI_Summary_25AUG26_Report_2026-07-24.xlsx,,,,,,,,,,,,,,,,,,,,,,,,,,,,,,,,,,,,,,,,,
TATAELXSI,8.34,3338.0,3385.0,3325.0,3352.1,5.7,0.17,0.43,1.24,217.0,1.25,0,0,291,4.62,169,4.96,-122,PRICE_OI,Daywise_Price_and_OI_Summary_25AUG26_Report_2026-07-24.xlsx,,,,,,,,,,,,,,,,,,,,,,,,,,,,,,,,,,,,,,,,,
TATAPOWER,5.8,376.55,378.0,375.65,375.85,-2.05,-0.54,-0.11,-0.44,432.0,3.25,-0.01,-1.54,98,2.51,16,0.63,-82,PRICE_OI,Daywise_Price_and_OI_Summary_25AUG26_Report_2026-07-24.xlsx,,,,,,,,,,,,,,,,,,,,,,,,,,,,,,,,,,,,,,,,,
TATASTEEL,8.05,183.54,184.1,182.84,183.07,-2.25,-1.21,1.02,3.7,748.0,3.03,-0.01,-1.11,127,1.82,73,1.16,-54,PRICE_OI,Daywise_Price_and_OI_Summary_25AUG26_Report_2026-07-24.xlsx,,,,,,,,,,,,,,,,,,,,,,,,,,,,,,,,,,,,,,,,,
TCS,6.28,2197.0,2260.0,2197.0,2241.1,8.7,0.39,0.52,1.99,2773.0,3.74,-0.02,-1.98,348,1.64,75,0.35,-273,PRICE_OI,Daywise_Price_and_OI_Summary_25AUG26_Report_2026-07-24.xlsx,,,,,,,,,,,,,,,,,,,,,,,,,,,,,,,,,,,,,,,,,
TECHM,6.58,1538.5,1576.2,1538.5,1548.2,-5.7,-0.37,2.1,7.97,798.0,5.71,0,0,105,2.37,55,3.07,-50,PRICE_OI,Daywise_Price_and_OI_Summary_25AUG26_Report_2026-07-24.xlsx,,,,,,,,,,,,,,,,,,,,,,,,,,,,,,,,,,,,,,,,,
TIINDIA,9.58,2825.6,2841.0,2802.7,2829.0,-13.5,-0.47,-6.57,-18.02,265.0,8.29,-0.09,-7.89,-4,-3.7,-14,-11.38,-10,PRICE_OI,Daywise_Price_and_OI_Summary_25AUG26_Report_2026-07-24.xlsx,,,,,,,,,,,,,,,,,,,,,,,,,,,,,,,,,,,,,,,,,
TITAN,5.75,4684.0,4713.8,4675.0,4695.9,-22.1,-0.47,0.09,0.37,495.0,3.97,0.02,2.02,-8,-0.32,53,2.13,61,PRICE_OI,Daywise_Price_and_OI_Summary_25AUG26_Report_2026-07-24.xlsx,,,,,,,,,,,,,,,,,,,,,,,,,,,,,,,,,,,,,,,,,
TMPV,8.45,323.95,323.95,321.0,321.3,-4.7,-1.44,0.9,2.59,948.0,4.86,-0.03,-3.37,268,4.02,40,0.68,-228,PRICE_OI,Daywise_Price_and_OI_Summary_25AUG26_Report_2026-07-24.xlsx,,,,,,,,,,,,,,,,,,,,,,,,,,,,,,,,,,,,,,,,,
TORNTPHARM,6.91,4943.8,4963.4,4919.4,4957.7,-1,-0.02,-0.97,-3.34,581.0,2.46,-0.01,-1.27,6,0.41,-8,-0.69,-14,PRICE_OI,Daywise_Price_and_OI_Summary_25AUG26_Report_2026-07-24.xlsx,,,,,,,,,,,,,,,,,,,,,,,,,,,,,,,,,,,,,,,,,
TRENT,7.95,2846.7,2848.0,2828.0,2834.3,-24.4,-0.85,0.29,0.87,1284.0,4.7,-0.02,-2.5,164,3.41,66,1.72,-98,PRICE_OI,Daywise_Price_and_OI_Summary_25AUG26_Report_2026-07-24.xlsx,,,,,,,,,,,,,,,,,,,,,,,,,,,,,,,,,,,,,,,,,
TVSMOTOR,6.38,3893.6,3916.0,3871.2,3906.8,-30.1,-0.76,0.17,0.63,1552.0,5.14,-0.01,-1.39,69,1.93,20,0.78,-49,PRICE_OI,Daywise_Price_and_OI_Summary_25AUG26_Report_2026-07-24.xlsx,,,,,,,,,,,,,,,,,,,,,,,,,,,,,,,,,,,,,,,,,
ULTRACEMCO,5.21,11846.0,11846.0,11682.0,11802.0,-157,-1.31,-0.38,-1.71,838.0,5.32,-0.01,-1.96,58,1.91,-4,-0.26,-62,PRICE_OI,Daywise_Price_and_OI_Summary_25AUG26_Report_2026-07-24.xlsx,,,,,,,,,,,,,,,,,,,,,,,,,,,,,,,,,,,,,,,,,
UNIONBANK,7.28,169.12,169.28,166.82,168.86,-0.51,-0.3,0.01,0.03,429.0,3.77,-0.01,-1.12,10,0.47,-11,-0.58,-21,PRICE_OI,Daywise_Price_and_OI_Summary_25AUG26_Report_2026-07-24.xlsx,,,,,,,,,,,,,,,,,,,,,,,,,,,,,,,,,,,,,,,,,
UNITDSPR,5.18,1420.6,1469.0,1420.6,1466.8,40,2.8,1.05,5.11,639.0,7.58,-0.05,-6.33,209,9.87,53,3.19,-156,PRICE_OI,Daywise_Price_and_OI_Summary_25AUG26_Report_2026-07-24.xlsx,,,,,,,,,,,,,,,,,,,,,,,,,,,,,,,,,,,,,,,,,
UNOMINDA,9.44,1126.0,1129.8,1116.0,1117.0,-20,-1.76,6.08,19.3,167.0,4.26,-0.02,-1.61,3,1.81,0,0,-,PRICE_OI,Daywise_Price_and_OI_Summary_25AUG26_Report_2026-07-24.xlsx,,,,,,,,,,,,,,,,,,,,,,,,,,,,,,,,,,,,,,,,,
UPL,7.13,601.25,606.45,601.1,604.35,-5.4,-0.89,-0.42,-1.4,434.0,4.94,0.01,1.08,14,1.07,20,1.64,6,PRICE_OI,Daywise_Price_and_OI_Summary_25AUG26_Report_2026-07-24.xlsx,,,,,,,,,,,,,,,,,,,,,,,,,,,,,,,,,,,,,,,,,
VBL,7.72,453.8,457.45,453.8,454.8,-5.85,-1.27,0.71,2.25,729.0,4.8,-0.01,-1.79,79,3.86,35,3.06,-44,PRICE_OI,Daywise_Price_and_OI_Summary_25AUG26_Report_2026-07-24.xlsx,,,,,,,,,,,,,,,,,,,,,,,,,,,,,,,,,,,,,,,,,
VEDL,8.44,262.3,263.5,261.8,262.7,-3.35,-1.26,0.35,0.99,597.0,4.42,0,0,40,0.5,-3,-0.05,-43,PRICE_OI,Daywise_Price_and_OI_Summary_25AUG26_Report_2026-07-24.xlsx,,,,,,,,,,,,,,,,,,,,,,,,,,,,,,,,,,,,,,,,,
VMM,9.52,109.8,109.8,107.42,108.48,-1.62,-1.47,-1.26,-3.46,144.0,3.39,-0.06,-8.45,46,9.6,-1,-0.29,-47,PRICE_OI,Daywise_Price_and_OI_Summary_25AUG26_Report_2026-07-24.xlsx,,,,,,,,,,,,,,,,,,,,,,,,,,,,,,,,,,,,,,,,,
VOLTAS,7.98,1305.1,1311.6,1297.6,1304.8,-12.1,-0.92,-0.01,-0.03,271.0,4.39,-0.03,-1.85,20,2.97,12,1.1,-8,PRICE_OI,Daywise_Price_and_OI_Summary_25AUG26_Report_2026-07-24.xlsx,,,,,,,,,,,,,,,,,,,,,,,,,,,,,,,,,,,,,,,,,
WAAREEENER,7.77,2648.7,2688.5,2648.7,2660.2,-32.7,-1.21,1.5,4.28,878.0,3.69,-0.03,-2.19,103,4.3,82,2.51,-21,PRICE_OI,Daywise_Price_and_OI_Summary_25AUG26_Report_2026-07-24.xlsx,,,,,,,,,,,,,,,,,,,,,,,,,,,,,,,,,,,,,,,,,
WIPRO,6.54,169.25,170.69,169.08,169.45,-1,-0.59,-0.23,-0.83,2278.0,4.7,0,0,264,2.56,211,3.03,-53,PRICE_OI,Daywise_Price_and_OI_Summary_25AUG26_Report_2026-07-24.xlsx,,,,,,,,,,,,,,,,,,,,,,,,,,,,,,,,,,,,,,,,,
YESBANK,6.54,22.77,22.97,22.77,22.89,-0.15,-0.65,0.2,0.74,639.0,4.78,0,0,80,1.7,56,2.24,-24,PRICE_OI,Daywise_Price_and_OI_Summary_25AUG26_Report_2026-07-24.xlsx,,,,,,,,,,,,,,,,,,,,,,,,,,,,,,,,,,,,,,,,,
ZYDUSLIFE,6.82,1123.7,1124.1,1108.4,1124.0,3.6,0.32,-0.05,-0.18,175.0,3.52,0.03,4.92,-17,-4.03,5,1.95,22,PRICE_OI,Daywise_Price_and_OI_Summary_25AUG26_Report_2026-07-24.xlsx,,,,,,,,,,,,,,,,,,,,,,,,,,,,,,,,,,,,,,,,,
360ONE,2.66,1085.5,1085.5,1063.1,1077.6,-6.8,-0.63,2.6,9.09,7.0,0.12,-0.04,-6.45,-81,-1.6,-243,-7.76,-162,PRICE_OI,Daywise_Price_and_OI_Summary_28JUL26_Report_2026-07-24.xlsx,,,,,,,,,,,,,,,,,,,,,,,,,,,,,,,,,,,,,,,,,
ABB,2.52,7531.0,7531.0,7455.0,7477.5,-67.5,-0.89,1.33,4.49,-119.0,-0.82,0.0,0.0,-37,-0.25,-7,-0.07,30,PRICE_OI,Daywise_Price_and_OI_Summary_28JUL26_Report_2026-07-24.xlsx,,,,,,,,,,,,,,,,,,,,,,,,,,,,,,,,,,,,,,,,,
ABCAPITAL,2.27,390.0,391.65,384.35,385.5,-6.7,-1.71,0.84,3.3,35.0,0.44,0.02,3.17,-53,-1.28,42,1.6,95,PRICE_OI,Daywise_Price_and_OI_Summary_28JUL26_Report_2026-07-24.xlsx,,,,,,,,,,,,,,,,,,,,,,,,,,,,,,,,,,,,,,,,,
ADANIENSOL,1.71,1687.0,1702.7,1668.6,1694.2,10.3,0.61,-5.11,-20.67,-154.0,-0.77,-0.01,-2.17,36,0.35,-116,-2.39,-152,PRICE_OI,Daywise_Price_and_OI_Summary_28JUL26_Report_2026-07-24.xlsx,,,,,,,,,,,,,,,,,,,,,,,,,,,,,,,,,,,,,,,,,
ADANIENT,2.93,2997.0,3032.0,2991.7,3018.0,4.9,0.16,1.24,3.78,82.0,0.23,0.0,0.0,97,0.49,-17,-0.14,-114,PRICE_OI,Daywise_Price_and_OI_Summary_28JUL26_Report_2026-07-24.xlsx,,,,,,,,,,,,,,,,,,,,,,,,,,,,,,,,,,,,,,,,,
ADANIGREEN,3.66,1354.0,1387.0,1325.0,1373.9,-4.3,-0.31,6.23,17.21,-222.0,-0.8,0.02,3.92,-1052,-5.43,-33,-0.34,1019,PRICE_OI,Daywise_Price_and_OI_Summary_28JUL26_Report_2026-07-24.xlsx,,,,,,,,,,,,,,,,,,,,,,,,,,,,,,,,,,,,,,,,,
ADANIPORTS,2.14,1767.0,1782.0,1760.5,1777.6,-3.3,-0.19,1.22,5.18,475.0,1.89,-0.01,-1.52,141,1.19,3,0.04,-138,PRICE_OI,Daywise_Price_and_OI_Summary_28JUL26_Report_2026-07-24.xlsx,,,,,,,,,,,,,,,,,,,,,,,,,,,,,,,,,,,,,,,,,
ADANIPOWER,2.72,210.6,213.99,209.91,213.0,0.68,0.32,-1.03,-3.53,0.0,0.0,0.0,0.0,-321,-1.68,-33,-0.32,288,PRICE_OI,Daywise_Price_and_OI_Summary_28JUL26_Report_2026-07-24.xlsx,,,,,,,,,,,,,,,,,,,,,,,,,,,,,,,,,,,,,,,,,
ALKEM,1.7,5618.5,5628.5,5594.0,5599.5,-8.5,-0.15,-0.29,-1.43,37.0,0.4,0.04,9.09,-13,-0.45,109,8.47,122,PRICE_OI,Daywise_Price_and_OI_Summary_28JUL26_Report_2026-07-24.xlsx,,,,,,,,,,,,,,,,,,,,,,,,,,,,,,,,,,,,,,,,,
AMBER,1.94,7398.5,7413.0,7312.0,7333.0,-111.0,-1.49,0.12,0.54,-106.0,-1.0,0.01,1.04,-169,-1.4,-118,-1.01,51,PRICE_OI,Daywise_Price_and_OI_Summary_28JUL26_Report_2026-07-24.xlsx,,,,,,,,,,,,,,,,,,,,,,,,,,,,,,,,,,,,,,,,,
AMBUJACEM,1.97,420.05,421.15,417.2,418.7,-4.6,-1.09,-1.64,-6.74,-21.0,-0.05,0.01,2.08,-185,-1.62,-47,-0.85,138,PRICE_OI,Daywise_Price_and_OI_Summary_28JUL26_Report_2026-07-24.xlsx,,,,,,,,,,,,,,,,,,,,,,,,,,,,,,,,,,,,,,,,,
ANGELONE,2.04,303.65,306.4,298.5,305.7,-1.0,-0.33,-4.77,-16.77,-29.0,-0.37,0.0,0.0,-151,-1.41,-80,-1.51,71,PRICE_OI,Daywise_Price_and_OI_Summary_28JUL26_Report_2026-07-24.xlsx,,,,,,,,,,,,,,,,,,,,,,,,,,,,,,,,,,,,,,,,,
APLAPOLLO,1.97,1820.1,1822.8,1804.2,1811.6,-19.2,-1.05,3.03,15.01,27.0,0.22,0.0,0.0,-50,-1.53,-22,-0.89,28,PRICE_OI,Daywise_Price_and_OI_Summary_28JUL26_Report_2026-07-24.xlsx,,,,,,,,,,,,,,,,,,,,,,,,,,,,,,,,,,,,,,,,,
APOLLOHOSP,1.6,8811.0,8875.0,8790.5,8860.0,-7.0,-0.08,3.17,20.58,73.0,0.81,-0.05,-5.21,-220,-2.9,-540,-7.43,-320,PRICE_OI,Daywise_Price_and_OI_Summary_28JUL26_Report_2026-07-24.xlsx,,,,,,,,,,,,,,,,,,,,,,,,,,,,,,,,,,,,,,,,,
ASHOKLEY,2.58,150.5,150.5,148.34,148.83,-2.03,-1.35,-0.16,-0.55,56.0,0.25,0.0,0.0,-297,-1.97,-178,-1.75,119,PRICE_OI,Daywise_Price_and_OI_Summary_28JUL26_Report_2026-07-24.xlsx,,,,,,,,,,,,,,,,,,,,,,,,,,,,,,,,,,,,,,,,,
ASIANPAINT,2.02,2640.0,2659.9,2640.0,2644.0,-28.3,-1.06,3.51,17.6,35.0,0.17,0.02,2.22,-497,-3.55,-202,-1.6,295,PRICE_OI,Daywise_Price_and_OI_Summary_28JUL26_Report_2026-07-24.xlsx,,,,,,,,,,,,,,,,,,,,,,,,,,,,,,,,,,,,,,,,,
ASTRAL,2.08,1413.4,1419.7,1404.1,1413.1,0.7,0.05,0.89,3.95,-116.0,-0.9,0.0,0.0,9,0.16,-21,-0.56,-30,PRICE_OI,Daywise_Price_and_OI_Summary_28JUL26_Report_2026-07-24.xlsx,,,,,,,,,,,,,,,,,,,,,,,,,,,,,,,,,,,,,,,,,
AUBANK,4.2,973.9,978.5,968.2,971.4,-6.0,-0.61,5.56,12.85,43.0,0.28,0.01,1.37,135,1.65,161,2.69,26,PRICE_OI,Daywise_Price_and_OI_Summary_28JUL26_Report_2026-07-24.xlsx,,,,,,,,,,,,,,,,,,,,,,,,,,,,,,,,,,,,,,,,,
AUROPHARMA,2.68,1520.0,1542.0,1520.0,1542.0,18.0,1.18,6.18,24.78,-130.0,-1.15,0.02,4.55,-227,-2.93,32,0.94,259,PRICE_OI,Daywise_Price_and_OI_Summary_28JUL26_Report_2026-07-24.xlsx,,,,,,,,,,,,,,,,,,,,,,,,,,,,,,,,,,,,,,,,,
AXISBANK,1.65,1217.8,1223.8,1213.7,1216.9,-8.0,-0.65,-0.54,-2.76,-29.0,-0.04,0.01,1.96,-501,-0.99,117,0.45,618,PRICE_OI,Daywise_Price_and_OI_Summary_28JUL26_Report_2026-07-24.xlsx,,,,,,,,,,,,,,,,,,,,,,,,,,,,,,,,,,,,,,,,,
BAJAJ-AUTO,1.72,11250.0,11253.5,11190.0,11204.5,-70.0,-0.62,-0.23,-1.13,24.0,0.11,-0.03,-2.08,618,2.36,82,0.22,-536,PRICE_OI,Daywise_Price_and_OI_Summary_28JUL26_Report_2026-07-24.xlsx,,,,,,,,,,,,,,,,,,,,,,,,,,,,,,,,,,,,,,,,,
BAJAJFINSV,1.52,1876.2,1876.2,1867.7,1871.2,-15.5,-0.82,-6.31,-27.02,10.0,0.05,-0.02,-2.63,44,0.26,-252,-1.94,-296,PRICE_OI,Daywise_Price_and_OI_Summary_28JUL26_Report_2026-07-24.xlsx,,,,,,,,,,,,,,,,,,,,,,,,,,,,,,,,,,,,,,,,,
BAJAJHLDNG,2.37,10662.0,10750.0,10580.0,10739.0,77.0,0.72,3.07,12.66,-5.0,-0.19,0.01,1.92,95,4.87,64,6.25,-31,PRICE_OI,Daywise_Price_and_OI_Summary_28JUL26_Report_2026-07-24.xlsx,,,,,,,,,,,,,,,,,,,,,,,,,,,,,,,,,,,,,,,,,
BAJFINANCE,2.17,1030.0,1031.5,1021.4,1026.4,-14.2,-1.36,2.47,10.96,449.0,0.7,0.01,1.16,-600,-2.97,-152,-0.88,448,PRICE_OI,Daywise_Price_and_OI_Summary_28JUL26_Report_2026-07-24.xlsx,,,,,,,,,,,,,,,,,,,,,,,,,,,,,,,,,,,,,,,,,
BANDHANBNK,3.82,165.05,166.03,164.0,164.27,-1.92,-1.16,-0.67,-1.49,51.0,0.35,0.02,3.85,-373,-1.89,19,0.18,392,PRICE_OI,Daywise_Price_and_OI_Summary_28JUL26_Report_2026-07-24.xlsx,,,,,,,,,,,,,,,,,,,,,,,,,,,,,,,,,,,,,,,,,
BANKBARODA,4.23,242.0,242.3,240.6,241.35,-1.85,-0.76,7.16,17.07,21.0,0.08,0.0,0.0,-247,-1.2,-140,-0.87,107,PRICE_OI,Daywise_Price_and_OI_Summary_28JUL26_Report_2026-07-24.xlsx,,,,,,,,,,,,,,,,,,,,,,,,,,,,,,,,,,,,,,,,,
BANKEX,1.65,64512.5,64512.5,64069.15,64260.85,0.0,0.0,-0.12,-0.76,0.0,0.0,-0.14,-14.0,187,13.17,-33,-2.32,-220,PRICE_OI,Daywise_Price_and_OI_Summary_28JUL26_Report_2026-07-24.xlsx,,,,,,,,,,,,,,,,,,,,,,,,,,,,,,,,,,,,,,,,,
BANKINDIA,4.84,140.69,141.45,140.56,141.08,-1.31,-0.92,7.8,15.99,-18.0,-0.14,-0.01,-1.16,106,1.55,30,0.51,-76,PRICE_OI,Daywise_Price_and_OI_Summary_28JUL26_Report_2026-07-24.xlsx,,,,,,,,,,,,,,,,,,,,,,,,,,,,,,,,,,,,,,,,,
BANKNIFTY,1.32,56300.0,56420.0,56220.0,56274.6,-390.8,-0.69,1.12,7.87,-452.0,-0.75,0.0,0.0,39494,5.49,27098,5.41,-12396,PRICE_OI,Daywise_Price_and_OI_Summary_28JUL26_Report_2026-07-24.xlsx,,,,,,,,,,,,,,,,,,,,,,,,,,,,,,,,,,,,,,,,,
BDL,2.28,1225.3,1245.4,1219.4,1231.2,-4.7,-0.38,1.77,7.35,-229.0,-1.51,0.0,0.0,-287,-1.88,-61,-0.93,226,PRICE_OI,Daywise_Price_and_OI_Summary_28JUL26_Report_2026-07-24.xlsx,,,,,,,,,,,,,,,,,,,,,,,,,,,,,,,,,,,,,,,,,
BEL,2.56,403.4,405.65,401.35,404.55,-0.35,-0.09,0.84,2.91,-43.0,-0.09,0.01,1.56,-330,-1.13,92,0.49,422,PRICE_OI,Daywise_Price_and_OI_Summary_28JUL26_Report_2026-07-24.xlsx,,,,,,,,,,,,,,,,,,,,,,,,,,,,,,,,,,,,,,,,,
BHARATFORG,2.24,2160.0,2177.9,2153.4,2157.6,-24.0,-1.1,1.92,8.06,3.0,0.03,0.01,1.49,-93,-2.22,-52,-1.84,41,PRICE_OI,Daywise_Price_and_OI_Summary_28JUL26_Report_2026-07-24.xlsx,,,,,,,,,,,,,,,,,,,,,,,,,,,,,,,,,,,,,,,,,
BHARTIARTL,1.45,1904.9,1905.0,1889.3,1889.8,-20.9,-1.09,1.94,13.71,18.0,0.04,0.0,0.0,-483,-1.51,-467,-2.96,16,PRICE_OI,Daywise_Price_and_OI_Summary_28JUL26_Report_2026-07-24.xlsx,,,,,,,,,,,,,,,,,,,,,,,,,,,,,,,,,,,,,,,,,
BHEL,2.08,403.6,409.0,403.6,406.6,-3.05,-0.74,-0.2,-0.82,33.0,0.17,0.01,1.67,-275,-1.37,-33,-0.27,242,PRICE_OI,Daywise_Price_and_OI_Summary_28JUL26_Report_2026-07-24.xlsx,,,,,,,,,,,,,,,,,,,,,,,,,,,,,,,,,,,,,,,,,
BIOCON,1.63,428.85,432.0,426.85,430.5,-4.55,-1.05,-2.54,-11.86,294.0,2.09,-0.02,-2.56,-11,-0.1,-151,-1.76,-140,PRICE_OI,Daywise_Price_and_OI_Summary_28JUL26_Report_2026-07-24.xlsx,,,,,,,,,,,,,,,,,,,,,,,,,,,,,,,,,,,,,,,,,
BLUESTARCO,1.95,1631.8,1631.8,1605.7,1616.5,-22.6,-1.38,1.27,6.0,12.0,0.19,-0.02,-3.08,-46,-0.74,-153,-3.78,-107,PRICE_OI,Daywise_Price_and_OI_Summary_28JUL26_Report_2026-07-24.xlsx,,,,,,,,,,,,,,,,,,,,,,,,,,,,,,,,,,,,,,,,,
BOSCHLTD,1.96,41850.0,41990.0,41800.0,41895.0,-385.0,-0.91,-1.93,-7.84,-31.0,-0.62,-0.01,-1.61,51,0.8,-58,-1.46,-109,PRICE_OI,Daywise_Price_and_OI_Summary_28JUL26_Report_2026-07-24.xlsx,,,,,,,,,,,,,,,,,,,,,,,,,,,,,,,,,,,,,,,,,
BPCL,2.14,307.0,308.5,305.7,306.2,-3.25,-1.05,0.35,1.42,45.0,0.28,-0.03,-3.23,-69,-0.82,-286,-3.66,-217,PRICE_OI,Daywise_Price_and_OI_Summary_28JUL26_Report_2026-07-24.xlsx,,,,,,,,,,,,,,,,,,,,,,,,,,,,,,,,,,,,,,,,,
BRITANNIA,2.05,5389.0,5389.0,5314.5,5343.5,-45.5,-0.84,3.54,17.02,401.0,3.71,0.02,2.63,16,0.3,110,2.72,94,PRICE_OI,Daywise_Price_and_OI_Summary_28JUL26_Report_2026-07-24.xlsx,,,,,,,,,,,,,,,,,,,,,,,,,,,,,,,,,,,,,,,,,
BSE,2.36,3557.2,3571.0,3530.7,3539.2,-36.6,-1.02,-4.7,-15.72,15.0,0.05,0.0,0.0,-150,-0.48,-146,-0.86,4,PRICE_OI,Daywise_Price_and_OI_Summary_28JUL26_Report_2026-07-24.xlsx,,,,,,,,,,,,,,,,,,,,,,,,,,,,,,,,,,,,,,,,,
CAMS,2.36,745.05,771.8,745.05,758.4,-0.45,-0.06,2.54,10.3,-6.0,-0.09,0.0,0.0,-147,-2.62,-42,-1.57,105,PRICE_OI,Daywise_Price_and_OI_Summary_28JUL26_Report_2026-07-24.xlsx,,,,,,,,,,,,,,,,,,,,,,,,,,,,,,,,,,,,,,,,,
CANBK,3.64,124.3,124.6,123.0,124.27,-1.15,-0.92,0.13,0.31,102.0,0.31,0.01,1.33,-45,-0.3,54,0.47,99,PRICE_OI,Daywise_Price_and_OI_Summary_28JUL26_Report_2026-07-24.xlsx,,,,,,,,,,,,,,,,,,,,,,,,,,,,,,,,,,,,,,,,,
CDSL,2.07,1312.5,1321.0,1300.0,1316.5,-7.7,-0.58,-2.29,-8.76,-136.0,-0.83,0.0,0.0,-224,-1.54,-148,-1.54,76,PRICE_OI,Daywise_Price_and_OI_Summary_28JUL26_Report_2026-07-24.xlsx,,,,,,,,,,,,,,,,,,,,,,,,,,,,,,,,,,,,,,,,,
CGPOWER,5.02,860.0,893.95,859.0,884.55,1.95,0.22,8.42,16.86,-91.0,-0.57,0.03,4.84,-26,-0.23,406,5.71,432,PRICE_OI,Daywise_Price_and_OI_Summary_28JUL26_Report_2026-07-24.xlsx,,,,,,,,,,,,,,,,,,,,,,,,,,,,,,,,,,,,,,,,,
CHOLAFIN,10.63,1697.0,1702.3,1666.9,1667.7,-48.9,-2.85,1.21,4.1,143.0,0.99,-0.04,-5.26,193,3.36,-95,-2.17,-288,PRICE_OI,Daywise_Price_and_OI_Summary_28JUL26_Report_2026-07-24.xlsx,,,,,,,,,,,,,,,,,,,,,,,,,,,,,,,,,,,,,,,,,
CIPLA,2.72,1384.2,1445.7,1384.2,1428.9,36.9,2.65,-1.7,-5.11,304.0,2.02,-0.09,-13.24,3450,20.09,513,4.41,-2937,PRICE_OI,Daywise_Price_and_OI_Summary_28JUL26_Report_2026-07-24.xlsx,,,,,,,,,,,,,,,,,,,,,,,,,,,,,,,,,,,,,,,,,
COALINDIA,1.94,429.85,429.9,426.8,427.25,-1.35,-0.31,1.78,8.73,-93.0,-0.25,0.0,0.0,-97,-0.43,-91,-0.65,6,PRICE_OI,Daywise_Price_and_OI_Summary_28JUL26_Report_2026-07-24.xlsx,,,,,,,,,,,,,,,,,,,,,,,,,,,,,,,,,,,,,,,,,
COCHINSHIP,1.96,1375.8,1400.1,1370.0,1388.5,-6.7,-0.48,0.96,4.98,-189.0,-1.51,0.0,0.0,-69,-0.81,19,0.37,88,PRICE_OI,Daywise_Price_and_OI_Summary_28JUL26_Report_2026-07-24.xlsx,,,,,,,,,,,,,,,,,,,,,,,,,,,,,,,,,,,,,,,,,
COFORGE,4.3,1430.7,1465.5,1430.7,1453.0,12.4,0.86,0.38,0.77,-186.0,-0.7,0.02,4.0,125,0.71,508,5.74,383,PRICE_OI,Daywise_Price_and_OI_Summary_28JUL26_Report_2026-07-24.xlsx,,,,,,,,,,,,,,,,,,,,,,,,,,,,,,,,,,,,,,,,,
COLPAL,1.8,2091.1,2102.7,2080.1,2102.4,8.6,0.41,1.89,9.91,101.0,0.79,0.0,0.0,-127,-2.1,-76,-1.7,51,PRICE_OI,Daywise_Price_and_OI_Summary_28JUL26_Report_2026-07-24.xlsx,,,,,,,,,,,,,,,,,,,,,,,,,,,,,,,,,,,,,,,,,
CONCOR,3.18,476.85,479.4,475.55,476.85,-3.7,-0.77,2.35,6.82,-6.0,-0.05,0.0,0.0,7,0.13,-19,-0.43,-26,PRICE_OI,Daywise_Price_and_OI_Summary_28JUL26_Report_2026-07-24.xlsx,,,,,,,,,,,,,,,,,,,,,,,,,,,,,,,,,,,,,,,,,
CROMPTON,2.33,246.0,248.5,243.9,244.1,-5.85,-2.34,0.98,3.78,177.0,0.95,0.02,4.44,-140,-2.59,28,1.15,168,PRICE_OI,Daywise_Price_and_OI_Summary_28JUL26_Report_2026-07-24.xlsx,,,,,,,,,,,,,,,,,,,,,,,,,,,,,,,,,,,,,,,,,
CUMMINSIND,1.95,5550.0,5588.5,5550.0,5588.5,-7.0,-0.13,2.93,15.03,65.0,0.41,0.0,0.0,-60,-1.19,-34,-1.12,26,PRICE_OI,Daywise_Price_and_OI_Summary_28JUL26_Report_2026-07-24.xlsx,,,,,,,,,,,,,,,,,,,,,,,,,,,,,,,,,,,,,,,,,
DABUR,2.15,421.6,421.95,419.5,421.5,-1.25,-0.3,2.32,10.32,133.0,0.83,0.0,0.0,-265,-2.51,-95,-1.65,170,PRICE_OI,Daywise_Price_and_OI_Summary_28JUL26_Report_2026-07-24.xlsx,,,,,,,,,,,,,,,,,,,,,,,,,,,,,,,,,,,,,,,,,
DALBHARAT,3.49,1835.5,1851.1,1817.1,1848.4,-6.2,-0.33,3.57,9.64,-338.0,-2.85,-0.09,-11.84,540,13.13,-27,-0.86,-567,PRICE_OI,Daywise_Price_and_OI_Summary_28JUL26_Report_2026-07-24.xlsx,,,,,,,,,,,,,,,,,,,,,,,,,,,,,,,,,,,,,,,,,
DELHIVERY,2.18,463.0,464.5,458.85,462.2,-3.5,-0.75,-2.29,-8.37,-43.0,-0.49,0.0,0.0,-107,-1.06,-34,-0.62,73,PRICE_OI,Daywise_Price_and_OI_Summary_28JUL26_Report_2026-07-24.xlsx,,,,,,,,,,,,,,,,,,,,,,,,,,,,,,,,,,,,,,,,,
DIVISLAB,1.43,7220.0,7309.5,7178.5,7278.0,0.0,0.0,-2.83,-14.81,75.0,0.35,-0.01,-0.86,9,0.06,-177,-1.05,-186,PRICE_OI,Daywise_Price_and_OI_Summary_28JUL26_Report_2026-07-24.xlsx,,,,,,,,,,,,,,,,,,,,,,,,,,,,,,,,,,,,,,,,,
DIXON,2.52,13660.0,13779.0,13641.0,13641.0,-177.0,-1.28,3.39,13.1,-182.0,-0.6,0.0,0.0,-217,-0.56,-107,-0.37,110,PRICE_OI,Daywise_Price_and_OI_Summary_28JUL26_Report_2026-07-24.xlsx,,,,,,,,,,,,,,,,,,,,,,,,,,,,,,,,,,,,,,,,,
DLF,2.3,629.0,633.05,626.15,627.2,-8.2,-1.29,-0.69,-2.51,-106.0,-0.4,-0.01,-1.54,76,0.54,-86,-0.94,-162,PRICE_OI,Daywise_Price_and_OI_Summary_28JUL26_Report_2026-07-24.xlsx,,,,,,,,,,,,,,,,,,,,,,,,,,,,,,,,,,,,,,,,,
DMART,2.14,4020.8,4085.0,4013.1,4079.4,30.1,0.74,-0.87,-3.45,-9.0,-0.04,-0.01,-2.56,-54,-0.26,-175,-2.18,-121,PRICE_OI,Daywise_Price_and_OI_Summary_28JUL26_Report_2026-07-24.xlsx,,,,,,,,,,,,,,,,,,,,,,,,,,,,,,,,,,,,,,,,,
DRREDDY,2.04,1153.1,1158.4,1135.3,1147.9,-16.3,-1.4,2.76,13.24,154.0,1.04,-0.06,-9.37,-1008,-2.94,-2534,-11.63,-1526,PRICE_OI,Daywise_Price_and_OI_Summary_28JUL26_Report_2026-07-24.xlsx,,,,,,,,,,,,,,,,,,,,,,,,,,,,,,,,,,,,,,,,,
EICHERMOT,1.92,7654.0,7664.5,7605.5,7605.5,-114.5,-1.48,0.51,2.34,389.0,1.73,0.0,0.0,-97,-0.53,-60,-0.39,37,PRICE_OI,Daywise_Price_and_OI_Summary_28JUL26_Report_2026-07-24.xlsx,,,,,,,,,,,,,,,,,,,,,,,,,,,,,,,,,,,,,,,,,
ETERNAL,2.26,286.0,286.0,280.1,280.8,-6.75,-2.35,-2.3,-8.05,180.0,0.46,-0.04,-7.27,992,2.86,-877,-4.56,-1869,PRICE_OI,Daywise_Price_and_OI_Summary_28JUL26_Report_2026-07-24.xlsx,,,,,,,,,,,,,,,,,,,,,,,,,,,,,,,,,,,,,,,,,
EXIDEIND,2.5,435.25,446.85,435.25,444.85,5.15,1.17,3.75,14.86,45.0,0.45,0.04,6.35,-246,-2.37,224,3.42,470,PRICE_OI,Daywise_Price_and_OI_Summary_28JUL26_Report_2026-07-24.xlsx,,,,,,,,,,,,,,,,,,,,,,,,,,,,,,,,,,,,,,,,,
FEDERALBNK,1.55,352.6,354.0,351.0,351.85,-2.7,-0.76,-0.11,-0.61,71.0,0.35,0.0,0.0,-244,-2.17,-163,-1.47,81,PRICE_OI,Daywise_Price_and_OI_Summary_28JUL26_Report_2026-07-24.xlsx,,,,,,,,,,,,,,,,,,,,,,,,,,,,,,,,,,,,,,,,,
FINNIFTY,1.32,25909.9,25920.0,25843.2,25850.0,-194.6,-0.75,0.28,1.88,6.0,1.35,0.08,15.69,401,2.39,1526,17.66,1125,PRICE_OI,Daywise_Price_and_OI_Summary_28JUL26_Report_2026-07-24.xlsx,,,,,,,,,,,,,,,,,,,,,,,,,,,,,,,,,,,,,,,,,
FOCIT,2.47,34377.0,34545.0,34193.0,34392.0,0.0,0.0,-1.78,-7.04,0.0,0.0,0.03,2.42,-9,-0.73,20,1.31,29,PRICE_OI,Daywise_Price_and_OI_Summary_28JUL26_Report_2026-07-24.xlsx,,,,,,,,,,,,,,,,,,,,,,,,,,,,,,,,,,,,,,,,,
FORCEMOT,3.81,17350.0,17629.0,17163.0,17517.0,70.0,0.4,-0.84,-1.84,-285.0,-4.32,0.0,0.0,114,1.19,16,0.4,-98,PRICE_OI,Daywise_Price_and_OI_Summary_28JUL26_Report_2026-07-24.xlsx,,,,,,,,,,,,,,,,,,,,,,,,,,,,,,,,,,,,,,,,,
FORTIS,1.83,945.4,945.4,940.4,941.95,-2.1,-0.22,3.15,15.85,24.0,0.27,0.0,0.0,0,0.0,7,0.45,-,PRICE_OI,Daywise_Price_and_OI_Summary_28JUL26_Report_2026-07-24.xlsx,,,,,,,,,,,,,,,,,,,,,,,,,,,,,,,,,,,,,,,,,
GAIL,1.92,170.41,171.29,170.2,171.29,-0.53,-0.31,1.94,9.9,96.0,0.73,0.01,1.64,-60,-0.85,-19,-0.44,41,PRICE_OI,Daywise_Price_and_OI_Summary_28JUL26_Report_2026-07-24.xlsx,,,,,,,,,,,,,,,,,,,,,,,,,,,,,,,,,,,,,,,,,
GLENMARK,1.65,2219.0,2220.0,2182.0,2199.6,-7.6,-0.34,-2.78,-12.93,79.0,0.34,0.0,0.0,-50,-0.91,-46,-1.31,4,PRICE_OI,Daywise_Price_and_OI_Summary_28JUL26_Report_2026-07-24.xlsx,,,,,,,,,,,,,,,,,,,,,,,,,,,,,,,,,,,,,,,,,
GMRAIRPORT,2.19,108.08,108.08,105.76,106.18,-1.42,-1.32,-0.54,-2.11,66.0,0.5,0.0,0.0,19,0.27,4,0.11,-15,PRICE_OI,Daywise_Price_and_OI_Summary_28JUL26_Report_2026-07-24.xlsx,,,,,,,,,,,,,,,,,,,,,,,,,,,,,,,,,,,,,,,,,
GODFRYPHLP,6.85,2030.0,2044.8,2023.0,2039.8,-5.0,-0.24,-7.18,-17.55,-64.0,-1.34,0.01,1.67,-26,-0.84,21,1.14,47,PRICE_OI,Daywise_Price_and_OI_Summary_28JUL26_Report_2026-07-24.xlsx,,,,,,,,,,,,,,,,,,,,,,,,,,,,,,,,,,,,,,,,,
GODREJCP,2.02,1043.3,1062.3,1043.3,1061.9,3.5,0.33,-0.35,-1.48,119.0,0.83,-0.02,-3.28,55,1.28,-33,-1.27,-88,PRICE_OI,Daywise_Price_and_OI_Summary_28JUL26_Report_2026-07-24.xlsx,,,,,,,,,,,,,,,,,,,,,,,,,,,,,,,,,,,,,,,,,
GODREJPROP,2.25,2000.4,2026.4,2000.4,2001.0,-34.3,-1.69,-0.75,-2.79,96.0,0.57,-0.02,-2.44,152,1.65,-91,-1.21,-243,PRICE_OI,Daywise_Price_and_OI_Summary_28JUL26_Report_2026-07-24.xlsx,,,,,,,,,,,,,,,,,,,,,,,,,,,,,,,,,,,,,,,,,
GRASIM,1.49,3104.8,3104.8,3081.6,3090.0,-23.0,-0.74,0.01,0.06,45.0,0.19,-0.01,-1.89,19,0.19,-13,-0.25,-32,PRICE_OI,Daywise_Price_and_OI_Summary_28JUL26_Report_2026-07-24.xlsx,,,,,,,,,,,,,,,,,,,,,,,,,,,,,,,,,,,,,,,,,
GVT&D,2.58,4300.0,4334.9,4280.0,4294.3,-35.9,-0.83,-0.95,-2.99,-44.0,-0.38,-0.03,-4.0,30,0.38,-148,-2.5,-178,PRICE_OI,Daywise_Price_and_OI_Summary_28JUL26_Report_2026-07-24.xlsx,,,,,,,,,,,,,,,,,,,,,,,,,,,,,,,,,,,,,,,,,
HAL,2.04,4550.5,4584.0,4544.3,4550.0,-35.3,-0.77,1.1,4.88,-21.0,-0.09,-0.01,-1.59,94,0.6,-202,-2.03,-296,PRICE_OI,Daywise_Price_and_OI_Summary_28JUL26_Report_2026-07-24.xlsx,,,,,,,,,,,,,,,,,,,,,,,,,,,,,,,,,,,,,,,,,
HAVELLS,2.12,1202.7,1209.5,1196.3,1209.4,0.8,0.07,2.98,13.84,111.0,0.84,0.0,0.0,-61,-0.67,-86,-1.35,-25,PRICE_OI,Daywise_Price_and_OI_Summary_28JUL26_Report_2026-07-24.xlsx,,,,,,,,,,,,,,,,,,,,,,,,,,,,,,,,,,,,,,,,,
HCLTECH,2.45,1245.0,1278.8,1241.1,1257.4,10.8,0.87,1.88,7.09,512.0,0.89,-0.01,-1.35,-128,-0.39,-704,-2.85,-576,PRICE_OI,Daywise_Price_and_OI_Summary_28JUL26_Report_2026-07-24.xlsx,,,,,,,,,,,,,,,,,,,,,,,,,,,,,,,,,,,,,,,,,
HDFCAMC,2.1,2491.2,2503.8,2481.0,2486.1,-19.5,-0.78,-1.33,-5.17,-31.0,-0.26,0.0,0.0,-250,-2.39,-147,-2.14,103,PRICE_OI,Daywise_Price_and_OI_Summary_28JUL26_Report_2026-07-24.xlsx,,,,,,,,,,,,,,,,,,,,,,,,,,,,,,,,,,,,,,,,,
HDFCBANK,1.9,739.55,745.85,739.55,741.2,-7.2,-0.96,1.1,5.24,625.0,0.28,0.0,0.0,-2780,-1.43,-311,-0.32,2469,PRICE_OI,Daywise_Price_and_OI_Summary_28JUL26_Report_2026-07-24.xlsx,,,,,,,,,,,,,,,,,,,,,,,,,,,,,,,,,,,,,,,,,
HDFCLIFE,1.96,548.0,554.15,548.0,551.95,0.1,0.02,0.9,4.18,288.0,1.09,0.0,0.0,-110,-0.71,-84,-0.9,26,PRICE_OI,Daywise_Price_and_OI_Summary_28JUL26_Report_2026-07-24.xlsx,,,,,,,,,,,,,,,,,,,,,,,,,,,,,,,,,,,,,,,,,
HEROMOTOCO,2.35,5100.0,5100.0,5030.9,5035.3,-66.4,-1.3,1.71,6.72,11.0,0.05,-0.03,-4.23,122,0.67,-362,-2.81,-484,PRICE_OI,Daywise_Price_and_OI_Summary_28JUL26_Report_2026-07-24.xlsx,,,,,,,,,,,,,,,,,,,,,,,,,,,,,,,,,,,,,,,,,
HINDALCO,2.19,945.6,949.8,943.65,945.9,-10.0,-1.05,3.47,16.08,50.0,0.11,0.01,1.96,-259,-1.15,28,0.24,287,PRICE_OI,Daywise_Price_and_OI_Summary_28JUL26_Report_2026-07-24.xlsx,,,,,,,,,,,,,,,,,,,,,,,,,,,,,,,,,,,,,,,,,
HINDPETRO,2.41,380.1,383.4,378.75,379.1,-5.55,-1.44,2.63,10.39,-121.0,-0.89,0.0,0.0,-132,-1.66,-81,-1.19,51,PRICE_OI,Daywise_Price_and_OI_Summary_28JUL26_Report_2026-07-24.xlsx,,,,,,,,,,,,,,,,,,,,,,,,,,,,,,,,,,,,,,,,,
HINDUNILVR,2.29,2154.9,2161.1,2145.4,2158.1,-3.1,-0.14,4.91,22.74,159.0,0.34,0.0,0.0,-197,-0.91,-185,-1.16,12,PRICE_OI,Daywise_Price_and_OI_Summary_28JUL26_Report_2026-07-24.xlsx,,,,,,,,,,,,,,,,,,,,,,,,,,,,,,,,,,,,,,,,,
HINDZINC,3.31,526.1,527.25,525.1,526.0,-5.45,-1.03,0.57,1.53,-14.0,-0.08,0.0,0.0,-106,-0.84,-81,-0.99,25,PRICE_OI,Daywise_Price_and_OI_Summary_28JUL26_Report_2026-07-24.xlsx,,,,,,,,,,,,,,,,,,,,,,,,,,,,,,,,,,,,,,,,,
HYUNDAI,2.34,1925.1,1957.1,1925.1,1942.5,-18.1,-0.92,1.15,4.53,-60.0,-0.46,-0.01,-1.64,33,0.48,-41,-0.99,-74,PRICE_OI,Daywise_Price_and_OI_Summary_28JUL26_Report_2026-07-24.xlsx,,,,,,,,,,,,,,,,,,,,,,,,,,,,,,,,,,,,,,,,,
ICICIBANK,1.63,1424.2,1431.3,1421.8,1424.1,-10.3,-0.72,1.11,6.26,635.0,0.63,0.0,0.0,-293,-0.79,-68,-0.22,225,PRICE_OI,Daywise_Price_and_OI_Summary_28JUL26_Report_2026-07-24.xlsx,,,,,,,,,,,,,,,,,,,,,,,,,,,,,,,,,,,,,,,,,
ICICIGI,2.23,1626.0,1668.4,1617.2,1665.7,46.7,2.88,2.49,10.66,431.0,3.16,0.12,19.05,-1006,-11.13,356,6.26,1362,PRICE_OI,Daywise_Price_and_OI_Summary_28JUL26_Report_2026-07-24.xlsx,,,,,,,,,,,,,,,,,,,,,,,,,,,,,,,,,,,,,,,,,
ICICIPRULI,2.05,496.8,502.75,496.8,498.65,-2.2,-0.44,-0.5,-2.06,-23.0,-0.16,0.0,0.0,-93,-0.92,-4,-0.06,89,PRICE_OI,Daywise_Price_and_OI_Summary_28JUL26_Report_2026-07-24.xlsx,,,,,,,,,,,,,,,,,,,,,,,,,,,,,,,,,,,,,,,,,
IDEA,3.0,13.14,13.17,12.94,13.01,-0.23,-1.74,3.59,11.48,267.0,0.54,-0.01,-2.13,-130,-0.72,-266,-3.11,-136,PRICE_OI,Daywise_Price_and_OI_Summary_28JUL26_Report_2026-07-24.xlsx,,,,,,,,,,,,,,,,,,,,,,,,,,,,,,,,,,,,,,,,,
IDFCFIRSTB,3.96,79.5,79.68,79.14,79.39,-0.51,-0.64,3.37,7.77,-46.0,-0.18,-0.02,-2.56,153,1.58,-38,-0.5,-191,PRICE_OI,Daywise_Price_and_OI_Summary_28JUL26_Report_2026-07-24.xlsx,,,,,,,,,,,,,,,,,,,,,,,,,,,,,,,,,,,,,,,,,
IEX,2.85,121.01,123.54,120.75,122.55,0.71,0.58,-11.95,-26.69,-52.0,-0.36,0.17,26.98,-573,-7.27,897,18.15,1470,PRICE_OI,Daywise_Price_and_OI_Summary_28JUL26_Report_2026-07-24.xlsx,,,,,,,,,,,,,,,,,,,,,,,,,,,,,,,,,,,,,,,,,
INDHOTEL,2.13,715.2,725.45,715.2,717.5,-5.6,-0.77,2.96,13.65,90.0,0.56,0.01,1.56,-296,-4.4,-129,-2.98,167,PRICE_OI,Daywise_Price_and_OI_Summary_28JUL26_Report_2026-07-24.xlsx,,,,,,,,,,,,,,,,,,,,,,,,,,,,,,,,,,,,,,,,,
INDIANB,2.14,824.95,824.95,816.0,819.45,-6.65,-0.8,-2.4,-9.01,17.0,0.13,0.0,0.0,-70,-0.74,-97,-1.34,-27,PRICE_OI,Daywise_Price_and_OI_Summary_28JUL26_Report_2026-07-24.xlsx,,,,,,,,,,,,,,,,,,,,,,,,,,,,,,,,,,,,,,,,,
INDIGO,3.69,4941.0,5010.0,4891.0,4904.0,-122.0,-2.43,-16.02,-27.21,419.0,1.65,-0.04,-3.96,1462,5.63,294,1.12,-1168,PRICE_OI,Daywise_Price_and_OI_Summary_28JUL26_Report_2026-07-24.xlsx,,,,,,,,,,,,,,,,,,,,,,,,,,,,,,,,,,,,,,,,,
INDUSINDBK,2.59,1001.6,1001.6,986.85,987.65,-15.45,-1.54,3.57,13.51,-153.0,-0.43,0.02,2.86,-786,-4.29,-135,-1.05,651,PRICE_OI,Daywise_Price_and_OI_Summary_28JUL26_Report_2026-07-24.xlsx,,,,,,,,,,,,,,,,,,,,,,,,,,,,,,,,,,,,,,,,,
INDUSTOWER,2.8,387.1,389.25,386.0,388.3,-2.5,-0.64,3.46,11.95,75.0,0.2,0.0,0.0,116,0.91,14,0.14,-102,PRICE_OI,Daywise_Price_and_OI_Summary_28JUL26_Report_2026-07-24.xlsx,,,,,,,,,,,,,,,,,,,,,,,,,,,,,,,,,,,,,,,,,
INFY,2.49,1034.0,1045.9,1025.2,1037.3,-13.5,-1.28,-27.57,-48.8,-3294.0,-1.63,-0.1,-11.49,-3995,-2.66,-17421,-13.37,-13426,PRICE_OI,Daywise_Price_and_OI_Summary_28JUL26_Report_2026-07-24.xlsx,,,,,,,,,,,,,,,,,,,,,,,,,,,,,,,,,,,,,,,,,
INOXWIND,2.67,75.86,76.2,75.5,75.55,-0.8,-1.05,1.16,3.91,-109.0,-0.96,0.0,0.0,-3,-0.05,-13,-0.38,-10,PRICE_OI,Daywise_Price_and_OI_Summary_28JUL26_Report_2026-07-24.xlsx,,,,,,,,,,,,,,,,,,,,,,,,,,,,,,,,,,,,,,,,,
IOC,2.44,139.0,139.0,137.68,137.86,-2.21,-1.58,3.18,12.61,50.0,0.27,-0.02,-2.56,-98,-0.94,-307,-3.76,-209,PRICE_OI,Daywise_Price_and_OI_Summary_28JUL26_Report_2026-07-24.xlsx,,,,,,,,,,,,,,,,,,,,,,,,,,,,,,,,,,,,,,,,,
IREDA,2.98,118.78,119.42,118.36,118.5,-0.98,-0.82,1.42,5.02,-150.0,-1.48,0.01,1.61,-45,-0.71,-16,-0.41,29,PRICE_OI,Daywise_Price_and_OI_Summary_28JUL26_Report_2026-07-24.xlsx,,,,,,,,,,,,,,,,,,,,,,,,,,,,,,,,,,,,,,,,,
IRFC,2.21,86.78,87.11,86.22,86.55,-0.47,-0.54,2.33,10.03,-145.0,-1.29,0.02,3.45,-383,-3.39,-65,-0.98,318,PRICE_OI,Daywise_Price_and_OI_Summary_28JUL26_Report_2026-07-24.xlsx,,,,,,,,,,,,,,,,,,,,,,,,,,,,,,,,,,,,,,,,,
ITC,1.97,280.0,281.8,280.0,281.5,-0.15,-0.05,5.06,29.73,92.0,0.17,0.0,0.0,-374,-0.9,-118,-0.44,256,PRICE_OI,Daywise_Price_and_OI_Summary_28JUL26_Report_2026-07-24.xlsx,,,,,,,,,,,,,,,,,,,,,,,,,,,,,,,,,,,,,,,,,
JINDALSTEL,3.58,1037.1,1045.9,1029.4,1033.4,-9.9,-0.95,7.4,21.49,11.0,0.08,-0.01,-1.32,-156,-2.47,-163,-3.4,-7,PRICE_OI,Daywise_Price_and_OI_Summary_28JUL26_Report_2026-07-24.xlsx,,,,,,,,,,,,,,,,,,,,,,,,,,,,,,,,,,,,,,,,,
JIOFIN,2.23,232.0,233.48,231.01,232.12,-0.93,-0.4,0.89,3.57,-288.0,-0.67,0.01,2.04,-707,-2.19,-111,-0.7,596,PRICE_OI,Daywise_Price_and_OI_Summary_28JUL26_Report_2026-07-24.xlsx,,,,,,,,,,,,,,,,,,,,,,,,,,,,,,,,,,,,,,,,,
JSWENERGY,1.89,562.05,562.05,549.6,549.95,-9.5,-1.7,1.72,8.49,-31.0,-0.23,0.0,0.0,-222,-2.46,-168,-3.63,54,PRICE_OI,Daywise_Price_and_OI_Summary_28JUL26_Report_2026-07-24.xlsx,,,,,,,,,,,,,,,,,,,,,,,,,,,,,,,,,,,,,,,,,
JSWSTEEL,1.96,1238.7,1242.8,1231.4,1239.3,-7.1,-0.57,1.48,6.95,37.0,0.13,-0.04,-5.63,-178,-1.99,-489,-7.65,-311,PRICE_OI,Daywise_Price_and_OI_Summary_28JUL26_Report_2026-07-24.xlsx,,,,,,,,,,,,,,,,,,,,,,,,,,,,,,,,,,,,,,,,,
JUBLFOOD,2.1,411.85,414.3,410.45,412.4,-1.2,-0.29,-3.15,-11.65,-58.0,-0.54,0.0,0.0,-72,-1.08,-105,-1.94,-33,PRICE_OI,Daywise_Price_and_OI_Summary_28JUL26_Report_2026-07-24.xlsx,,,,,,,,,,,,,,,,,,,,,,,,,,,,,,,,,,,,,,,,,
KALYANKJIL,3.65,584.85,588.85,578.0,580.35,-6.8,-1.16,2.61,6.55,244.0,1.34,0.02,1.71,-415,-1.52,-89,-0.28,326,PRICE_OI,Daywise_Price_and_OI_Summary_28JUL26_Report_2026-07-24.xlsx,,,,,,,,,,,,,,,,,,,,,,,,,,,,,,,,,,,,,,,,,
KAYNES,3.77,3216.1,3242.7,3130.1,3138.9,-108.5,-3.34,12.7,41.06,-449.0,-1.98,0.04,7.02,-442,-5.44,94,2.03,536,PRICE_OI,Daywise_Price_and_OI_Summary_28JUL26_Report_2026-07-24.xlsx,,,,,,,,,,,,,,,,,,,,,,,,,,,,,,,,,,,,,,,,,
KEI,2.77,4868.5,4913.0,4828.5,4848.0,-61.5,-1.25,4.06,14.17,-22.0,-0.28,-0.02,-4.26,60,1.15,-30,-1.24,-90,PRICE_OI,Daywise_Price_and_OI_Summary_28JUL26_Report_2026-07-24.xlsx,,,,,,,,,,,,,,,,,,,,,,,,,,,,,,,,,,,,,,,,,
KFINTECH,4.38,859.3,872.95,859.3,862.6,-4.3,-0.5,4.79,10.39,-49.0,-0.65,0.02,2.9,91,1.69,173,4.66,82,PRICE_OI,Daywise_Price_and_OI_Summary_28JUL26_Report_2026-07-24.xlsx,,,,,,,,,,,,,,,,,,,,,,,,,,,,,,,,,,,,,,,,,
KOTAKBANK,1.54,380.1,383.65,380.0,383.1,-0.85,-0.22,0.91,5.35,648.0,1.28,0.0,0.0,-577,-2.13,-213,-1.34,364,PRICE_OI,Daywise_Price_and_OI_Summary_28JUL26_Report_2026-07-24.xlsx,,,,,,,,,,,,,,,,,,,,,,,,,,,,,,,,,,,,,,,,,
KPITTECH,2.93,552.4,558.9,545.05,552.55,-0.05,-0.01,2.61,8.33,-231.0,-1.7,0.01,2.56,-443,-2.42,-54,-0.76,389,PRICE_OI,Daywise_Price_and_OI_Summary_28JUL26_Report_2026-07-24.xlsx,,,,,,,,,,,,,,,,,,,,,,,,,,,,,,,,,,,,,,,,,
LAURUSLABS,3.12,1560.2,1579.0,1560.2,1570.9,2.1,0.13,-1.44,-3.78,-156.0,-1.54,-0.02,-2.41,211,2.77,21,0.33,-190,PRICE_OI,Daywise_Price_and_OI_Summary_28JUL26_Report_2026-07-24.xlsx,,,,,,,,,,,,,,,,,,,,,,,,,,,,,,,,,,,,,,,,,
LICHSGFIN,1.93,537.95,537.95,530.0,532.0,-2.7,-0.5,1.45,7.01,-111.0,-1.04,0.01,1.49,-108,-2.02,7,0.2,115,PRICE_OI,Daywise_Price_and_OI_Summary_28JUL26_Report_2026-07-24.xlsx,,,,,,,,,,,,,,,,,,,,,,,,,,,,,,,,,,,,,,,,,
LICI,2.08,422.2,422.75,419.65,421.6,-1.05,-0.25,2.52,11.13,-66.0,-0.56,0.0,0.0,-125,-1.81,-62,-1.46,63,PRICE_OI,Daywise_Price_and_OI_Summary_28JUL26_Report_2026-07-24.xlsx,,,,,,,,,,,,,,,,,,,,,,,,,,,,,,,,,,,,,,,,,
LODHA,3.51,1135.1,1146.35,1130.0,1134.4,-11.15,-0.97,0.64,1.61,-38.0,-0.24,0.03,4.05,-301,-3.92,-33,-0.58,268,PRICE_OI,Daywise_Price_and_OI_Summary_28JUL26_Report_2026-07-24.xlsx,,,,,,,,,,,,,,,,,,,,,,,,,,,,,,,,,,,,,,,,,
LT,1.76,3768.6,3776.7,3745.9,3746.2,-47.1,-1.24,0.59,2.98,1839.0,3.28,0.0,0.0,-517,-0.83,-156,-0.55,361,PRICE_OI,Daywise_Price_and_OI_Summary_28JUL26_Report_2026-07-24.xlsx,,,,,,,,,,,,,,,,,,,,,,,,,,,,,,,,,,,,,,,,,
LTF,2.66,303.35,303.35,299.9,300.5,-3.95,-1.3,1.18,4.07,-14.0,-0.09,0.0,0.0,-78,-0.65,-54,-0.88,24,PRICE_OI,Daywise_Price_and_OI_Summary_28JUL26_Report_2026-07-24.xlsx,,,,,,,,,,,,,,,,,,,,,,,,,,,,,,,,,,,,,,,,,
LTM,2.65,3984.8,4009.8,3925.0,3970.6,-2.2,-0.06,1.19,4.08,124.0,0.79,0.01,1.3,-280,-2.84,-71,-0.94,209,PRICE_OI,Daywise_Price_and_OI_Summary_28JUL26_Report_2026-07-24.xlsx,,,,,,,,,,,,,,,,,,,,,,,,,,,,,,,,,,,,,,,,,
LUPIN,1.85,2363.6,2389.0,2363.6,2385.2,-14.4,-0.6,0.98,4.79,118.0,1.38,-0.02,-2.56,51,1.04,-24,-0.63,-75,PRICE_OI,Daywise_Price_and_OI_Summary_28JUL26_Report_2026-07-24.xlsx,,,,,,,,,,,,,,,,,,,,,,,,,,,,,,,,,,,,,,,,,
M&M,1.65,3206.1,3215.0,3182.0,3182.0,-42.8,-1.33,0.99,5.46,229.0,0.46,-0.01,-1.49,-147,-0.45,-417,-1.9,-270,PRICE_OI,Daywise_Price_and_OI_Summary_28JUL26_Report_2026-07-24.xlsx,,,,,,,,,,,,,,,,,,,,,,,,,,,,,,,,,,,,,,,,,
MANAPPURAM,2.63,347.0,351.95,345.4,350.1,-3.35,-0.95,1.92,6.7,13.0,0.08,0.0,0.0,-56,-1.6,-58,-1.81,-2,PRICE_OI,Daywise_Price_and_OI_Summary_28JUL26_Report_2026-07-24.xlsx,,,,,,,,,,,,,,,,,,,,,,,,,,,,,,,,,,,,,,,,,
MANKIND,2.04,2588.6,2588.6,2520.2,2547.8,-7.4,-0.29,0.92,3.79,-62.0,-0.72,0.0,0.0,8,0.16,9,0.34,1,PRICE_OI,Daywise_Price_and_OI_Summary_28JUL26_Report_2026-07-24.xlsx,,,,,,,,,,,,,,,,,,,,,,,,,,,,,,,,,,,,,,,,,
MARICO,2.02,849.95,851.45,843.7,851.45,-0.6,-0.07,4.66,24.75,31.0,0.49,0.0,0.0,-202,-3.92,-104,-3.26,98,PRICE_OI,Daywise_Price_and_OI_Summary_28JUL26_Report_2026-07-24.xlsx,,,,,,,,,,,,,,,,,,,,,,,,,,,,,,,,,,,,,,,,,
MARUTI,2.23,13350.0,13350.0,13114.0,13226.0,-157.0,-1.17,2.25,9.5,106.0,0.33,0.0,0.0,-244,-0.38,-293,-1.17,-49,PRICE_OI,Daywise_Price_and_OI_Summary_28JUL26_Report_2026-07-24.xlsx,,,,,,,,,,,,,,,,,,,,,,,,,,,,,,,,,,,,,,,,,
MAXHEALTH,2.11,1073.9,1081.7,1069.6,1077.4,-6.3,-0.58,2.74,12.45,58.0,0.47,0.01,2.17,-302,-3.28,-57,-1.35,245,PRICE_OI,Daywise_Price_and_OI_Summary_28JUL26_Report_2026-07-24.xlsx,,,,,,,,,,,,,,,,,,,,,,,,,,,,,,,,,,,,,,,,,
MAZDOCK,2.1,2286.6,2302.3,2280.7,2292.6,-7.4,-0.32,0.5,2.11,-209.0,-1.31,0.0,0.0,-16,-0.12,10,0.14,26,PRICE_OI,Daywise_Price_and_OI_Summary_28JUL26_Report_2026-07-24.xlsx,,,,,,,,,,,,,,,,,,,,,,,,,,,,,,,,,,,,,,,,,
MCX,2.51,2731.0,2756.0,2731.0,2746.9,-8.0,-0.29,2.47,9.26,81.0,0.3,0.02,3.85,-405,-1.47,227,1.58,632,PRICE_OI,Daywise_Price_and_OI_Summary_28JUL26_Report_2026-07-24.xlsx,,,,,,,,,,,,,,,,,,,,,,,,,,,,,,,,,,,,,,,,,
MFSL,1.59,1491.1,1503.0,1490.1,1495.4,-11.8,-0.78,-3.27,-15.16,109.0,0.67,0.02,3.77,-60,-1.39,19,0.82,79,PRICE_OI,Daywise_Price_and_OI_Summary_28JUL26_Report_2026-07-24.xlsx,,,,,,,,,,,,,,,,,,,,,,,,,,,,,,,,,,,,,,,,,
MIDCPNIFTY,1.32,14310.0,14370.8,14291.8,14310.0,-112.9,-0.78,0.68,4.64,112.0,0.9,-0.02,-2.74,4186,4.71,1215,1.86,-2971,PRICE_OI,Daywise_Price_and_OI_Summary_28JUL26_Report_2026-07-24.xlsx,,,,,,,,,,,,,,,,,,,,,,,,,,,,,,,,,,,,,,,,,
MOTHERSON,3.06,144.39,144.75,143.5,143.76,-1.98,-1.36,3.19,9.86,-85.0,-0.48,0.0,0.0,-37,-0.46,-30,-0.59,7,PRICE_OI,Daywise_Price_and_OI_Summary_28JUL26_Report_2026-07-24.xlsx,,,,,,,,,,,,,,,,,,,,,,,,,,,,,,,,,,,,,,,,,
MOTILALOFS,7.38,940.1,944.3,891.05,891.6,-50.9,-5.4,-8.61,-16.15,82.0,1.49,-0.05,-12.2,470,11.12,-45,-2.61,-515,PRICE_OI,Daywise_Price_and_OI_Summary_28JUL26_Report_2026-07-24.xlsx,,,,,,,,,,,,,,,,,,,,,,,,,,,,,,,,,,,,,,,,,
MPHASIS,8.92,2272.0,2341.7,2261.2,2263.4,32.8,1.47,-11.56,-21.82,-379.0,-3.04,-0.05,-6.02,2017,29.45,1256,22.07,-761,PRICE_OI,Daywise_Price_and_OI_Summary_28JUL26_Report_2026-07-24.xlsx,,,,,,,,,,,,,,,,,,,,,,,,,,,,,,,,,,,,,,,,,
MUTHOOTFIN,2.62,2985.0,2989.0,2936.4,2943.0,-68.4,-2.27,3.32,12.29,200.0,1.11,0.0,0.0,-21,-0.24,41,0.82,62,PRICE_OI,Daywise_Price_and_OI_Summary_28JUL26_Report_2026-07-24.xlsx,,,,,,,,,,,,,,,,,,,,,,,,,,,,,,,,,,,,,,,,,
NAM-INDIA,2.59,1095.8,1104.3,1090.0,1100.3,-5.4,-0.49,-0.61,-2.07,-9.0,-0.13,0.0,0.0,-38,-0.99,0,0.0,-,PRICE_OI,Daywise_Price_and_OI_Summary_28JUL26_Report_2026-07-24.xlsx,,,,,,,,,,,,,,,,,,,,,,,,,,,,,,,,,,,,,,,,,
NATIONALUM,2.67,344.3,344.3,341.5,343.25,-3.4,-0.98,-0.65,-2.1,-6.0,-0.03,0.0,0.0,-95,-0.76,-17,-0.21,78,PRICE_OI,Daywise_Price_and_OI_Summary_28JUL26_Report_2026-07-24.xlsx,,,,,,,,,,,,,,,,,,,,,,,,,,,,,,,,,,,,,,,,,
NAUKRI,2.32,1142.0,1175.05,1140.5,1163.2,-2.45,-0.21,-0.12,-0.44,229.0,1.32,0.02,2.86,-555,-5.15,-213,-2.82,342,PRICE_OI,Daywise_Price_and_OI_Summary_28JUL26_Report_2026-07-24.xlsx,,,,,,,,,,,,,,,,,,,,,,,,,,,,,,,,,,,,,,,,,
NBCC,2.85,90.0,93.0,90.0,92.07,-1.1,-1.18,2.08,6.73,224.0,1.81,-0.01,-2.27,-77,-1.17,-61,-2.12,16,PRICE_OI,Daywise_Price_and_OI_Summary_28JUL26_Report_2026-07-24.xlsx,,,,,,,,,,,,,,,,,,,,,,,,,,,,,,,,,,,,,,,,,
NESTLEIND,2.09,1430.0,1463.2,1422.9,1461.2,12.1,0.84,1.96,8.76,48.0,0.28,0.0,0.0,-439,-2.61,-182,-2.64,257,PRICE_OI,Daywise_Price_and_OI_Summary_28JUL26_Report_2026-07-24.xlsx,,,,,,,,,,,,,,,,,,,,,,,,,,,,,,,,,,,,,,,,,
NHPC,2.1,79.09,79.48,78.84,78.87,-0.72,-0.9,3.24,15.3,90.0,0.73,0.0,0.0,-247,-2.26,-73,-1.52,174,PRICE_OI,Daywise_Price_and_OI_Summary_28JUL26_Report_2026-07-24.xlsx,,,,,,,,,,,,,,,,,,,,,,,,,,,,,,,,,,,,,,,,,
NIFTY,1.08,23700.0,23774.3,23685.7,23696.9,-176.7,-0.74,1.02,8.89,1387.0,0.76,-0.02,-2.94,604972,19.07,341477,15.86,-263495,PRICE_OI,Daywise_Price_and_OI_Summary_28JUL26_Report_2026-07-24.xlsx,,,,,,,,,,,,,,,,,,,,,,,,,,,,,,,,,,,,,,,,,
NIFTYNXT50,1.07,71500.2,71500.2,71066.4,71317.2,-504.6,-0.7,0.3,1.93,-4.0,-0.87,0.0,0.0,69,6.85,2,2.7,-67,PRICE_OI,Daywise_Price_and_OI_Summary_28JUL26_Report_2026-07-24.xlsx,,,,,,,,,,,,,,,,,,,,,,,,,,,,,,,,,,,,,,,,,
NMDC,2.35,82.01,82.82,82.0,82.52,-0.25,-0.3,2.32,9.39,-152.0,-0.46,0.0,0.0,-130,-1.45,-50,-0.94,80,PRICE_OI,Daywise_Price_and_OI_Summary_28JUL26_Report_2026-07-24.xlsx,,,,,,,,,,,,,,,,,,,,,,,,,,,,,,,,,,,,,,,,,
NTPC,2.08,348.0,349.0,345.5,346.5,-1.95,-0.56,1.21,5.33,32.0,0.05,0.0,0.0,-34,-0.12,-6,-0.06,28,PRICE_OI,Daywise_Price_and_OI_Summary_28JUL26_Report_2026-07-24.xlsx,,,,,,,,,,,,,,,,,,,,,,,,,,,,,,,,,,,,,,,,,
NUVAMA,4.65,1915.1,2056.3,1915.1,2047.1,98.9,5.08,19.18,54.96,-72.0,-3.22,-0.07,-8.33,831,32.83,470,22.1,-361,PRICE_OI,Daywise_Price_and_OI_Summary_28JUL26_Report_2026-07-24.xlsx,,,,,,,,,,,,,,,,,,,,,,,,,,,,,,,,,,,,,,,,,
NYKAA,2.26,327.5,327.5,320.45,320.8,-3.7,-1.14,5.41,26.11,34.0,0.37,0.03,3.26,-173,-4.53,-54,-1.53,119,PRICE_OI,Daywise_Price_and_OI_Summary_28JUL26_Report_2026-07-24.xlsx,,,,,,,,,,,,,,,,,,,,,,,,,,,,,,,,,,,,,,,,,
OBEROIRLTY,1.6,1790.0,1808.0,1789.5,1801.0,-12.5,-0.69,-2.43,-11.53,-179.0,-1.32,0.0,0.0,-232,-2.53,-173,-2.85,59,PRICE_OI,Daywise_Price_and_OI_Summary_28JUL26_Report_2026-07-24.xlsx,,,,,,,,,,,,,,,,,,,,,,,,,,,,,,,,,,,,,,,,,
OFSS,4.33,10730.0,10940.0,10693.0,10793.0,-36.0,-0.33,3.28,6.99,2.0,0.02,0.01,1.82,346,1.71,386,3.48,40,PRICE_OI,Daywise_Price_and_OI_Summary_28JUL26_Report_2026-07-24.xlsx,,,,,,,,,,,,,,,,,,,,,,,,,,,,,,,,,,,,,,,,,
OIL,2.25,461.0,465.45,457.6,457.6,-2.35,-0.51,0.93,3.74,58.0,0.71,-0.02,-3.57,167,2.76,-39,-1.15,-206,PRICE_OI,Daywise_Price_and_OI_Summary_28JUL26_Report_2026-07-24.xlsx,,,,,,,,,,,,,,,,,,,,,,,,,,,,,,,,,,,,,,,,,
ONGC,1.18,252.9,253.48,250.45,250.75,-1.4,-0.56,-1.04,-7.21,-27.0,-0.09,-0.01,-1.82,217,0.84,-332,-2.32,-549,PRICE_OI,Daywise_Price_and_OI_Summary_28JUL26_Report_2026-07-24.xlsx,,,,,,,,,,,,,,,,,,,,,,,,,,,,,,,,,,,,,,,,,
PAGEIND,1.74,40285.0,40285.0,39855.0,40090.0,-165.0,-0.41,-3.53,-14.71,125.0,1.17,0.0,0.0,38,0.69,14,0.51,-24,PRICE_OI,Daywise_Price_and_OI_Summary_28JUL26_Report_2026-07-24.xlsx,,,,,,,,,,,,,,,,,,,,,,,,,,,,,,,,,,,,,,,,,
PATANJALI,2.93,335.0,338.55,334.15,336.6,-0.95,-0.28,-0.9,-2.56,-275.0,-1.33,0.01,1.39,-207,-1.64,-52,-0.57,155,PRICE_OI,Daywise_Price_and_OI_Summary_28JUL26_Report_2026-07-24.xlsx,,,,,,,,,,,,,,,,,,,,,,,,,,,,,,,,,,,,,,,,,
PAYTM,2.73,1239.8,1258.5,1239.8,1255.2,-3.2,-0.25,-0.58,-1.81,-62.0,-0.26,0.0,0.0,-366,-1.21,-47,-0.36,319,PRICE_OI,Daywise_Price_and_OI_Summary_28JUL26_Report_2026-07-24.xlsx,,,,,,,,,,,,,,,,,,,,,,,,,,,,,,,,,,,,,,,,,
PERSISTENT,3.05,4958.0,5103.3,4958.0,5064.3,59.4,1.19,-2.04,-5.95,103.0,0.43,0.0,0.0,-325,-1.95,-286,-1.83,39,PRICE_OI,Daywise_Price_and_OI_Summary_28JUL26_Report_2026-07-24.xlsx,,,,,,,,,,,,,,,,,,,,,,,,,,,,,,,,,,,,,,,,,
PETRONET,1.94,270.6,270.6,268.0,269.9,0.8,0.3,-2.26,-9.21,-21.0,-0.17,0.02,2.3,-158,-3.37,-48,-1.17,110,PRICE_OI,Daywise_Price_and_OI_Summary_28JUL26_Report_2026-07-24.xlsx,,,,,,,,,,,,,,,,,,,,,,,,,,,,,,,,,,,,,,,,,
PFC,2.0,407.5,413.25,405.45,410.3,0.2,0.05,3.33,16.81,-56.0,-0.17,-0.01,-1.82,15,0.14,-126,-2.16,-141,PRICE_OI,Daywise_Price_and_OI_Summary_28JUL26_Report_2026-07-24.xlsx,,,,,,,,,,,,,,,,,,,,,,,,,,,,,,,,,,,,,,,,,
PGEL,2.35,571.0,571.7,566.0,569.2,-7.75,-1.34,-0.16,-0.58,-100.0,-1.07,0.0,0.0,129,1.42,125,2.01,-4,PRICE_OI,Daywise_Price_and_OI_Summary_28JUL26_Report_2026-07-24.xlsx,,,,,,,,,,,,,,,,,,,,,,,,,,,,,,,,,,,,,,,,,
PHOENIXLTD,2.11,2059.5,2059.5,1985.2,1990.6,-50.6,-2.48,1.2,5.21,15.0,0.23,0.04,6.78,64,2.07,157,8.57,93,PRICE_OI,Daywise_Price_and_OI_Summary_28JUL26_Report_2026-07-24.xlsx,,,,,,,,,,,,,,,,,,,,,,,,,,,,,,,,,,,,,,,,,
PIDILITIND,2.06,1561.9,1561.9,1544.1,1555.1,-7.3,-0.47,2.68,12.73,74.0,0.75,-0.01,-1.72,-86,-2.85,-70,-4.01,16,PRICE_OI,Daywise_Price_and_OI_Summary_28JUL26_Report_2026-07-24.xlsx,,,,,,,,,,,,,,,,,,,,,,,,,,,,,,,,,,,,,,,,,
PIIND,2.18,2697.8,2751.6,2697.8,2736.0,16.7,0.61,1.12,4.63,2.0,0.02,0.04,5.56,-249,-4.1,28,0.64,277,PRICE_OI,Daywise_Price_and_OI_Summary_28JUL26_Report_2026-07-24.xlsx,,,,,,,,,,,,,,,,,,,,,,,,,,,,,,,,,,,,,,,,,
PNB,1.8,108.55,109.7,108.55,109.49,-0.61,-0.55,0.92,4.57,71.0,0.33,0.0,0.0,-205,-1.59,-95,-0.92,110,PRICE_OI,Daywise_Price_and_OI_Summary_28JUL26_Report_2026-07-24.xlsx,,,,,,,,,,,,,,,,,,,,,,,,,,,,,,,,,,,,,,,,,
PNBHOUSING,2.75,1062.1,1070.6,1054.4,1066.1,-1.9,-0.18,1.27,4.49,-36.0,-0.48,-0.01,-1.52,29,0.84,0,0.0,-,PRICE_OI,Daywise_Price_and_OI_Summary_28JUL26_Report_2026-07-24.xlsx,,,,,,,,,,,,,,,,,,,,,,,,,,,,,,,,,,,,,,,,,
POLICYBZR,2.45,1520.5,1522.6,1510.0,1511.8,-16.9,-1.11,-5.47,-15.93,-9.0,-0.04,0.11,14.86,-170,-2.13,712,12.01,882,PRICE_OI,Daywise_Price_and_OI_Summary_28JUL26_Report_2026-07-24.xlsx,,,,,,,,,,,,,,,,,,,,,,,,,,,,,,,,,,,,,,,,,
POLYCAB,1.79,8924.5,8996.5,8880.0,8923.0,-46.0,-0.51,0.09,0.44,-85.0,-0.59,0.0,0.0,-33,-0.14,-24,-0.17,9,PRICE_OI,Daywise_Price_and_OI_Summary_28JUL26_Report_2026-07-24.xlsx,,,,,,,,,,,,,,,,,,,,,,,,,,,,,,,,,,,,,,,,,
POWERGRID,1.52,287.95,289.75,286.2,289.0,-0.5,-0.17,1.36,8.52,-3.0,-0.01,-0.01,-2.17,28,0.28,-97,-2.09,-125,PRICE_OI,Daywise_Price_and_OI_Summary_28JUL26_Report_2026-07-24.xlsx,,,,,,,,,,,,,,,,,,,,,,,,,,,,,,,,,,,,,,,,,
POWERINDIA,2.9,31800.0,32430.0,31800.0,32085.0,-30.0,-0.09,1.42,4.42,35.0,0.23,0.01,1.39,-47,-0.27,119,0.95,166,PRICE_OI,Daywise_Price_and_OI_Summary_28JUL26_Report_2026-07-24.xlsx,,,,,,,,,,,,,,,,,,,,,,,,,,,,,,,,,,,,,,,,,
PREMIERENE,2.38,1015.0,1023.7,1001.7,1015.4,-8.9,-0.87,0.81,3.06,-19.0,-0.28,0.0,0.0,-20,-0.39,-29,-0.75,-9,PRICE_OI,Daywise_Price_and_OI_Summary_28JUL26_Report_2026-07-24.xlsx,,,,,,,,,,,,,,,,,,,,,,,,,,,,,,,,,,,,,,,,,
PRESTIGE,1.93,1620.0,1620.0,1595.5,1599.0,-22.3,-1.38,-3.44,-13.31,0.0,0.0,0.02,3.64,-179,-4.56,-47,-2.16,132,PRICE_OI,Daywise_Price_and_OI_Summary_28JUL26_Report_2026-07-24.xlsx,,,,,,,,,,,,,,,,,,,,,,,,,,,,,,,,,,,,,,,,,
RADICO,3.35,4055.6,4086.2,4045.4,4085.2,29.6,0.73,4.5,13.18,-16.0,-0.51,-0.01,-1.43,10,0.34,-4,-0.2,-14,PRICE_OI,Daywise_Price_and_OI_Summary_28JUL26_Report_2026-07-24.xlsx,,,,,,,,,,,,,,,,,,,,,,,,,,,,,,,,,,,,,,,,,
RBLBANK,2.14,349.95,352.55,349.0,351.95,-2.15,-0.61,2.39,10.74,-95.0,-0.84,-0.01,-1.96,-117,-1.66,-101,-2.82,16,PRICE_OI,Daywise_Price_and_OI_Summary_28JUL26_Report_2026-07-24.xlsx,,,,,,,,,,,,,,,,,,,,,,,,,,,,,,,,,,,,,,,,,
RECLTD,2.62,356.0,360.9,355.3,358.6,0.6,0.17,0.79,2.72,122.0,0.61,-0.01,-1.39,36,0.42,-21,-0.34,-57,PRICE_OI,Daywise_Price_and_OI_Summary_28JUL26_Report_2026-07-24.xlsx,,,,,,,,,,,,,,,,,,,,,,,,,,,,,,,,,,,,,,,,,
RELIANCE,1.58,1267.0,1272.6,1256.6,1265.8,-7.9,-0.62,0.8,4.62,442.0,0.31,0.0,0.0,-915,-0.76,-62,-0.1,853,PRICE_OI,Daywise_Price_and_OI_Summary_28JUL26_Report_2026-07-24.xlsx,,,,,,,,,,,,,,,,,,,,,,,,,,,,,,,,,,,,,,,,,
RVNL,2.59,220.44,226.36,220.44,223.67,-0.88,-0.39,1.71,6.19,-233.0,-1.58,0.0,0.0,-114,-1.06,-36,-0.61,78,PRICE_OI,Daywise_Price_and_OI_Summary_28JUL26_Report_2026-07-24.xlsx,,,,,,,,,,,,,,,,,,,,,,,,,,,,,,,,,,,,,,,,,
SAIL,3.7,160.99,161.34,159.27,159.91,-0.93,-0.58,-0.57,-1.34,-160.0,-0.56,0.0,0.0,26,0.49,2,0.07,-24,PRICE_OI,Daywise_Price_and_OI_Summary_28JUL26_Report_2026-07-24.xlsx,,,,,,,,,,,,,,,,,,,,,,,,,,,,,,,,,,,,,,,,,
SBICARD,4.1,618.5,619.85,615.0,618.2,-4.4,-0.71,7.39,18.41,130.0,0.71,0.0,0.0,-315,-2.1,-175,-2.6,140,PRICE_OI,Daywise_Price_and_OI_Summary_28JUL26_Report_2026-07-24.xlsx,,,,,,,,,,,,,,,,,,,,,,,,,,,,,,,,,,,,,,,,,
SBILIFE,2.75,1841.8,1846.0,1836.8,1839.1,-11.3,-0.61,1.84,6.11,20.0,0.17,0.0,0.0,-68,-0.98,-40,-0.67,28,PRICE_OI,Daywise_Price_and_OI_Summary_28JUL26_Report_2026-07-24.xlsx,,,,,,,,,,,,,,,,,,,,,,,,,,,,,,,,,,,,,,,,,
SBIN,1.72,1005.0,1011.7,1003.2,1007.8,-6.4,-0.63,-0.17,-0.85,106.0,0.19,0.01,1.47,-120,-0.24,18,0.05,138,PRICE_OI,Daywise_Price_and_OI_Summary_28JUL26_Report_2026-07-24.xlsx,,,,,,,,,,,,,,,,,,,,,,,,,,,,,,,,,,,,,,,,,
SENSEX,1.53,75700.0,76051.45,75700.0,75800.0,-665.55,-0.87,1.11,8.23,46.0,2.38,0.03,3.95,157056,53.64,131451,58.91,-25605,PRICE_OI,Daywise_Price_and_OI_Summary_28JUL26_Report_2026-07-24.xlsx,,,,,,,,,,,,,,,,,,,,,,,,,,,,,,,,,,,,,,,,,
SHREECEM,3.05,27000.0,27000.0,26535.0,26620.0,-150.0,-0.56,5.32,21.96,-16.0,-0.18,-0.01,-1.37,-67,-2.75,-71,-4.0,-4,PRICE_OI,Daywise_Price_and_OI_Summary_28JUL26_Report_2026-07-24.xlsx,,,,,,,,,,,,,,,,,,,,,,,,,,,,,,,,,,,,,,,,,
SHRIRAMFIN,4.97,1017.0,1020.0,996.7,1005.2,-22.5,-2.19,8.42,17.04,-112.0,-0.55,0.0,0.0,325,2.7,281,3.44,-44,PRICE_OI,Daywise_Price_and_OI_Summary_28JUL26_Report_2026-07-24.xlsx,,,,,,,,,,,,,,,,,,,,,,,,,,,,,,,,,,,,,,,,,
SIEMENS,2.9,3674.8,3674.8,3626.4,3633.0,-41.9,-1.14,3.2,10.62,38.0,0.26,0.0,0.0,-24,-0.34,-32,-0.82,-8,PRICE_OI,Daywise_Price_and_OI_Summary_28JUL26_Report_2026-07-24.xlsx,,,,,,,,,,,,,,,,,,,,,,,,,,,,,,,,,,,,,,,,,
SOLARINDS,2.87,18201.0,18543.0,18201.0,18514.0,-87.0,-0.47,6.2,22.84,16.0,0.14,-0.01,-1.16,-94,-1.48,-161,-2.95,-67,PRICE_OI,Daywise_Price_and_OI_Summary_28JUL26_Report_2026-07-24.xlsx,,,,,,,,,,,,,,,,,,,,,,,,,,,,,,,,,,,,,,,,,
SONACOMS,3.41,712.4,740.25,709.0,738.05,16.75,2.32,-4.73,-10.68,-12.0,-0.13,-0.08,-8.42,209,2.93,-393,-5.77,-602,PRICE_OI,Daywise_Price_and_OI_Summary_28JUL26_Report_2026-07-24.xlsx,,,,,,,,,,,,,,,,,,,,,,,,,,,,,,,,,,,,,,,,,
SRF,2.73,2666.0,2679.9,2635.2,2661.9,34.6,1.32,3.09,10.78,-683.0,-4.81,0.04,10.0,-2846,-11.43,-168,-1.69,2678,PRICE_OI,Daywise_Price_and_OI_Summary_28JUL26_Report_2026-07-24.xlsx,,,,,,,,,,,,,,,,,,,,,,,,,,,,,,,,,,,,,,,,,
SUNPHARMA,1.28,1949.9,1952.9,1939.6,1950.7,0.7,0.04,-0.53,-3.52,31.0,0.11,0.01,1.75,149,0.52,389,2.42,240,PRICE_OI,Daywise_Price_and_OI_Summary_28JUL26_Report_2026-07-24.xlsx,,,,,,,,,,,,,,,,,,,,,,,,,,,,,,,,,,,,,,,,,
SUPREMEIND,1.68,3388.2,3440.8,3386.8,3410.6,-9.9,-0.29,-4.16,-17.72,-46.0,-0.63,0.0,0.0,-49,-1.04,-21,-0.62,28,PRICE_OI,Daywise_Price_and_OI_Summary_28JUL26_Report_2026-07-24.xlsx,,,,,,,,,,,,,,,,,,,,,,,,,,,,,,,,,,,,,,,,,
SUZLON,3.03,52.01,52.54,52.01,52.22,-0.29,-0.55,-0.54,-1.51,-169.0,-0.84,0.01,3.13,-218,-1.11,10,0.16,228,PRICE_OI,Daywise_Price_and_OI_Summary_28JUL26_Report_2026-07-24.xlsx,,,,,,,,,,,,,,,,,,,,,,,,,,,,,,,,,,,,,,,,,
SWIGGY,4.4,256.71,259.5,241.5,241.99,-19.45,-7.44,17.04,50.7,393.0,2.35,0.15,22.73,1009,11.39,2188,37.4,1179,PRICE_OI,Daywise_Price_and_OI_Summary_28JUL26_Report_2026-07-24.xlsx,,,,,,,,,,,,,,,,,,,,,,,,,,,,,,,,,,,,,,,,,
TATACONSUM,3.3,1099.8,1117.0,1099.8,1115.7,8.0,0.72,5.13,15.5,119.0,0.66,0.0,0.0,185,2.13,164,2.36,-21,PRICE_OI,Daywise_Price_and_OI_Summary_28JUL26_Report_2026-07-24.xlsx,,,,,,,,,,,,,,,,,,,,,,,,,,,,,,,,,,,,,,,,,
TATAELXSI,2.42,3332.0,3447.5,3332.0,3416.3,15.5,0.46,1.26,4.75,-444.0,-2.03,0.0,0.0,-146,-0.6,-93,-0.84,53,PRICE_OI,Daywise_Price_and_OI_Summary_28JUL26_Report_2026-07-24.xlsx,,,,,,,,,,,,,,,,,,,,,,,,,,,,,,,,,,,,,,,,,
TATAPOWER,2.39,376.0,376.15,373.5,374.25,-1.75,-0.47,1.14,4.3,-62.0,-0.19,0.01,1.06,-179,-1.23,-53,-0.39,126,PRICE_OI,Daywise_Price_and_OI_Summary_28JUL26_Report_2026-07-24.xlsx,,,,,,,,,,,,,,,,,,,,,,,,,,,,,,,,,,,,,,,,,
TATASTEEL,2.03,181.5,183.11,181.5,181.98,-2.38,-1.29,2.53,12.14,-16.0,-0.04,0.0,0.0,-490,-1.59,-212,-1.31,278,PRICE_OI,Daywise_Price_and_OI_Summary_28JUL26_Report_2026-07-24.xlsx,,,,,,,,,,,,,,,,,,,,,,,,,,,,,,,,,,,,,,,,,
TCS,2.22,2202.8,2268.4,2202.8,2254.7,10.5,0.47,0.47,1.87,1489.0,1.32,-0.01,-1.22,811,0.92,333,0.46,-478,PRICE_OI,Daywise_Price_and_OI_Summary_28JUL26_Report_2026-07-24.xlsx,,,,,,,,,,,,,,,,,,,,,,,,,,,,,,,,,,,,,,,,,
TECHM,2.44,1541.0,1584.1,1541.0,1558.7,-2.8,-0.18,0.62,2.23,237.0,1.02,0.03,3.49,242,1.69,589,4.79,347,PRICE_OI,Daywise_Price_and_OI_Summary_28JUL26_Report_2026-07-24.xlsx,,,,,,,,,,,,,,,,,,,,,,,,,,,,,,,,,,,,,,,,,
TIINDIA,2.76,2820.0,2833.4,2801.5,2821.5,-12.4,-0.44,0.79,2.47,-17.0,-0.25,0.0,0.0,-15,-0.51,-5,-0.35,10,PRICE_OI,Daywise_Price_and_OI_Summary_28JUL26_Report_2026-07-24.xlsx,,,,,,,,,,,,,,,,,,,,,,,,,,,,,,,,,,,,,,,,,
TITAN,1.57,4623.6,4685.0,4623.6,4659.9,-33.0,-0.7,1.79,10.92,67.0,0.32,0.01,1.12,-135,-0.68,10,0.06,145,PRICE_OI,Daywise_Price_and_OI_Summary_28JUL26_Report_2026-07-24.xlsx,,,,,,,,,,,,,,,,,,,,,,,,,,,,,,,,,,,,,,,,,
TMPV,2.33,321.2,322.0,319.6,319.8,-4.85,-1.49,1.25,4.84,-70.0,-0.17,-0.01,-2.38,-264,-0.66,-188,-1.13,76,PRICE_OI,Daywise_Price_and_OI_Summary_28JUL26_Report_2026-07-24.xlsx,,,,,,,,,,,,,,,,,,,,,,,,,,,,,,,,,,,,,,,,,
TORNTPHARM,1.47,5037.3,5037.3,4998.0,5024.2,-6.1,-0.12,-2.39,-12.61,27.0,0.14,0.02,1.92,-138,-2.39,-16,-0.27,122,PRICE_OI,Daywise_Price_and_OI_Summary_28JUL26_Report_2026-07-24.xlsx,,,,,,,,,,,,,,,,,,,,,,,,,,,,,,,,,,,,,,,,,
TRENT,2.2,2864.7,2868.7,2844.1,2853.4,-22.0,-0.77,1.57,6.54,509.0,1.65,0.0,0.0,-290,-0.81,-26,-0.15,264,PRICE_OI,Daywise_Price_and_OI_Summary_28JUL26_Report_2026-07-24.xlsx,,,,,,,,,,,,,,,,,,,,,,,,,,,,,,,,,,,,,,,,,
TVSMOTOR,2.04,3851.0,3898.9,3832.6,3879.9,-34.8,-0.89,0.71,3.16,495.0,1.18,0.0,0.0,-220,-1.2,-231,-1.62,-11,PRICE_OI,Daywise_Price_and_OI_Summary_28JUL26_Report_2026-07-24.xlsx,,,,,,,,,,,,,,,,,,,,,,,,,,,,,,,,,,,,,,,,,
ULTRACEMCO,1.82,11700.0,11820.0,11700.0,11747.0,-147.0,-1.24,1.06,5.36,272.0,1.24,-0.02,-4.35,69,0.32,-520,-5.24,-589,PRICE_OI,Daywise_Price_and_OI_Summary_28JUL26_Report_2026-07-24.xlsx,,,,,,,,,,,,,,,,,,,,,,,,,,,,,,,,,,,,,,,,,
UNIONBANK,2.26,167.39,168.35,166.75,168.01,-0.42,-0.25,-2.16,-7.68,39.0,0.19,0.02,3.08,-203,-1.74,-6,-0.08,197,PRICE_OI,Daywise_Price_and_OI_Summary_28JUL26_Report_2026-07-24.xlsx,,,,,,,,,,,,,,,,,,,,,,,,,,,,,,,,,,,,,,,,,
UNITDSPR,2.23,1414.0,1461.7,1414.0,1458.0,38.3,2.7,4.31,20.06,94.0,0.68,0.01,1.25,361,5.77,326,6.51,-35,PRICE_OI,Daywise_Price_and_OI_Summary_28JUL26_Report_2026-07-24.xlsx,,,,,,,,,,,,,,,,,,,,,,,,,,,,,,,,,,,,,,,,,
UNOMINDA,2.33,1119.5,1123.4,1112.4,1112.7,-17.9,-1.58,-0.14,-0.52,25.0,0.47,-0.01,-1.67,27,0.81,-1,-0.05,-28,PRICE_OI,Daywise_Price_and_OI_Summary_28JUL26_Report_2026-07-24.xlsx,,,,,,,,,,,,,,,,,,,,,,,,,,,,,,,,,,,,,,,,,
UPL,1.76,594.0,604.15,594.0,600.7,-5.55,-0.92,-0.09,-0.44,167.0,1.13,-0.01,-1.54,-28,-0.38,-45,-0.93,-17,PRICE_OI,Daywise_Price_and_OI_Summary_28JUL26_Report_2026-07-24.xlsx,,,,,,,,,,,,,,,,,,,,,,,,,,,,,,,,,,,,,,,,,
VBL,2.19,451.25,455.7,451.25,453.5,-5.15,-1.12,-0.3,-1.27,-57.0,-0.2,0.0,0.0,-99,-0.66,-84,-1.14,15,PRICE_OI,Daywise_Price_and_OI_Summary_28JUL26_Report_2026-07-24.xlsx,,,,,,,,,,,,,,,,,,,,,,,,,,,,,,,,,,,,,,,,,
VEDL,2.75,263.05,263.75,260.55,261.5,-3.55,-1.34,-1.21,-3.7,-119.0,-0.27,0.0,0.0,-393,-1.14,-91,-0.57,302,PRICE_OI,Daywise_Price_and_OI_Summary_28JUL26_Report_2026-07-24.xlsx,,,,,,,,,,,,,,,,,,,,,,,,,,,,,,,,,,,,,,,,,
VMM,3.79,109.0,109.11,107.3,107.8,-2.15,-1.96,-0.29,-0.65,-96.0,-1.85,-0.04,-9.09,-38,-1.0,-150,-9.01,-112,PRICE_OI,Daywise_Price_and_OI_Summary_28JUL26_Report_2026-07-24.xlsx,,,,,,,,,,,,,,,,,,,,,,,,,,,,,,,,,,,,,,,,,
VOLTAS,2.09,1312.3,1318.6,1294.5,1299.2,-13.1,-1.0,-0.7,-2.81,49.0,0.29,-0.02,-2.86,156,1.72,-2,-0.03,-158,PRICE_OI,Daywise_Price_and_OI_Summary_28JUL26_Report_2026-07-24.xlsx,,,,,,,,,,,,,,,,,,,,,,,,,,,,,,,,,,,,,,,,,
WAAREEENER,2.4,2719.8,2719.8,2683.5,2690.4,-26.5,-0.98,0.58,2.14,-320.0,-1.13,0.0,0.0,-45,-0.29,24,0.35,69,PRICE_OI,Daywise_Price_and_OI_Summary_28JUL26_Report_2026-07-24.xlsx,,,,,,,,,,,,,,,,,,,,,,,,,,,,,,,,,,,,,,,,,
WIPRO,1.99,173.04,174.2,172.2,172.54,-0.84,-0.48,1.76,8.24,-146.0,-0.23,-0.01,-1.79,-449,-1.64,-484,-3.19,-35,PRICE_OI,Daywise_Price_and_OI_Summary_28JUL26_Report_2026-07-24.xlsx,,,,,,,,,,,,,,,,,,,,,,,,,,,,,,,,,,,,,,,,,
YESBANK,1.84,22.52,22.9,22.52,22.79,-0.12,-0.52,-3.0,-13.33,97.0,0.34,0.0,0.0,37,0.21,-11,-0.16,-48,PRICE_OI,Daywise_Price_and_OI_Summary_28JUL26_Report_2026-07-24.xlsx,,,,,,,,,,,,,,,,,,,,,,,,,,,,,,,,,,,,,,,,,
ZYDUSLIFE,2.09,1094.8,1118.9,1094.8,1115.6,1.3,0.12,1.41,6.52,-13.0,-0.19,0.02,3.23,-55,-1.33,62,2.42,117,PRICE_OI,Daywise_Price_and_OI_Summary_28JUL26_Report_2026-07-24.xlsx,,,,,,,,,,,,,,,,,,,,,,,,,,,,,,,,,,,,,,,,,
360ONE,,,,,,-9.3,,,,224.0,5.3,,,,,,,,FUTURES_OI,FuturesOI_25AUG26_Scan_24_7_2026.xlsx,Stock/ Commodity Brokers,1081.0,-0.85,4451,0.7,SB,1082.4,-1.4,-0.13,121.0,2.79,SB,-,-,-,-,-,-,-,-,-,-,-,-,,,,,,,,,,,,,,,,,
ABB,,,,,,-45.0,,,,178.0,2.39,,,,,,,,FUTURES_OI,FuturesOI_25AUG26_Scan_24_7_2026.xlsx,Capital Goods - Electrical Equipment,7450.5,-0.6,7617,0.6,SB,7441.5,9,0.12,118.0,1.57,LB,-,-,-,-,-,-,-,-,-,-,-,-,,,,,,,,,,,,,,,,,
ABCAPITAL,,,,,,-6.45,,,,329.0,7.95,,,,,,,,FUTURES_OI,FuturesOI_25AUG26_Scan_24_7_2026.xlsx,Finance,387.85,-1.64,4469,0.86,SB,388.5,-0.65,-0.17,121.0,2.81,SB,-,-,-,-,-,-,-,-,-,-,-,-,,,,,,,,,,,,,,,,,
ADANIENSOL,,,,,,16.8,,,,539.0,4.99,,,,,,,,FUTURES_OI,FuturesOI_25AUG26_Scan_24_7_2026.xlsx,Power Generation & Distribution,1710.2,0.99,11347,0.67,LB,1702.6,7.6,0.45,316.0,2.87,LB,-,-,-,-,-,-,-,-,-,-,-,-,,,,,,,,,,,,,,,,,
ADANIENT,,,,,,8.1,,,,842.0,4.38,,,,,,,,FUTURES_OI,FuturesOI_25AUG26_Scan_24_7_2026.xlsx,Trading,3036.9,0.27,20067,0.75,LB,3029.2,7.7,0.25,540.0,2.75,LB,-,-,-,-,-,-,-,-,-,-,-,-,,,,,,,,,,,,,,,,,
ADANIGREEN,,,,,,7.3,,,,896.0,5.42,,,,,,,,FUTURES_OI,FuturesOI_25AUG26_Scan_24_7_2026.xlsx,Power Generation & Distribution,1392.2,0.53,17422,0.46,LB,1367.5,24.7,1.81,554.0,3.28,LB,-,-,-,-,-,-,-,-,-,-,-,-,,,,,,,,,,,,,,,,,
ADANIPORTS,,,,,,0.3,,,,537.0,3.05,,,,,,,,FUTURES_OI,FuturesOI_25AUG26_Scan_24_7_2026.xlsx,Marine Port & Services,1790.6,0.02,18154,0.69,LB,1779.5,11.1,0.62,243.0,1.36,LB,-,-,-,-,-,-,-,-,-,-,-,-,,,,,,,,,,,,,,,,,
ADANIPOWER,,,,,,0.87,,,,366.0,2.38,,,,,,,,FUTURES_OI,FuturesOI_25AUG26_Scan_24_7_2026.xlsx,Power Generation & Distribution,214.39,0.41,15735,0.69,LB,211.65,2.74,1.29,244.0,1.57,LB,-,-,-,-,-,-,-,-,-,-,-,-,,,,,,,,,,,,,,,,,
ALKEM,,,,,,-8.5,,,,121.0,3.46,,,,,,,,FUTURES_OI,FuturesOI_25AUG26_Scan_24_7_2026.xlsx,Pharmaceuticals,5621.0,-0.15,3623,0.34,SB,5621.5,-0.5,-0.01,78.0,2.2,SB,-,-,-,-,-,-,-,-,-,-,-,-,,,,,,,,,,,,,,,,,
AMBER,,,,,,-147.5,,,,337.0,8.65,,,,,,,,FUTURES_OI,FuturesOI_25AUG26_Scan_24_7_2026.xlsx,Consumer Durables,7307.5,-1.98,4235,0.86,SB,7341,-33.5,-0.46,222.0,5.52,SB,-,-,-,-,-,-,-,-,-,-,-,-,,,,,,,,,,,,,,,,,
AMBUJACEM,,,,,,-4.1,,,,2258.0,9.63,,,,,,,,FUTURES_OI,FuturesOI_25AUG26_Scan_24_7_2026.xlsx,Cement,421.4,-0.96,25708,0.8,SB,419.9,1.5,0.36,1893.0,7.97,LB,-,-,-,-,-,-,-,-,-,-,-,-,,,,,,,,,,,,,,,,,
ANGELONE,,,,,,-0.95,,,,372.0,9.02,,,,,,,,FUTURES_OI,FuturesOI_25AUG26_Scan_24_7_2026.xlsx,Stock/ Commodity Brokers,307.15,-0.31,4498,0.57,SB,304.3,2.85,0.94,293.0,6.96,LB,-,-,-,-,-,-,-,-,-,-,-,-,,,,,,,,,,,,,,,,,
APLAPOLLO,,,,,,-20.5,,,,237.0,7.19,,,,,,,,FUTURES_OI,FuturesOI_25AUG26_Scan_24_7_2026.xlsx,Capital Goods-Non Electrical Equipment,1816.6,-1.12,3533,1.14,SB,1823,-6.4,-0.35,160.0,4.73,SB,-,-,-,-,-,-,-,-,-,-,-,-,,,,,,,,,,,,,,,,,
APOLLOHOSP,,,,,,-9.5,,,,174.0,2.29,,,,,,,,FUTURES_OI,FuturesOI_25AUG26_Scan_24_7_2026.xlsx,Healthcare,8898.5,-0.11,7770,0.58,SB,8900,-1.5,-0.02,130.0,1.7,SB,-,-,-,-,-,-,-,-,-,-,-,-,,,,,,,,,,,,,,,,,
ASHOKLEY,,,,,,-1.97,,,,746.0,7.11,,,,,,,,FUTURES_OI,FuturesOI_25AUG26_Scan_24_7_2026.xlsx,Automobile,149.68,-1.3,11231,0.82,SB,149.86,-0.18,-0.12,451.0,4.17,SB,-,-,-,-,-,-,-,-,-,-,-,-,,,,,,,,,,,,,,,,,
ASIANPAINT,,,,,,-25.5,,,,400.0,3.8,,,,,,,,FUTURES_OI,FuturesOI_25AUG26_Scan_24_7_2026.xlsx,Paints/Varnish,2660.3,-0.95,10923,0.75,SB,2663.3,-3,-0.11,211.0,1.97,SB,-,-,-,-,-,-,-,-,-,-,-,-,,,,,,,,,,,,,,,,,
ASTRAL,,,,,,-3.9,,,,246.0,2.88,,,,,,,,FUTURES_OI,FuturesOI_25AUG26_Scan_24_7_2026.xlsx,Plastic products,1373.5,-0.28,8775,1.26,SB,1377.4,-3.9,-0.28,162.0,1.88,SB,-,-,-,-,-,-,-,-,-,-,-,-,,,,,,,,,,,,,,,,,
AUBANK,,,,,,-5.7,,,,392.0,4.06,,,,,,,,FUTURES_OI,FuturesOI_25AUG26_Scan_24_7_2026.xlsx,Banks,975.5,-0.58,10038,0.91,SB,975,0.5,0.05,249.0,2.54,LB,-,-,-,-,-,-,-,-,-,-,-,-,,,,,,,,,,,,,,,,,
AUROPHARMA,,,,,,14.5,,,,204.0,1.85,,,,,,,,FUTURES_OI,FuturesOI_25AUG26_Scan_24_7_2026.xlsx,Pharmaceuticals,1545.0,0.95,11211,1.24,LB,1536.9,8.1,0.53,153.0,1.38,LB,-,-,-,-,-,-,-,-,-,-,-,-,,,,,,,,,,,,,,,,,
AXISBANK,,,,,,-6.5,,,,891.0,1.91,,,,,,,,FUTURES_OI,FuturesOI_25AUG26_Scan_24_7_2026.xlsx,Banks,1224.7,-0.53,47606,0.66,SB,1226.3,-1.6,-0.13,402.0,0.85,SB,-,-,-,-,-,-,-,-,-,-,-,-,,,,,,,,,,,,,,,,,
BAJAJ-AUTO,,,,,,-40.5,,,,610.0,4.97,,,,,,,,FUTURES_OI,FuturesOI_25AUG26_Scan_24_7_2026.xlsx,Automobile,11269.0,-0.36,12878,1.62,SB,11277.5,-8.5,-0.08,363.0,2.9,SB,-,-,-,-,-,-,-,-,-,-,-,-,,,,,,,,,,,,,,,,,
BAJAJFINSV,,,,,,-18.0,,,,340.0,3.31,,,,,,,,FUTURES_OI,FuturesOI_25AUG26_Scan_24_7_2026.xlsx,Finance,1878.3,-0.95,10599,0.91,SB,1881,-2.7,-0.14,214.0,2.06,SB,-,-,-,-,-,-,-,-,-,-,-,-,,,,,,,,,,,,,,,,,
BAJAJHLDNG,,,,,,69.0,,,,51.0,2.52,,,,,,,,FUTURES_OI,FuturesOI_25AUG26_Scan_24_7_2026.xlsx,Finance,10785.0,0.64,2071,0.72,LB,10731,54,0.5,26.0,1.27,LB,-,-,-,-,-,-,-,-,-,-,-,-,,,,,,,,,,,,,,,,,
BAJFINANCE,,,,,,-14.5,,,,1229.0,4.28,,,,,,,,FUTURES_OI,FuturesOI_25AUG26_Scan_24_7_2026.xlsx,Finance,1031.6,-1.39,29935,0.76,SB,1033.8,-2.2,-0.21,627.0,2.14,SB,-,-,-,-,-,-,-,-,-,-,-,-,,,,,,,,,,,,,,,,,
BANDHANBNK,,,,,,-2.28,,,,682.0,3.1,,,,,,,,FUTURES_OI,FuturesOI_25AUG26_Scan_24_7_2026.xlsx,Banks,163.27,-1.38,22685,0.53,SB,164.53,-1.26,-0.77,349.0,1.56,SB,-,-,-,-,-,-,-,-,-,-,-,-,,,,,,,,,,,,,,,,,
BANKBARODA,,,,,,-1.6,,,,511.0,2.48,,,,,,,,FUTURES_OI,FuturesOI_25AUG26_Scan_24_7_2026.xlsx,Banks,242.85,-0.65,21092,0.94,SB,242.6,0.25,0.1,303.0,1.46,LB,-,-,-,-,-,-,-,-,-,-,-,-,,,,,,,,,,,,,,,,,
BANKEX,,,,,,66098.8,,,,0.0,0.0,,,,,,,,FUTURES_OI,FuturesOI_25AUG26_Scan_24_7_2026.xlsx,,66098.8,,4,,-,-,-,-,0.0,-,-,-,-,-,-,-,-,-,-,-,-,-,-,,,,,,,,,,,,,,,,,
BANKINDIA,,,,,,-1.24,,,,84.0,1.37,,,,,,,,FUTURES_OI,FuturesOI_25AUG26_Scan_24_7_2026.xlsx,Banks,141.93,-0.87,6213,0.97,SB,141.61,0.32,0.23,51.0,0.83,LB,-,-,-,-,-,-,-,-,-,-,-,-,,,,,,,,,,,,,,,,,
BANKNIFTY,,,,,,-416.6,,,,1479.0,4.71,,,,,,,,FUTURES_OI,FuturesOI_25AUG26_Scan_24_7_2026.xlsx,,56502.4,-0.73,32876,0.88,SB,56544,-41.6,-0.07,1071.0,3.36,SB,-,-,-,-,-,-,-,-,-,-,-,-,,,,,,,,,,,,,,,,,
BDL,,,,,,-13.3,,,,221.0,2.31,,,,,,,,FUTURES_OI,FuturesOI_25AUG26_Scan_24_7_2026.xlsx,Aerospace & Defence,1192.1,-1.1,9805,0.88,SB,1197.1,-5,-0.42,119.0,1.23,SB,-,-,-,-,-,-,-,-,-,-,-,-,,,,,,,,,,,,,,,,,
BEL,,,,,,-1.25,,,,1268.0,4.9,,,,,,,,FUTURES_OI,FuturesOI_25AUG26_Scan_24_7_2026.xlsx,Aerospace & Defence,405.35,-0.31,27130,0.76,SB,405.4,-0.05,-0.01,954.0,3.64,SB,-,-,-,-,-,-,-,-,-,-,-,-,,,,,,,,,,,,,,,,,
BHARATFORG,,,,,,-27.3,,,,279.0,4.49,,,,,,,,FUTURES_OI,FuturesOI_25AUG26_Scan_24_7_2026.xlsx,"Castings, Forgings & Fastners",2160.1,-1.25,6491,0.89,SB,2166.8,-6.7,-0.31,162.0,2.55,SB,-,-,-,-,-,-,-,-,-,-,-,-,,,,,,,,,,,,,,,,,
BHARTIARTL,,,,,,-19.9,,,,1811.0,2.09,,,,,,,,FUTURES_OI,FuturesOI_25AUG26_Scan_24_7_2026.xlsx,Telecom-Service,1900.3,-1.04,88589,0.79,SB,1912.7,-12.4,-0.65,1287.0,1.47,SB,-,-,-,-,-,-,-,-,-,-,-,-,,,,,,,,,,,,,,,,,
BHEL,,,,,,-3.4,,,,534.0,4.33,,,,,,,,FUTURES_OI,FuturesOI_25AUG26_Scan_24_7_2026.xlsx,Capital Goods - Electrical Equipment,408.45,-0.83,12855,0.54,SB,409.85,-1.4,-0.34,406.0,3.26,SB,-,-,-,-,-,-,-,-,-,-,-,-,,,,,,,,,,,,,,,,,
BIOCON,,,,,,-4.8,,,,1037.0,16.25,,,,,,,,FUTURES_OI,FuturesOI_25AUG26_Scan_24_7_2026.xlsx,Pharmaceuticals,432.7,-1.1,7419,0.84,SB,430.5,2.2,0.51,684.0,10.14,LB,-,-,-,-,-,-,-,-,-,-,-,-,,,,,,,,,,,,,,,,,
BLUESTARCO,,,,,,-14.6,,,,210.0,4.33,,,,,,,,FUTURES_OI,FuturesOI_25AUG26_Scan_24_7_2026.xlsx,Consumer Durables,1614.0,-0.9,5063,1.47,SB,1603.8,10.2,0.64,155.0,3.15,LB,-,-,-,-,-,-,-,-,-,-,-,-,,,,,,,,,,,,,,,,,
BOSCHLTD,,,,,,-530.0,,,,196.0,5.45,,,,,,,,FUTURES_OI,FuturesOI_25AUG26_Scan_24_7_2026.xlsx,Auto Ancillaries,41640.0,-1.26,3795,0.24,SB,41820,-180,-0.43,124.0,3.37,SB,-,-,-,-,-,-,-,-,-,-,-,-,,,,,,,,,,,,,,,,,
BPCL,,,,,,-3.1,,,,296.0,3.51,,,,,,,,FUTURES_OI,FuturesOI_25AUG26_Scan_24_7_2026.xlsx,Refineries,307.75,-1.0,8726,0.93,SB,308.9,-1.15,-0.37,201.0,2.35,SB,-,-,-,-,-,-,-,-,-,-,-,-,,,,,,,,,,,,,,,,,
BRITANNIA,,,,,,-36.5,,,,311.0,4.51,,,,,,,,FUTURES_OI,FuturesOI_25AUG26_Scan_24_7_2026.xlsx,FMCG,5293.5,-0.68,7202,0.84,SB,5277,16.5,0.31,192.0,2.71,LB,-,-,-,-,-,-,-,-,-,-,-,-,,,,,,,,,,,,,,,,,
BSE,,,,,,-35.5,,,,523.0,3.72,,,,,,,,FUTURES_OI,FuturesOI_25AUG26_Scan_24_7_2026.xlsx,Financial Services,3556.2,-0.99,14583,0.91,SB,3561,-4.8,-0.13,309.0,2.16,SB,-,-,-,-,-,-,-,-,-,-,-,-,,,,,,,,,,,,,,,,,
CAMS,,,,,,-3.75,,,,132.0,5.92,,,,,,,,FUTURES_OI,FuturesOI_25AUG26_Scan_24_7_2026.xlsx,Financial Services,757.05,-0.49,2363,0.67,SB,753.55,3.5,0.46,71.0,3.09,LB,-,-,-,-,-,-,-,-,-,-,-,-,,,,,,,,,,,,,,,,,
CANBK,,,,,,-1.28,,,,622.0,2.48,,,,,,,,FUTURES_OI,FuturesOI_25AUG26_Scan_24_7_2026.xlsx,Banks,124.81,-1.02,25661,0.78,SB,124.98,-0.17,-0.14,421.0,1.67,SB,-,-,-,-,-,-,-,-,-,-,-,-,,,,,,,,,,,,,,,,,
CDSL,,,,,,-10.3,,,,300.0,3.33,,,,,,,,FUTURES_OI,FuturesOI_25AUG26_Scan_24_7_2026.xlsx,Financial Services,1315.0,-0.78,9313,0.81,SB,1315,0,0,107.0,1.16,-,-,-,-,-,-,-,-,-,-,-,-,-,,,,,,,,,,,,,,,,,
CGPOWER,,,,,,7.55,,,,528.0,4.93,,,,,,,,FUTURES_OI,FuturesOI_25AUG26_Scan_24_7_2026.xlsx,Capital Goods - Electrical Equipment,892.85,0.85,11245,0.55,LB,895.5,-2.65,-0.3,281.0,2.56,SB,-,-,-,-,-,-,-,-,-,-,-,-,,,,,,,,,,,,,,,,,
CHOLAFIN,,,,,,-49.5,,,,999.0,14.61,,,,,,,,FUTURES_OI,FuturesOI_25AUG26_Scan_24_7_2026.xlsx,Finance,1676.1,-2.87,7835,0.74,SB,1696.4,-20.3,-1.2,770.0,10.85,SB,-,-,-,-,-,-,-,-,-,-,-,-,,,,,,,,,,,,,,,,,
CIPLA,,,,,,38.1,,,,319.0,2.39,,,,,,,,FUTURES_OI,FuturesOI_25AUG26_Scan_24_7_2026.xlsx,Pharmaceuticals,1436.7,2.72,13644,0.94,LB,1432,4.7,0.33,50.0,0.37,LB,-,-,-,-,-,-,-,-,-,-,-,-,,,,,,,,,,,,,,,,,
COALINDIA,,,,,,-1.05,,,,288.0,1.46,,,,,,,,FUTURES_OI,FuturesOI_25AUG26_Scan_24_7_2026.xlsx,Mining & Mineral products,424.15,-0.25,19993,0.97,SB,424.85,-0.7,-0.16,212.0,1.07,SB,-,-,-,-,-,-,-,-,-,-,-,-,,,,,,,,,,,,,,,,,
COCHINSHIP,,,,,,-7.5,,,,137.0,2.55,,,,,,,,FUTURES_OI,FuturesOI_25AUG26_Scan_24_7_2026.xlsx,Aerospace & Defence,1382.0,-0.54,5504,0.87,SB,1386.7,-4.7,-0.34,77.0,1.42,SB,-,-,-,-,-,-,-,-,-,-,-,-,,,,,,,,,,,,,,,,,
COFORGE,,,,,,9.2,,,,524.0,3.61,,,,,,,,FUTURES_OI,FuturesOI_25AUG26_Scan_24_7_2026.xlsx,IT - Software,1442.5,0.64,15021,0.61,LB,1446.4,-3.9,-0.27,287.0,1.95,SB,-,-,-,-,-,-,-,-,-,-,-,-,,,,,,,,,,,,,,,,,
COLPAL,,,,,,10.4,,,,227.0,4.77,,,,,,,,FUTURES_OI,FuturesOI_25AUG26_Scan_24_7_2026.xlsx,FMCG,2109.5,0.5,4984,0.51,LB,2095.6,13.9,0.66,123.0,2.53,LB,-,-,-,-,-,-,-,-,-,-,-,-,,,,,,,,,,,,,,,,,
CONCOR,,,,,,-3.65,,,,157.0,2.94,,,,,,,,FUTURES_OI,FuturesOI_25AUG26_Scan_24_7_2026.xlsx,Logistics,478.25,-0.76,5502,0.72,SB,478.15,0.1,0.02,108.0,2,LB,-,-,-,-,-,-,-,-,-,-,-,-,,,,,,,,,,,,,,,,,
CROMPTON,,,,,,-6.5,,,,527.0,5.8,,,,,,,,FUTURES_OI,FuturesOI_25AUG26_Scan_24_7_2026.xlsx,Consumer Durables,244.85,-2.59,9620,0.31,SB,246.9,-2.05,-0.83,306.0,3.28,SB,-,-,-,-,-,-,-,-,-,-,-,-,,,,,,,,,,,,,,,,,
CUMMINSIND,,,,,,-2.0,,,,311.0,4.42,,,,,,,,FUTURES_OI,FuturesOI_25AUG26_Scan_24_7_2026.xlsx,Capital Goods-Non Electrical Equipment,5622.5,-0.04,7352,0.77,SB,5609,13.5,0.24,191.0,2.66,LB,-,-,-,-,-,-,-,-,-,-,-,-,,,,,,,,,,,,,,,,,
DABUR,,,,,,-1.3,,,,414.0,5.05,,,,,,,,FUTURES_OI,FuturesOI_25AUG26_Scan_24_7_2026.xlsx,FMCG,423.65,-0.31,8606,0.6,SB,423.3,0.35,0.08,216.0,2.57,LB,-,-,-,-,-,-,-,-,-,-,-,-,,,,,,,,,,,,,,,,,
DALBHARAT,,,,,,-13.7,,,,182.0,5.84,,,,,,,,FUTURES_OI,FuturesOI_25AUG26_Scan_24_7_2026.xlsx,Cement,1841.7,-0.74,3296,0.63,SB,1822.7,19,1.04,117.0,3.67,LB,-,-,-,-,-,-,-,-,-,-,-,-,,,,,,,,,,,,,,,,,
DELHIVERY,,,,,,-2.2,,,,165.0,4.69,,,,,,,,FUTURES_OI,FuturesOI_25AUG26_Scan_24_7_2026.xlsx,Logistics,466.05,-0.47,3686,0.52,SB,463.2,2.85,0.62,94.0,2.62,LB,-,-,-,-,-,-,-,-,-,-,-,-,,,,,,,,,,,,,,,,,
DIVISLAB,,,,,,-11.0,,,,955.0,6.06,,,,,,,,FUTURES_OI,FuturesOI_25AUG26_Scan_24_7_2026.xlsx,Pharmaceuticals,7307.5,-0.15,16721,0.47,SB,7301,6.5,0.09,851.0,5.35,LB,-,-,-,-,-,-,-,-,-,-,-,-,,,,,,,,,,,,,,,,,
DIXON,,,,,,-175.0,,,,684.0,3.76,,,,,,,,FUTURES_OI,FuturesOI_25AUG26_Scan_24_7_2026.xlsx,Consumer Durables,13457.0,-1.28,18885,0.81,SB,13484,-27,-0.2,297.0,1.6,SB,-,-,-,-,-,-,-,-,-,-,-,-,,,,,,,,,,,,,,,,,
DLF,,,,,,-10.05,,,,305.0,1.07,,,,,,,,FUTURES_OI,FuturesOI_25AUG26_Scan_24_7_2026.xlsx,Realty,628.75,-1.57,28820,0.59,SB,631.5,-2.75,-0.44,176.0,0.61,SB,-,-,-,-,-,-,-,-,-,-,-,-,,,,,,,,,,,,,,,,,
DMART,,,,,,27.0,,,,416.0,2.34,,,,,,,,FUTURES_OI,FuturesOI_25AUG26_Scan_24_7_2026.xlsx,Retail,4045.0,0.67,18203,0.66,LB,4040.7,4.3,0.11,281.0,1.57,LB,-,-,-,-,-,-,-,-,-,-,-,-,,,,,,,,,,,,,,,,,
DRREDDY,,,,,,-16.8,,,,402.0,4.13,,,,,,,,FUTURES_OI,FuturesOI_25AUG26_Scan_24_7_2026.xlsx,Pharmaceuticals,1142.0,-1.45,10136,0.74,SB,1146,-4,-0.35,204.0,2.05,SB,-,-,-,-,-,-,-,-,-,-,-,-,,,,,,,,,,,,,,,,,
EICHERMOT,,,,,,-104.0,,,,941.0,5.13,,,,,,,,FUTURES_OI,FuturesOI_25AUG26_Scan_24_7_2026.xlsx,Automobile,7576.5,-1.35,19270,1.78,SB,7596.5,-20,-0.26,566.0,3.02,SB,-,-,-,-,-,-,-,-,-,-,-,-,,,,,,,,,,,,,,,,,
ETERNAL,,,,,,-6.35,,,,1627.0,5.38,,,,,,,,FUTURES_OI,FuturesOI_25AUG26_Scan_24_7_2026.xlsx,E-Commerce/App based Aggregator,282.65,-2.2,31858,0.51,SB,281.75,0.9,0.32,650.0,2.08,LB,-,-,-,-,-,-,-,-,-,-,-,-,,,,,,,,,,,,,,,,,
FEDERALBNK,,,,,,-3.0,,,,631.0,3.46,,,,,,,,FUTURES_OI,FuturesOI_25AUG26_Scan_24_7_2026.xlsx,Banks,352.1,-0.84,18885,0.96,SB,352.6,-0.5,-0.14,373.0,2.01,SB,-,-,-,-,-,-,-,-,-,-,-,-,,,,,,,,,,,,,,,,,
FINNIFTY,,,,,,-223.0,,,,5.0,3.82,,,,,,,,FUTURES_OI,FuturesOI_25AUG26_Scan_24_7_2026.xlsx,,25996.5,-0.85,136,,SB,26037.4,-40.9,-0.16,1.0,0.74,SB,-,-,-,-,-,-,-,-,-,-,-,-,,,,,,,,,,,,,,,,,
FOCIT,,,,,,34582.0,,,,0.0,0.0,,,,,,,,FUTURES_OI,FuturesOI_25AUG26_Scan_24_7_2026.xlsx,,34582.0,,6,13.25,-,-,-,-,0.0,-,-,-,-,-,-,-,-,-,-,-,-,-,-,,,,,,,,,,,,,,,,,
FORCEMOT,,,,,,185.0,,,,125.0,3.42,,,,,,,,FUTURES_OI,FuturesOI_25AUG26_Scan_24_7_2026.xlsx,Automobile,17580.0,1.06,3779,0.84,LB,17386,194,1.12,79.0,2.14,LB,-,-,-,-,-,-,-,-,-,-,-,-,,,,,,,,,,,,,,,,,
FORTIS,,,,,,-3.2,,,,150.0,3.38,,,,,,,,FUTURES_OI,FuturesOI_25AUG26_Scan_24_7_2026.xlsx,Healthcare,945.7,-0.34,4594,1.01,SB,949.15,-3.45,-0.36,86.0,1.9,SB,-,-,-,-,-,-,-,-,-,-,-,-,,,,,,,,,,,,,,,,,
GAIL,,,,,,-1.08,,,,365.0,4.29,,,,,,,,FUTURES_OI,FuturesOI_25AUG26_Scan_24_7_2026.xlsx,Gas Distribution,171.34,-0.63,8869,0.98,SB,170.85,0.49,0.29,204.0,2.35,LB,-,-,-,-,-,-,-,-,-,-,-,-,,,,,,,,,,,,,,,,,
GLENMARK,,,,,,-9.1,,,,516.0,6.13,,,,,,,,FUTURES_OI,FuturesOI_25AUG26_Scan_24_7_2026.xlsx,Pharmaceuticals,2210.1,-0.41,8930,1.25,SB,2206.7,3.4,0.15,384.0,4.49,LB,-,-,-,-,-,-,-,-,-,-,-,-,,,,,,,,,,,,,,,,,
GMRAIRPORT,,,,,,-1.31,,,,321.0,6.9,,,,,,,,FUTURES_OI,FuturesOI_25AUG26_Scan_24_7_2026.xlsx,Miscellaneous,106.85,-1.21,4973,0.6,SB,106.53,0.32,0.3,174.0,3.61,LB,-,-,-,-,-,-,-,-,-,-,-,-,,,,,,,,,,,,,,,,,
GODFRYPHLP,,,,,,-10.4,,,,93.0,5.2,,,,,,,,FUTURES_OI,FuturesOI_25AUG26_Scan_24_7_2026.xlsx,Tobacco Products,2010.0,-0.51,1880,0.65,SB,2004.9,5.1,0.25,30.0,1.61,LB,-,-,-,-,-,-,-,-,-,-,-,-,,,,,,,,,,,,,,,,,
GODREJCP,,,,,,3.9,,,,250.0,3.66,,,,,,,,FUTURES_OI,FuturesOI_25AUG26_Scan_24_7_2026.xlsx,FMCG,1062.9,0.37,7073,0.37,LB,1060.5,2.4,0.23,145.0,2.09,LB,-,-,-,-,-,-,-,-,-,-,-,-,,,,,,,,,,,,,,,,,
GODREJPROP,,,,,,-36.1,,,,327.0,3.78,,,,,,,,FUTURES_OI,FuturesOI_25AUG26_Scan_24_7_2026.xlsx,Realty,2008.4,-1.77,8971,0.41,SB,2014.5,-6.1,-0.3,229.0,2.62,SB,-,-,-,-,-,-,-,-,-,-,-,-,,,,,,,,,,,,,,,,,
GRASIM,,,,,,-19.1,,,,585.0,2.37,,,,,,,,FUTURES_OI,FuturesOI_25AUG26_Scan_24_7_2026.xlsx,Textiles,3097.3,-0.61,25249,0.69,SB,3104.4,-7.1,-0.23,332.0,1.33,SB,-,-,-,-,-,-,-,-,-,-,-,-,,,,,,,,,,,,,,,,,
GVT&D,,,,,,-13.6,,,,343.0,4.63,,,,,,,,FUTURES_OI,FuturesOI_25AUG26_Scan_24_7_2026.xlsx,Capital Goods - Electrical Equipment,4329.4,-0.31,7754,0.75,SB,4325.1,4.3,0.1,193.0,2.55,LB,-,-,-,-,-,-,-,-,-,-,-,-,,,,,,,,,,,,,,,,,
HAL,,,,,,-31.4,,,,451.0,3.34,,,,,,,,FUTURES_OI,FuturesOI_25AUG26_Scan_24_7_2026.xlsx,Aerospace & Defence,4566.2,-0.68,13935,0.77,SB,4575,-8.8,-0.19,288.0,2.11,SB,-,-,-,-,-,-,-,-,-,-,-,-,,,,,,,,,,,,,,,,,
HAVELLS,,,,,,0.5,,,,354.0,4.48,,,,,,,,FUTURES_OI,FuturesOI_25AUG26_Scan_24_7_2026.xlsx,Consumer Durables,1214.7,0.04,8251,0.76,LB,1211.9,2.8,0.23,208.0,2.58,LB,-,-,-,-,-,-,-,-,-,-,-,-,,,,,,,,,,,,,,,,,
HCLTECH,,,,,,12.0,,,,1609.0,4.03,,,,,,,,FUTURES_OI,FuturesOI_25AUG26_Scan_24_7_2026.xlsx,IT - Software,1251.5,0.97,41580,0.7,LB,1252.5,-1,-0.08,619.0,1.51,SB,-,-,-,-,-,-,-,-,-,-,-,-,,,,,,,,,,,,,,,,,
HDFCAMC,,,,,,-17.6,,,,236.0,2.35,,,,,,,,FUTURES_OI,FuturesOI_25AUG26_Scan_24_7_2026.xlsx,Finance,2501.2,-0.7,10296,0.64,SB,2510,-8.8,-0.35,94.0,0.92,SB,-,-,-,-,-,-,-,-,-,-,-,-,,,,,,,,,,,,,,,,,
HDFCBANK,,,,,,-7.65,,,,5302.0,2.21,,,,,,,,FUTURES_OI,FuturesOI_25AUG26_Scan_24_7_2026.xlsx,Banks,744.6,-1.02,245050,0.47,SB,746.9,-2.3,-0.31,3428.0,1.42,SB,-,-,-,-,-,-,-,-,-,-,-,-,,,,,,,,,,,,,,,,,
HDFCLIFE,,,,,,0.05,,,,657.0,4.26,,,,,,,,FUTURES_OI,FuturesOI_25AUG26_Scan_24_7_2026.xlsx,Insurance,554.9,0.01,16093,0.58,LB,555.55,-0.65,-0.12,391.0,2.49,SB,-,-,-,-,-,-,-,-,-,-,-,-,,,,,,,,,,,,,,,,,
HEROMOTOCO,,,,,,-62.8,,,,760.0,5.48,,,,,,,,FUTURES_OI,FuturesOI_25AUG26_Scan_24_7_2026.xlsx,Automobile,5058.7,-1.23,14623,0.57,SB,5082.2,-23.5,-0.46,462.0,3.26,SB,-,-,-,-,-,-,-,-,-,-,-,-,,,,,,,,,,,,,,,,,
HINDALCO,,,,,,-9.95,,,,743.0,2.05,,,,,,,,FUTURES_OI,FuturesOI_25AUG26_Scan_24_7_2026.xlsx,Non Ferrous Metals,951.05,-1.04,36954,0.73,SB,951.55,-0.5,-0.05,444.0,1.22,SB,-,-,-,-,-,-,-,-,-,-,-,-,,,,,,,,,,,,,,,,,
HINDPETRO,,,,,,-6.05,,,,316.0,3.0,,,,,,,,FUTURES_OI,FuturesOI_25AUG26_Scan_24_7_2026.xlsx,Refineries,379.6,-1.57,10858,0.76,SB,381.7,-2.1,-0.55,231.0,2.17,SB,-,-,-,-,-,-,-,-,-,-,-,-,,,,,,,,,,,,,,,,,
HINDUNILVR,,,,,,-2.3,,,,800.0,3.57,,,,,,,,FUTURES_OI,FuturesOI_25AUG26_Scan_24_7_2026.xlsx,FMCG,2170.0,-0.11,23186,0.73,SB,2167.4,2.6,0.12,546.0,2.41,LB,-,-,-,-,-,-,-,-,-,-,-,-,,,,,,,,,,,,,,,,,
HINDZINC,,,,,,-5.2,,,,314.0,4.01,,,,,,,,FUTURES_OI,FuturesOI_25AUG26_Scan_24_7_2026.xlsx,Non Ferrous Metals,529.0,-0.97,8153,0.68,SB,528.85,0.15,0.03,124.0,1.55,LB,-,-,-,-,-,-,-,-,-,-,-,-,,,,,,,,,,,,,,,,,
HYUNDAI,,,,,,-20.2,,,,272.0,3.65,,,,,,,,FUTURES_OI,FuturesOI_25AUG26_Scan_24_7_2026.xlsx,Automobile,1912.6,-1.05,7719,0.49,SB,1918.9,-6.3,-0.33,164.0,2.17,SB,-,-,-,-,-,-,-,-,-,-,-,-,,,,,,,,,,,,,,,,,
ICICIBANK,,,,,,-9.0,,,,2171.0,3.27,,,,,,,,FUTURES_OI,FuturesOI_25AUG26_Scan_24_7_2026.xlsx,Banks,1420.9,-0.63,68558,0.67,SB,1421.3,-0.4,-0.03,1566.0,2.34,SB,-,-,-,-,-,-,-,-,-,-,-,-,,,,,,,,,,,,,,,,,
ICICIGI,,,,,,44.1,,,,487.0,7.37,,,,,,,,FUTURES_OI,FuturesOI_25AUG26_Scan_24_7_2026.xlsx,Insurance,1665.4,2.72,7099,0.95,LB,1649.3,16.1,0.98,247.0,3.59,LB,-,-,-,-,-,-,-,-,-,-,-,-,,,,,,,,,,,,,,,,,
ICICIPRULI,,,,,,-3.45,,,,349.0,3.77,,,,,,,,FUTURES_OI,FuturesOI_25AUG26_Scan_24_7_2026.xlsx,Insurance,500.0,-0.69,9617,0.74,SB,503.45,-3.45,-0.69,220.0,2.34,SB,-,-,-,-,-,-,-,-,-,-,-,-,,,,,,,,,,,,,,,,,
IDEA,,,,,,-0.29,,,,1873.0,5.26,,,,,,,,FUTURES_OI,FuturesOI_25AUG26_Scan_24_7_2026.xlsx,Telecom-Service,13.03,-2.18,37468,0.51,SB,13.06,-0.03,-0.23,594.0,1.61,SB,-,-,-,-,-,-,-,-,-,-,-,-,,,,,,,,,,,,,,,,,
IDFCFIRSTB,,,,,,-0.7,,,,367.0,2.06,,,,,,,,FUTURES_OI,FuturesOI_25AUG26_Scan_24_7_2026.xlsx,Banks,79.45,-0.87,18162,0.6,SB,79.77,-0.32,-0.4,142.0,0.79,SB,-,-,-,-,-,-,-,-,-,-,-,-,,,,,,,,,,,,,,,,,
IEX,,,,,,0.41,,,,177.0,4.26,,,,,,,,FUTURES_OI,FuturesOI_25AUG26_Scan_24_7_2026.xlsx,Financial Services,122.7,0.34,4336,0.8,LB,123.3,-0.6,-0.49,79.0,1.85,SB,-,-,-,-,-,-,-,-,-,-,-,-,,,,,,,,,,,,,,,,,
INDHOTEL,,,,,,-6.3,,,,466.0,5.12,,,,,,,,FUTURES_OI,FuturesOI_25AUG26_Scan_24_7_2026.xlsx,Hotels & Restaurants,720.65,-0.87,9562,0.7,SB,723.75,-3.1,-0.43,317.0,3.41,SB,-,-,-,-,-,-,-,-,-,-,-,-,,,,,,,,,,,,,,,,,
INDIANB,,,,,,-6.8,,,,221.0,4.52,,,,,,,,FUTURES_OI,FuturesOI_25AUG26_Scan_24_7_2026.xlsx,Banks,821.55,-0.82,5111,0.92,SB,822.55,-1,-0.12,140.0,2.81,SB,-,-,-,-,-,-,-,-,-,-,-,-,,,,,,,,,,,,,,,,,
INDIGO,,,,,,-126.0,,,,2945.0,16.46,,,,,,,,FUTURES_OI,FuturesOI_25AUG26_Scan_24_7_2026.xlsx,Air Transport Service,4926.0,-2.49,20832,0.98,SB,4932,-6,-0.12,867.0,4.32,SB,-,-,-,-,-,-,-,-,-,-,-,-,,,,,,,,,,,,,,,,,
INDUSINDBK,,,,,,-16.4,,,,631.0,3.1,,,,,,,,FUTURES_OI,FuturesOI_25AUG26_Scan_24_7_2026.xlsx,Banks,991.55,-1.63,20979,0.81,SB,995.6,-4.05,-0.41,373.0,1.81,SB,-,-,-,-,-,-,-,-,-,-,-,-,,,,,,,,,,,,,,,,,
INDUSTOWER,,,,,,-3.05,,,,374.0,1.62,,,,,,,,FUTURES_OI,FuturesOI_25AUG26_Scan_24_7_2026.xlsx,Telecom Equipment & Infra Services,389.85,-0.78,23471,0.49,SB,389.15,0.7,0.18,240.0,1.03,LB,-,-,-,-,-,-,-,-,-,-,-,-,,,,,,,,,,,,,,,,,
INFY,,,,,,-20.1,,,,13472.0,12.73,,,,,,,,FUTURES_OI,FuturesOI_25AUG26_Scan_24_7_2026.xlsx,IT - Software,1027.4,-1.92,119266,0.73,SB,1033.5,-6.1,-0.59,3570.0,3.08,SB,-,-,-,-,-,-,-,-,-,-,-,-,,,,,,,,,,,,,,,,,
INOXWIND,,,,,,-0.96,,,,250.0,3.89,,,,,,,,FUTURES_OI,FuturesOI_25AUG26_Scan_24_7_2026.xlsx,Capital Goods - Electrical Equipment,75.68,-1.25,6677,0.81,SB,76.09,-0.41,-0.54,160.0,2.45,SB,-,-,-,-,-,-,-,-,-,-,-,-,,,,,,,,,,,,,,,,,
IOC,,,,,,-2.26,,,,592.0,4.48,,,,,,,,FUTURES_OI,FuturesOI_25AUG26_Scan_24_7_2026.xlsx,Refineries,137.33,-1.62,13796,0.97,SB,137.57,-0.24,-0.17,293.0,2.17,SB,-,-,-,-,-,-,-,-,-,-,-,-,,,,,,,,,,,,,,,,,
IREDA,,,,,,-1.16,,,,173.0,1.96,,,,,,,,FUTURES_OI,FuturesOI_25AUG26_Scan_24_7_2026.xlsx,Finance,114.62,-1.0,8996,0.86,SB,114.96,-0.34,-0.3,103.0,1.16,SB,-,-,-,-,-,-,-,-,-,-,-,-,,,,,,,,,,,,,,,,,
IRFC,,,,,,-0.5,,,,180.0,2.11,,,,,,,,FUTURES_OI,FuturesOI_25AUG26_Scan_24_7_2026.xlsx,Finance,85.47,-0.58,8706,0.97,SB,85.62,-0.15,-0.18,121.0,1.41,SB,-,-,-,-,-,-,-,-,-,-,-,-,,,,,,,,,,,,,,,,,
ITC,,,,,,-0.05,,,,974.0,2.57,,,,,,,,FUTURES_OI,FuturesOI_25AUG26_Scan_24_7_2026.xlsx,Tobacco Products,282.9,-0.02,38871,0.61,SB,282.95,-0.05,-0.02,566.0,1.48,SB,-,-,-,-,-,-,-,-,-,-,-,-,,,,,,,,,,,,,,,,,
JINDALSTEL,,,,,,-9.5,,,,231.0,3.11,,,,,,,,FUTURES_OI,FuturesOI_25AUG26_Scan_24_7_2026.xlsx,Steel,1037.8,-0.91,7654,0.39,SB,1037.6,0.2,0.02,138.0,1.83,LB,-,-,-,-,-,-,-,-,-,-,-,-,,,,,,,,,,,,,,,,,
JIOFIN,,,,,,-1.54,,,,1100.0,3.31,,,,,,,,FUTURES_OI,FuturesOI_25AUG26_Scan_24_7_2026.xlsx,Finance,232.08,-0.66,34363,0.56,SB,232.83,-0.75,-0.32,651.0,1.93,SB,-,-,-,-,-,-,-,-,-,-,-,-,,,,,,,,,,,,,,,,,
JSWENERGY,,,,,,-9.0,,,,383.0,3.9,,,,,,,,FUTURES_OI,FuturesOI_25AUG26_Scan_24_7_2026.xlsx,Power Generation & Distribution,551.9,-1.6,10207,1.05,SB,553.1,-1.2,-0.22,229.0,2.29,SB,-,-,-,-,-,-,-,-,-,-,-,-,,,,,,,,,,,,,,,,,
JSWSTEEL,,,,,,-7.7,,,,312.0,0.99,,,,,,,,FUTURES_OI,FuturesOI_25AUG26_Scan_24_7_2026.xlsx,Steel,1244.8,-0.61,31961,0.65,SB,1247.9,-3.1,-0.25,192.0,0.6,SB,-,-,-,-,-,-,-,-,-,-,-,-,,,,,,,,,,,,,,,,,
JUBLFOOD,,,,,,-1.35,,,,264.0,4.74,,,,,,,,FUTURES_OI,FuturesOI_25AUG26_Scan_24_7_2026.xlsx,Quick Service Restaurant,410.75,-0.33,5828,0.87,SB,411.85,-1.1,-0.27,143.0,2.51,SB,-,-,-,-,-,-,-,-,-,-,-,-,,,,,,,,,,,,,,,,,
KALYANKJIL,,,,,,-6.4,,,,619.0,7.99,,,,,,,,FUTURES_OI,FuturesOI_25AUG26_Scan_24_7_2026.xlsx,"Diamond, Gems and Jewellery",582.15,-1.09,8364,1.32,SB,584.4,-2.25,-0.39,512.0,6.51,SB,-,-,-,-,-,-,-,-,-,-,-,-,,,,,,,,,,,,,,,,,
KAYNES,,,,,,-74.2,,,,1446.0,34.64,,,,,,,,FUTURES_OI,FuturesOI_25AUG26_Scan_24_7_2026.xlsx,Consumer Durables,3072.2,-2.36,5620,1.1,SB,3084,-11.8,-0.38,800.0,16.31,SB,-,-,-,-,-,-,-,-,-,-,-,-,,,,,,,,,,,,,,,,,
KEI,,,,,,-51.0,,,,258.0,3.17,,,,,,,,FUTURES_OI,FuturesOI_25AUG26_Scan_24_7_2026.xlsx,Cables,4785.0,-1.05,8405,0.83,SB,4794.5,-9.5,-0.2,118.0,1.42,SB,-,-,-,-,-,-,-,-,-,-,-,-,,,,,,,,,,,,,,,,,
KFINTECH,,,,,,-5.25,,,,249.0,10.22,,,,,,,,FUTURES_OI,FuturesOI_25AUG26_Scan_24_7_2026.xlsx,Financial Services,861.65,-0.61,2685,0.66,SB,859,2.65,0.31,105.0,4.05,LB,-,-,-,-,-,-,-,-,-,-,-,-,,,,,,,,,,,,,,,,,
KOTAKBANK,,,,,,-1.7,,,,1565.0,3.56,,,,,,,,FUTURES_OI,FuturesOI_25AUG26_Scan_24_7_2026.xlsx,Banks,384.3,-0.44,45489,0.63,SB,384.85,-0.55,-0.14,1084.0,2.44,SB,-,-,-,-,-,-,-,-,-,-,-,-,,,,,,,,,,,,,,,,,
KPITTECH,,,,,,-2.95,,,,360.0,3.24,,,,,,,,FUTURES_OI,FuturesOI_25AUG26_Scan_24_7_2026.xlsx,IT - Software,536.0,-0.55,11469,1.0,SB,536,0,0,229.0,2.03,-,-,-,-,-,-,-,-,-,-,-,-,-,,,,,,,,,,,,,,,,,
LAURUSLABS,,,,,,1.6,,,,549.0,5.43,,,,,,,,FUTURES_OI,FuturesOI_25AUG26_Scan_24_7_2026.xlsx,Pharmaceuticals,1579.5,0.1,10652,0.46,LB,1577.5,2,0.13,446.0,4.37,LB,-,-,-,-,-,-,-,-,-,-,-,-,,,,,,,,,,,,,,,,,
LICHSGFIN,,,,,,-2.7,,,,171.0,1.21,,,,,,,,FUTURES_OI,FuturesOI_25AUG26_Scan_24_7_2026.xlsx,Finance,524.6,-0.51,14278,0.66,SB,523.35,1.25,0.24,127.0,0.9,LB,-,-,-,-,-,-,-,-,-,-,-,-,,,,,,,,,,,,,,,,,
LICI,,,,,,-2.35,,,,157.0,2.47,,,,,,,,FUTURES_OI,FuturesOI_25AUG26_Scan_24_7_2026.xlsx,Insurance,416.2,-0.56,6505,0.45,SB,416.2,0,0,115.0,1.79,-,-,-,-,-,-,-,-,-,-,-,-,-,,,,,,,,,,,,,,,,,
LODHA,,,,,,-8.15,,,,248.0,1.86,,,,,,,,FUTURES_OI,FuturesOI_25AUG26_Scan_24_7_2026.xlsx,Realty,1092.0,-0.74,13570,1.03,SB,1091.4,0.6,0.05,149.0,1.11,LB,-,-,-,-,-,-,-,-,-,-,-,-,,,,,,,,,,,,,,,,,
LT,,,,,,-49.6,,,,1285.0,5.56,,,,,,,,FUTURES_OI,FuturesOI_25AUG26_Scan_24_7_2026.xlsx,Infrastructure Developers & Operators,3763.1,-1.3,24381,0.93,SB,3774.3,-11.2,-0.3,896.0,3.81,SB,-,-,-,-,-,-,-,-,-,-,-,-,,,,,,,,,,,,,,,,,
LTF,,,,,,-3.65,,,,303.0,2.72,,,,,,,,FUTURES_OI,FuturesOI_25AUG26_Scan_24_7_2026.xlsx,Finance,298.0,-1.21,11453,0.59,SB,297.75,0.25,0.08,162.0,1.43,LB,-,-,-,-,-,-,-,-,-,-,-,-,,,,,,,,,,,,,,,,,
LTM,,,,,,2.2,,,,536.0,5.97,,,,,,,,FUTURES_OI,FuturesOI_25AUG26_Scan_24_7_2026.xlsx,IT - Software,3957.2,0.06,9516,0.78,LB,3977.1,-19.9,-0.5,371.0,4.04,SB,-,-,-,-,-,-,-,-,-,-,-,-,,,,,,,,,,,,,,,,,
LUPIN,,,,,,-14.9,,,,353.0,6.99,,,,,,,,FUTURES_OI,FuturesOI_25AUG26_Scan_24_7_2026.xlsx,Pharmaceuticals,2389.8,-0.62,5406,0.85,SB,2382,7.8,0.33,170.0,3.24,LB,-,-,-,-,-,-,-,-,-,-,-,-,,,,,,,,,,,,,,,,,
M&M,,,,,,-41.8,,,,1438.0,5.06,,,,,,,,FUTURES_OI,FuturesOI_25AUG26_Scan_24_7_2026.xlsx,Automobile,3200.0,-1.29,29867,1.0,SB,3208.8,-8.8,-0.27,958.0,3.3,SB,-,-,-,-,-,-,-,-,-,-,-,-,,,,,,,,,,,,,,,,,
MANAPPURAM,,,,,,-4.5,,,,257.0,6.7,,,,,,,,FUTURES_OI,FuturesOI_25AUG26_Scan_24_7_2026.xlsx,Finance,350.3,-1.27,4094,0.46,SB,351,-0.7,-0.2,124.0,3.14,SB,-,-,-,-,-,-,-,-,-,-,-,-,,,,,,,,,,,,,,,,,
MANKIND,,,,,,-10.5,,,,184.0,4.93,,,,,,,,FUTURES_OI,FuturesOI_25AUG26_Scan_24_7_2026.xlsx,Pharmaceuticals,2552.8,-0.41,3915,0.62,SB,2539.4,13.4,0.53,103.0,2.7,LB,-,-,-,-,-,-,-,-,-,-,-,-,,,,,,,,,,,,,,,,,
MARICO,,,,,,-0.9,,,,185.0,3.72,,,,,,,,FUTURES_OI,FuturesOI_25AUG26_Scan_24_7_2026.xlsx,FMCG,851.8,-0.11,5153,0.54,SB,847.9,3.9,0.46,109.0,2.16,LB,-,-,-,-,-,-,-,-,-,-,-,-,,,,,,,,,,,,,,,,,
MARUTI,,,,,,-146.0,,,,712.0,3.78,,,,,,,,FUTURES_OI,FuturesOI_25AUG26_Scan_24_7_2026.xlsx,Automobile,13168.0,-1.1,19555,0.45,SB,13207,-39,-0.3,448.0,2.34,SB,-,-,-,-,-,-,-,-,-,-,-,-,,,,,,,,,,,,,,,,,
MAXHEALTH,,,,,,-7.9,,,,301.0,3.79,,,,,,,,FUTURES_OI,FuturesOI_25AUG26_Scan_24_7_2026.xlsx,Healthcare,1077.0,-0.73,8250,0.94,SB,1079,-2,-0.19,168.0,2.07,SB,-,-,-,-,-,-,-,-,-,-,-,-,,,,,,,,,,,,,,,,,
MAZDOCK,,,,,,-8.6,,,,893.0,7.48,,,,,,,,FUTURES_OI,FuturesOI_25AUG26_Scan_24_7_2026.xlsx,Aerospace & Defence,2265.0,-0.38,12829,0.95,SB,2262.1,2.9,0.13,818.0,6.81,LB,-,-,-,-,-,-,-,-,-,-,-,-,,,,,,,,,,,,,,,,,
MCX,,,,,,-8.0,,,,580.0,5.06,,,,,,,,FUTURES_OI,FuturesOI_25AUG26_Scan_24_7_2026.xlsx,Financial Services,2751.0,-0.29,12035,0.88,SB,2747.6,3.4,0.12,310.0,2.64,LB,-,-,-,-,-,-,-,-,-,-,-,-,,,,,,,,,,,,,,,,,
MFSL,,,,,,-12.1,,,,228.0,4.07,,,,,,,,FUTURES_OI,FuturesOI_25AUG26_Scan_24_7_2026.xlsx,Miscellaneous,1502.9,-0.8,5826,0.96,SB,1503.1,-0.2,-0.01,93.0,1.63,SB,-,-,-,-,-,-,-,-,-,-,-,-,,,,,,,,,,,,,,,,,
MIDCPNIFTY,,,,,,-113.9,,,,535.0,8.74,,,,,,,,FUTURES_OI,FuturesOI_25AUG26_Scan_24_7_2026.xlsx,,14344.0,-0.79,6656,0.94,SB,14357.25,-13.25,-0.09,479.0,7.75,SB,-,-,-,-,-,-,-,-,-,-,-,-,,,,,,,,,,,,,,,,,
MOTHERSON,,,,,,-2.3,,,,307.0,4.77,,,,,,,,FUTURES_OI,FuturesOI_25AUG26_Scan_24_7_2026.xlsx,Auto Ancillaries,144.23,-1.57,6744,0.6,SB,144.4,-0.17,-0.12,175.0,2.66,SB,-,-,-,-,-,-,-,-,-,-,-,-,,,,,,,,,,,,,,,,,
MOTILALOFS,,,,,,-54.7,,,,609.0,29.69,,,,,,,,FUTURES_OI,FuturesOI_25AUG26_Scan_24_7_2026.xlsx,Stock/ Commodity Brokers,891.95,-5.78,2660,0.38,SB,916.4,-24.45,-2.67,268.0,11.23,SB,-,-,-,-,-,-,-,-,-,-,-,-,,,,,,,,,,,,,,,,,
MPHASIS,,,,,,18.9,,,,424.0,5.78,,,,,,,,FUTURES_OI,FuturesOI_25AUG26_Scan_24_7_2026.xlsx,IT - Software,2257.8,0.84,7757,0.41,LB,2291.8,-34,-1.48,102.0,1.33,SB,-,-,-,-,-,-,-,-,-,-,-,-,,,,,,,,,,,,,,,,,
MUTHOOTFIN,,,,,,-69.3,,,,824.0,9.25,,,,,,,,FUTURES_OI,FuturesOI_25AUG26_Scan_24_7_2026.xlsx,Finance,2954.0,-2.29,9735,0.56,SB,2968.2,-14.2,-0.48,503.0,5.43,SB,-,-,-,-,-,-,-,-,-,-,-,-,,,,,,,,,,,,,,,,,
NAM-INDIA,,,,,,-5.1,,,,72.0,1.8,,,,,,,,FUTURES_OI,FuturesOI_25AUG26_Scan_24_7_2026.xlsx,Finance,1097.4,-0.46,4067,0.77,SB,1095.1,2.3,0.21,49.0,1.22,LB,-,-,-,-,-,-,-,-,-,-,-,-,,,,,,,,,,,,,,,,,
NATIONALUM,,,,,,-3.4,,,,279.0,3.17,,,,,,,,FUTURES_OI,FuturesOI_25AUG26_Scan_24_7_2026.xlsx,Non Ferrous Metals,344.3,-0.98,9089,1.08,SB,344.15,0.15,0.04,221.0,2.49,LB,-,-,-,-,-,-,-,-,-,-,-,-,,,,,,,,,,,,,,,,,
NAUKRI,,,,,,-2.05,,,,568.0,5.25,,,,,,,,FUTURES_OI,FuturesOI_25AUG26_Scan_24_7_2026.xlsx,E-Commerce/App based Aggregator,1169.7,-0.17,11377,0.46,SB,1160.75,8.95,0.77,232.0,2.08,LB,-,-,-,-,-,-,-,-,-,-,-,-,,,,,,,,,,,,,,,,,
NBCC,,,,,,-1.05,,,,594.0,12.22,,,,,,,,FUTURES_OI,FuturesOI_25AUG26_Scan_24_7_2026.xlsx,Miscellaneous,92.49,-1.12,5456,0.76,SB,92.5,-0.01,-0.01,523.0,10.6,SB,-,-,-,-,-,-,-,-,-,-,-,-,,,,,,,,,,,,,,,,,
NESTLEIND,,,,,,12.1,,,,343.0,4.37,,,,,,,,FUTURES_OI,FuturesOI_25AUG26_Scan_24_7_2026.xlsx,FMCG,1469.6,0.83,8193,0.5,LB,1461,8.6,0.59,222.0,2.78,LB,-,-,-,-,-,-,-,-,-,-,-,-,,,,,,,,,,,,,,,,,
NHPC,,,,,,-0.8,,,,334.0,3.23,,,,,,,,FUTURES_OI,FuturesOI_25AUG26_Scan_24_7_2026.xlsx,Power Generation & Distribution,77.51,-1.02,10681,0.93,SB,77.68,-0.17,-0.22,210.0,2,SB,-,-,-,-,-,-,-,-,-,-,-,-,,,,,,,,,,,,,,,,,
NIFTY,,,,,,-179.2,,,,3740.0,4.05,,,,,,,,FUTURES_OI,FuturesOI_25AUG26_Scan_24_7_2026.xlsx,,23755.0,-0.75,96072,1.05,SB,23785,-30,-0.13,2803.0,3,SB,-,-,-,-,-,-,-,-,-,-,-,-,,,,,,,,,,,,,,,,,
NIFTYNXT50,,,,,,-452.4,,,,-1.0,-0.29,,,,,,,,FUTURES_OI,FuturesOI_25AUG26_Scan_24_7_2026.xlsx,,71612.0,-0.63,339,,LU,71612,0,0,0.0,0,-,-,-,-,-,-,-,-,-,-,-,-,-,,,,,,,,,,,,,,,,,
NMDC,,,,,,-0.36,,,,543.0,2.13,,,,,,,,FUTURES_OI,FuturesOI_25AUG26_Scan_24_7_2026.xlsx,Mining & Mineral products,82.8,-0.43,26011,0.89,SB,82.64,0.16,0.19,441.0,1.72,LB,-,-,-,-,-,-,-,-,-,-,-,-,,,,,,,,,,,,,,,,,
NTPC,,,,,,-1.65,,,,709.0,3.55,,,,,,,,FUTURES_OI,FuturesOI_25AUG26_Scan_24_7_2026.xlsx,Power Generation & Distribution,348.15,-0.47,20690,0.71,SB,348.2,-0.05,-0.01,515.0,2.55,SB,-,-,-,-,-,-,-,-,-,-,-,-,,,,,,,,,,,,,,,,,
NYKAA,,,,,,-3.8,,,,218.0,3.64,,,,,,,,FUTURES_OI,FuturesOI_25AUG26_Scan_24_7_2026.xlsx,E-Commerce/App based Aggregator,322.1,-1.17,6213,1.18,SB,322.55,-0.45,-0.14,125.0,2.05,SB,-,-,-,-,-,-,-,-,-,-,-,-,,,,,,,,,,,,,,,,,
OBEROIRLTY,,,,,,-10.1,,,,433.0,4.7,,,,,,,,FUTURES_OI,FuturesOI_25AUG26_Scan_24_7_2026.xlsx,Realty,1785.1,-0.56,9649,0.67,SB,1779.3,5.8,0.33,194.0,2.06,LB,-,-,-,-,-,-,-,-,-,-,-,-,,,,,,,,,,,,,,,,,
OFSS,,,,,,20.0,,,,185.0,2.76,,,,,,,,FUTURES_OI,FuturesOI_25AUG26_Scan_24_7_2026.xlsx,IT - Software,10793.0,0.19,6880,0.64,LB,10780,13,0.12,79.0,1.16,LB,-,-,-,-,-,-,-,-,-,-,-,-,,,,,,,,,,,,,,,,,
OIL,,,,,,-3.65,,,,388.0,6.41,,,,,,,,FUTURES_OI,FuturesOI_25AUG26_Scan_24_7_2026.xlsx,Crude Oil & Natural Gas,452.8,-0.8,6437,0.81,SB,455.4,-2.6,-0.57,206.0,3.3,SB,-,-,-,-,-,-,-,-,-,-,-,-,,,,,,,,,,,,,,,,,
ONGC,,,,,,-1.22,,,,178.0,1.94,,,,,,,,FUTURES_OI,FuturesOI_25AUG26_Scan_24_7_2026.xlsx,Crude Oil & Natural Gas,251.52,-0.48,9359,0.65,SB,252.17,-0.65,-0.26,122.0,1.32,SB,-,-,-,-,-,-,-,-,-,-,-,-,,,,,,,,,,,,,,,,,
PAGEIND,,,,,,-120.0,,,,237.0,5.28,,,,,,,,FUTURES_OI,FuturesOI_25AUG26_Scan_24_7_2026.xlsx,Readymade Garments/ Apparells,40060.0,-0.3,4725,0.61,SB,40030,30,0.07,151.0,3.29,LB,-,-,-,-,-,-,-,-,-,-,-,-,,,,,,,,,,,,,,,,,
PATANJALI,,,,,,-1.95,,,,535.0,4.27,,,,,,,,FUTURES_OI,FuturesOI_25AUG26_Scan_24_7_2026.xlsx,FMCG,336.65,-0.58,13075,0.57,SB,337.25,-0.6,-0.18,440.0,3.48,SB,-,-,-,-,-,-,-,-,-,-,-,-,,,,,,,,,,,,,,,,,
PAYTM,,,,,,-1.5,,,,288.0,3.0,,,,,,,,FUTURES_OI,FuturesOI_25AUG26_Scan_24_7_2026.xlsx,E-Commerce/App based Aggregator,1263.0,-0.12,9898,0.49,SB,1258.3,4.7,0.37,194.0,2,LB,-,-,-,-,-,-,-,-,-,-,-,-,,,,,,,,,,,,,,,,,
PERSISTENT,,,,,,66.4,,,,543.0,3.14,,,,,,,,FUTURES_OI,FuturesOI_25AUG26_Scan_24_7_2026.xlsx,IT - Software,5036.4,1.34,17858,0.97,LB,5056.5,-20.1,-0.4,365.0,2.09,SB,-,-,-,-,-,-,-,-,-,-,-,-,,,,,,,,,,,,,,,,,
PETRONET,,,,,,0.9,,,,181.0,3.81,,,,,,,,FUTURES_OI,FuturesOI_25AUG26_Scan_24_7_2026.xlsx,Gas Distribution,271.1,0.33,4932,0.84,LB,270.35,0.75,0.28,119.0,2.47,LB,-,-,-,-,-,-,-,-,-,-,-,-,,,,,,,,,,,,,,,,,
PFC,,,,,,-0.95,,,,564.0,3.86,,,,,,,,FUTURES_OI,FuturesOI_25AUG26_Scan_24_7_2026.xlsx,Finance,405.95,-0.23,15179,0.88,SB,407,-1.05,-0.26,357.0,2.41,SB,-,-,-,-,-,-,-,-,-,-,-,-,,,,,,,,,,,,,,,,,
PGEL,,,,,,-9.4,,,,173.0,5.84,,,,,,,,FUTURES_OI,FuturesOI_25AUG26_Scan_24_7_2026.xlsx,Consumer Durables,570.1,-1.62,3137,0.65,SB,570.45,-0.35,-0.06,116.0,3.82,SB,-,-,-,-,-,-,-,-,-,-,-,-,,,,,,,,,,,,,,,,,
PHOENIXLTD,,,,,,-46.9,,,,184.0,6.25,,,,,,,,FUTURES_OI,FuturesOI_25AUG26_Scan_24_7_2026.xlsx,Realty,2002.9,-2.29,3128,0.59,SB,2003.5,-0.6,-0.03,99.0,3.27,SB,-,-,-,-,-,-,-,-,-,-,-,-,,,,,,,,,,,,,,,,,
PIDILITIND,,,,,,-9.8,,,,163.0,4.89,,,,,,,,FUTURES_OI,FuturesOI_25AUG26_Scan_24_7_2026.xlsx,Chemicals,1560.9,-0.62,3494,0.7,SB,1559.8,1.1,0.07,112.0,3.3,LB,-,-,-,-,-,-,-,-,-,-,-,-,,,,,,,,,,,,,,,,,
PIIND,,,,,,10.7,,,,323.0,5.92,,,,,,,,FUTURES_OI,FuturesOI_25AUG26_Scan_24_7_2026.xlsx,Agro Chemicals,2699.8,0.4,5782,0.92,LB,2703.9,-4.1,-0.15,170.0,3.03,SB,-,-,-,-,-,-,-,-,-,-,-,-,,,,,,,,,,,,,,,,,
PNB,,,,,,-0.55,,,,482.0,2.82,,,,,,,,FUTURES_OI,FuturesOI_25AUG26_Scan_24_7_2026.xlsx,Banks,110.15,-0.5,17551,0.79,SB,110.01,0.14,0.13,248.0,1.43,LB,-,-,-,-,-,-,-,-,-,-,-,-,,,,,,,,,,,,,,,,,
PNBHOUSING,,,,,,-3.6,,,,114.0,2.49,,,,,,,,FUTURES_OI,FuturesOI_25AUG26_Scan_24_7_2026.xlsx,Finance,1062.3,-0.34,4687,1.06,SB,1065.8,-3.5,-0.33,67.0,1.45,SB,-,-,-,-,-,-,-,-,-,-,-,-,,,,,,,,,,,,,,,,,
POLICYBZR,,,,,,-18.3,,,,635.0,7.68,,,,,,,,FUTURES_OI,FuturesOI_25AUG26_Scan_24_7_2026.xlsx,IT - Software,1517.9,-1.19,8904,1.35,SB,1520.7,-2.8,-0.18,412.0,4.82,SB,-,-,-,-,-,-,-,-,-,-,-,-,,,,,,,,,,,,,,,,,
POLYCAB,,,,,,-54.5,,,,450.0,5.79,,,,,,,,FUTURES_OI,FuturesOI_25AUG26_Scan_24_7_2026.xlsx,Cables,8925.5,-0.61,8222,0.53,SB,8941,-15.5,-0.17,267.0,3.35,SB,-,-,-,-,-,-,-,-,-,-,-,-,,,,,,,,,,,,,,,,,
POWERGRID,,,,,,-0.6,,,,233.0,2.75,,,,,,,,FUTURES_OI,FuturesOI_25AUG26_Scan_24_7_2026.xlsx,Power Generation & Distribution,289.15,-0.21,8710,1.26,SB,288.7,0.45,0.16,143.0,1.67,LB,-,-,-,-,-,-,-,-,-,-,-,-,,,,,,,,,,,,,,,,,
POWERINDIA,,,,,,80.0,,,,141.0,2.16,,,,,,,,FUTURES_OI,FuturesOI_25AUG26_Scan_24_7_2026.xlsx,Capital Goods - Electrical Equipment,32355.0,0.25,6682,0.94,LB,32400,-45,-0.14,123.0,1.87,SB,-,-,-,-,-,-,-,-,-,-,-,-,,,,,,,,,,,,,,,,,
PREMIERENE,,,,,,-7.3,,,,143.0,3.12,,,,,,,,FUTURES_OI,FuturesOI_25AUG26_Scan_24_7_2026.xlsx,Trading,1009.7,-0.72,4730,0.55,SB,1007.4,2.3,0.23,104.0,2.24,LB,-,-,-,-,-,-,-,-,-,-,-,-,,,,,,,,,,,,,,,,,
PRESTIGE,,,,,,-25.8,,,,203.0,4.95,,,,,,,,FUTURES_OI,FuturesOI_25AUG26_Scan_24_7_2026.xlsx,Realty,1604.3,-1.58,4305,0.58,SB,1610.2,-5.9,-0.37,93.0,2.2,SB,-,-,-,-,-,-,-,-,-,-,-,-,,,,,,,,,,,,,,,,,
RADICO,,,,,,17.5,,,,34.0,3.82,,,,,,,,FUTURES_OI,FuturesOI_25AUG26_Scan_24_7_2026.xlsx,Alcoholic Beverages,4096.1,0.43,925,0.29,LB,4092.5,3.6,0.09,28.0,3.08,LB,-,-,-,-,-,-,-,-,-,-,-,-,,,,,,,,,,,,,,,,,
RBLBANK,,,,,,-3.55,,,,317.0,7.67,,,,,,,,FUTURES_OI,FuturesOI_25AUG26_Scan_24_7_2026.xlsx,Banks,352.2,-1.0,4450,0.49,SB,351.65,0.55,0.16,242.0,5.74,LB,-,-,-,-,-,-,-,-,-,-,-,-,,,,,,,,,,,,,,,,,
RECLTD,,,,,,0.4,,,,740.0,6.44,,,,,,,,FUTURES_OI,FuturesOI_25AUG26_Scan_24_7_2026.xlsx,Finance,354.7,0.11,12237,0.92,LB,355.55,-0.85,-0.24,622.0,5.35,SB,-,-,-,-,-,-,-,-,-,-,-,-,,,,,,,,,,,,,,,,,
RELIANCE,,,,,,-6.7,,,,2232.0,2.61,,,,,,,,FUTURES_OI,FuturesOI_25AUG26_Scan_24_7_2026.xlsx,Refineries,1273.2,-0.52,87639,0.76,SB,1274.3,-1.1,-0.09,1459.0,1.69,SB,-,-,-,-,-,-,-,-,-,-,-,-,,,,,,,,,,,,,,,,,
RVNL,,,,,,-0.97,,,,288.0,3.67,,,,,,,,FUTURES_OI,FuturesOI_25AUG26_Scan_24_7_2026.xlsx,Infrastructure Developers & Operators,220.35,-0.44,8137,0.97,SB,221.11,-0.76,-0.34,186.0,2.34,SB,-,-,-,-,-,-,-,-,-,-,-,-,,,,,,,,,,,,,,,,,
SAIL,,,,,,-1.47,,,,289.0,1.87,,,,,,,,FUTURES_OI,FuturesOI_25AUG26_Scan_24_7_2026.xlsx,Steel,160.11,-0.91,15732,0.58,SB,160.68,-0.57,-0.35,155.0,1,SB,-,-,-,-,-,-,-,-,-,-,-,-,,,,,,,,,,,,,,,,,
SBICARD,,,,,,-4.65,,,,631.0,4.85,,,,,,,,FUTURES_OI,FuturesOI_25AUG26_Scan_24_7_2026.xlsx,Finance,608.75,-0.76,13652,0.79,SB,609,-0.25,-0.04,461.0,3.49,SB,-,-,-,-,-,-,-,-,-,-,-,-,,,,,,,,,,,,,,,,,
SBILIFE,,,,,,-13.9,,,,268.0,3.07,,,,,,,,FUTURES_OI,FuturesOI_25AUG26_Scan_24_7_2026.xlsx,Insurance,1844.0,-0.75,9004,0.91,SB,1844.3,-0.3,-0.02,160.0,1.81,SB,-,-,-,-,-,-,-,-,-,-,-,-,,,,,,,,,,,,,,,,,
SBIN,,,,,,-6.2,,,,1265.0,2.53,,,,,,,,FUTURES_OI,FuturesOI_25AUG26_Scan_24_7_2026.xlsx,Banks,1013.1,-0.61,51312,0.86,SB,1015.9,-2.8,-0.28,780.0,1.54,SB,-,-,-,-,-,-,-,-,-,-,-,-,,,,,,,,,,,,,,,,,
SENSEX,,,,,,-629.0,,,,77.0,8.12,,,,,,,,FUTURES_OI,FuturesOI_25AUG26_Scan_24_7_2026.xlsx,,76138.45,-0.82,1025,0.84,SB,76259.45,-121,-0.16,48.0,4.92,SB,-,-,-,-,-,-,-,-,-,-,-,-,,,,,,,,,,,,,,,,,
SHREECEM,,,,,,-175.0,,,,359.0,6.89,,,,,,,,FUTURES_OI,FuturesOI_25AUG26_Scan_24_7_2026.xlsx,Cement,26295.0,-0.66,5570,0.72,SB,26370,-75,-0.28,204.0,3.8,SB,-,-,-,-,-,-,-,-,-,-,-,-,,,,,,,,,,,,,,,,,
SHRIRAMFIN,,,,,,-24.0,,,,828.0,6.52,,,,,,,,FUTURES_OI,FuturesOI_25AUG26_Scan_24_7_2026.xlsx,Finance,1008.9,-2.32,13521,0.61,SB,1002.5,6.4,0.64,269.0,2.03,LB,-,-,-,-,-,-,-,-,-,-,-,-,,,,,,,,,,,,,,,,,
SIEMENS,,,,,,-38.5,,,,321.0,3.54,,,,,,,,FUTURES_OI,FuturesOI_25AUG26_Scan_24_7_2026.xlsx,Capital Goods - Electrical Equipment,3589.1,-1.06,9384,0.57,SB,3582.1,7,0.2,158.0,1.71,LB,-,-,-,-,-,-,-,-,-,-,-,-,,,,,,,,,,,,,,,,,
SOLARINDS,,,,,,-96.0,,,,268.0,4.97,,,,,,,,FUTURES_OI,FuturesOI_25AUG26_Scan_24_7_2026.xlsx,Aerospace & Defence,18603.0,-0.51,5659,0.73,SB,18550,53,0.29,158.0,2.87,LB,-,-,-,-,-,-,-,-,-,-,-,-,,,,,,,,,,,,,,,,,
SONACOMS,,,,,,14.8,,,,424.0,11.58,,,,,,,,FUTURES_OI,FuturesOI_25AUG26_Scan_24_7_2026.xlsx,Auto Ancillaries,728.1,2.07,4087,0.39,LB,723.15,4.95,0.68,179.0,4.57,LB,-,-,-,-,-,-,-,-,-,-,-,-,,,,,,,,,,,,,,,,,
SRF,,,,,,27.6,,,,442.0,4.66,,,,,,,,FUTURES_OI,FuturesOI_25AUG26_Scan_24_7_2026.xlsx,Chemicals,2656.2,1.05,9929,0.4,LB,2655,1.2,0.05,241.0,2.48,LB,-,-,-,-,-,-,-,-,-,-,-,-,,,,,,,,,,,,,,,,,
SUNPHARMA,,,,,,5.1,,,,420.0,2.7,,,,,,,,FUTURES_OI,FuturesOI_25AUG26_Scan_24_7_2026.xlsx,Pharmaceuticals,1965.4,0.26,15995,0.77,LB,1962.4,3,0.15,295.0,1.88,LB,-,-,-,-,-,-,-,-,-,-,-,-,,,,,,,,,,,,,,,,,
SUPREMEIND,,,,,,-16.1,,,,226.0,3.85,,,,,,,,FUTURES_OI,FuturesOI_25AUG26_Scan_24_7_2026.xlsx,Plastic products,3423.1,-0.47,6089,0.7,SB,3434.7,-11.6,-0.34,124.0,2.08,SB,-,-,-,-,-,-,-,-,-,-,-,-,,,,,,,,,,,,,,,,,
SUZLON,,,,,,-0.36,,,,605.0,4.0,,,,,,,,FUTURES_OI,FuturesOI_25AUG26_Scan_24_7_2026.xlsx,Capital Goods - Electrical Equipment,52.32,-0.68,15726,0.53,SB,52.36,-0.04,-0.08,412.0,2.68,SB,-,-,-,-,-,-,-,-,-,-,-,-,,,,,,,,,,,,,,,,,
SWIGGY,,,,,,-20.53,,,,1287.0,12.27,,,,,,,,FUTURES_OI,FuturesOI_25AUG26_Scan_24_7_2026.xlsx,E-Commerce/App based Aggregator,241.5,-7.83,11777,0.76,SB,247.13,-5.63,-2.28,397.0,3.48,SB,-,-,-,-,-,-,-,-,-,-,-,-,,,,,,,,,,,,,,,,,
TATACONSUM,,,,,,7.6,,,,636.0,5.93,,,,,,,,FUTURES_OI,FuturesOI_25AUG26_Scan_24_7_2026.xlsx,Plantation & Plantation Products,1121.2,0.68,11354,0.73,LB,1112.8,8.4,0.75,387.0,3.52,LB,-,-,-,-,-,-,-,-,-,-,-,-,,,,,,,,,,,,,,,,,
TATAELXSI,,,,,,5.7,,,,217.0,1.25,,,,,,,,FUTURES_OI,FuturesOI_25AUG26_Scan_24_7_2026.xlsx,IT - Software,3352.1,0.17,17631,0.54,LB,3353.3,-1.2,-0.04,116.0,0.66,SB,-,-,-,-,-,-,-,-,-,-,-,-,,,,,,,,,,,,,,,,,
TATAPOWER,,,,,,-2.05,,,,432.0,3.25,,,,,,,,FUTURES_OI,FuturesOI_25AUG26_Scan_24_7_2026.xlsx,Power Generation & Distribution,375.85,-0.54,13719,0.64,SB,376.85,-1,-0.27,233.0,1.73,SB,-,-,-,-,-,-,-,-,-,-,-,-,,,,,,,,,,,,,,,,,
TATASTEEL,,,,,,-2.25,,,,748.0,3.03,,,,,,,,FUTURES_OI,FuturesOI_25AUG26_Scan_24_7_2026.xlsx,Steel,183.07,-1.21,25397,0.89,SB,183.79,-0.72,-0.39,573.0,2.31,SB,-,-,-,-,-,-,-,-,-,-,-,-,,,,,,,,,,,,,,,,,
TCS,,,,,,8.7,,,,2773.0,3.74,,,,,,,,FUTURES_OI,FuturesOI_25AUG26_Scan_24_7_2026.xlsx,IT - Software,2241.1,0.39,76911,0.99,LB,2247.4,-6.3,-0.28,1711.0,2.27,SB,-,-,-,-,-,-,-,-,-,-,-,-,,,,,,,,,,,,,,,,,
TECHM,,,,,,-5.7,,,,798.0,5.71,,,,,,,,FUTURES_OI,FuturesOI_25AUG26_Scan_24_7_2026.xlsx,IT - Software,1548.2,-0.37,14766,0.41,SB,1558.4,-10.2,-0.65,422.0,2.94,SB,-,-,-,-,-,-,-,-,-,-,-,-,,,,,,,,,,,,,,,,,
TIINDIA,,,,,,-13.5,,,,265.0,8.29,,,,,,,,FUTURES_OI,FuturesOI_25AUG26_Scan_24_7_2026.xlsx,Capital Goods-Non Electrical Equipment,2829.0,-0.47,3461,1.05,SB,2816.2,12.8,0.45,137.0,4.11,LB,-,-,-,-,-,-,-,-,-,-,-,-,,,,,,,,,,,,,,,,,
TITAN,,,,,,-22.1,,,,495.0,3.97,,,,,,,,FUTURES_OI,FuturesOI_25AUG26_Scan_24_7_2026.xlsx,"Diamond, Gems and Jewellery",4695.9,-0.47,12973,1.01,SB,4695.2,0.7,0.01,263.0,2.07,LB,-,-,-,-,-,-,-,-,-,-,-,-,,,,,,,,,,,,,,,,,
TMPV,,,,,,-4.7,,,,948.0,4.86,,,,,,,,FUTURES_OI,FuturesOI_25AUG26_Scan_24_7_2026.xlsx,Automobile,321.3,-1.44,20466,0.86,SB,322,-0.7,-0.22,450.0,2.24,SB,-,-,-,-,-,-,-,-,-,-,-,-,,,,,,,,,,,,,,,,,
TORNTPHARM,,,,,,-1.0,,,,581.0,2.46,,,,,,,,FUTURES_OI,FuturesOI_25AUG26_Scan_24_7_2026.xlsx,Pharmaceuticals,4957.7,-0.02,24205,0.78,SB,4935.2,22.5,0.46,242.0,1.01,LB,-,-,-,-,-,-,-,-,-,-,-,-,,,,,,,,,,,,,,,,,
TRENT,,,,,,-24.4,,,,1284.0,4.7,,,,,,,,FUTURES_OI,FuturesOI_25AUG26_Scan_24_7_2026.xlsx,Retail,2834.3,-0.85,28578,0.78,SB,2831.2,3.1,0.11,876.0,3.16,LB,-,-,-,-,-,-,-,-,-,-,-,-,,,,,,,,,,,,,,,,,
TVSMOTOR,,,,,,-30.1,,,,1552.0,5.14,,,,,,,,FUTURES_OI,FuturesOI_25AUG26_Scan_24_7_2026.xlsx,Automobile,3906.8,-0.76,31738,0.71,SB,3910.2,-3.4,-0.09,901.0,2.92,SB,-,-,-,-,-,-,-,-,-,-,-,-,,,,,,,,,,,,,,,,,
ULTRACEMCO,,,,,,-157.0,,,,838.0,5.32,,,,,,,,FUTURES_OI,FuturesOI_25AUG26_Scan_24_7_2026.xlsx,Cement,11802.0,-1.31,16587,0.5,SB,11811,-9,-0.08,185.0,1.13,SB,-,-,-,-,-,-,-,-,-,-,-,-,,,,,,,,,,,,,,,,,
UNIONBANK,,,,,,-0.51,,,,429.0,3.77,,,,,,,,FUTURES_OI,FuturesOI_25AUG26_Scan_24_7_2026.xlsx,Banks,168.86,-0.3,11816,0.88,SB,169.03,-0.17,-0.1,214.0,1.84,SB,-,-,-,-,-,-,-,-,-,-,-,-,,,,,,,,,,,,,,,,,
UNITDSPR,,,,,,40.0,,,,639.0,7.58,,,,,,,,FUTURES_OI,FuturesOI_25AUG26_Scan_24_7_2026.xlsx,Alcoholic Beverages,1466.8,2.8,9071,0.74,LB,1444.3,22.5,1.56,357.0,4.09,LB,-,-,-,-,-,-,-,-,-,-,-,-,,,,,,,,,,,,,,,,,
UNOMINDA,,,,,,-20.0,,,,167.0,4.26,,,,,,,,FUTURES_OI,FuturesOI_25AUG26_Scan_24_7_2026.xlsx,Auto Ancillaries,1117.0,-1.76,4086,1.22,SB,1126.6,-9.6,-0.85,108.0,2.71,SB,-,-,-,-,-,-,-,-,-,-,-,-,,,,,,,,,,,,,,,,,
UPL,,,,,,-5.4,,,,434.0,4.94,,,,,,,,FUTURES_OI,FuturesOI_25AUG26_Scan_24_7_2026.xlsx,Agro Chemicals,604.35,-0.89,9212,0.94,SB,605.35,-1,-0.17,202.0,2.23,SB,-,-,-,-,-,-,-,-,-,-,-,-,,,,,,,,,,,,,,,,,
VBL,,,,,,-5.85,,,,729.0,4.8,,,,,,,,FUTURES_OI,FuturesOI_25AUG26_Scan_24_7_2026.xlsx,FMCG,454.8,-1.27,15922,0.55,SB,454.85,-0.05,-0.01,401.0,2.58,SB,-,-,-,-,-,-,-,-,-,-,-,-,,,,,,,,,,,,,,,,,
VEDL,,,,,,-3.35,,,,597.0,4.42,,,,,,,,FUTURES_OI,FuturesOI_25AUG26_Scan_24_7_2026.xlsx,Non Ferrous Metals,262.7,-1.26,14112,0.75,SB,262.05,0.65,0.25,372.0,2.71,LB,-,-,-,-,-,-,-,-,-,-,-,-,,,,,,,,,,,,,,,,,
VMM,,,,,,-1.62,,,,144.0,3.39,,,,,,,,FUTURES_OI,FuturesOI_25AUG26_Scan_24_7_2026.xlsx,Retail,108.48,-1.47,4394,0.65,SB,107.6,0.88,0.82,69.0,1.6,LB,-,-,-,-,-,-,-,-,-,-,-,-,,,,,,,,,,,,,,,,,
VOLTAS,,,,,,-12.1,,,,271.0,4.39,,,,,,,,FUTURES_OI,FuturesOI_25AUG26_Scan_24_7_2026.xlsx,Consumer Durables,1304.8,-0.92,6451,1.59,SB,1301.2,3.6,0.28,170.0,2.7,LB,-,-,-,-,-,-,-,-,-,-,-,-,,,,,,,,,,,,,,,,,
WAAREEENER,,,,,,-32.7,,,,878.0,3.69,,,,,,,,FUTURES_OI,FuturesOI_25AUG26_Scan_24_7_2026.xlsx,Capital Goods - Electrical Equipment,2660.2,-1.21,24647,1.34,SB,2659.4,0.8,0.03,470.0,1.94,LB,-,-,-,-,-,-,-,-,-,-,-,-,,,,,,,,,,,,,,,,,
WIPRO,,,,,,-1.0,,,,2278.0,4.7,,,,,,,,FUTURES_OI,FuturesOI_25AUG26_Scan_24_7_2026.xlsx,IT - Software,169.45,-0.59,50748,0.68,SB,169.94,-0.49,-0.29,1067.0,2.15,SB,-,-,-,-,-,-,-,-,-,-,-,-,,,,,,,,,,,,,,,,,
YESBANK,,,,,,-0.15,,,,639.0,4.78,,,,,,,,FUTURES_OI,FuturesOI_25AUG26_Scan_24_7_2026.xlsx,Banks,22.89,-0.65,13997,0.53,SB,22.85,0.04,0.18,279.0,2.03,LB,-,-,-,-,-,-,-,-,-,-,-,-,,,,,,,,,,,,,,,,,
ZYDUSLIFE,,,,,,3.6,,,,175.0,3.52,,,,,,,,FUTURES_OI,FuturesOI_25AUG26_Scan_24_7_2026.xlsx,Pharmaceuticals,1124.0,0.32,5151,0.64,LB,1118.4,5.6,0.5,123.0,2.44,LB,-,-,-,-,-,-,-,-,-,-,-,-,,,,,,,,,,,,,,,,,
360ONE,,,,,,-6.8,,,,7.0,0.12,,,,,,,,FUTURES_OI,FuturesOI_28JUL26_Scan_24_7_2026.xlsx,Stock/ Commodity Brokers,1077.6,-0.63,5767,0.58,SB,1079.8,-2.2,-0.2,-141.0,-2.39,LU,-,-,-,-,-,-,-,-,-,-,-,-,,,,,,,,,,,,,,,,,
ABB,,,,,,-67.5,,,,-119.0,-0.82,,,,,,,,FUTURES_OI,FuturesOI_28JUL26_Scan_24_7_2026.xlsx,Capital Goods - Electrical Equipment,7477.5,-0.89,14432,0.67,LU,7496,-18.5,-0.25,-125.0,-0.86,LU,-,-,-,-,-,-,-,-,-,-,-,-,,,,,,,,,,,,,,,,,
ABCAPITAL,,,,,,-6.7,,,,35.0,0.44,,,,,,,,FUTURES_OI,FuturesOI_28JUL26_Scan_24_7_2026.xlsx,Finance,385.5,-1.71,7954,0.65,SB,387,-1.5,-0.39,-24.0,-0.3,LU,-,-,-,-,-,-,-,-,-,-,-,-,,,,,,,,,,,,,,,,,
ADANIENSOL,,,,,,10.3,,,,-154.0,-0.77,,,,,,,,FUTURES_OI,FuturesOI_28JUL26_Scan_24_7_2026.xlsx,Power Generation & Distribution,1694.2,0.61,19898,0.45,SC,1696.8,-2.6,-0.15,-210.0,-1.04,LU,-,-,-,-,-,-,-,-,-,-,-,-,,,,,,,,,,,,,,,,,
ADANIENT,,,,,,4.9,,,,82.0,0.23,,,,,,,,FUTURES_OI,FuturesOI_28JUL26_Scan_24_7_2026.xlsx,Trading,3018.0,0.16,36521,0.59,LB,3018.3,-0.3,-0.01,-87.0,-0.24,LU,-,-,-,-,-,-,-,-,-,-,-,-,,,,,,,,,,,,,,,,,
ADANIGREEN,,,,,,-4.3,,,,-222.0,-0.8,,,,,,,,FUTURES_OI,FuturesOI_28JUL26_Scan_24_7_2026.xlsx,Power Generation & Distribution,1373.9,-0.31,27582,0.53,LU,1366.6,7.3,0.53,-171.0,-0.62,SC,-,-,-,-,-,-,-,-,-,-,-,-,,,,,,,,,,,,,,,,,
ADANIPORTS,,,,,,-3.3,,,,475.0,1.89,,,,,,,,FUTURES_OI,FuturesOI_28JUL26_Scan_24_7_2026.xlsx,Marine Port & Services,1777.6,-0.19,25541,0.65,SB,1771,6.6,0.37,376.0,1.49,LB,-,-,-,-,-,-,-,-,-,-,-,-,,,,,,,,,,,,,,,,,
ADANIPOWER,,,,,,0.68,,,,0.0,0.0,,,,,,,,FUTURES_OI,FuturesOI_28JUL26_Scan_24_7_2026.xlsx,Power Generation & Distribution,213.0,0.32,30363,0.55,-,211.58,1.42,0.67,-26.0,-0.09,SC,-,-,-,-,-,-,-,-,-,-,-,-,,,,,,,,,,,,,,,,,
ALKEM,,,,,,-8.5,,,,37.0,0.4,,,,,,,,FUTURES_OI,FuturesOI_28JUL26_Scan_24_7_2026.xlsx,Pharmaceuticals,5599.5,-0.15,9339,0.48,SB,5615.5,-16,-0.28,34.0,0.37,SB,-,-,-,-,-,-,-,-,-,-,-,-,,,,,,,,,,,,,,,,,
AMBER,,,,,,-111.0,,,,-106.0,-1.0,,,,,,,,FUTURES_OI,FuturesOI_28JUL26_Scan_24_7_2026.xlsx,Consumer Durables,7333.0,-1.49,10544,0.97,LU,7340,-7,-0.1,-120.0,-1.13,LU,-,-,-,-,-,-,-,-,-,-,-,-,,,,,,,,,,,,,,,,,
AMBUJACEM,,,,,,-4.6,,,,-21.0,-0.05,,,,,,,,FUTURES_OI,FuturesOI_28JUL26_Scan_24_7_2026.xlsx,Cement,418.7,-1.09,44999,0.49,LU,418.1,0.6,0.14,-69.0,-0.15,SC,-,-,-,-,-,-,-,-,-,-,-,-,,,,,,,,,,,,,,,,,
ANGELONE,,,,,,-1.0,,,,-29.0,-0.37,,,,,,,,FUTURES_OI,FuturesOI_28JUL26_Scan_24_7_2026.xlsx,Stock/ Commodity Brokers,305.7,-0.33,7763,0.5,LU,302.65,3.05,1.01,-27.0,-0.35,SC,-,-,-,-,-,-,-,-,-,-,-,-,,,,,,,,,,,,,,,,,
APLAPOLLO,,,,,,-19.2,,,,27.0,0.22,,,,,,,,FUTURES_OI,FuturesOI_28JUL26_Scan_24_7_2026.xlsx,Capital Goods-Non Electrical Equipment,1811.6,-1.05,12538,0.76,SB,1822.4,-10.8,-0.59,3.0,0.02,SB,-,-,-,-,-,-,-,-,-,-,-,-,,,,,,,,,,,,,,,,,
APOLLOHOSP,,,,,,-7.0,,,,73.0,0.81,,,,,,,,FUTURES_OI,FuturesOI_28JUL26_Scan_24_7_2026.xlsx,Healthcare,8860.0,-0.08,9092,0.91,SB,8858.5,1.5,0.02,49.0,0.54,LB,-,-,-,-,-,-,-,-,-,-,-,-,,,,,,,,,,,,,,,,,
ASHOKLEY,,,,,,-2.03,,,,56.0,0.25,,,,,,,,FUTURES_OI,FuturesOI_28JUL26_Scan_24_7_2026.xlsx,Automobile,148.83,-1.35,22164,0.68,SB,149,-0.17,-0.11,56.0,0.25,SB,-,-,-,-,-,-,-,-,-,-,-,-,,,,,,,,,,,,,,,,,
ASIANPAINT,,,,,,-28.3,,,,35.0,0.17,,,,,,,,FUTURES_OI,FuturesOI_28JUL26_Scan_24_7_2026.xlsx,Paints/Varnish,2644.0,-1.06,21043,0.92,SB,2654,-10,-0.38,-20.0,-0.09,LU,-,-,-,-,-,-,-,-,-,-,-,-,,,,,,,,,,,,,,,,,
ASTRAL,,,,,,0.7,,,,-116.0,-0.9,,,,,,,,FUTURES_OI,FuturesOI_28JUL26_Scan_24_7_2026.xlsx,Plastic products,1413.1,0.05,12781,0.66,SC,1418.2,-5.1,-0.36,-122.0,-0.95,LU,-,-,-,-,-,-,-,-,-,-,-,-,,,,,,,,,,,,,,,,,
AUBANK,,,,,,-6.0,,,,43.0,0.28,,,,,,,,FUTURES_OI,FuturesOI_28JUL26_Scan_24_7_2026.xlsx,Banks,971.4,-0.61,15176,0.74,SB,973.4,-2,-0.21,-13.0,-0.09,LU,-,-,-,-,-,-,-,-,-,-,-,-,,,,,,,,,,,,,,,,,
AUROPHARMA,,,,,,18.0,,,,-130.0,-1.15,,,,,,,,FUTURES_OI,FuturesOI_28JUL26_Scan_24_7_2026.xlsx,Pharmaceuticals,1542.0,1.18,11140,0.46,SC,1533.5,8.5,0.55,-109.0,-0.97,SC,-,-,-,-,-,-,-,-,-,-,-,-,,,,,,,,,,,,,,,,,
AXISBANK,,,,,,-8.0,,,,-29.0,-0.04,,,,,,,,FUTURES_OI,FuturesOI_28JUL26_Scan_24_7_2026.xlsx,Banks,1216.9,-0.65,81580,0.52,LU,1221.5,-4.6,-0.38,-71.0,-0.09,LU,-,-,-,-,-,-,-,-,-,-,-,-,,,,,,,,,,,,,,,,,
BAJAJ-AUTO,,,,,,-70.0,,,,24.0,0.11,,,,,,,,FUTURES_OI,FuturesOI_28JUL26_Scan_24_7_2026.xlsx,Automobile,11204.5,-0.62,22212,1.41,SB,11225,-20.5,-0.18,44.0,0.2,SB,-,-,-,-,-,-,-,-,-,-,-,-,,,,,,,,,,,,,,,,,
BAJAJFINSV,,,,,,-15.5,,,,10.0,0.05,,,,,,,,FUTURES_OI,FuturesOI_28JUL26_Scan_24_7_2026.xlsx,Finance,1871.2,-0.82,21825,0.74,SB,1876.2,-5,-0.27,-12.0,-0.05,LU,-,-,-,-,-,-,-,-,-,-,-,-,,,,,,,,,,,,,,,,,
BAJAJHLDNG,,,,,,77.0,,,,-5.0,-0.19,,,,,,,,FUTURES_OI,FuturesOI_28JUL26_Scan_24_7_2026.xlsx,Finance,10739.0,0.72,2613,0.53,SC,10690,49,0.46,-21.0,-0.8,SC,-,-,-,-,-,-,-,-,-,-,-,-,,,,,,,,,,,,,,,,,
BAJFINANCE,,,,,,-14.2,,,,449.0,0.7,,,,,,,,FUTURES_OI,FuturesOI_28JUL26_Scan_24_7_2026.xlsx,Finance,1026.4,-1.36,64552,0.87,SB,1030.7,-4.3,-0.42,161.0,0.25,SB,-,-,-,-,-,-,-,-,-,-,-,-,,,,,,,,,,,,,,,,,
BANDHANBNK,,,,,,-1.92,,,,51.0,0.35,,,,,,,,FUTURES_OI,FuturesOI_28JUL26_Scan_24_7_2026.xlsx,Banks,164.27,-1.16,14832,0.54,SB,165.13,-0.86,-0.52,16.0,0.11,SB,-,-,-,-,-,-,-,-,-,-,-,-,,,,,,,,,,,,,,,,,
BANKBARODA,,,,,,-1.85,,,,21.0,0.08,,,,,,,,FUTURES_OI,FuturesOI_28JUL26_Scan_24_7_2026.xlsx,Banks,241.35,-0.76,26899,0.79,SB,241.2,0.15,0.06,18.0,0.07,LB,-,-,-,-,-,-,-,-,-,-,-,-,,,,,,,,,,,,,,,,,
BANKEX,,,,,,0.0,,,,0.0,0.0,,,,,,,,FUTURES_OI,FuturesOI_28JUL26_Scan_24_7_2026.xlsx,,64260.85,0.0,2,0.86,-,-,-,-,0.0,-,-,-,-,-,-,-,-,-,-,-,-,-,-,,,,,,,,,,,,,,,,,
BANKINDIA,,,,,,-1.31,,,,-18.0,-0.14,,,,,,,,FUTURES_OI,FuturesOI_28JUL26_Scan_24_7_2026.xlsx,Banks,141.08,-0.92,13025,0.85,LU,141.08,0,0,-48.0,-0.37,-,-,-,-,-,-,-,-,-,-,-,-,-,,,,,,,,,,,,,,,,,
BANKNIFTY,,,,,,-390.8,,,,-452.0,-0.75,,,,,,,,FUTURES_OI,FuturesOI_28JUL26_Scan_24_7_2026.xlsx,,56274.6,-0.69,59734,0.7,LU,56344,-69.4,-0.12,-127.0,-0.21,LU,-,-,-,-,-,-,-,-,-,-,-,-,,,,,,,,,,,,,,,,,
BDL,,,,,,-4.7,,,,-229.0,-1.51,,,,,,,,FUTURES_OI,FuturesOI_28JUL26_Scan_24_7_2026.xlsx,Aerospace & Defence,1231.2,-0.38,14970,0.43,LU,1231.1,0.1,0.01,-209.0,-1.38,SC,-,-,-,-,-,-,-,-,-,-,-,-,,,,,,,,,,,,,,,,,
BEL,,,,,,-0.35,,,,-43.0,-0.09,,,,,,,,FUTURES_OI,FuturesOI_28JUL26_Scan_24_7_2026.xlsx,Aerospace & Defence,404.55,-0.09,47466,0.65,LU,403.8,0.75,0.19,-64.0,-0.13,SC,-,-,-,-,-,-,-,-,-,-,-,-,,,,,,,,,,,,,,,,,
BHARATFORG,,,,,,-24.0,,,,3.0,0.03,,,,,,,,FUTURES_OI,FuturesOI_28JUL26_Scan_24_7_2026.xlsx,"Castings, Forgings & Fastners",2157.6,-1.1,9950,0.68,SB,2165.9,-8.3,-0.38,-37.0,-0.37,LU,-,-,-,-,-,-,-,-,-,-,-,-,,,,,,,,,,,,,,,,,
BHARTIARTL,,,,,,-20.9,,,,18.0,0.04,,,,,,,,FUTURES_OI,FuturesOI_28JUL26_Scan_24_7_2026.xlsx,Telecom-Service,1889.8,-1.09,41266,0.49,SB,1903.5,-13.7,-0.72,-170.0,-0.41,LU,-,-,-,-,-,-,-,-,-,-,-,-,,,,,,,,,,,,,,,,,
BHEL,,,,,,-3.05,,,,33.0,0.17,,,,,,,,FUTURES_OI,FuturesOI_28JUL26_Scan_24_7_2026.xlsx,Capital Goods - Electrical Equipment,406.6,-0.74,19536,0.61,SB,407.8,-1.2,-0.29,8.0,0.04,SB,-,-,-,-,-,-,-,-,-,-,-,-,,,,,,,,,,,,,,,,,
BIOCON,,,,,,-4.55,,,,294.0,2.09,,,,,,,,FUTURES_OI,FuturesOI_28JUL26_Scan_24_7_2026.xlsx,Pharmaceuticals,430.5,-1.05,14387,0.76,SB,429.4,1.1,0.26,75.0,0.52,LB,-,-,-,-,-,-,-,-,-,-,-,-,,,,,,,,,,,,,,,,,
BLUESTARCO,,,,,,-22.6,,,,12.0,0.19,,,,,,,,FUTURES_OI,FuturesOI_28JUL26_Scan_24_7_2026.xlsx,Consumer Durables,1616.5,-1.38,6402,0.63,SB,1618.2,-1.7,-0.11,8.0,0.13,SB,-,-,-,-,-,-,-,-,-,-,-,-,,,,,,,,,,,,,,,,,
BOSCHLTD,,,,,,-385.0,,,,-31.0,-0.62,,,,,,,,FUTURES_OI,FuturesOI_28JUL26_Scan_24_7_2026.xlsx,Auto Ancillaries,41895.0,-0.91,5005,0.61,LU,41855,40,0.1,-36.0,-0.71,SC,-,-,-,-,-,-,-,-,-,-,-,-,,,,,,,,,,,,,,,,,
BPCL,,,,,,-3.25,,,,45.0,0.28,,,,,,,,FUTURES_OI,FuturesOI_28JUL26_Scan_24_7_2026.xlsx,Refineries,306.2,-1.05,16164,0.9,SB,306.9,-0.7,-0.23,9.0,0.06,SB,-,-,-,-,-,-,-,-,-,-,-,-,,,,,,,,,,,,,,,,,
BRITANNIA,,,,,,-45.5,,,,401.0,3.71,,,,,,,,FUTURES_OI,FuturesOI_28JUL26_Scan_24_7_2026.xlsx,FMCG,5343.5,-0.84,11224,0.78,SB,5345,-1.5,-0.03,364.0,3.34,SB,-,-,-,-,-,-,-,-,-,-,-,-,,,,,,,,,,,,,,,,,
BSE,,,,,,-36.6,,,,15.0,0.05,,,,,,,,FUTURES_OI,FuturesOI_28JUL26_Scan_24_7_2026.xlsx,Financial Services,3539.2,-1.02,32463,0.54,SB,3556.8,-17.6,-0.49,-14.0,-0.04,LU,-,-,-,-,-,-,-,-,-,-,-,-,,,,,,,,,,,,,,,,,
CAMS,,,,,,-0.45,,,,-6.0,-0.09,,,,,,,,FUTURES_OI,FuturesOI_28JUL26_Scan_24_7_2026.xlsx,Financial Services,758.4,-0.06,6919,0.48,LU,753.4,5,0.66,-34.0,-0.49,SC,-,-,-,-,-,-,-,-,-,-,-,-,,,,,,,,,,,,,,,,,
CANBK,,,,,,-1.15,,,,102.0,0.31,,,,,,,,FUTURES_OI,FuturesOI_28JUL26_Scan_24_7_2026.xlsx,Banks,124.27,-0.92,33205,0.76,SB,124.32,-0.05,-0.04,60.0,0.18,SB,-,-,-,-,-,-,-,-,-,-,-,-,,,,,,,,,,,,,,,,,
CDSL,,,,,,-7.7,,,,-136.0,-0.83,,,,,,,,FUTURES_OI,FuturesOI_28JUL26_Scan_24_7_2026.xlsx,Financial Services,1316.5,-0.58,16267,0.66,LU,1314,2.5,0.19,-145.0,-0.88,SC,-,-,-,-,-,-,-,-,-,-,-,-,,,,,,,,,,,,,,,,,
CGPOWER,,,,,,1.95,,,,-91.0,-0.57,,,,,,,,FUTURES_OI,FuturesOI_28JUL26_Scan_24_7_2026.xlsx,Capital Goods - Electrical Equipment,884.55,0.22,15868,0.65,SC,890.5,-5.95,-0.67,-76.0,-0.48,LU,-,-,-,-,-,-,-,-,-,-,-,-,,,,,,,,,,,,,,,,,
CHOLAFIN,,,,,,-48.9,,,,143.0,0.99,,,,,,,,FUTURES_OI,FuturesOI_28JUL26_Scan_24_7_2026.xlsx,Finance,1667.7,-2.85,14636,0.72,SB,1697.9,-30.2,-1.78,59.0,0.4,SB,-,-,-,-,-,-,-,-,-,-,-,-,,,,,,,,,,,,,,,,,
CIPLA,,,,,,36.9,,,,304.0,2.02,,,,,,,,FUTURES_OI,FuturesOI_28JUL26_Scan_24_7_2026.xlsx,Pharmaceuticals,1428.9,2.65,15383,0.59,LB,1439.8,-10.9,-0.76,88.0,0.57,SB,-,-,-,-,-,-,-,-,-,-,-,-,,,,,,,,,,,,,,,,,
COALINDIA,,,,,,-1.35,,,,-93.0,-0.25,,,,,,,,FUTURES_OI,FuturesOI_28JUL26_Scan_24_7_2026.xlsx,Mining & Mineral products,427.25,-0.31,37124,0.63,LU,427.75,-0.5,-0.12,-29.0,-0.08,LU,-,-,-,-,-,-,-,-,-,-,-,-,,,,,,,,,,,,,,,,,
COCHINSHIP,,,,,,-6.7,,,,-189.0,-1.51,,,,,,,,FUTURES_OI,FuturesOI_28JUL26_Scan_24_7_2026.xlsx,Aerospace & Defence,1388.5,-0.48,12368,0.6,LU,1393,-4.5,-0.32,-147.0,-1.17,LU,-,-,-,-,-,-,-,-,-,-,-,-,,,,,,,,,,,,,,,,,
COFORGE,,,,,,12.4,,,,-186.0,-0.7,,,,,,,,FUTURES_OI,FuturesOI_28JUL26_Scan_24_7_2026.xlsx,IT - Software,1453.0,0.86,26367,0.52,SC,1455.4,-2.4,-0.16,-261.0,-0.98,LU,-,-,-,-,-,-,-,-,-,-,-,-,,,,,,,,,,,,,,,,,
COLPAL,,,,,,8.6,,,,101.0,0.79,,,,,,,,FUTURES_OI,FuturesOI_28JUL26_Scan_24_7_2026.xlsx,FMCG,2102.4,0.41,12825,0.74,LB,2095.3,7.1,0.34,42.0,0.33,LB,-,-,-,-,-,-,-,-,-,-,-,-,,,,,,,,,,,,,,,,,
CONCOR,,,,,,-3.7,,,,-6.0,-0.05,,,,,,,,FUTURES_OI,FuturesOI_28JUL26_Scan_24_7_2026.xlsx,Logistics,476.85,-0.77,11116,0.81,LU,477.25,-0.4,-0.08,-10.0,-0.09,LU,-,-,-,-,-,-,-,-,-,-,-,-,,,,,,,,,,,,,,,,,
CROMPTON,,,,,,-5.85,,,,177.0,0.95,,,,,,,,FUTURES_OI,FuturesOI_28JUL26_Scan_24_7_2026.xlsx,Consumer Durables,244.1,-2.34,18718,0.47,SB,245.5,-1.4,-0.57,-13.0,-0.07,LU,-,-,-,-,-,-,-,-,-,-,-,-,,,,,,,,,,,,,,,,,
CUMMINSIND,,,,,,-7.0,,,,65.0,0.41,,,,,,,,FUTURES_OI,FuturesOI_28JUL26_Scan_24_7_2026.xlsx,Capital Goods-Non Electrical Equipment,5588.5,-0.13,15784,0.6,SB,5586,2.5,0.04,29.0,0.18,LB,-,-,-,-,-,-,-,-,-,-,-,-,,,,,,,,,,,,,,,,,
DABUR,,,,,,-1.25,,,,133.0,0.83,,,,,,,,FUTURES_OI,FuturesOI_28JUL26_Scan_24_7_2026.xlsx,FMCG,421.5,-0.3,16242,0.55,SB,421.45,0.05,0.01,63.0,0.39,LB,-,-,-,-,-,-,-,-,-,-,-,-,,,,,,,,,,,,,,,,,
DALBHARAT,,,,,,-6.2,,,,-338.0,-2.85,,,,,,,,FUTURES_OI,FuturesOI_28JUL26_Scan_24_7_2026.xlsx,Cement,1848.4,-0.33,11538,0.67,LU,1826.5,21.9,1.2,-183.0,-1.56,SC,-,-,-,-,-,-,-,-,-,-,-,-,,,,,,,,,,,,,,,,,
DELHIVERY,,,,,,-3.5,,,,-43.0,-0.49,,,,,,,,FUTURES_OI,FuturesOI_28JUL26_Scan_24_7_2026.xlsx,Logistics,462.2,-0.75,8804,0.54,LU,462.6,-0.4,-0.09,-50.0,-0.56,LU,-,-,-,-,-,-,-,-,-,-,-,-,,,,,,,,,,,,,,,,,
DIVISLAB,,,,,,0.0,,,,75.0,0.35,,,,,,,,FUTURES_OI,FuturesOI_28JUL26_Scan_24_7_2026.xlsx,Pharmaceuticals,7278.0,0.0,21213,1.15,-,7261.5,16.5,0.23,47.0,0.22,LB,-,-,-,-,-,-,-,-,-,-,-,-,,,,,,,,,,,,,,,,,
DIXON,,,,,,-177.0,,,,-182.0,-0.6,,,,,,,,FUTURES_OI,FuturesOI_28JUL26_Scan_24_7_2026.xlsx,Consumer Durables,13641.0,-1.28,30165,0.75,LU,13720,-79,-0.58,-334.0,-1.09,LU,-,-,-,-,-,-,-,-,-,-,-,-,,,,,,,,,,,,,,,,,
DLF,,,,,,-8.2,,,,-106.0,-0.4,,,,,,,,FUTURES_OI,FuturesOI_28JUL26_Scan_24_7_2026.xlsx,Realty,627.2,-1.29,26286,0.64,LU,630.05,-2.85,-0.45,-87.0,-0.33,LU,-,-,-,-,-,-,-,-,-,-,-,-,,,,,,,,,,,,,,,,,
DMART,,,,,,30.1,,,,-9.0,-0.04,,,,,,,,FUTURES_OI,FuturesOI_28JUL26_Scan_24_7_2026.xlsx,Retail,4079.4,0.74,21354,0.38,SC,4073.7,5.7,0.14,-89.0,-0.42,SC,-,-,-,-,-,-,-,-,-,-,-,-,,,,,,,,,,,,,,,,,
DRREDDY,,,,,,-16.3,,,,154.0,1.04,,,,,,,,FUTURES_OI,FuturesOI_28JUL26_Scan_24_7_2026.xlsx,Pharmaceuticals,1147.9,-1.4,14962,0.58,SB,1154.4,-6.5,-0.56,32.0,0.21,SB,-,-,-,-,-,-,-,-,-,-,-,-,,,,,,,,,,,,,,,,,
EICHERMOT,,,,,,-114.5,,,,389.0,1.73,,,,,,,,FUTURES_OI,FuturesOI_28JUL26_Scan_24_7_2026.xlsx,Automobile,7605.5,-1.48,22911,0.83,SB,7643.5,-38,-0.5,226.0,1,SB,-,-,-,-,-,-,-,-,-,-,-,-,,,,,,,,,,,,,,,,,
ETERNAL,,,,,,-6.75,,,,180.0,0.46,,,,,,,,FUTURES_OI,FuturesOI_28JUL26_Scan_24_7_2026.xlsx,E-Commerce/App based Aggregator,280.8,-2.35,39032,0.51,SB,281.15,-0.35,-0.12,-95.0,-0.24,LU,-,-,-,-,-,-,-,-,-,-,-,-,,,,,,,,,,,,,,,,,
EXIDEIND,,,,,,5.15,,,,45.0,0.45,,,,,,,,FUTURES_OI,FuturesOI_28JUL26_Scan_24_7_2026.xlsx,Auto Ancillaries,444.85,1.17,9975,0.67,LB,441.5,3.35,0.76,26.0,0.26,LB,-,-,-,-,-,-,-,-,-,-,-,-,,,,,,,,,,,,,,,,,
FEDERALBNK,,,,,,-2.7,,,,71.0,0.35,,,,,,,,FUTURES_OI,FuturesOI_28JUL26_Scan_24_7_2026.xlsx,Banks,351.85,-0.76,20628,0.99,SB,352.35,-0.5,-0.14,-9.0,-0.04,LU,-,-,-,-,-,-,-,-,-,-,-,-,,,,,,,,,,,,,,,,,
FINNIFTY,,,,,,-194.6,,,,6.0,1.35,,,,,,,,FUTURES_OI,FuturesOI_28JUL26_Scan_24_7_2026.xlsx,,25850.0,-0.75,449,0.59,SB,25920,-70,-0.27,1.0,0.22,SB,-,-,-,-,-,-,-,-,-,-,-,-,,,,,,,,,,,,,,,,,
FOCIT,,,,,,0.0,,,,0.0,0.0,,,,,,,,FUTURES_OI,FuturesOI_28JUL26_Scan_24_7_2026.xlsx,,34392.0,0.0,140,1.27,-,-,-,-,0.0,-,-,-,-,-,-,-,-,-,-,-,-,-,-,,,,,,,,,,,,,,,,,
FORCEMOT,,,,,,70.0,,,,-285.0,-4.32,,,,,,,,FUTURES_OI,FuturesOI_28JUL26_Scan_24_7_2026.xlsx,Automobile,17517.0,0.4,6314,0.41,SC,17425,92,0.53,-153.0,-2.37,SC,-,-,-,-,-,-,-,-,-,-,-,-,,,,,,,,,,,,,,,,,
FORTIS,,,,,,-2.1,,,,24.0,0.27,,,,,,,,FUTURES_OI,FuturesOI_28JUL26_Scan_24_7_2026.xlsx,Healthcare,941.95,-0.22,8785,0.56,SB,943.95,-2,-0.21,14.0,0.16,SB,-,-,-,-,-,-,-,-,-,-,-,-,,,,,,,,,,,,,,,,,
GAIL,,,,,,-0.53,,,,96.0,0.73,,,,,,,,FUTURES_OI,FuturesOI_28JUL26_Scan_24_7_2026.xlsx,Gas Distribution,171.29,-0.31,13323,0.62,SB,170.35,0.94,0.55,32.0,0.24,LB,-,-,-,-,-,-,-,-,-,-,-,-,,,,,,,,,,,,,,,,,
GLENMARK,,,,,,-7.6,,,,79.0,0.34,,,,,,,,FUTURES_OI,FuturesOI_28JUL26_Scan_24_7_2026.xlsx,Pharmaceuticals,2199.6,-0.34,23192,0.64,SB,2200.1,-0.5,-0.02,63.0,0.27,SB,-,-,-,-,-,-,-,-,-,-,-,-,,,,,,,,,,,,,,,,,
GMRAIRPORT,,,,,,-1.42,,,,66.0,0.5,,,,,,,,FUTURES_OI,FuturesOI_28JUL26_Scan_24_7_2026.xlsx,Miscellaneous,106.18,-1.32,13191,0.54,SB,105.97,0.21,0.2,7.0,0.05,LB,-,-,-,-,-,-,-,-,-,-,-,-,,,,,,,,,,,,,,,,,
GODFRYPHLP,,,,,,-5.0,,,,-64.0,-1.34,,,,,,,,FUTURES_OI,FuturesOI_28JUL26_Scan_24_7_2026.xlsx,Tobacco Products,2039.8,-0.24,4713,0.61,LU,2029,10.8,0.53,-56.0,-1.17,SC,-,-,-,-,-,-,-,-,-,-,-,-,,,,,,,,,,,,,,,,,
GODREJCP,,,,,,3.5,,,,119.0,0.83,,,,,,,,FUTURES_OI,FuturesOI_28JUL26_Scan_24_7_2026.xlsx,FMCG,1061.9,0.33,14458,0.59,LB,1060.5,1.4,0.13,73.0,0.51,LB,-,-,-,-,-,-,-,-,-,-,-,-,,,,,,,,,,,,,,,,,
GODREJPROP,,,,,,-34.3,,,,96.0,0.57,,,,,,,,FUTURES_OI,FuturesOI_28JUL26_Scan_24_7_2026.xlsx,Realty,2001.0,-1.69,16833,0.8,SB,2009,-8,-0.4,57.0,0.34,SB,-,-,-,-,-,-,-,-,-,-,-,-,,,,,,,,,,,,,,,,,
GRASIM,,,,,,-23.0,,,,45.0,0.19,,,,,,,,FUTURES_OI,FuturesOI_28JUL26_Scan_24_7_2026.xlsx,Textiles,3090.0,-0.74,23526,0.52,SB,3093.7,-3.7,-0.12,15.0,0.06,SB,-,-,-,-,-,-,-,-,-,-,-,-,,,,,,,,,,,,,,,,,
GVT&D,,,,,,-35.9,,,,-44.0,-0.38,,,,,,,,FUTURES_OI,FuturesOI_28JUL26_Scan_24_7_2026.xlsx,Capital Goods - Electrical Equipment,4294.3,-0.83,11505,0.72,LU,4333.5,-39.2,-0.9,-19.0,-0.16,LU,-,-,-,-,-,-,-,-,-,-,-,-,,,,,,,,,,,,,,,,,
HAL,,,,,,-35.3,,,,-21.0,-0.09,,,,,,,,FUTURES_OI,FuturesOI_28JUL26_Scan_24_7_2026.xlsx,Aerospace & Defence,4550.0,-0.77,22093,0.62,LU,4567.8,-17.8,-0.39,-4.0,-0.02,LU,-,-,-,-,-,-,-,-,-,-,-,-,,,,,,,,,,,,,,,,,
HAVELLS,,,,,,0.8,,,,111.0,0.84,,,,,,,,FUTURES_OI,FuturesOI_28JUL26_Scan_24_7_2026.xlsx,Consumer Durables,1209.4,0.07,13292,0.7,LB,1207.7,1.7,0.14,39.0,0.29,LB,-,-,-,-,-,-,-,-,-,-,-,-,,,,,,,,,,,,,,,,,
HCLTECH,,,,,,10.8,,,,512.0,0.89,,,,,,,,FUTURES_OI,FuturesOI_28JUL26_Scan_24_7_2026.xlsx,IT - Software,1257.4,0.87,58231,0.73,LB,1263.9,-6.5,-0.51,52.0,0.09,SB,-,-,-,-,-,-,-,-,-,-,-,-,,,,,,,,,,,,,,,,,
HDFCAMC,,,,,,-19.5,,,,-31.0,-0.26,,,,,,,,FUTURES_OI,FuturesOI_28JUL26_Scan_24_7_2026.xlsx,Finance,2486.1,-0.78,11902,0.66,LU,2497.7,-11.6,-0.46,-12.0,-0.1,LU,-,-,-,-,-,-,-,-,-,-,-,-,,,,,,,,,,,,,,,,,
HDFCBANK,,,,,,-7.2,,,,625.0,0.28,,,,,,,,FUTURES_OI,FuturesOI_28JUL26_Scan_24_7_2026.xlsx,Banks,741.2,-0.96,220581,0.5,SB,743.8,-2.6,-0.35,367.0,0.17,SB,-,-,-,-,-,-,-,-,-,-,-,-,,,,,,,,,,,,,,,,,
HDFCLIFE,,,,,,0.1,,,,288.0,1.09,,,,,,,,FUTURES_OI,FuturesOI_28JUL26_Scan_24_7_2026.xlsx,Insurance,551.95,0.02,26727,0.6,LB,553.35,-1.4,-0.25,178.0,0.67,SB,-,-,-,-,-,-,-,-,-,-,-,-,,,,,,,,,,,,,,,,,
HEROMOTOCO,,,,,,-66.4,,,,11.0,0.05,,,,,,,,FUTURES_OI,FuturesOI_28JUL26_Scan_24_7_2026.xlsx,Automobile,5035.3,-1.3,22373,0.68,SB,5053.9,-18.6,-0.37,2.0,0.01,SB,-,-,-,-,-,-,-,-,-,-,-,-,,,,,,,,,,,,,,,,,
HINDALCO,,,,,,-10.0,,,,50.0,0.11,,,,,,,,FUTURES_OI,FuturesOI_28JUL26_Scan_24_7_2026.xlsx,Non Ferrous Metals,945.9,-1.05,44633,0.52,SB,946.35,-0.45,-0.05,17.0,0.04,SB,-,-,-,-,-,-,-,-,-,-,-,-,,,,,,,,,,,,,,,,,
HINDPETRO,,,,,,-5.55,,,,-121.0,-0.89,,,,,,,,FUTURES_OI,FuturesOI_28JUL26_Scan_24_7_2026.xlsx,Refineries,379.1,-1.44,13439,0.86,LU,380,-0.9,-0.24,-93.0,-0.69,LU,-,-,-,-,-,-,-,-,-,-,-,-,,,,,,,,,,,,,,,,,
HINDUNILVR,,,,,,-3.1,,,,159.0,0.34,,,,,,,,FUTURES_OI,FuturesOI_28JUL26_Scan_24_7_2026.xlsx,FMCG,2158.1,-0.14,46360,0.73,SB,2157,1.1,0.05,106.0,0.23,LB,-,-,-,-,-,-,-,-,-,-,-,-,,,,,,,,,,,,,,,,,
HINDZINC,,,,,,-5.45,,,,-14.0,-0.08,,,,,,,,FUTURES_OI,FuturesOI_28JUL26_Scan_24_7_2026.xlsx,Non Ferrous Metals,526.0,-1.03,17779,0.64,LU,526.3,-0.3,-0.06,-52.0,-0.29,LU,-,-,-,-,-,-,-,-,-,-,-,-,,,,,,,,,,,,,,,,,
HYUNDAI,,,,,,-18.1,,,,-60.0,-0.46,,,,,,,,FUTURES_OI,FuturesOI_28JUL26_Scan_24_7_2026.xlsx,Automobile,1942.5,-0.92,13095,0.6,LU,1949,-6.5,-0.33,-60.0,-0.46,LU,-,-,-,-,-,-,-,-,-,-,-,-,,,,,,,,,,,,,,,,,
ICICIBANK,,,,,,-10.3,,,,635.0,0.63,,,,,,,,FUTURES_OI,FuturesOI_28JUL26_Scan_24_7_2026.xlsx,Banks,1424.1,-0.72,101248,0.82,SB,1427.5,-3.4,-0.24,239.0,0.24,SB,-,-,-,-,-,-,-,-,-,-,-,-,,,,,,,,,,,,,,,,,
ICICIGI,,,,,,46.7,,,,431.0,3.16,,,,,,,,FUTURES_OI,FuturesOI_28JUL26_Scan_24_7_2026.xlsx,Insurance,1665.7,2.88,14091,0.75,LB,1643.2,22.5,1.37,136.0,0.97,LB,-,-,-,-,-,-,-,-,-,-,-,-,,,,,,,,,,,,,,,,,
ICICIPRULI,,,,,,-2.2,,,,-23.0,-0.16,,,,,,,,FUTURES_OI,FuturesOI_28JUL26_Scan_24_7_2026.xlsx,Insurance,498.65,-0.44,13964,0.64,LU,502.45,-3.8,-0.76,-23.0,-0.16,LU,-,-,-,-,-,-,-,-,-,-,-,-,,,,,,,,,,,,,,,,,
IDEA,,,,,,-0.23,,,,267.0,0.54,,,,,,,,FUTURES_OI,FuturesOI_28JUL26_Scan_24_7_2026.xlsx,Telecom-Service,13.01,-1.74,50051,0.46,SB,13,0.01,0.08,-71.0,-0.14,SC,-,-,-,-,-,-,-,-,-,-,-,-,,,,,,,,,,,,,,,,,
IDFCFIRSTB,,,,,,-0.51,,,,-46.0,-0.18,,,,,,,,FUTURES_OI,FuturesOI_28JUL26_Scan_24_7_2026.xlsx,Banks,79.39,-0.64,25154,0.76,LU,79.58,-0.19,-0.24,-152.0,-0.6,LU,-,-,-,-,-,-,-,-,-,-,-,-,,,,,,,,,,,,,,,,,
IEX,,,,,,0.71,,,,-52.0,-0.36,,,,,,,,FUTURES_OI,FuturesOI_28JUL26_Scan_24_7_2026.xlsx,Financial Services,122.55,0.58,14256,0.8,SC,123.05,-0.5,-0.41,-38.0,-0.27,LU,-,-,-,-,-,-,-,-,-,-,-,-,,,,,,,,,,,,,,,,,
INDHOTEL,,,,,,-5.6,,,,90.0,0.56,,,,,,,,FUTURES_OI,FuturesOI_28JUL26_Scan_24_7_2026.xlsx,Hotels & Restaurants,717.5,-0.77,16198,0.65,SB,719.1,-1.6,-0.22,66.0,0.41,SB,-,-,-,-,-,-,-,-,-,-,-,-,,,,,,,,,,,,,,,,,
INDIANB,,,,,,-6.65,,,,17.0,0.13,,,,,,,,FUTURES_OI,FuturesOI_28JUL26_Scan_24_7_2026.xlsx,Banks,819.45,-0.8,12831,0.76,SB,819.15,0.3,0.04,2.0,0.02,LB,-,-,-,-,-,-,-,-,-,-,-,-,,,,,,,,,,,,,,,,,
INDIGO,,,,,,-122.0,,,,419.0,1.65,,,,,,,,FUTURES_OI,FuturesOI_28JUL26_Scan_24_7_2026.xlsx,Air Transport Service,4904.0,-2.43,25745,0.97,SB,4908.5,-4.5,-0.09,-46.0,-0.18,LU,-,-,-,-,-,-,-,-,-,-,-,-,,,,,,,,,,,,,,,,,
INDUSINDBK,,,,,,-15.45,,,,-153.0,-0.43,,,,,,,,FUTURES_OI,FuturesOI_28JUL26_Scan_24_7_2026.xlsx,Banks,987.65,-1.54,35716,0.72,LU,992.5,-4.85,-0.49,-83.0,-0.23,LU,-,-,-,-,-,-,-,-,-,-,-,-,,,,,,,,,,,,,,,,,
INDUSTOWER,,,,,,-2.5,,,,75.0,0.2,,,,,,,,FUTURES_OI,FuturesOI_28JUL26_Scan_24_7_2026.xlsx,Telecom Equipment & Infra Services,388.3,-0.64,37858,0.79,SB,387.6,0.7,0.18,12.0,0.03,LB,-,-,-,-,-,-,-,-,-,-,-,-,,,,,,,,,,,,,,,,,
INFY,,,,,,-13.5,,,,-3294.0,-1.63,,,,,,,,FUTURES_OI,FuturesOI_28JUL26_Scan_24_7_2026.xlsx,IT - Software,1037.3,-1.28,198687,0.77,LU,1045.1,-7.8,-0.75,-1995.0,-0.99,LU,-,-,-,-,-,-,-,-,-,-,-,-,,,,,,,,,,,,,,,,,
INOXWIND,,,,,,-0.8,,,,-109.0,-0.96,,,,,,,,FUTURES_OI,FuturesOI_28JUL26_Scan_24_7_2026.xlsx,Capital Goods - Electrical Equipment,75.55,-1.05,11298,0.52,LU,75.98,-0.43,-0.57,-81.0,-0.71,LU,-,-,-,-,-,-,-,-,-,-,-,-,,,,,,,,,,,,,,,,,
IOC,,,,,,-2.21,,,,50.0,0.27,,,,,,,,FUTURES_OI,FuturesOI_28JUL26_Scan_24_7_2026.xlsx,Refineries,137.86,-1.58,18584,0.76,SB,138.17,-0.31,-0.22,-59.0,-0.32,LU,-,-,-,-,-,-,-,-,-,-,-,-,,,,,,,,,,,,,,,,,
IREDA,,,,,,-0.98,,,,-150.0,-1.48,,,,,,,,FUTURES_OI,FuturesOI_28JUL26_Scan_24_7_2026.xlsx,Finance,118.5,-0.82,9968,0.63,LU,118.95,-0.45,-0.38,-128.0,-1.27,LU,-,-,-,-,-,-,-,-,-,-,-,-,,,,,,,,,,,,,,,,,
IRFC,,,,,,-0.47,,,,-145.0,-1.29,,,,,,,,FUTURES_OI,FuturesOI_28JUL26_Scan_24_7_2026.xlsx,Finance,86.55,-0.54,11054,0.6,LU,86.81,-0.26,-0.3,-102.0,-0.91,LU,-,-,-,-,-,-,-,-,-,-,-,-,,,,,,,,,,,,,,,,,
ITC,,,,,,-0.15,,,,92.0,0.17,,,,,,,,FUTURES_OI,FuturesOI_28JUL26_Scan_24_7_2026.xlsx,Tobacco Products,281.5,-0.05,54528,0.65,SB,280.8,0.7,0.25,41.0,0.08,LB,-,-,-,-,-,-,-,-,-,-,-,-,,,,,,,,,,,,,,,,,
JINDALSTEL,,,,,,-9.9,,,,11.0,0.08,,,,,,,,FUTURES_OI,FuturesOI_28JUL26_Scan_24_7_2026.xlsx,Steel,1033.4,-0.95,14464,0.75,SB,1035.5,-2.1,-0.2,-25.0,-0.17,LU,-,-,-,-,-,-,-,-,-,-,-,-,,,,,,,,,,,,,,,,,
JIOFIN,,,,,,-0.93,,,,-288.0,-0.67,,,,,,,,FUTURES_OI,FuturesOI_28JUL26_Scan_24_7_2026.xlsx,Finance,232.12,-0.4,42448,0.5,LU,232.7,-0.58,-0.25,-338.0,-0.79,LU,-,-,-,-,-,-,-,-,-,-,-,-,,,,,,,,,,,,,,,,,
JSWENERGY,,,,,,-9.5,,,,-31.0,-0.23,,,,,,,,FUTURES_OI,FuturesOI_28JUL26_Scan_24_7_2026.xlsx,Power Generation & Distribution,549.95,-1.7,13394,0.51,LU,551.55,-1.6,-0.29,-111.0,-0.82,LU,-,-,-,-,-,-,-,-,-,-,-,-,,,,,,,,,,,,,,,,,
JSWSTEEL,,,,,,-7.1,,,,37.0,0.13,,,,,,,,FUTURES_OI,FuturesOI_28JUL26_Scan_24_7_2026.xlsx,Steel,1239.3,-0.57,27985,0.67,SB,1239.3,0,0,17.0,0.06,-,-,-,-,-,-,-,-,-,-,-,-,-,,,,,,,,,,,,,,,,,
JUBLFOOD,,,,,,-1.2,,,,-58.0,-0.54,,,,,,,,FUTURES_OI,FuturesOI_28JUL26_Scan_24_7_2026.xlsx,Quick Service Restaurant,412.4,-0.29,10739,0.81,LU,413.3,-0.9,-0.22,-59.0,-0.55,LU,-,-,-,-,-,-,-,-,-,-,-,-,,,,,,,,,,,,,,,,,
KALYANKJIL,,,,,,-6.8,,,,244.0,1.34,,,,,,,,FUTURES_OI,FuturesOI_28JUL26_Scan_24_7_2026.xlsx,"Diamond, Gems and Jewellery",580.35,-1.16,18449,1.19,SB,583.5,-3.15,-0.54,266.0,1.46,SB,-,-,-,-,-,-,-,-,-,-,-,-,,,,,,,,,,,,,,,,,
KAYNES,,,,,,-108.5,,,,-449.0,-1.98,,,,,,,,FUTURES_OI,FuturesOI_28JUL26_Scan_24_7_2026.xlsx,Consumer Durables,3138.9,-3.34,22177,0.61,LU,3160,-21.1,-0.67,-283.0,-1.26,LU,-,-,-,-,-,-,-,-,-,-,-,-,,,,,,,,,,,,,,,,,
KEI,,,,,,-61.5,,,,-22.0,-0.28,,,,,,,,FUTURES_OI,FuturesOI_28JUL26_Scan_24_7_2026.xlsx,Cables,4848.0,-1.25,7779,0.45,LU,4885.5,-37.5,-0.77,-50.0,-0.64,LU,-,-,-,-,-,-,-,-,-,-,-,-,,,,,,,,,,,,,,,,,
KFINTECH,,,,,,-4.3,,,,-49.0,-0.65,,,,,,,,FUTURES_OI,FuturesOI_28JUL26_Scan_24_7_2026.xlsx,Financial Services,862.6,-0.5,7460,0.71,LU,862.9,-0.3,-0.03,-47.0,-0.63,LU,-,-,-,-,-,-,-,-,-,-,-,-,,,,,,,,,,,,,,,,,
KOTAKBANK,,,,,,-0.85,,,,648.0,1.28,,,,,,,,FUTURES_OI,FuturesOI_28JUL26_Scan_24_7_2026.xlsx,Banks,383.1,-0.22,51309,0.59,SB,383.5,-0.4,-0.1,634.0,1.25,SB,-,-,-,-,-,-,-,-,-,-,-,-,,,,,,,,,,,,,,,,,
KPITTECH,,,,,,-0.05,,,,-231.0,-1.7,,,,,,,,FUTURES_OI,FuturesOI_28JUL26_Scan_24_7_2026.xlsx,IT - Software,552.55,-0.01,13373,0.4,LU,553.35,-0.8,-0.14,-166.0,-1.23,LU,-,-,-,-,-,-,-,-,-,-,-,-,,,,,,,,,,,,,,,,,
LAURUSLABS,,,,,,2.1,,,,-156.0,-1.54,,,,,,,,FUTURES_OI,FuturesOI_28JUL26_Scan_24_7_2026.xlsx,Pharmaceuticals,1570.9,0.13,10000,0.81,SC,1573.5,-2.6,-0.17,-162.0,-1.6,LU,-,-,-,-,-,-,-,-,-,-,-,-,,,,,,,,,,,,,,,,,
LICHSGFIN,,,,,,-2.7,,,,-111.0,-1.04,,,,,,,,FUTURES_OI,FuturesOI_28JUL26_Scan_24_7_2026.xlsx,Finance,532.0,-0.5,10518,0.68,LU,530.75,1.25,0.24,-91.0,-0.86,SC,-,-,-,-,-,-,-,-,-,-,-,-,,,,,,,,,,,,,,,,,
LICI,,,,,,-1.05,,,,-66.0,-0.56,,,,,,,,FUTURES_OI,FuturesOI_28JUL26_Scan_24_7_2026.xlsx,Insurance,421.6,-0.25,11780,0.62,LU,421.5,0.1,0.02,-92.0,-0.77,SC,-,-,-,-,-,-,-,-,-,-,-,-,,,,,,,,,,,,,,,,,
LODHA,,,,,,-11.15,,,,-38.0,-0.24,,,,,,,,FUTURES_OI,FuturesOI_28JUL26_Scan_24_7_2026.xlsx,Realty,1134.4,-0.97,15882,0.77,LU,1141.1,-6.7,-0.59,-27.0,-0.17,LU,-,-,-,-,-,-,-,-,-,-,-,-,,,,,,,,,,,,,,,,,
LT,,,,,,-47.1,,,,1839.0,3.28,,,,,,,,FUTURES_OI,FuturesOI_28JUL26_Scan_24_7_2026.xlsx,Infrastructure Developers & Operators,3746.2,-1.24,57917,0.46,SB,3768,-21.8,-0.58,1775.0,3.16,SB,-,-,-,-,-,-,-,-,-,-,-,-,,,,,,,,,,,,,,,,,
LTF,,,,,,-3.95,,,,-14.0,-0.09,,,,,,,,FUTURES_OI,FuturesOI_28JUL26_Scan_24_7_2026.xlsx,Finance,300.5,-1.3,14886,0.51,LU,301.35,-0.85,-0.28,-45.0,-0.3,LU,-,-,-,-,-,-,-,-,-,-,-,-,,,,,,,,,,,,,,,,,
LTM,,,,,,-2.2,,,,124.0,0.79,,,,,,,,FUTURES_OI,FuturesOI_28JUL26_Scan_24_7_2026.xlsx,IT - Software,3970.6,-0.06,15887,0.78,SB,3992,-21.4,-0.54,83.0,0.53,SB,-,-,-,-,-,-,-,-,-,-,-,-,,,,,,,,,,,,,,,,,
LUPIN,,,,,,-14.4,,,,118.0,1.38,,,,,,,,FUTURES_OI,FuturesOI_28JUL26_Scan_24_7_2026.xlsx,Pharmaceuticals,2385.2,-0.6,8655,0.76,SB,2384.3,0.9,0.04,29.0,0.34,LB,-,-,-,-,-,-,-,-,-,-,-,-,,,,,,,,,,,,,,,,,
M&M,,,,,,-42.8,,,,229.0,0.46,,,,,,,,FUTURES_OI,FuturesOI_28JUL26_Scan_24_7_2026.xlsx,Automobile,3182.0,-1.33,50002,0.66,SB,3190,-8,-0.25,124.0,0.25,SB,-,-,-,-,-,-,-,-,-,-,-,-,,,,,,,,,,,,,,,,,
MANAPPURAM,,,,,,-3.35,,,,13.0,0.08,,,,,,,,FUTURES_OI,FuturesOI_28JUL26_Scan_24_7_2026.xlsx,Finance,350.1,-0.95,15874,0.92,SB,348.35,1.75,0.5,-60.0,-0.38,SC,-,-,-,-,-,-,-,-,-,-,-,-,,,,,,,,,,,,,,,,,
MANKIND,,,,,,-7.4,,,,-62.0,-0.72,,,,,,,,FUTURES_OI,FuturesOI_28JUL26_Scan_24_7_2026.xlsx,Pharmaceuticals,2547.8,-0.29,8513,0.53,LU,2541.9,5.9,0.23,-84.0,-0.98,SC,-,-,-,-,-,-,-,-,-,-,-,-,,,,,,,,,,,,,,,,,
MARICO,,,,,,-0.6,,,,31.0,0.49,,,,,,,,FUTURES_OI,FuturesOI_28JUL26_Scan_24_7_2026.xlsx,FMCG,851.45,-0.07,6347,0.62,SB,847.05,4.4,0.52,-10.0,-0.16,SC,-,-,-,-,-,-,-,-,-,-,-,-,,,,,,,,,,,,,,,,,
MARUTI,,,,,,-157.0,,,,106.0,0.33,,,,,,,,FUTURES_OI,FuturesOI_28JUL26_Scan_24_7_2026.xlsx,Automobile,13226.0,-1.17,32512,0.39,SB,13275,-49,-0.37,41.0,0.13,SB,-,-,-,-,-,-,-,-,-,-,-,-,,,,,,,,,,,,,,,,,
MAXHEALTH,,,,,,-6.3,,,,58.0,0.47,,,,,,,,FUTURES_OI,FuturesOI_28JUL26_Scan_24_7_2026.xlsx,Healthcare,1077.4,-0.58,12317,0.47,SB,1080.6,-3.2,-0.3,-8.0,-0.06,LU,-,-,-,-,-,-,-,-,-,-,-,-,,,,,,,,,,,,,,,,,
MAZDOCK,,,,,,-7.4,,,,-209.0,-1.31,,,,,,,,FUTURES_OI,FuturesOI_28JUL26_Scan_24_7_2026.xlsx,Aerospace & Defence,2292.6,-0.32,15806,0.55,LU,2291.4,1.2,0.05,-158.0,-0.99,SC,-,-,-,-,-,-,-,-,-,-,-,-,,,,,,,,,,,,,,,,,
MCX,,,,,,-8.0,,,,81.0,0.3,,,,,,,,FUTURES_OI,FuturesOI_28JUL26_Scan_24_7_2026.xlsx,Financial Services,2746.9,-0.29,27449,0.54,SB,2745.2,1.7,0.06,-39.0,-0.14,SC,-,-,-,-,-,-,-,-,-,-,-,-,,,,,,,,,,,,,,,,,
MFSL,,,,,,-11.8,,,,109.0,0.67,,,,,,,,FUTURES_OI,FuturesOI_28JUL26_Scan_24_7_2026.xlsx,Miscellaneous,1495.4,-0.78,16376,0.55,SB,1498.3,-2.9,-0.19,89.0,0.55,SB,-,-,-,-,-,-,-,-,-,-,-,-,,,,,,,,,,,,,,,,,
MIDCPNIFTY,,,,,,-112.9,,,,112.0,0.9,,,,,,,,FUTURES_OI,FuturesOI_28JUL26_Scan_24_7_2026.xlsx,,14310.0,-0.78,12502,0.71,SB,14339,-29,-0.2,53.0,0.43,SB,-,-,-,-,-,-,-,-,-,-,-,-,,,,,,,,,,,,,,,,,
MOTHERSON,,,,,,-1.98,,,,-85.0,-0.48,,,,,,,,FUTURES_OI,FuturesOI_28JUL26_Scan_24_7_2026.xlsx,Auto Ancillaries,143.76,-1.36,17781,0.64,LU,144.07,-0.31,-0.22,-139.0,-0.78,LU,-,-,-,-,-,-,-,-,-,-,-,-,,,,,,,,,,,,,,,,,
MOTILALOFS,,,,,,-50.9,,,,82.0,1.49,,,,,,,,FUTURES_OI,FuturesOI_28JUL26_Scan_24_7_2026.xlsx,Stock/ Commodity Brokers,891.6,-5.4,5592,0.36,SB,918.7,-27.1,-2.95,-19.0,-0.34,LU,-,-,-,-,-,-,-,-,-,-,-,-,,,,,,,,,,,,,,,,,
MPHASIS,,,,,,32.8,,,,-379.0,-3.04,,,,,,,,FUTURES_OI,FuturesOI_28JUL26_Scan_24_7_2026.xlsx,IT - Software,2263.4,1.47,12074,0.78,SC,2305.3,-41.9,-1.82,-357.0,-2.88,LU,-,-,-,-,-,-,-,-,-,-,-,-,,,,,,,,,,,,,,,,,
MUTHOOTFIN,,,,,,-68.4,,,,200.0,1.11,,,,,,,,FUTURES_OI,FuturesOI_28JUL26_Scan_24_7_2026.xlsx,Finance,2943.0,-2.27,18205,0.58,SB,2949.5,-6.5,-0.22,53.0,0.29,SB,-,-,-,-,-,-,-,-,-,-,-,-,,,,,,,,,,,,,,,,,
NAM-INDIA,,,,,,-5.4,,,,-9.0,-0.13,,,,,,,,FUTURES_OI,FuturesOI_28JUL26_Scan_24_7_2026.xlsx,Finance,1100.3,-0.49,6712,0.46,LU,1098.7,1.6,0.15,-16.0,-0.24,SC,-,-,-,-,-,-,-,-,-,-,-,-,,,,,,,,,,,,,,,,,
NATIONALUM,,,,,,-3.4,,,,-6.0,-0.03,,,,,,,,FUTURES_OI,FuturesOI_28JUL26_Scan_24_7_2026.xlsx,Non Ferrous Metals,343.25,-0.98,19051,0.66,LU,342,1.25,0.37,-13.0,-0.07,SC,-,-,-,-,-,-,-,-,-,-,-,-,,,,,,,,,,,,,,,,,
NAUKRI,,,,,,-2.45,,,,229.0,1.32,,,,,,,,FUTURES_OI,FuturesOI_28JUL26_Scan_24_7_2026.xlsx,E-Commerce/App based Aggregator,1163.2,-0.21,17520,0.72,SB,1156.35,6.85,0.59,55.0,0.31,LB,-,-,-,-,-,-,-,-,-,-,-,-,,,,,,,,,,,,,,,,,
NBCC,,,,,,-1.1,,,,224.0,1.81,,,,,,,,FUTURES_OI,FuturesOI_28JUL26_Scan_24_7_2026.xlsx,Miscellaneous,92.07,-1.18,12628,0.43,SB,92.27,-0.2,-0.22,273.0,2.21,SB,-,-,-,-,-,-,-,-,-,-,-,-,,,,,,,,,,,,,,,,,
NESTLEIND,,,,,,12.1,,,,48.0,0.28,,,,,,,,FUTURES_OI,FuturesOI_28JUL26_Scan_24_7_2026.xlsx,FMCG,1461.2,0.84,17159,0.41,LB,1449.6,11.6,0.8,-20.0,-0.12,SC,-,-,-,-,-,-,-,-,-,-,-,-,,,,,,,,,,,,,,,,,
NHPC,,,,,,-0.72,,,,90.0,0.73,,,,,,,,FUTURES_OI,FuturesOI_28JUL26_Scan_24_7_2026.xlsx,Power Generation & Distribution,78.87,-0.9,12487,0.44,SB,79.33,-0.46,-0.58,34.0,0.27,SB,-,-,-,-,-,-,-,-,-,-,-,-,,,,,,,,,,,,,,,,,
NIFTY,,,,,,-176.7,,,,1387.0,0.76,,,,,,,,FUTURES_OI,FuturesOI_28JUL26_Scan_24_7_2026.xlsx,,23696.9,-0.74,183063,0.66,SB,23743,-46.1,-0.19,952.0,0.52,SB,-,-,-,-,-,-,-,-,-,-,-,-,,,,,,,,,,,,,,,,,
NIFTYNXT50,,,,,,-504.6,,,,-4.0,-0.87,,,,,,,,FUTURES_OI,FuturesOI_28JUL26_Scan_24_7_2026.xlsx,,71317.2,-0.7,458,0.07,LU,71321,-3.8,-0.01,-3.0,-0.65,LU,-,-,-,-,-,-,-,-,-,-,-,-,,,,,,,,,,,,,,,,,
NMDC,,,,,,-0.25,,,,-152.0,-0.46,,,,,,,,FUTURES_OI,FuturesOI_28JUL26_Scan_24_7_2026.xlsx,Mining & Mineral products,82.52,-0.3,33083,0.59,LU,82.5,0.02,0.02,-129.0,-0.39,SC,-,-,-,-,-,-,-,-,-,-,-,-,,,,,,,,,,,,,,,,,
NTPC,,,,,,-1.95,,,,32.0,0.05,,,,,,,,FUTURES_OI,FuturesOI_28JUL26_Scan_24_7_2026.xlsx,Power Generation & Distribution,346.5,-0.56,62753,0.35,SB,347.05,-0.55,-0.16,-1.0,0,LU,-,-,-,-,-,-,-,-,-,-,-,-,,,,,,,,,,,,,,,,,
NUVAMA,,,,,,98.9,,,,-72.0,-3.22,,,,,,,,FUTURES_OI,FuturesOI_28JUL26_Scan_24_7_2026.xlsx,Stock/ Commodity Brokers,2047.1,5.08,2164,0.77,SC,2002.6,44.5,2.22,-103.0,-4.55,SC,-,-,-,-,-,-,-,-,-,-,-,-,,,,,,,,,,,,,,,,,
NYKAA,,,,,,-3.7,,,,34.0,0.37,,,,,,,,FUTURES_OI,FuturesOI_28JUL26_Scan_24_7_2026.xlsx,E-Commerce/App based Aggregator,320.8,-1.14,9164,0.95,SB,321.05,-0.25,-0.08,5.0,0.05,SB,-,-,-,-,-,-,-,-,-,-,-,-,,,,,,,,,,,,,,,,,
OBEROIRLTY,,,,,,-12.5,,,,-179.0,-1.32,,,,,,,,FUTURES_OI,FuturesOI_28JUL26_Scan_24_7_2026.xlsx,Realty,1801.0,-0.69,13398,0.66,LU,1799.1,1.9,0.11,-266.0,-1.95,SC,-,-,-,-,-,-,-,-,-,-,-,-,,,,,,,,,,,,,,,,,
OFSS,,,,,,-36.0,,,,2.0,0.02,,,,,,,,FUTURES_OI,FuturesOI_28JUL26_Scan_24_7_2026.xlsx,IT - Software,10793.0,-0.33,9912,0.56,SB,10865,-72,-0.66,-74.0,-0.74,LU,-,-,-,-,-,-,-,-,-,-,-,-,,,,,,,,,,,,,,,,,
OIL,,,,,,-2.35,,,,58.0,0.71,,,,,,,,FUTURES_OI,FuturesOI_28JUL26_Scan_24_7_2026.xlsx,Crude Oil & Natural Gas,457.6,-0.51,8232,0.54,SB,459.8,-2.2,-0.48,0.0,0,-,-,-,-,-,-,-,-,-,-,-,-,-,,,,,,,,,,,,,,,,,
ONGC,,,,,,-1.4,,,,-27.0,-0.09,,,,,,,,FUTURES_OI,FuturesOI_28JUL26_Scan_24_7_2026.xlsx,Crude Oil & Natural Gas,250.75,-0.56,29779,0.54,LU,251.85,-1.1,-0.44,-19.0,-0.06,LU,-,-,-,-,-,-,-,-,-,-,-,-,,,,,,,,,,,,,,,,,
PAGEIND,,,,,,-165.0,,,,125.0,1.17,,,,,,,,FUTURES_OI,FuturesOI_28JUL26_Scan_24_7_2026.xlsx,Readymade Garments/ Apparells,40090.0,-0.41,10800,0.49,SB,40140,-50,-0.12,95.0,0.89,SB,-,-,-,-,-,-,-,-,-,-,-,-,,,,,,,,,,,,,,,,,
PATANJALI,,,,,,-0.95,,,,-275.0,-1.33,,,,,,,,FUTURES_OI,FuturesOI_28JUL26_Scan_24_7_2026.xlsx,FMCG,336.6,-0.28,20415,0.73,LU,336.95,-0.35,-0.1,-249.0,-1.21,LU,-,-,-,-,-,-,-,-,-,-,-,-,,,,,,,,,,,,,,,,,
PAYTM,,,,,,-3.2,,,,-62.0,-0.26,,,,,,,,FUTURES_OI,FuturesOI_28JUL26_Scan_24_7_2026.xlsx,E-Commerce/App based Aggregator,1255.2,-0.25,24197,0.43,LU,1253,2.2,0.18,-32.0,-0.13,SC,-,-,-,-,-,-,-,-,-,-,-,-,,,,,,,,,,,,,,,,,
PERSISTENT,,,,,,59.4,,,,103.0,0.43,,,,,,,,FUTURES_OI,FuturesOI_28JUL26_Scan_24_7_2026.xlsx,IT - Software,5064.3,1.19,24313,0.94,LB,5076.8,-12.5,-0.25,33.0,0.14,SB,-,-,-,-,-,-,-,-,-,-,-,-,,,,,,,,,,,,,,,,,
PETRONET,,,,,,0.8,,,,-21.0,-0.17,,,,,,,,FUTURES_OI,FuturesOI_28JUL26_Scan_24_7_2026.xlsx,Gas Distribution,269.9,0.3,12321,0.89,SC,269.25,0.65,0.24,-22.0,-0.18,SC,-,-,-,-,-,-,-,-,-,-,-,-,,,,,,,,,,,,,,,,,
PFC,,,,,,0.2,,,,-56.0,-0.17,,,,,,,,FUTURES_OI,FuturesOI_28JUL26_Scan_24_7_2026.xlsx,Finance,410.3,0.05,32266,0.54,SC,412.5,-2.2,-0.53,-103.0,-0.32,LU,-,-,-,-,-,-,-,-,-,-,-,-,,,,,,,,,,,,,,,,,
PGEL,,,,,,-7.75,,,,-100.0,-1.07,,,,,,,,FUTURES_OI,FuturesOI_28JUL26_Scan_24_7_2026.xlsx,Consumer Durables,569.2,-1.34,9282,0.69,LU,568.5,0.7,0.12,-76.0,-0.81,SC,-,-,-,-,-,-,-,-,-,-,-,-,,,,,,,,,,,,,,,,,
PHOENIXLTD,,,,,,-50.6,,,,15.0,0.23,,,,,,,,FUTURES_OI,FuturesOI_28JUL26_Scan_24_7_2026.xlsx,Realty,1990.6,-2.48,6520,0.63,SB,2001.8,-11.2,-0.56,14.0,0.22,SB,-,-,-,-,-,-,-,-,-,-,-,-,,,,,,,,,,,,,,,,,
PIDILITIND,,,,,,-7.3,,,,74.0,0.75,,,,,,,,FUTURES_OI,FuturesOI_28JUL26_Scan_24_7_2026.xlsx,Chemicals,1555.1,-0.47,9909,0.57,SB,1553.7,1.4,0.09,55.0,0.56,LB,-,-,-,-,-,-,-,-,-,-,-,-,,,,,,,,,,,,,,,,,
PIIND,,,,,,16.7,,,,2.0,0.02,,,,,,,,FUTURES_OI,FuturesOI_28JUL26_Scan_24_7_2026.xlsx,Agro Chemicals,2736.0,0.61,12908,0.76,LB,2732.5,3.5,0.13,-30.0,-0.23,SC,-,-,-,-,-,-,-,-,-,-,-,-,,,,,,,,,,,,,,,,,
PNB,,,,,,-0.61,,,,71.0,0.33,,,,,,,,FUTURES_OI,FuturesOI_28JUL26_Scan_24_7_2026.xlsx,Banks,109.49,-0.55,21759,0.8,SB,109.36,0.13,0.12,62.0,0.29,LB,-,-,-,-,-,-,-,-,-,-,-,-,,,,,,,,,,,,,,,,,
PNBHOUSING,,,,,,-1.9,,,,-36.0,-0.48,,,,,,,,FUTURES_OI,FuturesOI_28JUL26_Scan_24_7_2026.xlsx,Finance,1066.1,-0.18,7515,0.65,LU,1068.5,-2.4,-0.22,-30.0,-0.4,LU,-,-,-,-,-,-,-,-,-,-,-,-,,,,,,,,,,,,,,,,,
POLICYBZR,,,,,,-16.9,,,,-9.0,-0.04,,,,,,,,FUTURES_OI,FuturesOI_28JUL26_Scan_24_7_2026.xlsx,IT - Software,1511.8,-1.11,25501,0.85,LU,1517.5,-5.7,-0.38,-62.0,-0.24,LU,-,-,-,-,-,-,-,-,-,-,-,-,,,,,,,,,,,,,,,,,
POLYCAB,,,,,,-46.0,,,,-85.0,-0.59,,,,,,,,FUTURES_OI,FuturesOI_28JUL26_Scan_24_7_2026.xlsx,Cables,8923.0,-0.51,14305,0.62,LU,8957,-34,-0.38,-123.0,-0.85,LU,-,-,-,-,-,-,-,-,-,-,-,-,,,,,,,,,,,,,,,,,
POWERGRID,,,,,,-0.5,,,,-3.0,-0.01,,,,,,,,FUTURES_OI,FuturesOI_28JUL26_Scan_24_7_2026.xlsx,Power Generation & Distribution,289.0,-0.17,20755,0.45,LU,288.85,0.15,0.05,36.0,0.17,LB,-,-,-,-,-,-,-,-,-,-,-,-,,,,,,,,,,,,,,,,,
POWERINDIA,,,,,,-30.0,,,,35.0,0.23,,,,,,,,FUTURES_OI,FuturesOI_28JUL26_Scan_24_7_2026.xlsx,Capital Goods - Electrical Equipment,32085.0,-0.09,15006,0.73,SB,32250,-165,-0.51,2.0,0.01,SB,-,-,-,-,-,-,-,-,-,-,-,-,,,,,,,,,,,,,,,,,
PREMIERENE,,,,,,-8.9,,,,-19.0,-0.28,,,,,,,,FUTURES_OI,FuturesOI_28JUL26_Scan_24_7_2026.xlsx,Trading,1015.4,-0.87,6705,0.76,LU,1020.5,-5.1,-0.5,-28.0,-0.42,LU,-,-,-,-,-,-,-,-,-,-,-,-,,,,,,,,,,,,,,,,,
PRESTIGE,,,,,,-22.3,,,,0.0,0.0,,,,,,,,FUTURES_OI,FuturesOI_28JUL26_Scan_24_7_2026.xlsx,Realty,1599.0,-1.38,7235,0.57,-,1605,-6,-0.37,-40.0,-0.55,LU,-,-,-,-,-,-,-,-,-,-,-,-,,,,,,,,,,,,,,,,,
RADICO,,,,,,29.6,,,,-16.0,-0.51,,,,,,,,FUTURES_OI,FuturesOI_28JUL26_Scan_24_7_2026.xlsx,Alcoholic Beverages,4085.2,0.73,3151,0.69,SC,4086.2,-1,-0.02,-12.0,-0.38,LU,-,-,-,-,-,-,-,-,-,-,-,-,,,,,,,,,,,,,,,,,
RBLBANK,,,,,,-2.15,,,,-95.0,-0.84,,,,,,,,FUTURES_OI,FuturesOI_28JUL26_Scan_24_7_2026.xlsx,Banks,351.95,-0.61,11187,0.5,LU,350.95,1,0.28,-72.0,-0.64,SC,-,-,-,-,-,-,-,-,-,-,-,-,,,,,,,,,,,,,,,,,
RECLTD,,,,,,0.6,,,,122.0,0.61,,,,,,,,FUTURES_OI,FuturesOI_28JUL26_Scan_24_7_2026.xlsx,Finance,358.6,0.17,19973,0.71,LB,360.5,-1.9,-0.53,30.0,0.15,SB,-,-,-,-,-,-,-,-,-,-,-,-,,,,,,,,,,,,,,,,,
RELIANCE,,,,,,-7.9,,,,442.0,0.31,,,,,,,,FUTURES_OI,FuturesOI_28JUL26_Scan_24_7_2026.xlsx,Refineries,1265.8,-0.62,141955,0.52,SB,1268.9,-3.1,-0.24,362.0,0.26,SB,-,-,-,-,-,-,-,-,-,-,-,-,,,,,,,,,,,,,,,,,
RVNL,,,,,,-0.88,,,,-233.0,-1.58,,,,,,,,FUTURES_OI,FuturesOI_28JUL26_Scan_24_7_2026.xlsx,Infrastructure Developers & Operators,223.67,-0.39,14525,0.55,LU,225.08,-1.41,-0.63,-185.0,-1.26,LU,-,-,-,-,-,-,-,-,-,-,-,-,,,,,,,,,,,,,,,,,
SAIL,,,,,,-0.93,,,,-160.0,-0.56,,,,,,,,FUTURES_OI,FuturesOI_28JUL26_Scan_24_7_2026.xlsx,Steel,159.91,-0.58,28357,0.54,LU,160.4,-0.49,-0.31,-110.0,-0.39,LU,-,-,-,-,-,-,-,-,-,-,-,-,,,,,,,,,,,,,,,,,
SBICARD,,,,,,-4.4,,,,130.0,0.71,,,,,,,,FUTURES_OI,FuturesOI_28JUL26_Scan_24_7_2026.xlsx,Finance,618.2,-0.71,18373,0.45,SB,618.5,-0.3,-0.05,119.0,0.65,SB,-,-,-,-,-,-,-,-,-,-,-,-,,,,,,,,,,,,,,,,,
SBILIFE,,,,,,-11.3,,,,20.0,0.17,,,,,,,,FUTURES_OI,FuturesOI_28JUL26_Scan_24_7_2026.xlsx,Insurance,1839.1,-0.61,11478,0.86,SB,1842,-2.9,-0.16,-2.0,-0.02,LU,-,-,-,-,-,-,-,-,-,-,-,-,,,,,,,,,,,,,,,,,
SBIN,,,,,,-6.4,,,,106.0,0.19,,,,,,,,FUTURES_OI,FuturesOI_28JUL26_Scan_24_7_2026.xlsx,Banks,1007.8,-0.63,56207,0.69,SB,1010.3,-2.5,-0.25,21.0,0.04,SB,-,-,-,-,-,-,-,-,-,-,-,-,,,,,,,,,,,,,,,,,
SENSEX,,,,,,-665.55,,,,46.0,2.38,,,,,,,,FUTURES_OI,FuturesOI_28JUL26_Scan_24_7_2026.xlsx,,75800.0,-0.87,1982,0.79,SB,76000,-200,-0.26,37.0,1.89,SB,-,-,-,-,-,-,-,-,-,-,-,-,,,,,,,,,,,,,,,,,
SHREECEM,,,,,,-150.0,,,,-16.0,-0.18,,,,,,,,FUTURES_OI,FuturesOI_28JUL26_Scan_24_7_2026.xlsx,Cement,26620.0,-0.56,8930,0.72,LU,26720,-100,-0.37,-57.0,-0.63,LU,-,-,-,-,-,-,-,-,-,-,-,-,,,,,,,,,,,,,,,,,
SHRIRAMFIN,,,,,,-22.5,,,,-112.0,-0.55,,,,,,,,FUTURES_OI,FuturesOI_28JUL26_Scan_24_7_2026.xlsx,Finance,1005.2,-2.19,20407,0.68,LU,1006,-0.8,-0.08,-71.0,-0.35,LU,-,-,-,-,-,-,-,-,-,-,-,-,,,,,,,,,,,,,,,,,
SIEMENS,,,,,,-41.9,,,,38.0,0.26,,,,,,,,FUTURES_OI,FuturesOI_28JUL26_Scan_24_7_2026.xlsx,Capital Goods - Electrical Equipment,3633.0,-1.14,14456,0.55,SB,3633.6,-0.6,-0.02,-41.0,-0.28,LU,-,-,-,-,-,-,-,-,-,-,-,-,,,,,,,,,,,,,,,,,
SOLARINDS,,,,,,-87.0,,,,16.0,0.14,,,,,,,,FUTURES_OI,FuturesOI_28JUL26_Scan_24_7_2026.xlsx,Aerospace & Defence,18514.0,-0.47,11052,0.85,SB,18496,18,0.1,-13.0,-0.12,SC,-,-,-,-,-,-,-,-,-,-,-,-,,,,,,,,,,,,,,,,,
SONACOMS,,,,,,16.75,,,,-12.0,-0.13,,,,,,,,FUTURES_OI,FuturesOI_28JUL26_Scan_24_7_2026.xlsx,Auto Ancillaries,738.05,2.32,9563,0.87,SC,730.9,7.15,0.98,-101.0,-1.05,SC,-,-,-,-,-,-,-,-,-,-,-,-,,,,,,,,,,,,,,,,,
SRF,,,,,,34.6,,,,-683.0,-4.81,,,,,,,,FUTURES_OI,FuturesOI_28JUL26_Scan_24_7_2026.xlsx,Chemicals,2661.9,1.32,13504,0.44,SC,2664.3,-2.4,-0.09,-312.0,-2.26,LU,-,-,-,-,-,-,-,-,-,-,-,-,,,,,,,,,,,,,,,,,
SUNPHARMA,,,,,,0.7,,,,31.0,0.11,,,,,,,,FUTURES_OI,FuturesOI_28JUL26_Scan_24_7_2026.xlsx,Pharmaceuticals,1950.7,0.04,27082,0.58,LB,1951.9,-1.2,-0.06,11.0,0.04,SB,-,-,-,-,-,-,-,-,-,-,-,-,,,,,,,,,,,,,,,,,
SUPREMEIND,,,,,,-9.9,,,,-46.0,-0.63,,,,,,,,FUTURES_OI,FuturesOI_28JUL26_Scan_24_7_2026.xlsx,Plastic products,3410.6,-0.29,7253,0.72,LU,3428.3,-17.7,-0.52,-41.0,-0.56,LU,-,-,-,-,-,-,-,-,-,-,-,-,,,,,,,,,,,,,,,,,
SUZLON,,,,,,-0.29,,,,-169.0,-0.84,,,,,,,,FUTURES_OI,FuturesOI_28JUL26_Scan_24_7_2026.xlsx,Capital Goods - Electrical Equipment,52.22,-0.55,19912,0.33,LU,52.3,-0.08,-0.15,-214.0,-1.06,LU,-,-,-,-,-,-,-,-,-,-,-,-,,,,,,,,,,,,,,,,,
SWIGGY,,,,,,-19.45,,,,393.0,2.35,,,,,,,,FUTURES_OI,FuturesOI_28JUL26_Scan_24_7_2026.xlsx,E-Commerce/App based Aggregator,241.99,-7.44,17110,0.81,SB,247.23,-5.24,-2.12,-10.0,-0.06,LU,-,-,-,-,-,-,-,-,-,-,-,-,,,,,,,,,,,,,,,,,
TATACONSUM,,,,,,8.0,,,,119.0,0.66,,,,,,,,FUTURES_OI,FuturesOI_28JUL26_Scan_24_7_2026.xlsx,Plantation & Plantation Products,1115.7,0.72,18172,0.8,LB,1109,6.7,0.6,115.0,0.64,LB,-,-,-,-,-,-,-,-,-,-,-,-,,,,,,,,,,,,,,,,,
TATAELXSI,,,,,,15.5,,,,-444.0,-2.03,,,,,,,,FUTURES_OI,FuturesOI_28JUL26_Scan_24_7_2026.xlsx,IT - Software,3416.3,0.46,21381,0.45,SC,3428.9,-12.6,-0.37,-304.0,-1.4,LU,-,-,-,-,-,-,-,-,-,-,-,-,,,,,,,,,,,,,,,,,
TATAPOWER,,,,,,-1.75,,,,-62.0,-0.19,,,,,,,,FUTURES_OI,FuturesOI_28JUL26_Scan_24_7_2026.xlsx,Power Generation & Distribution,374.25,-0.47,31945,0.95,LU,375.2,-0.95,-0.25,-60.0,-0.19,LU,-,-,-,-,-,-,-,-,-,-,-,-,,,,,,,,,,,,,,,,,
TATASTEEL,,,,,,-2.38,,,,-16.0,-0.04,,,,,,,,FUTURES_OI,FuturesOI_28JUL26_Scan_24_7_2026.xlsx,Steel,181.98,-1.29,41688,0.53,LU,182.5,-0.52,-0.28,22.0,0.05,SB,-,-,-,-,-,-,-,-,-,-,-,-,,,,,,,,,,,,,,,,,
TCS,,,,,,10.5,,,,1489.0,1.32,,,,,,,,FUTURES_OI,FuturesOI_28JUL26_Scan_24_7_2026.xlsx,IT - Software,2254.7,0.47,114454,0.81,LB,2263.8,-9.1,-0.4,649.0,0.57,SB,-,-,-,-,-,-,-,-,-,-,-,-,,,,,,,,,,,,,,,,,
TECHM,,,,,,-2.8,,,,237.0,1.02,,,,,,,,FUTURES_OI,FuturesOI_28JUL26_Scan_24_7_2026.xlsx,IT - Software,1558.7,-0.18,23584,0.89,SB,1574.6,-15.9,-1.01,55.0,0.23,SB,-,-,-,-,-,-,-,-,-,-,-,-,,,,,,,,,,,,,,,,,
TIINDIA,,,,,,-12.4,,,,-17.0,-0.25,,,,,,,,FUTURES_OI,FuturesOI_28JUL26_Scan_24_7_2026.xlsx,Capital Goods-Non Electrical Equipment,2821.5,-0.44,6921,0.49,LU,2807.6,13.9,0.5,-46.0,-0.66,SC,-,-,-,-,-,-,-,-,-,-,-,-,,,,,,,,,,,,,,,,,
TITAN,,,,,,-33.0,,,,67.0,0.32,,,,,,,,FUTURES_OI,FuturesOI_28JUL26_Scan_24_7_2026.xlsx,"Diamond, Gems and Jewellery",4659.9,-0.7,21140,0.9,SB,4670,-10.1,-0.22,13.0,0.06,SB,-,-,-,-,-,-,-,-,-,-,-,-,,,,,,,,,,,,,,,,,
TMPV,,,,,,-4.85,,,,-70.0,-0.17,,,,,,,,FUTURES_OI,FuturesOI_28JUL26_Scan_24_7_2026.xlsx,Automobile,319.8,-1.49,41472,0.41,LU,320.95,-1.15,-0.36,-177.0,-0.42,LU,-,-,-,-,-,-,-,-,-,-,-,-,,,,,,,,,,,,,,,,,
TORNTPHARM,,,,,,-6.1,,,,27.0,0.14,,,,,,,,FUTURES_OI,FuturesOI_28JUL26_Scan_24_7_2026.xlsx,Pharmaceuticals,5024.2,-0.12,19875,1.06,SB,5014,10.2,0.2,-118.0,-0.59,SC,-,-,-,-,-,-,-,-,-,-,-,-,,,,,,,,,,,,,,,,,
TRENT,,,,,,-22.0,,,,509.0,1.65,,,,,,,,FUTURES_OI,FuturesOI_28JUL26_Scan_24_7_2026.xlsx,Retail,2853.4,-0.77,31386,0.5,SB,2855.9,-2.5,-0.09,409.0,1.32,SB,-,-,-,-,-,-,-,-,-,-,-,-,,,,,,,,,,,,,,,,,
TVSMOTOR,,,,,,-34.8,,,,495.0,1.18,,,,,,,,FUTURES_OI,FuturesOI_28JUL26_Scan_24_7_2026.xlsx,Automobile,3879.9,-0.89,42457,0.78,SB,3882.8,-2.9,-0.07,273.0,0.65,SB,-,-,-,-,-,-,-,-,-,-,-,-,,,,,,,,,,,,,,,,,
ULTRACEMCO,,,,,,-147.0,,,,272.0,1.24,,,,,,,,FUTURES_OI,FuturesOI_28JUL26_Scan_24_7_2026.xlsx,Cement,11747.0,-1.24,22270,0.44,SB,11744,3,0.03,63.0,0.28,LB,-,-,-,-,-,-,-,-,-,-,-,-,,,,,,,,,,,,,,,,,
UNIONBANK,,,,,,-0.42,,,,39.0,0.19,,,,,,,,FUTURES_OI,FuturesOI_28JUL26_Scan_24_7_2026.xlsx,Banks,168.01,-0.25,20153,0.67,SB,167.83,0.18,0.11,-29.0,-0.14,SC,-,-,-,-,-,-,-,-,-,-,-,-,,,,,,,,,,,,,,,,,
UNITDSPR,,,,,,38.3,,,,94.0,0.68,,,,,,,,FUTURES_OI,FuturesOI_28JUL26_Scan_24_7_2026.xlsx,Alcoholic Beverages,1458.0,2.7,13827,0.81,LB,1434,24,1.67,54.0,0.39,LB,-,-,-,-,-,-,-,-,-,-,-,-,,,,,,,,,,,,,,,,,
UNOMINDA,,,,,,-17.9,,,,25.0,0.47,,,,,,,,FUTURES_OI,FuturesOI_28JUL26_Scan_24_7_2026.xlsx,Auto Ancillaries,1112.7,-1.58,5289,0.59,SB,1122,-9.3,-0.83,8.0,0.15,SB,-,-,-,-,-,-,-,-,-,-,-,-,,,,,,,,,,,,,,,,,
UPL,,,,,,-5.55,,,,167.0,1.13,,,,,,,,FUTURES_OI,FuturesOI_28JUL26_Scan_24_7_2026.xlsx,Agro Chemicals,600.7,-0.92,14939,0.64,SB,602.95,-2.25,-0.37,125.0,0.84,SB,-,-,-,-,-,-,-,-,-,-,-,-,,,,,,,,,,,,,,,,,
VBL,,,,,,-5.15,,,,-57.0,-0.2,,,,,,,,FUTURES_OI,FuturesOI_28JUL26_Scan_24_7_2026.xlsx,FMCG,453.5,-1.12,28808,0.49,LU,454.2,-0.7,-0.15,-242.0,-0.83,LU,-,-,-,-,-,-,-,-,-,-,-,-,,,,,,,,,,,,,,,,,
VEDL,,,,,,-3.55,,,,-119.0,-0.27,,,,,,,,FUTURES_OI,FuturesOI_28JUL26_Scan_24_7_2026.xlsx,Non Ferrous Metals,261.5,-1.34,44067,0.47,LU,261.9,-0.4,-0.15,-187.0,-0.42,LU,-,-,-,-,-,-,-,-,-,-,-,-,,,,,,,,,,,,,,,,,
VMM,,,,,,-2.15,,,,-96.0,-1.85,,,,,,,,FUTURES_OI,FuturesOI_28JUL26_Scan_24_7_2026.xlsx,Retail,107.8,-1.96,5098,0.4,LU,107.87,-0.07,-0.06,-51.0,-0.99,LU,-,-,-,-,-,-,-,-,-,-,-,-,,,,,,,,,,,,,,,,,
VOLTAS,,,,,,-13.1,,,,49.0,0.29,,,,,,,,FUTURES_OI,FuturesOI_28JUL26_Scan_24_7_2026.xlsx,Consumer Durables,1299.2,-1.0,16672,0.68,SB,1301.9,-2.7,-0.21,3.0,0.02,SB,-,-,-,-,-,-,-,-,-,-,-,-,,,,,,,,,,,,,,,,,
WAAREEENER,,,,,,-26.5,,,,-320.0,-1.13,,,,,,,,FUTURES_OI,FuturesOI_28JUL26_Scan_24_7_2026.xlsx,Capital Goods - Electrical Equipment,2690.4,-0.98,27991,0.44,LU,2696,-5.6,-0.21,-437.0,-1.53,LU,-,-,-,-,-,-,-,-,-,-,-,-,,,,,,,,,,,,,,,,,
WIPRO,,,,,,-0.84,,,,-146.0,-0.23,,,,,,,,FUTURES_OI,FuturesOI_28JUL26_Scan_24_7_2026.xlsx,IT - Software,172.54,-0.48,63813,0.55,LU,173.73,-1.19,-0.68,-775.0,-1.2,LU,-,-,-,-,-,-,-,-,-,-,-,-,,,,,,,,,,,,,,,,,
YESBANK,,,,,,-0.12,,,,97.0,0.34,,,,,,,,FUTURES_OI,FuturesOI_28JUL26_Scan_24_7_2026.xlsx,Banks,22.79,-0.52,28903,0.4,SB,22.72,0.07,0.31,-7.0,-0.02,SC,-,-,-,-,-,-,-,-,-,-,-,-,,,,,,,,,,,,,,,,,
ZYDUSLIFE,,,,,,1.3,,,,-13.0,-0.19,,,,,,,,FUTURES_OI,FuturesOI_28JUL26_Scan_24_7_2026.xlsx,Pharmaceuticals,1115.6,0.12,6799,0.64,SC,1115.5,0.1,0.01,-16.0,-0.23,SC,-,-,-,-,-,-,-,-,-,-,-,-,,,,,,,,,,,,,,,,,
,,,,,,,,,,,,,,,,,,,IVR_IVP,IVR-IVP_25AUG26_Report_2026-07-24.xlsx,,,,,,,,,,,,,,,,,,,,,,,,,,,,,,,,,,,,,,,,,
,,,,,,,,,,,,,,,,,,,IVR_IVP,IVR-IVP_28JUL26_Report_2026-07-24.xlsx,,,,,,,,,,,,,,,,,,,,,,,,,,,,,,,,,,,,,,,,,
TATACONSUM,,,,,,7.4,,,,,,,,,,,,,RESISTANCE,Resistance_25AUG26_Scan_24_7_2026 (1).xlsx,,1121.0,0.66,,0.73,,,,,,,,,,,,,,,,,,,,11368.0,650.0,6.06,1100.0,408.0,-23.0,266.0,0.0,1.91,LB,,,,,,,
HAVELLS,,,,,,3.1,,,,,,,,,,,,,RESISTANCE,Resistance_25AUG26_Scan_24_7_2026 (1).xlsx,,1217.3,0.26,,0.76,,,,,,,,,,,,,,,,,,,,8269.0,372.0,4.71,1200.0,461.0,8.0,392.0,1.0,1.44,LB,,,,,,,
DMART,,,,,,31.5,,,,,,,,,,,,,RESISTANCE,Resistance_25AUG26_Scan_24_7_2026 (1).xlsx,,4049.5,0.78,,0.66,,,,,,,,,,,,,,,,,,,,18213.0,426.0,2.4,4000.0,772.0,30.0,514.0,22.0,1.24,LB,,,,,,,
VEDL,,,,,,-3.5,,,,,,,,,,,,,RESISTANCE,Resistance_25AUG26_Scan_24_7_2026 (1).xlsx,,262.55,-1.32,,0.75,,,,,,,,,,,,,,,,,,,,14133.0,618.0,4.57,260.0,2319.0,28.0,2332.0,9.0,0.98,SB,,,,,,,
OIL,,,,,,-2.95,,,,,,,,,,,,,RESISTANCE,Resistance_25AUG26_Scan_24_7_2026 (1).xlsx,,453.5,-0.65,,0.81,,,,,,,,,,,,,,,,,,,,6485.0,436.0,7.21,450.0,297.0,29.0,321.0,55.0,0.78,SB,,,,,,,
FEDERALBNK,,,,,,-2.85,,,,,,,,,,,,,RESISTANCE,Resistance_25AUG26_Scan_24_7_2026 (1).xlsx,,352.25,-0.8,,0.96,,,,,,,,,,,,,,,,,,,,18910.0,656.0,3.59,350.0,569.0,15.0,637.0,0.0,0.64,SB,,,,,,,
PRESTIGE,,,,,,-24.1,,,,,,,,,,,,,RESISTANCE,Resistance_25AUG26_Scan_24_7_2026 (1).xlsx,,1606.0,-1.48,,0.58,,,,,,,,,,,,,,,,,,,,4312.0,210.0,5.12,1600.0,411.0,19.0,139.0,-69.0,0.38,SB,,,,,,,
PIIND,,,,,,12.2,,,,,,,,,,,,,RESISTANCE,Resistance_25AUG26_Scan_24_7_2026 (1).xlsx,,2701.3,0.45,,0.92,,,,,,,,,,,,,,,,,,,,5806.0,347.0,6.36,2700.0,589.0,45.0,310.0,22.0,0.05,LB,,,,,,,
M&M,,,,,,-42.8,,,,,,,,,,,,,RESISTANCE,Resistance_25AUG26_Scan_24_7_2026 (1).xlsx,,3199.0,-1.32,,1.0,,,,,,,,,,,,,,,,,,,,29928.0,1499.0,5.27,3200.0,1512.0,162.0,1398.0,146.0,-0.03,SB,,,,,,,
TITAN,,,,,,-20.7,,,,,,,,,,,,,RESISTANCE,Resistance_25AUG26_Scan_24_7_2026 (1).xlsx,,4697.3,-0.44,,1.01,,,,,,,,,,,,,,,,,,,,12994.0,516.0,4.14,4700.0,495.0,-9.0,207.0,17.0,-0.06,SB,,,,,,,
SONACOMS,,,,,,15.2,,,,,,,,,,,,,RESISTANCE,Resistance_25AUG26_Scan_24_7_2026 (1).xlsx,,728.5,2.13,,0.39,,,,,,,,,,,,,,,,,,,,4092.0,429.0,11.71,730.0,214.0,118.0,62.0,16.0,-0.21,LB,,,,,,,
POWERGRID,,,,,,-1.05,,,,,,,,,,,,,RESISTANCE,Resistance_25AUG26_Scan_24_7_2026 (1).xlsx,,288.7,-0.36,,1.26,,,,,,,,,,,,,,,,,,,,8717.0,240.0,2.83,290.0,820.0,0.0,540.0,3.0,-0.45,SB,,,,,,,
SENSEX,,,,,,-629.0,,,,,,,,,,,,,RESISTANCE,Resistance_25AUG26_Scan_24_7_2026 (1).xlsx,,76138.45,-0.82,,0.84,,,,,,,,,,,,,,,,,,,,1025.0,77.0,8.12,76500.0,1368.0,-4.0,1374.0,-4.0,-0.47,SB,,,,,,,
NTPC,,,,,,-1.65,,,,,,,,,,,,,RESISTANCE,Resistance_25AUG26_Scan_24_7_2026 (1).xlsx,,348.15,-0.47,,0.71,,,,,,,,,,,,,,,,,,,,20734.0,753.0,3.77,350.0,745.0,44.0,307.0,26.0,-0.53,SB,,,,,,,
TORNTPHARM,,,,,,-1.0,,,,,,,,,,,,,RESISTANCE,Resistance_25AUG26_Scan_24_7_2026 (1).xlsx,,4957.7,-0.02,,0.78,,,,,,,,,,,,,,,,,,,,24224.0,600.0,2.54,5000.0,723.0,7.0,0.0,,-0.85,SB,,,,,,,
BAJAJFINSV,,,,,,-15.0,,,,,,,,,,,,,RESISTANCE,Resistance_25AUG26_Scan_24_7_2026 (1).xlsx,,1881.3,-0.79,,0.91,,,,,,,,,,,,,,,,,,,,10618.0,359.0,3.5,1900.0,625.0,-3.0,241.0,-6.0,-0.98,SB,,,,,,,
NIFTY,,,,,,-184.2,,,,,,,,,,,,,RESISTANCE,Resistance_25AUG26_Scan_24_7_2026 (1).xlsx,,23750.0,-0.77,,1.05,,,,,,,,,,,,,,,,,,,,96362.0,4030.0,4.36,24000.0,101536.0,4928.0,99316.0,781.0,-1.04,SB,,,,,,,
BEL,,,,,,-0.95,,,,,,,,,,,,,RESISTANCE,Resistance_25AUG26_Scan_24_7_2026 (1).xlsx,,405.65,-0.23,,0.76,,,,,,,,,,,,,,,,,,,,27143.0,1281.0,4.95,410.0,1742.0,-38.0,1097.0,3.0,-1.06,SB,,,,,,,
JUBLFOOD,,,,,,-1.5,,,,,,,,,,,,,RESISTANCE,Resistance_25AUG26_Scan_24_7_2026 (1).xlsx,,410.6,-0.36,,0.87,,,,,,,,,,,,,,,,,,,,5834.0,270.0,4.85,415.0,527.0,37.0,114.0,7.0,-1.06,SB,,,,,,,
MIDCPNIFTY,,,,,,-112.9,,,,,,,,,,,,,RESISTANCE,Resistance_25AUG26_Scan_24_7_2026 (1).xlsx,,14345.0,-0.78,,0.94,,,,,,,,,,,,,,,,,,,,6675.0,554.0,9.05,14500.0,827.0,73.0,1014.0,-11.0,-1.07,SB,,,,,,,
SBILIFE,,,,,,-17.8,,,,,,,,,,,,,RESISTANCE,Resistance_25AUG26_Scan_24_7_2026 (1).xlsx,,1840.1,-0.96,,0.91,,,,,,,,,,,,,,,,,,,,9029.0,293.0,3.35,1860.0,300.0,8.0,2.0,0.0,-1.07,SB,,,,,,,
LAURUSLABS,,,,,,2.1,,,,,,,,,,,,,RESISTANCE,Resistance_25AUG26_Scan_24_7_2026 (1).xlsx,,1580.0,0.13,,0.46,,,,,,,,,,,,,,,,,,,,10658.0,555.0,5.49,1600.0,761.0,11.0,197.0,1.0,-1.25,LB,,,,,,,
HINDUNILVR,,,,,,-1.1,,,,,,,,,,,,,RESISTANCE,Resistance_25AUG26_Scan_24_7_2026 (1).xlsx,,2171.2,-0.05,,0.73,,,,,,,,,,,,,,,,,,,,23239.0,853.0,3.81,2200.0,1238.0,1.0,410.0,10.0,-1.31,SB,,,,,,,
COALINDIA,,,,,,-1.05,,,,,,,,,,,,,RESISTANCE,Resistance_25AUG26_Scan_24_7_2026 (1).xlsx,,424.15,-0.25,,0.97,,,,,,,,,,,,,,,,,,,,19999.0,294.0,1.49,430.0,874.0,18.0,934.0,-7.0,-1.36,SB,,,,,,,
MCX,,,,,,-0.5,,,,,,,,,,,,,RESISTANCE,Resistance_25AUG26_Scan_24_7_2026 (1).xlsx,,2758.5,-0.02,,0.88,,,,,,,,,,,,,,,,,,,,12122.0,667.0,5.82,2800.0,1106.0,29.0,947.0,6.0,-1.48,SB,,,,,,,
PNBHOUSING,,,,,,-2.0,,,,,,,,,,,,,RESISTANCE,Resistance_25AUG26_Scan_24_7_2026 (1).xlsx,,1063.9,-0.19,,1.06,,,,,,,,,,,,,,,,,,,,4690.0,117.0,2.56,1080.0,45.0,2.0,0.0,,-1.49,SB,,,,,,,
NATIONALUM,,,,,,-3.15,,,,,,,,,,,,,RESISTANCE,Resistance_25AUG26_Scan_24_7_2026 (1).xlsx,,344.55,-0.91,,1.08,,,,,,,,,,,,,,,,,,,,9136.0,326.0,3.7,350.0,638.0,22.0,439.0,15.0,-1.56,SB,,,,,,,
ULTRACEMCO,,,,,,-159.0,,,,,,,,,,,,,RESISTANCE,Resistance_25AUG26_Scan_24_7_2026 (1).xlsx,,11800.0,-1.33,,0.5,,,,,,,,,,,,,,,,,,,,16598.0,849.0,5.39,12000.0,1095.0,19.0,464.0,-2.0,-1.67,SB,,,,,,,
BHARATFORG,,,,,,-24.9,,,,,,,,,,,,,RESISTANCE,Resistance_25AUG26_Scan_24_7_2026 (1).xlsx,,2162.5,-1.14,,0.89,,,,,,,,,,,,,,,,,,,,6500.0,288.0,4.64,2200.0,350.0,17.0,179.0,-3.0,-1.7,SB,,,,,,,
VMM,,,,,,-1.97,,,,,,,,,,,,,RESISTANCE,Resistance_25AUG26_Scan_24_7_2026 (1).xlsx,,108.13,-1.79,,0.65,,,,,,,,,,,,,,,,,,,,4401.0,151.0,3.55,110.0,223.0,32.0,83.0,1.0,-1.7,SB,,,,,,,
SUNPHARMA,,,,,,5.1,,,,,,,,,,,,,RESISTANCE,Resistance_25AUG26_Scan_24_7_2026 (1).xlsx,,1965.4,0.26,,0.77,,,,,,,,,,,,,,,,,,,,16007.0,432.0,2.77,2000.0,1015.0,31.0,327.0,0.0,-1.73,LB,,,,,,,
MPHASIS,,,,,,21.1,,,,,,,,,,,,,RESISTANCE,Resistance_25AUG26_Scan_24_7_2026 (1).xlsx,,2260.0,0.94,,0.41,,,,,,,,,,,,,,,,,,,,7770.0,437.0,5.96,2300.0,319.0,146.0,88.0,23.0,-1.74,LB,,,,,,,
MANKIND,,,,,,-10.3,,,,,,,,,,,,,RESISTANCE,Resistance_25AUG26_Scan_24_7_2026 (1).xlsx,,2553.0,-0.4,,0.62,,,,,,,,,,,,,,,,,,,,3923.0,192.0,5.15,2600.0,151.0,1.0,0.0,,-1.81,SB,,,,,,,
BAJAJHLDNG,,,,,,78.0,,,,,,,,,,,,,RESISTANCE,Resistance_25AUG26_Scan_24_7_2026 (1).xlsx,,10794.0,0.73,,0.72,,,,,,,,,,,,,,,,,,,,2075.0,55.0,2.72,11000.0,93.0,0.0,0.0,,-1.87,LB,,,,,,,
FINNIFTY,,,,,,-229.5,,,,,,,,,,,,,RESISTANCE,Resistance_25AUG26_Scan_24_7_2026 (1).xlsx,,25990.0,-0.88,,,,,,,,,,,,,,,,,,,,,,136.0,5.0,3.82,26500.0,24.0,8.0,0.0,,-1.92,SB,,,,,,,
BAJAJ-AUTO,,,,,,-37.5,,,,,,,,,,,,,RESISTANCE,Resistance_25AUG26_Scan_24_7_2026 (1).xlsx,,11272.0,-0.33,,1.62,,,,,,,,,,,,,,,,,,,,12917.0,649.0,5.29,11500.0,1138.0,0.0,185.0,8.0,-1.98,SB,,,,,,,
MAXHEALTH,,,,,,-7.2,,,,,,,,,,,,,RESISTANCE,Resistance_25AUG26_Scan_24_7_2026 (1).xlsx,,1077.7,-0.66,,0.94,,,,,,,,,,,,,,,,,,,,8255.0,306.0,3.85,1100.0,277.0,8.0,0.0,,-2.03,SB,,,,,,,
ASTRAL,,,,,,-6.2,,,,,,,,,,,,,RESISTANCE,Resistance_25AUG26_Scan_24_7_2026 (1).xlsx,,1371.2,-0.45,,1.26,,,,,,,,,,,,,,,,,,,,8793.0,264.0,3.1,1400.0,333.0,9.0,316.0,15.0,-2.06,SB,,,,,,,
ICICIBANK,,,,,,-9.7,,,,,,,,,,,,,RESISTANCE,Resistance_25AUG26_Scan_24_7_2026 (1).xlsx,,1420.2,-0.68,,0.67,,,,,,,,,,,,,,,,,,,,68589.0,2202.0,3.32,1450.0,1803.0,48.0,827.0,6.0,-2.06,SB,,,,,,,
NESTLEIND,,,,,,11.6,,,,,,,,,,,,,RESISTANCE,Resistance_25AUG26_Scan_24_7_2026 (1).xlsx,,1469.1,0.8,,0.5,,,,,,,,,,,,,,,,,,,,8204.0,354.0,4.51,1500.0,1195.0,29.0,355.0,0.0,-2.06,LB,,,,,,,
TRENT,,,,,,-20.8,,,,,,,,,,,,,RESISTANCE,Resistance_25AUG26_Scan_24_7_2026 (1).xlsx,,2837.9,-0.73,,0.78,,,,,,,,,,,,,,,,,,,,28607.0,1313.0,4.81,2900.0,1100.0,57.0,712.0,14.0,-2.14,SB,,,,,,,
SUPREMEIND,,,,,,-16.1,,,,,,,,,,,,,RESISTANCE,Resistance_25AUG26_Scan_24_7_2026 (1).xlsx,,3423.1,-0.47,,0.7,,,,,,,,,,,,,,,,,,,,6092.0,229.0,3.91,3500.0,112.0,0.0,0.0,,-2.2,SB,,,,,,,
FORCEMOT,,,,,,207.0,,,,,,,,,,,,,RESISTANCE,Resistance_25AUG26_Scan_24_7_2026 (1).xlsx,,17602.0,1.19,,0.84,,,,,,,,,,,,,,,,,,,,3794.0,140.0,3.83,18000.0,273.0,0.0,123.0,0.0,-2.21,LB,,,,,,,
AUBANK,,,,,,-4.6,,,,,,,,,,,,,RESISTANCE,Resistance_25AUG26_Scan_24_7_2026 (1).xlsx,,976.6,-0.47,,0.91,,,,,,,,,,,,,,,,,,,,10049.0,403.0,4.18,1000.0,278.0,-2.0,388.0,3.0,-2.34,SB,,,,,,,
TVSMOTOR,,,,,,-31.1,,,,,,,,,,,,,RESISTANCE,Resistance_25AUG26_Scan_24_7_2026 (1).xlsx,,3905.8,-0.79,,0.71,,,,,,,,,,,,,,,,,,,,31782.0,1596.0,5.29,4000.0,1051.0,16.0,275.0,0.0,-2.36,SB,,,,,,,
ITC,,,,,,0.05,,,,,,,,,,,,,RESISTANCE,Resistance_25AUG26_Scan_24_7_2026 (1).xlsx,,283.0,0.02,,0.61,,,,,,,,,,,,,,,,,,,,38907.0,1010.0,2.67,290.0,2422.0,24.0,834.0,3.0,-2.41,LB,,,,,,,
KPITTECH,,,,,,-2.75,,,,,,,,,,,,,RESISTANCE,Resistance_25AUG26_Scan_24_7_2026 (1).xlsx,,536.2,-0.51,,1.0,,,,,,,,,,,,,,,,,,,,11448.0,339.0,3.05,550.0,719.0,19.0,731.0,17.0,-2.51,SB,,,,,,,
TCS,,,,,,8.6,,,,,,,,,,,,,RESISTANCE,Resistance_25AUG26_Scan_24_7_2026 (1).xlsx,,2241.0,0.39,,0.99,,,,,,,,,,,,,,,,,,,,77044.0,2906.0,3.92,2300.0,4009.0,113.0,1798.0,53.0,-2.57,LB,,,,,,,
DIVISLAB,,,,,,-12.5,,,,,,,,,,,,,RESISTANCE,Resistance_25AUG26_Scan_24_7_2026 (1).xlsx,,7306.0,-0.17,,0.47,,,,,,,,,,,,,,,,,,,,16734.0,968.0,6.14,7500.0,667.0,6.0,0.0,,-2.59,SB,,,,,,,
AMBER,,,,,,-152.5,,,,,,,,,,,,,RESISTANCE,Resistance_25AUG26_Scan_24_7_2026 (1).xlsx,,7302.5,-2.05,,0.86,,,,,,,,,,,,,,,,,,,,4245.0,347.0,8.9,7500.0,778.0,64.0,746.0,29.0,-2.63,SB,,,,,,,
MANAPPURAM,,,,,,-4.35,,,,,,,,,,,,,RESISTANCE,Resistance_25AUG26_Scan_24_7_2026 (1).xlsx,,350.45,-1.23,,0.46,,,,,,,,,,,,,,,,,,,,4094.0,257.0,6.7,360.0,531.0,1.0,136.0,1.0,-2.65,SB,,,,,,,
ADANIPOWER,,,,,,0.56,,,,,,,,,,,,,RESISTANCE,Resistance_25AUG26_Scan_24_7_2026 (1).xlsx,,214.08,0.26,,0.69,,,,,,,,,,,,,,,,,,,,15748.0,379.0,2.47,220.0,1115.0,53.0,660.0,8.0,-2.69,LB,,,,,,,
HEROMOTOCO,,,,,,-63.4,,,,,,,,,,,,,RESISTANCE,Resistance_25AUG26_Scan_24_7_2026 (1).xlsx,,5058.1,-1.24,,0.57,,,,,,,,,,,,,,,,,,,,14652.0,789.0,5.69,5200.0,866.0,-7.0,199.0,9.0,-2.73,SB,,,,,,,
KALYANKJIL,,,,,,-5.5,,,,,,,,,,,,,RESISTANCE,Resistance_25AUG26_Scan_24_7_2026 (1).xlsx,,583.05,-0.93,,1.32,,,,,,,,,,,,,,,,,,,,8384.0,639.0,8.25,600.0,809.0,27.0,440.0,-4.0,-2.83,SB,,,,,,,
ABCAPITAL,,,,,,-6.15,,,,,,,,,,,,,RESISTANCE,Resistance_25AUG26_Scan_24_7_2026 (1).xlsx,,388.15,-1.56,,0.86,,,,,,,,,,,,,,,,,,,,4484.0,344.0,8.31,400.0,262.0,7.0,151.0,-7.0,-2.96,SB,,,,,,,
BANKBARODA,,,,,,-1.9,,,,,,,,,,,,,RESISTANCE,Resistance_25AUG26_Scan_24_7_2026 (1).xlsx,,242.55,-0.78,,0.94,,,,,,,,,,,,,,,,,,,,21107.0,526.0,2.56,250.0,946.0,159.0,738.0,28.0,-2.98,SB,,,,,,,
M&M,,,,,,-42.7,,,,,,,,,,,,,RESISTANCE,Resistance_28JUL26_Scan_24_7_2026 (1).xlsx,,3182.1,-1.32,,0.66,,,,,,,,,,,,,,,,,,,,50038.0,265.0,0.53,3100.0,4750.0,-14.0,3365.0,-22.0,2.65,SB,,,,,,,
ICICIBANK,,,,,,-10.1,,,,,,,,,,,,,RESISTANCE,Resistance_28JUL26_Scan_24_7_2026 (1).xlsx,,1424.3,-0.7,,0.82,,,,,,,,,,,,,,,,,,,,101267.0,654.0,0.65,1400.0,5152.0,4.0,5467.0,-88.0,1.74,SB,,,,,,,
APLAPOLLO,,,,,,-18.1,,,,,,,,,,,,,RESISTANCE,Resistance_28JUL26_Scan_24_7_2026 (1).xlsx,,1812.7,-0.99,,0.76,,,,,,,,,,,,,,,,,,,,12523.0,12.0,0.1,1800.0,422.0,-22.0,329.0,-34.0,0.71,SB,,,,,,,
BAJAJFINSV,,,,,,-16.1,,,,,,,,,,,,,RESISTANCE,Resistance_28JUL26_Scan_24_7_2026 (1).xlsx,,1870.6,-0.85,,0.74,,,,,,,,,,,,,,,,,,,,21834.0,19.0,0.09,1860.0,2849.0,-4.0,1608.0,25.0,0.57,SB,,,,,,,
TITAN,,,,,,-26.5,,,,,,,,,,,,,RESISTANCE,Resistance_28JUL26_Scan_24_7_2026 (1).xlsx,,4666.4,-0.56,,0.9,,,,,,,,,,,,,,,,,,,,21153.0,80.0,0.38,4650.0,2762.0,9.0,1146.0,30.0,0.35,SB,,,,,,,
ONGC,,,,,,-1.35,,,,,,,,,,,,,RESISTANCE,Resistance_28JUL26_Scan_24_7_2026 (1).xlsx,,250.8,-0.54,,0.54,,,,,,,,,,,,,,,,,,,,29792.0,-14.0,-0.05,250.0,5726.0,8.0,2471.0,-229.0,0.32,LU,,,,,,,
DALBHARAT,,,,,,-10.0,,,,,,,,,,,,,RESISTANCE,Resistance_28JUL26_Scan_24_7_2026 (1).xlsx,,1844.6,-0.54,,0.67,,,,,,,,,,,,,,,,,,,,11541.0,-335.0,-2.82,1840.0,976.0,556.0,276.0,59.0,0.25,LU,,,,,,,
GODREJPROP,,,,,,-35.3,,,,,,,,,,,,,RESISTANCE,Resistance_28JUL26_Scan_24_7_2026 (1).xlsx,,2000.0,-1.73,,0.8,,,,,,,,,,,,,,,,,,,,16763.0,26.0,0.16,2000.0,1363.0,2.0,961.0,-7.0,0.0,SB,,,,,,,
SUNPHARMA,,,,,,4.6,,,,,,,,,,,,,RESISTANCE,Resistance_28JUL26_Scan_24_7_2026 (1).xlsx,,1954.6,0.24,,0.58,,,,,,,,,,,,,,,,,,,,27097.0,46.0,0.17,1960.0,8004.0,61.0,1167.0,-62.0,-0.28,LB,,,,,,,
POWERGRID,,,,,,-0.5,,,,,,,,,,,,,RESISTANCE,Resistance_28JUL26_Scan_24_7_2026 (1).xlsx,,289.0,-0.17,,0.45,,,,,,,,,,,,,,,,,,,,20772.0,14.0,0.07,290.0,1783.0,4.0,508.0,-13.0,-0.34,SB,,,,,,,
SONACOMS,,,,,,14.7,,,,,,,,,,,,,RESISTANCE,Resistance_28JUL26_Scan_24_7_2026 (1).xlsx,,736.0,2.04,,0.88,,,,,,,,,,,,,,,,,,,,9553.0,-22.0,-0.23,740.0,751.0,185.0,104.0,40.0,-0.54,SC,,,,,,,
BAJAJ-AUTO,,,,,,-67.0,,,,,,,,,,,,,RESISTANCE,Resistance_28JUL26_Scan_24_7_2026 (1).xlsx,,11207.5,-0.59,,1.41,,,,,,,,,,,,,,,,,,,,22222.0,34.0,0.15,11300.0,2364.0,205.0,905.0,23.0,-0.82,SB,,,,,,,
HAVELLS,,,,,,0.6,,,,,,,,,,,,,RESISTANCE,Resistance_28JUL26_Scan_24_7_2026 (1).xlsx,,1209.2,0.05,,0.7,,,,,,,,,,,,,,,,,,,,13308.0,127.0,0.96,1220.0,1167.0,-28.0,254.0,-15.0,-0.89,LB,,,,,,,
HAL,,,,,,-36.3,,,,,,,,,,,,,RESISTANCE,Resistance_28JUL26_Scan_24_7_2026 (1).xlsx,,4549.0,-0.79,,0.62,,,,,,,,,,,,,,,,,,,,22097.0,-17.0,-0.08,4600.0,2521.0,78.0,813.0,-26.0,-1.11,LU,,,,,,,
ADANIENSOL,,,,,,13.4,,,,,,,,,,,,,RESISTANCE,Resistance_28JUL26_Scan_24_7_2026 (1).xlsx,,1697.3,0.8,,0.45,,,,,,,,,,,,,,,,,,,,19902.0,-150.0,-0.75,1720.0,1524.0,8.0,358.0,-38.0,-1.32,SC,,,,,,,
BAJFINANCE,,,,,,-14.4,,,,,,,,,,,,,RESISTANCE,Resistance_28JUL26_Scan_24_7_2026 (1).xlsx,,1026.2,-1.38,,0.88,,,,,,,,,,,,,,,,,,,,64590.0,487.0,0.76,1040.0,2003.0,-16.0,1342.0,-101.0,-1.33,SB,,,,,,,
EXIDEIND,,,,,,4.3,,,,,,,,,,,,,RESISTANCE,Resistance_28JUL26_Scan_24_7_2026 (1).xlsx,,444.0,0.98,,0.67,,,,,,,,,,,,,,,,,,,,9975.0,45.0,0.45,450.0,1158.0,-52.0,147.0,8.0,-1.33,LB,,,,,,,
SHREECEM,,,,,,-135.0,,,,,,,,,,,,,RESISTANCE,Resistance_28JUL26_Scan_24_7_2026 (1).xlsx,,26635.0,-0.5,,0.71,,,,,,,,,,,,,,,,,,,,8932.0,-14.0,-0.16,27000.0,355.0,-15.0,0.0,,-1.35,LU,,,,,,,
INDUSINDBK,,,,,,-17.1,,,,,,,,,,,,,RESISTANCE,Resistance_28JUL26_Scan_24_7_2026 (1).xlsx,,986.0,-1.7,,0.72,,,,,,,,,,,,,,,,,,,,35706.0,-163.0,-0.45,1000.0,1458.0,-15.0,1897.0,-170.0,-1.4,LU,,,,,,,
BEL,,,,,,-1.05,,,,,,,,,,,,,RESISTANCE,Resistance_28JUL26_Scan_24_7_2026 (1).xlsx,,403.85,-0.26,,0.65,,,,,,,,,,,,,,,,,,,,48018.0,509.0,1.07,410.0,3985.0,-121.0,2771.0,7.0,-1.5,SB,,,,,,,
TORNTPHARM,,,,,,-7.0,,,,,,,,,,,,,RESISTANCE,Resistance_28JUL26_Scan_24_7_2026 (1).xlsx,,5023.3,-0.14,,1.06,,,,,,,,,,,,,,,,,,,,19895.0,47.0,0.24,5100.0,769.0,-62.0,176.0,7.0,-1.5,SB,,,,,,,
OIL,,,,,,-2.15,,,,,,,,,,,,,RESISTANCE,Resistance_28JUL26_Scan_24_7_2026 (1).xlsx,,457.8,-0.47,,0.54,,,,,,,,,,,,,,,,,,,,8234.0,60.0,0.73,465.0,662.0,152.0,42.0,24.0,-1.55,SB,,,,,,,
SENSEX,,,,,,-665.55,,,,,,,,,,,,,RESISTANCE,Resistance_28JUL26_Scan_24_7_2026 (1).xlsx,,75800.0,-0.87,,0.79,,,,,,,,,,,,,,,,,,,,1982.0,46.0,2.38,77000.0,29056.0,9564.0,11022.0,-282.0,-1.56,SB,,,,,,,
APOLLOHOSP,,,,,,-11.5,,,,,,,,,,,,,RESISTANCE,Resistance_28JUL26_Scan_24_7_2026 (1).xlsx,,8855.5,-0.13,,0.91,,,,,,,,,,,,,,,,,,,,9102.0,83.0,0.92,9000.0,1663.0,-11.0,0.0,,-1.61,SB,,,,,,,
NIFTYNXT50,,,,,,-504.6,,,,,,,,,,,,,RESISTANCE,Resistance_28JUL26_Scan_24_7_2026 (1).xlsx,,71317.2,-0.7,,0.07,,,,,,,,,,,,,,,,,,,,458.0,-4.0,-0.87,72500.0,207.0,8.0,0.0,,-1.63,LU,,,,,,,
MPHASIS,,,,,,31.4,,,,,,,,,,,,,RESISTANCE,Resistance_28JUL26_Scan_24_7_2026 (1).xlsx,,2262.0,1.41,,0.78,,,,,,,,,,,,,,,,,,,,12063.0,-390.0,-3.13,2300.0,1049.0,417.0,352.0,113.0,-1.65,SC,,,,,,,
SIEMENS,,,,,,-36.7,,,,,,,,,,,,,RESISTANCE,Resistance_28JUL26_Scan_24_7_2026 (1).xlsx,,3638.2,-1.0,,0.54,,,,,,,,,,,,,,,,,,,,14462.0,44.0,0.31,3700.0,1397.0,0.0,500.0,-12.0,-1.67,SB,,,,,,,
LAURUSLABS,,,,,,2.5,,,,,,,,,,,,,RESISTANCE,Resistance_28JUL26_Scan_24_7_2026 (1).xlsx,,1571.3,0.16,,0.81,,,,,,,,,,,,,,,,,,,,9995.0,-161.0,-1.59,1600.0,1141.0,46.0,420.0,-4.0,-1.79,SC,,,,,,,
MANKIND,,,,,,-5.3,,,,,,,,,,,,,RESISTANCE,Resistance_28JUL26_Scan_24_7_2026 (1).xlsx,,2549.9,-0.21,,0.53,,,,,,,,,,,,,,,,,,,,8516.0,-59.0,-0.69,2600.0,1172.0,32.0,0.0,,-1.93,LU,,,,,,,
ASIANPAINT,,,,,,-25.7,,,,,,,,,,,,,RESISTANCE,Resistance_28JUL26_Scan_24_7_2026 (1).xlsx,,2646.6,-0.96,,0.93,,,,,,,,,,,,,,,,,,,,21047.0,39.0,0.19,2700.0,2250.0,-156.0,692.0,-35.0,-1.98,SB,,,,,,,
HINDUNILVR,,,,,,-5.0,,,,,,,,,,,,,RESISTANCE,Resistance_28JUL26_Scan_24_7_2026 (1).xlsx,,2156.2,-0.23,,0.73,,,,,,,,,,,,,,,,,,,,46376.0,175.0,0.38,2200.0,4641.0,2.0,974.0,-26.0,-1.99,SB,,,,,,,
BHARATFORG,,,,,,-25.7,,,,,,,,,,,,,RESISTANCE,Resistance_28JUL26_Scan_24_7_2026 (1).xlsx,,2155.9,-1.18,,0.68,,,,,,,,,,,,,,,,,,,,9954.0,7.0,0.07,2200.0,630.0,8.0,273.0,-16.0,-2.0,SB,,,,,,,
NATIONALUM,,,,,,-3.7,,,,,,,,,,,,,RESISTANCE,Resistance_28JUL26_Scan_24_7_2026 (1).xlsx,,342.95,-1.07,,0.66,,,,,,,,,,,,,,,,,,,,19059.0,2.0,0.01,350.0,1909.0,5.0,639.0,-6.0,-2.01,SB,,,,,,,
CUMMINSIND,,,,,,-14.5,,,,,,,,,,,,,RESISTANCE,Resistance_28JUL26_Scan_24_7_2026 (1).xlsx,,5581.0,-0.26,,0.6,,,,,,,,,,,,,,,,,,,,15799.0,80.0,0.51,5700.0,718.0,-18.0,0.0,,-2.09,SB,,,,,,,
ULTRACEMCO,,,,,,-150.0,,,,,,,,,,,,,RESISTANCE,Resistance_28JUL26_Scan_24_7_2026 (1).xlsx,,11744.0,-1.26,,0.44,,,,,,,,,,,,,,,,,,,,22276.0,278.0,1.26,12000.0,3571.0,32.0,618.0,-22.0,-2.13,SB,,,,,,,
IEX,,,,,,0.48,,,,,,,,,,,,,RESISTANCE,Resistance_28JUL26_Scan_24_7_2026 (1).xlsx,,122.32,0.39,,0.8,,,,,,,,,,,,,,,,,,,,14258.0,-50.0,-0.35,125.0,1430.0,-66.0,350.0,-21.0,-2.14,SC,,,,,,,
BAJAJHLDNG,,,,,,77.0,,,,,,,,,,,,,RESISTANCE,Resistance_28JUL26_Scan_24_7_2026 (1).xlsx,,10739.0,0.72,,0.53,,,,,,,,,,,,,,,,,,,,2616.0,-2.0,-0.08,11000.0,598.0,0.0,99.0,-10.0,-2.37,SC,,,,,,,
PIIND,,,,,,14.2,,,,,,,,,,,,,RESISTANCE,Resistance_28JUL26_Scan_24_7_2026 (1).xlsx,,2733.5,0.52,,0.76,,,,,,,,,,,,,,,,,,,,12911.0,5.0,0.04,2800.0,677.0,-31.0,118.0,-1.0,-2.38,LB,,,,,,,
HINDALCO,,,,,,-9.6,,,,,,,,,,,,,RESISTANCE,Resistance_28JUL26_Scan_24_7_2026 (1).xlsx,,946.3,-1.0,,0.52,,,,,,,,,,,,,,,,,,,,44643.0,60.0,0.13,970.0,3442.0,-8.0,711.0,0.0,-2.44,SB,,,,,,,
NUVAMA,,,,,,97.3,,,,,,,,,,,,,RESISTANCE,Resistance_28JUL26_Scan_24_7_2026 (1).xlsx,,2045.5,4.99,,0.75,,,,,,,,,,,,,,,,,,,,2174.0,-62.0,-2.77,2100.0,510.0,263.0,0.0,,-2.6,SC,,,,,,,
NESTLEIND,,,,,,11.1,,,,,,,,,,,,,RESISTANCE,Resistance_28JUL26_Scan_24_7_2026 (1).xlsx,,1460.2,0.77,,0.41,,,,,,,,,,,,,,,,,,,,17139.0,28.0,0.16,1500.0,3782.0,-225.0,549.0,-25.0,-2.65,LB,,,,,,,
PERSISTENT,,,,,,56.1,,,,,,,,,,,,,RESISTANCE,Resistance_28JUL26_Scan_24_7_2026 (1).xlsx,,5061.0,1.12,,0.94,,,,,,,,,,,,,,,,,,,,24318.0,108.0,0.45,5200.0,1820.0,-426.0,951.0,-30.0,-2.67,LB,,,,,,,
SOLARINDS,,,,,,-112.0,,,,,,,,,,,,,RESISTANCE,Resistance_28JUL26_Scan_24_7_2026 (1).xlsx,,18489.0,-0.6,,0.85,,,,,,,,,,,,,,,,,,,,11059.0,23.0,0.21,19000.0,1070.0,-3.0,483.0,-3.0,-2.69,SB,,,,,,,
TECHM,,,,,,-5.5,,,,,,,,,,,,,RESISTANCE,Resistance_28JUL26_Scan_24_7_2026 (1).xlsx,,1556.0,-0.35,,0.88,,,,,,,,,,,,,,,,,,,,23581.0,234.0,1.0,1600.0,1392.0,248.0,362.0,2.0,-2.75,SB,,,,,,,
NYKAA,,,,,,-3.7,,,,,,,,,,,,,RESISTANCE,Resistance_28JUL26_Scan_24_7_2026 (1).xlsx,,320.8,-1.14,,0.96,,,,,,,,,,,,,,,,,,,,9166.0,36.0,0.39,330.0,397.0,-39.0,230.0,-5.0,-2.79,SB,,,,,,,
BRITANNIA,,,,,,-46.0,,,,,,,,,,,,,RESISTANCE,Resistance_28JUL26_Scan_24_7_2026 (1).xlsx,,5343.0,-0.85,,0.78,,,,,,,,,,,,,,,,,,,,11241.0,418.0,3.86,5500.0,764.0,8.0,278.0,9.0,-2.85,SB,,,,,,,
AUBANK,,,,,,-6.2,,,,,,,,,,,,,RESISTANCE,Resistance_28JUL26_Scan_24_7_2026 (1).xlsx,,971.2,-0.63,,0.74,,,,,,,,,,,,,,,,,,,,15183.0,50.0,0.33,1000.0,1342.0,125.0,602.0,-5.0,-2.88,SB,,,,,,,
RADICO,,,,,,22.1,,,,,,,,,,,,,RESISTANCE,Resistance_28JUL26_Scan_24_7_2026 (1).xlsx,,4077.7,0.54,,0.69,,,,,,,,,,,,,,,,,,,,3151.0,-16.0,-0.51,4200.0,569.0,-2.0,0.0,,-2.91,SC,,,,,,,
COALINDIA,,,,,,-1.5,,,,,,,,,,,,,RESISTANCE,Resistance_28JUL26_Scan_24_7_2026 (1).xlsx,,427.1,-0.35,,0.63,,,,,,,,,,,,,,,,,,,,37157.0,-60.0,-0.16,440.0,3676.0,14.0,1002.0,-6.0,-2.93,LU,,,,,,,
KEI,,,,,,-57.0,,,,,,,,,,,,,RESISTANCE,Resistance_28JUL26_Scan_24_7_2026 (1).xlsx,,4852.5,-1.16,,0.45,,,,,,,,,,,,,,,,,,,,7775.0,-26.0,-0.33,5000.0,834.0,61.0,224.0,-12.0,-2.95,LU,,,,,,,
UNITDSPR,,,,,,35.9,,,,,,,,,,,,,RESISTANCE,Resistance_28JUL26_Scan_24_7_2026 (1).xlsx,,1455.6,2.53,,0.8,,,,,,,,,,,,,,,,,,,,13838.0,105.0,0.76,1500.0,1090.0,491.0,116.0,1.0,-2.96,LB,,,,,,,
ITC,,,,,,-0.3,,,,,,,,,,,,,RESISTANCE,Resistance_28JUL26_Scan_24_7_2026 (1).xlsx,,281.35,-0.11,,0.65,,,,,,,,,,,,,,,,,,,,54526.0,90.0,0.17,290.0,7972.0,-37.0,2626.0,-6.0,-2.98,SB,,,,,,,
BANKBARODA,,,,,,-1.6,,,,,,,,,,,,,SUPPORT,Support_Resistance_25AUG26_Scan_24_7_2026.xlsx,,242.85,-0.65,,0.94,,,,,,,,,,,,,,,,,,,,21092.0,511.0,2.48,250.0,946.0,159.0,738.0,28.0,-2.86,SB,,,,,,,
GMRAIRPORT,,,,,,-1.31,,,,,,,,,,,,,SUPPORT,Support_Resistance_25AUG26_Scan_24_7_2026.xlsx,,106.85,-1.21,,0.6,,,,,,,,,,,,,,,,,,,,4973.0,321.0,6.9,110.0,259.0,6.0,230.0,0.0,-2.86,SB,,,,,,,
BANKNIFTY,,,,,,-416.6,,,,,,,,,,,,,SUPPORT,Support_Resistance_25AUG26_Scan_24_7_2026.xlsx,,56502.4,-0.73,,0.88,,,,,,,,,,,,,,,,,,,,32876.0,1479.0,4.71,58000.0,20793.0,2001.0,13250.0,-120.0,-2.58,SB,,,,,,,
AMBER,,,,,,-147.5,,,,,,,,,,,,,SUPPORT,Support_Resistance_25AUG26_Scan_24_7_2026.xlsx,,7307.5,-1.98,,0.86,,,,,,,,,,,,,,,,,,,,4235.0,337.0,8.65,7500.0,778.0,64.0,746.0,29.0,-2.57,SB,,,,,,,
KPITTECH,,,,,,-2.95,,,,,,,,,,,,,SUPPORT,Support_Resistance_25AUG26_Scan_24_7_2026.xlsx,,536.0,-0.55,,1.0,,,,,,,,,,,,,,,,,,,,11469.0,360.0,3.24,550.0,744.0,44.0,736.0,22.0,-2.55,SB,,,,,,,
MARUTI,,,,,,-146.0,,,,,,,,,,,,,SUPPORT,Support_Resistance_25AUG26_Scan_24_7_2026.xlsx,,13168.0,-1.1,,0.45,,,,,,,,,,,,,,,,,,,,19555.0,712.0,3.78,13500.0,1133.0,107.0,887.0,27.0,-2.46,SB,,,,,,,
AUBANK,,,,,,-5.7,,,,,,,,,,,,,SUPPORT,Support_Resistance_25AUG26_Scan_24_7_2026.xlsx,,975.5,-0.58,,0.91,,,,,,,,,,,,,,,,,,,,10038.0,392.0,4.06,1000.0,278.0,-2.0,388.0,3.0,-2.45,SB,,,,,,,
PAGEIND,,,,,,-120.0,,,,,,,,,,,,,SUPPORT,Support_Resistance_25AUG26_Scan_24_7_2026.xlsx,,40060.0,-0.3,,0.61,,,,,,,,,,,,,,,,,,,,4725.0,237.0,5.28,41000.0,0.0,,2.0,0.0,-2.29,SB,,,,,,,
UNITDSPR,,,,,,40.0,,,,,,,,,,,,,SUPPORT,Support_Resistance_25AUG26_Scan_24_7_2026.xlsx,,1466.8,2.8,,0.74,,,,,,,,,,,,,,,,,,,,9071.0,639.0,7.58,1500.0,685.0,2.0,899.0,12.0,-2.21,LB,,,,,,,
RBLBANK,,,,,,-3.55,,,,,,,,,,,,,SUPPORT,Support_Resistance_25AUG26_Scan_24_7_2026.xlsx,,352.2,-1.0,,0.49,,,,,,,,,,,,,,,,,,,,4450.0,317.0,7.67,360.0,154.0,7.0,125.0,-2.0,-2.17,SB,,,,,,,
CROMPTON,,,,,,-6.5,,,,,,,,,,,,,SUPPORT,Support_Resistance_25AUG26_Scan_24_7_2026.xlsx,,244.85,-2.59,,0.31,,,,,,,,,,,,,,,,,,,,9620.0,527.0,5.8,250.0,120.0,14.0,151.0,-3.0,-2.06,SB,,,,,,,
RELIANCE,,,,,,-6.7,,,,,,,,,,,,,SUPPORT,Support_Resistance_25AUG26_Scan_24_7_2026.xlsx,,1273.2,-0.52,,0.76,,,,,,,,,,,,,,,,,,,,87639.0,2232.0,2.61,1300.0,7299.0,208.0,4968.0,-1.0,-2.06,SB,,,,,,,
IOC,,,,,,-2.26,,,,,,,,,,,,,SUPPORT,Support_Resistance_25AUG26_Scan_24_7_2026.xlsx,,137.33,-1.62,,0.97,,,,,,,,,,,,,,,,,,,,13796.0,592.0,4.48,140.0,474.0,16.0,441.0,6.0,-1.91,SB,,,,,,,
MPHASIS,,,,,,18.9,,,,,,,,,,,,,SUPPORT,Support_Resistance_25AUG26_Scan_24_7_2026.xlsx,,2257.8,0.84,,0.41,,,,,,,,,,,,,,,,,,,,7757.0,424.0,5.78,2300.0,316.0,143.0,88.0,23.0,-1.83,LB,,,,,,,
MCX,,,,,,-8.0,,,,,,,,,,,,,SUPPORT,Support_Resistance_25AUG26_Scan_24_7_2026.xlsx,,2751.0,-0.29,,0.88,,,,,,,,,,,,,,,,,,,,12035.0,580.0,5.06,2800.0,1103.0,26.0,947.0,6.0,-1.75,SB,,,,,,,
PGEL,,,,,,-9.4,,,,,,,,,,,,,SUPPORT,Support_Resistance_25AUG26_Scan_24_7_2026.xlsx,,570.1,-1.62,,0.65,,,,,,,,,,,,,,,,,,,,3137.0,173.0,5.84,580.0,225.0,11.0,166.0,9.0,-1.71,SB,,,,,,,
ULTRACEMCO,,,,,,-157.0,,,,,,,,,,,,,SUPPORT,Support_Resistance_25AUG26_Scan_24_7_2026.xlsx,,11802.0,-1.31,,0.5,,,,,,,,,,,,,,,,,,,,16587.0,838.0,5.32,12000.0,1094.0,18.0,464.0,-2.0,-1.65,SB,,,,,,,
NATIONALUM,,,,,,-3.4,,,,,,,,,,,,,SUPPORT,Support_Resistance_25AUG26_Scan_24_7_2026.xlsx,,344.3,-0.98,,1.08,,,,,,,,,,,,,,,,,,,,9089.0,279.0,3.17,350.0,638.0,22.0,439.0,15.0,-1.63,SB,,,,,,,
SRF,,,,,,27.6,,,,,,,,,,,,,SUPPORT,Support_Resistance_25AUG26_Scan_24_7_2026.xlsx,,2656.2,1.05,,0.4,,,,,,,,,,,,,,,,,,,,9929.0,442.0,4.66,2700.0,818.0,-7.0,779.0,-14.0,-1.62,LB,,,,,,,
INDIGO,,,,,,-126.0,,,,,,,,,,,,,SUPPORT,Support_Resistance_25AUG26_Scan_24_7_2026.xlsx,,4926.0,-2.49,,0.98,,,,,,,,,,,,,,,,,,,,20832.0,2945.0,16.46,5000.0,567.0,435.0,1093.0,92.0,-1.48,SB,,,,,,,
ASIANPAINT,,,,,,-25.5,,,,,,,,,,,,,SUPPORT,Support_Resistance_25AUG26_Scan_24_7_2026.xlsx,,2660.3,-0.95,,0.75,,,,,,,,,,,,,,,,,,,,10923.0,400.0,3.8,2700.0,489.0,33.0,332.0,3.0,-1.47,SB,,,,,,,
RECLTD,,,,,,0.4,,,,,,,,,,,,,SUPPORT,Support_Resistance_25AUG26_Scan_24_7_2026.xlsx,,354.7,0.11,,0.92,,,,,,,,,,,,,,,,,,,,12237.0,740.0,6.44,360.0,511.0,63.0,510.0,57.0,-1.47,LB,,,,,,,
COALINDIA,,,,,,-1.05,,,,,,,,,,,,,SUPPORT,Support_Resistance_25AUG26_Scan_24_7_2026.xlsx,,424.15,-0.25,,0.97,,,,,,,,,,,,,,,,,,,,19993.0,288.0,1.46,430.0,874.0,18.0,934.0,-7.0,-1.36,SB,,,,,,,
BSE,,,,,,-35.5,,,,,,,,,,,,,SUPPORT,Support_Resistance_25AUG26_Scan_24_7_2026.xlsx,,3556.2,-0.99,,0.91,,,,,,,,,,,,,,,,,,,,14583.0,523.0,3.72,3600.0,886.0,22.0,1151.0,-9.0,-1.22,SB,,,,,,,
BEL,,,,,,-1.25,,,,,,,,,,,,,SUPPORT,Support_Resistance_25AUG26_Scan_24_7_2026.xlsx,,405.35,-0.31,,0.76,,,,,,,,,,,,,,,,,,,,27130.0,1268.0,4.9,410.0,1742.0,-38.0,1097.0,3.0,-1.13,SB,,,,,,,
MFSL,,,,,,-12.1,,,,,,,,,,,,,SUPPORT,Support_Resistance_25AUG26_Scan_24_7_2026.xlsx,,1502.9,-0.8,,0.96,,,,,,,,,,,,,,,,,,,,5826.0,228.0,4.07,1520.0,0.0,,4.0,-15.0,-1.13,SB,,,,,,,
TATAPOWER,,,,,,-2.05,,,,,,,,,,,,,SUPPORT,Support_Resistance_25AUG26_Scan_24_7_2026.xlsx,,375.85,-0.54,,0.64,,,,,,,,,,,,,,,,,,,,13719.0,432.0,3.25,380.0,817.0,40.0,650.0,17.0,-1.09,SB,,,,,,,
LTM,,,,,,2.2,,,,,,,,,,,,,SUPPORT,Support_Resistance_25AUG26_Scan_24_7_2026.xlsx,,3957.2,0.06,,0.78,,,,,,,,,,,,,,,,,,,,9516.0,536.0,5.97,4000.0,245.0,27.0,174.0,0.0,-1.07,LB,,,,,,,
NIFTY,,,,,,-179.2,,,,,,,,,,,,,SUPPORT,Support_Resistance_25AUG26_Scan_24_7_2026.xlsx,,23755.0,-0.75,,1.05,,,,,,,,,,,,,,,,,,,,96072.0,3740.0,4.05,24000.0,101465.0,4857.0,99328.0,793.0,-1.02,SB,,,,,,,
LT,,,,,,-49.6,,,,,,,,,,,,,SUPPORT,Support_Resistance_25AUG26_Scan_24_7_2026.xlsx,,3763.1,-1.3,,0.93,,,,,,,,,,,,,,,,,,,,24381.0,1285.0,5.56,3800.0,974.0,85.0,1631.0,130.0,-0.97,SB,,,,,,,
MOTILALOFS,,,,,,-54.7,,,,,,,,,,,,,SUPPORT,Support_Resistance_25AUG26_Scan_24_7_2026.xlsx,,891.95,-5.78,,0.38,,,,,,,,,,,,,,,,,,,,2660.0,609.0,29.69,900.0,4.0,0.0,83.0,25.0,-0.89,SB,,,,,,,
NAUKRI,,,,,,-2.05,,,,,,,,,,,,,SUPPORT,Support_Resistance_25AUG26_Scan_24_7_2026.xlsx,,1169.7,-0.17,,0.46,,,,,,,,,,,,,,,,,,,,11377.0,568.0,5.25,1180.0,19.0,0.0,184.0,6.0,-0.87,SB,,,,,,,
INDUSINDBK,,,,,,-16.4,,,,,,,,,,,,,SUPPORT,Support_Resistance_25AUG26_Scan_24_7_2026.xlsx,,991.55,-1.63,,0.81,,,,,,,,,,,,,,,,,,,,20979.0,631.0,3.1,1000.0,777.0,39.0,1067.0,20.0,-0.85,SB,,,,,,,
POLYCAB,,,,,,-54.5,,,,,,,,,,,,,SUPPORT,Support_Resistance_25AUG26_Scan_24_7_2026.xlsx,,8925.5,-0.61,,0.53,,,,,,,,,,,,,,,,,,,,8222.0,450.0,5.79,9000.0,705.0,70.0,397.0,59.0,-0.83,SB,,,,,,,
CGPOWER,,,,,,7.55,,,,,,,,,,,,,SUPPORT,Support_Resistance_25AUG26_Scan_24_7_2026.xlsx,,892.85,0.85,,0.55,,,,,,,,,,,,,,,,,,,,11245.0,528.0,4.93,900.0,374.0,79.0,314.0,23.0,-0.79,LB,,,,,,,
SHREECEM,,,,,,-175.0,,,,,,,,,,,,,SUPPORT,Support_Resistance_25AUG26_Scan_24_7_2026.xlsx,,26295.0,-0.66,,0.72,,,,,,,,,,,,,,,,,,,,5570.0,359.0,6.89,26500.0,0.0,,36.0,12.0,-0.77,SB,,,,,,,
BPCL,,,,,,-3.1,,,,,,,,,,,,,SUPPORT,Support_Resistance_25AUG26_Scan_24_7_2026.xlsx,,307.75,-1.0,,0.93,,,,,,,,,,,,,,,,,,,,8726.0,296.0,3.51,310.0,183.0,3.0,263.0,-48.0,-0.73,SB,,,,,,,
HAL,,,,,,-31.4,,,,,,,,,,,,,SUPPORT,Support_Resistance_25AUG26_Scan_24_7_2026.xlsx,,4566.2,-0.68,,0.77,,,,,,,,,,,,,,,,,,,,13935.0,451.0,3.34,4600.0,1204.0,13.0,970.0,12.0,-0.73,SB,,,,,,,
LODHA,,,,,,-8.15,,,,,,,,,,,,,SUPPORT,Support_Resistance_25AUG26_Scan_24_7_2026.xlsx,,1092.0,-0.74,,1.03,,,,,,,,,,,,,,,,,,,,13570.0,248.0,1.86,1100.0,202.0,0.0,284.0,10.0,-0.73,SB,,,,,,,
HDFCBANK,,,,,,-7.65,,,,,,,,,,,,,SUPPORT,Support_Resistance_25AUG26_Scan_24_7_2026.xlsx,,744.6,-1.02,,0.47,,,,,,,,,,,,,,,,,,,,245050.0,5302.0,2.21,750.0,6817.0,496.0,5137.0,116.0,-0.72,SB,,,,,,,
IDFCFIRSTB,,,,,,-0.7,,,,,,,,,,,,,SUPPORT,Support_Resistance_25AUG26_Scan_24_7_2026.xlsx,,79.45,-0.87,,0.6,,,,,,,,,,,,,,,,,,,,18162.0,367.0,2.06,80.0,382.0,61.0,300.0,18.0,-0.69,SB,,,,,,,
LTF,,,,,,-3.65,,,,,,,,,,,,,SUPPORT,Support_Resistance_25AUG26_Scan_24_7_2026.xlsx,,298.0,-1.21,,0.59,,,,,,,,,,,,,,,,,,,,11453.0,303.0,2.72,300.0,293.0,16.0,370.0,5.0,-0.67,SB,,,,,,,
UNIONBANK,,,,,,-0.51,,,,,,,,,,,,,SUPPORT,Support_Resistance_25AUG26_Scan_24_7_2026.xlsx,,168.86,-0.3,,0.88,,,,,,,,,,,,,,,,,,,,11816.0,429.0,3.77,170.0,336.0,8.0,495.0,7.0,-0.67,SB,,,,,,,
ADANIPORTS,,,,,,0.3,,,,,,,,,,,,,SUPPORT,Support_Resistance_25AUG26_Scan_24_7_2026.xlsx,,1790.6,0.02,,0.69,,,,,,,,,,,,,,,,,,,,18154.0,537.0,3.05,1800.0,346.0,60.0,504.0,-1.0,-0.52,LB,,,,,,,
YESBANK,,,,,,-0.15,,,,,,,,,,,,,SUPPORT,Support_Resistance_25AUG26_Scan_24_7_2026.xlsx,,22.89,-0.65,,0.53,,,,,,,,,,,,,,,,,,,,13997.0,639.0,4.78,23.0,501.0,47.0,873.0,7.0,-0.48,SB,,,,,,,
SENSEX,,,,,,-629.0,,,,,,,,,,,,,SUPPORT,Support_Resistance_25AUG26_Scan_24_7_2026.xlsx,,76138.45,-0.82,,0.84,,,,,,,,,,,,,,,,,,,,1025.0,77.0,8.12,76500.0,1368.0,-4.0,1374.0,-4.0,-0.47,SB,,,,,,,
LUPIN,,,,,,-14.9,,,,,,,,,,,,,SUPPORT,Support_Resistance_25AUG26_Scan_24_7_2026.xlsx,,2389.8,-0.62,,0.85,,,,,,,,,,,,,,,,,,,,5406.0,353.0,6.99,2400.0,179.0,-28.0,345.0,1.0,-0.43,SB,,,,,,,
WIPRO,,,,,,-1.0,,,,,,,,,,,,,SUPPORT,Support_Resistance_25AUG26_Scan_24_7_2026.xlsx,,169.45,-0.59,,0.68,,,,,,,,,,,,,,,,,,,,50748.0,2278.0,4.7,170.0,1647.0,6.0,1530.0,-37.0,-0.32,SB,,,,,,,
KEI,,,,,,-51.0,,,,,,,,,,,,,SUPPORT,Support_Resistance_25AUG26_Scan_24_7_2026.xlsx,,4785.0,-1.05,,0.83,,,,,,,,,,,,,,,,,,,,8405.0,258.0,3.17,4800.0,8.0,1.0,29.0,1.0,-0.31,SB,,,,,,,
POWERGRID,,,,,,-0.6,,,,,,,,,,,,,SUPPORT,Support_Resistance_25AUG26_Scan_24_7_2026.xlsx,,289.15,-0.21,,1.26,,,,,,,,,,,,,,,,,,,,8710.0,233.0,2.75,290.0,817.0,-3.0,540.0,3.0,-0.29,SB,,,,,,,
NAM-INDIA,,,,,,-5.1,,,,,,,,,,,,,SUPPORT,Support_Resistance_25AUG26_Scan_24_7_2026.xlsx,,1097.4,-0.46,,0.77,,,,,,,,,,,,,,,,,,,,4067.0,72.0,1.8,1100.0,34.0,0.0,156.0,1.0,-0.24,SB,,,,,,,
GRASIM,,,,,,-19.1,,,,,,,,,,,,,SUPPORT,Support_Resistance_25AUG26_Scan_24_7_2026.xlsx,,3097.3,-0.61,,0.69,,,,,,,,,,,,,,,,,,,,25249.0,585.0,2.37,3100.0,90.0,36.0,190.0,18.0,-0.09,SB,,,,,,,
PIIND,,,,,,10.7,,,,,,,,,,,,,SUPPORT,Support_Resistance_25AUG26_Scan_24_7_2026.xlsx,,2699.8,0.4,,0.92,,,,,,,,,,,,,,,,,,,,5782.0,323.0,5.92,2700.0,584.0,40.0,307.0,19.0,-0.01,LB,,,,,,,
ICICIPRULI,,,,,,-3.45,,,,,,,,,,,,,SUPPORT,Support_Resistance_25AUG26_Scan_24_7_2026.xlsx,,500.0,-0.69,,0.74,,,,,,,,,,,,,,,,,,,,9617.0,349.0,3.77,500.0,415.0,5.0,464.0,17.0,0.0,SB,,,,,,,
M&M,,,,,,-41.8,,,,,,,,,,,,,SUPPORT,Support_Resistance_25AUG26_Scan_24_7_2026.xlsx,,3200.0,-1.29,,1.0,,,,,,,,,,,,,,,,,,,,29867.0,1438.0,5.06,3200.0,1499.0,149.0,1380.0,128.0,0.0,SB,,,,,,,
HDFCAMC,,,,,,-17.6,,,,,,,,,,,,,SUPPORT,Support_Resistance_25AUG26_Scan_24_7_2026.xlsx,,2501.2,-0.7,,0.64,,,,,,,,,,,,,,,,,,,,10296.0,236.0,2.35,2500.0,179.0,72.0,439.0,2.0,0.05,SB,,,,,,,
PNB,,,,,,-0.55,,,,,,,,,,,,,SUPPORT,Support_Resistance_25AUG26_Scan_24_7_2026.xlsx,,110.15,-0.5,,0.79,,,,,,,,,,,,,,,,,,,,17551.0,482.0,2.82,110.0,532.0,23.0,528.0,-48.0,0.14,SB,,,,,,,
IDEA,,,,,,-0.29,,,,,,,,,,,,,SUPPORT,Support_Resistance_25AUG26_Scan_24_7_2026.xlsx,,13.03,-2.18,,0.51,,,,,,,,,,,,,,,,,,,,37468.0,1873.0,5.26,13.0,704.0,80.0,1218.0,-22.0,0.23,SB,,,,,,,
GODREJCP,,,,,,3.9,,,,,,,,,,,,,SUPPORT,Support_Resistance_25AUG26_Scan_24_7_2026.xlsx,,1062.9,0.37,,0.37,,,,,,,,,,,,,,,,,,,,7073.0,250.0,3.66,1060.0,108.0,1.0,68.0,1.0,0.27,LB,,,,,,,
PRESTIGE,,,,,,-25.8,,,,,,,,,,,,,SUPPORT,Support_Resistance_25AUG26_Scan_24_7_2026.xlsx,,1604.3,-1.58,,0.58,,,,,,,,,,,,,,,,,,,,4305.0,203.0,4.95,1600.0,411.0,19.0,141.0,-67.0,0.27,SB,,,,,,,
JSWENERGY,,,,,,-9.0,,,,,,,,,,,,,SUPPORT,Support_Resistance_25AUG26_Scan_24_7_2026.xlsx,,551.9,-1.6,,1.05,,,,,,,,,,,,,,,,,,,,10207.0,383.0,3.9,550.0,101.0,40.0,176.0,18.0,0.35,SB,,,,,,,
ALKEM,,,,,,-8.5,,,,,,,,,,,,,SUPPORT,Support_Resistance_25AUG26_Scan_24_7_2026.xlsx,,5621.0,-0.15,,0.34,,,,,,,,,,,,,,,,,,,,3623.0,121.0,3.46,5600.0,37.0,3.0,12.0,0.0,0.38,SB,,,,,,,
PETRONET,,,,,,0.9,,,,,,,,,,,,,SUPPORT,Support_Resistance_25AUG26_Scan_24_7_2026.xlsx,,271.1,0.33,,0.84,,,,,,,,,,,,,,,,,,,,4932.0,181.0,3.81,270.0,214.0,22.0,368.0,0.0,0.41,LB,,,,,,,
GODREJPROP,,,,,,-36.1,,,,,,,,,,,,,SUPPORT,Support_Resistance_25AUG26_Scan_24_7_2026.xlsx,,2008.4,-1.77,,0.41,,,,,,,,,,,,,,,,,,,,8971.0,327.0,3.78,2000.0,414.0,-5.0,294.0,4.0,0.42,SB,,,,,,,
COLPAL,,,,,,10.4,,,,,,,,,,,,,SUPPORT,Support_Resistance_25AUG26_Scan_24_7_2026.xlsx,,2109.5,0.5,,0.51,,,,,,,,,,,,,,,,,,,,4984.0,227.0,4.77,2100.0,647.0,12.0,425.0,15.0,0.45,LB,,,,,,,
FORCEMOT,,,,,,185.0,,,,,,,,,,,,,SUPPORT,Support_Resistance_25AUG26_Scan_24_7_2026.xlsx,,17580.0,1.06,,0.84,,,,,,,,,,,,,,,,,,,,3779.0,125.0,3.42,17500.0,72.0,13.0,183.0,12.0,0.46,LB,,,,,,,
FEDERALBNK,,,,,,-3.0,,,,,,,,,,,,,SUPPORT,Support_Resistance_25AUG26_Scan_24_7_2026.xlsx,,352.1,-0.84,,0.96,,,,,,,,,,,,,,,,,,,,18885.0,631.0,3.46,350.0,569.0,15.0,637.0,0.0,0.6,SB,,,,,,,
ONGC,,,,,,-1.22,,,,,,,,,,,,,SUPPORT,Support_Resistance_25AUG26_Scan_24_7_2026.xlsx,,251.52,-0.48,,0.65,,,,,,,,,,,,,,,,,,,,9359.0,178.0,1.94,250.0,769.0,46.0,522.0,17.0,0.61,SB,,,,,,,
OIL,,,,,,-3.65,,,,,,,,,,,,,SUPPORT,Support_Resistance_25AUG26_Scan_24_7_2026.xlsx,,452.8,-0.8,,0.81,,,,,,,,,,,,,,,,,,,,6437.0,388.0,6.41,450.0,296.0,28.0,320.0,54.0,0.62,SB,,,,,,,
UPL,,,,,,-5.4,,,,,,,,,,,,,SUPPORT,Support_Resistance_25AUG26_Scan_24_7_2026.xlsx,,604.35,-0.89,,0.94,,,,,,,,,,,,,,,,,,,,9212.0,434.0,4.94,600.0,111.0,6.0,348.0,9.0,0.73,SB,,,,,,,
GAIL,,,,,,-1.08,,,,,,,,,,,,,SUPPORT,Support_Resistance_25AUG26_Scan_24_7_2026.xlsx,,171.34,-0.63,,0.98,,,,,,,,,,,,,,,,,,,,8869.0,365.0,4.29,170.0,218.0,-5.0,391.0,30.0,0.79,SB,,,,,,,
SHRIRAMFIN,,,,,,-24.0,,,,,,,,,,,,,SUPPORT,Support_Resistance_25AUG26_Scan_24_7_2026.xlsx,,1008.9,-2.32,,0.61,,,,,,,,,,,,,,,,,,,,13521.0,828.0,6.52,1000.0,246.0,88.0,317.0,81.0,0.89,SB,,,,,,,
JIOFIN,,,,,,-1.54,,,,,,,,,,,,,SUPPORT,Support_Resistance_25AUG26_Scan_24_7_2026.xlsx,,232.08,-0.66,,0.56,,,,,,,,,,,,,,,,,,,,34363.0,1100.0,3.31,230.0,1105.0,55.0,1218.0,20.0,0.9,SB,,,,,,,
CAMS,,,,,,-3.75,,,,,,,,,,,,,SUPPORT,Support_Resistance_25AUG26_Scan_24_7_2026.xlsx,,757.05,-0.49,,0.67,,,,,,,,,,,,,,,,,,,,2363.0,132.0,5.92,750.0,12.0,4.0,79.0,6.0,0.94,SB,,,,,,,
ETERNAL,,,,,,-6.35,,,,,,,,,,,,,SUPPORT,Support_Resistance_25AUG26_Scan_24_7_2026.xlsx,,282.65,-2.2,,0.51,,,,,,,,,,,,,,,,,,,,31858.0,1627.0,5.38,280.0,734.0,168.0,919.0,4.0,0.95,SB,,,,,,,
PREMIERENE,,,,,,-7.3,,,,,,,,,,,,,SUPPORT,Support_Resistance_25AUG26_Scan_24_7_2026.xlsx,,1009.7,-0.72,,0.55,,,,,,,,,,,,,,,,,,,,4730.0,143.0,3.12,1000.0,53.0,-2.0,140.0,17.0,0.97,SB,,,,,,,
ITC,,,,,,-0.05,,,,,,,,,,,,,SUPPORT,Support_Resistance_25AUG26_Scan_24_7_2026.xlsx,,282.9,-0.02,,0.61,,,,,,,,,,,,,,,,,,,,38871.0,974.0,2.57,280.0,1587.0,-9.0,1694.0,48.0,1.04,SB,,,,,,,
VEDL,,,,,,-3.35,,,,,,,,,,,,,SUPPORT,Support_Resistance_25AUG26_Scan_24_7_2026.xlsx,,262.7,-1.26,,0.75,,,,,,,,,,,,,,,,,,,,14112.0,597.0,4.42,260.0,2319.0,28.0,2332.0,9.0,1.04,SB,,,,,,,
DMART,,,,,,27.0,,,,,,,,,,,,,SUPPORT,Support_Resistance_25AUG26_Scan_24_7_2026.xlsx,,4045.0,0.67,,0.66,,,,,,,,,,,,,,,,,,,,18203.0,416.0,2.34,4000.0,771.0,29.0,514.0,22.0,1.13,LB,,,,,,,
SONACOMS,,,,,,14.8,,,,,,,,,,,,,SUPPORT,Support_Resistance_25AUG26_Scan_24_7_2026.xlsx,,728.1,2.07,,0.39,,,,,,,,,,,,,,,,,,,,4087.0,424.0,11.58,720.0,100.0,23.0,71.0,34.0,1.13,LB,,,,,,,
CDSL,,,,,,-10.3,,,,,,,,,,,,,SUPPORT,Support_Resistance_25AUG26_Scan_24_7_2026.xlsx,,1315.0,-0.78,,0.81,,,,,,,,,,,,,,,,,,,,9313.0,300.0,3.33,1300.0,135.0,40.0,827.0,33.0,1.15,SB,,,,,,,
HEROMOTOCO,,,,,,-62.8,,,,,,,,,,,,,SUPPORT,Support_Resistance_25AUG26_Scan_24_7_2026.xlsx,,5058.7,-1.23,,0.57,,,,,,,,,,,,,,,,,,,,14623.0,760.0,5.48,5000.0,600.0,19.0,615.0,-37.0,1.17,SB,,,,,,,
TORNTPHARM,,,,,,-1.0,,,,,,,,,,,,,SUPPORT,Support_Resistance_25AUG26_Scan_24_7_2026.xlsx,,4957.7,-0.02,,0.78,,,,,,,,,,,,,,,,,,,,24205.0,581.0,2.46,4900.0,3.0,0.0,101.0,0.0,1.18,SB,,,,,,,
HAVELLS,,,,,,0.5,,,,,,,,,,,,,SUPPORT,Support_Resistance_25AUG26_Scan_24_7_2026.xlsx,,1214.7,0.04,,0.76,,,,,,,,,,,,,,,,,,,,8251.0,354.0,4.48,1200.0,460.0,7.0,392.0,1.0,1.23,LB,,,,,,,
SBIN,,,,,,-6.2,,,,,,,,,,,,,SUPPORT,Support_Resistance_25AUG26_Scan_24_7_2026.xlsx,,1013.1,-0.61,,0.86,,,,,,,,,,,,,,,,,,,,51312.0,1265.0,2.53,1000.0,1250.0,64.0,2586.0,57.0,1.31,SB,,,,,,,
BANKINDIA,,,,,,-1.24,,,,,,,,,,,,,SUPPORT,Support_Resistance_25AUG26_Scan_24_7_2026.xlsx,,141.93,-0.87,,0.97,,,,,,,,,,,,,,,,,,,,6213.0,84.0,1.37,140.0,147.0,14.0,182.0,30.0,1.38,SB,,,,,,,
SBICARD,,,,,,-4.65,,,,,,,,,,,,,SUPPORT,Support_Resistance_25AUG26_Scan_24_7_2026.xlsx,,608.75,-0.76,,0.79,,,,,,,,,,,,,,,,,,,,13652.0,631.0,4.85,600.0,277.0,0.0,486.0,14.0,1.46,SB,,,,,,,
ICICIBANK,,,,,,-9.0,,,,,,,,,,,,,SUPPORT,Support_Resistance_25AUG26_Scan_24_7_2026.xlsx,,1420.9,-0.63,,0.67,,,,,,,,,,,,,,,,,,,,68558.0,2171.0,3.27,1400.0,329.0,-20.0,1411.0,33.0,1.49,SB,,,,,,,
PFC,,,,,,-0.95,,,,,,,,,,,,,SUPPORT,Support_Resistance_25AUG26_Scan_24_7_2026.xlsx,,405.95,-0.23,,0.88,,,,,,,,,,,,,,,,,,,,15179.0,564.0,3.86,400.0,345.0,12.0,674.0,-5.0,1.49,SB,,,,,,,
TATACONSUM,,,,,,7.6,,,,,,,,,,,,,SUPPORT,Support_Resistance_25AUG26_Scan_24_7_2026.xlsx,,1121.2,0.68,,0.73,,,,,,,,,,,,,,,,,,,,11354.0,636.0,5.93,1100.0,408.0,-23.0,266.0,0.0,1.93,LB,,,,,,,
AXISBANK,,,,,,-6.5,,,,,,,,,,,,,SUPPORT,Support_Resistance_25AUG26_Scan_24_7_2026.xlsx,,1224.7,-0.53,,0.66,,,,,,,,,,,,,,,,,,,,47606.0,891.0,1.91,1200.0,359.0,47.0,3144.0,3.0,2.06,SB,,,,,,,
BHEL,,,,,,-3.4,,,,,,,,,,,,,SUPPORT,Support_Resistance_25AUG26_Scan_24_7_2026.xlsx,,408.45,-0.83,,0.54,,,,,,,,,,,,,,,,,,,,12855.0,534.0,4.33,400.0,376.0,1.0,513.0,16.0,2.11,SB,,,,,,,
MANKIND,,,,,,-10.5,,,,,,,,,,,,,SUPPORT,Support_Resistance_25AUG26_Scan_24_7_2026.xlsx,,2552.8,-0.41,,0.62,,,,,,,,,,,,,,,,,,,,3915.0,184.0,4.93,2500.0,39.0,0.0,106.0,0.0,2.11,SB,,,,,,,
ZYDUSLIFE,,,,,,3.6,,,,,,,,,,,,,SUPPORT,Support_Resistance_25AUG26_Scan_24_7_2026.xlsx,,1124.0,0.32,,0.64,,,,,,,,,,,,,,,,,,,,5151.0,175.0,3.52,1100.0,0.0,,131.0,7.0,2.18,LB,,,,,,,
CUMMINSIND,,,,,,-2.0,,,,,,,,,,,,,SUPPORT,Support_Resistance_25AUG26_Scan_24_7_2026.xlsx,,5622.5,-0.04,,0.77,,,,,,,,,,,,,,,,,,,,7352.0,311.0,4.42,5500.0,0.0,,127.0,0.0,2.23,SB,,,,,,,
IEX,,,,,,0.41,,,,,,,,,,,,,SUPPORT,Support_Resistance_25AUG26_Scan_24_7_2026.xlsx,,122.7,0.34,,0.8,,,,,,,,,,,,,,,,,,,,4336.0,177.0,4.26,120.0,102.0,3.0,305.0,16.0,2.25,LB,,,,,,,
DALBHARAT,,,,,,-13.7,,,,,,,,,,,,,SUPPORT,Support_Resistance_25AUG26_Scan_24_7_2026.xlsx,,1841.7,-0.74,,0.63,,,,,,,,,,,,,,,,,,,,3296.0,182.0,5.84,1800.0,0.0,,30.0,1.0,2.32,SB,,,,,,,
WAAREEENER,,,,,,-32.7,,,,,,,,,,,,,SUPPORT,Support_Resistance_25AUG26_Scan_24_7_2026.xlsx,,2660.2,-1.21,,1.34,,,,,,,,,,,,,,,,,,,,24647.0,878.0,3.69,2600.0,47.0,0.0,1109.0,-2.0,2.32,SB,,,,,,,
ANGELONE,,,,,,-0.95,,,,,,,,,,,,,SUPPORT,Support_Resistance_25AUG26_Scan_24_7_2026.xlsx,,307.15,-0.31,,0.57,,,,,,,,,,,,,,,,,,,,4498.0,372.0,9.02,300.0,155.0,-9.0,603.0,-23.0,2.38,SB,,,,,,,
KAYNES,,,,,,-74.2,,,,,,,,,,,,,SUPPORT,Support_Resistance_25AUG26_Scan_24_7_2026.xlsx,,3072.2,-2.36,,1.1,,,,,,,,,,,,,,,,,,,,5620.0,1446.0,34.64,3000.0,5.0,3.0,109.0,57.0,2.41,SB,,,,,,,
SBILIFE,,,,,,-13.9,,,,,,,,,,,,,SUPPORT,Support_Resistance_25AUG26_Scan_24_7_2026.xlsx,,1844.0,-0.75,,0.91,,,,,,,,,,,,,,,,,,,,9004.0,268.0,3.07,1800.0,9.0,-2.0,127.0,1.0,2.44,SB,,,,,,,
CIPLA,,,,,,38.1,,,,,,,,,,,,,SUPPORT,Support_Resistance_25AUG26_Scan_24_7_2026.xlsx,,1436.7,2.72,,0.94,,,,,,,,,,,,,,,,,,,,13644.0,319.0,2.39,1400.0,261.0,-63.0,435.0,-45.0,2.62,LB,,,,,,,
INDIANB,,,,,,-6.8,,,,,,,,,,,,,SUPPORT,Support_Resistance_25AUG26_Scan_24_7_2026.xlsx,,821.55,-0.82,,0.92,,,,,,,,,,,,,,,,,,,,5111.0,221.0,4.52,800.0,53.0,2.0,213.0,2.0,2.69,SB,,,,,,,
BAJAJHLDNG,,,,,,69.0,,,,,,,,,,,,,SUPPORT,Support_Resistance_25AUG26_Scan_24_7_2026.xlsx,,10785.0,0.64,,0.72,,,,,,,,,,,,,,,,,,,,2071.0,51.0,2.52,10500.0,0.0,,18.0,2.0,2.71,LB,,,,,,,
INFY,,,,,,-20.1,,,,,,,,,,,,,SUPPORT,Support_Resistance_25AUG26_Scan_24_7_2026.xlsx,,1027.4,-1.92,,0.73,,,,,,,,,,,,,,,,,,,,119266.0,13472.0,12.73,1000.0,1153.0,319.0,2915.0,616.0,2.74,SB,,,,,,,
NBCC,,,,,,-1.05,,,,,,,,,,,,,SUPPORT,Support_Resistance_25AUG26_Scan_24_7_2026.xlsx,,92.49,-1.12,,0.76,,,,,,,,,,,,,,,,,,,,5456.0,594.0,12.22,90.0,0.0,,201.0,2.0,2.77,SB,,,,,,,
TVSMOTOR,,,,,,-30.1,,,,,,,,,,,,,SUPPORT,Support_Resistance_25AUG26_Scan_24_7_2026.xlsx,,3906.8,-0.76,,0.71,,,,,,,,,,,,,,,,,,,,31738.0,1552.0,5.14,3800.0,389.0,-1.0,425.0,5.0,2.81,SB,,,,,,,
INDHOTEL,,,,,,-6.3,,,,,,,,,,,,,SUPPORT,Support_Resistance_25AUG26_Scan_24_7_2026.xlsx,,720.65,-0.87,,0.7,,,,,,,,,,,,,,,,,,,,9562.0,466.0,5.12,700.0,96.0,18.0,249.0,2.0,2.95,SB,,,,,,,
MAZDOCK,,,,,,-8.6,,,,,,,,,,,,,SUPPORT,Support_Resistance_25AUG26_Scan_24_7_2026.xlsx,,2265.0,-0.38,,0.95,,,,,,,,,,,,,,,,,,,,12829.0,893.0,7.48,2200.0,0.0,,504.0,5.0,2.95,SB,,,,,,,
AUROPHARMA,,,,,,14.5,,,,,,,,,,,,,SUPPORT,Support_Resistance_25AUG26_Scan_24_7_2026.xlsx,,1545.0,0.95,,1.24,,,,,,,,,,,,,,,,,,,,11211.0,204.0,1.85,1500.0,0.0,,724.0,3.0,3.0,LB,,,,,,,
NMDC,,,,,,-0.32,,,,,,,,,,,,,SUPPORT,Support_Resistance_28JUL26_Scan_24_7_2026.xlsx,,82.45,-0.39,,0.59,,,,,,,,,,,,,,,,,,,,33083.0,-152.0,-0.46,85.0,1151.0,1.0,907.0,0.0,-3.0,LU,,,,,,,
INDIGO,,,,,,-121.5,,,,,,,,,,,,,SUPPORT,Support_Resistance_28JUL26_Scan_24_7_2026.xlsx,,4904.5,-2.42,,0.97,,,,,,,,,,,,,,,,,,,,25756.0,430.0,1.7,5050.0,812.0,146.0,4117.0,30.0,-2.88,SB,,,,,,,
DIXON,,,,,,-186.0,,,,,,,,,,,,,SUPPORT,Support_Resistance_28JUL26_Scan_24_7_2026.xlsx,,13632.0,-1.35,,0.75,,,,,,,,,,,,,,,,,,,,30178.0,-169.0,-0.56,14000.0,3874.0,65.0,3286.0,-56.0,-2.63,LU,,,,,,,
RELIANCE,,,,,,-7.9,,,,,,,,,,,,,SUPPORT,Support_Resistance_28JUL26_Scan_24_7_2026.xlsx,,1265.8,-0.62,,0.52,,,,,,,,,,,,,,,,,,,,142026.0,513.0,0.36,1300.0,13332.0,-229.0,5517.0,-69.0,-2.63,SB,,,,,,,
MAXHEALTH,,,,,,-6.9,,,,,,,,,,,,,SUPPORT,Support_Resistance_28JUL26_Scan_24_7_2026.xlsx,,1076.8,-0.64,,0.47,,,,,,,,,,,,,,,,,,,,12321.0,62.0,0.51,1100.0,1075.0,-137.0,360.0,0.0,-2.11,SB,,,,,,,
VMM,,,,,,-2.2,,,,,,,,,,,,,SUPPORT,Support_Resistance_28JUL26_Scan_24_7_2026.xlsx,,107.75,-2.0,,0.4,,,,,,,,,,,,,,,,,,,,5100.0,-94.0,-1.81,110.0,479.0,26.0,231.0,-33.0,-2.05,LU,,,,,,,
KAYNES,,,,,,-110.4,,,,,,,,,,,,,SUPPORT,Support_Resistance_28JUL26_Scan_24_7_2026.xlsx,,3137.0,-3.4,,0.62,,,,,,,,,,,,,,,,,,,,22164.0,-462.0,-2.04,3200.0,735.0,64.0,709.0,-80.0,-1.97,LU,,,,,,,
MCX,,,,,,-8.9,,,,,,,,,,,,,SUPPORT,Support_Resistance_28JUL26_Scan_24_7_2026.xlsx,,2746.0,-0.32,,0.54,,,,,,,,,,,,,,,,,,,,27467.0,99.0,0.36,2800.0,2691.0,-8.0,1784.0,-3.0,-1.93,SB,,,,,,,
PGEL,,,,,,-7.75,,,,,,,,,,,,,SUPPORT,Support_Resistance_28JUL26_Scan_24_7_2026.xlsx,,569.2,-1.34,,0.69,,,,,,,,,,,,,,,,,,,,9276.0,-106.0,-1.13,580.0,1142.0,-5.0,1175.0,-9.0,-1.86,LU,,,,,,,
TRENT,,,,,,-24.7,,,,,,,,,,,,,SUPPORT,Support_Resistance_28JUL26_Scan_24_7_2026.xlsx,,2850.7,-0.86,,0.5,,,,,,,,,,,,,,,,,,,,31401.0,524.0,1.7,2900.0,2630.0,44.0,1783.0,-14.0,-1.7,SB,,,,,,,
TATASTEEL,,,,,,-2.34,,,,,,,,,,,,,SUPPORT,Support_Resistance_28JUL26_Scan_24_7_2026.xlsx,,182.02,-1.27,,0.53,,,,,,,,,,,,,,,,,,,,41692.0,-12.0,-0.03,185.0,1833.0,50.0,1909.0,-23.0,-1.61,LU,,,,,,,
IOC,,,,,,-2.27,,,,,,,,,,,,,SUPPORT,Support_Resistance_28JUL26_Scan_24_7_2026.xlsx,,137.8,-1.62,,0.76,,,,,,,,,,,,,,,,,,,,18591.0,57.0,0.31,140.0,873.0,-26.0,867.0,-72.0,-1.57,SB,,,,,,,
ANGELONE,,,,,,-1.5,,,,,,,,,,,,,SUPPORT,Support_Resistance_28JUL26_Scan_24_7_2026.xlsx,,305.2,-0.49,,0.5,,,,,,,,,,,,,,,,,,,,7762.0,-30.0,-0.39,310.0,535.0,26.0,968.0,-69.0,-1.55,LU,,,,,,,
BEL,,,,,,-1.05,,,,,,,,,,,,,SUPPORT,Support_Resistance_28JUL26_Scan_24_7_2026.xlsx,,403.85,-0.26,,0.65,,,,,,,,,,,,,,,,,,,,48018.0,509.0,1.07,410.0,3985.0,-121.0,2771.0,7.0,-1.5,SB,,,,,,,
CGPOWER,,,,,,4.4,,,,,,,,,,,,,SUPPORT,Support_Resistance_28JUL26_Scan_24_7_2026.xlsx,,887.0,0.5,,0.65,,,,,,,,,,,,,,,,,,,,15875.0,-84.0,-0.53,900.0,1142.0,15.0,1122.0,-16.0,-1.44,SC,,,,,,,
HINDALCO,,,,,,-9.6,,,,,,,,,,,,,SUPPORT,Support_Resistance_28JUL26_Scan_24_7_2026.xlsx,,946.3,-1.0,,0.52,,,,,,,,,,,,,,,,,,,,44643.0,60.0,0.13,960.0,1982.0,-94.0,1708.0,-11.0,-1.43,SB,,,,,,,
INDUSINDBK,,,,,,-17.1,,,,,,,,,,,,,SUPPORT,Support_Resistance_28JUL26_Scan_24_7_2026.xlsx,,986.0,-1.7,,0.72,,,,,,,,,,,,,,,,,,,,35706.0,-163.0,-0.45,1000.0,1458.0,-15.0,1897.0,-170.0,-1.4,LU,,,,,,,
SRF,,,,,,36.0,,,,,,,,,,,,,SUPPORT,Support_Resistance_28JUL26_Scan_24_7_2026.xlsx,,2663.3,1.37,,0.44,,,,,,,,,,,,,,,,,,,,13503.0,-684.0,-4.82,2700.0,1324.0,-70.0,1074.0,-14.0,-1.36,SC,,,,,,,
DELHIVERY,,,,,,-1.7,,,,,,,,,,,,,SUPPORT,Support_Resistance_28JUL26_Scan_24_7_2026.xlsx,,464.0,-0.37,,0.55,,,,,,,,,,,,,,,,,,,,8833.0,-14.0,-0.16,470.0,286.0,29.0,676.0,7.0,-1.28,LU,,,,,,,
MOTILALOFS,,,,,,-51.65,,,,,,,,,,,,,SUPPORT,Support_Resistance_28JUL26_Scan_24_7_2026.xlsx,,890.85,-5.48,,0.37,,,,,,,,,,,,,,,,,,,,5605.0,95.0,1.72,900.0,106.0,61.0,362.0,-101.0,-1.02,SB,,,,,,,
IDFCFIRSTB,,,,,,-0.71,,,,,,,,,,,,,SUPPORT,Support_Resistance_28JUL26_Scan_24_7_2026.xlsx,,79.19,-0.89,,0.76,,,,,,,,,,,,,,,,,,,,25156.0,-44.0,-0.17,80.0,1258.0,5.0,1491.0,-70.0,-1.01,LU,,,,,,,
YESBANK,,,,,,-0.14,,,,,,,,,,,,,SUPPORT,Support_Resistance_28JUL26_Scan_24_7_2026.xlsx,,22.77,-0.61,,0.39,,,,,,,,,,,,,,,,,,,,28910.0,104.0,0.36,23.0,1466.0,90.0,1796.0,-22.0,-1.0,SB,,,,,,,
FORTIS,,,,,,-3.35,,,,,,,,,,,,,SUPPORT,Support_Resistance_28JUL26_Scan_24_7_2026.xlsx,,940.7,-0.35,,0.56,,,,,,,,,,,,,,,,,,,,8785.0,24.0,0.27,950.0,243.0,0.0,237.0,0.0,-0.98,SB,,,,,,,
KEI,,,,,,-57.0,,,,,,,,,,,,,SUPPORT,Support_Resistance_28JUL26_Scan_24_7_2026.xlsx,,4852.5,-1.16,,0.45,,,,,,,,,,,,,,,,,,,,7775.0,-26.0,-0.33,4900.0,479.0,24.0,254.0,-15.0,-0.97,LU,,,,,,,
COCHINSHIP,,,,,,-6.7,,,,,,,,,,,,,SUPPORT,Support_Resistance_28JUL26_Scan_24_7_2026.xlsx,,1388.5,-0.48,,0.6,,,,,,,,,,,,,,,,,,,,12368.0,-189.0,-1.51,1400.0,1136.0,-11.0,961.0,5.0,-0.82,LU,,,,,,,
PERSISTENT,,,,,,56.1,,,,,,,,,,,,,SUPPORT,Support_Resistance_28JUL26_Scan_24_7_2026.xlsx,,5061.0,1.12,,0.94,,,,,,,,,,,,,,,,,,,,24318.0,108.0,0.45,5100.0,1342.0,138.0,1892.0,-196.0,-0.76,LB,,,,,,,
BANDHANBNK,,,,,,-2.4,,,,,,,,,,,,,SUPPORT,Support_Resistance_28JUL26_Scan_24_7_2026.xlsx,,163.79,-1.44,,0.54,,,,,,,,,,,,,,,,,,,,14843.0,62.0,0.42,165.0,450.0,217.0,919.0,-53.0,-0.73,SB,,,,,,,
LUPIN,,,,,,-16.1,,,,,,,,,,,,,SUPPORT,Support_Resistance_28JUL26_Scan_24_7_2026.xlsx,,2383.5,-0.67,,0.77,,,,,,,,,,,,,,,,,,,,8659.0,122.0,1.43,2400.0,489.0,17.0,349.0,-35.0,-0.69,SB,,,,,,,
COALINDIA,,,,,,-1.5,,,,,,,,,,,,,SUPPORT,Support_Resistance_28JUL26_Scan_24_7_2026.xlsx,,427.1,-0.35,,0.63,,,,,,,,,,,,,,,,,,,,37157.0,-60.0,-0.16,430.0,2692.0,-2.0,1731.0,12.0,-0.67,LU,,,,,,,
GODREJCP,,,,,,4.4,,,,,,,,,,,,,SUPPORT,Support_Resistance_28JUL26_Scan_24_7_2026.xlsx,,1062.8,0.42,,0.59,,,,,,,,,,,,,,,,,,,,14467.0,128.0,0.89,1070.0,125.0,6.0,244.0,-3.0,-0.67,LB,,,,,,,
CANBK,,,,,,-1.24,,,,,,,,,,,,,SUPPORT,Support_Resistance_28JUL26_Scan_24_7_2026.xlsx,,124.18,-0.99,,0.76,,,,,,,,,,,,,,,,,,,,33206.0,103.0,0.31,125.0,847.0,32.0,1178.0,-13.0,-0.66,SB,,,,,,,
FINNIFTY,,,,,,-194.6,,,,,,,,,,,,,SUPPORT,Support_Resistance_28JUL26_Scan_24_7_2026.xlsx,,25850.0,-0.75,,0.59,,,,,,,,,,,,,,,,,,,,449.0,6.0,1.35,26000.0,1554.0,280.0,1064.0,-15.0,-0.58,SB,,,,,,,
BHARTIARTL,,,,,,-20.3,,,,,,,,,,,,,SUPPORT,Support_Resistance_28JUL26_Scan_24_7_2026.xlsx,,1890.4,-1.06,,0.49,,,,,,,,,,,,,,,,,,,,41278.0,30.0,0.07,1900.0,3315.0,79.0,2456.0,-121.0,-0.51,SB,,,,,,,
GRASIM,,,,,,-24.5,,,,,,,,,,,,,SUPPORT,Support_Resistance_28JUL26_Scan_24_7_2026.xlsx,,3088.5,-0.79,,0.52,,,,,,,,,,,,,,,,,,,,23541.0,60.0,0.26,3100.0,1240.0,50.0,480.0,-21.0,-0.37,SB,,,,,,,
WAAREEENER,,,,,,-26.4,,,,,,,,,,,,,SUPPORT,Support_Resistance_28JUL26_Scan_24_7_2026.xlsx,,2690.5,-0.97,,0.44,,,,,,,,,,,,,,,,,,,,27988.0,-323.0,-1.14,2700.0,563.0,105.0,1022.0,-5.0,-0.35,LU,,,,,,,
POWERGRID,,,,,,-0.5,,,,,,,,,,,,,SUPPORT,Support_Resistance_28JUL26_Scan_24_7_2026.xlsx,,289.0,-0.17,,0.45,,,,,,,,,,,,,,,,,,,,20772.0,14.0,0.07,290.0,1783.0,4.0,508.0,-13.0,-0.34,SB,,,,,,,
HINDPETRO,,,,,,-5.9,,,,,,,,,,,,,SUPPORT,Support_Resistance_28JUL26_Scan_24_7_2026.xlsx,,378.75,-1.53,,0.86,,,,,,,,,,,,,,,,,,,,13438.0,-122.0,-0.9,380.0,394.0,20.0,706.0,-79.0,-0.33,LU,,,,,,,
MFSL,,,,,,-11.1,,,,,,,,,,,,,SUPPORT,Support_Resistance_28JUL26_Scan_24_7_2026.xlsx,,1496.1,-0.74,,0.55,,,,,,,,,,,,,,,,,,,,16392.0,125.0,0.77,1500.0,127.0,18.0,585.0,-3.0,-0.26,SB,,,,,,,
SENSEX,,,,,,-665.55,,,,,,,,,,,,,SUPPORT,Support_Resistance_28JUL26_Scan_24_7_2026.xlsx,,75800.0,-0.87,,0.79,,,,,,,,,,,,,,,,,,,,1982.0,46.0,2.38,76000.0,25476.0,21839.0,20501.0,7190.0,-0.26,SB,,,,,,,
PIDILITIND,,,,,,-5.8,,,,,,,,,,,,,SUPPORT,Support_Resistance_28JUL26_Scan_24_7_2026.xlsx,,1556.6,-0.37,,0.57,,,,,,,,,,,,,,,,,,,,9912.0,77.0,0.78,1560.0,102.0,0.0,300.0,-2.0,-0.22,SB,,,,,,,
AXISBANK,,,,,,-7.3,,,,,,,,,,,,,SUPPORT,Support_Resistance_28JUL26_Scan_24_7_2026.xlsx,,1217.6,-0.6,,0.52,,,,,,,,,,,,,,,,,,,,81594.0,-15.0,-0.02,1220.0,1364.0,285.0,2661.0,176.0,-0.2,LU,,,,,,,
GLENMARK,,,,,,-10.2,,,,,,,,,,,,,SUPPORT,Support_Resistance_28JUL26_Scan_24_7_2026.xlsx,,2197.0,-0.46,,0.64,,,,,,,,,,,,,,,,,,,,23197.0,84.0,0.36,2200.0,627.0,-4.0,800.0,-21.0,-0.14,SB,,,,,,,
PFC,,,,,,-0.25,,,,,,,,,,,,,SUPPORT,Support_Resistance_28JUL26_Scan_24_7_2026.xlsx,,409.85,-0.06,,0.54,,,,,,,,,,,,,,,,,,,,32271.0,-51.0,-0.16,410.0,701.0,16.0,746.0,-58.0,-0.04,LU,,,,,,,
PAGEIND,,,,,,-230.0,,,,,,,,,,,,,SUPPORT,Support_Resistance_28JUL26_Scan_24_7_2026.xlsx,,40025.0,-0.57,,0.49,,,,,,,,,,,,,,,,,,,,10801.0,126.0,1.18,40000.0,430.0,-5.0,584.0,8.0,0.06,SB,,,,,,,
NAM-INDIA,,,,,,-4.3,,,,,,,,,,,,,SUPPORT,Support_Resistance_28JUL26_Scan_24_7_2026.xlsx,,1101.4,-0.39,,0.46,,,,,,,,,,,,,,,,,,,,6713.0,-8.0,-0.12,1100.0,78.0,6.0,196.0,-14.0,0.13,LU,,,,,,,
LTF,,,,,,-3.95,,,,,,,,,,,,,SUPPORT,Support_Resistance_28JUL26_Scan_24_7_2026.xlsx,,300.5,-1.3,,0.51,,,,,,,,,,,,,,,,,,,,14891.0,-9.0,-0.06,300.0,515.0,-4.0,1055.0,-28.0,0.17,LU,,,,,,,
UPL,,,,,,-5.2,,,,,,,,,,,,,SUPPORT,Support_Resistance_28JUL26_Scan_24_7_2026.xlsx,,601.05,-0.86,,0.64,,,,,,,,,,,,,,,,,,,,14939.0,167.0,1.13,600.0,670.0,12.0,649.0,-12.0,0.18,SB,,,,,,,
RBLBANK,,,,,,-3.05,,,,,,,,,,,,,SUPPORT,Support_Resistance_28JUL26_Scan_24_7_2026.xlsx,,351.05,-0.86,,0.5,,,,,,,,,,,,,,,,,,,,11187.0,-95.0,-0.84,350.0,453.0,-11.0,744.0,3.0,0.3,LU,,,,,,,
ETERNAL,,,,,,-6.65,,,,,,,,,,,,,SUPPORT,Support_Resistance_28JUL26_Scan_24_7_2026.xlsx,,280.9,-2.31,,0.51,,,,,,,,,,,,,,,,,,,,39039.0,187.0,0.48,280.0,3274.0,10.0,2404.0,-165.0,0.32,SB,,,,,,,
ONGC,,,,,,-1.35,,,,,,,,,,,,,SUPPORT,Support_Resistance_28JUL26_Scan_24_7_2026.xlsx,,250.8,-0.54,,0.54,,,,,,,,,,,,,,,,,,,,29792.0,-14.0,-0.05,250.0,5726.0,8.0,2471.0,-229.0,0.32,LU,,,,,,,
SHRIRAMFIN,,,,,,-24.4,,,,,,,,,,,,,SUPPORT,Support_Resistance_28JUL26_Scan_24_7_2026.xlsx,,1003.3,-2.37,,0.68,,,,,,,,,,,,,,,,,,,,20425.0,-94.0,-0.46,1000.0,509.0,70.0,1286.0,145.0,0.33,LU,,,,,,,
SUZLON,,,,,,-0.34,,,,,,,,,,,,,SUPPORT,Support_Resistance_28JUL26_Scan_24_7_2026.xlsx,,52.17,-0.65,,0.33,,,,,,,,,,,,,,,,,,,,19914.0,-167.0,-0.83,52.0,600.0,-13.0,785.0,13.0,0.33,LU,,,,,,,
BAJAJHLDNG,,,,,,77.0,,,,,,,,,,,,,SUPPORT,Support_Resistance_28JUL26_Scan_24_7_2026.xlsx,,10739.0,0.72,,0.53,,,,,,,,,,,,,,,,,,,,2616.0,-2.0,-0.08,10700.0,102.0,-26.0,177.0,27.0,0.36,SC,,,,,,,
NTPC,,,,,,-2.0,,,,,,,,,,,,,SUPPORT,Support_Resistance_28JUL26_Scan_24_7_2026.xlsx,,346.45,-0.57,,0.35,,,,,,,,,,,,,,,,,,,,62762.0,41.0,0.07,345.0,632.0,-62.0,1111.0,0.0,0.42,SB,,,,,,,
BANKNIFTY,,,,,,-415.2,,,,,,,,,,,,,SUPPORT,Support_Resistance_28JUL26_Scan_24_7_2026.xlsx,,56250.2,-0.73,,0.69,,,,,,,,,,,,,,,,,,,,59763.0,-423.0,-0.7,56000.0,10264.0,5372.0,34781.0,3908.0,0.45,LU,,,,,,,
GVT&D,,,,,,-10.7,,,,,,,,,,,,,SUPPORT,Support_Resistance_28JUL26_Scan_24_7_2026.xlsx,,4319.5,-0.25,,0.73,,,,,,,,,,,,,,,,,,,,11509.0,-40.0,-0.35,4300.0,154.0,11.0,1086.0,-49.0,0.45,LU,,,,,,,
ITC,,,,,,-0.3,,,,,,,,,,,,,SUPPORT,Support_Resistance_28JUL26_Scan_24_7_2026.xlsx,,281.35,-0.11,,0.65,,,,,,,,,,,,,,,,,,,,54526.0,90.0,0.17,280.0,2616.0,-226.0,2754.0,-30.0,0.48,SB,,,,,,,
BAJAJFINSV,,,,,,-16.1,,,,,,,,,,,,,SUPPORT,Support_Resistance_28JUL26_Scan_24_7_2026.xlsx,,1870.6,-0.85,,0.74,,,,,,,,,,,,,,,,,,,,21834.0,19.0,0.09,1860.0,2849.0,-4.0,1608.0,25.0,0.57,SB,,,,,,,
GAIL,,,,,,-0.83,,,,,,,,,,,,,SUPPORT,Support_Resistance_28JUL26_Scan_24_7_2026.xlsx,,170.99,-0.48,,0.62,,,,,,,,,,,,,,,,,,,,13329.0,102.0,0.77,170.0,338.0,1.0,603.0,-5.0,0.58,SB,,,,,,,
APOLLOHOSP,,,,,,-11.5,,,,,,,,,,,,,SUPPORT,Support_Resistance_28JUL26_Scan_24_7_2026.xlsx,,8855.5,-0.13,,0.91,,,,,,,,,,,,,,,,,,,,9102.0,83.0,0.92,8800.0,373.0,-56.0,618.0,-10.0,0.63,SB,,,,,,,
HEROMOTOCO,,,,,,-66.6,,,,,,,,,,,,,SUPPORT,Support_Resistance_28JUL26_Scan_24_7_2026.xlsx,,5035.1,-1.31,,0.68,,,,,,,,,,,,,,,,,,,,22387.0,25.0,0.11,5000.0,1894.0,-34.0,1636.0,-268.0,0.7,SB,,,,,,,
KOTAKBANK,,,,,,-1.2,,,,,,,,,,,,,SUPPORT,Support_Resistance_28JUL26_Scan_24_7_2026.xlsx,,382.75,-0.31,,0.59,,,,,,,,,,,,,,,,,,,,51320.0,659.0,1.3,380.0,2322.0,-24.0,2271.0,-35.0,0.72,SB,,,,,,,
BRITANNIA,,,,,,-46.0,,,,,,,,,,,,,SUPPORT,Support_Resistance_28JUL26_Scan_24_7_2026.xlsx,,5343.0,-0.85,,0.78,,,,,,,,,,,,,,,,,,,,11241.0,418.0,3.86,5300.0,298.0,6.0,394.0,-10.0,0.81,SB,,,,,,,
NATIONALUM,,,,,,-3.7,,,,,,,,,,,,,SUPPORT,Support_Resistance_28JUL26_Scan_24_7_2026.xlsx,,342.95,-1.07,,0.66,,,,,,,,,,,,,,,,,,,,19059.0,2.0,0.01,340.0,737.0,-4.0,1899.0,4.0,0.87,SB,,,,,,,
BSE,,,,,,-35.9,,,,,,,,,,,,,SUPPORT,Support_Resistance_28JUL26_Scan_24_7_2026.xlsx,,3539.9,-1.0,,0.54,,,,,,,,,,,,,,,,,,,,32464.0,16.0,0.05,3500.0,635.0,64.0,3167.0,-120.0,1.14,SB,,,,,,,
AUBANK,,,,,,-6.2,,,,,,,,,,,,,SUPPORT,Support_Resistance_28JUL26_Scan_24_7_2026.xlsx,,971.2,-0.63,,0.74,,,,,,,,,,,,,,,,,,,,15183.0,50.0,0.33,960.0,68.0,9.0,707.0,199.0,1.17,SB,,,,,,,
CDSL,,,,,,-9.0,,,,,,,,,,,,,SUPPORT,Support_Resistance_28JUL26_Scan_24_7_2026.xlsx,,1315.2,-0.68,,0.66,,,,,,,,,,,,,,,,,,,,16271.0,-132.0,-0.8,1300.0,702.0,-25.0,1444.0,11.0,1.17,LU,,,,,,,
GMRAIRPORT,,,,,,-1.32,,,,,,,,,,,,,SUPPORT,Support_Resistance_28JUL26_Scan_24_7_2026.xlsx,,106.28,-1.23,,0.54,,,,,,,,,,,,,,,,,,,,13196.0,71.0,0.54,105.0,140.0,2.0,415.0,-6.0,1.22,SB,,,,,,,
LT,,,,,,-48.2,,,,,,,,,,,,,SUPPORT,Support_Resistance_28JUL26_Scan_24_7_2026.xlsx,,3745.1,-1.27,,0.46,,,,,,,,,,,,,,,,,,,,57929.0,1851.0,3.3,3700.0,573.0,-17.0,2843.0,47.0,1.22,SB,,,,,,,
WIPRO,,,,,,-1.07,,,,,,,,,,,,,SUPPORT,Support_Resistance_28JUL26_Scan_24_7_2026.xlsx,,172.31,-0.62,,0.55,,,,,,,,,,,,,,,,,,,,63934.0,-25.0,-0.04,170.0,1909.0,-86.0,2643.0,-289.0,1.36,LU,,,,,,,
ZYDUSLIFE,,,,,,1.3,,,,,,,,,,,,,SUPPORT,Support_Resistance_28JUL26_Scan_24_7_2026.xlsx,,1115.6,0.12,,0.64,,,,,,,,,,,,,,,,,,,,6808.0,-4.0,-0.06,1100.0,123.0,0.0,233.0,7.0,1.42,SC,,,,,,,
360ONE,,,,,,-9.2,,,,,,,,,,,,,SUPPORT,Support_Resistance_28JUL26_Scan_24_7_2026.xlsx,,1075.2,-0.85,,0.58,,,,,,,,,,,,,,,,,,,,5768.0,8.0,0.14,1060.0,109.0,9.0,642.0,-179.0,1.43,SB,,,,,,,
CUMMINSIND,,,,,,-14.5,,,,,,,,,,,,,SUPPORT,Support_Resistance_28JUL26_Scan_24_7_2026.xlsx,,5581.0,-0.26,,0.6,,,,,,,,,,,,,,,,,,,,15799.0,80.0,0.51,5500.0,259.0,-3.0,431.0,-18.0,1.47,SB,,,,,,,
BHEL,,,,,,-3.7,,,,,,,,,,,,,SUPPORT,Support_Resistance_28JUL26_Scan_24_7_2026.xlsx,,405.95,-0.9,,0.61,,,,,,,,,,,,,,,,,,,,19536.0,33.0,0.17,400.0,960.0,-1.0,1775.0,-18.0,1.49,SB,,,,,,,
ABCAPITAL,,,,,,-6.35,,,,,,,,,,,,,SUPPORT,Support_Resistance_28JUL26_Scan_24_7_2026.xlsx,,385.85,-1.62,,0.66,,,,,,,,,,,,,,,,,,,,7962.0,43.0,0.54,380.0,80.0,2.0,449.0,63.0,1.54,SB,,,,,,,
PHOENIXLTD,,,,,,-50.6,,,,,,,,,,,,,SUPPORT,Support_Resistance_28JUL26_Scan_24_7_2026.xlsx,,1990.6,-2.48,,0.64,,,,,,,,,,,,,,,,,,,,6522.0,17.0,0.26,1960.0,73.0,0.0,236.0,-11.0,1.56,SB,,,,,,,
CROMPTON,,,,,,-6.15,,,,,,,,,,,,,SUPPORT,Support_Resistance_28JUL26_Scan_24_7_2026.xlsx,,243.8,-2.46,,0.47,,,,,,,,,,,,,,,,,,,,18729.0,188.0,1.01,240.0,45.0,0.0,487.0,26.0,1.58,SB,,,,,,,
AMBER,,,,,,-122.0,,,,,,,,,,,,,SUPPORT,Support_Resistance_28JUL26_Scan_24_7_2026.xlsx,,7322.0,-1.64,,0.96,,,,,,,,,,,,,,,,,,,,10545.0,-105.0,-0.99,7200.0,0.0,,4088.0,-126.0,1.69,LU,,,,,,,
BHARATFORG,,,,,,-25.7,,,,,,,,,,,,,SUPPORT,Support_Resistance_28JUL26_Scan_24_7_2026.xlsx,,2155.9,-1.18,,0.68,,,,,,,,,,,,,,,,,,,,9954.0,7.0,0.07,2120.0,0.0,,317.0,-3.0,1.69,SB,,,,,,,
OIL,,,,,,-2.15,,,,,,,,,,,,,SUPPORT,Support_Resistance_28JUL26_Scan_24_7_2026.xlsx,,457.8,-0.47,,0.54,,,,,,,,,,,,,,,,,,,,8234.0,60.0,0.73,450.0,291.0,-4.0,396.0,7.0,1.73,SB,,,,,,,
ICICIBANK,,,,,,-10.1,,,,,,,,,,,,,SUPPORT,Support_Resistance_28JUL26_Scan_24_7_2026.xlsx,,1424.3,-0.7,,0.82,,,,,,,,,,,,,,,,,,,,101267.0,654.0,0.65,1400.0,5152.0,4.0,5467.0,-88.0,1.74,SB,,,,,,,
MARUTI,,,,,,-157.0,,,,,,,,,,,,,SUPPORT,Support_Resistance_28JUL26_Scan_24_7_2026.xlsx,,13226.0,-1.17,,0.39,,,,,,,,,,,,,,,,,,,,32522.0,116.0,0.36,13000.0,355.0,-7.0,3064.0,-30.0,1.74,SB,,,,,,,
DMART,,,,,,23.4,,,,,,,,,,,,,SUPPORT,Support_Resistance_28JUL26_Scan_24_7_2026.xlsx,,4072.7,0.58,,0.38,,,,,,,,,,,,,,,,,,,,21363.0,0.0,0.0,4000.0,898.0,-26.0,1189.0,-11.0,1.82,-,,,,,,,
KPITTECH,,,,,,-2.35,,,,,,,,,,,,,SUPPORT,Support_Resistance_28JUL26_Scan_24_7_2026.xlsx,,550.25,-0.43,,0.39,,,,,,,,,,,,,,,,,,,,13364.0,-240.0,-1.76,540.0,214.0,-6.0,782.0,2.0,1.9,LU,,,,,,,
SBILIFE,,,,,,-15.2,,,,,,,,,,,,,SUPPORT,Support_Resistance_28JUL26_Scan_24_7_2026.xlsx,,1835.2,-0.82,,0.86,,,,,,,,,,,,,,,,,,,,11483.0,25.0,0.22,1800.0,396.0,0.0,907.0,-51.0,1.96,SB,,,,,,,
JSWENERGY,,,,,,-8.75,,,,,,,,,,,,,SUPPORT,Support_Resistance_28JUL26_Scan_24_7_2026.xlsx,,550.7,-1.56,,0.51,,,,,,,,,,,,,,,,,,,,13390.0,-35.0,-0.26,540.0,180.0,3.0,708.0,-13.0,1.98,LU,,,,,,,
GODFRYPHLP,,,,,,-5.0,,,,,,,,,,,,,SUPPORT,Support_Resistance_28JUL26_Scan_24_7_2026.xlsx,,2039.8,-0.24,,0.61,,,,,,,,,,,,,,,,,,,,4712.0,-65.0,-1.36,2000.0,0.0,,310.0,21.0,1.99,LU,,,,,,,
BPCL,,,,,,-3.45,,,,,,,,,,,,,SUPPORT,Support_Resistance_28JUL26_Scan_24_7_2026.xlsx,,306.0,-1.11,,0.9,,,,,,,,,,,,,,,,,,,,16167.0,48.0,0.3,300.0,365.0,-9.0,1469.0,-68.0,2.0,SB,,,,,,,
MANKIND,,,,,,-5.3,,,,,,,,,,,,,SUPPORT,Support_Resistance_28JUL26_Scan_24_7_2026.xlsx,,2549.9,-0.21,,0.53,,,,,,,,,,,,,,,,,,,,8516.0,-59.0,-0.69,2500.0,205.0,-2.0,325.0,8.0,2.0,LU,,,,,,,
ALKEM,,,,,,3.0,,,,,,,,,,,,,SUPPORT,Support_Resistance_28JUL26_Scan_24_7_2026.xlsx,,5611.0,0.05,,0.48,,,,,,,,,,,,,,,,,,,,9342.0,40.0,0.43,5500.0,0.0,,323.0,83.0,2.02,LB,,,,,,,
TVSMOTOR,,,,,,-34.9,,,,,,,,,,,,,SUPPORT,Support_Resistance_28JUL26_Scan_24_7_2026.xlsx,,3879.8,-0.89,,0.78,,,,,,,,,,,,,,,,,,,,42481.0,519.0,1.24,3800.0,1170.0,-32.0,1516.0,-71.0,2.1,SB,,,,,,,
CIPLA,,,,,,37.5,,,,,,,,,,,,,SUPPORT,Support_Resistance_28JUL26_Scan_24_7_2026.xlsx,,1429.5,2.69,,0.59,,,,,,,,,,,,,,,,,,,,15393.0,314.0,2.08,1400.0,798.0,-40.0,1454.0,233.0,2.11,LB,,,,,,,
ULTRACEMCO,,,,,,-150.0,,,,,,,,,,,,,SUPPORT,Support_Resistance_28JUL26_Scan_24_7_2026.xlsx,,11744.0,-1.26,,0.44,,,,,,,,,,,,,,,,,,,,22276.0,278.0,1.26,11500.0,574.0,-2.0,1295.0,-93.0,2.12,SB,,,,,,,
BLUESTARCO,,,,,,-24.6,,,,,,,,,,,,,SUPPORT,Support_Resistance_28JUL26_Scan_24_7_2026.xlsx,,1614.5,-1.5,,0.63,,,,,,,,,,,,,,,,,,,,6405.0,15.0,0.23,1580.0,0.0,,811.0,60.0,2.18,SB,,,,,,,
MIDCPNIFTY,,,,,,-117.35,,,,,,,,,,,,,SUPPORT,Support_Resistance_28JUL26_Scan_24_7_2026.xlsx,,14305.55,-0.81,,0.71,,,,,,,,,,,,,,,,,,,,12514.0,124.0,1.0,14000.0,350.0,18.0,7366.0,-341.0,2.18,SB,,,,,,,
LICHSGFIN,,,,,,-3.25,,,,,,,,,,,,,SUPPORT,Support_Resistance_28JUL26_Scan_24_7_2026.xlsx,,531.45,-0.61,,0.68,,,,,,,,,,,,,,,,,,,,10517.0,-112.0,-1.05,520.0,0.0,,622.0,0.0,2.2,LU,,,,,,,
ADANIENSOL,,,,,,13.4,,,,,,,,,,,,,SUPPORT,Support_Resistance_28JUL26_Scan_24_7_2026.xlsx,,1697.3,0.8,,0.45,,,,,,,,,,,,,,,,,,,,19902.0,-150.0,-0.75,1660.0,494.0,-3.0,546.0,50.0,2.25,SC,,,,,,,
BDL,,,,,,-8.1,,,,,,,,,,,,,SUPPORT,Support_Resistance_28JUL26_Scan_24_7_2026.xlsx,,1227.8,-0.66,,0.43,,,,,,,,,,,,,,,,,,,,14960.0,-239.0,-1.57,1200.0,217.0,-5.0,712.0,8.0,2.32,LU,,,,,,,
RECLTD,,,,,,0.2,,,,,,,,,,,,,SUPPORT,Support_Resistance_28JUL26_Scan_24_7_2026.xlsx,,358.2,0.06,,0.71,,,,,,,,,,,,,,,,,,,,19979.0,128.0,0.64,350.0,689.0,-42.0,718.0,-16.0,2.34,LB,,,,,,,
INDIANB,,,,,,-7.3,,,,,,,,,,,,,SUPPORT,Support_Resistance_28JUL26_Scan_24_7_2026.xlsx,,818.8,-0.88,,0.76,,,,,,,,,,,,,,,,,,,,12830.0,16.0,0.12,800.0,0.0,,957.0,-70.0,2.35,SB,,,,,,,
OBEROIRLTY,,,,,,-11.8,,,,,,,,,,,,,SUPPORT,Support_Resistance_28JUL26_Scan_24_7_2026.xlsx,,1801.7,-0.65,,0.66,,,,,,,,,,,,,,,,,,,,13402.0,-175.0,-1.29,1760.0,112.0,0.0,1207.0,10.0,2.37,LU,,,,,,,
INDHOTEL,,,,,,-6.15,,,,,,,,,,,,,SUPPORT,Support_Resistance_28JUL26_Scan_24_7_2026.xlsx,,716.95,-0.85,,0.66,,,,,,,,,,,,,,,,,,,,16199.0,91.0,0.56,700.0,0.0,,711.0,0.0,2.42,SB,,,,,,,
SHREECEM,,,,,,-135.0,,,,,,,,,,,,,SUPPORT,Support_Resistance_28JUL26_Scan_24_7_2026.xlsx,,26635.0,-0.5,,0.71,,,,,,,,,,,,,,,,,,,,8932.0,-14.0,-0.16,26000.0,0.0,,313.0,-63.0,2.44,LU,,,,,,,
HAVELLS,,,,,,0.6,,,,,,,,,,,,,SUPPORT,Support_Resistance_28JUL26_Scan_24_7_2026.xlsx,,1209.2,0.05,,0.7,,,,,,,,,,,,,,,,,,,,13308.0,127.0,0.96,1180.0,0.0,,868.0,-19.0,2.47,LB,,,,,,,
TORNTPHARM,,,,,,-7.0,,,,,,,,,,,,,SUPPORT,Support_Resistance_28JUL26_Scan_24_7_2026.xlsx,,5023.3,-0.14,,1.06,,,,,,,,,,,,,,,,,,,,19895.0,47.0,0.24,4900.0,580.0,-11.0,932.0,26.0,2.52,SB,,,,,,,
MOTHERSON,,,,,,-2.12,,,,,,,,,,,,,SUPPORT,Support_Resistance_28JUL26_Scan_24_7_2026.xlsx,,143.62,-1.45,,0.64,,,,,,,,,,,,,,,,,,,,17788.0,-78.0,-0.44,140.0,308.0,-2.0,787.0,-17.0,2.59,LU,,,,,,,
BAJFINANCE,,,,,,-14.4,,,,,,,,,,,,,SUPPORT,Support_Resistance_28JUL26_Scan_24_7_2026.xlsx,,1026.2,-1.38,,0.88,,,,,,,,,,,,,,,,,,,,64590.0,487.0,0.76,1000.0,1575.0,-14.0,2720.0,-21.0,2.62,SB,,,,,,,
M&M,,,,,,-42.7,,,,,,,,,,,,,SUPPORT,Support_Resistance_28JUL26_Scan_24_7_2026.xlsx,,3182.1,-1.32,,0.66,,,,,,,,,,,,,,,,,,,,50038.0,265.0,0.53,3100.0,4750.0,-14.0,3365.0,-22.0,2.65,SB,,,,,,,
HINDUNILVR,,,,,,-5.0,,,,,,,,,,,,,SUPPORT,Support_Resistance_28JUL26_Scan_24_7_2026.xlsx,,2156.2,-0.23,,0.73,,,,,,,,,,,,,,,,,,,,46376.0,175.0,0.38,2100.0,739.0,-1.0,1931.0,-9.0,2.68,SB,,,,,,,
SOLARINDS,,,,,,-112.0,,,,,,,,,,,,,SUPPORT,Support_Resistance_28JUL26_Scan_24_7_2026.xlsx,,18489.0,-0.6,,0.85,,,,,,,,,,,,,,,,,,,,11059.0,23.0,0.21,18000.0,378.0,0.0,622.0,-40.0,2.72,SB,,,,,,,
UNOMINDA,,,,,,-20.5,,,,,,,,,,,,,SUPPORT,Support_Resistance_28JUL26_Scan_24_7_2026.xlsx,,1110.1,-1.81,,0.6,,,,,,,,,,,,,,,,,,,,5296.0,32.0,0.61,1080.0,0.0,,644.0,2.0,2.79,SB,,,,,,,
MPHASIS,,,,,,31.4,,,,,,,,,,,,,SUPPORT,Support_Resistance_28JUL26_Scan_24_7_2026.xlsx,,2262.0,1.41,,0.78,,,,,,,,,,,,,,,,,,,,12063.0,-390.0,-3.13,2200.0,76.0,-44.0,590.0,-26.0,2.82,SC,,,,,,,
SUNPHARMA,,,,,,4.6,,,,,,,,,,,,,SUPPORT,Support_Resistance_28JUL26_Scan_24_7_2026.xlsx,,1954.6,0.24,,0.58,,,,,,,,,,,,,,,,,,,,27097.0,46.0,0.17,1900.0,4991.0,-2.0,2977.0,87.0,2.87,LB,,,,,,,
KFINTECH,,,,,,-1.8,,,,,,,,,,,,,SUPPORT,Support_Resistance_28JUL26_Scan_24_7_2026.xlsx,,865.1,-0.21,,0.71,,,,,,,,,,,,,,,,,,,,7465.0,-44.0,-0.59,840.0,90.0,0.0,497.0,-3.0,2.99,LU,,,,,,,
SBICARD,,,,,,-4.6,,,,,,,,,,,,,SUPPORT,Support_Resistance_28JUL26_Scan_24_7_2026.xlsx,,618.0,-0.74,,0.45,,,,,,,,,,,,,,,,,,,,18376.0,133.0,0.73,600.0,602.0,-7.0,1260.0,-2.0,3.0,SB,,,,,,,
KAYNES,,,,,,,,,,,,,,,,,,,VOLUME_OI,VolumeAndOISpikesScans_25AUG26_Report_24_7_2026.xlsx,,"3,072.2",,843000,,,,,,,,,,,,,,,,,,,,,,,,,,,,,,,-74.2,-2.36,216900,34.64,66.64 Cr,380700,-38.86
INFY,,,,,,,,,,,,,,,,,,,VOLUME_OI,VolumeAndOISpikesScans_25AUG26_Report_24_7_2026.xlsx,,"1,027.4",,47706400,,,,,,,,,,,,,,,,,,,,,,,,,,,,,,,-20.1,-1.92,5388800,12.73,553.65 Cr,14262400,-39.39
MOTILALOFS,,,,,,,,,,,,,,,,,,,VOLUME_OI,VolumeAndOISpikesScans_25AUG26_Report_24_7_2026.xlsx,,891.95,,2061500,,,,,,,,,,,,,,,,,,,,,,,,,,,,,,,-54.7,-5.78,471975,29.69,42.10 Cr,693625,-59.9
SWIGGY,,,,,,,,,,,,,,,,,,,VOLUME_OI,VolumeAndOISpikesScans_25AUG26_Report_24_7_2026.xlsx,,241.5,,21493025,,,,,,,,,,,,,,,,,,,,,,,,,,,,,,,-20.53,-7.83,2348775,12.27,56.72 Cr,7933275,-59.97
SENSEX,,,,,,,,,,,,,,,,,,,VOLUME_OI,VolumeAndOISpikesScans_25AUG26_Report_24_7_2026.xlsx,,76138.45,,20500,,,,,,,,,,,,,,,,,,,,,,,,,,,,,,,-629,-0.82,1540,8.12,11.73 Cr,3180,-62.94
BIOCON,,,,,,,,,,,,,,,,,,,VOLUME_OI,VolumeAndOISpikesScans_25AUG26_Report_24_7_2026.xlsx,,432.7,,18547500,,,,,,,,,,,,,,,,,,,,,,,,,,,,,,,-4.8,-1.1,2592500,16.25,112.18 Cr,3522500,-67.34
INDIGO,,,,,,,,,,,,,,,,,,,VOLUME_OI,VolumeAndOISpikesScans_25AUG26_Report_24_7_2026.xlsx,,4926,,3124800,,,,,,,,,,,,,,,,,,,,,,,,,,,,,,,-126,-2.49,441750,16.46,217.61 Cr,772950,-68.99
NBCC,,,,,,,,,,,,,,,,,,,VOLUME_OI,VolumeAndOISpikesScans_25AUG26_Report_24_7_2026.xlsx,,92.49,,35464000,,,,,,,,,,,,,,,,,,,,,,,,,,,,,,,-1.05,-1.12,3861000,12.22,35.71 Cr,4816500,-71.58
KFINTECH,,,,,,,,,,,,,,,,,,,VOLUME_OI,VolumeAndOISpikesScans_25AUG26_Report_24_7_2026.xlsx,,861.65,,1543875,,,,,,,,,,,,,,,,,,,,,,,,,,,,,,,-5.25,-0.61,143175,10.22,12.34 Cr,302450,-74.9
MPHASIS,,,,,,,,,,,,,,,,,,,VOLUME_OI,VolumeAndOISpikesScans_25AUG26_Report_24_7_2026.xlsx,,"2,257.8",,2133175,,,,,,,,,,,,,,,,,,,,,,,,,,,,,,,18.9,0.84,116600,5.78,26.33 Cr,605000,-74.96
SONACOMS,,,,,,,,,,,,,,,,,,,VOLUME_OI,VolumeAndOISpikesScans_25AUG26_Report_24_7_2026.xlsx,,728.1,,5006575,,,,,,,,,,,,,,,,,,,,,,,,,,,,,,,14.8,2.07,519400,11.58,37.82 Cr,2002875,-74.98
HCLTECH,,,,,,,,,,,,,,,,,,,VOLUME_OI,VolumeAndOISpikesScans_25AUG26_Report_24_7_2026.xlsx,,"1,251.5",,16632000,,,,,,,,,,,,,,,,,,,,,,,,,,,,,,,12,0.97,643600,4.03,80.55 Cr,2052400,-75.4
CHOLAFIN,,,,,,,,,,,,,,,,,,,VOLUME_OI,VolumeAndOISpikesScans_25AUG26_Report_24_7_2026.xlsx,,"1,676.1",,4896875,,,,,,,,,,,,,,,,,,,,,,,,,,,,,,,-49.5,-2.87,624375,14.61,104.65 Cr,798750,-77.72
KALYANKJIL,,,,,,,,,,,,,,,,,,,VOLUME_OI,VolumeAndOISpikesScans_25AUG26_Report_24_7_2026.xlsx,,582.15,,11291400,,,,,,,,,,,,,,,,,,,,,,,,,,,,,,,-6.4,-1.09,835650,7.99,48.65 Cr,1405350,-79.0
MAZDOCK,,,,,,,,,,,,,,,,,,,VOLUME_OI,VolumeAndOISpikesScans_25AUG26_Report_24_7_2026.xlsx,,2265,,2886525,,,,,,,,,,,,,,,,,,,,,,,,,,,,,,,-8.6,-0.38,200925,7.48,45.51 Cr,382725,-79.5
BANKNIFTY,,,,,,,,,,,,,,,,,,,VOLUME_OI,VolumeAndOISpikesScans_25AUG26_Report_24_7_2026.xlsx,,"56,502.4",,986280,,,,,,,,,,,,,,,,,,,,,,,,,,,,,,,-416.6,-0.73,44370,4.71,250.70 Cr,80580,-81.61
ANGELONE,,,,,,,,,,,,,,,,,,,VOLUME_OI,VolumeAndOISpikesScans_25AUG26_Report_24_7_2026.xlsx,,307.15,,11245000,,,,,,,,,,,,,,,,,,,,,,,,,,,,,,,-0.95,-0.31,930000,9.02,28.56 Cr,1712500,-81.75
ICICIGI,,,,,,,,,,,,,,,,,,,VOLUME_OI,VolumeAndOISpikesScans_25AUG26_Report_24_7_2026.xlsx,,"1,665.4",,2307175,,,,,,,,,,,,,,,,,,,,,,,,,,,,,,,44.1,2.72,158275,7.37,26.36 Cr,381550,-81.75
DIXON,,,,,,,,,,,,,,,,,,,VOLUME_OI,VolumeAndOISpikesScans_25AUG26_Report_24_7_2026.xlsx,,13457,,944250,,,,,,,,,,,,,,,,,,,,,,,,,,,,,,,-175,-1.28,34200,3.76,46.02 Cr,108550,-82.62
OBEROIRLTY,,,,,,,,,,,,,,,,,,,VOLUME_OI,VolumeAndOISpikesScans_25AUG26_Report_24_7_2026.xlsx,,"1,785.1",,3377150,,,,,,,,,,,,,,,,,,,,,,,,,,,,,,,-10.1,-0.56,151550,4.7,27.05 Cr,432600,-82.82
PHOENIXLTD,,,,,,,,,,,,,,,,,,,VOLUME_OI,VolumeAndOISpikesScans_25AUG26_Report_24_7_2026.xlsx,,"2,002.9",,1094800,,,,,,,,,,,,,,,,,,,,,,,,,,,,,,,-46.9,-2.29,64400,6.25,12.90 Cr,168350,-82.89
TECHM,,,,,,,,,,,,,,,,,,,VOLUME_OI,VolumeAndOISpikesScans_25AUG26_Report_24_7_2026.xlsx,,"1,548.2",,8859600,,,,,,,,,,,,,,,,,,,,,,,,,,,,,,,-5.7,-0.37,478800,5.71,74.13 Cr,1158000,-82.89
AMBUJACEM,,,,,,,,,,,,,,,,,,,VOLUME_OI,VolumeAndOISpikesScans_25AUG26_Report_24_7_2026.xlsx,,421.4,,30849600,,,,,,,,,,,,,,,,,,,,,,,,,,,,,,,-4.1,-0.96,2709600,9.63,114.18 Cr,3242400,-82.97
CAMS,,,,,,,,,,,,,,,,,,,VOLUME_OI,VolumeAndOISpikesScans_25AUG26_Report_24_7_2026.xlsx,,757.05,,1949475,,,,,,,,,,,,,,,,,,,,,,,,,,,,,,,-3.75,-0.49,108900,5.92,8.24 Cr,205425,-83.22
TATAELXSI,,,,,,,,,,,,,,,,,,,VOLUME_OI,VolumeAndOISpikesScans_25AUG26_Report_24_7_2026.xlsx,,"3,352.1",,2203875,,,,,,,,,,,,,,,,,,,,,,,,,,,,,,,5.7,0.17,27125,1.25,9.09 Cr,147500,-83.91
WIPRO,,,,,,,,,,,,,,,,,,,VOLUME_OI,VolumeAndOISpikesScans_25AUG26_Report_24_7_2026.xlsx,,169.45,,152244000,,,,,,,,,,,,,,,,,,,,,,,,,,,,,,,-1,-0.59,6834000,4.7,115.80 Cr,15651000,-84.14
CGPOWER,,,,,,,,,,,,,,,,,,,VOLUME_OI,VolumeAndOISpikesScans_25AUG26_Report_24_7_2026.xlsx,,892.85,,9558250,,,,,,,,,,,,,,,,,,,,,,,,,,,,,,,7.55,0.85,448800,4.93,40.07 Cr,1303900,-84.29
GODFRYPHLP,,,,,,,,,,,,,,,,,,,VOLUME_OI,VolumeAndOISpikesScans_25AUG26_Report_24_7_2026.xlsx,,2010,,517000,,,,,,,,,,,,,,,,,,,,,,,,,,,,,,,-10.4,-0.51,25575,5.2,5.14 Cr,85800,-84.54
UNITDSPR,,,,,,,,,,,,,,,,,,,VOLUME_OI,VolumeAndOISpikesScans_25AUG26_Report_24_7_2026.xlsx,,"1,466.8",,3628400,,,,,,,,,,,,,,,,,,,,,,,,,,,,,,,40,2.8,255600,7.58,37.49 Cr,545600,-84.6
AMBER,,,,,,,,,,,,,,,,,,,VOLUME_OI,VolumeAndOISpikesScans_25AUG26_Report_24_7_2026.xlsx,,"7,307.5",,423500,,,,,,,,,,,,,,,,,,,,,,,,,,,,,,,-147.5,-1.98,33700,8.65,24.63 Cr,58900,-84.68
LAURUSLABS,,,,,,,,,,,,,,,,,,,VOLUME_OI,VolumeAndOISpikesScans_25AUG26_Report_24_7_2026.xlsx,,"1,579.5",,9054200,,,,,,,,,,,,,,,,,,,,,,,,,,,,,,,1.6,0.1,466650,5.43,73.71 Cr,770100,-84.78
MUTHOOTFIN,,,,,,,,,,,,,,,,,,,VOLUME_OI,VolumeAndOISpikesScans_25AUG26_Report_24_7_2026.xlsx,,2954,,2677125,,,,,,,,,,,,,,,,,,,,,,,,,,,,,,,-69.3,-2.29,226600,9.25,66.94 Cr,279950,-84.78
RECLTD,,,,,,,,,,,,,,,,,,,VOLUME_OI,VolumeAndOISpikesScans_25AUG26_Report_24_7_2026.xlsx,,354.7,,19273275,,,,,,,,,,,,,,,,,,,,,,,,,,,,,,,0.4,0.11,1165500,6.44,41.34 Cr,1557675,-84.88
ABCAPITAL,,,,,,,,,,,,,,,,,,,VOLUME_OI,VolumeAndOISpikesScans_25AUG26_Report_24_7_2026.xlsx,,387.85,,13853900,,,,,,,,,,,,,,,,,,,,,,,,,,,,,,,-6.45,-1.64,1019900,7.95,39.56 Cr,1770100,-85.28
SHRIRAMFIN,,,,,,,,,,,,,,,,,,,VOLUME_OI,VolumeAndOISpikesScans_25AUG26_Report_24_7_2026.xlsx,,"1,008.9",,11154825,,,,,,,,,,,,,,,,,,,,,,,,,,,,,,,-24,-2.32,683100,6.52,68.92 Cr,1145100,-85.34
KPITTECH,,,,,,,,,,,,,,,,,,,VOLUME_OI,VolumeAndOISpikesScans_25AUG26_Report_24_7_2026.xlsx,,536,,8888475,,,,,,,,,,,,,,,,,,,,,,,,,,,,,,,-2.95,-0.55,279000,3.24,14.95 Cr,702150,-85.38
KEI,,,,,,,,,,,,,,,,,,,VOLUME_OI,VolumeAndOISpikesScans_25AUG26_Report_24_7_2026.xlsx,,4785,,1470875,,,,,,,,,,,,,,,,,,,,,,,,,,,,,,,-51,-1.05,45150,3.17,21.60 Cr,91000,-85.56
RVNL,,,,,,,,,,,,,,,,,,,VOLUME_OI,VolumeAndOISpikesScans_25AUG26_Report_24_7_2026.xlsx,,220.35,,15663725,,,,,,,,,,,,,,,,,,,,,,,,,,,,,,,-0.97,-0.44,554400,3.67,12.22 Cr,1257025,-85.75
CDSL,,,,,,,,,,,,,,,,,,,VOLUME_OI,VolumeAndOISpikesScans_25AUG26_Report_24_7_2026.xlsx,,1315,,4423675,,,,,,,,,,,,,,,,,,,,,,,,,,,,,,,-10.3,-0.78,142500,3.33,18.74 Cr,345800,-85.83
BDL,,,,,,,,,,,,,,,,,,,VOLUME_OI,VolumeAndOISpikesScans_25AUG26_Report_24_7_2026.xlsx,,"1,192.1",,4167125,,,,,,,,,,,,,,,,,,,,,,,,,,,,,,,-13.3,-1.1,93925,2.31,11.20 Cr,282625,-86.01
ASHOKLEY,,,,,,,,,,,,,,,,,,,VOLUME_OI,VolumeAndOISpikesScans_25AUG26_Report_24_7_2026.xlsx,,149.68,,56155000,,,,,,,,,,,,,,,,,,,,,,,,,,,,,,,-1.97,-1.3,3730000,7.11,55.83 Cr,5415000,-86.06
WAAREEENER,,,,,,,,,,,,,,,,,,,VOLUME_OI,VolumeAndOISpikesScans_25AUG26_Report_24_7_2026.xlsx,,"2,660.2",,4313225,,,,,,,,,,,,,,,,,,,,,,,,,,,,,,,-32.7,-1.21,153650,3.69,40.87 Cr,333900,-86.12
JIOFIN,,,,,,,,,,,,,,,,,,,VOLUME_OI,VolumeAndOISpikesScans_25AUG26_Report_24_7_2026.xlsx,,232.08,,80753050,,,,,,,,,,,,,,,,,,,,,,,,,,,,,,,-1.54,-0.66,2585000,3.31,59.99 Cr,3940950,-86.27
ULTRACEMCO,,,,,,,,,,,,,,,,,,,VOLUME_OI,VolumeAndOISpikesScans_25AUG26_Report_24_7_2026.xlsx,,11802,,829350,,,,,,,,,,,,,,,,,,,,,,,,,,,,,,,-157,-1.31,41900,5.32,49.45 Cr,77400,-86.3
POLYCAB,,,,,,,,,,,,,,,,,,,VOLUME_OI,VolumeAndOISpikesScans_25AUG26_Report_24_7_2026.xlsx,,"8,925.5",,1027750,,,,,,,,,,,,,,,,,,,,,,,,,,,,,,,-54.5,-0.61,56250,5.79,50.21 Cr,103625,-86.34
NIFTY,,,,,,,,,,,,,,,,,,,VOLUME_OI,VolumeAndOISpikesScans_25AUG26_Report_24_7_2026.xlsx,,23755,,6244680,,,,,,,,,,,,,,,,,,,,,,,,,,,,,,,-179.2,-0.75,243100,4.05,577.48 Cr,512135,-86.48
BRITANNIA,,,,,,,,,,,,,,,,,,,VOLUME_OI,VolumeAndOISpikesScans_25AUG26_Report_24_7_2026.xlsx,,"5,293.5",,900250,,,,,,,,,,,,,,,,,,,,,,,,,,,,,,,-36.5,-0.68,38875,4.51,20.58 Cr,103875,-86.73
RBLBANK,,,,,,,,,,,,,,,,,,,VOLUME_OI,VolumeAndOISpikesScans_25AUG26_Report_24_7_2026.xlsx,,352.2,,14128750,,,,,,,,,,,,,,,,,,,,,,,,,,,,,,,-3.55,-1,1006475,7.67,35.45 Cr,1511300,-86.79
PIIND,,,,,,,,,,,,,,,,,,,VOLUME_OI,VolumeAndOISpikesScans_25AUG26_Report_24_7_2026.xlsx,,"2,699.8",,1011850,,,,,,,,,,,,,,,,,,,,,,,,,,,,,,,10.7,0.4,56525,5.92,15.26 Cr,130550,-86.92
UPL,,,,,,,,,,,,,,,,,,,VOLUME_OI,VolumeAndOISpikesScans_25AUG26_Report_24_7_2026.xlsx,,604.35,,12482260,,,,,,,,,,,,,,,,,,,,,,,,,,,,,,,-5.4,-0.89,588070,4.94,35.54 Cr,742540,-87.09
MIDCPNIFTY,,,,,,,,,,,,,,,,,,,VOLUME_OI,VolumeAndOISpikesScans_25AUG26_Report_24_7_2026.xlsx,,14344,,798720,,,,,,,,,,,,,,,,,,,,,,,,,,,,,,,-113.9,-0.79,64200,8.74,92.09 Cr,86280,-87.21
TCS,,,,,,,,,,,,,,,,,,,VOLUME_OI,VolumeAndOISpikesScans_25AUG26_Report_24_7_2026.xlsx,,"2,241.1",,17304975,,,,,,,,,,,,,,,,,,,,,,,,,,,,,,,8.7,0.39,623925,3.74,139.83 Cr,1588500,-87.24
VEDL,,,,,,,,,,,,,,,,,,,VOLUME_OI,VolumeAndOISpikesScans_25AUG26_Report_24_7_2026.xlsx,,262.7,,16228800,,,,,,,,,,,,,,,,,,,,,,,,,,,,,,,-3.35,-1.26,686550,4.42,18.04 Cr,1148850,-87.24
DELHIVERY,,,,,,,,,,,,,,,,,,,VOLUME_OI,VolumeAndOISpikesScans_25AUG26_Report_24_7_2026.xlsx,,466.05,,7648450,,,,,,,,,,,,,,,,,,,,,,,,,,,,,,,-2.2,-0.47,342375,4.69,15.96 Cr,591375,-87.36
MANAPPURAM,,,,,,,,,,,,,,,,,,,VOLUME_OI,VolumeAndOISpikesScans_25AUG26_Report_24_7_2026.xlsx,,350.3,,12282000,,,,,,,,,,,,,,,,,,,,,,,,,,,,,,,-4.5,-1.27,771000,6.7,27.01 Cr,1482000,-87.69
LUPIN,,,,,,,,,,,,,,,,,,,VOLUME_OI,VolumeAndOISpikesScans_25AUG26_Report_24_7_2026.xlsx,,"2,389.8",,2297550,,,,,,,,,,,,,,,,,,,,,,,,,,,,,,,-14.9,-0.62,150025,6.99,35.85 Cr,252025,-87.74
YESBANK,,,,,,,,,,,,,,,,,,,VOLUME_OI,VolumeAndOISpikesScans_25AUG26_Report_24_7_2026.xlsx,,22.89,,435306700,,,,,,,,,,,,,,,,,,,,,,,,,,,,,,,-0.15,-0.65,19872900,4.78,45.49 Cr,24040300,-87.93
LICI,,,,,,,,,,,,,,,,,,,VOLUME_OI,VolumeAndOISpikesScans_25AUG26_Report_24_7_2026.xlsx,,416.2,,9107000,,,,,,,,,,,,,,,,,,,,,,,,,,,,,,,-2.35,-0.56,219800,2.47,9.15 Cr,604800,-87.94
BEL,,,,,,,,,,,,,,,,,,,VOLUME_OI,VolumeAndOISpikesScans_25AUG26_Report_24_7_2026.xlsx,,405.35,,38660250,,,,,,,,,,,,,,,,,,,,,,,,,,,,,,,-1.25,-0.31,1806900,4.9,73.24 Cr,2247225,-87.99
IEX,,,,,,,,,,,,,,,,,,,VOLUME_OI,VolumeAndOISpikesScans_25AUG26_Report_24_7_2026.xlsx,,122.7,,18861600,,,,,,,,,,,,,,,,,,,,,,,,,,,,,,,0.41,0.34,769950,4.26,9.45 Cr,1600800,-88.15
ETERNAL,,,,,,,,,,,,,,,,,,,VOLUME_OI,VolumeAndOISpikesScans_25AUG26_Report_24_7_2026.xlsx,,282.65,,77255650,,,,,,,,,,,,,,,,,,,,,,,,,,,,,,,-6.35,-2.2,3945475,5.38,111.52 Cr,7595100,-88.22
LT,,,,,,,,,,,,,,,,,,,VOLUME_OI,VolumeAndOISpikesScans_25AUG26_Report_24_7_2026.xlsx,,"3,763.1",,4266675,,,,,,,,,,,,,,,,,,,,,,,,,,,,,,,-49.6,-1.3,224875,5.56,84.62 Cr,275100,-88.31
ADANIGREEN,,,,,,,,,,,,,,,,,,,VOLUME_OI,VolumeAndOISpikesScans_25AUG26_Report_24_7_2026.xlsx,,"1,392.2",,10453200,,,,,,,,,,,,,,,,,,,,,,,,,,,,,,,7.3,0.53,537600,5.42,74.84 Cr,1059000,-88.39
GMRAIRPORT,,,,,,,,,,,,,,,,,,,VOLUME_OI,VolumeAndOISpikesScans_25AUG26_Report_24_7_2026.xlsx,,106.85,,34686675,,,,,,,,,,,,,,,,,,,,,,,,,,,,,,,-1.31,-1.21,2238975,6.9,23.92 Cr,2957400,-88.58
VBL,,,,,,,,,,,,,,,,,,,VOLUME_OI,VolumeAndOISpikesScans_25AUG26_Report_24_7_2026.xlsx,,454.8,,20300550,,,,,,,,,,,,,,,,,,,,,,,,,,,,,,,-5.85,-1.27,929475,4.8,42.27 Cr,1392300,-88.61
MCX,,,,,,,,,,,,,,,,,,,VOLUME_OI,VolumeAndOISpikesScans_25AUG26_Report_24_7_2026.xlsx,,2751,,2707875,,,,,,,,,,,,,,,,,,,,,,,,,,,,,,,-8,-0.29,130500,5.06,35.90 Cr,218025,-88.67
TIINDIA,,,,,,,,,,,,,,,,,,,VOLUME_OI,VolumeAndOISpikesScans_25AUG26_Report_24_7_2026.xlsx,,2829,,692200,,,,,,,,,,,,,,,,,,,,,,,,,,,,,,,-13.5,-0.47,53000,8.29,14.99 Cr,78400,-88.67
BANDHANBNK,,,,,,,,,,,,,,,,,,,VOLUME_OI,VolumeAndOISpikesScans_25AUG26_Report_24_7_2026.xlsx,,163.27,,81666000,,,,,,,,,,,,,,,,,,,,,,,,,,,,,,,-2.28,-1.38,2455200,3.1,40.09 Cr,3891600,-88.79
CONCOR,,,,,,,,,,,,,,,,,,,VOLUME_OI,VolumeAndOISpikesScans_25AUG26_Report_24_7_2026.xlsx,,478.25,,6877500,,,,,,,,,,,,,,,,,,,,,,,,,,,,,,,-3.65,-0.76,196250,2.94,9.39 Cr,280000,-88.82
IDEA,,,,,,,,,,,,,,,,,,,VOLUME_OI,VolumeAndOISpikesScans_25AUG26_Report_24_7_2026.xlsx,,13.03,,2678025300,,,,,,,,,,,,,,,,,,,,,,,,,,,,,,,-0.29,-2.18,133872675,5.26,174.44 Cr,164535450,-88.98
PGEL,,,,,,,,,,,,,,,,,,,VOLUME_OI,VolumeAndOISpikesScans_25AUG26_Report_24_7_2026.xlsx,,570.1,,2980150,,,,,,,,,,,,,,,,,,,,,,,,,,,,,,,-9.4,-1.62,164350,5.84,9.37 Cr,324900,-89.13
DRREDDY,,,,,,,,,,,,,,,,,,,VOLUME_OI,VolumeAndOISpikesScans_25AUG26_Report_24_7_2026.xlsx,,1142,,6335000,,,,,,,,,,,,,,,,,,,,,,,,,,,,,,,-16.8,-1.45,251250,4.13,28.69 Cr,660000,-89.16
HAVELLS,,,,,,,,,,,,,,,,,,,VOLUME_OI,VolumeAndOISpikesScans_25AUG26_Report_24_7_2026.xlsx,,"1,214.7",,4125500,,,,,,,,,,,,,,,,,,,,,,,,,,,,,,,0.5,0.04,177000,4.48,21.50 Cr,307000,-89.19
HINDZINC,,,,,,,,,,,,,,,,,,,VOLUME_OI,VolumeAndOISpikesScans_25AUG26_Report_24_7_2026.xlsx,,529,,9987425,,,,,,,,,,,,,,,,,,,,,,,,,,,,,,,-5.2,-0.97,384650,4.01,20.35 Cr,628425,-89.21
MANKIND,,,,,,,,,,,,,,,,,,,VOLUME_OI,VolumeAndOISpikesScans_25AUG26_Report_24_7_2026.xlsx,,"2,552.8",,978750,,,,,,,,,,,,,,,,,,,,,,,,,,,,,,,-10.5,-0.41,46000,4.93,11.74 Cr,103500,-89.25
TMPV,,,,,,,,,,,,,,,,,,,VOLUME_OI,VolumeAndOISpikesScans_25AUG26_Report_24_7_2026.xlsx,,321.3,,32745600,,,,,,,,,,,,,,,,,,,,,,,,,,,,,,,-4.7,-1.44,1516800,4.86,48.73 Cr,2083200,-89.28
TATAPOWER,,,,,,,,,,,,,,,,,,,VOLUME_OI,VolumeAndOISpikesScans_25AUG26_Report_24_7_2026.xlsx,,375.85,,19892550,,,,,,,,,,,,,,,,,,,,,,,,,,,,,,,-2.05,-0.54,626400,3.25,23.54 Cr,843900,-89.31
360ONE,,,,,,,,,,,,,,,,,,,VOLUME_OI,VolumeAndOISpikesScans_25AUG26_Report_24_7_2026.xlsx,,1081,,2225500,,,,,,,,,,,,,,,,,,,,,,,,,,,,,,,-9.3,-0.85,112000,5.3,12.11 Cr,187500,-89.35
BAJFINANCE,,,,,,,,,,,,,,,,,,,VOLUME_OI,VolumeAndOISpikesScans_25AUG26_Report_24_7_2026.xlsx,,"1,031.6",,22451250,,,,,,,,,,,,,,,,,,,,,,,,,,,,,,,-14.5,-1.39,921750,4.28,95.09 Cr,1542750,-89.35
HAL,,,,,,,,,,,,,,,,,,,VOLUME_OI,VolumeAndOISpikesScans_25AUG26_Report_24_7_2026.xlsx,,"4,566.2",,2090250,,,,,,,,,,,,,,,,,,,,,,,,,,,,,,,-31.4,-0.68,67650,3.34,30.89 Cr,104250,-89.36
INOXWIND,,,,,,,,,,,,,,,,,,,VOLUME_OI,VolumeAndOISpikesScans_25AUG26_Report_24_7_2026.xlsx,,75.68,,42732800,,,,,,,,,,,,,,,,,,,,,,,,,,,,,,,-0.96,-1.25,1600000,3.89,12.11 Cr,2323200,-89.4
CROMPTON,,,,,,,,,,,,,,,,,,,VOLUME_OI,VolumeAndOISpikesScans_25AUG26_Report_24_7_2026.xlsx,,244.85,,20683000,,,,,,,,,,,,,,,,,,,,,,,,,,,,,,,-6.5,-2.59,1133050,5.8,27.74 Cr,1573800,-89.45
LTM,,,,,,,,,,,,,,,,,,,VOLUME_OI,VolumeAndOISpikesScans_25AUG26_Report_24_7_2026.xlsx,,"3,957.2",,1427400,,,,,,,,,,,,,,,,,,,,,,,,,,,,,,,2.2,0.06,80400,5.97,31.82 Cr,136800,-89.56
BSE,,,,,,,,,,,,,,,,,,,VOLUME_OI,VolumeAndOISpikesScans_25AUG26_Report_24_7_2026.xlsx,,"3,556.2",,2916600,,,,,,,,,,,,,,,,,,,,,,,,,,,,,,,-35.5,-0.99,104600,3.72,37.20 Cr,169400,-89.77
PFC,,,,,,,,,,,,,,,,,,,VOLUME_OI,VolumeAndOISpikesScans_25AUG26_Report_24_7_2026.xlsx,,405.95,,19732700,,,,,,,,,,,,,,,,,,,,,,,,,,,,,,,-0.95,-0.23,733200,3.86,29.76 Cr,1003600,-89.78
NAUKRI,,,,,,,,,,,,,,,,,,,VOLUME_OI,VolumeAndOISpikesScans_25AUG26_Report_24_7_2026.xlsx,,"1,169.7",,6257350,,,,,,,,,,,,,,,,,,,,,,,,,,,,,,,-2.05,-0.17,312400,5.25,36.54 Cr,388300,-89.79
POLICYBZR,,,,,,,,,,,,,,,,,,,VOLUME_OI,VolumeAndOISpikesScans_25AUG26_Report_24_7_2026.xlsx,,"1,517.9",,3116400,,,,,,,,,,,,,,,,,,,,,,,,,,,,,,,-18.3,-1.19,222250,7.68,33.74 Cr,247100,-89.79
RADICO,,,,,,,,,,,,,,,,,,,VOLUME_OI,VolumeAndOISpikesScans_25AUG26_Report_24_7_2026.xlsx,,"4,096.1",,138750,,,,,,,,,,,,,,,,,,,,,,,,,,,,,,,17.5,0.43,5100,3.82,2.09 Cr,14850,-89.8
APLAPOLLO,,,,,,,,,,,,,,,,,,,VOLUME_OI,VolumeAndOISpikesScans_25AUG26_Report_24_7_2026.xlsx,,"1,816.6",,1236550,,,,,,,,,,,,,,,,,,,,,,,,,,,,,,,-20.5,-1.12,82950,7.19,15.07 Cr,117250,-89.96
ABB,,,,,,,,,,,,,,,,,,,VOLUME_OI,VolumeAndOISpikesScans_25AUG26_Report_24_7_2026.xlsx,,"7,450.5",,952125,,,,,,,,,,,,,,,,,,,,,,,,,,,,,,,-45,-0.6,22250,2.39,16.58 Cr,69375,-90.03
SBICARD,,,,,,,,,,,,,,,,,,,VOLUME_OI,VolumeAndOISpikesScans_25AUG26_Report_24_7_2026.xlsx,,608.75,,10921600,,,,,,,,,,,,,,,,,,,,,,,,,,,,,,,-4.65,-0.76,504800,4.85,30.73 Cr,1024800,-90.08
CIPLA,,,,,,,,,,,,,,,,,,,VOLUME_OI,VolumeAndOISpikesScans_25AUG26_Report_24_7_2026.xlsx,,"1,436.7",,5798700,,,,,,,,,,,,,,,,,,,,,,,,,,,,,,,38.1,2.72,135575,2.39,19.48 Cr,698275,-90.11
GLENMARK,,,,,,,,,,,,,,,,,,,VOLUME_OI,VolumeAndOISpikesScans_25AUG26_Report_24_7_2026.xlsx,,"2,210.1",,3348750,,,,,,,,,,,,,,,,,,,,,,,,,,,,,,,-9.1,-0.41,193500,6.13,42.77 Cr,271875,-90.13
SOLARINDS,,,,,,,,,,,,,,,,,,,VOLUME_OI,VolumeAndOISpikesScans_25AUG26_Report_24_7_2026.xlsx,,18603,,282950,,,,,,,,,,,,,,,,,,,,,,,,,,,,,,,-96,-0.51,13400,4.97,24.93 Cr,17500,-90.34
AUBANK,,,,,,,,,,,,,,,,,,,VOLUME_OI,VolumeAndOISpikesScans_25AUG26_Report_24_7_2026.xlsx,,975.5,,10038000,,,,,,,,,,,,,,,,,,,,,,,,,,,,,,,-5.7,-0.58,392000,4.06,38.24 Cr,538000,-90.42
OIL,,,,,,,,,,,,,,,,,,,VOLUME_OI,VolumeAndOISpikesScans_25AUG26_Report_24_7_2026.xlsx,,452.8,,9011800,,,,,,,,,,,,,,,,,,,,,,,,,,,,,,,-3.65,-0.8,543200,6.41,24.60 Cr,886200,-90.43
TORNTPHARM,,,,,,,,,,,,,,,,,,,VOLUME_OI,VolumeAndOISpikesScans_25AUG26_Report_24_7_2026.xlsx,,"4,957.7",,3025625,,,,,,,,,,,,,,,,,,,,,,,,,,,,,,,-1,-0.02,72625,2.46,36.01 Cr,141375,-90.45
COFORGE,,,,,,,,,,,,,,,,,,,VOLUME_OI,VolumeAndOISpikesScans_25AUG26_Report_24_7_2026.xlsx,,"1,442.5",,7134975,,,,,,,,,,,,,,,,,,,,,,,,,,,,,,,9.2,0.64,248900,3.61,35.90 Cr,670700,-90.5
INDHOTEL,,,,,,,,,,,,,,,,,,,VOLUME_OI,VolumeAndOISpikesScans_25AUG26_Report_24_7_2026.xlsx,,720.65,,9562000,,,,,,,,,,,,,,,,,,,,,,,,,,,,,,,-6.3,-0.87,466000,5.12,33.58 Cr,612000,-90.52
IREDA,,,,,,,,,,,,,,,,,,,VOLUME_OI,VolumeAndOISpikesScans_25AUG26_Report_24_7_2026.xlsx,,114.62,,40706900,,,,,,,,,,,,,,,,,,,,,,,,,,,,,,,-1.16,-1,782825,1.96,8.97 Cr,2108650,-90.54
ICICIBANK,,,,,,,,,,,,,,,,,,,VOLUME_OI,VolumeAndOISpikesScans_25AUG26_Report_24_7_2026.xlsx,,"1,420.9",,47990600,,,,,,,,,,,,,,,,,,,,,,,,,,,,,,,-9,-0.63,1519700,3.27,215.93 Cr,1813000,-90.63
MOTHERSON,,,,,,,,,,,,,,,,,,,VOLUME_OI,VolumeAndOISpikesScans_25AUG26_Report_24_7_2026.xlsx,,144.23,,41475600,,,,,,,,,,,,,,,,,,,,,,,,,,,,,,,-2.3,-1.57,1888050,4.77,27.23 Cr,3899100,-90.76
HEROMOTOCO,,,,,,,,,,,,,,,,,,,VOLUME_OI,VolumeAndOISpikesScans_25AUG26_Report_24_7_2026.xlsx,,"5,058.7",,2193450,,,,,,,,,,,,,,,,,,,,,,,,,,,,,,,-62.8,-1.23,114000,5.48,57.67 Cr,216450,-90.8
M&M,,,,,,,,,,,,,,,,,,,VOLUME_OI,VolumeAndOISpikesScans_25AUG26_Report_24_7_2026.xlsx,,3200,,5973400,,,,,,,,,,,,,,,,,,,,,,,,,,,,,,,-41.8,-1.29,287600,5.06,92.03 Cr,420800,-90.92
BLUESTARCO,,,,,,,,,,,,,,,,,,,VOLUME_OI,VolumeAndOISpikesScans_25AUG26_Report_24_7_2026.xlsx,,1614,,1645475,,,,,,,,,,,,,,,,,,,,,,,,,,,,,,,-14.6,-0.9,68250,4.33,11.02 Cr,105625,-90.95
KOTAKBANK,,,,,,,,,,,,,,,,,,,VOLUME_OI,VolumeAndOISpikesScans_25AUG26_Report_24_7_2026.xlsx,,384.3,,90978000,,,,,,,,,,,,,,,,,,,,,,,,,,,,,,,-1.7,-0.44,3130000,3.56,120.29 Cr,3748000,-90.95
TITAN,,,,,,,,,,,,,,,,,,,VOLUME_OI,VolumeAndOISpikesScans_25AUG26_Report_24_7_2026.xlsx,,"4,695.9",,2270275,,,,,,,,,,,,,,,,,,,,,,,,,,,,,,,-22.1,-0.47,86625,3.97,40.68 Cr,124775,-91.02
PATANJALI,,,,,,,,,,,,,,,,,,,VOLUME_OI,VolumeAndOISpikesScans_25AUG26_Report_24_7_2026.xlsx,,336.65,,14055625,,,,,,,,,,,,,,,,,,,,,,,,,,,,,,,-1.95,-0.58,575125,4.27,19.36 Cr,1123375,-91.07
AUROPHARMA,,,,,,,,,,,,,,,,,,,VOLUME_OI,VolumeAndOISpikesScans_25AUG26_Report_24_7_2026.xlsx,,1545,,6166050,,,,,,,,,,,,,,,,,,,,,,,,,,,,,,,14.5,0.95,112200,1.85,17.33 Cr,233750,-91.11
INDIANB,,,,,,,,,,,,,,,,,,,VOLUME_OI,VolumeAndOISpikesScans_25AUG26_Report_24_7_2026.xlsx,,821.55,,5111000,,,,,,,,,,,,,,,,,,,,,,,,,,,,,,,-6.8,-0.82,221000,4.52,18.16 Cr,356000,-91.15
TATACONSUM,,,,,,,,,,,,,,,,,,,VOLUME_OI,VolumeAndOISpikesScans_25AUG26_Report_24_7_2026.xlsx,,"1,121.2",,6244700,,,,,,,,,,,,,,,,,,,,,,,,,,,,,,,7.6,0.68,349800,5.93,39.22 Cr,497750,-91.19
MFSL,,,,,,,,,,,,,,,,,,,VOLUME_OI,VolumeAndOISpikesScans_25AUG26_Report_24_7_2026.xlsx,,"1,502.9",,2330400,,,,,,,,,,,,,,,,,,,,,,,,,,,,,,,-12.1,-0.8,91200,4.07,13.71 Cr,176800,-91.2
PRESTIGE,,,,,,,,,,,,,,,,,,,VOLUME_OI,VolumeAndOISpikesScans_25AUG26_Report_24_7_2026.xlsx,,"1,604.3",,1937250,,,,,,,,,,,,,,,,,,,,,,,,,,,,,,,-25.8,-1.58,91350,4.95,14.66 Cr,174150,-91.24
ASIANPAINT,,,,,,,,,,,,,,,,,,,VOLUME_OI,VolumeAndOISpikesScans_25AUG26_Report_24_7_2026.xlsx,,"2,660.3",,2730750,,,,,,,,,,,,,,,,,,,,,,,,,,,,,,,-25.5,-0.95,100000,3.8,26.60 Cr,174500,-91.26
DIVISLAB,,,,,,,,,,,,,,,,,,,VOLUME_OI,VolumeAndOISpikesScans_25AUG26_Report_24_7_2026.xlsx,,"7,307.5",,1672100,,,,,,,,,,,,,,,,,,,,,,,,,,,,,,,-11,-0.15,95500,6.06,69.79 Cr,107900,-91.27
ICICIPRULI,,,,,,,,,,,,,,,,,,,VOLUME_OI,VolumeAndOISpikesScans_25AUG26_Report_24_7_2026.xlsx,,500,,8895725,,,,,,,,,,,,,,,,,,,,,,,,,,,,,,,-3.45,-0.69,322825,3.77,16.14 Cr,463425,-91.28
DALBHARAT,,,,,,,,,,,,,,,,,,,VOLUME_OI,VolumeAndOISpikesScans_25AUG26_Report_24_7_2026.xlsx,,"1,841.7",,1071200,,,,,,,,,,,,,,,,,,,,,,,,,,,,,,,-13.7,-0.74,59150,5.84,10.89 Cr,96850,-91.29
SRF,,,,,,,,,,,,,,,,,,,VOLUME_OI,VolumeAndOISpikesScans_25AUG26_Report_24_7_2026.xlsx,,"2,656.2",,1985800,,,,,,,,,,,,,,,,,,,,,,,,,,,,,,,27.6,1.05,88400,4.66,23.48 Cr,238600,-91.34
EICHERMOT,,,,,,,,,,,,,,,,,,,VOLUME_OI,VolumeAndOISpikesScans_25AUG26_Report_24_7_2026.xlsx,,"7,576.5",,1927000,,,,,,,,,,,,,,,,,,,,,,,,,,,,,,,-104,-1.35,94100,5.13,71.29 Cr,122700,-91.41
FINNIFTY,,,,,,,,,,,,,,,,,,,VOLUME_OI,VolumeAndOISpikesScans_25AUG26_Report_24_7_2026.xlsx,,"25,996.5",,8160,,,,,,,,,,,,,,,,,,,,,,,,,,,,,,,-223,-0.85,300,3.82,77.99 L,780,-91.45
MARUTI,,,,,,,,,,,,,,,,,,,VOLUME_OI,VolumeAndOISpikesScans_25AUG26_Report_24_7_2026.xlsx,,13168,,977750,,,,,,,,,,,,,,,,,,,,,,,,,,,,,,,-146,-1.1,35600,3.78,46.88 Cr,52200,-91.47
SBIN,,,,,,,,,,,,,,,,,,,VOLUME_OI,VolumeAndOISpikesScans_25AUG26_Report_24_7_2026.xlsx,,"1,013.1",,38484000,,,,,,,,,,,,,,,,,,,,,,,,,,,,,,,-6.2,-0.61,948750,2.53,96.12 Cr,1147500,-91.49
NESTLEIND,,,,,,,,,,,,,,,,,,,VOLUME_OI,VolumeAndOISpikesScans_25AUG26_Report_24_7_2026.xlsx,,"1,469.6",,4096500,,,,,,,,,,,,,,,,,,,,,,,,,,,,,,,12.1,0.83,171500,4.37,25.20 Cr,284500,-91.5
RELIANCE,,,,,,,,,,,,,,,,,,,VOLUME_OI,VolumeAndOISpikesScans_25AUG26_Report_24_7_2026.xlsx,,"1,273.2",,43819500,,,,,,,,,,,,,,,,,,,,,,,,,,,,,,,-6.7,-0.52,1116000,2.61,142.09 Cr,1485500,-91.62
IOC,,,,,,,,,,,,,,,,,,,VOLUME_OI,VolumeAndOISpikesScans_25AUG26_Report_24_7_2026.xlsx,,137.33,,67255500,,,,,,,,,,,,,,,,,,,,,,,,,,,,,,,-2.26,-1.62,2886000,4.48,39.63 Cr,4143750,-91.65
BHEL,,,,,,,,,,,,,,,,,,,VOLUME_OI,VolumeAndOISpikesScans_25AUG26_Report_24_7_2026.xlsx,,408.45,,33744375,,,,,,,,,,,,,,,,,,,,,,,,,,,,,,,-3.4,-0.83,1401750,4.33,57.25 Cr,2021250,-91.7
TATASTEEL,,,,,,,,,,,,,,,,,,,VOLUME_OI,VolumeAndOISpikesScans_25AUG26_Report_24_7_2026.xlsx,,183.07,,69841750,,,,,,,,,,,,,,,,,,,,,,,,,,,,,,,-2.25,-1.21,2057000,3.03,37.66 Cr,2832500,-91.7
BHARTIARTL,,,,,,,,,,,,,,,,,,,VOLUME_OI,VolumeAndOISpikesScans_25AUG26_Report_24_7_2026.xlsx,,"1,900.3",,42079775,,,,,,,,,,,,,,,,,,,,,,,,,,,,,,,-19.9,-1.04,860225,2.09,163.47 Cr,1001775,-91.73
IDFCFIRSTB,,,,,,,,,,,,,,,,,,,VOLUME_OI,VolumeAndOISpikesScans_25AUG26_Report_24_7_2026.xlsx,,79.45,,168452550,,,,,,,,,,,,,,,,,,,,,,,,,,,,,,,-0.7,-0.87,3403925,2.06,27.04 Cr,6817125,-91.78
HINDPETRO,,,,,,,,,,,,,,,,,,,VOLUME_OI,VolumeAndOISpikesScans_25AUG26_Report_24_7_2026.xlsx,,379.6,,21987450,,,,,,,,,,,,,,,,,,,,,,,,,,,,,,,-6.05,-1.57,639900,3,24.29 Cr,1344600,-91.81
SUZLON,,,,,,,,,,,,,,,,,,,VOLUME_OI,VolumeAndOISpikesScans_25AUG26_Report_24_7_2026.xlsx,,52.32,,199720200,,,,,,,,,,,,,,,,,,,,,,,,,,,,,,,-0.36,-0.68,7683500,4,40.20 Cr,13462000,-91.83
FORCEMOT,,,,,,,,,,,,,,,,,,,VOLUME_OI,VolumeAndOISpikesScans_25AUG26_Report_24_7_2026.xlsx,,17580,,94475,,,,,,,,,,,,,,,,,,,,,,,,,,,,,,,185,1.06,3125,3.42,5.49 Cr,9475,-91.89
DMART,,,,,,,,,,,,,,,,,,,VOLUME_OI,VolumeAndOISpikesScans_25AUG26_Report_24_7_2026.xlsx,,4045,,2730450,,,,,,,,,,,,,,,,,,,,,,,,,,,,,,,27,0.67,62400,2.34,25.24 Cr,156000,-91.9
HDFCBANK,,,,,,,,,,,,,,,,,,,VOLUME_OI,VolumeAndOISpikesScans_25AUG26_Report_24_7_2026.xlsx,,744.6,,159282500,,,,,,,,,,,,,,,,,,,,,,,,,,,,,,,-7.65,-1.02,3446300,2.21,256.61 Cr,5012800,-91.9
HDFCLIFE,,,,,,,,,,,,,,,,,,,VOLUME_OI,VolumeAndOISpikesScans_25AUG26_Report_24_7_2026.xlsx,,554.9,,17702300,,,,,,,,,,,,,,,,,,,,,,,,,,,,,,,0.05,0.01,722700,4.26,40.10 Cr,873400,-91.94
ASTRAL,,,,,,,,,,,,,,,,,,,VOLUME_OI,VolumeAndOISpikesScans_25AUG26_Report_24_7_2026.xlsx,,"1,373.5",,3729375,,,,,,,,,,,,,,,,,,,,,,,,,,,,,,,-3.9,-0.28,104550,2.88,14.36 Cr,253300,-91.97
JINDALSTEL,,,,,,,,,,,,,,,,,,,VOLUME_OI,VolumeAndOISpikesScans_25AUG26_Report_24_7_2026.xlsx,,"1,037.8",,4783750,,,,,,,,,,,,,,,,,,,,,,,,,,,,,,,-9.5,-0.91,144375,3.11,14.98 Cr,197500,-91.97
GVT&D,,,,,,,,,,,,,,,,,,,VOLUME_OI,VolumeAndOISpikesScans_25AUG26_Report_24_7_2026.xlsx,,"4,329.4",,969250,,,,,,,,,,,,,,,,,,,,,,,,,,,,,,,-13.6,-0.31,42875,4.63,18.56 Cr,56375,-92.06
PAYTM,,,,,,,,,,,,,,,,,,,VOLUME_OI,VolumeAndOISpikesScans_25AUG26_Report_24_7_2026.xlsx,,1263,,7176050,,,,,,,,,,,,,,,,,,,,,,,,,,,,,,,-1.5,-0.12,208800,3,26.37 Cr,368300,-92.07
TRENT,,,,,,,,,,,,,,,,,,,VOLUME_OI,VolumeAndOISpikesScans_25AUG26_Report_24_7_2026.xlsx,,"2,834.3",,6430050,,,,,,,,,,,,,,,,,,,,,,,,,,,,,,,-24.4,-0.85,288900,4.7,81.88 Cr,415350,-92.09
JUBLFOOD,,,,,,,,,,,,,,,,,,,VOLUME_OI,VolumeAndOISpikesScans_25AUG26_Report_24_7_2026.xlsx,,410.75,,7285000,,,,,,,,,,,,,,,,,,,,,,,,,,,,,,,-1.35,-0.33,330000,4.74,13.55 Cr,525000,-92.1
HDFCAMC,,,,,,,,,,,,,,,,,,,VOLUME_OI,VolumeAndOISpikesScans_25AUG26_Report_24_7_2026.xlsx,,"2,501.2",,3088800,,,,,,,,,,,,,,,,,,,,,,,,,,,,,,,-17.6,-0.7,70800,2.35,17.71 Cr,162000,-92.12
DABUR,,,,,,,,,,,,,,,,,,,VOLUME_OI,VolumeAndOISpikesScans_25AUG26_Report_24_7_2026.xlsx,,423.65,,10757500,,,,,,,,,,,,,,,,,,,,,,,,,,,,,,,-1.3,-0.31,517500,5.05,21.92 Cr,647500,-92.21
UNIONBANK,,,,,,,,,,,,,,,,,,,VOLUME_OI,VolumeAndOISpikesScans_25AUG26_Report_24_7_2026.xlsx,,168.86,,52285800,,,,,,,,,,,,,,,,,,,,,,,,,,,,,,,-0.51,-0.3,1898325,3.77,32.06 Cr,2739075,-92.31
HYUNDAI,,,,,,,,,,,,,,,,,,,VOLUME_OI,VolumeAndOISpikesScans_25AUG26_Report_24_7_2026.xlsx,,"1,912.6",,2122725,,,,,,,,,,,,,,,,,,,,,,,,,,,,,,,-20.2,-1.05,74800,3.65,14.31 Cr,136400,-92.41
SHREECEM,,,,,,,,,,,,,,,,,,,VOLUME_OI,VolumeAndOISpikesScans_25AUG26_Report_24_7_2026.xlsx,,26295,,139250,,,,,,,,,,,,,,,,,,,,,,,,,,,,,,,-175,-0.66,8975,6.89,23.60 Cr,12725,-92.49
LTF,,,,,,,,,,,,,,,,,,,VOLUME_OI,VolumeAndOISpikesScans_25AUG26_Report_24_7_2026.xlsx,,298,,25769250,,,,,,,,,,,,,,,,,,,,,,,,,,,,,,,-3.65,-1.21,681750,2.72,20.32 Cr,1352250,-92.69
FEDERALBNK,,,,,,,,,,,,,,,,,,,VOLUME_OI,VolumeAndOISpikesScans_25AUG26_Report_24_7_2026.xlsx,,352.1,,47212500,,,,,,,,,,,,,,,,,,,,,,,,,,,,,,,-3,-0.84,1577500,3.46,55.54 Cr,2215000,-92.72
PERSISTENT,,,,,,,,,,,,,,,,,,,VOLUME_OI,VolumeAndOISpikesScans_25AUG26_Report_24_7_2026.xlsx,,"5,036.4",,2232250,,,,,,,,,,,,,,,,,,,,,,,,,,,,,,,66.4,1.34,67875,3.14,34.18 Cr,141625,-92.72
SIEMENS,,,,,,,,,,,,,,,,,,,VOLUME_OI,VolumeAndOISpikesScans_25AUG26_Report_24_7_2026.xlsx,,"3,589.1",,1642200,,,,,,,,,,,,,,,,,,,,,,,,,,,,,,,-38.5,-1.06,56175,3.54,20.16 Cr,100100,-92.72
COLPAL,,,,,,,,,,,,,,,,,,,VOLUME_OI,VolumeAndOISpikesScans_25AUG26_Report_24_7_2026.xlsx,,"2,109.5",,1370600,,,,,,,,,,,,,,,,,,,,,,,,,,,,,,,10.4,0.5,62425,4.77,13.17 Cr,92400,-92.75
ADANIENT,,,,,,,,,,,,,,,,,,,VOLUME_OI,VolumeAndOISpikesScans_25AUG26_Report_24_7_2026.xlsx,,"3,036.9",,6200703,,,,,,,,,,,,,,,,,,,,,,,,,,,,,,,8.1,0.27,260178,4.38,79.01 Cr,401082,-92.76
PIDILITIND,,,,,,,,,,,,,,,,,,,VOLUME_OI,VolumeAndOISpikesScans_25AUG26_Report_24_7_2026.xlsx,,"1,560.9",,1747000,,,,,,,,,,,,,,,,,,,,,,,,,,,,,,,-9.8,-0.62,81500,4.89,12.72 Cr,117000,-92.8
BOSCHLTD,,,,,,,,,,,,,,,,,,,VOLUME_OI,VolumeAndOISpikesScans_25AUG26_Report_24_7_2026.xlsx,,41640,,94875,,,,,,,,,,,,,,,,,,,,,,,,,,,,,,,-530,-1.26,4900,5.45,20.40 Cr,7275,-92.83
BAJAJ-AUTO,,,,,,,,,,,,,,,,,,,VOLUME_OI,VolumeAndOISpikesScans_25AUG26_Report_24_7_2026.xlsx,,11269,,965850,,,,,,,,,,,,,,,,,,,,,,,,,,,,,,,-40.5,-0.36,45750,4.97,51.56 Cr,65625,-92.9
ADANIENSOL,,,,,,,,,,,,,,,,,,,VOLUME_OI,VolumeAndOISpikesScans_25AUG26_Report_24_7_2026.xlsx,,"1,710.2",,7659225,,,,,,,,,,,,,,,,,,,,,,,,,,,,,,,16.8,0.99,363825,4.99,62.22 Cr,548100,-92.91
ONGC,,,,,,,,,,,,,,,,,,,VOLUME_OI,VolumeAndOISpikesScans_25AUG26_Report_24_7_2026.xlsx,,251.52,,21057750,,,,,,,,,,,,,,,,,,,,,,,,,,,,,,,-1.22,-0.48,400500,1.94,10.07 Cr,1120500,-93.14
TVSMOTOR,,,,,,,,,,,,,,,,,,,VOLUME_OI,VolumeAndOISpikesScans_25AUG26_Report_24_7_2026.xlsx,,"3,906.8",,5554150,,,,,,,,,,,,,,,,,,,,,,,,,,,,,,,-30.1,-0.76,271600,5.14,106.11 Cr,316225,-93.16
GODREJPROP,,,,,,,,,,,,,,,,,,,VOLUME_OI,VolumeAndOISpikesScans_25AUG26_Report_24_7_2026.xlsx,,"2,008.4",,2915575,,,,,,,,,,,,,,,,,,,,,,,,,,,,,,,-36.1,-1.77,106275,3.78,21.34 Cr,143000,-93.2
VOLTAS,,,,,,,,,,,,,,,,,,,VOLUME_OI,VolumeAndOISpikesScans_25AUG26_Report_24_7_2026.xlsx,,"1,304.8",,2419125,,,,,,,,,,,,,,,,,,,,,,,,,,,,,,,-12.1,-0.92,101625,4.39,13.26 Cr,165750,-93.23
ADANIPOWER,,,,,,,,,,,,,,,,,,,VOLUME_OI,VolumeAndOISpikesScans_25AUG26_Report_24_7_2026.xlsx,,214.39,,55859250,,,,,,,,,,,,,,,,,,,,,,,,,,,,,,,0.87,0.41,1299300,2.38,27.86 Cr,2790300,-93.25
HINDUNILVR,,,,,,,,,,,,,,,,,,,VOLUME_OI,VolumeAndOISpikesScans_25AUG26_Report_24_7_2026.xlsx,,2170,,6955800,,,,,,,,,,,,,,,,,,,,,,,,,,,,,,,-2.3,-0.11,240000,3.57,52.08 Cr,277800,-93.25
MARICO,,,,,,,,,,,,,,,,,,,VOLUME_OI,VolumeAndOISpikesScans_25AUG26_Report_24_7_2026.xlsx,,851.8,,6183600,,,,,,,,,,,,,,,,,,,,,,,,,,,,,,,-0.9,-0.11,222000,3.72,18.91 Cr,315600,-93.25
SUPREMEIND,,,,,,,,,,,,,,,,,,,VOLUME_OI,VolumeAndOISpikesScans_25AUG26_Report_24_7_2026.xlsx,,"3,423.1",,1065575,,,,,,,,,,,,,,,,,,,,,,,,,,,,,,,-16.1,-0.47,39550,3.85,13.54 Cr,52500,-93.27
NTPC,,,,,,,,,,,,,,,,,,,VOLUME_OI,VolumeAndOISpikesScans_25AUG26_Report_24_7_2026.xlsx,,348.15,,31035000,,,,,,,,,,,,,,,,,,,,,,,,,,,,,,,-1.65,-0.47,1063500,3.55,37.03 Cr,1332000,-93.3
IRFC,,,,,,,,,,,,,,,,,,,VOLUME_OI,VolumeAndOISpikesScans_25AUG26_Report_24_7_2026.xlsx,,85.47,,47230050,,,,,,,,,,,,,,,,,,,,,,,,,,,,,,,-0.5,-0.58,976500,2.11,8.35 Cr,2256800,-93.33
UNOMINDA,,,,,,,,,,,,,,,,,,,VOLUME_OI,VolumeAndOISpikesScans_25AUG26_Report_24_7_2026.xlsx,,1117,,2247300,,,,,,,,,,,,,,,,,,,,,,,,,,,,,,,-20,-1.76,91850,4.26,10.26 Cr,141350,-93.39
ITC,,,,,,,,,,,,,,,,,,,VOLUME_OI,VolumeAndOISpikesScans_25AUG26_Report_24_7_2026.xlsx,,282.9,,67052475,,,,,,,,,,,,,,,,,,,,,,,,,,,,,,,-0.05,-0.02,1680150,2.57,47.53 Cr,2264925,-93.4
VMM,,,,,,,,,,,,,,,,,,,VOLUME_OI,VolumeAndOISpikesScans_25AUG26_Report_24_7_2026.xlsx,,108.48,,21310900,,,,,,,,,,,,,,,,,,,,,,,,,,,,,,,-1.62,-1.47,698400,3.39,7.58 Cr,2177650,-93.42
PAGEIND,,,,,,,,,,,,,,,,,,,VOLUME_OI,VolumeAndOISpikesScans_25AUG26_Report_24_7_2026.xlsx,,40060,,94500,,,,,,,,,,,,,,,,,,,,,,,,,,,,,,,-120,-0.3,4740,5.28,18.99 Cr,6100,-93.44
ZYDUSLIFE,,,,,,,,,,,,,,,,,,,VOLUME_OI,VolumeAndOISpikesScans_25AUG26_Report_24_7_2026.xlsx,,1124,,4635900,,,,,,,,,,,,,,,,,,,,,,,,,,,,,,,3.6,0.32,157500,3.52,17.70 Cr,230400,-93.44
BHARATFORG,,,,,,,,,,,,,,,,,,,VOLUME_OI,VolumeAndOISpikesScans_25AUG26_Report_24_7_2026.xlsx,,"2,160.1",,3245500,,,,,,,,,,,,,,,,,,,,,,,,,,,,,,,-27.3,-1.25,139500,4.49,30.13 Cr,207500,-93.47
SBILIFE,,,,,,,,,,,,,,,,,,,VOLUME_OI,VolumeAndOISpikesScans_25AUG26_Report_24_7_2026.xlsx,,1844,,3376500,,,,,,,,,,,,,,,,,,,,,,,,,,,,,,,-13.9,-0.75,100500,3.07,18.53 Cr,126750,-93.58
JSWENERGY,,,,,,,,,,,,,,,,,,,VOLUME_OI,VolumeAndOISpikesScans_25AUG26_Report_24_7_2026.xlsx,,551.9,,10972525,,,,,,,,,,,,,,,,,,,,,,,,,,,,,,,-9,-1.6,411725,3.9,22.72 Cr,685850,-93.65
PNB,,,,,,,,,,,,,,,,,,,VOLUME_OI,VolumeAndOISpikesScans_25AUG26_Report_24_7_2026.xlsx,,110.15,,140408000,,,,,,,,,,,,,,,,,,,,,,,,,,,,,,,-0.55,-0.5,3856000,2.82,42.47 Cr,5184000,-93.71
ADANIPORTS,,,,,,,,,,,,,,,,,,,VOLUME_OI,VolumeAndOISpikesScans_25AUG26_Report_24_7_2026.xlsx,,"1,790.6",,8623150,,,,,,,,,,,,,,,,,,,,,,,,,,,,,,,0.3,0.02,255075,3.05,45.67 Cr,416100,-93.73
COALINDIA,,,,,,,,,,,,,,,,,,,VOLUME_OI,VolumeAndOISpikesScans_25AUG26_Report_24_7_2026.xlsx,,424.15,,26990550,,,,,,,,,,,,,,,,,,,,,,,,,,,,,,,-1.05,-0.25,388800,1.46,16.49 Cr,850500,-93.73
MAXHEALTH,,,,,,,,,,,,,,,,,,,VOLUME_OI,VolumeAndOISpikesScans_25AUG26_Report_24_7_2026.xlsx,,1077,,4331250,,,,,,,,,,,,,,,,,,,,,,,,,,,,,,,-7.9,-0.73,158025,3.79,17.02 Cr,254625,-93.75
CUMMINSIND,,,,,,,,,,,,,,,,,,,VOLUME_OI,VolumeAndOISpikesScans_25AUG26_Report_24_7_2026.xlsx,,"5,622.5",,1470400,,,,,,,,,,,,,,,,,,,,,,,,,,,,,,,-2,-0.04,62200,4.42,34.97 Cr,72000,-93.8
NATIONALUM,,,,,,,,,,,,,,,,,,,VOLUME_OI,VolumeAndOISpikesScans_25AUG26_Report_24_7_2026.xlsx,,344.3,,17041875,,,,,,,,,,,,,,,,,,,,,,,,,,,,,,,-3.4,-0.98,523125,3.17,18.01 Cr,793125,-93.84
BANKBARODA,,,,,,,,,,,,,,,,,,,VOLUME_OI,VolumeAndOISpikesScans_25AUG26_Report_24_7_2026.xlsx,,242.85,,61694100,,,,,,,,,,,,,,,,,,,,,,,,,,,,,,,-1.6,-0.65,1494675,2.48,36.30 Cr,1872000,-93.87
INDUSINDBK,,,,,,,,,,,,,,,,,,,VOLUME_OI,VolumeAndOISpikesScans_25AUG26_Report_24_7_2026.xlsx,,991.55,,14685300,,,,,,,,,,,,,,,,,,,,,,,,,,,,,,,-16.4,-1.63,441700,3.1,43.80 Cr,750400,-93.94
PNBHOUSING,,,,,,,,,,,,,,,,,,,VOLUME_OI,VolumeAndOISpikesScans_25AUG26_Report_24_7_2026.xlsx,,"1,062.3",,3046550,,,,,,,,,,,,,,,,,,,,,,,,,,,,,,,-3.6,-0.34,74100,2.49,7.87 Cr,153400,-93.95
NHPC,,,,,,,,,,,,,,,,,,,VOLUME_OI,VolumeAndOISpikesScans_25AUG26_Report_24_7_2026.xlsx,,77.51,,74232950,,,,,,,,,,,,,,,,,,,,,,,,,,,,,,,-0.8,-1.02,2321300,3.23,17.99 Cr,3857250,-94.03
NYKAA,,,,,,,,,,,,,,,,,,,VOLUME_OI,VolumeAndOISpikesScans_25AUG26_Report_24_7_2026.xlsx,,322.1,,19415625,,,,,,,,,,,,,,,,,,,,,,,,,,,,,,,-3.8,-1.17,681250,3.64,21.94 Cr,1003125,-94.03
PREMIERENE,,,,,,,,,,,,,,,,,,,VOLUME_OI,VolumeAndOISpikesScans_25AUG26_Report_24_7_2026.xlsx,,"1,009.7",,3074500,,,,,,,,,,,,,,,,,,,,,,,,,,,,,,,-7.3,-0.72,92950,3.12,9.39 Cr,180700,-94.09
CANBK,,,,,,,,,,,,,,,,,,,VOLUME_OI,VolumeAndOISpikesScans_25AUG26_Report_24_7_2026.xlsx,,124.81,,173211750,,,,,,,,,,,,,,,,,,,,,,,,,,,,,,,-1.28,-1.02,4198500,2.48,52.40 Cr,6061500,-94.14
OFSS,,,,,,,,,,,,,,,,,,,VOLUME_OI,VolumeAndOISpikesScans_25AUG26_Report_24_7_2026.xlsx,,10793,,688000,,,,,,,,,,,,,,,,,,,,,,,,,,,,,,,20,0.19,18500,2.76,19.97 Cr,96900,-94.22
FORTIS,,,,,,,,,,,,,,,,,,,VOLUME_OI,VolumeAndOISpikesScans_25AUG26_Report_24_7_2026.xlsx,,945.7,,3560350,,,,,,,,,,,,,,,,,,,,,,,,,,,,,,,-3.2,-0.34,116250,3.38,10.99 Cr,158875,-94.23
GAIL,,,,,,,,,,,,,,,,,,,VOLUME_OI,VolumeAndOISpikesScans_25AUG26_Report_24_7_2026.xlsx,,171.34,,31484950,,,,,,,,,,,,,,,,,,,,,,,,,,,,,,,-1.08,-0.63,1295750,4.29,22.20 Cr,1586850,-94.27
COCHINSHIP,,,,,,,,,,,,,,,,,,,VOLUME_OI,VolumeAndOISpikesScans_25AUG26_Report_24_7_2026.xlsx,,1382,,2201600,,,,,,,,,,,,,,,,,,,,,,,,,,,,,,,-7.5,-0.54,54800,2.55,7.57 Cr,122400,-94.37
POWERGRID,,,,,,,,,,,,,,,,,,,VOLUME_OI,VolumeAndOISpikesScans_25AUG26_Report_24_7_2026.xlsx,,289.15,,16549000,,,,,,,,,,,,,,,,,,,,,,,,,,,,,,,-0.6,-0.21,442700,2.75,12.80 Cr,723900,-94.4
BPCL,,,,,,,,,,,,,,,,,,,VOLUME_OI,VolumeAndOISpikesScans_25AUG26_Report_24_7_2026.xlsx,,307.75,,17233850,,,,,,,,,,,,,,,,,,,,,,,,,,,,,,,-3.1,-1,584600,3.51,17.99 Cr,890725,-94.6
SUNPHARMA,,,,,,,,,,,,,,,,,,,VOLUME_OI,VolumeAndOISpikesScans_25AUG26_Report_24_7_2026.xlsx,,"1,965.4",,5598250,,,,,,,,,,,,,,,,,,,,,,,,,,,,,,,5.1,0.26,147000,2.7,28.89 Cr,222600,-94.65
POWERINDIA,,,,,,,,,,,,,,,,,,,VOLUME_OI,VolumeAndOISpikesScans_25AUG26_Report_24_7_2026.xlsx,,32355,,167050,,,,,,,,,,,,,,,,,,,,,,,,,,,,,,,80,0.25,3525,2.16,11.41 Cr,7400,-94.68
LODHA,,,,,,,,,,,,,,,,,,,VOLUME_OI,VolumeAndOISpikesScans_25AUG26_Report_24_7_2026.xlsx,,1092,,8481250,,,,,,,,,,,,,,,,,,,,,,,,,,,,,,,-8.15,-0.74,155000,1.86,16.93 Cr,377500,-94.75
PETRONET,,,,,,,,,,,,,,,,,,,VOLUME_OI,VolumeAndOISpikesScans_25AUG26_Report_24_7_2026.xlsx,,271.1,,9370800,,,,,,,,,,,,,,,,,,,,,,,,,,,,,,,0.9,0.33,343900,3.81,9.32 Cr,571900,-94.79
BAJAJHLDNG,,,,,,,,,,,,,,,,,,,VOLUME_OI,VolumeAndOISpikesScans_25AUG26_Report_24_7_2026.xlsx,,10785,,155325,,,,,,,,,,,,,,,,,,,,,,,,,,,,,,,69,0.64,3825,2.52,4.13 Cr,7050,-94.95
HINDALCO,,,,,,,,,,,,,,,,,,,VOLUME_OI,VolumeAndOISpikesScans_25AUG26_Report_24_7_2026.xlsx,,951.05,,25867800,,,,,,,,,,,,,,,,,,,,,,,,,,,,,,,-9.95,-1.04,520100,2.05,49.46 Cr,775600,-94.98
AXISBANK,,,,,,,,,,,,,,,,,,,VOLUME_OI,VolumeAndOISpikesScans_25AUG26_Report_24_7_2026.xlsx,,"1,224.7",,29753750,,,,,,,,,,,,,,,,,,,,,,,,,,,,,,,-6.5,-0.53,556875,1.91,68.20 Cr,783125,-95.09
GODREJCP,,,,,,,,,,,,,,,,,,,VOLUME_OI,VolumeAndOISpikesScans_25AUG26_Report_24_7_2026.xlsx,,"1,062.9",,3536500,,,,,,,,,,,,,,,,,,,,,,,,,,,,,,,3.9,0.37,125000,3.66,13.29 Cr,149500,-95.18
ALKEM,,,,,,,,,,,,,,,,,,,VOLUME_OI,VolumeAndOISpikesScans_25AUG26_Report_24_7_2026.xlsx,,5621,,452875,,,,,,,,,,,,,,,,,,,,,,,,,,,,,,,-8.5,-0.15,15125,3.46,8.50 Cr,17625,-95.32
INDUSTOWER,,,,,,,,,,,,,,,,,,,VOLUME_OI,VolumeAndOISpikesScans_25AUG26_Report_24_7_2026.xlsx,,389.85,,39900700,,,,,,,,,,,,,,,,,,,,,,,,,,,,,,,-3.05,-0.78,635800,1.62,24.79 Cr,952000,-95.37
LICHSGFIN,,,,,,,,,,,,,,,,,,,VOLUME_OI,VolumeAndOISpikesScans_25AUG26_Report_24_7_2026.xlsx,,524.6,,14278000,,,,,,,,,,,,,,,,,,,,,,,,,,,,,,,-2.7,-0.51,171000,1.21,8.97 Cr,321000,-95.46
BAJAJFINSV,,,,,,,,,,,,,,,,,,,VOLUME_OI,VolumeAndOISpikesScans_25AUG26_Report_24_7_2026.xlsx,,"1,878.3",,3179700,,,,,,,,,,,,,,,,,,,,,,,,,,,,,,,-18,-0.95,102000,3.31,19.16 Cr,127800,-95.67
GRASIM,,,,,,,,,,,,,,,,,,,VOLUME_OI,VolumeAndOISpikesScans_25AUG26_Report_24_7_2026.xlsx,,"3,097.3",,6312250,,,,,,,,,,,,,,,,,,,,,,,,,,,,,,,-19.1,-0.61,146250,2.37,45.30 Cr,182000,-95.8
BANKINDIA,,,,,,,,,,,,,,,,,,,VOLUME_OI,VolumeAndOISpikesScans_25AUG26_Report_24_7_2026.xlsx,,141.93,,32307600,,,,,,,,,,,,,,,,,,,,,,,,,,,,,,,-1.24,-0.87,436800,1.37,6.20 Cr,1040000,-96.1
APOLLOHOSP,,,,,,,,,,,,,,,,,,,VOLUME_OI,VolumeAndOISpikesScans_25AUG26_Report_24_7_2026.xlsx,,"8,898.5",,971250,,,,,,,,,,,,,,,,,,,,,,,,,,,,,,,-9.5,-0.11,21750,2.29,19.35 Cr,26750,-96.29
SAIL,,,,,,,,,,,,,,,,,,,VOLUME_OI,VolumeAndOISpikesScans_25AUG26_Report_24_7_2026.xlsx,,160.11,,73940400,,,,,,,,,,,,,,,,,,,,,,,,,,,,,,,-1.47,-0.91,1358300,1.87,21.75 Cr,1898800,-96.42
DLF,,,,,,,,,,,,,,,,,,,VOLUME_OI,VolumeAndOISpikesScans_25AUG26_Report_24_7_2026.xlsx,,628.75,,27379000,,,,,,,,,,,,,,,,,,,,,,,,,,,,,,,-10.05,-1.57,289750,1.07,18.22 Cr,530100,-96.77
NAM-INDIA,,,,,,,,,,,,,,,,,,,VOLUME_OI,VolumeAndOISpikesScans_25AUG26_Report_24_7_2026.xlsx,,"1,097.4",,2541875,,,,,,,,,,,,,,,,,,,,,,,,,,,,,,,-5.1,-0.46,45000,1.8,4.94 Cr,94375,-96.78
NMDC,,,,,,,,,,,,,,,,,,,VOLUME_OI,VolumeAndOISpikesScans_25AUG26_Report_24_7_2026.xlsx,,82.8,,175574250,,,,,,,,,,,,,,,,,,,,,,,,,,,,,,,-0.36,-0.43,3665250,2.13,30.35 Cr,4495500,-96.84
JSWSTEEL,,,,,,,,,,,,,,,,,,,VOLUME_OI,VolumeAndOISpikesScans_25AUG26_Report_24_7_2026.xlsx,,"1,244.8",,21573675,,,,,,,,,,,,,,,,,,,,,,,,,,,,,,,-7.7,-0.61,210600,0.99,26.22 Cr,372600,-96.94
NIFTYNXT50,,,,,,,,,,,,,,,,,,,VOLUME_OI,VolumeAndOISpikesScans_25AUG26_Report_24_7_2026.xlsx,,71612,,8475,,,,,,,,,,,,,,,,,,,,,,,,,,,,,,,-452.4,-0.63,-25,-0.29,-17.90 L,225,-97.08
BANKEX,,,,,,,,,,,,,,,,,,,VOLUME_OI,VolumeAndOISpikesScans_25AUG26_Report_24_7_2026.xlsx,,-,,-,,,,,,,,,,,,,,,,,,,,,,,,,,,,,,,-,-,-,-,-,-,
FOCIT,,,,,,,,,,,,,,,,,,,VOLUME_OI,VolumeAndOISpikesScans_25AUG26_Report_24_7_2026.xlsx,,-,,-,,,,,,,,,,,,,,,,,,,,,,,,,,,,,,,-,-,-,-,-,-,
KAYNES,,,,,,,,,,,,,,,,,,,VOLUME_OI,VolumeAndOISpikesScans_28JUL26_Report_24_7_2026.xlsx,,3137,,3324600,,,,,,,,,,,,,,,,,,,,,,,,,,,,,,,-110.4,-3.4,-69300,-2.04,-21.74 Cr,370200,-48.05
INFY,,,,,,,,,,,,,,,,,,,VOLUME_OI,VolumeAndOISpikesScans_28JUL26_Report_24_7_2026.xlsx,,"1,033.2",,79588800,,,,,,,,,,,,,,,,,,,,,,,,,,,,,,,-17.6,-1.67,-1203600,-1.49,-124.36 Cr,19251600,-50.99
NUVAMA,,,,,,,,,,,,,,,,,,,VOLUME_OI,VolumeAndOISpikesScans_28JUL26_Report_24_7_2026.xlsx,,"2,045.5",,1087000,,,,,,,,,,,,,,,,,,,,,,,,,,,,,,,97.3,4.99,-31000,-2.77,-6.34 Cr,419500,-56.23
SWIGGY,,,,,,,,,,,,,,,,,,,VOLUME_OI,VolumeAndOISpikesScans_28JUL26_Report_24_7_2026.xlsx,,242.41,,31222100,,,,,,,,,,,,,,,,,,,,,,,,,,,,,,,-19.03,-7.28,713575,2.34,17.30 Cr,7736175,-61.31
MOTILALOFS,,,,,,,,,,,,,,,,,,,VOLUME_OI,VolumeAndOISpikesScans_28JUL26_Report_24_7_2026.xlsx,,890.85,,4343875,,,,,,,,,,,,,,,,,,,,,,,,,,,,,,,-51.65,-5.48,73625,1.72,6.56 Cr,814525,-63.1
INDIGO,,,,,,,,,,,,,,,,,,,VOLUME_OI,VolumeAndOISpikesScans_28JUL26_Report_24_7_2026.xlsx,,"4,904.5",,3863400,,,,,,,,,,,,,,,,,,,,,,,,,,,,,,,-121.5,-2.42,64500,1.7,31.63 Cr,880950,-67.63
MPHASIS,,,,,,,,,,,,,,,,,,,VOLUME_OI,VolumeAndOISpikesScans_28JUL26_Report_24_7_2026.xlsx,,2262,,3317325,,,,,,,,,,,,,,,,,,,,,,,,,,,,,,,31.4,1.41,-107250,-3.13,-24.26 Cr,742500,-70.26
BIOCON,,,,,,,,,,,,,,,,,,,VOLUME_OI,VolumeAndOISpikesScans_28JUL26_Report_24_7_2026.xlsx,,430.4,,35970000,,,,,,,,,,,,,,,,,,,,,,,,,,,,,,,-4.65,-1.07,737500,2.09,31.74 Cr,3892500,-71.05
EXIDEIND,,,,,,,,,,,,,,,,,,,VOLUME_OI,VolumeAndOISpikesScans_28JUL26_Report_24_7_2026.xlsx,,444,,17955000,,,,,,,,,,,,,,,,,,,,,,,,,,,,,,,4.3,0.98,81000,0.45,3.60 Cr,1092600,-71.19
DALBHARAT,,,,,,,,,,,,,,,,,,,VOLUME_OI,VolumeAndOISpikesScans_28JUL26_Report_24_7_2026.xlsx,,"1,844.6",,3750825,,,,,,,,,,,,,,,,,,,,,,,,,,,,,,,-10,-0.54,-108875,-2.82,-20.08 Cr,368875,-72.84
ICICIGI,,,,,,,,,,,,,,,,,,,VOLUME_OI,VolumeAndOISpikesScans_28JUL26_Report_24_7_2026.xlsx,,"1,667.1",,4584775,,,,,,,,,,,,,,,,,,,,,,,,,,,,,,,48.1,2.97,145275,3.27,24.22 Cr,626600,-75.36
NBCC,,,,,,,,,,,,,,,,,,,VOLUME_OI,VolumeAndOISpikesScans_28JUL26_Report_24_7_2026.xlsx,,92.07,,82056000,,,,,,,,,,,,,,,,,,,,,,,,,,,,,,,-1.1,-1.18,1430000,1.77,13.17 Cr,4829500,-75.49
KFINTECH,,,,,,,,,,,,,,,,,,,VOLUME_OI,VolumeAndOISpikesScans_28JUL26_Report_24_7_2026.xlsx,,865.1,,4292375,,,,,,,,,,,,,,,,,,,,,,,,,,,,,,,-1.8,-0.21,-25300,-0.59,-2.19 Cr,315675,-77.6
HCLTECH,,,,,,,,,,,,,,,,,,,VOLUME_OI,VolumeAndOISpikesScans_28JUL26_Report_24_7_2026.xlsx,,"1,255.4",,23301600,,,,,,,,,,,,,,,,,,,,,,,,,,,,,,,8.8,0.71,214000,0.93,26.87 Cr,2193600,-78.72
LT,,,,,,,,,,,,,,,,,,,VOLUME_OI,VolumeAndOISpikesScans_28JUL26_Report_24_7_2026.xlsx,,"3,745.1",,10137575,,,,,,,,,,,,,,,,,,,,,,,,,,,,,,,-48.2,-1.27,323925,3.3,121.31 Cr,517125,-79.14
MAZDOCK,,,,,,,,,,,,,,,,,,,VOLUME_OI,VolumeAndOISpikesScans_28JUL26_Report_24_7_2026.xlsx,,2290,,3485925,,,,,,,,,,,,,,,,,,,,,,,,,,,,,,,-10,-0.43,-117450,-3.26,-26.90 Cr,394650,-79.7
360ONE,,,,,,,,,,,,,,,,,,,VOLUME_OI,VolumeAndOISpikesScans_28JUL26_Report_24_7_2026.xlsx,,"1,075.2",,2884000,,,,,,,,,,,,,,,,,,,,,,,,,,,,,,,-9.2,-0.85,4000,0.14,43.01 L,473000,-81.41
CAMS,,,,,,,,,,,,,,,,,,,VOLUME_OI,VolumeAndOISpikesScans_28JUL26_Report_24_7_2026.xlsx,,757.5,,5711475,,,,,,,,,,,,,,,,,,,,,,,,,,,,,,,-1.35,-0.18,-1650,-0.03,-12.50 L,273900,-82.08
BDL,,,,,,,,,,,,,,,,,,,VOLUME_OI,VolumeAndOISpikesScans_28JUL26_Report_24_7_2026.xlsx,,"1,227.8",,6358000,,,,,,,,,,,,,,,,,,,,,,,,,,,,,,,-8.1,-0.66,-101575,-1.57,-12.47 Cr,359550,-82.41
KALYANKJIL,,,,,,,,,,,,,,,,,,,VOLUME_OI,VolumeAndOISpikesScans_28JUL26_Report_24_7_2026.xlsx,,580,,24914250,,,,,,,,,,,,,,,,,,,,,,,,,,,,,,,-7.15,-1.22,337500,1.37,19.57 Cr,1588950,-82.56
SONACOMS,,,,,,,,,,,,,,,,,,,VOLUME_OI,VolumeAndOISpikesScans_28JUL26_Report_24_7_2026.xlsx,,736,,11702425,,,,,,,,,,,,,,,,,,,,,,,,,,,,,,,14.7,2.04,-26950,-0.23,-1.98 Cr,1685600,-83.13
BRITANNIA,,,,,,,,,,,,,,,,,,,VOLUME_OI,VolumeAndOISpikesScans_28JUL26_Report_24_7_2026.xlsx,,5343,,1405125,,,,,,,,,,,,,,,,,,,,,,,,,,,,,,,-46,-0.85,52250,3.86,27.92 Cr,162500,-83.43
BANKNIFTY,,,,,,,,,,,,,,,,,,,VOLUME_OI,VolumeAndOISpikesScans_28JUL26_Report_24_7_2026.xlsx,,"56,250.2",,1792890,,,,,,,,,,,,,,,,,,,,,,,,,,,,,,,-415.2,-0.73,-12690,-0.7,-71.38 Cr,107550,-83.51
OBEROIRLTY,,,,,,,,,,,,,,,,,,,VOLUME_OI,VolumeAndOISpikesScans_28JUL26_Report_24_7_2026.xlsx,,"1,801.7",,4690700,,,,,,,,,,,,,,,,,,,,,,,,,,,,,,,-11.8,-0.65,-61250,-1.29,-11.04 Cr,395500,-83.54
TATAELXSI,,,,,,,,,,,,,,,,,,,VOLUME_OI,VolumeAndOISpikesScans_28JUL26_Report_24_7_2026.xlsx,,3413,,2671875,,,,,,,,,,,,,,,,,,,,,,,,,,,,,,,12.2,0.36,-56250,-2.06,-19.20 Cr,155750,-83.71
RECLTD,,,,,,,,,,,,,,,,,,,VOLUME_OI,VolumeAndOISpikesScans_28JUL26_Report_24_7_2026.xlsx,,358.2,,31466925,,,,,,,,,,,,,,,,,,,,,,,,,,,,,,,0.2,0.06,201600,0.64,7.22 Cr,1682100,-84.28
DIXON,,,,,,,,,,,,,,,,,,,VOLUME_OI,VolumeAndOISpikesScans_28JUL26_Report_24_7_2026.xlsx,,13632,,1508900,,,,,,,,,,,,,,,,,,,,,,,,,,,,,,,-186,-1.35,-8450,-0.56,-11.52 Cr,103800,-84.31
TECHM,,,,,,,,,,,,,,,,,,,VOLUME_OI,VolumeAndOISpikesScans_28JUL26_Report_24_7_2026.xlsx,,1556,,14148600,,,,,,,,,,,,,,,,,,,,,,,,,,,,,,,-5.5,-0.35,140400,1,21.85 Cr,1135200,-84.72
ANGELONE,,,,,,,,,,,,,,,,,,,VOLUME_OI,VolumeAndOISpikesScans_28JUL26_Report_24_7_2026.xlsx,,305.2,,19405000,,,,,,,,,,,,,,,,,,,,,,,,,,,,,,,-1.5,-0.49,-75000,-0.39,-2.29 Cr,1540000,-84.85
AMBUJACEM,,,,,,,,,,,,,,,,,,,VOLUME_OI,VolumeAndOISpikesScans_28JUL26_Report_24_7_2026.xlsx,,418.9,,54002400,,,,,,,,,,,,,,,,,,,,,,,,,,,,,,,-4.4,-1.04,-21600,-0.04,-90.48 L,2960400,-85.0
CDSL,,,,,,,,,,,,,,,,,,,VOLUME_OI,VolumeAndOISpikesScans_28JUL26_Report_24_7_2026.xlsx,,"1,315.2",,7728725,,,,,,,,,,,,,,,,,,,,,,,,,,,,,,,-9,-0.68,-62700,-0.8,-8.25 Cr,356725,-85.5
WIPRO,,,,,,,,,,,,,,,,,,,VOLUME_OI,VolumeAndOISpikesScans_28JUL26_Report_24_7_2026.xlsx,,172.31,,191802000,,,,,,,,,,,,,,,,,,,,,,,,,,,,,,,-1.07,-0.62,-75000,-0.04,-1.29 Cr,15105000,-85.71
AMBER,,,,,,,,,,,,,,,,,,,VOLUME_OI,VolumeAndOISpikesScans_28JUL26_Report_24_7_2026.xlsx,,7322,,1054500,,,,,,,,,,,,,,,,,,,,,,,,,,,,,,,-122,-1.64,-10500,-0.99,-7.69 Cr,60400,-86.06
SENSEX,,,,,,,,,,,,,,,,,,,VOLUME_OI,VolumeAndOISpikesScans_28JUL26_Report_24_7_2026.xlsx,,75800,,39640,,,,,,,,,,,,,,,,,,,,,,,,,,,,,,,-665.55,-0.87,920,2.38,6.97 Cr,3320,-86.1
UNITDSPR,,,,,,,,,,,,,,,,,,,VOLUME_OI,VolumeAndOISpikesScans_28JUL26_Report_24_7_2026.xlsx,,"1,455.6",,5535200,,,,,,,,,,,,,,,,,,,,,,,,,,,,,,,35.9,2.53,42000,0.76,6.11 Cr,588400,-86.1
CGPOWER,,,,,,,,,,,,,,,,,,,VOLUME_OI,VolumeAndOISpikesScans_28JUL26_Report_24_7_2026.xlsx,,887,,13493750,,,,,,,,,,,,,,,,,,,,,,,,,,,,,,,4.4,0.5,-71400,-0.53,-6.33 Cr,1381250,-86.12
IEX,,,,,,,,,,,,,,,,,,,VOLUME_OI,VolumeAndOISpikesScans_28JUL26_Report_24_7_2026.xlsx,,122.32,,62022300,,,,,,,,,,,,,,,,,,,,,,,,,,,,,,,0.48,0.39,-217500,-0.35,-2.66 Cr,2305500,-86.18
NAUKRI,,,,,,,,,,,,,,,,,,,VOLUME_OI,VolumeAndOISpikesScans_28JUL26_Report_24_7_2026.xlsx,,1163,,9639850,,,,,,,,,,,,,,,,,,,,,,,,,,,,,,,-2.65,-0.23,129800,1.36,15.10 Cr,547800,-86.41
RBLBANK,,,,,,,,,,,,,,,,,,,VOLUME_OI,VolumeAndOISpikesScans_28JUL26_Report_24_7_2026.xlsx,,351.05,,35518725,,,,,,,,,,,,,,,,,,,,,,,,,,,,,,,-3.05,-0.86,-301625,-0.84,-10.59 Cr,1651000,-86.41
ABCAPITAL,,,,,,,,,,,,,,,,,,,VOLUME_OI,VolumeAndOISpikesScans_28JUL26_Report_24_7_2026.xlsx,,385.85,,24682200,,,,,,,,,,,,,,,,,,,,,,,,,,,,,,,-6.35,-1.62,133300,0.54,5.14 Cr,1670900,-86.64
DELHIVERY,,,,,,,,,,,,,,,,,,,VOLUME_OI,VolumeAndOISpikesScans_28JUL26_Report_24_7_2026.xlsx,,464,,18328475,,,,,,,,,,,,,,,,,,,,,,,,,,,,,,,-1.7,-0.37,-29050,-0.16,-1.35 Cr,786425,-86.7
RVNL,,,,,,,,,,,,,,,,,,,VOLUME_OI,VolumeAndOISpikesScans_28JUL26_Report_24_7_2026.xlsx,,223.51,,27937525,,,,,,,,,,,,,,,,,,,,,,,,,,,,,,,-1.04,-0.46,-471625,-1.66,-10.54 Cr,1289750,-86.73
DRREDDY,,,,,,,,,,,,,,,,,,,VOLUME_OI,VolumeAndOISpikesScans_28JUL26_Report_24_7_2026.xlsx,,"1,147.4",,9346250,,,,,,,,,,,,,,,,,,,,,,,,,,,,,,,-16.8,-1.44,91250,0.99,10.47 Cr,1358125,-86.76
MUTHOOTFIN,,,,,,,,,,,,,,,,,,,VOLUME_OI,VolumeAndOISpikesScans_28JUL26_Report_24_7_2026.xlsx,,"2,939.3",,5009125,,,,,,,,,,,,,,,,,,,,,,,,,,,,,,,-72.1,-2.39,57750,1.17,16.97 Cr,267850,-86.93
LAURUSLABS,,,,,,,,,,,,,,,,,,,VOLUME_OI,VolumeAndOISpikesScans_28JUL26_Report_24_7_2026.xlsx,,"1,571.3",,8495750,,,,,,,,,,,,,,,,,,,,,,,,,,,,,,,2.5,0.16,-136850,-1.59,-21.50 Cr,635800,-87.1
KEI,,,,,,,,,,,,,,,,,,,VOLUME_OI,VolumeAndOISpikesScans_28JUL26_Report_24_7_2026.xlsx,,"4,852.5",,1360625,,,,,,,,,,,,,,,,,,,,,,,,,,,,,,,-57,-1.16,-4550,-0.33,-2.21 Cr,91525,-87.19
CROMPTON,,,,,,,,,,,,,,,,,,,VOLUME_OI,VolumeAndOISpikesScans_28JUL26_Report_24_7_2026.xlsx,,243.8,,40267350,,,,,,,,,,,,,,,,,,,,,,,,,,,,,,,-6.15,-2.46,404200,1.01,9.85 Cr,1846850,-87.34
MANAPPURAM,,,,,,,,,,,,,,,,,,,VOLUME_OI,VolumeAndOISpikesScans_28JUL26_Report_24_7_2026.xlsx,,349.05,,47622000,,,,,,,,,,,,,,,,,,,,,,,,,,,,,,,-4.4,-1.24,39000,0.08,1.36 Cr,2145000,-87.37
UPL,,,,,,,,,,,,,,,,,,,VOLUME_OI,VolumeAndOISpikesScans_28JUL26_Report_24_7_2026.xlsx,,601.05,,20242345,,,,,,,,,,,,,,,,,,,,,,,,,,,,,,,-5.2,-0.86,226285,1.13,13.60 Cr,701890,-87.38
PGEL,,,,,,,,,,,,,,,,,,,VOLUME_OI,VolumeAndOISpikesScans_28JUL26_Report_24_7_2026.xlsx,,569.2,,8812200,,,,,,,,,,,,,,,,,,,,,,,,,,,,,,,-7.75,-1.34,-100700,-1.13,-5.73 Cr,499700,-87.51
INOXWIND,,,,,,,,,,,,,,,,,,,VOLUME_OI,VolumeAndOISpikesScans_28JUL26_Report_24_7_2026.xlsx,,75.31,,72275200,,,,,,,,,,,,,,,,,,,,,,,,,,,,,,,-1.04,-1.36,-729600,-1,-5.49 Cr,2777600,-87.69
KPITTECH,,,,,,,,,,,,,,,,,,,VOLUME_OI,VolumeAndOISpikesScans_28JUL26_Report_24_7_2026.xlsx,,550.25,,10357100,,,,,,,,,,,,,,,,,,,,,,,,,,,,,,,-2.35,-0.43,-186000,-1.76,-10.23 Cr,764150,-87.71
FINNIFTY,,,,,,,,,,,,,,,,,,,VOLUME_OI,VolumeAndOISpikesScans_28JUL26_Report_24_7_2026.xlsx,,25850,,26940,,,,,,,,,,,,,,,,,,,,,,,,,,,,,,,-194.6,-0.75,360,1.35,93.06 L,1140,-88.05
LICI,,,,,,,,,,,,,,,,,,,VOLUME_OI,VolumeAndOISpikesScans_28JUL26_Report_24_7_2026.xlsx,,421,,16489200,,,,,,,,,,,,,,,,,,,,,,,,,,,,,,,-1.65,-0.39,-95200,-0.57,-4.01 Cr,609000,-88.05
FORCEMOT,,,,,,,,,,,,,,,,,,,VOLUME_OI,VolumeAndOISpikesScans_28JUL26_Report_24_7_2026.xlsx,,17608,,157750,,,,,,,,,,,,,,,,,,,,,,,,,,,,,,,161,0.92,-7225,-4.38,-12.72 Cr,18800,-88.13
SRF,,,,,,,,,,,,,,,,,,,VOLUME_OI,VolumeAndOISpikesScans_28JUL26_Report_24_7_2026.xlsx,,"2,663.3",,2700600,,,,,,,,,,,,,,,,,,,,,,,,,,,,,,,36,1.37,-136800,-4.82,-36.43 Cr,384400,-88.16
NIFTY,,,,,,,,,,,,,,,,,,,VOLUME_OI,VolumeAndOISpikesScans_28JUL26_Report_24_7_2026.xlsx,,"23,699.9",,11899680,,,,,,,,,,,,,,,,,,,,,,,,,,,,,,,-173.7,-0.73,90740,0.77,215.05 Cr,618150,-88.23
TCS,,,,,,,,,,,,,,,,,,,VOLUME_OI,VolumeAndOISpikesScans_28JUL26_Report_24_7_2026.xlsx,,"2,248.2",,25778025,,,,,,,,,,,,,,,,,,,,,,,,,,,,,,,4,0.18,360900,1.42,81.14 Cr,1616625,-88.48
BEL,,,,,,,,,,,,,,,,,,,VOLUME_OI,VolumeAndOISpikesScans_28JUL26_Report_24_7_2026.xlsx,,403.85,,68425650,,,,,,,,,,,,,,,,,,,,,,,,,,,,,,,-1.05,-0.26,725325,1.07,29.29 Cr,2376900,-88.53
COFORGE,,,,,,,,,,,,,,,,,,,VOLUME_OI,VolumeAndOISpikesScans_28JUL26_Report_24_7_2026.xlsx,,"1,449.8",,12526225,,,,,,,,,,,,,,,,,,,,,,,,,,,,,,,9.2,0.64,-86450,-0.69,-12.53 Cr,791825,-88.54
JIOFIN,,,,,,,,,,,,,,,,,,,VOLUME_OI,VolumeAndOISpikesScans_28JUL26_Report_24_7_2026.xlsx,,231.77,,99722250,,,,,,,,,,,,,,,,,,,,,,,,,,,,,,,-1.28,-0.55,-707350,-0.7,-16.39 Cr,3414550,-88.59
ULTRACEMCO,,,,,,,,,,,,,,,,,,,VOLUME_OI,VolumeAndOISpikesScans_28JUL26_Report_24_7_2026.xlsx,,11744,,1113800,,,,,,,,,,,,,,,,,,,,,,,,,,,,,,,-150,-1.26,13900,1.26,16.32 Cr,76150,-88.65
PFC,,,,,,,,,,,,,,,,,,,VOLUME_OI,VolumeAndOISpikesScans_28JUL26_Report_24_7_2026.xlsx,,409.85,,41952300,,,,,,,,,,,,,,,,,,,,,,,,,,,,,,,-0.25,-0.06,-66300,-0.16,-2.72 Cr,1138800,-88.74
MARUTI,,,,,,,,,,,,,,,,,,,VOLUME_OI,VolumeAndOISpikesScans_28JUL26_Report_24_7_2026.xlsx,,13226,,1626100,,,,,,,,,,,,,,,,,,,,,,,,,,,,,,,-157,-1.17,5800,0.36,7.67 Cr,67450,-88.77
WAAREEENER,,,,,,,,,,,,,,,,,,,VOLUME_OI,VolumeAndOISpikesScans_28JUL26_Report_24_7_2026.xlsx,,"2,690.5",,4897900,,,,,,,,,,,,,,,,,,,,,,,,,,,,,,,-26.4,-0.97,-56525,-1.14,-15.21 Cr,295750,-88.78
YESBANK,,,,,,,,,,,,,,,,,,,VOLUME_OI,VolumeAndOISpikesScans_28JUL26_Report_24_7_2026.xlsx,,22.77,,899101000,,,,,,,,,,,,,,,,,,,,,,,,,,,,,,,-0.14,-0.61,3234400,0.36,7.36 Cr,22951800,-88.82
PIIND,,,,,,,,,,,,,,,,,,,VOLUME_OI,VolumeAndOISpikesScans_28JUL26_Report_24_7_2026.xlsx,,"2,733.5",,2259425,,,,,,,,,,,,,,,,,,,,,,,,,,,,,,,14.2,0.52,875,0.04,23.92 L,109550,-88.92
BLUESTARCO,,,,,,,,,,,,,,,,,,,VOLUME_OI,VolumeAndOISpikesScans_28JUL26_Report_24_7_2026.xlsx,,"1,614.5",,2081625,,,,,,,,,,,,,,,,,,,,,,,,,,,,,,,-24.6,-1.5,4875,0.23,78.71 L,120900,-89.11
HINDZINC,,,,,,,,,,,,,,,,,,,VOLUME_OI,VolumeAndOISpikesScans_28JUL26_Report_24_7_2026.xlsx,,525.7,,21780500,,,,,,,,,,,,,,,,,,,,,,,,,,,,,,,-5.75,-1.08,-15925,-0.07,-83.72 L,656600,-89.16
POLICYBZR,,,,,,,,,,,,,,,,,,,VOLUME_OI,VolumeAndOISpikesScans_28JUL26_Report_24_7_2026.xlsx,,"1,512.3",,8927450,,,,,,,,,,,,,,,,,,,,,,,,,,,,,,,-16.4,-1.07,-1050,-0.01,-15.88 L,255150,-89.19
GODFRYPHLP,,,,,,,,,,,,,,,,,,,VOLUME_OI,VolumeAndOISpikesScans_28JUL26_Report_24_7_2026.xlsx,,"2,039.8",,1295800,,,,,,,,,,,,,,,,,,,,,,,,,,,,,,,-5,-0.24,-17875,-1.36,-3.65 Cr,70675,-89.2
HAVELLS,,,,,,,,,,,,,,,,,,,VOLUME_OI,VolumeAndOISpikesScans_28JUL26_Report_24_7_2026.xlsx,,"1,209.2",,6654000,,,,,,,,,,,,,,,,,,,,,,,,,,,,,,,0.6,0.05,63500,0.96,7.68 Cr,309500,-89.24
LUPIN,,,,,,,,,,,,,,,,,,,VOLUME_OI,VolumeAndOISpikesScans_28JUL26_Report_24_7_2026.xlsx,,"2,383.5",,3680075,,,,,,,,,,,,,,,,,,,,,,,,,,,,,,,-16.1,-0.67,51850,1.43,12.36 Cr,247775,-89.28
MIDCPNIFTY,,,,,,,,,,,,,,,,,,,VOLUME_OI,VolumeAndOISpikesScans_28JUL26_Report_24_7_2026.xlsx,,14305.55,,1501680,,,,,,,,,,,,,,,,,,,,,,,,,,,,,,,-117.35,-0.81,14880,1,21.29 Cr,92160,-89.31
TIINDIA,,,,,,,,,,,,,,,,,,,VOLUME_OI,VolumeAndOISpikesScans_28JUL26_Report_24_7_2026.xlsx,,"2,824.7",,1381600,,,,,,,,,,,,,,,,,,,,,,,,,,,,,,,-9.2,-0.32,-6000,-0.43,-1.69 Cr,83000,-89.31
TMPV,,,,,,,,,,,,,,,,,,,VOLUME_OI,VolumeAndOISpikesScans_28JUL26_Report_24_7_2026.xlsx,,319.75,,66369600,,,,,,,,,,,,,,,,,,,,,,,,,,,,,,,-4.9,-1.51,-97600,-0.15,-3.12 Cr,2163200,-89.33
CHOLAFIN,,,,,,,,,,,,,,,,,,,VOLUME_OI,VolumeAndOISpikesScans_28JUL26_Report_24_7_2026.xlsx,,"1,667.8",,9152500,,,,,,,,,,,,,,,,,,,,,,,,,,,,,,,-48.8,-2.84,94375,1.04,15.74 Cr,520625,-89.35
BANDHANBNK,,,,,,,,,,,,,,,,,,,VOLUME_OI,VolumeAndOISpikesScans_28JUL26_Report_24_7_2026.xlsx,,163.79,,53434800,,,,,,,,,,,,,,,,,,,,,,,,,,,,,,,-2.4,-1.44,223200,0.42,3.66 Cr,3207600,-89.5
NESTLEIND,,,,,,,,,,,,,,,,,,,VOLUME_OI,VolumeAndOISpikesScans_28JUL26_Report_24_7_2026.xlsx,,"1,460.2",,8569500,,,,,,,,,,,,,,,,,,,,,,,,,,,,,,,11.1,0.77,14000,0.16,2.04 Cr,372000,-89.53
PRESTIGE,,,,,,,,,,,,,,,,,,,VOLUME_OI,VolumeAndOISpikesScans_28JUL26_Report_24_7_2026.xlsx,,1599,,3258000,,,,,,,,,,,,,,,,,,,,,,,,,,,,,,,-22.3,-1.38,2250,0.07,35.98 L,205650,-90.08
BSE,,,,,,,,,,,,,,,,,,,VOLUME_OI,VolumeAndOISpikesScans_28JUL26_Report_24_7_2026.xlsx,,"3,539.9",,6492800,,,,,,,,,,,,,,,,,,,,,,,,,,,,,,,-35.9,-1,3200,0.05,1.13 Cr,183400,-90.11
MANKIND,,,,,,,,,,,,,,,,,,,VOLUME_OI,VolumeAndOISpikesScans_28JUL26_Report_24_7_2026.xlsx,,"2,549.9",,2129000,,,,,,,,,,,,,,,,,,,,,,,,,,,,,,,-5.3,-0.21,-14750,-0.69,-3.76 Cr,97250,-90.16
GMRAIRPORT,,,,,,,,,,,,,,,,,,,VOLUME_OI,VolumeAndOISpikesScans_28JUL26_Report_24_7_2026.xlsx,,106.28,,92042100,,,,,,,,,,,,,,,,,,,,,,,,,,,,,,,-1.32,-1.23,495225,0.54,5.26 Cr,3285225,-90.2
PHOENIXLTD,,,,,,,,,,,,,,,,,,,VOLUME_OI,VolumeAndOISpikesScans_28JUL26_Report_24_7_2026.xlsx,,"1,990.6",,2282700,,,,,,,,,,,,,,,,,,,,,,,,,,,,,,,-50.6,-2.48,5950,0.26,1.18 Cr,101850,-90.31
IDEA,,,,,,,,,,,,,,,,,,,VOLUME_OI,VolumeAndOISpikesScans_28JUL26_Report_24_7_2026.xlsx,,12.99,,3578324400,,,,,,,,,,,,,,,,,,,,,,,,,,,,,,,-0.25,-1.89,20013000,0.56,26.00 Cr,138590025,-90.53
MCX,,,,,,,,,,,,,,,,,,,VOLUME_OI,VolumeAndOISpikesScans_28JUL26_Report_24_7_2026.xlsx,,2746,,6180075,,,,,,,,,,,,,,,,,,,,,,,,,,,,,,,-8.9,-0.32,22275,0.36,6.12 Cr,193950,-90.59
ADANIPORTS,,,,,,,,,,,,,,,,,,,VOLUME_OI,VolumeAndOISpikesScans_28JUL26_Report_24_7_2026.xlsx,,"1,778.7",,12135775,,,,,,,,,,,,,,,,,,,,,,,,,,,,,,,-2.2,-0.12,229425,1.93,40.81 Cr,559075,-90.68
POLYCAB,,,,,,,,,,,,,,,,,,,VOLUME_OI,VolumeAndOISpikesScans_28JUL26_Report_24_7_2026.xlsx,,"8,927.5",,1788750,,,,,,,,,,,,,,,,,,,,,,,,,,,,,,,-41.5,-0.46,-10000,-0.56,-8.93 Cr,100375,-90.77
ABB,,,,,,,,,,,,,,,,,,,VOLUME_OI,VolumeAndOISpikesScans_28JUL26_Report_24_7_2026.xlsx,,"7,477.5",,1804250,,,,,,,,,,,,,,,,,,,,,,,,,,,,,,,-67.5,-0.89,-14625,-0.8,-10.94 Cr,73125,-90.84
SHRIRAMFIN,,,,,,,,,,,,,,,,,,,VOLUME_OI,VolumeAndOISpikesScans_28JUL26_Report_24_7_2026.xlsx,,"1,003.3",,16850625,,,,,,,,,,,,,,,,,,,,,,,,,,,,,,,-24.4,-2.37,-77550,-0.46,-7.78 Cr,890175,-90.87
GLENMARK,,,,,,,,,,,,,,,,,,,VOLUME_OI,VolumeAndOISpikesScans_28JUL26_Report_24_7_2026.xlsx,,2197,,8698875,,,,,,,,,,,,,,,,,,,,,,,,,,,,,,,-10.2,-0.46,31500,0.36,6.92 Cr,254625,-91.04
ADANIPOWER,,,,,,,,,,,,,,,,,,,VOLUME_OI,VolumeAndOISpikesScans_28JUL26_Report_24_7_2026.xlsx,,213.03,,107991000,,,,,,,,,,,,,,,,,,,,,,,,,,,,,,,0.71,0.33,202350,0.19,4.31 Cr,4231600,-91.05
PAYTM,,,,,,,,,,,,,,,,,,,VOLUME_OI,VolumeAndOISpikesScans_28JUL26_Report_24_7_2026.xlsx,,1256,,17548625,,,,,,,,,,,,,,,,,,,,,,,,,,,,,,,-2.4,-0.19,-39150,-0.22,-4.92 Cr,522000,-91.15
IREDA,,,,,,,,,,,,,,,,,,,VOLUME_OI,VolumeAndOISpikesScans_28JUL26_Report_24_7_2026.xlsx,,118.3,,45096150,,,,,,,,,,,,,,,,,,,,,,,,,,,,,,,-1.18,-0.99,-687800,-1.5,-8.14 Cr,1986475,-91.23
ASHOKLEY,,,,,,,,,,,,,,,,,,,VOLUME_OI,VolumeAndOISpikesScans_28JUL26_Report_24_7_2026.xlsx,,148.7,,110860000,,,,,,,,,,,,,,,,,,,,,,,,,,,,,,,-2.16,-1.43,320000,0.29,4.76 Cr,3505000,-91.24
ICICIBANK,,,,,,,,,,,,,,,,,,,VOLUME_OI,VolumeAndOISpikesScans_28JUL26_Report_24_7_2026.xlsx,,"1,424.3",,70886900,,,,,,,,,,,,,,,,,,,,,,,,,,,,,,,-10.1,-0.7,457800,0.65,65.20 Cr,2219700,-91.29
APLAPOLLO,,,,,,,,,,,,,,,,,,,VOLUME_OI,VolumeAndOISpikesScans_28JUL26_Report_24_7_2026.xlsx,,"1,812.7",,4383050,,,,,,,,,,,,,,,,,,,,,,,,,,,,,,,-18.1,-0.99,4200,0.1,76.13 L,135100,-91.38
ADANIGREEN,,,,,,,,,,,,,,,,,,,VOLUME_OI,VolumeAndOISpikesScans_28JUL26_Report_24_7_2026.xlsx,,"1,382.6",,16558200,,,,,,,,,,,,,,,,,,,,,,,,,,,,,,,4.4,0.32,-124200,-0.74,-17.17 Cr,844200,-91.39
VOLTAS,,,,,,,,,,,,,,,,,,,VOLUME_OI,VolumeAndOISpikesScans_28JUL26_Report_24_7_2026.xlsx,,"1,300.8",,6257625,,,,,,,,,,,,,,,,,,,,,,,,,,,,,,,-11.5,-0.88,24000,0.39,3.12 Cr,212625,-91.47
JINDALSTEL,,,,,,,,,,,,,,,,,,,VOLUME_OI,VolumeAndOISpikesScans_28JUL26_Report_24_7_2026.xlsx,,"1,034.2",,9040625,,,,,,,,,,,,,,,,,,,,,,,,,,,,,,,-9.1,-0.87,7500,0.08,77.56 L,288125,-91.51
BHARTIARTL,,,,,,,,,,,,,,,,,,,VOLUME_OI,VolumeAndOISpikesScans_28JUL26_Report_24_7_2026.xlsx,,"1,890.4",,19607050,,,,,,,,,,,,,,,,,,,,,,,,,,,,,,,-20.3,-1.06,14250,0.07,2.69 Cr,1124325,-91.54
GODREJPROP,,,,,,,,,,,,,,,,,,,VOLUME_OI,VolumeAndOISpikesScans_28JUL26_Report_24_7_2026.xlsx,,2000,,5447975,,,,,,,,,,,,,,,,,,,,,,,,,,,,,,,-35.3,-1.73,8450,0.16,1.69 Cr,191100,-91.56
SOLARINDS,,,,,,,,,,,,,,,,,,,VOLUME_OI,VolumeAndOISpikesScans_28JUL26_Report_24_7_2026.xlsx,,18489,,552950,,,,,,,,,,,,,,,,,,,,,,,,,,,,,,,-112,-0.6,1150,0.21,2.13 Cr,17700,-91.56
CONCOR,,,,,,,,,,,,,,,,,,,VOLUME_OI,VolumeAndOISpikesScans_28JUL26_Report_24_7_2026.xlsx,,477.35,,13893750,,,,,,,,,,,,,,,,,,,,,,,,,,,,,,,-3.2,-0.67,-8750,-0.06,-41.77 L,307500,-91.59
BANKBARODA,,,,,,,,,,,,,,,,,,,VOLUME_OI,VolumeAndOISpikesScans_28JUL26_Report_24_7_2026.xlsx,,241.45,,78679575,,,,,,,,,,,,,,,,,,,,,,,,,,,,,,,-1.75,-0.72,61425,0.08,1.48 Cr,2749500,-91.7
VBL,,,,,,,,,,,,,,,,,,,VOLUME_OI,VolumeAndOISpikesScans_28JUL26_Report_24_7_2026.xlsx,,453.25,,36748050,,,,,,,,,,,,,,,,,,,,,,,,,,,,,,,-5.4,-1.18,-54825,-0.15,-2.48 Cr,1118175,-91.75
AUROPHARMA,,,,,,,,,,,,,,,,,,,VOLUME_OI,VolumeAndOISpikesScans_28JUL26_Report_24_7_2026.xlsx,,1542,,6129200,,,,,,,,,,,,,,,,,,,,,,,,,,,,,,,18,1.18,-69300,-1.12,-10.69 Cr,225500,-91.79
GVT&D,,,,,,,,,,,,,,,,,,,VOLUME_OI,VolumeAndOISpikesScans_28JUL26_Report_24_7_2026.xlsx,,"4,319.5",,1438625,,,,,,,,,,,,,,,,,,,,,,,,,,,,,,,-10.7,-0.25,-5000,-0.35,-2.16 Cr,52125,-91.81
LTM,,,,,,,,,,,,,,,,,,,VOLUME_OI,VolumeAndOISpikesScans_28JUL26_Report_24_7_2026.xlsx,,"3,959.4",,2385900,,,,,,,,,,,,,,,,,,,,,,,,,,,,,,,-13.4,-0.34,21450,0.91,8.49 Cr,114600,-91.86
MOTHERSON,,,,,,,,,,,,,,,,,,,VOLUME_OI,VolumeAndOISpikesScans_28JUL26_Report_24_7_2026.xlsx,,143.62,,109396200,,,,,,,,,,,,,,,,,,,,,,,,,,,,,,,-2.12,-1.45,-479700,-0.44,-6.89 Cr,3923700,-91.86
SHREECEM,,,,,,,,,,,,,,,,,,,VOLUME_OI,VolumeAndOISpikesScans_28JUL26_Report_24_7_2026.xlsx,,26635,,223300,,,,,,,,,,,,,,,,,,,,,,,,,,,,,,,-135,-0.5,-350,-0.16,-93.22 L,13825,-91.93
COLPAL,,,,,,,,,,,,,,,,,,,VOLUME_OI,VolumeAndOISpikesScans_28JUL26_Report_24_7_2026.xlsx,,"2,101.9",,3527975,,,,,,,,,,,,,,,,,,,,,,,,,,,,,,,8.1,0.39,28875,0.83,6.07 Cr,101750,-91.94
OIL,,,,,,,,,,,,,,,,,,,VOLUME_OI,VolumeAndOISpikesScans_28JUL26_Report_24_7_2026.xlsx,,457.8,,11527600,,,,,,,,,,,,,,,,,,,,,,,,,,,,,,,-2.15,-0.47,84000,0.73,3.85 Cr,789600,-91.96
SUZLON,,,,,,,,,,,,,,,,,,,VOLUME_OI,VolumeAndOISpikesScans_28JUL26_Report_24_7_2026.xlsx,,52.17,,252907800,,,,,,,,,,,,,,,,,,,,,,,,,,,,,,,-0.34,-0.65,-2120900,-0.83,-11.06 Cr,13055600,-91.99
VEDL,,,,,,,,,,,,,,,,,,,VOLUME_OI,VolumeAndOISpikesScans_28JUL26_Report_24_7_2026.xlsx,,261.7,,50608050,,,,,,,,,,,,,,,,,,,,,,,,,,,,,,,-3.35,-1.26,-205850,-0.41,-5.39 Cr,979800,-92.02
SBICARD,,,,,,,,,,,,,,,,,,,VOLUME_OI,VolumeAndOISpikesScans_28JUL26_Report_24_7_2026.xlsx,,618,,14700800,,,,,,,,,,,,,,,,,,,,,,,,,,,,,,,-4.6,-0.74,106400,0.73,6.58 Cr,831200,-92.05
HAL,,,,,,,,,,,,,,,,,,,VOLUME_OI,VolumeAndOISpikesScans_28JUL26_Report_24_7_2026.xlsx,,4549,,3314550,,,,,,,,,,,,,,,,,,,,,,,,,,,,,,,-36.3,-0.79,-2550,-0.08,-1.16 Cr,85350,-92.08
TORNTPHARM,,,,,,,,,,,,,,,,,,,VOLUME_OI,VolumeAndOISpikesScans_28JUL26_Report_24_7_2026.xlsx,,"5,023.3",,2486875,,,,,,,,,,,,,,,,,,,,,,,,,,,,,,,-7,-0.14,5875,0.24,2.95 Cr,119125,-92.1
CIPLA,,,,,,,,,,,,,,,,,,,VOLUME_OI,VolumeAndOISpikesScans_28JUL26_Report_24_7_2026.xlsx,,"1,429.5",,6542025,,,,,,,,,,,,,,,,,,,,,,,,,,,,,,,37.5,2.69,133450,2.08,19.08 Cr,731000,-92.17
RELIANCE,,,,,,,,,,,,,,,,,,,VOLUME_OI,VolumeAndOISpikesScans_28JUL26_Report_24_7_2026.xlsx,,"1,265.8",,71013000,,,,,,,,,,,,,,,,,,,,,,,,,,,,,,,-7.9,-0.62,256500,0.36,32.47 Cr,1666000,-92.18
ETERNAL,,,,,,,,,,,,,,,,,,,VOLUME_OI,VolumeAndOISpikesScans_28JUL26_Report_24_7_2026.xlsx,,280.9,,94669575,,,,,,,,,,,,,,,,,,,,,,,,,,,,,,,-6.65,-2.31,453475,0.48,12.74 Cr,5480500,-92.21
BAJFINANCE,,,,,,,,,,,,,,,,,,,VOLUME_OI,VolumeAndOISpikesScans_28JUL26_Report_24_7_2026.xlsx,,"1,026.2",,48442500,,,,,,,,,,,,,,,,,,,,,,,,,,,,,,,-14.4,-1.38,365250,0.76,37.48 Cr,1288500,-92.26
TATAPOWER,,,,,,,,,,,,,,,,,,,VOLUME_OI,VolumeAndOISpikesScans_28JUL26_Report_24_7_2026.xlsx,,373.95,,46324600,,,,,,,,,,,,,,,,,,,,,,,,,,,,,,,-2.05,-0.55,-85550,-0.18,-3.20 Cr,696000,-92.3
IRFC,,,,,,,,,,,,,,,,,,,VOLUME_OI,VolumeAndOISpikesScans_28JUL26_Report_24_7_2026.xlsx,,86.42,,59951675,,,,,,,,,,,,,,,,,,,,,,,,,,,,,,,-0.6,-0.69,-802900,-1.32,-6.94 Cr,2663675,-92.31
ADANIENT,,,,,,,,,,,,,,,,,,,VOLUME_OI,VolumeAndOISpikesScans_28JUL26_Report_24_7_2026.xlsx,,"3,022.4",,11288079,,,,,,,,,,,,,,,,,,,,,,,,,,,,,,,9.3,0.31,28428,0.25,8.59 Cr,447432,-92.35
TRENT,,,,,,,,,,,,,,,,,,,VOLUME_OI,VolumeAndOISpikesScans_28JUL26_Report_24_7_2026.xlsx,,"2,850.7",,7065225,,,,,,,,,,,,,,,,,,,,,,,,,,,,,,,-24.7,-0.86,117900,1.7,33.61 Cr,410850,-92.36
TATACONSUM,,,,,,,,,,,,,,,,,,,VOLUME_OI,VolumeAndOISpikesScans_28JUL26_Report_24_7_2026.xlsx,,"1,115.6",,10004500,,,,,,,,,,,,,,,,,,,,,,,,,,,,,,,7.9,0.71,75350,0.76,8.41 Cr,457050,-92.38
IOC,,,,,,,,,,,,,,,,,,,VOLUME_OI,VolumeAndOISpikesScans_28JUL26_Report_24_7_2026.xlsx,,137.8,,90631125,,,,,,,,,,,,,,,,,,,,,,,,,,,,,,,-2.27,-1.62,277875,0.31,3.83 Cr,3661125,-92.4
HINDPETRO,,,,,,,,,,,,,,,,,,,VOLUME_OI,VolumeAndOISpikesScans_28JUL26_Report_24_7_2026.xlsx,,378.75,,27211950,,,,,,,,,,,,,,,,,,,,,,,,,,,,,,,-5.9,-1.53,-247050,-0.9,-9.36 Cr,1356750,-92.42
UNIONBANK,,,,,,,,,,,,,,,,,,,VOLUME_OI,VolumeAndOISpikesScans_28JUL26_Report_24_7_2026.xlsx,,168.03,,89247825,,,,,,,,,,,,,,,,,,,,,,,,,,,,,,,-0.4,-0.24,243375,0.27,4.09 Cr,2805450,-92.42
ICICIPRULI,,,,,,,,,,,,,,,,,,,VOLUME_OI,VolumeAndOISpikesScans_28JUL26_Report_24_7_2026.xlsx,,498.35,,12922250,,,,,,,,,,,,,,,,,,,,,,,,,,,,,,,-2.5,-0.5,-15725,-0.12,-78.37 L,441225,-92.49
PAGEIND,,,,,,,,,,,,,,,,,,,VOLUME_OI,VolumeAndOISpikesScans_28JUL26_Report_24_7_2026.xlsx,,40025,,216020,,,,,,,,,,,,,,,,,,,,,,,,,,,,,,,-230,-0.57,2520,1.18,10.09 Cr,8060,-92.53
ASTRAL,,,,,,,,,,,,,,,,,,,VOLUME_OI,VolumeAndOISpikesScans_28JUL26_Report_24_7_2026.xlsx,,1410,,5431075,,,,,,,,,,,,,,,,,,,,,,,,,,,,,,,-2.4,-0.17,-50150,-0.91,-7.07 Cr,240975,-92.54
BAJAJHLDNG,,,,,,,,,,,,,,,,,,,VOLUME_OI,VolumeAndOISpikesScans_28JUL26_Report_24_7_2026.xlsx,,10739,,196200,,,,,,,,,,,,,,,,,,,,,,,,,,,,,,,77,0.72,-150,-0.08,-16.11 L,8775,-92.54
RADICO,,,,,,,,,,,,,,,,,,,VOLUME_OI,VolumeAndOISpikesScans_28JUL26_Report_24_7_2026.xlsx,,"4,077.7",,472650,,,,,,,,,,,,,,,,,,,,,,,,,,,,,,,22.1,0.54,-2400,-0.51,-97.86 L,14100,-92.56
SBIN,,,,,,,,,,,,,,,,,,,VOLUME_OI,VolumeAndOISpikesScans_28JUL26_Report_24_7_2026.xlsx,,1008,,42166500,,,,,,,,,,,,,,,,,,,,,,,,,,,,,,,-6.2,-0.61,90750,0.22,9.15 Cr,1046250,-92.56
EICHERMOT,,,,,,,,,,,,,,,,,,,VOLUME_OI,VolumeAndOISpikesScans_28JUL26_Report_24_7_2026.xlsx,,"7,606.5",,2291700,,,,,,,,,,,,,,,,,,,,,,,,,,,,,,,-113.5,-1.47,39500,1.75,30.05 Cr,114300,-92.59
SUPREMEIND,,,,,,,,,,,,,,,,,,,VOLUME_OI,VolumeAndOISpikesScans_28JUL26_Report_24_7_2026.xlsx,,3405,,1269450,,,,,,,,,,,,,,,,,,,,,,,,,,,,,,,-15.5,-0.45,-7875,-0.62,-2.68 Cr,61250,-92.6
BAJAJ-AUTO,,,,,,,,,,,,,,,,,,,VOLUME_OI,VolumeAndOISpikesScans_28JUL26_Report_24_7_2026.xlsx,,"11,207.5",,1666650,,,,,,,,,,,,,,,,,,,,,,,,,,,,,,,-67,-0.59,2550,0.15,2.86 Cr,77025,-92.64
PERSISTENT,,,,,,,,,,,,,,,,,,,VOLUME_OI,VolumeAndOISpikesScans_28JUL26_Report_24_7_2026.xlsx,,5061,,3039750,,,,,,,,,,,,,,,,,,,,,,,,,,,,,,,56.1,1.12,13500,0.45,6.83 Cr,150875,-92.7
AUBANK,,,,,,,,,,,,,,,,,,,VOLUME_OI,VolumeAndOISpikesScans_28JUL26_Report_24_7_2026.xlsx,,971.2,,15183000,,,,,,,,,,,,,,,,,,,,,,,,,,,,,,,-6.2,-0.63,50000,0.33,4.86 Cr,513000,-92.77
VMM,,,,,,,,,,,,,,,,,,,VOLUME_OI,VolumeAndOISpikesScans_28JUL26_Report_24_7_2026.xlsx,,107.75,,24735000,,,,,,,,,,,,,,,,,,,,,,,,,,,,,,,-2.2,-2,-455900,-1.81,-4.91 Cr,2652950,-92.81
HEROMOTOCO,,,,,,,,,,,,,,,,,,,VOLUME_OI,VolumeAndOISpikesScans_28JUL26_Report_24_7_2026.xlsx,,"5,035.1",,3358050,,,,,,,,,,,,,,,,,,,,,,,,,,,,,,,-66.6,-1.31,3750,0.11,1.89 Cr,205950,-92.83
COCHINSHIP,,,,,,,,,,,,,,,,,,,VOLUME_OI,VolumeAndOISpikesScans_28JUL26_Report_24_7_2026.xlsx,,"1,388.5",,4947200,,,,,,,,,,,,,,,,,,,,,,,,,,,,,,,-6.7,-0.48,-75600,-1.51,-10.50 Cr,172000,-92.88
TITAN,,,,,,,,,,,,,,,,,,,VOLUME_OI,VolumeAndOISpikesScans_28JUL26_Report_24_7_2026.xlsx,,"4,666.4",,3701775,,,,,,,,,,,,,,,,,,,,,,,,,,,,,,,-26.5,-0.56,14000,0.38,6.53 Cr,104825,-92.88
HDFCLIFE,,,,,,,,,,,,,,,,,,,VOLUME_OI,VolumeAndOISpikesScans_28JUL26_Report_24_7_2026.xlsx,,551.9,,29423900,,,,,,,,,,,,,,,,,,,,,,,,,,,,,,,0.05,0.01,341000,1.17,18.82 Cr,831600,-92.9
BHEL,,,,,,,,,,,,,,,,,,,VOLUME_OI,VolumeAndOISpikesScans_28JUL26_Report_24_7_2026.xlsx,,405.95,,51282000,,,,,,,,,,,,,,,,,,,,,,,,,,,,,,,-3.7,-0.9,86625,0.17,3.52 Cr,1924125,-92.92
ASIANPAINT,,,,,,,,,,,,,,,,,,,VOLUME_OI,VolumeAndOISpikesScans_28JUL26_Report_24_7_2026.xlsx,,"2,646.6",,5261750,,,,,,,,,,,,,,,,,,,,,,,,,,,,,,,-25.7,-0.96,9750,0.19,2.58 Cr,134250,-92.95
NTPC,,,,,,,,,,,,,,,,,,,VOLUME_OI,VolumeAndOISpikesScans_28JUL26_Report_24_7_2026.xlsx,,346.45,,94143000,,,,,,,,,,,,,,,,,,,,,,,,,,,,,,,-2,-0.57,61500,0.07,2.13 Cr,1815000,-92.98
ADANIENSOL,,,,,,,,,,,,,,,,,,,VOLUME_OI,VolumeAndOISpikesScans_28JUL26_Report_24_7_2026.xlsx,,"1,697.3",,13433850,,,,,,,,,,,,,,,,,,,,,,,,,,,,,,,13.4,0.8,-101250,-0.75,-17.19 Cr,564975,-93.09
INDIANB,,,,,,,,,,,,,,,,,,,VOLUME_OI,VolumeAndOISpikesScans_28JUL26_Report_24_7_2026.xlsx,,818.8,,12830000,,,,,,,,,,,,,,,,,,,,,,,,,,,,,,,-7.3,-0.88,16000,0.12,1.31 Cr,362000,-93.09
TATASTEEL,,,,,,,,,,,,,,,,,,,VOLUME_OI,VolumeAndOISpikesScans_28JUL26_Report_24_7_2026.xlsx,,182.02,,114653000,,,,,,,,,,,,,,,,,,,,,,,,,,,,,,,-2.34,-1.27,-33000,-0.03,-60.07 L,3033250,-93.11
PNB,,,,,,,,,,,,,,,,,,,VOLUME_OI,VolumeAndOISpikesScans_28JUL26_Report_24_7_2026.xlsx,,109.45,,174096000,,,,,,,,,,,,,,,,,,,,,,,,,,,,,,,-0.65,-0.59,592000,0.34,6.48 Cr,5816000,-93.12
DMART,,,,,,,,,,,,,,,,,,,VOLUME_OI,VolumeAndOISpikesScans_28JUL26_Report_24_7_2026.xlsx,,"4,072.7",,3204450,,,,,,,,,,,,,,,,,,,,,,,,,,,,,,,23.4,0.58,0,0,-,162750,-93.18
JUBLFOOD,,,,,,,,,,,,,,,,,,,VOLUME_OI,VolumeAndOISpikesScans_28JUL26_Report_24_7_2026.xlsx,,412.5,,13425000,,,,,,,,,,,,,,,,,,,,,,,,,,,,,,,-1.1,-0.27,-71250,-0.53,-2.94 Cr,455000,-93.22
DABUR,,,,,,,,,,,,,,,,,,,VOLUME_OI,VolumeAndOISpikesScans_28JUL26_Report_24_7_2026.xlsx,,421.3,,20313750,,,,,,,,,,,,,,,,,,,,,,,,,,,,,,,-1.45,-0.34,177500,0.88,7.48 Cr,601250,-93.24
KOTAKBANK,,,,,,,,,,,,,,,,,,,VOLUME_OI,VolumeAndOISpikesScans_28JUL26_Report_24_7_2026.xlsx,,382.75,,102640000,,,,,,,,,,,,,,,,,,,,,,,,,,,,,,,-1.2,-0.31,1318000,1.3,50.45 Cr,2768000,-93.29
POWERGRID,,,,,,,,,,,,,,,,,,,VOLUME_OI,VolumeAndOISpikesScans_28JUL26_Report_24_7_2026.xlsx,,289,,39466800,,,,,,,,,,,,,,,,,,,,,,,,,,,,,,,-0.5,-0.17,26600,0.07,76.87 L,999400,-93.3
IDFCFIRSTB,,,,,,,,,,,,,,,,,,,VOLUME_OI,VolumeAndOISpikesScans_28JUL26_Report_24_7_2026.xlsx,,79.19,,233321900,,,,,,,,,,,,,,,,,,,,,,,,,,,,,,,-0.71,-0.89,-408100,-0.17,-3.23 Cr,6650175,-93.36
POWERINDIA,,,,,,,,,,,,,,,,,,,VOLUME_OI,VolumeAndOISpikesScans_28JUL26_Report_24_7_2026.xlsx,,32255,,375250,,,,,,,,,,,,,,,,,,,,,,,,,,,,,,,140,0.44,975,0.26,3.14 Cr,10100,-93.37
PATANJALI,,,,,,,,,,,,,,,,,,,VOLUME_OI,VolumeAndOISpikesScans_28JUL26_Report_24_7_2026.xlsx,,335.7,,21942900,,,,,,,,,,,,,,,,,,,,,,,,,,,,,,,-1.85,-0.55,-298850,-1.34,-10.03 Cr,834200,-93.43
JSWENERGY,,,,,,,,,,,,,,,,,,,VOLUME_OI,VolumeAndOISpikesScans_28JUL26_Report_24_7_2026.xlsx,,550.7,,14394250,,,,,,,,,,,,,,,,,,,,,,,,,,,,,,,-8.75,-1.56,-37625,-0.26,-2.07 Cr,733150,-93.47
TVSMOTOR,,,,,,,,,,,,,,,,,,,VOLUME_OI,VolumeAndOISpikesScans_28JUL26_Report_24_7_2026.xlsx,,"3,879.8",,7434175,,,,,,,,,,,,,,,,,,,,,,,,,,,,,,,-34.9,-0.89,90825,1.24,35.24 Cr,345450,-93.48
NIFTYNXT50,,,,,,,,,,,,,,,,,,,VOLUME_OI,VolumeAndOISpikesScans_28JUL26_Report_24_7_2026.xlsx,,"71,317.2",,11450,,,,,,,,,,,,,,,,,,,,,,,,,,,,,,,-504.6,-0.7,-100,-0.87,-71.32 L,650,-93.56
GAIL,,,,,,,,,,,,,,,,,,,VOLUME_OI,VolumeAndOISpikesScans_28JUL26_Report_24_7_2026.xlsx,,170.99,,47317950,,,,,,,,,,,,,,,,,,,,,,,,,,,,,,,-0.83,-0.48,362100,0.77,6.19 Cr,1806950,-93.57
BHARATFORG,,,,,,,,,,,,,,,,,,,VOLUME_OI,VolumeAndOISpikesScans_28JUL26_Report_24_7_2026.xlsx,,"2,155.9",,4977000,,,,,,,,,,,,,,,,,,,,,,,,,,,,,,,-25.7,-1.18,3500,0.07,75.46 L,206000,-93.61
SIEMENS,,,,,,,,,,,,,,,,,,,VOLUME_OI,VolumeAndOISpikesScans_28JUL26_Report_24_7_2026.xlsx,,"3,638.2",,2530850,,,,,,,,,,,,,,,,,,,,,,,,,,,,,,,-36.7,-1,7700,0.31,2.80 Cr,97475,-93.61
MAXHEALTH,,,,,,,,,,,,,,,,,,,VOLUME_OI,VolumeAndOISpikesScans_28JUL26_Report_24_7_2026.xlsx,,"1,076.8",,6468525,,,,,,,,,,,,,,,,,,,,,,,,,,,,,,,-6.9,-0.64,32550,0.51,3.50 Cr,265125,-93.69
ZYDUSLIFE,,,,,,,,,,,,,,,,,,,VOLUME_OI,VolumeAndOISpikesScans_28JUL26_Report_24_7_2026.xlsx,,"1,115.6",,6127200,,,,,,,,,,,,,,,,,,,,,,,,,,,,,,,1.3,0.12,-3600,-0.06,-40.16 L,219600,-93.76
HYUNDAI,,,,,,,,,,,,,,,,,,,VOLUME_OI,VolumeAndOISpikesScans_28JUL26_Report_24_7_2026.xlsx,,"1,942.8",,3602500,,,,,,,,,,,,,,,,,,,,,,,,,,,,,,,-17.8,-0.91,-15125,-0.42,-2.94 Cr,110825,-93.78
M&M,,,,,,,,,,,,,,,,,,,VOLUME_OI,VolumeAndOISpikesScans_28JUL26_Report_24_7_2026.xlsx,,"3,182.1",,10007600,,,,,,,,,,,,,,,,,,,,,,,,,,,,,,,-42.7,-1.32,53000,0.53,16.87 Cr,352200,-93.8
UNOMINDA,,,,,,,,,,,,,,,,,,,VOLUME_OI,VolumeAndOISpikesScans_28JUL26_Report_24_7_2026.xlsx,,"1,110.1",,2912800,,,,,,,,,,,,,,,,,,,,,,,,,,,,,,,-20.5,-1.81,17600,0.61,1.95 Cr,126500,-93.94
BOSCHLTD,,,,,,,,,,,,,,,,,,,VOLUME_OI,VolumeAndOISpikesScans_28JUL26_Report_24_7_2026.xlsx,,41760,,125325,,,,,,,,,,,,,,,,,,,,,,,,,,,,,,,-520,-1.23,-575,-0.46,-2.40 Cr,7050,-93.96
HDFCBANK,,,,,,,,,,,,,,,,,,,VOLUME_OI,VolumeAndOISpikesScans_28JUL26_Report_24_7_2026.xlsx,,741.2,,143384800,,,,,,,,,,,,,,,,,,,,,,,,,,,,,,,-7.2,-0.96,413400,0.29,30.64 Cr,4011800,-94.09
MFSL,,,,,,,,,,,,,,,,,,,VOLUME_OI,VolumeAndOISpikesScans_28JUL26_Report_24_7_2026.xlsx,,"1,496.1",,6556800,,,,,,,,,,,,,,,,,,,,,,,,,,,,,,,-11.1,-0.74,50000,0.77,7.48 Cr,117200,-94.12
HINDUNILVR,,,,,,,,,,,,,,,,,,,VOLUME_OI,VolumeAndOISpikesScans_28JUL26_Report_24_7_2026.xlsx,,"2,156.2",,13912800,,,,,,,,,,,,,,,,,,,,,,,,,,,,,,,-5,-0.23,52500,0.38,11.32 Cr,274500,-94.15
BPCL,,,,,,,,,,,,,,,,,,,VOLUME_OI,VolumeAndOISpikesScans_28JUL26_Report_24_7_2026.xlsx,,306,,31929825,,,,,,,,,,,,,,,,,,,,,,,,,,,,,,,-3.45,-1.11,94800,0.3,2.90 Cr,985525,-94.17
NYKAA,,,,,,,,,,,,,,,,,,,VOLUME_OI,VolumeAndOISpikesScans_28JUL26_Report_24_7_2026.xlsx,,320.8,,28643750,,,,,,,,,,,,,,,,,,,,,,,,,,,,,,,-3.7,-1.14,112500,0.39,3.61 Cr,984375,-94.21
LTF,,,,,,,,,,,,,,,,,,,VOLUME_OI,VolumeAndOISpikesScans_28JUL26_Report_24_7_2026.xlsx,,300.5,,33504750,,,,,,,,,,,,,,,,,,,,,,,,,,,,,,,-3.95,-1.3,-20250,-0.06,-60.85 L,1194750,-94.23
DIVISLAB,,,,,,,,,,,,,,,,,,,VOLUME_OI,VolumeAndOISpikesScans_28JUL26_Report_24_7_2026.xlsx,,7272,,2121400,,,,,,,,,,,,,,,,,,,,,,,,,,,,,,,-6,-0.08,7600,0.36,5.53 Cr,88200,-94.33
PNBHOUSING,,,,,,,,,,,,,,,,,,,VOLUME_OI,VolumeAndOISpikesScans_28JUL26_Report_24_7_2026.xlsx,,"1,064.4",,4885400,,,,,,,,,,,,,,,,,,,,,,,,,,,,,,,-3.6,-0.34,-22750,-0.46,-2.42 Cr,142350,-94.36
CUMMINSIND,,,,,,,,,,,,,,,,,,,VOLUME_OI,VolumeAndOISpikesScans_28JUL26_Report_24_7_2026.xlsx,,5581,,3159800,,,,,,,,,,,,,,,,,,,,,,,,,,,,,,,-14.5,-0.26,16000,0.51,8.93 Cr,71200,-94.39
ITC,,,,,,,,,,,,,,,,,,,VOLUME_OI,VolumeAndOISpikesScans_28JUL26_Report_24_7_2026.xlsx,,281.35,,94057350,,,,,,,,,,,,,,,,,,,,,,,,,,,,,,,-0.3,-0.11,155250,0.17,4.37 Cr,1995825,-94.42
ONGC,,,,,,,,,,,,,,,,,,,VOLUME_OI,VolumeAndOISpikesScans_28JUL26_Report_24_7_2026.xlsx,,250.8,,67032000,,,,,,,,,,,,,,,,,,,,,,,,,,,,,,,-1.35,-0.54,-31500,-0.05,-79.00 L,1019250,-94.5
MARICO,,,,,,,,,,,,,,,,,,,VOLUME_OI,VolumeAndOISpikesScans_28JUL26_Report_24_7_2026.xlsx,,851.75,,7627200,,,,,,,,,,,,,,,,,,,,,,,,,,,,,,,-0.3,-0.04,48000,0.63,4.09 Cr,300000,-94.52
HDFCAMC,,,,,,,,,,,,,,,,,,,VOLUME_OI,VolumeAndOISpikesScans_28JUL26_Report_24_7_2026.xlsx,,"2,485.8",,3570900,,,,,,,,,,,,,,,,,,,,,,,,,,,,,,,-19.8,-0.79,-9000,-0.25,-2.24 Cr,120000,-94.56
INDHOTEL,,,,,,,,,,,,,,,,,,,VOLUME_OI,VolumeAndOISpikesScans_28JUL26_Report_24_7_2026.xlsx,,716.95,,16199000,,,,,,,,,,,,,,,,,,,,,,,,,,,,,,,-6.15,-0.85,91000,0.56,6.52 Cr,514000,-94.58
CANBK,,,,,,,,,,,,,,,,,,,VOLUME_OI,VolumeAndOISpikesScans_28JUL26_Report_24_7_2026.xlsx,,124.18,,224140500,,,,,,,,,,,,,,,,,,,,,,,,,,,,,,,-1.24,-0.99,695250,0.31,8.63 Cr,5724000,-94.59
PREMIERENE,,,,,,,,,,,,,,,,,,,VOLUME_OI,VolumeAndOISpikesScans_28JUL26_Report_24_7_2026.xlsx,,"1,016.7",,4356300,,,,,,,,,,,,,,,,,,,,,,,,,,,,,,,-7.6,-0.74,-14300,-0.33,-1.45 Cr,176800,-94.62
NATIONALUM,,,,,,,,,,,,,,,,,,,VOLUME_OI,VolumeAndOISpikesScans_28JUL26_Report_24_7_2026.xlsx,,342.95,,35735625,,,,,,,,,,,,,,,,,,,,,,,,,,,,,,,-3.7,-1.07,3750,0.01,12.86 L,804375,-94.68
PIDILITIND,,,,,,,,,,,,,,,,,,,VOLUME_OI,VolumeAndOISpikesScans_28JUL26_Report_24_7_2026.xlsx,,"1,556.6",,4956000,,,,,,,,,,,,,,,,,,,,,,,,,,,,,,,-5.8,-0.37,38500,0.78,5.99 Cr,100500,-94.83
COALINDIA,,,,,,,,,,,,,,,,,,,VOLUME_OI,VolumeAndOISpikesScans_28JUL26_Report_24_7_2026.xlsx,,427.1,,50161950,,,,,,,,,,,,,,,,,,,,,,,,,,,,,,,-1.5,-0.35,-81000,-0.16,-3.46 Cr,812700,-94.88
FEDERALBNK,,,,,,,,,,,,,,,,,,,VOLUME_OI,VolumeAndOISpikesScans_28JUL26_Report_24_7_2026.xlsx,,351.8,,51610000,,,,,,,,,,,,,,,,,,,,,,,,,,,,,,,-2.75,-0.78,217500,0.42,7.65 Cr,1625000,-95.02
AXISBANK,,,,,,,,,,,,,,,,,,,VOLUME_OI,VolumeAndOISpikesScans_28JUL26_Report_24_7_2026.xlsx,,"1,217.6",,50996250,,,,,,,,,,,,,,,,,,,,,,,,,,,,,,,-7.3,-0.6,-9375,-0.02,-1.14 Cr,735000,-95.11
LODHA,,,,,,,,,,,,,,,,,,,VOLUME_OI,VolumeAndOISpikesScans_28JUL26_Report_24_7_2026.xlsx,,1134.65,,9923750,,,,,,,,,,,,,,,,,,,,,,,,,,,,,,,-10.9,-0.95,-26250,-0.26,-2.98 Cr,373125,-95.11
BAJAJFINSV,,,,,,,,,,,,,,,,,,,VOLUME_OI,VolumeAndOISpikesScans_28JUL26_Report_24_7_2026.xlsx,,"1,870.6",,6550200,,,,,,,,,,,,,,,,,,,,,,,,,,,,,,,-16.1,-0.85,5700,0.09,1.07 Cr,162900,-95.16
SBILIFE,,,,,,,,,,,,,,,,,,,VOLUME_OI,VolumeAndOISpikesScans_28JUL26_Report_24_7_2026.xlsx,,"1,835.2",,4306125,,,,,,,,,,,,,,,,,,,,,,,,,,,,,,,-15.2,-0.82,9375,0.22,1.72 Cr,135750,-95.19
GODREJCP,,,,,,,,,,,,,,,,,,,VOLUME_OI,VolumeAndOISpikesScans_28JUL26_Report_24_7_2026.xlsx,,"1,062.8",,7233500,,,,,,,,,,,,,,,,,,,,,,,,,,,,,,,4.4,0.42,64000,0.89,6.80 Cr,154500,-95.23
PETRONET,,,,,,,,,,,,,,,,,,,VOLUME_OI,VolumeAndOISpikesScans_28JUL26_Report_24_7_2026.xlsx,,269.9,,23408000,,,,,,,,,,,,,,,,,,,,,,,,,,,,,,,0.8,0.3,-41800,-0.18,-1.13 Cr,532000,-95.29
BANKINDIA,,,,,,,,,,,,,,,,,,,VOLUME_OI,VolumeAndOISpikesScans_28JUL26_Report_24_7_2026.xlsx,,140.96,,67730000,,,,,,,,,,,,,,,,,,,,,,,,,,,,,,,-1.43,-1,-93600,-0.14,-1.32 Cr,1211600,-95.51
INDUSINDBK,,,,,,,,,,,,,,,,,,,VOLUME_OI,VolumeAndOISpikesScans_28JUL26_Report_24_7_2026.xlsx,,986,,24994200,,,,,,,,,,,,,,,,,,,,,,,,,,,,,,,-17.1,-1.7,-114100,-0.45,-11.25 Cr,648200,-95.6
LICHSGFIN,,,,,,,,,,,,,,,,,,,VOLUME_OI,VolumeAndOISpikesScans_28JUL26_Report_24_7_2026.xlsx,,531.45,,10517000,,,,,,,,,,,,,,,,,,,,,,,,,,,,,,,-3.25,-0.61,-112000,-1.05,-5.95 Cr,278000,-95.75
ALKEM,,,,,,,,,,,,,,,,,,,VOLUME_OI,VolumeAndOISpikesScans_28JUL26_Report_24_7_2026.xlsx,,5611,,1167750,,,,,,,,,,,,,,,,,,,,,,,,,,,,,,,3,0.05,5000,0.43,2.81 Cr,17375,-96.12
INDUSTOWER,,,,,,,,,,,,,,,,,,,VOLUME_OI,VolumeAndOISpikesScans_28JUL26_Report_24_7_2026.xlsx,,387.7,,64373900,,,,,,,,,,,,,,,,,,,,,,,,,,,,,,,-3.1,-0.79,142800,0.22,5.54 Cr,807500,-96.13
NHPC,,,,,,,,,,,,,,,,,,,VOLUME_OI,VolumeAndOISpikesScans_28JUL26_Report_24_7_2026.xlsx,,78.99,,86812450,,,,,,,,,,,,,,,,,,,,,,,,,,,,,,,-0.6,-0.75,653300,0.76,5.16 Cr,3787750,-96.23
FORTIS,,,,,,,,,,,,,,,,,,,VOLUME_OI,VolumeAndOISpikesScans_28JUL26_Report_24_7_2026.xlsx,,940.7,,6808375,,,,,,,,,,,,,,,,,,,,,,,,,,,,,,,-3.35,-0.35,18600,0.27,1.75 Cr,134850,-96.24
OFSS,,,,,,,,,,,,,,,,,,,VOLUME_OI,VolumeAndOISpikesScans_28JUL26_Report_24_7_2026.xlsx,,10809,,991700,,,,,,,,,,,,,,,,,,,,,,,,,,,,,,,-20,-0.18,700,0.07,75.66 L,94100,-96.32
SAIL,,,,,,,,,,,,,,,,,,,VOLUME_OI,VolumeAndOISpikesScans_28JUL26_Report_24_7_2026.xlsx,,159.85,,133273200,,,,,,,,,,,,,,,,,,,,,,,,,,,,,,,-0.99,-0.62,-756700,-0.56,-12.10 Cr,1950500,-96.38
SUNPHARMA,,,,,,,,,,,,,,,,,,,VOLUME_OI,VolumeAndOISpikesScans_28JUL26_Report_24_7_2026.xlsx,,"1,954.6",,9483950,,,,,,,,,,,,,,,,,,,,,,,,,,,,,,,4.6,0.24,16100,0.17,3.15 Cr,164850,-96.49
GRASIM,,,,,,,,,,,,,,,,,,,VOLUME_OI,VolumeAndOISpikesScans_28JUL26_Report_24_7_2026.xlsx,,"3,088.5",,5885250,,,,,,,,,,,,,,,,,,,,,,,,,,,,,,,-24.5,-0.79,15000,0.26,4.63 Cr,147500,-96.52
HINDALCO,,,,,,,,,,,,,,,,,,,VOLUME_OI,VolumeAndOISpikesScans_28JUL26_Report_24_7_2026.xlsx,,946.3,,31250100,,,,,,,,,,,,,,,,,,,,,,,,,,,,,,,-9.6,-1,42000,0.13,3.97 Cr,593600,-96.68
APOLLOHOSP,,,,,,,,,,,,,,,,,,,VOLUME_OI,VolumeAndOISpikesScans_28JUL26_Report_24_7_2026.xlsx,,"8,855.5",,1137750,,,,,,,,,,,,,,,,,,,,,,,,,,,,,,,-11.5,-0.13,10375,0.92,9.19 Cr,28625,-96.71
DLF,,,,,,,,,,,,,,,,,,,VOLUME_OI,VolumeAndOISpikesScans_28JUL26_Report_24_7_2026.xlsx,,625,,24967900,,,,,,,,,,,,,,,,,,,,,,,,,,,,,,,-10.4,-1.64,-104500,-0.42,-6.53 Cr,568100,-96.84
NMDC,,,,,,,,,,,,,,,,,,,VOLUME_OI,VolumeAndOISpikesScans_28JUL26_Report_24_7_2026.xlsx,,82.45,,223310250,,,,,,,,,,,,,,,,,,,,,,,,,,,,,,,-0.32,-0.39,-1026000,-0.46,-8.46 Cr,4853250,-96.85
NAM-INDIA,,,,,,,,,,,,,,,,,,,VOLUME_OI,VolumeAndOISpikesScans_28JUL26_Report_24_7_2026.xlsx,,"1,101.4",,4195625,,,,,,,,,,,,,,,,,,,,,,,,,,,,,,,-4.3,-0.39,-5000,-0.12,-55.07 L,93750,-97.09
JSWSTEEL,,,,,,,,,,,,,,,,,,,VOLUME_OI,VolumeAndOISpikesScans_28JUL26_Report_24_7_2026.xlsx,,"1,238.5",,18894600,,,,,,,,,,,,,,,,,,,,,,,,,,,,,,,-7.9,-0.63,29700,0.16,3.68 Cr,297675,-97.7
BANKEX,,,,,,,,,,,,,,,,,,,VOLUME_OI,VolumeAndOISpikesScans_28JUL26_Report_24_7_2026.xlsx,,-,,-,,,,,,,,,,,,,,,,,,,,,,,,,,,,,,,-,-,-,-,-,-,
FOCIT,,,,,,,,,,,,,,,,,,,VOLUME_OI,VolumeAndOISpikesScans_28JUL26_Report_24_7_2026.xlsx,,-,,-,,,,,,,,,,,,,,,,,,,,,,,,,,,,,,,-,-,-,-,-,-,
