Symbol,ATM Straddle %,Open,High,Low,Close,Price Chg,Price Chg %,IV Chg,IV Chg %,OI Chg,OI Chg %,PCR Chg,PCR Chg %,Tot CE OI Chg,Tot CE OI Chg %,Tot PE OI Chg,Tot PE OI Chg %,Tot PE-CE OI Chg,Report_Type,Source_File,Sector,Price,Price Chg %,OI,PCR,Bldp,Price.1,Price Chg.1,Price Chg%.1,OI Chg.1,OI Chg %.1,Bldp.1,Price.2,Price Chg.2,Price Chg%.2,OI Chg.2,OI Chg %.2,Bldp.2,Price.3,Price Chg.3,Price Chg%.3,OI Chg.3,OI Chg %.3,Bldp.3,Fut OI,Fut OI Chg,Fut OI Chg %,Strike,Call OI,Call OI Chg,Put OI,Put OI Chg,Dist. From Strike %,Fut Buildup,Sector Name,Adv/ Dec/ Unchg,Price Chg %,Volume Chg %,OI Chg %,Rollover (%),Buildup,Tol CE OI Chg,Tol PE OI Chg,Tol PE-CE OI Chg,Tol PE-CE OI Chg %,Price chg,OI chg,OI Chg (Value),Volume,Volume Chg %
SENSEX,1.39,78993.0,79042.15,78905.0,79001.65,-172.8,-0.22,0.61,5.48,-43,-2.18,0.0,0.0,170.0,1.31,178.0,1.03,8,PRICE_OI,Daywise_Price_and_OI_Summary_25AUG26_Report_2026-08-06 (2).xlsx,,,,,,,,,,,,,,,,,,,,,,,,,,,,,,,,,,,,,,,,,,,,,,,,,,
BSE,7.0,3445.0,3538.8,3417.2,3504.7,49.6,1.44,-0.5,-1.26,-565,-1.12,0.03,6.98,-3371.0,-4.96,289.0,0.98,3660,PRICE_OI,Daywise_Price_and_OI_Summary_25AUG26_Report_2026-08-06 (2).xlsx,,,,,,,,,,,,,,,,,,,,,,,,,,,,,,,,,,,,,,,,,,,,,,,,,,
MOTHERSON,5.76,155.71,164.49,155.55,162.15,7.58,4.9,-0.29,-0.89,-159,-0.77,0.11,17.74,-722.0,-7.67,544.0,9.38,1266,PRICE_OI,Daywise_Price_and_OI_Summary_25AUG26_Report_2026-08-06 (2).xlsx,,,,,,,,,,,,,,,,,,,,,,,,,,,,,,,,,,,,,,,,,,,,,,,,,,
ONGC,4.02,238.21,241.29,238.05,241.29,3.24,1.36,0.01,0.04,-146,-0.6,0.01,2.27,-309.0,-1.31,47.0,0.45,356,PRICE_OI,Daywise_Price_and_OI_Summary_25AUG26_Report_2026-08-06 (2).xlsx,,,,,,,,,,,,,,,,,,,,,,,,,,,,,,,,,,,,,,,,,,,,,,,,,,
VOLTAS,6.73,1280.0,1309.0,1275.8,1297.6,20.7,1.62,-0.04,-0.11,-102,-0.52,0.01,1.04,-305.0,-4.63,-265.0,-4.17,40,PRICE_OI,Daywise_Price_and_OI_Summary_25AUG26_Report_2026-08-06 (2).xlsx,,,,,,,,,,,,,,,,,,,,,,,,,,,,,,,,,,,,,,,,,,,,,,,,,,
SHRIRAMFIN,5.35,1130.0,1131.0,1116.8,1118.9,-19.3,-1.7,0.76,2.61,-153,-0.51,-0.03,-4.11,191.0,1.29,-202.0,-1.88,-393,PRICE_OI,Daywise_Price_and_OI_Summary_25AUG26_Report_2026-08-06 (2).xlsx,,,,,,,,,,,,,,,,,,,,,,,,,,,,,,,,,,,,,,,,,,,,,,,,,,
LICI,3.78,396.0,399.0,394.6,397.6,5.9,1.51,-3.62,-14.35,-122,-0.33,-0.01,-1.37,-47.0,-0.21,-87.0,-0.53,-40,PRICE_OI,Daywise_Price_and_OI_Summary_25AUG26_Report_2026-08-06 (2).xlsx,,,,,,,,,,,,,,,,,,,,,,,,,,,,,,,,,,,,,,,,,,,,,,,,,,
POWERINDIA,8.43,32150.0,32490.0,32150.0,32480.0,345.0,1.07,0.47,1.03,-55,-0.24,0.03,3.09,-116.0,-1.08,122.0,1.16,238,PRICE_OI,Daywise_Price_and_OI_Summary_25AUG26_Report_2026-08-06 (2).xlsx,,,,,,,,,,,,,,,,,,,,,,,,,,,,,,,,,,,,,,,,,,,,,,,,,,
RADICO,6.02,4489.0,4489.0,4428.3,4469.2,4.6,0.1,0.8,2.4,-13,-0.24,-0.01,-1.27,58.0,1.24,-24.0,-0.65,-82,PRICE_OI,Daywise_Price_and_OI_Summary_25AUG26_Report_2026-08-06 (2).xlsx,,,,,,,,,,,,,,,,,,,,,,,,,,,,,,,,,,,,,,,,,,,,,,,,,,
TATAELXSI,5.85,3735.5,3798.0,3735.5,3788.1,43.0,1.15,1.31,4.15,-44,-0.24,-0.01,-1.75,188.0,1.92,23.0,0.41,-165,PRICE_OI,Daywise_Price_and_OI_Summary_25AUG26_Report_2026-08-06 (2).xlsx,,,,,,,,,,,,,,,,,,,,,,,,,,,,,,,,,,,,,,,,,,,,,,,,,,
HAL,5.89,4950.0,4980.0,4934.4,4934.4,-22.0,-0.44,1.6,5.09,-82,-0.22,-0.06,-6.19,558.0,3.01,-497.0,-2.77,-1055,PRICE_OI,Daywise_Price_and_OI_Summary_25AUG26_Report_2026-08-06 (2).xlsx,,,,,,,,,,,,,,,,,,,,,,,,,,,,,,,,,,,,,,,,,,,,,,,,,,
ADANIPORTS,4.56,1705.5,1707.0,1697.5,1698.3,-3.6,-0.21,0.41,1.63,-92,-0.21,0.0,0.0,49.0,0.18,32.0,0.2,-17,PRICE_OI,Daywise_Price_and_OI_Summary_25AUG26_Report_2026-08-06 (2).xlsx,,,,,,,,,,,,,,,,,,,,,,,,,,,,,,,,,,,,,,,,,,,,,,,,,,
INDIGO,4.88,5315.0,5362.0,5310.0,5332.0,-16.0,-0.3,0.71,2.68,-73,-0.2,0.02,3.08,20.0,0.09,273.0,1.96,253,PRICE_OI,Daywise_Price_and_OI_Summary_25AUG26_Report_2026-08-06 (2).xlsx,,,,,,,,,,,,,,,,,,,,,,,,,,,,,,,,,,,,,,,,,,,,,,,,,,
KPITTECH,6.2,620.75,630.7,620.0,628.75,7.5,1.21,-0.17,-0.49,-33,-0.2,0.01,1.89,-244.0,-1.26,-26.0,-0.25,218,PRICE_OI,Daywise_Price_and_OI_Summary_25AUG26_Report_2026-08-06 (2).xlsx,,,,,,,,,,,,,,,,,,,,,,,,,,,,,,,,,,,,,,,,,,,,,,,,,,
MARUTI,3.89,13885.0,13980.0,13848.0,13953.0,38.0,0.27,-0.44,-1.99,-85,-0.2,0.01,2.33,-410.0,-0.77,323.0,1.4,733,PRICE_OI,Daywise_Price_and_OI_Summary_25AUG26_Report_2026-08-06 (2).xlsx,,,,,,,,,,,,,,,,,,,,,,,,,,,,,,,,,,,,,,,,,,,,,,,,,,
ALKEM,5.68,5570.0,5648.5,5521.5,5616.5,0.0,0.0,0.86,2.78,-19,-0.17,-0.03,-5.0,282.0,6.75,18.0,0.72,-264,PRICE_OI,Daywise_Price_and_OI_Summary_25AUG26_Report_2026-08-06 (2).xlsx,,,,,,,,,,,,,,,,,,,,,,,,,,,,,,,,,,,,,,,,,,,,,,,,,,
BAJAJFINSV,4.18,2056.0,2056.0,2009.9,2028.4,-70.3,-3.35,2.48,11.88,-44,-0.17,-0.05,-6.85,2.0,0.01,-1272.0,-6.97,-1274,PRICE_OI,Daywise_Price_and_OI_Summary_25AUG26_Report_2026-08-06 (2).xlsx,,,,,,,,,,,,,,,,,,,,,,,,,,,,,,,,,,,,,,,,,,,,,,,,,,
ADANIENSOL,5.72,1613.6,1620.7,1610.0,1612.5,-3.4,-0.21,0.3,0.95,-38,-0.13,-0.02,-3.51,165.0,2.67,-3.0,-0.09,-168,PRICE_OI,Daywise_Price_and_OI_Summary_25AUG26_Report_2026-08-06 (2).xlsx,,,,,,,,,,,,,,,,,,,,,,,,,,,,,,,,,,,,,,,,,,,,,,,,,,
BEL,4.42,401.75,403.8,401.4,401.6,0.85,0.21,-0.03,-0.12,-96,-0.13,0.01,1.52,-206.0,-0.5,149.0,0.55,355,PRICE_OI,Daywise_Price_and_OI_Summary_25AUG26_Report_2026-08-06 (2).xlsx,,,,,,,,,,,,,,,,,,,,,,,,,,,,,,,,,,,,,,,,,,,,,,,,,,
TCS,4.83,2394.0,2436.4,2382.1,2433.4,46.6,1.95,0.57,2.16,-179,-0.13,0.0,0.0,303.0,0.57,515.0,1.2,212,PRICE_OI,Daywise_Price_and_OI_Summary_25AUG26_Report_2026-08-06 (2).xlsx,,,,,,,,,,,,,,,,,,,,,,,,,,,,,,,,,,,,,,,,,,,,,,,,,,
BANDHANBNK,5.62,174.3,174.85,173.06,173.06,-2.0,-1.14,-2.69,-8.0,-40,-0.11,0.01,2.04,-190.0,-1.09,-28.0,-0.33,162,PRICE_OI,Daywise_Price_and_OI_Summary_25AUG26_Report_2026-08-06 (2).xlsx,,,,,,,,,,,,,,,,,,,,,,,,,,,,,,,,,,,,,,,,,,,,,,,,,,
RECLTD,4.34,363.7,364.0,361.75,361.8,-1.6,-0.44,0.8,3.46,-32,-0.11,0.0,0.0,21.0,0.19,12.0,0.18,-9,PRICE_OI,Daywise_Price_and_OI_Summary_25AUG26_Report_2026-08-06 (2).xlsx,,,,,,,,,,,,,,,,,,,,,,,,,,,,,,,,,,,,,,,,,,,,,,,,,,
ETERNAL,5.53,315.4,317.3,315.0,315.7,-1.75,-0.55,1.36,4.55,-51,-0.08,0.0,0.0,234.0,0.96,41.0,0.22,-193,PRICE_OI,Daywise_Price_and_OI_Summary_25AUG26_Report_2026-08-06 (2).xlsx,,,,,,,,,,,,,,,,,,,,,,,,,,,,,,,,,,,,,,,,,,,,,,,,,,
KEI,5.55,5613.7,5623.6,5566.5,5566.5,-41.0,-0.73,0.32,1.05,-8,-0.08,-0.01,-0.98,-6.0,-0.1,-52.0,-0.88,-46,PRICE_OI,Daywise_Price_and_OI_Summary_25AUG26_Report_2026-08-06 (2).xlsx,,,,,,,,,,,,,,,,,,,,,,,,,,,,,,,,,,,,,,,,,,,,,,,,,,
DABUR,4.24,411.4,414.0,410.3,412.6,-0.9,-0.22,0.25,1.07,-16,-0.07,0.0,0.0,63.0,0.42,42.0,0.45,-21,PRICE_OI,Daywise_Price_and_OI_Summary_25AUG26_Report_2026-08-06 (2).xlsx,,,,,,,,,,,,,,,,,,,,,,,,,,,,,,,,,,,,,,,,,,,,,,,,,,
NESTLEIND,4.05,1532.6,1544.8,1527.2,1538.0,14.6,0.96,0.4,1.8,-11,-0.07,0.03,4.48,-142.0,-1.56,120.0,1.95,262,PRICE_OI,Daywise_Price_and_OI_Summary_25AUG26_Report_2026-08-06 (2).xlsx,,,,,,,,,,,,,,,,,,,,,,,,,,,,,,,,,,,,,,,,,,,,,,,,,,
HCLTECH,4.95,1336.0,1369.8,1335.0,1368.2,23.1,1.72,0.47,1.69,-40,-0.06,0.06,7.59,-370.0,-2.47,537.0,4.54,907,PRICE_OI,Daywise_Price_and_OI_Summary_25AUG26_Report_2026-08-06 (2).xlsx,,,,,,,,,,,,,,,,,,,,,,,,,,,,,,,,,,,,,,,,,,,,,,,,,,
KAYNES,11.39,3850.0,3915.5,3835.0,3859.2,-3.2,-0.08,1.08,1.71,-16,-0.06,0.01,1.35,-1.0,-0.01,113.0,1.29,114,PRICE_OI,Daywise_Price_and_OI_Summary_25AUG26_Report_2026-08-06 (2).xlsx,,,,,,,,,,,,,,,,,,,,,,,,,,,,,,,,,,,,,,,,,,,,,,,,,,
EICHERMOT,3.87,7950.0,8030.0,7950.0,8000.0,27.5,0.34,0.55,2.57,-18,-0.05,0.01,0.98,-99.0,-0.58,68.0,0.39,167,PRICE_OI,Daywise_Price_and_OI_Summary_25AUG26_Report_2026-08-06 (2).xlsx,,,,,,,,,,,,,,,,,,,,,,,,,,,,,,,,,,,,,,,,,,,,,,,,,,
BAJAJHLDNG,5.01,11378.0,11414.0,11373.0,11373.0,-120.0,-1.04,4.41,16.6,-2,-0.04,0.0,0.0,-2.0,-0.18,1.0,0.09,3,PRICE_OI,Daywise_Price_and_OI_Summary_25AUG26_Report_2026-08-06 (2).xlsx,,,,,,,,,,,,,,,,,,,,,,,,,,,,,,,,,,,,,,,,,,,,,,,,,,
NIFTY,1.07,24672.0,24696.3,24652.0,24685.9,-53.5,-0.22,0.64,5.96,-69,-0.04,-0.01,-0.86,963.0,0.14,-4437.0,-0.55,-5400,PRICE_OI,Daywise_Price_and_OI_Summary_25AUG26_Report_2026-08-06 (2).xlsx,,,,,,,,,,,,,,,,,,,,,,,,,,,,,,,,,,,,,,,,,,,,,,,,,,
KOTAKBANK,3.38,393.15,395.35,392.5,394.1,-1.55,-0.39,0.33,1.8,-28,-0.03,0.0,0.0,180.0,0.97,50.0,0.46,-130,PRICE_OI,Daywise_Price_and_OI_Summary_25AUG26_Report_2026-08-06 (2).xlsx,,,,,,,,,,,,,,,,,,,,,,,,,,,,,,,,,,,,,,,,,,,,,,,,,,
MANKIND,5.1,2425.2,2449.7,2425.2,2444.6,4.1,0.17,1.01,3.76,-4,-0.03,0.03,4.11,-47.0,-0.6,178.0,3.11,225,PRICE_OI,Daywise_Price_and_OI_Summary_25AUG26_Report_2026-08-06 (2).xlsx,,,,,,,,,,,,,,,,,,,,,,,,,,,,,,,,,,,,,,,,,,,,,,,,,,
RELIANCE,3.52,1326.0,1336.2,1326.0,1327.3,-3.9,-0.29,-0.37,-1.84,-57,-0.03,0.0,0.0,1152.0,1.18,850.0,0.97,-302,PRICE_OI,Daywise_Price_and_OI_Summary_25AUG26_Report_2026-08-06 (2).xlsx,,,,,,,,,,,,,,,,,,,,,,,,,,,,,,,,,,,,,,,,,,,,,,,,,,
AUBANK,4.55,1080.0,1090.0,1080.0,1083.7,-4.6,-0.42,0.64,2.58,-4,-0.02,-0.05,-5.88,382.0,5.82,-27.0,-0.48,-409,PRICE_OI,Daywise_Price_and_OI_Summary_25AUG26_Report_2026-08-06 (2).xlsx,,,,,,,,,,,,,,,,,,,,,,,,,,,,,,,,,,,,,,,,,,,,,,,,,,
BAJAJ-AUTO,3.93,11580.0,11690.0,11580.0,11661.0,10.0,0.09,0.58,2.68,-5,-0.02,0.01,0.61,-66.0,-0.43,126.0,0.5,192,PRICE_OI,Daywise_Price_and_OI_Summary_25AUG26_Report_2026-08-06 (2).xlsx,,,,,,,,,,,,,,,,,,,,,,,,,,,,,,,,,,,,,,,,,,,,,,,,,,
CGPOWER,6.09,872.4,881.8,872.4,878.3,0.55,0.06,0.74,2.2,-5,-0.02,0.0,0.0,22.0,0.18,13.0,0.19,-9,PRICE_OI,Daywise_Price_and_OI_Summary_25AUG26_Report_2026-08-06 (2).xlsx,,,,,,,,,,,,,,,,,,,,,,,,,,,,,,,,,,,,,,,,,,,,,,,,,,
COFORGE,5.93,1780.0,1805.0,1780.0,1800.8,15.2,0.85,1.51,4.7,-6,-0.02,0.03,3.06,-200.0,-1.31,256.0,1.71,456,PRICE_OI,Daywise_Price_and_OI_Summary_25AUG26_Report_2026-08-06 (2).xlsx,,,,,,,,,,,,,,,,,,,,,,,,,,,,,,,,,,,,,,,,,,,,,,,,,,
GODREJCP,6.05,1076.8,1081.5,1070.8,1080.3,0.8,0.07,-0.25,-0.74,-4,-0.02,-0.01,-1.69,84.0,2.23,17.0,0.76,-67,PRICE_OI,Daywise_Price_and_OI_Summary_25AUG26_Report_2026-08-06 (2).xlsx,,,,,,,,,,,,,,,,,,,,,,,,,,,,,,,,,,,,,,,,,,,,,,,,,,
HAVELLS,4.08,1296.9,1296.9,1285.5,1291.0,-0.6,-0.05,-0.15,-0.64,-3,-0.02,-0.01,-1.45,35.0,0.76,-1.0,-0.03,-36,PRICE_OI,Daywise_Price_and_OI_Summary_25AUG26_Report_2026-08-06 (2).xlsx,,,,,,,,,,,,,,,,,,,,,,,,,,,,,,,,,,,,,,,,,,,,,,,,,,
PHOENIXLTD,4.47,1924.0,1926.9,1910.9,1917.0,-6.7,-0.35,0.1,0.39,-2,-0.02,0.0,0.0,-5.0,-0.15,8.0,0.4,13,PRICE_OI,Daywise_Price_and_OI_Summary_25AUG26_Report_2026-08-06 (2).xlsx,,,,,,,,,,,,,,,,,,,,,,,,,,,,,,,,,,,,,,,,,,,,,,,,,,
TITAN,4.72,5005.0,5020.1,4976.6,5010.1,10.3,0.21,1.19,4.7,-5,-0.02,0.0,0.0,468.0,2.19,293.0,1.97,-175,PRICE_OI,Daywise_Price_and_OI_Summary_25AUG26_Report_2026-08-06 (2).xlsx,,,,,,,,,,,,,,,,,,,,,,,,,,,,,,,,,,,,,,,,,,,,,,,,,,
CANBK,5.3,131.16,131.77,130.9,131.52,-0.48,-0.36,-0.09,-0.3,-5,-0.01,-0.01,-1.22,76.0,0.67,-69.0,-0.74,-145,PRICE_OI,Daywise_Price_and_OI_Summary_25AUG26_Report_2026-08-06 (2).xlsx,,,,,,,,,,,,,,,,,,,,,,,,,,,,,,,,,,,,,,,,,,,,,,,,,,
PAGEIND,6.39,39665.0,40000.0,39665.0,39945.0,200.0,0.5,2.53,7.6,-1,-0.01,-0.01,-1.43,26.0,0.92,1.0,0.05,-25,PRICE_OI,Daywise_Price_and_OI_Summary_25AUG26_Report_2026-08-06 (2).xlsx,,,,,,,,,,,,,,,,,,,,,,,,,,,,,,,,,,,,,,,,,,,,,,,,,,
PETRONET,4.9,279.6,280.95,279.35,280.35,1.3,0.47,0.03,0.11,-1,-0.01,0.0,0.0,-21.0,-0.45,-3.0,-0.07,18,PRICE_OI,Daywise_Price_and_OI_Summary_25AUG26_Report_2026-08-06 (2).xlsx,,,,,,,,,,,,,,,,,,,,,,,,,,,,,,,,,,,,,,,,,,,,,,,,,,
WIPRO,4.9,186.26,188.7,186.26,188.28,1.33,0.71,1.31,4.95,-8,-0.01,0.01,1.39,-31.0,-0.15,87.0,0.57,118,PRICE_OI,Daywise_Price_and_OI_Summary_25AUG26_Report_2026-08-06 (2).xlsx,,,,,,,,,,,,,,,,,,,,,,,,,,,,,,,,,,,,,,,,,,,,,,,,,,
BANKEX,2.39,65863.65,65863.65,65798.8,65798.8,0.0,0.0,0.67,5.32,0,0.0,-0.12,-12.0,26.0,3.9,-66.0,-9.92,-92,PRICE_OI,Daywise_Price_and_OI_Summary_25AUG26_Report_2026-08-06 (2).xlsx,,,,,,,,,,,,,,,,,,,,,,,,,,,,,,,,,,,,,,,,,,,,,,,,,,
FOCIT,4.24,37961.0,38012.0,37790.0,37790.0,0.0,0.0,0.43,1.96,0,0.0,0.02,5.88,-55.0,-4.53,6.0,1.44,61,PRICE_OI,Daywise_Price_and_OI_Summary_25AUG26_Report_2026-08-06 (2).xlsx,,,,,,,,,,,,,,,,,,,,,,,,,,,,,,,,,,,,,,,,,,,,,,,,,,
INDUSINDBK,4.63,1016.0,1016.0,1009.3,1011.5,-3.9,-0.38,-0.05,-0.19,1,0.0,0.0,0.0,47.0,0.42,19.0,0.31,-28,PRICE_OI,Daywise_Price_and_OI_Summary_25AUG26_Report_2026-08-06 (2).xlsx,,,,,,,,,,,,,,,,,,,,,,,,,,,,,,,,,,,,,,,,,,,,,,,,,,
JSWSTEEL,4.22,1313.4,1315.0,1309.0,1310.0,-3.5,-0.27,0.13,0.55,2,0.0,0.0,0.0,17.0,0.24,19.0,0.33,2,PRICE_OI,Daywise_Price_and_OI_Summary_25AUG26_Report_2026-08-06 (2).xlsx,,,,,,,,,,,,,,,,,,,,,,,,,,,,,,,,,,,,,,,,,,,,,,,,,,
NAUKRI,6.94,1249.2,1249.2,1234.6,1241.6,1.6,0.13,1.24,3.27,0,0.0,0.0,0.0,43.0,0.83,1.0,0.04,-42,PRICE_OI,Daywise_Price_and_OI_Summary_25AUG26_Report_2026-08-06 (2).xlsx,,,,,,,,,,,,,,,,,,,,,,,,,,,,,,,,,,,,,,,,,,,,,,,,,,
SUNPHARMA,3.33,1955.0,1962.6,1952.0,1962.3,2.0,0.1,0.35,1.91,1,0.0,0.0,0.0,92.0,0.43,41.0,0.33,-51,PRICE_OI,Daywise_Price_and_OI_Summary_25AUG26_Report_2026-08-06 (2).xlsx,,,,,,,,,,,,,,,,,,,,,,,,,,,,,,,,,,,,,,,,,,,,,,,,,,
VMM,5.8,109.92,110.08,109.6,109.6,-0.34,-0.31,0.23,0.72,0,0.0,0.0,0.0,-25.0,-1.11,-7.0,-0.57,18,PRICE_OI,Daywise_Price_and_OI_Summary_25AUG26_Report_2026-08-06 (2).xlsx,,,,,,,,,,,,,,,,,,,,,,,,,,,,,,,,,,,,,,,,,,,,,,,,,,
CONCOR,4.85,513.0,514.95,512.35,512.5,-0.45,-0.09,-0.88,-3.26,2,0.01,0.0,0.0,37.0,0.78,25.0,0.9,-12,PRICE_OI,Daywise_Price_and_OI_Summary_25AUG26_Report_2026-08-06 (2).xlsx,,,,,,,,,,,,,,,,,,,,,,,,,,,,,,,,,,,,,,,,,,,,,,,,,,
DELHIVERY,7.57,468.0,469.85,465.95,469.4,2.1,0.45,0.87,2.11,1,0.01,0.0,0.0,62.0,0.88,95.0,1.8,33,PRICE_OI,Daywise_Price_and_OI_Summary_25AUG26_Report_2026-08-06 (2).xlsx,,,,,,,,,,,,,,,,,,,,,,,,,,,,,,,,,,,,,,,,,,,,,,,,,,
DIVISLAB,4.37,8302.5,8365.0,8283.0,8354.5,47.5,0.57,0.05,0.21,4,0.01,0.01,1.03,-6.0,-0.04,169.0,1.06,175,PRICE_OI,Daywise_Price_and_OI_Summary_25AUG26_Report_2026-08-06 (2).xlsx,,,,,,,,,,,,,,,,,,,,,,,,,,,,,,,,,,,,,,,,,,,,,,,,,,
ITC,2.88,286.0,286.8,285.95,286.25,-0.15,-0.05,-0.08,-0.49,8,0.01,0.01,1.96,-35.0,-0.06,64.0,0.2,99,PRICE_OI,Daywise_Price_and_OI_Summary_25AUG26_Report_2026-08-06 (2).xlsx,,,,,,,,,,,,,,,,,,,,,,,,,,,,,,,,,,,,,,,,,,,,,,,,,,
MANAPPURAM,7.61,367.0,367.0,359.5,362.1,-3.35,-0.92,1.09,2.62,2,0.01,-0.01,-1.61,63.0,1.26,-4.0,-0.13,-67,PRICE_OI,Daywise_Price_and_OI_Summary_25AUG26_Report_2026-08-06 (2).xlsx,,,,,,,,,,,,,,,,,,,,,,,,,,,,,,,,,,,,,,,,,,,,,,,,,,
SUZLON,6.49,48.33,48.79,48.32,48.37,-0.07,-0.14,0.45,1.26,2,0.01,0.01,2.04,29.0,0.16,45.0,0.5,16,PRICE_OI,Daywise_Price_and_OI_Summary_25AUG26_Report_2026-08-06 (2).xlsx,,,,,,,,,,,,,,,,,,,,,,,,,,,,,,,,,,,,,,,,,,,,,,,,,,
TVSMOTOR,4.58,4407.0,4424.0,4399.9,4405.1,6.3,0.14,0.19,0.75,6,0.01,0.02,1.98,42.0,0.27,221.0,1.4,179,PRICE_OI,Daywise_Price_and_OI_Summary_25AUG26_Report_2026-08-06 (2).xlsx,,,,,,,,,,,,,,,,,,,,,,,,,,,,,,,,,,,,,,,,,,,,,,,,,,
ABB,5.75,7660.0,7691.5,7616.0,7616.0,-43.5,-0.57,0.73,2.31,4,0.02,0.0,0.0,-124.0,-0.8,27.0,0.31,151,PRICE_OI,Daywise_Price_and_OI_Summary_25AUG26_Report_2026-08-06 (2).xlsx,,,,,,,,,,,,,,,,,,,,,,,,,,,,,,,,,,,,,,,,,,,,,,,,,,
BOSCHLTD,6.1,42415.0,42675.0,42335.0,42395.0,55.0,0.13,0.54,1.62,2,0.02,-0.1,-8.4,626.0,10.08,46.0,0.62,-580,PRICE_OI,Daywise_Price_and_OI_Summary_25AUG26_Report_2026-08-06 (2).xlsx,,,,,,,,,,,,,,,,,,,,,,,,,,,,,,,,,,,,,,,,,,,,,,,,,,
COALINDIA,3.41,415.9,415.9,413.7,414.65,-0.05,-0.01,0.25,1.31,11,0.02,0.0,0.0,107.0,0.45,45.0,0.27,-62,PRICE_OI,Daywise_Price_and_OI_Summary_25AUG26_Report_2026-08-06 (2).xlsx,,,,,,,,,,,,,,,,,,,,,,,,,,,,,,,,,,,,,,,,,,,,,,,,,,
DMART,4.32,3932.4,3955.8,3932.4,3948.0,-10.8,-0.27,0.33,1.4,7,0.02,0.0,0.0,25.0,0.22,-15.0,-0.19,-40,PRICE_OI,Daywise_Price_and_OI_Summary_25AUG26_Report_2026-08-06 (2).xlsx,,,,,,,,,,,,,,,,,,,,,,,,,,,,,,,,,,,,,,,,,,,,,,,,,,
GRASIM,5.49,3225.6,3225.6,3192.6,3200.0,-16.2,-0.5,0.43,1.41,10,0.02,0.0,0.0,22.0,0.18,-1.0,-0.01,-23,PRICE_OI,Daywise_Price_and_OI_Summary_25AUG26_Report_2026-08-06 (2).xlsx,,,,,,,,,,,,,,,,,,,,,,,,,,,,,,,,,,,,,,,,,,,,,,,,,,
JSWENERGY,4.2,565.1,567.0,564.4,564.5,-1.9,-0.34,-0.06,-0.26,4,0.02,-0.01,-1.11,25.0,0.45,-13.0,-0.26,-38,PRICE_OI,Daywise_Price_and_OI_Summary_25AUG26_Report_2026-08-06 (2).xlsx,,,,,,,,,,,,,,,,,,,,,,,,,,,,,,,,,,,,,,,,,,,,,,,,,,
SAIL,6.25,177.0,177.0,175.3,176.54,-1.12,-0.63,0.64,1.87,7,0.02,0.0,0.0,40.0,0.77,12.0,0.35,-28,PRICE_OI,Daywise_Price_and_OI_Summary_25AUG26_Report_2026-08-06 (2).xlsx,,,,,,,,,,,,,,,,,,,,,,,,,,,,,,,,,,,,,,,,,,,,,,,,,,
SUPREMEIND,5.5,3467.3,3482.7,3466.8,3467.9,-6.2,-0.18,0.47,1.54,3,0.02,-0.01,-1.52,67.0,1.27,0.0,0.0,-,PRICE_OI,Daywise_Price_and_OI_Summary_25AUG26_Report_2026-08-06 (2).xlsx,,,,,,,,,,,,,,,,,,,,,,,,,,,,,,,,,,,,,,,,,,,,,,,,,,
TATACONSUM,4.04,1086.1,1094.0,1085.0,1091.0,-3.3,-0.3,0.23,1.03,5,0.02,0.0,0.0,30.0,0.37,12.0,0.24,-18,PRICE_OI,Daywise_Price_and_OI_Summary_25AUG26_Report_2026-08-06 (2).xlsx,,,,,,,,,,,,,,,,,,,,,,,,,,,,,,,,,,,,,,,,,,,,,,,,,,
UNITDSPR,4.09,1531.9,1536.6,1527.2,1527.4,-3.1,-0.2,0.19,0.84,4,0.02,0.0,0.0,18.0,0.33,4.0,0.08,-14,PRICE_OI,Daywise_Price_and_OI_Summary_25AUG26_Report_2026-08-06 (2).xlsx,,,,,,,,,,,,,,,,,,,,,,,,,,,,,,,,,,,,,,,,,,,,,,,,,,
BHARTIARTL,3.42,1950.1,1962.0,1946.2,1960.5,2.5,0.13,0.01,0.05,30,0.03,0.0,0.0,132.0,0.34,110.0,0.57,-22,PRICE_OI,Daywise_Price_and_OI_Summary_25AUG26_Report_2026-08-06 (2).xlsx,,,,,,,,,,,,,,,,,,,,,,,,,,,,,,,,,,,,,,,,,,,,,,,,,,
HINDUNILVR,3.37,2087.6,2096.0,2087.6,2092.2,-2.6,-0.12,0.89,4.9,16,0.03,-0.01,-1.92,405.0,1.02,138.0,0.68,-267,PRICE_OI,Daywise_Price_and_OI_Summary_25AUG26_Report_2026-08-06 (2).xlsx,,,,,,,,,,,,,,,,,,,,,,,,,,,,,,,,,,,,,,,,,,,,,,,,,,
NMDC,5.77,86.4,86.4,85.05,85.27,-0.86,-1.0,0.82,2.6,18,0.03,-0.01,-1.59,99.0,1.04,10.0,0.17,-89,PRICE_OI,Daywise_Price_and_OI_Summary_25AUG26_Report_2026-08-06 (2).xlsx,,,,,,,,,,,,,,,,,,,,,,,,,,,,,,,,,,,,,,,,,,,,,,,,,,
TIINDIA,7.17,2766.3,2790.0,2766.3,2774.4,5.7,0.21,0.96,2.45,4,0.03,0.0,0.0,19.0,0.78,12.0,0.88,-7,PRICE_OI,Daywise_Price_and_OI_Summary_25AUG26_Report_2026-08-06 (2).xlsx,,,,,,,,,,,,,,,,,,,,,,,,,,,,,,,,,,,,,,,,,,,,,,,,,,
APOLLOHOSP,4.64,8999.5,9010.0,8971.5,8971.5,6.0,0.07,0.89,3.52,6,0.04,0.0,0.0,57.0,0.75,16.0,0.32,-41,PRICE_OI,Daywise_Price_and_OI_Summary_25AUG26_Report_2026-08-06 (2).xlsx,,,,,,,,,,,,,,,,,,,,,,,,,,,,,,,,,,,,,,,,,,,,,,,,,,
FEDERALBNK,3.76,351.6,352.9,351.4,351.95,-0.85,-0.24,-0.01,-0.05,15,0.04,0.0,0.0,91.0,1.11,45.0,0.72,-46,PRICE_OI,Daywise_Price_and_OI_Summary_25AUG26_Report_2026-08-06 (2).xlsx,,,,,,,,,,,,,,,,,,,,,,,,,,,,,,,,,,,,,,,,,,,,,,,,,,
HDFCAMC,5.03,2541.0,2557.3,2526.1,2551.6,2.3,0.09,0.6,2.21,8,0.04,-0.02,-2.5,152.0,2.17,-10.0,-0.18,-162,PRICE_OI,Daywise_Price_and_OI_Summary_25AUG26_Report_2026-08-06 (2).xlsx,,,,,,,,,,,,,,,,,,,,,,,,,,,,,,,,,,,,,,,,,,,,,,,,,,
HINDPETRO,5.08,394.8,396.35,394.0,395.3,-1.75,-0.44,0.27,0.98,9,0.04,0.0,0.0,62.0,0.99,28.0,0.75,-34,PRICE_OI,Daywise_Price_and_OI_Summary_25AUG26_Report_2026-08-06 (2).xlsx,,,,,,,,,,,,,,,,,,,,,,,,,,,,,,,,,,,,,,,,,,,,,,,,,,
MIDCPNIFTY,2.45,14897.85,14937.95,14861.55,14920.0,22.15,0.15,0.2,1.48,7,0.04,0.04,4.65,-410.0,-0.92,1278.0,3.34,1688,PRICE_OI,Daywise_Price_and_OI_Summary_25AUG26_Report_2026-08-06 (2).xlsx,,,,,,,,,,,,,,,,,,,,,,,,,,,,,,,,,,,,,,,,,,,,,,,,,,
TATAPOWER,3.75,380.0,380.65,379.0,379.6,-0.05,-0.01,-0.14,-0.67,19,0.04,0.0,0.0,177.0,0.93,88.0,0.61,-89,PRICE_OI,Daywise_Price_and_OI_Summary_25AUG26_Report_2026-08-06 (2).xlsx,,,,,,,,,,,,,,,,,,,,,,,,,,,,,,,,,,,,,,,,,,,,,,,,,,
WAAREEENER,5.4,2679.0,2679.0,2664.0,2664.6,-11.6,-0.43,0.48,1.59,16,0.04,-0.01,-1.56,241.0,1.38,9.0,0.08,-232,PRICE_OI,Daywise_Price_and_OI_Summary_25AUG26_Report_2026-08-06 (2).xlsx,,,,,,,,,,,,,,,,,,,,,,,,,,,,,,,,,,,,,,,,,,,,,,,,,,
DIXON,6.12,14144.0,14220.0,14084.0,14104.0,-40.0,-0.28,0.54,1.61,28,0.05,-0.01,-1.72,658.0,1.8,36.0,0.17,-622,PRICE_OI,Daywise_Price_and_OI_Summary_25AUG26_Report_2026-08-06 (2).xlsx,,,,,,,,,,,,,,,,,,,,,,,,,,,,,,,,,,,,,,,,,,,,,,,,,,
MFSL,6.26,1526.7,1526.7,1516.0,1517.0,-9.0,-0.59,0.67,1.89,11,0.05,-0.01,-1.75,42.0,1.25,-12.0,-0.63,-54,PRICE_OI,Daywise_Price_and_OI_Summary_25AUG26_Report_2026-08-06 (2).xlsx,,,,,,,,,,,,,,,,,,,,,,,,,,,,,,,,,,,,,,,,,,,,,,,,,,
NAM-INDIA,7.05,1169.3,1184.5,1164.8,1167.1,-14.6,-1.24,-6.69,-19.83,6,0.05,0.0,0.0,30.0,1.5,7.0,0.75,-23,PRICE_OI,Daywise_Price_and_OI_Summary_25AUG26_Report_2026-08-06 (2).xlsx,,,,,,,,,,,,,,,,,,,,,,,,,,,,,,,,,,,,,,,,,,,,,,,,,,
NATIONALUM,6.25,384.0,384.0,378.45,379.15,-1.2,-0.32,1.07,3.14,11,0.05,0.0,0.0,-3.0,-0.03,3.0,0.04,6,PRICE_OI,Daywise_Price_and_OI_Summary_25AUG26_Report_2026-08-06 (2).xlsx,,,,,,,,,,,,,,,,,,,,,,,,,,,,,,,,,,,,,,,,,,,,,,,,,,
PAYTM,6.93,1435.0,1458.0,1435.0,1446.9,-6.8,-0.47,-0.08,-0.21,13,0.05,0.0,0.0,220.0,1.01,154.0,1.03,-66,PRICE_OI,Daywise_Price_and_OI_Summary_25AUG26_Report_2026-08-06 (2).xlsx,,,,,,,,,,,,,,,,,,,,,,,,,,,,,,,,,,,,,,,,,,,,,,,,,,
SBILIFE,4.07,1878.2,1878.2,1864.9,1866.3,-10.3,-0.55,0.07,0.31,8,0.05,0.01,1.61,92.0,1.91,114.0,3.79,22,PRICE_OI,Daywise_Price_and_OI_Summary_25AUG26_Report_2026-08-06 (2).xlsx,,,,,,,,,,,,,,,,,,,,,,,,,,,,,,,,,,,,,,,,,,,,,,,,,,
SHREECEM,4.65,26300.0,26330.0,26125.0,26125.0,-350.0,-1.32,0.91,3.62,8,0.05,-0.02,-3.28,102.0,2.92,5.0,0.24,-97,PRICE_OI,Daywise_Price_and_OI_Summary_25AUG26_Report_2026-08-06 (2).xlsx,,,,,,,,,,,,,,,,,,,,,,,,,,,,,,,,,,,,,,,,,,,,,,,,,,
SIEMENS,7.03,4002.0,4002.0,3953.9,3965.2,-11.8,-0.3,1.5,3.95,9,0.05,-0.01,-1.43,325.0,3.67,84.0,1.35,-241,PRICE_OI,Daywise_Price_and_OI_Summary_25AUG26_Report_2026-08-06 (2).xlsx,,,,,,,,,,,,,,,,,,,,,,,,,,,,,,,,,,,,,,,,,,,,,,,,,,
VBL,4.99,444.9,449.0,444.9,448.0,1.75,0.39,0.67,2.47,21,0.05,-0.01,-2.22,106.0,0.55,11.0,0.13,-95,PRICE_OI,Daywise_Price_and_OI_Summary_25AUG26_Report_2026-08-06 (2).xlsx,,,,,,,,,,,,,,,,,,,,,,,,,,,,,,,,,,,,,,,,,,,,,,,,,,
AXISBANK,3.45,1256.0,1261.1,1253.0,1254.7,-4.3,-0.34,0.88,4.78,74,0.06,-0.01,-1.47,277.0,0.9,83.0,0.4,-194,PRICE_OI,Daywise_Price_and_OI_Summary_25AUG26_Report_2026-08-06 (2).xlsx,,,,,,,,,,,,,,,,,,,,,,,,,,,,,,,,,,,,,,,,,,,,,,,,,,
HDFCLIFE,3.95,543.1,545.0,543.0,543.5,-1.45,-0.27,-0.21,-0.94,26,0.06,0.0,0.0,100.0,0.46,47.0,0.36,-53,PRICE_OI,Daywise_Price_and_OI_Summary_25AUG26_Report_2026-08-06 (2).xlsx,,,,,,,,,,,,,,,,,,,,,,,,,,,,,,,,,,,,,,,,,,,,,,,,,,
ICICIBANK,3.11,1455.0,1458.7,1454.2,1456.3,-4.8,-0.33,0.22,1.29,81,0.06,-0.01,-1.3,586.0,1.94,290.0,1.25,-296,PRICE_OI,Daywise_Price_and_OI_Summary_25AUG26_Report_2026-08-06 (2).xlsx,,,,,,,,,,,,,,,,,,,,,,,,,,,,,,,,,,,,,,,,,,,,,,,,,,
IEX,4.82,128.15,129.21,128.13,128.48,-0.4,-0.31,0.71,2.67,10,0.06,0.0,0.0,32.0,0.4,13.0,0.26,-19,PRICE_OI,Daywise_Price_and_OI_Summary_25AUG26_Report_2026-08-06 (2).xlsx,,,,,,,,,,,,,,,,,,,,,,,,,,,,,,,,,,,,,,,,,,,,,,,,,,
TATASTEEL,4.57,189.55,190.15,189.28,190.0,-0.54,-0.28,0.52,2.07,37,0.06,0.0,0.0,156.0,0.54,119.0,0.64,-37,PRICE_OI,Daywise_Price_and_OI_Summary_25AUG26_Report_2026-08-06 (2).xlsx,,,,,,,,,,,,,,,,,,,,,,,,,,,,,,,,,,,,,,,,,,,,,,,,,,
TMPV,6.07,347.0,347.0,345.0,345.45,0.6,0.17,-0.06,-0.18,29,0.06,0.01,1.3,-27.0,-0.13,24.0,0.15,51,PRICE_OI,Daywise_Price_and_OI_Summary_25AUG26_Report_2026-08-06 (2).xlsx,,,,,,,,,,,,,,,,,,,,,,,,,,,,,,,,,,,,,,,,,,,,,,,,,,
YESBANK,4.91,22.72,22.84,22.72,22.81,-0.02,-0.09,0.01,0.04,21,0.06,0.0,0.0,3.0,0.03,6.0,0.1,3,PRICE_OI,Daywise_Price_and_OI_Summary_25AUG26_Report_2026-08-06 (2).xlsx,,,,,,,,,,,,,,,,,,,,,,,,,,,,,,,,,,,,,,,,,,,,,,,,,,
ADANIGREEN,6.03,1375.1,1384.2,1373.6,1376.8,-2.3,-0.17,0.02,0.06,31,0.07,-0.01,-1.69,84.0,0.59,-13.0,-0.16,-97,PRICE_OI,Daywise_Price_and_OI_Summary_25AUG26_Report_2026-08-06 (2).xlsx,,,,,,,,,,,,,,,,,,,,,,,,,,,,,,,,,,,,,,,,,,,,,,,,,,
ASTRAL,6.19,1444.4,1452.8,1435.4,1445.1,0.6,0.04,0.33,0.96,11,0.07,0.0,0.0,9.0,0.21,26.0,0.74,17,PRICE_OI,Daywise_Price_and_OI_Summary_25AUG26_Report_2026-08-06 (2).xlsx,,,,,,,,,,,,,,,,,,,,,,,,,,,,,,,,,,,,,,,,,,,,,,,,,,
BANKBARODA,4.88,250.2,250.53,249.49,249.7,-1.19,-0.47,1.28,4.91,32,0.07,-0.01,-1.11,178.0,1.15,-3.0,-0.02,-181,PRICE_OI,Daywise_Price_and_OI_Summary_25AUG26_Report_2026-08-06 (2).xlsx,,,,,,,,,,,,,,,,,,,,,,,,,,,,,,,,,,,,,,,,,,,,,,,,,,
HINDALCO,6.02,1022.0,1033.5,1022.0,1031.6,2.0,0.19,0.56,1.73,56,0.07,-0.01,-1.54,171.0,0.71,-46.0,-0.3,-217,PRICE_OI,Daywise_Price_and_OI_Summary_25AUG26_Report_2026-08-06 (2).xlsx,,,,,,,,,,,,,,,,,,,,,,,,,,,,,,,,,,,,,,,,,,,,,,,,,,
IDEA,7.46,12.7,12.74,12.65,12.7,-0.03,-0.24,0.9,2.24,59,0.07,-0.01,-1.69,346.0,2.22,115.0,1.26,-231,PRICE_OI,Daywise_Price_and_OI_Summary_25AUG26_Report_2026-08-06 (2).xlsx,,,,,,,,,,,,,,,,,,,,,,,,,,,,,,,,,,,,,,,,,,,,,,,,,,
ASIANPAINT,4.04,2763.7,2763.7,2731.6,2746.3,-11.5,-0.42,0.1,0.45,24,0.08,0.0,0.0,258.0,1.3,149.0,1.1,-109,PRICE_OI,Daywise_Price_and_OI_Summary_25AUG26_Report_2026-08-06 (2).xlsx,,,,,,,,,,,,,,,,,,,,,,,,,,,,,,,,,,,,,,,,,,,,,,,,,,
BHEL,6.2,409.65,415.15,409.65,412.65,1.5,0.36,0.66,1.95,26,0.08,0.0,0.0,108.0,0.92,49.0,0.69,-59,PRICE_OI,Daywise_Price_and_OI_Summary_25AUG26_Report_2026-08-06 (2).xlsx,,,,,,,,,,,,,,,,,,,,,,,,,,,,,,,,,,,,,,,,,,,,,,,,,,
INDHOTEL,4.08,739.95,739.95,731.6,735.3,-1.55,-0.21,0.76,3.43,16,0.08,0.0,0.0,72.0,1.47,12.0,0.41,-60,PRICE_OI,Daywise_Price_and_OI_Summary_25AUG26_Report_2026-08-06 (2).xlsx,,,,,,,,,,,,,,,,,,,,,,,,,,,,,,,,,,,,,,,,,,,,,,,,,,
KFINTECH,6.37,929.0,935.0,927.4,929.85,2.15,0.23,-0.21,-0.58,6,0.08,0.0,0.0,51.0,0.96,15.0,0.54,-36,PRICE_OI,Daywise_Price_and_OI_Summary_25AUG26_Report_2026-08-06 (2).xlsx,,,,,,,,,,,,,,,,,,,,,,,,,,,,,,,,,,,,,,,,,,,,,,,,,,
LAURUSLABS,4.96,1833.8,1844.0,1830.3,1838.0,8.3,0.45,0.06,0.22,16,0.08,0.02,2.17,-75.0,-0.53,152.0,1.16,227,PRICE_OI,Daywise_Price_and_OI_Summary_25AUG26_Report_2026-08-06 (2).xlsx,,,,,,,,,,,,,,,,,,,,,,,,,,,,,,,,,,,,,,,,,,,,,,,,,,
PNB,4.84,114.82,114.82,114.02,114.55,-0.29,-0.25,0.67,2.54,30,0.08,-0.01,-1.08,66.0,0.76,-17.0,-0.21,-83,PRICE_OI,Daywise_Price_and_OI_Summary_25AUG26_Report_2026-08-06 (2).xlsx,,,,,,,,,,,,,,,,,,,,,,,,,,,,,,,,,,,,,,,,,,,,,,,,,,
GODFRYPHLP,6.52,2242.1,2283.5,2242.0,2265.3,-7.5,-0.33,-0.47,-1.26,6,0.09,0.0,0.0,34.0,0.54,-6.0,-0.18,-40,PRICE_OI,Daywise_Price_and_OI_Summary_25AUG26_Report_2026-08-06 (2).xlsx,,,,,,,,,,,,,,,,,,,,,,,,,,,,,,,,,,,,,,,,,,,,,,,,,,
GODREJPROP,5.58,2089.1,2109.0,2089.1,2102.3,-0.3,-0.01,0.35,1.11,22,0.09,0.0,0.0,34.0,0.33,10.0,0.16,-24,PRICE_OI,Daywise_Price_and_OI_Summary_25AUG26_Report_2026-08-06 (2).xlsx,,,,,,,,,,,,,,,,,,,,,,,,,,,,,,,,,,,,,,,,,,,,,,,,,,
MAZDOCK,6.29,2543.7,2558.2,2514.8,2520.0,-23.0,-0.9,0.52,1.52,20,0.09,0.0,0.0,152.0,1.02,52.0,0.59,-100,PRICE_OI,Daywise_Price_and_OI_Summary_25AUG26_Report_2026-08-06 (2).xlsx,,,,,,,,,,,,,,,,,,,,,,,,,,,,,,,,,,,,,,,,,,,,,,,,,,
SRF,4.61,2639.3,2652.6,2633.2,2642.0,2.7,0.1,0.38,1.48,20,0.09,0.0,0.0,91.0,0.6,14.0,0.19,-77,PRICE_OI,Daywise_Price_and_OI_Summary_25AUG26_Report_2026-08-06 (2).xlsx,,,,,,,,,,,,,,,,,,,,,,,,,,,,,,,,,,,,,,,,,,,,,,,,,,
INDUSTOWER,4.64,386.5,386.75,384.5,384.95,-1.85,-0.48,0.62,2.46,49,0.1,0.0,0.0,179.0,1.33,38.0,0.54,-141,PRICE_OI,Daywise_Price_and_OI_Summary_25AUG26_Report_2026-08-06 (2).xlsx,,,,,,,,,,,,,,,,,,,,,,,,,,,,,,,,,,,,,,,,,,,,,,,,,,
LT,3.37,4055.8,4069.9,4055.0,4065.8,-5.8,-0.14,0.81,4.5,60,0.1,0.0,0.0,161.0,0.56,91.0,0.39,-70,PRICE_OI,Daywise_Price_and_OI_Summary_25AUG26_Report_2026-08-06 (2).xlsx,,,,,,,,,,,,,,,,,,,,,,,,,,,,,,,,,,,,,,,,,,,,,,,,,,
NTPC,3.69,347.5,348.35,346.25,347.75,1.2,0.35,-0.03,-0.15,70,0.1,0.0,0.0,22.0,0.11,22.0,0.16,0,PRICE_OI,Daywise_Price_and_OI_Summary_25AUG26_Report_2026-08-06 (2).xlsx,,,,,,,,,,,,,,,,,,,,,,,,,,,,,,,,,,,,,,,,,,,,,,,,,,
PIDILITIND,4.02,1671.0,1678.6,1670.5,1673.6,-0.4,-0.02,0.03,0.13,13,0.1,0.01,1.43,-20.0,-0.3,62.0,1.33,82,PRICE_OI,Daywise_Price_and_OI_Summary_25AUG26_Report_2026-08-06 (2).xlsx,,,,,,,,,,,,,,,,,,,,,,,,,,,,,,,,,,,,,,,,,,,,,,,,,,
SOLARINDS,6.48,18709.0,18709.0,18507.0,18550.0,-132.0,-0.71,0.96,2.77,16,0.1,-0.01,-1.43,36.0,0.74,6.0,0.18,-30,PRICE_OI,Daywise_Price_and_OI_Summary_25AUG26_Report_2026-08-06 (2).xlsx,,,,,,,,,,,,,,,,,,,,,,,,,,,,,,,,,,,,,,,,,,,,,,,,,,
AMBUJACEM,4.95,437.5,438.05,434.0,434.1,-4.4,-1.0,-0.08,-0.28,78,0.11,-0.03,-5.0,649.0,4.78,84.0,1.04,-565,PRICE_OI,Daywise_Price_and_OI_Summary_25AUG26_Report_2026-08-06 (2).xlsx,,,,,,,,,,,,,,,,,,,,,,,,,,,,,,,,,,,,,,,,,,,,,,,,,,
HYUNDAI,4.84,2218.4,2218.4,2197.0,2197.1,-8.0,-0.36,0.72,2.67,15,0.11,-0.01,-0.88,45.0,0.63,-16.0,-0.2,-61,PRICE_OI,Daywise_Price_and_OI_Summary_25AUG26_Report_2026-08-06 (2).xlsx,,,,,,,,,,,,,,,,,,,,,,,,,,,,,,,,,,,,,,,,,,,,,,,,,,
IDFCFIRSTB,4.7,84.84,85.11,84.51,84.88,0.13,0.15,0.43,1.66,42,0.11,0.0,0.0,-20.0,-0.15,11.0,0.12,31,PRICE_OI,Daywise_Price_and_OI_Summary_25AUG26_Report_2026-08-06 (2).xlsx,,,,,,,,,,,,,,,,,,,,,,,,,,,,,,,,,,,,,,,,,,,,,,,,,,
SBICARD,4.73,660.3,663.5,655.9,661.05,-0.55,-0.08,0.27,1.02,32,0.11,-0.01,-1.59,-11.0,-0.14,-26.0,-0.53,-15,PRICE_OI,Daywise_Price_and_OI_Summary_25AUG26_Report_2026-08-06 (2).xlsx,,,,,,,,,,,,,,,,,,,,,,,,,,,,,,,,,,,,,,,,,,,,,,,,,,
ADANIPOWER,6.19,210.0,211.0,209.14,209.48,-0.63,-0.3,1.22,3.65,53,0.12,-0.01,-1.69,296.0,2.39,42.0,0.58,-254,PRICE_OI,Daywise_Price_and_OI_Summary_25AUG26_Report_2026-08-06 (2).xlsx,,,,,,,,,,,,,,,,,,,,,,,,,,,,,,,,,,,,,,,,,,,,,,,,,,
BHARATFORG,6.25,2200.0,2229.9,2199.9,2225.5,2.8,0.13,0.94,2.76,20,0.12,-0.03,-3.85,125.0,2.12,-47.0,-1.03,-172,PRICE_OI,Daywise_Price_and_OI_Summary_25AUG26_Report_2026-08-06 (2).xlsx,,,,,,,,,,,,,,,,,,,,,,,,,,,,,,,,,,,,,,,,,,,,,,,,,,
HDFCBANK,4.32,737.5,740.0,737.1,737.95,-1.45,-0.2,0.85,3.65,559,0.12,0.0,0.0,2850.0,1.33,1248.0,1.2,-1602,PRICE_OI,Daywise_Price_and_OI_Summary_25AUG26_Report_2026-08-06 (2).xlsx,,,,,,,,,,,,,,,,,,,,,,,,,,,,,,,,,,,,,,,,,,,,,,,,,,
POLICYBZR,6.01,1600.0,1605.0,1590.0,1592.0,-10.8,-0.67,0.49,1.5,31,0.12,0.0,0.0,53.0,0.57,9.0,0.15,-44,PRICE_OI,Daywise_Price_and_OI_Summary_25AUG26_Report_2026-08-06 (2).xlsx,,,,,,,,,,,,,,,,,,,,,,,,,,,,,,,,,,,,,,,,,,,,,,,,,,
TORNTPHARM,4.61,4981.0,5011.0,4976.0,5009.5,8.0,0.16,1.1,4.4,35,0.12,0.01,1.79,-28.0,-0.33,61.0,1.3,89,PRICE_OI,Daywise_Price_and_OI_Summary_25AUG26_Report_2026-08-06 (2).xlsx,,,,,,,,,,,,,,,,,,,,,,,,,,,,,,,,,,,,,,,,,,,,,,,,,,
ULTRACEMCO,3.94,12126.0,12126.0,12026.0,12026.0,-100.0,-0.82,0.86,4.12,39,0.12,0.0,0.0,456.0,3.4,194.0,3.09,-262,PRICE_OI,Daywise_Price_and_OI_Summary_25AUG26_Report_2026-08-06 (2).xlsx,,,,,,,,,,,,,,,,,,,,,,,,,,,,,,,,,,,,,,,,,,,,,,,,,,
CIPLA,3.78,1470.0,1478.7,1470.0,1470.1,-8.6,-0.58,0.28,1.34,28,0.13,0.0,0.0,173.0,1.58,88.0,1.21,-85,PRICE_OI,Daywise_Price_and_OI_Summary_25AUG26_Report_2026-08-06 (2).xlsx,,,,,,,,,,,,,,,,,,,,,,,,,,,,,,,,,,,,,,,,,,,,,,,,,,
JINDALSTEL,4.38,1104.0,1110.1,1102.5,1103.0,-6.3,-0.57,0.56,2.34,31,0.13,0.0,0.0,-3.0,-0.05,-7.0,-0.15,-4,PRICE_OI,Daywise_Price_and_OI_Summary_25AUG26_Report_2026-08-06 (2).xlsx,,,,,,,,,,,,,,,,,,,,,,,,,,,,,,,,,,,,,,,,,,,,,,,,,,
JIOFIN,5.55,263.1,263.1,260.9,261.3,-3.2,-1.21,0.45,1.47,98,0.13,-0.01,-1.56,494.0,1.44,-45.0,-0.2,-539,PRICE_OI,Daywise_Price_and_OI_Summary_25AUG26_Report_2026-08-06 (2).xlsx,,,,,,,,,,,,,,,,,,,,,,,,,,,,,,,,,,,,,,,,,,,,,,,,,,
LODHA,6.49,1215.0,1223.9,1210.0,1216.1,-5.5,-0.45,0.46,1.27,24,0.13,0.0,0.0,11.0,0.13,-5.0,-0.08,-16,PRICE_OI,Daywise_Price_and_OI_Summary_25AUG26_Report_2026-08-06 (2).xlsx,,,,,,,,,,,,,,,,,,,,,,,,,,,,,,,,,,,,,,,,,,,,,,,,,,
M&M,4.37,3424.0,3464.4,3419.7,3454.0,22.3,0.65,0.2,0.83,80,0.13,0.01,1.25,90.0,0.33,336.0,1.55,246,PRICE_OI,Daywise_Price_and_OI_Summary_25AUG26_Report_2026-08-06 (2).xlsx,,,,,,,,,,,,,,,,,,,,,,,,,,,,,,,,,,,,,,,,,,,,,,,,,,
RBLBANK,5.04,390.0,390.3,387.4,387.4,-2.6,-0.67,0.65,2.34,17,0.13,-0.01,-1.32,42.0,0.97,-8.0,-0.24,-50,PRICE_OI,Daywise_Price_and_OI_Summary_25AUG26_Report_2026-08-06 (2).xlsx,,,,,,,,,,,,,,,,,,,,,,,,,,,,,,,,,,,,,,,,,,,,,,,,,,
GLENMARK,5.22,2272.0,2279.3,2262.1,2274.4,2.4,0.11,-0.6,-2.09,44,0.14,0.0,0.0,46.0,0.58,29.0,0.74,-17,PRICE_OI,Daywise_Price_and_OI_Summary_25AUG26_Report_2026-08-06 (2).xlsx,,,,,,,,,,,,,,,,,,,,,,,,,,,,,,,,,,,,,,,,,,,,,,,,,,
FORTIS,4.66,921.1,937.35,904.5,934.8,8.5,0.92,-2.03,-7.19,20,0.15,0.0,0.0,-252.0,-5.08,-142.0,-4.46,110,PRICE_OI,Daywise_Price_and_OI_Summary_25AUG26_Report_2026-08-06 (2).xlsx,,,,,,,,,,,,,,,,,,,,,,,,,,,,,,,,,,,,,,,,,,,,,,,,,,
INFY,5.09,1160.0,1182.9,1159.1,1181.9,10.7,0.91,1.34,4.89,322,0.15,0.01,1.08,301.0,0.38,594.0,0.79,293,PRICE_OI,Daywise_Price_and_OI_Summary_25AUG26_Report_2026-08-06 (2).xlsx,,,,,,,,,,,,,,,,,,,,,,,,,,,,,,,,,,,,,,,,,,,,,,,,,,
IREDA,5.64,117.59,117.86,117.32,117.7,-0.08,-0.07,0.55,1.77,27,0.15,0.0,0.0,81.0,0.96,3.0,0.05,-78,PRICE_OI,Daywise_Price_and_OI_Summary_25AUG26_Report_2026-08-06 (2).xlsx,,,,,,,,,,,,,,,,,,,,,,,,,,,,,,,,,,,,,,,,,,,,,,,,,,
COLPAL,4.25,2034.6,2047.0,2029.0,2037.5,-2.2,-0.11,0.44,1.89,29,0.16,0.0,0.0,-13.0,-0.11,14.0,0.23,27,PRICE_OI,Daywise_Price_and_OI_Summary_25AUG26_Report_2026-08-06 (2).xlsx,,,,,,,,,,,,,,,,,,,,,,,,,,,,,,,,,,,,,,,,,,,,,,,,,,
GMRAIRPORT,6.07,106.18,106.76,105.83,106.5,0.46,0.43,-0.61,-1.77,30,0.16,0.01,1.09,-9.0,-0.17,4.0,0.08,13,PRICE_OI,Daywise_Price_and_OI_Summary_25AUG26_Report_2026-08-06 (2).xlsx,,,,,,,,,,,,,,,,,,,,,,,,,,,,,,,,,,,,,,,,,,,,,,,,,,
IRFC,5.07,89.81,89.89,89.19,89.19,-0.62,-0.69,0.3,1.07,28,0.17,0.0,0.0,164.0,1.2,53.0,0.59,-111,PRICE_OI,Daywise_Price_and_OI_Summary_25AUG26_Report_2026-08-06 (2).xlsx,,,,,,,,,,,,,,,,,,,,,,,,,,,,,,,,,,,,,,,,,,,,,,,,,,
FORCEMOT,6.17,18779.0,18930.0,18662.0,18741.0,-69.0,-0.37,0.55,1.62,17,0.18,0.01,1.16,-9.0,-0.17,32.0,0.71,41,PRICE_OI,Daywise_Price_and_OI_Summary_25AUG26_Report_2026-08-06 (2).xlsx,,,,,,,,,,,,,,,,,,,,,,,,,,,,,,,,,,,,,,,,,,,,,,,,,,
ICICIGI,4.37,1654.8,1658.6,1645.6,1646.1,-7.9,-0.48,0.11,0.43,30,0.18,-0.01,-1.72,78.0,1.15,13.0,0.33,-65,PRICE_OI,Daywise_Price_and_OI_Summary_25AUG26_Report_2026-08-06 (2).xlsx,,,,,,,,,,,,,,,,,,,,,,,,,,,,,,,,,,,,,,,,,,,,,,,,,,
MARICO,3.7,865.0,865.25,859.1,862.15,-2.15,-0.25,0.25,1.22,27,0.18,0.0,0.0,41.0,0.45,32.0,0.6,-9,PRICE_OI,Daywise_Price_and_OI_Summary_25AUG26_Report_2026-08-06 (2).xlsx,,,,,,,,,,,,,,,,,,,,,,,,,,,,,,,,,,,,,,,,,,,,,,,,,,
OIL,5.65,444.75,452.5,441.1,450.6,6.05,1.36,-0.04,-0.13,21,0.18,0.01,1.33,-22.0,-0.68,41.0,1.7,63,PRICE_OI,Daywise_Price_and_OI_Summary_25AUG26_Report_2026-08-06 (2).xlsx,,,,,,,,,,,,,,,,,,,,,,,,,,,,,,,,,,,,,,,,,,,,,,,,,,
PATANJALI,7.54,354.85,356.35,353.3,353.7,0.1,0.03,0.55,1.33,58,0.18,0.0,0.0,-13.0,-0.13,-16.0,-0.23,-3,PRICE_OI,Daywise_Price_and_OI_Summary_25AUG26_Report_2026-08-06 (2).xlsx,,,,,,,,,,,,,,,,,,,,,,,,,,,,,,,,,,,,,,,,,,,,,,,,,,
IOC,4.22,142.11,142.68,141.51,142.38,-0.54,-0.38,0.41,1.76,58,0.19,-0.01,-1.37,56.0,0.64,-6.0,-0.09,-62,PRICE_OI,Daywise_Price_and_OI_Summary_25AUG26_Report_2026-08-06 (2).xlsx,,,,,,,,,,,,,,,,,,,,,,,,,,,,,,,,,,,,,,,,,,,,,,,,,,
JUBLFOOD,7.17,469.3,473.9,469.3,473.45,3.25,0.69,0.97,2.4,29,0.19,0.0,0.0,17.0,0.22,17.0,0.28,0,PRICE_OI,Daywise_Price_and_OI_Summary_25AUG26_Report_2026-08-06 (2).xlsx,,,,,,,,,,,,,,,,,,,,,,,,,,,,,,,,,,,,,,,,,,,,,,,,,,
MOTILALOFS,5.91,862.25,872.35,861.45,861.45,-5.75,-0.66,0.12,0.37,16,0.19,0.01,1.75,-35.0,-0.92,-3.0,-0.14,32,PRICE_OI,Daywise_Price_and_OI_Summary_25AUG26_Report_2026-08-06 (2).xlsx,,,,,,,,,,,,,,,,,,,,,,,,,,,,,,,,,,,,,,,,,,,,,,,,,,
BANKINDIA,5.88,143.5,143.5,142.67,143.12,-0.37,-0.26,0.06,0.18,36,0.21,-0.01,-1.19,44.0,0.64,0.0,0.0,-,PRICE_OI,Daywise_Price_and_OI_Summary_25AUG26_Report_2026-08-06 (2).xlsx,,,,,,,,,,,,,,,,,,,,,,,,,,,,,,,,,,,,,,,,,,,,,,,,,,
DALBHARAT,4.19,1841.5,1841.5,1795.7,1805.3,-28.3,-1.54,-1.08,-4.03,24,0.21,-0.01,-1.3,18.0,1.07,-3.0,-0.23,-21,PRICE_OI,Daywise_Price_and_OI_Summary_25AUG26_Report_2026-08-06 (2).xlsx,,,,,,,,,,,,,,,,,,,,,,,,,,,,,,,,,,,,,,,,,,,,,,,,,,
PFC,5.02,416.0,417.5,414.7,414.7,-2.15,-0.52,0.02,0.07,92,0.21,-0.02,-2.56,294.0,2.94,15.0,0.19,-279,PRICE_OI,Daywise_Price_and_OI_Summary_25AUG26_Report_2026-08-06 (2).xlsx,,,,,,,,,,,,,,,,,,,,,,,,,,,,,,,,,,,,,,,,,,,,,,,,,,
POWERGRID,3.82,267.75,270.6,267.75,269.9,0.3,0.11,-1.11,-4.94,60,0.21,-0.01,-1.64,291.0,1.43,27.0,0.22,-264,PRICE_OI,Daywise_Price_and_OI_Summary_25AUG26_Report_2026-08-06 (2).xlsx,,,,,,,,,,,,,,,,,,,,,,,,,,,,,,,,,,,,,,,,,,,,,,,,,,
APLAPOLLO,4.54,1960.7,1983.0,1958.5,1967.9,3.3,0.17,0.61,2.45,36,0.22,0.0,0.0,6.0,0.09,15.0,0.3,9,PRICE_OI,Daywise_Price_and_OI_Summary_25AUG26_Report_2026-08-06 (2).xlsx,,,,,,,,,,,,,,,,,,,,,,,,,,,,,,,,,,,,,,,,,,,,,,,,,,
MAXHEALTH,5.02,1073.4,1078.2,1072.1,1077.0,-0.9,-0.08,-0.61,-2.13,43,0.22,-0.01,-1.45,111.0,2.22,47.0,1.36,-64,PRICE_OI,Daywise_Price_and_OI_Summary_25AUG26_Report_2026-08-06 (2).xlsx,,,,,,,,,,,,,,,,,,,,,,,,,,,,,,,,,,,,,,,,,,,,,,,,,,
NYKAA,5.34,332.0,333.05,329.9,331.0,-3.1,-0.93,0.38,1.29,36,0.23,0.0,0.0,131.0,1.68,59.0,1.64,-72,PRICE_OI,Daywise_Price_and_OI_Summary_25AUG26_Report_2026-08-06 (2).xlsx,,,,,,,,,,,,,,,,,,,,,,,,,,,,,,,,,,,,,,,,,,,,,,,,,,
SONACOMS,6.15,794.4,801.9,789.45,797.6,5.05,0.64,-0.13,-0.42,22,0.23,0.0,0.0,37.0,0.8,14.0,0.38,-23,PRICE_OI,Daywise_Price_and_OI_Summary_25AUG26_Report_2026-08-06 (2).xlsx,,,,,,,,,,,,,,,,,,,,,,,,,,,,,,,,,,,,,,,,,,,,,,,,,,
VEDL,6.29,275.95,277.9,274.2,274.25,-2.4,-0.87,1.16,3.35,117,0.23,0.0,0.0,-17.0,-0.06,-54.0,-0.35,-37,PRICE_OI,Daywise_Price_and_OI_Summary_25AUG26_Report_2026-08-06 (2).xlsx,,,,,,,,,,,,,,,,,,,,,,,,,,,,,,,,,,,,,,,,,,,,,,,,,,
ADANIENT,5.59,3040.0,3048.6,3032.0,3036.7,-11.1,-0.36,0.06,0.2,120,0.24,0.0,0.0,212.0,1.49,75.0,0.68,-137,PRICE_OI,Daywise_Price_and_OI_Summary_25AUG26_Report_2026-08-06 (2).xlsx,,,,,,,,,,,,,,,,,,,,,,,,,,,,,,,,,,,,,,,,,,,,,,,,,,
NBCC,6.75,96.4,96.58,95.7,95.73,-0.75,-0.78,1.21,3.31,37,0.24,0.0,0.0,5.0,0.1,14.0,0.5,9,PRICE_OI,Daywise_Price_and_OI_Summary_25AUG26_Report_2026-08-06 (2).xlsx,,,,,,,,,,,,,,,,,,,,,,,,,,,,,,,,,,,,,,,,,,,,,,,,,,
DLF,5.63,643.0,647.55,640.15,643.7,-3.3,-0.51,0.36,1.14,126,0.25,-0.01,-1.64,388.0,2.64,38.0,0.42,-350,PRICE_OI,Daywise_Price_and_OI_Summary_25AUG26_Report_2026-08-06 (2).xlsx,,,,,,,,,,,,,,,,,,,,,,,,,,,,,,,,,,,,,,,,,,,,,,,,,,
ANGELONE,6.39,298.3,299.45,296.75,297.3,-1.0,-0.34,1.03,2.95,30,0.26,0.0,0.0,145.0,1.6,27.0,0.56,-118,PRICE_OI,Daywise_Price_and_OI_Summary_25AUG26_Report_2026-08-06 (2).xlsx,,,,,,,,,,,,,,,,,,,,,,,,,,,,,,,,,,,,,,,,,,,,,,,,,,
AUROPHARMA,4.83,1582.0,1599.8,1580.4,1592.7,0.3,0.02,0.38,1.41,50,0.26,0.0,0.0,56.0,0.69,17.0,0.36,-39,PRICE_OI,Daywise_Price_and_OI_Summary_25AUG26_Report_2026-08-06 (2).xlsx,,,,,,,,,,,,,,,,,,,,,,,,,,,,,,,,,,,,,,,,,,,,,,,,,,
PNBHOUSING,5.94,1146.6,1151.0,1141.0,1151.0,-0.6,-0.05,0.86,2.64,29,0.26,0.01,1.35,-53.0,-0.87,36.0,0.8,89,PRICE_OI,Daywise_Price_and_OI_Summary_25AUG26_Report_2026-08-06 (2).xlsx,,,,,,,,,,,,,,,,,,,,,,,,,,,,,,,,,,,,,,,,,,,,,,,,,,
POLYCAB,4.64,9350.0,9350.0,9287.0,9290.0,-57.0,-0.61,0.22,0.86,47,0.26,0.0,0.0,214.0,2.07,177.0,2.15,-37,PRICE_OI,Daywise_Price_and_OI_Summary_25AUG26_Report_2026-08-06 (2).xlsx,,,,,,,,,,,,,,,,,,,,,,,,,,,,,,,,,,,,,,,,,,,,,,,,,,
ZYDUSLIFE,5.64,1105.4,1109.9,1105.2,1106.4,-1.3,-0.12,-0.6,-1.91,29,0.26,0.02,1.94,20.0,0.82,76.0,3.04,56,PRICE_OI,Daywise_Price_and_OI_Summary_25AUG26_Report_2026-08-06 (2).xlsx,,,,,,,,,,,,,,,,,,,,,,,,,,,,,,,,,,,,,,,,,,,,,,,,,,
ICICIPRULI,4.5,505.2,507.9,504.15,505.1,-2.6,-0.51,3.9,15.57,54,0.28,-0.01,-1.59,96.0,2.53,4.0,0.17,-92,PRICE_OI,Daywise_Price_and_OI_Summary_25AUG26_Report_2026-08-06 (2).xlsx,,,,,,,,,,,,,,,,,,,,,,,,,,,,,,,,,,,,,,,,,,,,,,,,,,
CHOLAFIN,5.55,1925.7,1926.0,1902.9,1917.1,-21.9,-1.13,-0.41,-1.33,69,0.32,-0.04,-4.21,159.0,2.66,-81.0,-1.43,-240,PRICE_OI,Daywise_Price_and_OI_Summary_25AUG26_Report_2026-08-06 (2).xlsx,,,,,,,,,,,,,,,,,,,,,,,,,,,,,,,,,,,,,,,,,,,,,,,,,,
PERSISTENT,6.04,5513.0,5580.0,5513.0,5571.5,62.0,1.13,-0.06,-0.18,88,0.32,0.02,3.03,-143.0,-1.01,224.0,2.4,367,PRICE_OI,Daywise_Price_and_OI_Summary_25AUG26_Report_2026-08-06 (2).xlsx,,,,,,,,,,,,,,,,,,,,,,,,,,,,,,,,,,,,,,,,,,,,,,,,,,
HINDZINC,5.4,598.35,598.35,593.1,593.95,-0.1,-0.02,-0.82,-2.65,79,0.33,-0.02,-2.99,310.0,1.77,-35.0,-0.3,-345,PRICE_OI,Daywise_Price_and_OI_Summary_25AUG26_Report_2026-08-06 (2).xlsx,,,,,,,,,,,,,,,,,,,,,,,,,,,,,,,,,,,,,,,,,,,,,,,,,,
OBEROIRLTY,4.98,1775.3,1800.0,1775.3,1797.3,8.4,0.47,0.39,1.42,52,0.33,-0.01,-1.79,99.0,1.99,6.0,0.22,-93,PRICE_OI,Daywise_Price_and_OI_Summary_25AUG26_Report_2026-08-06 (2).xlsx,,,,,,,,,,,,,,,,,,,,,,,,,,,,,,,,,,,,,,,,,,,,,,,,,,
UNOMINDA,5.08,1270.0,1281.9,1269.3,1279.0,11.8,0.93,0.38,1.36,29,0.33,0.02,3.23,-19.0,-0.44,46.0,1.7,65,PRICE_OI,Daywise_Price_and_OI_Summary_25AUG26_Report_2026-08-06 (2).xlsx,,,,,,,,,,,,,,,,,,,,,,,,,,,,,,,,,,,,,,,,,,,,,,,,,,
ASHOKLEY,6.18,176.7,177.19,175.76,176.81,-0.86,-0.48,0.63,1.86,95,0.35,-0.01,-1.08,31.0,0.26,-94.0,-0.83,-125,PRICE_OI,Daywise_Price_and_OI_Summary_25AUG26_Report_2026-08-06 (2).xlsx,,,,,,,,,,,,,,,,,,,,,,,,,,,,,,,,,,,,,,,,,,,,,,,,,,
CDSL,5.25,1339.0,1339.5,1332.2,1332.8,-6.2,-0.46,0.97,3.37,82,0.37,-0.01,-1.45,138.0,0.94,37.0,0.36,-101,PRICE_OI,Daywise_Price_and_OI_Summary_25AUG26_Report_2026-08-06 (2).xlsx,,,,,,,,,,,,,,,,,,,,,,,,,,,,,,,,,,,,,,,,,,,,,,,,,,
MUTHOOTFIN,5.43,2918.6,2926.0,2880.0,2913.3,6.1,0.21,-0.52,-1.69,94,0.37,0.0,0.0,69.0,0.31,3.0,0.03,-66,PRICE_OI,Daywise_Price_and_OI_Summary_25AUG26_Report_2026-08-06 (2).xlsx,,,,,,,,,,,,,,,,,,,,,,,,,,,,,,,,,,,,,,,,,,,,,,,,,,
UNIONBANK,5.77,181.89,182.0,180.52,181.17,-0.55,-0.3,0.27,0.84,96,0.37,0.0,0.0,90.0,1.05,72.0,0.95,-18,PRICE_OI,Daywise_Price_and_OI_Summary_25AUG26_Report_2026-08-06 (2).xlsx,,,,,,,,,,,,,,,,,,,,,,,,,,,,,,,,,,,,,,,,,,,,,,,,,,
INOXWIND,8.87,78.02,78.05,75.82,77.3,-1.18,-1.5,1.05,2.17,63,0.38,-0.01,-1.56,175.0,2.85,24.0,0.61,-151,PRICE_OI,Daywise_Price_and_OI_Summary_25AUG26_Report_2026-08-06 (2).xlsx,,,,,,,,,,,,,,,,,,,,,,,,,,,,,,,,,,,,,,,,,,,,,,,,,,
NHPC,4.75,77.28,77.49,76.85,76.85,-0.51,-0.66,0.64,2.5,70,0.39,-0.02,-2.67,115.0,1.46,-3.0,-0.05,-118,PRICE_OI,Daywise_Price_and_OI_Summary_25AUG26_Report_2026-08-06 (2).xlsx,,,,,,,,,,,,,,,,,,,,,,,,,,,,,,,,,,,,,,,,,,,,,,,,,,
LICHSGFIN,4.48,500.15,500.2,494.95,495.85,-3.25,-0.65,0.64,2.58,127,0.4,-0.01,-1.56,575.0,3.71,197.0,1.99,-378,PRICE_OI,Daywise_Price_and_OI_Summary_25AUG26_Report_2026-08-06 (2).xlsx,,,,,,,,,,,,,,,,,,,,,,,,,,,,,,,,,,,,,,,,,,,,,,,,,,
MCX,6.07,2650.0,2697.5,2628.6,2693.1,53.7,2.03,-0.58,-1.67,156,0.4,0.03,4.35,-755.0,-2.69,190.0,0.98,945,PRICE_OI,Daywise_Price_and_OI_Summary_25AUG26_Report_2026-08-06 (2).xlsx,,,,,,,,,,,,,,,,,,,,,,,,,,,,,,,,,,,,,,,,,,,,,,,,,,
BPCL,4.98,324.0,324.3,322.5,323.4,-3.25,-0.99,0.67,2.51,82,0.41,-0.02,-2.94,126.0,2.44,-10.0,-0.28,-136,PRICE_OI,Daywise_Price_and_OI_Summary_25AUG26_Report_2026-08-06 (2).xlsx,,,,,,,,,,,,,,,,,,,,,,,,,,,,,,,,,,,,,,,,,,,,,,,,,,
BANKNIFTY,2.29,58010.0,58079.0,57977.2,58025.2,-154.4,-0.27,0.49,3.96,296,0.42,-0.01,-1.03,3393.0,0.82,565.0,0.14,-2828,PRICE_OI,Daywise_Price_and_OI_Summary_25AUG26_Report_2026-08-06 (2).xlsx,,,,,,,,,,,,,,,,,,,,,,,,,,,,,,,,,,,,,,,,,,,,,,,,,,
DRREDDY,3.76,1160.2,1170.9,1160.2,1170.2,6.0,0.52,0.3,1.45,96,0.42,0.0,0.0,43.0,0.25,24.0,0.21,-19,PRICE_OI,Daywise_Price_and_OI_Summary_25AUG26_Report_2026-08-06 (2).xlsx,,,,,,,,,,,,,,,,,,,,,,,,,,,,,,,,,,,,,,,,,,,,,,,,,,
GAIL,4.74,176.03,176.24,174.42,174.5,-1.52,-0.86,-0.27,-1.01,105,0.42,0.0,0.0,166.0,0.82,12.0,0.15,-154,PRICE_OI,Daywise_Price_and_OI_Summary_25AUG26_Report_2026-08-06 (2).xlsx,,,,,,,,,,,,,,,,,,,,,,,,,,,,,,,,,,,,,,,,,,,,,,,,,,
BLUESTARCO,6.17,1550.0,1594.6,1541.7,1569.0,14.4,0.93,-2.32,-6.21,60,0.43,-0.02,-3.51,22.0,0.32,-103.0,-2.61,-125,PRICE_OI,Daywise_Price_and_OI_Summary_25AUG26_Report_2026-08-06 (2).xlsx,,,,,,,,,,,,,,,,,,,,,,,,,,,,,,,,,,,,,,,,,,,,,,,,,,
CAMS,4.85,795.1,796.95,791.0,792.2,-8.65,-1.08,1.09,3.74,39,0.43,-0.01,-1.85,132.0,1.93,-4.0,-0.11,-136,PRICE_OI,Daywise_Price_and_OI_Summary_25AUG26_Report_2026-08-06 (2).xlsx,,,,,,,,,,,,,,,,,,,,,,,,,,,,,,,,,,,,,,,,,,,,,,,,,,
MPHASIS,6.35,2434.4,2468.8,2430.5,2463.7,43.4,1.79,2.04,6.01,62,0.43,0.01,1.54,-5.0,-0.1,35.0,1.05,40,PRICE_OI,Daywise_Price_and_OI_Summary_25AUG26_Report_2026-08-06 (2).xlsx,,,,,,,,,,,,,,,,,,,,,,,,,,,,,,,,,,,,,,,,,,,,,,,,,,
BDL,7.38,1309.9,1313.0,1297.4,1298.8,-9.0,-0.69,0.46,1.12,75,0.48,0.01,1.32,-97.0,-1.32,-19.0,-0.34,78,PRICE_OI,Daywise_Price_and_OI_Summary_25AUG26_Report_2026-08-06 (2).xlsx,,,,,,,,,,,,,,,,,,,,,,,,,,,,,,,,,,,,,,,,,,,,,,,,,,
COCHINSHIP,6.57,1500.9,1511.6,1486.6,1491.0,-11.1,-0.74,1.41,4.07,63,0.48,-0.03,-3.75,200.0,3.76,-7.0,-0.16,-207,PRICE_OI,Daywise_Price_and_OI_Summary_25AUG26_Report_2026-08-06 (2).xlsx,,,,,,,,,,,,,,,,,,,,,,,,,,,,,,,,,,,,,,,,,,,,,,,,,,
PRESTIGE,5.9,1582.1,1602.9,1582.1,1592.0,10.0,0.63,0.18,0.55,57,0.49,0.01,1.47,-33.0,-0.79,-7.0,-0.25,26,PRICE_OI,Daywise_Price_and_OI_Summary_25AUG26_Report_2026-08-06 (2).xlsx,,,,,,,,,,,,,,,,,,,,,,,,,,,,,,,,,,,,,,,,,,,,,,,,,,
OFSS,6.38,11684.0,11788.0,11684.0,11739.0,20.0,0.17,0.97,2.75,62,0.5,0.0,0.0,92.0,1.07,20.0,0.26,-72,PRICE_OI,Daywise_Price_and_OI_Summary_25AUG26_Report_2026-08-06 (2).xlsx,,,,,,,,,,,,,,,,,,,,,,,,,,,,,,,,,,,,,,,,,,,,,,,,,,
UPL,5.02,577.45,577.55,574.05,574.4,-3.05,-0.53,-0.04,-0.14,137,0.53,-0.01,-2.08,284.0,1.84,20.0,0.27,-264,PRICE_OI,Daywise_Price_and_OI_Summary_25AUG26_Report_2026-08-06 (2).xlsx,,,,,,,,,,,,,,,,,,,,,,,,,,,,,,,,,,,,,,,,,,,,,,,,,,
BIOCON,5.07,434.0,437.8,432.05,434.05,-6.25,-1.42,0.73,2.71,112,0.57,-0.04,-5.26,186.0,2.18,-235.0,-3.6,-421,PRICE_OI,Daywise_Price_and_OI_Summary_25AUG26_Report_2026-08-06 (2).xlsx,,,,,,,,,,,,,,,,,,,,,,,,,,,,,,,,,,,,,,,,,,,,,,,,,,
CUMMINSIND,5.49,5432.0,5444.0,5371.5,5404.5,-27.5,-0.51,-0.47,-1.5,131,0.59,-0.08,-7.84,469.0,5.05,-343.0,-3.61,-812,PRICE_OI,Daywise_Price_and_OI_Summary_25AUG26_Report_2026-08-06 (2).xlsx,,,,,,,,,,,,,,,,,,,,,,,,,,,,,,,,,,,,,,,,,,,,,,,,,,
PIIND,6.6,2751.6,2777.9,2741.0,2765.3,-9.3,-0.34,1.28,3.53,95,0.6,0.01,1.35,10.0,0.23,27.0,0.84,17,PRICE_OI,Daywise_Price_and_OI_Summary_25AUG26_Report_2026-08-06 (2).xlsx,,,,,,,,,,,,,,,,,,,,,,,,,,,,,,,,,,,,,,,,,,,,,,,,,,
SBIN,5.49,1088.0,1089.9,1080.3,1089.8,-0.1,-0.01,2.17,7.58,649,0.6,-0.08,-7.92,3187.0,6.8,-482.0,-1.02,-3669,PRICE_OI,Daywise_Price_and_OI_Summary_25AUG26_Report_2026-08-06 (2).xlsx,,,,,,,,,,,,,,,,,,,,,,,,,,,,,,,,,,,,,,,,,,,,,,,,,,
TECHM,4.89,1642.1,1681.8,1642.1,1680.5,38.2,2.33,1.87,7.14,237,0.82,0.0,0.0,153.0,1.44,168.0,2.76,15,PRICE_OI,Daywise_Price_and_OI_Summary_25AUG26_Report_2026-08-06 (2).xlsx,,,,,,,,,,,,,,,,,,,,,,,,,,,,,,,,,,,,,,,,,,,,,,,,,,
GVT&D,7.64,4365.0,4405.0,4327.7,4358.1,-48.2,-1.09,-3.41,-7.55,169,0.84,-0.03,-3.12,315.0,3.74,66.0,0.82,-249,PRICE_OI,Daywise_Price_and_OI_Summary_25AUG26_Report_2026-08-06 (2).xlsx,,,,,,,,,,,,,,,,,,,,,,,,,,,,,,,,,,,,,,,,,,,,,,,,,,
NIFTYNXT50,2.74,74339.8,74700.0,74009.2,74454.0,74.0,0.1,-3.14,-17.76,7,0.9,-0.24,-11.94,9.0,13.04,-1.0,-0.72,-10,PRICE_OI,Daywise_Price_and_OI_Summary_25AUG26_Report_2026-08-06 (2).xlsx,,,,,,,,,,,,,,,,,,,,,,,,,,,,,,,,,,,,,,,,,,,,,,,,,,
INDIANB,5.78,885.95,888.3,880.45,886.95,3.65,0.41,1.71,5.58,111,0.92,-0.01,-0.98,160.0,2.72,70.0,1.16,-90,PRICE_OI,Daywise_Price_and_OI_Summary_25AUG26_Report_2026-08-06 (2).xlsx,,,,,,,,,,,,,,,,,,,,,,,,,,,,,,,,,,,,,,,,,,,,,,,,,,
AMBER,7.22,7419.0,7477.0,7400.5,7402.5,-60.0,-0.8,0.8,2.01,110,0.93,0.0,0.0,171.0,1.9,212.0,1.94,41,PRICE_OI,Daywise_Price_and_OI_Summary_25AUG26_Report_2026-08-06 (2).xlsx,,,,,,,,,,,,,,,,,,,,,,,,,,,,,,,,,,,,,,,,,,,,,,,,,,
HEROMOTOCO,5.1,5584.0,5715.0,5580.0,5676.0,68.0,1.21,-2.17,-7.09,384,1.24,-0.05,-6.41,2162.0,13.6,801.0,6.45,-1361,PRICE_OI,Daywise_Price_and_OI_Summary_25AUG26_Report_2026-08-06 (2).xlsx,,,,,,,,,,,,,,,,,,,,,,,,,,,,,,,,,,,,,,,,,,,,,,,,,,
360ONE,5.93,1176.5,1192.4,1176.5,1189.9,6.7,0.57,0.97,3.0,112,1.36,0.0,0.0,55.0,1.52,28.0,1.22,-27,PRICE_OI,Daywise_Price_and_OI_Summary_25AUG26_Report_2026-08-06 (2).xlsx,,,,,,,,,,,,,,,,,,,,,,,,,,,,,,,,,,,,,,,,,,,,,,,,,,
RVNL,7.42,236.9,236.9,234.1,234.4,-1.25,-0.53,0.55,1.35,258,1.41,0.0,0.0,315.0,3.02,182.0,2.55,-133,PRICE_OI,Daywise_Price_and_OI_Summary_25AUG26_Report_2026-08-06 (2).xlsx,,,,,,,,,,,,,,,,,,,,,,,,,,,,,,,,,,,,,,,,,,,,,,,,,,
LTF,6.27,317.4,317.4,309.55,310.5,-8.65,-2.71,0.97,2.84,306,1.56,-0.01,-1.49,266.0,3.21,86.0,1.55,-180,PRICE_OI,Daywise_Price_and_OI_Summary_25AUG26_Report_2026-08-06 (2).xlsx,,,,,,,,,,,,,,,,,,,,,,,,,,,,,,,,,,,,,,,,,,,,,,,,,,
BRITANNIA,4.54,5550.0,5678.0,5520.0,5661.0,257.0,4.76,-4.96,-16.33,265,1.73,-0.03,-4.62,4012.0,43.06,2203.0,36.64,-1809,PRICE_OI,Daywise_Price_and_OI_Summary_25AUG26_Report_2026-08-06 (2).xlsx,,,,,,,,,,,,,,,,,,,,,,,,,,,,,,,,,,,,,,,,,,,,,,,,,,
ABCAPITAL,5.54,423.0,423.0,408.1,412.5,-12.25,-2.88,1.54,5.36,211,1.75,-0.06,-8.22,407.0,6.68,-37.0,-0.84,-444,PRICE_OI,Daywise_Price_and_OI_Summary_25AUG26_Report_2026-08-06 (2).xlsx,,,,,,,,,,,,,,,,,,,,,,,,,,,,,,,,,,,,,,,,,,,,,,,,,,
TRENT,5.67,3109.6,3109.6,3015.8,3015.8,-93.2,-3.0,1.2,3.88,820,1.75,-0.04,-8.33,4251.0,13.93,564.0,3.83,-3687,PRICE_OI,Daywise_Price_and_OI_Summary_25AUG26_Report_2026-08-06 (2).xlsx,,,,,,,,,,,,,,,,,,,,,,,,,,,,,,,,,,,,,,,,,,,,,,,,,,
SWIGGY,7.74,287.9,288.1,284.0,284.8,-1.15,-0.4,0.67,1.57,742,1.94,-0.02,-3.45,383.0,1.89,-44.0,-0.38,-427,PRICE_OI,Daywise_Price_and_OI_Summary_25AUG26_Report_2026-08-06 (2).xlsx,,,,,,,,,,,,,,,,,,,,,,,,,,,,,,,,,,,,,,,,,,,,,,,,,,
KALYANKJIL,11.0,609.4,629.9,602.8,625.3,24.45,4.07,6.7,12.07,403,1.97,-0.02,-2.53,1766.0,7.85,948.0,5.33,-818,PRICE_OI,Daywise_Price_and_OI_Summary_25AUG26_Report_2026-08-06 (2).xlsx,,,,,,,,,,,,,,,,,,,,,,,,,,,,,,,,,,,,,,,,,,,,,,,,,,
LTM,6.42,4580.0,4665.3,4552.4,4657.0,84.0,1.84,2.5,7.42,349,2.07,-0.07,-10.14,593.0,7.71,-136.0,-2.56,-729,PRICE_OI,Daywise_Price_and_OI_Summary_25AUG26_Report_2026-08-06 (2).xlsx,,,,,,,,,,,,,,,,,,,,,,,,,,,,,,,,,,,,,,,,,,,,,,,,,,
BAJFINANCE,4.67,1111.0,1111.0,1082.6,1102.4,-52.1,-4.51,1.65,6.73,1546,2.18,-0.17,-17.17,2093.0,7.65,-2868.0,-10.59,-4961,PRICE_OI,Daywise_Price_and_OI_Summary_25AUG26_Report_2026-08-06 (2).xlsx,,,,,,,,,,,,,,,,,,,,,,,,,,,,,,,,,,,,,,,,,,,,,,,,,,
PREMIERENE,6.36,1048.6,1048.8,1023.3,1024.6,-10.8,-1.04,0.17,0.48,243,2.19,-0.17,-26.98,1210.0,37.69,7.0,0.34,-1203,PRICE_OI,Daywise_Price_and_OI_Summary_25AUG26_Report_2026-08-06 (2).xlsx,,,,,,,,,,,,,,,,,,,,,,,,,,,,,,,,,,,,,,,,,,,,,,,,,,
CROMPTON,6.37,270.1,270.1,253.35,254.1,-15.35,-5.7,-1.44,-3.9,621,2.24,-0.01,-1.64,1370.0,19.21,763.0,17.61,-607,PRICE_OI,Daywise_Price_and_OI_Summary_25AUG26_Report_2026-08-06 (2).xlsx,,,,,,,,,,,,,,,,,,,,,,,,,,,,,,,,,,,,,,,,,,,,,,,,,,
PGEL,7.72,618.0,633.95,611.15,623.0,8.6,1.4,-7.93,-15.44,291,2.34,-0.06,-7.5,807.0,10.26,175.0,2.78,-632,PRICE_OI,Daywise_Price_and_OI_Summary_25AUG26_Report_2026-08-06 (2).xlsx,,,,,,,,,,,,,,,,,,,,,,,,,,,,,,,,,,,,,,,,,,,,,,,,,,
LUPIN,4.8,2427.0,2427.0,2384.3,2396.4,-8.2,-0.34,-2.03,-7.1,701,4.43,-0.14,-20.0,3045.0,37.88,664.0,11.87,-2381,PRICE_OI,Daywise_Price_and_OI_Summary_25AUG26_Report_2026-08-06 (2).xlsx,,,,,,,,,,,,,,,,,,,,,,,,,,,,,,,,,,,,,,,,,,,,,,,,,,
FINNIFTY,2.5,26800.1,26909.0,26755.0,26772.2,-229.9,-0.85,0.06,0.43,122,21.63,-0.12,-16.0,1247.0,16.62,-112.0,-2.0,-1359,PRICE_OI,Daywise_Price_and_OI_Summary_25AUG26_Report_2026-08-06 (2).xlsx,,,,,,,,,,,,,,,,,,,,,,,,,,,,,,,,,,,,,,,,,,,,,,,,,,
KALYANKJIL,,,,,,23.25,,,,553,2.7,,,,,,,,FUTURES_OI,FuturesOI_25AUG26_Scan_6_8_2026 (2).xlsx,"Diamond, Gems and Jewellery",624.1,3.87,21013,0.77,LB,-,-,-,-,-,-,-,-,-,-,-,-,-,-,-,-,-,-,,,,,,,,,,,,,,,,,,,,,,,,,,
PGEL,,,,,,6.9,,,,262,2.11,,,,,,,,FUTURES_OI,FuturesOI_25AUG26_Scan_6_8_2026 (2).xlsx,Consumer Durables,621.3,1.12,12703,0.71,LB,-,-,-,-,-,-,-,-,-,-,-,-,-,-,-,-,-,-,,,,,,,,,,,,,,,,,,,,,,,,,,
BRITANNIA,,,,,,258,,,,241,1.57,,,,,,,,FUTURES_OI,FuturesOI_25AUG26_Scan_6_8_2026 (2).xlsx,FMCG,5662.0,4.77,15588,0.63,LB,-,-,-,-,-,-,-,-,-,-,-,-,-,-,-,-,-,-,,,,,,,,,,,,,,,,,,,,,,,,,,
LTM,,,,,,87.3,,,,261,1.55,,,,,,,,FUTURES_OI,FuturesOI_25AUG26_Scan_6_8_2026 (2).xlsx,IT - Software,4660.3,1.91,17102,0.63,LB,-,-,-,-,-,-,-,-,-,-,-,-,-,-,-,-,-,-,,,,,,,,,,,,,,,,,,,,,,,,,,
360ONE,,,,,,7.8,,,,105,1.27,,,,,,,,FUTURES_OI,FuturesOI_25AUG26_Scan_6_8_2026 (2).xlsx,Stock/ Commodity Brokers,1191.0,0.66,8370,0.63,LB,-,-,-,-,-,-,-,-,-,-,-,-,-,-,-,-,-,-,,,,,,,,,,,,,,,,,,,,,,,,,,
HEROMOTOCO,,,,,,55,,,,348,1.12,,,,,,,,FUTURES_OI,FuturesOI_25AUG26_Scan_6_8_2026 (2).xlsx,Automobile,5663.0,0.98,31353,0.73,LB,-,-,-,-,-,-,-,-,-,-,-,-,-,-,-,-,-,-,,,,,,,,,,,,,,,,,,,,,,,,,,
NIFTYNXT50,,,,,,74,,,,7,0.9,,,,,,,,FUTURES_OI,FuturesOI_25AUG26_Scan_6_8_2026 (2).xlsx,,74454.0,0.1,786,1.77,LB,-,-,-,-,-,-,-,-,-,-,-,-,-,-,-,-,-,-,,,,,,,,,,,,,,,,,,,,,,,,,,
TECHM,,,,,,37.8,,,,199,0.69,,,,,,,,FUTURES_OI,FuturesOI_25AUG26_Scan_6_8_2026 (2).xlsx,IT - Software,1680.1,2.3,28956,0.58,LB,-,-,-,-,-,-,-,-,-,-,-,-,-,-,-,-,-,-,,,,,,,,,,,,,,,,,,,,,,,,,,
INDIANB,,,,,,4.7,,,,75,0.62,,,,,,,,FUTURES_OI,FuturesOI_25AUG26_Scan_6_8_2026 (2).xlsx,Banks,888.0,0.53,12136,1.01,LB,-,-,-,-,-,-,-,-,-,-,-,-,-,-,-,-,-,-,,,,,,,,,,,,,,,,,,,,,,,,,,
OFSS,,,,,,25,,,,62,0.5,,,,,,,,FUTURES_OI,FuturesOI_25AUG26_Scan_6_8_2026 (2).xlsx,IT - Software,11744.0,0.21,12444,0.9,LB,-,-,-,-,-,-,-,-,-,-,-,-,-,-,-,-,-,-,,,,,,,,,,,,,,,,,,,,,,,,,,
PRESTIGE,,,,,,14,,,,57,0.49,,,,,,,,FUTURES_OI,FuturesOI_25AUG26_Scan_6_8_2026 (2).xlsx,Realty,1596.0,0.88,11625,0.69,LB,-,-,-,-,-,-,-,-,-,-,-,-,-,-,-,-,-,-,,,,,,,,,,,,,,,,,,,,,,,,,,
DRREDDY,,,,,,5.9,,,,97,0.43,,,,,,,,FUTURES_OI,FuturesOI_25AUG26_Scan_6_8_2026 (2).xlsx,Pharmaceuticals,1170.1,0.51,22724,0.66,LB,-,-,-,-,-,-,-,-,-,-,-,-,-,-,-,-,-,-,,,,,,,,,,,,,,,,,,,,,,,,,,
MPHASIS,,,,,,47.7,,,,55,0.38,,,,,,,,FUTURES_OI,FuturesOI_25AUG26_Scan_6_8_2026 (2).xlsx,IT - Software,2468.0,1.97,14366,0.66,LB,-,-,-,-,-,-,-,-,-,-,-,-,-,-,-,-,-,-,,,,,,,,,,,,,,,,,,,,,,,,,,
MCX,,,,,,50.6,,,,136,0.35,,,,,,,,FUTURES_OI,FuturesOI_25AUG26_Scan_6_8_2026 (2).xlsx,Financial Services,2690.0,1.92,39496,0.72,LB,-,-,-,-,-,-,-,-,-,-,-,-,-,-,-,-,-,-,,,,,,,,,,,,,,,,,,,,,,,,,,
MUTHOOTFIN,,,,,,5,,,,87,0.35,,,,,,,,FUTURES_OI,FuturesOI_25AUG26_Scan_6_8_2026 (2).xlsx,Finance,2912.2,0.17,25275,0.47,LB,-,-,-,-,-,-,-,-,-,-,-,-,-,-,-,-,-,-,,,,,,,,,,,,,,,,,,,,,,,,,,
UNOMINDA,,,,,,12.8,,,,28,0.32,,,,,,,,FUTURES_OI,FuturesOI_25AUG26_Scan_6_8_2026 (2).xlsx,Auto Ancillaries,1280.0,1.01,8820,0.64,LB,-,-,-,-,-,-,-,-,-,-,-,-,-,-,-,-,-,-,,,,,,,,,,,,,,,,,,,,,,,,,,
PERSISTENT,,,,,,66.5,,,,84,0.31,,,,,,,,FUTURES_OI,FuturesOI_25AUG26_Scan_6_8_2026 (2).xlsx,IT - Software,5576.0,1.21,27583,0.67,LB,-,-,-,-,-,-,-,-,-,-,-,-,-,-,-,-,-,-,,,,,,,,,,,,,,,,,,,,,,,,,,
SONACOMS,,,,,,6.75,,,,29,0.3,,,,,,,,FUTURES_OI,FuturesOI_25AUG26_Scan_6_8_2026 (2).xlsx,Auto Ancillaries,799.3,0.85,9728,0.79,LB,-,-,-,-,-,-,-,-,-,-,-,-,-,-,-,-,-,-,,,,,,,,,,,,,,,,,,,,,,,,,,
OBEROIRLTY,,,,,,10.1,,,,37,0.23,,,,,,,,FUTURES_OI,FuturesOI_25AUG26_Scan_6_8_2026 (2).xlsx,Realty,1799.0,0.56,15938,0.55,LB,-,-,-,-,-,-,-,-,-,-,-,-,-,-,-,-,-,-,,,,,,,,,,,,,,,,,,,,,,,,,,
AUROPHARMA,,,,,,2.6,,,,42,0.22,,,,,,,,FUTURES_OI,FuturesOI_25AUG26_Scan_6_8_2026 (2).xlsx,Pharmaceuticals,1595.0,0.16,19567,0.59,LB,-,-,-,-,-,-,-,-,-,-,-,-,-,-,-,-,-,-,,,,,,,,,,,,,,,,,,,,,,,,,,
JUBLFOOD,,,,,,3.45,,,,27,0.18,,,,,,,,FUTURES_OI,FuturesOI_25AUG26_Scan_6_8_2026 (2).xlsx,Quick Service Restaurant,473.65,0.73,15022,0.79,LB,-,-,-,-,-,-,-,-,-,-,-,-,-,-,-,-,-,-,,,,,,,,,,,,,,,,,,,,,,,,,,
OIL,,,,,,6.05,,,,21,0.18,,,,,,,,FUTURES_OI,FuturesOI_25AUG26_Scan_6_8_2026 (2).xlsx,Crude Oil & Natural Gas,450.6,1.36,11539,0.76,LB,-,-,-,-,-,-,-,-,-,-,-,-,-,-,-,-,-,-,,,,,,,,,,,,,,,,,,,,,,,,,,
PATANJALI,,,,,,0.15,,,,57,0.18,,,,,,,,FUTURES_OI,FuturesOI_25AUG26_Scan_6_8_2026 (2).xlsx,FMCG,353.75,0.04,32486,0.73,LB,-,-,-,-,-,-,-,-,-,-,-,-,-,-,-,-,-,-,,,,,,,,,,,,,,,,,,,,,,,,,,
GMRAIRPORT,,,,,,0.54,,,,30,0.16,,,,,,,,FUTURES_OI,FuturesOI_25AUG26_Scan_6_8_2026 (2).xlsx,Miscellaneous,106.58,0.51,18418,0.93,LB,-,-,-,-,-,-,-,-,-,-,-,-,-,-,-,-,-,-,,,,,,,,,,,,,,,,,,,,,,,,,,
INFY,,,,,,11.3,,,,343,0.16,,,,,,,,FUTURES_OI,FuturesOI_25AUG26_Scan_6_8_2026 (2).xlsx,IT - Software,1182.5,0.96,210575,0.94,LB,-,-,-,-,-,-,-,-,-,-,-,-,-,-,-,-,-,-,,,,,,,,,,,,,,,,,,,,,,,,,,
POWERGRID,,,,,,0.3,,,,46,0.16,,,,,,,,FUTURES_OI,FuturesOI_25AUG26_Scan_6_8_2026 (2).xlsx,Power Generation & Distribution,269.9,0.11,28413,0.6,LB,-,-,-,-,-,-,-,-,-,-,-,-,-,-,-,-,-,-,,,,,,,,,,,,,,,,,,,,,,,,,,
GLENMARK,,,,,,1.9,,,,44,0.14,,,,,,,,FUTURES_OI,FuturesOI_25AUG26_Scan_6_8_2026 (2).xlsx,Pharmaceuticals,2273.9,0.08,31257,0.5,LB,-,-,-,-,-,-,-,-,-,-,-,-,-,-,-,-,-,-,,,,,,,,,,,,,,,,,,,,,,,,,,
M&M,,,,,,24.3,,,,80,0.13,,,,,,,,FUTURES_OI,FuturesOI_25AUG26_Scan_6_8_2026 (2).xlsx,Automobile,3456.0,0.71,59835,0.81,LB,-,-,-,-,-,-,-,-,-,-,-,-,-,-,-,-,-,-,,,,,,,,,,,,,,,,,,,,,,,,,,
IDFCFIRSTB,,,,,,0.13,,,,41,0.11,,,,,,,,FUTURES_OI,FuturesOI_25AUG26_Scan_6_8_2026 (2).xlsx,Banks,84.88,0.15,38137,0.68,LB,-,-,-,-,-,-,-,-,-,-,-,-,-,-,-,-,-,-,,,,,,,,,,,,,,,,,,,,,,,,,,
TORNTPHARM,,,,,,9.5,,,,33,0.11,,,,,,,,FUTURES_OI,FuturesOI_25AUG26_Scan_6_8_2026 (2).xlsx,Pharmaceuticals,5011.0,0.19,29734,0.56,LB,-,-,-,-,-,-,-,-,-,-,-,-,-,-,-,-,-,-,,,,,,,,,,,,,,,,,,,,,,,,,,
FORTIS,,,,,,8.9,,,,14,0.1,,,,,,,,FUTURES_OI,FuturesOI_25AUG26_Scan_6_8_2026 (2).xlsx,Healthcare,935.2,0.96,13468,0.65,LB,-,-,-,-,-,-,-,-,-,-,-,-,-,-,-,-,-,-,,,,,,,,,,,,,,,,,,,,,,,,,,
NTPC,,,,,,1.25,,,,66,0.1,,,,,,,,FUTURES_OI,FuturesOI_25AUG26_Scan_6_8_2026 (2).xlsx,Power Generation & Distribution,347.8,0.36,66961,0.7,LB,-,-,-,-,-,-,-,-,-,-,-,-,-,-,-,-,-,-,,,,,,,,,,,,,,,,,,,,,,,,,,
PIDILITIND,,,,,,0.1,,,,13,0.1,,,,,,,,FUTURES_OI,FuturesOI_25AUG26_Scan_6_8_2026 (2).xlsx,Chemicals,1674.1,0.01,13534,0.71,LB,-,-,-,-,-,-,-,-,-,-,-,-,-,-,-,-,-,-,,,,,,,,,,,,,,,,,,,,,,,,,,
BHARATFORG,,,,,,5.1,,,,13,0.08,,,,,,,,FUTURES_OI,FuturesOI_25AUG26_Scan_6_8_2026 (2).xlsx,"Castings, Forgings & Fastners",2227.8,0.23,16077,0.75,LB,-,-,-,-,-,-,-,-,-,-,-,-,-,-,-,-,-,-,,,,,,,,,,,,,,,,,,,,,,,,,,
BHEL,,,,,,1.55,,,,26,0.08,,,,,,,,FUTURES_OI,FuturesOI_25AUG26_Scan_6_8_2026 (2).xlsx,Capital Goods - Electrical Equipment,412.7,0.38,30853,0.61,LB,-,-,-,-,-,-,-,-,-,-,-,-,-,-,-,-,-,-,,,,,,,,,,,,,,,,,,,,,,,,,,
KFINTECH,,,,,,2.3,,,,6,0.08,,,,,,,,FUTURES_OI,FuturesOI_25AUG26_Scan_6_8_2026 (2).xlsx,Financial Services,930.0,0.25,7529,0.52,LB,-,-,-,-,-,-,-,-,-,-,-,-,-,-,-,-,-,-,,,,,,,,,,,,,,,,,,,,,,,,,,
SBICARD,,,,,,1.1,,,,23,0.08,,,,,,,,FUTURES_OI,FuturesOI_25AUG26_Scan_6_8_2026 (2).xlsx,Finance,662.7,0.17,28082,0.63,LB,-,-,-,-,-,-,-,-,-,-,-,-,-,-,-,-,-,-,,,,,,,,,,,,,,,,,,,,,,,,,,
ASTRAL,,,,,,0.6,,,,11,0.07,,,,,,,,FUTURES_OI,FuturesOI_25AUG26_Scan_6_8_2026 (2).xlsx,Plastic products,1445.1,0.04,16571,0.83,LB,-,-,-,-,-,-,-,-,-,-,-,-,-,-,-,-,-,-,,,,,,,,,,,,,,,,,,,,,,,,,,
LAURUSLABS,,,,,,9.3,,,,14,0.07,,,,,,,,FUTURES_OI,FuturesOI_25AUG26_Scan_6_8_2026 (2).xlsx,Pharmaceuticals,1839.0,0.51,19521,0.94,LB,-,-,-,-,-,-,-,-,-,-,-,-,-,-,-,-,-,-,,,,,,,,,,,,,,,,,,,,,,,,,,
SRF,,,,,,4.3,,,,17,0.07,,,,,,,,FUTURES_OI,FuturesOI_25AUG26_Scan_6_8_2026 (2).xlsx,Chemicals,2643.6,0.16,23359,0.48,LB,-,-,-,-,-,-,-,-,-,-,-,-,-,-,-,-,-,-,,,,,,,,,,,,,,,,,,,,,,,,,,
MIDCPNIFTY,,,,,,14.5,,,,8,0.05,,,,,,,,FUTURES_OI,FuturesOI_25AUG26_Scan_6_8_2026 (2).xlsx,,14912.35,0.1,15972,0.9,LB,-,-,-,-,-,-,-,-,-,-,-,-,-,-,-,-,-,-,,,,,,,,,,,,,,,,,,,,,,,,,,
TMPV,,,,,,0.7,,,,25,0.05,,,,,,,,FUTURES_OI,FuturesOI_25AUG26_Scan_6_8_2026 (2).xlsx,Automobile,345.55,0.2,46399,0.78,LB,-,-,-,-,-,-,-,-,-,-,-,-,-,-,-,-,-,-,,,,,,,,,,,,,,,,,,,,,,,,,,
APOLLOHOSP,,,,,,13,,,,7,0.04,,,,,,,,FUTURES_OI,FuturesOI_25AUG26_Scan_6_8_2026 (2).xlsx,Healthcare,8978.5,0.15,15856,0.66,LB,-,-,-,-,-,-,-,-,-,-,-,-,-,-,-,-,-,-,,,,,,,,,,,,,,,,,,,,,,,,,,
HDFCAMC,,,,,,2.3,,,,8,0.04,,,,,,,,FUTURES_OI,FuturesOI_25AUG26_Scan_6_8_2026 (2).xlsx,Finance,2551.6,0.09,22115,0.78,LB,-,-,-,-,-,-,-,-,-,-,-,-,-,-,-,-,-,-,,,,,,,,,,,,,,,,,,,,,,,,,,
TATAPOWER,,,,,,0.15,,,,19,0.04,,,,,,,,FUTURES_OI,FuturesOI_25AUG26_Scan_6_8_2026 (2).xlsx,Power Generation & Distribution,379.8,0.04,43222,0.76,LB,-,-,-,-,-,-,-,-,-,-,-,-,-,-,-,-,-,-,,,,,,,,,,,,,,,,,,,,,,,,,,
TIINDIA,,,,,,5.7,,,,4,0.03,,,,,,,,FUTURES_OI,FuturesOI_25AUG26_Scan_6_8_2026 (2).xlsx,Capital Goods-Non Electrical Equipment,2774.4,0.21,11476,0.57,LB,-,-,-,-,-,-,-,-,-,-,-,-,-,-,-,-,-,-,,,,,,,,,,,,,,,,,,,,,,,,,,
BOSCHLTD,,,,,,30,,,,2,0.02,,,,,,,,FUTURES_OI,FuturesOI_25AUG26_Scan_6_8_2026 (2).xlsx,Auto Ancillaries,42370.0,0.07,8446,1.09,LB,-,-,-,-,-,-,-,-,-,-,-,-,-,-,-,-,-,-,,,,,,,,,,,,,,,,,,,,,,,,,,
COALINDIA,,,,,,0.15,,,,11,0.02,,,,,,,,FUTURES_OI,FuturesOI_25AUG26_Scan_6_8_2026 (2).xlsx,Mining & Mineral products,414.85,0.04,55299,0.69,LB,-,-,-,-,-,-,-,-,-,-,-,-,-,-,-,-,-,-,,,,,,,,,,,,,,,,,,,,,,,,,,
DIVISLAB,,,,,,40,,,,7,0.02,,,,,,,,FUTURES_OI,FuturesOI_25AUG26_Scan_6_8_2026 (2).xlsx,Pharmaceuticals,8347.0,0.48,33911,0.98,LB,-,-,-,-,-,-,-,-,-,-,-,-,-,-,-,-,-,-,,,,,,,,,,,,,,,,,,,,,,,,,,
ITC,,,,,,0.05,,,,8,0.01,,,,,,,,FUTURES_OI,FuturesOI_25AUG26_Scan_6_8_2026 (2).xlsx,Tobacco Products,286.45,0.02,90415,0.52,LB,-,-,-,-,-,-,-,-,-,-,-,-,-,-,-,-,-,-,,,,,,,,,,,,,,,,,,,,,,,,,,
TVSMOTOR,,,,,,9.2,,,,3,0.01,,,,,,,,FUTURES_OI,FuturesOI_25AUG26_Scan_6_8_2026 (2).xlsx,Automobile,4408.0,0.21,47088,1.03,LB,-,-,-,-,-,-,-,-,-,-,-,-,-,-,-,-,-,-,,,,,,,,,,,,,,,,,,,,,,,,,,
VBL,,,,,,1.75,,,,3,0.01,,,,,,,,FUTURES_OI,FuturesOI_25AUG26_Scan_6_8_2026 (2).xlsx,FMCG,448.0,0.39,42607,0.44,LB,-,-,-,-,-,-,-,-,-,-,-,-,-,-,-,-,-,-,,,,,,,,,,,,,,,,,,,,,,,,,,
NAUKRI,,,,,,1.8,,,,-2,-0.01,,,,,,,,FUTURES_OI,FuturesOI_25AUG26_Scan_6_8_2026 (2).xlsx,E-Commerce/App based Aggregator,1241.8,0.15,24969,0.54,SC,-,-,-,-,-,-,-,-,-,-,-,-,-,-,-,-,-,-,,,,,,,,,,,,,,,,,,,,,,,,,,
PETRONET,,,,,,1.3,,,,-1,-0.01,,,,,,,,FUTURES_OI,FuturesOI_25AUG26_Scan_6_8_2026 (2).xlsx,Gas Distribution,280.35,0.47,16819,0.91,SC,-,-,-,-,-,-,-,-,-,-,-,-,-,-,-,-,-,-,,,,,,,,,,,,,,,,,,,,,,,,,,
WIPRO,,,,,,1.36,,,,-10,-0.01,,,,,,,,FUTURES_OI,FuturesOI_25AUG26_Scan_6_8_2026 (2).xlsx,IT - Software,188.31,0.73,71145,0.73,SC,-,-,-,-,-,-,-,-,-,-,-,-,-,-,-,-,-,-,,,,,,,,,,,,,,,,,,,,,,,,,,
BAJAJ-AUTO,,,,,,14,,,,-5,-0.02,,,,,,,,FUTURES_OI,FuturesOI_25AUG26_Scan_6_8_2026 (2).xlsx,Automobile,11665.0,0.12,24561,1.64,SC,-,-,-,-,-,-,-,-,-,-,-,-,-,-,-,-,-,-,,,,,,,,,,,,,,,,,,,,,,,,,,
GODREJCP,,,,,,0.6,,,,-4,-0.02,,,,,,,,FUTURES_OI,FuturesOI_25AUG26_Scan_6_8_2026 (2).xlsx,FMCG,1080.1,0.06,22723,0.58,SC,-,-,-,-,-,-,-,-,-,-,-,-,-,-,-,-,-,-,,,,,,,,,,,,,,,,,,,,,,,,,,
TITAN,,,,,,15.9,,,,-5,-0.02,,,,,,,,FUTURES_OI,FuturesOI_25AUG26_Scan_6_8_2026 (2).xlsx,"Diamond, Gems and Jewellery",5015.7,0.32,30793,0.7,SC,-,-,-,-,-,-,-,-,-,-,-,-,-,-,-,-,-,-,,,,,,,,,,,,,,,,,,,,,,,,,,
CGPOWER,,,,,,0.8,,,,-6,-0.03,,,,,,,,FUTURES_OI,FuturesOI_25AUG26_Scan_6_8_2026 (2).xlsx,Capital Goods - Electrical Equipment,878.55,0.09,23313,0.55,SC,-,-,-,-,-,-,-,-,-,-,-,-,-,-,-,-,-,-,,,,,,,,,,,,,,,,,,,,,,,,,,
MANKIND,,,,,,4.1,,,,-4,-0.03,,,,,,,,FUTURES_OI,FuturesOI_25AUG26_Scan_6_8_2026 (2).xlsx,Pharmaceuticals,2444.6,0.17,12868,0.76,SC,-,-,-,-,-,-,-,-,-,-,-,-,-,-,-,-,-,-,,,,,,,,,,,,,,,,,,,,,,,,,,
COFORGE,,,,,,18.4,,,,-12,-0.04,,,,,,,,FUTURES_OI,FuturesOI_25AUG26_Scan_6_8_2026 (2).xlsx,IT - Software,1804.0,1.03,28193,1.0,SC,-,-,-,-,-,-,-,-,-,-,-,-,-,-,-,-,-,-,,,,,,,,,,,,,,,,,,,,,,,,,,
EICHERMOT,,,,,,45.5,,,,-18,-0.05,,,,,,,,FUTURES_OI,FuturesOI_25AUG26_Scan_6_8_2026 (2).xlsx,Automobile,8018.0,0.57,36553,1.03,SC,-,-,-,-,-,-,-,-,-,-,-,-,-,-,-,-,-,-,,,,,,,,,,,,,,,,,,,,,,,,,,
PAGEIND,,,,,,135,,,,-5,-0.05,,,,,,,,FUTURES_OI,FuturesOI_25AUG26_Scan_6_8_2026 (2).xlsx,Readymade Garments/ Apparells,39880.0,0.34,11072,0.69,SC,-,-,-,-,-,-,-,-,-,-,-,-,-,-,-,-,-,-,,,,,,,,,,,,,,,,,,,,,,,,,,
SUNPHARMA,,,,,,1.7,,,,-19,-0.05,,,,,,,,FUTURES_OI,FuturesOI_25AUG26_Scan_6_8_2026 (2).xlsx,Pharmaceuticals,1962.0,0.09,39547,0.58,SC,-,-,-,-,-,-,-,-,-,-,-,-,-,-,-,-,-,-,,,,,,,,,,,,,,,,,,,,,,,,,,
DELHIVERY,,,,,,2.1,,,,-8,-0.06,,,,,,,,FUTURES_OI,FuturesOI_25AUG26_Scan_6_8_2026 (2).xlsx,Logistics,469.4,0.45,12987,0.75,SC,-,-,-,-,-,-,-,-,-,-,-,-,-,-,-,-,-,-,,,,,,,,,,,,,,,,,,,,,,,,,,
NESTLEIND,,,,,,14.6,,,,-10,-0.06,,,,,,,,FUTURES_OI,FuturesOI_25AUG26_Scan_6_8_2026 (2).xlsx,FMCG,1538.0,0.96,15387,0.7,SC,-,-,-,-,-,-,-,-,-,-,-,-,-,-,-,-,-,-,,,,,,,,,,,,,,,,,,,,,,,,,,
HCLTECH,,,,,,24.5,,,,-47,-0.07,,,,,,,,FUTURES_OI,FuturesOI_25AUG26_Scan_6_8_2026 (2).xlsx,IT - Software,1369.6,1.82,65852,0.84,SC,-,-,-,-,-,-,-,-,-,-,-,-,-,-,-,-,-,-,,,,,,,,,,,,,,,,,,,,,,,,,,
BEL,,,,,,0.95,,,,-87,-0.12,,,,,,,,FUTURES_OI,FuturesOI_25AUG26_Scan_6_8_2026 (2).xlsx,Aerospace & Defence,401.7,0.24,73015,0.67,SC,-,-,-,-,-,-,-,-,-,-,-,-,-,-,-,-,-,-,,,,,,,,,,,,,,,,,,,,,,,,,,
TCS,,,,,,46.6,,,,-169,-0.12,,,,,,,,FUTURES_OI,FuturesOI_25AUG26_Scan_6_8_2026 (2).xlsx,IT - Software,2433.4,1.95,139838,0.81,SC,-,-,-,-,-,-,-,-,-,-,-,-,-,-,-,-,-,-,,,,,,,,,,,,,,,,,,,,,,,,,,
ALKEM,,,,,,2.5,,,,-20,-0.18,,,,,,,,FUTURES_OI,FuturesOI_25AUG26_Scan_6_8_2026 (2).xlsx,Pharmaceuticals,5619.0,0.04,11264,0.57,SC,-,-,-,-,-,-,-,-,-,-,-,-,-,-,-,-,-,-,,,,,,,,,,,,,,,,,,,,,,,,,,
KPITTECH,,,,,,8.7,,,,-31,-0.19,,,,,,,,FUTURES_OI,FuturesOI_25AUG26_Scan_6_8_2026 (2).xlsx,IT - Software,629.95,1.4,16125,0.54,SC,-,-,-,-,-,-,-,-,-,-,-,-,-,-,-,-,-,-,,,,,,,,,,,,,,,,,,,,,,,,,,
MARUTI,,,,,,38,,,,-90,-0.21,,,,,,,,FUTURES_OI,FuturesOI_25AUG26_Scan_6_8_2026 (2).xlsx,Automobile,13953.0,0.27,41900,0.44,SC,-,-,-,-,-,-,-,-,-,-,-,-,-,-,-,-,-,-,,,,,,,,,,,,,,,,,,,,,,,,,,
POWERINDIA,,,,,,330,,,,-55,-0.24,,,,,,,,FUTURES_OI,FuturesOI_25AUG26_Scan_6_8_2026 (2).xlsx,Capital Goods - Electrical Equipment,32465.0,1.03,23337,1.0,SC,-,-,-,-,-,-,-,-,-,-,-,-,-,-,-,-,-,-,,,,,,,,,,,,,,,,,,,,,,,,,,
RADICO,,,,,,4.6,,,,-13,-0.24,,,,,,,,FUTURES_OI,FuturesOI_25AUG26_Scan_6_8_2026 (2).xlsx,Alcoholic Beverages,4469.2,0.1,5360,0.78,SC,-,-,-,-,-,-,-,-,-,-,-,-,-,-,-,-,-,-,,,,,,,,,,,,,,,,,,,,,,,,,,
TATAELXSI,,,,,,46.4,,,,-46,-0.25,,,,,,,,FUTURES_OI,FuturesOI_25AUG26_Scan_6_8_2026 (2).xlsx,IT - Software,3791.5,1.24,18502,0.56,SC,-,-,-,-,-,-,-,-,-,-,-,-,-,-,-,-,-,-,,,,,,,,,,,,,,,,,,,,,,,,,,
LICI,,,,,,5.5,,,,-132,-0.36,,,,,,,,FUTURES_OI,FuturesOI_25AUG26_Scan_6_8_2026 (2).xlsx,Insurance,397.2,1.4,36893,0.72,SC,-,-,-,-,-,-,-,-,-,-,-,-,-,-,-,-,-,-,,,,,,,,,,,,,,,,,,,,,,,,,,
ONGC,,,,,,2.16,,,,-122,-0.5,,,,,,,,FUTURES_OI,FuturesOI_25AUG26_Scan_6_8_2026 (2).xlsx,Crude Oil & Natural Gas,240.21,0.91,24360,0.45,SC,-,-,-,-,-,-,-,-,-,-,-,-,-,-,-,-,-,-,,,,,,,,,,,,,,,,,,,,,,,,,,
VOLTAS,,,,,,18.1,,,,-109,-0.56,,,,,,,,FUTURES_OI,FuturesOI_25AUG26_Scan_6_8_2026 (2).xlsx,Consumer Durables,1295.0,1.42,19512,0.97,SC,-,-,-,-,-,-,-,-,-,-,-,-,-,-,-,-,-,-,,,,,,,,,,,,,,,,,,,,,,,,,,
MOTHERSON,,,,,,7.62,,,,-165,-0.8,,,,,,,,FUTURES_OI,FuturesOI_25AUG26_Scan_6_8_2026 (2).xlsx,Auto Ancillaries,162.19,4.93,20404,0.73,SC,-,-,-,-,-,-,-,-,-,-,-,-,-,-,-,-,-,-,,,,,,,,,,,,,,,,,,,,,,,,,,
BSE,,,,,,45.9,,,,-612,-1.21,,,,,,,,FUTURES_OI,FuturesOI_25AUG26_Scan_6_8_2026 (2).xlsx,Financial Services,3501.0,1.33,49906,0.46,SC,-,-,-,-,-,-,-,-,-,-,-,-,-,-,-,-,-,-,,,,,,,,,,,,,,,,,,,,,,,,,,
VMM,,,,,,-0.34,,,,-,0.0,,,,,,,,FUTURES_OI,FuturesOI_25AUG26_Scan_6_8_2026 (2).xlsx,Retail,109.6,-0.31,9725,0.54,-,-,-,-,-,-,-,-,-,-,-,-,-,-,-,-,-,-,-,,,,,,,,,,,,,,,,,,,,,,,,,,
BANKEX,,,,,,-,,,,-,0.0,,,,,,,,FUTURES_OI,FuturesOI_25AUG26_Scan_6_8_2026 (2).xlsx,,65798.8,,4,0.88,-,-,-,-,-,-,-,-,-,-,-,-,-,-,-,-,-,-,-,,,,,,,,,,,,,,,,,,,,,,,,,,
FOCIT,,,,,,-,,,,-,0.0,,,,,,,,FUTURES_OI,FuturesOI_25AUG26_Scan_6_8_2026 (2).xlsx,,37790.0,,18,0.36,-,-,-,-,-,-,-,-,-,-,-,-,-,-,-,-,-,-,-,,,,,,,,,,,,,,,,,,,,,,,,,,
CANBK,,,,,,-0.55,,,,-3,-0.01,,,,,,,,FUTURES_OI,FuturesOI_25AUG26_Scan_6_8_2026 (2).xlsx,Banks,131.45,-0.42,56402,0.81,LU,-,-,-,-,-,-,-,-,-,-,-,-,-,-,-,-,-,-,,,,,,,,,,,,,,,,,,,,,,,,,,
HAVELLS,,,,,,-1.4,,,,-2,-0.01,,,,,,,,FUTURES_OI,FuturesOI_25AUG26_Scan_6_8_2026 (2).xlsx,Consumer Durables,1290.2,-0.11,17097,0.68,LU,-,-,-,-,-,-,-,-,-,-,-,-,-,-,-,-,-,-,,,,,,,,,,,,,,,,,,,,,,,,,,
KAYNES,,,,,,-6.9,,,,-3,-0.01,,,,,,,,FUTURES_OI,FuturesOI_25AUG26_Scan_6_8_2026 (2).xlsx,Consumer Durables,3855.5,-0.18,27904,0.75,LU,-,-,-,-,-,-,-,-,-,-,-,-,-,-,-,-,-,-,,,,,,,,,,,,,,,,,,,,,,,,,,
AUBANK,,,,,,-4.2,,,,-4,-0.02,,,,,,,,FUTURES_OI,FuturesOI_25AUG26_Scan_6_8_2026 (2).xlsx,Banks,1084.1,-0.39,21743,0.8,LU,-,-,-,-,-,-,-,-,-,-,-,-,-,-,-,-,-,-,,,,,,,,,,,,,,,,,,,,,,,,,,
PHOENIXLTD,,,,,,-6.7,,,,-2,-0.02,,,,,,,,FUTURES_OI,FuturesOI_25AUG26_Scan_6_8_2026 (2).xlsx,Realty,1917.0,-0.35,10431,0.59,LU,-,-,-,-,-,-,-,-,-,-,-,-,-,-,-,-,-,-,,,,,,,,,,,,,,,,,,,,,,,,,,
KOTAKBANK,,,,,,-1.5,,,,-29,-0.03,,,,,,,,FUTURES_OI,FuturesOI_25AUG26_Scan_6_8_2026 (2).xlsx,Banks,394.15,-0.38,84557,0.58,LU,-,-,-,-,-,-,-,-,-,-,-,-,-,-,-,-,-,-,,,,,,,,,,,,,,,,,,,,,,,,,,
NIFTY,,,,,,-64.2,,,,-58,-0.03,,,,,,,,FUTURES_OI,FuturesOI_25AUG26_Scan_6_8_2026 (2).xlsx,,24675.2,-0.26,181990,1.15,LU,-,-,-,-,-,-,-,-,-,-,-,-,-,-,-,-,-,-,,,,,,,,,,,,,,,,,,,,,,,,,,
RELIANCE,,,,,,-3.9,,,,-66,-0.03,,,,,,,,FUTURES_OI,FuturesOI_25AUG26_Scan_6_8_2026 (2).xlsx,Refineries,1327.3,-0.29,218137,0.89,LU,-,-,-,-,-,-,-,-,-,-,-,-,-,-,-,-,-,-,,,,,,,,,,,,,,,,,,,,,,,,,,
ADANIENSOL,,,,,,-5.9,,,,-17,-0.06,,,,,,,,FUTURES_OI,FuturesOI_25AUG26_Scan_6_8_2026 (2).xlsx,Power Generation & Distribution,1610.0,-0.37,28680,0.55,LU,-,-,-,-,-,-,-,-,-,-,-,-,-,-,-,-,-,-,,,,,,,,,,,,,,,,,,,,,,,,,,
DABUR,,,,,,-0.3,,,,-16,-0.07,,,,,,,,FUTURES_OI,FuturesOI_25AUG26_Scan_6_8_2026 (2).xlsx,FMCG,413.2,-0.07,22600,0.62,LU,-,-,-,-,-,-,-,-,-,-,-,-,-,-,-,-,-,-,,,,,,,,,,,,,,,,,,,,,,,,,,
ETERNAL,,,,,,-1.4,,,,-52,-0.08,,,,,,,,FUTURES_OI,FuturesOI_25AUG26_Scan_6_8_2026 (2).xlsx,E-Commerce/App based Aggregator,316.05,-0.44,64158,0.75,LU,-,-,-,-,-,-,-,-,-,-,-,-,-,-,-,-,-,-,,,,,,,,,,,,,,,,,,,,,,,,,,
KEI,,,,,,-41,,,,-8,-0.08,,,,,,,,FUTURES_OI,FuturesOI_25AUG26_Scan_6_8_2026 (2).xlsx,Cables,5566.5,-0.73,9509,1.01,LU,-,-,-,-,-,-,-,-,-,-,-,-,-,-,-,-,-,-,,,,,,,,,,,,,,,,,,,,,,,,,,
BAJAJHLDNG,,,,,,-79,,,,-4,-0.09,,,,,,,,FUTURES_OI,FuturesOI_25AUG26_Scan_6_8_2026 (2).xlsx,Finance,11414.0,-0.69,4554,1.06,LU,-,-,-,-,-,-,-,-,-,-,-,-,-,-,-,-,-,-,,,,,,,,,,,,,,,,,,,,,,,,,,
BANDHANBNK,,,,,,-2,,,,-34,-0.09,,,,,,,,FUTURES_OI,FuturesOI_25AUG26_Scan_6_8_2026 (2).xlsx,Banks,173.06,-1.14,37703,0.5,LU,-,-,-,-,-,-,-,-,-,-,-,-,-,-,-,-,-,-,,,,,,,,,,,,,,,,,,,,,,,,,,
RECLTD,,,,,,-1,,,,-39,-0.14,,,,,,,,FUTURES_OI,FuturesOI_25AUG26_Scan_6_8_2026 (2).xlsx,Finance,362.4,-0.28,28188,0.62,LU,-,-,-,-,-,-,-,-,-,-,-,-,-,-,-,-,-,-,,,,,,,,,,,,,,,,,,,,,,,,,,
HAL,,,,,,-17.3,,,,-55,-0.15,,,,,,,,FUTURES_OI,FuturesOI_25AUG26_Scan_6_8_2026 (2).xlsx,Aerospace & Defence,4939.1,-0.35,37490,0.92,LU,-,-,-,-,-,-,-,-,-,-,-,-,-,-,-,-,-,-,,,,,,,,,,,,,,,,,,,,,,,,,,
BAJAJFINSV,,,,,,-69.2,,,,-43,-0.16,,,,,,,,FUTURES_OI,FuturesOI_25AUG26_Scan_6_8_2026 (2).xlsx,Finance,2029.5,-3.3,26385,0.68,LU,-,-,-,-,-,-,-,-,-,-,-,-,-,-,-,-,-,-,,,,,,,,,,,,,,,,,,,,,,,,,,
INDIGO,,,,,,-8.5,,,,-70,-0.19,,,,,,,,FUTURES_OI,FuturesOI_25AUG26_Scan_6_8_2026 (2).xlsx,Air Transport Service,5339.5,-0.16,36900,0.67,LU,-,-,-,-,-,-,-,-,-,-,-,-,-,-,-,-,-,-,,,,,,,,,,,,,,,,,,,,,,,,,,
ADANIPORTS,,,,,,-4.2,,,,-93,-0.21,,,,,,,,FUTURES_OI,FuturesOI_25AUG26_Scan_6_8_2026 (2).xlsx,Marine Port & Services,1697.7,-0.25,43307,0.58,LU,-,-,-,-,-,-,-,-,-,-,-,-,-,-,-,-,-,-,,,,,,,,,,,,,,,,,,,,,,,,,,
SHRIRAMFIN,,,,,,-20.2,,,,-148,-0.49,,,,,,,,FUTURES_OI,FuturesOI_25AUG26_Scan_6_8_2026 (2).xlsx,Finance,1118.0,-1.77,30138,0.7,LU,-,-,-,-,-,-,-,-,-,-,-,-,-,-,-,-,-,-,,,,,,,,,,,,,,,,,,,,,,,,,,
SENSEX,,,,,,-178.45,,,,-30,-1.52,,,,,,,,FUTURES_OI,FuturesOI_25AUG26_Scan_6_8_2026 (2).xlsx,,78996.0,-0.23,1939,1.33,LU,-,-,-,-,-,-,-,-,-,-,-,-,-,-,-,-,-,-,,,,,,,,,,,,,,,,,,,,,,,,,,
FINNIFTY,,,,,,-247.1,,,,121,21.45,,,,,,,,FUTURES_OI,FuturesOI_25AUG26_Scan_6_8_2026 (2).xlsx,,26755.0,-0.92,685,0.63,SB,-,-,-,-,-,-,-,-,-,-,-,-,-,-,-,-,-,-,,,,,,,,,,,,,,,,,,,,,,,,,,
LUPIN,,,,,,-12.3,,,,688,4.35,,,,,,,,FUTURES_OI,FuturesOI_25AUG26_Scan_6_8_2026 (2).xlsx,Pharmaceuticals,2392.3,-0.51,16521,0.56,SB,-,-,-,-,-,-,-,-,-,-,-,-,-,-,-,-,-,-,,,,,,,,,,,,,,,,,,,,,,,,,,
BAJFINANCE,,,,,,-52.1,,,,1541,2.17,,,,,,,,FUTURES_OI,FuturesOI_25AUG26_Scan_6_8_2026 (2).xlsx,Finance,1102.4,-4.51,72585,0.83,SB,-,-,-,-,-,-,-,-,-,-,-,-,-,-,-,-,-,-,,,,,,,,,,,,,,,,,,,,,,,,,,
PREMIERENE,,,,,,-11.5,,,,235,2.12,,,,,,,,FUTURES_OI,FuturesOI_25AUG26_Scan_6_8_2026 (2).xlsx,Trading,1023.9,-1.11,11346,0.47,SB,-,-,-,-,-,-,-,-,-,-,-,-,-,-,-,-,-,-,,,,,,,,,,,,,,,,,,,,,,,,,,
CROMPTON,,,,,,-15.65,,,,536,1.93,,,,,,,,FUTURES_OI,FuturesOI_25AUG26_Scan_6_8_2026 (2).xlsx,Consumer Durables,253.8,-5.81,28314,0.6,SB,-,-,-,-,-,-,-,-,-,-,-,-,-,-,-,-,-,-,,,,,,,,,,,,,,,,,,,,,,,,,,
SWIGGY,,,,,,-0.85,,,,710,1.86,,,,,,,,FUTURES_OI,FuturesOI_25AUG26_Scan_6_8_2026 (2).xlsx,E-Commerce/App based Aggregator,285.1,-0.3,38946,0.56,SB,-,-,-,-,-,-,-,-,-,-,-,-,-,-,-,-,-,-,,,,,,,,,,,,,,,,,,,,,,,,,,
ABCAPITAL,,,,,,-12.2,,,,198,1.64,,,,,,,,FUTURES_OI,FuturesOI_25AUG26_Scan_6_8_2026 (2).xlsx,Finance,412.55,-2.87,12237,0.68,SB,-,-,-,-,-,-,-,-,-,-,-,-,-,-,-,-,-,-,,,,,,,,,,,,,,,,,,,,,,,,,,
TRENT,,,,,,-83.2,,,,766,1.63,,,,,,,,FUTURES_OI,FuturesOI_25AUG26_Scan_6_8_2026 (2).xlsx,Retail,3025.8,-2.68,47741,0.44,SB,-,-,-,-,-,-,-,-,-,-,-,-,-,-,-,-,-,-,,,,,,,,,,,,,,,,,,,,,,,,,,
LTF,,,,,,-8.6,,,,259,1.32,,,,,,,,FUTURES_OI,FuturesOI_25AUG26_Scan_6_8_2026 (2).xlsx,Finance,310.55,-2.69,19917,0.65,SB,-,-,-,-,-,-,-,-,-,-,-,-,-,-,-,-,-,-,,,,,,,,,,,,,,,,,,,,,,,,,,
RVNL,,,,,,-1.55,,,,242,1.32,,,,,,,,FUTURES_OI,FuturesOI_25AUG26_Scan_6_8_2026 (2).xlsx,Infrastructure Developers & Operators,234.1,-0.66,18602,0.68,SB,-,-,-,-,-,-,-,-,-,-,-,-,-,-,-,-,-,-,,,,,,,,,,,,,,,,,,,,,,,,,,
BLUESTARCO,,,,,,-0.5,,,,119,0.86,,,,,,,,FUTURES_OI,FuturesOI_25AUG26_Scan_6_8_2026 (2).xlsx,Consumer Durables,1554.1,-0.03,13925,0.56,SB,-,-,-,-,-,-,-,-,-,-,-,-,-,-,-,-,-,-,,,,,,,,,,,,,,,,,,,,,,,,,,
GVT&D,,,,,,-54.3,,,,166,0.82,,,,,,,,FUTURES_OI,FuturesOI_25AUG26_Scan_6_8_2026 (2).xlsx,Capital Goods - Electrical Equipment,4352.0,-1.23,20372,0.93,SB,-,-,-,-,-,-,-,-,-,-,-,-,-,-,-,-,-,-,,,,,,,,,,,,,,,,,,,,,,,,,,
AMBER,,,,,,-49.5,,,,89,0.75,,,,,,,,FUTURES_OI,FuturesOI_25AUG26_Scan_6_8_2026 (2).xlsx,Consumer Durables,7413.0,-0.66,11909,1.22,SB,-,-,-,-,-,-,-,-,-,-,-,-,-,-,-,-,-,-,,,,,,,,,,,,,,,,,,,,,,,,,,
CUMMINSIND,,,,,,-27.5,,,,135,0.61,,,,,,,,FUTURES_OI,FuturesOI_25AUG26_Scan_6_8_2026 (2).xlsx,Capital Goods-Non Electrical Equipment,5404.5,-0.51,22357,0.94,SB,-,-,-,-,-,-,-,-,-,-,-,-,-,-,-,-,-,-,,,,,,,,,,,,,,,,,,,,,,,,,,
PIIND,,,,,,-9.3,,,,95,0.6,,,,,,,,FUTURES_OI,FuturesOI_25AUG26_Scan_6_8_2026 (2).xlsx,Agro Chemicals,2765.3,-0.34,16016,0.75,SB,-,-,-,-,-,-,-,-,-,-,-,-,-,-,-,-,-,-,,,,,,,,,,,,,,,,,,,,,,,,,,
SBIN,,,,,,-0.9,,,,580,0.54,,,,,,,,FUTURES_OI,FuturesOI_25AUG26_Scan_6_8_2026 (2).xlsx,Banks,1089.0,-0.08,108949,0.93,SB,-,-,-,-,-,-,-,-,-,-,-,-,-,-,-,-,-,-,,,,,,,,,,,,,,,,,,,,,,,,,,
BIOCON,,,,,,-5.3,,,,103,0.53,,,,,,,,FUTURES_OI,FuturesOI_25AUG26_Scan_6_8_2026 (2).xlsx,Pharmaceuticals,435.0,-1.2,19666,0.72,SB,-,-,-,-,-,-,-,-,-,-,-,-,-,-,-,-,-,-,,,,,,,,,,,,,,,,,,,,,,,,,,
UPL,,,,,,-2.45,,,,120,0.47,,,,,,,,FUTURES_OI,FuturesOI_25AUG26_Scan_6_8_2026 (2).xlsx,Agro Chemicals,575.0,-0.42,25756,0.47,SB,-,-,-,-,-,-,-,-,-,-,-,-,-,-,-,-,-,-,,,,,,,,,,,,,,,,,,,,,,,,,,
BANKNIFTY,,,,,,-149,,,,308,0.44,,,,,,,,FUTURES_OI,FuturesOI_25AUG26_Scan_6_8_2026 (2).xlsx,,58030.6,-0.26,70610,0.96,SB,-,-,-,-,-,-,-,-,-,-,-,-,-,-,-,-,-,-,,,,,,,,,,,,,,,,,,,,,,,,,,
CAMS,,,,,,-9.65,,,,39,0.43,,,,,,,,FUTURES_OI,FuturesOI_25AUG26_Scan_6_8_2026 (2).xlsx,Financial Services,791.2,-1.2,9089,0.53,SB,-,-,-,-,-,-,-,-,-,-,-,-,-,-,-,-,-,-,,,,,,,,,,,,,,,,,,,,,,,,,,
BDL,,,,,,-10.4,,,,66,0.42,,,,,,,,FUTURES_OI,FuturesOI_25AUG26_Scan_6_8_2026 (2).xlsx,Aerospace & Defence,1297.4,-0.8,15848,0.77,SB,-,-,-,-,-,-,-,-,-,-,-,-,-,-,-,-,-,-,,,,,,,,,,,,,,,,,,,,,,,,,,
BPCL,,,,,,-3.2,,,,82,0.41,,,,,,,,FUTURES_OI,FuturesOI_25AUG26_Scan_6_8_2026 (2).xlsx,Refineries,323.45,-0.98,20056,0.66,SB,-,-,-,-,-,-,-,-,-,-,-,-,-,-,-,-,-,-,,,,,,,,,,,,,,,,,,,,,,,,,,
LICHSGFIN,,,,,,-3.05,,,,119,0.38,,,,,,,,FUTURES_OI,FuturesOI_25AUG26_Scan_6_8_2026 (2).xlsx,Finance,496.05,-0.61,31576,0.63,SB,-,-,-,-,-,-,-,-,-,-,-,-,-,-,-,-,-,-,,,,,,,,,,,,,,,,,,,,,,,,,,
COCHINSHIP,,,,,,-13.9,,,,49,0.37,,,,,,,,FUTURES_OI,FuturesOI_25AUG26_Scan_6_8_2026 (2).xlsx,Aerospace & Defence,1488.2,-0.93,13187,0.77,SB,-,-,-,-,-,-,-,-,-,-,-,-,-,-,-,-,-,-,,,,,,,,,,,,,,,,,,,,,,,,,,
UNIONBANK,,,,,,-0.36,,,,93,0.36,,,,,,,,FUTURES_OI,FuturesOI_25AUG26_Scan_6_8_2026 (2).xlsx,Banks,181.36,-0.2,26108,0.89,SB,-,-,-,-,-,-,-,-,-,-,-,-,-,-,-,-,-,-,,,,,,,,,,,,,,,,,,,,,,,,,,
INOXWIND,,,,,,-1.17,,,,58,0.35,,,,,,,,FUTURES_OI,FuturesOI_25AUG26_Scan_6_8_2026 (2).xlsx,Capital Goods - Electrical Equipment,77.31,-1.49,16710,0.63,SB,-,-,-,-,-,-,-,-,-,-,-,-,-,-,-,-,-,-,,,,,,,,,,,,,,,,,,,,,,,,,,
ASHOKLEY,,,,,,-0.97,,,,93,0.34,,,,,,,,FUTURES_OI,FuturesOI_25AUG26_Scan_6_8_2026 (2).xlsx,Automobile,176.7,-0.55,27321,0.92,SB,-,-,-,-,-,-,-,-,-,-,-,-,-,-,-,-,-,-,,,,,,,,,,,,,,,,,,,,,,,,,,
NHPC,,,,,,-0.42,,,,59,0.33,,,,,,,,FUTURES_OI,FuturesOI_25AUG26_Scan_6_8_2026 (2).xlsx,Power Generation & Distribution,76.94,-0.54,18031,0.73,SB,-,-,-,-,-,-,-,-,-,-,-,-,-,-,-,-,-,-,,,,,,,,,,,,,,,,,,,,,,,,,,
CHOLAFIN,,,,,,-21.9,,,,69,0.32,,,,,,,,FUTURES_OI,FuturesOI_25AUG26_Scan_6_8_2026 (2).xlsx,Finance,1917.1,-1.13,21824,0.91,SB,-,-,-,-,-,-,-,-,-,-,-,-,-,-,-,-,-,-,,,,,,,,,,,,,,,,,,,,,,,,,,
GAIL,,,,,,-1.57,,,,78,0.31,,,,,,,,FUTURES_OI,FuturesOI_25AUG26_Scan_6_8_2026 (2).xlsx,Gas Distribution,174.45,-0.89,25052,0.39,SB,-,-,-,-,-,-,-,-,-,-,-,-,-,-,-,-,-,-,,,,,,,,,,,,,,,,,,,,,,,,,,
HINDZINC,,,,,,-0.2,,,,74,0.31,,,,,,,,FUTURES_OI,FuturesOI_25AUG26_Scan_6_8_2026 (2).xlsx,Non Ferrous Metals,593.85,-0.03,24072,0.66,SB,-,-,-,-,-,-,-,-,-,-,-,-,-,-,-,-,-,-,,,,,,,,,,,,,,,,,,,,,,,,,,
ICICIPRULI,,,,,,-1.75,,,,51,0.27,,,,,,,,FUTURES_OI,FuturesOI_25AUG26_Scan_6_8_2026 (2).xlsx,Insurance,505.95,-0.34,19043,0.62,SB,-,-,-,-,-,-,-,-,-,-,-,-,-,-,-,-,-,-,,,,,,,,,,,,,,,,,,,,,,,,,,
POLYCAB,,,,,,-58,,,,48,0.26,,,,,,,,FUTURES_OI,FuturesOI_25AUG26_Scan_6_8_2026 (2).xlsx,Cables,9289.0,-0.62,18221,0.8,SB,-,-,-,-,-,-,-,-,-,-,-,-,-,-,-,-,-,-,,,,,,,,,,,,,,,,,,,,,,,,,,
ZYDUSLIFE,,,,,,-1.5,,,,29,0.26,,,,,,,,FUTURES_OI,FuturesOI_25AUG26_Scan_6_8_2026 (2).xlsx,Pharmaceuticals,1106.2,-0.14,11362,1.05,SB,-,-,-,-,-,-,-,-,-,-,-,-,-,-,-,-,-,-,,,,,,,,,,,,,,,,,,,,,,,,,,
MAXHEALTH,,,,,,-0.5,,,,48,0.25,,,,,,,,FUTURES_OI,FuturesOI_25AUG26_Scan_6_8_2026 (2).xlsx,Healthcare,1077.4,-0.05,19409,0.68,SB,-,-,-,-,-,-,-,-,-,-,-,-,-,-,-,-,-,-,,,,,,,,,,,,,,,,,,,,,,,,,,
DLF,,,,,,-2.65,,,,119,0.24,,,,,,,,FUTURES_OI,FuturesOI_25AUG26_Scan_6_8_2026 (2).xlsx,Realty,644.35,-0.41,50688,0.6,SB,-,-,-,-,-,-,-,-,-,-,-,-,-,-,-,-,-,-,,,,,,,,,,,,,,,,,,,,,,,,,,
NBCC,,,,,,-0.68,,,,36,0.23,,,,,,,,FUTURES_OI,FuturesOI_25AUG26_Scan_6_8_2026 (2).xlsx,Miscellaneous,95.8,-0.7,15742,0.54,SB,-,-,-,-,-,-,-,-,-,-,-,-,-,-,-,-,-,-,,,,,,,,,,,,,,,,,,,,,,,,,,
VEDL,,,,,,-2.05,,,,116,0.23,,,,,,,,FUTURES_OI,FuturesOI_25AUG26_Scan_6_8_2026 (2).xlsx,Non Ferrous Metals,274.6,-0.74,51124,0.54,SB,-,-,-,-,-,-,-,-,-,-,-,-,-,-,-,-,-,-,,,,,,,,,,,,,,,,,,,,,,,,,,
ANGELONE,,,,,,-1,,,,25,0.22,,,,,,,,FUTURES_OI,FuturesOI_25AUG26_Scan_6_8_2026 (2).xlsx,Stock/ Commodity Brokers,297.3,-0.34,11436,0.53,SB,-,-,-,-,-,-,-,-,-,-,-,-,-,-,-,-,-,-,,,,,,,,,,,,,,,,,,,,,,,,,,
APLAPOLLO,,,,,,-0.3,,,,35,0.22,,,,,,,,FUTURES_OI,FuturesOI_25AUG26_Scan_6_8_2026 (2).xlsx,Capital Goods-Non Electrical Equipment,1964.3,-0.02,16119,0.78,SB,-,-,-,-,-,-,-,-,-,-,-,-,-,-,-,-,-,-,,,,,,,,,,,,,,,,,,,,,,,,,,
BANKINDIA,,,,,,-0.45,,,,39,0.22,,,,,,,,FUTURES_OI,FuturesOI_25AUG26_Scan_6_8_2026 (2).xlsx,Banks,143.04,-0.31,17585,0.83,SB,-,-,-,-,-,-,-,-,-,-,-,-,-,-,-,-,-,-,,,,,,,,,,,,,,,,,,,,,,,,,,
IOC,,,,,,-0.42,,,,69,0.22,,,,,,,,FUTURES_OI,FuturesOI_25AUG26_Scan_6_8_2026 (2).xlsx,Refineries,142.5,-0.29,31327,0.72,SB,-,-,-,-,-,-,-,-,-,-,-,-,-,-,-,-,-,-,,,,,,,,,,,,,,,,,,,,,,,,,,
NYKAA,,,,,,-3.2,,,,34,0.22,,,,,,,,FUTURES_OI,FuturesOI_25AUG26_Scan_6_8_2026 (2).xlsx,E-Commerce/App based Aggregator,330.9,-0.96,15624,0.46,SB,-,-,-,-,-,-,-,-,-,-,-,-,-,-,-,-,-,-,,,,,,,,,,,,,,,,,,,,,,,,,,
PNBHOUSING,,,,,,-1.6,,,,24,0.21,,,,,,,,FUTURES_OI,FuturesOI_25AUG26_Scan_6_8_2026 (2).xlsx,Finance,1150.0,-0.14,11258,0.75,SB,-,-,-,-,-,-,-,-,-,-,-,-,-,-,-,-,-,-,,,,,,,,,,,,,,,,,,,,,,,,,,
ADANIENT,,,,,,-10.8,,,,103,0.2,,,,,,,,FUTURES_OI,FuturesOI_25AUG26_Scan_6_8_2026 (2).xlsx,Trading,3037.0,-0.35,50592,0.78,SB,-,-,-,-,-,-,-,-,-,-,-,-,-,-,-,-,-,-,,,,,,,,,,,,,,,,,,,,,,,,,,
FORCEMOT,,,,,,-69,,,,17,0.18,,,,,,,,FUTURES_OI,FuturesOI_25AUG26_Scan_6_8_2026 (2).xlsx,Automobile,18741.0,-0.37,9491,0.87,SB,-,-,-,-,-,-,-,-,-,-,-,-,-,-,-,-,-,-,,,,,,,,,,,,,,,,,,,,,,,,,,
MARICO,,,,,,-2.15,,,,27,0.18,,,,,,,,FUTURES_OI,FuturesOI_25AUG26_Scan_6_8_2026 (2).xlsx,FMCG,862.15,-0.25,15096,0.58,SB,-,-,-,-,-,-,-,-,-,-,-,-,-,-,-,-,-,-,,,,,,,,,,,,,,,,,,,,,,,,,,
MOTILALOFS,,,,,,-4.1,,,,15,0.18,,,,,,,,FUTURES_OI,FuturesOI_25AUG26_Scan_6_8_2026 (2).xlsx,Stock/ Commodity Brokers,863.1,-0.47,8552,0.58,SB,-,-,-,-,-,-,-,-,-,-,-,-,-,-,-,-,-,-,,,,,,,,,,,,,,,,,,,,,,,,,,
CDSL,,,,,,-4.5,,,,37,0.17,,,,,,,,FUTURES_OI,FuturesOI_25AUG26_Scan_6_8_2026 (2).xlsx,Financial Services,1334.5,-0.34,22057,0.68,SB,-,-,-,-,-,-,-,-,-,-,-,-,-,-,-,-,-,-,,,,,,,,,,,,,,,,,,,,,,,,,,
ICICIGI,,,,,,-5.5,,,,27,0.17,,,,,,,,FUTURES_OI,FuturesOI_25AUG26_Scan_6_8_2026 (2).xlsx,Insurance,1648.5,-0.33,16309,0.57,SB,-,-,-,-,-,-,-,-,-,-,-,-,-,-,-,-,-,-,,,,,,,,,,,,,,,,,,,,,,,,,,
COLPAL,,,,,,-2.2,,,,29,0.16,,,,,,,,FUTURES_OI,FuturesOI_25AUG26_Scan_6_8_2026 (2).xlsx,FMCG,2037.5,-0.11,18262,0.5,SB,-,-,-,-,-,-,-,-,-,-,-,-,-,-,-,-,-,-,,,,,,,,,,,,,,,,,,,,,,,,,,
DALBHARAT,,,,,,-25.7,,,,17,0.15,,,,,,,,FUTURES_OI,FuturesOI_25AUG26_Scan_6_8_2026 (2).xlsx,Cement,1807.9,-1.4,11398,0.77,SB,-,-,-,-,-,-,-,-,-,-,-,-,-,-,-,-,-,-,,,,,,,,,,,,,,,,,,,,,,,,,,
IREDA,,,,,,-0.04,,,,26,0.15,,,,,,,,FUTURES_OI,FuturesOI_25AUG26_Scan_6_8_2026 (2).xlsx,Finance,117.74,-0.03,17674,0.75,SB,-,-,-,-,-,-,-,-,-,-,-,-,-,-,-,-,-,-,,,,,,,,,,,,,,,,,,,,,,,,,,
IRFC,,,,,,-0.46,,,,24,0.15,,,,,,,,FUTURES_OI,FuturesOI_25AUG26_Scan_6_8_2026 (2).xlsx,Finance,89.35,-0.51,16424,0.66,SB,-,-,-,-,-,-,-,-,-,-,-,-,-,-,-,-,-,-,,,,,,,,,,,,,,,,,,,,,,,,,,
PFC,,,,,,-1.1,,,,64,0.15,,,,,,,,FUTURES_OI,FuturesOI_25AUG26_Scan_6_8_2026 (2).xlsx,Finance,415.75,-0.26,43438,0.76,SB,-,-,-,-,-,-,-,-,-,-,-,-,-,-,-,-,-,-,,,,,,,,,,,,,,,,,,,,,,,,,,
CIPLA,,,,,,-7.2,,,,28,0.13,,,,,,,,FUTURES_OI,FuturesOI_25AUG26_Scan_6_8_2026 (2).xlsx,Pharmaceuticals,1471.5,-0.49,21397,0.66,SB,-,-,-,-,-,-,-,-,-,-,-,-,-,-,-,-,-,-,,,,,,,,,,,,,,,,,,,,,,,,,,
JINDALSTEL,,,,,,-6.3,,,,31,0.13,,,,,,,,FUTURES_OI,FuturesOI_25AUG26_Scan_6_8_2026 (2).xlsx,Steel,1103.0,-0.57,23117,0.8,SB,-,-,-,-,-,-,-,-,-,-,-,-,-,-,-,-,-,-,,,,,,,,,,,,,,,,,,,,,,,,,,
ADANIPOWER,,,,,,-0.97,,,,48,0.11,,,,,,,,FUTURES_OI,FuturesOI_25AUG26_Scan_6_8_2026 (2).xlsx,Power Generation & Distribution,209.14,-0.46,44633,0.58,SB,-,-,-,-,-,-,-,-,-,-,-,-,-,-,-,-,-,-,,,,,,,,,,,,,,,,,,,,,,,,,,
HDFCBANK,,,,,,-1,,,,533,0.11,,,,,,,,FUTURES_OI,FuturesOI_25AUG26_Scan_6_8_2026 (2).xlsx,Banks,738.4,-0.14,484583,0.48,SB,-,-,-,-,-,-,-,-,-,-,-,-,-,-,-,-,-,-,,,,,,,,,,,,,,,,,,,,,,,,,,
JIOFIN,,,,,,-3.25,,,,89,0.11,,,,,,,,FUTURES_OI,FuturesOI_25AUG26_Scan_6_8_2026 (2).xlsx,Finance,261.25,-1.23,78194,0.63,SB,-,-,-,-,-,-,-,-,-,-,-,-,-,-,-,-,-,-,,,,,,,,,,,,,,,,,,,,,,,,,,
LODHA,,,,,,-3.6,,,,21,0.11,,,,,,,,FUTURES_OI,FuturesOI_25AUG26_Scan_6_8_2026 (2).xlsx,Realty,1218.0,-0.29,18370,0.68,SB,-,-,-,-,-,-,-,-,-,-,-,-,-,-,-,-,-,-,,,,,,,,,,,,,,,,,,,,,,,,,,
POLICYBZR,,,,,,-9.6,,,,29,0.11,,,,,,,,FUTURES_OI,FuturesOI_25AUG26_Scan_6_8_2026 (2).xlsx,E-Commerce/App based Aggregator,1593.2,-0.6,26258,0.63,SB,-,-,-,-,-,-,-,-,-,-,-,-,-,-,-,-,-,-,,,,,,,,,,,,,,,,,,,,,,,,,,
ULTRACEMCO,,,,,,-78,,,,35,0.11,,,,,,,,FUTURES_OI,FuturesOI_25AUG26_Scan_6_8_2026 (2).xlsx,Cement,12048.0,-0.64,31959,0.47,SB,-,-,-,-,-,-,-,-,-,-,-,-,-,-,-,-,-,-,,,,,,,,,,,,,,,,,,,,,,,,,,
HYUNDAI,,,,,,-5.5,,,,13,0.1,,,,,,,,FUTURES_OI,FuturesOI_25AUG26_Scan_6_8_2026 (2).xlsx,Automobile,2199.6,-0.25,13471,1.13,SB,-,-,-,-,-,-,-,-,-,-,-,-,-,-,-,-,-,-,,,,,,,,,,,,,,,,,,,,,,,,,,
LT,,,,,,-6.9,,,,61,0.1,,,,,,,,FUTURES_OI,FuturesOI_25AUG26_Scan_6_8_2026 (2).xlsx,Infrastructure Developers & Operators,4064.7,-0.17,63071,0.82,SB,-,-,-,-,-,-,-,-,-,-,-,-,-,-,-,-,-,-,,,,,,,,,,,,,,,,,,,,,,,,,,
MAZDOCK,,,,,,-27,,,,22,0.1,,,,,,,,FUTURES_OI,FuturesOI_25AUG26_Scan_6_8_2026 (2).xlsx,Aerospace & Defence,2516.0,-1.06,22265,0.59,SB,-,-,-,-,-,-,-,-,-,-,-,-,-,-,-,-,-,-,,,,,,,,,,,,,,,,,,,,,,,,,,
AMBUJACEM,,,,,,-4.5,,,,65,0.09,,,,,,,,FUTURES_OI,FuturesOI_25AUG26_Scan_6_8_2026 (2).xlsx,Cement,434.0,-1.03,69085,0.58,SB,-,-,-,-,-,-,-,-,-,-,-,-,-,-,-,-,-,-,,,,,,,,,,,,,,,,,,,,,,,,,,
INDUSTOWER,,,,,,-2.05,,,,46,0.09,,,,,,,,FUTURES_OI,FuturesOI_25AUG26_Scan_6_8_2026 (2).xlsx,Telecom Equipment & Infra Services,384.75,-0.53,51303,0.52,SB,-,-,-,-,-,-,-,-,-,-,-,-,-,-,-,-,-,-,,,,,,,,,,,,,,,,,,,,,,,,,,
RBLBANK,,,,,,-2.25,,,,12,0.09,,,,,,,,FUTURES_OI,FuturesOI_25AUG26_Scan_6_8_2026 (2).xlsx,Banks,387.75,-0.58,13261,0.75,SB,-,-,-,-,-,-,-,-,-,-,-,-,-,-,-,-,-,-,,,,,,,,,,,,,,,,,,,,,,,,,,
GODREJPROP,,,,,,-2.6,,,,20,0.08,,,,,,,,FUTURES_OI,FuturesOI_25AUG26_Scan_6_8_2026 (2).xlsx,Realty,2100.0,-0.12,24785,0.6,SB,-,-,-,-,-,-,-,-,-,-,-,-,-,-,-,-,-,-,,,,,,,,,,,,,,,,,,,,,,,,,,
PNB,,,,,,-0.29,,,,27,0.08,,,,,,,,FUTURES_OI,FuturesOI_25AUG26_Scan_6_8_2026 (2).xlsx,Banks,114.55,-0.25,35864,0.92,SB,-,-,-,-,-,-,-,-,-,-,-,-,-,-,-,-,-,-,,,,,,,,,,,,,,,,,,,,,,,,,,
ADANIGREEN,,,,,,-1.8,,,,30,0.07,,,,,,,,FUTURES_OI,FuturesOI_25AUG26_Scan_6_8_2026 (2).xlsx,Power Generation & Distribution,1377.3,-0.13,44727,0.58,SB,-,-,-,-,-,-,-,-,-,-,-,-,-,-,-,-,-,-,,,,,,,,,,,,,,,,,,,,,,,,,,
ASIANPAINT,,,,,,-13.6,,,,22,0.07,,,,,,,,FUTURES_OI,FuturesOI_25AUG26_Scan_6_8_2026 (2).xlsx,Paints/Varnish,2744.2,-0.49,29885,0.68,SB,-,-,-,-,-,-,-,-,-,-,-,-,-,-,-,-,-,-,,,,,,,,,,,,,,,,,,,,,,,,,,
BANKBARODA,,,,,,-1.16,,,,29,0.07,,,,,,,,FUTURES_OI,FuturesOI_25AUG26_Scan_6_8_2026 (2).xlsx,Banks,249.73,-0.46,43834,0.89,SB,-,-,-,-,-,-,-,-,-,-,-,-,-,-,-,-,-,-,,,,,,,,,,,,,,,,,,,,,,,,,,
HINDALCO,,,,,,-0.55,,,,50,0.07,,,,,,,,FUTURES_OI,FuturesOI_25AUG26_Scan_6_8_2026 (2).xlsx,Non Ferrous Metals,1029.05,-0.05,75394,0.64,SB,-,-,-,-,-,-,-,-,-,-,-,-,-,-,-,-,-,-,,,,,,,,,,,,,,,,,,,,,,,,,,
ICICIBANK,,,,,,-5.2,,,,101,0.07,,,,,,,,FUTURES_OI,FuturesOI_25AUG26_Scan_6_8_2026 (2).xlsx,Banks,1455.9,-0.36,141455,0.76,SB,-,-,-,-,-,-,-,-,-,-,-,-,-,-,-,-,-,-,,,,,,,,,,,,,,,,,,,,,,,,,,
IDEA,,,,,,-0.05,,,,55,0.07,,,,,,,,FUTURES_OI,FuturesOI_25AUG26_Scan_6_8_2026 (2).xlsx,Telecom-Service,12.68,-0.39,82495,0.58,SB,-,-,-,-,-,-,-,-,-,-,-,-,-,-,-,-,-,-,,,,,,,,,,,,,,,,,,,,,,,,,,
INDHOTEL,,,,,,-1.05,,,,15,0.07,,,,,,,,FUTURES_OI,FuturesOI_25AUG26_Scan_6_8_2026 (2).xlsx,Hotels & Restaurants,735.8,-0.14,20854,0.6,SB,-,-,-,-,-,-,-,-,-,-,-,-,-,-,-,-,-,-,,,,,,,,,,,,,,,,,,,,,,,,,,
HDFCLIFE,,,,,,-1.2,,,,25,0.06,,,,,,,,FUTURES_OI,FuturesOI_25AUG26_Scan_6_8_2026 (2).xlsx,Insurance,543.75,-0.22,43641,0.6,SB,-,-,-,-,-,-,-,-,-,-,-,-,-,-,-,-,-,-,,,,,,,,,,,,,,,,,,,,,,,,,,
SOLARINDS,,,,,,-169,,,,9,0.06,,,,,,,,FUTURES_OI,FuturesOI_25AUG26_Scan_6_8_2026 (2).xlsx,Aerospace & Defence,18513.0,-0.9,15355,0.69,SB,-,-,-,-,-,-,-,-,-,-,-,-,-,-,-,-,-,-,,,,,,,,,,,,,,,,,,,,,,,,,,
TATASTEEL,,,,,,-0.65,,,,42,0.06,,,,,,,,FUTURES_OI,FuturesOI_25AUG26_Scan_6_8_2026 (2).xlsx,Steel,189.89,-0.34,65284,0.64,SB,-,-,-,-,-,-,-,-,-,-,-,-,-,-,-,-,-,-,,,,,,,,,,,,,,,,,,,,,,,,,,
AXISBANK,,,,,,-4.6,,,,68,0.05,,,,,,,,FUTURES_OI,FuturesOI_25AUG26_Scan_6_8_2026 (2).xlsx,Banks,1254.4,-0.37,128351,0.68,SB,-,-,-,-,-,-,-,-,-,-,-,-,-,-,-,-,-,-,,,,,,,,,,,,,,,,,,,,,,,,,,
FEDERALBNK,,,,,,-0.85,,,,17,0.05,,,,,,,,FUTURES_OI,FuturesOI_25AUG26_Scan_6_8_2026 (2).xlsx,Banks,351.95,-0.24,33589,0.76,SB,-,-,-,-,-,-,-,-,-,-,-,-,-,-,-,-,-,-,,,,,,,,,,,,,,,,,,,,,,,,,,
GODFRYPHLP,,,,,,-7.8,,,,3,0.05,,,,,,,,FUTURES_OI,FuturesOI_25AUG26_Scan_6_8_2026 (2).xlsx,Tobacco Products,2265.0,-0.34,6465,0.52,SB,-,-,-,-,-,-,-,-,-,-,-,-,-,-,-,-,-,-,,,,,,,,,,,,,,,,,,,,,,,,,,
NAM-INDIA,,,,,,-15.6,,,,6,0.05,,,,,,,,FUTURES_OI,FuturesOI_25AUG26_Scan_6_8_2026 (2).xlsx,Finance,1166.1,-1.32,12000,0.46,SB,-,-,-,-,-,-,-,-,-,-,-,-,-,-,-,-,-,-,,,,,,,,,,,,,,,,,,,,,,,,,,
PAYTM,,,,,,-5.5,,,,13,0.05,,,,,,,,FUTURES_OI,FuturesOI_25AUG26_Scan_6_8_2026 (2).xlsx,E-Commerce/App based Aggregator,1448.2,-0.38,27696,0.69,SB,-,-,-,-,-,-,-,-,-,-,-,-,-,-,-,-,-,-,,,,,,,,,,,,,,,,,,,,,,,,,,
SBILIFE,,,,,,-8.8,,,,8,0.05,,,,,,,,FUTURES_OI,FuturesOI_25AUG26_Scan_6_8_2026 (2).xlsx,Insurance,1867.8,-0.47,14974,0.64,SB,-,-,-,-,-,-,-,-,-,-,-,-,-,-,-,-,-,-,,,,,,,,,,,,,,,,,,,,,,,,,,
YESBANK,,,,,,-0.02,,,,19,0.05,,,,,,,,FUTURES_OI,FuturesOI_25AUG26_Scan_6_8_2026 (2).xlsx,Banks,22.81,-0.09,37092,0.59,SB,-,-,-,-,-,-,-,-,-,-,-,-,-,-,-,-,-,-,,,,,,,,,,,,,,,,,,,,,,,,,,
DIXON,,,,,,-40,,,,21,0.04,,,,,,,,FUTURES_OI,FuturesOI_25AUG26_Scan_6_8_2026 (2).xlsx,Consumer Durables,14104.0,-0.28,51191,0.57,SB,-,-,-,-,-,-,-,-,-,-,-,-,-,-,-,-,-,-,,,,,,,,,,,,,,,,,,,,,,,,,,
HINDPETRO,,,,,,-1.35,,,,9,0.04,,,,,,,,FUTURES_OI,FuturesOI_25AUG26_Scan_6_8_2026 (2).xlsx,Refineries,395.7,-0.34,22372,0.6,SB,-,-,-,-,-,-,-,-,-,-,-,-,-,-,-,-,-,-,,,,,,,,,,,,,,,,,,,,,,,,,,
IEX,,,,,,-0.07,,,,6,0.04,,,,,,,,FUTURES_OI,FuturesOI_25AUG26_Scan_6_8_2026 (2).xlsx,Financial Services,128.81,-0.05,16864,0.63,SB,-,-,-,-,-,-,-,-,-,-,-,-,-,-,-,-,-,-,,,,,,,,,,,,,,,,,,,,,,,,,,
MFSL,,,,,,-8.4,,,,10,0.04,,,,,,,,FUTURES_OI,FuturesOI_25AUG26_Scan_6_8_2026 (2).xlsx,Finance,1517.6,-0.55,22912,0.56,SB,-,-,-,-,-,-,-,-,-,-,-,-,-,-,-,-,-,-,,,,,,,,,,,,,,,,,,,,,,,,,,
NATIONALUM,,,,,,-0.95,,,,10,0.04,,,,,,,,FUTURES_OI,FuturesOI_25AUG26_Scan_6_8_2026 (2).xlsx,Non Ferrous Metals,379.4,-0.25,22860,0.76,SB,-,-,-,-,-,-,-,-,-,-,-,-,-,-,-,-,-,-,,,,,,,,,,,,,,,,,,,,,,,,,,
SIEMENS,,,,,,-12.3,,,,8,0.04,,,,,,,,FUTURES_OI,FuturesOI_25AUG26_Scan_6_8_2026 (2).xlsx,Capital Goods - Electrical Equipment,3964.7,-0.31,19511,0.69,SB,-,-,-,-,-,-,-,-,-,-,-,-,-,-,-,-,-,-,,,,,,,,,,,,,,,,,,,,,,,,,,
BHARTIARTL,,,,,,-0.3,,,,30,0.03,,,,,,,,FUTURES_OI,FuturesOI_25AUG26_Scan_6_8_2026 (2).xlsx,Telecom-Service,1957.7,-0.02,111561,0.5,SB,-,-,-,-,-,-,-,-,-,-,-,-,-,-,-,-,-,-,,,,,,,,,,,,,,,,,,,,,,,,,,
HINDUNILVR,,,,,,-0.8,,,,14,0.03,,,,,,,,FUTURES_OI,FuturesOI_25AUG26_Scan_6_8_2026 (2).xlsx,FMCG,2094.0,-0.04,49050,0.51,SB,-,-,-,-,-,-,-,-,-,-,-,-,-,-,-,-,-,-,,,,,,,,,,,,,,,,,,,,,,,,,,
MANAPPURAM,,,,,,-2.9,,,,6,0.03,,,,,,,,FUTURES_OI,FuturesOI_25AUG26_Scan_6_8_2026 (2).xlsx,Finance,362.55,-0.79,21853,0.61,SB,-,-,-,-,-,-,-,-,-,-,-,-,-,-,-,-,-,-,,,,,,,,,,,,,,,,,,,,,,,,,,
NMDC,,,,,,-0.86,,,,18,0.03,,,,,,,,FUTURES_OI,FuturesOI_25AUG26_Scan_6_8_2026 (2).xlsx,Mining & Mineral products,85.27,-1.0,51585,0.62,SB,-,-,-,-,-,-,-,-,-,-,-,-,-,-,-,-,-,-,,,,,,,,,,,,,,,,,,,,,,,,,,
DMART,,,,,,-6.8,,,,7,0.02,,,,,,,,FUTURES_OI,FuturesOI_25AUG26_Scan_6_8_2026 (2).xlsx,Retail,3952.0,-0.17,34823,0.67,SB,-,-,-,-,-,-,-,-,-,-,-,-,-,-,-,-,-,-,,,,,,,,,,,,,,,,,,,,,,,,,,
GRASIM,,,,,,-16.2,,,,9,0.02,,,,,,,,FUTURES_OI,FuturesOI_25AUG26_Scan_6_8_2026 (2).xlsx,Textiles,3200.0,-0.5,47993,0.64,SB,-,-,-,-,-,-,-,-,-,-,-,-,-,-,-,-,-,-,,,,,,,,,,,,,,,,,,,,,,,,,,
SAIL,,,,,,-1.1,,,,7,0.02,,,,,,,,FUTURES_OI,FuturesOI_25AUG26_Scan_6_8_2026 (2).xlsx,Steel,176.56,-0.62,38295,0.67,SB,-,-,-,-,-,-,-,-,-,-,-,-,-,-,-,-,-,-,,,,,,,,,,,,,,,,,,,,,,,,,,
SHREECEM,,,,,,-270,,,,3,0.02,,,,,,,,FUTURES_OI,FuturesOI_25AUG26_Scan_6_8_2026 (2).xlsx,Cement,26205.0,-1.02,15086,0.59,SB,-,-,-,-,-,-,-,-,-,-,-,-,-,-,-,-,-,-,,,,,,,,,,,,,,,,,,,,,,,,,,
SUPREMEIND,,,,,,-1.1,,,,3,0.02,,,,,,,,FUTURES_OI,FuturesOI_25AUG26_Scan_6_8_2026 (2).xlsx,Plastic products,3473.0,-0.03,13075,0.65,SB,-,-,-,-,-,-,-,-,-,-,-,-,-,-,-,-,-,-,,,,,,,,,,,,,,,,,,,,,,,,,,
TATACONSUM,,,,,,-3.3,,,,5,0.02,,,,,,,,FUTURES_OI,FuturesOI_25AUG26_Scan_6_8_2026 (2).xlsx,FMCG,1091.0,-0.3,28680,0.6,SB,-,-,-,-,-,-,-,-,-,-,-,-,-,-,-,-,-,-,,,,,,,,,,,,,,,,,,,,,,,,,,
UNITDSPR,,,,,,-2.5,,,,3,0.02,,,,,,,,FUTURES_OI,FuturesOI_25AUG26_Scan_6_8_2026 (2).xlsx,Alcoholic Beverages,1528.0,-0.16,18730,0.89,SB,-,-,-,-,-,-,-,-,-,-,-,-,-,-,-,-,-,-,,,,,,,,,,,,,,,,,,,,,,,,,,
WAAREEENER,,,,,,-12.1,,,,8,0.02,,,,,,,,FUTURES_OI,FuturesOI_25AUG26_Scan_6_8_2026 (2).xlsx,Capital Goods - Electrical Equipment,2664.1,-0.45,42204,0.63,SB,-,-,-,-,-,-,-,-,-,-,-,-,-,-,-,-,-,-,,,,,,,,,,,,,,,,,,,,,,,,,,
ABB,,,,,,-27.5,,,,1,0.01,,,,,,,,FUTURES_OI,FuturesOI_25AUG26_Scan_6_8_2026 (2).xlsx,Capital Goods - Electrical Equipment,7632.0,-0.36,16941,0.56,SB,-,-,-,-,-,-,-,-,-,-,-,-,-,-,-,-,-,-,,,,,,,,,,,,,,,,,,,,,,,,,,
CONCOR,,,,,,-0.35,,,,1,0.01,,,,,,,,FUTURES_OI,FuturesOI_25AUG26_Scan_6_8_2026 (2).xlsx,Logistics,512.6,-0.07,17389,0.59,SB,-,-,-,-,-,-,-,-,-,-,-,-,-,-,-,-,-,-,,,,,,,,,,,,,,,,,,,,,,,,,,
JSWENERGY,,,,,,-1.85,,,,3,0.01,,,,,,,,FUTURES_OI,FuturesOI_25AUG26_Scan_6_8_2026 (2).xlsx,Power Generation & Distribution,564.55,-0.33,22639,0.89,SB,-,-,-,-,-,-,-,-,-,-,-,-,-,-,-,-,-,-,,,,,,,,,,,,,,,,,,,,,,,,,,
SUZLON,,,,,,-0.07,,,,2,0.01,,,,,,,,FUTURES_OI,FuturesOI_25AUG26_Scan_6_8_2026 (2).xlsx,Capital Goods - Electrical Equipment,48.37,-0.14,36014,0.5,SB,-,-,-,-,-,-,-,-,-,-,-,-,-,-,-,-,-,-,,,,,,,,,,,,,,,,,,,,,,,,,,
INDUSINDBK,,,,,,-3.1,,,,1,0.0,,,,,,,,FUTURES_OI,FuturesOI_25AUG26_Scan_6_8_2026 (2).xlsx,Banks,1012.3,-0.31,47374,0.54,SB,-,-,-,-,-,-,-,-,-,-,-,-,-,-,-,-,-,-,,,,,,,,,,,,,,,,,,,,,,,,,,
JSWSTEEL,,,,,,-0.9,,,,2,0.0,,,,,,,,FUTURES_OI,FuturesOI_25AUG26_Scan_6_8_2026 (2).xlsx,Steel,1312.6,-0.07,59227,0.8,SB,-,-,-,-,-,-,-,-,-,-,-,-,-,-,-,-,-,-,,,,,,,,,,,,,,,,,,,,,,,,,,
,,,,,,,,,,,,,,,,,,,IVR_IVP,IVR-IVP_25AUG26_Report_2026-08-07.xlsx,,,,,,,,,,,,,,,,,,,,,,,,,,,,,,,,,,,,,,,,,,,,,,,,,,
NIFTY,,,,,,-63.5,,,,,,,,,,,,,RESISTANCE,Resistance_25AUG26_Scan_7_8_2026 (1).xlsx,,24675.9,-0.26,,1.15,,,,,,,,,,,,,,,,,,,,182003.0,-45.0,-0.02,24000.0,86640.0,-715.0,131737.0,203.0,2.82,LU,,,,,,,,,,,,,,,,
SENSEX,,,,,,-172.8,,,,,,,,,,,,,RESISTANCE,Resistance_25AUG26_Scan_7_8_2026 (1).xlsx,,79001.65,-0.22,,1.33,,,,,,,,,,,,,,,,,,,,1926.0,-43.0,-2.18,77000.0,1470.0,5.0,2038.0,-9.0,2.6,LU,,,,,,,,,,,,,,,,
LAURUSLABS,,,,,,8.9,,,,,,,,,,,,,RESISTANCE,Resistance_25AUG26_Scan_7_8_2026 (1).xlsx,,1838.6,0.49,,0.94,,,,,,,,,,,,,,,,,,,,19524.0,17.0,0.09,1800.0,1548.0,7.0,1365.0,41.0,2.14,LB,,,,,,,,,,,,,,,,
RELIANCE,,,,,,-4.2,,,,,,,,,,,,,RESISTANCE,Resistance_25AUG26_Scan_7_8_2026 (1).xlsx,,1327.0,-0.32,,0.89,,,,,,,,,,,,,,,,,,,,218154.0,-49.0,-0.02,1300.0,13819.0,-77.0,13582.0,302.0,2.08,LU,,,,,,,,,,,,,,,,
UNOMINDA,,,,,,14.2,,,,,,,,,,,,,RESISTANCE,Resistance_25AUG26_Scan_7_8_2026 (1).xlsx,,1281.4,1.12,,0.64,,,,,,,,,,,,,,,,,,,,8821.0,29.0,0.33,1260.0,725.0,-34.0,168.0,27.0,1.7,LB,,,,,,,,,,,,,,,,
LT,,,,,,-6.9,,,,,,,,,,,,,RESISTANCE,Resistance_25AUG26_Scan_7_8_2026 (1).xlsx,,4064.7,-0.17,,0.82,,,,,,,,,,,,,,,,,,,,63068.0,58.0,0.09,4000.0,4761.0,5.0,2513.0,-5.0,1.62,SB,,,,,,,,,,,,,,,,
PERSISTENT,,,,,,62.0,,,,,,,,,,,,,RESISTANCE,Resistance_25AUG26_Scan_7_8_2026 (1).xlsx,,5571.5,1.13,,0.68,,,,,,,,,,,,,,,,,,,,27595.0,96.0,0.35,5500.0,2434.0,-286.0,2120.0,31.0,1.3,LB,,,,,,,,,,,,,,,,
CANBK,,,,,,-0.4,,,,,,,,,,,,,RESISTANCE,Resistance_25AUG26_Scan_7_8_2026 (1).xlsx,,131.6,-0.3,,0.81,,,,,,,,,,,,,,,,,,,,56402.0,-3.0,-0.01,130.0,2401.0,20.0,1673.0,-63.0,1.23,LU,,,,,,,,,,,,,,,,
MOTHERSON,,,,,,7.34,,,,,,,,,,,,,RESISTANCE,Resistance_25AUG26_Scan_7_8_2026 (1).xlsx,,161.91,4.75,,0.73,,,,,,,,,,,,,,,,,,,,20406.0,-163.0,-0.79,160.0,1701.0,-668.0,296.0,179.0,1.19,SC,,,,,,,,,,,,,,,,
BRITANNIA,,,,,,251.0,,,,,,,,,,,,,RESISTANCE,Resistance_25AUG26_Scan_7_8_2026 (1).xlsx,,5655.0,4.64,,0.62,,,,,,,,,,,,,,,,,,,,15616.0,269.0,1.75,5600.0,2505.0,-86.0,1038.0,903.0,0.98,LB,,,,,,,,,,,,,,,,
LTM,,,,,,71.8,,,,,,,,,,,,,RESISTANCE,Resistance_25AUG26_Scan_7_8_2026 (1).xlsx,,4644.8,1.57,,0.62,,,,,,,,,,,,,,,,,,,,17254.0,413.0,2.45,4600.0,1025.0,326.0,355.0,49.0,0.97,LB,,,,,,,,,,,,,,,,
ULTRACEMCO,,,,,,-78.0,,,,,,,,,,,,,RESISTANCE,Resistance_25AUG26_Scan_7_8_2026 (1).xlsx,,12048.0,-0.64,,0.47,,,,,,,,,,,,,,,,,,,,31967.0,43.0,0.13,11960.0,2216.0,0.0,380.0,1.0,0.74,SB,,,,,,,,,,,,,,,,
UNIONBANK,,,,,,-0.42,,,,,,,,,,,,,RESISTANCE,Resistance_25AUG26_Scan_7_8_2026 (1).xlsx,,181.3,-0.23,,0.89,,,,,,,,,,,,,,,,,,,,26111.0,96.0,0.37,180.0,1690.0,-10.0,918.0,37.0,0.72,SB,,,,,,,,,,,,,,,,
PGEL,,,,,,9.6,,,,,,,,,,,,,RESISTANCE,Resistance_25AUG26_Scan_7_8_2026 (1).xlsx,,624.0,1.56,,0.74,,,,,,,,,,,,,,,,,,,,12695.0,254.0,2.04,620.0,1295.0,-166.0,844.0,239.0,0.65,LB,,,,,,,,,,,,,,,,
CHOLAFIN,,,,,,-27.3,,,,,,,,,,,,,RESISTANCE,Resistance_25AUG26_Scan_7_8_2026 (1).xlsx,,1911.7,-1.41,,0.91,,,,,,,,,,,,,,,,,,,,21841.0,86.0,0.4,1900.0,724.0,4.0,442.0,2.0,0.62,SB,,,,,,,,,,,,,,,,
GRASIM,,,,,,-19.7,,,,,,,,,,,,,RESISTANCE,Resistance_25AUG26_Scan_7_8_2026 (1).xlsx,,3196.5,-0.61,,0.64,,,,,,,,,,,,,,,,,,,,47995.0,11.0,0.02,3180.0,2464.0,-2.0,0.0,,0.52,SB,,,,,,,,,,,,,,,,
MANAPPURAM,,,,,,-3.65,,,,,,,,,,,,,RESISTANCE,Resistance_25AUG26_Scan_7_8_2026 (1).xlsx,,361.8,-1.0,,0.61,,,,,,,,,,,,,,,,,,,,21849.0,2.0,0.01,360.0,824.0,12.0,573.0,-1.0,0.5,SB,,,,,,,,,,,,,,,,
BEL,,,,,,1.1,,,,,,,,,,,,,RESISTANCE,Resistance_25AUG26_Scan_7_8_2026 (1).xlsx,,401.85,0.27,,0.67,,,,,,,,,,,,,,,,,,,,73011.0,-91.0,-0.12,400.0,6589.0,-513.0,3914.0,45.0,0.46,SC,,,,,,,,,,,,,,,,
MPHASIS,,,,,,41.0,,,,,,,,,,,,,RESISTANCE,Resistance_25AUG26_Scan_7_8_2026 (1).xlsx,,2461.3,1.69,,0.66,,,,,,,,,,,,,,,,,,,,14379.0,68.0,0.48,2450.0,950.0,138.0,370.0,3.0,0.46,LB,,,,,,,,,,,,,,,,
ICICIBANK,,,,,,-4.6,,,,,,,,,,,,,RESISTANCE,Resistance_25AUG26_Scan_7_8_2026 (1).xlsx,,1456.5,-0.31,,0.76,,,,,,,,,,,,,,,,,,,,141409.0,55.0,0.04,1450.0,4739.0,61.0,3081.0,286.0,0.45,SB,,,,,,,,,,,,,,,,
JIOFIN,,,,,,-3.7,,,,,,,,,,,,,RESISTANCE,Resistance_25AUG26_Scan_7_8_2026 (1).xlsx,,260.8,-1.4,,0.63,,,,,,,,,,,,,,,,,,,,78204.0,99.0,0.13,260.0,5569.0,143.0,1719.0,-4.0,0.31,SB,,,,,,,,,,,,,,,,
PETRONET,,,,,,1.3,,,,,,,,,,,,,RESISTANCE,Resistance_25AUG26_Scan_7_8_2026 (1).xlsx,,280.35,0.47,,0.91,,,,,,,,,,,,,,,,,,,,16818.0,-2.0,-0.01,280.0,1137.0,4.0,0.0,,0.13,SC,,,,,,,,,,,,,,,,
TITAN,,,,,,5.1,,,,,,,,,,,,,RESISTANCE,Resistance_25AUG26_Scan_7_8_2026 (1).xlsx,,5004.9,0.1,,0.7,,,,,,,,,,,,,,,,,,,,30779.0,-19.0,-0.06,5000.0,3857.0,190.0,1496.0,97.0,0.1,SC,,,,,,,,,,,,,,,,
BDL,,,,,,-6.7,,,,,,,,,,,,,RESISTANCE,Resistance_25AUG26_Scan_7_8_2026 (1).xlsx,,1301.1,-0.51,,0.77,,,,,,,,,,,,,,,,,,,,15854.0,72.0,0.46,1300.0,1322.0,-84.0,564.0,-6.0,0.08,SB,,,,,,,,,,,,,,,,
BANKNIFTY,,,,,,-154.2,,,,,,,,,,,,,RESISTANCE,Resistance_25AUG26_Scan_7_8_2026 (1).xlsx,,58025.4,-0.27,,0.96,,,,,,,,,,,,,,,,,,,,70585.0,283.0,0.4,58000.0,77641.0,-109.0,58874.0,-28.0,0.04,SB,,,,,,,,,,,,,,,,
EICHERMOT,,,,,,30.5,,,,,,,,,,,,,RESISTANCE,Resistance_25AUG26_Scan_7_8_2026 (1).xlsx,,8003.0,0.38,,1.03,,,,,,,,,,,,,,,,,,,,36555.0,-16.0,-0.04,8000.0,2283.0,6.0,777.0,21.0,0.04,SC,,,,,,,,,,,,,,,,
GODREJPROP,,,,,,-2.0,,,,,,,,,,,,,RESISTANCE,Resistance_25AUG26_Scan_7_8_2026 (1).xlsx,,2100.6,-0.1,,0.6,,,,,,,,,,,,,,,,,,,,24791.0,26.0,0.1,2100.0,1609.0,89.0,870.0,23.0,0.03,SB,,,,,,,,,,,,,,,,
BANKBARODA,,,,,,-0.92,,,,,,,,,,,,,RESISTANCE,Resistance_25AUG26_Scan_7_8_2026 (1).xlsx,,249.97,-0.37,,0.89,,,,,,,,,,,,,,,,,,,,43837.0,32.0,0.07,250.0,4126.0,5.0,1919.0,-51.0,-0.01,SB,,,,,,,,,,,,,,,,
HYUNDAI,,,,,,-5.5,,,,,,,,,,,,,RESISTANCE,Resistance_25AUG26_Scan_7_8_2026 (1).xlsx,,2199.6,-0.25,,1.13,,,,,,,,,,,,,,,,,,,,13471.0,13.0,0.1,2200.0,885.0,31.0,475.0,0.0,-0.02,SB,,,,,,,,,,,,,,,,
COFORGE,,,,,,12.4,,,,,,,,,,,,,RESISTANCE,Resistance_25AUG26_Scan_7_8_2026 (1).xlsx,,1798.0,0.69,,1.01,,,,,,,,,,,,,,,,,,,,28202.0,-3.0,-0.01,1800.0,1766.0,-15.0,536.0,85.0,-0.11,SC,,,,,,,,,,,,,,,,
LUPIN,,,,,,-7.7,,,,,,,,,,,,,RESISTANCE,Resistance_25AUG26_Scan_7_8_2026 (1).xlsx,,2396.9,-0.32,,0.56,,,,,,,,,,,,,,,,,,,,16523.0,690.0,4.36,2400.0,2013.0,796.0,1480.0,247.0,-0.13,SB,,,,,,,,,,,,,,,,
AUROPHARMA,,,,,,2.4,,,,,,,,,,,,,RESISTANCE,Resistance_25AUG26_Scan_7_8_2026 (1).xlsx,,1594.8,0.15,,0.59,,,,,,,,,,,,,,,,,,,,19575.0,50.0,0.26,1600.0,1679.0,66.0,671.0,23.0,-0.33,LB,,,,,,,,,,,,,,,,
APOLLOHOSP,,,,,,4.0,,,,,,,,,,,,,RESISTANCE,Resistance_25AUG26_Scan_7_8_2026 (1).xlsx,,8969.5,0.04,,0.66,,,,,,,,,,,,,,,,,,,,15856.0,7.0,0.04,9000.0,1369.0,-38.0,474.0,12.0,-0.34,LB,,,,,,,,,,,,,,,,
VMM,,,,,,-0.34,,,,,,,,,,,,,RESISTANCE,Resistance_25AUG26_Scan_7_8_2026 (1).xlsx,,109.6,-0.31,,0.54,,,,,,,,,,,,,,,,,,,,9725.0,0.0,0.0,110.0,655.0,-20.0,406.0,-1.0,-0.36,-,,,,,,,,,,,,,,,,
BAJAJ-AUTO,,,,,,6.0,,,,,,,,,,,,,RESISTANCE,Resistance_25AUG26_Scan_7_8_2026 (1).xlsx,,11657.0,0.05,,1.64,,,,,,,,,,,,,,,,,,,,24559.0,-7.0,-0.03,11700.0,2017.0,-26.0,348.0,25.0,-0.37,SC,,,,,,,,,,,,,,,,
SONACOMS,,,,,,4.45,,,,,,,,,,,,,RESISTANCE,Resistance_25AUG26_Scan_7_8_2026 (1).xlsx,,797.0,0.56,,0.79,,,,,,,,,,,,,,,,,,,,9731.0,32.0,0.33,800.0,490.0,-9.0,0.0,,-0.38,LB,,,,,,,,,,,,,,,,
PNB,,,,,,-0.34,,,,,,,,,,,,,RESISTANCE,Resistance_25AUG26_Scan_7_8_2026 (1).xlsx,,114.5,-0.3,,0.92,,,,,,,,,,,,,,,,,,,,35867.0,30.0,0.08,115.0,1921.0,41.0,647.0,8.0,-0.43,SB,,,,,,,,,,,,,,,,
AXISBANK,,,,,,-6.0,,,,,,,,,,,,,RESISTANCE,Resistance_25AUG26_Scan_7_8_2026 (1).xlsx,,1253.0,-0.48,,0.67,,,,,,,,,,,,,,,,,,,,128360.0,77.0,0.06,1260.0,5925.0,116.0,2945.0,-25.0,-0.56,SB,,,,,,,,,,,,,,,,
COCHINSHIP,,,,,,-11.1,,,,,,,,,,,,,RESISTANCE,Resistance_25AUG26_Scan_7_8_2026 (1).xlsx,,1491.0,-0.74,,0.77,,,,,,,,,,,,,,,,,,,,13196.0,58.0,0.44,1500.0,1194.0,9.0,407.0,48.0,-0.6,SB,,,,,,,,,,,,,,,,
LICI,,,,,,5.9,,,,,,,,,,,,,RESISTANCE,Resistance_25AUG26_Scan_7_8_2026 (1).xlsx,,397.6,1.51,,0.72,,,,,,,,,,,,,,,,,,,,36910.0,-115.0,-0.31,400.0,5332.0,-19.0,1969.0,-1.0,-0.6,SC,,,,,,,,,,,,,,,,
NTPC,,,,,,1.25,,,,,,,,,,,,,RESISTANCE,Resistance_25AUG26_Scan_7_8_2026 (1).xlsx,,347.8,0.36,,0.7,,,,,,,,,,,,,,,,,,,,66962.0,67.0,0.1,350.0,4307.0,8.0,1129.0,10.0,-0.63,LB,,,,,,,,,,,,,,,,
HINDALCO,,,,,,3.1,,,,,,,,,,,,,RESISTANCE,Resistance_25AUG26_Scan_7_8_2026 (1).xlsx,,1032.7,0.3,,0.64,,,,,,,,,,,,,,,,,,,,75405.0,61.0,0.08,1040.0,3688.0,11.0,1086.0,5.0,-0.7,LB,,,,,,,,,,,,,,,,
HAVELLS,,,,,,-0.9,,,,,,,,,,,,,RESISTANCE,Resistance_25AUG26_Scan_7_8_2026 (1).xlsx,,1290.7,-0.07,,0.68,,,,,,,,,,,,,,,,,,,,17095.0,-4.0,-0.02,1300.0,806.0,18.0,260.0,0.0,-0.72,LU,,,,,,,,,,,,,,,,
DIVISLAB,,,,,,29.5,,,,,,,,,,,,,RESISTANCE,Resistance_25AUG26_Scan_7_8_2026 (1).xlsx,,8336.5,0.36,,0.98,,,,,,,,,,,,,,,,,,,,33897.0,-7.0,-0.02,8400.0,2234.0,2.0,1130.0,4.0,-0.76,SC,,,,,,,,,,,,,,,,
NESTLEIND,,,,,,14.8,,,,,,,,,,,,,RESISTANCE,Resistance_25AUG26_Scan_7_8_2026 (1).xlsx,,1538.2,0.97,,0.7,,,,,,,,,,,,,,,,,,,,15389.0,-8.0,-0.05,1550.0,1061.0,23.0,138.0,2.0,-0.76,SC,,,,,,,,,,,,,,,,
SIEMENS,,,,,,-7.9,,,,,,,,,,,,,RESISTANCE,Resistance_25AUG26_Scan_7_8_2026 (1).xlsx,,3969.1,-0.2,,0.69,,,,,,,,,,,,,,,,,,,,19511.0,8.0,0.04,4000.0,1515.0,70.0,693.0,9.0,-0.77,SB,,,,,,,,,,,,,,,,
TATACONSUM,,,,,,-2.8,,,,,,,,,,,,,RESISTANCE,Resistance_25AUG26_Scan_7_8_2026 (1).xlsx,,1091.5,-0.26,,0.6,,,,,,,,,,,,,,,,,,,,28680.0,5.0,0.02,1100.0,1320.0,-7.0,844.0,0.0,-0.77,SB,,,,,,,,,,,,,,,,
SBIN,,,,,,0.8,,,,,,,,,,,,,RESISTANCE,Resistance_25AUG26_Scan_7_8_2026 (1).xlsx,,1090.7,0.07,,0.93,,,,,,,,,,,,,,,,,,,,109092.0,723.0,0.67,1100.0,7577.0,1059.0,4127.0,-98.0,-0.85,LB,,,,,,,,,,,,,,,,
ANGELONE,,,,,,-0.95,,,,,,,,,,,,,RESISTANCE,Resistance_25AUG26_Scan_7_8_2026 (1).xlsx,,297.35,-0.32,,0.53,,,,,,,,,,,,,,,,,,,,11464.0,53.0,0.46,300.0,1359.0,60.0,1097.0,2.0,-0.88,SB,,,,,,,,,,,,,,,,
IRFC,,,,,,-0.62,,,,,,,,,,,,,RESISTANCE,Resistance_25AUG26_Scan_7_8_2026 (1).xlsx,,89.19,-0.69,,0.66,,,,,,,,,,,,,,,,,,,,16428.0,28.0,0.17,90.0,3937.0,122.0,2674.0,10.0,-0.9,SB,,,,,,,,,,,,,,,,
TIINDIA,,,,,,5.7,,,,,,,,,,,,,RESISTANCE,Resistance_25AUG26_Scan_7_8_2026 (1).xlsx,,2774.4,0.21,,0.57,,,,,,,,,,,,,,,,,,,,11476.0,4.0,0.03,2800.0,775.0,9.0,277.0,1.0,-0.91,LB,,,,,,,,,,,,,,,,
YESBANK,,,,,,-0.05,,,,,,,,,,,,,RESISTANCE,Resistance_25AUG26_Scan_7_8_2026 (1).xlsx,,22.78,-0.22,,0.59,,,,,,,,,,,,,,,,,,,,37097.0,24.0,0.06,23.0,2530.0,5.0,2448.0,1.0,-0.96,SB,,,,,,,,,,,,,,,,
HINDPETRO,,,,,,-1.2,,,,,,,,,,,,,RESISTANCE,Resistance_25AUG26_Scan_7_8_2026 (1).xlsx,,395.85,-0.3,,0.6,,,,,,,,,,,,,,,,,,,,22372.0,9.0,0.04,400.0,2103.0,7.0,651.0,1.0,-1.04,SB,,,,,,,,,,,,,,,,
360ONE,,,,,,3.8,,,,,,,,,,,,,RESISTANCE,Resistance_25AUG26_Scan_7_8_2026 (1).xlsx,,1187.0,0.32,,0.63,,,,,,,,,,,,,,,,,,,,8378.0,113.0,1.37,1200.0,1103.0,55.0,87.0,10.0,-1.08,LB,,,,,,,,,,,,,,,,
BAJAJHLDNG,,,,,,-120.0,,,,,,,,,,,,,RESISTANCE,Resistance_25AUG26_Scan_7_8_2026 (1).xlsx,,11373.0,-1.04,,1.06,,,,,,,,,,,,,,,,,,,,4556.0,-2.0,-0.04,11500.0,272.0,1.0,0.0,,-1.1,LU,,,,,,,,,,,,,,,,
GLENMARK,,,,,,2.5,,,,,,,,,,,,,RESISTANCE,Resistance_25AUG26_Scan_7_8_2026 (1).xlsx,,2274.5,0.11,,0.5,,,,,,,,,,,,,,,,,,,,31261.0,48.0,0.15,2300.0,1280.0,10.0,498.0,1.0,-1.11,LB,,,,,,,,,,,,,,,,
COALINDIA,,,,,,0.45,,,,,,,,,,,,,RESISTANCE,Resistance_25AUG26_Scan_7_8_2026 (1).xlsx,,415.15,0.11,,0.69,,,,,,,,,,,,,,,,,,,,55299.0,11.0,0.02,420.0,3470.0,16.0,1604.0,18.0,-1.15,LB,,,,,,,,,,,,,,,,
HAL,,,,,,-14.3,,,,,,,,,,,,,RESISTANCE,Resistance_25AUG26_Scan_7_8_2026 (1).xlsx,,4942.1,-0.29,,0.91,,,,,,,,,,,,,,,,,,,,37458.0,-87.0,-0.23,5000.0,3381.0,199.0,961.0,20.0,-1.16,LU,,,,,,,,,,,,,,,,
M&M,,,,,,26.5,,,,,,,,,,,,,RESISTANCE,Resistance_25AUG26_Scan_7_8_2026 (1).xlsx,,3458.2,0.77,,0.81,,,,,,,,,,,,,,,,,,,,59839.0,84.0,0.14,3500.0,4126.0,104.0,1982.0,28.0,-1.19,LB,,,,,,,,,,,,,,,,
AMBER,,,,,,-53.0,,,,,,,,,,,,,RESISTANCE,Resistance_25AUG26_Scan_7_8_2026 (1).xlsx,,7409.5,-0.71,,1.21,,,,,,,,,,,,,,,,,,,,11926.0,106.0,0.9,7500.0,1912.0,38.0,995.0,-1.0,-1.21,SB,,,,,,,,,,,,,,,,
BIOCON,,,,,,-5.75,,,,,,,,,,,,,RESISTANCE,Resistance_25AUG26_Scan_7_8_2026 (1).xlsx,,434.55,-1.31,,0.72,,,,,,,,,,,,,,,,,,,,19660.0,97.0,0.5,440.0,1494.0,119.0,677.0,15.0,-1.24,SB,,,,,,,,,,,,,,,,
HINDZINC,,,,,,-1.55,,,,,,,,,,,,,RESISTANCE,Resistance_25AUG26_Scan_7_8_2026 (1).xlsx,,592.5,-0.26,,0.65,,,,,,,,,,,,,,,,,,,,24080.0,82.0,0.34,600.0,4166.0,124.0,1791.0,-5.0,-1.25,SB,,,,,,,,,,,,,,,,
IEX,,,,,,-0.5,,,,,,,,,,,,,RESISTANCE,Resistance_25AUG26_Scan_7_8_2026 (1).xlsx,,128.38,-0.39,,0.63,,,,,,,,,,,,,,,,,,,,16867.0,9.0,0.05,130.0,1939.0,5.0,753.0,21.0,-1.25,SB,,,,,,,,,,,,,,,,
INDIGO,,,,,,-15.5,,,,,,,,,,,,,RESISTANCE,Resistance_25AUG26_Scan_7_8_2026 (1).xlsx,,5332.5,-0.29,,0.67,,,,,,,,,,,,,,,,,,,,36899.0,-71.0,-0.19,5400.0,4571.0,-62.0,1777.0,11.0,-1.25,LU,,,,,,,,,,,,,,,,
BANKINDIA,,,,,,-0.37,,,,,,,,,,,,,RESISTANCE,Resistance_25AUG26_Scan_7_8_2026 (1).xlsx,,143.12,-0.26,,0.83,,,,,,,,,,,,,,,,,,,,17579.0,33.0,0.19,145.0,1379.0,-3.0,441.0,-2.0,-1.3,SB,,,,,,,,,,,,,,,,
DMART,,,,,,-10.9,,,,,,,,,,,,,RESISTANCE,Resistance_25AUG26_Scan_7_8_2026 (1).xlsx,,3947.9,-0.28,,0.67,,,,,,,,,,,,,,,,,,,,34818.0,2.0,0.01,4000.0,1860.0,22.0,1175.0,-1.0,-1.3,SB,,,,,,,,,,,,,,,,
ITC,,,,,,-0.25,,,,,,,,,,,,,RESISTANCE,Resistance_25AUG26_Scan_7_8_2026 (1).xlsx,,286.15,-0.09,,0.52,,,,,,,,,,,,,,,,,,,,90415.0,8.0,0.01,290.0,12249.0,-62.0,4147.0,6.0,-1.33,SB,,,,,,,,,,,,,,,,
TMPV,,,,,,0.5,,,,,,,,,,,,,RESISTANCE,Resistance_25AUG26_Scan_7_8_2026 (1).xlsx,,345.35,0.14,,0.78,,,,,,,,,,,,,,,,,,,,46406.0,32.0,0.07,350.0,2454.0,-33.0,1384.0,10.0,-1.33,LB,,,,,,,,,,,,,,,,
ETERNAL,,,,,,-2.15,,,,,,,,,,,,,RESISTANCE,Resistance_25AUG26_Scan_7_8_2026 (1).xlsx,,315.3,-0.68,,0.75,,,,,,,,,,,,,,,,,,,,64161.0,-49.0,-0.08,320.0,3635.0,118.0,1021.0,-7.0,-1.47,LU,,,,,,,,,,,,,,,,
INDIANB,,,,,,3.5,,,,,,,,,,,,,RESISTANCE,Resistance_25AUG26_Scan_7_8_2026 (1).xlsx,,886.8,0.4,,1.01,,,,,,,,,,,,,,,,,,,,12183.0,122.0,1.01,900.0,1180.0,45.0,202.0,0.0,-1.47,LB,,,,,,,,,,,,,,,,
AUBANK,,,,,,-4.8,,,,,,,,,,,,,RESISTANCE,Resistance_25AUG26_Scan_7_8_2026 (1).xlsx,,1083.5,-0.44,,0.8,,,,,,,,,,,,,,,,,,,,21743.0,-4.0,-0.02,1100.0,1475.0,187.0,660.0,-10.0,-1.5,LU,,,,,,,,,,,,,,,,
KOTAKBANK,,,,,,-1.65,,,,,,,,,,,,,RESISTANCE,Resistance_25AUG26_Scan_7_8_2026 (1).xlsx,,394.0,-0.42,,0.58,,,,,,,,,,,,,,,,,,,,84559.0,-27.0,-0.03,400.0,4252.0,45.0,817.0,10.0,-1.5,LU,,,,,,,,,,,,,,,,
ADANIGREEN,,,,,,-0.5,,,,,,,,,,,,,RESISTANCE,Resistance_25AUG26_Scan_7_8_2026 (1).xlsx,,1378.6,-0.04,,0.58,,,,,,,,,,,,,,,,,,,,44728.0,31.0,0.07,1400.0,2508.0,31.0,1508.0,5.0,-1.53,SB,,,,,,,,,,,,,,,,
PIDILITIND,,,,,,-0.3,,,,,,,,,,,,,RESISTANCE,Resistance_25AUG26_Scan_7_8_2026 (1).xlsx,,1673.7,-0.02,,0.71,,,,,,,,,,,,,,,,,,,,13534.0,13.0,0.1,1700.0,1563.0,-7.0,113.0,-1.0,-1.55,SB,,,,,,,,,,,,,,,,
INFY,,,,,,9.8,,,,,,,,,,,,,RESISTANCE,Resistance_25AUG26_Scan_7_8_2026 (1).xlsx,,1181.0,0.84,,0.94,,,,,,,,,,,,,,,,,,,,210597.0,365.0,0.17,1200.0,12786.0,41.0,3184.0,20.0,-1.58,LB,,,,,,,,,,,,,,,,
APLAPOLLO,,,,,,3.4,,,,,,,,,,,,,RESISTANCE,Resistance_25AUG26_Scan_7_8_2026 (1).xlsx,,1968.0,0.17,,0.78,,,,,,,,,,,,,,,,,,,,16122.0,38.0,0.24,2000.0,1183.0,-5.0,342.0,6.0,-1.6,LB,,,,,,,,,,,,,,,,
HDFCBANK,,,,,,-1.55,,,,,,,,,,,,,RESISTANCE,Resistance_25AUG26_Scan_7_8_2026 (1).xlsx,,737.85,-0.21,,0.48,,,,,,,,,,,,,,,,,,,,484632.0,582.0,0.12,750.0,34433.0,930.0,16719.0,217.0,-1.62,SB,,,,,,,,,,,,,,,,
GODREJCP,,,,,,2.5,,,,,,,,,,,,,RESISTANCE,Resistance_25AUG26_Scan_7_8_2026 (1).xlsx,,1082.0,0.23,,0.58,,,,,,,,,,,,,,,,,,,,22723.0,-4.0,-0.02,1100.0,833.0,41.0,119.0,1.0,-1.64,SC,,,,,,,,,,,,,,,,
BHEL,,,,,,1.6,,,,,,,,,,,,,RESISTANCE,Resistance_25AUG26_Scan_7_8_2026 (1).xlsx,,412.75,0.39,,0.61,,,,,,,,,,,,,,,,,,,,30855.0,28.0,0.09,420.0,2002.0,47.0,645.0,-1.0,-1.73,LB,,,,,,,,,,,,,,,,
OIL,,,,,,7.45,,,,,,,,,,,,,RESISTANCE,Resistance_25AUG26_Scan_7_8_2026 (1).xlsx,,452.0,1.68,,0.76,,,,,,,,,,,,,,,,,,,,11538.0,20.0,0.17,460.0,427.0,-12.0,125.0,-2.0,-1.74,LB,,,,,,,,,,,,,,,,
ASIANPAINT,,,,,,-7.9,,,,,,,,,,,,,RESISTANCE,Resistance_25AUG26_Scan_7_8_2026 (1).xlsx,,2749.9,-0.29,,0.68,,,,,,,,,,,,,,,,,,,,29888.0,25.0,0.08,2800.0,3164.0,122.0,0.0,,-1.79,SB,,,,,,,,,,,,,,,,
IREDA,,,,,,0.06,,,,,,,,,,,,,RESISTANCE,Resistance_25AUG26_Scan_7_8_2026 (1).xlsx,,117.84,0.05,,0.75,,,,,,,,,,,,,,,,,,,,17677.0,29.0,0.16,120.0,1708.0,67.0,1108.0,4.0,-1.8,LB,,,,,,,,,,,,,,,,
SBILIFE,,,,,,-11.6,,,,,,,,,,,,,RESISTANCE,Resistance_25AUG26_Scan_7_8_2026 (1).xlsx,,1865.0,-0.62,,0.63,,,,,,,,,,,,,,,,,,,,14987.0,21.0,0.14,1900.0,978.0,34.0,227.0,0.0,-1.84,SB,,,,,,,,,,,,,,,,
HDFCAMC,,,,,,2.3,,,,,,,,,,,,,RESISTANCE,Resistance_25AUG26_Scan_7_8_2026 (1).xlsx,,2551.6,0.09,,0.78,,,,,,,,,,,,,,,,,,,,22115.0,8.0,0.04,2600.0,1692.0,47.0,973.0,0.0,-1.86,LB,,,,,,,,,,,,,,,,
CIPLA,,,,,,-6.7,,,,,,,,,,,,,RESISTANCE,Resistance_25AUG26_Scan_7_8_2026 (1).xlsx,,1472.0,-0.45,,0.66,,,,,,,,,,,,,,,,,,,,21397.0,28.0,0.13,1500.0,2622.0,154.0,327.0,1.0,-1.87,SB,,,,,,,,,,,,,,,,
TORNTPHARM,,,,,,3.0,,,,,,,,,,,,,RESISTANCE,Resistance_25AUG26_Scan_7_8_2026 (1).xlsx,,5004.5,0.06,,0.57,,,,,,,,,,,,,,,,,,,,29737.0,36.0,0.12,5100.0,1516.0,-1.0,381.0,0.0,-1.87,LB,,,,,,,,,,,,,,,,
ASHOKLEY,,,,,,-1.08,,,,,,,,,,,,,RESISTANCE,Resistance_25AUG26_Scan_7_8_2026 (1).xlsx,,176.59,-0.61,,0.92,,,,,,,,,,,,,,,,,,,,27321.0,93.0,0.34,180.0,1537.0,2.0,603.0,-9.0,-1.89,SB,,,,,,,,,,,,,,,,
FINNIFTY,,,,,,-229.9,,,,,,,,,,,,,RESISTANCE,Resistance_25AUG26_Scan_7_8_2026 (1).xlsx,,26772.2,-0.85,,0.63,,,,,,,,,,,,,,,,,,,,686.0,122.0,21.63,27300.0,2106.0,535.0,73.0,22.0,-1.93,SB,,,,,,,,,,,,,,,,
SAIL,,,,,,-1.13,,,,,,,,,,,,,RESISTANCE,Resistance_25AUG26_Scan_7_8_2026 (1).xlsx,,176.53,-0.64,,0.67,,,,,,,,,,,,,,,,,,,,38293.0,5.0,0.01,180.0,1334.0,47.0,475.0,1.0,-1.93,SB,,,,,,,,,,,,,,,,
ADANIENT,,,,,,-7.9,,,,,,,,,,,,,RESISTANCE,Resistance_25AUG26_Scan_7_8_2026 (1).xlsx,,3039.9,-0.26,,0.78,,,,,,,,,,,,,,,,,,,,50614.0,125.0,0.25,3100.0,2940.0,133.0,914.0,7.0,-1.94,SB,,,,,,,,,,,,,,,,
SUNPHARMA,,,,,,0.7,,,,,,,,,,,,,RESISTANCE,Resistance_25AUG26_Scan_7_8_2026 (1).xlsx,,1961.0,0.04,,0.58,,,,,,,,,,,,,,,,,,,,39581.0,15.0,0.04,2000.0,4447.0,32.0,898.0,1.0,-1.95,LB,,,,,,,,,,,,,,,,
BHARTIARTL,,,,,,2.9,,,,,,,,,,,,,RESISTANCE,Resistance_25AUG26_Scan_7_8_2026 (1).xlsx,,1960.9,0.15,,0.5,,,,,,,,,,,,,,,,,,,,111534.0,3.0,0.0,2000.0,10041.0,-46.0,1377.0,-6.0,-1.96,-,,,,,,,,,,,,,,,,
INDHOTEL,,,,,,-1.85,,,,,,,,,,,,,RESISTANCE,Resistance_25AUG26_Scan_7_8_2026 (1).xlsx,,735.0,-0.25,,0.6,,,,,,,,,,,,,,,,,,,,20853.0,14.0,0.07,750.0,1097.0,36.0,320.0,0.0,-2.0,SB,,,,,,,,,,,,,,,,
VEDL,,,,,,-2.4,,,,,,,,,,,,,RESISTANCE,Resistance_25AUG26_Scan_7_8_2026 (1).xlsx,,274.25,-0.87,,0.54,,,,,,,,,,,,,,,,,,,,51137.0,129.0,0.25,280.0,6044.0,171.0,1684.0,19.0,-2.05,SB,,,,,,,,,,,,,,,,
AMBUJACEM,,,,,,-2.8,,,,,,,,,,,,,RESISTANCE,Resistance_25AUG26_Scan_7_8_2026 (1).xlsx,,435.7,-0.64,,0.57,,,,,,,,,,,,,,,,,,,,69134.0,114.0,0.17,445.0,2461.0,730.0,441.0,2.0,-2.09,SB,,,,,,,,,,,,,,,,
BPCL,,,,,,-3.55,,,,,,,,,,,,,RESISTANCE,Resistance_25AUG26_Scan_7_8_2026 (1).xlsx,,323.1,-1.09,,0.66,,,,,,,,,,,,,,,,,,,,20059.0,85.0,0.43,330.0,1070.0,86.0,335.0,0.0,-2.09,SB,,,,,,,,,,,,,,,,
TVSMOTOR,,,,,,5.0,,,,,,,,,,,,,RESISTANCE,Resistance_25AUG26_Scan_7_8_2026 (1).xlsx,,4403.8,0.11,,1.03,,,,,,,,,,,,,,,,,,,,47091.0,6.0,0.01,4500.0,1890.0,13.0,249.0,2.0,-2.14,LB,,,,,,,,,,,,,,,,
POLYCAB,,,,,,-57.5,,,,,,,,,,,,,RESISTANCE,Resistance_25AUG26_Scan_7_8_2026 (1).xlsx,,9289.5,-0.62,,0.79,,,,,,,,,,,,,,,,,,,,18220.0,47.0,0.26,9500.0,1439.0,41.0,0.0,,-2.22,SB,,,,,,,,,,,,,,,,
ABB,,,,,,-37.5,,,,,,,,,,,,,RESISTANCE,Resistance_25AUG26_Scan_7_8_2026 (1).xlsx,,7622.0,-0.49,,0.56,,,,,,,,,,,,,,,,,,,,16940.0,0.0,0.0,7800.0,2182.0,-16.0,470.0,0.0,-2.28,-,,,,,,,,,,,,,,,,
FEDERALBNK,,,,,,-1.0,,,,,,,,,,,,,RESISTANCE,Resistance_25AUG26_Scan_7_8_2026 (1).xlsx,,351.8,-0.28,,0.76,,,,,,,,,,,,,,,,,,,,33594.0,22.0,0.07,360.0,1953.0,78.0,563.0,5.0,-2.28,SB,,,,,,,,,,,,,,,,
HCLTECH,,,,,,22.7,,,,,,,,,,,,,RESISTANCE,Resistance_25AUG26_Scan_7_8_2026 (1).xlsx,,1367.8,1.69,,0.85,,,,,,,,,,,,,,,,,,,,65858.0,-41.0,-0.06,1400.0,1602.0,-241.0,331.0,8.0,-2.3,SC,,,,,,,,,,,,,,,,
SOLARINDS,,,,,,-132.0,,,,,,,,,,,,,RESISTANCE,Resistance_25AUG26_Scan_7_8_2026 (1).xlsx,,18550.0,-0.71,,0.69,,,,,,,,,,,,,,,,,,,,15365.0,19.0,0.12,19000.0,1038.0,27.0,0.0,,-2.37,SB,,,,,,,,,,,,,,,,
CGPOWER,,,,,,0.6,,,,,,,,,,,,,RESISTANCE,Resistance_25AUG26_Scan_7_8_2026 (1).xlsx,,878.35,0.07,,0.55,,,,,,,,,,,,,,,,,,,,23310.0,-9.0,-0.04,900.0,2376.0,-19.0,630.0,0.0,-2.41,SC,,,,,,,,,,,,,,,,
OBEROIRLTY,,,,,,6.1,,,,,,,,,,,,,RESISTANCE,Resistance_25AUG26_Scan_7_8_2026 (1).xlsx,,1795.0,0.34,,0.55,,,,,,,,,,,,,,,,,,,,15953.0,52.0,0.33,1840.0,994.0,-1.0,0.0,,-2.45,LB,,,,,,,,,,,,,,,,
DLF,,,,,,-4.0,,,,,,,,,,,,,RESISTANCE,Resistance_25AUG26_Scan_7_8_2026 (1).xlsx,,643.0,-0.62,,0.6,,,,,,,,,,,,,,,,,,,,50699.0,130.0,0.26,660.0,2650.0,83.0,1172.0,9.0,-2.58,SB,,,,,,,,,,,,,,,,
DIXON,,,,,,-29.0,,,,,,,,,,,,,RESISTANCE,Resistance_25AUG26_Scan_7_8_2026 (1).xlsx,,14115.0,-0.21,,0.57,,,,,,,,,,,,,,,,,,,,51193.0,23.0,0.04,14500.0,6485.0,145.0,2022.0,0.0,-2.66,SB,,,,,,,,,,,,,,,,
ICICIPRULI,,,,,,-1.85,,,,,,,,,,,,,RESISTANCE,Resistance_25AUG26_Scan_7_8_2026 (1).xlsx,,505.85,-0.36,,0.62,,,,,,,,,,,,,,,,,,,,19055.0,63.0,0.33,520.0,1036.0,26.0,362.0,0.0,-2.72,SB,,,,,,,,,,,,,,,,
NAM-INDIA,,,,,,-14.6,,,,,,,,,,,,,RESISTANCE,Resistance_25AUG26_Scan_7_8_2026 (1).xlsx,,1167.1,-1.24,,0.46,,,,,,,,,,,,,,,,,,,,12000.0,6.0,0.05,1200.0,438.0,25.0,86.0,0.0,-2.74,SB,,,,,,,,,,,,,,,,
TCS,,,,,,43.2,,,,,,,,,,,,,RESISTANCE,Resistance_25AUG26_Scan_7_8_2026 (1).xlsx,,2430.0,1.81,,0.81,,,,,,,,,,,,,,,,,,,,139819.0,-188.0,-0.13,2500.0,8700.0,-161.0,1344.0,-10.0,-2.8,SC,,,,,,,,,,,,,,,,
MAZDOCK,,,,,,-18.6,,,,,,,,,,,,,RESISTANCE,Resistance_25AUG26_Scan_7_8_2026 (1).xlsx,,2524.4,-0.73,,0.59,,,,,,,,,,,,,,,,,,,,22258.0,15.0,0.07,2600.0,2411.0,-155.0,327.0,9.0,-2.91,SB,,,,,,,,,,,,,,,,
GVT&D,,,,,,-38.5,,,,,,,,,,,,,RESISTANCE,Resistance_25AUG26_Scan_7_8_2026 (1).xlsx,,4367.8,-0.87,,0.93,,,,,,,,,,,,,,,,,,,,20375.0,169.0,0.84,4500.0,1602.0,55.0,402.0,0.0,-2.94,SB,,,,,,,,,,,,,,,,
,,,,,,,,,,,,,,,,,,,UNKNOWN,Sector_Summary_25AUG26_Report_7_8_2026.xlsx,,,,,,,,,,,,,,,,,,,,,,,,,,,,,,,,,,,"DIAMOND, GEMS AND JEWELLERY",2 / 0 / 0,1.82,-77.75,0.64,8.39,LB,1214.0,615.0,-599.0,-1.42,,,,,
,,,,,,,,,,,,,,,,,,,UNKNOWN,Sector_Summary_25AUG26_Report_7_8_2026.xlsx,,,,,,,,,,,,,,,,,,,,,,,,,,,,,,,,,,,IT - SOFTWARE,11 / 1 / 0,1.19,-83.5,0.35,4.53,LB,118.0,188.0,70.0,-0.22,,,,,
,,,,,,,,,,,,,,,,,,,UNKNOWN,Sector_Summary_25AUG26_Report_7_8_2026.xlsx,,,,,,,,,,,,,,,,,,,,,,,,,,,,,,,,,,,QUICK SERVICE RESTAURANT,1 / 0 / 0,0.69,-97.39,0.2,5.88,LB,12.0,18.0,6.0,0.04,,,,,
,,,,,,,,,,,,,,,,,,,UNKNOWN,Sector_Summary_25AUG26_Report_7_8_2026.xlsx,,,,,,,,,,,,,,,,,,,,,,,,,,,,,,,,,,,FMCG,5 / 5 / 0,0.5,-80.31,0.22,7.39,LB,475.0,279.0,-196.0,-0.85,,,,,
,,,,,,,,,,,,,,,,,,,UNKNOWN,Sector_Summary_25AUG26_Report_7_8_2026.xlsx,,,,,,,,,,,,,,,,,,,,,,,,,,,,,,,,,,,READYMADE GARMENTS/ APPARELLS,1 / 0 / 0,0.36,-90.92,0.12,1.52,LB,24.0,1.0,-23.0,-0.47,,,,,
,,,,,,,,,,,,,,,,,,,UNKNOWN,Sector_Summary_25AUG26_Report_7_8_2026.xlsx,,,,,,,,,,,,,,,,,,,,,,,,,,,,,,,,,,,HEALTHCARE,2 / 1 / 0,0.32,-64.01,0.14,13.64,LB,-28.0,-29.0,-1.0,0.18,,,,,
,,,,,,,,,,,,,,,,,,,UNKNOWN,Sector_Summary_25AUG26_Report_7_8_2026.xlsx,,,,,,,,,,,,,,,,,,,,,,,,,,,,,,,,,,,TELECOM-SERVICE,1 / 0 / 1,0.15,-87.33,0.05,3.98,LB,257.0,104.0,-154.0,-0.55,,,,,
,,,,,,,,,,,,,,,,,,,UNKNOWN,Sector_Summary_25AUG26_Report_7_8_2026.xlsx,,,,,,,,,,,,,,,,,,,,,,,,,,,,,,,,,,,"CASTINGS, FORGINGS & FASTNERS",1 / 0 / 0,0.1,-90.37,0.13,0.84,LB,128.0,-55.0,-183.0,-1.72,,,,,
,,,,,,,,,,,,,,,,,,,UNKNOWN,Sector_Summary_25AUG26_Report_7_8_2026.xlsx,,,,,,,,,,,,,,,,,,,,,,,,,,,,,,,,,,,AUTOMOBILE,7 / 3 / 0,0.09,-87.21,0.19,7.1,LB,189.0,204.0,15.0,-0.14,,,,,
,,,,,,,,,,,,,,,,,,,UNKNOWN,Sector_Summary_25AUG26_Report_7_8_2026.xlsx,,,,,,,,,,,,,,,,,,,,,,,,,,,,,,,,,,,CHEMICALS,1 / 1 / 0,0.01,-97.14,0.1,5.6,LB,33.0,36.0,3.0,0.21,,,,,
,,,,,,,,,,,,,,,,,,,UNKNOWN,Sector_Summary_25AUG26_Report_7_8_2026.xlsx,,,,,,,,,,,,,,,,,,,,,,,,,,,,,,,,,,,PHARMACEUTICALS,8 / 5 / 0,-0.02,-85.9,0.49,6.04,LB,291.0,95.0,-196.0,-1.25,,,,,
,,,,,,,,,,,,,,,,,,,UNKNOWN,Sector_Summary_25AUG26_Report_7_8_2026.xlsx,,,,,,,,,,,,,,,,,,,,,,,,,,,,,,,,,,,REALTY,2 / 4 / 0,-0.04,-91.6,0.25,3.25,LB,92.0,11.0,-81.0,-0.47,,,,,
,,,,,,,,,,,,,,,,,,,UNKNOWN,Sector_Summary_25AUG26_Report_7_8_2026.xlsx,,,,,,,,,,,,,,,,,,,,,,,,,,,,,,,,,,,GAS DISTRIBUTION,1 / 1 / 0,-0.11,-93.13,0.28,2.33,LB,55.0,9.0,-46.0,-0.05,,,,,
,,,,,,,,,,,,,,,,,,,UNKNOWN,Sector_Summary_25AUG26_Report_7_8_2026.xlsx,,,,,,,,,,,,,,,,,,,,,,,,,,,,,,,,,,,CAPITAL GOODS - ELECTRICAL EQUIPMENT,3 / 6 / 0,-0.24,-88.55,0.14,4.45,LB,110.0,45.0,-65.0,-0.46,,,,,
GAIL,,,,,,-1.22,,,,,,,,,,,,,SUPPORT,Support_Resistance_25AUG26_Scan_7_8_2026.xlsx,,174.8,-0.69,,0.39,,,,,,,,,,,,,,,,,,,,25099.0,125.0,0.5,180.0,3845.0,167.0,1368.0,8.0,-2.89,SB,,,,,,,,,,,,,,,,
SRF,,,,,,0.8,,,,,,,,,,,,,SUPPORT,Support_Resistance_25AUG26_Scan_7_8_2026.xlsx,,2640.1,0.03,,0.48,,,,,,,,,,,,,,,,,,,,23362.0,20.0,0.09,2700.0,2389.0,22.0,1380.0,0.0,-2.22,LB,,,,,,,,,,,,,,,,
MAXHEALTH,,,,,,-0.9,,,,,,,,,,,,,SUPPORT,Support_Resistance_25AUG26_Scan_7_8_2026.xlsx,,1077.0,-0.08,,0.68,,,,,,,,,,,,,,,,,,,,19404.0,43.0,0.22,1100.0,770.0,33.0,828.0,2.0,-2.09,SB,,,,,,,,,,,,,,,,
IREDA,,,,,,0.06,,,,,,,,,,,,,SUPPORT,Support_Resistance_25AUG26_Scan_7_8_2026.xlsx,,117.84,0.05,,0.75,,,,,,,,,,,,,,,,,,,,17677.0,29.0,0.16,120.0,1708.0,67.0,1108.0,4.0,-1.8,LB,,,,,,,,,,,,,,,,
HDFCBANK,,,,,,-1.55,,,,,,,,,,,,,SUPPORT,Support_Resistance_25AUG26_Scan_7_8_2026.xlsx,,737.85,-0.21,,0.48,,,,,,,,,,,,,,,,,,,,484632.0,582.0,0.12,750.0,34433.0,930.0,16719.0,217.0,-1.62,SB,,,,,,,,,,,,,,,,
ADANIGREEN,,,,,,-0.5,,,,,,,,,,,,,SUPPORT,Support_Resistance_25AUG26_Scan_7_8_2026.xlsx,,1378.6,-0.04,,0.58,,,,,,,,,,,,,,,,,,,,44728.0,31.0,0.07,1400.0,2508.0,31.0,1508.0,5.0,-1.53,SB,,,,,,,,,,,,,,,,
ITC,,,,,,-0.25,,,,,,,,,,,,,SUPPORT,Support_Resistance_25AUG26_Scan_7_8_2026.xlsx,,286.15,-0.09,,0.52,,,,,,,,,,,,,,,,,,,,90415.0,8.0,0.01,290.0,12249.0,-62.0,4147.0,6.0,-1.33,SB,,,,,,,,,,,,,,,,
INDUSTOWER,,,,,,-1.8,,,,,,,,,,,,,SUPPORT,Support_Resistance_25AUG26_Scan_7_8_2026.xlsx,,385.0,-0.47,,0.52,,,,,,,,,,,,,,,,,,,,51306.0,49.0,0.1,390.0,1730.0,18.0,1707.0,-1.0,-1.28,SB,,,,,,,,,,,,,,,,
INDIGO,,,,,,-15.5,,,,,,,,,,,,,SUPPORT,Support_Resistance_25AUG26_Scan_7_8_2026.xlsx,,5332.5,-0.29,,0.67,,,,,,,,,,,,,,,,,,,,36899.0,-71.0,-0.19,5400.0,4571.0,-62.0,1777.0,11.0,-1.25,LU,,,,,,,,,,,,,,,,
CAMS,,,,,,-10.45,,,,,,,,,,,,,SUPPORT,Support_Resistance_25AUG26_Scan_7_8_2026.xlsx,,790.4,-1.3,,0.53,,,,,,,,,,,,,,,,,,,,9089.0,39.0,0.43,800.0,938.0,51.0,572.0,1.0,-1.2,SB,,,,,,,,,,,,,,,,
HINDPETRO,,,,,,-1.2,,,,,,,,,,,,,SUPPORT,Support_Resistance_25AUG26_Scan_7_8_2026.xlsx,,395.85,-0.3,,0.6,,,,,,,,,,,,,,,,,,,,22372.0,9.0,0.04,400.0,2103.0,7.0,651.0,1.0,-1.04,SB,,,,,,,,,,,,,,,,
UPL,,,,,,-3.0,,,,,,,,,,,,,SUPPORT,Support_Resistance_25AUG26_Scan_7_8_2026.xlsx,,574.45,-0.52,,0.47,,,,,,,,,,,,,,,,,,,,25786.0,150.0,0.59,580.0,1126.0,91.0,1164.0,-3.0,-0.96,SB,,,,,,,,,,,,,,,,
YESBANK,,,,,,-0.05,,,,,,,,,,,,,SUPPORT,Support_Resistance_25AUG26_Scan_7_8_2026.xlsx,,22.78,-0.22,,0.59,,,,,,,,,,,,,,,,,,,,37097.0,24.0,0.06,23.0,2530.0,5.0,2448.0,1.0,-0.96,SB,,,,,,,,,,,,,,,,
SUPREMEIND,,,,,,-6.0,,,,,,,,,,,,,SUPPORT,Support_Resistance_25AUG26_Scan_7_8_2026.xlsx,,3468.1,-0.17,,0.65,,,,,,,,,,,,,,,,,,,,13077.0,5.0,0.04,3500.0,995.0,20.0,817.0,0.0,-0.91,SB,,,,,,,,,,,,,,,,
TIINDIA,,,,,,5.7,,,,,,,,,,,,,SUPPORT,Support_Resistance_25AUG26_Scan_7_8_2026.xlsx,,2774.4,0.21,,0.57,,,,,,,,,,,,,,,,,,,,11476.0,4.0,0.03,2800.0,775.0,9.0,277.0,1.0,-0.91,LB,,,,,,,,,,,,,,,,
IRFC,,,,,,-0.62,,,,,,,,,,,,,SUPPORT,Support_Resistance_25AUG26_Scan_7_8_2026.xlsx,,89.19,-0.69,,0.66,,,,,,,,,,,,,,,,,,,,16428.0,28.0,0.17,90.0,3937.0,122.0,2674.0,10.0,-0.9,SB,,,,,,,,,,,,,,,,
ANGELONE,,,,,,-0.95,,,,,,,,,,,,,SUPPORT,Support_Resistance_25AUG26_Scan_7_8_2026.xlsx,,297.35,-0.32,,0.53,,,,,,,,,,,,,,,,,,,,11464.0,53.0,0.46,300.0,1359.0,60.0,1097.0,2.0,-0.88,SB,,,,,,,,,,,,,,,,
POLICYBZR,,,,,,-12.8,,,,,,,,,,,,,SUPPORT,Support_Resistance_25AUG26_Scan_7_8_2026.xlsx,,1590.0,-0.8,,0.63,,,,,,,,,,,,,,,,,,,,26261.0,32.0,0.12,1600.0,1525.0,57.0,880.0,6.0,-0.63,SB,,,,,,,,,,,,,,,,
LICHSGFIN,,,,,,-1.7,,,,,,,,,,,,,SUPPORT,Support_Resistance_25AUG26_Scan_7_8_2026.xlsx,,497.4,-0.34,,0.63,,,,,,,,,,,,,,,,,,,,31580.0,123.0,0.39,500.0,1200.0,105.0,1960.0,22.0,-0.52,SB,,,,,,,,,,,,,,,,
PRESTIGE,,,,,,10.0,,,,,,,,,,,,,SUPPORT,Support_Resistance_25AUG26_Scan_7_8_2026.xlsx,,1592.0,0.63,,0.69,,,,,,,,,,,,,,,,,,,,11639.0,71.0,0.61,1600.0,412.0,4.0,782.0,1.0,-0.5,LB,,,,,,,,,,,,,,,,
HINDUNILVR,,,,,,-3.8,,,,,,,,,,,,,SUPPORT,Support_Resistance_25AUG26_Scan_7_8_2026.xlsx,,2091.0,-0.18,,0.51,,,,,,,,,,,,,,,,,,,,49057.0,21.0,0.04,2100.0,5704.0,123.0,3334.0,89.0,-0.43,SB,,,,,,,,,,,,,,,,
DELHIVERY,,,,,,0.75,,,,,,,,,,,,,SUPPORT,Support_Resistance_25AUG26_Scan_7_8_2026.xlsx,,468.05,0.16,,0.75,,,,,,,,,,,,,,,,,,,,13002.0,7.0,0.05,470.0,419.0,49.0,773.0,29.0,-0.41,LB,,,,,,,,,,,,,,,,
VMM,,,,,,-0.34,,,,,,,,,,,,,SUPPORT,Support_Resistance_25AUG26_Scan_7_8_2026.xlsx,,109.6,-0.31,,0.54,,,,,,,,,,,,,,,,,,,,9725.0,0.0,0.0,110.0,655.0,-20.0,406.0,-1.0,-0.36,-,,,,,,,,,,,,,,,,
PAGEIND,,,,,,145.0,,,,,,,,,,,,,SUPPORT,Support_Resistance_25AUG26_Scan_7_8_2026.xlsx,,39890.0,0.36,,0.69,,,,,,,,,,,,,,,,,,,,11077.0,0.0,0.0,40000.0,257.0,6.0,545.0,0.0,-0.28,-,,,,,,,,,,,,,,,,
ADANIPORTS,,,,,,-5.6,,,,,,,,,,,,,SUPPORT,Support_Resistance_25AUG26_Scan_7_8_2026.xlsx,,1696.3,-0.33,,0.58,,,,,,,,,,,,,,,,,,,,43308.0,-92.0,-0.21,1700.0,3118.0,35.0,2999.0,26.0,-0.22,LU,,,,,,,,,,,,,,,,
IDFCFIRSTB,,,,,,0.12,,,,,,,,,,,,,SUPPORT,Support_Resistance_25AUG26_Scan_7_8_2026.xlsx,,84.87,0.14,,0.68,,,,,,,,,,,,,,,,,,,,38140.0,44.0,0.12,85.0,1644.0,13.0,1297.0,-1.0,-0.15,LB,,,,,,,,,,,,,,,,
LUPIN,,,,,,-7.7,,,,,,,,,,,,,SUPPORT,Support_Resistance_25AUG26_Scan_7_8_2026.xlsx,,2396.9,-0.32,,0.56,,,,,,,,,,,,,,,,,,,,16523.0,690.0,4.36,2400.0,2013.0,796.0,1480.0,247.0,-0.13,SB,,,,,,,,,,,,,,,,
GRASIM,,,,,,-19.7,,,,,,,,,,,,,SUPPORT,Support_Resistance_25AUG26_Scan_7_8_2026.xlsx,,3196.5,-0.61,,0.64,,,,,,,,,,,,,,,,,,,,47995.0,11.0,0.02,3200.0,2047.0,9.0,711.0,27.0,-0.11,SB,,,,,,,,,,,,,,,,
ADANIPOWER,,,,,,-0.31,,,,,,,,,,,,,SUPPORT,Support_Resistance_25AUG26_Scan_7_8_2026.xlsx,,209.8,-0.15,,0.58,,,,,,,,,,,,,,,,,,,,44630.0,45.0,0.1,210.0,1927.0,110.0,1659.0,19.0,-0.1,SB,,,,,,,,,,,,,,,,
BANKBARODA,,,,,,-0.92,,,,,,,,,,,,,SUPPORT,Support_Resistance_25AUG26_Scan_7_8_2026.xlsx,,249.97,-0.37,,0.89,,,,,,,,,,,,,,,,,,,,43837.0,32.0,0.07,250.0,4126.0,5.0,1919.0,-51.0,-0.01,SB,,,,,,,,,,,,,,,,
TATASTEEL,,,,,,-0.54,,,,,,,,,,,,,SUPPORT,Support_Resistance_25AUG26_Scan_7_8_2026.xlsx,,190.0,-0.28,,0.64,,,,,,,,,,,,,,,,,,,,65270.0,28.0,0.04,190.0,5348.0,232.0,2598.0,63.0,0.0,SB,,,,,,,,,,,,,,,,
VOLTAS,,,,,,23.2,,,,,,,,,,,,,SUPPORT,Support_Resistance_25AUG26_Scan_7_8_2026.xlsx,,1300.1,1.82,,0.97,,,,,,,,,,,,,,,,,,,,19524.0,-97.0,-0.49,1300.0,800.0,34.0,1094.0,42.0,0.01,SC,,,,,,,,,,,,,,,,
NAUKRI,,,,,,0.2,,,,,,,,,,,,,SUPPORT,Support_Resistance_25AUG26_Scan_7_8_2026.xlsx,,1240.2,0.02,,0.54,,,,,,,,,,,,,,,,,,,,24968.0,-3.0,-0.01,1240.0,487.0,26.0,402.0,1.0,0.02,SC,,,,,,,,,,,,,,,,
GODREJPROP,,,,,,-2.0,,,,,,,,,,,,,SUPPORT,Support_Resistance_25AUG26_Scan_7_8_2026.xlsx,,2100.6,-0.1,,0.6,,,,,,,,,,,,,,,,,,,,24791.0,26.0,0.1,2100.0,1609.0,89.0,870.0,23.0,0.03,SB,,,,,,,,,,,,,,,,
BANKNIFTY,,,,,,-154.2,,,,,,,,,,,,,SUPPORT,Support_Resistance_25AUG26_Scan_7_8_2026.xlsx,,58025.4,-0.27,,0.96,,,,,,,,,,,,,,,,,,,,70585.0,283.0,0.4,58000.0,77641.0,-109.0,58874.0,-28.0,0.04,SB,,,,,,,,,,,,,,,,
BHARTIARTL,,,,,,2.9,,,,,,,,,,,,,SUPPORT,Support_Resistance_25AUG26_Scan_7_8_2026.xlsx,,1960.9,0.15,,0.5,,,,,,,,,,,,,,,,,,,,111534.0,3.0,0.0,1960.0,4545.0,63.0,2717.0,174.0,0.05,-,,,,,,,,,,,,,,,,
SUNPHARMA,,,,,,0.7,,,,,,,,,,,,,SUPPORT,Support_Resistance_25AUG26_Scan_7_8_2026.xlsx,,1961.0,0.04,,0.58,,,,,,,,,,,,,,,,,,,,39581.0,15.0,0.04,1960.0,1954.0,61.0,1666.0,25.0,0.05,LB,,,,,,,,,,,,,,,,
BSE,,,,,,46.9,,,,,,,,,,,,,SUPPORT,Support_Resistance_25AUG26_Scan_7_8_2026.xlsx,,3502.0,1.36,,0.46,,,,,,,,,,,,,,,,,,,,49693.0,-825.0,-1.63,3500.0,6478.0,-1143.0,6077.0,371.0,0.06,SC,,,,,,,,,,,,,,,,
TORNTPHARM,,,,,,3.0,,,,,,,,,,,,,SUPPORT,Support_Resistance_25AUG26_Scan_7_8_2026.xlsx,,5004.5,0.06,,0.57,,,,,,,,,,,,,,,,,,,,29737.0,36.0,0.12,5000.0,1079.0,4.0,739.0,7.0,0.09,LB,,,,,,,,,,,,,,,,
BAJFINANCE,,,,,,-53.0,,,,,,,,,,,,,SUPPORT,Support_Resistance_25AUG26_Scan_7_8_2026.xlsx,,1101.5,-4.59,,0.82,,,,,,,,,,,,,,,,,,,,72429.0,1385.0,1.95,1100.0,2248.0,282.0,3662.0,-695.0,0.14,SB,,,,,,,,,,,,,,,,
NYKAA,,,,,,-3.5,,,,,,,,,,,,,SUPPORT,Support_Resistance_25AUG26_Scan_7_8_2026.xlsx,,330.6,-1.05,,0.46,,,,,,,,,,,,,,,,,,,,15630.0,40.0,0.26,330.0,736.0,98.0,616.0,21.0,0.18,SB,,,,,,,,,,,,,,,,
ALKEM,,,,,,-1.5,,,,,,,,,,,,,SUPPORT,Support_Resistance_25AUG26_Scan_7_8_2026.xlsx,,5615.0,-0.03,,0.57,,,,,,,,,,,,,,,,,,,,11266.0,-18.0,-0.16,5600.0,220.0,12.0,540.0,-2.0,0.27,LU,,,,,,,,,,,,,,,,
FINNIFTY,,,,,,-229.9,,,,,,,,,,,,,SUPPORT,Support_Resistance_25AUG26_Scan_7_8_2026.xlsx,,26772.2,-0.85,,0.63,,,,,,,,,,,,,,,,,,,,686.0,122.0,21.63,26700.0,480.0,298.0,806.0,-304.0,0.27,SB,,,,,,,,,,,,,,,,
JINDALSTEL,,,,,,-6.3,,,,,,,,,,,,,SUPPORT,Support_Resistance_25AUG26_Scan_7_8_2026.xlsx,,1103.0,-0.57,,0.8,,,,,,,,,,,,,,,,,,,,23117.0,31.0,0.13,1100.0,887.0,-13.0,1009.0,-7.0,0.27,SB,,,,,,,,,,,,,,,,
NMDC,,,,,,-0.88,,,,,,,,,,,,,SUPPORT,Support_Resistance_25AUG26_Scan_7_8_2026.xlsx,,85.25,-1.02,,0.62,,,,,,,,,,,,,,,,,,,,51584.0,17.0,0.03,85.0,1049.0,16.0,956.0,13.0,0.29,SB,,,,,,,,,,,,,,,,
MOTILALOFS,,,,,,-4.0,,,,,,,,,,,,,SUPPORT,Support_Resistance_25AUG26_Scan_7_8_2026.xlsx,,863.2,-0.46,,0.58,,,,,,,,,,,,,,,,,,,,8554.0,17.0,0.2,860.0,430.0,3.0,392.0,-1.0,0.37,SB,,,,,,,,,,,,,,,,
ULTRACEMCO,,,,,,-78.0,,,,,,,,,,,,,SUPPORT,Support_Resistance_25AUG26_Scan_7_8_2026.xlsx,,12048.0,-0.64,,0.47,,,,,,,,,,,,,,,,,,,,31967.0,43.0,0.13,12000.0,1402.0,197.0,450.0,25.0,0.4,SB,,,,,,,,,,,,,,,,
TRENT,,,,,,-96.7,,,,,,,,,,,,,SUPPORT,Support_Resistance_25AUG26_Scan_7_8_2026.xlsx,,3012.3,-3.11,,0.44,,,,,,,,,,,,,,,,,,,,47896.0,921.0,1.96,3000.0,1800.0,475.0,2159.0,119.0,0.41,SB,,,,,,,,,,,,,,,,
ICICIBANK,,,,,,-4.6,,,,,,,,,,,,,SUPPORT,Support_Resistance_25AUG26_Scan_7_8_2026.xlsx,,1456.5,-0.31,,0.76,,,,,,,,,,,,,,,,,,,,141409.0,55.0,0.04,1450.0,4739.0,61.0,3081.0,286.0,0.45,SB,,,,,,,,,,,,,,,,
BEL,,,,,,1.1,,,,,,,,,,,,,SUPPORT,Support_Resistance_25AUG26_Scan_7_8_2026.xlsx,,401.85,0.27,,0.67,,,,,,,,,,,,,,,,,,,,73011.0,-91.0,-0.12,400.0,6589.0,-513.0,3914.0,45.0,0.46,SC,,,,,,,,,,,,,,,,
MANAPPURAM,,,,,,-3.65,,,,,,,,,,,,,SUPPORT,Support_Resistance_25AUG26_Scan_7_8_2026.xlsx,,361.8,-1.0,,0.61,,,,,,,,,,,,,,,,,,,,21849.0,2.0,0.01,360.0,824.0,12.0,573.0,-1.0,0.5,SB,,,,,,,,,,,,,,,,
FEDERALBNK,,,,,,-1.0,,,,,,,,,,,,,SUPPORT,Support_Resistance_25AUG26_Scan_7_8_2026.xlsx,,351.8,-0.28,,0.76,,,,,,,,,,,,,,,,,,,,33594.0,22.0,0.07,350.0,856.0,13.0,1528.0,32.0,0.51,SB,,,,,,,,,,,,,,,,
DALBHARAT,,,,,,-23.6,,,,,,,,,,,,,SUPPORT,Support_Resistance_25AUG26_Scan_7_8_2026.xlsx,,1810.0,-1.29,,0.76,,,,,,,,,,,,,,,,,,,,11346.0,-35.0,-0.31,1800.0,184.0,-5.0,271.0,0.0,0.56,LU,,,,,,,,,,,,,,,,
RECLTD,,,,,,-1.4,,,,,,,,,,,,,SUPPORT,Support_Resistance_25AUG26_Scan_7_8_2026.xlsx,,362.0,-0.39,,0.62,,,,,,,,,,,,,,,,,,,,28201.0,-26.0,-0.09,360.0,1066.0,0.0,1061.0,18.0,0.56,LU,,,,,,,,,,,,,,,,
ZYDUSLIFE,,,,,,-1.4,,,,,,,,,,,,,SUPPORT,Support_Resistance_25AUG26_Scan_7_8_2026.xlsx,,1106.3,-0.13,,1.05,,,,,,,,,,,,,,,,,,,,11364.0,31.0,0.27,1100.0,179.0,-1.0,512.0,81.0,0.57,SB,,,,,,,,,,,,,,,,
360ONE,,,,,,3.8,,,,,,,,,,,,,SUPPORT,Support_Resistance_25AUG26_Scan_7_8_2026.xlsx,,1187.0,0.32,,0.63,,,,,,,,,,,,,,,,,,,,8378.0,113.0,1.37,1180.0,352.0,-13.0,394.0,1.0,0.59,LB,,,,,,,,,,,,,,,,
INDHOTEL,,,,,,-1.85,,,,,,,,,,,,,SUPPORT,Support_Resistance_25AUG26_Scan_7_8_2026.xlsx,,735.0,-0.25,,0.6,,,,,,,,,,,,,,,,,,,,20853.0,14.0,0.07,730.0,263.0,6.0,403.0,0.0,0.68,SB,,,,,,,,,,,,,,,,
ADANIENSOL,,,,,,-3.4,,,,,,,,,,,,,SUPPORT,Support_Resistance_25AUG26_Scan_7_8_2026.xlsx,,1612.5,-0.21,,0.55,,,,,,,,,,,,,,,,,,,,28658.0,-39.0,-0.14,1600.0,525.0,0.0,678.0,-3.0,0.78,LU,,,,,,,,,,,,,,,,
PHOENIXLTD,,,,,,-6.7,,,,,,,,,,,,,SUPPORT,Support_Resistance_25AUG26_Scan_7_8_2026.xlsx,,1917.0,-0.35,,0.59,,,,,,,,,,,,,,,,,,,,10431.0,-2.0,-0.02,1900.0,272.0,0.0,405.0,6.0,0.89,LU,,,,,,,,,,,,,,,,
MFSL,,,,,,-12.0,,,,,,,,,,,,,SUPPORT,Support_Resistance_25AUG26_Scan_7_8_2026.xlsx,,1514.0,-0.79,,0.56,,,,,,,,,,,,,,,,,,,,22914.0,12.0,0.05,1500.0,0.0,,350.0,-14.0,0.93,SB,,,,,,,,,,,,,,,,
PATANJALI,,,,,,0.1,,,,,,,,,,,,,SUPPORT,Support_Resistance_25AUG26_Scan_7_8_2026.xlsx,,353.7,0.03,,0.73,,,,,,,,,,,,,,,,,,,,32489.0,60.0,0.19,350.0,1214.0,0.0,1230.0,-6.0,1.06,LB,,,,,,,,,,,,,,,,
INDUSINDBK,,,,,,-4.4,,,,,,,,,,,,,SUPPORT,Support_Resistance_25AUG26_Scan_7_8_2026.xlsx,,1011.0,-0.43,,0.54,,,,,,,,,,,,,,,,,,,,47376.0,3.0,0.01,1000.0,1279.0,-8.0,1779.0,-2.0,1.1,SB,,,,,,,,,,,,,,,,
GODREJCP,,,,,,2.5,,,,,,,,,,,,,SUPPORT,Support_Resistance_25AUG26_Scan_7_8_2026.xlsx,,1082.0,0.23,,0.58,,,,,,,,,,,,,,,,,,,,22723.0,-4.0,-0.02,1070.0,255.0,3.0,345.0,-3.0,1.12,SC,,,,,,,,,,,,,,,,
ICICIPRULI,,,,,,-1.85,,,,,,,,,,,,,SUPPORT,Support_Resistance_25AUG26_Scan_7_8_2026.xlsx,,505.85,-0.36,,0.62,,,,,,,,,,,,,,,,,,,,19055.0,63.0,0.33,500.0,451.0,-1.0,552.0,-7.0,1.17,SB,,,,,,,,,,,,,,,,
NHPC,,,,,,-0.45,,,,,,,,,,,,,SUPPORT,Support_Resistance_25AUG26_Scan_7_8_2026.xlsx,,76.91,-0.58,,0.73,,,,,,,,,,,,,,,,,,,,18045.0,73.0,0.41,76.0,54.0,3.0,1121.0,0.0,1.2,SB,,,,,,,,,,,,,,,,
PERSISTENT,,,,,,62.0,,,,,,,,,,,,,SUPPORT,Support_Resistance_25AUG26_Scan_7_8_2026.xlsx,,5571.5,1.13,,0.68,,,,,,,,,,,,,,,,,,,,27595.0,96.0,0.35,5500.0,2434.0,-286.0,2120.0,31.0,1.3,LB,,,,,,,,,,,,,,,,
ADANIENT,,,,,,-7.9,,,,,,,,,,,,,SUPPORT,Support_Resistance_25AUG26_Scan_7_8_2026.xlsx,,3039.9,-0.26,,0.78,,,,,,,,,,,,,,,,,,,,50614.0,125.0,0.25,3000.0,1486.0,23.0,2011.0,28.0,1.33,SB,,,,,,,,,,,,,,,,
AMBUJACEM,,,,,,-2.8,,,,,,,,,,,,,SUPPORT,Support_Resistance_25AUG26_Scan_7_8_2026.xlsx,,435.7,-0.64,,0.57,,,,,,,,,,,,,,,,,,,,69134.0,114.0,0.17,430.0,2228.0,5.0,863.0,70.0,1.33,SB,,,,,,,,,,,,,,,,
KAYNES,,,,,,-9.8,,,,,,,,,,,,,SUPPORT,Support_Resistance_25AUG26_Scan_7_8_2026.xlsx,,3852.6,-0.25,,0.75,,,,,,,,,,,,,,,,,,,,27866.0,-41.0,-0.15,3800.0,1300.0,7.0,1029.0,11.0,1.38,LU,,,,,,,,,,,,,,,,
GMRAIRPORT,,,,,,0.51,,,,,,,,,,,,,SUPPORT,Support_Resistance_25AUG26_Scan_7_8_2026.xlsx,,106.55,0.48,,0.93,,,,,,,,,,,,,,,,,,,,18419.0,31.0,0.17,105.0,455.0,-3.0,746.0,0.0,1.48,LB,,,,,,,,,,,,,,,,
SWIGGY,,,,,,-1.25,,,,,,,,,,,,,SUPPORT,Support_Resistance_25AUG26_Scan_7_8_2026.xlsx,,284.7,-0.44,,0.56,,,,,,,,,,,,,,,,,,,,38984.0,748.0,1.96,280.0,732.0,13.0,1570.0,-6.0,1.68,SB,,,,,,,,,,,,,,,,
COLPAL,,,,,,-6.0,,,,,,,,,,,,,SUPPORT,Support_Resistance_25AUG26_Scan_7_8_2026.xlsx,,2033.7,-0.29,,0.5,,,,,,,,,,,,,,,,,,,,18264.0,31.0,0.17,2000.0,189.0,-5.0,692.0,10.0,1.69,SB,,,,,,,,,,,,,,,,
FORTIS,,,,,,9.25,,,,,,,,,,,,,SUPPORT,Support_Resistance_25AUG26_Scan_7_8_2026.xlsx,,935.55,1.0,,0.64,,,,,,,,,,,,,,,,,,,,13482.0,28.0,0.21,920.0,164.0,-46.0,648.0,-47.0,1.69,LB,,,,,,,,,,,,,,,,
VBL,,,,,,1.2,,,,,,,,,,,,,SUPPORT,Support_Resistance_25AUG26_Scan_7_8_2026.xlsx,,447.45,0.27,,0.44,,,,,,,,,,,,,,,,,,,,42628.0,24.0,0.06,440.0,785.0,19.0,1244.0,-5.0,1.69,LB,,,,,,,,,,,,,,,,
IOC,,,,,,-0.48,,,,,,,,,,,,,SUPPORT,Support_Resistance_25AUG26_Scan_7_8_2026.xlsx,,142.44,-0.34,,0.72,,,,,,,,,,,,,,,,,,,,31318.0,60.0,0.19,140.0,1079.0,4.0,1163.0,20.0,1.74,SB,,,,,,,,,,,,,,,,
BANDHANBNK,,,,,,-2.0,,,,,,,,,,,,,SUPPORT,Support_Resistance_25AUG26_Scan_7_8_2026.xlsx,,173.06,-1.14,,0.5,,,,,,,,,,,,,,,,,,,,37697.0,-40.0,-0.11,170.0,1218.0,-2.0,1442.0,-9.0,1.8,LU,,,,,,,,,,,,,,,,
UNITDSPR,,,,,,-3.2,,,,,,,,,,,,,SUPPORT,Support_Resistance_25AUG26_Scan_7_8_2026.xlsx,,1527.3,-0.21,,0.89,,,,,,,,,,,,,,,,,,,,18731.0,4.0,0.02,1500.0,0.0,,708.0,9.0,1.82,SB,,,,,,,,,,,,,,,,
CROMPTON,,,,,,-14.5,,,,,,,,,,,,,SUPPORT,Support_Resistance_25AUG26_Scan_7_8_2026.xlsx,,254.95,-5.38,,0.6,,,,,,,,,,,,,,,,,,,,28388.0,610.0,2.2,250.0,331.0,106.0,890.0,357.0,1.98,SB,,,,,,,,,,,,,,,,
HDFCAMC,,,,,,2.3,,,,,,,,,,,,,SUPPORT,Support_Resistance_25AUG26_Scan_7_8_2026.xlsx,,2551.6,0.09,,0.78,,,,,,,,,,,,,,,,,,,,22115.0,8.0,0.04,2500.0,395.0,2.0,1322.0,0.0,2.06,LB,,,,,,,,,,,,,,,,
RELIANCE,,,,,,-4.2,,,,,,,,,,,,,SUPPORT,Support_Resistance_25AUG26_Scan_7_8_2026.xlsx,,1327.0,-0.32,,0.89,,,,,,,,,,,,,,,,,,,,218154.0,-49.0,-0.02,1300.0,13819.0,-77.0,13582.0,302.0,2.08,LU,,,,,,,,,,,,,,,,
CONCOR,,,,,,-2.25,,,,,,,,,,,,,SUPPORT,Support_Resistance_25AUG26_Scan_7_8_2026.xlsx,,510.7,-0.44,,0.59,,,,,,,,,,,,,,,,,,,,17389.0,1.0,0.01,500.0,494.0,0.0,428.0,15.0,2.14,SB,,,,,,,,,,,,,,,,
PREMIERENE,,,,,,-13.1,,,,,,,,,,,,,SUPPORT,Support_Resistance_25AUG26_Scan_7_8_2026.xlsx,,1022.3,-1.27,,0.46,,,,,,,,,,,,,,,,,,,,11343.0,232.0,2.09,1000.0,550.0,-9.0,408.0,68.0,2.23,SB,,,,,,,,,,,,,,,,
JSWSTEEL,,,,,,-4.8,,,,,,,,,,,,,SUPPORT,Support_Resistance_25AUG26_Scan_7_8_2026.xlsx,,1308.7,-0.37,,0.8,,,,,,,,,,,,,,,,,,,,59223.0,-2.0,0.0,1280.0,312.0,0.0,753.0,-1.0,2.24,-,,,,,,,,,,,,,,,,
PIIND,,,,,,-9.3,,,,,,,,,,,,,SUPPORT,Support_Resistance_25AUG26_Scan_7_8_2026.xlsx,,2765.3,-0.34,,0.75,,,,,,,,,,,,,,,,,,,,16016.0,95.0,0.6,2700.0,0.0,,712.0,19.0,2.42,SB,,,,,,,,,,,,,,,,
WAAREEENER,,,,,,-13.3,,,,,,,,,,,,,SUPPORT,Support_Resistance_25AUG26_Scan_7_8_2026.xlsx,,2662.9,-0.5,,0.63,,,,,,,,,,,,,,,,,,,,42215.0,19.0,0.05,2600.0,2144.0,-4.0,1619.0,5.0,2.42,SB,,,,,,,,,,,,,,,,
CDSL,,,,,,-6.2,,,,,,,,,,,,,SUPPORT,Support_Resistance_25AUG26_Scan_7_8_2026.xlsx,,1332.8,-0.46,,0.68,,,,,,,,,,,,,,,,,,,,22104.0,84.0,0.38,1300.0,608.0,5.0,1316.0,-7.0,2.52,SB,,,,,,,,,,,,,,,,
MPHASIS,,,,,,41.0,,,,,,,,,,,,,SUPPORT,Support_Resistance_25AUG26_Scan_7_8_2026.xlsx,,2461.3,1.69,,0.66,,,,,,,,,,,,,,,,,,,,14379.0,68.0,0.48,2400.0,635.0,-4.0,493.0,38.0,2.55,LB,,,,,,,,,,,,,,,,
DRREDDY,,,,,,5.1,,,,,,,,,,,,,SUPPORT,Support_Resistance_25AUG26_Scan_7_8_2026.xlsx,,1169.3,0.44,,0.66,,,,,,,,,,,,,,,,,,,,22713.0,86.0,0.38,1140.0,429.0,-3.0,1300.0,-14.0,2.57,LB,,,,,,,,,,,,,,,,
SENSEX,,,,,,-172.8,,,,,,,,,,,,,SUPPORT,Support_Resistance_25AUG26_Scan_7_8_2026.xlsx,,79001.65,-0.22,,1.33,,,,,,,,,,,,,,,,,,,,1926.0,-43.0,-2.18,77000.0,1470.0,5.0,2038.0,-9.0,2.6,LU,,,,,,,,,,,,,,,,
SHREECEM,,,,,,-310.0,,,,,,,,,,,,,SUPPORT,Support_Resistance_25AUG26_Scan_7_8_2026.xlsx,,26165.0,-1.17,,0.59,,,,,,,,,,,,,,,,,,,,15088.0,5.0,0.03,25500.0,0.0,,417.0,4.0,2.61,SB,,,,,,,,,,,,,,,,
NIFTYNXT50,,,,,,74.0,,,,,,,,,,,,,SUPPORT,Support_Resistance_25AUG26_Scan_7_8_2026.xlsx,,74454.0,0.1,,1.77,,,,,,,,,,,,,,,,,,,,785.0,6.0,0.77,72500.0,0.0,,80.0,0.0,2.7,LB,,,,,,,,,,,,,,,,
OIL,,,,,,7.45,,,,,,,,,,,,,SUPPORT,Support_Resistance_25AUG26_Scan_7_8_2026.xlsx,,452.0,1.68,,0.76,,,,,,,,,,,,,,,,,,,,11538.0,20.0,0.17,440.0,227.0,-8.0,635.0,4.0,2.73,LB,,,,,,,,,,,,,,,,
NIFTY,,,,,,-63.5,,,,,,,,,,,,,SUPPORT,Support_Resistance_25AUG26_Scan_7_8_2026.xlsx,,24675.9,-0.26,,1.15,,,,,,,,,,,,,,,,,,,,182003.0,-45.0,-0.02,24000.0,86640.0,-715.0,131737.0,203.0,2.82,LU,,,,,,,,,,,,,,,,
GODFRYPHLP,,,,,,-7.5,,,,,,,,,,,,,SUPPORT,Support_Resistance_25AUG26_Scan_7_8_2026.xlsx,,2265.3,-0.33,,0.52,,,,,,,,,,,,,,,,,,,,6468.0,6.0,0.09,2200.0,357.0,0.0,474.0,9.0,2.97,SB,,,,,,,,,,,,,,,,
BAJFINANCE,,,,,,,,,,,,,,,,,,,VOLUME_OI,VolumeAndOISpikesScans_25AUG26_Report_7_8_2026.xlsx,,"1,101.5",,54321750,,,,,,,,,,,,,,,,,,,,,,,,,,,,,,,,,-4.59,,1.95,,,,,,,-53,1038750,114.42 Cr,5377500,29.96
FINNIFTY,,,,,,,,,,,,,,,,,,,VOLUME_OI,VolumeAndOISpikesScans_25AUG26_Report_7_8_2026.xlsx,,"26,772.2",,41160,,,,,,,,,,,,,,,,,,,,,,,,,,,,,,,,,-0.85,,21.63,,,,,,,-229.9,7320,19.60 Cr,9420,11.35
BRITANNIA,,,,,,,,,,,,,,,,,,,VOLUME_OI,VolumeAndOISpikesScans_25AUG26_Report_7_8_2026.xlsx,,5655,,1952000,,,,,,,,,,,,,,,,,,,,,,,,,,,,,,,,,4.64,,1.75,,,,,,,251,33625,19.01 Cr,500500,9.13
FORTIS,,,,,,,,,,,,,,,,,,,VOLUME_OI,VolumeAndOISpikesScans_25AUG26_Report_7_8_2026.xlsx,,935.55,,10448550,,,,,,,,,,,,,,,,,,,,,,,,,,,,,,,,,1,,0.21,,,,,,,9.25,21700,2.03 Cr,869550,-3.69
BAJAJFINSV,,,,,,,,,,,,,,,,,,,VOLUME_OI,VolumeAndOISpikesScans_25AUG26_Report_7_8_2026.xlsx,,2024,,7888200,,,,,,,,,,,,,,,,,,,,,,,,,,,,,,,,,-3.56,,-0.51,,,,,,,-74.7,-40200,-8.14 Cr,671400,-21.61
PREMIERENE,,,,,,,,,,,,,,,,,,,VOLUME_OI,VolumeAndOISpikesScans_25AUG26_Report_7_8_2026.xlsx,,"1,022.3",,7372950,,,,,,,,,,,,,,,,,,,,,,,,,,,,,,,,,-1.27,,2.09,,,,,,,-13.1,150800,15.42 Cr,531050,-28.4
LTF,,,,,,,,,,,,,,,,,,,VOLUME_OI,VolumeAndOISpikesScans_25AUG26_Report_7_8_2026.xlsx,,310.5,,44923500,,,,,,,,,,,,,,,,,,,,,,,,,,,,,,,,,-2.71,,1.57,,,,,,,-8.65,693000,21.52 Cr,2488500,-30.79
CROMPTON,,,,,,,,,,,,,,,,,,,VOLUME_OI,VolumeAndOISpikesScans_25AUG26_Report_7_8_2026.xlsx,,254.95,,61034200,,,,,,,,,,,,,,,,,,,,,,,,,,,,,,,,,-5.38,,2.2,,,,,,,-14.5,1311500,33.44 Cr,4095750,-31.05
ABCAPITAL,,,,,,,,,,,,,,,,,,,VOLUME_OI,VolumeAndOISpikesScans_25AUG26_Report_7_8_2026.xlsx,,412.5,,37947100,,,,,,,,,,,,,,,,,,,,,,,,,,,,,,,,,-2.88,,1.68,,,,,,,-12.25,626200,25.83 Cr,2511000,-39.64
DALBHARAT,,,,,,,,,,,,,,,,,,,VOLUME_OI,VolumeAndOISpikesScans_25AUG26_Report_7_8_2026.xlsx,,1810,,3687450,,,,,,,,,,,,,,,,,,,,,,,,,,,,,,,,,-1.29,,-0.31,,,,,,,-23.6,-11375,-2.06 Cr,119275,-43.63
PGEL,,,,,,,,,,,,,,,,,,,VOLUME_OI,VolumeAndOISpikesScans_25AUG26_Report_7_8_2026.xlsx,,624,,12060250,,,,,,,,,,,,,,,,,,,,,,,,,,,,,,,,,1.56,,2.04,,,,,,,9.6,241300,15.06 Cr,2361700,-45.12
LUPIN,,,,,,,,,,,,,,,,,,,VOLUME_OI,VolumeAndOISpikesScans_25AUG26_Report_7_8_2026.xlsx,,"2,396.9",,7022275,,,,,,,,,,,,,,,,,,,,,,,,,,,,,,,,,-0.32,,4.36,,,,,,,-7.7,293250,70.29 Cr,671075,-46.22
HEROMOTOCO,,,,,,,,,,,,,,,,,,,VOLUME_OI,VolumeAndOISpikesScans_25AUG26_Report_7_8_2026.xlsx,,5640,,4701900,,,,,,,,,,,,,,,,,,,,,,,,,,,,,,,,,0.57,,1.1,,,,,,,32,51150,28.85 Cr,301950,-48.32
MOTHERSON,,,,,,,,,,,,,,,,,,,VOLUME_OI,VolumeAndOISpikesScans_25AUG26_Report_7_8_2026.xlsx,,161.91,,125496900,,,,,,,,,,,,,,,,,,,,,,,,,,,,,,,,,4.75,,-0.79,,,,,,,7.34,-1002450,-16.23 Cr,24181800,-56.46
ALKEM,,,,,,,,,,,,,,,,,,,VOLUME_OI,VolumeAndOISpikesScans_25AUG26_Report_7_8_2026.xlsx,,5615,,1408250,,,,,,,,,,,,,,,,,,,,,,,,,,,,,,,,,-0.03,,-0.16,,,,,,,-1.5,-2250,-1.26 Cr,36625,-61.65
NIFTYNXT50,,,,,,,,,,,,,,,,,,,VOLUME_OI,VolumeAndOISpikesScans_25AUG26_Report_7_8_2026.xlsx,,74454,,19625,,,,,,,,,,,,,,,,,,,,,,,,,,,,,,,,,0.1,,0.77,,,,,,,74,150,1.12 Cr,650,-62.32
KALYANKJIL,,,,,,,,,,,,,,,,,,,VOLUME_OI,VolumeAndOISpikesScans_25AUG26_Report_7_8_2026.xlsx,,622.1,,28032750,,,,,,,,,,,,,,,,,,,,,,,,,,,,,,,,,3.54,,1.49,,,,,,,21.25,411750,25.61 Cr,7280550,-63.17
INOXWIND,,,,,,,,,,,,,,,,,,,VOLUME_OI,VolumeAndOISpikesScans_25AUG26_Report_7_8_2026.xlsx,,77.15,,106976000,,,,,,,,,,,,,,,,,,,,,,,,,,,,,,,,,-1.69,,0.38,,,,,,,-1.33,403200,3.11 Cr,2099200,-68.28
BSE,,,,,,,,,,,,,,,,,,,VOLUME_OI,VolumeAndOISpikesScans_25AUG26_Report_7_8_2026.xlsx,,3502,,9938600,,,,,,,,,,,,,,,,,,,,,,,,,,,,,,,,,1.36,,-1.63,,,,,,,46.9,-165000,-57.78 Cr,870600,-68.42
PIIND,,,,,,,,,,,,,,,,,,,VOLUME_OI,VolumeAndOISpikesScans_25AUG26_Report_7_8_2026.xlsx,,"2,765.3",,2802800,,,,,,,,,,,,,,,,,,,,,,,,,,,,,,,,,-0.34,,0.6,,,,,,,-9.3,16625,4.60 Cr,37975,-73.37
TECHM,,,,,,,,,,,,,,,,,,,VOLUME_OI,VolumeAndOISpikesScans_25AUG26_Report_7_8_2026.xlsx,,1678,,17404200,,,,,,,,,,,,,,,,,,,,,,,,,,,,,,,,,2.17,,0.87,,,,,,,35.7,150000,25.17 Cr,564600,-73.7
SBICARD,,,,,,,,,,,,,,,,,,,VOLUME_OI,VolumeAndOISpikesScans_25AUG26_Report_7_8_2026.xlsx,,660.4,,22472800,,,,,,,,,,,,,,,,,,,,,,,,,,,,,,,,,-0.18,,0.11,,,,,,,-1.2,25600,1.69 Cr,296800,-73.73
LTM,,,,,,,,,,,,,,,,,,,VOLUME_OI,VolumeAndOISpikesScans_25AUG26_Report_7_8_2026.xlsx,,"4,644.8",,2588100,,,,,,,,,,,,,,,,,,,,,,,,,,,,,,,,,1.57,,2.45,,,,,,,71.8,61950,28.77 Cr,154050,-74.26
ADANIPORTS,,,,,,,,,,,,,,,,,,,VOLUME_OI,VolumeAndOISpikesScans_25AUG26_Report_7_8_2026.xlsx,,"1,696.3",,20571300,,,,,,,,,,,,,,,,,,,,,,,,,,,,,,,,,-0.33,,-0.21,,,,,,,-5.6,-43700,-7.41 Cr,165300,-74.98
MPHASIS,,,,,,,,,,,,,,,,,,,VOLUME_OI,VolumeAndOISpikesScans_25AUG26_Report_7_8_2026.xlsx,,"2,461.3",,3954225,,,,,,,,,,,,,,,,,,,,,,,,,,,,,,,,,1.69,,0.48,,,,,,,41,18700,4.60 Cr,84150,-76.5
MCX,,,,,,,,,,,,,,,,,,,VOLUME_OI,VolumeAndOISpikesScans_25AUG26_Report_7_8_2026.xlsx,,"2,687.6",,8889975,,,,,,,,,,,,,,,,,,,,,,,,,,,,,,,,,1.83,,0.38,,,,,,,48.2,33975,9.13 Cr,499275,-78.03
BPCL,,,,,,,,,,,,,,,,,,,VOLUME_OI,VolumeAndOISpikesScans_25AUG26_Report_7_8_2026.xlsx,,323.1,,39616525,,,,,,,,,,,,,,,,,,,,,,,,,,,,,,,,,-1.09,,0.43,,,,,,,-3.55,167875,5.42 Cr,452275,-78.66
AMBER,,,,,,,,,,,,,,,,,,,VOLUME_OI,VolumeAndOISpikesScans_25AUG26_Report_7_8_2026.xlsx,,"7,409.5",,1192600,,,,,,,,,,,,,,,,,,,,,,,,,,,,,,,,,-0.71,,0.9,,,,,,,-53,10600,7.85 Cr,24500,-78.77
NESTLEIND,,,,,,,,,,,,,,,,,,,VOLUME_OI,VolumeAndOISpikesScans_25AUG26_Report_7_8_2026.xlsx,,"1,538.2",,7694500,,,,,,,,,,,,,,,,,,,,,,,,,,,,,,,,,0.97,,-0.05,,,,,,,14.8,-4000,-61.53 L,192500,-78.83
INDIGO,,,,,,,,,,,,,,,,,,,VOLUME_OI,VolumeAndOISpikesScans_25AUG26_Report_7_8_2026.xlsx,,"5,332.5",,5534850,,,,,,,,,,,,,,,,,,,,,,,,,,,,,,,,,-0.29,,-0.19,,,,,,,-15.5,-10650,-5.68 Cr,93600,-79.14
OIL,,,,,,,,,,,,,,,,,,,VOLUME_OI,VolumeAndOISpikesScans_25AUG26_Report_7_8_2026.xlsx,,452,,16153200,,,,,,,,,,,,,,,,,,,,,,,,,,,,,,,,,1.68,,0.17,,,,,,,7.45,28000,1.27 Cr,240800,-79.45
IDEA,,,,,,,,,,,,,,,,,,,VOLUME_OI,VolumeAndOISpikesScans_25AUG26_Report_7_8_2026.xlsx,,12.73,,5896616025,,,,,,,,,,,,,,,,,,,,,,,,,,,,,,,,,0,,0.07,,,,,,,0,4217025,5.37 Cr,20084475,-80.47
INFY,,,,,,,,,,,,,,,,,,,VOLUME_OI,VolumeAndOISpikesScans_25AUG26_Report_7_8_2026.xlsx,,1181,,84238800,,,,,,,,,,,,,,,,,,,,,,,,,,,,,,,,,0.84,,0.17,,,,,,,9.8,146000,17.24 Cr,1040000,-81.51
PERSISTENT,,,,,,,,,,,,,,,,,,,VOLUME_OI,VolumeAndOISpikesScans_25AUG26_Report_7_8_2026.xlsx,,"5,571.5",,3449375,,,,,,,,,,,,,,,,,,,,,,,,,,,,,,,,,1.13,,0.35,,,,,,,62,12000,6.69 Cr,48750,-81.84
TCS,,,,,,,,,,,,,,,,,,,VOLUME_OI,VolumeAndOISpikesScans_25AUG26_Report_7_8_2026.xlsx,,2430,,31459275,,,,,,,,,,,,,,,,,,,,,,,,,,,,,,,,,1.81,,-0.13,,,,,,,43.2,-42300,-10.28 Cr,484650,-82.04
ONGC,,,,,,,,,,,,,,,,,,,VOLUME_OI,VolumeAndOISpikesScans_25AUG26_Report_7_8_2026.xlsx,,241.3,,54704250,,,,,,,,,,,,,,,,,,,,,,,,,,,,,,,,,1.37,,-0.69,,,,,,,3.25,-380250,-9.18 Cr,1833750,-82.12
DRREDDY,,,,,,,,,,,,,,,,,,,VOLUME_OI,VolumeAndOISpikesScans_25AUG26_Report_7_8_2026.xlsx,,"1,169.3",,14195625,,,,,,,,,,,,,,,,,,,,,,,,,,,,,,,,,0.44,,0.38,,,,,,,5.1,53750,6.28 Cr,223750,-82.55
IOC,,,,,,,,,,,,,,,,,,,VOLUME_OI,VolumeAndOISpikesScans_25AUG26_Report_7_8_2026.xlsx,,142.44,,152675250,,,,,,,,,,,,,,,,,,,,,,,,,,,,,,,,,-0.34,,0.19,,,,,,,-0.48,292500,4.17 Cr,1096875,-82.81
TATAELXSI,,,,,,,,,,,,,,,,,,,VOLUME_OI,VolumeAndOISpikesScans_25AUG26_Report_7_8_2026.xlsx,,"3,782.6",,2312875,,,,,,,,,,,,,,,,,,,,,,,,,,,,,,,,,1,,-0.24,,,,,,,37.5,-5625,-2.13 Cr,30875,-82.94
BHEL,,,,,,,,,,,,,,,,,,,VOLUME_OI,VolumeAndOISpikesScans_25AUG26_Report_7_8_2026.xlsx,,412.75,,80994375,,,,,,,,,,,,,,,,,,,,,,,,,,,,,,,,,0.39,,0.09,,,,,,,1.6,73500,3.03 Cr,989625,-83.21
M&M,,,,,,,,,,,,,,,,,,,VOLUME_OI,VolumeAndOISpikesScans_25AUG26_Report_7_8_2026.xlsx,,"3,458.2",,11967800,,,,,,,,,,,,,,,,,,,,,,,,,,,,,,,,,0.77,,0.14,,,,,,,26.5,16800,5.81 Cr,152400,-83.3
MIDCPNIFTY,,,,,,,,,,,,,,,,,,,VOLUME_OI,VolumeAndOISpikesScans_25AUG26_Report_7_8_2026.xlsx,,"14,913.4",,1916520,,,,,,,,,,,,,,,,,,,,,,,,,,,,,,,,,0.1,,0.04,,,,,,,15.55,840,1.25 Cr,18960,-83.39
ANGELONE,,,,,,,,,,,,,,,,,,,VOLUME_OI,VolumeAndOISpikesScans_25AUG26_Report_7_8_2026.xlsx,,297.35,,28660000,,,,,,,,,,,,,,,,,,,,,,,,,,,,,,,,,-0.32,,0.46,,,,,,,-0.95,132500,3.94 Cr,467500,-83.93
GMRAIRPORT,,,,,,,,,,,,,,,,,,,VOLUME_OI,VolumeAndOISpikesScans_25AUG26_Report_7_8_2026.xlsx,,106.55,,128472525,,,,,,,,,,,,,,,,,,,,,,,,,,,,,,,,,0.48,,0.17,,,,,,,0.51,216225,2.30 Cr,927675,-84.37
CAMS,,,,,,,,,,,,,,,,,,,VOLUME_OI,VolumeAndOISpikesScans_25AUG26_Report_7_8_2026.xlsx,,790.4,,7498425,,,,,,,,,,,,,,,,,,,,,,,,,,,,,,,,,-1.3,,0.43,,,,,,,-10.45,32175,2.54 Cr,128700,-84.43
COLPAL,,,,,,,,,,,,,,,,,,,VOLUME_OI,VolumeAndOISpikesScans_25AUG26_Report_7_8_2026.xlsx,,"2,033.7",,5022600,,,,,,,,,,,,,,,,,,,,,,,,,,,,,,,,,-0.29,,0.17,,,,,,,-6,8525,1.73 Cr,39325,-84.59
PRESTIGE,,,,,,,,,,,,,,,,,,,VOLUME_OI,VolumeAndOISpikesScans_25AUG26_Report_7_8_2026.xlsx,,1592,,5237550,,,,,,,,,,,,,,,,,,,,,,,,,,,,,,,,,0.63,,0.61,,,,,,,10,31950,5.09 Cr,68400,-84.62
DELHIVERY,,,,,,,,,,,,,,,,,,,VOLUME_OI,VolumeAndOISpikesScans_25AUG26_Report_7_8_2026.xlsx,,468.05,,26979150,,,,,,,,,,,,,,,,,,,,,,,,,,,,,,,,,0.16,,0.05,,,,,,,0.75,14525,67.98 L,560250,-85.38
ASIANPAINT,,,,,,,,,,,,,,,,,,,VOLUME_OI,VolumeAndOISpikesScans_25AUG26_Report_7_8_2026.xlsx,,"2,749.9",,7472000,,,,,,,,,,,,,,,,,,,,,,,,,,,,,,,,,-0.29,,0.08,,,,,,,-7.9,6250,1.72 Cr,73250,-86.1
UPL,,,,,,,,,,,,,,,,,,,VOLUME_OI,VolumeAndOISpikesScans_25AUG26_Report_7_8_2026.xlsx,,574.45,,34940030,,,,,,,,,,,,,,,,,,,,,,,,,,,,,,,,,-0.52,,0.59,,,,,,,-3,203250,11.68 Cr,352300,-86.16
LICHSGFIN,,,,,,,,,,,,,,,,,,,VOLUME_OI,VolumeAndOISpikesScans_25AUG26_Report_7_8_2026.xlsx,,497.4,,31580000,,,,,,,,,,,,,,,,,,,,,,,,,,,,,,,,,-0.34,,0.39,,,,,,,-1.7,123000,6.12 Cr,353000,-86.26
VOLTAS,,,,,,,,,,,,,,,,,,,VOLUME_OI,VolumeAndOISpikesScans_25AUG26_Report_7_8_2026.xlsx,,"1,300.1",,7321500,,,,,,,,,,,,,,,,,,,,,,,,,,,,,,,,,1.82,,-0.49,,,,,,,23.2,-36375,-4.73 Cr,359625,-86.28
SUZLON,,,,,,,,,,,,,,,,,,,VOLUME_OI,VolumeAndOISpikesScans_25AUG26_Report_7_8_2026.xlsx,,48.37,,457377800,,,,,,,,,,,,,,,,,,,,,,,,,,,,,,,,,-0.14,,0.01,,,,,,,-0.07,25400,12.29 L,2336800,-86.39
OFSS,,,,,,,,,,,,,,,,,,,VOLUME_OI,VolumeAndOISpikesScans_25AUG26_Report_7_8_2026.xlsx,,11715,,1244800,,,,,,,,,,,,,,,,,,,,,,,,,,,,,,,,,-0.03,,0.53,,,,,,,-4,6600,7.73 Cr,18700,-86.47
RVNL,,,,,,,,,,,,,,,,,,,VOLUME_OI,VolumeAndOISpikesScans_25AUG26_Report_7_8_2026.xlsx,,234.52,,35839650,,,,,,,,,,,,,,,,,,,,,,,,,,,,,,,,,-0.48,,1.41,,,,,,,-1.13,496650,11.65 Cr,1085700,-86.5
SENSEX,,,,,,,,,,,,,,,,,,,VOLUME_OI,VolumeAndOISpikesScans_25AUG26_Report_7_8_2026.xlsx,,78975,,38520,,,,,,,,,,,,,,,,,,,,,,,,,,,,,,,,,-0.25,,-2.18,,,,,,,-199.45,-860,-6.79 Cr,3520,-86.89
CHOLAFIN,,,,,,,,,,,,,,,,,,,VOLUME_OI,VolumeAndOISpikesScans_25AUG26_Report_7_8_2026.xlsx,,"1,911.7",,13650625,,,,,,,,,,,,,,,,,,,,,,,,,,,,,,,,,-1.41,,0.4,,,,,,,-27.3,53750,10.28 Cr,363125,-87.15
LAURUSLABS,,,,,,,,,,,,,,,,,,,VOLUME_OI,VolumeAndOISpikesScans_25AUG26_Report_7_8_2026.xlsx,,"1,838.6",,16595400,,,,,,,,,,,,,,,,,,,,,,,,,,,,,,,,,0.49,,0.09,,,,,,,8.9,14450,2.66 Cr,226100,-87.68
OBEROIRLTY,,,,,,,,,,,,,,,,,,,VOLUME_OI,VolumeAndOISpikesScans_25AUG26_Report_7_8_2026.xlsx,,1795,,5583550,,,,,,,,,,,,,,,,,,,,,,,,,,,,,,,,,0.34,,0.33,,,,,,,6.1,18200,3.27 Cr,66150,-87.84
UNOMINDA,,,,,,,,,,,,,,,,,,,VOLUME_OI,VolumeAndOISpikesScans_25AUG26_Report_7_8_2026.xlsx,,"1,281.4",,4851550,,,,,,,,,,,,,,,,,,,,,,,,,,,,,,,,,1.12,,0.33,,,,,,,14.2,15950,2.04 Cr,92400,-87.91
360ONE,,,,,,,,,,,,,,,,,,,VOLUME_OI,VolumeAndOISpikesScans_25AUG26_Report_7_8_2026.xlsx,,1187,,4189000,,,,,,,,,,,,,,,,,,,,,,,,,,,,,,,,,0.32,,1.37,,,,,,,3.8,56500,6.71 Cr,130000,-88.05
KAYNES,,,,,,,,,,,,,,,,,,,VOLUME_OI,VolumeAndOISpikesScans_25AUG26_Report_7_8_2026.xlsx,,"3,852.6",,4179900,,,,,,,,,,,,,,,,,,,,,,,,,,,,,,,,,-0.25,,-0.15,,,,,,,-9.8,-6150,-2.37 Cr,110250,-88.1
COFORGE,,,,,,,,,,,,,,,,,,,VOLUME_OI,VolumeAndOISpikesScans_25AUG26_Report_7_8_2026.xlsx,,1798,,13395950,,,,,,,,,,,,,,,,,,,,,,,,,,,,,,,,,0.69,,-0.01,,,,,,,12.4,-1425,-25.62 L,161500,-88.36
BLUESTARCO,,,,,,,,,,,,,,,,,,,VOLUME_OI,VolumeAndOISpikesScans_25AUG26_Report_7_8_2026.xlsx,,1569,,4474275,,,,,,,,,,,,,,,,,,,,,,,,,,,,,,,,,0.93,,-0.28,,,,,,,14.4,-12675,-1.99 Cr,504400,-88.52
POWERINDIA,,,,,,,,,,,,,,,,,,,VOLUME_OI,VolumeAndOISpikesScans_25AUG26_Report_7_8_2026.xlsx,,32550,,583050,,,,,,,,,,,,,,,,,,,,,,,,,,,,,,,,,1.29,,-0.3,,,,,,,415,-1750,-5.70 Cr,12575,-88.56
ADANIENSOL,,,,,,,,,,,,,,,,,,,VOLUME_OI,VolumeAndOISpikesScans_25AUG26_Report_7_8_2026.xlsx,,"1,612.5",,19344150,,,,,,,,,,,,,,,,,,,,,,,,,,,,,,,,,-0.21,,-0.14,,,,,,,-3.4,-26325,-4.24 Cr,118800,-88.58
UNITDSPR,,,,,,,,,,,,,,,,,,,VOLUME_OI,VolumeAndOISpikesScans_25AUG26_Report_7_8_2026.xlsx,,"1,527.3",,7492400,,,,,,,,,,,,,,,,,,,,,,,,,,,,,,,,,-0.21,,0.02,,,,,,,-3.2,1600,24.44 L,41200,-88.61
DIXON,,,,,,,,,,,,,,,,,,,VOLUME_OI,VolumeAndOISpikesScans_25AUG26_Report_7_8_2026.xlsx,,14115,,2559650,,,,,,,,,,,,,,,,,,,,,,,,,,,,,,,,,-0.21,,0.04,,,,,,,-29,1150,1.62 Cr,23900,-88.76
WIPRO,,,,,,,,,,,,,,,,,,,VOLUME_OI,VolumeAndOISpikesScans_25AUG26_Report_7_8_2026.xlsx,,188.15,,213456000,,,,,,,,,,,,,,,,,,,,,,,,,,,,,,,,,0.64,,0,,,,,,,1.2,-9000,-16.93 L,933000,-88.84
SBIN,,,,,,,,,,,,,,,,,,,VOLUME_OI,VolumeAndOISpikesScans_25AUG26_Report_7_8_2026.xlsx,,"1,090.7",,81819000,,,,,,,,,,,,,,,,,,,,,,,,,,,,,,,,,0.07,,0.67,,,,,,,0.8,542250,59.14 Cr,2565750,-88.97
ASHOKLEY,,,,,,,,,,,,,,,,,,,VOLUME_OI,VolumeAndOISpikesScans_25AUG26_Report_7_8_2026.xlsx,,176.59,,136605000,,,,,,,,,,,,,,,,,,,,,,,,,,,,,,,,,-0.61,,0.34,,,,,,,-1.08,465000,8.21 Cr,1565000,-89.03
BAJAJHLDNG,,,,,,,,,,,,,,,,,,,VOLUME_OI,VolumeAndOISpikesScans_25AUG26_Report_7_8_2026.xlsx,,11373,,341700,,,,,,,,,,,,,,,,,,,,,,,,,,,,,,,,,-1.04,,-0.04,,,,,,,-120,-150,-17.06 L,1950,-89.03
AMBUJACEM,,,,,,,,,,,,,,,,,,,VOLUME_OI,VolumeAndOISpikesScans_25AUG26_Report_7_8_2026.xlsx,,435.7,,82960800,,,,,,,,,,,,,,,,,,,,,,,,,,,,,,,,,-0.64,,0.17,,,,,,,-2.8,136800,5.96 Cr,458400,-89.16
HDFCAMC,,,,,,,,,,,,,,,,,,,VOLUME_OI,VolumeAndOISpikesScans_25AUG26_Report_7_8_2026.xlsx,,"2,551.6",,6634500,,,,,,,,,,,,,,,,,,,,,,,,,,,,,,,,,0.09,,0.04,,,,,,,2.3,2400,61.24 L,34500,-89.34
TATACONSUM,,,,,,,,,,,,,,,,,,,VOLUME_OI,VolumeAndOISpikesScans_25AUG26_Report_7_8_2026.xlsx,,"1,091.5",,15774000,,,,,,,,,,,,,,,,,,,,,,,,,,,,,,,,,-0.26,,0.02,,,,,,,-2.8,2750,30.02 L,66550,-89.35
NATIONALUM,,,,,,,,,,,,,,,,,,,VOLUME_OI,VolumeAndOISpikesScans_25AUG26_Report_7_8_2026.xlsx,,379.05,,42862500,,,,,,,,,,,,,,,,,,,,,,,,,,,,,,,,,-0.34,,0.04,,,,,,,-1.3,18750,71.07 L,656250,-89.37
MARUTI,,,,,,,,,,,,,,,,,,,VOLUME_OI,VolumeAndOISpikesScans_25AUG26_Report_7_8_2026.xlsx,,13939,,2096250,,,,,,,,,,,,,,,,,,,,,,,,,,,,,,,,,0.17,,-0.15,,,,,,,24,-3250,-4.53 Cr,27600,-89.74
RADICO,,,,,,,,,,,,,,,,,,,VOLUME_OI,VolumeAndOISpikesScans_25AUG26_Report_7_8_2026.xlsx,,"4,469.2",,804000,,,,,,,,,,,,,,,,,,,,,,,,,,,,,,,,,0.1,,-0.24,,,,,,,4.6,-1950,-87.15 L,14400,-89.75
CDSL,,,,,,,,,,,,,,,,,,,VOLUME_OI,VolumeAndOISpikesScans_25AUG26_Report_7_8_2026.xlsx,,"1,332.8",,10499400,,,,,,,,,,,,,,,,,,,,,,,,,,,,,,,,,-0.46,,0.38,,,,,,,-6.2,39900,5.32 Cr,72200,-89.85
RECLTD,,,,,,,,,,,,,,,,,,,VOLUME_OI,VolumeAndOISpikesScans_25AUG26_Report_7_8_2026.xlsx,,362,,44416575,,,,,,,,,,,,,,,,,,,,,,,,,,,,,,,,,-0.39,,-0.09,,,,,,,-1.4,-40950,-1.48 Cr,341775,-89.96
PFC,,,,,,,,,,,,,,,,,,,VOLUME_OI,VolumeAndOISpikesScans_25AUG26_Report_7_8_2026.xlsx,,415.1,,56527900,,,,,,,,,,,,,,,,,,,,,,,,,,,,,,,,,-0.42,,0.25,,,,,,,-1.75,141700,5.88 Cr,419900,-90.07
PATANJALI,,,,,,,,,,,,,,,,,,,VOLUME_OI,VolumeAndOISpikesScans_25AUG26_Report_7_8_2026.xlsx,,353.7,,34925675,,,,,,,,,,,,,,,,,,,,,,,,,,,,,,,,,0.03,,0.19,,,,,,,0.1,64500,2.28 Cr,466550,-90.23
HCLTECH,,,,,,,,,,,,,,,,,,,VOLUME_OI,VolumeAndOISpikesScans_25AUG26_Report_7_8_2026.xlsx,,"1,367.8",,26343200,,,,,,,,,,,,,,,,,,,,,,,,,,,,,,,,,1.69,,-0.06,,,,,,,22.7,-16400,-2.24 Cr,295200,-90.27
NIFTY,,,,,,,,,,,,,,,,,,,VOLUME_OI,VolumeAndOISpikesScans_25AUG26_Report_7_8_2026.xlsx,,"24,675.9",,11830195,,,,,,,,,,,,,,,,,,,,,,,,,,,,,,,,,-0.26,,-0.02,,,,,,,-63.5,-2925,-7.22 Cr,198705,-90.29
JIOFIN,,,,,,,,,,,,,,,,,,,VOLUME_OI,VolumeAndOISpikesScans_25AUG26_Report_7_8_2026.xlsx,,260.8,,183779400,,,,,,,,,,,,,,,,,,,,,,,,,,,,,,,,,-1.4,,0.13,,,,,,,-3.7,232650,6.07 Cr,1807150,-90.32
BHARATFORG,,,,,,,,,,,,,,,,,,,VOLUME_OI,VolumeAndOISpikesScans_25AUG26_Report_7_8_2026.xlsx,,"2,224.9",,8042500,,,,,,,,,,,,,,,,,,,,,,,,,,,,,,,,,0.1,,0.13,,,,,,,2.2,10500,2.34 Cr,145000,-90.37
TMPV,,,,,,,,,,,,,,,,,,,VOLUME_OI,VolumeAndOISpikesScans_25AUG26_Report_7_8_2026.xlsx,,345.35,,74249600,,,,,,,,,,,,,,,,,,,,,,,,,,,,,,,,,0.14,,0.07,,,,,,,0.5,51200,1.77 Cr,652800,-90.43
INDIANB,,,,,,,,,,,,,,,,,,,VOLUME_OI,VolumeAndOISpikesScans_25AUG26_Report_7_8_2026.xlsx,,886.8,,12183000,,,,,,,,,,,,,,,,,,,,,,,,,,,,,,,,,0.4,,1.01,,,,,,,3.5,122000,10.82 Cr,335000,-90.7
DABUR,,,,,,,,,,,,,,,,,,,VOLUME_OI,VolumeAndOISpikesScans_25AUG26_Report_7_8_2026.xlsx,,412.9,,28243750,,,,,,,,,,,,,,,,,,,,,,,,,,,,,,,,,-0.15,,-0.09,,,,,,,-0.6,-26250,-1.08 Cr,156250,-90.75
BEL,,,,,,,,,,,,,,,,,,,VOLUME_OI,VolumeAndOISpikesScans_25AUG26_Report_7_8_2026.xlsx,,401.85,,104040675,,,,,,,,,,,,,,,,,,,,,,,,,,,,,,,,,0.27,,-0.12,,,,,,,1.1,-129675,-5.21 Cr,1694325,-90.78
KFINTECH,,,,,,,,,,,,,,,,,,,VOLUME_OI,VolumeAndOISpikesScans_25AUG26_Report_7_8_2026.xlsx,,929.85,,4329175,,,,,,,,,,,,,,,,,,,,,,,,,,,,,,,,,0.23,,0.08,,,,,,,2.15,3450,32.08 L,36225,-90.86
PAGEIND,,,,,,,,,,,,,,,,,,,VOLUME_OI,VolumeAndOISpikesScans_25AUG26_Report_7_8_2026.xlsx,,39890,,221540,,,,,,,,,,,,,,,,,,,,,,,,,,,,,,,,,0.36,,0,,,,,,,145,0,-,2280,-90.92
GODREJCP,,,,,,,,,,,,,,,,,,,VOLUME_OI,VolumeAndOISpikesScans_25AUG26_Report_7_8_2026.xlsx,,1082,,11361500,,,,,,,,,,,,,,,,,,,,,,,,,,,,,,,,,0.23,,-0.02,,,,,,,2.5,-2000,-21.64 L,53000,-90.95
NAM-INDIA,,,,,,,,,,,,,,,,,,,VOLUME_OI,VolumeAndOISpikesScans_25AUG26_Report_7_8_2026.xlsx,,"1,167.1",,7500000,,,,,,,,,,,,,,,,,,,,,,,,,,,,,,,,,-1.24,,0.05,,,,,,,-14.6,3750,43.77 L,40625,-90.96
ASTRAL,,,,,,,,,,,,,,,,,,,VOLUME_OI,VolumeAndOISpikesScans_25AUG26_Report_7_8_2026.xlsx,,"1,445.4",,7041400,,,,,,,,,,,,,,,,,,,,,,,,,,,,,,,,,0.06,,0.05,,,,,,,0.9,3400,49.14 L,39525,-90.99
EICHERMOT,,,,,,,,,,,,,,,,,,,VOLUME_OI,VolumeAndOISpikesScans_25AUG26_Report_7_8_2026.xlsx,,8003,,3655500,,,,,,,,,,,,,,,,,,,,,,,,,,,,,,,,,0.38,,-0.04,,,,,,,30.5,-1600,-1.28 Cr,20700,-91.02
TRENT,,,,,,,,,,,,,,,,,,,VOLUME_OI,VolumeAndOISpikesScans_25AUG26_Report_7_8_2026.xlsx,,"3,012.3",,10776600,,,,,,,,,,,,,,,,,,,,,,,,,,,,,,,,,-3.11,,1.96,,,,,,,-96.7,207225,62.42 Cr,555750,-91.07
IRFC,,,,,,,,,,,,,,,,,,,VOLUME_OI,VolumeAndOISpikesScans_25AUG26_Report_7_8_2026.xlsx,,89.19,,89121900,,,,,,,,,,,,,,,,,,,,,,,,,,,,,,,,,-0.69,,0.17,,,,,,,-0.62,151900,1.35 Cr,537075,-91.09
SIEMENS,,,,,,,,,,,,,,,,,,,VOLUME_OI,VolumeAndOISpikesScans_25AUG26_Report_7_8_2026.xlsx,,"3,969.1",,3414425,,,,,,,,,,,,,,,,,,,,,,,,,,,,,,,,,-0.2,,0.04,,,,,,,-7.9,1400,55.57 L,33950,-91.2
SHRIRAMFIN,,,,,,,,,,,,,,,,,,,VOLUME_OI,VolumeAndOISpikesScans_25AUG26_Report_7_8_2026.xlsx,,1118,,24829200,,,,,,,,,,,,,,,,,,,,,,,,,,,,,,,,,-1.77,,-0.63,,,,,,,-20.2,-156750,-17.52 Cr,815100,-91.27
BANKINDIA,,,,,,,,,,,,,,,,,,,VOLUME_OI,VolumeAndOISpikesScans_25AUG26_Report_7_8_2026.xlsx,,143.12,,91410800,,,,,,,,,,,,,,,,,,,,,,,,,,,,,,,,,-0.26,,0.19,,,,,,,-0.37,171600,2.46 Cr,920400,-91.28
MANKIND,,,,,,,,,,,,,,,,,,,VOLUME_OI,VolumeAndOISpikesScans_25AUG26_Report_7_8_2026.xlsx,,"2,447.2",,3216500,,,,,,,,,,,,,,,,,,,,,,,,,,,,,,,,,0.27,,-0.05,,,,,,,6.7,-1500,-36.71 L,16000,-91.33
SUNPHARMA,,,,,,,,,,,,,,,,,,,VOLUME_OI,VolumeAndOISpikesScans_25AUG26_Report_7_8_2026.xlsx,,1961,,13853350,,,,,,,,,,,,,,,,,,,,,,,,,,,,,,,,,0.04,,0.04,,,,,,,0.7,5250,1.03 Cr,60550,-91.33
HDFCLIFE,,,,,,,,,,,,,,,,,,,VOLUME_OI,VolumeAndOISpikesScans_25AUG26_Report_7_8_2026.xlsx,,543.15,,48006200,,,,,,,,,,,,,,,,,,,,,,,,,,,,,,,,,-0.33,,0.06,,,,,,,-1.8,28600,1.55 Cr,178200,-91.38
AXISBANK,,,,,,,,,,,,,,,,,,,VOLUME_OI,VolumeAndOISpikesScans_25AUG26_Report_7_8_2026.xlsx,,1253,,80225000,,,,,,,,,,,,,,,,,,,,,,,,,,,,,,,,,-0.48,,0.06,,,,,,,-6,48125,6.03 Cr,298125,-91.4
GAIL,,,,,,,,,,,,,,,,,,,VOLUME_OI,VolumeAndOISpikesScans_25AUG26_Report_7_8_2026.xlsx,,174.8,,89101450,,,,,,,,,,,,,,,,,,,,,,,,,,,,,,,,,-0.69,,0.5,,,,,,,-1.22,443750,7.76 Cr,812950,-91.41
ZYDUSLIFE,,,,,,,,,,,,,,,,,,,VOLUME_OI,VolumeAndOISpikesScans_25AUG26_Report_7_8_2026.xlsx,,"1,106.3",,10227600,,,,,,,,,,,,,,,,,,,,,,,,,,,,,,,,,-0.13,,0.27,,,,,,,-1.4,27900,3.09 Cr,57600,-91.53
NYKAA,,,,,,,,,,,,,,,,,,,VOLUME_OI,VolumeAndOISpikesScans_25AUG26_Report_7_8_2026.xlsx,,330.6,,48843750,,,,,,,,,,,,,,,,,,,,,,,,,,,,,,,,,-1.05,,0.26,,,,,,,-3.5,125000,4.13 Cr,443750,-91.63
ADANIGREEN,,,,,,,,,,,,,,,,,,,VOLUME_OI,VolumeAndOISpikesScans_25AUG26_Report_7_8_2026.xlsx,,"1,378.6",,26836800,,,,,,,,,,,,,,,,,,,,,,,,,,,,,,,,,-0.04,,0.07,,,,,,,-0.5,18600,2.56 Cr,72000,-91.67
MOTILALOFS,,,,,,,,,,,,,,,,,,,VOLUME_OI,VolumeAndOISpikesScans_25AUG26_Report_7_8_2026.xlsx,,863.2,,6629350,,,,,,,,,,,,,,,,,,,,,,,,,,,,,,,,,-0.46,,0.2,,,,,,,-4,13175,1.14 Cr,39525,-91.77
SONACOMS,,,,,,,,,,,,,,,,,,,VOLUME_OI,VolumeAndOISpikesScans_25AUG26_Report_7_8_2026.xlsx,,797,,11920475,,,,,,,,,,,,,,,,,,,,,,,,,,,,,,,,,0.56,,0.33,,,,,,,4.45,39200,3.12 Cr,267050,-92.12
INDHOTEL,,,,,,,,,,,,,,,,,,,VOLUME_OI,VolumeAndOISpikesScans_25AUG26_Report_7_8_2026.xlsx,,735,,20853000,,,,,,,,,,,,,,,,,,,,,,,,,,,,,,,,,-0.25,,0.07,,,,,,,-1.85,14000,1.03 Cr,117000,-92.15
PNB,,,,,,,,,,,,,,,,,,,VOLUME_OI,VolumeAndOISpikesScans_25AUG26_Report_7_8_2026.xlsx,,114.5,,286936000,,,,,,,,,,,,,,,,,,,,,,,,,,,,,,,,,-0.3,,0.08,,,,,,,-0.34,240000,2.75 Cr,1632000,-92.16
MFSL,,,,,,,,,,,,,,,,,,,VOLUME_OI,VolumeAndOISpikesScans_25AUG26_Report_7_8_2026.xlsx,,1514,,9165600,,,,,,,,,,,,,,,,,,,,,,,,,,,,,,,,,-0.79,,0.05,,,,,,,-12,4800,72.67 L,57200,-92.26
TITAN,,,,,,,,,,,,,,,,,,,VOLUME_OI,VolumeAndOISpikesScans_25AUG26_Report_7_8_2026.xlsx,,"5,004.9",,5386325,,,,,,,,,,,,,,,,,,,,,,,,,,,,,,,,,0.1,,-0.06,,,,,,,5.1,-3325,-1.66 Cr,119700,-92.32
BIOCON,,,,,,,,,,,,,,,,,,,VOLUME_OI,VolumeAndOISpikesScans_25AUG26_Report_7_8_2026.xlsx,,434.55,,49150000,,,,,,,,,,,,,,,,,,,,,,,,,,,,,,,,,-1.31,,0.5,,,,,,,-5.75,242500,10.54 Cr,1640000,-92.34
NTPC,,,,,,,,,,,,,,,,,,,VOLUME_OI,VolumeAndOISpikesScans_25AUG26_Report_7_8_2026.xlsx,,347.8,,100443000,,,,,,,,,,,,,,,,,,,,,,,,,,,,,,,,,0.36,,0.1,,,,,,,1.25,100500,3.50 Cr,402000,-92.37
GODREJPROP,,,,,,,,,,,,,,,,,,,VOLUME_OI,VolumeAndOISpikesScans_25AUG26_Report_7_8_2026.xlsx,,"2,100.6",,8057075,,,,,,,,,,,,,,,,,,,,,,,,,,,,,,,,,-0.1,,0.1,,,,,,,-2,8450,1.78 Cr,51350,-92.71
ADANIENT,,,,,,,,,,,,,,,,,,,VOLUME_OI,VolumeAndOISpikesScans_25AUG26_Report_7_8_2026.xlsx,,"3,039.9",,15639726,,,,,,,,,,,,,,,,,,,,,,,,,,,,,,,,,-0.26,,0.25,,,,,,,-7.9,38625,11.74 Cr,70761,-92.83
SHREECEM,,,,,,,,,,,,,,,,,,,VOLUME_OI,VolumeAndOISpikesScans_25AUG26_Report_7_8_2026.xlsx,,26165,,377200,,,,,,,,,,,,,,,,,,,,,,,,,,,,,,,,,-1.17,,0.03,,,,,,,-310,125,32.71 L,2250,-92.88
GLENMARK,,,,,,,,,,,,,,,,,,,VOLUME_OI,VolumeAndOISpikesScans_25AUG26_Report_7_8_2026.xlsx,,"2,274.5",,11722875,,,,,,,,,,,,,,,,,,,,,,,,,,,,,,,,,0.11,,0.15,,,,,,,2.5,18000,4.09 Cr,78000,-92.97
NAUKRI,,,,,,,,,,,,,,,,,,,VOLUME_OI,VolumeAndOISpikesScans_25AUG26_Report_7_8_2026.xlsx,,"1,240.2",,13732400,,,,,,,,,,,,,,,,,,,,,,,,,,,,,,,,,0.02,,-0.01,,,,,,,0.2,-1650,-20.46 L,46750,-93.04
CIPLA,,,,,,,,,,,,,,,,,,,VOLUME_OI,VolumeAndOISpikesScans_25AUG26_Report_7_8_2026.xlsx,,1472,,9093725,,,,,,,,,,,,,,,,,,,,,,,,,,,,,,,,,-0.45,,0.13,,,,,,,-6.7,11900,1.75 Cr,82450,-93.2
HINDPETRO,,,,,,,,,,,,,,,,,,,VOLUME_OI,VolumeAndOISpikesScans_25AUG26_Report_7_8_2026.xlsx,,395.85,,45303300,,,,,,,,,,,,,,,,,,,,,,,,,,,,,,,,,-0.3,,0.04,,,,,,,-1.2,18225,72.14 L,202500,-93.27
FORCEMOT,,,,,,,,,,,,,,,,,,,VOLUME_OI,VolumeAndOISpikesScans_25AUG26_Report_7_8_2026.xlsx,,18725,,237325,,,,,,,,,,,,,,,,,,,,,,,,,,,,,,,,,-0.45,,0.2,,,,,,,-85,475,88.94 L,3025,-93.28
JINDALSTEL,,,,,,,,,,,,,,,,,,,VOLUME_OI,VolumeAndOISpikesScans_25AUG26_Report_7_8_2026.xlsx,,1103,,14448125,,,,,,,,,,,,,,,,,,,,,,,,,,,,,,,,,-0.57,,0.13,,,,,,,-6.3,19375,2.14 Cr,110000,-93.28
BANKNIFTY,,,,,,,,,,,,,,,,,,,VOLUME_OI,VolumeAndOISpikesScans_25AUG26_Report_7_8_2026.xlsx,,"58,025.4",,2117550,,,,,,,,,,,,,,,,,,,,,,,,,,,,,,,,,-0.27,,0.4,,,,,,,-154.2,8490,49.26 Cr,40470,-93.38
TATAPOWER,,,,,,,,,,,,,,,,,,,VOLUME_OI,VolumeAndOISpikesScans_25AUG26_Report_7_8_2026.xlsx,,379.4,,62674800,,,,,,,,,,,,,,,,,,,,,,,,,,,,,,,,,-0.07,,0.05,,,,,,,-0.25,30450,1.16 Cr,136300,-93.47
ULTRACEMCO,,,,,,,,,,,,,,,,,,,VOLUME_OI,VolumeAndOISpikesScans_25AUG26_Report_7_8_2026.xlsx,,12048,,1598350,,,,,,,,,,,,,,,,,,,,,,,,,,,,,,,,,-0.64,,0.13,,,,,,,-78,2150,2.59 Cr,8850,-93.47
HDFCBANK,,,,,,,,,,,,,,,,,,,VOLUME_OI,VolumeAndOISpikesScans_25AUG26_Report_7_8_2026.xlsx,,737.85,,315010800,,,,,,,,,,,,,,,,,,,,,,,,,,,,,,,,,-0.21,,0.12,,,,,,,-1.55,378300,27.91 Cr,1503450,-93.5
MUTHOOTFIN,,,,,,,,,,,,,,,,,,,VOLUME_OI,VolumeAndOISpikesScans_25AUG26_Report_7_8_2026.xlsx,,2905,,6954200,,,,,,,,,,,,,,,,,,,,,,,,,,,,,,,,,-0.08,,0.4,,,,,,,-2.2,27500,7.99 Cr,105600,-93.61
WAAREEENER,,,,,,,,,,,,,,,,,,,VOLUME_OI,VolumeAndOISpikesScans_25AUG26_Report_7_8_2026.xlsx,,"2,662.9",,7387625,,,,,,,,,,,,,,,,,,,,,,,,,,,,,,,,,-0.5,,0.05,,,,,,,-13.3,3325,88.54 L,10325,-93.64
HINDALCO,,,,,,,,,,,,,,,,,,,VOLUME_OI,VolumeAndOISpikesScans_25AUG26_Report_7_8_2026.xlsx,,"1,032.7",,52783500,,,,,,,,,,,,,,,,,,,,,,,,,,,,,,,,,0.3,,0.08,,,,,,,3.1,42700,4.41 Cr,594300,-93.67
POLYCAB,,,,,,,,,,,,,,,,,,,VOLUME_OI,VolumeAndOISpikesScans_25AUG26_Report_7_8_2026.xlsx,,"9,289.5",,2277500,,,,,,,,,,,,,,,,,,,,,,,,,,,,,,,,,-0.62,,0.26,,,,,,,-57.5,5875,5.46 Cr,22750,-93.7
PNBHOUSING,,,,,,,,,,,,,,,,,,,VOLUME_OI,VolumeAndOISpikesScans_25AUG26_Report_7_8_2026.xlsx,,"1,150.3",,7321600,,,,,,,,,,,,,,,,,,,,,,,,,,,,,,,,,-0.11,,0.27,,,,,,,-1.3,19500,2.24 Cr,144950,-93.72
CONCOR,,,,,,,,,,,,,,,,,,,VOLUME_OI,VolumeAndOISpikesScans_25AUG26_Report_7_8_2026.xlsx,,510.7,,21736250,,,,,,,,,,,,,,,,,,,,,,,,,,,,,,,,,-0.44,,0.01,,,,,,,-2.25,1250,6.38 L,65000,-93.77
NBCC,,,,,,,,,,,,,,,,,,,VOLUME_OI,VolumeAndOISpikesScans_25AUG26_Report_7_8_2026.xlsx,,95.68,,102323000,,,,,,,,,,,,,,,,,,,,,,,,,,,,,,,,,-0.83,,0.23,,,,,,,-0.8,234000,2.24 Cr,429000,-93.79
SBILIFE,,,,,,,,,,,,,,,,,,,VOLUME_OI,VolumeAndOISpikesScans_25AUG26_Report_7_8_2026.xlsx,,1865,,5620125,,,,,,,,,,,,,,,,,,,,,,,,,,,,,,,,,-0.62,,0.14,,,,,,,-11.6,7875,1.47 Cr,31500,-93.87
COALINDIA,,,,,,,,,,,,,,,,,,,VOLUME_OI,VolumeAndOISpikesScans_25AUG26_Report_7_8_2026.xlsx,,415.15,,74653650,,,,,,,,,,,,,,,,,,,,,,,,,,,,,,,,,0.11,,0.02,,,,,,,0.45,14850,61.65 L,144450,-93.9
ABB,,,,,,,,,,,,,,,,,,,VOLUME_OI,VolumeAndOISpikesScans_25AUG26_Report_7_8_2026.xlsx,,7622,,2117500,,,,,,,,,,,,,,,,,,,,,,,,,,,,,,,,,-0.49,,0,,,,,,,-37.5,0,-,13500,-93.91
APOLLOHOSP,,,,,,,,,,,,,,,,,,,VOLUME_OI,VolumeAndOISpikesScans_25AUG26_Report_7_8_2026.xlsx,,"8,969.5",,1982000,,,,,,,,,,,,,,,,,,,,,,,,,,,,,,,,,0.04,,0.04,,,,,,,4,875,78.48 L,15750,-93.93
IREDA,,,,,,,,,,,,,,,,,,,VOLUME_OI,VolumeAndOISpikesScans_25AUG26_Report_7_8_2026.xlsx,,117.84,,79988425,,,,,,,,,,,,,,,,,,,,,,,,,,,,,,,,,0.05,,0.16,,,,,,,0.06,131225,1.55 Cr,475125,-94.02
YESBANK,,,,,,,,,,,,,,,,,,,VOLUME_OI,VolumeAndOISpikesScans_25AUG26_Report_7_8_2026.xlsx,,22.78,,1153716700,,,,,,,,,,,,,,,,,,,,,,,,,,,,,,,,,-0.22,,0.06,,,,,,,-0.05,746400,1.70 Cr,3327700,-94.09
TIINDIA,,,,,,,,,,,,,,,,,,,VOLUME_OI,VolumeAndOISpikesScans_25AUG26_Report_7_8_2026.xlsx,,"2,774.4",,2295200,,,,,,,,,,,,,,,,,,,,,,,,,,,,,,,,,0.21,,0.03,,,,,,,5.7,800,22.20 L,9800,-94.11
JSWENERGY,,,,,,,,,,,,,,,,,,,VOLUME_OI,VolumeAndOISpikesScans_25AUG26_Report_7_8_2026.xlsx,,564.5,,24338000,,,,,,,,,,,,,,,,,,,,,,,,,,,,,,,,,-0.34,,0.02,,,,,,,-1.9,4300,24.27 L,50525,-94.16
MARICO,,,,,,,,,,,,,,,,,,,VOLUME_OI,VolumeAndOISpikesScans_25AUG26_Report_7_8_2026.xlsx,,862.15,,18114000,,,,,,,,,,,,,,,,,,,,,,,,,,,,,,,,,-0.25,,0.17,,,,,,,-2.15,31200,2.69 Cr,128400,-94.16
BHARTIARTL,,,,,,,,,,,,,,,,,,,VOLUME_OI,VolumeAndOISpikesScans_25AUG26_Report_7_8_2026.xlsx,,"1,960.9",,52978650,,,,,,,,,,,,,,,,,,,,,,,,,,,,,,,,,0.15,,0,,,,,,,2.9,1425,27.94 L,147250,-94.18
IDFCFIRSTB,,,,,,,,,,,,,,,,,,,VOLUME_OI,VolumeAndOISpikesScans_25AUG26_Report_7_8_2026.xlsx,,84.87,,353748500,,,,,,,,,,,,,,,,,,,,,,,,,,,,,,,,,0.14,,0.12,,,,,,,0.12,408100,3.46 Cr,1465450,-94.2
RELIANCE,,,,,,,,,,,,,,,,,,,VOLUME_OI,VolumeAndOISpikesScans_25AUG26_Report_7_8_2026.xlsx,,1327,,109077000,,,,,,,,,,,,,,,,,,,,,,,,,,,,,,,,,-0.32,,-0.02,,,,,,,-4.2,-24500,-3.25 Cr,1774000,-94.23
MANAPPURAM,,,,,,,,,,,,,,,,,,,VOLUME_OI,VolumeAndOISpikesScans_25AUG26_Report_7_8_2026.xlsx,,361.8,,65547000,,,,,,,,,,,,,,,,,,,,,,,,,,,,,,,,,-1,,0.01,,,,,,,-3.65,6000,21.71 L,654000,-94.27
BOSCHLTD,,,,,,,,,,,,,,,,,,,VOLUME_OI,VolumeAndOISpikesScans_25AUG26_Report_7_8_2026.xlsx,,42365,,211125,,,,,,,,,,,,,,,,,,,,,,,,,,,,,,,,,0.06,,0.01,,,,,,,25,25,10.59 L,2475,-94.3
TATASTEEL,,,,,,,,,,,,,,,,,,,VOLUME_OI,VolumeAndOISpikesScans_25AUG26_Report_7_8_2026.xlsx,,190,,179492500,,,,,,,,,,,,,,,,,,,,,,,,,,,,,,,,,-0.28,,0.04,,,,,,,-0.54,77000,1.46 Cr,979000,-94.32
PHOENIXLTD,,,,,,,,,,,,,,,,,,,VOLUME_OI,VolumeAndOISpikesScans_25AUG26_Report_7_8_2026.xlsx,,1917,,3650850,,,,,,,,,,,,,,,,,,,,,,,,,,,,,,,,,-0.35,,-0.02,,,,,,,-6.7,-700,-13.42 L,14350,-94.34
ITC,,,,,,,,,,,,,,,,,,,VOLUME_OI,VolumeAndOISpikesScans_25AUG26_Report_7_8_2026.xlsx,,286.15,,155965875,,,,,,,,,,,,,,,,,,,,,,,,,,,,,,,,,-0.09,,0.01,,,,,,,-0.25,13800,39.49 L,250125,-94.37
DIVISLAB,,,,,,,,,,,,,,,,,,,VOLUME_OI,VolumeAndOISpikesScans_25AUG26_Report_7_8_2026.xlsx,,"8,336.5",,3389700,,,,,,,,,,,,,,,,,,,,,,,,,,,,,,,,,0.36,,-0.02,,,,,,,29.5,-700,-58.36 L,28600,-94.38
IEX,,,,,,,,,,,,,,,,,,,VOLUME_OI,VolumeAndOISpikesScans_25AUG26_Report_7_8_2026.xlsx,,128.38,,73371450,,,,,,,,,,,,,,,,,,,,,,,,,,,,,,,,,-0.39,,0.05,,,,,,,-0.5,39150,50.26 L,182700,-94.4
MAXHEALTH,,,,,,,,,,,,,,,,,,,VOLUME_OI,VolumeAndOISpikesScans_25AUG26_Report_7_8_2026.xlsx,,1077,,10187100,,,,,,,,,,,,,,,,,,,,,,,,,,,,,,,,,-0.08,,0.22,,,,,,,-0.9,22575,2.43 Cr,89250,-94.42
CANBK,,,,,,,,,,,,,,,,,,,VOLUME_OI,VolumeAndOISpikesScans_25AUG26_Report_7_8_2026.xlsx,,131.6,,380713500,,,,,,,,,,,,,,,,,,,,,,,,,,,,,,,,,-0.3,,-0.01,,,,,,,-0.4,-20250,-26.65 L,2200500,-94.48
UNIONBANK,,,,,,,,,,,,,,,,,,,VOLUME_OI,VolumeAndOISpikesScans_25AUG26_Report_7_8_2026.xlsx,,181.3,,115541175,,,,,,,,,,,,,,,,,,,,,,,,,,,,,,,,,-0.23,,0.37,,,,,,,-0.42,424800,7.70 Cr,1300950,-94.5
SOLARINDS,,,,,,,,,,,,,,,,,,,VOLUME_OI,VolumeAndOISpikesScans_25AUG26_Report_7_8_2026.xlsx,,18550,,768250,,,,,,,,,,,,,,,,,,,,,,,,,,,,,,,,,-0.71,,0.12,,,,,,,-132,950,1.76 Cr,5350,-94.6
ICICIPRULI,,,,,,,,,,,,,,,,,,,VOLUME_OI,VolumeAndOISpikesScans_25AUG26_Report_7_8_2026.xlsx,,505.85,,17625875,,,,,,,,,,,,,,,,,,,,,,,,,,,,,,,,,-0.36,,0.33,,,,,,,-1.85,58275,2.95 Cr,135975,-94.7
ADANIPOWER,,,,,,,,,,,,,,,,,,,VOLUME_OI,VolumeAndOISpikesScans_25AUG26_Report_7_8_2026.xlsx,,209.8,,158436500,,,,,,,,,,,,,,,,,,,,,,,,,,,,,,,,,-0.15,,0.1,,,,,,,-0.31,159750,3.35 Cr,802300,-94.72
SWIGGY,,,,,,,,,,,,,,,,,,,VOLUME_OI,VolumeAndOISpikesScans_25AUG26_Report_7_8_2026.xlsx,,284.7,,71145800,,,,,,,,,,,,,,,,,,,,,,,,,,,,,,,,,-0.44,,1.96,,,,,,,-1.25,1365100,38.86 Cr,2255700,-94.72
NHPC,,,,,,,,,,,,,,,,,,,VOLUME_OI,VolumeAndOISpikesScans_25AUG26_Report_7_8_2026.xlsx,,76.91,,125412750,,,,,,,,,,,,,,,,,,,,,,,,,,,,,,,,,-0.58,,0.41,,,,,,,-0.45,507350,3.90 Cr,896550,-94.75
LODHA,,,,,,,,,,,,,,,,,,,VOLUME_OI,VolumeAndOISpikesScans_25AUG26_Report_7_8_2026.xlsx,,"1,219.7",,11482500,,,,,,,,,,,,,,,,,,,,,,,,,,,,,,,,,-0.16,,0.13,,,,,,,-1.9,14375,1.75 Cr,83125,-94.83
PETRONET,,,,,,,,,,,,,,,,,,,VOLUME_OI,VolumeAndOISpikesScans_25AUG26_Report_7_8_2026.xlsx,,280.35,,31954200,,,,,,,,,,,,,,,,,,,,,,,,,,,,,,,,,0.47,,-0.01,,,,,,,1.3,-3800,-10.65 L,55100,-94.85
BAJAJ-AUTO,,,,,,,,,,,,,,,,,,,VOLUME_OI,VolumeAndOISpikesScans_25AUG26_Report_7_8_2026.xlsx,,11657,,1841925,,,,,,,,,,,,,,,,,,,,,,,,,,,,,,,,,0.05,,-0.03,,,,,,,6,-525,-61.20 L,10275,-94.87
CUMMINSIND,,,,,,,,,,,,,,,,,,,VOLUME_OI,VolumeAndOISpikesScans_25AUG26_Report_7_8_2026.xlsx,,5404,,4470600,,,,,,,,,,,,,,,,,,,,,,,,,,,,,,,,,-0.52,,0.59,,,,,,,-28,26200,14.16 Cr,149600,-94.95
LICI,,,,,,,,,,,,,,,,,,,VOLUME_OI,VolumeAndOISpikesScans_25AUG26_Report_7_8_2026.xlsx,,397.6,,51674000,,,,,,,,,,,,,,,,,,,,,,,,,,,,,,,,,1.51,,-0.31,,,,,,,5.9,-161000,-6.40 Cr,502600,-95.09
FEDERALBNK,,,,,,,,,,,,,,,,,,,VOLUME_OI,VolumeAndOISpikesScans_25AUG26_Report_7_8_2026.xlsx,,351.8,,83985000,,,,,,,,,,,,,,,,,,,,,,,,,,,,,,,,,-0.28,,0.07,,,,,,,-1,55000,1.93 Cr,412500,-95.16
KPITTECH,,,,,,,,,,,,,,,,,,,VOLUME_OI,VolumeAndOISpikesScans_25AUG26_Report_7_8_2026.xlsx,,628.1,,12494550,,,,,,,,,,,,,,,,,,,,,,,,,,,,,,,,,1.1,,-0.21,,,,,,,6.85,-26350,-1.66 Cr,184450,-95.25
GRASIM,,,,,,,,,,,,,,,,,,,VOLUME_OI,VolumeAndOISpikesScans_25AUG26_Report_7_8_2026.xlsx,,"3,196.5",,11998750,,,,,,,,,,,,,,,,,,,,,,,,,,,,,,,,,-0.61,,0.02,,,,,,,-19.7,2750,87.90 L,24750,-95.26
DLF,,,,,,,,,,,,,,,,,,,VOLUME_OI,VolumeAndOISpikesScans_25AUG26_Report_7_8_2026.xlsx,,643,,48164050,,,,,,,,,,,,,,,,,,,,,,,,,,,,,,,,,-0.62,,0.26,,,,,,,-4,123500,7.94 Cr,282150,-95.27
ETERNAL,,,,,,,,,,,,,,,,,,,VOLUME_OI,VolumeAndOISpikesScans_25AUG26_Report_7_8_2026.xlsx,,315.3,,155590425,,,,,,,,,,,,,,,,,,,,,,,,,,,,,,,,,-0.68,,-0.08,,,,,,,-2.15,-118825,-3.75 Cr,1355575,-95.3
CGPOWER,,,,,,,,,,,,,,,,,,,VOLUME_OI,VolumeAndOISpikesScans_25AUG26_Report_7_8_2026.xlsx,,878.35,,19813500,,,,,,,,,,,,,,,,,,,,,,,,,,,,,,,,,0.07,,-0.04,,,,,,,0.6,-7650,-67.19 L,61200,-95.36
DMART,,,,,,,,,,,,,,,,,,,VOLUME_OI,VolumeAndOISpikesScans_25AUG26_Report_7_8_2026.xlsx,,"3,947.9",,5222700,,,,,,,,,,,,,,,,,,,,,,,,,,,,,,,,,-0.28,,0.01,,,,,,,-10.9,300,11.84 L,13500,-95.37
LT,,,,,,,,,,,,,,,,,,,VOLUME_OI,VolumeAndOISpikesScans_25AUG26_Report_7_8_2026.xlsx,,"4,064.7",,11036900,,,,,,,,,,,,,,,,,,,,,,,,,,,,,,,,,-0.17,,0.09,,,,,,,-6.9,10150,4.13 Cr,42000,-95.43
TORNTPHARM,,,,,,,,,,,,,,,,,,,VOLUME_OI,VolumeAndOISpikesScans_25AUG26_Report_7_8_2026.xlsx,,"5,004.5",,3717125,,,,,,,,,,,,,,,,,,,,,,,,,,,,,,,,,0.06,,0.12,,,,,,,3,4500,2.25 Cr,12625,-95.46
KEI,,,,,,,,,,,,,,,,,,,VOLUME_OI,VolumeAndOISpikesScans_25AUG26_Report_7_8_2026.xlsx,,"5,565.9",,1664075,,,,,,,,,,,,,,,,,,,,,,,,,,,,,,,,,-0.74,,-0.08,,,,,,,-41.6,-1400,-77.92 L,13650,-95.49
BANKBARODA,,,,,,,,,,,,,,,,,,,VOLUME_OI,VolumeAndOISpikesScans_25AUG26_Report_7_8_2026.xlsx,,249.97,,128223225,,,,,,,,,,,,,,,,,,,,,,,,,,,,,,,,,-0.37,,0.07,,,,,,,-0.92,93600,2.34 Cr,672750,-95.55
COCHINSHIP,,,,,,,,,,,,,,,,,,,VOLUME_OI,VolumeAndOISpikesScans_25AUG26_Report_7_8_2026.xlsx,,1491,,5278400,,,,,,,,,,,,,,,,,,,,,,,,,,,,,,,,,-0.74,,0.44,,,,,,,-11.1,23200,3.46 Cr,128000,-95.55
BDL,,,,,,,,,,,,,,,,,,,VOLUME_OI,VolumeAndOISpikesScans_25AUG26_Report_7_8_2026.xlsx,,"1,301.1",,6737950,,,,,,,,,,,,,,,,,,,,,,,,,,,,,,,,,-0.51,,0.46,,,,,,,-6.7,30600,3.98 Cr,114750,-95.59
MAZDOCK,,,,,,,,,,,,,,,,,,,VOLUME_OI,VolumeAndOISpikesScans_25AUG26_Report_7_8_2026.xlsx,,"2,524.4",,5008050,,,,,,,,,,,,,,,,,,,,,,,,,,,,,,,,,-0.73,,0.07,,,,,,,-18.6,3375,85.20 L,122850,-95.67
NMDC,,,,,,,,,,,,,,,,,,,VOLUME_OI,VolumeAndOISpikesScans_25AUG26_Report_7_8_2026.xlsx,,85.25,,348192000,,,,,,,,,,,,,,,,,,,,,,,,,,,,,,,,,-1.02,,0.03,,,,,,,-0.88,114750,97.82 L,1255500,-95.71
HYUNDAI,,,,,,,,,,,,,,,,,,,VOLUME_OI,VolumeAndOISpikesScans_25AUG26_Report_7_8_2026.xlsx,,"2,199.6",,3704525,,,,,,,,,,,,,,,,,,,,,,,,,,,,,,,,,-0.25,,0.1,,,,,,,-5.5,3575,78.64 L,26675,-95.88
GODFRYPHLP,,,,,,,,,,,,,,,,,,,VOLUME_OI,VolumeAndOISpikesScans_25AUG26_Report_7_8_2026.xlsx,,"2,265.3",,1778700,,,,,,,,,,,,,,,,,,,,,,,,,,,,,,,,,-0.33,,0.09,,,,,,,-7.5,1650,37.38 L,8525,-95.89
HINDUNILVR,,,,,,,,,,,,,,,,,,,VOLUME_OI,VolumeAndOISpikesScans_25AUG26_Report_7_8_2026.xlsx,,2091,,14717100,,,,,,,,,,,,,,,,,,,,,,,,,,,,,,,,,-0.18,,0.04,,,,,,,-3.8,6300,1.32 Cr,39900,-96.0
HAL,,,,,,,,,,,,,,,,,,,VOLUME_OI,VolumeAndOISpikesScans_25AUG26_Report_7_8_2026.xlsx,,"4,942.1",,5618700,,,,,,,,,,,,,,,,,,,,,,,,,,,,,,,,,-0.29,,-0.23,,,,,,,-14.3,-13050,-6.45 Cr,124500,-96.01
AUROPHARMA,,,,,,,,,,,,,,,,,,,VOLUME_OI,VolumeAndOISpikesScans_25AUG26_Report_7_8_2026.xlsx,,"1,594.8",,10766250,,,,,,,,,,,,,,,,,,,,,,,,,,,,,,,,,0.15,,0.26,,,,,,,2.4,27500,4.39 Cr,74800,-96.05
ICICIBANK,,,,,,,,,,,,,,,,,,,VOLUME_OI,VolumeAndOISpikesScans_25AUG26_Report_7_8_2026.xlsx,,"1,456.5",,98986300,,,,,,,,,,,,,,,,,,,,,,,,,,,,,,,,,-0.31,,0.04,,,,,,,-4.6,38500,5.61 Cr,357700,-96.21
PAYTM,,,,,,,,,,,,,,,,,,,VOLUME_OI,VolumeAndOISpikesScans_25AUG26_Report_7_8_2026.xlsx,,"1,448.3",,20083225,,,,,,,,,,,,,,,,,,,,,,,,,,,,,,,,,-0.37,,0.07,,,,,,,-5.4,13050,1.89 Cr,232725,-96.23
TVSMOTOR,,,,,,,,,,,,,,,,,,,VOLUME_OI,VolumeAndOISpikesScans_25AUG26_Report_7_8_2026.xlsx,,"4,403.8",,8240925,,,,,,,,,,,,,,,,,,,,,,,,,,,,,,,,,0.11,,0.01,,,,,,,5,1050,46.24 L,32375,-96.23
AUBANK,,,,,,,,,,,,,,,,,,,VOLUME_OI,VolumeAndOISpikesScans_25AUG26_Report_7_8_2026.xlsx,,"1,083.5",,21743000,,,,,,,,,,,,,,,,,,,,,,,,,,,,,,,,,-0.44,,-0.02,,,,,,,-4.8,-4000,-43.34 L,225000,-96.36
RBLBANK,,,,,,,,,,,,,,,,,,,VOLUME_OI,VolumeAndOISpikesScans_25AUG26_Report_7_8_2026.xlsx,,387.5,,42119550,,,,,,,,,,,,,,,,,,,,,,,,,,,,,,,,,-0.64,,0.13,,,,,,,-2.5,53975,2.09 Cr,174625,-96.39
GVT&D,,,,,,,,,,,,,,,,,,,VOLUME_OI,VolumeAndOISpikesScans_25AUG26_Report_7_8_2026.xlsx,,"4,367.8",,2546875,,,,,,,,,,,,,,,,,,,,,,,,,,,,,,,,,-0.87,,0.84,,,,,,,-38.5,21125,9.23 Cr,60375,-96.42
KOTAKBANK,,,,,,,,,,,,,,,,,,,VOLUME_OI,VolumeAndOISpikesScans_25AUG26_Report_7_8_2026.xlsx,,394,,169118000,,,,,,,,,,,,,,,,,,,,,,,,,,,,,,,,,-0.42,,-0.03,,,,,,,-1.65,-54000,-2.13 Cr,350000,-96.43
VEDL,,,,,,,,,,,,,,,,,,,VOLUME_OI,VolumeAndOISpikesScans_25AUG26_Report_7_8_2026.xlsx,,274.25,,58807550,,,,,,,,,,,,,,,,,,,,,,,,,,,,,,,,,-0.87,,0.25,,,,,,,-2.4,148350,4.07 Cr,380650,-96.46
SRF,,,,,,,,,,,,,,,,,,,VOLUME_OI,VolumeAndOISpikesScans_25AUG26_Report_7_8_2026.xlsx,,"2,640.1",,4672400,,,,,,,,,,,,,,,,,,,,,,,,,,,,,,,,,0.03,,0.09,,,,,,,0.8,4000,1.06 Cr,15400,-96.5
HINDZINC,,,,,,,,,,,,,,,,,,,VOLUME_OI,VolumeAndOISpikesScans_25AUG26_Report_7_8_2026.xlsx,,592.5,,29498000,,,,,,,,,,,,,,,,,,,,,,,,,,,,,,,,,-0.26,,0.34,,,,,,,-1.55,100450,5.95 Cr,324625,-96.8
APLAPOLLO,,,,,,,,,,,,,,,,,,,VOLUME_OI,VolumeAndOISpikesScans_25AUG26_Report_7_8_2026.xlsx,,1968,,5642700,,,,,,,,,,,,,,,,,,,,,,,,,,,,,,,,,0.17,,0.24,,,,,,,3.4,13300,2.62 Cr,45500,-96.86
INDUSTOWER,,,,,,,,,,,,,,,,,,,VOLUME_OI,VolumeAndOISpikesScans_25AUG26_Report_7_8_2026.xlsx,,385,,87220200,,,,,,,,,,,,,,,,,,,,,,,,,,,,,,,,,-0.47,,0.1,,,,,,,-1.8,83300,3.21 Cr,195500,-96.93
INDUSINDBK,,,,,,,,,,,,,,,,,,,VOLUME_OI,VolumeAndOISpikesScans_25AUG26_Report_7_8_2026.xlsx,,1011,,33163200,,,,,,,,,,,,,,,,,,,,,,,,,,,,,,,,,-0.43,,0.01,,,,,,,-4.4,2100,21.23 L,64400,-97.03
SUPREMEIND,,,,,,,,,,,,,,,,,,,VOLUME_OI,VolumeAndOISpikesScans_25AUG26_Report_7_8_2026.xlsx,,"3,468.1",,2288475,,,,,,,,,,,,,,,,,,,,,,,,,,,,,,,,,-0.17,,0.04,,,,,,,-6,875,30.35 L,5950,-97.09
VMM,,,,,,,,,,,,,,,,,,,VOLUME_OI,VolumeAndOISpikesScans_25AUG26_Report_7_8_2026.xlsx,,109.6,,47166250,,,,,,,,,,,,,,,,,,,,,,,,,,,,,,,,,-0.31,,0,,,,,,,-0.34,0,-,67900,-97.24
ICICIGI,,,,,,,,,,,,,,,,,,,VOLUME_OI,VolumeAndOISpikesScans_25AUG26_Report_7_8_2026.xlsx,,"1,648.5",,5301400,,,,,,,,,,,,,,,,,,,,,,,,,,,,,,,,,-0.33,,0.18,,,,,,,-5.5,9750,1.61 Cr,32825,-97.26
JUBLFOOD,,,,,,,,,,,,,,,,,,,VOLUME_OI,VolumeAndOISpikesScans_25AUG26_Report_7_8_2026.xlsx,,473.45,,18780000,,,,,,,,,,,,,,,,,,,,,,,,,,,,,,,,,0.69,,0.19,,,,,,,3.25,36250,1.72 Cr,150000,-97.39
VBL,,,,,,,,,,,,,,,,,,,VOLUME_OI,VolumeAndOISpikesScans_25AUG26_Report_7_8_2026.xlsx,,447.45,,54350700,,,,,,,,,,,,,,,,,,,,,,,,,,,,,,,,,0.27,,0.06,,,,,,,1.2,30600,1.37 Cr,136425,-97.4
JSWSTEEL,,,,,,,,,,,,,,,,,,,VOLUME_OI,VolumeAndOISpikesScans_25AUG26_Report_7_8_2026.xlsx,,"1,308.7",,39975525,,,,,,,,,,,,,,,,,,,,,,,,,,,,,,,,,-0.37,,0,,,,,,,-4.8,-1350,-17.67 L,68850,-97.52
HAVELLS,,,,,,,,,,,,,,,,,,,VOLUME_OI,VolumeAndOISpikesScans_25AUG26_Report_7_8_2026.xlsx,,"1,290.7",,8547500,,,,,,,,,,,,,,,,,,,,,,,,,,,,,,,,,-0.07,,-0.02,,,,,,,-0.9,-2000,-25.81 L,20500,-97.62
POWERGRID,,,,,,,,,,,,,,,,,,,VOLUME_OI,VolumeAndOISpikesScans_25AUG26_Report_7_8_2026.xlsx,,270.15,,54015100,,,,,,,,,,,,,,,,,,,,,,,,,,,,,,,,,0.2,,0.22,,,,,,,0.55,117800,3.18 Cr,503500,-97.67
PIDILITIND,,,,,,,,,,,,,,,,,,,VOLUME_OI,VolumeAndOISpikesScans_25AUG26_Report_7_8_2026.xlsx,,"1,673.7",,6767000,,,,,,,,,,,,,,,,,,,,,,,,,,,,,,,,,-0.02,,0.1,,,,,,,-0.3,6500,1.09 Cr,41500,-97.77
POLICYBZR,,,,,,,,,,,,,,,,,,,VOLUME_OI,VolumeAndOISpikesScans_25AUG26_Report_7_8_2026.xlsx,,1590,,9191350,,,,,,,,,,,,,,,,,,,,,,,,,,,,,,,,,-0.8,,0.12,,,,,,,-12.8,11200,1.78 Cr,51450,-98.44
BANDHANBNK,,,,,,,,,,,,,,,,,,,VOLUME_OI,VolumeAndOISpikesScans_25AUG26_Report_7_8_2026.xlsx,,173.06,,135709200,,,,,,,,,,,,,,,,,,,,,,,,,,,,,,,,,-1.14,,-0.11,,,,,,,-2,-144000,-2.49 Cr,190800,-98.62
SAIL,,,,,,,,,,,,,,,,,,,VOLUME_OI,VolumeAndOISpikesScans_25AUG26_Report_7_8_2026.xlsx,,176.53,,179977100,,,,,,,,,,,,,,,,,,,,,,,,,,,,,,,,,-0.64,,0.01,,,,,,,-1.13,23500,41.48 L,272600,-99.04
BANKEX,,,,,,,,,,,,,,,,,,,VOLUME_OI,VolumeAndOISpikesScans_25AUG26_Report_7_8_2026.xlsx,,-,,-,,,,,,,,,,,,,,,,,,,,,,,,,,,,,,,,,-,,-,,,,,,,-,-,-,-,
FOCIT,,,,,,,,,,,,,,,,,,,VOLUME_OI,VolumeAndOISpikesScans_25AUG26_Report_7_8_2026.xlsx,,-,,-,,,,,,,,,,,,,,,,,,,,,,,,,,,,,,,,,-,,-,,,,,,,-,-,-,-,
