Symbol,ATM Straddle %,Open,High,Low,Close,Price Chg,Price Chg %,IV Chg,IV Chg %,OI Chg,OI Chg %,PCR Chg,PCR Chg %,Tot CE OI Chg,Tot CE OI Chg %,Tot PE OI Chg,Tot PE OI Chg %,Tot PE-CE OI Chg,Report_Type,Source_File,Exported data,Unnamed: 1,Unnamed: 2,Unnamed: 3,Unnamed: 4,Unnamed: 5,Unnamed: 6,Unnamed: 7,Unnamed: 8,Unnamed: 9,Unnamed: 10,Unnamed: 11,Unnamed: 12,Unnamed: 13,Unnamed: 14,Unnamed: 15,Unnamed: 16,Price,Price Chg%,Fut OI,Fut OI Chg,Fut OI Chg %,PCR,Strike,Call OI,Call OI Chg,Put OI,Put OI Chg,Dist. From Strike %,Fut Buildup,Sector Name,Adv/ Dec/ Unchg,Price chg (%),Volume chg (%),OI chg (%),Rollover (%),Buildup,Tol CE OI Chg,Tol PE OI Chg,Tol PE-CE OI Chg,Tol PE-CE OI Chg %,Price chg,OI,OI chg,OI Chg (Value),Volume,Volume Chg (%)
FOCIT,6.88,36573.0,36600.0,36573.0,36592.0,973.0,2.73,11.93,90.86,-3.0,-17.65,0.91,85.05,-40.0,-41.67,8.0,7.77,48.0,PRICE_OI,Daywise_Price_and_OI_Summary_25AUG26_Report_2026-07-28.xlsx,,,,,,,,,,,,,,,,,,,,,,,,,,,,,,,,,,,,,,,,,,,,,,,
TATAELXSI,7.58,3579.0,3630.9,3579.0,3627.9,64.5,1.81,1.31,4.0,-195.0,-0.9,0.01,1.59,63.0,0.85,71.0,1.52,8.0,PRICE_OI,Daywise_Price_and_OI_Summary_25AUG26_Report_2026-07-28.xlsx,,,,,,,,,,,,,,,,,,,,,,,,,,,,,,,,,,,,,,,,,,,,,,,
,,,,,,,,,,,,,,,,,,,IVR_IVP,IVR-IVP_25AUG26_Report_2026-07-28.xlsx,Symbol,Price,Price Chg,Price Chg (%),Total OI,Total OI Chg,Total OI Chg (%),PCR,IV,IV Chg (%),IV Range (1Yr),HV (10/20/30 Days),IVR,IVP,IV/HV10 %,IV/HV20 %,IV/HV30 %,,,,,,,,,,,,,,,,,,,,,,,,,,,,,,
,,,,,,,,,,,,,,,,,,,IVR_IVP,IVR-IVP_25AUG26_Report_2026-07-28.xlsx,360ONE,1132.3,-4.3,-0.38,3782000,8500,0.23,0.31,32.47,0.9,12.77 - 60.46,36.54 / 41.48 / 36.93,42.31,69.92,-11.14,-21.72,-12.08,,,,,,,,,,,,,,,,,,,,,,,,,,,,,,
,,,,,,,,,,,,,,,,,,,IVR_IVP,IVR-IVP_25AUG26_Report_2026-07-28.xlsx,ABB,7234.5,-101,-1.38,1944250,31875,1.67,0.68,35.58,0.42,12.82 - 55.54,52.01 / 42.29 / 38.24,53.35,89.02,-31.59,-15.87,-6.96,,,,,,,,,,,,,,,,,,,,,,,,,,,,,,
,,,,,,,,,,,,,,,,,,,IVR_IVP,IVR-IVP_25AUG26_Report_2026-07-28.xlsx,ABCAPITAL,394.45,-7.8,-1.94,30975200,378200,1.24,0.95,33.76,0.63,17.61 - 49.88,30.12 / 37.97 / 38.53,50.57,74.8,12.08,-11.09,-12.38,,,,,,,,,,,,,,,,,,,,,,,,,,,,,,
,,,,,,,,,,,,,,,,,,,IVR_IVP,IVR-IVP_25AUG26_Report_2026-07-28.xlsx,ADANIENSOL,1678.8,-32.1,-1.88,17415000,290925,1.7,0.52,37.67,0.53,15.92 - 70.07,28.21 / 29.90 / 30.03,40.87,57.72,33.53,25.99,25.44,,,,,,,,,,,,,,,,,,,,,,,,,,,,,,
,,,,,,,,,,,,,,,,,,,IVR_IVP,IVR-IVP_25AUG26_Report_2026-07-28.xlsx,ADANIENT,3024.1,-34.8,-1.14,14533197,208266,1.45,0.65,35.61,0.76,13.70 - 64.83,29.17 / 35.22 / 35.60,42.85,71.95,22.08,1.11,0.03,,,,,,,,,,,,,,,,,,,,,,,,,,,,,,
,,,,,,,,,,,,,,,,,,,IVR_IVP,IVR-IVP_25AUG26_Report_2026-07-28.xlsx,ADANIGREEN,1390,-18.3,-1.3,22534200,406800,1.84,0.49,40.49,-0.17,15.79 - 97.29,57.49 / 47.40 / 42.99,30.13,54.47,-29.57,-14.58,-5.82,,,,,,,,,,,,,,,,,,,,,,,,,,,,,,
,,,,,,,,,,,,,,,,,,,IVR_IVP,IVR-IVP_25AUG26_Report_2026-07-28.xlsx,ADANIPORTS,1778,-4.4,-0.25,17331800,141550,0.82,0.73,27.61,0.58,12.26 - 48.61,18.20 / 24.94 / 23.74,42.23,73.17,51.7,10.71,16.3,,,,,,,,,,,,,,,,,,,,,,,,,,,,,,
,,,,,,,,,,,,,,,,,,,IVR_IVP,IVR-IVP_25AUG26_Report_2026-07-28.xlsx,ADANIPOWER,211.35,-3.96,-1.84,129344250,2161950,1.7,0.74,36.6,1.89,22.32 - 78.01,45.59 / 34.24 / 33.69,25.5,6.33,-19.72,6.89,8.64,,,,,,,,,,,,,,,,,,,,,,,,,,,,,,
,,,,,,,,,,,,,,,,,,,IVR_IVP,IVR-IVP_25AUG26_Report_2026-07-28.xlsx,ALKEM,5632,1,0.02,1330375,6375,0.48,0.33,29.63,6.2,13.41 - 40.78,24.66 / 24.88 / 20.50,58.6,86.18,20.15,19.09,44.54,,,,,,,,,,,,,,,,,,,,,,,,,,,,,,
,,,,,,,,,,,,,,,,,,,IVR_IVP,IVR-IVP_25AUG26_Report_2026-07-28.xlsx,AMBER,7270,-38.5,-0.53,1106300,11700,1.07,0.91,37.25,1.75,16.81 - 64.03,33.01 / 33.14 / 34.11,43.07,67.07,12.84,12.4,9.21,,,,,,,,,,,,,,,,,,,,,,,,,,,,,,
,,,,,,,,,,,,,,,,,,,IVR_IVP,IVR-IVP_25AUG26_Report_2026-07-28.xlsx,AMBUJACEM,433.3,-0.55,-0.13,69363600,331200,0.48,0.95,29.38,1.91,15.18 - 45.11,23.71 / 31.76 / 31.07,47.18,72.76,23.91,-7.49,-5.44,,,,,,,,,,,,,,,,,,,,,,,,,,,,,,
,,,,,,,,,,,,,,,,,,,IVR_IVP,IVR-IVP_25AUG26_Report_2026-07-28.xlsx,ANGELONE,305.05,-1.55,-0.51,22585000,220000,0.98,0.54,36.56,0.97,17.39 - 57.96,33.12 / 38.95 / 37.95,47.25,39.84,10.39,-6.14,-3.66,,,,,,,,,,,,,,,,,,,,,,,,,,,,,,
,,,,,,,,,,,,,,,,,,,IVR_IVP,IVR-IVP_25AUG26_Report_2026-07-28.xlsx,APLAPOLLO,1850.5,-7.5,-0.4,3901800,44450,1.15,0.8,29.14,6.86,8.20 - 40.75,19.33 / 19.80 / 18.82,64.33,81.3,50.75,47.17,54.84,,,,,,,,,,,,,,,,,,,,,,,,,,,,,,
,,,,,,,,,,,,,,,,,,,IVR_IVP,IVR-IVP_25AUG26_Report_2026-07-28.xlsx,APOLLOHOSP,8891.5,0.5,0.01,1877250,9000,0.48,0.74,21.28,-0.7,9.79 - 47.61,14.01 / 16.41 / 14.84,30.38,68.29,51.89,29.68,43.4,,,,,,,,,,,,,,,,,,,,,,,,,,,,,,
,,,,,,,,,,,,,,,,,,,IVR_IVP,IVR-IVP_25AUG26_Report_2026-07-28.xlsx,ASHOKLEY,155.82,-0.32,-0.2,126355000,1185000,0.95,0.98,33.67,0.36,14.12 - 47.87,26.59 / 33.58 / 37.15,58.37,67.07,26.63,0.27,-9.37,,,,,,,,,,,,,,,,,,,,,,,,,,,,,,
,,,,,,,,,,,,,,,,,,,IVR_IVP,IVR-IVP_25AUG26_Report_2026-07-28.xlsx,ASIANPAINT,2740.8,15.1,0.55,7051250,41500,0.59,0.73,27.3,1.15,8.53 - 37.24,20.99 / 24.07 / 21.73,66.74,89.43,30.06,13.42,25.63,,,,,,,,,,,,,,,,,,,,,,,,,,,,,,
,,,,,,,,,,,,,,,,,,,IVR_IVP,IVR-IVP_25AUG26_Report_2026-07-28.xlsx,ASTRAL,1425.5,-4.8,-0.34,7067750,-5525,-0.08,0.95,31.8,-5.13,13.79 - 52.12,26.76 / 30.38 / 42.15,46.99,78.86,18.83,4.67,-24.56,,,,,,,,,,,,,,,,,,,,,,,,,,,,,,
,,,,,,,,,,,,,,,,,,,IVR_IVP,IVR-IVP_25AUG26_Report_2026-07-28.xlsx,AUBANK,1053.7,-1.9,-0.18,21681000,48000,0.22,0.88,25.37,-1.28,16.29 - 74.08,46.71 / 36.90 / 36.51,15.92,39.43,-45.69,-31.25,-30.51,,,,,,,,,,,,,,,,,,,,,,,,,,,,,,
,,,,,,,,,,,,,,,,,,,IVR_IVP,IVR-IVP_25AUG26_Report_2026-07-28.xlsx,AUROPHARMA,1557.3,-1.2,-0.08,9163550,88550,0.98,0.88,27.97,1.64,16.22 - 48.20,25.61 / 31.06 / 35.44,36.43,58.94,9.22,-9.95,-21.08,,,,,,,,,,,,,,,,,,,,,,,,,,,,,,
,,,,,,,,,,,,,,,,,,,IVR_IVP,IVR-IVP_25AUG26_Report_2026-07-28.xlsx,AXISBANK,1232.5,-3.2,-0.26,72438750,368125,0.51,0.66,21.09,1.1,12.00 - 40.40,35.96 / 30.58 / 26.96,31.65,62.2,-41.35,-31.03,-21.77,,,,,,,,,,,,,,,,,,,,,,,,,,,,,,
,,,,,,,,,,,,,,,,,,,IVR_IVP,IVR-IVP_25AUG26_Report_2026-07-28.xlsx,BAJAJ-AUTO,11260,-2,-0.02,1909950,10200,0.54,1.54,22.37,-0.27,13.51 - 35.33,42.86 / 32.47 / 32.22,40.42,50,-47.81,-31.11,-30.57,,,,,,,,,,,,,,,,,,,,,,,,,,,,,,
,,,,,,,,,,,,,,,,,,,IVR_IVP,IVR-IVP_25AUG26_Report_2026-07-28.xlsx,BAJAJFINSV,1923,-1.4,-0.07,8486100,36000,0.43,0.82,26.56,-3.52,12.73 - 35.42,26.39 / 28.38 / 28.08,62.32,88.21,0.64,-6.41,-5.41,,,,,,,,,,,,,,,,,,,,,,,,,,,,,,
,,,,,,,,,,,,,,,,,,,IVR_IVP,IVR-IVP_25AUG26_Report_2026-07-28.xlsx,BAJAJHLDNG,10827,-37,-0.34,314025,525,0.17,0.5,30.73,6.52,21.22 - 61.59,25.65 / 31.37 / 29.34,23.56,53.57,19.81,-2.04,4.74,,,,,,,,,,,,,,,,,,,,,,,,,,,,,,
,,,,,,,,,,,,,,,,,,,IVR_IVP,IVR-IVP_25AUG26_Report_2026-07-28.xlsx,BAJFINANCE,1052.5,-0.7,-0.07,62058750,271500,0.44,0.83,28.88,-0.86,16.72 - 42.85,37.08 / 32.46 / 30.13,46.84,74.8,-22.11,-11.03,-4.15,,,,,,,,,,,,,,,,,,,,,,,,,,,,,,
,,,,,,,,,,,,,,,,,,,IVR_IVP,IVR-IVP_25AUG26_Report_2026-07-28.xlsx,BANDHANBNK,166.64,-1.99,-1.18,116269200,838800,0.73,0.51,38.26,-2.07,12.67 - 79.07,108.94 / 87.09 / 75.52,38.43,69.92,-64.88,-56.07,-49.34,,,,,,,,,,,,,,,,,,,,,,,,,,,,,,
,,,,,,,,,,,,,,,,,,,IVR_IVP,IVR-IVP_25AUG26_Report_2026-07-28.xlsx,BANKBARODA,241.5,-4.2,-1.71,116388675,742950,0.64,0.99,27.66,1.99,13.00 - 48.13,32.35 / 36.16 / 34.28,42.5,66.26,-14.5,-23.51,-19.31,,,,,,,,,,,,,,,,,,,,,,,,,,,,,,
,,,,,,,,,,,,,,,,,,,IVR_IVP,IVR-IVP_25AUG26_Report_2026-07-28.xlsx,BANKINDIA,137.35,-1.18,-0.85,85066800,889200,1.06,0.82,33.32,4.88,14.29 - 59.98,37.77 / 46.52 / 38.53,41.34,59.76,-11.78,-28.37,-13.52,,,,,,,,,,,,,,,,,,,,,,,,,,,,,,
,,,,,,,,,,,,,,,,,,,IVR_IVP,IVR-IVP_25AUG26_Report_2026-07-28.xlsx,BANKNIFTY,57125,-271.2,-0.47,1698150,27240,1.63,0.88,14.41,2.49,6.65 - 38.76,17.93 / 18.83 / 17.82,24.07,63.82,-19.63,-23.47,-19.14,,,,,,,,,,,,,,,,,,,,,,,,,,,,,,
,,,,,,,,,,,,,,,,,,,IVR_IVP,IVR-IVP_25AUG26_Report_2026-07-28.xlsx,BDL,1221.3,-3.4,-0.28,6596000,98600,1.52,0.85,41.13,4.31,17.11 - 53.54,20.54 / 31.00 / 40.14,65.93,79.27,100.24,32.68,2.47,,,,,,,,,,,,,,,,,,,,,,,,,,,,,,
,,,,,,,,,,,,,,,,,,,IVR_IVP,IVR-IVP_25AUG26_Report_2026-07-28.xlsx,BEL,393.85,-14.5,-3.55,83034750,4778025,6.11,0.66,27.97,-1.44,15.33 - 59.83,10.23 / 21.05 / 25.50,28.4,63.41,173.41,32.87,9.69,,,,,,,,,,,,,,,,,,,,,,,,,,,,,,
,,,,,,,,,,,,,,,,,,,IVR_IVP,IVR-IVP_25AUG26_Report_2026-07-28.xlsx,BHARATFORG,2171.3,-24.1,-1.1,7048500,39500,0.56,0.86,31.2,-2.13,16.12 - 46.76,30.75 / 27.00 / 29.78,50.52,69.92,1.46,15.56,4.77,,,,,,,,,,,,,,,,,,,,,,,,,,,,,,
,,,,,,,,,,,,,,,,,,,IVR_IVP,IVR-IVP_25AUG26_Report_2026-07-28.xlsx,BHARTIARTL,1910.5,-7,-0.37,55256275,172900,0.31,0.88,19.76,-0.15,8.38 - 28.10,21.55 / 22.66 / 21.85,57.81,75.2,-8.31,-12.8,-9.57,,,,,,,,,,,,,,,,,,,,,,,,,,,,,,
,,,,,,,,,,,,,,,,,,,IVR_IVP,IVR-IVP_25AUG26_Report_2026-07-28.xlsx,BHEL,408.5,-10.4,-2.48,72809625,716625,0.99,0.53,34.88,4.46,19.15 - 54.97,44.73 / 46.85 / 43.40,43.91,66.26,-22.02,-25.55,-19.63,,,,,,,,,,,,,,,,,,,,,,,,,,,,,,
,,,,,,,,,,,,,,,,,,,IVR_IVP,IVR-IVP_25AUG26_Report_2026-07-28.xlsx,BIOCON,437.85,-1.3,-0.3,42180000,335000,0.8,0.8,30.96,7.02,15.85 - 43.30,41.37 / 41.96 / 35.15,50.89,67.07,-25.16,-26.22,-11.92,,,,,,,,,,,,,,,,,,,,,,,,,,,,,,
,,,,,,,,,,,,,,,,,,,IVR_IVP,IVR-IVP_25AUG26_Report_2026-07-28.xlsx,BLUESTARCO,1626.1,-12.8,-0.78,3006900,5200,0.17,1.02,31.82,-7.2,13.03 - 50.57,31.11 / 33.69 / 33.56,50.05,63.01,2.28,-5.55,-5.18,,,,,,,,,,,,,,,,,,,,,,,,,,,,,,
,,,,,,,,,,,,,,,,,,,IVR_IVP,IVR-IVP_25AUG26_Report_2026-07-28.xlsx,BOSCHLTD,40960,-290,-0.7,191550,375,0.2,0.93,28.9,-2.69,10.01 - 46.12,19.81 / 20.77 / 19.06,52.31,73.17,45.89,39.14,51.63,,,,,,,,,,,,,,,,,,,,,,,,,,,,,,
,,,,,,,,,,,,,,,,,,,IVR_IVP,IVR-IVP_25AUG26_Report_2026-07-28.xlsx,BPCL,320.65,2.05,0.64,36326175,124425,0.34,0.83,27.82,1.02,15.82 - 56.01,22.68 / 26.09 / 30.63,29.88,47.97,22.66,6.63,-9.17,,,,,,,,,,,,,,,,,,,,,,,,,,,,,,
,,,,,,,,,,,,,,,,,,,IVR_IVP,IVR-IVP_25AUG26_Report_2026-07-28.xlsx,BRITANNIA,5377.5,52.5,0.99,1929875,-375,-0.02,0.94,25.4,2.75,12.58 - 34.32,20.00 / 22.91 / 21.66,58.97,81.3,27,10.87,17.27,,,,,,,,,,,,,,,,,,,,,,,,,,,,,,
,,,,,,,,,,,,,,,,,,,IVR_IVP,IVR-IVP_25AUG26_Report_2026-07-28.xlsx,BSE,3536.4,-24.2,-0.68,6452600,84400,1.33,0.88,37.32,2.58,19.55 - 61.04,24.25 / 28.95 / 29.63,42.11,41.87,53.9,28.91,25.95,,,,,,,,,,,,,,,,,,,,,,,,,,,,,,
,,,,,,,,,,,,,,,,,,,IVR_IVP,IVR-IVP_25AUG26_Report_2026-07-28.xlsx,CAMS,787.4,-0.8,-0.1,5708175,31350,0.55,0.68,33.13,-4.85,17.15 - 80.12,35.06 / 35.05 / 34.50,25.38,85.77,-5.5,-5.48,-3.97,,,,,,,,,,,,,,,,,,,,,,,,,,,,,,
,,,,,,,,,,,,,,,,,,,IVR_IVP,IVR-IVP_25AUG26_Report_2026-07-28.xlsx,CANBK,126.25,-2.08,-1.62,364945500,4137750,1.15,0.64,30.12,1.62,15.88 - 49.71,30.03 / 32.13 / 30.98,41.24,57.32,0.3,-6.26,-2.78,,,,,,,,,,,,,,,,,,,,,,,,,,,,,,
,,,,,,,,,,,,,,,,,,,IVR_IVP,IVR-IVP_25AUG26_Report_2026-07-28.xlsx,CDSL,1333.5,1.8,0.14,7837975,173850,2.27,0.9,32.69,1.74,18.00 - 52.52,22.70 / 40.86 / 40.44,42.56,69.11,44.01,-20,-19.16,,,,,,,,,,,,,,,,,,,,,,,,,,,,,,
,,,,,,,,,,,,,,,,,,,IVR_IVP,IVR-IVP_25AUG26_Report_2026-07-28.xlsx,CGPOWER,852.6,-30.5,-3.45,16947300,443700,2.69,0.55,33.47,6.09,16.26 - 49.94,29.99 / 42.92 / 40.89,50.42,65.04,11.6,-22.02,-18.15,,,,,,,,,,,,,,,,,,,,,,,,,,,,,,
,,,,,,,,,,,,,,,,,,,IVR_IVP,IVR-IVP_25AUG26_Report_2026-07-28.xlsx,CHOLAFIN,1798,-0.7,-0.04,11743125,230000,2,0.64,33.2,-1.1,15.00 - 65.38,34.13 / 35.44 / 37.49,36.13,78.46,-2.72,-6.32,-11.44,,,,,,,,,,,,,,,,,,,,,,,,,,,,,,
,,,,,,,,,,,,,,,,,,,IVR_IVP,IVR-IVP_25AUG26_Report_2026-07-28.xlsx,CIPLA,1446.5,32.7,2.31,9595225,53550,0.56,0.83,22.43,0.99,7.76 - 46.04,20.08 / 17.86 / 23.92,37.64,64.23,11.7,25.59,-6.23,,,,,,,,,,,,,,,,,,,,,,,,,,,,,,
,,,,,,,,,,,,,,,,,,,IVR_IVP,IVR-IVP_25AUG26_Report_2026-07-28.xlsx,COALINDIA,412,-13.85,-3.25,61412850,1680750,2.81,0.79,22.25,-5.04,9.08 - 45.52,7.47 / 11.62 / 15.90,35.13,61.38,197.86,91.48,39.94,,,,,,,,,,,,,,,,,,,,,,,,,,,,,,
,,,,,,,,,,,,,,,,,,,IVR_IVP,IVR-IVP_25AUG26_Report_2026-07-28.xlsx,COCHINSHIP,1400.1,-5,-0.36,5262000,14000,0.27,0.85,29.44,-0.98,15.66 - 61.29,25.96 / 38.23 / 38.32,30.64,17.72,13.41,-22.99,-23.17,,,,,,,,,,,,,,,,,,,,,,,,,,,,,,
,,,,,,,,,,,,,,,,,,,IVR_IVP,IVR-IVP_25AUG26_Report_2026-07-28.xlsx,COFORGE,1660.6,132.1,8.64,15181475,1164700,8.31,0.64,37.35,-10.82,14.76 - 100.42,33.87 / 52.74 / 46.72,27.39,62.6,10.27,-29.18,-20.06,,,,,,,,,,,,,,,,,,,,,,,,,,,,,,
,,,,,,,,,,,,,,,,,,,IVR_IVP,IVR-IVP_25AUG26_Report_2026-07-28.xlsx,COLPAL,2177.7,28.9,1.34,3825800,9625,0.25,0.63,32.43,16.15,14.77 - 49.18,30.17 / 32.26 / 30.81,51.32,95.93,7.49,0.53,5.26,,,,,,,,,,,,,,,,,,,,,,,,,,,,,,
,,,,,,,,,,,,,,,,,,,IVR_IVP,IVR-IVP_25AUG26_Report_2026-07-28.xlsx,CONCOR,520.75,8.9,1.74,18402500,168750,0.93,0.8,26.61,-1.3,14.61 - 80.26,60.75 / 50.71 / 42.26,18.57,60.98,-56.2,-47.53,-37.03,,,,,,,,,,,,,,,,,,,,,,,,,,,,,,
,,,,,,,,,,,,,,,,,,,IVR_IVP,IVR-IVP_25AUG26_Report_2026-07-28.xlsx,CROMPTON,250.8,-0.1,-0.04,49490850,290250,0.59,0.46,34.01,0.35,15.15 - 43.83,20.81 / 25.37 / 30.64,65.76,80.08,63.43,34.06,11,,,,,,,,,,,,,,,,,,,,,,,,,,,,,,
,,,,,,,,,,,,,,,,,,,IVR_IVP,IVR-IVP_25AUG26_Report_2026-07-28.xlsx,CUMMINSIND,5555.5,-113.5,-2,3568600,82200,2.36,0.69,34.38,1.69,15.05 - 37.75,22.70 / 25.60 / 28.07,84.19,89.84,51.45,34.3,22.48,,,,,,,,,,,,,,,,,,,,,,,,,,,,,,
,,,,,,,,,,,,,,,,,,,IVR_IVP,IVR-IVP_25AUG26_Report_2026-07-28.xlsx,DABUR,433.05,3.75,0.87,26815000,696250,2.67,0.72,27.78,1.17,13.58 - 33.00,10.91 / 31.97 / 27.76,74.72,88.62,154.63,-13.11,0.07,,,,,,,,,,,,,,,,,,,,,,,,,,,,,,
,,,,,,,,,,,,,,,,,,,IVR_IVP,IVR-IVP_25AUG26_Report_2026-07-28.xlsx,DALBHARAT,1837.3,1.2,0.07,3472950,7150,0.21,0.89,28.11,-6.27,13.87 - 79.50,29.00 / 32.08 / 32.18,21.7,57.72,-3.07,-12.38,-12.65,,,,,,,,,,,,,,,,,,,,,,,,,,,,,,
,,,,,,,,,,,,,,,,,,,IVR_IVP,IVR-IVP_25AUG26_Report_2026-07-28.xlsx,DELHIVERY,472.6,1.9,0.4,20833000,215800,1.05,0.69,35.29,1.29,18.50 - 49.76,27.02 / 46.39 / 45.08,56.17,86.99,30.61,-23.93,-21.72,,,,,,,,,,,,,,,,,,,,,,,,,,,,,,
,,,,,,,,,,,,,,,,,,,IVR_IVP,IVR-IVP_25AUG26_Report_2026-07-28.xlsx,DIVISLAB,7485,23,0.31,3395100,13400,0.4,0.7,29.04,4.46,6.18 - 50.03,28.22 / 23.75 / 23.84,52,83.33,2.91,22.27,21.81,,,,,,,,,,,,,,,,,,,,,,,,,,,,,,
,,,,,,,,,,,,,,,,,,,IVR_IVP,IVR-IVP_25AUG26_Report_2026-07-28.xlsx,DIXON,13660,2,0.01,2089650,3400,0.16,0.79,40.34,-1.22,17.08 - 61.85,50.26 / 50.59 / 49.88,52.29,68.7,-19.74,-20.26,-19.13,,,,,,,,,,,,,,,,,,,,,,,,,,,,,,
,,,,,,,,,,,,,,,,,,,IVR_IVP,IVR-IVP_25AUG26_Report_2026-07-28.xlsx,DLF,658.45,5.2,0.8,40624850,366700,0.91,0.78,34.14,2.15,13.80 - 56.30,35.15 / 46.43 / 45.00,47.18,77.64,-2.87,-26.47,-24.13,,,,,,,,,,,,,,,,,,,,,,,,,,,,,,
,,,,,,,,,,,,,,,,,,,IVR_IVP,IVR-IVP_25AUG26_Report_2026-07-28.xlsx,DMART,4047.7,21.3,0.53,4231800,1050,0.02,0.63,26.03,-1.03,14.71 - 49.03,15.44 / 29.71 / 30.60,32.98,61.38,68.59,-12.39,-14.93,,,,,,,,,,,,,,,,,,,,,,,,,,,,,,
,,,,,,,,,,,,,,,,,,,IVR_IVP,IVR-IVP_25AUG26_Report_2026-07-28.xlsx,DRREDDY,1144.9,-3.5,-0.3,12960000,159375,1.25,0.68,24.24,-0.33,7.63 - 40.88,19.46 / 30.21 / 30.45,50.32,71.14,24.56,-19.76,-20.39,,,,,,,,,,,,,,,,,,,,,,,,,,,,,,
,,,,,,,,,,,,,,,,,,,IVR_IVP,IVR-IVP_25AUG26_Report_2026-07-28.xlsx,EICHERMOT,7777,34,0.44,3880700,6700,0.17,1.34,27.15,-0.4,12.65 - 55.76,22.45 / 31.16 / 31.19,33.45,73.58,20.94,-12.87,-12.95,,,,,,,,,,,,,,,,,,,,,,,,,,,,,,
,,,,,,,,,,,,,,,,,,,IVR_IVP,IVR-IVP_25AUG26_Report_2026-07-28.xlsx,ETERNAL,299,2.5,0.84,145495150,2463800,1.72,0.65,32.93,-1.53,16.25 - 76.78,47.40 / 43.33 / 39.06,27.94,56.5,-30.53,-24,-15.69,,,,,,,,,,,,,,,,,,,,,,,,,,,,,,
,,,,,,,,,,,,,,,,,,,IVR_IVP,IVR-IVP_25AUG26_Report_2026-07-28.xlsx,FEDERALBNK,355.4,-1.4,-0.39,87845000,202500,0.23,0.88,21.85,-1.04,14.06 - 39.41,44.03 / 33.20 / 28.52,30.18,36.99,-50.37,-34.19,-23.39,,,,,,,,,,,,,,,,,,,,,,,,,,,,,,
,,,,,,,,,,,,,,,,,,,IVR_IVP,IVR-IVP_25AUG26_Report_2026-07-28.xlsx,FINNIFTY,26243,-58.9,-0.22,16560,-60,-0.36,1.28,14.73,-1.27,0.00 - 40.02,17.34 / 18.17 / 17.46,24.24,63.41,-15.05,-18.93,-15.64,,,,,,,,,,,,,,,,,,,,,,,,,,,,,,
,,,,,,,,,,,,,,,,,,,IVR_IVP,IVR-IVP_25AUG26_Report_2026-07-28.xlsx,FOCIT,36592,973,2.73,630,-135,-17.65,1.98,25.06,90.86,18.31 - 31.91,- / - / -,49.63,18.52,-,-,-,,,,,,,,,,,,,,,,,,,,,,,,,,,,,,
,,,,,,,,,,,,,,,,,,,IVR_IVP,IVR-IVP_25AUG26_Report_2026-07-28.xlsx,FORCEMOT,17100,-57,-0.33,268275,4650,1.76,0.96,54.38,3.88,27.58 - 72.76,37.82 / 49.04 / 45.48,58.23,77.22,43.79,10.89,19.57,,,,,,,,,,,,,,,,,,,,,,,,,,,,,,
,,,,,,,,,,,,,,,,,,,IVR_IVP,IVR-IVP_25AUG26_Report_2026-07-28.xlsx,FORTIS,945.35,-3.7,-0.39,8068525,46500,0.58,1.17,27.36,2.55,14.13 - 45.46,22.05 / 25.68 / 24.53,42.23,57.32,24.08,6.54,11.54,,,,,,,,,,,,,,,,,,,,,,,,,,,,,,
,,,,,,,,,,,,,,,,,,,IVR_IVP,IVR-IVP_25AUG26_Report_2026-07-28.xlsx,GAIL,174.98,-0.47,-0.27,70002450,553800,0.8,0.87,26.81,0.68,14.03 - 47.98,22.11 / 22.25 / 24.26,37.67,73.58,21.26,20.49,10.51,,,,,,,,,,,,,,,,,,,,,,,,,,,,,,
,,,,,,,,,,,,,,,,,,,IVR_IVP,IVR-IVP_25AUG26_Report_2026-07-28.xlsx,GLENMARK,2214.1,3.6,0.16,9546375,53250,0.56,1.42,31.07,-1.15,12.27 - 43.60,17.18 / 24.95 / 24.36,65.53,76.42,80.85,24.53,27.55,,,,,,,,,,,,,,,,,,,,,,,,,,,,,,
,,,,,,,,,,,,,,,,,,,IVR_IVP,IVR-IVP_25AUG26_Report_2026-07-28.xlsx,GMRAIRPORT,108.67,-0.1,-0.09,103781025,753300,0.73,0.68,32.18,-2.46,13.31 - 51.55,20.13 / 28.72 / 27.53,49.35,72.76,59.86,12.05,16.89,,,,,,,,,,,,,,,,,,,,,,,,,,,,,,
,,,,,,,,,,,,,,,,,,,IVR_IVP,IVR-IVP_25AUG26_Report_2026-07-28.xlsx,GODFRYPHLP,2059.2,-115.8,-5.32,1515800,-20900,-1.36,0.67,39.78,5.71,18.97 - 93.19,41.86 / 33.43 / 31.20,26.29,37.97,-4.97,18.99,27.5,,,,,,,,,,,,,,,,,,,,,,,,,,,,,,
,,,,,,,,,,,,,,,,,,,IVR_IVP,IVR-IVP_25AUG26_Report_2026-07-28.xlsx,GODREJCP,1087.2,11.1,1.03,9512500,32000,0.34,0.62,27.89,-1.9,13.17 - 36.40,19.32 / 29.15 / 26.54,64.66,79.67,44.36,-4.32,5.09,,,,,,,,,,,,,,,,,,,,,,,,,,,,,,
,,,,,,,,,,,,,,,,,,,IVR_IVP,IVR-IVP_25AUG26_Report_2026-07-28.xlsx,GODREJPROP,2111.1,32.8,1.58,5836675,65650,1.14,0.52,35.92,3.7,16.43 - 55.87,38.26 / 45.93 / 41.23,49.21,75.61,-6.12,-21.79,-12.88,,,,,,,,,,,,,,,,,,,,,,,,,,,,,,
,,,,,,,,,,,,,,,,,,,IVR_IVP,IVR-IVP_25AUG26_Report_2026-07-28.xlsx,GRASIM,3120.8,-1.7,-0.05,11214750,7500,0.07,0.66,22.86,-3.14,11.82 - 35.51,20.05 / 22.37 / 20.85,46.6,69.92,14.01,2.19,9.64,,,,,,,,,,,,,,,,,,,,,,,,,,,,,,
,,,,,,,,,,,,,,,,,,,IVR_IVP,IVR-IVP_25AUG26_Report_2026-07-28.xlsx,GVT&D,4105.2,-118.4,-2.8,2453625,83875,3.54,0.7,52.62,1.94,21.64 - 59.36,53.27 / 60.06 / 63.12,82.66,88.1,-1.22,-12.39,-16.63,,,,,,,,,,,,,,,,,,,,,,,,,,,,,,
,,,,,,,,,,,,,,,,,,,IVR_IVP,IVR-IVP_25AUG26_Report_2026-07-28.xlsx,HAL,4581,-60.1,-1.29,4547100,32250,0.71,0.68,28.44,-0.66,14.47 - 53.21,19.96 / 20.04 / 28.39,36.06,59.35,42.48,41.92,0.18,,,,,,,,,,,,,,,,,,,,,,,,,,,,,,
,,,,,,,,,,,,,,,,,,,IVR_IVP,IVR-IVP_25AUG26_Report_2026-07-28.xlsx,HAVELLS,1247,3,0.24,8352000,43500,0.52,0.75,25.91,1.21,11.54 - 42.97,17.97 / 25.16 / 24.10,45.24,63.82,44.18,2.98,7.51,,,,,,,,,,,,,,,,,,,,,,,,,,,,,,
,,,,,,,,,,,,,,,,,,,IVR_IVP,IVR-IVP_25AUG26_Report_2026-07-28.xlsx,HCLTECH,1326.5,30.3,2.34,28387600,24400,0.09,0.84,27.78,2.51,6.26 - 40.81,37.06 / 50.33 / 45.28,63.27,72.76,-25.04,-44.8,-38.65,,,,,,,,,,,,,,,,,,,,,,,,,,,,,,
,,,,,,,,,,,,,,,,,,,IVR_IVP,IVR-IVP_25AUG26_Report_2026-07-28.xlsx,HDFCAMC,2544,-18.9,-0.74,5594400,20700,0.37,0.77,28.65,1.7,12.58 - 45.32,45.39 / 44.71 / 45.57,49.94,68.7,-36.88,-35.92,-37.13,,,,,,,,,,,,,,,,,,,,,,,,,,,,,,
,,,,,,,,,,,,,,,,,,,IVR_IVP,IVR-IVP_25AUG26_Report_2026-07-28.xlsx,HDFCBANK,741.6,-3.15,-0.42,274278550,3836300,1.42,0.48,24.55,4.2,9.44 - 39.01,33.41 / 32.67 / 30.97,51.74,84.15,-26.52,-24.85,-20.73,,,,,,,,,,,,,,,,,,,,,,,,,,,,,,
,,,,,,,,,,,,,,,,,,,IVR_IVP,IVR-IVP_25AUG26_Report_2026-07-28.xlsx,HDFCLIFE,556.5,-0.15,-0.03,37001800,360800,0.98,0.59,23.31,-0.68,8.35 - 36.02,27.46 / 28.57 / 30.55,54.43,71.95,-15.11,-18.41,-23.7,,,,,,,,,,,,,,,,,,,,,,,,,,,,,,
,,,,,,,,,,,,,,,,,,,IVR_IVP,IVR-IVP_25AUG26_Report_2026-07-28.xlsx,HEROMOTOCO,5156.3,16.5,0.32,4450650,20400,0.46,0.67,29.02,-0.72,12.96 - 41.20,36.86 / 29.08 / 25.95,57.05,77.24,-21.27,-0.21,11.83,,,,,,,,,,,,,,,,,,,,,,,,,,,,,,
,,,,,,,,,,,,,,,,,,,IVR_IVP,IVR-IVP_25AUG26_Report_2026-07-28.xlsx,HINDALCO,942.25,-9.2,-0.97,45892000,415100,0.91,0.89,29.83,0.24,10.16 - 46.60,18.98 / 21.65 / 26.36,54.61,71.54,57.17,37.78,13.16,,,,,,,,,,,,,,,,,,,,,,,,,,,,,,
,,,,,,,,,,,,,,,,,,,IVR_IVP,IVR-IVP_25AUG26_Report_2026-07-28.xlsx,HINDPETRO,398.45,1.9,0.48,38794950,346275,0.9,0.84,28.99,2.44,16.66 - 55.76,38.93 / 36.78 / 40.16,31.36,37.4,-25.53,-21.18,-27.81,,,,,,,,,,,,,,,,,,,,,,,,,,,,,,
,,,,,,,,,,,,,,,,,,,IVR_IVP,IVR-IVP_25AUG26_Report_2026-07-28.xlsx,HINDUNILVR,2205,18.9,0.86,15872100,257400,1.65,0.81,22.73,2.53,0.36 - 43.79,18.24 / 25.57 / 23.49,51.78,82.11,24.62,-11.11,-3.24,,,,,,,,,,,,,,,,,,,,,,,,,,,,,,
,,,,,,,,,,,,,,,,,,,IVR_IVP,IVR-IVP_25AUG26_Report_2026-07-28.xlsx,HINDZINC,527.4,-4.75,-0.89,23795625,252350,1.07,0.61,28.59,-4.67,15.38 - 59.92,19.16 / 21.25 / 30.46,30.09,30.08,49.22,34.54,-6.14,,,,,,,,,,,,,,,,,,,,,,,,,,,,,,
,,,,,,,,,,,,,,,,,,,IVR_IVP,IVR-IVP_25AUG26_Report_2026-07-28.xlsx,HYUNDAI,1977.2,-2.2,-0.11,3741100,12650,0.34,0.65,32.92,1.07,19.09 - 57.66,25.84 / 29.60 / 31.54,38.24,58.23,27.4,11.22,4.38,,,,,,,,,,,,,,,,,,,,,,,,,,,,,,
,,,,,,,,,,,,,,,,,,,IVR_IVP,IVR-IVP_25AUG26_Report_2026-07-28.xlsx,ICICIBANK,1434.7,-4.8,-0.33,99425900,571200,0.58,0.7,18.04,0,9.59 - 33.61,17.68 / 20.33 / 19.82,35.8,63.01,2.04,-11.26,-8.98,,,,,,,,,,,,,,,,,,,,,,,,,,,,,,
,,,,,,,,,,,,,,,,,,,IVR_IVP,IVR-IVP_25AUG26_Report_2026-07-28.xlsx,ICICIGI,1679.1,-1.3,-0.08,4902300,13000,0.27,0.97,24.34,-0.98,13.70 - 37.84,72.68 / 52.74 / 47.42,44.37,77.64,-66.51,-53.85,-48.67,,,,,,,,,,,,,,,,,,,,,,,,,,,,,,
,,,,,,,,,,,,,,,,,,,IVR_IVP,IVR-IVP_25AUG26_Report_2026-07-28.xlsx,ICICIPRULI,512.65,0.6,0.12,18421375,30525,0.17,0.68,27.22,0.78,12.98 - 41.12,42.91 / 38.73 / 41.25,50.6,73.17,-36.56,-29.72,-34.01,,,,,,,,,,,,,,,,,,,,,,,,,,,,,,
,,,,,,,,,,,,,,,,,,,IVR_IVP,IVR-IVP_25AUG26_Report_2026-07-28.xlsx,IDEA,13.15,-0.02,-0.15,5057642475,27875250,0.55,0.58,40.47,2.51,19.52 - 105.00,21.56 / 21.99 / 25.58,24.57,18.29,87.71,84.04,58.21,,,,,,,,,,,,,,,,,,,,,,,,,,,,,,
,,,,,,,,,,,,,,,,,,,IVR_IVP,IVR-IVP_25AUG26_Report_2026-07-28.xlsx,IDFCFIRSTB,85.51,0.27,0.32,331980075,2457875,0.75,0.59,28.84,-2.96,13.50 - 90.98,37.19 / 33.40 / 31.81,21.02,67.07,-22.45,-13.65,-9.34,,,,,,,,,,,,,,,,,,,,,,,,,,,,,,
,,,,,,,,,,,,,,,,,,,IVR_IVP,IVR-IVP_25AUG26_Report_2026-07-28.xlsx,IEX,130.51,2.83,2.22,56811000,313200,0.55,0.79,31.03,3.12,19.27 - 84.19,41.80 / 37.86 / 32.58,18.24,41.06,-25.77,-18.04,-4.76,,,,,,,,,,,,,,,,,,,,,,,,,,,,,,
,,,,,,,,,,,,,,,,,,,IVR_IVP,IVR-IVP_25AUG26_Report_2026-07-28.xlsx,INDHOTEL,739.3,2.25,0.31,20027000,87000,0.44,0.8,21.55,-1.24,12.12 - 41.83,17.82 / 25.94 / 25.20,31.74,33.33,20.93,-16.92,-14.48,,,,,,,,,,,,,,,,,,,,,,,,,,,,,,
,,,,,,,,,,,,,,,,,,,IVR_IVP,IVR-IVP_25AUG26_Report_2026-07-28.xlsx,INDIANB,830.5,-4.8,-0.57,11271000,84000,0.75,1,28.5,1.5,17.18 - 45.58,32.50 / 53.52 / 45.99,39.61,44.72,-12.31,-46.75,-38.03,,,,,,,,,,,,,,,,,,,,,,,,,,,,,,
,,,,,,,,,,,,,,,,,,,IVR_IVP,IVR-IVP_25AUG26_Report_2026-07-28.xlsx,INDIGO,5258.5,2,0.04,5524800,3000,0.05,0.98,27.18,-1.52,11.28 - 86.94,46.47 / 41.55 / 45.08,20.76,65.04,-41.51,-34.58,-39.71,,,,,,,,,,,,,,,,,,,,,,,,,,,,,,
,,,,,,,,,,,,,,,,,,,IVR_IVP,IVR-IVP_25AUG26_Report_2026-07-28.xlsx,INDUSINDBK,998,-10.3,-1.02,33826100,93100,0.28,0.8,26.64,1.45,17.32 - 83.38,46.29 / 41.46 / 37.97,14.08,36.18,-42.45,-35.75,-29.84,,,,,,,,,,,,,,,,,,,,,,,,,,,,,,
,,,,,,,,,,,,,,,,,,,IVR_IVP,IVR-IVP_25AUG26_Report_2026-07-28.xlsx,INDUSTOWER,390.1,0.1,0.03,80719400,725900,0.91,0.46,26.32,-8.86,15.67 - 75.07,20.83 / 24.46 / 24.12,17.98,30.49,26.36,7.6,9.12,,,,,,,,,,,,,,,,,,,,,,,,,,,,,,
,,,,,,,,,,,,,,,,,,,IVR_IVP,IVR-IVP_25AUG26_Report_2026-07-28.xlsx,INFY,1111.8,28.4,2.62,92652000,2815200,3.13,1.04,28.84,1.19,7.21 - 64.15,31.90 / 42.89 / 47.11,38.09,64.63,-9.59,-32.76,-38.78,,,,,,,,,,,,,,,,,,,,,,,,,,,,,,
,,,,,,,,,,,,,,,,,,,IVR_IVP,IVR-IVP_25AUG26_Report_2026-07-28.xlsx,INOXWIND,78.25,-0.49,-0.62,83200000,1088000,1.33,0.75,41.59,1.89,16.48 - 63.54,31.44 / 31.35 / 31.64,53.36,66.26,32.28,32.66,31.45,,,,,,,,,,,,,,,,,,,,,,,,,,,,,,
,,,,,,,,,,,,,,,,,,,IVR_IVP,IVR-IVP_25AUG26_Report_2026-07-28.xlsx,IOC,141.97,0.79,0.56,136704750,458250,0.34,0.93,25.79,-2.38,11.74 - 55.58,28.74 / 25.36 / 28.19,32.12,56.5,-10.26,1.7,-8.51,,,,,,,,,,,,,,,,,,,,,,,,,,,,,,
,,,,,,,,,,,,,,,,,,,IVR_IVP,IVR-IVP_25AUG26_Report_2026-07-28.xlsx,IREDA,117.49,0.04,0.03,62259475,22625,0.04,0.94,34.24,4.17,18.50 - 52.88,16.67 / 26.92 / 28.14,45.78,51.63,105.4,27.19,21.68,,,,,,,,,,,,,,,,,,,,,,,,,,,,,,
,,,,,,,,,,,,,,,,,,,IVR_IVP,IVR-IVP_25AUG26_Report_2026-07-28.xlsx,IRFC,87.82,0.54,0.62,78939175,189875,0.24,0.92,30.04,-0.33,17.59 - 45.57,12.26 / 17.82 / 30.42,44.5,48.37,145.02,68.57,-1.25,,,,,,,,,,,,,,,,,,,,,,,,,,,,,,
,,,,,,,,,,,,,,,,,,,IVR_IVP,IVR-IVP_25AUG26_Report_2026-07-28.xlsx,ITC,289.15,1.35,0.47,135120975,3284400,2.49,0.79,21.22,-0.75,6.61 - 30.11,14.53 / 18.43 / 16.35,61.19,89.02,46.04,15.14,29.79,,,,,,,,,,,,,,,,,,,,,,,,,,,,,,
,,,,,,,,,,,,,,,,,,,IVR_IVP,IVR-IVP_25AUG26_Report_2026-07-28.xlsx,JINDALSTEL,1062.7,-6.9,-0.65,10683750,184375,1.76,1.42,24.46,1.41,16.51 - 43.23,22.55 / 28.75 / 29.82,28.93,33.33,8.47,-14.92,-17.97,,,,,,,,,,,,,,,,,,,,,,,,,,,,,,
,,,,,,,,,,,,,,,,,,,IVR_IVP,IVR-IVP_25AUG26_Report_2026-07-28.xlsx,JIOFIN,236.57,-0.53,-0.22,147305050,1489900,1.02,0.63,26.9,-0.99,16.26 - 47.21,30.95 / 37.40 / 32.44,33.73,46.34,-13.09,-28.07,-17.08,,,,,,,,,,,,,,,,,,,,,,,,,,,,,,
,,,,,,,,,,,,,,,,,,,IVR_IVP,IVR-IVP_25AUG26_Report_2026-07-28.xlsx,JSWENERGY,547.4,-5.95,-1.08,21680600,168775,0.78,0.66,26.9,2.75,13.33 - 46.66,34.96 / 33.56 / 32.20,40.92,36.18,-23.05,-19.85,-16.46,,,,,,,,,,,,,,,,,,,,,,,,,,,,,,
,,,,,,,,,,,,,,,,,,,IVR_IVP,IVR-IVP_25AUG26_Report_2026-07-28.xlsx,JSWSTEEL,1250.7,0.3,0.02,37914750,541350,1.45,0.61,22.81,-0.74,14.75 - 40.61,21.60 / 20.63 / 21.56,29.78,28.46,5.6,10.57,5.8,,,,,,,,,,,,,,,,,,,,,,,,,,,,,,
,,,,,,,,,,,,,,,,,,,IVR_IVP,IVR-IVP_25AUG26_Report_2026-07-28.xlsx,JUBLFOOD,432.8,5.05,1.18,16678750,-107500,-0.64,0.92,33.72,2.09,13.88 - 59.12,33.61 / 41.91 / 37.55,43.39,76.02,0.33,-19.54,-10.2,,,,,,,,,,,,,,,,,,,,,,,,,,,,,,
,,,,,,,,,,,,,,,,,,,IVR_IVP,IVR-IVP_25AUG26_Report_2026-07-28.xlsx,KALYANKJIL,571.85,4.45,0.78,22141350,-178200,-0.8,1.25,55.43,2.25,17.49 - 72.39,50.91 / 100.05 / 90.60,69.2,96.75,8.88,-44.6,-38.82,,,,,,,,,,,,,,,,,,,,,,,,,,,,,,
,,,,,,,,,,,,,,,,,,,IVR_IVP,IVR-IVP_25AUG26_Report_2026-07-28.xlsx,KAYNES,3142,-8,-0.25,3510450,13350,0.38,1,47.91,0.48,19.42 - 91.42,30.67 / 48.65 / 49.10,39.5,71.14,56.21,-1.52,-2.42,,,,,,,,,,,,,,,,,,,,,,,,,,,,,,
,,,,,,,,,,,,,,,,,,,IVR_IVP,IVR-IVP_25AUG26_Report_2026-07-28.xlsx,KEI,4824,-38,-0.78,2014775,1575,0.08,0.56,40.3,8.95,14.61 - 51.38,22.91 / 27.50 / 35.57,69.87,91.46,75.91,46.55,13.3,,,,,,,,,,,,,,,,,,,,,,,,,,,,,,
,,,,,,,,,,,,,,,,,,,IVR_IVP,IVR-IVP_25AUG26_Report_2026-07-28.xlsx,KFINTECH,938.35,1.35,0.14,3721975,28750,0.78,0.6,33.97,-2.58,18.49 - 90.49,74.67 / 57.71 / 50.90,21.9,43.5,-54.51,-41.14,-33.26,,,,,,,,,,,,,,,,,,,,,,,,,,,,,,
,,,,,,,,,,,,,,,,,,,IVR_IVP,IVR-IVP_25AUG26_Report_2026-07-28.xlsx,KOTAKBANK,387.35,-0.35,-0.09,167126000,964000,0.58,0.78,20.66,5.03,9.59 - 40.23,29.34 / 33.38 / 30.34,36.23,52.03,-29.58,-38.11,-31.91,,,,,,,,,,,,,,,,,,,,,,,,,,,,,,
,,,,,,,,,,,,,,,,,,,IVR_IVP,IVR-IVP_25AUG26_Report_2026-07-28.xlsx,KPITTECH,592.6,7.65,1.31,11001125,352625,3.31,0.92,42.79,2.96,12.07 - 69.90,44.94 / 84.33 / 70.67,52.46,78.86,-4.78,-49.26,-39.45,,,,,,,,,,,,,,,,,,,,,,,,,,,,,,
,,,,,,,,,,,,,,,,,,,IVR_IVP,IVR-IVP_25AUG26_Report_2026-07-28.xlsx,LAURUSLABS,1735.1,12.2,0.71,16623450,186150,1.13,0.74,26.27,2.78,14.20 - 46.75,48.12 / 42.14 / 39.87,37.76,33.74,-45.41,-37.66,-34.11,,,,,,,,,,,,,,,,,,,,,,,,,,,,,,
,,,,,,,,,,,,,,,,,,,IVR_IVP,IVR-IVP_25AUG26_Report_2026-07-28.xlsx,LICHSGFIN,545.7,-0.25,-0.05,21901000,29000,0.13,1.02,28.22,-0.11,11.15 - 45.09,22.39 / 23.68 / 22.21,50.56,80.08,26.04,19.17,27.06,,,,,,,,,,,,,,,,,,,,,,,,,,,,,,
,,,,,,,,,,,,,,,,,,,IVR_IVP,IVR-IVP_25AUG26_Report_2026-07-28.xlsx,LICI,423.4,1.75,0.42,18048800,19600,0.11,0.47,26.95,-0.63,11.05 - 49.26,16.02 / 20.22 / 26.26,40.54,71.54,68.23,33.28,2.63,,,,,,,,,,,,,,,,,,,,,,,,,,,,,,
,,,,,,,,,,,,,,,,,,,IVR_IVP,IVR-IVP_25AUG26_Report_2026-07-28.xlsx,LODHA,1200.35,43.65,3.77,13737500,149375,1.1,0.64,35.92,-2.02,19.11 - 64.99,48.49 / 52.50 / 47.18,35.92,60.98,-25.92,-31.58,-23.87,,,,,,,,,,,,,,,,,,,,,,,,,,,,,,
,,,,,,,,,,,,,,,,,,,IVR_IVP,IVR-IVP_25AUG26_Report_2026-07-28.xlsx,LT,3826,-2.7,-0.07,11008025,223300,2.07,1.01,24.57,0.08,7.49 - 44.73,18.97 / 19.31 / 20.78,46.05,78.46,29.52,27.24,18.24,,,,,,,,,,,,,,,,,,,,,,,,,,,,,,
,,,,,,,,,,,,,,,,,,,IVR_IVP,IVR-IVP_25AUG26_Report_2026-07-28.xlsx,LTF,308,-2.45,-0.79,49113000,357750,0.73,0.71,34.85,0.46,18.80 - 69.14,29.93 / 44.05 / 44.39,31.88,69.11,16.44,-20.89,-21.49,,,,,,,,,,,,,,,,,,,,,,,,,,,,,,
,,,,,,,,,,,,,,,,,,,IVR_IVP,IVR-IVP_25AUG26_Report_2026-07-28.xlsx,LTM,4360,142.4,3.38,3056250,51150,1.7,0.72,34.31,5.73,24.10 - 57.18,- / - / -,31.2,46.46,-,-,-,,,,,,,,,,,,,,,,,,,,,,,,,,,,,,
,,,,,,,,,,,,,,,,,,,IVR_IVP,IVR-IVP_25AUG26_Report_2026-07-28.xlsx,LUPIN,2431.9,6.6,0.27,4817800,17850,0.37,0.76,26.46,-1.16,12.85 - 37.30,36.53 / 31.10 / 29.08,55.66,78.05,-27.57,-14.92,-9.01,,,,,,,,,,,,,,,,,,,,,,,,,,,,,,
,,,,,,,,,,,,,,,,,,,IVR_IVP,IVR-IVP_25AUG26_Report_2026-07-28.xlsx,M&M,3251.6,1.2,0.04,13656600,50800,0.37,0.91,28.14,0.61,11.90 - 69.36,31.63 / 30.52 / 32.78,28.4,77.64,-11.03,-7.8,-14.15,,,,,,,,,,,,,,,,,,,,,,,,,,,,,,
,,,,,,,,,,,,,,,,,,,IVR_IVP,IVR-IVP_25AUG26_Report_2026-07-28.xlsx,MANAPPURAM,358.1,-4.3,-1.19,46143000,180000,0.39,0.49,37.63,0.24,18.17 - 52.52,35.80 / 44.41 / 41.10,56.59,78.86,5.11,-15.27,-8.44,,,,,,,,,,,,,,,,,,,,,,,,,,,,,,
,,,,,,,,,,,,,,,,,,,IVR_IVP,IVR-IVP_25AUG26_Report_2026-07-28.xlsx,MANKIND,2569.7,5.6,0.22,2441500,4500,0.18,0.72,32.42,3.51,16.24 - 89.23,32.97 / 29.70 / 31.80,22.17,83.74,-1.67,9.16,1.95,,,,,,,,,,,,,,,,,,,,,,,,,,,,,,
,,,,,,,,,,,,,,,,,,,IVR_IVP,IVR-IVP_25AUG26_Report_2026-07-28.xlsx,MARICO,865.9,5.75,0.67,12132000,32400,0.27,0.52,24.39,1.84,13.08 - 31.88,14.35 / 20.45 / 20.01,57.82,83.74,69.97,19.27,21.89,,,,,,,,,,,,,,,,,,,,,,,,,,,,,,
,,,,,,,,,,,,,,,,,,,IVR_IVP,IVR-IVP_25AUG26_Report_2026-07-28.xlsx,MARUTI,13608,-42,-0.31,1961450,12650,0.65,0.54,25.72,-1.04,6.97 - 41.98,25.16 / 36.28 / 36.20,53.73,84.55,2.23,-29.11,-28.95,,,,,,,,,,,,,,,,,,,,,,,,,,,,,,
,,,,,,,,,,,,,,,,,,,IVR_IVP,IVR-IVP_25AUG26_Report_2026-07-28.xlsx,MAXHEALTH,1113.3,2.8,0.25,9399600,14175,0.15,0.91,27.08,-5.78,16.74 - 60.69,26.72 / 29.23 / 36.65,23.03,48.37,1.35,-7.36,-26.11,,,,,,,,,,,,,,,,,,,,,,,,,,,,,,
,,,,,,,,,,,,,,,,,,,IVR_IVP,IVR-IVP_25AUG26_Report_2026-07-28.xlsx,MAZDOCK,2278.8,-31.5,-1.36,4766625,46125,0.98,0.98,35.74,2.35,13.38 - 82.60,20.07 / 29.49 / 28.91,32.27,63.01,78.08,21.19,23.63,,,,,,,,,,,,,,,,,,,,,,,,,,,,,,
,,,,,,,,,,,,,,,,,,,IVR_IVP,IVR-IVP_25AUG26_Report_2026-07-28.xlsx,MCX,2764.4,5.1,0.18,5960925,16875,0.28,0.89,36.83,-1.84,15.54 - 62.68,40.33 / 47.39 / 41.93,45.06,54.07,-8.68,-22.28,-12.16,,,,,,,,,,,,,,,,,,,,,,,,,,,,,,
,,,,,,,,,,,,,,,,,,,IVR_IVP,IVR-IVP_25AUG26_Report_2026-07-28.xlsx,MFSL,1518.9,0.3,0.02,7965600,91200,1.16,1.55,31.02,2.04,9.89 - 39.49,20.12 / 30.19 / 33.56,75.78,86.99,54.17,2.75,-7.57,,,,,,,,,,,,,,,,,,,,,,,,,,,,,,
,,,,,,,,,,,,,,,,,,,IVR_IVP,IVR-IVP_25AUG26_Report_2026-07-28.xlsx,MIDCPNIFTY,14637.75,-8.55,-0.06,1534560,11160,0.73,0.82,15.59,0.78,9.53 - 42.98,14.88 / 15.79 / 14.51,17.91,39.02,4.77,-1.27,7.44,,,,,,,,,,,,,,,,,,,,,,,,,,,,,,
,,,,,,,,,,,,,,,,,,,IVR_IVP,IVR-IVP_25AUG26_Report_2026-07-28.xlsx,MOTHERSON,147.75,-2.31,-1.54,115048050,602700,0.53,0.89,36.69,0.36,18.24 - 54.43,22.97 / 22.50 / 29.22,50.95,72.76,59.73,63.07,25.56,,,,,,,,,,,,,,,,,,,,,,,,,,,,,,
,,,,,,,,,,,,,,,,,,,IVR_IVP,IVR-IVP_25AUG26_Report_2026-07-28.xlsx,MOTILALOFS,861.3,-11.85,-1.36,6627025,51925,0.79,0.56,34.06,-0.82,22.84 - 53.32,45.39 / 46.72 / 44.04,36.78,32.91,-24.96,-27.1,-22.66,,,,,,,,,,,,,,,,,,,,,,,,,,,,,,
,,,,,,,,,,,,,,,,,,,IVR_IVP,IVR-IVP_25AUG26_Report_2026-07-28.xlsx,MPHASIS,2447.7,98.9,4.21,4265525,86625,2.07,0.65,33.29,5.52,18.02 - 52.99,40.96 / 51.83 / 45.34,43.75,60.98,-18.73,-35.77,-26.58,,,,,,,,,,,,,,,,,,,,,,,,,,,,,,
,,,,,,,,,,,,,,,,,,,IVR_IVP,IVR-IVP_25AUG26_Report_2026-07-28.xlsx,MUTHOOTFIN,3006.5,-39.9,-1.31,5840725,45925,0.79,0.54,36.04,1.44,11.92 - 66.80,26.84 / 34.18 / 36.89,43.77,78.46,34.28,5.44,-2.3,,,,,,,,,,,,,,,,,,,,,,,,,,,,,,
,,,,,,,,,,,,,,,,,,,IVR_IVP,IVR-IVP_25AUG26_Report_2026-07-28.xlsx,NAM-INDIA,1142.8,-3,-0.26,6695000,29375,0.44,0.69,33.39,3.09,23.39 - 77.66,47.96 / 42.82 / 41.02,18.43,11.38,-30.38,-22.02,-18.6,,,,,,,,,,,,,,,,,,,,,,,,,,,,,,
,,,,,,,,,,,,,,,,,,,IVR_IVP,IVR-IVP_25AUG26_Report_2026-07-28.xlsx,NATIONALUM,336.45,-4.8,-1.41,37018125,1655625,4.68,0.78,36.08,-1.74,17.37 - 66.87,35.50 / 38.07 / 47.68,37.98,63.82,1.63,-5.23,-24.33,,,,,,,,,,,,,,,,,,,,,,,,,,,,,,
,,,,,,,,,,,,,,,,,,,IVR_IVP,IVR-IVP_25AUG26_Report_2026-07-28.xlsx,NAUKRI,1231,30.1,2.51,13795650,168850,1.24,0.45,36.82,8.33,15.66 - 47.35,27.84 / 61.05 / 53.73,66.11,86.59,32.26,-39.69,-31.47,,,,,,,,,,,,,,,,,,,,,,,,,,,,,,
,,,,,,,,,,,,,,,,,,,IVR_IVP,IVR-IVP_25AUG26_Report_2026-07-28.xlsx,NBCC,94.78,-0.64,-0.67,80717000,656500,0.82,0.54,36.79,1.04,21.65 - 80.34,27.47 / 34.47 / 35.54,25.92,52.44,33.93,6.73,3.52,,,,,,,,,,,,,,,,,,,,,,,,,,,,,,
,,,,,,,,,,,,,,,,,,,IVR_IVP,IVR-IVP_25AUG26_Report_2026-07-28.xlsx,NESTLEIND,1473.1,17.4,1.2,10300500,9500,0.09,0.48,21.32,1.43,10.62 - 38.91,28.18 / 28.22 / 25.25,38.35,68.7,-24.34,-24.45,-15.56,,,,,,,,,,,,,,,,,,,,,,,,,,,,,,
,,,,,,,,,,,,,,,,,,,IVR_IVP,IVR-IVP_25AUG26_Report_2026-07-28.xlsx,NHPC,78.44,-0.23,-0.29,126385750,319700,0.25,0.74,27.09,-0.81,13.23 - 53.10,18.36 / 19.26 / 23.62,35.54,55.28,47.55,40.65,14.69,,,,,,,,,,,,,,,,,,,,,,,,,,,,,,
,,,,,,,,,,,,,,,,,,,IVR_IVP,IVR-IVP_25AUG26_Report_2026-07-28.xlsx,NIFTY,24084.1,-17.7,-0.07,10312965,115830,1.14,1.1,11.96,-0.75,5.90 - 34.26,12.35 / 14.56 / 13.88,21.26,60.57,-3.16,-17.86,-13.83,,,,,,,,,,,,,,,,,,,,,,,,,,,,,,
,,,,,,,,,,,,,,,,,,,IVR_IVP,IVR-IVP_25AUG26_Report_2026-07-28.xlsx,NIFTYNXT50,72430,-252.2,-0.35,11100,25,0.23,-,-,-,9.05 - 31.76,11.97 / 14.39 / 16.17,-,-,-,-,-,,,,,,,,,,,,,,,,,,,,,,,,,,,,,,
,,,,,,,,,,,,,,,,,,,IVR_IVP,IVR-IVP_25AUG26_Report_2026-07-28.xlsx,NMDC,83.31,-0.59,-0.7,302143500,897750,0.3,1.02,26.23,-1.47,13.00 - 48.01,15.59 / 15.50 / 19.70,38.9,41.06,68.25,69.23,33.15,,,,,,,,,,,,,,,,,,,,,,,,,,,,,,
,,,,,,,,,,,,,,,,,,,IVR_IVP,IVR-IVP_25AUG26_Report_2026-07-28.xlsx,NTPC,349.15,-2.5,-0.71,90846000,2733000,3.1,0.79,20.41,2.31,6.73 - 36.84,16.91 / 17.85 / 21.42,45.23,74.39,20.7,14.34,-4.72,,,,,,,,,,,,,,,,,,,,,,,,,,,,,,
,,,,,,,,,,,,,,,,,,,IVR_IVP,IVR-IVP_25AUG26_Report_2026-07-28.xlsx,NYKAA,330.3,1.2,0.36,43012500,159375,0.37,0.78,30.3,2.61,15.47 - 51.48,19.85 / 23.79 / 30.98,40.32,53.66,52.64,27.36,-2.19,,,,,,,,,,,,,,,,,,,,,,,,,,,,,,
,,,,,,,,,,,,,,,,,,,IVR_IVP,IVR-IVP_25AUG26_Report_2026-07-28.xlsx,OBEROIRLTY,1844,4.3,0.23,5141500,10850,0.21,0.49,27.93,-1.1,14.15 - 45.00,22.56 / 34.40 / 31.74,44.83,56.1,23.8,-18.81,-12,,,,,,,,,,,,,,,,,,,,,,,,,,,,,,
,,,,,,,,,,,,,,,,,,,IVR_IVP,IVR-IVP_25AUG26_Report_2026-07-28.xlsx,OFSS,11405,269,2.42,1169500,-3700,-0.32,0.74,37.94,1.88,13.10 - 74.39,51.48 / 44.56 / 45.77,40.61,78.46,-26.3,-14.86,-17.11,,,,,,,,,,,,,,,,,,,,,,,,,,,,,,
,,,,,,,,,,,,,,,,,,,IVR_IVP,IVR-IVP_25AUG26_Report_2026-07-28.xlsx,OIL,434.95,-4.05,-0.92,14880600,-5600,-0.04,0.83,28.77,8.69,14.18 - 47.82,41.74 / 31.58 / 29.23,42.06,44.31,-31.07,-8.9,-1.57,,,,,,,,,,,,,,,,,,,,,,,,,,,,,,
,,,,,,,,,,,,,,,,,,,IVR_IVP,IVR-IVP_25AUG26_Report_2026-07-28.xlsx,ONGC,238.65,-1.06,-0.44,48012750,254250,0.53,0.61,24.15,-3.09,5.62 - 98.39,28.08 / 25.45 / 25.57,20.3,74.39,-14,-5.11,-5.55,,,,,,,,,,,,,,,,,,,,,,,,,,,,,,
,,,,,,,,,,,,,,,,,,,IVR_IVP,IVR-IVP_25AUG26_Report_2026-07-28.xlsx,PAGEIND,40055,90,0.23,226800,1100,0.49,0.81,31.11,6.94,16.49 - 50.83,17.90 / 35.24 / 32.62,42.57,80.49,73.8,-11.72,-4.63,,,,,,,,,,,,,,,,,,,,,,,,,,,,,,
,,,,,,,,,,,,,,,,,,,IVR_IVP,IVR-IVP_25AUG26_Report_2026-07-28.xlsx,PATANJALI,348.85,-0.05,-0.01,25733350,-19350,-0.08,0.63,34.59,-1.31,13.61 - 78.80,91.12 / 64.89 / 53.30,32.5,84.15,-62.04,-46.69,-35.1,,,,,,,,,,,,,,,,,,,,,,,,,,,,,,
,,,,,,,,,,,,,,,,,,,IVR_IVP,IVR-IVP_25AUG26_Report_2026-07-28.xlsx,PAYTM,1310.7,9.7,0.75,18978325,482125,2.61,0.43,40.52,-1.72,14.24 - 58.75,29.37 / 47.54 / 44.12,59,86.18,37.96,-14.77,-8.16,,,,,,,,,,,,,,,,,,,,,,,,,,,,,,
,,,,,,,,,,,,,,,,,,,IVR_IVP,IVR-IVP_25AUG26_Report_2026-07-28.xlsx,PERSISTENT,5475,187.7,3.55,3519500,53875,1.55,0.79,39.54,0.13,15.89 - 64.18,37.78 / 44.24 / 58.56,48.73,76.83,4.66,-10.62,-32.48,,,,,,,,,,,,,,,,,,,,,,,,,,,,,,
,,,,,,,,,,,,,,,,,,,IVR_IVP,IVR-IVP_25AUG26_Report_2026-07-28.xlsx,PETRONET,273.7,-1,-0.36,26035700,98800,0.38,1.08,22.87,0.62,10.66 - 64.00,29.88 / 27.54 / 28.98,22.89,23.17,-23.46,-16.96,-21.08,,,,,,,,,,,,,,,,,,,,,,,,,,,,,,
,,,,,,,,,,,,,,,,,,,IVR_IVP,IVR-IVP_25AUG26_Report_2026-07-28.xlsx,PFC,419.8,2.5,0.6,39305500,289900,0.74,0.8,26.46,-0.45,13.77 - 46.37,22.14 / 22.92 / 24.39,38.59,52.85,19.51,15.45,8.49,,,,,,,,,,,,,,,,,,,,,,,,,,,,,,
,,,,,,,,,,,,,,,,,,,IVR_IVP,IVR-IVP_25AUG26_Report_2026-07-28.xlsx,PGEL,582.15,-1.2,-0.21,8720050,130150,1.52,0.69,47.86,1.08,18.96 - 75.34,45.43 / 42.25 / 46.41,51.26,77.24,5.35,13.28,3.12,,,,,,,,,,,,,,,,,,,,,,,,,,,,,,
,,,,,,,,,,,,,,,,,,,IVR_IVP,IVR-IVP_25AUG26_Report_2026-07-28.xlsx,PHOENIXLTD,2046.6,3.1,0.15,3184650,0,0,0.97,30.83,4.76,14.42 - 106.79,20.70 / 35.24 / 35.75,17.58,77.24,48.94,-12.51,-13.76,,,,,,,,,,,,,,,,,,,,,,,,,,,,,,
,,,,,,,,,,,,,,,,,,,IVR_IVP,IVR-IVP_25AUG26_Report_2026-07-28.xlsx,PIDILITIND,1625.8,3,0.18,6946500,28500,0.41,0.42,26.99,-0.07,12.70 - 34.64,29.64 / 27.71 / 24.33,66.27,85.37,-8.94,-2.6,10.93,,,,,,,,,,,,,,,,,,,,,,,,,,,,,,
,,,,,,,,,,,,,,,,,,,IVR_IVP,IVR-IVP_25AUG26_Report_2026-07-28.xlsx,PIIND,2734.3,-3.7,-0.14,2615725,3150,0.12,0.76,33.2,1.87,15.83 - 60.92,23.73 / 25.82 / 30.33,37.92,83.74,39.91,28.58,9.46,,,,,,,,,,,,,,,,,,,,,,,,,,,,,,
,,,,,,,,,,,,,,,,,,,IVR_IVP,IVR-IVP_25AUG26_Report_2026-07-28.xlsx,PNB,112.05,-0.3,-0.27,270200000,1720000,0.64,0.79,26.01,0.39,13.10 - 49.10,37.78 / 33.69 / 29.35,35.53,47.15,-31.15,-22.8,-11.38,,,,,,,,,,,,,,,,,,,,,,,,,,,,,,
,,,,,,,,,,,,,,,,,,,IVR_IVP,IVR-IVP_25AUG26_Report_2026-07-28.xlsx,PNBHOUSING,1073.8,-2.4,-0.22,6561750,15600,0.24,0.77,33.36,3.89,17.31 - 90.49,22.81 / 29.35 / 27.82,21.73,63.41,46.25,13.66,19.91,,,,,,,,,,,,,,,,,,,,,,,,,,,,,,
,,,,,,,,,,,,,,,,,,,IVR_IVP,IVR-IVP_25AUG26_Report_2026-07-28.xlsx,POLICYBZR,1573.4,12.2,0.78,8171800,33250,0.41,1.14,38.47,-0.49,13.79 - 49.94,33.20 / 39.42 / 36.54,68.66,77.24,15.87,-2.41,5.28,,,,,,,,,,,,,,,,,,,,,,,,,,,,,,
,,,,,,,,,,,,,,,,,,,IVR_IVP,IVR-IVP_25AUG26_Report_2026-07-28.xlsx,POLYCAB,9060,-1,-0.01,2008500,16375,0.82,0.65,26.38,1.34,13.83 - 43.96,37.48 / 33.05 / 33.53,40.19,52.44,-29.62,-20.18,-21.32,,,,,,,,,,,,,,,,,,,,,,,,,,,,,,
,,,,,,,,,,,,,,,,,,,IVR_IVP,IVR-IVP_25AUG26_Report_2026-07-28.xlsx,POWERGRID,286.5,-2.65,-0.92,38851200,294500,0.76,0.96,21.72,1.88,10.36 - 40.04,19.63 / 17.05 / 17.92,38.27,71.54,10.65,27.39,21.21,,,,,,,,,,,,,,,,,,,,,,,,,,,,,,
,,,,,,,,,,,,,,,,,,,IVR_IVP,IVR-IVP_25AUG26_Report_2026-07-28.xlsx,POWERINDIA,31015,-745,-2.35,457000,7850,1.75,1.01,42.29,0.93,17.79 - 124.75,48.97 / 55.07 / 53.20,23.5,78.11,-13.64,-23.21,-20.51,,,,,,,,,,,,,,,,,,,,,,,,,,,,,,
,,,,,,,,,,,,,,,,,,,IVR_IVP,IVR-IVP_25AUG26_Report_2026-07-28.xlsx,PREMIERENE,1038.6,0.3,0.03,6177600,16900,0.27,0.54,32.84,0.18,22.48 - 60.65,30.56 / 35.68 / 32.17,27.14,20.71,7.46,-7.96,2.08,,,,,,,,,,,,,,,,,,,,,,,,,,,,,,
,,,,,,,,,,,,,,,,,,,IVR_IVP,IVR-IVP_25AUG26_Report_2026-07-28.xlsx,PRESTIGE,1655.9,7.9,0.48,4508550,6300,0.14,0.55,39.55,4.22,14.99 - 51.78,45.72 / 45.77 / 44.94,66.59,86.59,-13.5,-13.59,-11.99,,,,,,,,,,,,,,,,,,,,,,,,,,,,,,
,,,,,,,,,,,,,,,,,,,IVR_IVP,IVR-IVP_25AUG26_Report_2026-07-28.xlsx,RADICO,4135,-43.1,-1.03,630000,-3000,-0.47,0.29,34.66,-2.2,16.53 - 46.92,20.88 / 30.29 / 29.25,59.66,61.9,66,14.43,18.5,,,,,,,,,,,,,,,,,,,,,,,,,,,,,,
,,,,,,,,,,,,,,,,,,,IVR_IVP,IVR-IVP_25AUG26_Report_2026-07-28.xlsx,RBLBANK,367.1,3.2,0.88,39544625,644525,1.66,0.83,29.2,-3.25,15.75 - 90.36,33.73 / 41.72 / 37.87,18.03,35.37,-13.43,-30.01,-22.89,,,,,,,,,,,,,,,,,,,,,,,,,,,,,,
,,,,,,,,,,,,,,,,,,,IVR_IVP,IVR-IVP_25AUG26_Report_2026-07-28.xlsx,RECLTD,366,1.35,0.37,37669275,297675,0.8,0.93,22.27,0.95,15.03 - 44.52,21.16 / 23.48 / 25.93,23.64,14.63,5.25,-5.15,-14.11,,,,,,,,,,,,,,,,,,,,,,,,,,,,,,
,,,,,,,,,,,,,,,,,,,IVR_IVP,IVR-IVP_25AUG26_Report_2026-07-28.xlsx,RELIANCE,1281.6,-4.9,-0.38,89513000,1792500,2.04,0.85,22,0.69,8.02 - 29.53,21.11 / 22.81 / 22.02,64.9,64.23,4.22,-3.55,-0.09,,,,,,,,,,,,,,,,,,,,,,,,,,,,,,
,,,,,,,,,,,,,,,,,,,IVR_IVP,IVR-IVP_25AUG26_Report_2026-07-28.xlsx,RVNL,223.34,-0.11,-0.05,27714225,40425,0.15,0.93,37.82,0.32,18.29 - 68.17,13.71 / 22.69 / 25.27,39.17,50.81,175.86,66.68,49.66,,,,,,,,,,,,,,,,,,,,,,,,,,,,,,
,,,,,,,,,,,,,,,,,,,IVR_IVP,IVR-IVP_25AUG26_Report_2026-07-28.xlsx,SAIL,161.89,-1.72,-1.05,182787700,864800,0.48,0.63,35.08,-2.88,16.62 - 80.83,13.71 / 24.33 / 27.84,28.75,65.85,155.87,44.18,26.01,,,,,,,,,,,,,,,,,,,,,,,,,,,,,,
,,,,,,,,,,,,,,,,,,,IVR_IVP,IVR-IVP_25AUG26_Report_2026-07-28.xlsx,SBICARD,657,13.8,2.15,21382400,47200,0.22,0.77,28.08,0.39,14.30 - 62.50,40.62 / 37.35 / 39.73,28.15,59.35,-30.87,-24.82,-29.32,,,,,,,,,,,,,,,,,,,,,,,,,,,,,,
,,,,,,,,,,,,,,,,,,,IVR_IVP,IVR-IVP_25AUG26_Report_2026-07-28.xlsx,SBILIFE,1880.8,8.3,0.44,6613125,58500,0.89,0.73,22.53,0.67,8.10 - 40.80,26.18 / 26.99 / 26.16,44.13,75.2,-13.94,-16.52,-13.88,,,,,,,,,,,,,,,,,,,,,,,,,,,,,,
,,,,,,,,,,,,,,,,,,,IVR_IVP,IVR-IVP_25AUG26_Report_2026-07-28.xlsx,SBIN,1020.1,-7.4,-0.72,71430750,439500,0.62,0.99,25.84,5.08,9.74 - 37.31,26.67 / 24.07 / 22.62,58,81.71,-3.11,7.35,14.24,,,,,,,,,,,,,,,,,,,,,,,,,,,,,,
,,,,,,,,,,,,,,,,,,,IVR_IVP,IVR-IVP_25AUG26_Report_2026-07-28.xlsx,SENSEX,77241.2,-113.4,-0.15,23220,420,1.84,1.2,12.13,1.42,7.66 - 41.34,13.86 / 15.37 / 14.79,13.27,54.88,-12.48,-21.08,-17.99,,,,,,,,,,,,,,,,,,,,,,,,,,,,,,
,,,,,,,,,,,,,,,,,,,IVR_IVP,IVR-IVP_25AUG26_Report_2026-07-28.xlsx,SHREECEM,26740,5,0.02,294525,50,0.02,0.95,26.28,4.83,11.81 - 42.75,26.44 / 28.28 / 31.00,46.77,69.92,-0.61,-7.07,-15.23,,,,,,,,,,,,,,,,,,,,,,,,,,,,,,
,,,,,,,,,,,,,,,,,,,IVR_IVP,IVR-IVP_25AUG26_Report_2026-07-28.xlsx,SHRIRAMFIN,1044.9,1.9,0.18,26726700,243375,0.92,0.52,28.58,-2.06,18.47 - 56.96,43.83 / 39.35 / 37.29,26.92,34.55,-34.79,-27.37,-23.36,,,,,,,,,,,,,,,,,,,,,,,,,,,,,,
,,,,,,,,,,,,,,,,,,,IVR_IVP,IVR-IVP_25AUG26_Report_2026-07-28.xlsx,SIEMENS,3604.9,-78.5,-2.13,3361750,40600,1.22,0.62,36.3,3.1,14.00 - 71.99,17.34 / 21.31 / 26.04,37.97,82.11,109.34,70.34,39.4,,,,,,,,,,,,,,,,,,,,,,,,,,,,,,
,,,,,,,,,,,,,,,,,,,IVR_IVP,IVR-IVP_25AUG26_Report_2026-07-28.xlsx,SOLARINDS,18393,-351,-1.87,696700,9900,1.44,0.88,35.22,-1.15,8.66 - 57.71,23.07 / 38.96 / 38.87,54.07,71.54,52.67,-9.6,-9.39,,,,,,,,,,,,,,,,,,,,,,,,,,,,,,
,,,,,,,,,,,,,,,,,,,IVR_IVP,IVR-IVP_25AUG26_Report_2026-07-28.xlsx,SONACOMS,711.75,-8.15,-1.13,10569300,-44100,-0.42,0.57,30.96,2.11,20.66 - 97.30,28.26 / 35.81 / 29.96,13.71,30.08,9.55,-13.54,3.34,,,,,,,,,,,,,,,,,,,,,,,,,,,,,,
,,,,,,,,,,,,,,,,,,,IVR_IVP,IVR-IVP_25AUG26_Report_2026-07-28.xlsx,SRF,2639.2,-6.4,-0.24,4012200,5600,0.14,0.4,27.27,-2.47,12.58 - 53.21,65.27 / 51.62 / 43.61,36.48,65.85,-58.22,-47.17,-37.47,,,,,,,,,,,,,,,,,,,,,,,,,,,,,,
,,,,,,,,,,,,,,,,,,,IVR_IVP,IVR-IVP_25AUG26_Report_2026-07-28.xlsx,SUNPHARMA,1986,6.4,0.32,13256250,41650,0.32,0.84,23.05,-0.77,8.21 - 34.78,17.55 / 19.37 / 16.99,56.3,91.46,31.34,19,35.67,,,,,,,,,,,,,,,,,,,,,,,,,,,,,,
,,,,,,,,,,,,,,,,,,,IVR_IVP,IVR-IVP_25AUG26_Report_2026-07-28.xlsx,SUPREMEIND,3312.1,-32.2,-0.96,1974875,11900,0.61,0.65,35.13,-0.65,17.47 - 62.87,38.68 / 33.74 / 40.48,38.83,85.77,-9.18,4.12,-13.22,,,,,,,,,,,,,,,,,,,,,,,,,,,,,,
,,,,,,,,,,,,,,,,,,,IVR_IVP,IVR-IVP_25AUG26_Report_2026-07-28.xlsx,SUZLON,52.25,-1.06,-1.99,366306100,6832600,1.9,0.54,43.29,9.13,10.07 - 87.65,21.36 / 27.73 / 30.77,42.79,84.3,102.67,56.11,40.69,,,,,,,,,,,,,,,,,,,,,,,,,,,,,,
,,,,,,,,,,,,,,,,,,,IVR_IVP,IVR-IVP_25AUG26_Report_2026-07-28.xlsx,SWIGGY,265.25,6.3,2.43,44581100,355875,0.8,0.82,43.68,1.04,27.67 - 52.28,50.79 / 61.36 / 52.91,69.08,72.14,-14,-28.81,-17.44,,,,,,,,,,,,,,,,,,,,,,,,,,,,,,
,,,,,,,,,,,,,,,,,,,IVR_IVP,IVR-IVP_25AUG26_Report_2026-07-28.xlsx,TATACONSUM,1106.1,-6.9,-0.62,14099800,62150,0.44,0.74,23.44,1.21,15.48 - 41.34,21.57 / 28.39 / 28.40,30.67,63.41,8.67,-17.44,-17.46,,,,,,,,,,,,,,,,,,,,,,,,,,,,,,
,,,,,,,,,,,,,,,,,,,IVR_IVP,IVR-IVP_25AUG26_Report_2026-07-28.xlsx,TATAELXSI,3641.2,77.8,2.18,2688875,-28375,-1.04,0.64,34,3.88,14.13 - 58.57,48.63 / 52.06 / 43.51,44.8,62.6,-30.08,-34.69,-21.86,,,,,,,,,,,,,,,,,,,,,,,,,,,,,,
,,,,,,,,,,,,,,,,,,,IVR_IVP,IVR-IVP_25AUG26_Report_2026-07-28.xlsx,TATAPOWER,374.55,-4.65,-1.23,41913700,2177900,5.48,0.67,24.4,-0.69,12.26 - 51.71,17.53 / 19.90 / 21.13,30.85,63.01,39.19,22.61,15.48,,,,,,,,,,,,,,,,,,,,,,,,,,,,,,
,,,,,,,,,,,,,,,,,,,IVR_IVP,IVR-IVP_25AUG26_Report_2026-07-28.xlsx,TATASTEEL,184.5,-0.95,-0.51,139675250,1303500,0.94,0.98,27.12,-1.17,10.03 - 42.90,15.83 / 20.14 / 21.04,52.21,67.48,71.32,34.66,28.9,,,,,,,,,,,,,,,,,,,,,,,,,,,,,,
,,,,,,,,,,,,,,,,,,,IVR_IVP,IVR-IVP_25AUG26_Report_2026-07-28.xlsx,TCS,2376,69.2,3,33427575,414900,1.26,1.14,25.66,2.23,10.28 - 37.75,26.24 / 41.94 / 40.24,56.35,66.67,-2.21,-38.82,-36.23,,,,,,,,,,,,,,,,,,,,,,,,,,,,,,
,,,,,,,,,,,,,,,,,,,IVR_IVP,IVR-IVP_25AUG26_Report_2026-07-28.xlsx,TECHM,1625.6,47.2,2.99,17024400,141000,0.84,0.5,28.81,5.96,9.15 - 40.19,28.84 / 38.35 / 36.83,63.56,73.98,-0.1,-24.88,-21.78,,,,,,,,,,,,,,,,,,,,,,,,,,,,,,
,,,,,,,,,,,,,,,,,,,IVR_IVP,IVR-IVP_25AUG26_Report_2026-07-28.xlsx,TIINDIA,2818.1,-44.2,-1.54,1825600,11800,0.65,0.93,38.15,0.42,15.40 - 51.23,30.88 / 32.31 / 33.10,64.22,86.99,23.54,18.07,15.26,,,,,,,,,,,,,,,,,,,,,,,,,,,,,,
,,,,,,,,,,,,,,,,,,,IVR_IVP,IVR-IVP_25AUG26_Report_2026-07-28.xlsx,TITAN,4762.8,5.3,0.11,5069225,35175,0.7,0.83,23.62,-1.05,7.46 - 38.76,12.55 / 19.81 / 20.58,51.92,73.98,88.21,19.23,14.77,,,,,,,,,,,,,,,,,,,,,,,,,,,,,,
,,,,,,,,,,,,,,,,,,,IVR_IVP,IVR-IVP_25AUG26_Report_2026-07-28.xlsx,TMPV,326.4,-3.25,-0.99,62672000,1790400,2.94,0.91,34.47,2.32,15.47 - 44.77,22.89 / 26.64 / 38.22,64.85,76.34,50.59,29.39,-9.81,,,,,,,,,,,,,,,,,,,,,,,,,,,,,,
,,,,,,,,,,,,,,,,,,,IVR_IVP,IVR-IVP_25AUG26_Report_2026-07-28.xlsx,TORNTPHARM,5013.2,19,0.38,4533125,3125,0.07,0.58,28.18,-2.22,10.90 - 56.54,46.69 / 34.11 / 30.86,36.92,86.18,-39.64,-17.38,-8.68,,,,,,,,,,,,,,,,,,,,,,,,,,,,,,
,,,,,,,,,,,,,,,,,,,IVR_IVP,IVR-IVP_25AUG26_Report_2026-07-28.xlsx,TRENT,2926.2,-9.3,-0.32,11264175,3150,0.03,0.79,32.11,0.94,16.48 - 59.18,24.22 / 56.69 / 58.31,36.6,75.61,32.58,-43.36,-44.93,,,,,,,,,,,,,,,,,,,,,,,,,,,,,,
,,,,,,,,,,,,,,,,,,,IVR_IVP,IVR-IVP_25AUG26_Report_2026-07-28.xlsx,TVSMOTOR,3918.4,17.3,0.44,11700675,26775,0.23,0.57,26.54,-1.99,14.16 - 41.67,44.04 / 36.70 / 38.15,45.66,67.48,-39.74,-27.68,-30.43,,,,,,,,,,,,,,,,,,,,,,,,,,,,,,
,,,,,,,,,,,,,,,,,,,IVR_IVP,IVR-IVP_25AUG26_Report_2026-07-28.xlsx,ULTRACEMCO,11937,12,0.1,1548900,5200,0.34,0.53,21.19,1.88,12.30 - 47.01,25.04 / 25.93 / 24.95,26.02,59.76,-15.38,-18.28,-15.07,,,,,,,,,,,,,,,,,,,,,,,,,,,,,,
,,,,,,,,,,,,,,,,,,,IVR_IVP,IVR-IVP_25AUG26_Report_2026-07-28.xlsx,UNIONBANK,170.4,-0.69,-0.4,110155950,544275,0.5,0.81,29.35,-0.31,12.77 - 48.98,39.31 / 51.77 / 42.98,46.59,41.87,-25.34,-43.31,-31.71,,,,,,,,,,,,,,,,,,,,,,,,,,,,,,
,,,,,,,,,,,,,,,,,,,IVR_IVP,IVR-IVP_25AUG26_Report_2026-07-28.xlsx,UNITDSPR,1494.9,3.8,0.25,7611200,26800,0.35,1,21.94,0,16.23 - 37.59,23.32 / 25.96 / 30.03,27.43,43.9,-5.92,-15.49,-26.94,,,,,,,,,,,,,,,,,,,,,,,,,,,,,,
,,,,,,,,,,,,,,,,,,,IVR_IVP,IVR-IVP_25AUG26_Report_2026-07-28.xlsx,UNOMINDA,1165,-5.2,-0.44,4427500,31350,0.71,1.19,36.07,1.41,13.16 - 45.98,26.92 / 25.36 / 37.86,70.69,77.24,33.99,42.23,-4.73,,,,,,,,,,,,,,,,,,,,,,,,,,,,,,
,,,,,,,,,,,,,,,,,,,IVR_IVP,IVR-IVP_25AUG26_Report_2026-07-28.xlsx,UPL,609.4,-2.55,-0.42,24276180,67750,0.28,1.01,31.11,0.35,13.55 - 62.38,37.96 / 39.17 / 35.96,35.63,78.86,-18.05,-20.58,-13.49,,,,,,,,,,,,,,,,,,,,,,,,,,,,,,
,,,,,,,,,,,,,,,,,,,IVR_IVP,IVR-IVP_25AUG26_Report_2026-07-28.xlsx,VBL,468.05,2.1,0.45,46212375,640050,1.4,0.5,34.5,0.06,12.54 - 58.48,18.35 / 28.22 / 30.19,48.63,85.77,88.01,22.25,14.28,,,,,,,,,,,,,,,,,,,,,,,,,,,,,,
,,,,,,,,,,,,,,,,,,,IVR_IVP,IVR-IVP_25AUG26_Report_2026-07-28.xlsx,VEDL,263.85,-2.7,-1.01,40728400,514050,1.28,0.77,35.58,-1.6,0.41 - 51.01,33.11 / 28.20 / 42.31,69.86,58.94,7.46,26.17,-15.91,,,,,,,,,,,,,,,,,,,,,,,,,,,,,,
,,,,,,,,,,,,,,,,,,,IVR_IVP,IVR-IVP_25AUG26_Report_2026-07-28.xlsx,VMM,109.63,-0.61,-0.55,38610850,-14550,-0.04,0.49,31.62,5.75,25.31 - 62.92,30.69 / 33.81 / 31.36,15.77,27.85,3.03,-6.48,0.83,,,,,,,,,,,,,,,,,,,,,,,,,,,,,,
,,,,,,,,,,,,,,,,,,,IVR_IVP,IVR-IVP_25AUG26_Report_2026-07-28.xlsx,VOLTAS,1313.6,-13.5,-1.02,6732000,99375,1.5,1.29,33.7,0.75,16.09 - 53.68,31.69 / 34.74 / 32.62,46.95,76.83,6.34,-2.99,3.31,,,,,,,,,,,,,,,,,,,,,,,,,,,,,,
,,,,,,,,,,,,,,,,,,,IVR_IVP,IVR-IVP_25AUG26_Report_2026-07-28.xlsx,WAAREEENER,2756.6,18.9,0.69,6588575,-35175,-0.53,1.38,38.42,0.92,20.66 - 65.89,27.12 / 27.87 / 28.72,39.69,50.71,41.67,37.85,33.77,,,,,,,,,,,,,,,,,,,,,,,,,,,,,,
,,,,,,,,,,,,,,,,,,,IVR_IVP,IVR-IVP_25AUG26_Report_2026-07-28.xlsx,WIPRO,178.15,2.86,1.63,276711000,-1446000,-0.52,0.78,27.04,3.13,13.16 - 41.85,19.91 / 24.62 / 24.05,47.93,60.16,35.81,9.83,12.43,,,,,,,,,,,,,,,,,,,,,,,,,,,,,,
,,,,,,,,,,,,,,,,,,,IVR_IVP,IVR-IVP_25AUG26_Report_2026-07-28.xlsx,YESBANK,22.98,-0.12,-0.52,896861800,11258200,1.27,0.58,26.8,-0.52,11.97 - 43.39,21.24 / 26.62 / 33.54,47.68,41.46,26.18,0.68,-20.1,,,,,,,,,,,,,,,,,,,,,,,,,,,,,,
,,,,,,,,,,,,,,,,,,,IVR_IVP,IVR-IVP_25AUG26_Report_2026-07-28.xlsx,ZYDUSLIFE,1115.5,0,0,9065700,32400,0.36,0.86,27.05,-1.42,13.77 - 38.88,18.88 / 23.77 / 24.89,53.64,82.52,43.27,13.8,8.68,,,,,,,,,,,,,,,,,,,,,,,,,,,,,,
LTF,,,,,,-2.45,,,,,,,,,,,,,RESISTANCE,Resistance_25AUG26_Scan_28_7_2026 (1).xlsx,,,,,,,,,,,,,,,,,,308.0,-0.79,21828.0,159.0,0.73,0.71,300.0,575.0,8.0,775.0,9.0,2.67,SB,,,,,,,,,,,,,,,,,
LAURUSLABS,,,,,,12.2,,,,,,,,,,,,,RESISTANCE,Resistance_25AUG26_Scan_28_7_2026 (1).xlsx,,,,,,,,,,,,,,,,,,1735.1,0.71,19557.0,219.0,1.13,0.74,1700.0,1200.0,-19.0,776.0,14.0,2.06,LB,,,,,,,,,,,,,,,,,
HCLTECH,,,,,,30.3,,,,,,,,,,,,,RESISTANCE,Resistance_25AUG26_Scan_28_7_2026 (1).xlsx,,,,,,,,,,,,,,,,,,1326.5,2.34,70969.0,61.0,0.09,0.84,1300.0,1202.0,-15.0,911.0,176.0,2.04,LB,,,,,,,,,,,,,,,,,
MPHASIS,,,,,,98.9,,,,,,,,,,,,,RESISTANCE,Resistance_25AUG26_Scan_28_7_2026 (1).xlsx,,,,,,,,,,,,,,,,,,2447.7,4.21,15511.0,315.0,2.07,0.65,2400.0,538.0,-6.0,160.0,122.0,1.99,LB,,,,,,,,,,,,,,,,,
M&M,,,,,,1.2,,,,,,,,,,,,,RESISTANCE,Resistance_25AUG26_Scan_28_7_2026 (1).xlsx,,,,,,,,,,,,,,,,,,3251.6,0.04,68283.0,254.0,0.37,0.91,3200.0,2896.0,2.0,2948.0,54.0,1.61,LB,,,,,,,,,,,,,,,,,
TECHM,,,,,,47.2,,,,,,,,,,,,,RESISTANCE,Resistance_25AUG26_Scan_28_7_2026 (1).xlsx,,,,,,,,,,,,,,,,,,1625.6,2.99,28374.0,235.0,0.84,0.5,1600.0,3187.0,58.0,399.0,27.0,1.6,LB,,,,,,,,,,,,,,,,,
ASIANPAINT,,,,,,15.1,,,,,,,,,,,,,RESISTANCE,Resistance_25AUG26_Scan_28_7_2026 (1).xlsx,,,,,,,,,,,,,,,,,,2740.8,0.55,28205.0,166.0,0.59,0.73,2700.0,1181.0,10.0,465.0,52.0,1.51,LB,,,,,,,,,,,,,,,,,
VEDL,,,,,,-2.7,,,,,,,,,,,,,RESISTANCE,Resistance_25AUG26_Scan_28_7_2026 (1).xlsx,,,,,,,,,,,,,,,,,,263.85,-1.01,35416.0,447.0,1.28,0.77,260.0,2602.0,39.0,2695.0,3.0,1.48,SB,,,,,,,,,,,,,,,,,
LTM,,,,,,142.4,,,,,,,,,,,,,RESISTANCE,Resistance_25AUG26_Scan_28_7_2026 (1).xlsx,,,,,,,,,,,,,,,,,,4360.0,3.38,20375.0,341.0,1.7,0.72,4300.0,480.0,266.0,110.0,68.0,1.4,LB,,,,,,,,,,,,,,,,,
TITAN,,,,,,5.3,,,,,,,,,,,,,RESISTANCE,Resistance_25AUG26_Scan_28_7_2026 (1).xlsx,,,,,,,,,,,,,,,,,,4762.8,0.11,28967.0,201.0,0.7,0.83,4700.0,984.0,-11.0,678.0,48.0,1.34,LB,,,,,,,,,,,,,,,,,
PIIND,,,,,,-3.7,,,,,,,,,,,,,RESISTANCE,Resistance_25AUG26_Scan_28_7_2026 (1).xlsx,,,,,,,,,,,,,,,,,,2734.3,-0.14,14947.0,18.0,0.12,0.76,2700.0,704.0,0.0,421.0,0.0,1.27,SB,,,,,,,,,,,,,,,,,
BAJAJFINSV,,,,,,-1.4,,,,,,,,,,,,,RESISTANCE,Resistance_25AUG26_Scan_28_7_2026 (1).xlsx,,,,,,,,,,,,,,,,,,1923.0,-0.07,28287.0,120.0,0.43,0.82,1900.0,1116.0,9.0,705.0,-2.0,1.21,SB,,,,,,,,,,,,,,,,,
MAXHEALTH,,,,,,2.8,,,,,,,,,,,,,RESISTANCE,Resistance_25AUG26_Scan_28_7_2026 (1).xlsx,,,,,,,,,,,,,,,,,,1113.3,0.25,17904.0,27.0,0.15,0.91,1100.0,530.0,7.0,576.0,10.0,1.21,LB,,,,,,,,,,,,,,,,,
INDIGO,,,,,,2.0,,,,,,,,,,,,,RESISTANCE,Resistance_25AUG26_Scan_28_7_2026 (1).xlsx,,,,,,,,,,,,,,,,,,5258.5,0.04,36832.0,20.0,0.05,0.98,5200.0,1295.0,68.0,869.0,65.0,1.13,LB,,,,,,,,,,,,,,,,,
INFY,,,,,,28.4,,,,,,,,,,,,,RESISTANCE,Resistance_25AUG26_Scan_28_7_2026 (1).xlsx,,,,,,,,,,,,,,,,,,1111.8,2.62,231630.0,7038.0,3.13,1.04,1100.0,11916.0,-78.0,5739.0,701.0,1.07,LB,,,,,,,,,,,,,,,,,
SENSEX,,,,,,-113.4,,,,,,,,,,,,,RESISTANCE,Resistance_25AUG26_Scan_28_7_2026 (1).xlsx,,,,,,,,,,,,,,,,,,77241.2,-0.15,1161.0,21.0,1.84,1.2,76500.0,1523.0,-14.0,1464.0,-1.0,0.97,SB,,,,,,,,,,,,,,,,,
MIDCPNIFTY,,,,,,-8.55,,,,,,,,,,,,,RESISTANCE,Resistance_25AUG26_Scan_28_7_2026 (1).xlsx,,,,,,,,,,,,,,,,,,14637.75,-0.06,12788.0,93.0,0.73,0.82,14500.0,1278.0,-11.0,1237.0,15.0,0.95,SB,,,,,,,,,,,,,,,,,
TRENT,,,,,,-9.3,,,,,,,,,,,,,RESISTANCE,Resistance_25AUG26_Scan_28_7_2026 (1).xlsx,,,,,,,,,,,,,,,,,,2926.2,-0.32,50063.0,14.0,0.03,0.79,2900.0,1844.0,6.0,1489.0,-4.0,0.9,SB,,,,,,,,,,,,,,,,,
PAYTM,,,,,,9.7,,,,,,,,,,,,,RESISTANCE,Resistance_25AUG26_Scan_28_7_2026 (1).xlsx,,,,,,,,,,,,,,,,,,1310.7,0.75,26177.0,665.0,2.61,0.43,1300.0,2392.0,-64.0,538.0,15.0,0.82,LB,,,,,,,,,,,,,,,,,
POLYCAB,,,,,,-1.0,,,,,,,,,,,,,RESISTANCE,Resistance_25AUG26_Scan_28_7_2026 (1).xlsx,,,,,,,,,,,,,,,,,,9060.0,-0.01,16068.0,131.0,0.82,0.65,9000.0,1029.0,100.0,702.0,14.0,0.67,SB,,,,,,,,,,,,,,,,,
JUBLFOOD,,,,,,5.05,,,,,,,,,,,,,RESISTANCE,Resistance_25AUG26_Scan_28_7_2026 (1).xlsx,,,,,,,,,,,,,,,,,,432.8,1.18,13343.0,-86.0,-0.64,0.92,430.0,528.0,-6.0,192.0,1.0,0.65,SC,,,,,,,,,,,,,,,,,
APLAPOLLO,,,,,,-7.5,,,,,,,,,,,,,RESISTANCE,Resistance_25AUG26_Scan_28_7_2026 (1).xlsx,,,,,,,,,,,,,,,,,,1850.5,-0.4,11148.0,127.0,1.15,0.8,1840.0,397.0,0.0,330.0,-9.0,0.57,SB,,,,,,,,,,,,,,,,,
BHARTIARTL,,,,,,-7.0,,,,,,,,,,,,,RESISTANCE,Resistance_25AUG26_Scan_28_7_2026 (1).xlsx,,,,,,,,,,,,,,,,,,1910.5,-0.37,116329.0,364.0,0.31,0.88,1900.0,1806.0,169.0,1483.0,10.0,0.55,SB,,,,,,,,,,,,,,,,,
TATACONSUM,,,,,,-6.9,,,,,,,,,,,,,RESISTANCE,Resistance_25AUG26_Scan_28_7_2026 (1).xlsx,,,,,,,,,,,,,,,,,,1106.1,-0.62,25636.0,113.0,0.44,0.74,1100.0,647.0,15.0,623.0,6.0,0.55,SB,,,,,,,,,,,,,,,,,
GODREJPROP,,,,,,32.8,,,,,,,,,,,,,RESISTANCE,Resistance_25AUG26_Scan_28_7_2026 (1).xlsx,,,,,,,,,,,,,,,,,,2111.1,1.58,17959.0,202.0,1.14,0.52,2100.0,546.0,56.0,230.0,0.0,0.53,LB,,,,,,,,,,,,,,,,,
IEX,,,,,,2.83,,,,,,,,,,,,,RESISTANCE,Resistance_25AUG26_Scan_28_7_2026 (1).xlsx,,,,,,,,,,,,,,,,,,130.51,2.22,13060.0,72.0,0.55,0.79,130.0,941.0,24.0,246.0,37.0,0.39,LB,,,,,,,,,,,,,,,,,
NIFTY,,,,,,-17.7,,,,,,,,,,,,,RESISTANCE,Resistance_25AUG26_Scan_28_7_2026 (1).xlsx,,,,,,,,,,,,,,,,,,24084.1,-0.07,158661.0,1782.0,1.14,1.1,24000.0,112311.0,896.0,112017.0,989.0,0.35,SB,,,,,,,,,,,,,,,,,
TORNTPHARM,,,,,,19.0,,,,,,,,,,,,,RESISTANCE,Resistance_25AUG26_Scan_28_7_2026 (1).xlsx,,,,,,,,,,,,,,,,,,5013.2,0.38,36265.0,25.0,0.07,0.58,5000.0,1297.0,-18.0,545.0,-10.0,0.26,LB,,,,,,,,,,,,,,,,,
HINDUNILVR,,,,,,18.9,,,,,,,,,,,,,RESISTANCE,Resistance_25AUG26_Scan_28_7_2026 (1).xlsx,,,,,,,,,,,,,,,,,,2205.0,0.86,52907.0,858.0,1.65,0.81,2200.0,1808.0,80.0,1030.0,83.0,0.23,LB,,,,,,,,,,,,,,,,,
BPCL,,,,,,2.05,,,,,,,,,,,,,RESISTANCE,Resistance_25AUG26_Scan_28_7_2026 (1).xlsx,,,,,,,,,,,,,,,,,,320.65,0.64,18393.0,63.0,0.34,0.83,320.0,685.0,37.0,292.0,5.0,0.2,LB,,,,,,,,,,,,,,,,,
FEDERALBNK,,,,,,-1.4,,,,,,,,,,,,,RESISTANCE,Resistance_25AUG26_Scan_28_7_2026 (1).xlsx,,,,,,,,,,,,,,,,,,355.4,-0.39,35138.0,81.0,0.23,0.88,355.0,780.0,121.0,342.0,7.0,0.11,SB,,,,,,,,,,,,,,,,,
NYKAA,,,,,,1.2,,,,,,,,,,,,,RESISTANCE,Resistance_25AUG26_Scan_28_7_2026 (1).xlsx,,,,,,,,,,,,,,,,,,330.3,0.36,13764.0,51.0,0.37,0.78,330.0,230.0,42.0,44.0,0.0,0.09,LB,,,,,,,,,,,,,,,,,
LODHA,,,,,,43.65,,,,,,,,,,,,,RESISTANCE,Resistance_25AUG26_Scan_28_7_2026 (1).xlsx,,,,,,,,,,,,,,,,,,1200.35,3.77,21980.0,239.0,1.1,0.64,1200.0,987.0,-151.0,542.0,137.0,0.03,LB,,,,,,,,,,,,,,,,,
COCHINSHIP,,,,,,-5.0,,,,,,,,,,,,,RESISTANCE,Resistance_25AUG26_Scan_28_7_2026 (1).xlsx,,,,,,,,,,,,,,,,,,1400.1,-0.36,13155.0,35.0,0.27,0.85,1400.0,795.0,2.0,461.0,4.0,0.01,SB,,,,,,,,,,,,,,,,,
GAIL,,,,,,-0.47,,,,,,,,,,,,,RESISTANCE,Resistance_25AUG26_Scan_28_7_2026 (1).xlsx,,,,,,,,,,,,,,,,,,174.98,-0.27,19719.0,156.0,0.8,0.87,175.0,759.0,80.0,262.0,16.0,-0.01,SB,,,,,,,,,,,,,,,,,
PFC,,,,,,2.5,,,,,,,,,,,,,RESISTANCE,Resistance_25AUG26_Scan_28_7_2026 (1).xlsx,,,,,,,,,,,,,,,,,,419.8,0.6,30235.0,223.0,0.74,0.8,420.0,674.0,131.0,330.0,49.0,-0.05,LB,,,,,,,,,,,,,,,,,
CHOLAFIN,,,,,,-0.7,,,,,,,,,,,,,RESISTANCE,Resistance_25AUG26_Scan_28_7_2026 (1).xlsx,,,,,,,,,,,,,,,,,,1798.0,-0.04,18789.0,368.0,2.0,0.64,1800.0,614.0,49.0,309.0,13.0,-0.11,SB,,,,,,,,,,,,,,,,,
DIVISLAB,,,,,,23.0,,,,,,,,,,,,,RESISTANCE,Resistance_25AUG26_Scan_28_7_2026 (1).xlsx,,,,,,,,,,,,,,,,,,7485.0,0.31,33951.0,134.0,0.4,0.7,7500.0,856.0,45.0,454.0,7.0,-0.2,LB,,,,,,,,,,,,,,,,,
INDUSINDBK,,,,,,-10.3,,,,,,,,,,,,,RESISTANCE,Resistance_25AUG26_Scan_28_7_2026 (1).xlsx,,,,,,,,,,,,,,,,,,998.0,-1.02,48323.0,133.0,0.28,0.8,1000.0,1161.0,45.0,1403.0,44.0,-0.2,SB,,,,,,,,,,,,,,,,,
NTPC,,,,,,-2.5,,,,,,,,,,,,,RESISTANCE,Resistance_25AUG26_Scan_28_7_2026 (1).xlsx,,,,,,,,,,,,,,,,,,349.15,-0.71,60564.0,1822.0,3.1,0.79,350.0,1618.0,196.0,1064.0,98.0,-0.24,SB,,,,,,,,,,,,,,,,,
ITC,,,,,,1.35,,,,,,,,,,,,,RESISTANCE,Resistance_25AUG26_Scan_28_7_2026 (1).xlsx,,,,,,,,,,,,,,,,,,289.15,0.47,78331.0,1904.0,2.49,0.79,290.0,4427.0,-342.0,2331.0,136.0,-0.29,LB,,,,,,,,,,,,,,,,,
ETERNAL,,,,,,2.5,,,,,,,,,,,,,RESISTANCE,Resistance_25AUG26_Scan_28_7_2026 (1).xlsx,,,,,,,,,,,,,,,,,,299.0,0.84,59998.0,1016.0,1.72,0.65,300.0,2930.0,210.0,888.0,78.0,-0.33,LB,,,,,,,,,,,,,,,,,
PATANJALI,,,,,,-0.05,,,,,,,,,,,,,RESISTANCE,Resistance_25AUG26_Scan_28_7_2026 (1).xlsx,,,,,,,,,,,,,,,,,,348.85,-0.01,23938.0,-18.0,-0.08,0.63,350.0,1424.0,-8.0,969.0,-6.0,-0.33,LU,,,,,,,,,,,,,,,,,
UNITDSPR,,,,,,3.8,,,,,,,,,,,,,RESISTANCE,Resistance_25AUG26_Scan_28_7_2026 (1).xlsx,,,,,,,,,,,,,,,,,,1494.9,0.25,19028.0,67.0,0.35,1.0,1500.0,1403.0,63.0,1187.0,-1.0,-0.34,LB,,,,,,,,,,,,,,,,,
VMM,,,,,,-0.61,,,,,,,,,,,,,RESISTANCE,Resistance_25AUG26_Scan_28_7_2026 (1).xlsx,,,,,,,,,,,,,,,,,,109.63,-0.55,7961.0,-3.0,-0.04,0.49,110.0,400.0,1.0,0.0,,-0.34,LU,,,,,,,,,,,,,,,,,
HINDPETRO,,,,,,1.9,,,,,,,,,,,,,RESISTANCE,Resistance_25AUG26_Scan_28_7_2026 (1).xlsx,,,,,,,,,,,,,,,,,,398.45,0.48,19158.0,171.0,0.9,0.84,400.0,867.0,-7.0,581.0,0.0,-0.39,LB,,,,,,,,,,,,,,,,,
BRITANNIA,,,,,,52.5,,,,,,,,,,,,,RESISTANCE,Resistance_25AUG26_Scan_28_7_2026 (1).xlsx,,,,,,,,,,,,,,,,,,5377.5,0.99,15439.0,-3.0,-0.02,0.94,5400.0,416.0,22.0,128.0,10.0,-0.42,SC,,,,,,,,,,,,,,,,,
PERSISTENT,,,,,,187.7,,,,,,,,,,,,,RESISTANCE,Resistance_25AUG26_Scan_28_7_2026 (1).xlsx,,,,,,,,,,,,,,,,,,5475.0,3.55,28156.0,431.0,1.55,0.79,5500.0,1095.0,108.0,268.0,93.0,-0.45,LB,,,,,,,,,,,,,,,,,
MANAPPURAM,,,,,,-4.3,,,,,,,,,,,,,RESISTANCE,Resistance_25AUG26_Scan_28_7_2026 (1).xlsx,,,,,,,,,,,,,,,,,,358.1,-1.19,15381.0,60.0,0.39,0.49,360.0,648.0,11.0,174.0,4.0,-0.53,SB,,,,,,,,,,,,,,,,,
ULTRACEMCO,,,,,,12.0,,,,,,,,,,,,,RESISTANCE,Resistance_25AUG26_Scan_28_7_2026 (1).xlsx,,,,,,,,,,,,,,,,,,11937.0,0.1,30978.0,104.0,0.34,0.53,12000.0,1255.0,2.0,532.0,21.0,-0.53,LB,,,,,,,,,,,,,,,,,
SUNPHARMA,,,,,,6.4,,,,,,,,,,,,,RESISTANCE,Resistance_25AUG26_Scan_28_7_2026 (1).xlsx,,,,,,,,,,,,,,,,,,1986.0,0.32,37875.0,119.0,0.32,0.84,2000.0,1889.0,20.0,616.0,-74.0,-0.7,LB,,,,,,,,,,,,,,,,,
ADANIGREEN,,,,,,-18.3,,,,,,,,,,,,,RESISTANCE,Resistance_25AUG26_Scan_28_7_2026 (1).xlsx,,,,,,,,,,,,,,,,,,1390.0,-1.3,37557.0,678.0,1.84,0.49,1400.0,2334.0,57.0,1185.0,5.0,-0.71,SB,,,,,,,,,,,,,,,,,
RBLBANK,,,,,,3.2,,,,,,,,,,,,,RESISTANCE,Resistance_25AUG26_Scan_28_7_2026 (1).xlsx,,,,,,,,,,,,,,,,,,367.1,0.88,12455.0,203.0,1.66,0.83,370.0,330.0,-4.0,123.0,2.0,-0.78,LB,,,,,,,,,,,,,,,,,
HEROMOTOCO,,,,,,16.5,,,,,,,,,,,,,RESISTANCE,Resistance_25AUG26_Scan_28_7_2026 (1).xlsx,,,,,,,,,,,,,,,,,,5156.3,0.32,29671.0,136.0,0.46,0.67,5200.0,1137.0,33.0,416.0,45.0,-0.84,LB,,,,,,,,,,,,,,,,,
SHREECEM,,,,,,5.0,,,,,,,,,,,,,RESISTANCE,Resistance_25AUG26_Scan_28_7_2026 (1).xlsx,,,,,,,,,,,,,,,,,,26740.0,0.02,11781.0,2.0,0.02,0.95,27000.0,83.0,-1.0,101.0,0.0,-0.96,LB,,,,,,,,,,,,,,,,,
FINNIFTY,,,,,,-58.9,,,,,,,,,,,,,RESISTANCE,Resistance_25AUG26_Scan_28_7_2026 (1).xlsx,,,,,,,,,,,,,,,,,,26243.0,-0.22,276.0,-1.0,-0.36,1.28,26500.0,101.0,0.0,0.0,,-0.97,LU,,,,,,,,,,,,,,,,,
TCS,,,,,,69.2,,,,,,,,,,,,,RESISTANCE,Resistance_25AUG26_Scan_28_7_2026 (1).xlsx,,,,,,,,,,,,,,,,,,2376.0,3.0,148567.0,1844.0,1.26,1.14,2400.0,3485.0,205.0,1522.0,302.0,-1.0,LB,,,,,,,,,,,,,,,,,
COLPAL,,,,,,28.9,,,,,,,,,,,,,RESISTANCE,Resistance_25AUG26_Scan_28_7_2026 (1).xlsx,,,,,,,,,,,,,,,,,,2177.7,1.34,13912.0,35.0,0.25,0.63,2200.0,650.0,-71.0,0.0,,-1.01,LB,,,,,,,,,,,,,,,,,
SBILIFE,,,,,,8.3,,,,,,,,,,,,,RESISTANCE,Resistance_25AUG26_Scan_28_7_2026 (1).xlsx,,,,,,,,,,,,,,,,,,1880.8,0.44,17635.0,156.0,0.89,0.73,1900.0,581.0,-1.0,51.0,-13.0,-1.01,LB,,,,,,,,,,,,,,,,,
WIPRO,,,,,,2.86,,,,,,,,,,,,,RESISTANCE,Resistance_25AUG26_Scan_28_7_2026 (1).xlsx,,,,,,,,,,,,,,,,,,178.15,1.63,92237.0,-482.0,-0.52,0.78,180.0,3011.0,-25.0,1413.0,58.0,-1.03,SC,,,,,,,,,,,,,,,,,
ICICIBANK,,,,,,-4.8,,,,,,,,,,,,,RESISTANCE,Resistance_25AUG26_Scan_28_7_2026 (1).xlsx,,,,,,,,,,,,,,,,,,1434.7,-0.33,142037.0,816.0,0.58,0.7,1450.0,2895.0,99.0,1174.0,12.0,-1.06,SB,,,,,,,,,,,,,,,,,
TMPV,,,,,,-3.25,,,,,,,,,,,,,RESISTANCE,Resistance_25AUG26_Scan_28_7_2026 (1).xlsx,,,,,,,,,,,,,,,,,,326.4,-0.99,39170.0,1119.0,2.94,0.91,330.0,1459.0,116.0,1044.0,14.0,-1.09,SB,,,,,,,,,,,,,,,,,
HYUNDAI,,,,,,-2.2,,,,,,,,,,,,,RESISTANCE,Resistance_25AUG26_Scan_28_7_2026 (1).xlsx,,,,,,,,,,,,,,,,,,1977.2,-0.11,13604.0,46.0,0.34,0.65,2000.0,1727.0,25.0,405.0,14.0,-1.14,SB,,,,,,,,,,,,,,,,,
GODREJCP,,,,,,11.1,,,,,,,,,,,,,RESISTANCE,Resistance_25AUG26_Scan_28_7_2026 (1).xlsx,,,,,,,,,,,,,,,,,,1087.2,1.03,19025.0,64.0,0.34,0.62,1100.0,325.0,1.0,44.0,2.0,-1.16,LB,,,,,,,,,,,,,,,,,
MANKIND,,,,,,5.6,,,,,,,,,,,,,RESISTANCE,Resistance_25AUG26_Scan_28_7_2026 (1).xlsx,,,,,,,,,,,,,,,,,,2569.7,0.22,9766.0,18.0,0.18,0.72,2600.0,228.0,0.0,0.0,,-1.17,LB,,,,,,,,,,,,,,,,,
APOLLOHOSP,,,,,,0.5,,,,,,,,,,,,,RESISTANCE,Resistance_25AUG26_Scan_28_7_2026 (1).xlsx,,,,,,,,,,,,,,,,,,8891.5,0.01,15018.0,72.0,0.48,0.74,9000.0,330.0,-5.0,0.0,,-1.21,LB,,,,,,,,,,,,,,,,,
POWERGRID,,,,,,-2.65,,,,,,,,,,,,,RESISTANCE,Resistance_25AUG26_Scan_28_7_2026 (1).xlsx,,,,,,,,,,,,,,,,,,286.5,-0.92,20448.0,155.0,0.76,0.96,290.0,1805.0,53.0,975.0,27.0,-1.21,SB,,,,,,,,,,,,,,,,,
KPITTECH,,,,,,7.65,,,,,,,,,,,,,RESISTANCE,Resistance_25AUG26_Scan_28_7_2026 (1).xlsx,,,,,,,,,,,,,,,,,,592.6,1.31,14195.0,455.0,3.31,0.92,600.0,725.0,31.0,188.0,20.0,-1.23,LB,,,,,,,,,,,,,,,,,
ADANIENSOL,,,,,,-32.1,,,,,,,,,,,,,RESISTANCE,Resistance_25AUG26_Scan_28_7_2026 (1).xlsx,,,,,,,,,,,,,,,,,,1678.8,-1.88,25800.0,431.0,1.7,0.52,1700.0,609.0,123.0,340.0,9.0,-1.25,SB,,,,,,,,,,,,,,,,,
MCX,,,,,,5.1,,,,,,,,,,,,,RESISTANCE,Resistance_25AUG26_Scan_28_7_2026 (1).xlsx,,,,,,,,,,,,,,,,,,2764.4,0.18,26493.0,75.0,0.28,0.89,2800.0,2377.0,7.0,1523.0,-20.0,-1.27,LB,,,,,,,,,,,,,,,,,
BHARATFORG,,,,,,-24.1,,,,,,,,,,,,,RESISTANCE,Resistance_25AUG26_Scan_28_7_2026 (1).xlsx,,,,,,,,,,,,,,,,,,2171.3,-1.1,14097.0,79.0,0.56,0.86,2200.0,527.0,-20.0,227.0,1.0,-1.3,SB,,,,,,,,,,,,,,,,,
ABCAPITAL,,,,,,-7.8,,,,,,,,,,,,,RESISTANCE,Resistance_25AUG26_Scan_28_7_2026 (1).xlsx,,,,,,,,,,,,,,,,,,394.45,-1.94,9992.0,122.0,1.24,0.95,400.0,390.0,38.0,216.0,12.0,-1.39,SB,,,,,,,,,,,,,,,,,
ICICIPRULI,,,,,,0.6,,,,,,,,,,,,,RESISTANCE,Resistance_25AUG26_Scan_28_7_2026 (1).xlsx,,,,,,,,,,,,,,,,,,512.65,0.12,19915.0,33.0,0.17,0.68,520.0,516.0,12.0,0.0,,-1.41,LB,,,,,,,,,,,,,,,,,
RELIANCE,,,,,,-4.9,,,,,,,,,,,,,RESISTANCE,Resistance_25AUG26_Scan_28_7_2026 (1).xlsx,,,,,,,,,,,,,,,,,,1281.6,-0.38,179026.0,3585.0,2.04,0.85,1300.0,12076.0,792.0,7840.0,185.0,-1.42,SB,,,,,,,,,,,,,,,,,
INDHOTEL,,,,,,2.25,,,,,,,,,,,,,RESISTANCE,Resistance_25AUG26_Scan_28_7_2026 (1).xlsx,,,,,,,,,,,,,,,,,,739.3,0.31,20027.0,87.0,0.44,0.8,750.0,414.0,8.0,0.0,,-1.43,LB,,,,,,,,,,,,,,,,,
MOTHERSON,,,,,,-2.31,,,,,,,,,,,,,RESISTANCE,Resistance_25AUG26_Scan_28_7_2026 (1).xlsx,,,,,,,,,,,,,,,,,,147.75,-1.54,18707.0,98.0,0.53,0.89,150.0,500.0,34.0,253.0,15.0,-1.5,SB,,,,,,,,,,,,,,,,,
BANKNIFTY,,,,,,-271.2,,,,,,,,,,,,,RESISTANCE,Resistance_25AUG26_Scan_28_7_2026 (1).xlsx,,,,,,,,,,,,,,,,,,57125.0,-0.47,56605.0,908.0,1.63,0.88,58000.0,49507.0,2341.0,32214.0,903.0,-1.51,SB,,,,,,,,,,,,,,,,,
KEI,,,,,,-38.0,,,,,,,,,,,,,RESISTANCE,Resistance_25AUG26_Scan_28_7_2026 (1).xlsx,,,,,,,,,,,,,,,,,,4824.0,-0.78,11513.0,9.0,0.08,0.56,4900.0,224.0,7.0,0.0,,-1.55,SB,,,,,,,,,,,,,,,,,
RADICO,,,,,,-43.1,,,,,,,,,,,,,RESISTANCE,Resistance_25AUG26_Scan_28_7_2026 (1).xlsx,,,,,,,,,,,,,,,,,,4135.0,-1.03,4200.0,-20.0,-0.47,0.29,4200.0,251.0,58.0,21.0,8.0,-1.55,LU,,,,,,,,,,,,,,,,,
BAJAJHLDNG,,,,,,-37.0,,,,,,,,,,,,,RESISTANCE,Resistance_25AUG26_Scan_28_7_2026 (1).xlsx,,,,,,,,,,,,,,,,,,10827.0,-0.34,4187.0,7.0,0.17,0.5,11000.0,127.0,0.0,0.0,,-1.57,SB,,,,,,,,,,,,,,,,,
CAMS,,,,,,-0.8,,,,,,,,,,,,,RESISTANCE,Resistance_25AUG26_Scan_28_7_2026 (1).xlsx,,,,,,,,,,,,,,,,,,787.4,-0.1,6919.0,38.0,0.55,0.68,800.0,374.0,7.0,103.0,0.0,-1.58,SB,,,,,,,,,,,,,,,,,
POLICYBZR,,,,,,12.2,,,,,,,,,,,,,RESISTANCE,Resistance_25AUG26_Scan_28_7_2026 (1).xlsx,,,,,,,,,,,,,,,,,,1573.4,0.78,23348.0,95.0,0.41,1.14,1600.0,581.0,2.0,578.0,2.0,-1.66,LB,,,,,,,,,,,,,,,,,
NESTLEIND,,,,,,17.4,,,,,,,,,,,,,RESISTANCE,Resistance_25AUG26_Scan_28_7_2026 (1).xlsx,,,,,,,,,,,,,,,,,,1473.1,1.2,20601.0,19.0,0.09,0.48,1500.0,1535.0,-17.0,303.0,-3.0,-1.79,LB,,,,,,,,,,,,,,,,,
KAYNES,,,,,,-8.0,,,,,,,,,,,,,RESISTANCE,Resistance_25AUG26_Scan_28_7_2026 (1).xlsx,,,,,,,,,,,,,,,,,,3142.0,-0.25,23403.0,89.0,0.38,1.0,3200.0,678.0,79.0,341.0,37.0,-1.81,SB,,,,,,,,,,,,,,,,,
HINDALCO,,,,,,-9.2,,,,,,,,,,,,,RESISTANCE,Resistance_25AUG26_Scan_28_7_2026 (1).xlsx,,,,,,,,,,,,,,,,,,942.25,-0.97,65560.0,593.0,0.91,0.89,960.0,1485.0,44.0,993.0,51.0,-1.85,SB,,,,,,,,,,,,,,,,,
BANKINDIA,,,,,,-1.18,,,,,,,,,,,,,RESISTANCE,Resistance_25AUG26_Scan_28_7_2026 (1).xlsx,,,,,,,,,,,,,,,,,,137.35,-0.85,16359.0,171.0,1.06,0.82,140.0,968.0,42.0,716.0,11.0,-1.89,SB,,,,,,,,,,,,,,,,,
NHPC,,,,,,-0.23,,,,,,,,,,,,,RESISTANCE,Resistance_25AUG26_Scan_28_7_2026 (1).xlsx,,,,,,,,,,,,,,,,,,78.44,-0.29,18185.0,46.0,0.25,0.74,80.0,699.0,7.0,379.0,-1.0,-1.95,SB,,,,,,,,,,,,,,,,,
TVSMOTOR,,,,,,17.3,,,,,,,,,,,,,RESISTANCE,Resistance_25AUG26_Scan_28_7_2026 (1).xlsx,,,,,,,,,,,,,,,,,,3918.4,0.44,66861.0,153.0,0.23,0.57,4000.0,1167.0,18.0,0.0,,-2.04,LB,,,,,,,,,,,,,,,,,
BAJAJ-AUTO,,,,,,-2.0,,,,,,,,,,,,,RESISTANCE,Resistance_25AUG26_Scan_28_7_2026 (1).xlsx,,,,,,,,,,,,,,,,,,11260.0,-0.02,25466.0,136.0,0.54,1.54,11500.0,1140.0,4.0,0.0,,-2.09,SB,,,,,,,,,,,,,,,,,
INOXWIND,,,,,,-0.49,,,,,,,,,,,,,RESISTANCE,Resistance_25AUG26_Scan_28_7_2026 (1).xlsx,,,,,,,,,,,,,,,,,,78.25,-0.62,13000.0,170.0,1.33,0.75,80.0,591.0,9.0,344.0,6.0,-2.19,SB,,,,,,,,,,,,,,,,,
PETRONET,,,,,,-1.0,,,,,,,,,,,,,RESISTANCE,Resistance_25AUG26_Scan_28_7_2026 (1).xlsx,,,,,,,,,,,,,,,,,,273.7,-0.36,13703.0,52.0,0.38,1.08,280.0,682.0,4.0,126.0,0.0,-2.25,SB,,,,,,,,,,,,,,,,,
IRFC,,,,,,0.54,,,,,,,,,,,,,RESISTANCE,Resistance_25AUG26_Scan_28_7_2026 (1).xlsx,,,,,,,,,,,,,,,,,,87.82,0.62,14551.0,35.0,0.24,0.92,90.0,1498.0,14.0,1357.0,6.0,-2.42,LB,,,,,,,,,,,,,,,,,
BOSCHLTD,,,,,,-290.0,,,,,,,,,,,,,RESISTANCE,Resistance_25AUG26_Scan_28_7_2026 (1).xlsx,,,,,,,,,,,,,,,,,,40960.0,-0.7,7662.0,15.0,0.2,0.93,42000.0,242.0,8.0,163.0,6.0,-2.48,SB,,,,,,,,,,,,,,,,,
GRASIM,,,,,,-1.7,,,,,,,,,,,,,RESISTANCE,Resistance_25AUG26_Scan_28_7_2026 (1).xlsx,,,,,,,,,,,,,,,,,,3120.8,-0.05,44859.0,30.0,0.07,0.66,3200.0,294.0,28.0,0.0,,-2.48,SB,,,,,,,,,,,,,,,,,
INDUSTOWER,,,,,,0.1,,,,,,,,,,,,,RESISTANCE,Resistance_25AUG26_Scan_28_7_2026 (1).xlsx,,,,,,,,,,,,,,,,,,390.1,0.03,47482.0,427.0,0.91,0.46,400.0,1150.0,44.0,472.0,35.0,-2.48,LB,,,,,,,,,,,,,,,,,
SONACOMS,,,,,,-8.15,,,,,,,,,,,,,RESISTANCE,Resistance_25AUG26_Scan_28_7_2026 (1).xlsx,,,,,,,,,,,,,,,,,,711.75,-1.13,8628.0,-36.0,-0.42,0.57,730.0,294.0,2.0,44.0,-3.0,-2.5,LU,,,,,,,,,,,,,,,,,
PHOENIXLTD,,,,,,3.1,,,,,,,,,,,,,RESISTANCE,Resistance_25AUG26_Scan_28_7_2026 (1).xlsx,,,,,,,,,,,,,,,,,,2046.6,0.15,9099.0,0.0,0.0,0.97,2100.0,104.0,-3.0,0.0,,-2.54,-,,,,,,,,,,,,,,,,,
PNB,,,,,,-0.3,,,,,,,,,,,,,RESISTANCE,Resistance_25AUG26_Scan_28_7_2026 (1).xlsx,,,,,,,,,,,,,,,,,,112.05,-0.27,33775.0,215.0,0.64,0.79,115.0,862.0,-1.0,195.0,6.0,-2.57,SB,,,,,,,,,,,,,,,,,
ASHOKLEY,,,,,,-0.32,,,,,,,,,,,,,RESISTANCE,Resistance_25AUG26_Scan_28_7_2026 (1).xlsx,,,,,,,,,,,,,,,,,,155.82,-0.2,25271.0,237.0,0.95,0.98,160.0,1035.0,12.0,532.0,5.0,-2.61,SB,,,,,,,,,,,,,,,,,
AUROPHARMA,,,,,,-1.2,,,,,,,,,,,,,RESISTANCE,Resistance_25AUG26_Scan_28_7_2026 (1).xlsx,,,,,,,,,,,,,,,,,,1557.3,-0.08,16661.0,161.0,0.98,0.88,1600.0,761.0,32.0,0.0,,-2.67,SB,,,,,,,,,,,,,,,,,
BIOCON,,,,,,-1.3,,,,,,,,,,,,,RESISTANCE,Resistance_25AUG26_Scan_28_7_2026 (1).xlsx,,,,,,,,,,,,,,,,,,437.85,-0.3,16872.0,134.0,0.8,0.8,450.0,993.0,6.0,0.0,,-2.7,SB,,,,,,,,,,,,,,,,,
LUPIN,,,,,,6.6,,,,,,,,,,,,,RESISTANCE,Resistance_25AUG26_Scan_28_7_2026 (1).xlsx,,,,,,,,,,,,,,,,,,2431.9,0.27,11336.0,42.0,0.37,0.76,2500.0,645.0,3.0,0.0,,-2.72,LB,,,,,,,,,,,,,,,,,
BHEL,,,,,,-10.4,,,,,,,,,,,,,RESISTANCE,Resistance_25AUG26_Scan_28_7_2026 (1).xlsx,,,,,,,,,,,,,,,,,,408.5,-2.48,27737.0,273.0,0.99,0.53,420.0,1133.0,28.0,430.0,-11.0,-2.74,SB,,,,,,,,,,,,,,,,,
EICHERMOT,,,,,,34.0,,,,,,,,,,,,,RESISTANCE,Resistance_25AUG26_Scan_28_7_2026 (1).xlsx,,,,,,,,,,,,,,,,,,7777.0,0.44,38807.0,67.0,0.17,1.34,8000.0,991.0,-145.0,207.0,-1.0,-2.79,LB,,,,,,,,,,,,,,,,,
MARUTI,,,,,,-42.0,,,,,,,,,,,,,RESISTANCE,Resistance_25AUG26_Scan_28_7_2026 (1).xlsx,,,,,,,,,,,,,,,,,,13608.0,-0.31,39229.0,253.0,0.65,0.54,14000.0,3778.0,22.0,587.0,-2.0,-2.8,SB,,,,,,,,,,,,,,,,,
SBIN,,,,,,-7.4,,,,,,,,,,,,,RESISTANCE,Resistance_25AUG26_Scan_28_7_2026 (1).xlsx,,,,,,,,,,,,,,,,,,1020.1,-0.72,95241.0,586.0,0.62,0.99,1050.0,3611.0,40.0,2090.0,-14.0,-2.85,SB,,,,,,,,,,,,,,,,,
CANBK,,,,,,-2.08,,,,,,,,,,,,,RESISTANCE,Resistance_25AUG26_Scan_28_7_2026 (1).xlsx,,,,,,,,,,,,,,,,,,126.25,-1.62,54066.0,613.0,1.15,0.64,130.0,3655.0,683.0,1464.0,72.0,-2.88,SB,,,,,,,,,,,,,,,,,
UNOMINDA,,,,,,-5.2,,,,,,,,,,,,,RESISTANCE,Resistance_25AUG26_Scan_28_7_2026 (1).xlsx,,,,,,,,,,,,,,,,,,1165.0,-0.44,8050.0,57.0,0.71,1.19,1200.0,197.0,12.0,37.0,4.0,-2.92,SB,,,,,,,,,,,,,,,,,
OBEROIRLTY,,,,,,4.3,,,,,,,,,,,,,RESISTANCE,Resistance_25AUG26_Scan_28_7_2026 (1).xlsx,,,,,,,,,,,,,,,,,,1844.0,0.23,14690.0,31.0,0.21,0.49,1900.0,649.0,7.0,0.0,,-2.95,LB,,,,,,,,,,,,,,,,,
PGEL,,,,,,-1.2,,,,,,,,,,,,,RESISTANCE,Resistance_25AUG26_Scan_28_7_2026 (1).xlsx,,,,,,,,,,,,,,,,,,582.15,-0.21,9179.0,137.0,1.52,0.69,600.0,447.0,-1.0,268.0,0.0,-2.98,SB,,,,,,,,,,,,,,,,,
,,,,,,,,,,,,,,,,,,,UNKNOWN,Sector_Summary_28JUL26_Report_28_7_2026.xlsx,,,,,,,,,,,,,,,,,,,,,,,,,,,,,,,IT - SOFTWARE,13 / 0 / 0,2.71,-89.92,1.82,82.31,LB,-199.0,1287.0,1486.0,2.19,,,,,,
,,,,,,,,,,,,,,,,,,,UNKNOWN,Sector_Summary_28JUL26_Report_28_7_2026.xlsx,,,,,,,,,,,,,,,,,,,,,,,,,,,,,,,LOGISTICS,1 / 0 / 1,1.77,-96.46,0.8,84.06,LB,-110.0,-37.0,73.0,0.52,,,,,,
,,,,,,,,,,,,,,,,,,,UNKNOWN,Sector_Summary_28JUL26_Report_28_7_2026.xlsx,,,,,,,,,,,,,,,,,,,,,,,,,,,,,,,REALTY,6 / 0 / 0,1.4,-95.89,0.47,82.72,LB,-75.0,48.0,125.0,0.78,,,,,,
,,,,,,,,,,,,,,,,,,,UNKNOWN,Sector_Summary_28JUL26_Report_28_7_2026.xlsx,,,,,,,,,,,,,,,,,,,,,,,,,,,,,,,E-COMMERCE/APP BASED AGGREGATOR,5 / 0 / 0,1.29,-95.32,1.14,84.84,LB,-407.0,-22.0,385.0,1.55,,,,,,
,,,,,,,,,,,,,,,,,,,UNKNOWN,Sector_Summary_28JUL26_Report_28_7_2026.xlsx,,,,,,,,,,,,,,,,,,,,,,,,,,,,,,,QUICK SERVICE RESTAURANT,1 / 0 / 0,0.93,-93.96,-1.25,81.77,SC,-119.0,-55.0,64.0,0.43,,,,,,
,,,,,,,,,,,,,,,,,,,UNKNOWN,Sector_Summary_28JUL26_Report_28_7_2026.xlsx,,,,,,,,,,,,,,,,,,,,,,,,,,,,,,,FMCG,8 / 2 / 0,0.62,-95.92,0.51,85.4,LB,-88.0,-14.0,75.0,0.57,,,,,,
,,,,,,,,,,,,,,,,,,,UNKNOWN,Sector_Summary_28JUL26_Report_28_7_2026.xlsx,,,,,,,,,,,,,,,,,,,,,,,,,,,,,,,"DIAMOND, GEMS AND JEWELLERY",2 / 0 / 0,0.5,-96.81,0.07,78.61,LB,-160.0,-303.0,-143.0,-0.17,,,,,,
,,,,,,,,,,,,,,,,,,,UNKNOWN,Sector_Summary_28JUL26_Report_28_7_2026.xlsx,,,,,,,,,,,,,,,,,,,,,,,,,,,,,,,PAINTS/VARNISH,1 / 0 / 0,0.43,-98.56,0.49,88.86,LB,-232.0,-7.0,225.0,0.84,,,,,,
,,,,,,,,,,,,,,,,,,,UNKNOWN,Sector_Summary_28JUL26_Report_28_7_2026.xlsx,,,,,,,,,,,,,,,,,,,,,,,,,,,,,,,READYMADE GARMENTS/ APPARELLS,1 / 0 / 0,0.36,-97.19,0.35,73.1,LB,-120.0,-11.0,109.0,1.54,,,,,,
,,,,,,,,,,,,,,,,,,,UNKNOWN,Sector_Summary_28JUL26_Report_28_7_2026.xlsx,,,,,,,,,,,,,,,,,,,,,,,,,,,,,,,REFINERIES,3 / 1 / 0,0.29,-95.82,0.67,80.95,SB,-151.0,164.0,316.0,0.72,,,,,,
,,,,,,,,,,,,,,,,,,,UNKNOWN,Sector_Summary_28JUL26_Report_28_7_2026.xlsx,,,,,,,,,,,,,,,,,,,,,,,,,,,,,,,HOTELS & RESTAURANTS,1 / 0 / 0,0.26,-97.48,0.38,90.7,LB,-90.0,10.0,100.0,1.04,,,,,,
,,,,,,,,,,,,,,,,,,,UNKNOWN,Sector_Summary_28JUL26_Report_28_7_2026.xlsx,,,,,,,,,,,,,,,,,,,,,,,,,,,,,,,FINANCIAL SERVICES,1 / 4 / 1,0.23,-94.11,0.39,74.35,SB,-672.0,-114.0,558.0,2.2,,,,,,
,,,,,,,,,,,,,,,,,,,UNKNOWN,Sector_Summary_28JUL26_Report_28_7_2026.xlsx,,,,,,,,,,,,,,,,,,,,,,,,,,,,,,,AIR TRANSPORT SERVICE,1 / 0 / 0,0.19,-98.03,-0.02,89.03,SC,-322.0,-744.0,-422.0,-0.8,,,,,,
,,,,,,,,,,,,,,,,,,,UNKNOWN,Sector_Summary_28JUL26_Report_28_7_2026.xlsx,,,,,,,,,,,,,,,,,,,,,,,,,,,,,,,PHARMACEUTICALS,7 / 6 / 0,0.14,-96.88,0.59,84.83,LB,-239.0,-13.0,226.0,0.89,,,,,,
,,,,,,,,,,,,,,,,,,,UNKNOWN,Sector_Summary_28JUL26_Report_28_7_2026.xlsx,,,,,,,,,,,,,,,,,,,,,,,,,,,,,,,CEMENT,3 / 1 / 0,0.08,-98.2,0.27,85.12,LB,-129.0,23.0,152.0,1.39,,,,,,
,,,,,,,,,,,,,,,,,,,UNKNOWN,Sector_Summary_28JUL26_Report_28_7_2026.xlsx,,,,,,,,,,,,,,,,,,,,,,,,,,,,,,,INSURANCE,3 / 2 / 0,0.07,-97.4,0.25,85.14,LB,-56.0,-12.0,43.0,0.36,,,,,,
,,,,,,,,,,,,,,,,,,,UNKNOWN,Sector_Summary_28JUL26_Report_28_7_2026.xlsx,,,,,,,,,,,,,,,,,,,,,,,,,,,,,,,NIFTY,24 / 24 / 1,0.02,-95.51,0.95,84.89,LB,-148.0,237.0,384.0,0.54,,,,,,
,,,,,,,,,,,,,,,,,,,UNKNOWN,Sector_Summary_28JUL26_Report_28_7_2026.xlsx,,,,,,,,,,,,,,,,,,,,,,,,,,,,,,,TELECOM EQUIPMENT & INFRA SERVICES,0 / 1 / 0,-0.04,-96.49,0.77,78.22,SB,-276.0,-146.0,130.0,0.47,,,,,,
,,,,,,,,,,,,,,,,,,,UNKNOWN,Sector_Summary_28JUL26_Report_28_7_2026.xlsx,,,,,,,,,,,,,,,,,,,,,,,,,,,,,,,TEXTILES,0 / 1 / 0,-0.07,-99.22,0.02,91.49,SB,-137.0,-101.0,36.0,0.24,,,,,,
,,,,,,,,,,,,,,,,,,,UNKNOWN,Sector_Summary_28JUL26_Report_28_7_2026.xlsx,,,,,,,,,,,,,,,,,,,,,,,,,,,,,,,AUTOMOBILE,4 / 6 / 0,-0.09,-96.74,0.52,83.47,SB,-301.0,-143.0,157.0,0.57,,,,,,
,,,,,,,,,,,,,,,,,,,UNKNOWN,Sector_Summary_28JUL26_Report_28_7_2026.xlsx,,,,,,,,,,,,,,,,,,,,,,,,,,,,,,,ALCOHOLIC BEVERAGES,1 / 1 / 0,-0.16,-95.95,-0.45,85.43,LU,31.0,-78.0,-109.0,-1.33,,,,,,
,,,,,,,,,,,,,,,,,,,UNKNOWN,Sector_Summary_28JUL26_Report_28_7_2026.xlsx,,,,,,,,,,,,,,,,,,,,,,,,,,,,,,,FINANCE,9 / 10 / 0,-0.19,-97.19,0.49,85.91,SB,-60.0,-37.0,23.0,0.0,,,,,,
,,,,,,,,,,,,,,,,,,,UNKNOWN,Sector_Summary_28JUL26_Report_28_7_2026.xlsx,,,,,,,,,,,,,,,,,,,,,,,,,,,,,,,CHEMICALS,1 / 1 / 0,-0.21,-98.46,0.16,86.92,SB,-253.0,-17.0,237.0,1.57,,,,,,
,,,,,,,,,,,,,,,,,,,UNKNOWN,Sector_Summary_28JUL26_Report_28_7_2026.xlsx,,,,,,,,,,,,,,,,,,,,,,,,,,,,,,,HEALTHCARE,1 / 1 / 1,-0.21,-97.98,0.28,92.17,SB,-36.0,3.0,39.0,0.1,,,,,,
,,,,,,,,,,,,,,,,,,,UNKNOWN,Sector_Summary_28JUL26_Report_28_7_2026.xlsx,,,,,,,,,,,,,,,,,,,,,,,,,,,,,,,TELECOM-SERVICE,0 / 2 / 0,-0.23,-97.51,0.36,86.74,SB,23.0,25.0,2.0,0.06,,,,,,
,,,,,,,,,,,,,,,,,,,UNKNOWN,Sector_Summary_28JUL26_Report_28_7_2026.xlsx,,,,,,,,,,,,,,,,,,,,,,,,,,,,,,,MISCELLANEOUS,0 / 3 / 0,-0.26,-97.32,0.96,79.89,SB,-15.0,8.0,22.0,0.23,,,,,,
,,,,,,,,,,,,,,,,,,,UNKNOWN,Sector_Summary_28JUL26_Report_28_7_2026.xlsx,,,,,,,,,,,,,,,,,,,,,,,,,,,,,,,MARINE PORT & SERVICES,0 / 1 / 0,-0.29,-97.41,0.69,89.04,SB,-237.0,24.0,261.0,1.09,,,,,,
,,,,,,,,,,,,,,,,,,,UNKNOWN,Sector_Summary_28JUL26_Report_28_7_2026.xlsx,,,,,,,,,,,,,,,,,,,,,,,,,,,,,,,GAS DISTRIBUTION,0 / 2 / 0,-0.38,-97.94,0.55,84.17,SB,132.0,41.0,-91.0,-0.78,,,,,,
,,,,,,,,,,,,,,,,,,,UNKNOWN,Sector_Summary_28JUL26_Report_28_7_2026.xlsx,,,,,,,,,,,,,,,,,,,,,,,,,,,,,,,RETAIL,1 / 2 / 0,-0.42,-98.67,-0.03,87.19,LU,-302.0,-58.0,245.0,0.8,,,,,,
,,,,,,,,,,,,,,,,,,,UNKNOWN,Sector_Summary_28JUL26_Report_28_7_2026.xlsx,,,,,,,,,,,,,,,,,,,,,,,,,,,,,,,CABLES,0 / 2 / 0,-0.49,-97.31,0.07,82.31,SB,-176.0,-43.0,133.0,0.45,,,,,,
,,,,,,,,,,,,,,,,,,,UNKNOWN,Sector_Summary_28JUL26_Report_28_7_2026.xlsx,,,,,,,,,,,,,,,,,,,,,,,,,,,,,,,INFRASTRUCTURE DEVELOPERS & OPERATORS,0 / 2 / 0,-0.51,-94.5,0.54,77.72,SB,-106.0,-14.0,92.0,0.42,,,,,,
,,,,,,,,,,,,,,,,,,,UNKNOWN,Sector_Summary_28JUL26_Report_28_7_2026.xlsx,,,,,,,,,,,,,,,,,,,,,,,,,,,,,,,CONSUMER DURABLES,1 / 7 / 0,-0.54,-96.9,0.48,82.72,SB,-230.0,-80.0,156.0,0.47,,,,,,
,,,,,,,,,,,,,,,,,,,UNKNOWN,Sector_Summary_28JUL26_Report_28_7_2026.xlsx,,,,,,,,,,,,,,,,,,,,,,,,,,,,,,,BANKS,2 / 16 / 0,-0.55,-97.22,0.61,85.33,SB,-133.0,-65.0,80.0,0.26,,,,,,
,,,,,,,,,,,,,,,,,,,UNKNOWN,Sector_Summary_28JUL26_Report_28_7_2026.xlsx,,,,,,,,,,,,,,,,,,,,,,,,,,,,,,,STEEL,1 / 3 / 0,-0.55,-95.74,0.96,85.38,SB,-133.0,52.0,186.0,0.99,,,,,,
,,,,,,,,,,,,,,,,,,,UNKNOWN,Sector_Summary_28JUL26_Report_28_7_2026.xlsx,,,,,,,,,,,,,,,,,,,,,,,,,,,,,,,BANKNIFTY,1 / 13 / 0,-0.55,-97.17,0.57,86.55,SB,-135.0,-83.0,67.0,0.19,,,,,,
,,,,,,,,,,,,,,,,,,,UNKNOWN,Sector_Summary_28JUL26_Report_28_7_2026.xlsx,,,,,,,,,,,,,,,,,,,,,,,,,,,,,,,AGRO CHEMICALS,0 / 2 / 0,-0.58,-97.91,0.04,82.93,SB,-5.0,-10.0,-5.0,-0.03,,,,,,
,,,,,,,,,,,,,,,,,,,UNKNOWN,Sector_Summary_28JUL26_Report_28_7_2026.xlsx,,,,,,,,,,,,,,,,,,,,,,,,,,,,,,,TRADING,0 / 2 / 0,-0.71,-95.86,0.44,87.33,SB,-192.0,-53.0,139.0,-0.03,,,,,,
,,,,,,,,,,,,,,,,,,,UNKNOWN,Sector_Summary_28JUL26_Report_28_7_2026.xlsx,,,,,,,,,,,,,,,,,,,,,,,,,,,,,,,CRUDE OIL & NATURAL GAS,0 / 2 / 0,-0.87,-98.39,0.07,73.98,SB,5.0,-37.0,-42.0,-0.17,,,,,,
,,,,,,,,,,,,,,,,,,,UNKNOWN,Sector_Summary_28JUL26_Report_28_7_2026.xlsx,,,,,,,,,,,,,,,,,,,,,,,,,,,,,,,PLASTIC PRODUCTS,0 / 2 / 0,-0.87,-93.52,-0.18,86.4,LU,91.0,-31.0,-122.0,-1.12,,,,,,
,,,,,,,,,,,,,,,,,,,UNKNOWN,Sector_Summary_28JUL26_Report_28_7_2026.xlsx,,,,,,,,,,,,,,,,,,,,,,,,,,,,,,,STOCK/ COMMODITY BROKERS,0 / 4 / 0,-1.01,-97.34,0.28,82.32,SB,-61.0,-10.0,51.0,0.78,,,,,,
,,,,,,,,,,,,,,,,,,,UNKNOWN,Sector_Summary_28JUL26_Report_28_7_2026.xlsx,,,,,,,,,,,,,,,,,,,,,,,,,,,,,,,NON FERROUS METALS,0 / 4 / 0,-1.12,-93.7,2.01,74.22,SB,-518.0,-45.0,474.0,1.06,,,,,,
,,,,,,,,,,,,,,,,,,,UNKNOWN,Sector_Summary_28JUL26_Report_28_7_2026.xlsx,,,,,,,,,,,,,,,,,,,,,,,,,,,,,,,"CASTINGS, FORGINGS & FASTNERS",0 / 1 / 0,-1.15,-98.37,0.39,92.02,SB,-14.0,-21.0,-7.0,-0.08,,,,,,
,,,,,,,,,,,,,,,,,,,UNKNOWN,Sector_Summary_28JUL26_Report_28_7_2026.xlsx,,,,,,,,,,,,,,,,,,,,,,,,,,,,,,,CAPITAL GOODS-NON ELECTRICAL EQUIPMENT,0 / 3 / 0,-1.26,-97.08,0.94,82.71,SB,7.0,4.0,-3.0,-0.07,,,,,,
,,,,,,,,,,,,,,,,,,,UNKNOWN,Sector_Summary_28JUL26_Report_28_7_2026.xlsx,,,,,,,,,,,,,,,,,,,,,,,,,,,,,,,POWER GENERATION & DISTRIBUTION,0 / 8 / 0,-1.29,-94.35,1.43,79.95,SB,162.0,-29.0,-191.0,-0.8,,,,,,
,,,,,,,,,,,,,,,,,,,UNKNOWN,Sector_Summary_28JUL26_Report_28_7_2026.xlsx,,,,,,,,,,,,,,,,,,,,,,,,,,,,,,,AEROSPACE & DEFENCE,0 / 6 / 0,-1.65,-94.45,1.22,81.47,SB,386.0,9.0,-377.0,-0.27,,,,,,
,,,,,,,,,,,,,,,,,,,UNKNOWN,Sector_Summary_28JUL26_Report_28_7_2026.xlsx,,,,,,,,,,,,,,,,,,,,,,,,,,,,,,,CAPITAL GOODS - ELECTRICAL EQUIPMENT,1 / 8 / 0,-1.89,-95.17,0.99,82.54,SB,-230.0,-114.0,116.0,0.61,,,,,,
,,,,,,,,,,,,,,,,,,,UNKNOWN,Sector_Summary_28JUL26_Report_28_7_2026.xlsx,,,,,,,,,,,,,,,,,,,,,,,,,,,,,,,MINING & MINERAL PRODUCTS,0 / 2 / 0,-1.9,-95.18,1.7,79.73,SB,452.0,7.0,-445.0,-0.98,,,,,,
,,,,,,,,,,,,,,,,,,,UNKNOWN,Sector_Summary_28JUL26_Report_28_7_2026.xlsx,,,,,,,,,,,,,,,,,,,,,,,,,,,,,,,TOBACCO PRODUCTS,1 / 1 / 0,-2.33,-89.52,-0.11,83.15,SB,-455.0,484.0,939.0,3.77,,,,,,
PGEL,,,,,,-1.2,,,,,,,,,,,,,SUPPORT,Support_Resistance_25AUG26_Scan_28_7_2026.xlsx,,,,,,,,,,,,,,,,,,582.15,-0.21,9179.0,137.0,1.52,0.69,600.0,447.0,-1.0,268.0,0.0,-2.98,SB,,,,,,,,,,,,,,,,,
CANBK,,,,,,-2.08,,,,,,,,,,,,,SUPPORT,Support_Resistance_25AUG26_Scan_28_7_2026.xlsx,,,,,,,,,,,,,,,,,,126.25,-1.62,54066.0,613.0,1.15,0.64,130.0,3655.0,683.0,1464.0,72.0,-2.88,SB,,,,,,,,,,,,,,,,,
INDUSTOWER,,,,,,0.1,,,,,,,,,,,,,SUPPORT,Support_Resistance_25AUG26_Scan_28_7_2026.xlsx,,,,,,,,,,,,,,,,,,390.1,0.03,47482.0,427.0,0.91,0.46,400.0,1150.0,44.0,472.0,35.0,-2.48,LB,,,,,,,,,,,,,,,,,
IRFC,,,,,,0.54,,,,,,,,,,,,,SUPPORT,Support_Resistance_25AUG26_Scan_28_7_2026.xlsx,,,,,,,,,,,,,,,,,,87.82,0.62,14551.0,35.0,0.24,0.92,90.0,1498.0,14.0,1357.0,6.0,-2.42,LB,,,,,,,,,,,,,,,,,
SRF,,,,,,-6.4,,,,,,,,,,,,,SUPPORT,Support_Resistance_25AUG26_Scan_28_7_2026.xlsx,,,,,,,,,,,,,,,,,,2639.2,-0.24,20061.0,28.0,0.14,0.4,2700.0,1414.0,34.0,1078.0,3.0,-2.25,SB,,,,,,,,,,,,,,,,,
INOXWIND,,,,,,-0.49,,,,,,,,,,,,,SUPPORT,Support_Resistance_25AUG26_Scan_28_7_2026.xlsx,,,,,,,,,,,,,,,,,,78.25,-0.62,13000.0,170.0,1.33,0.75,80.0,591.0,9.0,344.0,6.0,-2.19,SB,,,,,,,,,,,,,,,,,
IREDA,,,,,,0.04,,,,,,,,,,,,,SUPPORT,Support_Resistance_25AUG26_Scan_28_7_2026.xlsx,,,,,,,,,,,,,,,,,,117.49,0.03,13759.0,5.0,0.04,0.94,120.0,560.0,3.0,494.0,0.0,-2.09,LB,,,,,,,,,,,,,,,,,
GODFRYPHLP,,,,,,-115.8,,,,,,,,,,,,,SUPPORT,Support_Resistance_25AUG26_Scan_28_7_2026.xlsx,,,,,,,,,,,,,,,,,,2059.2,-5.32,5512.0,-76.0,-1.36,0.67,2100.0,431.0,227.0,463.0,89.0,-1.94,LU,,,,,,,,,,,,,,,,,
BANKINDIA,,,,,,-1.18,,,,,,,,,,,,,SUPPORT,Support_Resistance_25AUG26_Scan_28_7_2026.xlsx,,,,,,,,,,,,,,,,,,137.35,-0.85,16359.0,171.0,1.06,0.82,140.0,968.0,42.0,716.0,11.0,-1.89,SB,,,,,,,,,,,,,,,,,
NESTLEIND,,,,,,17.4,,,,,,,,,,,,,SUPPORT,Support_Resistance_25AUG26_Scan_28_7_2026.xlsx,,,,,,,,,,,,,,,,,,1473.1,1.2,20601.0,19.0,0.09,0.48,1500.0,1535.0,-17.0,303.0,-3.0,-1.79,LB,,,,,,,,,,,,,,,,,
POLICYBZR,,,,,,12.2,,,,,,,,,,,,,SUPPORT,Support_Resistance_25AUG26_Scan_28_7_2026.xlsx,,,,,,,,,,,,,,,,,,1573.4,0.78,23348.0,95.0,0.41,1.14,1600.0,581.0,2.0,578.0,2.0,-1.66,LB,,,,,,,,,,,,,,,,,
BANKNIFTY,,,,,,-271.2,,,,,,,,,,,,,SUPPORT,Support_Resistance_25AUG26_Scan_28_7_2026.xlsx,,,,,,,,,,,,,,,,,,57125.0,-0.47,56605.0,908.0,1.63,0.88,58000.0,49507.0,2341.0,32214.0,903.0,-1.51,SB,,,,,,,,,,,,,,,,,
MUTHOOTFIN,,,,,,-39.9,,,,,,,,,,,,,SUPPORT,Support_Resistance_25AUG26_Scan_28_7_2026.xlsx,,,,,,,,,,,,,,,,,,3006.5,-1.31,21239.0,167.0,0.79,0.54,3050.0,367.0,14.0,324.0,0.0,-1.43,SB,,,,,,,,,,,,,,,,,
TATAPOWER,,,,,,-4.65,,,,,,,,,,,,,SUPPORT,Support_Resistance_25AUG26_Scan_28_7_2026.xlsx,,,,,,,,,,,,,,,,,,374.55,-1.23,28906.0,1502.0,5.48,0.67,380.0,1975.0,478.0,1485.0,153.0,-1.43,SB,,,,,,,,,,,,,,,,,
RELIANCE,,,,,,-4.9,,,,,,,,,,,,,SUPPORT,Support_Resistance_25AUG26_Scan_28_7_2026.xlsx,,,,,,,,,,,,,,,,,,1281.6,-0.38,179026.0,3585.0,2.04,0.85,1300.0,12076.0,792.0,7840.0,185.0,-1.42,SB,,,,,,,,,,,,,,,,,
MCX,,,,,,5.1,,,,,,,,,,,,,SUPPORT,Support_Resistance_25AUG26_Scan_28_7_2026.xlsx,,,,,,,,,,,,,,,,,,2764.4,0.18,26493.0,75.0,0.28,0.89,2800.0,2377.0,7.0,1523.0,-20.0,-1.27,LB,,,,,,,,,,,,,,,,,
ADANIENSOL,,,,,,-32.1,,,,,,,,,,,,,SUPPORT,Support_Resistance_25AUG26_Scan_28_7_2026.xlsx,,,,,,,,,,,,,,,,,,1678.8,-1.88,25800.0,431.0,1.7,0.52,1700.0,609.0,123.0,340.0,9.0,-1.25,SB,,,,,,,,,,,,,,,,,
ADANIPORTS,,,,,,-4.4,,,,,,,,,,,,,SUPPORT,Support_Resistance_25AUG26_Scan_28_7_2026.xlsx,,,,,,,,,,,,,,,,,,1778.0,-0.25,36488.0,298.0,0.82,0.73,1800.0,819.0,10.0,999.0,3.0,-1.22,SB,,,,,,,,,,,,,,,,,
GMRAIRPORT,,,,,,-0.1,,,,,,,,,,,,,SUPPORT,Support_Resistance_25AUG26_Scan_28_7_2026.xlsx,,,,,,,,,,,,,,,,,,108.67,-0.09,14879.0,108.0,0.73,0.68,110.0,370.0,1.0,284.0,0.0,-1.21,SB,,,,,,,,,,,,,,,,,
POWERGRID,,,,,,-2.65,,,,,,,,,,,,,SUPPORT,Support_Resistance_25AUG26_Scan_28_7_2026.xlsx,,,,,,,,,,,,,,,,,,286.5,-0.92,20448.0,155.0,0.76,0.96,290.0,1805.0,53.0,975.0,27.0,-1.21,SB,,,,,,,,,,,,,,,,,
HDFCBANK,,,,,,-3.15,,,,,,,,,,,,,SUPPORT,Support_Resistance_25AUG26_Scan_28_7_2026.xlsx,,,,,,,,,,,,,,,,,,741.6,-0.42,421967.0,5902.0,1.42,0.48,750.0,16626.0,484.0,10004.0,156.0,-1.12,SB,,,,,,,,,,,,,,,,,
NATIONALUM,,,,,,-4.8,,,,,,,,,,,,,SUPPORT,Support_Resistance_25AUG26_Scan_28_7_2026.xlsx,,,,,,,,,,,,,,,,,,336.45,-1.41,19743.0,883.0,4.68,0.78,340.0,569.0,34.0,717.0,18.0,-1.04,SB,,,,,,,,,,,,,,,,,
SHREECEM,,,,,,5.0,,,,,,,,,,,,,SUPPORT,Support_Resistance_25AUG26_Scan_28_7_2026.xlsx,,,,,,,,,,,,,,,,,,26740.0,0.02,11781.0,2.0,0.02,0.95,27000.0,83.0,-1.0,101.0,0.0,-0.96,LB,,,,,,,,,,,,,,,,,
MAZDOCK,,,,,,-31.5,,,,,,,,,,,,,SUPPORT,Support_Resistance_25AUG26_Scan_28_7_2026.xlsx,,,,,,,,,,,,,,,,,,2278.8,-1.36,21185.0,205.0,0.98,0.98,2300.0,614.0,27.0,725.0,11.0,-0.92,SB,,,,,,,,,,,,,,,,,
ADANIGREEN,,,,,,-18.3,,,,,,,,,,,,,SUPPORT,Support_Resistance_25AUG26_Scan_28_7_2026.xlsx,,,,,,,,,,,,,,,,,,1390.0,-1.3,37557.0,678.0,1.84,0.49,1400.0,2334.0,57.0,1185.0,5.0,-0.71,SB,,,,,,,,,,,,,,,,,
ULTRACEMCO,,,,,,12.0,,,,,,,,,,,,,SUPPORT,Support_Resistance_25AUG26_Scan_28_7_2026.xlsx,,,,,,,,,,,,,,,,,,11937.0,0.1,30978.0,104.0,0.34,0.53,12000.0,1255.0,2.0,532.0,21.0,-0.53,LB,,,,,,,,,,,,,,,,,
DRREDDY,,,,,,-3.5,,,,,,,,,,,,,SUPPORT,Support_Resistance_25AUG26_Scan_28_7_2026.xlsx,,,,,,,,,,,,,,,,,,1144.9,-0.3,20736.0,255.0,1.25,0.68,1150.0,1372.0,55.0,1162.0,16.0,-0.44,SB,,,,,,,,,,,,,,,,,
HAL,,,,,,-60.1,,,,,,,,,,,,,SUPPORT,Support_Resistance_25AUG26_Scan_28_7_2026.xlsx,,,,,,,,,,,,,,,,,,4581.0,-1.29,30314.0,215.0,0.71,0.68,4600.0,2138.0,162.0,1420.0,-21.0,-0.41,SB,,,,,,,,,,,,,,,,,
HINDPETRO,,,,,,1.9,,,,,,,,,,,,,SUPPORT,Support_Resistance_25AUG26_Scan_28_7_2026.xlsx,,,,,,,,,,,,,,,,,,398.45,0.48,19158.0,171.0,0.9,0.84,400.0,867.0,-7.0,581.0,0.0,-0.39,LB,,,,,,,,,,,,,,,,,
UNITDSPR,,,,,,3.8,,,,,,,,,,,,,SUPPORT,Support_Resistance_25AUG26_Scan_28_7_2026.xlsx,,,,,,,,,,,,,,,,,,1494.9,0.25,19028.0,67.0,0.35,1.0,1500.0,1403.0,63.0,1187.0,-1.0,-0.34,LB,,,,,,,,,,,,,,,,,
PATANJALI,,,,,,-0.05,,,,,,,,,,,,,SUPPORT,Support_Resistance_25AUG26_Scan_28_7_2026.xlsx,,,,,,,,,,,,,,,,,,348.85,-0.01,23938.0,-18.0,-0.08,0.63,350.0,1424.0,-8.0,969.0,-6.0,-0.33,LU,,,,,,,,,,,,,,,,,
NTPC,,,,,,-2.5,,,,,,,,,,,,,SUPPORT,Support_Resistance_25AUG26_Scan_28_7_2026.xlsx,,,,,,,,,,,,,,,,,,349.15,-0.71,60564.0,1822.0,3.1,0.79,350.0,1618.0,196.0,1064.0,98.0,-0.24,SB,,,,,,,,,,,,,,,,,
NBCC,,,,,,-0.64,,,,,,,,,,,,,SUPPORT,Support_Resistance_25AUG26_Scan_28_7_2026.xlsx,,,,,,,,,,,,,,,,,,94.78,-0.67,12418.0,101.0,0.82,0.54,95.0,136.0,3.0,159.0,0.0,-0.23,SB,,,,,,,,,,,,,,,,,
INDUSINDBK,,,,,,-10.3,,,,,,,,,,,,,SUPPORT,Support_Resistance_25AUG26_Scan_28_7_2026.xlsx,,,,,,,,,,,,,,,,,,998.0,-1.02,48323.0,133.0,0.28,0.8,1000.0,1161.0,45.0,1403.0,44.0,-0.2,SB,,,,,,,,,,,,,,,,,
CHOLAFIN,,,,,,-0.7,,,,,,,,,,,,,SUPPORT,Support_Resistance_25AUG26_Scan_28_7_2026.xlsx,,,,,,,,,,,,,,,,,,1798.0,-0.04,18789.0,368.0,2.0,0.64,1800.0,614.0,49.0,309.0,13.0,-0.11,SB,,,,,,,,,,,,,,,,,
YESBANK,,,,,,-0.12,,,,,,,,,,,,,SUPPORT,Support_Resistance_25AUG26_Scan_28_7_2026.xlsx,,,,,,,,,,,,,,,,,,22.98,-0.52,28838.0,362.0,1.27,0.58,23.0,811.0,14.0,1166.0,3.0,-0.09,SB,,,,,,,,,,,,,,,,,
COCHINSHIP,,,,,,-5.0,,,,,,,,,,,,,SUPPORT,Support_Resistance_25AUG26_Scan_28_7_2026.xlsx,,,,,,,,,,,,,,,,,,1400.1,-0.36,13155.0,35.0,0.27,0.85,1400.0,795.0,2.0,461.0,4.0,0.01,SB,,,,,,,,,,,,,,,,,
LODHA,,,,,,43.65,,,,,,,,,,,,,SUPPORT,Support_Resistance_25AUG26_Scan_28_7_2026.xlsx,,,,,,,,,,,,,,,,,,1200.35,3.77,21980.0,239.0,1.1,0.64,1200.0,987.0,-151.0,542.0,137.0,0.03,LB,,,,,,,,,,,,,,,,,
PAGEIND,,,,,,90.0,,,,,,,,,,,,,SUPPORT,Support_Resistance_25AUG26_Scan_28_7_2026.xlsx,,,,,,,,,,,,,,,,,,40055.0,0.23,11340.0,55.0,0.49,0.81,40000.0,18.0,1.0,113.0,1.0,0.14,LB,,,,,,,,,,,,,,,,,
SIEMENS,,,,,,-78.5,,,,,,,,,,,,,SUPPORT,Support_Resistance_25AUG26_Scan_28_7_2026.xlsx,,,,,,,,,,,,,,,,,,3604.9,-2.13,19210.0,232.0,1.22,0.62,3600.0,218.0,16.0,224.0,14.0,0.14,SB,,,,,,,,,,,,,,,,,
HINDUNILVR,,,,,,18.9,,,,,,,,,,,,,SUPPORT,Support_Resistance_25AUG26_Scan_28_7_2026.xlsx,,,,,,,,,,,,,,,,,,2205.0,0.86,52907.0,858.0,1.65,0.81,2200.0,1808.0,80.0,1030.0,83.0,0.23,LB,,,,,,,,,,,,,,,,,
UNIONBANK,,,,,,-0.69,,,,,,,,,,,,,SUPPORT,Support_Resistance_25AUG26_Scan_28_7_2026.xlsx,,,,,,,,,,,,,,,,,,170.4,-0.4,24894.0,123.0,0.5,0.81,170.0,538.0,32.0,599.0,13.0,0.24,SB,,,,,,,,,,,,,,,,,
TORNTPHARM,,,,,,19.0,,,,,,,,,,,,,SUPPORT,Support_Resistance_25AUG26_Scan_28_7_2026.xlsx,,,,,,,,,,,,,,,,,,5013.2,0.38,36265.0,25.0,0.07,0.58,5000.0,1297.0,-18.0,545.0,-10.0,0.26,LB,,,,,,,,,,,,,,,,,
CROMPTON,,,,,,-0.1,,,,,,,,,,,,,SUPPORT,Support_Resistance_25AUG26_Scan_28_7_2026.xlsx,,,,,,,,,,,,,,,,,,250.8,-0.04,23019.0,135.0,0.59,0.46,250.0,237.0,6.0,248.0,2.0,0.32,SB,,,,,,,,,,,,,,,,,
NIFTY,,,,,,-17.7,,,,,,,,,,,,,SUPPORT,Support_Resistance_25AUG26_Scan_28_7_2026.xlsx,,,,,,,,,,,,,,,,,,24084.1,-0.07,158661.0,1782.0,1.14,1.1,24000.0,112311.0,896.0,112017.0,989.0,0.35,SB,,,,,,,,,,,,,,,,,
BHARTIARTL,,,,,,-7.0,,,,,,,,,,,,,SUPPORT,Support_Resistance_25AUG26_Scan_28_7_2026.xlsx,,,,,,,,,,,,,,,,,,1910.5,-0.37,116329.0,364.0,0.31,0.88,1900.0,1806.0,169.0,1483.0,10.0,0.55,SB,,,,,,,,,,,,,,,,,
TATACONSUM,,,,,,-6.9,,,,,,,,,,,,,SUPPORT,Support_Resistance_25AUG26_Scan_28_7_2026.xlsx,,,,,,,,,,,,,,,,,,1106.1,-0.62,25636.0,113.0,0.44,0.74,1100.0,647.0,15.0,623.0,6.0,0.55,SB,,,,,,,,,,,,,,,,,
APLAPOLLO,,,,,,-7.5,,,,,,,,,,,,,SUPPORT,Support_Resistance_25AUG26_Scan_28_7_2026.xlsx,,,,,,,,,,,,,,,,,,1850.5,-0.4,11148.0,127.0,1.15,0.8,1840.0,397.0,0.0,330.0,-9.0,0.57,SB,,,,,,,,,,,,,,,,,
ADANIPOWER,,,,,,-3.96,,,,,,,,,,,,,SUPPORT,Support_Resistance_25AUG26_Scan_28_7_2026.xlsx,,,,,,,,,,,,,,,,,,211.35,-1.84,36435.0,609.0,1.7,0.74,210.0,347.0,17.0,1025.0,-4.0,0.64,SB,,,,,,,,,,,,,,,,,
TIINDIA,,,,,,-44.2,,,,,,,,,,,,,SUPPORT,Support_Resistance_25AUG26_Scan_28_7_2026.xlsx,,,,,,,,,,,,,,,,,,2818.1,-1.54,9128.0,59.0,0.65,0.93,2800.0,37.0,0.0,58.0,10.0,0.65,SB,,,,,,,,,,,,,,,,,
GODREJCP,,,,,,11.1,,,,,,,,,,,,,SUPPORT,Support_Resistance_25AUG26_Scan_28_7_2026.xlsx,,,,,,,,,,,,,,,,,,1087.2,1.03,19025.0,64.0,0.34,0.62,1080.0,84.0,4.0,80.0,4.0,0.67,LB,,,,,,,,,,,,,,,,,
GRASIM,,,,,,-1.7,,,,,,,,,,,,,SUPPORT,Support_Resistance_25AUG26_Scan_28_7_2026.xlsx,,,,,,,,,,,,,,,,,,3120.8,-0.05,44859.0,30.0,0.07,0.66,3100.0,255.0,26.0,231.0,-13.0,0.67,SB,,,,,,,,,,,,,,,,,
POLYCAB,,,,,,-1.0,,,,,,,,,,,,,SUPPORT,Support_Resistance_25AUG26_Scan_28_7_2026.xlsx,,,,,,,,,,,,,,,,,,9060.0,-0.01,16068.0,131.0,0.82,0.65,9000.0,1029.0,100.0,702.0,14.0,0.67,SB,,,,,,,,,,,,,,,,,
LT,,,,,,-2.7,,,,,,,,,,,,,SUPPORT,Support_Resistance_25AUG26_Scan_28_7_2026.xlsx,,,,,,,,,,,,,,,,,,3826.0,-0.07,62903.0,1276.0,2.07,1.01,3800.0,3159.0,112.0,3792.0,88.0,0.68,SB,,,,,,,,,,,,,,,,,
DABUR,,,,,,3.75,,,,,,,,,,,,,SUPPORT,Support_Resistance_25AUG26_Scan_28_7_2026.xlsx,,,,,,,,,,,,,,,,,,433.05,0.87,21452.0,557.0,2.67,0.72,430.0,570.0,-21.0,472.0,22.0,0.71,LB,,,,,,,,,,,,,,,,,
ADANIENT,,,,,,-34.8,,,,,,,,,,,,,SUPPORT,Support_Resistance_25AUG26_Scan_28_7_2026.xlsx,,,,,,,,,,,,,,,,,,3024.1,-1.14,47033.0,674.0,1.45,0.65,3000.0,606.0,26.0,883.0,26.0,0.8,SB,,,,,,,,,,,,,,,,,
MARUTI,,,,,,-42.0,,,,,,,,,,,,,SUPPORT,Support_Resistance_25AUG26_Scan_28_7_2026.xlsx,,,,,,,,,,,,,,,,,,13608.0,-0.31,39229.0,253.0,0.65,0.54,13500.0,1242.0,-3.0,1250.0,-12.0,0.8,SB,,,,,,,,,,,,,,,,,
LICI,,,,,,1.75,,,,,,,,,,,,,SUPPORT,Support_Resistance_25AUG26_Scan_28_7_2026.xlsx,,,,,,,,,,,,,,,,,,423.4,0.42,12892.0,14.0,0.11,0.47,420.0,333.0,-1.0,488.0,19.0,0.81,LB,,,,,,,,,,,,,,,,,
TRENT,,,,,,-9.3,,,,,,,,,,,,,SUPPORT,Support_Resistance_25AUG26_Scan_28_7_2026.xlsx,,,,,,,,,,,,,,,,,,2926.2,-0.32,50063.0,14.0,0.03,0.79,2900.0,1844.0,6.0,1489.0,-4.0,0.9,SB,,,,,,,,,,,,,,,,,
SENSEX,,,,,,-113.4,,,,,,,,,,,,,SUPPORT,Support_Resistance_25AUG26_Scan_28_7_2026.xlsx,,,,,,,,,,,,,,,,,,77241.2,-0.15,1161.0,21.0,1.84,1.2,76500.0,1523.0,-14.0,1464.0,-1.0,0.97,SB,,,,,,,,,,,,,,,,,
CUMMINSIND,,,,,,-113.5,,,,,,,,,,,,,SUPPORT,Support_Resistance_25AUG26_Scan_28_7_2026.xlsx,,,,,,,,,,,,,,,,,,5555.5,-2.0,17843.0,411.0,2.36,0.69,5500.0,58.0,11.0,159.0,14.0,1.01,SB,,,,,,,,,,,,,,,,,
BSE,,,,,,-24.2,,,,,,,,,,,,,SUPPORT,Support_Resistance_25AUG26_Scan_28_7_2026.xlsx,,,,,,,,,,,,,,,,,,3536.4,-0.68,32263.0,422.0,1.33,0.88,3500.0,705.0,45.0,1858.0,75.0,1.04,SB,,,,,,,,,,,,,,,,,
INFY,,,,,,28.4,,,,,,,,,,,,,SUPPORT,Support_Resistance_25AUG26_Scan_28_7_2026.xlsx,,,,,,,,,,,,,,,,,,1111.8,2.62,231630.0,7038.0,3.13,1.04,1100.0,11916.0,-78.0,5739.0,701.0,1.07,LB,,,,,,,,,,,,,,,,,
SAIL,,,,,,-1.72,,,,,,,,,,,,,SUPPORT,Support_Resistance_25AUG26_Scan_28_7_2026.xlsx,,,,,,,,,,,,,,,,,,161.89,-1.05,38891.0,184.0,0.48,0.63,160.0,222.0,-13.0,337.0,0.0,1.18,SB,,,,,,,,,,,,,,,,,
DMART,,,,,,21.3,,,,,,,,,,,,,SUPPORT,Support_Resistance_25AUG26_Scan_28_7_2026.xlsx,,,,,,,,,,,,,,,,,,4047.7,0.53,28212.0,7.0,0.02,0.63,4000.0,908.0,0.0,747.0,7.0,1.19,LB,,,,,,,,,,,,,,,,,
BAJAJFINSV,,,,,,-1.4,,,,,,,,,,,,,SUPPORT,Support_Resistance_25AUG26_Scan_28_7_2026.xlsx,,,,,,,,,,,,,,,,,,1923.0,-0.07,28287.0,120.0,0.43,0.82,1900.0,1116.0,9.0,705.0,-2.0,1.21,SB,,,,,,,,,,,,,,,,,
MAXHEALTH,,,,,,2.8,,,,,,,,,,,,,SUPPORT,Support_Resistance_25AUG26_Scan_28_7_2026.xlsx,,,,,,,,,,,,,,,,,,1113.3,0.25,17904.0,27.0,0.15,0.91,1100.0,530.0,7.0,576.0,10.0,1.21,LB,,,,,,,,,,,,,,,,,
PIIND,,,,,,-3.7,,,,,,,,,,,,,SUPPORT,Support_Resistance_25AUG26_Scan_28_7_2026.xlsx,,,,,,,,,,,,,,,,,,2734.3,-0.14,14947.0,18.0,0.12,0.76,2700.0,704.0,0.0,421.0,0.0,1.27,SB,,,,,,,,,,,,,,,,,
LUPIN,,,,,,6.6,,,,,,,,,,,,,SUPPORT,Support_Resistance_25AUG26_Scan_28_7_2026.xlsx,,,,,,,,,,,,,,,,,,2431.9,0.27,11336.0,42.0,0.37,0.76,2400.0,229.0,1.0,393.0,-1.0,1.33,LB,,,,,,,,,,,,,,,,,
TITAN,,,,,,5.3,,,,,,,,,,,,,SUPPORT,Support_Resistance_25AUG26_Scan_28_7_2026.xlsx,,,,,,,,,,,,,,,,,,4762.8,0.11,28967.0,201.0,0.7,0.83,4700.0,984.0,-11.0,678.0,48.0,1.34,LB,,,,,,,,,,,,,,,,,
PETRONET,,,,,,-1.0,,,,,,,,,,,,,SUPPORT,Support_Resistance_25AUG26_Scan_28_7_2026.xlsx,,,,,,,,,,,,,,,,,,273.7,-0.36,13703.0,52.0,0.38,1.08,270.0,260.0,-5.0,677.0,4.0,1.37,SB,,,,,,,,,,,,,,,,,
IOC,,,,,,0.79,,,,,,,,,,,,,SUPPORT,Support_Resistance_25AUG26_Scan_28_7_2026.xlsx,,,,,,,,,,,,,,,,,,141.97,0.56,28042.0,94.0,0.34,0.93,140.0,789.0,-8.0,735.0,9.0,1.41,LB,,,,,,,,,,,,,,,,,
ZYDUSLIFE,,,,,,0.0,,,,,,,,,,,,,SUPPORT,Support_Resistance_25AUG26_Scan_28_7_2026.xlsx,,,,,,,,,,,,,,,,,,1115.5,0.0,10073.0,36.0,0.36,0.86,1100.0,54.0,1.0,201.0,-1.0,1.41,-,,,,,,,,,,,,,,,,,
VEDL,,,,,,-2.7,,,,,,,,,,,,,SUPPORT,Support_Resistance_25AUG26_Scan_28_7_2026.xlsx,,,,,,,,,,,,,,,,,,263.85,-1.01,35416.0,447.0,1.28,0.77,260.0,2602.0,39.0,2695.0,3.0,1.48,SB,,,,,,,,,,,,,,,,,
CGPOWER,,,,,,-30.5,,,,,,,,,,,,,SUPPORT,Support_Resistance_25AUG26_Scan_28_7_2026.xlsx,,,,,,,,,,,,,,,,,,852.6,-3.45,19938.0,522.0,2.69,0.55,840.0,466.0,4.0,462.0,5.0,1.5,SB,,,,,,,,,,,,,,,,,
FEDERALBNK,,,,,,-1.4,,,,,,,,,,,,,SUPPORT,Support_Resistance_25AUG26_Scan_28_7_2026.xlsx,,,,,,,,,,,,,,,,,,355.4,-0.39,35138.0,81.0,0.23,0.88,350.0,593.0,-65.0,908.0,19.0,1.54,SB,,,,,,,,,,,,,,,,,
UPL,,,,,,-2.55,,,,,,,,,,,,,SUPPORT,Support_Resistance_25AUG26_Scan_28_7_2026.xlsx,,,,,,,,,,,,,,,,,,609.4,-0.42,17916.0,50.0,0.28,1.01,600.0,236.0,0.0,422.0,0.0,1.57,SB,,,,,,,,,,,,,,,,,
M&M,,,,,,1.2,,,,,,,,,,,,,SUPPORT,Support_Resistance_25AUG26_Scan_28_7_2026.xlsx,,,,,,,,,,,,,,,,,,3251.6,0.04,68283.0,254.0,0.37,0.91,3200.0,2896.0,2.0,2948.0,54.0,1.61,LB,,,,,,,,,,,,,,,,,
PIDILITIND,,,,,,3.0,,,,,,,,,,,,,SUPPORT,Support_Resistance_25AUG26_Scan_28_7_2026.xlsx,,,,,,,,,,,,,,,,,,1625.8,0.18,13893.0,57.0,0.41,0.42,1600.0,143.0,-1.0,82.0,8.0,1.61,LB,,,,,,,,,,,,,,,,,
RECLTD,,,,,,1.35,,,,,,,,,,,,,SUPPORT,Support_Resistance_25AUG26_Scan_28_7_2026.xlsx,,,,,,,,,,,,,,,,,,366.0,0.37,23917.0,189.0,0.8,0.93,360.0,1004.0,-6.0,1074.0,9.0,1.67,LB,,,,,,,,,,,,,,,,,
ANGELONE,,,,,,-1.55,,,,,,,,,,,,,SUPPORT,Support_Resistance_25AUG26_Scan_28_7_2026.xlsx,,,,,,,,,,,,,,,,,,305.05,-0.51,9034.0,88.0,0.98,0.54,300.0,227.0,1.0,619.0,5.0,1.68,SB,,,,,,,,,,,,,,,,,
SONACOMS,,,,,,-8.15,,,,,,,,,,,,,SUPPORT,Support_Resistance_25AUG26_Scan_28_7_2026.xlsx,,,,,,,,,,,,,,,,,,711.75,-1.13,8628.0,-36.0,-0.42,0.57,700.0,0.0,,232.0,18.0,1.68,LU,,,,,,,,,,,,,,,,,
HDFCAMC,,,,,,-18.9,,,,,,,,,,,,,SUPPORT,Support_Resistance_25AUG26_Scan_28_7_2026.xlsx,,,,,,,,,,,,,,,,,,2544.0,-0.74,18648.0,69.0,0.37,0.77,2500.0,184.0,-1.0,547.0,5.0,1.76,SB,,,,,,,,,,,,,,,,,
BDL,,,,,,-3.4,,,,,,,,,,,,,SUPPORT,Support_Resistance_25AUG26_Scan_28_7_2026.xlsx,,,,,,,,,,,,,,,,,,1221.3,-0.28,15520.0,232.0,1.52,0.85,1200.0,308.0,-1.0,604.0,-5.0,1.78,SB,,,,,,,,,,,,,,,,,
ASTRAL,,,,,,-4.8,,,,,,,,,,,,,SUPPORT,Support_Resistance_25AUG26_Scan_28_7_2026.xlsx,,,,,,,,,,,,,,,,,,1425.5,-0.34,16630.0,-13.0,-0.08,0.95,1400.0,0.0,,451.0,0.0,1.82,LU,,,,,,,,,,,,,,,,,
PNB,,,,,,-0.3,,,,,,,,,,,,,SUPPORT,Support_Resistance_25AUG26_Scan_28_7_2026.xlsx,,,,,,,,,,,,,,,,,,112.05,-0.27,33775.0,215.0,0.64,0.79,110.0,734.0,17.0,721.0,13.0,1.86,SB,,,,,,,,,,,,,,,,,
WAAREEENER,,,,,,18.9,,,,,,,,,,,,,SUPPORT,Support_Resistance_25AUG26_Scan_28_7_2026.xlsx,,,,,,,,,,,,,,,,,,2756.6,0.69,37649.0,-201.0,-0.53,1.38,2700.0,510.0,6.0,1022.0,13.0,2.1,SC,,,,,,,,,,,,,,,,,
BHEL,,,,,,-10.4,,,,,,,,,,,,,SUPPORT,Support_Resistance_25AUG26_Scan_28_7_2026.xlsx,,,,,,,,,,,,,,,,,,408.5,-2.48,27737.0,273.0,0.99,0.53,400.0,689.0,13.0,816.0,20.0,2.13,SB,,,,,,,,,,,,,,,,,
OBEROIRLTY,,,,,,4.3,,,,,,,,,,,,,SUPPORT,Support_Resistance_25AUG26_Scan_28_7_2026.xlsx,,,,,,,,,,,,,,,,,,1844.0,0.23,14690.0,31.0,0.21,0.49,1800.0,150.0,0.0,210.0,0.0,2.44,LB,,,,,,,,,,,,,,,,,
ICICIBANK,,,,,,-4.8,,,,,,,,,,,,,SUPPORT,Support_Resistance_25AUG26_Scan_28_7_2026.xlsx,,,,,,,,,,,,,,,,,,1434.7,-0.33,142037.0,816.0,0.58,0.7,1400.0,910.0,60.0,1882.0,-1.0,2.48,SB,,,,,,,,,,,,,,,,,
ICICIPRULI,,,,,,0.6,,,,,,,,,,,,,SUPPORT,Support_Resistance_25AUG26_Scan_28_7_2026.xlsx,,,,,,,,,,,,,,,,,,512.65,0.12,19915.0,33.0,0.17,0.68,500.0,458.0,0.0,447.0,2.0,2.53,LB,,,,,,,,,,,,,,,,,
MOTILALOFS,,,,,,-11.85,,,,,,,,,,,,,SUPPORT,Support_Resistance_25AUG26_Scan_28_7_2026.xlsx,,,,,,,,,,,,,,,,,,861.3,-1.36,8551.0,67.0,0.79,0.56,840.0,24.0,0.0,319.0,0.0,2.54,SB,,,,,,,,,,,,,,,,,
CDSL,,,,,,1.8,,,,,,,,,,,,,SUPPORT,Support_Resistance_25AUG26_Scan_28_7_2026.xlsx,,,,,,,,,,,,,,,,,,1333.5,0.14,16501.0,366.0,2.27,0.9,1300.0,272.0,-2.0,1156.0,66.0,2.58,LB,,,,,,,,,,,,,,,,,
GVT&D,,,,,,-118.4,,,,,,,,,,,,,SUPPORT,Support_Resistance_25AUG26_Scan_28_7_2026.xlsx,,,,,,,,,,,,,,,,,,4105.2,-2.8,19629.0,671.0,3.54,0.7,4000.0,42.0,6.0,214.0,-2.0,2.63,SB,,,,,,,,,,,,,,,,,
LTF,,,,,,-2.45,,,,,,,,,,,,,SUPPORT,Support_Resistance_25AUG26_Scan_28_7_2026.xlsx,,,,,,,,,,,,,,,,,,308.0,-0.79,21828.0,159.0,0.73,0.71,300.0,575.0,8.0,775.0,9.0,2.67,SB,,,,,,,,,,,,,,,,,
AXISBANK,,,,,,-3.2,,,,,,,,,,,,,SUPPORT,Support_Resistance_25AUG26_Scan_28_7_2026.xlsx,,,,,,,,,,,,,,,,,,1232.5,-0.26,115902.0,589.0,0.51,0.66,1200.0,517.0,4.0,3946.0,45.0,2.71,SB,,,,,,,,,,,,,,,,,
JIOFIN,,,,,,-0.53,,,,,,,,,,,,,SUPPORT,Support_Resistance_25AUG26_Scan_28_7_2026.xlsx,,,,,,,,,,,,,,,,,,236.57,-0.22,62683.0,634.0,1.02,0.63,230.0,1290.0,0.0,1599.0,17.0,2.86,SB,,,,,,,,,,,,,,,,,
GAIL,,,,,,-0.47,,,,,,,,,,,,,SUPPORT,Support_Resistance_25AUG26_Scan_28_7_2026.xlsx,,,,,,,,,,,,,,,,,,174.98,-0.27,19719.0,156.0,0.8,0.87,170.0,327.0,1.0,635.0,11.0,2.93,SB,,,,,,,,,,,,,,,,,
360ONE,,,,,,-4.3,,,,,,,,,,,,,SUPPORT,Support_Resistance_25AUG26_Scan_28_7_2026.xlsx,,,,,,,,,,,,,,,,,,1132.3,-0.38,7564.0,17.0,0.23,0.31,1100.0,0.0,,110.0,2.0,2.94,SB,,,,,,,,,,,,,,,,,
COFORGE,,,,,,,,,,,,,,,,,,,VOLUME_OI,VolumeAndOISpikesScans_25AUG26_Report_28_7_2026.xlsx,,,,,,,,,,,,,,,,,,"1,660.6",,,,,,,,,,,,,,,8.64,,8.31,,,,,,,132.1,15181475,1164700,193.41 Cr,4140100,-41.69
BEL,,,,,,,,,,,,,,,,,,,VOLUME_OI,VolumeAndOISpikesScans_25AUG26_Report_28_7_2026.xlsx,,,,,,,,,,,,,,,,,,393.85,,,,,,,,,,,,,,,-3.55,,6.11,,,,,,,-14.5,83034750,4778025,188.18 Cr,9100050,-68.8
TATAPOWER,,,,,,,,,,,,,,,,,,,VOLUME_OI,VolumeAndOISpikesScans_25AUG26_Report_28_7_2026.xlsx,,,,,,,,,,,,,,,,,,374.55,,,,,,,,,,,,,,,-1.23,,5.48,,,,,,,-4.65,41913700,2177900,81.57 Cr,4147000,-68.98
GODFRYPHLP,,,,,,,,,,,,,,,,,,,VOLUME_OI,VolumeAndOISpikesScans_25AUG26_Report_28_7_2026.xlsx,,,,,,,,,,,,,,,,,,"2,059.2",,,,,,,,,,,,,,,-5.32,,-1.36,,,,,,,-115.8,1515800,-20900,-4.30 Cr,451825,-72.91
INFY,,,,,,,,,,,,,,,,,,,VOLUME_OI,VolumeAndOISpikesScans_25AUG26_Report_28_7_2026.xlsx,,,,,,,,,,,,,,,,,,"1,111.8",,,,,,,,,,,,,,,2.62,,3.13,,,,,,,28.4,92652000,2815200,312.99 Cr,8764800,-76.12
LTM,,,,,,,,,,,,,,,,,,,VOLUME_OI,VolumeAndOISpikesScans_25AUG26_Report_28_7_2026.xlsx,,,,,,,,,,,,,,,,,,4360,,,,,,,,,,,,,,,3.38,,1.7,,,,,,,142.4,3056250,51150,22.30 Cr,250500,-80.65
GVT&D,,,,,,,,,,,,,,,,,,,VOLUME_OI,VolumeAndOISpikesScans_25AUG26_Report_28_7_2026.xlsx,,,,,,,,,,,,,,,,,,"4,105.2",,,,,,,,,,,,,,,-2.8,,3.54,,,,,,,-118.4,2453625,83875,34.43 Cr,219125,-81.43
FOCIT,,,,,,,,,,,,,,,,,,,VOLUME_OI,VolumeAndOISpikesScans_25AUG26_Report_28_7_2026.xlsx,,,,,,,,,,,,,,,,,,36592,,,,,,,,,,,,,,,2.73,,-17.65,,,,,,,973,630,-135,-49.40 L,135,-82.35
NATIONALUM,,,,,,,,,,,,,,,,,,,VOLUME_OI,VolumeAndOISpikesScans_25AUG26_Report_28_7_2026.xlsx,,,,,,,,,,,,,,,,,,336.45,,,,,,,,,,,,,,,-1.41,,4.68,,,,,,,-4.8,37018125,1655625,55.70 Cr,1942500,-83.64
RADICO,,,,,,,,,,,,,,,,,,,VOLUME_OI,VolumeAndOISpikesScans_25AUG26_Report_28_7_2026.xlsx,,,,,,,,,,,,,,,,,,4135,,,,,,,,,,,,,,,-1.03,,-0.47,,,,,,,-43.1,630000,-3000,-1.24 Cr,81450,-84.5
LODHA,,,,,,,,,,,,,,,,,,,VOLUME_OI,VolumeAndOISpikesScans_25AUG26_Report_28_7_2026.xlsx,,,,,,,,,,,,,,,,,,1200.35,,,,,,,,,,,,,,,3.77,,1.1,,,,,,,43.65,13737500,149375,17.93 Cr,1218125,-84.7
MPHASIS,,,,,,,,,,,,,,,,,,,VOLUME_OI,VolumeAndOISpikesScans_25AUG26_Report_28_7_2026.xlsx,,,,,,,,,,,,,,,,,,"2,447.7",,,,,,,,,,,,,,,4.21,,2.07,,,,,,,98.9,4265525,86625,21.20 Cr,280500,-85.02
COALINDIA,,,,,,,,,,,,,,,,,,,VOLUME_OI,VolumeAndOISpikesScans_25AUG26_Report_28_7_2026.xlsx,,,,,,,,,,,,,,,,,,412,,,,,,,,,,,,,,,-3.25,,2.81,,,,,,,-13.85,61412850,1680750,69.25 Cr,3782700,-85.84
CGPOWER,,,,,,,,,,,,,,,,,,,VOLUME_OI,VolumeAndOISpikesScans_25AUG26_Report_28_7_2026.xlsx,,,,,,,,,,,,,,,,,,852.6,,,,,,,,,,,,,,,-3.45,,2.69,,,,,,,-30.5,16947300,443700,37.83 Cr,1132200,-86.17
ITC,,,,,,,,,,,,,,,,,,,VOLUME_OI,VolumeAndOISpikesScans_25AUG26_Report_28_7_2026.xlsx,,,,,,,,,,,,,,,,,,289.15,,,,,,,,,,,,,,,0.47,,2.49,,,,,,,1.35,135120975,3284400,94.97 Cr,5680425,-86.42
ABCAPITAL,,,,,,,,,,,,,,,,,,,VOLUME_OI,VolumeAndOISpikesScans_25AUG26_Report_28_7_2026.xlsx,,,,,,,,,,,,,,,,,,394.45,,,,,,,,,,,,,,,-1.94,,1.24,,,,,,,-7.8,30975200,378200,14.92 Cr,1413600,-86.88
DABUR,,,,,,,,,,,,,,,,,,,VOLUME_OI,VolumeAndOISpikesScans_25AUG26_Report_28_7_2026.xlsx,,,,,,,,,,,,,,,,,,433.05,,,,,,,,,,,,,,,0.87,,2.67,,,,,,,3.75,26815000,696250,30.15 Cr,1060000,-87.49
PERSISTENT,,,,,,,,,,,,,,,,,,,VOLUME_OI,VolumeAndOISpikesScans_25AUG26_Report_28_7_2026.xlsx,,,,,,,,,,,,,,,,,,5475,,,,,,,,,,,,,,,3.55,,1.55,,,,,,,187.7,3519500,53875,29.50 Cr,202875,-87.88
SENSEX,,,,,,,,,,,,,,,,,,,VOLUME_OI,VolumeAndOISpikesScans_25AUG26_Report_28_7_2026.xlsx,,,,,,,,,,,,,,,,,,"77,241.2",,,,,,,,,,,,,,,-0.15,,1.84,,,,,,,-113.4,23220,420,3.24 Cr,1000,-88.01
ABB,,,,,,,,,,,,,,,,,,,VOLUME_OI,VolumeAndOISpikesScans_25AUG26_Report_28_7_2026.xlsx,,,,,,,,,,,,,,,,,,"7,234.5",,,,,,,,,,,,,,,-1.38,,1.67,,,,,,,-101,1944250,31875,23.06 Cr,112375,-88.16
KPITTECH,,,,,,,,,,,,,,,,,,,VOLUME_OI,VolumeAndOISpikesScans_25AUG26_Report_28_7_2026.xlsx,,,,,,,,,,,,,,,,,,592.6,,,,,,,,,,,,,,,1.31,,3.31,,,,,,,7.65,11001125,352625,20.90 Cr,898225,-88.17
NIFTY,,,,,,,,,,,,,,,,,,,VOLUME_OI,VolumeAndOISpikesScans_25AUG26_Report_28_7_2026.xlsx,,,,,,,,,,,,,,,,,,"24,084.1",,,,,,,,,,,,,,,-0.07,,1.14,,,,,,,-17.7,10312965,115830,278.97 Cr,401115,-88.24
BANKNIFTY,,,,,,,,,,,,,,,,,,,VOLUME_OI,VolumeAndOISpikesScans_25AUG26_Report_28_7_2026.xlsx,,,,,,,,,,,,,,,,,,57125,,,,,,,,,,,,,,,-0.47,,1.63,,,,,,,-271.2,1698150,27240,155.61 Cr,73500,-88.3
SUZLON,,,,,,,,,,,,,,,,,,,VOLUME_OI,VolumeAndOISpikesScans_25AUG26_Report_28_7_2026.xlsx,,,,,,,,,,,,,,,,,,52.25,,,,,,,,,,,,,,,-1.99,,1.9,,,,,,,-1.06,366306100,6832600,35.70 Cr,12458700,-88.87
CDSL,,,,,,,,,,,,,,,,,,,VOLUME_OI,VolumeAndOISpikesScans_25AUG26_Report_28_7_2026.xlsx,,,,,,,,,,,,,,,,,,"1,333.5",,,,,,,,,,,,,,,0.14,,2.27,,,,,,,1.8,7837975,173850,23.18 Cr,370025,-88.97
OFSS,,,,,,,,,,,,,,,,,,,VOLUME_OI,VolumeAndOISpikesScans_25AUG26_Report_28_7_2026.xlsx,,,,,,,,,,,,,,,,,,11405,,,,,,,,,,,,,,,2.42,,-0.32,,,,,,,269,1169500,-3700,-4.22 Cr,74000,-89.34
POWERINDIA,,,,,,,,,,,,,,,,,,,VOLUME_OI,VolumeAndOISpikesScans_25AUG26_Report_28_7_2026.xlsx,,,,,,,,,,,,,,,,,,31015,,,,,,,,,,,,,,,-2.35,,1.75,,,,,,,-745,457000,7850,24.35 Cr,21675,-89.36
IEX,,,,,,,,,,,,,,,,,,,VOLUME_OI,VolumeAndOISpikesScans_25AUG26_Report_28_7_2026.xlsx,,,,,,,,,,,,,,,,,,130.51,,,,,,,,,,,,,,,2.22,,0.55,,,,,,,2.83,56811000,313200,4.09 Cr,4102050,-89.54
TECHM,,,,,,,,,,,,,,,,,,,VOLUME_OI,VolumeAndOISpikesScans_25AUG26_Report_28_7_2026.xlsx,,,,,,,,,,,,,,,,,,"1,625.6",,,,,,,,,,,,,,,2.99,,0.84,,,,,,,47.2,17024400,141000,22.92 Cr,808800,-89.55
TCS,,,,,,,,,,,,,,,,,,,VOLUME_OI,VolumeAndOISpikesScans_25AUG26_Report_28_7_2026.xlsx,,,,,,,,,,,,,,,,,,2376,,,,,,,,,,,,,,,3,,1.26,,,,,,,69.2,33427575,414900,98.58 Cr,1332225,-89.6
CUMMINSIND,,,,,,,,,,,,,,,,,,,VOLUME_OI,VolumeAndOISpikesScans_25AUG26_Report_28_7_2026.xlsx,,,,,,,,,,,,,,,,,,"5,555.5",,,,,,,,,,,,,,,-2,,2.36,,,,,,,-113.5,3568600,82200,45.67 Cr,125000,-89.95
HINDUNILVR,,,,,,,,,,,,,,,,,,,VOLUME_OI,VolumeAndOISpikesScans_25AUG26_Report_28_7_2026.xlsx,,,,,,,,,,,,,,,,,,2205,,,,,,,,,,,,,,,0.86,,1.65,,,,,,,18.9,15872100,257400,56.76 Cr,615000,-90.0
ADANIENSOL,,,,,,,,,,,,,,,,,,,VOLUME_OI,VolumeAndOISpikesScans_25AUG26_Report_28_7_2026.xlsx,,,,,,,,,,,,,,,,,,"1,678.8",,,,,,,,,,,,,,,-1.88,,1.7,,,,,,,-32.1,17415000,290925,48.84 Cr,691200,-90.06
HDFCBANK,,,,,,,,,,,,,,,,,,,VOLUME_OI,VolumeAndOISpikesScans_25AUG26_Report_28_7_2026.xlsx,,,,,,,,,,,,,,,,,,741.6,,,,,,,,,,,,,,,-0.42,,1.42,,,,,,,-3.15,274278550,3836300,284.50 Cr,6054100,-90.35
JSWSTEEL,,,,,,,,,,,,,,,,,,,VOLUME_OI,VolumeAndOISpikesScans_25AUG26_Report_28_7_2026.xlsx,,,,,,,,,,,,,,,,,,"1,250.7",,,,,,,,,,,,,,,0.02,,1.45,,,,,,,0.3,37914750,541350,67.71 Cr,639900,-90.45
PAYTM,,,,,,,,,,,,,,,,,,,VOLUME_OI,VolumeAndOISpikesScans_25AUG26_Report_28_7_2026.xlsx,,,,,,,,,,,,,,,,,,"1,310.7",,,,,,,,,,,,,,,0.75,,2.61,,,,,,,9.7,18978325,482125,63.19 Cr,936700,-90.81
BANKBARODA,,,,,,,,,,,,,,,,,,,VOLUME_OI,VolumeAndOISpikesScans_25AUG26_Report_28_7_2026.xlsx,,,,,,,,,,,,,,,,,,241.5,,,,,,,,,,,,,,,-1.71,,0.64,,,,,,,-4.2,116388675,742950,17.94 Cr,4168125,-90.97
WAAREEENER,,,,,,,,,,,,,,,,,,,VOLUME_OI,VolumeAndOISpikesScans_25AUG26_Report_28_7_2026.xlsx,,,,,,,,,,,,,,,,,,"2,756.6",,,,,,,,,,,,,,,0.69,,-0.53,,,,,,,18.9,6588575,-35175,-9.70 Cr,231525,-91.1
TMPV,,,,,,,,,,,,,,,,,,,VOLUME_OI,VolumeAndOISpikesScans_25AUG26_Report_28_7_2026.xlsx,,,,,,,,,,,,,,,,,,326.4,,,,,,,,,,,,,,,-0.99,,2.94,,,,,,,-3.25,62672000,1790400,58.44 Cr,2169600,-91.26
CIPLA,,,,,,,,,,,,,,,,,,,VOLUME_OI,VolumeAndOISpikesScans_25AUG26_Report_28_7_2026.xlsx,,,,,,,,,,,,,,,,,,"1,446.5",,,,,,,,,,,,,,,2.31,,0.56,,,,,,,32.7,9595225,53550,7.75 Cr,286450,-91.31
TATAELXSI,,,,,,,,,,,,,,,,,,,VOLUME_OI,VolumeAndOISpikesScans_25AUG26_Report_28_7_2026.xlsx,,,,,,,,,,,,,,,,,,"3,641.2",,,,,,,,,,,,,,,2.18,,-1.04,,,,,,,77.8,2688875,-28375,-10.33 Cr,132625,-91.53
HINDALCO,,,,,,,,,,,,,,,,,,,VOLUME_OI,VolumeAndOISpikesScans_25AUG26_Report_28_7_2026.xlsx,,,,,,,,,,,,,,,,,,942.25,,,,,,,,,,,,,,,-0.97,,0.91,,,,,,,-9.2,45892000,415100,39.11 Cr,832300,-91.57
TORNTPHARM,,,,,,,,,,,,,,,,,,,VOLUME_OI,VolumeAndOISpikesScans_25AUG26_Report_28_7_2026.xlsx,,,,,,,,,,,,,,,,,,"5,013.2",,,,,,,,,,,,,,,0.38,,0.07,,,,,,,19,4533125,3125,1.57 Cr,132000,-91.65
GODREJPROP,,,,,,,,,,,,,,,,,,,VOLUME_OI,VolumeAndOISpikesScans_25AUG26_Report_28_7_2026.xlsx,,,,,,,,,,,,,,,,,,"2,111.1",,,,,,,,,,,,,,,1.58,,1.14,,,,,,,32.8,5836675,65650,13.86 Cr,167050,-92.01
DLF,,,,,,,,,,,,,,,,,,,VOLUME_OI,VolumeAndOISpikesScans_25AUG26_Report_28_7_2026.xlsx,,,,,,,,,,,,,,,,,,658.45,,,,,,,,,,,,,,,0.8,,0.91,,,,,,,5.2,40624850,366700,24.15 Cr,940500,-92.14
RELIANCE,,,,,,,,,,,,,,,,,,,VOLUME_OI,VolumeAndOISpikesScans_25AUG26_Report_28_7_2026.xlsx,,,,,,,,,,,,,,,,,,"1,281.6",,,,,,,,,,,,,,,-0.38,,2.04,,,,,,,-4.9,89513000,1792500,229.73 Cr,2231000,-92.19
HINDPETRO,,,,,,,,,,,,,,,,,,,VOLUME_OI,VolumeAndOISpikesScans_25AUG26_Report_28_7_2026.xlsx,,,,,,,,,,,,,,,,,,398.45,,,,,,,,,,,,,,,0.48,,0.9,,,,,,,1.9,38794950,346275,13.80 Cr,816075,-92.22
SUPREMEIND,,,,,,,,,,,,,,,,,,,VOLUME_OI,VolumeAndOISpikesScans_25AUG26_Report_28_7_2026.xlsx,,,,,,,,,,,,,,,,,,"3,312.1",,,,,,,,,,,,,,,-0.96,,0.61,,,,,,,-32.2,1974875,11900,3.94 Cr,68075,-92.23
WIPRO,,,,,,,,,,,,,,,,,,,VOLUME_OI,VolumeAndOISpikesScans_25AUG26_Report_28_7_2026.xlsx,,,,,,,,,,,,,,,,,,178.15,,,,,,,,,,,,,,,1.63,,-0.52,,,,,,,2.86,276711000,-1446000,-25.76 Cr,8256000,-92.26
NAUKRI,,,,,,,,,,,,,,,,,,,VOLUME_OI,VolumeAndOISpikesScans_25AUG26_Report_28_7_2026.xlsx,,,,,,,,,,,,,,,,,,1231,,,,,,,,,,,,,,,2.51,,1.24,,,,,,,30.1,13795650,168850,20.79 Cr,459800,-92.4
ADANIGREEN,,,,,,,,,,,,,,,,,,,VOLUME_OI,VolumeAndOISpikesScans_25AUG26_Report_28_7_2026.xlsx,,,,,,,,,,,,,,,,,,1390,,,,,,,,,,,,,,,-1.3,,1.84,,,,,,,-18.3,22534200,406800,56.55 Cr,636600,-92.49
SWIGGY,,,,,,,,,,,,,,,,,,,VOLUME_OI,VolumeAndOISpikesScans_25AUG26_Report_28_7_2026.xlsx,,,,,,,,,,,,,,,,,,265.25,,,,,,,,,,,,,,,2.43,,0.8,,,,,,,6.3,44581100,355875,9.44 Cr,2208250,-92.53
SIEMENS,,,,,,,,,,,,,,,,,,,VOLUME_OI,VolumeAndOISpikesScans_25AUG26_Report_28_7_2026.xlsx,,,,,,,,,,,,,,,,,,"3,604.9",,,,,,,,,,,,,,,-2.13,,1.22,,,,,,,-78.5,3361750,40600,14.64 Cr,78925,-92.68
KALYANKJIL,,,,,,,,,,,,,,,,,,,VOLUME_OI,VolumeAndOISpikesScans_25AUG26_Report_28_7_2026.xlsx,,,,,,,,,,,,,,,,,,571.85,,,,,,,,,,,,,,,0.78,,-0.8,,,,,,,4.45,22141350,-178200,-10.19 Cr,1069200,-92.79
LT,,,,,,,,,,,,,,,,,,,VOLUME_OI,VolumeAndOISpikesScans_25AUG26_Report_28_7_2026.xlsx,,,,,,,,,,,,,,,,,,3826,,,,,,,,,,,,,,,-0.07,,2.07,,,,,,,-2.7,11008025,223300,85.43 Cr,370475,-92.79
MIDCPNIFTY,,,,,,,,,,,,,,,,,,,VOLUME_OI,VolumeAndOISpikesScans_25AUG26_Report_28_7_2026.xlsx,,,,,,,,,,,,,,,,,,14637.75,,,,,,,,,,,,,,,-0.06,,0.73,,,,,,,-8.55,1534560,11160,16.34 Cr,30720,-92.9
JUBLFOOD,,,,,,,,,,,,,,,,,,,VOLUME_OI,VolumeAndOISpikesScans_25AUG26_Report_28_7_2026.xlsx,,,,,,,,,,,,,,,,,,432.8,,,,,,,,,,,,,,,1.18,,-0.64,,,,,,,5.05,16678750,-107500,-4.65 Cr,647500,-92.92
PNBHOUSING,,,,,,,,,,,,,,,,,,,VOLUME_OI,VolumeAndOISpikesScans_25AUG26_Report_28_7_2026.xlsx,,,,,,,,,,,,,,,,,,"1,073.8",,,,,,,,,,,,,,,-0.22,,0.24,,,,,,,-2.4,6561750,15600,1.68 Cr,235950,-92.92
NTPC,,,,,,,,,,,,,,,,,,,VOLUME_OI,VolumeAndOISpikesScans_25AUG26_Report_28_7_2026.xlsx,,,,,,,,,,,,,,,,,,349.15,,,,,,,,,,,,,,,-0.71,,3.1,,,,,,,-2.5,90846000,2733000,95.42 Cr,3432000,-92.94
BDL,,,,,,,,,,,,,,,,,,,VOLUME_OI,VolumeAndOISpikesScans_25AUG26_Report_28_7_2026.xlsx,,,,,,,,,,,,,,,,,,"1,221.3",,,,,,,,,,,,,,,-0.28,,1.52,,,,,,,-3.4,6596000,98600,12.04 Cr,241825,-93.13
ADANIENT,,,,,,,,,,,,,,,,,,,VOLUME_OI,VolumeAndOISpikesScans_25AUG26_Report_28_7_2026.xlsx,,,,,,,,,,,,,,,,,,"3,024.1",,,,,,,,,,,,,,,-1.14,,1.45,,,,,,,-34.8,14533197,208266,62.98 Cr,383469,-93.19
CHOLAFIN,,,,,,,,,,,,,,,,,,,VOLUME_OI,VolumeAndOISpikesScans_25AUG26_Report_28_7_2026.xlsx,,,,,,,,,,,,,,,,,,1798,,,,,,,,,,,,,,,-0.04,,2,,,,,,,-0.7,11743125,230000,41.35 Cr,383125,-93.26
HCLTECH,,,,,,,,,,,,,,,,,,,VOLUME_OI,VolumeAndOISpikesScans_25AUG26_Report_28_7_2026.xlsx,,,,,,,,,,,,,,,,,,"1,326.5",,,,,,,,,,,,,,,2.34,,0.09,,,,,,,30.3,28387600,24400,3.24 Cr,935600,-93.33
VBL,,,,,,,,,,,,,,,,,,,VOLUME_OI,VolumeAndOISpikesScans_25AUG26_Report_28_7_2026.xlsx,,,,,,,,,,,,,,,,,,468.05,,,,,,,,,,,,,,,0.45,,1.4,,,,,,,2.1,46212375,640050,29.96 Cr,1110525,-93.5
MUTHOOTFIN,,,,,,,,,,,,,,,,,,,VOLUME_OI,VolumeAndOISpikesScans_25AUG26_Report_28_7_2026.xlsx,,,,,,,,,,,,,,,,,,"3,006.5",,,,,,,,,,,,,,,-1.31,,0.79,,,,,,,-39.9,5840725,45925,13.81 Cr,129250,-93.63
CANBK,,,,,,,,,,,,,,,,,,,VOLUME_OI,VolumeAndOISpikesScans_25AUG26_Report_28_7_2026.xlsx,,,,,,,,,,,,,,,,,,126.25,,,,,,,,,,,,,,,-1.62,,1.15,,,,,,,-2.08,364945500,4137750,52.24 Cr,9949500,-93.64
JIOFIN,,,,,,,,,,,,,,,,,,,VOLUME_OI,VolumeAndOISpikesScans_25AUG26_Report_28_7_2026.xlsx,,,,,,,,,,,,,,,,,,236.57,,,,,,,,,,,,,,,-0.22,,1.02,,,,,,,-0.53,147305050,1489900,35.25 Cr,2843500,-93.64
SHRIRAMFIN,,,,,,,,,,,,,,,,,,,VOLUME_OI,VolumeAndOISpikesScans_25AUG26_Report_28_7_2026.xlsx,,,,,,,,,,,,,,,,,,"1,044.9",,,,,,,,,,,,,,,0.18,,0.92,,,,,,,1.9,26726700,243375,25.43 Cr,833250,-93.81
VOLTAS,,,,,,,,,,,,,,,,,,,VOLUME_OI,VolumeAndOISpikesScans_25AUG26_Report_28_7_2026.xlsx,,,,,,,,,,,,,,,,,,"1,313.6",,,,,,,,,,,,,,,-1.02,,1.5,,,,,,,-13.5,6732000,99375,13.05 Cr,150750,-93.86
BHEL,,,,,,,,,,,,,,,,,,,VOLUME_OI,VolumeAndOISpikesScans_25AUG26_Report_28_7_2026.xlsx,,,,,,,,,,,,,,,,,,408.5,,,,,,,,,,,,,,,-2.48,,0.99,,,,,,,-10.4,72809625,716625,29.27 Cr,1832250,-93.95
ADANIPOWER,,,,,,,,,,,,,,,,,,,VOLUME_OI,VolumeAndOISpikesScans_25AUG26_Report_28_7_2026.xlsx,,,,,,,,,,,,,,,,,,211.35,,,,,,,,,,,,,,,-1.84,,1.7,,,,,,,-3.96,129344250,2161950,45.69 Cr,3003300,-93.99
ETERNAL,,,,,,,,,,,,,,,,,,,VOLUME_OI,VolumeAndOISpikesScans_25AUG26_Report_28_7_2026.xlsx,,,,,,,,,,,,,,,,,,299,,,,,,,,,,,,,,,0.84,,1.72,,,,,,,2.5,145495150,2463800,73.67 Cr,4289825,-94.03
HAL,,,,,,,,,,,,,,,,,,,VOLUME_OI,VolumeAndOISpikesScans_25AUG26_Report_28_7_2026.xlsx,,,,,,,,,,,,,,,,,,4581,,,,,,,,,,,,,,,-1.29,,0.71,,,,,,,-60.1,4547100,32250,14.77 Cr,110250,-94.05
LTF,,,,,,,,,,,,,,,,,,,VOLUME_OI,VolumeAndOISpikesScans_25AUG26_Report_28_7_2026.xlsx,,,,,,,,,,,,,,,,,,308,,,,,,,,,,,,,,,-0.79,,0.73,,,,,,,-2.45,49113000,357750,11.02 Cr,1134000,-94.07
INOXWIND,,,,,,,,,,,,,,,,,,,VOLUME_OI,VolumeAndOISpikesScans_25AUG26_Report_28_7_2026.xlsx,,,,,,,,,,,,,,,,,,78.25,,,,,,,,,,,,,,,-0.62,,1.33,,,,,,,-0.49,83200000,1088000,8.51 Cr,1670400,-94.1
RBLBANK,,,,,,,,,,,,,,,,,,,VOLUME_OI,VolumeAndOISpikesScans_25AUG26_Report_28_7_2026.xlsx,,,,,,,,,,,,,,,,,,367.1,,,,,,,,,,,,,,,0.88,,1.66,,,,,,,3.2,39544625,644525,23.66 Cr,1203325,-94.2
PGEL,,,,,,,,,,,,,,,,,,,VOLUME_OI,VolumeAndOISpikesScans_25AUG26_Report_28_7_2026.xlsx,,,,,,,,,,,,,,,,,,582.15,,,,,,,,,,,,,,,-0.21,,1.52,,,,,,,-1.2,8720050,130150,7.58 Cr,291650,-94.22
INDUSTOWER,,,,,,,,,,,,,,,,,,,VOLUME_OI,VolumeAndOISpikesScans_25AUG26_Report_28_7_2026.xlsx,,,,,,,,,,,,,,,,,,390.1,,,,,,,,,,,,,,,0.03,,0.91,,,,,,,0.1,80719400,725900,28.32 Cr,1504500,-94.25
SOLARINDS,,,,,,,,,,,,,,,,,,,VOLUME_OI,VolumeAndOISpikesScans_25AUG26_Report_28_7_2026.xlsx,,,,,,,,,,,,,,,,,,18393,,,,,,,,,,,,,,,-1.87,,1.44,,,,,,,-351,696700,9900,18.21 Cr,15300,-94.25
TITAN,,,,,,,,,,,,,,,,,,,VOLUME_OI,VolumeAndOISpikesScans_25AUG26_Report_28_7_2026.xlsx,,,,,,,,,,,,,,,,,,"4,762.8",,,,,,,,,,,,,,,0.11,,0.7,,,,,,,5.3,5069225,35175,16.75 Cr,98700,-94.33
BSE,,,,,,,,,,,,,,,,,,,VOLUME_OI,VolumeAndOISpikesScans_25AUG26_Report_28_7_2026.xlsx,,,,,,,,,,,,,,,,,,"3,536.4",,,,,,,,,,,,,,,-0.68,,1.33,,,,,,,-24.2,6452600,84400,29.85 Cr,182600,-94.41
FORCEMOT,,,,,,,,,,,,,,,,,,,VOLUME_OI,VolumeAndOISpikesScans_25AUG26_Report_28_7_2026.xlsx,,,,,,,,,,,,,,,,,,17100,,,,,,,,,,,,,,,-0.33,,1.76,,,,,,,-57,268275,4650,7.95 Cr,9025,-94.47
BANDHANBNK,,,,,,,,,,,,,,,,,,,VOLUME_OI,VolumeAndOISpikesScans_25AUG26_Report_28_7_2026.xlsx,,,,,,,,,,,,,,,,,,166.64,,,,,,,,,,,,,,,-1.18,,0.73,,,,,,,-1.99,116269200,838800,13.98 Cr,1807200,-94.48
JINDALSTEL,,,,,,,,,,,,,,,,,,,VOLUME_OI,VolumeAndOISpikesScans_25AUG26_Report_28_7_2026.xlsx,,,,,,,,,,,,,,,,,,"1,062.7",,,,,,,,,,,,,,,-0.65,,1.76,,,,,,,-6.9,10683750,184375,19.59 Cr,303125,-94.54
DRREDDY,,,,,,,,,,,,,,,,,,,VOLUME_OI,VolumeAndOISpikesScans_25AUG26_Report_28_7_2026.xlsx,,,,,,,,,,,,,,,,,,"1,144.9",,,,,,,,,,,,,,,-0.3,,1.25,,,,,,,-3.5,12960000,159375,18.25 Cr,321875,-94.58
LAURUSLABS,,,,,,,,,,,,,,,,,,,VOLUME_OI,VolumeAndOISpikesScans_25AUG26_Report_28_7_2026.xlsx,,,,,,,,,,,,,,,,,,"1,735.1",,,,,,,,,,,,,,,0.71,,1.13,,,,,,,12.2,16623450,186150,32.30 Cr,678300,-94.64
TATASTEEL,,,,,,,,,,,,,,,,,,,VOLUME_OI,VolumeAndOISpikesScans_25AUG26_Report_28_7_2026.xlsx,,,,,,,,,,,,,,,,,,184.5,,,,,,,,,,,,,,,-0.51,,0.94,,,,,,,-0.95,139675250,1303500,24.05 Cr,2070750,-94.68
NIFTYNXT50,,,,,,,,,,,,,,,,,,,VOLUME_OI,VolumeAndOISpikesScans_25AUG26_Report_28_7_2026.xlsx,,,,,,,,,,,,,,,,,,72430,,,,,,,,,,,,,,,-0.35,,0.23,,,,,,,-252.2,11100,25,18.11 L,350,-94.72
ASTRAL,,,,,,,,,,,,,,,,,,,VOLUME_OI,VolumeAndOISpikesScans_25AUG26_Report_28_7_2026.xlsx,,,,,,,,,,,,,,,,,,"1,425.5",,,,,,,,,,,,,,,-0.34,,-0.08,,,,,,,-4.8,7067750,-5525,-78.76 L,172550,-94.77
BIOCON,,,,,,,,,,,,,,,,,,,VOLUME_OI,VolumeAndOISpikesScans_25AUG26_Report_28_7_2026.xlsx,,,,,,,,,,,,,,,,,,437.85,,,,,,,,,,,,,,,-0.3,,0.8,,,,,,,-1.3,42180000,335000,14.67 Cr,757500,-94.92
YESBANK,,,,,,,,,,,,,,,,,,,VOLUME_OI,VolumeAndOISpikesScans_25AUG26_Report_28_7_2026.xlsx,,,,,,,,,,,,,,,,,,22.98,,,,,,,,,,,,,,,-0.52,,1.27,,,,,,,-0.12,896861800,11258200,25.87 Cr,16296400,-95.05
COLPAL,,,,,,,,,,,,,,,,,,,VOLUME_OI,VolumeAndOISpikesScans_25AUG26_Report_28_7_2026.xlsx,,,,,,,,,,,,,,,,,,"2,177.7",,,,,,,,,,,,,,,1.34,,0.25,,,,,,,28.9,3825800,9625,2.10 Cr,87450,-95.08
BRITANNIA,,,,,,,,,,,,,,,,,,,VOLUME_OI,VolumeAndOISpikesScans_25AUG26_Report_28_7_2026.xlsx,,,,,,,,,,,,,,,,,,"5,377.5",,,,,,,,,,,,,,,0.99,,-0.02,,,,,,,52.5,1929875,-375,-20.17 L,38750,-95.17
HDFCLIFE,,,,,,,,,,,,,,,,,,,VOLUME_OI,VolumeAndOISpikesScans_25AUG26_Report_28_7_2026.xlsx,,,,,,,,,,,,,,,,,,556.5,,,,,,,,,,,,,,,-0.03,,0.98,,,,,,,-0.15,37001800,360800,20.08 Cr,523600,-95.26
MFSL,,,,,,,,,,,,,,,,,,,VOLUME_OI,VolumeAndOISpikesScans_25AUG26_Report_28_7_2026.xlsx,,,,,,,,,,,,,,,,,,"1,518.9",,,,,,,,,,,,,,,0.02,,1.16,,,,,,,0.3,7965600,91200,13.85 Cr,154800,-95.29
HEROMOTOCO,,,,,,,,,,,,,,,,,,,VOLUME_OI,VolumeAndOISpikesScans_25AUG26_Report_28_7_2026.xlsx,,,,,,,,,,,,,,,,,,"5,156.3",,,,,,,,,,,,,,,0.32,,0.46,,,,,,,16.5,4450650,20400,10.52 Cr,88350,-95.32
AUROPHARMA,,,,,,,,,,,,,,,,,,,VOLUME_OI,VolumeAndOISpikesScans_25AUG26_Report_28_7_2026.xlsx,,,,,,,,,,,,,,,,,,"1,557.3",,,,,,,,,,,,,,,-0.08,,0.98,,,,,,,-1.2,9163550,88550,13.79 Cr,140250,-95.33
ASHOKLEY,,,,,,,,,,,,,,,,,,,VOLUME_OI,VolumeAndOISpikesScans_25AUG26_Report_28_7_2026.xlsx,,,,,,,,,,,,,,,,,,155.82,,,,,,,,,,,,,,,-0.2,,0.95,,,,,,,-0.32,126355000,1185000,18.46 Cr,2680000,-95.38
ADANIPORTS,,,,,,,,,,,,,,,,,,,VOLUME_OI,VolumeAndOISpikesScans_25AUG26_Report_28_7_2026.xlsx,,,,,,,,,,,,,,,,,,1778,,,,,,,,,,,,,,,-0.25,,0.82,,,,,,,-4.4,17331800,141550,25.17 Cr,234650,-95.43
DELHIVERY,,,,,,,,,,,,,,,,,,,VOLUME_OI,VolumeAndOISpikesScans_25AUG26_Report_28_7_2026.xlsx,,,,,,,,,,,,,,,,,,472.6,,,,,,,,,,,,,,,0.4,,1.05,,,,,,,1.9,20833000,215800,10.20 Cr,504225,-95.5
ANGELONE,,,,,,,,,,,,,,,,,,,VOLUME_OI,VolumeAndOISpikesScans_25AUG26_Report_28_7_2026.xlsx,,,,,,,,,,,,,,,,,,305.05,,,,,,,,,,,,,,,-0.51,,0.98,,,,,,,-1.55,22585000,220000,6.71 Cr,510000,-95.6
POWERGRID,,,,,,,,,,,,,,,,,,,VOLUME_OI,VolumeAndOISpikesScans_25AUG26_Report_28_7_2026.xlsx,,,,,,,,,,,,,,,,,,286.5,,,,,,,,,,,,,,,-0.92,,0.76,,,,,,,-2.65,38851200,294500,8.44 Cr,661200,-95.64
POLYCAB,,,,,,,,,,,,,,,,,,,VOLUME_OI,VolumeAndOISpikesScans_25AUG26_Report_28_7_2026.xlsx,,,,,,,,,,,,,,,,,,9060,,,,,,,,,,,,,,,-0.01,,0.82,,,,,,,-1,2008500,16375,14.84 Cr,38375,-95.75
AMBER,,,,,,,,,,,,,,,,,,,VOLUME_OI,VolumeAndOISpikesScans_25AUG26_Report_28_7_2026.xlsx,,,,,,,,,,,,,,,,,,7270,,,,,,,,,,,,,,,-0.53,,1.07,,,,,,,-38.5,1106300,11700,8.51 Cr,24100,-95.79
CONCOR,,,,,,,,,,,,,,,,,,,VOLUME_OI,VolumeAndOISpikesScans_25AUG26_Report_28_7_2026.xlsx,,,,,,,,,,,,,,,,,,520.75,,,,,,,,,,,,,,,1.74,,0.93,,,,,,,8.9,18402500,168750,8.79 Cr,767500,-95.8
KFINTECH,,,,,,,,,,,,,,,,,,,VOLUME_OI,VolumeAndOISpikesScans_25AUG26_Report_28_7_2026.xlsx,,,,,,,,,,,,,,,,,,938.35,,,,,,,,,,,,,,,0.14,,0.78,,,,,,,1.35,3721975,28750,2.70 Cr,285200,-95.9
PATANJALI,,,,,,,,,,,,,,,,,,,VOLUME_OI,VolumeAndOISpikesScans_25AUG26_Report_28_7_2026.xlsx,,,,,,,,,,,,,,,,,,348.85,,,,,,,,,,,,,,,-0.01,,-0.08,,,,,,,-0.05,25733350,-19350,-67.50 L,552550,-95.91
SBICARD,,,,,,,,,,,,,,,,,,,VOLUME_OI,VolumeAndOISpikesScans_25AUG26_Report_28_7_2026.xlsx,,,,,,,,,,,,,,,,,,657,,,,,,,,,,,,,,,2.15,,0.22,,,,,,,13.8,21382400,47200,3.10 Cr,406400,-95.94
NESTLEIND,,,,,,,,,,,,,,,,,,,VOLUME_OI,VolumeAndOISpikesScans_25AUG26_Report_28_7_2026.xlsx,,,,,,,,,,,,,,,,,,"1,473.1",,,,,,,,,,,,,,,1.2,,0.09,,,,,,,17.4,10300500,9500,1.40 Cr,221000,-95.96
GAIL,,,,,,,,,,,,,,,,,,,VOLUME_OI,VolumeAndOISpikesScans_25AUG26_Report_28_7_2026.xlsx,,,,,,,,,,,,,,,,,,174.98,,,,,,,,,,,,,,,-0.27,,0.8,,,,,,,-0.47,70002450,553800,9.69 Cr,1118250,-96.04
UNOMINDA,,,,,,,,,,,,,,,,,,,VOLUME_OI,VolumeAndOISpikesScans_25AUG26_Report_28_7_2026.xlsx,,,,,,,,,,,,,,,,,,1165,,,,,,,,,,,,,,,-0.44,,0.71,,,,,,,-5.2,4427500,31350,3.65 Cr,82500,-96.05
APLAPOLLO,,,,,,,,,,,,,,,,,,,VOLUME_OI,VolumeAndOISpikesScans_25AUG26_Report_28_7_2026.xlsx,,,,,,,,,,,,,,,,,,"1,850.5",,,,,,,,,,,,,,,-0.4,,1.15,,,,,,,-7.5,3901800,44450,8.23 Cr,65800,-96.06
HINDZINC,,,,,,,,,,,,,,,,,,,VOLUME_OI,VolumeAndOISpikesScans_25AUG26_Report_28_7_2026.xlsx,,,,,,,,,,,,,,,,,,527.4,,,,,,,,,,,,,,,-0.89,,1.07,,,,,,,-4.75,23795625,252350,13.31 Cr,412825,-96.06
RVNL,,,,,,,,,,,,,,,,,,,VOLUME_OI,VolumeAndOISpikesScans_25AUG26_Report_28_7_2026.xlsx,,,,,,,,,,,,,,,,,,223.34,,,,,,,,,,,,,,,-0.05,,0.15,,,,,,,-0.11,27714225,40425,90.29 L,556325,-96.08
PNB,,,,,,,,,,,,,,,,,,,VOLUME_OI,VolumeAndOISpikesScans_25AUG26_Report_28_7_2026.xlsx,,,,,,,,,,,,,,,,,,112.05,,,,,,,,,,,,,,,-0.27,,0.64,,,,,,,-0.3,270200000,1720000,19.27 Cr,3448000,-96.11
LICI,,,,,,,,,,,,,,,,,,,VOLUME_OI,VolumeAndOISpikesScans_25AUG26_Report_28_7_2026.xlsx,,,,,,,,,,,,,,,,,,423.4,,,,,,,,,,,,,,,0.42,,0.11,,,,,,,1.75,18048800,19600,82.99 L,331800,-96.14
SONACOMS,,,,,,,,,,,,,,,,,,,VOLUME_OI,VolumeAndOISpikesScans_25AUG26_Report_28_7_2026.xlsx,,,,,,,,,,,,,,,,,,711.75,,,,,,,,,,,,,,,-1.13,,-0.42,,,,,,,-8.15,10569300,-44100,-3.14 Cr,214375,-96.28
MOTILALOFS,,,,,,,,,,,,,,,,,,,VOLUME_OI,VolumeAndOISpikesScans_25AUG26_Report_28_7_2026.xlsx,,,,,,,,,,,,,,,,,,861.3,,,,,,,,,,,,,,,-1.36,,0.79,,,,,,,-11.85,6627025,51925,4.47 Cr,111600,-96.29
GODREJCP,,,,,,,,,,,,,,,,,,,VOLUME_OI,VolumeAndOISpikesScans_25AUG26_Report_28_7_2026.xlsx,,,,,,,,,,,,,,,,,,"1,087.2",,,,,,,,,,,,,,,1.03,,0.34,,,,,,,11.1,9512500,32000,3.48 Cr,126000,-96.31
BAJAJ-AUTO,,,,,,,,,,,,,,,,,,,VOLUME_OI,VolumeAndOISpikesScans_25AUG26_Report_28_7_2026.xlsx,,,,,,,,,,,,,,,,,,11260,,,,,,,,,,,,,,,-0.02,,0.54,,,,,,,-2,1909950,10200,11.49 Cr,23325,-96.32
SBIN,,,,,,,,,,,,,,,,,,,VOLUME_OI,VolumeAndOISpikesScans_25AUG26_Report_28_7_2026.xlsx,,,,,,,,,,,,,,,,,,"1,020.1",,,,,,,,,,,,,,,-0.72,,0.62,,,,,,,-7.4,71430750,439500,44.83 Cr,837750,-96.32
SBILIFE,,,,,,,,,,,,,,,,,,,VOLUME_OI,VolumeAndOISpikesScans_25AUG26_Report_28_7_2026.xlsx,,,,,,,,,,,,,,,,,,"1,880.8",,,,,,,,,,,,,,,0.44,,0.89,,,,,,,8.3,6613125,58500,11.00 Cr,91125,-96.39
BPCL,,,,,,,,,,,,,,,,,,,VOLUME_OI,VolumeAndOISpikesScans_25AUG26_Report_28_7_2026.xlsx,,,,,,,,,,,,,,,,,,320.65,,,,,,,,,,,,,,,0.64,,0.34,,,,,,,2.05,36326175,124425,3.99 Cr,539175,-96.45
MAZDOCK,,,,,,,,,,,,,,,,,,,VOLUME_OI,VolumeAndOISpikesScans_25AUG26_Report_28_7_2026.xlsx,,,,,,,,,,,,,,,,,,"2,278.8",,,,,,,,,,,,,,,-1.36,,0.98,,,,,,,-31.5,4766625,46125,10.51 Cr,81900,-96.45
VEDL,,,,,,,,,,,,,,,,,,,VOLUME_OI,VolumeAndOISpikesScans_25AUG26_Report_28_7_2026.xlsx,,,,,,,,,,,,,,,,,,263.85,,,,,,,,,,,,,,,-1.01,,1.28,,,,,,,-2.7,40728400,514050,13.56 Cr,767050,-96.5
OIL,,,,,,,,,,,,,,,,,,,VOLUME_OI,VolumeAndOISpikesScans_25AUG26_Report_28_7_2026.xlsx,,,,,,,,,,,,,,,,,,434.95,,,,,,,,,,,,,,,-0.92,,-0.04,,,,,,,-4.05,14880600,-5600,-24.36 L,204400,-96.54
RECLTD,,,,,,,,,,,,,,,,,,,VOLUME_OI,VolumeAndOISpikesScans_25AUG26_Report_28_7_2026.xlsx,,,,,,,,,,,,,,,,,,366,,,,,,,,,,,,,,,0.37,,0.8,,,,,,,1.35,37669275,297675,10.89 Cr,883575,-96.54
MOTHERSON,,,,,,,,,,,,,,,,,,,VOLUME_OI,VolumeAndOISpikesScans_25AUG26_Report_28_7_2026.xlsx,,,,,,,,,,,,,,,,,,147.75,,,,,,,,,,,,,,,-1.54,,0.53,,,,,,,-2.31,115048050,602700,8.90 Cr,2318550,-96.55
IOC,,,,,,,,,,,,,,,,,,,VOLUME_OI,VolumeAndOISpikesScans_25AUG26_Report_28_7_2026.xlsx,,,,,,,,,,,,,,,,,,141.97,,,,,,,,,,,,,,,0.56,,0.34,,,,,,,0.79,136704750,458250,6.51 Cr,1345500,-96.62
GMRAIRPORT,,,,,,,,,,,,,,,,,,,VOLUME_OI,VolumeAndOISpikesScans_25AUG26_Report_28_7_2026.xlsx,,,,,,,,,,,,,,,,,,108.67,,,,,,,,,,,,,,,-0.09,,0.73,,,,,,,-0.1,103781025,753300,8.19 Cr,1534500,-96.65
NHPC,,,,,,,,,,,,,,,,,,,VOLUME_OI,VolumeAndOISpikesScans_25AUG26_Report_28_7_2026.xlsx,,,,,,,,,,,,,,,,,,78.44,,,,,,,,,,,,,,,-0.29,,0.25,,,,,,,-0.23,126385750,319700,2.51 Cr,1529000,-96.65
MCX,,,,,,,,,,,,,,,,,,,VOLUME_OI,VolumeAndOISpikesScans_25AUG26_Report_28_7_2026.xlsx,,,,,,,,,,,,,,,,,,"2,764.4",,,,,,,,,,,,,,,0.18,,0.28,,,,,,,5.1,5960925,16875,4.66 Cr,90000,-96.68
BAJFINANCE,,,,,,,,,,,,,,,,,,,VOLUME_OI,VolumeAndOISpikesScans_25AUG26_Report_28_7_2026.xlsx,,,,,,,,,,,,,,,,,,"1,052.5",,,,,,,,,,,,,,,-0.07,,0.44,,,,,,,-0.7,62058750,271500,28.58 Cr,729750,-96.78
INDHOTEL,,,,,,,,,,,,,,,,,,,VOLUME_OI,VolumeAndOISpikesScans_25AUG26_Report_28_7_2026.xlsx,,,,,,,,,,,,,,,,,,739.3,,,,,,,,,,,,,,,0.31,,0.44,,,,,,,2.25,20027000,87000,6.43 Cr,213000,-96.78
NAM-INDIA,,,,,,,,,,,,,,,,,,,VOLUME_OI,VolumeAndOISpikesScans_25AUG26_Report_28_7_2026.xlsx,,,,,,,,,,,,,,,,,,"1,142.8",,,,,,,,,,,,,,,-0.26,,0.44,,,,,,,-3,6695000,29375,3.36 Cr,90000,-96.78
MARICO,,,,,,,,,,,,,,,,,,,VOLUME_OI,VolumeAndOISpikesScans_25AUG26_Report_28_7_2026.xlsx,,,,,,,,,,,,,,,,,,865.9,,,,,,,,,,,,,,,0.67,,0.27,,,,,,,5.75,12132000,32400,2.81 Cr,122400,-96.8
ICICIBANK,,,,,,,,,,,,,,,,,,,VOLUME_OI,VolumeAndOISpikesScans_25AUG26_Report_28_7_2026.xlsx,,,,,,,,,,,,,,,,,,"1,434.7",,,,,,,,,,,,,,,-0.33,,0.58,,,,,,,-4.8,99425900,571200,81.95 Cr,751100,-96.87
SHREECEM,,,,,,,,,,,,,,,,,,,VOLUME_OI,VolumeAndOISpikesScans_25AUG26_Report_28_7_2026.xlsx,,,,,,,,,,,,,,,,,,26740,,,,,,,,,,,,,,,0.02,,0.02,,,,,,,5,294525,50,13.37 L,4300,-96.88
JSWENERGY,,,,,,,,,,,,,,,,,,,VOLUME_OI,VolumeAndOISpikesScans_25AUG26_Report_28_7_2026.xlsx,,,,,,,,,,,,,,,,,,547.4,,,,,,,,,,,,,,,-1.08,,0.78,,,,,,,-5.95,21680600,168775,9.24 Cr,258000,-96.89
BHARTIARTL,,,,,,,,,,,,,,,,,,,VOLUME_OI,VolumeAndOISpikesScans_25AUG26_Report_28_7_2026.xlsx,,,,,,,,,,,,,,,,,,"1,910.5",,,,,,,,,,,,,,,-0.37,,0.31,,,,,,,-7,55256275,172900,33.03 Cr,315875,-96.92
HDFCAMC,,,,,,,,,,,,,,,,,,,VOLUME_OI,VolumeAndOISpikesScans_25AUG26_Report_28_7_2026.xlsx,,,,,,,,,,,,,,,,,,2544,,,,,,,,,,,,,,,-0.74,,0.37,,,,,,,-18.9,5594400,20700,5.27 Cr,46500,-96.94
PFC,,,,,,,,,,,,,,,,,,,VOLUME_OI,VolumeAndOISpikesScans_25AUG26_Report_28_7_2026.xlsx,,,,,,,,,,,,,,,,,,419.8,,,,,,,,,,,,,,,0.6,,0.74,,,,,,,2.5,39305500,289900,12.17 Cr,631800,-96.99
PREMIERENE,,,,,,,,,,,,,,,,,,,VOLUME_OI,VolumeAndOISpikesScans_25AUG26_Report_28_7_2026.xlsx,,,,,,,,,,,,,,,,,,"1,038.6",,,,,,,,,,,,,,,0.03,,0.27,,,,,,,0.3,6177600,16900,1.76 Cr,74750,-96.99
NYKAA,,,,,,,,,,,,,,,,,,,VOLUME_OI,VolumeAndOISpikesScans_25AUG26_Report_28_7_2026.xlsx,,,,,,,,,,,,,,,,,,330.3,,,,,,,,,,,,,,,0.36,,0.37,,,,,,,1.2,43012500,159375,5.26 Cr,418750,-97.06
KOTAKBANK,,,,,,,,,,,,,,,,,,,VOLUME_OI,VolumeAndOISpikesScans_25AUG26_Report_28_7_2026.xlsx,,,,,,,,,,,,,,,,,,387.35,,,,,,,,,,,,,,,-0.09,,0.58,,,,,,,-0.35,167126000,964000,37.34 Cr,1362000,-97.07
ZYDUSLIFE,,,,,,,,,,,,,,,,,,,VOLUME_OI,VolumeAndOISpikesScans_25AUG26_Report_28_7_2026.xlsx,,,,,,,,,,,,,,,,,,"1,115.5",,,,,,,,,,,,,,,0,,0.36,,,,,,,0,9065700,32400,3.61 Cr,79200,-97.08
BOSCHLTD,,,,,,,,,,,,,,,,,,,VOLUME_OI,VolumeAndOISpikesScans_25AUG26_Report_28_7_2026.xlsx,,,,,,,,,,,,,,,,,,40960,,,,,,,,,,,,,,,-0.7,,0.2,,,,,,,-290,191550,375,1.54 Cr,1950,-97.11
DIVISLAB,,,,,,,,,,,,,,,,,,,VOLUME_OI,VolumeAndOISpikesScans_25AUG26_Report_28_7_2026.xlsx,,,,,,,,,,,,,,,,,,7485,,,,,,,,,,,,,,,0.31,,0.4,,,,,,,23,3395100,13400,10.03 Cr,40000,-97.11
FORTIS,,,,,,,,,,,,,,,,,,,VOLUME_OI,VolumeAndOISpikesScans_25AUG26_Report_28_7_2026.xlsx,,,,,,,,,,,,,,,,,,945.35,,,,,,,,,,,,,,,-0.39,,0.58,,,,,,,-3.7,8068525,46500,4.40 Cr,75950,-97.11
PIDILITIND,,,,,,,,,,,,,,,,,,,VOLUME_OI,VolumeAndOISpikesScans_25AUG26_Report_28_7_2026.xlsx,,,,,,,,,,,,,,,,,,"1,625.8",,,,,,,,,,,,,,,0.18,,0.41,,,,,,,3,6946500,28500,4.63 Cr,102500,-97.11
UNIONBANK,,,,,,,,,,,,,,,,,,,VOLUME_OI,VolumeAndOISpikesScans_25AUG26_Report_28_7_2026.xlsx,,,,,,,,,,,,,,,,,,170.4,,,,,,,,,,,,,,,-0.4,,0.5,,,,,,,-0.69,110155950,544275,9.27 Cr,995625,-97.13
ASIANPAINT,,,,,,,,,,,,,,,,,,,VOLUME_OI,VolumeAndOISpikesScans_25AUG26_Report_28_7_2026.xlsx,,,,,,,,,,,,,,,,,,"2,740.8",,,,,,,,,,,,,,,0.55,,0.59,,,,,,,15.1,7051250,41500,11.37 Cr,112000,-97.17
CROMPTON,,,,,,,,,,,,,,,,,,,VOLUME_OI,VolumeAndOISpikesScans_25AUG26_Report_28_7_2026.xlsx,,,,,,,,,,,,,,,,,,250.8,,,,,,,,,,,,,,,-0.04,,0.59,,,,,,,-0.1,49490850,290250,7.28 Cr,516000,-97.17
IRFC,,,,,,,,,,,,,,,,,,,VOLUME_OI,VolumeAndOISpikesScans_25AUG26_Report_28_7_2026.xlsx,,,,,,,,,,,,,,,,,,87.82,,,,,,,,,,,,,,,0.62,,0.24,,,,,,,0.54,78939175,189875,1.67 Cr,1030750,-97.17
SUNPHARMA,,,,,,,,,,,,,,,,,,,VOLUME_OI,VolumeAndOISpikesScans_25AUG26_Report_28_7_2026.xlsx,,,,,,,,,,,,,,,,,,1986,,,,,,,,,,,,,,,0.32,,0.32,,,,,,,6.4,13256250,41650,8.27 Cr,130200,-97.18
CAMS,,,,,,,,,,,,,,,,,,,VOLUME_OI,VolumeAndOISpikesScans_25AUG26_Report_28_7_2026.xlsx,,,,,,,,,,,,,,,,,,787.4,,,,,,,,,,,,,,,-0.1,,0.55,,,,,,,-0.8,5708175,31350,2.47 Cr,92400,-97.22
IDEA,,,,,,,,,,,,,,,,,,,VOLUME_OI,VolumeAndOISpikesScans_25AUG26_Report_28_7_2026.xlsx,,,,,,,,,,,,,,,,,,13.15,,,,,,,,,,,,,,,-0.15,,0.55,,,,,,,-0.02,5057642475,27875250,36.66 Cr,42885000,-97.25
BANKINDIA,,,,,,,,,,,,,,,,,,,VOLUME_OI,VolumeAndOISpikesScans_25AUG26_Report_28_7_2026.xlsx,,,,,,,,,,,,,,,,,,137.35,,,,,,,,,,,,,,,-0.85,,1.06,,,,,,,-1.18,85066800,889200,12.21 Cr,1653600,-97.27
MARUTI,,,,,,,,,,,,,,,,,,,VOLUME_OI,VolumeAndOISpikesScans_25AUG26_Report_28_7_2026.xlsx,,,,,,,,,,,,,,,,,,13608,,,,,,,,,,,,,,,-0.31,,0.65,,,,,,,-42,1961450,12650,17.21 Cr,26300,-97.29
TIINDIA,,,,,,,,,,,,,,,,,,,VOLUME_OI,VolumeAndOISpikesScans_25AUG26_Report_28_7_2026.xlsx,,,,,,,,,,,,,,,,,,"2,818.1",,,,,,,,,,,,,,,-1.54,,0.65,,,,,,,-44.2,1825600,11800,3.33 Cr,21600,-97.32
MANAPPURAM,,,,,,,,,,,,,,,,,,,VOLUME_OI,VolumeAndOISpikesScans_25AUG26_Report_28_7_2026.xlsx,,,,,,,,,,,,,,,,,,358.1,,,,,,,,,,,,,,,-1.19,,0.39,,,,,,,-4.3,46143000,180000,6.45 Cr,708000,-97.34
AXISBANK,,,,,,,,,,,,,,,,,,,VOLUME_OI,VolumeAndOISpikesScans_25AUG26_Report_28_7_2026.xlsx,,,,,,,,,,,,,,,,,,"1,232.5",,,,,,,,,,,,,,,-0.26,,0.51,,,,,,,-3.2,72438750,368125,45.37 Cr,528750,-97.37
IREDA,,,,,,,,,,,,,,,,,,,VOLUME_OI,VolumeAndOISpikesScans_25AUG26_Report_28_7_2026.xlsx,,,,,,,,,,,,,,,,,,117.49,,,,,,,,,,,,,,,0.03,,0.04,,,,,,,0.04,62259475,22625,26.58 L,873325,-97.39
APOLLOHOSP,,,,,,,,,,,,,,,,,,,VOLUME_OI,VolumeAndOISpikesScans_25AUG26_Report_28_7_2026.xlsx,,,,,,,,,,,,,,,,,,"8,891.5",,,,,,,,,,,,,,,0.01,,0.48,,,,,,,0.5,1877250,9000,8.00 Cr,12875,-97.4
LICHSGFIN,,,,,,,,,,,,,,,,,,,VOLUME_OI,VolumeAndOISpikesScans_25AUG26_Report_28_7_2026.xlsx,,,,,,,,,,,,,,,,,,545.7,,,,,,,,,,,,,,,-0.05,,0.13,,,,,,,-0.25,21901000,29000,1.58 Cr,185000,-97.4
FINNIFTY,,,,,,,,,,,,,,,,,,,VOLUME_OI,VolumeAndOISpikesScans_25AUG26_Report_28_7_2026.xlsx,,,,,,,,,,,,,,,,,,26243,,,,,,,,,,,,,,,-0.22,,-0.36,,,,,,,-58.9,16560,-60,-15.75 L,300,-97.41
ONGC,,,,,,,,,,,,,,,,,,,VOLUME_OI,VolumeAndOISpikesScans_25AUG26_Report_28_7_2026.xlsx,,,,,,,,,,,,,,,,,,238.65,,,,,,,,,,,,,,,-0.44,,0.53,,,,,,,-1.06,48012750,254250,6.07 Cr,598500,-97.42
BAJAJFINSV,,,,,,,,,,,,,,,,,,,VOLUME_OI,VolumeAndOISpikesScans_25AUG26_Report_28_7_2026.xlsx,,,,,,,,,,,,,,,,,,1923,,,,,,,,,,,,,,,-0.07,,0.43,,,,,,,-1.4,8486100,36000,6.92 Cr,88800,-97.43
PIIND,,,,,,,,,,,,,,,,,,,VOLUME_OI,VolumeAndOISpikesScans_25AUG26_Report_28_7_2026.xlsx,,,,,,,,,,,,,,,,,,"2,734.3",,,,,,,,,,,,,,,-0.14,,0.12,,,,,,,-3.7,2615725,3150,86.13 L,20125,-97.44
HAVELLS,,,,,,,,,,,,,,,,,,,VOLUME_OI,VolumeAndOISpikesScans_25AUG26_Report_28_7_2026.xlsx,,,,,,,,,,,,,,,,,,1247,,,,,,,,,,,,,,,0.24,,0.52,,,,,,,3,8352000,43500,5.42 Cr,75000,-97.47
KAYNES,,,,,,,,,,,,,,,,,,,VOLUME_OI,VolumeAndOISpikesScans_25AUG26_Report_28_7_2026.xlsx,,,,,,,,,,,,,,,,,,3142,,,,,,,,,,,,,,,-0.25,,0.38,,,,,,,-8,3510450,13350,4.19 Cr,40950,-97.57
NBCC,,,,,,,,,,,,,,,,,,,VOLUME_OI,VolumeAndOISpikesScans_25AUG26_Report_28_7_2026.xlsx,,,,,,,,,,,,,,,,,,94.78,,,,,,,,,,,,,,,-0.67,,0.82,,,,,,,-0.64,80717000,656500,6.22 Cr,955500,-97.57
PAGEIND,,,,,,,,,,,,,,,,,,,VOLUME_OI,VolumeAndOISpikesScans_25AUG26_Report_28_7_2026.xlsx,,,,,,,,,,,,,,,,,,40055,,,,,,,,,,,,,,,0.23,,0.49,,,,,,,90,226800,1100,4.41 Cr,2240,-97.59
IDFCFIRSTB,,,,,,,,,,,,,,,,,,,VOLUME_OI,VolumeAndOISpikesScans_25AUG26_Report_28_7_2026.xlsx,,,,,,,,,,,,,,,,,,85.51,,,,,,,,,,,,,,,0.32,,0.75,,,,,,,0.27,331980075,2457875,21.02 Cr,6121500,-97.62
UPL,,,,,,,,,,,,,,,,,,,VOLUME_OI,VolumeAndOISpikesScans_25AUG26_Report_28_7_2026.xlsx,,,,,,,,,,,,,,,,,,609.4,,,,,,,,,,,,,,,-0.42,,0.28,,,,,,,-2.55,24276180,67750,4.13 Cr,182925,-97.64
INDIANB,,,,,,,,,,,,,,,,,,,VOLUME_OI,VolumeAndOISpikesScans_25AUG26_Report_28_7_2026.xlsx,,,,,,,,,,,,,,,,,,830.5,,,,,,,,,,,,,,,-0.57,,0.75,,,,,,,-4.8,11271000,84000,6.98 Cr,129000,-97.65
PETRONET,,,,,,,,,,,,,,,,,,,VOLUME_OI,VolumeAndOISpikesScans_25AUG26_Report_28_7_2026.xlsx,,,,,,,,,,,,,,,,,,273.7,,,,,,,,,,,,,,,-0.36,,0.38,,,,,,,-1,26035700,98800,2.70 Cr,228000,-97.7
ICICIPRULI,,,,,,,,,,,,,,,,,,,VOLUME_OI,VolumeAndOISpikesScans_25AUG26_Report_28_7_2026.xlsx,,,,,,,,,,,,,,,,,,512.65,,,,,,,,,,,,,,,0.12,,0.17,,,,,,,0.6,18421375,30525,1.56 Cr,133200,-97.72
BHARATFORG,,,,,,,,,,,,,,,,,,,VOLUME_OI,VolumeAndOISpikesScans_25AUG26_Report_28_7_2026.xlsx,,,,,,,,,,,,,,,,,,"2,171.3",,,,,,,,,,,,,,,-1.1,,0.56,,,,,,,-24.1,7048500,39500,8.58 Cr,67500,-97.78
FEDERALBNK,,,,,,,,,,,,,,,,,,,VOLUME_OI,VolumeAndOISpikesScans_25AUG26_Report_28_7_2026.xlsx,,,,,,,,,,,,,,,,,,355.4,,,,,,,,,,,,,,,-0.39,,0.23,,,,,,,-1.4,87845000,202500,7.20 Cr,457500,-97.8
MAXHEALTH,,,,,,,,,,,,,,,,,,,VOLUME_OI,VolumeAndOISpikesScans_25AUG26_Report_28_7_2026.xlsx,,,,,,,,,,,,,,,,,,"1,113.3",,,,,,,,,,,,,,,0.25,,0.15,,,,,,,2.8,9399600,14175,1.58 Cr,74550,-97.81
SRF,,,,,,,,,,,,,,,,,,,VOLUME_OI,VolumeAndOISpikesScans_25AUG26_Report_28_7_2026.xlsx,,,,,,,,,,,,,,,,,,"2,639.2",,,,,,,,,,,,,,,-0.24,,0.14,,,,,,,-6.4,4012200,5600,1.48 Cr,33200,-97.86
LUPIN,,,,,,,,,,,,,,,,,,,VOLUME_OI,VolumeAndOISpikesScans_25AUG26_Report_28_7_2026.xlsx,,,,,,,,,,,,,,,,,,"2,431.9",,,,,,,,,,,,,,,0.27,,0.37,,,,,,,6.6,4817800,17850,4.34 Cr,48450,-97.87
TVSMOTOR,,,,,,,,,,,,,,,,,,,VOLUME_OI,VolumeAndOISpikesScans_25AUG26_Report_28_7_2026.xlsx,,,,,,,,,,,,,,,,,,"3,918.4",,,,,,,,,,,,,,,0.44,,0.23,,,,,,,17.3,11700675,26775,10.49 Cr,55825,-97.89
UNITDSPR,,,,,,,,,,,,,,,,,,,VOLUME_OI,VolumeAndOISpikesScans_25AUG26_Report_28_7_2026.xlsx,,,,,,,,,,,,,,,,,,"1,494.9",,,,,,,,,,,,,,,0.25,,0.35,,,,,,,3.8,7611200,26800,4.01 Cr,68800,-97.89
INDIGO,,,,,,,,,,,,,,,,,,,VOLUME_OI,VolumeAndOISpikesScans_25AUG26_Report_28_7_2026.xlsx,,,,,,,,,,,,,,,,,,"5,258.5",,,,,,,,,,,,,,,0.04,,0.05,,,,,,,2,5524800,3000,1.58 Cr,48150,-97.93
OBEROIRLTY,,,,,,,,,,,,,,,,,,,VOLUME_OI,VolumeAndOISpikesScans_25AUG26_Report_28_7_2026.xlsx,,,,,,,,,,,,,,,,,,1844,,,,,,,,,,,,,,,0.23,,0.21,,,,,,,4.3,5141500,10850,2.00 Cr,53200,-97.95
DIXON,,,,,,,,,,,,,,,,,,,VOLUME_OI,VolumeAndOISpikesScans_25AUG26_Report_28_7_2026.xlsx,,,,,,,,,,,,,,,,,,13660,,,,,,,,,,,,,,,0.01,,0.16,,,,,,,2,2089650,3400,4.64 Cr,15300,-98.0
ULTRACEMCO,,,,,,,,,,,,,,,,,,,VOLUME_OI,VolumeAndOISpikesScans_25AUG26_Report_28_7_2026.xlsx,,,,,,,,,,,,,,,,,,11937,,,,,,,,,,,,,,,0.1,,0.34,,,,,,,12,1548900,5200,6.21 Cr,11350,-98.0
AMBUJACEM,,,,,,,,,,,,,,,,,,,VOLUME_OI,VolumeAndOISpikesScans_25AUG26_Report_28_7_2026.xlsx,,,,,,,,,,,,,,,,,,433.3,,,,,,,,,,,,,,,-0.13,,0.48,,,,,,,-0.55,69363600,331200,14.35 Cr,556800,-98.03
PRESTIGE,,,,,,,,,,,,,,,,,,,VOLUME_OI,VolumeAndOISpikesScans_25AUG26_Report_28_7_2026.xlsx,,,,,,,,,,,,,,,,,,"1,655.9",,,,,,,,,,,,,,,0.48,,0.14,,,,,,,7.9,4508550,6300,1.04 Cr,35550,-98.1
GLENMARK,,,,,,,,,,,,,,,,,,,VOLUME_OI,VolumeAndOISpikesScans_25AUG26_Report_28_7_2026.xlsx,,,,,,,,,,,,,,,,,,"2,214.1",,,,,,,,,,,,,,,0.16,,0.56,,,,,,,3.6,9546375,53250,11.79 Cr,78375,-98.13
HYUNDAI,,,,,,,,,,,,,,,,,,,VOLUME_OI,VolumeAndOISpikesScans_25AUG26_Report_28_7_2026.xlsx,,,,,,,,,,,,,,,,,,"1,977.2",,,,,,,,,,,,,,,-0.11,,0.34,,,,,,,-2.2,3741100,12650,2.50 Cr,40975,-98.13
360ONE,,,,,,,,,,,,,,,,,,,VOLUME_OI,VolumeAndOISpikesScans_25AUG26_Report_28_7_2026.xlsx,,,,,,,,,,,,,,,,,,"1,132.3",,,,,,,,,,,,,,,-0.38,,0.23,,,,,,,-4.3,3782000,8500,96.25 L,28000,-98.19
BLUESTARCO,,,,,,,,,,,,,,,,,,,VOLUME_OI,VolumeAndOISpikesScans_25AUG26_Report_28_7_2026.xlsx,,,,,,,,,,,,,,,,,,"1,626.1",,,,,,,,,,,,,,,-0.78,,0.17,,,,,,,-12.8,3006900,5200,84.56 L,21775,-98.19
PHOENIXLTD,,,,,,,,,,,,,,,,,,,VOLUME_OI,VolumeAndOISpikesScans_25AUG26_Report_28_7_2026.xlsx,,,,,,,,,,,,,,,,,,"2,046.6",,,,,,,,,,,,,,,0.15,,0,,,,,,,3.1,3184650,0,-,20300,-98.19
TATACONSUM,,,,,,,,,,,,,,,,,,,VOLUME_OI,VolumeAndOISpikesScans_25AUG26_Report_28_7_2026.xlsx,,,,,,,,,,,,,,,,,,"1,106.1",,,,,,,,,,,,,,,-0.62,,0.44,,,,,,,-6.9,14099800,62150,6.87 Cr,110000,-98.23
EICHERMOT,,,,,,,,,,,,,,,,,,,VOLUME_OI,VolumeAndOISpikesScans_25AUG26_Report_28_7_2026.xlsx,,,,,,,,,,,,,,,,,,7777,,,,,,,,,,,,,,,0.44,,0.17,,,,,,,34,3880700,6700,5.21 Cr,20600,-98.25
INDUSINDBK,,,,,,,,,,,,,,,,,,,VOLUME_OI,VolumeAndOISpikesScans_25AUG26_Report_28_7_2026.xlsx,,,,,,,,,,,,,,,,,,998,,,,,,,,,,,,,,,-1.02,,0.28,,,,,,,-10.3,33826100,93100,9.29 Cr,208600,-98.27
NMDC,,,,,,,,,,,,,,,,,,,VOLUME_OI,VolumeAndOISpikesScans_25AUG26_Report_28_7_2026.xlsx,,,,,,,,,,,,,,,,,,83.31,,,,,,,,,,,,,,,-0.7,,0.3,,,,,,,-0.59,302143500,897750,7.48 Cr,1539000,-98.28
M&M,,,,,,,,,,,,,,,,,,,VOLUME_OI,VolumeAndOISpikesScans_25AUG26_Report_28_7_2026.xlsx,,,,,,,,,,,,,,,,,,"3,251.6",,,,,,,,,,,,,,,0.04,,0.37,,,,,,,1.2,13656600,50800,16.52 Cr,89800,-98.39
KEI,,,,,,,,,,,,,,,,,,,VOLUME_OI,VolumeAndOISpikesScans_25AUG26_Report_28_7_2026.xlsx,,,,,,,,,,,,,,,,,,4824,,,,,,,,,,,,,,,-0.78,,0.08,,,,,,,-38,2014775,1575,75.98 L,12425,-98.4
POLICYBZR,,,,,,,,,,,,,,,,,,,VOLUME_OI,VolumeAndOISpikesScans_25AUG26_Report_28_7_2026.xlsx,,,,,,,,,,,,,,,,,,"1,573.4",,,,,,,,,,,,,,,0.78,,0.41,,,,,,,12.2,8171800,33250,5.23 Cr,48300,-98.42
DMART,,,,,,,,,,,,,,,,,,,VOLUME_OI,VolumeAndOISpikesScans_25AUG26_Report_28_7_2026.xlsx,,,,,,,,,,,,,,,,,,"4,047.7",,,,,,,,,,,,,,,0.53,,0.02,,,,,,,21.3,4231800,1050,42.50 L,23550,-98.49
TRENT,,,,,,,,,,,,,,,,,,,VOLUME_OI,VolumeAndOISpikesScans_25AUG26_Report_28_7_2026.xlsx,,,,,,,,,,,,,,,,,,"2,926.2",,,,,,,,,,,,,,,-0.32,,0.03,,,,,,,-9.3,11264175,3150,92.18 L,47025,-98.49
ICICIGI,,,,,,,,,,,,,,,,,,,VOLUME_OI,VolumeAndOISpikesScans_25AUG26_Report_28_7_2026.xlsx,,,,,,,,,,,,,,,,,,"1,679.1",,,,,,,,,,,,,,,-0.08,,0.27,,,,,,,-1.3,4902300,13000,2.18 Cr,24050,-98.5
SAIL,,,,,,,,,,,,,,,,,,,VOLUME_OI,VolumeAndOISpikesScans_25AUG26_Report_28_7_2026.xlsx,,,,,,,,,,,,,,,,,,161.89,,,,,,,,,,,,,,,-1.05,,0.48,,,,,,,-1.72,182787700,864800,14.00 Cr,1452300,-98.58
BAJAJHLDNG,,,,,,,,,,,,,,,,,,,VOLUME_OI,VolumeAndOISpikesScans_25AUG26_Report_28_7_2026.xlsx,,,,,,,,,,,,,,,,,,10827,,,,,,,,,,,,,,,-0.34,,0.17,,,,,,,-37,314025,525,56.84 L,1500,-98.62
COCHINSHIP,,,,,,,,,,,,,,,,,,,VOLUME_OI,VolumeAndOISpikesScans_25AUG26_Report_28_7_2026.xlsx,,,,,,,,,,,,,,,,,,"1,400.1",,,,,,,,,,,,,,,-0.36,,0.27,,,,,,,-5,5262000,14000,1.96 Cr,38800,-98.68
ALKEM,,,,,,,,,,,,,,,,,,,VOLUME_OI,VolumeAndOISpikesScans_25AUG26_Report_28_7_2026.xlsx,,,,,,,,,,,,,,,,,,5632,,,,,,,,,,,,,,,0.02,,0.48,,,,,,,1,1330375,6375,3.59 Cr,7625,-98.89
DALBHARAT,,,,,,,,,,,,,,,,,,,VOLUME_OI,VolumeAndOISpikesScans_25AUG26_Report_28_7_2026.xlsx,,,,,,,,,,,,,,,,,,"1,837.3",,,,,,,,,,,,,,,0.07,,0.21,,,,,,,1.2,3472950,7150,1.31 Cr,23725,-99.0
AUBANK,,,,,,,,,,,,,,,,,,,VOLUME_OI,VolumeAndOISpikesScans_25AUG26_Report_28_7_2026.xlsx,,,,,,,,,,,,,,,,,,"1,053.7",,,,,,,,,,,,,,,-0.18,,0.22,,,,,,,-1.9,21681000,48000,5.06 Cr,105000,-99.16
MANKIND,,,,,,,,,,,,,,,,,,,VOLUME_OI,VolumeAndOISpikesScans_25AUG26_Report_28_7_2026.xlsx,,,,,,,,,,,,,,,,,,"2,569.7",,,,,,,,,,,,,,,0.22,,0.18,,,,,,,5.6,2441500,4500,1.16 Cr,7250,-99.26
VMM,,,,,,,,,,,,,,,,,,,VOLUME_OI,VolumeAndOISpikesScans_25AUG26_Report_28_7_2026.xlsx,,,,,,,,,,,,,,,,,,109.63,,,,,,,,,,,,,,,-0.55,,-0.04,,,,,,,-0.61,38610850,-14550,-15.95 L,106700,-99.27
GRASIM,,,,,,,,,,,,,,,,,,,VOLUME_OI,VolumeAndOISpikesScans_25AUG26_Report_28_7_2026.xlsx,,,,,,,,,,,,,,,,,,"3,120.8",,,,,,,,,,,,,,,-0.05,,0.07,,,,,,,-1.7,11214750,7500,2.34 Cr,15250,-99.48
BANKEX,,,,,,,,,,,,,,,,,,,VOLUME_OI,VolumeAndOISpikesScans_25AUG26_Report_28_7_2026.xlsx,,,,,,,,,,,,,,,,,,-,,,,,,,,,,,,,,,-,,-,,,,,,,-,-,-,-,-,
