Symbol,ATM Straddle %,Open,High,Low,Close,Price Chg,Price Chg %,IV Chg,IV Chg %,OI Chg,OI Chg %,PCR Chg,PCR Chg %,Tot CE OI Chg,Tot CE OI Chg %,Tot PE OI Chg,Tot PE OI Chg %,Tot PE-CE OI Chg,Report_Type,Source_File,Sector,Price,Price Chg%,OI,PCR,Bldp,Price.1,Price Chg.1,Price Chg%.1,OI Chg.1,OI Chg %.1,Bldp.1,Price.2,Price Chg.2,Price Chg%.2,OI Chg.2,OI Chg %.2,Bldp.2,Price.3,Price Chg.3,Price Chg%.3,OI Chg.3,OI Chg %.3,Bldp.3,Exported data,Unnamed: 1,Unnamed: 2,Unnamed: 3,Unnamed: 4,Unnamed: 5,Unnamed: 6,Unnamed: 7,Unnamed: 8,Unnamed: 9,Unnamed: 10,Unnamed: 11,Unnamed: 12,Unnamed: 13,Unnamed: 14,Unnamed: 15,Unnamed: 16,Fut OI,Fut OI Chg,Fut OI Chg %,Strike,Call OI,Call OI Chg,Put OI,Put OI Chg,Dist. From Strike %,Fut Buildup,Sector Name,Adv/ Dec/ Unchg,Price chg (%),Volume chg (%),OI chg (%),Rollover (%),Buildup,Tol CE OI Chg,Tol PE OI Chg,Tol PE-CE OI Chg,Tol PE-CE OI Chg %,Price chg,OI chg,OI Chg (Value),Volume,Volume Chg (%)
360ONE,6.26,1157.9,1180.0,1152.4,1164.9,12.6,1.09,1.83,5.92,26,0.32,0.03,5.45,402,15.35,318,22.11,-84,PRICE_OI,Daywise_Price_and_OI_Summary_25AUG26_Report_2026-08-04.xlsx,,,,,,,,,,,,,,,,,,,,,,,,,,,,,,,,,,,,,,,,,,,,,,,,,,,,,,,,,,,,,,,,,,,
ABB,5.98,7568.5,7835.0,7546.5,7693.5,117.5,1.55,-0.48,-1.51,-8,-0.05,-0.01,-1.69,2113,16.97,1059,14.34,-1054,PRICE_OI,Daywise_Price_and_OI_Summary_25AUG26_Report_2026-08-04.xlsx,,,,,,,,,,,,,,,,,,,,,,,,,,,,,,,,,,,,,,,,,,,,,,,,,,,,,,,,,,,,,,,,,,,
ABCAPITAL,5.21,424.5,426.55,417.3,418.5,-2.9,-0.69,-1.52,-5.29,67,0.56,-0.04,-5.48,194,3.05,-127,-2.74,-321,PRICE_OI,Daywise_Price_and_OI_Summary_25AUG26_Report_2026-08-04.xlsx,,,,,,,,,,,,,,,,,,,,,,,,,,,,,,,,,,,,,,,,,,,,,,,,,,,,,,,,,,,,,,,,,,,
ADANIENSOL,6.28,1664.7,1669.2,1641.2,1647.5,-3.2,-0.19,0.19,0.58,-125,-0.43,-0.01,-1.69,43,0.74,-40,-1.17,-83,PRICE_OI,Daywise_Price_and_OI_Summary_25AUG26_Report_2026-08-04.xlsx,,,,,,,,,,,,,,,,,,,,,,,,,,,,,,,,,,,,,,,,,,,,,,,,,,,,,,,,,,,,,,,,,,,
ADANIENT,5.82,3063.6,3105.0,3036.7,3044.1,-29.2,-0.95,1.95,6.84,480,0.94,-0.03,-3.57,703,5.56,219,2.07,-484,PRICE_OI,Daywise_Price_and_OI_Summary_25AUG26_Report_2026-08-04.xlsx,,,,,,,,,,,,,,,,,,,,,,,,,,,,,,,,,,,,,,,,,,,,,,,,,,,,,,,,,,,,,,,,,,,
ADANIGREEN,6.89,1400.0,1424.1,1390.0,1392.4,-7.4,-0.53,0.44,1.24,-256,-0.58,0,0,252,1.91,142,1.76,-110,PRICE_OI,Daywise_Price_and_OI_Summary_25AUG26_Report_2026-08-04.xlsx,,,,,,,,,,,,,,,,,,,,,,,,,,,,,,,,,,,,,,,,,,,,,,,,,,,,,,,,,,,,,,,,,,,
ADANIPORTS,4.95,1709.5,1719.7,1694.6,1699.4,-3.7,-0.22,-0.14,-0.54,-288,-0.66,0.01,1.75,295,1.09,306,1.98,11,PRICE_OI,Daywise_Price_and_OI_Summary_25AUG26_Report_2026-08-04.xlsx,,,,,,,,,,,,,,,,,,,,,,,,,,,,,,,,,,,,,,,,,,,,,,,,,,,,,,,,,,,,,,,,,,,
ADANIPOWER,6.56,213.38,214.3,210.3,210.88,-1.89,-0.89,0.49,1.45,282,0.64,-0.02,-3.12,654,6.27,210,3.16,-444,PRICE_OI,Daywise_Price_and_OI_Summary_25AUG26_Report_2026-08-04.xlsx,,,,,,,,,,,,,,,,,,,,,,,,,,,,,,,,,,,,,,,,,,,,,,,,,,,,,,,,,,,,,,,,,,,
ALKEM,5.85,5700.0,5717.5,5672.0,5680.0,-12,-0.21,0.68,2.28,-107,-0.95,0,0,222,6.07,108,5.82,-114,PRICE_OI,Daywise_Price_and_OI_Summary_25AUG26_Report_2026-08-04.xlsx,,,,,,,,,,,,,,,,,,,,,,,,,,,,,,,,,,,,,,,,,,,,,,,,,,,,,,,,,,,,,,,,,,,
AMBER,7.34,7502.5,7540.0,7306.0,7395.5,-81.5,-1.09,0.39,1.03,7,0.06,0.12,10.53,990,12.99,2180,25.09,1190,PRICE_OI,Daywise_Price_and_OI_Summary_25AUG26_Report_2026-08-04.xlsx,,,,,,,,,,,,,,,,,,,,,,,,,,,,,,,,,,,,,,,,,,,,,,,,,,,,,,,,,,,,,,,,,,,
AMBUJACEM,4.65,444.5,444.5,438.45,439.95,-4.45,-1,-0.88,-3.49,-212,-0.32,0.01,1.49,-25,-0.25,9,0.13,34,PRICE_OI,Daywise_Price_and_OI_Summary_25AUG26_Report_2026-08-04.xlsx,,,,,,,,,,,,,,,,,,,,,,,,,,,,,,,,,,,,,,,,,,,,,,,,,,,,,,,,,,,,,,,,,,,
ANGELONE,6.97,302.5,305.6,299.75,300.35,-1,-0.33,-0.09,-0.25,176,1.59,0.07,14,260,3.45,659,17.36,399,PRICE_OI,Daywise_Price_and_OI_Summary_25AUG26_Report_2026-08-04.xlsx,,,,,,,,,,,,,,,,,,,,,,,,,,,,,,,,,,,,,,,,,,,,,,,,,,,,,,,,,,,,,,,,,,,
APLAPOLLO,5,1973.9,1975.0,1918.4,1930.5,-13.8,-0.71,1.02,4.06,-199,-1.23,0.01,1.16,-8,-0.14,26,0.53,34,PRICE_OI,Daywise_Price_and_OI_Summary_25AUG26_Report_2026-08-04.xlsx,,,,,,,,,,,,,,,,,,,,,,,,,,,,,,,,,,,,,,,,,,,,,,,,,,,,,,,,,,,,,,,,,,,
APOLLOHOSP,4.65,8869.0,8894.0,8782.5,8886.0,65.5,0.74,-0.46,-1.86,109,0.71,0.05,8.33,140,2.04,440,10.67,300,PRICE_OI,Daywise_Price_and_OI_Summary_25AUG26_Report_2026-08-04.xlsx,,,,,,,,,,,,,,,,,,,,,,,,,,,,,,,,,,,,,,,,,,,,,,,,,,,,,,,,,,,,,,,,,,,
ASHOKLEY,6.49,175.5,175.75,172.81,173.28,-1.86,-1.06,-0.04,-0.12,-408,-1.41,-0.09,-9,376,3.52,-629,-5.86,-1005,PRICE_OI,Daywise_Price_and_OI_Summary_25AUG26_Report_2026-08-04.xlsx,,,,,,,,,,,,,,,,,,,,,,,,,,,,,,,,,,,,,,,,,,,,,,,,,,,,,,,,,,,,,,,,,,,
ASIANPAINT,4.38,2805.7,2814.0,2737.4,2747.3,-44.3,-1.59,1.03,4.71,-86,-0.29,-0.01,-1.37,159,0.82,67,0.48,-92,PRICE_OI,Daywise_Price_and_OI_Summary_25AUG26_Report_2026-08-04.xlsx,,,,,,,,,,,,,,,,,,,,,,,,,,,,,,,,,,,,,,,,,,,,,,,,,,,,,,,,,,,,,,,,,,,
ASTRAL,6.06,1438.1,1464.4,1435.1,1438.3,-14.2,-0.98,0.68,2.19,-69,-0.41,-0.06,-8.22,311,8.51,12,0.45,-299,PRICE_OI,Daywise_Price_and_OI_Summary_25AUG26_Report_2026-08-04.xlsx,,,,,,,,,,,,,,,,,,,,,,,,,,,,,,,,,,,,,,,,,,,,,,,,,,,,,,,,,,,,,,,,,,,
AUBANK,4.67,1053.0,1055.4,1038.0,1044.2,-6.5,-0.62,-0.31,-1.26,-60,-0.27,-0.02,-2.67,422,10.56,208,6.93,-214,PRICE_OI,Daywise_Price_and_OI_Summary_25AUG26_Report_2026-08-04.xlsx,,,,,,,,,,,,,,,,,,,,,,,,,,,,,,,,,,,,,,,,,,,,,,,,,,,,,,,,,,,,,,,,,,,
AUROPHARMA,6.3,1549.4,1592.0,1544.7,1588.6,38.8,2.5,1.3,4.11,1031,5.62,0.07,11.11,194,3.53,533,15.34,339,PRICE_OI,Daywise_Price_and_OI_Summary_25AUG26_Report_2026-08-04.xlsx,,,,,,,,,,,,,,,,,,,,,,,,,,,,,,,,,,,,,,,,,,,,,,,,,,,,,,,,,,,,,,,,,,,
AXISBANK,3.65,1262.0,1264.7,1247.0,1252.0,-3.7,-0.29,-0.04,-0.21,-527,-0.41,-0.03,-4.17,713,2.38,-395,-1.83,-1108,PRICE_OI,Daywise_Price_and_OI_Summary_25AUG26_Report_2026-08-04.xlsx,,,,,,,,,,,,,,,,,,,,,,,,,,,,,,,,,,,,,,,,,,,,,,,,,,,,,,,,,,,,,,,,,,,
BAJAJ-AUTO,4.24,11630.0,11726.0,11570.0,11599.0,69,0.6,0.23,1.05,-518,-2.04,0.02,1.27,688,4.9,1266,5.7,578,PRICE_OI,Daywise_Price_and_OI_Summary_25AUG26_Report_2026-08-04.xlsx,,,,,,,,,,,,,,,,,,,,,,,,,,,,,,,,,,,,,,,,,,,,,,,,,,,,,,,,,,,,,,,,,,,
BAJAJFINSV,4.31,2077.3,2101.4,2071.7,2083.5,2.9,0.14,0.39,1.77,-698,-2.56,0.02,2.33,-494,-2.47,-67,-0.39,427,PRICE_OI,Daywise_Price_and_OI_Summary_25AUG26_Report_2026-08-04.xlsx,,,,,,,,,,,,,,,,,,,,,,,,,,,,,,,,,,,,,,,,,,,,,,,,,,,,,,,,,,,,,,,,,,,
BAJAJHLDNG,5.44,11608.0,11652.0,11122.0,11342.0,-121,-1.06,1.87,7.03,40,0.85,-0.01,-1.47,87,7.43,40,4.99,-47,PRICE_OI,Daywise_Price_and_OI_Summary_25AUG26_Report_2026-08-04.xlsx,,,,,,,,,,,,,,,,,,,,,,,,,,,,,,,,,,,,,,,,,,,,,,,,,,,,,,,,,,,,,,,,,,,
BAJFINANCE,4.71,1162.4,1164.0,1142.9,1144.9,-2.6,-0.23,-0.36,-1.45,-2224,-3.01,-0.08,-7.84,-525,-1.81,-2778,-9.34,-2253,PRICE_OI,Daywise_Price_and_OI_Summary_25AUG26_Report_2026-08-04.xlsx,,,,,,,,,,,,,,,,,,,,,,,,,,,,,,,,,,,,,,,,,,,,,,,,,,,,,,,,,,,,,,,,,,,
BANDHANBNK,6.78,172.8,174.66,172.35,173.25,0.39,0.23,-0.22,-0.62,100,0.27,0,0,123,0.74,122,1.41,-1,PRICE_OI,Daywise_Price_and_OI_Summary_25AUG26_Report_2026-08-04.xlsx,,,,,,,,,,,,,,,,,,,,,,,,,,,,,,,,,,,,,,,,,,,,,,,,,,,,,,,,,,,,,,,,,,,
BANKBARODA,4.99,247.23,250.39,246.3,246.64,-1.09,-0.44,0.86,3.42,443,1,-0.02,-2.04,238,1.75,-49,-0.37,-287,PRICE_OI,Daywise_Price_and_OI_Summary_25AUG26_Report_2026-08-04.xlsx,,,,,,,,,,,,,,,,,,,,,,,,,,,,,,,,,,,,,,,,,,,,,,,,,,,,,,,,,,,,,,,,,,,
BANKEX,2.51,65598.8,65598.8,65532.2,65532.2,-,-,-0.14,-1.11,0,0,0.13,10.92,64,18.77,128,31.45,64,PRICE_OI,Daywise_Price_and_OI_Summary_25AUG26_Report_2026-08-04.xlsx,,,,,,,,,,,,,,,,,,,,,,,,,,,,,,,,,,,,,,,,,,,,,,,,,,,,,,,,,,,,,,,,,,,
BANKINDIA,5.98,140.2,141.6,139.15,140.24,0.2,0.14,-0.26,-0.82,-61,-0.33,0,0,62,0.92,9,0.16,-53,PRICE_OI,Daywise_Price_and_OI_Summary_25AUG26_Report_2026-08-04.xlsx,,,,,,,,,,,,,,,,,,,,,,,,,,,,,,,,,,,,,,,,,,,,,,,,,,,,,,,,,,,,,,,,,,,
BANKNIFTY,2.43,57830.0,58074.0,57581.0,57716.4,-145.2,-0.25,0.42,3.43,1606,2.29,-0.04,-4.49,30029,7.68,11229,3.24,-18800,PRICE_OI,Daywise_Price_and_OI_Summary_25AUG26_Report_2026-08-04.xlsx,,,,,,,,,,,,,,,,,,,,,,,,,,,,,,,,,,,,,,,,,,,,,,,,,,,,,,,,,,,,,,,,,,,
BDL,7.58,1245.0,1266.0,1245.0,1254.9,5.2,0.42,-1.65,-4.01,145,0.86,-0.02,-2.47,139,2.53,33,0.75,-106,PRICE_OI,Daywise_Price_and_OI_Summary_25AUG26_Report_2026-08-04.xlsx,,,,,,,,,,,,,,,,,,,,,,,,,,,,,,,,,,,,,,,,,,,,,,,,,,,,,,,,,,,,,,,,,,,
BEL,4.8,391.5,395.95,391.0,392.25,2,0.51,0.38,1.55,-78,-0.11,0.01,1.72,905,2.19,776,3.22,-129,PRICE_OI,Daywise_Price_and_OI_Summary_25AUG26_Report_2026-08-04.xlsx,,,,,,,,,,,,,,,,,,,,,,,,,,,,,,,,,,,,,,,,,,,,,,,,,,,,,,,,,,,,,,,,,,,
BHARATFORG,6.37,2213.0,2219.0,2188.1,2195.0,-12.1,-0.55,1.05,3.26,354,2.33,0.01,1.25,74,1.7,123,3.54,49,PRICE_OI,Daywise_Price_and_OI_Summary_25AUG26_Report_2026-08-04.xlsx,,,,,,,,,,,,,,,,,,,,,,,,,,,,,,,,,,,,,,,,,,,,,,,,,,,,,,,,,,,,,,,,,,,
BHARTIARTL,3.96,1972.0,1976.2,1955.4,1964.3,3.6,0.18,-0.93,-4.31,-72,-0.06,-0.08,-11.94,5226,28.53,1614,13.13,-3612,PRICE_OI,Daywise_Price_and_OI_Summary_25AUG26_Report_2026-08-04.xlsx,,,,,,,,,,,,,,,,,,,,,,,,,,,,,,,,,,,,,,,,,,,,,,,,,,,,,,,,,,,,,,,,,,,
BHEL,6.44,412.85,414.75,408.25,410.3,0.6,0.15,-0.33,-0.97,15,0.05,0.02,3.28,175,1.58,291,4.31,116,PRICE_OI,Daywise_Price_and_OI_Summary_25AUG26_Report_2026-08-04.xlsx,,,,,,,,,,,,,,,,,,,,,,,,,,,,,,,,,,,,,,,,,,,,,,,,,,,,,,,,,,,,,,,,,,,
BIOCON,5.96,425.4,428.45,422.4,425.95,0.55,0.13,0.1,0.32,-144,-0.75,0,0,363,5.76,289,6.38,-74,PRICE_OI,Daywise_Price_and_OI_Summary_25AUG26_Report_2026-08-04.xlsx,,,,,,,,,,,,,,,,,,,,,,,,,,,,,,,,,,,,,,,,,,,,,,,,,,,,,,,,,,,,,,,,,,,
BLUESTARCO,7.35,1726.8,1733.4,1661.2,1668.9,-53.1,-3.08,1.75,4.79,965,10.05,-0.08,-8.33,478,37.73,329,27.19,-149,PRICE_OI,Daywise_Price_and_OI_Summary_25AUG26_Report_2026-08-04.xlsx,,,,,,,,,,,,,,,,,,,,,,,,,,,,,,,,,,,,,,,,,,,,,,,,,,,,,,,,,,,,,,,,,,,
BOSCHLTD,5.67,41170.0,41690.0,41080.0,41450.0,345,0.84,0.63,2.17,-42,-0.5,-0.03,-2.68,136,4.98,67,2.2,-69,PRICE_OI,Daywise_Price_and_OI_Summary_25AUG26_Report_2026-08-04.xlsx,,,,,,,,,,,,,,,,,,,,,,,,,,,,,,,,,,,,,,,,,,,,,,,,,,,,,,,,,,,,,,,,,,,
BPCL,5.35,327.75,327.75,321.1,321.8,-4.8,-1.47,0.26,0.94,-475,-2.32,-0.04,-5.56,274,5.63,-1,-0.03,-275,PRICE_OI,Daywise_Price_and_OI_Summary_25AUG26_Report_2026-08-04.xlsx,,,,,,,,,,,,,,,,,,,,,,,,,,,,,,,,,,,,,,,,,,,,,,,,,,,,,,,,,,,,,,,,,,,
BRITANNIA,5.2,5477.0,5489.5,5400.0,5424.5,-56.5,-1.03,1.02,3.9,-263,-1.72,0.04,6.25,222,3.97,388,10.79,166,PRICE_OI,Daywise_Price_and_OI_Summary_25AUG26_Report_2026-08-04.xlsx,,,,,,,,,,,,,,,,,,,,,,,,,,,,,,,,,,,,,,,,,,,,,,,,,,,,,,,,,,,,,,,,,,,
BSE,8.24,3580.0,3643.0,3550.0,3605.2,33.8,0.95,0.39,0.91,392,0.93,-0.05,-7.46,6055,22.49,2525,14.08,-3530,PRICE_OI,Daywise_Price_and_OI_Summary_25AUG26_Report_2026-08-04.xlsx,,,,,,,,,,,,,,,,,,,,,,,,,,,,,,,,,,,,,,,,,,,,,,,,,,,,,,,,,,,,,,,,,,,
CAMS,5.55,798.25,830.05,790.2,807.6,9.35,1.17,-1.13,-3.75,37,0.41,-0.07,-12.28,1840,36.57,549,19.24,-1291,PRICE_OI,Daywise_Price_and_OI_Summary_25AUG26_Report_2026-08-04.xlsx,,,,,,,,,,,,,,,,,,,,,,,,,,,,,,,,,,,,,,,,,,,,,,,,,,,,,,,,,,,,,,,,,,,
CANBK,5.55,126.81,129.2,126.57,127.97,0.81,0.64,0.02,0.07,-939,-1.62,-0.02,-2.6,-74,-0.63,-251,-2.78,-177,PRICE_OI,Daywise_Price_and_OI_Summary_25AUG26_Report_2026-08-04.xlsx,,,,,,,,,,,,,,,,,,,,,,,,,,,,,,,,,,,,,,,,,,,,,,,,,,,,,,,,,,,,,,,,,,,
CDSL,6.04,1329.6,1364.0,1316.7,1339.8,14,1.06,0.57,1.84,-194,-0.88,0.01,1.47,-638,-4.41,-242,-2.47,396,PRICE_OI,Daywise_Price_and_OI_Summary_25AUG26_Report_2026-08-04.xlsx,,,,,,,,,,,,,,,,,,,,,,,,,,,,,,,,,,,,,,,,,,,,,,,,,,,,,,,,,,,,,,,,,,,
CGPOWER,6.46,856.0,885.0,851.2,882.3,25.6,2.99,0.76,2.3,-319,-1.34,0.08,15.69,118,1.02,956,16.07,838,PRICE_OI,Daywise_Price_and_OI_Summary_25AUG26_Report_2026-08-04.xlsx,,,,,,,,,,,,,,,,,,,,,,,,,,,,,,,,,,,,,,,,,,,,,,,,,,,,,,,,,,,,,,,,,,,
CHOLAFIN,5.78,1889.0,1889.0,1860.6,1868.0,-4,-0.21,-1.36,-4.31,-454,-2.15,0.03,3.66,-188,-3.32,33,0.71,221,PRICE_OI,Daywise_Price_and_OI_Summary_25AUG26_Report_2026-08-04.xlsx,,,,,,,,,,,,,,,,,,,,,,,,,,,,,,,,,,,,,,,,,,,,,,,,,,,,,,,,,,,,,,,,,,,
CIPLA,3.81,1463.8,1466.9,1453.4,1459.8,-1.2,-0.08,-0.33,-1.63,-165,-0.78,0.02,2.94,-309,-3.06,-58,-0.84,251,PRICE_OI,Daywise_Price_and_OI_Summary_25AUG26_Report_2026-08-04.xlsx,,,,,,,,,,,,,,,,,,,,,,,,,,,,,,,,,,,,,,,,,,,,,,,,,,,,,,,,,,,,,,,,,,,
COALINDIA,3.73,413.4,418.65,413.4,416.15,1.15,0.28,0.11,0.57,-3151,-5.38,0,0,570,2.52,357,2.28,-213,PRICE_OI,Daywise_Price_and_OI_Summary_25AUG26_Report_2026-08-04.xlsx,,,,,,,,,,,,,,,,,,,,,,,,,,,,,,,,,,,,,,,,,,,,,,,,,,,,,,,,,,,,,,,,,,,
COCHINSHIP,6.04,1449.0,1462.8,1438.5,1440.9,-5,-0.35,-0.39,-1.22,-342,-2.56,-0.04,-4.55,424,10.31,184,5.07,-240,PRICE_OI,Daywise_Price_and_OI_Summary_25AUG26_Report_2026-08-04.xlsx,,,,,,,,,,,,,,,,,,,,,,,,,,,,,,,,,,,,,,,,,,,,,,,,,,,,,,,,,,,,,,,,,,,
COFORGE,6.25,1783.4,1783.4,1744.0,1749.7,-22.3,-1.26,-1.03,-3.06,-341,-1.19,0,0,198,1.41,315,2.35,117,PRICE_OI,Daywise_Price_and_OI_Summary_25AUG26_Report_2026-08-04.xlsx,,,,,,,,,,,,,,,,,,,,,,,,,,,,,,,,,,,,,,,,,,,,,,,,,,,,,,,,,,,,,,,,,,,
COLPAL,4.54,2076.1,2076.1,2017.0,2027.0,-42.7,-2.06,2.07,9.58,422,2.36,-0.02,-4.08,2204,22.38,912,19.06,-1292,PRICE_OI,Daywise_Price_and_OI_Summary_25AUG26_Report_2026-08-04.xlsx,,,,,,,,,,,,,,,,,,,,,,,,,,,,,,,,,,,,,,,,,,,,,,,,,,,,,,,,,,,,,,,,,,,
CONCOR,5.04,522.0,524.95,517.55,518.6,-3.7,-0.71,0.67,2.61,50,0.29,-0.02,-2.74,24,0.57,-68,-2.22,-92,PRICE_OI,Daywise_Price_and_OI_Summary_25AUG26_Report_2026-08-04.xlsx,,,,,,,,,,,,,,,,,,,,,,,,,,,,,,,,,,,,,,,,,,,,,,,,,,,,,,,,,,,,,,,,,,,
CROMPTON,7.85,268.05,271.8,265.4,266.3,-1.35,-0.5,2.26,5.82,251,0.91,-0.01,-1.69,194,3.39,73,2.15,-121,PRICE_OI,Daywise_Price_and_OI_Summary_25AUG26_Report_2026-08-04.xlsx,,,,,,,,,,,,,,,,,,,,,,,,,,,,,,,,,,,,,,,,,,,,,,,,,,,,,,,,,,,,,,,,,,,
CUMMINSIND,6.94,5526.0,5619.5,5446.5,5510.5,-15.5,-0.28,1.36,3.89,601,3.05,0.13,16.88,1021,28.27,1377,49.21,356,PRICE_OI,Daywise_Price_and_OI_Summary_25AUG26_Report_2026-08-04.xlsx,,,,,,,,,,,,,,,,,,,,,,,,,,,,,,,,,,,,,,,,,,,,,,,,,,,,,,,,,,,,,,,,,,,
DABUR,4.6,420.4,421.0,406.9,408.95,-17.7,-4.15,1.62,7.23,-491,-2.09,-0.03,-4.69,4241,35.78,2137,28.07,-2104,PRICE_OI,Daywise_Price_and_OI_Summary_25AUG26_Report_2026-08-04.xlsx,,,,,,,,,,,,,,,,,,,,,,,,,,,,,,,,,,,,,,,,,,,,,,,,,,,,,,,,,,,,,,,,,,,
DALBHARAT,4.94,1841.4,1841.4,1811.7,1817.8,-13.2,-0.72,-1.37,-5.04,-64,-0.55,0.03,3.53,-12,-0.78,36,2.73,48,PRICE_OI,Daywise_Price_and_OI_Summary_25AUG26_Report_2026-08-04.xlsx,,,,,,,,,,,,,,,,,,,,,,,,,,,,,,,,,,,,,,,,,,,,,,,,,,,,,,,,,,,,,,,,,,,
DELHIVERY,7.73,471.15,478.95,469.5,471.55,-1.05,-0.22,0.16,0.4,92,0.69,0.04,5.88,-16,-0.23,239,5.03,255,PRICE_OI,Daywise_Price_and_OI_Summary_25AUG26_Report_2026-08-04.xlsx,,,,,,,,,,,,,,,,,,,,,,,,,,,,,,,,,,,,,,,,,,,,,,,,,,,,,,,,,,,,,,,,,,,
DIVISLAB,4.49,8499.5,8499.5,8285.0,8435.0,36,0.43,-0.42,-1.76,1359,3.99,-0.07,-6.25,46,0.28,-1015,-5.54,-1061,PRICE_OI,Daywise_Price_and_OI_Summary_25AUG26_Report_2026-08-04.xlsx,,,,,,,,,,,,,,,,,,,,,,,,,,,,,,,,,,,,,,,,,,,,,,,,,,,,,,,,,,,,,,,,,,,
DIXON,6.5,13752.0,14012.0,13625.0,13839.0,117,0.85,0.8,2.41,-424,-0.8,0.03,5.36,-1940,-4.89,85,0.38,2025,PRICE_OI,Daywise_Price_and_OI_Summary_25AUG26_Report_2026-08-04.xlsx,,,,,,,,,,,,,,,,,,,,,,,,,,,,,,,,,,,,,,,,,,,,,,,,,,,,,,,,,,,,,,,,,,,
DLF,5.94,652.2,663.0,647.5,649.0,-17.25,-2.59,-3.31,-9.64,374,0.77,-0.12,-15.79,1546,14.49,-311,-3.84,-1857,PRICE_OI,Daywise_Price_and_OI_Summary_25AUG26_Report_2026-08-04.xlsx,,,,,,,,,,,,,,,,,,,,,,,,,,,,,,,,,,,,,,,,,,,,,,,,,,,,,,,,,,,,,,,,,,,
DMART,4.64,4012.0,4012.7,3968.0,3978.5,-18.6,-0.47,0.73,3.12,594,1.76,0,0,101,0.93,46,0.57,-55,PRICE_OI,Daywise_Price_and_OI_Summary_25AUG26_Report_2026-08-04.xlsx,,,,,,,,,,,,,,,,,,,,,,,,,,,,,,,,,,,,,,,,,,,,,,,,,,,,,,,,,,,,,,,,,,,
DRREDDY,4.01,1166.0,1169.0,1152.0,1154.7,-9.7,-0.83,-0.24,-1.14,1133,5.54,-0.02,-3.23,631,3.74,76,0.73,-555,PRICE_OI,Daywise_Price_and_OI_Summary_25AUG26_Report_2026-08-04.xlsx,,,,,,,,,,,,,,,,,,,,,,,,,,,,,,,,,,,,,,,,,,,,,,,,,,,,,,,,,,,,,,,,,,,
EICHERMOT,4.35,7995.0,8021.5,7885.5,7908.0,-74.5,-0.93,0.94,4.31,-1101,-2.89,-0.03,-2.94,60,0.34,-478,-2.64,-538,PRICE_OI,Daywise_Price_and_OI_Summary_25AUG26_Report_2026-08-04.xlsx,,,,,,,,,,,,,,,,,,,,,,,,,,,,,,,,,,,,,,,,,,,,,,,,,,,,,,,,,,,,,,,,,,,
ETERNAL,5.95,311.0,313.15,309.3,310.3,0.3,0.1,-1.02,-3.18,-290,-0.46,0.01,1.37,652,3.09,795,5.19,143,PRICE_OI,Daywise_Price_and_OI_Summary_25AUG26_Report_2026-08-04.xlsx,,,,,,,,,,,,,,,,,,,,,,,,,,,,,,,,,,,,,,,,,,,,,,,,,,,,,,,,,,,,,,,,,,,
FEDERALBNK,3.85,362.0,362.5,357.3,358.25,-1.75,-0.49,-0.42,-2.06,-500,-1.46,-0.07,-7,870,15.19,401,6.99,-469,PRICE_OI,Daywise_Price_and_OI_Summary_25AUG26_Report_2026-08-04.xlsx,,,,,,,,,,,,,,,,,,,,,,,,,,,,,,,,,,,,,,,,,,,,,,,,,,,,,,,,,,,,,,,,,,,
FINNIFTY,2.56,26830.5,26950.0,26702.6,26773.4,-85.1,-0.32,0.27,2.06,-30,-5.59,-0.28,-28,978,29.59,-212,-6.42,-1190,PRICE_OI,Daywise_Price_and_OI_Summary_25AUG26_Report_2026-08-04.xlsx,,,,,,,,,,,,,,,,,,,,,,,,,,,,,,,,,,,,,,,,,,,,,,,,,,,,,,,,,,,,,,,,,,,
FOCIT,4.47,37828.0,37828.0,37785.0,37785.0,-75,-0.2,-1.24,-5.29,-2,-14.29,0.03,8.82,346,37.57,154,49.36,-192,PRICE_OI,Daywise_Price_and_OI_Summary_25AUG26_Report_2026-08-04.xlsx,,,,,,,,,,,,,,,,,,,,,,,,,,,,,,,,,,,,,,,,,,,,,,,,,,,,,,,,,,,,,,,,,,,
FORCEMOT,6.84,18498.0,18536.0,18165.0,18439.0,-79,-0.43,-0.69,-1.93,-43,-0.43,-0.07,-8.05,456,9.84,41,1.02,-415,PRICE_OI,Daywise_Price_and_OI_Summary_25AUG26_Report_2026-08-04.xlsx,,,,,,,,,,,,,,,,,,,,,,,,,,,,,,,,,,,,,,,,,,,,,,,,,,,,,,,,,,,,,,,,,,,
FORTIS,6.08,943.45,947.1,926.5,929.2,-16.25,-1.72,1.34,4.4,571,4.61,-0.4,-35.4,1434,60.1,82,3.03,-1352,PRICE_OI,Daywise_Price_and_OI_Summary_25AUG26_Report_2026-08-04.xlsx,,,,,,,,,,,,,,,,,,,,,,,,,,,,,,,,,,,,,,,,,,,,,,,,,,,,,,,,,,,,,,,,,,,
GAIL,5.09,174.5,177.79,173.45,176.34,2.39,1.37,-0.19,-0.71,-1259,-4.68,0.01,2.63,-2396,-10.21,-612,-6.89,1784,PRICE_OI,Daywise_Price_and_OI_Summary_25AUG26_Report_2026-08-04.xlsx,,,,,,,,,,,,,,,,,,,,,,,,,,,,,,,,,,,,,,,,,,,,,,,,,,,,,,,,,,,,,,,,,,,
GLENMARK,5.24,2234.0,2252.3,2207.0,2226.8,7.7,0.35,-1.16,-4.08,58,0.19,0.02,3.28,238,3.9,271,7.31,33,PRICE_OI,Daywise_Price_and_OI_Summary_25AUG26_Report_2026-08-04.xlsx,,,,,,,,,,,,,,,,,,,,,,,,,,,,,,,,,,,,,,,,,,,,,,,,,,,,,,,,,,,,,,,,,,,
GMRAIRPORT,6.32,106.7,107.4,105.97,106.38,0.45,0.42,-0.33,-0.99,144,0.78,0.01,1.02,-26,-0.53,25,0.53,51,PRICE_OI,Daywise_Price_and_OI_Summary_25AUG26_Report_2026-08-04.xlsx,,,,,,,,,,,,,,,,,,,,,,,,,,,,,,,,,,,,,,,,,,,,,,,,,,,,,,,,,,,,,,,,,,,
GODFRYPHLP,7.46,2246.6,2390.0,2246.6,2331.7,105.5,4.74,4.4,12.75,425,6.74,-0.08,-13.11,1353,28.58,353,12.31,-1000,PRICE_OI,Daywise_Price_and_OI_Summary_25AUG26_Report_2026-08-04.xlsx,,,,,,,,,,,,,,,,,,,,,,,,,,,,,,,,,,,,,,,,,,,,,,,,,,,,,,,,,,,,,,,,,,,
GODREJCP,5.98,1088.3,1088.3,1054.7,1058.2,-19.4,-1.8,2.47,8.58,670,3.09,0.09,16.98,245,8.77,396,26.56,151,PRICE_OI,Daywise_Price_and_OI_Summary_25AUG26_Report_2026-08-04.xlsx,,,,,,,,,,,,,,,,,,,,,,,,,,,,,,,,,,,,,,,,,,,,,,,,,,,,,,,,,,,,,,,,,,,
GODREJPROP,6.22,2081.2,2084.1,1997.7,2038.6,-42.5,-2.04,-5.15,-13.67,970,4.17,-0.14,-17.72,2883,49.59,1063,23.05,-1820,PRICE_OI,Daywise_Price_and_OI_Summary_25AUG26_Report_2026-08-04.xlsx,,,,,,,,,,,,,,,,,,,,,,,,,,,,,,,,,,,,,,,,,,,,,,,,,,,,,,,,,,,,,,,,,,,
GRASIM,5.23,3194.0,3194.0,3122.7,3135.0,-35.1,-1.11,2.62,10.61,300,0.63,0.1,16.39,2814,71.33,2367,98.18,-447,PRICE_OI,Daywise_Price_and_OI_Summary_25AUG26_Report_2026-08-04.xlsx,,,,,,,,,,,,,,,,,,,,,,,,,,,,,,,,,,,,,,,,,,,,,,,,,,,,,,,,,,,,,,,,,,,
GVT&D,10.79,4339.9,4421.5,4300.3,4352.4,34.2,0.79,2.52,4.68,-683,-2.99,-0.26,-25,1120,20.2,-564,-9.82,-1684,PRICE_OI,Daywise_Price_and_OI_Summary_25AUG26_Report_2026-08-04.xlsx,,,,,,,,,,,,,,,,,,,,,,,,,,,,,,,,,,,,,,,,,,,,,,,,,,,,,,,,,,,,,,,,,,,
HAL,5.63,4673.3,4732.8,4635.9,4653.3,-19.6,-0.42,1.03,3.63,127,0.37,-0.04,-5.26,1363,10.26,497,4.95,-866,PRICE_OI,Daywise_Price_and_OI_Summary_25AUG26_Report_2026-08-04.xlsx,,,,,,,,,,,,,,,,,,,,,,,,,,,,,,,,,,,,,,,,,,,,,,,,,,,,,,,,,,,,,,,,,,,
HAVELLS,4.8,1287.6,1304.5,1282.0,1287.5,3.5,0.27,0.35,1.42,-459,-2.5,-0.09,-13.24,813,20.28,83,3.02,-730,PRICE_OI,Daywise_Price_and_OI_Summary_25AUG26_Report_2026-08-04.xlsx,,,,,,,,,,,,,,,,,,,,,,,,,,,,,,,,,,,,,,,,,,,,,,,,,,,,,,,,,,,,,,,,,,,
HCLTECH,5.11,1374.8,1376.9,1351.6,1363.8,-6.8,-0.5,-0.71,-2.59,60,0.09,0.04,5.19,-1058,-6.79,-269,-2.24,789,PRICE_OI,Daywise_Price_and_OI_Summary_25AUG26_Report_2026-08-04.xlsx,,,,,,,,,,,,,,,,,,,,,,,,,,,,,,,,,,,,,,,,,,,,,,,,,,,,,,,,,,,,,,,,,,,
HDFCAMC,5.16,2578.8,2594.4,2546.4,2551.1,-30.7,-1.19,-0.93,-3.33,1027,5.09,-0.03,-3.61,596,10.33,309,6.48,-287,PRICE_OI,Daywise_Price_and_OI_Summary_25AUG26_Report_2026-08-04.xlsx,,,,,,,,,,,,,,,,,,,,,,,,,,,,,,,,,,,,,,,,,,,,,,,,,,,,,,,,,,,,,,,,,,,
HDFCBANK,4.27,753.0,754.95,741.7,743.7,-10.2,-1.35,0.79,3.69,3709,0.81,-0.02,-4,16208,9.84,4067,4.96,-12141,PRICE_OI,Daywise_Price_and_OI_Summary_25AUG26_Report_2026-08-04.xlsx,,,,,,,,,,,,,,,,,,,,,,,,,,,,,,,,,,,,,,,,,,,,,,,,,,,,,,,,,,,,,,,,,,,
HDFCLIFE,4.76,551.5,553.0,532.2,535.7,-17.15,-3.1,3.19,14.7,771,1.83,-0.09,-13.85,6788,38.44,2370,20.75,-4418,PRICE_OI,Daywise_Price_and_OI_Summary_25AUG26_Report_2026-08-04.xlsx,,,,,,,,,,,,,,,,,,,,,,,,,,,,,,,,,,,,,,,,,,,,,,,,,,,,,,,,,,,,,,,,,,,
HEROMOTOCO,5.89,5450.0,5635.0,5430.0,5579.0,152.5,2.81,1.04,3.51,510,1.65,0.04,4.71,1408,13.34,1701,18.92,293,PRICE_OI,Daywise_Price_and_OI_Summary_25AUG26_Report_2026-08-04.xlsx,,,,,,,,,,,,,,,,,,,,,,,,,,,,,,,,,,,,,,,,,,,,,,,,,,,,,,,,,,,,,,,,,,,
HINDALCO,6.58,998.95,1019.0,997.35,1018.0,21.1,2.12,2.03,6.28,-108,-0.14,0.02,2.7,1427,8.97,1503,12.84,76,PRICE_OI,Daywise_Price_and_OI_Summary_25AUG26_Report_2026-08-04.xlsx,,,,,,,,,,,,,,,,,,,,,,,,,,,,,,,,,,,,,,,,,,,,,,,,,,,,,,,,,,,,,,,,,,,
HINDPETRO,5.3,394.5,396.0,392.1,393.45,-1.55,-0.39,-0.38,-1.36,-151,-0.68,-0.02,-2.82,218,4.24,36,0.98,-182,PRICE_OI,Daywise_Price_and_OI_Summary_25AUG26_Report_2026-08-04.xlsx,,,,,,,,,,,,,,,,,,,,,,,,,,,,,,,,,,,,,,,,,,,,,,,,,,,,,,,,,,,,,,,,,,,
HINDUNILVR,3.57,2125.0,2125.0,2075.0,2089.7,-29.9,-1.41,1.33,7.72,-133,-0.27,-0.03,-5.56,2930,8.32,418,2.19,-2512,PRICE_OI,Daywise_Price_and_OI_Summary_25AUG26_Report_2026-08-04.xlsx,,,,,,,,,,,,,,,,,,,,,,,,,,,,,,,,,,,,,,,,,,,,,,,,,,,,,,,,,,,,,,,,,,,
HINDZINC,5.4,553.95,565.5,549.85,564.0,14.65,2.67,0.55,1.99,-336,-1.38,-0.07,-9.72,2241,20.9,759,9.87,-1482,PRICE_OI,Daywise_Price_and_OI_Summary_25AUG26_Report_2026-08-04.xlsx,,,,,,,,,,,,,,,,,,,,,,,,,,,,,,,,,,,,,,,,,,,,,,,,,,,,,,,,,,,,,,,,,,,
HYUNDAI,5.21,2173.5,2224.4,2170.9,2196.8,20.1,0.92,-0.47,-1.7,-259,-1.77,0.09,8.74,-971,-11.33,-335,-3.78,636,PRICE_OI,Daywise_Price_and_OI_Summary_25AUG26_Report_2026-08-04.xlsx,,,,,,,,,,,,,,,,,,,,,,,,,,,,,,,,,,,,,,,,,,,,,,,,,,,,,,,,,,,,,,,,,,,
ICICIBANK,3.37,1451.0,1456.0,1435.5,1445.5,-1.7,-0.12,0.76,4.51,-659,-0.44,-0.03,-4.11,1433,5.15,21,0.1,-1412,PRICE_OI,Daywise_Price_and_OI_Summary_25AUG26_Report_2026-08-04.xlsx,,,,,,,,,,,,,,,,,,,,,,,,,,,,,,,,,,,,,,,,,,,,,,,,,,,,,,,,,,,,,,,,,,,
ICICIGI,4.89,1662.5,1662.5,1634.0,1638.5,-21,-1.27,0.73,2.94,-7,-0.05,-0.04,-4.82,293,8.04,84,2.78,-209,PRICE_OI,Daywise_Price_and_OI_Summary_25AUG26_Report_2026-08-04.xlsx,,,,,,,,,,,,,,,,,,,,,,,,,,,,,,,,,,,,,,,,,,,,,,,,,,,,,,,,,,,,,,,,,,,
ICICIPRULI,4.97,518.45,519.55,504.3,508.9,-10.35,-1.99,-0.15,-0.58,-439,-2.23,-0.03,-4.41,515,17.38,236,11.68,-279,PRICE_OI,Daywise_Price_and_OI_Summary_25AUG26_Report_2026-08-04.xlsx,,,,,,,,,,,,,,,,,,,,,,,,,,,,,,,,,,,,,,,,,,,,,,,,,,,,,,,,,,,,,,,,,,,
IDEA,7.34,12.95,13.14,12.8,12.87,-0.08,-0.62,0.15,0.39,8,0.01,0,0,186,1.26,90,0.97,-96,PRICE_OI,Daywise_Price_and_OI_Summary_25AUG26_Report_2026-08-04.xlsx,,,,,,,,,,,,,,,,,,,,,,,,,,,,,,,,,,,,,,,,,,,,,,,,,,,,,,,,,,,,,,,,,,,
IDFCFIRSTB,4.92,85.09,86.05,84.39,85.52,0.6,0.71,-0.16,-0.62,-172,-0.45,0.02,2.9,-171,-1.36,170,1.96,341,PRICE_OI,Daywise_Price_and_OI_Summary_25AUG26_Report_2026-08-04.xlsx,,,,,,,,,,,,,,,,,,,,,,,,,,,,,,,,,,,,,,,,,,,,,,,,,,,,,,,,,,,,,,,,,,,
IEX,5.33,127.63,130.19,127.52,129.85,1.84,1.44,-3.02,-9.79,-112,-0.66,-0.04,-5.41,439,6.2,36,0.69,-403,PRICE_OI,Daywise_Price_and_OI_Summary_25AUG26_Report_2026-08-04.xlsx,,,,,,,,,,,,,,,,,,,,,,,,,,,,,,,,,,,,,,,,,,,,,,,,,,,,,,,,,,,,,,,,,,,
INDHOTEL,4.44,751.1,752.95,742.0,744.75,-2.75,-0.37,0.6,2.66,-111,-0.53,-0.03,-4.48,234,5.81,35,1.31,-199,PRICE_OI,Daywise_Price_and_OI_Summary_25AUG26_Report_2026-08-04.xlsx,,,,,,,,,,,,,,,,,,,,,,,,,,,,,,,,,,,,,,,,,,,,,,,,,,,,,,,,,,,,,,,,,,,
INDIANB,5.7,840.05,855.95,840.05,845.5,0.1,0.01,-0.21,-0.7,-240,-1.95,0.12,11.88,232,6.24,724,19.28,492,PRICE_OI,Daywise_Price_and_OI_Summary_25AUG26_Report_2026-08-04.xlsx,,,,,,,,,,,,,,,,,,,,,,,,,,,,,,,,,,,,,,,,,,,,,,,,,,,,,,,,,,,,,,,,,,,
INDIGO,5.03,5430.0,5442.0,5330.0,5340.0,-75,-1.39,-0.09,-0.34,795,2.17,-0.06,-7.14,541,3.51,-403,-3.12,-944,PRICE_OI,Daywise_Price_and_OI_Summary_25AUG26_Report_2026-08-04.xlsx,,,,,,,,,,,,,,,,,,,,,,,,,,,,,,,,,,,,,,,,,,,,,,,,,,,,,,,,,,,,,,,,,,,
INDUSINDBK,4.85,1020.0,1027.2,1014.5,1021.0,4.1,0.4,-0.77,-2.95,-220,-0.46,0.02,3.64,-391,-3.78,39,0.69,430,PRICE_OI,Daywise_Price_and_OI_Summary_25AUG26_Report_2026-08-04.xlsx,,,,,,,,,,,,,,,,,,,,,,,,,,,,,,,,,,,,,,,,,,,,,,,,,,,,,,,,,,,,,,,,,,,
INDUSTOWER,4.53,395.0,396.3,387.9,390.3,-3.3,-0.84,0.81,3.54,-227,-0.43,-0.07,-10.45,1142,10.57,-63,-0.87,-1205,PRICE_OI,Daywise_Price_and_OI_Summary_25AUG26_Report_2026-08-04.xlsx,,,,,,,,,,,,,,,,,,,,,,,,,,,,,,,,,,,,,,,,,,,,,,,,,,,,,,,,,,,,,,,,,,,
INFY,5.48,1172.0,1179.7,1158.4,1164.5,-14.9,-1.26,-0.09,-0.31,-3118,-1.41,-0.03,-3.09,-246,-0.31,-2563,-3.3,-2317,PRICE_OI,Daywise_Price_and_OI_Summary_25AUG26_Report_2026-08-04.xlsx,,,,,,,,,,,,,,,,,,,,,,,,,,,,,,,,,,,,,,,,,,,,,,,,,,,,,,,,,,,,,,,,,,,
INOXWIND,8.74,79.79,81.0,78.92,79.52,-0.21,-0.26,2.4,5.57,100,0.61,0,0,83,1.5,72,2.01,-11,PRICE_OI,Daywise_Price_and_OI_Summary_25AUG26_Report_2026-08-04.xlsx,,,,,,,,,,,,,,,,,,,,,,,,,,,,,,,,,,,,,,,,,,,,,,,,,,,,,,,,,,,,,,,,,,,
IOC,4.57,142.37,143.09,140.51,140.75,-1.62,-1.14,1.28,5.66,-84,-0.27,-0.07,-8.43,402,5.08,-281,-4.28,-683,PRICE_OI,Daywise_Price_and_OI_Summary_25AUG26_Report_2026-08-04.xlsx,,,,,,,,,,,,,,,,,,,,,,,,,,,,,,,,,,,,,,,,,,,,,,,,,,,,,,,,,,,,,,,,,,,
IREDA,6.08,120.0,120.0,114.31,116.29,-6.04,-4.94,-4.23,-11.58,3339,24.21,-0.17,-18.48,3057,55.57,1322,26.12,-1735,PRICE_OI,Daywise_Price_and_OI_Summary_25AUG26_Report_2026-08-04.xlsx,,,,,,,,,,,,,,,,,,,,,,,,,,,,,,,,,,,,,,,,,,,,,,,,,,,,,,,,,,,,,,,,,,,
IRFC,5.41,90.7,90.73,89.4,89.6,-0.93,-1.03,1.36,5.07,326,2.05,-0.01,-1.45,696,5.48,344,3.9,-352,PRICE_OI,Daywise_Price_and_OI_Summary_25AUG26_Report_2026-08-04.xlsx,,,,,,,,,,,,,,,,,,,,,,,,,,,,,,,,,,,,,,,,,,,,,,,,,,,,,,,,,,,,,,,,,,,
ITC,3.14,287.95,289.45,285.85,287.7,0.25,0.09,0.17,1.05,-224,-0.25,0,0,140,0.23,-290,-0.85,-430,PRICE_OI,Daywise_Price_and_OI_Summary_25AUG26_Report_2026-08-04.xlsx,,,,,,,,,,,,,,,,,,,,,,,,,,,,,,,,,,,,,,,,,,,,,,,,,,,,,,,,,,,,,,,,,,,
JINDALSTEL,4.48,1115.0,1126.9,1111.0,1122.6,4.6,0.41,0.59,2.58,371,1.72,-0.02,-2.27,214,4.01,32,0.68,-182,PRICE_OI,Daywise_Price_and_OI_Summary_25AUG26_Report_2026-08-04.xlsx,,,,,,,,,,,,,,,,,,,,,,,,,,,,,,,,,,,,,,,,,,,,,,,,,,,,,,,,,,,,,,,,,,,
JIOFIN,6.14,263.45,267.3,262.15,264.1,0.65,0.25,0.05,0.16,780,1,0.05,8.33,-2186,-5.98,285,1.29,2471,PRICE_OI,Daywise_Price_and_OI_Summary_25AUG26_Report_2026-08-04.xlsx,,,,,,,,,,,,,,,,,,,,,,,,,,,,,,,,,,,,,,,,,,,,,,,,,,,,,,,,,,,,,,,,,,,
JSWENERGY,4.74,571.75,572.55,566.75,569.45,2.45,0.43,0.19,0.77,-219,-0.95,0.01,0.98,-65,-1.24,-2,-0.04,63,PRICE_OI,Daywise_Price_and_OI_Summary_25AUG26_Report_2026-08-04.xlsx,,,,,,,,,,,,,,,,,,,,,,,,,,,,,,,,,,,,,,,,,,,,,,,,,,,,,,,,,,,,,,,,,,,
JSWSTEEL,4.3,1287.0,1299.8,1277.0,1295.9,12.6,0.98,0.9,4.2,201,0.34,0.08,10.39,-25,-0.48,392,9.69,417,PRICE_OI,Daywise_Price_and_OI_Summary_25AUG26_Report_2026-08-04.xlsx,,,,,,,,,,,,,,,,,,,,,,,,,,,,,,,,,,,,,,,,,,,,,,,,,,,,,,,,,,,,,,,,,,,
JUBLFOOD,7.08,472.35,473.4,462.5,466.8,-3.8,-0.81,-0.07,-0.19,-62,-0.47,0.01,1.33,-162,-2.72,-76,-1.69,86,PRICE_OI,Daywise_Price_and_OI_Summary_25AUG26_Report_2026-08-04.xlsx,,,,,,,,,,,,,,,,,,,,,,,,,,,,,,,,,,,,,,,,,,,,,,,,,,,,,,,,,,,,,,,,,,,
KALYANKJIL,10.97,607.5,613.0,588.15,593.35,-14.15,-2.33,3.09,5.7,-393,-2.25,-0.1,-8.55,2152,16.05,892,5.66,-1260,PRICE_OI,Daywise_Price_and_OI_Summary_25AUG26_Report_2026-08-04.xlsx,,,,,,,,,,,,,,,,,,,,,,,,,,,,,,,,,,,,,,,,,,,,,,,,,,,,,,,,,,,,,,,,,,,
KAYNES,11.04,3810.0,3898.9,3801.3,3890.5,71.3,1.87,0.1,0.17,142,0.53,-0.01,-1.41,224,2.18,136,1.88,-88,PRICE_OI,Daywise_Price_and_OI_Summary_25AUG26_Report_2026-08-04.xlsx,,,,,,,,,,,,,,,,,,,,,,,,,,,,,,,,,,,,,,,,,,,,,,,,,,,,,,,,,,,,,,,,,,,
KEI,6.51,5200.0,5537.0,5178.5,5521.5,486.5,9.66,-4.95,-12.7,-1340,-11.99,0.2,23.53,2140,51.68,3059,86.63,919,PRICE_OI,Daywise_Price_and_OI_Summary_25AUG26_Report_2026-08-04.xlsx,,,,,,,,,,,,,,,,,,,,,,,,,,,,,,,,,,,,,,,,,,,,,,,,,,,,,,,,,,,,,,,,,,,
KFINTECH,7.11,942.95,954.0,928.75,935.5,1.1,0.12,1.56,4.4,476,6.99,0.01,1.79,355,7.46,208,7.75,-147,PRICE_OI,Daywise_Price_and_OI_Summary_25AUG26_Report_2026-08-04.xlsx,,,,,,,,,,,,,,,,,,,,,,,,,,,,,,,,,,,,,,,,,,,,,,,,,,,,,,,,,,,,,,,,,,,
KOTAKBANK,3.56,393.95,399.2,393.0,394.65,-0.5,-0.13,0.37,2.03,-659,-0.76,0,0,-71,-0.43,-55,-0.52,16,PRICE_OI,Daywise_Price_and_OI_Summary_25AUG26_Report_2026-08-04.xlsx,,,,,,,,,,,,,,,,,,,,,,,,,,,,,,,,,,,,,,,,,,,,,,,,,,,,,,,,,,,,,,,,,,,
KPITTECH,6.64,618.05,626.9,615.2,621.95,5.05,0.82,-0.35,-1,-682,-4.02,-0.03,-4.69,-699,-3.74,-901,-7.58,-202,PRICE_OI,Daywise_Price_and_OI_Summary_25AUG26_Report_2026-08-04.xlsx,,,,,,,,,,,,,,,,,,,,,,,,,,,,,,,,,,,,,,,,,,,,,,,,,,,,,,,,,,,,,,,,,,,
LAURUSLABS,5.28,1811.2,1836.9,1811.2,1834.7,23.8,1.31,0.7,2.61,339,1.75,0.05,5.38,67,0.51,804,6.65,737,PRICE_OI,Daywise_Price_and_OI_Summary_25AUG26_Report_2026-08-04.xlsx,,,,,,,,,,,,,,,,,,,,,,,,,,,,,,,,,,,,,,,,,,,,,,,,,,,,,,,,,,,,,,,,,,,
LICHSGFIN,4.71,504.8,509.65,500.35,503.8,-0.7,-0.14,-1.07,-4.18,387,1.31,-0.01,-1.56,542,4.08,113,1.32,-429,PRICE_OI,Daywise_Price_and_OI_Summary_25AUG26_Report_2026-08-04.xlsx,,,,,,,,,,,,,,,,,,,,,,,,,,,,,,,,,,,,,,,,,,,,,,,,,,,,,,,,,,,,,,,,,,,
LICI,5.23,393.0,394.9,387.5,390.3,-35.2,-8.27,-1.42,-4.95,34374,265.81,0.01,1.43,18128,214.38,12950,218.05,-5178,PRICE_OI,Daywise_Price_and_OI_Summary_25AUG26_Report_2026-08-04.xlsx,,,,,,,,,,,,,,,,,,,,,,,,,,,,,,,,,,,,,,,,,,,,,,,,,,,,,,,,,,,,,,,,,,,
LODHA,7.04,1233.0,1247.7,1221.0,1224.4,-6.9,-0.56,0.97,2.71,-276,-1.46,-0.01,-1.41,-100,-1.27,-95,-1.71,5,PRICE_OI,Daywise_Price_and_OI_Summary_25AUG26_Report_2026-08-04.xlsx,,,,,,,,,,,,,,,,,,,,,,,,,,,,,,,,,,,,,,,,,,,,,,,,,,,,,,,,,,,,,,,,,,,
LT,3.75,4017.0,4060.5,4005.1,4021.0,2.4,0.06,1.01,5.45,-348,-0.53,-0.06,-7.14,1603,5.42,-537,-2.16,-2140,PRICE_OI,Daywise_Price_and_OI_Summary_25AUG26_Report_2026-08-04.xlsx,,,,,,,,,,,,,,,,,,,,,,,,,,,,,,,,,,,,,,,,,,,,,,,,,,,,,,,,,,,,,,,,,,,
LTF,6.73,320.4,322.4,317.05,321.05,1.85,0.58,1.51,4.48,-765,-3.63,0,0,288,3.57,152,2.9,-136,PRICE_OI,Daywise_Price_and_OI_Summary_25AUG26_Report_2026-08-04.xlsx,,,,,,,,,,,,,,,,,,,,,,,,,,,,,,,,,,,,,,,,,,,,,,,,,,,,,,,,,,,,,,,,,,,
LTM,6.47,4713.1,4713.3,4540.0,4547.9,-126,-2.7,-1.64,-4.62,519,3.47,-0.1,-13.16,-66,-0.86,-849,-14.51,-783,PRICE_OI,Daywise_Price_and_OI_Summary_25AUG26_Report_2026-08-04.xlsx,,,,,,,,,,,,,,,,,,,,,,,,,,,,,,,,,,,,,,,,,,,,,,,,,,,,,,,,,,,,,,,,,,,
LUPIN,5.48,2392.5,2416.2,2383.5,2395.5,9.3,0.39,0.78,2.8,52,0.34,0.03,4.55,-39,-0.59,191,4.42,230,PRICE_OI,Daywise_Price_and_OI_Summary_25AUG26_Report_2026-08-04.xlsx,,,,,,,,,,,,,,,,,,,,,,,,,,,,,,,,,,,,,,,,,,,,,,,,,,,,,,,,,,,,,,,,,,,
M&M,4.53,3408.0,3444.9,3399.7,3422.7,16.9,0.5,0.05,0.21,-584,-0.95,0.04,5.19,-871,-3.17,404,1.91,1275,PRICE_OI,Daywise_Price_and_OI_Summary_25AUG26_Report_2026-08-04.xlsx,,,,,,,,,,,,,,,,,,,,,,,,,,,,,,,,,,,,,,,,,,,,,,,,,,,,,,,,,,,,,,,,,,,
MANAPPURAM,7.64,365.4,367.8,353.45,358.6,-6.2,-1.7,2.7,7.27,871,4.29,-0.04,-5.63,556,16.01,249,10.11,-307,PRICE_OI,Daywise_Price_and_OI_Summary_25AUG26_Report_2026-08-04.xlsx,,,,,,,,,,,,,,,,,,,,,,,,,,,,,,,,,,,,,,,,,,,,,,,,,,,,,,,,,,,,,,,,,,,
MANKIND,5.4,2473.7,2484.9,2446.7,2456.2,-15.2,-0.62,-0.87,-2.99,-37,-0.28,0.12,23.08,332,4.66,1085,29.39,753,PRICE_OI,Daywise_Price_and_OI_Summary_25AUG26_Report_2026-08-04.xlsx,,,,,,,,,,,,,,,,,,,,,,,,,,,,,,,,,,,,,,,,,,,,,,,,,,,,,,,,,,,,,,,,,,,
MARICO,5.37,882.0,884.85,855.2,874.6,-6.15,-0.7,0.06,0.22,-249,-1.84,0.01,1.54,1409,27,952,28.07,-457,PRICE_OI,Daywise_Price_and_OI_Summary_25AUG26_Report_2026-08-04.xlsx,,,,,,,,,,,,,,,,,,,,,,,,,,,,,,,,,,,,,,,,,,,,,,,,,,,,,,,,,,,,,,,,,,,
MARUTI,4.18,14036.0,14171.0,13948.0,14048.0,12,0.09,1.05,5.07,199,0.49,0.01,1.89,842,1.99,835,3.74,-7,PRICE_OI,Daywise_Price_and_OI_Summary_25AUG26_Report_2026-08-04.xlsx,,,,,,,,,,,,,,,,,,,,,,,,,,,,,,,,,,,,,,,,,,,,,,,,,,,,,,,,,,,,,,,,,,,
MAXHEALTH,5.51,1106.9,1106.9,1070.9,1073.6,-22.6,-2.06,-0.19,-0.65,343,1.86,-0.04,-5.63,657,17.72,295,11.18,-362,PRICE_OI,Daywise_Price_and_OI_Summary_25AUG26_Report_2026-08-04.xlsx,,,,,,,,,,,,,,,,,,,,,,,,,,,,,,,,,,,,,,,,,,,,,,,,,,,,,,,,,,,,,,,,,,,
MAZDOCK,6.27,2398.0,2418.9,2380.0,2387.1,-2.5,-0.1,-0.26,-0.79,-121,-0.54,-0.01,-1.64,35,0.41,-76,-1.46,-111,PRICE_OI,Daywise_Price_and_OI_Summary_25AUG26_Report_2026-08-04.xlsx,,,,,,,,,,,,,,,,,,,,,,,,,,,,,,,,,,,,,,,,,,,,,,,,,,,,,,,,,,,,,,,,,,,
MCX,7.95,2650.0,2709.9,2635.0,2675.8,45.7,1.74,-1.56,-3.63,142,0.42,-0.02,-2.63,2368,12.22,1395,9.46,-973,PRICE_OI,Daywise_Price_and_OI_Summary_25AUG26_Report_2026-08-04.xlsx,,,,,,,,,,,,,,,,,,,,,,,,,,,,,,,,,,,,,,,,,,,,,,,,,,,,,,,,,,,,,,,,,,,
MFSL,6.99,1542.7,1545.0,1498.3,1506.2,-29.6,-1.93,1.62,4.63,-485,-2.01,-0.02,-3.33,908,35.36,459,29.81,-449,PRICE_OI,Daywise_Price_and_OI_Summary_25AUG26_Report_2026-08-04.xlsx,,,,,,,,,,,,,,,,,,,,,,,,,,,,,,,,,,,,,,,,,,,,,,,,,,,,,,,,,,,,,,,,,,,
MIDCPNIFTY,2.58,14856.95,14924.5,14807.35,14856.75,-3.4,-0.02,0.48,3.7,-34,-0.22,0.01,0.92,1738,5.65,2138,6.38,400,PRICE_OI,Daywise_Price_and_OI_Summary_25AUG26_Report_2026-08-04.xlsx,,,,,,,,,,,,,,,,,,,,,,,,,,,,,,,,,,,,,,,,,,,,,,,,,,,,,,,,,,,,,,,,,,,
MOTHERSON,7.29,154.79,156.29,149.12,150.66,-3.94,-2.55,0.12,0.32,420,2.07,0.03,4.84,880,14,759,19.49,-121,PRICE_OI,Daywise_Price_and_OI_Summary_25AUG26_Report_2026-08-04.xlsx,,,,,,,,,,,,,,,,,,,,,,,,,,,,,,,,,,,,,,,,,,,,,,,,,,,,,,,,,,,,,,,,,,,
MOTILALOFS,6.29,872.65,884.0,865.55,867.15,-4.25,-0.49,0.44,1.36,-111,-1.22,-0.02,-3.08,144,4.22,30,1.35,-114,PRICE_OI,Daywise_Price_and_OI_Summary_25AUG26_Report_2026-08-04.xlsx,,,,,,,,,,,,,,,,,,,,,,,,,,,,,,,,,,,,,,,,,,,,,,,,,,,,,,,,,,,,,,,,,,,
MPHASIS,6.46,2410.4,2420.4,2385.0,2390.4,-32.1,-1.33,-0.76,-2.2,237,1.71,-0.05,-6.1,-7,-0.18,-181,-5.62,-174,PRICE_OI,Daywise_Price_and_OI_Summary_25AUG26_Report_2026-08-04.xlsx,,,,,,,,,,,,,,,,,,,,,,,,,,,,,,,,,,,,,,,,,,,,,,,,,,,,,,,,,,,,,,,,,,,
MUTHOOTFIN,5.93,2908.8,2919.4,2877.1,2890.8,-1.8,-0.06,-0.89,-2.79,-101,-0.4,-0.04,-7.55,356,1.62,-787,-6.74,-1143,PRICE_OI,Daywise_Price_and_OI_Summary_25AUG26_Report_2026-08-04.xlsx,,,,,,,,,,,,,,,,,,,,,,,,,,,,,,,,,,,,,,,,,,,,,,,,,,,,,,,,,,,,,,,,,,,
NAM-INDIA,6.98,1166.6,1190.2,1165.0,1176.4,14.9,1.28,4.76,15.08,465,4.12,-0.15,-27.78,1045,82.74,226,33.14,-819,PRICE_OI,Daywise_Price_and_OI_Summary_25AUG26_Report_2026-08-04.xlsx,,,,,,,,,,,,,,,,,,,,,,,,,,,,,,,,,,,,,,,,,,,,,,,,,,,,,,,,,,,,,,,,,,,
NATIONALUM,6.44,370.0,382.9,366.55,379.7,14.8,4.06,1.37,4.24,-611,-2.47,-0.02,-2.5,1205,12.95,664,8.87,-541,PRICE_OI,Daywise_Price_and_OI_Summary_25AUG26_Report_2026-08-04.xlsx,,,,,,,,,,,,,,,,,,,,,,,,,,,,,,,,,,,,,,,,,,,,,,,,,,,,,,,,,,,,,,,,,,,
NAUKRI,6.96,1269.0,1279.0,1253.7,1262.6,-0.4,-0.03,0.57,1.59,-331,-1.3,0.05,8.93,-358,-7.57,23,0.87,381,PRICE_OI,Daywise_Price_and_OI_Summary_25AUG26_Report_2026-08-04.xlsx,,,,,,,,,,,,,,,,,,,,,,,,,,,,,,,,,,,,,,,,,,,,,,,,,,,,,,,,,,,,,,,,,,,
NBCC,6.65,95.46,95.95,94.59,94.75,-0.65,-0.68,-0.52,-1.48,18,0.12,-0.05,-9.26,492,11.43,41,1.78,-451,PRICE_OI,Daywise_Price_and_OI_Summary_25AUG26_Report_2026-08-04.xlsx,,,,,,,,,,,,,,,,,,,,,,,,,,,,,,,,,,,,,,,,,,,,,,,,,,,,,,,,,,,,,,,,,,,
NESTLEIND,4.39,1525.0,1537.5,1450.4,1489.0,-28.3,-1.87,1.03,4.71,-1053,-6.3,0.02,3.45,1399,16.47,952,19.18,-447,PRICE_OI,Daywise_Price_and_OI_Summary_25AUG26_Report_2026-08-04.xlsx,,,,,,,,,,,,,,,,,,,,,,,,,,,,,,,,,,,,,,,,,,,,,,,,,,,,,,,,,,,,,,,,,,,
NHPC,5.14,79.73,81.45,79.3,80.57,1.12,1.41,-0.78,-2.84,-653,-3.68,-0.03,-3.9,226,4.61,-1,-0.03,-227,PRICE_OI,Daywise_Price_and_OI_Summary_25AUG26_Report_2026-08-04.xlsx,,,,,,,,,,,,,,,,,,,,,,,,,,,,,,,,,,,,,,,,,,,,,,,,,,,,,,,,,,,,,,,,,,,
NIFTY,0.06,24684.8,24697.0,24500.0,24555.6,-93.8,-0.38,0.33,3.19,-1743,-0.95,-0.01,-0.9,5947,0.88,-3301,-0.44,-9248,PRICE_OI,Daywise_Price_and_OI_Summary_25AUG26_Report_2026-08-04.xlsx,,,,,,,,,,,,,,,,,,,,,,,,,,,,,,,,,,,,,,,,,,,,,,,,,,,,,,,,,,,,,,,,,,,
NIFTYNXT50,3.07,74475.0,74582.2,73890.0,73952.4,-285.8,-0.38,-0.52,-3.25,-16,-2.07,0.13,7.3,2,2.99,13,10.92,11,PRICE_OI,Daywise_Price_and_OI_Summary_25AUG26_Report_2026-08-04.xlsx,,,,,,,,,,,,,,,,,,,,,,,,,,,,,,,,,,,,,,,,,,,,,,,,,,,,,,,,,,,,,,,,,,,
NMDC,5.67,84.3,85.08,83.41,84.77,1.03,1.23,0.52,1.79,146,0.29,0.09,13.64,-473,-6.03,308,5.91,781,PRICE_OI,Daywise_Price_and_OI_Summary_25AUG26_Report_2026-08-04.xlsx,,,,,,,,,,,,,,,,,,,,,,,,,,,,,,,,,,,,,,,,,,,,,,,,,,,,,,,,,,,,,,,,,,,
NTPC,3.83,348.1,349.6,343.35,343.95,-4.1,-1.18,1.79,9.83,343,0.53,0,0,1642,8.9,1135,9.64,-507,PRICE_OI,Daywise_Price_and_OI_Summary_25AUG26_Report_2026-08-04.xlsx,,,,,,,,,,,,,,,,,,,,,,,,,,,,,,,,,,,,,,,,,,,,,,,,,,,,,,,,,,,,,,,,,,,
NYKAA,7.26,342.0,342.0,335.4,337.95,-3.05,-0.89,0.74,2,326,2.27,0.02,3.33,1003,44.74,649,48.18,-354,PRICE_OI,Daywise_Price_and_OI_Summary_25AUG26_Report_2026-08-04.xlsx,,,,,,,,,,,,,,,,,,,,,,,,,,,,,,,,,,,,,,,,,,,,,,,,,,,,,,,,,,,,,,,,,,,
OBEROIRLTY,11.1,1850.0,1850.0,1785.7,1790.2,-46.4,-2.53,0.14,0.51,61,0.39,-0.02,-3.77,711,21.7,307,17.79,-404,PRICE_OI,Daywise_Price_and_OI_Summary_25AUG26_Report_2026-08-04.xlsx,,,,,,,,,,,,,,,,,,,,,,,,,,,,,,,,,,,,,,,,,,,,,,,,,,,,,,,,,,,,,,,,,,,
OFSS,7.02,11549.0,11740.0,11427.0,11629.0,125,1.09,-1.02,-2.7,-273,-2.12,0.06,7.5,-147,-1.68,436,6.24,583,PRICE_OI,Daywise_Price_and_OI_Summary_25AUG26_Report_2026-08-04.xlsx,,,,,,,,,,,,,,,,,,,,,,,,,,,,,,,,,,,,,,,,,,,,,,,,,,,,,,,,,,,,,,,,,,,
OIL,6.16,452.5,453.95,448.3,450.85,-1.65,-0.36,0.91,2.91,39,0.35,-0.01,-1.69,121,4.35,46,2.8,-75,PRICE_OI,Daywise_Price_and_OI_Summary_25AUG26_Report_2026-08-04.xlsx,,,,,,,,,,,,,,,,,,,,,,,,,,,,,,,,,,,,,,,,,,,,,,,,,,,,,,,,,,,,,,,,,,,
ONGC,4.77,241.6,242.77,240.38,241.86,1.55,0.65,-0.63,-2.47,-719,-2.88,-0.03,-5.45,1942,11.07,552,5.74,-1390,PRICE_OI,Daywise_Price_and_OI_Summary_25AUG26_Report_2026-08-04.xlsx,,,,,,,,,,,,,,,,,,,,,,,,,,,,,,,,,,,,,,,,,,,,,,,,,,,,,,,,,,,,,,,,,,,
PAGEIND,6.43,40075.0,40255.0,39695.0,39970.0,-250,-0.62,1.93,6.1,126,1.09,-0.05,-6.85,282,12.34,72,4.33,-210,PRICE_OI,Daywise_Price_and_OI_Summary_25AUG26_Report_2026-08-04.xlsx,,,,,,,,,,,,,,,,,,,,,,,,,,,,,,,,,,,,,,,,,,,,,,,,,,,,,,,,,,,,,,,,,,,
PATANJALI,7.98,366.0,367.55,357.0,359.65,-2.75,-0.76,1.44,3.57,1274,4.19,-0.02,-2.63,361,4.05,10,0.15,-351,PRICE_OI,Daywise_Price_and_OI_Summary_25AUG26_Report_2026-08-04.xlsx,,,,,,,,,,,,,,,,,,,,,,,,,,,,,,,,,,,,,,,,,,,,,,,,,,,,,,,,,,,,,,,,,,,
PAYTM,7.83,1438.0,1440.9,1392.1,1410.5,-7.3,-0.51,-2.73,-6.28,1186,4.36,0.07,13.21,4,0.02,1348,11.83,1344,PRICE_OI,Daywise_Price_and_OI_Summary_25AUG26_Report_2026-08-04.xlsx,,,,,,,,,,,,,,,,,,,,,,,,,,,,,,,,,,,,,,,,,,,,,,,,,,,,,,,,,,,,,,,,,,,
PERSISTENT,6.32,5585.0,5610.0,5475.0,5502.0,-51.5,-0.93,-1.91,-5.46,-76,-0.27,0,0,304,2.11,174,1.92,-130,PRICE_OI,Daywise_Price_and_OI_Summary_25AUG26_Report_2026-08-04.xlsx,,,,,,,,,,,,,,,,,,,,,,,,,,,,,,,,,,,,,,,,,,,,,,,,,,,,,,,,,,,,,,,,,,,
PETRONET,5.06,282.0,283.8,278.2,280.4,-2.25,-0.8,1.49,5.96,146,0.87,-0.1,-9.26,490,12.59,86,2.04,-404,PRICE_OI,Daywise_Price_and_OI_Summary_25AUG26_Report_2026-08-04.xlsx,,,,,,,,,,,,,,,,,,,,,,,,,,,,,,,,,,,,,,,,,,,,,,,,,,,,,,,,,,,,,,,,,,,
PFC,5.46,419.0,423.2,418.15,419.6,0.3,0.07,-0.93,-3.16,1244,3.04,0.01,1.32,167,2.09,210,3.46,43,PRICE_OI,Daywise_Price_and_OI_Summary_25AUG26_Report_2026-08-04.xlsx,,,,,,,,,,,,,,,,,,,,,,,,,,,,,,,,,,,,,,,,,,,,,,,,,,,,,,,,,,,,,,,,,,,
PGEL,9.82,620.15,632.0,613.05,616.85,-6.3,-1.01,1.47,2.95,316,2.82,-0.05,-5.26,371,7.29,90,1.87,-281,PRICE_OI,Daywise_Price_and_OI_Summary_25AUG26_Report_2026-08-04.xlsx,,,,,,,,,,,,,,,,,,,,,,,,,,,,,,,,,,,,,,,,,,,,,,,,,,,,,,,,,,,,,,,,,,,
PHOENIXLTD,5.31,1936.3,1967.8,1919.2,1946.2,22,1.14,0.36,1.32,-275,-2.6,-0.12,-16.9,249,8,-230,-10.41,-479,PRICE_OI,Daywise_Price_and_OI_Summary_25AUG26_Report_2026-08-04.xlsx,,,,,,,,,,,,,,,,,,,,,,,,,,,,,,,,,,,,,,,,,,,,,,,,,,,,,,,,,,,,,,,,,,,
PIDILITIND,5.18,1642.2,1663.0,1606.0,1616.2,-23.8,-1.45,-0.83,-2.99,506,3.27,-0.26,-36.11,8911,247.12,3179,121.71,-5732,PRICE_OI,Daywise_Price_and_OI_Summary_25AUG26_Report_2026-08-04.xlsx,,,,,,,,,,,,,,,,,,,,,,,,,,,,,,,,,,,,,,,,,,,,,,,,,,,,,,,,,,,,,,,,,,,
PIIND,6.72,2837.5,2846.8,2786.0,2799.5,-23.8,-0.84,-1.16,-3.2,140,0.91,-0.19,-18.45,604,21.22,-25,-0.85,-629,PRICE_OI,Daywise_Price_and_OI_Summary_25AUG26_Report_2026-08-04.xlsx,,,,,,,,,,,,,,,,,,,,,,,,,,,,,,,,,,,,,,,,,,,,,,,,,,,,,,,,,,,,,,,,,,,
PNB,4.95,114.0,114.38,113.14,114.02,0.23,0.2,0.23,0.9,-132,-0.36,0.01,1.16,151,1.97,183,2.78,32,PRICE_OI,Daywise_Price_and_OI_Summary_25AUG26_Report_2026-08-04.xlsx,,,,,,,,,,,,,,,,,,,,,,,,,,,,,,,,,,,,,,,,,,,,,,,,,,,,,,,,,,,,,,,,,,,
PNBHOUSING,9.65,1079.0,1090.1,1053.0,1084.2,-1.3,-0.12,-0.44,-0.86,92,0.78,-0.16,-12.7,1365,42.51,972,24.02,-393,PRICE_OI,Daywise_Price_and_OI_Summary_25AUG26_Report_2026-08-04.xlsx,,,,,,,,,,,,,,,,,,,,,,,,,,,,,,,,,,,,,,,,,,,,,,,,,,,,,,,,,,,,,,,,,,,
POLICYBZR,8.12,1641.9,1641.9,1596.7,1610.4,-22.2,-1.36,1.81,4.45,240,0.92,0.04,3.92,140,3.6,308,7.79,168,PRICE_OI,Daywise_Price_and_OI_Summary_25AUG26_Report_2026-08-04.xlsx,,,,,,,,,,,,,,,,,,,,,,,,,,,,,,,,,,,,,,,,,,,,,,,,,,,,,,,,,,,,,,,,,,,
POLYCAB,4.95,9125.0,9258.0,9125.0,9208.0,132,1.45,0.21,0.82,-30,-0.16,-0.02,-2.9,1538,16.57,825,12.8,-713,PRICE_OI,Daywise_Price_and_OI_Summary_25AUG26_Report_2026-08-04.xlsx,,,,,,,,,,,,,,,,,,,,,,,,,,,,,,,,,,,,,,,,,,,,,,,,,,,,,,,,,,,,,,,,,,,
POWERGRID,4.49,287.45,288.75,281.75,282.4,-2.3,-0.81,0.68,2.99,664,2.8,-0.09,-10.11,1133,14.25,174,2.45,-959,PRICE_OI,Daywise_Price_and_OI_Summary_25AUG26_Report_2026-08-04.xlsx,,,,,,,,,,,,,,,,,,,,,,,,,,,,,,,,,,,,,,,,,,,,,,,,,,,,,,,,,,,,,,,,,,,
POWERINDIA,8.69,32380.0,32875.0,32155.0,32300.0,125,0.39,1.4,3.19,340,1.47,-0.09,-8.33,973,11.41,213,2.31,-760,PRICE_OI,Daywise_Price_and_OI_Summary_25AUG26_Report_2026-08-04.xlsx,,,,,,,,,,,,,,,,,,,,,,,,,,,,,,,,,,,,,,,,,,,,,,,,,,,,,,,,,,,,,,,,,,,
PREMIERENE,7.58,1027.4,1059.0,1027.4,1044.9,13.1,1.27,0.58,1.49,-233,-2.04,-0.01,-1.32,192,7.71,141,7.5,-51,PRICE_OI,Daywise_Price_and_OI_Summary_25AUG26_Report_2026-08-04.xlsx,,,,,,,,,,,,,,,,,,,,,,,,,,,,,,,,,,,,,,,,,,,,,,,,,,,,,,,,,,,,,,,,,,,
PRESTIGE,6.36,1626.9,1641.9,1582.6,1594.9,-30.7,-1.89,-1.1,-3.21,106,0.93,0,0,205,5.16,138,5.22,-67,PRICE_OI,Daywise_Price_and_OI_Summary_25AUG26_Report_2026-08-04.xlsx,,,,,,,,,,,,,,,,,,,,,,,,,,,,,,,,,,,,,,,,,,,,,,,,,,,,,,,,,,,,,,,,,,,
RADICO,5.43,4478.2,4483.7,4434.9,4469.0,30.5,0.69,-2.13,-6.98,69,1.3,0.04,4.08,-122,-3.73,-4,-0.12,118,PRICE_OI,Daywise_Price_and_OI_Summary_25AUG26_Report_2026-08-04.xlsx,,,,,,,,,,,,,,,,,,,,,,,,,,,,,,,,,,,,,,,,,,,,,,,,,,,,,,,,,,,,,,,,,,,
RBLBANK,5.53,379.95,385.0,377.55,382.55,3.85,1.02,-0.61,-2.07,-49,-0.35,0.09,12.16,-357,-9.52,48,1.74,405,PRICE_OI,Daywise_Price_and_OI_Summary_25AUG26_Report_2026-08-04.xlsx,,,,,,,,,,,,,,,,,,,,,,,,,,,,,,,,,,,,,,,,,,,,,,,,,,,,,,,,,,,,,,,,,,,
RECLTD,4.68,367.55,370.9,367.05,368.5,0.35,0.1,-0.15,-0.61,111,0.39,0.01,1.49,124,1.32,171,2.73,47,PRICE_OI,Daywise_Price_and_OI_Summary_25AUG26_Report_2026-08-04.xlsx,,,,,,,,,,,,,,,,,,,,,,,,,,,,,,,,,,,,,,,,,,,,,,,,,,,,,,,,,,,,,,,,,,,
RELIANCE,3.74,1313.8,1315.0,1294.1,1297.4,-14.3,-1.09,0.83,4.44,1876,0.92,-0.03,-3.7,5001,5.23,863,1.12,-4138,PRICE_OI,Daywise_Price_and_OI_Summary_25AUG26_Report_2026-08-04.xlsx,,,,,,,,,,,,,,,,,,,,,,,,,,,,,,,,,,,,,,,,,,,,,,,,,,,,,,,,,,,,,,,,,,,
RVNL,7.39,232.65,235.71,230.22,231.65,-1.42,-0.61,1.74,4.71,57,0.32,-0.03,-3.9,881,11.19,413,6.81,-468,PRICE_OI,Daywise_Price_and_OI_Summary_25AUG26_Report_2026-08-04.xlsx,,,,,,,,,,,,,,,,,,,,,,,,,,,,,,,,,,,,,,,,,,,,,,,,,,,,,,,,,,,,,,,,,,,
SAIL,6.71,169.1,174.84,168.41,174.56,4.28,2.51,0.81,2.37,-431,-1.13,0.05,7.81,169,3.86,340,12.14,171,PRICE_OI,Daywise_Price_and_OI_Summary_25AUG26_Report_2026-08-04.xlsx,,,,,,,,,,,,,,,,,,,,,,,,,,,,,,,,,,,,,,,,,,,,,,,,,,,,,,,,,,,,,,,,,,,
SBICARD,5.09,668.0,670.5,660.15,663.55,-5.2,-0.78,-0.12,-0.45,0,0,-0.02,-3.17,-35,-0.45,-147,-2.97,-112,PRICE_OI,Daywise_Price_and_OI_Summary_25AUG26_Report_2026-08-04.xlsx,,,,,,,,,,,,,,,,,,,,,,,,,,,,,,,,,,,,,,,,,,,,,,,,,,,,,,,,,,,,,,,,,,,
SBILIFE,4.37,1894.0,1899.9,1859.2,1869.2,-42.6,-2.23,1.7,8.05,-1155,-6.93,-0.11,-15.28,653,17.18,-17,-0.62,-670,PRICE_OI,Daywise_Price_and_OI_Summary_25AUG26_Report_2026-08-04.xlsx,,,,,,,,,,,,,,,,,,,,,,,,,,,,,,,,,,,,,,,,,,,,,,,,,,,,,,,,,,,,,,,,,,,
SBIN,5.07,1046.0,1048.8,1036.1,1040.7,-1,-0.1,0.09,0.34,122,0.11,-0.03,-3.16,2375,6.02,951,2.53,-1424,PRICE_OI,Daywise_Price_and_OI_Summary_25AUG26_Report_2026-08-04.xlsx,,,,,,,,,,,,,,,,,,,,,,,,,,,,,,,,,,,,,,,,,,,,,,,,,,,,,,,,,,,,,,,,,,,
SENSEX50,-,0.0,0.0,0.0,0.0,-,-,-,-,-,-,-,-,-,-,-,-,-,PRICE_OI,Daywise_Price_and_OI_Summary_25AUG26_Report_2026-08-04.xlsx,,,,,,,,,,,,,,,,,,,,,,,,,,,,,,,,,,,,,,,,,,,,,,,,,,,,,,,,,,,,,,,,,,,
SENSEX,0.81,79101.1,79183.65,78490.0,78645.0,-320.1,-0.41,0.46,4.42,-123,-6.44,-0.03,-2.04,108,1.11,-119,-0.84,-227,PRICE_OI,Daywise_Price_and_OI_Summary_25AUG26_Report_2026-08-04.xlsx,,,,,,,,,,,,,,,,,,,,,,,,,,,,,,,,,,,,,,,,,,,,,,,,,,,,,,,,,,,,,,,,,,,
SHREECEM,4.25,26470.0,26885.0,26410.0,26810.0,345,1.3,-1.28,-5.46,124,0.84,-0.04,-4.26,-59,-2.23,-148,-5.97,-89,PRICE_OI,Daywise_Price_and_OI_Summary_25AUG26_Report_2026-08-04.xlsx,,,,,,,,,,,,,,,,,,,,,,,,,,,,,,,,,,,,,,,,,,,,,,,,,,,,,,,,,,,,,,,,,,,
SHRIRAMFIN,5.88,1083.0,1093.9,1078.1,1082.1,1.7,0.16,1.19,4.03,399,1.27,-0.01,-1.89,840,6.53,321,4.72,-519,PRICE_OI,Daywise_Price_and_OI_Summary_25AUG26_Report_2026-08-04.xlsx,,,,,,,,,,,,,,,,,,,,,,,,,,,,,,,,,,,,,,,,,,,,,,,,,,,,,,,,,,,,,,,,,,,
SIEMENS,7.21,3949.9,4085.0,3932.3,4017.0,90.5,2.3,-0.45,-1.18,-416,-2.06,-0.04,-5.13,1575,23.46,894,17.17,-681,PRICE_OI,Daywise_Price_and_OI_Summary_25AUG26_Report_2026-08-04.xlsx,,,,,,,,,,,,,,,,,,,,,,,,,,,,,,,,,,,,,,,,,,,,,,,,,,,,,,,,,,,,,,,,,,,
SOLARINDS,6.68,18682.0,18864.0,18593.0,18792.0,167,0.9,-0.21,-0.6,-216,-1.35,-0.05,-5.88,221,6.77,4,0.14,-217,PRICE_OI,Daywise_Price_and_OI_Summary_25AUG26_Report_2026-08-04.xlsx,,,,,,,,,,,,,,,,,,,,,,,,,,,,,,,,,,,,,,,,,,,,,,,,,,,,,,,,,,,,,,,,,,,
SONACOMS,5.72,780.0,790.0,772.5,785.45,7.2,0.93,-0.89,-2.89,211,2.45,0.02,2.38,163,4.69,220,7.56,57,PRICE_OI,Daywise_Price_and_OI_Summary_25AUG26_Report_2026-08-04.xlsx,,,,,,,,,,,,,,,,,,,,,,,,,,,,,,,,,,,,,,,,,,,,,,,,,,,,,,,,,,,,,,,,,,,
SRF,4.95,2650.1,2667.8,2627.1,2635.3,-14.7,-0.55,-0.87,-3.26,283,1.25,0,0,579,4.27,322,5.19,-257,PRICE_OI,Daywise_Price_and_OI_Summary_25AUG26_Report_2026-08-04.xlsx,,,,,,,,,,,,,,,,,,,,,,,,,,,,,,,,,,,,,,,,,,,,,,,,,,,,,,,,,,,,,,,,,,,
SUNPHARMA,3.45,1957.2,1971.6,1955.2,1961.7,7,0.36,0.31,1.75,-217,-0.55,0,0,-866,-4.04,-456,-3.54,410,PRICE_OI,Daywise_Price_and_OI_Summary_25AUG26_Report_2026-08-04.xlsx,,,,,,,,,,,,,,,,,,,,,,,,,,,,,,,,,,,,,,,,,,,,,,,,,,,,,,,,,,,,,,,,,,,
SUPREMEIND,5.67,3539.9,3580.0,3510.0,3518.9,-18.6,-0.53,0.67,2.31,-20,-0.15,-0.05,-6.17,698,18.22,334,10.72,-364,PRICE_OI,Daywise_Price_and_OI_Summary_25AUG26_Report_2026-08-04.xlsx,,,,,,,,,,,,,,,,,,,,,,,,,,,,,,,,,,,,,,,,,,,,,,,,,,,,,,,,,,,,,,,,,,,
SUZLON,7.32,49.01,49.42,48.14,48.44,-0.82,-1.66,1.73,4.79,400,1.11,-0.04,-7.55,1363,8.2,54,0.61,-1309,PRICE_OI,Daywise_Price_and_OI_Summary_25AUG26_Report_2026-08-04.xlsx,,,,,,,,,,,,,,,,,,,,,,,,,,,,,,,,,,,,,,,,,,,,,,,,,,,,,,,,,,,,,,,,,,,
SWIGGY,8.18,286.65,293.8,285.15,289.65,2.5,0.87,0.8,1.91,-624,-1.69,0.01,1.43,-604,-3.96,-227,-2.14,377,PRICE_OI,Daywise_Price_and_OI_Summary_25AUG26_Report_2026-08-04.xlsx,,,,,,,,,,,,,,,,,,,,,,,,,,,,,,,,,,,,,,,,,,,,,,,,,,,,,,,,,,,,,,,,,,,
TATACONSUM,4.29,1099.6,1104.8,1082.0,1089.3,-10.3,-0.94,1.11,5.2,-27,-0.09,-0.01,-1.61,298,3.94,111,2.37,-187,PRICE_OI,Daywise_Price_and_OI_Summary_25AUG26_Report_2026-08-04.xlsx,,,,,,,,,,,,,,,,,,,,,,,,,,,,,,,,,,,,,,,,,,,,,,,,,,,,,,,,,,,,,,,,,,,
TATAELXSI,6.1,3798.0,3798.0,3745.6,3752.0,-19.7,-0.52,-0.21,-0.66,-202,-1.05,-0.02,-3.17,-254,-2.55,-273,-4.38,-19,PRICE_OI,Daywise_Price_and_OI_Summary_25AUG26_Report_2026-08-04.xlsx,,,,,,,,,,,,,,,,,,,,,,,,,,,,,,,,,,,,,,,,,,,,,,,,,,,,,,,,,,,,,,,,,,,
TATAPOWER,3.83,382.65,385.65,381.5,382.4,-0.85,-0.22,-0.05,-0.25,25,0.06,-0.01,-1.32,560,3.24,90,0.68,-470,PRICE_OI,Daywise_Price_and_OI_Summary_25AUG26_Report_2026-08-04.xlsx,,,,,,,,,,,,,,,,,,,,,,,,,,,,,,,,,,,,,,,,,,,,,,,,,,,,,,,,,,,,,,,,,,,
TATASTEEL,4.46,191.69,193.37,190.35,191.54,1.17,0.61,-0.03,-0.13,152,0.25,0,0,543,2.11,474,2.55,-69,PRICE_OI,Daywise_Price_and_OI_Summary_25AUG26_Report_2026-08-04.xlsx,,,,,,,,,,,,,,,,,,,,,,,,,,,,,,,,,,,,,,,,,,,,,,,,,,,,,,,,,,,,,,,,,,,
TCS,4.87,2473.0,2474.0,2442.5,2457.4,-7.2,-0.29,-0.39,-1.51,-3044,-2.18,0.02,2.3,349,0.7,1199,2.75,850,PRICE_OI,Daywise_Price_and_OI_Summary_25AUG26_Report_2026-08-04.xlsx,,,,,,,,,,,,,,,,,,,,,,,,,,,,,,,,,,,,,,,,,,,,,,,,,,,,,,,,,,,,,,,,,,,
TECHM,5.04,1666.9,1666.9,1642.2,1651.9,-5.8,-0.35,-0.63,-2.35,0,0,0,0,202,2.05,168,2.63,-34,PRICE_OI,Daywise_Price_and_OI_Summary_25AUG26_Report_2026-08-04.xlsx,,,,,,,,,,,,,,,,,,,,,,,,,,,,,,,,,,,,,,,,,,,,,,,,,,,,,,,,,,,,,,,,,,,
TIINDIA,7.22,2782.0,2809.9,2738.3,2748.8,0,0,0.45,1.21,237,2.14,-0.11,-14.67,294,19.25,26,2.28,-268,PRICE_OI,Daywise_Price_and_OI_Summary_25AUG26_Report_2026-08-04.xlsx,,,,,,,,,,,,,,,,,,,,,,,,,,,,,,,,,,,,,,,,,,,,,,,,,,,,,,,,,,,,,,,,,,,
TITAN,4.55,4924.0,4927.4,4865.1,4897.7,-0.1,0,0.54,2.33,-447,-1.47,-0.02,-2.53,647,4.13,313,2.54,-334,PRICE_OI,Daywise_Price_and_OI_Summary_25AUG26_Report_2026-08-04.xlsx,,,,,,,,,,,,,,,,,,,,,,,,,,,,,,,,,,,,,,,,,,,,,,,,,,,,,,,,,,,,,,,,,,,
TMPV,6.43,349.9,350.8,345.1,345.95,-2.15,-0.62,1.08,3.32,-296,-0.63,0,0,213,1.09,130,0.88,-83,PRICE_OI,Daywise_Price_and_OI_Summary_25AUG26_Report_2026-08-04.xlsx,,,,,,,,,,,,,,,,,,,,,,,,,,,,,,,,,,,,,,,,,,,,,,,,,,,,,,,,,,,,,,,,,,,
TORNTPHARM,4.55,5045.0,5082.0,5020.0,5064.5,18.5,0.37,-0.95,-3.84,-752,-2.52,0,0,-257,-3.18,-91,-1.99,166,PRICE_OI,Daywise_Price_and_OI_Summary_25AUG26_Report_2026-08-04.xlsx,,,,,,,,,,,,,,,,,,,,,,,,,,,,,,,,,,,,,,,,,,,,,,,,,,,,,,,,,,,,,,,,,,,
TRENT,6.74,3062.0,3122.0,3057.6,3080.8,27.4,0.9,0.39,1.13,-546,-1.15,-0.06,-7.59,2191,20.6,1036,12.36,-1155,PRICE_OI,Daywise_Price_and_OI_Summary_25AUG26_Report_2026-08-04.xlsx,,,,,,,,,,,,,,,,,,,,,,,,,,,,,,,,,,,,,,,,,,,,,,,,,,,,,,,,,,,,,,,,,,,
TVSMOTOR,4.94,4350.0,4402.5,4350.0,4369.9,24.5,0.56,0.05,0.19,-1818,-3.44,0.01,0.97,-33,-0.22,162,1.05,195,PRICE_OI,Daywise_Price_and_OI_Summary_25AUG26_Report_2026-08-04.xlsx,,,,,,,,,,,,,,,,,,,,,,,,,,,,,,,,,,,,,,,,,,,,,,,,,,,,,,,,,,,,,,,,,,,
ULTRACEMCO,3.7,12024.0,12039.0,11936.0,12008.0,-16,-0.13,-1.14,-5.57,-186,-0.58,0,0,206,1.95,42,0.79,-164,PRICE_OI,Daywise_Price_and_OI_Summary_25AUG26_Report_2026-08-04.xlsx,,,,,,,,,,,,,,,,,,,,,,,,,,,,,,,,,,,,,,,,,,,,,,,,,,,,,,,,,,,,,,,,,,,
UNIONBANK,5.76,175.0,175.68,172.52,174.24,0.43,0.25,-1.16,-3.72,-131,-0.49,-0.01,-1.14,204,3.06,132,2.26,-72,PRICE_OI,Daywise_Price_and_OI_Summary_25AUG26_Report_2026-08-04.xlsx,,,,,,,,,,,,,,,,,,,,,,,,,,,,,,,,,,,,,,,,,,,,,,,,,,,,,,,,,,,,,,,,,,,
UNITDSPR,4.36,1536.8,1556.0,1527.6,1535.6,4.5,0.29,1.71,8.12,-268,-1.38,-0.04,-4.21,137,2.64,-55,-1.12,-192,PRICE_OI,Daywise_Price_and_OI_Summary_25AUG26_Report_2026-08-04.xlsx,,,,,,,,,,,,,,,,,,,,,,,,,,,,,,,,,,,,,,,,,,,,,,,,,,,,,,,,,,,,,,,,,,,
UNOMINDA,6.33,1221.8,1249.0,1205.0,1232.6,15.7,1.29,-4.97,-13.14,87,1.04,-0.06,-7.32,620,21.88,287,12.29,-333,PRICE_OI,Daywise_Price_and_OI_Summary_25AUG26_Report_2026-08-04.xlsx,,,,,,,,,,,,,,,,,,,,,,,,,,,,,,,,,,,,,,,,,,,,,,,,,,,,,,,,,,,,,,,,,,,
UPL,5.58,616.2,618.0,581.65,585.05,-34.4,-5.55,-6.61,-18.65,1816,7.94,-0.13,-20.63,6436,87.04,2312,49.69,-4124,PRICE_OI,Daywise_Price_and_OI_Summary_25AUG26_Report_2026-08-04.xlsx,,,,,,,,,,,,,,,,,,,,,,,,,,,,,,,,,,,,,,,,,,,,,,,,,,,,,,,,,,,,,,,,,,,
VBL,5.33,446.05,449.0,440.75,442.3,-4.85,-1.08,0.02,0.07,595,1.41,-0.02,-4.08,812,4.57,-12,-0.14,-824,PRICE_OI,Daywise_Price_and_OI_Summary_25AUG26_Report_2026-08-04.xlsx,,,,,,,,,,,,,,,,,,,,,,,,,,,,,,,,,,,,,,,,,,,,,,,,,,,,,,,,,,,,,,,,,,,
VEDL,5.83,267.7,273.25,265.35,269.65,3.15,1.18,0.79,2.66,286,0.66,-0.02,-3.45,641,2.64,-304,-2.15,-945,PRICE_OI,Daywise_Price_and_OI_Summary_25AUG26_Report_2026-08-04.xlsx,,,,,,,,,,,,,,,,,,,,,,,,,,,,,,,,,,,,,,,,,,,,,,,,,,,,,,,,,,,,,,,,,,,
VMM,5.77,112.29,113.37,111.57,111.86,0.45,0.4,-1.41,-4.5,415,4.47,-0.04,-6.25,280,16.18,99,8.93,-181,PRICE_OI,Daywise_Price_and_OI_Summary_25AUG26_Report_2026-08-04.xlsx,,,,,,,,,,,,,,,,,,,,,,,,,,,,,,,,,,,,,,,,,,,,,,,,,,,,,,,,,,,,,,,,,,,
VOLTAS,6.8,1334.0,1364.9,1313.7,1320.6,-16.8,-1.26,2.78,8.48,79,0.42,-0.05,-4.42,459,13.14,308,7.8,-151,PRICE_OI,Daywise_Price_and_OI_Summary_25AUG26_Report_2026-08-04.xlsx,,,,,,,,,,,,,,,,,,,,,,,,,,,,,,,,,,,,,,,,,,,,,,,,,,,,,,,,,,,,,,,,,,,
WAAREEENER,5.9,2654.0,2696.5,2654.0,2682.0,22.7,0.85,0.08,0.26,-1269,-2.89,0.02,3.64,-850,-4.72,-153,-1.55,697,PRICE_OI,Daywise_Price_and_OI_Summary_25AUG26_Report_2026-08-04.xlsx,,,,,,,,,,,,,,,,,,,,,,,,,,,,,,,,,,,,,,,,,,,,,,,,,,,,,,,,,,,,,,,,,,,
WIPRO,5.09,189.78,189.78,187.35,188.45,-0.9,-0.48,-0.53,-1.95,-2070,-2.8,0.02,2.99,-239,-1.12,262,1.84,501,PRICE_OI,Daywise_Price_and_OI_Summary_25AUG26_Report_2026-08-04.xlsx,,,,,,,,,,,,,,,,,,,,,,,,,,,,,,,,,,,,,,,,,,,,,,,,,,,,,,,,,,,,,,,,,,,
YESBANK,5.15,22.91,23.09,22.82,22.91,0,0,0.39,1.48,-300,-0.79,-0.01,-1.64,266,2.77,73,1.24,-193,PRICE_OI,Daywise_Price_and_OI_Summary_25AUG26_Report_2026-08-04.xlsx,,,,,,,,,,,,,,,,,,,,,,,,,,,,,,,,,,,,,,,,,,,,,,,,,,,,,,,,,,,,,,,,,,,
ZYDUSLIFE,5.78,1126.5,1130.8,1116.8,1119.5,1.5,0.13,1.86,6.57,-25,-0.22,-0.01,-1.32,68,3.53,39,2.66,-29,PRICE_OI,Daywise_Price_and_OI_Summary_25AUG26_Report_2026-08-04.xlsx,,,,,,,,,,,,,,,,,,,,,,,,,,,,,,,,,,,,,,,,,,,,,,,,,,,,,,,,,,,,,,,,,,,
360ONE,6.16,1175.0,1189.4,1168.9,1186.9,22.0,1.89,-0.04,-0.12,38,0.46,-0.01,-1.72,298,9.86,121,6.89,-177,PRICE_OI,Daywise_Price_and_OI_Summary_25AUG26_Report_2026-08-05 (1).xlsx,,,,,,,,,,,,,,,,,,,,,,,,,,,,,,,,,,,,,,,,,,,,,,,,,,,,,,,,,,,,,,,,,,,
ABB,5.97,7725.0,7760.0,7680.0,7733.5,40.0,0.52,1.27,4.07,25,0.14,0.0,0.0,236,1.62,167,1.98,-69,PRICE_OI,Daywise_Price_and_OI_Summary_25AUG26_Report_2026-08-05 (1).xlsx,,,,,,,,,,,,,,,,,,,,,,,,,,,,,,,,,,,,,,,,,,,,,,,,,,,,,,,,,,,,,,,,,,,
ABCAPITAL,5.35,421.65,427.5,420.6,425.1,6.6,1.58,1.73,6.36,49,0.41,0.03,4.35,-202,-3.08,58,1.29,260,PRICE_OI,Daywise_Price_and_OI_Summary_25AUG26_Report_2026-08-05 (1).xlsx,,,,,,,,,,,,,,,,,,,,,,,,,,,,,,,,,,,,,,,,,,,,,,,,,,,,,,,,,,,,,,,,,,,
ADANIENSOL,6.28,1657.0,1660.6,1644.4,1656.9,9.4,0.57,-1.33,-4.07,58,0.2,0.0,0.0,16,0.27,-4,-0.12,-20,PRICE_OI,Daywise_Price_and_OI_Summary_25AUG26_Report_2026-08-05 (1).xlsx,,,,,,,,,,,,,,,,,,,,,,,,,,,,,,,,,,,,,,,,,,,,,,,,,,,,,,,,,,,,,,,,,,,
ADANIENT,5.44,3059.0,3098.3,3059.0,3087.3,43.2,1.42,-1.64,-5.39,-387,-0.75,0.01,1.23,-196,-1.47,-14,-0.13,182,PRICE_OI,Daywise_Price_and_OI_Summary_25AUG26_Report_2026-08-05 (1).xlsx,,,,,,,,,,,,,,,,,,,,,,,,,,,,,,,,,,,,,,,,,,,,,,,,,,,,,,,,,,,,,,,,,,,
ADANIGREEN,6.72,1400.2,1412.3,1393.5,1400.4,8.0,0.57,-0.16,-0.45,84,0.19,0.0,0.0,105,0.78,-14,-0.17,-119,PRICE_OI,Daywise_Price_and_OI_Summary_25AUG26_Report_2026-08-05 (1).xlsx,,,,,,,,,,,,,,,,,,,,,,,,,,,,,,,,,,,,,,,,,,,,,,,,,,,,,,,,,,,,,,,,,,,
ADANIPORTS,4.86,1706.0,1712.0,1694.3,1710.0,10.6,0.62,-0.14,-0.54,88,0.2,-0.01,-1.72,72,0.26,-53,-0.34,-125,PRICE_OI,Daywise_Price_and_OI_Summary_25AUG26_Report_2026-08-05 (1).xlsx,,,,,,,,,,,,,,,,,,,,,,,,,,,,,,,,,,,,,,,,,,,,,,,,,,,,,,,,,,,,,,,,,,,
ADANIPOWER,6.62,212.2,212.3,211.0,211.34,0.46,0.22,1.13,3.29,42,0.1,0.0,0.0,87,0.79,33,0.48,-54,PRICE_OI,Daywise_Price_and_OI_Summary_25AUG26_Report_2026-08-05 (1).xlsx,,,,,,,,,,,,,,,,,,,,,,,,,,,,,,,,,,,,,,,,,,,,,,,,,,,,,,,,,,,,,,,,,,,
ALKEM,5.66,5665.5,5686.5,5590.0,5618.0,-62.0,-1.09,-0.1,-0.33,15,0.13,0.0,0.0,-73,-1.88,-5,-0.25,68,PRICE_OI,Daywise_Price_and_OI_Summary_25AUG26_Report_2026-08-05 (1).xlsx,,,,,,,,,,,,,,,,,,,,,,,,,,,,,,,,,,,,,,,,,,,,,,,,,,,,,,,,,,,,,,,,,,,
AMBER,7.21,7435.0,7490.0,7419.0,7485.0,89.5,1.21,-0.18,-0.47,-84,-0.68,-0.01,-0.79,54,0.63,1,0.01,-53,PRICE_OI,Daywise_Price_and_OI_Summary_25AUG26_Report_2026-08-05 (1).xlsx,,,,,,,,,,,,,,,,,,,,,,,,,,,,,,,,,,,,,,,,,,,,,,,,,,,,,,,,,,,,,,,,,,,
AMBUJACEM,4.77,440.55,448.0,440.55,445.85,5.9,1.34,1.42,5.84,146,0.22,-0.01,-1.47,89,0.88,-4,-0.06,-93,PRICE_OI,Daywise_Price_and_OI_Summary_25AUG26_Report_2026-08-05 (1).xlsx,,,,,,,,,,,,,,,,,,,,,,,,,,,,,,,,,,,,,,,,,,,,,,,,,,,,,,,,,,,,,,,,,,,
ANGELONE,6.82,303.3,303.45,295.55,299.15,-1.2,-0.4,-0.25,-0.69,174,1.55,-0.01,-1.75,282,3.62,31,0.7,-251,PRICE_OI,Daywise_Price_and_OI_Summary_25AUG26_Report_2026-08-05 (1).xlsx,,,,,,,,,,,,,,,,,,,,,,,,,,,,,,,,,,,,,,,,,,,,,,,,,,,,,,,,,,,,,,,,,,,
APLAPOLLO,4.96,1944.0,1948.0,1917.7,1917.7,-12.8,-0.66,0.16,0.61,-10,-0.06,0.02,2.3,-122,-2.16,7,0.14,129,PRICE_OI,Daywise_Price_and_OI_Summary_25AUG26_Report_2026-08-05 (1).xlsx,,,,,,,,,,,,,,,,,,,,,,,,,,,,,,,,,,,,,,,,,,,,,,,,,,,,,,,,,,,,,,,,,,,
APOLLOHOSP,4.75,8899.5,8946.0,8827.0,8867.5,-18.5,-0.21,0.82,3.38,139,0.9,-0.01,-1.54,274,3.91,70,1.53,-204,PRICE_OI,Daywise_Price_and_OI_Summary_25AUG26_Report_2026-08-05 (1).xlsx,,,,,,,,,,,,,,,,,,,,,,,,,,,,,,,,,,,,,,,,,,,,,,,,,,,,,,,,,,,,,,,,,,,
ASHOKLEY,6.53,175.1,178.0,173.65,177.33,4.05,2.34,1.27,3.74,259,0.91,0.01,1.1,356,3.22,426,4.22,70,PRICE_OI,Daywise_Price_and_OI_Summary_25AUG26_Report_2026-08-05 (1).xlsx,,,,,,,,,,,,,,,,,,,,,,,,,,,,,,,,,,,,,,,,,,,,,,,,,,,,,,,,,,,,,,,,,,,
ASIANPAINT,4.24,2784.5,2789.4,2756.8,2769.0,21.7,0.79,-0.45,-1.97,205,0.69,-0.01,-1.39,77,0.4,-133,-0.94,-210,PRICE_OI,Daywise_Price_and_OI_Summary_25AUG26_Report_2026-08-05 (1).xlsx,,,,,,,,,,,,,,,,,,,,,,,,,,,,,,,,,,,,,,,,,,,,,,,,,,,,,,,,,,,,,,,,,,,
ASTRAL,6.09,1436.2,1442.9,1436.2,1437.1,-1.2,-0.08,0.32,1.01,18,0.11,-0.01,-1.49,97,2.45,18,0.67,-79,PRICE_OI,Daywise_Price_and_OI_Summary_25AUG26_Report_2026-08-05 (1).xlsx,,,,,,,,,,,,,,,,,,,,,,,,,,,,,,,,,,,,,,,,,,,,,,,,,,,,,,,,,,,,,,,,,,,
AUBANK,4.54,1053.0,1056.0,1046.8,1055.4,11.2,1.07,-0.37,-1.52,13,0.06,-0.01,-1.37,100,2.26,45,1.4,-55,PRICE_OI,Daywise_Price_and_OI_Summary_25AUG26_Report_2026-08-05 (1).xlsx,,,,,,,,,,,,,,,,,,,,,,,,,,,,,,,,,,,,,,,,,,,,,,,,,,,,,,,,,,,,,,,,,,,
AUROPHARMA,6.11,1594.1,1594.1,1573.0,1583.1,-5.5,-0.35,-0.19,-0.58,69,0.36,0.01,1.43,31,0.54,48,1.2,17,PRICE_OI,Daywise_Price_and_OI_Summary_25AUG26_Report_2026-08-05 (1).xlsx,,,,,,,,,,,,,,,,,,,,,,,,,,,,,,,,,,,,,,,,,,,,,,,,,,,,,,,,,,,,,,,,,,,
AXISBANK,3.49,1256.9,1265.6,1256.9,1259.3,7.3,0.58,-0.01,-0.05,-3,0.0,0.02,2.9,-796,-2.6,74,0.35,870,PRICE_OI,Daywise_Price_and_OI_Summary_25AUG26_Report_2026-08-05 (1).xlsx,,,,,,,,,,,,,,,,,,,,,,,,,,,,,,,,,,,,,,,,,,,,,,,,,,,,,,,,,,,,,,,,,,,
BAJAJ-AUTO,4.18,11624.0,11674.0,11590.0,11660.0,61.0,0.53,0.05,0.23,65,0.26,0.01,0.63,30,0.2,235,1.0,205,PRICE_OI,Daywise_Price_and_OI_Summary_25AUG26_Report_2026-08-05 (1).xlsx,,,,,,,,,,,,,,,,,,,,,,,,,,,,,,,,,,,,,,,,,,,,,,,,,,,,,,,,,,,,,,,,,,,
BAJAJFINSV,4.15,2096.1,2122.8,2092.3,2108.9,25.4,1.22,-0.33,-1.47,190,0.71,0.05,5.68,-256,-1.31,708,4.12,964,PRICE_OI,Daywise_Price_and_OI_Summary_25AUG26_Report_2026-08-05 (1).xlsx,,,,,,,,,,,,,,,,,,,,,,,,,,,,,,,,,,,,,,,,,,,,,,,,,,,,,,,,,,,,,,,,,,,
BAJAJHLDNG,5.43,11465.0,11681.0,11465.0,11576.0,234.0,2.06,0.96,3.37,27,0.57,0.07,10.45,-76,-6.04,35,4.16,111,PRICE_OI,Daywise_Price_and_OI_Summary_25AUG26_Report_2026-08-05 (1).xlsx,,,,,,,,,,,,,,,,,,,,,,,,,,,,,,,,,,,,,,,,,,,,,,,,,,,,,,,,,,,,,,,,,,,
BAJFINANCE,4.59,1155.0,1168.5,1151.7,1157.5,12.6,1.1,-0.14,-0.57,291,0.41,0.05,5.32,-583,-2.04,790,2.93,1373,PRICE_OI,Daywise_Price_and_OI_Summary_25AUG26_Report_2026-08-05 (1).xlsx,,,,,,,,,,,,,,,,,,,,,,,,,,,,,,,,,,,,,,,,,,,,,,,,,,,,,,,,,,,,,,,,,,,
BANDHANBNK,6.52,174.25,175.48,174.25,174.51,1.26,0.73,-0.22,-0.63,-136,-0.37,0.01,1.92,-131,-0.78,-51,-0.58,80,PRICE_OI,Daywise_Price_and_OI_Summary_25AUG26_Report_2026-08-05 (1).xlsx,,,,,,,,,,,,,,,,,,,,,,,,,,,,,,,,,,,,,,,,,,,,,,,,,,,,,,,,,,,,,,,,,,,
BANKBARODA,4.89,249.0,251.03,248.4,250.24,3.6,1.46,-0.01,-0.04,-83,-0.19,-0.01,-1.04,323,2.34,177,1.33,-146,PRICE_OI,Daywise_Price_and_OI_Summary_25AUG26_Report_2026-08-05 (1).xlsx,,,,,,,,,,,,,,,,,,,,,,,,,,,,,,,,,,,,,,,,,,,,,,,,,,,,,,,,,,,,,,,,,,,
BANKEX,2.73,65598.8,65598.8,65532.2,65532.2,0.0,0.0,0.63,5.04,0,0.0,0.06,4.55,9,2.22,35,6.54,26,PRICE_OI,Daywise_Price_and_OI_Summary_25AUG26_Report_2026-08-05 (1).xlsx,,,,,,,,,,,,,,,,,,,,,,,,,,,,,,,,,,,,,,,,,,,,,,,,,,,,,,,,,,,,,,,,,,,
BANKINDIA,6.04,141.25,143.26,141.2,142.79,2.55,1.82,0.52,1.66,-345,-1.87,0.03,3.66,-6,-0.09,178,3.19,184,PRICE_OI,Daywise_Price_and_OI_Summary_25AUG26_Report_2026-08-05 (1).xlsx,,,,,,,,,,,,,,,,,,,,,,,,,,,,,,,,,,,,,,,,,,,,,,,,,,,,,,,,,,,,,,,,,,,
BANKNIFTY,2.28,57980.0,58143.0,57864.2,58100.0,383.6,0.66,-0.53,-4.18,-821,-1.15,0.02,2.35,-1950,-0.46,6076,1.7,8026,PRICE_OI,Daywise_Price_and_OI_Summary_25AUG26_Report_2026-08-05 (1).xlsx,,,,,,,,,,,,,,,,,,,,,,,,,,,,,,,,,,,,,,,,,,,,,,,,,,,,,,,,,,,,,,,,,,,
BDL,7.39,1261.6,1277.2,1261.6,1268.1,13.2,1.05,0.02,0.05,-123,-0.73,0.01,1.27,-98,-1.74,-11,-0.25,87,PRICE_OI,Daywise_Price_and_OI_Summary_25AUG26_Report_2026-08-05 (1).xlsx,,,,,,,,,,,,,,,,,,,,,,,,,,,,,,,,,,,,,,,,,,,,,,,,,,,,,,,,,,,,,,,,,,,
BEL,4.74,393.1,393.8,392.0,392.4,0.15,0.04,0.06,0.24,-4,-0.01,0.0,0.0,304,0.72,176,0.71,-128,PRICE_OI,Daywise_Price_and_OI_Summary_25AUG26_Report_2026-08-05 (1).xlsx,,,,,,,,,,,,,,,,,,,,,,,,,,,,,,,,,,,,,,,,,,,,,,,,,,,,,,,,,,,,,,,,,,,
BHARATFORG,6.21,2202.8,2232.9,2192.6,2224.0,29.0,1.32,-0.23,-0.69,47,0.3,0.04,4.94,-105,-2.37,97,2.7,202,PRICE_OI,Daywise_Price_and_OI_Summary_25AUG26_Report_2026-08-05 (1).xlsx,,,,,,,,,,,,,,,,,,,,,,,,,,,,,,,,,,,,,,,,,,,,,,,,,,,,,,,,,,,,,,,,,,,
BHARTIARTL,3.65,2015.5,2024.4,1966.0,1966.8,2.5,0.13,-1.28,-6.2,1243,1.08,-0.1,-16.95,9451,40.15,2193,15.77,-7258,PRICE_OI,Daywise_Price_and_OI_Summary_25AUG26_Report_2026-08-05 (1).xlsx,,,,,,,,,,,,,,,,,,,,,,,,,,,,,,,,,,,,,,,,,,,,,,,,,,,,,,,,,,,,,,,,,,,
BHEL,6.52,411.7,415.75,408.5,414.7,4.4,1.07,1.11,3.29,-7,-0.02,0.01,1.59,-175,-1.55,70,0.99,245,PRICE_OI,Daywise_Price_and_OI_Summary_25AUG26_Report_2026-08-05 (1).xlsx,,,,,,,,,,,,,,,,,,,,,,,,,,,,,,,,,,,,,,,,,,,,,,,,,,,,,,,,,,,,,,,,,,,
BIOCON,5.78,428.7,428.7,425.6,427.95,2.0,0.47,-0.52,-1.67,18,0.09,0.01,1.39,49,0.74,109,2.26,60,PRICE_OI,Daywise_Price_and_OI_Summary_25AUG26_Report_2026-08-05 (1).xlsx,,,,,,,,,,,,,,,,,,,,,,,,,,,,,,,,,,,,,,,,,,,,,,,,,,,,,,,,,,,,,,,,,,,
BLUESTARCO,7.36,1682.9,1699.9,1660.0,1698.3,29.4,1.76,0.43,1.12,39,0.37,0.02,2.27,10,0.57,32,2.08,22,PRICE_OI,Daywise_Price_and_OI_Summary_25AUG26_Report_2026-08-05 (1).xlsx,,,,,,,,,,,,,,,,,,,,,,,,,,,,,,,,,,,,,,,,,,,,,,,,,,,,,,,,,,,,,,,,,,,
BOSCHLTD,6.08,41700.0,42650.0,41505.0,42500.0,1050.0,2.53,2.35,7.94,37,0.45,0.18,16.51,-20,-0.7,509,16.32,529,PRICE_OI,Daywise_Price_and_OI_Summary_25AUG26_Report_2026-08-05 (1).xlsx,,,,,,,,,,,,,,,,,,,,,,,,,,,,,,,,,,,,,,,,,,,,,,,,,,,,,,,,,,,,,,,,,,,
BPCL,5.22,326.15,329.65,325.9,327.05,5.25,1.63,-0.25,-0.9,56,0.28,0.04,5.88,-178,-3.46,43,1.22,221,PRICE_OI,Daywise_Price_and_OI_Summary_25AUG26_Report_2026-08-05 (1).xlsx,,,,,,,,,,,,,,,,,,,,,,,,,,,,,,,,,,,,,,,,,,,,,,,,,,,,,,,,,,,,,,,,,,,
BRITANNIA,5.21,5445.5,5445.5,5412.0,5423.5,-1.0,-0.02,0.68,2.5,94,0.63,0.0,0.0,79,1.36,11,0.28,-68,PRICE_OI,Daywise_Price_and_OI_Summary_25AUG26_Report_2026-08-05 (1).xlsx,,,,,,,,,,,,,,,,,,,,,,,,,,,,,,,,,,,,,,,,,,,,,,,,,,,,,,,,,,,,,,,,,,,
BSE,7.12,3664.0,3664.1,3550.2,3590.6,-14.6,-0.4,-5.52,-12.81,3009,7.09,-0.03,-4.84,6717,20.37,2785,13.61,-3932,PRICE_OI,Daywise_Price_and_OI_Summary_25AUG26_Report_2026-08-05 (1).xlsx,,,,,,,,,,,,,,,,,,,,,,,,,,,,,,,,,,,,,,,,,,,,,,,,,,,,,,,,,,,,,,,,,,,
CAMS,5.43,812.4,816.95,808.4,812.15,4.55,0.56,-0.01,-0.03,-46,-0.51,0.02,4.0,-111,-1.62,110,3.23,221,PRICE_OI,Daywise_Price_and_OI_Summary_25AUG26_Report_2026-08-05 (1).xlsx,,,,,,,,,,,,,,,,,,,,,,,,,,,,,,,,,,,,,,,,,,,,,,,,,,,,,,,,,,,,,,,,,,,
CANBK,5.53,129.17,130.6,128.63,130.14,2.17,1.7,0.32,1.1,-10,-0.02,0.05,6.67,-840,-7.18,-99,-1.13,741,PRICE_OI,Daywise_Price_and_OI_Summary_25AUG26_Report_2026-08-05 (1).xlsx,,,,,,,,,,,,,,,,,,,,,,,,,,,,,,,,,,,,,,,,,,,,,,,,,,,,,,,,,,,,,,,,,,,
CDSL,5.64,1350.0,1350.0,1343.2,1345.4,5.6,0.42,-1.34,-4.24,75,0.34,0.01,1.45,98,0.71,188,1.97,90,PRICE_OI,Daywise_Price_and_OI_Summary_25AUG26_Report_2026-08-05 (1).xlsx,,,,,,,,,,,,,,,,,,,,,,,,,,,,,,,,,,,,,,,,,,,,,,,,,,,,,,,,,,,,,,,,,,,
CGPOWER,6.4,889.0,894.0,883.2,887.0,4.7,0.53,0.24,0.71,147,0.62,0.02,3.39,-378,-3.23,47,0.68,425,PRICE_OI,Daywise_Price_and_OI_Summary_25AUG26_Report_2026-08-05 (1).xlsx,,,,,,,,,,,,,,,,,,,,,,,,,,,,,,,,,,,,,,,,,,,,,,,,,,,,,,,,,,,,,,,,,,,
CHOLAFIN,5.7,1889.8,1911.0,1883.2,1888.3,20.3,1.09,0.08,0.26,257,1.25,0.05,5.88,-121,-2.21,127,2.72,248,PRICE_OI,Daywise_Price_and_OI_Summary_25AUG26_Report_2026-08-05 (1).xlsx,,,,,,,,,,,,,,,,,,,,,,,,,,,,,,,,,,,,,,,,,,,,,,,,,,,,,,,,,,,,,,,,,,,
CIPLA,3.95,1443.1,1461.7,1443.1,1449.3,-10.5,-0.72,1.22,6.13,26,0.12,0.01,1.43,11,0.11,69,1.01,58,PRICE_OI,Daywise_Price_and_OI_Summary_25AUG26_Report_2026-08-05 (1).xlsx,,,,,,,,,,,,,,,,,,,,,,,,,,,,,,,,,,,,,,,,,,,,,,,,,,,,,,,,,,,,,,,,,,,
COALINDIA,3.67,416.5,418.9,413.7,415.15,-1.0,-0.24,0.2,1.03,41,0.07,0.02,2.9,191,0.82,733,4.58,542,PRICE_OI,Daywise_Price_and_OI_Summary_25AUG26_Report_2026-08-05 (1).xlsx,,,,,,,,,,,,,,,,,,,,,,,,,,,,,,,,,,,,,,,,,,,,,,,,,,,,,,,,,,,,,,,,,,,
COCHINSHIP,5.82,1448.0,1456.0,1446.3,1447.8,6.9,0.48,-0.31,-0.98,-20,-0.15,-0.01,-1.19,47,1.04,-27,-0.71,-74,PRICE_OI,Daywise_Price_and_OI_Summary_25AUG26_Report_2026-08-05 (1).xlsx,,,,,,,,,,,,,,,,,,,,,,,,,,,,,,,,,,,,,,,,,,,,,,,,,,,,,,,,,,,,,,,,,,,
COFORGE,6.23,1759.9,1773.8,1753.8,1762.5,12.8,0.73,0.54,1.65,-133,-0.47,0.03,3.13,-168,-1.18,249,1.82,417,PRICE_OI,Daywise_Price_and_OI_Summary_25AUG26_Report_2026-08-05 (1).xlsx,,,,,,,,,,,,,,,,,,,,,,,,,,,,,,,,,,,,,,,,,,,,,,,,,,,,,,,,,,,,,,,,,,,
COLPAL,4.49,2035.0,2039.7,2025.0,2039.7,12.7,0.63,0.07,0.3,30,0.16,0.0,0.0,10,0.08,-28,-0.49,-38,PRICE_OI,Daywise_Price_and_OI_Summary_25AUG26_Report_2026-08-05 (1).xlsx,,,,,,,,,,,,,,,,,,,,,,,,,,,,,,,,,,,,,,,,,,,,,,,,,,,,,,,,,,,,,,,,,,,
CONCOR,5.16,523.35,530.0,522.6,523.9,5.3,1.02,0.72,2.73,3,0.02,-0.01,-1.41,167,3.97,63,2.1,-104,PRICE_OI,Daywise_Price_and_OI_Summary_25AUG26_Report_2026-08-05 (1).xlsx,,,,,,,,,,,,,,,,,,,,,,,,,,,,,,,,,,,,,,,,,,,,,,,,,,,,,,,,,,,,,,,,,,,
CROMPTON,7.74,268.0,269.35,266.75,269.3,3.0,1.13,-0.12,-0.29,19,0.07,0.0,0.0,33,0.56,-1,-0.03,-34,PRICE_OI,Daywise_Price_and_OI_Summary_25AUG26_Report_2026-08-05 (1).xlsx,,,,,,,,,,,,,,,,,,,,,,,,,,,,,,,,,,,,,,,,,,,,,,,,,,,,,,,,,,,,,,,,,,,
CUMMINSIND,7.08,5543.0,5584.0,5490.0,5576.5,66.0,1.2,1.08,2.97,32,0.16,0.06,6.67,-85,-1.84,179,4.29,264,PRICE_OI,Daywise_Price_and_OI_Summary_25AUG26_Report_2026-08-05 (1).xlsx,,,,,,,,,,,,,,,,,,,,,,,,,,,,,,,,,,,,,,,,,,,,,,,,,,,,,,,,,,,,,,,,,,,
DABUR,4.49,415.9,415.9,408.05,410.25,1.3,0.32,-0.08,-0.33,219,0.95,0.0,0.0,304,1.89,266,2.73,-38,PRICE_OI,Daywise_Price_and_OI_Summary_25AUG26_Report_2026-08-05 (1).xlsx,,,,,,,,,,,,,,,,,,,,,,,,,,,,,,,,,,,,,,,,,,,,,,,,,,,,,,,,,,,,,,,,,,,
DALBHARAT,5.17,1832.3,1832.3,1819.2,1831.0,13.2,0.73,-0.23,-0.89,7,0.06,0.02,2.27,-2,-0.13,26,1.92,28,PRICE_OI,Daywise_Price_and_OI_Summary_25AUG26_Report_2026-08-05 (1).xlsx,,,,,,,,,,,,,,,,,,,,,,,,,,,,,,,,,,,,,,,,,,,,,,,,,,,,,,,,,,,,,,,,,,,
DELHIVERY,7.74,474.15,475.05,469.55,469.55,-2.0,-0.42,0.96,2.37,25,0.19,0.0,0.0,82,1.18,43,0.86,-39,PRICE_OI,Daywise_Price_and_OI_Summary_25AUG26_Report_2026-08-05 (1).xlsx,,,,,,,,,,,,,,,,,,,,,,,,,,,,,,,,,,,,,,,,,,,,,,,,,,,,,,,,,,,,,,,,,,,
DIVISLAB,4.56,8454.5,8465.0,8395.0,8424.5,-10.5,-0.12,0.7,2.99,145,0.41,0.01,0.95,-27,-0.16,66,0.38,93,PRICE_OI,Daywise_Price_and_OI_Summary_25AUG26_Report_2026-08-05 (1).xlsx,,,,,,,,,,,,,,,,,,,,,,,,,,,,,,,,,,,,,,,,,,,,,,,,,,,,,,,,,,,,,,,,,,,
DIXON,6.51,13910.0,14167.0,13902.0,14155.0,316.0,2.28,0.71,2.09,-150,-0.29,0.03,5.08,-1759,-4.66,43,0.19,1802,PRICE_OI,Daywise_Price_and_OI_Summary_25AUG26_Report_2026-08-05 (1).xlsx,,,,,,,,,,,,,,,,,,,,,,,,,,,,,,,,,,,,,,,,,,,,,,,,,,,,,,,,,,,,,,,,,,,
DLF,5.99,651.15,669.0,651.15,663.25,14.25,2.2,0.66,2.13,247,0.5,-0.01,-1.56,393,3.22,100,1.28,-293,PRICE_OI,Daywise_Price_and_OI_Summary_25AUG26_Report_2026-08-05 (1).xlsx,,,,,,,,,,,,,,,,,,,,,,,,,,,,,,,,,,,,,,,,,,,,,,,,,,,,,,,,,,,,,,,,,,,
DMART,4.48,4000.0,4005.0,3980.4,3998.8,20.3,0.51,-0.01,-0.04,97,0.28,-0.01,-1.33,24,0.22,-2,-0.02,-26,PRICE_OI,Daywise_Price_and_OI_Summary_25AUG26_Report_2026-08-05 (1).xlsx,,,,,,,,,,,,,,,,,,,,,,,,,,,,,,,,,,,,,,,,,,,,,,,,,,,,,,,,,,,,,,,,,,,
DRREDDY,3.92,1160.0,1164.5,1157.2,1160.3,5.6,0.48,-0.01,-0.05,23,0.11,0.0,0.0,58,0.33,18,0.17,-40,PRICE_OI,Daywise_Price_and_OI_Summary_25AUG26_Report_2026-08-05 (1).xlsx,,,,,,,,,,,,,,,,,,,,,,,,,,,,,,,,,,,,,,,,,,,,,,,,,,,,,,,,,,,,,,,,,,,
EICHERMOT,4.25,7917.5,7995.0,7917.5,7991.5,83.5,1.06,0.25,1.1,111,0.3,0.02,2.02,-352,-1.97,67,0.38,419,PRICE_OI,Daywise_Price_and_OI_Summary_25AUG26_Report_2026-08-05 (1).xlsx,,,,,,,,,,,,,,,,,,,,,,,,,,,,,,,,,,,,,,,,,,,,,,,,,,,,,,,,,,,,,,,,,,,
ETERNAL,5.78,313.5,314.75,311.85,313.85,3.55,1.14,-0.77,-2.48,223,0.35,0.01,1.35,-18,-0.08,290,1.8,308,PRICE_OI,Daywise_Price_and_OI_Summary_25AUG26_Report_2026-08-05 (1).xlsx,,,,,,,,,,,,,,,,,,,,,,,,,,,,,,,,,,,,,,,,,,,,,,,,,,,,,,,,,,,,,,,,,,,
FEDERALBNK,3.78,360.7,360.7,358.0,358.65,0.4,0.11,0.08,0.4,54,0.16,0.0,0.0,2,0.03,16,0.26,14,PRICE_OI,Daywise_Price_and_OI_Summary_25AUG26_Report_2026-08-05 (1).xlsx,,,,,,,,,,,,,,,,,,,,,,,,,,,,,,,,,,,,,,,,,,,,,,,,,,,,,,,,,,,,,,,,,,,
FINNIFTY,2.26,26859.6,27000.0,26859.6,26922.2,148.8,0.56,-1.29,-9.66,-4,-0.79,0.01,1.39,-37,-0.86,16,0.52,53,PRICE_OI,Daywise_Price_and_OI_Summary_25AUG26_Report_2026-08-05 (1).xlsx,,,,,,,,,,,,,,,,,,,,,,,,,,,,,,,,,,,,,,,,,,,,,,,,,,,,,,,,,,,,,,,,,,,
FOCIT,4.34,37828.0,37828.0,37785.0,37785.0,0.0,0.0,1.22,5.5,0,0.0,0.0,0.0,8,0.63,8,1.72,0,PRICE_OI,Daywise_Price_and_OI_Summary_25AUG26_Report_2026-08-05 (1).xlsx,,,,,,,,,,,,,,,,,,,,,,,,,,,,,,,,,,,,,,,,,,,,,,,,,,,,,,,,,,,,,,,,,,,
FORCEMOT,6.23,18589.0,18823.0,18588.0,18631.0,192.0,1.04,-1.9,-5.41,-46,-0.46,0.05,6.25,-15,-0.29,277,6.84,292,PRICE_OI,Daywise_Price_and_OI_Summary_25AUG26_Report_2026-08-05 (1).xlsx,,,,,,,,,,,,,,,,,,,,,,,,,,,,,,,,,,,,,,,,,,,,,,,,,,,,,,,,,,,,,,,,,,,
FORTIS,6.07,930.6,936.15,917.5,926.05,-3.15,-0.34,0.28,0.88,38,0.29,-0.01,-1.37,72,1.88,10,0.36,-62,PRICE_OI,Daywise_Price_and_OI_Summary_25AUG26_Report_2026-08-05 (1).xlsx,,,,,,,,,,,,,,,,,,,,,,,,,,,,,,,,,,,,,,,,,,,,,,,,,,,,,,,,,,,,,,,,,,,
GAIL,4.72,176.99,177.99,175.79,176.36,0.02,0.01,-0.52,-1.96,-42,-0.16,0.01,2.56,-368,-1.75,-30,-0.36,338,PRICE_OI,Daywise_Price_and_OI_Summary_25AUG26_Report_2026-08-05 (1).xlsx,,,,,,,,,,,,,,,,,,,,,,,,,,,,,,,,,,,,,,,,,,,,,,,,,,,,,,,,,,,,,,,,,,,
GLENMARK,5.25,2225.5,2232.0,2212.2,2217.4,-9.4,-0.42,0.55,2.02,150,0.48,-0.03,-4.76,301,4.74,31,0.78,-270,PRICE_OI,Daywise_Price_and_OI_Summary_25AUG26_Report_2026-08-05 (1).xlsx,,,,,,,,,,,,,,,,,,,,,,,,,,,,,,,,,,,,,,,,,,,,,,,,,,,,,,,,,,,,,,,,,,,
GMRAIRPORT,6.37,107.35,107.88,106.9,107.4,1.02,0.96,0.76,2.3,2,0.01,0.01,1.01,-62,-1.28,0,0.0,-,PRICE_OI,Daywise_Price_and_OI_Summary_25AUG26_Report_2026-08-05 (1).xlsx,,,,,,,,,,,,,,,,,,,,,,,,,,,,,,,,,,,,,,,,,,,,,,,,,,,,,,,,,,,,,,,,,,,
GODFRYPHLP,7.25,2344.0,2344.0,2292.9,2312.4,-19.3,-0.83,-0.59,-1.52,-42,-0.62,0.01,1.89,-65,-1.07,6,0.19,71,PRICE_OI,Daywise_Price_and_OI_Summary_25AUG26_Report_2026-08-05 (1).xlsx,,,,,,,,,,,,,,,,,,,,,,,,,,,,,,,,,,,,,,,,,,,,,,,,,,,,,,,,,,,,,,,,,,,
GODREJCP,6.01,1072.0,1073.0,1062.1,1073.0,14.8,1.4,1.06,3.39,47,0.21,-0.01,-1.61,-15,-0.49,-50,-2.65,-35,PRICE_OI,Daywise_Price_and_OI_Summary_25AUG26_Report_2026-08-05 (1).xlsx,,,,,,,,,,,,,,,,,,,,,,,,,,,,,,,,,,,,,,,,,,,,,,,,,,,,,,,,,,,,,,,,,,,
GODREJPROP,6.23,2060.0,2133.9,2060.0,2117.9,79.3,3.89,0.61,1.88,-59,-0.24,-0.09,-13.85,1885,21.67,284,5.0,-1601,PRICE_OI,Daywise_Price_and_OI_Summary_25AUG26_Report_2026-08-05 (1).xlsx,,,,,,,,,,,,,,,,,,,,,,,,,,,,,,,,,,,,,,,,,,,,,,,,,,,,,,,,,,,,,,,,,,,
GRASIM,5.05,3150.0,3167.5,3141.0,3167.0,32.0,1.02,-0.47,-1.72,28,0.06,-0.05,-7.04,426,6.3,-10,-0.21,-436,PRICE_OI,Daywise_Price_and_OI_Summary_25AUG26_Report_2026-08-05 (1).xlsx,,,,,,,,,,,,,,,,,,,,,,,,,,,,,,,,,,,,,,,,,,,,,,,,,,,,,,,,,,,,,,,,,,,
GVT&D,10.78,4388.0,4398.8,4351.4,4390.0,37.6,0.86,-,-,25,0.11,-0.04,-5.13,268,4.02,-63,-1.22,-331,PRICE_OI,Daywise_Price_and_OI_Summary_25AUG26_Report_2026-08-05 (1).xlsx,,,,,,,,,,,,,,,,,,,,,,,,,,,,,,,,,,,,,,,,,,,,,,,,,,,,,,,,,,,,,,,,,,,
HAL,5.57,4662.0,4685.5,4653.3,4668.8,15.5,0.33,0.13,0.44,30,0.09,0.0,0.0,1,0.01,69,0.65,68,PRICE_OI,Daywise_Price_and_OI_Summary_25AUG26_Report_2026-08-05 (1).xlsx,,,,,,,,,,,,,,,,,,,,,,,,,,,,,,,,,,,,,,,,,,,,,,,,,,,,,,,,,,,,,,,,,,,
HAVELLS,4.61,1295.0,1295.9,1284.4,1293.3,5.8,0.45,-0.56,-2.23,-15,-0.08,0.01,1.69,-62,-1.29,7,0.25,69,PRICE_OI,Daywise_Price_and_OI_Summary_25AUG26_Report_2026-08-05 (1).xlsx,,,,,,,,,,,,,,,,,,,,,,,,,,,,,,,,,,,,,,,,,,,,,,,,,,,,,,,,,,,,,,,,,,,
HCLTECH,5.02,1379.0,1380.9,1363.5,1366.3,2.5,0.18,0.09,0.34,6,0.01,0.04,4.94,-126,-0.87,493,4.19,619,PRICE_OI,Daywise_Price_and_OI_Summary_25AUG26_Report_2026-08-05 (1).xlsx,,,,,,,,,,,,,,,,,,,,,,,,,,,,,,,,,,,,,,,,,,,,,,,,,,,,,,,,,,,,,,,,,,,
HDFCAMC,5.16,2564.5,2585.9,2561.0,2583.2,32.1,1.26,0.5,1.85,-8,-0.04,0.04,5.0,-136,-2.14,152,2.99,288,PRICE_OI,Daywise_Price_and_OI_Summary_25AUG26_Report_2026-08-05 (1).xlsx,,,,,,,,,,,,,,,,,,,,,,,,,,,,,,,,,,,,,,,,,,,,,,,,,,,,,,,,,,,,,,,,,,,
HDFCBANK,4.37,740.0,744.5,738.2,742.7,-1.0,-0.13,1.29,5.81,5273,1.14,-0.01,-2.08,6413,3.55,2569,2.98,-3844,PRICE_OI,Daywise_Price_and_OI_Summary_25AUG26_Report_2026-08-05 (1).xlsx,,,,,,,,,,,,,,,,,,,,,,,,,,,,,,,,,,,,,,,,,,,,,,,,,,,,,,,,,,,,,,,,,,,
HDFCLIFE,4.44,537.7,545.25,537.7,544.3,8.6,1.61,-1.3,-5.22,-7,-0.02,0.04,7.14,-1409,-5.76,0,0.0,-,PRICE_OI,Daywise_Price_and_OI_Summary_25AUG26_Report_2026-08-05 (1).xlsx,,,,,,,,,,,,,,,,,,,,,,,,,,,,,,,,,,,,,,,,,,,,,,,,,,,,,,,,,,,,,,,,,,,
HEROMOTOCO,5.92,5586.0,5644.0,5580.0,5638.0,59.0,1.06,0.55,1.79,171,0.55,0.01,1.12,419,3.5,418,3.91,-1,PRICE_OI,Daywise_Price_and_OI_Summary_25AUG26_Report_2026-08-05 (1).xlsx,,,,,,,,,,,,,,,,,,,,,,,,,,,,,,,,,,,,,,,,,,,,,,,,,,,,,,,,,,,,,,,,,,,
HINDALCO,6.2,1029.8,1030.0,1021.6,1026.0,8.0,0.79,-1.14,-3.32,4,0.01,0.04,5.26,-575,-3.32,235,1.78,810,PRICE_OI,Daywise_Price_and_OI_Summary_25AUG26_Report_2026-08-05 (1).xlsx,,,,,,,,,,,,,,,,,,,,,,,,,,,,,,,,,,,,,,,,,,,,,,,,,,,,,,,,,,,,,,,,,,,
HINDPETRO,5.28,401.3,403.0,398.25,398.45,5.0,1.27,0.37,1.34,4,0.02,-0.01,-1.45,-49,-0.91,-74,-1.99,-25,PRICE_OI,Daywise_Price_and_OI_Summary_25AUG26_Report_2026-08-05 (1).xlsx,,,,,,,,,,,,,,,,,,,,,,,,,,,,,,,,,,,,,,,,,,,,,,,,,,,,,,,,,,,,,,,,,,,
HINDUNILVR,3.51,2100.0,2100.0,2082.5,2096.7,7.0,0.33,0.07,0.38,42,0.09,0.0,0.0,269,0.71,149,0.76,-120,PRICE_OI,Daywise_Price_and_OI_Summary_25AUG26_Report_2026-08-05 (1).xlsx,,,,,,,,,,,,,,,,,,,,,,,,,,,,,,,,,,,,,,,,,,,,,,,,,,,,,,,,,,,,,,,,,,,
HINDZINC,5.18,572.4,573.3,568.8,571.3,7.3,1.29,-0.36,-1.28,173,0.72,0.02,3.08,-204,-1.57,80,0.95,284,PRICE_OI,Daywise_Price_and_OI_Summary_25AUG26_Report_2026-08-05 (1).xlsx,,,,,,,,,,,,,,,,,,,,,,,,,,,,,,,,,,,,,,,,,,,,,,,,,,,,,,,,,,,,,,,,,,,
HYUNDAI,5.1,2201.0,2219.0,2195.0,2215.7,18.9,0.86,-0.32,-1.18,-8,-0.06,0.03,2.68,-105,-1.38,129,1.51,234,PRICE_OI,Daywise_Price_and_OI_Summary_25AUG26_Report_2026-08-05 (1).xlsx,,,,,,,,,,,,,,,,,,,,,,,,,,,,,,,,,,,,,,,,,,,,,,,,,,,,,,,,,,,,,,,,,,,
ICICIBANK,3.29,1452.5,1457.0,1450.1,1452.9,7.4,0.51,-,-,159,0.11,0.02,2.86,109,0.37,690,3.38,581,PRICE_OI,Daywise_Price_and_OI_Summary_25AUG26_Report_2026-08-05 (1).xlsx,,,,,,,,,,,,,,,,,,,,,,,,,,,,,,,,,,,,,,,,,,,,,,,,,,,,,,,,,,,,,,,,,,,
ICICIGI,5.14,1750.0,1751.9,1688.0,1691.8,53.3,3.25,1.69,6.62,472,3.07,-0.26,-32.91,3560,90.42,898,28.95,-2662,PRICE_OI,Daywise_Price_and_OI_Summary_25AUG26_Report_2026-08-05 (1).xlsx,,,,,,,,,,,,,,,,,,,,,,,,,,,,,,,,,,,,,,,,,,,,,,,,,,,,,,,,,,,,,,,,,,,
ICICIPRULI,4.99,511.5,515.1,507.0,514.7,5.8,1.14,0.16,0.62,109,0.57,-0.03,-4.62,87,2.5,-42,-1.86,-129,PRICE_OI,Daywise_Price_and_OI_Summary_25AUG26_Report_2026-08-05 (1).xlsx,,,,,,,,,,,,,,,,,,,,,,,,,,,,,,,,,,,,,,,,,,,,,,,,,,,,,,,,,,,,,,,,,,,
IDEA,7.24,12.93,13.05,12.92,12.96,0.09,0.7,-0.13,-0.34,-42,-0.05,0.0,0.0,-11,-0.07,0,0.0,-,PRICE_OI,Daywise_Price_and_OI_Summary_25AUG26_Report_2026-08-05 (1).xlsx,,,,,,,,,,,,,,,,,,,,,,,,,,,,,,,,,,,,,,,,,,,,,,,,,,,,,,,,,,,,,,,,,,,
IDFCFIRSTB,4.79,85.75,86.24,85.74,86.09,0.57,0.67,0.08,0.31,-1,0.0,0.01,1.41,10,0.08,98,1.11,88,PRICE_OI,Daywise_Price_and_OI_Summary_25AUG26_Report_2026-08-05 (1).xlsx,,,,,,,,,,,,,,,,,,,,,,,,,,,,,,,,,,,,,,,,,,,,,,,,,,,,,,,,,,,,,,,,,,,
IEX,5.32,131.69,131.69,130.31,131.35,1.5,1.16,0.23,0.83,10,0.06,0.0,0.0,-10,-0.13,-30,-0.57,-20,PRICE_OI,Daywise_Price_and_OI_Summary_25AUG26_Report_2026-08-05 (1).xlsx,,,,,,,,,,,,,,,,,,,,,,,,,,,,,,,,,,,,,,,,,,,,,,,,,,,,,,,,,,,,,,,,,,,
INDHOTEL,4.26,748.8,753.9,747.85,748.95,4.2,0.56,-0.59,-2.55,48,0.23,0.03,4.69,-215,-5.05,0,0.0,-,PRICE_OI,Daywise_Price_and_OI_Summary_25AUG26_Report_2026-08-05 (1).xlsx,,,,,,,,,,,,,,,,,,,,,,,,,,,,,,,,,,,,,,,,,,,,,,,,,,,,,,,,,,,,,,,,,,,
INDIANB,5.99,849.6,869.0,847.0,866.45,20.95,2.48,2.08,7.01,-8,-0.07,-0.09,-7.96,348,8.81,7,0.16,-341,PRICE_OI,Daywise_Price_and_OI_Summary_25AUG26_Report_2026-08-05 (1).xlsx,,,,,,,,,,,,,,,,,,,,,,,,,,,,,,,,,,,,,,,,,,,,,,,,,,,,,,,,,,,,,,,,,,,
INDIGO,5.65,5460.0,5535.5,5445.0,5455.5,115.5,2.16,3.52,13.43,168,0.45,-0.15,-19.23,4401,27.56,406,3.25,-3995,PRICE_OI,Daywise_Price_and_OI_Summary_25AUG26_Report_2026-08-05 (1).xlsx,,,,,,,,,,,,,,,,,,,,,,,,,,,,,,,,,,,,,,,,,,,,,,,,,,,,,,,,,,,,,,,,,,,
INDUSINDBK,4.79,1030.0,1036.7,1026.6,1035.0,14.0,1.37,0.11,0.43,-43,-0.09,0.02,3.51,-61,-0.61,110,1.93,171,PRICE_OI,Daywise_Price_and_OI_Summary_25AUG26_Report_2026-08-05 (1).xlsx,,,,,,,,,,,,,,,,,,,,,,,,,,,,,,,,,,,,,,,,,,,,,,,,,,,,,,,,,,,,,,,,,,,
INDUSTOWER,4.54,391.4,393.0,389.15,392.3,2.0,0.51,0.14,0.59,7,0.01,0.0,0.0,116,0.97,-17,-0.24,-133,PRICE_OI,Daywise_Price_and_OI_Summary_25AUG26_Report_2026-08-05 (1).xlsx,,,,,,,,,,,,,,,,,,,,,,,,,,,,,,,,,,,,,,,,,,,,,,,,,,,,,,,,,,,,,,,,,,,
INFY,5.26,1175.0,1182.7,1170.0,1174.8,10.3,0.88,-0.66,-2.31,-19,-0.01,0.02,2.13,152,0.19,1311,1.75,1159,PRICE_OI,Daywise_Price_and_OI_Summary_25AUG26_Report_2026-08-05 (1).xlsx,,,,,,,,,,,,,,,,,,,,,,,,,,,,,,,,,,,,,,,,,,,,,,,,,,,,,,,,,,,,,,,,,,,
INOXWIND,8.54,79.81,80.6,79.78,80.2,0.68,0.86,0.04,0.09,-24,-0.15,0.01,1.54,-82,-1.46,10,0.27,92,PRICE_OI,Daywise_Price_and_OI_Summary_25AUG26_Report_2026-08-05 (1).xlsx,,,,,,,,,,,,,,,,,,,,,,,,,,,,,,,,,,,,,,,,,,,,,,,,,,,,,,,,,,,,,,,,,,,
IOC,4.49,143.0,144.1,142.7,143.0,2.25,1.6,0.1,0.42,110,0.36,0.04,5.26,-220,-2.65,213,3.39,433,PRICE_OI,Daywise_Price_and_OI_Summary_25AUG26_Report_2026-08-05 (1).xlsx,,,,,,,,,,,,,,,,,,,,,,,,,,,,,,,,,,,,,,,,,,,,,,,,,,,,,,,,,,,,,,,,,,,
IREDA,6.05,117.3,117.75,116.12,116.71,0.42,0.36,-0.48,-1.49,156,0.91,-0.02,-2.67,241,2.82,10,0.16,-231,PRICE_OI,Daywise_Price_and_OI_Summary_25AUG26_Report_2026-08-05 (1).xlsx,,,,,,,,,,,,,,,,,,,,,,,,,,,,,,,,,,,,,,,,,,,,,,,,,,,,,,,,,,,,,,,,,,,
IRFC,5.22,90.1,90.65,90.0,90.27,0.67,0.75,-0.4,-1.42,-56,-0.35,0.01,1.47,-45,-0.34,2,0.02,47,PRICE_OI,Daywise_Price_and_OI_Summary_25AUG26_Report_2026-08-05 (1).xlsx,,,,,,,,,,,,,,,,,,,,,,,,,,,,,,,,,,,,,,,,,,,,,,,,,,,,,,,,,,,,,,,,,,,
ITC,3.09,289.0,289.0,287.35,287.7,0.0,0.0,-0.05,-0.3,36,0.04,-0.01,-1.79,411,0.68,55,0.16,-356,PRICE_OI,Daywise_Price_and_OI_Summary_25AUG26_Report_2026-08-05 (1).xlsx,,,,,,,,,,,,,,,,,,,,,,,,,,,,,,,,,,,,,,,,,,,,,,,,,,,,,,,,,,,,,,,,,,,
JINDALSTEL,4.41,1129.0,1131.5,1124.0,1127.3,4.7,0.42,-0.17,-0.73,60,0.27,0.01,1.16,-52,-0.94,3,0.06,55,PRICE_OI,Daywise_Price_and_OI_Summary_25AUG26_Report_2026-08-05 (1).xlsx,,,,,,,,,,,,,,,,,,,,,,,,,,,,,,,,,,,,,,,,,,,,,,,,,,,,,,,,,,,,,,,,,,,
JIOFIN,6.09,265.95,268.65,265.6,266.8,2.7,1.02,-0.1,-0.31,14,0.02,0.01,1.54,-356,-1.04,164,0.73,520,PRICE_OI,Daywise_Price_and_OI_Summary_25AUG26_Report_2026-08-05 (1).xlsx,,,,,,,,,,,,,,,,,,,,,,,,,,,,,,,,,,,,,,,,,,,,,,,,,,,,,,,,,,,,,,,,,,,
JSWENERGY,4.44,570.15,573.0,570.15,570.2,0.75,0.13,-0.23,-0.93,-14,-0.06,0.0,0.0,11,0.21,9,0.17,-2,PRICE_OI,Daywise_Price_and_OI_Summary_25AUG26_Report_2026-08-05 (1).xlsx,,,,,,,,,,,,,,,,,,,,,,,,,,,,,,,,,,,,,,,,,,,,,,,,,,,,,,,,,,,,,,,,,,,
JSWSTEEL,4.14,1303.8,1303.8,1297.0,1299.4,3.5,0.27,-0.21,-0.94,73,0.12,0.0,0.0,36,0.69,46,1.04,10,PRICE_OI,Daywise_Price_and_OI_Summary_25AUG26_Report_2026-08-05 (1).xlsx,,,,,,,,,,,,,,,,,,,,,,,,,,,,,,,,,,,,,,,,,,,,,,,,,,,,,,,,,,,,,,,,,,,
JUBLFOOD,7.2,468.1,481.9,468.1,478.85,12.05,2.58,1.75,4.73,-28,-0.21,-0.07,-9.21,681,11.78,69,1.57,-612,PRICE_OI,Daywise_Price_and_OI_Summary_25AUG26_Report_2026-08-05 (1).xlsx,,,,,,,,,,,,,,,,,,,,,,,,,,,,,,,,,,,,,,,,,,,,,,,,,,,,,,,,,,,,,,,,,,,
KALYANKJIL,9.85,580.0,596.0,575.75,584.4,-8.95,-1.51,-4.69,-8.18,-23,-0.13,-0.13,-12.15,2727,17.53,487,2.93,-2240,PRICE_OI,Daywise_Price_and_OI_Summary_25AUG26_Report_2026-08-05 (1).xlsx,,,,,,,,,,,,,,,,,,,,,,,,,,,,,,,,,,,,,,,,,,,,,,,,,,,,,,,,,,,,,,,,,,,
KAYNES,10.92,3901.1,3930.2,3885.0,3925.1,34.6,0.89,-0.23,-0.4,72,0.27,0.01,1.43,-138,-1.32,6,0.08,144,PRICE_OI,Daywise_Price_and_OI_Summary_25AUG26_Report_2026-08-05 (1).xlsx,,,,,,,,,,,,,,,,,,,,,,,,,,,,,,,,,,,,,,,,,,,,,,,,,,,,,,,,,,,,,,,,,,,
KEI,6.31,5520.0,5577.8,5470.6,5570.1,48.6,0.88,0.59,1.73,-42,-0.43,-0.04,-3.81,28,0.45,-248,-3.76,-276,PRICE_OI,Daywise_Price_and_OI_Summary_25AUG26_Report_2026-08-05 (1).xlsx,,,,,,,,,,,,,,,,,,,,,,,,,,,,,,,,,,,,,,,,,,,,,,,,,,,,,,,,,,,,,,,,,,,
KFINTECH,6.84,944.2,946.8,942.95,945.35,9.85,1.05,-0.25,-0.68,93,1.28,0.0,0.0,-63,-1.23,-16,-0.55,47,PRICE_OI,Daywise_Price_and_OI_Summary_25AUG26_Report_2026-08-05 (1).xlsx,,,,,,,,,,,,,,,,,,,,,,,,,,,,,,,,,,,,,,,,,,,,,,,,,,,,,,,,,,,,,,,,,,,
KOTAKBANK,3.45,397.65,398.5,395.15,398.15,3.5,0.89,-0.15,-0.81,137,0.16,0.0,0.0,213,1.29,252,2.4,39,PRICE_OI,Daywise_Price_and_OI_Summary_25AUG26_Report_2026-08-05 (1).xlsx,,,,,,,,,,,,,,,,,,,,,,,,,,,,,,,,,,,,,,,,,,,,,,,,,,,,,,,,,,,,,,,,,,,
KPITTECH,6.5,625.6,627.0,620.4,621.1,-0.85,-0.14,-0.25,-0.72,-12,-0.07,0.0,0.0,-3,-0.02,-39,-0.36,-36,PRICE_OI,Daywise_Price_and_OI_Summary_25AUG26_Report_2026-08-05 (1).xlsx,,,,,,,,,,,,,,,,,,,,,,,,,,,,,,,,,,,,,,,,,,,,,,,,,,,,,,,,,,,,,,,,,,,
LAURUSLABS,5.37,1844.7,1850.0,1829.2,1849.9,15.2,0.83,0.57,2.07,191,0.97,0.01,1.02,334,2.55,396,3.07,62,PRICE_OI,Daywise_Price_and_OI_Summary_25AUG26_Report_2026-08-05 (1).xlsx,,,,,,,,,,,,,,,,,,,,,,,,,,,,,,,,,,,,,,,,,,,,,,,,,,,,,,,,,,,,,,,,,,,
LICHSGFIN,4.84,507.0,507.0,503.05,505.55,1.75,0.35,0.74,3.02,52,0.17,-0.01,-1.59,149,1.08,57,0.66,-92,PRICE_OI,Daywise_Price_and_OI_Summary_25AUG26_Report_2026-08-05 (1).xlsx,,,,,,,,,,,,,,,,,,,,,,,,,,,,,,,,,,,,,,,,,,,,,,,,,,,,,,,,,,,,,,,,,,,
LICI,4.0,388.05,399.25,388.05,398.2,7.9,2.02,-5.18,-18.98,-1384,-2.93,-0.01,-1.41,-1089,-4.1,-1040,-5.51,49,PRICE_OI,Daywise_Price_and_OI_Summary_25AUG26_Report_2026-08-05 (1).xlsx,,,,,,,,,,,,,,,,,,,,,,,,,,,,,,,,,,,,,,,,,,,,,,,,,,,,,,,,,,,,,,,,,,,
LODHA,7.05,1236.0,1253.8,1234.1,1243.5,19.1,1.56,-0.15,-0.41,-93,-0.5,-0.01,-1.43,184,2.37,48,0.88,-136,PRICE_OI,Daywise_Price_and_OI_Summary_25AUG26_Report_2026-08-05 (1).xlsx,,,,,,,,,,,,,,,,,,,,,,,,,,,,,,,,,,,,,,,,,,,,,,,,,,,,,,,,,,,,,,,,,,,
LT,3.55,4060.0,4089.5,4050.0,4080.8,59.8,1.49,-0.66,-3.38,-401,-0.61,0.08,10.26,-2016,-6.47,626,2.57,2642,PRICE_OI,Daywise_Price_and_OI_Summary_25AUG26_Report_2026-08-05 (1).xlsx,,,,,,,,,,,,,,,,,,,,,,,,,,,,,,,,,,,,,,,,,,,,,,,,,,,,,,,,,,,,,,,,,,,
LTF,6.48,324.8,328.3,323.25,324.3,3.25,1.01,-0.74,-2.1,43,0.21,0.04,6.15,-454,-5.43,54,1.0,508,PRICE_OI,Daywise_Price_and_OI_Summary_25AUG26_Report_2026-08-05 (1).xlsx,,,,,,,,,,,,,,,,,,,,,,,,,,,,,,,,,,,,,,,,,,,,,,,,,,,,,,,,,,,,,,,,,,,
LTM,6.54,4606.0,4615.1,4563.0,4564.6,16.7,0.37,0.76,2.25,36,0.23,0.0,0.0,46,0.6,27,0.54,-19,PRICE_OI,Daywise_Price_and_OI_Summary_25AUG26_Report_2026-08-05 (1).xlsx,,,,,,,,,,,,,,,,,,,,,,,,,,,,,,,,,,,,,,,,,,,,,,,,,,,,,,,,,,,,,,,,,,,
LUPIN,5.58,2406.4,2410.0,2367.2,2378.0,-17.5,-0.73,1.15,4.02,73,0.48,-0.02,-2.9,254,3.89,20,0.44,-234,PRICE_OI,Daywise_Price_and_OI_Summary_25AUG26_Report_2026-08-05 (1).xlsx,,,,,,,,,,,,,,,,,,,,,,,,,,,,,,,,,,,,,,,,,,,,,,,,,,,,,,,,,,,,,,,,,,,
M&M,4.55,3460.0,3491.5,3438.1,3480.0,57.3,1.67,0.4,1.69,348,0.57,0.08,9.88,-1383,-5.19,979,4.54,2362,PRICE_OI,Daywise_Price_and_OI_Summary_25AUG26_Report_2026-08-05 (1).xlsx,,,,,,,,,,,,,,,,,,,,,,,,,,,,,,,,,,,,,,,,,,,,,,,,,,,,,,,,,,,,,,,,,,,
MANAPPURAM,7.67,360.6,370.75,360.6,365.05,6.45,1.8,0.84,2.11,-60,-0.28,-0.02,-2.99,160,3.97,-9,-0.33,-169,PRICE_OI,Daywise_Price_and_OI_Summary_25AUG26_Report_2026-08-05 (1).xlsx,,,,,,,,,,,,,,,,,,,,,,,,,,,,,,,,,,,,,,,,,,,,,,,,,,,,,,,,,,,,,,,,,,,
MANKIND,5.34,2464.7,2465.0,2445.4,2459.0,2.8,0.11,0.13,0.46,28,0.21,-0.01,-1.56,137,1.84,-5,-0.1,-142,PRICE_OI,Daywise_Price_and_OI_Summary_25AUG26_Report_2026-08-05 (1).xlsx,,,,,,,,,,,,,,,,,,,,,,,,,,,,,,,,,,,,,,,,,,,,,,,,,,,,,,,,,,,,,,,,,,,
MARICO,4.4,877.4,879.0,849.55,861.95,-12.65,-1.45,-4.32,-15.51,1177,8.86,-0.11,-16.67,2966,44.75,906,20.86,-2060,PRICE_OI,Daywise_Price_and_OI_Summary_25AUG26_Report_2026-08-05 (1).xlsx,,,,,,,,,,,,,,,,,,,,,,,,,,,,,,,,,,,,,,,,,,,,,,,,,,,,,,,,,,,,,,,,,,,
MARUTI,4.05,14200.0,14200.0,14062.0,14135.0,87.0,0.62,-0.21,-0.97,21,0.05,0.03,5.56,-1635,-3.79,464,2.01,2099,PRICE_OI,Daywise_Price_and_OI_Summary_25AUG26_Report_2026-08-05 (1).xlsx,,,,,,,,,,,,,,,,,,,,,,,,,,,,,,,,,,,,,,,,,,,,,,,,,,,,,,,,,,,,,,,,,,,
MAXHEALTH,5.53,1075.2,1083.9,1068.0,1072.2,-1.4,-0.13,0.54,1.87,54,0.29,0.0,0.0,115,2.63,60,2.04,-55,PRICE_OI,Daywise_Price_and_OI_Summary_25AUG26_Report_2026-08-05 (1).xlsx,,,,,,,,,,,,,,,,,,,,,,,,,,,,,,,,,,,,,,,,,,,,,,,,,,,,,,,,,,,,,,,,,,,
MAZDOCK,6.19,2399.0,2430.2,2395.0,2419.1,32.0,1.34,-0.04,-0.12,-263,-1.17,0.07,11.67,-953,-11.16,-86,-1.67,867,PRICE_OI,Daywise_Price_and_OI_Summary_25AUG26_Report_2026-08-05 (1).xlsx,,,,,,,,,,,,,,,,,,,,,,,,,,,,,,,,,,,,,,,,,,,,,,,,,,,,,,,,,,,,,,,,,,,
MCX,7.03,2673.0,2678.2,2577.0,2606.2,-69.6,-2.6,-3.95,-9.54,3892,11.55,-0.07,-9.46,6046,27.8,2416,14.97,-3630,PRICE_OI,Daywise_Price_and_OI_Summary_25AUG26_Report_2026-08-05 (1).xlsx,,,,,,,,,,,,,,,,,,,,,,,,,,,,,,,,,,,,,,,,,,,,,,,,,,,,,,,,,,,,,,,,,,,
MFSL,7.88,1504.3,1534.0,1504.3,1532.9,26.7,1.77,-0.09,-0.25,11,0.05,0.01,1.72,-144,-4.14,-32,-1.6,112,PRICE_OI,Daywise_Price_and_OI_Summary_25AUG26_Report_2026-08-05 (1).xlsx,,,,,,,,,,,,,,,,,,,,,,,,,,,,,,,,,,,,,,,,,,,,,,,,,,,,,,,,,,,,,,,,,,,
MIDCPNIFTY,2.99,14917.0,14974.0,14902.0,14969.05,112.3,0.76,0.18,1.34,-20,-0.13,0.01,0.91,2804,8.63,3639,10.2,835,PRICE_OI,Daywise_Price_and_OI_Summary_25AUG26_Report_2026-08-05 (1).xlsx,,,,,,,,,,,,,,,,,,,,,,,,,,,,,,,,,,,,,,,,,,,,,,,,,,,,,,,,,,,,,,,,,,,
MOTHERSON,7.27,152.01,154.25,151.3,153.75,3.09,2.05,0.82,2.15,79,0.38,0.02,3.08,-119,-1.66,54,1.16,173,PRICE_OI,Daywise_Price_and_OI_Summary_25AUG26_Report_2026-08-05 (1).xlsx,,,,,,,,,,,,,,,,,,,,,,,,,,,,,,,,,,,,,,,,,,,,,,,,,,,,,,,,,,,,,,,,,,,
MOTILALOFS,6.28,871.1,875.0,868.0,873.0,5.85,0.67,1.2,3.66,22,0.25,0.02,3.17,-46,-1.29,13,0.58,59,PRICE_OI,Daywise_Price_and_OI_Summary_25AUG26_Report_2026-08-05 (1).xlsx,,,,,,,,,,,,,,,,,,,,,,,,,,,,,,,,,,,,,,,,,,,,,,,,,,,,,,,,,,,,,,,,,,,
MPHASIS,6.24,2417.0,2418.5,2398.5,2410.1,19.7,0.82,-0.07,-0.21,36,0.26,0.01,1.3,-24,-0.61,0,0.0,-,PRICE_OI,Daywise_Price_and_OI_Summary_25AUG26_Report_2026-08-05 (1).xlsx,,,,,,,,,,,,,,,,,,,,,,,,,,,,,,,,,,,,,,,,,,,,,,,,,,,,,,,,,,,,,,,,,,,
MUTHOOTFIN,5.69,2905.0,2969.0,2905.0,2945.2,54.4,1.88,-0.61,-1.97,-250,-1.0,0.05,10.2,-1897,-8.51,190,1.74,2087,PRICE_OI,Daywise_Price_and_OI_Summary_25AUG26_Report_2026-08-05 (1).xlsx,,,,,,,,,,,,,,,,,,,,,,,,,,,,,,,,,,,,,,,,,,,,,,,,,,,,,,,,,,,,,,,,,,,
NAM-INDIA,6.59,1185.5,1190.9,1176.7,1188.5,12.1,1.03,-1.43,-3.94,89,0.76,0.03,7.69,-155,-6.72,-11,-1.21,144,PRICE_OI,Daywise_Price_and_OI_Summary_25AUG26_Report_2026-08-05 (1).xlsx,,,,,,,,,,,,,,,,,,,,,,,,,,,,,,,,,,,,,,,,,,,,,,,,,,,,,,,,,,,,,,,,,,,
NATIONALUM,6.31,382.0,383.5,379.0,382.6,2.9,0.76,-0.26,-0.77,44,0.18,0.02,2.56,-197,-1.87,108,1.32,305,PRICE_OI,Daywise_Price_and_OI_Summary_25AUG26_Report_2026-08-05 (1).xlsx,,,,,,,,,,,,,,,,,,,,,,,,,,,,,,,,,,,,,,,,,,,,,,,,,,,,,,,,,,,,,,,,,,,
NAUKRI,6.79,1274.7,1279.8,1267.9,1269.2,6.6,0.52,-0.32,-0.88,33,0.13,0.01,1.64,-90,-2.06,0,0.0,-,PRICE_OI,Daywise_Price_and_OI_Summary_25AUG26_Report_2026-08-05 (1).xlsx,,,,,,,,,,,,,,,,,,,,,,,,,,,,,,,,,,,,,,,,,,,,,,,,,,,,,,,,,,,,,,,,,,,
NBCC,6.6,94.62,96.37,94.62,95.75,1.0,1.06,0.58,1.67,-14,-0.09,0.01,2.04,-40,-0.83,29,1.24,69,PRICE_OI,Daywise_Price_and_OI_Summary_25AUG26_Report_2026-08-05 (1).xlsx,,,,,,,,,,,,,,,,,,,,,,,,,,,,,,,,,,,,,,,,,,,,,,,,,,,,,,,,,,,,,,,,,,,
NESTLEIND,4.27,1504.9,1509.9,1487.2,1505.4,16.4,1.1,-0.77,-3.36,282,1.8,0.01,1.67,-18,-0.18,122,2.06,140,PRICE_OI,Daywise_Price_and_OI_Summary_25AUG26_Report_2026-08-05 (1).xlsx,,,,,,,,,,,,,,,,,,,,,,,,,,,,,,,,,,,,,,,,,,,,,,,,,,,,,,,,,,,,,,,,,,,
NHPC,4.91,81.52,82.95,81.0,81.0,0.43,0.53,-0.69,-2.58,-71,-0.42,-0.05,-6.76,-160,-3.12,-343,-9.08,-183,PRICE_OI,Daywise_Price_and_OI_Summary_25AUG26_Report_2026-08-05 (1).xlsx,,,,,,,,,,,,,,,,,,,,,,,,,,,,,,,,,,,,,,,,,,,,,,,,,,,,,,,,,,,,,,,,,,,
NIFTY,1.12,24715.0,24726.0,24676.1,24699.0,143.4,0.58,-0.3,-2.81,-954,-0.53,0.01,0.91,-11680,-1.7,-4379,-0.58,7301,PRICE_OI,Daywise_Price_and_OI_Summary_25AUG26_Report_2026-08-05 (1).xlsx,,,,,,,,,,,,,,,,,,,,,,,,,,,,,,,,,,,,,,,,,,,,,,,,,,,,,,,,,,,,,,,,,,,
NIFTYNXT50,3.05,74350.0,74700.0,74350.0,74540.2,587.8,0.79,-,-,2,0.26,-0.03,-1.57,3,4.35,3,2.27,0,PRICE_OI,Daywise_Price_and_OI_Summary_25AUG26_Report_2026-08-05 (1).xlsx,,,,,,,,,,,,,,,,,,,,,,,,,,,,,,,,,,,,,,,,,,,,,,,,,,,,,,,,,,,,,,,,,,,
NMDC,5.51,85.49,85.75,84.82,85.15,0.38,0.45,-0.04,-0.14,38,0.07,-0.01,-1.33,21,0.28,-23,-0.42,-44,PRICE_OI,Daywise_Price_and_OI_Summary_25AUG26_Report_2026-08-05 (1).xlsx,,,,,,,,,,,,,,,,,,,,,,,,,,,,,,,,,,,,,,,,,,,,,,,,,,,,,,,,,,,,,,,,,,,
NTPC,3.61,344.85,347.95,343.95,347.75,3.8,1.1,-0.63,-3.15,-59,-0.09,0.04,6.25,-219,-1.09,624,4.84,843,PRICE_OI,Daywise_Price_and_OI_Summary_25AUG26_Report_2026-08-05 (1).xlsx,,,,,,,,,,,,,,,,,,,,,,,,,,,,,,,,,,,,,,,,,,,,,,,,,,,,,,,,,,,,,,,,,,,
NYKAA,6.53,346.2,346.2,331.55,332.95,-5.0,-1.48,-3.36,-8.89,1453,9.88,-0.23,-37.1,4084,125.86,852,42.69,-3232,PRICE_OI,Daywise_Price_and_OI_Summary_25AUG26_Report_2026-08-05 (1).xlsx,,,,,,,,,,,,,,,,,,,,,,,,,,,,,,,,,,,,,,,,,,,,,,,,,,,,,,,,,,,,,,,,,,,
OBEROIRLTY,5.41,1807.9,1821.1,1802.0,1813.5,23.3,1.3,0.74,2.69,-17,-0.11,-0.01,-1.96,-22,-0.55,-33,-1.62,-11,PRICE_OI,Daywise_Price_and_OI_Summary_25AUG26_Report_2026-08-05 (1).xlsx,,,,,,,,,,,,,,,,,,,,,,,,,,,,,,,,,,,,,,,,,,,,,,,,,,,,,,,,,,,,,,,,,,,
OFSS,7.01,11699.0,11699.0,11560.0,11636.0,7.0,0.06,0.49,1.33,54,0.43,0.0,0.0,45,0.52,70,0.94,25,PRICE_OI,Daywise_Price_and_OI_Summary_25AUG26_Report_2026-08-05 (1).xlsx,,,,,,,,,,,,,,,,,,,,,,,,,,,,,,,,,,,,,,,,,,,,,,,,,,,,,,,,,,,,,,,,,,,
OIL,6.08,446.3,447.7,436.6,441.0,-9.85,-2.18,0.33,1.02,102,0.9,0.01,1.72,153,5.27,114,6.76,-39,PRICE_OI,Daywise_Price_and_OI_Summary_25AUG26_Report_2026-08-05 (1).xlsx,,,,,,,,,,,,,,,,,,,,,,,,,,,,,,,,,,,,,,,,,,,,,,,,,,,,,,,,,,,,,,,,,,,
ONGC,4.45,244.12,244.75,239.82,241.05,-0.81,-0.33,-1.27,-5.1,652,2.69,-0.02,-3.85,1785,9.16,548,5.39,-1237,PRICE_OI,Daywise_Price_and_OI_Summary_25AUG26_Report_2026-08-05 (1).xlsx,,,,,,,,,,,,,,,,,,,,,,,,,,,,,,,,,,,,,,,,,,,,,,,,,,,,,,,,,,,,,,,,,,,
PAGEIND,6.18,40050.0,40135.0,39855.0,39980.0,10.0,0.03,-0.39,-1.16,-11,-0.09,0.0,0.0,30,1.17,24,1.38,-6,PRICE_OI,Daywise_Price_and_OI_Summary_25AUG26_Report_2026-08-05 (1).xlsx,,,,,,,,,,,,,,,,,,,,,,,,,,,,,,,,,,,,,,,,,,,,,,,,,,,,,,,,,,,,,,,,,,,
PATANJALI,7.93,362.3,362.3,358.9,359.8,0.15,0.04,0.63,1.51,46,0.15,-0.01,-1.35,57,0.61,5,0.07,-52,PRICE_OI,Daywise_Price_and_OI_Summary_25AUG26_Report_2026-08-05 (1).xlsx,,,,,,,,,,,,,,,,,,,,,,,,,,,,,,,,,,,,,,,,,,,,,,,,,,,,,,,,,,,,,,,,,,,
PAYTM,7.53,1416.4,1432.0,1411.0,1423.9,13.4,0.95,-0.98,-2.4,38,0.13,0.01,1.67,126,0.59,284,2.23,158,PRICE_OI,Daywise_Price_and_OI_Summary_25AUG26_Report_2026-08-05 (1).xlsx,,,,,,,,,,,,,,,,,,,,,,,,,,,,,,,,,,,,,,,,,,,,,,,,,,,,,,,,,,,,,,,,,,,
PERSISTENT,6.51,5542.0,5560.0,5515.0,5560.0,58.0,1.05,0.96,2.9,-15,-0.05,0.02,3.17,-142,-0.96,235,2.55,377,PRICE_OI,Daywise_Price_and_OI_Summary_25AUG26_Report_2026-08-05 (1).xlsx,,,,,,,,,,,,,,,,,,,,,,,,,,,,,,,,,,,,,,,,,,,,,,,,,,,,,,,,,,,,,,,,,,,
PETRONET,4.96,282.45,283.65,281.45,282.3,1.9,0.68,-0.56,-2.12,-10,-0.06,0.01,1.02,-39,-0.89,4,0.09,43,PRICE_OI,Daywise_Price_and_OI_Summary_25AUG26_Report_2026-08-05 (1).xlsx,,,,,,,,,,,,,,,,,,,,,,,,,,,,,,,,,,,,,,,,,,,,,,,,,,,,,,,,,,,,,,,,,,,
PFC,5.45,421.9,423.05,419.4,419.8,0.2,0.05,0.24,0.84,83,0.2,-0.01,-1.3,103,1.27,2,0.03,-101,PRICE_OI,Daywise_Price_and_OI_Summary_25AUG26_Report_2026-08-05 (1).xlsx,,,,,,,,,,,,,,,,,,,,,,,,,,,,,,,,,,,,,,,,,,,,,,,,,,,,,,,,,,,,,,,,,,,
PGEL,9.76,618.3,629.8,615.5,629.0,12.15,1.97,0.21,0.41,63,0.55,-0.01,-1.11,85,1.56,45,0.92,-40,PRICE_OI,Daywise_Price_and_OI_Summary_25AUG26_Report_2026-08-05 (1).xlsx,,,,,,,,,,,,,,,,,,,,,,,,,,,,,,,,,,,,,,,,,,,,,,,,,,,,,,,,,,,,,,,,,,,
PHOENIXLTD,5.12,1957.4,1968.0,1948.7,1959.0,12.8,0.66,-1.48,-5.34,-8,-0.08,0.0,0.0,-45,-1.34,-7,-0.35,38,PRICE_OI,Daywise_Price_and_OI_Summary_25AUG26_Report_2026-08-05 (1).xlsx,,,,,,,,,,,,,,,,,,,,,,,,,,,,,,,,,,,,,,,,,,,,,,,,,,,,,,,,,,,,,,,,,,,
PIDILITIND,4.68,1640.0,1653.7,1616.7,1651.7,35.5,2.2,-2.57,-9.53,-94,-0.59,0.03,6.52,-772,-6.17,-14,-0.24,758,PRICE_OI,Daywise_Price_and_OI_Summary_25AUG26_Report_2026-08-05 (1).xlsx,,,,,,,,,,,,,,,,,,,,,,,,,,,,,,,,,,,,,,,,,,,,,,,,,,,,,,,,,,,,,,,,,,,
PIIND,6.61,2810.0,2819.8,2794.3,2794.3,-5.2,-0.19,0.25,0.71,8,0.05,0.0,0.0,32,0.93,26,0.9,-6,PRICE_OI,Daywise_Price_and_OI_Summary_25AUG26_Report_2026-08-05 (1).xlsx,,,,,,,,,,,,,,,,,,,,,,,,,,,,,,,,,,,,,,,,,,,,,,,,,,,,,,,,,,,,,,,,,,,
PNB,5.02,114.65,115.6,114.48,114.95,0.93,0.82,1.08,4.18,25,0.07,0.03,3.45,-58,-0.74,217,3.21,275,PRICE_OI,Daywise_Price_and_OI_Summary_25AUG26_Report_2026-08-05 (1).xlsx,,,,,,,,,,,,,,,,,,,,,,,,,,,,,,,,,,,,,,,,,,,,,,,,,,,,,,,,,,,,,,,,,,,
PNBHOUSING,7.21,1080.0,1142.8,1077.0,1131.5,47.3,4.36,-12.62,-24.98,141,1.18,-0.25,-22.73,1164,25.44,-122,-2.43,-1286,PRICE_OI,Daywise_Price_and_OI_Summary_25AUG26_Report_2026-08-05 (1).xlsx,,,,,,,,,,,,,,,,,,,,,,,,,,,,,,,,,,,,,,,,,,,,,,,,,,,,,,,,,,,,,,,,,,,
POLICYBZR,7.96,1622.0,1623.9,1609.0,1622.3,11.9,0.74,0.17,0.4,78,0.3,-0.14,-13.21,565,14.01,-11,-0.26,-576,PRICE_OI,Daywise_Price_and_OI_Summary_25AUG26_Report_2026-08-05 (1).xlsx,,,,,,,,,,,,,,,,,,,,,,,,,,,,,,,,,,,,,,,,,,,,,,,,,,,,,,,,,,,,,,,,,,,
POLYCAB,4.88,9284.0,9324.0,9227.5,9314.0,106.0,1.15,0.27,1.04,-26,-0.14,0.06,8.96,-687,-6.35,101,1.39,788,PRICE_OI,Daywise_Price_and_OI_Summary_25AUG26_Report_2026-08-05 (1).xlsx,,,,,,,,,,,,,,,,,,,,,,,,,,,,,,,,,,,,,,,,,,,,,,,,,,,,,,,,,,,,,,,,,,,
POWERGRID,4.37,283.1,285.1,283.1,284.4,2.0,0.71,-0.09,-0.38,23,0.09,0.01,1.25,-56,-0.62,50,0.69,106,PRICE_OI,Daywise_Price_and_OI_Summary_25AUG26_Report_2026-08-05 (1).xlsx,,,,,,,,,,,,,,,,,,,,,,,,,,,,,,,,,,,,,,,,,,,,,,,,,,,,,,,,,,,,,,,,,,,
POWERINDIA,8.53,32645.0,32700.0,32310.0,32625.0,325.0,1.01,0.47,1.04,-9,-0.04,0.0,0.0,86,0.91,52,0.55,-34,PRICE_OI,Daywise_Price_and_OI_Summary_25AUG26_Report_2026-08-05 (1).xlsx,,,,,,,,,,,,,,,,,,,,,,,,,,,,,,,,,,,,,,,,,,,,,,,,,,,,,,,,,,,,,,,,,,,
PREMIERENE,7.46,1054.7,1054.7,1036.0,1039.0,-5.9,-0.56,0.39,0.98,-6,-0.05,-0.05,-6.67,215,8.02,10,0.49,-205,PRICE_OI,Daywise_Price_and_OI_Summary_25AUG26_Report_2026-08-05 (1).xlsx,,,,,,,,,,,,,,,,,,,,,,,,,,,,,,,,,,,,,,,,,,,,,,,,,,,,,,,,,,,,,,,,,,,
PRESTIGE,6.42,1608.0,1631.9,1608.0,1627.3,32.4,2.03,1.06,3.19,-7,-0.06,0.0,0.0,-46,-1.1,-11,-0.4,35,PRICE_OI,Daywise_Price_and_OI_Summary_25AUG26_Report_2026-08-05 (1).xlsx,,,,,,,,,,,,,,,,,,,,,,,,,,,,,,,,,,,,,,,,,,,,,,,,,,,,,,,,,,,,,,,,,,,
RADICO,5.94,4464.6,4517.9,4464.6,4512.7,43.7,0.98,-0.23,-0.81,27,0.5,0.03,2.94,-102,-3.24,-14,-0.44,88,PRICE_OI,Daywise_Price_and_OI_Summary_25AUG26_Report_2026-08-05 (1).xlsx,,,,,,,,,,,,,,,,,,,,,,,,,,,,,,,,,,,,,,,,,,,,,,,,,,,,,,,,,,,,,,,,,,,
RBLBANK,5.52,383.05,385.0,381.7,383.55,1.0,0.26,0.54,1.87,14,0.1,-0.01,-1.2,71,2.09,28,1.0,-43,PRICE_OI,Daywise_Price_and_OI_Summary_25AUG26_Report_2026-08-05 (1).xlsx,,,,,,,,,,,,,,,,,,,,,,,,,,,,,,,,,,,,,,,,,,,,,,,,,,,,,,,,,,,,,,,,,,,
RECLTD,4.6,370.0,371.9,369.45,369.55,1.05,0.28,0.09,0.37,7,0.02,-0.01,-1.47,22,0.23,-16,-0.25,-38,PRICE_OI,Daywise_Price_and_OI_Summary_25AUG26_Report_2026-08-05 (1).xlsx,,,,,,,,,,,,,,,,,,,,,,,,,,,,,,,,,,,,,,,,,,,,,,,,,,,,,,,,,,,,,,,,,,,
RELIANCE,3.63,1303.4,1304.0,1299.0,1300.9,3.5,0.27,-0.16,-0.82,524,0.25,-0.01,-1.28,1280,1.27,60,0.08,-1220,PRICE_OI,Daywise_Price_and_OI_Summary_25AUG26_Report_2026-08-05 (1).xlsx,,,,,,,,,,,,,,,,,,,,,,,,,,,,,,,,,,,,,,,,,,,,,,,,,,,,,,,,,,,,,,,,,,,
RVNL,7.23,234.08,234.69,233.0,233.73,2.08,0.9,-0.11,-0.28,-16,-0.09,0.0,0.0,-29,-0.33,16,0.25,45,PRICE_OI,Daywise_Price_and_OI_Summary_25AUG26_Report_2026-08-05 (1).xlsx,,,,,,,,,,,,,,,,,,,,,,,,,,,,,,,,,,,,,,,,,,,,,,,,,,,,,,,,,,,,,,,,,,,
SAIL,6.45,175.44,175.8,174.17,175.19,0.63,0.36,-0.65,-1.86,-55,-0.15,0.01,1.45,7,0.15,31,0.99,24,PRICE_OI,Daywise_Price_and_OI_Summary_25AUG26_Report_2026-08-05 (1).xlsx,,,,,,,,,,,,,,,,,,,,,,,,,,,,,,,,,,,,,,,,,,,,,,,,,,,,,,,,,,,,,,,,,,,
SBICARD,5.0,668.3,673.45,666.85,667.7,4.15,0.63,-0.24,-0.9,43,0.15,0.01,1.64,-66,-0.84,7,0.15,73,PRICE_OI,Daywise_Price_and_OI_Summary_25AUG26_Report_2026-08-05 (1).xlsx,,,,,,,,,,,,,,,,,,,,,,,,,,,,,,,,,,,,,,,,,,,,,,,,,,,,,,,,,,,,,,,,,,,
SBILIFE,4.12,1879.9,1889.8,1872.7,1885.5,16.3,0.87,-0.36,-1.58,-84,-0.54,0.0,0.0,-39,-0.88,-13,-0.48,26,PRICE_OI,Daywise_Price_and_OI_Summary_25AUG26_Report_2026-08-05 (1).xlsx,,,,,,,,,,,,,,,,,,,,,,,,,,,,,,,,,,,,,,,,,,,,,,,,,,,,,,,,,,,,,,,,,,,
SBIN,4.94,1049.8,1055.0,1045.6,1050.7,10.0,0.96,-0.21,-0.79,336,0.31,0.03,3.26,-544,-1.3,658,1.71,1202,PRICE_OI,Daywise_Price_and_OI_Summary_25AUG26_Report_2026-08-05 (1).xlsx,,,,,,,,,,,,,,,,,,,,,,,,,,,,,,,,,,,,,,,,,,,,,,,,,,,,,,,,,,,,,,,,,,,
SENSEX,0.74,78932.0,79211.3,78920.0,79075.8,430.8,0.55,-0.09,-0.83,20,1.12,-0.04,-2.78,482,4.92,276,1.95,-206,PRICE_OI,Daywise_Price_and_OI_Summary_25AUG26_Report_2026-08-05 (1).xlsx,,,,,,,,,,,,,,,,,,,,,,,,,,,,,,,,,,,,,,,,,,,,,,,,,,,,,,,,,,,,,,,,,,,
SHREECEM,4.54,26895.0,27225.0,26840.0,26980.0,170.0,0.63,1.62,7.31,34,0.23,0.05,5.56,-48,-1.86,86,3.69,134,PRICE_OI,Daywise_Price_and_OI_Summary_25AUG26_Report_2026-08-05 (1).xlsx,,,,,,,,,,,,,,,,,,,,,,,,,,,,,,,,,,,,,,,,,,,,,,,,,,,,,,,,,,,,,,,,,,,
SHRIRAMFIN,5.6,1098.1,1107.4,1096.2,1099.5,17.4,1.61,-0.77,-2.51,393,1.23,0.07,13.46,-959,-7.0,376,5.28,1335,PRICE_OI,Daywise_Price_and_OI_Summary_25AUG26_Report_2026-08-05 (1).xlsx,,,,,,,,,,,,,,,,,,,,,,,,,,,,,,,,,,,,,,,,,,,,,,,,,,,,,,,,,,,,,,,,,,,
SIEMENS,7.11,4073.4,4079.9,4033.9,4056.2,39.2,0.98,0.27,0.72,140,0.71,0.03,4.05,-156,-1.88,175,2.87,331,PRICE_OI,Daywise_Price_and_OI_Summary_25AUG26_Report_2026-08-05 (1).xlsx,,,,,,,,,,,,,,,,,,,,,,,,,,,,,,,,,,,,,,,,,,,,,,,,,,,,,,,,,,,,,,,,,,,
SOLARINDS,6.87,18792.0,18880.0,18712.0,18803.0,11.0,0.06,1.69,4.84,18,0.11,-0.02,-2.5,122,3.5,49,1.76,-73,PRICE_OI,Daywise_Price_and_OI_Summary_25AUG26_Report_2026-08-05 (1).xlsx,,,,,,,,,,,,,,,,,,,,,,,,,,,,,,,,,,,,,,,,,,,,,,,,,,,,,,,,,,,,,,,,,,,
SONACOMS,5.62,787.05,794.0,784.15,794.0,8.55,1.09,-0.41,-1.37,19,0.22,0.01,1.16,-6,-0.16,34,1.09,40,PRICE_OI,Daywise_Price_and_OI_Summary_25AUG26_Report_2026-08-05 (1).xlsx,,,,,,,,,,,,,,,,,,,,,,,,,,,,,,,,,,,,,,,,,,,,,,,,,,,,,,,,,,,,,,,,,,,
SRF,5.0,2658.5,2658.5,2636.8,2642.7,7.4,0.28,0.62,2.4,48,0.21,0.0,0.0,100,0.71,20,0.31,-80,PRICE_OI,Daywise_Price_and_OI_Summary_25AUG26_Report_2026-08-05 (1).xlsx,,,,,,,,,,,,,,,,,,,,,,,,,,,,,,,,,,,,,,,,,,,,,,,,,,,,,,,,,,,,,,,,,,,
SUNPHARMA,3.55,1964.1,1968.5,1942.5,1947.4,-14.3,-0.73,0.88,4.88,48,0.12,-0.03,-5.0,1082,5.26,-48,-0.39,-1130,PRICE_OI,Daywise_Price_and_OI_Summary_25AUG26_Report_2026-08-05 (1).xlsx,,,,,,,,,,,,,,,,,,,,,,,,,,,,,,,,,,,,,,,,,,,,,,,,,,,,,,,,,,,,,,,,,,,
SUPREMEIND,5.87,3520.0,3520.0,3498.8,3510.7,-8.2,-0.23,1.38,4.66,26,0.2,-0.03,-3.95,171,3.78,-4,-0.12,-175,PRICE_OI,Daywise_Price_and_OI_Summary_25AUG26_Report_2026-08-05 (1).xlsx,,,,,,,,,,,,,,,,,,,,,,,,,,,,,,,,,,,,,,,,,,,,,,,,,,,,,,,,,,,,,,,,,,,
SUZLON,7.07,48.64,48.94,48.59,48.8,0.36,0.74,-0.64,-1.69,-7,-0.02,0.0,0.0,21,0.12,12,0.13,-9,PRICE_OI,Daywise_Price_and_OI_Summary_25AUG26_Report_2026-08-05 (1).xlsx,,,,,,,,,,,,,,,,,,,,,,,,,,,,,,,,,,,,,,,,,,,,,,,,,,,,,,,,,,,,,,,,,,,
SWIGGY,8.01,292.0,292.85,289.35,291.7,2.05,0.71,0.3,0.7,212,0.58,-0.04,-5.63,801,5.47,-10,-0.1,-811,PRICE_OI,Daywise_Price_and_OI_Summary_25AUG26_Report_2026-08-05 (1).xlsx,,,,,,,,,,,,,,,,,,,,,,,,,,,,,,,,,,,,,,,,,,,,,,,,,,,,,,,,,,,,,,,,,,,
TATACONSUM,4.18,1089.8,1094.2,1087.3,1093.5,4.2,0.39,-0.22,-0.98,28,0.1,0.0,0.0,53,0.67,-9,-0.19,-62,PRICE_OI,Daywise_Price_and_OI_Summary_25AUG26_Report_2026-08-05 (1).xlsx,,,,,,,,,,,,,,,,,,,,,,,,,,,,,,,,,,,,,,,,,,,,,,,,,,,,,,,,,,,,,,,,,,,
TATAELXSI,6.02,3784.9,3798.6,3761.3,3768.7,16.7,0.45,-0.01,-0.03,-41,-0.21,-0.02,-3.28,28,0.29,-173,-2.9,-201,PRICE_OI,Daywise_Price_and_OI_Summary_25AUG26_Report_2026-08-05 (1).xlsx,,,,,,,,,,,,,,,,,,,,,,,,,,,,,,,,,,,,,,,,,,,,,,,,,,,,,,,,,,,,,,,,,,,
TATAPOWER,3.66,383.0,384.4,382.9,383.4,1.0,0.26,-0.3,-1.51,-49,-0.11,0.0,0.0,172,0.96,131,0.99,-41,PRICE_OI,Daywise_Price_and_OI_Summary_25AUG26_Report_2026-08-05 (1).xlsx,,,,,,,,,,,,,,,,,,,,,,,,,,,,,,,,,,,,,,,,,,,,,,,,,,,,,,,,,,,,,,,,,,,
TATASTEEL,4.33,193.21,193.3,191.7,192.27,0.73,0.38,0.05,0.22,77,0.12,0.01,1.39,-29,-0.11,112,0.59,141,PRICE_OI,Daywise_Price_and_OI_Summary_25AUG26_Report_2026-08-05 (1).xlsx,,,,,,,,,,,,,,,,,,,,,,,,,,,,,,,,,,,,,,,,,,,,,,,,,,,,,,,,,,,,,,,,,,,
TCS,4.83,2470.0,2474.0,2447.3,2448.0,-9.4,-0.38,0.24,0.94,147,0.11,0.0,0.0,303,0.6,354,0.79,51,PRICE_OI,Daywise_Price_and_OI_Summary_25AUG26_Report_2026-08-05 (1).xlsx,,,,,,,,,,,,,,,,,,,,,,,,,,,,,,,,,,,,,,,,,,,,,,,,,,,,,,,,,,,,,,,,,,,
TECHM,4.95,1668.8,1668.8,1653.8,1655.8,3.9,0.24,-0.02,-0.08,-21,-0.07,0.0,0.0,-15,-0.15,-63,-0.96,-48,PRICE_OI,Daywise_Price_and_OI_Summary_25AUG26_Report_2026-08-05 (1).xlsx,,,,,,,,,,,,,,,,,,,,,,,,,,,,,,,,,,,,,,,,,,,,,,,,,,,,,,,,,,,,,,,,,,,
TIINDIA,7.69,2788.9,2814.3,2778.8,2809.7,60.9,2.22,2,5.3,-72,-0.64,0.05,7.81,-94,-5.16,19,1.63,113,PRICE_OI,Daywise_Price_and_OI_Summary_25AUG26_Report_2026-08-05 (1).xlsx,,,,,,,,,,,,,,,,,,,,,,,,,,,,,,,,,,,,,,,,,,,,,,,,,,,,,,,,,,,,,,,,,,,
TITAN,4.45,4895.3,4916.6,4890.1,4902.6,4.9,0.1,-0.08,-0.34,8,0.03,0.0,0.0,155,0.95,15,0.12,-140,PRICE_OI,Daywise_Price_and_OI_Summary_25AUG26_Report_2026-08-05 (1).xlsx,,,,,,,,,,,,,,,,,,,,,,,,,,,,,,,,,,,,,,,,,,,,,,,,,,,,,,,,,,,,,,,,,,,
TMPV,6.28,349.8,353.7,348.85,351.45,5.5,1.59,0.02,0.06,-189,-0.4,0.04,5.33,-411,-2.08,519,3.49,930,PRICE_OI,Daywise_Price_and_OI_Summary_25AUG26_Report_2026-08-05 (1).xlsx,,,,,,,,,,,,,,,,,,,,,,,,,,,,,,,,,,,,,,,,,,,,,,,,,,,,,,,,,,,,,,,,,,,
TORNTPHARM,4.74,5075.0,5075.0,5003.5,5010.0,-54.5,-1.08,1.41,5.93,63,0.22,-0.01,-1.75,218,2.78,48,1.07,-170,PRICE_OI,Daywise_Price_and_OI_Summary_25AUG26_Report_2026-08-05 (1).xlsx,,,,,,,,,,,,,,,,,,,,,,,,,,,,,,,,,,,,,,,,,,,,,,,,,,,,,,,,,,,,,,,,,,,
TRENT,6.7,3100.0,3141.0,3086.2,3136.4,55.6,1.8,0.6,1.71,-29,-0.06,0.05,6.85,-989,-7.71,-195,-2.07,794,PRICE_OI,Daywise_Price_and_OI_Summary_25AUG26_Report_2026-08-05 (1).xlsx,,,,,,,,,,,,,,,,,,,,,,,,,,,,,,,,,,,,,,,,,,,,,,,,,,,,,,,,,,,,,,,,,,,
TVSMOTOR,5.04,4392.1,4448.5,4358.0,4427.9,58.0,1.33,0.87,3.37,487,0.95,0.0,0.0,537,3.61,501,3.23,-36,PRICE_OI,Daywise_Price_and_OI_Summary_25AUG26_Report_2026-08-05 (1).xlsx,,,,,,,,,,,,,,,,,,,,,,,,,,,,,,,,,,,,,,,,,,,,,,,,,,,,,,,,,,,,,,,,,,,
ULTRACEMCO,3.68,12035.0,12091.0,12021.0,12078.0,70.0,0.58,0.35,1.81,25,0.08,0.04,8.0,-331,-3.07,263,4.89,594,PRICE_OI,Daywise_Price_and_OI_Summary_25AUG26_Report_2026-08-05 (1).xlsx,,,,,,,,,,,,,,,,,,,,,,,,,,,,,,,,,,,,,,,,,,,,,,,,,,,,,,,,,,,,,,,,,,,
UNIONBANK,5.93,175.1,179.09,175.1,178.37,4.13,2.37,2.11,7.03,129,0.48,0.02,2.3,-22,-0.32,125,2.09,147,PRICE_OI,Daywise_Price_and_OI_Summary_25AUG26_Report_2026-08-05 (1).xlsx,,,,,,,,,,,,,,,,,,,,,,,,,,,,,,,,,,,,,,,,,,,,,,,,,,,,,,,,,,,,,,,,,,,
UNITDSPR,4.38,1531.0,1538.0,1526.9,1535.0,-0.6,-0.04,-,-,10,0.05,0.01,1.1,12,0.23,30,0.62,18,PRICE_OI,Daywise_Price_and_OI_Summary_25AUG26_Report_2026-08-05 (1).xlsx,,,,,,,,,,,,,,,,,,,,,,,,,,,,,,,,,,,,,,,,,,,,,,,,,,,,,,,,,,,,,,,,,,,
UNOMINDA,6.29,1239.9,1275.8,1239.9,1275.0,42.4,3.44,0.52,1.58,30,0.35,-0.09,-11.84,780,22.59,198,7.55,-582,PRICE_OI,Daywise_Price_and_OI_Summary_25AUG26_Report_2026-08-05 (1).xlsx,,,,,,,,,,,,,,,,,,,,,,,,,,,,,,,,,,,,,,,,,,,,,,,,,,,,,,,,,,,,,,,,,,,
UPL,5.42,586.75,586.75,578.35,583.0,-2.05,-0.35,-0.06,-0.21,253,1.02,-0.01,-2.0,566,4.09,84,1.21,-482,PRICE_OI,Daywise_Price_and_OI_Summary_25AUG26_Report_2026-08-05 (1).xlsx,,,,,,,,,,,,,,,,,,,,,,,,,,,,,,,,,,,,,,,,,,,,,,,,,,,,,,,,,,,,,,,,,,,
VBL,5.39,445.85,446.05,442.8,445.1,2.8,0.63,0.11,0.4,62,0.15,0.0,0.0,211,1.14,-3,-0.03,-214,PRICE_OI,Daywise_Price_and_OI_Summary_25AUG26_Report_2026-08-05 (1).xlsx,,,,,,,,,,,,,,,,,,,,,,,,,,,,,,,,,,,,,,,,,,,,,,,,,,,,,,,,,,,,,,,,,,,
VEDL,5.78,272.4,272.4,269.45,270.95,1.3,0.48,0.29,0.95,159,0.36,0.0,0.0,-124,-0.5,-8,-0.06,116,PRICE_OI,Daywise_Price_and_OI_Summary_25AUG26_Report_2026-08-05 (1).xlsx,,,,,,,,,,,,,,,,,,,,,,,,,,,,,,,,,,,,,,,,,,,,,,,,,,,,,,,,,,,,,,,,,,,
VMM,5.7,112.02,112.02,110.34,110.47,-1.39,-1.24,0.09,0.3,66,0.68,-0.01,-1.67,37,1.84,10,0.83,-27,PRICE_OI,Daywise_Price_and_OI_Summary_25AUG26_Report_2026-08-05 (1).xlsx,,,,,,,,,,,,,,,,,,,,,,,,,,,,,,,,,,,,,,,,,,,,,,,,,,,,,,,,,,,,,,,,,,,
VOLTAS,6.88,1322.4,1329.0,1311.0,1324.7,4.1,0.31,1.17,3.29,134,0.71,-0.1,-9.26,365,9.24,-26,-0.61,-391,PRICE_OI,Daywise_Price_and_OI_Summary_25AUG26_Report_2026-08-05 (1).xlsx,,,,,,,,,,,,,,,,,,,,,,,,,,,,,,,,,,,,,,,,,,,,,,,,,,,,,,,,,,,,,,,,,,,
WAAREEENER,5.67,2686.0,2703.8,2685.9,2702.6,20.6,0.77,-0.13,-0.42,-55,-0.13,-0.01,-1.75,-8,-0.05,-135,-1.39,-127,PRICE_OI,Daywise_Price_and_OI_Summary_25AUG26_Report_2026-08-05 (1).xlsx,,,,,,,,,,,,,,,,,,,,,,,,,,,,,,,,,,,,,,,,,,,,,,,,,,,,,,,,,,,,,,,,,,,
WIPRO,5.07,188.0,189.29,188.0,188.59,0.14,0.07,0.26,0.98,-31,-0.04,0.0,0.0,-85,-0.4,-1,-0.01,84,PRICE_OI,Daywise_Price_and_OI_Summary_25AUG26_Report_2026-08-05 (1).xlsx,,,,,,,,,,,,,,,,,,,,,,,,,,,,,,,,,,,,,,,,,,,,,,,,,,,,,,,,,,,,,,,,,,,
YESBANK,4.94,22.97,23.17,22.95,23.08,0.17,0.74,-0.41,-1.53,-2,-0.01,0.01,1.67,-43,-0.44,65,1.09,108,PRICE_OI,Daywise_Price_and_OI_Summary_25AUG26_Report_2026-08-05 (1).xlsx,,,,,,,,,,,,,,,,,,,,,,,,,,,,,,,,,,,,,,,,,,,,,,,,,,,,,,,,,,,,,,,,,,,
ZYDUSLIFE,5.26,1125.0,1125.0,1107.6,1113.2,-6.3,-0.56,0.68,2.25,46,0.41,-0.03,-4.0,115,5.76,13,0.86,-102,PRICE_OI,Daywise_Price_and_OI_Summary_25AUG26_Report_2026-08-05 (1).xlsx,,,,,,,,,,,,,,,,,,,,,,,,,,,,,,,,,,,,,,,,,,,,,,,,,,,,,,,,,,,,,,,,,,,
LICI,,,,,,4.5,,,,-926,-1.96,,,,,,,,FUTURES_OI,FuturesOI_25AUG26_Scan_4_8_2026 (1).xlsx,Insurance,394.8,1.15,46380,0.7,SC,392.35,2.45,0.62,-723,-1.54,SC,-,-,-,-,-,-,-,-,-,-,-,-,,,,,,,,,,,,,,,,,,,,,,,,,,,,,,,,,,,,,,,,,,,
BANKINDIA,,,,,,2.6,,,,-284,-1.54,,,,,,,,FUTURES_OI,FuturesOI_25AUG26_Scan_4_8_2026 (1).xlsx,Banks,142.84,1.85,18208,0.84,SC,141.65,1.19,0.84,-286,-1.55,SC,-,-,-,-,-,-,-,-,-,-,-,-,,,,,,,,,,,,,,,,,,,,,,,,,,,,,,,,,,,,,,,,,,,
BANKNIFTY,,,,,,365.8,,,,-886,-1.24,,,,,,,,FUTURES_OI,FuturesOI_25AUG26_Scan_4_8_2026 (1).xlsx,,58082.2,0.63,70711,0.86,SC,58066,16.2,0.03,-1075,-1.5,SC,-,-,-,-,-,-,-,-,-,-,-,-,,,,,,,,,,,,,,,,,,,,,,,,,,,,,,,,,,,,,,,,,,,
FINNIFTY,,,,,,148.8,,,,-4,-0.79,,,,,,,,FUTURES_OI,FuturesOI_25AUG26_Scan_4_8_2026 (1).xlsx,,26922.2,0.56,503,0.74,SC,26974,-51.8,-0.19,-2,-0.4,LU,-,-,-,-,-,-,-,-,-,-,-,-,,,,,,,,,,,,,,,,,,,,,,,,,,,,,,,,,,,,,,,,,,,
MAZDOCK,,,,,,33.9,,,,-142,-0.63,,,,,,,,FUTURES_OI,FuturesOI_25AUG26_Scan_4_8_2026 (1).xlsx,Aerospace & Defence,2421.0,1.42,22246,0.66,SC,2416.5,4.5,0.19,-148,-0.66,SC,-,-,-,-,-,-,-,-,-,-,-,-,,,,,,,,,,,,,,,,,,,,,,,,,,,,,,,,,,,,,,,,,,,
ADANIENT,,,,,,42.1,,,,-320,-0.62,,,,,,,,FUTURES_OI,FuturesOI_25AUG26_Scan_4_8_2026 (1).xlsx,Trading,3086.2,1.38,50990,0.82,SC,3079,7.2,0.23,-292,-0.57,SC,-,-,-,-,-,-,-,-,-,-,-,-,,,,,,,,,,,,,,,,,,,,,,,,,,,,,,,,,,,,,,,,,,,
LT,,,,,,57.2,,,,-387,-0.59,,,,,,,,FUTURES_OI,FuturesOI_25AUG26_Scan_4_8_2026 (1).xlsx,Infrastructure Developers & Operators,4078.2,1.42,64947,0.86,SC,4075.1,3.1,0.08,-566,-0.86,SC,-,-,-,-,-,-,-,-,-,-,-,-,,,,,,,,,,,,,,,,,,,,,,,,,,,,,,,,,,,,,,,,,,,
FORCEMOT,,,,,,212,,,,-58,-0.58,,,,,,,,FUTURES_OI,FuturesOI_25AUG26_Scan_4_8_2026 (1).xlsx,Automobile,18651.0,1.15,9926,0.85,SC,18775,-124,-0.66,-69,-0.69,LU,-,-,-,-,-,-,-,-,-,-,-,-,,,,,,,,,,,,,,,,,,,,,,,,,,,,,,,,,,,,,,,,,,,
LODHA,,,,,,23.2,,,,-108,-0.58,,,,,,,,FUTURES_OI,FuturesOI_25AUG26_Scan_4_8_2026 (1).xlsx,Realty,1247.6,1.89,18508,0.7,SC,1248.7,-1.1,-0.09,-103,-0.55,LU,-,-,-,-,-,-,-,-,-,-,-,-,,,,,,,,,,,,,,,,,,,,,,,,,,,,,,,,,,,,,,,,,,,
MUTHOOTFIN,,,,,,42.6,,,,-138,-0.55,,,,,,,,FUTURES_OI,FuturesOI_25AUG26_Scan_4_8_2026 (1).xlsx,Finance,2933.4,1.47,24815,0.55,SC,2949.6,-16.2,-0.55,-261,-1.04,LU,-,-,-,-,-,-,-,-,-,-,-,-,,,,,,,,,,,,,,,,,,,,,,,,,,,,,,,,,,,,,,,,,,,
GODFRYPHLP,,,,,,-28.2,,,,-36,-0.54,,,,,,,,FUTURES_OI,FuturesOI_25AUG26_Scan_4_8_2026 (1).xlsx,Tobacco Products,2303.5,-1.21,6691,0.54,LU,2330.1,-26.6,-1.14,-40,-0.59,LU,-,-,-,-,-,-,-,-,-,-,-,-,,,,,,,,,,,,,,,,,,,,,,,,,,,,,,,,,,,,,,,,,,,
NIFTY,,,,,,143.4,,,,-980,-0.54,,,,,,,,FUTURES_OI,FuturesOI_25AUG26_Scan_4_8_2026 (1).xlsx,,24699.0,0.58,180306,1.11,SC,24717,-18,-0.07,-449,-0.25,LU,-,-,-,-,-,-,-,-,-,-,-,-,,,,,,,,,,,,,,,,,,,,,,,,,,,,,,,,,,,,,,,,,,,
MANAPPURAM,,,,,,5.2,,,,-110,-0.52,,,,,,,,FUTURES_OI,FuturesOI_25AUG26_Scan_4_8_2026 (1).xlsx,Finance,363.8,1.45,21073,0.65,SC,367.25,-3.45,-0.94,-156,-0.74,LU,-,-,-,-,-,-,-,-,-,-,-,-,,,,,,,,,,,,,,,,,,,,,,,,,,,,,,,,,,,,,,,,,,,
TIINDIA,,,,,,52.2,,,,-51,-0.45,,,,,,,,FUTURES_OI,FuturesOI_25AUG26_Scan_4_8_2026 (1).xlsx,Capital Goods-Non Electrical Equipment,2801.0,1.9,11237,0.69,SC,2792.9,8.1,0.29,-54,-0.48,SC,-,-,-,-,-,-,-,-,-,-,-,-,,,,,,,,,,,,,,,,,,,,,,,,,,,,,,,,,,,,,,,,,,,
BDL,,,,,,13,,,,-73,-0.43,,,,,,,,FUTURES_OI,FuturesOI_25AUG26_Scan_4_8_2026 (1).xlsx,Aerospace & Defence,1267.9,1.04,16850,0.8,SC,1267.9,-,-,-74,-0.44,-,-,-,-,-,-,-,-,-,-,-,-,-,,,,,,,,,,,,,,,,,,,,,,,,,,,,,,,,,,,,,,,,,,,
KEI,,,,,,-1.2,,,,-38,-0.39,,,,,,,,FUTURES_OI,FuturesOI_25AUG26_Scan_4_8_2026 (1).xlsx,Cables,5520.3,-0.02,9799,1.01,LU,5475,45.3,0.83,-47,-0.48,SC,-,-,-,-,-,-,-,-,-,-,-,-,,,,,,,,,,,,,,,,,,,,,,,,,,,,,,,,,,,,,,,,,,,
JUBLFOOD,,,,,,12.2,,,,-49,-0.37,,,,,,,,FUTURES_OI,FuturesOI_25AUG26_Scan_4_8_2026 (1).xlsx,Quick Service Restaurant,479.0,2.61,13064,0.75,SC,477.1,1.9,0.4,-68,-0.52,SC,-,-,-,-,-,-,-,-,-,-,-,-,,,,,,,,,,,,,,,,,,,,,,,,,,,,,,,,,,,,,,,,,,,
CAMS,,,,,,6.7,,,,-32,-0.36,,,,,,,,FUTURES_OI,FuturesOI_25AUG26_Scan_4_8_2026 (1).xlsx,Financial Services,814.3,0.83,8951,0.51,SC,816.75,-2.45,-0.3,-62,-0.69,LU,-,-,-,-,-,-,-,-,-,-,-,-,,,,,,,,,,,,,,,,,,,,,,,,,,,,,,,,,,,,,,,,,,,
GODREJPROP,,,,,,85,,,,-84,-0.35,,,,,,,,FUTURES_OI,FuturesOI_25AUG26_Scan_4_8_2026 (1).xlsx,Realty,2123.6,4.17,24146,0.6,SC,2093.3,30.3,1.45,-71,-0.29,SC,-,-,-,-,-,-,-,-,-,-,-,-,,,,,,,,,,,,,,,,,,,,,,,,,,,,,,,,,,,,,,,,,,,
TMPV,,,,,,6.25,,,,-163,-0.35,,,,,,,,FUTURES_OI,FuturesOI_25AUG26_Scan_4_8_2026 (1).xlsx,Automobile,352.2,1.81,46520,0.79,SC,350.5,1.7,0.49,-179,-0.38,SC,-,-,-,-,-,-,-,-,-,-,-,-,,,,,,,,,,,,,,,,,,,,,,,,,,,,,,,,,,,,,,,,,,,
BANDHANBNK,,,,,,1.44,,,,-108,-0.29,,,,,,,,FUTURES_OI,FuturesOI_25AUG26_Scan_4_8_2026 (1).xlsx,Banks,174.69,0.83,36842,0.53,SC,174.87,-0.18,-0.1,-105,-0.28,LU,-,-,-,-,-,-,-,-,-,-,-,-,,,,,,,,,,,,,,,,,,,,,,,,,,,,,,,,,,,,,,,,,,,
IRFC,,,,,,0.7,,,,-46,-0.28,,,,,,,,FUTURES_OI,FuturesOI_25AUG26_Scan_4_8_2026 (1).xlsx,Finance,90.3,0.78,16155,0.69,SC,90.48,-0.18,-0.2,-33,-0.2,LU,-,-,-,-,-,-,-,-,-,-,-,-,,,,,,,,,,,,,,,,,,,,,,,,,,,,,,,,,,,,,,,,,,,
AMBER,,,,,,44.5,,,,-31,-0.25,,,,,,,,FUTURES_OI,FuturesOI_25AUG26_Scan_4_8_2026 (1).xlsx,Consumer Durables,7440.0,0.6,12336,1.25,SC,7442.5,-2.5,-0.03,-31,-0.25,LU,-,-,-,-,-,-,-,-,-,-,-,-,,,,,,,,,,,,,,,,,,,,,,,,,,,,,,,,,,,,,,,,,,,
INDIANB,,,,,,18.5,,,,-30,-0.25,,,,,,,,FUTURES_OI,FuturesOI_25AUG26_Scan_4_8_2026 (1).xlsx,Banks,864.0,2.19,12054,1.08,SC,853.5,10.5,1.23,-25,-0.21,SC,-,-,-,-,-,-,-,-,-,-,-,-,,,,,,,,,,,,,,,,,,,,,,,,,,,,,,,,,,,,,,,,,,,
TATAELXSI,,,,,,16.5,,,,-45,-0.24,,,,,,,,FUTURES_OI,FuturesOI_25AUG26_Scan_4_8_2026 (1).xlsx,IT - Software,3768.5,0.44,19060,0.6,SC,3775.4,-6.9,-0.18,-43,-0.23,LU,-,-,-,-,-,-,-,-,-,-,-,-,,,,,,,,,,,,,,,,,,,,,,,,,,,,,,,,,,,,,,,,,,,
PRESTIGE,,,,,,30.5,,,,-21,-0.18,,,,,,,,FUTURES_OI,FuturesOI_25AUG26_Scan_4_8_2026 (1).xlsx,Realty,1625.4,1.91,11426,0.67,SC,1628.4,-3,-0.18,-16,-0.14,LU,-,-,-,-,-,-,-,-,-,-,-,-,,,,,,,,,,,,,,,,,,,,,,,,,,,,,,,,,,,,,,,,,,,
SAIL,,,,,,0.5,,,,-57,-0.15,,,,,,,,FUTURES_OI,FuturesOI_25AUG26_Scan_4_8_2026 (1).xlsx,Steel,175.06,0.29,37680,0.68,SC,174.88,0.18,0.1,-77,-0.2,SC,-,-,-,-,-,-,-,-,-,-,-,-,,,,,,,,,,,,,,,,,,,,,,,,,,,,,,,,,,,,,,,,,,,
INOXWIND,,,,,,0.98,,,,-22,-0.13,,,,,,,,FUTURES_OI,FuturesOI_25AUG26_Scan_4_8_2026 (1).xlsx,Capital Goods - Electrical Equipment,80.5,1.23,16504,0.66,SC,80.12,0.38,0.47,-25,-0.15,SC,-,-,-,-,-,-,-,-,-,-,-,-,,,,,,,,,,,,,,,,,,,,,,,,,,,,,,,,,,,,,,,,,,,
PHOENIXLTD,,,,,,18.8,,,,-13,-0.13,,,,,,,,FUTURES_OI,FuturesOI_25AUG26_Scan_4_8_2026 (1).xlsx,Realty,1965.0,0.97,10306,0.6,SC,1956.7,8.3,0.42,-15,-0.15,SC,-,-,-,-,-,-,-,-,-,-,-,-,,,,,,,,,,,,,,,,,,,,,,,,,,,,,,,,,,,,,,,,,,,
COCHINSHIP,,,,,,9.1,,,,-16,-0.12,,,,,,,,FUTURES_OI,FuturesOI_25AUG26_Scan_4_8_2026 (1).xlsx,Aerospace & Defence,1450.0,0.63,13017,0.83,SC,1450.6,-0.6,-0.04,-20,-0.15,LU,-,-,-,-,-,-,-,-,-,-,-,-,,,,,,,,,,,,,,,,,,,,,,,,,,,,,,,,,,,,,,,,,,,
KPITTECH,,,,,,0.85,,,,-20,-0.12,,,,,,,,FUTURES_OI,FuturesOI_25AUG26_Scan_4_8_2026 (1).xlsx,IT - Software,622.8,0.14,16258,0.61,SC,623,-0.2,-0.03,-22,-0.14,LU,-,-,-,-,-,-,-,-,-,-,-,-,,,,,,,,,,,,,,,,,,,,,,,,,,,,,,,,,,,,,,,,,,,
TATAPOWER,,,,,,0.85,,,,-49,-0.11,,,,,,,,FUTURES_OI,FuturesOI_25AUG26_Scan_4_8_2026 (1).xlsx,Power Generation & Distribution,383.25,0.22,42801,0.75,SC,383.8,-0.55,-0.14,-43,-0.1,LU,-,-,-,-,-,-,-,-,-,-,-,-,,,,,,,,,,,,,,,,,,,,,,,,,,,,,,,,,,,,,,,,,,,
BANKBARODA,,,,,,4.24,,,,-46,-0.1,,,,,,,,FUTURES_OI,FuturesOI_25AUG26_Scan_4_8_2026 (1).xlsx,Banks,250.88,1.72,44533,0.96,SC,249.27,1.61,0.65,-59,-0.13,SC,-,-,-,-,-,-,-,-,-,-,-,-,,,,,,,,,,,,,,,,,,,,,,,,,,,,,,,,,,,,,,,,,,,
NTPC,,,,,,3.35,,,,-63,-0.1,,,,,,,,FUTURES_OI,FuturesOI_25AUG26_Scan_4_8_2026 (1).xlsx,Power Generation & Distribution,347.3,0.97,65599,0.66,SC,345,2.3,0.67,-51,-0.08,SC,-,-,-,-,-,-,-,-,-,-,-,-,,,,,,,,,,,,,,,,,,,,,,,,,,,,,,,,,,,,,,,,,,,
PAGEIND,,,,,,5,,,,-12,-0.1,,,,,,,,FUTURES_OI,FuturesOI_25AUG26_Scan_4_8_2026 (1).xlsx,Readymade Garments/ Apparells,39975.0,0.01,11726,0.67,SC,39915,60,0.15,-24,-0.2,SC,-,-,-,-,-,-,-,-,-,-,-,-,,,,,,,,,,,,,,,,,,,,,,,,,,,,,,,,,,,,,,,,,,,
WAAREEENER,,,,,,12.3,,,,-38,-0.09,,,,,,,,FUTURES_OI,FuturesOI_25AUG26_Scan_4_8_2026 (1).xlsx,Capital Goods - Electrical Equipment,2694.3,0.46,42571,0.57,SC,2700,-5.7,-0.21,-40,-0.09,LU,-,-,-,-,-,-,-,-,-,-,-,-,,,,,,,,,,,,,,,,,,,,,,,,,,,,,,,,,,,,,,,,,,,
INDUSINDBK,,,,,,14,,,,-34,-0.07,,,,,,,,FUTURES_OI,FuturesOI_25AUG26_Scan_4_8_2026 (1).xlsx,Banks,1035.0,1.37,47919,0.58,SC,1032.2,2.8,0.27,-56,-0.12,SC,-,-,-,-,-,-,-,-,-,-,-,-,,,,,,,,,,,,,,,,,,,,,,,,,,,,,,,,,,,,,,,,,,,
JSWENERGY,,,,,,0.85,,,,-16,-0.07,,,,,,,,FUTURES_OI,FuturesOI_25AUG26_Scan_4_8_2026 (1).xlsx,Power Generation & Distribution,570.3,0.15,22727,1.03,SC,571.15,-0.85,-0.15,-12,-0.05,LU,-,-,-,-,-,-,-,-,-,-,-,-,,,,,,,,,,,,,,,,,,,,,,,,,,,,,,,,,,,,,,,,,,,
TECHM,,,,,,4,,,,-20,-0.07,,,,,,,,FUTURES_OI,FuturesOI_25AUG26_Scan_4_8_2026 (1).xlsx,IT - Software,1655.9,0.24,28535,0.65,SC,1658,-2.1,-0.13,-17,-0.06,LU,-,-,-,-,-,-,-,-,-,-,-,-,,,,,,,,,,,,,,,,,,,,,,,,,,,,,,,,,,,,,,,,,,,
APLAPOLLO,,,,,,3.5,,,,-9,-0.06,,,,,,,,FUTURES_OI,FuturesOI_25AUG26_Scan_4_8_2026 (1).xlsx,Capital Goods-Non Electrical Equipment,1934.0,0.18,15938,0.89,SC,1948,-14,-0.72,-12,-0.08,LU,-,-,-,-,-,-,-,-,-,-,-,-,,,,,,,,,,,,,,,,,,,,,,,,,,,,,,,,,,,,,,,,,,,
PETRONET,,,,,,2.05,,,,-10,-0.06,,,,,,,,FUTURES_OI,FuturesOI_25AUG26_Scan_4_8_2026 (1).xlsx,Gas Distribution,282.45,0.73,16834,0.99,SC,282.95,-0.5,-0.18,-11,-0.07,LU,-,-,-,-,-,-,-,-,-,-,-,-,,,,,,,,,,,,,,,,,,,,,,,,,,,,,,,,,,,,,,,,,,,
RVNL,,,,,,1.85,,,,-10,-0.06,,,,,,,,FUTURES_OI,FuturesOI_25AUG26_Scan_4_8_2026 (1).xlsx,Infrastructure Developers & Operators,233.5,0.8,18142,0.74,SC,233.42,0.08,0.03,-7,-0.04,SC,-,-,-,-,-,-,-,-,-,-,-,-,,,,,,,,,,,,,,,,,,,,,,,,,,,,,,,,,,,,,,,,,,,
AXISBANK,,,,,,5.9,,,,-49,-0.04,,,,,,,,FUTURES_OI,FuturesOI_25AUG26_Scan_4_8_2026 (1).xlsx,Banks,1257.9,0.47,128804,0.71,SC,1264.5,-6.6,-0.52,-88,-0.07,LU,-,-,-,-,-,-,-,-,-,-,-,-,,,,,,,,,,,,,,,,,,,,,,,,,,,,,,,,,,,,,,,,,,,
GAIL,,,,,,0.61,,,,-9,-0.04,,,,,,,,FUTURES_OI,FuturesOI_25AUG26_Scan_4_8_2026 (1).xlsx,Gas Distribution,176.95,0.35,25652,0.4,SC,177.3,-0.35,-0.2,-10,-0.04,LU,-,-,-,-,-,-,-,-,-,-,-,-,,,,,,,,,,,,,,,,,,,,,,,,,,,,,,,,,,,,,,,,,,,
INDUSTOWER,,,,,,1.2,,,,-20,-0.04,,,,,,,,FUTURES_OI,FuturesOI_25AUG26_Scan_4_8_2026 (1).xlsx,Telecom Equipment & Infra Services,391.5,0.31,52610,0.6,SC,391.25,0.25,0.06,-19,-0.04,SC,-,-,-,-,-,-,-,-,-,-,-,-,,,,,,,,,,,,,,,,,,,,,,,,,,,,,,,,,,,,,,,,,,,
MIDCPNIFTY,,,,,,81.65,,,,-7,-0.04,,,,,,,,FUTURES_OI,FuturesOI_25AUG26_Scan_4_8_2026 (1).xlsx,,14938.4,0.55,15696,1.14,SC,14930,8.4,0.06,-23,-0.15,SC,-,-,-,-,-,-,-,-,-,-,-,-,,,,,,,,,,,,,,,,,,,,,,,,,,,,,,,,,,,,,,,,,,,
BEL,,,,,,0.4,,,,-21,-0.03,,,,,,,,FUTURES_OI,FuturesOI_25AUG26_Scan_4_8_2026 (1).xlsx,Aerospace & Defence,392.65,0.1,72348,0.59,SC,392.75,-0.1,-0.03,-137,-0.19,LU,-,-,-,-,-,-,-,-,-,-,-,-,,,,,,,,,,,,,,,,,,,,,,,,,,,,,,,,,,,,,,,,,,,
CONCOR,,,,,,4.6,,,,-6,-0.03,,,,,,,,FUTURES_OI,FuturesOI_25AUG26_Scan_4_8_2026 (1).xlsx,Logistics,523.2,0.89,17187,0.7,SC,527.3,-4.1,-0.78,-13,-0.08,LU,-,-,-,-,-,-,-,-,-,-,-,-,,,,,,,,,,,,,,,,,,,,,,,,,,,,,,,,,,,,,,,,,,,
HAVELLS,,,,,,1.6,,,,-5,-0.03,,,,,,,,FUTURES_OI,FuturesOI_25AUG26_Scan_4_8_2026 (1).xlsx,Consumer Durables,1289.1,0.12,17906,0.59,SC,1288.6,0.5,0.04,-14,-0.08,SC,-,-,-,-,-,-,-,-,-,-,-,-,,,,,,,,,,,,,,,,,,,,,,,,,,,,,,,,,,,,,,,,,,,
IDFCFIRSTB,,,,,,0.41,,,,-10,-0.03,,,,,,,,FUTURES_OI,FuturesOI_25AUG26_Scan_4_8_2026 (1).xlsx,Banks,85.93,0.48,38293,0.72,SC,85.98,-0.05,-0.06,-16,-0.04,LU,-,-,-,-,-,-,-,-,-,-,-,-,,,,,,,,,,,,,,,,,,,,,,,,,,,,,,,,,,,,,,,,,,,
TRENT,,,,,,46.1,,,,-16,-0.03,,,,,,,,FUTURES_OI,FuturesOI_25AUG26_Scan_4_8_2026 (1).xlsx,Retail,3126.9,1.5,46825,0.77,SC,3105.5,21.4,0.69,2,-,LB,-,-,-,-,-,-,-,-,-,-,-,-,,,,,,,,,,,,,,,,,,,,,,,,,,,,,,,,,,,,,,,,,,,
HDFCLIFE,,,,,,6.4,,,,-10,-0.02,,,,,,,,FUTURES_OI,FuturesOI_25AUG26_Scan_4_8_2026 (1).xlsx,Insurance,542.1,1.19,42912,0.58,SC,539.35,2.75,0.51,-17,-0.04,SC,-,-,-,-,-,-,-,-,-,-,-,-,,,,,,,,,,,,,,,,,,,,,,,,,,,,,,,,,,,,,,,,,,,
IDEA,,,,,,0.09,,,,-17,-0.02,,,,,,,,FUTURES_OI,FuturesOI_25AUG26_Scan_4_8_2026 (1).xlsx,Telecom-Service,12.96,0.7,82416,0.62,SC,12.99,-0.03,-0.23,-25,-0.03,LU,-,-,-,-,-,-,-,-,-,-,-,-,,,,,,,,,,,,,,,,,,,,,,,,,,,,,,,,,,,,,,,,,,,
WIPRO,,,,,,0.26,,,,-16,-0.02,,,,,,,,FUTURES_OI,FuturesOI_25AUG26_Scan_4_8_2026 (1).xlsx,IT - Software,188.71,0.14,71857,0.69,SC,188.39,0.32,0.17,-22,-0.03,SC,-,-,-,-,-,-,-,-,-,-,-,-,,,,,,,,,,,,,,,,,,,,,,,,,,,,,,,,,,,,,,,,,,,
GRASIM,,,,,,26,,,,-1,0.0,,,,,,,,FUTURES_OI,FuturesOI_25AUG26_Scan_4_8_2026 (1).xlsx,Textiles,3161.0,0.83,47573,0.67,SC,3152.1,8.9,0.28,-8,-0.02,SC,-,-,-,-,-,-,-,-,-,-,-,-,,,,,,,,,,,,,,,,,,,,,,,,,,,,,,,,,,,,,,,,,,,
HDFCAMC,,,,,,33.7,,,,-1,0.0,,,,,,,,FUTURES_OI,FuturesOI_25AUG26_Scan_4_8_2026 (1).xlsx,Finance,2584.8,1.32,21186,0.84,SC,2576.6,8.2,0.32,-4,-0.02,SC,-,-,-,-,-,-,-,-,-,-,-,-,,,,,,,,,,,,,,,,,,,,,,,,,,,,,,,,,,,,,,,,,,,
HINDALCO,,,,,,5,,,,-2,0.0,,,,,,,,FUTURES_OI,FuturesOI_25AUG26_Scan_4_8_2026 (1).xlsx,Non Ferrous Metals,1023.0,0.49,75701,0.79,SC,1025.55,-2.55,-0.25,-74,-0.1,LU,-,-,-,-,-,-,-,-,-,-,-,-,,,,,,,,,,,,,,,,,,,,,,,,,,,,,,,,,,,,,,,,,,,
PERSISTENT,,,,,,53,,,,-,0.0,,,,,,,,FUTURES_OI,FuturesOI_25AUG26_Scan_4_8_2026 (1).xlsx,IT - Software,5555.0,0.96,28441,0.64,-,5520,35,0.63,-13,-0.05,SC,-,-,-,-,-,-,-,-,-,-,-,-,,,,,,,,,,,,,,,,,,,,,,,,,,,,,,,,,,,,,,,,,,,
SUZLON,,,,,,0.31,,,,-,0.0,,,,,,,,FUTURES_OI,FuturesOI_25AUG26_Scan_4_8_2026 (1).xlsx,Capital Goods - Electrical Equipment,48.75,0.64,36301,0.49,-,48.75,-,-,-3,-0.01,-,-,-,-,-,-,-,-,-,-,-,-,-,,,,,,,,,,,,,,,,,,,,,,,,,,,,,,,,,,,,,,,,,,,
BANKEX,,,,,,-,,,,-,0.0,,,,,,,,FUTURES_OI,FuturesOI_25AUG26_Scan_4_8_2026 (1).xlsx,,65532.2,,4,1.32,-,-,-,-,-,-,-,-,-,-,-,-,-,-,-,-,-,-,-,,,,,,,,,,,,,,,,,,,,,,,,,,,,,,,,,,,,,,,,,,,
FOCIT,,,,,,-,,,,-,0.0,,,,,,,,FUTURES_OI,FuturesOI_25AUG26_Scan_4_8_2026 (1).xlsx,,37785.0,,12,0.37,-,-,-,-,-,-,-,-,-,-,-,-,-,-,-,-,-,-,-,,,,,,,,,,,,,,,,,,,,,,,,,,,,,,,,,,,,,,,,,,,
HYUNDAI,,,,,,18.2,,,,2,0.01,,,,,,,,FUTURES_OI,FuturesOI_25AUG26_Scan_4_8_2026 (1).xlsx,Automobile,2215.0,0.83,14399,1.14,LB,2203,12,0.54,-7,-0.05,SC,-,-,-,-,-,-,-,-,-,-,-,-,,,,,,,,,,,,,,,,,,,,,,,,,,,,,,,,,,,,,,,,,,,
INFY,,,,,,9.5,,,,24,0.01,,,,,,,,FUTURES_OI,FuturesOI_25AUG26_Scan_4_8_2026 (1).xlsx,IT - Software,1174.0,0.82,217740,0.96,LB,1175,-1,-0.09,51,0.02,SB,-,-,-,-,-,-,-,-,-,-,-,-,,,,,,,,,,,,,,,,,,,,,,,,,,,,,,,,,,,,,,,,,,,
PIIND,,,,,,8.5,,,,1,0.01,,,,,,,,FUTURES_OI,FuturesOI_25AUG26_Scan_4_8_2026 (1).xlsx,Agro Chemicals,2808.0,0.3,15606,0.84,LB,2812.1,-4.1,-0.15,-6,-0.04,LU,-,-,-,-,-,-,-,-,-,-,-,-,,,,,,,,,,,,,,,,,,,,,,,,,,,,,,,,,,,,,,,,,,,
DRREDDY,,,,,,6.1,,,,4,0.02,,,,,,,,FUTURES_OI,FuturesOI_25AUG26_Scan_4_8_2026 (1).xlsx,Pharmaceuticals,1160.8,0.53,21581,0.6,LB,1158,2.8,0.24,-12,-0.06,SC,-,-,-,-,-,-,-,-,-,-,-,-,,,,,,,,,,,,,,,,,,,,,,,,,,,,,,,,,,,,,,,,,,,
GMRAIRPORT,,,,,,0.94,,,,3,0.02,,,,,,,,FUTURES_OI,FuturesOI_25AUG26_Scan_4_8_2026 (1).xlsx,Miscellaneous,107.32,0.88,18659,1.0,LB,107.72,-0.4,-0.37,-11,-0.06,LU,-,-,-,-,-,-,-,-,-,-,-,-,,,,,,,,,,,,,,,,,,,,,,,,,,,,,,,,,,,,,,,,,,,
ITC,,,,,,0.4,,,,16,0.02,,,,,,,,FUTURES_OI,FuturesOI_25AUG26_Scan_4_8_2026 (1).xlsx,Tobacco Products,288.1,0.14,90950,0.55,LB,287.95,0.15,0.05,2,-,LB,-,-,-,-,-,-,-,-,-,-,-,-,,,,,,,,,,,,,,,,,,,,,,,,,,,,,,,,,,,,,,,,,,,
TITAN,,,,,,6.4,,,,7,0.02,,,,,,,,FUTURES_OI,FuturesOI_25AUG26_Scan_4_8_2026 (1).xlsx,"Diamond, Gems and Jewellery",4904.1,0.13,30004,0.77,LB,4900,4.1,0.08,-2,-0.01,SC,-,-,-,-,-,-,-,-,-,-,-,-,,,,,,,,,,,,,,,,,,,,,,,,,,,,,,,,,,,,,,,,,,,
ABB,,,,,,62.5,,,,5,0.03,,,,,,,,FUTURES_OI,FuturesOI_25AUG26_Scan_4_8_2026 (1).xlsx,Capital Goods - Electrical Equipment,7756.0,0.81,17280,0.58,LB,7715,41,0.53,-,-,-,-,-,-,-,-,-,-,-,-,-,-,-,,,,,,,,,,,,,,,,,,,,,,,,,,,,,,,,,,,,,,,,,,,
YESBANK,,,,,,0.18,,,,10,0.03,,,,,,,,FUTURES_OI,FuturesOI_25AUG26_Scan_4_8_2026 (1).xlsx,Banks,23.09,0.79,37691,0.61,LB,23.04,0.05,0.22,2,0.01,LB,-,-,-,-,-,-,-,-,-,-,-,-,,,,,,,,,,,,,,,,,,,,,,,,,,,,,,,,,,,,,,,,,,,
ALKEM,,,,,,-77.5,,,,4,0.04,,,,,,,,FUTURES_OI,FuturesOI_25AUG26_Scan_4_8_2026 (1).xlsx,Pharmaceuticals,5602.5,-1.36,11187,0.51,SB,5671.5,-69,-1.22,-,-,-,-,-,-,-,-,-,-,-,-,-,-,-,,,,,,,,,,,,,,,,,,,,,,,,,,,,,,,,,,,,,,,,,,,
CROMPTON,,,,,,2,,,,10,0.04,,,,,,,,FUTURES_OI,FuturesOI_25AUG26_Scan_4_8_2026 (1).xlsx,Consumer Durables,268.3,0.75,27942,0.58,LB,267.7,0.6,0.22,7,0.03,LB,-,-,-,-,-,-,-,-,-,-,-,-,,,,,,,,,,,,,,,,,,,,,,,,,,,,,,,,,,,,,,,,,,,
HCLTECH,,,,,,4.3,,,,25,0.04,,,,,,,,FUTURES_OI,FuturesOI_25AUG26_Scan_4_8_2026 (1).xlsx,IT - Software,1368.1,0.32,68309,0.84,LB,1364.9,3.2,0.23,-2,-,SC,-,-,-,-,-,-,-,-,-,-,-,-,,,,,,,,,,,,,,,,,,,,,,,,,,,,,,,,,,,,,,,,,,,
RECLTD,,,,,,2.45,,,,10,0.04,,,,,,,,FUTURES_OI,FuturesOI_25AUG26_Scan_4_8_2026 (1).xlsx,Finance,370.95,0.66,28379,0.67,LB,371.55,-0.6,-0.16,11,0.04,SB,-,-,-,-,-,-,-,-,-,-,-,-,,,,,,,,,,,,,,,,,,,,,,,,,,,,,,,,,,,,,,,,,,,
BHEL,,,,,,4.05,,,,14,0.05,,,,,,,,FUTURES_OI,FuturesOI_25AUG26_Scan_4_8_2026 (1).xlsx,Capital Goods - Electrical Equipment,414.35,0.99,30661,0.63,LB,411.2,3.15,0.77,5,0.02,LB,-,-,-,-,-,-,-,-,-,-,-,-,,,,,,,,,,,,,,,,,,,,,,,,,,,,,,,,,,,,,,,,,,,
CANBK,,,,,,2.23,,,,31,0.05,,,,,,,,FUTURES_OI,FuturesOI_25AUG26_Scan_4_8_2026 (1).xlsx,Banks,130.2,1.74,57018,0.78,LB,128.9,1.3,1.01,19,0.03,LB,-,-,-,-,-,-,-,-,-,-,-,-,,,,,,,,,,,,,,,,,,,,,,,,,,,,,,,,,,,,,,,,,,,
DALBHARAT,,,,,,12.8,,,,6,0.05,,,,,,,,FUTURES_OI,FuturesOI_25AUG26_Scan_4_8_2026 (1).xlsx,Cement,1830.6,0.7,11580,0.91,LB,1827.6,3,0.16,6,0.05,LB,-,-,-,-,-,-,-,-,-,-,-,-,,,,,,,,,,,,,,,,,,,,,,,,,,,,,,,,,,,,,,,,,,,
NBCC,,,,,,0.96,,,,7,0.05,,,,,,,,FUTURES_OI,FuturesOI_25AUG26_Scan_4_8_2026 (1).xlsx,Miscellaneous,95.71,1.01,15302,0.5,LB,95.8,-0.09,-0.09,7,0.05,SB,-,-,-,-,-,-,-,-,-,-,-,-,,,,,,,,,,,,,,,,,,,,,,,,,,,,,,,,,,,,,,,,,,,
POWERINDIA,,,,,,290,,,,12,0.05,,,,,,,,FUTURES_OI,FuturesOI_25AUG26_Scan_4_8_2026 (1).xlsx,Capital Goods - Electrical Equipment,32590.0,0.9,23534,0.98,LB,32515,75,0.23,-12,-0.05,SC,-,-,-,-,-,-,-,-,-,-,-,-,,,,,,,,,,,,,,,,,,,,,,,,,,,,,,,,,,,,,,,,,,,
PREMIERENE,,,,,,-5.9,,,,6,0.05,,,,,,,,FUTURES_OI,FuturesOI_25AUG26_Scan_4_8_2026 (1).xlsx,Trading,1039.0,-0.56,11220,0.72,SB,1047.5,-8.5,-0.81,6,0.05,SB,-,-,-,-,-,-,-,-,-,-,-,-,,,,,,,,,,,,,,,,,,,,,,,,,,,,,,,,,,,,,,,,,,,
TATASTEEL,,,,,,0.65,,,,32,0.05,,,,,,,,FUTURES_OI,FuturesOI_25AUG26_Scan_4_8_2026 (1).xlsx,Steel,192.19,0.34,61851,0.73,LB,192.61,-0.42,-0.22,30,0.05,SB,-,-,-,-,-,-,-,-,-,-,-,-,,,,,,,,,,,,,,,,,,,,,,,,,,,,,,,,,,,,,,,,,,,
UNITDSPR,,,,,,-7.4,,,,9,0.05,,,,,,,,FUTURES_OI,FuturesOI_25AUG26_Scan_4_8_2026 (1).xlsx,Alcoholic Beverages,1528.2,-0.48,19131,0.91,SB,1528.4,-0.2,-0.01,3,0.02,SB,-,-,-,-,-,-,-,-,-,-,-,-,,,,,,,,,,,,,,,,,,,,,,,,,,,,,,,,,,,,,,,,,,,
COALINDIA,,,,,,-1.1,,,,36,0.06,,,,,,,,FUTURES_OI,FuturesOI_25AUG26_Scan_4_8_2026 (1).xlsx,Mining & Mineral products,415.05,-0.26,55442,0.71,SB,415,0.05,0.01,12,0.02,LB,-,-,-,-,-,-,-,-,-,-,-,-,,,,,,,,,,,,,,,,,,,,,,,,,,,,,,,,,,,,,,,,,,,
HINDUNILVR,,,,,,5,,,,30,0.06,,,,,,,,FUTURES_OI,FuturesOI_25AUG26_Scan_4_8_2026 (1).xlsx,FMCG,2094.7,0.24,49330,0.51,LB,2090.6,4.1,0.2,-26,-0.05,SC,-,-,-,-,-,-,-,-,-,-,-,-,,,,,,,,,,,,,,,,,,,,,,,,,,,,,,,,,,,,,,,,,,,
MARUTI,,,,,,106,,,,24,0.06,,,,,,,,FUTURES_OI,FuturesOI_25AUG26_Scan_4_8_2026 (1).xlsx,Automobile,14154.0,0.75,41135,0.57,LB,14116,38,0.27,2,-,LB,-,-,-,-,-,-,-,-,-,-,-,-,,,,,,,,,,,,,,,,,,,,,,,,,,,,,,,,,,,,,,,,,,,
NMDC,,,,,,0.23,,,,33,0.06,,,,,,,,FUTURES_OI,FuturesOI_25AUG26_Scan_4_8_2026 (1).xlsx,Mining & Mineral products,85.0,0.27,51097,0.75,LB,85.72,-0.72,-0.84,26,0.05,SB,-,-,-,-,-,-,-,-,-,-,-,-,,,,,,,,,,,,,,,,,,,,,,,,,,,,,,,,,,,,,,,,,,,
SBICARD,,,,,,6.4,,,,17,0.06,,,,,,,,FUTURES_OI,FuturesOI_25AUG26_Scan_4_8_2026 (1).xlsx,Finance,669.95,0.96,27847,0.62,LB,670.95,-1,-0.15,17,0.06,SB,-,-,-,-,-,-,-,-,-,-,-,-,,,,,,,,,,,,,,,,,,,,,,,,,,,,,,,,,,,,,,,,,,,
TATACONSUM,,,,,,3.4,,,,18,0.06,,,,,,,,FUTURES_OI,FuturesOI_25AUG26_Scan_4_8_2026 (1).xlsx,FMCG,1092.7,0.31,28495,0.61,LB,1089.3,3.4,0.31,13,0.05,LB,-,-,-,-,-,-,-,-,-,-,-,-,,,,,,,,,,,,,,,,,,,,,,,,,,,,,,,,,,,,,,,,,,,
ADANIPOWER,,,,,,0.59,,,,30,0.07,,,,,,,,FUTURES_OI,FuturesOI_25AUG26_Scan_4_8_2026 (1).xlsx,Power Generation & Distribution,211.47,0.28,44166,0.62,LB,211.6,-0.13,-0.06,23,0.05,SB,-,-,-,-,-,-,-,-,-,-,-,-,,,,,,,,,,,,,,,,,,,,,,,,,,,,,,,,,,,,,,,,,,,
AUBANK,,,,,,10.4,,,,15,0.07,,,,,,,,FUTURES_OI,FuturesOI_25AUG26_Scan_4_8_2026 (1).xlsx,Banks,1054.6,1.0,21925,0.72,LB,1053.5,1.1,0.1,7,0.03,LB,-,-,-,-,-,-,-,-,-,-,-,-,,,,,,,,,,,,,,,,,,,,,,,,,,,,,,,,,,,,,,,,,,,
CIPLA,,,,,,-10.9,,,,14,0.07,,,,,,,,FUTURES_OI,FuturesOI_25AUG26_Scan_4_8_2026 (1).xlsx,Pharmaceuticals,1448.9,-0.75,20933,0.7,SB,1458,-9.1,-0.62,9,0.04,SB,-,-,-,-,-,-,-,-,-,-,-,-,,,,,,,,,,,,,,,,,,,,,,,,,,,,,,,,,,,,,,,,,,,
IEX,,,,,,1.65,,,,11,0.07,,,,,,,,FUTURES_OI,FuturesOI_25AUG26_Scan_4_8_2026 (1).xlsx,Financial Services,131.5,1.27,16756,0.71,LB,130.5,1,0.77,4,0.02,LB,-,-,-,-,-,-,-,-,-,-,-,-,,,,,,,,,,,,,,,,,,,,,,,,,,,,,,,,,,,,,,,,,,,
SUNPHARMA,,,,,,-11.7,,,,27,0.07,,,,,,,,FUTURES_OI,FuturesOI_25AUG26_Scan_4_8_2026 (1).xlsx,Pharmaceuticals,1950.0,-0.6,39526,0.58,SB,1958.1,-8.1,-0.41,19,0.05,SB,-,-,-,-,-,-,-,-,-,-,-,-,,,,,,,,,,,,,,,,,,,,,,,,,,,,,,,,,,,,,,,,,,,
ULTRACEMCO,,,,,,61,,,,22,0.07,,,,,,,,FUTURES_OI,FuturesOI_25AUG26_Scan_4_8_2026 (1).xlsx,Cement,12069.0,0.51,32122,0.54,LB,12076,-7,-0.06,27,0.08,SB,-,-,-,-,-,-,-,-,-,-,-,-,,,,,,,,,,,,,,,,,,,,,,,,,,,,,,,,,,,,,,,,,,,
ADANIPORTS,,,,,,6.1,,,,35,0.08,,,,,,,,FUTURES_OI,FuturesOI_25AUG26_Scan_4_8_2026 (1).xlsx,Marine Port & Services,1705.5,0.36,43624,0.57,LB,1705,0.5,0.03,-11,-0.03,SC,-,-,-,-,-,-,-,-,-,-,-,-,,,,,,,,,,,,,,,,,,,,,,,,,,,,,,,,,,,,,,,,,,,
ASTRAL,,,,,,-1.1,,,,13,0.08,,,,,,,,FUTURES_OI,FuturesOI_25AUG26_Scan_4_8_2026 (1).xlsx,Plastic products,1437.2,-0.08,16677,0.67,SB,1441,-3.8,-0.26,10,0.06,SB,-,-,-,-,-,-,-,-,-,-,-,-,,,,,,,,,,,,,,,,,,,,,,,,,,,,,,,,,,,,,,,,,,,
ICICIBANK,,,,,,6.2,,,,117,0.08,,,,,,,,FUTURES_OI,FuturesOI_25AUG26_Scan_4_8_2026 (1).xlsx,Banks,1451.7,0.43,148563,0.71,LB,1456.3,-4.6,-0.32,41,0.03,SB,-,-,-,-,-,-,-,-,-,-,-,-,,,,,,,,,,,,,,,,,,,,,,,,,,,,,,,,,,,,,,,,,,,
HAL,,,,,,18.2,,,,32,0.09,,,,,,,,FUTURES_OI,FuturesOI_25AUG26_Scan_4_8_2026 (1).xlsx,Aerospace & Defence,4671.5,0.39,34162,0.72,LB,4678.5,-7,-0.15,13,0.04,SB,-,-,-,-,-,-,-,-,-,-,-,-,,,,,,,,,,,,,,,,,,,,,,,,,,,,,,,,,,,,,,,,,,,
PNB,,,,,,1.18,,,,31,0.09,,,,,,,,FUTURES_OI,FuturesOI_25AUG26_Scan_4_8_2026 (1).xlsx,Banks,115.2,1.03,36080,0.91,LB,114.71,0.49,0.43,28,0.08,LB,-,-,-,-,-,-,-,-,-,-,-,-,,,,,,,,,,,,,,,,,,,,,,,,,,,,,,,,,,,,,,,,,,,
RADICO,,,,,,21,,,,5,0.09,,,,,,,,FUTURES_OI,FuturesOI_25AUG26_Scan_4_8_2026 (1).xlsx,Alcoholic Beverages,4490.0,0.47,5377,1.03,LB,4470,20,0.45,5,0.09,LB,-,-,-,-,-,-,-,-,-,-,-,-,,,,,,,,,,,,,,,,,,,,,,,,,,,,,,,,,,,,,,,,,,,
RBLBANK,,,,,,0.5,,,,12,0.09,,,,,,,,FUTURES_OI,FuturesOI_25AUG26_Scan_4_8_2026 (1).xlsx,Banks,383.05,0.13,14075,0.82,LB,383.05,-,-,6,0.04,-,-,-,-,-,-,-,-,-,-,-,-,-,,,,,,,,,,,,,,,,,,,,,,,,,,,,,,,,,,,,,,,,,,,
BIOCON,,,,,,1.5,,,,19,0.1,,,,,,,,FUTURES_OI,FuturesOI_25AUG26_Scan_4_8_2026 (1).xlsx,Pharmaceuticals,427.45,0.35,18970,0.73,LB,428.05,-0.6,-0.14,9,0.05,SB,-,-,-,-,-,-,-,-,-,-,-,-,,,,,,,,,,,,,,,,,,,,,,,,,,,,,,,,,,,,,,,,,,,
JSWSTEEL,,,,,,4.2,,,,61,0.1,,,,,,,,FUTURES_OI,FuturesOI_25AUG26_Scan_4_8_2026 (1).xlsx,Steel,1300.1,0.32,58919,0.85,LB,1303.4,-3.3,-0.25,16,0.03,SB,-,-,-,-,-,-,-,-,-,-,-,-,,,,,,,,,,,,,,,,,,,,,,,,,,,,,,,,,,,,,,,,,,,
SUPREMEIND,,,,,,-18.3,,,,13,0.1,,,,,,,,FUTURES_OI,FuturesOI_25AUG26_Scan_4_8_2026 (1).xlsx,Plastic products,3500.6,-0.52,13058,0.74,SB,3506.1,-5.5,-0.16,8,0.06,SB,-,-,-,-,-,-,-,-,-,-,-,-,,,,,,,,,,,,,,,,,,,,,,,,,,,,,,,,,,,,,,,,,,,
TCS,,,,,,-5.4,,,,146,0.11,,,,,,,,FUTURES_OI,FuturesOI_25AUG26_Scan_4_8_2026 (1).xlsx,IT - Software,2452.0,-0.22,136825,0.89,SB,2452.8,-0.8,-0.03,113,0.08,SB,-,-,-,-,-,-,-,-,-,-,-,-,,,,,,,,,,,,,,,,,,,,,,,,,,,,,,,,,,,,,,,,,,,
VBL,,,,,,3.45,,,,49,0.11,,,,,,,,FUTURES_OI,FuturesOI_25AUG26_Scan_4_8_2026 (1).xlsx,FMCG,445.75,0.78,42739,0.47,LB,444.2,1.55,0.35,43,0.1,LB,-,-,-,-,-,-,-,-,-,-,-,-,,,,,,,,,,,,,,,,,,,,,,,,,,,,,,,,,,,,,,,,,,,
GVT&D,,,,,,25.8,,,,27,0.12,,,,,,,,FUTURES_OI,FuturesOI_25AUG26_Scan_4_8_2026 (1).xlsx,Capital Goods - Electrical Equipment,4378.2,0.59,22207,0.76,LB,4385,-6.8,-0.16,23,0.1,SB,-,-,-,-,-,-,-,-,-,-,-,-,,,,,,,,,,,,,,,,,,,,,,,,,,,,,,,,,,,,,,,,,,,
JIOFIN,,,,,,3.2,,,,96,0.12,,,,,,,,FUTURES_OI,FuturesOI_25AUG26_Scan_4_8_2026 (1).xlsx,Finance,267.3,1.21,79142,0.66,LB,266.5,0.8,0.3,36,0.05,LB,-,-,-,-,-,-,-,-,-,-,-,-,,,,,,,,,,,,,,,,,,,,,,,,,,,,,,,,,,,,,,,,,,,
LTM,,,,,,23.7,,,,18,0.12,,,,,,,,FUTURES_OI,FuturesOI_25AUG26_Scan_4_8_2026 (1).xlsx,IT - Software,4571.6,0.52,15512,0.66,LB,4568.4,3.2,0.07,13,0.08,LB,-,-,-,-,-,-,-,-,-,-,-,-,,,,,,,,,,,,,,,,,,,,,,,,,,,,,,,,,,,,,,,,,,,
PATANJALI,,,,,,-0.15,,,,39,0.12,,,,,,,,FUTURES_OI,FuturesOI_25AUG26_Scan_4_8_2026 (1).xlsx,FMCG,359.5,-0.04,31736,0.73,SB,359.65,-0.15,-0.04,33,0.1,SB,-,-,-,-,-,-,-,-,-,-,-,-,,,,,,,,,,,,,,,,,,,,,,,,,,,,,,,,,,,,,,,,,,,
KOTAKBANK,,,,,,3.05,,,,109,0.13,,,,,,,,FUTURES_OI,FuturesOI_25AUG26_Scan_4_8_2026 (1).xlsx,Banks,397.7,0.77,86479,0.65,LB,398.1,-0.4,-0.1,58,0.07,SB,-,-,-,-,-,-,-,-,-,-,-,-,,,,,,,,,,,,,,,,,,,,,,,,,,,,,,,,,,,,,,,,,,,
LICHSGFIN,,,,,,1.6,,,,38,0.13,,,,,,,,FUTURES_OI,FuturesOI_25AUG26_Scan_4_8_2026 (1).xlsx,Finance,505.4,0.32,29967,0.63,LB,503.85,1.55,0.31,21,0.07,LB,-,-,-,-,-,-,-,-,-,-,-,-,,,,,,,,,,,,,,,,,,,,,,,,,,,,,,,,,,,,,,,,,,,
MFSL,,,,,,18.8,,,,30,0.13,,,,,,,,FUTURES_OI,FuturesOI_25AUG26_Scan_4_8_2026 (1).xlsx,Finance,1525.0,1.25,23615,0.58,LB,1515.1,9.9,0.65,26,0.11,LB,-,-,-,-,-,-,-,-,-,-,-,-,,,,,,,,,,,,,,,,,,,,,,,,,,,,,,,,,,,,,,,,,,,
POLICYBZR,,,,,,3.2,,,,35,0.13,,,,,,,,FUTURES_OI,FuturesOI_25AUG26_Scan_4_8_2026 (1).xlsx,E-Commerce/App based Aggregator,1613.6,0.2,26433,0.95,LB,1612.3,1.3,0.08,36,0.14,LB,-,-,-,-,-,-,-,-,-,-,-,-,,,,,,,,,,,,,,,,,,,,,,,,,,,,,,,,,,,,,,,,,,,
COLPAL,,,,,,7.9,,,,26,0.14,,,,,,,,FUTURES_OI,FuturesOI_25AUG26_Scan_4_8_2026 (1).xlsx,FMCG,2034.9,0.39,18305,0.47,LB,2029.1,5.8,0.29,21,0.11,LB,-,-,-,-,-,-,-,-,-,-,-,-,,,,,,,,,,,,,,,,,,,,,,,,,,,,,,,,,,,,,,,,,,,
GODREJCP,,,,,,12.3,,,,31,0.14,,,,,,,,FUTURES_OI,FuturesOI_25AUG26_Scan_4_8_2026 (1).xlsx,FMCG,1070.5,1.16,22404,0.6,LB,1069.6,0.9,0.08,22,0.1,LB,-,-,-,-,-,-,-,-,-,-,-,-,,,,,,,,,,,,,,,,,,,,,,,,,,,,,,,,,,,,,,,,,,,
POWERGRID,,,,,,2,,,,33,0.14,,,,,,,,FUTURES_OI,FuturesOI_25AUG26_Scan_4_8_2026 (1).xlsx,Power Generation & Distribution,284.4,0.71,24424,0.81,LB,283.45,0.95,0.34,3,0.01,LB,-,-,-,-,-,-,-,-,-,-,-,-,,,,,,,,,,,,,,,,,,,,,,,,,,,,,,,,,,,,,,,,,,,
FEDERALBNK,,,,,,0.95,,,,50,0.15,,,,,,,,FUTURES_OI,FuturesOI_25AUG26_Scan_4_8_2026 (1).xlsx,Banks,359.2,0.27,33789,0.93,LB,358.65,0.55,0.15,28,0.08,LB,-,-,-,-,-,-,-,-,-,-,-,-,,,,,,,,,,,,,,,,,,,,,,,,,,,,,,,,,,,,,,,,,,,
LTF,,,,,,3.25,,,,31,0.15,,,,,,,,FUTURES_OI,FuturesOI_25AUG26_Scan_4_8_2026 (1).xlsx,Finance,324.3,1.01,20328,0.68,LB,326.25,-1.95,-0.6,7,0.03,SB,-,-,-,-,-,-,-,-,-,-,-,-,,,,,,,,,,,,,,,,,,,,,,,,,,,,,,,,,,,,,,,,,,,
NAUKRI,,,,,,7.3,,,,38,0.15,,,,,,,,FUTURES_OI,FuturesOI_25AUG26_Scan_4_8_2026 (1).xlsx,E-Commerce/App based Aggregator,1269.9,0.58,25210,0.62,LB,1274.1,-4.2,-0.33,21,0.08,SB,-,-,-,-,-,-,-,-,-,-,-,-,,,,,,,,,,,,,,,,,,,,,,,,,,,,,,,,,,,,,,,,,,,
UNIONBANK,,,,,,4.16,,,,41,0.15,,,,,,,,FUTURES_OI,FuturesOI_25AUG26_Scan_4_8_2026 (1).xlsx,Banks,178.4,2.39,26728,0.88,LB,176.21,2.19,1.24,2,0.01,LB,-,-,-,-,-,-,-,-,-,-,-,-,,,,,,,,,,,,,,,,,,,,,,,,,,,,,,,,,,,,,,,,,,,
ADANIENSOL,,,,,,9,,,,45,0.16,,,,,,,,FUTURES_OI,FuturesOI_25AUG26_Scan_4_8_2026 (1).xlsx,Power Generation & Distribution,1656.5,0.55,28701,0.58,LB,1655,1.5,0.09,28,0.1,LB,-,-,-,-,-,-,-,-,-,-,-,-,,,,,,,,,,,,,,,,,,,,,,,,,,,,,,,,,,,,,,,,,,,
DELHIVERY,,,,,,-0.55,,,,21,0.16,,,,,,,,FUTURES_OI,FuturesOI_25AUG26_Scan_4_8_2026 (1).xlsx,Logistics,471.0,-0.12,13375,0.72,SB,472,-1,-0.21,1,0.01,SB,-,-,-,-,-,-,-,-,-,-,-,-,,,,,,,,,,,,,,,,,,,,,,,,,,,,,,,,,,,,,,,,,,,
HINDPETRO,,,,,,6.15,,,,36,0.16,,,,,,,,FUTURES_OI,FuturesOI_25AUG26_Scan_4_8_2026 (1).xlsx,Refineries,399.6,1.56,22070,0.69,LB,401.2,-1.6,-0.4,-57,-0.26,LU,-,-,-,-,-,-,-,-,-,-,-,-,,,,,,,,,,,,,,,,,,,,,,,,,,,,,,,,,,,,,,,,,,,
PFC,,,,,,0.7,,,,66,0.16,,,,,,,,FUTURES_OI,FuturesOI_25AUG26_Scan_4_8_2026 (1).xlsx,Finance,420.3,0.17,42177,0.76,LB,422.65,-2.35,-0.56,59,0.14,SB,-,-,-,-,-,-,-,-,-,-,-,-,,,,,,,,,,,,,,,,,,,,,,,,,,,,,,,,,,,,,,,,,,,
SBIN,,,,,,7.8,,,,180,0.16,,,,,,,,FUTURES_OI,FuturesOI_25AUG26_Scan_4_8_2026 (1).xlsx,Banks,1048.5,0.75,110090,0.94,LB,1049.7,-1.2,-0.11,147,0.13,SB,-,-,-,-,-,-,-,-,-,-,-,-,,,,,,,,,,,,,,,,,,,,,,,,,,,,,,,,,,,,,,,,,,,
SOLARINDS,,,,,,-2,,,,26,0.16,,,,,,,,FUTURES_OI,FuturesOI_25AUG26_Scan_4_8_2026 (1).xlsx,Aerospace & Defence,18790.0,-0.01,15815,0.79,SB,18850,-60,-0.32,26,0.16,SB,-,-,-,-,-,-,-,-,-,-,-,-,,,,,,,,,,,,,,,,,,,,,,,,,,,,,,,,,,,,,,,,,,,
DIXON,,,,,,109,,,,95,0.18,,,,,,,,FUTURES_OI,FuturesOI_25AUG26_Scan_4_8_2026 (1).xlsx,Consumer Durables,13948.0,0.79,52477,0.6,LB,14002,-54,-0.39,67,0.13,SB,-,-,-,-,-,-,-,-,-,-,-,-,,,,,,,,,,,,,,,,,,,,,,,,,,,,,,,,,,,,,,,,,,,
MOTILALOFS,,,,,,5.95,,,,16,0.18,,,,,,,,FUTURES_OI,FuturesOI_25AUG26_Scan_4_8_2026 (1).xlsx,Stock/ Commodity Brokers,873.1,0.69,8982,0.65,LB,870.7,2.4,0.28,13,0.14,LB,-,-,-,-,-,-,-,-,-,-,-,-,,,,,,,,,,,,,,,,,,,,,,,,,,,,,,,,,,,,,,,,,,,
SRF,,,,,,2.1,,,,41,0.18,,,,,,,,FUTURES_OI,FuturesOI_25AUG26_Scan_4_8_2026 (1).xlsx,Chemicals,2637.4,0.08,22907,0.46,LB,2643.8,-6.4,-0.24,33,0.14,SB,-,-,-,-,-,-,-,-,-,-,-,-,,,,,,,,,,,,,,,,,,,,,,,,,,,,,,,,,,,,,,,,,,,
CUMMINSIND,,,,,,50.5,,,,39,0.19,,,,,,,,FUTURES_OI,FuturesOI_25AUG26_Scan_4_8_2026 (1).xlsx,Capital Goods-Non Electrical Equipment,5561.0,0.92,20364,0.94,LB,5530,31,0.56,-20,-0.1,SC,-,-,-,-,-,-,-,-,-,-,-,-,,,,,,,,,,,,,,,,,,,,,,,,,,,,,,,,,,,,,,,,,,,
SONACOMS,,,,,,6.55,,,,17,0.19,,,,,,,,FUTURES_OI,FuturesOI_25AUG26_Scan_4_8_2026 (1).xlsx,Auto Ancillaries,792.0,0.83,8853,0.87,LB,786.5,5.5,0.7,17,0.19,LB,-,-,-,-,-,-,-,-,-,-,-,-,,,,,,,,,,,,,,,,,,,,,,,,,,,,,,,,,,,,,,,,,,,
BPCL,,,,,,5.6,,,,40,0.2,,,,,,,,FUTURES_OI,FuturesOI_25AUG26_Scan_4_8_2026 (1).xlsx,Refineries,327.4,1.74,20082,0.72,LB,327.05,0.35,0.11,-,-,-,-,-,-,-,-,-,-,-,-,-,-,-,,,,,,,,,,,,,,,,,,,,,,,,,,,,,,,,,,,,,,,,,,,
ADANIGREEN,,,,,,10.1,,,,91,0.21,,,,,,,,FUTURES_OI,FuturesOI_25AUG26_Scan_4_8_2026 (1).xlsx,Power Generation & Distribution,1402.5,0.73,44242,0.6,LB,1402.9,-0.4,-0.03,81,0.18,SB,-,-,-,-,-,-,-,-,-,-,-,-,,,,,,,,,,,,,,,,,,,,,,,,,,,,,,,,,,,,,,,,,,,
AMBUJACEM,,,,,,4.6,,,,138,0.21,,,,,,,,FUTURES_OI,FuturesOI_25AUG26_Scan_4_8_2026 (1).xlsx,Cement,444.55,1.05,66621,0.68,LB,446.25,-1.7,-0.38,117,0.18,SB,-,-,-,-,-,-,-,-,-,-,-,-,,,,,,,,,,,,,,,,,,,,,,,,,,,,,,,,,,,,,,,,,,,
DMART,,,,,,19.2,,,,71,0.21,,,,,,,,FUTURES_OI,FuturesOI_25AUG26_Scan_4_8_2026 (1).xlsx,Retail,3997.7,0.48,34337,0.74,LB,3985.1,12.6,0.32,61,0.18,LB,-,-,-,-,-,-,-,-,-,-,-,-,,,,,,,,,,,,,,,,,,,,,,,,,,,,,,,,,,,,,,,,,,,
MANKIND,,,,,,-2.2,,,,28,0.21,,,,,,,,FUTURES_OI,FuturesOI_25AUG26_Scan_4_8_2026 (1).xlsx,Pharmaceuticals,2454.0,-0.09,13136,0.63,SB,2460.9,-6.9,-0.28,26,-,SB,-,-,-,-,-,-,-,-,-,-,-,-,,,,,,,,,,,,,,,,,,,,,,,,,,,,,,,,,,,,,,,,,,,
PAYTM,,,,,,6,,,,61,0.21,,,,,,,,FUTURES_OI,FuturesOI_25AUG26_Scan_4_8_2026 (1).xlsx,E-Commerce/App based Aggregator,1416.5,0.43,28437,0.61,LB,1424.6,-8.1,-0.57,33,0.12,SB,-,-,-,-,-,-,-,-,-,-,-,-,,,,,,,,,,,,,,,,,,,,,,,,,,,,,,,,,,,,,,,,,,,
TORNTPHARM,,,,,,-53.5,,,,62,0.21,,,,,,,,FUTURES_OI,FuturesOI_25AUG26_Scan_4_8_2026 (1).xlsx,Pharmaceuticals,5011.0,-1.06,29155,0.56,SB,5033,-22,-0.44,55,0.19,SB,-,-,-,-,-,-,-,-,-,-,-,-,,,,,,,,,,,,,,,,,,,,,,,,,,,,,,,,,,,,,,,,,,,
COFORGE,,,,,,15.3,,,,62,0.22,,,,,,,,FUTURES_OI,FuturesOI_25AUG26_Scan_4_8_2026 (1).xlsx,IT - Software,1765.0,0.87,28387,0.99,LB,1759.8,5.2,0.3,49,0.17,LB,-,-,-,-,-,-,-,-,-,-,-,-,,,,,,,,,,,,,,,,,,,,,,,,,,,,,,,,,,,,,,,,,,,
MPHASIS,,,,,,17.8,,,,31,0.22,,,,,,,,FUTURES_OI,FuturesOI_25AUG26_Scan_4_8_2026 (1).xlsx,IT - Software,2408.2,0.74,14148,0.78,LB,2404.8,3.4,0.14,26,0.18,LB,-,-,-,-,-,-,-,-,-,-,-,-,,,,,,,,,,,,,,,,,,,,,,,,,,,,,,,,,,,,,,,,,,,
SHREECEM,,,,,,115,,,,32,0.22,,,,,,,,FUTURES_OI,FuturesOI_25AUG26_Scan_4_8_2026 (1).xlsx,Cement,26925.0,0.43,14849,0.94,LB,27010,-85,-0.31,33,0.22,SB,-,-,-,-,-,-,-,-,-,-,-,-,,,,,,,,,,,,,,,,,,,,,,,,,,,,,,,,,,,,,,,,,,,
RELIANCE,,,,,,3.1,,,,481,0.23,,,,,,,,FUTURES_OI,FuturesOI_25AUG26_Scan_4_8_2026 (1).xlsx,Refineries,1300.5,0.24,207157,0.77,LB,1301.2,-0.7,-0.05,198,0.1,SB,-,-,-,-,-,-,-,-,-,-,-,-,,,,,,,,,,,,,,,,,,,,,,,,,,,,,,,,,,,,,,,,,,,
KAYNES,,,,,,27.5,,,,66,0.25,,,,,,,,FUTURES_OI,FuturesOI_25AUG26_Scan_4_8_2026 (1).xlsx,Consumer Durables,3918.0,0.71,26968,0.72,LB,3924.1,-6.1,-0.16,61,0.23,SB,-,-,-,-,-,-,-,-,-,-,-,-,,,,,,,,,,,,,,,,,,,,,,,,,,,,,,,,,,,,,,,,,,,
INDHOTEL,,,,,,5.1,,,,54,0.26,,,,,,,,FUTURES_OI,FuturesOI_25AUG26_Scan_4_8_2026 (1).xlsx,Hotels & Restaurants,749.85,0.68,20703,0.66,LB,750.8,-0.95,-0.13,46,0.22,SB,-,-,-,-,-,-,-,-,-,-,-,-,,,,,,,,,,,,,,,,,,,,,,,,,,,,,,,,,,,,,,,,,,,
MOTHERSON,,,,,,2.53,,,,54,0.26,,,,,,,,FUTURES_OI,FuturesOI_25AUG26_Scan_4_8_2026 (1).xlsx,Auto Ancillaries,153.19,1.68,20719,0.66,LB,151.88,1.31,0.86,21,0.1,LB,-,-,-,-,-,-,-,-,-,-,-,-,,,,,,,,,,,,,,,,,,,,,,,,,,,,,,,,,,,,,,,,,,,
NIFTYNXT50,,,,,,587.8,,,,2,0.26,,,,,,,,FUTURES_OI,FuturesOI_25AUG26_Scan_4_8_2026 (1).xlsx,,74540.2,0.79,759,1.88,LB,74598.6,-58.4,-0.08,3,-,SB,-,-,-,-,-,-,-,-,-,-,-,-,,,,,,,,,,,,,,,,,,,,,,,,,,,,,,,,,,,,,,,,,,,
JINDALSTEL,,,,,,4.4,,,,59,0.27,,,,,,,,FUTURES_OI,FuturesOI_25AUG26_Scan_4_8_2026 (1).xlsx,Steel,1127.0,0.39,22049,0.87,LB,1129.8,-2.8,-0.25,45,0.2,SB,-,-,-,-,-,-,-,-,-,-,-,-,,,,,,,,,,,,,,,,,,,,,,,,,,,,,,,,,,,,,,,,,,,
BAJAJ-AUTO,,,,,,43,,,,72,0.29,,,,,,,,FUTURES_OI,FuturesOI_25AUG26_Scan_4_8_2026 (1).xlsx,Automobile,11642.0,0.37,24907,1.61,LB,11640,2,0.02,31,0.12,LB,-,-,-,-,-,-,-,-,-,-,-,-,,,,,,,,,,,,,,,,,,,,,,,,,,,,,,,,,,,,,,,,,,,
CDSL,,,,,,6,,,,63,0.29,,,,,,,,FUTURES_OI,FuturesOI_25AUG26_Scan_4_8_2026 (1).xlsx,Financial Services,1345.8,0.45,21939,0.69,LB,1345.1,0.7,0.05,46,0.21,LB,-,-,-,-,-,-,-,-,-,-,-,-,,,,,,,,,,,,,,,,,,,,,,,,,,,,,,,,,,,,,,,,,,,
FORTIS,,,,,,-5.3,,,,38,0.29,,,,,,,,FUTURES_OI,FuturesOI_25AUG26_Scan_4_8_2026 (1).xlsx,Healthcare,923.9,-0.57,12989,0.72,SB,931.9,-8,-0.86,37,0.29,SB,-,-,-,-,-,-,-,-,-,-,-,-,,,,,,,,,,,,,,,,,,,,,,,,,,,,,,,,,,,,,,,,,,,
IOC,,,,,,2.5,,,,89,0.29,,,,,,,,FUTURES_OI,FuturesOI_25AUG26_Scan_4_8_2026 (1).xlsx,Refineries,143.25,1.78,30802,0.81,LB,143.24,0.01,0.01,22,0.07,LB,-,-,-,-,-,-,-,-,-,-,-,-,,,,,,,,,,,,,,,,,,,,,,,,,,,,,,,,,,,,,,,,,,,
BLUESTARCO,,,,,,10.5,,,,34,0.32,,,,,,,,FUTURES_OI,FuturesOI_25AUG26_Scan_4_8_2026 (1).xlsx,Consumer Durables,1679.4,0.63,10599,0.89,LB,1681.7,-2.3,-0.14,25,0.24,SB,-,-,-,-,-,-,-,-,-,-,-,-,,,,,,,,,,,,,,,,,,,,,,,,,,,,,,,,,,,,,,,,,,,
BHARATFORG,,,,,,20.9,,,,52,0.33,,,,,,,,FUTURES_OI,FuturesOI_25AUG26_Scan_4_8_2026 (1).xlsx,"Castings, Forgings & Fastners",2215.9,0.95,15623,0.83,LB,2214.4,1.5,0.07,13,0.08,LB,-,-,-,-,-,-,-,-,-,-,-,-,,,,,,,,,,,,,,,,,,,,,,,,,,,,,,,,,,,,,,,,,,,
AUROPHARMA,,,,,,-8.4,,,,65,0.34,,,,,,,,FUTURES_OI,FuturesOI_25AUG26_Scan_4_8_2026 (1).xlsx,Pharmaceuticals,1580.2,-0.53,19430,0.71,SB,1587,-6.8,-0.43,42,0.22,SB,-,-,-,-,-,-,-,-,-,-,-,-,,,,,,,,,,,,,,,,,,,,,,,,,,,,,,,,,,,,,,,,,,,
ETERNAL,,,,,,3.1,,,,214,0.34,,,,,,,,FUTURES_OI,FuturesOI_25AUG26_Scan_4_8_2026 (1).xlsx,E-Commerce/App based Aggregator,313.4,1.0,63386,0.75,LB,313.6,-0.2,-0.06,184,0.29,SB,-,-,-,-,-,-,-,-,-,-,-,-,,,,,,,,,,,,,,,,,,,,,,,,,,,,,,,,,,,,,,,,,,,
MAXHEALTH,,,,,,-2.6,,,,64,0.34,,,,,,,,FUTURES_OI,FuturesOI_25AUG26_Scan_4_8_2026 (1).xlsx,Healthcare,1071.0,-0.24,18858,0.66,SB,1072.4,-1.4,-0.13,56,0.3,SB,-,-,-,-,-,-,-,-,-,-,-,-,,,,,,,,,,,,,,,,,,,,,,,,,,,,,,,,,,,,,,,,,,,
NATIONALUM,,,,,,0.7,,,,83,0.34,,,,,,,,FUTURES_OI,FuturesOI_25AUG26_Scan_4_8_2026 (1).xlsx,Non Ferrous Metals,380.4,0.18,24214,0.77,LB,382.8,-2.4,-0.63,50,0.21,SB,-,-,-,-,-,-,-,-,-,-,-,-,,,,,,,,,,,,,,,,,,,,,,,,,,,,,,,,,,,,,,,,,,,
POLYCAB,,,,,,61,,,,63,0.35,,,,,,,,FUTURES_OI,FuturesOI_25AUG26_Scan_4_8_2026 (1).xlsx,Cables,9269.0,0.66,18253,0.69,LB,9250.5,18.5,0.2,11,0.06,LB,-,-,-,-,-,-,-,-,-,-,-,-,,,,,,,,,,,,,,,,,,,,,,,,,,,,,,,,,,,,,,,,,,,
VEDL,,,,,,1.2,,,,152,0.35,,,,,,,,FUTURES_OI,FuturesOI_25AUG26_Scan_4_8_2026 (1).xlsx,Non Ferrous Metals,270.85,0.45,43926,0.56,LB,271.55,-0.7,-0.26,-30,-0.07,LU,-,-,-,-,-,-,-,-,-,-,-,-,,,,,,,,,,,,,,,,,,,,,,,,,,,,,,,,,,,,,,,,,,,
EICHERMOT,,,,,,57,,,,137,0.37,,,,,,,,FUTURES_OI,FuturesOI_25AUG26_Scan_4_8_2026 (1).xlsx,Automobile,7965.0,0.72,37161,1.02,LB,7939.5,25.5,0.32,98,0.26,LB,-,-,-,-,-,-,-,-,-,-,-,-,,,,,,,,,,,,,,,,,,,,,,,,,,,,,,,,,,,,,,,,,,,
ZYDUSLIFE,,,,,,-7.7,,,,42,0.38,,,,,,,,FUTURES_OI,FuturesOI_25AUG26_Scan_4_8_2026 (1).xlsx,Pharmaceuticals,1111.8,-0.69,11146,0.72,SB,1116,-4.2,-0.38,29,0.26,SB,-,-,-,-,-,-,-,-,-,-,-,-,,,,,,,,,,,,,,,,,,,,,,,,,,,,,,,,,,,,,,,,,,,
DIVISLAB,,,,,,-27.5,,,,146,0.41,,,,,,,,FUTURES_OI,FuturesOI_25AUG26_Scan_4_8_2026 (1).xlsx,Pharmaceuticals,8407.5,-0.33,35568,1.06,SB,8456.5,-49,-0.58,89,0.25,SB,-,-,-,-,-,-,-,-,-,-,-,-,,,,,,,,,,,,,,,,,,,,,,,,,,,,,,,,,,,,,,,,,,,
SBILIFE,,,,,,13.1,,,,67,0.43,,,,,,,,FUTURES_OI,FuturesOI_25AUG26_Scan_4_8_2026 (1).xlsx,Insurance,1882.3,0.7,15583,0.61,LB,1878.8,3.5,0.19,43,0.28,LB,-,-,-,-,-,-,-,-,-,-,-,-,,,,,,,,,,,,,,,,,,,,,,,,,,,,,,,,,,,,,,,,,,,
GLENMARK,,,,,,-12.3,,,,138,0.44,,,,,,,,FUTURES_OI,FuturesOI_25AUG26_Scan_4_8_2026 (1).xlsx,Pharmaceuticals,2214.5,-0.55,31295,0.61,SB,2231,-16.5,-0.74,137,0.44,SB,-,-,-,-,-,-,-,-,-,-,-,-,,,,,,,,,,,,,,,,,,,,,,,,,,,,,,,,,,,,,,,,,,,
VOLTAS,,,,,,-4.7,,,,83,0.44,,,,,,,,FUTURES_OI,FuturesOI_25AUG26_Scan_4_8_2026 (1).xlsx,Consumer Durables,1315.9,-0.36,18862,1.04,SB,1319,-3.1,-0.24,80,0.43,SB,-,-,-,-,-,-,-,-,-,-,-,-,,,,,,,,,,,,,,,,,,,,,,,,,,,,,,,,,,,,,,,,,,,
BAJFINANCE,,,,,,14.1,,,,326,0.45,,,,,,,,FUTURES_OI,FuturesOI_25AUG26_Scan_4_8_2026 (1).xlsx,Finance,1159.0,1.23,72107,1.0,LB,1163.2,-4.2,-0.36,313,0.44,SB,-,-,-,-,-,-,-,-,-,-,-,-,,,,,,,,,,,,,,,,,,,,,,,,,,,,,,,,,,,,,,,,,,,
INDIGO,,,,,,140.5,,,,168,0.45,,,,,,,,FUTURES_OI,FuturesOI_25AUG26_Scan_4_8_2026 (1).xlsx,Air Transport Service,5480.5,2.63,37555,0.65,LB,5520,-39.5,-0.72,139,0.37,SB,-,-,-,-,-,-,-,-,-,-,-,-,,,,,,,,,,,,,,,,,,,,,,,,,,,,,,,,,,,,,,,,,,,
SWIGGY,,,,,,0.9,,,,164,0.45,,,,,,,,FUTURES_OI,FuturesOI_25AUG26_Scan_4_8_2026 (1).xlsx,E-Commerce/App based Aggregator,290.55,0.31,36473,0.67,LB,289.95,0.6,0.21,140,0.39,LB,-,-,-,-,-,-,-,-,-,-,-,-,,,,,,,,,,,,,,,,,,,,,,,,,,,,,,,,,,,,,,,,,,,
BRITANNIA,,,,,,0.5,,,,72,0.48,,,,,,,,FUTURES_OI,FuturesOI_25AUG26_Scan_4_8_2026 (1).xlsx,FMCG,5425.0,0.01,15078,0.68,LB,5420,5,0.09,64,0.43,LB,-,-,-,-,-,-,-,-,-,-,-,-,,,,,,,,,,,,,,,,,,,,,,,,,,,,,,,,,,,,,,,,,,,
LUPIN,,,,,,-21,,,,75,0.5,,,,,,,,FUTURES_OI,FuturesOI_25AUG26_Scan_4_8_2026 (1).xlsx,Pharmaceuticals,2374.5,-0.88,15201,0.67,SB,2394.3,-19.8,-0.83,62,0.41,SB,-,-,-,-,-,-,-,-,-,-,-,-,,,,,,,,,,,,,,,,,,,,,,,,,,,,,,,,,,,,,,,,,,,
ABCAPITAL,,,,,,7.3,,,,61,0.51,,,,,,,,FUTURES_OI,FuturesOI_25AUG26_Scan_4_8_2026 (1).xlsx,Finance,425.8,1.74,12050,0.72,LB,425.6,0.2,0.05,48,0.4,LB,-,-,-,-,-,-,-,-,-,-,-,-,,,,,,,,,,,,,,,,,,,,,,,,,,,,,,,,,,,,,,,,,,,
BOSCHLTD,,,,,,1125,,,,42,0.51,,,,,,,,FUTURES_OI,FuturesOI_25AUG26_Scan_4_8_2026 (1).xlsx,Auto Ancillaries,42575.0,2.71,8339,1.31,LB,41700,875,2.1,24,0.29,LB,-,-,-,-,-,-,-,-,-,-,-,-,,,,,,,,,,,,,,,,,,,,,,,,,,,,,,,,,,,,,,,,,,,
DLF,,,,,,19.45,,,,250,0.51,,,,,,,,FUTURES_OI,FuturesOI_25AUG26_Scan_4_8_2026 (1).xlsx,Realty,668.45,3.0,49457,0.65,LB,658,10.45,1.59,236,0.48,LB,-,-,-,-,-,-,-,-,-,-,-,-,,,,,,,,,,,,,,,,,,,,,,,,,,,,,,,,,,,,,,,,,,,
HEROMOTOCO,,,,,,59.5,,,,162,0.52,,,,,,,,FUTURES_OI,FuturesOI_25AUG26_Scan_4_8_2026 (1).xlsx,Automobile,5638.5,1.07,31498,0.88,LB,5608.5,30,0.53,-46,-0.15,SC,-,-,-,-,-,-,-,-,-,-,-,-,,,,,,,,,,,,,,,,,,,,,,,,,,,,,,,,,,,,,,,,,,,
360ONE,,,,,,17.2,,,,45,0.55,,,,,,,,FUTURES_OI,FuturesOI_25AUG26_Scan_4_8_2026 (1).xlsx,Stock/ Commodity Brokers,1182.1,1.48,8275,0.59,LB,1174.2,7.9,0.67,40,0.49,LB,-,-,-,-,-,-,-,-,-,-,-,-,,,,,,,,,,,,,,,,,,,,,,,,,,,,,,,,,,,,,,,,,,,
NHPC,,,,,,1.05,,,,95,0.56,,,,,,,,FUTURES_OI,FuturesOI_25AUG26_Scan_4_8_2026 (1).xlsx,Power Generation & Distribution,81.62,1.3,17202,0.71,LB,81.96,-0.34,-0.41,47,0.27,SB,-,-,-,-,-,-,-,-,-,-,-,-,,,,,,,,,,,,,,,,,,,,,,,,,,,,,,,,,,,,,,,,,,,
VMM,,,,,,-1.36,,,,56,0.58,,,,,,,,FUTURES_OI,FuturesOI_25AUG26_Scan_4_8_2026 (1).xlsx,Retail,110.5,-1.22,9758,0.59,SB,111.17,-0.67,-0.6,53,0.55,SB,-,-,-,-,-,-,-,-,-,-,-,-,,,,,,,,,,,,,,,,,,,,,,,,,,,,,,,,,,,,,,,,,,,
M&M,,,,,,61.3,,,,367,0.6,,,,,,,,FUTURES_OI,FuturesOI_25AUG26_Scan_4_8_2026 (1).xlsx,Automobile,3484.0,1.79,61227,0.89,LB,3463.9,20.1,0.58,295,0.48,LB,-,-,-,-,-,-,-,-,-,-,-,-,,,,,,,,,,,,,,,,,,,,,,,,,,,,,,,,,,,,,,,,,,,
NAM-INDIA,,,,,,10.7,,,,72,0.61,,,,,,,,FUTURES_OI,FuturesOI_25AUG26_Scan_4_8_2026 (1).xlsx,Finance,1187.1,0.91,11817,0.41,LB,1187.3,-0.2,-0.02,43,0.37,SB,-,-,-,-,-,-,-,-,-,-,-,-,,,,,,,,,,,,,,,,,,,,,,,,,,,,,,,,,,,,,,,,,,,
SIEMENS,,,,,,48,,,,123,0.62,,,,,,,,FUTURES_OI,FuturesOI_25AUG26_Scan_4_8_2026 (1).xlsx,Capital Goods - Electrical Equipment,4065.0,1.19,19872,0.75,LB,4061.3,3.7,0.09,30,0.15,LB,-,-,-,-,-,-,-,-,-,-,-,-,,,,,,,,,,,,,,,,,,,,,,,,,,,,,,,,,,,,,,,,,,,
OFSS,,,,,,35,,,,81,0.64,,,,,,,,FUTURES_OI,FuturesOI_25AUG26_Scan_4_8_2026 (1).xlsx,IT - Software,11664.0,0.3,12677,0.86,LB,11603,61,0.53,79,0.63,LB,-,-,-,-,-,-,-,-,-,-,-,-,,,,,,,,,,,,,,,,,,,,,,,,,,,,,,,,,,,,,,,,,,,
KALYANKJIL,,,,,,-9.35,,,,111,0.65,,,,,,,,FUTURES_OI,FuturesOI_25AUG26_Scan_4_8_2026 (1).xlsx,"Diamond, Gems and Jewellery",584.0,-1.58,17210,0.94,SB,583.65,0.35,0.06,-89,-0.51,SC,-,-,-,-,-,-,-,-,-,-,-,-,,,,,,,,,,,,,,,,,,,,,,,,,,,,,,,,,,,,,,,,,,,
CGPOWER,,,,,,3.2,,,,155,0.66,,,,,,,,FUTURES_OI,FuturesOI_25AUG26_Scan_4_8_2026 (1).xlsx,Capital Goods - Electrical Equipment,885.5,0.36,23679,0.61,LB,888.85,-3.35,-0.38,41,0.17,SB,-,-,-,-,-,-,-,-,-,-,-,-,,,,,,,,,,,,,,,,,,,,,,,,,,,,,,,,,,,,,,,,,,,
BAJAJHLDNG,,,,,,278,,,,32,0.67,,,,,,,,FUTURES_OI,FuturesOI_25AUG26_Scan_4_8_2026 (1).xlsx,Finance,11620.0,2.45,4776,0.74,LB,11538,82,0.71,42,0.89,LB,-,-,-,-,-,-,-,-,-,-,-,-,,,,,,,,,,,,,,,,,,,,,,,,,,,,,,,,,,,,,,,,,,,
OIL,,,,,,-13.6,,,,77,0.68,,,,,,,,FUTURES_OI,FuturesOI_25AUG26_Scan_4_8_2026 (1).xlsx,Crude Oil & Natural Gas,437.25,-3.02,11355,0.57,SB,440.55,-3.3,-0.75,64,0.57,SB,-,-,-,-,-,-,-,-,-,-,-,-,,,,,,,,,,,,,,,,,,,,,,,,,,,,,,,,,,,,,,,,,,,
IREDA,,,,,,0.38,,,,119,0.69,,,,,,,,FUTURES_OI,FuturesOI_25AUG26_Scan_4_8_2026 (1).xlsx,Finance,116.67,0.33,17249,0.73,LB,117.17,-0.5,-0.43,104,0.61,SB,-,-,-,-,-,-,-,-,-,-,-,-,,,,,,,,,,,,,,,,,,,,,,,,,,,,,,,,,,,,,,,,,,,
ASIANPAINT,,,,,,21.6,,,,206,0.7,,,,,,,,FUTURES_OI,FuturesOI_25AUG26_Scan_4_8_2026 (1).xlsx,Paints/Varnish,2768.9,0.79,29846,0.72,LB,2769.4,-0.5,-0.02,164,0.55,SB,-,-,-,-,-,-,-,-,-,-,-,-,,,,,,,,,,,,,,,,,,,,,,,,,,,,,,,,,,,,,,,,,,,
TVSMOTOR,,,,,,58.3,,,,362,0.71,,,,,,,,FUTURES_OI,FuturesOI_25AUG26_Scan_4_8_2026 (1).xlsx,Automobile,4428.2,1.33,51381,1.05,LB,4396.9,31.3,0.71,338,0.66,LB,-,-,-,-,-,-,-,-,-,-,-,-,,,,,,,,,,,,,,,,,,,,,,,,,,,,,,,,,,,,,,,,,,,
ASHOKLEY,,,,,,4.33,,,,211,0.74,,,,,,,,FUTURES_OI,FuturesOI_25AUG26_Scan_4_8_2026 (1).xlsx,Automobile,177.61,2.5,28666,0.93,LB,175.4,2.21,1.26,176,0.62,LB,-,-,-,-,-,-,-,-,-,-,-,-,,,,,,,,,,,,,,,,,,,,,,,,,,,,,,,,,,,,,,,,,,,
BAJAJFINSV,,,,,,21.5,,,,200,0.75,,,,,,,,FUTURES_OI,FuturesOI_25AUG26_Scan_4_8_2026 (1).xlsx,Finance,2105.0,1.03,26778,0.93,LB,2108,-3,-0.14,189,0.71,SB,-,-,-,-,-,-,-,-,-,-,-,-,,,,,,,,,,,,,,,,,,,,,,,,,,,,,,,,,,,,,,,,,,,
PIDILITIND,,,,,,25,,,,122,0.76,,,,,,,,FUTURES_OI,FuturesOI_25AUG26_Scan_4_8_2026 (1).xlsx,Chemicals,1641.2,1.55,16091,0.45,LB,1628,13.2,0.81,99,0.61,LB,-,-,-,-,-,-,-,-,-,-,-,-,,,,,,,,,,,,,,,,,,,,,,,,,,,,,,,,,,,,,,,,,,,
ICICIPRULI,,,,,,4.75,,,,148,0.77,,,,,,,,FUTURES_OI,FuturesOI_25AUG26_Scan_4_8_2026 (1).xlsx,Insurance,513.65,0.93,19434,0.61,LB,510.3,3.35,0.66,133,0.69,LB,-,-,-,-,-,-,-,-,-,-,-,-,,,,,,,,,,,,,,,,,,,,,,,,,,,,,,,,,,,,,,,,,,,
BHARTIARTL,,,,,,15.5,,,,914,0.8,,,,,,,,FUTURES_OI,FuturesOI_25AUG26_Scan_4_8_2026 (1).xlsx,Telecom-Service,1979.8,0.79,115656,0.5,LB,1994.2,-14.4,-0.72,781,0.68,SB,-,-,-,-,-,-,-,-,-,-,-,-,,,,,,,,,,,,,,,,,,,,,,,,,,,,,,,,,,,,,,,,,,,
DABUR,,,,,,-0.3,,,,184,0.8,,,,,,,,FUTURES_OI,FuturesOI_25AUG26_Scan_4_8_2026 (1).xlsx,FMCG,408.65,-0.07,23204,0.61,SB,409.45,-0.8,-0.2,125,0.54,SB,-,-,-,-,-,-,-,-,-,-,-,-,,,,,,,,,,,,,,,,,,,,,,,,,,,,,,,,,,,,,,,,,,,
HINDZINC,,,,,,6.5,,,,191,0.8,,,,,,,,FUTURES_OI,FuturesOI_25AUG26_Scan_4_8_2026 (1).xlsx,Non Ferrous Metals,570.5,1.15,24131,0.66,LB,572.25,-1.75,-0.31,-56,-0.23,LU,-,-,-,-,-,-,-,-,-,-,-,-,,,,,,,,,,,,,,,,,,,,,,,,,,,,,,,,,,,,,,,,,,,
APOLLOHOSP,,,,,,-38,,,,126,0.81,,,,,,,,FUTURES_OI,FuturesOI_25AUG26_Scan_4_8_2026 (1).xlsx,Healthcare,8848.0,-0.43,15646,0.64,SB,8867.5,-19.5,-0.22,66,0.42,SB,-,-,-,-,-,-,-,-,-,-,-,-,,,,,,,,,,,,,,,,,,,,,,,,,,,,,,,,,,,,,,,,,,,
LAURUSLABS,,,,,,8.2,,,,162,0.82,,,,,,,,FUTURES_OI,FuturesOI_25AUG26_Scan_4_8_2026 (1).xlsx,Pharmaceuticals,1842.9,0.45,19876,0.99,LB,1843,-0.1,-0.01,124,0.63,SB,-,-,-,-,-,-,-,-,-,-,-,-,,,,,,,,,,,,,,,,,,,,,,,,,,,,,,,,,,,,,,,,,,,
UPL,,,,,,-4.35,,,,212,0.86,,,,,,,,FUTURES_OI,FuturesOI_25AUG26_Scan_4_8_2026 (1).xlsx,Agro Chemicals,580.7,-0.74,24900,0.49,SB,583,-2.3,-0.39,180,0.73,SB,-,-,-,-,-,-,-,-,-,-,-,-,,,,,,,,,,,,,,,,,,,,,,,,,,,,,,,,,,,,,,,,,,,
CHOLAFIN,,,,,,27.5,,,,181,0.88,,,,,,,,FUTURES_OI,FuturesOI_25AUG26_Scan_4_8_2026 (1).xlsx,Finance,1895.5,1.47,20810,0.89,LB,1904.8,-9.3,-0.49,161,0.78,SB,-,-,-,-,-,-,-,-,-,-,-,-,,,,,,,,,,,,,,,,,,,,,,,,,,,,,,,,,,,,,,,,,,,
UNOMINDA,,,,,,38.7,,,,79,0.93,,,,,,,,FUTURES_OI,FuturesOI_25AUG26_Scan_4_8_2026 (1).xlsx,Auto Ancillaries,1271.3,3.14,8557,0.73,LB,1258.7,12.6,1,62,0.73,LB,-,-,-,-,-,-,-,-,-,-,-,-,,,,,,,,,,,,,,,,,,,,,,,,,,,,,,,,,,,,,,,,,,,
PNBHOUSING,,,,,,41.8,,,,120,1.01,,,,,,,,FUTURES_OI,FuturesOI_25AUG26_Scan_4_8_2026 (1).xlsx,Finance,1126.0,3.86,12028,0.87,LB,1127.7,-1.7,-0.15,101,0.85,SB,-,-,-,-,-,-,-,-,-,-,-,-,,,,,,,,,,,,,,,,,,,,,,,,,,,,,,,,,,,,,,,,,,,
HDFCBANK,,,,,,-1.8,,,,4768,1.03,,,,,,,,FUTURES_OI,FuturesOI_25AUG26_Scan_4_8_2026 (1).xlsx,Banks,741.9,-0.24,466530,0.47,SB,743.75,-1.85,-0.25,3748,0.81,SB,-,-,-,-,-,-,-,-,-,-,-,-,,,,,,,,,,,,,,,,,,,,,,,,,,,,,,,,,,,,,,,,,,,
OBEROIRLTY,,,,,,28.1,,,,167,1.07,,,,,,,,FUTURES_OI,FuturesOI_25AUG26_Scan_4_8_2026 (1).xlsx,Realty,1818.3,1.57,15731,0.51,LB,1808.8,9.5,0.53,165,1.06,LB,-,-,-,-,-,-,-,-,-,-,-,-,,,,,,,,,,,,,,,,,,,,,,,,,,,,,,,,,,,,,,,,,,,
SHRIRAMFIN,,,,,,19,,,,387,1.21,,,,,,,,FUTURES_OI,FuturesOI_25AUG26_Scan_4_8_2026 (1).xlsx,Finance,1101.1,1.76,32295,0.59,LB,1105.5,-4.4,-0.4,311,0.97,SB,-,-,-,-,-,-,-,-,-,-,-,-,,,,,,,,,,,,,,,,,,,,,,,,,,,,,,,,,,,,,,,,,,,
SENSEX,,,,,,426.45,,,,23,1.29,,,,,,,,FUTURES_OI,FuturesOI_25AUG26_Scan_4_8_2026 (1).xlsx,,79071.45,0.54,1809,1.46,LB,79188.25,-116.8,-0.15,-13,-0.71,LU,-,-,-,-,-,-,-,-,-,-,-,-,,,,,,,,,,,,,,,,,,,,,,,,,,,,,,,,,,,,,,,,,,,
KFINTECH,,,,,,7.8,,,,96,1.32,,,,,,,,FUTURES_OI,FuturesOI_25AUG26_Scan_4_8_2026 (1).xlsx,Financial Services,943.3,0.83,7380,0.57,LB,943.3,-,-,39,0.53,-,-,-,-,-,-,-,-,-,-,-,-,-,,,,,,,,,,,,,,,,,,,,,,,,,,,,,,,,,,,,,,,,,,,
NESTLEIND,,,,,,11.9,,,,210,1.34,,,,,,,,FUTURES_OI,FuturesOI_25AUG26_Scan_4_8_2026 (1).xlsx,FMCG,1500.9,0.8,15868,0.61,LB,1490,10.9,0.73,131,0.83,LB,-,-,-,-,-,-,-,-,-,-,-,-,,,,,,,,,,,,,,,,,,,,,,,,,,,,,,,,,,,,,,,,,,,
ANGELONE,,,,,,-1.6,,,,156,1.39,,,,,,,,FUTURES_OI,FuturesOI_25AUG26_Scan_4_8_2026 (1).xlsx,Stock/ Commodity Brokers,298.75,-0.53,11394,0.56,SB,299,-0.25,-0.08,22,0.19,SB,-,-,-,-,-,-,-,-,-,-,-,-,,,,,,,,,,,,,,,,,,,,,,,,,,,,,,,,,,,,,,,,,,,
PGEL,,,,,,9.05,,,,190,1.65,,,,,,,,FUTURES_OI,FuturesOI_25AUG26_Scan_4_8_2026 (1).xlsx,Consumer Durables,625.9,1.47,11705,0.89,LB,617.6,8.3,1.34,177,1.54,LB,-,-,-,-,-,-,-,-,-,-,-,-,,,,,,,,,,,,,,,,,,,,,,,,,,,,,,,,,,,,,,,,,,,
ONGC,,,,,,-1.06,,,,611,2.52,,,,,,,,FUTURES_OI,FuturesOI_25AUG26_Scan_4_8_2026 (1).xlsx,Crude Oil & Natural Gas,240.8,-0.44,24838,0.51,SB,240.54,0.26,0.11,423,1.72,LB,-,-,-,-,-,-,-,-,-,-,-,-,,,,,,,,,,,,,,,,,,,,,,,,,,,,,,,,,,,,,,,,,,,
ICICIGI,,,,,,58.5,,,,419,2.73,,,,,,,,FUTURES_OI,FuturesOI_25AUG26_Scan_4_8_2026 (1).xlsx,Insurance,1697.0,3.57,15775,0.56,LB,1713.4,-16.4,-0.96,38,0.24,SB,-,-,-,-,-,-,-,-,-,-,-,-,,,,,,,,,,,,,,,,,,,,,,,,,,,,,,,,,,,,,,,,,,,
BSE,,,,,,-2.8,,,,3076,7.25,,,,,,,,FUTURES_OI,FuturesOI_25AUG26_Scan_4_8_2026 (1).xlsx,Financial Services,3602.4,-0.08,45523,0.6,SB,3615.3,-12.9,-0.36,2316,5.36,SB,-,-,-,-,-,-,-,-,-,-,-,-,,,,,,,,,,,,,,,,,,,,,,,,,,,,,,,,,,,,,,,,,,,
MARICO,,,,,,-17.6,,,,1067,8.03,,,,,,,,FUTURES_OI,FuturesOI_25AUG26_Scan_4_8_2026 (1).xlsx,FMCG,857.0,-2.01,14357,0.55,SB,856.35,0.65,0.08,897,6.62,LB,-,-,-,-,-,-,-,-,-,-,-,-,,,,,,,,,,,,,,,,,,,,,,,,,,,,,,,,,,,,,,,,,,,
NYKAA,,,,,,-2.9,,,,1332,9.06,,,,,,,,FUTURES_OI,FuturesOI_25AUG26_Scan_4_8_2026 (1).xlsx,E-Commerce/App based Aggregator,335.05,-0.86,16038,0.38,SB,338.05,-3,-0.89,766,4.92,SB,-,-,-,-,-,-,-,-,-,-,-,-,,,,,,,,,,,,,,,,,,,,,,,,,,,,,,,,,,,,,,,,,,,
MCX,,,,,,-67.6,,,,3368,9.99,,,,,,,,FUTURES_OI,FuturesOI_25AUG26_Scan_4_8_2026 (1).xlsx,Financial Services,2608.2,-2.53,37073,0.68,SB,2601.8,6.4,0.25,2518,7.29,LB,-,-,-,-,-,-,-,-,-,-,-,-,,,,,,,,,,,,,,,,,,,,,,,,,,,,,,,,,,,,,,,,,,,
360ONE,,,,,,24,,,,35,0.43,,,,,,,,FUTURES_OI,FuturesOI_25AUG26_Scan_5_8_2026.xlsx,Stock/ Commodity Brokers,1188.9,2.06,8265,0.58,LB,1178.4,10.5,0.89,17,0.21,LB,-,-,-,-,-,-,-,-,-,-,-,-,,,,,,,,,,,,,,,,,,,,,,,,,,,,,,,,,,,,,,,,,,,
ABB,,,,,,51,,,,24,0.14,,,,,,,,FUTURES_OI,FuturesOI_25AUG26_Scan_5_8_2026.xlsx,Capital Goods - Electrical Equipment,7744.5,0.66,17299,0.58,LB,7692.5,52,0.68,25,0.14,LB,-,-,-,-,-,-,-,-,-,-,-,-,,,,,,,,,,,,,,,,,,,,,,,,,,,,,,,,,,,,,,,,,,,
ABCAPITAL,,,,,,6.2,,,,49,0.41,,,,,,,,FUTURES_OI,FuturesOI_25AUG26_Scan_5_8_2026.xlsx,Finance,424.7,1.48,12038,0.72,LB,426,-1.3,-0.31,-19,-0.16,LU,-,-,-,-,-,-,-,-,-,-,-,-,,,,,,,,,,,,,,,,,,,,,,,,,,,,,,,,,,,,,,,,,,,
ADANIENSOL,,,,,,10.6,,,,57,0.2,,,,,,,,FUTURES_OI,FuturesOI_25AUG26_Scan_5_8_2026.xlsx,Power Generation & Distribution,1658.1,0.64,28713,0.58,LB,1659.2,-1.1,-0.07,23,0.08,SB,-,-,-,-,-,-,-,-,-,-,-,-,,,,,,,,,,,,,,,,,,,,,,,,,,,,,,,,,,,,,,,,,,,
ADANIENT,,,,,,44.1,,,,-382,-0.74,,,,,,,,FUTURES_OI,FuturesOI_25AUG26_Scan_5_8_2026.xlsx,Trading,3088.2,1.45,50928,0.82,SC,3090,-1.8,-0.06,-311,-0.61,LU,-,-,-,-,-,-,-,-,-,-,-,-,,,,,,,,,,,,,,,,,,,,,,,,,,,,,,,,,,,,,,,,,,,
ADANIGREEN,,,,,,8.1,,,,83,0.19,,,,,,,,FUTURES_OI,FuturesOI_25AUG26_Scan_5_8_2026.xlsx,Power Generation & Distribution,1400.5,0.58,44234,0.6,LB,1406.2,-5.7,-0.41,51,0.12,SB,-,-,-,-,-,-,-,-,-,-,-,-,,,,,,,,,,,,,,,,,,,,,,,,,,,,,,,,,,,,,,,,,,,
ADANIPORTS,,,,,,10.6,,,,90,0.21,,,,,,,,FUTURES_OI,FuturesOI_25AUG26_Scan_5_8_2026.xlsx,Marine Port & Services,1710.0,0.62,43679,0.57,LB,1707,3,0.18,45,0.1,LB,-,-,-,-,-,-,-,-,-,-,-,-,,,,,,,,,,,,,,,,,,,,,,,,,,,,,,,,,,,,,,,,,,,
ADANIPOWER,,,,,,0.61,,,,43,0.1,,,,,,,,FUTURES_OI,FuturesOI_25AUG26_Scan_5_8_2026.xlsx,Power Generation & Distribution,211.49,0.29,44179,0.62,LB,212.06,-0.57,-0.27,19,0.04,SB,-,-,-,-,-,-,-,-,-,-,-,-,,,,,,,,,,,,,,,,,,,,,,,,,,,,,,,,,,,,,,,,,,,
ALKEM,,,,,,-62.5,,,,12,0.11,,,,,,,,FUTURES_OI,FuturesOI_25AUG26_Scan_5_8_2026.xlsx,Pharmaceuticals,5617.5,-1.1,11195,0.52,SB,5626.5,-9,-0.16,11,0.1,SB,-,-,-,-,-,-,-,-,-,-,-,-,,,,,,,,,,,,,,,,,,,,,,,,,,,,,,,,,,,,,,,,,,,
AMBER,,,,,,89,,,,-44,-0.36,,,,,,,,FUTURES_OI,FuturesOI_25AUG26_Scan_5_8_2026.xlsx,Consumer Durables,7484.5,1.2,12323,1.25,SC,7419,65.5,0.88,-47,-0.38,SC,-,-,-,-,-,-,-,-,-,-,-,-,,,,,,,,,,,,,,,,,,,,,,,,,,,,,,,,,,,,,,,,,,,
AMBUJACEM,,,,,,5.2,,,,146,0.22,,,,,,,,FUTURES_OI,FuturesOI_25AUG26_Scan_5_8_2026.xlsx,Cement,445.15,1.18,66629,0.67,LB,445.65,-0.5,-0.11,46,0.07,SB,-,-,-,-,-,-,-,-,-,-,-,-,,,,,,,,,,,,,,,,,,,,,,,,,,,,,,,,,,,,,,,,,,,
ANGELONE,,,,,,-0.4,,,,173,1.54,,,,,,,,FUTURES_OI,FuturesOI_25AUG26_Scan_5_8_2026.xlsx,Stock/ Commodity Brokers,299.95,-0.13,11411,0.56,SB,298.2,1.75,0.59,8,0.07,LB,-,-,-,-,-,-,-,-,-,-,-,-,,,,,,,,,,,,,,,,,,,,,,,,,,,,,,,,,,,,,,,,,,,
APLAPOLLO,,,,,,-11.1,,,,-8,-0.05,,,,,,,,FUTURES_OI,FuturesOI_25AUG26_Scan_5_8_2026.xlsx,Capital Goods-Non Electrical Equipment,1919.4,-0.57,15939,0.89,LU,1941,-21.6,-1.11,-5,-0.03,LU,-,-,-,-,-,-,-,-,-,-,-,-,,,,,,,,,,,,,,,,,,,,,,,,,,,,,,,,,,,,,,,,,,,
APOLLOHOSP,,,,,,-18,,,,137,0.88,,,,,,,,FUTURES_OI,FuturesOI_25AUG26_Scan_5_8_2026.xlsx,Healthcare,8868.0,-0.2,15657,0.64,SB,8849,19,0.21,69,0.44,LB,-,-,-,-,-,-,-,-,-,-,-,-,,,,,,,,,,,,,,,,,,,,,,,,,,,,,,,,,,,,,,,,,,,
ASHOKLEY,,,,,,4.13,,,,255,0.9,,,,,,,,FUTURES_OI,FuturesOI_25AUG26_Scan_5_8_2026.xlsx,Automobile,177.41,2.38,28710,0.92,LB,176.54,0.87,0.49,148,0.52,LB,-,-,-,-,-,-,-,-,-,-,-,-,,,,,,,,,,,,,,,,,,,,,,,,,,,,,,,,,,,,,,,,,,,
ASIANPAINT,,,,,,23.2,,,,216,0.73,,,,,,,,FUTURES_OI,FuturesOI_25AUG26_Scan_5_8_2026.xlsx,Paints/Varnish,2770.5,0.84,29856,0.71,LB,2773.3,-2.8,-0.1,139,0.47,SB,-,-,-,-,-,-,-,-,-,-,-,-,,,,,,,,,,,,,,,,,,,,,,,,,,,,,,,,,,,,,,,,,,,
ASTRAL,,,,,,0.3,,,,17,0.1,,,,,,,,FUTURES_OI,FuturesOI_25AUG26_Scan_5_8_2026.xlsx,Plastic products,1438.6,0.02,16681,0.66,LB,1436.7,1.9,0.13,10,0.06,LB,-,-,-,-,-,-,-,-,-,-,-,-,,,,,,,,,,,,,,,,,,,,,,,,,,,,,,,,,,,,,,,,,,,
AUBANK,,,,,,11.1,,,,14,0.06,,,,,,,,FUTURES_OI,FuturesOI_25AUG26_Scan_5_8_2026.xlsx,Banks,1055.3,1.06,21924,0.72,LB,1056,-0.7,-0.07,-9,-0.04,LU,-,-,-,-,-,-,-,-,-,-,-,-,,,,,,,,,,,,,,,,,,,,,,,,,,,,,,,,,,,,,,,,,,,
AUROPHARMA,,,,,,-6.2,,,,71,0.37,,,,,,,,FUTURES_OI,FuturesOI_25AUG26_Scan_5_8_2026.xlsx,Pharmaceuticals,1582.4,-0.39,19436,0.71,SB,1578.6,3.8,0.24,15,0.08,LB,-,-,-,-,-,-,-,-,-,-,-,-,,,,,,,,,,,,,,,,,,,,,,,,,,,,,,,,,,,,,,,,,,,
AXISBANK,,,,,,5.8,,,,2,0.0,,,,,,,,FUTURES_OI,FuturesOI_25AUG26_Scan_5_8_2026.xlsx,Banks,1257.8,0.46,128855,0.71,LB,1262.2,-4.4,-0.35,25,0.02,SB,-,-,-,-,-,-,-,-,-,-,-,-,,,,,,,,,,,,,,,,,,,,,,,,,,,,,,,,,,,,,,,,,,,
BAJAJ-AUTO,,,,,,66,,,,65,0.26,,,,,,,,FUTURES_OI,FuturesOI_25AUG26_Scan_5_8_2026.xlsx,Automobile,11665.0,0.57,24900,1.61,LB,11646,19,0.16,-16,-0.06,SC,-,-,-,-,-,-,-,-,-,-,-,-,,,,,,,,,,,,,,,,,,,,,,,,,,,,,,,,,,,,,,,,,,,
BAJAJFINSV,,,,,,25.4,,,,190,0.71,,,,,,,,FUTURES_OI,FuturesOI_25AUG26_Scan_5_8_2026.xlsx,Finance,2108.9,1.22,26768,0.93,LB,2119.9,-11,-0.52,107,0.4,SB,-,-,-,-,-,-,-,-,-,-,-,-,,,,,,,,,,,,,,,,,,,,,,,,,,,,,,,,,,,,,,,,,,,
BAJAJHLDNG,,,,,,247,,,,28,0.59,,,,,,,,FUTURES_OI,FuturesOI_25AUG26_Scan_5_8_2026.xlsx,Finance,11589.0,2.18,4772,0.74,LB,11649,-60,-0.52,21,0.44,SB,-,-,-,-,-,-,-,-,-,-,-,-,,,,,,,,,,,,,,,,,,,,,,,,,,,,,,,,,,,,,,,,,,,
BAJFINANCE,,,,,,13.1,,,,284,0.4,,,,,,,,FUTURES_OI,FuturesOI_25AUG26_Scan_5_8_2026.xlsx,Finance,1158.0,1.14,72065,0.99,LB,1166.3,-8.3,-0.71,159,0.22,SB,-,-,-,-,-,-,-,-,-,-,-,-,,,,,,,,,,,,,,,,,,,,,,,,,,,,,,,,,,,,,,,,,,,
BANDHANBNK,,,,,,1.42,,,,-137,-0.37,,,,,,,,FUTURES_OI,FuturesOI_25AUG26_Scan_5_8_2026.xlsx,Banks,174.67,0.82,36813,0.53,SC,175.17,-0.5,-0.29,-53,-0.14,LU,-,-,-,-,-,-,-,-,-,-,-,-,,,,,,,,,,,,,,,,,,,,,,,,,,,,,,,,,,,,,,,,,,,
BANKBARODA,,,,,,3.36,,,,-96,-0.22,,,,,,,,FUTURES_OI,FuturesOI_25AUG26_Scan_5_8_2026.xlsx,Banks,250.0,1.36,44483,0.95,SC,249.73,0.27,0.11,-82,-0.18,SC,-,-,-,-,-,-,-,-,-,-,-,-,,,,,,,,,,,,,,,,,,,,,,,,,,,,,,,,,,,,,,,,,,,
BANKEX,,,,,,-,,,,-,0.0,,,,,,,,FUTURES_OI,FuturesOI_25AUG26_Scan_5_8_2026.xlsx,,65532.2,,4,1.37,-,-,-,-,-,-,-,-,-,-,-,-,-,-,-,-,-,-,-,,,,,,,,,,,,,,,,,,,,,,,,,,,,,,,,,,,,,,,,,,,
BANKINDIA,,,,,,2.5,,,,-341,-1.84,,,,,,,,FUTURES_OI,FuturesOI_25AUG26_Scan_5_8_2026.xlsx,Banks,142.74,1.78,18151,0.84,SC,142.02,0.72,0.51,-244,-1.33,SC,-,-,-,-,-,-,-,-,-,-,-,-,,,,,,,,,,,,,,,,,,,,,,,,,,,,,,,,,,,,,,,,,,,
BANKNIFTY,,,,,,366.4,,,,-835,-1.17,,,,,,,,FUTURES_OI,FuturesOI_25AUG26_Scan_5_8_2026.xlsx,,58082.8,0.63,70762,0.87,SC,58085,-2.2,-,-623,-0.88,LU,-,-,-,-,-,-,-,-,-,-,-,-,,,,,,,,,,,,,,,,,,,,,,,,,,,,,,,,,,,,,,,,,,,
BDL,,,,,,12.3,,,,-118,-0.7,,,,,,,,FUTURES_OI,FuturesOI_25AUG26_Scan_5_8_2026.xlsx,Aerospace & Defence,1267.2,0.98,16805,0.8,SC,1270,-2.8,-0.22,-94,-0.56,LU,-,-,-,-,-,-,-,-,-,-,-,-,,,,,,,,,,,,,,,,,,,,,,,,,,,,,,,,,,,,,,,,,,,
BEL,,,,,,0.25,,,,-2,0.0,,,,,,,,FUTURES_OI,FuturesOI_25AUG26_Scan_5_8_2026.xlsx,Aerospace & Defence,392.5,0.06,72367,0.59,SC,392.3,0.2,0.05,-118,-0.16,SC,-,-,-,-,-,-,-,-,-,-,-,-,,,,,,,,,,,,,,,,,,,,,,,,,,,,,,,,,,,,,,,,,,,
BHARATFORG,,,,,,30.1,,,,53,0.34,,,,,,,,FUTURES_OI,FuturesOI_25AUG26_Scan_5_8_2026.xlsx,"Castings, Forgings & Fastners",2225.1,1.37,15624,0.85,LB,2208,17.1,0.77,-32,-0.2,SC,-,-,-,-,-,-,-,-,-,-,-,-,,,,,,,,,,,,,,,,,,,,,,,,,,,,,,,,,,,,,,,,,,,
BHARTIARTL,,,,,,4.2,,,,1166,1.02,,,,,,,,FUTURES_OI,FuturesOI_25AUG26_Scan_5_8_2026.xlsx,Telecom-Service,1968.5,0.21,115908,0.49,LB,1976.6,-8.1,-0.41,686,0.59,SB,-,-,-,-,-,-,-,-,-,-,-,-,,,,,,,,,,,,,,,,,,,,,,,,,,,,,,,,,,,,,,,,,,,
BHEL,,,,,,4.95,,,,-8,-0.03,,,,,,,,FUTURES_OI,FuturesOI_25AUG26_Scan_5_8_2026.xlsx,Capital Goods - Electrical Equipment,415.25,1.21,30639,0.64,SC,413.05,2.2,0.53,-57,-0.19,SC,-,-,-,-,-,-,-,-,-,-,-,-,,,,,,,,,,,,,,,,,,,,,,,,,,,,,,,,,,,,,,,,,,,
BIOCON,,,,,,1.75,,,,20,0.11,,,,,,,,FUTURES_OI,FuturesOI_25AUG26_Scan_5_8_2026.xlsx,Pharmaceuticals,427.7,0.41,18971,0.73,LB,425.7,2,0.47,-,-,-,-,-,-,-,-,-,-,-,-,-,-,-,,,,,,,,,,,,,,,,,,,,,,,,,,,,,,,,,,,,,,,,,,,
BLUESTARCO,,,,,,20.1,,,,37,0.35,,,,,,,,FUTURES_OI,FuturesOI_25AUG26_Scan_5_8_2026.xlsx,Consumer Durables,1689.0,1.2,10602,0.89,LB,1675.8,13.2,0.79,12,0.11,LB,-,-,-,-,-,-,-,-,-,-,-,-,,,,,,,,,,,,,,,,,,,,,,,,,,,,,,,,,,,,,,,,,,,
BOSCHLTD,,,,,,1045,,,,32,0.39,,,,,,,,FUTURES_OI,FuturesOI_25AUG26_Scan_5_8_2026.xlsx,Auto Ancillaries,42495.0,2.52,8329,1.27,LB,42040,455,1.08,-23,-0.28,SC,-,-,-,-,-,-,-,-,-,-,-,-,,,,,,,,,,,,,,,,,,,,,,,,,,,,,,,,,,,,,,,,,,,
BPCL,,,,,,5.15,,,,55,0.27,,,,,,,,FUTURES_OI,FuturesOI_25AUG26_Scan_5_8_2026.xlsx,Refineries,326.95,1.6,20097,0.72,LB,327.75,-0.8,-0.24,45,0.22,SB,-,-,-,-,-,-,-,-,-,-,-,-,,,,,,,,,,,,,,,,,,,,,,,,,,,,,,,,,,,,,,,,,,,
BRITANNIA,,,,,,-4,,,,93,0.62,,,,,,,,FUTURES_OI,FuturesOI_25AUG26_Scan_5_8_2026.xlsx,FMCG,5420.5,-0.07,15099,0.68,SB,5416.5,4,0.07,37,0.25,LB,-,-,-,-,-,-,-,-,-,-,-,-,,,,,,,,,,,,,,,,,,,,,,,,,,,,,,,,,,,,,,,,,,,
BSE,,,,,,-6.8,,,,3086,7.27,,,,,,,,FUTURES_OI,FuturesOI_25AUG26_Scan_5_8_2026.xlsx,Financial Services,3598.4,-0.19,45533,0.59,SB,3581,17.4,0.49,1443,3.26,LB,-,-,-,-,-,-,-,-,-,-,-,-,,,,,,,,,,,,,,,,,,,,,,,,,,,,,,,,,,,,,,,,,,,
CAMS,,,,,,4.4,,,,-38,-0.42,,,,,,,,FUTURES_OI,FuturesOI_25AUG26_Scan_5_8_2026.xlsx,Financial Services,812.0,0.54,8945,0.52,SC,815.5,-3.5,-0.43,-9,-0.1,LU,-,-,-,-,-,-,-,-,-,-,-,-,,,,,,,,,,,,,,,,,,,,,,,,,,,,,,,,,,,,,,,,,,,
CANBK,,,,,,2.13,,,,-11,-0.02,,,,,,,,FUTURES_OI,FuturesOI_25AUG26_Scan_5_8_2026.xlsx,Banks,130.1,1.66,56976,0.8,SC,129.25,0.85,0.66,-24,-0.04,SC,-,-,-,-,-,-,-,-,-,-,-,-,,,,,,,,,,,,,,,,,,,,,,,,,,,,,,,,,,,,,,,,,,,
CDSL,,,,,,5.7,,,,72,0.33,,,,,,,,FUTURES_OI,FuturesOI_25AUG26_Scan_5_8_2026.xlsx,Financial Services,1345.5,0.43,21948,0.7,LB,1345.6,-0.1,-0.01,22,0.1,SB,-,-,-,-,-,-,-,-,-,-,-,-,,,,,,,,,,,,,,,,,,,,,,,,,,,,,,,,,,,,,,,,,,,
CGPOWER,,,,,,4.7,,,,143,0.61,,,,,,,,FUTURES_OI,FuturesOI_25AUG26_Scan_5_8_2026.xlsx,Capital Goods - Electrical Equipment,887.0,0.53,23667,0.61,LB,885.6,1.4,0.16,11,0.05,LB,-,-,-,-,-,-,-,-,-,-,-,-,,,,,,,,,,,,,,,,,,,,,,,,,,,,,,,,,,,,,,,,,,,
CHOLAFIN,,,,,,19.5,,,,254,1.23,,,,,,,,FUTURES_OI,FuturesOI_25AUG26_Scan_5_8_2026.xlsx,Finance,1887.5,1.04,20883,0.9,LB,1907.7,-20.2,-1.06,174,0.84,SB,-,-,-,-,-,-,-,-,-,-,-,-,,,,,,,,,,,,,,,,,,,,,,,,,,,,,,,,,,,,,,,,,,,
CIPLA,,,,,,-11.8,,,,26,0.12,,,,,,,,FUTURES_OI,FuturesOI_25AUG26_Scan_5_8_2026.xlsx,Pharmaceuticals,1448.0,-0.81,20945,0.7,SB,1454,-6,-0.41,9,0.04,SB,-,-,-,-,-,-,-,-,-,-,-,-,,,,,,,,,,,,,,,,,,,,,,,,,,,,,,,,,,,,,,,,,,,
COALINDIA,,,,,,-0.9,,,,40,0.07,,,,,,,,FUTURES_OI,FuturesOI_25AUG26_Scan_5_8_2026.xlsx,Mining & Mineral products,415.25,-0.22,55446,0.71,SB,414.8,0.45,0.11,5,0.01,LB,-,-,-,-,-,-,-,-,-,-,-,-,,,,,,,,,,,,,,,,,,,,,,,,,,,,,,,,,,,,,,,,,,,
COCHINSHIP,,,,,,5.4,,,,-23,-0.18,,,,,,,,FUTURES_OI,FuturesOI_25AUG26_Scan_5_8_2026.xlsx,Aerospace & Defence,1446.3,0.37,13010,0.83,SC,1452.1,-5.8,-0.4,3,0.02,SB,-,-,-,-,-,-,-,-,-,-,-,-,,,,,,,,,,,,,,,,,,,,,,,,,,,,,,,,,,,,,,,,,,,
COFORGE,,,,,,12.3,,,,-129,-0.46,,,,,,,,FUTURES_OI,FuturesOI_25AUG26_Scan_5_8_2026.xlsx,IT - Software,1762.0,0.7,28196,0.99,SC,1769.4,-7.4,-0.42,-241,-0.85,LU,-,-,-,-,-,-,-,-,-,-,-,-,,,,,,,,,,,,,,,,,,,,,,,,,,,,,,,,,,,,,,,,,,,
COLPAL,,,,,,10,,,,30,0.16,,,,,,,,FUTURES_OI,FuturesOI_25AUG26_Scan_5_8_2026.xlsx,FMCG,2037.0,0.49,18309,0.47,LB,2031.7,5.3,0.26,19,0.1,LB,-,-,-,-,-,-,-,-,-,-,-,-,,,,,,,,,,,,,,,,,,,,,,,,,,,,,,,,,,,,,,,,,,,
CONCOR,,,,,,4.85,,,,1,0.01,,,,,,,,FUTURES_OI,FuturesOI_25AUG26_Scan_5_8_2026.xlsx,Logistics,523.45,0.94,17194,0.7,LB,526.7,-3.25,-0.62,3,0.02,SB,-,-,-,-,-,-,-,-,-,-,-,-,,,,,,,,,,,,,,,,,,,,,,,,,,,,,,,,,,,,,,,,,,,
CROMPTON,,,,,,2.6,,,,20,0.07,,,,,,,,FUTURES_OI,FuturesOI_25AUG26_Scan_5_8_2026.xlsx,Consumer Durables,268.9,0.98,27952,0.58,LB,267.7,1.2,0.45,12,0.04,LB,-,-,-,-,-,-,-,-,-,-,-,-,,,,,,,,,,,,,,,,,,,,,,,,,,,,,,,,,,,,,,,,,,,
CUMMINSIND,,,,,,64.5,,,,24,0.12,,,,,,,,FUTURES_OI,FuturesOI_25AUG26_Scan_5_8_2026.xlsx,Capital Goods-Non Electrical Equipment,5575.0,1.17,20349,0.96,LB,5530,45,0.81,-39,-0.19,SC,-,-,-,-,-,-,-,-,-,-,-,-,,,,,,,,,,,,,,,,,,,,,,,,,,,,,,,,,,,,,,,,,,,
DABUR,,,,,,1.25,,,,215,0.93,,,,,,,,FUTURES_OI,FuturesOI_25AUG26_Scan_5_8_2026.xlsx,FMCG,410.2,0.31,23235,0.61,LB,408.55,1.65,0.4,79,0.34,LB,-,-,-,-,-,-,-,-,-,-,-,-,,,,,,,,,,,,,,,,,,,,,,,,,,,,,,,,,,,,,,,,,,,
DALBHARAT,,,,,,10.8,,,,7,0.06,,,,,,,,FUTURES_OI,FuturesOI_25AUG26_Scan_5_8_2026.xlsx,Cement,1828.6,0.59,11581,0.9,LB,1830.6,-2,-0.11,-,-,-,-,-,-,-,-,-,-,-,-,-,-,-,,,,,,,,,,,,,,,,,,,,,,,,,,,,,,,,,,,,,,,,,,,
DELHIVERY,,,,,,-0.75,,,,25,0.19,,,,,,,,FUTURES_OI,FuturesOI_25AUG26_Scan_5_8_2026.xlsx,Logistics,470.8,-0.16,13379,0.72,SB,472,-1.2,-0.25,-5,-0.04,LU,-,-,-,-,-,-,-,-,-,-,-,-,,,,,,,,,,,,,,,,,,,,,,,,,,,,,,,,,,,,,,,,,,,
DIVISLAB,,,,,,-18,,,,146,0.41,,,,,,,,FUTURES_OI,FuturesOI_25AUG26_Scan_5_8_2026.xlsx,Pharmaceuticals,8417.0,-0.21,35568,1.06,SB,8418,-1,-0.01,31,0.09,SB,-,-,-,-,-,-,-,-,-,-,-,-,,,,,,,,,,,,,,,,,,,,,,,,,,,,,,,,,,,,,,,,,,,
DIXON,,,,,,305,,,,-88,-0.17,,,,,,,,FUTURES_OI,FuturesOI_25AUG26_Scan_5_8_2026.xlsx,Consumer Durables,14144.0,2.2,52294,0.62,SC,13961,183,1.31,-143,-0.27,SC,-,-,-,-,-,-,-,-,-,-,-,-,,,,,,,,,,,,,,,,,,,,,,,,,,,,,,,,,,,,,,,,,,,
DLF,,,,,,15.35,,,,245,0.5,,,,,,,,FUTURES_OI,FuturesOI_25AUG26_Scan_5_8_2026.xlsx,Realty,664.35,2.37,49452,0.63,LB,660.8,3.55,0.54,152,0.31,LB,-,-,-,-,-,-,-,-,-,-,-,-,,,,,,,,,,,,,,,,,,,,,,,,,,,,,,,,,,,,,,,,,,,
DMART,,,,,,17.8,,,,97,0.28,,,,,,,,FUTURES_OI,FuturesOI_25AUG26_Scan_5_8_2026.xlsx,Retail,3996.3,0.45,34363,0.74,LB,3985,11.3,0.28,52,0.15,LB,-,-,-,-,-,-,-,-,-,-,-,-,,,,,,,,,,,,,,,,,,,,,,,,,,,,,,,,,,,,,,,,,,,
DRREDDY,,,,,,6.2,,,,20,0.09,,,,,,,,FUTURES_OI,FuturesOI_25AUG26_Scan_5_8_2026.xlsx,Pharmaceuticals,1160.9,0.54,21597,0.6,LB,1158.9,2,0.17,24,0.11,LB,-,-,-,-,-,-,-,-,-,-,-,-,,,,,,,,,,,,,,,,,,,,,,,,,,,,,,,,,,,,,,,,,,,
EICHERMOT,,,,,,76.5,,,,114,0.31,,,,,,,,FUTURES_OI,FuturesOI_25AUG26_Scan_5_8_2026.xlsx,Automobile,7984.5,0.97,37138,1.01,LB,7948.5,36,0.45,37,0.1,LB,-,-,-,-,-,-,-,-,-,-,-,-,,,,,,,,,,,,,,,,,,,,,,,,,,,,,,,,,,,,,,,,,,,
ETERNAL,,,,,,3.2,,,,220,0.35,,,,,,,,FUTURES_OI,FuturesOI_25AUG26_Scan_5_8_2026.xlsx,E-Commerce/App based Aggregator,313.5,1.03,63392,0.75,LB,313.9,-0.4,-0.13,71,0.11,SB,-,-,-,-,-,-,-,-,-,-,-,-,,,,,,,,,,,,,,,,,,,,,,,,,,,,,,,,,,,,,,,,,,,
FEDERALBNK,,,,,,0.35,,,,59,0.17,,,,,,,,FUTURES_OI,FuturesOI_25AUG26_Scan_5_8_2026.xlsx,Banks,358.6,0.1,33798,0.93,LB,359.1,-0.5,-0.14,36,0.11,SB,-,-,-,-,-,-,-,-,-,-,-,-,,,,,,,,,,,,,,,,,,,,,,,,,,,,,,,,,,,,,,,,,,,
FINNIFTY,,,,,,148.8,,,,-4,-0.79,,,,,,,,FUTURES_OI,FuturesOI_25AUG26_Scan_5_8_2026.xlsx,,26922.2,0.56,503,0.73,SC,26950,-27.8,-0.1,-,-,-,-,-,-,-,-,-,-,-,-,-,-,-,,,,,,,,,,,,,,,,,,,,,,,,,,,,,,,,,,,,,,,,,,,
FOCIT,,,,,,-,,,,-,0.0,,,,,,,,FUTURES_OI,FuturesOI_25AUG26_Scan_5_8_2026.xlsx,,37785.0,,12,0.37,-,-,-,-,-,-,-,-,-,-,-,-,-,-,-,-,-,-,-,,,,,,,,,,,,,,,,,,,,,,,,,,,,,,,,,,,,,,,,,,,
FORCEMOT,,,,,,190,,,,-50,-0.5,,,,,,,,FUTURES_OI,FuturesOI_25AUG26_Scan_5_8_2026.xlsx,Automobile,18629.0,1.03,9934,0.85,SC,18700,-71,-0.38,-25,-0.25,LU,-,-,-,-,-,-,-,-,-,-,-,-,,,,,,,,,,,,,,,,,,,,,,,,,,,,,,,,,,,,,,,,,,,
FORTIS,,,,,,-3.95,,,,40,0.31,,,,,,,,FUTURES_OI,FuturesOI_25AUG26_Scan_5_8_2026.xlsx,Healthcare,925.25,-0.43,12991,0.72,SB,925,0.25,0.03,47,0.36,LB,-,-,-,-,-,-,-,-,-,-,-,-,,,,,,,,,,,,,,,,,,,,,,,,,,,,,,,,,,,,,,,,,,,
GAIL,,,,,,0.25,,,,-28,-0.11,,,,,,,,FUTURES_OI,FuturesOI_25AUG26_Scan_5_8_2026.xlsx,Gas Distribution,176.59,0.14,25633,0.4,SC,177.59,-1,-0.56,-22,-0.09,LU,-,-,-,-,-,-,-,-,-,-,-,-,,,,,,,,,,,,,,,,,,,,,,,,,,,,,,,,,,,,,,,,,,,
GLENMARK,,,,,,-10.4,,,,162,0.52,,,,,,,,FUTURES_OI,FuturesOI_25AUG26_Scan_5_8_2026.xlsx,Pharmaceuticals,2216.4,-0.47,31319,0.6,SB,2217,-0.6,-0.03,114,0.37,SB,-,-,-,-,-,-,-,-,-,-,-,-,,,,,,,,,,,,,,,,,,,,,,,,,,,,,,,,,,,,,,,,,,,
GMRAIRPORT,,,,,,0.97,,,,1,0.01,,,,,,,,FUTURES_OI,FuturesOI_25AUG26_Scan_5_8_2026.xlsx,Miscellaneous,107.35,0.91,18657,1.0,LB,107.56,-0.21,-0.2,-11,-0.06,LU,-,-,-,-,-,-,-,-,-,-,-,-,,,,,,,,,,,,,,,,,,,,,,,,,,,,,,,,,,,,,,,,,,,
GODFRYPHLP,,,,,,-19.5,,,,-41,-0.61,,,,,,,,FUTURES_OI,FuturesOI_25AUG26_Scan_5_8_2026.xlsx,Tobacco Products,2312.2,-0.84,6686,0.54,LU,2302.3,9.9,0.43,-43,-0.64,SC,-,-,-,-,-,-,-,-,-,-,-,-,,,,,,,,,,,,,,,,,,,,,,,,,,,,,,,,,,,,,,,,,,,
GODREJCP,,,,,,13.8,,,,46,0.21,,,,,,,,FUTURES_OI,FuturesOI_25AUG26_Scan_5_8_2026.xlsx,FMCG,1072.0,1.3,22419,0.61,LB,1067,5,0.47,33,0.15,LB,-,-,-,-,-,-,-,-,-,-,-,-,,,,,,,,,,,,,,,,,,,,,,,,,,,,,,,,,,,,,,,,,,,
GODREJPROP,,,,,,79.9,,,,-63,-0.26,,,,,,,,FUTURES_OI,FuturesOI_25AUG26_Scan_5_8_2026.xlsx,Realty,2118.5,3.92,24167,0.57,SC,2113.3,5.2,0.25,63,0.26,LB,-,-,-,-,-,-,-,-,-,-,-,-,,,,,,,,,,,,,,,,,,,,,,,,,,,,,,,,,,,,,,,,,,,
GRASIM,,,,,,29.9,,,,27,0.06,,,,,,,,FUTURES_OI,FuturesOI_25AUG26_Scan_5_8_2026.xlsx,Textiles,3164.9,0.95,47601,0.67,LB,3160,4.9,0.16,31,0.07,LB,-,-,-,-,-,-,-,-,-,-,-,-,,,,,,,,,,,,,,,,,,,,,,,,,,,,,,,,,,,,,,,,,,,
GVT&D,,,,,,37.4,,,,27,0.12,,,,,,,,FUTURES_OI,FuturesOI_25AUG26_Scan_5_8_2026.xlsx,Capital Goods - Electrical Equipment,4389.8,0.86,22207,0.75,LB,4384.1,5.7,0.13,5,0.02,LB,-,-,-,-,-,-,-,-,-,-,-,-,,,,,,,,,,,,,,,,,,,,,,,,,,,,,,,,,,,,,,,,,,,
HAL,,,,,,15.5,,,,31,0.09,,,,,,,,FUTURES_OI,FuturesOI_25AUG26_Scan_5_8_2026.xlsx,Aerospace & Defence,4668.8,0.33,34161,0.72,LB,4666.7,2.1,0.04,14,0.04,LB,-,-,-,-,-,-,-,-,-,-,-,-,,,,,,,,,,,,,,,,,,,,,,,,,,,,,,,,,,,,,,,,,,,
HAVELLS,,,,,,4.5,,,,-7,-0.04,,,,,,,,FUTURES_OI,FuturesOI_25AUG26_Scan_5_8_2026.xlsx,Consumer Durables,1292.0,0.35,17904,0.59,SC,1287,5,0.39,-20,-0.11,SC,-,-,-,-,-,-,-,-,-,-,-,-,,,,,,,,,,,,,,,,,,,,,,,,,,,,,,,,,,,,,,,,,,,
HCLTECH,,,,,,3.6,,,,9,0.01,,,,,,,,FUTURES_OI,FuturesOI_25AUG26_Scan_5_8_2026.xlsx,IT - Software,1367.4,0.26,68293,0.85,LB,1368.2,-0.8,-0.06,-22,-0.03,LU,-,-,-,-,-,-,-,-,-,-,-,-,,,,,,,,,,,,,,,,,,,,,,,,,,,,,,,,,,,,,,,,,,,
HDFCAMC,,,,,,29.9,,,,-4,-0.02,,,,,,,,FUTURES_OI,FuturesOI_25AUG26_Scan_5_8_2026.xlsx,Finance,2581.0,1.17,21183,0.84,SC,2581.2,-0.2,-0.01,-12,-0.06,LU,-,-,-,-,-,-,-,-,-,-,-,-,,,,,,,,,,,,,,,,,,,,,,,,,,,,,,,,,,,,,,,,,,,
HDFCBANK,,,,,,-1.75,,,,5302,1.15,,,,,,,,FUTURES_OI,FuturesOI_25AUG26_Scan_5_8_2026.xlsx,Banks,741.95,-0.24,467064,0.47,SB,743.35,-1.4,-0.19,2459,0.53,SB,-,-,-,-,-,-,-,-,-,-,-,-,,,,,,,,,,,,,,,,,,,,,,,,,,,,,,,,,,,,,,,,,,,
HDFCLIFE,,,,,,8.3,,,,7,0.02,,,,,,,,FUTURES_OI,FuturesOI_25AUG26_Scan_5_8_2026.xlsx,Insurance,544.0,1.55,42929,0.6,LB,538.85,5.15,0.96,12,0.03,LB,-,-,-,-,-,-,-,-,-,-,-,-,,,,,,,,,,,,,,,,,,,,,,,,,,,,,,,,,,,,,,,,,,,
HEROMOTOCO,,,,,,58,,,,144,0.46,,,,,,,,FUTURES_OI,FuturesOI_25AUG26_Scan_5_8_2026.xlsx,Automobile,5637.0,1.04,31480,0.9,LB,5619,18,0.32,-3,-0.01,SC,-,-,-,-,-,-,-,-,-,-,-,-,,,,,,,,,,,,,,,,,,,,,,,,,,,,,,,,,,,,,,,,,,,
HINDALCO,,,,,,7.95,,,,-3,0.0,,,,,,,,FUTURES_OI,FuturesOI_25AUG26_Scan_5_8_2026.xlsx,Non Ferrous Metals,1025.95,0.78,75700,0.8,SC,1022.9,3.05,0.3,104,0.14,LB,-,-,-,-,-,-,-,-,-,-,-,-,,,,,,,,,,,,,,,,,,,,,,,,,,,,,,,,,,,,,,,,,,,
HINDPETRO,,,,,,5.05,,,,17,0.08,,,,,,,,FUTURES_OI,FuturesOI_25AUG26_Scan_5_8_2026.xlsx,Refineries,398.5,1.28,22051,0.69,LB,400.85,-2.35,-0.59,-104,-0.47,LU,-,-,-,-,-,-,-,-,-,-,-,-,,,,,,,,,,,,,,,,,,,,,,,,,,,,,,,,,,,,,,,,,,,
HINDUNILVR,,,,,,7.8,,,,45,0.09,,,,,,,,FUTURES_OI,FuturesOI_25AUG26_Scan_5_8_2026.xlsx,FMCG,2097.5,0.37,49345,0.51,LB,2091,6.5,0.31,-32,-0.06,SC,-,-,-,-,-,-,-,-,-,-,-,-,,,,,,,,,,,,,,,,,,,,,,,,,,,,,,,,,,,,,,,,,,,
HINDZINC,,,,,,6.95,,,,173,0.72,,,,,,,,FUTURES_OI,FuturesOI_25AUG26_Scan_5_8_2026.xlsx,Non Ferrous Metals,570.95,1.23,24113,0.67,LB,571.25,-0.3,-0.05,-58,-0.24,LU,-,-,-,-,-,-,-,-,-,-,-,-,,,,,,,,,,,,,,,,,,,,,,,,,,,,,,,,,,,,,,,,,,,
HYUNDAI,,,,,,20.7,,,,-3,-0.02,,,,,,,,FUTURES_OI,FuturesOI_25AUG26_Scan_5_8_2026.xlsx,Automobile,2217.5,0.94,14394,1.16,SC,2208,9.5,0.43,-10,-0.07,SC,-,-,-,-,-,-,-,-,-,-,-,-,,,,,,,,,,,,,,,,,,,,,,,,,,,,,,,,,,,,,,,,,,,
ICICIBANK,,,,,,5.7,,,,170,0.11,,,,,,,,FUTURES_OI,FuturesOI_25AUG26_Scan_5_8_2026.xlsx,Banks,1451.2,0.39,148616,0.72,LB,1453.5,-2.3,-0.16,99,0.07,SB,-,-,-,-,-,-,-,-,-,-,-,-,,,,,,,,,,,,,,,,,,,,,,,,,,,,,,,,,,,,,,,,,,,
ICICIGI,,,,,,52.6,,,,447,2.91,,,,,,,,FUTURES_OI,FuturesOI_25AUG26_Scan_5_8_2026.xlsx,Insurance,1691.1,3.21,15803,0.54,LB,1692.8,-1.7,-0.1,-228,-1.42,LU,-,-,-,-,-,-,-,-,-,-,-,-,,,,,,,,,,,,,,,,,,,,,,,,,,,,,,,,,,,,,,,,,,,
ICICIPRULI,,,,,,5.4,,,,121,0.63,,,,,,,,FUTURES_OI,FuturesOI_25AUG26_Scan_5_8_2026.xlsx,Insurance,514.3,1.06,19407,0.62,LB,509.55,4.75,0.93,-39,-0.2,SC,-,-,-,-,-,-,-,-,-,-,-,-,,,,,,,,,,,,,,,,,,,,,,,,,,,,,,,,,,,,,,,,,,,
IDEA,,,,,,0.1,,,,-42,-0.05,,,,,,,,FUTURES_OI,FuturesOI_25AUG26_Scan_5_8_2026.xlsx,Telecom-Service,12.97,0.78,82391,0.63,SC,12.98,-0.01,-0.08,-54,-0.07,LU,-,-,-,-,-,-,-,-,-,-,-,-,,,,,,,,,,,,,,,,,,,,,,,,,,,,,,,,,,,,,,,,,,,
IDFCFIRSTB,,,,,,0.37,,,,-3,-0.01,,,,,,,,FUTURES_OI,FuturesOI_25AUG26_Scan_5_8_2026.xlsx,Banks,85.89,0.43,38300,0.72,SC,85.97,-0.08,-0.09,-9,-0.02,LU,-,-,-,-,-,-,-,-,-,-,-,-,,,,,,,,,,,,,,,,,,,,,,,,,,,,,,,,,,,,,,,,,,,
IEX,,,,,,1.43,,,,9,0.05,,,,,,,,FUTURES_OI,FuturesOI_25AUG26_Scan_5_8_2026.xlsx,Financial Services,131.28,1.1,16754,0.7,LB,130.9,0.38,0.29,4,0.02,LB,-,-,-,-,-,-,-,-,-,-,-,-,,,,,,,,,,,,,,,,,,,,,,,,,,,,,,,,,,,,,,,,,,,
INDHOTEL,,,,,,4.2,,,,49,0.24,,,,,,,,FUTURES_OI,FuturesOI_25AUG26_Scan_5_8_2026.xlsx,Hotels & Restaurants,748.95,0.56,20698,0.67,LB,752.25,-3.3,-0.44,37,0.18,SB,-,-,-,-,-,-,-,-,-,-,-,-,,,,,,,,,,,,,,,,,,,,,,,,,,,,,,,,,,,,,,,,,,,
INDIANB,,,,,,21.4,,,,-2,-0.02,,,,,,,,FUTURES_OI,FuturesOI_25AUG26_Scan_5_8_2026.xlsx,Banks,866.9,2.53,12082,1.05,SC,858.5,8.4,0.98,28,0.23,LB,-,-,-,-,-,-,-,-,-,-,-,-,,,,,,,,,,,,,,,,,,,,,,,,,,,,,,,,,,,,,,,,,,,
INDIGO,,,,,,114,,,,168,0.45,,,,,,,,FUTURES_OI,FuturesOI_25AUG26_Scan_5_8_2026.xlsx,Air Transport Service,5454.0,2.13,37555,0.63,LB,5492,-38,-0.69,32,0.09,SB,-,-,-,-,-,-,-,-,-,-,-,-,,,,,,,,,,,,,,,,,,,,,,,,,,,,,,,,,,,,,,,,,,,
INDUSINDBK,,,,,,14.6,,,,-44,-0.09,,,,,,,,FUTURES_OI,FuturesOI_25AUG26_Scan_5_8_2026.xlsx,Banks,1035.6,1.43,47909,0.59,SC,1034.2,1.4,0.14,-61,-0.13,SC,-,-,-,-,-,-,-,-,-,-,-,-,,,,,,,,,,,,,,,,,,,,,,,,,,,,,,,,,,,,,,,,,,,
INDUSTOWER,,,,,,1.55,,,,9,0.02,,,,,,,,FUTURES_OI,FuturesOI_25AUG26_Scan_5_8_2026.xlsx,Telecom Equipment & Infra Services,391.85,0.4,52639,0.6,LB,390.75,1.1,0.28,28,0.05,LB,-,-,-,-,-,-,-,-,-,-,-,-,,,,,,,,,,,,,,,,,,,,,,,,,,,,,,,,,,,,,,,,,,,
INFY,,,,,,9,,,,18,0.01,,,,,,,,FUTURES_OI,FuturesOI_25AUG26_Scan_5_8_2026.xlsx,IT - Software,1173.5,0.77,217734,0.96,LB,1174,-0.5,-0.04,-163,-0.07,LU,-,-,-,-,-,-,-,-,-,-,-,-,,,,,,,,,,,,,,,,,,,,,,,,,,,,,,,,,,,,,,,,,,,
INOXWIND,,,,,,0.68,,,,-24,-0.15,,,,,,,,FUTURES_OI,FuturesOI_25AUG26_Scan_5_8_2026.xlsx,Capital Goods - Electrical Equipment,80.2,0.86,16502,0.66,SC,80.22,-0.02,-0.02,10,0.06,SB,-,-,-,-,-,-,-,-,-,-,-,-,,,,,,,,,,,,,,,,,,,,,,,,,,,,,,,,,,,,,,,,,,,
IOC,,,,,,2.34,,,,102,0.33,,,,,,,,FUTURES_OI,FuturesOI_25AUG26_Scan_5_8_2026.xlsx,Refineries,143.09,1.66,30815,0.8,LB,143.26,-0.17,-0.12,20,0.06,SB,-,-,-,-,-,-,-,-,-,-,-,-,,,,,,,,,,,,,,,,,,,,,,,,,,,,,,,,,,,,,,,,,,,
IREDA,,,,,,0.6,,,,155,0.9,,,,,,,,FUTURES_OI,FuturesOI_25AUG26_Scan_5_8_2026.xlsx,Finance,116.89,0.52,17285,0.73,LB,117.12,-0.23,-0.2,110,0.64,SB,-,-,-,-,-,-,-,-,-,-,-,-,,,,,,,,,,,,,,,,,,,,,,,,,,,,,,,,,,,,,,,,,,,
IRFC,,,,,,0.69,,,,-55,-0.34,,,,,,,,FUTURES_OI,FuturesOI_25AUG26_Scan_5_8_2026.xlsx,Finance,90.29,0.77,16146,0.69,SC,90.49,-0.2,-0.22,-27,-0.17,LU,-,-,-,-,-,-,-,-,-,-,-,-,,,,,,,,,,,,,,,,,,,,,,,,,,,,,,,,,,,,,,,,,,,
ITC,,,,,,-,,,,38,0.04,,,,,,,,FUTURES_OI,FuturesOI_25AUG26_Scan_5_8_2026.xlsx,Tobacco Products,287.7,,90972,0.55,-,287.75,-0.05,-0.02,25,0.03,SB,-,-,-,-,-,-,-,-,-,-,-,-,,,,,,,,,,,,,,,,,,,,,,,,,,,,,,,,,,,,,,,,,,,
JINDALSTEL,,,,,,5.1,,,,63,0.29,,,,,,,,FUTURES_OI,FuturesOI_25AUG26_Scan_5_8_2026.xlsx,Steel,1127.7,0.45,22053,0.86,LB,1126,1.7,0.15,11,0.05,LB,-,-,-,-,-,-,-,-,-,-,-,-,,,,,,,,,,,,,,,,,,,,,,,,,,,,,,,,,,,,,,,,,,,
JIOFIN,,,,,,3.15,,,,-35,-0.04,,,,,,,,FUTURES_OI,FuturesOI_25AUG26_Scan_5_8_2026.xlsx,Finance,267.25,1.19,79011,0.66,SC,267.15,0.1,0.04,-171,-0.22,SC,-,-,-,-,-,-,-,-,-,-,-,-,,,,,,,,,,,,,,,,,,,,,,,,,,,,,,,,,,,,,,,,,,,
JSWENERGY,,,,,,0.75,,,,-14,-0.06,,,,,,,,FUTURES_OI,FuturesOI_25AUG26_Scan_5_8_2026.xlsx,Power Generation & Distribution,570.2,0.13,22729,1.03,SC,570.65,-0.45,-0.08,-5,-0.02,LU,-,-,-,-,-,-,-,-,-,-,-,-,,,,,,,,,,,,,,,,,,,,,,,,,,,,,,,,,,,,,,,,,,,
JSWSTEEL,,,,,,4.6,,,,72,0.12,,,,,,,,FUTURES_OI,FuturesOI_25AUG26_Scan_5_8_2026.xlsx,Steel,1300.5,0.35,58930,0.85,LB,1301.1,-0.6,-0.05,22,0.04,SB,-,-,-,-,-,-,-,-,-,-,-,-,,,,,,,,,,,,,,,,,,,,,,,,,,,,,,,,,,,,,,,,,,,
JUBLFOOD,,,,,,12.8,,,,-20,-0.15,,,,,,,,FUTURES_OI,FuturesOI_25AUG26_Scan_5_8_2026.xlsx,Quick Service Restaurant,479.6,2.74,13093,0.7,SC,479,0.6,0.13,-50,-0.38,SC,-,-,-,-,-,-,-,-,-,-,-,-,,,,,,,,,,,,,,,,,,,,,,,,,,,,,,,,,,,,,,,,,,,
KALYANKJIL,,,,,,-5.8,,,,-21,-0.12,,,,,,,,FUTURES_OI,FuturesOI_25AUG26_Scan_5_8_2026.xlsx,"Diamond, Gems and Jewellery",587.55,-0.98,17078,0.94,LU,585.1,2.45,0.42,-309,-1.78,SC,-,-,-,-,-,-,-,-,-,-,-,-,,,,,,,,,,,,,,,,,,,,,,,,,,,,,,,,,,,,,,,,,,,
KAYNES,,,,,,39.7,,,,47,0.17,,,,,,,,FUTURES_OI,FuturesOI_25AUG26_Scan_5_8_2026.xlsx,Consumer Durables,3930.2,1.02,26949,0.72,LB,3909,21.2,0.54,-7,-0.03,SC,-,-,-,-,-,-,-,-,-,-,-,-,,,,,,,,,,,,,,,,,,,,,,,,,,,,,,,,,,,,,,,,,,,
KEI,,,,,,51.5,,,,-35,-0.36,,,,,,,,FUTURES_OI,FuturesOI_25AUG26_Scan_5_8_2026.xlsx,Cables,5573.0,0.93,9802,1.0,SC,5489.9,83.1,1.51,43,0.44,LB,-,-,-,-,-,-,-,-,-,-,-,-,,,,,,,,,,,,,,,,,,,,,,,,,,,,,,,,,,,,,,,,,,,
KFINTECH,,,,,,8.25,,,,93,1.28,,,,,,,,FUTURES_OI,FuturesOI_25AUG26_Scan_5_8_2026.xlsx,Financial Services,943.75,0.88,7377,0.57,LB,944,-0.25,-0.03,-8,-0.11,LU,-,-,-,-,-,-,-,-,-,-,-,-,,,,,,,,,,,,,,,,,,,,,,,,,,,,,,,,,,,,,,,,,,,
KOTAKBANK,,,,,,3.35,,,,134,0.16,,,,,,,,FUTURES_OI,FuturesOI_25AUG26_Scan_5_8_2026.xlsx,Banks,398.0,0.85,86504,0.64,LB,398.4,-0.4,-0.1,64,0.07,SB,-,-,-,-,-,-,-,-,-,-,-,-,,,,,,,,,,,,,,,,,,,,,,,,,,,,,,,,,,,,,,,,,,,
KPITTECH,,,,,,-1.5,,,,-12,-0.07,,,,,,,,FUTURES_OI,FuturesOI_25AUG26_Scan_5_8_2026.xlsx,IT - Software,620.45,-0.24,16266,0.61,LU,625.2,-4.75,-0.76,-15,-0.09,LU,-,-,-,-,-,-,-,-,-,-,-,-,,,,,,,,,,,,,,,,,,,,,,,,,,,,,,,,,,,,,,,,,,,
LAURUSLABS,,,,,,13.3,,,,197,1.0,,,,,,,,FUTURES_OI,FuturesOI_25AUG26_Scan_5_8_2026.xlsx,Pharmaceuticals,1848.0,0.72,19911,1.0,LB,1835.8,12.2,0.66,81,0.41,LB,-,-,-,-,-,-,-,-,-,-,-,-,,,,,,,,,,,,,,,,,,,,,,,,,,,,,,,,,,,,,,,,,,,
LICHSGFIN,,,,,,1.85,,,,53,0.18,,,,,,,,FUTURES_OI,FuturesOI_25AUG26_Scan_5_8_2026.xlsx,Finance,505.65,0.37,29982,0.62,LB,505.85,-0.2,-0.04,7,0.02,SB,-,-,-,-,-,-,-,-,-,-,-,-,,,,,,,,,,,,,,,,,,,,,,,,,,,,,,,,,,,,,,,,,,,
LICI,,,,,,8.7,,,,-1281,-2.71,,,,,,,,FUTURES_OI,FuturesOI_25AUG26_Scan_5_8_2026.xlsx,Insurance,399.0,2.23,46025,0.7,SC,394.4,4.6,1.17,-680,-1.46,SC,-,-,-,-,-,-,-,-,-,-,-,-,,,,,,,,,,,,,,,,,,,,,,,,,,,,,,,,,,,,,,,,,,,
LODHA,,,,,,13.9,,,,-91,-0.49,,,,,,,,FUTURES_OI,FuturesOI_25AUG26_Scan_5_8_2026.xlsx,Realty,1238.3,1.14,18525,0.69,SC,1244.2,-5.9,-0.47,-45,-0.24,LU,-,-,-,-,-,-,-,-,-,-,-,-,,,,,,,,,,,,,,,,,,,,,,,,,,,,,,,,,,,,,,,,,,,
LT,,,,,,58.6,,,,-366,-0.56,,,,,,,,FUTURES_OI,FuturesOI_25AUG26_Scan_5_8_2026.xlsx,Infrastructure Developers & Operators,4079.6,1.46,64968,0.86,SC,4080,-0.4,-0.01,-488,-0.75,LU,-,-,-,-,-,-,-,-,-,-,-,-,,,,,,,,,,,,,,,,,,,,,,,,,,,,,,,,,,,,,,,,,,,
LTF,,,,,,3.05,,,,41,0.2,,,,,,,,FUTURES_OI,FuturesOI_25AUG26_Scan_5_8_2026.xlsx,Finance,324.1,0.95,20338,0.69,LB,325.4,-1.3,-0.4,16,0.08,SB,-,-,-,-,-,-,-,-,-,-,-,-,,,,,,,,,,,,,,,,,,,,,,,,,,,,,,,,,,,,,,,,,,,
LTM,,,,,,17.1,,,,38,0.25,,,,,,,,FUTURES_OI,FuturesOI_25AUG26_Scan_5_8_2026.xlsx,IT - Software,4565.0,0.38,15532,0.66,LB,4581.5,-16.5,-0.36,25,0.16,SB,-,-,-,-,-,-,-,-,-,-,-,-,,,,,,,,,,,,,,,,,,,,,,,,,,,,,,,,,,,,,,,,,,,
LUPIN,,,,,,-16.8,,,,73,0.48,,,,,,,,FUTURES_OI,FuturesOI_25AUG26_Scan_5_8_2026.xlsx,Pharmaceuticals,2378.7,-0.7,15199,0.67,SB,2373.7,5,0.21,29,0.19,LB,-,-,-,-,-,-,-,-,-,-,-,-,,,,,,,,,,,,,,,,,,,,,,,,,,,,,,,,,,,,,,,,,,,
M&M,,,,,,61.3,,,,356,0.58,,,,,,,,FUTURES_OI,FuturesOI_25AUG26_Scan_5_8_2026.xlsx,Automobile,3484.0,1.79,61216,0.89,LB,3481.2,2.8,0.08,124,0.2,LB,-,-,-,-,-,-,-,-,-,-,-,-,,,,,,,,,,,,,,,,,,,,,,,,,,,,,,,,,,,,,,,,,,,
MANAPPURAM,,,,,,6.15,,,,-65,-0.31,,,,,,,,FUTURES_OI,FuturesOI_25AUG26_Scan_5_8_2026.xlsx,Finance,364.75,1.72,21118,0.65,SC,367,-2.25,-0.61,-49,-0.23,LU,-,-,-,-,-,-,-,-,-,-,-,-,,,,,,,,,,,,,,,,,,,,,,,,,,,,,,,,,,,,,,,,,,,
MANKIND,,,,,,2.7,,,,28,0.21,,,,,,,,FUTURES_OI,FuturesOI_25AUG26_Scan_5_8_2026.xlsx,Pharmaceuticals,2458.9,0.11,13136,0.62,LB,2448.1,10.8,0.44,13,0.1,LB,-,-,-,-,-,-,-,-,-,-,-,-,,,,,,,,,,,,,,,,,,,,,,,,,,,,,,,,,,,,,,,,,,,
MARICO,,,,,,-13.8,,,,1174,8.83,,,,,,,,FUTURES_OI,FuturesOI_25AUG26_Scan_5_8_2026.xlsx,FMCG,860.8,-1.58,14464,0.55,SB,850.05,10.75,1.26,426,3.02,LB,-,-,-,-,-,-,-,-,-,-,-,-,,,,,,,,,,,,,,,,,,,,,,,,,,,,,,,,,,,,,,,,,,,
MARUTI,,,,,,93,,,,-,0.0,,,,,,,,FUTURES_OI,FuturesOI_25AUG26_Scan_5_8_2026.xlsx,Automobile,14141.0,0.66,41111,0.57,-,14140,1,0.01,-94,-0.23,SC,-,-,-,-,-,-,-,-,-,-,-,-,,,,,,,,,,,,,,,,,,,,,,,,,,,,,,,,,,,,,,,,,,,
MAXHEALTH,,,,,,-0.7,,,,60,0.32,,,,,,,,FUTURES_OI,FuturesOI_25AUG26_Scan_5_8_2026.xlsx,Healthcare,1072.9,-0.07,18854,0.67,SB,1071.8,1.1,0.1,18,0.1,LB,-,-,-,-,-,-,-,-,-,-,-,-,,,,,,,,,,,,,,,,,,,,,,,,,,,,,,,,,,,,,,,,,,,
MAZDOCK,,,,,,31.9,,,,-244,-1.09,,,,,,,,FUTURES_OI,FuturesOI_25AUG26_Scan_5_8_2026.xlsx,Aerospace & Defence,2419.0,1.34,22144,0.67,SC,2421.4,-2.4,-0.1,-231,-1.03,LU,-,-,-,-,-,-,-,-,-,-,-,-,,,,,,,,,,,,,,,,,,,,,,,,,,,,,,,,,,,,,,,,,,,
MCX,,,,,,-64.7,,,,3812,11.31,,,,,,,,FUTURES_OI,FuturesOI_25AUG26_Scan_5_8_2026.xlsx,Financial Services,2611.1,-2.42,37517,0.67,SB,2589.5,21.6,0.83,1823,5.07,LB,-,-,-,-,-,-,-,-,-,-,-,-,,,,,,,,,,,,,,,,,,,,,,,,,,,,,,,,,,,,,,,,,,,
MFSL,,,,,,25.4,,,,9,0.04,,,,,,,,FUTURES_OI,FuturesOI_25AUG26_Scan_5_8_2026.xlsx,Finance,1531.6,1.69,23594,0.58,LB,1513.9,17.7,1.17,-15,-0.06,SC,-,-,-,-,-,-,-,-,-,-,-,-,,,,,,,,,,,,,,,,,,,,,,,,,,,,,,,,,,,,,,,,,,,
MIDCPNIFTY,,,,,,112.3,,,,-13,-0.08,,,,,,,,FUTURES_OI,FuturesOI_25AUG26_Scan_5_8_2026.xlsx,,14969.05,0.76,15690,1.12,SC,14930.7,38.35,0.26,-14,-0.09,SC,-,-,-,-,-,-,-,-,-,-,-,-,,,,,,,,,,,,,,,,,,,,,,,,,,,,,,,,,,,,,,,,,,,
MOTHERSON,,,,,,2.95,,,,83,0.4,,,,,,,,FUTURES_OI,FuturesOI_25AUG26_Scan_5_8_2026.xlsx,Auto Ancillaries,153.61,1.96,20748,0.67,LB,152,1.61,1.06,51,0.25,LB,-,-,-,-,-,-,-,-,-,-,-,-,,,,,,,,,,,,,,,,,,,,,,,,,,,,,,,,,,,,,,,,,,,
MOTILALOFS,,,,,,5.85,,,,22,0.25,,,,,,,,FUTURES_OI,FuturesOI_25AUG26_Scan_5_8_2026.xlsx,Stock/ Commodity Brokers,873.0,0.67,8988,0.65,LB,871.55,1.45,0.17,22,0.25,LB,-,-,-,-,-,-,-,-,-,-,-,-,,,,,,,,,,,,,,,,,,,,,,,,,,,,,,,,,,,,,,,,,,,
MPHASIS,,,,,,16,,,,40,0.28,,,,,,,,FUTURES_OI,FuturesOI_25AUG26_Scan_5_8_2026.xlsx,IT - Software,2406.4,0.67,14157,0.78,LB,2413.9,-7.5,-0.31,26,0.18,SB,-,-,-,-,-,-,-,-,-,-,-,-,,,,,,,,,,,,,,,,,,,,,,,,,,,,,,,,,,,,,,,,,,,
MUTHOOTFIN,,,,,,54,,,,-227,-0.91,,,,,,,,FUTURES_OI,FuturesOI_25AUG26_Scan_5_8_2026.xlsx,Finance,2944.8,1.87,24726,0.54,SC,2953.2,-8.4,-0.28,-382,-1.52,LU,-,-,-,-,-,-,-,-,-,-,-,-,,,,,,,,,,,,,,,,,,,,,,,,,,,,,,,,,,,,,,,,,,,
NAM-INDIA,,,,,,9.6,,,,91,0.77,,,,,,,,FUTURES_OI,FuturesOI_25AUG26_Scan_5_8_2026.xlsx,Finance,1186.0,0.82,11836,0.42,LB,1185.2,0.8,0.07,43,0.36,LB,-,-,-,-,-,-,-,-,-,-,-,-,,,,,,,,,,,,,,,,,,,,,,,,,,,,,,,,,,,,,,,,,,,
NATIONALUM,,,,,,2.8,,,,49,0.2,,,,,,,,FUTURES_OI,FuturesOI_25AUG26_Scan_5_8_2026.xlsx,Non Ferrous Metals,382.5,0.74,24180,0.8,LB,379.45,3.05,0.8,-45,-0.19,SC,-,-,-,-,-,-,-,-,-,-,-,-,,,,,,,,,,,,,,,,,,,,,,,,,,,,,,,,,,,,,,,,,,,
NAUKRI,,,,,,7.4,,,,34,0.14,,,,,,,,FUTURES_OI,FuturesOI_25AUG26_Scan_5_8_2026.xlsx,E-Commerce/App based Aggregator,1270.0,0.59,25206,0.62,LB,1274.9,-4.9,-0.38,2,0.01,SB,-,-,-,-,-,-,-,-,-,-,-,-,,,,,,,,,,,,,,,,,,,,,,,,,,,,,,,,,,,,,,,,,,,
NBCC,,,,,,0.97,,,,-3,-0.02,,,,,,,,FUTURES_OI,FuturesOI_25AUG26_Scan_5_8_2026.xlsx,Miscellaneous,95.72,1.02,15292,0.5,SC,96.06,-0.34,-0.35,-9,-0.06,LU,-,-,-,-,-,-,-,-,-,-,-,-,,,,,,,,,,,,,,,,,,,,,,,,,,,,,,,,,,,,,,,,,,,
NESTLEIND,,,,,,16.8,,,,282,1.8,,,,,,,,FUTURES_OI,FuturesOI_25AUG26_Scan_5_8_2026.xlsx,FMCG,1505.8,1.13,15940,0.61,LB,1495.4,10.4,0.7,135,0.85,LB,-,-,-,-,-,-,-,-,-,-,-,-,,,,,,,,,,,,,,,,,,,,,,,,,,,,,,,,,,,,,,,,,,,
NHPC,,,,,,0.5,,,,-41,-0.24,,,,,,,,FUTURES_OI,FuturesOI_25AUG26_Scan_5_8_2026.xlsx,Power Generation & Distribution,81.07,0.62,17066,0.69,SC,82.38,-1.31,-1.59,-146,-0.85,LU,-,-,-,-,-,-,-,-,-,-,-,-,,,,,,,,,,,,,,,,,,,,,,,,,,,,,,,,,,,,,,,,,,,
NIFTY,,,,,,136.4,,,,-941,-0.52,,,,,,,,FUTURES_OI,FuturesOI_25AUG26_Scan_5_8_2026.xlsx,,24692.0,0.56,180345,1.11,SC,24705,-13,-0.05,-123,-0.07,LU,-,-,-,-,-,-,-,-,-,-,-,-,,,,,,,,,,,,,,,,,,,,,,,,,,,,,,,,,,,,,,,,,,,
NIFTYNXT50,,,,,,587.8,,,,2,0.26,,,,,,,,FUTURES_OI,FuturesOI_25AUG26_Scan_5_8_2026.xlsx,,74540.2,0.79,759,1.88,LB,74418,122.2,0.16,1,-,LB,-,-,-,-,-,-,-,-,-,-,-,-,,,,,,,,,,,,,,,,,,,,,,,,,,,,,,,,,,,,,,,,,,,
NMDC,,,,,,0.38,,,,38,0.07,,,,,,,,FUTURES_OI,FuturesOI_25AUG26_Scan_5_8_2026.xlsx,Mining & Mineral products,85.15,0.45,51102,0.74,LB,85,0.15,0.18,22,0.04,LB,-,-,-,-,-,-,-,-,-,-,-,-,,,,,,,,,,,,,,,,,,,,,,,,,,,,,,,,,,,,,,,,,,,
NTPC,,,,,,3.7,,,,-60,-0.09,,,,,,,,FUTURES_OI,FuturesOI_25AUG26_Scan_5_8_2026.xlsx,Power Generation & Distribution,347.65,1.08,65602,0.68,SC,345.75,1.9,0.55,-13,-0.02,SC,-,-,-,-,-,-,-,-,-,-,-,-,,,,,,,,,,,,,,,,,,,,,,,,,,,,,,,,,,,,,,,,,,,
NYKAA,,,,,,-5.05,,,,1421,9.66,,,,,,,,FUTURES_OI,FuturesOI_25AUG26_Scan_5_8_2026.xlsx,E-Commerce/App based Aggregator,332.9,-1.49,16127,0.39,SB,334.75,-1.85,-0.55,119,0.74,SB,-,-,-,-,-,-,-,-,-,-,-,-,,,,,,,,,,,,,,,,,,,,,,,,,,,,,,,,,,,,,,,,,,,
OBEROIRLTY,,,,,,24.8,,,,-17,-0.11,,,,,,,,FUTURES_OI,FuturesOI_25AUG26_Scan_5_8_2026.xlsx,Realty,1815.0,1.39,15547,0.5,SC,1812.2,2.8,0.15,-174,-1.11,SC,-,-,-,-,-,-,-,-,-,-,-,-,,,,,,,,,,,,,,,,,,,,,,,,,,,,,,,,,,,,,,,,,,,
OFSS,,,,,,5,,,,43,0.34,,,,,,,,FUTURES_OI,FuturesOI_25AUG26_Scan_5_8_2026.xlsx,IT - Software,11634.0,0.04,12639,0.86,LB,11656,-22,-0.19,-36,-0.28,LU,-,-,-,-,-,-,-,-,-,-,-,-,,,,,,,,,,,,,,,,,,,,,,,,,,,,,,,,,,,,,,,,,,,
OIL,,,,,,-9.55,,,,101,0.9,,,,,,,,FUTURES_OI,FuturesOI_25AUG26_Scan_5_8_2026.xlsx,Crude Oil & Natural Gas,441.3,-2.12,11379,0.59,SB,438.35,2.95,0.67,53,0.47,LB,-,-,-,-,-,-,-,-,-,-,-,-,,,,,,,,,,,,,,,,,,,,,,,,,,,,,,,,,,,,,,,,,,,
ONGC,,,,,,-0.52,,,,648,2.67,,,,,,,,FUTURES_OI,FuturesOI_25AUG26_Scan_5_8_2026.xlsx,Crude Oil & Natural Gas,241.34,-0.22,24875,0.5,SB,240.47,0.87,0.36,66,0.27,LB,-,-,-,-,-,-,-,-,-,-,-,-,,,,,,,,,,,,,,,,,,,,,,,,,,,,,,,,,,,,,,,,,,,
PAGEIND,,,,,,10,,,,-11,-0.09,,,,,,,,FUTURES_OI,FuturesOI_25AUG26_Scan_5_8_2026.xlsx,Readymade Garments/ Apparells,39980.0,0.03,11727,0.68,SC,39965,15,0.04,-33,-0.28,SC,-,-,-,-,-,-,-,-,-,-,-,-,,,,,,,,,,,,,,,,,,,,,,,,,,,,,,,,,,,,,,,,,,,
PATANJALI,,,,,,0.35,,,,44,0.14,,,,,,,,FUTURES_OI,FuturesOI_25AUG26_Scan_5_8_2026.xlsx,FMCG,360.0,0.1,31741,0.73,LB,359.65,0.35,0.1,10,0.03,LB,-,-,-,-,-,-,-,-,-,-,-,-,,,,,,,,,,,,,,,,,,,,,,,,,,,,,,,,,,,,,,,,,,,
PAYTM,,,,,,10.6,,,,43,0.15,,,,,,,,FUTURES_OI,FuturesOI_25AUG26_Scan_5_8_2026.xlsx,E-Commerce/App based Aggregator,1421.1,0.75,28419,0.61,LB,1417.5,3.6,0.25,-100,-0.35,SC,-,-,-,-,-,-,-,-,-,-,-,-,,,,,,,,,,,,,,,,,,,,,,,,,,,,,,,,,,,,,,,,,,,
PERSISTENT,,,,,,51,,,,-11,-0.04,,,,,,,,FUTURES_OI,FuturesOI_25AUG26_Scan_5_8_2026.xlsx,IT - Software,5553.0,0.93,28430,0.65,SC,5549.5,3.5,0.06,-79,-0.28,SC,-,-,-,-,-,-,-,-,-,-,-,-,,,,,,,,,,,,,,,,,,,,,,,,,,,,,,,,,,,,,,,,,,,
PETRONET,,,,,,1.9,,,,-10,-0.06,,,,,,,,FUTURES_OI,FuturesOI_25AUG26_Scan_5_8_2026.xlsx,Gas Distribution,282.3,0.68,16834,0.99,SC,282,0.3,0.11,-5,-,SC,-,-,-,-,-,-,-,-,-,-,-,-,,,,,,,,,,,,,,,,,,,,,,,,,,,,,,,,,,,,,,,,,,,
PFC,,,,,,0.9,,,,80,0.19,,,,,,,,FUTURES_OI,FuturesOI_25AUG26_Scan_5_8_2026.xlsx,Finance,420.5,0.21,42191,0.76,LB,420.8,-0.3,-0.07,66,0.16,SB,-,-,-,-,-,-,-,-,-,-,-,-,,,,,,,,,,,,,,,,,,,,,,,,,,,,,,,,,,,,,,,,,,,
PGEL,,,,,,11.6,,,,55,0.48,,,,,,,,FUTURES_OI,FuturesOI_25AUG26_Scan_5_8_2026.xlsx,Consumer Durables,628.45,1.88,11570,0.89,LB,617.95,10.5,1.7,-,-,-,-,-,-,-,-,-,-,-,-,-,-,-,,,,,,,,,,,,,,,,,,,,,,,,,,,,,,,,,,,,,,,,,,,
PHOENIXLTD,,,,,,10.4,,,,-10,-0.1,,,,,,,,FUTURES_OI,FuturesOI_25AUG26_Scan_5_8_2026.xlsx,Realty,1956.6,0.53,10309,0.6,SC,1965.4,-8.8,-0.45,9,0.09,SB,-,-,-,-,-,-,-,-,-,-,-,-,,,,,,,,,,,,,,,,,,,,,,,,,,,,,,,,,,,,,,,,,,,
PIDILITIND,,,,,,32.3,,,,-27,-0.17,,,,,,,,FUTURES_OI,FuturesOI_25AUG26_Scan_5_8_2026.xlsx,Chemicals,1648.5,2.0,15942,0.48,SC,1627.2,21.3,1.31,-297,-1.83,SC,-,-,-,-,-,-,-,-,-,-,-,-,,,,,,,,,,,,,,,,,,,,,,,,,,,,,,,,,,,,,,,,,,,
PIIND,,,,,,5.6,,,,8,0.05,,,,,,,,FUTURES_OI,FuturesOI_25AUG26_Scan_5_8_2026.xlsx,Agro Chemicals,2805.1,0.2,15613,0.84,LB,2808.6,-3.5,-0.12,7,0.04,SB,-,-,-,-,-,-,-,-,-,-,-,-,,,,,,,,,,,,,,,,,,,,,,,,,,,,,,,,,,,,,,,,,,,
PNB,,,,,,1.1,,,,26,0.07,,,,,,,,FUTURES_OI,FuturesOI_25AUG26_Scan_5_8_2026.xlsx,Banks,115.12,0.96,36075,0.91,LB,114.9,0.22,0.19,3,0.01,LB,-,-,-,-,-,-,-,-,-,-,-,-,,,,,,,,,,,,,,,,,,,,,,,,,,,,,,,,,,,,,,,,,,,
PNBHOUSING,,,,,,47.2,,,,131,1.1,,,,,,,,FUTURES_OI,FuturesOI_25AUG26_Scan_5_8_2026.xlsx,Finance,1131.4,4.35,12039,0.86,LB,1126.7,4.7,0.42,-14,-0.12,SC,-,-,-,-,-,-,-,-,-,-,-,-,,,,,,,,,,,,,,,,,,,,,,,,,,,,,,,,,,,,,,,,,,,
POLICYBZR,,,,,,8.6,,,,75,0.28,,,,,,,,FUTURES_OI,FuturesOI_25AUG26_Scan_5_8_2026.xlsx,E-Commerce/App based Aggregator,1619.0,0.53,26473,0.93,LB,1611,8,0.5,34,0.13,LB,-,-,-,-,-,-,-,-,-,-,-,-,,,,,,,,,,,,,,,,,,,,,,,,,,,,,,,,,,,,,,,,,,,
POLYCAB,,,,,,97.5,,,,-6,-0.03,,,,,,,,FUTURES_OI,FuturesOI_25AUG26_Scan_5_8_2026.xlsx,Cables,9305.5,1.06,18184,0.71,SC,9242,63.5,0.69,-100,-0.55,SC,-,-,-,-,-,-,-,-,-,-,-,-,,,,,,,,,,,,,,,,,,,,,,,,,,,,,,,,,,,,,,,,,,,
POWERGRID,,,,,,2.25,,,,29,0.12,,,,,,,,FUTURES_OI,FuturesOI_25AUG26_Scan_5_8_2026.xlsx,Power Generation & Distribution,284.65,0.8,24420,0.81,LB,284.35,0.3,0.11,18,0.07,LB,-,-,-,-,-,-,-,-,-,-,-,-,,,,,,,,,,,,,,,,,,,,,,,,,,,,,,,,,,,,,,,,,,,
POWERINDIA,,,,,,355,,,,-5,-0.02,,,,,,,,FUTURES_OI,FuturesOI_25AUG26_Scan_5_8_2026.xlsx,Capital Goods - Electrical Equipment,32655.0,1.1,23517,0.99,SC,32360,295,0.91,-8,-0.03,SC,-,-,-,-,-,-,-,-,-,-,-,-,,,,,,,,,,,,,,,,,,,,,,,,,,,,,,,,,,,,,,,,,,,
PREMIERENE,,,,,,-6.7,,,,-3,-0.03,,,,,,,,FUTURES_OI,FuturesOI_25AUG26_Scan_5_8_2026.xlsx,Trading,1038.2,-0.64,11211,0.7,LU,1041,-2.8,-0.27,-7,-0.06,LU,-,-,-,-,-,-,-,-,-,-,-,-,,,,,,,,,,,,,,,,,,,,,,,,,,,,,,,,,,,,,,,,,,,
PRESTIGE,,,,,,28.4,,,,-6,-0.05,,,,,,,,FUTURES_OI,FuturesOI_25AUG26_Scan_5_8_2026.xlsx,Realty,1623.3,1.78,11441,0.67,SC,1622.7,0.6,0.04,-2,-0.02,SC,-,-,-,-,-,-,-,-,-,-,-,-,,,,,,,,,,,,,,,,,,,,,,,,,,,,,,,,,,,,,,,,,,,
RADICO,,,,,,40.9,,,,25,0.47,,,,,,,,FUTURES_OI,FuturesOI_25AUG26_Scan_5_8_2026.xlsx,Alcoholic Beverages,4509.9,0.92,5397,1.05,LB,4479.2,30.7,0.69,20,0.37,LB,-,-,-,-,-,-,-,-,-,-,-,-,,,,,,,,,,,,,,,,,,,,,,,,,,,,,,,,,,,,,,,,,,,
RBLBANK,,,,,,0.15,,,,6,0.04,,,,,,,,FUTURES_OI,FuturesOI_25AUG26_Scan_5_8_2026.xlsx,Banks,382.7,0.04,14069,0.82,LB,384.3,-1.6,-0.42,-4,-0.03,LU,-,-,-,-,-,-,-,-,-,-,-,-,,,,,,,,,,,,,,,,,,,,,,,,,,,,,,,,,,,,,,,,,,,
RECLTD,,,,,,1.45,,,,7,0.02,,,,,,,,FUTURES_OI,FuturesOI_25AUG26_Scan_5_8_2026.xlsx,Finance,369.95,0.39,28376,0.67,LB,370.85,-0.9,-0.24,-5,-0.02,LU,-,-,-,-,-,-,-,-,-,-,-,-,,,,,,,,,,,,,,,,,,,,,,,,,,,,,,,,,,,,,,,,,,,
RELIANCE,,,,,,3.5,,,,512,0.25,,,,,,,,FUTURES_OI,FuturesOI_25AUG26_Scan_5_8_2026.xlsx,Refineries,1300.9,0.27,207188,0.77,LB,1302.7,-1.8,-0.14,74,0.04,SB,-,-,-,-,-,-,-,-,-,-,-,-,,,,,,,,,,,,,,,,,,,,,,,,,,,,,,,,,,,,,,,,,,,
RVNL,,,,,,1.85,,,,-15,-0.08,,,,,,,,FUTURES_OI,FuturesOI_25AUG26_Scan_5_8_2026.xlsx,Infrastructure Developers & Operators,233.5,0.8,18137,0.74,SC,233.93,-0.43,-0.18,-22,-0.12,LU,-,-,-,-,-,-,-,-,-,-,-,-,,,,,,,,,,,,,,,,,,,,,,,,,,,,,,,,,,,,,,,,,,,
SAIL,,,,,,0.56,,,,-48,-0.13,,,,,,,,FUTURES_OI,FuturesOI_25AUG26_Scan_5_8_2026.xlsx,Steel,175.12,0.32,37689,0.69,SC,174.47,0.65,0.37,-51,-0.14,SC,-,-,-,-,-,-,-,-,-,-,-,-,,,,,,,,,,,,,,,,,,,,,,,,,,,,,,,,,,,,,,,,,,,
SBICARD,,,,,,4.45,,,,47,0.17,,,,,,,,FUTURES_OI,FuturesOI_25AUG26_Scan_5_8_2026.xlsx,Finance,668.0,0.67,27877,0.62,LB,670,-2,-0.3,44,0.16,SB,-,-,-,-,-,-,-,-,-,-,-,-,,,,,,,,,,,,,,,,,,,,,,,,,,,,,,,,,,,,,,,,,,,
SBILIFE,,,,,,14.8,,,,-83,-0.53,,,,,,,,FUTURES_OI,FuturesOI_25AUG26_Scan_5_8_2026.xlsx,Insurance,1884.0,0.79,15433,0.61,SC,1880.2,3.8,0.2,-174,-1.11,SC,-,-,-,-,-,-,-,-,-,-,-,-,,,,,,,,,,,,,,,,,,,,,,,,,,,,,,,,,,,,,,,,,,,
SBIN,,,,,,9.7,,,,326,0.3,,,,,,,,FUTURES_OI,FuturesOI_25AUG26_Scan_5_8_2026.xlsx,Banks,1050.4,0.93,110236,0.95,LB,1047.2,3.2,0.31,221,0.2,LB,-,-,-,-,-,-,-,-,-,-,-,-,,,,,,,,,,,,,,,,,,,,,,,,,,,,,,,,,,,,,,,,,,,
SENSEX,,,,,,439,,,,20,1.12,,,,,,,,FUTURES_OI,FuturesOI_25AUG26_Scan_5_8_2026.xlsx,,79084.0,0.56,1806,1.43,LB,79166,-82,-0.1,-11,-0.6,LU,-,-,-,-,-,-,-,-,-,-,-,-,,,,,,,,,,,,,,,,,,,,,,,,,,,,,,,,,,,,,,,,,,,
SHREECEM,,,,,,150,,,,33,0.22,,,,,,,,FUTURES_OI,FuturesOI_25AUG26_Scan_5_8_2026.xlsx,Cement,26960.0,0.56,14850,0.94,LB,27040,-80,-0.3,17,0.11,SB,-,-,-,-,-,-,-,-,-,-,-,-,,,,,,,,,,,,,,,,,,,,,,,,,,,,,,,,,,,,,,,,,,,
SHRIRAMFIN,,,,,,18,,,,392,1.23,,,,,,,,FUTURES_OI,FuturesOI_25AUG26_Scan_5_8_2026.xlsx,Finance,1100.1,1.66,32300,0.59,LB,1101.9,-1.8,-0.16,118,0.37,SB,-,-,-,-,-,-,-,-,-,-,-,-,,,,,,,,,,,,,,,,,,,,,,,,,,,,,,,,,,,,,,,,,,,
SIEMENS,,,,,,55.5,,,,137,0.69,,,,,,,,FUTURES_OI,FuturesOI_25AUG26_Scan_5_8_2026.xlsx,Capital Goods - Electrical Equipment,4072.5,1.38,19886,0.77,LB,4056.5,16,0.39,-15,-0.08,SC,-,-,-,-,-,-,-,-,-,-,-,-,,,,,,,,,,,,,,,,,,,,,,,,,,,,,,,,,,,,,,,,,,,
SOLARINDS,,,,,,28,,,,18,0.11,,,,,,,,FUTURES_OI,FuturesOI_25AUG26_Scan_5_8_2026.xlsx,Aerospace & Defence,18820.0,0.15,15807,0.78,LB,18715,105,0.56,-18,-0.11,SC,-,-,-,-,-,-,-,-,-,-,-,-,,,,,,,,,,,,,,,,,,,,,,,,,,,,,,,,,,,,,,,,,,,
SONACOMS,,,,,,7.4,,,,17,0.19,,,,,,,,FUTURES_OI,FuturesOI_25AUG26_Scan_5_8_2026.xlsx,Auto Ancillaries,792.85,0.94,8853,0.87,LB,787,5.85,0.74,7,0.08,LB,-,-,-,-,-,-,-,-,-,-,-,-,,,,,,,,,,,,,,,,,,,,,,,,,,,,,,,,,,,,,,,,,,,
SRF,,,,,,2.5,,,,50,0.22,,,,,,,,FUTURES_OI,FuturesOI_25AUG26_Scan_5_8_2026.xlsx,Chemicals,2637.8,0.09,22916,0.46,LB,2642.6,-4.8,-0.18,32,0.14,SB,-,-,-,-,-,-,-,-,-,-,-,-,,,,,,,,,,,,,,,,,,,,,,,,,,,,,,,,,,,,,,,,,,,
SUNPHARMA,,,,,,-14.3,,,,44,0.11,,,,,,,,FUTURES_OI,FuturesOI_25AUG26_Scan_5_8_2026.xlsx,Pharmaceuticals,1947.4,-0.73,39543,0.57,SB,1947,0.4,0.02,37,0.09,LB,-,-,-,-,-,-,-,-,-,-,-,-,,,,,,,,,,,,,,,,,,,,,,,,,,,,,,,,,,,,,,,,,,,
SUPREMEIND,,,,,,-8.9,,,,15,0.11,,,,,,,,FUTURES_OI,FuturesOI_25AUG26_Scan_5_8_2026.xlsx,Plastic products,3510.0,-0.25,13060,0.73,SB,3513.8,-3.8,-0.11,17,0.13,SB,-,-,-,-,-,-,-,-,-,-,-,-,,,,,,,,,,,,,,,,,,,,,,,,,,,,,,,,,,,,,,,,,,,
SUZLON,,,,,,0.32,,,,-3,-0.01,,,,,,,,FUTURES_OI,FuturesOI_25AUG26_Scan_5_8_2026.xlsx,Capital Goods - Electrical Equipment,48.76,0.66,36298,0.49,SC,48.72,0.04,0.08,2,0.01,LB,-,-,-,-,-,-,-,-,-,-,-,-,,,,,,,,,,,,,,,,,,,,,,,,,,,,,,,,,,,,,,,,,,,
SWIGGY,,,,,,2.2,,,,209,0.58,,,,,,,,FUTURES_OI,FuturesOI_25AUG26_Scan_5_8_2026.xlsx,E-Commerce/App based Aggregator,291.85,0.76,36518,0.67,LB,289.65,2.2,0.76,91,0.25,LB,-,-,-,-,-,-,-,-,-,-,-,-,,,,,,,,,,,,,,,,,,,,,,,,,,,,,,,,,,,,,,,,,,,
TATACONSUM,,,,,,4.8,,,,25,0.09,,,,,,,,FUTURES_OI,FuturesOI_25AUG26_Scan_5_8_2026.xlsx,FMCG,1094.1,0.44,28502,0.6,LB,1088.4,5.7,0.52,5,0.02,LB,-,-,-,-,-,-,-,-,-,-,-,-,,,,,,,,,,,,,,,,,,,,,,,,,,,,,,,,,,,,,,,,,,,
TATAELXSI,,,,,,13,,,,-42,-0.22,,,,,,,,FUTURES_OI,FuturesOI_25AUG26_Scan_5_8_2026.xlsx,IT - Software,3765.0,0.35,19063,0.59,SC,3794.6,-29.6,-0.78,-14,-0.07,LU,-,-,-,-,-,-,-,-,-,-,-,-,,,,,,,,,,,,,,,,,,,,,,,,,,,,,,,,,,,,,,,,,,,
TATAPOWER,,,,,,1.05,,,,-51,-0.12,,,,,,,,FUTURES_OI,FuturesOI_25AUG26_Scan_5_8_2026.xlsx,Power Generation & Distribution,383.45,0.27,42799,0.75,SC,383.7,-0.25,-0.07,-52,-0.12,LU,-,-,-,-,-,-,-,-,-,-,-,-,,,,,,,,,,,,,,,,,,,,,,,,,,,,,,,,,,,,,,,,,,,
TATASTEEL,,,,,,0.88,,,,76,0.12,,,,,,,,FUTURES_OI,FuturesOI_25AUG26_Scan_5_8_2026.xlsx,Steel,192.42,0.46,61895,0.73,LB,191.89,0.53,0.28,56,0.09,LB,-,-,-,-,-,-,-,-,-,-,-,-,,,,,,,,,,,,,,,,,,,,,,,,,,,,,,,,,,,,,,,,,,,
TCS,,,,,,-9.4,,,,130,0.1,,,,,,,,FUTURES_OI,FuturesOI_25AUG26_Scan_5_8_2026.xlsx,IT - Software,2448.0,-0.38,136809,0.89,SB,2452.5,-4.5,-0.18,29,0.02,SB,-,-,-,-,-,-,-,-,-,-,-,-,,,,,,,,,,,,,,,,,,,,,,,,,,,,,,,,,,,,,,,,,,,
TECHM,,,,,,5.1,,,,-20,-0.07,,,,,,,,FUTURES_OI,FuturesOI_25AUG26_Scan_5_8_2026.xlsx,IT - Software,1657.0,0.31,28535,0.65,SC,1663,-6,-0.36,-15,-0.05,LU,-,-,-,-,-,-,-,-,-,-,-,-,,,,,,,,,,,,,,,,,,,,,,,,,,,,,,,,,,,,,,,,,,,
TIINDIA,,,,,,61.2,,,,-55,-0.49,,,,,,,,FUTURES_OI,FuturesOI_25AUG26_Scan_5_8_2026.xlsx,Capital Goods-Non Electrical Equipment,2810.0,2.23,11233,0.69,SC,2793.5,16.5,0.59,-23,-0.2,SC,-,-,-,-,-,-,-,-,-,-,-,-,,,,,,,,,,,,,,,,,,,,,,,,,,,,,,,,,,,,,,,,,,,
TITAN,,,,,,7.9,,,,12,0.04,,,,,,,,FUTURES_OI,FuturesOI_25AUG26_Scan_5_8_2026.xlsx,"Diamond, Gems and Jewellery",4905.6,0.16,30009,0.77,LB,4901.9,3.7,0.08,9,0.03,LB,-,-,-,-,-,-,-,-,-,-,-,-,,,,,,,,,,,,,,,,,,,,,,,,,,,,,,,,,,,,,,,,,,,
TMPV,,,,,,5.55,,,,-172,-0.37,,,,,,,,FUTURES_OI,FuturesOI_25AUG26_Scan_5_8_2026.xlsx,Automobile,351.5,1.6,46511,0.79,SC,352.25,-0.75,-0.21,-38,-0.08,LU,-,-,-,-,-,-,-,-,-,-,-,-,,,,,,,,,,,,,,,,,,,,,,,,,,,,,,,,,,,,,,,,,,,
TORNTPHARM,,,,,,-50.5,,,,67,0.23,,,,,,,,FUTURES_OI,FuturesOI_25AUG26_Scan_5_8_2026.xlsx,Pharmaceuticals,5014.0,-1.0,29160,0.56,SB,5010.5,3.5,0.07,43,0.15,LB,-,-,-,-,-,-,-,-,-,-,-,-,,,,,,,,,,,,,,,,,,,,,,,,,,,,,,,,,,,,,,,,,,,
TRENT,,,,,,55.5,,,,-11,-0.02,,,,,,,,FUTURES_OI,FuturesOI_25AUG26_Scan_5_8_2026.xlsx,Retail,3136.3,1.8,46830,0.78,SC,3114.5,21.8,0.7,-10,-0.02,SC,-,-,-,-,-,-,-,-,-,-,-,-,,,,,,,,,,,,,,,,,,,,,,,,,,,,,,,,,,,,,,,,,,,
TVSMOTOR,,,,,,63.3,,,,441,0.86,,,,,,,,FUTURES_OI,FuturesOI_25AUG26_Scan_5_8_2026.xlsx,Automobile,4433.2,1.45,51460,1.05,LB,4408.5,24.7,0.56,324,0.63,LB,-,-,-,-,-,-,-,-,-,-,-,-,,,,,,,,,,,,,,,,,,,,,,,,,,,,,,,,,,,,,,,,,,,
ULTRACEMCO,,,,,,72,,,,24,0.07,,,,,,,,FUTURES_OI,FuturesOI_25AUG26_Scan_5_8_2026.xlsx,Cement,12080.0,0.6,32124,0.54,LB,12067,13,0.11,-24,-0.07,SC,-,-,-,-,-,-,-,-,-,-,-,-,,,,,,,,,,,,,,,,,,,,,,,,,,,,,,,,,,,,,,,,,,,
UNIONBANK,,,,,,4.48,,,,77,0.29,,,,,,,,FUTURES_OI,FuturesOI_25AUG26_Scan_5_8_2026.xlsx,Banks,178.72,2.57,26764,0.89,LB,176.91,1.81,1.02,61,0.23,LB,-,-,-,-,-,-,-,-,-,-,-,-,,,,,,,,,,,,,,,,,,,,,,,,,,,,,,,,,,,,,,,,,,,
UNITDSPR,,,,,,0.4,,,,10,0.05,,,,,,,,FUTURES_OI,FuturesOI_25AUG26_Scan_5_8_2026.xlsx,Alcoholic Beverages,1536.0,0.03,19132,0.92,LB,1528,8,0.52,9,0.05,LB,-,-,-,-,-,-,-,-,-,-,-,-,,,,,,,,,,,,,,,,,,,,,,,,,,,,,,,,,,,,,,,,,,,
UNOMINDA,,,,,,42,,,,34,0.4,,,,,,,,FUTURES_OI,FuturesOI_25AUG26_Scan_5_8_2026.xlsx,Auto Ancillaries,1274.6,3.41,8512,0.67,LB,1261,13.6,1.08,-17,-0.2,SC,-,-,-,-,-,-,-,-,-,-,-,-,,,,,,,,,,,,,,,,,,,,,,,,,,,,,,,,,,,,,,,,,,,
UPL,,,,,,-2.7,,,,246,1.0,,,,,,,,FUTURES_OI,FuturesOI_25AUG26_Scan_5_8_2026.xlsx,Agro Chemicals,582.35,-0.46,24934,0.49,SB,581.55,0.8,0.14,154,0.62,LB,-,-,-,-,-,-,-,-,-,-,-,-,,,,,,,,,,,,,,,,,,,,,,,,,,,,,,,,,,,,,,,,,,,
VBL,,,,,,2.7,,,,63,0.15,,,,,,,,FUTURES_OI,FuturesOI_25AUG26_Scan_5_8_2026.xlsx,FMCG,445.0,0.61,42753,0.47,LB,445.3,-0.3,-0.07,43,0.1,SB,-,-,-,-,-,-,-,-,-,-,-,-,,,,,,,,,,,,,,,,,,,,,,,,,,,,,,,,,,,,,,,,,,,
VEDL,,,,,,1.3,,,,167,0.38,,,,,,,,FUTURES_OI,FuturesOI_25AUG26_Scan_5_8_2026.xlsx,Non Ferrous Metals,270.95,0.48,43941,0.56,LB,270.7,0.25,0.09,-120,-0.27,SC,-,-,-,-,-,-,-,-,-,-,-,-,,,,,,,,,,,,,,,,,,,,,,,,,,,,,,,,,,,,,,,,,,,
VMM,,,,,,-1.24,,,,62,0.64,,,,,,,,FUTURES_OI,FuturesOI_25AUG26_Scan_5_8_2026.xlsx,Retail,110.62,-1.11,9764,0.59,SB,110.76,-0.14,-0.13,36,0.37,SB,-,-,-,-,-,-,-,-,-,-,-,-,,,,,,,,,,,,,,,,,,,,,,,,,,,,,,,,,,,,,,,,,,,
VOLTAS,,,,,,-4.5,,,,99,0.53,,,,,,,,FUTURES_OI,FuturesOI_25AUG26_Scan_5_8_2026.xlsx,Consumer Durables,1316.1,-0.34,18878,0.98,SB,1315.3,0.8,0.06,53,0.28,LB,-,-,-,-,-,-,-,-,-,-,-,-,,,,,,,,,,,,,,,,,,,,,,,,,,,,,,,,,,,,,,,,,,,
WAAREEENER,,,,,,19.7,,,,-51,-0.12,,,,,,,,FUTURES_OI,FuturesOI_25AUG26_Scan_5_8_2026.xlsx,Capital Goods - Electrical Equipment,2701.7,0.73,42558,0.56,SC,2700,1.7,0.06,-50,-0.12,SC,-,-,-,-,-,-,-,-,-,-,-,-,,,,,,,,,,,,,,,,,,,,,,,,,,,,,,,,,,,,,,,,,,,
WIPRO,,,,,,-0.02,,,,-24,-0.03,,,,,,,,FUTURES_OI,FuturesOI_25AUG26_Scan_5_8_2026.xlsx,IT - Software,188.43,-0.01,71849,0.69,LU,189.02,-0.59,-0.31,-39,-0.05,LU,-,-,-,-,-,-,-,-,-,-,-,-,,,,,,,,,,,,,,,,,,,,,,,,,,,,,,,,,,,,,,,,,,,
YESBANK,,,,,,0.17,,,,-4,-0.01,,,,,,,,FUTURES_OI,FuturesOI_25AUG26_Scan_5_8_2026.xlsx,Banks,23.08,0.74,37677,0.61,SC,23.12,-0.04,-0.17,19,0.05,SB,-,-,-,-,-,-,-,-,-,-,-,-,,,,,,,,,,,,,,,,,,,,,,,,,,,,,,,,,,,,,,,,,,,
ZYDUSLIFE,,,,,,-5.8,,,,43,0.39,,,,,,,,FUTURES_OI,FuturesOI_25AUG26_Scan_5_8_2026.xlsx,Pharmaceuticals,1113.7,-0.52,11147,0.72,SB,1109.6,4.1,0.37,28,0.25,LB,-,-,-,-,-,-,-,-,-,-,-,-,,,,,,,,,,,,,,,,,,,,,,,,,,,,,,,,,,,,,,,,,,,
,,,,,,,,,,,,,,,,,,,IVR_IVP,IVR-IVP_25AUG26_Report_2026-08-05 (1).xlsx,,,,,,,,,,,,,,,,,,,,,,,,,Symbol,Price,Price Chg,Price Chg (%),Total OI,Total OI Chg,Total OI Chg (%),PCR,IV,IV Chg (%),IV Range (1Yr),HV (10/20/30 Days),IVR,IVP,IV/HV10 %,IV/HV20 %,IV/HV30 %,,,,,,,,,,,,,,,,,,,,,,,,,,
,,,,,,,,,,,,,,,,,,,IVR_IVP,IVR-IVP_25AUG26_Report_2026-08-05 (1).xlsx,,,,,,,,,,,,,,,,,,,,,,,,,360ONE,1184.9,20,1.72,4138000,23000,0.56,0.59,32.65,-0.27,12.77 - 60.46,34.45 / 39.34 / 37.50,41.69,68.29,-5.22,-17.01,-12.93,,,,,,,,,,,,,,,,,,,,,,,,,,
,,,,,,,,,,,,,,,,,,,IVR_IVP,IVR-IVP_25AUG26_Report_2026-08-05 (1).xlsx,,,,,,,,,,,,,,,,,,,,,,,,,ABB,7729,35.5,0.46,2161125,1750,0.08,0.58,32.76,4.87,12.82 - 55.54,33.09 / 43.74 / 40.12,46.68,76.02,-1,-25.1,-18.34,,,,,,,,,,,,,,,,,,,,,,,,,,
,,,,,,,,,,,,,,,,,,,IVR_IVP,IVR-IVP_25AUG26_Report_2026-08-05 (1).xlsx,,,,,,,,,,,,,,,,,,,,,,,,,ABCAPITAL,425.95,7.45,1.78,37345700,179800,0.48,0.72,28.51,4.82,17.61 - 49.88,45.78 / 44.46 / 40.55,33.78,38.21,-37.72,-35.87,-29.69,,,,,,,,,,,,,,,,,,,,,,,,,,
,,,,,,,,,,,,,,,,,,,IVR_IVP,IVR-IVP_25AUG26_Report_2026-08-05 (1).xlsx,,,,,,,,,,,,,,,,,,,,,,,,,ADANIENSOL,1656.5,9,0.55,19373175,30375,0.16,0.58,31.15,-4.68,15.92 - 70.07,26.11 / 28.84 / 31.36,28.13,28.05,19.3,8.01,-0.67,,,,,,,,,,,,,,,,,,,,,,,,,,
,,,,,,,,,,,,,,,,,,,IVR_IVP,IVR-IVP_25AUG26_Report_2026-08-05 (1).xlsx,,,,,,,,,,,,,,,,,,,,,,,,,ADANIENT,3087.5,43.4,1.43,15755910,-98880,-0.62,0.82,28.54,-6.24,13.70 - 55.87,33.31 / 28.55 / 36.09,35.19,36.99,-14.32,-0.04,-20.92,,,,,,,,,,,,,,,,,,,,,,,,,,
,,,,,,,,,,,,,,,,,,,IVR_IVP,IVR-IVP_25AUG26_Report_2026-08-05 (1).xlsx,,,,,,,,,,,,,,,,,,,,,,,,,ADANIGREEN,1402,9.6,0.69,26544000,53400,0.2,0.6,35.41,-1.28,15.79 - 97.29,48.67 / 45.76 / 40.92,24.07,29.67,-27.24,-22.62,-13.47,,,,,,,,,,,,,,,,,,,,,,,,,,
,,,,,,,,,,,,,,,,,,,IVR_IVP,IVR-IVP_25AUG26_Report_2026-08-05 (1).xlsx,,,,,,,,,,,,,,,,,,,,,,,,,ADANIPORTS,1705.1,5.7,0.34,20719500,14725,0.07,0.57,25.7,-0.73,12.26 - 48.61,32.28 / 27.44 / 28.71,36.97,59.76,-20.38,-6.34,-10.48,,,,,,,,,,,,,,,,,,,,,,,,,,
,,,,,,,,,,,,,,,,,,,IVR_IVP,IVR-IVP_25AUG26_Report_2026-08-05 (1).xlsx,,,,,,,,,,,,,,,,,,,,,,,,,ADANIPOWER,211.13,0.25,0.12,156810600,127800,0.08,0.61,35.18,2.51,22.32 - 78.01,27.33 / 35.90 / 30.64,23.09,11.76,28.72,-2.01,14.82,,,,,,,,,,,,,,,,,,,,,,,,,,
,,,,,,,,,,,,,,,,,,,IVR_IVP,IVR-IVP_25AUG26_Report_2026-08-05 (1).xlsx,,,,,,,,,,,,,,,,,,,,,,,,,ALKEM,5609.5,-70.5,-1.24,1399250,1375,0.1,0.52,30,-1.54,13.41 - 40.78,24.82 / 24.83 / 23.81,60.61,88.62,20.87,20.82,26,,,,,,,,,,,,,,,,,,,,,,,,,,
,,,,,,,,,,,,,,,,,,,IVR_IVP,IVR-IVP_25AUG26_Report_2026-08-05 (1).xlsx,,,,,,,,,,,,,,,,,,,,,,,,,AMBER,7450,54.5,0.74,1233700,-3000,-0.24,1.25,38.47,0.18,16.81 - 64.03,26.84 / 33.42 / 32.52,45.87,74.8,43.33,15.11,18.3,,,,,,,,,,,,,,,,,,,,,,,,,,
,,,,,,,,,,,,,,,,,,,IVR_IVP,IVR-IVP_25AUG26_Report_2026-08-05 (1).xlsx,,,,,,,,,,,,,,,,,,,,,,,,,AMBUJACEM,444.65,4.7,1.07,79944000,164400,0.21,0.68,25.06,3.09,15.18 - 45.11,33.07 / 30.98 / 33.25,33.01,55.69,-24.22,-19.11,-24.63,,,,,,,,,,,,,,,,,,,,,,,,,,
,,,,,,,,,,,,,,,,,,,IVR_IVP,IVR-IVP_25AUG26_Report_2026-08-05 (1).xlsx,,,,,,,,,,,,,,,,,,,,,,,,,ANGELONE,299.8,-0.55,-0.18,28517500,422500,1.5,0.56,36.49,0.11,17.39 - 57.96,34.94 / 36.42 / 37.60,47.08,40.24,4.44,0.19,-2.95,,,,,,,,,,,,,,,,,,,,,,,,,,
,,,,,,,,,,,,,,,,,,,IVR_IVP,IVR-IVP_25AUG26_Report_2026-08-05 (1).xlsx,,,,,,,,,,,,,,,,,,,,,,,,,APLAPOLLO,1934,3.5,0.18,5578300,-3150,-0.06,0.89,24.94,-4.63,8.20 - 40.75,50.88 / 39.73 / 33.56,51.43,55.28,-50.98,-37.23,-25.69,,,,,,,,,,,,,,,,,,,,,,,,,,
,,,,,,,,,,,,,,,,,,,IVR_IVP,IVR-IVP_25AUG26_Report_2026-08-05 (1).xlsx,,,,,,,,,,,,,,,,,,,,,,,,,APOLLOHOSP,8849.5,-36.5,-0.41,1956000,16000,0.82,0.64,25.33,4.28,9.79 - 47.61,21.43 / 18.19 / 17.59,41.09,85.37,18.2,39.25,44,,,,,,,,,,,,,,,,,,,,,,,,,,
,,,,,,,,,,,,,,,,,,,IVR_IVP,IVR-IVP_25AUG26_Report_2026-08-05 (1).xlsx,,,,,,,,,,,,,,,,,,,,,,,,,ASHOKLEY,177.89,4.61,2.66,143375000,1100000,0.77,0.93,35.1,3.42,14.12 - 47.87,46.10 / 43.85 / 43.20,62.16,72.76,-23.86,-19.95,-18.75,,,,,,,,,,,,,,,,,,,,,,,,,,
,,,,,,,,,,,,,,,,,,,IVR_IVP,IVR-IVP_25AUG26_Report_2026-08-05 (1).xlsx,,,,,,,,,,,,,,,,,,,,,,,,,ASIANPAINT,2773.8,26.5,0.96,7460500,50500,0.68,0.72,22.58,-1.31,8.53 - 37.24,26.42 / 22.57 / 22.33,48.94,63.01,-14.53,0.04,1.12,,,,,,,,,,,,,,,,,,,,,,,,,,
,,,,,,,,,,,,,,,,,,,IVR_IVP,IVR-IVP_25AUG26_Report_2026-08-05 (1).xlsx,,,,,,,,,,,,,,,,,,,,,,,,,ASTRAL,1437.5,-0.8,-0.06,7086875,4675,0.07,0.67,32.12,1.36,13.79 - 52.12,29.55 / 26.36 / 41.01,47.82,79.67,8.7,21.85,-21.68,,,,,,,,,,,,,,,,,,,,,,,,,,
,,,,,,,,,,,,,,,,,,,IVR_IVP,IVR-IVP_25AUG26_Report_2026-08-05 (1).xlsx,,,,,,,,,,,,,,,,,,,,,,,,,AUBANK,1055,10.8,1.03,21925000,15000,0.07,0.72,23.85,-2.17,16.29 - 74.08,39.09 / 37.69 / 36.48,13.08,26.02,-38.99,-36.72,-34.62,,,,,,,,,,,,,,,,,,,,,,,,,,
,,,,,,,,,,,,,,,,,,,IVR_IVP,IVR-IVP_25AUG26_Report_2026-08-05 (1).xlsx,,,,,,,,,,,,,,,,,,,,,,,,,AUROPHARMA,1581,-7.6,-0.48,10688150,37400,0.35,0.71,33.05,0.3,16.22 - 48.20,31.99 / 27.80 / 30.61,52.63,89.84,3.31,18.88,7.97,,,,,,,,,,,,,,,,,,,,,,,,,,
,,,,,,,,,,,,,,,,,,,IVR_IVP,IVR-IVP_25AUG26_Report_2026-08-05 (1).xlsx,,,,,,,,,,,,,,,,,,,,,,,,,AXISBANK,1257.6,5.6,0.45,80512500,-20625,-0.03,0.71,18.44,-2.02,12.00 - 40.40,27.06 / 33.83 / 29.82,22.68,41.87,-31.86,-45.49,-38.16,,,,,,,,,,,,,,,,,,,,,,,,,,
,,,,,,,,,,,,,,,,,,,IVR_IVP,IVR-IVP_25AUG26_Report_2026-08-05 (1).xlsx,,,,,,,,,,,,,,,,,,,,,,,,,BAJAJ-AUTO,11646,47,0.41,1867725,5100,0.27,1.61,22.35,0.77,13.51 - 35.33,43.40 / 35.03 / 34.35,40.51,51.22,-48.5,-36.2,-34.93,,,,,,,,,,,,,,,,,,,,,,,,,,
,,,,,,,,,,,,,,,,,,,IVR_IVP,IVR-IVP_25AUG26_Report_2026-08-05 (1).xlsx,,,,,,,,,,,,,,,,,,,,,,,,,BAJAJFINSV,2107,23.5,1.13,8029500,56100,0.7,0.93,21.94,-2.4,12.73 - 35.42,43.60 / 36.92 / 33.66,40.59,59.76,-49.68,-40.57,-34.82,,,,,,,,,,,,,,,,,,,,,,,,,,
,,,,,,,,,,,,,,,,,,,IVR_IVP,IVR-IVP_25AUG26_Report_2026-08-05 (1).xlsx,,,,,,,,,,,,,,,,,,,,,,,,,BAJAJHLDNG,11610,268,2.36,357675,1875,0.53,0.75,29.13,2.32,21.22 - 61.59,25.32 / 32.64 / 30.98,19.59,41.1,15.05,-10.75,-5.97,,,,,,,,,,,,,,,,,,,,,,,,,,
,,,,,,,,,,,,,,,,,,,IVR_IVP,IVR-IVP_25AUG26_Report_2026-08-05 (1).xlsx,,,,,,,,,,,,,,,,,,,,,,,,,BAJFINANCE,1160.3,15.4,1.35,54051000,215250,0.4,1,24.49,-0.2,16.72 - 42.85,59.89 / 46.56 / 40.11,29.74,46.75,-59.11,-47.4,-38.94,,,,,,,,,,,,,,,,,,,,,,,,,,
,,,,,,,,,,,,,,,,,,,IVR_IVP,IVR-IVP_25AUG26_Report_2026-08-05 (1).xlsx,,,,,,,,,,,,,,,,,,,,,,,,,BANDHANBNK,174.76,1.51,0.87,132613200,-406800,-0.31,0.53,34.77,-0.74,12.67 - 79.07,108.69 / 86.21 / 74.01,33.28,58.54,-68.01,-59.67,-53.02,,,,,,,,,,,,,,,,,,,,,,,,,,
,,,,,,,,,,,,,,,,,,,IVR_IVP,IVR-IVP_25AUG26_Report_2026-08-05 (1).xlsx,,,,,,,,,,,,,,,,,,,,,,,,,BANKBARODA,250.65,4.01,1.63,130235625,-157950,-0.12,0.96,26.29,0.96,13.00 - 48.13,25.86 / 33.12 / 34.13,37.83,56.5,1.66,-20.62,-22.97,,,,,,,,,,,,,,,,,,,,,,,,,,
,,,,,,,,,,,,,,,,,,,IVR_IVP,IVR-IVP_25AUG26_Report_2026-08-05 (1).xlsx,,,,,,,,,,,,,,,,,,,,,,,,,BANKINDIA,143.13,2.89,2.06,94619200,-1539200,-1.6,0.84,32.14,2.75,14.29 - 59.98,29.30 / 43.36 / 39.23,39.07,56.1,9.69,-25.88,-18.07,,,,,,,,,,,,,,,,,,,,,,,,,,
,,,,,,,,,,,,,,,,,,,IVR_IVP,IVR-IVP_25AUG26_Report_2026-08-05 (1).xlsx,,,,,,,,,,,,,,,,,,,,,,,,,BANKNIFTY,58125,408.6,0.71,2122050,-25860,-1.2,0.87,12.1,-4.57,6.65 - 38.76,17.09 / 20.35 / 18.76,16.97,52.44,-29.2,-40.54,-35.5,,,,,,,,,,,,,,,,,,,,,,,,,,
,,,,,,,,,,,,,,,,,,,IVR_IVP,IVR-IVP_25AUG26_Report_2026-08-05 (1).xlsx,,,,,,,,,,,,,,,,,,,,,,,,,BDL,1268.1,13.2,1.05,7158275,-34000,-0.47,0.8,39.33,-0.43,17.11 - 53.54,20.10 / 28.20 / 27.84,60.99,71.95,95.67,39.47,41.27,,,,,,,,,,,,,,,,,,,,,,,,,,
,,,,,,,,,,,,,,,,,,,IVR_IVP,IVR-IVP_25AUG26_Report_2026-08-05 (1).xlsx,,,,,,,,,,,,,,,,,,,,,,,,,BEL,392.6,0.35,0.09,103100175,-25650,-0.02,0.59,24.93,0.16,15.33 - 59.83,29.42 / 26.29 / 26.42,21.57,46.75,-15.26,-5.17,-5.64,,,,,,,,,,,,,,,,,,,,,,,,,,
,,,,,,,,,,,,,,,,,,,IVR_IVP,IVR-IVP_25AUG26_Report_2026-08-05 (1).xlsx,,,,,,,,,,,,,,,,,,,,,,,,,BHARATFORG,2215.1,20.1,0.92,7814500,29000,0.37,0.83,33.39,0.36,16.12 - 46.76,18.30 / 24.71 / 25.45,56.36,76.42,82.46,35.13,31.2,,,,,,,,,,,,,,,,,,,,,,,,,,
,,,,,,,,,,,,,,,,,,,IVR_IVP,IVR-IVP_25AUG26_Report_2026-08-05 (1).xlsx,,,,,,,,,,,,,,,,,,,,,,,,,BHARTIARTL,1979.6,15.3,0.78,54981725,479275,0.88,0.5,18.81,-8.95,8.38 - 28.10,21.10 / 23.46 / 22.11,52.89,69.51,-10.85,-19.82,-14.93,,,,,,,,,,,,,,,,,,,,,,,,,,
,,,,,,,,,,,,,,,,,,,IVR_IVP,IVR-IVP_25AUG26_Report_2026-08-05 (1).xlsx,,,,,,,,,,,,,,,,,,,,,,,,,BHEL,414.45,4.15,1.01,80493000,44625,0.06,0.63,34.84,3.41,19.15 - 54.97,24.91 / 39.16 / 41.80,43.8,68.29,39.86,-11.03,-16.65,,,,,,,,,,,,,,,,,,,,,,,,,,
,,,,,,,,,,,,,,,,,,,IVR_IVP,IVR-IVP_25AUG26_Report_2026-08-05 (1).xlsx,,,,,,,,,,,,,,,,,,,,,,,,,BIOCON,428,2.05,0.48,47425000,47500,0.1,0.73,30.63,-1.73,15.85 - 43.30,11.90 / 37.92 / 35.30,53.84,72.36,157.39,-19.22,-13.23,,,,,,,,,,,,,,,,,,,,,,,,,,
,,,,,,,,,,,,,,,,,,,IVR_IVP,IVR-IVP_25AUG26_Report_2026-08-05 (1).xlsx,,,,,,,,,,,,,,,,,,,,,,,,,BLUESTARCO,1677.9,9,0.54,3445325,11700,0.34,0.89,38.1,-0.47,13.03 - 50.57,34.27 / 37.60 / 31.81,66.78,84.15,11.18,1.33,19.77,,,,,,,,,,,,,,,,,,,,,,,,,,
,,,,,,,,,,,,,,,,,,,IVR_IVP,IVR-IVP_25AUG26_Report_2026-08-05 (1).xlsx,,,,,,,,,,,,,,,,,,,,,,,,,BOSCHLTD,42500,1050,2.53,208300,875,0.42,1.32,34.32,15.95,10.01 - 46.12,21.68 / 17.97 / 18.91,67.32,86.99,58.3,90.98,81.49,,,,,,,,,,,,,,,,,,,,,,,,,,
,,,,,,,,,,,,,,,,,,,IVR_IVP,IVR-IVP_25AUG26_Report_2026-08-05 (1).xlsx,,,,,,,,,,,,,,,,,,,,,,,,,BPCL,327.3,5.5,1.71,39661950,79000,0.2,0.72,27.47,-1.65,15.82 - 51.03,32.20 / 29.20 / 29.79,33.09,45.93,-14.69,-5.92,-7.79,,,,,,,,,,,,,,,,,,,,,,,,,,
,,,,,,,,,,,,,,,,,,,IVR_IVP,IVR-IVP_25AUG26_Report_2026-08-05 (1).xlsx,,,,,,,,,,,,,,,,,,,,,,,,,BRITANNIA,5429.5,5,0.09,1885000,9250,0.49,0.68,29.14,7.29,12.58 - 34.32,25.45 / 23.72 / 24.58,76.17,95.93,14.5,22.85,18.55,,,,,,,,,,,,,,,,,,,,,,,,,,
,,,,,,,,,,,,,,,,,,,IVR_IVP,IVR-IVP_25AUG26_Report_2026-08-05 (1).xlsx,,,,,,,,,,,,,,,,,,,,,,,,,BSE,3609,3.8,0.11,9099800,610400,7.19,0.6,37.7,-12.53,19.55 - 61.04,35.20 / 31.62 / 31.30,43.75,47.97,7.1,19.23,20.45,,,,,,,,,,,,,,,,,,,,,,,,,,
,,,,,,,,,,,,,,,,,,,IVR_IVP,IVR-IVP_25AUG26_Report_2026-08-05 (1).xlsx,,,,,,,,,,,,,,,,,,,,,,,,,CAMS,814.2,6.6,0.82,7383750,-27225,-0.37,0.51,28.92,-0.21,17.15 - 55.72,29.72 / 36.11 / 31.76,30.52,52.85,-2.69,-19.91,-8.94,,,,,,,,,,,,,,,,,,,,,,,,,,
,,,,,,,,,,,,,,,,,,,IVR_IVP,IVR-IVP_25AUG26_Report_2026-08-05 (1).xlsx,,,,,,,,,,,,,,,,,,,,,,,,,CANBK,130.55,2.58,2.02,384858000,195750,0.05,0.78,29.15,0.41,15.88 - 49.71,22.96 / 34.17 / 31.77,39.23,52.44,26.96,-14.69,-8.25,,,,,,,,,,,,,,,,,,,,,,,,,,
,,,,,,,,,,,,,,,,,,,IVR_IVP,IVR-IVP_25AUG26_Report_2026-08-05 (1).xlsx,,,,,,,,,,,,,,,,,,,,,,,,,CDSL,1346.1,6.3,0.47,10421500,30400,0.29,0.69,30.14,-4.56,18.00 - 52.52,20.49 / 40.53 / 35.47,35.17,50,47.1,-25.64,-15.03,,,,,,,,,,,,,,,,,,,,,,,,,,
,,,,,,,,,,,,,,,,,,,IVR_IVP,IVR-IVP_25AUG26_Report_2026-08-05 (1).xlsx,,,,,,,,,,,,,,,,,,,,,,,,,CGPOWER,883.7,1.4,0.16,20124600,129200,0.65,0.61,33.74,-0.09,16.26 - 49.94,65.58 / 47.44 / 51.43,51.9,65.85,-48.55,-28.88,-34.4,,,,,,,,,,,,,,,,,,,,,,,,,,
,,,,,,,,,,,,,,,,,,,IVR_IVP,IVR-IVP_25AUG26_Report_2026-08-05 (1).xlsx,,,,,,,,,,,,,,,,,,,,,,,,,CHOLAFIN,1893.6,25.6,1.37,13018125,125000,0.97,0.89,30.2,-0.03,15.00 - 65.38,44.47 / 41.32 / 38.38,30.17,69.11,-32.09,-26.91,-21.31,,,,,,,,,,,,,,,,,,,,,,,,,,
,,,,,,,,,,,,,,,,,,,IVR_IVP,IVR-IVP_25AUG26_Report_2026-08-05 (1).xlsx,,,,,,,,,,,,,,,,,,,,,,,,,CIPLA,1450.2,-9.6,-0.66,8899075,8500,0.1,0.7,21.17,6.33,7.76 - 46.04,26.30 / 21.97 / 19.83,35.03,55.28,-19.51,-3.64,6.76,,,,,,,,,,,,,,,,,,,,,,,,,,
,,,,,,,,,,,,,,,,,,,IVR_IVP,IVR-IVP_25AUG26_Report_2026-08-05 (1).xlsx,,,,,,,,,,,,,,,,,,,,,,,,,COALINDIA,415,-1.15,-0.28,74846700,48600,0.06,0.71,19.74,1.44,9.08 - 45.52,28.46 / 20.36 / 20.91,29.25,47.97,-30.64,-3.05,-5.6,,,,,,,,,,,,,,,,,,,,,,,,,,
,,,,,,,,,,,,,,,,,,,IVR_IVP,IVR-IVP_25AUG26_Report_2026-08-05 (1).xlsx,,,,,,,,,,,,,,,,,,,,,,,,,COCHINSHIP,1449,8.1,0.56,5206000,-7200,-0.14,0.83,31.66,0.29,15.66 - 61.29,28.85 / 25.83 / 34.28,35.06,22.35,9.74,22.57,-7.64,,,,,,,,,,,,,,,,,,,,,,,,,,
,,,,,,,,,,,,,,,,,,,IVR_IVP,IVR-IVP_25AUG26_Report_2026-08-05 (1).xlsx,,,,,,,,,,,,,,,,,,,,,,,,,COFORGE,1764.2,14.5,0.83,13398325,-56050,-0.42,0.99,33.44,2.48,14.76 - 100.42,70.16 / 58.14 / 57.16,21.81,39.84,-52.34,-42.48,-41.5,,,,,,,,,,,,,,,,,,,,,,,,,,
,,,,,,,,,,,,,,,,,,,IVR_IVP,IVR-IVP_25AUG26_Report_2026-08-05 (1).xlsx,,,,,,,,,,,,,,,,,,,,,,,,,COLPAL,2034.8,7.8,0.38,5034150,7425,0.15,0.47,23.75,0.34,14.77 - 49.18,36.23 / 35.51 / 32.84,26.1,59.76,-34.45,-33.12,-27.68,,,,,,,,,,,,,,,,,,,,,,,,,,
,,,,,,,,,,,,,,,,,,,IVR_IVP,IVR-IVP_25AUG26_Report_2026-08-05 (1).xlsx,,,,,,,,,,,,,,,,,,,,,,,,,CONCOR,523.2,4.6,0.89,21483750,-7500,-0.03,0.7,27.92,6.04,14.61 - 80.26,49.10 / 50.06 / 43.14,20.27,65.45,-43.14,-44.23,-35.28,,,,,,,,,,,,,,,,,,,,,,,,,,
,,,,,,,,,,,,,,,,,,,IVR_IVP,IVR-IVP_25AUG26_Report_2026-08-05 (1).xlsx,,,,,,,,,,,,,,,,,,,,,,,,,CROMPTON,268.3,2,0.75,60075300,21500,0.04,0.58,41.35,0.71,15.15 - 43.83,49.04 / 39.90 / 34.84,91.35,93.5,-15.68,3.63,18.69,,,,,,,,,,,,,,,,,,,,,,,,,,
,,,,,,,,,,,,,,,,,,,IVR_IVP,IVR-IVP_25AUG26_Report_2026-08-05 (1).xlsx,,,,,,,,,,,,,,,,,,,,,,,,,CUMMINSIND,5565,54.5,0.99,4073600,8600,0.21,0.94,38.06,4.79,15.05 - 37.75,26.40 / 25.55 / 28.92,100,100,44.17,48.96,31.6,,,,,,,,,,,,,,,,,,,,,,,,,,
,,,,,,,,,,,,,,,,,,,IVR_IVP,IVR-IVP_25AUG26_Report_2026-08-05 (1).xlsx,,,,,,,,,,,,,,,,,,,,,,,,,DABUR,408.8,-0.15,-0.04,28998750,223750,0.78,0.61,24.09,0.25,13.58 - 33.00,31.75 / 27.98 / 31.61,54.12,70.33,-24.13,-13.9,-23.79,,,,,,,,,,,,,,,,,,,,,,,,,,
,,,,,,,,,,,,,,,,,,,IVR_IVP,IVR-IVP_25AUG26_Report_2026-08-05 (1).xlsx,,,,,,,,,,,,,,,,,,,,,,,,,DALBHARAT,1830.6,12.8,0.7,3763825,2275,0.06,0.91,25.79,-0.12,13.87 - 79.50,26.33 / 33.79 / 31.79,18.16,47.15,-2.05,-23.68,-18.87,,,,,,,,,,,,,,,,,,,,,,,,,,
,,,,,,,,,,,,,,,,,,,IVR_IVP,IVR-IVP_25AUG26_Report_2026-08-05 (1).xlsx,,,,,,,,,,,,,,,,,,,,,,,,,DELHIVERY,471.4,-0.15,-0.03,27755200,45650,0.16,0.72,41.47,2.47,18.50 - 49.76,38.96 / 35.35 / 43.25,73.48,96.75,6.44,17.31,-4.12,,,,,,,,,,,,,,,,,,,,,,,,,,
,,,,,,,,,,,,,,,,,,,IVR_IVP,IVR-IVP_25AUG26_Report_2026-08-05 (1).xlsx,,,,,,,,,,,,,,,,,,,,,,,,,DIVISLAB,8401.5,-33.5,-0.4,3556500,14300,0.4,1.06,24.32,3.71,6.18 - 50.03,53.04 / 40.25 / 36.93,41.37,59.76,-54.15,-39.58,-34.15,,,,,,,,,,,,,,,,,,,,,,,,,,
,,,,,,,,,,,,,,,,,,,IVR_IVP,IVR-IVP_25AUG26_Report_2026-08-05 (1).xlsx,,,,,,,,,,,,,,,,,,,,,,,,,DIXON,13987,148,1.07,2623900,4800,0.18,0.6,34.01,0.18,17.08 - 61.85,25.91 / 43.45 / 46.26,37.82,43.09,31.26,-21.73,-26.48,,,,,,,,,,,,,,,,,,,,,,,,,,
,,,,,,,,,,,,,,,,,,,IVR_IVP,IVR-IVP_25AUG26_Report_2026-08-05 (1).xlsx,,,,,,,,,,,,,,,,,,,,,,,,,DLF,667.5,18.5,2.85,47004100,257450,0.55,0.65,32.07,3.42,13.80 - 56.30,39.49 / 43.43 / 43.24,42.99,71.54,-18.79,-26.16,-25.83,,,,,,,,,,,,,,,,,,,,,,,,,,
,,,,,,,,,,,,,,,,,,,IVR_IVP,IVR-IVP_25AUG26_Report_2026-08-05 (1).xlsx,,,,,,,,,,,,,,,,,,,,,,,,,DMART,3999.5,21,0.53,5150100,10200,0.2,0.75,24.24,0.41,14.71 - 41.85,34.35 / 27.73 / 32.11,35.11,41.06,-29.43,-12.59,-24.51,,,,,,,,,,,,,,,,,,,,,,,,,,
,,,,,,,,,,,,,,,,,,,IVR_IVP,IVR-IVP_25AUG26_Report_2026-08-05 (1).xlsx,,,,,,,,,,,,,,,,,,,,,,,,,DRREDDY,1160.9,6.2,0.54,13491250,5625,0.04,0.6,20.72,-0.81,7.63 - 40.88,26.12 / 32.22 / 32.06,39.37,36.99,-20.67,-35.69,-35.37,,,,,,,,,,,,,,,,,,,,,,,,,,
,,,,,,,,,,,,,,,,,,,IVR_IVP,IVR-IVP_25AUG26_Report_2026-08-05 (1).xlsx,,,,,,,,,,,,,,,,,,,,,,,,,EICHERMOT,7961,53,0.67,3715200,12800,0.35,1.02,22.64,-0.4,12.65 - 55.76,28.95 / 25.50 / 30.08,23.17,48.78,-21.8,-11.22,-24.73,,,,,,,,,,,,,,,,,,,,,,,,,,
,,,,,,,,,,,,,,,,,,,IVR_IVP,IVR-IVP_25AUG26_Report_2026-08-05 (1).xlsx,,,,,,,,,,,,,,,,,,,,,,,,,ETERNAL,313.7,3.4,1.1,153708625,516525,0.34,0.75,30.49,-1.96,16.25 - 76.78,51.44 / 42.83 / 41.60,23.53,40.65,-40.73,-28.81,-26.71,,,,,,,,,,,,,,,,,,,,,,,,,,
,,,,,,,,,,,,,,,,,,,IVR_IVP,IVR-IVP_25AUG26_Report_2026-08-05 (1).xlsx,,,,,,,,,,,,,,,,,,,,,,,,,FEDERALBNK,359.05,0.8,0.22,84480000,132500,0.16,0.93,19.73,-1.4,14.06 - 39.41,31.06 / 38.01 / 32.64,22.37,26.02,-36.48,-48.09,-39.55,,,,,,,,,,,,,,,,,,,,,,,,,,
,,,,,,,,,,,,,,,,,,,IVR_IVP,IVR-IVP_25AUG26_Report_2026-08-05 (1).xlsx,,,,,,,,,,,,,,,,,,,,,,,,,FINNIFTY,26922.2,148.8,0.56,30180,-240,-0.79,0.74,12.07,-9.66,0.00 - 40.02,18.24 / 20.33 / 18.21,16.27,43.9,-33.83,-40.63,-33.72,,,,,,,,,,,,,,,,,,,,,,,,,,
,,,,,,,,,,,,,,,,,,,IVR_IVP,IVR-IVP_25AUG26_Report_2026-08-05 (1).xlsx,,,,,,,,,,,,,,,,,,,,,,,,,FORCEMOT,18667,228,1.24,248125,-1475,-0.59,0.85,33.77,-3.79,27.58 - 72.76,30.79 / 39.66 / 45.72,13.7,2.35,9.68,-14.85,-26.14,,,,,,,,,,,,,,,,,,,,,,,,,,
,,,,,,,,,,,,,,,,,,,IVR_IVP,IVR-IVP_25AUG26_Report_2026-08-05 (1).xlsx,,,,,,,,,,,,,,,,,,,,,,,,,FORTIS,923.95,-5.25,-0.57,10071900,34875,0.35,0.71,32.18,1.26,14.13 - 45.46,14.79 / 22.22 / 22.56,57.61,81.3,117.58,44.82,42.64,,,,,,,,,,,,,,,,,,,,,,,,,,
,,,,,,,,,,,,,,,,,,,IVR_IVP,IVR-IVP_25AUG26_Report_2026-08-05 (1).xlsx,,,,,,,,,,,,,,,,,,,,,,,,,GAIL,176.56,0.22,0.12,91103650,7100,0.01,0.4,25.96,-2.07,14.03 - 47.98,42.65 / 34.27 / 29.34,35.14,68.7,-39.13,-24.25,-11.52,,,,,,,,,,,,,,,,,,,,,,,,,,
,,,,,,,,,,,,,,,,,,,IVR_IVP,IVR-IVP_25AUG26_Report_2026-08-05 (1).xlsx,,,,,,,,,,,,,,,,,,,,,,,,,GLENMARK,2218.2,-8.6,-0.39,11735625,51750,0.44,0.61,27.49,0.77,12.27 - 43.60,35.27 / 29.17 / 28.17,48.58,49.59,-22.06,-5.76,-2.41,,,,,,,,,,,,,,,,,,,,,,,,,,
,,,,,,,,,,,,,,,,,,,IVR_IVP,IVR-IVP_25AUG26_Report_2026-08-05 (1).xlsx,,,,,,,,,,,,,,,,,,,,,,,,,GMRAIRPORT,107.46,1.08,1.02,130139550,13950,0.01,1,33.56,1.51,13.31 - 51.55,27.15 / 27.56 / 26.80,52.96,78.86,23.61,21.77,25.22,,,,,,,,,,,,,,,,,,,,,,,,,,
,,,,,,,,,,,,,,,,,,,IVR_IVP,IVR-IVP_25AUG26_Report_2026-08-05 (1).xlsx,,,,,,,,,,,,,,,,,,,,,,,,,GODFRYPHLP,2310.6,-21.1,-0.9,1839200,-10725,-0.58,0.54,38.3,-1.59,18.97 - 93.19,78.65 / 57.51 / 49.00,26.04,40,-51.3,-33.4,-21.84,,,,,,,,,,,,,,,,,,,,,,,,,,
,,,,,,,,,,,,,,,,,,,IVR_IVP,IVR-IVP_25AUG26_Report_2026-08-05 (1).xlsx,,,,,,,,,,,,,,,,,,,,,,,,,GODREJCP,1070.3,12.1,1.14,11204500,18000,0.16,0.6,32.01,2.43,13.17 - 36.34,24.35 / 22.87 / 27.12,81.31,93.5,31.46,39.97,18.03,,,,,,,,,,,,,,,,,,,,,,,,,,
,,,,,,,,,,,,,,,,,,,IVR_IVP,IVR-IVP_25AUG26_Report_2026-08-05 (1).xlsx,,,,,,,,,,,,,,,,,,,,,,,,,GODREJPROP,2120,81.4,3.99,7856225,-18525,-0.24,0.6,32.79,0.8,16.43 - 55.87,41.34 / 44.31 / 42.13,41.48,56.1,-20.68,-26,-22.17,,,,,,,,,,,,,,,,,,,,,,,,,,
,,,,,,,,,,,,,,,,,,,IVR_IVP,IVR-IVP_25AUG26_Report_2026-08-05 (1).xlsx,,,,,,,,,,,,,,,,,,,,,,,,,GRASIM,3164,29,0.93,11894250,750,0.01,0.68,27.02,-1.1,11.82 - 35.51,42.48 / 34.49 / 29.68,64.16,86.18,-36.39,-21.66,-8.96,,,,,,,,,,,,,,,,,,,,,,,,,,
,,,,,,,,,,,,,,,,,,,IVR_IVP,IVR-IVP_25AUG26_Report_2026-08-05 (1).xlsx,,,,,,,,,,,,,,,,,,,,,,,,,GVT&D,4380.9,28.5,0.65,2775625,3125,0.11,0.75,57.23,1.53,21.64 - 59.36,43.83 / 48.35 / 56.21,94.35,95.83,30.57,18.37,1.81,,,,,,,,,,,,,,,,,,,,,,,,,,
,,,,,,,,,,,,,,,,,,,IVR_IVP,IVR-IVP_25AUG26_Report_2026-08-05 (1).xlsx,,,,,,,,,,,,,,,,,,,,,,,,,HAL,4671.4,18.1,0.39,5124750,5250,0.1,0.72,29.72,0.99,14.47 - 53.21,15.23 / 20.94 / 21.32,39.36,69.51,95.14,41.93,39.4,,,,,,,,,,,,,,,,,,,,,,,,,,
,,,,,,,,,,,,,,,,,,,IVR_IVP,IVR-IVP_25AUG26_Report_2026-08-05 (1).xlsx,,,,,,,,,,,,,,,,,,,,,,,,,HAVELLS,1288.5,1,0.08,8952500,-3000,-0.03,0.59,24.34,-2.87,11.54 - 42.97,19.40 / 21.05 / 24.40,40.73,54.47,25.46,15.63,-0.25,,,,,,,,,,,,,,,,,,,,,,,,,,
,,,,,,,,,,,,,,,,,,,IVR_IVP,IVR-IVP_25AUG26_Report_2026-08-05 (1).xlsx,,,,,,,,,,,,,,,,,,,,,,,,,HCLTECH,1366.9,3.1,0.23,27323200,9600,0.04,0.84,26.76,0.19,6.26 - 40.81,21.29 / 35.71 / 43.52,59.33,61.38,25.69,-25.06,-38.51,,,,,,,,,,,,,,,,,,,,,,,,,,
,,,,,,,,,,,,,,,,,,,IVR_IVP,IVR-IVP_25AUG26_Report_2026-08-05 (1).xlsx,,,,,,,,,,,,,,,,,,,,,,,,,HDFCAMC,2584.8,33.7,1.32,6355800,-300,0,0.84,27.26,1.08,12.58 - 45.32,27.78 / 42.44 / 39.35,44.84,62.2,-1.87,-35.77,-30.72,,,,,,,,,,,,,,,,,,,,,,,,,,
,,,,,,,,,,,,,,,,,,,IVR_IVP,IVR-IVP_25AUG26_Report_2026-08-05 (1).xlsx,,,,,,,,,,,,,,,,,,,,,,,,,HDFCBANK,741.8,-1.9,-0.26,303267900,3122600,1.04,0.47,23.37,5.18,11.03 - 39.01,18.87 / 29.75 / 30.23,44.1,73.98,23.85,-21.45,-22.69,,,,,,,,,,,,,,,,,,,,,,,,,,
,,,,,,,,,,,,,,,,,,,IVR_IVP,IVR-IVP_25AUG26_Report_2026-08-05 (1).xlsx,,,,,,,,,,,,,,,,,,,,,,,,,HDFCLIFE,543.2,7.5,1.4,47215300,1100,0,0.59,23.85,-4.18,8.35 - 36.02,26.16 / 31.66 / 27.10,56.02,75.2,-8.83,-24.67,-11.99,,,,,,,,,,,,,,,,,,,,,,,,,,
,,,,,,,,,,,,,,,,,,,IVR_IVP,IVR-IVP_25AUG26_Report_2026-08-05 (1).xlsx,,,,,,,,,,,,,,,,,,,,,,,,,HEROMOTOCO,5619.5,40.5,0.73,4721700,21300,0.45,0.89,31.58,2.87,12.96 - 41.20,38.83 / 31.68 / 28.67,65.93,87.4,-18.67,-0.32,10.15,,,,,,,,,,,,,,,,,,,,,,,,,,
,,,,,,,,,,,,,,,,,,,IVR_IVP,IVR-IVP_25AUG26_Report_2026-08-05 (1).xlsx,,,,,,,,,,,,,,,,,,,,,,,,,HINDALCO,1023.5,5.5,0.54,52997000,4900,0.01,0.79,33.15,-3.44,10.16 - 46.60,26.63 / 23.68 / 27.51,63.09,79.27,24.48,39.99,20.5,,,,,,,,,,,,,,,,,,,,,,,,,,
,,,,,,,,,,,,,,,,,,,IVR_IVP,IVR-IVP_25AUG26_Report_2026-08-05 (1).xlsx,,,,,,,,,,,,,,,,,,,,,,,,,HINDPETRO,399.6,6.15,1.56,44671500,52650,0.12,0.69,28.21,2.32,16.66 - 55.76,37.97 / 37.21 / 39.08,29.54,34.15,-25.7,-24.19,-27.81,,,,,,,,,,,,,,,,,,,,,,,,,,
,,,,,,,,,,,,,,,,,,,IVR_IVP,IVR-IVP_25AUG26_Report_2026-08-05 (1).xlsx,,,,,,,,,,,,,,,,,,,,,,,,,HINDUNILVR,2096.9,7.2,0.34,14798100,8100,0.05,0.51,18.66,0.59,0.36 - 43.79,57.20 / 43.30 / 38.00,42.14,50.41,-67.38,-56.91,-50.89,,,,,,,,,,,,,,,,,,,,,,,,,,
,,,,,,,,,,,,,,,,,,,IVR_IVP,IVR-IVP_25AUG26_Report_2026-08-05 (1).xlsx,,,,,,,,,,,,,,,,,,,,,,,,,HINDZINC,570.55,6.55,1.16,29555575,229075,0.78,0.67,27.63,-1.92,15.38 - 59.92,22.75 / 22.06 / 32.06,27.5,25.61,21.45,25.25,-13.82,,,,,,,,,,,,,,,,,,,,,,,,,,
,,,,,,,,,,,,,,,,,,,IVR_IVP,IVR-IVP_25AUG26_Report_2026-08-05 (1).xlsx,,,,,,,,,,,,,,,,,,,,,,,,,HYUNDAI,2217,20.2,0.92,3959175,0,0,1.15,26.85,-1.4,19.09 - 57.66,47.64 / 43.53 / 40.69,20.12,12.94,-43.64,-38.32,-34.01,,,,,,,,,,,,,,,,,,,,,,,,,,
,,,,,,,,,,,,,,,,,,,IVR_IVP,IVR-IVP_25AUG26_Report_2026-08-05 (1).xlsx,,,,,,,,,,,,,,,,,,,,,,,,,ICICIBANK,1451.5,6,0.42,104000400,88200,0.08,0.72,17.46,-0.85,9.59 - 33.61,17.76 / 19.99 / 20.71,32.76,54.88,-1.69,-12.66,-15.69,,,,,,,,,,,,,,,,,,,,,,,,,,
,,,,,,,,,,,,,,,,,,,IVR_IVP,IVR-IVP_25AUG26_Report_2026-08-05 (1).xlsx,,,,,,,,,,,,,,,,,,,,,,,,,ICICIGI,1694.9,56.4,3.44,5126875,136175,2.73,0.54,27.25,6.74,13.70 - 37.84,39.32 / 54.93 / 46.15,56.13,89.02,-30.7,-50.39,-40.95,,,,,,,,,,,,,,,,,,,,,,,,,,
,,,,,,,,,,,,,,,,,,,IVR_IVP,IVR-IVP_25AUG26_Report_2026-08-05 (1).xlsx,,,,,,,,,,,,,,,,,,,,,,,,,ICICIPRULI,513.75,4.85,0.95,17970900,131350,0.74,0.61,26.02,0.54,12.98 - 41.12,18.72 / 38.39 / 33.35,46.34,65.04,39,-32.22,-21.98,,,,,,,,,,,,,,,,,,,,,,,,,,
,,,,,,,,,,,,,,,,,,,IVR_IVP,IVR-IVP_25AUG26_Report_2026-08-05 (1).xlsx,,,,,,,,,,,,,,,,,,,,,,,,,IDEA,12.95,0.08,0.62,5890612125,-1286550,-0.02,0.62,38.52,0.73,19.52 - 105.00,21.01 / 21.43 / 24.27,22.23,13.82,83.34,79.75,58.71,,,,,,,,,,,,,,,,,,,,,,,,,,
,,,,,,,,,,,,,,,,,,,IVR_IVP,IVR-IVP_25AUG26_Report_2026-08-05 (1).xlsx,,,,,,,,,,,,,,,,,,,,,,,,,IDFCFIRSTB,85.99,0.47,0.55,355167575,-92750,-0.03,0.72,25.38,-0.67,13.50 - 90.98,35.27 / 33.06 / 30.16,15.33,39.84,-28.04,-23.23,-15.85,,,,,,,,,,,,,,,,,,,,,,,,,,
,,,,,,,,,,,,,,,,,,,IVR_IVP,IVR-IVP_25AUG26_Report_2026-08-05 (1).xlsx,,,,,,,,,,,,,,,,,,,,,,,,,IEX,131.49,1.64,1.26,72888600,47850,0.07,0.71,27.47,-1.29,19.27 - 84.19,42.42 / 45.31 / 37.41,12.63,22.36,-35.24,-39.37,-26.57,,,,,,,,,,,,,,,,,,,,,,,,,,
,,,,,,,,,,,,,,,,,,,IVR_IVP,IVR-IVP_25AUG26_Report_2026-08-05 (1).xlsx,,,,,,,,,,,,,,,,,,,,,,,,,INDHOTEL,749.2,4.45,0.6,20708000,59000,0.29,0.67,22.6,-2.33,12.12 - 41.83,19.21 / 27.08 / 24.84,35.27,43.5,17.65,-16.54,-9.02,,,,,,,,,,,,,,,,,,,,,,,,,,
,,,,,,,,,,,,,,,,,,,IVR_IVP,IVR-IVP_25AUG26_Report_2026-08-05 (1).xlsx,,,,,,,,,,,,,,,,,,,,,,,,,INDIANB,865,19.5,2.31,12060000,-24000,-0.2,1.08,31.49,6.13,17.18 - 45.58,23.72 / 52.29 / 45.13,50.39,65.45,32.76,-39.78,-30.22,,,,,,,,,,,,,,,,,,,,,,,,,,
,,,,,,,,,,,,,,,,,,,IVR_IVP,IVR-IVP_25AUG26_Report_2026-08-05 (1).xlsx,,,,,,,,,,,,,,,,,,,,,,,,,INDIGO,5478.5,138.5,2.59,5629350,21300,0.38,0.65,29.15,11.22,11.28 - 58.87,50.69 / 46.08 / 45.55,37.55,69.51,-42.49,-36.74,-36,,,,,,,,,,,,,,,,,,,,,,,,,,
,,,,,,,,,,,,,,,,,,,IVR_IVP,IVR-IVP_25AUG26_Report_2026-08-05 (1).xlsx,,,,,,,,,,,,,,,,,,,,,,,,,INDUSINDBK,1035.5,14.5,1.42,33543300,-23800,-0.07,0.58,25.68,1.42,17.32 - 58.73,43.13 / 37.58 / 37.05,20.19,28.46,-40.46,-31.67,-30.69,,,,,,,,,,,,,,,,,,,,,,,,,,
,,,,,,,,,,,,,,,,,,,IVR_IVP,IVR-IVP_25AUG26_Report_2026-08-05 (1).xlsx,,,,,,,,,,,,,,,,,,,,,,,,,INDUSTOWER,391.5,1.2,0.31,89437000,-34000,-0.04,0.6,23.55,-0.59,15.67 - 75.07,28.62 / 26.47 / 25.70,13.27,14.63,-17.71,-11.03,-8.37,,,,,,,,,,,,,,,,,,,,,,,,,,
,,,,,,,,,,,,,,,,,,,IVR_IVP,IVR-IVP_25AUG26_Report_2026-08-05 (1).xlsx,,,,,,,,,,,,,,,,,,,,,,,,,INFY,1173.7,9.2,0.79,87077200,-9200,-0.01,0.96,28.07,-1.96,7.21 - 64.15,50.21 / 41.43 / 45.70,36.64,58.94,-44.09,-32.25,-38.58,,,,,,,,,,,,,,,,,,,,,,,,,,
,,,,,,,,,,,,,,,,,,,IVR_IVP,IVR-IVP_25AUG26_Report_2026-08-05 (1).xlsx,,,,,,,,,,,,,,,,,,,,,,,,,INOXWIND,80.26,0.74,0.93,105612800,-153600,-0.15,0.66,45.97,1.08,16.48 - 63.54,42.96 / 38.07 / 33.96,62.66,75.61,7.01,20.75,35.37,,,,,,,,,,,,,,,,,,,,,,,,,,
,,,,,,,,,,,,,,,,,,,IVR_IVP,IVR-IVP_25AUG26_Report_2026-08-05 (1).xlsx,,,,,,,,,,,,,,,,,,,,,,,,,IOC,143.35,2.6,1.85,150154875,429000,0.29,0.81,24.14,1.05,11.74 - 55.58,27.04 / 28.05 / 27.86,28.28,44.72,-10.72,-13.94,-13.35,,,,,,,,,,,,,,,,,,,,,,,,,,
,,,,,,,,,,,,,,,,,,,IVR_IVP,IVR-IVP_25AUG26_Report_2026-08-05 (1).xlsx,,,,,,,,,,,,,,,,,,,,,,,,,IREDA,116.46,0.17,0.15,78083400,570150,0.74,0.73,31.95,-1.11,18.50 - 52.88,25.13 / 30.13 / 27.03,39.12,36.99,27.14,6.04,18.2,,,,,,,,,,,,,,,,,,,,,,,,,,
,,,,,,,,,,,,,,,,,,,IVR_IVP,IVR-IVP_25AUG26_Report_2026-08-05 (1).xlsx,,,,,,,,,,,,,,,,,,,,,,,,,IRFC,90.27,0.67,0.75,87640875,-249550,-0.28,0.69,28.05,-0.46,17.59 - 45.57,20.53 / 21.67 / 29.09,37.38,38.62,36.63,29.44,-3.58,,,,,,,,,,,,,,,,,,,,,,,,,,
,,,,,,,,,,,,,,,,,,,IVR_IVP,IVR-IVP_25AUG26_Report_2026-08-05 (1).xlsx,,,,,,,,,,,,,,,,,,,,,,,,,ITC,287.9,0.2,0.07,156897375,36225,0.02,0.55,16.15,-1.58,6.61 - 30.11,18.30 / 20.61 / 18.02,40.6,45.53,-11.75,-21.64,-10.38,,,,,,,,,,,,,,,,,,,,,,,,,,
,,,,,,,,,,,,,,,,,,,IVR_IVP,IVR-IVP_25AUG26_Report_2026-08-05 (1).xlsx,,,,,,,,,,,,,,,,,,,,,,,,,JINDALSTEL,1128.1,5.5,0.49,13781250,37500,0.27,0.87,23.33,-0.43,16.51 - 43.23,27.59 / 26.74 / 32.97,25.52,21.95,-15.44,-12.75,-29.24,,,,,,,,,,,,,,,,,,,,,,,,,,
,,,,,,,,,,,,,,,,,,,IVR_IVP,IVR-IVP_25AUG26_Report_2026-08-05 (1).xlsx,,,,,,,,,,,,,,,,,,,,,,,,,JIOFIN,268.2,4.1,1.55,185729900,-28200,-0.02,0.66,32.15,0.59,16.26 - 47.21,43.27 / 46.99 / 40.02,51.34,77.64,-25.7,-31.58,-19.67,,,,,,,,,,,,,,,,,,,,,,,,,,
,,,,,,,,,,,,,,,,,,,IVR_IVP,IVR-IVP_25AUG26_Report_2026-08-05 (1).xlsx,,,,,,,,,,,,,,,,,,,,,,,,,JSWENERGY,570.95,1.5,0.26,24435825,-12900,-0.05,1.03,23.95,-3.11,13.33 - 46.66,24.13 / 33.19 / 32.39,31.86,8.54,-0.75,-27.84,-26.06,,,,,,,,,,,,,,,,,,,,,,,,,,
,,,,,,,,,,,,,,,,,,,IVR_IVP,IVR-IVP_25AUG26_Report_2026-08-05 (1).xlsx,,,,,,,,,,,,,,,,,,,,,,,,,JSWSTEEL,1300.2,4.3,0.33,39771675,42525,0.11,0.85,22.16,-0.76,14.75 - 40.61,21.62 / 23.13 / 23.02,28.65,27.24,2.5,-4.19,-3.74,,,,,,,,,,,,,,,,,,,,,,,,,,
,,,,,,,,,,,,,,,,,,,IVR_IVP,IVR-IVP_25AUG26_Report_2026-08-05 (1).xlsx,,,,,,,,,,,,,,,,,,,,,,,,,JUBLFOOD,479.65,12.85,2.75,16302500,-88750,-0.54,0.75,38.12,3,13.88 - 59.12,50.12 / 48.86 / 44.20,53.58,91.87,-23.94,-21.98,-13.76,,,,,,,,,,,,,,,,,,,,,,,,,,
,,,,,,,,,,,,,,,,,,,IVR_IVP,IVR-IVP_25AUG26_Report_2026-08-05 (1).xlsx,,,,,,,,,,,,,,,,,,,,,,,,,KALYANKJIL,583.9,-9.45,-1.59,23153850,70200,0.3,0.94,52.75,-8,17.49 - 72.39,67.36 / 97.77 / 89.50,64.23,92.68,-21.69,-46.05,-41.06,,,,,,,,,,,,,,,,,,,,,,,,,,
,,,,,,,,,,,,,,,,,,,IVR_IVP,IVR-IVP_25AUG26_Report_2026-08-05 (1).xlsx,,,,,,,,,,,,,,,,,,,,,,,,,KAYNES,3916,25.5,0.66,4045050,9750,0.24,0.72,57.15,-0.9,19.42 - 77.97,82.05 / 71.63 / 64.05,64.44,91.87,-30.35,-20.21,-10.77,,,,,,,,,,,,,,,,,,,,,,,,,,
,,,,,,,,,,,,,,,,,,,IVR_IVP,IVR-IVP_25AUG26_Report_2026-08-05 (1).xlsx,,,,,,,,,,,,,,,,,,,,,,,,,KEI,5535,13.5,0.24,1712375,-9100,-0.53,1.02,33.8,-0.65,14.61 - 51.38,63.88 / 50.38 / 48.21,52.19,67.07,-47.09,-32.91,-29.89,,,,,,,,,,,,,,,,,,,,,,,,,,
,,,,,,,,,,,,,,,,,,,IVR_IVP,IVR-IVP_25AUG26_Report_2026-08-05 (1).xlsx,,,,,,,,,,,,,,,,,,,,,,,,,KFINTECH,943.35,7.85,0.84,4242350,54050,1.29,0.57,35.9,-3,18.49 - 90.49,71.97 / 58.73 / 49.74,24.18,54.88,-50.12,-38.87,-27.82,,,,,,,,,,,,,,,,,,,,,,,,,,
,,,,,,,,,,,,,,,,,,,IVR_IVP,IVR-IVP_25AUG26_Report_2026-08-05 (1).xlsx,,,,,,,,,,,,,,,,,,,,,,,,,KOTAKBANK,397.8,3.15,0.8,172972000,232000,0.13,0.65,18.17,-2.26,9.59 - 40.23,15.87 / 28.33 / 30.94,28,34.55,14.49,-35.86,-41.27,,,,,,,,,,,,,,,,,,,,,,,,,,
,,,,,,,,,,,,,,,,,,,IVR_IVP,IVR-IVP_25AUG26_Report_2026-08-05 (1).xlsx,,,,,,,,,,,,,,,,,,,,,,,,,KPITTECH,622.25,0.3,0.05,12601500,-13950,-0.11,0.61,33.98,-2.16,12.07 - 69.90,76.63 / 58.24 / 80.75,37.89,53.25,-55.66,-41.66,-57.92,,,,,,,,,,,,,,,,,,,,,,,,,,
,,,,,,,,,,,,,,,,,,,IVR_IVP,IVR-IVP_25AUG26_Report_2026-08-05 (1).xlsx,,,,,,,,,,,,,,,,,,,,,,,,,LAURUSLABS,1843,8.3,0.45,16902250,145350,0.87,0.99,28.26,2.5,14.20 - 46.75,44.37 / 36.78 / 39.14,43.2,51.22,-36.31,-23.16,-27.8,,,,,,,,,,,,,,,,,,,,,,,,,,
,,,,,,,,,,,,,,,,,,,IVR_IVP,IVR-IVP_25AUG26_Report_2026-08-05 (1).xlsx,,,,,,,,,,,,,,,,,,,,,,,,,LICHSGFIN,505.45,1.65,0.33,29967000,38000,0.13,0.63,25.55,4.2,11.15 - 45.09,33.60 / 29.16 / 27.06,42.43,69.92,-23.96,-12.38,-5.58,,,,,,,,,,,,,,,,,,,,,,,,,,
,,,,,,,,,,,,,,,,,,,IVR_IVP,IVR-IVP_25AUG26_Report_2026-08-05 (1).xlsx,,,,,,,,,,,,,,,,,,,,,,,,,LICI,395,4.7,1.2,64869000,-1359400,-2.05,0.7,21.19,-22.35,11.05 - 49.26,54.18 / 41.67 / 36.85,26.54,31.3,-60.89,-49.15,-42.5,,,,,,,,,,,,,,,,,,,,,,,,,,
,,,,,,,,,,,,,,,,,,,IVR_IVP,IVR-IVP_25AUG26_Report_2026-08-05 (1).xlsx,,,,,,,,,,,,,,,,,,,,,,,,,LODHA,1247,22.6,1.85,11568125,-66875,-0.57,0.7,37.41,1.63,19.11 - 64.99,71.23 / 62.08 / 56.22,39.89,67.48,-47.48,-39.74,-33.46,,,,,,,,,,,,,,,,,,,,,,,,,,
,,,,,,,,,,,,,,,,,,,IVR_IVP,IVR-IVP_25AUG26_Report_2026-08-05 (1).xlsx,,,,,,,,,,,,,,,,,,,,,,,,,LT,4086.2,65.2,1.62,11365900,-67550,-0.59,0.86,18.6,-4.76,7.49 - 44.73,22.69 / 24.57 / 21.80,29.83,53.66,-18.03,-24.3,-14.68,,,,,,,,,,,,,,,,,,,,,,,,,,
,,,,,,,,,,,,,,,,,,,IVR_IVP,IVR-IVP_25AUG26_Report_2026-08-05 (1).xlsx,,,,,,,,,,,,,,,,,,,,,,,,,LTF,324.55,3.5,1.09,45749250,81000,0.18,0.68,34.49,-1.99,18.80 - 69.14,27.71 / 37.32 / 39.10,31.17,68.29,24.47,-7.58,-11.79,,,,,,,,,,,,,,,,,,,,,,,,,,
,,,,,,,,,,,,,,,,,,,IVR_IVP,IVR-IVP_25AUG26_Report_2026-08-05 (1).xlsx,,,,,,,,,,,,,,,,,,,,,,,,,LTM,4572,24.1,0.53,2327250,3150,0.14,0.66,34.41,1.68,24.10 - 57.18,59.05 / 48.44 / 47.94,31.17,48.57,-41.73,-28.96,-28.22,,,,,,,,,,,,,,,,,,,,,,,,,,
,,,,,,,,,,,,,,,,,,,IVR_IVP,IVR-IVP_25AUG26_Report_2026-08-05 (1).xlsx,,,,,,,,,,,,,,,,,,,,,,,,,LUPIN,2371.6,-23.9,-1,6459575,31025,0.48,0.67,29.87,4.29,12.85 - 37.30,33.87 / 29.66 / 29.06,69.61,92.28,-11.81,0.71,2.79,,,,,,,,,,,,,,,,,,,,,,,,,,
,,,,,,,,,,,,,,,,,,,IVR_IVP,IVR-IVP_25AUG26_Report_2026-08-05 (1).xlsx,,,,,,,,,,,,,,,,,,,,,,,,,M&M,3486.4,63.7,1.86,12244600,72600,0.6,0.9,23.75,0.47,11.90 - 42.66,34.27 / 32.36 / 33.49,38.52,48.37,-30.7,-26.61,-29.08,,,,,,,,,,,,,,,,,,,,,,,,,,
,,,,,,,,,,,,,,,,,,,IVR_IVP,IVR-IVP_25AUG26_Report_2026-08-05 (1).xlsx,,,,,,,,,,,,,,,,,,,,,,,,,MANAPPURAM,364.2,5.6,1.56,63294000,-255000,-0.4,0.65,40.9,2.69,18.17 - 52.52,28.68 / 38.28 / 40.75,66.17,89.02,42.61,6.84,0.37,,,,,,,,,,,,,,,,,,,,,,,,,,
,,,,,,,,,,,,,,,,,,,IVR_IVP,IVR-IVP_25AUG26_Report_2026-08-05 (1).xlsx,,,,,,,,,,,,,,,,,,,,,,,,,MANKIND,2454,-2.2,-0.09,3284000,7000,0.21,0.63,28.45,0.89,16.24 - 61.00,37.56 / 34.12 / 31.65,27.28,58.13,-24.25,-16.62,-10.11,,,,,,,,,,,,,,,,,,,,,,,,,,
,,,,,,,,,,,,,,,,,,,IVR_IVP,IVR-IVP_25AUG26_Report_2026-08-05 (1).xlsx,,,,,,,,,,,,,,,,,,,,,,,,,MARICO,858.35,-16.25,-1.86,17236800,1288800,8.08,0.55,24.59,-11.74,13.08 - 31.88,25.11 / 22.37 / 22.00,61.22,88.62,-2.07,9.92,11.77,,,,,,,,,,,,,,,,,,,,,,,,,,
,,,,,,,,,,,,,,,,,,,IVR_IVP,IVR-IVP_25AUG26_Report_2026-08-05 (1).xlsx,,,,,,,,,,,,,,,,,,,,,,,,,MARUTI,14150,102,0.73,2056450,900,0.04,0.57,21.93,0.78,6.97 - 41.98,19.11 / 28.13 / 34.55,42.73,65.45,14.76,-22.04,-36.53,,,,,,,,,,,,,,,,,,,,,,,,,,
,,,,,,,,,,,,,,,,,,,IVR_IVP,IVR-IVP_25AUG26_Report_2026-08-05 (1).xlsx,,,,,,,,,,,,,,,,,,,,,,,,,MAXHEALTH,1071.8,-1.8,-0.17,9899925,33075,0.34,0.66,28.99,0.59,16.74 - 60.69,32.18 / 28.20 / 31.81,27.87,72.76,-9.91,2.8,-8.87,,,,,,,,,,,,,,,,,,,,,,,,,,
,,,,,,,,,,,,,,,,,,,IVR_IVP,IVR-IVP_25AUG26_Report_2026-08-05 (1).xlsx,,,,,,,,,,,,,,,,,,,,,,,,,MAZDOCK,2419,31.9,1.34,5005125,-32175,-0.64,0.67,32.12,-1.32,13.38 - 82.60,25.90 / 28.56 / 27.32,27.07,28.86,24.02,12.46,17.57,,,,,,,,,,,,,,,,,,,,,,,,,,
,,,,,,,,,,,,,,,,,,,IVR_IVP,IVR-IVP_25AUG26_Report_2026-08-05 (1).xlsx,,,,,,,,,,,,,,,,,,,,,,,,,MCX,2609.3,-66.5,-2.49,8352225,768600,10.13,0.67,37.59,-9.2,15.54 - 62.68,23.28 / 35.96 / 41.67,46.78,58.13,61.47,4.53,-9.79,,,,,,,,,,,,,,,,,,,,,,,,,,
,,,,,,,,,,,,,,,,,,,IVR_IVP,IVR-IVP_25AUG26_Report_2026-08-05 (1).xlsx,,,,,,,,,,,,,,,,,,,,,,,,,MFSL,1524,17.8,1.18,9446000,12000,0.13,0.58,35.65,-2.54,9.89 - 38.56,24.67 / 30.89 / 29.59,89.85,96.34,44.51,15.41,20.48,,,,,,,,,,,,,,,,,,,,,,,,,,
,,,,,,,,,,,,,,,,,,,IVR_IVP,IVR-IVP_25AUG26_Report_2026-08-05 (1).xlsx,,,,,,,,,,,,,,,,,,,,,,,,,MIDCPNIFTY,14939.55,82.8,0.56,1885080,720,0.04,1.15,13.22,-1.86,9.53 - 42.98,16.23 / 16.42 / 14.53,11.03,5.28,-18.55,-19.49,-9.02,,,,,,,,,,,,,,,,,,,,,,,,,,
,,,,,,,,,,,,,,,,,,,IVR_IVP,IVR-IVP_25AUG26_Report_2026-08-05 (1).xlsx,,,,,,,,,,,,,,,,,,,,,,,,,MOTHERSON,153.4,2.74,1.82,127415700,325950,0.26,0.66,38.36,0.6,18.24 - 54.43,35.80 / 28.97 / 31.38,55.6,80.08,7.15,32.41,22.24,,,,,,,,,,,,,,,,,,,,,,,,,,
,,,,,,,,,,,,,,,,,,,IVR_IVP,IVR-IVP_25AUG26_Report_2026-08-05 (1).xlsx,,,,,,,,,,,,,,,,,,,,,,,,,MOTILALOFS,874.35,7.2,0.83,6957950,9300,0.13,0.65,33.97,3.57,22.84 - 53.32,49.39 / 48.49 / 40.70,36.52,35.29,-31.22,-29.94,-16.54,,,,,,,,,,,,,,,,,,,,,,,,,,
,,,,,,,,,,,,,,,,,,,IVR_IVP,IVR-IVP_25AUG26_Report_2026-08-05 (1).xlsx,,,,,,,,,,,,,,,,,,,,,,,,,MPHASIS,2403.6,13.2,0.55,3891525,9350,0.24,0.78,33.61,-0.47,18.02 - 52.99,52.57 / 48.92 / 48.22,44.58,60.98,-36.07,-31.3,-30.3,,,,,,,,,,,,,,,,,,,,,,,,,,
,,,,,,,,,,,,,,,,,,,IVR_IVP,IVR-IVP_25AUG26_Report_2026-08-05 (1).xlsx,,,,,,,,,,,,,,,,,,,,,,,,,MUTHOOTFIN,2936.3,45.5,1.57,6823300,-38775,-0.57,0.55,30.42,-1.78,11.92 - 66.80,52.78 / 42.92 / 42.78,33.71,53.25,-42.36,-29.12,-28.89,,,,,,,,,,,,,,,,,,,,,,,,,,
,,,,,,,,,,,,,,,,,,,IVR_IVP,IVR-IVP_25AUG26_Report_2026-08-05 (1).xlsx,,,,,,,,,,,,,,,,,,,,,,,,,NAM-INDIA,1188.5,12.1,1.03,7388125,47500,0.65,0.42,35.01,-3.63,23.39 - 77.66,43.59 / 43.73 / 39.72,21.41,14.63,-19.68,-19.94,-11.86,,,,,,,,,,,,,,,,,,,,,,,,,,
,,,,,,,,,,,,,,,,,,,IVR_IVP,IVR-IVP_25AUG26_Report_2026-08-05 (1).xlsx,,,,,,,,,,,,,,,,,,,,,,,,,NATIONALUM,380.05,0.35,0.09,45386250,140625,0.31,0.77,33.88,0.68,17.37 - 66.87,40.38 / 39.49 / 50.74,33.35,54.07,-16.1,-14.21,-33.23,,,,,,,,,,,,,,,,,,,,,,,,,,
,,,,,,,,,,,,,,,,,,,IVR_IVP,IVR-IVP_25AUG26_Report_2026-08-05 (1).xlsx,,,,,,,,,,,,,,,,,,,,,,,,,NAUKRI,1269.6,7,0.55,13864950,20350,0.15,0.62,36.38,-0.03,15.66 - 47.35,38.78 / 31.32 / 54.65,65.38,86.18,-6.19,16.16,-33.43,,,,,,,,,,,,,,,,,,,,,,,,,,
,,,,,,,,,,,,,,,,,,,IVR_IVP,IVR-IVP_25AUG26_Report_2026-08-05 (1).xlsx,,,,,,,,,,,,,,,,,,,,,,,,,NBCC,95.67,0.92,0.97,99437000,19500,0.02,0.5,35.57,2.54,21.65 - 80.34,22.87 / 33.47 / 30.39,23.72,45.53,55.53,6.27,17.05,,,,,,,,,,,,,,,,,,,,,,,,,,
,,,,,,,,,,,,,,,,,,,IVR_IVP,IVR-IVP_25AUG26_Report_2026-08-05 (1).xlsx,,,,,,,,,,,,,,,,,,,,,,,,,NESTLEIND,1504.1,15.1,1.01,7933500,104500,1.33,0.61,22.73,-0.79,10.62 - 38.91,34.99 / 28.00 / 27.25,42.81,79.27,-35.04,-18.82,-16.59,,,,,,,,,,,,,,,,,,,,,,,,,,
,,,,,,,,,,,,,,,,,,,IVR_IVP,IVR-IVP_25AUG26_Report_2026-08-05 (1).xlsx,,,,,,,,,,,,,,,,,,,,,,,,,NHPC,81.35,0.78,0.97,119463550,569900,0.48,0.71,26.12,-2.17,13.23 - 53.10,18.57 / 18.56 / 21.68,32.33,39.84,40.66,40.73,20.48,,,,,,,,,,,,,,,,,,,,,,,,,,
,,,,,,,,,,,,,,,,,,,IVR_IVP,IVR-IVP_25AUG26_Report_2026-08-05 (1).xlsx,,,,,,,,,,,,,,,,,,,,,,,,,NIFTY,24700.4,144.8,0.59,11713975,-69615,-0.59,1.11,10.26,-3.75,5.90 - 34.26,15.66 / 16.27 / 14.83,15.37,37.4,-34.48,-36.94,-30.82,,,,,,,,,,,,,,,,,,,,,,,,,,
,,,,,,,,,,,,,,,,,,,IVR_IVP,IVR-IVP_25AUG26_Report_2026-08-05 (1).xlsx,,,,,,,,,,,,,,,,,,,,,,,,,NIFTYNXT50,74540.2,587.8,0.79,18975,50,0.26,1.88,-,-,9.05 - 33.66,16.29 / 16.33 / 15.22,-,-,-,-,-,,,,,,,,,,,,,,,,,,,,,,,,,,
,,,,,,,,,,,,,,,,,,,IVR_IVP,IVR-IVP_25AUG26_Report_2026-08-05 (1).xlsx,,,,,,,,,,,,,,,,,,,,,,,,,NMDC,85.09,0.32,0.38,344898000,216000,0.06,0.74,30.05,1.55,13.00 - 48.01,21.37 / 18.21 / 20.49,48.7,62.6,40.62,65.02,46.66,,,,,,,,,,,,,,,,,,,,,,,,,,
,,,,,,,,,,,,,,,,,,,IVR_IVP,IVR-IVP_25AUG26_Report_2026-08-05 (1).xlsx,,,,,,,,,,,,,,,,,,,,,,,,,NTPC,347.2,3.25,0.94,98397000,-96000,-0.1,0.66,19.2,-4,6.73 - 29.34,21.80 / 22.17 / 20.50,55.15,66.26,-11.93,-13.4,-6.34,,,,,,,,,,,,,,,,,,,,,,,,,,
,,,,,,,,,,,,,,,,,,,IVR_IVP,IVR-IVP_25AUG26_Report_2026-08-05 (1).xlsx,,,,,,,,,,,,,,,,,,,,,,,,,NYKAA,335.95,-2,-0.59,50040625,4084375,8.89,0.39,34.86,-7.73,15.47 - 51.48,26.70 / 24.61 / 24.93,53.85,85.37,30.56,41.65,39.83,,,,,,,,,,,,,,,,,,,,,,,,,,
,,,,,,,,,,,,,,,,,,,IVR_IVP,IVR-IVP_25AUG26_Report_2026-08-05 (1).xlsx,,,,,,,,,,,,,,,,,,,,,,,,,OBEROIRLTY,1814.2,24,1.34,5444600,-2800,-0.05,0.51,28.38,3.13,14.15 - 45.00,34.11 / 30.68 / 34.70,46.13,61.79,-16.8,-7.5,-18.21,,,,,,,,,,,,,,,,,,,,,,,,,,
,,,,,,,,,,,,,,,,,,,IVR_IVP,IVR-IVP_25AUG26_Report_2026-08-05 (1).xlsx,,,,,,,,,,,,,,,,,,,,,,,,,OFSS,11671,42,0.36,1263600,4000,0.32,0.86,37.2,1.31,13.10 - 74.39,58.56 / 46.17 / 47.01,39.32,74.8,-36.48,-19.43,-20.87,,,,,,,,,,,,,,,,,,,,,,,,,,
,,,,,,,,,,,,,,,,,,,IVR_IVP,IVR-IVP_25AUG26_Report_2026-08-05 (1).xlsx,,,,,,,,,,,,,,,,,,,,,,,,,OIL,437.7,-13.15,-2.92,15902600,113400,0.72,0.57,33.28,3.32,14.18 - 47.82,27.58 / 33.09 / 30.10,56.78,71.95,20.67,0.57,10.56,,,,,,,,,,,,,,,,,,,,,,,,,,
,,,,,,,,,,,,,,,,,,,IVR_IVP,IVR-IVP_25AUG26_Report_2026-08-05 (1).xlsx,,,,,,,,,,,,,,,,,,,,,,,,,ONGC,241.33,-0.53,-0.22,55905750,1395000,2.56,0.5,23.28,-6.43,5.62 - 98.39,29.02 / 23.46 / 24.55,19.04,67.48,-19.78,-0.77,-5.17,,,,,,,,,,,,,,,,,,,,,,,,,,
,,,,,,,,,,,,,,,,,,,IVR_IVP,IVR-IVP_25AUG26_Report_2026-08-05 (1).xlsx,,,,,,,,,,,,,,,,,,,,,,,,,PAGEIND,39975,5,0.01,234520,-240,-0.1,0.67,32.58,-2.92,16.49 - 50.83,21.92 / 24.74 / 32.50,46.85,88.62,48.63,31.69,0.25,,,,,,,,,,,,,,,,,,,,,,,,,,
,,,,,,,,,,,,,,,,,,,IVR_IVP,IVR-IVP_25AUG26_Report_2026-08-05 (1).xlsx,,,,,,,,,,,,,,,,,,,,,,,,,PATANJALI,359.45,-0.2,-0.06,34120500,46225,0.14,0.73,42.62,2.16,13.61 - 78.80,34.45 / 69.35 / 56.53,44.5,93.5,23.72,-38.54,-24.61,,,,,,,,,,,,,,,,,,,,,,,,,,
,,,,,,,,,,,,,,,,,,,IVR_IVP,IVR-IVP_25AUG26_Report_2026-08-05 (1).xlsx,,,,,,,,,,,,,,,,,,,,,,,,,PAYTM,1418.3,7.8,0.55,20616100,43500,0.21,0.61,39.22,-3.78,14.24 - 58.75,38.81 / 46.73 / 43.13,56.12,81.71,1.06,-16.07,-9.07,,,,,,,,,,,,,,,,,,,,,,,,,,
,,,,,,,,,,,,,,,,,,,IVR_IVP,IVR-IVP_25AUG26_Report_2026-08-05 (1).xlsx,,,,,,,,,,,,,,,,,,,,,,,,,PERSISTENT,5551,49,0.89,3554750,-375,-0.01,0.64,34.08,3.09,15.89 - 64.18,38.47 / 38.51 / 57.58,37.67,49.59,-11.41,-11.5,-40.81,,,,,,,,,,,,,,,,,,,,,,,,,,
,,,,,,,,,,,,,,,,,,,IVR_IVP,IVR-IVP_25AUG26_Report_2026-08-05 (1).xlsx,,,,,,,,,,,,,,,,,,,,,,,,,PETRONET,282.55,2.15,0.77,31988400,-15200,-0.05,0.99,26.43,-0.15,10.66 - 64.00,31.22 / 28.16 / 25.44,29.57,57.72,-15.34,-6.14,3.89,,,,,,,,,,,,,,,,,,,,,,,,,,
,,,,,,,,,,,,,,,,,,,IVR_IVP,IVR-IVP_25AUG26_Report_2026-08-05 (1).xlsx,,,,,,,,,,,,,,,,,,,,,,,,,PFC,420.85,1.25,0.3,54832700,88400,0.16,0.76,29.24,2.56,13.77 - 46.37,18.50 / 20.97 / 23.08,47.45,69.51,58.05,39.44,26.69,,,,,,,,,,,,,,,,,,,,,,,,,,
,,,,,,,,,,,,,,,,,,,IVR_IVP,IVR-IVP_25AUG26_Report_2026-08-05 (1).xlsx,,,,,,,,,,,,,,,,,,,,,,,,,PGEL,627.45,10.6,1.72,11121650,182400,1.67,0.89,50.56,-1.44,18.96 - 75.34,48.65 / 43.75 / 39.82,56.05,79.67,3.93,15.57,26.97,,,,,,,,,,,,,,,,,,,,,,,,,,
,,,,,,,,,,,,,,,,,,,IVR_IVP,IVR-IVP_25AUG26_Report_2026-08-05 (1).xlsx,,,,,,,,,,,,,,,,,,,,,,,,,PHOENIXLTD,1960.8,14.6,0.75,3607100,-4550,-0.13,0.6,27.13,-2.16,14.42 - 106.79,43.23 / 39.12 / 39.41,13.76,43.5,-37.24,-30.65,-31.16,,,,,,,,,,,,,,,,,,,,,,,,,,
,,,,,,,,,,,,,,,,,,,IVR_IVP,IVR-IVP_25AUG26_Report_2026-08-05 (1).xlsx,,,,,,,,,,,,,,,,,,,,,,,,,PIDILITIND,1643.7,27.5,1.7,8032500,48000,0.6,0.46,24.57,-8.86,12.70 - 34.64,30.41 / 28.74 / 24.90,54.1,76.83,-19.2,-14.51,-1.33,,,,,,,,,,,,,,,,,,,,,,,,,,
,,,,,,,,,,,,,,,,,,,IVR_IVP,IVR-IVP_25AUG26_Report_2026-08-05 (1).xlsx,,,,,,,,,,,,,,,,,,,,,,,,,PIIND,2805.9,6.4,0.23,2731925,1050,0.04,0.84,35.34,0.83,15.83 - 60.92,20.88 / 27.06 / 30.76,43.27,90.65,69.25,30.6,14.89,,,,,,,,,,,,,,,,,,,,,,,,,,
,,,,,,,,,,,,,,,,,,,IVR_IVP,IVR-IVP_25AUG26_Report_2026-08-05 (1).xlsx,,,,,,,,,,,,,,,,,,,,,,,,,PNB,115.43,1.41,1.24,288648000,256000,0.09,0.91,26.78,3.6,13.10 - 49.10,14.25 / 32.00 / 29.10,38,58.94,87.93,-16.31,-7.97,,,,,,,,,,,,,,,,,,,,,,,,,,
,,,,,,,,,,,,,,,,,,,IVR_IVP,IVR-IVP_25AUG26_Report_2026-08-05 (1).xlsx,,,,,,,,,,,,,,,,,,,,,,,,,PNBHOUSING,1127.7,43.5,4.01,7824050,83850,1.08,0.86,37.95,-24.88,17.31 - 90.49,35.69 / 33.30 / 30.96,28.2,83.74,6.33,13.96,22.58,,,,,,,,,,,,,,,,,,,,,,,,,,
,,,,,,,,,,,,,,,,,,,IVR_IVP,IVR-IVP_25AUG26_Report_2026-08-05 (1).xlsx,,,,,,,,,,,,,,,,,,,,,,,,,POLICYBZR,1614.8,4.4,0.27,9251900,12600,0.14,0.95,43.28,1.86,13.79 - 49.02,35.79 / 35.36 / 38.76,83.71,93.09,20.93,22.4,11.66,,,,,,,,,,,,,,,,,,,,,,,,,,
,,,,,,,,,,,,,,,,,,,IVR_IVP,IVR-IVP_25AUG26_Report_2026-08-05 (1).xlsx,,,,,,,,,,,,,,,,,,,,,,,,,POLYCAB,9268.5,60.5,0.66,2279375,5625,0.25,0.69,26.25,1.39,13.83 - 43.96,29.51 / 33.54 / 33.13,41.22,56.91,-11.05,-21.74,-20.77,,,,,,,,,,,,,,,,,,,,,,,,,,
,,,,,,,,,,,,,,,,,,,IVR_IVP,IVR-IVP_25AUG26_Report_2026-08-05 (1).xlsx,,,,,,,,,,,,,,,,,,,,,,,,,POWERGRID,284.4,2,0.71,46413200,70300,0.15,0.81,23.35,-0.38,10.36 - 31.50,16.98 / 19.65 / 18.86,61.45,81.71,37.51,18.83,23.81,,,,,,,,,,,,,,,,,,,,,,,,,,
,,,,,,,,,,,,,,,,,,,IVR_IVP,IVR-IVP_25AUG26_Report_2026-08-05 (1).xlsx,,,,,,,,,,,,,,,,,,,,,,,,,POWERINDIA,32605,305,0.94,588300,250,0.04,0.99,45.35,0.11,17.79 - 124.75,33.61 / 40.85 / 52.62,25.77,85.02,34.93,11.02,-13.82,,,,,,,,,,,,,,,,,,,,,,,,,,
,,,,,,,,,,,,,,,,,,,IVR_IVP,IVR-IVP_25AUG26_Report_2026-08-05 (1).xlsx,,,,,,,,,,,,,,,,,,,,,,,,,PREMIERENE,1039.2,-5.7,-0.55,7288450,-650,-0.01,0.72,40.09,1.16,22.48 - 60.65,51.11 / 45.99 / 39.99,46.14,51.37,-21.56,-12.83,0.25,,,,,,,,,,,,,,,,,,,,,,,,,,
,,,,,,,,,,,,,,,,,,,IVR_IVP,IVR-IVP_25AUG26_Report_2026-08-05 (1).xlsx,,,,,,,,,,,,,,,,,,,,,,,,,PRESTIGE,1625.7,30.8,1.93,5145300,-5850,-0.11,0.67,33.94,2.23,14.99 - 51.78,57.95 / 51.25 / 47.13,51.51,67.48,-41.43,-33.78,-27.99,,,,,,,,,,,,,,,,,,,,,,,,,,
,,,,,,,,,,,,,,,,,,,IVR_IVP,IVR-IVP_25AUG26_Report_2026-08-05 (1).xlsx,,,,,,,,,,,,,,,,,,,,,,,,,RADICO,4508.3,39.3,0.88,806550,750,0.09,1.04,28.22,-0.56,16.53 - 46.92,31.27 / 24.78 / 30.26,38.47,8.33,-9.75,13.88,-6.74,,,,,,,,,,,,,,,,,,,,,,,,,,
,,,,,,,,,,,,,,,,,,,IVR_IVP,IVR-IVP_25AUG26_Report_2026-08-05 (1).xlsx,,,,,,,,,,,,,,,,,,,,,,,,,RBLBANK,383.75,1.2,0.31,44688125,38100,0.09,0.82,29.59,2.39,15.75 - 58.21,32.23 / 39.24 / 37.48,32.6,40.24,-8.19,-24.59,-21.05,,,,,,,,,,,,,,,,,,,,,,,,,,
,,,,,,,,,,,,,,,,,,,IVR_IVP,IVR-IVP_25AUG26_Report_2026-08-05 (1).xlsx,,,,,,,,,,,,,,,,,,,,,,,,,RECLTD,370.95,2.45,0.66,44696925,15750,0.04,0.67,24.19,-0.66,15.03 - 44.52,18.86 / 20.86 / 21.91,31.06,32.93,28.26,15.96,10.41,,,,,,,,,,,,,,,,,,,,,,,,,,
,,,,,,,,,,,,,,,,,,,IVR_IVP,IVR-IVP_25AUG26_Report_2026-08-05 (1).xlsx,,,,,,,,,,,,,,,,,,,,,,,,,RELIANCE,1300.8,3.4,0.26,103571000,233000,0.23,0.77,19.42,-0.51,8.02 - 29.53,22.81 / 25.00 / 22.51,53,47.97,-14.86,-22.32,-13.73,,,,,,,,,,,,,,,,,,,,,,,,,,
,,,,,,,,,,,,,,,,,,,IVR_IVP,IVR-IVP_25AUG26_Report_2026-08-05 (1).xlsx,,,,,,,,,,,,,,,,,,,,,,,,,RVNL,233.61,1.96,0.85,34925275,-17325,-0.05,0.74,38.6,-0.18,18.29 - 68.17,26.75 / 28.85 / 25.73,40.72,58.54,44.3,33.8,50.02,,,,,,,,,,,,,,,,,,,,,,,,,,
,,,,,,,,,,,,,,,,,,,IVR_IVP,IVR-IVP_25AUG26_Report_2026-08-05 (1).xlsx,,,,,,,,,,,,,,,,,,,,,,,,,SAIL,175.28,0.72,0.41,177096000,-267900,-0.15,0.68,34.17,-2.46,16.62 - 80.83,43.42 / 34.99 / 35.45,27.33,61.79,-21.3,-2.34,-3.61,,,,,,,,,,,,,,,,,,,,,,,,,,
,,,,,,,,,,,,,,,,,,,IVR_IVP,IVR-IVP_25AUG26_Report_2026-08-05 (1).xlsx,,,,,,,,,,,,,,,,,,,,,,,,,SBICARD,669.4,5.85,0.88,22303200,39200,0.18,0.62,26.3,-1.13,14.30 - 62.50,35.70 / 37.21 / 37.50,24.9,47.97,-26.33,-29.32,-29.87,,,,,,,,,,,,,,,,,,,,,,,,,,
,,,,,,,,,,,,,,,,,,,IVR_IVP,IVR-IVP_25AUG26_Report_2026-08-05 (1).xlsx,,,,,,,,,,,,,,,,,,,,,,,,,SBILIFE,1880.4,11.2,0.6,5788125,-30375,-0.52,0.61,22.35,-2.02,8.10 - 40.80,22.97 / 26.52 / 24.94,43.58,73.58,-2.7,-15.72,-10.38,,,,,,,,,,,,,,,,,,,,,,,,,,
,,,,,,,,,,,,,,,,,,,IVR_IVP,IVR-IVP_25AUG26_Report_2026-08-05 (1).xlsx,,,,,,,,,,,,,,,,,,,,,,,,,SBIN,1050.7,10,0.96,82581000,148500,0.18,0.94,26.16,-1.32,9.74 - 37.31,20.27 / 23.56 / 22.59,59.56,82.11,29.06,11.04,15.8,,,,,,,,,,,,,,,,,,,,,,,,,,
,,,,,,,,,,,,,,,,,,,IVR_IVP,IVR-IVP_25AUG26_Report_2026-08-05 (1).xlsx,,,,,,,,,,,,,,,,,,,,,,,,,SENSEX,79106.95,461.95,0.59,36120,400,1.12,1.46,10.62,-2.21,7.66 - 41.34,13.09 / 15.66 / 14.60,8.79,39.84,-18.87,-32.18,-27.26,,,,,,,,,,,,,,,,,,,,,,,,,,
,,,,,,,,,,,,,,,,,,,IVR_IVP,IVR-IVP_25AUG26_Report_2026-08-05 (1).xlsx,,,,,,,,,,,,,,,,,,,,,,,,,SHREECEM,26970,160,0.6,371225,800,0.22,0.94,23.54,6.18,11.81 - 42.75,29.56 / 30.43 / 32.42,37.91,52.85,-20.37,-22.64,-27.39,,,,,,,,,,,,,,,,,,,,,,,,,,
,,,,,,,,,,,,,,,,,,,IVR_IVP,IVR-IVP_25AUG26_Report_2026-08-05 (1).xlsx,,,,,,,,,,,,,,,,,,,,,,,,,SHRIRAMFIN,1101.2,19.1,1.77,26640900,316800,1.2,0.59,29.87,-2.8,18.47 - 56.96,44.10 / 43.77 / 37.17,29.62,45.93,-32.27,-31.76,-19.64,,,,,,,,,,,,,,,,,,,,,,,,,,
,,,,,,,,,,,,,,,,,,,IVR_IVP,IVR-IVP_25AUG26_Report_2026-08-05 (1).xlsx,,,,,,,,,,,,,,,,,,,,,,,,,SIEMENS,4061.4,44.4,1.11,3478475,22400,0.65,0.75,38.38,2.13,14.00 - 71.99,31.15 / 26.20 / 30.69,42.04,86.59,23.21,46.49,25.06,,,,,,,,,,,,,,,,,,,,,,,,,,
,,,,,,,,,,,,,,,,,,,IVR_IVP,IVR-IVP_25AUG26_Report_2026-08-05 (1).xlsx,,,,,,,,,,,,,,,,,,,,,,,,,SOLARINDS,18789,-3,-0.02,790650,1200,0.15,0.78,34.67,-0.74,18.55 - 57.71,23.81 / 34.55 / 36.63,41.16,66.67,45.61,0.35,-5.35,,,,,,,,,,,,,,,,,,,,,,,,,,
,,,,,,,,,,,,,,,,,,,IVR_IVP,IVR-IVP_25AUG26_Report_2026-08-05 (1).xlsx,,,,,,,,,,,,,,,,,,,,,,,,,SONACOMS,792.1,6.65,0.85,10844925,20825,0.19,0.87,30.14,0.8,20.66 - 97.30,40.01 / 33.58 / 36.08,12.37,20.73,-24.67,-10.24,-16.46,,,,,,,,,,,,,,,,,,,,,,,,,,
,,,,,,,,,,,,,,,,,,,IVR_IVP,IVR-IVP_25AUG26_Report_2026-08-05 (1).xlsx,,,,,,,,,,,,,,,,,,,,,,,,,SRF,2639.1,3.8,0.14,4581600,8400,0.18,0.46,26.64,3.18,12.58 - 53.21,55.35 / 49.21 / 43.63,34.6,60.16,-51.87,-45.86,-38.94,,,,,,,,,,,,,,,,,,,,,,,,,,
,,,,,,,,,,,,,,,,,,,IVR_IVP,IVR-IVP_25AUG26_Report_2026-08-05 (1).xlsx,,,,,,,,,,,,,,,,,,,,,,,,,SUNPHARMA,1947.5,-14.2,-0.72,13835850,11200,0.08,0.58,18.98,5.27,8.21 - 34.78,17.34 / 19.14 / 17.32,40.53,71.95,9.46,-0.84,9.58,,,,,,,,,,,,,,,,,,,,,,,,,,
,,,,,,,,,,,,,,,,,,,IVR_IVP,IVR-IVP_25AUG26_Report_2026-08-05 (1).xlsx,,,,,,,,,,,,,,,,,,,,,,,,,SUPREMEIND,3500.6,-18.3,-0.52,2285150,2275,0.1,0.74,30.71,3.64,17.47 - 62.87,34.77 / 32.83 / 41.27,29.16,63.41,-11.68,-6.46,-25.59,,,,,,,,,,,,,,,,,,,,,,,,,,
,,,,,,,,,,,,,,,,,,,IVR_IVP,IVR-IVP_25AUG26_Report_2026-08-05 (1).xlsx,,,,,,,,,,,,,,,,,,,,,,,,,SUZLON,48.8,0.36,0.74,461060800,38100,0.01,0.49,37.02,-2.14,10.07 - 87.65,60.82 / 45.78 / 40.48,34.74,63.41,-39.13,-19.13,-8.55,,,,,,,,,,,,,,,,,,,,,,,,,,
,,,,,,,,,,,,,,,,,,,IVR_IVP,IVR-IVP_25AUG26_Report_2026-08-05 (1).xlsx,,,,,,,,,,,,,,,,,,,,,,,,,SWIGGY,290.55,0.9,0.31,66565050,301125,0.45,0.67,43.06,1.1,27.67 - 52.28,67.65 / 65.45 / 60.92,62.54,63.01,-36.35,-34.21,-29.32,,,,,,,,,,,,,,,,,,,,,,,,,,
,,,,,,,,,,,,,,,,,,,IVR_IVP,IVR-IVP_25AUG26_Report_2026-08-05 (1).xlsx,,,,,,,,,,,,,,,,,,,,,,,,,TATACONSUM,1092.9,3.6,0.33,15672250,9900,0.06,0.61,21.82,-2.81,15.48 - 41.34,32.39 / 28.32 / 29.98,24.52,50,-32.63,-22.95,-27.22,,,,,,,,,,,,,,,,,,,,,,,,,,
,,,,,,,,,,,,,,,,,,,IVR_IVP,IVR-IVP_25AUG26_Report_2026-08-05 (1).xlsx,,,,,,,,,,,,,,,,,,,,,,,,,TATAELXSI,3770.3,18.3,0.49,2382375,-5750,-0.24,0.6,32.31,1.44,14.13 - 58.57,35.11 / 43.53 / 45.12,40.91,54.88,-7.97,-25.78,-28.39,,,,,,,,,,,,,,,,,,,,,,,,,,
,,,,,,,,,,,,,,,,,,,IVR_IVP,IVR-IVP_25AUG26_Report_2026-08-05 (1).xlsx,,,,,,,,,,,,,,,,,,,,,,,,,TATAPOWER,383.8,1.4,0.37,62058550,-73950,-0.12,0.75,19.67,-1.16,12.26 - 51.71,19.07 / 19.88 / 20.51,18.78,26.02,3.15,-1.06,-4.1,,,,,,,,,,,,,,,,,,,,,,,,,,
,,,,,,,,,,,,,,,,,,,IVR_IVP,IVR-IVP_25AUG26_Report_2026-08-05 (1).xlsx,,,,,,,,,,,,,,,,,,,,,,,,,TATASTEEL,192.25,0.71,0.37,170090250,88000,0.05,0.73,23.26,0.35,10.03 - 42.90,22.65 / 21.76 / 23.04,40.25,37.4,2.69,6.89,0.95,,,,,,,,,,,,,,,,,,,,,,,,,,
,,,,,,,,,,,,,,,,,,,IVR_IVP,IVR-IVP_25AUG26_Report_2026-08-05 (1).xlsx,,,,,,,,,,,,,,,,,,,,,,,,,TCS,2450.3,-7.1,-0.29,30783825,31050,0.1,0.89,24.93,-2.04,10.28 - 37.75,44.27 / 42.27 / 44.55,53.33,58.13,-43.69,-41.02,-44.04,,,,,,,,,,,,,,,,,,,,,,,,,,
,,,,,,,,,,,,,,,,,,,IVR_IVP,IVR-IVP_25AUG26_Report_2026-08-05 (1).xlsx,,,,,,,,,,,,,,,,,,,,,,,,,TECHM,1654.2,2.3,0.14,17122200,-10800,-0.06,0.65,25.92,-1.03,9.15 - 40.19,27.29 / 30.86 / 36.87,54.03,50,-5.02,-16.01,-29.7,,,,,,,,,,,,,,,,,,,,,,,,,,
,,,,,,,,,,,,,,,,,,,IVR_IVP,IVR-IVP_25AUG26_Report_2026-08-05 (1).xlsx,,,,,,,,,,,,,,,,,,,,,,,,,TIINDIA,2799.1,50.3,1.83,2247000,-10600,-0.47,0.69,38.78,2.73,15.40 - 45.55,39.65 / 32.07 / 33.74,77.55,89.43,-2.19,20.92,14.94,,,,,,,,,,,,,,,,,,,,,,,,,,
,,,,,,,,,,,,,,,,,,,IVR_IVP,IVR-IVP_25AUG26_Report_2026-08-05 (1).xlsx,,,,,,,,,,,,,,,,,,,,,,,,,TITAN,4906,8.3,0.17,5251575,2100,0.04,0.77,23.81,0.38,7.46 - 38.76,23.39 / 18.23 / 21.83,52.24,74.8,1.8,30.61,9.07,,,,,,,,,,,,,,,,,,,,,,,,,,
,,,,,,,,,,,,,,,,,,,IVR_IVP,IVR-IVP_25AUG26_Report_2026-08-05 (1).xlsx,,,,,,,,,,,,,,,,,,,,,,,,,TMPV,352,6.05,1.75,74436800,-256000,-0.34,0.8,33.45,-0.51,15.47 - 44.77,28.57 / 29.46 / 28.81,61.37,71.88,17.08,13.54,16.11,,,,,,,,,,,,,,,,,,,,,,,,,,
,,,,,,,,,,,,,,,,,,,IVR_IVP,IVR-IVP_25AUG26_Report_2026-08-05 (1).xlsx,,,,,,,,,,,,,,,,,,,,,,,,,TORNTPHARM,5010.5,-54,-1.07,3643625,7000,0.19,0.56,25.48,7.1,10.90 - 56.54,40.60 / 41.44 / 36.27,31.95,75.2,-37.24,-38.51,-29.75,,,,,,,,,,,,,,,,,,,,,,,,,,
,,,,,,,,,,,,,,,,,,,IVR_IVP,IVR-IVP_25AUG26_Report_2026-08-05 (1).xlsx,,,,,,,,,,,,,,,,,,,,,,,,,TRENT,3124.2,43.4,1.41,10530450,-8775,-0.08,0.77,35.79,2.26,16.48 - 59.18,20.62 / 22.19 / 50.05,45.22,89.43,73.57,61.29,-28.49,,,,,,,,,,,,,,,,,,,,,,,,,,
,,,,,,,,,,,,,,,,,,,IVR_IVP,IVR-IVP_25AUG26_Report_2026-08-05 (1).xlsx,,,,,,,,,,,,,,,,,,,,,,,,,TVSMOTOR,4431.5,61.6,1.41,8989400,61075,0.68,1.05,26.47,2.52,14.16 - 41.67,31.59 / 38.50 / 38.60,44.75,67.07,-16.21,-31.25,-31.42,,,,,,,,,,,,,,,,,,,,,,,,,,
,,,,,,,,,,,,,,,,,,,IVR_IVP,IVR-IVP_25AUG26_Report_2026-08-05 (1).xlsx,,,,,,,,,,,,,,,,,,,,,,,,,ULTRACEMCO,12075,67,0.56,1606350,1350,0.08,0.53,19.35,0.16,12.30 - 47.01,16.93 / 24.91 / 23.25,20.31,47.15,14.29,-22.32,-16.77,,,,,,,,,,,,,,,,,,,,,,,,,,
,,,,,,,,,,,,,,,,,,,IVR_IVP,IVR-IVP_25AUG26_Report_2026-08-05 (1).xlsx,,,,,,,,,,,,,,,,,,,,,,,,,UNIONBANK,178.12,3.88,2.23,118337775,247800,0.21,0.89,31.59,5.3,12.77 - 48.98,28.42 / 43.06 / 43.08,51.97,58.54,11.15,-26.64,-26.67,,,,,,,,,,,,,,,,,,,,,,,,,,
,,,,,,,,,,,,,,,,,,,IVR_IVP,IVR-IVP_25AUG26_Report_2026-08-05 (1).xlsx,,,,,,,,,,,,,,,,,,,,,,,,,UNITDSPR,1531,-4.6,-0.3,7652400,3600,0.05,0.91,23.09,1.36,16.23 - 37.59,24.67 / 26.14 / 27.36,32.12,57.32,-6.4,-11.67,-15.61,,,,,,,,,,,,,,,,,,,,,,,,,,
,,,,,,,,,,,,,,,,,,,IVR_IVP,IVR-IVP_25AUG26_Report_2026-08-05 (1).xlsx,,,,,,,,,,,,,,,,,,,,,,,,,UNOMINDA,1271.9,39.3,3.19,4704150,41250,0.88,0.73,32.68,-0.49,13.16 - 45.98,25.73 / 23.92 / 29.23,59.48,63.82,27.01,36.62,11.8,,,,,,,,,,,,,,,,,,,,,,,,,,
,,,,,,,,,,,,,,,,,,,IVR_IVP,IVR-IVP_25AUG26_Report_2026-08-05 (1).xlsx,,,,,,,,,,,,,,,,,,,,,,,,,UPL,580.7,-4.35,-0.74,33748985,296745,0.89,0.49,28.96,0.42,13.55 - 62.38,45.48 / 44.22 / 43.58,31.56,71.54,-36.32,-34.51,-33.55,,,,,,,,,,,,,,,,,,,,,,,,,,
,,,,,,,,,,,,,,,,,,,IVR_IVP,IVR-IVP_25AUG26_Report_2026-08-05 (1).xlsx,,,,,,,,,,,,,,,,,,,,,,,,,VBL,445.15,2.85,0.64,54503700,73950,0.14,0.47,28.71,3.24,12.54 - 58.48,56.87 / 42.13 / 38.70,35.2,60.16,-49.52,-31.85,-25.81,,,,,,,,,,,,,,,,,,,,,,,,,,
,,,,,,,,,,,,,,,,,,,IVR_IVP,IVR-IVP_25AUG26_Report_2026-08-05 (1).xlsx,,,,,,,,,,,,,,,,,,,,,,,,,VEDL,270.7,1.05,0.39,50516050,175950,0.35,0.56,30.58,0.3,0.41 - 50.83,23.71 / 28.41 / 42.08,59.84,45.93,28.98,7.64,-27.33,,,,,,,,,,,,,,,,,,,,,,,,,,
,,,,,,,,,,,,,,,,,,,IVR_IVP,IVR-IVP_25AUG26_Report_2026-08-05 (1).xlsx,,,,,,,,,,,,,,,,,,,,,,,,,VMM,110.51,-1.35,-1.21,47331150,276450,0.59,0.59,30.09,0.53,25.31 - 62.92,34.62 / 31.48 / 32.20,12.71,16.47,-13.08,-4.42,-6.55,,,,,,,,,,,,,,,,,,,,,,,,,,
,,,,,,,,,,,,,,,,,,,IVR_IVP,IVR-IVP_25AUG26_Report_2026-08-05 (1).xlsx,,,,,,,,,,,,,,,,,,,,,,,,,VOLTAS,1317,-3.6,-0.27,7073250,31125,0.44,0.98,36.52,2.73,16.09 - 53.68,27.57 / 34.51 / 30.12,54.35,82.52,32.46,5.82,21.25,,,,,,,,,,,,,,,,,,,,,,,,,,
,,,,,,,,,,,,,,,,,,,IVR_IVP,IVR-IVP_25AUG26_Report_2026-08-05 (1).xlsx,,,,,,,,,,,,,,,,,,,,,,,,,WAAREEENER,2696.6,14.6,0.54,7449750,-6825,-0.09,0.57,30.04,-1.86,20.66 - 65.89,34.97 / 32.21 / 31.79,20.74,21.23,-14.1,-6.74,-5.5,,,,,,,,,,,,,,,,,,,,,,,,,,
,,,,,,,,,,,,,,,,,,,IVR_IVP,IVR-IVP_25AUG26_Report_2026-08-05 (1).xlsx,,,,,,,,,,,,,,,,,,,,,,,,,WIPRO,188.56,0.11,0.06,215580000,-39000,-0.02,0.69,27.19,2.26,13.16 - 41.85,25.24 / 23.81 / 27.18,48.9,61.38,7.73,14.2,0.04,,,,,,,,,,,,,,,,,,,,,,,,,,
,,,,,,,,,,,,,,,,,,,IVR_IVP,IVR-IVP_25AUG26_Report_2026-08-05 (1).xlsx,,,,,,,,,,,,,,,,,,,,,,,,,YESBANK,23.11,0.2,0.87,1171941300,62200,0.01,0.61,26.02,-2.98,11.97 - 43.39,15.69 / 21.74 / 24.79,44.72,33.74,65.84,19.69,4.96,,,,,,,,,,,,,,,,,,,,,,,,,,
,,,,,,,,,,,,,,,,,,,IVR_IVP,IVR-IVP_25AUG26_Report_2026-08-05 (1).xlsx,,,,,,,,,,,,,,,,,,,,,,,,,ZYDUSLIFE,1111.8,-7.7,-0.69,10031400,37800,0.38,0.72,30.28,0.33,13.77 - 38.88,21.30 / 20.18 / 24.39,65.75,93.09,42.16,50.05,24.15,,,,,,,,,,,,,,,,,,,,,,,,,,
,,,,,,,,,,,,,,,,,,,IVR_IVP,IVR-IVP_25AUG26_Report_2026-08-05 (2).xlsx,,,,,,,,,,,,,,,,,,,,,,,,,Symbol,Price,Price Chg,Price Chg (%),Total OI,Total OI Chg,Total OI Chg (%),PCR,IV,IV Chg (%),IV Range (1Yr),HV (10/20/30 Days),IVR,IVP,IV/HV10 %,IV/HV20 %,IV/HV30 %,,,,,,,,,,,,,,,,,,,,,,,,,,
,,,,,,,,,,,,,,,,,,,IVR_IVP,IVR-IVP_25AUG26_Report_2026-08-05 (2).xlsx,,,,,,,,,,,,,,,,,,,,,,,,,360ONE,1186.9,22,1.89,4134000,19000,0.46,0.57,32.7,-0.12,12.77 - 60.46,34.45 / 39.34 / 37.50,41.79,68.7,-5.08,-16.88,-12.8,,,,,,,,,,,,,,,,,,,,,,,,,,
,,,,,,,,,,,,,,,,,,,IVR_IVP,IVR-IVP_25AUG26_Report_2026-08-05 (2).xlsx,,,,,,,,,,,,,,,,,,,,,,,,,ABB,7733.5,40,0.52,2162500,3125,0.14,0.58,32.51,4.07,12.82 - 55.54,33.09 / 43.74 / 40.12,46.09,74.8,-1.75,-25.67,-18.97,,,,,,,,,,,,,,,,,,,,,,,,,,
,,,,,,,,,,,,,,,,,,,IVR_IVP,IVR-IVP_25AUG26_Report_2026-08-05 (2).xlsx,,,,,,,,,,,,,,,,,,,,,,,,,ABCAPITAL,425.1,6.6,1.58,37317800,151900,0.41,0.72,28.93,6.36,17.61 - 49.88,45.78 / 44.46 / 40.55,35.08,43.09,-36.81,-34.93,-28.66,,,,,,,,,,,,,,,,,,,,,,,,,,
,,,,,,,,,,,,,,,,,,,IVR_IVP,IVR-IVP_25AUG26_Report_2026-08-05 (2).xlsx,,,,,,,,,,,,,,,,,,,,,,,,,ADANIENSOL,1656.9,9.4,0.57,19381950,39150,0.2,0.58,31.35,-4.07,15.92 - 70.07,26.11 / 28.84 / 31.36,28.49,28.86,20.07,8.7,-0.03,,,,,,,,,,,,,,,,,,,,,,,,,,
,,,,,,,,,,,,,,,,,,,IVR_IVP,IVR-IVP_25AUG26_Report_2026-08-05 (2).xlsx,,,,,,,,,,,,,,,,,,,,,,,,,ADANIENT,3087.3,43.2,1.42,15735207,-119583,-0.75,0.82,28.8,-5.39,13.70 - 55.87,33.31 / 28.55 / 36.09,35.81,38.21,-13.54,0.88,-20.2,,,,,,,,,,,,,,,,,,,,,,,,,,
,,,,,,,,,,,,,,,,,,,IVR_IVP,IVR-IVP_25AUG26_Report_2026-08-05 (2).xlsx,,,,,,,,,,,,,,,,,,,,,,,,,ADANIGREEN,1400.4,8,0.57,26541000,50400,0.19,0.61,35.71,-0.45,15.79 - 97.29,48.67 / 45.76 / 40.92,24.44,31.71,-26.63,-21.96,-12.73,,,,,,,,,,,,,,,,,,,,,,,,,,
,,,,,,,,,,,,,,,,,,,IVR_IVP,IVR-IVP_25AUG26_Report_2026-08-05 (2).xlsx,,,,,,,,,,,,,,,,,,,,,,,,,ADANIPORTS,1710,10.6,0.62,20746575,41800,0.2,0.57,25.75,-0.54,12.26 - 48.61,32.28 / 27.44 / 28.71,37.11,59.76,-20.23,-6.16,-10.31,,,,,,,,,,,,,,,,,,,,,,,,,,
,,,,,,,,,,,,,,,,,,,IVR_IVP,IVR-IVP_25AUG26_Report_2026-08-05 (2).xlsx,,,,,,,,,,,,,,,,,,,,,,,,,ADANIPOWER,211.34,0.46,0.22,156831900,149100,0.1,0.62,35.45,3.29,22.32 - 78.01,27.33 / 35.90 / 30.64,23.58,12.94,29.71,-1.25,15.7,,,,,,,,,,,,,,,,,,,,,,,,,,
,,,,,,,,,,,,,,,,,,,IVR_IVP,IVR-IVP_25AUG26_Report_2026-08-05 (2).xlsx,,,,,,,,,,,,,,,,,,,,,,,,,ALKEM,5618,-62,-1.09,1399750,1875,0.13,0.51,30.37,-0.33,13.41 - 40.78,24.82 / 24.83 / 23.81,61.97,89.43,22.36,22.31,27.55,,,,,,,,,,,,,,,,,,,,,,,,,,
,,,,,,,,,,,,,,,,,,,IVR_IVP,IVR-IVP_25AUG26_Report_2026-08-05 (2).xlsx,,,,,,,,,,,,,,,,,,,,,,,,,AMBER,7485,89.5,1.21,1228300,-8400,-0.68,1.25,38.22,-0.47,16.81 - 64.03,26.84 / 33.42 / 32.52,45.34,73.98,42.4,14.36,17.53,,,,,,,,,,,,,,,,,,,,,,,,,,
,,,,,,,,,,,,,,,,,,,IVR_IVP,IVR-IVP_25AUG26_Report_2026-08-05 (2).xlsx,,,,,,,,,,,,,,,,,,,,,,,,,AMBUJACEM,445.85,5.9,1.34,79954800,175200,0.22,0.67,25.73,5.84,15.18 - 45.11,33.07 / 30.98 / 33.25,35.25,58.54,-22.2,-16.95,-22.62,,,,,,,,,,,,,,,,,,,,,,,,,,
,,,,,,,,,,,,,,,,,,,IVR_IVP,IVR-IVP_25AUG26_Report_2026-08-05 (2).xlsx,,,,,,,,,,,,,,,,,,,,,,,,,ANGELONE,299.15,-1.2,-0.4,28530000,435000,1.55,0.56,36.2,-0.69,17.39 - 57.96,34.94 / 36.42 / 37.60,46.36,39.02,3.61,-0.6,-3.72,,,,,,,,,,,,,,,,,,,,,,,,,,
,,,,,,,,,,,,,,,,,,,IVR_IVP,IVR-IVP_25AUG26_Report_2026-08-05 (2).xlsx,,,,,,,,,,,,,,,,,,,,,,,,,APLAPOLLO,1917.7,-12.8,-0.66,5577950,-3500,-0.06,0.89,26.31,0.61,8.20 - 40.75,50.88 / 39.73 / 33.56,55.64,63.41,-48.29,-33.78,-21.6,,,,,,,,,,,,,,,,,,,,,,,,,,
,,,,,,,,,,,,,,,,,,,IVR_IVP,IVR-IVP_25AUG26_Report_2026-08-05 (2).xlsx,,,,,,,,,,,,,,,,,,,,,,,,,APOLLOHOSP,8867.5,-18.5,-0.21,1957375,17375,0.9,0.64,25.11,3.38,9.79 - 47.61,21.43 / 18.19 / 17.59,40.51,83.74,17.17,38.04,42.75,,,,,,,,,,,,,,,,,,,,,,,,,,
,,,,,,,,,,,,,,,,,,,IVR_IVP,IVR-IVP_25AUG26_Report_2026-08-05 (2).xlsx,,,,,,,,,,,,,,,,,,,,,,,,,ASHOKLEY,177.33,4.05,2.34,143570000,1295000,0.91,0.92,35.21,3.74,14.12 - 47.87,46.10 / 43.85 / 43.20,62.49,73.17,-23.62,-19.7,-18.5,,,,,,,,,,,,,,,,,,,,,,,,,,
,,,,,,,,,,,,,,,,,,,IVR_IVP,IVR-IVP_25AUG26_Report_2026-08-05 (2).xlsx,,,,,,,,,,,,,,,,,,,,,,,,,ASIANPAINT,2769,21.7,0.79,7461250,51250,0.69,0.71,22.43,-1.97,8.53 - 37.24,26.42 / 22.57 / 22.33,48.42,60.98,-15.1,-0.62,0.45,,,,,,,,,,,,,,,,,,,,,,,,,,
,,,,,,,,,,,,,,,,,,,IVR_IVP,IVR-IVP_25AUG26_Report_2026-08-05 (2).xlsx,,,,,,,,,,,,,,,,,,,,,,,,,ASTRAL,1437.1,-1.2,-0.08,7089850,7650,0.11,0.66,32.01,1.01,13.79 - 52.12,29.55 / 26.36 / 41.01,47.53,79.67,8.32,21.43,-21.95,,,,,,,,,,,,,,,,,,,,,,,,,,
,,,,,,,,,,,,,,,,,,,IVR_IVP,IVR-IVP_25AUG26_Report_2026-08-05 (2).xlsx,,,,,,,,,,,,,,,,,,,,,,,,,AUBANK,1055.4,11.2,1.07,21923000,13000,0.06,0.72,24.01,-1.52,16.29 - 74.08,39.09 / 37.69 / 36.48,13.36,28.86,-38.58,-36.3,-34.18,,,,,,,,,,,,,,,,,,,,,,,,,,
,,,,,,,,,,,,,,,,,,,IVR_IVP,IVR-IVP_25AUG26_Report_2026-08-05 (2).xlsx,,,,,,,,,,,,,,,,,,,,,,,,,AUROPHARMA,1583.1,-5.5,-0.35,10688700,37950,0.36,0.71,32.76,-0.58,16.22 - 48.20,31.99 / 27.80 / 30.61,51.72,87.8,2.41,17.84,7.02,,,,,,,,,,,,,,,,,,,,,,,,,,
,,,,,,,,,,,,,,,,,,,IVR_IVP,IVR-IVP_25AUG26_Report_2026-08-05 (2).xlsx,,,,,,,,,,,,,,,,,,,,,,,,,AXISBANK,1259.3,7.3,0.58,80531250,-1875,0,0.71,18.81,-0.05,12.00 - 40.40,27.06 / 33.83 / 29.82,23.98,46.75,-30.49,-44.4,-36.92,,,,,,,,,,,,,,,,,,,,,,,,,,
,,,,,,,,,,,,,,,,,,,IVR_IVP,IVR-IVP_25AUG26_Report_2026-08-05 (2).xlsx,,,,,,,,,,,,,,,,,,,,,,,,,BAJAJ-AUTO,11660,61,0.53,1867500,4875,0.26,1.61,22.23,0.23,13.51 - 35.33,43.40 / 35.03 / 34.35,39.96,50,-48.78,-36.54,-35.28,,,,,,,,,,,,,,,,,,,,,,,,,,
,,,,,,,,,,,,,,,,,,,IVR_IVP,IVR-IVP_25AUG26_Report_2026-08-05 (2).xlsx,,,,,,,,,,,,,,,,,,,,,,,,,BAJAJFINSV,2108.9,25.4,1.22,8030400,57000,0.71,0.93,22.15,-1.47,12.73 - 35.42,43.60 / 36.92 / 33.66,41.52,61.38,-49.2,-40.01,-34.19,,,,,,,,,,,,,,,,,,,,,,,,,,
,,,,,,,,,,,,,,,,,,,IVR_IVP,IVR-IVP_25AUG26_Report_2026-08-05 (2).xlsx,,,,,,,,,,,,,,,,,,,,,,,,,BAJAJHLDNG,11576,234,2.06,357825,2025,0.57,0.74,29.43,3.37,21.22 - 61.59,25.32 / 32.64 / 30.98,20.34,44.52,16.23,-9.83,-5,,,,,,,,,,,,,,,,,,,,,,,,,,
,,,,,,,,,,,,,,,,,,,IVR_IVP,IVR-IVP_25AUG26_Report_2026-08-05 (2).xlsx,,,,,,,,,,,,,,,,,,,,,,,,,BAJFINANCE,1157.5,12.6,1.1,54054000,218250,0.41,0.99,24.4,-0.57,16.72 - 42.85,59.89 / 46.56 / 40.11,29.39,44.72,-59.26,-47.59,-39.17,,,,,,,,,,,,,,,,,,,,,,,,,,
,,,,,,,,,,,,,,,,,,,IVR_IVP,IVR-IVP_25AUG26_Report_2026-08-05 (2).xlsx,,,,,,,,,,,,,,,,,,,,,,,,,BANDHANBNK,174.51,1.26,0.73,132530400,-489600,-0.37,0.53,34.81,-0.63,12.67 - 79.07,108.69 / 86.21 / 74.01,33.34,58.54,-67.97,-59.62,-52.97,,,,,,,,,,,,,,,,,,,,,,,,,,
,,,,,,,,,,,,,,,,,,,IVR_IVP,IVR-IVP_25AUG26_Report_2026-08-05 (2).xlsx,,,,,,,,,,,,,,,,,,,,,,,,,BANKBARODA,250.24,3.6,1.46,130150800,-242775,-0.19,0.95,26.03,-0.04,13.00 - 48.13,25.86 / 33.12 / 34.13,37.09,52.85,0.66,-21.41,-23.73,,,,,,,,,,,,,,,,,,,,,,,,,,
,,,,,,,,,,,,,,,,,,,IVR_IVP,IVR-IVP_25AUG26_Report_2026-08-05 (2).xlsx,,,,,,,,,,,,,,,,,,,,,,,,,BANKINDIA,142.79,2.55,1.82,94364400,-1794000,-1.87,0.85,31.8,1.66,14.29 - 59.98,29.30 / 43.36 / 39.23,38.32,55.69,8.53,-26.66,-18.94,,,,,,,,,,,,,,,,,,,,,,,,,,
,,,,,,,,,,,,,,,,,,,IVR_IVP,IVR-IVP_25AUG26_Report_2026-08-05 (2).xlsx,,,,,,,,,,,,,,,,,,,,,,,,,BANKNIFTY,58100,383.6,0.66,2123280,-24630,-1.15,0.87,12.15,-4.18,6.65 - 38.76,17.09 / 20.35 / 18.76,17.13,52.85,-28.91,-40.29,-35.23,,,,,,,,,,,,,,,,,,,,,,,,,,
,,,,,,,,,,,,,,,,,,,IVR_IVP,IVR-IVP_25AUG26_Report_2026-08-05 (2).xlsx,,,,,,,,,,,,,,,,,,,,,,,,,BDL,1268.1,13.2,1.05,7140000,-52275,-0.73,0.8,39.52,0.05,17.11 - 53.54,20.10 / 28.20 / 27.84,61.52,72.36,96.62,40.14,41.95,,,,,,,,,,,,,,,,,,,,,,,,,,
,,,,,,,,,,,,,,,,,,,IVR_IVP,IVR-IVP_25AUG26_Report_2026-08-05 (2).xlsx,,,,,,,,,,,,,,,,,,,,,,,,,BEL,392.4,0.15,0.04,103120125,-5700,-0.01,0.59,24.95,0.24,15.33 - 59.83,29.42 / 26.29 / 26.42,21.62,46.75,-15.19,-5.1,-5.56,,,,,,,,,,,,,,,,,,,,,,,,,,
,,,,,,,,,,,,,,,,,,,IVR_IVP,IVR-IVP_25AUG26_Report_2026-08-05 (2).xlsx,,,,,,,,,,,,,,,,,,,,,,,,,BHARATFORG,2224,29,1.32,7809000,23500,0.3,0.85,33.04,-0.69,16.12 - 46.76,18.30 / 24.71 / 25.45,55.22,75.61,80.55,33.71,29.82,,,,,,,,,,,,,,,,,,,,,,,,,,
,,,,,,,,,,,,,,,,,,,IVR_IVP,IVR-IVP_25AUG26_Report_2026-08-05 (2).xlsx,,,,,,,,,,,,,,,,,,,,,,,,,BHARTIARTL,1966.8,2.5,0.13,55092875,590425,1.08,0.49,19.38,-6.2,8.38 - 28.10,21.10 / 23.46 / 22.11,55.78,74.39,-8.15,-17.39,-12.35,,,,,,,,,,,,,,,,,,,,,,,,,,
,,,,,,,,,,,,,,,,,,,IVR_IVP,IVR-IVP_25AUG26_Report_2026-08-05 (2).xlsx,,,,,,,,,,,,,,,,,,,,,,,,,BHEL,414.7,4.4,1.07,80430000,-18375,-0.02,0.64,34.8,3.29,19.15 - 54.97,24.91 / 39.16 / 41.80,43.69,68.29,39.7,-11.13,-16.75,,,,,,,,,,,,,,,,,,,,,,,,,,
,,,,,,,,,,,,,,,,,,,IVR_IVP,IVR-IVP_25AUG26_Report_2026-08-05 (2).xlsx,,,,,,,,,,,,,,,,,,,,,,,,,BIOCON,427.95,2,0.47,47422500,45000,0.09,0.73,30.65,-1.67,15.85 - 43.30,11.90 / 37.92 / 35.30,53.92,72.76,157.56,-19.17,-13.17,,,,,,,,,,,,,,,,,,,,,,,,,,
,,,,,,,,,,,,,,,,,,,IVR_IVP,IVR-IVP_25AUG26_Report_2026-08-05 (2).xlsx,,,,,,,,,,,,,,,,,,,,,,,,,BLUESTARCO,1698.3,29.4,1.76,3446300,12675,0.37,0.9,38.71,1.12,13.03 - 50.57,34.27 / 37.60 / 31.81,68.41,84.96,12.96,2.95,21.69,,,,,,,,,,,,,,,,,,,,,,,,,,
,,,,,,,,,,,,,,,,,,,IVR_IVP,IVR-IVP_25AUG26_Report_2026-08-05 (2).xlsx,,,,,,,,,,,,,,,,,,,,,,,,,BOSCHLTD,42500,1050,2.53,208350,925,0.45,1.27,31.95,7.94,10.01 - 46.12,21.68 / 17.97 / 18.91,60.76,81.3,47.37,77.8,68.96,,,,,,,,,,,,,,,,,,,,,,,,,,
,,,,,,,,,,,,,,,,,,,IVR_IVP,IVR-IVP_25AUG26_Report_2026-08-05 (2).xlsx,,,,,,,,,,,,,,,,,,,,,,,,,BPCL,327.05,5.25,1.63,39693550,110600,0.28,0.72,27.68,-0.9,15.82 - 51.03,32.20 / 29.20 / 29.79,33.68,47.97,-14.04,-5.21,-7.08,,,,,,,,,,,,,,,,,,,,,,,,,,
,,,,,,,,,,,,,,,,,,,IVR_IVP,IVR-IVP_25AUG26_Report_2026-08-05 (2).xlsx,,,,,,,,,,,,,,,,,,,,,,,,,BRITANNIA,5423.5,-1,-0.02,1887500,11750,0.63,0.68,27.84,2.5,12.58 - 34.32,25.45 / 23.72 / 24.58,70.19,91.06,9.39,17.37,13.26,,,,,,,,,,,,,,,,,,,,,,,,,,
,,,,,,,,,,,,,,,,,,,IVR_IVP,IVR-IVP_25AUG26_Report_2026-08-05 (2).xlsx,,,,,,,,,,,,,,,,,,,,,,,,,BSE,3590.6,-14.6,-0.4,9091200,601800,7.09,0.59,37.58,-12.81,19.55 - 61.04,35.20 / 31.62 / 31.30,43.46,47.15,6.76,18.85,20.06,,,,,,,,,,,,,,,,,,,,,,,,,,
,,,,,,,,,,,,,,,,,,,IVR_IVP,IVR-IVP_25AUG26_Report_2026-08-05 (2).xlsx,,,,,,,,,,,,,,,,,,,,,,,,,CAMS,812.15,4.55,0.56,7373025,-37950,-0.51,0.52,28.97,-0.03,17.15 - 55.72,29.72 / 36.11 / 31.76,30.65,53.25,-2.52,-19.77,-8.78,,,,,,,,,,,,,,,,,,,,,,,,,,
,,,,,,,,,,,,,,,,,,,IVR_IVP,IVR-IVP_25AUG26_Report_2026-08-05 (2).xlsx,,,,,,,,,,,,,,,,,,,,,,,,,CANBK,130.14,2.17,1.7,384594750,-67500,-0.02,0.8,29.35,1.1,15.88 - 49.71,22.96 / 34.17 / 31.77,39.82,52.85,27.83,-14.11,-7.62,,,,,,,,,,,,,,,,,,,,,,,,,,
,,,,,,,,,,,,,,,,,,,IVR_IVP,IVR-IVP_25AUG26_Report_2026-08-05 (2).xlsx,,,,,,,,,,,,,,,,,,,,,,,,,CDSL,1345.4,5.6,0.42,10426725,35625,0.34,0.7,30.24,-4.24,18.00 - 52.52,20.49 / 40.53 / 35.47,35.46,50,47.58,-25.39,-14.74,,,,,,,,,,,,,,,,,,,,,,,,,,
,,,,,,,,,,,,,,,,,,,IVR_IVP,IVR-IVP_25AUG26_Report_2026-08-05 (2).xlsx,,,,,,,,,,,,,,,,,,,,,,,,,CGPOWER,887,4.7,0.53,20120350,124950,0.62,0.61,34.01,0.71,16.26 - 49.94,65.58 / 47.44 / 51.43,52.7,67.48,-48.14,-28.31,-33.87,,,,,,,,,,,,,,,,,,,,,,,,,,
,,,,,,,,,,,,,,,,,,,IVR_IVP,IVR-IVP_25AUG26_Report_2026-08-05 (2).xlsx,,,,,,,,,,,,,,,,,,,,,,,,,CHOLAFIN,1888.3,20.3,1.09,13053750,160625,1.25,0.9,30.29,0.26,15.00 - 65.38,44.47 / 41.32 / 38.38,30.35,69.92,-31.89,-26.69,-21.08,,,,,,,,,,,,,,,,,,,,,,,,,,
,,,,,,,,,,,,,,,,,,,IVR_IVP,IVR-IVP_25AUG26_Report_2026-08-05 (2).xlsx,,,,,,,,,,,,,,,,,,,,,,,,,CIPLA,1449.3,-10.5,-0.72,8901625,11050,0.12,0.71,21.13,6.13,7.76 - 46.04,26.30 / 21.97 / 19.83,34.93,54.88,-19.66,-3.82,6.56,,,,,,,,,,,,,,,,,,,,,,,,,,
,,,,,,,,,,,,,,,,,,,IVR_IVP,IVR-IVP_25AUG26_Report_2026-08-05 (2).xlsx,,,,,,,,,,,,,,,,,,,,,,,,,COALINDIA,415.15,-1,-0.24,74853450,55350,0.07,0.71,19.66,1.03,9.08 - 45.52,28.46 / 20.36 / 20.91,29.03,47.56,-30.92,-3.44,-5.98,,,,,,,,,,,,,,,,,,,,,,,,,,
,,,,,,,,,,,,,,,,,,,IVR_IVP,IVR-IVP_25AUG26_Report_2026-08-05 (2).xlsx,,,,,,,,,,,,,,,,,,,,,,,,,COCHINSHIP,1447.8,6.9,0.48,5205200,-8000,-0.15,0.83,31.26,-0.98,15.66 - 61.29,28.85 / 25.83 / 34.28,34.19,21.18,8.35,21.02,-8.81,,,,,,,,,,,,,,,,,,,,,,,,,,
,,,,,,,,,,,,,,,,,,,IVR_IVP,IVR-IVP_25AUG26_Report_2026-08-05 (2).xlsx,,,,,,,,,,,,,,,,,,,,,,,,,COFORGE,1762.5,12.8,0.73,13391200,-63175,-0.47,0.99,33.17,1.65,14.76 - 100.42,70.16 / 58.14 / 57.16,21.49,38.21,-52.72,-42.95,-41.97,,,,,,,,,,,,,,,,,,,,,,,,,,
,,,,,,,,,,,,,,,,,,,IVR_IVP,IVR-IVP_25AUG26_Report_2026-08-05 (2).xlsx,,,,,,,,,,,,,,,,,,,,,,,,,COLPAL,2039.7,12.7,0.63,5034975,8250,0.16,0.47,23.74,0.3,14.77 - 49.18,36.23 / 35.51 / 32.84,26.07,59.76,-34.47,-33.15,-27.71,,,,,,,,,,,,,,,,,,,,,,,,,,
,,,,,,,,,,,,,,,,,,,IVR_IVP,IVR-IVP_25AUG26_Report_2026-08-05 (2).xlsx,,,,,,,,,,,,,,,,,,,,,,,,,CONCOR,523.9,5.3,1.02,21495000,3750,0.02,0.7,27.05,2.73,14.61 - 80.26,49.10 / 50.06 / 43.14,18.95,64.23,-44.91,-45.96,-37.3,,,,,,,,,,,,,,,,,,,,,,,,,,
,,,,,,,,,,,,,,,,,,,IVR_IVP,IVR-IVP_25AUG26_Report_2026-08-05 (2).xlsx,,,,,,,,,,,,,,,,,,,,,,,,,CROMPTON,269.3,3,1.13,60094650,40850,0.07,0.58,40.94,-0.29,15.15 - 43.83,49.04 / 39.90 / 34.84,89.92,91.87,-16.52,2.61,17.51,,,,,,,,,,,,,,,,,,,,,,,,,,
,,,,,,,,,,,,,,,,,,,IVR_IVP,IVR-IVP_25AUG26_Report_2026-08-05 (2).xlsx,,,,,,,,,,,,,,,,,,,,,,,,,CUMMINSIND,5576.5,66,1.2,4071400,6400,0.16,0.96,37.4,2.97,15.05 - 37.75,26.40 / 25.55 / 28.92,98.46,99.59,41.67,46.38,29.32,,,,,,,,,,,,,,,,,,,,,,,,,,
,,,,,,,,,,,,,,,,,,,IVR_IVP,IVR-IVP_25AUG26_Report_2026-08-05 (2).xlsx,,,,,,,,,,,,,,,,,,,,,,,,,DABUR,410.25,1.3,0.32,29048750,273750,0.95,0.61,23.95,-0.33,13.58 - 33.00,31.75 / 27.98 / 31.61,53.4,68.7,-24.57,-14.4,-24.23,,,,,,,,,,,,,,,,,,,,,,,,,,
,,,,,,,,,,,,,,,,,,,IVR_IVP,IVR-IVP_25AUG26_Report_2026-08-05 (2).xlsx,,,,,,,,,,,,,,,,,,,,,,,,,DALBHARAT,1831,13.2,0.73,3763825,2275,0.06,0.9,25.59,-0.89,13.87 - 79.50,26.33 / 33.79 / 31.79,17.86,46.34,-2.81,-24.27,-19.5,,,,,,,,,,,,,,,,,,,,,,,,,,
,,,,,,,,,,,,,,,,,,,IVR_IVP,IVR-IVP_25AUG26_Report_2026-08-05 (2).xlsx,,,,,,,,,,,,,,,,,,,,,,,,,DELHIVERY,469.55,-2,-0.42,27761425,51875,0.19,0.72,41.43,2.37,18.50 - 49.76,38.96 / 35.35 / 43.25,73.35,96.75,6.34,17.2,-4.21,,,,,,,,,,,,,,,,,,,,,,,,,,
,,,,,,,,,,,,,,,,,,,IVR_IVP,IVR-IVP_25AUG26_Report_2026-08-05 (2).xlsx,,,,,,,,,,,,,,,,,,,,,,,,,DIVISLAB,8424.5,-10.5,-0.12,3556700,14500,0.41,1.06,24.15,2.99,6.18 - 50.03,53.04 / 40.25 / 36.93,40.98,58.94,-54.47,-40,-34.61,,,,,,,,,,,,,,,,,,,,,,,,,,
,,,,,,,,,,,,,,,,,,,IVR_IVP,IVR-IVP_25AUG26_Report_2026-08-05 (2).xlsx,,,,,,,,,,,,,,,,,,,,,,,,,DIXON,14155,316,2.28,2611600,-7500,-0.29,0.62,34.66,2.09,17.08 - 61.85,25.91 / 43.45 / 46.26,39.27,43.5,33.77,-20.23,-25.08,,,,,,,,,,,,,,,,,,,,,,,,,,
,,,,,,,,,,,,,,,,,,,IVR_IVP,IVR-IVP_25AUG26_Report_2026-08-05 (2).xlsx,,,,,,,,,,,,,,,,,,,,,,,,,DLF,663.25,14.25,2.2,46981300,234650,0.5,0.63,31.67,2.13,13.80 - 56.30,39.49 / 43.43 / 43.24,42.05,69.11,-19.8,-27.08,-26.76,,,,,,,,,,,,,,,,,,,,,,,,,,
,,,,,,,,,,,,,,,,,,,IVR_IVP,IVR-IVP_25AUG26_Report_2026-08-05 (2).xlsx,,,,,,,,,,,,,,,,,,,,,,,,,DMART,3998.8,20.3,0.51,5154450,14550,0.28,0.74,24.13,-0.04,14.71 - 41.85,34.35 / 27.73 / 32.11,34.71,39.43,-29.75,-12.98,-24.85,,,,,,,,,,,,,,,,,,,,,,,,,,
,,,,,,,,,,,,,,,,,,,IVR_IVP,IVR-IVP_25AUG26_Report_2026-08-05 (2).xlsx,,,,,,,,,,,,,,,,,,,,,,,,,DRREDDY,1160.3,5.6,0.48,13500000,14375,0.11,0.6,20.88,-0.05,7.63 - 40.88,26.12 / 32.22 / 32.06,39.85,38.62,-20.06,-35.2,-34.87,,,,,,,,,,,,,,,,,,,,,,,,,,
,,,,,,,,,,,,,,,,,,,IVR_IVP,IVR-IVP_25AUG26_Report_2026-08-05 (2).xlsx,,,,,,,,,,,,,,,,,,,,,,,,,EICHERMOT,7991.5,83.5,1.06,3713500,11100,0.3,1.01,22.98,1.1,12.65 - 55.76,28.95 / 25.50 / 30.08,23.96,51.63,-20.62,-9.88,-23.6,,,,,,,,,,,,,,,,,,,,,,,,,,
,,,,,,,,,,,,,,,,,,,IVR_IVP,IVR-IVP_25AUG26_Report_2026-08-05 (2).xlsx,,,,,,,,,,,,,,,,,,,,,,,,,ETERNAL,313.85,3.55,1.14,153732875,540775,0.35,0.75,30.33,-2.48,16.25 - 76.78,51.44 / 42.83 / 41.60,23.26,40.65,-41.04,-29.19,-27.09,,,,,,,,,,,,,,,,,,,,,,,,,,
,,,,,,,,,,,,,,,,,,,IVR_IVP,IVR-IVP_25AUG26_Report_2026-08-05 (2).xlsx,,,,,,,,,,,,,,,,,,,,,,,,,FEDERALBNK,358.65,0.4,0.11,84482500,135000,0.16,0.93,20.09,0.4,14.06 - 39.41,31.06 / 38.01 / 32.64,23.79,27.24,-35.32,-47.15,-38.45,,,,,,,,,,,,,,,,,,,,,,,,,,
,,,,,,,,,,,,,,,,,,,IVR_IVP,IVR-IVP_25AUG26_Report_2026-08-05 (2).xlsx,,,,,,,,,,,,,,,,,,,,,,,,,FINNIFTY,26922.2,148.8,0.56,30180,-240,-0.79,0.73,12.07,-9.66,0.00 - 40.02,18.24 / 20.33 / 18.21,16.27,43.9,-33.83,-40.63,-33.72,,,,,,,,,,,,,,,,,,,,,,,,,,
,,,,,,,,,,,,,,,,,,,IVR_IVP,IVR-IVP_25AUG26_Report_2026-08-05 (2).xlsx,,,,,,,,,,,,,,,,,,,,,,,,,FORCEMOT,18631,192,1.04,248450,-1150,-0.46,0.85,33.2,-5.41,27.58 - 72.76,30.79 / 39.66 / 45.72,12.44,2.35,7.83,-16.29,-27.38,,,,,,,,,,,,,,,,,,,,,,,,,,
,,,,,,,,,,,,,,,,,,,IVR_IVP,IVR-IVP_25AUG26_Report_2026-08-05 (2).xlsx,,,,,,,,,,,,,,,,,,,,,,,,,FORTIS,926.05,-3.15,-0.34,10066475,29450,0.29,0.72,32.06,0.88,14.13 - 45.46,14.79 / 22.22 / 22.56,57.23,80.89,116.77,44.28,42.11,,,,,,,,,,,,,,,,,,,,,,,,,,
,,,,,,,,,,,,,,,,,,,IVR_IVP,IVR-IVP_25AUG26_Report_2026-08-05 (2).xlsx,,,,,,,,,,,,,,,,,,,,,,,,,GAIL,176.36,0.02,0.01,90947450,-149100,-0.16,0.4,25.99,-1.96,14.03 - 47.98,42.65 / 34.27 / 29.34,35.23,68.7,-39.06,-24.16,-11.42,,,,,,,,,,,,,,,,,,,,,,,,,,
,,,,,,,,,,,,,,,,,,,IVR_IVP,IVR-IVP_25AUG26_Report_2026-08-05 (2).xlsx,,,,,,,,,,,,,,,,,,,,,,,,,GLENMARK,2217.4,-9.4,-0.42,11740125,56250,0.48,0.6,27.83,2.02,12.27 - 43.60,35.27 / 29.17 / 28.17,49.66,52.03,-21.09,-4.59,-1.21,,,,,,,,,,,,,,,,,,,,,,,,,,
,,,,,,,,,,,,,,,,,,,IVR_IVP,IVR-IVP_25AUG26_Report_2026-08-05 (2).xlsx,,,,,,,,,,,,,,,,,,,,,,,,,GMRAIRPORT,107.4,1.02,0.96,130139550,13950,0.01,1,33.82,2.3,13.31 - 51.55,27.15 / 27.56 / 26.80,53.63,79.67,24.57,22.71,26.19,,,,,,,,,,,,,,,,,,,,,,,,,,
,,,,,,,,,,,,,,,,,,,IVR_IVP,IVR-IVP_25AUG26_Report_2026-08-05 (2).xlsx,,,,,,,,,,,,,,,,,,,,,,,,,GODFRYPHLP,2312.4,-19.3,-0.83,1838375,-11550,-0.62,0.54,38.33,-1.52,18.97 - 93.19,78.65 / 57.51 / 49.00,26.08,40,-51.27,-33.35,-21.78,,,,,,,,,,,,,,,,,,,,,,,,,,
,,,,,,,,,,,,,,,,,,,IVR_IVP,IVR-IVP_25AUG26_Report_2026-08-05 (2).xlsx,,,,,,,,,,,,,,,,,,,,,,,,,GODREJCP,1073,14.8,1.4,11210000,23500,0.21,0.61,32.31,3.39,13.17 - 36.34,24.35 / 22.87 / 27.12,82.61,95.12,32.69,41.28,19.14,,,,,,,,,,,,,,,,,,,,,,,,,,
,,,,,,,,,,,,,,,,,,,IVR_IVP,IVR-IVP_25AUG26_Report_2026-08-05 (2).xlsx,,,,,,,,,,,,,,,,,,,,,,,,,GODREJPROP,2117.9,79.3,3.89,7855575,-19175,-0.24,0.56,33.14,1.88,16.43 - 55.87,41.34 / 44.31 / 42.13,42.37,57.72,-19.84,-25.21,-21.34,,,,,,,,,,,,,,,,,,,,,,,,,,
,,,,,,,,,,,,,,,,,,,IVR_IVP,IVR-IVP_25AUG26_Report_2026-08-05 (2).xlsx,,,,,,,,,,,,,,,,,,,,,,,,,GRASIM,3167,32,1.02,11900500,7000,0.06,0.66,26.85,-1.72,11.82 - 35.51,42.48 / 34.49 / 29.68,63.44,84.96,-36.79,-22.15,-9.54,,,,,,,,,,,,,,,,,,,,,,,,,,
,,,,,,,,,,,,,,,,,,,IVR_IVP,IVR-IVP_25AUG26_Report_2026-08-05 (2).xlsx,,,,,,,,,,,,,,,,,,,,,,,,,GVT&D,4390,37.6,0.86,2775625,3125,0.11,0.74,56.37,0,21.64 - 59.36,43.83 / 48.35 / 56.21,92.07,93.75,28.61,16.59,0.28,,,,,,,,,,,,,,,,,,,,,,,,,,
,,,,,,,,,,,,,,,,,,,IVR_IVP,IVR-IVP_25AUG26_Report_2026-08-05 (2).xlsx,,,,,,,,,,,,,,,,,,,,,,,,,HAL,4668.8,15.5,0.33,5124000,4500,0.09,0.72,29.56,0.44,14.47 - 53.21,15.23 / 20.94 / 21.32,38.95,68.7,94.09,41.17,38.65,,,,,,,,,,,,,,,,,,,,,,,,,,
,,,,,,,,,,,,,,,,,,,IVR_IVP,IVR-IVP_25AUG26_Report_2026-08-05 (2).xlsx,,,,,,,,,,,,,,,,,,,,,,,,,HAVELLS,1293.3,5.8,0.45,8948000,-7500,-0.08,0.6,24.5,-2.23,11.54 - 42.97,19.40 / 21.05 / 24.40,41.23,54.88,26.29,16.39,0.41,,,,,,,,,,,,,,,,,,,,,,,,,,
,,,,,,,,,,,,,,,,,,,IVR_IVP,IVR-IVP_25AUG26_Report_2026-08-05 (2).xlsx,,,,,,,,,,,,,,,,,,,,,,,,,HCLTECH,1366.3,2.5,0.18,27316000,2400,0.01,0.85,26.8,0.34,6.26 - 40.81,21.29 / 35.71 / 43.52,59.45,61.38,25.88,-24.95,-38.42,,,,,,,,,,,,,,,,,,,,,,,,,,
,,,,,,,,,,,,,,,,,,,IVR_IVP,IVR-IVP_25AUG26_Report_2026-08-05 (2).xlsx,,,,,,,,,,,,,,,,,,,,,,,,,HDFCAMC,2583.2,32.1,1.26,6353700,-2400,-0.04,0.84,27.47,1.85,12.58 - 45.32,27.78 / 42.44 / 39.35,45.48,62.6,-1.12,-35.27,-30.19,,,,,,,,,,,,,,,,,,,,,,,,,,
,,,,,,,,,,,,,,,,,,,IVR_IVP,IVR-IVP_25AUG26_Report_2026-08-05 (2).xlsx,,,,,,,,,,,,,,,,,,,,,,,,,HDFCBANK,742.7,-1,-0.13,303572750,3427450,1.14,0.47,23.51,5.81,11.03 - 39.01,18.87 / 29.75 / 30.23,44.6,74.39,24.59,-20.97,-22.23,,,,,,,,,,,,,,,,,,,,,,,,,,
,,,,,,,,,,,,,,,,,,,IVR_IVP,IVR-IVP_25AUG26_Report_2026-08-05 (2).xlsx,,,,,,,,,,,,,,,,,,,,,,,,,HDFCLIFE,544.3,8.6,1.61,47206500,-7700,-0.02,0.6,23.59,-5.22,8.35 - 36.02,26.16 / 31.66 / 27.10,55.08,74.39,-9.82,-25.49,-12.95,,,,,,,,,,,,,,,,,,,,,,,,,,
,,,,,,,,,,,,,,,,,,,IVR_IVP,IVR-IVP_25AUG26_Report_2026-08-05 (2).xlsx,,,,,,,,,,,,,,,,,,,,,,,,,HEROMOTOCO,5638,59,1.06,4726050,25650,0.55,0.9,31.25,1.79,12.96 - 41.20,38.83 / 31.68 / 28.67,64.77,86.99,-19.52,-1.36,9,,,,,,,,,,,,,,,,,,,,,,,,,,
,,,,,,,,,,,,,,,,,,,IVR_IVP,IVR-IVP_25AUG26_Report_2026-08-05 (2).xlsx,,,,,,,,,,,,,,,,,,,,,,,,,HINDALCO,1026,8,0.79,52994900,2800,0.01,0.8,33.19,-3.32,10.16 - 46.60,26.63 / 23.68 / 27.51,63.2,80.08,24.63,40.16,20.65,,,,,,,,,,,,,,,,,,,,,,,,,,
,,,,,,,,,,,,,,,,,,,IVR_IVP,IVR-IVP_25AUG26_Report_2026-08-05 (2).xlsx,,,,,,,,,,,,,,,,,,,,,,,,,HINDPETRO,398.45,5,1.27,44626950,8100,0.02,0.68,27.94,1.34,16.66 - 55.76,37.97 / 37.21 / 39.08,28.85,32.52,-26.42,-24.91,-28.51,,,,,,,,,,,,,,,,,,,,,,,,,,
,,,,,,,,,,,,,,,,,,,IVR_IVP,IVR-IVP_25AUG26_Report_2026-08-05 (2).xlsx,,,,,,,,,,,,,,,,,,,,,,,,,HINDUNILVR,2096.7,7,0.33,14802600,12600,0.09,0.51,18.62,0.38,0.36 - 43.79,57.20 / 43.30 / 38.00,42.04,50.41,-67.45,-57,-51,,,,,,,,,,,,,,,,,,,,,,,,,,
,,,,,,,,,,,,,,,,,,,IVR_IVP,IVR-IVP_25AUG26_Report_2026-08-05 (2).xlsx,,,,,,,,,,,,,,,,,,,,,,,,,HINDZINC,571.3,7.3,1.29,29538425,211925,0.72,0.67,27.81,-1.28,15.38 - 59.92,22.75 / 22.06 / 32.06,27.91,26.83,22.24,26.07,-13.26,,,,,,,,,,,,,,,,,,,,,,,,,,
,,,,,,,,,,,,,,,,,,,IVR_IVP,IVR-IVP_25AUG26_Report_2026-08-05 (2).xlsx,,,,,,,,,,,,,,,,,,,,,,,,,HYUNDAI,2215.7,18.9,0.86,3956975,-2200,-0.06,1.15,26.91,-1.18,19.09 - 57.66,47.64 / 43.53 / 40.69,20.27,12.94,-43.51,-38.18,-33.87,,,,,,,,,,,,,,,,,,,,,,,,,,
,,,,,,,,,,,,,,,,,,,IVR_IVP,IVR-IVP_25AUG26_Report_2026-08-05 (2).xlsx,,,,,,,,,,,,,,,,,,,,,,,,,ICICIBANK,1452.9,7.4,0.51,104023500,111300,0.11,0.72,17.61,0,9.59 - 33.61,17.76 / 19.99 / 20.71,33.39,56.1,-0.84,-11.91,-14.97,,,,,,,,,,,,,,,,,,,,,,,,,,
,,,,,,,,,,,,,,,,,,,IVR_IVP,IVR-IVP_25AUG26_Report_2026-08-05 (2).xlsx,,,,,,,,,,,,,,,,,,,,,,,,,ICICIGI,1691.8,53.3,3.25,5144100,153400,3.07,0.53,27.22,6.62,13.70 - 37.84,39.32 / 54.93 / 46.15,56.01,89.02,-30.77,-50.45,-41.02,,,,,,,,,,,,,,,,,,,,,,,,,,
,,,,,,,,,,,,,,,,,,,IVR_IVP,IVR-IVP_25AUG26_Report_2026-08-05 (2).xlsx,,,,,,,,,,,,,,,,,,,,,,,,,ICICIPRULI,514.7,5.8,1.14,17940375,100825,0.57,0.62,26.04,0.62,12.98 - 41.12,18.72 / 38.39 / 33.35,46.41,66.26,39.1,-32.17,-21.92,,,,,,,,,,,,,,,,,,,,,,,,,,
,,,,,,,,,,,,,,,,,,,IVR_IVP,IVR-IVP_25AUG26_Report_2026-08-05 (2).xlsx,,,,,,,,,,,,,,,,,,,,,,,,,IDEA,12.96,0.09,0.7,5888896725,-3001950,-0.05,0.63,38.11,-0.34,19.52 - 105.00,21.01 / 21.43 / 24.27,21.75,12.6,81.39,77.83,57.03,,,,,,,,,,,,,,,,,,,,,,,,,,
,,,,,,,,,,,,,,,,,,,IVR_IVP,IVR-IVP_25AUG26_Report_2026-08-05 (2).xlsx,,,,,,,,,,,,,,,,,,,,,,,,,IDFCFIRSTB,86.09,0.57,0.67,355251050,-9275,0,0.72,25.63,0.31,13.50 - 90.98,35.27 / 33.06 / 30.16,15.66,40.24,-27.33,-22.47,-15.02,,,,,,,,,,,,,,,,,,,,,,,,,,
,,,,,,,,,,,,,,,,,,,IVR_IVP,IVR-IVP_25AUG26_Report_2026-08-05 (2).xlsx,,,,,,,,,,,,,,,,,,,,,,,,,IEX,131.35,1.5,1.16,72884250,43500,0.06,0.7,28.06,0.83,19.27 - 84.19,42.42 / 45.31 / 37.41,13.54,25.61,-33.85,-38.07,-24.99,,,,,,,,,,,,,,,,,,,,,,,,,,
,,,,,,,,,,,,,,,,,,,IVR_IVP,IVR-IVP_25AUG26_Report_2026-08-05 (2).xlsx,,,,,,,,,,,,,,,,,,,,,,,,,INDHOTEL,748.95,4.2,0.56,20697000,48000,0.23,0.67,22.55,-2.55,12.12 - 41.83,19.21 / 27.08 / 24.84,35.11,42.68,17.39,-16.73,-9.22,,,,,,,,,,,,,,,,,,,,,,,,,,
,,,,,,,,,,,,,,,,,,,IVR_IVP,IVR-IVP_25AUG26_Report_2026-08-05 (2).xlsx,,,,,,,,,,,,,,,,,,,,,,,,,INDIANB,866.45,20.95,2.48,12076000,-8000,-0.07,1.04,31.75,7.01,17.18 - 45.58,23.72 / 52.29 / 45.13,51.3,65.85,33.85,-39.28,-29.65,,,,,,,,,,,,,,,,,,,,,,,,,,
,,,,,,,,,,,,,,,,,,,IVR_IVP,IVR-IVP_25AUG26_Report_2026-08-05 (2).xlsx,,,,,,,,,,,,,,,,,,,,,,,,,INDIGO,5455.5,115.5,2.16,5633250,25200,0.45,0.63,29.73,13.43,11.28 - 58.87,50.69 / 46.08 / 45.55,38.77,72.36,-41.35,-35.48,-34.73,,,,,,,,,,,,,,,,,,,,,,,,,,
,,,,,,,,,,,,,,,,,,,IVR_IVP,IVR-IVP_25AUG26_Report_2026-08-05 (2).xlsx,,,,,,,,,,,,,,,,,,,,,,,,,INDUSINDBK,1035,14,1.37,33537000,-30100,-0.09,0.59,25.43,0.43,17.32 - 58.73,43.13 / 37.58 / 37.05,19.58,26.83,-41.04,-32.33,-31.36,,,,,,,,,,,,,,,,,,,,,,,,,,
,,,,,,,,,,,,,,,,,,,IVR_IVP,IVR-IVP_25AUG26_Report_2026-08-05 (2).xlsx,,,,,,,,,,,,,,,,,,,,,,,,,INDUSTOWER,392.3,2,0.51,89482900,11900,0.01,0.6,23.83,0.59,15.67 - 75.07,28.62 / 26.47 / 25.70,13.74,16.67,-16.74,-9.97,-7.28,,,,,,,,,,,,,,,,,,,,,,,,,,
,,,,,,,,,,,,,,,,,,,IVR_IVP,IVR-IVP_25AUG26_Report_2026-08-05 (2).xlsx,,,,,,,,,,,,,,,,,,,,,,,,,INFY,1174.8,10.3,0.88,87078800,-7600,-0.01,0.96,27.97,-2.31,7.21 - 64.15,50.21 / 41.43 / 45.70,36.46,58.94,-44.29,-32.49,-38.8,,,,,,,,,,,,,,,,,,,,,,,,,,
,,,,,,,,,,,,,,,,,,,IVR_IVP,IVR-IVP_25AUG26_Report_2026-08-05 (2).xlsx,,,,,,,,,,,,,,,,,,,,,,,,,INOXWIND,80.2,0.68,0.86,105612800,-153600,-0.15,0.66,45.52,0.09,16.48 - 63.54,42.96 / 38.07 / 33.96,61.71,75.2,5.96,19.57,34.04,,,,,,,,,,,,,,,,,,,,,,,,,,
,,,,,,,,,,,,,,,,,,,IVR_IVP,IVR-IVP_25AUG26_Report_2026-08-05 (2).xlsx,,,,,,,,,,,,,,,,,,,,,,,,,IOC,143,2.25,1.6,150262125,536250,0.36,0.8,23.99,0.42,11.74 - 55.58,27.04 / 28.05 / 27.86,27.94,44.31,-11.28,-14.47,-13.89,,,,,,,,,,,,,,,,,,,,,,,,,,
,,,,,,,,,,,,,,,,,,,IVR_IVP,IVR-IVP_25AUG26_Report_2026-08-05 (2).xlsx,,,,,,,,,,,,,,,,,,,,,,,,,IREDA,116.71,0.42,0.36,78219150,705900,0.91,0.73,31.83,-1.49,18.50 - 52.88,25.13 / 30.13 / 27.03,38.77,36.59,26.66,5.64,17.76,,,,,,,,,,,,,,,,,,,,,,,,,,
,,,,,,,,,,,,,,,,,,,IVR_IVP,IVR-IVP_25AUG26_Report_2026-08-05 (2).xlsx,,,,,,,,,,,,,,,,,,,,,,,,,IRFC,90.27,0.67,0.75,87586625,-303800,-0.35,0.69,27.78,-1.42,17.59 - 45.57,20.53 / 21.67 / 29.09,36.42,36.18,35.31,28.2,-4.5,,,,,,,,,,,,,,,,,,,,,,,,,,
,,,,,,,,,,,,,,,,,,,IVR_IVP,IVR-IVP_25AUG26_Report_2026-08-05 (2).xlsx,,,,,,,,,,,,,,,,,,,,,,,,,ITC,287.7,0,0,156923250,62100,0.04,0.55,16.36,-0.3,6.61 - 30.11,18.30 / 20.61 / 18.02,41.49,47.15,-10.6,-20.62,-9.21,,,,,,,,,,,,,,,,,,,,,,,,,,
,,,,,,,,,,,,,,,,,,,IVR_IVP,IVR-IVP_25AUG26_Report_2026-08-05 (2).xlsx,,,,,,,,,,,,,,,,,,,,,,,,,JINDALSTEL,1127.3,4.7,0.42,13781250,37500,0.27,0.87,23.26,-0.73,16.51 - 43.23,27.59 / 26.74 / 32.97,25.26,21.54,-15.69,-13.01,-29.45,,,,,,,,,,,,,,,,,,,,,,,,,,
,,,,,,,,,,,,,,,,,,,IVR_IVP,IVR-IVP_25AUG26_Report_2026-08-05 (2).xlsx,,,,,,,,,,,,,,,,,,,,,,,,,JIOFIN,266.8,2.7,1.02,185791000,32900,0.02,0.66,31.86,-0.31,16.26 - 47.21,43.27 / 46.99 / 40.02,50.4,76.83,-26.37,-32.2,-20.39,,,,,,,,,,,,,,,,,,,,,,,,,,
,,,,,,,,,,,,,,,,,,,IVR_IVP,IVR-IVP_25AUG26_Report_2026-08-05 (2).xlsx,,,,,,,,,,,,,,,,,,,,,,,,,JSWENERGY,570.2,0.75,0.13,24433675,-15050,-0.06,1.03,24.49,-0.93,13.33 - 46.66,24.13 / 33.19 / 32.39,33.48,14.23,1.49,-26.21,-24.39,,,,,,,,,,,,,,,,,,,,,,,,,,
,,,,,,,,,,,,,,,,,,,IVR_IVP,IVR-IVP_25AUG26_Report_2026-08-05 (2).xlsx,,,,,,,,,,,,,,,,,,,,,,,,,JSWSTEEL,1299.4,3.5,0.27,39778425,49275,0.12,0.85,22.12,-0.94,14.75 - 40.61,21.62 / 23.13 / 23.02,28.5,27.24,2.31,-4.37,-3.91,,,,,,,,,,,,,,,,,,,,,,,,,,
,,,,,,,,,,,,,,,,,,,IVR_IVP,IVR-IVP_25AUG26_Report_2026-08-05 (2).xlsx,,,,,,,,,,,,,,,,,,,,,,,,,JUBLFOOD,478.85,12.05,2.58,16356250,-35000,-0.21,0.69,38.76,4.73,13.88 - 59.12,50.12 / 48.86 / 44.20,55,92.28,-22.67,-20.67,-12.31,,,,,,,,,,,,,,,,,,,,,,,,,,
,,,,,,,,,,,,,,,,,,,IVR_IVP,IVR-IVP_25AUG26_Report_2026-08-05 (2).xlsx,,,,,,,,,,,,,,,,,,,,,,,,,KALYANKJIL,584.4,-8.95,-1.51,23052600,-31050,-0.13,0.94,52.65,-8.18,17.49 - 72.39,67.36 / 97.77 / 89.50,64.04,92.68,-21.84,-46.15,-41.17,,,,,,,,,,,,,,,,,,,,,,,,,,
,,,,,,,,,,,,,,,,,,,IVR_IVP,IVR-IVP_25AUG26_Report_2026-08-05 (2).xlsx,,,,,,,,,,,,,,,,,,,,,,,,,KAYNES,3925.1,34.6,0.89,4046100,10800,0.27,0.71,57.44,-0.4,19.42 - 77.97,82.05 / 71.63 / 64.05,64.94,92.68,-29.99,-19.81,-10.32,,,,,,,,,,,,,,,,,,,,,,,,,,
,,,,,,,,,,,,,,,,,,,IVR_IVP,IVR-IVP_25AUG26_Report_2026-08-05 (2).xlsx,,,,,,,,,,,,,,,,,,,,,,,,,KEI,5570.1,48.6,0.88,1714125,-7350,-0.43,1.01,34.61,1.73,14.61 - 51.38,63.88 / 50.38 / 48.21,54.39,71.54,-45.82,-31.3,-28.21,,,,,,,,,,,,,,,,,,,,,,,,,,
,,,,,,,,,,,,,,,,,,,IVR_IVP,IVR-IVP_25AUG26_Report_2026-08-05 (2).xlsx,,,,,,,,,,,,,,,,,,,,,,,,,KFINTECH,945.35,9.85,1.05,4241775,53475,1.28,0.57,36.76,-0.68,18.49 - 90.49,71.97 / 58.73 / 49.74,25.38,59.76,-48.92,-37.41,-26.1,,,,,,,,,,,,,,,,,,,,,,,,,,
,,,,,,,,,,,,,,,,,,,IVR_IVP,IVR-IVP_25AUG26_Report_2026-08-05 (2).xlsx,,,,,,,,,,,,,,,,,,,,,,,,,KOTAKBANK,398.15,3.5,0.89,173014000,274000,0.16,0.64,18.44,-0.81,9.59 - 40.23,15.87 / 28.33 / 30.94,28.88,37.4,16.19,-34.91,-40.4,,,,,,,,,,,,,,,,,,,,,,,,,,
,,,,,,,,,,,,,,,,,,,IVR_IVP,IVR-IVP_25AUG26_Report_2026-08-05 (2).xlsx,,,,,,,,,,,,,,,,,,,,,,,,,KPITTECH,621.1,-0.85,-0.14,12606150,-9300,-0.07,0.61,34.48,-0.72,12.07 - 69.90,76.63 / 58.24 / 80.75,38.75,54.07,-55,-40.8,-57.3,,,,,,,,,,,,,,,,,,,,,,,,,,
,,,,,,,,,,,,,,,,,,,IVR_IVP,IVR-IVP_25AUG26_Report_2026-08-05 (2).xlsx,,,,,,,,,,,,,,,,,,,,,,,,,LAURUSLABS,1849.9,15.2,0.83,16919250,162350,0.97,0.99,28.14,2.07,14.20 - 46.75,44.37 / 36.78 / 39.14,42.83,51.22,-36.58,-23.49,-28.1,,,,,,,,,,,,,,,,,,,,,,,,,,
,,,,,,,,,,,,,,,,,,,IVR_IVP,IVR-IVP_25AUG26_Report_2026-08-05 (2).xlsx,,,,,,,,,,,,,,,,,,,,,,,,,LICHSGFIN,505.55,1.75,0.35,29981000,52000,0.17,0.62,25.26,3.02,11.15 - 45.09,33.60 / 29.16 / 27.06,41.57,67.48,-24.82,-13.37,-6.65,,,,,,,,,,,,,,,,,,,,,,,,,,
,,,,,,,,,,,,,,,,,,,IVR_IVP,IVR-IVP_25AUG26_Report_2026-08-05 (2).xlsx,,,,,,,,,,,,,,,,,,,,,,,,,LICI,398.2,7.9,2.02,64290800,-1937600,-2.93,0.7,22.11,-18.98,11.05 - 49.26,54.18 / 41.67 / 36.85,28.95,37.8,-59.19,-46.94,-40,,,,,,,,,,,,,,,,,,,,,,,,,,
,,,,,,,,,,,,,,,,,,,IVR_IVP,IVR-IVP_25AUG26_Report_2026-08-05 (2).xlsx,,,,,,,,,,,,,,,,,,,,,,,,,LODHA,1243.5,19.1,1.56,11576875,-58125,-0.5,0.69,36.66,-0.41,19.11 - 64.99,71.23 / 62.08 / 56.22,38.25,63.82,-48.53,-40.95,-34.79,,,,,,,,,,,,,,,,,,,,,,,,,,
,,,,,,,,,,,,,,,,,,,IVR_IVP,IVR-IVP_25AUG26_Report_2026-08-05 (2).xlsx,,,,,,,,,,,,,,,,,,,,,,,,,LT,4080.8,59.8,1.49,11363275,-70175,-0.61,0.86,18.87,-3.38,7.49 - 44.73,22.69 / 24.57 / 21.80,30.56,55.28,-16.84,-23.2,-13.44,,,,,,,,,,,,,,,,,,,,,,,,,,
,,,,,,,,,,,,,,,,,,,IVR_IVP,IVR-IVP_25AUG26_Report_2026-08-05 (2).xlsx,,,,,,,,,,,,,,,,,,,,,,,,,LTF,324.3,3.25,1.01,45765000,96750,0.21,0.69,34.45,-2.1,18.80 - 69.14,27.71 / 37.32 / 39.10,31.09,68.29,24.32,-7.69,-11.89,,,,,,,,,,,,,,,,,,,,,,,,,,
,,,,,,,,,,,,,,,,,,,IVR_IVP,IVR-IVP_25AUG26_Report_2026-08-05 (2).xlsx,,,,,,,,,,,,,,,,,,,,,,,,,LTM,4564.6,16.7,0.37,2329500,5400,0.23,0.66,34.6,2.25,24.10 - 57.18,59.05 / 48.44 / 47.94,31.74,51.43,-41.41,-28.57,-27.83,,,,,,,,,,,,,,,,,,,,,,,,,,
,,,,,,,,,,,,,,,,,,,IVR_IVP,IVR-IVP_25AUG26_Report_2026-08-05 (2).xlsx,,,,,,,,,,,,,,,,,,,,,,,,,LUPIN,2378,-17.5,-0.73,6459575,31025,0.48,0.67,29.79,4.02,12.85 - 37.30,33.87 / 29.66 / 29.06,69.28,92.28,-12.05,0.44,2.51,,,,,,,,,,,,,,,,,,,,,,,,,,
,,,,,,,,,,,,,,,,,,,IVR_IVP,IVR-IVP_25AUG26_Report_2026-08-05 (2).xlsx,,,,,,,,,,,,,,,,,,,,,,,,,M&M,3480,57.3,1.67,12241600,69600,0.57,0.89,24.04,1.69,11.90 - 42.66,34.27 / 32.36 / 33.49,39.47,50.41,-29.85,-25.71,-28.22,,,,,,,,,,,,,,,,,,,,,,,,,,
,,,,,,,,,,,,,,,,,,,IVR_IVP,IVR-IVP_25AUG26_Report_2026-08-05 (2).xlsx,,,,,,,,,,,,,,,,,,,,,,,,,MANAPPURAM,365.05,6.45,1.8,63369000,-180000,-0.28,0.65,40.67,2.11,18.17 - 52.52,28.68 / 38.28 / 40.75,65.5,89.02,41.81,6.24,-0.2,,,,,,,,,,,,,,,,,,,,,,,,,,
,,,,,,,,,,,,,,,,,,,IVR_IVP,IVR-IVP_25AUG26_Report_2026-08-05 (2).xlsx,,,,,,,,,,,,,,,,,,,,,,,,,MANKIND,2459,2.8,0.11,3284000,7000,0.21,0.63,28.33,0.46,16.24 - 61.00,37.56 / 34.12 / 31.65,27.01,55.69,-24.57,-16.97,-10.49,,,,,,,,,,,,,,,,,,,,,,,,,,
,,,,,,,,,,,,,,,,,,,IVR_IVP,IVR-IVP_25AUG26_Report_2026-08-05 (2).xlsx,,,,,,,,,,,,,,,,,,,,,,,,,MARICO,861.95,-12.65,-1.45,17360400,1412400,8.86,0.55,23.54,-15.51,13.08 - 31.88,25.11 / 22.37 / 22.00,55.64,81.3,-6.25,5.23,7,,,,,,,,,,,,,,,,,,,,,,,,,,
,,,,,,,,,,,,,,,,,,,IVR_IVP,IVR-IVP_25AUG26_Report_2026-08-05 (2).xlsx,,,,,,,,,,,,,,,,,,,,,,,,,MARUTI,14135,87,0.62,2056600,1050,0.05,0.57,21.55,-0.97,6.97 - 41.98,19.11 / 28.13 / 34.55,41.65,63.82,12.77,-23.39,-37.63,,,,,,,,,,,,,,,,,,,,,,,,,,
,,,,,,,,,,,,,,,,,,,IVR_IVP,IVR-IVP_25AUG26_Report_2026-08-05 (2).xlsx,,,,,,,,,,,,,,,,,,,,,,,,,MAXHEALTH,1072.2,-1.4,-0.13,9895200,28350,0.29,0.67,29.36,1.87,16.74 - 60.69,32.18 / 28.20 / 31.81,28.71,75.2,-8.76,4.11,-7.7,,,,,,,,,,,,,,,,,,,,,,,,,,
,,,,,,,,,,,,,,,,,,,IVR_IVP,IVR-IVP_25AUG26_Report_2026-08-05 (2).xlsx,,,,,,,,,,,,,,,,,,,,,,,,,MAZDOCK,2419.1,32,1.34,4978125,-59175,-1.17,0.67,32.51,-0.12,13.38 - 82.60,25.90 / 28.56 / 27.32,27.64,33.74,25.52,13.83,19,,,,,,,,,,,,,,,,,,,,,,,,,,
,,,,,,,,,,,,,,,,,,,IVR_IVP,IVR-IVP_25AUG26_Report_2026-08-05 (2).xlsx,,,,,,,,,,,,,,,,,,,,,,,,,MCX,2606.2,-69.6,-2.6,8459325,875700,11.55,0.67,37.45,-9.54,15.54 - 62.68,23.28 / 35.96 / 41.67,46.48,58.13,60.87,4.14,-10.13,,,,,,,,,,,,,,,,,,,,,,,,,,
,,,,,,,,,,,,,,,,,,,IVR_IVP,IVR-IVP_25AUG26_Report_2026-08-05 (2).xlsx,,,,,,,,,,,,,,,,,,,,,,,,,MFSL,1532.9,26.7,1.77,9438400,4400,0.05,0.59,36.49,-0.25,9.89 - 38.56,24.67 / 30.89 / 29.59,92.78,97.15,47.91,18.13,23.32,,,,,,,,,,,,,,,,,,,,,,,,,,
,,,,,,,,,,,,,,,,,,,IVR_IVP,IVR-IVP_25AUG26_Report_2026-08-05 (2).xlsx,,,,,,,,,,,,,,,,,,,,,,,,,MIDCPNIFTY,14969.05,112.3,0.76,1881960,-2400,-0.13,1.11,13.65,1.34,9.53 - 42.98,16.23 / 16.42 / 14.53,12.32,8.54,-15.9,-16.87,-6.06,,,,,,,,,,,,,,,,,,,,,,,,,,
,,,,,,,,,,,,,,,,,,,IVR_IVP,IVR-IVP_25AUG26_Report_2026-08-05 (2).xlsx,,,,,,,,,,,,,,,,,,,,,,,,,MOTHERSON,153.75,3.09,2.05,127575600,485850,0.38,0.67,38.95,2.15,18.24 - 54.43,35.80 / 28.97 / 31.38,57.23,82.52,8.8,34.45,24.12,,,,,,,,,,,,,,,,,,,,,,,,,,
,,,,,,,,,,,,,,,,,,,IVR_IVP,IVR-IVP_25AUG26_Report_2026-08-05 (2).xlsx,,,,,,,,,,,,,,,,,,,,,,,,,MOTILALOFS,873,5.85,0.67,6965700,17050,0.25,0.65,34,3.66,22.84 - 53.32,49.39 / 48.49 / 40.70,36.61,35.29,-31.16,-29.88,-16.46,,,,,,,,,,,,,,,,,,,,,,,,,,
,,,,,,,,,,,,,,,,,,,IVR_IVP,IVR-IVP_25AUG26_Report_2026-08-05 (2).xlsx,,,,,,,,,,,,,,,,,,,,,,,,,MPHASIS,2410.1,19.7,0.82,3892075,9900,0.26,0.78,33.7,-0.21,18.02 - 52.99,52.57 / 48.92 / 48.22,44.84,61.38,-35.89,-31.11,-30.11,,,,,,,,,,,,,,,,,,,,,,,,,,
,,,,,,,,,,,,,,,,,,,IVR_IVP,IVR-IVP_25AUG26_Report_2026-08-05 (2).xlsx,,,,,,,,,,,,,,,,,,,,,,,,,MUTHOOTFIN,2945.2,54.4,1.88,6793325,-68750,-1,0.54,30.36,-1.97,11.92 - 66.80,52.78 / 42.92 / 42.78,33.6,52.85,-42.48,-29.26,-29.03,,,,,,,,,,,,,,,,,,,,,,,,,,
,,,,,,,,,,,,,,,,,,,IVR_IVP,IVR-IVP_25AUG26_Report_2026-08-05 (2).xlsx,,,,,,,,,,,,,,,,,,,,,,,,,NAM-INDIA,1188.5,12.1,1.03,7396250,55625,0.76,0.42,34.9,-3.94,23.39 - 77.66,43.59 / 43.73 / 39.72,21.21,14.63,-19.94,-20.19,-12.13,,,,,,,,,,,,,,,,,,,,,,,,,,
,,,,,,,,,,,,,,,,,,,IVR_IVP,IVR-IVP_25AUG26_Report_2026-08-05 (2).xlsx,,,,,,,,,,,,,,,,,,,,,,,,,NATIONALUM,382.6,2.9,0.76,45328125,82500,0.18,0.8,33.39,-0.77,17.37 - 66.87,40.38 / 39.49 / 50.74,32.36,51.63,-17.31,-15.45,-34.19,,,,,,,,,,,,,,,,,,,,,,,,,,
,,,,,,,,,,,,,,,,,,,IVR_IVP,IVR-IVP_25AUG26_Report_2026-08-05 (2).xlsx,,,,,,,,,,,,,,,,,,,,,,,,,NAUKRI,1269.2,6.6,0.52,13862750,18150,0.13,0.62,36.07,-0.88,15.66 - 47.35,38.78 / 31.32 / 54.65,64.41,86.18,-6.99,15.17,-34,,,,,,,,,,,,,,,,,,,,,,,,,,
,,,,,,,,,,,,,,,,,,,IVR_IVP,IVR-IVP_25AUG26_Report_2026-08-05 (2).xlsx,,,,,,,,,,,,,,,,,,,,,,,,,NBCC,95.75,1,1.06,99326500,-91000,-0.09,0.5,35.27,1.67,21.65 - 80.34,22.87 / 33.47 / 30.39,23.21,45.12,54.22,5.38,16.06,,,,,,,,,,,,,,,,,,,,,,,,,,
,,,,,,,,,,,,,,,,,,,IVR_IVP,IVR-IVP_25AUG26_Report_2026-08-05 (2).xlsx,,,,,,,,,,,,,,,,,,,,,,,,,NESTLEIND,1505.4,16.4,1.1,7970000,141000,1.8,0.61,22.14,-3.36,10.62 - 38.91,34.99 / 28.00 / 27.25,40.72,76.42,-36.72,-20.93,-18.75,,,,,,,,,,,,,,,,,,,,,,,,,,
,,,,,,,,,,,,,,,,,,,IVR_IVP,IVR-IVP_25AUG26_Report_2026-08-05 (2).xlsx,,,,,,,,,,,,,,,,,,,,,,,,,NHPC,81,0.43,0.53,118400200,-493450,-0.42,0.69,26.01,-2.58,13.23 - 53.10,18.57 / 18.56 / 21.68,32.05,39.02,40.06,40.14,19.97,,,,,,,,,,,,,,,,,,,,,,,,,,
,,,,,,,,,,,,,,,,,,,IVR_IVP,IVR-IVP_25AUG26_Report_2026-08-05 (2).xlsx,,,,,,,,,,,,,,,,,,,,,,,,,NIFTY,24699,143.4,0.58,11721580,-62010,-0.53,1.11,10.36,-2.81,5.90 - 34.26,15.66 / 16.27 / 14.83,15.73,38.62,-33.84,-36.32,-30.14,,,,,,,,,,,,,,,,,,,,,,,,,,
,,,,,,,,,,,,,,,,,,,IVR_IVP,IVR-IVP_25AUG26_Report_2026-08-05 (2).xlsx,,,,,,,,,,,,,,,,,,,,,,,,,NIFTYNXT50,74540.2,587.8,0.79,18975,50,0.26,1.88,-,-,9.05 - 33.66,16.29 / 16.33 / 15.22,-,-,-,-,-,,,,,,,,,,,,,,,,,,,,,,,,,,
,,,,,,,,,,,,,,,,,,,IVR_IVP,IVR-IVP_25AUG26_Report_2026-08-05 (2).xlsx,,,,,,,,,,,,,,,,,,,,,,,,,NMDC,85.15,0.38,0.45,344938500,256500,0.07,0.74,29.55,-0.14,13.00 - 48.01,21.37 / 18.21 / 20.49,47.27,58.13,38.28,62.27,44.22,,,,,,,,,,,,,,,,,,,,,,,,,,
,,,,,,,,,,,,,,,,,,,IVR_IVP,IVR-IVP_25AUG26_Report_2026-08-05 (2).xlsx,,,,,,,,,,,,,,,,,,,,,,,,,NTPC,347.75,3.8,1.1,98404500,-88500,-0.09,0.68,19.37,-3.15,6.73 - 29.34,21.80 / 22.17 / 20.50,55.9,68.29,-11.15,-12.63,-5.51,,,,,,,,,,,,,,,,,,,,,,,,,,
,,,,,,,,,,,,,,,,,,,IVR_IVP,IVR-IVP_25AUG26_Report_2026-08-05 (2).xlsx,,,,,,,,,,,,,,,,,,,,,,,,,NYKAA,332.95,-5,-1.48,50496875,4540625,9.88,0.39,34.42,-8.89,15.47 - 51.48,26.70 / 24.61 / 24.93,52.62,83.33,28.91,39.86,38.07,,,,,,,,,,,,,,,,,,,,,,,,,,
,,,,,,,,,,,,,,,,,,,IVR_IVP,IVR-IVP_25AUG26_Report_2026-08-05 (2).xlsx,,,,,,,,,,,,,,,,,,,,,,,,,OBEROIRLTY,1813.5,23.3,1.3,5441450,-5950,-0.11,0.5,28.26,2.69,14.15 - 45.00,34.11 / 30.68 / 34.70,45.74,59.76,-17.15,-7.89,-18.56,,,,,,,,,,,,,,,,,,,,,,,,,,
,,,,,,,,,,,,,,,,,,,IVR_IVP,IVR-IVP_25AUG26_Report_2026-08-05 (2).xlsx,,,,,,,,,,,,,,,,,,,,,,,,,OFSS,11636,7,0.06,1265000,5400,0.43,0.86,37.21,1.33,13.10 - 74.39,58.56 / 46.17 / 47.01,39.34,75.2,-36.46,-19.41,-20.85,,,,,,,,,,,,,,,,,,,,,,,,,,
,,,,,,,,,,,,,,,,,,,IVR_IVP,IVR-IVP_25AUG26_Report_2026-08-05 (2).xlsx,,,,,,,,,,,,,,,,,,,,,,,,,OIL,441,-9.85,-2.18,15932000,142800,0.9,0.59,32.54,1.02,14.18 - 47.82,27.58 / 33.09 / 30.10,54.58,67.89,17.98,-1.66,8.11,,,,,,,,,,,,,,,,,,,,,,,,,,
,,,,,,,,,,,,,,,,,,,IVR_IVP,IVR-IVP_25AUG26_Report_2026-08-05 (2).xlsx,,,,,,,,,,,,,,,,,,,,,,,,,ONGC,241.05,-0.81,-0.33,55977750,1467000,2.69,0.5,23.61,-5.1,5.62 - 98.39,29.02 / 23.46 / 24.55,19.39,69.51,-18.64,0.64,-3.83,,,,,,,,,,,,,,,,,,,,,,,,,,
,,,,,,,,,,,,,,,,,,,IVR_IVP,IVR-IVP_25AUG26_Report_2026-08-05 (2).xlsx,,,,,,,,,,,,,,,,,,,,,,,,,PAGEIND,39980,10,0.03,234540,-220,-0.09,0.68,33.17,-1.16,16.49 - 50.83,21.92 / 24.74 / 32.50,48.57,90.24,51.32,34.07,2.06,,,,,,,,,,,,,,,,,,,,,,,,,,
,,,,,,,,,,,,,,,,,,,IVR_IVP,IVR-IVP_25AUG26_Report_2026-08-05 (2).xlsx,,,,,,,,,,,,,,,,,,,,,,,,,PATANJALI,359.8,0.15,0.04,34123725,49450,0.15,0.73,42.35,1.51,13.61 - 78.80,34.45 / 69.35 / 56.53,44.09,93.09,22.93,-38.93,-25.08,,,,,,,,,,,,,,,,,,,,,,,,,,
,,,,,,,,,,,,,,,,,,,IVR_IVP,IVR-IVP_25AUG26_Report_2026-08-05 (2).xlsx,,,,,,,,,,,,,,,,,,,,,,,,,PAYTM,1423.9,13.4,0.95,20600150,27550,0.13,0.61,39.78,-2.4,14.24 - 58.75,38.81 / 46.73 / 43.13,57.38,84.55,2.5,-14.87,-7.77,,,,,,,,,,,,,,,,,,,,,,,,,,
,,,,,,,,,,,,,,,,,,,IVR_IVP,IVR-IVP_25AUG26_Report_2026-08-05 (2).xlsx,,,,,,,,,,,,,,,,,,,,,,,,,PERSISTENT,5560,58,1.05,3553250,-1875,-0.05,0.65,34.02,2.9,15.89 - 64.18,38.47 / 38.51 / 57.58,37.54,48.37,-11.57,-11.66,-40.92,,,,,,,,,,,,,,,,,,,,,,,,,,
,,,,,,,,,,,,,,,,,,,IVR_IVP,IVR-IVP_25AUG26_Report_2026-08-05 (2).xlsx,,,,,,,,,,,,,,,,,,,,,,,,,PETRONET,282.3,1.9,0.68,31984600,-19000,-0.06,0.99,25.91,-2.12,10.66 - 64.00,31.22 / 28.16 / 25.44,28.59,54.07,-17.01,-7.99,1.85,,,,,,,,,,,,,,,,,,,,,,,,,,
,,,,,,,,,,,,,,,,,,,IVR_IVP,IVR-IVP_25AUG26_Report_2026-08-05 (2).xlsx,,,,,,,,,,,,,,,,,,,,,,,,,PFC,419.8,0.2,0.05,54852200,107900,0.2,0.76,28.75,0.84,13.77 - 46.37,18.50 / 20.97 / 23.08,45.95,68.29,55.41,37.1,24.57,,,,,,,,,,,,,,,,,,,,,,,,,,
,,,,,,,,,,,,,,,,,,,IVR_IVP,IVR-IVP_25AUG26_Report_2026-08-05 (2).xlsx,,,,,,,,,,,,,,,,,,,,,,,,,PGEL,629,12.15,1.97,10999100,59850,0.55,0.89,51.51,0.41,18.96 - 75.34,48.65 / 43.75 / 39.82,57.73,82.52,5.88,17.74,29.36,,,,,,,,,,,,,,,,,,,,,,,,,,
,,,,,,,,,,,,,,,,,,,IVR_IVP,IVR-IVP_25AUG26_Report_2026-08-05 (2).xlsx,,,,,,,,,,,,,,,,,,,,,,,,,PHOENIXLTD,1959,12.8,0.66,3608850,-2800,-0.08,0.59,26.25,-5.34,14.42 - 106.79,43.23 / 39.12 / 39.41,12.81,40.24,-39.28,-32.9,-33.39,,,,,,,,,,,,,,,,,,,,,,,,,,
,,,,,,,,,,,,,,,,,,,IVR_IVP,IVR-IVP_25AUG26_Report_2026-08-05 (2).xlsx,,,,,,,,,,,,,,,,,,,,,,,,,PIDILITIND,1651.7,35.5,2.2,7937500,-47000,-0.59,0.49,24.39,-9.53,12.70 - 34.64,30.41 / 28.74 / 24.90,53.28,76.42,-19.8,-15.14,-2.05,,,,,,,,,,,,,,,,,,,,,,,,,,
,,,,,,,,,,,,,,,,,,,IVR_IVP,IVR-IVP_25AUG26_Report_2026-08-05 (2).xlsx,,,,,,,,,,,,,,,,,,,,,,,,,PIIND,2794.3,-5.2,-0.19,2732275,1400,0.05,0.84,35.3,0.71,15.83 - 60.92,20.88 / 27.06 / 30.76,43.18,90.24,69.06,30.45,14.76,,,,,,,,,,,,,,,,,,,,,,,,,,
,,,,,,,,,,,,,,,,,,,IVR_IVP,IVR-IVP_25AUG26_Report_2026-08-05 (2).xlsx,,,,,,,,,,,,,,,,,,,,,,,,,PNB,114.95,0.93,0.82,288592000,200000,0.07,0.9,26.93,4.18,13.10 - 49.10,14.25 / 32.00 / 29.10,38.42,59.35,88.98,-15.84,-7.46,,,,,,,,,,,,,,,,,,,,,,,,,,
,,,,,,,,,,,,,,,,,,,IVR_IVP,IVR-IVP_25AUG26_Report_2026-08-05 (2).xlsx,,,,,,,,,,,,,,,,,,,,,,,,,PNBHOUSING,1131.5,47.3,4.36,7831850,91650,1.18,0.85,37.9,-24.98,17.31 - 90.49,35.69 / 33.30 / 30.96,28.14,83.74,6.19,13.81,22.42,,,,,,,,,,,,,,,,,,,,,,,,,,
,,,,,,,,,,,,,,,,,,,IVR_IVP,IVR-IVP_25AUG26_Report_2026-08-05 (2).xlsx,,,,,,,,,,,,,,,,,,,,,,,,,POLICYBZR,1622.3,11.9,0.74,9266600,27300,0.3,0.92,42.66,0.4,13.79 - 49.02,35.79 / 35.36 / 38.76,81.95,91.06,19.2,20.64,10.06,,,,,,,,,,,,,,,,,,,,,,,,,,
,,,,,,,,,,,,,,,,,,,IVR_IVP,IVR-IVP_25AUG26_Report_2026-08-05 (2).xlsx,,,,,,,,,,,,,,,,,,,,,,,,,POLYCAB,9314,106,1.15,2270500,-3250,-0.14,0.73,26.16,1.04,13.83 - 43.96,29.51 / 33.54 / 33.13,40.92,55.28,-11.35,-22,-21.04,,,,,,,,,,,,,,,,,,,,,,,,,,
,,,,,,,,,,,,,,,,,,,IVR_IVP,IVR-IVP_25AUG26_Report_2026-08-05 (2).xlsx,,,,,,,,,,,,,,,,,,,,,,,,,POWERGRID,284.4,2,0.71,46386600,43700,0.09,0.81,23.35,-0.38,10.36 - 31.50,16.98 / 19.65 / 18.86,61.45,81.71,37.51,18.83,23.81,,,,,,,,,,,,,,,,,,,,,,,,,,
,,,,,,,,,,,,,,,,,,,IVR_IVP,IVR-IVP_25AUG26_Report_2026-08-05 (2).xlsx,,,,,,,,,,,,,,,,,,,,,,,,,POWERINDIA,32625,325,1.01,587825,-225,-0.04,0.99,45.77,1.04,17.79 - 124.75,33.61 / 40.85 / 52.62,26.16,85.51,36.18,12.04,-13.02,,,,,,,,,,,,,,,,,,,,,,,,,,
,,,,,,,,,,,,,,,,,,,IVR_IVP,IVR-IVP_25AUG26_Report_2026-08-05 (2).xlsx,,,,,,,,,,,,,,,,,,,,,,,,,PREMIERENE,1039,-5.9,-0.56,7285200,-3900,-0.05,0.7,40.02,0.98,22.48 - 60.65,51.11 / 45.99 / 39.99,45.95,51.37,-21.7,-12.98,0.08,,,,,,,,,,,,,,,,,,,,,,,,,,
,,,,,,,,,,,,,,,,,,,IVR_IVP,IVR-IVP_25AUG26_Report_2026-08-05 (2).xlsx,,,,,,,,,,,,,,,,,,,,,,,,,PRESTIGE,1627.3,32.4,2.03,5148000,-3150,-0.06,0.67,34.26,3.19,14.99 - 51.78,57.95 / 51.25 / 47.13,52.38,69.11,-40.88,-33.15,-27.31,,,,,,,,,,,,,,,,,,,,,,,,,,
,,,,,,,,,,,,,,,,,,,IVR_IVP,IVR-IVP_25AUG26_Report_2026-08-05 (2).xlsx,,,,,,,,,,,,,,,,,,,,,,,,,RADICO,4512.7,43.7,0.98,809850,4050,0.5,1.05,28.15,-0.81,16.53 - 46.92,31.27 / 24.78 / 30.26,38.24,8.33,-9.98,13.6,-6.97,,,,,,,,,,,,,,,,,,,,,,,,,,
,,,,,,,,,,,,,,,,,,,IVR_IVP,IVR-IVP_25AUG26_Report_2026-08-05 (2).xlsx,,,,,,,,,,,,,,,,,,,,,,,,,RBLBANK,383.55,1,0.26,44694475,44450,0.1,0.82,29.44,1.87,15.75 - 58.21,32.23 / 39.24 / 37.48,32.24,39.02,-8.66,-24.97,-21.45,,,,,,,,,,,,,,,,,,,,,,,,,,
,,,,,,,,,,,,,,,,,,,IVR_IVP,IVR-IVP_25AUG26_Report_2026-08-05 (2).xlsx,,,,,,,,,,,,,,,,,,,,,,,,,RECLTD,369.55,1.05,0.28,44692200,11025,0.02,0.67,24.44,0.37,15.03 - 44.52,18.86 / 20.86 / 21.91,31.91,36.99,29.59,17.16,11.55,,,,,,,,,,,,,,,,,,,,,,,,,,
,,,,,,,,,,,,,,,,,,,IVR_IVP,IVR-IVP_25AUG26_Report_2026-08-05 (2).xlsx,,,,,,,,,,,,,,,,,,,,,,,,,RELIANCE,1300.9,3.5,0.27,103600000,262000,0.25,0.77,19.36,-0.82,8.02 - 29.53,22.81 / 25.00 / 22.51,52.72,47.97,-15.12,-22.56,-13.99,,,,,,,,,,,,,,,,,,,,,,,,,,
,,,,,,,,,,,,,,,,,,,IVR_IVP,IVR-IVP_25AUG26_Report_2026-08-05 (2).xlsx,,,,,,,,,,,,,,,,,,,,,,,,,RVNL,233.73,2.08,0.9,34911800,-30800,-0.09,0.74,38.56,-0.28,18.29 - 68.17,26.75 / 28.85 / 25.73,40.64,58.54,44.15,33.66,49.86,,,,,,,,,,,,,,,,,,,,,,,,,,
,,,,,,,,,,,,,,,,,,,IVR_IVP,IVR-IVP_25AUG26_Report_2026-08-05 (2).xlsx,,,,,,,,,,,,,,,,,,,,,,,,,SAIL,175.19,0.63,0.36,177105400,-258500,-0.15,0.7,34.38,-1.86,16.62 - 80.83,43.42 / 34.99 / 35.45,27.66,63.41,-20.82,-1.74,-3.02,,,,,,,,,,,,,,,,,,,,,,,,,,
,,,,,,,,,,,,,,,,,,,IVR_IVP,IVR-IVP_25AUG26_Report_2026-08-05 (2).xlsx,,,,,,,,,,,,,,,,,,,,,,,,,SBICARD,667.7,4.15,0.63,22298400,34400,0.15,0.62,26.36,-0.9,14.30 - 62.50,35.70 / 37.21 / 37.50,25.02,47.97,-26.16,-29.16,-29.71,,,,,,,,,,,,,,,,,,,,,,,,,,
,,,,,,,,,,,,,,,,,,,IVR_IVP,IVR-IVP_25AUG26_Report_2026-08-05 (2).xlsx,,,,,,,,,,,,,,,,,,,,,,,,,SBILIFE,1885.5,16.3,0.87,5787000,-31500,-0.54,0.61,22.45,-1.58,8.10 - 40.80,22.97 / 26.52 / 24.94,43.88,74.39,-2.26,-15.35,-9.98,,,,,,,,,,,,,,,,,,,,,,,,,,
,,,,,,,,,,,,,,,,,,,IVR_IVP,IVR-IVP_25AUG26_Report_2026-08-05 (2).xlsx,,,,,,,,,,,,,,,,,,,,,,,,,SBIN,1050.7,10,0.96,82684500,252000,0.31,0.95,26.3,-0.79,9.74 - 37.31,20.27 / 23.56 / 22.59,60.07,82.11,29.75,11.63,16.42,,,,,,,,,,,,,,,,,,,,,,,,,,
,,,,,,,,,,,,,,,,,,,IVR_IVP,IVR-IVP_25AUG26_Report_2026-08-05 (2).xlsx,,,,,,,,,,,,,,,,,,,,,,,,,SENSEX,79075.8,430.8,0.55,36120,400,1.12,1.4,10.77,-0.83,7.66 - 41.34,13.09 / 15.66 / 14.60,9.23,41.06,-17.72,-31.23,-26.23,,,,,,,,,,,,,,,,,,,,,,,,,,
,,,,,,,,,,,,,,,,,,,IVR_IVP,IVR-IVP_25AUG26_Report_2026-08-05 (2).xlsx,,,,,,,,,,,,,,,,,,,,,,,,,SHREECEM,26980,170,0.63,371275,850,0.23,0.95,23.79,7.31,11.81 - 42.75,29.56 / 30.43 / 32.42,38.72,53.66,-19.52,-21.82,-26.62,,,,,,,,,,,,,,,,,,,,,,,,,,
,,,,,,,,,,,,,,,,,,,IVR_IVP,IVR-IVP_25AUG26_Report_2026-08-05 (2).xlsx,,,,,,,,,,,,,,,,,,,,,,,,,SHRIRAMFIN,1099.5,17.4,1.61,26648325,324225,1.23,0.59,29.96,-2.51,18.47 - 56.96,44.10 / 43.77 / 37.17,29.85,47.15,-32.06,-31.55,-19.4,,,,,,,,,,,,,,,,,,,,,,,,,,
,,,,,,,,,,,,,,,,,,,IVR_IVP,IVR-IVP_25AUG26_Report_2026-08-05 (2).xlsx,,,,,,,,,,,,,,,,,,,,,,,,,SIEMENS,4056.2,39.2,0.98,3480575,24500,0.71,0.77,37.85,0.72,14.00 - 71.99,31.15 / 26.20 / 30.69,41.13,84.55,21.51,44.47,23.33,,,,,,,,,,,,,,,,,,,,,,,,,,
,,,,,,,,,,,,,,,,,,,IVR_IVP,IVR-IVP_25AUG26_Report_2026-08-05 (2).xlsx,,,,,,,,,,,,,,,,,,,,,,,,,SOLARINDS,18803,11,0.06,790350,900,0.11,0.78,36.62,4.84,18.55 - 57.71,23.81 / 34.55 / 36.63,46.14,74.8,53.8,5.99,-0.03,,,,,,,,,,,,,,,,,,,,,,,,,,
,,,,,,,,,,,,,,,,,,,IVR_IVP,IVR-IVP_25AUG26_Report_2026-08-05 (2).xlsx,,,,,,,,,,,,,,,,,,,,,,,,,SONACOMS,794,8.55,1.09,10847375,23275,0.22,0.87,29.49,-1.37,20.66 - 97.30,40.01 / 33.58 / 36.08,11.52,17.89,-26.29,-12.18,-18.26,,,,,,,,,,,,,,,,,,,,,,,,,,
,,,,,,,,,,,,,,,,,,,IVR_IVP,IVR-IVP_25AUG26_Report_2026-08-05 (2).xlsx,,,,,,,,,,,,,,,,,,,,,,,,,SRF,2642.7,7.4,0.28,4582800,9600,0.21,0.46,26.44,2.4,12.58 - 53.21,55.35 / 49.21 / 43.63,34.11,58.13,-52.23,-46.27,-39.4,,,,,,,,,,,,,,,,,,,,,,,,,,
,,,,,,,,,,,,,,,,,,,IVR_IVP,IVR-IVP_25AUG26_Report_2026-08-05 (2).xlsx,,,,,,,,,,,,,,,,,,,,,,,,,SUNPHARMA,1947.4,-14.3,-0.73,13841450,16800,0.12,0.57,18.91,4.88,8.21 - 34.78,17.34 / 19.14 / 17.32,40.27,71.95,9.05,-1.2,9.18,,,,,,,,,,,,,,,,,,,,,,,,,,
,,,,,,,,,,,,,,,,,,,IVR_IVP,IVR-IVP_25AUG26_Report_2026-08-05 (2).xlsx,,,,,,,,,,,,,,,,,,,,,,,,,SUPREMEIND,3510.7,-8.2,-0.23,2287425,4550,0.2,0.73,31.01,4.66,17.47 - 62.87,34.77 / 32.83 / 41.27,29.82,65.45,-10.81,-5.54,-24.86,,,,,,,,,,,,,,,,,,,,,,,,,,
,,,,,,,,,,,,,,,,,,,IVR_IVP,IVR-IVP_25AUG26_Report_2026-08-05 (2).xlsx,,,,,,,,,,,,,,,,,,,,,,,,,SUZLON,48.8,0.36,0.74,460933800,-88900,-0.02,0.49,37.19,-1.69,10.07 - 87.65,60.82 / 45.78 / 40.48,34.96,64.23,-38.85,-18.76,-8.13,,,,,,,,,,,,,,,,,,,,,,,,,,
,,,,,,,,,,,,,,,,,,,IVR_IVP,IVR-IVP_25AUG26_Report_2026-08-05 (2).xlsx,,,,,,,,,,,,,,,,,,,,,,,,,SWIGGY,291.7,2.05,0.71,66650825,386900,0.58,0.67,42.89,0.7,27.67 - 52.28,67.65 / 65.45 / 60.92,61.84,62.33,-36.6,-34.47,-29.6,,,,,,,,,,,,,,,,,,,,,,,,,,
,,,,,,,,,,,,,,,,,,,IVR_IVP,IVR-IVP_25AUG26_Report_2026-08-05 (2).xlsx,,,,,,,,,,,,,,,,,,,,,,,,,TATACONSUM,1093.5,4.2,0.39,15677750,15400,0.1,0.61,22.23,-0.98,15.48 - 41.34,32.39 / 28.32 / 29.98,26.1,54.47,-31.37,-21.5,-25.85,,,,,,,,,,,,,,,,,,,,,,,,,,
,,,,,,,,,,,,,,,,,,,IVR_IVP,IVR-IVP_25AUG26_Report_2026-08-05 (2).xlsx,,,,,,,,,,,,,,,,,,,,,,,,,TATAELXSI,3768.7,16.7,0.45,2383000,-5125,-0.21,0.59,31.84,-0.03,14.13 - 58.57,35.11 / 43.53 / 45.12,39.85,50.41,-9.31,-26.86,-29.43,,,,,,,,,,,,,,,,,,,,,,,,,,
,,,,,,,,,,,,,,,,,,,IVR_IVP,IVR-IVP_25AUG26_Report_2026-08-05 (2).xlsx,,,,,,,,,,,,,,,,,,,,,,,,,TATAPOWER,383.4,1,0.26,62061450,-71050,-0.11,0.75,19.6,-1.51,12.26 - 51.71,19.07 / 19.88 / 20.51,18.61,24.8,2.78,-1.41,-4.44,,,,,,,,,,,,,,,,,,,,,,,,,,
,,,,,,,,,,,,,,,,,,,IVR_IVP,IVR-IVP_25AUG26_Report_2026-08-05 (2).xlsx,,,,,,,,,,,,,,,,,,,,,,,,,TATASTEEL,192.27,0.73,0.38,170214000,211750,0.12,0.73,23.23,0.22,10.03 - 42.90,22.65 / 21.76 / 23.04,40.16,37.4,2.56,6.76,0.82,,,,,,,,,,,,,,,,,,,,,,,,,,
,,,,,,,,,,,,,,,,,,,IVR_IVP,IVR-IVP_25AUG26_Report_2026-08-05 (2).xlsx,,,,,,,,,,,,,,,,,,,,,,,,,TCS,2448,-9.4,-0.38,30785850,33075,0.11,0.89,25.69,0.94,10.28 - 37.75,44.27 / 42.27 / 44.55,56.1,63.82,-41.97,-39.22,-42.33,,,,,,,,,,,,,,,,,,,,,,,,,,
,,,,,,,,,,,,,,,,,,,IVR_IVP,IVR-IVP_25AUG26_Report_2026-08-05 (2).xlsx,,,,,,,,,,,,,,,,,,,,,,,,,TECHM,1655.8,3.9,0.24,17120400,-12600,-0.07,0.65,26.17,-0.08,9.15 - 40.19,27.29 / 30.86 / 36.87,54.83,51.22,-4.1,-15.2,-29.02,,,,,,,,,,,,,,,,,,,,,,,,,,
,,,,,,,,,,,,,,,,,,,IVR_IVP,IVR-IVP_25AUG26_Report_2026-08-05 (2).xlsx,,,,,,,,,,,,,,,,,,,,,,,,,TIINDIA,2809.7,60.9,2.22,2243200,-14400,-0.64,0.69,39.75,5.3,15.40 - 45.55,39.65 / 32.07 / 33.74,80.76,90.24,0.25,23.95,17.81,,,,,,,,,,,,,,,,,,,,,,,,,,
,,,,,,,,,,,,,,,,,,,IVR_IVP,IVR-IVP_25AUG26_Report_2026-08-05 (2).xlsx,,,,,,,,,,,,,,,,,,,,,,,,,TITAN,4902.6,4.9,0.1,5250875,1400,0.03,0.77,23.64,-0.34,7.46 - 38.76,23.39 / 18.23 / 21.83,51.69,73.98,1.07,29.68,8.29,,,,,,,,,,,,,,,,,,,,,,,,,,
,,,,,,,,,,,,,,,,,,,IVR_IVP,IVR-IVP_25AUG26_Report_2026-08-05 (2).xlsx,,,,,,,,,,,,,,,,,,,,,,,,,TMPV,351.45,5.5,1.59,74390400,-302400,-0.4,0.79,33.64,0.06,15.47 - 44.77,28.57 / 29.46 / 28.81,62.01,73.96,17.75,14.19,16.77,,,,,,,,,,,,,,,,,,,,,,,,,,
,,,,,,,,,,,,,,,,,,,IVR_IVP,IVR-IVP_25AUG26_Report_2026-08-05 (2).xlsx,,,,,,,,,,,,,,,,,,,,,,,,,TORNTPHARM,5010,-54.5,-1.08,3644500,7875,0.22,0.56,25.2,5.93,10.90 - 56.54,40.60 / 41.44 / 36.27,31.33,73.98,-37.93,-39.19,-30.52,,,,,,,,,,,,,,,,,,,,,,,,,,
,,,,,,,,,,,,,,,,,,,IVR_IVP,IVR-IVP_25AUG26_Report_2026-08-05 (2).xlsx,,,,,,,,,,,,,,,,,,,,,,,,,TRENT,3136.4,55.6,1.8,10532700,-6525,-0.06,0.78,35.6,1.71,16.48 - 59.18,20.62 / 22.19 / 50.05,44.78,88.62,72.65,60.43,-28.87,,,,,,,,,,,,,,,,,,,,,,,,,,
,,,,,,,,,,,,,,,,,,,IVR_IVP,IVR-IVP_25AUG26_Report_2026-08-05 (2).xlsx,,,,,,,,,,,,,,,,,,,,,,,,,TVSMOTOR,4427.9,58,1.33,9013550,85225,0.95,1.04,26.69,3.37,14.16 - 41.67,31.59 / 38.50 / 38.60,45.55,68.29,-15.51,-30.68,-30.85,,,,,,,,,,,,,,,,,,,,,,,,,,
,,,,,,,,,,,,,,,,,,,IVR_IVP,IVR-IVP_25AUG26_Report_2026-08-05 (2).xlsx,,,,,,,,,,,,,,,,,,,,,,,,,ULTRACEMCO,12078,70,0.58,1606250,1250,0.08,0.54,19.67,1.81,12.30 - 47.01,16.93 / 24.91 / 23.25,21.23,49.59,16.18,-21.04,-15.4,,,,,,,,,,,,,,,,,,,,,,,,,,
,,,,,,,,,,,,,,,,,,,IVR_IVP,IVR-IVP_25AUG26_Report_2026-08-05 (2).xlsx,,,,,,,,,,,,,,,,,,,,,,,,,UNIONBANK,178.37,4.13,2.37,118660800,570825,0.48,0.89,32.11,7.03,12.77 - 48.98,28.42 / 43.06 / 43.08,53.41,60.98,12.98,-25.43,-25.46,,,,,,,,,,,,,,,,,,,,,,,,,,
,,,,,,,,,,,,,,,,,,,IVR_IVP,IVR-IVP_25AUG26_Report_2026-08-05 (2).xlsx,,,,,,,,,,,,,,,,,,,,,,,,,UNITDSPR,1535,-0.6,-0.04,7652800,4000,0.05,0.92,22.78,0,16.23 - 37.59,24.67 / 26.14 / 27.36,30.66,54.07,-7.66,-12.85,-16.74,,,,,,,,,,,,,,,,,,,,,,,,,,
,,,,,,,,,,,,,,,,,,,IVR_IVP,IVR-IVP_25AUG26_Report_2026-08-05 (2).xlsx,,,,,,,,,,,,,,,,,,,,,,,,,UNOMINDA,1275,42.4,3.44,4679400,16500,0.35,0.67,33.36,1.58,13.16 - 45.98,25.73 / 23.92 / 29.23,61.55,68.29,29.65,39.46,14.13,,,,,,,,,,,,,,,,,,,,,,,,,,
,,,,,,,,,,,,,,,,,,,IVR_IVP,IVR-IVP_25AUG26_Report_2026-08-05 (2).xlsx,,,,,,,,,,,,,,,,,,,,,,,,,UPL,583,-2.05,-0.35,33795055,342815,1.02,0.49,28.78,-0.21,13.55 - 62.38,45.48 / 44.22 / 43.58,31.19,69.92,-36.72,-34.92,-33.96,,,,,,,,,,,,,,,,,,,,,,,,,,
,,,,,,,,,,,,,,,,,,,IVR_IVP,IVR-IVP_25AUG26_Report_2026-08-05 (2).xlsx,,,,,,,,,,,,,,,,,,,,,,,,,VBL,445.1,2.8,0.63,54508800,79050,0.15,0.47,27.92,0.4,12.54 - 58.48,56.87 / 42.13 / 38.70,33.48,54.47,-50.91,-33.73,-27.86,,,,,,,,,,,,,,,,,,,,,,,,,,
,,,,,,,,,,,,,,,,,,,IVR_IVP,IVR-IVP_25AUG26_Report_2026-08-05 (2).xlsx,,,,,,,,,,,,,,,,,,,,,,,,,VEDL,270.95,1.3,0.48,50522950,182850,0.36,0.56,30.78,0.95,0.41 - 50.83,23.71 / 28.41 / 42.08,60.23,47.56,29.82,8.34,-26.85,,,,,,,,,,,,,,,,,,,,,,,,,,
,,,,,,,,,,,,,,,,,,,IVR_IVP,IVR-IVP_25AUG26_Report_2026-08-05 (2).xlsx,,,,,,,,,,,,,,,,,,,,,,,,,VMM,110.47,-1.39,-1.24,47374800,320100,0.68,0.59,30.02,0.3,25.31 - 62.92,34.62 / 31.48 / 32.20,12.52,16.47,-13.29,-4.64,-6.77,,,,,,,,,,,,,,,,,,,,,,,,,,
,,,,,,,,,,,,,,,,,,,IVR_IVP,IVR-IVP_25AUG26_Report_2026-08-05 (2).xlsx,,,,,,,,,,,,,,,,,,,,,,,,,VOLTAS,1324.7,4.1,0.31,7092375,50250,0.71,0.98,36.72,3.29,16.09 - 53.68,27.57 / 34.51 / 30.12,54.88,82.52,33.19,6.4,21.91,,,,,,,,,,,,,,,,,,,,,,,,,,
,,,,,,,,,,,,,,,,,,,IVR_IVP,IVR-IVP_25AUG26_Report_2026-08-05 (2).xlsx,,,,,,,,,,,,,,,,,,,,,,,,,WAAREEENER,2702.6,20.6,0.77,7446950,-9625,-0.13,0.56,30.48,-0.42,20.66 - 65.89,34.97 / 32.21 / 31.79,21.71,22.6,-12.84,-5.37,-4.12,,,,,,,,,,,,,,,,,,,,,,,,,,
,,,,,,,,,,,,,,,,,,,IVR_IVP,IVR-IVP_25AUG26_Report_2026-08-05 (2).xlsx,,,,,,,,,,,,,,,,,,,,,,,,,WIPRO,188.59,0.14,0.07,215526000,-93000,-0.04,0.69,26.85,0.98,13.16 - 41.85,25.24 / 23.81 / 27.18,47.72,58.54,6.38,12.77,-1.21,,,,,,,,,,,,,,,,,,,,,,,,,,
,,,,,,,,,,,,,,,,,,,IVR_IVP,IVR-IVP_25AUG26_Report_2026-08-05 (2).xlsx,,,,,,,,,,,,,,,,,,,,,,,,,YESBANK,23.08,0.17,0.74,1171816900,-62200,-0.01,0.61,26.41,-1.53,11.97 - 43.39,15.69 / 21.74 / 24.79,45.96,36.59,68.32,21.48,6.53,,,,,,,,,,,,,,,,,,,,,,,,,,
,,,,,,,,,,,,,,,,,,,IVR_IVP,IVR-IVP_25AUG26_Report_2026-08-05 (2).xlsx,,,,,,,,,,,,,,,,,,,,,,,,,ZYDUSLIFE,1113.2,-6.3,-0.56,10035000,41400,0.41,0.72,30.86,2.25,13.77 - 38.88,21.30 / 20.18 / 24.39,68.06,93.9,44.88,52.92,26.53,,,,,,,,,,,,,,,,,,,,,,,,,,
NIFTY,,,,,,144.8,,,,,,,,,,,,,RESISTANCE,Resistance_25AUG26_Scan_5_8_2026 (3).xlsx,,24700.4,0.59,,1.11,,,,,,,,,,,,,,,,,,,,,,,,,,,,,,,,,,,,,180215.0,-1071.0,-0.59,24000.0,89426.0,-286.0,123135.0,29.0,2.92,SC,,,,,,,,,,,,,,,,
SENSEX,,,,,,426.45,,,,,,,,,,,,,RESISTANCE,Resistance_25AUG26_Scan_5_8_2026 (3).xlsx,,79071.45,0.54,,1.46,,,,,,,,,,,,,,,,,,,,,,,,,,,,,,,,,,,,,1809.0,23.0,1.29,77000.0,1474.0,-9.0,1878.0,21.0,2.69,LB,,,,,,,,,,,,,,,,
M&M,,,,,,63.7,,,,,,,,,,,,,RESISTANCE,Resistance_25AUG26_Scan_5_8_2026 (3).xlsx,,3486.4,1.86,,0.89,,,,,,,,,,,,,,,,,,,,,,,,,,,,,,,,,,,,,61223.0,363.0,0.6,3400.0,3715.0,-417.0,3446.0,175.0,2.54,LB,,,,,,,,,,,,,,,,
LAURUSLABS,,,,,,8.3,,,,,,,,,,,,,RESISTANCE,Resistance_25AUG26_Scan_5_8_2026 (3).xlsx,,1843.0,0.45,,0.99,,,,,,,,,,,,,,,,,,,,,,,,,,,,,,,,,,,,,19885.0,171.0,0.87,1800.0,1591.0,11.0,1329.0,173.0,2.39,LB,,,,,,,,,,,,,,,,
HINDALCO,,,,,,5.5,,,,,,,,,,,,,RESISTANCE,Resistance_25AUG26_Scan_5_8_2026 (3).xlsx,,1023.5,0.54,,0.79,,,,,,,,,,,,,,,,,,,,,,,,,,,,,,,,,,,,,75710.0,7.0,0.01,1000.0,3336.0,-251.0,1550.0,44.0,2.35,LB,,,,,,,,,,,,,,,,
BPCL,,,,,,5.5,,,,,,,,,,,,,RESISTANCE,Resistance_25AUG26_Scan_5_8_2026 (3).xlsx,,327.3,1.71,,0.72,,,,,,,,,,,,,,,,,,,,,,,,,,,,,,,,,,,,,20082.0,40.0,0.2,320.0,835.0,-27.0,441.0,31.0,2.28,LB,,,,,,,,,,,,,,,,
LT,,,,,,65.2,,,,,,,,,,,,,RESISTANCE,Resistance_25AUG26_Scan_5_8_2026 (3).xlsx,,4086.2,1.62,,0.86,,,,,,,,,,,,,,,,,,,,,,,,,,,,,,,,,,,,,64948.0,-386.0,-0.59,4000.0,5536.0,-1241.0,2563.0,27.0,2.16,SC,,,,,,,,,,,,,,,,
INDIANB,,,,,,19.5,,,,,,,,,,,,,RESISTANCE,Resistance_25AUG26_Scan_5_8_2026 (3).xlsx,,865.0,2.31,,1.08,,,,,,,,,,,,,,,,,,,,,,,,,,,,,,,,,,,,,12060.0,-24.0,-0.2,850.0,846.0,-211.0,488.0,26.0,1.76,SC,,,,,,,,,,,,,,,,
NHPC,,,,,,0.78,,,,,,,,,,,,,RESISTANCE,Resistance_25AUG26_Scan_5_8_2026 (3).xlsx,,81.35,0.97,,0.71,,,,,,,,,,,,,,,,,,,,,,,,,,,,,,,,,,,,,17189.0,82.0,0.48,80.0,830.0,-108.0,409.0,-12.0,1.69,LB,,,,,,,,,,,,,,,,
BAJAJFINSV,,,,,,23.5,,,,,,,,,,,,,RESISTANCE,Resistance_25AUG26_Scan_5_8_2026 (3).xlsx,,2107.0,1.13,,0.93,,,,,,,,,,,,,,,,,,,,,,,,,,,,,,,,,,,,,26765.0,187.0,0.7,2080.0,2441.0,-125.0,903.0,49.0,1.3,LB,,,,,,,,,,,,,,,,
BAJAJ-AUTO,,,,,,47.0,,,,,,,,,,,,,RESISTANCE,Resistance_25AUG26_Scan_5_8_2026 (3).xlsx,,11646.0,0.41,,1.61,,,,,,,,,,,,,,,,,,,,,,,,,,,,,,,,,,,,,24903.0,68.0,0.27,11500.0,1964.0,-50.0,1527.0,41.0,1.27,LB,,,,,,,,,,,,,,,,
PGEL,,,,,,10.6,,,,,,,,,,,,,RESISTANCE,Resistance_25AUG26_Scan_5_8_2026 (3).xlsx,,627.45,1.72,,0.89,,,,,,,,,,,,,,,,,,,,,,,,,,,,,,,,,,,,,11707.0,192.0,1.67,620.0,1127.0,56.0,464.0,10.0,1.2,LB,,,,,,,,,,,,,,,,
BOSCHLTD,,,,,,1050.0,,,,,,,,,,,,,RESISTANCE,Resistance_25AUG26_Scan_5_8_2026 (3).xlsx,,42500.0,2.53,,1.31,,,,,,,,,,,,,,,,,,,,,,,,,,,,,,,,,,,,,8332.0,35.0,0.42,42000.0,352.0,-90.0,236.0,29.0,1.19,LB,,,,,,,,,,,,,,,,
ETERNAL,,,,,,3.4,,,,,,,,,,,,,RESISTANCE,Resistance_25AUG26_Scan_5_8_2026 (3).xlsx,,313.7,1.1,,0.75,,,,,,,,,,,,,,,,,,,,,,,,,,,,,,,,,,,,,63385.0,213.0,0.34,310.0,3151.0,-53.0,1671.0,150.0,1.19,LB,,,,,,,,,,,,,,,,
TATASTEEL,,,,,,0.71,,,,,,,,,,,,,RESISTANCE,Resistance_25AUG26_Scan_5_8_2026 (3).xlsx,,192.25,0.37,,0.73,,,,,,,,,,,,,,,,,,,,,,,,,,,,,,,,,,,,,61851.0,32.0,0.05,190.0,5092.0,11.0,2492.0,72.0,1.18,LB,,,,,,,,,,,,,,,,
MANAPPURAM,,,,,,5.6,,,,,,,,,,,,,RESISTANCE,Resistance_25AUG26_Scan_5_8_2026 (3).xlsx,,364.2,1.56,,0.65,,,,,,,,,,,,,,,,,,,,,,,,,,,,,,,,,,,,,21098.0,-85.0,-0.4,360.0,857.0,-35.0,530.0,12.0,1.17,SC,,,,,,,,,,,,,,,,
IEX,,,,,,1.64,,,,,,,,,,,,,RESISTANCE,Resistance_25AUG26_Scan_5_8_2026 (3).xlsx,,131.49,1.26,,0.71,,,,,,,,,,,,,,,,,,,,,,,,,,,,,,,,,,,,,16756.0,11.0,0.07,130.0,1916.0,-1.0,690.0,18.0,1.15,LB,,,,,,,,,,,,,,,,
DLF,,,,,,18.5,,,,,,,,,,,,,RESISTANCE,Resistance_25AUG26_Scan_5_8_2026 (3).xlsx,,667.5,2.85,,0.65,,,,,,,,,,,,,,,,,,,,,,,,,,,,,,,,,,,,,49478.0,271.0,0.55,660.0,2549.0,236.0,1148.0,74.0,1.14,LB,,,,,,,,,,,,,,,,
ULTRACEMCO,,,,,,67.0,,,,,,,,,,,,,RESISTANCE,Resistance_25AUG26_Scan_5_8_2026 (3).xlsx,,12075.0,0.56,,0.54,,,,,,,,,,,,,,,,,,,,,,,,,,,,,,,,,,,,,32127.0,27.0,0.08,11960.0,2268.0,1.0,406.0,-1.0,0.96,LB,,,,,,,,,,,,,,,,
GODREJPROP,,,,,,81.4,,,,,,,,,,,,,RESISTANCE,Resistance_25AUG26_Scan_5_8_2026 (3).xlsx,,2120.0,3.99,,0.6,,,,,,,,,,,,,,,,,,,,,,,,,,,,,,,,,,,,,24173.0,-57.0,-0.24,2100.0,2052.0,221.0,833.0,148.0,0.95,SC,,,,,,,,,,,,,,,,
UNOMINDA,,,,,,39.3,,,,,,,,,,,,,RESISTANCE,Resistance_25AUG26_Scan_5_8_2026 (3).xlsx,,1271.9,3.19,,0.73,,,,,,,,,,,,,,,,,,,,,,,,,,,,,,,,,,,,,8553.0,75.0,0.88,1260.0,795.0,116.0,51.0,33.0,0.94,LB,,,,,,,,,,,,,,,,
POLICYBZR,,,,,,4.4,,,,,,,,,,,,,RESISTANCE,Resistance_25AUG26_Scan_5_8_2026 (3).xlsx,,1614.8,0.27,,0.95,,,,,,,,,,,,,,,,,,,,,,,,,,,,,,,,,,,,,26434.0,36.0,0.14,1600.0,869.0,19.0,739.0,-19.0,0.93,LB,,,,,,,,,,,,,,,,
PETRONET,,,,,,2.15,,,,,,,,,,,,,RESISTANCE,Resistance_25AUG26_Scan_5_8_2026 (3).xlsx,,282.55,0.77,,0.99,,,,,,,,,,,,,,,,,,,,,,,,,,,,,,,,,,,,,16836.0,-8.0,-0.05,280.0,1172.0,-1.0,934.0,0.0,0.91,SC,,,,,,,,,,,,,,,,
MAZDOCK,,,,,,31.9,,,,,,,,,,,,,RESISTANCE,Resistance_25AUG26_Scan_5_8_2026 (3).xlsx,,2419.0,1.34,,0.66,,,,,,,,,,,,,,,,,,,,,,,,,,,,,,,,,,,,,22245.0,-143.0,-0.64,2400.0,1691.0,-341.0,874.0,-39.0,0.79,SC,,,,,,,,,,,,,,,,
TRENT,,,,,,43.4,,,,,,,,,,,,,RESISTANCE,Resistance_25AUG26_Scan_5_8_2026 (3).xlsx,,3124.2,1.41,,0.77,,,,,,,,,,,,,,,,,,,,,,,,,,,,,,,,,,,,,46802.0,-39.0,-0.08,3100.0,2333.0,-388.0,788.0,-26.0,0.78,SC,,,,,,,,,,,,,,,,
HYUNDAI,,,,,,20.2,,,,,,,,,,,,,RESISTANCE,Resistance_25AUG26_Scan_5_8_2026 (3).xlsx,,2217.0,0.92,,1.14,,,,,,,,,,,,,,,,,,,,,,,,,,,,,,,,,,,,,14397.0,0.0,0.0,2200.0,980.0,-22.0,618.0,26.0,0.77,-,,,,,,,,,,,,,,,,
KALYANKJIL,,,,,,-9.45,,,,,,,,,,,,,RESISTANCE,Resistance_25AUG26_Scan_5_8_2026 (3).xlsx,,583.9,-1.59,,0.94,,,,,,,,,,,,,,,,,,,,,,,,,,,,,,,,,,,,,17151.0,52.0,0.3,580.0,2271.0,1352.0,1250.0,217.0,0.67,SB,,,,,,,,,,,,,,,,
YESBANK,,,,,,0.2,,,,,,,,,,,,,RESISTANCE,Resistance_25AUG26_Scan_5_8_2026 (3).xlsx,,23.11,0.87,,0.61,,,,,,,,,,,,,,,,,,,,,,,,,,,,,,,,,,,,,37683.0,2.0,0.01,23.0,2284.0,-19.0,2319.0,41.0,0.48,LB,,,,,,,,,,,,,,,,
VMM,,,,,,-1.35,,,,,,,,,,,,,RESISTANCE,Resistance_25AUG26_Scan_5_8_2026 (3).xlsx,,110.51,-1.21,,0.59,,,,,,,,,,,,,,,,,,,,,,,,,,,,,,,,,,,,,9759.0,57.0,0.59,110.0,590.0,5.0,444.0,8.0,0.46,SB,,,,,,,,,,,,,,,,
CANBK,,,,,,2.58,,,,,,,,,,,,,RESISTANCE,Resistance_25AUG26_Scan_5_8_2026 (3).xlsx,,130.55,2.02,,0.78,,,,,,,,,,,,,,,,,,,,,,,,,,,,,,,,,,,,,57016.0,29.0,0.05,130.0,2670.0,-452.0,1452.0,-25.0,0.42,LB,,,,,,,,,,,,,,,,
PNB,,,,,,1.41,,,,,,,,,,,,,RESISTANCE,Resistance_25AUG26_Scan_5_8_2026 (3).xlsx,,115.43,1.24,,0.91,,,,,,,,,,,,,,,,,,,,,,,,,,,,,,,,,,,,,36081.0,32.0,0.09,115.0,1508.0,-13.0,421.0,36.0,0.37,LB,,,,,,,,,,,,,,,,
INOXWIND,,,,,,0.74,,,,,,,,,,,,,RESISTANCE,Resistance_25AUG26_Scan_5_8_2026 (3).xlsx,,80.26,0.93,,0.66,,,,,,,,,,,,,,,,,,,,,,,,,,,,,,,,,,,,,16502.0,-24.0,-0.15,80.0,1377.0,-9.0,817.0,3.0,0.33,SC,,,,,,,,,,,,,,,,
IRFC,,,,,,0.67,,,,,,,,,,,,,RESISTANCE,Resistance_25AUG26_Scan_5_8_2026 (3).xlsx,,90.27,0.75,,0.69,,,,,,,,,,,,,,,,,,,,,,,,,,,,,,,,,,,,,16155.0,-46.0,-0.28,90.0,3560.0,-143.0,2608.0,7.0,0.3,SC,,,,,,,,,,,,,,,,
BANKBARODA,,,,,,4.01,,,,,,,,,,,,,RESISTANCE,Resistance_25AUG26_Scan_5_8_2026 (3).xlsx,,250.65,1.63,,0.96,,,,,,,,,,,,,,,,,,,,,,,,,,,,,,,,,,,,,44525.0,-54.0,-0.12,250.0,3498.0,16.0,1404.0,10.0,0.26,SC,,,,,,,,,,,,,,,,
ABCAPITAL,,,,,,7.45,,,,,,,,,,,,,RESISTANCE,Resistance_25AUG26_Scan_5_8_2026 (3).xlsx,,425.95,1.78,,0.72,,,,,,,,,,,,,,,,,,,,,,,,,,,,,,,,,,,,,12047.0,58.0,0.48,425.0,857.0,-62.0,143.0,29.0,0.22,LB,,,,,,,,,,,,,,,,
BANKNIFTY,,,,,,408.6,,,,,,,,,,,,,RESISTANCE,Resistance_25AUG26_Scan_5_8_2026 (3).xlsx,,58125.0,0.71,,0.86,,,,,,,,,,,,,,,,,,,,,,,,,,,,,,,,,,,,,70735.0,-862.0,-1.2,58000.0,76137.0,-1008.0,52989.0,691.0,0.22,SC,,,,,,,,,,,,,,,,
RADICO,,,,,,39.3,,,,,,,,,,,,,RESISTANCE,Resistance_25AUG26_Scan_5_8_2026 (3).xlsx,,4508.3,0.88,,1.03,,,,,,,,,,,,,,,,,,,,,,,,,,,,,,,,,,,,,5377.0,5.0,0.09,4500.0,522.0,-39.0,0.0,,0.18,LB,,,,,,,,,,,,,,,,
MPHASIS,,,,,,13.2,,,,,,,,,,,,,RESISTANCE,Resistance_25AUG26_Scan_5_8_2026 (3).xlsx,,2403.6,0.55,,0.78,,,,,,,,,,,,,,,,,,,,,,,,,,,,,,,,,,,,,14151.0,34.0,0.24,2400.0,652.0,-29.0,299.0,1.0,0.15,LB,,,,,,,,,,,,,,,,
ADANIGREEN,,,,,,9.6,,,,,,,,,,,,,RESISTANCE,Resistance_25AUG26_Scan_5_8_2026 (3).xlsx,,1402.0,0.69,,0.6,,,,,,,,,,,,,,,,,,,,,,,,,,,,,,,,,,,,,44240.0,89.0,0.2,1400.0,2016.0,2.0,1531.0,-2.0,0.14,LB,,,,,,,,,,,,,,,,
GRASIM,,,,,,29.0,,,,,,,,,,,,,RESISTANCE,Resistance_25AUG26_Scan_5_8_2026 (3).xlsx,,3164.0,0.93,,0.67,,,,,,,,,,,,,,,,,,,,,,,,,,,,,,,,,,,,,47577.0,3.0,0.01,3160.0,1602.0,271.0,313.0,43.0,0.13,LB,,,,,,,,,,,,,,,,
SHRIRAMFIN,,,,,,19.1,,,,,,,,,,,,,RESISTANCE,Resistance_25AUG26_Scan_5_8_2026 (3).xlsx,,1101.2,1.77,,0.59,,,,,,,,,,,,,,,,,,,,,,,,,,,,,,,,,,,,,32292.0,384.0,1.2,1100.0,2494.0,-382.0,591.0,83.0,0.11,LB,,,,,,,,,,,,,,,,
ICICIBANK,,,,,,6.0,,,,,,,,,,,,,RESISTANCE,Resistance_25AUG26_Scan_5_8_2026 (3).xlsx,,1451.5,0.42,,0.71,,,,,,,,,,,,,,,,,,,,,,,,,,,,,,,,,,,,,148572.0,126.0,0.08,1450.0,5030.0,-112.0,2054.0,202.0,0.1,LB,,,,,,,,,,,,,,,,
SBIN,,,,,,10.0,,,,,,,,,,,,,RESISTANCE,Resistance_25AUG26_Scan_5_8_2026 (3).xlsx,,1050.7,0.96,,0.94,,,,,,,,,,,,,,,,,,,,,,,,,,,,,,,,,,,,,110108.0,198.0,0.18,1050.0,6587.0,-130.0,3544.0,38.0,0.07,LB,,,,,,,,,,,,,,,,
RELIANCE,,,,,,3.4,,,,,,,,,,,,,RESISTANCE,Resistance_25AUG26_Scan_5_8_2026 (3).xlsx,,1300.8,0.26,,0.77,,,,,,,,,,,,,,,,,,,,,,,,,,,,,,,,,,,,,207142.0,466.0,0.23,1300.0,16792.0,41.0,10359.0,-42.0,0.06,LB,,,,,,,,,,,,,,,,
DIVISLAB,,,,,,-33.5,,,,,,,,,,,,,RESISTANCE,Resistance_25AUG26_Scan_5_8_2026 (3).xlsx,,8401.5,-0.4,,1.06,,,,,,,,,,,,,,,,,,,,,,,,,,,,,,,,,,,,,35565.0,143.0,0.4,8400.0,2101.0,45.0,1296.0,2.0,0.02,SB,,,,,,,,,,,,,,,,
TIINDIA,,,,,,50.3,,,,,,,,,,,,,RESISTANCE,Resistance_25AUG26_Scan_5_8_2026 (3).xlsx,,2799.1,1.83,,0.69,,,,,,,,,,,,,,,,,,,,,,,,,,,,,,,,,,,,,11235.0,-53.0,-0.47,2800.0,414.0,-98.0,195.0,0.0,-0.03,SC,,,,,,,,,,,,,,,,
HINDPETRO,,,,,,6.15,,,,,,,,,,,,,RESISTANCE,Resistance_25AUG26_Scan_5_8_2026 (3).xlsx,,399.6,1.56,,0.69,,,,,,,,,,,,,,,,,,,,,,,,,,,,,,,,,,,,,22060.0,26.0,0.12,400.0,2006.0,-9.0,659.0,20.0,-0.1,LB,,,,,,,,,,,,,,,,
INDHOTEL,,,,,,4.45,,,,,,,,,,,,,RESISTANCE,Resistance_25AUG26_Scan_5_8_2026 (3).xlsx,,749.2,0.6,,0.66,,,,,,,,,,,,,,,,,,,,,,,,,,,,,,,,,,,,,20708.0,59.0,0.29,750.0,904.0,13.0,346.0,2.0,-0.11,LB,,,,,,,,,,,,,,,,
AXISBANK,,,,,,5.6,,,,,,,,,,,,,RESISTANCE,Resistance_25AUG26_Scan_5_8_2026 (3).xlsx,,1257.6,0.45,,0.71,,,,,,,,,,,,,,,,,,,,,,,,,,,,,,,,,,,,,128820.0,-33.0,-0.03,1260.0,5795.0,-226.0,2936.0,129.0,-0.19,SC,,,,,,,,,,,,,,,,
FEDERALBNK,,,,,,0.8,,,,,,,,,,,,,RESISTANCE,Resistance_25AUG26_Scan_5_8_2026 (3).xlsx,,359.05,0.22,,0.93,,,,,,,,,,,,,,,,,,,,,,,,,,,,,,,,,,,,,33792.0,53.0,0.16,360.0,1568.0,-30.0,750.0,9.0,-0.26,LB,,,,,,,,,,,,,,,,
ICICIGI,,,,,,56.4,,,,,,,,,,,,,RESISTANCE,Resistance_25AUG26_Scan_5_8_2026 (3).xlsx,,1694.9,3.44,,0.56,,,,,,,,,,,,,,,,,,,,,,,,,,,,,,,,,,,,,15775.0,419.0,2.73,1700.0,1400.0,644.0,343.0,201.0,-0.3,LB,,,,,,,,,,,,,,,,
CHOLAFIN,,,,,,25.6,,,,,,,,,,,,,RESISTANCE,Resistance_25AUG26_Scan_5_8_2026 (3).xlsx,,1893.6,1.37,,0.89,,,,,,,,,,,,,,,,,,,,,,,,,,,,,,,,,,,,,20829.0,200.0,0.97,1900.0,694.0,-114.0,200.0,23.0,-0.34,LB,,,,,,,,,,,,,,,,
INDIGO,,,,,,138.5,,,,,,,,,,,,,RESISTANCE,Resistance_25AUG26_Scan_5_8_2026 (3).xlsx,,5478.5,2.59,,0.65,,,,,,,,,,,,,,,,,,,,,,,,,,,,,,,,,,,,,37529.0,142.0,0.38,5500.0,3948.0,1578.0,734.0,179.0,-0.39,LB,,,,,,,,,,,,,,,,
EICHERMOT,,,,,,53.0,,,,,,,,,,,,,RESISTANCE,Resistance_25AUG26_Scan_5_8_2026 (3).xlsx,,7961.0,0.67,,1.02,,,,,,,,,,,,,,,,,,,,,,,,,,,,,,,,,,,,,37152.0,128.0,0.35,8000.0,2253.0,-151.0,704.0,44.0,-0.49,LB,,,,,,,,,,,,,,,,
KOTAKBANK,,,,,,3.15,,,,,,,,,,,,,RESISTANCE,Resistance_25AUG26_Scan_5_8_2026 (3).xlsx,,397.8,0.8,,0.65,,,,,,,,,,,,,,,,,,,,,,,,,,,,,,,,,,,,,86486.0,116.0,0.13,400.0,3014.0,-73.0,724.0,65.0,-0.55,LB,,,,,,,,,,,,,,,,
HDFCAMC,,,,,,33.7,,,,,,,,,,,,,RESISTANCE,Resistance_25AUG26_Scan_5_8_2026 (3).xlsx,,2584.8,1.32,,0.84,,,,,,,,,,,,,,,,,,,,,,,,,,,,,,,,,,,,,21186.0,-1.0,0.0,2600.0,1381.0,-36.0,822.0,-4.0,-0.58,-,,,,,,,,,,,,,,,,
TATACONSUM,,,,,,3.6,,,,,,,,,,,,,RESISTANCE,Resistance_25AUG26_Scan_5_8_2026 (3).xlsx,,1092.9,0.33,,0.61,,,,,,,,,,,,,,,,,,,,,,,,,,,,,,,,,,,,,28495.0,18.0,0.06,1100.0,1356.0,24.0,876.0,-5.0,-0.65,LB,,,,,,,,,,,,,,,,
AMBER,,,,,,54.5,,,,,,,,,,,,,RESISTANCE,Resistance_25AUG26_Scan_5_8_2026 (3).xlsx,,7450.0,0.74,,1.25,,,,,,,,,,,,,,,,,,,,,,,,,,,,,,,,,,,,,12337.0,-30.0,-0.24,7500.0,1854.0,55.0,938.0,7.0,-0.67,SC,,,,,,,,,,,,,,,,
CAMS,,,,,,6.6,,,,,,,,,,,,,RESISTANCE,Resistance_25AUG26_Scan_5_8_2026 (3).xlsx,,814.2,0.82,,0.51,,,,,,,,,,,,,,,,,,,,,,,,,,,,,,,,,,,,,8950.0,-33.0,-0.37,820.0,1184.0,34.0,293.0,9.0,-0.71,SC,,,,,,,,,,,,,,,,
HAVELLS,,,,,,1.0,,,,,,,,,,,,,RESISTANCE,Resistance_25AUG26_Scan_5_8_2026 (3).xlsx,,1288.5,0.08,,0.59,,,,,,,,,,,,,,,,,,,,,,,,,,,,,,,,,,,,,17905.0,-6.0,-0.03,1300.0,872.0,21.0,200.0,0.0,-0.88,SC,,,,,,,,,,,,,,,,
PERSISTENT,,,,,,49.0,,,,,,,,,,,,,RESISTANCE,Resistance_25AUG26_Scan_5_8_2026 (3).xlsx,,5551.0,0.89,,0.64,,,,,,,,,,,,,,,,,,,,,,,,,,,,,,,,,,,,,28438.0,-3.0,-0.01,5600.0,3112.0,-39.0,782.0,-1.0,-0.88,SC,,,,,,,,,,,,,,,,
NAM-INDIA,,,,,,12.1,,,,,,,,,,,,,RESISTANCE,Resistance_25AUG26_Scan_5_8_2026 (3).xlsx,,1188.5,1.03,,0.41,,,,,,,,,,,,,,,,,,,,,,,,,,,,,,,,,,,,,11821.0,76.0,0.65,1200.0,778.0,-117.0,0.0,,-0.96,LB,,,,,,,,,,,,,,,,
SONACOMS,,,,,,6.65,,,,,,,,,,,,,RESISTANCE,Resistance_25AUG26_Scan_5_8_2026 (3).xlsx,,792.1,0.85,,0.87,,,,,,,,,,,,,,,,,,,,,,,,,,,,,,,,,,,,,8853.0,17.0,0.19,800.0,495.0,-6.0,67.0,-2.0,-0.99,LB,,,,,,,,,,,,,,,,
BHARTIARTL,,,,,,15.3,,,,,,,,,,,,,RESISTANCE,Resistance_25AUG26_Scan_5_8_2026 (3).xlsx,,1979.6,0.78,,0.5,,,,,,,,,,,,,,,,,,,,,,,,,,,,,,,,,,,,,115751.0,1009.0,0.88,2000.0,8023.0,3095.0,1296.0,634.0,-1.02,LB,,,,,,,,,,,,,,,,
MOTHERSON,,,,,,2.74,,,,,,,,,,,,,RESISTANCE,Resistance_25AUG26_Scan_5_8_2026 (3).xlsx,,153.4,1.82,,0.66,,,,,,,,,,,,,,,,,,,,,,,,,,,,,,,,,,,,,20718.0,53.0,0.26,155.0,1211.0,-8.0,159.0,3.0,-1.03,LB,,,,,,,,,,,,,,,,
SBILIFE,,,,,,11.2,,,,,,,,,,,,,RESISTANCE,Resistance_25AUG26_Scan_5_8_2026 (3).xlsx,,1880.4,0.6,,0.61,,,,,,,,,,,,,,,,,,,,,,,,,,,,,,,,,,,,,15435.0,-81.0,-0.52,1900.0,648.0,-1.0,227.0,5.0,-1.03,SC,,,,,,,,,,,,,,,,
UNIONBANK,,,,,,3.88,,,,,,,,,,,,,RESISTANCE,Resistance_25AUG26_Scan_5_8_2026 (3).xlsx,,178.12,2.23,,0.88,,,,,,,,,,,,,,,,,,,,,,,,,,,,,,,,,,,,,26743.0,56.0,0.21,180.0,1433.0,-43.0,288.0,15.0,-1.04,LB,,,,,,,,,,,,,,,,
SOLARINDS,,,,,,-3.0,,,,,,,,,,,,,RESISTANCE,Resistance_25AUG26_Scan_5_8_2026 (3).xlsx,,18789.0,-0.02,,0.79,,,,,,,,,,,,,,,,,,,,,,,,,,,,,,,,,,,,,15813.0,24.0,0.15,19000.0,723.0,16.0,347.0,38.0,-1.11,SB,,,,,,,,,,,,,,,,
AUROPHARMA,,,,,,-7.6,,,,,,,,,,,,,RESISTANCE,Resistance_25AUG26_Scan_5_8_2026 (3).xlsx,,1581.0,-0.48,,0.71,,,,,,,,,,,,,,,,,,,,,,,,,,,,,,,,,,,,,19433.0,68.0,0.35,1600.0,1602.0,41.0,399.0,-17.0,-1.19,SB,,,,,,,,,,,,,,,,
ICICIPRULI,,,,,,4.85,,,,,,,,,,,,,RESISTANCE,Resistance_25AUG26_Scan_5_8_2026 (3).xlsx,,513.75,0.95,,0.61,,,,,,,,,,,,,,,,,,,,,,,,,,,,,,,,,,,,,19428.0,142.0,0.74,520.0,1169.0,96.0,0.0,,-1.2,LB,,,,,,,,,,,,,,,,
LICI,,,,,,4.7,,,,,,,,,,,,,RESISTANCE,Resistance_25AUG26_Scan_5_8_2026 (3).xlsx,,395.0,1.2,,0.7,,,,,,,,,,,,,,,,,,,,,,,,,,,,,,,,,,,,,46335.0,-971.0,-2.05,400.0,6236.0,-168.0,2073.0,-60.0,-1.25,SC,,,,,,,,,,,,,,,,
360ONE,,,,,,20.0,,,,,,,,,,,,,RESISTANCE,Resistance_25AUG26_Scan_5_8_2026 (3).xlsx,,1184.9,1.72,,0.59,,,,,,,,,,,,,,,,,,,,,,,,,,,,,,,,,,,,,8276.0,46.0,0.56,1200.0,680.0,85.0,29.0,0.0,-1.26,LB,,,,,,,,,,,,,,,,
CONCOR,,,,,,4.6,,,,,,,,,,,,,RESISTANCE,Resistance_25AUG26_Scan_5_8_2026 (3).xlsx,,523.2,0.89,,0.7,,,,,,,,,,,,,,,,,,,,,,,,,,,,,,,,,,,,,17187.0,-6.0,-0.03,530.0,610.0,-21.0,157.0,9.0,-1.28,SC,,,,,,,,,,,,,,,,
BLUESTARCO,,,,,,9.0,,,,,,,,,,,,,RESISTANCE,Resistance_25AUG26_Scan_5_8_2026 (3).xlsx,,1677.9,0.54,,0.89,,,,,,,,,,,,,,,,,,,,,,,,,,,,,,,,,,,,,10601.0,36.0,0.34,1700.0,352.0,16.0,159.0,10.0,-1.3,LB,,,,,,,,,,,,,,,,
BHEL,,,,,,4.15,,,,,,,,,,,,,RESISTANCE,Resistance_25AUG26_Scan_5_8_2026 (3).xlsx,,414.45,1.01,,0.63,,,,,,,,,,,,,,,,,,,,,,,,,,,,,,,,,,,,,30664.0,17.0,0.06,420.0,1662.0,-8.0,632.0,6.0,-1.32,LB,,,,,,,,,,,,,,,,
INDUSINDBK,,,,,,14.5,,,,,,,,,,,,,RESISTANCE,Resistance_25AUG26_Scan_5_8_2026 (3).xlsx,,1035.5,1.42,,0.58,,,,,,,,,,,,,,,,,,,,,,,,,,,,,,,,,,,,,47919.0,-34.0,-0.07,1050.0,1662.0,-38.0,223.0,1.0,-1.38,SC,,,,,,,,,,,,,,,,
OBEROIRLTY,,,,,,24.0,,,,,,,,,,,,,RESISTANCE,Resistance_25AUG26_Scan_5_8_2026 (3).xlsx,,1814.2,1.34,,0.51,,,,,,,,,,,,,,,,,,,,,,,,,,,,,,,,,,,,,15556.0,-8.0,-0.05,1840.0,1025.0,-63.0,456.0,0.0,-1.4,SC,,,,,,,,,,,,,,,,
APOLLOHOSP,,,,,,-36.5,,,,,,,,,,,,,RESISTANCE,Resistance_25AUG26_Scan_5_8_2026 (3).xlsx,,8849.5,-0.41,,0.64,,,,,,,,,,,,,,,,,,,,,,,,,,,,,,,,,,,,,15648.0,128.0,0.82,9000.0,1455.0,104.0,350.0,16.0,-1.67,SB,,,,,,,,,,,,,,,,
TORNTPHARM,,,,,,-54.0,,,,,,,,,,,,,RESISTANCE,Resistance_25AUG26_Scan_5_8_2026 (3).xlsx,,5010.5,-1.07,,0.56,,,,,,,,,,,,,,,,,,,,,,,,,,,,,,,,,,,,,29149.0,56.0,0.19,5100.0,1413.0,49.0,379.0,0.0,-1.75,SB,,,,,,,,,,,,,,,,
CGPOWER,,,,,,1.4,,,,,,,,,,,,,RESISTANCE,Resistance_25AUG26_Scan_5_8_2026 (3).xlsx,,883.7,0.16,,0.61,,,,,,,,,,,,,,,,,,,,,,,,,,,,,,,,,,,,,23676.0,152.0,0.65,900.0,1914.0,8.0,660.0,13.0,-1.81,LB,,,,,,,,,,,,,,,,
POWERGRID,,,,,,2.0,,,,,,,,,,,,,RESISTANCE,Resistance_25AUG26_Scan_5_8_2026 (3).xlsx,,284.4,0.71,,0.81,,,,,,,,,,,,,,,,,,,,,,,,,,,,,,,,,,,,,24428.0,37.0,0.15,290.0,2279.0,17.0,0.0,,-1.93,LB,,,,,,,,,,,,,,,,
PHOENIXLTD,,,,,,14.6,,,,,,,,,,,,,RESISTANCE,Resistance_25AUG26_Scan_5_8_2026 (3).xlsx,,1960.8,0.75,,0.6,,,,,,,,,,,,,,,,,,,,,,,,,,,,,,,,,,,,,10306.0,-13.0,-0.13,2000.0,539.0,0.0,277.0,-1.0,-1.96,SC,,,,,,,,,,,,,,,,
TCS,,,,,,-7.1,,,,,,,,,,,,,RESISTANCE,Resistance_25AUG26_Scan_5_8_2026 (3).xlsx,,2450.3,-0.29,,0.89,,,,,,,,,,,,,,,,,,,,,,,,,,,,,,,,,,,,,136817.0,138.0,0.1,2500.0,8169.0,189.0,1678.0,13.0,-1.99,SB,,,,,,,,,,,,,,,,
FINNIFTY,,,,,,148.8,,,,,,,,,,,,,RESISTANCE,Resistance_25AUG26_Scan_5_8_2026 (3).xlsx,,26922.2,0.56,,0.74,,,,,,,,,,,,,,,,,,,,,,,,,,,,,,,,,,,,,503.0,-4.0,-0.79,27500.0,516.0,-1.0,0.0,,-2.1,SC,,,,,,,,,,,,,,,,
KAYNES,,,,,,25.5,,,,,,,,,,,,,RESISTANCE,Resistance_25AUG26_Scan_5_8_2026 (3).xlsx,,3916.0,0.66,,0.72,,,,,,,,,,,,,,,,,,,,,,,,,,,,,,,,,,,,,26967.0,65.0,0.24,4000.0,1702.0,-10.0,170.0,7.0,-2.1,LB,,,,,,,,,,,,,,,,
MUTHOOTFIN,,,,,,45.5,,,,,,,,,,,,,RESISTANCE,Resistance_25AUG26_Scan_5_8_2026 (3).xlsx,,2936.3,1.57,,0.55,,,,,,,,,,,,,,,,,,,,,,,,,,,,,,,,,,,,,24812.0,-141.0,-0.57,3000.0,3956.0,-918.0,533.0,-51.0,-2.12,SC,,,,,,,,,,,,,,,,
PFC,,,,,,1.25,,,,,,,,,,,,,RESISTANCE,Resistance_25AUG26_Scan_5_8_2026 (3).xlsx,,420.85,0.3,,0.76,,,,,,,,,,,,,,,,,,,,,,,,,,,,,,,,,,,,,42179.0,68.0,0.16,430.0,1411.0,160.0,0.0,,-2.13,LB,,,,,,,,,,,,,,,,
INFY,,,,,,9.2,,,,,,,,,,,,,RESISTANCE,Resistance_25AUG26_Scan_5_8_2026 (3).xlsx,,1173.7,0.79,,0.96,,,,,,,,,,,,,,,,,,,,,,,,,,,,,,,,,,,,,217693.0,-23.0,-0.01,1200.0,13342.0,71.0,3415.0,25.0,-2.19,SC,,,,,,,,,,,,,,,,
NTPC,,,,,,3.25,,,,,,,,,,,,,RESISTANCE,Resistance_25AUG26_Scan_5_8_2026 (3).xlsx,,347.2,0.94,,0.66,,,,,,,,,,,,,,,,,,,,,,,,,,,,,,,,,,,,,65598.0,-64.0,-0.1,355.0,4095.0,-5.0,191.0,-5.0,-2.2,SC,,,,,,,,,,,,,,,,
GMRAIRPORT,,,,,,1.08,,,,,,,,,,,,,RESISTANCE,Resistance_25AUG26_Scan_5_8_2026 (3).xlsx,,107.46,1.02,,1.0,,,,,,,,,,,,,,,,,,,,,,,,,,,,,,,,,,,,,18658.0,2.0,0.01,110.0,957.0,-27.0,0.0,,-2.31,LB,,,,,,,,,,,,,,,,
NESTLEIND,,,,,,15.1,,,,,,,,,,,,,RESISTANCE,Resistance_25AUG26_Scan_5_8_2026 (3).xlsx,,1504.1,1.01,,0.61,,,,,,,,,,,,,,,,,,,,,,,,,,,,,,,,,,,,,15867.0,209.0,1.33,1540.0,1333.0,-1.0,0.0,,-2.33,LB,,,,,,,,,,,,,,,,
NAUKRI,,,,,,7.0,,,,,,,,,,,,,RESISTANCE,Resistance_25AUG26_Scan_5_8_2026 (3).xlsx,,1269.6,0.55,,0.62,,,,,,,,,,,,,,,,,,,,,,,,,,,,,,,,,,,,,25209.0,37.0,0.15,1300.0,798.0,-60.0,0.0,,-2.34,LB,,,,,,,,,,,,,,,,
HCLTECH,,,,,,3.1,,,,,,,,,,,,,RESISTANCE,Resistance_25AUG26_Scan_5_8_2026 (3).xlsx,,1366.9,0.23,,0.84,,,,,,,,,,,,,,,,,,,,,,,,,,,,,,,,,,,,,68308.0,24.0,0.04,1400.0,1688.0,-127.0,342.0,1.0,-2.36,LB,,,,,,,,,,,,,,,,
POLYCAB,,,,,,60.5,,,,,,,,,,,,,RESISTANCE,Resistance_25AUG26_Scan_5_8_2026 (3).xlsx,,9268.5,0.66,,0.69,,,,,,,,,,,,,,,,,,,,,,,,,,,,,,,,,,,,,18235.0,45.0,0.25,9500.0,1537.0,-96.0,0.0,,-2.44,LB,,,,,,,,,,,,,,,,
BDL,,,,,,13.2,,,,,,,,,,,,,RESISTANCE,Resistance_25AUG26_Scan_5_8_2026 (3).xlsx,,1268.1,1.05,,0.8,,,,,,,,,,,,,,,,,,,,,,,,,,,,,,,,,,,,,16843.0,-80.0,-0.47,1300.0,1179.0,-15.0,323.0,1.0,-2.45,SC,,,,,,,,,,,,,,,,
BSE,,,,,,3.8,,,,,,,,,,,,,RESISTANCE,Resistance_25AUG26_Scan_5_8_2026 (3).xlsx,,3609.0,0.11,,0.6,,,,,,,,,,,,,,,,,,,,,,,,,,,,,,,,,,,,,45499.0,3052.0,7.19,3700.0,8714.0,1514.0,3552.0,1217.0,-2.46,LB,,,,,,,,,,,,,,,,
ADANIENSOL,,,,,,9.0,,,,,,,,,,,,,RESISTANCE,Resistance_25AUG26_Scan_5_8_2026 (3).xlsx,,1656.5,0.55,,0.58,,,,,,,,,,,,,,,,,,,,,,,,,,,,,,,,,,,,,28701.0,45.0,0.16,1700.0,1459.0,-1.0,0.0,,-2.56,LB,,,,,,,,,,,,,,,,
SAIL,,,,,,0.72,,,,,,,,,,,,,RESISTANCE,Resistance_25AUG26_Scan_5_8_2026 (3).xlsx,,175.28,0.41,,0.68,,,,,,,,,,,,,,,,,,,,,,,,,,,,,,,,,,,,,37680.0,-57.0,-0.15,180.0,917.0,5.0,244.0,2.0,-2.62,SC,,,,,,,,,,,,,,,,
SUNPHARMA,,,,,,-14.2,,,,,,,,,,,,,RESISTANCE,Resistance_25AUG26_Scan_5_8_2026 (3).xlsx,,1947.5,-0.72,,0.58,,,,,,,,,,,,,,,,,,,,,,,,,,,,,,,,,,,,,39531.0,32.0,0.08,2000.0,4662.0,277.0,998.0,1.0,-2.63,SB,,,,,,,,,,,,,,,,
GVT&D,,,,,,28.5,,,,,,,,,,,,,RESISTANCE,Resistance_25AUG26_Scan_5_8_2026 (3).xlsx,,4380.9,0.65,,0.76,,,,,,,,,,,,,,,,,,,,,,,,,,,,,,,,,,,,,22205.0,25.0,0.11,4500.0,1170.0,15.0,0.0,,-2.65,LB,,,,,,,,,,,,,,,,
GODREJCP,,,,,,12.1,,,,,,,,,,,,,RESISTANCE,Resistance_25AUG26_Scan_5_8_2026 (3).xlsx,,1070.3,1.14,,0.6,,,,,,,,,,,,,,,,,,,,,,,,,,,,,,,,,,,,,22409.0,36.0,0.16,1100.0,677.0,-14.0,0.0,,-2.7,LB,,,,,,,,,,,,,,,,
LTM,,,,,,24.1,,,,,,,,,,,,,RESISTANCE,Resistance_25AUG26_Scan_5_8_2026 (3).xlsx,,4572.0,0.53,,0.66,,,,,,,,,,,,,,,,,,,,,,,,,,,,,,,,,,,,,15515.0,21.0,0.14,4700.0,1099.0,-8.0,219.0,4.0,-2.72,LB,,,,,,,,,,,,,,,,
MOTILALOFS,,,,,,7.2,,,,,,,,,,,,,RESISTANCE,Resistance_25AUG26_Scan_5_8_2026 (3).xlsx,,874.35,0.83,,0.65,,,,,,,,,,,,,,,,,,,,,,,,,,,,,,,,,,,,,8978.0,12.0,0.13,900.0,756.0,-13.0,0.0,,-2.85,LB,,,,,,,,,,,,,,,,
BANDHANBNK,,,,,,1.51,,,,,,,,,,,,,RESISTANCE,Resistance_25AUG26_Scan_5_8_2026 (3).xlsx,,174.76,0.87,,0.53,,,,,,,,,,,,,,,,,,,,,,,,,,,,,,,,,,,,,36837.0,-113.0,-0.31,180.0,2955.0,-23.0,992.0,-3.0,-2.91,SC,,,,,,,,,,,,,,,,
IREDA,,,,,,0.17,,,,,,,,,,,,,RESISTANCE,Resistance_25AUG26_Scan_5_8_2026 (3).xlsx,,116.46,0.15,,0.73,,,,,,,,,,,,,,,,,,,,,,,,,,,,,,,,,,,,,17256.0,126.0,0.74,120.0,1897.0,97.0,1133.0,4.0,-2.95,LB,,,,,,,,,,,,,,,,
TVSMOTOR,,,,,,58.0,,,,,,,,,,,,,RESISTANCE,Resistance_25AUG26_Scan_5_8_2026 (4).xlsx,,4427.9,1.33,,1.04,,,,,,,,,,,,,,,,,,,,,,,,,,,,,,,,,,,,,51506.0,487.0,0.95,4300.0,2211.0,110.0,1199.0,39.0,2.97,LB,,,,,,,,,,,,,,,,
NIFTY,,,,,,143.4,,,,,,,,,,,,,RESISTANCE,Resistance_25AUG26_Scan_5_8_2026 (4).xlsx,,24699.0,0.58,,1.11,,,,,,,,,,,,,,,,,,,,,,,,,,,,,,,,,,,,,180332.0,-954.0,-0.53,24000.0,89429.0,-283.0,123304.0,198.0,2.91,SC,,,,,,,,,,,,,,,,
LAURUSLABS,,,,,,15.2,,,,,,,,,,,,,RESISTANCE,Resistance_25AUG26_Scan_5_8_2026 (4).xlsx,,1849.9,0.83,,0.99,,,,,,,,,,,,,,,,,,,,,,,,,,,,,,,,,,,,,19905.0,191.0,0.97,1800.0,1571.0,-9.0,1362.0,206.0,2.77,LB,,,,,,,,,,,,,,,,
SENSEX,,,,,,430.8,,,,,,,,,,,,,RESISTANCE,Resistance_25AUG26_Scan_5_8_2026 (4).xlsx,,79075.8,0.55,,1.4,,,,,,,,,,,,,,,,,,,,,,,,,,,,,,,,,,,,,1806.0,20.0,1.12,77000.0,1474.0,-9.0,1879.0,22.0,2.7,LB,,,,,,,,,,,,,,,,
JIOFIN,,,,,,2.7,,,,,,,,,,,,,RESISTANCE,Resistance_25AUG26_Scan_5_8_2026 (4).xlsx,,266.8,1.02,,0.66,,,,,,,,,,,,,,,,,,,,,,,,,,,,,,,,,,,,,79060.0,14.0,0.02,260.0,6895.0,-392.0,1825.0,17.0,2.62,LB,,,,,,,,,,,,,,,,
HINDALCO,,,,,,8.0,,,,,,,,,,,,,RESISTANCE,Resistance_25AUG26_Scan_5_8_2026 (4).xlsx,,1026.0,0.79,,0.8,,,,,,,,,,,,,,,,,,,,,,,,,,,,,,,,,,,,,75707.0,4.0,0.01,1000.0,3270.0,-317.0,1562.0,56.0,2.6,LB,,,,,,,,,,,,,,,,
M&M,,,,,,57.3,,,,,,,,,,,,,RESISTANCE,Resistance_25AUG26_Scan_5_8_2026 (4).xlsx,,3480.0,1.67,,0.89,,,,,,,,,,,,,,,,,,,,,,,,,,,,,,,,,,,,,61208.0,348.0,0.57,3400.0,3676.0,-456.0,3422.0,151.0,2.35,LB,,,,,,,,,,,,,,,,
BPCL,,,,,,5.25,,,,,,,,,,,,,RESISTANCE,Resistance_25AUG26_Scan_5_8_2026 (4).xlsx,,327.05,1.63,,0.72,,,,,,,,,,,,,,,,,,,,,,,,,,,,,,,,,,,,,20098.0,56.0,0.28,320.0,834.0,-28.0,436.0,26.0,2.2,LB,,,,,,,,,,,,,,,,
LT,,,,,,59.8,,,,,,,,,,,,,RESISTANCE,Resistance_25AUG26_Scan_5_8_2026 (4).xlsx,,4080.8,1.49,,0.86,,,,,,,,,,,,,,,,,,,,,,,,,,,,,,,,,,,,,64933.0,-401.0,-0.61,4000.0,5475.0,-1302.0,2549.0,13.0,2.02,SC,,,,,,,,,,,,,,,,
INDIANB,,,,,,20.95,,,,,,,,,,,,,RESISTANCE,Resistance_25AUG26_Scan_5_8_2026 (4).xlsx,,866.45,2.48,,1.04,,,,,,,,,,,,,,,,,,,,,,,,,,,,,,,,,,,,,12076.0,-8.0,-0.07,850.0,800.0,-257.0,490.0,28.0,1.94,SC,,,,,,,,,,,,,,,,
PGEL,,,,,,12.15,,,,,,,,,,,,,RESISTANCE,Resistance_25AUG26_Scan_5_8_2026 (4).xlsx,,629.0,1.97,,0.89,,,,,,,,,,,,,,,,,,,,,,,,,,,,,,,,,,,,,11578.0,63.0,0.55,620.0,1124.0,53.0,465.0,11.0,1.45,LB,,,,,,,,,,,,,,,,
MANAPPURAM,,,,,,6.45,,,,,,,,,,,,,RESISTANCE,Resistance_25AUG26_Scan_5_8_2026 (4).xlsx,,365.05,1.8,,0.65,,,,,,,,,,,,,,,,,,,,,,,,,,,,,,,,,,,,,21123.0,-60.0,-0.28,360.0,850.0,-42.0,531.0,13.0,1.4,SC,,,,,,,,,,,,,,,,
BAJAJ-AUTO,,,,,,61.0,,,,,,,,,,,,,RESISTANCE,Resistance_25AUG26_Scan_5_8_2026 (4).xlsx,,11660.0,0.53,,1.61,,,,,,,,,,,,,,,,,,,,,,,,,,,,,,,,,,,,,24900.0,65.0,0.26,11500.0,1959.0,-55.0,1524.0,38.0,1.39,LB,,,,,,,,,,,,,,,,
BAJAJFINSV,,,,,,25.4,,,,,,,,,,,,,RESISTANCE,Resistance_25AUG26_Scan_5_8_2026 (4).xlsx,,2108.9,1.22,,0.93,,,,,,,,,,,,,,,,,,,,,,,,,,,,,,,,,,,,,26768.0,190.0,0.71,2080.0,2445.0,-121.0,916.0,62.0,1.39,LB,,,,,,,,,,,,,,,,
POLICYBZR,,,,,,11.9,,,,,,,,,,,,,RESISTANCE,Resistance_25AUG26_Scan_5_8_2026 (4).xlsx,,1622.3,0.74,,0.92,,,,,,,,,,,,,,,,,,,,,,,,,,,,,,,,,,,,,26476.0,78.0,0.3,1600.0,863.0,13.0,732.0,-26.0,1.39,LB,,,,,,,,,,,,,,,,
ETERNAL,,,,,,3.55,,,,,,,,,,,,,RESISTANCE,Resistance_25AUG26_Scan_5_8_2026 (4).xlsx,,313.85,1.14,,0.75,,,,,,,,,,,,,,,,,,,,,,,,,,,,,,,,,,,,,63395.0,223.0,0.35,310.0,3142.0,-62.0,1660.0,139.0,1.24,LB,,,,,,,,,,,,,,,,
BOSCHLTD,,,,,,1050.0,,,,,,,,,,,,,RESISTANCE,Resistance_25AUG26_Scan_5_8_2026 (4).xlsx,,42500.0,2.53,,1.27,,,,,,,,,,,,,,,,,,,,,,,,,,,,,,,,,,,,,8334.0,37.0,0.45,42000.0,347.0,-95.0,248.0,41.0,1.19,LB,,,,,,,,,,,,,,,,
TATASTEEL,,,,,,0.73,,,,,,,,,,,,,RESISTANCE,Resistance_25AUG26_Scan_5_8_2026 (4).xlsx,,192.27,0.38,,0.73,,,,,,,,,,,,,,,,,,,,,,,,,,,,,,,,,,,,,61896.0,77.0,0.12,190.0,5063.0,-18.0,2492.0,72.0,1.19,LB,,,,,,,,,,,,,,,,
UNOMINDA,,,,,,42.4,,,,,,,,,,,,,RESISTANCE,Resistance_25AUG26_Scan_5_8_2026 (4).xlsx,,1275.0,3.44,,0.67,,,,,,,,,,,,,,,,,,,,,,,,,,,,,,,,,,,,,8508.0,30.0,0.35,1260.0,886.0,207.0,87.0,69.0,1.19,LB,,,,,,,,,,,,,,,,
TRENT,,,,,,55.6,,,,,,,,,,,,,RESISTANCE,Resistance_25AUG26_Scan_5_8_2026 (4).xlsx,,3136.4,1.8,,0.78,,,,,,,,,,,,,,,,,,,,,,,,,,,,,,,,,,,,,46812.0,-29.0,-0.06,3100.0,2205.0,-516.0,770.0,-44.0,1.17,SC,,,,,,,,,,,,,,,,
IEX,,,,,,1.5,,,,,,,,,,,,,RESISTANCE,Resistance_25AUG26_Scan_5_8_2026 (4).xlsx,,131.35,1.16,,0.7,,,,,,,,,,,,,,,,,,,,,,,,,,,,,,,,,,,,,16755.0,10.0,0.06,130.0,1920.0,3.0,692.0,20.0,1.04,LB,,,,,,,,,,,,,,,,
ULTRACEMCO,,,,,,70.0,,,,,,,,,,,,,RESISTANCE,Resistance_25AUG26_Scan_5_8_2026 (4).xlsx,,12078.0,0.58,,0.54,,,,,,,,,,,,,,,,,,,,,,,,,,,,,,,,,,,,,32125.0,25.0,0.08,11960.0,2269.0,2.0,415.0,8.0,0.99,LB,,,,,,,,,,,,,,,,
SHREECEM,,,,,,170.0,,,,,,,,,,,,,RESISTANCE,Resistance_25AUG26_Scan_5_8_2026 (4).xlsx,,26980.0,0.63,,0.95,,,,,,,,,,,,,,,,,,,,,,,,,,,,,,,,,,,,,14851.0,34.0,0.23,26750.0,311.0,-10.0,0.0,,0.86,LB,,,,,,,,,,,,,,,,
GODREJPROP,,,,,,79.3,,,,,,,,,,,,,RESISTANCE,Resistance_25AUG26_Scan_5_8_2026 (4).xlsx,,2117.9,3.89,,0.56,,,,,,,,,,,,,,,,,,,,,,,,,,,,,,,,,,,,,24171.0,-59.0,-0.24,2100.0,2449.0,618.0,838.0,153.0,0.85,SC,,,,,,,,,,,,,,,,
PETRONET,,,,,,1.9,,,,,,,,,,,,,RESISTANCE,Resistance_25AUG26_Scan_5_8_2026 (4).xlsx,,282.3,0.68,,0.99,,,,,,,,,,,,,,,,,,,,,,,,,,,,,,,,,,,,,16834.0,-10.0,-0.06,280.0,1173.0,0.0,934.0,0.0,0.82,SC,,,,,,,,,,,,,,,,
MAZDOCK,,,,,,32.0,,,,,,,,,,,,,RESISTANCE,Resistance_25AUG26_Scan_5_8_2026 (4).xlsx,,2419.1,1.34,,0.67,,,,,,,,,,,,,,,,,,,,,,,,,,,,,,,,,,,,,22125.0,-263.0,-1.17,2400.0,1692.0,-340.0,874.0,-39.0,0.8,SC,,,,,,,,,,,,,,,,
KALYANKJIL,,,,,,-8.95,,,,,,,,,,,,,RESISTANCE,Resistance_25AUG26_Scan_5_8_2026 (4).xlsx,,584.4,-1.51,,0.94,,,,,,,,,,,,,,,,,,,,,,,,,,,,,,,,,,,,,17076.0,-23.0,-0.13,580.0,2291.0,1372.0,1270.0,237.0,0.76,LU,,,,,,,,,,,,,,,,
HYUNDAI,,,,,,18.9,,,,,,,,,,,,,RESISTANCE,Resistance_25AUG26_Scan_5_8_2026 (4).xlsx,,2215.7,0.86,,1.15,,,,,,,,,,,,,,,,,,,,,,,,,,,,,,,,,,,,,14389.0,-8.0,-0.06,2200.0,950.0,-52.0,612.0,20.0,0.71,SC,,,,,,,,,,,,,,,,
360ONE,,,,,,22.0,,,,,,,,,,,,,RESISTANCE,Resistance_25AUG26_Scan_5_8_2026 (4).xlsx,,1186.9,1.89,,0.57,,,,,,,,,,,,,,,,,,,,,,,,,,,,,,,,,,,,,8268.0,38.0,0.46,1180.0,717.0,156.0,75.0,25.0,0.58,LB,,,,,,,,,,,,,,,,
DLF,,,,,,14.25,,,,,,,,,,,,,RESISTANCE,Resistance_25AUG26_Scan_5_8_2026 (4).xlsx,,663.25,2.2,,0.63,,,,,,,,,,,,,,,,,,,,,,,,,,,,,,,,,,,,,49454.0,247.0,0.5,660.0,2840.0,527.0,1126.0,52.0,0.49,LB,,,,,,,,,,,,,,,,
VMM,,,,,,-1.39,,,,,,,,,,,,,RESISTANCE,Resistance_25AUG26_Scan_5_8_2026 (4).xlsx,,110.47,-1.24,,0.59,,,,,,,,,,,,,,,,,,,,,,,,,,,,,,,,,,,,,9768.0,66.0,0.68,110.0,590.0,5.0,444.0,8.0,0.43,SB,,,,,,,,,,,,,,,,
MPHASIS,,,,,,19.7,,,,,,,,,,,,,RESISTANCE,Resistance_25AUG26_Scan_5_8_2026 (4).xlsx,,2410.1,0.82,,0.78,,,,,,,,,,,,,,,,,,,,,,,,,,,,,,,,,,,,,14153.0,36.0,0.26,2400.0,655.0,-26.0,303.0,5.0,0.42,LB,,,,,,,,,,,,,,,,
TIINDIA,,,,,,60.9,,,,,,,,,,,,,RESISTANCE,Resistance_25AUG26_Scan_5_8_2026 (4).xlsx,,2809.7,2.22,,0.69,,,,,,,,,,,,,,,,,,,,,,,,,,,,,,,,,,,,,11216.0,-72.0,-0.64,2800.0,425.0,-87.0,200.0,5.0,0.35,SC,,,,,,,,,,,,,,,,
YESBANK,,,,,,0.17,,,,,,,,,,,,,RESISTANCE,Resistance_25AUG26_Scan_5_8_2026 (4).xlsx,,23.08,0.74,,0.61,,,,,,,,,,,,,,,,,,,,,,,,,,,,,,,,,,,,,37679.0,-2.0,-0.01,23.0,2286.0,-17.0,2317.0,39.0,0.35,SC,,,,,,,,,,,,,,,,
IRFC,,,,,,0.67,,,,,,,,,,,,,RESISTANCE,Resistance_25AUG26_Scan_5_8_2026 (4).xlsx,,90.27,0.75,,0.69,,,,,,,,,,,,,,,,,,,,,,,,,,,,,,,,,,,,,16145.0,-56.0,-0.35,90.0,3554.0,-149.0,2608.0,7.0,0.3,SC,,,,,,,,,,,,,,,,
DIVISLAB,,,,,,-10.5,,,,,,,,,,,,,RESISTANCE,Resistance_25AUG26_Scan_5_8_2026 (4).xlsx,,8424.5,-0.12,,1.06,,,,,,,,,,,,,,,,,,,,,,,,,,,,,,,,,,,,,35567.0,145.0,0.41,8400.0,2109.0,53.0,1332.0,38.0,0.29,SB,,,,,,,,,,,,,,,,
RADICO,,,,,,43.7,,,,,,,,,,,,,RESISTANCE,Resistance_25AUG26_Scan_5_8_2026 (4).xlsx,,4512.7,0.98,,1.05,,,,,,,,,,,,,,,,,,,,,,,,,,,,,,,,,,,,,5399.0,27.0,0.5,4500.0,503.0,-58.0,0.0,,0.28,LB,,,,,,,,,,,,,,,,
INOXWIND,,,,,,0.68,,,,,,,,,,,,,RESISTANCE,Resistance_25AUG26_Scan_5_8_2026 (4).xlsx,,80.2,0.86,,0.66,,,,,,,,,,,,,,,,,,,,,,,,,,,,,,,,,,,,,16502.0,-24.0,-0.15,80.0,1375.0,-11.0,818.0,4.0,0.25,SC,,,,,,,,,,,,,,,,
GRASIM,,,,,,32.0,,,,,,,,,,,,,RESISTANCE,Resistance_25AUG26_Scan_5_8_2026 (4).xlsx,,3167.0,1.02,,0.66,,,,,,,,,,,,,,,,,,,,,,,,,,,,,,,,,,,,,47602.0,28.0,0.06,3160.0,1667.0,336.0,320.0,50.0,0.22,LB,,,,,,,,,,,,,,,,
ICICIBANK,,,,,,7.4,,,,,,,,,,,,,RESISTANCE,Resistance_25AUG26_Scan_5_8_2026 (4).xlsx,,1452.9,0.51,,0.72,,,,,,,,,,,,,,,,,,,,,,,,,,,,,,,,,,,,,148605.0,159.0,0.11,1450.0,5113.0,-29.0,2199.0,347.0,0.2,LB,,,,,,,,,,,,,,,,
BANKNIFTY,,,,,,383.6,,,,,,,,,,,,,RESISTANCE,Resistance_25AUG26_Scan_5_8_2026 (4).xlsx,,58100.0,0.66,,0.87,,,,,,,,,,,,,,,,,,,,,,,,,,,,,,,,,,,,,70776.0,-821.0,-1.15,58000.0,76012.0,-1133.0,53116.0,818.0,0.17,SC,,,,,,,,,,,,,,,,
CANBK,,,,,,2.17,,,,,,,,,,,,,RESISTANCE,Resistance_25AUG26_Scan_5_8_2026 (4).xlsx,,130.14,1.7,,0.8,,,,,,,,,,,,,,,,,,,,,,,,,,,,,,,,,,,,,56977.0,-10.0,-0.02,130.0,2588.0,-534.0,1460.0,-17.0,0.11,SC,,,,,,,,,,,,,,,,
BANKBARODA,,,,,,3.6,,,,,,,,,,,,,RESISTANCE,Resistance_25AUG26_Scan_5_8_2026 (4).xlsx,,250.24,1.46,,0.95,,,,,,,,,,,,,,,,,,,,,,,,,,,,,,,,,,,,,44496.0,-83.0,-0.19,250.0,3525.0,43.0,1400.0,6.0,0.1,SC,,,,,,,,,,,,,,,,
RELIANCE,,,,,,3.5,,,,,,,,,,,,,RESISTANCE,Resistance_25AUG26_Scan_5_8_2026 (4).xlsx,,1300.9,0.27,,0.77,,,,,,,,,,,,,,,,,,,,,,,,,,,,,,,,,,,,,207200.0,524.0,0.25,1300.0,16784.0,33.0,10364.0,-37.0,0.07,LB,,,,,,,,,,,,,,,,
SBIN,,,,,,10.0,,,,,,,,,,,,,RESISTANCE,Resistance_25AUG26_Scan_5_8_2026 (4).xlsx,,1050.7,0.96,,0.95,,,,,,,,,,,,,,,,,,,,,,,,,,,,,,,,,,,,,110246.0,336.0,0.31,1050.0,6507.0,-210.0,3620.0,114.0,0.07,LB,,,,,,,,,,,,,,,,
ADANIGREEN,,,,,,8.0,,,,,,,,,,,,,RESISTANCE,Resistance_25AUG26_Scan_5_8_2026 (4).xlsx,,1400.4,0.57,,0.61,,,,,,,,,,,,,,,,,,,,,,,,,,,,,,,,,,,,,44235.0,84.0,0.19,1400.0,2051.0,37.0,1532.0,-1.0,0.03,LB,,,,,,,,,,,,,,,,
ABCAPITAL,,,,,,6.6,,,,,,,,,,,,,RESISTANCE,Resistance_25AUG26_Scan_5_8_2026 (4).xlsx,,425.1,1.58,,0.72,,,,,,,,,,,,,,,,,,,,,,,,,,,,,,,,,,,,,12038.0,49.0,0.41,425.0,864.0,-55.0,126.0,12.0,0.02,LB,,,,,,,,,,,,,,,,
PNB,,,,,,0.93,,,,,,,,,,,,,RESISTANCE,Resistance_25AUG26_Scan_5_8_2026 (4).xlsx,,114.95,0.82,,0.9,,,,,,,,,,,,,,,,,,,,,,,,,,,,,,,,,,,,,36074.0,25.0,0.07,115.0,1498.0,-23.0,419.0,34.0,-0.04,LB,,,,,,,,,,,,,,,,
SHRIRAMFIN,,,,,,17.4,,,,,,,,,,,,,RESISTANCE,Resistance_25AUG26_Scan_5_8_2026 (4).xlsx,,1099.5,1.61,,0.59,,,,,,,,,,,,,,,,,,,,,,,,,,,,,,,,,,,,,32301.0,393.0,1.23,1100.0,2464.0,-412.0,588.0,80.0,-0.05,LB,,,,,,,,,,,,,,,,
AXISBANK,,,,,,7.3,,,,,,,,,,,,,RESISTANCE,Resistance_25AUG26_Scan_5_8_2026 (4).xlsx,,1259.3,0.58,,0.71,,,,,,,,,,,,,,,,,,,,,,,,,,,,,,,,,,,,,128850.0,-3.0,0.0,1260.0,5780.0,-241.0,2920.0,113.0,-0.06,-,,,,,,,,,,,,,,,,
BLUESTARCO,,,,,,29.4,,,,,,,,,,,,,RESISTANCE,Resistance_25AUG26_Scan_5_8_2026 (4).xlsx,,1698.3,1.76,,0.9,,,,,,,,,,,,,,,,,,,,,,,,,,,,,,,,,,,,,10604.0,39.0,0.37,1700.0,349.0,13.0,159.0,10.0,-0.1,LB,,,,,,,,,,,,,,,,
EICHERMOT,,,,,,83.5,,,,,,,,,,,,,RESISTANCE,Resistance_25AUG26_Scan_5_8_2026 (4).xlsx,,7991.5,1.06,,1.01,,,,,,,,,,,,,,,,,,,,,,,,,,,,,,,,,,,,,37135.0,111.0,0.3,8000.0,2232.0,-172.0,702.0,42.0,-0.11,LB,,,,,,,,,,,,,,,,
INDHOTEL,,,,,,4.2,,,,,,,,,,,,,RESISTANCE,Resistance_25AUG26_Scan_5_8_2026 (4).xlsx,,748.95,0.56,,0.67,,,,,,,,,,,,,,,,,,,,,,,,,,,,,,,,,,,,,20697.0,48.0,0.23,750.0,867.0,-24.0,346.0,2.0,-0.14,LB,,,,,,,,,,,,,,,,
AMBER,,,,,,89.5,,,,,,,,,,,,,RESISTANCE,Resistance_25AUG26_Scan_5_8_2026 (4).xlsx,,7485.0,1.21,,1.25,,,,,,,,,,,,,,,,,,,,,,,,,,,,,,,,,,,,,12283.0,-84.0,-0.68,7500.0,1828.0,29.0,948.0,17.0,-0.2,SC,,,,,,,,,,,,,,,,
JUBLFOOD,,,,,,12.05,,,,,,,,,,,,,RESISTANCE,Resistance_25AUG26_Scan_5_8_2026 (4).xlsx,,478.85,2.58,,0.69,,,,,,,,,,,,,,,,,,,,,,,,,,,,,,,,,,,,,13085.0,-28.0,-0.21,480.0,840.0,392.0,88.0,47.0,-0.24,SC,,,,,,,,,,,,,,,,
FEDERALBNK,,,,,,0.4,,,,,,,,,,,,,RESISTANCE,Resistance_25AUG26_Scan_5_8_2026 (4).xlsx,,358.65,0.11,,0.93,,,,,,,,,,,,,,,,,,,,,,,,,,,,,,,,,,,,,33793.0,54.0,0.16,360.0,1553.0,-45.0,751.0,10.0,-0.38,LB,,,,,,,,,,,,,,,,
HINDPETRO,,,,,,5.0,,,,,,,,,,,,,RESISTANCE,Resistance_25AUG26_Scan_5_8_2026 (4).xlsx,,398.45,1.27,,0.68,,,,,,,,,,,,,,,,,,,,,,,,,,,,,,,,,,,,,22038.0,4.0,0.02,400.0,2000.0,-15.0,651.0,12.0,-0.39,LB,,,,,,,,,,,,,,,,
LICI,,,,,,7.9,,,,,,,,,,,,,RESISTANCE,Resistance_25AUG26_Scan_5_8_2026 (4).xlsx,,398.2,2.02,,0.7,,,,,,,,,,,,,,,,,,,,,,,,,,,,,,,,,,,,,45922.0,-1384.0,-2.93,400.0,6177.0,-227.0,2058.0,-75.0,-0.45,SC,,,,,,,,,,,,,,,,
KOTAKBANK,,,,,,3.5,,,,,,,,,,,,,RESISTANCE,Resistance_25AUG26_Scan_5_8_2026 (4).xlsx,,398.15,0.89,,0.64,,,,,,,,,,,,,,,,,,,,,,,,,,,,,,,,,,,,,86507.0,137.0,0.16,400.0,3203.0,116.0,716.0,57.0,-0.46,LB,,,,,,,,,,,,,,,,
ICICIGI,,,,,,53.3,,,,,,,,,,,,,RESISTANCE,Resistance_25AUG26_Scan_5_8_2026 (4).xlsx,,1691.8,3.25,,0.53,,,,,,,,,,,,,,,,,,,,,,,,,,,,,,,,,,,,,15828.0,472.0,3.07,1700.0,1486.0,730.0,383.0,241.0,-0.48,LB,,,,,,,,,,,,,,,,
HAVELLS,,,,,,5.8,,,,,,,,,,,,,RESISTANCE,Resistance_25AUG26_Scan_5_8_2026 (4).xlsx,,1293.3,0.45,,0.6,,,,,,,,,,,,,,,,,,,,,,,,,,,,,,,,,,,,,17896.0,-15.0,-0.08,1300.0,860.0,9.0,200.0,0.0,-0.52,SC,,,,,,,,,,,,,,,,
TATACONSUM,,,,,,4.2,,,,,,,,,,,,,RESISTANCE,Resistance_25AUG26_Scan_5_8_2026 (4).xlsx,,1093.5,0.39,,0.61,,,,,,,,,,,,,,,,,,,,,,,,,,,,,,,,,,,,,28505.0,28.0,0.1,1100.0,1343.0,11.0,875.0,-6.0,-0.59,LB,,,,,,,,,,,,,,,,
CHOLAFIN,,,,,,20.3,,,,,,,,,,,,,RESISTANCE,Resistance_25AUG26_Scan_5_8_2026 (4).xlsx,,1888.3,1.09,,0.9,,,,,,,,,,,,,,,,,,,,,,,,,,,,,,,,,,,,,20886.0,257.0,1.25,1900.0,682.0,-126.0,201.0,24.0,-0.62,LB,,,,,,,,,,,,,,,,
HDFCAMC,,,,,,32.1,,,,,,,,,,,,,RESISTANCE,Resistance_25AUG26_Scan_5_8_2026 (4).xlsx,,2583.2,1.26,,0.84,,,,,,,,,,,,,,,,,,,,,,,,,,,,,,,,,,,,,21179.0,-8.0,-0.04,2600.0,1367.0,-50.0,821.0,-5.0,-0.65,SC,,,,,,,,,,,,,,,,
PERSISTENT,,,,,,58.0,,,,,,,,,,,,,RESISTANCE,Resistance_25AUG26_Scan_5_8_2026 (4).xlsx,,5560.0,1.05,,0.65,,,,,,,,,,,,,,,,,,,,,,,,,,,,,,,,,,,,,28426.0,-15.0,-0.05,5600.0,3046.0,-105.0,779.0,-4.0,-0.71,SC,,,,,,,,,,,,,,,,
SONACOMS,,,,,,8.55,,,,,,,,,,,,,RESISTANCE,Resistance_25AUG26_Scan_5_8_2026 (4).xlsx,,794.0,1.09,,0.87,,,,,,,,,,,,,,,,,,,,,,,,,,,,,,,,,,,,,8855.0,19.0,0.22,800.0,505.0,4.0,69.0,0.0,-0.75,LB,,,,,,,,,,,,,,,,
SBILIFE,,,,,,16.3,,,,,,,,,,,,,RESISTANCE,Resistance_25AUG26_Scan_5_8_2026 (4).xlsx,,1885.5,0.87,,0.61,,,,,,,,,,,,,,,,,,,,,,,,,,,,,,,,,,,,,15432.0,-84.0,-0.54,1900.0,647.0,-2.0,229.0,7.0,-0.76,SC,,,,,,,,,,,,,,,,
ITC,,,,,,0.0,,,,,,,,,,,,,RESISTANCE,Resistance_25AUG26_Scan_5_8_2026 (4).xlsx,,287.7,0.0,,0.55,,,,,,,,,,,,,,,,,,,,,,,,,,,,,,,,,,,,,90970.0,36.0,0.04,290.0,11507.0,252.0,4269.0,10.0,-0.79,-,,,,,,,,,,,,,,,,
INDIGO,,,,,,115.5,,,,,,,,,,,,,RESISTANCE,Resistance_25AUG26_Scan_5_8_2026 (4).xlsx,,5455.5,2.16,,0.63,,,,,,,,,,,,,,,,,,,,,,,,,,,,,,,,,,,,,37555.0,168.0,0.45,5500.0,4175.0,1805.0,751.0,196.0,-0.81,LB,,,,,,,,,,,,,,,,
MOTHERSON,,,,,,3.09,,,,,,,,,,,,,RESISTANCE,Resistance_25AUG26_Scan_5_8_2026 (4).xlsx,,153.75,2.05,,0.67,,,,,,,,,,,,,,,,,,,,,,,,,,,,,,,,,,,,,20744.0,79.0,0.38,155.0,1185.0,-34.0,162.0,6.0,-0.81,LB,,,,,,,,,,,,,,,,
UNIONBANK,,,,,,4.13,,,,,,,,,,,,,RESISTANCE,Resistance_25AUG26_Scan_5_8_2026 (4).xlsx,,178.37,2.37,,0.89,,,,,,,,,,,,,,,,,,,,,,,,,,,,,,,,,,,,,26816.0,129.0,0.48,180.0,1472.0,-4.0,323.0,50.0,-0.91,LB,,,,,,,,,,,,,,,,
CAMS,,,,,,4.55,,,,,,,,,,,,,RESISTANCE,Resistance_25AUG26_Scan_5_8_2026 (4).xlsx,,812.15,0.56,,0.52,,,,,,,,,,,,,,,,,,,,,,,,,,,,,,,,,,,,,8937.0,-46.0,-0.51,820.0,1203.0,53.0,302.0,18.0,-0.96,SC,,,,,,,,,,,,,,,,
NAM-INDIA,,,,,,12.1,,,,,,,,,,,,,RESISTANCE,Resistance_25AUG26_Scan_5_8_2026 (4).xlsx,,1188.5,1.03,,0.42,,,,,,,,,,,,,,,,,,,,,,,,,,,,,,,,,,,,,11834.0,89.0,0.76,1200.0,757.0,-138.0,0.0,,-0.96,LB,,,,,,,,,,,,,,,,
ICICIPRULI,,,,,,5.8,,,,,,,,,,,,,RESISTANCE,Resistance_25AUG26_Scan_5_8_2026 (4).xlsx,,514.7,1.14,,0.62,,,,,,,,,,,,,,,,,,,,,,,,,,,,,,,,,,,,,19395.0,109.0,0.57,520.0,1159.0,86.0,0.0,,-1.02,LB,,,,,,,,,,,,,,,,
SOLARINDS,,,,,,11.0,,,,,,,,,,,,,RESISTANCE,Resistance_25AUG26_Scan_5_8_2026 (4).xlsx,,18803.0,0.06,,0.78,,,,,,,,,,,,,,,,,,,,,,,,,,,,,,,,,,,,,15807.0,18.0,0.11,19000.0,724.0,17.0,346.0,37.0,-1.04,LB,,,,,,,,,,,,,,,,
AUROPHARMA,,,,,,-5.5,,,,,,,,,,,,,RESISTANCE,Resistance_25AUG26_Scan_5_8_2026 (4).xlsx,,1583.1,-0.35,,0.71,,,,,,,,,,,,,,,,,,,,,,,,,,,,,,,,,,,,,19434.0,69.0,0.36,1600.0,1617.0,56.0,398.0,-18.0,-1.06,SB,,,,,,,,,,,,,,,,
CONCOR,,,,,,5.3,,,,,,,,,,,,,RESISTANCE,Resistance_25AUG26_Scan_5_8_2026 (4).xlsx,,523.9,1.02,,0.7,,,,,,,,,,,,,,,,,,,,,,,,,,,,,,,,,,,,,17196.0,3.0,0.02,530.0,617.0,-14.0,164.0,16.0,-1.15,LB,,,,,,,,,,,,,,,,
BHEL,,,,,,4.4,,,,,,,,,,,,,RESISTANCE,Resistance_25AUG26_Scan_5_8_2026 (4).xlsx,,414.7,1.07,,0.64,,,,,,,,,,,,,,,,,,,,,,,,,,,,,,,,,,,,,30640.0,-7.0,-0.02,420.0,1646.0,-24.0,633.0,7.0,-1.26,SC,,,,,,,,,,,,,,,,
INDUSINDBK,,,,,,14.0,,,,,,,,,,,,,RESISTANCE,Resistance_25AUG26_Scan_5_8_2026 (4).xlsx,,1035.0,1.37,,0.59,,,,,,,,,,,,,,,,,,,,,,,,,,,,,,,,,,,,,47910.0,-43.0,-0.09,1050.0,1650.0,-50.0,219.0,-3.0,-1.43,SC,,,,,,,,,,,,,,,,
CGPOWER,,,,,,4.7,,,,,,,,,,,,,RESISTANCE,Resistance_25AUG26_Scan_5_8_2026 (4).xlsx,,887.0,0.53,,0.61,,,,,,,,,,,,,,,,,,,,,,,,,,,,,,,,,,,,,23671.0,147.0,0.62,900.0,1926.0,20.0,666.0,19.0,-1.44,LB,,,,,,,,,,,,,,,,
OBEROIRLTY,,,,,,23.3,,,,,,,,,,,,,RESISTANCE,Resistance_25AUG26_Scan_5_8_2026 (4).xlsx,,1813.5,1.3,,0.5,,,,,,,,,,,,,,,,,,,,,,,,,,,,,,,,,,,,,15547.0,-17.0,-0.11,1840.0,1019.0,-69.0,456.0,0.0,-1.44,SC,,,,,,,,,,,,,,,,
APOLLOHOSP,,,,,,-18.5,,,,,,,,,,,,,RESISTANCE,Resistance_25AUG26_Scan_5_8_2026 (4).xlsx,,8867.5,-0.21,,0.64,,,,,,,,,,,,,,,,,,,,,,,,,,,,,,,,,,,,,15659.0,139.0,0.9,9000.0,1462.0,111.0,347.0,13.0,-1.47,SB,,,,,,,,,,,,,,,,
BHARTIARTL,,,,,,2.5,,,,,,,,,,,,,RESISTANCE,Resistance_25AUG26_Scan_5_8_2026 (4).xlsx,,1966.8,0.13,,0.49,,,,,,,,,,,,,,,,,,,,,,,,,,,,,,,,,,,,,115985.0,1243.0,1.08,2000.0,8568.0,3640.0,1345.0,683.0,-1.66,LB,,,,,,,,,,,,,,,,
TORNTPHARM,,,,,,-54.5,,,,,,,,,,,,,RESISTANCE,Resistance_25AUG26_Scan_5_8_2026 (4).xlsx,,5010.0,-1.08,,0.56,,,,,,,,,,,,,,,,,,,,,,,,,,,,,,,,,,,,,29156.0,63.0,0.22,5100.0,1431.0,67.0,379.0,0.0,-1.76,SB,,,,,,,,,,,,,,,,
MUTHOOTFIN,,,,,,54.4,,,,,,,,,,,,,RESISTANCE,Resistance_25AUG26_Scan_5_8_2026 (4).xlsx,,2945.2,1.88,,0.54,,,,,,,,,,,,,,,,,,,,,,,,,,,,,,,,,,,,,24703.0,-250.0,-1.0,3000.0,4036.0,-838.0,529.0,-55.0,-1.83,SC,,,,,,,,,,,,,,,,
KAYNES,,,,,,34.6,,,,,,,,,,,,,RESISTANCE,Resistance_25AUG26_Scan_5_8_2026 (4).xlsx,,3925.1,0.89,,0.71,,,,,,,,,,,,,,,,,,,,,,,,,,,,,,,,,,,,,26974.0,72.0,0.27,4000.0,1709.0,-3.0,177.0,14.0,-1.87,LB,,,,,,,,,,,,,,,,
POWERGRID,,,,,,2.0,,,,,,,,,,,,,RESISTANCE,Resistance_25AUG26_Scan_5_8_2026 (4).xlsx,,284.4,0.71,,0.81,,,,,,,,,,,,,,,,,,,,,,,,,,,,,,,,,,,,,24414.0,23.0,0.09,290.0,2277.0,15.0,0.0,,-1.93,LB,,,,,,,,,,,,,,,,
POLYCAB,,,,,,106.0,,,,,,,,,,,,,RESISTANCE,Resistance_25AUG26_Scan_5_8_2026 (4).xlsx,,9314.0,1.15,,0.73,,,,,,,,,,,,,,,,,,,,,,,,,,,,,,,,,,,,,18164.0,-26.0,-0.14,9500.0,1401.0,-232.0,244.0,-4.0,-1.96,SC,,,,,,,,,,,,,,,,
NTPC,,,,,,3.8,,,,,,,,,,,,,RESISTANCE,Resistance_25AUG26_Scan_5_8_2026 (4).xlsx,,347.75,1.1,,0.68,,,,,,,,,,,,,,,,,,,,,,,,,,,,,,,,,,,,,65603.0,-59.0,-0.09,355.0,4096.0,-4.0,189.0,-7.0,-2.04,SC,,,,,,,,,,,,,,,,
PHOENIXLTD,,,,,,12.8,,,,,,,,,,,,,RESISTANCE,Resistance_25AUG26_Scan_5_8_2026 (4).xlsx,,1959.0,0.66,,0.59,,,,,,,,,,,,,,,,,,,,,,,,,,,,,,,,,,,,,10311.0,-8.0,-0.08,2000.0,543.0,4.0,275.0,-3.0,-2.05,SC,,,,,,,,,,,,,,,,
TCS,,,,,,-9.4,,,,,,,,,,,,,RESISTANCE,Resistance_25AUG26_Scan_5_8_2026 (4).xlsx,,2448.0,-0.38,,0.89,,,,,,,,,,,,,,,,,,,,,,,,,,,,,,,,,,,,,136826.0,147.0,0.11,2500.0,8152.0,172.0,1671.0,6.0,-2.08,SB,,,,,,,,,,,,,,,,
FINNIFTY,,,,,,148.8,,,,,,,,,,,,,RESISTANCE,Resistance_25AUG26_Scan_5_8_2026 (4).xlsx,,26922.2,0.56,,0.73,,,,,,,,,,,,,,,,,,,,,,,,,,,,,,,,,,,,,503.0,-4.0,-0.79,27500.0,551.0,34.0,0.0,,-2.1,SC,,,,,,,,,,,,,,,,
INFY,,,,,,10.3,,,,,,,,,,,,,RESISTANCE,Resistance_25AUG26_Scan_5_8_2026 (4).xlsx,,1174.8,0.88,,0.96,,,,,,,,,,,,,,,,,,,,,,,,,,,,,,,,,,,,,217697.0,-19.0,-0.01,1200.0,13332.0,61.0,3412.0,22.0,-2.1,SC,,,,,,,,,,,,,,,,
NESTLEIND,,,,,,16.4,,,,,,,,,,,,,RESISTANCE,Resistance_25AUG26_Scan_5_8_2026 (4).xlsx,,1505.4,1.1,,0.61,,,,,,,,,,,,,,,,,,,,,,,,,,,,,,,,,,,,,15940.0,282.0,1.8,1540.0,1337.0,3.0,0.0,,-2.25,LB,,,,,,,,,,,,,,,,
GMRAIRPORT,,,,,,1.02,,,,,,,,,,,,,RESISTANCE,Resistance_25AUG26_Scan_5_8_2026 (4).xlsx,,107.4,0.96,,1.0,,,,,,,,,,,,,,,,,,,,,,,,,,,,,,,,,,,,,18658.0,2.0,0.01,110.0,954.0,-30.0,0.0,,-2.36,LB,,,,,,,,,,,,,,,,
NAUKRI,,,,,,6.6,,,,,,,,,,,,,RESISTANCE,Resistance_25AUG26_Scan_5_8_2026 (4).xlsx,,1269.2,0.52,,0.62,,,,,,,,,,,,,,,,,,,,,,,,,,,,,,,,,,,,,25205.0,33.0,0.13,1300.0,797.0,-61.0,0.0,,-2.37,LB,,,,,,,,,,,,,,,,
PFC,,,,,,0.2,,,,,,,,,,,,,RESISTANCE,Resistance_25AUG26_Scan_5_8_2026 (4).xlsx,,419.8,0.05,,0.76,,,,,,,,,,,,,,,,,,,,,,,,,,,,,,,,,,,,,42194.0,83.0,0.2,430.0,1416.0,165.0,0.0,,-2.37,LB,,,,,,,,,,,,,,,,
HCLTECH,,,,,,2.5,,,,,,,,,,,,,RESISTANCE,Resistance_25AUG26_Scan_5_8_2026 (4).xlsx,,1366.3,0.18,,0.85,,,,,,,,,,,,,,,,,,,,,,,,,,,,,,,,,,,,,68290.0,6.0,0.01,1400.0,1680.0,-135.0,342.0,1.0,-2.41,LB,,,,,,,,,,,,,,,,
BDL,,,,,,13.2,,,,,,,,,,,,,RESISTANCE,Resistance_25AUG26_Scan_5_8_2026 (4).xlsx,,1268.1,1.05,,0.8,,,,,,,,,,,,,,,,,,,,,,,,,,,,,,,,,,,,,16800.0,-123.0,-0.73,1300.0,1178.0,-16.0,323.0,1.0,-2.45,SC,,,,,,,,,,,,,,,,
GODREJCP,,,,,,14.8,,,,,,,,,,,,,RESISTANCE,Resistance_25AUG26_Scan_5_8_2026 (4).xlsx,,1073.0,1.4,,0.61,,,,,,,,,,,,,,,,,,,,,,,,,,,,,,,,,,,,,22420.0,47.0,0.21,1100.0,664.0,-27.0,0.0,,-2.45,LB,,,,,,,,,,,,,,,,
ADANIENSOL,,,,,,9.4,,,,,,,,,,,,,RESISTANCE,Resistance_25AUG26_Scan_5_8_2026 (4).xlsx,,1656.9,0.57,,0.58,,,,,,,,,,,,,,,,,,,,,,,,,,,,,,,,,,,,,28714.0,58.0,0.2,1700.0,1459.0,-1.0,0.0,,-2.54,LB,,,,,,,,,,,,,,,,
SUNPHARMA,,,,,,-14.3,,,,,,,,,,,,,RESISTANCE,Resistance_25AUG26_Scan_5_8_2026 (4).xlsx,,1947.4,-0.73,,0.57,,,,,,,,,,,,,,,,,,,,,,,,,,,,,,,,,,,,,39547.0,48.0,0.12,2000.0,4769.0,384.0,995.0,-2.0,-2.63,SB,,,,,,,,,,,,,,,,
SAIL,,,,,,0.63,,,,,,,,,,,,,RESISTANCE,Resistance_25AUG26_Scan_5_8_2026 (4).xlsx,,175.19,0.36,,0.7,,,,,,,,,,,,,,,,,,,,,,,,,,,,,,,,,,,,,37682.0,-55.0,-0.15,180.0,913.0,1.0,244.0,2.0,-2.67,SC,,,,,,,,,,,,,,,,
IREDA,,,,,,0.42,,,,,,,,,,,,,RESISTANCE,Resistance_25AUG26_Scan_5_8_2026 (4).xlsx,,116.71,0.36,,0.73,,,,,,,,,,,,,,,,,,,,,,,,,,,,,,,,,,,,,17286.0,156.0,0.91,120.0,1925.0,125.0,1138.0,9.0,-2.74,LB,,,,,,,,,,,,,,,,
SWIGGY,,,,,,2.05,,,,,,,,,,,,,RESISTANCE,Resistance_25AUG26_Scan_5_8_2026 (4).xlsx,,291.7,0.71,,0.67,,,,,,,,,,,,,,,,,,,,,,,,,,,,,,,,,,,,,36521.0,212.0,0.58,300.0,3876.0,344.0,615.0,-4.0,-2.77,LB,,,,,,,,,,,,,,,,
UPL,,,,,,-2.05,,,,,,,,,,,,,RESISTANCE,Resistance_25AUG26_Scan_5_8_2026 (4).xlsx,,583.0,-0.35,,0.49,,,,,,,,,,,,,,,,,,,,,,,,,,,,,,,,,,,,,24941.0,253.0,1.02,600.0,2411.0,152.0,1036.0,-73.0,-2.83,SB,,,,,,,,,,,,,,,,
PIDILITIND,,,,,,35.5,,,,,,,,,,,,,RESISTANCE,Resistance_25AUG26_Scan_5_8_2026 (4).xlsx,,1651.7,2.2,,0.49,,,,,,,,,,,,,,,,,,,,,,,,,,,,,,,,,,,,,15875.0,-94.0,-0.59,1700.0,3046.0,-176.0,120.0,-9.0,-2.84,SC,,,,,,,,,,,,,,,,
LTM,,,,,,16.7,,,,,,,,,,,,,RESISTANCE,Resistance_25AUG26_Scan_5_8_2026 (4).xlsx,,4564.6,0.37,,0.66,,,,,,,,,,,,,,,,,,,,,,,,,,,,,,,,,,,,,15530.0,36.0,0.23,4700.0,1100.0,-7.0,218.0,3.0,-2.88,LB,,,,,,,,,,,,,,,,
BSE,,,,,,-14.6,,,,,,,,,,,,,RESISTANCE,Resistance_25AUG26_Scan_5_8_2026 (4).xlsx,,3590.6,-0.4,,0.59,,,,,,,,,,,,,,,,,,,,,,,,,,,,,,,,,,,,,45456.0,3009.0,7.09,3700.0,8861.0,1661.0,3527.0,1192.0,-2.96,SB,,,,,,,,,,,,,,,,
MOTILALOFS,,,,,,5.85,,,,,,,,,,,,,RESISTANCE,Resistance_25AUG26_Scan_5_8_2026 (4).xlsx,,873.0,0.67,,0.65,,,,,,,,,,,,,,,,,,,,,,,,,,,,,,,,,,,,,8988.0,22.0,0.25,900.0,755.0,-14.0,0.0,,-3.0,LB,,,,,,,,,,,,,,,,
,,,,,,,,,,,,,,,,,,,UNKNOWN,Sector_Summary_25AUG26_Report_5_8_2026 (1).xlsx,,,,,,,,,,,,,,,,,,,,,,,,,,,,,,,,,,,,,,,,,,,,,,,,,,,,AIR TRANSPORT SERVICE,1 / 0 / 0,2.63,-40.53,0.36,6.72,LB,3678.0,316.0,-3362.0,-10.31,,,,,
,,,,,,,,,,,,,,,,,,,UNKNOWN,Sector_Summary_25AUG26_Report_5_8_2026 (1).xlsx,,,,,,,,,,,,,,,,,,,,,,,,,,,,,,,,,,,,,,,,,,,,,,,,,,,,QUICK SERVICE RESTAURANT,1 / 0 / 0,2.61,-63.16,-0.43,5.15,SC,157.0,73.0,-84.0,-0.8,,,,,
,,,,,,,,,,,,,,,,,,,UNKNOWN,Sector_Summary_25AUG26_Report_5_8_2026 (1).xlsx,,,,,,,,,,,,,,,,,,,,,,,,,,,,,,,,,,,,,,,,,,,,,,,,,,,,REALTY,6 / 0 / 0,2.25,-78.04,0.06,2.66,LB,184.0,61.0,-123.0,-0.68,,,,,
,,,,,,,,,,,,,,,,,,,UNKNOWN,Sector_Summary_25AUG26_Report_5_8_2026 (1).xlsx,,,,,,,,,,,,,,,,,,,,,,,,,,,,,,,,,,,,,,,,,,,,,,,,,,,,AUTO ANCILLARIES,4 / 0 / 0,2.09,-80.4,0.5,1.52,LB,11.0,133.0,122.0,1.83,,,,,
,,,,,,,,,,,,,,,,,,,UNKNOWN,Sector_Summary_25AUG26_Report_5_8_2026 (1).xlsx,,,,,,,,,,,,,,,,,,,,,,,,,,,,,,,,,,,,,,,,,,,,,,,,,,,,INSURANCE,5 / 0 / 0,1.51,-27.84,0.36,6.78,SC,283.0,-34.0,-316.0,-4.29,,,,,
,,,,,,,,,,,,,,,,,,,UNKNOWN,Sector_Summary_25AUG26_Report_5_8_2026 (1).xlsx,,,,,,,,,,,,,,,,,,,,,,,,,,,,,,,,,,,,,,,,,,,,,,,,,,,,REFINERIES,4 / 0 / 0,1.33,-56.3,0.2,7.16,LB,126.0,59.0,-67.0,1.46,,,,,
,,,,,,,,,,,,,,,,,,,UNKNOWN,Sector_Summary_25AUG26_Report_5_8_2026 (1).xlsx,,,,,,,,,,,,,,,,,,,,,,,,,,,,,,,,,,,,,,,,,,,,,,,,,,,,FINANCE,20 / 0 / 0,1.27,-78.27,0.29,7.45,LB,-181.0,138.0,336.0,1.4,,,,,
,,,,,,,,,,,,,,,,,,,UNKNOWN,Sector_Summary_25AUG26_Report_5_8_2026 (1).xlsx,,,,,,,,,,,,,,,,,,,,,,,,,,,,,,,,,,,,,,,,,,,,,,,,,,,,AUTOMOBILE,10 / 0 / 0,1.23,-80.28,0.23,6.68,LB,-344.0,327.0,671.0,1.7,,,,,
,,,,,,,,,,,,,,,,,,,UNKNOWN,Sector_Summary_25AUG26_Report_5_8_2026 (1).xlsx,,,,,,,,,,,,,,,,,,,,,,,,,,,,,,,,,,,,,,,,,,,,,,,,,,,,INFRASTRUCTURE DEVELOPERS & OPERATORS,2 / 0 / 0,1.11,-74.08,-0.28,12.64,SC,-968.0,370.0,1338.0,2.4,,,,,
,,,,,,,,,,,,,,,,,,,UNKNOWN,Sector_Summary_25AUG26_Report_5_8_2026 (1).xlsx,,,,,,,,,,,,,,,,,,,,,,,,,,,,,,,,,,,,,,,,,,,,,,,,,,,,BANKS,17 / 1 / 0,1.0,-75.1,-0.01,7.64,LB,218.0,216.0,-2.0,0.43,,,,,
,,,,,,,,,,,,,,,,,,,UNKNOWN,Sector_Summary_25AUG26_Report_5_8_2026 (1).xlsx,,,,,,,,,,,,,,,,,,,,,,,,,,,,,,,,,,,,,,,,,,,,,,,,,,,,CAPITAL GOODS-NON ELECTRICAL EQUIPMENT,3 / 0 / 0,1.0,-89.57,-0.08,6.74,SC,-99.0,47.0,146.0,2.48,,,,,
,,,,,,,,,,,,,,,,,,,UNKNOWN,Sector_Summary_25AUG26_Report_5_8_2026 (1).xlsx,,,,,,,,,,,,,,,,,,,,,,,,,,,,,,,,,,,,,,,,,,,,,,,,,,,,"CASTINGS, FORGINGS & FASTNERS",1 / 0 / 0,0.95,-62.6,0.35,0.77,LB,16.0,79.0,63.0,0.77,,,,,
,,,,,,,,,,,,,,,,,,,UNKNOWN,Sector_Summary_25AUG26_Report_5_8_2026 (1).xlsx,,,,,,,,,,,,,,,,,,,,,,,,,,,,,,,,,,,,,,,,,,,,,,,,,,,,MISCELLANEOUS,2 / 0 / 0,0.95,-75.81,0.02,4.16,LB,-58.0,4.0,61.0,0.75,,,,,
,,,,,,,,,,,,,,,,,,,UNKNOWN,Sector_Summary_25AUG26_Report_5_8_2026 (1).xlsx,,,,,,,,,,,,,,,,,,,,,,,,,,,,,,,,,,,,,,,,,,,,,,,,,,,,BANKNIFTY,13 / 1 / 0,0.93,-77.1,0.13,9.19,LB,272.0,268.0,-4.0,0.64,,,,,
,,,,,,,,,,,,,,,,,,,UNKNOWN,Sector_Summary_25AUG26_Report_5_8_2026 (1).xlsx,,,,,,,,,,,,,,,,,,,,,,,,,,,,,,,,,,,,,,,,,,,,,,,,,,,,TEXTILES,1 / 0 / 0,0.83,-93.62,-0.01,2.78,SC,334.0,-20.0,-354.0,-2.98,,,,,
,,,,,,,,,,,,,,,,,,,UNKNOWN,Sector_Summary_25AUG26_Report_5_8_2026 (1).xlsx,,,,,,,,,,,,,,,,,,,,,,,,,,,,,,,,,,,,,,,,,,,,,,,,,,,,CHEMICALS,2 / 0 / 0,0.82,-90.47,0.49,5.0,LB,150.0,-1.0,-151.0,-0.8,,,,,
,,,,,,,,,,,,,,,,,,,UNKNOWN,Sector_Summary_25AUG26_Report_5_8_2026 (1).xlsx,,,,,,,,,,,,,,,,,,,,,,,,,,,,,,,,,,,,,,,,,,,,,,,,,,,,CAPITAL GOODS - ELECTRICAL EQUIPMENT,9 / 0 / 0,0.8,-89.43,0.17,4.07,LB,-10.0,17.0,26.0,0.17,,,,,
,,,,,,,,,,,,,,,,,,,UNKNOWN,Sector_Summary_25AUG26_Report_5_8_2026 (1).xlsx,,,,,,,,,,,,,,,,,,,,,,,,,,,,,,,,,,,,,,,,,,,,,,,,,,,,PAINTS/VARNISH,1 / 0 / 0,0.79,-79.09,0.56,15.71,LB,59.0,-83.0,-142.0,-0.42,,,,,
,,,,,,,,,,,,,,,,,,,UNKNOWN,Sector_Summary_25AUG26_Report_5_8_2026 (1).xlsx,,,,,,,,,,,,,,,,,,,,,,,,,,,,,,,,,,,,,,,,,,,,,,,,,,,,TELECOM-SERVICE,2 / 0 / 0,0.75,-18.93,0.44,2.74,LB,4131.0,1002.0,-3129.0,-6.5,,,,,
,,,,,,,,,,,,,,,,,,,UNKNOWN,Sector_Summary_25AUG26_Report_5_8_2026 (1).xlsx,,,,,,,,,,,,,,,,,,,,,,,,,,,,,,,,,,,,,,,,,,,,,,,,,,,,HOTELS & RESTAURANTS,1 / 0 / 0,0.68,-82.16,0.21,19.14,LB,-183.0,-14.0,169.0,2.47,,,,,
,,,,,,,,,,,,,,,,,,,UNKNOWN,Sector_Summary_25AUG26_Report_5_8_2026 (1).xlsx,,,,,,,,,,,,,,,,,,,,,,,,,,,,,,,,,,,,,,,,,,,,,,,,,,,,CEMENT,4 / 0 / 0,0.67,-78.14,0.16,6.86,LB,-100.0,78.0,178.0,1.74,,,,,
,,,,,,,,,,,,,,,,,,,UNKNOWN,Sector_Summary_25AUG26_Report_5_8_2026 (1).xlsx,,,,,,,,,,,,,,,,,,,,,,,,,,,,,,,,,,,,,,,,,,,,,,,,,,,,POWER GENERATION & DISTRIBUTION,8 / 0 / 0,0.61,-83.11,0.1,8.76,LB,-14.0,-2.0,12.0,-0.08,,,,,
,,,,,,,,,,,,,,,,,,,UNKNOWN,Sector_Summary_25AUG26_Report_5_8_2026 (1).xlsx,,,,,,,,,,,,,,,,,,,,,,,,,,,,,,,,,,,,,,,,,,,,,,,,,,,,AEROSPACE & DEFENCE,5 / 1 / 0,0.6,-82.87,-0.17,8.74,SC,-111.0,24.0,135.0,1.01,,,,,
,,,,,,,,,,,,,,,,,,,UNKNOWN,Sector_Summary_25AUG26_Report_5_8_2026 (1).xlsx,,,,,,,,,,,,,,,,,,,,,,,,,,,,,,,,,,,,,,,,,,,,,,,,,,,,NIFTY,41 / 8 / 0,0.6,-80.84,0.24,11.05,LB,227.0,297.0,71.0,0.28,,,,,
,,,,,,,,,,,,,,,,,,,UNKNOWN,Sector_Summary_25AUG26_Report_5_8_2026 (1).xlsx,,,,,,,,,,,,,,,,,,,,,,,,,,,,,,,,,,,,,,,,,,,,,,,,,,,,CONSUMER DURABLES,7 / 1 / 0,0.59,-90.58,0.34,2.83,LB,5.0,19.0,14.0,-0.18,,,,,
,,,,,,,,,,,,,,,,,,,UNKNOWN,Sector_Summary_25AUG26_Report_5_8_2026 (1).xlsx,,,,,,,,,,,,,,,,,,,,,,,,,,,,,,,,,,,,,,,,,,,,,,,,,,,,NON FERROUS METALS,4 / 0 / 0,0.57,-83.98,0.38,4.97,LB,-135.0,75.0,209.0,0.69,,,,,
,,,,,,,,,,,,,,,,,,,UNKNOWN,Sector_Summary_25AUG26_Report_5_8_2026 (1).xlsx,,,,,,,,,,,,,,,,,,,,,,,,,,,,,,,,,,,,,,,,,,,,,,,,,,,,STOCK/ COMMODITY BROKERS,2 / 1 / 0,0.55,-83.93,0.71,3.33,LB,106.0,41.0,-65.0,-0.42,,,,,
,,,,,,,,,,,,,,,,,,,UNKNOWN,Sector_Summary_25AUG26_Report_5_8_2026 (1).xlsx,,,,,,,,,,,,,,,,,,,,,,,,,,,,,,,,,,,,,,,,,,,,,,,,,,,,GAS DISTRIBUTION,2 / 0 / 0,0.54,-90.13,-0.06,3.61,SC,-220.0,-5.0,216.0,0.83,,,,,
,,,,,,,,,,,,,,,,,,,UNKNOWN,Sector_Summary_25AUG26_Report_5_8_2026 (1).xlsx,,,,,,,,,,,,,,,,,,,,,,,,,,,,,,,,,,,,,,,,,,,,,,,,,,,,IT - SOFTWARE,11 / 1 / 0,0.44,-89.87,0.1,4.25,LB,-3.0,164.0,167.0,0.34,,,,,
,,,,,,,,,,,,,,,,,,,UNKNOWN,Sector_Summary_25AUG26_Report_5_8_2026 (1).xlsx,,,,,,,,,,,,,,,,,,,,,,,,,,,,,,,,,,,,,,,,,,,,,,,,,,,,TRADING,1 / 1 / 0,0.41,-84.79,-0.28,3.23,SC,-32.0,-11.0,21.0,-0.88,,,,,
,,,,,,,,,,,,,,,,,,,UNKNOWN,Sector_Summary_25AUG26_Report_5_8_2026 (1).xlsx,,,,,,,,,,,,,,,,,,,,,,,,,,,,,,,,,,,,,,,,,,,,,,,,,,,,MARINE PORT & SERVICES,1 / 0 / 0,0.36,-89.73,0.07,11.84,LB,141.0,-5.0,-146.0,-0.33,,,,,
,,,,,,,,,,,,,,,,,,,UNKNOWN,Sector_Summary_25AUG26_Report_5_8_2026 (1).xlsx,,,,,,,,,,,,,,,,,,,,,,,,,,,,,,,,,,,,,,,,,,,,,,,,,,,,STEEL,4 / 0 / 0,0.34,-92.16,0.09,9.73,LB,20.0,53.0,33.0,0.1,,,,,
,,,,,,,,,,,,,,,,,,,UNKNOWN,Sector_Summary_25AUG26_Report_5_8_2026 (1).xlsx,,,,,,,,,,,,,,,,,,,,,,,,,,,,,,,,,,,,,,,,,,,,,,,,,,,,CABLES,1 / 1 / 0,0.32,-92.2,-0.03,2.53,LB,-128.0,-161.0,-33.0,-0.53,,,,,
,,,,,,,,,,,,,,,,,,,UNKNOWN,Sector_Summary_25AUG26_Report_5_8_2026 (1).xlsx,,,,,,,,,,,,,,,,,,,,,,,,,,,,,,,,,,,,,,,,,,,,,,,,,,,,TELECOM EQUIPMENT & INFRA SERVICES,1 / 0 / 0,0.31,-89.21,-0.03,4.95,SC,67.0,-9.0,-76.0,-0.39,,,,,
,,,,,,,,,,,,,,,,,,,UNKNOWN,Sector_Summary_25AUG26_Report_5_8_2026 (1).xlsx,,,,,,,,,,,,,,,,,,,,,,,,,,,,,,,,,,,,,,,,,,,,,,,,,,,,E-COMMERCE/APP BASED AGGREGATOR,5 / 1 / 0,0.28,-65.11,1.8,4.2,LB,778.0,181.0,-597.0,-6.1,,,,,
,,,,,,,,,,,,,,,,,,,UNKNOWN,Sector_Summary_25AUG26_Report_5_8_2026 (1).xlsx,,,,,,,,,,,,,,,,,,,,,,,,,,,,,,,,,,,,,,,,,,,,,,,,,,,,RETAIL,2 / 1 / 0,0.25,-89.27,0.23,4.86,LB,-234.0,-55.0,179.0,0.59,,,,,
,,,,,,,,,,,,,,,,,,,UNKNOWN,Sector_Summary_25AUG26_Report_5_8_2026 (1).xlsx,,,,,,,,,,,,,,,,,,,,,,,,,,,,,,,,,,,,,,,,,,,,,,,,,,,,FMCG,7 / 3 / 0,0.16,-89.44,1.08,7.11,LB,386.0,139.0,-247.0,-1.63,,,,,
,,,,,,,,,,,,,,,,,,,UNKNOWN,Sector_Summary_25AUG26_Report_5_8_2026 (1).xlsx,,,,,,,,,,,,,,,,,,,,,,,,,,,,,,,,,,,,,,,,,,,,,,,,,,,,FINANCIAL SERVICES,4 / 2 / 0,0.13,-65.68,3.13,4.76,SB,1826.0,828.0,-998.0,-1.51,,,,,
,,,,,,,,,,,,,,,,,,,UNKNOWN,Sector_Summary_25AUG26_Report_5_8_2026 (1).xlsx,,,,,,,,,,,,,,,,,,,,,,,,,,,,,,,,,,,,,,,,,,,,,,,,,,,,MINING & MINERAL PRODUCTS,1 / 1 / 0,0.01,-92.46,0.09,7.38,SB,87.0,345.0,258.0,0.54,,,,,
,,,,,,,,,,,,,,,,,,,UNKNOWN,Sector_Summary_25AUG26_Report_5_8_2026 (1).xlsx,,,,,,,,,,,,,,,,,,,,,,,,,,,,,,,,,,,,,,,,,,,,,,,,,,,,READYMADE GARMENTS/ APPARELLS,1 / 0 / 0,0.01,-91.19,-0.13,1.3,SC,24.0,10.0,-14.0,-0.32,,,,,
,,,,,,,,,,,,,,,,,,,UNKNOWN,Sector_Summary_25AUG26_Report_5_8_2026 (1).xlsx,,,,,,,,,,,,,,,,,,,,,,,,,,,,,,,,,,,,,,,,,,,,,,,,,,,,ALCOHOLIC BEVERAGES,1 / 1 / 0,-0.01,-94.71,0.15,1.75,LB,-21.0,3.0,24.0,0.35,,,,,
,,,,,,,,,,,,,,,,,,,UNKNOWN,Sector_Summary_25AUG26_Report_5_8_2026 (1).xlsx,,,,,,,,,,,,,,,,,,,,,,,,,,,,,,,,,,,,,,,,,,,,,,,,,,,,AGRO CHEMICALS,1 / 1 / 0,-0.22,-93.18,0.44,2.87,LB,298.0,82.0,-216.0,-0.98,,,,,
,,,,,,,,,,,,,,,,,,,UNKNOWN,Sector_Summary_25AUG26_Report_5_8_2026 (1).xlsx,,,,,,,,,,,,,,,,,,,,,,,,,,,,,,,,,,,,,,,,,,,,,,,,,,,,PLASTIC PRODUCTS,0 / 2 / 0,-0.3,-90.67,0.09,2.38,SB,83.0,14.0,-69.0,-0.87,,,,,
,,,,,,,,,,,,,,,,,,,UNKNOWN,Sector_Summary_25AUG26_Report_5_8_2026 (1).xlsx,,,,,,,,,,,,,,,,,,,,,,,,,,,,,,,,,,,,,,,,,,,,,,,,,,,,HEALTHCARE,0 / 3 / 0,-0.41,-84.25,0.42,13.62,SB,137.0,41.0,-96.0,-1.02,,,,,
,,,,,,,,,,,,,,,,,,,UNKNOWN,Sector_Summary_25AUG26_Report_5_8_2026 (1).xlsx,,,,,,,,,,,,,,,,,,,,,,,,,,,,,,,,,,,,,,,,,,,,,,,,,,,,PHARMACEUTICALS,3 / 10 / 0,-0.42,-85.91,0.3,5.78,SB,140.0,31.0,-110.0,-0.72,,,,,
,,,,,,,,,,,,,,,,,,,UNKNOWN,Sector_Summary_25AUG26_Report_5_8_2026 (1).xlsx,,,,,,,,,,,,,,,,,,,,,,,,,,,,,,,,,,,,,,,,,,,,,,,,,,,,TOBACCO PRODUCTS,1 / 1 / 0,-0.54,-94.29,-0.23,9.7,LU,162.0,46.0,-116.0,0.27,,,,,
,,,,,,,,,,,,,,,,,,,UNKNOWN,Sector_Summary_25AUG26_Report_5_8_2026 (1).xlsx,,,,,,,,,,,,,,,,,,,,,,,,,,,,,,,,,,,,,,,,,,,,,,,,,,,,"DIAMOND, GEMS AND JEWELLERY",1 / 1 / 0,-0.73,-78.38,0.53,8.04,SB,1359.0,171.0,-1188.0,-3.4,,,,,
,,,,,,,,,,,,,,,,,,,UNKNOWN,Sector_Summary_25AUG26_Report_5_8_2026 (1).xlsx,,,,,,,,,,,,,,,,,,,,,,,,,,,,,,,,,,,,,,,,,,,,,,,,,,,,CRUDE OIL & NATURAL GAS,0 / 2 / 0,-1.73,-32.09,1.67,9.41,SB,938.0,356.0,-582.0,-2.68,,,,,
,,,,,,,,,,,,,,,,,,,UNKNOWN,Sector_Summary_25AUG26_Report_5_8_2026 (2).xlsx,,,,,,,,,,,,,,,,,,,,,,,,,,,,,,,,,,,,,,,,,,,,,,,,,,,,QUICK SERVICE RESTAURANT,1 / 0 / 0,2.58,-42.63,-0.25,5.17,SC,681.0,69.0,-612.0,-5.53,,,,,
,,,,,,,,,,,,,,,,,,,UNKNOWN,Sector_Summary_25AUG26_Report_5_8_2026 (2).xlsx,,,,,,,,,,,,,,,,,,,,,,,,,,,,,,,,,,,,,,,,,,,,,,,,,,,,AUTO ANCILLARIES,4 / 0 / 0,2.28,-73.41,0.38,1.53,LB,158.0,197.0,39.0,0.49,,,,,
,,,,,,,,,,,,,,,,,,,UNKNOWN,Sector_Summary_25AUG26_Report_5_8_2026 (2).xlsx,,,,,,,,,,,,,,,,,,,,,,,,,,,,,,,,,,,,,,,,,,,,,,,,,,,,AIR TRANSPORT SERVICE,1 / 0 / 0,2.16,-32.57,0.36,6.72,LB,4401.0,410.0,-3991.0,-11.94,,,,,
,,,,,,,,,,,,,,,,,,,UNKNOWN,Sector_Summary_25AUG26_Report_5_8_2026 (2).xlsx,,,,,,,,,,,,,,,,,,,,,,,,,,,,,,,,,,,,,,,,,,,,,,,,,,,,REALTY,6 / 0 / 0,1.94,-75.07,-0.08,2.66,LB,392.0,63.0,-329.0,-1.85,,,,,
,,,,,,,,,,,,,,,,,,,UNKNOWN,Sector_Summary_25AUG26_Report_5_8_2026 (2).xlsx,,,,,,,,,,,,,,,,,,,,,,,,,,,,,,,,,,,,,,,,,,,,,,,,,,,,"CASTINGS, FORGINGS & FASTNERS",1 / 0 / 0,1.32,-48.51,0.32,0.77,LB,-105.0,96.0,201.0,2.48,,,,,
,,,,,,,,,,,,,,,,,,,UNKNOWN,Sector_Summary_25AUG26_Report_5_8_2026 (2).xlsx,,,,,,,,,,,,,,,,,,,,,,,,,,,,,,,,,,,,,,,,,,,,,,,,,,,,FINANCE,20 / 0 / 0,1.26,-75.17,0.33,7.46,LB,-183.0,125.0,307.0,1.27,,,,,
,,,,,,,,,,,,,,,,,,,UNKNOWN,Sector_Summary_25AUG26_Report_5_8_2026 (2).xlsx,,,,,,,,,,,,,,,,,,,,,,,,,,,,,,,,,,,,,,,,,,,,,,,,,,,,CONSUMER DURABLES,8 / 0 / 0,1.25,-85.7,0.13,2.83,LB,-177.0,12.0,189.0,-0.07,,,,,
,,,,,,,,,,,,,,,,,,,UNKNOWN,Sector_Summary_25AUG26_Report_5_8_2026 (2).xlsx,,,,,,,,,,,,,,,,,,,,,,,,,,,,,,,,,,,,,,,,,,,,,,,,,,,,CHEMICALS,2 / 0 / 0,1.24,-86.81,-0.13,5.05,SC,-338.0,4.0,342.0,1.96,,,,,
,,,,,,,,,,,,,,,,,,,UNKNOWN,Sector_Summary_25AUG26_Report_5_8_2026 (2).xlsx,,,,,,,,,,,,,,,,,,,,,,,,,,,,,,,,,,,,,,,,,,,,,,,,,,,,AUTOMOBILE,10 / 0 / 0,1.21,-77.39,0.26,6.68,LB,-260.0,399.0,659.0,1.71,,,,,
,,,,,,,,,,,,,,,,,,,UNKNOWN,Sector_Summary_25AUG26_Report_5_8_2026 (2).xlsx,,,,,,,,,,,,,,,,,,,,,,,,,,,,,,,,,,,,,,,,,,,,,,,,,,,,INFRASTRUCTURE DEVELOPERS & OPERATORS,2 / 0 / 0,1.2,-71.05,-0.29,12.66,SC,-1023.0,325.0,1348.0,2.54,,,,,
,,,,,,,,,,,,,,,,,,,UNKNOWN,Sector_Summary_25AUG26_Report_5_8_2026 (2).xlsx,,,,,,,,,,,,,,,,,,,,,,,,,,,,,,,,,,,,,,,,,,,,,,,,,,,,REFINERIES,4 / 0 / 0,1.19,-52.03,0.21,7.17,LB,267.0,54.0,-213.0,1.04,,,,,
,,,,,,,,,,,,,,,,,,,UNKNOWN,Sector_Summary_25AUG26_Report_5_8_2026 (2).xlsx,,,,,,,,,,,,,,,,,,,,,,,,,,,,,,,,,,,,,,,,,,,,,,,,,,,,BANKS,17 / 1 / 0,1.02,-66.95,0.02,7.65,LB,315.0,294.0,-6.0,0.44,,,,,
,,,,,,,,,,,,,,,,,,,UNKNOWN,Sector_Summary_25AUG26_Report_5_8_2026 (2).xlsx,,,,,,,,,,,,,,,,,,,,,,,,,,,,,,,,,,,,,,,,,,,,,,,,,,,,CABLES,2 / 0 / 0,1.02,-86.67,-0.28,2.54,SC,-330.0,-76.0,254.0,1.15,,,,,
,,,,,,,,,,,,,,,,,,,UNKNOWN,Sector_Summary_25AUG26_Report_5_8_2026 (2).xlsx,,,,,,,,,,,,,,,,,,,,,,,,,,,,,,,,,,,,,,,,,,,,,,,,,,,,TEXTILES,1 / 0 / 0,1.02,-91.23,0.05,2.79,LB,425.0,-12.0,-437.0,-3.65,,,,,
,,,,,,,,,,,,,,,,,,,UNKNOWN,Sector_Summary_25AUG26_Report_5_8_2026 (2).xlsx,,,,,,,,,,,,,,,,,,,,,,,,,,,,,,,,,,,,,,,,,,,,,,,,,,,,MISCELLANEOUS,2 / 0 / 0,1.01,-69.52,-0.1,4.16,SC,-52.0,29.0,70.0,0.97,,,,,
,,,,,,,,,,,,,,,,,,,UNKNOWN,Sector_Summary_25AUG26_Report_5_8_2026 (2).xlsx,,,,,,,,,,,,,,,,,,,,,,,,,,,,,,,,,,,,,,,,,,,,,,,,,,,,BANKNIFTY,13 / 1 / 0,0.94,-69.46,0.21,9.19,LB,391.0,368.0,4.0,0.8,,,,,
,,,,,,,,,,,,,,,,,,,UNKNOWN,Sector_Summary_25AUG26_Report_5_8_2026 (2).xlsx,,,,,,,,,,,,,,,,,,,,,,,,,,,,,,,,,,,,,,,,,,,,,,,,,,,,CAPITAL GOODS-NON ELECTRICAL EQUIPMENT,2 / 1 / 0,0.92,-85.45,-0.15,6.75,SC,-101.0,68.0,169.0,2.67,,,,,
,,,,,,,,,,,,,,,,,,,UNKNOWN,Sector_Summary_25AUG26_Report_5_8_2026 (2).xlsx,,,,,,,,,,,,,,,,,,,,,,,,,,,,,,,,,,,,,,,,,,,,,,,,,,,,NON FERROUS METALS,4 / 0 / 0,0.83,-81.13,0.33,4.97,LB,-281.0,104.0,385.0,1.49,,,,,
,,,,,,,,,,,,,,,,,,,UNKNOWN,Sector_Summary_25AUG26_Report_5_8_2026 (2).xlsx,,,,,,,,,,,,,,,,,,,,,,,,,,,,,,,,,,,,,,,,,,,,,,,,,,,,CAPITAL GOODS - ELECTRICAL EQUIPMENT,9 / 0 / 0,0.82,-86.33,0.15,4.07,LB,-21.0,37.0,58.0,0.36,,,,,
,,,,,,,,,,,,,,,,,,,UNKNOWN,Sector_Summary_25AUG26_Report_5_8_2026 (2).xlsx,,,,,,,,,,,,,,,,,,,,,,,,,,,,,,,,,,,,,,,,,,,,,,,,,,,,CEMENT,4 / 0 / 0,0.82,-76.29,0.17,6.86,LB,-73.0,89.0,162.0,1.68,,,,,
,,,,,,,,,,,,,,,,,,,UNKNOWN,Sector_Summary_25AUG26_Report_5_8_2026 (2).xlsx,,,,,,,,,,,,,,,,,,,,,,,,,,,,,,,,,,,,,,,,,,,,,,,,,,,,PAINTS/VARNISH,1 / 0 / 0,0.79,-75.82,0.55,15.7,LB,76.0,-137.0,-213.0,-0.62,,,,,
,,,,,,,,,,,,,,,,,,,UNKNOWN,Sector_Summary_25AUG26_Report_5_8_2026 (2).xlsx,,,,,,,,,,,,,,,,,,,,,,,,,,,,,,,,,,,,,,,,,,,,,,,,,,,,STOCK/ COMMODITY BROKERS,2 / 1 / 0,0.72,-79.66,0.78,3.35,LB,178.0,54.0,-124.0,-1.47,,,,,
,,,,,,,,,,,,,,,,,,,UNKNOWN,Sector_Summary_25AUG26_Report_5_8_2026 (2).xlsx,,,,,,,,,,,,,,,,,,,,,,,,,,,,,,,,,,,,,,,,,,,,,,,,,,,,NIFTY,40 / 8 / 1,0.64,-77.52,0.25,11.05,LB,293.0,341.0,48.0,0.28,,,,,
,,,,,,,,,,,,,,,,,,,UNKNOWN,Sector_Summary_25AUG26_Report_5_8_2026 (2).xlsx,,,,,,,,,,,,,,,,,,,,,,,,,,,,,,,,,,,,,,,,,,,,,,,,,,,,MARINE PORT & SERVICES,1 / 0 / 0,0.62,-81.41,0.19,11.83,LB,72.0,-56.0,-128.0,-0.29,,,,,
,,,,,,,,,,,,,,,,,,,UNKNOWN,Sector_Summary_25AUG26_Report_5_8_2026 (2).xlsx,,,,,,,,,,,,,,,,,,,,,,,,,,,,,,,,,,,,,,,,,,,,,,,,,,,,HOTELS & RESTAURANTS,1 / 0 / 0,0.56,-81.03,0.19,19.15,LB,-219.0,-11.0,208.0,3.05,,,,,
,,,,,,,,,,,,,,,,,,,UNKNOWN,Sector_Summary_25AUG26_Report_5_8_2026 (2).xlsx,,,,,,,,,,,,,,,,,,,,,,,,,,,,,,,,,,,,,,,,,,,,,,,,,,,,AEROSPACE & DEFENCE,6 / 0 / 0,0.55,-80.45,-0.31,8.75,SC,-96.0,28.0,123.0,0.93,,,,,
,,,,,,,,,,,,,,,,,,,UNKNOWN,Sector_Summary_25AUG26_Report_5_8_2026 (2).xlsx,,,,,,,,,,,,,,,,,,,,,,,,,,,,,,,,,,,,,,,,,,,,,,,,,,,,POWER GENERATION & DISTRIBUTION,8 / 0 / 0,0.51,-80.32,-0.02,8.77,LB,-5.0,60.0,64.0,-0.04,,,,,
,,,,,,,,,,,,,,,,,,,UNKNOWN,Sector_Summary_25AUG26_Report_5_8_2026 (2).xlsx,,,,,,,,,,,,,,,,,,,,,,,,,,,,,,,,,,,,,,,,,,,,,,,,,,,,TELECOM EQUIPMENT & INFRA SERVICES,1 / 0 / 0,0.51,-79.5,0.08,5.0,LB,116.0,-17.0,-133.0,-0.69,,,,,
,,,,,,,,,,,,,,,,,,,UNKNOWN,Sector_Summary_25AUG26_Report_5_8_2026 (2).xlsx,,,,,,,,,,,,,,,,,,,,,,,,,,,,,,,,,,,,,,,,,,,,,,,,,,,,ALCOHOLIC BEVERAGES,1 / 1 / 0,0.47,-90.09,0.23,1.62,LB,-46.0,8.0,54.0,0.79,,,,,
,,,,,,,,,,,,,,,,,,,UNKNOWN,Sector_Summary_25AUG26_Report_5_8_2026 (2).xlsx,,,,,,,,,,,,,,,,,,,,,,,,,,,,,,,,,,,,,,,,,,,,,,,,,,,,E-COMMERCE/APP BASED AGGREGATOR,5 / 1 / 0,0.43,-59.75,1.97,4.2,LB,913.0,284.0,-830.0,-8.0,,,,,
,,,,,,,,,,,,,,,,,,,UNKNOWN,Sector_Summary_25AUG26_Report_5_8_2026 (2).xlsx,,,,,,,,,,,,,,,,,,,,,,,,,,,,,,,,,,,,,,,,,,,,,,,,,,,,TRADING,1 / 1 / 0,0.43,-83.73,-0.39,3.23,SC,10.0,-2.0,-12.0,-1.7,,,,,
,,,,,,,,,,,,,,,,,,,UNKNOWN,Sector_Summary_25AUG26_Report_5_8_2026 (2).xlsx,,,,,,,,,,,,,,,,,,,,,,,,,,,,,,,,,,,,,,,,,,,,,,,,,,,,TELECOM-SERVICE,2 / 0 / 0,0.42,-7.2,1.13,2.73,LB,4752.0,2212.0,-7303.0,-14.66,,,,,
,,,,,,,,,,,,,,,,,,,UNKNOWN,Sector_Summary_25AUG26_Report_5_8_2026 (2).xlsx,,,,,,,,,,,,,,,,,,,,,,,,,,,,,,,,,,,,,,,,,,,,,,,,,,,,IT - SOFTWARE,10 / 2 / 0,0.36,-87.97,0.04,4.26,LB,2.0,202.0,201.0,0.4,,,,,
,,,,,,,,,,,,,,,,,,,UNKNOWN,Sector_Summary_25AUG26_Report_5_8_2026 (2).xlsx,,,,,,,,,,,,,,,,,,,,,,,,,,,,,,,,,,,,,,,,,,,,,,,,,,,,RETAIL,2 / 1 / 0,0.36,-85.34,0.28,4.87,LB,-310.0,-63.0,247.0,0.93,,,,,
,,,,,,,,,,,,,,,,,,,UNKNOWN,Sector_Summary_25AUG26_Report_5_8_2026 (2).xlsx,,,,,,,,,,,,,,,,,,,,,,,,,,,,,,,,,,,,,,,,,,,,,,,,,,,,STEEL,4 / 0 / 0,0.36,-90.79,0.12,9.73,LB,-12.0,49.0,61.0,0.34,,,,,
,,,,,,,,,,,,,,,,,,,UNKNOWN,Sector_Summary_25AUG26_Report_5_8_2026 (2).xlsx,,,,,,,,,,,,,,,,,,,,,,,,,,,,,,,,,,,,,,,,,,,,,,,,,,,,GAS DISTRIBUTION,2 / 0 / 0,0.35,-89.12,-0.12,3.63,SC,-191.0,-15.0,176.0,0.73,,,,,
,,,,,,,,,,,,,,,,,,,UNKNOWN,Sector_Summary_25AUG26_Report_5_8_2026 (2).xlsx,,,,,,,,,,,,,,,,,,,,,,,,,,,,,,,,,,,,,,,,,,,,,,,,,,,,FMCG,8 / 2 / 0,0.34,-87.26,1.25,7.1,LB,389.0,137.0,-252.0,-1.65,,,,,
,,,,,,,,,,,,,,,,,,,UNKNOWN,Sector_Summary_25AUG26_Report_5_8_2026 (2).xlsx,,,,,,,,,,,,,,,,,,,,,,,,,,,,,,,,,,,,,,,,,,,,,,,,,,,,LOGISTICS,1 / 1 / 0,0.3,-80.45,0.05,2.33,LB,125.0,51.0,-75.0,-0.89,,,,,
,,,,,,,,,,,,,,,,,,,UNKNOWN,Sector_Summary_25AUG26_Report_5_8_2026 (2).xlsx,,,,,,,,,,,,,,,,,,,,,,,,,,,,,,,,,,,,,,,,,,,,,,,,,,,,MINING & MINERAL PRODUCTS,1 / 1 / 0,0.11,-91.62,0.1,7.37,SB,108.0,360.0,252.0,0.5,,,,,
,,,,,,,,,,,,,,,,,,,UNKNOWN,Sector_Summary_25AUG26_Report_5_8_2026 (2).xlsx,,,,,,,,,,,,,,,,,,,,,,,,,,,,,,,,,,,,,,,,,,,,,,,,,,,,FINANCIAL SERVICES,4 / 2 / 0,0.03,-58.79,3.34,4.77,SB,2132.0,925.0,-1208.0,-1.84,,,,,
,,,,,,,,,,,,,,,,,,,UNKNOWN,Sector_Summary_25AUG26_Report_5_8_2026 (2).xlsx,,,,,,,,,,,,,,,,,,,,,,,,,,,,,,,,,,,,,,,,,,,,,,,,,,,,READYMADE GARMENTS/ APPARELLS,1 / 0 / 0,0.03,-88.28,-0.1,1.32,SC,30.0,22.0,-8.0,-0.18,,,,,
,,,,,,,,,,,,,,,,,,,UNKNOWN,Sector_Summary_25AUG26_Report_5_8_2026 (2).xlsx,,,,,,,,,,,,,,,,,,,,,,,,,,,,,,,,,,,,,,,,,,,,,,,,,,,,PLASTIC PRODUCTS,0 / 2 / 0,-0.16,-87.98,0.16,2.38,SB,133.0,6.0,-127.0,-1.64,,,,,
,,,,,,,,,,,,,,,,,,,UNKNOWN,Sector_Summary_25AUG26_Report_5_8_2026 (2).xlsx,,,,,,,,,,,,,,,,,,,,,,,,,,,,,,,,,,,,,,,,,,,,,,,,,,,,HEALTHCARE,0 / 3 / 0,-0.23,-82.11,0.44,13.63,SB,153.0,46.0,-107.0,-1.11,,,,,
,,,,,,,,,,,,,,,,,,,UNKNOWN,Sector_Summary_25AUG26_Report_5_8_2026 (2).xlsx,,,,,,,,,,,,,,,,,,,,,,,,,,,,,,,,,,,,,,,,,,,,,,,,,,,,AGRO CHEMICALS,0 / 2 / 0,-0.27,-91.5,0.56,2.88,SB,299.0,57.0,-242.0,-1.15,,,,,
,,,,,,,,,,,,,,,,,,,UNKNOWN,Sector_Summary_25AUG26_Report_5_8_2026 (2).xlsx,,,,,,,,,,,,,,,,,,,,,,,,,,,,,,,,,,,,,,,,,,,,,,,,,,,,PHARMACEUTICALS,4 / 9 / 0,-0.3,-83.24,0.32,5.78,SB,192.0,57.0,-135.0,-0.82,,,,,
,,,,,,,,,,,,,,,,,,,UNKNOWN,Sector_Summary_25AUG26_Report_5_8_2026 (2).xlsx,,,,,,,,,,,,,,,,,,,,,,,,,,,,,,,,,,,,,,,,,,,,,,,,,,,,"DIAMOND, GEMS AND JEWELLERY",1 / 1 / 0,-0.71,-75.97,0.15,8.05,SB,1445.0,250.0,-1195.0,-3.39,,,,,
,,,,,,,,,,,,,,,,,,,UNKNOWN,Sector_Summary_25AUG26_Report_5_8_2026 (2).xlsx,,,,,,,,,,,,,,,,,,,,,,,,,,,,,,,,,,,,,,,,,,,,,,,,,,,,TOBACCO PRODUCTS,0 / 1 / 1,-0.83,-93.08,-0.26,9.7,SB,180.0,29.0,-151.0,0.21,,,,,
,,,,,,,,,,,,,,,,,,,UNKNOWN,Sector_Summary_25AUG26_Report_5_8_2026 (2).xlsx,,,,,,,,,,,,,,,,,,,,,,,,,,,,,,,,,,,,,,,,,,,,,,,,,,,,CRUDE OIL & NATURAL GAS,0 / 2 / 0,-1.26,-20.41,1.88,9.43,SB,979.0,338.0,-641.0,-2.3,,,,,
OIL,,,,,,-13.6,,,,,,,,,,,,,SUPPORT,Support_Resistance_25AUG26_Scan_5_8_2026 (2).xlsx,,437.25,-3.02,,0.57,,,,,,,,,,,,,,,,,,,,,,,,,,,,,,,,,,,,,11355.0,77.0,0.68,450.0,341.0,13.0,427.0,-34.0,-2.83,SB,,,,,,,,,,,,,,,,
IREDA,,,,,,0.38,,,,,,,,,,,,,SUPPORT,Support_Resistance_25AUG26_Scan_5_8_2026 (2).xlsx,,116.67,0.33,,0.73,,,,,,,,,,,,,,,,,,,,,,,,,,,,,,,,,,,,,17249.0,119.0,0.69,120.0,1895.0,95.0,1133.0,4.0,-2.78,LB,,,,,,,,,,,,,,,,
MAXHEALTH,,,,,,-2.6,,,,,,,,,,,,,SUPPORT,Support_Resistance_25AUG26_Scan_5_8_2026 (2).xlsx,,1071.0,-0.24,,0.66,,,,,,,,,,,,,,,,,,,,,,,,,,,,,,,,,,,,,18858.0,64.0,0.34,1100.0,636.0,7.0,879.0,0.0,-2.64,SB,,,,,,,,,,,,,,,,
SUZLON,,,,,,0.31,,,,,,,,,,,,,SUPPORT,Support_Resistance_25AUG26_Scan_5_8_2026 (2).xlsx,,48.75,0.64,,0.49,,,,,,,,,,,,,,,,,,,,,,,,,,,,,,,,,,,,,36301.0,0.0,0.0,50.0,2599.0,-22.0,1012.0,-4.0,-2.5,-,,,,,,,,,,,,,,,,
BEL,,,,,,0.4,,,,,,,,,,,,,SUPPORT,Support_Resistance_25AUG26_Scan_5_8_2026 (2).xlsx,,392.65,0.1,,0.59,,,,,,,,,,,,,,,,,,,,,,,,,,,,,,,,,,,,,72348.0,-21.0,-0.03,400.0,6183.0,70.0,3475.0,6.0,-1.84,SC,,,,,,,,,,,,,,,,
GAIL,,,,,,0.61,,,,,,,,,,,,,SUPPORT,Support_Resistance_25AUG26_Scan_5_8_2026 (2).xlsx,,176.95,0.35,,0.4,,,,,,,,,,,,,,,,,,,,,,,,,,,,,,,,,,,,,25652.0,-9.0,-0.04,180.0,3892.0,-169.0,1381.0,6.0,-1.69,SC,,,,,,,,,,,,,,,,
HDFCBANK,,,,,,-1.8,,,,,,,,,,,,,SUPPORT,Support_Resistance_25AUG26_Scan_5_8_2026 (2).xlsx,,741.9,-0.24,,0.47,,,,,,,,,,,,,,,,,,,,,,,,,,,,,,,,,,,,,466530.0,4768.0,1.03,750.0,27474.0,1329.0,13665.0,377.0,-1.08,SB,,,,,,,,,,,,,,,,
LUPIN,,,,,,-21.0,,,,,,,,,,,,,SUPPORT,Support_Resistance_25AUG26_Scan_5_8_2026 (2).xlsx,,2374.5,-0.88,,0.67,,,,,,,,,,,,,,,,,,,,,,,,,,,,,,,,,,,,,15201.0,75.0,0.5,2400.0,753.0,44.0,1060.0,25.0,-1.06,SB,,,,,,,,,,,,,,,,
ITC,,,,,,0.4,,,,,,,,,,,,,SUPPORT,Support_Resistance_25AUG26_Scan_5_8_2026 (2).xlsx,,288.1,0.14,,0.55,,,,,,,,,,,,,,,,,,,,,,,,,,,,,,,,,,,,,90950.0,16.0,0.02,290.0,11470.0,215.0,4267.0,8.0,-0.66,LB,,,,,,,,,,,,,,,,
SRF,,,,,,2.1,,,,,,,,,,,,,SUPPORT,Support_Resistance_25AUG26_Scan_5_8_2026 (2).xlsx,,2637.4,0.08,,0.46,,,,,,,,,,,,,,,,,,,,,,,,,,,,,,,,,,,,,22907.0,41.0,0.18,2650.0,930.0,7.0,788.0,4.0,-0.48,LB,,,,,,,,,,,,,,,,
ANGELONE,,,,,,-1.6,,,,,,,,,,,,,SUPPORT,Support_Resistance_25AUG26_Scan_5_8_2026 (2).xlsx,,298.75,-0.53,,0.56,,,,,,,,,,,,,,,,,,,,,,,,,,,,,,,,,,,,,11394.0,156.0,1.39,300.0,823.0,45.0,1092.0,9.0,-0.42,SB,,,,,,,,,,,,,,,,
IDEA,,,,,,0.09,,,,,,,,,,,,,SUPPORT,Support_Resistance_25AUG26_Scan_5_8_2026 (2).xlsx,,12.96,0.7,,0.62,,,,,,,,,,,,,,,,,,,,,,,,,,,,,,,,,,,,,82416.0,-17.0,-0.02,13.0,3551.0,-11.0,2839.0,-19.0,-0.31,SC,,,,,,,,,,,,,,,,
HINDUNILVR,,,,,,5.0,,,,,,,,,,,,,SUPPORT,Support_Resistance_25AUG26_Scan_5_8_2026 (2).xlsx,,2094.7,0.24,,0.51,,,,,,,,,,,,,,,,,,,,,,,,,,,,,,,,,,,,,49330.0,30.0,0.06,2100.0,4620.0,109.0,2803.0,-38.0,-0.25,LB,,,,,,,,,,,,,,,,
HINDPETRO,,,,,,6.15,,,,,,,,,,,,,SUPPORT,Support_Resistance_25AUG26_Scan_5_8_2026 (2).xlsx,,399.6,1.56,,0.69,,,,,,,,,,,,,,,,,,,,,,,,,,,,,,,,,,,,,22070.0,36.0,0.16,400.0,2005.0,-10.0,659.0,20.0,-0.1,LB,,,,,,,,,,,,,,,,
PAGEIND,,,,,,5.0,,,,,,,,,,,,,SUPPORT,Support_Resistance_25AUG26_Scan_5_8_2026 (2).xlsx,,39975.0,0.01,,0.67,,,,,,,,,,,,,,,,,,,,,,,,,,,,,,,,,,,,,11726.0,-12.0,-0.1,40000.0,213.0,17.0,505.0,7.0,-0.06,SC,,,,,,,,,,,,,,,,
INDHOTEL,,,,,,5.1,,,,,,,,,,,,,SUPPORT,Support_Resistance_25AUG26_Scan_5_8_2026 (2).xlsx,,749.85,0.68,,0.66,,,,,,,,,,,,,,,,,,,,,,,,,,,,,,,,,,,,,20703.0,54.0,0.26,750.0,904.0,13.0,345.0,1.0,-0.02,LB,,,,,,,,,,,,,,,,
NMDC,,,,,,0.23,,,,,,,,,,,,,SUPPORT,Support_Resistance_25AUG26_Scan_5_8_2026 (2).xlsx,,85.0,0.27,,0.75,,,,,,,,,,,,,,,,,,,,,,,,,,,,,,,,,,,,,51097.0,33.0,0.06,85.0,1274.0,-31.0,995.0,-17.0,0.0,LB,,,,,,,,,,,,,,,,
SUPREMEIND,,,,,,-18.3,,,,,,,,,,,,,SUPPORT,Support_Resistance_25AUG26_Scan_5_8_2026 (2).xlsx,,3500.6,-0.52,,0.74,,,,,,,,,,,,,,,,,,,,,,,,,,,,,,,,,,,,,13058.0,13.0,0.1,3500.0,864.0,3.0,713.0,0.0,0.02,SB,,,,,,,,,,,,,,,,
ALKEM,,,,,,-77.5,,,,,,,,,,,,,SUPPORT,Support_Resistance_25AUG26_Scan_5_8_2026 (2).xlsx,,5602.5,-1.36,,0.51,,,,,,,,,,,,,,,,,,,,,,,,,,,,,,,,,,,,,11187.0,4.0,0.04,5600.0,123.0,7.0,520.0,3.0,0.04,SB,,,,,,,,,,,,,,,,
RELIANCE,,,,,,3.1,,,,,,,,,,,,,SUPPORT,Support_Resistance_25AUG26_Scan_5_8_2026 (2).xlsx,,1300.5,0.24,,0.77,,,,,,,,,,,,,,,,,,,,,,,,,,,,,,,,,,,,,207157.0,481.0,0.23,1300.0,16753.0,2.0,10357.0,-44.0,0.04,LB,,,,,,,,,,,,,,,,
GODREJCP,,,,,,12.3,,,,,,,,,,,,,SUPPORT,Support_Resistance_25AUG26_Scan_5_8_2026 (2).xlsx,,1070.5,1.16,,0.6,,,,,,,,,,,,,,,,,,,,,,,,,,,,,,,,,,,,,22404.0,31.0,0.14,1070.0,137.0,-1.0,303.0,0.0,0.05,LB,,,,,,,,,,,,,,,,
BSE,,,,,,-2.8,,,,,,,,,,,,,SUPPORT,Support_Resistance_25AUG26_Scan_5_8_2026 (2).xlsx,,3602.4,-0.08,,0.6,,,,,,,,,,,,,,,,,,,,,,,,,,,,,,,,,,,,,45523.0,3076.0,7.25,3600.0,6337.0,1670.0,3896.0,257.0,0.07,SB,,,,,,,,,,,,,,,,
BANKNIFTY,,,,,,365.8,,,,,,,,,,,,,SUPPORT,Support_Resistance_25AUG26_Scan_5_8_2026 (2).xlsx,,58082.2,0.63,,0.86,,,,,,,,,,,,,,,,,,,,,,,,,,,,,,,,,,,,,70711.0,-886.0,-1.24,58000.0,76242.0,-903.0,52937.0,639.0,0.14,SC,,,,,,,,,,,,,,,,
ADANIGREEN,,,,,,10.1,,,,,,,,,,,,,SUPPORT,Support_Resistance_25AUG26_Scan_5_8_2026 (2).xlsx,,1402.5,0.73,,0.6,,,,,,,,,,,,,,,,,,,,,,,,,,,,,,,,,,,,,44242.0,91.0,0.21,1400.0,2017.0,3.0,1533.0,0.0,0.18,LB,,,,,,,,,,,,,,,,
DELHIVERY,,,,,,-0.55,,,,,,,,,,,,,SUPPORT,Support_Resistance_25AUG26_Scan_5_8_2026 (2).xlsx,,471.0,-0.12,,0.72,,,,,,,,,,,,,,,,,,,,,,,,,,,,,,,,,,,,,13375.0,21.0,0.16,470.0,313.0,0.0,769.0,15.0,0.21,SB,,,,,,,,,,,,,,,,
TORNTPHARM,,,,,,-53.5,,,,,,,,,,,,,SUPPORT,Support_Resistance_25AUG26_Scan_5_8_2026 (2).xlsx,,5011.0,-1.06,,0.56,,,,,,,,,,,,,,,,,,,,,,,,,,,,,,,,,,,,,29155.0,62.0,0.21,5000.0,1054.0,16.0,778.0,-18.0,0.22,SB,,,,,,,,,,,,,,,,
ADANIPORTS,,,,,,6.1,,,,,,,,,,,,,SUPPORT,Support_Resistance_25AUG26_Scan_5_8_2026 (2).xlsx,,1705.5,0.36,,0.57,,,,,,,,,,,,,,,,,,,,,,,,,,,,,,,,,,,,,43624.0,35.0,0.08,1700.0,2793.0,-126.0,2613.0,-8.0,0.32,LB,,,,,,,,,,,,,,,,
IRFC,,,,,,0.7,,,,,,,,,,,,,SUPPORT,Support_Resistance_25AUG26_Scan_5_8_2026 (2).xlsx,,90.3,0.78,,0.69,,,,,,,,,,,,,,,,,,,,,,,,,,,,,,,,,,,,,16155.0,-46.0,-0.28,90.0,3562.0,-141.0,2608.0,7.0,0.33,SC,,,,,,,,,,,,,,,,
ONGC,,,,,,-1.06,,,,,,,,,,,,,SUPPORT,Support_Resistance_25AUG26_Scan_5_8_2026 (2).xlsx,,240.8,-0.44,,0.51,,,,,,,,,,,,,,,,,,,,,,,,,,,,,,,,,,,,,24838.0,611.0,2.52,240.0,1963.0,389.0,2350.0,421.0,0.33,SB,,,,,,,,,,,,,,,,
KFINTECH,,,,,,7.8,,,,,,,,,,,,,SUPPORT,Support_Resistance_25AUG26_Scan_5_8_2026 (2).xlsx,,943.3,0.83,,0.57,,,,,,,,,,,,,,,,,,,,,,,,,,,,,,,,,,,,,7380.0,96.0,1.32,940.0,769.0,-39.0,522.0,7.0,0.35,LB,,,,,,,,,,,,,,,,
INDUSTOWER,,,,,,1.2,,,,,,,,,,,,,SUPPORT,Support_Resistance_25AUG26_Scan_5_8_2026 (2).xlsx,,391.5,0.31,,0.6,,,,,,,,,,,,,,,,,,,,,,,,,,,,,,,,,,,,,52610.0,-20.0,-0.04,390.0,999.0,4.0,1717.0,-14.0,0.38,SC,,,,,,,,,,,,,,,,
YESBANK,,,,,,0.18,,,,,,,,,,,,,SUPPORT,Support_Resistance_25AUG26_Scan_5_8_2026 (2).xlsx,,23.09,0.79,,0.61,,,,,,,,,,,,,,,,,,,,,,,,,,,,,,,,,,,,,37691.0,10.0,0.03,23.0,2286.0,-17.0,2320.0,42.0,0.39,LB,,,,,,,,,,,,,,,,
VMM,,,,,,-1.36,,,,,,,,,,,,,SUPPORT,Support_Resistance_25AUG26_Scan_5_8_2026 (2).xlsx,,110.5,-1.22,,0.59,,,,,,,,,,,,,,,,,,,,,,,,,,,,,,,,,,,,,9758.0,56.0,0.58,110.0,591.0,6.0,444.0,8.0,0.45,SB,,,,,,,,,,,,,,,,
CAMS,,,,,,6.7,,,,,,,,,,,,,SUPPORT,Support_Resistance_25AUG26_Scan_5_8_2026 (2).xlsx,,814.3,0.83,,0.51,,,,,,,,,,,,,,,,,,,,,,,,,,,,,,,,,,,,,8951.0,-32.0,-0.36,810.0,544.0,-2.0,612.0,5.0,0.53,SC,,,,,,,,,,,,,,,,
INOXWIND,,,,,,0.98,,,,,,,,,,,,,SUPPORT,Support_Resistance_25AUG26_Scan_5_8_2026 (2).xlsx,,80.5,1.23,,0.66,,,,,,,,,,,,,,,,,,,,,,,,,,,,,,,,,,,,,16504.0,-22.0,-0.13,80.0,1375.0,-11.0,819.0,5.0,0.63,SC,,,,,,,,,,,,,,,,
GLENMARK,,,,,,-12.3,,,,,,,,,,,,,SUPPORT,Support_Resistance_25AUG26_Scan_5_8_2026 (2).xlsx,,2214.5,-0.55,,0.61,,,,,,,,,,,,,,,,,,,,,,,,,,,,,,,,,,,,,31295.0,138.0,0.44,2200.0,888.0,44.0,1003.0,25.0,0.66,SB,,,,,,,,,,,,,,,,
ADANIPOWER,,,,,,0.59,,,,,,,,,,,,,SUPPORT,Support_Resistance_25AUG26_Scan_5_8_2026 (2).xlsx,,211.47,0.28,,0.62,,,,,,,,,,,,,,,,,,,,,,,,,,,,,,,,,,,,,44166.0,30.0,0.07,210.0,1266.0,-8.0,1569.0,3.0,0.7,LB,,,,,,,,,,,,,,,,
PETRONET,,,,,,2.05,,,,,,,,,,,,,SUPPORT,Support_Resistance_25AUG26_Scan_5_8_2026 (2).xlsx,,282.45,0.73,,0.99,,,,,,,,,,,,,,,,,,,,,,,,,,,,,,,,,,,,,16834.0,-10.0,-0.06,280.0,1172.0,-1.0,934.0,0.0,0.88,SC,,,,,,,,,,,,,,,,
DRREDDY,,,,,,6.1,,,,,,,,,,,,,SUPPORT,Support_Resistance_25AUG26_Scan_5_8_2026 (2).xlsx,,1160.8,0.53,,0.6,,,,,,,,,,,,,,,,,,,,,,,,,,,,,,,,,,,,,21581.0,4.0,0.02,1150.0,1423.0,10.0,1180.0,6.0,0.94,LB,,,,,,,,,,,,,,,,
PERSISTENT,,,,,,53.0,,,,,,,,,,,,,SUPPORT,Support_Resistance_25AUG26_Scan_5_8_2026 (2).xlsx,,5555.0,0.96,,0.64,,,,,,,,,,,,,,,,,,,,,,,,,,,,,,,,,,,,,28441.0,0.0,0.0,5500.0,1971.0,1.0,1756.0,15.0,1.0,-,,,,,,,,,,,,,,,,
OBEROIRLTY,,,,,,28.1,,,,,,,,,,,,,SUPPORT,Support_Resistance_25AUG26_Scan_5_8_2026 (2).xlsx,,1818.3,1.57,,0.51,,,,,,,,,,,,,,,,,,,,,,,,,,,,,,,,,,,,,15731.0,167.0,1.07,1800.0,558.0,27.0,482.0,-38.0,1.02,LB,,,,,,,,,,,,,,,,
BAJAJHLDNG,,,,,,278.0,,,,,,,,,,,,,SUPPORT,Support_Resistance_25AUG26_Scan_5_8_2026 (2).xlsx,,11620.0,2.45,,0.74,,,,,,,,,,,,,,,,,,,,,,,,,,,,,,,,,,,,,4776.0,32.0,0.67,11500.0,275.0,-65.0,311.0,1.0,1.04,LB,,,,,,,,,,,,,,,,
MANAPPURAM,,,,,,5.2,,,,,,,,,,,,,SUPPORT,Support_Resistance_25AUG26_Scan_5_8_2026 (2).xlsx,,363.8,1.45,,0.65,,,,,,,,,,,,,,,,,,,,,,,,,,,,,,,,,,,,,21073.0,-110.0,-0.52,360.0,856.0,-36.0,533.0,15.0,1.06,SC,,,,,,,,,,,,,,,,
ZYDUSLIFE,,,,,,-7.7,,,,,,,,,,,,,SUPPORT,Support_Resistance_25AUG26_Scan_5_8_2026 (2).xlsx,,1111.8,-0.69,,0.72,,,,,,,,,,,,,,,,,,,,,,,,,,,,,,,,,,,,,11146.0,42.0,0.38,1100.0,180.0,2.0,341.0,-1.0,1.07,SB,,,,,,,,,,,,,,,,
LICHSGFIN,,,,,,1.6,,,,,,,,,,,,,SUPPORT,Support_Resistance_25AUG26_Scan_5_8_2026 (2).xlsx,,505.4,0.32,,0.63,,,,,,,,,,,,,,,,,,,,,,,,,,,,,,,,,,,,,29967.0,38.0,0.13,500.0,738.0,5.0,1613.0,8.0,1.08,LB,,,,,,,,,,,,,,,,
IDFCFIRSTB,,,,,,0.41,,,,,,,,,,,,,SUPPORT,Support_Resistance_25AUG26_Scan_5_8_2026 (2).xlsx,,85.93,0.48,,0.72,,,,,,,,,,,,,,,,,,,,,,,,,,,,,,,,,,,,,38293.0,-10.0,-0.03,85.0,1431.0,-14.0,1195.0,-3.0,1.09,SC,,,,,,,,,,,,,,,,
GODREJPROP,,,,,,85.0,,,,,,,,,,,,,SUPPORT,Support_Resistance_25AUG26_Scan_5_8_2026 (2).xlsx,,2123.6,4.17,,0.6,,,,,,,,,,,,,,,,,,,,,,,,,,,,,,,,,,,,,24146.0,-84.0,-0.35,2100.0,1967.0,136.0,831.0,146.0,1.12,SC,,,,,,,,,,,,,,,,
VOLTAS,,,,,,-4.7,,,,,,,,,,,,,SUPPORT,Support_Resistance_25AUG26_Scan_5_8_2026 (2).xlsx,,1315.9,-0.36,,1.04,,,,,,,,,,,,,,,,,,,,,,,,,,,,,,,,,,,,,18862.0,83.0,0.44,1300.0,331.0,24.0,1286.0,-10.0,1.22,SB,,,,,,,,,,,,,,,,
VBL,,,,,,3.45,,,,,,,,,,,,,SUPPORT,Support_Resistance_25AUG26_Scan_5_8_2026 (2).xlsx,,445.75,0.78,,0.47,,,,,,,,,,,,,,,,,,,,,,,,,,,,,,,,,,,,,42739.0,49.0,0.11,440.0,765.0,-11.0,1247.0,2.0,1.31,LB,,,,,,,,,,,,,,,,
MOTILALOFS,,,,,,5.95,,,,,,,,,,,,,SUPPORT,Support_Resistance_25AUG26_Scan_5_8_2026 (2).xlsx,,873.1,0.69,,0.65,,,,,,,,,,,,,,,,,,,,,,,,,,,,,,,,,,,,,8982.0,16.0,0.18,860.0,444.0,-11.0,404.0,7.0,1.52,LB,,,,,,,,,,,,,,,,
NYKAA,,,,,,-2.9,,,,,,,,,,,,,SUPPORT,Support_Resistance_25AUG26_Scan_5_8_2026 (2).xlsx,,335.05,-0.86,,0.38,,,,,,,,,,,,,,,,,,,,,,,,,,,,,,,,,,,,,16038.0,1332.0,9.06,330.0,345.0,46.0,438.0,184.0,1.53,SB,,,,,,,,,,,,,,,,
HAL,,,,,,18.2,,,,,,,,,,,,,SUPPORT,Support_Resistance_25AUG26_Scan_5_8_2026 (2).xlsx,,4671.5,0.39,,0.72,,,,,,,,,,,,,,,,,,,,,,,,,,,,,,,,,,,,,34162.0,32.0,0.09,4600.0,2051.0,-2.0,1786.0,8.0,1.55,LB,,,,,,,,,,,,,,,,
FINNIFTY,,,,,,148.8,,,,,,,,,,,,,SUPPORT,Support_Resistance_25AUG26_Scan_5_8_2026 (2).xlsx,,26922.2,0.56,,0.74,,,,,,,,,,,,,,,,,,,,,,,,,,,,,,,,,,,,,503.0,-4.0,-0.79,26500.0,489.0,-7.0,423.0,0.0,1.59,SC,,,,,,,,,,,,,,,,
LTM,,,,,,23.7,,,,,,,,,,,,,SUPPORT,Support_Resistance_25AUG26_Scan_5_8_2026 (2).xlsx,,4571.6,0.52,,0.66,,,,,,,,,,,,,,,,,,,,,,,,,,,,,,,,,,,,,15512.0,18.0,0.12,4500.0,577.0,-1.0,517.0,2.0,1.59,LB,,,,,,,,,,,,,,,,
PRESTIGE,,,,,,30.5,,,,,,,,,,,,,SUPPORT,Support_Resistance_25AUG26_Scan_5_8_2026 (2).xlsx,,1625.4,1.91,,0.67,,,,,,,,,,,,,,,,,,,,,,,,,,,,,,,,,,,,,11426.0,-21.0,-0.18,1600.0,393.0,-32.0,803.0,6.0,1.59,SC,,,,,,,,,,,,,,,,
MFSL,,,,,,18.8,,,,,,,,,,,,,SUPPORT,Support_Resistance_25AUG26_Scan_5_8_2026 (2).xlsx,,1525.0,1.25,,0.58,,,,,,,,,,,,,,,,,,,,,,,,,,,,,,,,,,,,,23615.0,30.0,0.13,1500.0,319.0,1.0,318.0,-3.0,1.67,LB,,,,,,,,,,,,,,,,
DALBHARAT,,,,,,12.8,,,,,,,,,,,,,SUPPORT,Support_Resistance_25AUG26_Scan_5_8_2026 (2).xlsx,,1830.6,0.7,,0.91,,,,,,,,,,,,,,,,,,,,,,,,,,,,,,,,,,,,,11580.0,6.0,0.05,1800.0,200.0,0.0,309.0,0.0,1.7,LB,,,,,,,,,,,,,,,,
COLPAL,,,,,,7.9,,,,,,,,,,,,,SUPPORT,Support_Resistance_25AUG26_Scan_5_8_2026 (2).xlsx,,2034.9,0.39,,0.47,,,,,,,,,,,,,,,,,,,,,,,,,,,,,,,,,,,,,18305.0,26.0,0.14,2000.0,195.0,7.0,604.0,7.0,1.75,LB,,,,,,,,,,,,,,,,
UNITDSPR,,,,,,-7.4,,,,,,,,,,,,,SUPPORT,Support_Resistance_25AUG26_Scan_5_8_2026 (2).xlsx,,1528.2,-0.48,,0.91,,,,,,,,,,,,,,,,,,,,,,,,,,,,,,,,,,,,,19131.0,9.0,0.05,1500.0,872.0,5.0,786.0,3.0,1.88,SB,,,,,,,,,,,,,,,,
DABUR,,,,,,-0.3,,,,,,,,,,,,,SUPPORT,Support_Resistance_25AUG26_Scan_5_8_2026 (2).xlsx,,408.65,-0.07,,0.61,,,,,,,,,,,,,,,,,,,,,,,,,,,,,,,,,,,,,23204.0,184.0,0.8,400.0,369.0,23.0,1655.0,51.0,2.16,SB,,,,,,,,,,,,,,,,
TCS,,,,,,-5.4,,,,,,,,,,,,,SUPPORT,Support_Resistance_25AUG26_Scan_5_8_2026 (2).xlsx,,2452.0,-0.22,,0.89,,,,,,,,,,,,,,,,,,,,,,,,,,,,,,,,,,,,,136825.0,146.0,0.11,2400.0,3693.0,-14.0,4238.0,102.0,2.17,SB,,,,,,,,,,,,,,,,
GMRAIRPORT,,,,,,0.94,,,,,,,,,,,,,SUPPORT,Support_Resistance_25AUG26_Scan_5_8_2026 (2).xlsx,,107.32,0.88,,1.0,,,,,,,,,,,,,,,,,,,,,,,,,,,,,,,,,,,,,18659.0,3.0,0.02,105.0,395.0,-14.0,684.0,2.0,2.21,LB,,,,,,,,,,,,,,,,
KEI,,,,,,-1.2,,,,,,,,,,,,,SUPPORT,Support_Resistance_25AUG26_Scan_5_8_2026 (2).xlsx,,5520.3,-0.02,,1.01,,,,,,,,,,,,,,,,,,,,,,,,,,,,,,,,,,,,,9799.0,-38.0,-0.39,5400.0,497.0,-30.0,905.0,-32.0,2.23,LU,,,,,,,,,,,,,,,,
IOC,,,,,,2.5,,,,,,,,,,,,,SUPPORT,Support_Resistance_25AUG26_Scan_5_8_2026 (2).xlsx,,143.25,1.78,,0.81,,,,,,,,,,,,,,,,,,,,,,,,,,,,,,,,,,,,,30802.0,89.0,0.29,140.0,1112.0,-50.0,1307.0,63.0,2.32,LB,,,,,,,,,,,,,,,,
JINDALSTEL,,,,,,4.4,,,,,,,,,,,,,SUPPORT,Support_Resistance_25AUG26_Scan_5_8_2026 (2).xlsx,,1127.0,0.39,,0.87,,,,,,,,,,,,,,,,,,,,,,,,,,,,,,,,,,,,,22049.0,59.0,0.27,1100.0,871.0,-9.0,996.0,10.0,2.45,LB,,,,,,,,,,,,,,,,
PIDILITIND,,,,,,25.0,,,,,,,,,,,,,SUPPORT,Support_Resistance_25AUG26_Scan_5_8_2026 (2).xlsx,,1641.2,1.55,,0.45,,,,,,,,,,,,,,,,,,,,,,,,,,,,,,,,,,,,,16091.0,122.0,0.76,1600.0,828.0,6.0,1165.0,88.0,2.58,LB,,,,,,,,,,,,,,,,
FEDERALBNK,,,,,,0.95,,,,,,,,,,,,,SUPPORT,Support_Resistance_25AUG26_Scan_5_8_2026 (2).xlsx,,359.2,0.27,,0.93,,,,,,,,,,,,,,,,,,,,,,,,,,,,,,,,,,,,,33789.0,50.0,0.15,350.0,762.0,6.0,1322.0,0.0,2.63,LB,,,,,,,,,,,,,,,,
ULTRACEMCO,,,,,,61.0,,,,,,,,,,,,,SUPPORT,Support_Resistance_25AUG26_Scan_5_8_2026 (2).xlsx,,12069.0,0.51,,0.54,,,,,,,,,,,,,,,,,,,,,,,,,,,,,,,,,,,,,32122.0,22.0,0.07,11760.0,905.0,0.0,689.0,-8.0,2.63,LB,,,,,,,,,,,,,,,,
ASTRAL,,,,,,-1.1,,,,,,,,,,,,,SUPPORT,Support_Resistance_25AUG26_Scan_5_8_2026 (2).xlsx,,1437.2,-0.08,,0.67,,,,,,,,,,,,,,,,,,,,,,,,,,,,,,,,,,,,,16677.0,13.0,0.08,1400.0,428.0,0.0,609.0,-3.0,2.66,SB,,,,,,,,,,,,,,,,
SENSEX,,,,,,426.45,,,,,,,,,,,,,SUPPORT,Support_Resistance_25AUG26_Scan_5_8_2026 (2).xlsx,,79071.45,0.54,,1.46,,,,,,,,,,,,,,,,,,,,,,,,,,,,,,,,,,,,,1809.0,23.0,1.29,77000.0,1474.0,-9.0,1878.0,21.0,2.69,LB,,,,,,,,,,,,,,,,
PATANJALI,,,,,,-0.15,,,,,,,,,,,,,SUPPORT,Support_Resistance_25AUG26_Scan_5_8_2026 (2).xlsx,,359.5,-0.04,,0.73,,,,,,,,,,,,,,,,,,,,,,,,,,,,,,,,,,,,,31736.0,39.0,0.12,350.0,1136.0,0.0,1041.0,-6.0,2.71,SB,,,,,,,,,,,,,,,,
ICICIPRULI,,,,,,4.75,,,,,,,,,,,,,SUPPORT,Support_Resistance_25AUG26_Scan_5_8_2026 (2).xlsx,,513.65,0.93,,0.61,,,,,,,,,,,,,,,,,,,,,,,,,,,,,,,,,,,,,19434.0,148.0,0.77,500.0,471.0,0.0,586.0,-27.0,2.73,LB,,,,,,,,,,,,,,,,
BANDHANBNK,,,,,,1.44,,,,,,,,,,,,,SUPPORT,Support_Resistance_25AUG26_Scan_5_8_2026 (2).xlsx,,174.69,0.83,,0.53,,,,,,,,,,,,,,,,,,,,,,,,,,,,,,,,,,,,,36842.0,-108.0,-0.29,170.0,1346.0,-83.0,1405.0,3.0,2.76,SC,,,,,,,,,,,,,,,,
ADANIENT,,,,,,42.1,,,,,,,,,,,,,SUPPORT,Support_Resistance_25AUG26_Scan_5_8_2026 (2).xlsx,,3086.2,1.38,,0.82,,,,,,,,,,,,,,,,,,,,,,,,,,,,,,,,,,,,,50990.0,-320.0,-0.62,3000.0,1341.0,-42.0,1846.0,-48.0,2.87,SC,,,,,,,,,,,,,,,,
NIFTY,,,,,,143.4,,,,,,,,,,,,,SUPPORT,Support_Resistance_25AUG26_Scan_5_8_2026 (2).xlsx,,24699.0,0.58,,1.11,,,,,,,,,,,,,,,,,,,,,,,,,,,,,,,,,,,,,180306.0,-980.0,-0.54,24000.0,89415.0,-297.0,123104.0,-2.0,2.91,SC,,,,,,,,,,,,,,,,
SAIL,,,,,,0.5,,,,,,,,,,,,,SUPPORT,Support_Resistance_25AUG26_Scan_5_8_2026 (2).xlsx,,175.06,0.29,,0.68,,,,,,,,,,,,,,,,,,,,,,,,,,,,,,,,,,,,,37680.0,-57.0,-0.15,170.0,747.0,-22.0,521.0,-8.0,2.98,SC,,,,,,,,,,,,,,,,
POLYCAB,,,,,,61.0,,,,,,,,,,,,,SUPPORT,Support_Resistance_25AUG26_Scan_5_8_2026 (2).xlsx,,9269.0,0.66,,0.69,,,,,,,,,,,,,,,,,,,,,,,,,,,,,,,,,,,,,18253.0,63.0,0.35,9000.0,1380.0,67.0,1109.0,-10.0,2.99,LB,,,,,,,,,,,,,,,,
UPL,,,,,,-2.05,,,,,,,,,,,,,SUPPORT,Support_Resistance_25AUG26_Scan_5_8_2026 (3).xlsx,,583.0,-0.35,,0.49,,,,,,,,,,,,,,,,,,,,,,,,,,,,,,,,,,,,,24941.0,253.0,1.02,600.0,2411.0,152.0,1036.0,-73.0,-2.83,SB,,,,,,,,,,,,,,,,
IREDA,,,,,,0.42,,,,,,,,,,,,,SUPPORT,Support_Resistance_25AUG26_Scan_5_8_2026 (3).xlsx,,116.71,0.36,,0.73,,,,,,,,,,,,,,,,,,,,,,,,,,,,,,,,,,,,,17286.0,156.0,0.91,120.0,1925.0,125.0,1138.0,9.0,-2.74,LB,,,,,,,,,,,,,,,,
MAXHEALTH,,,,,,-1.4,,,,,,,,,,,,,SUPPORT,Support_Resistance_25AUG26_Scan_5_8_2026 (3).xlsx,,1072.2,-0.13,,0.67,,,,,,,,,,,,,,,,,,,,,,,,,,,,,,,,,,,,,18848.0,54.0,0.29,1100.0,634.0,5.0,880.0,1.0,-2.53,SB,,,,,,,,,,,,,,,,
SUZLON,,,,,,0.36,,,,,,,,,,,,,SUPPORT,Support_Resistance_25AUG26_Scan_5_8_2026 (3).xlsx,,48.8,0.74,,0.49,,,,,,,,,,,,,,,,,,,,,,,,,,,,,,,,,,,,,36294.0,-7.0,-0.02,50.0,2558.0,-63.0,1012.0,-4.0,-2.4,SC,,,,,,,,,,,,,,,,
SRF,,,,,,7.4,,,,,,,,,,,,,SUPPORT,Support_Resistance_25AUG26_Scan_5_8_2026 (3).xlsx,,2642.7,0.28,,0.46,,,,,,,,,,,,,,,,,,,,,,,,,,,,,,,,,,,,,22914.0,48.0,0.21,2700.0,2164.0,69.0,1241.0,0.0,-2.12,LB,,,,,,,,,,,,,,,,
GAIL,,,,,,0.02,,,,,,,,,,,,,SUPPORT,Support_Resistance_25AUG26_Scan_5_8_2026 (3).xlsx,,176.36,0.01,,0.4,,,,,,,,,,,,,,,,,,,,,,,,,,,,,,,,,,,,,25619.0,-42.0,-0.16,180.0,3920.0,-141.0,1383.0,8.0,-2.02,SC,,,,,,,,,,,,,,,,
OIL,,,,,,-9.85,,,,,,,,,,,,,SUPPORT,Support_Resistance_25AUG26_Scan_5_8_2026 (3).xlsx,,441.0,-2.18,,0.59,,,,,,,,,,,,,,,,,,,,,,,,,,,,,,,,,,,,,11380.0,102.0,0.9,450.0,342.0,14.0,433.0,-28.0,-2.0,SB,,,,,,,,,,,,,,,,
BEL,,,,,,0.15,,,,,,,,,,,,,SUPPORT,Support_Resistance_25AUG26_Scan_5_8_2026 (3).xlsx,,392.4,0.04,,0.59,,,,,,,,,,,,,,,,,,,,,,,,,,,,,,,,,,,,,72365.0,-4.0,-0.01,400.0,6196.0,83.0,3476.0,7.0,-1.9,SC,,,,,,,,,,,,,,,,
HDFCBANK,,,,,,-1.0,,,,,,,,,,,,,SUPPORT,Support_Resistance_25AUG26_Scan_5_8_2026 (3).xlsx,,742.7,-0.13,,0.47,,,,,,,,,,,,,,,,,,,,,,,,,,,,,,,,,,,,,467035.0,5273.0,1.14,750.0,27626.0,1481.0,13765.0,477.0,-0.97,SB,,,,,,,,,,,,,,,,
LUPIN,,,,,,-17.5,,,,,,,,,,,,,SUPPORT,Support_Resistance_25AUG26_Scan_5_8_2026 (3).xlsx,,2378.0,-0.73,,0.67,,,,,,,,,,,,,,,,,,,,,,,,,,,,,,,,,,,,,15199.0,73.0,0.48,2400.0,759.0,50.0,1060.0,25.0,-0.92,SB,,,,,,,,,,,,,,,,
ITC,,,,,,0.0,,,,,,,,,,,,,SUPPORT,Support_Resistance_25AUG26_Scan_5_8_2026 (3).xlsx,,287.7,0.0,,0.55,,,,,,,,,,,,,,,,,,,,,,,,,,,,,,,,,,,,,90970.0,36.0,0.04,290.0,11507.0,252.0,4269.0,10.0,-0.79,-,,,,,,,,,,,,,,,,
HINDPETRO,,,,,,5.0,,,,,,,,,,,,,SUPPORT,Support_Resistance_25AUG26_Scan_5_8_2026 (3).xlsx,,398.45,1.27,,0.68,,,,,,,,,,,,,,,,,,,,,,,,,,,,,,,,,,,,,22038.0,4.0,0.02,400.0,2000.0,-15.0,651.0,12.0,-0.39,LB,,,,,,,,,,,,,,,,
IDEA,,,,,,0.09,,,,,,,,,,,,,SUPPORT,Support_Resistance_25AUG26_Scan_5_8_2026 (3).xlsx,,12.96,0.7,,0.63,,,,,,,,,,,,,,,,,,,,,,,,,,,,,,,,,,,,,82391.0,-42.0,-0.05,13.0,3549.0,-13.0,2837.0,-21.0,-0.31,SC,,,,,,,,,,,,,,,,
ANGELONE,,,,,,-1.2,,,,,,,,,,,,,SUPPORT,Support_Resistance_25AUG26_Scan_5_8_2026 (3).xlsx,,299.15,-0.4,,0.56,,,,,,,,,,,,,,,,,,,,,,,,,,,,,,,,,,,,,11412.0,174.0,1.55,300.0,840.0,62.0,1091.0,8.0,-0.28,SB,,,,,,,,,,,,,,,,
BSE,,,,,,-14.6,,,,,,,,,,,,,SUPPORT,Support_Resistance_25AUG26_Scan_5_8_2026 (3).xlsx,,3590.6,-0.4,,0.59,,,,,,,,,,,,,,,,,,,,,,,,,,,,,,,,,,,,,45456.0,3009.0,7.09,3600.0,6426.0,1759.0,3908.0,269.0,-0.26,SB,,,,,,,,,,,,,,,,
HINDUNILVR,,,,,,7.0,,,,,,,,,,,,,SUPPORT,Support_Resistance_25AUG26_Scan_5_8_2026 (3).xlsx,,2096.7,0.33,,0.51,,,,,,,,,,,,,,,,,,,,,,,,,,,,,,,,,,,,,49342.0,42.0,0.09,2100.0,4615.0,104.0,2797.0,-44.0,-0.16,LB,,,,,,,,,,,,,,,,
INDHOTEL,,,,,,4.2,,,,,,,,,,,,,SUPPORT,Support_Resistance_25AUG26_Scan_5_8_2026 (3).xlsx,,748.95,0.56,,0.67,,,,,,,,,,,,,,,,,,,,,,,,,,,,,,,,,,,,,20697.0,48.0,0.23,750.0,867.0,-24.0,346.0,2.0,-0.14,LB,,,,,,,,,,,,,,,,
DELHIVERY,,,,,,-2.0,,,,,,,,,,,,,SUPPORT,Support_Resistance_25AUG26_Scan_5_8_2026 (3).xlsx,,469.55,-0.42,,0.72,,,,,,,,,,,,,,,,,,,,,,,,,,,,,,,,,,,,,13379.0,25.0,0.19,470.0,319.0,6.0,765.0,11.0,-0.1,SB,,,,,,,,,,,,,,,,
PAGEIND,,,,,,10.0,,,,,,,,,,,,,SUPPORT,Support_Resistance_25AUG26_Scan_5_8_2026 (3).xlsx,,39980.0,0.03,,0.68,,,,,,,,,,,,,,,,,,,,,,,,,,,,,,,,,,,,,11727.0,-11.0,-0.09,40000.0,213.0,17.0,508.0,10.0,-0.05,SC,,,,,,,,,,,,,,,,
ADANIGREEN,,,,,,8.0,,,,,,,,,,,,,SUPPORT,Support_Resistance_25AUG26_Scan_5_8_2026 (3).xlsx,,1400.4,0.57,,0.61,,,,,,,,,,,,,,,,,,,,,,,,,,,,,,,,,,,,,44235.0,84.0,0.19,1400.0,2051.0,37.0,1532.0,-1.0,0.03,LB,,,,,,,,,,,,,,,,
RELIANCE,,,,,,3.5,,,,,,,,,,,,,SUPPORT,Support_Resistance_25AUG26_Scan_5_8_2026 (3).xlsx,,1300.9,0.27,,0.77,,,,,,,,,,,,,,,,,,,,,,,,,,,,,,,,,,,,,207200.0,524.0,0.25,1300.0,16784.0,33.0,10364.0,-37.0,0.07,LB,,,,,,,,,,,,,,,,
BANKNIFTY,,,,,,383.6,,,,,,,,,,,,,SUPPORT,Support_Resistance_25AUG26_Scan_5_8_2026 (3).xlsx,,58100.0,0.66,,0.87,,,,,,,,,,,,,,,,,,,,,,,,,,,,,,,,,,,,,70776.0,-821.0,-1.15,58000.0,76012.0,-1133.0,53116.0,818.0,0.17,SC,,,,,,,,,,,,,,,,
NMDC,,,,,,0.38,,,,,,,,,,,,,SUPPORT,Support_Resistance_25AUG26_Scan_5_8_2026 (3).xlsx,,85.15,0.45,,0.74,,,,,,,,,,,,,,,,,,,,,,,,,,,,,,,,,,,,,51102.0,38.0,0.07,85.0,1272.0,-33.0,996.0,-16.0,0.18,LB,,,,,,,,,,,,,,,,
TORNTPHARM,,,,,,-54.5,,,,,,,,,,,,,SUPPORT,Support_Resistance_25AUG26_Scan_5_8_2026 (3).xlsx,,5010.0,-1.08,,0.56,,,,,,,,,,,,,,,,,,,,,,,,,,,,,,,,,,,,,29156.0,63.0,0.22,5000.0,1058.0,20.0,776.0,-20.0,0.2,SB,,,,,,,,,,,,,,,,
INOXWIND,,,,,,0.68,,,,,,,,,,,,,SUPPORT,Support_Resistance_25AUG26_Scan_5_8_2026 (3).xlsx,,80.2,0.86,,0.66,,,,,,,,,,,,,,,,,,,,,,,,,,,,,,,,,,,,,16502.0,-24.0,-0.15,80.0,1375.0,-11.0,818.0,4.0,0.25,SC,,,,,,,,,,,,,,,,
CAMS,,,,,,4.55,,,,,,,,,,,,,SUPPORT,Support_Resistance_25AUG26_Scan_5_8_2026 (3).xlsx,,812.15,0.56,,0.52,,,,,,,,,,,,,,,,,,,,,,,,,,,,,,,,,,,,,8937.0,-46.0,-0.51,810.0,534.0,-12.0,638.0,31.0,0.27,SC,,,,,,,,,,,,,,,,
GODREJCP,,,,,,14.8,,,,,,,,,,,,,SUPPORT,Support_Resistance_25AUG26_Scan_5_8_2026 (3).xlsx,,1073.0,1.4,,0.61,,,,,,,,,,,,,,,,,,,,,,,,,,,,,,,,,,,,,22420.0,47.0,0.21,1070.0,139.0,1.0,305.0,2.0,0.28,LB,,,,,,,,,,,,,,,,
IRFC,,,,,,0.67,,,,,,,,,,,,,SUPPORT,Support_Resistance_25AUG26_Scan_5_8_2026 (3).xlsx,,90.27,0.75,,0.69,,,,,,,,,,,,,,,,,,,,,,,,,,,,,,,,,,,,,16145.0,-56.0,-0.35,90.0,3554.0,-149.0,2608.0,7.0,0.3,SC,,,,,,,,,,,,,,,,
SUPREMEIND,,,,,,-8.2,,,,,,,,,,,,,SUPPORT,Support_Resistance_25AUG26_Scan_5_8_2026 (3).xlsx,,3510.7,-0.23,,0.73,,,,,,,,,,,,,,,,,,,,,,,,,,,,,,,,,,,,,13071.0,26.0,0.2,3500.0,873.0,12.0,713.0,0.0,0.31,SB,,,,,,,,,,,,,,,,
ALKEM,,,,,,-62.0,,,,,,,,,,,,,SUPPORT,Support_Resistance_25AUG26_Scan_5_8_2026 (3).xlsx,,5618.0,-1.09,,0.51,,,,,,,,,,,,,,,,,,,,,,,,,,,,,,,,,,,,,11198.0,15.0,0.13,5600.0,127.0,11.0,519.0,2.0,0.32,SB,,,,,,,,,,,,,,,,
YESBANK,,,,,,0.17,,,,,,,,,,,,,SUPPORT,Support_Resistance_25AUG26_Scan_5_8_2026 (3).xlsx,,23.08,0.74,,0.61,,,,,,,,,,,,,,,,,,,,,,,,,,,,,,,,,,,,,37679.0,-2.0,-0.01,23.0,2286.0,-17.0,2317.0,39.0,0.35,SC,,,,,,,,,,,,,,,,
VMM,,,,,,-1.39,,,,,,,,,,,,,SUPPORT,Support_Resistance_25AUG26_Scan_5_8_2026 (3).xlsx,,110.47,-1.24,,0.59,,,,,,,,,,,,,,,,,,,,,,,,,,,,,,,,,,,,,9768.0,66.0,0.68,110.0,590.0,5.0,444.0,8.0,0.43,SB,,,,,,,,,,,,,,,,
ONGC,,,,,,-0.81,,,,,,,,,,,,,SUPPORT,Support_Resistance_25AUG26_Scan_5_8_2026 (3).xlsx,,241.05,-0.33,,0.5,,,,,,,,,,,,,,,,,,,,,,,,,,,,,,,,,,,,,24879.0,652.0,2.69,240.0,1951.0,377.0,2310.0,381.0,0.44,SB,,,,,,,,,,,,,,,,
KFINTECH,,,,,,9.85,,,,,,,,,,,,,SUPPORT,Support_Resistance_25AUG26_Scan_5_8_2026 (3).xlsx,,945.35,1.05,,0.57,,,,,,,,,,,,,,,,,,,,,,,,,,,,,,,,,,,,,7377.0,93.0,1.28,940.0,760.0,-48.0,525.0,10.0,0.57,LB,,,,,,,,,,,,,,,,
ADANIPORTS,,,,,,10.6,,,,,,,,,,,,,SUPPORT,Support_Resistance_25AUG26_Scan_5_8_2026 (3).xlsx,,1710.0,0.62,,0.57,,,,,,,,,,,,,,,,,,,,,,,,,,,,,,,,,,,,,43677.0,88.0,0.2,1700.0,2768.0,-151.0,2606.0,-15.0,0.59,LB,,,,,,,,,,,,,,,,
INDUSTOWER,,,,,,2.0,,,,,,,,,,,,,SUPPORT,Support_Resistance_25AUG26_Scan_5_8_2026 (3).xlsx,,392.3,0.51,,0.6,,,,,,,,,,,,,,,,,,,,,,,,,,,,,,,,,,,,,52637.0,7.0,0.01,390.0,1015.0,20.0,1701.0,-30.0,0.59,LB,,,,,,,,,,,,,,,,
ADANIPOWER,,,,,,0.46,,,,,,,,,,,,,SUPPORT,Support_Resistance_25AUG26_Scan_5_8_2026 (3).xlsx,,211.34,0.22,,0.62,,,,,,,,,,,,,,,,,,,,,,,,,,,,,,,,,,,,,44178.0,42.0,0.1,210.0,1269.0,-5.0,1569.0,3.0,0.64,LB,,,,,,,,,,,,,,,,
BAJAJHLDNG,,,,,,234.0,,,,,,,,,,,,,SUPPORT,Support_Resistance_25AUG26_Scan_5_8_2026 (3).xlsx,,11576.0,2.06,,0.74,,,,,,,,,,,,,,,,,,,,,,,,,,,,,,,,,,,,,4771.0,27.0,0.57,11500.0,275.0,-65.0,311.0,1.0,0.66,LB,,,,,,,,,,,,,,,,
OBEROIRLTY,,,,,,23.3,,,,,,,,,,,,,SUPPORT,Support_Resistance_25AUG26_Scan_5_8_2026 (3).xlsx,,1813.5,1.3,,0.5,,,,,,,,,,,,,,,,,,,,,,,,,,,,,,,,,,,,,15547.0,-17.0,-0.11,1800.0,558.0,27.0,478.0,-42.0,0.75,SC,,,,,,,,,,,,,,,,
GLENMARK,,,,,,-9.4,,,,,,,,,,,,,SUPPORT,Support_Resistance_25AUG26_Scan_5_8_2026 (3).xlsx,,2217.4,-0.42,,0.6,,,,,,,,,,,,,,,,,,,,,,,,,,,,,,,,,,,,,31307.0,150.0,0.48,2200.0,885.0,41.0,1000.0,22.0,0.79,SB,,,,,,,,,,,,,,,,
PETRONET,,,,,,1.9,,,,,,,,,,,,,SUPPORT,Support_Resistance_25AUG26_Scan_5_8_2026 (3).xlsx,,282.3,0.68,,0.99,,,,,,,,,,,,,,,,,,,,,,,,,,,,,,,,,,,,,16834.0,-10.0,-0.06,280.0,1173.0,0.0,934.0,0.0,0.82,SC,,,,,,,,,,,,,,,,
GODREJPROP,,,,,,79.3,,,,,,,,,,,,,SUPPORT,Support_Resistance_25AUG26_Scan_5_8_2026 (3).xlsx,,2117.9,3.89,,0.56,,,,,,,,,,,,,,,,,,,,,,,,,,,,,,,,,,,,,24171.0,-59.0,-0.24,2100.0,2449.0,618.0,838.0,153.0,0.85,SC,,,,,,,,,,,,,,,,
NYKAA,,,,,,-5.0,,,,,,,,,,,,,SUPPORT,Support_Resistance_25AUG26_Scan_5_8_2026 (3).xlsx,,332.95,-1.48,,0.39,,,,,,,,,,,,,,,,,,,,,,,,,,,,,,,,,,,,,16159.0,1453.0,9.88,330.0,412.0,113.0,482.0,228.0,0.89,SB,,,,,,,,,,,,,,,,
DRREDDY,,,,,,5.6,,,,,,,,,,,,,SUPPORT,Support_Resistance_25AUG26_Scan_5_8_2026 (3).xlsx,,1160.3,0.48,,0.6,,,,,,,,,,,,,,,,,,,,,,,,,,,,,,,,,,,,,21600.0,23.0,0.11,1150.0,1419.0,6.0,1167.0,-7.0,0.9,LB,,,,,,,,,,,,,,,,
PERSISTENT,,,,,,58.0,,,,,,,,,,,,,SUPPORT,Support_Resistance_25AUG26_Scan_5_8_2026 (3).xlsx,,5560.0,1.05,,0.65,,,,,,,,,,,,,,,,,,,,,,,,,,,,,,,,,,,,,28426.0,-15.0,-0.05,5500.0,1963.0,-7.0,1767.0,26.0,1.09,SC,,,,,,,,,,,,,,,,
LICHSGFIN,,,,,,1.75,,,,,,,,,,,,,SUPPORT,Support_Resistance_25AUG26_Scan_5_8_2026 (3).xlsx,,505.55,0.35,,0.62,,,,,,,,,,,,,,,,,,,,,,,,,,,,,,,,,,,,,29981.0,52.0,0.17,500.0,749.0,16.0,1619.0,14.0,1.11,LB,,,,,,,,,,,,,,,,
VBL,,,,,,2.8,,,,,,,,,,,,,SUPPORT,Support_Resistance_25AUG26_Scan_5_8_2026 (3).xlsx,,445.1,0.63,,0.47,,,,,,,,,,,,,,,,,,,,,,,,,,,,,,,,,,,,,42752.0,62.0,0.15,440.0,759.0,-17.0,1246.0,1.0,1.16,LB,,,,,,,,,,,,,,,,
ZYDUSLIFE,,,,,,-6.3,,,,,,,,,,,,,SUPPORT,Support_Resistance_25AUG26_Scan_5_8_2026 (3).xlsx,,1113.2,-0.56,,0.72,,,,,,,,,,,,,,,,,,,,,,,,,,,,,,,,,,,,,11150.0,46.0,0.41,1100.0,181.0,3.0,341.0,-1.0,1.2,SB,,,,,,,,,,,,,,,,
IDFCFIRSTB,,,,,,0.57,,,,,,,,,,,,,SUPPORT,Support_Resistance_25AUG26_Scan_5_8_2026 (3).xlsx,,86.09,0.67,,0.72,,,,,,,,,,,,,,,,,,,,,,,,,,,,,,,,,,,,,38302.0,-1.0,0.0,85.0,1438.0,-7.0,1198.0,0.0,1.28,-,,,,,,,,,,,,,,,,
MANAPPURAM,,,,,,6.45,,,,,,,,,,,,,SUPPORT,Support_Resistance_25AUG26_Scan_5_8_2026 (3).xlsx,,365.05,1.8,,0.65,,,,,,,,,,,,,,,,,,,,,,,,,,,,,,,,,,,,,21123.0,-60.0,-0.28,360.0,850.0,-42.0,531.0,13.0,1.4,SC,,,,,,,,,,,,,,,,
LTM,,,,,,16.7,,,,,,,,,,,,,SUPPORT,Support_Resistance_25AUG26_Scan_5_8_2026 (3).xlsx,,4564.6,0.37,,0.66,,,,,,,,,,,,,,,,,,,,,,,,,,,,,,,,,,,,,15530.0,36.0,0.23,4500.0,578.0,0.0,519.0,4.0,1.44,LB,,,,,,,,,,,,,,,,
HAL,,,,,,15.5,,,,,,,,,,,,,SUPPORT,Support_Resistance_25AUG26_Scan_5_8_2026 (3).xlsx,,4668.8,0.33,,0.72,,,,,,,,,,,,,,,,,,,,,,,,,,,,,,,,,,,,,34160.0,30.0,0.09,4600.0,2048.0,-5.0,1785.0,7.0,1.5,LB,,,,,,,,,,,,,,,,
MOTILALOFS,,,,,,5.85,,,,,,,,,,,,,SUPPORT,Support_Resistance_25AUG26_Scan_5_8_2026 (3).xlsx,,873.0,0.67,,0.65,,,,,,,,,,,,,,,,,,,,,,,,,,,,,,,,,,,,,8988.0,22.0,0.25,860.0,454.0,-1.0,405.0,8.0,1.51,LB,,,,,,,,,,,,,,,,
FINNIFTY,,,,,,148.8,,,,,,,,,,,,,SUPPORT,Support_Resistance_25AUG26_Scan_5_8_2026 (3).xlsx,,26922.2,0.56,,0.73,,,,,,,,,,,,,,,,,,,,,,,,,,,,,,,,,,,,,503.0,-4.0,-0.79,26500.0,489.0,-7.0,419.0,-4.0,1.59,SC,,,,,,,,,,,,,,,,
PRESTIGE,,,,,,32.4,,,,,,,,,,,,,SUPPORT,Support_Resistance_25AUG26_Scan_5_8_2026 (3).xlsx,,1627.3,2.03,,0.67,,,,,,,,,,,,,,,,,,,,,,,,,,,,,,,,,,,,,11440.0,-7.0,-0.06,1600.0,388.0,-37.0,803.0,6.0,1.71,SC,,,,,,,,,,,,,,,,
DALBHARAT,,,,,,13.2,,,,,,,,,,,,,SUPPORT,Support_Resistance_25AUG26_Scan_5_8_2026 (3).xlsx,,1831.0,0.73,,0.9,,,,,,,,,,,,,,,,,,,,,,,,,,,,,,,,,,,,,11581.0,7.0,0.06,1800.0,200.0,0.0,310.0,1.0,1.72,LB,,,,,,,,,,,,,,,,
VOLTAS,,,,,,4.1,,,,,,,,,,,,,SUPPORT,Support_Resistance_25AUG26_Scan_5_8_2026 (3).xlsx,,1324.7,0.31,,0.98,,,,,,,,,,,,,,,,,,,,,,,,,,,,,,,,,,,,,18913.0,134.0,0.71,1300.0,323.0,16.0,1285.0,-11.0,1.9,LB,,,,,,,,,,,,,,,,
COLPAL,,,,,,12.7,,,,,,,,,,,,,SUPPORT,Support_Resistance_25AUG26_Scan_5_8_2026 (3).xlsx,,2039.7,0.63,,0.47,,,,,,,,,,,,,,,,,,,,,,,,,,,,,,,,,,,,,18309.0,30.0,0.16,2000.0,193.0,5.0,594.0,-3.0,1.99,LB,,,,,,,,,,,,,,,,
TCS,,,,,,-9.4,,,,,,,,,,,,,SUPPORT,Support_Resistance_25AUG26_Scan_5_8_2026 (3).xlsx,,2448.0,-0.38,,0.89,,,,,,,,,,,,,,,,,,,,,,,,,,,,,,,,,,,,,136826.0,147.0,0.11,2400.0,3697.0,-10.0,4257.0,121.0,2.0,SB,,,,,,,,,,,,,,,,
IOC,,,,,,2.25,,,,,,,,,,,,,SUPPORT,Support_Resistance_25AUG26_Scan_5_8_2026 (3).xlsx,,143.0,1.6,,0.8,,,,,,,,,,,,,,,,,,,,,,,,,,,,,,,,,,,,,30823.0,110.0,0.36,140.0,1112.0,-50.0,1312.0,68.0,2.14,LB,,,,,,,,,,,,,,,,
MFSL,,,,,,26.7,,,,,,,,,,,,,SUPPORT,Support_Resistance_25AUG26_Scan_5_8_2026 (3).xlsx,,1532.9,1.77,,0.59,,,,,,,,,,,,,,,,,,,,,,,,,,,,,,,,,,,,,23596.0,11.0,0.05,1500.0,309.0,-9.0,319.0,-2.0,2.19,LB,,,,,,,,,,,,,,,,
GMRAIRPORT,,,,,,1.02,,,,,,,,,,,,,SUPPORT,Support_Resistance_25AUG26_Scan_5_8_2026 (3).xlsx,,107.4,0.96,,1.0,,,,,,,,,,,,,,,,,,,,,,,,,,,,,,,,,,,,,18658.0,2.0,0.01,105.0,401.0,-8.0,683.0,1.0,2.29,LB,,,,,,,,,,,,,,,,
UNITDSPR,,,,,,-0.6,,,,,,,,,,,,,SUPPORT,Support_Resistance_25AUG26_Scan_5_8_2026 (3).xlsx,,1535.0,-0.04,,0.92,,,,,,,,,,,,,,,,,,,,,,,,,,,,,,,,,,,,,19132.0,10.0,0.05,1500.0,871.0,4.0,787.0,4.0,2.33,SB,,,,,,,,,,,,,,,,
FEDERALBNK,,,,,,0.4,,,,,,,,,,,,,SUPPORT,Support_Resistance_25AUG26_Scan_5_8_2026 (3).xlsx,,358.65,0.11,,0.93,,,,,,,,,,,,,,,,,,,,,,,,,,,,,,,,,,,,,33793.0,54.0,0.16,350.0,760.0,4.0,1321.0,-1.0,2.47,LB,,,,,,,,,,,,,,,,
JINDALSTEL,,,,,,4.7,,,,,,,,,,,,,SUPPORT,Support_Resistance_25AUG26_Scan_5_8_2026 (3).xlsx,,1127.3,0.42,,0.87,,,,,,,,,,,,,,,,,,,,,,,,,,,,,,,,,,,,,22050.0,60.0,0.27,1100.0,871.0,-9.0,996.0,10.0,2.48,LB,,,,,,,,,,,,,,,,
MIDCPNIFTY,,,,,,112.3,,,,,,,,,,,,,SUPPORT,Support_Resistance_25AUG26_Scan_5_8_2026 (3).xlsx,,14969.05,0.76,,1.11,,,,,,,,,,,,,,,,,,,,,,,,,,,,,,,,,,,,,15683.0,-20.0,-0.13,14600.0,778.0,29.0,4759.0,2569.0,2.53,SC,,,,,,,,,,,,,,,,
DABUR,,,,,,1.3,,,,,,,,,,,,,SUPPORT,Support_Resistance_25AUG26_Scan_5_8_2026 (3).xlsx,,410.25,0.32,,0.61,,,,,,,,,,,,,,,,,,,,,,,,,,,,,,,,,,,,,23239.0,219.0,0.95,400.0,370.0,24.0,1678.0,74.0,2.56,LB,,,,,,,,,,,,,,,,
ASTRAL,,,,,,-1.2,,,,,,,,,,,,,SUPPORT,Support_Resistance_25AUG26_Scan_5_8_2026 (3).xlsx,,1437.1,-0.08,,0.66,,,,,,,,,,,,,,,,,,,,,,,,,,,,,,,,,,,,,16682.0,18.0,0.11,1400.0,428.0,0.0,606.0,-6.0,2.65,SB,,,,,,,,,,,,,,,,
BANDHANBNK,,,,,,1.26,,,,,,,,,,,,,SUPPORT,Support_Resistance_25AUG26_Scan_5_8_2026 (3).xlsx,,174.51,0.73,,0.53,,,,,,,,,,,,,,,,,,,,,,,,,,,,,,,,,,,,,36814.0,-136.0,-0.37,170.0,1341.0,-88.0,1406.0,4.0,2.65,SC,,,,,,,,,,,,,,,,
RECLTD,,,,,,1.05,,,,,,,,,,,,,SUPPORT,Support_Resistance_25AUG26_Scan_5_8_2026 (3).xlsx,,369.55,0.28,,0.67,,,,,,,,,,,,,,,,,,,,,,,,,,,,,,,,,,,,,28376.0,7.0,0.02,360.0,935.0,-1.0,1004.0,-4.0,2.65,LB,,,,,,,,,,,,,,,,
ULTRACEMCO,,,,,,70.0,,,,,,,,,,,,,SUPPORT,Support_Resistance_25AUG26_Scan_5_8_2026 (3).xlsx,,12078.0,0.58,,0.54,,,,,,,,,,,,,,,,,,,,,,,,,,,,,,,,,,,,,32125.0,25.0,0.08,11760.0,905.0,0.0,680.0,-17.0,2.7,LB,,,,,,,,,,,,,,,,
SENSEX,,,,,,430.8,,,,,,,,,,,,,SUPPORT,Support_Resistance_25AUG26_Scan_5_8_2026 (3).xlsx,,79075.8,0.55,,1.4,,,,,,,,,,,,,,,,,,,,,,,,,,,,,,,,,,,,,1806.0,20.0,1.12,77000.0,1474.0,-9.0,1879.0,22.0,2.7,LB,,,,,,,,,,,,,,,,
PATANJALI,,,,,,0.15,,,,,,,,,,,,,SUPPORT,Support_Resistance_25AUG26_Scan_5_8_2026 (3).xlsx,,359.8,0.04,,0.73,,,,,,,,,,,,,,,,,,,,,,,,,,,,,,,,,,,,,31743.0,46.0,0.15,350.0,1136.0,0.0,1041.0,-6.0,2.8,LB,,,,,,,,,,,,,,,,
ADANIENT,,,,,,43.2,,,,,,,,,,,,,SUPPORT,Support_Resistance_25AUG26_Scan_5_8_2026 (3).xlsx,,3087.3,1.42,,0.82,,,,,,,,,,,,,,,,,,,,,,,,,,,,,,,,,,,,,50923.0,-387.0,-0.75,3000.0,1339.0,-44.0,1847.0,-47.0,2.91,SC,,,,,,,,,,,,,,,,
NIFTY,,,,,,143.4,,,,,,,,,,,,,SUPPORT,Support_Resistance_25AUG26_Scan_5_8_2026 (3).xlsx,,24699.0,0.58,,1.11,,,,,,,,,,,,,,,,,,,,,,,,,,,,,,,,,,,,,180332.0,-954.0,-0.53,24000.0,89429.0,-283.0,123304.0,198.0,2.91,SC,,,,,,,,,,,,,,,,
ICICIPRULI,,,,,,5.8,,,,,,,,,,,,,SUPPORT,Support_Resistance_25AUG26_Scan_5_8_2026 (3).xlsx,,514.7,1.14,,0.62,,,,,,,,,,,,,,,,,,,,,,,,,,,,,,,,,,,,,19395.0,109.0,0.57,500.0,470.0,-1.0,584.0,-29.0,2.94,LB,,,,,,,,,,,,,,,,
ICICIGI,,,,,,,,,,,,,,,,,,,VOLUME_OI,VolumeAndOISpikesScans_25AUG26_Report_5_8_2026 (1).xlsx,,1697,,5126875,,,,,,,,,,,,,,,,,,,,,,,,,,,,,,,,,,,,,,,,,,,,,,,,,,3.57,,2.73,,,,,,,58.5,136175,23.11 Cr,809575,235.26
NYKAA,,,,,,,,,,,,,,,,,,,VOLUME_OI,VolumeAndOISpikesScans_25AUG26_Report_5_8_2026 (1).xlsx,,335.05,,50118750,,,,,,,,,,,,,,,,,,,,,,,,,,,,,,,,,,,,,,,,,,,,,,,,,,-0.86,,9.06,,,,,,,-2.9,4162500,139.46 Cr,11575000,54.2
BHARTIARTL,,,,,,,,,,,,,,,,,,,VOLUME_OI,VolumeAndOISpikesScans_25AUG26_Report_5_8_2026 (1).xlsx,,"1,979.8",,54936600,,,,,,,,,,,,,,,,,,,,,,,,,,,,,,,,,,,,,,,,,,,,,,,,,,0.79,,0.8,,,,,,,15.5,434150,85.95 Cr,2903200,48.96
MCX,,,,,,,,,,,,,,,,,,,VOLUME_OI,VolumeAndOISpikesScans_25AUG26_Report_5_8_2026 (1).xlsx,,"2,608.2",,8341425,,,,,,,,,,,,,,,,,,,,,,,,,,,,,,,,,,,,,,,,,,,,,,,,,,-2.53,,9.99,,,,,,,-67.6,757800,197.65 Cr,1809225,19.04
HINDPETRO,,,,,,,,,,,,,,,,,,,VOLUME_OI,VolumeAndOISpikesScans_25AUG26_Report_5_8_2026 (1).xlsx,,399.6,,44691750,,,,,,,,,,,,,,,,,,,,,,,,,,,,,,,,,,,,,,,,,,,,,,,,,,1.56,,0.16,,,,,,,6.15,72900,2.91 Cr,1790100,-15.16
ONGC,,,,,,,,,,,,,,,,,,,VOLUME_OI,VolumeAndOISpikesScans_25AUG26_Report_5_8_2026 (1).xlsx,,240.8,,55885500,,,,,,,,,,,,,,,,,,,,,,,,,,,,,,,,,,,,,,,,,,,,,,,,,,-0.44,,2.52,,,,,,,-1.06,1374750,33.10 Cr,4531500,-24.79
BANKINDIA,,,,,,,,,,,,,,,,,,,VOLUME_OI,VolumeAndOISpikesScans_25AUG26_Report_5_8_2026 (1).xlsx,,142.84,,94681600,,,,,,,,,,,,,,,,,,,,,,,,,,,,,,,,,,,,,,,,,,,,,,,,,,1.85,,-1.54,,,,,,,2.6,-1476800,-21.09 Cr,3432000,-35.23
OIL,,,,,,,,,,,,,,,,,,,VOLUME_OI,VolumeAndOISpikesScans_25AUG26_Report_5_8_2026 (1).xlsx,,437.25,,15897000,,,,,,,,,,,,,,,,,,,,,,,,,,,,,,,,,,,,,,,,,,,,,,,,,,-3.02,,0.68,,,,,,,-13.6,107800,4.71 Cr,523600,-39.38
INDIGO,,,,,,,,,,,,,,,,,,,VOLUME_OI,VolumeAndOISpikesScans_25AUG26_Report_5_8_2026 (1).xlsx,,"5,480.5",,5633250,,,,,,,,,,,,,,,,,,,,,,,,,,,,,,,,,,,,,,,,,,,,,,,,,,2.63,,0.45,,,,,,,140.5,25200,13.81 Cr,321300,-40.53
NHPC,,,,,,,,,,,,,,,,,,,VOLUME_OI,VolumeAndOISpikesScans_25AUG26_Report_5_8_2026 (1).xlsx,,81.62,,119553900,,,,,,,,,,,,,,,,,,,,,,,,,,,,,,,,,,,,,,,,,,,,,,,,,,1.3,,0.56,,,,,,,1.05,660250,5.39 Cr,7770100,-42.28
PNBHOUSING,,,,,,,,,,,,,,,,,,,VOLUME_OI,VolumeAndOISpikesScans_25AUG26_Report_5_8_2026 (1).xlsx,,1126,,7818200,,,,,,,,,,,,,,,,,,,,,,,,,,,,,,,,,,,,,,,,,,,,,,,,,,3.86,,1.01,,,,,,,41.8,78000,8.78 Cr,2433600,-43.66
IOC,,,,,,,,,,,,,,,,,,,VOLUME_OI,VolumeAndOISpikesScans_25AUG26_Report_5_8_2026 (1).xlsx,,143.25,,150159750,,,,,,,,,,,,,,,,,,,,,,,,,,,,,,,,,,,,,,,,,,,,,,,,,,1.78,,0.29,,,,,,,2.5,433875,6.22 Cr,4294875,-45.07
BAJAJHLDNG,,,,,,,,,,,,,,,,,,,VOLUME_OI,VolumeAndOISpikesScans_25AUG26_Report_5_8_2026 (1).xlsx,,11620,,358200,,,,,,,,,,,,,,,,,,,,,,,,,,,,,,,,,,,,,,,,,,,,,,,,,,2.45,,0.67,,,,,,,278,2400,2.79 Cr,18450,-45.21
AMBUJACEM,,,,,,,,,,,,,,,,,,,VOLUME_OI,VolumeAndOISpikesScans_25AUG26_Report_5_8_2026 (1).xlsx,,444.55,,79945200,,,,,,,,,,,,,,,,,,,,,,,,,,,,,,,,,,,,,,,,,,,,,,,,,,1.05,,0.21,,,,,,,4.6,165600,7.36 Cr,1159200,-45.3
BSE,,,,,,,,,,,,,,,,,,,VOLUME_OI,VolumeAndOISpikesScans_25AUG26_Report_5_8_2026 (1).xlsx,,"3,602.4",,9104600,,,,,,,,,,,,,,,,,,,,,,,,,,,,,,,,,,,,,,,,,,,,,,,,,,-0.08,,7.25,,,,,,,-2.8,615200,221.62 Cr,1225600,-47.02
BOSCHLTD,,,,,,,,,,,,,,,,,,,VOLUME_OI,VolumeAndOISpikesScans_25AUG26_Report_5_8_2026 (1).xlsx,,42575,,208475,,,,,,,,,,,,,,,,,,,,,,,,,,,,,,,,,,,,,,,,,,,,,,,,,,2.71,,0.51,,,,,,,1125,1050,4.47 Cr,12325,-47.27
MAZDOCK,,,,,,,,,,,,,,,,,,,VOLUME_OI,VolumeAndOISpikesScans_25AUG26_Report_5_8_2026 (1).xlsx,,2421,,5005350,,,,,,,,,,,,,,,,,,,,,,,,,,,,,,,,,,,,,,,,,,,,,,,,,,1.42,,-0.63,,,,,,,33.9,-31950,-7.74 Cr,196650,-47.32
UNIONBANK,,,,,,,,,,,,,,,,,,,VOLUME_OI,VolumeAndOISpikesScans_25AUG26_Report_5_8_2026 (1).xlsx,,178.4,,118271400,,,,,,,,,,,,,,,,,,,,,,,,,,,,,,,,,,,,,,,,,,,,,,,,,,2.39,,0.15,,,,,,,4.16,181425,3.24 Cr,3398400,-47.58
MANAPPURAM,,,,,,,,,,,,,,,,,,,VOLUME_OI,VolumeAndOISpikesScans_25AUG26_Report_5_8_2026 (1).xlsx,,363.8,,63219000,,,,,,,,,,,,,,,,,,,,,,,,,,,,,,,,,,,,,,,,,,,,,,,,,,1.45,,-0.52,,,,,,,5.2,-330000,-12.01 Cr,4203000,-57.46
MARICO,,,,,,,,,,,,,,,,,,,VOLUME_OI,VolumeAndOISpikesScans_25AUG26_Report_5_8_2026 (1).xlsx,,857,,17228400,,,,,,,,,,,,,,,,,,,,,,,,,,,,,,,,,,,,,,,,,,,,,,,,,,-2.01,,8.03,,,,,,,-17.6,1280400,109.73 Cr,3585600,-59.0
LT,,,,,,,,,,,,,,,,,,,VOLUME_OI,VolumeAndOISpikesScans_25AUG26_Report_5_8_2026 (1).xlsx,,"4,078.2",,11365725,,,,,,,,,,,,,,,,,,,,,,,,,,,,,,,,,,,,,,,,,,,,,,,,,,1.42,,-0.59,,,,,,,57.2,-67725,-27.62 Cr,526400,-59.48
INDIANB,,,,,,,,,,,,,,,,,,,VOLUME_OI,VolumeAndOISpikesScans_25AUG26_Report_5_8_2026 (1).xlsx,,864,,12054000,,,,,,,,,,,,,,,,,,,,,,,,,,,,,,,,,,,,,,,,,,,,,,,,,,2.19,,-0.25,,,,,,,18.5,-30000,-2.59 Cr,520000,-59.75
PNB,,,,,,,,,,,,,,,,,,,VOLUME_OI,VolumeAndOISpikesScans_25AUG26_Report_5_8_2026 (1).xlsx,,115.2,,288640000,,,,,,,,,,,,,,,,,,,,,,,,,,,,,,,,,,,,,,,,,,,,,,,,,,1.03,,0.09,,,,,,,1.18,248000,2.86 Cr,4472000,-60.16
TMPV,,,,,,,,,,,,,,,,,,,VOLUME_OI,VolumeAndOISpikesScans_25AUG26_Report_5_8_2026 (1).xlsx,,352.2,,74432000,,,,,,,,,,,,,,,,,,,,,,,,,,,,,,,,,,,,,,,,,,,,,,,,,,1.81,,-0.35,,,,,,,6.25,-260800,-9.19 Cr,2675200,-62.28
BHARATFORG,,,,,,,,,,,,,,,,,,,VOLUME_OI,VolumeAndOISpikesScans_25AUG26_Report_5_8_2026 (1).xlsx,,"2,215.9",,7811500,,,,,,,,,,,,,,,,,,,,,,,,,,,,,,,,,,,,,,,,,,,,,,,,,,0.95,,0.33,,,,,,,20.9,26000,5.76 Cr,313000,-62.6
BANKBARODA,,,,,,,,,,,,,,,,,,,VOLUME_OI,VolumeAndOISpikesScans_25AUG26_Report_5_8_2026 (1).xlsx,,250.88,,130259025,,,,,,,,,,,,,,,,,,,,,,,,,,,,,,,,,,,,,,,,,,,,,,,,,,1.72,,-0.1,,,,,,,4.24,-134550,-3.38 Cr,2927925,-62.72
LODHA,,,,,,,,,,,,,,,,,,,VOLUME_OI,VolumeAndOISpikesScans_25AUG26_Report_5_8_2026 (1).xlsx,,"1,247.6",,11567500,,,,,,,,,,,,,,,,,,,,,,,,,,,,,,,,,,,,,,,,,,,,,,,,,,1.89,,-0.58,,,,,,,23.2,-67500,-8.42 Cr,508125,-62.79
JUBLFOOD,,,,,,,,,,,,,,,,,,,VOLUME_OI,VolumeAndOISpikesScans_25AUG26_Report_5_8_2026 (1).xlsx,,479,,16330000,,,,,,,,,,,,,,,,,,,,,,,,,,,,,,,,,,,,,,,,,,,,,,,,,,2.61,,-0.37,,,,,,,12.2,-61250,-2.93 Cr,858750,-63.16
MUTHOOTFIN,,,,,,,,,,,,,,,,,,,VOLUME_OI,VolumeAndOISpikesScans_25AUG26_Report_5_8_2026 (1).xlsx,,"2,933.4",,6824125,,,,,,,,,,,,,,,,,,,,,,,,,,,,,,,,,,,,,,,,,,,,,,,,,,1.47,,-0.55,,,,,,,42.6,-37950,-11.13 Cr,539275,-63.45
BANKNIFTY,,,,,,,,,,,,,,,,,,,VOLUME_OI,VolumeAndOISpikesScans_25AUG26_Report_5_8_2026 (1).xlsx,,"58,082.2",,2121330,,,,,,,,,,,,,,,,,,,,,,,,,,,,,,,,,,,,,,,,,,,,,,,,,,0.63,,-1.24,,,,,,,365.8,-26580,-154.38 Cr,159630,-65.4
KALYANKJIL,,,,,,,,,,,,,,,,,,,VOLUME_OI,VolumeAndOISpikesScans_25AUG26_Report_5_8_2026 (1).xlsx,,584,,23233500,,,,,,,,,,,,,,,,,,,,,,,,,,,,,,,,,,,,,,,,,,,,,,,,,,-1.58,,0.65,,,,,,,-9.35,149850,8.75 Cr,4345650,-65.88
OBEROIRLTY,,,,,,,,,,,,,,,,,,,VOLUME_OI,VolumeAndOISpikesScans_25AUG26_Report_5_8_2026 (1).xlsx,,"1,818.3",,5505850,,,,,,,,,,,,,,,,,,,,,,,,,,,,,,,,,,,,,,,,,,,,,,,,,,1.57,,1.07,,,,,,,28.1,58450,10.63 Cr,198800,-67.87
SHRIRAMFIN,,,,,,,,,,,,,,,,,,,VOLUME_OI,VolumeAndOISpikesScans_25AUG26_Report_5_8_2026 (1).xlsx,,"1,101.1",,26643375,,,,,,,,,,,,,,,,,,,,,,,,,,,,,,,,,,,,,,,,,,,,,,,,,,1.76,,1.21,,,,,,,19,319275,35.16 Cr,1139325,-68.07
ABCAPITAL,,,,,,,,,,,,,,,,,,,VOLUME_OI,VolumeAndOISpikesScans_25AUG26_Report_5_8_2026 (1).xlsx,,425.8,,37355000,,,,,,,,,,,,,,,,,,,,,,,,,,,,,,,,,,,,,,,,,,,,,,,,,,1.74,,0.51,,,,,,,7.3,189100,8.05 Cr,1528300,-68.25
ASHOKLEY,,,,,,,,,,,,,,,,,,,VOLUME_OI,VolumeAndOISpikesScans_25AUG26_Report_5_8_2026 (1).xlsx,,177.61,,143330000,,,,,,,,,,,,,,,,,,,,,,,,,,,,,,,,,,,,,,,,,,,,,,,,,,2.5,,0.74,,,,,,,4.33,1055000,18.74 Cr,5115000,-68.73
NBCC,,,,,,,,,,,,,,,,,,,VOLUME_OI,VolumeAndOISpikesScans_25AUG26_Report_5_8_2026 (1).xlsx,,95.71,,99463000,,,,,,,,,,,,,,,,,,,,,,,,,,,,,,,,,,,,,,,,,,,,,,,,,,1.01,,0.05,,,,,,,0.96,45500,43.55 L,994500,-68.84
M&M,,,,,,,,,,,,,,,,,,,VOLUME_OI,VolumeAndOISpikesScans_25AUG26_Report_5_8_2026 (1).xlsx,,3484,,12245400,,,,,,,,,,,,,,,,,,,,,,,,,,,,,,,,,,,,,,,,,,,,,,,,,,1.79,,0.6,,,,,,,61.3,73400,25.57 Cr,379200,-69.0
CHOLAFIN,,,,,,,,,,,,,,,,,,,VOLUME_OI,VolumeAndOISpikesScans_25AUG26_Report_5_8_2026 (1).xlsx,,"1,895.5",,13006250,,,,,,,,,,,,,,,,,,,,,,,,,,,,,,,,,,,,,,,,,,,,,,,,,,1.47,,0.88,,,,,,,27.5,113125,21.44 Cr,330000,-71.07
ALKEM,,,,,,,,,,,,,,,,,,,VOLUME_OI,VolumeAndOISpikesScans_25AUG26_Report_5_8_2026 (1).xlsx,,"5,602.5",,1398375,,,,,,,,,,,,,,,,,,,,,,,,,,,,,,,,,,,,,,,,,,,,,,,,,,-1.36,,0.04,,,,,,,-77.5,500,28.01 L,20000,-71.63
ADANIENT,,,,,,,,,,,,,,,,,,,VOLUME_OI,VolumeAndOISpikesScans_25AUG26_Report_5_8_2026 (1).xlsx,,"3,086.2",,15755910,,,,,,,,,,,,,,,,,,,,,,,,,,,,,,,,,,,,,,,,,,,,,,,,,,1.38,,-0.62,,,,,,,42.1,-98880,-30.52 Cr,278409,-72.08
SENSEX,,,,,,,,,,,,,,,,,,,VOLUME_OI,VolumeAndOISpikesScans_25AUG26_Report_5_8_2026 (1).xlsx,,79071.45,,36180,,,,,,,,,,,,,,,,,,,,,,,,,,,,,,,,,,,,,,,,,,,,,,,,,,0.54,,1.29,,,,,,,426.45,460,3.64 Cr,4740,-72.15
HDFCBANK,,,,,,,,,,,,,,,,,,,VOLUME_OI,VolumeAndOISpikesScans_25AUG26_Report_5_8_2026 (1).xlsx,,741.9,,303244500,,,,,,,,,,,,,,,,,,,,,,,,,,,,,,,,,,,,,,,,,,,,,,,,,,-0.24,,1.03,,,,,,,-1.8,3099200,229.93 Cr,5142150,-72.38
LTF,,,,,,,,,,,,,,,,,,,VOLUME_OI,VolumeAndOISpikesScans_25AUG26_Report_5_8_2026 (1).xlsx,,324.3,,45738000,,,,,,,,,,,,,,,,,,,,,,,,,,,,,,,,,,,,,,,,,,,,,,,,,,1.01,,0.15,,,,,,,3.25,69750,2.26 Cr,1656000,-72.5
YESBANK,,,,,,,,,,,,,,,,,,,VOLUME_OI,VolumeAndOISpikesScans_25AUG26_Report_5_8_2026 (1).xlsx,,23.09,,1172190100,,,,,,,,,,,,,,,,,,,,,,,,,,,,,,,,,,,,,,,,,,,,,,,,,,0.79,,0.03,,,,,,,0.18,311000,71.81 L,12066800,-73.77
PGEL,,,,,,,,,,,,,,,,,,,VOLUME_OI,VolumeAndOISpikesScans_25AUG26_Report_5_8_2026 (1).xlsx,,625.9,,11119750,,,,,,,,,,,,,,,,,,,,,,,,,,,,,,,,,,,,,,,,,,,,,,,,,,1.47,,1.65,,,,,,,9.05,180500,11.30 Cr,554800,-74.23
HINDZINC,,,,,,,,,,,,,,,,,,,VOLUME_OI,VolumeAndOISpikesScans_25AUG26_Report_5_8_2026 (1).xlsx,,570.5,,29560475,,,,,,,,,,,,,,,,,,,,,,,,,,,,,,,,,,,,,,,,,,,,,,,,,,1.15,,0.8,,,,,,,6.5,233975,13.35 Cr,1215200,-74.84
CONCOR,,,,,,,,,,,,,,,,,,,VOLUME_OI,VolumeAndOISpikesScans_25AUG26_Report_5_8_2026 (1).xlsx,,523.2,,21483750,,,,,,,,,,,,,,,,,,,,,,,,,,,,,,,,,,,,,,,,,,,,,,,,,,0.89,,-0.03,,,,,,,4.6,-7500,-39.24 L,351250,-75.11
APOLLOHOSP,,,,,,,,,,,,,,,,,,,VOLUME_OI,VolumeAndOISpikesScans_25AUG26_Report_5_8_2026 (1).xlsx,,8848,,1955750,,,,,,,,,,,,,,,,,,,,,,,,,,,,,,,,,,,,,,,,,,,,,,,,,,-0.43,,0.81,,,,,,,-38,15750,13.94 Cr,38625,-75.84
CANBK,,,,,,,,,,,,,,,,,,,VOLUME_OI,VolumeAndOISpikesScans_25AUG26_Report_5_8_2026 (1).xlsx,,130.2,,384871500,,,,,,,,,,,,,,,,,,,,,,,,,,,,,,,,,,,,,,,,,,,,,,,,,,1.74,,0.05,,,,,,,2.23,209250,2.72 Cr,6682500,-75.99
INDUSINDBK,,,,,,,,,,,,,,,,,,,VOLUME_OI,VolumeAndOISpikesScans_25AUG26_Report_5_8_2026 (1).xlsx,,1035,,33543300,,,,,,,,,,,,,,,,,,,,,,,,,,,,,,,,,,,,,,,,,,,,,,,,,,1.37,,-0.07,,,,,,,14,-23800,-2.46 Cr,297500,-76.65
GODREJPROP,,,,,,,,,,,,,,,,,,,VOLUME_OI,VolumeAndOISpikesScans_25AUG26_Report_5_8_2026 (1).xlsx,,"2,123.6",,7847450,,,,,,,,,,,,,,,,,,,,,,,,,,,,,,,,,,,,,,,,,,,,,,,,,,4.17,,-0.35,,,,,,,85,-27300,-5.80 Cr,649350,-76.94
ANGELONE,,,,,,,,,,,,,,,,,,,VOLUME_OI,VolumeAndOISpikesScans_25AUG26_Report_5_8_2026 (1).xlsx,,298.75,,28485000,,,,,,,,,,,,,,,,,,,,,,,,,,,,,,,,,,,,,,,,,,,,,,,,,,-0.53,,1.39,,,,,,,-1.6,390000,11.65 Cr,1077500,-77.26
GLENMARK,,,,,,,,,,,,,,,,,,,VOLUME_OI,VolumeAndOISpikesScans_25AUG26_Report_5_8_2026 (1).xlsx,,"2,214.5",,11735625,,,,,,,,,,,,,,,,,,,,,,,,,,,,,,,,,,,,,,,,,,,,,,,,,,-0.55,,0.44,,,,,,,-12.3,51750,11.46 Cr,141750,-77.51
BPCL,,,,,,,,,,,,,,,,,,,VOLUME_OI,VolumeAndOISpikesScans_25AUG26_Report_5_8_2026 (1).xlsx,,327.4,,39661950,,,,,,,,,,,,,,,,,,,,,,,,,,,,,,,,,,,,,,,,,,,,,,,,,,1.74,,0.2,,,,,,,5.6,79000,2.59 Cr,1125750,-77.81
ZYDUSLIFE,,,,,,,,,,,,,,,,,,,VOLUME_OI,VolumeAndOISpikesScans_25AUG26_Report_5_8_2026 (1).xlsx,,"1,111.8",,10031400,,,,,,,,,,,,,,,,,,,,,,,,,,,,,,,,,,,,,,,,,,,,,,,,,,-0.69,,0.38,,,,,,,-7.7,37800,4.20 Cr,191700,-78.06
BAJFINANCE,,,,,,,,,,,,,,,,,,,VOLUME_OI,VolumeAndOISpikesScans_25AUG26_Report_5_8_2026 (1).xlsx,,1159,,54080250,,,,,,,,,,,,,,,,,,,,,,,,,,,,,,,,,,,,,,,,,,,,,,,,,,1.23,,0.45,,,,,,,14.1,244500,28.34 Cr,1123500,-78.62
FORCEMOT,,,,,,,,,,,,,,,,,,,VOLUME_OI,VolumeAndOISpikesScans_25AUG26_Report_5_8_2026 (1).xlsx,,18651,,248150,,,,,,,,,,,,,,,,,,,,,,,,,,,,,,,,,,,,,,,,,,,,,,,,,,1.15,,-0.58,,,,,,,212,-1450,-2.70 Cr,9275,-78.96
ASIANPAINT,,,,,,,,,,,,,,,,,,,VOLUME_OI,VolumeAndOISpikesScans_25AUG26_Report_5_8_2026 (1).xlsx,,"2,768.9",,7461500,,,,,,,,,,,,,,,,,,,,,,,,,,,,,,,,,,,,,,,,,,,,,,,,,,0.79,,0.7,,,,,,,21.6,51500,14.26 Cr,161750,-79.09
TVSMOTOR,,,,,,,,,,,,,,,,,,,VOLUME_OI,VolumeAndOISpikesScans_25AUG26_Report_5_8_2026 (1).xlsx,,"4,428.2",,8991675,,,,,,,,,,,,,,,,,,,,,,,,,,,,,,,,,,,,,,,,,,,,,,,,,,1.33,,0.71,,,,,,,58.3,63350,28.05 Cr,161525,-79.55
MIDCPNIFTY,,,,,,,,,,,,,,,,,,,VOLUME_OI,VolumeAndOISpikesScans_25AUG26_Report_5_8_2026 (1).xlsx,,"14,938.4",,1883520,,,,,,,,,,,,,,,,,,,,,,,,,,,,,,,,,,,,,,,,,,,,,,,,,,0.55,,-0.04,,,,,,,81.65,-840,-1.25 Cr,37920,-79.89
BHEL,,,,,,,,,,,,,,,,,,,VOLUME_OI,VolumeAndOISpikesScans_25AUG26_Report_5_8_2026 (1).xlsx,,414.35,,80485125,,,,,,,,,,,,,,,,,,,,,,,,,,,,,,,,,,,,,,,,,,,,,,,,,,0.99,,0.05,,,,,,,4.05,36750,1.52 Cr,945000,-80.17
NTPC,,,,,,,,,,,,,,,,,,,VOLUME_OI,VolumeAndOISpikesScans_25AUG26_Report_5_8_2026 (1).xlsx,,347.3,,98398500,,,,,,,,,,,,,,,,,,,,,,,,,,,,,,,,,,,,,,,,,,,,,,,,,,0.97,,-0.1,,,,,,,3.35,-94500,-3.28 Cr,712500,-80.41
LUPIN,,,,,,,,,,,,,,,,,,,VOLUME_OI,VolumeAndOISpikesScans_25AUG26_Report_5_8_2026 (1).xlsx,,"2,374.5",,6460425,,,,,,,,,,,,,,,,,,,,,,,,,,,,,,,,,,,,,,,,,,,,,,,,,,-0.88,,0.5,,,,,,,-21,31875,7.57 Cr,104975,-80.75
BDL,,,,,,,,,,,,,,,,,,,VOLUME_OI,VolumeAndOISpikesScans_25AUG26_Report_5_8_2026 (1).xlsx,,"1,267.9",,7161250,,,,,,,,,,,,,,,,,,,,,,,,,,,,,,,,,,,,,,,,,,,,,,,,,,1.04,,-0.43,,,,,,,13,-31025,-3.93 Cr,165750,-80.95
DLF,,,,,,,,,,,,,,,,,,,VOLUME_OI,VolumeAndOISpikesScans_25AUG26_Report_5_8_2026 (1).xlsx,,668.45,,46984150,,,,,,,,,,,,,,,,,,,,,,,,,,,,,,,,,,,,,,,,,,,,,,,,,,3,,0.51,,,,,,,19.45,237500,15.88 Cr,1681500,-81.28
INOXWIND,,,,,,,,,,,,,,,,,,,VOLUME_OI,VolumeAndOISpikesScans_25AUG26_Report_5_8_2026 (1).xlsx,,80.5,,105625600,,,,,,,,,,,,,,,,,,,,,,,,,,,,,,,,,,,,,,,,,,,,,,,,,,1.23,,-0.13,,,,,,,0.98,-140800,-1.13 Cr,1350400,-81.62
LAURUSLABS,,,,,,,,,,,,,,,,,,,VOLUME_OI,VolumeAndOISpikesScans_25AUG26_Report_5_8_2026 (1).xlsx,,"1,842.9",,16894600,,,,,,,,,,,,,,,,,,,,,,,,,,,,,,,,,,,,,,,,,,,,,,,,,,0.45,,0.82,,,,,,,8.2,137700,25.38 Cr,385050,-82.07
COFORGE,,,,,,,,,,,,,,,,,,,VOLUME_OI,VolumeAndOISpikesScans_25AUG26_Report_5_8_2026 (1).xlsx,,1765,,13483825,,,,,,,,,,,,,,,,,,,,,,,,,,,,,,,,,,,,,,,,,,,,,,,,,,0.87,,0.22,,,,,,,15.3,29450,5.20 Cr,239875,-82.16
INDHOTEL,,,,,,,,,,,,,,,,,,,VOLUME_OI,VolumeAndOISpikesScans_25AUG26_Report_5_8_2026 (1).xlsx,,749.85,,20703000,,,,,,,,,,,,,,,,,,,,,,,,,,,,,,,,,,,,,,,,,,,,,,,,,,0.68,,0.26,,,,,,,5.1,54000,4.05 Cr,363000,-82.16
FINNIFTY,,,,,,,,,,,,,,,,,,,VOLUME_OI,VolumeAndOISpikesScans_25AUG26_Report_5_8_2026 (1).xlsx,,"26,922.2",,30180,,,,,,,,,,,,,,,,,,,,,,,,,,,,,,,,,,,,,,,,,,,,,,,,,,0.56,,-0.79,,,,,,,148.8,-240,-64.61 L,1320,-82.26
ETERNAL,,,,,,,,,,,,,,,,,,,VOLUME_OI,VolumeAndOISpikesScans_25AUG26_Report_5_8_2026 (1).xlsx,,313.4,,153711050,,,,,,,,,,,,,,,,,,,,,,,,,,,,,,,,,,,,,,,,,,,,,,,,,,1,,0.34,,,,,,,3.1,518950,16.26 Cr,1973950,-82.48
RECLTD,,,,,,,,,,,,,,,,,,,VOLUME_OI,VolumeAndOISpikesScans_25AUG26_Report_5_8_2026 (1).xlsx,,370.95,,44696925,,,,,,,,,,,,,,,,,,,,,,,,,,,,,,,,,,,,,,,,,,,,,,,,,,0.66,,0.04,,,,,,,2.45,15750,58.42 L,278775,-82.48
GMRAIRPORT,,,,,,,,,,,,,,,,,,,VOLUME_OI,VolumeAndOISpikesScans_25AUG26_Report_5_8_2026 (1).xlsx,,107.32,,130146525,,,,,,,,,,,,,,,,,,,,,,,,,,,,,,,,,,,,,,,,,,,,,,,,,,0.88,,0.02,,,,,,,0.94,20925,22.46 L,1304325,-82.78
MPHASIS,,,,,,,,,,,,,,,,,,,VOLUME_OI,VolumeAndOISpikesScans_25AUG26_Report_5_8_2026 (1).xlsx,,"2,408.2",,3890700,,,,,,,,,,,,,,,,,,,,,,,,,,,,,,,,,,,,,,,,,,,,,,,,,,0.74,,0.22,,,,,,,17.8,8525,2.05 Cr,48950,-83.08
MARUTI,,,,,,,,,,,,,,,,,,,VOLUME_OI,VolumeAndOISpikesScans_25AUG26_Report_5_8_2026 (1).xlsx,,14154,,2056750,,,,,,,,,,,,,,,,,,,,,,,,,,,,,,,,,,,,,,,,,,,,,,,,,,0.75,,0.06,,,,,,,106,1200,1.70 Cr,49400,-83.12
AUBANK,,,,,,,,,,,,,,,,,,,VOLUME_OI,VolumeAndOISpikesScans_25AUG26_Report_5_8_2026 (1).xlsx,,"1,054.6",,21925000,,,,,,,,,,,,,,,,,,,,,,,,,,,,,,,,,,,,,,,,,,,,,,,,,,1,,0.07,,,,,,,10.4,15000,1.58 Cr,246000,-83.61
TIINDIA,,,,,,,,,,,,,,,,,,,VOLUME_OI,VolumeAndOISpikesScans_25AUG26_Report_5_8_2026 (1).xlsx,,2801,,2247400,,,,,,,,,,,,,,,,,,,,,,,,,,,,,,,,,,,,,,,,,,,,,,,,,,1.9,,-0.45,,,,,,,52.2,-10200,-2.86 Cr,44200,-83.67
TRENT,,,,,,,,,,,,,,,,,,,VOLUME_OI,VolumeAndOISpikesScans_25AUG26_Report_5_8_2026 (1).xlsx,,"3,126.9",,10535625,,,,,,,,,,,,,,,,,,,,,,,,,,,,,,,,,,,,,,,,,,,,,,,,,,1.5,,-0.03,,,,,,,46.1,-3600,-1.13 Cr,125325,-83.83
INFY,,,,,,,,,,,,,,,,,,,VOLUME_OI,VolumeAndOISpikesScans_25AUG26_Report_5_8_2026 (1).xlsx,,1174,,87096000,,,,,,,,,,,,,,,,,,,,,,,,,,,,,,,,,,,,,,,,,,,,,,,,,,0.82,,0.01,,,,,,,9.5,9600,1.13 Cr,1222000,-83.84
BAJAJFINSV,,,,,,,,,,,,,,,,,,,VOLUME_OI,VolumeAndOISpikesScans_25AUG26_Report_5_8_2026 (1).xlsx,,2105,,8033400,,,,,,,,,,,,,,,,,,,,,,,,,,,,,,,,,,,,,,,,,,,,,,,,,,1.03,,0.75,,,,,,,21.5,60000,12.63 Cr,191100,-84.45
AXISBANK,,,,,,,,,,,,,,,,,,,VOLUME_OI,VolumeAndOISpikesScans_25AUG26_Report_5_8_2026 (1).xlsx,,"1,257.9",,80502500,,,,,,,,,,,,,,,,,,,,,,,,,,,,,,,,,,,,,,,,,,,,,,,,,,0.47,,-0.04,,,,,,,5.9,-30625,-3.85 Cr,694375,-84.63
TATAELXSI,,,,,,,,,,,,,,,,,,,VOLUME_OI,VolumeAndOISpikesScans_25AUG26_Report_5_8_2026 (1).xlsx,,"3,768.5",,2382500,,,,,,,,,,,,,,,,,,,,,,,,,,,,,,,,,,,,,,,,,,,,,,,,,,0.44,,-0.24,,,,,,,16.5,-5625,-2.12 Cr,26250,-84.68
SUNPHARMA,,,,,,,,,,,,,,,,,,,VOLUME_OI,VolumeAndOISpikesScans_25AUG26_Report_5_8_2026 (1).xlsx,,1950,,13834100,,,,,,,,,,,,,,,,,,,,,,,,,,,,,,,,,,,,,,,,,,,,,,,,,,-0.6,,0.07,,,,,,,-11.7,9450,1.84 Cr,127400,-84.73
HINDALCO,,,,,,,,,,,,,,,,,,,VOLUME_OI,VolumeAndOISpikesScans_25AUG26_Report_5_8_2026 (1).xlsx,,1023,,52990700,,,,,,,,,,,,,,,,,,,,,,,,,,,,,,,,,,,,,,,,,,,,,,,,,,0.49,,0,,,,,,,5,-1400,-14.32 L,1152900,-84.8
KFINTECH,,,,,,,,,,,,,,,,,,,VOLUME_OI,VolumeAndOISpikesScans_25AUG26_Report_5_8_2026 (1).xlsx,,943.3,,4243500,,,,,,,,,,,,,,,,,,,,,,,,,,,,,,,,,,,,,,,,,,,,,,,,,,0.83,,1.32,,,,,,,7.8,55200,5.21 Cr,165600,-85.1
NIFTY,,,,,,,,,,,,,,,,,,,VOLUME_OI,VolumeAndOISpikesScans_25AUG26_Report_5_8_2026 (1).xlsx,,24699,,11719890,,,,,,,,,,,,,,,,,,,,,,,,,,,,,,,,,,,,,,,,,,,,,,,,,,0.58,,-0.54,,,,,,,143.4,-63700,-157.33 Cr,604890,-85.27
MOTILALOFS,,,,,,,,,,,,,,,,,,,VOLUME_OI,VolumeAndOISpikesScans_25AUG26_Report_5_8_2026 (1).xlsx,,873.1,,6961050,,,,,,,,,,,,,,,,,,,,,,,,,,,,,,,,,,,,,,,,,,,,,,,,,,0.69,,0.18,,,,,,,5.95,12400,1.08 Cr,110825,-86.02
PRESTIGE,,,,,,,,,,,,,,,,,,,VOLUME_OI,VolumeAndOISpikesScans_25AUG26_Report_5_8_2026 (1).xlsx,,"1,625.4",,5141700,,,,,,,,,,,,,,,,,,,,,,,,,,,,,,,,,,,,,,,,,,,,,,,,,,1.91,,-0.18,,,,,,,30.5,-9450,-1.54 Cr,90900,-86.11
KAYNES,,,,,,,,,,,,,,,,,,,VOLUME_OI,VolumeAndOISpikesScans_25AUG26_Report_5_8_2026 (1).xlsx,,3918,,4045200,,,,,,,,,,,,,,,,,,,,,,,,,,,,,,,,,,,,,,,,,,,,,,,,,,0.71,,0.25,,,,,,,27.5,9900,3.88 Cr,60150,-86.19
VEDL,,,,,,,,,,,,,,,,,,,VOLUME_OI,VolumeAndOISpikesScans_25AUG26_Report_5_8_2026 (1).xlsx,,270.85,,50514900,,,,,,,,,,,,,,,,,,,,,,,,,,,,,,,,,,,,,,,,,,,,,,,,,,0.45,,0.35,,,,,,,1.2,174800,4.73 Cr,943000,-86.22
ULTRACEMCO,,,,,,,,,,,,,,,,,,,VOLUME_OI,VolumeAndOISpikesScans_25AUG26_Report_5_8_2026 (1).xlsx,,12069,,1606100,,,,,,,,,,,,,,,,,,,,,,,,,,,,,,,,,,,,,,,,,,,,,,,,,,0.51,,0.07,,,,,,,61,1100,1.33 Cr,10900,-86.62
POWERGRID,,,,,,,,,,,,,,,,,,,VOLUME_OI,VolumeAndOISpikesScans_25AUG26_Report_5_8_2026 (1).xlsx,,284.4,,46405600,,,,,,,,,,,,,,,,,,,,,,,,,,,,,,,,,,,,,,,,,,,,,,,,,,0.71,,0.14,,,,,,,2,62700,1.78 Cr,558600,-86.65
IDEA,,,,,,,,,,,,,,,,,,,VOLUME_OI,VolumeAndOISpikesScans_25AUG26_Report_5_8_2026 (1).xlsx,,12.96,,5890683600,,,,,,,,,,,,,,,,,,,,,,,,,,,,,,,,,,,,,,,,,,,,,,,,,,0.7,,-0.02,,,,,,,0.09,-1215075,-1.57 Cr,19941525,-86.81
SBIN,,,,,,,,,,,,,,,,,,,VOLUME_OI,VolumeAndOISpikesScans_25AUG26_Report_5_8_2026 (1).xlsx,,"1,048.5",,82567500,,,,,,,,,,,,,,,,,,,,,,,,,,,,,,,,,,,,,,,,,,,,,,,,,,0.75,,0.16,,,,,,,7.8,135000,14.15 Cr,894750,-86.88
ICICIBANK,,,,,,,,,,,,,,,,,,,VOLUME_OI,VolumeAndOISpikesScans_25AUG26_Report_5_8_2026 (1).xlsx,,"1,451.7",,103994100,,,,,,,,,,,,,,,,,,,,,,,,,,,,,,,,,,,,,,,,,,,,,,,,,,0.43,,0.08,,,,,,,6.2,81900,11.89 Cr,742700,-86.91
RELIANCE,,,,,,,,,,,,,,,,,,,VOLUME_OI,VolumeAndOISpikesScans_25AUG26_Report_5_8_2026 (1).xlsx,,"1,300.5",,103578500,,,,,,,,,,,,,,,,,,,,,,,,,,,,,,,,,,,,,,,,,,,,,,,,,,0.24,,0.23,,,,,,,3.1,240500,31.28 Cr,858500,-87.16
MANKIND,,,,,,,,,,,,,,,,,,,VOLUME_OI,VolumeAndOISpikesScans_25AUG26_Report_5_8_2026 (1).xlsx,,2454,,3284000,,,,,,,,,,,,,,,,,,,,,,,,,,,,,,,,,,,,,,,,,,,,,,,,,,-0.09,,0.21,,,,,,,-2.2,7000,1.72 Cr,32000,-87.31
GAIL,,,,,,,,,,,,,,,,,,,VOLUME_OI,VolumeAndOISpikesScans_25AUG26_Report_5_8_2026 (1).xlsx,,176.95,,91064600,,,,,,,,,,,,,,,,,,,,,,,,,,,,,,,,,,,,,,,,,,,,,,,,,,0.35,,-0.04,,,,,,,0.61,-31950,-56.54 L,1995100,-87.32
NIFTYNXT50,,,,,,,,,,,,,,,,,,,VOLUME_OI,VolumeAndOISpikesScans_25AUG26_Report_5_8_2026 (1).xlsx,,"74,540.2",,18975,,,,,,,,,,,,,,,,,,,,,,,,,,,,,,,,,,,,,,,,,,,,,,,,,,0.79,,0.26,,,,,,,587.8,50,37.27 L,450,-87.41
CGPOWER,,,,,,,,,,,,,,,,,,,VOLUME_OI,VolumeAndOISpikesScans_25AUG26_Report_5_8_2026 (1).xlsx,,885.5,,20127150,,,,,,,,,,,,,,,,,,,,,,,,,,,,,,,,,,,,,,,,,,,,,,,,,,0.36,,0.66,,,,,,,3.2,131750,11.67 Cr,583100,-87.47
SUPREMEIND,,,,,,,,,,,,,,,,,,,VOLUME_OI,VolumeAndOISpikesScans_25AUG26_Report_5_8_2026 (1).xlsx,,"3,500.6",,2285150,,,,,,,,,,,,,,,,,,,,,,,,,,,,,,,,,,,,,,,,,,,,,,,,,,-0.52,,0.1,,,,,,,-18.3,2275,79.64 L,17675,-87.73
IDFCFIRSTB,,,,,,,,,,,,,,,,,,,VOLUME_OI,VolumeAndOISpikesScans_25AUG26_Report_5_8_2026 (1).xlsx,,85.93,,355167575,,,,,,,,,,,,,,,,,,,,,,,,,,,,,,,,,,,,,,,,,,,,,,,,,,0.48,,-0.03,,,,,,,0.41,-92750,-79.70 L,2216725,-87.88
MAXHEALTH,,,,,,,,,,,,,,,,,,,VOLUME_OI,VolumeAndOISpikesScans_25AUG26_Report_5_8_2026 (1).xlsx,,1071,,9900450,,,,,,,,,,,,,,,,,,,,,,,,,,,,,,,,,,,,,,,,,,,,,,,,,,-0.24,,0.34,,,,,,,-2.6,33600,3.60 Cr,97125,-87.92
CIPLA,,,,,,,,,,,,,,,,,,,VOLUME_OI,VolumeAndOISpikesScans_25AUG26_Report_5_8_2026 (1).xlsx,,"1,448.9",,8896525,,,,,,,,,,,,,,,,,,,,,,,,,,,,,,,,,,,,,,,,,,,,,,,,,,-0.75,,0.07,,,,,,,-10.9,5950,86.21 L,60350,-87.94
NAUKRI,,,,,,,,,,,,,,,,,,,VOLUME_OI,VolumeAndOISpikesScans_25AUG26_Report_5_8_2026 (1).xlsx,,"1,269.9",,13865500,,,,,,,,,,,,,,,,,,,,,,,,,,,,,,,,,,,,,,,,,,,,,,,,,,0.58,,0.15,,,,,,,7.3,20900,2.65 Cr,107800,-88.04
BANDHANBNK,,,,,,,,,,,,,,,,,,,VOLUME_OI,VolumeAndOISpikesScans_25AUG26_Report_5_8_2026 (1).xlsx,,174.69,,132631200,,,,,,,,,,,,,,,,,,,,,,,,,,,,,,,,,,,,,,,,,,,,,,,,,,0.83,,-0.29,,,,,,,1.44,-388800,-6.79 Cr,910800,-88.14
POLYCAB,,,,,,,,,,,,,,,,,,,VOLUME_OI,VolumeAndOISpikesScans_25AUG26_Report_5_8_2026 (1).xlsx,,9269,,2281625,,,,,,,,,,,,,,,,,,,,,,,,,,,,,,,,,,,,,,,,,,,,,,,,,,0.66,,0.35,,,,,,,61,7875,7.30 Cr,52375,-88.14
ADANIGREEN,,,,,,,,,,,,,,,,,,,VOLUME_OI,VolumeAndOISpikesScans_25AUG26_Report_5_8_2026 (1).xlsx,,"1,402.5",,26545200,,,,,,,,,,,,,,,,,,,,,,,,,,,,,,,,,,,,,,,,,,,,,,,,,,0.73,,0.21,,,,,,,10.1,54600,7.66 Cr,270600,-88.24
JIOFIN,,,,,,,,,,,,,,,,,,,VOLUME_OI,VolumeAndOISpikesScans_25AUG26_Report_5_8_2026 (1).xlsx,,267.3,,185983700,,,,,,,,,,,,,,,,,,,,,,,,,,,,,,,,,,,,,,,,,,,,,,,,,,1.21,,0.12,,,,,,,3.2,225600,6.03 Cr,3304100,-88.29
360ONE,,,,,,,,,,,,,,,,,,,VOLUME_OI,VolumeAndOISpikesScans_25AUG26_Report_5_8_2026 (1).xlsx,,"1,182.1",,4137500,,,,,,,,,,,,,,,,,,,,,,,,,,,,,,,,,,,,,,,,,,,,,,,,,,1.48,,0.55,,,,,,,17.2,22500,2.66 Cr,101500,-88.52
SHREECEM,,,,,,,,,,,,,,,,,,,VOLUME_OI,VolumeAndOISpikesScans_25AUG26_Report_5_8_2026 (1).xlsx,,26925,,371225,,,,,,,,,,,,,,,,,,,,,,,,,,,,,,,,,,,,,,,,,,,,,,,,,,0.43,,0.22,,,,,,,115,800,2.15 Cr,3675,-88.62
RVNL,,,,,,,,,,,,,,,,,,,VOLUME_OI,VolumeAndOISpikesScans_25AUG26_Report_5_8_2026 (1).xlsx,,233.5,,34923350,,,,,,,,,,,,,,,,,,,,,,,,,,,,,,,,,,,,,,,,,,,,,,,,,,0.8,,-0.06,,,,,,,1.85,-19250,-44.95 L,406175,-88.67
VBL,,,,,,,,,,,,,,,,,,,VOLUME_OI,VolumeAndOISpikesScans_25AUG26_Report_5_8_2026 (1).xlsx,,445.75,,54492225,,,,,,,,,,,,,,,,,,,,,,,,,,,,,,,,,,,,,,,,,,,,,,,,,,0.78,,0.11,,,,,,,3.45,62475,2.78 Cr,289425,-88.72
KOTAKBANK,,,,,,,,,,,,,,,,,,,VOLUME_OI,VolumeAndOISpikesScans_25AUG26_Report_5_8_2026 (1).xlsx,,397.7,,172958000,,,,,,,,,,,,,,,,,,,,,,,,,,,,,,,,,,,,,,,,,,,,,,,,,,0.77,,0.13,,,,,,,3.05,218000,8.67 Cr,926000,-88.79
SIEMENS,,,,,,,,,,,,,,,,,,,VOLUME_OI,VolumeAndOISpikesScans_25AUG26_Report_5_8_2026 (1).xlsx,,4065,,3477600,,,,,,,,,,,,,,,,,,,,,,,,,,,,,,,,,,,,,,,,,,,,,,,,,,1.19,,0.62,,,,,,,48,21525,8.75 Cr,107450,-88.87
JINDALSTEL,,,,,,,,,,,,,,,,,,,VOLUME_OI,VolumeAndOISpikesScans_25AUG26_Report_5_8_2026 (1).xlsx,,1127,,13780625,,,,,,,,,,,,,,,,,,,,,,,,,,,,,,,,,,,,,,,,,,,,,,,,,,0.39,,0.27,,,,,,,4.4,36875,4.16 Cr,127500,-88.88
PIDILITIND,,,,,,,,,,,,,,,,,,,VOLUME_OI,VolumeAndOISpikesScans_25AUG26_Report_5_8_2026 (1).xlsx,,"1,641.2",,8045500,,,,,,,,,,,,,,,,,,,,,,,,,,,,,,,,,,,,,,,,,,,,,,,,,,1.55,,0.76,,,,,,,25,61000,10.01 Cr,621500,-88.89
ADANIPOWER,,,,,,,,,,,,,,,,,,,VOLUME_OI,VolumeAndOISpikesScans_25AUG26_Report_5_8_2026 (1).xlsx,,211.47,,156789300,,,,,,,,,,,,,,,,,,,,,,,,,,,,,,,,,,,,,,,,,,,,,,,,,,0.28,,0.07,,,,,,,0.59,106500,2.25 Cr,710000,-88.94
EICHERMOT,,,,,,,,,,,,,,,,,,,VOLUME_OI,VolumeAndOISpikesScans_25AUG26_Report_5_8_2026 (1).xlsx,,7965,,3716100,,,,,,,,,,,,,,,,,,,,,,,,,,,,,,,,,,,,,,,,,,,,,,,,,,0.72,,0.37,,,,,,,57,13700,10.91 Cr,39200,-88.97
FORTIS,,,,,,,,,,,,,,,,,,,VOLUME_OI,VolumeAndOISpikesScans_25AUG26_Report_5_8_2026 (1).xlsx,,923.9,,10066475,,,,,,,,,,,,,,,,,,,,,,,,,,,,,,,,,,,,,,,,,,,,,,,,,,-0.57,,0.29,,,,,,,-5.3,29450,2.72 Cr,201500,-88.99
INDUSTOWER,,,,,,,,,,,,,,,,,,,VOLUME_OI,VolumeAndOISpikesScans_25AUG26_Report_5_8_2026 (1).xlsx,,391.5,,89437000,,,,,,,,,,,,,,,,,,,,,,,,,,,,,,,,,,,,,,,,,,,,,,,,,,0.31,,-0.04,,,,,,,1.2,-34000,-1.33 Cr,510000,-89.21
IRFC,,,,,,,,,,,,,,,,,,,VOLUME_OI,VolumeAndOISpikesScans_25AUG26_Report_5_8_2026 (1).xlsx,,90.3,,87640875,,,,,,,,,,,,,,,,,,,,,,,,,,,,,,,,,,,,,,,,,,,,,,,,,,0.78,,-0.28,,,,,,,0.7,-249550,-2.25 Cr,732375,-89.21
RBLBANK,,,,,,,,,,,,,,,,,,,VOLUME_OI,VolumeAndOISpikesScans_25AUG26_Report_5_8_2026 (1).xlsx,,383.05,,44688125,,,,,,,,,,,,,,,,,,,,,,,,,,,,,,,,,,,,,,,,,,,,,,,,,,0.13,,0.09,,,,,,,0.5,38100,1.46 Cr,635000,-89.31
UNOMINDA,,,,,,,,,,,,,,,,,,,VOLUME_OI,VolumeAndOISpikesScans_25AUG26_Report_5_8_2026 (1).xlsx,,"1,271.3",,4706350,,,,,,,,,,,,,,,,,,,,,,,,,,,,,,,,,,,,,,,,,,,,,,,,,,3.14,,0.93,,,,,,,38.7,43450,5.52 Cr,275550,-89.34
POLICYBZR,,,,,,,,,,,,,,,,,,,VOLUME_OI,VolumeAndOISpikesScans_25AUG26_Report_5_8_2026 (1).xlsx,,"1,613.6",,9251550,,,,,,,,,,,,,,,,,,,,,,,,,,,,,,,,,,,,,,,,,,,,,,,,,,0.2,,0.13,,,,,,,3.2,12250,1.98 Cr,74200,-89.41
OFSS,,,,,,,,,,,,,,,,,,,VOLUME_OI,VolumeAndOISpikesScans_25AUG26_Report_5_8_2026 (1).xlsx,,11664,,1267700,,,,,,,,,,,,,,,,,,,,,,,,,,,,,,,,,,,,,,,,,,,,,,,,,,0.3,,0.64,,,,,,,35,8100,9.45 Cr,27400,-89.55
ADANIPORTS,,,,,,,,,,,,,,,,,,,VOLUME_OI,VolumeAndOISpikesScans_25AUG26_Report_5_8_2026 (1).xlsx,,"1,705.5",,20721400,,,,,,,,,,,,,,,,,,,,,,,,,,,,,,,,,,,,,,,,,,,,,,,,,,0.36,,0.08,,,,,,,6.1,16625,2.84 Cr,117325,-89.73
HEROMOTOCO,,,,,,,,,,,,,,,,,,,VOLUME_OI,VolumeAndOISpikesScans_25AUG26_Report_5_8_2026 (1).xlsx,,"5,638.5",,4724700,,,,,,,,,,,,,,,,,,,,,,,,,,,,,,,,,,,,,,,,,,,,,,,,,,1.07,,0.52,,,,,,,59.5,24300,13.70 Cr,123300,-89.77
BAJAJ-AUTO,,,,,,,,,,,,,,,,,,,VOLUME_OI,VolumeAndOISpikesScans_25AUG26_Report_5_8_2026 (1).xlsx,,11642,,1868025,,,,,,,,,,,,,,,,,,,,,,,,,,,,,,,,,,,,,,,,,,,,,,,,,,0.37,,0.29,,,,,,,43,5400,6.29 Cr,22350,-89.98
IEX,,,,,,,,,,,,,,,,,,,VOLUME_OI,VolumeAndOISpikesScans_25AUG26_Report_5_8_2026 (1).xlsx,,131.5,,72888600,,,,,,,,,,,,,,,,,,,,,,,,,,,,,,,,,,,,,,,,,,,,,,,,,,1.27,,0.07,,,,,,,1.65,47850,62.92 L,722100,-90.05
NATIONALUM,,,,,,,,,,,,,,,,,,,VOLUME_OI,VolumeAndOISpikesScans_25AUG26_Report_5_8_2026 (1).xlsx,,380.4,,45401250,,,,,,,,,,,,,,,,,,,,,,,,,,,,,,,,,,,,,,,,,,,,,,,,,,0.18,,0.34,,,,,,,0.7,155625,5.92 Cr,1391250,-90.06
VOLTAS,,,,,,,,,,,,,,,,,,,VOLUME_OI,VolumeAndOISpikesScans_25AUG26_Report_5_8_2026 (1).xlsx,,"1,315.9",,7073250,,,,,,,,,,,,,,,,,,,,,,,,,,,,,,,,,,,,,,,,,,,,,,,,,,-0.36,,0.44,,,,,,,-4.7,31125,4.10 Cr,162375,-90.16
ADANIENSOL,,,,,,,,,,,,,,,,,,,VOLUME_OI,VolumeAndOISpikesScans_25AUG26_Report_5_8_2026 (1).xlsx,,"1,656.5",,19373175,,,,,,,,,,,,,,,,,,,,,,,,,,,,,,,,,,,,,,,,,,,,,,,,,,0.55,,0.16,,,,,,,9,30375,5.03 Cr,79650,-90.23
CUMMINSIND,,,,,,,,,,,,,,,,,,,VOLUME_OI,VolumeAndOISpikesScans_25AUG26_Report_5_8_2026 (1).xlsx,,5561,,4072800,,,,,,,,,,,,,,,,,,,,,,,,,,,,,,,,,,,,,,,,,,,,,,,,,,0.92,,0.19,,,,,,,50.5,7800,4.34 Cr,86800,-90.23
SOLARINDS,,,,,,,,,,,,,,,,,,,VOLUME_OI,VolumeAndOISpikesScans_25AUG26_Report_5_8_2026 (1).xlsx,,18790,,790750,,,,,,,,,,,,,,,,,,,,,,,,,,,,,,,,,,,,,,,,,,,,,,,,,,-0.01,,0.16,,,,,,,-2,1300,2.44 Cr,6550,-90.31
NMDC,,,,,,,,,,,,,,,,,,,VOLUME_OI,VolumeAndOISpikesScans_25AUG26_Report_5_8_2026 (1).xlsx,,85,,344904750,,,,,,,,,,,,,,,,,,,,,,,,,,,,,,,,,,,,,,,,,,,,,,,,,,0.27,,0.06,,,,,,,0.23,222750,1.89 Cr,1343250,-90.33
TORNTPHARM,,,,,,,,,,,,,,,,,,,VOLUME_OI,VolumeAndOISpikesScans_25AUG26_Report_5_8_2026 (1).xlsx,,5011,,3644375,,,,,,,,,,,,,,,,,,,,,,,,,,,,,,,,,,,,,,,,,,,,,,,,,,-1.06,,0.21,,,,,,,-53.5,7750,3.88 Cr,28375,-90.52
POWERINDIA,,,,,,,,,,,,,,,,,,,VOLUME_OI,VolumeAndOISpikesScans_25AUG26_Report_5_8_2026 (1).xlsx,,32590,,588350,,,,,,,,,,,,,,,,,,,,,,,,,,,,,,,,,,,,,,,,,,,,,,,,,,0.9,,0.05,,,,,,,290,300,97.77 L,7525,-90.54
BRITANNIA,,,,,,,,,,,,,,,,,,,VOLUME_OI,VolumeAndOISpikesScans_25AUG26_Report_5_8_2026 (1).xlsx,,5425,,1884750,,,,,,,,,,,,,,,,,,,,,,,,,,,,,,,,,,,,,,,,,,,,,,,,,,0.01,,0.48,,,,,,,0.5,9000,4.88 Cr,22250,-90.66
DELHIVERY,,,,,,,,,,,,,,,,,,,VOLUME_OI,VolumeAndOISpikesScans_25AUG26_Report_5_8_2026 (1).xlsx,,471,,27753125,,,,,,,,,,,,,,,,,,,,,,,,,,,,,,,,,,,,,,,,,,,,,,,,,,-0.12,,0.16,,,,,,,-0.55,43575,2.05 Cr,446125,-90.66
BEL,,,,,,,,,,,,,,,,,,,VOLUME_OI,VolumeAndOISpikesScans_25AUG26_Report_5_8_2026 (1).xlsx,,392.65,,103095900,,,,,,,,,,,,,,,,,,,,,,,,,,,,,,,,,,,,,,,,,,,,,,,,,,0.1,,-0.03,,,,,,,0.4,-29925,-1.18 Cr,748125,-90.67
SBICARD,,,,,,,,,,,,,,,,,,,VOLUME_OI,VolumeAndOISpikesScans_25AUG26_Report_5_8_2026 (1).xlsx,,669.95,,22277600,,,,,,,,,,,,,,,,,,,,,,,,,,,,,,,,,,,,,,,,,,,,,,,,,,0.96,,0.06,,,,,,,6.4,13600,91.11 L,224000,-90.67
TITAN,,,,,,,,,,,,,,,,,,,VOLUME_OI,VolumeAndOISpikesScans_25AUG26_Report_5_8_2026 (1).xlsx,,"4,904.1",,5250700,,,,,,,,,,,,,,,,,,,,,,,,,,,,,,,,,,,,,,,,,,,,,,,,,,0.13,,0.02,,,,,,,6.4,1225,60.08 L,46550,-90.88
VMM,,,,,,,,,,,,,,,,,,,VOLUME_OI,VolumeAndOISpikesScans_25AUG26_Report_5_8_2026 (1).xlsx,,110.5,,47326300,,,,,,,,,,,,,,,,,,,,,,,,,,,,,,,,,,,,,,,,,,,,,,,,,,-1.22,,0.58,,,,,,,-1.36,271600,3.00 Cr,640200,-90.93
PAGEIND,,,,,,,,,,,,,,,,,,,VOLUME_OI,VolumeAndOISpikesScans_25AUG26_Report_5_8_2026 (1).xlsx,,39975,,234520,,,,,,,,,,,,,,,,,,,,,,,,,,,,,,,,,,,,,,,,,,,,,,,,,,0.01,,-0.1,,,,,,,5,-240,-95.94 L,2480,-91.19
ICICIPRULI,,,,,,,,,,,,,,,,,,,VOLUME_OI,VolumeAndOISpikesScans_25AUG26_Report_5_8_2026 (1).xlsx,,513.65,,17976450,,,,,,,,,,,,,,,,,,,,,,,,,,,,,,,,,,,,,,,,,,,,,,,,,,0.93,,0.77,,,,,,,4.75,136900,7.03 Cr,299700,-91.41
FEDERALBNK,,,,,,,,,,,,,,,,,,,VOLUME_OI,VolumeAndOISpikesScans_25AUG26_Report_5_8_2026 (1).xlsx,,359.2,,84472500,,,,,,,,,,,,,,,,,,,,,,,,,,,,,,,,,,,,,,,,,,,,,,,,,,0.27,,0.15,,,,,,,0.95,125000,4.49 Cr,570000,-91.46
DIXON,,,,,,,,,,,,,,,,,,,VOLUME_OI,VolumeAndOISpikesScans_25AUG26_Report_5_8_2026 (1).xlsx,,13948,,2623850,,,,,,,,,,,,,,,,,,,,,,,,,,,,,,,,,,,,,,,,,,,,,,,,,,0.79,,0.18,,,,,,,109,4750,6.63 Cr,32650,-91.53
SWIGGY,,,,,,,,,,,,,,,,,,,VOLUME_OI,VolumeAndOISpikesScans_25AUG26_Report_5_8_2026 (1).xlsx,,290.55,,66563225,,,,,,,,,,,,,,,,,,,,,,,,,,,,,,,,,,,,,,,,,,,,,,,,,,0.31,,0.45,,,,,,,0.9,299300,8.70 Cr,945350,-91.63
NAM-INDIA,,,,,,,,,,,,,,,,,,,VOLUME_OI,VolumeAndOISpikesScans_25AUG26_Report_5_8_2026 (1).xlsx,,"1,187.1",,7385625,,,,,,,,,,,,,,,,,,,,,,,,,,,,,,,,,,,,,,,,,,,,,,,,,,0.91,,0.61,,,,,,,10.7,45000,5.34 Cr,118750,-91.7
ITC,,,,,,,,,,,,,,,,,,,VOLUME_OI,VolumeAndOISpikesScans_25AUG26_Report_5_8_2026 (1).xlsx,,288.1,,156888750,,,,,,,,,,,,,,,,,,,,,,,,,,,,,,,,,,,,,,,,,,,,,,,,,,0.14,,0.02,,,,,,,0.4,27600,79.52 L,726225,-91.71
MOTHERSON,,,,,,,,,,,,,,,,,,,VOLUME_OI,VolumeAndOISpikesScans_25AUG26_Report_5_8_2026 (1).xlsx,,153.19,,127421850,,,,,,,,,,,,,,,,,,,,,,,,,,,,,,,,,,,,,,,,,,,,,,,,,,1.68,,0.26,,,,,,,2.53,332100,5.09 Cr,1961850,-91.78
PERSISTENT,,,,,,,,,,,,,,,,,,,VOLUME_OI,VolumeAndOISpikesScans_25AUG26_Report_5_8_2026 (1).xlsx,,5555,,3555125,,,,,,,,,,,,,,,,,,,,,,,,,,,,,,,,,,,,,,,,,,,,,,,,,,0.96,,0,,,,,,,53,0,-,35000,-91.84
RADICO,,,,,,,,,,,,,,,,,,,VOLUME_OI,VolumeAndOISpikesScans_25AUG26_Report_5_8_2026 (1).xlsx,,4490,,806550,,,,,,,,,,,,,,,,,,,,,,,,,,,,,,,,,,,,,,,,,,,,,,,,,,0.47,,0.09,,,,,,,21,750,33.67 L,10350,-91.96
WIPRO,,,,,,,,,,,,,,,,,,,VOLUME_OI,VolumeAndOISpikesScans_25AUG26_Report_5_8_2026 (1).xlsx,,188.71,,215571000,,,,,,,,,,,,,,,,,,,,,,,,,,,,,,,,,,,,,,,,,,,,,,,,,,0.14,,-0.02,,,,,,,0.26,-48000,-90.58 L,1236000,-92.0
DALBHARAT,,,,,,,,,,,,,,,,,,,VOLUME_OI,VolumeAndOISpikesScans_25AUG26_Report_5_8_2026 (1).xlsx,,"1,830.6",,3763500,,,,,,,,,,,,,,,,,,,,,,,,,,,,,,,,,,,,,,,,,,,,,,,,,,0.7,,0.05,,,,,,,12.8,1950,35.70 L,10400,-92.02
SRF,,,,,,,,,,,,,,,,,,,VOLUME_OI,VolumeAndOISpikesScans_25AUG26_Report_5_8_2026 (1).xlsx,,"2,637.4",,4581400,,,,,,,,,,,,,,,,,,,,,,,,,,,,,,,,,,,,,,,,,,,,,,,,,,0.08,,0.18,,,,,,,2.1,8200,2.16 Cr,24600,-92.04
HDFCAMC,,,,,,,,,,,,,,,,,,,VOLUME_OI,VolumeAndOISpikesScans_25AUG26_Report_5_8_2026 (1).xlsx,,"2,584.8",,6355800,,,,,,,,,,,,,,,,,,,,,,,,,,,,,,,,,,,,,,,,,,,,,,,,,,1.32,,0,,,,,,,33.7,-300,-7.75 L,75000,-92.29
HYUNDAI,,,,,,,,,,,,,,,,,,,VOLUME_OI,VolumeAndOISpikesScans_25AUG26_Report_5_8_2026 (1).xlsx,,2215,,3959725,,,,,,,,,,,,,,,,,,,,,,,,,,,,,,,,,,,,,,,,,,,,,,,,,,0.83,,0.01,,,,,,,18.2,550,12.18 L,62425,-92.41
HINDUNILVR,,,,,,,,,,,,,,,,,,,VOLUME_OI,VolumeAndOISpikesScans_25AUG26_Report_5_8_2026 (1).xlsx,,"2,094.7",,14799000,,,,,,,,,,,,,,,,,,,,,,,,,,,,,,,,,,,,,,,,,,,,,,,,,,0.24,,0.06,,,,,,,5,9000,1.89 Cr,131700,-92.44
SUZLON,,,,,,,,,,,,,,,,,,,VOLUME_OI,VolumeAndOISpikesScans_25AUG26_Report_5_8_2026 (1).xlsx,,48.75,,461022700,,,,,,,,,,,,,,,,,,,,,,,,,,,,,,,,,,,,,,,,,,,,,,,,,,0.64,,0,,,,,,,0.31,0,-,1828800,-92.55
HCLTECH,,,,,,,,,,,,,,,,,,,VOLUME_OI,VolumeAndOISpikesScans_25AUG26_Report_5_8_2026 (1).xlsx,,"1,368.1",,27323600,,,,,,,,,,,,,,,,,,,,,,,,,,,,,,,,,,,,,,,,,,,,,,,,,,0.32,,0.04,,,,,,,4.3,10000,1.37 Cr,186000,-92.62
BLUESTARCO,,,,,,,,,,,,,,,,,,,VOLUME_OI,VolumeAndOISpikesScans_25AUG26_Report_5_8_2026 (1).xlsx,,"1,679.4",,3444675,,,,,,,,,,,,,,,,,,,,,,,,,,,,,,,,,,,,,,,,,,,,,,,,,,0.63,,0.32,,,,,,,10.5,11050,1.86 Cr,81575,-92.66
TATASTEEL,,,,,,,,,,,,,,,,,,,VOLUME_OI,VolumeAndOISpikesScans_25AUG26_Report_5_8_2026 (1).xlsx,,192.19,,170090250,,,,,,,,,,,,,,,,,,,,,,,,,,,,,,,,,,,,,,,,,,,,,,,,,,0.34,,0.05,,,,,,,0.65,88000,1.69 Cr,1309000,-92.7
TCS,,,,,,,,,,,,,,,,,,,VOLUME_OI,VolumeAndOISpikesScans_25AUG26_Report_5_8_2026 (1).xlsx,,2452,,30785625,,,,,,,,,,,,,,,,,,,,,,,,,,,,,,,,,,,,,,,,,,,,,,,,,,-0.22,,0.11,,,,,,,-5.4,32850,8.05 Cr,199350,-92.7
PIIND,,,,,,,,,,,,,,,,,,,VOLUME_OI,VolumeAndOISpikesScans_25AUG26_Report_5_8_2026 (1).xlsx,,2808,,2731050,,,,,,,,,,,,,,,,,,,,,,,,,,,,,,,,,,,,,,,,,,,,,,,,,,0.3,,0.01,,,,,,,8.5,175,4.91 L,13650,-92.9
DABUR,,,,,,,,,,,,,,,,,,,VOLUME_OI,VolumeAndOISpikesScans_25AUG26_Report_5_8_2026 (1).xlsx,,408.65,,29005000,,,,,,,,,,,,,,,,,,,,,,,,,,,,,,,,,,,,,,,,,,,,,,,,,,-0.07,,0.8,,,,,,,-0.3,230000,9.40 Cr,630000,-92.92
PETRONET,,,,,,,,,,,,,,,,,,,VOLUME_OI,VolumeAndOISpikesScans_25AUG26_Report_5_8_2026 (1).xlsx,,282.45,,31984600,,,,,,,,,,,,,,,,,,,,,,,,,,,,,,,,,,,,,,,,,,,,,,,,,,0.73,,-0.06,,,,,,,2.05,-19000,-53.67 L,210900,-92.94
SBILIFE,,,,,,,,,,,,,,,,,,,VOLUME_OI,VolumeAndOISpikesScans_25AUG26_Report_5_8_2026 (1).xlsx,,"1,882.3",,5843625,,,,,,,,,,,,,,,,,,,,,,,,,,,,,,,,,,,,,,,,,,,,,,,,,,0.7,,0.43,,,,,,,13.1,25125,4.73 Cr,109500,-92.98
NESTLEIND,,,,,,,,,,,,,,,,,,,VOLUME_OI,VolumeAndOISpikesScans_25AUG26_Report_5_8_2026 (1).xlsx,,"1,500.9",,7934000,,,,,,,,,,,,,,,,,,,,,,,,,,,,,,,,,,,,,,,,,,,,,,,,,,0.8,,1.34,,,,,,,11.9,105000,15.76 Cr,384500,-93.03
DMART,,,,,,,,,,,,,,,,,,,VOLUME_OI,VolumeAndOISpikesScans_25AUG26_Report_5_8_2026 (1).xlsx,,"3,997.7",,5150550,,,,,,,,,,,,,,,,,,,,,,,,,,,,,,,,,,,,,,,,,,,,,,,,,,0.48,,0.21,,,,,,,19.2,10650,4.26 Cr,20550,-93.05
LICHSGFIN,,,,,,,,,,,,,,,,,,,VOLUME_OI,VolumeAndOISpikesScans_25AUG26_Report_5_8_2026 (1).xlsx,,505.4,,29967000,,,,,,,,,,,,,,,,,,,,,,,,,,,,,,,,,,,,,,,,,,,,,,,,,,0.32,,0.13,,,,,,,1.6,38000,1.92 Cr,179000,-93.09
TATAPOWER,,,,,,,,,,,,,,,,,,,VOLUME_OI,VolumeAndOISpikesScans_25AUG26_Report_5_8_2026 (1).xlsx,,383.25,,62061450,,,,,,,,,,,,,,,,,,,,,,,,,,,,,,,,,,,,,,,,,,,,,,,,,,0.22,,-0.11,,,,,,,0.85,-71050,-2.72 Cr,213150,-93.16
GODREJCP,,,,,,,,,,,,,,,,,,,VOLUME_OI,VolumeAndOISpikesScans_25AUG26_Report_5_8_2026 (1).xlsx,,"1,070.5",,11202000,,,,,,,,,,,,,,,,,,,,,,,,,,,,,,,,,,,,,,,,,,,,,,,,,,1.16,,0.14,,,,,,,12.3,15500,1.66 Cr,79500,-93.2
SONACOMS,,,,,,,,,,,,,,,,,,,VOLUME_OI,VolumeAndOISpikesScans_25AUG26_Report_5_8_2026 (1).xlsx,,792,,10844925,,,,,,,,,,,,,,,,,,,,,,,,,,,,,,,,,,,,,,,,,,,,,,,,,,0.83,,0.19,,,,,,,6.55,20825,1.65 Cr,137200,-93.2
PHOENIXLTD,,,,,,,,,,,,,,,,,,,VOLUME_OI,VolumeAndOISpikesScans_25AUG26_Report_5_8_2026 (1).xlsx,,1965,,3607100,,,,,,,,,,,,,,,,,,,,,,,,,,,,,,,,,,,,,,,,,,,,,,,,,,0.97,,-0.13,,,,,,,18.8,-4550,-89.41 L,36400,-93.25
HDFCLIFE,,,,,,,,,,,,,,,,,,,VOLUME_OI,VolumeAndOISpikesScans_25AUG26_Report_5_8_2026 (1).xlsx,,542.1,,47203200,,,,,,,,,,,,,,,,,,,,,,,,,,,,,,,,,,,,,,,,,,,,,,,,,,1.19,,-0.02,,,,,,,6.4,-11000,-59.63 L,745800,-93.28
PAYTM,,,,,,,,,,,,,,,,,,,VOLUME_OI,VolumeAndOISpikesScans_25AUG26_Report_5_8_2026 (1).xlsx,,"1,416.5",,20616825,,,,,,,,,,,,,,,,,,,,,,,,,,,,,,,,,,,,,,,,,,,,,,,,,,0.43,,0.21,,,,,,,6,44225,6.26 Cr,718475,-93.29
BIOCON,,,,,,,,,,,,,,,,,,,VOLUME_OI,VolumeAndOISpikesScans_25AUG26_Report_5_8_2026 (1).xlsx,,427.45,,47425000,,,,,,,,,,,,,,,,,,,,,,,,,,,,,,,,,,,,,,,,,,,,,,,,,,0.35,,0.1,,,,,,,1.5,47500,2.03 Cr,420000,-93.41
JSWSTEEL,,,,,,,,,,,,,,,,,,,VOLUME_OI,VolumeAndOISpikesScans_25AUG26_Report_5_8_2026 (1).xlsx,,"1,300.1",,39770325,,,,,,,,,,,,,,,,,,,,,,,,,,,,,,,,,,,,,,,,,,,,,,,,,,0.32,,0.1,,,,,,,4.2,41175,5.35 Cr,137700,-93.44
UPL,,,,,,,,,,,,,,,,,,,VOLUME_OI,VolumeAndOISpikesScans_25AUG26_Report_5_8_2026 (1).xlsx,,580.7,,33739500,,,,,,,,,,,,,,,,,,,,,,,,,,,,,,,,,,,,,,,,,,,,,,,,,,-0.74,,0.86,,,,,,,-4.35,287260,16.68 Cr,818420,-93.45
GVT&D,,,,,,,,,,,,,,,,,,,VOLUME_OI,VolumeAndOISpikesScans_25AUG26_Report_5_8_2026 (1).xlsx,,"4,378.2",,2775875,,,,,,,,,,,,,,,,,,,,,,,,,,,,,,,,,,,,,,,,,,,,,,,,,,0.59,,0.12,,,,,,,25.8,3375,1.48 Cr,29500,-93.57
ASTRAL,,,,,,,,,,,,,,,,,,,VOLUME_OI,VolumeAndOISpikesScans_25AUG26_Report_5_8_2026 (1).xlsx,,"1,437.2",,7087725,,,,,,,,,,,,,,,,,,,,,,,,,,,,,,,,,,,,,,,,,,,,,,,,,,-0.08,,0.08,,,,,,,-1.1,5525,79.41 L,31450,-93.61
GRASIM,,,,,,,,,,,,,,,,,,,VOLUME_OI,VolumeAndOISpikesScans_25AUG26_Report_5_8_2026 (1).xlsx,,3161,,11893250,,,,,,,,,,,,,,,,,,,,,,,,,,,,,,,,,,,,,,,,,,,,,,,,,,0.83,,0,,,,,,,26,-250,-7.90 L,42750,-93.62
SAIL,,,,,,,,,,,,,,,,,,,VOLUME_OI,VolumeAndOISpikesScans_25AUG26_Report_5_8_2026 (1).xlsx,,175.06,,177096000,,,,,,,,,,,,,,,,,,,,,,,,,,,,,,,,,,,,,,,,,,,,,,,,,,0.29,,-0.15,,,,,,,0.5,-267900,-4.69 Cr,1607400,-93.62
WAAREEENER,,,,,,,,,,,,,,,,,,,VOLUME_OI,VolumeAndOISpikesScans_25AUG26_Report_5_8_2026 (1).xlsx,,"2,694.3",,7449925,,,,,,,,,,,,,,,,,,,,,,,,,,,,,,,,,,,,,,,,,,,,,,,,,,0.46,,-0.09,,,,,,,12.3,-6650,-1.79 Cr,35700,-93.66
PFC,,,,,,,,,,,,,,,,,,,VOLUME_OI,VolumeAndOISpikesScans_25AUG26_Report_5_8_2026 (1).xlsx,,420.3,,54830100,,,,,,,,,,,,,,,,,,,,,,,,,,,,,,,,,,,,,,,,,,,,,,,,,,0.17,,0.16,,,,,,,0.7,85800,3.61 Cr,401700,-93.71
COLPAL,,,,,,,,,,,,,,,,,,,VOLUME_OI,VolumeAndOISpikesScans_25AUG26_Report_5_8_2026 (1).xlsx,,"2,034.9",,5033875,,,,,,,,,,,,,,,,,,,,,,,,,,,,,,,,,,,,,,,,,,,,,,,,,,0.39,,0.14,,,,,,,7.9,7150,1.45 Cr,44550,-93.74
AUROPHARMA,,,,,,,,,,,,,,,,,,,VOLUME_OI,VolumeAndOISpikesScans_25AUG26_Report_5_8_2026 (1).xlsx,,"1,580.2",,10686500,,,,,,,,,,,,,,,,,,,,,,,,,,,,,,,,,,,,,,,,,,,,,,,,,,-0.53,,0.34,,,,,,,-8.4,35750,5.65 Cr,122100,-93.75
COCHINSHIP,,,,,,,,,,,,,,,,,,,VOLUME_OI,VolumeAndOISpikesScans_25AUG26_Report_5_8_2026 (1).xlsx,,1450,,5206800,,,,,,,,,,,,,,,,,,,,,,,,,,,,,,,,,,,,,,,,,,,,,,,,,,0.63,,-0.12,,,,,,,9.1,-6400,-92.80 L,48000,-93.8
HAL,,,,,,,,,,,,,,,,,,,VOLUME_OI,VolumeAndOISpikesScans_25AUG26_Report_5_8_2026 (1).xlsx,,"4,671.5",,5124300,,,,,,,,,,,,,,,,,,,,,,,,,,,,,,,,,,,,,,,,,,,,,,,,,,0.39,,0.09,,,,,,,18.2,4800,2.24 Cr,41250,-94.16
DRREDDY,,,,,,,,,,,,,,,,,,,VOLUME_OI,VolumeAndOISpikesScans_25AUG26_Report_5_8_2026 (1).xlsx,,"1,160.8",,13488125,,,,,,,,,,,,,,,,,,,,,,,,,,,,,,,,,,,,,,,,,,,,,,,,,,0.53,,0.02,,,,,,,6.1,2500,29.02 L,145000,-94.21
TATACONSUM,,,,,,,,,,,,,,,,,,,VOLUME_OI,VolumeAndOISpikesScans_25AUG26_Report_5_8_2026 (1).xlsx,,"1,092.7",,15672250,,,,,,,,,,,,,,,,,,,,,,,,,,,,,,,,,,,,,,,,,,,,,,,,,,0.31,,0.06,,,,,,,3.4,9900,1.08 Cr,68200,-94.27
CAMS,,,,,,,,,,,,,,,,,,,VOLUME_OI,VolumeAndOISpikesScans_25AUG26_Report_5_8_2026 (1).xlsx,,814.3,,7384575,,,,,,,,,,,,,,,,,,,,,,,,,,,,,,,,,,,,,,,,,,,,,,,,,,0.83,,-0.36,,,,,,,6.7,-26400,-2.15 Cr,191400,-94.57
COALINDIA,,,,,,,,,,,,,,,,,,,VOLUME_OI,VolumeAndOISpikesScans_25AUG26_Report_5_8_2026 (1).xlsx,,415.05,,74846700,,,,,,,,,,,,,,,,,,,,,,,,,,,,,,,,,,,,,,,,,,,,,,,,,,-0.26,,0.06,,,,,,,-1.1,48600,2.02 Cr,332100,-94.59
APLAPOLLO,,,,,,,,,,,,,,,,,,,VOLUME_OI,VolumeAndOISpikesScans_25AUG26_Report_5_8_2026 (1).xlsx,,1934,,5578300,,,,,,,,,,,,,,,,,,,,,,,,,,,,,,,,,,,,,,,,,,,,,,,,,,0.18,,-0.06,,,,,,,3.5,-3150,-60.92 L,32900,-94.81
JSWENERGY,,,,,,,,,,,,,,,,,,,VOLUME_OI,VolumeAndOISpikesScans_25AUG26_Report_5_8_2026 (1).xlsx,,570.3,,24431525,,,,,,,,,,,,,,,,,,,,,,,,,,,,,,,,,,,,,,,,,,,,,,,,,,0.15,,-0.07,,,,,,,0.85,-17200,-98.09 L,69875,-94.93
DIVISLAB,,,,,,,,,,,,,,,,,,,VOLUME_OI,VolumeAndOISpikesScans_25AUG26_Report_5_8_2026 (1).xlsx,,"8,407.5",,3556800,,,,,,,,,,,,,,,,,,,,,,,,,,,,,,,,,,,,,,,,,,,,,,,,,,-0.33,,0.41,,,,,,,-27.5,14600,12.27 Cr,36500,-94.98
KPITTECH,,,,,,,,,,,,,,,,,,,VOLUME_OI,VolumeAndOISpikesScans_25AUG26_Report_5_8_2026 (1).xlsx,,622.8,,12599950,,,,,,,,,,,,,,,,,,,,,,,,,,,,,,,,,,,,,,,,,,,,,,,,,,0.14,,-0.12,,,,,,,0.85,-15500,-96.53 L,121675,-95.07
LTM,,,,,,,,,,,,,,,,,,,VOLUME_OI,VolumeAndOISpikesScans_25AUG26_Report_5_8_2026 (1).xlsx,,"4,571.6",,2326800,,,,,,,,,,,,,,,,,,,,,,,,,,,,,,,,,,,,,,,,,,,,,,,,,,0.52,,0.12,,,,,,,23.7,2700,1.23 Cr,20550,-95.22
MFSL,,,,,,,,,,,,,,,,,,,VOLUME_OI,VolumeAndOISpikesScans_25AUG26_Report_5_8_2026 (1).xlsx,,1525,,9446000,,,,,,,,,,,,,,,,,,,,,,,,,,,,,,,,,,,,,,,,,,,,,,,,,,1.25,,0.13,,,,,,,18.8,12000,1.83 Cr,57600,-95.42
TECHM,,,,,,,,,,,,,,,,,,,VOLUME_OI,VolumeAndOISpikesScans_25AUG26_Report_5_8_2026 (1).xlsx,,"1,655.9",,17121000,,,,,,,,,,,,,,,,,,,,,,,,,,,,,,,,,,,,,,,,,,,,,,,,,,0.24,,-0.07,,,,,,,4,-12000,-1.99 Cr,84000,-95.65
IREDA,,,,,,,,,,,,,,,,,,,VOLUME_OI,VolumeAndOISpikesScans_25AUG26_Report_5_8_2026 (1).xlsx,,116.67,,78051725,,,,,,,,,,,,,,,,,,,,,,,,,,,,,,,,,,,,,,,,,,,,,,,,,,0.33,,0.69,,,,,,,0.38,538475,6.28 Cr,1334875,-95.81
AMBER,,,,,,,,,,,,,,,,,,,VOLUME_OI,VolumeAndOISpikesScans_25AUG26_Report_5_8_2026 (1).xlsx,,7440,,1233600,,,,,,,,,,,,,,,,,,,,,,,,,,,,,,,,,,,,,,,,,,,,,,,,,,0.6,,-0.25,,,,,,,44.5,-3100,-2.31 Cr,12100,-95.9
KEI,,,,,,,,,,,,,,,,,,,VOLUME_OI,VolumeAndOISpikesScans_25AUG26_Report_5_8_2026 (1).xlsx,,"5,520.3",,1714825,,,,,,,,,,,,,,,,,,,,,,,,,,,,,,,,,,,,,,,,,,,,,,,,,,-0.02,,-0.39,,,,,,,-1.2,-6650,-3.67 Cr,110075,-96.26
HAVELLS,,,,,,,,,,,,,,,,,,,VOLUME_OI,VolumeAndOISpikesScans_25AUG26_Report_5_8_2026 (1).xlsx,,"1,289.1",,8953000,,,,,,,,,,,,,,,,,,,,,,,,,,,,,,,,,,,,,,,,,,,,,,,,,,0.12,,-0.03,,,,,,,1.6,-2500,-32.23 L,49500,-96.27
CDSL,,,,,,,,,,,,,,,,,,,VOLUME_OI,VolumeAndOISpikesScans_25AUG26_Report_5_8_2026 (1).xlsx,,"1,345.8",,10421025,,,,,,,,,,,,,,,,,,,,,,,,,,,,,,,,,,,,,,,,,,,,,,,,,,0.45,,0.29,,,,,,,6,29925,4.03 Cr,76000,-96.38
ABB,,,,,,,,,,,,,,,,,,,VOLUME_OI,VolumeAndOISpikesScans_25AUG26_Report_5_8_2026 (1).xlsx,,7756,,2160000,,,,,,,,,,,,,,,,,,,,,,,,,,,,,,,,,,,,,,,,,,,,,,,,,,0.81,,0.03,,,,,,,62.5,625,48.48 L,30500,-96.39
PATANJALI,,,,,,,,,,,,,,,,,,,VOLUME_OI,VolumeAndOISpikesScans_25AUG26_Report_5_8_2026 (1).xlsx,,359.5,,34116200,,,,,,,,,,,,,,,,,,,,,,,,,,,,,,,,,,,,,,,,,,,,,,,,,,-0.04,,0.12,,,,,,,-0.15,41925,1.51 Cr,246175,-96.46
LICI,,,,,,,,,,,,,,,,,,,VOLUME_OI,VolumeAndOISpikesScans_25AUG26_Report_5_8_2026 (1).xlsx,,394.8,,64932000,,,,,,,,,,,,,,,,,,,,,,,,,,,,,,,,,,,,,,,,,,,,,,,,,,1.15,,-1.96,,,,,,,4.5,-1296400,-51.18 Cr,2752400,-96.8
GODFRYPHLP,,,,,,,,,,,,,,,,,,,VOLUME_OI,VolumeAndOISpikesScans_25AUG26_Report_5_8_2026 (1).xlsx,,"2,303.5",,1840025,,,,,,,,,,,,,,,,,,,,,,,,,,,,,,,,,,,,,,,,,,,,,,,,,,-1.21,,-0.54,,,,,,,-28.2,-9900,-2.28 Cr,47300,-96.87
UNITDSPR,,,,,,,,,,,,,,,,,,,VOLUME_OI,VolumeAndOISpikesScans_25AUG26_Report_5_8_2026 (1).xlsx,,"1,528.2",,7652400,,,,,,,,,,,,,,,,,,,,,,,,,,,,,,,,,,,,,,,,,,,,,,,,,,-0.48,,0.05,,,,,,,-7.4,3600,55.02 L,29600,-97.45
PREMIERENE,,,,,,,,,,,,,,,,,,,VOLUME_OI,VolumeAndOISpikesScans_25AUG26_Report_5_8_2026 (1).xlsx,,1039,,7293000,,,,,,,,,,,,,,,,,,,,,,,,,,,,,,,,,,,,,,,,,,,,,,,,,,-0.56,,0.05,,,,,,,-5.9,3900,40.52 L,27950,-97.5
CROMPTON,,,,,,,,,,,,,,,,,,,VOLUME_OI,VolumeAndOISpikesScans_25AUG26_Report_5_8_2026 (1).xlsx,,268.3,,60075300,,,,,,,,,,,,,,,,,,,,,,,,,,,,,,,,,,,,,,,,,,,,,,,,,,0.75,,0.04,,,,,,,2,21500,57.68 L,169850,-97.72
BANKEX,,,,,,,,,,,,,,,,,,,VOLUME_OI,VolumeAndOISpikesScans_25AUG26_Report_5_8_2026 (1).xlsx,,-,,-,,,,,,,,,,,,,,,,,,,,,,,,,,,,,,,,,,,,,,,,,,,,,,,,,,-,,-,,,,,,,-,-,-,-,
FOCIT,,,,,,,,,,,,,,,,,,,VOLUME_OI,VolumeAndOISpikesScans_25AUG26_Report_5_8_2026 (1).xlsx,,-,,-,,,,,,,,,,,,,,,,,,,,,,,,,,,,,,,,,,,,,,,,,,,,,,,,,,-,,-,,,,,,,-,-,-,-,
ICICIGI,,,,,,,,,,,,,,,,,,,VOLUME_OI,VolumeAndOISpikesScans_25AUG26_Report_5_8_2026 (2).xlsx,,"1,691.8",,5144100,,,,,,,,,,,,,,,,,,,,,,,,,,,,,,,,,,,,,,,,,,,,,,,,,,3.25,,3.07,,,,,,,53.3,153400,25.95 Cr,922350,281.97
BHARTIARTL,,,,,,,,,,,,,,,,,,,VOLUME_OI,VolumeAndOISpikesScans_25AUG26_Report_5_8_2026 (2).xlsx,,"1,966.8",,55092875,,,,,,,,,,,,,,,,,,,,,,,,,,,,,,,,,,,,,,,,,,,,,,,,,,0.13,,1.08,,,,,,,2.5,590425,116.12 Cr,3340200,71.39
NYKAA,,,,,,,,,,,,,,,,,,,VOLUME_OI,VolumeAndOISpikesScans_25AUG26_Report_5_8_2026 (2).xlsx,,332.95,,50496875,,,,,,,,,,,,,,,,,,,,,,,,,,,,,,,,,,,,,,,,,,,,,,,,,,-1.48,,9.88,,,,,,,-5,4540625,151.18 Cr,12753125,69.9
MCX,,,,,,,,,,,,,,,,,,,VOLUME_OI,VolumeAndOISpikesScans_25AUG26_Report_5_8_2026 (2).xlsx,,"2,606.2",,8459325,,,,,,,,,,,,,,,,,,,,,,,,,,,,,,,,,,,,,,,,,,,,,,,,,,-2.6,,11.55,,,,,,,-69.6,875700,228.22 Cr,2218500,45.97
HINDPETRO,,,,,,,,,,,,,,,,,,,VOLUME_OI,VolumeAndOISpikesScans_25AUG26_Report_5_8_2026 (2).xlsx,,398.45,,44626950,,,,,,,,,,,,,,,,,,,,,,,,,,,,,,,,,,,,,,,,,,,,,,,,,,1.27,,0.02,,,,,,,5,8100,32.27 L,1956150,-7.29
UNIONBANK,,,,,,,,,,,,,,,,,,,VOLUME_OI,VolumeAndOISpikesScans_25AUG26_Report_5_8_2026 (2).xlsx,,178.37,,118660800,,,,,,,,,,,,,,,,,,,,,,,,,,,,,,,,,,,,,,,,,,,,,,,,,,2.37,,0.48,,,,,,,4.13,570825,10.18 Cr,5513550,-14.95
ONGC,,,,,,,,,,,,,,,,,,,VOLUME_OI,VolumeAndOISpikesScans_25AUG26_Report_5_8_2026 (2).xlsx,,241.05,,55977750,,,,,,,,,,,,,,,,,,,,,,,,,,,,,,,,,,,,,,,,,,,,,,,,,,-0.33,,2.69,,,,,,,-0.81,1467000,35.36 Cr,4952250,-17.81
BANKINDIA,,,,,,,,,,,,,,,,,,,VOLUME_OI,VolumeAndOISpikesScans_25AUG26_Report_5_8_2026 (2).xlsx,,142.79,,94364400,,,,,,,,,,,,,,,,,,,,,,,,,,,,,,,,,,,,,,,,,,,,,,,,,,1.82,,-1.87,,,,,,,2.55,-1794000,-25.62 Cr,4191200,-20.9
OIL,,,,,,,,,,,,,,,,,,,VOLUME_OI,VolumeAndOISpikesScans_25AUG26_Report_5_8_2026 (2).xlsx,,441,,15932000,,,,,,,,,,,,,,,,,,,,,,,,,,,,,,,,,,,,,,,,,,,,,,,,,,-2.18,,0.9,,,,,,,-9.85,142800,6.30 Cr,665000,-23.01
BOSCHLTD,,,,,,,,,,,,,,,,,,,VOLUME_OI,VolumeAndOISpikesScans_25AUG26_Report_5_8_2026 (2).xlsx,,42500,,208350,,,,,,,,,,,,,,,,,,,,,,,,,,,,,,,,,,,,,,,,,,,,,,,,,,2.53,,0.45,,,,,,,1050,925,3.93 Cr,15950,-31.76
INDIGO,,,,,,,,,,,,,,,,,,,VOLUME_OI,VolumeAndOISpikesScans_25AUG26_Report_5_8_2026 (2).xlsx,,"5,455.5",,5633250,,,,,,,,,,,,,,,,,,,,,,,,,,,,,,,,,,,,,,,,,,,,,,,,,,2.16,,0.45,,,,,,,115.5,25200,13.75 Cr,364350,-32.57
NHPC,,,,,,,,,,,,,,,,,,,VOLUME_OI,VolumeAndOISpikesScans_25AUG26_Report_5_8_2026 (2).xlsx,,81,,118400200,,,,,,,,,,,,,,,,,,,,,,,,,,,,,,,,,,,,,,,,,,,,,,,,,,0.53,,-0.42,,,,,,,0.43,-493450,-4.00 Cr,8889050,-33.97
BSE,,,,,,,,,,,,,,,,,,,VOLUME_OI,VolumeAndOISpikesScans_25AUG26_Report_5_8_2026 (2).xlsx,,"3,590.6",,9091200,,,,,,,,,,,,,,,,,,,,,,,,,,,,,,,,,,,,,,,,,,,,,,,,,,-0.4,,7.09,,,,,,,-14.6,601800,216.08 Cr,1408200,-39.12
PNBHOUSING,,,,,,,,,,,,,,,,,,,VOLUME_OI,VolumeAndOISpikesScans_25AUG26_Report_5_8_2026 (2).xlsx,,"1,131.5",,7831850,,,,,,,,,,,,,,,,,,,,,,,,,,,,,,,,,,,,,,,,,,,,,,,,,,4.36,,1.18,,,,,,,47.3,91650,10.37 Cr,2629250,-39.13
IOC,,,,,,,,,,,,,,,,,,,VOLUME_OI,VolumeAndOISpikesScans_25AUG26_Report_5_8_2026 (2).xlsx,,143,,150262125,,,,,,,,,,,,,,,,,,,,,,,,,,,,,,,,,,,,,,,,,,,,,,,,,,1.6,,0.36,,,,,,,2.25,536250,7.67 Cr,4728750,-39.53
MAZDOCK,,,,,,,,,,,,,,,,,,,VOLUME_OI,VolumeAndOISpikesScans_25AUG26_Report_5_8_2026 (2).xlsx,,"2,419.1",,4978125,,,,,,,,,,,,,,,,,,,,,,,,,,,,,,,,,,,,,,,,,,,,,,,,,,1.34,,-1.17,,,,,,,32,-59175,-14.32 Cr,222975,-40.27
AMBUJACEM,,,,,,,,,,,,,,,,,,,VOLUME_OI,VolumeAndOISpikesScans_25AUG26_Report_5_8_2026 (2).xlsx,,445.85,,79954800,,,,,,,,,,,,,,,,,,,,,,,,,,,,,,,,,,,,,,,,,,,,,,,,,,1.34,,0.22,,,,,,,5.9,175200,7.81 Cr,1244400,-41.28
INDIANB,,,,,,,,,,,,,,,,,,,VOLUME_OI,VolumeAndOISpikesScans_25AUG26_Report_5_8_2026 (2).xlsx,,866.45,,12076000,,,,,,,,,,,,,,,,,,,,,,,,,,,,,,,,,,,,,,,,,,,,,,,,,,2.48,,-0.07,,,,,,,20.95,-8000,-69.32 L,753000,-41.72
BAJAJHLDNG,,,,,,,,,,,,,,,,,,,VOLUME_OI,VolumeAndOISpikesScans_25AUG26_Report_5_8_2026 (2).xlsx,,11576,,357825,,,,,,,,,,,,,,,,,,,,,,,,,,,,,,,,,,,,,,,,,,,,,,,,,,2.06,,0.57,,,,,,,234,2025,2.34 Cr,19500,-42.09
JUBLFOOD,,,,,,,,,,,,,,,,,,,VOLUME_OI,VolumeAndOISpikesScans_25AUG26_Report_5_8_2026 (2).xlsx,,478.85,,16356250,,,,,,,,,,,,,,,,,,,,,,,,,,,,,,,,,,,,,,,,,,,,,,,,,,2.58,,-0.21,,,,,,,12.05,-35000,-1.68 Cr,1337500,-42.63
PNB,,,,,,,,,,,,,,,,,,,VOLUME_OI,VolumeAndOISpikesScans_25AUG26_Report_5_8_2026 (2).xlsx,,114.95,,288592000,,,,,,,,,,,,,,,,,,,,,,,,,,,,,,,,,,,,,,,,,,,,,,,,,,0.82,,0.07,,,,,,,0.93,200000,2.30 Cr,6336000,-43.55
BHARATFORG,,,,,,,,,,,,,,,,,,,VOLUME_OI,VolumeAndOISpikesScans_25AUG26_Report_5_8_2026 (2).xlsx,,2224,,7809000,,,,,,,,,,,,,,,,,,,,,,,,,,,,,,,,,,,,,,,,,,,,,,,,,,1.32,,0.3,,,,,,,29,23500,5.23 Cr,431000,-48.51
MANAPPURAM,,,,,,,,,,,,,,,,,,,VOLUME_OI,VolumeAndOISpikesScans_25AUG26_Report_5_8_2026 (2).xlsx,,365.05,,63369000,,,,,,,,,,,,,,,,,,,,,,,,,,,,,,,,,,,,,,,,,,,,,,,,,,1.8,,-0.28,,,,,,,6.45,-180000,-6.57 Cr,4665000,-52.78
BANKBARODA,,,,,,,,,,,,,,,,,,,VOLUME_OI,VolumeAndOISpikesScans_25AUG26_Report_5_8_2026 (2).xlsx,,250.24,,130150800,,,,,,,,,,,,,,,,,,,,,,,,,,,,,,,,,,,,,,,,,,,,,,,,,,1.46,,-0.19,,,,,,,3.6,-242775,-6.08 Cr,3700125,-52.89
MARICO,,,,,,,,,,,,,,,,,,,VOLUME_OI,VolumeAndOISpikesScans_25AUG26_Report_5_8_2026 (2).xlsx,,861.95,,17360400,,,,,,,,,,,,,,,,,,,,,,,,,,,,,,,,,,,,,,,,,,,,,,,,,,-1.45,,8.86,,,,,,,-12.65,1412400,121.74 Cr,4092000,-53.21
LT,,,,,,,,,,,,,,,,,,,VOLUME_OI,VolumeAndOISpikesScans_25AUG26_Report_5_8_2026 (2).xlsx,,"4,080.8",,11363275,,,,,,,,,,,,,,,,,,,,,,,,,,,,,,,,,,,,,,,,,,,,,,,,,,1.49,,-0.61,,,,,,,59.8,-70175,-28.64 Cr,591150,-54.5
LODHA,,,,,,,,,,,,,,,,,,,VOLUME_OI,VolumeAndOISpikesScans_25AUG26_Report_5_8_2026 (2).xlsx,,"1,243.5",,11576875,,,,,,,,,,,,,,,,,,,,,,,,,,,,,,,,,,,,,,,,,,,,,,,,,,1.56,,-0.5,,,,,,,19.1,-58125,-7.23 Cr,580625,-57.48
MUTHOOTFIN,,,,,,,,,,,,,,,,,,,VOLUME_OI,VolumeAndOISpikesScans_25AUG26_Report_5_8_2026 (2).xlsx,,"2,945.2",,6793325,,,,,,,,,,,,,,,,,,,,,,,,,,,,,,,,,,,,,,,,,,,,,,,,,,1.88,,-1,,,,,,,54.4,-68750,-20.25 Cr,609400,-58.7
NBCC,,,,,,,,,,,,,,,,,,,VOLUME_OI,VolumeAndOISpikesScans_25AUG26_Report_5_8_2026 (2).xlsx,,95.75,,99326500,,,,,,,,,,,,,,,,,,,,,,,,,,,,,,,,,,,,,,,,,,,,,,,,,,1.06,,-0.09,,,,,,,1,-91000,-87.13 L,1293500,-59.47
TMPV,,,,,,,,,,,,,,,,,,,VOLUME_OI,VolumeAndOISpikesScans_25AUG26_Report_5_8_2026 (2).xlsx,,351.45,,74390400,,,,,,,,,,,,,,,,,,,,,,,,,,,,,,,,,,,,,,,,,,,,,,,,,,1.59,,-0.4,,,,,,,5.5,-302400,-10.63 Cr,2852800,-59.78
CHOLAFIN,,,,,,,,,,,,,,,,,,,VOLUME_OI,VolumeAndOISpikesScans_25AUG26_Report_5_8_2026 (2).xlsx,,"1,888.3",,13053750,,,,,,,,,,,,,,,,,,,,,,,,,,,,,,,,,,,,,,,,,,,,,,,,,,1.09,,1.25,,,,,,,20.3,160625,30.33 Cr,441250,-61.32
KALYANKJIL,,,,,,,,,,,,,,,,,,,VOLUME_OI,VolumeAndOISpikesScans_25AUG26_Report_5_8_2026 (2).xlsx,,584.4,,23052600,,,,,,,,,,,,,,,,,,,,,,,,,,,,,,,,,,,,,,,,,,,,,,,,,,-1.51,,-0.13,,,,,,,-8.95,-31050,-1.81 Cr,4822200,-62.14
BANKNIFTY,,,,,,,,,,,,,,,,,,,VOLUME_OI,VolumeAndOISpikesScans_25AUG26_Report_5_8_2026 (2).xlsx,,58100,,2123280,,,,,,,,,,,,,,,,,,,,,,,,,,,,,,,,,,,,,,,,,,,,,,,,,,0.66,,-1.15,,,,,,,383.6,-24630,-143.10 Cr,173760,-62.34
ASHOKLEY,,,,,,,,,,,,,,,,,,,VOLUME_OI,VolumeAndOISpikesScans_25AUG26_Report_5_8_2026 (2).xlsx,,177.33,,143570000,,,,,,,,,,,,,,,,,,,,,,,,,,,,,,,,,,,,,,,,,,,,,,,,,,2.34,,0.91,,,,,,,4.05,1295000,22.96 Cr,5930000,-63.75
PGEL,,,,,,,,,,,,,,,,,,,VOLUME_OI,VolumeAndOISpikesScans_25AUG26_Report_5_8_2026 (2).xlsx,,629,,10999100,,,,,,,,,,,,,,,,,,,,,,,,,,,,,,,,,,,,,,,,,,,,,,,,,,1.97,,0.55,,,,,,,12.15,59850,3.76 Cr,779000,-63.81
CANBK,,,,,,,,,,,,,,,,,,,VOLUME_OI,VolumeAndOISpikesScans_25AUG26_Report_5_8_2026 (2).xlsx,,130.14,,384594750,,,,,,,,,,,,,,,,,,,,,,,,,,,,,,,,,,,,,,,,,,,,,,,,,,1.7,,-0.02,,,,,,,2.17,-67500,-87.84 L,9834750,-64.67
OBEROIRLTY,,,,,,,,,,,,,,,,,,,VOLUME_OI,VolumeAndOISpikesScans_25AUG26_Report_5_8_2026 (2).xlsx,,"1,813.5",,5441450,,,,,,,,,,,,,,,,,,,,,,,,,,,,,,,,,,,,,,,,,,,,,,,,,,1.3,,-0.11,,,,,,,23.3,-5950,-1.08 Cr,216300,-65.05
ALKEM,,,,,,,,,,,,,,,,,,,VOLUME_OI,VolumeAndOISpikesScans_25AUG26_Report_5_8_2026 (2).xlsx,,5618,,1399750,,,,,,,,,,,,,,,,,,,,,,,,,,,,,,,,,,,,,,,,,,,,,,,,,,-1.09,,0.13,,,,,,,-62,1875,1.05 Cr,24500,-65.25
SHRIRAMFIN,,,,,,,,,,,,,,,,,,,VOLUME_OI,VolumeAndOISpikesScans_25AUG26_Report_5_8_2026 (2).xlsx,,"1,099.5",,26648325,,,,,,,,,,,,,,,,,,,,,,,,,,,,,,,,,,,,,,,,,,,,,,,,,,1.61,,1.23,,,,,,,17.4,324225,35.65 Cr,1212750,-66.01
M&M,,,,,,,,,,,,,,,,,,,VOLUME_OI,VolumeAndOISpikesScans_25AUG26_Report_5_8_2026 (2).xlsx,,3480,,12241600,,,,,,,,,,,,,,,,,,,,,,,,,,,,,,,,,,,,,,,,,,,,,,,,,,1.67,,0.57,,,,,,,57.3,69600,24.22 Cr,412600,-66.27
ABCAPITAL,,,,,,,,,,,,,,,,,,,VOLUME_OI,VolumeAndOISpikesScans_25AUG26_Report_5_8_2026 (2).xlsx,,425.1,,37317800,,,,,,,,,,,,,,,,,,,,,,,,,,,,,,,,,,,,,,,,,,,,,,,,,,1.58,,0.41,,,,,,,6.6,151900,6.46 Cr,1618200,-66.39
HDFCBANK,,,,,,,,,,,,,,,,,,,VOLUME_OI,VolumeAndOISpikesScans_25AUG26_Report_5_8_2026 (2).xlsx,,742.7,,303572750,,,,,,,,,,,,,,,,,,,,,,,,,,,,,,,,,,,,,,,,,,,,,,,,,,-0.13,,1.14,,,,,,,-1,3427450,254.56 Cr,6018350,-67.67
SENSEX,,,,,,,,,,,,,,,,,,,VOLUME_OI,VolumeAndOISpikesScans_25AUG26_Report_5_8_2026 (2).xlsx,,"79,075.8",,36120,,,,,,,,,,,,,,,,,,,,,,,,,,,,,,,,,,,,,,,,,,,,,,,,,,0.55,,1.12,,,,,,,430.8,400,3.16 Cr,5300,-68.86
BHEL,,,,,,,,,,,,,,,,,,,VOLUME_OI,VolumeAndOISpikesScans_25AUG26_Report_5_8_2026 (2).xlsx,,414.7,,80430000,,,,,,,,,,,,,,,,,,,,,,,,,,,,,,,,,,,,,,,,,,,,,,,,,,1.07,,-0.02,,,,,,,4.4,-18375,-76.20 L,1459500,-69.37
LTF,,,,,,,,,,,,,,,,,,,VOLUME_OI,VolumeAndOISpikesScans_25AUG26_Report_5_8_2026 (2).xlsx,,324.3,,45765000,,,,,,,,,,,,,,,,,,,,,,,,,,,,,,,,,,,,,,,,,,,,,,,,,,1.01,,0.21,,,,,,,3.25,96750,3.14 Cr,1818000,-69.81
ADANIENT,,,,,,,,,,,,,,,,,,,VOLUME_OI,VolumeAndOISpikesScans_25AUG26_Report_5_8_2026 (2).xlsx,,"3,087.3",,15735207,,,,,,,,,,,,,,,,,,,,,,,,,,,,,,,,,,,,,,,,,,,,,,,,,,1.42,,-0.75,,,,,,,43.2,-119583,-36.92 Cr,287370,-71.18
YESBANK,,,,,,,,,,,,,,,,,,,VOLUME_OI,VolumeAndOISpikesScans_25AUG26_Report_5_8_2026 (2).xlsx,,23.08,,1171816900,,,,,,,,,,,,,,,,,,,,,,,,,,,,,,,,,,,,,,,,,,,,,,,,,,0.74,,-0.01,,,,,,,0.17,-62200,-14.36 L,13217500,-71.26
GLENMARK,,,,,,,,,,,,,,,,,,,VOLUME_OI,VolumeAndOISpikesScans_25AUG26_Report_5_8_2026 (2).xlsx,,"2,217.4",,11740125,,,,,,,,,,,,,,,,,,,,,,,,,,,,,,,,,,,,,,,,,,,,,,,,,,-0.42,,0.48,,,,,,,-9.4,56250,12.47 Cr,179625,-71.51
APOLLOHOSP,,,,,,,,,,,,,,,,,,,VOLUME_OI,VolumeAndOISpikesScans_25AUG26_Report_5_8_2026 (2).xlsx,,"8,867.5",,1957375,,,,,,,,,,,,,,,,,,,,,,,,,,,,,,,,,,,,,,,,,,,,,,,,,,-0.21,,0.9,,,,,,,-18.5,17375,15.41 Cr,44750,-72.01
CONCOR,,,,,,,,,,,,,,,,,,,VOLUME_OI,VolumeAndOISpikesScans_25AUG26_Report_5_8_2026 (2).xlsx,,523.9,,21495000,,,,,,,,,,,,,,,,,,,,,,,,,,,,,,,,,,,,,,,,,,,,,,,,,,1.02,,0.02,,,,,,,5.3,3750,19.65 L,392500,-72.19
TVSMOTOR,,,,,,,,,,,,,,,,,,,VOLUME_OI,VolumeAndOISpikesScans_25AUG26_Report_5_8_2026 (2).xlsx,,"4,427.9",,9013550,,,,,,,,,,,,,,,,,,,,,,,,,,,,,,,,,,,,,,,,,,,,,,,,,,1.33,,0.95,,,,,,,58,85225,37.74 Cr,215250,-72.75
HINDZINC,,,,,,,,,,,,,,,,,,,VOLUME_OI,VolumeAndOISpikesScans_25AUG26_Report_5_8_2026 (2).xlsx,,571.3,,29538425,,,,,,,,,,,,,,,,,,,,,,,,,,,,,,,,,,,,,,,,,,,,,,,,,,1.29,,0.72,,,,,,,7.3,211925,12.11 Cr,1313200,-72.81
SBIN,,,,,,,,,,,,,,,,,,,VOLUME_OI,VolumeAndOISpikesScans_25AUG26_Report_5_8_2026 (2).xlsx,,"1,050.7",,82684500,,,,,,,,,,,,,,,,,,,,,,,,,,,,,,,,,,,,,,,,,,,,,,,,,,0.96,,0.31,,,,,,,10,252000,26.48 Cr,1815000,-73.38
ANGELONE,,,,,,,,,,,,,,,,,,,VOLUME_OI,VolumeAndOISpikesScans_25AUG26_Report_5_8_2026 (2).xlsx,,299.15,,28530000,,,,,,,,,,,,,,,,,,,,,,,,,,,,,,,,,,,,,,,,,,,,,,,,,,-0.4,,1.55,,,,,,,-1.2,435000,13.01 Cr,1252500,-73.56
INDUSINDBK,,,,,,,,,,,,,,,,,,,VOLUME_OI,VolumeAndOISpikesScans_25AUG26_Report_5_8_2026 (2).xlsx,,1035,,33537000,,,,,,,,,,,,,,,,,,,,,,,,,,,,,,,,,,,,,,,,,,,,,,,,,,1.37,,-0.09,,,,,,,14,-30100,-3.12 Cr,332500,-73.9
MIDCPNIFTY,,,,,,,,,,,,,,,,,,,VOLUME_OI,VolumeAndOISpikesScans_25AUG26_Report_5_8_2026 (2).xlsx,,14969.05,,1881960,,,,,,,,,,,,,,,,,,,,,,,,,,,,,,,,,,,,,,,,,,,,,,,,,,0.76,,-0.13,,,,,,,112.3,-2400,-3.59 Cr,48360,-74.35
NTPC,,,,,,,,,,,,,,,,,,,VOLUME_OI,VolumeAndOISpikesScans_25AUG26_Report_5_8_2026 (2).xlsx,,347.75,,98404500,,,,,,,,,,,,,,,,,,,,,,,,,,,,,,,,,,,,,,,,,,,,,,,,,,1.1,,-0.09,,,,,,,3.8,-88500,-3.08 Cr,933000,-74.35
GODREJPROP,,,,,,,,,,,,,,,,,,,VOLUME_OI,VolumeAndOISpikesScans_25AUG26_Report_5_8_2026 (2).xlsx,,"2,117.9",,7855575,,,,,,,,,,,,,,,,,,,,,,,,,,,,,,,,,,,,,,,,,,,,,,,,,,3.89,,-0.24,,,,,,,79.3,-19175,-4.06 Cr,713050,-74.68
ASIANPAINT,,,,,,,,,,,,,,,,,,,VOLUME_OI,VolumeAndOISpikesScans_25AUG26_Report_5_8_2026 (2).xlsx,,2769,,7461250,,,,,,,,,,,,,,,,,,,,,,,,,,,,,,,,,,,,,,,,,,,,,,,,,,0.79,,0.69,,,,,,,21.7,51250,14.19 Cr,187000,-75.82
LAURUSLABS,,,,,,,,,,,,,,,,,,,VOLUME_OI,VolumeAndOISpikesScans_25AUG26_Report_5_8_2026 (2).xlsx,,"1,849.9",,16919250,,,,,,,,,,,,,,,,,,,,,,,,,,,,,,,,,,,,,,,,,,,,,,,,,,0.83,,0.97,,,,,,,15.2,162350,30.03 Cr,517650,-75.89
BAJFINANCE,,,,,,,,,,,,,,,,,,,VOLUME_OI,VolumeAndOISpikesScans_25AUG26_Report_5_8_2026 (2).xlsx,,"1,157.5",,54054000,,,,,,,,,,,,,,,,,,,,,,,,,,,,,,,,,,,,,,,,,,,,,,,,,,1.1,,0.41,,,,,,,12.6,218250,25.26 Cr,1264500,-75.93
ZYDUSLIFE,,,,,,,,,,,,,,,,,,,VOLUME_OI,VolumeAndOISpikesScans_25AUG26_Report_5_8_2026 (2).xlsx,,"1,113.2",,10035000,,,,,,,,,,,,,,,,,,,,,,,,,,,,,,,,,,,,,,,,,,,,,,,,,,-0.56,,0.41,,,,,,,-6.3,41400,4.61 Cr,207000,-76.31
BPCL,,,,,,,,,,,,,,,,,,,VOLUME_OI,VolumeAndOISpikesScans_25AUG26_Report_5_8_2026 (2).xlsx,,327.05,,39693550,,,,,,,,,,,,,,,,,,,,,,,,,,,,,,,,,,,,,,,,,,,,,,,,,,1.63,,0.28,,,,,,,5.25,110600,3.62 Cr,1200800,-76.33
FORCEMOT,,,,,,,,,,,,,,,,,,,VOLUME_OI,VolumeAndOISpikesScans_25AUG26_Report_5_8_2026 (2).xlsx,,18631,,248450,,,,,,,,,,,,,,,,,,,,,,,,,,,,,,,,,,,,,,,,,,,,,,,,,,1.04,,-0.46,,,,,,,192,-1150,-2.14 Cr,10225,-76.8
DLF,,,,,,,,,,,,,,,,,,,VOLUME_OI,VolumeAndOISpikesScans_25AUG26_Report_5_8_2026 (2).xlsx,,663.25,,46981300,,,,,,,,,,,,,,,,,,,,,,,,,,,,,,,,,,,,,,,,,,,,,,,,,,2.2,,0.5,,,,,,,14.25,234650,15.56 Cr,2036800,-77.33
INOXWIND,,,,,,,,,,,,,,,,,,,VOLUME_OI,VolumeAndOISpikesScans_25AUG26_Report_5_8_2026 (2).xlsx,,80.2,,105612800,,,,,,,,,,,,,,,,,,,,,,,,,,,,,,,,,,,,,,,,,,,,,,,,,,0.86,,-0.15,,,,,,,0.68,-153600,-1.23 Cr,1600000,-78.22
TRENT,,,,,,,,,,,,,,,,,,,VOLUME_OI,VolumeAndOISpikesScans_25AUG26_Report_5_8_2026 (2).xlsx,,"3,136.4",,10532700,,,,,,,,,,,,,,,,,,,,,,,,,,,,,,,,,,,,,,,,,,,,,,,,,,1.8,,-0.06,,,,,,,55.6,-6525,-2.05 Cr,168750,-78.22
LUPIN,,,,,,,,,,,,,,,,,,,VOLUME_OI,VolumeAndOISpikesScans_25AUG26_Report_5_8_2026 (2).xlsx,,2378,,6459575,,,,,,,,,,,,,,,,,,,,,,,,,,,,,,,,,,,,,,,,,,,,,,,,,,-0.73,,0.48,,,,,,,-17.5,31025,7.38 Cr,118575,-78.25
BDL,,,,,,,,,,,,,,,,,,,VOLUME_OI,VolumeAndOISpikesScans_25AUG26_Report_5_8_2026 (2).xlsx,,"1,268.1",,7140000,,,,,,,,,,,,,,,,,,,,,,,,,,,,,,,,,,,,,,,,,,,,,,,,,,1.05,,-0.73,,,,,,,13.2,-52275,-6.63 Cr,185725,-78.65
TIINDIA,,,,,,,,,,,,,,,,,,,VOLUME_OI,VolumeAndOISpikesScans_25AUG26_Report_5_8_2026 (2).xlsx,,"2,809.7",,2243200,,,,,,,,,,,,,,,,,,,,,,,,,,,,,,,,,,,,,,,,,,,,,,,,,,2.22,,-0.64,,,,,,,60.9,-14400,-4.05 Cr,57600,-78.71
POLYCAB,,,,,,,,,,,,,,,,,,,VOLUME_OI,VolumeAndOISpikesScans_25AUG26_Report_5_8_2026 (2).xlsx,,9314,,2270500,,,,,,,,,,,,,,,,,,,,,,,,,,,,,,,,,,,,,,,,,,,,,,,,,,1.15,,-0.14,,,,,,,106,-3250,-3.03 Cr,93375,-78.85
MPHASIS,,,,,,,,,,,,,,,,,,,VOLUME_OI,VolumeAndOISpikesScans_25AUG26_Report_5_8_2026 (2).xlsx,,"2,410.1",,3892075,,,,,,,,,,,,,,,,,,,,,,,,,,,,,,,,,,,,,,,,,,,,,,,,,,0.82,,0.26,,,,,,,19.7,9900,2.39 Cr,61050,-78.9
INDUSTOWER,,,,,,,,,,,,,,,,,,,VOLUME_OI,VolumeAndOISpikesScans_25AUG26_Report_5_8_2026 (2).xlsx,,392.3,,89482900,,,,,,,,,,,,,,,,,,,,,,,,,,,,,,,,,,,,,,,,,,,,,,,,,,0.51,,0.01,,,,,,,2,11900,46.68 L,969000,-79.5
GMRAIRPORT,,,,,,,,,,,,,,,,,,,VOLUME_OI,VolumeAndOISpikesScans_25AUG26_Report_5_8_2026 (2).xlsx,,107.4,,130139550,,,,,,,,,,,,,,,,,,,,,,,,,,,,,,,,,,,,,,,,,,,,,,,,,,0.96,,0.01,,,,,,,1.02,13950,14.98 L,1548450,-79.56
DIXON,,,,,,,,,,,,,,,,,,,VOLUME_OI,VolumeAndOISpikesScans_25AUG26_Report_5_8_2026 (2).xlsx,,14155,,2611600,,,,,,,,,,,,,,,,,,,,,,,,,,,,,,,,,,,,,,,,,,,,,,,,,,2.28,,-0.29,,,,,,,316,-7500,-10.62 Cr,77850,-79.8
POLICYBZR,,,,,,,,,,,,,,,,,,,VOLUME_OI,VolumeAndOISpikesScans_25AUG26_Report_5_8_2026 (2).xlsx,,"1,622.3",,9266600,,,,,,,,,,,,,,,,,,,,,,,,,,,,,,,,,,,,,,,,,,,,,,,,,,0.74,,0.3,,,,,,,11.9,27300,4.43 Cr,138250,-80.27
COFORGE,,,,,,,,,,,,,,,,,,,VOLUME_OI,VolumeAndOISpikesScans_25AUG26_Report_5_8_2026 (2).xlsx,,"1,762.5",,13391200,,,,,,,,,,,,,,,,,,,,,,,,,,,,,,,,,,,,,,,,,,,,,,,,,,0.73,,-0.47,,,,,,,12.8,-63175,-11.13 Cr,264100,-80.36
RECLTD,,,,,,,,,,,,,,,,,,,VOLUME_OI,VolumeAndOISpikesScans_25AUG26_Report_5_8_2026 (2).xlsx,,369.55,,44692200,,,,,,,,,,,,,,,,,,,,,,,,,,,,,,,,,,,,,,,,,,,,,,,,,,0.28,,0.02,,,,,,,1.05,11025,40.74 L,310275,-80.5
ETERNAL,,,,,,,,,,,,,,,,,,,VOLUME_OI,VolumeAndOISpikesScans_25AUG26_Report_5_8_2026 (2).xlsx,,313.85,,153732875,,,,,,,,,,,,,,,,,,,,,,,,,,,,,,,,,,,,,,,,,,,,,,,,,,1.14,,0.35,,,,,,,3.55,540775,16.97 Cr,2182500,-80.63
KAYNES,,,,,,,,,,,,,,,,,,,VOLUME_OI,VolumeAndOISpikesScans_25AUG26_Report_5_8_2026 (2).xlsx,,"3,925.1",,4046100,,,,,,,,,,,,,,,,,,,,,,,,,,,,,,,,,,,,,,,,,,,,,,,,,,0.89,,0.27,,,,,,,34.6,10800,4.24 Cr,83700,-80.79
INDHOTEL,,,,,,,,,,,,,,,,,,,VOLUME_OI,VolumeAndOISpikesScans_25AUG26_Report_5_8_2026 (2).xlsx,,748.95,,20697000,,,,,,,,,,,,,,,,,,,,,,,,,,,,,,,,,,,,,,,,,,,,,,,,,,0.56,,0.23,,,,,,,4.2,48000,3.59 Cr,386000,-81.03
HINDALCO,,,,,,,,,,,,,,,,,,,VOLUME_OI,VolumeAndOISpikesScans_25AUG26_Report_5_8_2026 (2).xlsx,,1026,,52994900,,,,,,,,,,,,,,,,,,,,,,,,,,,,,,,,,,,,,,,,,,,,,,,,,,0.79,,0.01,,,,,,,8,2800,28.73 L,1416800,-81.33
ADANIPORTS,,,,,,,,,,,,,,,,,,,VOLUME_OI,VolumeAndOISpikesScans_25AUG26_Report_5_8_2026 (2).xlsx,,1710,,20746575,,,,,,,,,,,,,,,,,,,,,,,,,,,,,,,,,,,,,,,,,,,,,,,,,,0.62,,0.2,,,,,,,10.6,41800,7.15 Cr,212325,-81.41
MARUTI,,,,,,,,,,,,,,,,,,,VOLUME_OI,VolumeAndOISpikesScans_25AUG26_Report_5_8_2026 (2).xlsx,,14135,,2056600,,,,,,,,,,,,,,,,,,,,,,,,,,,,,,,,,,,,,,,,,,,,,,,,,,0.62,,0.05,,,,,,,87,1050,1.48 Cr,54400,-81.41
360ONE,,,,,,,,,,,,,,,,,,,VOLUME_OI,VolumeAndOISpikesScans_25AUG26_Report_5_8_2026 (2).xlsx,,"1,186.9",,4134000,,,,,,,,,,,,,,,,,,,,,,,,,,,,,,,,,,,,,,,,,,,,,,,,,,1.89,,0.46,,,,,,,22,19000,2.26 Cr,164000,-81.46
AXISBANK,,,,,,,,,,,,,,,,,,,VOLUME_OI,VolumeAndOISpikesScans_25AUG26_Report_5_8_2026 (2).xlsx,,"1,259.3",,80531250,,,,,,,,,,,,,,,,,,,,,,,,,,,,,,,,,,,,,,,,,,,,,,,,,,0.58,,0,,,,,,,7.3,-1875,-23.61 L,836875,-81.48
AUBANK,,,,,,,,,,,,,,,,,,,VOLUME_OI,VolumeAndOISpikesScans_25AUG26_Report_5_8_2026 (2).xlsx,,"1,055.4",,21923000,,,,,,,,,,,,,,,,,,,,,,,,,,,,,,,,,,,,,,,,,,,,,,,,,,1.07,,0.06,,,,,,,11.2,13000,1.37 Cr,274000,-81.75
INFY,,,,,,,,,,,,,,,,,,,VOLUME_OI,VolumeAndOISpikesScans_25AUG26_Report_5_8_2026 (2).xlsx,,"1,174.8",,87078800,,,,,,,,,,,,,,,,,,,,,,,,,,,,,,,,,,,,,,,,,,,,,,,,,,0.88,,-0.01,,,,,,,10.3,-7600,-89.28 L,1369200,-81.89
FINNIFTY,,,,,,,,,,,,,,,,,,,VOLUME_OI,VolumeAndOISpikesScans_25AUG26_Report_5_8_2026 (2).xlsx,,"26,922.2",,30180,,,,,,,,,,,,,,,,,,,,,,,,,,,,,,,,,,,,,,,,,,,,,,,,,,0.56,,-0.79,,,,,,,148.8,-240,-64.61 L,1320,-82.26
TATAELXSI,,,,,,,,,,,,,,,,,,,VOLUME_OI,VolumeAndOISpikesScans_25AUG26_Report_5_8_2026 (2).xlsx,,"3,768.7",,2383000,,,,,,,,,,,,,,,,,,,,,,,,,,,,,,,,,,,,,,,,,,,,,,,,,,0.45,,-0.21,,,,,,,16.7,-5125,-1.93 Cr,29750,-82.64
SUNPHARMA,,,,,,,,,,,,,,,,,,,VOLUME_OI,VolumeAndOISpikesScans_25AUG26_Report_5_8_2026 (2).xlsx,,"1,947.4",,13841450,,,,,,,,,,,,,,,,,,,,,,,,,,,,,,,,,,,,,,,,,,,,,,,,,,-0.73,,0.12,,,,,,,-14.3,16800,3.27 Cr,144200,-82.71
JIOFIN,,,,,,,,,,,,,,,,,,,VOLUME_OI,VolumeAndOISpikesScans_25AUG26_Report_5_8_2026 (2).xlsx,,266.8,,185791000,,,,,,,,,,,,,,,,,,,,,,,,,,,,,,,,,,,,,,,,,,,,,,,,,,1.02,,0.02,,,,,,,2.7,32900,87.78 L,4852750,-82.81
KFINTECH,,,,,,,,,,,,,,,,,,,VOLUME_OI,VolumeAndOISpikesScans_25AUG26_Report_5_8_2026 (2).xlsx,,945.35,,4241775,,,,,,,,,,,,,,,,,,,,,,,,,,,,,,,,,,,,,,,,,,,,,,,,,,1.05,,1.28,,,,,,,9.85,53475,5.06 Cr,186875,-83.19
RBLBANK,,,,,,,,,,,,,,,,,,,VOLUME_OI,VolumeAndOISpikesScans_25AUG26_Report_5_8_2026 (2).xlsx,,383.55,,44694475,,,,,,,,,,,,,,,,,,,,,,,,,,,,,,,,,,,,,,,,,,,,,,,,,,0.26,,0.1,,,,,,,1,44450,1.70 Cr,993775,-83.27
BAJAJFINSV,,,,,,,,,,,,,,,,,,,VOLUME_OI,VolumeAndOISpikesScans_25AUG26_Report_5_8_2026 (2).xlsx,,"2,108.9",,8030400,,,,,,,,,,,,,,,,,,,,,,,,,,,,,,,,,,,,,,,,,,,,,,,,,,1.22,,0.71,,,,,,,25.4,57000,12.02 Cr,201000,-83.64
VEDL,,,,,,,,,,,,,,,,,,,VOLUME_OI,VolumeAndOISpikesScans_25AUG26_Report_5_8_2026 (2).xlsx,,270.95,,50522950,,,,,,,,,,,,,,,,,,,,,,,,,,,,,,,,,,,,,,,,,,,,,,,,,,0.48,,0.36,,,,,,,1.3,182850,4.95 Cr,1108600,-83.8
RADICO,,,,,,,,,,,,,,,,,,,VOLUME_OI,VolumeAndOISpikesScans_25AUG26_Report_5_8_2026 (2).xlsx,,"4,512.7",,809850,,,,,,,,,,,,,,,,,,,,,,,,,,,,,,,,,,,,,,,,,,,,,,,,,,0.98,,0.5,,,,,,,43.7,4050,1.83 Cr,20700,-83.92
MOTILALOFS,,,,,,,,,,,,,,,,,,,VOLUME_OI,VolumeAndOISpikesScans_25AUG26_Report_5_8_2026 (2).xlsx,,873,,6965700,,,,,,,,,,,,,,,,,,,,,,,,,,,,,,,,,,,,,,,,,,,,,,,,,,0.67,,0.25,,,,,,,5.85,17050,1.49 Cr,127100,-83.97
PIDILITIND,,,,,,,,,,,,,,,,,,,VOLUME_OI,VolumeAndOISpikesScans_25AUG26_Report_5_8_2026 (2).xlsx,,"1,651.7",,7937500,,,,,,,,,,,,,,,,,,,,,,,,,,,,,,,,,,,,,,,,,,,,,,,,,,2.2,,-0.59,,,,,,,35.5,-47000,-7.76 Cr,896000,-83.98
NIFTY,,,,,,,,,,,,,,,,,,,VOLUME_OI,VolumeAndOISpikesScans_25AUG26_Report_5_8_2026 (2).xlsx,,24699,,11721580,,,,,,,,,,,,,,,,,,,,,,,,,,,,,,,,,,,,,,,,,,,,,,,,,,0.58,,-0.53,,,,,,,143.4,-62010,-153.16 Cr,654225,-84.07
SUPREMEIND,,,,,,,,,,,,,,,,,,,VOLUME_OI,VolumeAndOISpikesScans_25AUG26_Report_5_8_2026 (2).xlsx,,"3,510.7",,2287425,,,,,,,,,,,,,,,,,,,,,,,,,,,,,,,,,,,,,,,,,,,,,,,,,,-0.23,,0.2,,,,,,,-8.2,4550,1.60 Cr,22925,-84.08
PRESTIGE,,,,,,,,,,,,,,,,,,,VOLUME_OI,VolumeAndOISpikesScans_25AUG26_Report_5_8_2026 (2).xlsx,,"1,627.3",,5148000,,,,,,,,,,,,,,,,,,,,,,,,,,,,,,,,,,,,,,,,,,,,,,,,,,2.03,,-0.06,,,,,,,32.4,-3150,-51.26 L,102150,-84.39
POWERGRID,,,,,,,,,,,,,,,,,,,VOLUME_OI,VolumeAndOISpikesScans_25AUG26_Report_5_8_2026 (2).xlsx,,284.4,,46386600,,,,,,,,,,,,,,,,,,,,,,,,,,,,,,,,,,,,,,,,,,,,,,,,,,0.71,,0.09,,,,,,,2,43700,1.24 Cr,651700,-84.43
ICICIBANK,,,,,,,,,,,,,,,,,,,VOLUME_OI,VolumeAndOISpikesScans_25AUG26_Report_5_8_2026 (2).xlsx,,"1,452.9",,104023500,,,,,,,,,,,,,,,,,,,,,,,,,,,,,,,,,,,,,,,,,,,,,,,,,,0.51,,0.11,,,,,,,7.4,111300,16.17 Cr,867300,-84.71
RELIANCE,,,,,,,,,,,,,,,,,,,VOLUME_OI,VolumeAndOISpikesScans_25AUG26_Report_5_8_2026 (2).xlsx,,"1,300.9",,103600000,,,,,,,,,,,,,,,,,,,,,,,,,,,,,,,,,,,,,,,,,,,,,,,,,,0.27,,0.25,,,,,,,3.5,262000,34.08 Cr,1004500,-84.97
MOTHERSON,,,,,,,,,,,,,,,,,,,VOLUME_OI,VolumeAndOISpikesScans_25AUG26_Report_5_8_2026 (2).xlsx,,153.75,,127575600,,,,,,,,,,,,,,,,,,,,,,,,,,,,,,,,,,,,,,,,,,,,,,,,,,2.05,,0.38,,,,,,,3.09,485850,7.47 Cr,3579300,-85.01
ULTRACEMCO,,,,,,,,,,,,,,,,,,,VOLUME_OI,VolumeAndOISpikesScans_25AUG26_Report_5_8_2026 (2).xlsx,,12078,,1606250,,,,,,,,,,,,,,,,,,,,,,,,,,,,,,,,,,,,,,,,,,,,,,,,,,0.58,,0.08,,,,,,,70,1250,1.51 Cr,12050,-85.21
IDFCFIRSTB,,,,,,,,,,,,,,,,,,,VOLUME_OI,VolumeAndOISpikesScans_25AUG26_Report_5_8_2026 (2).xlsx,,86.09,,355251050,,,,,,,,,,,,,,,,,,,,,,,,,,,,,,,,,,,,,,,,,,,,,,,,,,0.67,,0,,,,,,,0.57,-9275,-7.98 L,2699025,-85.24
CUMMINSIND,,,,,,,,,,,,,,,,,,,VOLUME_OI,VolumeAndOISpikesScans_25AUG26_Report_5_8_2026 (2).xlsx,,"5,576.5",,4071400,,,,,,,,,,,,,,,,,,,,,,,,,,,,,,,,,,,,,,,,,,,,,,,,,,1.2,,0.16,,,,,,,66,6400,3.57 Cr,128000,-85.59
SBICARD,,,,,,,,,,,,,,,,,,,VOLUME_OI,VolumeAndOISpikesScans_25AUG26_Report_5_8_2026 (2).xlsx,,667.7,,22298400,,,,,,,,,,,,,,,,,,,,,,,,,,,,,,,,,,,,,,,,,,,,,,,,,,0.63,,0.15,,,,,,,4.15,34400,2.30 Cr,344800,-85.63
IDEA,,,,,,,,,,,,,,,,,,,VOLUME_OI,VolumeAndOISpikesScans_25AUG26_Report_5_8_2026 (2).xlsx,,12.96,,5888896725,,,,,,,,,,,,,,,,,,,,,,,,,,,,,,,,,,,,,,,,,,,,,,,,,,0.7,,-0.05,,,,,,,0.09,-3001950,-3.89 Cr,21513975,-85.78
CGPOWER,,,,,,,,,,,,,,,,,,,VOLUME_OI,VolumeAndOISpikesScans_25AUG26_Report_5_8_2026 (2).xlsx,,887,,20120350,,,,,,,,,,,,,,,,,,,,,,,,,,,,,,,,,,,,,,,,,,,,,,,,,,0.53,,0.62,,,,,,,4.7,124950,11.08 Cr,646000,-86.12
NAUKRI,,,,,,,,,,,,,,,,,,,VOLUME_OI,VolumeAndOISpikesScans_25AUG26_Report_5_8_2026 (2).xlsx,,"1,269.2",,13862750,,,,,,,,,,,,,,,,,,,,,,,,,,,,,,,,,,,,,,,,,,,,,,,,,,0.52,,0.13,,,,,,,6.6,18150,2.30 Cr,124300,-86.21
CIPLA,,,,,,,,,,,,,,,,,,,VOLUME_OI,VolumeAndOISpikesScans_25AUG26_Report_5_8_2026 (2).xlsx,,"1,449.3",,8901625,,,,,,,,,,,,,,,,,,,,,,,,,,,,,,,,,,,,,,,,,,,,,,,,,,-0.72,,0.12,,,,,,,-10.5,11050,1.60 Cr,68850,-86.24
GAIL,,,,,,,,,,,,,,,,,,,VOLUME_OI,VolumeAndOISpikesScans_25AUG26_Report_5_8_2026 (2).xlsx,,176.36,,90947450,,,,,,,,,,,,,,,,,,,,,,,,,,,,,,,,,,,,,,,,,,,,,,,,,,0.01,,-0.16,,,,,,,0.02,-149100,-2.63 Cr,2151300,-86.32
NATIONALUM,,,,,,,,,,,,,,,,,,,VOLUME_OI,VolumeAndOISpikesScans_25AUG26_Report_5_8_2026 (2).xlsx,,382.6,,45328125,,,,,,,,,,,,,,,,,,,,,,,,,,,,,,,,,,,,,,,,,,,,,,,,,,0.76,,0.18,,,,,,,2.9,82500,3.16 Cr,1880625,-86.56
SIEMENS,,,,,,,,,,,,,,,,,,,VOLUME_OI,VolumeAndOISpikesScans_25AUG26_Report_5_8_2026 (2).xlsx,,"4,056.2",,3480575,,,,,,,,,,,,,,,,,,,,,,,,,,,,,,,,,,,,,,,,,,,,,,,,,,0.98,,0.71,,,,,,,39.2,24500,9.94 Cr,129325,-86.6
UNOMINDA,,,,,,,,,,,,,,,,,,,VOLUME_OI,VolumeAndOISpikesScans_25AUG26_Report_5_8_2026 (2).xlsx,,1275,,4679400,,,,,,,,,,,,,,,,,,,,,,,,,,,,,,,,,,,,,,,,,,,,,,,,,,3.44,,0.35,,,,,,,42.4,16500,2.10 Cr,344850,-86.66
BANDHANBNK,,,,,,,,,,,,,,,,,,,VOLUME_OI,VolumeAndOISpikesScans_25AUG26_Report_5_8_2026 (2).xlsx,,174.51,,132530400,,,,,,,,,,,,,,,,,,,,,,,,,,,,,,,,,,,,,,,,,,,,,,,,,,0.73,,-0.37,,,,,,,1.26,-489600,-8.54 Cr,1015200,-86.78
KOTAKBANK,,,,,,,,,,,,,,,,,,,VOLUME_OI,VolumeAndOISpikesScans_25AUG26_Report_5_8_2026 (2).xlsx,,398.15,,173014000,,,,,,,,,,,,,,,,,,,,,,,,,,,,,,,,,,,,,,,,,,,,,,,,,,0.89,,0.16,,,,,,,3.5,274000,10.91 Cr,1092000,-86.78
MANKIND,,,,,,,,,,,,,,,,,,,VOLUME_OI,VolumeAndOISpikesScans_25AUG26_Report_5_8_2026 (2).xlsx,,2459,,3284000,,,,,,,,,,,,,,,,,,,,,,,,,,,,,,,,,,,,,,,,,,,,,,,,,,0.11,,0.21,,,,,,,2.8,7000,1.72 Cr,33250,-86.82
EICHERMOT,,,,,,,,,,,,,,,,,,,VOLUME_OI,VolumeAndOISpikesScans_25AUG26_Report_5_8_2026 (2).xlsx,,"7,991.5",,3713500,,,,,,,,,,,,,,,,,,,,,,,,,,,,,,,,,,,,,,,,,,,,,,,,,,1.06,,0.3,,,,,,,83.5,11100,8.87 Cr,46800,-86.84
POWERINDIA,,,,,,,,,,,,,,,,,,,VOLUME_OI,VolumeAndOISpikesScans_25AUG26_Report_5_8_2026 (2).xlsx,,32625,,587825,,,,,,,,,,,,,,,,,,,,,,,,,,,,,,,,,,,,,,,,,,,,,,,,,,1.01,,-0.04,,,,,,,325,-225,-73.41 L,10375,-86.96
MAXHEALTH,,,,,,,,,,,,,,,,,,,VOLUME_OI,VolumeAndOISpikesScans_25AUG26_Report_5_8_2026 (2).xlsx,,"1,072.2",,9895200,,,,,,,,,,,,,,,,,,,,,,,,,,,,,,,,,,,,,,,,,,,,,,,,,,-0.13,,0.29,,,,,,,-1.4,28350,3.04 Cr,103950,-87.07
FORTIS,,,,,,,,,,,,,,,,,,,VOLUME_OI,VolumeAndOISpikesScans_25AUG26_Report_5_8_2026 (2).xlsx,,926.05,,10066475,,,,,,,,,,,,,,,,,,,,,,,,,,,,,,,,,,,,,,,,,,,,,,,,,,-0.34,,0.29,,,,,,,-3.15,29450,2.73 Cr,233275,-87.25
VOLTAS,,,,,,,,,,,,,,,,,,,VOLUME_OI,VolumeAndOISpikesScans_25AUG26_Report_5_8_2026 (2).xlsx,,"1,324.7",,7092375,,,,,,,,,,,,,,,,,,,,,,,,,,,,,,,,,,,,,,,,,,,,,,,,,,0.31,,0.71,,,,,,,4.1,50250,6.66 Cr,209250,-87.32
HEROMOTOCO,,,,,,,,,,,,,,,,,,,VOLUME_OI,VolumeAndOISpikesScans_25AUG26_Report_5_8_2026 (2).xlsx,,5638,,4726050,,,,,,,,,,,,,,,,,,,,,,,,,,,,,,,,,,,,,,,,,,,,,,,,,,1.06,,0.55,,,,,,,59,25650,14.46 Cr,152700,-87.33
ADANIPOWER,,,,,,,,,,,,,,,,,,,VOLUME_OI,VolumeAndOISpikesScans_25AUG26_Report_5_8_2026 (2).xlsx,,211.34,,156831900,,,,,,,,,,,,,,,,,,,,,,,,,,,,,,,,,,,,,,,,,,,,,,,,,,0.22,,0.1,,,,,,,0.46,149100,3.15 Cr,812950,-87.34
VBL,,,,,,,,,,,,,,,,,,,VOLUME_OI,VolumeAndOISpikesScans_25AUG26_Report_5_8_2026 (2).xlsx,,445.1,,54508800,,,,,,,,,,,,,,,,,,,,,,,,,,,,,,,,,,,,,,,,,,,,,,,,,,0.63,,0.15,,,,,,,2.8,79050,3.52 Cr,323850,-87.38
IEX,,,,,,,,,,,,,,,,,,,VOLUME_OI,VolumeAndOISpikesScans_25AUG26_Report_5_8_2026 (2).xlsx,,131.35,,72884250,,,,,,,,,,,,,,,,,,,,,,,,,,,,,,,,,,,,,,,,,,,,,,,,,,1.16,,0.06,,,,,,,1.5,43500,57.14 L,913500,-87.41
NIFTYNXT50,,,,,,,,,,,,,,,,,,,VOLUME_OI,VolumeAndOISpikesScans_25AUG26_Report_5_8_2026 (2).xlsx,,"74,540.2",,18975,,,,,,,,,,,,,,,,,,,,,,,,,,,,,,,,,,,,,,,,,,,,,,,,,,0.79,,0.26,,,,,,,587.8,50,37.27 L,450,-87.41
RVNL,,,,,,,,,,,,,,,,,,,VOLUME_OI,VolumeAndOISpikesScans_25AUG26_Report_5_8_2026 (2).xlsx,,233.73,,34911800,,,,,,,,,,,,,,,,,,,,,,,,,,,,,,,,,,,,,,,,,,,,,,,,,,0.9,,-0.09,,,,,,,2.08,-30800,-71.99 L,444675,-87.59
ADANIGREEN,,,,,,,,,,,,,,,,,,,VOLUME_OI,VolumeAndOISpikesScans_25AUG26_Report_5_8_2026 (2).xlsx,,"1,400.4",,26541000,,,,,,,,,,,,,,,,,,,,,,,,,,,,,,,,,,,,,,,,,,,,,,,,,,0.57,,0.19,,,,,,,8,50400,7.06 Cr,282000,-87.74
JINDALSTEL,,,,,,,,,,,,,,,,,,,VOLUME_OI,VolumeAndOISpikesScans_25AUG26_Report_5_8_2026 (2).xlsx,,"1,127.3",,13781250,,,,,,,,,,,,,,,,,,,,,,,,,,,,,,,,,,,,,,,,,,,,,,,,,,0.42,,0.27,,,,,,,4.7,37500,4.23 Cr,138750,-87.9
IRFC,,,,,,,,,,,,,,,,,,,VOLUME_OI,VolumeAndOISpikesScans_25AUG26_Report_5_8_2026 (2).xlsx,,90.27,,87586625,,,,,,,,,,,,,,,,,,,,,,,,,,,,,,,,,,,,,,,,,,,,,,,,,,0.75,,-0.35,,,,,,,0.67,-303800,-2.74 Cr,819175,-87.93
SHREECEM,,,,,,,,,,,,,,,,,,,VOLUME_OI,VolumeAndOISpikesScans_25AUG26_Report_5_8_2026 (2).xlsx,,26980,,371275,,,,,,,,,,,,,,,,,,,,,,,,,,,,,,,,,,,,,,,,,,,,,,,,,,0.63,,0.23,,,,,,,170,850,2.29 Cr,3825,-88.16
TORNTPHARM,,,,,,,,,,,,,,,,,,,VOLUME_OI,VolumeAndOISpikesScans_25AUG26_Report_5_8_2026 (2).xlsx,,5010,,3644500,,,,,,,,,,,,,,,,,,,,,,,,,,,,,,,,,,,,,,,,,,,,,,,,,,-1.08,,0.22,,,,,,,-54.5,7875,3.95 Cr,35375,-88.18
OFSS,,,,,,,,,,,,,,,,,,,VOLUME_OI,VolumeAndOISpikesScans_25AUG26_Report_5_8_2026 (2).xlsx,,11636,,1265000,,,,,,,,,,,,,,,,,,,,,,,,,,,,,,,,,,,,,,,,,,,,,,,,,,0.06,,0.43,,,,,,,7,5400,6.28 Cr,30900,-88.22
ADANIENSOL,,,,,,,,,,,,,,,,,,,VOLUME_OI,VolumeAndOISpikesScans_25AUG26_Report_5_8_2026 (2).xlsx,,"1,656.9",,19381950,,,,,,,,,,,,,,,,,,,,,,,,,,,,,,,,,,,,,,,,,,,,,,,,,,0.57,,0.2,,,,,,,9.4,39150,6.49 Cr,95850,-88.25
BRITANNIA,,,,,,,,,,,,,,,,,,,VOLUME_OI,VolumeAndOISpikesScans_25AUG26_Report_5_8_2026 (2).xlsx,,"5,423.5",,1887500,,,,,,,,,,,,,,,,,,,,,,,,,,,,,,,,,,,,,,,,,,,,,,,,,,-0.02,,0.63,,,,,,,-1,11750,6.37 Cr,28000,-88.25
PAGEIND,,,,,,,,,,,,,,,,,,,VOLUME_OI,VolumeAndOISpikesScans_25AUG26_Report_5_8_2026 (2).xlsx,,39980,,234540,,,,,,,,,,,,,,,,,,,,,,,,,,,,,,,,,,,,,,,,,,,,,,,,,,0.03,,-0.09,,,,,,,10,-220,-87.96 L,3300,-88.28
BAJAJ-AUTO,,,,,,,,,,,,,,,,,,,VOLUME_OI,VolumeAndOISpikesScans_25AUG26_Report_5_8_2026 (2).xlsx,,11660,,1867500,,,,,,,,,,,,,,,,,,,,,,,,,,,,,,,,,,,,,,,,,,,,,,,,,,0.53,,0.26,,,,,,,61,4875,5.68 Cr,26025,-88.34
VMM,,,,,,,,,,,,,,,,,,,VOLUME_OI,VolumeAndOISpikesScans_25AUG26_Report_5_8_2026 (2).xlsx,,110.47,,47374800,,,,,,,,,,,,,,,,,,,,,,,,,,,,,,,,,,,,,,,,,,,,,,,,,,-1.24,,0.68,,,,,,,-1.39,320100,3.54 Cr,819650,-88.39
SWIGGY,,,,,,,,,,,,,,,,,,,VOLUME_OI,VolumeAndOISpikesScans_25AUG26_Report_5_8_2026 (2).xlsx,,291.7,,66650825,,,,,,,,,,,,,,,,,,,,,,,,,,,,,,,,,,,,,,,,,,,,,,,,,,0.71,,0.58,,,,,,,2.05,386900,11.29 Cr,1299400,-88.5
DELHIVERY,,,,,,,,,,,,,,,,,,,VOLUME_OI,VolumeAndOISpikesScans_25AUG26_Report_5_8_2026 (2).xlsx,,469.55,,27761425,,,,,,,,,,,,,,,,,,,,,,,,,,,,,,,,,,,,,,,,,,,,,,,,,,-0.42,,0.19,,,,,,,-2,51875,2.44 Cr,539500,-88.71
SOLARINDS,,,,,,,,,,,,,,,,,,,VOLUME_OI,VolumeAndOISpikesScans_25AUG26_Report_5_8_2026 (2).xlsx,,18803,,790350,,,,,,,,,,,,,,,,,,,,,,,,,,,,,,,,,,,,,,,,,,,,,,,,,,0.06,,0.11,,,,,,,11,900,1.69 Cr,7300,-89.2
BEL,,,,,,,,,,,,,,,,,,,VOLUME_OI,VolumeAndOISpikesScans_25AUG26_Report_5_8_2026 (2).xlsx,,392.4,,103120125,,,,,,,,,,,,,,,,,,,,,,,,,,,,,,,,,,,,,,,,,,,,,,,,,,0.04,,-0.01,,,,,,,0.15,-5700,-22.37 L,863550,-89.22
HDFCLIFE,,,,,,,,,,,,,,,,,,,VOLUME_OI,VolumeAndOISpikesScans_25AUG26_Report_5_8_2026 (2).xlsx,,544.3,,47206500,,,,,,,,,,,,,,,,,,,,,,,,,,,,,,,,,,,,,,,,,,,,,,,,,,1.61,,-0.02,,,,,,,8.6,-7700,-41.91 L,1179200,-89.38
DMART,,,,,,,,,,,,,,,,,,,VOLUME_OI,VolumeAndOISpikesScans_25AUG26_Report_5_8_2026 (2).xlsx,,"3,998.8",,5154450,,,,,,,,,,,,,,,,,,,,,,,,,,,,,,,,,,,,,,,,,,,,,,,,,,0.51,,0.28,,,,,,,20.3,14550,5.82 Cr,31350,-89.4
TATACONSUM,,,,,,,,,,,,,,,,,,,VOLUME_OI,VolumeAndOISpikesScans_25AUG26_Report_5_8_2026 (2).xlsx,,"1,093.5",,15677750,,,,,,,,,,,,,,,,,,,,,,,,,,,,,,,,,,,,,,,,,,,,,,,,,,0.39,,0.1,,,,,,,4.2,15400,1.68 Cr,125950,-89.41
SUZLON,,,,,,,,,,,,,,,,,,,VOLUME_OI,VolumeAndOISpikesScans_25AUG26_Report_5_8_2026 (2).xlsx,,48.8,,460933800,,,,,,,,,,,,,,,,,,,,,,,,,,,,,,,,,,,,,,,,,,,,,,,,,,0.74,,-0.02,,,,,,,0.36,-88900,-43.38 L,2590800,-89.44
NMDC,,,,,,,,,,,,,,,,,,,VOLUME_OI,VolumeAndOISpikesScans_25AUG26_Report_5_8_2026 (2).xlsx,,85.15,,344938500,,,,,,,,,,,,,,,,,,,,,,,,,,,,,,,,,,,,,,,,,,,,,,,,,,0.45,,0.07,,,,,,,0.38,256500,2.18 Cr,1458000,-89.5
ICICIPRULI,,,,,,,,,,,,,,,,,,,VOLUME_OI,VolumeAndOISpikesScans_25AUG26_Report_5_8_2026 (2).xlsx,,514.7,,17940375,,,,,,,,,,,,,,,,,,,,,,,,,,,,,,,,,,,,,,,,,,,,,,,,,,1.14,,0.57,,,,,,,5.8,100825,5.19 Cr,365375,-89.53
WIPRO,,,,,,,,,,,,,,,,,,,VOLUME_OI,VolumeAndOISpikesScans_25AUG26_Report_5_8_2026 (2).xlsx,,188.59,,215526000,,,,,,,,,,,,,,,,,,,,,,,,,,,,,,,,,,,,,,,,,,,,,,,,,,0.07,,-0.04,,,,,,,0.14,-93000,-1.75 Cr,1605000,-89.61
SRF,,,,,,,,,,,,,,,,,,,VOLUME_OI,VolumeAndOISpikesScans_25AUG26_Report_5_8_2026 (2).xlsx,,"2,642.7",,4582800,,,,,,,,,,,,,,,,,,,,,,,,,,,,,,,,,,,,,,,,,,,,,,,,,,0.28,,0.21,,,,,,,7.4,9600,2.54 Cr,32000,-89.64
PERSISTENT,,,,,,,,,,,,,,,,,,,VOLUME_OI,VolumeAndOISpikesScans_25AUG26_Report_5_8_2026 (2).xlsx,,5560,,3553250,,,,,,,,,,,,,,,,,,,,,,,,,,,,,,,,,,,,,,,,,,,,,,,,,,1.05,,-0.05,,,,,,,58,-1875,-1.04 Cr,44375,-89.65
ITC,,,,,,,,,,,,,,,,,,,VOLUME_OI,VolumeAndOISpikesScans_25AUG26_Report_5_8_2026 (2).xlsx,,287.7,,156923250,,,,,,,,,,,,,,,,,,,,,,,,,,,,,,,,,,,,,,,,,,,,,,,,,,0,,0.04,,,,,,,0,62100,1.79 Cr,905625,-89.66
NAM-INDIA,,,,,,,,,,,,,,,,,,,VOLUME_OI,VolumeAndOISpikesScans_25AUG26_Report_5_8_2026 (2).xlsx,,"1,188.5",,7396250,,,,,,,,,,,,,,,,,,,,,,,,,,,,,,,,,,,,,,,,,,,,,,,,,,1.03,,0.76,,,,,,,12.1,55625,6.61 Cr,146250,-89.78
TITAN,,,,,,,,,,,,,,,,,,,VOLUME_OI,VolumeAndOISpikesScans_25AUG26_Report_5_8_2026 (2).xlsx,,"4,902.6",,5250875,,,,,,,,,,,,,,,,,,,,,,,,,,,,,,,,,,,,,,,,,,,,,,,,,,0.1,,0.03,,,,,,,4.9,1400,68.64 L,52150,-89.79
SONACOMS,,,,,,,,,,,,,,,,,,,VOLUME_OI,VolumeAndOISpikesScans_25AUG26_Report_5_8_2026 (2).xlsx,,794,,10847375,,,,,,,,,,,,,,,,,,,,,,,,,,,,,,,,,,,,,,,,,,,,,,,,,,1.09,,0.22,,,,,,,8.55,23275,1.85 Cr,197225,-90.22
FEDERALBNK,,,,,,,,,,,,,,,,,,,VOLUME_OI,VolumeAndOISpikesScans_25AUG26_Report_5_8_2026 (2).xlsx,,358.65,,84482500,,,,,,,,,,,,,,,,,,,,,,,,,,,,,,,,,,,,,,,,,,,,,,,,,,0.11,,0.16,,,,,,,0.4,135000,4.84 Cr,650000,-90.26
TATASTEEL,,,,,,,,,,,,,,,,,,,VOLUME_OI,VolumeAndOISpikesScans_25AUG26_Report_5_8_2026 (2).xlsx,,192.27,,170214000,,,,,,,,,,,,,,,,,,,,,,,,,,,,,,,,,,,,,,,,,,,,,,,,,,0.38,,0.12,,,,,,,0.73,211750,4.07 Cr,1740750,-90.3
BIOCON,,,,,,,,,,,,,,,,,,,VOLUME_OI,VolumeAndOISpikesScans_25AUG26_Report_5_8_2026 (2).xlsx,,427.95,,47422500,,,,,,,,,,,,,,,,,,,,,,,,,,,,,,,,,,,,,,,,,,,,,,,,,,0.47,,0.09,,,,,,,2,45000,1.93 Cr,605000,-90.5
DALBHARAT,,,,,,,,,,,,,,,,,,,VOLUME_OI,VolumeAndOISpikesScans_25AUG26_Report_5_8_2026 (2).xlsx,,1831,,3763825,,,,,,,,,,,,,,,,,,,,,,,,,,,,,,,,,,,,,,,,,,,,,,,,,,0.73,,0.06,,,,,,,13.2,2275,41.66 L,12350,-90.52
HYUNDAI,,,,,,,,,,,,,,,,,,,VOLUME_OI,VolumeAndOISpikesScans_25AUG26_Report_5_8_2026 (2).xlsx,,"2,215.7",,3956975,,,,,,,,,,,,,,,,,,,,,,,,,,,,,,,,,,,,,,,,,,,,,,,,,,0.86,,-0.06,,,,,,,18.9,-2200,-48.75 L,77000,-90.64
HCLTECH,,,,,,,,,,,,,,,,,,,VOLUME_OI,VolumeAndOISpikesScans_25AUG26_Report_5_8_2026 (2).xlsx,,"1,366.3",,27316000,,,,,,,,,,,,,,,,,,,,,,,,,,,,,,,,,,,,,,,,,,,,,,,,,,0.18,,0.01,,,,,,,2.5,2400,32.79 L,228400,-90.94
HINDUNILVR,,,,,,,,,,,,,,,,,,,VOLUME_OI,VolumeAndOISpikesScans_25AUG26_Report_5_8_2026 (2).xlsx,,"2,096.7",,14802600,,,,,,,,,,,,,,,,,,,,,,,,,,,,,,,,,,,,,,,,,,,,,,,,,,0.33,,0.09,,,,,,,7,12600,2.64 Cr,156900,-91.0
LICHSGFIN,,,,,,,,,,,,,,,,,,,VOLUME_OI,VolumeAndOISpikesScans_25AUG26_Report_5_8_2026 (2).xlsx,,505.55,,29981000,,,,,,,,,,,,,,,,,,,,,,,,,,,,,,,,,,,,,,,,,,,,,,,,,,0.35,,0.17,,,,,,,1.75,52000,2.63 Cr,232000,-91.04
BLUESTARCO,,,,,,,,,,,,,,,,,,,VOLUME_OI,VolumeAndOISpikesScans_25AUG26_Report_5_8_2026 (2).xlsx,,"1,698.3",,3446300,,,,,,,,,,,,,,,,,,,,,,,,,,,,,,,,,,,,,,,,,,,,,,,,,,1.76,,0.37,,,,,,,29.4,12675,2.15 Cr,98475,-91.14
GRASIM,,,,,,,,,,,,,,,,,,,VOLUME_OI,VolumeAndOISpikesScans_25AUG26_Report_5_8_2026 (2).xlsx,,3167,,11900500,,,,,,,,,,,,,,,,,,,,,,,,,,,,,,,,,,,,,,,,,,,,,,,,,,1.02,,0.06,,,,,,,32,7000,2.22 Cr,58750,-91.23
UPL,,,,,,,,,,,,,,,,,,,VOLUME_OI,VolumeAndOISpikesScans_25AUG26_Report_5_8_2026 (2).xlsx,,583,,33795055,,,,,,,,,,,,,,,,,,,,,,,,,,,,,,,,,,,,,,,,,,,,,,,,,,-0.35,,1.02,,,,,,,-2.05,342815,19.99 Cr,1090775,-91.27
PHOENIXLTD,,,,,,,,,,,,,,,,,,,VOLUME_OI,VolumeAndOISpikesScans_25AUG26_Report_5_8_2026 (2).xlsx,,1959,,3608850,,,,,,,,,,,,,,,,,,,,,,,,,,,,,,,,,,,,,,,,,,,,,,,,,,0.66,,-0.08,,,,,,,12.8,-2800,-54.85 L,45850,-91.49
TCS,,,,,,,,,,,,,,,,,,,VOLUME_OI,VolumeAndOISpikesScans_25AUG26_Report_5_8_2026 (2).xlsx,,2448,,30785850,,,,,,,,,,,,,,,,,,,,,,,,,,,,,,,,,,,,,,,,,,,,,,,,,,-0.38,,0.11,,,,,,,-9.4,33075,8.10 Cr,231525,-91.52
DABUR,,,,,,,,,,,,,,,,,,,VOLUME_OI,VolumeAndOISpikesScans_25AUG26_Report_5_8_2026 (2).xlsx,,410.25,,29048750,,,,,,,,,,,,,,,,,,,,,,,,,,,,,,,,,,,,,,,,,,,,,,,,,,0.32,,0.95,,,,,,,1.3,273750,11.23 Cr,748750,-91.59
PFC,,,,,,,,,,,,,,,,,,,VOLUME_OI,VolumeAndOISpikesScans_25AUG26_Report_5_8_2026 (2).xlsx,,419.8,,54852200,,,,,,,,,,,,,,,,,,,,,,,,,,,,,,,,,,,,,,,,,,,,,,,,,,0.05,,0.2,,,,,,,0.2,107900,4.53 Cr,535600,-91.61
GODREJCP,,,,,,,,,,,,,,,,,,,VOLUME_OI,VolumeAndOISpikesScans_25AUG26_Report_5_8_2026 (2).xlsx,,1073,,11210000,,,,,,,,,,,,,,,,,,,,,,,,,,,,,,,,,,,,,,,,,,,,,,,,,,1.4,,0.21,,,,,,,14.8,23500,2.52 Cr,98000,-91.62
HDFCAMC,,,,,,,,,,,,,,,,,,,VOLUME_OI,VolumeAndOISpikesScans_25AUG26_Report_5_8_2026 (2).xlsx,,"2,583.2",,6353700,,,,,,,,,,,,,,,,,,,,,,,,,,,,,,,,,,,,,,,,,,,,,,,,,,1.26,,-0.04,,,,,,,32.1,-2400,-62.00 L,81300,-91.64
PIIND,,,,,,,,,,,,,,,,,,,VOLUME_OI,VolumeAndOISpikesScans_25AUG26_Report_5_8_2026 (2).xlsx,,"2,794.3",,2732275,,,,,,,,,,,,,,,,,,,,,,,,,,,,,,,,,,,,,,,,,,,,,,,,,,-0.19,,0.05,,,,,,,-5.2,1400,39.12 L,15925,-91.72
WAAREEENER,,,,,,,,,,,,,,,,,,,VOLUME_OI,VolumeAndOISpikesScans_25AUG26_Report_5_8_2026 (2).xlsx,,"2,702.6",,7446950,,,,,,,,,,,,,,,,,,,,,,,,,,,,,,,,,,,,,,,,,,,,,,,,,,0.77,,-0.13,,,,,,,20.6,-9625,-2.60 Cr,46375,-91.76
NESTLEIND,,,,,,,,,,,,,,,,,,,VOLUME_OI,VolumeAndOISpikesScans_25AUG26_Report_5_8_2026 (2).xlsx,,"1,505.4",,7970000,,,,,,,,,,,,,,,,,,,,,,,,,,,,,,,,,,,,,,,,,,,,,,,,,,1.1,,1.8,,,,,,,16.4,141000,21.23 Cr,449500,-91.86
ASTRAL,,,,,,,,,,,,,,,,,,,VOLUME_OI,VolumeAndOISpikesScans_25AUG26_Report_5_8_2026 (2).xlsx,,"1,437.1",,7089850,,,,,,,,,,,,,,,,,,,,,,,,,,,,,,,,,,,,,,,,,,,,,,,,,,-0.08,,0.11,,,,,,,-1.2,7650,1.10 Cr,39950,-91.88
PETRONET,,,,,,,,,,,,,,,,,,,VOLUME_OI,VolumeAndOISpikesScans_25AUG26_Report_5_8_2026 (2).xlsx,,282.3,,31984600,,,,,,,,,,,,,,,,,,,,,,,,,,,,,,,,,,,,,,,,,,,,,,,,,,0.68,,-0.06,,,,,,,1.9,-19000,-53.64 L,241300,-91.92
MFSL,,,,,,,,,,,,,,,,,,,VOLUME_OI,VolumeAndOISpikesScans_25AUG26_Report_5_8_2026 (2).xlsx,,"1,532.9",,9438400,,,,,,,,,,,,,,,,,,,,,,,,,,,,,,,,,,,,,,,,,,,,,,,,,,1.77,,0.05,,,,,,,26.7,4400,67.45 L,100400,-92.01
APLAPOLLO,,,,,,,,,,,,,,,,,,,VOLUME_OI,VolumeAndOISpikesScans_25AUG26_Report_5_8_2026 (2).xlsx,,"1,917.7",,5577950,,,,,,,,,,,,,,,,,,,,,,,,,,,,,,,,,,,,,,,,,,,,,,,,,,-0.66,,-0.06,,,,,,,-12.8,-3500,-67.12 L,50400,-92.05
AMBER,,,,,,,,,,,,,,,,,,,VOLUME_OI,VolumeAndOISpikesScans_25AUG26_Report_5_8_2026 (2).xlsx,,7485,,1228300,,,,,,,,,,,,,,,,,,,,,,,,,,,,,,,,,,,,,,,,,,,,,,,,,,1.21,,-0.68,,,,,,,89.5,-8400,-6.29 Cr,23400,-92.07
SBILIFE,,,,,,,,,,,,,,,,,,,VOLUME_OI,VolumeAndOISpikesScans_25AUG26_Report_5_8_2026 (2).xlsx,,"1,885.5",,5787000,,,,,,,,,,,,,,,,,,,,,,,,,,,,,,,,,,,,,,,,,,,,,,,,,,0.87,,-0.54,,,,,,,16.3,-31500,-5.94 Cr,123375,-92.1
COLPAL,,,,,,,,,,,,,,,,,,,VOLUME_OI,VolumeAndOISpikesScans_25AUG26_Report_5_8_2026 (2).xlsx,,"2,039.7",,5034975,,,,,,,,,,,,,,,,,,,,,,,,,,,,,,,,,,,,,,,,,,,,,,,,,,0.63,,0.16,,,,,,,12.7,8250,1.68 Cr,55825,-92.15
JSWSTEEL,,,,,,,,,,,,,,,,,,,VOLUME_OI,VolumeAndOISpikesScans_25AUG26_Report_5_8_2026 (2).xlsx,,"1,299.4",,39778425,,,,,,,,,,,,,,,,,,,,,,,,,,,,,,,,,,,,,,,,,,,,,,,,,,0.27,,0.12,,,,,,,3.5,49275,6.40 Cr,159300,-92.41
COCHINSHIP,,,,,,,,,,,,,,,,,,,VOLUME_OI,VolumeAndOISpikesScans_25AUG26_Report_5_8_2026 (2).xlsx,,"1,447.8",,5205200,,,,,,,,,,,,,,,,,,,,,,,,,,,,,,,,,,,,,,,,,,,,,,,,,,0.48,,-0.15,,,,,,,6.9,-8000,-1.16 Cr,58400,-92.45
SAIL,,,,,,,,,,,,,,,,,,,VOLUME_OI,VolumeAndOISpikesScans_25AUG26_Report_5_8_2026 (2).xlsx,,175.19,,177105400,,,,,,,,,,,,,,,,,,,,,,,,,,,,,,,,,,,,,,,,,,,,,,,,,,0.36,,-0.15,,,,,,,0.63,-258500,-4.53 Cr,1880000,-92.53
TATAPOWER,,,,,,,,,,,,,,,,,,,VOLUME_OI,VolumeAndOISpikesScans_25AUG26_Report_5_8_2026 (2).xlsx,,383.4,,62061450,,,,,,,,,,,,,,,,,,,,,,,,,,,,,,,,,,,,,,,,,,,,,,,,,,0.26,,-0.11,,,,,,,1,-71050,-2.72 Cr,226200,-92.74
PAYTM,,,,,,,,,,,,,,,,,,,VOLUME_OI,VolumeAndOISpikesScans_25AUG26_Report_5_8_2026 (2).xlsx,,"1,423.9",,20600150,,,,,,,,,,,,,,,,,,,,,,,,,,,,,,,,,,,,,,,,,,,,,,,,,,0.95,,0.13,,,,,,,13.4,27550,3.92 Cr,775025,-92.76
DRREDDY,,,,,,,,,,,,,,,,,,,VOLUME_OI,VolumeAndOISpikesScans_25AUG26_Report_5_8_2026 (2).xlsx,,"1,160.3",,13500000,,,,,,,,,,,,,,,,,,,,,,,,,,,,,,,,,,,,,,,,,,,,,,,,,,0.48,,0.11,,,,,,,5.6,14375,1.67 Cr,180625,-92.79
HAL,,,,,,,,,,,,,,,,,,,VOLUME_OI,VolumeAndOISpikesScans_25AUG26_Report_5_8_2026 (2).xlsx,,"4,668.8",,5124000,,,,,,,,,,,,,,,,,,,,,,,,,,,,,,,,,,,,,,,,,,,,,,,,,,0.33,,0.09,,,,,,,15.5,4500,2.10 Cr,49950,-92.93
KPITTECH,,,,,,,,,,,,,,,,,,,VOLUME_OI,VolumeAndOISpikesScans_25AUG26_Report_5_8_2026 (2).xlsx,,621.1,,12606150,,,,,,,,,,,,,,,,,,,,,,,,,,,,,,,,,,,,,,,,,,,,,,,,,,-0.14,,-0.07,,,,,,,-0.85,-9300,-57.76 L,173600,-92.96
GVT&D,,,,,,,,,,,,,,,,,,,VOLUME_OI,VolumeAndOISpikesScans_25AUG26_Report_5_8_2026 (2).xlsx,,4390,,2775625,,,,,,,,,,,,,,,,,,,,,,,,,,,,,,,,,,,,,,,,,,,,,,,,,,0.86,,0.11,,,,,,,37.6,3125,1.37 Cr,32125,-93.0
AUROPHARMA,,,,,,,,,,,,,,,,,,,VOLUME_OI,VolumeAndOISpikesScans_25AUG26_Report_5_8_2026 (2).xlsx,,"1,583.1",,10688700,,,,,,,,,,,,,,,,,,,,,,,,,,,,,,,,,,,,,,,,,,,,,,,,,,-0.35,,0.36,,,,,,,-5.5,37950,6.01 Cr,134750,-93.1
CAMS,,,,,,,,,,,,,,,,,,,VOLUME_OI,VolumeAndOISpikesScans_25AUG26_Report_5_8_2026 (2).xlsx,,812.15,,7373025,,,,,,,,,,,,,,,,,,,,,,,,,,,,,,,,,,,,,,,,,,,,,,,,,,0.56,,-0.51,,,,,,,4.55,-37950,-3.08 Cr,229350,-93.5
LTM,,,,,,,,,,,,,,,,,,,VOLUME_OI,VolumeAndOISpikesScans_25AUG26_Report_5_8_2026 (2).xlsx,,"4,564.6",,2329500,,,,,,,,,,,,,,,,,,,,,,,,,,,,,,,,,,,,,,,,,,,,,,,,,,0.37,,0.23,,,,,,,16.7,5400,2.46 Cr,27150,-93.69
COALINDIA,,,,,,,,,,,,,,,,,,,VOLUME_OI,VolumeAndOISpikesScans_25AUG26_Report_5_8_2026 (2).xlsx,,415.15,,74853450,,,,,,,,,,,,,,,,,,,,,,,,,,,,,,,,,,,,,,,,,,,,,,,,,,-0.24,,0.07,,,,,,,-1,55350,2.30 Cr,384750,-93.73
JSWENERGY,,,,,,,,,,,,,,,,,,,VOLUME_OI,VolumeAndOISpikesScans_25AUG26_Report_5_8_2026 (2).xlsx,,570.2,,24433675,,,,,,,,,,,,,,,,,,,,,,,,,,,,,,,,,,,,,,,,,,,,,,,,,,0.13,,-0.06,,,,,,,0.75,-15050,-85.82 L,86000,-93.76
HAVELLS,,,,,,,,,,,,,,,,,,,VOLUME_OI,VolumeAndOISpikesScans_25AUG26_Report_5_8_2026 (2).xlsx,,"1,293.3",,8948000,,,,,,,,,,,,,,,,,,,,,,,,,,,,,,,,,,,,,,,,,,,,,,,,,,0.45,,-0.08,,,,,,,5.8,-7500,-97.00 L,74500,-94.38
KEI,,,,,,,,,,,,,,,,,,,VOLUME_OI,VolumeAndOISpikesScans_25AUG26_Report_5_8_2026 (2).xlsx,,"5,570.1",,1714125,,,,,,,,,,,,,,,,,,,,,,,,,,,,,,,,,,,,,,,,,,,,,,,,,,0.88,,-0.43,,,,,,,48.6,-7350,-4.09 Cr,162225,-94.48
DIVISLAB,,,,,,,,,,,,,,,,,,,VOLUME_OI,VolumeAndOISpikesScans_25AUG26_Report_5_8_2026 (2).xlsx,,"8,424.5",,3556700,,,,,,,,,,,,,,,,,,,,,,,,,,,,,,,,,,,,,,,,,,,,,,,,,,-0.12,,0.41,,,,,,,-10.5,14500,12.22 Cr,39400,-94.58
IREDA,,,,,,,,,,,,,,,,,,,VOLUME_OI,VolumeAndOISpikesScans_25AUG26_Report_5_8_2026 (2).xlsx,,116.71,,78219150,,,,,,,,,,,,,,,,,,,,,,,,,,,,,,,,,,,,,,,,,,,,,,,,,,0.36,,0.91,,,,,,,0.42,705900,8.24 Cr,1719500,-94.6
TECHM,,,,,,,,,,,,,,,,,,,VOLUME_OI,VolumeAndOISpikesScans_25AUG26_Report_5_8_2026 (2).xlsx,,"1,655.8",,17120400,,,,,,,,,,,,,,,,,,,,,,,,,,,,,,,,,,,,,,,,,,,,,,,,,,0.24,,-0.07,,,,,,,3.9,-12600,-2.09 Cr,91200,-95.27
LICI,,,,,,,,,,,,,,,,,,,VOLUME_OI,VolumeAndOISpikesScans_25AUG26_Report_5_8_2026 (2).xlsx,,398.2,,64290800,,,,,,,,,,,,,,,,,,,,,,,,,,,,,,,,,,,,,,,,,,,,,,,,,,2.02,,-2.93,,,,,,,7.9,-1937600,-77.16 Cr,3927000,-95.43
CDSL,,,,,,,,,,,,,,,,,,,VOLUME_OI,VolumeAndOISpikesScans_25AUG26_Report_5_8_2026 (2).xlsx,,"1,345.4",,10426725,,,,,,,,,,,,,,,,,,,,,,,,,,,,,,,,,,,,,,,,,,,,,,,,,,0.42,,0.34,,,,,,,5.6,35625,4.79 Cr,95000,-95.47
ABB,,,,,,,,,,,,,,,,,,,VOLUME_OI,VolumeAndOISpikesScans_25AUG26_Report_5_8_2026 (2).xlsx,,"7,733.5",,2162500,,,,,,,,,,,,,,,,,,,,,,,,,,,,,,,,,,,,,,,,,,,,,,,,,,0.52,,0.14,,,,,,,40,3125,2.42 Cr,38250,-95.48
PATANJALI,,,,,,,,,,,,,,,,,,,VOLUME_OI,VolumeAndOISpikesScans_25AUG26_Report_5_8_2026 (2).xlsx,,359.8,,34123725,,,,,,,,,,,,,,,,,,,,,,,,,,,,,,,,,,,,,,,,,,,,,,,,,,0.04,,0.15,,,,,,,0.15,49450,1.78 Cr,268750,-96.14
UNITDSPR,,,,,,,,,,,,,,,,,,,VOLUME_OI,VolumeAndOISpikesScans_25AUG26_Report_5_8_2026 (2).xlsx,,1535,,7652800,,,,,,,,,,,,,,,,,,,,,,,,,,,,,,,,,,,,,,,,,,,,,,,,,,-0.04,,0.05,,,,,,,-0.6,4000,61.40 L,43600,-96.25
CROMPTON,,,,,,,,,,,,,,,,,,,VOLUME_OI,VolumeAndOISpikesScans_25AUG26_Report_5_8_2026 (2).xlsx,,269.3,,60094650,,,,,,,,,,,,,,,,,,,,,,,,,,,,,,,,,,,,,,,,,,,,,,,,,,1.13,,0.07,,,,,,,3,40850,1.10 Cr,277350,-96.28
PREMIERENE,,,,,,,,,,,,,,,,,,,VOLUME_OI,VolumeAndOISpikesScans_25AUG26_Report_5_8_2026 (2).xlsx,,1039,,7285200,,,,,,,,,,,,,,,,,,,,,,,,,,,,,,,,,,,,,,,,,,,,,,,,,,-0.56,,-0.05,,,,,,,-5.9,-3900,-40.52 L,41600,-96.28
GODFRYPHLP,,,,,,,,,,,,,,,,,,,VOLUME_OI,VolumeAndOISpikesScans_25AUG26_Report_5_8_2026 (2).xlsx,,"2,312.4",,1838375,,,,,,,,,,,,,,,,,,,,,,,,,,,,,,,,,,,,,,,,,,,,,,,,,,-0.83,,-0.62,,,,,,,-19.3,-11550,-2.67 Cr,53075,-96.49
BANKEX,,,,,,,,,,,,,,,,,,,VOLUME_OI,VolumeAndOISpikesScans_25AUG26_Report_5_8_2026 (2).xlsx,,-,,-,,,,,,,,,,,,,,,,,,,,,,,,,,,,,,,,,,,,,,,,,,,,,,,,,,-,,-,,,,,,,-,-,-,-,
FOCIT,,,,,,,,,,,,,,,,,,,VOLUME_OI,VolumeAndOISpikesScans_25AUG26_Report_5_8_2026 (2).xlsx,,-,,-,,,,,,,,,,,,,,,,,,,,,,,,,,,,,,,,,,,,,,,,,,,,,,,,,,-,,-,,,,,,,-,-,-,-,
