trading_date,observation_timestamp,Symbol,Open,High,Low,Close,ATM Straddle %,current_price,opening_straddle_premium,upper_straddle_breakout_level,lower_straddle_breakout_level,standard_straddle_breakout,breakout_direction,Price Chg %,IV Chg %,OI Chg %,PCR Chg %
2026-08-13,2026-08-13T09:16:33.187597,360ONE,1150.3,1159.9,1140.7,1152.5,-,1152.5,,,,False,NONE,-0.23,-,8.69,-1.69
2026-08-13,2026-08-13T09:16:33.187597,ABB,7787.0,7790.0,7765.0,7777.0,-,7777.0,,,,False,NONE,0.45,-,-0.02,0
2026-08-13,2026-08-13T09:16:33.187597,ABCAPITAL,409.0,409.0,406.05,408.4,-,408.4,,,,False,NONE,0.21,-,0.0,0
2026-08-13,2026-08-13T09:16:33.187597,ADANIENSOL,1618.9,1620.8,1609.0,1620.3,-,1620.3,,,,False,NONE,0.47,-,0.01,0
2026-08-13,2026-08-13T09:16:33.187597,ADANIENT,2983.0,3005.0,2983.0,3000.5,-,3000.5,,,,False,NONE,0.46,-,0.0,0
2026-08-13,2026-08-13T09:16:33.187597,ADANIGREEN,1339.0,1345.5,1339.0,1343.1,-,1343.1,,,,False,NONE,0.53,-,0.0,0
2026-08-13,2026-08-13T09:16:33.187597,ADANIPORTS,1664.4,1669.3,1664.4,1665.3,-,1665.3,,,,False,NONE,0.26,-,0.01,0
2026-08-13,2026-08-13T09:16:33.187597,ADANIPOWER,209.0,209.0,208.36,208.45,-,208.45,,,,False,NONE,0.23,-,0.0,0
2026-08-13,2026-08-13T09:16:33.187597,ALKEM,5483.0,5483.0,5416.5,5459.0,-,5459.0,,,,False,NONE,0.04,-,0.01,0
2026-08-13,2026-08-13T09:16:33.187597,AMBER,7047.0,7059.5,7014.5,7014.5,-,7014.5,,,,False,NONE,0.01,-,-0.05,1.03
2026-08-13,2026-08-13T09:16:33.187597,AMBUJACEM,425.8,425.95,425.05,425.05,-,425.05,,,,False,NONE,0.11,-,0.0,0
2026-08-13,2026-08-13T09:16:33.187597,ANGELONE,289.1,289.4,289.0,289.0,-,289.0,,,,False,NONE,0.12,-,0.0,0
2026-08-13,2026-08-13T09:16:33.187597,APLAPOLLO,2009.5,2009.5,2003.0,2003.0,-,2003.0,,,,False,NONE,-0.13,-,0.02,0
2026-08-13,2026-08-13T09:16:33.187597,APOLLOHOSP,8740.0,8800.0,8715.0,8730.0,-,8730.0,,,,False,NONE,1.3,-,0.4,-1.89
2026-08-13,2026-08-13T09:16:33.187597,ASHOKLEY,177.5,180.75,177.5,179.68,-,179.68,,,,False,NONE,1.72,-,0.21,0
2026-08-13,2026-08-13T09:16:33.187597,ASIANPAINT,2730.0,2737.1,2724.4,2727.0,-,2727.0,,,,False,NONE,0.34,-,0.0,-1.54
2026-08-13,2026-08-13T09:16:33.187597,ASTRAL,1491.0,1539.6,1489.3,1537.8,-,1537.8,,,,False,NONE,5.6,-,0.52,2.9
2026-08-13,2026-08-13T09:16:33.187597,AUBANK,1096.0,1096.0,1088.4,1090.0,-,1090.0,,,,False,NONE,0.26,-,0.0,2.78
2026-08-13,2026-08-13T09:16:33.187597,AUROPHARMA,1665.0,1670.4,1665.0,1669.9,-,1669.9,,,,False,NONE,0.49,-,0.0,0
2026-08-13,2026-08-13T09:16:33.187597,AXISBANK,1227.1,1228.0,1222.6,1226.3,-,1226.3,,,,False,NONE,-0.29,-,0.01,0
2026-08-13,2026-08-13T09:16:33.187597,BAJAJ-AUTO,11703.0,11750.0,11698.0,11717.0,-,11717.0,,,,False,NONE,-0.13,-,0.02,0
2026-08-13,2026-08-13T09:16:33.187597,BAJAJFINSV,2007.0,2017.1,2007.0,2017.1,-,2017.1,,,,False,NONE,-0.3,-,0.0,0
2026-08-13,2026-08-13T09:16:33.187597,BAJAJHLDNG,11703.0,11703.0,11599.0,11599.0,-,11599.0,,,,False,NONE,0.66,-,0.05,-0.88
2026-08-13,2026-08-13T09:16:33.187597,BAJFINANCE,1094.6,1096.6,1091.4,1093.0,-,1093.0,,,,False,NONE,-0.04,-,0.02,0
2026-08-13,2026-08-13T09:16:33.187597,BANDHANBNK,172.72,175.79,171.5,174.37,-,174.37,,,,False,NONE,-0.41,-,0.25,0
2026-08-13,2026-08-13T09:16:33.187597,BANKBARODA,251.4,251.4,248.55,249.8,-,249.8,,,,False,NONE,-0.52,-,0.06,0
2026-08-13,2026-08-13T09:16:33.187597,BANKEX,65299.95,65445.7,65299.95,65445.7,-,65445.7,,,,False,NONE,0.0,-,0.0,-1.19
2026-08-13,2026-08-13T09:16:33.187597,BANKINDIA,145.1,145.29,144.81,145.0,-,145.0,,,,False,NONE,-0.59,-,0.04,0
2026-08-13,2026-08-13T09:16:33.187597,BANKNIFTY,58099.0,58099.0,57856.2,57923.0,-,57923.0,,,,False,NONE,-0.15,-,0.03,0
2026-08-13,2026-08-13T09:16:33.187597,BDL,1338.6,1345.5,1338.6,1342.0,-,1342.0,,,,False,NONE,0.25,-,-0.01,0
2026-08-13,2026-08-13T09:16:33.187597,BEL,406.0,406.65,405.5,406.5,-,406.5,,,,False,NONE,0.25,-,0.0,0
2026-08-13,2026-08-13T09:16:33.187597,BHARATFORG,2094.3,2098.0,2088.5,2094.2,-,2094.2,,,,False,NONE,0.45,-,0.02,0
2026-08-13,2026-08-13T09:16:33.187597,BHARTIARTL,1969.0,1977.6,1964.2,1970.5,-,1970.5,,,,False,NONE,1.17,-,0.07,2.04
2026-08-13,2026-08-13T09:16:33.187597,BHEL,420.65,421.35,419.25,419.55,-,419.55,,,,False,NONE,-0.01,-,0.01,0
2026-08-13,2026-08-13T09:16:33.187597,BIOCON,426.0,426.5,422.0,423.7,-,423.7,,,,False,NONE,-0.95,-,0.16,0
2026-08-13,2026-08-13T09:16:33.187597,BLUESTARCO,0.0,0.0,0.0,1495.9,-,1495.9,,,,False,NONE,0.14,-,0.0,0
2026-08-13,2026-08-13T09:16:33.187597,BOSCHLTD,46820.0,46990.0,46690.0,46890.0,-,46890.0,,,,False,NONE,0.72,-,0.13,0
2026-08-13,2026-08-13T09:16:33.187597,BPCL,316.2,316.2,315.0,315.45,-,315.45,,,,False,NONE,-0.24,-,0.0,0
2026-08-13,2026-08-13T09:16:33.187597,BRITANNIA,5557.0,5636.0,5540.0,5621.0,-,5621.0,,,,False,NONE,0.37,-,0.01,0
2026-08-13,2026-08-13T09:16:33.187597,BSE,3530.0,3530.0,3505.0,3506.6,-,3506.6,,,,False,NONE,-0.63,-,0.0,0
2026-08-13,2026-08-13T09:16:33.187597,CAMS,782.25,782.25,779.85,780.9,-,780.9,,,,False,NONE,0.03,-,0.0,0
2026-08-13,2026-08-13T09:16:33.187597,CANBK,132.0,132.0,130.85,131.6,-,131.6,,,,False,NONE,-0.27,-,0.05,0
2026-08-13,2026-08-13T09:16:33.187597,CDSL,1341.2,1344.5,1341.2,1342.0,-,1342.0,,,,False,NONE,-0.43,-,0.0,0
2026-08-13,2026-08-13T09:16:33.187597,CGPOWER,895.0,897.0,891.3,894.1,-,894.1,,,,False,NONE,0.51,-,0.04,-1.89
2026-08-13,2026-08-13T09:16:33.187597,CHOLAFIN,1911.5,1913.4,1909.0,1913.4,-,1913.4,,,,False,NONE,0.3,-,0.01,0
2026-08-13,2026-08-13T09:16:33.187597,CIPLA,1468.7,1468.7,1462.2,1462.4,-,1462.4,,,,False,NONE,-0.31,-,0.0,0
2026-08-13,2026-08-13T09:16:33.187597,COALINDIA,410.65,410.9,410.0,410.05,-,410.05,,,,False,NONE,-0.06,-,0.0,0
2026-08-13,2026-08-13T09:16:33.187597,COCHINSHIP,1510.9,1522.0,1494.9,1516.9,-,1516.9,,,,False,NONE,0.11,-,0.04,0
2026-08-13,2026-08-13T09:16:33.187597,COFORGE,1800.0,1804.6,1797.0,1804.6,-,1804.6,,,,False,NONE,-0.39,-,0.03,0
2026-08-13,2026-08-13T09:16:33.187597,COLPAL,2004.5,2004.5,1996.9,2000.1,-,2000.1,,,,False,NONE,-0.31,-,0.0,1.96
2026-08-13,2026-08-13T09:16:33.187597,CONCOR,516.85,516.85,515.5,516.0,-,516.0,,,,False,NONE,0.1,-,0.05,0
2026-08-13,2026-08-13T09:16:33.187597,CROMPTON,248.35,248.5,248.25,248.25,-,248.25,,,,False,NONE,-0.18,-,0.0,0
2026-08-13,2026-08-13T09:16:33.187597,CUMMINSIND,5410.0,5410.0,5390.0,5390.5,-,5390.5,,,,False,NONE,0.06,-,0.01,2.41
2026-08-13,2026-08-13T09:16:33.187597,DABUR,406.3,408.35,406.3,407.3,-,407.3,,,,False,NONE,-0.13,-,0.0,0
2026-08-13,2026-08-13T09:16:33.187597,DALBHARAT,1856.2,1856.2,1848.0,1848.0,-,1848.0,,,,False,NONE,0.33,-,0.01,1.92
2026-08-13,2026-08-13T09:16:33.187597,DELHIVERY,474.3,474.3,470.25,471.65,-,471.65,,,,False,NONE,-0.14,-,0.01,0
2026-08-13,2026-08-13T09:16:33.187597,DIVISLAB,8480.0,8524.5,8475.5,8510.0,-,8510.0,,,,False,NONE,0.27,-,0.01,0
2026-08-13,2026-08-13T09:16:33.187597,DIXON,13799.0,13799.0,13743.0,13743.0,-,13743.0,,,,False,NONE,-0.06,-,0.01,0
2026-08-13,2026-08-13T09:16:33.187597,DLF,662.9,663.0,659.25,659.25,-,659.25,,,,False,NONE,-0.25,-,0.03,0
2026-08-13,2026-08-13T09:16:33.187597,DMART,4059.9,4059.9,4040.0,4040.0,-,4040.0,,,,False,NONE,-0.25,-,0.0,0
2026-08-13,2026-08-13T09:16:33.187597,DRREDDY,1192.9,1194.3,1192.7,1194.2,-,1194.2,,,,False,NONE,0.12,-,0.0,0
2026-08-13,2026-08-13T09:16:33.187597,EICHERMOT,8079.0,8081.5,8055.0,8066.0,-,8066.0,,,,False,NONE,0.32,-,0.01,0
2026-08-13,2026-08-13T09:16:33.187597,ETERNAL,315.0,315.3,313.85,315.3,-,315.3,,,,False,NONE,0.25,-,0.02,0
2026-08-13,2026-08-13T09:16:33.187597,FEDERALBNK,356.1,356.65,355.35,356.25,-,356.25,,,,False,NONE,0.01,-,0.02,0
2026-08-13,2026-08-13T09:16:33.187597,FINNIFTY,26363.3,26549.2,26363.0,26530.3,-,26530.3,,,,False,NONE,0.02,-,0.15,1.89
2026-08-13,2026-08-13T09:16:33.187597,FOCIT,38144.0,38144.0,37705.0,37804.0,-,37804.0,,,,False,NONE,0.0,-,0.0,-1.18
2026-08-13,2026-08-13T09:16:33.187597,FORCEMOT,19498.0,19498.0,19356.0,19381.0,-,19381.0,,,,False,NONE,0.32,-,0.03,0
2026-08-13,2026-08-13T09:16:33.187597,FORTIS,892.0,902.6,892.0,900.65,-,900.65,,,,False,NONE,0.96,-,0.16,0
2026-08-13,2026-08-13T09:16:33.187597,GAIL,175.55,175.6,175.2,175.32,-,175.32,,,,False,NONE,0.26,-,0.0,0
2026-08-13,2026-08-13T09:16:33.187597,GLENMARK,2305.0,2305.0,2287.8,2293.9,-,2293.9,,,,False,NONE,-0.08,-,0.01,0
2026-08-13,2026-08-13T09:16:33.187597,GMRAIRPORT,106.8,106.8,105.09,105.47,-,105.47,,,,False,NONE,0.54,-,-0.01,0
2026-08-13,2026-08-13T09:16:33.187597,GODFRYPHLP,2192.3,2194.4,2191.8,2194.4,-,2194.4,,,,False,NONE,0.05,-,0.0,0
2026-08-13,2026-08-13T09:16:33.187597,GODREJCP,912.8,914.0,910.0,910.8,-,910.8,,,,False,NONE,0.07,-,0.04,0
2026-08-13,2026-08-13T09:16:33.187597,GODREJPROP,2004.0,2004.0,2000.0,2001.4,-,2001.4,,,,False,NONE,-0.45,-,0.0,0
2026-08-13,2026-08-13T09:16:33.187597,GRASIM,3308.0,3314.9,3266.1,3269.9,-,3269.9,,,,False,NONE,-1.61,-,0.3,0
2026-08-13,2026-08-13T09:16:33.187597,GVT&D,4429.0,4432.5,4386.0,4390.4,-,4390.4,,,,False,NONE,-0.67,-,0.02,0
2026-08-13,2026-08-13T09:16:33.187597,HAL,5040.0,5043.9,5000.0,5009.4,-,5009.4,,,,False,NONE,0.12,-,0.04,0
2026-08-13,2026-08-13T09:16:33.187597,HAVELLS,1263.2,1273.6,1263.2,1269.2,-,1269.2,,,,False,NONE,0.1,-,0.0,0
2026-08-13,2026-08-13T09:16:33.187597,HCLTECH,1363.7,1363.7,1356.1,1359.0,-,1359.0,,,,False,NONE,-0.08,-,0.01,0
2026-08-13,2026-08-13T09:16:33.187597,HDFCAMC,2495.0,2495.0,2493.7,2494.7,-,2494.7,,,,False,NONE,-0.25,-,0.0,0
2026-08-13,2026-08-13T09:16:33.187597,HDFCBANK,729.0,729.45,727.55,728.3,-,728.3,,,,False,NONE,-0.64,-,0.04,0
2026-08-13,2026-08-13T09:16:33.187597,HDFCLIFE,539.5,539.5,536.8,536.8,-,536.8,,,,False,NONE,-0.12,-,0.0,0
2026-08-13,2026-08-13T09:16:33.187597,HEROMOTOCO,5925.0,5926.0,5887.5,5918.0,-,5918.0,,,,False,NONE,0.54,-,0.01,0
2026-08-13,2026-08-13T09:16:33.187597,HINDALCO,1067.0,1074.85,1055.2,1064.0,-,1064.0,,,,False,NONE,-1.24,-,0.16,0
2026-08-13,2026-08-13T09:16:33.187597,HINDPETRO,391.95,391.95,390.85,391.7,-,391.7,,,,False,NONE,0.4,-,0.02,0
2026-08-13,2026-08-13T09:16:33.187597,HINDUNILVR,2061.9,2062.0,2061.2,2061.2,-,2061.2,,,,False,NONE,-0.11,-,0.0,0
2026-08-13,2026-08-13T09:16:33.187597,HINDZINC,586.65,588.85,585.55,586.8,-,586.8,,,,False,NONE,0.02,-,-0.02,0
2026-08-13,2026-08-13T09:16:33.187597,HYUNDAI,2253.9,2262.5,2245.5,2258.5,-,2258.5,,,,False,NONE,0.47,-,0.01,0
2026-08-13,2026-08-13T09:16:33.187597,ICICIBANK,1429.9,1430.8,1424.8,1425.9,-,1425.9,,,,False,NONE,-0.27,-,0.0,0
2026-08-13,2026-08-13T09:16:33.187597,ICICIGI,1641.2,1657.7,1628.7,1638.0,-,1638.0,,,,False,NONE,0.09,-,0.0,1.67
2026-08-13,2026-08-13T09:16:33.187597,ICICIPRULI,502.0,504.8,502.0,503.2,-,503.2,,,,False,NONE,0.05,-,0.02,0
2026-08-13,2026-08-13T09:16:33.187597,IDEA,13.75,13.88,13.72,13.79,-,13.79,,,,False,NONE,1.7,-,0.07,1.85
2026-08-13,2026-08-13T09:16:33.187597,IDFCFIRSTB,85.52,86.28,85.52,86.16,-,86.16,,,,False,NONE,0.23,-,0.01,0
2026-08-13,2026-08-13T09:16:33.187597,IEX,124.76,125.66,124.75,125.66,-,125.66,,,,False,NONE,0.35,-,0.0,0
2026-08-13,2026-08-13T09:16:33.187597,INDHOTEL,724.15,724.15,721.95,722.5,-,722.5,,,,False,NONE,-0.19,-,0.0,0
2026-08-13,2026-08-13T09:16:33.187597,INDIANB,898.5,898.5,887.0,889.9,-,889.9,,,,False,NONE,-0.57,-,0.15,0
2026-08-13,2026-08-13T09:16:33.187597,INDIGO,5365.0,5365.0,5347.0,5347.0,-,5347.0,,,,False,NONE,0.34,-,0.01,0
2026-08-13,2026-08-13T09:16:33.187597,INDUSINDBK,1018.0,1018.8,1014.4,1018.8,-,1018.8,,,,False,NONE,-0.43,-,0.01,0
2026-08-13,2026-08-13T09:16:33.187597,INDUSTOWER,384.4,385.0,383.7,383.7,-,383.7,,,,False,NONE,-0.13,-,0.05,-6.45
2026-08-13,2026-08-13T09:16:33.187597,INFY,1172.0,1172.1,1164.6,1165.0,-,1165.0,,,,False,NONE,-1.05,-,0.02,0
2026-08-13,2026-08-13T09:16:33.187597,INOXWIND,74.18,75.14,73.65,74.65,-,74.65,,,,False,NONE,0.24,-,0.26,0
2026-08-13,2026-08-13T09:16:33.187597,IOC,140.13,140.33,140.13,140.16,-,140.16,,,,False,NONE,0.02,-,0.0,0
2026-08-13,2026-08-13T09:16:33.187597,IREDA,116.09,116.09,115.37,115.37,-,115.37,,,,False,NONE,-0.22,-,0.01,0
2026-08-13,2026-08-13T09:16:33.187597,IRFC,87.67,88.47,87.29,88.29,-,88.29,,,,False,NONE,-0.02,-,0.03,3.39
2026-08-13,2026-08-13T09:16:33.187597,ITC,277.0,277.8,277.0,277.5,-,277.5,,,,False,NONE,0.0,-,0.01,0
2026-08-13,2026-08-13T09:16:33.187597,JINDALSTEL,1094.5,1105.4,1094.5,1105.4,-,1105.4,,,,False,NONE,0.05,-,0.0,0
2026-08-13,2026-08-13T09:16:33.187597,JIOFIN,261.5,263.6,260.0,262.45,-,262.45,,,,False,NONE,2.5,-,0.41,0
2026-08-13,2026-08-13T09:16:33.187597,JSWENERGY,560.0,563.05,560.0,562.35,-,562.35,,,,False,NONE,0.48,-,0.0,0
2026-08-13,2026-08-13T09:16:33.187597,JSWSTEEL,1273.2,1273.3,1270.2,1271.1,-,1271.1,,,,False,NONE,-0.33,-,0.01,0
2026-08-13,2026-08-13T09:16:33.187597,JUBLFOOD,476.95,476.95,471.65,474.95,-,474.95,,,,False,NONE,-0.57,-,0.04,0
2026-08-13,2026-08-13T09:16:33.187597,KALYANKJIL,603.05,604.4,602.0,602.0,-,602.0,,,,False,NONE,0.22,-,0.04,0
2026-08-13,2026-08-13T09:16:33.187597,KAYNES,3850.5,3857.4,3843.5,3857.4,-,3857.4,,,,False,NONE,0.02,-,0.02,0
2026-08-13,2026-08-13T09:16:33.187597,KEI,5739.2,5758.3,5720.1,5758.3,-,5758.3,,,,False,NONE,0.19,-,0.02,0
2026-08-13,2026-08-13T09:16:33.187597,KFINTECH,936.75,936.75,916.05,928.2,-,928.2,,,,False,NONE,0.05,-,0.08,2.08
2026-08-13,2026-08-13T09:16:33.187597,KOTAKBANK,392.0,393.95,390.95,392.9,-,392.9,,,,False,NONE,-0.08,-,0.01,0
2026-08-13,2026-08-13T09:16:33.187597,KPITTECH,610.0,613.95,610.0,612.3,-,612.3,,,,False,NONE,0.07,-,0.01,0
2026-08-13,2026-08-13T09:16:33.187597,LAURUSLABS,1846.0,1846.0,1832.5,1844.0,-,1844.0,,,,False,NONE,0.18,-,0.02,0
2026-08-13,2026-08-13T09:16:33.187597,LICHSGFIN,497.3,498.15,494.75,495.5,-,495.5,,,,False,NONE,-0.31,-,0.02,0
2026-08-13,2026-08-13T09:16:33.187597,LICI,414.7,415.85,414.7,415.0,-,415.0,,,,False,NONE,-0.48,-,-0.04,1.39
2026-08-13,2026-08-13T09:16:33.187597,LODHA,1201.4,1202.7,1201.4,1202.7,-,1202.7,,,,False,NONE,0.1,-,0.01,0
2026-08-13,2026-08-13T09:16:33.187597,LT,4030.0,4039.1,4022.4,4034.9,-,4034.9,,,,False,NONE,0.05,-,0.01,0
2026-08-13,2026-08-13T09:16:33.187597,LTF,314.3,318.55,314.3,317.8,-,317.8,,,,False,NONE,0.39,-,0.01,0
2026-08-13,2026-08-13T09:16:33.187597,LTM,4706.2,4706.2,4700.0,4700.0,-,4700.0,,,,False,NONE,-0.6,-,0.0,0
2026-08-13,2026-08-13T09:16:33.187597,LUPIN,2272.0,2279.4,2265.1,2272.5,-,2272.5,,,,False,NONE,0.1,-,-0.01,0
2026-08-13,2026-08-13T09:16:33.187597,M&M,3420.0,3439.8,3420.0,3434.8,-,3434.8,,,,False,NONE,0.14,-,0.02,0
2026-08-13,2026-08-13T09:16:33.187597,MANAPPURAM,353.7,354.0,353.3,353.8,-,353.8,,,,False,NONE,-0.24,-,0.0,0
2026-08-13,2026-08-13T09:16:33.187597,MANKIND,2425.8,2439.8,2394.7,2432.6,-,2432.6,,,,False,NONE,0.0,-,0.26,0
2026-08-13,2026-08-13T09:16:33.187597,MARICO,849.5,855.9,849.5,855.85,-,855.85,,,,False,NONE,0.55,-,0.0,0
2026-08-13,2026-08-13T09:16:33.187597,MARUTI,13950.0,13988.0,13925.0,13976.0,-,13976.0,,,,False,NONE,-0.02,-,0.02,0
2026-08-13,2026-08-13T09:16:33.187597,MAXHEALTH,1015.0,1019.4,1012.9,1017.0,-,1017.0,,,,False,NONE,0.49,-,0.01,-1.67
2026-08-13,2026-08-13T09:16:33.187597,MAZDOCK,2557.6,2565.0,2557.6,2565.0,-,2565.0,,,,False,NONE,0.54,-,0.0,0
2026-08-13,2026-08-13T09:16:33.187597,MCX,2969.9,2977.9,2958.0,2973.1,-,2973.1,,,,False,NONE,0.3,-,0.05,0
2026-08-13,2026-08-13T09:16:33.187597,MFSL,1520.1,1520.1,1505.0,1505.0,-,1505.0,,,,False,NONE,-1.45,-,0.0,0
2026-08-13,2026-08-13T09:16:33.187597,MIDCPNIFTY,15035.4,15035.4,14965.15,15021.45,-,15021.45,,,,False,NONE,0.04,-,0.01,0
2026-08-13,2026-08-13T09:16:33.187597,MOTHERSON,170.6,171.26,170.6,170.95,-,170.95,,,,False,NONE,0.6,-,0.0,0
2026-08-13,2026-08-13T09:16:33.187597,MOTILALOFS,893.5,899.95,893.5,897.2,-,897.2,,,,False,NONE,0.0,-,0.01,2
2026-08-13,2026-08-13T09:16:33.187597,MPHASIS,2516.6,2518.6,2506.1,2510.4,-,2510.4,,,,False,NONE,-0.17,-,0.01,0
2026-08-13,2026-08-13T09:16:33.187597,MUTHOOTFIN,2912.2,2912.2,2894.9,2897.6,-,2897.6,,,,False,NONE,-0.13,-,0.01,2.17
2026-08-13,2026-08-13T09:16:33.187597,NAM-INDIA,1180.2,1189.2,1180.2,1189.2,-,1189.2,,,,False,NONE,0.71,-,0.01,0
2026-08-13,2026-08-13T09:16:33.187597,NATIONALUM,410.0,413.0,405.6,413.0,-,413.0,,,,False,NONE,-1.38,-,0.5,-2.35
2026-08-13,2026-08-13T09:16:33.187597,NAUKRI,1345.7,1347.0,1342.2,1342.2,-,1342.2,,,,False,NONE,-0.22,-,0.03,1.39
2026-08-13,2026-08-13T09:16:33.187597,NBCC,92.75,92.75,92.51,92.51,-,92.51,,,,False,NONE,-0.42,-,0.0,0
2026-08-13,2026-08-13T09:16:33.187597,NESTLEIND,1508.5,1511.7,1507.7,1508.3,-,1508.3,,,,False,NONE,0.37,-,0.02,0
2026-08-13,2026-08-13T09:16:33.187597,NHPC,76.49,76.49,76.48,76.48,-,76.48,,,,False,NONE,0.41,-,0.0,0
2026-08-13,2026-08-13T09:16:33.187597,NIFTY,24460.5,24460.5,24423.7,24431.5,-,24431.5,,,,False,NONE,-0.16,-,0.0,0
2026-08-13,2026-08-13T09:16:33.187597,NIFTYFPI,1586.0,1600.0,1586.0,1598.0,-,1598.0,,,,False,NONE,0.29,-,0.0,-
2026-08-13,2026-08-13T09:16:33.187597,NIFTYNXT50,74277.2,74600.0,74039.4,74600.0,-,74600.0,,,,False,NONE,0.16,-,0.0,7.59
2026-08-13,2026-08-13T09:16:33.187597,NMDC,85.64,85.64,85.34,85.55,-,85.55,,,,False,NONE,0.3,-,0.0,0
2026-08-13,2026-08-13T09:16:33.187597,NTPC,339.95,340.75,339.95,340.2,-,340.2,,,,False,NONE,0.09,-,0.0,0
2026-08-13,2026-08-13T09:16:33.187597,NYKAA,322.3,326.0,322.3,326.0,-,326.0,,,,False,NONE,-0.09,-,-0.02,0
2026-08-13,2026-08-13T09:16:33.187597,OBEROIRLTY,1772.1,1789.8,1772.1,1778.9,-,1778.9,,,,False,NONE,-0.31,-,-0.01,0
2026-08-13,2026-08-13T09:16:33.187597,OFSS,11550.0,11572.0,11550.0,11556.0,-,11556.0,,,,False,NONE,-0.32,-,0.01,0
2026-08-13,2026-08-13T09:16:33.187597,OIL,470.25,471.15,469.85,470.65,-,470.65,,,,False,NONE,-0.59,-,0.0,0
2026-08-13,2026-08-13T09:16:33.187597,ONGC,239.1,239.58,238.55,239.51,-,239.51,,,,False,NONE,-0.09,-,0.12,0
2026-08-13,2026-08-13T09:16:33.187597,PAGEIND,37650.0,37900.0,37550.0,37550.0,-,37550.0,,,,False,NONE,-0.82,-,0.06,0
2026-08-13,2026-08-13T09:16:33.187597,PATANJALI,352.0,353.0,351.95,353.0,-,353.0,,,,False,NONE,0.83,-,0.01,0
2026-08-13,2026-08-13T09:16:33.187597,PAYTM,1617.5,1618.9,1607.0,1607.0,-,1607.0,,,,False,NONE,-0.43,-,0.01,0
2026-08-13,2026-08-13T09:16:33.187597,PERSISTENT,5460.0,5460.0,5410.5,5427.0,-,5427.0,,,,False,NONE,-0.78,-,0.02,0
2026-08-13,2026-08-13T09:16:33.187597,PETRONET,280.95,285.8,280.95,284.6,-,284.6,,,,False,NONE,1.3,-,0.02,0
2026-08-13,2026-08-13T09:16:33.187597,PFC,378.95,378.95,376.75,377.0,-,377.0,,,,False,NONE,-0.48,-,0.04,0
2026-08-13,2026-08-13T09:16:33.187597,PGEL,615.55,617.15,615.55,617.15,-,617.15,,,,False,NONE,-0.19,-,0.0,0
2026-08-13,2026-08-13T09:16:33.187597,PHOENIXLTD,1884.0,1884.0,1884.0,1884.0,-,1884.0,,,,False,NONE,-0.82,-,0.0,0
2026-08-13,2026-08-13T09:16:33.187597,PIDILITIND,1699.0,1706.4,1699.0,1705.5,-,1705.5,,,,False,NONE,0.41,-,0.01,0
2026-08-13,2026-08-13T09:16:33.187597,PIIND,2467.9,2498.8,2467.9,2479.8,-,2479.8,,,,False,NONE,0.52,-,0.01,0
2026-08-13,2026-08-13T09:16:33.187597,PNB,118.29,118.76,117.75,118.65,-,118.65,,,,False,NONE,-0.08,-,0.12,-1.22
2026-08-13,2026-08-13T09:16:33.187597,PNBHOUSING,1152.8,1164.6,1148.0,1164.4,-,1164.4,,,,False,NONE,0.23,-,0.66,0
2026-08-13,2026-08-13T09:16:33.187597,POLICYBZR,1710.1,1735.0,1710.1,1735.0,-,1735.0,,,,False,NONE,0.99,-,0.0,0
2026-08-13,2026-08-13T09:16:33.187597,POLYCAB,9359.5,9360.0,9340.0,9350.0,-,9350.0,,,,False,NONE,0.31,-,0.02,0
2026-08-13,2026-08-13T09:16:33.187597,POWERGRID,268.95,269.1,268.45,268.45,-,268.45,,,,False,NONE,0.0,-,0.01,0
2026-08-13,2026-08-13T09:16:33.187597,POWERINDIA,36195.0,36195.0,35790.0,35850.0,-,35850.0,,,,False,NONE,-0.06,-,0.19,0
2026-08-13,2026-08-13T09:16:33.187597,PREMIERENE,1034.5,1035.1,1034.5,1035.1,-,1035.1,,,,False,NONE,0.28,-,0.0,0
2026-08-13,2026-08-13T09:16:33.187597,PRESTIGE,1585.0,1585.0,1562.5,1575.0,-,1575.0,,,,False,NONE,-1.12,-,-0.03,1.37
2026-08-13,2026-08-13T09:16:33.187597,RADICO,4522.6,4574.5,4522.6,4570.0,-,4570.0,,,,False,NONE,0.63,-,0.0,0
2026-08-13,2026-08-13T09:16:33.187597,RBLBANK,389.95,389.95,387.4,388.25,-,388.25,,,,False,NONE,0.22,-,-0.02,0
2026-08-13,2026-08-13T09:16:33.187597,RECLTD,343.7,343.9,342.55,342.55,-,342.55,,,,False,NONE,-0.29,-,0.0,0
2026-08-13,2026-08-13T09:16:33.187597,RELIANCE,1327.0,1328.6,1313.2,1316.0,-,1316.0,,,,False,NONE,-0.72,-,0.1,0
2026-08-13,2026-08-13T09:16:33.187597,RVNL,231.05,231.05,231.05,231.05,-,231.05,,,,False,NONE,0.13,-,0.0,0
2026-08-13,2026-08-13T09:16:33.187597,SAIL,172.4,175.8,171.0,172.6,-,172.6,,,,False,NONE,0.03,-,0.83,0
2026-08-13,2026-08-13T09:16:33.187597,SBICARD,650.0,650.0,645.3,645.3,-,645.3,,,,False,NONE,-1.14,-,0.01,0
2026-08-13,2026-08-13T09:16:33.187597,SBILIFE,1828.0,1832.9,1819.9,1820.8,-,1820.8,,,,False,NONE,-0.93,-,0.01,0
2026-08-13,2026-08-13T09:16:33.187597,SBIN,1086.1,1086.7,1077.1,1080.7,-,1080.7,,,,False,NONE,-0.48,-,0.05,0
2026-08-13,2026-08-13T09:16:33.187597,SENSEX,78380.0,78506.1,77905.05,78335.0,-,78335.0,,,,False,NONE,0.0,-,0.19,0
2026-08-13,2026-08-13T09:16:33.187597,SHREECEM,25595.0,25615.0,25590.0,25590.0,-,25590.0,,,,False,NONE,0.0,-,0.0,0
2026-08-13,2026-08-13T09:16:33.187597,SHRIRAMFIN,1132.2,1132.2,1125.8,1126.5,-,1126.5,,,,False,NONE,0.39,-,0.01,0
2026-08-13,2026-08-13T09:16:33.187597,SIEMENS,4048.0,4048.0,4000.1,4017.6,-,4017.6,,,,False,NONE,-0.38,-,0.02,4.29
2026-08-13,2026-08-13T09:16:33.187597,SOLARINDS,18830.0,18987.0,18830.0,18852.0,-,18852.0,,,,False,NONE,0.12,-,-0.01,1.49
2026-08-13,2026-08-13T09:16:33.187597,SONACOMS,800.55,805.65,800.3,803.05,-,803.05,,,,False,NONE,-0.11,-,0.0,0
2026-08-13,2026-08-13T09:16:33.187597,SRF,2597.0,2597.0,2582.1,2582.1,-,2582.1,,,,False,NONE,-0.21,-,0.0,0
2026-08-13,2026-08-13T09:16:33.187597,SUNPHARMA,1947.7,1947.7,1944.5,1944.5,-,1944.5,,,,False,NONE,0.2,-,0.0,0
2026-08-13,2026-08-13T09:16:33.187597,SUPREMEIND,3424.0,3499.0,3424.0,3470.4,-,3470.4,,,,False,NONE,0.62,-,0.14,0
2026-08-13,2026-08-13T09:16:33.187597,SUZLON,47.22,47.43,47.15,47.28,-,47.28,,,,False,NONE,-0.19,-,0.01,0
2026-08-13,2026-08-13T09:16:33.187597,SWIGGY,278.8,280.0,278.75,278.75,-,278.75,,,,False,NONE,0.47,-,0.02,0
2026-08-13,2026-08-13T09:16:33.187597,TATACONSUM,1062.1,1067.4,1061.8,1067.4,-,1067.4,,,,False,NONE,0.58,-,0.01,0
2026-08-13,2026-08-13T09:16:33.187597,TATAELXSI,3738.7,3738.7,3738.7,3738.7,-,3738.7,,,,False,NONE,0.16,-,0.0,0
2026-08-13,2026-08-13T09:16:33.187597,TATAPOWER,379.8,379.8,379.2,379.2,-,379.2,,,,False,NONE,-0.05,-,0.0,0
2026-08-13,2026-08-13T09:16:33.187597,TATASTEEL,186.5,187.23,186.34,186.58,-,186.58,,,,False,NONE,0.34,-,-0.04,0
2026-08-13,2026-08-13T09:16:33.187597,TCS,2348.2,2350.3,2337.2,2340.6,-,2340.6,,,,False,NONE,-0.07,-,0.0,0
2026-08-13,2026-08-13T09:16:33.187597,TECHM,1631.0,1638.0,1631.0,1638.0,-,1638.0,,,,False,NONE,0.43,-,0.0,0
2026-08-13,2026-08-13T09:16:33.187597,TIINDIA,2855.0,2855.0,2847.0,2847.0,-,2847.0,,,,False,NONE,0.29,-,0.02,0
2026-08-13,2026-08-13T09:16:33.187597,TITAN,5062.0,5077.5,5057.0,5059.7,-,5059.7,,,,False,NONE,-0.2,-,0.02,0
2026-08-13,2026-08-13T09:16:33.187597,TMPV,345.0,346.3,344.05,346.05,-,346.05,,,,False,NONE,0.7,-,0.03,0
2026-08-13,2026-08-13T09:16:33.187597,TORNTPHARM,4919.5,4919.5,4876.5,4876.5,-,4876.5,,,,False,NONE,-0.4,-,0.01,0
2026-08-13,2026-08-13T09:16:33.187597,TRENT,2991.0,2991.7,2976.3,2980.6,-,2980.6,,,,False,NONE,-0.35,-,0.0,0
2026-08-13,2026-08-13T09:16:33.187597,TVSMOTOR,4377.4,4385.7,4360.8,4371.0,-,4371.0,,,,False,NONE,-0.02,-,0.02,0
2026-08-13,2026-08-13T09:16:33.187597,ULTRACEMCO,11898.0,11920.0,11858.0,11869.0,-,11869.0,,,,False,NONE,-0.52,-,0.44,2.33
2026-08-13,2026-08-13T09:16:33.187597,UNIONBANK,187.99,187.99,185.76,187.0,-,187.0,,,,False,NONE,-0.26,-,0.08,-1.05
2026-08-13,2026-08-13T09:16:33.187597,UNITDSPR,1520.8,1525.0,1518.0,1525.0,-,1525.0,,,,False,NONE,-0.22,-,-0.01,0
2026-08-13,2026-08-13T09:16:33.187597,UNOMINDA,1246.0,1267.8,1246.0,1248.8,-,1248.8,,,,False,NONE,0.26,-,-0.01,0
2026-08-13,2026-08-13T09:16:33.187597,UPL,569.0,569.05,566.15,568.15,-,568.15,,,,False,NONE,-0.03,-,0.01,0
2026-08-13,2026-08-13T09:16:33.187597,VBL,437.45,440.55,437.45,439.95,-,439.95,,,,False,NONE,0.14,-,0.0,0
2026-08-13,2026-08-13T09:16:33.187597,VEDL,277.45,277.45,275.55,276.65,-,276.65,,,,False,NONE,0.14,-,0.0,0
2026-08-13,2026-08-13T09:16:33.187597,VMM,106.21,107.74,106.21,107.74,-,107.74,,,,False,NONE,-0.11,-,0.0,0
2026-08-13,2026-08-13T09:16:33.187597,VOLTAS,1296.7,1296.7,1292.8,1294.8,-,1294.8,,,,False,NONE,0.26,-,0.01,0
2026-08-13,2026-08-13T09:16:33.187597,WAAREEENER,2665.0,2671.2,2665.0,2669.9,-,2669.9,,,,False,NONE,0.38,-,0.0,0
2026-08-13,2026-08-13T09:16:33.187597,WIPRO,183.5,183.7,183.46,183.66,-,183.66,,,,False,NONE,-0.12,-,0.0,0
2026-08-13,2026-08-13T09:16:33.187597,YESBANK,22.95,22.96,22.86,22.92,-,22.92,,,,False,NONE,0.17,-,0.01,0
2026-08-13,2026-08-13T09:16:33.187597,ZYDUSLIFE,1206.6,1209.9,1193.3,1195.0,-,1195.0,,,,False,NONE,-0.96,-,0.08,0
2026-08-13,2026-08-13T09:18:06.016647,360ONE,1150.3,1159.9,1140.7,1152.5,4.67,1152.5,53.71901,1204.01901,1096.58099,False,NONE,-0.23,7.31,8.69,-1.69
2026-08-13,2026-08-13T09:18:06.016647,ABB,7787.0,7790.0,7762.0,7762.0,4.54,7762.0,353.5298,8140.5298,7433.4702,False,NONE,0.25,-1.09,-0.02,0
2026-08-13,2026-08-13T09:18:06.016647,ABCAPITAL,409.0,409.0,406.05,408.4,4.12,408.4,16.850800000000003,425.8508,392.1492,False,NONE,0.21,4.73,0.02,0
2026-08-13,2026-08-13T09:18:06.016647,ADANIENSOL,1618.9,1629.0,1609.0,1626.9,4.72,1626.9,76.41208,1695.3120800000002,1542.48792,False,NONE,0.87,1.53,-0.04,0
2026-08-13,2026-08-13T09:18:06.016647,ADANIENT,2983.0,3025.8,2983.0,3016.6,4.45,3016.6,132.7435,3115.7435,2850.2565,False,NONE,0.99,1.45,0.02,1.69
2026-08-13,2026-08-13T09:18:06.016647,ADANIGREEN,1339.0,1353.1,1339.0,1346.7,5.22,1346.7,69.8958,1408.8958,1269.1042,False,NONE,0.8,1.02,-0.02,0
2026-08-13,2026-08-13T09:18:06.016647,ADANIPORTS,1664.4,1673.9,1664.4,1672.0,3.8,1672.0,63.2472,1727.6472,1601.1528,False,NONE,0.67,4.57,0.0,0
2026-08-13,2026-08-13T09:18:06.016647,ADANIPOWER,209.0,210.21,208.36,210.21,4.87,210.21,10.1783,219.1783,198.8217,False,NONE,1.08,4.57,-0.03,0
2026-08-13,2026-08-13T09:18:06.016647,ALKEM,5483.0,5483.0,5416.5,5453.5,5.15,5453.5,282.3745,5765.3745,5200.6255,False,NONE,-0.06,-3.51,0.01,-1.59
2026-08-13,2026-08-13T09:18:06.016647,AMBER,7047.0,7059.5,7011.5,7037.0,6.53,7037.0,460.1691,7507.1691,6586.8309,False,NONE,0.34,4.5,-0.05,1.03
2026-08-13,2026-08-13T09:18:06.016647,AMBUJACEM,425.8,425.95,424.45,424.45,3.53,424.45,15.030740000000002,440.83074,410.76926000000003,False,NONE,-0.04,3.28,0.0,0
2026-08-13,2026-08-13T09:18:06.016647,ANGELONE,289.1,289.7,289.0,289.7,5.12,289.7,14.801920000000003,303.90192,274.29808,False,NONE,0.36,-,0.01,0
2026-08-13,2026-08-13T09:18:06.016647,APLAPOLLO,2009.5,2009.5,2001.8,2001.8,3.54,2001.8,71.1363,2080.6363,1938.3636999999999,False,NONE,-0.19,12.02,0.04,0
2026-08-13,2026-08-13T09:18:06.016647,APOLLOHOSP,8740.0,8800.0,8676.0,8715.0,3.95,8715.0,345.23,9085.23,8394.77,False,NONE,1.13,-17.68,0.86,-5.66
2026-08-13,2026-08-13T09:18:06.016647,ASHOKLEY,177.5,180.75,177.5,179.2,5.75,179.2,10.20625,187.70625,167.29375,False,NONE,1.44,-5.53,0.09,2.38
2026-08-13,2026-08-13T09:18:06.016647,ASIANPAINT,2730.0,2737.1,2724.4,2735.7,3.34,2735.7,91.18199999999999,2821.182,2638.818,False,NONE,0.66,-1.28,0.04,0
2026-08-13,2026-08-13T09:18:06.016647,ASTRAL,1491.0,1560.9,1489.3,1557.1,5.18,1557.1,77.23379999999999,1568.2338,1413.7662,False,NONE,6.92,-2.2,0.82,2.9
2026-08-13,2026-08-13T09:18:06.016647,AUBANK,1096.0,1096.0,1088.4,1090.0,3.73,1090.0,40.8808,1136.8808,1055.1192,False,NONE,0.26,3.42,0.0,2.78
2026-08-13,2026-08-13T09:18:06.016647,AUROPHARMA,1665.0,1670.4,1665.0,1668.0,4.28,1668.0,71.262,1736.262,1593.738,False,NONE,0.38,-3.4,0.02,0
2026-08-13,2026-08-13T09:18:06.016647,AXISBANK,1227.1,1228.5,1222.6,1226.9,2.9,1226.9,35.585899999999995,1262.6859,1191.5140999999999,False,NONE,-0.24,3.14,0.02,0
2026-08-13,2026-08-13T09:18:06.016647,BAJAJ-AUTO,11703.0,11750.0,11698.0,11726.0,3.27,11726.0,382.68809999999996,12085.6881,11320.3119,False,NONE,-0.05,4.17,0.0,-0.73
2026-08-13,2026-08-13T09:18:06.016647,BAJAJFINSV,2007.0,2017.1,2007.0,2014.6,3.2,2014.6,64.224,2071.224,1942.776,False,NONE,-0.43,-3.85,0.0,0
2026-08-13,2026-08-13T09:18:06.016647,BAJAJHLDNG,11703.0,11703.0,11599.0,11599.0,3.95,11599.0,462.26849999999996,12165.2685,11240.7315,False,NONE,0.66,-14.27,0.05,-0.88
2026-08-13,2026-08-13T09:18:06.016647,BAJFINANCE,1094.6,1096.6,1091.2,1091.2,3.54,1091.2,38.748839999999994,1133.3488399999999,1055.85116,False,NONE,-0.2,3.29,0.09,0
2026-08-13,2026-08-13T09:18:06.016647,BANDHANBNK,172.72,175.79,171.5,174.37,3.82,174.37,6.597904,179.317904,166.122096,False,NONE,-0.41,-,0.25,0
2026-08-13,2026-08-13T09:18:06.016647,BANKBARODA,251.4,251.4,248.55,249.97,3.89,249.97,9.77946,261.17946,241.62054,False,NONE,-0.45,2.03,0.1,0
2026-08-13,2026-08-13T09:18:06.016647,BANKEX,65299.95,65445.7,65299.95,65445.7,2.07,65445.7,1351.7089649999998,66651.658965,63948.241035,False,NONE,0.0,20.17,0.0,-1.19
2026-08-13,2026-08-13T09:18:06.016647,BANKINDIA,145.1,145.64,144.81,145.16,4.53,145.16,6.57303,151.67302999999998,138.52697,False,NONE,-0.48,1.11,0.19,0
2026-08-13,2026-08-13T09:18:06.016647,BANKNIFTY,58099.0,58099.0,57856.2,57935.0,1.82,57935.0,1057.4018,59156.4018,57041.5982,False,NONE,-0.12,3.31,0.11,-1.14
2026-08-13,2026-08-13T09:18:06.016647,BDL,1338.6,1348.7,1338.6,1346.3,6.83,1346.3,91.42638,1430.0263799999998,1247.17362,False,NONE,0.58,1.72,0.07,0
2026-08-13,2026-08-13T09:18:06.016647,BEL,406.0,406.65,405.5,406.0,3.71,406.0,15.0626,421.0626,390.9374,False,NONE,0.12,1.78,-0.02,1.59
2026-08-13,2026-08-13T09:18:06.016647,BHARATFORG,2094.3,2098.0,2082.0,2085.5,4.13,2085.5,86.49459,2180.79459,2007.8054100000002,False,NONE,0.03,3.02,-0.02,0
2026-08-13,2026-08-13T09:18:06.016647,BHARTIARTL,1969.0,1977.8,1956.3,1957.0,2.83,1957.0,55.7227,2024.7227,1913.2773,False,NONE,0.48,-0.91,0.18,2.04
2026-08-13,2026-08-13T09:18:06.016647,BHEL,420.65,421.35,418.65,419.05,5.35,419.05,22.504774999999995,443.154775,398.145225,False,NONE,-0.13,3.71,0.04,0
2026-08-13,2026-08-13T09:18:06.016647,BIOCON,426.0,426.5,421.55,421.95,4.25,421.95,18.105,444.105,407.895,False,NONE,-1.36,-0.38,0.26,0
2026-08-13,2026-08-13T09:18:06.016647,BLUESTARCO,1496.0,1504.0,1496.0,1504.0,4.85,1504.0,72.556,1568.556,1423.444,False,NONE,0.68,1.1,-0.01,0
2026-08-13,2026-08-13T09:18:06.016647,BOSCHLTD,46820.0,47000.0,46690.0,47000.0,3.74,47000.0,1751.0680000000002,48571.068,45068.932,False,NONE,0.96,-,0.2,0
2026-08-13,2026-08-13T09:18:06.016647,BPCL,316.2,316.2,315.0,315.0,3.77,315.0,11.92074,328.12074,304.27925999999997,False,NONE,-0.38,1.7,0.01,0
2026-08-13,2026-08-13T09:18:06.016647,BRITANNIA,5557.0,5636.0,5540.0,5632.5,3.18,5632.5,176.7126,5733.7126,5380.2874,False,NONE,0.57,1.63,0.01,0
2026-08-13,2026-08-13T09:18:06.016647,BSE,3530.0,3530.0,3498.0,3500.9,5.72,3500.9,201.916,3731.916,3328.084,False,NONE,-0.79,3.74,0.15,0
2026-08-13,2026-08-13T09:18:06.016647,CAMS,782.25,783.1,779.85,783.1,3.95,783.1,30.898875000000004,813.148875,751.351125,False,NONE,0.31,-,0.01,0
2026-08-13,2026-08-13T09:18:06.016647,CANBK,132.0,132.0,130.85,131.7,4.42,131.7,5.8344,137.8344,126.1656,False,NONE,-0.19,-3.67,0.07,0
2026-08-13,2026-08-13T09:18:06.016647,CDSL,1341.2,1345.9,1341.2,1345.9,4.12,1345.9,55.25744,1396.4574400000001,1285.94256,False,NONE,-0.14,3.31,0.01,0
2026-08-13,2026-08-13T09:18:06.016647,CGPOWER,895.0,897.0,891.3,895.1,5.18,895.1,46.361,941.361,848.639,False,NONE,0.62,0.66,0.04,0
2026-08-13,2026-08-13T09:18:06.016647,CHOLAFIN,1911.5,1913.4,1909.0,1911.2,4.33,1911.2,82.76795,1994.26795,1828.73205,False,NONE,0.18,1.63,0.01,0
2026-08-13,2026-08-13T09:18:06.016647,CIPLA,1468.7,1468.7,1462.2,1462.4,3.03,1462.4,44.50161,1513.20161,1424.19839,False,NONE,-0.31,6,0.0,0
2026-08-13,2026-08-13T09:18:06.016647,COALINDIA,410.65,410.9,410.0,410.1,2.8,410.1,11.498199999999999,422.1482,399.1518,False,NONE,-0.05,1.33,0.01,0
2026-08-13,2026-08-13T09:18:06.016647,COCHINSHIP,1515.2,1516.0,1515.2,1516.0,5.99,1516.0,90.76048,1605.96048,1424.4395200000001,False,NONE,0.05,1.04,0.0,0
2026-08-13,2026-08-13T09:18:06.016647,COFORGE,1800.0,1805.7,1797.0,1803.6,4.77,1803.6,85.86,1885.86,1714.14,False,NONE,-0.44,2.86,0.01,0
2026-08-13,2026-08-13T09:18:06.016647,COLPAL,2004.5,2008.3,1996.9,2006.6,3.35,2006.6,67.15075,2071.65075,1937.34925,False,NONE,0.01,7.98,0.02,1.96
2026-08-13,2026-08-13T09:18:06.016647,CONCOR,516.85,518.35,515.5,518.35,4.28,518.35,22.121180000000003,538.97118,494.72882000000004,False,NONE,0.55,2.05,0.05,0
2026-08-13,2026-08-13T09:18:06.016647,CROMPTON,248.35,248.9,248.1,248.6,4.81,248.6,11.945635,260.295635,236.40436499999998,False,NONE,-0.04,-2.02,0.01,0
2026-08-13,2026-08-13T09:18:06.016647,CUMMINSIND,5410.0,5410.0,5390.0,5402.0,3.63,5402.0,196.38299999999998,5606.383,5213.617,False,NONE,0.28,9.96,0.01,2.41
2026-08-13,2026-08-13T09:18:06.016647,DABUR,406.3,409.1,406.3,409.1,3.34,409.1,13.570419999999999,419.87042,392.72958,False,NONE,0.31,3.44,0.0,0
2026-08-13,2026-08-13T09:18:06.016647,DALBHARAT,1856.2,1856.2,1848.0,1848.0,3.7,1848.0,68.6794,1924.8794,1787.5206,False,NONE,0.33,-,0.01,1.92
2026-08-13,2026-08-13T09:18:06.016647,DELHIVERY,474.3,474.3,470.25,472.7,4.76,472.7,22.57668,496.87668,451.72332,False,NONE,0.08,4.71,0.02,0
2026-08-13,2026-08-13T09:18:06.016647,DIVISLAB,8480.0,8524.5,8475.0,8475.5,3.75,8475.5,318.0,8798.0,8162.0,False,NONE,-0.14,-3.17,0.01,0
2026-08-13,2026-08-13T09:18:06.016647,DIXON,13799.0,13799.0,13693.0,13705.0,4.86,13705.0,670.6314,14469.6314,13128.3686,False,NONE,-0.33,0.64,0.02,0
2026-08-13,2026-08-13T09:18:06.016647,DLF,662.9,663.0,659.25,661.05,4.54,661.05,30.09566,692.9956599999999,632.80434,False,NONE,0.02,0.46,0.04,0
2026-08-13,2026-08-13T09:18:06.016647,DMART,4059.9,4059.9,4040.0,4040.0,3.28,4040.0,133.16472,4193.06472,3926.73528,False,NONE,-0.25,4.77,0.0,0
2026-08-13,2026-08-13T09:18:06.016647,DRREDDY,1192.9,1195.9,1192.7,1195.5,3.23,1195.5,38.53067000000001,1231.4306700000002,1154.36933,False,NONE,0.23,8.7,0.03,0
2026-08-13,2026-08-13T09:18:06.016647,EICHERMOT,8079.0,8081.5,8055.0,8068.0,3.22,8068.0,260.1438,8339.1438,7818.8562,False,NONE,0.34,-0.79,0.0,0
2026-08-13,2026-08-13T09:18:06.016647,ETERNAL,315.0,316.0,313.85,315.6,4.39,315.6,13.828499999999998,328.8285,301.1715,False,NONE,0.35,-1.64,-0.02,-1.72
2026-08-13,2026-08-13T09:18:06.016647,FEDERALBNK,356.1,356.8,355.35,356.25,2.87,356.25,10.22007,366.32007000000004,345.87993,False,NONE,0.01,2.02,0.06,0
2026-08-13,2026-08-13T09:18:06.016647,FINNIFTY,26399.7,26399.7,26399.7,26399.7,1.99,26399.7,525.35403,26925.05403,25874.345970000002,False,NONE,-0.47,-2.69,0.0,1.89
2026-08-13,2026-08-13T09:18:06.016647,FOCIT,38144.0,38144.0,37705.0,37804.0,3.51,37804.0,1338.8544,39482.8544,36805.1456,False,NONE,0.0,-,0.0,-1.18
2026-08-13,2026-08-13T09:18:06.016647,FORCEMOT,19498.0,19498.0,19330.0,19330.0,5.71,19330.0,1113.3358,20611.3358,18384.6642,False,NONE,0.06,2.67,-0.04,1.37
2026-08-13,2026-08-13T09:18:06.016647,FORTIS,892.0,902.6,892.0,896.6,4.14,896.6,36.928799999999995,928.9288,855.0712,False,NONE,0.51,2.74,0.3,0
2026-08-13,2026-08-13T09:18:06.016647,GAIL,175.55,175.6,175.2,175.59,3.9,175.59,6.84645,182.39645000000002,168.70355,False,NONE,0.42,1.58,0.04,0
2026-08-13,2026-08-13T09:18:06.016647,GLENMARK,2305.0,2305.0,2287.8,2289.8,4.06,2289.8,93.583,2398.583,2211.417,False,NONE,-0.26,2.75,0.0,0
2026-08-13,2026-08-13T09:18:06.016647,GMRAIRPORT,106.8,106.8,103.5,103.51,4.96,103.51,5.29728,112.09728,101.50272,False,NONE,-1.33,-8.37,0.03,-2.47
2026-08-13,2026-08-13T09:18:06.016647,GODFRYPHLP,2192.3,2194.4,2191.8,2194.3,4.98,2194.3,109.17654000000002,2301.47654,2083.1234600000003,False,NONE,0.04,5.72,-0.03,-1.96
2026-08-13,2026-08-13T09:18:06.016647,GODREJCP,912.8,914.2,909.7,912.4,4.49,912.4,40.984719999999996,953.78472,871.8152799999999,False,NONE,0.24,-6.28,0.11,0
2026-08-13,2026-08-13T09:18:06.016647,GODREJPROP,2004.0,2004.3,1999.7,2004.3,4.67,2004.3,93.5868,2097.5868,1910.4132,False,NONE,-0.31,1.07,0.02,0
2026-08-13,2026-08-13T09:18:06.016647,GRASIM,3308.0,3314.9,3209.4,3214.7,6.08,3214.7,201.1264,3509.1264,3106.8736,False,NONE,-3.27,-0.8,0.54,-2
2026-08-13,2026-08-13T09:18:06.016647,GVT&D,4429.0,4432.5,4345.0,4350.0,5.52,4350.0,244.4808,4673.4808,4184.5192,False,NONE,-1.58,7.5,0.1,-1.37
2026-08-13,2026-08-13T09:18:06.016647,HAL,5040.0,5043.9,4962.7,4970.0,4.27,4970.0,215.208,5255.208,4824.792,False,NONE,-0.67,5.22,0.18,-1.47
2026-08-13,2026-08-13T09:18:06.016647,HAVELLS,1263.2,1274.0,1263.2,1274.0,3.56,1274.0,44.96992,1308.16992,1218.23008,False,NONE,0.48,1.52,0.04,1.69
2026-08-13,2026-08-13T09:18:06.016647,HCLTECH,1363.7,1363.7,1356.1,1358.5,4.1,1358.5,55.9117,1419.6117000000002,1307.7883,False,NONE,-0.12,1.39,0.03,0
2026-08-13,2026-08-13T09:18:06.016647,HDFCAMC,2495.0,2497.4,2493.7,2497.4,3.98,2497.4,99.301,2594.301,2395.699,False,NONE,-0.14,-0.11,0.01,0
2026-08-13,2026-08-13T09:18:06.016647,HDFCBANK,729.0,729.45,727.4,729.2,3.61,729.2,26.3169,755.3169,702.6831,False,NONE,-0.52,3.57,0.1,0
2026-08-13,2026-08-13T09:18:06.016647,HDFCLIFE,539.5,539.5,534.8,534.8,3.23,534.8,17.42585,556.92585,522.07415,False,NONE,-0.49,-0.18,0.01,0
2026-08-13,2026-08-13T09:18:06.016647,HEROMOTOCO,5925.0,5930.0,5887.5,5921.5,3.94,5921.5,233.445,6158.445,5691.555,False,NONE,0.6,2.27,0.06,0.93
2026-08-13,2026-08-13T09:18:06.016647,HINDALCO,1067.0,1074.85,1055.2,1060.8,4.01,1060.8,42.7867,1109.7867,1024.2133,False,NONE,-1.54,5.3,0.14,-3.17
2026-08-13,2026-08-13T09:18:06.016647,HINDPETRO,391.95,392.2,390.85,391.4,4.1,391.4,16.06995,408.01995,375.88005,False,NONE,0.32,1.73,0.04,0
2026-08-13,2026-08-13T09:18:06.016647,HINDUNILVR,2061.9,2068.0,2061.2,2067.9,2.59,2067.9,53.40321,2115.30321,2008.4967900000001,False,NONE,0.21,-0.45,0.01,0
2026-08-13,2026-08-13T09:18:06.016647,HINDZINC,586.65,588.85,585.55,587.2,4.56,587.2,26.75124,613.40124,559.8987599999999,False,NONE,0.09,1.1,-0.08,0
2026-08-13,2026-08-13T09:18:06.016647,HYUNDAI,2253.9,2262.5,2245.0,2245.0,3.87,2245.0,87.22593,2341.12593,2166.67407,False,NONE,-0.13,5.47,0.03,0
2026-08-13,2026-08-13T09:18:06.016647,ICICIBANK,1429.9,1430.8,1424.8,1426.4,2.61,1426.4,37.32039,1467.2203900000002,1392.57961,False,NONE,-0.23,2.1,0.02,0
2026-08-13,2026-08-13T09:18:06.016647,ICICIGI,1634.6,1634.6,1634.6,1634.6,4.14,1634.6,67.67244,1702.27244,1566.9275599999999,False,NONE,-0.12,2.46,0.0,1.67
2026-08-13,2026-08-13T09:18:06.016647,ICICIPRULI,502.0,504.8,502.0,502.55,3.64,502.55,18.2728,520.2728,483.7272,False,NONE,-0.08,3.6,0.04,0
2026-08-13,2026-08-13T09:18:06.016647,IDEA,13.75,13.88,13.72,13.83,5.78,13.83,0.7947500000000001,14.54475,12.95525,False,NONE,1.99,-6.35,0.08,1.85
2026-08-13,2026-08-13T09:18:06.016647,IDFCFIRSTB,85.52,86.28,85.52,86.13,3.82,86.13,3.266864,88.786864,82.253136,False,NONE,0.2,2.45,0.0,0
2026-08-13,2026-08-13T09:18:06.016647,IEX,124.76,125.66,124.75,125.66,4.23,125.66,5.277348000000001,130.037348,119.482652,False,NONE,0.35,-,0.01,0
2026-08-13,2026-08-13T09:18:06.016647,INDHOTEL,724.15,724.15,721.95,723.4,3.34,723.4,24.186609999999995,748.33661,699.96339,False,NONE,-0.06,4.55,0.02,0
2026-08-13,2026-08-13T09:18:06.016647,INDIANB,898.5,898.5,887.0,888.6,4.55,888.6,40.88175,939.38175,857.61825,False,NONE,-0.72,5.97,0.21,0
2026-08-13,2026-08-13T09:18:06.016647,INDIGO,5365.0,5365.0,5340.0,5341.5,3.93,5341.5,210.8445,5575.8445,5154.1555,False,NONE,0.23,0.19,0.01,0
2026-08-13,2026-08-13T09:18:06.016647,INDUSINDBK,1018.0,1019.7,1014.4,1019.7,3.58,1019.7,36.4444,1054.4444,981.5556,False,NONE,-0.34,3.4,0.01,0
2026-08-13,2026-08-13T09:18:06.016647,INDUSTOWER,384.4,385.0,383.7,383.9,3.51,383.9,13.492439999999998,397.89243999999997,370.90756,False,NONE,-0.08,4.04,0.07,-6.45
2026-08-13,2026-08-13T09:18:06.016647,INFY,1172.0,1172.1,1162.9,1163.6,4.01,1163.6,46.99719999999999,1218.9972,1125.0028,False,NONE,-1.17,2.79,0.03,-1.09
2026-08-13,2026-08-13T09:18:06.016647,INOXWIND,74.18,75.14,73.65,74.65,5.55,74.65,4.11699,78.29699000000001,70.06301,False,NONE,0.24,-,0.26,0
2026-08-13,2026-08-13T09:18:06.016647,IOC,140.13,140.33,140.13,140.19,3.49,140.19,4.890537,145.020537,135.239463,False,NONE,0.04,-0.79,0.01,0
2026-08-13,2026-08-13T09:18:06.016647,IREDA,116.09,116.09,115.36,115.36,4.65,115.36,5.398185000000001,121.488185,110.691815,False,NONE,-0.22,15.86,0.01,0
2026-08-13,2026-08-13T09:18:06.016647,IRFC,87.67,88.47,87.29,88.29,4.43,88.29,3.8837809999999995,91.553781,83.786219,False,NONE,-0.02,7.72,0.03,3.39
2026-08-13,2026-08-13T09:18:06.016647,ITC,277.0,278.1,277.0,277.75,2.55,277.75,7.0634999999999994,284.0635,269.9365,False,NONE,0.09,-2.6,0.01,0
2026-08-13,2026-08-13T09:18:06.016647,JINDALSTEL,1094.5,1105.4,1094.5,1102.9,3.8,1102.9,41.590999999999994,1136.091,1052.909,False,NONE,-0.17,-,0.01,0
2026-08-13,2026-08-13T09:18:06.016647,JIOFIN,261.5,263.6,258.85,259.0,5.48,259.0,14.330200000000001,275.8302,247.1698,False,NONE,1.15,16.47,1.3,-1.85
2026-08-13,2026-08-13T09:18:06.016647,JSWENERGY,560.0,563.2,560.0,562.5,3.78,562.5,21.167999999999996,581.168,538.832,False,NONE,0.51,0.65,0.03,0
2026-08-13,2026-08-13T09:18:06.016647,JSWSTEEL,1273.2,1273.3,1270.2,1272.0,3.62,1272.0,46.08984,1319.2898400000001,1227.11016,False,NONE,-0.26,-,0.02,0
2026-08-13,2026-08-13T09:18:06.016647,JUBLFOOD,476.95,476.95,471.65,473.65,7.59,473.65,36.200505,513.150505,440.74949499999997,False,NONE,-0.84,0.34,0.1,0
2026-08-13,2026-08-13T09:18:06.016647,KALYANKJIL,603.05,604.7,602.0,602.4,6.89,602.4,41.55014499999999,644.600145,561.4998549999999,False,NONE,0.28,6.74,0.03,0
2026-08-13,2026-08-13T09:18:06.016647,KAYNES,3850.5,3857.4,3840.1,3840.1,6.7,3840.1,257.98350000000005,4108.4835,3592.5164999999997,False,NONE,-0.43,0.75,0.02,0
2026-08-13,2026-08-13T09:18:06.016647,KEI,5739.2,5781.8,5720.1,5780.7,4.33,5780.7,248.50736,5987.707359999999,5490.69264,False,NONE,0.58,3.31,0.03,-0.99
2026-08-13,2026-08-13T09:18:06.016647,KFINTECH,936.75,936.75,916.05,928.2,5.42,928.2,50.77184999999999,987.52185,885.97815,False,NONE,0.05,10.92,0.08,2.08
2026-08-13,2026-08-13T09:18:06.016647,KOTAKBANK,392.0,393.95,390.95,392.65,2.95,392.65,11.564,403.564,380.436,False,NONE,-0.14,0.89,0.02,0
2026-08-13,2026-08-13T09:18:06.016647,KPITTECH,610.0,613.95,610.0,613.5,5,613.5,30.5,640.5,579.5,False,NONE,0.26,3.86,0.0,0
2026-08-13,2026-08-13T09:18:06.016647,LAURUSLABS,1846.0,1846.0,1832.5,1839.8,3.96,1839.8,73.1016,1919.1016,1772.8984,False,NONE,-0.05,3.87,0.03,0
2026-08-13,2026-08-13T09:18:06.016647,LICHSGFIN,497.3,498.15,494.75,495.5,3.5,495.5,17.4055,514.7055,479.8945,False,NONE,-0.31,7.04,0.05,0
2026-08-13,2026-08-13T09:18:06.016647,LICI,414.7,415.85,414.5,414.5,2.43,414.5,10.077210000000001,424.77720999999997,404.62279,False,NONE,-0.6,-12.65,-0.06,1.39
2026-08-13,2026-08-13T09:18:06.016647,LODHA,1201.4,1202.7,1201.4,1202.7,5.06,1202.7,60.790839999999996,1262.19084,1140.6091600000002,False,NONE,0.1,3.19,0.01,0
2026-08-13,2026-08-13T09:18:06.016647,LT,4030.0,4039.1,4022.4,4034.6,2.86,4034.6,115.258,4145.258,3914.742,False,NONE,0.05,-0.69,0.0,0
2026-08-13,2026-08-13T09:18:06.016647,LTF,314.3,318.55,314.3,317.25,4.83,317.25,15.180690000000002,329.48069000000004,299.11931,False,NONE,0.22,-0.18,-0.01,0
2026-08-13,2026-08-13T09:18:06.016647,LTM,4706.2,4715.0,4700.0,4715.0,4.76,4715.0,224.01512,4930.21512,4482.18488,False,NONE,-0.29,14.98,0.0,0
2026-08-13,2026-08-13T09:18:06.016647,LUPIN,2272.0,2279.4,2265.1,2272.4,3.45,2272.4,78.384,2350.384,2193.616,False,NONE,0.09,-0.53,-0.01,0
2026-08-13,2026-08-13T09:18:06.016647,M&M,3420.0,3439.8,3420.0,3438.0,3.5,3438.0,119.7,3539.7,3300.3,False,NONE,0.23,2.88,0.03,0
2026-08-13,2026-08-13T09:18:06.016647,MANAPPURAM,353.7,354.5,353.3,354.5,5.66,354.5,20.01942,373.71942,333.68057999999996,False,NONE,-0.04,-2.06,-0.01,0
2026-08-13,2026-08-13T09:18:06.016647,MANKIND,2425.8,2439.8,2394.7,2432.6,4.65,2432.6,112.79970000000002,2538.5997,2313.0003,False,NONE,0.0,-11.8,0.0,0
2026-08-13,2026-08-13T09:18:06.016647,MARICO,849.5,856.0,849.5,856.0,3.39,856.0,28.798050000000003,878.29805,820.70195,False,NONE,0.57,3.74,0.04,0
2026-08-13,2026-08-13T09:18:06.016647,MARUTI,13950.0,13988.0,13925.0,13964.0,3.18,13964.0,443.61,14393.61,13506.39,False,NONE,-0.11,2.9,0.02,0
2026-08-13,2026-08-13T09:18:06.016647,MAXHEALTH,1015.0,1019.4,1012.9,1018.7,4.88,1018.7,49.532,1064.532,965.468,False,NONE,0.66,-0.54,0.01,0
2026-08-13,2026-08-13T09:18:06.016647,MAZDOCK,2557.6,2569.8,2557.6,2564.0,4.8,2564.0,122.7648,2680.3648,2434.8352,False,NONE,0.51,1.39,0.04,0
2026-08-13,2026-08-13T09:18:06.016647,MCX,2969.9,2982.0,2958.0,2978.6,5.22,2978.6,155.02878,3124.92878,2814.87122,False,NONE,0.49,2.2,0.11,1.18
2026-08-13,2026-08-13T09:18:06.016647,MFSL,1520.1,1520.1,1497.9,1505.0,5.87,1505.0,89.22986999999999,1609.3298699999998,1430.87013,False,NONE,-1.45,-1.77,-0.05,-2.08
2026-08-13,2026-08-13T09:18:06.016647,MIDCPNIFTY,15035.4,15035.4,14965.15,15008.9,1.88,15008.9,282.66551999999996,15318.06552,14752.73448,False,NONE,-0.05,3.4,0.07,0
2026-08-13,2026-08-13T09:18:06.016647,MOTHERSON,170.6,171.26,170.47,170.69,4.62,170.69,7.8817200000000005,178.48172,162.71828,False,NONE,0.45,2.9,-0.01,0
2026-08-13,2026-08-13T09:18:06.016647,MOTILALOFS,893.5,899.95,893.5,897.65,4.21,897.65,37.61635,931.11635,855.88365,False,NONE,0.05,5.71,0.01,2
2026-08-13,2026-08-13T09:18:06.016647,MPHASIS,2516.6,2518.6,2506.1,2506.3,4.79,2506.3,120.54513999999999,2637.14514,2396.0548599999997,False,NONE,-0.34,-0.71,-0.01,0
2026-08-13,2026-08-13T09:18:06.016647,MUTHOOTFIN,2912.2,2912.2,2891.2,2894.7,4.46,2894.7,129.88412,3042.08412,2782.3158799999997,False,NONE,-0.23,2.4,0.02,2.17
2026-08-13,2026-08-13T09:18:06.016647,NAM-INDIA,1180.2,1189.2,1180.2,1189.1,5.11,1189.1,60.30822000000001,1240.5082200000002,1119.89178,False,NONE,0.7,-5.94,0.02,0
2026-08-13,2026-08-13T09:18:06.016647,NATIONALUM,410.0,413.95,405.6,412.2,5.23,412.2,21.443,431.443,388.557,False,NONE,-1.58,0.45,0.53,-2.35
2026-08-13,2026-08-13T09:18:06.016647,NAUKRI,1345.7,1347.0,1340.0,1340.1,4.27,1340.1,57.461389999999994,1403.16139,1288.23861,False,NONE,-0.38,0.41,0.06,1.39
2026-08-13,2026-08-13T09:18:06.016647,NBCC,92.75,92.75,92.51,92.51,4.85,92.51,4.498374999999999,97.248375,88.251625,False,NONE,-0.42,1.99,0.0,0
2026-08-13,2026-08-13T09:18:06.016647,NESTLEIND,1508.5,1511.7,1507.0,1507.7,3.6,1507.7,54.306000000000004,1562.806,1454.194,False,NONE,0.33,4.18,0.03,0
2026-08-13,2026-08-13T09:18:06.016647,NHPC,76.49,76.52,76.2,76.52,4.01,76.52,3.067249,79.557249,73.42275099999999,False,NONE,0.46,-9.21,0.02,0
2026-08-13,2026-08-13T09:18:06.016647,NIFTY,24460.5,24460.5,24422.9,24425.4,0.98,24425.4,239.71290000000002,24700.2129,24220.7871,False,NONE,-0.18,1.34,-0.01,0
2026-08-13,2026-08-13T09:18:06.016647,NIFTYFPI,1586.0,1600.0,1586.0,1598.0,-,1598.0,,,,False,NONE,0.29,-,0.0,-
2026-08-13,2026-08-13T09:18:06.016647,NIFTYNXT50,74277.2,74600.0,74039.4,74600.0,2.02,74600.0,1500.39944,75777.59943999999,72776.80056,False,NONE,0.16,-,0.0,7.59
2026-08-13,2026-08-13T09:18:06.016647,NMDC,85.64,85.74,85.34,85.39,5.25,85.39,4.4961,90.1361,81.1439,False,NONE,0.12,3.41,0.0,0
2026-08-13,2026-08-13T09:18:06.016647,NTPC,339.95,340.75,339.95,340.25,3.08,340.25,10.470460000000001,350.42046,329.47954,False,NONE,0.1,1.47,0.0,0
2026-08-13,2026-08-13T09:18:06.016647,NYKAA,322.3,327.0,322.3,327.0,4.18,327.0,13.47214,335.77214000000004,308.82786,False,NONE,0.21,2.06,-0.02,0
2026-08-13,2026-08-13T09:18:06.016647,OBEROIRLTY,1772.1,1789.8,1772.1,1779.6,3.67,1779.6,65.03607,1837.13607,1707.0639299999998,False,NONE,-0.27,-9.01,-0.01,0
2026-08-13,2026-08-13T09:18:06.016647,OFSS,11550.0,11586.0,11532.0,11532.0,5.18,11532.0,598.29,12148.29,10951.71,False,NONE,-0.53,6.58,0.0,0
2026-08-13,2026-08-13T09:18:06.016647,OIL,470.25,473.3,469.85,473.3,4.66,473.3,21.913650000000004,492.16365,448.33635,False,NONE,-0.03,-0.58,0.21,0
2026-08-13,2026-08-13T09:18:06.016647,ONGC,239.1,239.89,238.55,239.89,3.2,239.89,7.6512,246.75119999999998,231.4488,False,NONE,0.07,2.61,0.13,0
2026-08-13,2026-08-13T09:18:06.016647,PAGEIND,37650.0,37900.0,37550.0,37645.0,7.38,37645.0,2778.57,40428.57,34871.43,False,NONE,-0.57,1.18,0.29,-1.25
2026-08-13,2026-08-13T09:18:06.016647,PATANJALI,352.0,354.0,351.95,354.0,7.51,354.0,26.4352,378.4352,325.5648,False,NONE,1.11,0.23,0.04,0
2026-08-13,2026-08-13T09:18:06.016647,PAYTM,1617.5,1618.9,1603.7,1604.4,4.81,1604.4,77.80175,1695.30175,1539.69825,False,NONE,-0.59,2.13,0.01,0
2026-08-13,2026-08-13T09:18:06.016647,PERSISTENT,5460.0,5460.0,5410.5,5440.5,4.94,5440.5,269.724,5729.724,5190.276,False,NONE,-0.53,4.34,0.05,0
2026-08-13,2026-08-13T09:18:06.016647,PETRONET,280.95,287.0,280.95,286.55,3.34,286.55,9.38373,290.33373,271.56627,False,NONE,1.99,8.84,-0.14,-0.9
2026-08-13,2026-08-13T09:18:06.016647,PFC,378.95,378.95,376.75,377.25,3.9,377.25,14.77905,393.72905,364.17095,False,NONE,-0.41,2.73,0.05,0
2026-08-13,2026-08-13T09:18:06.016647,PGEL,615.55,617.45,614.2,614.2,5.55,614.2,34.163025,649.7130249999999,581.386975,False,NONE,-0.67,6.47,0.01,0
2026-08-13,2026-08-13T09:18:06.016647,PHOENIXLTD,1884.0,1884.0,1884.0,1884.0,3.91,1884.0,73.6644,1957.6644000000001,1810.3355999999999,False,NONE,-0.82,-,0.0,0
2026-08-13,2026-08-13T09:18:06.016647,PIDILITIND,1699.0,1706.8,1697.9,1698.0,3.09,1698.0,52.4991,1751.4991,1646.5009,False,NONE,-0.03,4.94,0.1,1.56
2026-08-13,2026-08-13T09:18:06.016647,PIIND,2467.9,2498.8,2467.9,2483.7,4.64,2483.7,114.51056,2582.4105600000003,2353.38944,False,NONE,0.68,-5.09,0.11,0
2026-08-13,2026-08-13T09:18:06.016647,PNB,118.29,118.82,117.75,118.4,4.21,118.4,4.980009,123.270009,113.30999100000001,False,NONE,-0.29,1.41,0.12,-1.22
2026-08-13,2026-08-13T09:18:06.016647,PNBHOUSING,1152.8,1165.6,1148.0,1164.8,4.83,1164.8,55.68024,1208.4802399999999,1097.11976,False,NONE,0.27,1.49,0.81,0
2026-08-13,2026-08-13T09:18:06.016647,POLICYBZR,1710.1,1738.3,1710.1,1732.9,4.76,1732.9,81.40075999999999,1791.50076,1628.69924,False,NONE,0.87,-1.07,0.02,0
2026-08-13,2026-08-13T09:18:06.016647,POLYCAB,9359.5,9360.0,9340.0,9360.0,4.22,9360.0,394.9709,9754.4709,8964.5291,False,NONE,0.41,0.51,0.09,0
2026-08-13,2026-08-13T09:18:06.016647,POWERGRID,268.95,269.1,268.45,268.45,3.04,268.45,8.176079999999999,277.12608,260.77392,False,NONE,0.0,2.98,0.07,0
2026-08-13,2026-08-13T09:18:06.016647,POWERINDIA,36195.0,36195.0,35790.0,35810.0,5.16,35810.0,1867.662,38062.662,34327.338,False,NONE,-0.17,4.13,0.38,0
2026-08-13,2026-08-13T09:18:06.016647,PREMIERENE,1034.5,1035.1,1034.5,1035.1,5.06,1035.1,52.345699999999994,1086.8457,982.1543,False,NONE,0.28,-,0.01,-2.38
2026-08-13,2026-08-13T09:18:06.016647,PRESTIGE,1585.0,1585.0,1562.5,1575.6,4.65,1575.6,73.70250000000001,1658.7025,1511.2975,False,NONE,-1.08,17.6,-0.02,1.37
2026-08-13,2026-08-13T09:18:06.016647,RADICO,4522.6,4583.5,4522.6,4551.3,4.93,4551.3,222.96418000000003,4745.56418,4299.63582,False,NONE,0.22,-20.36,0.05,0
2026-08-13,2026-08-13T09:18:06.016647,RBLBANK,389.95,389.95,387.4,388.35,4.17,388.35,16.260915,406.210915,373.689085,False,NONE,0.25,-0.86,-0.02,0
2026-08-13,2026-08-13T09:18:06.016647,RECLTD,343.7,343.9,342.55,342.85,3.76,342.85,12.923119999999999,356.62312,330.77688,False,NONE,-0.2,5.46,0.02,0
2026-08-13,2026-08-13T09:18:06.016647,RELIANCE,1327.0,1328.6,1313.2,1317.0,2.94,1317.0,39.0138,1366.0138,1287.9862,False,NONE,-0.65,2.21,0.19,-1.37
2026-08-13,2026-08-13T09:18:06.016647,RVNL,231.05,231.05,231.05,231.05,4.56,231.05,10.535879999999999,241.58588,220.51412000000002,False,NONE,0.13,1.33,0.0,0
2026-08-13,2026-08-13T09:18:06.016647,SAIL,172.4,175.8,171.0,172.6,4.49,172.6,7.74076,180.14076,164.65924,False,NONE,0.03,-,0.83,0
2026-08-13,2026-08-13T09:18:06.016647,SBICARD,650.0,650.0,644.75,645.25,4.32,645.25,28.08,678.08,621.92,False,NONE,-1.15,1.53,0.1,0
2026-08-13,2026-08-13T09:18:06.016647,SBILIFE,1828.0,1832.9,1817.2,1821.2,3.11,1821.2,56.8508,1884.8508,1771.1492,False,NONE,-0.9,-5.94,0.09,0
2026-08-13,2026-08-13T09:18:06.016647,SBIN,1086.1,1086.7,1077.1,1083.0,3.42,1083.0,37.144619999999996,1123.24462,1048.9553799999999,False,NONE,-0.27,3.68,0.08,-1.61
2026-08-13,2026-08-13T09:18:06.016647,SENSEX,78185.05,78200.0,78094.6,78150.0,0.46,78150.0,359.65123,78544.70123,77825.39877,False,NONE,-0.24,0.64,-0.28,0
2026-08-13,2026-08-13T09:18:06.016647,SHREECEM,25595.0,25615.0,25590.0,25590.0,4.24,25590.0,1085.228,26680.228,24509.772,False,NONE,0.0,-,0.0,0
2026-08-13,2026-08-13T09:18:06.016647,SHRIRAMFIN,1132.2,1132.2,1125.8,1127.0,4.34,1127.0,49.13748,1181.3374800000001,1083.06252,False,NONE,0.44,-3.48,-0.02,0
2026-08-13,2026-08-13T09:18:06.016647,SIEMENS,4048.0,4048.0,4000.1,4018.5,4.63,4018.5,187.42239999999998,4235.4224,3860.5776,False,NONE,-0.36,0.95,0.02,4.29
2026-08-13,2026-08-13T09:18:06.016647,SOLARINDS,18830.0,18987.0,18830.0,18888.0,6.13,18888.0,1154.279,19984.279,17675.721,False,NONE,0.31,-,-0.01,0
2026-08-13,2026-08-13T09:18:06.016647,SONACOMS,800.55,805.65,800.3,804.5,4.64,804.5,37.14552,837.69552,763.4044799999999,False,NONE,0.07,-,0.01,0
2026-08-13,2026-08-13T09:18:06.016647,SRF,2597.0,2597.0,2578.5,2584.0,3.68,2584.0,95.56960000000001,2692.5696,2501.4304,False,NONE,-0.14,-,0.02,0
2026-08-13,2026-08-13T09:18:06.016647,SUNPHARMA,1947.7,1947.7,1943.9,1943.9,2.67,1943.9,52.00359,1999.70359,1895.69641,False,NONE,0.17,3.03,0.01,0
2026-08-13,2026-08-13T09:18:06.016647,SUPREMEIND,3424.0,3507.0,3424.0,3504.4,4.34,3504.4,148.6016,3572.6016,3275.3984,False,NONE,1.61,27.3,0.06,0
2026-08-13,2026-08-13T09:18:06.016647,SUZLON,47.22,47.43,47.15,47.28,4.95,47.28,2.33739,49.55739,44.88261,False,NONE,-0.19,1.87,-0.01,0
2026-08-13,2026-08-13T09:18:06.016647,SWIGGY,278.8,280.0,278.75,278.8,6.17,278.8,17.20196,296.00196,261.59804,False,NONE,0.49,3.08,0.01,0
2026-08-13,2026-08-13T09:18:06.016647,TATACONSUM,1062.1,1068.0,1061.8,1067.2,3.53,1067.2,37.492129999999996,1099.59213,1024.6078699999998,False,NONE,0.57,11.61,0.08,0
2026-08-13,2026-08-13T09:18:06.016647,TATAELXSI,3738.7,3738.7,3732.0,3732.0,4.72,3732.0,176.46663999999998,3915.16664,3562.2333599999997,False,NONE,-0.02,13.88,0.01,0
2026-08-13,2026-08-13T09:18:06.016647,TATAPOWER,379.8,380.0,379.2,379.45,3.15,379.45,11.9637,391.76370000000003,367.8363,False,NONE,0.01,2.06,0.0,0
2026-08-13,2026-08-13T09:18:06.016647,TATASTEEL,186.5,187.23,186.24,186.43,3.96,186.43,7.3854,193.8854,179.1146,False,NONE,0.26,-2.03,-0.04,0
2026-08-13,2026-08-13T09:18:06.016647,TCS,2348.2,2350.3,2337.2,2343.0,4.05,2343.0,95.1021,2443.3021,2253.0978999999998,False,NONE,0.03,-0.46,0.01,0
2026-08-13,2026-08-13T09:18:06.016647,TECHM,1631.0,1638.0,1631.0,1635.7,3.71,1635.7,60.5101,1691.5101,1570.4899,False,NONE,0.29,4.18,0.0,0
2026-08-13,2026-08-13T09:18:06.016647,TIINDIA,2855.0,2855.0,2843.0,2852.0,6.49,2852.0,185.2895,3040.2895,2669.7105,False,NONE,0.46,-3.65,0.02,-1.75
2026-08-13,2026-08-13T09:18:06.016647,TITAN,5062.0,5077.5,5048.3,5050.0,3.09,5050.0,156.4158,5218.4158,4905.5842,False,NONE,-0.39,3.51,0.03,0
2026-08-13,2026-08-13T09:18:06.016647,TMPV,345.0,346.3,344.05,345.3,5.53,345.3,19.078500000000002,364.0785,325.9215,False,NONE,0.48,0.05,0.04,0
2026-08-13,2026-08-13T09:18:06.016647,TORNTPHARM,4919.5,4919.5,4863.0,4864.0,3.42,4864.0,168.24689999999998,5087.7469,4751.2531,False,NONE,-0.65,4.74,-0.01,0
2026-08-13,2026-08-13T09:18:06.016647,TRENT,2991.0,2991.7,2976.3,2989.9,4.25,2989.9,127.1175,3118.1175,2863.8825,False,NONE,-0.04,-6.86,0.02,0
2026-08-13,2026-08-13T09:18:06.016647,TVSMOTOR,4377.4,4385.7,4345.0,4348.0,3.82,4348.0,167.21667999999997,4544.616679999999,4210.18332,False,NONE,-0.54,-,0.06,0
2026-08-13,2026-08-13T09:18:06.016647,ULTRACEMCO,11898.0,11920.0,11798.0,11811.0,3.19,11811.0,379.5462,12277.5462,11518.4538,False,NONE,-1.01,13.45,0.69,2.33
2026-08-13,2026-08-13T09:18:06.016647,UNIONBANK,187.99,187.99,185.76,186.89,4.72,186.89,8.873128000000001,196.86312800000002,179.116872,False,NONE,-0.32,4.97,0.22,-1.05
2026-08-13,2026-08-13T09:18:06.016647,UNITDSPR,1520.8,1529.9,1518.0,1528.3,3.35,1528.3,50.9468,1571.7468,1469.8532,False,NONE,0.0,-0.09,0.0,0
2026-08-13,2026-08-13T09:18:06.016647,UNOMINDA,1246.0,1267.8,1245.6,1245.6,3.61,1245.6,44.980599999999995,1290.9806,1201.0194,False,NONE,0.01,2.84,0.0,0
2026-08-13,2026-08-13T09:18:06.016647,UPL,569.0,569.7,566.15,568.75,3.89,568.75,22.1341,591.1341,546.8659,False,NONE,0.08,2.69,0.0,0
2026-08-13,2026-08-13T09:18:06.016647,VBL,437.45,441.5,437.45,441.5,3.95,441.5,17.279275,454.729275,420.170725,False,NONE,0.49,0.07,0.0,0
2026-08-13,2026-08-13T09:18:06.016647,VEDL,277.45,277.45,275.55,276.0,5.23,276.0,14.510635,291.96063499999997,262.939365,False,NONE,-0.09,3.99,0.01,0
2026-08-13,2026-08-13T09:18:06.016647,VMM,106.21,107.74,106.21,107.74,5.36,107.74,5.692856000000001,111.902856,100.51714399999999,False,NONE,-0.11,-,0.0,0
2026-08-13,2026-08-13T09:18:06.016647,VOLTAS,1296.7,1296.9,1292.8,1296.9,5.95,1296.9,77.15365000000001,1373.85365,1219.54635,False,NONE,0.42,3.85,0.03,0
2026-08-13,2026-08-13T09:18:06.016647,WAAREEENER,2665.0,2674.0,2665.0,2674.0,4.59,2674.0,122.32350000000001,2787.3235,2542.6765,False,NONE,0.54,0.27,0.01,0
2026-08-13,2026-08-13T09:18:06.016647,WIPRO,183.5,183.82,183.46,183.67,3.79,183.67,6.95465,190.45465,176.54535,False,NONE,-0.11,-0.24,0.0,0
2026-08-13,2026-08-13T09:18:06.016647,YESBANK,22.95,22.96,22.86,22.96,3.75,22.96,0.860625,23.810624999999998,22.089375,False,NONE,0.35,3.4,0.0,0
2026-08-13,2026-08-13T09:18:06.016647,ZYDUSLIFE,1206.6,1209.9,1191.2,1191.2,4.1,1191.2,49.4706,1256.0706,1157.1293999999998,False,NONE,-1.28,3.12,0.16,0
2026-08-13,2026-08-13T09:20:31.104516,360ONE,1150.2,1150.2,1150.2,1150.2,4.64,1150.2,53.71901,1204.01901,1096.58099,False,NONE,-0.42,9.38,0.0,-1.69
2026-08-13,2026-08-13T09:20:31.104516,ABB,7787.0,7790.0,7750.0,7762.0,4.63,7762.0,353.5298,8140.5298,7433.4702,False,NONE,0.25,4.7,0.03,0
2026-08-13,2026-08-13T09:20:31.104516,ABCAPITAL,409.0,409.0,405.75,405.9,3.95,405.9,16.850800000000003,425.8508,392.1492,False,NONE,-0.4,3.72,0.13,0
2026-08-13,2026-08-13T09:20:31.104516,ADANIENSOL,1618.9,1640.0,1609.0,1635.2,4.79,1635.2,76.41208,1695.3120800000002,1542.48792,False,NONE,1.39,7.68,-0.04,2.38
2026-08-13,2026-08-13T09:20:31.104516,ADANIENT,2983.0,3025.8,2983.0,3015.8,4.56,3015.8,132.7435,3115.7435,2850.2565,False,NONE,0.97,-0.94,-0.16,3.39
2026-08-13,2026-08-13T09:20:31.104516,ADANIGREEN,1339.0,1353.1,1339.0,1351.5,6.02,1351.5,69.8958,1408.8958,1269.1042,False,NONE,1.16,-0.96,-0.14,0
2026-08-13,2026-08-13T09:20:31.104516,ADANIPORTS,1664.4,1673.9,1662.3,1665.7,3.63,1665.7,63.2472,1727.6472,1601.1528,False,NONE,0.29,-3.46,-0.01,0
2026-08-13,2026-08-13T09:20:31.104516,ADANIPOWER,209.0,210.36,208.36,210.09,4.8,210.09,10.1783,219.1783,198.8217,False,NONE,1.02,1.97,-0.12,0
2026-08-13,2026-08-13T09:20:31.104516,ALKEM,5483.0,5483.0,5416.5,5438.5,5.48,5438.5,282.3745,5765.3745,5200.6255,False,NONE,-0.34,-1.04,0.02,-1.59
2026-08-13,2026-08-13T09:20:31.104516,AMBER,7047.0,7059.5,7011.5,7041.5,6.44,7041.5,460.1691,7507.1691,6586.8309,False,NONE,0.4,0.27,0.07,1.03
2026-08-13,2026-08-13T09:20:31.104516,AMBUJACEM,425.8,425.95,422.1,423.1,3.69,423.1,15.030740000000002,440.83074,410.76926000000003,False,NONE,-0.35,3.12,0.01,0
2026-08-13,2026-08-13T09:20:31.104516,ANGELONE,289.1,292.0,289.0,290.45,4.99,290.45,14.801920000000003,303.90192,274.29808,False,NONE,0.62,2.35,-0.02,0
2026-08-13,2026-08-13T09:20:31.104516,APLAPOLLO,2009.5,2009.5,1993.9,1996.9,3.53,1996.9,71.1363,2080.6363,1938.3636999999999,False,NONE,-0.43,3.25,0.03,0
2026-08-13,2026-08-13T09:20:31.104516,APOLLOHOSP,8740.0,8800.0,8676.0,8700.0,3.95,8700.0,345.23,9085.23,8394.77,False,NONE,0.95,-13.81,1.64,-7.55
2026-08-13,2026-08-13T09:20:31.104516,ASHOKLEY,177.5,180.75,177.5,178.73,5.68,178.73,10.20625,187.70625,167.29375,False,NONE,1.18,0.13,0.08,2.38
2026-08-13,2026-08-13T09:20:31.104516,ASIANPAINT,2730.0,2737.1,2722.8,2729.0,3.29,2729.0,91.18199999999999,2821.182,2638.818,False,NONE,0.42,-1.06,0.13,1.54
2026-08-13,2026-08-13T09:20:31.104516,ASTRAL,1491.0,1561.0,1489.3,1549.7,5.29,1549.7,77.23379999999999,1568.2338,1413.7662,False,NONE,6.41,-1.79,0.33,-2.9
2026-08-13,2026-08-13T09:20:31.104516,AUBANK,1096.0,1096.0,1088.0,1088.0,3.6,1088.0,40.8808,1136.8808,1055.1192,False,NONE,0.07,0.16,0.01,2.78
2026-08-13,2026-08-13T09:20:31.104516,AUROPHARMA,1665.0,1670.4,1662.4,1664.7,4.1,1664.7,71.262,1736.262,1593.738,False,NONE,0.18,3.82,0.09,0
2026-08-13,2026-08-13T09:20:31.104516,AXISBANK,1227.1,1229.0,1222.6,1227.2,2.85,1227.2,35.585899999999995,1262.6859,1191.5140999999999,False,NONE,-0.22,1.57,0.05,-1.64
2026-08-13,2026-08-13T09:20:31.104516,BAJAJ-AUTO,11703.0,11750.0,11698.0,11724.0,3.26,11724.0,382.68809999999996,12085.6881,11320.3119,False,NONE,-0.07,-0.04,0.01,-0.73
2026-08-13,2026-08-13T09:20:31.104516,BAJAJFINSV,2007.0,2018.2,2007.0,2018.2,3.23,2018.2,64.224,2071.224,1942.776,False,NONE,-0.25,-0.05,0.02,0
2026-08-13,2026-08-13T09:20:31.104516,BAJAJHLDNG,11703.0,11703.0,11365.0,11459.0,3.65,11459.0,462.26849999999996,12165.2685,11240.7315,False,NONE,-0.56,22.14,0.09,-0.88
2026-08-13,2026-08-13T09:20:31.104516,BAJFINANCE,1094.6,1096.6,1089.0,1089.7,3.55,1089.7,38.748839999999994,1133.3488399999999,1055.85116,False,NONE,-0.34,0.75,0.11,0
2026-08-13,2026-08-13T09:20:31.104516,BANDHANBNK,172.72,175.79,171.5,174.37,3.82,174.37,6.597904,179.317904,166.122096,False,NONE,-0.41,-,0.25,0
2026-08-13,2026-08-13T09:20:31.104516,BANKBARODA,251.4,251.4,248.55,249.51,3.85,249.51,9.77946,261.17946,241.62054,False,NONE,-0.63,2.46,0.09,-1.22
2026-08-13,2026-08-13T09:20:31.104516,BANKEX,65299.95,65445.7,65299.95,65445.7,2.07,65445.7,1351.7089649999998,66651.658965,63948.241035,False,NONE,0.0,19.83,0.0,-1.19
2026-08-13,2026-08-13T09:20:31.104516,BANKINDIA,145.1,145.64,144.81,144.9,4.4,144.9,6.57303,151.67302999999998,138.52697,False,NONE,-0.66,5.31,0.29,0
2026-08-13,2026-08-13T09:20:31.104516,BANKNIFTY,58099.0,58099.0,57825.0,57855.0,1.8,57855.0,1057.4018,59156.4018,57041.5982,False,NONE,-0.26,2.56,0.37,-1.14
2026-08-13,2026-08-13T09:20:31.104516,BDL,1338.6,1350.0,1338.6,1346.4,6.63,1346.4,91.42638,1430.0263799999998,1247.17362,False,NONE,0.58,4.46,-0.03,1.32
2026-08-13,2026-08-13T09:20:31.104516,BEL,406.0,406.65,404.6,404.9,3.66,404.9,15.0626,421.0626,390.9374,False,NONE,-0.15,-0.99,-0.02,1.59
2026-08-13,2026-08-13T09:20:31.104516,BHARATFORG,2094.3,2098.0,2081.2,2081.3,4.16,2081.3,86.49459,2180.79459,2007.8054100000002,False,NONE,-0.17,-0.25,-0.02,0
2026-08-13,2026-08-13T09:20:31.104516,BHARTIARTL,1969.0,1977.8,1948.6,1949.9,2.93,1949.9,55.7227,2024.7227,1913.2773,False,NONE,0.11,0.76,0.12,0
2026-08-13,2026-08-13T09:20:31.104516,BHEL,420.65,421.35,418.2,418.2,5.22,418.2,22.504774999999995,443.154775,398.145225,False,NONE,-0.33,1.61,0.05,0
2026-08-13,2026-08-13T09:20:31.104516,BIOCON,426.0,426.5,421.15,422.15,4.23,422.15,18.105,444.105,407.895,False,NONE,-1.31,2.83,0.35,-1.39
2026-08-13,2026-08-13T09:20:31.104516,BLUESTARCO,1496.0,1504.0,1490.2,1494.9,4.69,1494.9,72.556,1568.556,1423.444,False,NONE,0.07,1.33,0.01,0
2026-08-13,2026-08-13T09:20:31.104516,BOSCHLTD,46820.0,47190.0,46690.0,47010.0,3.89,47010.0,1751.0680000000002,48571.068,45068.932,False,NONE,0.98,-0.19,0.54,2.38
2026-08-13,2026-08-13T09:20:31.104516,BPCL,316.2,316.2,314.6,314.7,3.8,314.7,11.92074,328.12074,304.27925999999997,False,NONE,-0.47,1.74,0.02,0
2026-08-13,2026-08-13T09:20:31.104516,BRITANNIA,5557.0,5636.0,5540.0,5631.0,3.09,5631.0,176.7126,5733.7126,5380.2874,False,NONE,0.54,2.11,0.02,0
2026-08-13,2026-08-13T09:20:31.104516,BSE,3530.0,3530.0,3498.0,3513.9,5.78,3513.9,201.916,3731.916,3328.084,False,NONE,-0.42,5.07,0.39,0
2026-08-13,2026-08-13T09:20:31.104516,CAMS,782.25,783.2,779.85,783.2,3.95,783.2,30.898875000000004,813.148875,751.351125,False,NONE,0.33,4.55,0.01,0
2026-08-13,2026-08-13T09:20:31.104516,CANBK,132.0,132.0,130.85,131.2,4.3,131.2,5.8344,137.8344,126.1656,False,NONE,-0.57,4.77,0.08,0
2026-08-13,2026-08-13T09:20:31.104516,CDSL,1341.2,1347.0,1341.2,1345.0,4.11,1345.0,55.25744,1396.4574400000001,1285.94256,False,NONE,-0.21,2.92,0.01,0
2026-08-13,2026-08-13T09:20:31.104516,CGPOWER,895.0,897.0,890.0,891.95,4.97,891.95,46.361,941.361,848.639,False,NONE,0.26,-0.42,0.11,0
2026-08-13,2026-08-13T09:20:31.104516,CHOLAFIN,1911.5,1913.4,1906.0,1906.0,4.13,1906.0,82.76795,1994.26795,1828.73205,False,NONE,-0.09,1.74,0.02,0
2026-08-13,2026-08-13T09:20:31.104516,CIPLA,1468.7,1468.7,1462.2,1464.8,3.02,1464.8,44.50161,1513.20161,1424.19839,False,NONE,-0.14,0.59,0.01,0
2026-08-13,2026-08-13T09:20:31.104516,COALINDIA,410.65,410.9,410.0,410.4,2.74,410.4,11.498199999999999,422.1482,399.1518,False,NONE,0.02,-0.96,0.0,0
2026-08-13,2026-08-13T09:20:31.104516,COCHINSHIP,1515.2,1519.9,1515.2,1517.5,5.89,1517.5,90.76048,1605.96048,1424.4395200000001,False,NONE,0.15,8.78,-0.02,0
2026-08-13,2026-08-13T09:20:31.104516,COFORGE,1800.0,1805.7,1797.0,1805.2,4.85,1805.2,85.86,1885.86,1714.14,False,NONE,-0.35,2.51,0.01,-0.87
2026-08-13,2026-08-13T09:20:31.104516,COLPAL,2004.5,2008.3,1996.9,2002.0,3.43,2002.0,67.15075,2071.65075,1937.34925,False,NONE,-0.21,0.39,0.06,1.96
2026-08-13,2026-08-13T09:20:31.104516,CONCOR,516.85,518.6,515.5,518.6,4.28,518.6,22.121180000000003,538.97118,494.72882000000004,False,NONE,0.6,6.77,0.05,0
2026-08-13,2026-08-13T09:20:31.104516,CROMPTON,248.35,248.9,248.0,248.25,4.73,248.25,11.945635,260.295635,236.40436499999998,False,NONE,-0.18,-1.44,0.04,0
2026-08-13,2026-08-13T09:20:31.104516,CUMMINSIND,5410.0,5410.0,5389.5,5396.5,3.81,5396.5,196.38299999999998,5606.383,5213.617,False,NONE,0.18,1.88,0.02,1.2
2026-08-13,2026-08-13T09:20:31.104516,DABUR,406.3,409.25,406.3,408.7,3.29,408.7,13.570419999999999,419.87042,392.72958,False,NONE,0.21,1.61,0.01,0
2026-08-13,2026-08-13T09:20:31.104516,DALBHARAT,1856.2,1856.2,1829.5,1829.5,3.61,1829.5,68.6794,1924.8794,1787.5206,False,NONE,-0.67,4.27,0.02,1.92
2026-08-13,2026-08-13T09:20:31.104516,DELHIVERY,474.3,474.3,470.25,473.5,4.76,473.5,22.57668,496.87668,451.72332,False,NONE,0.25,3.29,0.02,0
2026-08-13,2026-08-13T09:20:31.104516,DIVISLAB,8480.0,8524.5,8448.5,8479.0,3.74,8479.0,318.0,8798.0,8162.0,False,NONE,-0.09,2.3,-0.04,1.02
2026-08-13,2026-08-13T09:20:31.104516,DIXON,13799.0,13799.0,13693.0,13730.0,4.86,13730.0,670.6314,14469.6314,13128.3686,False,NONE,-0.15,1.53,0.07,0
2026-08-13,2026-08-13T09:20:31.104516,DLF,662.9,663.0,659.25,661.5,4.48,661.5,30.09566,692.9956599999999,632.80434,False,NONE,0.09,0.03,0.08,0
2026-08-13,2026-08-13T09:20:31.104516,DMART,4059.9,4059.9,4020.0,4032.9,3.6,4032.9,133.16472,4193.06472,3926.73528,False,NONE,-0.42,-,0.04,0
2026-08-13,2026-08-13T09:20:31.104516,DRREDDY,1192.9,1195.9,1191.5,1192.1,3.17,1192.1,38.53067000000001,1231.4306700000002,1154.36933,False,NONE,-0.06,4.61,0.06,0
2026-08-13,2026-08-13T09:20:31.104516,EICHERMOT,8079.0,8081.5,8054.5,8054.5,3.15,8054.5,260.1438,8339.1438,7818.8562,False,NONE,0.17,0.09,0.01,0
2026-08-13,2026-08-13T09:20:31.104516,ETERNAL,315.0,318.0,313.85,317.65,4.39,317.65,13.828499999999998,328.8285,301.1715,False,NONE,1.0,-5.11,-0.02,0
2026-08-13,2026-08-13T09:20:31.104516,FEDERALBNK,356.1,356.8,355.35,356.2,2.74,356.2,10.22007,366.32007000000004,345.87993,False,NONE,0.0,0.15,0.05,0
2026-08-13,2026-08-13T09:20:31.104516,FINNIFTY,26399.7,26450.3,26399.7,26450.3,1.99,26450.3,525.35403,26925.05403,25874.345970000002,False,NONE,-0.28,3.22,0.15,0
2026-08-13,2026-08-13T09:20:31.104516,FOCIT,38144.0,38144.0,37705.0,37804.0,3.51,37804.0,1338.8544,39482.8544,36805.1456,False,NONE,0.0,-,0.0,-1.18
2026-08-13,2026-08-13T09:20:31.104516,FORCEMOT,19498.0,19498.0,19320.0,19320.0,5.33,19320.0,1113.3358,20611.3358,18384.6642,False,NONE,0.01,-0.98,0.03,0
2026-08-13,2026-08-13T09:20:31.104516,FORTIS,892.0,902.6,892.0,900.95,4.05,900.95,36.928799999999995,928.9288,855.0712,False,NONE,1.0,0.83,0.31,1.37
2026-08-13,2026-08-13T09:20:31.104516,GAIL,175.55,175.6,175.02,175.02,3.88,175.02,6.84645,182.39645000000002,168.70355,False,NONE,0.09,0.86,0.03,0
2026-08-13,2026-08-13T09:20:31.104516,GLENMARK,2305.0,2305.0,2287.8,2293.5,4.03,2293.5,93.583,2398.583,2211.417,False,NONE,-0.1,-0.99,0.01,0
2026-08-13,2026-08-13T09:20:31.104516,GMRAIRPORT,106.8,106.8,103.11,103.86,4.85,103.86,5.29728,112.09728,101.50272,False,NONE,-0.99,-8.24,0.09,-7.41
2026-08-13,2026-08-13T09:20:31.104516,GODFRYPHLP,2192.3,2196.7,2191.8,2194.0,4.98,2194.0,109.17654000000002,2301.47654,2083.1234600000003,False,NONE,0.03,5.72,-0.02,-1.96
2026-08-13,2026-08-13T09:20:31.104516,GODREJCP,912.8,914.2,909.0,909.9,4.46,909.9,40.984719999999996,953.78472,871.8152799999999,False,NONE,-0.03,-4.88,0.24,0
2026-08-13,2026-08-13T09:20:31.104516,GODREJPROP,2004.0,2006.2,1999.7,2005.4,4.86,2005.4,93.5868,2097.5868,1910.4132,False,NONE,-0.25,-0.69,0.02,1.92
2026-08-13,2026-08-13T09:20:31.104516,GRASIM,3308.0,3314.9,3207.0,3217.0,4.5,3217.0,201.1264,3509.1264,3106.8736,False,NONE,-3.2,-4.98,1.21,-4
2026-08-13,2026-08-13T09:20:31.104516,GVT&D,4429.0,4432.5,4340.2,4376.2,5.76,4376.2,244.4808,4673.4808,4184.5192,False,NONE,-0.99,6.45,0.45,-1.37
2026-08-13,2026-08-13T09:20:31.104516,HAL,5040.0,5043.9,4919.9,4932.4,4.2,4932.4,215.208,5255.208,4824.792,False,NONE,-1.42,4.53,0.77,-5.88
2026-08-13,2026-08-13T09:20:31.104516,HAVELLS,1263.2,1274.0,1263.2,1271.2,3.49,1271.2,44.96992,1308.16992,1218.23008,False,NONE,0.26,2.19,0.05,1.69
2026-08-13,2026-08-13T09:20:31.104516,HCLTECH,1363.7,1363.7,1356.1,1358.3,4,1358.3,55.9117,1419.6117000000002,1307.7883,False,NONE,-0.13,-3.27,0.04,-1.27
2026-08-13,2026-08-13T09:20:31.104516,HDFCAMC,2495.0,2497.4,2493.7,2497.4,3.94,2497.4,99.301,2594.301,2395.699,False,NONE,-0.14,1.95,0.01,0
2026-08-13,2026-08-13T09:20:31.104516,HDFCBANK,729.0,730.2,727.4,730.1,3.53,730.1,26.3169,755.3169,702.6831,False,NONE,-0.4,1.22,0.2,0
2026-08-13,2026-08-13T09:20:31.104516,HDFCLIFE,539.5,539.5,534.8,535.55,3.21,535.55,17.42585,556.92585,522.07415,False,NONE,-0.35,-0.05,0.0,0
2026-08-13,2026-08-13T09:20:31.104516,HEROMOTOCO,5925.0,5930.0,5887.5,5910.0,4.04,5910.0,233.445,6158.445,5691.555,False,NONE,0.41,2.01,0.09,0.93
2026-08-13,2026-08-13T09:20:31.104516,HINDALCO,1067.0,1074.85,1055.2,1061.25,4.05,1061.25,42.7867,1109.7867,1024.2133,False,NONE,-1.5,3.55,0.17,-3.17
2026-08-13,2026-08-13T09:20:31.104516,HINDPETRO,391.95,392.2,390.85,391.35,4.01,391.35,16.06995,408.01995,375.88005,False,NONE,0.31,-0.67,0.08,0
2026-08-13,2026-08-13T09:20:31.104516,HINDUNILVR,2061.9,2068.0,2061.2,2066.0,2.59,2066.0,53.40321,2115.30321,2008.4967900000001,False,NONE,0.12,-2.58,0.03,0
2026-08-13,2026-08-13T09:20:31.104516,HINDZINC,586.65,588.85,585.55,587.4,4.55,587.4,26.75124,613.40124,559.8987599999999,False,NONE,0.12,1.29,-0.26,0
2026-08-13,2026-08-13T09:20:31.104516,HYUNDAI,2253.9,2262.5,2241.9,2241.9,3.82,2241.9,87.22593,2341.12593,2166.67407,False,NONE,-0.27,4.08,0.06,-0.89
2026-08-13,2026-08-13T09:20:31.104516,ICICIBANK,1429.9,1430.8,1424.8,1426.1,2.65,1426.1,37.32039,1467.2203900000002,1392.57961,False,NONE,-0.25,3.97,0.07,-1.54
2026-08-13,2026-08-13T09:20:31.104516,ICICIGI,1634.6,1634.6,1631.4,1631.4,3.87,1631.4,67.67244,1702.27244,1566.9275599999999,False,NONE,-0.31,2.46,0.0,0
2026-08-13,2026-08-13T09:20:31.104516,ICICIPRULI,502.0,504.8,502.0,502.2,3.61,502.2,18.2728,520.2728,483.7272,False,NONE,-0.15,-1.53,0.08,0
2026-08-13,2026-08-13T09:20:31.104516,IDEA,13.75,13.88,13.72,13.77,5.44,13.77,0.7947500000000001,14.54475,12.95525,False,NONE,1.55,-7.42,0.14,3.7
2026-08-13,2026-08-13T09:20:31.104516,IDFCFIRSTB,85.52,86.28,85.52,85.83,3.61,85.83,3.266864,88.786864,82.253136,False,NONE,-0.15,5.53,-0.01,0
2026-08-13,2026-08-13T09:20:31.104516,IEX,124.76,125.66,124.75,125.66,4.04,125.66,5.277348000000001,130.037348,119.482652,False,NONE,0.35,4.52,0.01,0
2026-08-13,2026-08-13T09:20:31.104516,INDHOTEL,724.15,724.15,721.95,723.2,3.37,723.2,24.186609999999995,748.33661,699.96339,False,NONE,-0.09,0.84,0.02,0
2026-08-13,2026-08-13T09:20:31.104516,INDIANB,898.5,898.5,887.0,889.0,4.47,889.0,40.88175,939.38175,857.61825,False,NONE,-0.67,2.06,0.39,0
2026-08-13,2026-08-13T09:20:31.104516,INDIGO,5365.0,5365.0,5329.0,5329.0,3.89,5329.0,210.8445,5575.8445,5154.1555,False,NONE,0.0,0.5,0.02,0
2026-08-13,2026-08-13T09:20:31.104516,INDUSINDBK,1018.0,1019.7,1014.4,1016.1,3.56,1016.1,36.4444,1054.4444,981.5556,False,NONE,-0.69,-1.45,0.02,0
2026-08-13,2026-08-13T09:20:31.104516,INDUSTOWER,384.4,385.0,382.8,382.8,3.5,382.8,13.492439999999998,397.89243999999997,370.90756,False,NONE,-0.36,-0.89,0.09,-4.84
2026-08-13,2026-08-13T09:20:31.104516,INFY,1172.0,1172.1,1162.9,1165.3,4.02,1165.3,46.99719999999999,1218.9972,1125.0028,False,NONE,-1.03,1.23,0.07,-1.09
2026-08-13,2026-08-13T09:20:31.104516,INOXWIND,74.22,74.52,74.22,74.4,5.79,74.4,4.11699,78.29699000000001,70.06301,False,NONE,-0.09,1.52,-0.01,0
2026-08-13,2026-08-13T09:20:31.104516,IOC,140.13,140.33,139.9,140.01,3.46,140.01,4.890537,145.020537,135.239463,False,NONE,-0.09,-1.45,0.02,0
2026-08-13,2026-08-13T09:20:31.104516,IREDA,116.09,116.09,115.36,115.36,4.65,115.36,5.398185000000001,121.488185,110.691815,False,NONE,-0.22,11.73,0.01,0
2026-08-13,2026-08-13T09:20:31.104516,IRFC,88.35,88.35,88.26,88.26,4.36,88.26,3.8837809999999995,91.553781,83.786219,False,NONE,-0.06,3.28,0.0,3.39
2026-08-13,2026-08-13T09:20:31.104516,ITC,277.0,278.1,277.0,277.65,2.59,277.65,7.0634999999999994,284.0635,269.9365,False,NONE,0.05,-1.24,0.03,0
2026-08-13,2026-08-13T09:20:31.104516,JINDALSTEL,1094.5,1105.5,1094.5,1105.1,3.52,1105.1,41.590999999999994,1136.091,1052.909,False,NONE,0.03,0.91,0.0,0
2026-08-13,2026-08-13T09:20:31.104516,JIOFIN,261.5,263.6,257.65,258.0,5.21,258.0,14.330200000000001,275.8302,247.1698,False,NONE,0.76,13.81,3.25,-5.56
2026-08-13,2026-08-13T09:20:31.104516,JSWENERGY,560.0,563.2,560.0,562.95,3.77,562.95,21.167999999999996,581.168,538.832,False,NONE,0.59,-0.58,0.01,1.82
2026-08-13,2026-08-13T09:20:31.104516,JSWSTEEL,1273.2,1273.3,1270.2,1271.7,3.59,1271.7,46.08984,1319.2898400000001,1227.11016,False,NONE,-0.28,3.88,0.02,0
2026-08-13,2026-08-13T09:20:31.104516,JUBLFOOD,476.95,476.95,471.65,476.0,7.45,476.0,36.200505,513.150505,440.74949499999997,False,NONE,-0.35,2.1,0.19,0
2026-08-13,2026-08-13T09:20:31.104516,KALYANKJIL,603.05,608.2,602.0,608.2,6.93,608.2,41.55014499999999,644.600145,561.4998549999999,False,NONE,1.25,0.9,0.12,0
2026-08-13,2026-08-13T09:20:31.104516,KAYNES,3850.5,3857.4,3827.0,3830.7,6.67,3830.7,257.98350000000005,4108.4835,3592.5164999999997,False,NONE,-0.67,3.99,0.03,0
2026-08-13,2026-08-13T09:20:31.104516,KEI,5739.2,5799.3,5720.1,5789.0,4.4,5789.0,248.50736,5987.707359999999,5490.69264,False,NONE,0.72,9.8,0.13,-0.99
2026-08-13,2026-08-13T09:20:31.104516,KFINTECH,922.5,922.5,922.05,922.05,5.43,922.05,50.77184999999999,987.52185,885.97815,False,NONE,-0.61,8.61,-0.03,2.08
2026-08-13,2026-08-13T09:20:31.104516,KOTAKBANK,392.0,393.95,390.95,391.9,3,391.9,11.564,403.564,380.436,False,NONE,-0.33,2.67,0.02,0
2026-08-13,2026-08-13T09:20:31.104516,KPITTECH,610.0,616.45,610.0,616.45,4.97,616.45,30.5,640.5,579.5,False,NONE,0.74,3.71,-0.02,0
2026-08-13,2026-08-13T09:20:31.104516,LAURUSLABS,1846.0,1846.0,1825.0,1828.1,4.19,1828.1,73.1016,1919.1016,1772.8984,False,NONE,-0.68,7.81,0.09,0
2026-08-13,2026-08-13T09:20:31.104516,LICHSGFIN,497.3,498.15,494.75,495.5,3.41,495.5,17.4055,514.7055,479.8945,False,NONE,-0.31,3.69,0.08,0
2026-08-13,2026-08-13T09:20:31.104516,LICI,414.7,415.85,413.15,414.85,2.5,414.85,10.077210000000001,424.77720999999997,404.62279,False,NONE,-0.52,-28.41,-0.11,1.39
2026-08-13,2026-08-13T09:20:31.104516,LODHA,1201.4,1202.7,1201.4,1202.7,4.9,1202.7,60.790839999999996,1262.19084,1140.6091600000002,False,NONE,0.1,1.29,0.02,-1.41
2026-08-13,2026-08-13T09:20:31.104516,LT,4030.0,4039.1,4022.4,4034.0,2.79,4034.0,115.258,4145.258,3914.742,False,NONE,0.03,-0.21,0.01,0
2026-08-13,2026-08-13T09:20:31.104516,LTF,314.3,318.55,314.3,316.25,4.71,316.25,15.180690000000002,329.48069000000004,299.11931,False,NONE,-0.09,-0.03,0.0,0
2026-08-13,2026-08-13T09:20:31.104516,LTM,4706.2,4724.0,4700.0,4721.0,4.92,4721.0,224.01512,4930.21512,4482.18488,False,NONE,-0.16,-2.7,0.03,0
2026-08-13,2026-08-13T09:20:31.104516,LUPIN,2272.0,2279.4,2265.1,2272.4,3.46,2272.4,78.384,2350.384,2193.616,False,NONE,0.09,3.68,0.0,0
2026-08-13,2026-08-13T09:20:31.104516,M&M,3420.0,3439.9,3420.0,3436.4,3.39,3436.4,119.7,3539.7,3300.3,False,NONE,0.18,0.56,0.02,0
2026-08-13,2026-08-13T09:20:31.104516,MANAPPURAM,353.7,354.5,350.95,351.4,5.1,351.4,20.01942,373.71942,333.68057999999996,False,NONE,-0.92,-4.61,-0.06,0
2026-08-13,2026-08-13T09:20:31.104516,MANKIND,2424.2,2431.6,2423.5,2423.5,3.89,2423.5,112.79970000000002,2538.5997,2313.0003,False,NONE,-0.37,-12.41,-0.06,0
2026-08-13,2026-08-13T09:20:31.104516,MARICO,849.5,857.6,849.5,857.6,3.44,857.6,28.798050000000003,878.29805,820.70195,False,NONE,0.76,6.33,0.04,0
2026-08-13,2026-08-13T09:20:31.104516,MARUTI,13950.0,13988.0,13925.0,13955.0,3.18,13955.0,443.61,14393.61,13506.39,False,NONE,-0.17,2.29,0.08,0
2026-08-13,2026-08-13T09:20:31.104516,MAXHEALTH,1015.0,1020.6,1012.9,1020.0,4.79,1020.0,49.532,1064.532,965.468,False,NONE,0.79,1.08,0.1,-1.67
2026-08-13,2026-08-13T09:20:31.104516,MAZDOCK,2557.6,2570.5,2557.6,2564.0,4.89,2564.0,122.7648,2680.3648,2434.8352,False,NONE,0.51,1.61,0.03,0
2026-08-13,2026-08-13T09:20:31.104516,MCX,2969.9,2997.1,2958.0,2995.0,5.3,2995.0,155.02878,3124.92878,2814.87122,False,NONE,1.04,4.41,0.15,1.18
2026-08-13,2026-08-13T09:20:31.104516,MFSL,1520.1,1520.1,1497.9,1510.5,5.85,1510.5,89.22986999999999,1609.3298699999998,1430.87013,False,NONE,-1.09,1.9,-0.05,-2.08
2026-08-13,2026-08-13T09:20:31.104516,MIDCPNIFTY,15035.4,15035.4,14965.15,15005.0,1.86,15005.0,282.66551999999996,15318.06552,14752.73448,False,NONE,-0.07,3.56,0.08,0
2026-08-13,2026-08-13T09:20:31.104516,MOTHERSON,170.6,171.26,170.47,170.79,4.65,170.79,7.8817200000000005,178.48172,162.71828,False,NONE,0.51,4.6,-0.04,0
2026-08-13,2026-08-13T09:20:31.104516,MOTILALOFS,893.5,900.0,893.5,899.7,4.33,899.7,37.61635,931.11635,855.88365,False,NONE,0.28,4.56,-0.03,2
2026-08-13,2026-08-13T09:20:31.104516,MPHASIS,2516.6,2518.6,2504.5,2507.3,5.17,2507.3,120.54513999999999,2637.14514,2396.0548599999997,False,NONE,-0.3,1.97,-0.04,0
2026-08-13,2026-08-13T09:20:31.104516,MUTHOOTFIN,2912.2,2912.2,2885.4,2889.1,4.36,2889.1,129.88412,3042.08412,2782.3158799999997,False,NONE,-0.43,2.17,0.02,0
2026-08-13,2026-08-13T09:20:31.104516,NAM-INDIA,1180.2,1189.2,1180.2,1188.0,5.12,1188.0,60.30822000000001,1240.5082200000002,1119.89178,False,NONE,0.61,-2.4,0.03,0
2026-08-13,2026-08-13T09:20:31.104516,NATIONALUM,410.0,413.95,405.6,410.8,5.12,410.8,21.443,431.443,388.557,False,NONE,-1.91,0.06,0.46,-4.71
2026-08-13,2026-08-13T09:20:31.104516,NAUKRI,1345.7,1347.0,1340.0,1343.0,4.28,1343.0,57.461389999999994,1403.16139,1288.23861,False,NONE,-0.16,0.17,0.07,1.39
2026-08-13,2026-08-13T09:20:31.104516,NBCC,92.75,93.29,92.51,92.72,4.84,92.72,4.498374999999999,97.248375,88.251625,False,NONE,-0.19,0.92,0.18,0
2026-08-13,2026-08-13T09:20:31.104516,NESTLEIND,1508.5,1511.7,1505.7,1505.7,3.59,1505.7,54.306000000000004,1562.806,1454.194,False,NONE,0.19,3.96,0.06,0
2026-08-13,2026-08-13T09:20:31.104516,NHPC,76.49,76.75,76.2,76.7,3.9,76.7,3.067249,79.557249,73.42275099999999,False,NONE,0.7,0.95,-0.14,0
2026-08-13,2026-08-13T09:20:31.104516,NIFTY,24460.5,24460.5,24415.0,24425.0,0.96,24425.0,239.71290000000002,24700.2129,24220.7871,False,NONE,-0.19,3.64,0.05,0
2026-08-13,2026-08-13T09:20:31.104516,NIFTYFPI,1586.0,1600.0,1586.0,1598.0,-,1598.0,,,,False,NONE,0.29,-,0.0,-
2026-08-13,2026-08-13T09:20:31.104516,NIFTYNXT50,74277.2,74600.0,74039.4,74600.0,2.02,74600.0,1500.39944,75777.59943999999,72776.80056,False,NONE,0.16,25.44,0.0,7.59
2026-08-13,2026-08-13T09:20:31.104516,NMDC,85.64,85.74,85.34,85.36,5.14,85.36,4.4961,90.1361,81.1439,False,NONE,0.08,2.69,0.0,0
2026-08-13,2026-08-13T09:20:31.104516,NTPC,339.95,340.75,339.95,340.75,3.03,340.75,10.470460000000001,350.42046,329.47954,False,NONE,0.25,-2.51,0.0,0
2026-08-13,2026-08-13T09:20:31.104516,NYKAA,322.3,328.85,322.3,328.85,4.18,328.85,13.47214,335.77214000000004,308.82786,False,NONE,0.78,0.28,-0.02,0
2026-08-13,2026-08-13T09:20:31.104516,OBEROIRLTY,1772.1,1789.8,1772.1,1781.2,3.67,1781.2,65.03607,1837.13607,1707.0639299999998,False,NONE,-0.18,1.01,-0.03,0
2026-08-13,2026-08-13T09:20:31.104516,OFSS,11550.0,11586.0,11532.0,11574.0,5.36,11574.0,598.29,12148.29,10951.71,False,NONE,-0.16,0.4,0.04,-1.35
2026-08-13,2026-08-13T09:20:31.104516,OIL,470.25,474.55,469.85,474.55,4.49,474.55,21.913650000000004,492.16365,448.33635,False,NONE,0.23,-5.13,0.2,1.49
2026-08-13,2026-08-13T09:20:31.104516,ONGC,239.1,240.19,238.55,240.02,3.13,240.02,7.6512,246.75119999999998,231.4488,False,NONE,0.13,0.33,0.13,0
2026-08-13,2026-08-13T09:20:31.104516,PAGEIND,37650.0,37900.0,37515.0,37595.0,7.38,37595.0,2778.57,40428.57,34871.43,False,NONE,-0.7,0.43,0.48,-1.25
2026-08-13,2026-08-13T09:20:31.104516,PATANJALI,352.0,354.7,351.3,351.85,6.76,351.85,26.4352,378.4352,325.5648,False,NONE,0.5,-1.36,0.01,0
2026-08-13,2026-08-13T09:20:31.104516,PAYTM,1617.5,1618.9,1603.7,1611.6,4.89,1611.6,77.80175,1695.30175,1539.69825,False,NONE,-0.14,2.26,0.11,0
2026-08-13,2026-08-13T09:20:31.104516,PERSISTENT,5460.0,5460.0,5410.5,5437.0,4.84,5437.0,269.724,5729.724,5190.276,False,NONE,-0.59,1.55,0.1,0
2026-08-13,2026-08-13T09:20:31.104516,PETRONET,280.95,287.9,280.95,286.5,3.42,286.5,9.38373,290.33373,271.56627,False,NONE,1.98,-8.88,-0.03,-2.7
2026-08-13,2026-08-13T09:20:31.104516,PFC,378.95,378.95,376.75,377.65,3.82,377.65,14.77905,393.72905,364.17095,False,NONE,-0.3,1.21,0.07,0
2026-08-13,2026-08-13T09:20:31.104516,PGEL,615.55,617.45,613.25,613.55,5.35,613.55,34.163025,649.7130249999999,581.386975,False,NONE,-0.78,-0.45,0.03,0
2026-08-13,2026-08-13T09:20:31.104516,PHOENIXLTD,1884.0,1901.1,1884.0,1896.2,3.82,1896.2,73.6644,1957.6644000000001,1810.3355999999999,False,NONE,-0.18,-1.06,0.0,0
2026-08-13,2026-08-13T09:20:31.104516,PIDILITIND,1699.0,1706.8,1692.5,1694.7,3.08,1694.7,52.4991,1751.4991,1646.5009,False,NONE,-0.22,-0.37,0.14,0
2026-08-13,2026-08-13T09:20:31.104516,PIIND,2467.9,2498.8,2467.9,2475.0,4.7,2475.0,114.51056,2582.4105600000003,2353.38944,False,NONE,0.33,0.19,0.04,0
2026-08-13,2026-08-13T09:20:31.104516,PNB,118.29,118.82,117.75,117.99,4.06,117.99,4.980009,123.270009,113.30999100000001,False,NONE,-0.63,-2.18,0.15,0
2026-08-13,2026-08-13T09:20:31.104516,PNBHOUSING,1152.8,1165.6,1148.0,1162.9,4.81,1162.9,55.68024,1208.4802399999999,1097.11976,False,NONE,0.1,5.45,0.92,-1.72
2026-08-13,2026-08-13T09:20:31.104516,POLICYBZR,1710.1,1738.3,1710.1,1732.2,4.79,1732.2,81.40075999999999,1791.50076,1628.69924,False,NONE,0.83,2.21,0.01,0
2026-08-13,2026-08-13T09:20:31.104516,POLYCAB,9359.5,9405.0,9340.0,9377.5,3.87,9377.5,394.9709,9754.4709,8964.5291,False,NONE,0.6,2.01,-0.13,0
2026-08-13,2026-08-13T09:20:31.104516,POWERGRID,268.95,269.1,268.0,268.15,2.98,268.15,8.176079999999999,277.12608,260.77392,False,NONE,-0.11,-0.49,0.07,0
2026-08-13,2026-08-13T09:20:31.104516,POWERINDIA,36195.0,36195.0,35750.0,35750.0,5.19,35750.0,1867.662,38062.662,34327.338,False,NONE,-0.33,2.55,0.38,0
2026-08-13,2026-08-13T09:20:31.104516,PREMIERENE,1034.5,1036.4,1034.5,1034.9,5.04,1034.9,52.345699999999994,1086.8457,982.1543,False,NONE,0.26,2.77,0.03,-2.38
2026-08-13,2026-08-13T09:20:31.104516,PRESTIGE,1585.0,1588.6,1562.5,1588.5,4.61,1588.5,73.70250000000001,1658.7025,1511.2975,False,NONE,-0.27,1.08,-0.01,1.37
2026-08-13,2026-08-13T09:20:31.104516,RADICO,4522.6,4583.5,4522.6,4553.5,4.92,4553.5,222.96418000000003,4745.56418,4299.63582,False,NONE,0.27,-20.36,0.0,0
2026-08-13,2026-08-13T09:20:31.104516,RBLBANK,389.95,389.95,387.0,387.0,4.21,387.0,16.260915,406.210915,373.689085,False,NONE,-0.1,0.32,0.0,0
2026-08-13,2026-08-13T09:20:31.104516,RECLTD,343.7,343.9,342.55,343.55,3.7,343.55,12.923119999999999,356.62312,330.77688,False,NONE,0.0,0.12,0.03,0
2026-08-13,2026-08-13T09:20:31.104516,RELIANCE,1327.0,1328.6,1313.2,1318.2,2.93,1318.2,39.0138,1366.0138,1287.9862,False,NONE,-0.56,0.8,0.25,-1.37
2026-08-13,2026-08-13T09:20:31.104516,RVNL,231.05,231.05,230.5,230.5,4.5,230.5,10.535879999999999,241.58588,220.51412000000002,False,NONE,-0.1,-1.02,0.02,0
2026-08-13,2026-08-13T09:20:31.104516,SAIL,172.8,172.8,172.8,172.8,4.48,172.8,7.74076,180.14076,164.65924,False,NONE,0.14,-,0.0,0
2026-08-13,2026-08-13T09:20:31.104516,SBICARD,650.0,650.0,644.5,646.3,4.25,646.3,28.08,678.08,621.92,False,NONE,-0.99,2.17,0.12,0
2026-08-13,2026-08-13T09:20:31.104516,SBILIFE,1828.0,1832.9,1817.2,1821.1,3.2,1821.1,56.8508,1884.8508,1771.1492,False,NONE,-0.91,1.82,0.17,0
2026-08-13,2026-08-13T09:20:31.104516,SBIN,1086.1,1086.7,1077.1,1080.8,3.38,1080.8,37.144619999999996,1123.24462,1048.9553799999999,False,NONE,-0.47,2.08,0.14,-1.61
2026-08-13,2026-08-13T09:20:31.104516,SENSEX,78185.05,78200.0,78094.6,78150.0,0.47,78150.0,359.65123,78544.70123,77825.39877,False,NONE,-0.24,0.64,-0.19,-0.96
2026-08-13,2026-08-13T09:20:31.104516,SHREECEM,25595.0,25615.0,25440.0,25440.0,4.01,25440.0,1085.228,26680.228,24509.772,False,NONE,-0.59,14.68,0.01,0
2026-08-13,2026-08-13T09:20:31.104516,SHRIRAMFIN,1132.2,1132.2,1125.3,1126.5,4.22,1126.5,49.13748,1181.3374800000001,1083.06252,False,NONE,0.39,0.03,0.05,0
2026-08-13,2026-08-13T09:20:31.104516,SIEMENS,4048.0,4048.0,4000.1,4027.4,4.75,4027.4,187.42239999999998,4235.4224,3860.5776,False,NONE,-0.14,1.02,0.08,4.29
2026-08-13,2026-08-13T09:20:31.104516,SOLARINDS,18830.0,18987.0,18830.0,18895.0,5.98,18895.0,1154.279,19984.279,17675.721,False,NONE,0.35,2.41,0.16,-1.49
2026-08-13,2026-08-13T09:20:31.104516,SONACOMS,800.55,805.65,800.3,805.25,4.7,805.25,37.14552,837.69552,763.4044799999999,False,NONE,0.16,4.92,0.02,0
2026-08-13,2026-08-13T09:20:31.104516,SRF,2597.0,2597.0,2578.5,2582.9,3.71,2582.9,95.56960000000001,2692.5696,2501.4304,False,NONE,-0.18,0.48,0.04,0
2026-08-13,2026-08-13T09:20:31.104516,SUNPHARMA,1947.7,1947.7,1941.6,1943.6,2.63,1943.6,52.00359,1999.70359,1895.69641,False,NONE,0.15,-0.67,-0.02,0
2026-08-13,2026-08-13T09:20:31.104516,SUPREMEIND,3424.0,3525.0,3424.0,3490.1,4.44,3490.1,148.6016,3572.6016,3275.3984,False,NONE,1.19,9.1,-0.1,2.74
2026-08-13,2026-08-13T09:20:31.104516,SUZLON,47.22,47.46,47.15,47.34,4.94,47.34,2.33739,49.55739,44.88261,False,NONE,-0.06,3.59,-0.02,0
2026-08-13,2026-08-13T09:20:31.104516,SWIGGY,278.8,282.0,278.75,281.55,5.95,281.55,17.20196,296.00196,261.59804,False,NONE,1.48,1.59,0.04,0
2026-08-13,2026-08-13T09:20:31.104516,TATACONSUM,1062.1,1068.0,1061.8,1067.2,3.51,1067.2,37.492129999999996,1099.59213,1024.6078699999998,False,NONE,0.57,2.26,0.07,0
2026-08-13,2026-08-13T09:20:31.104516,TATAELXSI,3738.7,3739.8,3730.1,3739.8,4.51,3739.8,176.46663999999998,3915.16664,3562.2333599999997,False,NONE,0.19,0.29,0.02,0
2026-08-13,2026-08-13T09:20:31.104516,TATAPOWER,379.8,380.7,379.2,380.5,3.11,380.5,11.9637,391.76370000000003,367.8363,False,NONE,0.29,0.05,-0.08,0
2026-08-13,2026-08-13T09:20:31.104516,TATASTEEL,186.5,187.23,186.24,186.24,4.02,186.24,7.3854,193.8854,179.1146,False,NONE,0.16,-1.33,-0.05,1.67
2026-08-13,2026-08-13T09:20:31.104516,TCS,2348.2,2350.3,2337.2,2345.0,4.07,2345.0,95.1021,2443.3021,2253.0978999999998,False,NONE,0.12,-0.14,0.02,0
2026-08-13,2026-08-13T09:20:31.104516,TECHM,1631.0,1638.0,1631.0,1637.0,3.66,1637.0,60.5101,1691.5101,1570.4899,False,NONE,0.37,-1.56,-0.02,0
2026-08-13,2026-08-13T09:20:31.104516,TIINDIA,2855.0,2855.0,2841.3,2849.4,6.21,2849.4,185.2895,3040.2895,2669.7105,False,NONE,0.37,-1.09,0.02,0
2026-08-13,2026-08-13T09:20:31.104516,TITAN,5062.0,5077.5,5048.3,5054.0,3.04,5054.0,156.4158,5218.4158,4905.5842,False,NONE,-0.32,3.27,0.02,0
2026-08-13,2026-08-13T09:20:31.104516,TMPV,345.0,346.3,343.75,344.1,5.54,344.1,19.078500000000002,364.0785,325.9215,False,NONE,0.13,0.11,0.16,0
2026-08-13,2026-08-13T09:20:31.104516,TORNTPHARM,4919.5,4919.5,4852.5,4867.5,3.32,4867.5,168.24689999999998,5087.7469,4751.2531,False,NONE,-0.58,-1.61,0.01,0
2026-08-13,2026-08-13T09:20:31.104516,TRENT,2991.0,2991.7,2976.3,2987.0,4.25,2987.0,127.1175,3118.1175,2863.8825,False,NONE,-0.13,-0.52,0.05,0
2026-08-13,2026-08-13T09:20:31.104516,TVSMOTOR,4377.4,4385.7,4345.0,4348.0,3.69,4348.0,167.21667999999997,4544.616679999999,4210.18332,False,NONE,-0.54,1.81,0.08,-1.15
2026-08-13,2026-08-13T09:20:31.104516,ULTRACEMCO,11898.0,11920.0,11656.0,11668.0,2.47,11668.0,379.5462,12277.5462,11518.4538,False,NONE,-2.2,12.45,2.68,2.33
2026-08-13,2026-08-13T09:20:31.104516,UNIONBANK,187.99,187.99,185.76,187.0,4.55,187.0,8.873128000000001,196.86312800000002,179.116872,False,NONE,-0.26,3.88,0.27,-1.05
2026-08-13,2026-08-13T09:20:31.104516,UNITDSPR,1520.8,1529.9,1518.0,1528.4,3.39,1528.4,50.9468,1571.7468,1469.8532,False,NONE,0.01,0.91,-0.01,0
2026-08-13,2026-08-13T09:20:31.104516,UNOMINDA,1246.0,1267.8,1243.0,1247.9,3.71,1247.9,44.980599999999995,1290.9806,1201.0194,False,NONE,0.19,-1.91,0.0,0
2026-08-13,2026-08-13T09:20:31.104516,UPL,569.0,569.7,566.15,569.35,3.92,569.35,22.1341,591.1341,546.8659,False,NONE,0.18,-1.12,0.04,0
2026-08-13,2026-08-13T09:20:31.104516,VBL,437.45,441.9,437.45,440.55,3.82,440.55,17.279275,454.729275,420.170725,False,NONE,0.27,-4.94,0.02,0
2026-08-13,2026-08-13T09:20:31.104516,VEDL,277.45,277.45,275.0,275.2,5.2,275.2,14.510635,291.96063499999997,262.939365,False,NONE,-0.38,4.19,0.03,0
2026-08-13,2026-08-13T09:20:31.104516,VMM,106.21,107.75,106.21,107.65,5.37,107.65,5.692856000000001,111.902856,100.51714399999999,False,NONE,-0.19,5.67,-0.02,0
2026-08-13,2026-08-13T09:20:31.104516,VOLTAS,1296.7,1298.5,1292.8,1293.2,5.77,1293.2,77.15365000000001,1373.85365,1219.54635,False,NONE,0.13,1.06,0.56,0
2026-08-13,2026-08-13T09:20:31.104516,WAAREEENER,2665.0,2674.0,2665.0,2671.0,4.58,2671.0,122.32350000000001,2787.3235,2542.6765,False,NONE,0.42,4.56,0.0,0
2026-08-13,2026-08-13T09:20:31.104516,WIPRO,183.5,183.82,183.46,183.68,3.8,183.68,6.95465,190.45465,176.54535,False,NONE,-0.11,2.29,0.0,0
2026-08-13,2026-08-13T09:20:31.104516,YESBANK,22.95,22.96,22.86,22.9,3.62,22.9,0.860625,23.810624999999998,22.089375,False,NONE,0.09,-2.49,0.01,0
2026-08-13,2026-08-13T09:20:31.104516,ZYDUSLIFE,1206.6,1209.9,1184.7,1184.7,3.79,1184.7,49.4706,1256.0706,1157.1293999999998,False,NONE,-1.82,-0.58,0.15,-0.9
2026-08-13,2026-08-13T10:24:25.977773,360ONE,1150.2,1164.8,1150.2,1164.2,4.37,1164.2,53.71901,1204.01901,1096.58099,False,NONE,0.79,-1.48,0.5,-3.39
2026-08-13,2026-08-13T10:24:25.977773,ABB,7787.0,7810.0,7690.0,7767.0,4.48,7767.0,353.5298,8140.5298,7433.4702,False,NONE,0.32,0.6,0.18,5
2026-08-13,2026-08-13T10:24:25.977773,ABCAPITAL,409.0,409.0,402.3,402.6,4.24,402.6,16.850800000000003,425.8508,392.1492,False,NONE,-1.21,1.4,0.42,1.59
2026-08-13,2026-08-13T10:24:25.977773,ADANIENSOL,1618.9,1642.9,1577.3,1580.0,5.36,1580.0,76.41208,1695.3120800000002,1542.48792,False,NONE,-2.03,14.51,1.13,-11.9
2026-08-13,2026-08-13T10:24:25.977773,ADANIENT,2983.0,3025.8,2951.2,2952.0,4.88,2952.0,132.7435,3115.7435,2850.2565,False,NONE,-1.17,9.11,0.35,0
2026-08-13,2026-08-13T10:24:25.977773,ADANIGREEN,1339.0,1354.4,1322.3,1322.4,5.1,1322.4,69.8958,1408.8958,1269.1042,False,NONE,-1.02,-0.2,0.03,0
2026-08-13,2026-08-13T10:24:25.977773,ADANIPORTS,1664.4,1673.9,1653.0,1654.6,3.73,1654.6,63.2472,1727.6472,1601.1528,False,NONE,-0.38,-0.79,0.08,-1.89
2026-08-13,2026-08-13T10:24:25.977773,ADANIPOWER,209.0,210.36,204.88,205.12,5.09,205.12,10.1783,219.1783,198.8217,False,NONE,-1.37,9.44,0.04,-4
2026-08-13,2026-08-13T10:24:25.977773,ALKEM,5483.0,5483.0,5410.0,5450.0,4.64,5450.0,282.3745,5765.3745,5200.6255,False,NONE,-0.13,-6.63,0.28,-4.76
2026-08-13,2026-08-13T10:24:25.977773,AMBER,7047.0,7075.0,6997.0,7008.0,6.8,7008.0,460.1691,7507.1691,6586.8309,False,NONE,-0.08,4.5,2.08,0
2026-08-13,2026-08-13T10:24:25.977773,AMBUJACEM,425.8,425.95,420.05,420.95,3.47,420.95,15.030740000000002,440.83074,410.76926000000003,False,NONE,-0.86,-1.39,0.14,-1.72
2026-08-13,2026-08-13T10:24:25.977773,ANGELONE,289.1,292.95,289.0,289.9,4.91,289.9,14.801920000000003,303.90192,274.29808,False,NONE,0.43,-1.44,-0.09,2.08
2026-08-13,2026-08-13T10:24:25.977773,APLAPOLLO,2009.5,2045.8,1993.9,2043.4,3.56,2043.4,71.1363,2080.6363,1938.3636999999999,False,NONE,1.88,4.06,1.03,6.35
2026-08-13,2026-08-13T10:24:25.977773,APOLLOHOSP,8740.0,8800.0,8626.0,8715.0,3.48,8715.0,345.23,9085.23,8394.77,False,NONE,1.13,-23.85,3.86,-16.98
2026-08-13,2026-08-13T10:24:25.977773,ASHOKLEY,177.5,182.9,177.5,181.02,5.88,181.02,10.20625,187.70625,167.29375,False,NONE,2.47,2.97,0.47,-8.33
2026-08-13,2026-08-13T10:24:25.977773,ASIANPAINT,2730.0,2746.0,2722.8,2733.0,3.24,2733.0,91.18199999999999,2821.182,2638.818,False,NONE,0.56,-2.46,1.25,1.54
2026-08-13,2026-08-13T10:24:25.977773,ASTRAL,1491.0,1599.3,1489.3,1564.9,4.78,1564.9,77.23379999999999,1568.2338,1413.7662,False,NONE,7.46,-10.84,-1.9,-26.09
2026-08-13,2026-08-13T10:24:25.977773,AUBANK,1096.0,1101.3,1084.9,1089.8,3.62,1089.8,40.8808,1136.8808,1055.1192,False,NONE,0.24,0.95,0.52,1.39
2026-08-13,2026-08-13T10:24:25.977773,AUROPHARMA,1665.0,1684.5,1662.4,1677.0,4.04,1677.0,71.262,1736.262,1593.738,False,NONE,0.92,2.58,0.55,4.69
2026-08-13,2026-08-13T10:24:25.977773,AXISBANK,1227.1,1229.2,1221.6,1222.5,2.83,1222.5,35.585899999999995,1262.6859,1191.5140999999999,False,NONE,-0.6,1.62,0.13,-3.28
2026-08-13,2026-08-13T10:24:25.977773,BAJAJ-AUTO,11703.0,11750.0,11656.0,11664.0,3.17,11664.0,382.68809999999996,12085.6881,11320.3119,False,NONE,-0.58,-3.51,-0.09,-5.84
2026-08-13,2026-08-13T10:24:25.977773,BAJAJFINSV,2007.0,2032.0,2007.0,2026.7,3.13,2026.7,64.224,2071.224,1942.776,False,NONE,0.17,-1.16,0.14,0
2026-08-13,2026-08-13T10:24:25.977773,BAJAJHLDNG,11703.0,11703.0,11365.0,11527.0,3.5,11527.0,462.26849999999996,12165.2685,11240.7315,False,NONE,0.03,-2.09,0.23,-1.77
2026-08-13,2026-08-13T10:24:25.977773,BAJFINANCE,1094.6,1097.8,1089.0,1089.4,3.5,1089.4,38.748839999999994,1133.3488399999999,1055.85116,False,NONE,-0.37,-1,0.37,-1.35
2026-08-13,2026-08-13T10:24:25.977773,BANDHANBNK,175.09,175.78,174.17,175.67,3.59,175.67,6.597904,179.317904,166.122096,False,NONE,0.33,-21.26,-0.07,0
2026-08-13,2026-08-13T10:24:25.977773,BANKBARODA,251.4,251.4,248.55,249.8,3.8,249.8,9.77946,261.17946,241.62054,False,NONE,-0.52,2.03,0.29,-1.22
2026-08-13,2026-08-13T10:24:25.977773,BANKEX,65299.95,65445.7,65299.95,65445.7,2,65445.7,1351.7089649999998,66651.658965,63948.241035,False,NONE,0.0,6.53,0.0,3.57
2026-08-13,2026-08-13T10:24:25.977773,BANKINDIA,145.1,146.65,144.67,145.29,4.41,145.29,6.57303,151.67302999999998,138.52697,False,NONE,-0.39,-1.5,0.02,-5.68
2026-08-13,2026-08-13T10:24:25.977773,BANKNIFTY,58099.0,58099.0,57755.0,57836.2,1.76,57836.2,1057.4018,59156.4018,57041.5982,False,NONE,-0.3,-0.25,1.25,-3.41
2026-08-13,2026-08-13T10:24:25.977773,BDL,1338.6,1376.9,1338.6,1364.1,6.58,1364.1,91.42638,1430.0263799999998,1247.17362,False,NONE,1.9,4.57,-0.15,-7.89
2026-08-13,2026-08-13T10:24:25.977773,BEL,406.0,410.0,403.95,408.45,3.79,408.45,15.0626,421.0626,390.9374,False,NONE,0.73,1.63,-0.37,3.17
2026-08-13,2026-08-13T10:24:25.977773,BHARATFORG,2094.3,2098.1,2080.0,2095.5,4.06,2095.5,86.49459,2180.79459,2007.8054100000002,False,NONE,0.51,0.47,-0.02,4.35
2026-08-13,2026-08-13T10:24:25.977773,BHARTIARTL,1969.0,1977.8,1938.7,1967.9,2.75,1967.9,55.7227,2024.7227,1913.2773,False,NONE,1.04,-5.98,1.13,-4.08
2026-08-13,2026-08-13T10:24:25.977773,BHEL,420.65,421.35,413.9,414.5,5.06,414.5,22.504774999999995,443.154775,398.145225,False,NONE,-1.22,-1.13,0.51,-3.64
2026-08-13,2026-08-13T10:24:25.977773,BIOCON,426.0,426.7,418.35,423.75,3.98,423.75,18.105,444.105,407.895,False,NONE,-0.94,-4.44,1.0,0
2026-08-13,2026-08-13T10:24:25.977773,BLUESTARCO,1496.0,1504.8,1489.4,1494.8,4.62,1494.8,72.556,1568.556,1423.444,False,NONE,0.07,1.97,-0.07,0
2026-08-13,2026-08-13T10:24:25.977773,BOSCHLTD,46820.0,47375.0,46690.0,47230.0,3.81,47230.0,1751.0680000000002,48571.068,45068.932,False,NONE,1.45,-1.66,3.46,3.97
2026-08-13,2026-08-13T10:24:25.977773,BPCL,316.2,316.2,313.0,313.45,3.84,313.45,11.92074,328.12074,304.27925999999997,False,NONE,-0.87,1.24,0.15,-1.56
2026-08-13,2026-08-13T10:24:25.977773,BRITANNIA,5557.0,5696.5,5540.0,5690.0,2.97,5690.0,176.7126,5733.7126,5380.2874,False,NONE,1.6,-3.07,-0.93,6.67
2026-08-13,2026-08-13T10:24:25.977773,BSE,3530.0,3539.0,3498.0,3517.5,5.59,3517.5,201.916,3731.916,3328.084,False,NONE,-0.32,1.78,1.09,-2.08
2026-08-13,2026-08-13T10:24:25.977773,CAMS,782.25,787.0,776.0,778.05,3.87,778.05,30.898875000000004,813.148875,751.351125,False,NONE,-0.33,1.14,0.17,0
2026-08-13,2026-08-13T10:24:25.977773,CANBK,132.0,132.92,130.85,132.02,4.42,132.02,5.8344,137.8344,126.1656,False,NONE,0.05,1.24,0.21,-2.67
2026-08-13,2026-08-13T10:24:25.977773,CDSL,1341.2,1355.0,1341.2,1348.6,4.1,1348.6,55.25744,1396.4574400000001,1285.94256,False,NONE,0.06,0.22,0.05,-1.67
2026-08-13,2026-08-13T10:24:25.977773,CGPOWER,895.0,897.0,883.8,885.8,4.65,885.8,46.361,941.361,848.639,False,NONE,-0.43,-4.57,0.44,-1.89
2026-08-13,2026-08-13T10:24:25.977773,CHOLAFIN,1911.5,1915.0,1902.7,1905.4,4.06,1905.4,82.76795,1994.26795,1828.73205,False,NONE,-0.12,-1.21,0.46,0
2026-08-13,2026-08-13T10:24:25.977773,CIPLA,1468.7,1469.5,1462.2,1467.5,2.96,1467.5,44.50161,1513.20161,1424.19839,False,NONE,0.04,-1.27,0.08,0
2026-08-13,2026-08-13T10:24:25.977773,COALINDIA,410.65,411.1,408.6,409.85,2.72,409.85,11.498199999999999,422.1482,399.1518,False,NONE,-0.11,-1.96,0.01,-1.39
2026-08-13,2026-08-13T10:24:25.977773,COCHINSHIP,1515.2,1543.0,1513.5,1533.1,6.01,1533.1,90.76048,1605.96048,1424.4395200000001,False,NONE,1.18,9.97,-0.29,-5.13
2026-08-13,2026-08-13T10:24:25.977773,COFORGE,1800.0,1822.0,1797.0,1808.2,4.67,1808.2,85.86,1885.86,1714.14,False,NONE,-0.19,1.78,-0.03,1.74
2026-08-13,2026-08-13T10:24:25.977773,COLPAL,2004.5,2008.3,1992.6,1995.9,3.29,1995.9,67.15075,2071.65075,1937.34925,False,NONE,-0.52,-1.21,0.49,0
2026-08-13,2026-08-13T10:24:25.977773,CONCOR,516.85,529.2,515.5,524.25,4.24,524.25,22.121180000000003,538.97118,494.72882000000004,False,NONE,1.7,7.03,0.26,-7.27
2026-08-13,2026-08-13T10:24:25.977773,CROMPTON,248.35,248.9,245.5,246.0,4.53,246.0,11.945635,260.295635,236.40436499999998,False,NONE,-1.09,-5.48,0.05,0
2026-08-13,2026-08-13T10:24:25.977773,CUMMINSIND,5410.0,5410.0,5372.0,5378.0,3.89,5378.0,196.38299999999998,5606.383,5213.617,False,NONE,-0.17,4.2,0.39,-1.2
2026-08-13,2026-08-13T10:24:25.977773,DABUR,406.3,410.5,406.3,409.1,3.12,409.1,13.570419999999999,419.87042,392.72958,False,NONE,0.31,-4.07,-0.13,0
2026-08-13,2026-08-13T10:24:25.977773,DALBHARAT,1856.2,1856.2,1818.0,1828.1,3.67,1828.1,68.6794,1924.8794,1787.5206,False,NONE,-0.75,1.95,-0.31,1.92
2026-08-13,2026-08-13T10:24:25.977773,DELHIVERY,474.3,474.9,469.7,471.6,4.55,471.6,22.57668,496.87668,451.72332,False,NONE,-0.15,2.34,0.68,0
2026-08-13,2026-08-13T10:24:25.977773,DIVISLAB,8480.0,8524.5,8434.5,8440.0,3.64,8440.0,318.0,8798.0,8162.0,False,NONE,-0.55,-1.43,0.16,0
2026-08-13,2026-08-13T10:24:25.977773,DIXON,13799.0,13799.0,13638.0,13675.0,4.88,13675.0,670.6314,14469.6314,13128.3686,False,NONE,-0.55,2.32,0.36,-2.13
2026-08-13,2026-08-13T10:24:25.977773,DLF,662.9,663.8,659.15,662.8,4.44,662.8,30.09566,692.9956599999999,632.80434,False,NONE,0.29,-1.04,0.32,-1.32
2026-08-13,2026-08-13T10:24:25.977773,DMART,4059.9,4059.9,4020.0,4043.4,3.44,4043.4,133.16472,4193.06472,3926.73528,False,NONE,-0.17,1.86,0.0,-1.37
2026-08-13,2026-08-13T10:24:25.977773,DRREDDY,1192.9,1198.0,1183.3,1194.0,3.11,1194.0,38.53067000000001,1231.4306700000002,1154.36933,False,NONE,0.1,1.95,0.55,0
2026-08-13,2026-08-13T10:24:25.977773,EICHERMOT,8079.0,8081.5,8035.0,8043.5,3.13,8043.5,260.1438,8339.1438,7818.8562,False,NONE,0.04,-1.11,-0.25,0
2026-08-13,2026-08-13T10:24:25.977773,ETERNAL,315.0,319.35,313.85,318.0,4.45,318.0,13.828499999999998,328.8285,301.1715,False,NONE,1.11,-4.18,-0.3,1.72
2026-08-13,2026-08-13T10:24:25.977773,FEDERALBNK,356.1,356.8,353.55,354.1,2.88,354.1,10.22007,366.32007000000004,345.87993,False,NONE,-0.59,0.3,0.17,0
2026-08-13,2026-08-13T10:24:25.977773,FINNIFTY,26399.7,26497.2,26399.7,26432.7,1.97,26432.7,525.35403,26925.05403,25874.345970000002,False,NONE,-0.34,2.3,1.47,7.55
2026-08-13,2026-08-13T10:24:25.977773,FOCIT,38144.0,38144.0,37705.0,37804.0,3.59,37804.0,1338.8544,39482.8544,36805.1456,False,NONE,0.0,-4.66,0.0,0
2026-08-13,2026-08-13T10:24:25.977773,FORCEMOT,19498.0,19498.0,19051.0,19083.0,5.04,19083.0,1113.3358,20611.3358,18384.6642,False,NONE,-1.22,-8.1,-0.13,-6.85
2026-08-13,2026-08-13T10:24:25.977773,FORTIS,892.0,903.0,892.0,900.2,4.03,900.2,36.928799999999995,928.9288,855.0712,False,NONE,0.91,-0.54,0.7,2.74
2026-08-13,2026-08-13T10:24:25.977773,GAIL,175.55,175.7,174.96,175.12,3.85,175.12,6.84645,182.39645000000002,168.70355,False,NONE,0.15,-0.86,0.19,0
2026-08-13,2026-08-13T10:24:25.977773,GLENMARK,2305.0,2311.0,2287.8,2299.5,3.74,2299.5,93.583,2398.583,2211.417,False,NONE,0.16,-5.05,-0.05,2.04
2026-08-13,2026-08-13T10:24:25.977773,GMRAIRPORT,106.8,106.8,103.11,103.69,4.71,103.69,5.29728,112.09728,101.50272,False,NONE,-1.15,-11.95,-0.74,-17.28
2026-08-13,2026-08-13T10:24:25.977773,GODFRYPHLP,2192.3,2198.0,2175.3,2183.8,4.8,2183.8,109.17654000000002,2301.47654,2083.1234600000003,False,NONE,-0.44,-1.33,0.05,-1.96
2026-08-13,2026-08-13T10:24:25.977773,GODREJCP,912.8,919.4,909.0,916.4,4.19,916.4,40.984719999999996,953.78472,871.8152799999999,False,NONE,0.68,-10.36,0.88,-4.26
2026-08-13,2026-08-13T10:24:25.977773,GODREJPROP,2004.0,2021.1,1999.7,2016.0,4.48,2016.0,93.5868,2097.5868,1910.4132,False,NONE,0.27,-3.83,0.05,0
2026-08-13,2026-08-13T10:24:25.977773,GRASIM,3308.0,3314.9,3207.0,3256.1,3.79,3256.1,201.1264,3509.1264,3106.8736,False,NONE,-2.03,-17.52,2.31,2
2026-08-13,2026-08-13T10:24:25.977773,GVT&D,4429.0,4432.5,4291.5,4294.9,5.68,4294.9,244.4808,4673.4808,4184.5192,False,NONE,-2.83,1.45,2.05,-4.11
2026-08-13,2026-08-13T10:24:25.977773,HAL,5040.0,5053.0,4911.0,5026.3,4.08,5026.3,215.208,5255.208,4824.792,False,NONE,0.46,1.28,1.42,-2.94
2026-08-13,2026-08-13T10:24:25.977773,HAVELLS,1263.2,1274.0,1263.2,1266.1,3.31,1266.1,44.96992,1308.16992,1218.23008,False,NONE,-0.14,0.76,0.26,0
2026-08-13,2026-08-13T10:24:25.977773,HCLTECH,1363.7,1365.0,1356.1,1359.0,3.91,1359.0,55.9117,1419.6117000000002,1307.7883,False,NONE,-0.08,-4.97,0.05,-1.27
2026-08-13,2026-08-13T10:24:25.977773,HDFCAMC,2495.0,2509.6,2492.1,2499.0,3.87,2499.0,99.301,2594.301,2395.699,False,NONE,-0.08,-0.82,0.3,0
2026-08-13,2026-08-13T10:24:25.977773,HDFCBANK,729.0,732.5,727.4,731.25,3.44,731.25,26.3169,755.3169,702.6831,False,NONE,-0.24,-1.13,0.34,0
2026-08-13,2026-08-13T10:24:25.977773,HDFCLIFE,539.5,541.2,534.8,540.7,3.14,540.7,17.42585,556.92585,522.07415,False,NONE,0.6,-3.25,0.21,1.92
2026-08-13,2026-08-13T10:24:25.977773,HEROMOTOCO,5925.0,5940.0,5875.0,5884.0,3.84,5884.0,233.445,6158.445,5691.555,False,NONE,-0.03,-3.01,0.38,0.93
2026-08-13,2026-08-13T10:24:25.977773,HINDALCO,1067.0,1074.85,1049.6,1051.0,4.06,1051.0,42.7867,1109.7867,1024.2133,False,NONE,-2.45,3.43,0.7,-9.52
2026-08-13,2026-08-13T10:24:25.977773,HINDPETRO,391.95,392.9,389.9,391.6,4.06,391.6,16.06995,408.01995,375.88005,False,NONE,0.37,-1.66,0.99,5.26
2026-08-13,2026-08-13T10:24:25.977773,HINDUNILVR,2061.9,2069.9,2061.2,2067.3,2.57,2067.3,53.40321,2115.30321,2008.4967900000001,False,NONE,0.18,-2.07,0.03,0
2026-08-13,2026-08-13T10:24:25.977773,HINDZINC,586.65,597.0,582.05,593.0,4.49,593.0,26.75124,613.40124,559.8987599999999,False,NONE,1.07,-0.68,0.33,4.92
2026-08-13,2026-08-13T10:24:25.977773,HYUNDAI,2253.9,2281.2,2239.2,2252.3,3.86,2252.3,87.22593,2341.12593,2166.67407,False,NONE,0.19,4.2,-0.07,-9.82
2026-08-13,2026-08-13T10:24:25.977773,ICICIBANK,1429.9,1430.8,1418.9,1420.5,2.63,1420.5,37.32039,1467.2203900000002,1392.57961,False,NONE,-0.64,2.1,0.11,-3.08
2026-08-13,2026-08-13T10:24:25.977773,ICICIGI,1634.6,1636.9,1631.0,1632.9,3.78,1632.9,67.67244,1702.27244,1566.9275599999999,False,NONE,-0.22,-2.39,0.23,0
2026-08-13,2026-08-13T10:24:25.977773,ICICIPRULI,502.0,506.55,502.0,505.45,3.49,505.45,18.2728,520.2728,483.7272,False,NONE,0.5,-1.16,0.78,-1.59
2026-08-13,2026-08-13T10:24:25.977773,IDEA,13.75,13.92,13.5,13.81,5.43,13.81,0.7947500000000001,14.54475,12.95525,False,NONE,1.84,-9.76,0.24,5.56
2026-08-13,2026-08-13T10:24:25.977773,IDFCFIRSTB,85.52,86.37,85.52,86.14,3.64,86.14,3.266864,88.786864,82.253136,False,NONE,0.21,-0.12,-0.35,1.37
2026-08-13,2026-08-13T10:24:25.977773,IEX,124.76,125.78,124.75,125.35,3.84,125.35,5.277348000000001,130.037348,119.482652,False,NONE,0.1,-4.38,0.02,1.72
2026-08-13,2026-08-13T10:24:25.977773,INDHOTEL,724.15,724.15,717.8,718.35,3.38,718.35,24.186609999999995,748.33661,699.96339,False,NONE,-0.76,1.1,0.26,-1.69
2026-08-13,2026-08-13T10:24:25.977773,INDIANB,898.5,904.75,887.0,895.5,4.35,895.5,40.88175,939.38175,857.61825,False,NONE,0.06,-2.79,1.19,0
2026-08-13,2026-08-13T10:24:25.977773,INDIGO,5365.0,5365.0,5300.0,5312.0,3.79,5312.0,210.8445,5575.8445,5154.1555,False,NONE,-0.32,-0.15,0.12,-3.08
2026-08-13,2026-08-13T10:24:25.977773,INDUSINDBK,1018.0,1019.7,1011.5,1016.5,3.51,1016.5,36.4444,1054.4444,981.5556,False,NONE,-0.65,-0.79,0.01,-1.67
2026-08-13,2026-08-13T10:24:25.977773,INDUSTOWER,384.4,387.2,382.4,385.65,3.27,385.65,13.492439999999998,397.89243999999997,370.90756,False,NONE,0.38,-4.93,0.51,0
2026-08-13,2026-08-13T10:24:25.977773,INFY,1172.0,1172.1,1161.8,1162.1,3.94,1162.1,46.99719999999999,1218.9972,1125.0028,False,NONE,-1.3,0.11,0.62,-1.09
2026-08-13,2026-08-13T10:24:25.977773,INOXWIND,74.22,74.74,73.94,74.17,5.64,74.17,4.11699,78.29699000000001,70.06301,False,NONE,-0.4,-0.76,0.54,4
2026-08-13,2026-08-13T10:24:25.977773,IOC,140.13,140.38,139.4,139.5,3.47,139.5,4.890537,145.020537,135.239463,False,NONE,-0.45,-1.95,0.1,1.3
2026-08-13,2026-08-13T10:24:25.977773,IREDA,116.09,116.4,115.36,116.19,4.6,116.19,5.398185000000001,121.488185,110.691815,False,NONE,0.49,2.63,0.23,0
2026-08-13,2026-08-13T10:24:25.977773,IRFC,88.35,88.56,88.04,88.36,4.3,88.36,3.8837809999999995,91.553781,83.786219,False,NONE,0.06,-0.07,-0.08,0
2026-08-13,2026-08-13T10:24:25.977773,ITC,277.0,278.2,277.0,277.7,2.5,277.7,7.0634999999999994,284.0635,269.9365,False,NONE,0.07,-3,0.33,-2.04
2026-08-13,2026-08-13T10:24:25.977773,JINDALSTEL,1094.5,1106.0,1094.5,1098.1,3.52,1098.1,41.590999999999994,1136.091,1052.909,False,NONE,-0.61,-0.12,0.31,-2.82
2026-08-13,2026-08-13T10:24:25.977773,JIOFIN,261.5,263.6,256.25,258.4,4.78,258.4,14.330200000000001,275.8302,247.1698,False,NONE,0.92,5.67,8.07,-11.11
2026-08-13,2026-08-13T10:24:25.977773,JSWENERGY,560.0,563.2,557.0,557.15,3.77,557.15,21.167999999999996,581.168,538.832,False,NONE,-0.45,-2,0.24,0
2026-08-13,2026-08-13T10:24:25.977773,JSWSTEEL,1273.2,1277.1,1269.0,1273.4,3.44,1273.4,46.08984,1319.2898400000001,1227.11016,False,NONE,-0.15,-2.4,0.16,0
2026-08-13,2026-08-13T10:24:25.977773,JUBLFOOD,476.95,479.0,471.65,472.65,6.97,472.65,36.200505,513.150505,440.74949499999997,False,NONE,-1.05,1.21,0.85,-2.75
2026-08-13,2026-08-13T10:24:25.977773,KALYANKJIL,603.05,610.5,598.6,598.8,6.88,598.8,41.55014499999999,644.600145,561.4998549999999,False,NONE,-0.32,1.35,0.89,-1.37
2026-08-13,2026-08-13T10:24:25.977773,KAYNES,3850.5,3857.4,3744.6,3757.1,6.65,3757.1,257.98350000000005,4108.4835,3592.5164999999997,False,NONE,-2.58,1.11,0.39,-2.44
2026-08-13,2026-08-13T10:24:25.977773,KEI,5739.2,5845.0,5720.1,5799.1,4.11,5799.1,248.50736,5987.707359999999,5490.69264,False,NONE,0.9,0.07,0.28,-0.99
2026-08-13,2026-08-13T10:24:25.977773,KFINTECH,922.5,928.25,922.05,923.1,4.99,923.1,50.77184999999999,987.52185,885.97815,False,NONE,-0.5,1.26,0.1,0
2026-08-13,2026-08-13T10:24:25.977773,KOTAKBANK,392.0,393.95,390.1,390.75,2.78,390.75,11.564,403.564,380.436,False,NONE,-0.62,-0.42,0.07,0
2026-08-13,2026-08-13T10:24:25.977773,KPITTECH,610.0,619.6,610.0,612.8,4.87,612.8,30.5,640.5,579.5,False,NONE,0.15,3.19,0.04,2.27
2026-08-13,2026-08-13T10:24:25.977773,LAURUSLABS,1846.0,1846.0,1820.4,1825.7,3.96,1825.7,73.1016,1919.1016,1772.8984,False,NONE,-0.81,-1.02,-0.06,-2.38
2026-08-13,2026-08-13T10:24:25.977773,LICHSGFIN,497.3,498.15,494.75,495.05,3.39,495.05,17.4055,514.7055,479.8945,False,NONE,-0.4,-,0.36,0
2026-08-13,2026-08-13T10:24:25.977773,LICI,414.7,416.25,410.95,414.65,2.57,414.65,10.077210000000001,424.77720999999997,404.62279,False,NONE,-0.56,-24.52,-2.29,1.39
2026-08-13,2026-08-13T10:24:25.977773,LODHA,1201.4,1219.0,1201.4,1216.3,4.92,1216.3,60.790839999999996,1262.19084,1140.6091600000002,False,NONE,1.23,-1.46,-0.01,-1.41
2026-08-13,2026-08-13T10:24:25.977773,LT,4030.0,4039.1,4010.0,4019.1,2.82,4019.1,115.258,4145.258,3914.742,False,NONE,-0.34,1.74,-0.03,0
2026-08-13,2026-08-13T10:24:25.977773,LTF,314.3,318.55,314.3,315.4,4.69,315.4,15.180690000000002,329.48069000000004,299.11931,False,NONE,-0.36,-1.75,-0.04,1.35
2026-08-13,2026-08-13T10:24:25.977773,LTM,4706.2,4747.9,4700.0,4722.8,4.71,4722.8,224.01512,4930.21512,4482.18488,False,NONE,-0.12,-2.18,0.21,0
2026-08-13,2026-08-13T10:24:25.977773,LUPIN,2272.0,2282.3,2260.4,2261.3,3.28,2261.3,78.384,2350.384,2193.616,False,NONE,-0.4,1.11,0.31,0
2026-08-13,2026-08-13T10:24:25.977773,M&M,3420.0,3454.2,3420.0,3427.0,3.42,3427.0,119.7,3539.7,3300.3,False,NONE,-0.09,-0.86,0.11,1.32
2026-08-13,2026-08-13T10:24:25.977773,MANAPPURAM,353.7,354.5,345.35,349.7,5.25,349.7,20.01942,373.71942,333.68057999999996,False,NONE,-1.4,-3.94,-1.15,2.56
2026-08-13,2026-08-13T10:24:25.977773,MANKIND,2424.2,2436.0,2418.1,2430.6,3.76,2430.6,112.79970000000002,2538.5997,2313.0003,False,NONE,-0.08,-8.73,0.08,-2.67
2026-08-13,2026-08-13T10:24:25.977773,MARICO,849.5,858.45,849.5,855.55,3.08,855.55,28.798050000000003,878.29805,820.70195,False,NONE,0.52,2.19,0.24,0
2026-08-13,2026-08-13T10:24:25.977773,MARUTI,13950.0,13988.0,13870.0,13919.0,3.14,13919.0,443.61,14393.61,13506.39,False,NONE,-0.43,3.14,0.53,-5.13
2026-08-13,2026-08-13T10:24:25.977773,MAXHEALTH,1015.0,1023.3,1009.0,1015.3,4.87,1015.3,49.532,1064.532,965.468,False,NONE,0.33,0.72,1.14,-1.67
2026-08-13,2026-08-13T10:24:25.977773,MAZDOCK,2557.6,2584.6,2552.3,2569.0,4.91,2569.0,122.7648,2680.3648,2434.8352,False,NONE,0.7,4.76,0.39,-3.77
2026-08-13,2026-08-13T10:24:25.977773,MCX,2969.9,3024.0,2956.3,2972.7,5.23,2972.7,155.02878,3124.92878,2814.87122,False,NONE,0.29,2.38,0.69,1.18
2026-08-13,2026-08-13T10:24:25.977773,MFSL,1520.1,1524.8,1497.9,1515.1,5.7,1515.1,89.22986999999999,1609.3298699999998,1430.87013,False,NONE,-0.79,-0.95,0.31,-8.33
2026-08-13,2026-08-13T10:24:25.977773,MIDCPNIFTY,15035.4,15040.0,14965.15,15020.35,1.82,15020.35,282.66551999999996,15318.06552,14752.73448,False,NONE,0.03,1.21,0.14,0.99
2026-08-13,2026-08-13T10:24:25.977773,MOTHERSON,170.6,171.6,170.17,170.47,4.41,170.47,7.8817200000000005,178.48172,162.71828,False,NONE,0.32,-1.5,-0.22,0
2026-08-13,2026-08-13T10:24:25.977773,MOTILALOFS,893.5,908.5,893.5,904.95,3.75,904.95,37.61635,931.11635,855.88365,False,NONE,0.86,-4.31,-0.08,4
2026-08-13,2026-08-13T10:24:25.977773,MPHASIS,2516.6,2519.8,2498.0,2498.0,4.92,2498.0,120.54513999999999,2637.14514,2396.0548599999997,False,NONE,-0.67,0.51,0.26,-1.67
2026-08-13,2026-08-13T10:24:25.977773,MUTHOOTFIN,2912.2,2915.0,2885.4,2901.1,4.31,2901.1,129.88412,3042.08412,2782.3158799999997,False,NONE,-0.01,0.47,0.39,2.17
2026-08-13,2026-08-13T10:24:25.977773,NAM-INDIA,1180.2,1189.2,1174.8,1174.8,4.62,1174.8,60.30822000000001,1240.5082200000002,1119.89178,False,NONE,-0.51,-8.55,0.3,0
2026-08-13,2026-08-13T10:24:25.977773,NATIONALUM,410.0,413.95,405.6,408.0,5.03,408.0,21.443,431.443,388.557,False,NONE,-2.58,-1.67,0.0,-10.59
2026-08-13,2026-08-13T10:24:25.977773,NAUKRI,1345.7,1350.0,1339.5,1340.1,4.2,1340.1,57.461389999999994,1403.16139,1288.23861,False,NONE,-0.38,-1.94,-0.02,1.39
2026-08-13,2026-08-13T10:24:25.977773,NBCC,92.75,93.29,92.16,92.21,4.83,92.21,4.498374999999999,97.248375,88.251625,False,NONE,-0.74,-0.73,0.49,0
2026-08-13,2026-08-13T10:24:25.977773,NESTLEIND,1508.5,1518.9,1505.7,1518.9,3.41,1518.9,54.306000000000004,1562.806,1454.194,False,NONE,1.07,1.81,1.06,-1.92
2026-08-13,2026-08-13T10:24:25.977773,NHPC,76.49,76.75,76.09,76.31,3.55,76.31,3.067249,79.557249,73.42275099999999,False,NONE,0.18,-0.95,0.02,-1.45
2026-08-13,2026-08-13T10:24:25.977773,NIFTY,24460.5,24460.5,24390.0,24407.2,0.9,24407.2,239.71290000000002,24700.2129,24220.7871,False,NONE,-0.26,-1.15,1.17,-2.97
2026-08-13,2026-08-13T10:24:25.977773,NIFTYFPI,1586.0,1600.0,1586.0,1598.0,-,1598.0,,,,False,NONE,0.29,-,0.0,-
2026-08-13,2026-08-13T10:24:25.977773,NIFTYNXT50,74403.4,74586.8,74403.4,74525.6,2.02,74525.6,1500.39944,75777.59943999999,72776.80056,False,NONE,0.06,25.44,0.13,-0.69
2026-08-13,2026-08-13T10:24:25.977773,NMDC,85.64,85.74,84.82,84.95,4.97,84.95,4.4961,90.1361,81.1439,False,NONE,-0.4,-0.23,0.22,1.89
2026-08-13,2026-08-13T10:24:25.977773,NTPC,339.95,342.4,339.75,340.6,3.08,340.6,10.470460000000001,350.42046,329.47954,False,NONE,0.21,0.33,-0.09,0
2026-08-13,2026-08-13T10:24:25.977773,NYKAA,322.3,329.3,322.3,327.05,4.05,327.05,13.47214,335.77214000000004,308.82786,False,NONE,0.23,-3.14,-0.07,0
2026-08-13,2026-08-13T10:24:25.977773,OBEROIRLTY,1772.1,1808.0,1772.1,1805.2,3.56,1805.2,65.03607,1837.13607,1707.0639299999998,False,NONE,1.16,-2.01,-0.61,0
2026-08-13,2026-08-13T10:24:25.977773,OFSS,11550.0,11677.0,11516.0,11516.0,5.2,11516.0,598.29,12148.29,10951.71,False,NONE,-0.66,0.42,0.46,-2.7
2026-08-13,2026-08-13T10:24:25.977773,OIL,470.25,475.35,469.85,473.7,4.47,473.7,21.913650000000004,492.16365,448.33635,False,NONE,0.05,-1.96,-0.08,2.99
2026-08-13,2026-08-13T10:24:25.977773,ONGC,239.1,240.22,238.55,239.5,3.2,239.5,7.6512,246.75119999999998,231.4488,False,NONE,-0.09,2.24,0.03,0
2026-08-13,2026-08-13T10:24:25.977773,PAGEIND,37650.0,37900.0,36940.0,37410.0,6.03,37410.0,2778.57,40428.57,34871.43,False,NONE,-1.19,-7.21,-2.69,-12.5
2026-08-13,2026-08-13T10:24:25.977773,PATANJALI,352.0,354.7,347.8,348.65,7.04,348.65,26.4352,378.4352,325.5648,False,NONE,-0.41,2.49,-0.02,0
2026-08-13,2026-08-13T10:24:25.977773,PAYTM,1617.5,1621.0,1601.0,1610.9,4.83,1610.9,77.80175,1695.30175,1539.69825,False,NONE,-0.19,1.98,0.56,-2.04
2026-08-13,2026-08-13T10:24:25.977773,PERSISTENT,5460.0,5514.0,5410.5,5473.5,4.8,5473.5,269.724,5729.724,5190.276,False,NONE,0.07,1.3,-0.22,1.96
2026-08-13,2026-08-13T10:24:25.977773,PETRONET,280.95,287.9,274.0,276.2,3.6,276.2,9.38373,290.33373,271.56627,False,NONE,-1.69,-4.99,3.22,-18.92
2026-08-13,2026-08-13T10:24:25.977773,PFC,378.95,378.95,375.35,376.45,3.72,376.45,14.77905,393.72905,364.17095,False,NONE,-0.62,-0.98,0.61,-1.92
2026-08-13,2026-08-13T10:24:25.977773,PGEL,615.55,617.45,605.55,605.55,5.71,605.55,34.163025,649.7130249999999,581.386975,False,NONE,-2.07,3.38,0.74,-3.28
2026-08-13,2026-08-13T10:24:25.977773,PHOENIXLTD,1884.0,1904.9,1884.0,1901.0,3.37,1901.0,73.6644,1957.6644000000001,1810.3355999999999,False,NONE,0.07,-6.33,0.43,-7.14
2026-08-13,2026-08-13T10:24:25.977773,PIDILITIND,1699.0,1706.8,1684.1,1687.6,3.06,1687.6,52.4991,1751.4991,1646.5009,False,NONE,-0.64,-3.17,0.15,1.56
2026-08-13,2026-08-13T10:24:25.977773,PIIND,2467.9,2498.8,2458.0,2482.8,4.59,2482.8,114.51056,2582.4105600000003,2353.38944,False,NONE,0.64,-4.31,0.67,1.92
2026-08-13,2026-08-13T10:24:25.977773,PNB,118.29,119.74,117.75,118.47,4.04,118.47,4.980009,123.270009,113.30999100000001,False,NONE,-0.23,-2.81,0.33,3.66
2026-08-13,2026-08-13T10:24:25.977773,PNBHOUSING,1152.8,1169.5,1148.0,1160.9,4.53,1160.9,55.68024,1208.4802399999999,1097.11976,False,NONE,-0.07,-1.43,0.14,-1.72
2026-08-13,2026-08-13T10:24:25.977773,POLICYBZR,1710.1,1743.0,1710.1,1736.9,4.76,1736.9,81.40075999999999,1791.50076,1628.69924,False,NONE,1.1,-0.79,-0.01,5.13
2026-08-13,2026-08-13T10:24:25.977773,POLYCAB,9359.5,9405.0,9325.0,9356.0,3.73,9356.0,394.9709,9754.4709,8964.5291,False,NONE,0.37,1.06,-0.38,0
2026-08-13,2026-08-13T10:24:25.977773,POWERGRID,268.95,269.1,267.1,267.5,2.97,267.5,8.176079999999999,277.12608,260.77392,False,NONE,-0.35,-0.73,0.07,0
2026-08-13,2026-08-13T10:24:25.977773,POWERINDIA,36195.0,36195.0,35505.0,35530.0,5.11,35530.0,1867.662,38062.662,34327.338,False,NONE,-0.95,1.44,-0.21,-0.94
2026-08-13,2026-08-13T10:24:25.977773,PREMIERENE,1034.5,1041.0,1032.9,1035.2,4.94,1035.2,52.345699999999994,1086.8457,982.1543,False,NONE,0.29,1.46,0.78,-9.52
2026-08-13,2026-08-13T10:24:25.977773,PRESTIGE,1585.0,1599.0,1562.5,1596.9,4.77,1596.9,73.70250000000001,1658.7025,1511.2975,False,NONE,0.26,1.11,0.2,1.37
2026-08-13,2026-08-13T10:24:25.977773,RADICO,4522.6,4616.0,4522.6,4602.0,4.77,4602.0,222.96418000000003,4745.56418,4299.63582,False,NONE,1.34,1.54,1.19,-17.95
2026-08-13,2026-08-13T10:24:25.977773,RBLBANK,389.95,389.95,385.2,385.35,4.22,385.35,16.260915,406.210915,373.689085,False,NONE,-0.53,2.43,0.02,-1.45
2026-08-13,2026-08-13T10:24:25.977773,RECLTD,343.7,344.4,340.6,341.3,3.58,341.3,12.923119999999999,356.62312,330.77688,False,NONE,-0.65,-1.93,0.85,0
2026-08-13,2026-08-13T10:24:25.977773,RELIANCE,1327.0,1328.6,1309.6,1315.3,2.87,1315.3,39.0138,1366.0138,1287.9862,False,NONE,-0.78,-1.81,0.81,-4.11
2026-08-13,2026-08-13T10:24:25.977773,RVNL,231.05,231.05,228.95,229.14,4.53,229.14,10.535879999999999,241.58588,220.51412000000002,False,NONE,-0.69,-2.47,0.23,-1.75
2026-08-13,2026-08-13T10:24:25.977773,SAIL,172.8,172.92,171.21,172.16,4.84,172.16,7.74076,180.14076,164.65924,False,NONE,-0.23,11.97,-0.01,1.54
2026-08-13,2026-08-13T10:24:25.977773,SBICARD,650.0,655.65,644.5,649.1,3.98,649.1,28.08,678.08,621.92,False,NONE,-0.56,-4.19,0.1,1.72
2026-08-13,2026-08-13T10:24:25.977773,SBILIFE,1828.0,1832.9,1817.2,1823.4,3.09,1823.4,56.8508,1884.8508,1771.1492,False,NONE,-0.78,-1.17,0.44,0
2026-08-13,2026-08-13T10:24:25.977773,SBIN,1086.1,1088.7,1077.1,1082.8,3.32,1082.8,37.144619999999996,1123.24462,1048.9553799999999,False,NONE,-0.29,1.55,0.3,-1.61
2026-08-13,2026-08-13T10:24:25.977773,SENSEX,78185.05,78200.0,78063.4,78148.7,0.35,78148.7,359.65123,78544.70123,77825.39877,False,NONE,-0.24,-0.46,2.61,-2.88
2026-08-13,2026-08-13T10:24:25.977773,SHREECEM,25595.0,25615.0,25195.0,25260.0,3.59,25260.0,1085.228,26680.228,24509.772,False,NONE,-1.29,-1.55,0.06,-8.16
2026-08-13,2026-08-13T10:24:25.977773,SHRIRAMFIN,1132.2,1148.9,1125.0,1137.9,4.31,1137.9,49.13748,1181.3374800000001,1083.06252,False,NONE,1.41,1.24,1.47,-4.92
2026-08-13,2026-08-13T10:24:25.977773,SIEMENS,4048.0,4048.0,3990.0,4000.4,4.45,4000.4,187.42239999999998,4235.4224,3860.5776,False,NONE,-0.81,-3.21,0.3,1.43
2026-08-13,2026-08-13T10:24:25.977773,SOLARINDS,18830.0,19500.0,18798.0,19354.0,6.22,19354.0,1154.279,19984.279,17675.721,False,NONE,2.78,11.78,0.38,-16.42
2026-08-13,2026-08-13T10:24:25.977773,SONACOMS,800.55,814.3,800.3,809.0,4.47,809.0,37.14552,837.69552,763.4044799999999,False,NONE,0.63,4.24,0.22,-1.43
2026-08-13,2026-08-13T10:24:25.977773,SRF,2597.0,2597.0,2566.6,2572.0,3.61,2572.0,95.56960000000001,2692.5696,2501.4304,False,NONE,-0.6,-2.37,0.3,-2.27
2026-08-13,2026-08-13T10:24:25.977773,SUNPHARMA,1947.7,1950.0,1941.3,1946.8,2.49,1946.8,52.00359,1999.70359,1895.69641,False,NONE,0.32,-4.6,-0.21,1.85
2026-08-13,2026-08-13T10:24:25.977773,SUPREMEIND,3424.0,3526.0,3424.0,3470.1,4.34,3470.1,148.6016,3572.6016,3275.3984,False,NONE,0.61,1.62,-0.21,-5.48
2026-08-13,2026-08-13T10:24:25.977773,SUZLON,47.22,47.65,47.15,47.52,4.97,47.52,2.33739,49.55739,44.88261,False,NONE,0.32,-1.19,-0.14,0
2026-08-13,2026-08-13T10:24:25.977773,SWIGGY,278.8,282.5,278.75,280.15,6.09,280.15,17.20196,296.00196,261.59804,False,NONE,0.97,2.25,0.46,-2.5
2026-08-13,2026-08-13T10:24:25.977773,TATACONSUM,1062.1,1079.5,1061.3,1078.9,3.46,1078.9,37.492129999999996,1099.59213,1024.6078699999998,False,NONE,1.67,0.88,0.12,1.79
2026-08-13,2026-08-13T10:24:25.977773,TATAELXSI,3738.7,3767.7,3730.1,3755.9,4.38,3755.9,176.46663999999998,3915.16664,3562.2333599999997,False,NONE,0.62,-1.7,-0.16,2.13
2026-08-13,2026-08-13T10:24:25.977773,TATAPOWER,379.8,381.5,379.2,380.15,3.09,380.15,11.9637,391.76370000000003,367.8363,False,NONE,0.2,-0.94,-0.17,-1.37
2026-08-13,2026-08-13T10:24:25.977773,TATASTEEL,186.5,187.23,185.22,185.38,3.95,185.38,7.3854,193.8854,179.1146,False,NONE,-0.31,0.26,-0.07,1.67
2026-08-13,2026-08-13T10:24:25.977773,TCS,2348.2,2353.0,2337.2,2340.0,3.93,2340.0,95.1021,2443.3021,2253.0978999999998,False,NONE,-0.09,-3.43,0.13,0
2026-08-13,2026-08-13T10:24:25.977773,TECHM,1631.0,1649.8,1631.0,1639.5,3.62,1639.5,60.5101,1691.5101,1570.4899,False,NONE,0.52,-3.01,-0.05,2.08
2026-08-13,2026-08-13T10:24:25.977773,TIINDIA,2855.0,2855.0,2796.0,2808.4,6.49,2808.4,185.2895,3040.2895,2669.7105,False,NONE,-1.07,5.04,0.51,-3.51
2026-08-13,2026-08-13T10:24:25.977773,TITAN,5062.0,5077.5,5032.0,5039.6,2.94,5039.6,156.4158,5218.4158,4905.5842,False,NONE,-0.6,-2.83,0.05,-1.47
2026-08-13,2026-08-13T10:24:25.977773,TMPV,345.0,352.65,343.6,349.9,5.53,349.9,19.078500000000002,364.0785,325.9215,False,NONE,1.82,1.12,-0.17,-2.86
2026-08-13,2026-08-13T10:24:25.977773,TORNTPHARM,4919.5,4919.5,4852.5,4902.5,3.49,4902.5,168.24689999999998,5087.7469,4751.2531,False,NONE,0.13,-2.15,-0.05,1.67
2026-08-13,2026-08-13T10:24:25.977773,TRENT,2991.0,2993.6,2976.3,2988.1,4.16,2988.1,127.1175,3118.1175,2863.8825,False,NONE,-0.1,-1.7,0.09,2.86
2026-08-13,2026-08-13T10:24:25.977773,TVSMOTOR,4377.4,4385.7,4331.2,4339.2,3.62,4339.2,167.21667999999997,4544.616679999999,4210.18332,False,NONE,-0.75,1.01,-0.46,0
2026-08-13,2026-08-13T10:24:25.977773,ULTRACEMCO,11898.0,11920.0,11584.0,11647.0,3.31,11647.0,379.5462,12277.5462,11518.4538,False,NONE,-2.38,14.36,6.66,13.95
2026-08-13,2026-08-13T10:24:25.977773,UNIONBANK,187.99,189.0,185.76,187.3,4.39,187.3,8.873128000000001,196.86312800000002,179.116872,False,NONE,-0.1,-0.1,0.73,0
2026-08-13,2026-08-13T10:24:25.977773,UNITDSPR,1520.8,1535.4,1518.0,1534.1,3.26,1534.1,50.9468,1571.7468,1469.8532,False,NONE,0.38,-4.1,0.1,-2.41
2026-08-13,2026-08-13T10:24:25.977773,UNOMINDA,1246.0,1267.8,1243.0,1256.1,3.83,1256.1,44.980599999999995,1290.9806,1201.0194,False,NONE,0.85,2.64,0.73,-2.44
2026-08-13,2026-08-13T10:24:25.977773,UPL,569.0,570.0,565.1,565.5,4.02,565.5,22.1341,591.1341,546.8659,False,NONE,-0.49,0.93,0.24,0
2026-08-13,2026-08-13T10:24:25.977773,VBL,437.45,441.9,437.45,439.0,4,439.0,17.279275,454.729275,420.170725,False,NONE,-0.08,0.81,-0.18,0
2026-08-13,2026-08-13T10:24:25.977773,VEDL,277.45,277.45,273.85,275.2,5.05,275.2,14.510635,291.96063499999997,262.939365,False,NONE,-0.38,-0.6,0.32,0
2026-08-13,2026-08-13T10:24:25.977773,VMM,106.21,108.34,106.21,107.09,5.32,107.09,5.692856000000001,111.902856,100.51714399999999,False,NONE,-0.71,1.68,0.03,0
2026-08-13,2026-08-13T10:24:25.977773,VOLTAS,1296.7,1298.5,1282.5,1284.0,5.96,1284.0,77.15365000000001,1373.85365,1219.54635,False,NONE,-0.58,2.74,0.89,-2.11
2026-08-13,2026-08-13T10:24:25.977773,WAAREEENER,2665.0,2682.0,2665.0,2674.8,4.25,2674.8,122.32350000000001,2787.3235,2542.6765,False,NONE,0.57,-1.54,-0.01,0
2026-08-13,2026-08-13T10:24:25.977773,WIPRO,183.5,184.0,182.7,182.93,3.71,182.93,6.95465,190.45465,176.54535,False,NONE,-0.52,0.32,0.12,-1.39
2026-08-13,2026-08-13T10:24:25.977773,YESBANK,22.95,23.05,22.85,22.95,3.75,22.95,0.860625,23.810624999999998,22.089375,False,NONE,0.31,1.82,-0.13,0
2026-08-13,2026-08-13T10:24:25.977773,ZYDUSLIFE,1206.6,1209.9,1174.6,1178.4,3.8,1178.4,49.4706,1256.0706,1157.1293999999998,False,NONE,-2.34,-0.23,0.47,-16.22
2026-08-13,2026-08-13T12:30:46.431034,360ONE,1150.2,1175.0,1150.2,1173.7,4.36,1173.7,53.71901,1204.01901,1096.58099,False,NONE,1.61,-1.38,1.47,-1.69
2026-08-13,2026-08-13T12:30:46.431034,ABB,7787.0,7810.0,7690.0,7777.0,4.45,7777.0,353.5298,8140.5298,7433.4702,False,NONE,0.45,1.29,1.19,1.67
2026-08-13,2026-08-13T12:30:46.431034,ABCAPITAL,409.0,409.0,402.0,407.25,4.15,407.25,16.850800000000003,425.8508,392.1492,False,NONE,-0.07,1.9,0.33,3.17
2026-08-13,2026-08-13T12:30:46.431034,ADANIENSOL,1618.9,1642.9,1577.3,1589.5,5.23,1589.5,76.41208,1695.3120800000002,1542.48792,False,NONE,-1.44,10.86,1.87,-14.29
2026-08-13,2026-08-13T12:30:46.431034,ADANIENT,2983.0,3025.8,2945.3,2963.1,4.74,2963.1,132.7435,3115.7435,2850.2565,False,NONE,-0.8,1.2,0.69,0
2026-08-13,2026-08-13T12:30:46.431034,ADANIGREEN,1339.0,1354.4,1318.5,1322.6,4.94,1322.6,69.8958,1408.8958,1269.1042,False,NONE,-1.0,-3.28,0.47,-2.33
2026-08-13,2026-08-13T12:30:46.431034,ADANIPORTS,1664.4,1673.9,1646.0,1654.2,3.56,1654.2,63.2472,1727.6472,1601.1528,False,NONE,-0.4,-2.95,0.49,-1.89
2026-08-13,2026-08-13T12:30:46.431034,ADANIPOWER,209.0,210.36,204.6,206.15,4.82,206.15,10.1783,219.1783,198.8217,False,NONE,-0.88,3.78,0.55,-6
2026-08-13,2026-08-13T12:30:46.431034,ALKEM,5483.0,5483.0,5410.0,5444.5,4.91,5444.5,282.3745,5765.3745,5200.6255,False,NONE,-0.23,-5.5,0.49,-11.11
2026-08-13,2026-08-13T12:30:46.431034,AMBER,7047.0,7113.0,6970.0,7108.0,6.66,7108.0,460.1691,7507.1691,6586.8309,False,NONE,1.35,3.7,4.26,1.03
2026-08-13,2026-08-13T12:30:46.431034,AMBUJACEM,425.8,425.95,420.0,421.0,3.49,421.0,15.030740000000002,440.83074,410.76926000000003,False,NONE,-0.85,-2.01,0.33,-1.72
2026-08-13,2026-08-13T12:30:46.431034,ANGELONE,289.1,292.95,288.8,290.55,4.89,290.55,14.801920000000003,303.90192,274.29808,False,NONE,0.66,-1.41,0.67,4.17
2026-08-13,2026-08-13T12:30:46.431034,APLAPOLLO,2009.5,2067.3,1993.9,2063.1,3.63,2063.1,71.1363,2080.6363,1938.3636999999999,False,NONE,2.87,2.74,3.09,7.94
2026-08-13,2026-08-13T12:30:46.431034,APOLLOHOSP,8740.0,8800.0,8609.5,8659.0,3.33,8659.0,345.23,9085.23,8394.77,False,NONE,0.48,-27.65,4.9,-22.64
2026-08-13,2026-08-13T12:30:46.431034,ASHOKLEY,177.5,182.9,177.5,178.62,5.59,178.62,10.20625,187.70625,167.29375,False,NONE,1.12,-0.74,0.49,-14.29
2026-08-13,2026-08-13T12:30:46.431034,ASIANPAINT,2730.0,2753.8,2722.8,2751.8,3.23,2751.8,91.18199999999999,2821.182,2638.818,False,NONE,1.25,-3.3,1.93,4.62
2026-08-13,2026-08-13T12:30:46.431034,ASTRAL,1491.0,1599.3,1489.3,1582.0,4.5,1582.0,77.23379999999999,1568.2338,1413.7662,True,UP,8.63,-15.41,-2.24,0
2026-08-13,2026-08-13T12:30:46.431034,AUBANK,1096.0,1101.3,1083.9,1085.4,3.59,1085.4,40.8808,1136.8808,1055.1192,False,NONE,-0.17,1.98,0.66,-2.78
2026-08-13,2026-08-13T12:30:46.431034,AUROPHARMA,1665.0,1684.5,1662.4,1674.7,3.94,1674.7,71.262,1736.262,1593.738,False,NONE,0.78,1.42,0.13,9.38
2026-08-13,2026-08-13T12:30:46.431034,AXISBANK,1227.1,1229.2,1220.5,1228.2,2.82,1228.2,35.585899999999995,1262.6859,1191.5140999999999,False,NONE,-0.14,0.37,0.23,1.64
2026-08-13,2026-08-13T12:30:46.431034,BAJAJ-AUTO,11703.0,11763.0,11644.0,11760.0,3.07,11760.0,382.68809999999996,12085.6881,11320.3119,False,NONE,0.24,-7.1,-0.3,-7.3
2026-08-13,2026-08-13T12:30:46.431034,BAJAJFINSV,2007.0,2042.3,2007.0,2036.8,3.06,2036.8,64.224,2071.224,1942.776,False,NONE,0.67,-3.06,0.66,-3.7
2026-08-13,2026-08-13T12:30:46.431034,BAJAJHLDNG,11703.0,11703.0,11365.0,11531.0,3.38,11531.0,462.26849999999996,12165.2685,11240.7315,False,NONE,0.07,-4.8,0.12,-4.42
2026-08-13,2026-08-13T12:30:46.431034,BAJFINANCE,1094.6,1097.8,1087.0,1092.2,3.49,1092.2,38.748839999999994,1133.3488399999999,1055.85116,False,NONE,-0.11,-0.46,0.41,-1.35
2026-08-13,2026-08-13T12:30:46.431034,BANDHANBNK,175.09,175.78,174.17,175.25,3.73,175.25,6.597904,179.317904,166.122096,False,NONE,0.09,1.31,-0.16,0
2026-08-13,2026-08-13T12:30:46.431034,BANKBARODA,251.4,251.4,248.55,249.43,3.8,249.43,9.77946,261.17946,241.62054,False,NONE,-0.67,2.73,0.45,0
2026-08-13,2026-08-13T12:30:46.431034,BANKEX,65553.6,65553.6,65541.0,65541.0,2,65541.0,1351.7089649999998,66651.658965,63948.241035,False,NONE,0.15,7.7,14.29,-1.19
2026-08-13,2026-08-13T12:30:46.431034,BANKINDIA,145.1,146.65,144.67,145.03,4.38,145.03,6.57303,151.67302999999998,138.52697,False,NONE,-0.57,-3.13,-0.03,-5.68
2026-08-13,2026-08-13T12:30:46.431034,BANKNIFTY,58099.0,58099.0,57755.0,57866.0,1.74,57866.0,1057.4018,59156.4018,57041.5982,False,NONE,-0.24,-0.83,2.07,-2.27
2026-08-13,2026-08-13T12:30:46.431034,BDL,1338.6,1384.8,1338.6,1383.4,6.61,1383.4,91.42638,1430.0263799999998,1247.17362,False,NONE,3.35,3.68,3.15,-6.58
2026-08-13,2026-08-13T12:30:46.431034,BEL,406.0,413.4,403.95,411.55,3.55,411.55,15.0626,421.0626,390.9374,False,NONE,1.49,-3.37,-1.23,12.7
2026-08-13,2026-08-13T12:30:46.431034,BHARATFORG,2094.3,2106.7,2080.0,2106.0,4.02,2106.0,86.49459,2180.79459,2007.8054100000002,False,NONE,1.02,-0.5,-1.16,8.7
2026-08-13,2026-08-13T12:30:46.431034,BHARTIARTL,1969.0,1977.8,1938.7,1968.4,2.54,1968.4,55.7227,2024.7227,1913.2773,False,NONE,1.06,-11.76,1.17,0
2026-08-13,2026-08-13T12:30:46.431034,BHEL,420.65,421.35,413.05,416.95,4.99,416.95,22.504774999999995,443.154775,398.145225,False,NONE,-0.63,-2.97,0.47,-3.64
2026-08-13,2026-08-13T12:30:46.431034,BIOCON,426.0,426.7,418.35,419.95,3.97,419.95,18.105,444.105,407.895,False,NONE,-1.82,-3.22,0.32,-1.39
2026-08-13,2026-08-13T12:30:46.431034,BLUESTARCO,1496.0,1512.9,1489.4,1508.0,4.39,1508.0,72.556,1568.556,1423.444,False,NONE,0.95,-1.75,-0.15,-2.56
2026-08-13,2026-08-13T12:30:46.431034,BOSCHLTD,46820.0,47375.0,46690.0,46930.0,3.6,46930.0,1751.0680000000002,48571.068,45068.932,False,NONE,0.81,-6.85,2.72,0
2026-08-13,2026-08-13T12:30:46.431034,BPCL,316.2,316.2,311.65,314.25,3.72,314.25,11.92074,328.12074,304.27925999999997,False,NONE,-0.62,-1.08,0.21,4.69
2026-08-13,2026-08-13T12:30:46.431034,BRITANNIA,5557.0,5696.5,5540.0,5635.5,2.87,5635.5,176.7126,5733.7126,5380.2874,False,NONE,0.62,-4.99,0.93,5
2026-08-13,2026-08-13T12:30:46.431034,BSE,3530.0,3540.0,3498.0,3514.5,5.55,3514.5,201.916,3731.916,3328.084,False,NONE,-0.41,0.64,0.49,-4.17
2026-08-13,2026-08-13T12:30:46.431034,CAMS,782.25,787.0,774.5,779.1,3.98,779.1,30.898875000000004,813.148875,751.351125,False,NONE,-0.2,3.64,0.14,0
2026-08-13,2026-08-13T12:30:46.431034,CANBK,132.0,132.92,130.85,131.87,4.34,131.87,5.8344,137.8344,126.1656,False,NONE,-0.06,-1.44,0.21,-2.67
2026-08-13,2026-08-13T12:30:46.431034,CDSL,1341.2,1359.0,1341.2,1356.6,4.09,1356.6,55.25744,1396.4574400000001,1285.94256,False,NONE,0.65,0.18,-0.31,-3.33
2026-08-13,2026-08-13T12:30:46.431034,CGPOWER,895.0,897.0,880.55,888.0,4.67,888.0,46.361,941.361,848.639,False,NONE,-0.18,-3.67,0.67,-1.89
2026-08-13,2026-08-13T12:30:46.431034,CHOLAFIN,1911.5,1919.6,1897.2,1917.0,4.02,1917.0,82.76795,1994.26795,1828.73205,False,NONE,0.49,-2.66,1.15,0
2026-08-13,2026-08-13T12:30:46.431034,CIPLA,1468.7,1469.7,1462.2,1467.4,2.89,1467.4,44.50161,1513.20161,1424.19839,False,NONE,0.03,-2.83,0.53,-1.47
2026-08-13,2026-08-13T12:30:46.431034,COALINDIA,410.65,411.1,408.35,408.7,2.75,408.7,11.498199999999999,422.1482,399.1518,False,NONE,-0.39,-,0.25,-2.78
2026-08-13,2026-08-13T12:30:46.431034,COCHINSHIP,1515.2,1543.0,1513.5,1517.4,5.71,1517.4,90.76048,1605.96048,1424.4395200000001,False,NONE,0.15,3.78,0.02,-3.85
2026-08-13,2026-08-13T12:30:46.431034,COFORGE,1800.0,1834.0,1797.0,1831.0,4.49,1831.0,85.86,1885.86,1714.14,False,NONE,1.07,-2,0.54,2.61
2026-08-13,2026-08-13T12:30:46.431034,COLPAL,2004.5,2008.3,1981.3,1985.1,3.24,1985.1,67.15075,2071.65075,1937.34925,False,NONE,-1.06,-3.38,0.5,-1.96
2026-08-13,2026-08-13T12:30:46.431034,CONCOR,516.85,529.2,515.5,527.2,4.02,527.2,22.121180000000003,538.97118,494.72882000000004,False,NONE,2.27,3.51,0.73,-5.45
2026-08-13,2026-08-13T12:30:46.431034,CROMPTON,248.35,249.9,245.5,248.85,4.56,248.85,11.945635,260.295635,236.40436499999998,False,NONE,0.06,-4.74,0.21,0
2026-08-13,2026-08-13T12:30:46.431034,CUMMINSIND,5410.0,5410.0,5353.0,5361.5,3.94,5361.5,196.38299999999998,5606.383,5213.617,False,NONE,-0.47,5.49,0.72,-3.61
2026-08-13,2026-08-13T12:30:46.431034,DABUR,406.3,410.65,406.3,410.65,3.1,410.65,13.570419999999999,419.87042,392.72958,False,NONE,0.69,-5.63,-0.07,0
2026-08-13,2026-08-13T12:30:46.431034,DALBHARAT,1856.2,1856.2,1818.0,1834.9,3.75,1834.9,68.6794,1924.8794,1787.5206,False,NONE,-0.38,0.94,-0.27,1.92
2026-08-13,2026-08-13T12:30:46.431034,DELHIVERY,474.3,474.9,468.4,469.85,4.23,469.85,22.57668,496.87668,451.72332,False,NONE,-0.52,-3.78,0.93,6.67
2026-08-13,2026-08-13T12:30:46.431034,DIVISLAB,8480.0,8524.5,8431.0,8468.0,3.49,8468.0,318.0,8798.0,8162.0,False,NONE,-0.22,-5.07,0.05,-2.04
2026-08-13,2026-08-13T12:30:46.431034,DIXON,13799.0,13988.0,13638.0,13965.0,4.7,13965.0,670.6314,14469.6314,13128.3686,False,NONE,1.56,-1.5,-0.84,2.13
2026-08-13,2026-08-13T12:30:46.431034,DLF,662.9,668.9,659.15,667.0,4.46,667.0,30.09566,692.9956599999999,632.80434,False,NONE,0.92,-0.1,0.81,-5.26
2026-08-13,2026-08-13T12:30:46.431034,DMART,4059.9,4089.0,4020.0,4071.6,3.32,4071.6,133.16472,4193.06472,3926.73528,False,NONE,0.53,-1.13,-0.94,0
2026-08-13,2026-08-13T12:30:46.431034,DRREDDY,1192.9,1204.0,1183.3,1203.2,3.15,1203.2,38.53067000000001,1231.4306700000002,1154.36933,False,NONE,0.87,3.52,2.61,0
2026-08-13,2026-08-13T12:30:46.431034,EICHERMOT,8079.0,8088.0,8025.5,8088.0,3.08,8088.0,260.1438,8339.1438,7818.8562,False,NONE,0.59,-2.13,-0.44,2.3
2026-08-13,2026-08-13T12:30:46.431034,ETERNAL,315.0,319.75,313.85,318.8,4.3,318.8,13.828499999999998,328.8285,301.1715,False,NONE,1.37,-4.79,0.11,3.45
2026-08-13,2026-08-13T12:30:46.431034,FEDERALBNK,356.1,356.8,352.6,352.8,2.95,352.8,10.22007,366.32007000000004,345.87993,False,NONE,-0.95,0.91,0.45,-3.12
2026-08-13,2026-08-13T12:30:46.431034,FINNIFTY,26399.7,26497.2,26399.7,26481.1,1.91,26481.1,525.35403,26925.05403,25874.345970000002,False,NONE,-0.16,2.92,1.62,18.87
2026-08-13,2026-08-13T12:30:46.431034,FOCIT,37831.0,38167.0,37831.0,38167.0,3.08,38167.0,1338.8544,39482.8544,36805.1456,False,NONE,0.96,-5.03,-11.76,10.59
2026-08-13,2026-08-13T12:30:46.431034,FORCEMOT,19498.0,19498.0,18850.0,18866.0,5.13,18866.0,1113.3358,20611.3358,18384.6642,False,NONE,-2.34,-8.87,0.13,-15.07
2026-08-13,2026-08-13T12:30:46.431034,FORTIS,892.0,904.65,892.0,903.75,3.82,903.75,36.928799999999995,928.9288,855.0712,False,NONE,1.31,-5.33,1.28,2.74
2026-08-13,2026-08-13T12:30:46.431034,GAIL,175.55,175.99,174.66,174.67,3.77,174.67,6.84645,182.39645000000002,168.70355,False,NONE,-0.11,-2.67,0.58,0
2026-08-13,2026-08-13T12:30:46.431034,GLENMARK,2305.0,2315.0,2287.8,2307.0,3.69,2307.0,93.583,2398.583,2211.417,False,NONE,0.49,-6.99,0.16,2.04
2026-08-13,2026-08-13T12:30:46.431034,GMRAIRPORT,106.8,106.8,102.88,103.0,4.29,103.0,5.29728,112.09728,101.50272,False,NONE,-1.81,-18.33,0.39,-18.52
2026-08-13,2026-08-13T12:30:46.431034,GODFRYPHLP,2192.3,2198.0,2175.3,2177.1,4.7,2177.1,109.17654000000002,2301.47654,2083.1234600000003,False,NONE,-0.74,-2.57,0.22,-1.96
2026-08-13,2026-08-13T12:30:46.431034,GODREJCP,912.8,933.8,909.0,926.5,4.07,926.5,40.984719999999996,953.78472,871.8152799999999,False,NONE,1.79,-13.25,2.24,4.26
2026-08-13,2026-08-13T12:30:46.431034,GODREJPROP,2004.0,2038.0,1999.7,2036.5,4.51,2036.5,93.5868,2097.5868,1910.4132,False,NONE,1.29,-1.79,0.25,1.92
2026-08-13,2026-08-13T12:30:46.431034,GRASIM,3308.0,3314.9,3207.0,3246.1,3.63,3246.1,201.1264,3509.1264,3106.8736,False,NONE,-2.33,-19.41,2.86,0
2026-08-13,2026-08-13T12:30:46.431034,GVT&D,4429.0,4432.5,4287.1,4325.5,5.37,4325.5,244.4808,4673.4808,4184.5192,False,NONE,-2.14,-3.08,2.96,-6.85
2026-08-13,2026-08-13T12:30:46.431034,HAL,5040.0,5053.0,4911.0,4986.9,3.95,4986.9,215.208,5255.208,4824.792,False,NONE,-0.33,-1.46,2.88,-8.82
2026-08-13,2026-08-13T12:30:46.431034,HAVELLS,1263.2,1274.0,1259.3,1272.4,3.24,1272.4,44.96992,1308.16992,1218.23008,False,NONE,0.35,-1.96,0.1,3.39
2026-08-13,2026-08-13T12:30:46.431034,HCLTECH,1363.7,1374.9,1356.1,1371.9,3.86,1371.9,55.9117,1419.6117000000002,1307.7883,False,NONE,0.87,-5.75,0.01,2.53
2026-08-13,2026-08-13T12:30:46.431034,HDFCAMC,2495.0,2513.0,2492.1,2512.6,3.9,2512.6,99.301,2594.301,2395.699,False,NONE,0.46,-0.19,0.85,1.49
2026-08-13,2026-08-13T12:30:46.431034,HDFCBANK,729.0,732.5,727.4,730.1,3.46,730.1,26.3169,755.3169,702.6831,False,NONE,-0.4,-0.42,0.66,2
2026-08-13,2026-08-13T12:30:46.431034,HDFCLIFE,539.5,541.7,534.8,541.5,3.14,541.5,17.42585,556.92585,522.07415,False,NONE,0.75,-2.57,0.4,0
2026-08-13,2026-08-13T12:30:46.431034,HEROMOTOCO,5925.0,5940.0,5834.5,5884.0,3.76,5884.0,233.445,6158.445,5691.555,False,NONE,-0.03,-3.91,0.75,-2.8
2026-08-13,2026-08-13T12:30:46.431034,HINDALCO,1067.0,1074.85,1049.6,1052.4,3.86,1052.4,42.7867,1109.7867,1024.2133,False,NONE,-2.32,-0.65,1.49,-11.11
2026-08-13,2026-08-13T12:30:46.431034,HINDPETRO,391.95,392.9,389.45,390.95,4.08,390.95,16.06995,408.01995,375.88005,False,NONE,0.21,-0.49,1.56,8.77
2026-08-13,2026-08-13T12:30:46.431034,HINDUNILVR,2061.9,2080.0,2061.2,2078.2,2.5,2078.2,53.40321,2115.30321,2008.4967900000001,False,NONE,0.71,-3.98,-0.13,0
2026-08-13,2026-08-13T12:30:46.431034,HINDZINC,586.65,597.0,582.05,583.25,4.48,583.25,26.75124,613.40124,559.8987599999999,False,NONE,-0.59,-0.06,-0.11,3.28
2026-08-13,2026-08-13T12:30:46.431034,HYUNDAI,2253.9,2281.2,2225.2,2231.2,4.07,2231.2,87.22593,2341.12593,2166.67407,False,NONE,-0.75,6.74,0.27,-14.29
2026-08-13,2026-08-13T12:30:46.431034,ICICIBANK,1429.9,1430.8,1417.4,1421.3,2.6,1421.3,37.32039,1467.2203900000002,1392.57961,False,NONE,-0.59,1.25,-0.03,-4.62
2026-08-13,2026-08-13T12:30:46.431034,ICICIGI,1634.6,1639.0,1627.0,1638.5,3.77,1638.5,67.67244,1702.27244,1566.9275599999999,False,NONE,0.12,-2.12,0.36,0
2026-08-13,2026-08-13T12:30:46.431034,ICICIPRULI,502.0,509.4,502.0,508.15,3.48,508.15,18.2728,520.2728,483.7272,False,NONE,1.03,-1.74,0.73,1.59
2026-08-13,2026-08-13T12:30:46.431034,IDEA,13.75,13.92,13.5,13.7,5.83,13.7,0.7947500000000001,14.54475,12.95525,False,NONE,1.03,-5.18,0.56,1.85
2026-08-13,2026-08-13T12:30:46.431034,IDFCFIRSTB,85.52,86.85,85.52,86.56,3.66,86.56,3.266864,88.786864,82.253136,False,NONE,0.7,1.2,-0.68,2.74
2026-08-13,2026-08-13T12:30:46.431034,IEX,124.76,125.92,124.75,125.72,3.87,125.72,5.277348000000001,130.037348,119.482652,False,NONE,0.4,-3.55,-0.01,1.72
2026-08-13,2026-08-13T12:30:46.431034,INDHOTEL,724.15,724.15,717.2,721.25,3.36,721.25,24.186609999999995,748.33661,699.96339,False,NONE,-0.36,-0.79,0.44,-3.39
2026-08-13,2026-08-13T12:30:46.431034,INDIANB,898.5,904.75,887.0,894.45,4.36,894.45,40.88175,939.38175,857.61825,False,NONE,-0.06,-2.26,1.06,-2.6
2026-08-13,2026-08-13T12:30:46.431034,INDIGO,5365.0,5365.0,5300.0,5359.0,3.7,5359.0,210.8445,5575.8445,5154.1555,False,NONE,0.56,-4.01,0.13,-1.54
2026-08-13,2026-08-13T12:30:46.431034,INDUSINDBK,1018.0,1024.1,1011.5,1023.5,3.5,1023.5,36.4444,1054.4444,981.5556,False,NONE,0.03,-0.66,-0.08,-1.67
2026-08-13,2026-08-13T12:30:46.431034,INDUSTOWER,384.4,387.2,382.35,385.0,3.17,385.0,13.492439999999998,397.89243999999997,370.90756,False,NONE,0.21,-7.14,0.5,-1.61
2026-08-13,2026-08-13T12:30:46.431034,INFY,1172.0,1178.3,1160.6,1174.1,3.72,1174.1,46.99719999999999,1218.9972,1125.0028,False,NONE,-0.28,-5.21,0.85,0
2026-08-13,2026-08-13T12:30:46.431034,INOXWIND,74.22,74.74,73.9,74.28,5.61,74.28,4.11699,78.29699000000001,70.06301,False,NONE,-0.26,0.5,0.37,4
2026-08-13,2026-08-13T12:30:46.431034,IOC,140.13,140.38,138.95,139.93,3.42,139.93,4.890537,145.020537,135.239463,False,NONE,-0.14,-1.91,0.05,0
2026-08-13,2026-08-13T12:30:46.431034,IREDA,116.09,116.89,115.36,116.75,4.52,116.75,5.398185000000001,121.488185,110.691815,False,NONE,0.98,2.63,0.11,0
2026-08-13,2026-08-13T12:30:46.431034,IRFC,88.35,88.87,88.04,88.59,4.15,88.59,3.8837809999999995,91.553781,83.786219,False,NONE,0.32,-1.64,-0.43,1.69
2026-08-13,2026-08-13T12:30:46.431034,ITC,277.0,279.35,277.0,278.45,2.41,278.45,7.0634999999999994,284.0635,269.9365,False,NONE,0.34,-6.9,0.96,-2.04
2026-08-13,2026-08-13T12:30:46.431034,JINDALSTEL,1094.5,1106.0,1093.0,1097.2,3.44,1097.2,41.590999999999994,1136.091,1052.909,False,NONE,-0.69,-2.03,0.32,-4.23
2026-08-13,2026-08-13T12:30:46.431034,JIOFIN,261.5,263.6,255.4,255.5,4.99,255.5,14.330200000000001,275.8302,247.1698,False,NONE,-0.21,8.88,11.01,-11.11
2026-08-13,2026-08-13T12:30:46.431034,JSWENERGY,560.0,563.2,552.35,556.2,3.76,556.2,21.167999999999996,581.168,538.832,False,NONE,-0.62,-1.92,0.62,-7.27
2026-08-13,2026-08-13T12:30:46.431034,JSWSTEEL,1273.2,1280.0,1269.0,1278.4,3.36,1278.4,46.08984,1319.2898400000001,1227.11016,False,NONE,0.24,-2.87,0.27,-1.3
2026-08-13,2026-08-13T12:30:46.431034,JUBLFOOD,476.95,479.0,467.15,469.45,6.53,469.45,36.200505,513.150505,440.74949499999997,False,NONE,-1.72,-5.08,1.95,-21.1
2026-08-13,2026-08-13T12:30:46.431034,KALYANKJIL,603.05,621.0,596.1,617.5,7.42,617.5,41.55014499999999,644.600145,561.4998549999999,False,NONE,2.8,9.98,6.23,4.11
2026-08-13,2026-08-13T12:30:46.431034,KAYNES,3850.5,3857.4,3744.6,3753.9,6.52,3753.9,257.98350000000005,4108.4835,3592.5164999999997,False,NONE,-2.66,-0.69,0.86,-4.88
2026-08-13,2026-08-13T12:30:46.431034,KEI,5739.2,5845.0,5720.1,5782.7,4.09,5782.7,248.50736,5987.707359999999,5490.69264,False,NONE,0.61,-0.39,0.87,-0.99
2026-08-13,2026-08-13T12:30:46.431034,KFINTECH,922.5,928.25,922.05,926.35,4.92,926.35,50.77184999999999,987.52185,885.97815,False,NONE,-0.15,0.72,-0.05,-2.08
2026-08-13,2026-08-13T12:30:46.431034,KOTAKBANK,392.0,393.95,390.1,393.0,2.68,393.0,11.564,403.564,380.436,False,NONE,-0.05,-5.24,0.08,0
2026-08-13,2026-08-13T12:30:46.431034,KPITTECH,610.0,619.6,610.0,618.9,4.79,618.9,30.5,640.5,579.5,False,NONE,1.14,0.15,0.24,2.27
2026-08-13,2026-08-13T12:30:46.431034,LAURUSLABS,1846.0,1846.0,1820.4,1838.9,4.01,1838.9,73.1016,1919.1016,1772.8984,False,NONE,-0.1,0.8,0.17,-1.19
2026-08-13,2026-08-13T12:30:46.431034,LICHSGFIN,497.3,498.15,493.55,494.0,3.28,494.0,17.4055,514.7055,479.8945,False,NONE,-0.61,-3.87,1.35,-2.99
2026-08-13,2026-08-13T12:30:46.431034,LICI,414.7,416.25,410.95,414.75,2.5,414.75,10.077210000000001,424.77720999999997,404.62279,False,NONE,-0.54,-18.47,-2.89,1.39
2026-08-13,2026-08-13T12:30:46.431034,LODHA,1201.4,1234.3,1201.4,1234.1,5.08,1234.1,60.790839999999996,1262.19084,1140.6091600000002,False,NONE,2.71,1.38,0.9,0
2026-08-13,2026-08-13T12:30:46.431034,LT,4030.0,4084.7,4007.0,4059.1,2.79,4059.1,115.258,4145.258,3914.742,False,NONE,0.65,1,0.39,4.11
2026-08-13,2026-08-13T12:30:46.431034,LTF,314.3,318.55,314.3,314.9,4.69,314.9,15.180690000000002,329.48069000000004,299.11931,False,NONE,-0.52,-1.23,-0.05,1.35
2026-08-13,2026-08-13T12:30:46.431034,LTM,4706.2,4779.0,4700.0,4773.4,4.61,4773.4,224.01512,4930.21512,4482.18488,False,NONE,0.95,-2.73,0.06,3.13
2026-08-13,2026-08-13T12:30:46.431034,LUPIN,2272.0,2282.3,2257.2,2261.0,3.26,2261.0,78.384,2350.384,2193.616,False,NONE,-0.41,-0.44,0.62,0
2026-08-13,2026-08-13T12:30:46.431034,M&M,3420.0,3454.2,3412.0,3433.3,3.28,3433.3,119.7,3539.7,3300.3,False,NONE,0.09,-3.23,-0.34,-1.32
2026-08-13,2026-08-13T12:30:46.431034,MANAPPURAM,353.7,354.5,345.35,350.5,5.23,350.5,20.01942,373.71942,333.68057999999996,False,NONE,-1.17,-4.8,-1.89,5.13
2026-08-13,2026-08-13T12:30:46.431034,MANKIND,2424.2,2436.0,2412.8,2414.8,3.56,2414.8,112.79970000000002,2538.5997,2313.0003,False,NONE,-0.73,-10.75,0.38,-8
2026-08-13,2026-08-13T12:30:46.431034,MARICO,849.5,861.0,849.5,857.55,2.98,857.55,28.798050000000003,878.29805,820.70195,False,NONE,0.75,0.2,-0.13,1.67
2026-08-13,2026-08-13T12:30:46.431034,MARUTI,13950.0,13989.0,13870.0,13947.0,3,13947.0,443.61,14393.61,13506.39,False,NONE,-0.23,-2.05,1.39,-2.56
2026-08-13,2026-08-13T12:30:46.431034,MAXHEALTH,1015.0,1026.0,1009.0,1022.5,4.72,1022.5,49.532,1064.532,965.468,False,NONE,1.04,-2.34,0.86,0
2026-08-13,2026-08-13T12:30:46.431034,MAZDOCK,2557.6,2584.6,2552.3,2566.0,4.84,2566.0,122.7648,2680.3648,2434.8352,False,NONE,0.58,1.98,0.71,-5.66
2026-08-13,2026-08-13T12:30:46.431034,MCX,2969.9,3024.0,2953.3,2956.2,5.13,2956.2,155.02878,3124.92878,2814.87122,False,NONE,-0.27,2.38,0.87,0
2026-08-13,2026-08-13T12:30:46.431034,MFSL,1520.1,1524.8,1497.9,1514.7,5.56,1514.7,89.22986999999999,1609.3298699999998,1430.87013,False,NONE,-0.81,-1.82,0.47,-8.33
2026-08-13,2026-08-13T12:30:46.431034,MIDCPNIFTY,15035.4,15063.9,14965.15,15060.05,1.77,15060.05,282.66551999999996,15318.06552,14752.73448,False,NONE,0.29,-1.3,0.06,0
2026-08-13,2026-08-13T12:30:46.431034,MOTHERSON,170.6,171.6,169.1,169.39,4.42,169.39,7.8817200000000005,178.48172,162.71828,False,NONE,-0.32,-2.28,-0.46,-1.68
2026-08-13,2026-08-13T12:30:46.431034,MOTILALOFS,893.5,910.75,893.5,909.95,4.12,909.95,37.61635,931.11635,855.88365,False,NONE,1.42,0.79,1.02,2
2026-08-13,2026-08-13T12:30:46.431034,MPHASIS,2516.6,2531.0,2498.0,2524.6,4.98,2524.6,120.54513999999999,2637.14514,2396.0548599999997,False,NONE,0.39,0.98,0.39,-3.33
2026-08-13,2026-08-13T12:30:46.431034,MUTHOOTFIN,2912.2,2915.0,2885.4,2898.5,4.34,2898.5,129.88412,3042.08412,2782.3158799999997,False,NONE,-0.1,0.68,0.62,0
2026-08-13,2026-08-13T12:30:46.431034,NAM-INDIA,1180.2,1189.2,1166.0,1169.2,4.97,1169.2,60.30822000000001,1240.5082200000002,1119.89178,False,NONE,-0.98,-5.04,0.67,-2
2026-08-13,2026-08-13T12:30:46.431034,NATIONALUM,410.0,413.95,405.25,406.05,5.02,406.05,21.443,431.443,388.557,False,NONE,-3.04,-3.63,0.44,-12.94
2026-08-13,2026-08-13T12:30:46.431034,NAUKRI,1345.7,1363.5,1339.5,1361.4,4.16,1361.4,57.461389999999994,1403.16139,1288.23861,False,NONE,1.2,-3.3,0.08,2.78
2026-08-13,2026-08-13T12:30:46.431034,NBCC,92.75,93.29,91.96,92.54,4.75,92.54,4.498374999999999,97.248375,88.251625,False,NONE,-0.39,2.44,0.62,-2.33
2026-08-13,2026-08-13T12:30:46.431034,NESTLEIND,1508.5,1519.3,1501.7,1508.2,3.34,1508.2,54.306000000000004,1562.806,1454.194,False,NONE,0.36,0.92,1.1,-1.92
2026-08-13,2026-08-13T12:30:46.431034,NHPC,76.49,77.81,76.09,77.57,3.83,77.57,3.067249,79.557249,73.42275099999999,False,NONE,1.84,3.06,0.11,2.9
2026-08-13,2026-08-13T12:30:46.431034,NIFTY,24460.5,24514.0,24385.4,24480.2,0.85,24480.2,239.71290000000002,24700.2129,24220.7871,False,NONE,0.04,-4.6,1.8,0
2026-08-13,2026-08-13T12:30:46.431034,NIFTYFPI,1586.0,1600.0,1586.0,1598.0,-,1598.0,,,,False,NONE,0.29,-31.15,0.0,-
2026-08-13,2026-08-13T12:30:46.431034,NIFTYNXT50,74403.4,74650.2,74390.0,74574.2,2.13,74574.2,1500.39944,75777.59943999999,72776.80056,False,NONE,0.13,25.44,0.66,-4.83
2026-08-13,2026-08-13T12:30:46.431034,NMDC,85.64,85.74,84.7,84.85,5.18,84.85,4.4961,90.1361,81.1439,False,NONE,-0.52,2.6,0.4,1.89
2026-08-13,2026-08-13T12:30:46.431034,NTPC,339.95,342.8,339.75,342.2,2.83,342.2,10.470460000000001,350.42046,329.47954,False,NONE,0.68,-8.96,-0.26,-3.57
2026-08-13,2026-08-13T12:30:46.431034,NYKAA,322.3,329.3,322.3,328.35,4.02,328.35,13.47214,335.77214000000004,308.82786,False,NONE,0.63,-4.51,0.07,0
2026-08-13,2026-08-13T12:30:46.431034,OBEROIRLTY,1772.1,1856.0,1772.1,1850.5,3.86,1850.5,65.03607,1837.13607,1707.0639299999998,True,UP,3.7,10.94,-0.36,3.33
2026-08-13,2026-08-13T12:30:46.431034,OFSS,11550.0,11677.0,11466.0,11489.0,5.24,11489.0,598.29,12148.29,10951.71,False,NONE,-0.9,0.9,3.03,-5.41
2026-08-13,2026-08-13T12:30:46.431034,OIL,470.25,480.9,469.85,479.3,4.51,479.3,21.913650000000004,492.16365,448.33635,False,NONE,1.24,-0.58,-0.5,4.48
2026-08-13,2026-08-13T12:30:46.431034,ONGC,239.1,240.48,238.55,240.21,3.13,240.21,7.6512,246.75119999999998,231.4488,False,NONE,0.2,0.14,0.23,4.76
2026-08-13,2026-08-13T12:30:46.431034,PAGEIND,37650.0,37900.0,36940.0,37670.0,6.07,37670.0,2778.57,40428.57,34871.43,False,NONE,-0.5,-4.69,-0.3,-20
2026-08-13,2026-08-13T12:30:46.431034,PATANJALI,352.0,354.7,347.15,351.0,6.95,351.0,26.4352,378.4352,325.5648,False,NONE,0.26,1.85,-0.34,0
2026-08-13,2026-08-13T12:30:46.431034,PAYTM,1617.5,1628.9,1601.0,1628.9,4.73,1628.9,77.80175,1695.30175,1539.69825,False,NONE,0.93,0.96,0.94,0
2026-08-13,2026-08-13T12:30:46.431034,PERSISTENT,5460.0,5531.5,5410.5,5528.0,4.75,5528.0,269.724,5729.724,5190.276,False,NONE,1.07,1.52,-0.36,1.96
2026-08-13,2026-08-13T12:30:46.431034,PETRONET,280.95,287.9,274.0,277.3,3.35,277.3,9.38373,290.33373,271.56627,False,NONE,-1.3,-10.72,3.59,-10.81
2026-08-13,2026-08-13T12:30:46.431034,PFC,378.95,378.95,375.35,376.65,3.59,376.65,14.77905,393.72905,364.17095,False,NONE,-0.57,-3.91,0.47,-1.92
2026-08-13,2026-08-13T12:30:46.431034,PGEL,615.55,617.45,604.5,608.4,5.48,608.4,34.163025,649.7130249999999,581.386975,False,NONE,-1.61,1.14,0.89,-4.92
2026-08-13,2026-08-13T12:30:46.431034,PHOENIXLTD,1884.0,1912.3,1884.0,1895.7,3.37,1895.7,73.6644,1957.6644000000001,1810.3355999999999,False,NONE,-0.21,-7.35,0.92,-5.36
2026-08-13,2026-08-13T12:30:46.431034,PIDILITIND,1699.0,1706.8,1684.1,1697.0,3.01,1697.0,52.4991,1751.4991,1646.5009,False,NONE,-0.09,-4.34,0.43,1.56
2026-08-13,2026-08-13T12:30:46.431034,PIIND,2467.9,2498.8,2458.0,2470.6,4.45,2470.6,114.51056,2582.4105600000003,2353.38944,False,NONE,0.15,-5.22,1.49,0
2026-08-13,2026-08-13T12:30:46.431034,PNB,118.29,119.74,117.75,118.56,3.95,118.56,4.980009,123.270009,113.30999100000001,False,NONE,-0.15,-4.93,0.34,2.44
2026-08-13,2026-08-13T12:30:46.431034,PNBHOUSING,1152.8,1173.8,1148.0,1168.5,4.72,1168.5,55.68024,1208.4802399999999,1097.11976,False,NONE,0.59,1.17,0.73,-8.62
2026-08-13,2026-08-13T12:30:46.431034,POLICYBZR,1710.1,1748.7,1710.1,1741.3,4.65,1741.3,81.40075999999999,1791.50076,1628.69924,False,NONE,1.36,0.28,0.16,-2.56
2026-08-13,2026-08-13T12:30:46.431034,POLYCAB,9359.5,9405.0,9319.5,9332.0,3.69,9332.0,394.9709,9754.4709,8964.5291,False,NONE,0.11,0.39,-0.45,-1.45
2026-08-13,2026-08-13T12:30:46.431034,POWERGRID,268.95,269.2,267.0,269.1,2.92,269.1,8.176079999999999,277.12608,260.77392,False,NONE,0.24,-2.98,-0.09,0
2026-08-13,2026-08-13T12:30:46.431034,POWERINDIA,36195.0,36195.0,35425.0,35490.0,5.06,35490.0,1867.662,38062.662,34327.338,False,NONE,-1.06,2.14,-0.33,-3.77
2026-08-13,2026-08-13T12:30:46.431034,PREMIERENE,1034.5,1041.0,1032.9,1039.4,4.72,1039.4,52.345699999999994,1086.8457,982.1543,False,NONE,0.7,-1.49,0.65,-7.14
2026-08-13,2026-08-13T12:30:46.431034,PRESTIGE,1585.0,1610.0,1562.5,1606.6,4.52,1606.6,73.70250000000001,1658.7025,1511.2975,False,NONE,0.87,0.49,0.51,0
2026-08-13,2026-08-13T12:30:46.431034,RADICO,4522.6,4640.0,4522.6,4605.7,4.47,4605.7,222.96418000000003,4745.56418,4299.63582,False,NONE,1.42,-4.49,5.01,-19.23
2026-08-13,2026-08-13T12:30:46.431034,RBLBANK,389.95,389.95,385.0,387.7,4.17,387.7,16.260915,406.210915,373.689085,False,NONE,0.08,1.79,0.27,-1.45
2026-08-13,2026-08-13T12:30:46.431034,RECLTD,343.7,344.4,340.55,342.25,3.46,342.25,12.923119999999999,356.62312,330.77688,False,NONE,-0.38,-4.94,0.92,-1.41
2026-08-13,2026-08-13T12:30:46.431034,RELIANCE,1327.0,1328.6,1309.6,1316.2,2.82,1316.2,39.0138,1366.0138,1287.9862,False,NONE,-0.71,-3.27,1.76,-5.48
2026-08-13,2026-08-13T12:30:46.431034,RVNL,231.05,231.05,228.49,228.6,4.49,228.6,10.535879999999999,241.58588,220.51412000000002,False,NONE,-0.93,-2.25,0.01,-1.75
2026-08-13,2026-08-13T12:30:46.431034,SAIL,172.8,172.92,171.1,171.52,4.92,171.52,7.74076,180.14076,164.65924,False,NONE,-0.6,-69.13,-0.09,1.54
2026-08-13,2026-08-13T12:30:46.431034,SBICARD,650.0,655.65,644.1,648.35,3.91,648.35,28.08,678.08,621.92,False,NONE,-0.67,-4.72,0.38,3.45
2026-08-13,2026-08-13T12:30:46.431034,SBILIFE,1828.0,1832.9,1817.2,1825.9,3.12,1825.9,56.8508,1884.8508,1771.1492,False,NONE,-0.65,0.65,0.49,0
2026-08-13,2026-08-13T12:30:46.431034,SBIN,1086.1,1088.7,1077.1,1084.5,3.26,1084.5,37.144619999999996,1123.24462,1048.9553799999999,False,NONE,-0.13,-1.24,-0.11,-4.84
2026-08-13,2026-08-13T12:30:46.431034,SENSEX,78185.05,78380.0,78059.0,78325.0,0.28,78325.0,359.65123,78544.70123,77825.39877,False,NONE,-0.01,-3.67,1.23,-2.88
2026-08-13,2026-08-13T12:30:46.431034,SHREECEM,25595.0,25615.0,25130.0,25205.0,3.63,25205.0,1085.228,26680.228,24509.772,False,NONE,-1.5,-0.49,-0.26,-10.2
2026-08-13,2026-08-13T12:30:46.431034,SHRIRAMFIN,1132.2,1148.9,1125.0,1138.5,4.24,1138.5,49.13748,1181.3374800000001,1083.06252,False,NONE,1.46,0.79,1.42,-6.56
2026-08-13,2026-08-13T12:30:46.431034,SIEMENS,4048.0,4048.0,3965.8,4007.3,4.45,4007.3,187.42239999999998,4235.4224,3860.5776,False,NONE,-0.64,-2.7,-0.17,1.43
2026-08-13,2026-08-13T12:30:46.431034,SOLARINDS,18830.0,19500.0,18798.0,19243.0,5.82,19243.0,1154.279,19984.279,17675.721,False,NONE,2.19,4.21,4.66,-23.88
2026-08-13,2026-08-13T12:30:46.431034,SONACOMS,800.55,814.3,800.3,806.15,4.44,806.15,37.14552,837.69552,763.4044799999999,False,NONE,0.27,2.99,0.81,-4.29
2026-08-13,2026-08-13T12:30:46.431034,SRF,2597.0,2604.7,2566.6,2598.0,3.57,2598.0,95.56960000000001,2692.5696,2501.4304,False,NONE,0.4,-0.96,0.2,0
2026-08-13,2026-08-13T12:30:46.431034,SUNPHARMA,1947.7,1950.0,1941.3,1946.8,2.43,1946.8,52.00359,1999.70359,1895.69641,False,NONE,0.32,-7.17,-0.09,0
2026-08-13,2026-08-13T12:30:46.431034,SUPREMEIND,3424.0,3526.0,3424.0,3467.4,4.19,3467.4,148.6016,3572.6016,3275.3984,False,NONE,0.53,-0.69,-0.26,-8.22
2026-08-13,2026-08-13T12:30:46.431034,SUZLON,47.22,47.68,47.15,47.6,4.85,47.6,2.33739,49.55739,44.88261,False,NONE,0.49,-2.58,-0.17,0
2026-08-13,2026-08-13T12:30:46.431034,SWIGGY,278.8,282.5,278.0,279.2,6,279.2,17.20196,296.00196,261.59804,False,NONE,0.63,1.08,0.85,-5
2026-08-13,2026-08-13T12:30:46.431034,TATACONSUM,1062.1,1083.9,1061.3,1080.7,3.39,1080.7,37.492129999999996,1099.59213,1024.6078699999998,False,NONE,1.84,-2.59,0.41,5.36
2026-08-13,2026-08-13T12:30:46.431034,TATAELXSI,3738.7,3776.3,3730.1,3776.3,4.45,3776.3,176.46663999999998,3915.16664,3562.2333599999997,False,NONE,1.17,-1.6,-0.16,4.26
2026-08-13,2026-08-13T12:30:46.431034,TATAPOWER,379.8,382.5,379.2,381.8,3.03,381.8,11.9637,391.76370000000003,367.8363,False,NONE,0.63,-2.21,-0.09,-1.37
2026-08-13,2026-08-13T12:30:46.431034,TATASTEEL,186.5,187.23,184.6,184.6,3.93,184.6,7.3854,193.8854,179.1146,False,NONE,-0.73,-0.15,0.85,-1.67
2026-08-13,2026-08-13T12:30:46.431034,TCS,2348.2,2375.9,2337.2,2365.3,3.72,2365.3,95.1021,2443.3021,2253.0978999999998,False,NONE,0.99,-8.08,0.44,1.54
2026-08-13,2026-08-13T12:30:46.431034,TECHM,1631.0,1658.6,1631.0,1656.7,3.65,1656.7,60.5101,1691.5101,1570.4899,False,NONE,1.58,-1.84,0.21,4.17
2026-08-13,2026-08-13T12:30:46.431034,TIINDIA,2855.0,2855.0,2752.0,2760.0,6.7,2760.0,185.2895,3040.2895,2669.7105,False,NONE,-2.78,7.5,1.54,-5.26
2026-08-13,2026-08-13T12:30:46.431034,TITAN,5062.0,5077.5,5021.5,5034.9,2.9,5034.9,156.4158,5218.4158,4905.5842,False,NONE,-0.69,-2.98,-0.29,-2.94
2026-08-13,2026-08-13T12:30:46.431034,TMPV,345.0,352.65,343.6,350.7,5.36,350.7,19.078500000000002,364.0785,325.9215,False,NONE,2.05,-1.81,-0.16,-4.29
2026-08-13,2026-08-13T12:30:46.431034,TORNTPHARM,4919.5,4919.5,4852.5,4883.0,3.42,4883.0,168.24689999999998,5087.7469,4751.2531,False,NONE,-0.27,-2.06,0.25,0
2026-08-13,2026-08-13T12:30:46.431034,TRENT,2991.0,3001.2,2969.0,2999.5,4.09,2999.5,127.1175,3118.1175,2863.8825,False,NONE,0.28,-2.35,0.07,5.71
2026-08-13,2026-08-13T12:30:46.431034,TVSMOTOR,4377.4,4385.7,4329.0,4358.8,3.54,4358.8,167.21667999999997,4544.616679999999,4210.18332,False,NONE,-0.3,-1.65,-0.79,0
2026-08-13,2026-08-13T12:30:46.431034,ULTRACEMCO,11898.0,11920.0,11584.0,11703.0,3.14,11703.0,379.5462,12277.5462,11518.4538,False,NONE,-1.91,8.94,7.56,18.6
2026-08-13,2026-08-13T12:30:46.431034,UNIONBANK,187.99,189.0,185.76,187.02,4.42,187.02,8.873128000000001,196.86312800000002,179.116872,False,NONE,-0.25,0.16,0.93,-2.11
2026-08-13,2026-08-13T12:30:46.431034,UNITDSPR,1520.8,1535.4,1518.0,1529.8,3.22,1529.8,50.9468,1571.7468,1469.8532,False,NONE,0.1,-5.49,0.16,-2.41
2026-08-13,2026-08-13T12:30:46.431034,UNOMINDA,1246.0,1267.8,1243.0,1250.1,3.75,1250.1,44.980599999999995,1290.9806,1201.0194,False,NONE,0.37,-1.83,1.4,0
2026-08-13,2026-08-13T12:30:46.431034,UPL,569.0,570.0,564.45,566.55,3.85,566.55,22.1341,591.1341,546.8659,False,NONE,-0.31,-1.9,0.04,0
2026-08-13,2026-08-13T12:30:46.431034,VBL,437.45,441.9,437.45,439.2,3.9,439.2,17.279275,454.729275,420.170725,False,NONE,-0.03,-1.07,-0.15,0
2026-08-13,2026-08-13T12:30:46.431034,VEDL,277.45,277.45,270.95,271.0,5.18,271.0,14.510635,291.96063499999997,262.939365,False,NONE,-1.9,1.26,0.9,-2
2026-08-13,2026-08-13T12:30:46.431034,VMM,106.21,108.34,106.21,107.04,5.05,107.04,5.692856000000001,111.902856,100.51714399999999,False,NONE,-0.76,-0.95,0.2,-2.27
2026-08-13,2026-08-13T12:30:46.431034,VOLTAS,1296.7,1298.5,1282.5,1287.3,5.83,1287.3,77.15365000000001,1373.85365,1219.54635,False,NONE,-0.33,2.18,1.48,-3.16
2026-08-13,2026-08-13T12:30:46.431034,WAAREEENER,2665.0,2689.8,2665.0,2680.5,4.13,2680.5,122.32350000000001,2787.3235,2542.6765,False,NONE,0.78,-2.13,-0.13,0
2026-08-13,2026-08-13T12:30:46.431034,WIPRO,183.5,184.6,182.5,183.85,3.72,183.85,6.95465,190.45465,176.54535,False,NONE,-0.02,-0.28,0.08,0
2026-08-13,2026-08-13T12:30:46.431034,YESBANK,22.95,23.09,22.85,23.02,3.78,23.02,0.860625,23.810624999999998,22.089375,False,NONE,0.61,2.81,-0.34,0
2026-08-13,2026-08-13T12:30:46.431034,ZYDUSLIFE,1206.6,1209.9,1174.0,1176.1,3.73,1176.1,49.4706,1256.0706,1157.1293999999998,False,NONE,-2.53,-1.5,0.09,-23.42
2026-08-13,2026-08-13T13:58:56.288968,360ONE,1150.2,1175.0,1150.2,1174.3,4.3,1174.3,53.71901,1204.01901,1096.58099,False,NONE,1.66,-2.63,1.76,-1.69
2026-08-13,2026-08-13T13:58:56.288968,ABB,7787.0,7810.0,7690.0,7735.5,4.29,7735.5,353.5298,8140.5298,7433.4702,False,NONE,-0.09,-1.29,1.3,0
2026-08-13,2026-08-13T13:58:56.288968,ABCAPITAL,409.0,409.0,402.0,407.2,4.07,407.2,16.850800000000003,425.8508,392.1492,False,NONE,-0.09,-1.07,0.4,1.59
2026-08-13,2026-08-13T13:58:56.288968,ADANIENSOL,1618.9,1642.9,1577.3,1593.3,5.01,1593.3,76.41208,1695.3120800000002,1542.48792,False,NONE,-1.21,7.62,1.86,-14.29
2026-08-13,2026-08-13T13:58:56.288968,ADANIENT,2983.0,3025.8,2945.3,2978.7,4.57,2978.7,132.7435,3115.7435,2850.2565,False,NONE,-0.27,1.16,0.78,0
2026-08-13,2026-08-13T13:58:56.288968,ADANIGREEN,1339.0,1354.4,1318.5,1326.0,4.99,1326.0,69.8958,1408.8958,1269.1042,False,NONE,-0.75,-3.14,0.65,-2.33
2026-08-13,2026-08-13T13:58:56.288968,ADANIPORTS,1664.4,1673.9,1646.0,1658.9,3.51,1658.9,63.2472,1727.6472,1601.1528,False,NONE,-0.12,-4.57,0.5,-1.89
2026-08-13,2026-08-13T13:58:56.288968,ADANIPOWER,209.0,210.36,204.6,205.8,4.86,205.8,10.1783,219.1783,198.8217,False,NONE,-1.04,4.28,0.65,-8
2026-08-13,2026-08-13T13:58:56.288968,ALKEM,5483.0,5483.0,5410.0,5436.0,4.92,5436.0,282.3745,5765.3745,5200.6255,False,NONE,-0.38,-4.8,0.43,-11.11
2026-08-13,2026-08-13T13:58:56.288968,AMBER,7047.0,7227.5,6970.0,7159.0,6.67,7159.0,460.1691,7507.1691,6586.8309,False,NONE,2.07,3.04,5.95,5.15
2026-08-13,2026-08-13T13:58:56.288968,AMBUJACEM,425.8,425.95,420.0,421.5,3.41,421.5,15.030740000000002,440.83074,410.76926000000003,False,NONE,-0.73,-3.4,0.48,-3.45
2026-08-13,2026-08-13T13:58:56.288968,ANGELONE,289.1,292.95,288.8,290.9,4.79,290.9,14.801920000000003,303.90192,274.29808,False,NONE,0.78,-2.67,0.71,4.17
2026-08-13,2026-08-13T13:58:56.288968,APLAPOLLO,2009.5,2082.0,1993.9,2067.0,3.43,2067.0,71.1363,2080.6363,1938.3636999999999,False,NONE,3.06,0.43,3.43,-4.76
2026-08-13,2026-08-13T13:58:56.288968,APOLLOHOSP,8740.0,8800.0,8604.5,8614.0,3.32,8614.0,345.23,9085.23,8394.77,False,NONE,-0.05,-27.43,5.29,-24.53
2026-08-13,2026-08-13T13:58:56.288968,ASHOKLEY,177.5,182.9,177.5,178.05,5.64,178.05,10.20625,187.70625,167.29375,False,NONE,0.79,-0.15,1.02,-19.05
2026-08-13,2026-08-13T13:58:56.288968,ASIANPAINT,2730.0,2753.9,2722.8,2749.0,3.15,2749.0,91.18199999999999,2821.182,2638.818,False,NONE,1.15,-4.14,2.42,1.54
2026-08-13,2026-08-13T13:58:56.288968,ASTRAL,1491.0,1599.3,1489.3,1594.8,4.43,1594.8,77.23379999999999,1568.2338,1413.7662,True,UP,9.51,-17.42,-1.97,21.74
2026-08-13,2026-08-13T13:58:56.288968,AUBANK,1096.0,1101.3,1082.9,1085.2,3.57,1085.2,40.8808,1136.8808,1055.1192,False,NONE,-0.18,1.4,0.81,-4.17
2026-08-13,2026-08-13T13:58:56.288968,AUROPHARMA,1665.0,1684.5,1660.8,1664.6,3.94,1664.6,71.262,1736.262,1593.738,False,NONE,0.17,0.56,0.13,6.25
2026-08-13,2026-08-13T13:58:56.288968,AXISBANK,1227.1,1229.2,1220.5,1225.6,2.74,1225.6,35.585899999999995,1262.6859,1191.5140999999999,False,NONE,-0.35,-2.15,0.22,0
2026-08-13,2026-08-13T13:58:56.288968,BAJAJ-AUTO,11703.0,11771.0,11644.0,11737.0,3.07,11737.0,382.68809999999996,12085.6881,11320.3119,False,NONE,0.04,-5.99,-0.46,-6.57
2026-08-13,2026-08-13T13:58:56.288968,BAJAJFINSV,2007.0,2042.3,2007.0,2035.8,3.03,2035.8,64.224,2071.224,1942.776,False,NONE,0.62,-3.76,0.75,-3.7
2026-08-13,2026-08-13T13:58:56.288968,BAJAJHLDNG,11703.0,11703.0,11365.0,11526.0,3.38,11526.0,462.26849999999996,12165.2685,11240.7315,False,NONE,0.03,-4.39,0.12,-5.31
2026-08-13,2026-08-13T13:58:56.288968,BAJFINANCE,1094.6,1097.8,1087.0,1094.9,3.46,1094.9,38.748839999999994,1133.3488399999999,1055.85116,False,NONE,0.14,-1.25,0.45,-1.35
2026-08-13,2026-08-13T13:58:56.288968,BANDHANBNK,175.09,175.78,174.17,174.65,3.25,174.65,6.597904,179.317904,166.122096,False,NONE,-0.25,-34.84,-0.22,0
2026-08-13,2026-08-13T13:58:56.288968,BANKBARODA,251.4,251.4,248.55,249.44,3.71,249.44,9.77946,261.17946,241.62054,False,NONE,-0.66,-0.2,0.48,0
2026-08-13,2026-08-13T13:58:56.288968,BANKEX,65553.6,65553.6,65541.0,65541.0,2,65541.0,1351.7089649999998,66651.658965,63948.241035,False,NONE,0.15,6.69,14.29,9.52
2026-08-13,2026-08-13T13:58:56.288968,BANKINDIA,145.1,146.65,144.67,145.16,4.3,145.16,6.57303,151.67302999999998,138.52697,False,NONE,-0.48,-3.75,0.0,-5.68
2026-08-13,2026-08-13T13:58:56.288968,BANKNIFTY,58099.0,58099.0,57755.0,57905.2,1.69,57905.2,1057.4018,59156.4018,57041.5982,False,NONE,-0.18,-3.39,1.97,-2.27
2026-08-13,2026-08-13T13:58:56.288968,BDL,1338.6,1386.9,1338.6,1368.4,6.59,1368.4,91.42638,1430.0263799999998,1247.17362,False,NONE,2.23,5.17,6.42,3.95
2026-08-13,2026-08-13T13:58:56.288968,BEL,406.0,413.4,403.95,411.7,3.6,411.7,15.0626,421.0626,390.9374,False,NONE,1.53,-2.54,-1.31,12.7
2026-08-13,2026-08-13T13:58:56.288968,BHARATFORG,2094.3,2106.7,2080.0,2100.0,3.98,2100.0,86.49459,2180.79459,2007.8054100000002,False,NONE,0.73,-2.09,-1.04,10.87
2026-08-13,2026-08-13T13:58:56.288968,BHARTIARTL,1969.0,1977.8,1938.7,1959.8,2.5,1959.8,55.7227,2024.7227,1913.2773,False,NONE,0.62,-11.71,1.22,-4.08
2026-08-13,2026-08-13T13:58:56.288968,BHEL,420.65,421.35,413.05,414.8,4.97,414.8,22.504774999999995,443.154775,398.145225,False,NONE,-1.14,-3.14,0.34,-5.45
2026-08-13,2026-08-13T13:58:56.288968,BIOCON,426.0,426.7,418.35,419.75,3.93,419.75,18.105,444.105,407.895,False,NONE,-1.87,-5.28,0.34,-4.17
2026-08-13,2026-08-13T13:58:56.288968,BLUESTARCO,1496.0,1514.0,1489.4,1505.4,4.38,1505.4,72.556,1568.556,1423.444,False,NONE,0.78,-3.36,-0.2,-2.56
2026-08-13,2026-08-13T13:58:56.288968,BOSCHLTD,46820.0,47375.0,46690.0,46840.0,3.64,46840.0,1751.0680000000002,48571.068,45068.932,False,NONE,0.61,-6.47,2.66,-0.79
2026-08-13,2026-08-13T13:58:56.288968,BPCL,316.2,316.2,311.65,315.05,3.66,315.05,11.92074,328.12074,304.27925999999997,False,NONE,-0.36,-2.59,0.13,4.69
2026-08-13,2026-08-13T13:58:56.288968,BRITANNIA,5557.0,5696.5,5540.0,5640.0,2.84,5640.0,176.7126,5733.7126,5380.2874,False,NONE,0.71,-6.04,0.68,6.67
2026-08-13,2026-08-13T13:58:56.288968,BSE,3530.0,3540.0,3498.0,3519.4,5.46,3519.4,201.916,3731.916,3328.084,False,NONE,-0.27,-0.05,0.43,-4.17
2026-08-13,2026-08-13T13:58:56.288968,CAMS,782.25,787.0,774.5,777.25,3.78,777.25,30.898875000000004,813.148875,751.351125,False,NONE,-0.44,-1.59,0.5,-2.22
2026-08-13,2026-08-13T13:58:56.288968,CANBK,132.0,132.92,130.85,131.95,4.28,131.95,5.8344,137.8344,126.1656,False,NONE,0.0,-2.44,0.19,-2.67
2026-08-13,2026-08-13T13:58:56.288968,CDSL,1341.2,1359.0,1341.2,1355.9,3.95,1355.9,55.25744,1396.4574400000001,1285.94256,False,NONE,0.6,-1.48,-0.48,-1.67
2026-08-13,2026-08-13T13:58:56.288968,CGPOWER,895.0,897.0,880.55,884.45,4.59,884.45,46.361,941.361,848.639,False,NONE,-0.58,-4.3,0.81,-3.77
2026-08-13,2026-08-13T13:58:56.288968,CHOLAFIN,1911.5,1923.9,1897.2,1920.5,3.94,1920.5,82.76795,1994.26795,1828.73205,False,NONE,0.67,-3.76,1.69,-1.43
2026-08-13,2026-08-13T13:58:56.288968,CIPLA,1468.7,1469.7,1462.2,1466.3,2.96,1466.3,44.50161,1513.20161,1424.19839,False,NONE,-0.04,-0.68,0.71,-1.47
2026-08-13,2026-08-13T13:58:56.288968,COALINDIA,410.65,411.1,408.35,410.1,2.67,410.1,11.498199999999999,422.1482,399.1518,False,NONE,-0.05,-2.28,0.2,-2.78
2026-08-13,2026-08-13T13:58:56.288968,COCHINSHIP,1515.2,1543.0,1513.5,1517.3,5.95,1517.3,90.76048,1605.96048,1424.4395200000001,False,NONE,0.14,8.16,0.37,-5.13
2026-08-13,2026-08-13T13:58:56.288968,COFORGE,1800.0,1834.0,1797.0,1829.4,4.51,1829.4,85.86,1885.86,1714.14,False,NONE,0.98,-2.13,0.93,1.74
2026-08-13,2026-08-13T13:58:56.288968,COLPAL,2004.5,2008.3,1981.3,1987.6,3.21,1987.6,67.15075,2071.65075,1937.34925,False,NONE,-0.93,-4.56,0.38,-3.92
2026-08-13,2026-08-13T13:58:56.288968,CONCOR,516.85,537.4,515.5,535.0,4.28,535.0,22.121180000000003,538.97118,494.72882000000004,False,NONE,3.78,8.16,1.65,1.82
2026-08-13,2026-08-13T13:58:56.288968,CROMPTON,248.35,249.9,245.5,248.6,4.46,248.6,11.945635,260.295635,236.40436499999998,False,NONE,-0.04,-5.26,0.32,-1.85
2026-08-13,2026-08-13T13:58:56.288968,CUMMINSIND,5410.0,5410.0,5353.0,5363.5,3.81,5363.5,196.38299999999998,5606.383,5213.617,False,NONE,-0.44,2.0,0.93,-4.82
2026-08-13,2026-08-13T13:58:56.288968,DABUR,406.3,411.35,406.3,411.2,2.99,411.2,13.570419999999999,419.87042,392.72958,False,NONE,0.82,-8.05,-0.31,0
2026-08-13,2026-08-13T13:58:56.288968,DALBHARAT,1856.2,1856.2,1818.0,1834.5,3.64,1834.5,68.6794,1924.8794,1787.5206,False,NONE,-0.4,1.46,-0.24,-1.92
2026-08-13,2026-08-13T13:58:56.288968,DELHIVERY,474.3,474.9,468.4,470.45,4.22,470.45,22.57668,496.87668,451.72332,False,NONE,-0.39,-4.34,0.5,3.33
2026-08-13,2026-08-13T13:58:56.288968,DIVISLAB,8480.0,8524.5,8431.0,8481.5,3.38,8481.5,318.0,8798.0,8162.0,False,NONE,-0.06,-7.61,-0.18,-2.04
2026-08-13,2026-08-13T13:58:56.288968,DIXON,13799.0,14068.0,13638.0,14014.0,4.57,14014.0,670.6314,14469.6314,13128.3686,False,NONE,1.91,-3.55,-2.47,0
2026-08-13,2026-08-13T13:58:56.288968,DLF,662.9,670.25,659.15,669.0,4.43,669.0,30.09566,692.9956599999999,632.80434,False,NONE,1.23,-0.07,0.89,-17.11
2026-08-13,2026-08-13T13:58:56.288968,DMART,4059.9,4089.0,4020.0,4072.4,3.27,4072.4,133.16472,4193.06472,3926.73528,False,NONE,0.55,-2.12,-1.44,-1.37
2026-08-13,2026-08-13T13:58:56.288968,DRREDDY,1192.9,1204.0,1183.3,1201.3,3.06,1201.3,38.53067000000001,1231.4306700000002,1154.36933,False,NONE,0.71,0.67,3.4,-5.08
2026-08-13,2026-08-13T13:58:56.288968,EICHERMOT,8079.0,8096.5,8025.5,8070.5,3,8070.5,260.1438,8339.1438,7818.8562,False,NONE,0.37,-4.12,-0.89,2.3
2026-08-13,2026-08-13T13:58:56.288968,ETERNAL,315.0,319.9,313.85,318.7,4.27,318.7,13.828499999999998,328.8285,301.1715,False,NONE,1.34,-5.05,-0.09,5.17
2026-08-13,2026-08-13T13:58:56.288968,FEDERALBNK,356.1,356.8,352.5,353.5,2.88,353.5,10.22007,366.32007000000004,345.87993,False,NONE,-0.76,0.2,0.89,-6.25
2026-08-13,2026-08-13T13:58:56.288968,FINNIFTY,26399.7,26497.2,26399.7,26468.2,1.85,26468.2,525.35403,26925.05403,25874.345970000002,False,NONE,-0.21,0.77,1.32,18.87
2026-08-13,2026-08-13T13:58:56.288968,FOCIT,37831.0,38167.0,37831.0,38060.0,3.4,38060.0,1338.8544,39482.8544,36805.1456,False,NONE,0.68,-0.88,-11.76,11.76
2026-08-13,2026-08-13T13:58:56.288968,FORCEMOT,19498.0,19498.0,18401.0,18645.0,5.24,18645.0,1113.3358,20611.3358,18384.6642,False,NONE,-3.49,-5.49,3.65,-34.25
2026-08-13,2026-08-13T13:58:56.288968,FORTIS,892.0,904.65,892.0,898.95,3.76,898.95,36.928799999999995,928.9288,855.0712,False,NONE,0.77,-6.99,1.35,0
2026-08-13,2026-08-13T13:58:56.288968,GAIL,175.55,175.99,174.6,175.23,3.71,175.23,6.84645,182.39645000000002,168.70355,False,NONE,0.21,-3.83,0.85,0
2026-08-13,2026-08-13T13:58:56.288968,GLENMARK,2305.0,2323.5,2287.8,2319.5,3.74,2319.5,93.583,2398.583,2211.417,False,NONE,1.03,-6.26,-0.06,6.12
2026-08-13,2026-08-13T13:58:56.288968,GMRAIRPORT,106.8,106.8,102.72,103.06,4.31,103.06,5.29728,112.09728,101.50272,False,NONE,-1.75,-17.78,0.77,-18.52
2026-08-13,2026-08-13T13:58:56.288968,GODFRYPHLP,2192.3,2198.0,2163.4,2165.5,5.11,2165.5,109.17654000000002,2301.47654,2083.1234600000003,False,NONE,-1.27,0.12,0.33,-3.92
2026-08-13,2026-08-13T13:58:56.288968,GODREJCP,912.8,940.6,909.0,935.8,3.97,935.8,40.984719999999996,953.78472,871.8152799999999,False,NONE,2.81,-15.05,-1.94,6.38
2026-08-13,2026-08-13T13:58:56.288968,GODREJPROP,2004.0,2038.0,1999.7,2032.7,4.48,2032.7,93.5868,2097.5868,1910.4132,False,NONE,1.1,-4.02,0.52,1.92
2026-08-13,2026-08-13T13:58:56.288968,GRASIM,3308.0,3314.9,3207.0,3263.5,3.52,3263.5,201.1264,3509.1264,3106.8736,False,NONE,-1.8,-22.6,3.03,-6
2026-08-13,2026-08-13T13:58:56.288968,GVT&D,4429.0,4432.5,4287.1,4337.6,5.4,4337.6,244.4808,4673.4808,4184.5192,False,NONE,-1.86,-2.63,3.59,-5.48
2026-08-13,2026-08-13T13:58:56.288968,HAL,5040.0,5053.0,4911.0,4959.7,3.92,4959.7,215.208,5255.208,4824.792,False,NONE,-0.88,-1.21,3.36,-13.24
2026-08-13,2026-08-13T13:58:56.288968,HAVELLS,1263.2,1276.7,1259.3,1276.0,3.18,1276.0,44.96992,1308.16992,1218.23008,False,NONE,0.64,-2.77,0.35,3.39
2026-08-13,2026-08-13T13:58:56.288968,HCLTECH,1363.7,1374.9,1356.1,1372.4,3.75,1372.4,55.9117,1419.6117000000002,1307.7883,False,NONE,0.9,-7.85,0.04,-1.27
2026-08-13,2026-08-13T13:58:56.288968,HDFCAMC,2495.0,2514.5,2492.1,2506.5,3.79,2506.5,99.301,2594.301,2395.699,False,NONE,0.22,-1.76,1.54,1.49
2026-08-13,2026-08-13T13:58:56.288968,HDFCBANK,729.0,732.5,727.4,731.05,3.42,731.05,26.3169,755.3169,702.6831,False,NONE,-0.27,-1.55,0.67,2
2026-08-13,2026-08-13T13:58:56.288968,HDFCLIFE,539.5,541.7,534.8,541.5,3.13,541.5,17.42585,556.92585,522.07415,False,NONE,0.75,-2.89,0.3,1.92
2026-08-13,2026-08-13T13:58:56.288968,HEROMOTOCO,5925.0,5940.0,5834.5,5873.5,3.75,5873.5,233.445,6158.445,5691.555,False,NONE,-0.21,-4.84,0.56,-5.61
2026-08-13,2026-08-13T13:58:56.288968,HINDALCO,1067.0,1074.85,1046.0,1048.75,3.79,1048.75,42.7867,1109.7867,1024.2133,False,NONE,-2.66,-1.22,2.03,-14.29
2026-08-13,2026-08-13T13:58:56.288968,HINDPETRO,391.95,392.9,389.45,392.3,4,392.3,16.06995,408.01995,375.88005,False,NONE,0.55,-3.18,2.61,8.77
2026-08-13,2026-08-13T13:58:56.288968,HINDUNILVR,2061.9,2090.8,2061.2,2089.6,2.54,2089.6,53.40321,2115.30321,2008.4967900000001,False,NONE,1.26,-2.07,-0.1,0
2026-08-13,2026-08-13T13:58:56.288968,HINDZINC,586.65,597.0,579.3,580.1,4.43,580.1,26.75124,613.40124,559.8987599999999,False,NONE,-1.12,-1.78,-0.38,-1.64
2026-08-13,2026-08-13T13:58:56.288968,HYUNDAI,2253.9,2281.2,2225.2,2245.9,3.84,2245.9,87.22593,2341.12593,2166.67407,False,NONE,-0.09,0.08,0.6,-13.39
2026-08-13,2026-08-13T13:58:56.288968,ICICIBANK,1429.9,1430.8,1414.3,1418.0,2.61,1418.0,37.32039,1467.2203900000002,1392.57961,False,NONE,-0.82,1.76,-0.06,-6.15
2026-08-13,2026-08-13T13:58:56.288968,ICICIGI,1634.6,1640.1,1627.0,1630.0,3.75,1630.0,67.67244,1702.27244,1566.9275599999999,False,NONE,-0.4,-3.3,0.6,-1.67
2026-08-13,2026-08-13T13:58:56.288968,ICICIPRULI,502.0,509.4,502.0,507.75,3.45,507.75,18.2728,520.2728,483.7272,False,NONE,0.95,-3.35,0.41,1.59
2026-08-13,2026-08-13T13:58:56.288968,IDEA,13.75,13.92,13.5,13.6,6.24,13.6,0.7947500000000001,14.54475,12.95525,False,NONE,0.29,-0.8,0.93,1.85
2026-08-13,2026-08-13T13:58:56.288968,IDFCFIRSTB,85.52,86.85,85.52,86.78,3.6,86.78,3.266864,88.786864,82.253136,False,NONE,0.95,-1.0,-0.8,2.74
2026-08-13,2026-08-13T13:58:56.288968,IEX,124.76,125.95,124.75,125.71,3.72,125.71,5.277348000000001,130.037348,119.482652,False,NONE,0.39,-7.82,-0.01,1.72
2026-08-13,2026-08-13T13:58:56.288968,INDHOTEL,724.15,727.5,717.2,724.6,3.23,724.6,24.186609999999995,748.33661,699.96339,False,NONE,0.1,-1.19,0.79,0
2026-08-13,2026-08-13T13:58:56.288968,INDIANB,898.5,904.75,887.0,897.6,4.21,897.6,40.88175,939.38175,857.61825,False,NONE,0.29,-4.38,1.28,-3.9
2026-08-13,2026-08-13T13:58:56.288968,INDIGO,5365.0,5367.0,5300.0,5365.5,3.69,5365.5,210.8445,5575.8445,5154.1555,False,NONE,0.68,-4.43,0.16,0
2026-08-13,2026-08-13T13:58:56.288968,INDUSINDBK,1018.0,1025.0,1011.5,1024.2,3.43,1024.2,36.4444,1054.4444,981.5556,False,NONE,0.1,-2.2,-0.22,-1.67
2026-08-13,2026-08-13T13:58:56.288968,INDUSTOWER,384.4,387.2,382.35,384.2,3.19,384.2,13.492439999999998,397.89243999999997,370.90756,False,NONE,0.0,-5.9,0.51,-1.61
2026-08-13,2026-08-13T13:58:56.288968,INFY,1172.0,1178.3,1160.6,1177.8,3.65,1177.8,46.99719999999999,1218.9972,1125.0028,False,NONE,0.03,-6.59,1.14,0
2026-08-13,2026-08-13T13:58:56.288968,INOXWIND,74.22,74.74,73.9,74.05,5.55,74.05,4.11699,78.29699000000001,70.06301,False,NONE,-0.56,-1.34,0.29,2
2026-08-13,2026-08-13T13:58:56.288968,IOC,140.13,140.38,138.95,140.14,3.37,140.14,4.890537,145.020537,135.239463,False,NONE,0.01,-3.2,0.02,0
2026-08-13,2026-08-13T13:58:56.288968,IREDA,116.09,116.89,115.36,116.64,4.49,116.64,5.398185000000001,121.488185,110.691815,False,NONE,0.88,1.07,0.52,-1.56
2026-08-13,2026-08-13T13:58:56.288968,IRFC,88.35,88.87,88.04,88.67,4.16,88.67,3.8837809999999995,91.553781,83.786219,False,NONE,0.41,-3.83,-0.68,1.69
2026-08-13,2026-08-13T13:58:56.288968,ITC,277.0,279.35,277.0,278.7,2.42,278.7,7.0634999999999994,284.0635,269.9365,False,NONE,0.43,-5.71,0.91,-2.04
2026-08-13,2026-08-13T13:58:56.288968,JINDALSTEL,1094.5,1106.0,1092.9,1098.2,3.4,1098.2,41.590999999999994,1136.091,1052.909,False,NONE,-0.6,-2.57,0.38,-5.63
2026-08-13,2026-08-13T13:58:56.288968,JIOFIN,261.5,263.6,254.7,255.85,4.83,255.85,14.330200000000001,275.8302,247.1698,False,NONE,-0.08,5.93,12.2,-12.96
2026-08-13,2026-08-13T13:58:56.288968,JSWENERGY,560.0,563.2,552.35,556.65,3.64,556.65,21.167999999999996,581.168,538.832,False,NONE,-0.54,-4.19,0.74,-7.27
2026-08-13,2026-08-13T13:58:56.288968,JSWSTEEL,1273.2,1280.0,1269.0,1279.8,3.32,1279.8,46.08984,1319.2898400000001,1227.11016,False,NONE,0.35,-3.58,0.35,-1.3
2026-08-13,2026-08-13T13:58:56.288968,JUBLFOOD,476.95,479.0,467.15,471.55,6.5,471.55,36.200505,513.150505,440.74949499999997,False,NONE,-1.28,-5.1,3.27,-19.27
2026-08-13,2026-08-13T13:58:56.288968,KALYANKJIL,603.05,621.0,596.1,613.7,6.94,613.7,41.55014499999999,644.600145,561.4998549999999,False,NONE,2.16,1.8,6.58,1.37
2026-08-13,2026-08-13T13:58:56.288968,KAYNES,3850.5,3857.4,3744.2,3787.9,6.58,3787.9,257.98350000000005,4108.4835,3592.5164999999997,False,NONE,-1.78,0.58,1.94,-7.32
2026-08-13,2026-08-13T13:58:56.288968,KEI,5739.2,5845.0,5720.1,5798.2,3.99,5798.2,248.50736,5987.707359999999,5490.69264,False,NONE,0.88,-2.4,1.18,-1.98
2026-08-13,2026-08-13T13:58:56.288968,KFINTECH,922.5,928.8,922.05,923.35,4.74,923.35,50.77184999999999,987.52185,885.97815,False,NONE,-0.47,-1.77,-0.38,-4.17
2026-08-13,2026-08-13T13:58:56.288968,KOTAKBANK,392.0,393.95,390.1,392.55,2.76,392.55,11.564,403.564,380.436,False,NONE,-0.17,-2.77,0.53,-1.64
2026-08-13,2026-08-13T13:58:56.288968,KPITTECH,610.0,620.35,610.0,619.65,4.76,619.65,30.5,640.5,579.5,False,NONE,1.27,0.52,0.09,6.82
2026-08-13,2026-08-13T13:58:56.288968,LAURUSLABS,1846.0,1846.0,1820.4,1844.8,3.99,1844.8,73.1016,1919.1016,1772.8984,False,NONE,0.22,-1.31,0.04,-1.19
2026-08-13,2026-08-13T13:58:56.288968,LICHSGFIN,497.3,498.15,493.1,493.3,3.22,493.3,17.4055,514.7055,479.8945,False,NONE,-0.75,-3.96,1.56,-4.48
2026-08-13,2026-08-13T13:58:56.288968,LICI,414.7,416.25,410.95,415.6,2.63,415.6,10.077210000000001,424.77720999999997,404.62279,False,NONE,-0.34,-15.67,-3.55,1.39
2026-08-13,2026-08-13T13:58:56.288968,LODHA,1201.4,1242.0,1201.4,1240.4,4.94,1240.4,60.790839999999996,1262.19084,1140.6091600000002,False,NONE,3.24,0.26,0.48,2.82
2026-08-13,2026-08-13T13:58:56.288968,LT,4030.0,4084.7,4007.0,4069.5,2.76,4069.5,115.258,4145.258,3914.742,False,NONE,0.91,-1.32,0.88,5.48
2026-08-13,2026-08-13T13:58:56.288968,LTF,314.3,318.55,314.0,315.2,4.69,315.2,15.180690000000002,329.48069000000004,299.11931,False,NONE,-0.43,-0.55,-0.24,1.35
2026-08-13,2026-08-13T13:58:56.288968,LTM,4706.2,4779.0,4700.0,4758.6,4.56,4758.6,224.01512,4930.21512,4482.18488,False,NONE,0.63,-3.56,-0.25,3.13
2026-08-13,2026-08-13T13:58:56.288968,LUPIN,2272.0,2282.3,2257.2,2260.3,3.19,2260.3,78.384,2350.384,2193.616,False,NONE,-0.44,-3.54,0.76,0
2026-08-13,2026-08-13T13:58:56.288968,M&M,3420.0,3454.2,3412.0,3428.6,3.33,3428.6,119.7,3539.7,3300.3,False,NONE,-0.04,-3.23,-0.44,-3.95
2026-08-13,2026-08-13T13:58:56.288968,MANAPPURAM,353.7,354.5,345.35,346.5,5.78,346.5,20.01942,373.71942,333.68057999999996,False,NONE,-2.3,-2.92,-1.96,5.13
2026-08-13,2026-08-13T13:58:56.288968,MANKIND,2424.2,2436.0,2401.6,2403.5,3.61,2403.5,112.79970000000002,2538.5997,2313.0003,False,NONE,-1.2,-10.14,0.87,-9.33
2026-08-13,2026-08-13T13:58:56.288968,MARICO,849.5,861.0,849.5,860.9,2.92,860.9,28.798050000000003,878.29805,820.70195,False,NONE,1.15,-2.09,-0.29,1.67
2026-08-13,2026-08-13T13:58:56.288968,MARUTI,13950.0,13989.0,13870.0,13937.0,3.01,13937.0,443.61,14393.61,13506.39,False,NONE,-0.3,-1.14,1.62,-2.56
2026-08-13,2026-08-13T13:58:56.288968,MAXHEALTH,1015.0,1026.0,1009.0,1021.0,4.78,1021.0,49.532,1064.532,965.468,False,NONE,0.89,-2.1,1.1,1.67
2026-08-13,2026-08-13T13:58:56.288968,MAZDOCK,2557.6,2584.6,2552.3,2574.2,4.78,2574.2,122.7648,2680.3648,2434.8352,False,NONE,0.91,1.58,0.43,-3.77
2026-08-13,2026-08-13T13:58:56.288968,MCX,2969.9,3024.0,2938.0,2989.1,4.93,2989.1,155.02878,3124.92878,2814.87122,False,NONE,0.84,-1.51,1.02,0
2026-08-13,2026-08-13T13:58:56.288968,MFSL,1520.1,1524.8,1497.9,1518.7,5.46,1518.7,89.22986999999999,1609.3298699999998,1430.87013,False,NONE,-0.55,-3.18,0.48,-8.33
2026-08-13,2026-08-13T13:58:56.288968,MIDCPNIFTY,15035.4,15069.0,14965.15,15060.0,1.71,15060.0,282.66551999999996,15318.06552,14752.73448,False,NONE,0.29,-2.43,0.74,3.96
2026-08-13,2026-08-13T13:58:56.288968,MOTHERSON,170.6,171.6,168.27,168.45,4.34,168.45,7.8817200000000005,178.48172,162.71828,False,NONE,-0.87,-2.02,-0.1,-2.52
2026-08-13,2026-08-13T13:58:56.288968,MOTILALOFS,893.5,910.75,893.5,909.6,4.25,909.6,37.61635,931.11635,855.88365,False,NONE,1.38,3.34,2.69,0
2026-08-13,2026-08-13T13:58:56.288968,MPHASIS,2516.6,2531.0,2498.0,2522.4,4.89,2522.4,120.54513999999999,2637.14514,2396.0548599999997,False,NONE,0.3,0.21,0.46,-3.33
2026-08-13,2026-08-13T13:58:56.288968,MUTHOOTFIN,2912.2,2915.0,2877.4,2887.5,4.36,2887.5,129.88412,3042.08412,2782.3158799999997,False,NONE,-0.48,0.98,0.66,0
2026-08-13,2026-08-13T13:58:56.288968,NAM-INDIA,1180.2,1189.2,1166.0,1172.8,4.63,1172.8,60.30822000000001,1240.5082200000002,1119.89178,False,NONE,-0.68,-7.73,0.57,-6
2026-08-13,2026-08-13T13:58:56.288968,NATIONALUM,410.0,413.95,402.3,404.7,4.91,404.7,21.443,431.443,388.557,False,NONE,-3.37,-4.42,0.59,-14.12
2026-08-13,2026-08-13T13:58:56.288968,NAUKRI,1345.7,1372.1,1339.5,1366.0,4.11,1366.0,57.461389999999994,1403.16139,1288.23861,False,NONE,1.55,-3.67,-0.08,2.78
2026-08-13,2026-08-13T13:58:56.288968,NBCC,92.75,93.29,91.96,92.52,4.78,92.52,4.498374999999999,97.248375,88.251625,False,NONE,-0.41,0.12,0.71,-4.65
2026-08-13,2026-08-13T13:58:56.288968,NESTLEIND,1508.5,1519.3,1499.0,1505.6,3.36,1505.6,54.306000000000004,1562.806,1454.194,False,NONE,0.19,0.18,1.24,-1.92
2026-08-13,2026-08-13T13:58:56.288968,NHPC,76.49,77.81,76.09,77.57,3.75,77.57,3.067249,79.557249,73.42275099999999,False,NONE,1.84,1.71,0.01,2.9
2026-08-13,2026-08-13T13:58:56.288968,NIFTY,24460.5,24514.0,24385.4,24494.5,0.83,24494.5,239.71290000000002,24700.2129,24220.7871,False,NONE,0.1,-5.85,1.8,0
2026-08-13,2026-08-13T13:58:56.288968,NIFTYFPI,1586.0,1600.0,1586.0,1598.0,-,1598.0,,,,False,NONE,0.29,-31.15,0.0,-
2026-08-13,2026-08-13T13:58:56.288968,NIFTYNXT50,74403.4,74650.2,74390.0,74404.4,2.11,74404.4,1500.39944,75777.59943999999,72776.80056,False,NONE,-0.1,25.44,0.53,-20.69
2026-08-13,2026-08-13T13:58:56.288968,NMDC,85.64,85.74,84.52,84.81,5.18,84.81,4.4961,90.1361,81.1439,False,NONE,-0.56,3.15,0.43,1.89
2026-08-13,2026-08-13T13:58:56.288968,NTPC,339.95,342.8,339.75,342.35,2.84,342.35,10.470460000000001,350.42046,329.47954,False,NONE,0.72,-7.68,-0.29,-5.36
2026-08-13,2026-08-13T13:58:56.288968,NYKAA,322.3,331.6,322.3,331.6,3.92,331.6,13.47214,335.77214000000004,308.82786,False,NONE,1.62,-5.59,0.23,2.44
2026-08-13,2026-08-13T13:58:56.288968,OBEROIRLTY,1772.1,1856.0,1772.1,1830.4,3.78,1830.4,65.03607,1837.13607,1707.0639299999998,False,NONE,2.57,3.94,-0.66,-5
2026-08-13,2026-08-13T13:58:56.288968,OFSS,11550.0,11677.0,11446.0,11470.0,5.14,11470.0,598.29,12148.29,10951.71,False,NONE,-1.06,0.34,4.59,-5.41
2026-08-13,2026-08-13T13:58:56.288968,OIL,470.25,480.9,469.85,480.4,4.42,480.4,21.913650000000004,492.16365,448.33635,False,NONE,1.47,-1.96,-1.01,10.45
2026-08-13,2026-08-13T13:58:56.288968,ONGC,239.1,240.98,238.55,240.43,3.06,240.43,7.6512,246.75119999999998,231.4488,False,NONE,0.3,-1.58,0.05,4.76
2026-08-13,2026-08-13T13:58:56.288968,PAGEIND,37650.0,37900.0,36940.0,37640.0,5.95,37640.0,2778.57,40428.57,34871.43,False,NONE,-0.58,-6.33,-0.44,-16.25
2026-08-13,2026-08-13T13:58:56.288968,PATANJALI,352.0,354.7,347.15,350.7,6.87,350.7,26.4352,378.4352,325.5648,False,NONE,0.17,0.89,-0.39,0
2026-08-13,2026-08-13T13:58:56.288968,PAYTM,1617.5,1635.3,1601.0,1635.3,4.79,1635.3,77.80175,1695.30175,1539.69825,False,NONE,1.33,0.65,1.79,0
2026-08-13,2026-08-13T13:58:56.288968,PERSISTENT,5460.0,5532.0,5410.5,5524.0,4.8,5524.0,269.724,5729.724,5190.276,False,NONE,1.0,1.83,-0.55,1.96
2026-08-13,2026-08-13T13:58:56.288968,PETRONET,280.95,287.9,274.0,277.95,3.13,277.95,9.38373,290.33373,271.56627,False,NONE,-1.07,-17.16,3.52,-7.21
2026-08-13,2026-08-13T13:58:56.288968,PFC,378.95,380.45,375.35,379.25,3.57,379.25,14.77905,393.72905,364.17095,False,NONE,0.12,-5.47,0.14,-1.92
2026-08-13,2026-08-13T13:58:56.288968,PGEL,615.55,617.45,604.5,611.8,5.33,611.8,34.163025,649.7130249999999,581.386975,False,NONE,-1.06,-2.37,1.1,-3.28
2026-08-13,2026-08-13T13:58:56.288968,PHOENIXLTD,1884.0,1912.3,1884.0,1897.2,3.3,1897.2,73.6644,1957.6644000000001,1810.3355999999999,False,NONE,-0.13,-6.33,1.34,-5.36
2026-08-13,2026-08-13T13:58:56.288968,PIDILITIND,1699.0,1706.8,1684.1,1697.0,2.93,1697.0,52.4991,1751.4991,1646.5009,False,NONE,-0.09,-6.06,0.62,-18.75
2026-08-13,2026-08-13T13:58:56.288968,PIIND,2467.9,2498.8,2458.0,2471.1,4.44,2471.1,114.51056,2582.4105600000003,2353.38944,False,NONE,0.17,-5.34,2.47,-3.85
2026-08-13,2026-08-13T13:58:56.288968,PNB,118.29,119.74,117.75,118.9,3.85,118.9,4.980009,123.270009,113.30999100000001,False,NONE,0.13,-7.14,0.44,3.66
2026-08-13,2026-08-13T13:58:56.288968,PNBHOUSING,1152.8,1173.8,1148.0,1170.7,4.62,1170.7,55.68024,1208.4802399999999,1097.11976,False,NONE,0.77,-0.98,1.0,-10.34
2026-08-13,2026-08-13T13:58:56.288968,POLICYBZR,1710.1,1752.4,1710.1,1744.6,4.61,1744.6,81.40075999999999,1791.50076,1628.69924,False,NONE,1.55,0.03,0.14,-17.95
2026-08-13,2026-08-13T13:58:56.288968,POLYCAB,9359.5,9405.0,9301.0,9345.0,3.7,9345.0,394.9709,9754.4709,8964.5291,False,NONE,0.25,0.98,-0.17,-2.9
2026-08-13,2026-08-13T13:58:56.288968,POWERGRID,268.95,269.2,267.0,268.65,2.81,268.65,8.176079999999999,277.12608,260.77392,False,NONE,0.07,-5.22,-0.2,0
2026-08-13,2026-08-13T13:58:56.288968,POWERINDIA,36195.0,36195.0,35350.0,35465.0,4.93,35465.0,1867.662,38062.662,34327.338,False,NONE,-1.13,-0.47,-0.13,-6.6
2026-08-13,2026-08-13T13:58:56.288968,PREMIERENE,1034.5,1041.0,1032.9,1039.6,4.57,1039.6,52.345699999999994,1086.8457,982.1543,False,NONE,0.72,-4.32,0.71,-9.52
2026-08-13,2026-08-13T13:58:56.288968,PRESTIGE,1585.0,1611.9,1562.5,1609.5,4.54,1609.5,73.70250000000001,1658.7025,1511.2975,False,NONE,1.05,1.51,0.39,-1.37
2026-08-13,2026-08-13T13:58:56.288968,RADICO,4522.6,4640.0,4522.6,4620.0,4.26,4620.0,222.96418000000003,4745.56418,4299.63582,False,NONE,1.73,-8.44,5.23,-15.38
2026-08-13,2026-08-13T13:58:56.288968,RBLBANK,389.95,389.95,385.0,387.8,4.15,387.8,16.260915,406.210915,373.689085,False,NONE,0.1,0.14,0.37,-1.45
2026-08-13,2026-08-13T13:58:56.288968,RECLTD,343.7,344.4,340.55,343.8,3.39,343.8,12.923119999999999,356.62312,330.77688,False,NONE,0.07,-6.51,1.09,-1.41
2026-08-13,2026-08-13T13:58:56.288968,RELIANCE,1327.0,1328.6,1309.6,1317.9,2.78,1317.9,39.0138,1366.0138,1287.9862,False,NONE,-0.58,-3.67,2.2,-6.85
2026-08-13,2026-08-13T13:58:56.288968,RVNL,231.05,231.05,227.8,228.84,4.57,228.84,10.535879999999999,241.58588,220.51412000000002,False,NONE,-0.82,-0.25,0.17,-5.26
2026-08-13,2026-08-13T13:58:56.288968,SAIL,172.8,172.92,169.81,169.81,4.73,169.81,7.74076,180.14076,164.65924,False,NONE,-1.59,-35.4,-0.2,1.54
2026-08-13,2026-08-13T13:58:56.288968,SBICARD,650.0,655.65,644.1,647.5,3.87,647.5,28.08,678.08,621.92,False,NONE,-0.8,-5.5,0.63,1.72
2026-08-13,2026-08-13T13:58:56.288968,SBILIFE,1828.0,1832.9,1817.2,1829.6,3.08,1829.6,56.8508,1884.8508,1771.1492,False,NONE,-0.45,-1.26,0.68,-3.77
2026-08-13,2026-08-13T13:58:56.288968,SBIN,1086.1,1088.7,1077.1,1083.8,3.19,1083.8,37.144619999999996,1123.24462,1048.9553799999999,False,NONE,-0.19,-3.41,-0.16,-6.45
2026-08-13,2026-08-13T13:58:56.288968,SENSEX,78185.05,78401.15,78059.0,78401.15,0.23,78401.15,359.65123,78544.70123,77825.39877,False,NONE,0.08,-4.5,3.03,-2.88
2026-08-13,2026-08-13T13:58:56.288968,SHREECEM,25595.0,25615.0,25130.0,25215.0,3.33,25215.0,1085.228,26680.228,24509.772,False,NONE,-1.47,-6.0,-0.61,-10.2
2026-08-13,2026-08-13T13:58:56.288968,SHRIRAMFIN,1132.2,1148.9,1125.0,1135.5,4.26,1135.5,49.13748,1181.3374800000001,1083.06252,False,NONE,1.19,0.03,1.64,-8.2
2026-08-13,2026-08-13T13:58:56.288968,SIEMENS,4048.0,4048.0,3965.8,3984.9,4.38,3984.9,187.42239999999998,4235.4224,3860.5776,False,NONE,-1.2,-4.51,-0.4,-11.43
2026-08-13,2026-08-13T13:58:56.288968,SOLARINDS,18830.0,19500.0,18798.0,18960.0,5.87,18960.0,1154.279,19984.279,17675.721,False,NONE,0.69,4.59,8.23,-31.34
2026-08-13,2026-08-13T13:58:56.288968,SONACOMS,800.55,814.3,800.05,800.25,4.33,800.25,37.14552,837.69552,763.4044799999999,False,NONE,-0.46,1.36,1.09,-5.71
2026-08-13,2026-08-13T13:58:56.288968,SRF,2597.0,2629.8,2566.6,2603.0,3.58,2603.0,95.56960000000001,2692.5696,2501.4304,False,NONE,0.6,-1.64,-0.44,0
2026-08-13,2026-08-13T13:58:56.288968,SUNPHARMA,1947.7,1950.0,1938.6,1943.7,2.35,1943.7,52.00359,1999.70359,1895.69641,False,NONE,0.16,-9.14,-0.09,-3.7
2026-08-13,2026-08-13T13:58:56.288968,SUPREMEIND,3424.0,3526.0,3424.0,3481.1,4.21,3481.1,148.6016,3572.6016,3275.3984,False,NONE,0.93,-0.79,-0.15,-9.59
2026-08-13,2026-08-13T13:58:56.288968,SUZLON,47.22,47.68,47.15,47.53,4.78,47.53,2.33739,49.55739,44.88261,False,NONE,0.34,-4.27,-0.16,0
2026-08-13,2026-08-13T13:58:56.288968,SWIGGY,278.8,282.5,278.0,279.35,5.89,279.35,17.20196,296.00196,261.59804,False,NONE,0.68,-1.39,0.94,-5
2026-08-13,2026-08-13T13:58:56.288968,TATACONSUM,1062.1,1088.9,1061.3,1088.9,3.33,1088.9,37.492129999999996,1099.59213,1024.6078699999998,False,NONE,2.61,-3.72,0.27,8.93
2026-08-13,2026-08-13T13:58:56.288968,TATAELXSI,3738.7,3800.6,3730.1,3787.7,4.33,3787.7,176.46663999999998,3915.16664,3562.2333599999997,False,NONE,1.47,-2.0,0.14,6.38
2026-08-13,2026-08-13T13:58:56.288968,TATAPOWER,379.8,383.0,379.2,382.05,3.13,382.05,11.9637,391.76370000000003,367.8363,False,NONE,0.7,0.61,-0.53,-4.11
2026-08-13,2026-08-13T13:58:56.288968,TATASTEEL,186.5,187.23,184.2,185.06,3.87,185.06,7.3854,193.8854,179.1146,False,NONE,-0.48,-1.29,1.26,-3.33
2026-08-13,2026-08-13T13:58:56.288968,TCS,2348.2,2381.0,2337.2,2380.3,3.62,2380.3,95.1021,2443.3021,2253.0978999999998,False,NONE,1.63,-11.05,0.43,1.54
2026-08-13,2026-08-13T13:58:56.288968,TECHM,1631.0,1658.6,1631.0,1654.3,3.53,1654.3,60.5101,1691.5101,1570.4899,False,NONE,1.43,-4.73,0.33,2.08
2026-08-13,2026-08-13T13:58:56.288968,TIINDIA,2855.0,2855.0,2732.9,2758.6,6.6,2758.6,185.2895,3040.2895,2669.7105,False,NONE,-2.83,7.67,1.99,-7.02
2026-08-13,2026-08-13T13:58:56.288968,TITAN,5062.0,5077.5,5021.5,5071.8,2.77,5071.8,156.4158,5218.4158,4905.5842,False,NONE,0.04,-6.83,-0.66,-2.94
2026-08-13,2026-08-13T13:58:56.288968,TMPV,345.0,352.65,343.6,350.2,5.28,350.2,19.078500000000002,364.0785,325.9215,False,NONE,1.91,-3.25,-0.27,-5.71
2026-08-13,2026-08-13T13:58:56.288968,TORNTPHARM,4919.5,4919.5,4852.5,4879.5,3.49,4879.5,168.24689999999998,5087.7469,4751.2531,False,NONE,-0.34,-1.44,0.32,-1.67
2026-08-13,2026-08-13T13:58:56.288968,TRENT,2991.0,3021.9,2969.0,3018.3,4.03,3018.3,127.1175,3118.1175,2863.8825,False,NONE,0.91,-4.4,-0.12,8.57
2026-08-13,2026-08-13T13:58:56.288968,TVSMOTOR,4377.4,4385.7,4329.0,4340.5,3.68,4340.5,167.21667999999997,4544.616679999999,4210.18332,False,NONE,-0.72,2.22,-0.86,-1.15
2026-08-13,2026-08-13T13:58:56.288968,ULTRACEMCO,11898.0,11920.0,11584.0,11730.0,3.05,11730.0,379.5462,12277.5462,11518.4538,False,NONE,-1.68,6.58,7.16,18.6
2026-08-13,2026-08-13T13:58:56.288968,UNIONBANK,187.99,189.0,185.76,187.31,4.3,187.31,8.873128000000001,196.86312800000002,179.116872,False,NONE,-0.1,-2.93,1.0,-3.16
2026-08-13,2026-08-13T13:58:56.288968,UNITDSPR,1520.8,1535.4,1518.0,1531.2,3.15,1531.2,50.9468,1571.7468,1469.8532,False,NONE,0.19,-7.6,0.38,-8.43
2026-08-13,2026-08-13T13:58:56.288968,UNOMINDA,1246.0,1267.8,1243.0,1250.6,3.72,1250.6,44.980599999999995,1290.9806,1201.0194,False,NONE,0.41,-2.14,1.79,0
2026-08-13,2026-08-13T13:58:56.288968,UPL,569.0,570.0,564.45,565.65,3.85,565.65,22.1341,591.1341,546.8659,False,NONE,-0.47,-2.35,0.07,0
2026-08-13,2026-08-13T13:58:56.288968,VBL,437.45,441.9,437.45,440.9,3.77,440.9,17.279275,454.729275,420.170725,False,NONE,0.35,-4.28,-0.06,2.56
2026-08-13,2026-08-13T13:58:56.288968,VEDL,277.45,277.45,269.05,271.55,5.04,271.55,14.510635,291.96063499999997,262.939365,False,NONE,-1.7,0.29,1.09,-2
2026-08-13,2026-08-13T13:58:56.288968,VMM,106.21,108.34,106.21,106.79,5.1,106.79,5.692856000000001,111.902856,100.51714399999999,False,NONE,-0.99,-1.68,2.64,-4.55
2026-08-13,2026-08-13T13:58:56.288968,VOLTAS,1296.7,1298.5,1282.3,1294.4,5.75,1294.4,77.15365000000001,1373.85365,1219.54635,False,NONE,0.22,0.43,1.4,-1.05
2026-08-13,2026-08-13T13:58:56.288968,WAAREEENER,2665.0,2689.8,2665.0,2685.1,4.06,2685.1,122.32350000000001,2787.3235,2542.6765,False,NONE,0.95,-5.45,-0.12,0
2026-08-13,2026-08-13T13:58:56.288968,WIPRO,183.5,184.6,182.5,184.38,3.69,184.38,6.95465,190.45465,176.54535,False,NONE,0.27,0.12,0.05,-1.39
2026-08-13,2026-08-13T13:58:56.288968,YESBANK,22.95,23.09,22.85,23.03,3.6,23.03,0.860625,23.810624999999998,22.089375,False,NONE,0.66,-1.78,-0.37,0
2026-08-13,2026-08-13T13:58:56.288968,ZYDUSLIFE,1206.6,1209.9,1169.0,1173.1,3.68,1173.1,49.4706,1256.0706,1157.1293999999998,False,NONE,-2.78,-1.43,1.3,-27.93
