trading_date,observation_timestamp,Symbol,Open,High,Low,Close,ATM Straddle %,current_price,opening_straddle_premium,upper_straddle_breakout_level,lower_straddle_breakout_level,standard_straddle_breakout,breakout_direction,Price Chg %,IV Chg %,OI Chg %,PCR Chg %
2026-08-18,2026-08-18T09:20:08.956457,360ONE,1176.4,1176.7,1170.6,1170.6,3.41,1170.6,40.11524,1216.5152400000002,1136.28476,False,NONE,-0.64,5.7,-0.04,0
2026-08-18,2026-08-18T09:20:08.956457,ABB,7698.5,7714.5,7693.0,7712.5,3.61,7712.5,277.91585,7976.41585,7420.58415,False,NONE,0.05,4.63,0.01,0
2026-08-18,2026-08-18T09:20:08.956457,ABCAPITAL,399.4,400.55,397.8,398.0,2.97,398.0,11.86218,411.26218,387.53781999999995,False,NONE,-0.43,0.73,0.05,0
2026-08-18,2026-08-18T09:20:08.956457,ADANIENSOL,1585.1,1600.8,1585.1,1599.3,4.08,1599.3,64.67208,1649.77208,1520.4279199999999,False,NONE,0.76,2.49,0.07,0
2026-08-18,2026-08-18T09:20:08.956457,ADANIENT,3015.0,3024.8,3014.3,3024.8,3.28,3024.8,98.892,3113.892,2916.108,False,NONE,-0.02,5.65,-0.02,0
2026-08-18,2026-08-18T09:20:08.956457,ADANIGREEN,1328.0,1331.0,1322.1,1328.2,3.71,1328.2,49.2688,1377.2688,1278.7312,False,NONE,-0.12,-0.3,-0.06,2.17
2026-08-18,2026-08-18T09:20:08.956457,ADANIPORTS,1692.2,1692.2,1680.3,1684.2,2.71,1684.2,45.85862,1738.05862,1646.34138,False,NONE,-0.5,3.67,0.1,0
2026-08-18,2026-08-18T09:20:08.956457,ADANIPOWER,203.8,205.53,203.8,205.53,4.33,205.53,8.82454,212.62454000000002,194.97546,False,NONE,0.37,5.37,-0.02,2.27
2026-08-18,2026-08-18T09:20:08.956457,ALKEM,5415.5,5444.5,5410.0,5436.0,3.14,5436.0,170.04670000000002,5585.5467,5245.4533,False,NONE,0.41,1.16,0.03,0
2026-08-18,2026-08-18T09:20:08.956457,AMBER,7297.0,7332.0,7278.5,7326.0,3.44,7326.0,251.0168,7548.0168,7045.9832,False,NONE,0.39,3.45,0.31,1.72
2026-08-18,2026-08-18T09:20:08.956457,AMBUJACEM,415.0,417.2,415.0,416.05,2.3,416.05,9.544999999999998,424.545,405.455,False,NONE,-0.37,-3.11,-0.01,0
2026-08-18,2026-08-18T09:20:08.956457,ANGELONE,290.0,292.4,288.7,288.85,3.77,288.85,10.933,300.933,279.067,False,NONE,-1.52,3.09,0.54,-2.13
2026-08-18,2026-08-18T09:20:08.956457,APLAPOLLO,2088.7,2093.0,2088.0,2091.6,2.46,2091.6,51.38201999999999,2140.08202,2037.3179799999998,False,NONE,-0.21,-9.44,-0.01,0
2026-08-18,2026-08-18T09:20:08.956457,APOLLOHOSP,8812.5,8847.5,8805.5,8838.5,2.13,8838.5,187.70625,9000.20625,8624.79375,False,NONE,-0.19,2.41,0.02,0
2026-08-18,2026-08-18T09:20:08.956457,ASHOKLEY,176.21,176.99,175.42,176.56,3.65,176.56,6.431665000000001,182.64166500000002,169.778335,False,NONE,-0.96,7.9,0.65,0
2026-08-18,2026-08-18T09:20:08.956457,ASIANPAINT,2660.1,2674.4,2644.0,2653.6,2.67,2653.6,71.02467,2731.1246699999997,2589.07533,False,NONE,-1.62,5.35,0.73,-3.28
2026-08-18,2026-08-18T09:20:08.956457,ASTRAL,1542.2,1552.4,1532.0,1534.9,2.78,1534.9,42.87316,1585.0731600000001,1499.32684,False,NONE,-0.73,-0.97,0.02,0
2026-08-18,2026-08-18T09:20:08.956457,AUBANK,1075.5,1079.0,1075.5,1076.0,2.89,1076.0,31.081950000000003,1106.58195,1044.41805,False,NONE,-0.27,1.51,0.0,-2.82
2026-08-18,2026-08-18T09:20:08.956457,AUROPHARMA,1637.9,1637.9,1630.6,1636.2,3.03,1636.2,49.62837,1687.52837,1588.2716300000002,False,NONE,0.44,1.2,0.0,0
2026-08-18,2026-08-18T09:20:08.956457,AXISBANK,1229.3,1237.5,1227.0,1233.7,2.12,1233.7,26.06116,1255.36116,1203.23884,False,NONE,-0.08,1.44,0.17,0
2026-08-18,2026-08-18T09:20:08.956457,BAJAJ-AUTO,11769.0,11769.0,11730.0,11741.0,2.56,11741.0,301.2864,12070.2864,11467.7136,False,NONE,0.01,8.17,0.04,-1.64
2026-08-18,2026-08-18T09:20:08.956457,BAJAJFINSV,2005.0,2023.2,2005.0,2010.4,2.51,2010.4,50.32549999999999,2055.3255,1954.6745,False,NONE,-0.18,3.96,-0.05,0
2026-08-18,2026-08-18T09:20:08.956457,BAJAJHLDNG,11411.0,11609.0,11346.0,11465.0,2.46,11465.0,280.7106,11691.7106,11130.2894,False,NONE,0.02,-16.83,-0.02,0
2026-08-18,2026-08-18T09:20:08.956457,BAJFINANCE,1095.8,1096.4,1093.2,1095.5,2.67,1095.5,29.257859999999997,1125.05786,1066.54214,False,NONE,-0.05,0.38,0.04,1.32
2026-08-18,2026-08-18T09:20:08.956457,BANDHANBNK,171.85,174.38,170.36,173.58,3.39,173.58,5.825715,177.675715,166.024285,False,NONE,0.16,144.37,-0.01,0
2026-08-18,2026-08-18T09:20:08.956457,BANKBARODA,247.0,247.87,246.71,247.29,2.94,247.29,7.261799999999999,254.2618,239.7382,False,NONE,-0.26,1.11,0.05,0
2026-08-18,2026-08-18T09:20:08.956457,BANKEX,65514.65,65514.65,65514.65,65514.65,1.6,65514.65,1048.2344,66562.8844,64466.4156,False,NONE,-,-1.57,0.0,-0.94
2026-08-18,2026-08-18T09:20:08.956457,BANKINDIA,143.6,144.8,143.49,143.76,3.71,143.76,5.32756,148.92756,138.27244,False,NONE,0,5.18,-0.01,0
2026-08-18,2026-08-18T09:20:08.956457,BANKNIFTY,57595.0,57720.0,57570.2,57620.8,1.41,57620.8,812.0894999999999,58407.0895,56782.9105,False,NONE,-0.37,4.08,-0.08,-1.2
2026-08-18,2026-08-18T09:20:08.956457,BDL,1377.1,1384.8,1365.2,1384.2,4.24,1384.2,58.389039999999994,1435.48904,1318.71096,False,NONE,0.14,-1.54,-0.13,1.82
2026-08-18,2026-08-18T09:20:08.956457,BEL,413.0,413.45,411.75,413.45,2.98,413.45,12.3074,425.3074,400.6926,False,NONE,0.08,1.48,0.0,0
2026-08-18,2026-08-18T09:20:08.956457,BHARATFORG,2081.1,2099.1,2081.1,2098.5,3.1,2098.5,64.5141,2145.6141,2016.5858999999998,False,NONE,-0.01,-0.18,0.02,0
2026-08-18,2026-08-18T09:20:08.956457,BHARTIARTL,1960.1,1960.3,1922.1,1951.5,2.05,1951.5,40.18205,2000.2820499999998,1919.91795,False,NONE,-1.44,11.99,0.47,-4.26
2026-08-18,2026-08-18T09:20:08.956457,BHEL,434.0,434.0,428.65,433.65,4.15,433.65,18.011000000000003,452.011,415.989,False,NONE,0.12,2.42,0.77,0
2026-08-18,2026-08-18T09:20:08.956457,BIOCON,412.4,415.6,412.4,415.5,3.21,415.5,13.238039999999998,425.63804,399.16195999999997,False,NONE,0.3,4.28,0.03,0
2026-08-18,2026-08-18T09:20:08.956457,BLUESTARCO,1519.0,1519.0,1512.0,1512.7,3.68,1512.7,55.8992,1574.8992,1463.1008,False,NONE,0.05,8.85,0.04,-2.17
2026-08-18,2026-08-18T09:20:08.956457,BOSCHLTD,47095.0,47280.0,46985.0,47245.0,2.87,47245.0,1351.6264999999999,48446.6265,45743.3735,False,NONE,0,7.39,0.15,0
2026-08-18,2026-08-18T09:20:08.956457,BPCL,315.0,316.75,315.0,316.5,2.95,316.5,9.2925,324.2925,305.7075,False,NONE,-0.63,7.41,0.15,-1.54
2026-08-18,2026-08-18T09:20:08.956457,BRITANNIA,5471.0,5529.0,5470.5,5502.5,2.29,5502.5,125.2859,5596.2859,5345.7141,False,NONE,-0.56,0.74,0.0,0
2026-08-18,2026-08-18T09:20:08.956457,BSE,3312.5,3325.0,3278.0,3279.8,4.22,3279.8,139.7875,3452.2875,3172.7125,False,NONE,-2.31,7.37,0.96,0
2026-08-18,2026-08-18T09:20:08.956457,CAMS,774.75,774.8,769.2,770.7,3.04,770.7,23.552400000000002,798.3024,751.1976,False,NONE,-1.03,1.47,0.27,0
2026-08-18,2026-08-18T09:20:08.956457,CANBK,129.6,131.14,129.6,130.48,3.35,130.48,4.3416,133.9416,125.2584,False,NONE,-0.58,2.77,0.01,0
2026-08-18,2026-08-18T09:20:08.956457,CDSL,1363.8,1363.8,1357.1,1357.4,3.09,1357.4,42.14142,1405.9414199999999,1321.65858,False,NONE,-0.18,1.25,0.06,0
2026-08-18,2026-08-18T09:20:08.956457,CGPOWER,899.9,900.7,891.0,898.1,4.1,898.1,36.8959,936.7959,863.0041,False,NONE,0.03,7.57,0.59,0
2026-08-18,2026-08-18T09:20:08.956457,CHOLAFIN,1880.0,1887.4,1876.0,1880.0,2.95,1880.0,55.46,1935.46,1824.54,False,NONE,-0.86,-0.79,0.09,0
2026-08-18,2026-08-18T09:20:08.956457,CIPLA,1434.3,1438.9,1431.1,1433.3,2.27,1433.3,32.55861,1466.85861,1401.74139,False,NONE,-0.07,0.4,0.01,0
2026-08-18,2026-08-18T09:20:08.956457,COALINDIA,408.35,409.7,408.35,409.45,2,409.45,8.167,416.517,400.18300000000005,False,NONE,0.44,1.6,0.02,0
2026-08-18,2026-08-18T09:20:08.956457,COCHINSHIP,1464.7,1465.0,1461.7,1464.0,3.46,1464.0,50.67862,1515.37862,1414.0213800000001,False,NONE,-0.08,2.75,-0.01,0
2026-08-18,2026-08-18T09:20:08.956457,COFORGE,1795.0,1796.0,1780.4,1788.4,3.28,1788.4,58.876,1853.876,1736.124,False,NONE,-0.96,3.79,0.3,-0.94
2026-08-18,2026-08-18T09:20:08.956457,COLPAL,1949.1,1955.9,1920.9,1924.1,2.89,1924.1,56.328990000000005,2005.4289899999999,1892.77101,False,NONE,-2.32,11.21,1.6,-1.96
2026-08-18,2026-08-18T09:20:08.956457,CONCOR,523.0,523.1,521.05,523.1,2.97,523.1,15.533100000000001,538.5331,507.4669,False,NONE,-0.35,-1.11,-0.01,0
2026-08-18,2026-08-18T09:20:08.956457,CROMPTON,245.15,245.75,244.55,244.8,3.26,244.8,7.99189,253.14189000000002,237.15811,False,NONE,-0.49,-0.27,0.05,1.82
2026-08-18,2026-08-18T09:20:08.956457,CUMMINSIND,5470.0,5485.0,5468.5,5472.0,3.15,5472.0,172.305,5642.305,5297.695,False,NONE,-0.1,1.39,-0.02,0
2026-08-18,2026-08-18T09:20:08.956457,DABUR,406.5,406.5,405.0,405.3,2.36,405.3,9.593399999999999,416.0934,396.9066,False,NONE,-0.56,6.63,0.02,-1.85
2026-08-18,2026-08-18T09:20:08.956457,DALBHARAT,1858.5,1859.3,1843.4,1845.8,3.11,1845.8,57.79935,1916.29935,1800.70065,False,NONE,-0.08,4.95,0.0,0
2026-08-18,2026-08-18T09:20:08.956457,DELHIVERY,455.05,456.35,454.8,455.4,3.02,455.4,13.74251,468.79251,441.30749000000003,False,NONE,-0.37,-2.61,-0.01,0
2026-08-18,2026-08-18T09:20:08.956457,DIVISLAB,8548.5,8573.0,8501.5,8562.0,2.64,8562.0,225.68040000000002,8774.1804,8322.8196,False,NONE,0.32,6.62,0.18,-1.09
2026-08-18,2026-08-18T09:20:08.956457,DIXON,14140.0,14333.0,14122.0,14321.0,3.94,14321.0,557.116,14697.116,13582.884,False,NONE,1.64,10.14,-0.16,8.51
2026-08-18,2026-08-18T09:20:08.956457,DLF,674.05,674.05,668.15,669.2,3.43,669.2,23.119915000000002,697.169915,650.930085,False,NONE,-0.94,2.04,0.09,0
2026-08-18,2026-08-18T09:20:08.956457,DMART,3960.0,3979.1,3950.1,3957.0,2.82,3957.0,111.67199999999998,4071.672,3848.328,False,NONE,-1.35,5.43,0.03,0
2026-08-18,2026-08-18T09:20:08.956457,DRREDDY,1181.9,1183.5,1177.8,1181.2,2.25,1181.2,26.592750000000002,1208.4927500000001,1155.30725,False,NONE,-0.3,-2.06,0.13,0
2026-08-18,2026-08-18T09:20:08.956457,EICHERMOT,8075.0,8093.5,8051.0,8078.0,2.43,8078.0,196.2225,8271.2225,7878.7775,False,NONE,-0.36,5.48,0.07,-1.14
2026-08-18,2026-08-18T09:20:08.956457,ETERNAL,318.0,319.1,317.35,319.0,3.51,319.0,11.161799999999998,329.16179999999997,306.83820000000003,False,NONE,-0.09,5.54,-0.02,-1.54
2026-08-18,2026-08-18T09:20:08.956457,FEDERALBNK,355.95,357.0,355.55,355.55,2.34,355.55,8.329229999999999,364.27923,347.62077,False,NONE,-0.18,3.49,0.0,0
2026-08-18,2026-08-18T09:20:08.956457,FINNIFTY,26262.8,26264.3,26262.8,26264.3,1.49,26264.3,391.31572,26654.115719999998,25871.48428,False,NONE,-0.39,7.84,0.0,0
2026-08-18,2026-08-18T09:20:08.956457,FOCIT,37624.0,37640.0,37599.0,37640.0,2.89,37640.0,1087.3336,38711.3336,36536.6664,False,NONE,0,9.62,0.0,0
2026-08-18,2026-08-18T09:20:08.956457,FORCEMOT,18591.0,18719.0,18591.0,18648.0,3.81,18648.0,708.3171000000001,19299.3171,17882.6829,False,NONE,-0.12,15.2,-0.04,0
2026-08-18,2026-08-18T09:20:08.956457,FORTIS,919.95,919.95,911.6,915.0,2.92,915.0,26.86254,946.81254,893.0874600000001,False,NONE,0.02,4.82,0.16,0
2026-08-18,2026-08-18T09:20:08.956457,GAIL,172.01,172.98,172.01,172.78,2.59,172.78,4.455058999999999,176.465059,167.55494099999999,False,NONE,-0.3,-3.57,0.02,0
2026-08-18,2026-08-18T09:20:08.956457,GLENMARK,2329.7,2329.7,2322.0,2324.4,2.88,2324.4,67.09535999999999,2396.7953599999996,2262.60464,False,NONE,-0.01,6.81,0.05,0
2026-08-18,2026-08-18T09:20:08.956457,GMRAIRPORT,101.71,102.24,101.57,101.67,3.05,101.67,3.1021549999999998,104.81215499999999,98.607845,False,NONE,-0.26,2.23,0.05,0
2026-08-18,2026-08-18T09:20:08.956457,GODFRYPHLP,2138.8,2149.4,2128.1,2137.0,4.12,2137.0,88.11856000000002,2226.91856,2050.6814400000003,False,NONE,0.38,6.88,-0.03,-2.33
2026-08-18,2026-08-18T09:20:08.956457,GODREJCP,933.7,933.7,926.1,927.0,3.13,927.0,29.22481,962.9248100000001,904.47519,False,NONE,-0.62,0.91,0.04,-1.85
2026-08-18,2026-08-18T09:20:08.956457,GODREJPROP,2044.0,2056.0,2029.1,2029.1,3.69,2029.1,75.4236,2119.4236,1968.5764,False,NONE,-1.26,4.06,-0.01,-1.72
2026-08-18,2026-08-18T09:20:08.956457,GRASIM,3265.4,3275.8,3265.4,3275.0,2.58,3275.0,84.24732,3349.64732,3181.15268,False,NONE,0.29,2.37,-0.01,0
2026-08-18,2026-08-18T09:20:08.956457,GVT&D,4311.0,4311.0,4280.0,4306.0,4.47,4306.0,192.7017,4503.7017,4118.2983,False,NONE,-0.08,5.18,0.07,-1.69
2026-08-18,2026-08-18T09:20:08.956457,HAL,5055.0,5081.2,5045.1,5079.2,3.31,5079.2,167.32049999999998,5222.3205,4887.6795,False,NONE,0.44,4.36,0.22,1.72
2026-08-18,2026-08-18T09:20:08.956457,HAVELLS,1301.0,1306.1,1301.0,1305.0,2.61,1305.0,33.9561,1334.9561,1267.0439,False,NONE,-0.08,0.92,0.02,0
2026-08-18,2026-08-18T09:20:08.956457,HCLTECH,1320.0,1322.8,1314.1,1315.8,3.14,1315.8,41.448,1361.448,1278.552,False,NONE,-1.35,3.39,0.12,-1.45
2026-08-18,2026-08-18T09:20:08.956457,HDFCAMC,2528.5,2538.0,2525.9,2526.5,3.06,2526.5,77.3721,2605.8721,2451.1279,False,NONE,-0.31,3.22,0.04,0
2026-08-18,2026-08-18T09:20:08.956457,HDFCBANK,729.7,729.7,727.3,727.65,2.68,727.65,19.555960000000002,749.2559600000001,710.14404,False,NONE,-0.62,4.46,0.04,0
2026-08-18,2026-08-18T09:20:08.956457,HDFCLIFE,542.0,542.0,539.55,539.85,2.49,539.85,13.495800000000001,555.4958,528.5042,False,NONE,-0.57,3.17,0.02,-1.85
2026-08-18,2026-08-18T09:20:08.956457,HEROMOTOCO,5759.5,5776.0,5721.0,5737.0,2.96,5737.0,170.4812,5929.9812,5589.0188,False,NONE,-0.56,1.52,0.4,0
2026-08-18,2026-08-18T09:20:08.956457,HINDALCO,1049.45,1050.7,1045.0,1045.15,2.75,1045.15,28.859875000000002,1078.3098750000001,1020.5901250000001,False,NONE,-0.74,3.05,0.08,0
2026-08-18,2026-08-18T09:20:08.956457,HINDPETRO,367.9,369.6,367.0,369.2,3.02,369.2,11.11058,379.01058,356.78941999999995,False,NONE,-0.7,0.96,0.61,-6.78
2026-08-18,2026-08-18T09:20:08.956457,HINDUNILVR,2062.0,2063.0,2046.7,2048.1,2.14,2048.1,44.1268,2106.1268,2017.8732,False,NONE,-0.98,5.77,0.17,0
2026-08-18,2026-08-18T09:20:08.956457,HINDZINC,570.3,570.3,565.7,567.1,3.43,567.1,19.56129,589.8612899999999,550.73871,False,NONE,-0.68,1.07,-0.06,0
2026-08-18,2026-08-18T09:20:08.956457,HYUNDAI,2180.0,2216.5,2180.0,2213.8,2.95,2213.8,64.31,2244.31,2115.69,False,NONE,0.55,-7.59,-0.01,0
2026-08-18,2026-08-18T09:20:08.956457,ICICIBANK,1413.7,1416.1,1410.9,1415.3,2,1415.3,28.274,1441.9740000000002,1385.426,False,NONE,-0.42,2.99,0.05,-1.64
2026-08-18,2026-08-18T09:20:08.956457,ICICIGI,1639.3,1639.3,1630.5,1630.5,2.44,1630.5,39.99892,1679.29892,1599.30108,False,NONE,-0.4,1.2,0.15,0
2026-08-18,2026-08-18T09:20:08.956457,ICICIPRULI,502.4,505.25,502.4,505.25,2.8,505.25,14.067199999999998,516.4671999999999,488.33279999999996,False,NONE,-0.1,1.06,0.04,1.69
2026-08-18,2026-08-18T09:20:08.956457,IDEA,13.6,13.73,13.5,13.67,4.67,13.67,0.63512,14.23512,12.964879999999999,False,NONE,-0.44,-2.59,0.33,0
2026-08-18,2026-08-18T09:20:08.956457,IDFCFIRSTB,85.37,85.64,85.23,85.34,2.7,85.34,2.30499,87.67499000000001,83.06501,False,NONE,-0.21,0.81,0.02,0
2026-08-18,2026-08-18T09:20:08.956457,IEX,125.2,125.88,124.84,124.84,2.95,124.84,3.6934000000000005,128.8934,121.5066,False,NONE,-0.83,2.15,0.02,0
2026-08-18,2026-08-18T09:20:08.956457,INDHOTEL,722.9,722.9,720.0,720.0,2.39,720.0,17.27731,740.17731,705.6226899999999,False,NONE,-0.41,2.01,0.01,0
2026-08-18,2026-08-18T09:20:08.956457,INDIANB,880.0,888.25,880.0,884.0,3.46,884.0,30.448,910.448,849.552,False,NONE,-0.29,2.78,0.06,1.37
2026-08-18,2026-08-18T09:20:08.956457,INDIGO,5180.0,5237.0,5162.5,5217.0,3.17,5217.0,164.206,5344.206,5015.794,False,NONE,-1.75,8.53,0.28,-1.64
2026-08-18,2026-08-18T09:20:08.956457,INDUSINDBK,1013.7,1017.6,1013.7,1015.9,2.76,1015.9,27.97812,1041.67812,985.72188,False,NONE,-0.19,2.87,0.02,0
2026-08-18,2026-08-18T09:20:08.956457,INDUSTOWER,380.05,380.05,377.0,377.55,2.67,377.55,10.147335,390.197335,369.902665,False,NONE,-0.97,3.98,0.01,-1.61
2026-08-18,2026-08-18T09:20:08.956457,INFY,1124.3,1133.7,1123.1,1125.8,3.38,1125.8,38.00134,1162.30134,1086.29866,False,NONE,-1.46,10.45,0.31,0
2026-08-18,2026-08-18T09:20:08.956457,INOXWIND,78.31,78.31,77.34,77.37,4.59,77.37,3.594429,81.90442900000001,74.715571,False,NONE,-1.5,2.05,0.19,-3.39
2026-08-18,2026-08-18T09:20:08.956457,IOC,138.75,139.0,138.6,138.77,2.61,138.77,3.621375,142.371375,135.128625,False,NONE,-0.51,-6.96,0.37,0
2026-08-18,2026-08-18T09:20:08.956457,IREDA,115.97,116.0,115.03,115.11,3.06,115.11,3.548682,119.518682,112.421318,False,NONE,-0.72,3.36,0.09,0
2026-08-18,2026-08-18T09:20:08.956457,IRFC,87.34,87.5,86.86,86.86,3.06,86.86,2.672604,90.01260400000001,84.667396,False,NONE,-0.56,3.94,0.01,0
2026-08-18,2026-08-18T09:20:08.956457,ITC,273.4,273.8,273.0,273.55,2.03,273.55,5.55002,278.95002,267.84997999999996,False,NONE,-0.07,2.41,0.02,0
2026-08-18,2026-08-18T09:20:08.956457,JINDALSTEL,1114.0,1116.1,1111.7,1113.2,2.72,1113.2,30.300800000000002,1144.3008,1083.6992,False,NONE,-0.26,-1.04,0.03,0
2026-08-18,2026-08-18T09:20:08.956457,JIOFIN,248.5,248.7,246.8,247.15,3.34,247.15,8.299900000000001,256.7999,240.2001,False,NONE,-1.02,0.58,0.08,0
2026-08-18,2026-08-18T09:20:08.956457,JSWENERGY,556.9,557.2,554.9,555.9,2.64,555.9,14.702160000000001,571.60216,542.1978399999999,False,NONE,-0.11,-1.38,0.05,0
2026-08-18,2026-08-18T09:20:08.956457,JSWSTEEL,1280.3,1283.8,1280.3,1281.6,2.79,1281.6,35.720369999999996,1316.02037,1244.57963,False,NONE,-0.21,9.02,0.03,0
2026-08-18,2026-08-18T09:20:08.956457,JUBLFOOD,505.6,505.9,503.05,503.75,3.36,503.75,16.98816,522.58816,488.61184000000003,False,NONE,-0.73,0.24,0.17,3.03
2026-08-18,2026-08-18T09:20:08.956457,KALYANKJIL,613.45,613.45,610.5,612.2,5.23,612.2,32.083435,645.533435,581.366565,False,NONE,-0.15,1.91,-0.11,0
2026-08-18,2026-08-18T09:20:08.956457,KAYNES,3674.4,3685.0,3658.4,3685.0,5.49,3685.0,201.72456000000003,3876.12456,3472.67544,False,NONE,0.69,-2.04,0.06,0
2026-08-18,2026-08-18T09:20:08.956457,KEI,5900.0,5908.0,5847.3,5865.7,3.37,5865.7,198.83,6098.83,5701.17,False,NONE,0.19,5.67,0.38,1.1
2026-08-18,2026-08-18T09:20:08.956457,KFINTECH,968.8,968.8,954.8,956.6,3.93,956.6,38.07384,1006.87384,930.7261599999999,False,NONE,-0.66,1.79,0.17,0
2026-08-18,2026-08-18T09:20:08.956457,KOTAKBANK,392.4,393.8,392.4,393.0,2.11,393.0,8.279639999999999,400.67963999999995,384.12036,False,NONE,-0.56,2.11,0.01,0
2026-08-18,2026-08-18T09:20:08.956457,KPITTECH,614.45,614.45,603.1,603.1,3.69,603.1,22.673205000000003,637.1232050000001,591.776795,False,NONE,-0.98,0.87,0.17,2
2026-08-18,2026-08-18T09:20:08.956457,LAURUSLABS,1806.1,1814.9,1806.0,1807.7,3.17,1807.7,57.25337,1863.3533699999998,1748.84663,False,NONE,-0.08,4.6,0.05,0
2026-08-18,2026-08-18T09:20:08.956457,LICHSGFIN,491.3,491.3,488.15,488.35,2.39,488.35,11.742070000000002,503.04207,479.55793,False,NONE,-0.69,4.23,0.01,0
2026-08-18,2026-08-18T09:20:08.956457,LICI,411.95,411.95,411.95,411.95,4.87,411.95,20.061965,432.011965,391.888035,False,NONE,-0.16,1.4,0.0,0
2026-08-18,2026-08-18T09:20:08.956457,LODHA,1255.0,1257.4,1245.8,1246.1,3.92,1246.1,49.196000000000005,1304.196,1205.804,False,NONE,-0.57,-1.05,0.09,0
2026-08-18,2026-08-18T09:20:08.956457,LT,4060.0,4070.0,4053.9,4067.8,2.19,4067.8,88.914,4148.914,3971.086,False,NONE,-0.26,3.6,0.09,0
2026-08-18,2026-08-18T09:20:08.956457,LTF,313.2,314.95,312.65,312.65,3.8,312.65,11.901599999999998,325.10159999999996,301.2984,False,NONE,-0.89,0.54,0.01,1.43
2026-08-18,2026-08-18T09:20:08.956457,LTM,4615.0,4643.8,4605.0,4605.0,4.01,4605.0,185.06149999999997,4800.0615,4429.9385,False,NONE,-1.76,6.6,0.91,0
2026-08-18,2026-08-18T09:20:08.956457,LUPIN,2260.0,2260.0,2233.5,2236.4,2.6,2236.4,58.76,2318.76,2201.24,False,NONE,-1.14,5.62,0.34,2.17
2026-08-18,2026-08-18T09:20:08.956457,M&M,3401.0,3412.0,3392.3,3408.7,2.64,3408.7,89.78640000000001,3490.7864,3311.2136,False,NONE,-0.09,3.21,-0.04,0
2026-08-18,2026-08-18T09:20:08.956457,MANAPPURAM,349.85,351.45,349.05,349.05,3.71,349.05,12.979435,362.82943500000005,336.870565,False,NONE,0.11,-35.92,-0.01,0
2026-08-18,2026-08-18T09:20:08.956457,MANKIND,2375.0,2403.6,2373.0,2380.5,2.59,2380.5,61.5125,2436.5125,2313.4875,False,NONE,-0.56,3.6,0.09,0
2026-08-18,2026-08-18T09:20:08.956457,MARICO,858.85,858.85,852.0,852.0,2.31,852.0,19.839435,878.689435,839.010565,False,NONE,-0.49,1.48,0.05,0
2026-08-18,2026-08-18T09:20:08.956457,MARUTI,13775.0,13868.0,13775.0,13843.0,2.43,13843.0,334.7325,14109.7325,13440.2675,False,NONE,-0.06,0.56,0.09,-2.63
2026-08-18,2026-08-18T09:20:08.956457,MAXHEALTH,1001.0,1001.0,984.1,994.7,3.5,994.7,35.035,1036.035,965.965,False,NONE,-0.77,2.58,0.22,2
2026-08-18,2026-08-18T09:20:08.956457,MAZDOCK,2566.5,2571.6,2559.7,2568.8,3.82,2568.8,98.04029999999999,2664.5403,2468.4597,False,NONE,-0.12,3,0.0,0
2026-08-18,2026-08-18T09:20:08.956457,MCX,2959.9,2967.0,2929.0,2937.1,3.81,2937.1,112.77219000000001,3072.6721900000002,2847.12781,False,NONE,-0.72,7.95,0.17,0
2026-08-18,2026-08-18T09:20:08.956457,MFSL,1564.9,1567.9,1556.7,1556.7,3.02,1556.7,47.259980000000006,1612.1599800000001,1517.64002,False,NONE,-0.54,0.68,-0.01,0
2026-08-18,2026-08-18T09:20:08.956457,MIDCPNIFTY,14979.0,14979.0,14929.9,14937.0,1.36,14937.0,203.7144,15182.7144,14775.2856,False,NONE,-0.48,4.05,0.13,-0.98
2026-08-18,2026-08-18T09:20:08.956457,MOTHERSON,168.5,170.8,168.5,170.8,3.3,170.8,5.560499999999999,174.0605,162.9395,False,NONE,0.98,11.61,0.04,0
2026-08-18,2026-08-18T09:20:08.956457,MOTILALOFS,955.85,963.9,953.7,954.0,3.56,954.0,34.02826,989.8782600000001,921.82174,False,NONE,-0.69,3,0.09,-1.15
2026-08-18,2026-08-18T09:20:08.956457,MPHASIS,2518.9,2518.9,2480.2,2488.0,3.94,2488.0,99.24466000000001,2618.14466,2419.6553400000003,False,NONE,-0.71,3.4,0.11,0
2026-08-18,2026-08-18T09:20:08.956457,MUTHOOTFIN,2909.4,2910.0,2900.0,2900.0,3.11,2900.0,90.48234000000001,2999.88234,2818.91766,False,NONE,-0.25,3.25,0.02,0
2026-08-18,2026-08-18T09:20:08.956457,NAM-INDIA,1192.1,1199.9,1192.0,1196.6,3.92,1196.6,46.73031999999999,1238.8303199999998,1145.36968,False,NONE,-0.37,4.31,0.0,-2.56
2026-08-18,2026-08-18T09:20:08.956457,NATIONALUM,386.0,389.45,386.0,388.25,4.08,388.25,15.748800000000001,401.7488,370.2512,False,NONE,-0.38,3.83,0.0,0
2026-08-18,2026-08-18T09:20:08.956457,NAUKRI,1352.2,1355.8,1326.8,1352.8,3.45,1352.8,46.6509,1398.8509000000001,1305.5491,False,NONE,-0.7,7.05,0.04,-1.47
2026-08-18,2026-08-18T09:20:08.956457,NBCC,90.1,90.1,89.69,89.83,3.56,89.83,3.2075599999999995,93.30756,86.89244,False,NONE,-0.35,4.78,0.06,0
2026-08-18,2026-08-18T09:20:08.956457,NESTLEIND,1481.4,1481.4,1472.2,1474.8,2.49,1474.8,36.886860000000006,1518.2868600000002,1444.51314,False,NONE,-0.2,-1.87,0.02,0
2026-08-18,2026-08-18T09:20:08.956457,NHPC,75.92,76.59,75.89,76.34,2.59,76.34,1.966328,77.886328,73.953672,False,NONE,-0.4,-5.59,0.04,0
2026-08-18,2026-08-18T09:20:08.956457,NIFTY,24301.0,24304.5,24276.1,24281.4,0.35,24281.4,85.0535,24386.0535,24215.9465,False,NONE,-0.46,2.8,0.15,-3.03
2026-08-18,2026-08-18T09:20:08.956457,NIFTYFPI,1586.0,1596.9,1584.15,1596.0,-,1596.0,,,,False,NONE,0,-,-20.0,-
2026-08-18,2026-08-18T09:20:08.956457,NIFTYNXT50,74300.2,74598.0,74175.0,74544.8,1.88,74544.8,1396.84376,75697.04376,72903.35624,False,NONE,-0.03,-,0.0,-0.88
2026-08-18,2026-08-18T09:20:08.956457,NMDC,84.99,85.48,84.4,84.58,3.25,84.58,2.7621749999999996,87.752175,82.227825,False,NONE,-1.04,4.43,0.01,-1.69
2026-08-18,2026-08-18T09:20:08.956457,NTPC,337.95,339.25,337.6,338.65,2.33,338.65,7.874235,345.824235,330.075765,False,NONE,0.15,4.06,0.02,0
2026-08-18,2026-08-18T09:20:08.956457,NYKAA,327.35,328.7,327.35,328.7,2.98,328.7,9.75503,337.10503,317.59497000000005,False,NONE,-0.06,3.25,-0.01,-2.5
2026-08-18,2026-08-18T09:20:08.956457,OBEROIRLTY,1950.0,1963.8,1907.2,1914.0,4.1,1914.0,79.94999999999999,2029.95,1870.05,False,NONE,-1.27,-0.44,0.4,-2.22
2026-08-18,2026-08-18T09:20:08.956457,OFSS,11800.0,11800.0,11715.0,11762.0,4.17,11762.0,492.06,12292.06,11307.94,False,NONE,-0.35,2.32,0.03,0
2026-08-18,2026-08-18T09:20:08.956457,OIL,481.95,484.0,481.0,481.8,3.71,481.8,17.880345,499.83034499999997,464.069655,False,NONE,0.91,8.39,0.34,-3.33
2026-08-18,2026-08-18T09:20:08.956457,ONGC,239.92,241.2,239.92,240.86,2.43,240.86,5.830056,245.750056,234.08994399999997,False,NONE,0.42,8.63,0.24,0
2026-08-18,2026-08-18T09:20:08.956457,PAGEIND,37215.0,37215.0,36915.0,36935.0,3.28,36935.0,1220.652,38435.652,35994.348,False,NONE,-1.14,-0.27,-0.14,-4.44
2026-08-18,2026-08-18T09:20:08.956457,PATANJALI,352.05,352.55,348.9,349.25,3.79,349.25,13.342695,365.392695,338.707305,False,NONE,-0.94,0.9,0.1,0
2026-08-18,2026-08-18T09:20:08.956457,PAYTM,1589.4,1599.9,1578.0,1584.5,3.76,1584.5,59.76144,1649.16144,1529.63856,False,NONE,-0.31,10.53,0.95,-2.15
2026-08-18,2026-08-18T09:20:08.956457,PERSISTENT,5542.0,5558.5,5516.0,5524.0,3.74,5524.0,207.2708,5749.2708,5334.7292,False,NONE,-0.93,3.59,0.23,-1.85
2026-08-18,2026-08-18T09:20:08.956457,PETRONET,283.1,285.0,282.9,284.95,2.44,284.95,6.90764,290.00764000000004,276.19236,False,NONE,0.49,4.96,0.03,0
2026-08-18,2026-08-18T09:20:08.956457,PFC,376.15,377.35,375.65,376.75,2.55,376.75,9.591824999999998,385.74182499999995,366.558175,False,NONE,-0.05,1.4,0.02,0
2026-08-18,2026-08-18T09:20:08.956457,PGEL,608.05,611.7,605.8,610.0,4.38,610.0,26.632589999999997,634.68259,581.4174099999999,False,NONE,0.49,4.71,0.06,0
2026-08-18,2026-08-18T09:20:08.956457,PHOENIXLTD,1942.1,1942.1,1927.0,1927.0,2.76,1927.0,53.60195999999999,1995.7019599999999,1888.49804,False,NONE,-0.67,0.21,0.11,0
2026-08-18,2026-08-18T09:20:08.956457,PIDILITIND,1668.0,1672.2,1666.2,1667.3,2.3,1667.3,38.364,1706.364,1629.636,False,NONE,-0.63,0.7,-0.03,0
2026-08-18,2026-08-18T09:20:08.956457,PIIND,2482.0,2483.9,2474.2,2479.7,3.38,2479.7,83.8916,2565.8916,2398.1084,False,NONE,-0.02,7.95,0.0,-2.13
2026-08-18,2026-08-18T09:20:08.956457,PNB,117.03,118.14,117.03,117.48,3.16,117.48,3.6981480000000007,120.728148,113.331852,False,NONE,-0.33,3.25,0.04,0
2026-08-18,2026-08-18T09:20:08.956457,PNBHOUSING,1149.6,1149.6,1144.4,1144.4,3.31,1144.4,38.05176,1187.65176,1111.5482399999999,False,NONE,-0.44,-9.21,-0.01,-1.79
2026-08-18,2026-08-18T09:20:08.956457,POLICYBZR,1754.0,1754.0,1726.9,1727.2,3.93,1727.2,68.93220000000001,1822.9322,1685.0678,False,NONE,-0.54,19.19,0.03,0
2026-08-18,2026-08-18T09:20:08.956457,POLYCAB,9380.0,9380.0,9302.0,9335.0,3.08,9335.0,288.904,9668.904,9091.096,False,NONE,-0.12,10.45,0.04,0
2026-08-18,2026-08-18T09:20:08.956457,POWERGRID,266.7,267.9,266.7,267.35,2.22,267.35,5.92074,272.62074,260.77925999999997,False,NONE,-0.02,0.82,0.0,0
2026-08-18,2026-08-18T09:20:08.956457,POWERINDIA,35505.0,35565.0,35350.0,35520.0,4.04,35520.0,1434.402,36939.402,34070.598,False,NONE,-0.45,3.88,0.03,0
2026-08-18,2026-08-18T09:20:08.956457,PREMIERENE,1023.0,1029.0,1022.3,1027.9,3.57,1027.9,36.5211,1059.5211,986.4789,False,NONE,0.91,-1.87,-0.1,3.03
2026-08-18,2026-08-18T09:20:08.956457,PRESTIGE,1597.6,1597.6,1585.0,1587.0,3.27,1587.0,52.24152,1649.84152,1545.3584799999999,False,NONE,-0.66,-5.35,0.07,0
2026-08-18,2026-08-18T09:20:08.956457,RADICO,4695.7,4715.0,4675.4,4702.9,3.32,4702.9,155.89723999999998,4851.59724,4539.80276,False,NONE,0.65,0.89,0.5,0
2026-08-18,2026-08-18T09:20:08.956457,RBLBANK,381.1,384.0,380.9,382.65,3.35,382.65,12.766850000000002,393.86685,368.33315000000005,False,NONE,-0.01,3.32,0.12,0
2026-08-18,2026-08-18T09:20:08.956457,RECLTD,339.1,340.6,338.6,340.25,2.43,340.25,8.24013,347.34013000000004,330.85987,False,NONE,0.21,-0.28,0.04,0
2026-08-18,2026-08-18T09:20:08.956457,RELIANCE,1317.0,1320.0,1314.7,1317.8,2.1,1317.8,27.657000000000004,1344.657,1289.343,False,NONE,-0.32,5.66,0.03,0
2026-08-18,2026-08-18T09:20:08.956457,RVNL,227.44,228.01,227.2,227.2,3.45,227.2,7.84668,235.28668,219.59332,False,NONE,-0.78,4.77,0.01,1.96
2026-08-18,2026-08-18T09:20:08.956457,SAIL,174.92,174.92,173.0,174.29,6.26,174.29,10.949992,185.869992,163.97000799999998,False,NONE,0.63,-7.35,0.0,0
2026-08-18,2026-08-18T09:20:08.956457,SBICARD,640.45,640.45,633.1,633.1,3.12,633.1,19.98204,660.43204,620.4679600000001,False,NONE,-0.9,4.7,0.02,0
2026-08-18,2026-08-18T09:20:08.956457,SBILIFE,1794.4,1796.2,1788.0,1788.0,2.42,1788.0,43.42448,1837.82448,1750.9755200000002,False,NONE,-0.47,2.28,0.08,-1.92
2026-08-18,2026-08-18T09:20:08.956457,SBIN,1062.0,1069.0,1062.0,1066.5,2.57,1066.5,27.2934,1089.2934,1034.7066,False,NONE,-0.09,1.16,-0.14,0
2026-08-18,2026-08-18T09:20:08.956457,SENSEX,77768.0,77925.85,77700.0,77700.0,0.75,77700.0,583.26,78351.26,77184.74,False,NONE,-0.47,2.64,0.91,-2.78
2026-08-18,2026-08-18T09:20:08.956457,SHREECEM,24490.0,24810.0,24490.0,24740.0,2.8,24740.0,685.72,25175.72,23804.28,False,NONE,0.12,9.79,0.03,2.22
2026-08-18,2026-08-18T09:20:08.956457,SHRIRAMFIN,1116.1,1126.6,1116.1,1122.0,3.35,1122.0,37.38935,1153.4893499999998,1078.71065,False,NONE,-0.58,4.9,-0.03,0
2026-08-18,2026-08-18T09:20:08.956457,SIEMENS,3955.3,3977.0,3955.3,3976.6,3.37,3976.6,133.29361,4088.5936100000004,3822.00639,False,NONE,0.23,10.37,-0.02,0
2026-08-18,2026-08-18T09:20:08.956457,SOLARINDS,20000.0,20315.0,20000.0,20295.0,3.87,20295.0,774.0,20774.0,19226.0,False,NONE,1.16,4.66,-0.24,2.74
2026-08-18,2026-08-18T09:20:08.956457,SONACOMS,805.0,815.2,805.0,814.55,3.63,814.55,29.221500000000002,834.2215,775.7785,False,NONE,0.73,7.41,0.04,1.54
2026-08-18,2026-08-18T09:20:08.956457,SRF,2616.9,2635.0,2613.5,2634.5,2.74,2634.5,71.70306000000001,2688.60306,2545.1969400000003,False,NONE,0.35,9.21,0.02,0
2026-08-18,2026-08-18T09:20:08.956457,SUNPHARMA,1896.5,1896.5,1885.8,1891.5,2.06,1891.5,39.0679,1935.5679,1857.4321,False,NONE,-0.07,1.13,0.01,0
2026-08-18,2026-08-18T09:20:08.956457,SUPREMEIND,3594.1,3608.6,3594.1,3608.6,3.14,3608.6,112.85474,3706.95474,3481.2452599999997,False,NONE,0.03,-0.07,0.02,0
2026-08-18,2026-08-18T09:20:08.956457,SUZLON,48.82,49.04,48.68,48.85,3.81,48.85,1.860042,50.680042,46.959958,False,NONE,-0.49,1.17,0.06,0
2026-08-18,2026-08-18T09:20:08.956457,SWIGGY,276.9,276.95,274.6,276.05,4.74,276.05,13.125059999999998,290.02506,263.77493999999996,False,NONE,-0.45,3.95,-0.04,0
2026-08-18,2026-08-18T09:20:08.956457,TATACONSUM,1083.6,1083.6,1072.7,1072.7,2.6,1072.7,28.173599999999997,1111.7736,1055.4263999999998,False,NONE,-0.57,3.56,0.03,0
2026-08-18,2026-08-18T09:20:08.956457,TATAELXSI,3768.5,3768.5,3720.0,3720.0,3.41,3720.0,128.50585,3897.00585,3639.99415,False,NONE,-1.11,0.77,0.0,0
2026-08-18,2026-08-18T09:20:08.956457,TATAPOWER,382.0,382.0,380.75,381.4,2.38,381.4,9.0916,391.09159999999997,372.90840000000003,False,NONE,-0.01,-0.38,-0.03,0
2026-08-18,2026-08-18T09:20:08.956457,TATASTEEL,186.4,186.79,185.75,186.37,2.97,186.37,5.536080000000001,191.93608,180.86392,False,NONE,-0.03,2.64,0.06,0
2026-08-18,2026-08-18T09:20:08.956457,TCS,2305.1,2310.0,2298.7,2301.0,3.08,2301.0,70.99708,2376.09708,2234.10292,False,NONE,-1.02,1.61,0.11,0
2026-08-18,2026-08-18T09:20:08.956457,TECHM,1608.0,1608.0,1596.0,1596.0,2.81,1596.0,45.1848,1653.1848,1562.8152,False,NONE,-1.05,0.44,-0.01,0
2026-08-18,2026-08-18T09:20:08.956457,TIINDIA,2767.1,2810.0,2767.1,2808.0,4.22,2808.0,116.77161999999998,2883.87162,2650.32838,False,NONE,1.72,14.14,-0.05,0
2026-08-18,2026-08-18T09:20:08.956457,TITAN,5070.1,5079.3,5063.4,5074.6,2.37,5074.6,120.16137,5190.26137,4949.938630000001,False,NONE,-0.21,3.28,0.0,0
2026-08-18,2026-08-18T09:20:08.956457,TMPV,331.05,331.75,330.55,330.9,3.04,330.9,10.063920000000001,341.11392,320.98608,False,NONE,-0.18,2.04,0.03,0
2026-08-18,2026-08-18T09:20:08.956457,TORNTPHARM,4917.0,4921.5,4897.0,4913.0,2.66,4913.0,130.7922,5047.7922,4786.2078,False,NONE,-0.15,0.6,-0.02,1.59
2026-08-18,2026-08-18T09:20:08.956457,TRENT,2961.0,2961.6,2947.9,2959.0,3.68,2959.0,108.96480000000001,3069.9648,2852.0352,False,NONE,-0.07,3.76,0.01,0
2026-08-18,2026-08-18T09:20:08.956457,TVSMOTOR,4378.0,4396.9,4359.9,4386.5,2.88,4386.5,126.0864,4504.0864,4251.9136,False,NONE,0.24,1.88,0.05,0
2026-08-18,2026-08-18T09:20:08.956457,ULTRACEMCO,11698.0,11698.0,11622.0,11652.0,2.2,11652.0,257.356,11955.356,11440.644,False,NONE,0,-1.2,-0.01,2.33
2026-08-18,2026-08-18T09:20:08.956457,UNIONBANK,188.9,190.69,188.5,189.0,3.55,189.0,6.7059500000000005,195.60595,182.19405,False,NONE,-0.08,0.29,0.16,1.11
2026-08-18,2026-08-18T09:20:08.956457,UNITDSPR,1547.0,1547.0,1541.2,1541.2,2.54,1541.2,39.293800000000005,1586.2938,1507.7062,False,NONE,-0.28,4.68,0.01,0
2026-08-18,2026-08-18T09:20:08.956457,UNOMINDA,1279.2,1279.2,1266.0,1266.7,3.01,1266.7,38.50392,1317.7039200000002,1240.69608,False,NONE,-0.3,6.19,0.14,0
2026-08-18,2026-08-18T09:20:08.956457,UPL,568.95,570.0,568.05,568.6,2.8,568.6,15.9306,584.8806000000001,553.0194,False,NONE,0.27,-0.24,0.07,0
2026-08-18,2026-08-18T09:20:08.956457,VBL,436.25,437.25,436.05,436.05,3.22,436.05,14.047250000000002,450.29725,422.20275,False,NONE,-0.26,2.89,0.02,0
2026-08-18,2026-08-18T09:20:08.956457,VEDL,269.0,270.75,268.95,269.55,3.65,269.55,9.8185,278.8185,259.1815,False,NONE,-0.44,4.18,0.0,-2.17
2026-08-18,2026-08-18T09:20:08.956457,VMM,106.79,106.87,105.43,105.57,3.68,105.57,3.9298720000000005,110.71987200000001,102.860128,False,NONE,-0.6,10.87,0.02,0
2026-08-18,2026-08-18T09:20:08.956457,VOLTAS,1263.5,1268.0,1256.9,1261.8,3.42,1261.8,43.2117,1306.7117,1220.2883,False,NONE,-0.13,-1.62,0.25,0
2026-08-18,2026-08-18T09:20:08.956457,WAAREEENER,2705.3,2708.3,2702.7,2708.3,3.1,2708.3,83.8643,2789.1643000000004,2621.4357,False,NONE,-0.18,2.12,0.0,0
2026-08-18,2026-08-18T09:20:08.956457,WIPRO,182.0,182.0,179.74,179.74,2.92,179.74,5.314399999999999,187.3144,176.6856,False,NONE,-1.21,1.8,0.17,-1.45
2026-08-18,2026-08-18T09:20:08.956457,YESBANK,22.96,23.01,22.85,22.86,2.93,22.86,0.672728,23.632728,22.287272,False,NONE,-0.52,2.16,-0.01,0
2026-08-18,2026-08-18T09:20:08.956457,ZYDUSLIFE,1142.0,1142.0,1125.3,1132.1,3,1132.1,34.26,1176.26,1107.74,False,NONE,-0.36,1.44,0.06,0
2026-08-18,2026-08-18T09:25:16.356163,360ONE,1176.4,1176.7,1159.0,1159.0,3.57,1159.0,40.11524,1216.5152400000002,1136.28476,False,NONE,-1.62,6.31,-0.04,0
2026-08-18,2026-08-18T09:25:16.356163,ABB,7698.5,7714.5,7676.5,7676.5,3.53,7676.5,277.91585,7976.41585,7420.58415,False,NONE,-0.42,1.86,0.07,0
2026-08-18,2026-08-18T09:25:16.356163,ABCAPITAL,399.4,400.55,396.4,396.6,3.06,396.6,11.86218,411.26218,387.53781999999995,False,NONE,-0.78,3.67,0.1,0
2026-08-18,2026-08-18T09:25:16.356163,ADANIENSOL,1585.1,1601.0,1585.1,1596.0,4.01,1596.0,64.67208,1649.77208,1520.4279199999999,False,NONE,0.55,0.54,0.1,0
2026-08-18,2026-08-18T09:25:16.356163,ADANIENT,3015.0,3024.8,3014.3,3019.7,3.22,3019.7,98.892,3113.892,2916.108,False,NONE,-0.19,-2.67,-0.02,0
2026-08-18,2026-08-18T09:25:16.356163,ADANIGREEN,1328.0,1331.0,1322.1,1324.4,3.77,1324.4,49.2688,1377.2688,1278.7312,False,NONE,-0.41,1.95,-0.13,2.17
2026-08-18,2026-08-18T09:25:16.356163,ADANIPORTS,1692.2,1692.2,1680.3,1683.0,2.69,1683.0,45.85862,1738.05862,1646.34138,False,NONE,-0.57,2.98,0.09,0
2026-08-18,2026-08-18T09:25:16.356163,ADANIPOWER,203.8,205.53,203.8,204.89,4.12,204.89,8.82454,212.62454000000002,194.97546,False,NONE,0.05,0.25,-0.14,2.27
2026-08-18,2026-08-18T09:25:16.356163,ALKEM,5415.5,5454.0,5410.0,5448.0,3.18,5448.0,170.04670000000002,5585.5467,5245.4533,False,NONE,0.63,-2.07,0.04,2.38
2026-08-18,2026-08-18T09:25:16.356163,AMBER,7297.0,7434.5,7278.5,7394.5,3.43,7394.5,251.0168,7548.0168,7045.9832,False,NONE,1.33,4.03,-0.23,12.07
2026-08-18,2026-08-18T09:25:16.356163,AMBUJACEM,415.0,417.2,414.7,415.0,2.24,415.0,9.544999999999998,424.545,405.455,False,NONE,-0.62,2.69,-0.02,0
2026-08-18,2026-08-18T09:25:16.356163,ANGELONE,290.0,292.4,282.45,282.5,4.58,282.5,10.933,300.933,279.067,False,NONE,-3.68,24.18,1.17,-2.13
2026-08-18,2026-08-18T09:25:16.356163,APLAPOLLO,2088.7,2104.1,2088.0,2100.0,2.65,2100.0,51.38201999999999,2140.08202,2037.3179799999998,False,NONE,0.19,5.03,0.05,0
2026-08-18,2026-08-18T09:25:16.356163,APOLLOHOSP,8812.5,8864.5,8805.5,8860.0,2.16,8860.0,187.70625,9000.20625,8624.79375,False,NONE,0.05,3.84,0.02,0
2026-08-18,2026-08-18T09:25:16.356163,ASHOKLEY,176.21,176.99,175.42,176.0,3.46,176.0,6.431665000000001,182.64166500000002,169.778335,False,NONE,-1.27,2.76,0.8,0
2026-08-18,2026-08-18T09:25:16.356163,ASIANPAINT,2660.1,2674.4,2644.0,2656.0,2.56,2656.0,71.02467,2731.1246699999997,2589.07533,False,NONE,-1.53,1.2,0.87,-3.28
2026-08-18,2026-08-18T09:25:16.356163,ASTRAL,1542.2,1552.4,1532.0,1533.5,2.71,1533.5,42.87316,1585.0731600000001,1499.32684,False,NONE,-0.82,-3.63,0.16,0
2026-08-18,2026-08-18T09:25:16.356163,AUBANK,1075.5,1079.0,1072.1,1072.1,2.92,1072.1,31.081950000000003,1106.58195,1044.41805,False,NONE,-0.63,0.83,-0.03,-1.41
2026-08-18,2026-08-18T09:25:16.356163,AUROPHARMA,1637.9,1642.0,1630.6,1642.0,2.99,1642.0,49.62837,1687.52837,1588.2716300000002,False,NONE,0.79,-0.15,-0.04,0
2026-08-18,2026-08-18T09:25:16.356163,AXISBANK,1229.3,1237.5,1227.0,1234.4,2.09,1234.4,26.06116,1255.36116,1203.23884,False,NONE,-0.02,0.77,0.15,1.69
2026-08-18,2026-08-18T09:25:16.356163,BAJAJ-AUTO,11769.0,11769.0,11730.0,11745.0,2.53,11745.0,301.2864,12070.2864,11467.7136,False,NONE,0.04,7.17,0.02,-2.46
2026-08-18,2026-08-18T09:25:16.356163,BAJAJFINSV,2005.0,2023.2,2005.0,2009.3,2.47,2009.3,50.32549999999999,2055.3255,1954.6745,False,NONE,-0.23,2.78,-0.05,0
2026-08-18,2026-08-18T09:25:16.356163,BAJAJHLDNG,11406.0,11406.0,11355.0,11365.0,3.08,11365.0,280.7106,11691.7106,11130.2894,False,NONE,-0.85,-1.82,-0.02,2.74
2026-08-18,2026-08-18T09:25:16.356163,BAJFINANCE,1095.8,1096.4,1093.2,1094.0,2.69,1094.0,29.257859999999997,1125.05786,1066.54214,False,NONE,-0.19,1.62,0.06,0
2026-08-18,2026-08-18T09:25:16.356163,BANDHANBNK,171.85,174.38,170.36,172.7,3.38,172.7,5.825715,177.675715,166.024285,False,NONE,-0.35,93.18,-0.01,0
2026-08-18,2026-08-18T09:25:16.356163,BANKBARODA,247.0,247.87,246.4,246.4,2.96,246.4,7.261799999999999,254.2618,239.7382,False,NONE,-0.62,3.78,0.1,0
2026-08-18,2026-08-18T09:25:16.356163,BANKEX,65514.65,65514.65,65514.65,65514.65,1.6,65514.65,1048.2344,66562.8844,64466.4156,False,NONE,-,-1.57,0.0,-1.89
2026-08-18,2026-08-18T09:25:16.356163,BANKINDIA,143.6,144.8,142.81,142.81,3.1,142.81,5.32756,148.92756,138.27244,False,NONE,-0.66,1.94,0.0,-1.27
2026-08-18,2026-08-18T09:25:16.356163,BANKNIFTY,57595.0,57720.0,57532.0,57547.0,1.42,57547.0,812.0894999999999,58407.0895,56782.9105,False,NONE,-0.5,5.16,0.22,-2.41
2026-08-18,2026-08-18T09:25:16.356163,BDL,1377.1,1392.4,1365.2,1376.5,4.18,1376.5,58.389039999999994,1435.48904,1318.71096,False,NONE,-0.41,-3.29,-0.16,1.82
2026-08-18,2026-08-18T09:25:16.356163,BEL,413.0,413.85,411.75,413.2,2.93,413.2,12.3074,425.3074,400.6926,False,NONE,0.02,-0.04,0.04,0
2026-08-18,2026-08-18T09:25:16.356163,BHARATFORG,2081.1,2101.3,2081.1,2093.1,3.18,2093.1,64.5141,2145.6141,2016.5858999999998,False,NONE,-0.27,1.93,-0.09,2.08
2026-08-18,2026-08-18T09:25:16.356163,BHARTIARTL,1960.1,1960.3,1922.1,1943.0,2.01,1943.0,40.18205,2000.2820499999998,1919.91795,False,NONE,-1.87,11.11,0.74,-8.51
2026-08-18,2026-08-18T09:25:16.356163,BHEL,434.0,434.0,428.65,431.9,4.23,431.9,18.011000000000003,452.011,415.989,False,NONE,-0.29,3.9,1.0,0
2026-08-18,2026-08-18T09:25:16.356163,BIOCON,412.4,415.7,412.4,414.0,3.14,414.0,13.238039999999998,425.63804,399.16195999999997,False,NONE,-0.06,1.87,-0.06,-1.28
2026-08-18,2026-08-18T09:25:16.356163,BLUESTARCO,1519.0,1534.8,1506.0,1507.0,3.56,1507.0,55.8992,1574.8992,1463.1008,False,NONE,-0.32,5.41,-0.41,-2.17
2026-08-18,2026-08-18T09:25:16.356163,BOSCHLTD,47095.0,47470.0,46985.0,47360.0,2.75,47360.0,1351.6264999999999,48446.6265,45743.3735,False,NONE,0.24,3.23,0.13,0.89
2026-08-18,2026-08-18T09:25:16.356163,BPCL,315.0,316.75,315.0,316.7,2.85,316.7,9.2925,324.2925,305.7075,False,NONE,-0.57,3.62,0.27,0
2026-08-18,2026-08-18T09:25:16.356163,BRITANNIA,5471.0,5529.0,5470.5,5519.5,2.23,5519.5,125.2859,5596.2859,5345.7141,False,NONE,-0.25,-2.38,-0.01,3.45
2026-08-18,2026-08-18T09:25:16.356163,BSE,3312.5,3325.0,3232.1,3235.9,4.68,3235.9,139.7875,3452.2875,3172.7125,False,NONE,-3.61,18.79,2.7,0
2026-08-18,2026-08-18T09:25:16.356163,CAMS,774.75,774.8,766.65,766.65,3.08,766.65,23.552400000000002,798.3024,751.1976,False,NONE,-1.55,2.33,0.53,0
2026-08-18,2026-08-18T09:25:16.356163,CANBK,129.6,131.14,129.6,130.0,3.31,130.0,4.3416,133.9416,125.2584,False,NONE,-0.94,1.87,0.01,0
2026-08-18,2026-08-18T09:25:16.356163,CDSL,1363.8,1363.8,1345.0,1345.0,3.22,1345.0,42.14142,1405.9414199999999,1321.65858,False,NONE,-1.1,5.31,0.18,0
2026-08-18,2026-08-18T09:25:16.356163,CGPOWER,899.9,900.7,891.0,895.7,4.09,895.7,36.8959,936.7959,863.0041,False,NONE,-0.23,6.83,0.67,0
2026-08-18,2026-08-18T09:25:16.356163,CHOLAFIN,1880.0,1887.4,1871.3,1875.7,3.18,1875.7,55.46,1935.46,1824.54,False,NONE,-1.09,6.32,0.09,-1.52
2026-08-18,2026-08-18T09:25:16.356163,CIPLA,1434.3,1438.9,1431.1,1436.9,2.26,1436.9,32.55861,1466.85861,1401.74139,False,NONE,0.18,-0.1,-0.02,0
2026-08-18,2026-08-18T09:25:16.356163,COALINDIA,408.35,409.7,408.35,409.4,1.98,409.4,8.167,416.517,400.18300000000005,False,NONE,0.43,0.29,0.01,0
2026-08-18,2026-08-18T09:25:16.356163,COCHINSHIP,1464.7,1476.0,1461.7,1471.4,3.48,1471.4,50.67862,1515.37862,1414.0213800000001,False,NONE,0.42,3.43,0.0,0
2026-08-18,2026-08-18T09:25:16.356163,COFORGE,1795.0,1796.0,1780.4,1792.5,3.28,1792.5,58.876,1853.876,1736.124,False,NONE,-0.74,3.47,0.4,-0.94
2026-08-18,2026-08-18T09:25:16.356163,COLPAL,1949.1,1955.9,1912.2,1923.3,3,1923.3,56.328990000000005,2005.4289899999999,1892.77101,False,NONE,-2.37,15.41,2.06,1.96
2026-08-18,2026-08-18T09:25:16.356163,CONCOR,523.0,523.1,520.65,520.65,3.07,520.65,15.533100000000001,538.5331,507.4669,False,NONE,-0.82,-3.12,0.0,0
2026-08-18,2026-08-18T09:25:16.356163,CROMPTON,245.15,245.75,244.25,244.55,3.37,244.55,7.99189,253.14189000000002,237.15811,False,NONE,-0.59,1.63,0.08,1.82
2026-08-18,2026-08-18T09:25:16.356163,CUMMINSIND,5470.0,5485.0,5463.5,5466.0,3.03,5466.0,172.305,5642.305,5297.695,False,NONE,-0.21,0.92,-0.01,0
2026-08-18,2026-08-18T09:25:16.356163,DABUR,406.5,406.5,405.0,405.25,2.35,405.25,9.593399999999999,416.0934,396.9066,False,NONE,-0.58,6.57,0.04,-1.85
2026-08-18,2026-08-18T09:25:16.356163,DALBHARAT,1858.5,1859.3,1841.1,1842.6,3.08,1842.6,57.79935,1916.29935,1800.70065,False,NONE,-0.25,2.45,0.05,-2.08
2026-08-18,2026-08-18T09:25:16.356163,DELHIVERY,455.05,456.35,454.55,454.55,2.96,454.55,13.74251,468.79251,441.30749000000003,False,NONE,-0.56,-1.21,-0.02,0
2026-08-18,2026-08-18T09:25:16.356163,DIVISLAB,8548.5,8583.0,8501.5,8562.0,2.6,8562.0,225.68040000000002,8774.1804,8322.8196,False,NONE,0.32,5.47,0.23,-1.09
2026-08-18,2026-08-18T09:25:16.356163,DIXON,14140.0,14460.0,14122.0,14380.0,3.99,14380.0,557.116,14697.116,13582.884,False,NONE,2.06,10.8,-0.21,12.77
2026-08-18,2026-08-18T09:25:16.356163,DLF,674.05,674.05,663.5,664.65,3.5,664.65,23.119915000000002,697.169915,650.930085,False,NONE,-1.61,2.35,0.15,-4.48
2026-08-18,2026-08-18T09:25:16.356163,DMART,3960.0,3979.1,3950.1,3963.0,2.79,3963.0,111.67199999999998,4071.672,3848.328,False,NONE,-1.2,3.75,0.02,-1.69
2026-08-18,2026-08-18T09:25:16.356163,DRREDDY,1181.9,1185.2,1177.8,1183.1,2.32,1183.1,26.592750000000002,1208.4927500000001,1155.30725,False,NONE,-0.14,0.59,0.15,0
2026-08-18,2026-08-18T09:25:16.356163,EICHERMOT,8075.0,8093.5,8051.0,8080.0,2.4,8080.0,196.2225,8271.2225,7878.7775,False,NONE,-0.34,3.92,0.07,-1.14
2026-08-18,2026-08-18T09:25:16.356163,ETERNAL,318.0,320.7,317.35,320.3,3.47,320.3,11.161799999999998,329.16179999999997,306.83820000000003,False,NONE,0.31,4.79,0.03,0
2026-08-18,2026-08-18T09:25:16.356163,FEDERALBNK,355.95,357.0,354.7,354.85,2.35,354.85,8.329229999999999,364.27923,347.62077,False,NONE,-0.38,4.34,-0.07,0
2026-08-18,2026-08-18T09:25:16.356163,FINNIFTY,26262.8,26264.3,26225.0,26225.0,1.48,26225.0,391.31572,26654.115719999998,25871.48428,False,NONE,-0.54,7.84,0.0,-6.78
2026-08-18,2026-08-18T09:25:16.356163,FOCIT,37624.0,37640.0,37599.0,37640.0,2.89,37640.0,1087.3336,38711.3336,36536.6664,False,NONE,0,9.62,0.0,0
2026-08-18,2026-08-18T09:25:16.356163,FORCEMOT,18591.0,18719.0,18480.0,18480.0,3.82,18480.0,708.3171000000001,19299.3171,17882.6829,False,NONE,-1.02,10.72,-0.16,0
2026-08-18,2026-08-18T09:25:16.356163,FORTIS,919.95,919.95,911.6,919.0,2.81,919.0,26.86254,946.81254,893.0874600000001,False,NONE,0.46,2.64,0.21,0
2026-08-18,2026-08-18T09:25:16.356163,GAIL,172.01,172.98,172.01,172.94,2.65,172.94,4.455058999999999,176.465059,167.55494099999999,False,NONE,-0.21,1.29,0.0,0
2026-08-18,2026-08-18T09:25:16.356163,GLENMARK,2329.7,2333.0,2322.0,2324.7,2.8,2324.7,67.09535999999999,2396.7953599999996,2262.60464,False,NONE,0,3.12,0.02,1.61
2026-08-18,2026-08-18T09:25:16.356163,GMRAIRPORT,101.71,102.24,101.5,101.65,2.98,101.65,3.1021549999999998,104.81215499999999,98.607845,False,NONE,-0.28,2.08,0.09,-1.67
2026-08-18,2026-08-18T09:25:16.356163,GODFRYPHLP,2138.8,2149.4,2119.9,2119.9,3.73,2119.9,88.11856000000002,2226.91856,2050.6814400000003,False,NONE,-0.43,-1.38,-0.21,-2.33
2026-08-18,2026-08-18T09:25:16.356163,GODREJCP,933.7,933.7,926.1,928.5,3.07,928.5,29.22481,962.9248100000001,904.47519,False,NONE,-0.46,-0.77,0.05,-1.85
2026-08-18,2026-08-18T09:25:16.356163,GODREJPROP,2044.0,2056.0,2008.9,2009.4,3.68,2009.4,75.4236,2119.4236,1968.5764,False,NONE,-2.21,6.08,0.03,-1.72
2026-08-18,2026-08-18T09:25:16.356163,GRASIM,3265.4,3277.9,3265.4,3277.8,2.54,3277.8,84.24732,3349.64732,3181.15268,False,NONE,0.38,0.8,0.01,0
2026-08-18,2026-08-18T09:25:16.356163,GVT&D,4311.0,4311.0,4273.2,4276.0,4.4,4276.0,192.7017,4503.7017,4118.2983,False,NONE,-0.78,2.72,0.11,-1.69
2026-08-18,2026-08-18T09:25:16.356163,HAL,5055.0,5089.9,5045.1,5076.0,3.35,5076.0,167.32049999999998,5222.3205,4887.6795,False,NONE,0.38,5.54,0.29,0
2026-08-18,2026-08-18T09:25:16.356163,HAVELLS,1301.0,1311.0,1301.0,1303.0,2.66,1303.0,33.9561,1334.9561,1267.0439,False,NONE,-0.23,3.19,0.09,-1.92
2026-08-18,2026-08-18T09:25:16.356163,HCLTECH,1320.0,1322.8,1313.0,1317.8,3.17,1317.8,41.448,1361.448,1278.552,False,NONE,-1.2,4.58,-0.01,0
2026-08-18,2026-08-18T09:25:16.356163,HDFCAMC,2528.5,2538.0,2516.0,2516.0,2.9,2516.0,77.3721,2605.8721,2451.1279,False,NONE,-0.73,-0.55,0.07,0
2026-08-18,2026-08-18T09:25:16.356163,HDFCBANK,729.7,729.7,727.15,727.7,2.62,727.7,19.555960000000002,749.2559600000001,710.14404,False,NONE,-0.61,2.16,0.02,0
2026-08-18,2026-08-18T09:25:16.356163,HDFCLIFE,542.0,542.0,539.5,539.65,2.5,539.65,13.495800000000001,555.4958,528.5042,False,NONE,-0.61,3.59,0.03,-1.85
2026-08-18,2026-08-18T09:25:16.356163,HEROMOTOCO,5759.5,5776.0,5721.0,5764.0,2.93,5764.0,170.4812,5929.9812,5589.0188,False,NONE,-0.1,-0.31,0.48,0
2026-08-18,2026-08-18T09:25:16.356163,HINDALCO,1049.45,1050.7,1043.0,1044.35,2.7,1044.35,28.859875000000002,1078.3098750000001,1020.5901250000001,False,NONE,-0.81,1.02,0.15,-3.12
2026-08-18,2026-08-18T09:25:16.356163,HINDPETRO,367.9,370.25,367.0,369.95,3.01,369.95,11.11058,379.01058,356.78941999999995,False,NONE,-0.5,2.68,0.43,-6.78
2026-08-18,2026-08-18T09:25:16.356163,HINDUNILVR,2062.0,2063.0,2046.7,2051.0,2.07,2051.0,44.1268,2106.1268,2017.8732,False,NONE,-0.84,2.38,0.07,0
2026-08-18,2026-08-18T09:25:16.356163,HINDZINC,570.3,570.3,564.75,566.0,3.42,566.0,19.56129,589.8612899999999,550.73871,False,NONE,-0.88,-,-0.01,0
2026-08-18,2026-08-18T09:25:16.356163,HYUNDAI,2180.0,2224.6,2180.0,2207.6,3.29,2207.6,64.31,2244.31,2115.69,False,NONE,0.26,5.22,0.03,1.1
2026-08-18,2026-08-18T09:25:16.356163,ICICIBANK,1413.7,1416.9,1410.9,1416.9,1.98,1416.9,28.274,1441.9740000000002,1385.426,False,NONE,-0.31,2.7,0.04,-1.64
2026-08-18,2026-08-18T09:25:16.356163,ICICIGI,1639.3,1639.3,1628.0,1628.0,2.98,1628.0,39.99892,1679.29892,1599.30108,False,NONE,-0.56,6.96,0.16,0
2026-08-18,2026-08-18T09:25:16.356163,ICICIPRULI,502.4,505.45,502.4,504.8,2.69,504.8,14.067199999999998,516.4671999999999,488.33279999999996,False,NONE,-0.19,1.91,0.04,1.69
2026-08-18,2026-08-18T09:25:16.356163,IDEA,13.6,13.73,13.49,13.61,4.92,13.61,0.63512,14.23512,12.964879999999999,False,NONE,-0.87,-1.26,0.76,-1.54
2026-08-18,2026-08-18T09:25:16.356163,IDFCFIRSTB,85.37,85.64,85.01,85.01,2.72,85.01,2.30499,87.67499000000001,83.06501,False,NONE,-0.6,2.51,0.03,0
2026-08-18,2026-08-18T09:25:16.356163,IEX,125.2,125.88,124.26,124.26,2.89,124.26,3.6934000000000005,128.8934,121.5066,False,NONE,-1.29,5.21,0.0,0
2026-08-18,2026-08-18T09:25:16.356163,INDHOTEL,722.9,722.9,718.1,718.1,2.46,718.1,17.27731,740.17731,705.6226899999999,False,NONE,-0.67,2.76,0.03,-1.49
2026-08-18,2026-08-18T09:25:16.356163,INDIANB,880.0,888.25,879.95,881.45,3.42,881.45,30.448,910.448,849.552,False,NONE,-0.58,1.64,0.27,1.37
2026-08-18,2026-08-18T09:25:16.356163,INDIGO,5180.0,5237.0,5162.5,5221.0,3.22,5221.0,164.206,5344.206,5015.794,False,NONE,-1.68,10.08,0.19,-1.64
2026-08-18,2026-08-18T09:25:16.356163,INDUSINDBK,1013.7,1018.8,1013.1,1018.8,2.74,1018.8,27.97812,1041.67812,985.72188,False,NONE,0.1,2.53,0.0,0
2026-08-18,2026-08-18T09:25:16.356163,INDUSTOWER,380.05,380.05,376.1,377.3,2.78,377.3,10.147335,390.197335,369.902665,False,NONE,-1.04,8.3,0.08,-1.61
2026-08-18,2026-08-18T09:25:16.356163,INFY,1124.3,1133.7,1123.1,1125.0,3.39,1125.0,38.00134,1162.30134,1086.29866,False,NONE,-1.53,10.93,0.45,-1.18
2026-08-18,2026-08-18T09:25:16.356163,INOXWIND,78.31,78.31,76.6,76.6,4.69,76.6,3.594429,81.90442900000001,74.715571,False,NONE,-2.48,1.65,0.41,-6.78
2026-08-18,2026-08-18T09:25:16.356163,IOC,138.75,139.0,138.6,138.77,2.56,138.77,3.621375,142.371375,135.128625,False,NONE,-0.51,-6.96,0.37,-1.19
2026-08-18,2026-08-18T09:25:16.356163,IREDA,115.97,116.0,114.85,114.86,3.2,114.86,3.548682,119.518682,112.421318,False,NONE,-0.93,2.31,0.13,-1.64
2026-08-18,2026-08-18T09:25:16.356163,IRFC,87.34,87.5,86.6,86.68,2.97,86.68,2.672604,90.01260400000001,84.667396,False,NONE,-0.77,-0.19,0.03,0
2026-08-18,2026-08-18T09:25:16.356163,ITC,273.4,273.8,273.0,273.3,2.05,273.3,5.55002,278.95002,267.84997999999996,False,NONE,-0.16,3.73,0.03,0
2026-08-18,2026-08-18T09:25:16.356163,JINDALSTEL,1114.0,1116.1,1110.6,1111.4,2.79,1111.4,30.300800000000002,1144.3008,1083.6992,False,NONE,-0.42,0.37,0.04,0
2026-08-18,2026-08-18T09:25:16.356163,JIOFIN,248.5,248.7,246.7,246.75,3.32,246.75,8.299900000000001,256.7999,240.2001,False,NONE,-1.18,-0.1,0.24,0
2026-08-18,2026-08-18T09:25:16.356163,JSWENERGY,556.9,557.2,554.9,555.0,2.58,555.0,14.702160000000001,571.60216,542.1978399999999,False,NONE,-0.27,-1.34,0.07,0
2026-08-18,2026-08-18T09:25:16.356163,JSWSTEEL,1280.3,1285.0,1280.3,1284.9,2.7,1284.9,35.720369999999996,1316.02037,1244.57963,False,NONE,0.05,5.1,0.05,1.25
2026-08-18,2026-08-18T09:25:16.356163,JUBLFOOD,505.6,505.9,503.05,504.0,3.24,504.0,16.98816,522.58816,488.61184000000003,False,NONE,-0.68,-3.26,0.19,3.03
2026-08-18,2026-08-18T09:25:16.356163,KALYANKJIL,613.45,613.45,610.5,612.0,5.36,612.0,32.083435,645.533435,581.366565,False,NONE,-0.18,4.45,-0.14,0
2026-08-18,2026-08-18T09:25:16.356163,KAYNES,3674.4,3714.1,3658.4,3709.0,5.33,3709.0,201.72456000000003,3876.12456,3472.67544,False,NONE,1.35,-1.52,0.28,1.41
2026-08-18,2026-08-18T09:25:16.356163,KEI,5900.0,5908.0,5839.0,5839.0,3.31,5839.0,198.83,6098.83,5701.17,False,NONE,-0.26,4.52,0.52,1.1
2026-08-18,2026-08-18T09:25:16.356163,KFINTECH,968.8,968.8,946.1,946.1,3.89,946.1,38.07384,1006.87384,930.7261599999999,False,NONE,-1.75,0.94,0.79,2.13
2026-08-18,2026-08-18T09:25:16.356163,KOTAKBANK,392.4,393.8,392.1,392.4,2.23,392.4,8.279639999999999,400.67963999999995,384.12036,False,NONE,-0.71,7.62,0.02,0
2026-08-18,2026-08-18T09:25:16.356163,KPITTECH,614.45,614.45,602.45,603.8,3.69,603.8,22.673205000000003,637.1232050000001,591.776795,False,NONE,-0.86,0.62,0.19,2
2026-08-18,2026-08-18T09:25:16.356163,LAURUSLABS,1806.1,1814.9,1806.0,1811.1,3.07,1811.1,57.25337,1863.3533699999998,1748.84663,False,NONE,0.11,1.27,0.05,0
2026-08-18,2026-08-18T09:25:16.356163,LICHSGFIN,491.3,491.3,488.1,488.35,2.36,488.35,11.742070000000002,503.04207,479.55793,False,NONE,-0.69,2.66,-0.03,0
2026-08-18,2026-08-18T09:25:16.356163,LICI,411.95,412.8,411.95,412.8,4.85,412.8,20.061965,432.011965,391.888035,False,NONE,0.05,1.4,0.0,0
2026-08-18,2026-08-18T09:25:16.356163,LODHA,1255.0,1257.4,1235.6,1236.1,3.93,1236.1,49.196000000000005,1304.196,1205.804,False,NONE,-1.37,-0.91,0.13,0
2026-08-18,2026-08-18T09:25:16.356163,LT,4060.0,4070.0,4053.9,4063.0,2,4063.0,88.914,4148.914,3971.086,False,NONE,-0.37,-1.72,0.09,0
2026-08-18,2026-08-18T09:25:16.356163,LTF,313.2,314.95,310.5,310.75,3.75,310.75,11.901599999999998,325.10159999999996,301.2984,False,NONE,-1.49,0.51,0.07,1.43
2026-08-18,2026-08-18T09:25:16.356163,LTM,4615.0,4643.8,4601.1,4614.4,4.03,4614.4,185.06149999999997,4800.0615,4429.9385,False,NONE,-1.56,6.93,1.24,0
2026-08-18,2026-08-18T09:25:16.356163,LUPIN,2260.0,2260.0,2233.5,2245.9,2.51,2245.9,58.76,2318.76,2201.24,False,NONE,-0.72,1.87,0.35,2.17
2026-08-18,2026-08-18T09:25:16.356163,M&M,3401.0,3415.0,3392.3,3413.1,2.63,3413.1,89.78640000000001,3490.7864,3311.2136,False,NONE,0.04,2.38,0.0,0
2026-08-18,2026-08-18T09:25:16.356163,MANAPPURAM,349.85,351.45,346.6,347.25,4.15,347.25,12.979435,362.82943500000005,336.870565,False,NONE,-0.4,-35.92,-0.01,0
2026-08-18,2026-08-18T09:25:16.356163,MANKIND,2375.0,2403.6,2373.0,2382.0,2.58,2382.0,61.5125,2436.5125,2313.4875,False,NONE,-0.49,2.22,0.1,-1.67
2026-08-18,2026-08-18T09:25:16.356163,MARICO,858.85,858.85,851.5,854.05,2.31,854.05,19.839435,878.689435,839.010565,False,NONE,-0.25,0.69,0.05,-1.64
2026-08-18,2026-08-18T09:25:16.356163,MARUTI,13775.0,13870.0,13775.0,13868.0,2.42,13868.0,334.7325,14109.7325,13440.2675,False,NONE,0.12,0.14,0.13,-2.63
2026-08-18,2026-08-18T09:25:16.356163,MAXHEALTH,1001.0,1004.0,984.1,1002.7,3.38,1002.7,35.035,1036.035,965.965,False,NONE,0.03,-0.56,0.22,2
2026-08-18,2026-08-18T09:25:16.356163,MAZDOCK,2566.5,2583.8,2559.7,2564.7,3.77,2564.7,98.04029999999999,2664.5403,2468.4597,False,NONE,-0.28,1.96,-0.05,-2.08
2026-08-18,2026-08-18T09:25:16.356163,MCX,2959.9,2967.0,2923.2,2923.2,3.67,2923.2,112.77219000000001,3072.6721900000002,2847.12781,False,NONE,-1.19,3.3,0.21,-1.16
2026-08-18,2026-08-18T09:25:16.356163,MFSL,1564.9,1567.9,1551.8,1551.8,3.08,1551.8,47.259980000000006,1612.1599800000001,1517.64002,False,NONE,-0.86,1.69,0.03,-2.04
2026-08-18,2026-08-18T09:25:16.356163,MIDCPNIFTY,14979.0,14979.0,14926.0,14926.0,1.32,14926.0,203.7144,15182.7144,14775.2856,False,NONE,-0.55,1.38,-0.11,-1.96
2026-08-18,2026-08-18T09:25:16.356163,MOTHERSON,168.5,170.9,168.5,169.4,3.42,169.4,5.560499999999999,174.0605,162.9395,False,NONE,0.15,15.16,-0.19,-3.64
2026-08-18,2026-08-18T09:25:16.356163,MOTILALOFS,955.85,963.9,947.35,947.35,3.45,947.35,34.02826,989.8782600000001,921.82174,False,NONE,-1.38,-0.79,0.07,-3.45
2026-08-18,2026-08-18T09:25:16.356163,MPHASIS,2518.9,2518.9,2480.2,2483.1,3.66,2483.1,99.24466000000001,2618.14466,2419.6553400000003,False,NONE,-0.91,8.45,0.13,0
2026-08-18,2026-08-18T09:25:16.356163,MUTHOOTFIN,2909.4,2910.0,2882.7,2882.7,3.3,2882.7,90.48234000000001,2999.88234,2818.91766,False,NONE,-0.84,8.56,-0.09,0
2026-08-18,2026-08-18T09:25:16.356163,NAM-INDIA,1192.1,1199.9,1181.9,1181.9,3.67,1181.9,46.73031999999999,1238.8303199999998,1145.36968,False,NONE,-1.6,-3.27,0.08,-2.56
2026-08-18,2026-08-18T09:25:16.356163,NATIONALUM,386.0,389.45,386.0,387.65,4.01,387.65,15.748800000000001,401.7488,370.2512,False,NONE,-0.54,1.55,0.04,0
2026-08-18,2026-08-18T09:25:16.356163,NAUKRI,1352.2,1357.9,1326.8,1356.1,3.32,1356.1,46.6509,1398.8509000000001,1305.5491,False,NONE,-0.46,2.49,0.16,-1.47
2026-08-18,2026-08-18T09:25:16.356163,NBCC,90.1,90.1,89.16,89.16,3.7,89.16,3.2075599999999995,93.30756,86.89244,False,NONE,-1.1,1.87,0.08,0
2026-08-18,2026-08-18T09:25:16.356163,NESTLEIND,1481.4,1481.4,1472.2,1475.1,2.47,1475.1,36.886860000000006,1518.2868600000002,1444.51314,False,NONE,-0.18,-2.54,0.04,2
2026-08-18,2026-08-18T09:25:16.356163,NHPC,75.92,76.59,75.89,76.18,2.6,76.18,1.966328,77.886328,73.953672,False,NONE,-0.61,-5.59,0.1,0
2026-08-18,2026-08-18T09:25:16.356163,NIFTY,24301.0,24304.5,24273.0,24279.9,0.34,24279.9,85.0535,24386.0535,24215.9465,False,NONE,-0.46,2.28,0.32,-4.04
2026-08-18,2026-08-18T09:25:16.356163,NIFTYFPI,1586.0,1596.9,1584.15,1596.0,-,1596.0,,,,False,NONE,0,-,-20.0,-
2026-08-18,2026-08-18T09:25:16.356163,NIFTYNXT50,74362.0,74449.8,74362.0,74449.8,1.88,74449.8,1396.84376,75697.04376,72903.35624,False,NONE,-0.16,-,0.0,-0.88
2026-08-18,2026-08-18T09:25:16.356163,NMDC,84.99,85.48,84.24,84.24,3.14,84.24,2.7621749999999996,87.752175,82.227825,False,NONE,-1.44,1.79,-0.02,-3.39
2026-08-18,2026-08-18T09:25:16.356163,NTPC,337.95,339.25,337.6,339.1,2.26,339.1,7.874235,345.824235,330.075765,False,NONE,0.28,0.3,0.04,0
2026-08-18,2026-08-18T09:25:16.356163,NYKAA,327.35,329.35,327.35,328.25,2.93,328.25,9.75503,337.10503,317.59497000000005,False,NONE,-0.2,1.57,-0.01,-2.5
2026-08-18,2026-08-18T09:25:16.356163,OBEROIRLTY,1950.0,1963.8,1886.9,1888.4,4.06,1888.4,79.94999999999999,2029.95,1870.05,False,NONE,-2.59,-1.26,0.2,-6.67
2026-08-18,2026-08-18T09:25:16.356163,OFSS,11800.0,11800.0,11715.0,11729.0,4.19,11729.0,492.06,12292.06,11307.94,False,NONE,-0.63,0.86,0.13,0
2026-08-18,2026-08-18T09:25:16.356163,OIL,481.95,484.65,481.0,484.6,3.71,484.6,17.880345,499.83034499999997,464.069655,False,NONE,1.5,5.53,0.38,-5
2026-08-18,2026-08-18T09:25:16.356163,ONGC,239.92,241.32,239.92,240.95,2.4,240.95,5.830056,245.750056,234.08994399999997,False,NONE,0.46,7.16,0.47,0
2026-08-18,2026-08-18T09:25:16.356163,PAGEIND,37215.0,37215.0,36915.0,37015.0,3.19,37015.0,1220.652,38435.652,35994.348,False,NONE,-0.92,-2.81,0.06,-8.89
2026-08-18,2026-08-18T09:25:16.356163,PATANJALI,352.05,352.55,348.9,350.0,3.84,350.0,13.342695,365.392695,338.707305,False,NONE,-0.72,2.07,0.22,0
2026-08-18,2026-08-18T09:25:16.356163,PAYTM,1589.4,1599.9,1559.0,1564.5,3.81,1564.5,59.76144,1649.16144,1529.63856,False,NONE,-1.57,12.22,1.55,-5.38
2026-08-18,2026-08-18T09:25:16.356163,PERSISTENT,5542.0,5558.5,5516.0,5541.0,3.71,5541.0,207.2708,5749.2708,5334.7292,False,NONE,-0.63,2.22,0.28,0
2026-08-18,2026-08-18T09:25:16.356163,PETRONET,283.1,285.05,282.9,283.25,2.44,283.25,6.90764,290.00764000000004,276.19236,False,NONE,-0.11,3.63,0.01,0
2026-08-18,2026-08-18T09:25:16.356163,PFC,376.15,377.5,375.65,376.4,2.52,376.4,9.591824999999998,385.74182499999995,366.558175,False,NONE,-0.15,0.9,0.14,0
2026-08-18,2026-08-18T09:25:16.356163,PGEL,608.05,615.0,605.0,605.0,4.41,605.0,26.632589999999997,634.68259,581.4174099999999,False,NONE,-0.33,4.71,-0.18,1.59
2026-08-18,2026-08-18T09:25:16.356163,PHOENIXLTD,1942.1,1942.1,1912.9,1915.2,2.92,1915.2,53.60195999999999,1995.7019599999999,1888.49804,False,NONE,-1.28,5.67,0.07,0
2026-08-18,2026-08-18T09:25:16.356163,PIDILITIND,1668.0,1672.2,1666.2,1666.2,2.26,1666.2,38.364,1706.364,1629.636,False,NONE,-0.7,-0.4,-0.01,1.64
2026-08-18,2026-08-18T09:25:16.356163,PIIND,2482.0,2483.9,2472.1,2472.1,3.25,2472.1,83.8916,2565.8916,2398.1084,False,NONE,-0.33,4.97,0.02,-2.13
2026-08-18,2026-08-18T09:25:16.356163,PNB,117.03,118.14,117.03,117.04,3.05,117.04,3.6981480000000007,120.728148,113.331852,False,NONE,-0.7,0.07,0.06,0
2026-08-18,2026-08-18T09:25:16.356163,PNBHOUSING,1149.6,1149.6,1132.1,1132.1,3.3,1132.1,38.05176,1187.65176,1111.5482399999999,False,NONE,-1.51,1.08,-0.18,-1.79
2026-08-18,2026-08-18T09:25:16.356163,POLICYBZR,1754.0,1754.0,1724.6,1737.9,3.47,1737.9,68.93220000000001,1822.9322,1685.0678,False,NONE,0.08,1.72,0.09,0
2026-08-18,2026-08-18T09:25:16.356163,POLYCAB,9380.0,9380.0,9302.0,9319.5,3.02,9319.5,288.904,9668.904,9091.096,False,NONE,-0.29,8.79,0.04,0
2026-08-18,2026-08-18T09:25:16.356163,POWERGRID,266.7,267.9,266.7,267.55,2.18,267.55,5.92074,272.62074,260.77925999999997,False,NONE,0.06,-0.97,0.0,0
2026-08-18,2026-08-18T09:25:16.356163,POWERINDIA,35505.0,35595.0,35320.0,35350.0,4.13,35350.0,1434.402,36939.402,34070.598,False,NONE,-0.92,5.84,0.02,0
2026-08-18,2026-08-18T09:25:16.356163,PREMIERENE,1023.0,1029.0,1021.5,1021.5,3.57,1021.5,36.5211,1059.5211,986.4789,False,NONE,0.28,-0.94,-0.09,3.03
2026-08-18,2026-08-18T09:25:16.356163,PRESTIGE,1597.6,1597.6,1574.0,1574.3,3.34,1574.3,52.24152,1649.84152,1545.3584799999999,False,NONE,-1.46,-0.77,0.13,-1.49
2026-08-18,2026-08-18T09:25:16.356163,RADICO,4695.7,4715.0,4675.4,4693.0,3.35,4693.0,155.89723999999998,4851.59724,4539.80276,False,NONE,0.44,1.54,1.01,0
2026-08-18,2026-08-18T09:25:16.356163,RBLBANK,381.1,384.0,380.0,380.0,3.16,380.0,12.766850000000002,393.86685,368.33315000000005,False,NONE,-0.71,0.25,0.05,-1.52
2026-08-18,2026-08-18T09:25:16.356163,RECLTD,339.1,340.8,338.6,339.65,2.47,339.65,8.24013,347.34013000000004,330.85987,False,NONE,0.03,1.57,0.13,0
2026-08-18,2026-08-18T09:25:16.356163,RELIANCE,1317.0,1320.5,1314.7,1320.3,2.01,1320.3,27.657000000000004,1344.657,1289.343,False,NONE,-0.13,1.37,0.08,1.64
2026-08-18,2026-08-18T09:25:16.356163,RVNL,227.44,228.01,226.32,226.32,3.25,226.32,7.84668,235.28668,219.59332,False,NONE,-1.17,0.39,0.01,1.96
2026-08-18,2026-08-18T09:25:16.356163,SAIL,174.92,174.92,173.0,173.83,6.23,173.83,10.949992,185.869992,163.97000799999998,False,NONE,0.36,-27.64,-0.02,0
2026-08-18,2026-08-18T09:25:16.356163,SBICARD,640.45,640.45,629.75,629.85,3.1,629.85,19.98204,660.43204,620.4679600000001,False,NONE,-1.41,5.31,0.06,0
2026-08-18,2026-08-18T09:25:16.356163,SBILIFE,1794.4,1796.2,1786.0,1786.0,2.28,1786.0,43.42448,1837.82448,1750.9755200000002,False,NONE,-0.58,0.82,0.12,-1.92
2026-08-18,2026-08-18T09:25:16.356163,SBIN,1062.0,1069.0,1062.0,1064.2,2.51,1064.2,27.2934,1089.2934,1034.7066,False,NONE,-0.31,-1.38,-0.15,0
2026-08-18,2026-08-18T09:25:16.356163,SENSEX,77768.0,77925.85,77700.0,77711.95,0.76,77711.95,583.26,78351.26,77184.74,False,NONE,-0.45,2.74,1.29,-6.48
2026-08-18,2026-08-18T09:25:16.356163,SHREECEM,24490.0,24810.0,24490.0,24665.0,2.51,24665.0,685.72,25175.72,23804.28,False,NONE,-0.18,-1.98,0.1,2.22
2026-08-18,2026-08-18T09:25:16.356163,SHRIRAMFIN,1116.1,1126.6,1116.1,1120.7,3.32,1120.7,37.38935,1153.4893499999998,1078.71065,False,NONE,-0.69,3.88,0.04,0
2026-08-18,2026-08-18T09:25:16.356163,SIEMENS,3955.3,3990.0,3950.1,3956.9,3.34,3956.9,133.29361,4088.5936100000004,3822.00639,False,NONE,-0.27,3.67,-0.05,0
2026-08-18,2026-08-18T09:25:16.356163,SOLARINDS,20000.0,20350.0,20000.0,20306.0,3.94,20306.0,774.0,20774.0,19226.0,False,NONE,1.22,6.64,-0.23,9.59
2026-08-18,2026-08-18T09:25:16.356163,SONACOMS,805.0,817.9,805.0,817.0,3.64,817.0,29.221500000000002,834.2215,775.7785,False,NONE,1.03,8.15,0.02,1.54
2026-08-18,2026-08-18T09:25:16.356163,SRF,2616.9,2637.6,2613.5,2636.2,2.63,2636.2,71.70306000000001,2688.60306,2545.1969400000003,False,NONE,0.41,4.76,0.03,0
2026-08-18,2026-08-18T09:25:16.356163,SUNPHARMA,1896.5,1896.5,1885.8,1894.6,2.01,1894.6,39.0679,1935.5679,1857.4321,False,NONE,0.1,-0.17,0.04,0
2026-08-18,2026-08-18T09:25:16.356163,SUPREMEIND,3594.1,3613.3,3594.1,3606.3,3.1,3606.3,112.85474,3706.95474,3481.2452599999997,False,NONE,-0.03,-0.29,0.0,1.75
2026-08-18,2026-08-18T09:25:16.356163,SUZLON,48.82,49.04,48.66,48.8,3.85,48.8,1.860042,50.680042,46.959958,False,NONE,-0.59,2.04,0.07,0
2026-08-18,2026-08-18T09:25:16.356163,SWIGGY,276.9,276.95,274.6,276.2,4.65,276.2,13.125059999999998,290.02506,263.77493999999996,False,NONE,-0.4,1.95,0.06,0
2026-08-18,2026-08-18T09:25:16.356163,TATACONSUM,1083.6,1083.6,1072.7,1073.9,2.59,1073.9,28.173599999999997,1111.7736,1055.4263999999998,False,NONE,-0.45,0.79,0.03,0
2026-08-18,2026-08-18T09:25:16.356163,TATAELXSI,3768.5,3768.5,3708.6,3708.6,3.44,3708.6,128.50585,3897.00585,3639.99415,False,NONE,-1.42,2.07,0.03,0
2026-08-18,2026-08-18T09:25:16.356163,TATAPOWER,382.0,382.0,380.45,380.45,2.33,380.45,9.0916,391.09159999999997,372.90840000000003,False,NONE,-0.26,-2.13,-0.01,0
2026-08-18,2026-08-18T09:25:16.356163,TATASTEEL,186.4,186.79,185.75,186.66,2.93,186.66,5.536080000000001,191.93608,180.86392,False,NONE,0.12,1.22,0.1,0
2026-08-18,2026-08-18T09:25:16.356163,TCS,2305.1,2310.0,2297.3,2300.6,3.03,2300.6,70.99708,2376.09708,2234.10292,False,NONE,-1.04,0.94,0.17,0
2026-08-18,2026-08-18T09:25:16.356163,TECHM,1608.0,1608.0,1595.0,1598.0,2.85,1598.0,45.1848,1653.1848,1562.8152,False,NONE,-0.92,1.77,-0.14,0
2026-08-18,2026-08-18T09:25:16.356163,TIINDIA,2767.1,2837.5,2767.1,2832.3,4.45,2832.3,116.77161999999998,2883.87162,2650.32838,False,NONE,2.6,19.62,-0.2,-8.51
2026-08-18,2026-08-18T09:25:16.356163,TITAN,5070.1,5089.0,5063.4,5077.0,2.36,5077.0,120.16137,5190.26137,4949.938630000001,False,NONE,-0.17,2.83,-0.04,0
2026-08-18,2026-08-18T09:25:16.356163,TMPV,331.05,332.15,330.55,331.0,3,331.0,10.063920000000001,341.11392,320.98608,False,NONE,-0.15,0.72,0.14,0
2026-08-18,2026-08-18T09:25:16.356163,TORNTPHARM,4917.0,4924.5,4897.0,4924.5,2.7,4924.5,130.7922,5047.7922,4786.2078,False,NONE,0.08,1.41,-0.03,1.59
2026-08-18,2026-08-18T09:25:16.356163,TRENT,2961.0,2961.6,2942.2,2943.7,3.36,2943.7,108.96480000000001,3069.9648,2852.0352,False,NONE,-0.59,-0.7,0.1,0
2026-08-18,2026-08-18T09:25:16.356163,TVSMOTOR,4378.0,4396.9,4359.9,4391.1,2.83,4391.1,126.0864,4504.0864,4251.9136,False,NONE,0.34,0.12,0.12,2.35
2026-08-18,2026-08-18T09:25:16.356163,ULTRACEMCO,11698.0,11698.0,11618.0,11618.0,2.25,11618.0,257.356,11955.356,11440.644,False,NONE,-0.29,-0.35,-0.01,0
2026-08-18,2026-08-18T09:25:16.356163,UNIONBANK,188.9,190.69,187.25,187.25,3.6,187.25,6.7059500000000005,195.60595,182.19405,False,NONE,-1,2.53,0.25,1.11
2026-08-18,2026-08-18T09:25:16.356163,UNITDSPR,1547.0,1547.0,1540.4,1541.0,2.46,1541.0,39.293800000000005,1586.2938,1507.7062,False,NONE,-0.29,1.06,0.01,1.61
2026-08-18,2026-08-18T09:25:16.356163,UNOMINDA,1279.2,1279.2,1266.0,1270.6,3.07,1270.6,38.50392,1317.7039200000002,1240.69608,False,NONE,0.01,5.79,0.16,0
2026-08-18,2026-08-18T09:25:16.356163,UPL,568.95,570.0,566.6,567.1,2.87,567.1,15.9306,584.8806000000001,553.0194,False,NONE,0.01,1.82,0.14,0
2026-08-18,2026-08-18T09:25:16.356163,VBL,436.25,438.1,436.05,437.15,3.14,437.15,14.047250000000002,450.29725,422.20275,False,NONE,-0.01,1.78,0.03,0
2026-08-18,2026-08-18T09:25:16.356163,VEDL,269.0,270.75,268.75,268.75,3.57,268.75,9.8185,278.8185,259.1815,False,NONE,-0.74,1.19,-0.01,0
2026-08-18,2026-08-18T09:25:16.356163,VMM,106.79,106.87,105.43,105.77,3.54,105.77,3.9298720000000005,110.71987200000001,102.860128,False,NONE,-0.41,-0.1,0.03,0
2026-08-18,2026-08-18T09:25:16.356163,VOLTAS,1263.5,1272.9,1256.9,1258.1,3.52,1258.1,43.2117,1306.7117,1220.2883,False,NONE,-0.43,1.16,0.4,2.13
2026-08-18,2026-08-18T09:25:16.356163,WAAREEENER,2705.3,2719.9,2700.0,2700.0,3.08,2700.0,83.8643,2789.1643000000004,2621.4357,False,NONE,-0.48,1.64,0.01,-1.79
2026-08-18,2026-08-18T09:25:16.356163,WIPRO,182.0,182.0,179.68,179.9,2.95,179.9,5.314399999999999,187.3144,176.6856,False,NONE,-1.12,2.82,0.36,-2.9
2026-08-18,2026-08-18T09:25:16.356163,YESBANK,22.96,23.01,22.77,22.8,2.98,22.8,0.672728,23.632728,22.287272,False,NONE,-0.78,2.28,0.07,0
2026-08-18,2026-08-18T09:25:16.356163,ZYDUSLIFE,1142.0,1143.6,1125.3,1143.6,3.01,1143.6,34.26,1176.26,1107.74,False,NONE,0.65,1.56,0.04,0
2026-08-18,2026-08-18T09:30:23.662454,360ONE,1176.4,1176.7,1156.0,1158.1,3.52,1158.1,40.11524,1216.5152400000002,1136.28476,False,NONE,-1.7,4.76,-0.09,-1.92
2026-08-18,2026-08-18T09:30:23.662454,ABB,7698.5,7714.5,7672.5,7707.5,3.51,7707.5,277.91585,7976.41585,7420.58415,False,NONE,-0.01,1.6,0.05,0
2026-08-18,2026-08-18T09:30:23.662454,ABCAPITAL,399.4,400.55,395.5,395.75,3.01,395.75,11.86218,411.26218,387.53781999999995,False,NONE,-0.99,2.18,0.36,0
2026-08-18,2026-08-18T09:30:23.662454,ADANIENSOL,1585.1,1601.0,1585.1,1596.5,3.93,1596.5,64.67208,1649.77208,1520.4279199999999,False,NONE,0.59,-1.22,0.12,0
2026-08-18,2026-08-18T09:30:23.662454,ADANIENT,3015.0,3024.8,3014.3,3022.5,3.19,3022.5,98.892,3113.892,2916.108,False,NONE,-0.1,-1.8,-0.03,0
2026-08-18,2026-08-18T09:30:23.662454,ADANIGREEN,1328.0,1331.0,1319.8,1320.0,3.72,1320.0,49.2688,1377.2688,1278.7312,False,NONE,-0.74,0.61,-0.17,2.17
2026-08-18,2026-08-18T09:30:23.662454,ADANIPORTS,1692.2,1692.2,1680.3,1682.6,2.71,1682.6,45.85862,1738.05862,1646.34138,False,NONE,-0.59,3.84,0.07,0
2026-08-18,2026-08-18T09:30:23.662454,ADANIPOWER,203.8,205.53,203.8,204.95,4.04,204.95,8.82454,212.62454000000002,194.97546,False,NONE,0.08,-0.52,-0.19,2.27
2026-08-18,2026-08-18T09:30:23.662454,ALKEM,5415.5,5472.5,5410.0,5466.5,2.78,5466.5,170.04670000000002,5585.5467,5245.4533,False,NONE,0.97,1.99,0.01,4.76
2026-08-18,2026-08-18T09:30:23.662454,AMBER,7297.0,7434.5,7278.5,7370.0,3.45,7370.0,251.0168,7548.0168,7045.9832,False,NONE,0.99,3.96,-0.18,8.62
2026-08-18,2026-08-18T09:30:23.662454,AMBUJACEM,415.0,417.2,414.2,415.0,2.41,415.0,9.544999999999998,424.545,405.455,False,NONE,-0.62,0.99,-0.02,0
2026-08-18,2026-08-18T09:30:23.662454,ANGELONE,290.0,292.4,281.7,285.1,4.32,285.1,10.933,300.933,279.067,False,NONE,-2.8,18.47,2.23,2.13
2026-08-18,2026-08-18T09:30:23.662454,APLAPOLLO,2088.7,2104.1,2088.0,2092.7,2.61,2092.7,51.38201999999999,2140.08202,2037.3179799999998,False,NONE,-0.16,2.67,0.05,-1.43
2026-08-18,2026-08-18T09:30:23.662454,APOLLOHOSP,8812.5,8874.0,8805.5,8867.5,2.16,8867.5,187.70625,9000.20625,8624.79375,False,NONE,0.14,4.5,0.03,0
2026-08-18,2026-08-18T09:30:23.662454,ASHOKLEY,176.21,176.99,175.42,175.95,3.52,175.95,6.431665000000001,182.64166500000002,169.778335,False,NONE,-1.3,4.4,0.71,-1.47
2026-08-18,2026-08-18T09:30:23.662454,ASIANPAINT,2660.1,2674.4,2644.0,2662.3,2.51,2662.3,71.02467,2731.1246699999997,2589.07533,False,NONE,-1.3,-0.62,0.8,-3.28
2026-08-18,2026-08-18T09:30:23.662454,ASTRAL,1542.2,1552.4,1532.0,1533.2,2.74,1533.2,42.87316,1585.0731600000001,1499.32684,False,NONE,-0.84,-2.58,0.16,0
2026-08-18,2026-08-18T09:30:23.662454,AUBANK,1075.5,1079.0,1070.3,1070.8,2.97,1070.8,31.081950000000003,1106.58195,1044.41805,False,NONE,-0.75,1.51,0.01,-2.82
2026-08-18,2026-08-18T09:30:23.662454,AUROPHARMA,1637.9,1645.0,1630.6,1642.6,3,1642.6,49.62837,1687.52837,1588.2716300000002,False,NONE,0.83,0.08,-0.02,1.67
2026-08-18,2026-08-18T09:30:23.662454,AXISBANK,1229.3,1237.5,1227.0,1235.1,2.09,1235.1,26.06116,1255.36116,1203.23884,False,NONE,0.03,0.83,0.18,1.69
2026-08-18,2026-08-18T09:30:23.662454,BAJAJ-AUTO,11769.0,11769.0,11730.0,11763.0,2.51,11763.0,301.2864,12070.2864,11467.7136,False,NONE,0.2,5.97,-0.01,-2.46
2026-08-18,2026-08-18T09:30:23.662454,BAJAJFINSV,2005.0,2023.2,2005.0,2007.6,2.49,2007.6,50.32549999999999,2055.3255,1954.6745,False,NONE,-0.32,2.73,0.0,0
2026-08-18,2026-08-18T09:30:23.662454,BAJAJHLDNG,11406.0,11406.0,11337.0,11347.0,2.35,11347.0,280.7106,11691.7106,11130.2894,False,NONE,-1.01,1.14,-0.07,2.74
2026-08-18,2026-08-18T09:30:23.662454,BAJFINANCE,1095.8,1096.4,1093.2,1095.2,2.74,1095.2,29.257859999999997,1125.05786,1066.54214,False,NONE,-0.08,3.33,0.03,1.32
2026-08-18,2026-08-18T09:30:23.662454,BANDHANBNK,171.85,174.38,170.36,172.7,3.39,172.7,5.825715,177.675715,166.024285,False,NONE,-0.35,155.26,-0.01,0
2026-08-18,2026-08-18T09:30:23.662454,BANKBARODA,247.0,247.87,245.9,246.01,2.96,246.01,7.261799999999999,254.2618,239.7382,False,NONE,-0.77,4.46,0.09,0
2026-08-18,2026-08-18T09:30:23.662454,BANKEX,65514.65,65514.65,65514.65,65514.65,1.95,65514.65,1048.2344,66562.8844,64466.4156,False,NONE,-,-5.98,0.0,-2.83
2026-08-18,2026-08-18T09:30:23.662454,BANKINDIA,143.6,144.8,142.72,142.82,3.48,142.82,5.32756,148.92756,138.27244,False,NONE,-0.65,4.57,0.01,-1.27
2026-08-18,2026-08-18T09:30:23.662454,BANKNIFTY,57595.0,57720.0,57515.0,57515.0,1.42,57515.0,812.0894999999999,58407.0895,56782.9105,False,NONE,-0.55,5.16,0.52,-4.82
2026-08-18,2026-08-18T09:30:23.662454,BDL,1377.1,1392.4,1365.2,1382.0,4.12,1382.0,58.389039999999994,1435.48904,1318.71096,False,NONE,-0.01,-4.44,-0.24,0
2026-08-18,2026-08-18T09:30:23.662454,BEL,413.0,415.25,411.75,414.8,2.9,414.8,12.3074,425.3074,400.6926,False,NONE,0.41,0.35,0.12,0
2026-08-18,2026-08-18T09:30:23.662454,BHARATFORG,2081.1,2101.3,2081.1,2091.6,3.17,2091.6,64.5141,2145.6141,2016.5858999999998,False,NONE,-0.34,1.6,-0.05,2.08
2026-08-18,2026-08-18T09:30:23.662454,BHARTIARTL,1960.1,1960.3,1922.1,1941.8,2.02,1941.8,40.18205,2000.2820499999998,1919.91795,False,NONE,-1.93,11.86,0.64,-10.64
2026-08-18,2026-08-18T09:30:23.662454,BHEL,434.0,434.0,428.65,433.1,4.08,433.1,18.011000000000003,452.011,415.989,False,NONE,-0.01,0.72,1.09,0
2026-08-18,2026-08-18T09:30:23.662454,BIOCON,412.4,415.7,412.4,414.75,3.14,414.75,13.238039999999998,425.63804,399.16195999999997,False,NONE,0.12,1.9,0.03,-1.28
2026-08-18,2026-08-18T09:30:23.662454,BLUESTARCO,1519.0,1534.8,1501.8,1511.9,3.63,1511.9,55.8992,1574.8992,1463.1008,False,NONE,0,6.71,-0.22,-4.35
2026-08-18,2026-08-18T09:30:23.662454,BOSCHLTD,47095.0,47480.0,46985.0,47410.0,2.72,47410.0,1351.6264999999999,48446.6265,45743.3735,False,NONE,0.35,2.42,0.2,1.79
2026-08-18,2026-08-18T09:30:23.662454,BPCL,315.0,317.25,315.0,317.25,2.93,317.25,9.2925,324.2925,305.7075,False,NONE,-0.39,4.03,0.57,0
2026-08-18,2026-08-18T09:30:23.662454,BRITANNIA,5471.0,5529.0,5470.5,5507.5,2.25,5507.5,125.2859,5596.2859,5345.7141,False,NONE,-0.47,-1.14,0.17,3.45
2026-08-18,2026-08-18T09:30:23.662454,BSE,3312.5,3325.0,3231.3,3252.4,4.6,3252.4,139.7875,3452.2875,3172.7125,False,NONE,-3.12,13.27,3.99,2.56
2026-08-18,2026-08-18T09:30:23.662454,CAMS,774.75,774.8,764.55,767.25,3.14,767.25,23.552400000000002,798.3024,751.1976,False,NONE,-1.48,4.21,1.47,2.22
2026-08-18,2026-08-18T09:30:23.662454,CANBK,129.6,131.14,129.6,130.03,3.34,130.03,4.3416,133.9416,125.2584,False,NONE,-0.92,2.81,0.01,-1.3
2026-08-18,2026-08-18T09:30:23.662454,CDSL,1363.8,1363.8,1341.8,1346.5,3.25,1346.5,42.14142,1405.9414199999999,1321.65858,False,NONE,-0.99,5.87,0.33,-1.64
2026-08-18,2026-08-18T09:30:23.662454,CGPOWER,899.9,900.7,891.0,896.25,4.06,896.25,36.8959,936.7959,863.0041,False,NONE,-0.17,6.27,0.04,0
2026-08-18,2026-08-18T09:30:23.662454,CHOLAFIN,1880.0,1887.4,1871.3,1875.0,3.06,1875.0,55.46,1935.46,1824.54,False,NONE,-1.12,2.69,0.07,0
2026-08-18,2026-08-18T09:30:23.662454,CIPLA,1434.3,1438.9,1431.1,1436.2,2.27,1436.2,32.55861,1466.85861,1401.74139,False,NONE,0.13,-0.35,-0.03,0
2026-08-18,2026-08-18T09:30:23.662454,COALINDIA,408.35,412.25,408.35,411.6,2.02,411.6,8.167,416.517,400.18300000000005,False,NONE,0.97,1.66,0.02,1.47
2026-08-18,2026-08-18T09:30:23.662454,COCHINSHIP,1464.7,1486.0,1461.7,1483.9,3.51,1483.9,50.67862,1515.37862,1414.0213800000001,False,NONE,1.28,5.91,-0.06,0
2026-08-18,2026-08-18T09:30:23.662454,COFORGE,1795.0,1796.0,1780.4,1785.3,3.31,1785.3,58.876,1853.876,1736.124,False,NONE,-1.14,5.08,0.31,-0.94
2026-08-18,2026-08-18T09:30:23.662454,COLPAL,1949.1,1955.9,1912.2,1918.6,3.02,1918.6,56.328990000000005,2005.4289899999999,1892.77101,False,NONE,-2.6,15.93,2.37,11.76
2026-08-18,2026-08-18T09:30:23.662454,CONCOR,523.0,523.1,520.65,521.2,2.93,521.2,15.533100000000001,538.5331,507.4669,False,NONE,-0.71,-6.71,0.01,0
2026-08-18,2026-08-18T09:30:23.662454,CROMPTON,245.15,245.75,244.15,244.45,3.41,244.45,7.99189,253.14189000000002,237.15811,False,NONE,-0.63,1.02,0.09,1.82
2026-08-18,2026-08-18T09:30:23.662454,CUMMINSIND,5470.0,5485.0,5463.5,5469.5,3.22,5469.5,172.305,5642.305,5297.695,False,NONE,-0.15,2.93,0.01,0
2026-08-18,2026-08-18T09:30:23.662454,DABUR,406.5,406.5,405.0,405.2,2.32,405.2,9.593399999999999,416.0934,396.9066,False,NONE,-0.59,6.47,0.02,-1.85
2026-08-18,2026-08-18T09:30:23.662454,DALBHARAT,1858.5,1859.3,1841.1,1845.0,3.05,1845.0,57.79935,1916.29935,1800.70065,False,NONE,-0.12,1.58,0.02,-2.08
2026-08-18,2026-08-18T09:30:23.662454,DELHIVERY,455.05,456.5,454.5,456.5,3,456.5,13.74251,468.79251,441.30749000000003,False,NONE,-0.13,-1.95,0.01,0
2026-08-18,2026-08-18T09:30:23.662454,DIVISLAB,8548.5,8586.0,8501.5,8574.5,2.61,8574.5,225.68040000000002,8774.1804,8322.8196,False,NONE,0.46,6.21,0.25,-1.09
2026-08-18,2026-08-18T09:30:23.662454,DIXON,14140.0,14460.0,14122.0,14345.0,4.03,14345.0,557.116,14697.116,13582.884,False,NONE,1.81,12.35,-0.43,10.64
2026-08-18,2026-08-18T09:30:23.662454,DLF,674.05,674.05,661.25,661.55,3.52,661.55,23.119915000000002,697.169915,650.930085,False,NONE,-2.07,4.79,0.24,-4.48
2026-08-18,2026-08-18T09:30:23.662454,DMART,3960.0,3979.1,3950.1,3965.8,2.77,3965.8,111.67199999999998,4071.672,3848.328,False,NONE,-1.13,3.16,0.04,-1.69
2026-08-18,2026-08-18T09:30:23.662454,DRREDDY,1181.9,1185.2,1177.8,1181.9,2.31,1181.9,26.592750000000002,1208.4927500000001,1155.30725,False,NONE,-0.24,0.73,0.17,0
2026-08-18,2026-08-18T09:30:23.662454,EICHERMOT,8075.0,8109.0,8051.0,8090.0,2.43,8090.0,196.2225,8271.2225,7878.7775,False,NONE,-0.22,5.48,0.07,-1.14
2026-08-18,2026-08-18T09:30:23.662454,ETERNAL,318.0,320.95,317.35,320.4,3.44,320.4,11.161799999999998,329.16179999999997,306.83820000000003,False,NONE,0.34,3.81,0.08,0
2026-08-18,2026-08-18T09:30:23.662454,FEDERALBNK,355.95,357.0,354.35,354.7,2.31,354.7,8.329229999999999,364.27923,347.62077,False,NONE,-0.42,2.4,-0.08,-1.52
2026-08-18,2026-08-18T09:30:23.662454,FINNIFTY,26262.8,26264.3,26208.5,26208.5,1.46,26208.5,391.31572,26654.115719999998,25871.48428,False,NONE,-0.6,6.29,0.0,-8.47
2026-08-18,2026-08-18T09:30:23.662454,FOCIT,37624.0,37640.0,37599.0,37640.0,2.89,37640.0,1087.3336,38711.3336,36536.6664,False,NONE,0,9.62,0.0,0
2026-08-18,2026-08-18T09:30:23.662454,FORCEMOT,18591.0,18719.0,18390.0,18500.0,3.96,18500.0,708.3171000000001,19299.3171,17882.6829,False,NONE,-0.92,15.1,-0.24,0
2026-08-18,2026-08-18T09:30:23.662454,FORTIS,919.95,920.35,911.6,920.3,2.89,920.3,26.86254,946.81254,893.0874600000001,False,NONE,0.6,5.69,0.2,0
2026-08-18,2026-08-18T09:30:23.662454,GAIL,172.01,173.3,172.01,173.1,2.62,173.1,4.455058999999999,176.465059,167.55494099999999,False,NONE,-0.12,0.04,-0.03,0
2026-08-18,2026-08-18T09:30:23.662454,GLENMARK,2329.7,2333.0,2322.0,2333.0,2.76,2333.0,67.09535999999999,2396.7953599999996,2262.60464,False,NONE,0.36,0.91,0.04,0
2026-08-18,2026-08-18T09:30:23.662454,GMRAIRPORT,101.71,102.24,101.49,101.63,2.95,101.63,3.1021549999999998,104.81215499999999,98.607845,False,NONE,-0.3,0.11,0.11,-1.67
2026-08-18,2026-08-18T09:30:23.662454,GODFRYPHLP,2138.8,2149.4,2116.0,2119.1,3.86,2119.1,88.11856000000002,2226.91856,2050.6814400000003,False,NONE,-0.47,3.87,-0.55,-2.33
2026-08-18,2026-08-18T09:30:23.662454,GODREJCP,933.7,933.7,924.0,924.1,3.09,924.1,29.22481,962.9248100000001,904.47519,False,NONE,-0.93,-0.36,-0.01,-1.85
2026-08-18,2026-08-18T09:30:23.662454,GODREJPROP,2044.0,2056.0,2002.6,2006.6,3.72,2006.6,75.4236,2119.4236,1968.5764,False,NONE,-2.35,7.54,0.05,-1.72
2026-08-18,2026-08-18T09:30:23.662454,GRASIM,3265.4,3277.9,3265.4,3272.0,2.58,3272.0,84.24732,3349.64732,3181.15268,False,NONE,0.2,2.19,0.02,0
2026-08-18,2026-08-18T09:30:23.662454,GVT&D,4311.0,4311.0,4272.0,4289.4,4.46,4289.4,192.7017,4503.7017,4118.2983,False,NONE,-0.47,4.65,0.12,-1.69
2026-08-18,2026-08-18T09:30:23.662454,HAL,5055.0,5099.0,5045.1,5098.9,3.31,5098.9,167.32049999999998,5222.3205,4887.6795,False,NONE,0.83,5.11,0.32,1.72
2026-08-18,2026-08-18T09:30:23.662454,HAVELLS,1301.0,1311.0,1301.0,1304.9,2.65,1304.9,33.9561,1334.9561,1267.0439,False,NONE,-0.08,2.58,0.13,-3.85
2026-08-18,2026-08-18T09:30:23.662454,HCLTECH,1320.0,1322.8,1313.0,1315.2,3.15,1315.2,41.448,1361.448,1278.552,False,NONE,-1.39,3.57,-0.03,1.45
2026-08-18,2026-08-18T09:30:23.662454,HDFCAMC,2528.5,2538.0,2510.8,2515.4,2.94,2515.4,77.3721,2605.8721,2451.1279,False,NONE,-0.75,1.92,0.08,-1.43
2026-08-18,2026-08-18T09:30:23.662454,HDFCBANK,729.7,729.7,727.15,727.6,2.63,727.6,19.555960000000002,749.2559600000001,710.14404,False,NONE,-0.63,2.34,0.05,0
2026-08-18,2026-08-18T09:30:23.662454,HDFCLIFE,542.0,542.0,539.1,539.1,2.5,539.1,13.495800000000001,555.4958,528.5042,False,NONE,-0.71,3.59,0.04,-1.85
2026-08-18,2026-08-18T09:30:23.662454,HEROMOTOCO,5759.5,5779.5,5721.0,5763.0,2.95,5763.0,170.4812,5929.9812,5589.0188,False,NONE,-0.11,-0.08,0.35,1.08
2026-08-18,2026-08-18T09:30:23.662454,HINDALCO,1049.45,1050.7,1043.0,1045.25,2.71,1045.25,28.859875000000002,1078.3098750000001,1020.5901250000001,False,NONE,-0.73,1.36,0.08,-3.12
2026-08-18,2026-08-18T09:30:23.662454,HINDPETRO,367.9,370.5,367.0,370.0,2.92,370.0,11.11058,379.01058,356.78941999999995,False,NONE,-0.48,1.92,0.45,-5.08
2026-08-18,2026-08-18T09:30:23.662454,HINDUNILVR,2062.0,2063.0,2046.7,2049.0,2.06,2049.0,44.1268,2106.1268,2017.8732,False,NONE,-0.94,2.21,0.07,0
2026-08-18,2026-08-18T09:30:23.662454,HINDZINC,570.3,570.3,564.55,566.3,3.42,566.3,19.56129,589.8612899999999,550.73871,False,NONE,-0.82,0.54,-0.02,0
2026-08-18,2026-08-18T09:30:23.662454,HYUNDAI,2180.0,2224.6,2180.0,2212.1,3.29,2212.1,64.31,2244.31,2115.69,False,NONE,0.47,4.53,0.29,0
2026-08-18,2026-08-18T09:30:23.662454,ICICIBANK,1413.7,1418.6,1410.9,1415.7,2,1415.7,28.274,1441.9740000000002,1385.426,False,NONE,-0.39,3.05,0.02,-1.64
2026-08-18,2026-08-18T09:30:23.662454,ICICIGI,1639.3,1639.3,1626.7,1628.1,2.77,1628.1,39.99892,1679.29892,1599.30108,False,NONE,-0.55,1.57,0.14,0
2026-08-18,2026-08-18T09:30:23.662454,ICICIPRULI,502.4,505.45,502.4,504.95,2.65,504.95,14.067199999999998,516.4671999999999,488.33279999999996,False,NONE,-0.16,-0.08,0.05,3.39
2026-08-18,2026-08-18T09:30:23.662454,IDEA,13.6,13.77,13.49,13.74,4.59,13.74,0.63512,14.23512,12.964879999999999,False,NONE,0.07,-2.82,0.82,-1.54
2026-08-18,2026-08-18T09:30:23.662454,IDFCFIRSTB,85.37,85.64,84.89,84.93,2.71,84.93,2.30499,87.67499000000001,83.06501,False,NONE,-0.69,2.12,0.05,0
2026-08-18,2026-08-18T09:30:23.662454,IEX,125.2,125.88,124.21,124.41,3,124.41,3.6934000000000005,128.8934,121.5066,False,NONE,-1.17,4,0.02,0
2026-08-18,2026-08-18T09:30:23.662454,INDHOTEL,722.9,722.9,717.6,717.7,2.49,717.7,17.27731,740.17731,705.6226899999999,False,NONE,-0.73,2.86,0.02,-1.49
2026-08-18,2026-08-18T09:30:23.662454,INDIANB,880.0,888.25,878.6,879.0,3.35,879.0,30.448,910.448,849.552,False,NONE,-0.86,-0.27,0.32,0
2026-08-18,2026-08-18T09:30:23.662454,INDIGO,5180.0,5239.0,5162.5,5221.0,3.22,5221.0,164.206,5344.206,5015.794,False,NONE,-1.68,10.31,0.19,-1.64
2026-08-18,2026-08-18T09:30:23.662454,INDUSINDBK,1013.7,1021.1,1013.1,1019.5,2.74,1019.5,27.97812,1041.67812,985.72188,False,NONE,0.17,2.83,0.01,0
2026-08-18,2026-08-18T09:30:23.662454,INDUSTOWER,380.05,380.05,375.4,376.0,2.65,376.0,10.147335,390.197335,369.902665,False,NONE,-1.38,3.84,0.21,-1.61
2026-08-18,2026-08-18T09:30:23.662454,INFY,1124.3,1133.7,1123.0,1124.1,3.33,1124.1,38.00134,1162.30134,1086.29866,False,NONE,-1.61,9.23,0.46,-2.35
2026-08-18,2026-08-18T09:30:23.662454,INOXWIND,78.31,78.31,76.43,77.01,4.57,77.01,3.594429,81.90442900000001,74.715571,False,NONE,-1.96,0.73,1.03,-8.47
2026-08-18,2026-08-18T09:30:23.662454,IOC,138.75,139.42,138.6,139.0,2.57,139.0,3.621375,142.371375,135.128625,False,NONE,-0.34,1.27,-0.08,-1.19
2026-08-18,2026-08-18T09:30:23.662454,IREDA,115.97,116.0,114.71,114.97,3.18,114.97,3.548682,119.518682,112.421318,False,NONE,-0.84,1.84,0.22,-1.64
2026-08-18,2026-08-18T09:30:23.662454,IRFC,87.34,87.5,86.5,86.57,3.01,86.57,2.672604,90.01260400000001,84.667396,False,NONE,-0.89,1.49,0.08,0
2026-08-18,2026-08-18T09:30:23.662454,ITC,273.4,273.8,273.0,273.3,2.05,273.3,5.55002,278.95002,267.84997999999996,False,NONE,-0.16,3.85,0.01,0
2026-08-18,2026-08-18T09:30:23.662454,JINDALSTEL,1114.0,1116.1,1110.6,1115.1,2.75,1115.1,30.300800000000002,1144.3008,1083.6992,False,NONE,-0.09,1.08,0.07,0
2026-08-18,2026-08-18T09:30:23.662454,JIOFIN,248.5,248.7,246.55,247.0,3.46,247.0,8.299900000000001,256.7999,240.2001,False,NONE,-1.08,4.28,0.44,0
2026-08-18,2026-08-18T09:30:23.662454,JSWENERGY,556.9,557.2,554.75,555.3,2.64,555.3,14.702160000000001,571.60216,542.1978399999999,False,NONE,-0.22,-2.28,-0.01,0
2026-08-18,2026-08-18T09:30:23.662454,JSWSTEEL,1280.3,1285.9,1280.3,1284.5,2.62,1284.5,35.720369999999996,1316.02037,1244.57963,False,NONE,0.02,1.54,0.06,0
2026-08-18,2026-08-18T09:30:23.662454,JUBLFOOD,505.6,505.9,503.05,504.5,3.23,504.5,16.98816,522.58816,488.61184000000003,False,NONE,-0.58,-3.53,0.22,3.03
2026-08-18,2026-08-18T09:30:23.662454,KALYANKJIL,613.45,613.45,610.5,612.85,5.36,612.85,32.083435,645.533435,581.366565,False,NONE,-0.04,4.36,-0.12,-1.45
2026-08-18,2026-08-18T09:30:23.662454,KAYNES,3674.4,3714.1,3658.4,3695.5,5.34,3695.5,201.72456000000003,3876.12456,3472.67544,False,NONE,0.98,-1.37,0.46,-1.41
2026-08-18,2026-08-18T09:30:23.662454,KEI,5900.0,5908.0,5828.0,5850.0,3.28,5850.0,198.83,6098.83,5701.17,False,NONE,-0.07,3.44,0.54,1.1
2026-08-18,2026-08-18T09:30:23.662454,KFINTECH,968.8,968.8,937.1,938.9,4.19,938.9,38.07384,1006.87384,930.7261599999999,False,NONE,-2.5,9.1,1.89,2.13
2026-08-18,2026-08-18T09:30:23.662454,KOTAKBANK,392.4,393.8,391.65,392.0,2.17,392.0,8.279639999999999,400.67963999999995,384.12036,False,NONE,-0.81,5.62,0.01,0
2026-08-18,2026-08-18T09:30:23.662454,KPITTECH,614.45,614.45,602.45,603.35,3.63,603.35,22.673205000000003,637.1232050000001,591.776795,False,NONE,-0.94,-0.65,0.27,2
2026-08-18,2026-08-18T09:30:23.662454,LAURUSLABS,1806.1,1814.9,1806.0,1808.8,3.1,1808.8,57.25337,1863.3533699999998,1748.84663,False,NONE,-0.02,2.36,0.03,-1.23
2026-08-18,2026-08-18T09:30:23.662454,LICHSGFIN,491.3,491.3,487.75,488.45,2.35,488.45,11.742070000000002,503.04207,479.55793,False,NONE,-0.67,2.36,0.04,0
2026-08-18,2026-08-18T09:30:23.662454,LICI,411.95,413.25,411.95,412.0,3.76,412.0,20.061965,432.011965,391.888035,False,NONE,-0.15,217.43,-0.01,0
2026-08-18,2026-08-18T09:30:23.662454,LODHA,1255.0,1257.4,1230.0,1231.4,3.98,1231.4,49.196000000000005,1304.196,1205.804,False,NONE,-1.75,-0.46,0.17,-1.43
2026-08-18,2026-08-18T09:30:23.662454,LT,4060.0,4070.0,4053.9,4062.9,1.99,4062.9,88.914,4148.914,3971.086,False,NONE,-0.38,-2.55,0.06,0
2026-08-18,2026-08-18T09:30:23.662454,LTF,313.2,314.95,309.6,309.6,3.82,309.6,11.901599999999998,325.10159999999996,301.2984,False,NONE,-1.85,2.38,0.27,1.43
2026-08-18,2026-08-18T09:30:23.662454,LTM,4615.0,4643.8,4601.1,4627.0,3.98,4627.0,185.06149999999997,4800.0615,4429.9385,False,NONE,-1.29,4.87,1.87,0
2026-08-18,2026-08-18T09:30:23.662454,LUPIN,2260.0,2260.0,2233.5,2246.4,2.51,2246.4,58.76,2318.76,2201.24,False,NONE,-0.7,1.83,0.3,0
2026-08-18,2026-08-18T09:30:23.662454,M&M,3401.0,3422.0,3392.3,3420.0,2.67,3420.0,89.78640000000001,3490.7864,3311.2136,False,NONE,0.24,3.3,-0.03,0
2026-08-18,2026-08-18T09:30:23.662454,MANAPPURAM,349.85,351.45,346.6,346.95,4.15,346.95,12.979435,362.82943500000005,336.870565,False,NONE,-0.49,-35.92,-0.01,2.22
2026-08-18,2026-08-18T09:30:23.662454,MANKIND,2375.0,2403.6,2373.0,2380.8,2.43,2380.8,61.5125,2436.5125,2313.4875,False,NONE,-0.54,-,0.11,0
2026-08-18,2026-08-18T09:30:23.662454,MARICO,858.85,858.85,851.5,854.75,2.31,854.75,19.839435,878.689435,839.010565,False,NONE,-0.17,0.49,0.05,-1.64
2026-08-18,2026-08-18T09:30:23.662454,MARUTI,13775.0,13918.0,13775.0,13903.0,2.47,13903.0,334.7325,14109.7325,13440.2675,False,NONE,0.37,2.62,0.15,0
2026-08-18,2026-08-18T09:30:23.662454,MAXHEALTH,1001.0,1005.0,984.1,1004.8,3.29,1004.8,35.035,1036.035,965.965,False,NONE,0.24,-3.61,0.21,2
2026-08-18,2026-08-18T09:30:23.662454,MAZDOCK,2566.5,2583.8,2559.7,2573.5,3.66,2573.5,98.04029999999999,2664.5403,2468.4597,False,NONE,0.07,-2.2,0.17,-2.08
2026-08-18,2026-08-18T09:30:23.662454,MCX,2959.9,2967.0,2919.0,2942.2,3.69,2942.2,112.77219000000001,3072.6721900000002,2847.12781,False,NONE,-0.55,4.87,0.15,-2.33
2026-08-18,2026-08-18T09:30:23.662454,MFSL,1564.9,1567.9,1550.6,1550.9,3.05,1550.9,47.259980000000006,1612.1599800000001,1517.64002,False,NONE,-0.91,0.34,0.04,-2.04
2026-08-18,2026-08-18T09:30:23.662454,MIDCPNIFTY,14979.0,14979.0,14926.0,14928.0,1.34,14928.0,203.7144,15182.7144,14775.2856,False,NONE,-0.54,2.5,-0.15,-4.9
2026-08-18,2026-08-18T09:30:23.662454,MOTHERSON,168.5,170.9,168.5,170.39,3.35,170.39,5.560499999999999,174.0605,162.9395,False,NONE,0.73,13.29,-0.19,-4.55
2026-08-18,2026-08-18T09:30:23.662454,MOTILALOFS,955.85,963.9,942.85,945.0,3.34,945.0,34.02826,989.8782600000001,921.82174,False,NONE,-1.63,-2.96,0.02,-9.2
2026-08-18,2026-08-18T09:30:23.662454,MPHASIS,2518.9,2518.9,2476.2,2477.1,3.66,2477.1,99.24466000000001,2618.14466,2419.6553400000003,False,NONE,-1.15,8.45,0.2,0
2026-08-18,2026-08-18T09:30:23.662454,MUTHOOTFIN,2909.4,2910.0,2881.1,2885.1,3.19,2885.1,90.48234000000001,2999.88234,2818.91766,False,NONE,-0.76,4.41,-0.09,0
2026-08-18,2026-08-18T09:30:23.662454,NAM-INDIA,1192.1,1199.9,1178.5,1178.5,3.68,1178.5,46.73031999999999,1238.8303199999998,1145.36968,False,NONE,-1.88,-1.43,0.11,-5.13
2026-08-18,2026-08-18T09:30:23.662454,NATIONALUM,386.0,389.45,386.0,388.35,3.95,388.35,15.748800000000001,401.7488,370.2512,False,NONE,-0.36,0.52,0.0,0
2026-08-18,2026-08-18T09:30:23.662454,NAUKRI,1352.2,1357.9,1326.8,1350.0,3.31,1350.0,46.6509,1398.8509000000001,1305.5491,False,NONE,-0.91,2.1,0.24,-1.47
2026-08-18,2026-08-18T09:30:23.662454,NBCC,90.1,90.1,88.99,89.18,3.7,89.18,3.2075599999999995,93.30756,86.89244,False,NONE,-1.08,2.19,0.05,0
2026-08-18,2026-08-18T09:30:23.662454,NESTLEIND,1481.4,1481.4,1472.2,1474.7,2.46,1474.7,36.886860000000006,1518.2868600000002,1444.51314,False,NONE,-0.2,-2.77,0.13,2
2026-08-18,2026-08-18T09:30:23.662454,NHPC,75.92,76.59,75.89,76.22,2.61,76.22,1.966328,77.886328,73.953672,False,NONE,-0.56,-5.63,0.1,0
2026-08-18,2026-08-18T09:30:23.662454,NIFTY,24301.0,24308.0,24273.0,24286.0,0.32,24286.0,85.0535,24386.0535,24215.9465,False,NONE,-0.44,1.04,0.44,-4.04
2026-08-18,2026-08-18T09:30:23.662454,NIFTYFPI,1586.0,1596.9,1584.15,1596.0,-,1596.0,,,,False,NONE,0,-,-20.0,-
2026-08-18,2026-08-18T09:30:23.662454,NIFTYNXT50,74362.0,74449.8,74301.2,74301.2,1.88,74301.2,1396.84376,75697.04376,72903.35624,False,NONE,-0.36,47.97,-0.27,-0.88
2026-08-18,2026-08-18T09:30:23.662454,NMDC,84.99,85.48,84.04,84.42,3.11,84.42,2.7621749999999996,87.752175,82.227825,False,NONE,-1.23,0.66,-0.12,-3.39
2026-08-18,2026-08-18T09:30:23.662454,NTPC,337.95,339.35,337.6,339.0,2.24,339.0,7.874235,345.824235,330.075765,False,NONE,0.25,0.41,0.05,0
2026-08-18,2026-08-18T09:30:23.662454,NYKAA,327.35,329.35,327.35,328.5,2.96,328.5,9.75503,337.10503,317.59497000000005,False,NONE,-0.12,1.41,-0.02,0
2026-08-18,2026-08-18T09:30:23.662454,OBEROIRLTY,1950.0,1963.8,1878.4,1893.0,4.04,1893.0,79.94999999999999,2029.95,1870.05,False,NONE,-2.35,-1.95,-0.85,-6.67
2026-08-18,2026-08-18T09:30:23.662454,OFSS,11800.0,11800.0,11715.0,11730.0,4.09,11730.0,492.06,12292.06,11307.94,False,NONE,-0.62,0.53,0.15,-1.23
2026-08-18,2026-08-18T09:30:23.662454,OIL,481.95,487.05,481.0,485.75,3.72,485.75,17.880345,499.83034499999997,464.069655,False,NONE,1.74,8.79,0.71,5
2026-08-18,2026-08-18T09:30:23.662454,ONGC,239.92,242.14,239.92,241.87,2.47,241.87,5.830056,245.750056,234.08994399999997,False,NONE,0.84,10.34,0.74,0
2026-08-18,2026-08-18T09:30:23.662454,PAGEIND,37215.0,37265.0,36915.0,37170.0,3.23,37170.0,1220.652,38435.652,35994.348,False,NONE,-0.51,-2.5,0.25,-8.89
2026-08-18,2026-08-18T09:30:23.662454,PATANJALI,352.05,352.55,348.9,351.0,3.76,351.0,13.342695,365.392695,338.707305,False,NONE,-0.44,0.12,0.22,0
2026-08-18,2026-08-18T09:30:23.662454,PAYTM,1589.4,1599.9,1559.0,1568.0,3.65,1568.0,59.76144,1649.16144,1529.63856,False,NONE,-1.35,6.75,1.39,-7.53
2026-08-18,2026-08-18T09:30:23.662454,PERSISTENT,5542.0,5562.0,5516.0,5540.0,3.78,5540.0,207.2708,5749.2708,5334.7292,False,NONE,-0.65,4.09,0.26,0
2026-08-18,2026-08-18T09:30:23.662454,PETRONET,283.1,285.05,282.9,283.4,2.38,283.4,6.90764,290.00764000000004,276.19236,False,NONE,-0.05,1.67,-0.02,-1
2026-08-18,2026-08-18T09:30:23.662454,PFC,376.15,377.5,375.55,376.55,2.55,376.55,9.591824999999998,385.74182499999995,366.558175,False,NONE,-0.11,1.08,0.16,0
2026-08-18,2026-08-18T09:30:23.662454,PGEL,608.05,615.0,603.8,607.05,4.58,607.05,26.632589999999997,634.68259,581.4174099999999,False,NONE,0.01,8.91,-0.02,0
2026-08-18,2026-08-18T09:30:23.662454,PHOENIXLTD,1942.1,1942.1,1910.0,1918.0,2.84,1918.0,53.60195999999999,1995.7019599999999,1888.49804,False,NONE,-1.13,3.53,0.13,0
2026-08-18,2026-08-18T09:30:23.662454,PIDILITIND,1668.0,1672.2,1663.5,1664.0,2.2,1664.0,38.364,1706.364,1629.636,False,NONE,-0.83,-2.6,0.04,1.64
2026-08-18,2026-08-18T09:30:23.662454,PIIND,2482.0,2483.9,2468.0,2468.0,3.23,2468.0,83.8916,2565.8916,2398.1084,False,NONE,-0.5,3.35,0.02,0
2026-08-18,2026-08-18T09:30:23.662454,PNB,117.03,118.14,116.92,116.92,3.04,116.92,3.6981480000000007,120.728148,113.331852,False,NONE,-0.81,-0.44,0.07,0
2026-08-18,2026-08-18T09:30:23.662454,PNBHOUSING,1149.6,1149.6,1130.0,1136.1,3.29,1136.1,38.05176,1187.65176,1111.5482399999999,False,NONE,-1.17,0.94,-0.34,0
2026-08-18,2026-08-18T09:30:23.662454,POLICYBZR,1754.0,1754.0,1724.6,1732.4,3.53,1732.4,68.93220000000001,1822.9322,1685.0678,False,NONE,-0.24,3.24,0.18,-1.43
2026-08-18,2026-08-18T09:30:23.662454,POLYCAB,9380.0,9380.0,9292.0,9315.0,2.96,9315.0,288.904,9668.904,9091.096,False,NONE,-0.34,6.52,-0.01,-1.54
2026-08-18,2026-08-18T09:30:23.662454,POWERGRID,266.7,267.9,266.7,267.65,2.13,267.65,5.92074,272.62074,260.77925999999997,False,NONE,0.09,-3.42,0.0,0
2026-08-18,2026-08-18T09:30:23.662454,POWERINDIA,35505.0,35595.0,35320.0,35520.0,4.02,35520.0,1434.402,36939.402,34070.598,False,NONE,-0.45,3.53,-0.05,-1.14
2026-08-18,2026-08-18T09:30:23.662454,PREMIERENE,1023.0,1029.0,1019.8,1021.0,3.6,1021.0,36.5211,1059.5211,986.4789,False,NONE,0.24,-0.19,-0.09,3.03
2026-08-18,2026-08-18T09:30:23.662454,PRESTIGE,1597.6,1597.6,1568.6,1573.3,3.35,1573.3,52.24152,1649.84152,1545.3584799999999,False,NONE,-1.52,-0.57,0.22,-1.49
2026-08-18,2026-08-18T09:30:23.662454,RADICO,4695.7,4715.0,4652.8,4655.1,3.06,4655.1,155.89723999999998,4851.59724,4539.80276,False,NONE,-0.37,-6.81,2.06,1.32
2026-08-18,2026-08-18T09:30:23.662454,RBLBANK,381.1,384.0,379.4,379.95,3.16,379.95,12.766850000000002,393.86685,368.33315000000005,False,NONE,-0.72,0.54,0.03,-1.52
2026-08-18,2026-08-18T09:30:23.662454,RECLTD,339.1,340.8,338.6,340.2,2.48,340.2,8.24013,347.34013000000004,330.85987,False,NONE,0.19,2.13,0.2,0
2026-08-18,2026-08-18T09:30:23.662454,RELIANCE,1317.0,1331.0,1314.7,1326.3,2.2,1326.3,27.657000000000004,1344.657,1289.343,False,NONE,0.33,11.04,0.12,0
2026-08-18,2026-08-18T09:30:23.662454,RVNL,227.44,228.01,225.96,226.69,3.19,226.69,7.84668,235.28668,219.59332,False,NONE,-1,-2,0.08,1.96
2026-08-18,2026-08-18T09:30:23.662454,SAIL,174.92,174.92,173.0,173.66,6.23,173.66,10.949992,185.869992,163.97000799999998,False,NONE,0.27,-27.64,-0.02,0
2026-08-18,2026-08-18T09:30:23.662454,SBICARD,640.45,640.45,627.85,629.95,3.11,629.95,19.98204,660.43204,620.4679600000001,False,NONE,-1.39,5.58,0.17,-1.75
2026-08-18,2026-08-18T09:30:23.662454,SBILIFE,1794.4,1796.2,1784.0,1784.5,2.36,1784.5,43.42448,1837.82448,1750.9755200000002,False,NONE,-0.66,1.31,0.16,-1.92
2026-08-18,2026-08-18T09:30:23.662454,SBIN,1062.0,1069.0,1062.0,1064.6,2.57,1064.6,27.2934,1089.2934,1034.7066,False,NONE,-0.27,0.27,-0.14,0
2026-08-18,2026-08-18T09:30:23.662454,SENSEX,77768.0,77925.85,77700.0,77772.25,0.75,77772.25,583.26,78351.26,77184.74,False,NONE,-0.38,3.92,2.01,-5.56
2026-08-18,2026-08-18T09:30:23.662454,SHREECEM,24490.0,24810.0,24490.0,24635.0,2.68,24635.0,685.72,25175.72,23804.28,False,NONE,-0.3,1.98,0.1,2.22
2026-08-18,2026-08-18T09:30:23.662454,SHRIRAMFIN,1116.1,1126.6,1116.0,1119.4,3.32,1119.4,37.38935,1153.4893499999998,1078.71065,False,NONE,-0.81,3.77,0.11,0
2026-08-18,2026-08-18T09:30:23.662454,SIEMENS,3955.3,3990.0,3947.6,3962.5,3.35,3962.5,133.29361,4088.5936100000004,3822.00639,False,NONE,-0.13,5.1,0.04,0
2026-08-18,2026-08-18T09:30:23.662454,SOLARINDS,20000.0,20434.0,20000.0,20416.0,4.02,20416.0,774.0,20774.0,19226.0,False,NONE,1.76,8.14,-0.14,10.96
2026-08-18,2026-08-18T09:30:23.662454,SONACOMS,805.0,822.0,805.0,820.65,3.8,820.65,29.221500000000002,834.2215,775.7785,False,NONE,1.48,12.83,0.15,1.54
2026-08-18,2026-08-18T09:30:23.662454,SRF,2616.9,2639.0,2613.5,2631.0,2.61,2631.0,71.70306000000001,2688.60306,2545.1969400000003,False,NONE,0.21,3.66,0.03,0
2026-08-18,2026-08-18T09:30:23.662454,SUNPHARMA,1896.5,1898.6,1885.8,1894.2,2.01,1894.2,39.0679,1935.5679,1857.4321,False,NONE,0.07,-0.34,0.15,2.08
2026-08-18,2026-08-18T09:30:23.662454,SUPREMEIND,3594.1,3613.3,3594.1,3607.5,3.06,3607.5,112.85474,3706.95474,3481.2452599999997,False,NONE,0,-2.5,-0.04,1.75
2026-08-18,2026-08-18T09:30:23.662454,SUZLON,48.82,49.04,48.61,48.73,3.81,48.73,1.860042,50.680042,46.959958,False,NONE,-0.73,0.96,0.09,0
2026-08-18,2026-08-18T09:30:23.662454,SWIGGY,276.9,276.95,274.6,276.75,4.71,276.75,13.125059999999998,290.02506,263.77493999999996,False,NONE,-0.2,3.23,0.07,0
2026-08-18,2026-08-18T09:30:23.662454,TATACONSUM,1083.6,1083.6,1072.7,1073.3,2.57,1073.3,28.173599999999997,1111.7736,1055.4263999999998,False,NONE,-0.51,1.94,0.0,-1.59
2026-08-18,2026-08-18T09:30:23.662454,TATAELXSI,3768.5,3768.5,3708.6,3710.4,3.38,3710.4,128.50585,3897.00585,3639.99415,False,NONE,-1.37,0.43,-0.02,2.04
2026-08-18,2026-08-18T09:30:23.662454,TATAPOWER,382.0,382.0,380.25,380.5,2.35,380.5,9.0916,391.09159999999997,372.90840000000003,False,NONE,-0.25,-1.04,-0.03,0
2026-08-18,2026-08-18T09:30:23.662454,TATASTEEL,186.4,187.19,185.75,187.12,2.87,187.12,5.536080000000001,191.93608,180.86392,False,NONE,0.37,0.24,0.09,0
2026-08-18,2026-08-18T09:30:23.662454,TCS,2305.1,2310.0,2297.3,2301.5,3.03,2301.5,70.99708,2376.09708,2234.10292,False,NONE,-1,0.9,0.14,-1.64
2026-08-18,2026-08-18T09:30:23.662454,TECHM,1608.0,1608.0,1595.0,1595.0,2.83,1595.0,45.1848,1653.1848,1562.8152,False,NONE,-1.11,0.77,-0.23,0
2026-08-18,2026-08-18T09:30:23.662454,TIINDIA,2767.1,2850.0,2767.1,2848.8,4.39,2848.8,116.77161999999998,2883.87162,2650.32838,False,NONE,3.19,18.92,0.53,-14.89
2026-08-18,2026-08-18T09:30:23.662454,TITAN,5070.1,5089.0,5063.4,5073.2,2.33,5073.2,120.16137,5190.26137,4949.938630000001,False,NONE,-0.24,2.88,-0.04,0
2026-08-18,2026-08-18T09:30:23.662454,TMPV,331.05,332.15,330.35,330.6,3,330.6,10.063920000000001,341.11392,320.98608,False,NONE,-0.27,0.79,0.22,0
2026-08-18,2026-08-18T09:30:23.662454,TORNTPHARM,4917.0,4926.5,4897.0,4926.5,2.64,4926.5,130.7922,5047.7922,4786.2078,False,NONE,0.12,0.98,-0.04,1.59
2026-08-18,2026-08-18T09:30:23.662454,TRENT,2961.0,2961.6,2938.3,2943.0,3.35,2943.0,108.96480000000001,3069.9648,2852.0352,False,NONE,-0.61,-0.9,0.12,0
2026-08-18,2026-08-18T09:30:23.662454,TVSMOTOR,4378.0,4408.9,4359.9,4402.0,2.85,4402.0,126.0864,4504.0864,4251.9136,False,NONE,0.59,1.48,0.24,2.35
2026-08-18,2026-08-18T09:30:23.662454,ULTRACEMCO,11698.0,11698.0,11603.0,11603.0,2.34,11603.0,257.356,11955.356,11440.644,False,NONE,-0.42,3.85,-0.03,0
2026-08-18,2026-08-18T09:30:23.662454,UNIONBANK,188.9,190.69,187.25,187.68,3.57,187.68,6.7059500000000005,195.60595,182.19405,False,NONE,-0.78,1.6,0.1,2.22
2026-08-18,2026-08-18T09:30:23.662454,UNITDSPR,1547.0,1547.0,1540.4,1542.6,2.52,1542.6,39.293800000000005,1586.2938,1507.7062,False,NONE,-0.19,3.56,0.02,3.23
2026-08-18,2026-08-18T09:30:23.662454,UNOMINDA,1279.2,1283.0,1266.0,1279.9,2.98,1279.9,38.50392,1317.7039200000002,1240.69608,False,NONE,0.74,4.84,0.17,8.47
2026-08-18,2026-08-18T09:30:23.662454,UPL,568.95,570.0,566.6,567.1,2.82,567.1,15.9306,584.8806000000001,553.0194,False,NONE,0.01,-0.12,0.17,0
2026-08-18,2026-08-18T09:30:23.662454,VBL,436.25,438.1,436.0,436.15,3.11,436.15,14.047250000000002,450.29725,422.20275,False,NONE,-0.24,-1.04,0.0,0
2026-08-18,2026-08-18T09:30:23.662454,VEDL,269.0,270.75,268.55,269.35,3.58,269.35,9.8185,278.8185,259.1815,False,NONE,-0.52,2.06,-0.02,-2.17
2026-08-18,2026-08-18T09:30:23.662454,VMM,106.79,106.87,105.43,105.57,3.58,105.57,3.9298720000000005,110.71987200000001,102.860128,False,NONE,-0.6,5.7,0.03,0
2026-08-18,2026-08-18T09:30:23.662454,VOLTAS,1263.5,1272.9,1256.0,1263.1,3.54,1263.1,43.2117,1306.7117,1220.2883,False,NONE,-0.03,1.78,0.66,0
2026-08-18,2026-08-18T09:30:23.662454,WAAREEENER,2705.3,2719.9,2697.4,2705.1,3.13,2705.1,83.8643,2789.1643000000004,2621.4357,False,NONE,-0.29,3.46,0.01,-1.79
2026-08-18,2026-08-18T09:30:23.662454,WIPRO,182.0,182.0,179.43,179.44,2.89,179.44,5.314399999999999,187.3144,176.6856,False,NONE,-1.37,0.31,0.47,-2.9
2026-08-18,2026-08-18T09:30:23.662454,YESBANK,22.96,23.01,22.71,22.71,3.12,22.71,0.672728,23.632728,22.287272,False,NONE,-1.17,5.48,0.11,0
2026-08-18,2026-08-18T09:30:23.662454,ZYDUSLIFE,1142.0,1144.7,1125.3,1144.2,3.07,1144.2,34.26,1176.26,1107.74,False,NONE,0.7,3.42,0.02,0
2026-08-18,2026-08-18T09:35:36.188907,360ONE,1176.4,1176.7,1156.0,1158.3,3.51,1158.3,40.11524,1216.5152400000002,1136.28476,False,NONE,-1.68,4.5,-0.11,-1.92
2026-08-18,2026-08-18T09:35:36.188907,ABB,7698.5,7743.5,7672.5,7740.0,3.51,7740.0,277.91585,7976.41585,7420.58415,False,NONE,0.41,2.09,0.07,0
2026-08-18,2026-08-18T09:35:36.188907,ABCAPITAL,399.4,400.55,394.6,395.0,2.97,395.0,11.86218,411.26218,387.53781999999995,False,NONE,-1.18,0.92,0.6,-1.37
2026-08-18,2026-08-18T09:35:36.188907,ADANIENSOL,1585.1,1601.0,1585.1,1592.1,3.95,1592.1,64.67208,1649.77208,1520.4279199999999,False,NONE,0.31,-2.06,0.21,0
2026-08-18,2026-08-18T09:35:36.188907,ADANIENT,3015.0,3024.8,3014.3,3018.3,3.15,3018.3,98.892,3113.892,2916.108,False,NONE,-0.23,-3.43,-0.05,0
2026-08-18,2026-08-18T09:35:36.188907,ADANIGREEN,1328.0,1331.0,1316.2,1318.8,3.76,1318.8,49.2688,1377.2688,1278.7312,False,NONE,-0.83,1.03,-0.22,2.17
2026-08-18,2026-08-18T09:35:36.188907,ADANIPORTS,1692.2,1692.2,1680.0,1680.4,2.71,1680.4,45.85862,1738.05862,1646.34138,False,NONE,-0.72,3.36,0.09,0
2026-08-18,2026-08-18T09:35:36.188907,ADANIPOWER,203.8,205.53,203.8,204.5,4.13,204.5,8.82454,212.62454000000002,194.97546,False,NONE,-0.14,1.48,-0.31,0
2026-08-18,2026-08-18T09:35:36.188907,ALKEM,5415.5,5482.0,5410.0,5469.5,2.72,5469.5,170.04670000000002,5585.5467,5245.4533,False,NONE,1.03,0.33,0.22,4.76
2026-08-18,2026-08-18T09:35:36.188907,AMBER,7297.0,7434.5,7278.5,7387.5,3.43,7387.5,251.0168,7548.0168,7045.9832,False,NONE,1.23,2.01,-0.39,6.9
2026-08-18,2026-08-18T09:35:36.188907,AMBUJACEM,415.0,417.2,413.55,413.55,2.42,413.55,9.544999999999998,424.545,405.455,False,NONE,-0.97,2.26,-0.01,0
2026-08-18,2026-08-18T09:35:36.188907,ANGELONE,290.0,292.4,281.7,284.85,4.3,284.85,10.933,300.933,279.067,False,NONE,-2.88,17.6,2.2,2.13
2026-08-18,2026-08-18T09:35:36.188907,APLAPOLLO,2088.7,2104.1,2088.0,2094.0,2.62,2094.0,51.38201999999999,2140.08202,2037.3179799999998,False,NONE,-0.1,3.61,0.08,-1.43
2026-08-18,2026-08-18T09:35:36.188907,APOLLOHOSP,8812.5,8874.0,8805.5,8830.5,2.12,8830.5,187.70625,9000.20625,8624.79375,False,NONE,-0.28,1.26,0.06,0
2026-08-18,2026-08-18T09:35:36.188907,ASHOKLEY,176.21,176.99,175.42,176.22,3.65,176.22,6.431665000000001,182.64166500000002,169.778335,False,NONE,-1.15,2.82,0.74,-1.47
2026-08-18,2026-08-18T09:35:36.188907,ASIANPAINT,2660.1,2674.4,2644.0,2655.7,2.51,2655.7,71.02467,2731.1246699999997,2589.07533,False,NONE,-1.55,0.13,0.7,-3.28
2026-08-18,2026-08-18T09:35:36.188907,ASTRAL,1542.2,1552.4,1530.0,1531.1,2.74,1531.1,42.87316,1585.0731600000001,1499.32684,False,NONE,-0.98,-3.35,0.15,0
2026-08-18,2026-08-18T09:35:36.188907,AUBANK,1075.5,1079.0,1069.6,1070.9,2.96,1070.9,31.081950000000003,1106.58195,1044.41805,False,NONE,-0.74,1.11,0.0,-2.82
2026-08-18,2026-08-18T09:35:36.188907,AUROPHARMA,1637.9,1645.0,1630.6,1641.9,2.96,1641.9,49.62837,1687.52837,1588.2716300000002,False,NONE,0.79,-1.69,0.02,1.67
2026-08-18,2026-08-18T09:35:36.188907,AXISBANK,1229.3,1237.5,1227.0,1235.9,2.08,1235.9,26.06116,1255.36116,1203.23884,False,NONE,0.1,1.6,0.18,1.69
2026-08-18,2026-08-18T09:35:36.188907,BAJAJ-AUTO,11769.0,11769.0,11728.0,11735.0,2.51,11735.0,301.2864,12070.2864,11467.7136,False,NONE,-0.04,5.49,-0.05,-3.28
2026-08-18,2026-08-18T09:35:36.188907,BAJAJFINSV,2005.0,2023.2,2004.0,2007.2,2.41,2007.2,50.32549999999999,2055.3255,1954.6745,False,NONE,-0.34,0.9,0.01,0
2026-08-18,2026-08-18T09:35:36.188907,BAJAJHLDNG,11406.0,11406.0,11337.0,11370.0,2.64,11370.0,280.7106,11691.7106,11130.2894,False,NONE,-0.81,-2.54,0.02,2.74
2026-08-18,2026-08-18T09:35:36.188907,BAJFINANCE,1095.8,1096.4,1093.2,1095.2,2.7,1095.2,29.257859999999997,1125.05786,1066.54214,False,NONE,-0.08,2.6,0.02,1.32
2026-08-18,2026-08-18T09:35:36.188907,BANDHANBNK,171.85,174.38,170.36,172.65,2.72,172.65,5.825715,177.675715,166.024285,False,NONE,-0.38,25.08,-0.01,0
2026-08-18,2026-08-18T09:35:36.188907,BANKBARODA,247.0,247.87,245.57,245.88,2.93,245.88,7.261799999999999,254.2618,239.7382,False,NONE,-0.83,2.55,0.1,0
2026-08-18,2026-08-18T09:35:36.188907,BANKEX,65514.65,65514.65,65514.65,65514.65,1.97,65514.65,1048.2344,66562.8844,64466.4156,False,NONE,-,-5.98,0.0,-2.83
2026-08-18,2026-08-18T09:35:36.188907,BANKINDIA,143.6,144.8,142.54,142.8,3.54,142.8,5.32756,148.92756,138.27244,False,NONE,-0.67,6.82,0.01,-1.27
2026-08-18,2026-08-18T09:35:36.188907,BANKNIFTY,57595.0,57720.0,57442.6,57466.2,1.4,57466.2,812.0894999999999,58407.0895,56782.9105,False,NONE,-0.64,3.49,0.74,-6.02
2026-08-18,2026-08-18T09:35:36.188907,BDL,1377.1,1392.4,1365.2,1375.1,4.21,1375.1,58.389039999999994,1435.48904,1318.71096,False,NONE,-0.51,-2.32,-0.06,0
2026-08-18,2026-08-18T09:35:36.188907,BEL,413.0,415.3,411.75,414.0,2.78,414.0,12.3074,425.3074,400.6926,False,NONE,0.22,-1.28,-0.03,0
2026-08-18,2026-08-18T09:35:36.188907,BHARATFORG,2081.1,2101.3,2081.1,2088.1,3.13,2088.1,64.5141,2145.6141,2016.5858999999998,False,NONE,-0.51,3.27,-0.01,0
2026-08-18,2026-08-18T09:35:36.188907,BHARTIARTL,1960.1,1960.3,1922.1,1937.5,2.06,1937.5,40.18205,2000.2820499999998,1919.91795,False,NONE,-2.15,12.67,0.68,-10.64
2026-08-18,2026-08-18T09:35:36.188907,BHEL,434.0,434.0,428.65,432.45,4.11,432.45,18.011000000000003,452.011,415.989,False,NONE,-0.16,0.36,1.1,0
2026-08-18,2026-08-18T09:35:36.188907,BIOCON,412.4,415.7,412.4,414.4,3.03,414.4,13.238039999999998,425.63804,399.16195999999997,False,NONE,0.04,0.4,0.06,-1.28
2026-08-18,2026-08-18T09:35:36.188907,BLUESTARCO,1519.0,1534.8,1501.8,1505.0,3.54,1505.0,55.8992,1574.8992,1463.1008,False,NONE,-0.46,3.81,-0.24,-4.35
2026-08-18,2026-08-18T09:35:36.188907,BOSCHLTD,47095.0,47520.0,46985.0,47455.0,2.72,47455.0,1351.6264999999999,48446.6265,45743.3735,False,NONE,0.44,0.51,0.2,1.79
2026-08-18,2026-08-18T09:35:36.188907,BPCL,315.0,317.25,315.0,316.85,2.86,316.85,9.2925,324.2925,305.7075,False,NONE,-0.52,2.1,0.57,0
2026-08-18,2026-08-18T09:35:36.188907,BRITANNIA,5471.0,5529.0,5470.5,5501.0,2.23,5501.0,125.2859,5596.2859,5345.7141,False,NONE,-0.59,-,1.16,1.72
2026-08-18,2026-08-18T09:35:36.188907,BSE,3312.5,3325.0,3231.3,3264.5,4.4,3264.5,139.7875,3452.2875,3172.7125,False,NONE,-2.76,10.09,4.4,5.13
2026-08-18,2026-08-18T09:35:36.188907,CAMS,774.75,774.8,764.55,766.7,3.12,766.7,23.552400000000002,798.3024,751.1976,False,NONE,-1.55,5.26,0.77,2.22
2026-08-18,2026-08-18T09:35:36.188907,CANBK,129.6,131.14,129.6,130.02,3.33,130.02,4.3416,133.9416,125.2584,False,NONE,-0.93,2.7,0.01,-1.3
2026-08-18,2026-08-18T09:35:36.188907,CDSL,1363.8,1363.8,1341.8,1347.2,3.19,1347.2,42.14142,1405.9414199999999,1321.65858,False,NONE,-0.93,5.5,0.38,-1.64
2026-08-18,2026-08-18T09:35:36.188907,CGPOWER,899.9,900.7,891.0,895.95,4,895.95,36.8959,936.7959,863.0041,False,NONE,-0.21,6.36,-0.12,0
2026-08-18,2026-08-18T09:35:36.188907,CHOLAFIN,1880.0,1887.4,1871.3,1875.9,3.05,1875.9,55.46,1935.46,1824.54,False,NONE,-1.08,3.44,0.06,-1.52
2026-08-18,2026-08-18T09:35:36.188907,CIPLA,1434.3,1438.9,1431.1,1434.5,2.22,1434.5,32.55861,1466.85861,1401.74139,False,NONE,0.01,-1.6,-0.01,0
2026-08-18,2026-08-18T09:35:36.188907,COALINDIA,408.35,412.25,408.35,410.8,2.01,410.8,8.167,416.517,400.18300000000005,False,NONE,0.77,1.49,0.03,1.47
2026-08-18,2026-08-18T09:35:36.188907,COCHINSHIP,1464.7,1494.0,1461.7,1488.4,3.66,1488.4,50.67862,1515.37862,1414.0213800000001,False,NONE,1.58,9.99,-0.21,4.05
2026-08-18,2026-08-18T09:35:36.188907,COFORGE,1795.0,1796.0,1780.1,1780.4,3.3,1780.4,58.876,1853.876,1736.124,False,NONE,-1.41,4.9,0.18,-1.89
2026-08-18,2026-08-18T09:35:36.188907,COLPAL,1949.1,1955.9,1903.1,1905.9,3.1,1905.9,56.328990000000005,2005.4289899999999,1892.77101,False,NONE,-3.25,19.18,3.51,13.73
2026-08-18,2026-08-18T09:35:36.188907,CONCOR,523.0,523.1,519.75,520.05,2.93,520.05,15.533100000000001,538.5331,507.4669,False,NONE,-0.93,-6.53,0.02,0
2026-08-18,2026-08-18T09:35:36.188907,CROMPTON,245.15,245.75,244.1,244.5,3.4,244.5,7.99189,253.14189000000002,237.15811,False,NONE,-0.61,3.43,0.06,1.82
2026-08-18,2026-08-18T09:35:36.188907,CUMMINSIND,5470.0,5485.0,5463.5,5467.0,3.16,5467.0,172.305,5642.305,5297.695,False,NONE,-0.19,1.17,-0.01,-1.3
2026-08-18,2026-08-18T09:35:36.188907,DABUR,406.5,406.5,404.35,404.65,2.32,404.65,9.593399999999999,416.0934,396.9066,False,NONE,-0.72,5.05,0.13,-1.85
2026-08-18,2026-08-18T09:35:36.188907,DALBHARAT,1858.5,1859.3,1840.2,1840.2,3.02,1840.2,57.79935,1916.29935,1800.70065,False,NONE,-0.38,1.5,-0.06,0
2026-08-18,2026-08-18T09:35:36.188907,DELHIVERY,455.05,456.5,454.5,455.35,2.94,455.35,13.74251,468.79251,441.30749000000003,False,NONE,-0.38,-3.67,0.06,0
2026-08-18,2026-08-18T09:35:36.188907,DIVISLAB,8548.5,8620.0,8501.5,8593.0,2.65,8593.0,225.68040000000002,8774.1804,8322.8196,False,NONE,0.68,9.43,0.82,1.09
2026-08-18,2026-08-18T09:35:36.188907,DIXON,14140.0,14460.0,14122.0,14355.0,3.84,14355.0,557.116,14697.116,13582.884,False,NONE,1.88,7.49,-0.69,10.64
2026-08-18,2026-08-18T09:35:36.188907,DLF,674.05,674.05,659.8,661.35,3.52,661.35,23.119915000000002,697.169915,650.930085,False,NONE,-2.1,5.16,0.43,-5.97
2026-08-18,2026-08-18T09:35:36.188907,DMART,3960.0,3979.1,3950.1,3951.7,2.77,3951.7,111.67199999999998,4071.672,3848.328,False,NONE,-1.48,2.44,0.07,-1.69
2026-08-18,2026-08-18T09:35:36.188907,DRREDDY,1181.9,1185.2,1177.8,1181.2,2.27,1181.2,26.592750000000002,1208.4927500000001,1155.30725,False,NONE,-0.3,-0.34,0.21,0
2026-08-18,2026-08-18T09:35:36.188907,EICHERMOT,8075.0,8109.0,8051.0,8081.0,2.37,8081.0,196.2225,8271.2225,7878.7775,False,NONE,-0.33,2.45,0.05,-1.14
2026-08-18,2026-08-18T09:35:36.188907,ETERNAL,318.0,320.95,317.35,318.45,3.44,318.45,11.161799999999998,329.16179999999997,306.83820000000003,False,NONE,-0.27,2.41,0.14,0
2026-08-18,2026-08-18T09:35:36.188907,FEDERALBNK,355.95,357.0,353.75,353.8,2.32,353.8,8.329229999999999,364.27923,347.62077,False,NONE,-0.67,1.5,-0.07,-1.52
2026-08-18,2026-08-18T09:35:36.188907,FINNIFTY,26262.8,26264.3,26180.3,26181.6,1.45,26181.6,391.31572,26654.115719999998,25871.48428,False,NONE,-0.7,5.56,0.14,-8.47
2026-08-18,2026-08-18T09:35:36.188907,FOCIT,37624.0,37640.0,37599.0,37640.0,2.89,37640.0,1087.3336,38711.3336,36536.6664,False,NONE,0,-7.41,0.0,0
2026-08-18,2026-08-18T09:35:36.188907,FORCEMOT,18591.0,18719.0,18390.0,18542.0,4.13,18542.0,708.3171000000001,19299.3171,17882.6829,False,NONE,-0.69,13.89,-0.32,0
2026-08-18,2026-08-18T09:35:36.188907,FORTIS,919.95,920.4,911.6,918.45,2.83,918.45,26.86254,946.81254,893.0874600000001,False,NONE,0.4,5.64,0.14,1.32
2026-08-18,2026-08-18T09:35:36.188907,GAIL,172.01,173.3,172.01,172.41,2.63,172.41,4.455058999999999,176.465059,167.55494099999999,False,NONE,-0.51,0.43,-0.04,0
2026-08-18,2026-08-18T09:35:36.188907,GLENMARK,2329.7,2333.0,2322.0,2327.4,2.76,2327.4,67.09535999999999,2396.7953599999996,2262.60464,False,NONE,0.12,1.66,0.08,0
2026-08-18,2026-08-18T09:35:36.188907,GMRAIRPORT,101.71,102.24,101.48,101.58,2.88,101.58,3.1021549999999998,104.81215499999999,98.607845,False,NONE,-0.35,-2.05,0.13,-1.67
2026-08-18,2026-08-18T09:35:36.188907,GODFRYPHLP,2138.8,2149.4,2115.3,2115.3,3.98,2115.3,88.11856000000002,2226.91856,2050.6814400000003,False,NONE,-0.64,4.94,-0.69,-2.33
2026-08-18,2026-08-18T09:35:36.188907,GODREJCP,933.7,933.7,920.5,921.0,3.09,921.0,29.22481,962.9248100000001,904.47519,False,NONE,-1.27,0.47,-0.06,-1.85
2026-08-18,2026-08-18T09:35:36.188907,GODREJPROP,2044.0,2056.0,2001.1,2003.0,3.73,2003.0,75.4236,2119.4236,1968.5764,False,NONE,-2.53,9.36,0.02,-3.45
2026-08-18,2026-08-18T09:35:36.188907,GRASIM,3265.4,3277.9,3265.4,3268.7,2.56,3268.7,84.24732,3349.64732,3181.15268,False,NONE,0.1,1.25,0.0,0
2026-08-18,2026-08-18T09:35:36.188907,GVT&D,4311.0,4311.0,4272.0,4275.5,4.51,4275.5,192.7017,4503.7017,4118.2983,False,NONE,-0.79,3.7,0.15,-1.69
2026-08-18,2026-08-18T09:35:36.188907,HAL,5055.0,5112.0,5045.1,5103.5,3.18,5103.5,167.32049999999998,5222.3205,4887.6795,False,NONE,0.92,3.86,0.36,3.45
2026-08-18,2026-08-18T09:35:36.188907,HAVELLS,1301.0,1311.0,1301.0,1303.3,2.68,1303.3,33.9561,1334.9561,1267.0439,False,NONE,-0.21,4.16,0.1,-3.85
2026-08-18,2026-08-18T09:35:36.188907,HCLTECH,1320.0,1322.8,1313.0,1315.5,3.17,1315.5,41.448,1361.448,1278.552,False,NONE,-1.37,4.95,-0.03,1.45
2026-08-18,2026-08-18T09:35:36.188907,HDFCAMC,2528.5,2538.0,2506.4,2508.1,2.94,2508.1,77.3721,2605.8721,2451.1279,False,NONE,-1.04,2.16,0.07,-1.43
2026-08-18,2026-08-18T09:35:36.188907,HDFCBANK,729.7,729.7,726.7,727.15,2.63,727.15,19.555960000000002,749.2559600000001,710.14404,False,NONE,-0.69,2.74,0.06,0
2026-08-18,2026-08-18T09:35:36.188907,HDFCLIFE,542.0,542.0,538.1,539.5,2.48,539.5,13.495800000000001,555.4958,528.5042,False,NONE,-0.64,2.52,0.04,-1.85
2026-08-18,2026-08-18T09:35:36.188907,HEROMOTOCO,5759.5,5779.5,5721.0,5731.5,2.95,5731.5,170.4812,5929.9812,5589.0188,False,NONE,-0.66,1.91,0.36,-1.08
2026-08-18,2026-08-18T09:35:36.188907,HINDALCO,1049.45,1050.7,1043.0,1047.2,2.72,1047.2,28.859875000000002,1078.3098750000001,1020.5901250000001,False,NONE,-0.54,0.34,0.0,-3.12
2026-08-18,2026-08-18T09:35:36.188907,HINDPETRO,367.9,371.0,367.0,370.2,2.86,370.2,11.11058,379.01058,356.78941999999995,False,NONE,-0.43,-1.23,0.4,-6.78
2026-08-18,2026-08-18T09:35:36.188907,HINDUNILVR,2062.0,2063.0,2045.4,2046.0,2.07,2046.0,44.1268,2106.1268,2017.8732,False,NONE,-1.08,3,0.14,-1.79
2026-08-18,2026-08-18T09:35:36.188907,HINDZINC,570.3,570.3,564.55,565.75,3.44,565.75,19.56129,589.8612899999999,550.73871,False,NONE,-0.92,0.03,-0.11,0
2026-08-18,2026-08-18T09:35:36.188907,HYUNDAI,2180.0,2224.6,2180.0,2208.0,3.43,2208.0,64.31,2244.31,2115.69,False,NONE,0.28,11.51,0.35,0
2026-08-18,2026-08-18T09:35:36.188907,ICICIBANK,1413.7,1418.6,1410.9,1415.5,2,1415.5,28.274,1441.9740000000002,1385.426,False,NONE,-0.41,3.81,-0.01,-1.64
2026-08-18,2026-08-18T09:35:36.188907,ICICIGI,1639.3,1639.3,1624.3,1625.8,2.75,1625.8,39.99892,1679.29892,1599.30108,False,NONE,-0.69,0.46,0.14,0
2026-08-18,2026-08-18T09:35:36.188907,ICICIPRULI,502.4,505.45,502.4,504.55,2.56,504.55,14.067199999999998,516.4671999999999,488.33279999999996,False,NONE,-0.24,-3.3,0.07,3.39
2026-08-18,2026-08-18T09:35:36.188907,IDEA,13.6,13.77,13.49,13.69,4.67,13.69,0.63512,14.23512,12.964879999999999,False,NONE,-0.29,-1.26,0.76,-1.54
2026-08-18,2026-08-18T09:35:36.188907,IDFCFIRSTB,85.37,85.64,84.87,84.95,2.7,84.95,2.30499,87.67499000000001,83.06501,False,NONE,-0.67,0.81,0.06,0
2026-08-18,2026-08-18T09:35:36.188907,IEX,125.2,125.88,124.21,124.57,2.96,124.57,3.6934000000000005,128.8934,121.5066,False,NONE,-1.04,3.06,0.04,0
2026-08-18,2026-08-18T09:35:36.188907,INDHOTEL,722.9,722.9,716.7,717.3,2.5,717.3,17.27731,740.17731,705.6226899999999,False,NONE,-0.78,2.67,0.01,0
2026-08-18,2026-08-18T09:35:36.188907,INDIANB,880.0,888.25,877.45,878.55,3.39,878.55,30.448,910.448,849.552,False,NONE,-0.91,2.84,0.32,0
2026-08-18,2026-08-18T09:35:36.188907,INDIGO,5180.0,5239.0,5162.5,5207.0,3.19,5207.0,164.206,5344.206,5015.794,False,NONE,-1.94,10.39,0.12,-1.64
2026-08-18,2026-08-18T09:35:36.188907,INDUSINDBK,1013.7,1021.1,1013.1,1017.4,2.7,1017.4,27.97812,1041.67812,985.72188,False,NONE,-0.04,2.11,-0.01,0
2026-08-18,2026-08-18T09:35:36.188907,INDUSTOWER,380.05,380.05,374.35,374.8,2.87,374.8,10.147335,390.197335,369.902665,False,NONE,-1.69,13.6,0.24,-1.61
2026-08-18,2026-08-18T09:35:36.188907,INFY,1124.3,1133.7,1122.1,1122.4,3.34,1122.4,38.00134,1162.30134,1086.29866,False,NONE,-1.76,7.38,0.44,-2.35
2026-08-18,2026-08-18T09:35:36.188907,INOXWIND,78.31,78.31,76.43,76.8,4.59,76.8,3.594429,81.90442900000001,74.715571,False,NONE,-2.23,2,1.13,-8.47
2026-08-18,2026-08-18T09:35:36.188907,IOC,138.75,139.42,138.6,139.03,2.59,139.03,3.621375,142.371375,135.128625,False,NONE,-0.32,1.96,-0.07,0
2026-08-18,2026-08-18T09:35:36.188907,IREDA,115.97,116.0,114.71,114.83,3.17,114.83,3.548682,119.518682,112.421318,False,NONE,-0.96,1.26,0.32,-1.64
2026-08-18,2026-08-18T09:35:36.188907,IRFC,87.34,87.5,86.42,86.5,2.95,86.5,2.672604,90.01260400000001,84.667396,False,NONE,-0.97,1.53,0.13,0
2026-08-18,2026-08-18T09:35:36.188907,ITC,273.4,273.8,272.8,273.15,2.09,273.15,5.55002,278.95002,267.84997999999996,False,NONE,-0.22,6.43,0.04,0
2026-08-18,2026-08-18T09:35:36.188907,JINDALSTEL,1114.0,1116.9,1110.6,1115.2,2.73,1115.2,30.300800000000002,1144.3008,1083.6992,False,NONE,-0.08,-0.83,0.12,0
2026-08-18,2026-08-18T09:35:36.188907,JIOFIN,248.5,248.7,246.4,246.6,3.43,246.6,8.299900000000001,256.7999,240.2001,False,NONE,-1.24,3.36,0.6,0
2026-08-18,2026-08-18T09:35:36.188907,JSWENERGY,556.9,557.2,553.15,553.7,2.58,553.7,14.702160000000001,571.60216,542.1978399999999,False,NONE,-0.5,-3.4,-0.05,0
2026-08-18,2026-08-18T09:35:36.188907,JSWSTEEL,1280.3,1285.9,1280.3,1282.5,2.59,1282.5,35.720369999999996,1316.02037,1244.57963,False,NONE,-0.14,1.41,0.07,0
2026-08-18,2026-08-18T09:35:36.188907,JUBLFOOD,505.6,505.9,501.85,503.4,3.21,503.4,16.98816,522.58816,488.61184000000003,False,NONE,-0.8,-5.45,0.17,3.03
2026-08-18,2026-08-18T09:35:36.188907,KALYANKJIL,613.45,613.45,610.5,611.25,5.29,611.25,32.083435,645.533435,581.366565,False,NONE,-0.3,4.23,-0.11,-1.45
2026-08-18,2026-08-18T09:35:36.188907,KAYNES,3674.4,3714.1,3658.4,3713.0,5.33,3713.0,201.72456000000003,3876.12456,3472.67544,False,NONE,1.46,-2.91,0.42,-1.41
2026-08-18,2026-08-18T09:35:36.188907,KEI,5900.0,5908.0,5828.0,5848.1,3.28,5848.1,198.83,6098.83,5701.17,False,NONE,-0.11,2.15,0.64,1.1
2026-08-18,2026-08-18T09:35:36.188907,KFINTECH,968.8,968.8,937.0,939.65,4.02,939.65,38.07384,1006.87384,930.7261599999999,False,NONE,-2.42,7.6,2.72,2.13
2026-08-18,2026-08-18T09:35:36.188907,KOTAKBANK,392.4,393.8,391.25,391.4,2.15,391.4,8.279639999999999,400.67963999999995,384.12036,False,NONE,-0.96,5.39,0.0,0
2026-08-18,2026-08-18T09:35:36.188907,KPITTECH,614.45,614.45,601.8,601.85,3.62,601.85,22.673205000000003,637.1232050000001,591.776795,False,NONE,-1.18,0.31,0.29,2
2026-08-18,2026-08-18T09:35:36.188907,LAURUSLABS,1806.1,1814.9,1806.0,1809.0,3.06,1809.0,57.25337,1863.3533699999998,1748.84663,False,NONE,-0.01,1.98,0.02,-1.23
2026-08-18,2026-08-18T09:35:36.188907,LICHSGFIN,491.3,491.3,486.55,486.9,2.47,486.9,11.742070000000002,503.04207,479.55793,False,NONE,-0.99,4.33,0.14,0
2026-08-18,2026-08-18T09:35:36.188907,LICI,411.95,413.25,411.8,412.5,3.76,412.5,20.061965,432.011965,391.888035,False,NONE,-0.02,217.43,-0.02,0
2026-08-18,2026-08-18T09:35:36.188907,LODHA,1255.0,1257.4,1225.6,1228.9,3.89,1228.9,49.196000000000005,1304.196,1205.804,False,NONE,-1.95,-0.46,0.14,-2.86
2026-08-18,2026-08-18T09:35:36.188907,LT,4060.0,4070.0,4053.9,4064.7,2.02,4064.7,88.914,4148.914,3971.086,False,NONE,-0.33,-1.22,0.05,0
2026-08-18,2026-08-18T09:35:36.188907,LTF,313.2,314.95,308.85,309.1,3.78,309.1,11.901599999999998,325.10159999999996,301.2984,False,NONE,-2.01,1.78,0.32,0
2026-08-18,2026-08-18T09:35:36.188907,LTM,4615.0,4643.8,4601.1,4640.0,3.99,4640.0,185.06149999999997,4800.0615,4429.9385,False,NONE,-1.01,4.45,3.0,0
2026-08-18,2026-08-18T09:35:36.188907,LUPIN,2260.0,2260.0,2233.5,2241.5,2.48,2241.5,58.76,2318.76,2201.24,False,NONE,-0.92,0.73,0.32,0
2026-08-18,2026-08-18T09:35:36.188907,M&M,3401.0,3422.5,3392.3,3416.2,2.66,3416.2,89.78640000000001,3490.7864,3311.2136,False,NONE,0.13,3.92,-0.05,0
2026-08-18,2026-08-18T09:35:36.188907,MANAPPURAM,349.85,351.45,346.6,346.65,4.15,346.65,12.979435,362.82943500000005,336.870565,False,NONE,-0.57,-18.91,-0.01,2.22
2026-08-18,2026-08-18T09:35:36.188907,MANKIND,2375.0,2403.6,2373.0,2377.9,2.42,2377.9,61.5125,2436.5125,2313.4875,False,NONE,-0.66,0.53,0.13,0
2026-08-18,2026-08-18T09:35:36.188907,MARICO,858.85,858.85,851.5,852.2,2.28,852.2,19.839435,878.689435,839.010565,False,NONE,-0.47,-1.48,0.03,-1.64
2026-08-18,2026-08-18T09:35:36.188907,MARUTI,13775.0,13918.0,13775.0,13871.0,2.48,13871.0,334.7325,14109.7325,13440.2675,False,NONE,0.14,1.78,0.15,0
2026-08-18,2026-08-18T09:35:36.188907,MAXHEALTH,1001.0,1005.0,984.1,1001.8,3.27,1001.8,35.035,1036.035,965.965,False,NONE,-0.06,-3.34,0.23,2
2026-08-18,2026-08-18T09:35:36.188907,MAZDOCK,2566.5,2583.8,2559.7,2570.0,3.79,2570.0,98.04029999999999,2664.5403,2468.4597,False,NONE,-0.07,4.74,0.15,-2.08
2026-08-18,2026-08-18T09:35:36.188907,MCX,2959.9,2967.0,2919.0,2942.8,3.67,2942.8,112.77219000000001,3072.6721900000002,2847.12781,False,NONE,-0.53,4.42,0.15,-2.33
2026-08-18,2026-08-18T09:35:36.188907,MFSL,1564.9,1567.9,1548.7,1549.0,3.13,1549.0,47.259980000000006,1612.1599800000001,1517.64002,False,NONE,-1.04,1.5,0.04,-4.08
2026-08-18,2026-08-18T09:35:36.188907,MIDCPNIFTY,14979.0,14979.0,14905.0,14905.0,1.35,14905.0,203.7144,15182.7144,14775.2856,False,NONE,-0.69,4.05,-0.24,-4.9
2026-08-18,2026-08-18T09:35:36.188907,MOTHERSON,168.5,170.9,168.5,170.2,3.39,170.2,5.560499999999999,174.0605,162.9395,False,NONE,0.62,12.38,-0.32,-5.45
2026-08-18,2026-08-18T09:35:36.188907,MOTILALOFS,955.85,963.9,942.2,945.5,3.48,945.5,34.02826,989.8782600000001,921.82174,False,NONE,-1.58,-2.17,0.23,-10.34
2026-08-18,2026-08-18T09:35:36.188907,MPHASIS,2518.9,2518.9,2473.4,2475.5,3.84,2475.5,99.24466000000001,2618.14466,2419.6553400000003,False,NONE,-1.21,2.55,0.26,0
2026-08-18,2026-08-18T09:35:36.188907,MUTHOOTFIN,2909.4,2910.0,2880.8,2883.4,3.28,2883.4,90.48234000000001,2999.88234,2818.91766,False,NONE,-0.82,7.4,-0.15,0
2026-08-18,2026-08-18T09:35:36.188907,NAM-INDIA,1192.1,1199.9,1170.2,1172.2,3.79,1172.2,46.73031999999999,1238.8303199999998,1145.36968,False,NONE,-2.41,-1.31,0.1,-5.13
2026-08-18,2026-08-18T09:35:36.188907,NATIONALUM,386.0,389.45,386.0,388.25,3.9,388.25,15.748800000000001,401.7488,370.2512,False,NONE,-0.38,0.03,0.16,0
2026-08-18,2026-08-18T09:35:36.188907,NAUKRI,1352.2,1357.9,1326.8,1353.0,3.36,1353.0,46.6509,1398.8509000000001,1305.5491,False,NONE,-0.69,4.66,0.21,-1.47
2026-08-18,2026-08-18T09:35:36.188907,NBCC,90.1,90.1,88.93,89.09,3.79,89.09,3.2075599999999995,93.30756,86.89244,False,NONE,-1.18,2.85,0.05,0
2026-08-18,2026-08-18T09:35:36.188907,NESTLEIND,1481.4,1481.4,1469.7,1472.5,2.46,1472.5,36.886860000000006,1518.2868600000002,1444.51314,False,NONE,-0.35,-3.17,0.23,0
2026-08-18,2026-08-18T09:35:36.188907,NHPC,75.92,76.59,75.89,76.22,2.62,76.22,1.966328,77.886328,73.953672,False,NONE,-0.56,-5.06,0.22,0
2026-08-18,2026-08-18T09:35:36.188907,NIFTY,24301.0,24308.0,24262.0,24266.0,0.32,24266.0,85.0535,24386.0535,24215.9465,False,NONE,-0.52,2.28,0.65,-5.05
2026-08-18,2026-08-18T09:35:36.188907,NIFTYFPI,1586.0,1596.9,1584.15,1596.0,-,1596.0,,,,False,NONE,0,-,-20.0,-
2026-08-18,2026-08-18T09:35:36.188907,NIFTYNXT50,74362.0,74449.8,74301.2,74371.0,1.88,74371.0,1396.84376,75697.04376,72903.35624,False,NONE,-0.26,21.24,-0.13,-1.75
2026-08-18,2026-08-18T09:35:36.188907,NMDC,84.99,85.48,84.04,84.43,3.11,84.43,2.7621749999999996,87.752175,82.227825,False,NONE,-1.22,2.2,-0.12,-5.08
2026-08-18,2026-08-18T09:35:36.188907,NTPC,337.95,339.35,337.6,338.45,2.27,338.45,7.874235,345.824235,330.075765,False,NONE,0.09,-0.05,0.1,0
2026-08-18,2026-08-18T09:35:36.188907,NYKAA,327.35,329.35,327.3,327.45,2.98,327.45,9.75503,337.10503,317.59497000000005,False,NONE,-0.44,-1.88,0.0,0
2026-08-18,2026-08-18T09:35:36.188907,OBEROIRLTY,1950.0,1963.8,1878.4,1892.1,3.96,1892.1,79.94999999999999,2029.95,1870.05,False,NONE,-2.4,-3.05,-0.87,-6.67
2026-08-18,2026-08-18T09:35:36.188907,OFSS,11800.0,11800.0,11715.0,11750.0,4.09,11750.0,492.06,12292.06,11307.94,False,NONE,-0.45,1.71,0.15,-1.23
2026-08-18,2026-08-18T09:35:36.188907,OIL,481.95,487.05,481.0,486.55,3.75,486.55,17.880345,499.83034499999997,464.069655,False,NONE,1.91,7.73,0.74,3.33
2026-08-18,2026-08-18T09:35:36.188907,ONGC,239.92,242.14,239.92,241.72,2.4,241.72,5.830056,245.750056,234.08994399999997,False,NONE,0.78,6.51,0.76,0
2026-08-18,2026-08-18T09:35:36.188907,PAGEIND,37215.0,37265.0,36915.0,37165.0,3.29,37165.0,1220.652,38435.652,35994.348,False,NONE,-0.52,-1.34,0.24,-11.11
2026-08-18,2026-08-18T09:35:36.188907,PATANJALI,352.05,352.55,348.9,351.2,3.73,351.2,13.342695,365.392695,338.707305,False,NONE,-0.38,-0.93,0.35,-2.17
2026-08-18,2026-08-18T09:35:36.188907,PAYTM,1589.4,1599.9,1559.0,1563.0,3.75,1563.0,59.76144,1649.16144,1529.63856,False,NONE,-1.66,6.72,1.81,-7.53
2026-08-18,2026-08-18T09:35:36.188907,PERSISTENT,5542.0,5562.0,5516.0,5557.0,3.72,5557.0,207.2708,5749.2708,5334.7292,False,NONE,-0.34,3.65,0.3,0
2026-08-18,2026-08-18T09:35:36.188907,PETRONET,283.1,285.05,282.6,283.4,2.4,283.4,6.90764,290.00764000000004,276.19236,False,NONE,-0.05,0.39,-0.03,-1
2026-08-18,2026-08-18T09:35:36.188907,PFC,376.15,377.5,375.55,376.65,2.59,376.65,9.591824999999998,385.74182499999995,366.558175,False,NONE,-0.08,1.81,0.0,0
2026-08-18,2026-08-18T09:35:36.188907,PGEL,608.05,615.0,603.8,606.75,4.55,606.75,26.632589999999997,634.68259,581.4174099999999,False,NONE,-0.04,8.4,0.02,-1.59
2026-08-18,2026-08-18T09:35:36.188907,PHOENIXLTD,1942.1,1942.1,1910.0,1914.2,2.8,1914.2,53.60195999999999,1995.7019599999999,1888.49804,False,NONE,-1.33,3.82,0.1,0
2026-08-18,2026-08-18T09:35:36.188907,PIDILITIND,1668.0,1672.2,1661.7,1662.0,2.23,1662.0,38.364,1706.364,1629.636,False,NONE,-0.95,-0.4,0.07,1.64
2026-08-18,2026-08-18T09:35:36.188907,PIIND,2482.0,2483.9,2462.0,2462.0,3.17,2462.0,83.8916,2565.8916,2398.1084,False,NONE,-0.74,3.35,0.05,0
2026-08-18,2026-08-18T09:35:36.188907,PNB,117.03,118.14,116.89,117.11,3.02,117.11,3.6981480000000007,120.728148,113.331852,False,NONE,-0.64,-0.7,0.06,0
2026-08-18,2026-08-18T09:35:36.188907,PNBHOUSING,1149.6,1149.6,1130.0,1135.1,3.31,1135.1,38.05176,1187.65176,1111.5482399999999,False,NONE,-1.25,2.4,-0.31,0
2026-08-18,2026-08-18T09:35:36.188907,POLICYBZR,1754.0,1754.0,1724.6,1736.5,3.49,1736.5,68.93220000000001,1822.9322,1685.0678,False,NONE,0,3.28,0.18,-1.43
2026-08-18,2026-08-18T09:35:36.188907,POLYCAB,9380.0,9380.0,9292.0,9309.0,2.99,9309.0,288.904,9668.904,9091.096,False,NONE,-0.4,6.6,-0.08,0
2026-08-18,2026-08-18T09:35:36.188907,POWERGRID,266.7,267.9,266.7,267.25,2.11,267.25,5.92074,272.62074,260.77925999999997,False,NONE,-0.06,-4.23,0.01,0
2026-08-18,2026-08-18T09:35:36.188907,POWERINDIA,35505.0,35600.0,35320.0,35600.0,4.06,35600.0,1434.402,36939.402,34070.598,False,NONE,-0.22,4.48,-0.04,0
2026-08-18,2026-08-18T09:35:36.188907,PREMIERENE,1023.0,1029.0,1019.8,1023.1,3.62,1023.1,36.5211,1059.5211,986.4789,False,NONE,0.44,-0.37,-0.04,3.03
2026-08-18,2026-08-18T09:35:36.188907,PRESTIGE,1597.6,1597.6,1568.6,1569.2,3.39,1569.2,52.24152,1649.84152,1545.3584799999999,False,NONE,-1.78,-1.75,0.28,-2.99
2026-08-18,2026-08-18T09:35:36.188907,RADICO,4695.7,4715.0,4652.8,4660.0,3.2,4660.0,155.89723999999998,4851.59724,4539.80276,False,NONE,-0.27,-0.99,2.68,1.32
2026-08-18,2026-08-18T09:35:36.188907,RBLBANK,381.1,384.0,378.45,379.2,3.17,379.2,12.766850000000002,393.86685,368.33315000000005,False,NONE,-0.91,0.68,0.02,-3.03
2026-08-18,2026-08-18T09:35:36.188907,RECLTD,339.1,340.8,338.6,340.25,2.5,340.25,8.24013,347.34013000000004,330.85987,False,NONE,0.21,3.75,0.16,1.56
2026-08-18,2026-08-18T09:35:36.188907,RELIANCE,1317.0,1331.0,1314.7,1323.7,2.16,1323.7,27.657000000000004,1344.657,1289.343,False,NONE,0.13,8.07,0.14,0
2026-08-18,2026-08-18T09:35:36.188907,RVNL,227.44,228.01,225.96,226.65,3.13,226.65,7.84668,235.28668,219.59332,False,NONE,-1.02,-4,0.08,1.96
2026-08-18,2026-08-18T09:35:36.188907,SAIL,174.92,174.92,173.0,173.3,6.25,173.3,10.949992,185.869992,163.97000799999998,False,NONE,0.06,21.36,-0.02,1.49
2026-08-18,2026-08-18T09:35:36.188907,SBICARD,640.45,640.45,627.85,628.2,3.13,628.2,19.98204,660.43204,620.4679600000001,False,NONE,-1.67,4.58,0.32,-1.75
2026-08-18,2026-08-18T09:35:36.188907,SBILIFE,1794.4,1796.2,1781.3,1781.3,2.35,1781.3,43.42448,1837.82448,1750.9755200000002,False,NONE,-0.84,-1.6,0.12,-3.85
2026-08-18,2026-08-18T09:35:36.188907,SBIN,1062.0,1069.0,1061.2,1062.4,2.5,1062.4,27.2934,1089.2934,1034.7066,False,NONE,-0.48,-1.42,-0.11,0
2026-08-18,2026-08-18T09:35:36.188907,SENSEX,77768.0,77925.85,77675.0,77690.0,0.75,77690.0,583.26,78351.26,77184.74,False,NONE,-0.48,2.74,2.78,-4.63
2026-08-18,2026-08-18T09:35:36.188907,SHREECEM,24490.0,24810.0,24490.0,24620.0,2.66,24620.0,685.72,25175.72,23804.28,False,NONE,-0.36,1.21,0.26,2.22
2026-08-18,2026-08-18T09:35:36.188907,SHRIRAMFIN,1116.1,1126.6,1115.0,1115.4,3.32,1115.4,37.38935,1153.4893499999998,1078.71065,False,NONE,-1.16,3.17,0.13,0
2026-08-18,2026-08-18T09:35:36.188907,SIEMENS,3955.3,3990.0,3947.6,3980.0,3.41,3980.0,133.29361,4088.5936100000004,3822.00639,False,NONE,0.31,4.09,0.01,0
2026-08-18,2026-08-18T09:35:36.188907,SOLARINDS,20000.0,20434.0,20000.0,20313.0,3.88,20313.0,774.0,20774.0,19226.0,False,NONE,1.25,6.46,0.23,12.33
2026-08-18,2026-08-18T09:35:36.188907,SONACOMS,805.0,822.0,805.0,821.0,3.79,821.0,29.221500000000002,834.2215,775.7785,False,NONE,1.53,11.29,0.08,-3.08
2026-08-18,2026-08-18T09:35:36.188907,SRF,2616.9,2639.0,2613.5,2619.6,2.53,2619.6,71.70306000000001,2688.60306,2545.1969400000003,False,NONE,-0.22,-0.14,0.05,0
2026-08-18,2026-08-18T09:35:36.188907,SUNPHARMA,1896.5,1898.6,1885.8,1894.1,1.99,1894.1,39.0679,1935.5679,1857.4321,False,NONE,0.07,-1.35,0.13,2.08
2026-08-18,2026-08-18T09:35:36.188907,SUPREMEIND,3594.1,3613.3,3594.1,3606.6,3.08,3606.6,112.85474,3706.95474,3481.2452599999997,False,NONE,-0.02,-1.27,0.01,1.75
2026-08-18,2026-08-18T09:35:36.188907,SUZLON,48.82,49.04,48.61,48.75,3.77,48.75,1.860042,50.680042,46.959958,False,NONE,-0.69,0.9,0.11,0
2026-08-18,2026-08-18T09:35:36.188907,SWIGGY,276.9,277.0,274.6,275.1,4.58,275.1,13.125059999999998,290.02506,263.77493999999996,False,NONE,-0.79,2.49,0.13,2.17
2026-08-18,2026-08-18T09:35:36.188907,TATACONSUM,1083.6,1083.6,1070.9,1072.7,2.58,1072.7,28.173599999999997,1111.7736,1055.4263999999998,False,NONE,-0.57,1.28,0.01,0
2026-08-18,2026-08-18T09:35:36.188907,TATAELXSI,3768.5,3768.5,3705.3,3706.3,3.39,3706.3,128.50585,3897.00585,3639.99415,False,NONE,-1.48,1.64,0.0,2.04
2026-08-18,2026-08-18T09:35:36.188907,TATAPOWER,382.0,382.0,379.7,380.05,2.36,380.05,9.0916,391.09159999999997,372.90840000000003,False,NONE,-0.37,-0.33,-0.03,0
2026-08-18,2026-08-18T09:35:36.188907,TATASTEEL,186.4,187.19,185.75,186.61,2.83,186.61,5.536080000000001,191.93608,180.86392,False,NONE,0.1,-1.58,0.13,0
2026-08-18,2026-08-18T09:35:36.188907,TCS,2305.1,2310.0,2295.0,2296.2,3.03,2296.2,70.99708,2376.09708,2234.10292,False,NONE,-1.23,0.04,0.11,-1.64
2026-08-18,2026-08-18T09:35:36.188907,TECHM,1608.0,1608.0,1593.0,1595.5,2.85,1595.5,45.1848,1653.1848,1562.8152,False,NONE,-1.08,1.57,-0.2,-2.13
2026-08-18,2026-08-18T09:35:36.188907,TIINDIA,2767.1,2862.5,2767.1,2849.7,4.25,2849.7,116.77161999999998,2883.87162,2650.32838,False,NONE,3.23,14.9,0.72,-17.02
2026-08-18,2026-08-18T09:35:36.188907,TITAN,5070.1,5089.0,5063.4,5073.5,2.3,5073.5,120.16137,5190.26137,4949.938630000001,False,NONE,-0.23,1.84,-0.01,0
2026-08-18,2026-08-18T09:35:36.188907,TMPV,331.05,332.15,329.45,330.0,3.03,330.0,10.063920000000001,341.11392,320.98608,False,NONE,-0.45,1.97,0.31,0
2026-08-18,2026-08-18T09:35:36.188907,TORNTPHARM,4917.0,4935.0,4897.0,4935.0,2.73,4935.0,130.7922,5047.7922,4786.2078,False,NONE,0.29,-3.33,-0.08,1.59
2026-08-18,2026-08-18T09:35:36.188907,TRENT,2961.0,2961.6,2936.3,2943.1,3.4,2943.1,108.96480000000001,3069.9648,2852.0352,False,NONE,-0.61,0.1,0.12,0
2026-08-18,2026-08-18T09:35:36.188907,TVSMOTOR,4378.0,4408.9,4359.9,4395.0,2.94,4395.0,126.0864,4504.0864,4251.9136,False,NONE,0.43,4.48,0.22,1.18
2026-08-18,2026-08-18T09:35:36.188907,ULTRACEMCO,11698.0,11698.0,11581.0,11591.0,2.29,11591.0,257.356,11955.356,11440.644,False,NONE,-0.52,0.7,0.06,-2.33
2026-08-18,2026-08-18T09:35:36.188907,UNIONBANK,188.9,190.69,187.2,187.47,3.55,187.47,6.7059500000000005,195.60595,182.19405,False,NONE,-0.89,0.1,0.09,2.22
2026-08-18,2026-08-18T09:35:36.188907,UNITDSPR,1547.0,1547.0,1538.9,1539.2,2.5,1539.2,39.293800000000005,1586.2938,1507.7062,False,NONE,-0.41,3.01,0.04,3.23
2026-08-18,2026-08-18T09:35:36.188907,UNOMINDA,1279.2,1283.0,1266.0,1275.7,2.89,1275.7,38.50392,1317.7039200000002,1240.69608,False,NONE,0.41,0.79,0.18,6.78
2026-08-18,2026-08-18T09:35:36.188907,UPL,568.95,570.0,566.6,567.25,2.86,567.25,15.9306,584.8806000000001,553.0194,False,NONE,0.04,1.21,0.19,0
2026-08-18,2026-08-18T09:35:36.188907,VBL,436.25,443.0,436.0,442.05,3.12,442.05,14.047250000000002,450.29725,422.20275,False,NONE,1.11,0.19,-0.01,0
2026-08-18,2026-08-18T09:35:36.188907,VEDL,269.0,270.75,268.55,268.75,3.62,268.75,9.8185,278.8185,259.1815,False,NONE,-0.74,2.31,-0.02,-2.17
2026-08-18,2026-08-18T09:35:36.188907,VMM,106.79,106.87,105.4,105.4,3.44,105.4,3.9298720000000005,110.71987200000001,102.860128,False,NONE,-0.76,1.05,0.02,0
2026-08-18,2026-08-18T09:35:36.188907,VOLTAS,1263.5,1272.9,1256.0,1260.0,3.55,1260.0,43.2117,1306.7117,1220.2883,False,NONE,-0.28,2,0.82,-2.13
2026-08-18,2026-08-18T09:35:36.188907,WAAREEENER,2705.3,2719.9,2697.4,2703.5,3.14,2703.5,83.8643,2789.1643000000004,2621.4357,False,NONE,-0.35,3.57,0.0,-1.79
2026-08-18,2026-08-18T09:35:36.188907,WIPRO,182.0,182.0,179.11,179.12,2.95,179.12,5.314399999999999,187.3144,176.6856,False,NONE,-1.55,1.92,0.55,-2.9
2026-08-18,2026-08-18T09:35:36.188907,YESBANK,22.96,23.01,22.7,22.7,3.13,22.7,0.672728,23.632728,22.287272,False,NONE,-1.22,4.72,0.17,0
2026-08-18,2026-08-18T09:35:36.188907,ZYDUSLIFE,1142.0,1144.7,1125.3,1138.3,2.91,1138.3,34.26,1176.26,1107.74,False,NONE,0.18,-0.99,0.14,0
2026-08-18,2026-08-18T10:11:23.148884,360ONE,1176.4,1176.7,1155.0,1167.1,3.49,1167.1,40.11524,1216.5152400000002,1136.28476,False,NONE,-0.93,3.22,0.51,-1.92
2026-08-18,2026-08-18T10:11:23.148884,ABB,7698.5,7743.5,7672.5,7689.5,3.46,7689.5,277.91585,7976.41585,7420.58415,False,NONE,-0.25,0.07,0.55,0
2026-08-18,2026-08-18T10:11:23.148884,ABCAPITAL,399.4,400.55,394.45,395.3,2.93,395.3,11.86218,411.26218,387.53781999999995,False,NONE,-1.1,-0.11,0.81,-2.74
2026-08-18,2026-08-18T10:11:23.148884,ADANIENSOL,1585.1,1609.0,1585.1,1609.0,3.86,1609.0,64.67208,1649.77208,1520.4279199999999,False,NONE,1.37,-2.97,0.36,2.27
2026-08-18,2026-08-18T10:11:23.148884,ADANIENT,3015.0,3037.0,3014.3,3032.2,3.27,3032.2,98.892,3113.892,2916.108,False,NONE,0.22,-1.53,-0.15,1.59
2026-08-18,2026-08-18T10:11:23.148884,ADANIGREEN,1328.0,1331.0,1316.2,1329.0,3.74,1329.0,49.2688,1377.2688,1278.7312,False,NONE,-0.06,2.31,-0.31,0
2026-08-18,2026-08-18T10:11:23.148884,ADANIPORTS,1692.2,1692.2,1679.3,1683.1,2.63,1683.1,45.85862,1738.05862,1646.34138,False,NONE,-0.56,1.55,0.13,0
2026-08-18,2026-08-18T10:11:23.148884,ADANIPOWER,203.8,207.89,203.8,207.89,4.02,207.89,8.82454,212.62454000000002,194.97546,False,NONE,1.52,-4.63,-0.65,4.55
2026-08-18,2026-08-18T10:11:23.148884,ALKEM,5415.5,5500.0,5410.0,5498.0,2.97,5498.0,170.04670000000002,5585.5467,5245.4533,False,NONE,1.55,8.49,-0.35,0
2026-08-18,2026-08-18T10:11:23.148884,AMBER,7297.0,7434.5,7278.5,7377.0,3.32,7377.0,251.0168,7548.0168,7045.9832,False,NONE,1.09,0.41,-0.34,5.17
2026-08-18,2026-08-18T10:11:23.148884,AMBUJACEM,415.0,417.2,413.55,416.45,2.45,416.45,9.544999999999998,424.545,405.455,False,NONE,-0.28,1.04,0.24,1.85
2026-08-18,2026-08-18T10:11:23.148884,ANGELONE,290.0,292.4,281.7,286.0,4.21,286.0,10.933,300.933,279.067,False,NONE,-2.49,15.63,2.87,-2.13
2026-08-18,2026-08-18T10:11:23.148884,APLAPOLLO,2088.7,2104.1,2088.0,2096.3,2.61,2096.3,51.38201999999999,2140.08202,2037.3179799999998,False,NONE,0.01,2.94,0.25,0
2026-08-18,2026-08-18T10:11:23.148884,APOLLOHOSP,8812.5,8889.5,8805.5,8889.0,2.09,8889.0,187.70625,9000.20625,8624.79375,False,NONE,0.38,1.59,0.35,4.05
2026-08-18,2026-08-18T10:11:23.148884,ASHOKLEY,176.21,176.99,175.04,175.11,3.35,175.11,6.431665000000001,182.64166500000002,169.778335,False,NONE,-1.77,1.21,1.01,-1.47
2026-08-18,2026-08-18T10:11:23.148884,ASIANPAINT,2660.1,2674.4,2644.0,2655.0,2.49,2655.0,71.02467,2731.1246699999997,2589.07533,False,NONE,-1.57,-1.78,0.97,-4.92
2026-08-18,2026-08-18T10:11:23.148884,ASTRAL,1542.2,1552.4,1526.6,1528.6,2.7,1528.6,42.87316,1585.0731600000001,1499.32684,False,NONE,-1.14,-3.91,0.22,-3.12
2026-08-18,2026-08-18T10:11:23.148884,AUBANK,1075.5,1079.0,1066.5,1068.7,2.96,1068.7,31.081950000000003,1106.58195,1044.41805,False,NONE,-0.95,2.86,0.0,-4.23
2026-08-18,2026-08-18T10:11:23.148884,AUROPHARMA,1637.9,1646.3,1630.6,1645.3,2.97,1645.3,49.62837,1687.52837,1588.2716300000002,False,NONE,0.99,-1.5,0.05,1.67
2026-08-18,2026-08-18T10:11:23.148884,AXISBANK,1229.3,1239.9,1227.0,1237.3,2.06,1237.3,26.06116,1255.36116,1203.23884,False,NONE,0.21,0.28,0.25,1.69
2026-08-18,2026-08-18T10:11:23.148884,BAJAJ-AUTO,11769.0,11771.0,11722.0,11723.0,2.46,11723.0,301.2864,12070.2864,11467.7136,False,NONE,-0.14,4.73,-0.11,-3.28
2026-08-18,2026-08-18T10:11:23.148884,BAJAJFINSV,2005.0,2023.2,2003.6,2008.9,2.42,2008.9,50.32549999999999,2055.3255,1954.6745,False,NONE,-0.25,1.89,0.17,0
2026-08-18,2026-08-18T10:11:23.148884,BAJAJHLDNG,11406.0,11406.0,11245.0,11250.0,1.97,11250.0,280.7106,11691.7106,11130.2894,False,NONE,-1.86,5.64,0.11,0
2026-08-18,2026-08-18T10:11:23.148884,BAJFINANCE,1095.8,1097.0,1093.2,1095.8,2.66,1095.8,29.257859999999997,1125.05786,1066.54214,False,NONE,-0.03,1.11,0.03,1.32
2026-08-18,2026-08-18T10:11:23.148884,BANDHANBNK,171.85,174.38,170.36,172.03,3.32,172.03,5.825715,177.675715,166.024285,False,NONE,-0.73,15.52,-0.06,0
2026-08-18,2026-08-18T10:11:23.148884,BANKBARODA,247.0,247.87,245.57,246.1,2.88,246.1,7.261799999999999,254.2618,239.7382,False,NONE,-0.74,1.71,0.19,0
2026-08-18,2026-08-18T10:11:23.148884,BANKEX,65514.65,65514.65,65514.65,65514.65,2.02,65514.65,1048.2344,66562.8844,64466.4156,False,NONE,-,39.92,0.0,-8.49
2026-08-18,2026-08-18T10:11:23.148884,BANKINDIA,143.6,144.8,142.54,142.72,3.44,142.72,5.32756,148.92756,138.27244,False,NONE,-0.72,3.82,-0.01,-1.27
2026-08-18,2026-08-18T10:11:23.148884,BANKNIFTY,57595.0,57720.0,57431.0,57456.4,1.39,57456.4,812.0894999999999,58407.0895,56782.9105,False,NONE,-0.66,3.33,1.67,-10.84
2026-08-18,2026-08-18T10:11:23.148884,BDL,1377.1,1392.4,1365.2,1369.0,4.16,1369.0,58.389039999999994,1435.48904,1318.71096,False,NONE,-0.95,-4.07,0.32,-1.82
2026-08-18,2026-08-18T10:11:23.148884,BEL,413.0,415.3,411.75,411.85,2.78,411.85,12.3074,425.3074,400.6926,False,NONE,-0.3,-3.81,-0.3,-4.05
2026-08-18,2026-08-18T10:11:23.148884,BHARATFORG,2081.1,2101.3,2068.3,2070.5,3.16,2070.5,64.5141,2145.6141,2016.5858999999998,False,NONE,-1.35,1.13,-0.28,0
2026-08-18,2026-08-18T10:11:23.148884,BHARTIARTL,1960.1,1960.3,1922.1,1941.9,2.05,1941.9,40.18205,2000.2820499999998,1919.91795,False,NONE,-1.92,13.11,1.01,-12.77
2026-08-18,2026-08-18T10:11:23.148884,BHEL,434.0,434.0,428.65,429.8,4.04,429.8,18.011000000000003,452.011,415.989,False,NONE,-0.77,-0.39,1.27,-3.28
2026-08-18,2026-08-18T10:11:23.148884,BIOCON,412.4,420.8,412.4,419.75,3.19,419.75,13.238039999999998,425.63804,399.16195999999997,False,NONE,1.33,4.06,-0.29,-5.13
2026-08-18,2026-08-18T10:11:23.148884,BLUESTARCO,1519.0,1534.8,1501.1,1504.0,3.34,1504.0,55.8992,1574.8992,1463.1008,False,NONE,-0.52,2.47,-0.26,-6.52
2026-08-18,2026-08-18T10:11:23.148884,BOSCHLTD,47095.0,47625.0,46985.0,47435.0,2.66,47435.0,1351.6264999999999,48446.6265,45743.3735,False,NONE,0.4,0.04,0.04,4.46
2026-08-18,2026-08-18T10:11:23.148884,BPCL,315.0,317.35,315.0,316.25,2.78,316.25,9.2925,324.2925,305.7075,False,NONE,-0.71,0.12,0.73,0
2026-08-18,2026-08-18T10:11:23.148884,BRITANNIA,5471.0,5529.0,5470.5,5498.0,2.22,5498.0,125.2859,5596.2859,5345.7141,False,NONE,-0.64,-0.45,1.67,-5.17
2026-08-18,2026-08-18T10:11:23.148884,BSE,3312.5,3325.0,3231.3,3259.0,4.46,3259.0,139.7875,3452.2875,3172.7125,False,NONE,-2.93,10.32,5.96,5.13
2026-08-18,2026-08-18T10:11:23.148884,CAMS,774.75,774.8,762.0,763.8,3.13,763.8,23.552400000000002,798.3024,751.1976,False,NONE,-1.92,3.57,1.02,0
2026-08-18,2026-08-18T10:11:23.148884,CANBK,129.6,131.14,129.6,129.8,3.27,129.8,4.3416,133.9416,125.2584,False,NONE,-1.1,1.7,0.0,-1.3
2026-08-18,2026-08-18T10:11:23.148884,CDSL,1363.8,1363.8,1340.0,1340.5,3.25,1340.5,42.14142,1405.9414199999999,1321.65858,False,NONE,-1.43,6.79,0.79,-3.28
2026-08-18,2026-08-18T10:11:23.148884,CGPOWER,899.9,900.7,891.0,894.15,4.06,894.15,36.8959,936.7959,863.0041,False,NONE,-0.41,3.96,-0.12,0
2026-08-18,2026-08-18T10:11:23.148884,CHOLAFIN,1880.0,1887.4,1871.3,1873.5,3.06,1873.5,55.46,1935.46,1824.54,False,NONE,-1.2,3.97,0.01,-3.03
2026-08-18,2026-08-18T10:11:23.148884,CIPLA,1434.3,1438.9,1431.1,1436.4,2.28,1436.4,32.55861,1466.85861,1401.74139,False,NONE,0.15,0.8,0.11,0
2026-08-18,2026-08-18T10:11:23.148884,COALINDIA,408.35,414.0,408.35,411.65,2.06,411.65,8.167,416.517,400.18300000000005,False,NONE,0.98,3.89,0.24,4.41
2026-08-18,2026-08-18T10:11:23.148884,COCHINSHIP,1464.7,1499.0,1461.7,1486.5,3.79,1486.5,50.67862,1515.37862,1414.0213800000001,False,NONE,1.45,12.78,-0.05,-4.05
2026-08-18,2026-08-18T10:11:23.148884,COFORGE,1795.0,1796.0,1778.9,1781.7,3.28,1781.7,58.876,1853.876,1736.124,False,NONE,-1.33,5.26,-0.64,-1.89
2026-08-18,2026-08-18T10:11:23.148884,COLPAL,1949.1,1955.9,1902.5,1911.5,2.88,1911.5,56.328990000000005,2005.4289899999999,1892.77101,False,NONE,-2.96,9.18,4.6,25.49
2026-08-18,2026-08-18T10:11:23.148884,CONCOR,523.0,523.1,518.05,519.75,2.84,519.75,15.533100000000001,538.5331,507.4669,False,NONE,-0.99,-9.58,0.31,2.04
2026-08-18,2026-08-18T10:11:23.148884,CROMPTON,245.15,245.75,243.35,243.35,3.37,243.35,7.99189,253.14189000000002,237.15811,False,NONE,-1.08,-1.97,0.18,1.82
2026-08-18,2026-08-18T10:11:23.148884,CUMMINSIND,5470.0,5485.0,5452.5,5458.0,3.2,5458.0,172.305,5642.305,5297.695,False,NONE,-0.36,2.09,-0.1,-1.3
2026-08-18,2026-08-18T10:11:23.148884,DABUR,406.5,406.5,403.25,404.45,2.34,404.45,9.593399999999999,416.0934,396.9066,False,NONE,-0.77,8.05,0.49,-1.85
2026-08-18,2026-08-18T10:11:23.148884,DALBHARAT,1858.5,1859.3,1839.1,1850.6,2.84,1850.6,57.79935,1916.29935,1800.70065,False,NONE,0.18,7.24,-0.05,2.08
2026-08-18,2026-08-18T10:11:23.148884,DELHIVERY,455.05,458.2,454.45,454.95,2.88,454.95,13.74251,468.79251,441.30749000000003,False,NONE,-0.47,-5.77,0.27,0
2026-08-18,2026-08-18T10:11:23.148884,DIVISLAB,8548.5,8635.0,8501.5,8619.0,2.68,8619.0,225.68040000000002,8774.1804,8322.8196,False,NONE,0.98,8.97,1.22,1.09
2026-08-18,2026-08-18T10:11:23.148884,DIXON,14140.0,14460.0,14122.0,14243.0,3.79,14243.0,557.116,14697.116,13582.884,False,NONE,1.09,7.33,-0.37,8.51
2026-08-18,2026-08-18T10:11:23.148884,DLF,674.05,674.05,658.5,662.55,3.47,662.55,23.119915000000002,697.169915,650.930085,False,NONE,-1.92,4.63,1.29,-5.97
2026-08-18,2026-08-18T10:11:23.148884,DMART,3960.0,3989.0,3949.8,3980.9,2.7,3980.9,111.67199999999998,4071.672,3848.328,False,NONE,-0.75,0.42,0.09,1.69
2026-08-18,2026-08-18T10:11:23.148884,DRREDDY,1181.9,1185.2,1177.8,1183.6,2.31,1183.6,26.592750000000002,1208.4927500000001,1155.30725,False,NONE,-0.1,0.15,0.36,0
2026-08-18,2026-08-18T10:11:23.148884,EICHERMOT,8075.0,8109.0,8051.0,8065.0,2.31,8065.0,196.2225,8271.2225,7878.7775,False,NONE,-0.52,0.59,-0.06,0
2026-08-18,2026-08-18T10:11:23.148884,ETERNAL,318.0,320.95,317.35,318.5,3.38,318.5,11.161799999999998,329.16179999999997,306.83820000000003,False,NONE,-0.25,1.7,0.3,0
2026-08-18,2026-08-18T10:11:23.148884,FEDERALBNK,355.95,357.0,353.5,353.8,2.3,353.8,8.329229999999999,364.27923,347.62077,False,NONE,-0.67,1.85,-0.12,-3.03
2026-08-18,2026-08-18T10:11:23.148884,FINNIFTY,26262.8,26264.3,26165.4,26192.5,1.44,26192.5,391.31572,26654.115719999998,25871.48428,False,NONE,-0.66,3.19,0.87,-5.08
2026-08-18,2026-08-18T10:11:23.148884,FOCIT,37624.0,37640.0,37599.0,37640.0,4.25,37640.0,1087.3336,38711.3336,36536.6664,False,NONE,0,1.41,0.0,-7.06
2026-08-18,2026-08-18T10:11:23.148884,FORCEMOT,18591.0,18719.0,18321.0,18338.0,4.03,18338.0,708.3171000000001,19299.3171,17882.6829,False,NONE,-1.78,16.67,0.01,-2.17
2026-08-18,2026-08-18T10:11:23.148884,FORTIS,919.95,921.95,911.6,916.35,2.9,916.35,26.86254,946.81254,893.0874600000001,False,NONE,0.17,3.01,0.92,0
2026-08-18,2026-08-18T10:11:23.148884,GAIL,172.01,173.3,172.01,172.49,2.62,172.49,4.455058999999999,176.465059,167.55494099999999,False,NONE,-0.47,-0.13,0.01,0
2026-08-18,2026-08-18T10:11:23.148884,GLENMARK,2329.7,2333.0,2319.1,2325.0,2.85,2325.0,67.09535999999999,2396.7953599999996,2262.60464,False,NONE,0.01,2.41,0.0,-3.23
2026-08-18,2026-08-18T10:11:23.148884,GMRAIRPORT,101.71,102.24,101.48,101.69,3,101.69,3.1021549999999998,104.81215499999999,98.607845,False,NONE,-0.25,-1.78,0.18,-1.67
2026-08-18,2026-08-18T10:11:23.148884,GODFRYPHLP,2138.8,2149.4,2111.4,2113.5,4.09,2113.5,88.11856000000002,2226.91856,2050.6814400000003,False,NONE,-0.73,11.12,-1.03,-4.65
2026-08-18,2026-08-18T10:11:23.148884,GODREJCP,933.7,933.7,920.5,925.8,2.99,925.8,29.22481,962.9248100000001,904.47519,False,NONE,-0.75,-2.66,-0.11,-1.85
2026-08-18,2026-08-18T10:11:23.148884,GODREJPROP,2044.0,2056.0,1998.0,2001.5,3.79,2001.5,75.4236,2119.4236,1968.5764,False,NONE,-2.6,8.32,0.22,-5.17
2026-08-18,2026-08-18T10:11:23.148884,GRASIM,3265.4,3295.0,3265.4,3293.7,2.62,3293.7,84.24732,3349.64732,3181.15268,False,NONE,0.87,5.23,0.02,2.08
2026-08-18,2026-08-18T10:11:23.148884,GVT&D,4311.0,4311.0,4254.4,4261.6,4.49,4261.6,192.7017,4503.7017,4118.2983,False,NONE,-1.11,2.22,0.15,-1.69
2026-08-18,2026-08-18T10:11:23.148884,HAL,5055.0,5116.0,5045.1,5095.2,3.26,5095.2,167.32049999999998,5222.3205,4887.6795,False,NONE,0.76,2.07,0.75,3.45
2026-08-18,2026-08-18T10:11:23.148884,HAVELLS,1301.0,1311.0,1298.0,1301.2,2.6,1301.2,33.9561,1334.9561,1267.0439,False,NONE,-0.37,2.23,0.01,-1.92
2026-08-18,2026-08-18T10:11:23.148884,HCLTECH,1320.0,1322.8,1312.1,1314.8,3.08,1314.8,41.448,1361.448,1278.552,False,NONE,-1.42,2.68,-0.09,2.9
2026-08-18,2026-08-18T10:11:23.148884,HDFCAMC,2528.5,2538.0,2506.4,2514.4,2.99,2514.4,77.3721,2605.8721,2451.1279,False,NONE,-0.79,3.22,0.37,-1.43
2026-08-18,2026-08-18T10:11:23.148884,HDFCBANK,729.7,729.7,725.4,726.1,2.62,726.1,19.555960000000002,749.2559600000001,710.14404,False,NONE,-0.83,1.46,0.02,0
2026-08-18,2026-08-18T10:11:23.148884,HDFCLIFE,542.0,542.0,538.1,540.4,2.44,540.4,13.495800000000001,555.4958,528.5042,False,NONE,-0.47,2.19,0.08,-1.85
2026-08-18,2026-08-18T10:11:23.148884,HEROMOTOCO,5759.5,5779.5,5716.0,5721.5,2.91,5721.5,170.4812,5929.9812,5589.0188,False,NONE,-0.83,0.16,1.21,-2.15
2026-08-18,2026-08-18T10:11:23.148884,HINDALCO,1049.45,1050.7,1041.5,1041.5,2.7,1041.5,28.859875000000002,1078.3098750000001,1020.5901250000001,False,NONE,-1.08,1.57,-0.09,-3.12
2026-08-18,2026-08-18T10:11:23.148884,HINDPETRO,367.9,372.15,367.0,371.95,2.88,371.95,11.11058,379.01058,356.78941999999995,False,NONE,0.04,-2.11,0.04,-6.78
2026-08-18,2026-08-18T10:11:23.148884,HINDUNILVR,2062.0,2063.0,2043.4,2045.1,2.07,2045.1,44.1268,2106.1268,2017.8732,False,NONE,-1.13,3.62,0.27,-1.79
2026-08-18,2026-08-18T10:11:23.148884,HINDZINC,570.3,570.3,562.65,564.15,3.29,564.15,19.56129,589.8612899999999,550.73871,False,NONE,-1.2,-4.85,-0.15,0
2026-08-18,2026-08-18T10:11:23.148884,HYUNDAI,2180.0,2224.6,2180.0,2209.0,3.14,2209.0,64.31,2244.31,2115.69,False,NONE,0.33,-0.04,0.61,-1.1
2026-08-18,2026-08-18T10:11:23.148884,ICICIBANK,1413.7,1418.6,1410.9,1415.4,1.98,1415.4,28.274,1441.9740000000002,1385.426,False,NONE,-0.42,2.76,0.0,-1.64
2026-08-18,2026-08-18T10:11:23.148884,ICICIGI,1639.3,1639.3,1621.5,1622.1,2.73,1622.1,39.99892,1679.29892,1599.30108,False,NONE,-0.92,0.58,0.26,0
2026-08-18,2026-08-18T10:11:23.148884,ICICIPRULI,502.4,507.5,502.4,506.25,2.63,506.25,14.067199999999998,516.4671999999999,488.33279999999996,False,NONE,0.1,-2.67,0.07,3.39
2026-08-18,2026-08-18T10:11:23.148884,IDEA,13.6,13.87,13.49,13.83,4.41,13.83,0.63512,14.23512,12.964879999999999,False,NONE,0.73,-2.41,0.74,-1.54
2026-08-18,2026-08-18T10:11:23.148884,IDFCFIRSTB,85.37,85.64,84.87,84.9,2.66,84.9,2.30499,87.67499000000001,83.06501,False,NONE,-0.72,0.34,0.09,0
2026-08-18,2026-08-18T10:11:23.148884,IEX,125.2,125.88,124.21,125.0,2.79,125.0,3.6934000000000005,128.8934,121.5066,False,NONE,-0.7,-3.41,0.18,-1.72
2026-08-18,2026-08-18T10:11:23.148884,INDHOTEL,722.9,722.9,714.15,715.6,2.51,715.6,17.27731,740.17731,705.6226899999999,False,NONE,-1.02,3.14,-0.01,-1.49
2026-08-18,2026-08-18T10:11:23.148884,INDIANB,880.0,888.25,877.45,879.25,3.34,879.25,30.448,910.448,849.552,False,NONE,-0.83,0.1,0.27,0
2026-08-18,2026-08-18T10:11:23.148884,INDIGO,5180.0,5243.0,5162.5,5226.0,3.18,5226.0,164.206,5344.206,5015.794,False,NONE,-1.58,8.92,0.28,-1.64
2026-08-18,2026-08-18T10:11:23.148884,INDUSINDBK,1013.7,1021.1,1013.1,1015.4,2.73,1015.4,27.97812,1041.67812,985.72188,False,NONE,-0.24,1.01,-0.13,-1.85
2026-08-18,2026-08-18T10:11:23.148884,INDUSTOWER,380.05,380.05,373.85,375.65,2.74,375.65,10.147335,390.197335,369.902665,False,NONE,-1.47,5.7,0.35,-3.23
2026-08-18,2026-08-18T10:11:23.148884,INFY,1124.3,1133.7,1121.1,1122.7,3.19,1122.7,38.00134,1162.30134,1086.29866,False,NONE,-1.73,4.28,0.49,-2.35
2026-08-18,2026-08-18T10:11:23.148884,INOXWIND,78.31,78.31,75.97,76.01,4.5,76.01,3.594429,81.90442900000001,74.715571,False,NONE,-3.23,-2.43,1.61,-8.47
2026-08-18,2026-08-18T10:11:23.148884,IOC,138.75,139.42,138.6,138.86,2.48,138.86,3.621375,142.371375,135.128625,False,NONE,-0.44,0.73,-0.03,1.19
2026-08-18,2026-08-18T10:11:23.148884,IREDA,115.97,116.0,114.43,114.51,3.2,114.51,3.548682,119.518682,112.421318,False,NONE,-1.23,-0.4,0.79,-3.28
2026-08-18,2026-08-18T10:11:23.148884,IRFC,87.34,87.5,86.37,86.41,2.93,86.41,2.672604,90.01260400000001,84.667396,False,NONE,-1.08,-0.77,0.22,-3.39
2026-08-18,2026-08-18T10:11:23.148884,ITC,273.4,273.8,272.2,272.5,2.06,272.5,5.55002,278.95002,267.84997999999996,False,NONE,-0.46,5.05,0.21,0
2026-08-18,2026-08-18T10:11:23.148884,JINDALSTEL,1114.0,1116.9,1109.2,1109.5,2.79,1109.5,30.300800000000002,1144.3008,1083.6992,False,NONE,-0.59,-1.99,0.26,0
2026-08-18,2026-08-18T10:11:23.148884,JIOFIN,248.5,248.7,245.8,246.05,3.29,246.05,8.299900000000001,256.7999,240.2001,False,NONE,-1.46,-0.71,1.28,0
2026-08-18,2026-08-18T10:11:23.148884,JSWENERGY,556.9,557.2,552.0,553.65,2.65,553.65,14.702160000000001,571.60216,542.1978399999999,False,NONE,-0.51,-0.73,-0.48,3.13
2026-08-18,2026-08-18T10:11:23.148884,JSWSTEEL,1280.3,1285.9,1279.2,1281.4,2.57,1281.4,35.720369999999996,1316.02037,1244.57963,False,NONE,-0.23,0.18,0.12,1.25
2026-08-18,2026-08-18T10:11:23.148884,JUBLFOOD,505.6,507.8,500.65,501.4,3.24,501.4,16.98816,522.58816,488.61184000000003,False,NONE,-1.19,-2.22,0.91,-4.55
2026-08-18,2026-08-18T10:11:23.148884,KALYANKJIL,613.45,613.45,603.75,604.0,4.94,604.0,32.083435,645.533435,581.366565,False,NONE,-1.48,-2.58,-0.19,1.45
2026-08-18,2026-08-18T10:11:23.148884,KAYNES,3674.4,3714.1,3658.4,3681.5,5.14,3681.5,201.72456000000003,3876.12456,3472.67544,False,NONE,0.6,-5.99,0.47,1.41
2026-08-18,2026-08-18T10:11:23.148884,KEI,5900.0,5908.0,5803.4,5817.7,3.14,5817.7,198.83,6098.83,5701.17,False,NONE,-0.63,1.54,0.44,-2.2
2026-08-18,2026-08-18T10:11:23.148884,KFINTECH,968.8,968.8,936.8,940.8,3.94,940.8,38.07384,1006.87384,930.7261599999999,False,NONE,-2.31,4.08,4.0,4.26
2026-08-18,2026-08-18T10:11:23.148884,KOTAKBANK,392.4,393.8,390.75,391.1,2.17,391.1,8.279639999999999,400.67963999999995,384.12036,False,NONE,-1.04,7.01,0.01,1.72
2026-08-18,2026-08-18T10:11:23.148884,KPITTECH,614.45,614.45,600.15,601.3,3.7,601.3,22.673205000000003,637.1232050000001,591.776795,False,NONE,-1.27,1.42,0.58,2
2026-08-18,2026-08-18T10:11:23.148884,LAURUSLABS,1806.1,1814.9,1801.9,1809.2,3,1809.2,57.25337,1863.3533699999998,1748.84663,False,NONE,0.01,-0.34,-0.26,0
2026-08-18,2026-08-18T10:11:23.148884,LICHSGFIN,491.3,491.3,486.05,487.25,2.44,487.25,11.742070000000002,503.04207,479.55793,False,NONE,-0.92,5.76,0.32,2.9
2026-08-18,2026-08-18T10:11:23.148884,LICI,411.95,414.15,411.8,412.85,1.82,412.85,20.061965,432.011965,391.888035,False,NONE,0.06,33,-0.11,1.37
2026-08-18,2026-08-18T10:11:23.148884,LODHA,1255.0,1257.4,1214.5,1214.7,4.25,1214.7,49.196000000000005,1304.196,1205.804,False,NONE,-3.08,6.07,0.38,-8.57
2026-08-18,2026-08-18T10:11:23.148884,LT,4060.0,4070.0,4050.3,4056.2,2.01,4056.2,88.914,4148.914,3971.086,False,NONE,-0.54,-0.28,0.02,-1.41
2026-08-18,2026-08-18T10:11:23.148884,LTF,313.2,314.95,307.55,308.95,3.76,308.95,11.901599999999998,325.10159999999996,301.2984,False,NONE,-2.06,1.51,0.72,-1.43
2026-08-18,2026-08-18T10:11:23.148884,LTM,4615.0,4683.0,4601.1,4641.5,3.89,4641.5,185.06149999999997,4800.0615,4429.9385,False,NONE,-0.98,3.47,4.58,1.64
2026-08-18,2026-08-18T10:11:23.148884,LUPIN,2260.0,2260.0,2233.5,2245.0,2.45,2245.0,58.76,2318.76,2201.24,False,NONE,-0.76,-0.14,0.27,-2.17
2026-08-18,2026-08-18T10:11:23.148884,M&M,3401.0,3422.5,3392.3,3411.9,2.59,3411.9,89.78640000000001,3490.7864,3311.2136,False,NONE,0,1.36,-0.16,1.43
2026-08-18,2026-08-18T10:11:23.148884,MANAPPURAM,349.85,351.45,344.5,345.3,3.5,345.3,12.979435,362.82943500000005,336.870565,False,NONE,-0.96,-14.1,0.03,2.22
2026-08-18,2026-08-18T10:11:23.148884,MANKIND,2375.0,2403.6,2373.0,2377.5,2.75,2377.5,61.5125,2436.5125,2313.4875,False,NONE,-0.68,-6.95,0.17,0
2026-08-18,2026-08-18T10:11:23.148884,MARICO,858.85,858.85,849.45,850.0,2.3,850.0,19.839435,878.689435,839.010565,False,NONE,-0.72,0.99,-0.22,-1.64
2026-08-18,2026-08-18T10:11:23.148884,MARUTI,13775.0,13918.0,13775.0,13828.0,2.42,13828.0,334.7325,14109.7325,13440.2675,False,NONE,-0.17,1.03,0.1,-5.26
2026-08-18,2026-08-18T10:11:23.148884,MAXHEALTH,1001.0,1020.0,984.1,1015.0,3.34,1015.0,35.035,1036.035,965.965,False,NONE,1.26,-3.77,0.43,8
2026-08-18,2026-08-18T10:11:23.148884,MAZDOCK,2566.5,2608.0,2559.7,2585.4,3.89,2585.4,98.04029999999999,2664.5403,2468.4597,False,NONE,0.53,3.55,-0.08,0
2026-08-18,2026-08-18T10:11:23.148884,MCX,2959.9,2967.0,2919.0,2943.7,3.67,2943.7,112.77219000000001,3072.6721900000002,2847.12781,False,NONE,-0.5,4.36,0.45,-3.49
2026-08-18,2026-08-18T10:11:23.148884,MFSL,1564.9,1567.9,1548.7,1561.0,2.96,1561.0,47.259980000000006,1612.1599800000001,1517.64002,False,NONE,-0.27,0.56,0.03,-2.04
2026-08-18,2026-08-18T10:11:23.148884,MIDCPNIFTY,14979.0,14979.0,14870.25,14880.0,1.31,14880.0,203.7144,15182.7144,14775.2856,False,NONE,-0.85,1.55,0.59,-9.8
2026-08-18,2026-08-18T10:11:23.148884,MOTHERSON,168.5,170.9,168.5,169.73,3.4,169.73,5.560499999999999,174.0605,162.9395,False,NONE,0.34,13.33,-0.6,-8.18
2026-08-18,2026-08-18T10:11:23.148884,MOTILALOFS,955.85,963.9,934.25,940.0,3.21,940.0,34.02826,989.8782600000001,921.82174,False,NONE,-2.15,-6.25,-0.04,-17.24
2026-08-18,2026-08-18T10:11:23.148884,MPHASIS,2518.9,2518.9,2460.0,2465.2,3.87,2465.2,99.24466000000001,2618.14466,2419.6553400000003,False,NONE,-1.62,4.16,0.36,-1.89
2026-08-18,2026-08-18T10:11:23.148884,MUTHOOTFIN,2909.4,2910.0,2878.0,2882.8,3.23,2882.8,90.48234000000001,2999.88234,2818.91766,False,NONE,-0.84,6.17,-0.16,-2
2026-08-18,2026-08-18T10:11:23.148884,NAM-INDIA,1192.1,1199.9,1159.0,1166.7,3.95,1166.7,46.73031999999999,1238.8303199999998,1145.36968,False,NONE,-2.86,4.13,0.41,-5.13
2026-08-18,2026-08-18T10:11:23.148884,NATIONALUM,386.0,389.45,386.0,387.55,3.85,387.55,15.748800000000001,401.7488,370.2512,False,NONE,-0.56,-1.32,0.06,0
2026-08-18,2026-08-18T10:11:23.148884,NAUKRI,1352.2,1357.9,1326.8,1354.3,3.3,1354.3,46.6509,1398.8509000000001,1305.5491,False,NONE,-0.59,2.14,0.06,-1.47
2026-08-18,2026-08-18T10:11:23.148884,NBCC,90.1,90.1,88.52,88.6,3.63,88.6,3.2075599999999995,93.30756,86.89244,False,NONE,-1.72,0.22,0.19,-2.44
2026-08-18,2026-08-18T10:11:23.148884,NESTLEIND,1481.4,1481.4,1469.4,1472.3,2.46,1472.3,36.886860000000006,1518.2868600000002,1444.51314,False,NONE,-0.37,-2.36,0.44,2
2026-08-18,2026-08-18T10:11:23.148884,NHPC,75.92,76.74,75.89,76.69,2.8,76.69,1.966328,77.886328,73.953672,False,NONE,0.05,0.69,1.33,0
2026-08-18,2026-08-18T10:11:23.148884,NIFTY,24301.0,24308.0,24250.0,24256.0,0.31,24256.0,85.0535,24386.0535,24215.9465,False,NONE,-0.56,1.56,1.29,-11.11
2026-08-18,2026-08-18T10:11:23.148884,NIFTYFPI,1586.0,1596.9,1584.15,1596.0,-,1596.0,,,,False,NONE,0,-23.12,-20.0,-
2026-08-18,2026-08-18T10:11:23.148884,NIFTYNXT50,74362.0,74450.0,74301.2,74371.0,1.88,74371.0,1396.84376,75697.04376,72903.35624,False,NONE,-0.26,21.24,-0.4,-7.89
2026-08-18,2026-08-18T10:11:23.148884,NMDC,84.99,85.48,83.75,83.9,3.07,83.9,2.7621749999999996,87.752175,82.227825,False,NONE,-1.84,0.15,-0.23,-6.78
2026-08-18,2026-08-18T10:11:23.148884,NTPC,337.95,339.7,337.6,339.3,2.25,339.3,7.874235,345.824235,330.075765,False,NONE,0.34,1.52,0.07,1.96
2026-08-18,2026-08-18T10:11:23.148884,NYKAA,327.35,329.35,325.45,325.45,2.84,325.45,9.75503,337.10503,317.59497000000005,False,NONE,-1.05,-1.02,-0.1,0
2026-08-18,2026-08-18T10:11:23.148884,OBEROIRLTY,1950.0,1963.8,1878.0,1908.5,3.91,1908.5,79.94999999999999,2029.95,1870.05,False,NONE,-1.55,-5.21,-1.05,-6.67
2026-08-18,2026-08-18T10:11:23.148884,OFSS,11800.0,11830.0,11715.0,11828.0,4.08,11828.0,492.06,12292.06,11307.94,False,NONE,0.21,1.13,0.53,-1.23
2026-08-18,2026-08-18T10:11:23.148884,OIL,481.95,488.6,481.0,488.15,3.66,488.15,17.880345,499.83034499999997,464.069655,False,NONE,2.24,6.71,1.09,0
2026-08-18,2026-08-18T10:11:23.148884,ONGC,239.92,242.14,239.92,241.33,2.34,241.33,5.830056,245.750056,234.08994399999997,False,NONE,0.62,1.87,0.88,0
2026-08-18,2026-08-18T10:11:23.148884,PAGEIND,37215.0,37265.0,36755.0,36800.0,3.29,36800.0,1220.652,38435.652,35994.348,False,NONE,-1.5,0.55,0.54,-15.56
2026-08-18,2026-08-18T10:11:23.148884,PATANJALI,352.05,352.55,348.9,350.7,3.72,350.7,13.342695,365.392695,338.707305,False,NONE,-0.52,-,-0.4,-2.17
2026-08-18,2026-08-18T10:11:23.148884,PAYTM,1589.4,1599.9,1555.1,1573.0,3.68,1573.0,59.76144,1649.16144,1529.63856,False,NONE,-1.03,6.89,2.18,-10.75
2026-08-18,2026-08-18T10:11:23.148884,PERSISTENT,5542.0,5562.0,5513.0,5527.0,3.79,5527.0,207.2708,5749.2708,5334.7292,False,NONE,-0.88,5.25,0.45,-5.56
2026-08-18,2026-08-18T10:11:23.148884,PETRONET,283.1,285.05,282.6,283.35,2.31,283.35,6.90764,290.00764000000004,276.19236,False,NONE,-0.07,-1.57,-0.01,-1
2026-08-18,2026-08-18T10:11:23.148884,PFC,376.15,377.7,375.25,376.4,2.52,376.4,9.591824999999998,385.74182499999995,366.558175,False,NONE,-0.15,-0.41,0.15,0
2026-08-18,2026-08-18T10:11:23.148884,PGEL,608.05,615.0,599.5,599.75,4.42,599.75,26.632589999999997,634.68259,581.4174099999999,False,NONE,-1.19,5.2,0.13,-3.17
2026-08-18,2026-08-18T10:11:23.148884,PHOENIXLTD,1942.1,1942.1,1910.0,1917.5,2.77,1917.5,53.60195999999999,1995.7019599999999,1888.49804,False,NONE,-1.16,1.03,0.41,1.75
2026-08-18,2026-08-18T10:11:23.148884,PIDILITIND,1668.0,1672.2,1661.0,1670.5,2.25,1670.5,38.364,1706.364,1629.636,False,NONE,-0.44,-0.45,0.05,1.64
2026-08-18,2026-08-18T10:11:23.148884,PIIND,2482.0,2483.9,2454.6,2462.9,3.15,2462.9,83.8916,2565.8916,2398.1084,False,NONE,-0.7,1.91,0.29,-2.13
2026-08-18,2026-08-18T10:11:23.148884,PNB,117.03,118.14,116.86,117.01,3.06,117.01,3.6981480000000007,120.728148,113.331852,False,NONE,-0.73,1.18,-0.02,-1.15
2026-08-18,2026-08-18T10:11:23.148884,PNBHOUSING,1149.6,1149.6,1130.0,1138.0,3.23,1138.0,38.05176,1187.65176,1111.5482399999999,False,NONE,-1,-0.9,-0.14,0
2026-08-18,2026-08-18T10:11:23.148884,POLICYBZR,1754.0,1754.0,1723.6,1726.6,3.52,1726.6,68.93220000000001,1822.9322,1685.0678,False,NONE,-0.57,3.24,0.33,-2.86
2026-08-18,2026-08-18T10:11:23.148884,POLYCAB,9380.0,9380.0,9250.0,9273.5,2.95,9273.5,288.904,9668.904,9091.096,False,NONE,-0.78,6.12,0.03,-1.54
2026-08-18,2026-08-18T10:11:23.148884,POWERGRID,266.7,267.9,266.6,267.35,2.15,267.35,5.92074,272.62074,260.77925999999997,False,NONE,-0.02,-2.35,0.0,0
2026-08-18,2026-08-18T10:11:23.148884,POWERINDIA,35505.0,35635.0,35320.0,35465.0,3.98,35465.0,1434.402,36939.402,34070.598,False,NONE,-0.6,2.37,-0.1,0
2026-08-18,2026-08-18T10:11:23.148884,PREMIERENE,1023.0,1029.0,1019.8,1023.8,3.46,1023.8,36.5211,1059.5211,986.4789,False,NONE,0.51,-4.87,-0.16,9.09
2026-08-18,2026-08-18T10:11:23.148884,PRESTIGE,1597.6,1597.6,1565.0,1571.3,3.29,1571.3,52.24152,1649.84152,1545.3584799999999,False,NONE,-1.65,-1.82,-0.66,-4.48
2026-08-18,2026-08-18T10:11:23.148884,RADICO,4695.7,4715.0,4625.9,4658.0,3.24,4658.0,155.89723999999998,4851.59724,4539.80276,False,NONE,-0.31,0.07,3.67,0
2026-08-18,2026-08-18T10:11:23.148884,RBLBANK,381.1,384.0,377.35,377.65,3.15,377.65,12.766850000000002,393.86685,368.33315000000005,False,NONE,-1.32,-1.07,-0.23,-3.03
2026-08-18,2026-08-18T10:11:23.148884,RECLTD,339.1,341.3,338.6,340.9,2.49,340.9,8.24013,347.34013000000004,330.85987,False,NONE,0.4,3.05,0.24,4.69
2026-08-18,2026-08-18T10:11:23.148884,RELIANCE,1317.0,1331.0,1314.7,1325.3,2.11,1325.3,27.657000000000004,1344.657,1289.343,False,NONE,0.25,6.24,0.28,0
2026-08-18,2026-08-18T10:11:23.148884,RVNL,227.44,228.01,225.81,226.62,3.09,226.62,7.84668,235.28668,219.59332,False,NONE,-1.03,-4.18,0.16,1.96
2026-08-18,2026-08-18T10:11:23.148884,SAIL,174.92,174.92,172.36,172.57,3.48,172.57,10.949992,185.869992,163.97000799999998,False,NONE,-0.36,-27.27,-0.05,0
2026-08-18,2026-08-18T10:11:23.148884,SBICARD,640.45,640.45,621.3,625.7,3.22,625.7,19.98204,660.43204,620.4679600000001,False,NONE,-2.06,8.94,0.73,-3.51
2026-08-18,2026-08-18T10:11:23.148884,SBILIFE,1794.4,1796.2,1781.3,1783.5,2.35,1783.5,43.42448,1837.82448,1750.9755200000002,False,NONE,-0.72,0.05,0.21,-3.85
2026-08-18,2026-08-18T10:11:23.148884,SBIN,1062.0,1069.0,1059.3,1061.3,2.49,1061.3,27.2934,1089.2934,1034.7066,False,NONE,-0.58,-1.29,-0.24,-1.85
2026-08-18,2026-08-18T10:11:23.148884,SENSEX,77768.0,77925.85,77640.0,77648.15,0.73,77648.15,583.26,78351.26,77184.74,False,NONE,-0.53,2.64,6.04,-6.48
2026-08-18,2026-08-18T10:11:23.148884,SHREECEM,24490.0,24810.0,24490.0,24665.0,2.6,24665.0,685.72,25175.72,23804.28,False,NONE,-0.18,1.6,0.31,0
2026-08-18,2026-08-18T10:11:23.148884,SHRIRAMFIN,1116.1,1126.6,1110.0,1112.0,3.4,1112.0,37.38935,1153.4893499999998,1078.71065,False,NONE,-1.46,5.85,0.04,-1.75
2026-08-18,2026-08-18T10:11:23.148884,SIEMENS,3955.3,3990.0,3947.6,3955.7,3.26,3955.7,133.29361,4088.5936100000004,3822.00639,False,NONE,-0.3,3.28,0.16,0
2026-08-18,2026-08-18T10:11:23.148884,SOLARINDS,20000.0,20434.0,20000.0,20245.0,3.86,20245.0,774.0,20774.0,19226.0,False,NONE,0.91,2.89,0.38,8.22
2026-08-18,2026-08-18T10:11:23.148884,SONACOMS,805.0,822.0,805.0,816.0,3.61,816.0,29.221500000000002,834.2215,775.7785,False,NONE,0.91,5.68,0.54,-1.54
2026-08-18,2026-08-18T10:11:23.148884,SRF,2616.9,2649.0,2613.5,2639.2,2.57,2639.2,71.70306000000001,2688.60306,2545.1969400000003,False,NONE,0.53,3.94,-0.33,-4.55
2026-08-18,2026-08-18T10:11:23.148884,SUNPHARMA,1896.5,1900.7,1885.8,1892.3,2.03,1892.3,39.0679,1935.5679,1857.4321,False,NONE,-0.03,1.07,0.23,4.17
2026-08-18,2026-08-18T10:11:23.148884,SUPREMEIND,3594.1,3624.5,3594.1,3608.3,2.98,3608.3,112.85474,3706.95474,3481.2452599999997,False,NONE,0.02,-2.03,0.06,3.51
2026-08-18,2026-08-18T10:11:23.148884,SUZLON,48.82,49.04,48.45,48.49,3.61,48.49,1.860042,50.680042,46.959958,False,NONE,-1.22,-3.96,0.24,-2.27
2026-08-18,2026-08-18T10:11:23.148884,SWIGGY,276.9,277.0,274.6,274.95,4.71,274.95,13.125059999999998,290.02506,263.77493999999996,False,NONE,-0.85,2.74,0.47,2.17
2026-08-18,2026-08-18T10:11:23.148884,TATACONSUM,1083.6,1083.6,1070.9,1075.9,2.6,1075.9,28.173599999999997,1111.7736,1055.4263999999998,False,NONE,-0.27,0.84,0.0,-1.59
2026-08-18,2026-08-18T10:11:23.148884,TATAELXSI,3768.5,3768.5,3701.6,3706.0,3.38,3706.0,128.50585,3897.00585,3639.99415,False,NONE,-1.49,0.84,0.06,0
2026-08-18,2026-08-18T10:11:23.148884,TATAPOWER,382.0,382.0,379.65,380.4,2.35,380.4,9.0916,391.09159999999997,372.90840000000003,False,NONE,-0.28,0.85,-0.09,0
2026-08-18,2026-08-18T10:11:23.148884,TATASTEEL,186.4,187.19,185.75,186.36,2.85,186.36,5.536080000000001,191.93608,180.86392,False,NONE,-0.04,-2.17,0.16,0
2026-08-18,2026-08-18T10:11:23.148884,TCS,2305.1,2310.0,2290.1,2293.1,2.96,2293.1,70.99708,2376.09708,2234.10292,False,NONE,-1.36,-1.61,0.28,-3.28
2026-08-18,2026-08-18T10:11:23.148884,TECHM,1608.0,1608.0,1591.7,1594.5,2.79,1594.5,45.1848,1653.1848,1562.8152,False,NONE,-1.14,-0.24,-0.33,-2.13
2026-08-18,2026-08-18T10:11:23.148884,TIINDIA,2767.1,2933.6,2767.1,2907.4,4.38,2907.4,116.77161999999998,2883.87162,2650.32838,True,UP,5.32,21.39,1.56,8.51
2026-08-18,2026-08-18T10:11:23.148884,TITAN,5070.1,5089.0,5048.0,5056.4,2.22,5056.4,120.16137,5190.26137,4949.938630000001,False,NONE,-0.57,-2.24,-0.02,0
2026-08-18,2026-08-18T10:11:23.148884,TMPV,331.05,332.15,326.6,326.65,3.06,326.65,10.063920000000001,341.11392,320.98608,False,NONE,-1.46,2.84,0.86,-1.69
2026-08-18,2026-08-18T10:11:23.148884,TORNTPHARM,4917.0,4990.0,4897.0,4975.0,2.83,4975.0,130.7922,5047.7922,4786.2078,False,NONE,1.11,7.6,-0.58,0
2026-08-18,2026-08-18T10:11:23.148884,TRENT,2961.0,2961.6,2936.3,2952.2,3.23,2952.2,108.96480000000001,3069.9648,2852.0352,False,NONE,-0.3,-5.83,0.1,2.63
2026-08-18,2026-08-18T10:11:23.148884,TVSMOTOR,4378.0,4408.9,4359.9,4386.7,2.87,4386.7,126.0864,4504.0864,4251.9136,False,NONE,0.24,2.2,0.02,1.18
2026-08-18,2026-08-18T10:11:23.148884,ULTRACEMCO,11698.0,11698.0,11576.0,11606.0,2.27,11606.0,257.356,11955.356,11440.644,False,NONE,-0.39,0.6,0.23,-2.33
2026-08-18,2026-08-18T10:11:23.148884,UNIONBANK,188.9,190.69,187.16,187.33,3.46,187.33,6.7059500000000005,195.60595,182.19405,False,NONE,-0.96,-0.51,0.08,0
2026-08-18,2026-08-18T10:11:23.148884,UNITDSPR,1547.0,1547.0,1536.4,1536.8,2.47,1536.8,39.293800000000005,1586.2938,1507.7062,False,NONE,-0.56,2.96,0.05,0
2026-08-18,2026-08-18T10:11:23.148884,UNOMINDA,1279.2,1283.0,1266.0,1272.7,2.9,1272.7,38.50392,1317.7039200000002,1240.69608,False,NONE,0.17,1.75,0.17,5.08
2026-08-18,2026-08-18T10:11:23.148884,UPL,568.95,570.0,566.1,567.55,2.82,567.55,15.9306,584.8806000000001,553.0194,False,NONE,0.09,0.24,0.25,0
2026-08-18,2026-08-18T10:11:23.148884,VBL,436.25,443.9,436.0,440.7,3.18,440.7,14.047250000000002,450.29725,422.20275,False,NONE,0.8,4.29,-1.17,0
2026-08-18,2026-08-18T10:11:23.148884,VEDL,269.0,270.75,266.7,266.9,3.59,266.9,9.8185,278.8185,259.1815,False,NONE,-1.42,2.15,-0.35,0
2026-08-18,2026-08-18T10:11:23.148884,VMM,106.79,106.87,105.23,105.39,3.54,105.39,3.9298720000000005,110.71987200000001,102.860128,False,NONE,-0.77,-0.49,1.67,-2.38
2026-08-18,2026-08-18T10:11:23.148884,VOLTAS,1263.5,1272.9,1253.7,1254.8,3.57,1254.8,43.2117,1306.7117,1220.2883,False,NONE,-0.69,2.36,2.22,-2.13
2026-08-18,2026-08-18T10:11:23.148884,WAAREEENER,2705.3,2720.9,2697.4,2716.7,3.21,2716.7,83.8643,2789.1643000000004,2621.4357,False,NONE,0.13,4.42,-0.06,-3.57
2026-08-18,2026-08-18T10:11:23.148884,WIPRO,182.0,182.0,179.06,179.84,2.83,179.84,5.314399999999999,187.3144,176.6856,False,NONE,-1.15,-2.08,0.67,-1.45
2026-08-18,2026-08-18T10:11:23.148884,YESBANK,22.96,23.01,22.62,22.64,3.18,22.64,0.672728,23.632728,22.287272,False,NONE,-1.48,4.92,0.58,0
2026-08-18,2026-08-18T10:11:23.148884,ZYDUSLIFE,1142.0,1144.7,1125.3,1137.6,2.96,1137.6,34.26,1176.26,1107.74,False,NONE,0.12,-0.04,0.21,-3.33
2026-08-18,2026-08-18T10:47:14.771910,360ONE,1176.4,1176.7,1155.0,1171.0,3.47,1171.0,40.11524,1216.5152400000002,1136.28476,False,NONE,-0.6,2.38,0.07,-3.85
2026-08-18,2026-08-18T10:47:14.771910,ABB,7698.5,7743.5,7672.5,7690.0,3.48,7690.0,277.91585,7976.41585,7420.58415,False,NONE,-0.24,0.2,0.53,0
2026-08-18,2026-08-18T10:47:14.771910,ABCAPITAL,399.4,400.55,394.45,395.45,2.94,395.45,11.86218,411.26218,387.53781999999995,False,NONE,-1.06,-1.61,1.29,-2.74
2026-08-18,2026-08-18T10:47:14.771910,ADANIENSOL,1585.1,1634.0,1585.1,1627.6,3.98,1627.6,64.67208,1649.77208,1520.4279199999999,False,NONE,2.55,0.06,0.37,6.82
2026-08-18,2026-08-18T10:47:14.771910,ADANIENT,3015.0,3046.4,3014.3,3035.0,3.26,3035.0,98.892,3113.892,2916.108,False,NONE,0.32,-1.11,-0.13,1.59
2026-08-18,2026-08-18T10:47:14.771910,ADANIGREEN,1328.0,1337.6,1316.2,1331.0,3.75,1331.0,49.2688,1377.2688,1278.7312,False,NONE,0.09,1.85,-0.3,0
2026-08-18,2026-08-18T10:47:14.771910,ADANIPORTS,1692.2,1692.2,1676.8,1676.8,2.64,1676.8,45.85862,1738.05862,1646.34138,False,NONE,-0.93,1.72,0.16,-2
2026-08-18,2026-08-18T10:47:14.771910,ADANIPOWER,203.8,208.46,203.8,207.81,4.13,207.81,8.82454,212.62454000000002,194.97546,False,NONE,1.48,-0.85,-0.8,4.55
2026-08-18,2026-08-18T10:47:14.771910,ALKEM,5415.5,5519.5,5410.0,5512.0,2.89,5512.0,170.04670000000002,5585.5467,5245.4533,False,NONE,1.81,6.96,0.01,7.14
2026-08-18,2026-08-18T10:47:14.771910,AMBER,7297.0,7434.5,7278.5,7330.5,3.46,7330.5,251.0168,7548.0168,7045.9832,False,NONE,0.45,4.68,0.3,1.72
2026-08-18,2026-08-18T10:47:14.771910,AMBUJACEM,415.0,418.05,413.55,417.1,2.44,417.1,9.544999999999998,424.545,405.455,False,NONE,-0.12,0.99,0.4,1.85
2026-08-18,2026-08-18T10:47:14.771910,ANGELONE,290.0,292.4,281.7,286.6,4.08,286.6,10.933,300.933,279.067,False,NONE,-2.28,12.26,3.21,-2.13
2026-08-18,2026-08-18T10:47:14.771910,APLAPOLLO,2088.7,2104.1,2087.9,2090.0,2.67,2090.0,51.38201999999999,2140.08202,2037.3179799999998,False,NONE,-0.29,5.03,0.44,0
2026-08-18,2026-08-18T10:47:14.771910,APOLLOHOSP,8812.5,8905.5,8805.5,8896.5,2.1,8896.5,187.70625,9000.20625,8624.79375,False,NONE,0.46,2.85,0.62,5.41
2026-08-18,2026-08-18T10:47:14.771910,ASHOKLEY,176.21,176.99,174.98,175.28,3.37,175.28,6.431665000000001,182.64166500000002,169.778335,False,NONE,-1.68,0.84,1.3,-2.94
2026-08-18,2026-08-18T10:47:14.771910,ASIANPAINT,2660.1,2674.4,2644.0,2651.5,2.5,2651.5,71.02467,2731.1246699999997,2589.07533,False,NONE,-1.7,-1.07,1.2,-4.92
2026-08-18,2026-08-18T10:47:14.771910,ASTRAL,1542.2,1552.4,1526.4,1530.0,2.69,1530.0,42.87316,1585.0731600000001,1499.32684,False,NONE,-1.05,-4.96,0.4,-4.69
2026-08-18,2026-08-18T10:47:14.771910,AUBANK,1075.5,1079.0,1066.5,1071.8,2.89,1071.8,31.081950000000003,1106.58195,1044.41805,False,NONE,-0.66,1.11,0.64,-5.63
2026-08-18,2026-08-18T10:47:14.771910,AUROPHARMA,1637.9,1646.9,1630.6,1646.0,2.92,1646.0,49.62837,1687.52837,1588.2716300000002,False,NONE,1.04,-2.93,0.22,3.33
2026-08-18,2026-08-18T10:47:14.771910,AXISBANK,1229.3,1242.4,1227.0,1239.4,2.05,1239.4,26.06116,1255.36116,1203.23884,False,NONE,0.38,1.38,0.29,3.39
2026-08-18,2026-08-18T10:47:14.771910,BAJAJ-AUTO,11769.0,11771.0,11704.0,11716.0,2.45,11716.0,301.2864,12070.2864,11467.7136,False,NONE,-0.2,3.34,-0.31,-4.92
2026-08-18,2026-08-18T10:47:14.771910,BAJAJFINSV,2005.0,2023.2,2003.6,2011.4,2.45,2011.4,50.32549999999999,2055.3255,1954.6745,False,NONE,-0.13,0.9,0.2,0
2026-08-18,2026-08-18T10:47:14.771910,BAJAJHLDNG,11406.0,11406.0,11215.0,11276.0,2.7,11276.0,280.7106,11691.7106,11130.2894,False,NONE,-1.63,4.62,0.52,2.74
2026-08-18,2026-08-18T10:47:14.771910,BAJFINANCE,1095.8,1100.9,1093.2,1098.9,2.68,1098.9,29.257859999999997,1125.05786,1066.54214,False,NONE,0.26,2.05,0.07,1.32
2026-08-18,2026-08-18T10:47:14.771910,BANDHANBNK,171.85,174.38,170.36,171.49,2.69,171.49,5.825715,177.675715,166.024285,False,NONE,-1.04,35.61,-0.07,0
2026-08-18,2026-08-18T10:47:14.771910,BANKBARODA,247.0,247.87,245.57,246.05,2.78,246.05,7.261799999999999,254.2618,239.7382,False,NONE,-0.76,-0.84,0.25,0
2026-08-18,2026-08-18T10:47:14.771910,BANKEX,65514.65,65514.65,65514.65,65514.65,2.02,65514.65,1048.2344,66562.8844,64466.4156,False,NONE,-,39.92,0.0,-4.72
2026-08-18,2026-08-18T10:47:14.771910,BANKINDIA,143.6,144.8,142.4,142.68,3.47,142.68,5.32756,148.92756,138.27244,False,NONE,-0.75,3.41,-0.07,0
2026-08-18,2026-08-18T10:47:14.771910,BANKNIFTY,57595.0,57720.0,57400.8,57415.0,1.4,57415.0,812.0894999999999,58407.0895,56782.9105,False,NONE,-0.73,3.83,2.56,-13.25
2026-08-18,2026-08-18T10:47:14.771910,BDL,1377.1,1392.4,1365.2,1374.8,3.97,1374.8,58.389039999999994,1435.48904,1318.71096,False,NONE,-0.54,-7.89,0.37,-3.64
2026-08-18,2026-08-18T10:47:14.771910,BEL,413.0,415.3,411.75,412.2,2.77,412.2,12.3074,425.3074,400.6926,False,NONE,-0.22,-5.09,-0.36,-5.41
2026-08-18,2026-08-18T10:47:14.771910,BHARATFORG,2081.1,2101.3,2067.0,2080.0,3.16,2080.0,64.5141,2145.6141,2016.5858999999998,False,NONE,-0.9,1.2,-0.09,4.17
2026-08-18,2026-08-18T10:47:14.771910,BHARTIARTL,1960.1,1960.3,1922.1,1943.1,2.03,1943.1,40.18205,2000.2820499999998,1919.91795,False,NONE,-1.86,11.86,1.63,-12.77
2026-08-18,2026-08-18T10:47:14.771910,BHEL,434.0,434.0,428.25,428.5,4,428.5,18.011000000000003,452.011,415.989,False,NONE,-1.07,-0.25,1.48,-4.92
2026-08-18,2026-08-18T10:47:14.771910,BIOCON,412.4,420.8,412.4,419.9,3.25,419.9,13.238039999999998,425.63804,399.16195999999997,False,NONE,1.36,5.79,-0.11,-5.13
2026-08-18,2026-08-18T10:47:14.771910,BLUESTARCO,1519.0,1534.8,1500.7,1501.0,3.39,1501.0,55.8992,1574.8992,1463.1008,False,NONE,-0.72,2.67,-0.09,-6.52
2026-08-18,2026-08-18T10:47:14.771910,BOSCHLTD,47095.0,48025.0,46985.0,48015.0,2.72,48015.0,1351.6264999999999,48446.6265,45743.3735,False,NONE,1.63,0.72,0.5,8.93
2026-08-18,2026-08-18T10:47:14.771910,BPCL,315.0,317.5,315.0,316.65,2.75,316.65,9.2925,324.2925,305.7075,False,NONE,-0.58,-0.29,0.85,0
2026-08-18,2026-08-18T10:47:14.771910,BRITANNIA,5471.0,5529.0,5470.5,5489.0,2.27,5489.0,125.2859,5596.2859,5345.7141,False,NONE,-0.8,0.45,1.69,-5.17
2026-08-18,2026-08-18T10:47:14.771910,BSE,3312.5,3325.0,3231.3,3278.8,4.07,3278.8,139.7875,3452.2875,3172.7125,False,NONE,-2.34,3.38,6.3,5.13
2026-08-18,2026-08-18T10:47:14.771910,CAMS,774.75,774.8,762.0,764.1,3.06,764.1,23.552400000000002,798.3024,751.1976,False,NONE,-1.88,2.82,1.11,-2.22
2026-08-18,2026-08-18T10:47:14.771910,CANBK,129.6,131.14,129.57,129.75,3.26,129.75,4.3416,133.9416,125.2584,False,NONE,-1.14,0.87,0.06,-1.3
2026-08-18,2026-08-18T10:47:14.771910,CDSL,1363.8,1363.8,1339.0,1342.2,3.15,1342.2,42.14142,1405.9414199999999,1321.65858,False,NONE,-1.3,4.8,1.12,-3.28
2026-08-18,2026-08-18T10:47:14.771910,CGPOWER,899.9,900.7,891.0,892.65,3.98,892.65,36.8959,936.7959,863.0041,False,NONE,-0.57,2.34,-0.02,1.96
2026-08-18,2026-08-18T10:47:14.771910,CHOLAFIN,1880.0,1887.4,1871.3,1878.7,3.11,1878.7,55.46,1935.46,1824.54,False,NONE,-0.93,3.18,-0.02,-3.03
2026-08-18,2026-08-18T10:47:14.771910,CIPLA,1434.3,1438.9,1431.1,1435.4,2.23,1435.4,32.55861,1466.85861,1401.74139,False,NONE,0.08,-0.8,0.18,1.75
2026-08-18,2026-08-18T10:47:14.771910,COALINDIA,408.35,414.0,408.35,411.6,2.03,411.6,8.167,416.517,400.18300000000005,False,NONE,0.97,1.95,0.16,4.41
2026-08-18,2026-08-18T10:47:14.771910,COCHINSHIP,1464.7,1499.0,1461.7,1494.0,3.68,1494.0,50.67862,1515.37862,1414.0213800000001,False,NONE,1.97,11.25,0.11,-2.7
2026-08-18,2026-08-18T10:47:14.771910,COFORGE,1795.0,1796.0,1778.9,1788.0,3.18,1788.0,58.876,1853.876,1736.124,False,NONE,-0.99,2.93,-1.05,-3.77
2026-08-18,2026-08-18T10:47:14.771910,COLPAL,1949.1,1955.9,1902.5,1918.5,2.73,1918.5,56.328990000000005,2005.4289899999999,1892.77101,False,NONE,-2.61,5.11,4.76,23.53
2026-08-18,2026-08-18T10:47:14.771910,CONCOR,523.0,523.1,518.05,521.05,2.91,521.05,15.533100000000001,538.5331,507.4669,False,NONE,-0.74,-6.42,0.39,2.04
2026-08-18,2026-08-18T10:47:14.771910,CROMPTON,245.15,245.75,243.2,244.6,3.29,244.6,7.99189,253.14189000000002,237.15811,False,NONE,-0.57,1.36,0.41,1.82
2026-08-18,2026-08-18T10:47:14.771910,CUMMINSIND,5470.0,5485.0,5452.5,5463.0,3.14,5463.0,172.305,5642.305,5297.695,False,NONE,-0.26,0.81,-0.09,-2.6
2026-08-18,2026-08-18T10:47:14.771910,DABUR,406.5,406.5,403.25,404.3,2.31,404.3,9.593399999999999,416.0934,396.9066,False,NONE,-0.81,6.42,0.59,-1.85
2026-08-18,2026-08-18T10:47:14.771910,DALBHARAT,1858.5,1867.0,1839.1,1858.1,2.87,1858.1,57.79935,1916.29935,1800.70065,False,NONE,0.59,1.07,-0.59,10.42
2026-08-18,2026-08-18T10:47:14.771910,DELHIVERY,455.05,458.2,454.0,456.5,2.89,456.5,13.74251,468.79251,441.30749000000003,False,NONE,-0.13,-5.95,0.46,1.89
2026-08-18,2026-08-18T10:47:14.771910,DIVISLAB,8548.5,8635.0,8501.5,8604.0,2.56,8604.0,225.68040000000002,8774.1804,8322.8196,False,NONE,0.81,5.43,1.34,-1.09
2026-08-18,2026-08-18T10:47:14.771910,DIXON,14140.0,14460.0,14122.0,14231.0,3.75,14231.0,557.116,14697.116,13582.884,False,NONE,1,6.44,-0.23,8.51
2026-08-18,2026-08-18T10:47:14.771910,DLF,674.05,674.05,658.5,666.0,3.41,666.0,23.119915000000002,697.169915,650.930085,False,NONE,-1.41,1.44,1.43,-5.97
2026-08-18,2026-08-18T10:47:14.771910,DMART,3960.0,4001.9,3949.8,3996.0,2.63,3996.0,111.67199999999998,4071.672,3848.328,False,NONE,-0.37,-2.74,0.09,1.69
2026-08-18,2026-08-18T10:47:14.771910,DRREDDY,1181.9,1185.2,1177.8,1180.5,2.24,1180.5,26.592750000000002,1208.4927500000001,1155.30725,False,NONE,-0.36,-2.65,0.52,0
2026-08-18,2026-08-18T10:47:14.771910,EICHERMOT,8075.0,8109.0,8051.0,8057.5,2.32,8057.5,196.2225,8271.2225,7878.7775,False,NONE,-0.62,-0.78,-0.23,0
2026-08-18,2026-08-18T10:47:14.771910,ETERNAL,318.0,320.95,317.35,318.1,3.32,318.1,11.161799999999998,329.16179999999997,306.83820000000003,False,NONE,-0.38,0.31,0.37,0
2026-08-18,2026-08-18T10:47:14.771910,FEDERALBNK,355.95,357.0,353.5,353.9,2.27,353.9,8.329229999999999,364.27923,347.62077,False,NONE,-0.65,1.65,-0.02,-1.52
2026-08-18,2026-08-18T10:47:14.771910,FINNIFTY,26262.8,26264.3,26165.4,26186.7,1.43,26186.7,391.31572,26654.115719999998,25871.48428,False,NONE,-0.68,4.41,0.87,-5.08
2026-08-18,2026-08-18T10:47:14.771910,FOCIT,37624.0,37640.0,37599.0,37640.0,4.25,37640.0,1087.3336,38711.3336,36536.6664,False,NONE,0,0.66,0.0,-5.88
2026-08-18,2026-08-18T10:47:14.771910,FORCEMOT,18591.0,18719.0,18266.0,18327.0,4.24,18327.0,708.3171000000001,19299.3171,17882.6829,False,NONE,-1.84,18.73,0.55,-2.17
2026-08-18,2026-08-18T10:47:14.771910,FORTIS,919.95,921.95,911.6,915.05,2.88,915.05,26.86254,946.81254,893.0874600000001,False,NONE,0.03,5.4,1.07,-1.32
2026-08-18,2026-08-18T10:47:14.771910,GAIL,172.01,173.3,172.01,172.63,2.59,172.63,4.455058999999999,176.465059,167.55494099999999,False,NONE,-0.39,-0.13,-0.06,0
2026-08-18,2026-08-18T10:47:14.771910,GLENMARK,2329.7,2333.0,2318.6,2319.5,2.76,2319.5,67.09535999999999,2396.7953599999996,2262.60464,False,NONE,-0.22,2.7,-0.02,-4.84
2026-08-18,2026-08-18T10:47:14.771910,GMRAIRPORT,101.71,102.24,101.48,101.6,2.87,101.6,3.1021549999999998,104.81215499999999,98.607845,False,NONE,-0.33,-2.58,0.26,1.67
2026-08-18,2026-08-18T10:47:14.771910,GODFRYPHLP,2138.8,2149.4,2109.0,2115.9,4.01,2115.9,88.11856000000002,2226.91856,2050.6814400000003,False,NONE,-0.62,8.85,-1.06,-2.33
2026-08-18,2026-08-18T10:47:14.771910,GODREJCP,933.7,933.7,920.5,931.0,2.98,931.0,29.22481,962.9248100000001,904.47519,False,NONE,-0.19,-2.95,-0.16,-1.85
2026-08-18,2026-08-18T10:47:14.771910,GODREJPROP,2044.0,2056.0,1991.8,2003.8,3.69,2003.8,75.4236,2119.4236,1968.5764,False,NONE,-2.49,6.04,0.33,-3.45
2026-08-18,2026-08-18T10:47:14.771910,GRASIM,3265.4,3295.0,3265.4,3288.6,2.63,3288.6,84.24732,3349.64732,3181.15268,False,NONE,0.71,4.91,0.61,2.08
2026-08-18,2026-08-18T10:47:14.771910,GVT&D,4311.0,4311.0,4246.0,4256.6,4.32,4256.6,192.7017,4503.7017,4118.2983,False,NONE,-1.23,0.21,0.16,1.69
2026-08-18,2026-08-18T10:47:14.771910,HAL,5055.0,5121.0,5045.1,5106.8,3.18,5106.8,167.32049999999998,5222.3205,4887.6795,False,NONE,0.98,2.29,0.96,6.9
2026-08-18,2026-08-18T10:47:14.771910,HAVELLS,1301.0,1311.0,1296.3,1299.7,2.61,1299.7,33.9561,1334.9561,1267.0439,False,NONE,-0.48,1.01,0.05,-1.92
2026-08-18,2026-08-18T10:47:14.771910,HCLTECH,1320.0,1322.8,1306.4,1308.6,3.01,1308.6,41.448,1361.448,1278.552,False,NONE,-1.89,0.41,-0.21,1.45
2026-08-18,2026-08-18T10:47:14.771910,HDFCAMC,2528.5,2538.0,2506.4,2511.6,2.92,2511.6,77.3721,2605.8721,2451.1279,False,NONE,-0.9,1.76,0.75,0
2026-08-18,2026-08-18T10:47:14.771910,HDFCBANK,729.7,729.7,725.35,725.6,2.63,725.6,19.555960000000002,749.2559600000001,710.14404,False,NONE,-0.9,1.41,0.01,-1.92
2026-08-18,2026-08-18T10:47:14.771910,HDFCLIFE,542.0,542.7,538.1,541.65,2.45,541.65,13.495800000000001,555.4958,528.5042,False,NONE,-0.24,1.4,0.09,-1.85
2026-08-18,2026-08-18T10:47:14.771910,HEROMOTOCO,5759.5,5779.5,5710.5,5720.5,2.85,5720.5,170.4812,5929.9812,5589.0188,False,NONE,-0.85,-0.35,1.6,-3.23
2026-08-18,2026-08-18T10:47:14.771910,HINDALCO,1049.45,1050.7,1041.05,1041.2,2.67,1041.2,28.859875000000002,1078.3098750000001,1020.5901250000001,False,NONE,-1.11,0.34,-0.02,-4.69
2026-08-18,2026-08-18T10:47:14.771910,HINDPETRO,367.9,373.7,367.0,372.85,2.87,372.85,11.11058,379.01058,356.78941999999995,False,NONE,0.28,-1.96,-0.2,-6.78
2026-08-18,2026-08-18T10:47:14.771910,HINDUNILVR,2062.0,2063.0,2039.3,2040.5,2.11,2040.5,44.1268,2106.1268,2017.8732,False,NONE,-1.35,7.64,0.55,0
2026-08-18,2026-08-18T10:47:14.771910,HINDZINC,570.3,570.3,562.65,563.95,3.27,563.95,19.56129,589.8612899999999,550.73871,False,NONE,-1.23,-3.58,-0.17,-1.85
2026-08-18,2026-08-18T10:47:14.771910,HYUNDAI,2180.0,2224.6,2180.0,2216.6,2.97,2216.6,64.31,2244.31,2115.69,False,NONE,0.67,-4.82,0.61,1.1
2026-08-18,2026-08-18T10:47:14.771910,ICICIBANK,1413.7,1418.6,1410.9,1412.6,2,1412.6,28.274,1441.9740000000002,1385.426,False,NONE,-0.61,3.46,-0.06,-1.64
2026-08-18,2026-08-18T10:47:14.771910,ICICIGI,1639.3,1639.3,1621.5,1624.6,2.74,1624.6,39.99892,1679.29892,1599.30108,False,NONE,-0.76,-0.08,0.71,0
2026-08-18,2026-08-18T10:47:14.771910,ICICIPRULI,502.4,510.6,502.4,508.8,2.57,508.8,14.067199999999998,516.4671999999999,488.33279999999996,False,NONE,0.6,-2.24,0.13,1.69
2026-08-18,2026-08-18T10:47:14.771910,IDEA,13.6,13.87,13.49,13.78,4.36,13.78,0.63512,14.23512,12.964879999999999,False,NONE,0.36,-5.97,0.73,-1.54
2026-08-18,2026-08-18T10:47:14.771910,IDFCFIRSTB,85.37,85.64,84.85,84.92,2.65,84.92,2.30499,87.67499000000001,83.06501,False,NONE,-0.7,0.98,0.12,0
2026-08-18,2026-08-18T10:47:14.771910,IEX,125.2,125.88,124.21,125.14,2.86,125.14,3.6934000000000005,128.8934,121.5066,False,NONE,-0.59,0.04,0.23,-3.45
2026-08-18,2026-08-18T10:47:14.771910,INDHOTEL,722.9,722.9,714.15,715.1,2.54,715.1,17.27731,740.17731,705.6226899999999,False,NONE,-1.09,2.9,-0.08,0
2026-08-18,2026-08-18T10:47:14.771910,INDIANB,880.0,888.25,877.45,880.7,3.32,880.7,30.448,910.448,849.552,False,NONE,-0.67,-0.03,0.25,4.11
2026-08-18,2026-08-18T10:47:14.771910,INDIGO,5180.0,5243.0,5162.5,5204.5,3.13,5204.5,164.206,5344.206,5015.794,False,NONE,-1.99,7.41,0.24,-3.28
2026-08-18,2026-08-18T10:47:14.771910,INDUSINDBK,1013.7,1021.1,1013.1,1016.7,2.71,1016.7,27.97812,1041.67812,985.72188,False,NONE,-0.11,1.73,-0.16,-3.7
2026-08-18,2026-08-18T10:47:14.771910,INDUSTOWER,380.05,380.05,373.85,375.05,2.86,375.05,10.147335,390.197335,369.902665,False,NONE,-1.63,12.85,0.48,-1.61
2026-08-18,2026-08-18T10:47:14.771910,INFY,1124.3,1133.7,1121.1,1123.0,3.13,1123.0,38.00134,1162.30134,1086.29866,False,NONE,-1.71,2.95,0.6,-3.53
2026-08-18,2026-08-18T10:47:14.771910,INOXWIND,78.31,78.31,75.82,75.94,4.42,75.94,3.594429,81.90442900000001,74.715571,False,NONE,-3.32,-4.06,2.24,-10.17
2026-08-18,2026-08-18T10:47:14.771910,IOC,138.75,139.42,138.6,138.61,2.54,138.61,3.621375,142.371375,135.128625,False,NONE,-0.62,-2.32,0.0,-2.38
2026-08-18,2026-08-18T10:47:14.771910,IREDA,115.97,116.0,114.43,114.61,3.15,114.61,3.548682,119.518682,112.421318,False,NONE,-1.15,1.3,0.97,-4.92
2026-08-18,2026-08-18T10:47:14.771910,IRFC,87.34,87.5,86.31,86.42,2.93,86.42,2.672604,90.01260400000001,84.667396,False,NONE,-1.06,-1.15,0.26,-3.39
2026-08-18,2026-08-18T10:47:14.771910,ITC,273.4,273.8,272.2,272.45,2.04,272.45,5.55002,278.95002,267.84997999999996,False,NONE,-0.47,3.33,0.35,0
2026-08-18,2026-08-18T10:47:14.771910,JINDALSTEL,1114.0,1116.9,1104.9,1105.3,2.78,1105.3,30.300800000000002,1144.3008,1083.6992,False,NONE,-0.97,0.33,0.28,-1.45
2026-08-18,2026-08-18T10:47:14.771910,JIOFIN,248.5,248.7,245.8,246.5,3.33,246.5,8.299900000000001,256.7999,240.2001,False,NONE,-1.28,1.36,1.55,0
2026-08-18,2026-08-18T10:47:14.771910,JSWENERGY,556.9,557.2,552.0,553.9,2.64,553.9,14.702160000000001,571.60216,542.1978399999999,False,NONE,-0.47,-2.54,-0.52,4.69
2026-08-18,2026-08-18T10:47:14.771910,JSWSTEEL,1280.3,1285.9,1277.6,1277.8,2.56,1277.8,35.720369999999996,1316.02037,1244.57963,False,NONE,-0.51,0.26,0.32,-1.25
2026-08-18,2026-08-18T10:47:14.771910,JUBLFOOD,505.6,507.8,500.05,500.05,3.22,500.05,16.98816,522.58816,488.61184000000003,False,NONE,-1.46,-4.71,1.29,-4.55
2026-08-18,2026-08-18T10:47:14.771910,KALYANKJIL,613.45,613.45,602.45,606.15,4.99,606.15,32.083435,645.533435,581.366565,False,NONE,-1.13,-2.48,-0.18,0
2026-08-18,2026-08-18T10:47:14.771910,KAYNES,3674.4,3714.1,3658.4,3681.1,5.05,3681.1,201.72456000000003,3876.12456,3472.67544,False,NONE,0.58,-7.13,0.55,2.82
2026-08-18,2026-08-18T10:47:14.771910,KEI,5900.0,5908.0,5803.4,5827.4,3.09,5827.4,198.83,6098.83,5701.17,False,NONE,-0.46,-1.65,0.41,-1.1
2026-08-18,2026-08-18T10:47:14.771910,KFINTECH,968.8,968.8,936.8,941.5,3.96,941.5,38.07384,1006.87384,930.7261599999999,False,NONE,-2.23,4.93,4.65,4.26
2026-08-18,2026-08-18T10:47:14.771910,KOTAKBANK,392.4,393.8,390.7,390.85,2.17,390.85,8.279639999999999,400.67963999999995,384.12036,False,NONE,-1.1,7.51,0.0,0
2026-08-18,2026-08-18T10:47:14.771910,KPITTECH,614.45,614.45,600.15,603.4,3.58,603.4,22.673205000000003,637.1232050000001,591.776795,False,NONE,-0.93,-1.33,0.79,0
2026-08-18,2026-08-18T10:47:14.771910,LAURUSLABS,1806.1,1816.0,1801.9,1809.4,2.99,1809.4,57.25337,1863.3533699999998,1748.84663,False,NONE,0.02,-1.27,-0.22,-1.23
2026-08-18,2026-08-18T10:47:14.771910,LICHSGFIN,491.3,491.3,486.05,487.45,2.46,487.45,11.742070000000002,503.04207,479.55793,False,NONE,-0.87,5.71,0.57,4.35
2026-08-18,2026-08-18T10:47:14.771910,LICI,411.95,414.15,411.8,412.2,1.67,412.2,20.061965,432.011965,391.888035,False,NONE,-0.1,22.36,-0.12,0
2026-08-18,2026-08-18T10:47:14.771910,LODHA,1255.0,1257.4,1214.5,1223.9,3.99,1223.9,49.196000000000005,1304.196,1205.804,False,NONE,-2.35,1.74,0.42,-7.14
2026-08-18,2026-08-18T10:47:14.771910,LT,4060.0,4070.0,4050.3,4066.0,2.17,4066.0,88.914,4148.914,3971.086,False,NONE,-0.3,-0.83,0.5,0
2026-08-18,2026-08-18T10:47:14.771910,LTF,313.2,314.95,307.55,312.0,3.72,312.0,11.901599999999998,325.10159999999996,301.2984,False,NONE,-1.09,-,1.17,-1.43
2026-08-18,2026-08-18T10:47:14.771910,LTM,4615.0,4683.0,4601.1,4660.0,3.81,4660.0,185.06149999999997,4800.0615,4429.9385,False,NONE,-0.58,1.64,4.66,0
2026-08-18,2026-08-18T10:47:14.771910,LUPIN,2260.0,2260.0,2233.5,2247.0,2.37,2247.0,58.76,2318.76,2201.24,False,NONE,-0.67,-3.34,0.32,-2.17
2026-08-18,2026-08-18T10:47:14.771910,M&M,3401.0,3422.5,3392.3,3419.0,2.58,3419.0,89.78640000000001,3490.7864,3311.2136,False,NONE,0.21,0.22,-0.03,1.43
2026-08-18,2026-08-18T10:47:14.771910,MANAPPURAM,349.85,351.45,344.5,345.75,3.37,345.75,12.979435,362.82943500000005,336.870565,False,NONE,-0.83,-15.15,0.03,2.22
2026-08-18,2026-08-18T10:47:14.771910,MANKIND,2375.0,2403.6,2373.0,2377.3,2.72,2377.3,61.5125,2436.5125,2313.4875,False,NONE,-0.69,-1.86,0.22,0
2026-08-18,2026-08-18T10:47:14.771910,MARICO,858.85,858.85,849.15,849.8,2.23,849.8,19.839435,878.689435,839.010565,False,NONE,-0.75,-1.63,-0.24,-1.64
2026-08-18,2026-08-18T10:47:14.771910,MARUTI,13775.0,13918.0,13775.0,13805.0,2.39,13805.0,334.7325,14109.7325,13440.2675,False,NONE,-0.34,0.09,0.17,-2.63
2026-08-18,2026-08-18T10:47:14.771910,MAXHEALTH,1001.0,1020.0,984.1,1008.6,3.3,1008.6,35.035,1036.035,965.965,False,NONE,0.62,-2.98,0.62,4
2026-08-18,2026-08-18T10:47:14.771910,MAZDOCK,2566.5,2608.0,2559.7,2584.0,3.83,2584.0,98.04029999999999,2664.5403,2468.4597,False,NONE,0.47,4.07,-0.14,0
2026-08-18,2026-08-18T10:47:14.771910,MCX,2959.9,2967.0,2919.0,2956.0,3.56,2956.0,112.77219000000001,3072.6721900000002,2847.12781,False,NONE,-0.08,2.08,0.77,-2.33
2026-08-18,2026-08-18T10:47:14.771910,MFSL,1564.9,1570.0,1548.7,1566.6,3.02,1566.6,47.259980000000006,1612.1599800000001,1517.64002,False,NONE,0.09,-0.41,0.13,-4.08
2026-08-18,2026-08-18T10:47:14.771910,MIDCPNIFTY,14979.0,14979.0,14870.25,14892.0,1.29,14892.0,203.7144,15182.7144,14775.2856,False,NONE,-0.77,-0.52,0.76,-10.78
2026-08-18,2026-08-18T10:47:14.771910,MOTHERSON,168.5,170.9,168.5,169.99,3.29,169.99,5.560499999999999,174.0605,162.9395,False,NONE,0.5,11.96,-0.63,-8.18
2026-08-18,2026-08-18T10:47:14.771910,MOTILALOFS,955.85,963.9,934.25,938.25,3.17,938.25,34.02826,989.8782600000001,921.82174,False,NONE,-2.33,-6.58,0.01,-18.39
2026-08-18,2026-08-18T10:47:14.771910,MPHASIS,2518.9,2518.9,2460.0,2477.0,3.87,2477.0,99.24466000000001,2618.14466,2419.6553400000003,False,NONE,-1.15,3.92,0.63,-3.77
2026-08-18,2026-08-18T10:47:14.771910,MUTHOOTFIN,2909.4,2910.0,2878.0,2881.2,3.19,2881.2,90.48234000000001,2999.88234,2818.91766,False,NONE,-0.89,6.24,-0.17,-2
2026-08-18,2026-08-18T10:47:14.771910,NAM-INDIA,1192.1,1199.9,1159.0,1172.2,3.73,1172.2,46.73031999999999,1238.8303199999998,1145.36968,False,NONE,-2.41,-2.53,0.5,0
2026-08-18,2026-08-18T10:47:14.771910,NATIONALUM,386.0,389.45,386.0,387.25,3.87,387.25,15.748800000000001,401.7488,370.2512,False,NONE,-0.64,-2.85,0.02,0
2026-08-18,2026-08-18T10:47:14.771910,NAUKRI,1352.2,1359.9,1326.8,1358.1,3.22,1358.1,46.6509,1398.8509000000001,1305.5491,False,NONE,-0.32,-0.07,0.01,1.47
2026-08-18,2026-08-18T10:47:14.771910,NBCC,90.1,90.1,88.52,88.54,3.54,88.54,3.2075599999999995,93.30756,86.89244,False,NONE,-1.79,-1.05,0.37,-2.44
2026-08-18,2026-08-18T10:47:14.771910,NESTLEIND,1481.4,1481.4,1468.9,1471.3,2.46,1471.3,36.886860000000006,1518.2868600000002,1444.51314,False,NONE,-0.43,-1.43,0.56,0
2026-08-18,2026-08-18T10:47:14.771910,NHPC,75.92,76.8,75.89,76.54,2.76,76.54,1.966328,77.886328,73.953672,False,NONE,-0.14,-0.49,1.6,-1.49
2026-08-18,2026-08-18T10:47:14.771910,NIFTY,24301.0,24308.0,24236.4,24250.0,0.29,24250.0,85.0535,24386.0535,24215.9465,False,NONE,-0.59,1.66,1.78,-14.14
2026-08-18,2026-08-18T10:47:14.771910,NIFTYFPI,1586.0,1596.9,1584.15,1596.0,-,1596.0,,,,False,NONE,0,-23.12,-20.0,-
2026-08-18,2026-08-18T10:47:14.771910,NIFTYNXT50,74362.0,74551.0,74301.2,74418.4,1.87,74418.4,1396.84376,75697.04376,72903.35624,False,NONE,-0.2,55.41,-0.4,-10.53
2026-08-18,2026-08-18T10:47:14.771910,NMDC,84.99,85.48,83.45,83.59,3.01,83.59,2.7621749999999996,87.752175,82.227825,False,NONE,-2.2,-0.66,-0.24,-11.86
2026-08-18,2026-08-18T10:47:14.771910,NTPC,337.95,340.2,337.6,339.25,2.22,339.25,7.874235,345.824235,330.075765,False,NONE,0.33,1.12,0.08,1.96
2026-08-18,2026-08-18T10:47:14.771910,NYKAA,327.35,329.35,325.35,326.0,2.84,326.0,9.75503,337.10503,317.59497000000005,False,NONE,-0.88,-1.22,0.06,0
2026-08-18,2026-08-18T10:47:14.771910,OBEROIRLTY,1950.0,1963.8,1878.0,1913.5,3.77,1913.5,79.94999999999999,2029.95,1870.05,False,NONE,-1.29,-7.43,-0.82,-6.67
2026-08-18,2026-08-18T10:47:14.771910,OFSS,11800.0,11842.0,11715.0,11813.0,4.03,11813.0,492.06,12292.06,11307.94,False,NONE,0.08,-0.58,0.66,1.23
2026-08-18,2026-08-18T10:47:14.771910,OIL,481.95,488.6,481.0,486.75,3.53,486.75,17.880345,499.83034499999997,464.069655,False,NONE,1.95,3.85,1.33,-8.33
2026-08-18,2026-08-18T10:47:14.771910,ONGC,239.92,242.14,239.92,240.5,2.12,240.5,5.830056,245.750056,234.08994399999997,False,NONE,0.27,-5.2,0.53,-7.32
2026-08-18,2026-08-18T10:47:14.771910,PAGEIND,37215.0,37265.0,36735.0,36760.0,3.25,36760.0,1220.652,38435.652,35994.348,False,NONE,-1.61,-1.58,0.98,-17.78
2026-08-18,2026-08-18T10:47:14.771910,PATANJALI,352.05,352.55,348.9,350.5,3.71,350.5,13.342695,365.392695,338.707305,False,NONE,-0.58,-0.27,-0.46,-2.17
2026-08-18,2026-08-18T10:47:14.771910,PAYTM,1589.4,1599.9,1555.1,1567.8,3.54,1567.8,59.76144,1649.16144,1529.63856,False,NONE,-1.36,3.51,1.9,-9.68
2026-08-18,2026-08-18T10:47:14.771910,PERSISTENT,5542.0,5562.0,5513.0,5538.0,3.7,5538.0,207.2708,5749.2708,5334.7292,False,NONE,-0.68,3,0.49,-5.56
2026-08-18,2026-08-18T10:47:14.771910,PETRONET,283.1,285.05,282.6,284.1,2.27,284.1,6.90764,290.00764000000004,276.19236,False,NONE,0.19,-3.04,0.14,-3
2026-08-18,2026-08-18T10:47:14.771910,PFC,376.15,377.7,375.25,376.7,2.51,376.7,9.591824999999998,385.74182499999995,366.558175,False,NONE,-0.07,0.27,0.27,0
2026-08-18,2026-08-18T10:47:14.771910,PGEL,608.05,615.0,597.8,598.25,4.43,598.25,26.632589999999997,634.68259,581.4174099999999,False,NONE,-1.44,6.68,0.15,-4.76
2026-08-18,2026-08-18T10:47:14.771910,PHOENIXLTD,1942.1,1942.1,1910.0,1916.3,2.74,1916.3,53.60195999999999,1995.7019599999999,1888.49804,False,NONE,-1.22,-0.7,0.53,1.75
2026-08-18,2026-08-18T10:47:14.771910,PIDILITIND,1668.0,1672.2,1661.0,1664.1,2.27,1664.1,38.364,1706.364,1629.636,False,NONE,-0.82,-0.55,0.02,1.64
2026-08-18,2026-08-18T10:47:14.771910,PIIND,2482.0,2483.9,2454.6,2476.0,3.2,2476.0,83.8916,2565.8916,2398.1084,False,NONE,-0.17,1.91,0.38,-2.13
2026-08-18,2026-08-18T10:47:14.771910,PNB,117.03,118.14,116.75,116.82,3.03,116.82,3.6981480000000007,120.728148,113.331852,False,NONE,-0.89,-0.33,-0.02,-2.3
2026-08-18,2026-08-18T10:47:14.771910,PNBHOUSING,1149.6,1149.6,1130.0,1140.9,3.3,1140.9,38.05176,1187.65176,1111.5482399999999,False,NONE,-0.75,0.59,-0.05,-1.79
2026-08-18,2026-08-18T10:47:14.771910,POLICYBZR,1754.0,1754.0,1721.6,1736.0,3.39,1736.0,68.93220000000001,1822.9322,1685.0678,False,NONE,-0.03,-0.76,0.3,-2.86
2026-08-18,2026-08-18T10:47:14.771910,POLYCAB,9380.0,9380.0,9250.0,9265.0,2.92,9265.0,288.904,9668.904,9091.096,False,NONE,-0.87,5.55,-0.04,-1.54
2026-08-18,2026-08-18T10:47:14.771910,POWERGRID,266.7,268.15,266.6,267.7,2.13,267.7,5.92074,272.62074,260.77925999999997,False,NONE,0.11,-3.27,-0.19,0
2026-08-18,2026-08-18T10:47:14.771910,POWERINDIA,35505.0,35635.0,35320.0,35455.0,3.89,35455.0,1434.402,36939.402,34070.598,False,NONE,-0.63,1.42,-0.15,0
2026-08-18,2026-08-18T10:47:14.771910,PREMIERENE,1023.0,1029.0,1019.8,1023.5,3.46,1023.5,36.5211,1059.5211,986.4789,False,NONE,0.48,-3.96,-0.11,9.09
2026-08-18,2026-08-18T10:47:14.771910,PRESTIGE,1597.6,1597.6,1565.0,1585.9,3.26,1585.9,52.24152,1649.84152,1545.3584799999999,False,NONE,-0.73,-2.62,-0.63,-4.48
2026-08-18,2026-08-18T10:47:14.771910,RADICO,4695.7,4715.0,4625.9,4645.0,2.91,4645.0,155.89723999999998,4851.59724,4539.80276,False,NONE,-0.59,-5.24,3.81,2.63
2026-08-18,2026-08-18T10:47:14.771910,RBLBANK,381.1,384.0,376.6,378.0,3.04,378.0,12.766850000000002,393.86685,368.33315000000005,False,NONE,-1.23,-4.25,-0.46,-4.55
2026-08-18,2026-08-18T10:47:14.771910,RECLTD,339.1,341.7,338.6,340.25,2.44,340.25,8.24013,347.34013000000004,330.85987,False,NONE,0.21,1.06,0.21,6.25
2026-08-18,2026-08-18T10:47:14.771910,RELIANCE,1317.0,1331.0,1314.7,1321.5,2.07,1321.5,27.657000000000004,1344.657,1289.343,False,NONE,-0.04,6.24,0.35,0
2026-08-18,2026-08-18T10:47:14.771910,RVNL,227.44,228.01,225.81,226.16,3.05,226.16,7.84668,235.28668,219.59332,False,NONE,-1.24,-3.93,0.32,3.92
2026-08-18,2026-08-18T10:47:14.771910,SAIL,174.92,174.92,172.32,172.66,3.63,172.66,10.949992,185.869992,163.97000799999998,False,NONE,-0.31,-12.34,-0.03,0
2026-08-18,2026-08-18T10:47:14.771910,SBICARD,640.45,640.45,621.3,623.65,3.13,623.65,19.98204,660.43204,620.4679600000001,False,NONE,-2.38,4.24,1.09,-3.51
2026-08-18,2026-08-18T10:47:14.771910,SBILIFE,1794.4,1796.2,1781.3,1789.6,2.36,1789.6,43.42448,1837.82448,1750.9755200000002,False,NONE,-0.38,-0.39,0.18,-1.92
2026-08-18,2026-08-18T10:47:14.771910,SBIN,1062.0,1069.0,1058.6,1058.7,2.46,1058.7,27.2934,1089.2934,1034.7066,False,NONE,-0.82,-1.69,-0.25,-1.85
2026-08-18,2026-08-18T10:47:14.771910,SENSEX,77768.0,77925.85,77592.4,77639.75,0.72,77639.75,583.26,78351.26,77184.74,False,NONE,-0.54,1.76,6.42,-9.26
2026-08-18,2026-08-18T10:47:14.771910,SHREECEM,24490.0,24810.0,24490.0,24725.0,2.56,24725.0,685.72,25175.72,23804.28,False,NONE,0.06,0.6,0.19,0
2026-08-18,2026-08-18T10:47:14.771910,SHRIRAMFIN,1116.1,1126.6,1107.5,1107.7,3.48,1107.7,37.38935,1153.4893499999998,1078.71065,False,NONE,-1.84,7.37,-0.23,-1.75
2026-08-18,2026-08-18T10:47:14.771910,SIEMENS,3955.3,3990.0,3947.6,3968.0,3.24,3968.0,133.29361,4088.5936100000004,3822.00639,False,NONE,0.01,1.99,0.15,0
2026-08-18,2026-08-18T10:47:14.771910,SOLARINDS,20000.0,20434.0,20000.0,20084.0,3.7,20084.0,774.0,20774.0,19226.0,False,NONE,0.11,4.72,0.99,2.74
2026-08-18,2026-08-18T10:47:14.771910,SONACOMS,805.0,822.0,805.0,815.8,3.56,815.8,29.221500000000002,834.2215,775.7785,False,NONE,0.88,5.04,0.71,-3.08
2026-08-18,2026-08-18T10:47:14.771910,SRF,2616.9,2649.0,2613.5,2634.0,2.54,2634.0,71.70306000000001,2688.60306,2545.1969400000003,False,NONE,0.33,1.83,-0.41,-4.55
2026-08-18,2026-08-18T10:47:14.771910,SUNPHARMA,1896.5,1900.7,1885.8,1891.4,2.01,1891.4,39.0679,1935.5679,1857.4321,False,NONE,-0.07,0.34,0.22,4.17
2026-08-18,2026-08-18T10:47:14.771910,SUPREMEIND,3594.1,3624.5,3594.1,3618.1,2.96,3618.1,112.85474,3706.95474,3481.2452599999997,False,NONE,0.29,-5.61,0.3,3.51
2026-08-18,2026-08-18T10:47:14.771910,SUZLON,48.82,49.04,48.44,48.75,3.67,48.75,1.860042,50.680042,46.959958,False,NONE,-0.69,-2.28,0.35,-2.27
2026-08-18,2026-08-18T10:47:14.771910,SWIGGY,276.9,277.0,273.7,274.3,4.69,274.3,13.125059999999998,290.02506,263.77493999999996,False,NONE,-1.08,2.89,0.29,2.17
2026-08-18,2026-08-18T10:47:14.771910,TATACONSUM,1083.6,1083.6,1070.9,1074.3,2.59,1074.3,28.173599999999997,1111.7736,1055.4263999999998,False,NONE,-0.42,0.75,0.05,-1.59
2026-08-18,2026-08-18T10:47:14.771910,TATAELXSI,3768.5,3768.5,3701.6,3711.5,3.3,3711.5,128.50585,3897.00585,3639.99415,False,NONE,-1.34,-2.01,-0.01,0
2026-08-18,2026-08-18T10:47:14.771910,TATAPOWER,382.0,382.0,379.65,380.6,2.34,380.6,9.0916,391.09159999999997,372.90840000000003,False,NONE,-0.22,-1.94,-0.09,-1.39
2026-08-18,2026-08-18T10:47:14.771910,TATASTEEL,186.4,187.19,185.27,185.27,2.79,185.27,5.536080000000001,191.93608,180.86392,False,NONE,-0.62,-1.5,0.62,0
2026-08-18,2026-08-18T10:47:14.771910,TCS,2305.1,2310.0,2290.1,2298.9,2.89,2298.9,70.99708,2376.09708,2234.10292,False,NONE,-1.11,-3.37,0.32,-3.28
2026-08-18,2026-08-18T10:47:14.771910,TECHM,1608.0,1608.0,1591.7,1601.3,2.72,1601.3,45.1848,1653.1848,1562.8152,False,NONE,-0.72,-0.81,-0.42,2.13
2026-08-18,2026-08-18T10:47:14.771910,TIINDIA,2767.1,2933.6,2767.1,2924.7,4.38,2924.7,116.77161999999998,2883.87162,2650.32838,True,UP,5.94,17.76,1.08,27.66
2026-08-18,2026-08-18T10:47:14.771910,TITAN,5070.1,5089.0,5048.0,5051.0,2.19,5051.0,120.16137,5190.26137,4949.938630000001,False,NONE,-0.68,-2.83,-0.07,1.59
2026-08-18,2026-08-18T10:47:14.771910,TMPV,331.05,332.15,326.3,327.35,3.01,327.35,10.063920000000001,341.11392,320.98608,False,NONE,-1.25,-0.87,1.18,-1.69
2026-08-18,2026-08-18T10:47:14.771910,TORNTPHARM,4917.0,4990.0,4897.0,4981.0,2.8,4981.0,130.7922,5047.7922,4786.2078,False,NONE,1.23,5.81,-0.62,0
2026-08-18,2026-08-18T10:47:14.771910,TRENT,2961.0,2961.6,2936.3,2953.4,3.16,2953.4,108.96480000000001,3069.9648,2852.0352,False,NONE,-0.26,-5.6,0.04,2.63
2026-08-18,2026-08-18T10:47:14.771910,TVSMOTOR,4378.0,4408.9,4359.9,4381.5,2.88,4381.5,126.0864,4504.0864,4251.9136,False,NONE,0.12,1.64,-0.09,1.18
2026-08-18,2026-08-18T10:47:14.771910,ULTRACEMCO,11698.0,11698.0,11576.0,11599.0,2.22,11599.0,257.356,11955.356,11440.644,False,NONE,-0.45,-0.9,0.21,-2.33
2026-08-18,2026-08-18T10:47:14.771910,UNIONBANK,188.9,190.69,186.8,187.0,3.46,187.0,6.7059500000000005,195.60595,182.19405,False,NONE,-1.14,-1.19,0.28,0
2026-08-18,2026-08-18T10:47:14.771910,UNITDSPR,1547.0,1547.0,1535.9,1536.1,2.47,1536.1,39.293800000000005,1586.2938,1507.7062,False,NONE,-0.61,1.3,0.04,0
2026-08-18,2026-08-18T10:47:14.771910,UNOMINDA,1279.2,1283.0,1266.0,1274.8,2.92,1274.8,38.50392,1317.7039200000002,1240.69608,False,NONE,0.34,1.31,0.45,1.69
2026-08-18,2026-08-18T10:47:14.771910,UPL,568.95,570.0,566.1,567.3,2.73,567.3,15.9306,584.8806000000001,553.0194,False,NONE,0.04,-0.36,0.32,0
2026-08-18,2026-08-18T10:47:14.771910,VBL,436.25,443.9,436.0,439.8,2.96,439.8,14.047250000000002,450.29725,422.20275,False,NONE,0.59,-1.33,-1.31,0
2026-08-18,2026-08-18T10:47:14.771910,VEDL,269.0,270.75,266.7,267.4,3.59,267.4,9.8185,278.8185,259.1815,False,NONE,-1.24,3.02,-0.29,0
2026-08-18,2026-08-18T10:47:14.771910,VMM,106.79,106.87,105.23,105.7,3.41,105.7,3.9298720000000005,110.71987200000001,102.860128,False,NONE,-0.48,-,1.87,-4.76
2026-08-18,2026-08-18T10:47:14.771910,VOLTAS,1263.5,1272.9,1252.6,1253.8,3.46,1253.8,43.2117,1306.7117,1220.2883,False,NONE,-0.77,-1.2,3.29,-2.13
2026-08-18,2026-08-18T10:47:14.771910,WAAREEENER,2705.3,2725.0,2697.4,2717.0,3.1,2717.0,83.8643,2789.1643000000004,2621.4357,False,NONE,0.14,1.11,-0.27,-1.79
2026-08-18,2026-08-18T10:47:14.771910,WIPRO,182.0,182.0,179.06,179.97,2.79,179.97,5.314399999999999,187.3144,176.6856,False,NONE,-1.08,-2.24,0.71,-1.45
2026-08-18,2026-08-18T10:47:14.771910,YESBANK,22.96,23.01,22.61,22.63,3.22,22.63,0.672728,23.632728,22.287272,False,NONE,-1.52,5.24,0.86,0
2026-08-18,2026-08-18T10:47:14.771910,ZYDUSLIFE,1142.0,1144.7,1125.3,1141.4,2.94,1141.4,34.26,1176.26,1107.74,False,NONE,0.46,-0.23,0.29,-3.33
