trading_date,observation_timestamp,Symbol,Open,High,Low,Close,ATM Straddle %,current_price,opening_straddle_premium,upper_straddle_breakout_level,lower_straddle_breakout_level,standard_straddle_breakout,breakout_direction,Price Chg %,IV Chg %,OI Chg %,PCR Chg %
2026-08-19,2026-08-19T09:20:08.642909,360ONE,1165.0,1165.0,1160.9,1164.9,2.83,1164.9,32.969500000000004,1197.9695,1132.0305,False,NONE,-0.41,0.34,-0.01,-1.85
2026-08-19,2026-08-19T09:20:08.642909,ABB,7546.0,7559.0,7485.5,7494.5,2.89,7494.5,218.07940000000002,7764.0794,7327.9206,False,NONE,-1.21,-0.96,0.01,0
2026-08-19,2026-08-19T09:20:08.642909,ABCAPITAL,401.6,401.7,397.6,398.0,2.65,398.0,10.6424,412.24240000000003,390.9576,False,NONE,-1.07,3.08,0.09,-1.37
2026-08-19,2026-08-19T09:20:08.642909,ADANIENSOL,1590.0,1590.0,1560.6,1565.4,3.83,1565.4,60.897,1650.897,1529.103,False,NONE,-2.44,11.53,0.41,-2.22
2026-08-19,2026-08-19T09:20:08.642909,ADANIENT,3005.0,3010.7,2993.9,2996.7,2.88,2996.7,86.544,3091.544,2918.456,False,NONE,-0.48,1.99,0.07,-1.64
2026-08-19,2026-08-19T09:20:08.642909,ADANIGREEN,1310.0,1310.0,1288.7,1298.0,3.25,1298.0,42.575,1352.575,1267.425,False,NONE,-1.13,9.97,0.03,0
2026-08-19,2026-08-19T09:20:08.642909,ADANIPORTS,1691.5,1691.5,1677.1,1679.3,2.25,1679.3,38.05875,1729.55875,1653.44125,False,NONE,-0.42,3.39,0,0
2026-08-19,2026-08-19T09:20:08.642909,ADANIPOWER,206.13,206.26,203.66,204.03,3.6,204.03,7.42068,213.55068,198.70932,False,NONE,-1.3,6.61,0.16,-2.13
2026-08-19,2026-08-19T09:20:08.642909,ALKEM,5420.0,5473.0,5420.0,5465.0,2.26,5465.0,122.49199999999999,5542.492,5297.508,False,NONE,-0.12,-0.77,0.16,0
2026-08-19,2026-08-19T09:20:08.642909,AMBER,7385.0,7385.0,7295.0,7330.0,2.97,7330.0,219.33450000000002,7604.3345,7165.6655,False,NONE,-0.66,9.24,-0.16,-1.64
2026-08-19,2026-08-19T09:20:08.642909,AMBUJACEM,410.6,411.3,408.9,409.4,2.17,409.4,8.910020000000001,419.51002,401.68998000000005,False,NONE,-0.67,-1.97,-0.01,0
2026-08-19,2026-08-19T09:20:08.642909,ANGELONE,290.5,294.0,288.8,289.15,3.6,289.15,10.458,300.958,280.042,False,NONE,-0.67,1.96,0.38,2.04
2026-08-19,2026-08-19T09:20:08.642909,APLAPOLLO,2105.0,2111.5,2105.0,2107.0,2.29,2107.0,48.204499999999996,2153.2045,2056.7955,False,NONE,-0.49,12.26,0.17,0
2026-08-19,2026-08-19T09:20:08.642909,APOLLOHOSP,8840.0,8840.0,8758.0,8782.5,1.7,8782.5,150.28,8990.28,8689.72,False,NONE,-0.54,-1.09,0.09,-2.7
2026-08-19,2026-08-19T09:20:08.642909,ASHOKLEY,174.3,176.08,174.16,174.6,2.87,174.6,5.00241,179.30241,169.29759,False,NONE,-1.04,-0.33,0.11,0
2026-08-19,2026-08-19T09:20:08.642909,ASIANPAINT,2620.0,2624.9,2610.0,2617.1,2.26,2617.1,59.211999999999996,2679.212,2560.788,False,NONE,-0.39,-0.5,-0.01,0
2026-08-19,2026-08-19T09:20:08.642909,ASTRAL,1539.8,1543.3,1512.0,1527.2,2.37,1527.2,36.49326,1576.29326,1503.30674,False,NONE,0.02,4.66,0,-1.75
2026-08-19,2026-08-19T09:20:08.642909,AUBANK,1075.0,1075.5,1066.9,1070.0,2.81,1070.0,30.2075,1105.2075,1044.7925,False,NONE,-0.55,2.37,0.06,-1.37
2026-08-19,2026-08-19T09:20:08.642909,AUROPHARMA,1638.1,1641.8,1635.8,1638.0,2.79,1638.0,45.70299,1683.80299,1592.39701,False,NONE,-0.19,4.86,0.04,0
2026-08-19,2026-08-19T09:20:08.642909,AXISBANK,1244.0,1244.1,1241.0,1242.9,1.99,1242.9,24.7556,1268.7556,1219.2444,False,NONE,-0.45,1.75,0.04,0
2026-08-19,2026-08-19T09:20:08.642909,BAJAJ-AUTO,11620.0,11621.0,11593.0,11603.0,2.12,11603.0,246.34400000000002,11866.344,11373.656,False,NONE,-0.24,-0.84,0.03,0
2026-08-19,2026-08-19T09:20:08.642909,BAJAJFINSV,2000.0,2000.2,1990.3,1991.0,2.23,1991.0,44.6,2044.6,1955.4,False,NONE,-0.99,5.04,-0.06,0
2026-08-19,2026-08-19T09:20:08.642909,BAJAJHLDNG,11288.0,11288.0,11288.0,11288.0,2.32,11288.0,261.8816,11549.8816,11026.1184,False,NONE,0.12,44.44,0,1.43
2026-08-19,2026-08-19T09:20:08.642909,BAJFINANCE,1091.2,1091.2,1081.1,1082.9,2.4,1082.9,26.1888,1117.3888,1065.0112000000001,False,NONE,-0.96,2.72,0.05,-1.3
2026-08-19,2026-08-19T09:20:08.642909,BANDHANBNK,170.2,170.2,168.5,169.0,3.02,169.0,5.14004,175.34004,165.05996,False,NONE,-1.37,147.16,0,0
2026-08-19,2026-08-19T09:20:08.642909,BANKBARODA,244.0,244.49,243.35,244.3,2.63,244.3,6.4172,250.4172,237.5828,False,NONE,0.07,-2.16,0,0
2026-08-19,2026-08-19T09:20:08.642909,BANKEX,65514.65,65514.65,65514.65,65514.65,1.73,65514.65,1133.4034450000001,66648.053445,64381.246555,False,NONE,-,15.08,0,-1.08
2026-08-19,2026-08-19T09:20:08.642909,BANKINDIA,142.65,142.88,142.13,142.5,3.14,142.5,4.47921,147.12921,138.17079,False,NONE,-0.04,3.67,0.07,0
2026-08-19,2026-08-19T09:20:08.642909,BANKNIFTY,57402.0,57402.0,57250.2,57300.0,1.32,57300.0,757.7064,58159.7064,56644.2936,False,NONE,-0.23,4.19,-0.09,0
2026-08-19,2026-08-19T09:20:08.642909,BDL,1405.0,1405.0,1393.0,1393.0,3.63,1393.0,51.00149999999999,1456.0015,1353.9985,False,NONE,-0.63,-0.61,0.05,0
2026-08-19,2026-08-19T09:20:08.642909,BEL,414.0,414.0,411.05,411.05,2.47,411.05,10.2258,424.2258,403.7742,False,NONE,-0.52,4.5,0.03,0
2026-08-19,2026-08-19T09:20:08.642909,BHARATFORG,2093.4,2093.4,2069.0,2074.1,2.7,2074.1,56.521800000000006,2149.9218,2036.8782,False,NONE,-0.78,-0.04,0.06,0
2026-08-19,2026-08-19T09:20:08.642909,BHARTIARTL,1935.0,1942.2,1931.1,1938.5,1.8,1938.5,34.83,1969.83,1900.17,False,NONE,-0.22,-0.06,0.04,0
2026-08-19,2026-08-19T09:20:08.642909,BHEL,424.3,424.3,418.0,419.0,3.48,419.0,14.765640000000001,439.06564000000003,409.53436,False,NONE,-1.43,2.45,0.03,0
2026-08-19,2026-08-19T09:20:08.642909,BIOCON,416.6,417.65,415.5,416.5,2.53,416.5,10.53998,427.13998000000004,406.06002,False,NONE,-0.76,0.67,-0.07,0
2026-08-19,2026-08-19T09:20:08.642909,BLUESTARCO,1488.3,1493.3,1481.7,1485.0,2.83,1485.0,42.11889,1530.41889,1446.18111,False,NONE,-0.46,-6.02,0.05,2.38
2026-08-19,2026-08-19T09:20:08.642909,BOSCHLTD,48840.0,49100.0,48685.0,48885.0,2.44,48885.0,1191.696,50031.695999999996,47648.304000000004,False,NONE,0.24,3.51,0.82,0.88
2026-08-19,2026-08-19T09:20:08.642909,BPCL,310.7,311.55,309.35,309.6,2.58,309.6,8.01606,318.71605999999997,302.68394,False,NONE,-0.71,2.94,0.5,0
2026-08-19,2026-08-19T09:20:08.642909,BRITANNIA,5460.0,5512.5,5460.0,5512.5,1.93,5512.5,105.37799999999999,5565.378,5354.622,False,NONE,0.2,14.19,0.05,1.96
2026-08-19,2026-08-19T09:20:08.642909,BSE,3319.0,3324.8,3308.8,3321.9,3.5,3321.9,116.165,3435.165,3202.835,False,NONE,0.08,0.09,0.23,0
2026-08-19,2026-08-19T09:20:08.642909,CAMS,760.0,762.9,759.4,760.55,2.66,760.55,20.216,780.216,739.784,False,NONE,0.13,-4.67,0.06,0
2026-08-19,2026-08-19T09:20:08.642909,CANBK,129.4,129.47,128.17,128.79,3,128.79,3.8820000000000006,133.282,125.518,False,NONE,-0.18,0.89,0.01,0
2026-08-19,2026-08-19T09:20:08.642909,CDSL,1338.0,1340.5,1335.7,1340.5,2.73,1340.5,36.5274,1374.5274,1301.4726,False,NONE,-0.35,0.46,0.02,-1.69
2026-08-19,2026-08-19T09:20:08.642909,CGPOWER,886.0,886.0,873.9,874.0,3.31,874.0,29.3266,915.3266,856.6734,False,NONE,-1.81,2.47,0.05,0
2026-08-19,2026-08-19T09:20:08.642909,CHOLAFIN,1870.1,1870.1,1855.3,1858.7,3.09,1858.7,57.786089999999994,1927.88609,1812.3139099999999,False,NONE,-0.9,0.32,0.01,1.59
2026-08-19,2026-08-19T09:20:08.642909,CIPLA,1424.8,1431.9,1420.6,1427.3,2.19,1427.3,31.20312,1456.0031199999999,1393.59688,False,NONE,-0.15,6.6,-0.03,1.82
2026-08-19,2026-08-19T09:20:08.642909,COALINDIA,407.2,408.85,403.55,403.55,1.98,403.55,8.06256,415.26256,399.13743999999997,False,NONE,-1.15,8.83,0.1,1.45
2026-08-19,2026-08-19T09:20:08.642909,COCHINSHIP,1509.0,1509.0,1491.0,1494.0,3.12,1494.0,47.080799999999996,1556.0808,1461.9192,False,NONE,-0.03,6.91,0.06,-1.52
2026-08-19,2026-08-19T09:20:08.642909,COFORGE,1796.8,1816.5,1788.8,1805.1,3.27,1805.1,58.75536,1855.55536,1738.0446399999998,False,NONE,1.59,10.35,0.57,0
2026-08-19,2026-08-19T09:20:08.642909,COLPAL,1903.0,1913.2,1895.7,1912.0,2.24,1912.0,42.6272,1945.6272,1860.3728,False,NONE,0.34,2.69,0.01,-1.82
2026-08-19,2026-08-19T09:20:08.642909,CONCOR,517.1,518.7,516.1,518.15,2.47,518.15,12.77237,529.87237,504.32763,False,NONE,-0.44,-1.61,0.02,0
2026-08-19,2026-08-19T09:20:08.642909,CROMPTON,246.3,247.3,243.95,244.75,2.96,244.75,7.29048,253.59048,239.00952,False,NONE,-0.02,-0.25,0.04,0
2026-08-19,2026-08-19T09:20:08.642909,CUMMINSIND,5330.0,5387.0,5311.0,5315.0,2.78,5315.0,148.174,5478.174,5181.826,False,NONE,-1.35,0.61,0.06,-1.61
2026-08-19,2026-08-19T09:20:08.642909,DABUR,402.9,402.9,400.9,401.5,2.02,401.5,8.13858,411.03857999999997,394.76142,False,NONE,-0.37,-2.32,0,1.92
2026-08-19,2026-08-19T09:20:08.642909,DALBHARAT,1835.2,1856.6,1830.7,1851.8,2.73,1851.8,50.10096000000001,1885.30096,1785.09904,False,NONE,0.21,-20,0.49,0
2026-08-19,2026-08-19T09:20:08.642909,DELHIVERY,452.15,452.2,450.4,451.95,2.42,451.95,10.942029999999999,463.09202999999997,441.20797,False,NONE,0.1,1.7,0.03,-1.69
2026-08-19,2026-08-19T09:20:08.642909,DIVISLAB,8599.5,8599.5,8528.5,8551.0,2.38,8551.0,204.66809999999998,8804.1681,8394.8319,False,NONE,-0.36,5.68,0.16,0
2026-08-19,2026-08-19T09:20:08.642909,DIXON,14130.0,14184.0,14037.0,14077.0,3.21,14077.0,453.57300000000004,14583.573,13676.427,False,NONE,-0.76,-4.34,-0.01,-2
2026-08-19,2026-08-19T09:20:08.642909,DLF,673.5,673.5,665.0,666.4,3.02,666.4,20.3397,693.8397,653.1603,False,NONE,-0.48,-1.7,0.04,0
2026-08-19,2026-08-19T09:20:08.642909,DMART,4009.5,4009.5,3974.6,3997.6,2.36,3997.6,94.6242,4104.1242,3914.8758,False,NONE,0.24,-0.55,0,0
2026-08-19,2026-08-19T09:20:08.642909,DRREDDY,1176.0,1182.7,1174.8,1181.6,2.02,1181.6,23.7552,1199.7552,1152.2448,False,NONE,0.08,-2.83,0.02,0
2026-08-19,2026-08-19T09:20:08.642909,EICHERMOT,8050.0,8050.0,8019.5,8032.0,1.96,8032.0,157.78,8207.78,7892.22,False,NONE,-0.31,3,0.01,0
2026-08-19,2026-08-19T09:20:08.642909,ETERNAL,314.05,318.9,314.05,318.7,3.06,318.7,9.60993,323.65993000000003,304.44007,False,NONE,0.49,4.15,0.22,1.56
2026-08-19,2026-08-19T09:20:08.642909,FEDERALBNK,357.3,358.75,356.85,357.55,2.19,357.55,7.82487,365.12487,349.47513000000004,False,NONE,-0.4,0.8,-0.02,0
2026-08-19,2026-08-19T09:20:08.642909,FINNIFTY,26027.2,26084.2,26027.2,26055.2,1.41,26055.2,366.98352,26394.183520000002,25660.21648,False,NONE,-0.47,5.45,0,-2.9
2026-08-19,2026-08-19T09:20:08.642909,FOCIT,36896.0,36970.0,36888.0,36917.0,2.72,36917.0,1003.5712000000001,37899.5712,35892.4288,False,NONE,0,20.47,0,0
2026-08-19,2026-08-19T09:20:08.642909,FORCEMOT,18228.0,18248.0,18142.0,18148.0,3.35,18148.0,610.638,18838.638,17617.362,False,NONE,-0.29,-8.48,0.08,0
2026-08-19,2026-08-19T09:20:08.642909,FORTIS,925.0,925.0,912.05,919.5,2.47,919.5,22.8475,947.8475,902.1525,False,NONE,-0.07,-0.22,0.38,2.56
2026-08-19,2026-08-19T09:20:08.642909,GAIL,172.2,173.38,171.8,172.25,2.39,172.25,4.11558,176.31557999999998,168.08442,False,NONE,0.26,5.57,0,2.86
2026-08-19,2026-08-19T09:20:08.642909,GLENMARK,2301.3,2319.0,2299.6,2301.4,2.26,2301.4,52.00938,2353.30938,2249.29062,False,NONE,-0.67,5.21,0,0
2026-08-19,2026-08-19T09:20:08.642909,GMRAIRPORT,102.01,103.44,102.01,103.12,2.86,103.12,2.9174860000000002,104.927486,99.09251400000001,False,NONE,1.14,9.96,0.11,-4.84
2026-08-19,2026-08-19T09:20:08.642909,GODFRYPHLP,2114.7,2115.4,2112.6,2115.4,3.74,2115.4,79.08978,2193.7897799999996,2035.6102199999998,False,NONE,0.21,1.94,-0.05,0
2026-08-19,2026-08-19T09:20:08.642909,GODREJCP,934.5,934.5,930.8,933.9,2.49,933.9,23.269050000000004,957.76905,911.23095,False,NONE,-0.1,-0.04,0,0
2026-08-19,2026-08-19T09:20:08.642909,GODREJPROP,2016.0,2016.0,1991.2,1993.3,3.15,1993.3,63.504,2079.504,1952.496,False,NONE,-0.94,1.44,0.05,0
2026-08-19,2026-08-19T09:20:08.642909,GRASIM,3272.3,3272.3,3255.9,3265.3,2.35,3265.3,76.89905,3349.19905,3195.40095,False,NONE,-0.24,-1.2,0.17,0
2026-08-19,2026-08-19T09:20:08.642909,GVT&D,4145.0,4145.0,4089.8,4114.5,3.9,4114.5,161.655,4306.655,3983.345,False,NONE,-2.1,11.46,0.19,-1.75
2026-08-19,2026-08-19T09:20:08.642909,HAL,5081.0,5097.8,5080.0,5080.1,2.73,5080.1,138.7113,5219.7113,4942.2887,False,NONE,-0.17,-1.8,0.09,0
2026-08-19,2026-08-19T09:20:08.642909,HAVELLS,1290.2,1304.9,1286.6,1300.5,2.42,1300.5,31.22284,1321.42284,1258.9771600000001,False,NONE,0.73,5.37,0.36,2.17
2026-08-19,2026-08-19T09:20:08.642909,HCLTECH,1311.2,1322.7,1311.2,1320.0,2.96,1320.0,38.81152,1350.01152,1272.38848,False,NONE,1.16,3.89,0.13,0
2026-08-19,2026-08-19T09:20:08.642909,HDFCAMC,2515.9,2515.9,2501.5,2505.0,2.48,2505.0,62.39432,2578.29432,2453.50568,False,NONE,-0.41,-1.31,0,1.43
2026-08-19,2026-08-19T09:20:08.642909,HDFCBANK,724.6,726.0,722.1,722.5,2.2,722.5,15.941200000000002,740.5412,708.6588,False,NONE,-0.22,-0.91,0.02,0
2026-08-19,2026-08-19T09:20:08.642909,HDFCLIFE,538.35,538.35,535.0,537.15,2.23,537.15,12.005205,550.3552050000001,526.344795,False,NONE,-0.38,5.09,0.04,0
2026-08-19,2026-08-19T09:20:08.642909,HEROMOTOCO,5680.0,5721.5,5680.0,5717.5,2.48,5717.5,140.864,5820.864,5539.136,False,NONE,-0.17,3.46,0.11,0
2026-08-19,2026-08-19T09:20:08.642909,HINDALCO,1028.0,1032.0,1025.7,1025.7,2.49,1025.7,25.5972,1053.5972,1002.4028,False,NONE,-1.53,2.12,0.07,0
2026-08-19,2026-08-19T09:20:08.642909,HINDPETRO,367.95,367.95,366.0,366.7,2.81,366.7,10.339395,378.289395,357.61060499999996,False,NONE,-0.34,-0.08,0.05,-5.45
2026-08-19,2026-08-19T09:20:08.642909,HINDUNILVR,2037.3,2041.5,2034.1,2041.0,1.9,2041.0,38.7087,2076.0087,1998.5913,False,NONE,-0.03,-2.09,0.07,0
2026-08-19,2026-08-19T09:20:08.642909,HINDZINC,549.0,554.4,549.0,553.4,3.09,553.4,16.9641,565.9641,532.0359,False,NONE,-0.96,3.54,0.21,1.89
2026-08-19,2026-08-19T09:20:08.642909,HYUNDAI,2184.2,2184.2,2176.7,2179.4,2.78,2179.4,60.72075999999999,2244.92076,2123.4792399999997,False,NONE,-0.78,1.24,-0.01,0
2026-08-19,2026-08-19T09:20:08.642909,ICICIBANK,1415.2,1417.7,1410.1,1411.4,1.77,1411.4,25.04904,1440.2490400000002,1390.15096,False,NONE,-0.28,-0.88,0.05,0
2026-08-19,2026-08-19T09:20:08.642909,ICICIGI,1625.4,1633.1,1623.7,1624.6,2.42,1624.6,39.334680000000006,1664.73468,1586.0653200000002,False,NONE,-0.54,13.7,0.03,0
2026-08-19,2026-08-19T09:20:08.642909,ICICIPRULI,502.9,504.15,497.25,497.95,2.4,497.95,12.069599999999998,514.9696,490.8304,False,NONE,-0.66,5.53,0.04,0
2026-08-19,2026-08-19T09:20:08.642909,IDEA,14.17,14.17,14.06,14.12,3.76,14.12,0.5327919999999999,14.702792,13.637208,False,NONE,-0.21,5.74,0.03,-1.52
2026-08-19,2026-08-19T09:20:08.642909,IDFCFIRSTB,85.7,85.7,85.3,85.39,2.57,85.39,2.20249,87.90249,83.49751,False,NONE,0.41,6.99,0.05,0
2026-08-19,2026-08-19T09:20:08.642909,IEX,124.15,124.16,123.13,123.17,2.73,123.17,3.389295,127.53929500000001,120.760705,False,NONE,-0.44,2.89,-0.01,-1.75
2026-08-19,2026-08-19T09:20:08.642909,INDHOTEL,716.75,716.8,714.75,716.25,2.15,716.25,15.410125,732.160125,701.339875,False,NONE,-0.26,0.44,0.03,0
2026-08-19,2026-08-19T09:20:08.642909,INDIANB,878.0,878.0,874.45,875.7,2.95,875.7,25.901000000000003,903.901,852.099,False,NONE,-0.26,-0.93,0.07,1.37
2026-08-19,2026-08-19T09:20:08.642909,INDIGO,5170.0,5211.0,5165.0,5210.0,2.71,5210.0,140.107,5310.107,5029.893,False,NONE,-0.13,-1.3,0.27,0
2026-08-19,2026-08-19T09:20:08.642909,INDUSINDBK,1014.0,1014.0,1009.4,1012.1,2.27,1012.1,23.0178,1037.0178,990.9822,False,NONE,-0.27,1.49,0.02,0
2026-08-19,2026-08-19T09:20:08.642909,INDUSTOWER,373.05,374.8,372.35,373.05,2.68,373.05,9.99774,383.04774000000003,363.05226,False,NONE,-0.45,-3.3,0.02,-1.61
2026-08-19,2026-08-19T09:20:08.642909,INFY,1127.1,1137.3,1127.1,1132.3,3.08,1132.3,34.71468,1161.81468,1092.3853199999999,False,NONE,1.12,-4.21,0.26,1.25
2026-08-19,2026-08-19T09:20:08.642909,INOXWIND,74.95,74.95,73.88,73.9,4.18,73.9,3.13291,78.08291,71.81709000000001,False,NONE,-1.41,0.22,0.24,0
2026-08-19,2026-08-19T09:20:08.642909,IOC,136.9,137.89,136.9,137.68,2.67,137.68,3.6552300000000004,140.55523,133.24477000000002,False,NONE,-0.05,-2.11,0.02,-1.23
2026-08-19,2026-08-19T09:20:08.642909,IREDA,113.76,114.19,113.23,114.08,2.93,114.08,3.3331680000000006,117.093168,110.426832,False,NONE,0.07,4.54,0.1,0
2026-08-19,2026-08-19T09:20:08.642909,IRFC,85.86,86.18,85.11,86.18,2.57,86.18,2.2066019999999997,88.066602,83.653398,False,NONE,0.23,-0.91,0.06,0
2026-08-19,2026-08-19T09:20:08.642909,ITC,269.75,270.65,269.6,270.65,1.89,270.65,5.098275,274.848275,264.651725,False,NONE,-0.07,0.06,0.03,0
2026-08-19,2026-08-19T09:20:08.642909,JINDALSTEL,1097.0,1099.4,1093.1,1098.9,2.4,1098.9,26.327999999999996,1123.328,1070.672,False,NONE,-0.28,2.25,0.06,0
2026-08-19,2026-08-19T09:20:08.642909,JIOFIN,245.35,245.65,244.05,244.3,2.97,244.3,7.286895,252.63689499999998,238.063105,False,NONE,-0.45,-5.45,0.05,0
2026-08-19,2026-08-19T09:20:08.642909,JSWENERGY,548.05,548.05,544.9,547.7,2.31,547.7,12.659955,560.7099549999999,535.390045,False,NONE,-0.58,3.09,0.04,0
2026-08-19,2026-08-19T09:20:08.642909,JSWSTEEL,1270.1,1270.1,1262.7,1264.5,2.23,1264.5,28.32323,1298.4232299999999,1241.77677,False,NONE,-0.5,-0.18,-0.04,0
2026-08-19,2026-08-19T09:20:08.642909,JUBLFOOD,502.4,504.2,502.35,503.95,2.75,503.95,13.815999999999999,516.216,488.584,False,NONE,0.1,-0.95,0,0
2026-08-19,2026-08-19T09:20:08.642909,KALYANKJIL,602.0,603.55,592.5,594.8,4.5,594.8,27.09,629.09,574.91,False,NONE,-1.7,1.03,-0.34,0
2026-08-19,2026-08-19T09:20:08.642909,KAYNES,3659.1,3661.5,3642.6,3649.9,4.24,3649.9,155.14584000000002,3814.24584,3503.95416,False,NONE,-0.09,7.95,0.26,0
2026-08-19,2026-08-19T09:20:08.642909,KEI,5780.1,5780.1,5699.1,5708.6,2.75,5708.6,158.95275,5939.052750000001,5621.14725,False,NONE,-1.09,-0.57,0.08,-1.16
2026-08-19,2026-08-19T09:20:08.642909,KFINTECH,947.75,947.75,941.05,945.5,3.14,945.5,29.759349999999998,977.50935,917.99065,False,NONE,-0.25,-1.3,1.4,0
2026-08-19,2026-08-19T09:20:08.642909,KOTAKBANK,388.5,388.85,386.8,387.7,2.06,387.7,8.0031,396.5031,380.4969,False,NONE,-0.32,-1.76,-0.04,0
2026-08-19,2026-08-19T09:20:08.642909,KPITTECH,604.5,609.45,601.0,602.65,3.32,602.65,20.069399999999998,624.5694,584.4306,False,NONE,0.53,6.51,0.1,-2.08
2026-08-19,2026-08-19T09:20:08.642909,LAURUSLABS,1805.0,1816.0,1805.0,1811.0,2.55,1811.0,46.0275,1851.0275,1758.9725,False,NONE,-0.28,-1.01,0.03,0
2026-08-19,2026-08-19T09:20:08.642909,LICHSGFIN,490.9,491.15,488.95,488.95,2.23,488.95,10.947069999999998,501.84707,479.95293,False,NONE,-0.77,-10.68,-0.02,0
2026-08-19,2026-08-19T09:20:08.642909,LICI,411.0,411.15,410.95,411.15,2.08,411.15,8.5488,419.5488,402.4512,False,NONE,0.07,160.49,0,0
2026-08-19,2026-08-19T09:20:08.642909,LODHA,1222.0,1222.0,1204.9,1208.0,3.59,1208.0,43.8698,1265.8698,1178.1302,False,NONE,-0.62,-1.6,0,0
2026-08-19,2026-08-19T09:20:08.642909,LT,4068.1,4073.8,4043.8,4052.6,1.9,4052.6,77.2939,4145.3939,3990.8061,False,NONE,-0.41,1.32,0.05,0
2026-08-19,2026-08-19T09:20:08.642909,LTF,326.4,326.65,319.2,319.85,3.39,319.85,11.06496,337.46495999999996,315.33504,False,NONE,-1.84,5.75,0.87,-5.06
2026-08-19,2026-08-19T09:20:08.642909,LTM,4610.0,4640.0,4599.0,4615.5,3.52,4615.5,162.27200000000002,4772.272,4447.728,False,NONE,0.61,4.73,0.13,0
2026-08-19,2026-08-19T09:20:08.642909,LUPIN,2241.5,2241.5,2220.8,2231.0,2,2231.0,44.83,2286.33,2196.67,False,NONE,0.06,-1.43,0.05,2.33
2026-08-19,2026-08-19T09:20:08.642909,M&M,3411.0,3411.0,3390.0,3393.3,2.3,3393.3,78.45299999999999,3489.453,3332.547,False,NONE,-0.7,1.57,0.02,0
2026-08-19,2026-08-19T09:20:08.642909,MANAPPURAM,344.0,344.0,342.5,344.0,3.49,344.0,12.005600000000001,356.0056,331.9944,False,NONE,-0.45,-22.79,-0.01,0
2026-08-19,2026-08-19T09:20:08.642909,MANKIND,2390.0,2419.3,2390.0,2419.2,3.05,2419.2,72.895,2462.895,2317.105,False,NONE,0.95,6.24,0,0
2026-08-19,2026-08-19T09:20:08.642909,MARICO,848.4,849.7,839.9,849.3,2.04,849.3,17.30736,865.70736,831.09264,False,NONE,0.37,-2.2,0.01,0
2026-08-19,2026-08-19T09:20:08.642909,MARUTI,13738.0,13738.0,13649.0,13660.0,2.19,13660.0,300.8622,14038.8622,13437.1378,False,NONE,-0.69,-1.24,0.21,0
2026-08-19,2026-08-19T09:20:08.642909,MAXHEALTH,1018.2,1018.2,1005.0,1012.8,2.77,1012.8,28.204140000000002,1046.40414,989.99586,False,NONE,-0.26,-5.05,0,1.85
2026-08-19,2026-08-19T09:20:08.642909,MAZDOCK,2600.0,2606.7,2584.7,2590.0,3.43,2590.0,89.18,2689.18,2510.82,False,NONE,-0.16,9.24,0.12,0
2026-08-19,2026-08-19T09:20:08.642909,MCX,3058.0,3067.7,3024.0,3039.0,3.7,3039.0,113.146,3171.146,2944.854,False,NONE,0.07,4.81,0.24,-2.06
2026-08-19,2026-08-19T09:20:08.642909,MFSL,1581.0,1581.0,1564.0,1565.6,2.64,1565.6,41.7384,1622.7384,1539.2616,False,NONE,-0.92,4.33,0.05,-1.92
2026-08-19,2026-08-19T09:20:08.642909,MIDCPNIFTY,14832.55,14898.1,14798.95,14827.0,1.29,14827.0,191.33989499999998,15023.889894999998,14641.210105,False,NONE,-0.31,3.58,6.85,0
2026-08-19,2026-08-19T09:20:08.642909,MOTHERSON,171.05,171.05,169.94,169.94,2.94,169.94,5.02887,176.07887000000002,166.02113,False,NONE,-0.09,7.55,0.41,0.94
2026-08-19,2026-08-19T09:20:08.642909,MOTILALOFS,940.2,940.7,936.75,940.7,2.81,940.7,26.41962,966.61962,913.78038,False,NONE,-0.15,5.92,-0.07,0
2026-08-19,2026-08-19T09:20:08.642909,MPHASIS,2458.0,2477.2,2457.5,2462.5,3.54,2462.5,87.0132,2545.0132,2370.9868,False,NONE,0.56,4,0.15,0
2026-08-19,2026-08-19T09:20:08.642909,MUTHOOTFIN,2889.9,2890.1,2865.4,2870.4,2.68,2870.4,77.44932,2967.3493200000003,2812.45068,False,NONE,-1.15,4.17,0.12,2.04
2026-08-19,2026-08-19T09:20:08.642909,NAM-INDIA,1182.0,1182.0,1174.8,1180.1,3.14,1180.1,37.1148,1219.1148,1144.8852,False,NONE,0.21,3.34,0.04,2.63
2026-08-19,2026-08-19T09:20:08.642909,NATIONALUM,380.05,382.9,378.15,379.75,3.75,379.75,14.251875,394.301875,365.798125,False,NONE,-1.72,2.64,-0.02,0
2026-08-19,2026-08-19T09:20:08.642909,NAUKRI,1358.8,1368.3,1358.8,1364.0,2.87,1364.0,38.99756,1397.79756,1319.80244,False,NONE,0.81,2.88,0.04,1.43
2026-08-19,2026-08-19T09:20:08.642909,NBCC,87.6,87.69,87.35,87.35,3.29,87.35,2.88204,90.48204,84.71795999999999,False,NONE,-0.72,0.72,0.04,0
2026-08-19,2026-08-19T09:20:08.642909,NESTLEIND,1472.4,1472.8,1463.5,1469.0,2.14,1469.0,31.509360000000004,1503.90936,1440.89064,False,NONE,0.31,3.22,-0.05,0
2026-08-19,2026-08-19T09:20:08.642909,NHPC,76.44,76.44,76.13,76.25,2.43,76.25,1.857492,78.29749199999999,74.582508,False,NONE,-0.09,17.79,0.05,0
2026-08-19,2026-08-19T09:20:08.642909,NIFTY,24201.0,24201.0,24133.6,24160.0,1.06,24160.0,256.5306,24457.5306,23944.4694,False,NONE,-0.29,4.29,0.29,0
2026-08-19,2026-08-19T09:20:08.642909,NIFTYFPI,1586.0,1596.9,1584.15,1596.0,-,1596.0,,,,False,NONE,-,-,-,-
2026-08-19,2026-08-19T09:20:08.642909,NIFTYNXT50,74362.0,74551.0,74181.0,74232.6,1.9,74232.6,1412.878,75774.878,72949.122,False,NONE,0.02,-,0.14,1.09
2026-08-19,2026-08-19T09:20:08.642909,NMDC,83.2,83.7,83.2,83.41,2.71,83.41,2.2547200000000003,85.45472000000001,80.94528,False,NONE,-0.88,-1.84,0.03,0
2026-08-19,2026-08-19T09:20:08.642909,NTPC,337.0,338.2,336.0,338.2,2.08,338.2,7.009600000000001,344.0096,329.9904,False,NONE,0.03,1.61,-0.02,0
2026-08-19,2026-08-19T09:20:08.642909,NYKAA,321.9,324.1,320.65,323.15,2.63,323.15,8.465969999999999,330.36596999999995,313.43403,False,NONE,0.39,1.5,0.02,0
2026-08-19,2026-08-19T09:20:08.642909,OBEROIRLTY,1863.8,1868.4,1831.8,1861.7,3.37,1861.7,62.81006,1926.61006,1800.98994,False,NONE,0,-0.18,-0.5,9.52
2026-08-19,2026-08-19T09:20:08.642909,OFSS,11744.0,11820.0,11725.0,11755.0,3.62,11755.0,425.1328,12169.1328,11318.8672,False,NONE,1.04,2.96,-0.04,0
2026-08-19,2026-08-19T09:20:08.642909,OIL,485.0,486.05,483.4,483.95,3.26,483.95,15.811,500.811,469.189,False,NONE,0.31,6.03,0.44,-1.82
2026-08-19,2026-08-19T09:20:08.642909,ONGC,241.0,242.61,240.22,240.33,1.91,240.33,4.6031,245.6031,236.3969,False,NONE,0.5,-7.98,-0.04,2.78
2026-08-19,2026-08-19T09:20:08.642909,PAGEIND,36480.0,36480.0,35945.0,36035.0,2.79,36035.0,1017.7919999999999,37497.792,35462.208,False,NONE,-0.95,-1.82,-0.16,-3.33
2026-08-19,2026-08-19T09:20:08.642909,PATANJALI,349.9,353.25,349.8,353.1,3.46,353.1,12.10654,362.00654,337.79346,False,NONE,0.84,6.38,-0.06,2.33
2026-08-19,2026-08-19T09:20:08.642909,PAYTM,1552.0,1562.8,1547.1,1552.5,3.31,1552.5,51.3712,1603.3712,1500.6288,False,NONE,-0.08,0.86,0.1,0
2026-08-19,2026-08-19T09:20:08.642909,PERSISTENT,5512.5,5587.5,5511.5,5566.5,3.85,5566.5,212.23125,5724.73125,5300.26875,False,NONE,1.82,21.11,0.17,-7.55
2026-08-19,2026-08-19T09:20:08.642909,PETRONET,285.0,288.8,285.0,288.3,3.25,288.3,9.2625,294.2625,275.7375,False,NONE,1.19,8.59,0.16,0
2026-08-19,2026-08-19T09:20:08.642909,PFC,374.65,374.65,373.0,373.5,2.2,373.5,8.2423,382.8923,366.4077,False,NONE,-0.21,-0.05,0.02,2
2026-08-19,2026-08-19T09:20:08.642909,PGEL,598.15,599.4,596.2,596.85,3.72,596.85,22.251179999999998,620.40118,575.89882,False,NONE,-0.18,2.7,0.14,0
2026-08-19,2026-08-19T09:20:08.642909,PHOENIXLTD,1950.5,1950.5,1936.3,1937.6,2.36,1937.6,46.0318,1996.5318,1904.4682,False,NONE,-0.17,-11.99,0.01,0
2026-08-19,2026-08-19T09:20:08.642909,PIDILITIND,1657.6,1667.3,1653.0,1667.3,1.93,1667.3,31.991679999999995,1689.59168,1625.6083199999998,False,NONE,-0.02,4.07,0.06,0
2026-08-19,2026-08-19T09:20:08.642909,PIIND,2511.0,2513.1,2494.3,2507.3,2.94,2507.3,73.8234,2584.8234,2437.1766,False,NONE,0.08,5.37,0.04,0
2026-08-19,2026-08-19T09:20:08.642909,PNB,116.33,116.92,116.23,116.71,2.79,116.71,3.245607,119.575607,113.08439299999999,False,NONE,-0.1,4.31,0.01,0
2026-08-19,2026-08-19T09:20:08.642909,PNBHOUSING,1155.0,1155.0,1139.7,1143.1,2.88,1143.1,33.264,1188.264,1121.736,False,NONE,-0.1,1.43,0.04,1.85
2026-08-19,2026-08-19T09:20:08.642909,POLICYBZR,1738.2,1756.1,1738.2,1756.1,3.26,1756.1,56.66532,1794.86532,1681.53468,False,NONE,0.23,2.2,0.06,0
2026-08-19,2026-08-19T09:20:08.642909,POLYCAB,9050.0,9088.5,9025.0,9050.5,2.75,9050.5,248.875,9298.875,8801.125,False,NONE,-0.89,2.45,0.38,0
2026-08-19,2026-08-19T09:20:08.642909,POWERGRID,267.95,267.95,266.7,267.0,1.76,267.0,4.71592,272.66591999999997,263.23408,False,NONE,-0.56,3.11,0,0
2026-08-19,2026-08-19T09:20:08.642909,POWERINDIA,34765.0,35005.0,34300.0,34470.0,3.29,34470.0,1143.7685000000001,35908.7685,33621.2315,False,NONE,-2.34,9.99,0.16,-2.22
2026-08-19,2026-08-19T09:20:08.642909,PREMIERENE,1013.2,1019.5,1013.2,1014.7,3.03,1014.7,30.69996,1043.89996,982.50004,False,NONE,-0.11,3.85,0.04,0
2026-08-19,2026-08-19T09:20:08.642909,PRESTIGE,1582.2,1582.2,1576.0,1579.6,3.04,1579.6,48.09888,1630.29888,1534.10112,False,NONE,-1.19,8.78,0.11,0
2026-08-19,2026-08-19T09:20:08.642909,RADICO,4682.1,4722.5,4682.1,4719.5,3.25,4719.5,152.16825,4834.26825,4529.931750000001,False,NONE,0.14,5.61,0.09,1.54
2026-08-19,2026-08-19T09:20:08.642909,RBLBANK,383.85,383.85,382.65,383.5,2.91,383.5,11.170035,395.020035,372.67996500000004,False,NONE,-0.07,5.68,0.05,-1.47
2026-08-19,2026-08-19T09:20:08.642909,RECLTD,336.7,338.2,336.35,337.55,2.28,337.55,7.676759999999999,344.37676,329.02324,False,NONE,-0.31,-1.18,0.02,-1.47
2026-08-19,2026-08-19T09:20:08.642909,RELIANCE,1321.0,1321.0,1316.8,1319.2,1.72,1319.2,22.7212,1343.7212,1298.2788,False,NONE,-0.1,-0.12,0.03,0
2026-08-19,2026-08-19T09:20:08.642909,RVNL,224.2,225.28,223.32,224.39,2.82,224.39,6.322439999999999,230.52244,217.87756,False,NONE,-0.06,-3.45,0.01,0
2026-08-19,2026-08-19T09:20:08.642909,SAIL,170.55,170.55,170.0,170.0,2.8,170.0,4.7754,175.3254,165.77460000000002,False,NONE,-1.57,-,0,0
2026-08-19,2026-08-19T09:20:08.642909,SBICARD,615.4,615.7,612.5,615.7,3.02,615.7,18.58508,633.9850799999999,596.81492,False,NONE,-0.07,-,0.04,3.92
2026-08-19,2026-08-19T09:20:08.642909,SBILIFE,1771.2,1793.9,1761.2,1764.9,2.72,1764.9,48.176640000000006,1819.37664,1723.0233600000001,False,NONE,-0.87,11.07,0.04,0
2026-08-19,2026-08-19T09:20:08.642909,SBIN,1053.8,1053.8,1048.4,1050.2,2.22,1050.2,23.394360000000002,1077.19436,1030.40564,False,NONE,-0.39,-1.22,0,0
2026-08-19,2026-08-19T09:20:08.642909,SENSEX,77402.1,77402.1,77300.0,77360.0,0.59,77360.0,456.67239,77858.77239000001,76945.42761,False,NONE,-0.2,1.23,0.34,-0.99
2026-08-19,2026-08-19T09:20:08.642909,SHREECEM,24575.0,24575.0,24375.0,24410.0,2.02,24410.0,496.415,25071.415,24078.585,False,NONE,-1.09,37.99,0.06,0
2026-08-19,2026-08-19T09:20:08.642909,SHRIRAMFIN,1113.5,1113.5,1102.2,1102.3,3,1102.3,33.405,1146.905,1080.095,False,NONE,-0.55,0.35,0.06,0
2026-08-19,2026-08-19T09:20:08.642909,SIEMENS,3930.3,3949.4,3906.0,3907.4,2.87,3907.4,112.79961000000002,4043.09961,3817.50039,False,NONE,-1.21,2.5,0.18,-1.69
2026-08-19,2026-08-19T09:20:08.642909,SOLARINDS,20050.0,20249.0,19984.0,20025.0,3.47,20025.0,695.735,20745.735,19354.265,False,NONE,-0.35,-1.94,0.07,0
2026-08-19,2026-08-19T09:20:08.642909,SONACOMS,829.0,829.0,817.45,822.0,3.12,822.0,25.8648,854.8648,803.1352,False,NONE,-0.66,-3.18,0.03,-2.94
2026-08-19,2026-08-19T09:20:08.642909,SRF,2632.5,2632.5,2613.2,2619.1,2.22,2619.1,58.441500000000005,2690.9415,2574.0585,False,NONE,-0.51,2.06,0.05,0
2026-08-19,2026-08-19T09:20:08.642909,SUNPHARMA,1872.3,1892.3,1872.3,1892.0,2,1892.0,37.446,1909.7459999999999,1834.854,False,NONE,0.5,-3.15,0.06,0
2026-08-19,2026-08-19T09:20:08.642909,SUPREMEIND,3551.0,3620.7,3551.0,3606.1,2.69,3606.1,95.5219,3646.5219,3455.4781,False,NONE,0.13,3.42,0.24,0
2026-08-19,2026-08-19T09:20:08.642909,SUZLON,47.68,47.68,47.03,47.11,3.23,47.11,1.5400639999999999,49.220064,46.139936,False,NONE,-1.34,2.89,0.07,-2.44
2026-08-19,2026-08-19T09:20:08.642909,SWIGGY,276.15,276.8,270.6,271.2,4.54,271.2,12.53721,288.68721,263.61278999999996,False,NONE,-1.18,6.61,0.46,0
2026-08-19,2026-08-19T09:20:08.642909,TATACONSUM,1062.1,1063.0,1061.1,1063.0,2.31,1063.0,24.53451,1086.6345099999999,1037.56549,False,NONE,-0.28,-1.26,-0.01,0
2026-08-19,2026-08-19T09:20:08.642909,TATAELXSI,3633.4,3671.9,3633.4,3657.5,3.27,3657.5,118.81218000000001,3752.21218,3514.58782,False,NONE,0.03,4.74,-0.04,19.57
2026-08-19,2026-08-19T09:20:08.642909,TATAPOWER,379.95,379.95,378.5,378.5,2.13,378.5,8.092934999999999,388.042935,371.857065,False,NONE,-0.37,2.21,-0.01,0
2026-08-19,2026-08-19T09:20:08.642909,TATASTEEL,184.44,185.07,183.2,183.2,2.6,183.2,4.79544,189.23544,179.64455999999998,False,NONE,-1.02,-0.16,0.18,0
2026-08-19,2026-08-19T09:20:08.642909,TCS,2308.0,2308.0,2282.5,2289.0,2.77,2289.0,63.931599999999996,2371.9316,2244.0684,False,NONE,0,2.92,0.1,-1.72
2026-08-19,2026-08-19T09:20:08.642909,TECHM,1605.0,1613.8,1600.8,1605.0,2.46,1605.0,39.483,1644.483,1565.517,False,NONE,0.39,7.16,0.36,0
2026-08-19,2026-08-19T09:20:08.642909,TIINDIA,2950.0,2960.3,2930.0,2930.4,3.62,2930.4,106.79,3056.79,2843.21,False,NONE,-1.27,0.09,-0.07,0.94
2026-08-19,2026-08-19T09:20:08.642909,TITAN,5065.0,5076.2,5036.0,5050.0,1.81,5050.0,91.67649999999999,5156.6765,4973.3235,False,NONE,-0.26,0.98,-0.11,0
2026-08-19,2026-08-19T09:20:08.642909,TMPV,324.4,324.5,321.3,321.3,2.75,321.3,8.921,333.32099999999997,315.479,False,NONE,-0.86,-0.19,0.02,0
2026-08-19,2026-08-19T09:20:08.642909,TORNTPHARM,4971.0,4985.0,4968.0,4982.5,2.48,4982.5,123.2808,5094.2808,4847.7192,False,NONE,0.03,1.48,0.06,1.56
2026-08-19,2026-08-19T09:20:08.642909,TRENT,2950.0,2954.4,2930.5,2947.1,2.79,2947.1,82.305,3032.305,2867.695,False,NONE,-0.26,0.76,-0.01,0
2026-08-19,2026-08-19T09:20:08.642909,TVSMOTOR,4389.0,4389.0,4369.7,4369.7,2.45,4369.7,107.53050000000002,4496.5305,4281.4695,False,NONE,0.41,6.15,0.09,-2.27
2026-08-19,2026-08-19T09:20:08.642909,ULTRACEMCO,11522.0,11522.0,11460.0,11486.0,2.1,11486.0,241.96200000000002,11763.962,11280.038,False,NONE,-0.51,2.71,-0.02,0
2026-08-19,2026-08-19T09:20:08.642909,UNIONBANK,185.1,187.76,185.1,186.32,3.12,186.32,5.77512,190.87511999999998,179.32488,False,NONE,-0.18,5.19,0.02,0
2026-08-19,2026-08-19T09:20:08.642909,UNITDSPR,1527.2,1530.5,1527.2,1529.5,2.18,1529.5,33.29296,1560.49296,1493.90704,False,NONE,0.08,2.52,0.03,0
2026-08-19,2026-08-19T09:20:08.642909,UNOMINDA,1283.0,1283.0,1268.0,1268.4,2.42,1268.4,31.0486,1314.0486,1251.9514,False,NONE,-0.74,1.8,0.05,0
2026-08-19,2026-08-19T09:20:08.642909,UPL,558.15,560.85,558.15,560.85,2.5,560.85,13.95375,572.10375,544.19625,False,NONE,0.16,1.03,0.06,0
2026-08-19,2026-08-19T09:20:08.642909,VBL,437.0,438.95,437.0,438.5,2.53,438.5,11.056099999999999,448.0561,425.9439,False,NONE,-0.08,-1.46,0.02,0
2026-08-19,2026-08-19T09:20:08.642909,VEDL,264.6,265.0,261.9,262.25,3.34,262.25,8.83764,273.43764000000004,255.76236000000003,False,NONE,-1.22,4.9,0.07,0
2026-08-19,2026-08-19T09:20:08.642909,VMM,103.68,103.71,103.31,103.59,11.43,103.59,11.850624,115.530624,91.82937600000001,False,NONE,-0.36,-2.27,0.03,0
2026-08-19,2026-08-19T09:20:08.642909,VOLTAS,1248.0,1248.0,1241.0,1242.7,3.07,1242.7,38.313599999999994,1286.3136,1209.6864,False,NONE,-0.58,-3.61,0.16,0
2026-08-19,2026-08-19T09:20:08.642909,WAAREEENER,2676.9,2709.9,2676.9,2696.1,2.64,2696.1,70.67016000000001,2747.57016,2606.22984,False,NONE,-0.27,1.45,0.02,0
2026-08-19,2026-08-19T09:20:08.642909,WIPRO,179.5,179.95,177.96,179.0,2.64,179.0,4.7388,184.2388,174.7612,False,NONE,0.14,-0.08,0.02,0
2026-08-19,2026-08-19T09:20:08.642909,YESBANK,22.52,22.57,22.41,22.43,2.89,22.43,0.6508280000000001,23.170828,21.869172,False,NONE,-0.44,-10.3,0.2,-1.92
2026-08-19,2026-08-19T09:20:08.642909,ZYDUSLIFE,1121.0,1126.8,1118.9,1118.9,2.64,1118.9,29.5944,1150.5944,1091.4056,False,NONE,-0.08,4.65,0.05,0
2026-08-19,2026-08-19T09:25:17.651121,360ONE,1165.0,1166.0,1160.9,1163.4,2.97,1163.4,32.969500000000004,1197.9695,1132.0305,False,NONE,-0.54,-2.31,-0.08,-3.7
2026-08-19,2026-08-19T09:25:17.651121,ABB,7546.0,7559.0,7453.5,7465.0,3.1,7465.0,218.07940000000002,7764.0794,7327.9206,False,NONE,-1.6,4.28,-0.2,-1.96
2026-08-19,2026-08-19T09:25:17.651121,ABCAPITAL,401.6,401.7,397.6,398.0,2.65,398.0,10.6424,412.24240000000003,390.9576,False,NONE,-1.07,-0.04,0.15,-2.74
2026-08-19,2026-08-19T09:25:17.651121,ADANIENSOL,1590.0,1590.0,1560.6,1568.1,3.98,1568.1,60.897,1650.897,1529.103,False,NONE,-2.27,14.82,0.47,0
2026-08-19,2026-08-19T09:25:17.651121,ADANIENT,3005.0,3010.7,2993.9,3005.1,2.83,3005.1,86.544,3091.544,2918.456,False,NONE,-0.2,1.8,0.07,0
2026-08-19,2026-08-19T09:25:17.651121,ADANIGREEN,1310.0,1310.0,1288.7,1297.0,3.31,1297.0,42.575,1352.575,1267.425,False,NONE,-1.21,0.48,0.05,0
2026-08-19,2026-08-19T09:25:17.651121,ADANIPORTS,1691.5,1691.5,1677.1,1680.4,2.29,1680.4,38.05875,1729.55875,1653.44125,False,NONE,-0.36,3.21,0.07,-1.89
2026-08-19,2026-08-19T09:25:17.651121,ADANIPOWER,206.13,206.26,203.66,204.55,3.12,204.55,7.42068,213.55068,198.70932,False,NONE,-1.05,-5.6,0.16,4.26
2026-08-19,2026-08-19T09:25:17.651121,ALKEM,5420.0,5482.5,5420.0,5467.0,2.29,5467.0,122.49199999999999,5542.492,5297.508,False,NONE,-0.08,-0.5,0.16,2.27
2026-08-19,2026-08-19T09:25:17.651121,AMBER,7385.0,7385.0,7295.0,7301.0,3.09,7301.0,219.33450000000002,7604.3345,7165.6655,False,NONE,-1.05,11.73,-0.2,-1.64
2026-08-19,2026-08-19T09:25:17.651121,AMBUJACEM,410.6,411.3,408.9,410.85,2.14,410.85,8.910020000000001,419.51002,401.68998000000005,False,NONE,-0.32,-3.94,-0.01,0
2026-08-19,2026-08-19T09:25:17.651121,ANGELONE,290.5,294.0,288.8,289.0,3.56,289.0,10.458,300.958,280.042,False,NONE,-0.72,0.98,0.37,0
2026-08-19,2026-08-19T09:25:17.651121,APLAPOLLO,2105.0,2111.5,2105.0,2107.5,2.31,2107.5,48.204499999999996,2153.2045,2056.7955,False,NONE,-0.46,12.78,0.24,0
2026-08-19,2026-08-19T09:25:17.651121,APOLLOHOSP,8840.0,8840.0,8758.0,8795.0,1.77,8795.0,150.28,8990.28,8689.72,False,NONE,-0.4,3.04,0.07,-2.7
2026-08-19,2026-08-19T09:25:17.651121,ASHOKLEY,174.3,176.08,174.16,175.24,2.87,175.24,5.00241,179.30241,169.29759,False,NONE,-0.68,1.14,0.09,0
2026-08-19,2026-08-19T09:25:17.651121,ASIANPAINT,2620.0,2624.9,2610.0,2622.7,2.28,2622.7,59.211999999999996,2679.212,2560.788,False,NONE,-0.18,-0.05,0,0
2026-08-19,2026-08-19T09:25:17.651121,ASTRAL,1539.8,1543.3,1512.0,1524.2,2.4,1524.2,36.49326,1576.29326,1503.30674,False,NONE,-0.18,2.96,0.04,-3.51
2026-08-19,2026-08-19T09:25:17.651121,AUBANK,1075.0,1075.5,1066.9,1069.0,2.78,1069.0,30.2075,1105.2075,1044.7925,False,NONE,-0.64,1.17,0.05,-1.37
2026-08-19,2026-08-19T09:25:17.651121,AUROPHARMA,1638.1,1641.8,1635.8,1636.5,2.75,1636.5,45.70299,1683.80299,1592.39701,False,NONE,-0.29,-1.13,0.04,0
2026-08-19,2026-08-19T09:25:17.651121,AXISBANK,1244.0,1244.1,1240.4,1242.2,1.95,1242.2,24.7556,1268.7556,1219.2444,False,NONE,-0.5,-1.17,0.04,0
2026-08-19,2026-08-19T09:25:17.651121,BAJAJ-AUTO,11620.0,11621.0,11593.0,11607.0,2.13,11607.0,246.34400000000002,11866.344,11373.656,False,NONE,-0.21,0.64,0.04,0
2026-08-19,2026-08-19T09:25:17.651121,BAJAJFINSV,2000.0,2001.6,1990.3,2000.8,2.14,2000.8,44.6,2044.6,1955.4,False,NONE,-0.51,2.25,-0.03,0
2026-08-19,2026-08-19T09:25:17.651121,BAJAJHLDNG,11288.0,11335.0,11288.0,11300.0,2.32,11300.0,261.8816,11549.8816,11026.1184,False,NONE,0.23,20.99,-0.02,-1.43
2026-08-19,2026-08-19T09:25:17.651121,BAJFINANCE,1091.2,1091.2,1081.1,1086.2,2.42,1086.2,26.1888,1117.3888,1065.0112000000001,False,NONE,-0.66,0.75,0.12,-1.3
2026-08-19,2026-08-19T09:25:17.651121,BANDHANBNK,170.2,170.2,168.5,168.5,3.03,168.5,5.14004,175.34004,165.05996,False,NONE,-1.66,-24.17,-0.01,0
2026-08-19,2026-08-19T09:25:17.651121,BANKBARODA,244.0,244.65,243.35,244.49,2.56,244.49,6.4172,250.4172,237.5828,False,NONE,0.15,-4.05,0.02,0
2026-08-19,2026-08-19T09:25:17.651121,BANKEX,65514.65,65514.65,65514.65,65514.65,1.73,65514.65,1133.4034450000001,66648.053445,64381.246555,False,NONE,-,-20.04,0,-2.15
2026-08-19,2026-08-19T09:25:17.651121,BANKINDIA,142.65,142.88,142.13,142.4,3,142.4,4.47921,147.12921,138.17079,False,NONE,-0.11,0.07,0.11,0
2026-08-19,2026-08-19T09:25:17.651121,BANKNIFTY,57402.0,57402.0,57223.2,57270.0,1.32,57270.0,757.7064,58159.7064,56644.2936,False,NONE,-0.28,3.86,0.01,0
2026-08-19,2026-08-19T09:25:17.651121,BDL,1405.0,1405.0,1391.1,1391.1,3.67,1391.1,51.00149999999999,1456.0015,1353.9985,False,NONE,-0.76,1.51,0.02,-1.67
2026-08-19,2026-08-19T09:25:17.651121,BEL,414.0,414.0,410.6,410.7,2.43,410.7,10.2258,424.2258,403.7742,False,NONE,-0.61,2.43,0.04,0
2026-08-19,2026-08-19T09:25:17.651121,BHARATFORG,2093.4,2093.4,2069.0,2076.0,2.63,2076.0,56.521800000000006,2149.9218,2036.8782,False,NONE,-0.69,-1.59,0.01,0
2026-08-19,2026-08-19T09:25:17.651121,BHARTIARTL,1935.0,1942.5,1931.1,1937.5,1.85,1937.5,34.83,1969.83,1900.17,False,NONE,-0.27,1.09,0.08,0
2026-08-19,2026-08-19T09:25:17.651121,BHEL,424.3,424.3,417.2,417.3,3.51,417.3,14.765640000000001,439.06564000000003,409.53436,False,NONE,-1.83,0.58,0.12,-3.7
2026-08-19,2026-08-19T09:25:17.651121,BIOCON,416.6,417.65,415.5,416.6,2.63,416.6,10.53998,427.13998000000004,406.06002,False,NONE,-0.74,2.25,-0.13,-1.37
2026-08-19,2026-08-19T09:25:17.651121,BLUESTARCO,1488.3,1493.3,1481.7,1482.5,2.96,1482.5,42.11889,1530.41889,1446.18111,False,NONE,-0.62,-2.89,0.18,2.38
2026-08-19,2026-08-19T09:25:17.651121,BOSCHLTD,48840.0,49100.0,48685.0,48900.0,2.49,48900.0,1191.696,50031.695999999996,47648.304000000004,False,NONE,0.27,6.25,1.04,-1.75
2026-08-19,2026-08-19T09:25:17.651121,BPCL,310.7,311.55,309.35,310.15,2.51,310.15,8.01606,318.71605999999997,302.68394,False,NONE,-0.53,2.3,0.85,0
2026-08-19,2026-08-19T09:25:17.651121,BRITANNIA,5460.0,5530.0,5460.0,5528.0,1.96,5528.0,105.37799999999999,5565.378,5354.622,False,NONE,0.48,-1.96,0.1,3.92
2026-08-19,2026-08-19T09:25:17.651121,BSE,3319.0,3325.7,3308.8,3310.9,3.41,3310.9,116.165,3435.165,3202.835,False,NONE,-0.25,-0.43,0.45,0
2026-08-19,2026-08-19T09:25:17.651121,CAMS,760.0,762.9,758.35,758.35,2.43,758.35,20.216,780.216,739.784,False,NONE,-0.16,-8.61,0.07,0
2026-08-19,2026-08-19T09:25:17.651121,CANBK,129.4,129.47,128.17,128.86,2.86,128.86,3.8820000000000006,133.282,125.518,False,NONE,-0.12,-2.4,0.02,1.32
2026-08-19,2026-08-19T09:25:17.651121,CDSL,1338.0,1345.9,1335.7,1338.9,2.7,1338.9,36.5274,1374.5274,1301.4726,False,NONE,-0.47,-2.24,0,-1.69
2026-08-19,2026-08-19T09:25:17.651121,CGPOWER,886.0,886.0,869.65,869.85,3.46,869.85,29.3266,915.3266,856.6734,False,NONE,-2.28,10.63,0.13,2
2026-08-19,2026-08-19T09:25:17.651121,CHOLAFIN,1870.1,1870.1,1855.3,1861.9,2.61,1861.9,57.786089999999994,1927.88609,1812.3139099999999,False,NONE,-0.73,1.09,-0.04,1.59
2026-08-19,2026-08-19T09:25:17.651121,CIPLA,1424.8,1431.9,1420.6,1426.9,2.17,1426.9,31.20312,1456.0031199999999,1393.59688,False,NONE,-0.18,4.41,-0.03,1.82
2026-08-19,2026-08-19T09:25:17.651121,COALINDIA,407.2,408.85,403.0,403.0,2,403.0,8.06256,415.26256,399.13743999999997,False,NONE,-1.29,5.83,0.11,1.45
2026-08-19,2026-08-19T09:25:17.651121,COCHINSHIP,1509.0,1509.0,1490.1,1490.7,3.07,1490.7,47.080799999999996,1556.0808,1461.9192,False,NONE,-0.25,-,0.12,-1.52
2026-08-19,2026-08-19T09:25:17.651121,COFORGE,1796.8,1816.5,1788.8,1796.1,3.29,1796.1,58.75536,1855.55536,1738.0446399999998,False,NONE,1.09,13.17,0.71,-3.19
2026-08-19,2026-08-19T09:25:17.651121,COLPAL,1903.0,1913.2,1895.7,1906.2,2.23,1906.2,42.6272,1945.6272,1860.3728,False,NONE,0.03,2.26,0.53,-1.82
2026-08-19,2026-08-19T09:25:17.651121,CONCOR,517.1,519.5,516.1,517.95,2.5,517.95,12.77237,529.87237,504.32763,False,NONE,-0.48,-2.47,0.08,0
2026-08-19,2026-08-19T09:25:17.651121,CROMPTON,246.3,247.3,243.95,244.0,2.95,244.0,7.29048,253.59048,239.00952,False,NONE,-0.33,-1.27,-0.03,-1.72
2026-08-19,2026-08-19T09:25:17.651121,CUMMINSIND,5330.0,5387.0,5292.0,5305.5,2.91,5305.5,148.174,5478.174,5181.826,False,NONE,-1.53,6.71,0.13,-3.23
2026-08-19,2026-08-19T09:25:17.651121,DABUR,402.9,402.9,400.9,402.75,2.05,402.75,8.13858,411.03857999999997,394.76142,False,NONE,-0.06,-1.55,0.01,0
2026-08-19,2026-08-19T09:25:17.651121,DALBHARAT,1835.2,1856.6,1830.7,1844.3,2.66,1844.3,50.10096000000001,1885.30096,1785.09904,False,NONE,-0.2,1.67,0.34,0
2026-08-19,2026-08-19T09:25:17.651121,DELHIVERY,452.15,452.45,450.4,450.6,2.48,450.6,10.942029999999999,463.09202999999997,441.20797,False,NONE,-0.2,3.36,0.03,-1.69
2026-08-19,2026-08-19T09:25:17.651121,DIVISLAB,8599.5,8599.5,8528.5,8554.5,2.35,8554.5,204.66809999999998,8804.1681,8394.8319,False,NONE,-0.31,3.62,0.08,0
2026-08-19,2026-08-19T09:25:17.651121,DIXON,14130.0,14197.0,14037.0,14124.0,3.51,14124.0,453.57300000000004,14583.573,13676.427,False,NONE,-0.43,3.92,-0.06,-2
2026-08-19,2026-08-19T09:25:17.651121,DLF,673.5,673.5,665.0,666.5,3.01,666.5,20.3397,693.8397,653.1603,False,NONE,-0.46,0.14,0.03,-1.54
2026-08-19,2026-08-19T09:25:17.651121,DMART,4009.5,4011.0,3974.6,3998.0,2.36,3998.0,94.6242,4104.1242,3914.8758,False,NONE,0.25,2.92,0,0
2026-08-19,2026-08-19T09:25:17.651121,DRREDDY,1176.0,1182.7,1174.8,1179.6,2,1179.6,23.7552,1199.7552,1152.2448,False,NONE,-0.08,-4.72,0.05,1.82
2026-08-19,2026-08-19T09:25:17.651121,EICHERMOT,8050.0,8050.0,8019.5,8039.5,1.98,8039.5,157.78,8207.78,7892.22,False,NONE,-0.22,2.4,0.04,-1.14
2026-08-19,2026-08-19T09:25:17.651121,ETERNAL,314.05,319.4,314.05,319.35,3.14,319.35,9.60993,323.65993000000003,304.44007,False,NONE,0.69,7.61,0.27,1.56
2026-08-19,2026-08-19T09:25:17.651121,FEDERALBNK,357.3,358.75,356.05,356.9,2.17,356.9,7.82487,365.12487,349.47513000000004,False,NONE,-0.58,1.75,-0.01,0
2026-08-19,2026-08-19T09:25:17.651121,FINNIFTY,26027.2,26084.2,26027.2,26083.6,1.38,26083.6,366.98352,26394.183520000002,25660.21648,False,NONE,-0.37,4.35,0,-5.8
2026-08-19,2026-08-19T09:25:17.651121,FOCIT,36896.0,36970.0,36888.0,36917.0,2.29,36917.0,1003.5712000000001,37899.5712,35892.4288,False,NONE,0,-13.25,0,0
2026-08-19,2026-08-19T09:25:17.651121,FORCEMOT,18228.0,18248.0,18120.0,18122.0,3.36,18122.0,610.638,18838.638,17617.362,False,NONE,-0.43,-6.3,0.13,-2.13
2026-08-19,2026-08-19T09:25:17.651121,FORTIS,925.0,925.0,912.05,913.4,2.59,913.4,22.8475,947.8475,902.1525,False,NONE,-0.73,2.37,0.29,1.28
2026-08-19,2026-08-19T09:25:17.651121,GAIL,172.2,173.38,171.8,172.23,2.23,172.23,4.11558,176.31557999999998,168.08442,False,NONE,0.25,-4.13,0.01,2.86
2026-08-19,2026-08-19T09:25:17.651121,GLENMARK,2301.3,2319.0,2289.5,2291.0,2.36,2291.0,52.00938,2353.30938,2249.29062,False,NONE,-1.12,0.22,-0.08,-1.72
2026-08-19,2026-08-19T09:25:17.651121,GMRAIRPORT,102.01,103.44,102.01,102.79,2.88,102.79,2.9174860000000002,104.927486,99.09251400000001,False,NONE,0.81,12,0.12,-6.45
2026-08-19,2026-08-19T09:25:17.651121,GODFRYPHLP,2114.7,2122.9,2112.6,2118.0,3.86,2118.0,79.08978,2193.7897799999996,2035.6102199999998,False,NONE,0.34,4.45,-0.02,0
2026-08-19,2026-08-19T09:25:17.651121,GODREJCP,934.5,935.3,930.8,933.6,2.46,933.6,23.269050000000004,957.76905,911.23095,False,NONE,-0.13,-2.74,-0.05,0
2026-08-19,2026-08-19T09:25:17.651121,GODREJPROP,2016.0,2016.0,1989.2,1998.9,3.13,1998.9,63.504,2079.504,1952.496,False,NONE,-0.66,0.27,0.09,0
2026-08-19,2026-08-19T09:25:17.651121,GRASIM,3272.3,3272.3,3255.9,3264.8,2.31,3264.8,76.89905,3349.19905,3195.40095,False,NONE,-0.25,-1.95,0.22,0
2026-08-19,2026-08-19T09:25:17.651121,GVT&D,4145.0,4145.0,4073.4,4074.7,4.53,4074.7,161.655,4306.655,3983.345,False,NONE,-3.05,32.01,0.45,-1.75
2026-08-19,2026-08-19T09:25:17.651121,HAL,5081.0,5099.6,5080.0,5084.5,2.78,5084.5,138.7113,5219.7113,4942.2887,False,NONE,-0.08,-0.94,0.16,0
2026-08-19,2026-08-19T09:25:17.651121,HAVELLS,1290.2,1305.0,1286.6,1300.3,2.37,1300.3,31.22284,1321.42284,1258.9771600000001,False,NONE,0.71,3.32,0.35,2.17
2026-08-19,2026-08-19T09:25:17.651121,HCLTECH,1311.2,1322.7,1311.2,1315.4,2.97,1315.4,38.81152,1350.01152,1272.38848,False,NONE,0.8,4.04,0.12,-3.08
2026-08-19,2026-08-19T09:25:17.651121,HDFCAMC,2515.9,2519.0,2501.5,2515.8,2.54,2515.8,62.39432,2578.29432,2453.50568,False,NONE,0.02,-1.35,-0.03,1.43
2026-08-19,2026-08-19T09:25:17.651121,HDFCBANK,724.6,726.0,722.0,723.0,2.2,723.0,15.941200000000002,740.5412,708.6588,False,NONE,-0.15,-0.14,0.04,0
2026-08-19,2026-08-19T09:25:17.651121,HDFCLIFE,538.35,539.55,535.0,538.1,2.17,538.1,12.005205,550.3552050000001,526.344795,False,NONE,-0.2,1.13,0.01,0
2026-08-19,2026-08-19T09:25:17.651121,HEROMOTOCO,5680.0,5747.5,5680.0,5739.0,2.59,5739.0,140.864,5820.864,5539.136,False,NONE,0.21,2.7,0.24,-1.12
2026-08-19,2026-08-19T09:25:17.651121,HINDALCO,1028.0,1032.0,1025.0,1027.45,2.45,1027.45,25.5972,1053.5972,1002.4028,False,NONE,-1.36,-0.56,0.06,1.64
2026-08-19,2026-08-19T09:25:17.651121,HINDPETRO,367.95,367.95,366.0,367.25,2.72,367.25,10.339395,378.289395,357.61060499999996,False,NONE,-0.19,-2,0.01,-5.45
2026-08-19,2026-08-19T09:25:17.651121,HINDUNILVR,2037.3,2043.0,2034.1,2040.8,1.79,2040.8,38.7087,2076.0087,1998.5913,False,NONE,-0.04,-3.22,0.05,0
2026-08-19,2026-08-19T09:25:17.651121,HINDZINC,549.0,554.4,549.0,552.85,3.05,552.85,16.9641,565.9641,532.0359,False,NONE,-1.06,0.76,0.23,1.89
2026-08-19,2026-08-19T09:25:17.651121,HYUNDAI,2184.2,2184.2,2172.0,2173.0,2.76,2173.0,60.72075999999999,2244.92076,2123.4792399999997,False,NONE,-1.07,1.58,0.01,0
2026-08-19,2026-08-19T09:25:17.651121,ICICIBANK,1415.2,1417.7,1410.0,1411.6,1.76,1411.6,25.04904,1440.2490400000002,1390.15096,False,NONE,-0.26,-1.87,0.05,0
2026-08-19,2026-08-19T09:25:17.651121,ICICIGI,1625.4,1633.1,1621.0,1622.6,2.35,1622.6,39.334680000000006,1664.73468,1586.0653200000002,False,NONE,-0.66,0.31,0.01,1.72
2026-08-19,2026-08-19T09:25:17.651121,ICICIPRULI,502.9,504.15,497.25,498.45,2.32,498.45,12.069599999999998,514.9696,490.8304,False,NONE,-0.56,-0.09,0.05,-1.56
2026-08-19,2026-08-19T09:25:17.651121,IDEA,14.17,14.25,14.06,14.08,3.62,14.08,0.5327919999999999,14.702792,13.637208,False,NONE,-0.49,-1.57,0.09,0
2026-08-19,2026-08-19T09:25:17.651121,IDFCFIRSTB,85.7,85.7,85.3,85.4,2.45,85.4,2.20249,87.90249,83.49751,False,NONE,0.42,2.23,0.05,1.35
2026-08-19,2026-08-19T09:25:17.651121,IEX,124.15,124.16,123.13,123.46,2.65,123.46,3.389295,127.53929500000001,120.760705,False,NONE,-0.2,-0.98,0.03,-1.75
2026-08-19,2026-08-19T09:25:17.651121,INDHOTEL,716.75,717.75,714.75,717.65,2.11,717.65,15.410125,732.160125,701.339875,False,NONE,-0.06,-3.21,0.07,0
2026-08-19,2026-08-19T09:25:17.651121,INDIANB,878.0,878.0,874.35,875.0,2.88,875.0,25.901000000000003,903.901,852.099,False,NONE,-0.34,-1.11,0.04,1.37
2026-08-19,2026-08-19T09:25:17.651121,INDIGO,5170.0,5220.0,5165.0,5205.0,2.64,5205.0,140.107,5310.107,5029.893,False,NONE,-0.23,-0.71,0.35,3.28
2026-08-19,2026-08-19T09:25:17.651121,INDUSINDBK,1014.0,1014.0,1009.4,1011.9,2.27,1011.9,23.0178,1037.0178,990.9822,False,NONE,-0.29,-2.12,0.03,0
2026-08-19,2026-08-19T09:25:17.651121,INDUSTOWER,373.05,374.8,372.0,372.05,2.81,372.05,9.99774,383.04774000000003,363.05226,False,NONE,-0.72,-0.42,-0.01,-1.61
2026-08-19,2026-08-19T09:25:17.651121,INFY,1127.1,1137.3,1127.1,1127.8,2.97,1127.8,34.71468,1161.81468,1092.3853199999999,False,NONE,0.71,-0.04,0.28,1.25
2026-08-19,2026-08-19T09:25:17.651121,INOXWIND,74.95,74.95,73.87,74.33,3.95,74.33,3.13291,78.08291,71.81709000000001,False,NONE,-0.84,4.06,0.38,1.96
2026-08-19,2026-08-19T09:25:17.651121,IOC,136.9,138.09,136.9,137.94,2.51,137.94,3.6552300000000004,140.55523,133.24477000000002,False,NONE,0.14,-3.77,0.02,0
2026-08-19,2026-08-19T09:25:17.651121,IREDA,113.76,114.95,113.23,114.06,2.88,114.06,3.3331680000000006,117.093168,110.426832,False,NONE,0.05,-2.08,0.28,0
2026-08-19,2026-08-19T09:25:17.651121,IRFC,85.86,87.0,85.11,86.01,2.59,86.01,2.2066019999999997,88.066602,83.653398,False,NONE,0.03,-0.12,-0.03,0
2026-08-19,2026-08-19T09:25:17.651121,ITC,269.75,271.25,269.6,271.0,1.88,271.0,5.098275,274.848275,264.651725,False,NONE,0.06,-0.72,0.05,0
2026-08-19,2026-08-19T09:25:17.651121,JINDALSTEL,1097.0,1099.6,1093.1,1098.4,2.34,1098.4,26.327999999999996,1123.328,1070.672,False,NONE,-0.33,-1.72,0.05,0
2026-08-19,2026-08-19T09:25:17.651121,JIOFIN,245.35,246.15,244.05,245.95,2.87,245.95,7.286895,252.63689499999998,238.063105,False,NONE,0.22,-8.93,0.17,2.22
2026-08-19,2026-08-19T09:25:17.651121,JSWENERGY,548.05,548.1,544.9,546.7,2.24,546.7,12.659955,560.7099549999999,535.390045,False,NONE,-0.76,-0.67,0.05,-1.54
2026-08-19,2026-08-19T09:25:17.651121,JSWSTEEL,1270.1,1270.1,1262.7,1264.5,2.29,1264.5,28.32323,1298.4232299999999,1241.77677,False,NONE,-0.5,0.46,-0.03,1.33
2026-08-19,2026-08-19T09:25:17.651121,JUBLFOOD,502.4,504.7,502.35,503.15,2.74,503.15,13.815999999999999,516.216,488.584,False,NONE,-0.06,-1.74,0.05,0
2026-08-19,2026-08-19T09:25:17.651121,KALYANKJIL,602.0,603.55,592.5,594.2,4.4,594.2,27.09,629.09,574.91,False,NONE,-1.8,3.24,-0.55,-1.43
2026-08-19,2026-08-19T09:25:17.651121,KAYNES,3659.1,3661.5,3642.6,3651.0,4.16,3651.0,155.14584000000002,3814.24584,3503.95416,False,NONE,-0.06,-2.14,0.3,0
2026-08-19,2026-08-19T09:25:17.651121,KEI,5780.1,5780.1,5691.1,5693.1,2.69,5693.1,158.95275,5939.052750000001,5621.14725,False,NONE,-1.36,-1.72,0,0
2026-08-19,2026-08-19T09:25:17.651121,KFINTECH,947.75,949.25,941.05,945.7,3.3,945.7,29.759349999999998,977.50935,917.99065,False,NONE,-0.23,-0.95,1.84,-1.92
2026-08-19,2026-08-19T09:25:17.651121,KOTAKBANK,388.5,388.85,386.8,388.55,2.06,388.55,8.0031,396.5031,380.4969,False,NONE,-0.1,-2.42,-0.05,1.69
2026-08-19,2026-08-19T09:25:17.651121,KPITTECH,604.5,609.45,597.35,597.5,3.37,597.5,20.069399999999998,624.5694,584.4306,False,NONE,-0.33,5.52,0.15,-4.17
2026-08-19,2026-08-19T09:25:17.651121,LAURUSLABS,1805.0,1816.0,1805.0,1806.0,2.52,1806.0,46.0275,1851.0275,1758.9725,False,NONE,-0.56,0.67,0.12,0
2026-08-19,2026-08-19T09:25:17.651121,LICHSGFIN,490.9,491.15,488.95,490.35,2.19,490.35,10.947069999999998,501.84707,479.95293,False,NONE,-0.49,4.02,-0.08,0
2026-08-19,2026-08-19T09:25:17.651121,LICI,411.0,412.3,410.95,412.3,2.2,412.3,8.5488,419.5488,402.4512,False,NONE,0.35,-2.33,-0.02,0
2026-08-19,2026-08-19T09:25:17.651121,LODHA,1222.0,1222.0,1203.5,1203.5,3.46,1203.5,43.8698,1265.8698,1178.1302,False,NONE,-0.99,-5.53,0.02,0
2026-08-19,2026-08-19T09:25:17.651121,LT,4068.1,4073.8,4043.8,4050.8,1.82,4050.8,77.2939,4145.3939,3990.8061,False,NONE,-0.45,-3.91,0.11,-1.52
2026-08-19,2026-08-19T09:25:17.651121,LTF,326.4,326.65,319.0,319.0,3.49,319.0,11.06496,337.46495999999996,315.33504,False,NONE,-2.1,7.69,1.2,-8.86
2026-08-19,2026-08-19T09:25:17.651121,LTM,4610.0,4640.0,4599.0,4604.4,3.53,4604.4,162.27200000000002,4772.272,4447.728,False,NONE,0.37,3.78,-0.01,0
2026-08-19,2026-08-19T09:25:17.651121,LUPIN,2241.5,2241.5,2220.8,2227.0,1.91,2227.0,44.83,2286.33,2196.67,False,NONE,-0.12,-3.75,0.03,2.33
2026-08-19,2026-08-19T09:25:17.651121,M&M,3411.0,3411.0,3387.1,3387.9,2.29,3387.9,78.45299999999999,3489.453,3332.547,False,NONE,-0.86,-0.09,0.09,-1.41
2026-08-19,2026-08-19T09:25:17.651121,MANAPPURAM,344.0,344.0,342.5,343.6,3.49,343.6,12.005600000000001,356.0056,331.9944,False,NONE,-0.56,-35.3,-0.02,0
2026-08-19,2026-08-19T09:25:17.651121,MANKIND,2390.0,2419.3,2390.0,2418.5,2.75,2418.5,72.895,2462.895,2317.105,False,NONE,0.92,16.47,-0.08,-1.67
2026-08-19,2026-08-19T09:25:17.651121,MARICO,848.4,853.55,839.9,853.15,2.23,853.15,17.30736,865.70736,831.09264,False,NONE,0.83,13.59,-0.05,-3.39
2026-08-19,2026-08-19T09:25:17.651121,MARUTI,13738.0,13738.0,13649.0,13687.0,2.13,13687.0,300.8622,14038.8622,13437.1378,False,NONE,-0.49,-2.86,0.24,-2.78
2026-08-19,2026-08-19T09:25:17.651121,MAXHEALTH,1018.2,1018.2,1005.0,1013.4,2.69,1013.4,28.204140000000002,1046.40414,989.99586,False,NONE,-0.2,-1.64,-0.02,1.85
2026-08-19,2026-08-19T09:25:17.651121,MAZDOCK,2600.0,2606.7,2582.7,2585.0,3.58,2585.0,89.18,2689.18,2510.82,False,NONE,-0.35,10.57,0.08,0
2026-08-19,2026-08-19T09:25:17.651121,MCX,3058.0,3067.7,3024.0,3048.3,3.66,3048.3,113.146,3171.146,2944.854,False,NONE,0.37,4.75,0.48,-5.15
2026-08-19,2026-08-19T09:25:17.651121,MFSL,1581.0,1581.0,1564.0,1568.4,2.59,1568.4,41.7384,1622.7384,1539.2616,False,NONE,-0.74,2.94,0.03,-3.85
2026-08-19,2026-08-19T09:25:17.651121,MIDCPNIFTY,14832.55,14898.1,14798.95,14825.75,1.29,14825.75,191.33989499999998,15023.889894999998,14641.210105,False,NONE,-0.32,2.5,7.96,0
2026-08-19,2026-08-19T09:25:17.651121,MOTHERSON,171.05,171.05,169.8,170.47,2.91,170.47,5.02887,176.07887000000002,166.02113,False,NONE,0.22,3.96,0.46,1.89
2026-08-19,2026-08-19T09:25:17.651121,MOTILALOFS,940.2,943.1,936.75,940.7,2.76,940.7,26.41962,966.61962,913.78038,False,NONE,-0.15,4.12,-0.06,0
2026-08-19,2026-08-19T09:25:17.651121,MPHASIS,2458.0,2477.2,2438.0,2438.4,3.61,2438.4,87.0132,2545.0132,2370.9868,False,NONE,-0.42,6.41,0.08,-2.04
2026-08-19,2026-08-19T09:25:17.651121,MUTHOOTFIN,2889.9,2890.1,2865.4,2870.0,2.71,2870.0,77.44932,2967.3493200000003,2812.45068,False,NONE,-1.16,6.8,0.14,2.04
2026-08-19,2026-08-19T09:25:17.651121,NAM-INDIA,1182.0,1182.0,1174.8,1180.7,3.29,1180.7,37.1148,1219.1148,1144.8852,False,NONE,0.26,9.25,0.03,0
2026-08-19,2026-08-19T09:25:17.651121,NATIONALUM,380.05,382.9,378.15,379.05,3.67,379.05,14.251875,394.301875,365.798125,False,NONE,-1.9,-0.74,-0.11,0
2026-08-19,2026-08-19T09:25:17.651121,NAUKRI,1358.8,1368.3,1358.8,1362.9,2.87,1362.9,38.99756,1397.79756,1319.80244,False,NONE,0.73,4,0.1,0
2026-08-19,2026-08-19T09:25:17.651121,NBCC,87.6,87.69,87.35,87.4,3.15,87.4,2.88204,90.48204,84.71795999999999,False,NONE,-0.66,-1.4,0.04,0
2026-08-19,2026-08-19T09:25:17.651121,NESTLEIND,1472.4,1480.3,1463.5,1480.0,2.29,1480.0,31.509360000000004,1503.90936,1440.89064,False,NONE,1.06,6.68,-0.17,1.82
2026-08-19,2026-08-19T09:25:17.651121,NHPC,76.44,76.44,76.13,76.2,2.4,76.2,1.857492,78.29749199999999,74.582508,False,NONE,-0.16,3.83,0.02,0
2026-08-19,2026-08-19T09:25:17.651121,NIFTY,24201.0,24201.0,24133.6,24155.0,1.06,24155.0,256.5306,24457.5306,23944.4694,False,NONE,-0.31,3.17,0.42,2.44
2026-08-19,2026-08-19T09:25:17.651121,NIFTYFPI,1586.0,1596.9,1584.15,1596.0,-,1596.0,,,,False,NONE,-,-,-,-
2026-08-19,2026-08-19T09:25:17.651121,NIFTYNXT50,73965.4,74016.8,73965.4,73999.0,1.91,73999.0,1412.878,75774.878,72949.122,False,NONE,-0.29,33.23,0.27,0
2026-08-19,2026-08-19T09:25:17.651121,NMDC,83.2,83.7,83.2,83.45,2.69,83.45,2.2547200000000003,85.45472000000001,80.94528,False,NONE,-0.83,-3.99,0.01,0
2026-08-19,2026-08-19T09:25:17.651121,NTPC,337.0,339.2,336.0,339.1,1.95,339.1,7.009600000000001,344.0096,329.9904,False,NONE,0.3,-3.9,-0.03,0
2026-08-19,2026-08-19T09:25:17.651121,NYKAA,321.9,324.1,320.65,322.55,2.76,322.55,8.465969999999999,330.36596999999995,313.43403,False,NONE,0.2,4.74,0.02,0
2026-08-19,2026-08-19T09:25:17.651121,OBEROIRLTY,1863.8,1868.5,1831.8,1864.0,3.23,1864.0,62.81006,1926.61006,1800.98994,False,NONE,0.12,-5.32,-0.37,11.9
2026-08-19,2026-08-19T09:25:17.651121,OFSS,11744.0,11820.0,11713.0,11717.0,3.63,11717.0,425.1328,12169.1328,11318.8672,False,NONE,0.71,1.91,0.1,-1.27
2026-08-19,2026-08-19T09:25:17.651121,OIL,485.0,486.05,482.65,482.65,3.16,482.65,15.811,500.811,469.189,False,NONE,0.04,0.91,0.62,-1.82
2026-08-19,2026-08-19T09:25:17.651121,ONGC,241.0,242.61,240.22,240.29,1.89,240.29,4.6031,245.6031,236.3969,False,NONE,0.49,-7.52,-0.11,2.78
2026-08-19,2026-08-19T09:25:17.651121,PAGEIND,36480.0,36480.0,35945.0,36085.0,2.79,36085.0,1017.7919999999999,37497.792,35462.208,False,NONE,-0.81,-3.12,-0.07,-3.33
2026-08-19,2026-08-19T09:25:17.651121,PATANJALI,349.9,354.9,349.8,352.0,3.45,352.0,12.10654,362.00654,337.79346,False,NONE,0.53,5.71,-0.28,2.33
2026-08-19,2026-08-19T09:25:17.651121,PAYTM,1552.0,1562.8,1547.1,1554.0,3.25,1554.0,51.3712,1603.3712,1500.6288,False,NONE,0.01,-1.22,-0.01,0
2026-08-19,2026-08-19T09:25:17.651121,PERSISTENT,5512.5,5587.5,5511.5,5539.5,3.69,5539.5,212.23125,5724.73125,5300.26875,False,NONE,1.33,18.31,0.69,-18.87
2026-08-19,2026-08-19T09:25:17.651121,PETRONET,285.0,288.8,285.0,288.5,2.36,288.5,9.2625,294.2625,275.7375,False,NONE,1.26,9.43,0.12,-3.06
2026-08-19,2026-08-19T09:25:17.651121,PFC,374.65,374.65,373.0,373.75,2.1,373.75,8.2423,382.8923,366.4077,False,NONE,-0.15,-4.19,-0.01,2
2026-08-19,2026-08-19T09:25:17.651121,PGEL,598.15,599.4,592.0,592.0,3.61,592.0,22.251179999999998,620.40118,575.89882,False,NONE,-1,1.64,0.22,0
2026-08-19,2026-08-19T09:25:17.651121,PHOENIXLTD,1950.5,1950.5,1921.0,1921.0,2.03,1921.0,46.0318,1996.5318,1904.4682,False,NONE,-1.03,2.43,-0.02,0
2026-08-19,2026-08-19T09:25:17.651121,PIDILITIND,1657.6,1668.7,1653.0,1668.7,1.92,1668.7,31.991679999999995,1689.59168,1625.6083199999998,False,NONE,0.06,3.67,0.59,1.64
2026-08-19,2026-08-19T09:25:17.651121,PIIND,2511.0,2517.9,2494.3,2502.0,2.93,2502.0,73.8234,2584.8234,2437.1766,False,NONE,-0.13,6.7,0.1,-2.22
2026-08-19,2026-08-19T09:25:17.651121,PNB,116.33,116.92,116.23,116.7,2.73,116.7,3.245607,119.575607,113.08439299999999,False,NONE,-0.11,0.27,0.05,1.1
2026-08-19,2026-08-19T09:25:17.651121,PNBHOUSING,1155.0,1155.0,1139.7,1143.5,2.82,1143.5,33.264,1188.264,1121.736,False,NONE,-0.06,-6.41,0.1,1.85
2026-08-19,2026-08-19T09:25:17.651121,POLICYBZR,1738.2,1759.3,1738.2,1759.2,3.18,1759.2,56.66532,1794.86532,1681.53468,False,NONE,0.41,0.16,0.25,0
2026-08-19,2026-08-19T09:25:17.651121,POLYCAB,9050.0,9088.5,9025.0,9038.0,2.73,9038.0,248.875,9298.875,8801.125,False,NONE,-1.02,1.86,0.32,0
2026-08-19,2026-08-19T09:25:17.651121,POWERGRID,267.95,267.95,266.7,267.5,1.91,267.5,4.71592,272.66591999999997,263.23408,False,NONE,-0.37,1.33,0.01,0
2026-08-19,2026-08-19T09:25:17.651121,POWERINDIA,34765.0,35005.0,34200.0,34200.0,3.71,34200.0,1143.7685000000001,35908.7685,33621.2315,False,NONE,-3.1,15.18,0.06,-3.33
2026-08-19,2026-08-19T09:25:17.651121,PREMIERENE,1013.2,1019.5,1012.6,1013.0,3.02,1013.0,30.69996,1043.89996,982.50004,False,NONE,-0.28,-4.13,0.03,0
2026-08-19,2026-08-19T09:25:17.651121,PRESTIGE,1582.2,1584.0,1576.0,1583.0,2.91,1583.0,48.09888,1630.29888,1534.10112,False,NONE,-0.98,0.04,0.08,0
2026-08-19,2026-08-19T09:25:17.651121,RADICO,4682.1,4740.0,4682.1,4725.0,3.23,4725.0,152.16825,4834.26825,4529.931750000001,False,NONE,0.26,-0.38,0.7,0
2026-08-19,2026-08-19T09:25:17.651121,RBLBANK,383.85,383.85,382.0,382.0,2.79,382.0,11.170035,395.020035,372.67996500000004,False,NONE,-0.46,0.57,0.06,-1.47
2026-08-19,2026-08-19T09:25:17.651121,RECLTD,336.7,338.95,336.35,337.9,2.28,337.9,7.676759999999999,344.37676,329.02324,False,NONE,-0.21,0.38,0,-1.47
2026-08-19,2026-08-19T09:25:17.651121,RELIANCE,1321.0,1321.0,1315.5,1315.9,1.7,1315.9,22.7212,1343.7212,1298.2788,False,NONE,-0.35,-1.24,0.05,0
2026-08-19,2026-08-19T09:25:17.651121,RVNL,224.2,226.69,223.32,223.72,2.9,223.72,6.322439999999999,230.52244,217.87756,False,NONE,-0.36,2.85,-0.06,0
2026-08-19,2026-08-19T09:25:17.651121,SAIL,170.55,170.55,170.0,170.12,2.8,170.12,4.7754,175.3254,165.77460000000002,False,NONE,-1.51,-21.12,0,0
2026-08-19,2026-08-19T09:25:17.651121,SBICARD,615.4,618.45,612.5,618.0,2.88,618.0,18.58508,633.9850799999999,596.81492,False,NONE,0.3,-1.7,0.09,3.92
2026-08-19,2026-08-19T09:25:17.651121,SBILIFE,1771.2,1793.9,1761.2,1770.3,2.18,1770.3,48.176640000000006,1819.37664,1723.0233600000001,False,NONE,-0.57,2.7,0.12,0
2026-08-19,2026-08-19T09:25:17.651121,SBIN,1053.8,1053.8,1048.4,1050.2,2.22,1050.2,23.394360000000002,1077.19436,1030.40564,False,NONE,-0.39,-0.33,0,0
2026-08-19,2026-08-19T09:25:17.651121,SENSEX,77402.1,77402.1,77300.0,77325.95,0.59,77325.95,456.67239,77858.77239000001,76945.42761,False,NONE,-0.24,1.51,0.13,-2.97
2026-08-19,2026-08-19T09:25:17.651121,SHREECEM,24575.0,24575.0,24320.0,24320.0,2.82,24320.0,496.415,25071.415,24078.585,False,NONE,-1.46,3.89,0.29,0
2026-08-19,2026-08-19T09:25:17.651121,SHRIRAMFIN,1113.5,1113.5,1102.2,1106.6,3.01,1106.6,33.405,1146.905,1080.095,False,NONE,-0.16,-0.87,0.12,0
2026-08-19,2026-08-19T09:25:17.651121,SIEMENS,3930.3,3949.4,3903.3,3906.4,2.85,3906.4,112.79961000000002,4043.09961,3817.50039,False,NONE,-1.23,1.76,0.17,-3.39
2026-08-19,2026-08-19T09:25:17.651121,SOLARINDS,20050.0,20249.0,19931.0,19931.0,3.56,19931.0,695.735,20745.735,19354.265,False,NONE,-0.82,0.06,0.23,0
2026-08-19,2026-08-19T09:25:17.651121,SONACOMS,829.0,829.0,817.45,825.75,3.27,825.75,25.8648,854.8648,803.1352,False,NONE,-0.21,3.82,0.35,-2.94
2026-08-19,2026-08-19T09:25:17.651121,SRF,2632.5,2632.5,2613.2,2619.3,2.18,2619.3,58.441500000000005,2690.9415,2574.0585,False,NONE,-0.5,-2.98,0.05,0
2026-08-19,2026-08-19T09:25:17.651121,SUNPHARMA,1872.3,1898.4,1872.3,1894.1,1.94,1894.1,37.446,1909.7459999999999,1834.854,False,NONE,0.61,-0.16,0.06,1.92
2026-08-19,2026-08-19T09:25:17.651121,SUPREMEIND,3551.0,3620.7,3551.0,3595.0,2.55,3595.0,95.5219,3646.5219,3455.4781,False,NONE,-0.18,1.75,0.15,0
2026-08-19,2026-08-19T09:25:17.651121,SUZLON,47.68,47.68,47.03,47.13,3.21,47.13,1.5400639999999999,49.220064,46.139936,False,NONE,-1.3,4.25,0.04,-2.44
2026-08-19,2026-08-19T09:25:17.651121,SWIGGY,276.15,276.8,270.6,271.4,4.44,271.4,12.53721,288.68721,263.61278999999996,False,NONE,-1.11,1.97,0.55,-2.13
2026-08-19,2026-08-19T09:25:17.651121,TATACONSUM,1062.1,1069.0,1061.1,1068.2,2.35,1068.2,24.53451,1086.6345099999999,1037.56549,False,NONE,0.21,0.85,0,0
2026-08-19,2026-08-19T09:25:17.651121,TATAELXSI,3633.4,3671.9,3633.4,3653.6,3.19,3653.6,118.81218000000001,3752.21218,3514.58782,False,NONE,-0.07,1.24,-0.13,26.09
2026-08-19,2026-08-19T09:25:17.651121,TATAPOWER,379.95,379.95,378.3,378.85,2.14,378.85,8.092934999999999,388.042935,371.857065,False,NONE,-0.28,-0.69,-0.01,0
2026-08-19,2026-08-19T09:25:17.651121,TATASTEEL,184.44,185.07,183.17,183.31,2.62,183.31,4.79544,189.23544,179.64455999999998,False,NONE,-0.96,1.92,0.28,1.67
2026-08-19,2026-08-19T09:25:17.651121,TCS,2308.0,2308.0,2275.0,2281.2,2.8,2281.2,63.931599999999996,2371.9316,2244.0684,False,NONE,-0.34,3.07,0.14,-1.72
2026-08-19,2026-08-19T09:25:17.651121,TECHM,1605.0,1613.8,1596.0,1596.1,2.48,1596.1,39.483,1644.483,1565.517,False,NONE,-0.17,5.34,0.34,0
2026-08-19,2026-08-19T09:25:17.651121,TIINDIA,2950.0,2960.3,2925.5,2937.0,3.65,2937.0,106.79,3056.79,2843.21,False,NONE,-1.05,-0.43,-0.35,-2.83
2026-08-19,2026-08-19T09:25:17.651121,TITAN,5065.0,5076.2,5036.0,5054.0,1.78,5054.0,91.67649999999999,5156.6765,4973.3235,False,NONE,-0.18,-2.07,-0.1,0
2026-08-19,2026-08-19T09:25:17.651121,TMPV,324.4,324.5,321.3,321.9,2.64,321.9,8.921,333.32099999999997,315.479,False,NONE,-0.68,-2.91,0.06,0
2026-08-19,2026-08-19T09:25:17.651121,TORNTPHARM,4971.0,4999.5,4968.0,4985.5,2.47,4985.5,123.2808,5094.2808,4847.7192,False,NONE,0.09,2.79,0.03,1.56
2026-08-19,2026-08-19T09:25:17.651121,TRENT,2950.0,2959.4,2930.5,2950.4,2.75,2950.4,82.305,3032.305,2867.695,False,NONE,-0.15,-0.08,0.01,0
2026-08-19,2026-08-19T09:25:17.651121,TVSMOTOR,4389.0,4391.9,4369.7,4388.8,2.44,4388.8,107.53050000000002,4496.5305,4281.4695,False,NONE,0.85,5.11,0.17,-3.41
2026-08-19,2026-08-19T09:25:17.651121,ULTRACEMCO,11522.0,11522.0,11460.0,11484.0,2.09,11484.0,241.96200000000002,11763.962,11280.038,False,NONE,-0.53,2.04,-0.01,0
2026-08-19,2026-08-19T09:25:17.651121,UNIONBANK,185.1,187.76,185.1,186.0,3.06,186.0,5.77512,190.87511999999998,179.32488,False,NONE,-0.35,-0.89,0.02,0
2026-08-19,2026-08-19T09:25:17.651121,UNITDSPR,1527.2,1531.5,1527.2,1531.1,2.28,1531.1,33.29296,1560.49296,1493.90704,False,NONE,0.18,-0.14,0.03,-1.72
2026-08-19,2026-08-19T09:25:17.651121,UNOMINDA,1283.0,1283.0,1263.0,1263.7,2.4,1263.7,31.0486,1314.0486,1251.9514,False,NONE,-1.11,4.91,0.07,0
2026-08-19,2026-08-19T09:25:17.651121,UPL,558.15,562.0,558.15,561.25,2.38,561.25,13.95375,572.10375,544.19625,False,NONE,0.23,-2.35,0.03,0
2026-08-19,2026-08-19T09:25:17.651121,VBL,437.0,439.6,437.0,439.0,2.46,439.0,11.056099999999999,448.0561,425.9439,False,NONE,0.03,-1.97,0.02,0
2026-08-19,2026-08-19T09:25:17.651121,VEDL,264.6,265.0,261.65,262.3,3.28,262.3,8.83764,273.43764000000004,255.76236000000003,False,NONE,-1.21,2.53,-0.07,0
2026-08-19,2026-08-19T09:25:17.651121,VMM,103.68,104.31,103.31,103.84,3.22,103.84,11.850624,115.530624,91.82937600000001,False,NONE,-0.12,-1.13,-0.03,0
2026-08-19,2026-08-19T09:25:17.651121,VOLTAS,1248.0,1248.0,1238.9,1239.4,3.06,1239.4,38.313599999999994,1286.3136,1209.6864,False,NONE,-0.85,-1.97,2.01,2.22
2026-08-19,2026-08-19T09:25:17.651121,WAAREEENER,2676.9,2709.9,2676.9,2694.7,2.75,2694.7,70.67016000000001,2747.57016,2606.22984,False,NONE,-0.32,2.75,0.05,0
2026-08-19,2026-08-19T09:25:17.651121,WIPRO,179.5,179.95,177.96,178.64,2.65,178.64,4.7388,184.2388,174.7612,False,NONE,-0.06,1.86,0.01,0
2026-08-19,2026-08-19T09:25:17.651121,YESBANK,22.52,22.57,22.4,22.48,2.94,22.48,0.6508280000000001,23.170828,21.869172,False,NONE,-0.22,-13.88,0.27,0
2026-08-19,2026-08-19T09:25:17.651121,ZYDUSLIFE,1121.0,1126.8,1118.1,1119.6,2.59,1119.6,29.5944,1150.5944,1091.4056,False,NONE,-0.02,-1.63,-0.02,0
2026-08-19,2026-08-19T09:30:25.536416,360ONE,1165.0,1166.0,1160.1,1164.0,2.95,1164.0,32.969500000000004,1197.9695,1132.0305,False,NONE,-0.49,-3.58,0.1,-3.7
2026-08-19,2026-08-19T09:30:25.536416,ABB,7546.0,7559.0,7429.5,7459.0,3.07,7459.0,218.07940000000002,7764.0794,7327.9206,False,NONE,-1.67,2.82,-0.15,0
2026-08-19,2026-08-19T09:30:25.536416,ABCAPITAL,401.6,401.7,397.25,397.55,2.58,397.55,10.6424,412.24240000000003,390.9576,False,NONE,-1.18,-3.28,0.22,-2.74
2026-08-19,2026-08-19T09:30:25.536416,ADANIENSOL,1590.0,1590.0,1560.6,1562.0,3.9,1562.0,60.897,1650.897,1529.103,False,NONE,-2.65,11.95,0.45,0
2026-08-19,2026-08-19T09:30:25.536416,ADANIENT,3005.0,3010.7,2993.9,2996.0,2.86,2996.0,86.544,3091.544,2918.456,False,NONE,-0.5,2.85,0.06,-1.64
2026-08-19,2026-08-19T09:30:25.536416,ADANIGREEN,1310.0,1310.0,1288.7,1293.1,3.34,1293.1,42.575,1352.575,1267.425,False,NONE,-1.51,1.18,0.07,0
2026-08-19,2026-08-19T09:30:25.536416,ADANIPORTS,1691.5,1691.5,1676.0,1676.0,2.25,1676.0,38.05875,1729.55875,1653.44125,False,NONE,-0.62,0.28,0.13,-1.89
2026-08-19,2026-08-19T09:30:25.536416,ADANIPOWER,206.13,206.26,203.08,203.4,2.94,203.4,7.42068,213.55068,198.70932,False,NONE,-1.61,-12.34,0.17,4.26
2026-08-19,2026-08-19T09:30:25.536416,ALKEM,5420.0,5482.5,5420.0,5474.5,2.36,5474.5,122.49199999999999,5542.492,5297.508,False,NONE,0.05,1.36,0.15,2.27
2026-08-19,2026-08-19T09:30:25.536416,AMBER,7385.0,7385.0,7239.0,7241.5,3.31,7241.5,219.33450000000002,7604.3345,7165.6655,False,NONE,-1.86,20.03,-0.82,-4.92
2026-08-19,2026-08-19T09:30:25.536416,AMBUJACEM,410.6,411.3,408.9,409.35,2.17,409.35,8.910020000000001,419.51002,401.68998000000005,False,NONE,-0.68,-4.08,0.03,0
2026-08-19,2026-08-19T09:30:25.536416,ANGELONE,290.5,294.0,288.8,290.25,3.5,290.25,10.458,300.958,280.042,False,NONE,-0.29,0.18,0.32,0
2026-08-19,2026-08-19T09:30:25.536416,APLAPOLLO,2105.0,2111.5,2100.0,2104.6,2.29,2104.6,48.204499999999996,2153.2045,2056.7955,False,NONE,-0.6,12.42,0.34,0
2026-08-19,2026-08-19T09:30:25.536416,APOLLOHOSP,8840.0,8840.0,8758.0,8777.0,1.72,8777.0,150.28,8990.28,8689.72,False,NONE,-0.61,0.43,0,-2.7
2026-08-19,2026-08-19T09:30:25.536416,ASHOKLEY,174.3,176.08,174.16,174.91,2.83,174.91,5.00241,179.30241,169.29759,False,NONE,-0.87,0.66,0.11,0
2026-08-19,2026-08-19T09:30:25.536416,ASIANPAINT,2620.0,2625.0,2610.0,2621.9,2.29,2621.9,59.211999999999996,2679.212,2560.788,False,NONE,-0.21,-0.69,0,-1.85
2026-08-19,2026-08-19T09:30:25.536416,ASTRAL,1539.8,1543.3,1512.0,1524.4,2.44,1524.4,36.49326,1576.29326,1503.30674,False,NONE,-0.16,4.53,0.06,-3.51
2026-08-19,2026-08-19T09:30:25.536416,AUBANK,1075.0,1075.5,1066.9,1067.1,2.72,1067.1,30.2075,1105.2075,1044.7925,False,NONE,-0.82,-0.12,0.05,-2.74
2026-08-19,2026-08-19T09:30:25.536416,AUROPHARMA,1638.1,1641.8,1635.8,1638.4,2.74,1638.4,45.70299,1683.80299,1592.39701,False,NONE,-0.17,-1.66,0.03,0
2026-08-19,2026-08-19T09:30:25.536416,AXISBANK,1244.0,1244.1,1237.5,1237.7,1.92,1237.7,24.7556,1268.7556,1219.2444,False,NONE,-0.87,-0.37,0.05,-1.67
2026-08-19,2026-08-19T09:30:25.536416,BAJAJ-AUTO,11620.0,11621.0,11577.0,11591.0,2.07,11591.0,246.34400000000002,11866.344,11373.656,False,NONE,-0.34,-1.88,0.03,0.9
2026-08-19,2026-08-19T09:30:25.536416,BAJAJFINSV,2000.0,2001.6,1990.3,2000.3,2.14,2000.3,44.6,2044.6,1955.4,False,NONE,-0.53,2.45,-0.01,0
2026-08-19,2026-08-19T09:30:25.536416,BAJAJHLDNG,11288.0,11335.0,11288.0,11300.0,2.36,11300.0,261.8816,11549.8816,11026.1184,False,NONE,0.23,20.05,-0.02,0
2026-08-19,2026-08-19T09:30:25.536416,BAJFINANCE,1091.2,1091.2,1081.1,1084.8,2.36,1084.8,26.1888,1117.3888,1065.0112000000001,False,NONE,-0.79,-0.18,0.19,-1.3
2026-08-19,2026-08-19T09:30:25.536416,BANDHANBNK,170.2,170.2,167.97,168.5,4.04,168.5,5.14004,175.34004,165.05996,False,NONE,-1.66,-16.1,-0.03,0
2026-08-19,2026-08-19T09:30:25.536416,BANKBARODA,244.0,244.65,243.35,243.86,2.58,243.86,6.4172,250.4172,237.5828,False,NONE,-0.11,-6.17,0.05,0
2026-08-19,2026-08-19T09:30:25.536416,BANKEX,65514.65,65514.65,65514.65,65514.65,1.73,65514.65,1133.4034450000001,66648.053445,64381.246555,False,NONE,-,-20.04,0,-1.08
2026-08-19,2026-08-19T09:30:25.536416,BANKINDIA,142.65,142.88,142.11,142.29,2.89,142.29,4.47921,147.12921,138.17079,False,NONE,-0.19,-1.83,0.11,1.3
2026-08-19,2026-08-19T09:30:25.536416,BANKNIFTY,57402.0,57402.0,57223.2,57240.0,1.31,57240.0,757.7064,58159.7064,56644.2936,False,NONE,-0.34,3.04,0.25,0
2026-08-19,2026-08-19T09:30:25.536416,BDL,1405.0,1405.0,1375.7,1381.0,3.6,1381.0,51.00149999999999,1456.0015,1353.9985,False,NONE,-1.48,2.04,0.18,-3.33
2026-08-19,2026-08-19T09:30:25.536416,BEL,414.0,414.0,408.75,409.35,2.47,409.35,10.2258,424.2258,403.7742,False,NONE,-0.93,4.37,-0.15,-1.41
2026-08-19,2026-08-19T09:30:25.536416,BHARATFORG,2093.4,2093.4,2066.3,2067.9,2.69,2067.9,56.521800000000006,2149.9218,2036.8782,False,NONE,-1.08,-0.46,0.06,0
2026-08-19,2026-08-19T09:30:25.536416,BHARTIARTL,1935.0,1942.5,1931.1,1937.1,1.78,1937.1,34.83,1969.83,1900.17,False,NONE,-0.29,-2,0.16,0
2026-08-19,2026-08-19T09:30:25.536416,BHEL,424.3,424.3,415.5,416.85,3.43,416.85,14.765640000000001,439.06564000000003,409.53436,False,NONE,-1.94,-,0.26,-5.56
2026-08-19,2026-08-19T09:30:25.536416,BIOCON,416.6,417.65,415.5,417.1,2.58,417.1,10.53998,427.13998000000004,406.06002,False,NONE,-0.62,2.41,-0.12,0
2026-08-19,2026-08-19T09:30:25.536416,BLUESTARCO,1488.3,1493.3,1480.3,1487.4,2.99,1487.4,42.11889,1530.41889,1446.18111,False,NONE,-0.29,-4.23,0.32,2.38
2026-08-19,2026-08-19T09:30:25.536416,BOSCHLTD,48840.0,49100.0,48685.0,48795.0,2.44,48795.0,1191.696,50031.695999999996,47648.304000000004,False,NONE,0.05,4.99,1.02,-0.88
2026-08-19,2026-08-19T09:30:25.536416,BPCL,310.7,311.55,309.25,309.25,2.5,309.25,8.01606,318.71605999999997,302.68394,False,NONE,-0.82,0.55,0.8,0
2026-08-19,2026-08-19T09:30:25.536416,BRITANNIA,5460.0,5534.0,5460.0,5517.0,1.89,5517.0,105.37799999999999,5565.378,5354.622,False,NONE,0.28,-3.28,0.33,3.92
2026-08-19,2026-08-19T09:30:25.536416,BSE,3319.0,3325.7,3293.3,3306.0,3.35,3306.0,116.165,3435.165,3202.835,False,NONE,-0.39,-0.61,0.43,-2.27
2026-08-19,2026-08-19T09:30:25.536416,CAMS,760.0,762.9,755.15,755.15,2.59,755.15,20.216,780.216,739.784,False,NONE,-0.59,-5.74,0.15,2.22
2026-08-19,2026-08-19T09:30:25.536416,CANBK,129.4,129.47,128.17,128.75,2.92,128.75,3.8820000000000006,133.282,125.518,False,NONE,-0.21,-1.37,0.04,1.32
2026-08-19,2026-08-19T09:30:25.536416,CDSL,1338.0,1345.9,1335.7,1337.0,2.68,1337.0,36.5274,1374.5274,1301.4726,False,NONE,-0.61,-2.28,0.02,0
2026-08-19,2026-08-19T09:30:25.536416,CGPOWER,886.0,886.0,863.0,868.05,3.47,868.05,29.3266,915.3266,856.6734,False,NONE,-2.48,11,0.35,4
2026-08-19,2026-08-19T09:30:25.536416,CHOLAFIN,1870.1,1870.1,1855.3,1864.8,2.62,1864.8,57.786089999999994,1927.88609,1812.3139099999999,False,NONE,-0.58,1.29,-0.05,1.59
2026-08-19,2026-08-19T09:30:25.536416,CIPLA,1424.8,1431.9,1420.6,1428.1,2.11,1428.1,31.20312,1456.0031199999999,1393.59688,False,NONE,-0.1,3.91,-0.05,1.82
2026-08-19,2026-08-19T09:30:25.536416,COALINDIA,407.2,408.85,402.45,402.8,2,402.8,8.06256,415.26256,399.13743999999997,False,NONE,-1.33,5.43,0.15,0
2026-08-19,2026-08-19T09:30:25.536416,COCHINSHIP,1509.0,1509.0,1483.3,1484.8,2.97,1484.8,47.080799999999996,1556.0808,1461.9192,False,NONE,-0.64,0.79,0.26,0
2026-08-19,2026-08-19T09:30:25.536416,COFORGE,1796.8,1816.5,1788.8,1810.0,3.26,1810.0,58.75536,1855.55536,1738.0446399999998,False,NONE,1.87,11.26,0.16,-3.19
2026-08-19,2026-08-19T09:30:25.536416,COLPAL,1903.0,1913.2,1895.7,1902.2,2.23,1902.2,42.6272,1945.6272,1860.3728,False,NONE,-0.18,2.54,0.55,-3.64
2026-08-19,2026-08-19T09:30:25.536416,CONCOR,517.1,519.5,515.3,515.3,2.34,515.3,12.77237,529.87237,504.32763,False,NONE,-0.99,-6.59,0.1,1.92
2026-08-19,2026-08-19T09:30:25.536416,CROMPTON,246.3,247.3,243.5,243.5,2.97,243.5,7.29048,253.59048,239.00952,False,NONE,-0.53,1.55,-0.01,-1.72
2026-08-19,2026-08-19T09:30:25.536416,CUMMINSIND,5330.0,5387.0,5279.0,5280.5,2.85,5280.5,148.174,5478.174,5181.826,False,NONE,-2,4.45,0.12,-4.84
2026-08-19,2026-08-19T09:30:25.536416,DABUR,402.9,402.9,400.9,401.5,2.02,401.5,8.13858,411.03857999999997,394.76142,False,NONE,-0.37,-1.44,0.06,0
2026-08-19,2026-08-19T09:30:25.536416,DALBHARAT,1835.2,1856.6,1830.7,1845.7,2.64,1845.7,50.10096000000001,1885.30096,1785.09904,False,NONE,-0.12,2.56,0.05,0
2026-08-19,2026-08-19T09:30:25.536416,DELHIVERY,452.15,452.45,448.6,449.0,2.55,449.0,10.942029999999999,463.09202999999997,441.20797,False,NONE,-0.55,7.07,-0.08,-1.69
2026-08-19,2026-08-19T09:30:25.536416,DIVISLAB,8599.5,8599.5,8528.5,8540.5,2.36,8540.5,204.66809999999998,8804.1681,8394.8319,False,NONE,-0.48,1.97,0.11,1.15
2026-08-19,2026-08-19T09:30:25.536416,DIXON,14130.0,14197.0,14037.0,14122.0,3.26,14122.0,453.57300000000004,14583.573,13676.427,False,NONE,-0.44,-2.88,-0.02,-4
2026-08-19,2026-08-19T09:30:25.536416,DLF,673.5,673.5,661.2,662.0,2.99,662.0,20.3397,693.8397,653.1603,False,NONE,-1.14,1.63,0.09,-3.08
2026-08-19,2026-08-19T09:30:25.536416,DMART,4009.5,4011.0,3974.6,3988.1,2.37,3988.1,94.6242,4104.1242,3914.8758,False,NONE,0,1.92,0,0
2026-08-19,2026-08-19T09:30:25.536416,DRREDDY,1176.0,1182.7,1174.8,1181.0,2.02,1181.0,23.7552,1199.7552,1152.2448,False,NONE,0.03,-3.08,-0.02,1.82
2026-08-19,2026-08-19T09:30:25.536416,EICHERMOT,8050.0,8050.0,8016.0,8019.5,1.96,8019.5,157.78,8207.78,7892.22,False,NONE,-0.47,0.71,0.03,-1.14
2026-08-19,2026-08-19T09:30:25.536416,ETERNAL,314.05,319.45,314.05,319.2,3.21,319.2,9.60993,323.65993000000003,304.44007,False,NONE,0.65,10.49,0.28,0
2026-08-19,2026-08-19T09:30:25.536416,FEDERALBNK,357.3,358.75,356.05,356.3,2.16,356.3,7.82487,365.12487,349.47513000000004,False,NONE,-0.75,1.25,-0.04,0
2026-08-19,2026-08-19T09:30:25.536416,FINNIFTY,26027.2,26098.1,26027.2,26075.0,1.38,26075.0,366.98352,26394.183520000002,25660.21648,False,NONE,-0.4,5.14,0,-5.8
2026-08-19,2026-08-19T09:30:25.536416,FOCIT,36896.0,36970.0,36888.0,36917.0,2.26,36917.0,1003.5712000000001,37899.5712,35892.4288,False,NONE,0,3.47,0,1.27
2026-08-19,2026-08-19T09:30:25.536416,FORCEMOT,18228.0,18248.0,18070.0,18084.0,3.38,18084.0,610.638,18838.638,17617.362,False,NONE,-0.64,-9.98,0.17,0
2026-08-19,2026-08-19T09:30:25.536416,FORTIS,925.0,925.0,912.05,912.65,2.52,912.65,22.8475,947.8475,902.1525,False,NONE,-0.82,3.45,0.22,1.28
2026-08-19,2026-08-19T09:30:25.536416,GAIL,172.2,173.38,171.8,172.26,2.2,172.26,4.11558,176.31557999999998,168.08442,False,NONE,0.27,-4.76,-0.01,2.86
2026-08-19,2026-08-19T09:30:25.536416,GLENMARK,2301.3,2319.0,2289.5,2299.0,2.28,2299.0,52.00938,2353.30938,2249.29062,False,NONE,-0.77,-1.53,-0.14,-1.72
2026-08-19,2026-08-19T09:30:25.536416,GMRAIRPORT,102.01,103.44,102.01,102.3,2.79,102.3,2.9174860000000002,104.927486,99.09251400000001,False,NONE,0.33,13.55,0.12,-9.68
2026-08-19,2026-08-19T09:30:25.536416,GODFRYPHLP,2114.7,2122.9,2112.6,2117.6,3.85,2117.6,79.08978,2193.7897799999996,2035.6102199999998,False,NONE,0.32,4.37,0.06,2.44
2026-08-19,2026-08-19T09:30:25.536416,GODREJCP,934.5,935.3,930.3,930.3,2.47,930.3,23.269050000000004,957.76905,911.23095,False,NONE,-0.48,-2.74,-0.01,0
2026-08-19,2026-08-19T09:30:25.536416,GODREJPROP,2016.0,2016.0,1976.0,1979.9,3.16,1979.9,63.504,2079.504,1952.496,False,NONE,-1.61,2.48,0.09,1.79
2026-08-19,2026-08-19T09:30:25.536416,GRASIM,3272.3,3272.3,3255.9,3262.8,2.25,3262.8,76.89905,3349.19905,3195.40095,False,NONE,-0.31,-2.4,0.25,0
2026-08-19,2026-08-19T09:30:25.536416,GVT&D,4145.0,4145.0,4054.2,4073.8,4.27,4073.8,161.655,4306.655,3983.345,False,NONE,-3.07,27.36,0.21,-1.75
2026-08-19,2026-08-19T09:30:25.536416,HAL,5081.0,5099.6,5044.0,5045.0,2.71,5045.0,138.7113,5219.7113,4942.2887,False,NONE,-0.85,-2.59,0.25,0
2026-08-19,2026-08-19T09:30:25.536416,HAVELLS,1290.2,1305.0,1286.6,1296.0,2.39,1296.0,31.22284,1321.42284,1258.9771600000001,False,NONE,0.38,3.37,0.38,0
2026-08-19,2026-08-19T09:30:25.536416,HCLTECH,1311.2,1323.0,1311.2,1323.0,2.98,1323.0,38.81152,1350.01152,1272.38848,False,NONE,1.39,3.6,-0.2,-3.08
2026-08-19,2026-08-19T09:30:25.536416,HDFCAMC,2515.9,2527.1,2501.5,2527.1,2.64,2527.1,62.39432,2578.29432,2453.50568,False,NONE,0.47,-1.35,-0.01,1.43
2026-08-19,2026-08-19T09:30:25.536416,HDFCBANK,724.6,726.0,720.9,721.95,2.18,721.95,15.941200000000002,740.5412,708.6588,False,NONE,-0.3,0.1,0.01,0
2026-08-19,2026-08-19T09:30:25.536416,HDFCLIFE,538.35,539.55,535.0,536.0,2.21,536.0,12.005205,550.3552050000001,526.344795,False,NONE,-0.59,4.21,0.02,0
2026-08-19,2026-08-19T09:30:25.536416,HEROMOTOCO,5680.0,5747.5,5680.0,5714.0,2.49,5714.0,140.864,5820.864,5539.136,False,NONE,-0.23,-0.3,0.39,-1.12
2026-08-19,2026-08-19T09:30:25.536416,HINDALCO,1028.0,1032.0,1025.0,1030.9,2.6,1030.9,25.5972,1053.5972,1002.4028,False,NONE,-1.03,0.69,0.01,1.64
2026-08-19,2026-08-19T09:30:25.536416,HINDPETRO,367.95,367.95,365.65,365.65,2.8,365.65,10.339395,378.289395,357.61060499999996,False,NONE,-0.63,-2.62,0.02,-5.45
2026-08-19,2026-08-19T09:30:25.536416,HINDUNILVR,2037.3,2043.0,2033.1,2033.2,1.85,2033.2,38.7087,2076.0087,1998.5913,False,NONE,-0.41,-0.85,0.2,-1.75
2026-08-19,2026-08-19T09:30:25.536416,HINDZINC,549.0,554.4,549.0,552.75,2.99,552.75,16.9641,565.9641,532.0359,False,NONE,-1.07,-2.26,0.03,1.89
2026-08-19,2026-08-19T09:30:25.536416,HYUNDAI,2184.2,2184.2,2168.0,2172.4,2.68,2172.4,60.72075999999999,2244.92076,2123.4792399999997,False,NONE,-1.1,-0.43,0,-2.2
2026-08-19,2026-08-19T09:30:25.536416,ICICIBANK,1415.2,1417.7,1410.0,1412.6,1.75,1412.6,25.04904,1440.2490400000002,1390.15096,False,NONE,-0.19,-0.99,0.05,0
2026-08-19,2026-08-19T09:30:25.536416,ICICIGI,1625.4,1633.1,1621.0,1622.7,2.36,1622.7,39.334680000000006,1664.73468,1586.0653200000002,False,NONE,-0.66,-0.4,0.01,1.72
2026-08-19,2026-08-19T09:30:25.536416,ICICIPRULI,502.9,504.15,495.6,495.6,2.63,495.6,12.069599999999998,514.9696,490.8304,False,NONE,-1.13,8.93,0.04,-1.56
2026-08-19,2026-08-19T09:30:25.536416,IDEA,14.17,14.25,14.03,14.04,3.77,14.04,0.5327919999999999,14.702792,13.637208,False,NONE,-0.78,2.94,0.07,0
2026-08-19,2026-08-19T09:30:25.536416,IDFCFIRSTB,85.7,85.7,85.22,85.22,2.39,85.22,2.20249,87.90249,83.49751,False,NONE,0.21,0.58,0.05,1.35
2026-08-19,2026-08-19T09:30:25.536416,IEX,124.15,124.16,122.59,122.59,2.64,122.59,3.389295,127.53929500000001,120.760705,False,NONE,-0.91,2.53,0.01,0
2026-08-19,2026-08-19T09:30:25.536416,INDHOTEL,716.75,717.75,714.75,715.8,2.16,715.8,15.410125,732.160125,701.339875,False,NONE,-0.32,-2,0.03,0
2026-08-19,2026-08-19T09:30:25.536416,INDIANB,878.0,878.0,871.9,871.9,2.96,871.9,25.901000000000003,903.901,852.099,False,NONE,-0.69,-4.11,0.13,1.37
2026-08-19,2026-08-19T09:30:25.536416,INDIGO,5170.0,5220.0,5165.0,5196.5,2.59,5196.5,140.107,5310.107,5029.893,False,NONE,-0.39,-2.99,0.33,3.28
2026-08-19,2026-08-19T09:30:25.536416,INDUSINDBK,1014.0,1014.0,1009.1,1010.4,2.32,1010.4,23.0178,1037.0178,990.9822,False,NONE,-0.43,0.09,0.04,0
2026-08-19,2026-08-19T09:30:25.536416,INDUSTOWER,373.05,374.8,369.75,370.9,2.64,370.9,9.99774,383.04774000000003,363.05226,False,NONE,-1.03,-0.92,-0.1,-1.61
2026-08-19,2026-08-19T09:30:25.536416,INFY,1127.1,1137.3,1127.1,1133.0,3.03,1133.0,34.71468,1161.81468,1092.3853199999999,False,NONE,1.18,-0.63,0.29,0
2026-08-19,2026-08-19T09:30:25.536416,INOXWIND,74.95,74.95,73.87,74.4,3.85,74.4,3.13291,78.08291,71.81709000000001,False,NONE,-0.75,0.39,0.48,1.96
2026-08-19,2026-08-19T09:30:25.536416,IOC,136.9,138.09,136.9,137.5,2.15,137.5,3.6552300000000004,140.55523,133.24477000000002,False,NONE,-0.18,-3.49,0.02,0
2026-08-19,2026-08-19T09:30:25.536416,IREDA,113.76,114.95,113.23,113.8,2.98,113.8,3.3331680000000006,117.093168,110.426832,False,NONE,-0.18,-1.32,0.61,0
2026-08-19,2026-08-19T09:30:25.536416,IRFC,85.86,87.0,85.11,85.82,2.58,85.82,2.2066019999999997,88.066602,83.653398,False,NONE,-0.19,-1.22,0.11,0
2026-08-19,2026-08-19T09:30:25.536416,ITC,269.75,271.25,269.6,270.25,1.89,270.25,5.098275,274.848275,264.651725,False,NONE,-0.22,0.28,0.03,0
2026-08-19,2026-08-19T09:30:25.536416,JINDALSTEL,1097.0,1100.6,1093.1,1098.7,2.3,1098.7,26.327999999999996,1123.328,1070.672,False,NONE,-0.3,-2.2,0.02,0
2026-08-19,2026-08-19T09:30:25.536416,JIOFIN,245.35,246.15,244.05,245.45,2.87,245.45,7.286895,252.63689499999998,238.063105,False,NONE,0.02,-9.43,0.26,2.22
2026-08-19,2026-08-19T09:30:25.536416,JSWENERGY,548.05,548.1,544.9,546.9,2.21,546.9,12.659955,560.7099549999999,535.390045,False,NONE,-0.73,-2.71,0.04,0
2026-08-19,2026-08-19T09:30:25.536416,JSWSTEEL,1270.1,1270.1,1262.7,1265.3,2.27,1265.3,28.32323,1298.4232299999999,1241.77677,False,NONE,-0.43,0.28,-0.07,1.33
2026-08-19,2026-08-19T09:30:25.536416,JUBLFOOD,502.4,504.7,501.3,501.3,2.74,501.3,13.815999999999999,516.216,488.584,False,NONE,-0.43,-0.95,0.06,-1.59
2026-08-19,2026-08-19T09:30:25.536416,KALYANKJIL,602.0,603.55,588.3,589.1,4.47,589.1,27.09,629.09,574.91,False,NONE,-2.64,3.51,-1.08,-2.86
2026-08-19,2026-08-19T09:30:25.536416,KAYNES,3659.1,3661.5,3640.0,3641.8,4.24,3641.8,155.14584000000002,3814.24584,3503.95416,False,NONE,-0.31,-0.59,0.47,1.35
2026-08-19,2026-08-19T09:30:25.536416,KEI,5780.1,5780.1,5648.1,5694.9,2.92,5694.9,158.95275,5939.052750000001,5621.14725,False,NONE,-1.33,8.66,-0.18,0
2026-08-19,2026-08-19T09:30:25.536416,KFINTECH,947.75,949.25,941.05,944.05,3.12,944.05,29.759349999999998,977.50935,917.99065,False,NONE,-0.4,-4.33,-0.26,-1.92
2026-08-19,2026-08-19T09:30:25.536416,KOTAKBANK,388.5,388.85,386.8,388.15,2.08,388.15,8.0031,396.5031,380.4969,False,NONE,-0.21,-1.91,-0.09,1.69
2026-08-19,2026-08-19T09:30:25.536416,KPITTECH,604.5,609.45,596.4,598.9,3.35,598.9,20.069399999999998,624.5694,584.4306,False,NONE,-0.1,5.32,0.19,-4.17
2026-08-19,2026-08-19T09:30:25.536416,LAURUSLABS,1805.0,1816.0,1803.0,1808.0,2.47,1808.0,46.0275,1851.0275,1758.9725,False,NONE,-0.45,-1.38,-0.08,0
2026-08-19,2026-08-19T09:30:25.536416,LICHSGFIN,490.9,491.15,488.95,490.75,2.18,490.75,10.947069999999998,501.84707,479.95293,False,NONE,-0.41,3.33,-0.11,0
2026-08-19,2026-08-19T09:30:25.536416,LICI,411.0,412.85,410.95,412.8,2,412.8,8.5488,419.5488,402.4512,False,NONE,0.47,0.05,-0.07,0
2026-08-19,2026-08-19T09:30:25.536416,LODHA,1222.0,1222.0,1195.7,1200.7,3.48,1200.7,43.8698,1265.8698,1178.1302,False,NONE,-1.22,-3.58,0.09,-1.56
2026-08-19,2026-08-19T09:30:25.536416,LT,4068.1,4073.8,4042.5,4044.6,1.84,4044.6,77.2939,4145.3939,3990.8061,False,NONE,-0.61,-3.36,0.06,-1.52
2026-08-19,2026-08-19T09:30:25.536416,LTF,326.4,326.65,314.0,314.5,3.8,314.5,11.06496,337.46495999999996,315.33504,True,DOWN,-3.48,16.18,1.43,-12.66
2026-08-19,2026-08-19T09:30:25.536416,LTM,4610.0,4640.0,4599.0,4623.3,3.59,4623.3,162.27200000000002,4772.272,4447.728,False,NONE,0.78,2.8,-0.13,1.92
2026-08-19,2026-08-19T09:30:25.536416,LUPIN,2241.5,2241.5,2220.8,2227.4,2.01,2227.4,44.83,2286.33,2196.67,False,NONE,-0.1,-1.43,0.02,2.33
2026-08-19,2026-08-19T09:30:25.536416,M&M,3411.0,3411.0,3378.1,3380.0,2.37,3380.0,78.45299999999999,3489.453,3332.547,False,NONE,-1.09,2.13,0.1,-1.41
2026-08-19,2026-08-19T09:30:25.536416,MANAPPURAM,344.0,344.0,342.5,342.85,3.64,342.85,12.005600000000001,356.0056,331.9944,False,NONE,-0.78,-35.3,-0.03,0
2026-08-19,2026-08-19T09:30:25.536416,MANKIND,2390.0,2428.0,2390.0,2409.9,3.09,2409.9,72.895,2462.895,2317.105,False,NONE,0.56,37.6,0.9,-10
2026-08-19,2026-08-19T09:30:25.536416,MARICO,848.4,854.05,839.9,852.2,2.12,852.2,17.30736,865.70736,831.09264,False,NONE,0.72,10.53,-0.03,-5.08
2026-08-19,2026-08-19T09:30:25.536416,MARUTI,13738.0,13738.0,13649.0,13667.0,2.14,13667.0,300.8622,14038.8622,13437.1378,False,NONE,-0.64,-2.29,0.33,-2.78
2026-08-19,2026-08-19T09:30:25.536416,MAXHEALTH,1018.2,1018.2,1005.0,1009.8,2.7,1009.8,28.204140000000002,1046.40414,989.99586,False,NONE,-0.55,-0.11,0,0
2026-08-19,2026-08-19T09:30:25.536416,MAZDOCK,2600.0,2606.7,2568.0,2570.2,3.34,2570.2,89.18,2689.18,2510.82,False,NONE,-0.93,4.37,0.12,-1.92
2026-08-19,2026-08-19T09:30:25.536416,MCX,3058.0,3067.7,3015.0,3019.5,3.63,3019.5,113.146,3171.146,2944.854,False,NONE,-0.58,3.44,1.04,-8.25
2026-08-19,2026-08-19T09:30:25.536416,MFSL,1581.0,1581.0,1563.0,1563.9,2.55,1563.9,41.7384,1622.7384,1539.2616,False,NONE,-1.03,2.82,0.05,-3.85
2026-08-19,2026-08-19T09:30:25.536416,MIDCPNIFTY,14832.55,14898.1,14798.95,14814.7,1.3,14814.7,191.33989499999998,15023.889894999998,14641.210105,False,NONE,-0.39,3.16,7.92,0
2026-08-19,2026-08-19T09:30:25.536416,MOTHERSON,171.05,171.05,169.69,169.84,2.93,169.84,5.02887,176.07887000000002,166.02113,False,NONE,-0.15,4.37,0.79,0.94
2026-08-19,2026-08-19T09:30:25.536416,MOTILALOFS,940.2,943.1,934.1,935.3,2.74,935.3,26.41962,966.61962,913.78038,False,NONE,-0.72,2.94,-0.05,0
2026-08-19,2026-08-19T09:30:25.536416,MPHASIS,2458.0,2477.2,2438.0,2451.6,3.5,2451.6,87.0132,2545.0132,2370.9868,False,NONE,0.12,4.37,0.13,-2.04
2026-08-19,2026-08-19T09:30:25.536416,MUTHOOTFIN,2889.9,2890.1,2861.0,2861.6,2.65,2861.6,77.44932,2967.3493200000003,2812.45068,False,NONE,-1.45,5.3,0.19,2.04
2026-08-19,2026-08-19T09:30:25.536416,NAM-INDIA,1182.0,1182.0,1174.8,1177.4,3.11,1177.4,37.1148,1219.1148,1144.8852,False,NONE,-0.02,2.76,0.02,2.63
2026-08-19,2026-08-19T09:30:25.536416,NATIONALUM,380.05,382.9,378.15,381.6,3.72,381.6,14.251875,394.301875,365.798125,False,NONE,-1.24,1.84,-0.16,1.64
2026-08-19,2026-08-19T09:30:25.536416,NAUKRI,1358.8,1368.9,1358.8,1368.9,2.96,1368.9,38.99756,1397.79756,1319.80244,False,NONE,1.18,5.84,0.19,0
2026-08-19,2026-08-19T09:30:25.536416,NBCC,87.6,87.69,87.03,87.1,3.2,87.1,2.88204,90.48204,84.71795999999999,False,NONE,-1,-1.01,-0.03,-2.56
2026-08-19,2026-08-19T09:30:25.536416,NESTLEIND,1472.4,1480.3,1463.5,1471.9,2.19,1471.9,31.509360000000004,1503.90936,1440.89064,False,NONE,0.51,2.97,-0.15,0
2026-08-19,2026-08-19T09:30:25.536416,NHPC,76.44,76.44,75.9,75.9,2.38,75.9,1.857492,78.29749199999999,74.582508,False,NONE,-0.55,4.1,0.03,-1.52
2026-08-19,2026-08-19T09:30:25.536416,NIFTY,24201.0,24201.0,24133.6,24141.0,1.05,24141.0,256.5306,24457.5306,23944.4694,False,NONE,-0.37,2.96,0.49,1.22
2026-08-19,2026-08-19T09:30:25.536416,NIFTYFPI,1586.0,1596.9,1584.15,1596.0,-,1596.0,,,,False,NONE,-,-,-,-
2026-08-19,2026-08-19T09:30:25.536416,NIFTYNXT50,73965.4,74016.8,73750.0,73879.6,1.91,73879.6,1412.878,75774.878,72949.122,False,NONE,-0.46,43.34,-0.14,2.17
2026-08-19,2026-08-19T09:30:25.536416,NMDC,83.2,83.7,83.2,83.29,2.68,83.29,2.2547200000000003,85.45472000000001,80.94528,False,NONE,-1.02,-2.78,-0.01,0
2026-08-19,2026-08-19T09:30:25.536416,NTPC,337.0,339.35,336.0,337.95,2.06,337.95,7.009600000000001,344.0096,329.9904,False,NONE,-0.04,-2.13,-0.03,0
2026-08-19,2026-08-19T09:30:25.536416,NYKAA,321.9,324.1,320.65,322.5,2.73,322.5,8.465969999999999,330.36596999999995,313.43403,False,NONE,0.19,3.77,-0.06,0
2026-08-19,2026-08-19T09:30:25.536416,OBEROIRLTY,1863.8,1878.5,1831.8,1877.0,3.34,1877.0,62.81006,1926.61006,1800.98994,False,NONE,0.82,-4.83,-0.04,11.9
2026-08-19,2026-08-19T09:30:25.536416,OFSS,11744.0,11820.0,11713.0,11790.0,3.76,11790.0,425.1328,12169.1328,11318.8672,False,NONE,1.34,2.96,0.14,0
2026-08-19,2026-08-19T09:30:25.536416,OIL,485.0,486.05,481.7,482.0,3.01,482.0,15.811,500.811,469.189,False,NONE,-0.09,-1.48,0.67,-1.82
2026-08-19,2026-08-19T09:30:25.536416,ONGC,241.0,242.61,240.1,240.95,1.95,240.95,4.6031,245.6031,236.3969,False,NONE,0.76,-7.01,0.02,2.78
2026-08-19,2026-08-19T09:30:25.536416,PAGEIND,36480.0,36480.0,35940.0,35950.0,2.85,35950.0,1017.7919999999999,37497.792,35462.208,False,NONE,-1.18,-3.52,-0.05,-6.67
2026-08-19,2026-08-19T09:30:25.536416,PATANJALI,349.9,354.9,349.8,350.5,3.42,350.5,12.10654,362.00654,337.79346,False,NONE,0.1,5.45,-0.4,2.33
2026-08-19,2026-08-19T09:30:25.536416,PAYTM,1552.0,1568.0,1547.1,1567.2,3.28,1567.2,51.3712,1603.3712,1500.6288,False,NONE,0.86,-0.54,-0.13,0
2026-08-19,2026-08-19T09:30:25.536416,PERSISTENT,5512.5,5587.5,5511.5,5538.5,3.63,5538.5,212.23125,5724.73125,5300.26875,False,NONE,1.31,16.15,0.91,-18.87
2026-08-19,2026-08-19T09:30:25.536416,PETRONET,285.0,289.35,285.0,289.0,2.56,289.0,9.2625,294.2625,275.7375,False,NONE,1.44,17.52,0.5,-5.1
2026-08-19,2026-08-19T09:30:25.536416,PFC,374.65,374.65,373.0,373.5,2.21,373.5,8.2423,382.8923,366.4077,False,NONE,-0.21,-4.48,-0.02,2
2026-08-19,2026-08-19T09:30:25.536416,PGEL,598.15,599.4,587.8,588.2,3.86,588.2,22.251179999999998,620.40118,575.89882,False,NONE,-1.63,10.55,0.26,1.67
2026-08-19,2026-08-19T09:30:25.536416,PHOENIXLTD,1950.5,1950.5,1910.8,1914.1,1.83,1914.1,46.0318,1996.5318,1904.4682,False,NONE,-1.38,3.83,-0.03,1.75
2026-08-19,2026-08-19T09:30:25.536416,PIDILITIND,1657.6,1668.7,1653.0,1662.9,1.88,1662.9,31.991679999999995,1689.59168,1625.6083199999998,False,NONE,-0.29,3.9,-0.42,1.64
2026-08-19,2026-08-19T09:30:25.536416,PIIND,2511.0,2517.9,2493.0,2498.6,2.85,2498.6,73.8234,2584.8234,2437.1766,False,NONE,-0.26,5.79,0.23,-2.22
2026-08-19,2026-08-19T09:30:25.536416,PNB,116.33,116.92,116.23,116.87,2.71,116.87,3.245607,119.575607,113.08439299999999,False,NONE,0.03,-0.38,0.06,1.1
2026-08-19,2026-08-19T09:30:25.536416,PNBHOUSING,1155.0,1155.0,1139.7,1142.0,2.78,1142.0,33.264,1188.264,1121.736,False,NONE,-0.19,-8.32,0.1,1.85
2026-08-19,2026-08-19T09:30:25.536416,POLICYBZR,1738.2,1771.4,1738.2,1768.9,3.52,1768.9,56.66532,1794.86532,1681.53468,False,NONE,0.96,8.82,0.57,-2.7
2026-08-19,2026-08-19T09:30:25.536416,POLYCAB,9050.0,9088.5,8970.0,9002.0,2.73,9002.0,248.875,9298.875,8801.125,False,NONE,-1.42,2.65,0.68,0
2026-08-19,2026-08-19T09:30:25.536416,POWERGRID,267.95,267.95,266.65,266.65,1.91,266.65,4.71592,272.66591999999997,263.23408,False,NONE,-0.69,1.94,0.06,1.61
2026-08-19,2026-08-19T09:30:25.536416,POWERINDIA,34765.0,35005.0,34010.0,34080.0,3.63,34080.0,1143.7685000000001,35908.7685,33621.2315,False,NONE,-3.44,11.14,-0.02,-3.33
2026-08-19,2026-08-19T09:30:25.536416,PREMIERENE,1013.2,1019.5,1010.5,1012.0,3.11,1012.0,30.69996,1043.89996,982.50004,False,NONE,-0.37,1.44,0.05,3.03
2026-08-19,2026-08-19T09:30:25.536416,PRESTIGE,1582.2,1584.0,1569.7,1572.6,3.06,1572.6,48.09888,1630.29888,1534.10112,False,NONE,-1.63,1.55,0.03,-1.19
2026-08-19,2026-08-19T09:30:25.536416,RADICO,4682.1,4740.0,4682.1,4723.1,3.11,4723.1,152.16825,4834.26825,4529.931750000001,False,NONE,0.22,2.17,0.64,-1.54
2026-08-19,2026-08-19T09:30:25.536416,RBLBANK,383.85,383.85,381.15,381.6,2.79,381.6,11.170035,395.020035,372.67996500000004,False,NONE,-0.56,-0.53,0.02,-1.47
2026-08-19,2026-08-19T09:30:25.536416,RECLTD,336.7,338.95,336.35,337.95,2.25,337.95,7.676759999999999,344.37676,329.02324,False,NONE,-0.19,-2.46,-0.03,0
2026-08-19,2026-08-19T09:30:25.536416,RELIANCE,1321.0,1321.0,1312.5,1314.3,1.62,1314.3,22.7212,1343.7212,1298.2788,False,NONE,-0.47,-2.47,0.14,-1.75
2026-08-19,2026-08-19T09:30:25.536416,RVNL,224.2,226.69,222.92,222.94,2.97,222.94,6.322439999999999,230.52244,217.87756,False,NONE,-0.71,2.21,0.07,-2
2026-08-19,2026-08-19T09:30:25.536416,SAIL,170.55,170.55,169.91,169.91,2.8,169.91,4.7754,175.3254,165.77460000000002,False,NONE,-1.63,-21.12,-0.01,0
2026-08-19,2026-08-19T09:30:25.536416,SBICARD,615.4,618.85,612.5,616.3,2.92,616.3,18.58508,633.9850799999999,596.81492,False,NONE,0.02,-3.36,0.16,3.92
2026-08-19,2026-08-19T09:30:25.536416,SBILIFE,1771.2,1793.9,1760.2,1763.0,2.15,1763.0,48.176640000000006,1819.37664,1723.0233600000001,False,NONE,-0.98,2.45,0.12,0
2026-08-19,2026-08-19T09:30:25.536416,SBIN,1053.8,1053.8,1048.4,1052.0,2.19,1052.0,23.394360000000002,1077.19436,1030.40564,False,NONE,-0.22,-2.25,-0.06,0
2026-08-19,2026-08-19T09:30:25.536416,SENSEX,77402.1,77402.1,77269.35,77309.95,0.6,77309.95,456.67239,77858.77239000001,76945.42761,False,NONE,-0.26,0.66,0.65,-3.96
2026-08-19,2026-08-19T09:30:25.536416,SHREECEM,24575.0,24575.0,24290.0,24300.0,2.82,24300.0,496.415,25071.415,24078.585,False,NONE,-1.54,4.99,0.31,0
2026-08-19,2026-08-19T09:30:25.536416,SHRIRAMFIN,1113.5,1113.5,1099.0,1099.1,2.97,1099.1,33.405,1146.905,1080.095,False,NONE,-0.84,-1.7,0.29,0
2026-08-19,2026-08-19T09:30:25.536416,SIEMENS,3930.3,3949.4,3894.8,3910.1,2.85,3910.1,112.79961000000002,4043.09961,3817.50039,False,NONE,-1.14,2.24,0.08,-1.69
2026-08-19,2026-08-19T09:30:25.536416,SOLARINDS,20050.0,20249.0,19786.0,19812.0,3.48,19812.0,695.735,20745.735,19354.265,False,NONE,-1.41,-1,0.53,-3.7
2026-08-19,2026-08-19T09:30:25.536416,SONACOMS,829.0,829.0,817.45,821.15,3.13,821.15,25.8648,854.8648,803.1352,False,NONE,-0.77,2.21,0.49,-4.41
2026-08-19,2026-08-19T09:30:25.536416,SRF,2632.5,2632.5,2605.0,2605.0,2.14,2605.0,58.441500000000005,2690.9415,2574.0585,False,NONE,-1.04,-1.68,0.3,0
2026-08-19,2026-08-19T09:30:25.536416,SUNPHARMA,1872.3,1898.4,1872.3,1892.9,1.85,1892.9,37.446,1909.7459999999999,1834.854,False,NONE,0.55,-4.35,0.07,1.92
2026-08-19,2026-08-19T09:30:25.536416,SUPREMEIND,3551.0,3620.7,3551.0,3594.0,2.54,3594.0,95.5219,3646.5219,3455.4781,False,NONE,-0.21,-0.42,0.17,0
2026-08-19,2026-08-19T09:30:25.536416,SUZLON,47.68,47.68,47.03,47.12,3.16,47.12,1.5400639999999999,49.220064,46.139936,False,NONE,-1.32,4.76,0.1,-2.44
2026-08-19,2026-08-19T09:30:25.536416,SWIGGY,276.15,276.8,270.1,270.35,4.4,270.35,12.53721,288.68721,263.61278999999996,False,NONE,-1.49,2.14,-0.01,-2.13
2026-08-19,2026-08-19T09:30:25.536416,TATACONSUM,1062.1,1071.0,1061.1,1067.0,2.3,1067.0,24.53451,1086.6345099999999,1037.56549,False,NONE,0.09,-1.62,0.07,-1.64
2026-08-19,2026-08-19T09:30:25.536416,TATAELXSI,3633.4,3671.9,3633.4,3650.0,3.11,3650.0,118.81218000000001,3752.21218,3514.58782,False,NONE,-0.17,-1.24,0.01,28.26
2026-08-19,2026-08-19T09:30:25.536416,TATAPOWER,379.95,379.95,377.35,377.55,2.16,377.55,8.092934999999999,388.042935,371.857065,False,NONE,-0.62,-1.13,-0.01,-1.47
2026-08-19,2026-08-19T09:30:25.536416,TATASTEEL,184.44,185.07,183.17,183.3,2.55,183.3,4.79544,189.23544,179.64455999999998,False,NONE,-0.96,-0.41,-0.09,1.67
2026-08-19,2026-08-19T09:30:25.536416,TCS,2308.0,2308.0,2275.0,2294.3,2.72,2294.3,63.931599999999996,2371.9316,2244.0684,False,NONE,0.24,0.77,0.15,-1.72
2026-08-19,2026-08-19T09:30:25.536416,TECHM,1605.0,1613.8,1595.1,1604.0,2.5,1604.0,39.483,1644.483,1565.517,False,NONE,0.33,7.6,0.35,0
2026-08-19,2026-08-19T09:30:25.536416,TIINDIA,2950.0,2960.3,2925.5,2933.7,3.56,2933.7,106.79,3056.79,2843.21,False,NONE,-1.16,-2.44,-0.43,0
2026-08-19,2026-08-19T09:30:25.536416,TITAN,5065.0,5076.2,5036.0,5050.0,1.75,5050.0,91.67649999999999,5156.6765,4973.3235,False,NONE,-0.26,-3.91,-0.11,0
2026-08-19,2026-08-19T09:30:25.536416,TMPV,324.4,324.5,321.25,321.7,2.63,321.7,8.921,333.32099999999997,315.479,False,NONE,-0.74,-0.97,0.01,0
2026-08-19,2026-08-19T09:30:25.536416,TORNTPHARM,4971.0,4999.5,4968.0,4983.5,2.45,4983.5,123.2808,5094.2808,4847.7192,False,NONE,0.05,5.94,-0.02,0
2026-08-19,2026-08-19T09:30:25.536416,TRENT,2950.0,2959.4,2930.5,2944.7,2.73,2944.7,82.305,3032.305,2867.695,False,NONE,-0.35,-0.95,-0.02,0
2026-08-19,2026-08-19T09:30:25.536416,TVSMOTOR,4389.0,4393.6,4364.1,4364.1,2.31,4364.1,107.53050000000002,4496.5305,4281.4695,False,NONE,0.28,1.54,0.23,-5.68
2026-08-19,2026-08-19T09:30:25.536416,ULTRACEMCO,11522.0,11522.0,11460.0,11485.0,2.08,11485.0,241.96200000000002,11763.962,11280.038,False,NONE,-0.52,1.99,-0.01,0
2026-08-19,2026-08-19T09:30:25.536416,UNIONBANK,185.1,187.76,185.1,185.7,2.94,185.7,5.77512,190.87511999999998,179.32488,False,NONE,-0.51,-4.64,-0.04,0
2026-08-19,2026-08-19T09:30:25.536416,UNITDSPR,1527.2,1531.5,1527.2,1528.6,2.36,1528.6,33.29296,1560.49296,1493.90704,False,NONE,0.02,4.02,0.03,-3.45
2026-08-19,2026-08-19T09:30:25.536416,UNOMINDA,1283.0,1283.0,1261.9,1264.4,2.3,1264.4,31.0486,1314.0486,1251.9514,False,NONE,-1.06,2.88,0.11,0
2026-08-19,2026-08-19T09:30:25.536416,UPL,558.15,562.0,558.15,559.7,2.35,559.7,13.95375,572.10375,544.19625,False,NONE,-0.04,-2.7,0.05,2
2026-08-19,2026-08-19T09:30:25.536416,VBL,437.0,439.6,437.0,437.95,2.57,437.95,11.056099999999999,448.0561,425.9439,False,NONE,-0.21,0.88,-0.04,0
2026-08-19,2026-08-19T09:30:25.536416,VEDL,264.6,265.0,261.65,262.85,3.31,262.85,8.83764,273.43764000000004,255.76236000000003,False,NONE,-1,1.3,-0.24,0
2026-08-19,2026-08-19T09:30:25.536416,VMM,103.68,104.31,103.31,103.56,3.2,103.56,11.850624,115.530624,91.82937600000001,False,NONE,-0.38,2.67,-0.02,0
2026-08-19,2026-08-19T09:30:25.536416,VOLTAS,1248.0,1248.0,1235.5,1236.2,3.06,1236.2,38.313599999999994,1286.3136,1209.6864,False,NONE,-1.1,-2.71,2.33,4.44
2026-08-19,2026-08-19T09:30:25.536416,WAAREEENER,2676.9,2709.9,2676.9,2692.2,2.72,2692.2,70.67016000000001,2747.57016,2606.22984,False,NONE,-0.41,0.98,0.27,0
2026-08-19,2026-08-19T09:30:25.536416,WIPRO,179.5,180.07,177.96,180.02,2.59,180.02,4.7388,184.2388,174.7612,False,NONE,0.71,0.16,-0.03,0
2026-08-19,2026-08-19T09:30:25.536416,YESBANK,22.52,22.57,22.4,22.49,3.07,22.49,0.6508280000000001,23.170828,21.869172,False,NONE,-0.18,-0.52,0.24,0
2026-08-19,2026-08-19T09:30:25.536416,ZYDUSLIFE,1121.0,1126.8,1117.8,1119.2,2.55,1119.2,29.5944,1150.5944,1091.4056,False,NONE,-0.05,-1.75,-0.09,0
2026-08-19,2026-08-19T09:40:47.003936,360ONE,1165.0,1168.0,1160.1,1168.0,3.16,1168.0,32.969500000000004,1197.9695,1132.0305,False,NONE,-0.15,-1.93,-0.35,-7.41
2026-08-19,2026-08-19T09:40:47.003936,ABB,7546.0,7559.0,7415.0,7434.5,2.9,7434.5,218.07940000000002,7764.0794,7327.9206,False,NONE,-2,-2.18,-0.48,-1.96
2026-08-19,2026-08-19T09:40:47.003936,ABCAPITAL,401.6,401.7,395.85,396.25,2.51,396.25,10.6424,412.24240000000003,390.9576,False,NONE,-1.5,-2.4,0.3,-1.37
2026-08-19,2026-08-19T09:40:47.003936,ADANIENSOL,1590.0,1590.0,1548.0,1554.8,3.95,1554.8,60.897,1650.897,1529.103,False,NONE,-3.1,14.03,0.39,0
2026-08-19,2026-08-19T09:40:47.003936,ADANIENT,3005.0,3010.7,2985.1,2990.8,2.83,2990.8,86.544,3091.544,2918.456,False,NONE,-0.67,3.12,0.02,-1.64
2026-08-19,2026-08-19T09:40:47.003936,ADANIGREEN,1310.0,1310.0,1282.9,1284.8,3.37,1284.8,42.575,1352.575,1267.425,False,NONE,-2.14,2.26,-0.04,2.17
2026-08-19,2026-08-19T09:40:47.003936,ADANIPORTS,1691.5,1691.5,1671.4,1673.1,2.23,1673.1,38.05875,1729.55875,1653.44125,False,NONE,-0.79,0.8,0.03,-1.89
2026-08-19,2026-08-19T09:40:47.003936,ADANIPOWER,206.13,206.26,202.65,203.1,3.03,203.1,7.42068,213.55068,198.70932,False,NONE,-1.75,-10.91,0.33,4.26
2026-08-19,2026-08-19T09:40:47.003936,ALKEM,5420.0,5482.5,5420.0,5439.0,2.36,5439.0,122.49199999999999,5542.492,5297.508,False,NONE,-0.59,1,0.1,0
2026-08-19,2026-08-19T09:40:47.003936,AMBER,7385.0,7385.0,7211.5,7234.5,3.28,7234.5,219.33450000000002,7604.3345,7165.6655,False,NONE,-1.95,16.26,-0.8,-6.56
2026-08-19,2026-08-19T09:40:47.003936,AMBUJACEM,410.6,411.3,407.6,408.75,2.25,408.75,8.910020000000001,419.51002,401.68998000000005,False,NONE,-0.82,-2.72,0.03,0
2026-08-19,2026-08-19T09:40:47.003936,ANGELONE,290.5,294.0,288.8,289.95,3.51,289.95,10.458,300.958,280.042,False,NONE,-0.4,-0.27,0.48,0
2026-08-19,2026-08-19T09:40:47.003936,APLAPOLLO,2105.0,2111.5,2098.4,2104.9,2.24,2104.9,48.204499999999996,2153.2045,2056.7955,False,NONE,-0.59,10.83,0.44,1.47
2026-08-19,2026-08-19T09:40:47.003936,APOLLOHOSP,8840.0,8840.0,8758.0,8783.5,1.68,8783.5,150.28,8990.28,8689.72,False,NONE,-0.53,-2.07,-0.1,-2.7
2026-08-19,2026-08-19T09:40:47.003936,ASHOKLEY,174.3,176.08,174.16,175.15,2.79,175.15,5.00241,179.30241,169.29759,False,NONE,-0.73,-1.88,0.35,1.47
2026-08-19,2026-08-19T09:40:47.003936,ASIANPAINT,2620.0,2629.3,2610.0,2628.1,2.28,2628.1,59.211999999999996,2679.212,2560.788,False,NONE,0.03,-0.87,0.09,0
2026-08-19,2026-08-19T09:40:47.003936,ASTRAL,1539.8,1543.3,1512.0,1524.3,2.4,1524.3,36.49326,1576.29326,1503.30674,False,NONE,-0.17,-0.22,0.08,-3.51
2026-08-19,2026-08-19T09:40:47.003936,AUBANK,1075.0,1075.5,1064.3,1066.4,2.68,1066.4,30.2075,1105.2075,1044.7925,False,NONE,-0.88,-0.23,0.08,-2.74
2026-08-19,2026-08-19T09:40:47.003936,AUROPHARMA,1638.1,1641.8,1633.7,1633.7,2.7,1633.7,45.70299,1683.80299,1592.39701,False,NONE,-0.46,-1.84,0.04,0
2026-08-19,2026-08-19T09:40:47.003936,AXISBANK,1244.0,1244.1,1232.0,1237.0,1.92,1237.0,24.7556,1268.7556,1219.2444,False,NONE,-0.92,-2.39,-0.06,-3.33
2026-08-19,2026-08-19T09:40:47.003936,BAJAJ-AUTO,11620.0,11621.0,11558.0,11571.0,2.07,11571.0,246.34400000000002,11866.344,11373.656,False,NONE,-0.52,-4.59,0.11,1.8
2026-08-19,2026-08-19T09:40:47.003936,BAJAJFINSV,2000.0,2001.6,1990.3,1997.9,2.16,1997.9,44.6,2044.6,1955.4,False,NONE,-0.65,1.3,-0.05,0
2026-08-19,2026-08-19T09:40:47.003936,BAJAJHLDNG,11288.0,11335.0,11269.0,11278.0,2.14,11278.0,261.8816,11549.8816,11026.1184,False,NONE,0.04,7.65,-0.09,1.43
2026-08-19,2026-08-19T09:40:47.003936,BAJFINANCE,1091.2,1091.2,1081.1,1084.0,2.35,1084.0,26.1888,1117.3888,1065.0112000000001,False,NONE,-0.86,-2.28,-0.16,-1.3
2026-08-19,2026-08-19T09:40:47.003936,BANDHANBNK,170.2,170.2,167.97,168.3,4.54,168.3,5.14004,175.34004,165.05996,False,NONE,-1.78,56.44,-0.03,0
2026-08-19,2026-08-19T09:40:47.003936,BANKBARODA,244.0,244.65,243.35,243.8,2.5,243.8,6.4172,250.4172,237.5828,False,NONE,-0.13,-6.8,0.14,0
2026-08-19,2026-08-19T09:40:47.003936,BANKEX,65514.65,65514.65,65514.65,65514.65,1.91,65514.65,1133.4034450000001,66648.053445,64381.246555,False,NONE,-,75,0,1.08
2026-08-19,2026-08-19T09:40:47.003936,BANKINDIA,142.65,142.88,141.91,142.19,2.86,142.19,4.47921,147.12921,138.17079,False,NONE,-0.26,-2.89,0.19,1.3
2026-08-19,2026-08-19T09:40:47.003936,BANKNIFTY,57402.0,57402.0,57151.0,57198.0,1.28,57198.0,757.7064,58159.7064,56644.2936,False,NONE,-0.41,1.72,0.35,-1.43
2026-08-19,2026-08-19T09:40:47.003936,BDL,1405.0,1405.0,1371.4,1373.1,3.61,1373.1,51.00149999999999,1456.0015,1353.9985,False,NONE,-2.05,-0.79,0.08,-3.33
2026-08-19,2026-08-19T09:40:47.003936,BEL,414.0,414.0,407.5,407.95,2.5,407.95,10.2258,424.2258,403.7742,False,NONE,-1.27,3.62,-0.5,-1.41
2026-08-19,2026-08-19T09:40:47.003936,BHARATFORG,2093.4,2093.4,2058.6,2071.2,2.64,2071.2,56.521800000000006,2149.9218,2036.8782,False,NONE,-0.92,-0.89,0.12,0
2026-08-19,2026-08-19T09:40:47.003936,BHARTIARTL,1935.0,1942.5,1931.1,1940.8,1.77,1940.8,34.83,1969.83,1900.17,False,NONE,-0.1,-2.63,0.22,0
2026-08-19,2026-08-19T09:40:47.003936,BHEL,424.3,424.3,414.3,415.65,3.56,415.65,14.765640000000001,439.06564000000003,409.53436,False,NONE,-2.22,2.79,0.48,-3.7
2026-08-19,2026-08-19T09:40:47.003936,BIOCON,416.6,417.65,414.4,414.4,2.51,414.4,10.53998,427.13998000000004,406.06002,False,NONE,-1.26,2.29,-0.18,-1.37
2026-08-19,2026-08-19T09:40:47.003936,BLUESTARCO,1488.3,1493.3,1476.0,1484.2,2.97,1484.2,42.11889,1530.41889,1446.18111,False,NONE,-0.51,-4.78,0.57,2.38
2026-08-19,2026-08-19T09:40:47.003936,BOSCHLTD,48840.0,49100.0,48685.0,48890.0,2.38,48890.0,1191.696,50031.695999999996,47648.304000000004,False,NONE,0.25,1.62,0.58,-0.88
2026-08-19,2026-08-19T09:40:47.003936,BPCL,310.7,311.55,308.2,308.8,2.56,308.8,8.01606,318.71605999999997,302.68394,False,NONE,-0.96,1.66,0.75,-1.67
2026-08-19,2026-08-19T09:40:47.003936,BRITANNIA,5460.0,5534.0,5460.0,5518.5,1.92,5518.5,105.37799999999999,5565.378,5354.622,False,NONE,0.31,-2.59,0.47,3.92
2026-08-19,2026-08-19T09:40:47.003936,BSE,3319.0,3325.7,3293.3,3310.0,3.34,3310.0,116.165,3435.165,3202.835,False,NONE,-0.27,-3.11,0.24,0
2026-08-19,2026-08-19T09:40:47.003936,CAMS,760.0,762.9,753.95,757.05,2.58,757.05,20.216,780.216,739.784,False,NONE,-0.34,-9.37,0.18,0
2026-08-19,2026-08-19T09:40:47.003936,CANBK,129.4,129.47,128.17,128.55,2.76,128.55,3.8820000000000006,133.282,125.518,False,NONE,-0.36,-3.59,0.03,1.32
2026-08-19,2026-08-19T09:40:47.003936,CDSL,1338.0,1345.9,1335.7,1339.4,2.66,1339.4,36.5274,1374.5274,1301.4726,False,NONE,-0.43,-3.72,-0.02,0
2026-08-19,2026-08-19T09:40:47.003936,CGPOWER,886.0,886.0,863.0,868.0,3.29,868.0,29.3266,915.3266,856.6734,False,NONE,-2.48,7.2,0.57,4
2026-08-19,2026-08-19T09:40:47.003936,CHOLAFIN,1870.1,1870.1,1855.3,1858.7,2.62,1858.7,57.786089999999994,1927.88609,1812.3139099999999,False,NONE,-0.9,1.46,0.05,1.59
2026-08-19,2026-08-19T09:40:47.003936,CIPLA,1424.8,1431.9,1420.6,1425.9,2.09,1425.9,31.20312,1456.0031199999999,1393.59688,False,NONE,-0.25,2.18,-0.03,0
2026-08-19,2026-08-19T09:40:47.003936,COALINDIA,407.2,408.85,401.5,401.9,2,401.9,8.06256,415.26256,399.13743999999997,False,NONE,-1.56,6.62,0.12,0
2026-08-19,2026-08-19T09:40:47.003936,COCHINSHIP,1509.0,1509.0,1479.0,1481.0,2.86,1481.0,47.080799999999996,1556.0808,1461.9192,False,NONE,-0.9,-6.46,0.36,0
2026-08-19,2026-08-19T09:40:47.003936,COFORGE,1796.8,1816.5,1788.8,1807.7,3.2,1807.7,58.75536,1855.55536,1738.0446399999998,False,NONE,1.74,10.64,-0.22,-5.32
2026-08-19,2026-08-19T09:40:47.003936,COLPAL,1903.0,1913.2,1894.1,1897.1,2.27,1897.1,42.6272,1945.6272,1860.3728,False,NONE,-0.45,3.21,0.6,-5.45
2026-08-19,2026-08-19T09:40:47.003936,CONCOR,517.1,519.5,515.2,516.2,2.34,516.2,12.77237,529.87237,504.32763,False,NONE,-0.82,-7.87,0.08,0
2026-08-19,2026-08-19T09:40:47.003936,CROMPTON,246.3,247.3,242.4,242.8,3.09,242.8,7.29048,253.59048,239.00952,False,NONE,-0.82,-0.56,0.03,-1.72
2026-08-19,2026-08-19T09:40:47.003936,CUMMINSIND,5330.0,5387.0,5266.0,5277.5,2.89,5277.5,148.174,5478.174,5181.826,False,NONE,-2.05,5.56,0.15,-3.23
2026-08-19,2026-08-19T09:40:47.003936,DABUR,402.9,402.9,400.65,400.85,1.97,400.85,8.13858,411.03857999999997,394.76142,False,NONE,-0.53,-2.89,0.12,0
2026-08-19,2026-08-19T09:40:47.003936,DALBHARAT,1835.2,1856.6,1830.7,1844.2,2.65,1844.2,50.10096000000001,1885.30096,1785.09904,False,NONE,-0.21,-0.33,-0.08,17.24
2026-08-19,2026-08-19T09:40:47.003936,DELHIVERY,452.15,452.45,448.2,449.4,2.5,449.4,10.942029999999999,463.09202999999997,441.20797,False,NONE,-0.47,3.88,-0.14,1.69
2026-08-19,2026-08-19T09:40:47.003936,DIVISLAB,8599.5,8599.5,8525.5,8528.0,2.17,8528.0,204.66809999999998,8804.1681,8394.8319,False,NONE,-0.62,-3.47,0.11,2.3
2026-08-19,2026-08-19T09:40:47.003936,DIXON,14130.0,14197.0,14037.0,14120.0,3.2,14120.0,453.57300000000004,14583.573,13676.427,False,NONE,-0.46,-5.06,-0.04,-2
2026-08-19,2026-08-19T09:40:47.003936,DLF,673.5,673.5,658.0,660.2,3.08,660.2,20.3397,693.8397,653.1603,False,NONE,-1.4,5.09,0.17,-3.08
2026-08-19,2026-08-19T09:40:47.003936,DMART,4009.5,4011.0,3974.6,3987.5,2.32,3987.5,94.6242,4104.1242,3914.8758,False,NONE,-0.01,0.14,-0.03,-1.67
2026-08-19,2026-08-19T09:40:47.003936,DRREDDY,1176.0,1182.7,1174.8,1177.7,2.02,1177.7,23.7552,1199.7552,1152.2448,False,NONE,-0.25,-5.91,0.21,3.64
2026-08-19,2026-08-19T09:40:47.003936,EICHERMOT,8050.0,8050.0,8006.5,8011.5,1.92,8011.5,157.78,8207.78,7892.22,False,NONE,-0.56,0.6,-0.04,-3.41
2026-08-19,2026-08-19T09:40:47.003936,ETERNAL,314.05,319.7,314.05,318.95,3.14,318.95,9.60993,323.65993000000003,304.44007,False,NONE,0.57,8.15,0.36,-1.56
2026-08-19,2026-08-19T09:40:47.003936,FEDERALBNK,357.3,358.75,356.05,356.55,2.1,356.55,7.82487,365.12487,349.47513000000004,False,NONE,-0.68,0.35,-0.12,-1.45
2026-08-19,2026-08-19T09:40:47.003936,FINNIFTY,26027.2,26098.1,26020.0,26020.0,1.35,26020.0,366.98352,26394.183520000002,25660.21648,False,NONE,-0.61,2.21,-0.15,-7.25
2026-08-19,2026-08-19T09:40:47.003936,FOCIT,36896.0,36970.0,36888.0,36917.0,2.26,36917.0,1003.5712000000001,37899.5712,35892.4288,False,NONE,0,1.19,0,-1.27
2026-08-19,2026-08-19T09:40:47.003936,FORCEMOT,18228.0,18248.0,17914.0,17970.0,3.43,17970.0,610.638,18838.638,17617.362,False,NONE,-1.27,-3.86,0.57,0
2026-08-19,2026-08-19T09:40:47.003936,FORTIS,925.0,925.0,912.05,914.35,2.51,914.35,22.8475,947.8475,902.1525,False,NONE,-0.63,2.41,0.22,0
2026-08-19,2026-08-19T09:40:47.003936,GAIL,172.2,173.38,171.8,172.08,2.26,172.08,4.11558,176.31557999999998,168.08442,False,NONE,0.16,-4.09,-0.04,2.86
2026-08-19,2026-08-19T09:40:47.003936,GLENMARK,2301.3,2319.0,2262.9,2265.1,2.4,2265.1,52.00938,2353.30938,2249.29062,False,NONE,-2.24,1.71,-0.07,0
2026-08-19,2026-08-19T09:40:47.003936,GMRAIRPORT,102.01,103.44,102.01,102.13,2.74,102.13,2.9174860000000002,104.927486,99.09251400000001,False,NONE,0.17,6.78,0.16,-8.06
2026-08-19,2026-08-19T09:40:47.003936,GODFRYPHLP,2114.7,2122.9,2112.6,2113.5,3.83,2113.5,79.08978,2193.7897799999996,2035.6102199999998,False,NONE,0.12,-,0.05,2.44
2026-08-19,2026-08-19T09:40:47.003936,GODREJCP,934.5,935.3,929.3,935.0,2.48,935.0,23.269050000000004,957.76905,911.23095,False,NONE,0.02,-4.19,-0.04,0
2026-08-19,2026-08-19T09:40:47.003936,GODREJPROP,2016.0,2016.0,1972.1,1978.9,3.25,1978.9,63.504,2079.504,1952.496,False,NONE,-1.65,4.09,0.02,1.79
2026-08-19,2026-08-19T09:40:47.003936,GRASIM,3272.3,3272.3,3253.9,3259.0,2.22,3259.0,76.89905,3349.19905,3195.40095,False,NONE,-0.43,-5.5,0.31,0
2026-08-19,2026-08-19T09:40:47.003936,GVT&D,4145.0,4145.0,4042.5,4065.0,4.07,4065.0,161.655,4306.655,3983.345,False,NONE,-3.28,17.9,0.21,10.53
2026-08-19,2026-08-19T09:40:47.003936,HAL,5081.0,5099.6,5012.1,5022.5,2.75,5022.5,138.7113,5219.7113,4942.2887,False,NONE,-1.3,-0.94,0.32,2.82
2026-08-19,2026-08-19T09:40:47.003936,HAVELLS,1290.2,1305.0,1286.6,1294.1,2.42,1294.1,31.22284,1321.42284,1258.9771600000001,False,NONE,0.23,3.18,0.41,-2.17
2026-08-19,2026-08-19T09:40:47.003936,HCLTECH,1311.2,1324.0,1311.2,1321.4,2.86,1321.4,38.81152,1350.01152,1272.38848,False,NONE,1.26,0.59,-0.2,-3.08
2026-08-19,2026-08-19T09:40:47.003936,HDFCAMC,2515.9,2533.7,2501.5,2518.7,2.53,2518.7,62.39432,2578.29432,2453.50568,False,NONE,0.14,-2.74,0.3,1.43
2026-08-19,2026-08-19T09:40:47.003936,HDFCBANK,724.6,726.0,720.1,720.6,2.1,720.6,15.941200000000002,740.5412,708.6588,False,NONE,-0.48,-3.35,-0.02,0
2026-08-19,2026-08-19T09:40:47.003936,HDFCLIFE,538.35,539.55,535.0,535.65,2.21,535.65,12.005205,550.3552050000001,526.344795,False,NONE,-0.66,3.86,0.04,0
2026-08-19,2026-08-19T09:40:47.003936,HEROMOTOCO,5680.0,5747.5,5680.0,5730.0,2.48,5730.0,140.864,5820.864,5539.136,False,NONE,0.05,-0.51,0.7,-1.12
2026-08-19,2026-08-19T09:40:47.003936,HINDALCO,1028.0,1032.0,1025.0,1026.7,2.43,1026.7,25.5972,1053.5972,1002.4028,False,NONE,-1.43,-1.3,0.02,1.64
2026-08-19,2026-08-19T09:40:47.003936,HINDPETRO,367.95,367.95,365.65,366.55,2.76,366.55,10.339395,378.289395,357.61060499999996,False,NONE,-0.38,-3.27,-0.08,-3.64
2026-08-19,2026-08-19T09:40:47.003936,HINDUNILVR,2037.3,2043.0,2030.1,2031.8,1.81,2031.8,38.7087,2076.0087,1998.5913,False,NONE,-0.48,-2.21,0.32,-1.75
2026-08-19,2026-08-19T09:40:47.003936,HINDZINC,549.0,554.4,549.0,551.3,2.89,551.3,16.9641,565.9641,532.0359,False,NONE,-1.33,-2.88,-0.04,3.77
2026-08-19,2026-08-19T09:40:47.003936,HYUNDAI,2184.2,2184.2,2168.0,2178.7,2.58,2178.7,60.72075999999999,2244.92076,2123.4792399999997,False,NONE,-0.81,-5.26,0.02,-3.3
2026-08-19,2026-08-19T09:40:47.003936,ICICIBANK,1415.2,1417.7,1406.4,1406.5,1.76,1406.5,25.04904,1440.2490400000002,1390.15096,False,NONE,-0.62,-1.87,0.04,-1.64
2026-08-19,2026-08-19T09:40:47.003936,ICICIGI,1625.4,1633.1,1621.0,1624.4,2.44,1624.4,39.334680000000006,1664.73468,1586.0653200000002,False,NONE,-0.55,0.4,0.03,1.72
2026-08-19,2026-08-19T09:40:47.003936,ICICIPRULI,502.9,504.15,494.75,495.25,2.69,495.25,12.069599999999998,514.9696,490.8304,False,NONE,-1.2,9.38,0.03,-3.12
2026-08-19,2026-08-19T09:40:47.003936,IDEA,14.17,14.25,14.02,14.03,3.64,14.03,0.5327919999999999,14.702792,13.637208,False,NONE,-0.85,1.28,0.06,0
2026-08-19,2026-08-19T09:40:47.003936,IDFCFIRSTB,85.7,85.7,85.15,85.18,2.36,85.18,2.20249,87.90249,83.49751,False,NONE,0.16,-0.62,0.04,1.35
2026-08-19,2026-08-19T09:40:47.003936,IEX,124.15,124.16,122.2,122.45,2.68,122.45,3.389295,127.53929500000001,120.760705,False,NONE,-1.02,2.73,0.01,0
2026-08-19,2026-08-19T09:40:47.003936,INDHOTEL,716.75,717.75,714.75,715.2,2.14,715.2,15.410125,732.160125,701.339875,False,NONE,-0.4,-3.31,-0.04,0
2026-08-19,2026-08-19T09:40:47.003936,INDIANB,878.0,878.0,867.35,868.5,2.87,868.5,25.901000000000003,903.901,852.099,False,NONE,-1.08,-2.68,0.35,1.37
2026-08-19,2026-08-19T09:40:47.003936,INDIGO,5170.0,5220.0,5165.0,5199.0,2.54,5199.0,140.107,5310.107,5029.893,False,NONE,-0.35,-4.33,0.27,3.28
2026-08-19,2026-08-19T09:40:47.003936,INDUSINDBK,1014.0,1014.0,1009.1,1011.2,2.28,1011.2,23.0178,1037.0178,990.9822,False,NONE,-0.35,-2.3,0.05,0
2026-08-19,2026-08-19T09:40:47.003936,INDUSTOWER,373.05,374.8,369.75,371.0,2.69,371.0,9.99774,383.04774000000003,363.05226,False,NONE,-1,-1.65,-0.14,-3.23
2026-08-19,2026-08-19T09:40:47.003936,INFY,1127.1,1137.3,1127.1,1132.3,2.92,1132.3,34.71468,1161.81468,1092.3853199999999,False,NONE,1.12,0.82,0.19,0
2026-08-19,2026-08-19T09:40:47.003936,INOXWIND,74.95,74.95,73.8,74.1,3.82,74.1,3.13291,78.08291,71.81709000000001,False,NONE,-1.15,1.68,0.55,1.96
2026-08-19,2026-08-19T09:40:47.003936,IOC,136.9,138.09,136.9,137.29,2.16,137.29,3.6552300000000004,140.55523,133.24477000000002,False,NONE,-0.33,-5.93,0.02,-1.23
2026-08-19,2026-08-19T09:40:47.003936,IREDA,113.76,114.95,113.23,113.85,3.01,113.85,3.3331680000000006,117.093168,110.426832,False,NONE,-0.13,1.87,0.64,-1.75
2026-08-19,2026-08-19T09:40:47.003936,IRFC,85.86,87.0,85.11,85.38,2.58,85.38,2.2066019999999997,88.066602,83.653398,False,NONE,-0.7,-1.46,0.25,0
2026-08-19,2026-08-19T09:40:47.003936,ITC,269.75,271.25,269.6,270.2,1.81,270.2,5.098275,274.848275,264.651725,False,NONE,-0.24,-1.61,0.04,0
2026-08-19,2026-08-19T09:40:47.003936,JINDALSTEL,1097.0,1100.6,1093.1,1098.1,2.35,1098.1,26.327999999999996,1123.328,1070.672,False,NONE,-0.35,-2.87,0,0
2026-08-19,2026-08-19T09:40:47.003936,JIOFIN,245.35,246.15,244.05,245.0,2.82,245.0,7.286895,252.63689499999998,238.063105,False,NONE,-0.16,-10.43,0.11,2.22
2026-08-19,2026-08-19T09:40:47.003936,JSWENERGY,548.05,548.1,543.4,543.9,2.16,543.9,12.659955,560.7099549999999,535.390045,False,NONE,-1.27,-4.23,0.03,-1.54
2026-08-19,2026-08-19T09:40:47.003936,JSWSTEEL,1270.1,1270.1,1262.7,1264.5,2.23,1264.5,28.32323,1298.4232299999999,1241.77677,False,NONE,-0.5,-1.29,-0.06,1.33
2026-08-19,2026-08-19T09:40:47.003936,JUBLFOOD,502.4,504.7,501.3,503.2,2.79,503.2,13.815999999999999,516.216,488.584,False,NONE,-0.05,-0.76,0.19,-1.59
2026-08-19,2026-08-19T09:40:47.003936,KALYANKJIL,602.0,603.55,588.3,590.95,4.27,590.95,27.09,629.09,574.91,False,NONE,-2.34,1.15,-1.34,-4.29
2026-08-19,2026-08-19T09:40:47.003936,KAYNES,3659.1,3661.5,3640.0,3659.3,4.18,3659.3,155.14584000000002,3814.24584,3503.95416,False,NONE,0.17,-1.53,0.45,1.35
2026-08-19,2026-08-19T09:40:47.003936,KEI,5780.1,5780.1,5648.1,5700.2,3.01,5700.2,158.95275,5939.052750000001,5621.14725,False,NONE,-1.23,8.47,-0.22,-1.16
2026-08-19,2026-08-19T09:40:47.003936,KFINTECH,947.75,949.25,941.05,946.0,3.22,946.0,29.759349999999998,977.50935,917.99065,False,NONE,-0.2,-3.19,-0.1,0
2026-08-19,2026-08-19T09:40:47.003936,KOTAKBANK,388.5,388.85,386.8,387.8,2.06,387.8,8.0031,396.5031,380.4969,False,NONE,-0.3,-4.63,-0.1,1.69
2026-08-19,2026-08-19T09:40:47.003936,KPITTECH,604.5,609.45,594.65,597.5,3.27,597.5,20.069399999999998,624.5694,584.4306,False,NONE,-0.33,4.83,0.19,-4.17
2026-08-19,2026-08-19T09:40:47.003936,LAURUSLABS,1805.0,1816.0,1792.9,1794.7,2.45,1794.7,46.0275,1851.0275,1758.9725,False,NONE,-1.18,-1.72,-0.03,0
2026-08-19,2026-08-19T09:40:47.003936,LICHSGFIN,490.9,491.15,487.5,488.05,2.18,488.05,10.947069999999998,501.84707,479.95293,False,NONE,-0.95,1.84,-0.05,0
2026-08-19,2026-08-19T09:40:47.003936,LICI,411.0,412.85,410.95,412.0,2.21,412.0,8.5488,419.5488,402.4512,False,NONE,0.28,13.82,-0.12,0
2026-08-19,2026-08-19T09:40:47.003936,LODHA,1222.0,1222.0,1194.6,1200.0,3.47,1200.0,43.8698,1265.8698,1178.1302,False,NONE,-1.28,-4.95,-0.03,-6.25
2026-08-19,2026-08-19T09:40:47.003936,LT,4068.1,4073.8,4033.0,4037.3,1.85,4037.3,77.2939,4145.3939,3990.8061,False,NONE,-0.79,-3.09,-0.01,-1.52
2026-08-19,2026-08-19T09:40:47.003936,LTF,326.4,326.65,314.0,316.4,3.65,316.4,11.06496,337.46495999999996,315.33504,False,NONE,-2.9,14.76,1.59,-15.19
2026-08-19,2026-08-19T09:40:47.003936,LTM,4610.0,4651.5,4599.0,4647.3,3.72,4647.3,162.27200000000002,4772.272,4447.728,False,NONE,1.31,7.9,-0.06,0
2026-08-19,2026-08-19T09:40:47.003936,LUPIN,2241.5,2241.5,2220.8,2223.9,1.94,2223.9,44.83,2286.33,2196.67,False,NONE,-0.26,-2.8,0.03,0
2026-08-19,2026-08-19T09:40:47.003936,M&M,3411.0,3411.0,3378.1,3390.4,2.24,3390.4,78.45299999999999,3489.453,3332.547,False,NONE,-0.78,-0.97,0.03,0
2026-08-19,2026-08-19T09:40:47.003936,MANAPPURAM,344.0,344.0,342.5,343.0,2.93,343.0,12.005600000000001,356.0056,331.9944,False,NONE,-0.74,-18.56,-0.06,2.08
2026-08-19,2026-08-19T09:40:47.003936,MANKIND,2390.0,2428.0,2390.0,2396.8,2.92,2396.8,72.895,2462.895,2317.105,False,NONE,0.01,24.89,0.25,-11.67
2026-08-19,2026-08-19T09:40:47.003936,MARICO,848.4,854.05,839.9,851.1,1.99,851.1,17.30736,865.70736,831.09264,False,NONE,0.59,3.49,-0.21,-3.39
2026-08-19,2026-08-19T09:40:47.003936,MARUTI,13738.0,13738.0,13631.0,13676.0,2.13,13676.0,300.8622,14038.8622,13437.1378,False,NONE,-0.57,-3,0.7,-2.78
2026-08-19,2026-08-19T09:40:47.003936,MAXHEALTH,1018.2,1018.2,1005.0,1007.1,2.7,1007.1,28.204140000000002,1046.40414,989.99586,False,NONE,-0.82,-1.34,-0.02,-1.85
2026-08-19,2026-08-19T09:40:47.003936,MAZDOCK,2600.0,2606.7,2561.0,2565.4,3.26,2565.4,89.18,2689.18,2510.82,False,NONE,-1.11,0.75,0.03,0
2026-08-19,2026-08-19T09:40:47.003936,MCX,3058.0,3067.7,2991.0,3008.0,3.58,3008.0,113.146,3171.146,2944.854,False,NONE,-0.95,3.38,1.2,-11.34
2026-08-19,2026-08-19T09:40:47.003936,MFSL,1581.0,1581.0,1560.0,1560.8,2.55,1560.8,41.7384,1622.7384,1539.2616,False,NONE,-1.22,3.83,0.1,-5.77
2026-08-19,2026-08-19T09:40:47.003936,MIDCPNIFTY,14832.55,14898.1,14798.95,14820.1,1.26,14820.1,191.33989499999998,15023.889894999998,14641.210105,False,NONE,-0.36,0.83,7.99,0
2026-08-19,2026-08-19T09:40:47.003936,MOTHERSON,171.05,171.05,169.51,170.1,2.87,170.1,5.02887,176.07887000000002,166.02113,False,NONE,0,3.81,0.69,0.94
2026-08-19,2026-08-19T09:40:47.003936,MOTILALOFS,940.2,943.1,930.3,933.35,2.77,933.35,26.41962,966.61962,913.78038,False,NONE,-0.93,1.92,0.55,0
2026-08-19,2026-08-19T09:40:47.003936,MPHASIS,2458.0,2477.2,2438.0,2448.3,3.54,2448.3,87.0132,2545.0132,2370.9868,False,NONE,-0.02,3.11,0.06,-6.12
2026-08-19,2026-08-19T09:40:47.003936,MUTHOOTFIN,2889.9,2890.1,2855.1,2857.6,2.57,2857.6,77.44932,2967.3493200000003,2812.45068,False,NONE,-1.59,3.05,0.28,0
2026-08-19,2026-08-19T09:40:47.003936,NAM-INDIA,1182.0,1182.0,1174.8,1177.1,3.15,1177.1,37.1148,1219.1148,1144.8852,False,NONE,-0.04,3.21,0.07,0
2026-08-19,2026-08-19T09:40:47.003936,NATIONALUM,380.05,382.9,378.15,379.9,3.58,379.9,14.251875,394.301875,365.798125,False,NONE,-1.68,-4.14,-0.3,1.64
2026-08-19,2026-08-19T09:40:47.003936,NAUKRI,1358.8,1369.2,1358.8,1366.0,2.82,1366.0,38.99756,1397.79756,1319.80244,False,NONE,0.96,-0.11,4.11,-1.43
2026-08-19,2026-08-19T09:40:47.003936,NBCC,87.6,87.69,86.94,87.04,3.17,87.04,2.88204,90.48204,84.71795999999999,False,NONE,-1.07,-2.45,-0.08,-2.56
2026-08-19,2026-08-19T09:40:47.003936,NESTLEIND,1472.4,1480.3,1463.5,1471.9,2.11,1471.9,31.509360000000004,1503.90936,1440.89064,False,NONE,0.51,0.68,-0.01,0
2026-08-19,2026-08-19T09:40:47.003936,NHPC,76.44,76.44,75.61,75.65,2.36,75.65,1.857492,78.29749199999999,74.582508,False,NONE,-0.88,2.88,0.16,-1.52
2026-08-19,2026-08-19T09:40:47.003936,NIFTY,24201.0,24201.0,24124.0,24137.8,1.04,24137.8,256.5306,24457.5306,23944.4694,False,NONE,-0.38,1.94,1.05,-7.32
2026-08-19,2026-08-19T09:40:47.003936,NIFTYFPI,1586.0,1596.9,1584.15,1596.0,-,1596.0,,,,False,NONE,-,-,-,-
2026-08-19,2026-08-19T09:40:47.003936,NIFTYNXT50,73965.4,74016.8,73665.2,73709.0,1.67,73709.0,1412.878,75774.878,72949.122,False,NONE,-0.69,9.58,-0.68,-2.17
2026-08-19,2026-08-19T09:40:47.003936,NMDC,83.2,83.7,83.11,83.24,2.62,83.24,2.2547200000000003,85.45472000000001,80.94528,False,NONE,-1.08,-4.32,0.03,0
2026-08-19,2026-08-19T09:40:47.003936,NTPC,337.0,339.35,336.0,337.05,2.12,337.05,7.009600000000001,344.0096,329.9904,False,NONE,-0.31,4.16,-0.07,0
2026-08-19,2026-08-19T09:40:47.003936,NYKAA,321.9,324.1,320.65,322.75,2.79,322.75,8.465969999999999,330.36596999999995,313.43403,False,NONE,0.26,5.22,-0.1,0
2026-08-19,2026-08-19T09:40:47.003936,OBEROIRLTY,1863.8,1878.5,1831.8,1871.8,3.27,1871.8,62.81006,1926.61006,1800.98994,False,NONE,0.54,-6.15,-0.1,14.29
2026-08-19,2026-08-19T09:40:47.003936,OFSS,11744.0,11820.0,11713.0,11798.0,3.65,11798.0,425.1328,12169.1328,11318.8672,False,NONE,1.41,1.94,0.37,0
2026-08-19,2026-08-19T09:40:47.003936,OIL,485.0,486.05,481.5,481.5,2.99,481.5,15.811,500.811,469.189,False,NONE,-0.2,-2.28,0.63,-3.64
2026-08-19,2026-08-19T09:40:47.003936,ONGC,241.0,242.61,240.1,241.2,1.93,241.2,4.6031,245.6031,236.3969,False,NONE,0.87,-2.15,-0.01,2.78
2026-08-19,2026-08-19T09:40:47.003936,PAGEIND,36480.0,36480.0,35755.0,35820.0,2.85,35820.0,1017.7919999999999,37497.792,35462.208,False,NONE,-1.54,-1.24,-0.56,-6.67
2026-08-19,2026-08-19T09:40:47.003936,PATANJALI,349.9,354.9,349.8,350.4,3.38,350.4,12.10654,362.00654,337.79346,False,NONE,0.07,3.55,-0.46,2.33
2026-08-19,2026-08-19T09:40:47.003936,PAYTM,1552.0,1575.0,1547.1,1572.1,3.42,1572.1,51.3712,1603.3712,1500.6288,False,NONE,1.18,4.32,0.23,-1.27
2026-08-19,2026-08-19T09:40:47.003936,PERSISTENT,5512.5,5587.5,5511.5,5531.5,3.51,5531.5,212.23125,5724.73125,5300.26875,False,NONE,1.18,11.42,0.77,-16.98
2026-08-19,2026-08-19T09:40:47.003936,PETRONET,285.0,289.35,285.0,289.25,2.49,289.25,9.2625,294.2625,275.7375,False,NONE,1.53,17.02,0.29,-9.18
2026-08-19,2026-08-19T09:40:47.003936,PFC,374.65,374.65,372.3,372.5,2.15,372.5,8.2423,382.8923,366.4077,False,NONE,-0.48,-2.55,-0.02,2
2026-08-19,2026-08-19T09:40:47.003936,PGEL,598.15,599.4,584.35,588.85,3.84,588.85,22.251179999999998,620.40118,575.89882,False,NONE,-1.52,7.33,0.15,1.67
2026-08-19,2026-08-19T09:40:47.003936,PHOENIXLTD,1950.5,1950.5,1910.0,1911.2,2.48,1911.2,46.0318,1996.5318,1904.4682,False,NONE,-1.53,3.7,-0.08,1.75
2026-08-19,2026-08-19T09:40:47.003936,PIDILITIND,1657.6,1668.7,1653.0,1660.5,1.9,1660.5,31.991679999999995,1689.59168,1625.6083199999998,False,NONE,-0.43,1.61,1.42,3.28
2026-08-19,2026-08-19T09:40:47.003936,PIIND,2511.0,2517.9,2493.0,2504.1,2.89,2504.1,73.8234,2584.8234,2437.1766,False,NONE,-0.04,3.66,0.26,-4.44
2026-08-19,2026-08-19T09:40:47.003936,PNB,116.33,116.92,116.23,116.57,2.69,116.57,3.245607,119.575607,113.08439299999999,False,NONE,-0.22,-3.89,0.06,0
2026-08-19,2026-08-19T09:40:47.003936,PNBHOUSING,1155.0,1155.0,1138.7,1140.7,2.76,1140.7,33.264,1188.264,1121.736,False,NONE,-0.31,-9.02,0.03,1.85
2026-08-19,2026-08-19T09:40:47.003936,POLICYBZR,1738.2,1788.0,1738.2,1788.0,3.82,1788.0,56.66532,1794.86532,1681.53468,False,NONE,2.05,16.32,1.3,-13.51
2026-08-19,2026-08-19T09:40:47.003936,POLYCAB,9050.0,9088.5,8958.5,9000.5,2.69,9000.5,248.875,9298.875,8801.125,False,NONE,-1.43,1.7,0.76,3.33
2026-08-19,2026-08-19T09:40:47.003936,POWERGRID,267.95,267.95,265.65,265.85,1.98,265.85,4.71592,272.66591999999997,263.23408,False,NONE,-0.99,3.5,0.16,0
2026-08-19,2026-08-19T09:40:47.003936,POWERINDIA,34765.0,35005.0,33720.0,33905.0,3.52,33905.0,1143.7685000000001,35908.7685,33621.2315,False,NONE,-3.94,12.39,-0.15,-1.11
2026-08-19,2026-08-19T09:40:47.003936,PREMIERENE,1013.2,1019.5,1010.5,1013.1,3.06,1013.1,30.69996,1043.89996,982.50004,False,NONE,-0.27,-0.84,0.09,3.03
2026-08-19,2026-08-19T09:40:47.003936,PRESTIGE,1582.2,1584.0,1569.4,1571.6,2.98,1571.6,48.09888,1630.29888,1534.10112,False,NONE,-1.7,3.67,0.05,-2.38
2026-08-19,2026-08-19T09:40:47.003936,RADICO,4682.1,4740.0,4682.1,4719.5,2.89,4719.5,152.16825,4834.26825,4529.931750000001,False,NONE,0.14,-6.36,0.98,0
2026-08-19,2026-08-19T09:40:47.003936,RBLBANK,383.85,383.85,379.5,379.9,2.76,379.9,11.170035,395.020035,372.67996500000004,False,NONE,-1,-1.21,-0.01,-2.94
2026-08-19,2026-08-19T09:40:47.003936,RECLTD,336.7,338.95,336.35,337.2,2.15,337.2,7.676759999999999,344.37676,329.02324,False,NONE,-0.41,-3.6,0,0
2026-08-19,2026-08-19T09:40:47.003936,RELIANCE,1321.0,1321.0,1312.5,1316.9,1.63,1316.9,22.7212,1343.7212,1298.2788,False,NONE,-0.27,-4.33,0.2,0
2026-08-19,2026-08-19T09:40:47.003936,RVNL,224.2,226.69,221.2,221.5,2.93,221.5,6.322439999999999,230.52244,217.87756,False,NONE,-1.35,2.96,-0.01,-4
2026-08-19,2026-08-19T09:40:47.003936,SAIL,170.55,170.55,169.9,170.0,2.8,170.0,4.7754,175.3254,165.77460000000002,False,NONE,-1.57,28.15,-0.02,0
2026-08-19,2026-08-19T09:40:47.003936,SBICARD,615.4,618.85,612.5,615.55,2.89,615.55,18.58508,633.9850799999999,596.81492,False,NONE,-0.1,-5.16,0.02,1.96
2026-08-19,2026-08-19T09:40:47.003936,SBILIFE,1771.2,1793.9,1757.2,1757.8,2.15,1757.8,48.176640000000006,1819.37664,1723.0233600000001,False,NONE,-1.27,2.9,0.22,0
2026-08-19,2026-08-19T09:40:47.003936,SBIN,1053.8,1053.8,1048.4,1049.9,2.14,1049.9,23.394360000000002,1077.19436,1030.40564,False,NONE,-0.42,-3.47,-0.02,0
2026-08-19,2026-08-19T09:40:47.003936,SENSEX,77402.1,77402.1,77222.95,77240.0,0.59,77240.0,456.67239,77858.77239000001,76945.42761,False,NONE,-0.35,0.57,0.86,-5.94
2026-08-19,2026-08-19T09:40:47.003936,SHREECEM,24575.0,24575.0,24255.0,24295.0,2.82,24295.0,496.415,25071.415,24078.585,False,NONE,-1.56,2.03,0.25,0
2026-08-19,2026-08-19T09:40:47.003936,SHRIRAMFIN,1113.5,1113.5,1097.6,1099.7,2.96,1099.7,33.405,1146.905,1080.095,False,NONE,-0.78,-2.15,0.53,0
2026-08-19,2026-08-19T09:40:47.003936,SIEMENS,3930.3,3949.4,3894.8,3904.8,2.8,3904.8,112.79961000000002,4043.09961,3817.50039,False,NONE,-1.27,0.64,-0.26,-1.69
2026-08-19,2026-08-19T09:40:47.003936,SOLARINDS,20050.0,20249.0,19709.0,19772.0,3.38,19772.0,695.735,20745.735,19354.265,False,NONE,-1.61,-3.95,0.61,-8.64
2026-08-19,2026-08-19T09:40:47.003936,SONACOMS,829.0,829.0,817.45,821.55,3.18,821.55,25.8648,854.8648,803.1352,False,NONE,-0.72,1.74,0.49,-4.41
2026-08-19,2026-08-19T09:40:47.003936,SRF,2632.5,2632.5,2603.8,2607.1,2.17,2607.1,58.441500000000005,2690.9415,2574.0585,False,NONE,-0.96,-2.64,0.07,0
2026-08-19,2026-08-19T09:40:47.003936,SUNPHARMA,1872.3,1898.4,1872.3,1891.0,1.87,1891.0,37.446,1909.7459999999999,1834.854,False,NONE,0.45,-6.25,0.05,1.92
2026-08-19,2026-08-19T09:40:47.003936,SUPREMEIND,3551.0,3620.7,3551.0,3587.8,2.47,3587.8,95.5219,3646.5219,3455.4781,False,NONE,-0.38,-3.72,0.22,1.56
2026-08-19,2026-08-19T09:40:47.003936,SUZLON,47.68,47.68,47.03,47.19,3.12,47.19,1.5400639999999999,49.220064,46.139936,False,NONE,-1.17,3.03,0.04,-2.44
2026-08-19,2026-08-19T09:40:47.003936,SWIGGY,276.15,276.8,270.05,271.45,4.22,271.45,12.53721,288.68721,263.61278999999996,False,NONE,-1.09,-2.38,0.1,-4.26
2026-08-19,2026-08-19T09:40:47.003936,TATACONSUM,1062.1,1071.0,1061.1,1066.2,2.29,1066.2,24.53451,1086.6345099999999,1037.56549,False,NONE,0.02,-4.18,0.07,-1.64
2026-08-19,2026-08-19T09:40:47.003936,TATAELXSI,3633.4,3671.9,3633.4,3647.6,2.99,3647.6,118.81218000000001,3752.21218,3514.58782,False,NONE,-0.24,-2.12,-0.38,28.26
2026-08-19,2026-08-19T09:40:47.003936,TATAPOWER,379.95,379.95,376.0,376.25,2.19,376.25,8.092934999999999,388.042935,371.857065,False,NONE,-0.96,4.13,-0.02,0
2026-08-19,2026-08-19T09:40:47.003936,TATASTEEL,184.44,185.07,182.71,182.98,2.54,182.98,4.79544,189.23544,179.64455999999998,False,NONE,-1.13,-1.19,-0.06,0
2026-08-19,2026-08-19T09:40:47.003936,TCS,2308.0,2308.0,2275.0,2294.3,2.67,2294.3,63.931599999999996,2371.9316,2244.0684,False,NONE,0.24,-1.34,0.11,-3.45
2026-08-19,2026-08-19T09:40:47.003936,TECHM,1605.0,1613.8,1595.1,1603.8,2.42,1603.8,39.483,1644.483,1565.517,False,NONE,0.31,1.96,0.4,0
2026-08-19,2026-08-19T09:40:47.003936,TIINDIA,2950.0,2960.3,2925.5,2946.0,3.48,2946.0,106.79,3056.79,2843.21,False,NONE,-0.75,-4.33,-0.88,3.77
2026-08-19,2026-08-19T09:40:47.003936,TITAN,5065.0,5076.2,5036.0,5050.0,1.77,5050.0,91.67649999999999,5156.6765,4973.3235,False,NONE,-0.26,-1.84,-0.44,-1.56
2026-08-19,2026-08-19T09:40:47.003936,TMPV,324.4,324.5,320.8,321.15,2.58,321.15,8.921,333.32099999999997,315.479,False,NONE,-0.91,-4.82,0.01,-1.82
2026-08-19,2026-08-19T09:40:47.003936,TORNTPHARM,4971.0,4999.5,4950.0,4959.5,2.49,4959.5,123.2808,5094.2808,4847.7192,False,NONE,-0.43,2.88,-0.14,1.56
2026-08-19,2026-08-19T09:40:47.003936,TRENT,2950.0,2959.4,2930.5,2942.1,2.73,2942.1,82.305,3032.305,2867.695,False,NONE,-0.43,-2.54,-0.06,0
2026-08-19,2026-08-19T09:40:47.003936,TVSMOTOR,4389.0,4393.6,4364.1,4376.8,2.4,4376.8,107.53050000000002,4496.5305,4281.4695,False,NONE,0.57,-0.54,0.19,-5.68
2026-08-19,2026-08-19T09:40:47.003936,ULTRACEMCO,11522.0,11522.0,11420.0,11450.0,2.09,11450.0,241.96200000000002,11763.962,11280.038,False,NONE,-0.82,1.28,-0.31,0
2026-08-19,2026-08-19T09:40:47.003936,UNIONBANK,185.1,187.76,185.1,185.81,2.96,185.81,5.77512,190.87511999999998,179.32488,False,NONE,-0.46,-4.06,-0.03,0
2026-08-19,2026-08-19T09:40:47.003936,UNITDSPR,1527.2,1531.5,1527.2,1530.4,2.32,1530.4,33.29296,1560.49296,1493.90704,False,NONE,0.14,1.78,0.03,-3.45
2026-08-19,2026-08-19T09:40:47.003936,UNOMINDA,1283.0,1283.0,1261.9,1275.0,2.65,1275.0,31.0486,1314.0486,1251.9514,False,NONE,-0.23,7.07,0.16,-7.41
2026-08-19,2026-08-19T09:40:47.003936,UPL,558.15,562.0,557.65,559.0,2.48,559.0,13.95375,572.10375,544.19625,False,NONE,-0.17,2.27,0.01,4
2026-08-19,2026-08-19T09:40:47.003936,VBL,437.0,439.6,437.0,437.2,2.54,437.2,11.056099999999999,448.0561,425.9439,False,NONE,-0.38,-1.3,-0.09,0
2026-08-19,2026-08-19T09:40:47.003936,VEDL,264.6,265.0,261.65,262.3,3.15,262.3,8.83764,273.43764000000004,255.76236000000003,False,NONE,-1.21,-0.17,-0.26,0
2026-08-19,2026-08-19T09:40:47.003936,VMM,103.68,104.31,103.31,103.69,3.1,103.69,11.850624,115.530624,91.82937600000001,False,NONE,-0.26,-1.43,-0.09,2.63
2026-08-19,2026-08-19T09:40:47.003936,VOLTAS,1248.0,1248.0,1230.2,1232.8,3.12,1232.8,38.313599999999994,1286.3136,1209.6864,False,NONE,-1.38,-0.6,2.78,4.44
2026-08-19,2026-08-19T09:40:47.003936,WAAREEENER,2676.9,2709.9,2676.9,2686.0,2.72,2686.0,70.67016000000001,2747.57016,2606.22984,False,NONE,-0.64,2.86,0.27,1.89
2026-08-19,2026-08-19T09:40:47.003936,WIPRO,179.5,180.07,177.96,180.0,2.54,180.0,4.7388,184.2388,174.7612,False,NONE,0.7,-1.74,-0.03,1.52
2026-08-19,2026-08-19T09:40:47.003936,YESBANK,22.52,22.62,22.4,22.57,3.19,22.57,0.6508280000000001,23.170828,21.869172,False,NONE,0.18,-3.21,0.26,1.92
2026-08-19,2026-08-19T09:40:47.003936,ZYDUSLIFE,1121.0,1126.8,1115.6,1116.1,2.57,1116.1,29.5944,1150.5944,1091.4056,False,NONE,-0.33,-3.73,-0.1,0
2026-08-19,2026-08-19T09:56:11.666385,360ONE,1165.0,1179.0,1160.1,1176.7,3.08,1176.7,32.969500000000004,1197.9695,1132.0305,False,NONE,0.6,-0.1,-1.1,-5.56
2026-08-19,2026-08-19T09:56:11.666385,ABB,7546.0,7559.0,7415.0,7453.0,2.87,7453.0,218.07940000000002,7764.0794,7327.9206,False,NONE,-1.75,-1.46,-0.6,-1.96
2026-08-19,2026-08-19T09:56:11.666385,ABCAPITAL,401.6,401.7,395.8,397.0,2.53,397.0,10.6424,412.24240000000003,390.9576,False,NONE,-1.32,-1.84,0.18,-2.74
2026-08-19,2026-08-19T09:56:11.666385,ADANIENSOL,1590.0,1590.0,1548.0,1563.0,4.02,1563.0,60.897,1650.897,1529.103,False,NONE,-2.59,13.1,0.33,0
2026-08-19,2026-08-19T09:56:11.666385,ADANIENT,3005.0,3010.7,2984.9,2997.7,2.84,2997.7,86.544,3091.544,2918.456,False,NONE,-0.45,1.24,-0.04,0
2026-08-19,2026-08-19T09:56:11.666385,ADANIGREEN,1310.0,1310.0,1281.5,1285.8,3.33,1285.8,42.575,1352.575,1267.425,False,NONE,-2.06,1.94,-0.13,0
2026-08-19,2026-08-19T09:56:11.666385,ADANIPORTS,1691.5,1691.5,1671.4,1675.5,2.23,1675.5,38.05875,1729.55875,1653.44125,False,NONE,-0.65,-1.04,-0.09,-1.89
2026-08-19,2026-08-19T09:56:11.666385,ADANIPOWER,206.13,206.26,202.65,203.25,3.14,203.25,7.42068,213.55068,198.70932,False,NONE,-1.68,-7.06,0.07,2.13
2026-08-19,2026-08-19T09:56:11.666385,ALKEM,5420.0,5482.5,5420.0,5481.0,2.41,5481.0,122.49199999999999,5542.492,5297.508,False,NONE,0.17,2.41,0.77,2.27
2026-08-19,2026-08-19T09:56:11.666385,AMBER,7385.0,7385.0,7211.5,7271.0,3.13,7271.0,219.33450000000002,7604.3345,7165.6655,False,NONE,-1.46,11.69,-0.68,-6.56
2026-08-19,2026-08-19T09:56:11.666385,AMBUJACEM,410.6,411.3,407.5,409.0,2.16,409.0,8.910020000000001,419.51002,401.68998000000005,False,NONE,-0.76,-3.43,0.02,-1.85
2026-08-19,2026-08-19T09:56:11.666385,ANGELONE,290.5,294.0,288.8,290.5,3.53,290.5,10.458,300.958,280.042,False,NONE,-0.21,-1.55,0.66,0
2026-08-19,2026-08-19T09:56:11.666385,APLAPOLLO,2105.0,2111.5,2098.4,2111.0,2.24,2111.0,48.204499999999996,2153.2045,2056.7955,False,NONE,-0.3,8.98,0.33,0
2026-08-19,2026-08-19T09:56:11.666385,APOLLOHOSP,8840.0,8840.0,8758.0,8789.0,1.66,8789.0,150.28,8990.28,8689.72,False,NONE,-0.47,-3.59,-0.19,-2.7
2026-08-19,2026-08-19T09:56:11.666385,ASHOKLEY,174.3,176.08,174.16,175.3,2.76,175.3,5.00241,179.30241,169.29759,False,NONE,-0.65,-1.73,0.36,1.47
2026-08-19,2026-08-19T09:56:11.666385,ASIANPAINT,2620.0,2640.0,2610.0,2633.1,2.25,2633.1,59.211999999999996,2679.212,2560.788,False,NONE,0.22,-2.02,0.02,0
2026-08-19,2026-08-19T09:56:11.666385,ASTRAL,1539.8,1543.3,1512.0,1532.5,2.41,1532.5,36.49326,1576.29326,1503.30674,False,NONE,0.37,3.86,0.08,-3.51
2026-08-19,2026-08-19T09:56:11.666385,AUBANK,1075.0,1075.5,1064.3,1069.5,2.7,1069.5,30.2075,1105.2075,1044.7925,False,NONE,-0.59,-2.17,0.04,-4.11
2026-08-19,2026-08-19T09:56:11.666385,AUROPHARMA,1638.1,1641.8,1631.1,1637.2,2.69,1637.2,45.70299,1683.80299,1592.39701,False,NONE,-0.24,-3.31,-0.07,0
2026-08-19,2026-08-19T09:56:11.666385,AXISBANK,1244.0,1244.1,1232.0,1241.3,1.88,1241.3,24.7556,1268.7556,1219.2444,False,NONE,-0.58,-4.41,-0.08,-3.33
2026-08-19,2026-08-19T09:56:11.666385,BAJAJ-AUTO,11620.0,11621.0,11541.0,11591.0,2.09,11591.0,246.34400000000002,11866.344,11373.656,False,NONE,-0.34,-1.58,0.34,5.41
2026-08-19,2026-08-19T09:56:11.666385,BAJAJFINSV,2000.0,2004.4,1990.3,2004.1,2.22,2004.1,44.6,2044.6,1955.4,False,NONE,-0.34,6.64,-0.12,4
2026-08-19,2026-08-19T09:56:11.666385,BAJAJHLDNG,11288.0,11335.0,11263.0,11312.0,2.37,11312.0,261.8816,11549.8816,11026.1184,False,NONE,0.34,16.3,-0.04,0
2026-08-19,2026-08-19T09:56:11.666385,BAJFINANCE,1091.2,1091.2,1081.1,1087.8,2.3,1087.8,26.1888,1117.3888,1065.0112000000001,False,NONE,-0.51,-2.85,-0.16,-1.3
2026-08-19,2026-08-19T09:56:11.666385,BANDHANBNK,170.2,170.2,167.81,168.68,2.3,168.68,5.14004,175.34004,165.05996,False,NONE,-1.56,-17.46,0.01,0
2026-08-19,2026-08-19T09:56:11.666385,BANKBARODA,244.0,245.4,243.35,245.21,2.47,245.21,6.4172,250.4172,237.5828,False,NONE,0.45,-7.11,0.18,0
2026-08-19,2026-08-19T09:56:11.666385,BANKEX,65514.65,65514.65,65514.65,65514.65,1.58,65514.65,1133.4034450000001,66648.053445,64381.246555,False,NONE,-,28.02,0,4.3
2026-08-19,2026-08-19T09:56:11.666385,BANKINDIA,142.65,143.32,141.91,143.1,2.86,143.1,4.47921,147.12921,138.17079,False,NONE,0.38,-3.31,0.06,1.3
2026-08-19,2026-08-19T09:56:11.666385,BANKNIFTY,57402.0,57402.0,57151.0,57333.2,1.28,57333.2,757.7064,58159.7064,56644.2936,False,NONE,-0.17,0.49,0.44,1.43
2026-08-19,2026-08-19T09:56:11.666385,BDL,1405.0,1405.0,1361.0,1370.6,3.48,1370.6,51.00149999999999,1456.0015,1353.9985,False,NONE,-2.23,-3.06,0.13,-10
2026-08-19,2026-08-19T09:56:11.666385,BEL,414.0,414.0,406.7,408.15,2.46,408.15,10.2258,424.2258,403.7742,False,NONE,-1.22,3.31,-0.76,-1.41
2026-08-19,2026-08-19T09:56:11.666385,BHARATFORG,2093.4,2093.4,2058.6,2073.6,2.59,2073.6,56.521800000000006,2149.9218,2036.8782,False,NONE,-0.81,-3.72,0.21,0
2026-08-19,2026-08-19T09:56:11.666385,BHARTIARTL,1935.0,1945.0,1931.1,1941.5,1.77,1941.5,34.83,1969.83,1900.17,False,NONE,-0.07,-3.43,0.24,-2.38
2026-08-19,2026-08-19T09:56:11.666385,BHEL,424.3,424.3,414.3,416.0,3.44,416.0,14.765640000000001,439.06564000000003,409.53436,False,NONE,-2.14,-0.18,0.63,-3.7
2026-08-19,2026-08-19T09:56:11.666385,BIOCON,416.6,417.65,414.3,416.55,2.53,416.55,10.53998,427.13998000000004,406.06002,False,NONE,-0.75,-,-0.23,-1.37
2026-08-19,2026-08-19T09:56:11.666385,BLUESTARCO,1488.3,1493.3,1476.0,1481.8,2.83,1481.8,42.11889,1530.41889,1446.18111,False,NONE,-0.67,-5.68,1.24,4.76
2026-08-19,2026-08-19T09:56:11.666385,BOSCHLTD,48840.0,49100.0,48685.0,48795.0,2.39,48795.0,1191.696,50031.695999999996,47648.304000000004,False,NONE,0.05,4.77,0.8,-1.75
2026-08-19,2026-08-19T09:56:11.666385,BPCL,310.7,311.55,308.2,308.75,2.46,308.75,8.01606,318.71605999999997,302.68394,False,NONE,-0.98,1.83,0.76,-1.67
2026-08-19,2026-08-19T09:56:11.666385,BRITANNIA,5460.0,5540.0,5460.0,5538.0,1.97,5538.0,105.37799999999999,5565.378,5354.622,False,NONE,0.66,-2.96,0.55,5.88
2026-08-19,2026-08-19T09:56:11.666385,BSE,3319.0,3325.7,3293.3,3312.2,3.34,3312.2,116.165,3435.165,3202.835,False,NONE,-0.21,-2.29,0.38,0
2026-08-19,2026-08-19T09:56:11.666385,CAMS,760.0,763.0,753.95,761.95,2.63,761.95,20.216,780.216,739.784,False,NONE,0.31,-4.78,0.13,0
2026-08-19,2026-08-19T09:56:11.666385,CANBK,129.4,129.47,128.17,129.35,2.8,129.35,3.8820000000000006,133.282,125.518,False,NONE,0.26,-1.89,0.04,2.63
2026-08-19,2026-08-19T09:56:11.666385,CDSL,1338.0,1345.9,1335.7,1343.0,2.72,1343.0,36.5274,1374.5274,1301.4726,False,NONE,-0.16,-1.78,-0.28,-1.69
2026-08-19,2026-08-19T09:56:11.666385,CGPOWER,886.0,886.0,863.0,866.5,3.29,866.5,29.3266,915.3266,856.6734,False,NONE,-2.65,8.23,0.85,4
2026-08-19,2026-08-19T09:56:11.666385,CHOLAFIN,1870.1,1870.1,1855.3,1868.0,2.67,1868.0,57.786089999999994,1927.88609,1812.3139099999999,False,NONE,-0.41,2.43,-0.08,1.59
2026-08-19,2026-08-19T09:56:11.666385,CIPLA,1424.8,1431.9,1420.6,1431.6,2.06,1431.6,31.20312,1456.0031199999999,1393.59688,False,NONE,0.15,0.81,-0.06,1.82
2026-08-19,2026-08-19T09:56:11.666385,COALINDIA,407.2,408.85,401.3,402.4,1.98,402.4,8.06256,415.26256,399.13743999999997,False,NONE,-1.43,5.26,0.06,0
2026-08-19,2026-08-19T09:56:11.666385,COCHINSHIP,1509.0,1509.0,1475.4,1481.0,2.81,1481.0,47.080799999999996,1556.0808,1461.9192,False,NONE,-0.9,-5.91,0.48,-3.03
2026-08-19,2026-08-19T09:56:11.666385,COFORGE,1796.8,1816.5,1788.8,1810.1,3.27,1810.1,58.75536,1855.55536,1738.0446399999998,False,NONE,1.87,12.01,-0.25,-3.19
2026-08-19,2026-08-19T09:56:11.666385,COLPAL,1903.0,1913.2,1894.1,1896.5,2.24,1896.5,42.6272,1945.6272,1860.3728,False,NONE,-0.48,2.26,0.68,-5.45
2026-08-19,2026-08-19T09:56:11.666385,CONCOR,517.1,519.5,515.2,517.65,2.37,517.65,12.77237,529.87237,504.32763,False,NONE,-0.54,-5.6,0.2,-1.92
2026-08-19,2026-08-19T09:56:11.666385,CROMPTON,246.3,247.3,242.4,243.6,3.12,243.6,7.29048,253.59048,239.00952,False,NONE,-0.49,3,-0.01,-1.72
2026-08-19,2026-08-19T09:56:11.666385,CUMMINSIND,5330.0,5387.0,5266.0,5284.5,2.84,5284.5,148.174,5478.174,5181.826,False,NONE,-1.92,3.57,0.11,-4.84
2026-08-19,2026-08-19T09:56:11.666385,DABUR,402.9,402.9,400.65,402.4,2.02,402.4,8.13858,411.03857999999997,394.76142,False,NONE,-0.15,-2.01,0.11,0
2026-08-19,2026-08-19T09:56:11.666385,DALBHARAT,1835.2,1856.6,1830.7,1842.6,2.67,1842.6,50.10096000000001,1885.30096,1785.09904,False,NONE,-0.29,3.41,-0.19,17.24
2026-08-19,2026-08-19T09:56:11.666385,DELHIVERY,452.15,452.45,448.2,450.7,2.44,450.7,10.942029999999999,463.09202999999997,441.20797,False,NONE,-0.18,0.22,-0.19,1.69
2026-08-19,2026-08-19T09:56:11.666385,DIVISLAB,8599.5,8599.5,8513.0,8549.5,2.19,8549.5,204.66809999999998,8804.1681,8394.8319,False,NONE,-0.37,-2.02,0.05,2.3
2026-08-19,2026-08-19T09:56:11.666385,DIXON,14130.0,14212.0,14037.0,14179.0,3.47,14179.0,453.57300000000004,14583.573,13676.427,False,NONE,-0.04,5.06,-0.12,0
2026-08-19,2026-08-19T09:56:11.666385,DLF,673.5,673.5,658.0,666.85,3.13,666.85,20.3397,693.8397,653.1603,False,NONE,-0.41,5.58,0.5,-3.08
2026-08-19,2026-08-19T09:56:11.666385,DMART,4009.5,4011.0,3974.6,3991.3,2.3,3991.3,94.6242,4104.1242,3914.8758,False,NONE,0.08,-0.87,-0.12,-1.67
2026-08-19,2026-08-19T09:56:11.666385,DRREDDY,1176.0,1183.8,1174.8,1182.7,1.97,1182.7,23.7552,1199.7552,1152.2448,False,NONE,0.18,-6.41,-0.44,7.27
2026-08-19,2026-08-19T09:56:11.666385,EICHERMOT,8050.0,8050.0,7992.0,8006.0,1.94,8006.0,157.78,8207.78,7892.22,False,NONE,-0.63,1.42,-0.06,-1.14
2026-08-19,2026-08-19T09:56:11.666385,ETERNAL,314.05,319.7,314.05,318.5,3.09,318.5,9.60993,323.65993000000003,304.44007,False,NONE,0.43,5.7,0.39,-1.56
2026-08-19,2026-08-19T09:56:11.666385,FEDERALBNK,357.3,358.75,356.05,358.2,2.11,358.2,7.82487,365.12487,349.47513000000004,False,NONE,-0.22,-1.65,-0.12,0
2026-08-19,2026-08-19T09:56:11.666385,FINNIFTY,26027.2,26100.0,26020.0,26071.8,1.34,26071.8,366.98352,26394.183520000002,25660.21648,False,NONE,-0.41,-,-0.58,-7.25
2026-08-19,2026-08-19T09:56:11.666385,FOCIT,36896.0,36970.0,36888.0,36917.0,2.26,36917.0,1003.5712000000001,37899.5712,35892.4288,False,NONE,0,1.64,0,-1.27
2026-08-19,2026-08-19T09:56:11.666385,FORCEMOT,18228.0,18248.0,17914.0,18003.0,3.41,18003.0,610.638,18838.638,17617.362,False,NONE,-1.09,-3.39,0.86,2.13
2026-08-19,2026-08-19T09:56:11.666385,FORTIS,925.0,925.0,912.05,923.4,2.49,923.4,22.8475,947.8475,902.1525,False,NONE,0.35,1.64,0.24,0
2026-08-19,2026-08-19T09:56:11.666385,GAIL,172.2,173.38,171.8,172.32,2.22,172.32,4.11558,176.31557999999998,168.08442,False,NONE,0.3,-5.12,-0.08,2.86
2026-08-19,2026-08-19T09:56:11.666385,GLENMARK,2301.3,2319.0,2259.1,2290.9,2.36,2290.9,52.00938,2353.30938,2249.29062,False,NONE,-1.12,0.31,-0.25,-1.72
2026-08-19,2026-08-19T09:56:11.666385,GMRAIRPORT,102.01,103.44,101.87,102.0,2.67,102.0,2.9174860000000002,104.927486,99.09251400000001,False,NONE,0.04,4,0.23,-4.84
2026-08-19,2026-08-19T09:56:11.666385,GODFRYPHLP,2114.7,2141.9,2112.6,2136.9,3.93,2136.9,79.08978,2193.7897799999996,2035.6102199999998,False,NONE,1.23,3.88,0.26,2.44
2026-08-19,2026-08-19T09:56:11.666385,GODREJCP,934.5,938.5,929.3,936.5,2.4,936.5,23.269050000000004,957.76905,911.23095,False,NONE,0.18,-3.82,-0.13,0
2026-08-19,2026-08-19T09:56:11.666385,GODREJPROP,2016.0,2016.0,1972.1,1995.4,3.2,1995.4,63.504,2079.504,1952.496,False,NONE,-0.83,2.65,0,1.79
2026-08-19,2026-08-19T09:56:11.666385,GRASIM,3272.3,3272.3,3253.9,3261.6,2.26,3261.6,76.89905,3349.19905,3195.40095,False,NONE,-0.35,-6.21,0.4,0
2026-08-19,2026-08-19T09:56:11.666385,GVT&D,4145.0,4145.0,4042.5,4055.0,4.25,4055.0,161.655,4306.655,3983.345,False,NONE,-3.51,20.33,0.36,10.53
2026-08-19,2026-08-19T09:56:11.666385,HAL,5081.0,5099.6,5012.1,5037.4,2.75,5037.4,138.7113,5219.7113,4942.2887,False,NONE,-1,-3.68,0.23,1.41
2026-08-19,2026-08-19T09:56:11.666385,HAVELLS,1290.2,1305.0,1286.6,1293.3,2.42,1293.3,31.22284,1321.42284,1258.9771600000001,False,NONE,0.17,3.32,0.29,2.17
2026-08-19,2026-08-19T09:56:11.666385,HCLTECH,1311.2,1324.0,1311.2,1313.0,2.83,1313.0,38.81152,1350.01152,1272.38848,False,NONE,0.62,-0.07,-0.25,-3.08
2026-08-19,2026-08-19T09:56:11.666385,HDFCAMC,2515.9,2533.7,2501.5,2528.7,2.7,2528.7,62.39432,2578.29432,2453.50568,False,NONE,0.54,0.41,-0.13,4.29
2026-08-19,2026-08-19T09:56:11.666385,HDFCBANK,724.6,726.0,720.1,721.1,2.01,721.1,15.941200000000002,740.5412,708.6588,False,NONE,-0.41,-8.13,-0.05,-1.92
2026-08-19,2026-08-19T09:56:11.666385,HDFCLIFE,538.35,539.55,534.85,536.05,2.19,536.05,12.005205,550.3552050000001,526.344795,False,NONE,-0.58,4.01,0.03,0
2026-08-19,2026-08-19T09:56:11.666385,HEROMOTOCO,5680.0,5747.5,5680.0,5717.5,2.5,5717.5,140.864,5820.864,5539.136,False,NONE,-0.17,0.42,0.92,-1.12
2026-08-19,2026-08-19T09:56:11.666385,HINDALCO,1028.0,1032.0,1025.0,1031.8,2.56,1031.8,25.5972,1053.5972,1002.4028,False,NONE,-0.94,1.34,-0.05,1.64
2026-08-19,2026-08-19T09:56:11.666385,HINDPETRO,367.95,367.95,365.65,367.0,2.66,367.0,10.339395,378.289395,357.61060499999996,False,NONE,-0.26,-4.93,-0.15,-1.82
2026-08-19,2026-08-19T09:56:11.666385,HINDUNILVR,2037.3,2043.0,2030.1,2032.8,1.79,2032.8,38.7087,2076.0087,1998.5913,False,NONE,-0.43,-3.68,0.42,-1.75
2026-08-19,2026-08-19T09:56:11.666385,HINDZINC,549.0,554.4,549.0,552.1,2.8,552.1,16.9641,565.9641,532.0359,False,NONE,-1.19,-7.39,-0.1,3.77
2026-08-19,2026-08-19T09:56:11.666385,HYUNDAI,2184.2,2184.2,2168.0,2178.2,2.61,2178.2,60.72075999999999,2244.92076,2123.4792399999997,False,NONE,-0.83,-3.55,0.09,-2.2
2026-08-19,2026-08-19T09:56:11.666385,ICICIBANK,1415.2,1417.7,1406.4,1409.3,1.7,1409.3,25.04904,1440.2490400000002,1390.15096,False,NONE,-0.42,-5.84,0.19,-3.28
2026-08-19,2026-08-19T09:56:11.666385,ICICIGI,1625.4,1633.1,1621.0,1628.1,2.34,1628.1,39.334680000000006,1664.73468,1586.0653200000002,False,NONE,-0.32,-1.11,0.03,1.72
2026-08-19,2026-08-19T09:56:11.666385,ICICIPRULI,502.9,504.15,494.75,495.55,2.67,495.55,12.069599999999998,514.9696,490.8304,False,NONE,-1.14,9.38,0.01,-3.12
2026-08-19,2026-08-19T09:56:11.666385,IDEA,14.17,14.25,13.99,14.03,3.71,14.03,0.5327919999999999,14.702792,13.637208,False,NONE,-0.85,6.11,0.03,0
2026-08-19,2026-08-19T09:56:11.666385,IDFCFIRSTB,85.7,85.7,85.15,85.3,2.31,85.3,2.20249,87.90249,83.49751,False,NONE,0.31,-1.07,0.04,1.35
2026-08-19,2026-08-19T09:56:11.666385,IEX,124.15,124.16,122.2,123.54,2.71,123.54,3.389295,127.53929500000001,120.760705,False,NONE,-0.14,-3.1,-0.01,-1.75
2026-08-19,2026-08-19T09:56:11.666385,INDHOTEL,716.75,718.65,714.75,717.65,2.08,717.65,15.410125,732.160125,701.339875,False,NONE,-0.06,-2.82,-0.13,0
2026-08-19,2026-08-19T09:56:11.666385,INDIANB,878.0,878.0,867.35,874.7,2.77,874.7,25.901000000000003,903.901,852.099,False,NONE,-0.38,-3.82,0.35,2.74
2026-08-19,2026-08-19T09:56:11.666385,INDIGO,5170.0,5220.0,5165.0,5191.0,2.49,5191.0,140.107,5310.107,5029.893,False,NONE,-0.5,-5.82,0.31,3.28
2026-08-19,2026-08-19T09:56:11.666385,INDUSINDBK,1014.0,1014.0,1009.1,1011.1,2.31,1011.1,23.0178,1037.0178,990.9822,False,NONE,-0.36,-0.23,0.03,-5.88
2026-08-19,2026-08-19T09:56:11.666385,INDUSTOWER,373.05,374.8,369.75,373.15,2.49,373.15,9.99774,383.04774000000003,363.05226,False,NONE,-0.43,-9.52,-0.16,-1.61
2026-08-19,2026-08-19T09:56:11.666385,INFY,1127.1,1137.3,1127.1,1128.9,2.88,1128.9,34.71468,1161.81468,1092.3853199999999,False,NONE,0.81,0.67,0.1,0
2026-08-19,2026-08-19T09:56:11.666385,INOXWIND,74.95,74.99,73.8,74.77,3.68,74.77,3.13291,78.08291,71.81709000000001,False,NONE,-0.25,-1.6,0.74,1.96
2026-08-19,2026-08-19T09:56:11.666385,IOC,136.9,138.09,136.9,137.61,2.09,137.61,3.6552300000000004,140.55523,133.24477000000002,False,NONE,-0.1,-7.49,0.02,-1.23
2026-08-19,2026-08-19T09:56:11.666385,IREDA,113.76,114.95,113.23,114.5,2.85,114.5,3.3331680000000006,117.093168,110.426832,False,NONE,0.44,-1.87,0.84,0
2026-08-19,2026-08-19T09:56:11.666385,IRFC,85.86,87.0,85.11,85.61,2.63,85.61,2.2066019999999997,88.066602,83.653398,False,NONE,-0.43,-1.02,0.23,-1.82
2026-08-19,2026-08-19T09:56:11.666385,ITC,269.75,271.25,269.6,270.55,1.81,270.55,5.098275,274.848275,264.651725,False,NONE,-0.11,-4.72,0.09,0
2026-08-19,2026-08-19T09:56:11.666385,JINDALSTEL,1097.0,1106.9,1093.1,1106.7,2.37,1106.7,26.327999999999996,1123.328,1070.672,False,NONE,0.43,-0.62,-0.06,0
2026-08-19,2026-08-19T09:56:11.666385,JIOFIN,245.35,246.15,244.05,245.05,2.78,245.05,7.286895,252.63689499999998,238.063105,False,NONE,-0.14,-10.33,0.07,2.22
2026-08-19,2026-08-19T09:56:11.666385,JSWENERGY,548.05,548.1,543.4,546.25,2.19,546.25,12.659955,560.7099549999999,535.390045,False,NONE,-0.84,-4.18,0.03,-1.54
2026-08-19,2026-08-19T09:56:11.666385,JSWSTEEL,1270.1,1272.0,1262.7,1272.0,2.34,1272.0,28.32323,1298.4232299999999,1241.77677,False,NONE,0.09,1.06,-0.05,0
2026-08-19,2026-08-19T09:56:11.666385,JUBLFOOD,502.4,504.7,501.3,503.9,2.7,503.9,13.815999999999999,516.216,488.584,False,NONE,0.09,-1.66,0.22,-1.59
2026-08-19,2026-08-19T09:56:11.666385,KALYANKJIL,602.0,603.55,588.3,589.5,4.3,589.5,27.09,629.09,574.91,False,NONE,-2.58,1.89,-1.35,-4.29
2026-08-19,2026-08-19T09:56:11.666385,KAYNES,3659.1,3687.1,3640.0,3685.2,4.21,3685.2,155.14584000000002,3814.24584,3503.95416,False,NONE,0.88,-2.24,0.52,2.7
2026-08-19,2026-08-19T09:56:11.666385,KEI,5780.1,5780.1,5648.1,5689.3,2.9,5689.3,158.95275,5939.052750000001,5621.14725,False,NONE,-1.42,6.45,-0.23,-1.16
2026-08-19,2026-08-19T09:56:11.666385,KFINTECH,947.75,955.2,941.05,950.9,3.62,950.9,29.759349999999998,977.50935,917.99065,False,NONE,0.32,6.51,0.04,-3.85
2026-08-19,2026-08-19T09:56:11.666385,KOTAKBANK,388.5,389.15,386.8,389.15,1.97,389.15,8.0031,396.5031,380.4969,False,NONE,0.05,-6.45,-0.16,5.08
2026-08-19,2026-08-19T09:56:11.666385,KPITTECH,604.5,609.45,594.65,598.65,3.28,598.65,20.069399999999998,624.5694,584.4306,False,NONE,-0.14,3.51,0.08,-6.25
2026-08-19,2026-08-19T09:56:11.666385,LAURUSLABS,1805.0,1816.0,1792.9,1800.0,2.39,1800.0,46.0275,1851.0275,1758.9725,False,NONE,-0.89,-4.28,-0.18,1.23
2026-08-19,2026-08-19T09:56:11.666385,LICHSGFIN,490.9,491.15,487.5,490.9,2.08,490.9,10.947069999999998,501.84707,479.95293,False,NONE,-0.38,-2.14,-0.7,-1.37
2026-08-19,2026-08-19T09:56:11.666385,LICI,411.0,413.75,410.95,413.65,1.92,413.65,8.5488,419.5488,402.4512,False,NONE,0.68,9.96,-0.24,0
2026-08-19,2026-08-19T09:56:11.666385,LODHA,1222.0,1222.0,1194.6,1212.0,3.57,1212.0,43.8698,1265.8698,1178.1302,False,NONE,-0.29,-4.61,0.55,-4.69
2026-08-19,2026-08-19T09:56:11.666385,LT,4068.1,4073.8,4033.0,4044.7,1.81,4044.7,77.2939,4145.3939,3990.8061,False,NONE,-0.6,-3.97,-0.07,-1.52
2026-08-19,2026-08-19T09:56:11.666385,LTF,326.4,326.65,314.0,315.4,3.62,315.4,11.06496,337.46495999999996,315.33504,False,NONE,-3.21,12.05,1.92,-16.46
2026-08-19,2026-08-19T09:56:11.666385,LTM,4610.0,4651.5,4599.0,4637.4,3.64,4637.4,162.27200000000002,4772.272,4447.728,False,NONE,1.09,8.33,-0.32,-1.92
2026-08-19,2026-08-19T09:56:11.666385,LUPIN,2241.5,2241.5,2220.8,2232.2,1.93,2232.2,44.83,2286.33,2196.67,False,NONE,0.11,-3.38,-0.07,2.33
2026-08-19,2026-08-19T09:56:11.666385,M&M,3411.0,3411.0,3378.1,3403.0,2.18,3403.0,78.45299999999999,3489.453,3332.547,False,NONE,-0.42,-3,0.06,0
2026-08-19,2026-08-19T09:56:11.666385,MANAPPURAM,344.0,344.0,342.45,342.95,3,342.95,12.005600000000001,356.0056,331.9944,False,NONE,-0.75,-44.02,-0.1,2.08
2026-08-19,2026-08-19T09:56:11.666385,MANKIND,2390.0,2428.0,2390.0,2412.6,2.81,2412.6,72.895,2462.895,2317.105,False,NONE,0.67,18.02,0.11,-10
2026-08-19,2026-08-19T09:56:11.666385,MARICO,848.4,854.05,839.9,853.2,2.04,853.2,17.30736,865.70736,831.09264,False,NONE,0.83,2.96,-0.47,-3.39
2026-08-19,2026-08-19T09:56:11.666385,MARUTI,13738.0,13738.0,13631.0,13683.0,2.08,13683.0,300.8622,14038.8622,13437.1378,False,NONE,-0.52,-5.24,0.55,0
2026-08-19,2026-08-19T09:56:11.666385,MAXHEALTH,1018.2,1018.2,1005.0,1008.1,2.66,1008.1,28.204140000000002,1046.40414,989.99586,False,NONE,-0.72,-3.56,-0.04,-1.85
2026-08-19,2026-08-19T09:56:11.666385,MAZDOCK,2600.0,2606.7,2546.3,2557.7,3.18,2557.7,89.18,2689.18,2510.82,False,NONE,-1.41,-1.5,-0.34,-1.92
2026-08-19,2026-08-19T09:56:11.666385,MCX,3058.0,3067.7,2991.0,3005.9,3.56,3005.9,113.146,3171.146,2944.854,False,NONE,-1.02,3.26,1.25,-13.4
2026-08-19,2026-08-19T09:56:11.666385,MFSL,1581.0,1581.0,1560.0,1562.3,2.59,1562.3,41.7384,1622.7384,1539.2616,False,NONE,-1.13,3.53,0.06,-7.69
2026-08-19,2026-08-19T09:56:11.666385,MIDCPNIFTY,14832.55,14898.1,14798.95,14852.55,1.27,14852.55,191.33989499999998,15023.889894999998,14641.210105,False,NONE,-0.14,2.16,8.26,1.15
2026-08-19,2026-08-19T09:56:11.666385,MOTHERSON,171.05,171.05,169.51,170.96,2.87,170.96,5.02887,176.07887000000002,166.02113,False,NONE,0.51,0.11,0.71,1.89
2026-08-19,2026-08-19T09:56:11.666385,MOTILALOFS,940.2,943.1,930.3,939.0,2.65,939.0,26.41962,966.61962,913.78038,False,NONE,-0.33,3.14,0.2,4.17
2026-08-19,2026-08-19T09:56:11.666385,MPHASIS,2458.0,2477.2,2438.0,2441.9,3.46,2441.9,87.0132,2545.0132,2370.9868,False,NONE,-0.28,3.79,0.01,-8.16
2026-08-19,2026-08-19T09:56:11.666385,MUTHOOTFIN,2889.9,2890.1,2855.1,2873.0,2.61,2873.0,77.44932,2967.3493200000003,2812.45068,False,NONE,-1.06,2.29,0.39,0
2026-08-19,2026-08-19T09:56:11.666385,NAM-INDIA,1182.0,1190.8,1174.8,1188.7,3.26,1188.7,37.1148,1219.1148,1144.8852,False,NONE,0.94,9.49,11.91,-2.63
2026-08-19,2026-08-19T09:56:11.666385,NATIONALUM,380.05,382.9,378.15,380.35,3.43,380.35,14.251875,394.301875,365.798125,False,NONE,-1.57,-6.27,-0.53,1.64
2026-08-19,2026-08-19T09:56:11.666385,NAUKRI,1358.8,1372.0,1358.8,1371.2,3.1,1371.2,38.99756,1397.79756,1319.80244,False,NONE,1.35,8.12,5.21,-10
2026-08-19,2026-08-19T09:56:11.666385,NBCC,87.6,87.86,86.94,87.64,3.11,87.64,2.88204,90.48204,84.71795999999999,False,NONE,-0.39,-2.78,-0.2,0
2026-08-19,2026-08-19T09:56:11.666385,NESTLEIND,1472.4,1480.3,1463.5,1477.8,2.18,1477.8,31.509360000000004,1503.90936,1440.89064,False,NONE,0.91,0.88,-0.03,0
2026-08-19,2026-08-19T09:56:11.666385,NHPC,76.44,76.44,75.61,76.12,2.36,76.12,1.857492,78.29749199999999,74.582508,False,NONE,-0.26,1.04,-0.02,0
2026-08-19,2026-08-19T09:56:11.666385,NIFTY,24201.0,24201.0,24124.0,24153.4,1.03,24153.4,256.5306,24457.5306,23944.4694,False,NONE,-0.32,0.72,1.23,-3.66
2026-08-19,2026-08-19T09:56:11.666385,NIFTYFPI,1586.0,1596.9,1584.15,1596.0,-,1596.0,,,,False,NONE,-,-,-,-
2026-08-19,2026-08-19T09:56:11.666385,NIFTYNXT50,73965.4,74016.8,73665.2,73879.8,1.66,73879.8,1412.878,75774.878,72949.122,False,NONE,-0.45,9.58,-1.09,-2.17
2026-08-19,2026-08-19T09:56:11.666385,NMDC,83.2,83.7,83.11,83.55,2.72,83.55,2.2547200000000003,85.45472000000001,80.94528,False,NONE,-0.71,-5.72,0.02,-2.08
2026-08-19,2026-08-19T09:56:11.666385,NTPC,337.0,339.35,336.0,337.4,2.15,337.4,7.009600000000001,344.0096,329.9904,False,NONE,-0.21,3.79,-0.12,0
2026-08-19,2026-08-19T09:56:11.666385,NYKAA,321.9,324.45,320.65,324.15,2.67,324.15,8.465969999999999,330.36596999999995,313.43403,False,NONE,0.7,2.03,-0.32,0
2026-08-19,2026-08-19T09:56:11.666385,OBEROIRLTY,1863.8,1892.3,1831.8,1880.0,3.27,1880.0,62.81006,1926.61006,1800.98994,False,NONE,0.98,-0.49,-0.44,16.67
2026-08-19,2026-08-19T09:56:11.666385,OFSS,11744.0,11840.0,11713.0,11764.0,3.7,11764.0,425.1328,12169.1328,11318.8672,False,NONE,1.12,3.99,0.21,-1.27
2026-08-19,2026-08-19T09:56:11.666385,OIL,485.0,486.05,481.5,482.1,2.93,482.1,15.811,500.811,469.189,False,NONE,-0.07,-6.47,0.67,-3.64
2026-08-19,2026-08-19T09:56:11.666385,ONGC,241.0,242.61,240.1,241.25,1.9,241.25,4.6031,245.6031,236.3969,False,NONE,0.89,-8.7,-0.35,2.78
2026-08-19,2026-08-19T09:56:11.666385,PAGEIND,36480.0,36480.0,35730.0,35845.0,2.79,35845.0,1017.7919999999999,37497.792,35462.208,False,NONE,-1.47,-0.91,-0.93,-6.67
2026-08-19,2026-08-19T09:56:11.666385,PATANJALI,349.9,354.9,349.65,351.15,3.38,351.15,12.10654,362.00654,337.79346,False,NONE,0.29,2.97,-0.5,2.33
2026-08-19,2026-08-19T09:56:11.666385,PAYTM,1552.0,1583.0,1547.1,1576.9,3.38,1576.9,51.3712,1603.3712,1500.6288,False,NONE,1.49,3.2,0.97,-7.59
2026-08-19,2026-08-19T09:56:11.666385,PERSISTENT,5512.5,5587.5,5505.0,5525.5,3.39,5525.5,212.23125,5724.73125,5300.26875,False,NONE,1.07,9.16,0.61,-18.87
2026-08-19,2026-08-19T09:56:11.666385,PETRONET,285.0,290.75,285.0,289.95,2.54,289.95,9.2625,294.2625,275.7375,False,NONE,1.77,22.23,0.48,-19.39
2026-08-19,2026-08-19T09:56:11.666385,PFC,374.65,374.65,372.3,374.25,2.02,374.25,8.2423,382.8923,366.4077,False,NONE,-0.01,-7.03,-0.05,4
2026-08-19,2026-08-19T09:56:11.666385,PGEL,598.15,599.4,584.35,591.2,3.61,591.2,22.251179999999998,620.40118,575.89882,False,NONE,-1.13,-0.23,0.01,3.33
2026-08-19,2026-08-19T09:56:11.666385,PHOENIXLTD,1950.5,1950.5,1909.7,1925.9,2.4,1925.9,46.0318,1996.5318,1904.4682,False,NONE,-0.77,3.83,-0.12,1.75
2026-08-19,2026-08-19T09:56:11.666385,PIDILITIND,1657.6,1668.7,1653.0,1667.9,1.9,1667.9,31.991679999999995,1689.59168,1625.6083199999998,False,NONE,0.01,3.84,2.74,4.92
2026-08-19,2026-08-19T09:56:11.666385,PIIND,2511.0,2517.9,2493.0,2511.0,2.85,2511.0,73.8234,2584.8234,2437.1766,False,NONE,0.23,3.2,0.27,-2.22
2026-08-19,2026-08-19T09:56:11.666385,PNB,116.33,117.29,116.23,117.2,2.67,117.2,3.245607,119.575607,113.08439299999999,False,NONE,0.32,-1.87,0.07,1.1
2026-08-19,2026-08-19T09:56:11.666385,PNBHOUSING,1155.0,1155.0,1138.7,1148.0,2.82,1148.0,33.264,1188.264,1121.736,False,NONE,0.33,-7.11,0.02,1.85
2026-08-19,2026-08-19T09:56:11.666385,POLICYBZR,1738.2,1791.9,1738.2,1776.1,3.61,1776.1,56.66532,1794.86532,1681.53468,False,NONE,1.38,14.51,1.65,-21.62
2026-08-19,2026-08-19T09:56:11.666385,POLYCAB,9050.0,9088.5,8958.5,9025.0,2.61,9025.0,248.875,9298.875,8801.125,False,NONE,-1.17,-1.46,0.47,5
2026-08-19,2026-08-19T09:56:11.666385,POWERGRID,267.95,267.95,265.55,265.75,1.99,265.75,4.71592,272.66591999999997,263.23408,False,NONE,-1.02,5.55,0.05,0
2026-08-19,2026-08-19T09:56:11.666385,POWERINDIA,34765.0,35005.0,33720.0,33855.0,3.53,33855.0,1143.7685000000001,35908.7685,33621.2315,False,NONE,-4.08,10.18,-0.65,-4.44
2026-08-19,2026-08-19T09:56:11.666385,PREMIERENE,1013.2,1020.6,1010.5,1019.9,2.97,1019.9,30.69996,1043.89996,982.50004,False,NONE,0.4,-0.56,-0.02,3.03
2026-08-19,2026-08-19T09:56:11.666385,PRESTIGE,1582.2,1592.9,1569.4,1588.6,2.96,1588.6,48.09888,1630.29888,1534.10112,False,NONE,-0.63,-0.4,-0.12,-2.38
2026-08-19,2026-08-19T09:56:11.666385,RADICO,4682.1,4740.0,4682.1,4724.4,2.74,4724.4,152.16825,4834.26825,4529.931750000001,False,NONE,0.25,2.65,1.34,3.08
2026-08-19,2026-08-19T09:56:11.666385,RBLBANK,383.85,383.85,379.5,382.55,2.72,382.55,11.170035,395.020035,372.67996500000004,False,NONE,-0.31,-3.29,-0.07,-1.47
2026-08-19,2026-08-19T09:56:11.666385,RECLTD,336.7,338.95,336.35,338.4,2.1,338.4,7.676759999999999,344.37676,329.02324,False,NONE,-0.06,-4.5,-0.31,-1.47
2026-08-19,2026-08-19T09:56:11.666385,RELIANCE,1321.0,1321.0,1312.5,1314.9,1.61,1314.9,22.7212,1343.7212,1298.2788,False,NONE,-0.42,-4.51,0.31,-1.75
2026-08-19,2026-08-19T09:56:11.666385,RVNL,224.2,226.69,221.2,222.61,2.97,222.61,6.322439999999999,230.52244,217.87756,False,NONE,-0.86,3.52,0.06,-4
2026-08-19,2026-08-19T09:56:11.666385,SAIL,170.55,170.55,169.87,170.49,2.79,170.49,4.7754,175.3254,165.77460000000002,False,NONE,-1.29,53.08,-0.03,0
2026-08-19,2026-08-19T09:56:11.666385,SBICARD,615.4,618.85,612.5,617.85,2.81,617.85,18.58508,633.9850799999999,596.81492,False,NONE,0.28,-6.44,-0.13,3.92
2026-08-19,2026-08-19T09:56:11.666385,SBILIFE,1771.2,1793.9,1756.0,1758.2,2.12,1758.2,48.176640000000006,1819.37664,1723.0233600000001,False,NONE,-1.25,1.7,0.28,0
2026-08-19,2026-08-19T09:56:11.666385,SBIN,1053.8,1055.5,1048.4,1054.7,2.14,1054.7,23.394360000000002,1077.19436,1030.40564,False,NONE,0.04,-4.78,0.01,1.96
2026-08-19,2026-08-19T09:56:11.666385,SENSEX,77402.1,77402.1,77222.95,77284.35,0.57,77284.35,456.67239,77858.77239000001,76945.42761,False,NONE,-0.3,-1.04,-0.17,-7.92
2026-08-19,2026-08-19T09:56:11.666385,SHREECEM,24575.0,24575.0,24255.0,24315.0,2.82,24315.0,496.415,25071.415,24078.585,False,NONE,-1.48,4.55,0.27,2.13
2026-08-19,2026-08-19T09:56:11.666385,SHRIRAMFIN,1113.5,1113.5,1097.6,1105.0,2.99,1105.0,33.405,1146.905,1080.095,False,NONE,-0.31,-1.39,-0.48,0
2026-08-19,2026-08-19T09:56:11.666385,SIEMENS,3930.3,3949.4,3894.8,3912.3,2.89,3912.3,112.79961000000002,4043.09961,3817.50039,False,NONE,-1.08,4.15,-0.3,-3.39
2026-08-19,2026-08-19T09:56:11.666385,SOLARINDS,20050.0,20249.0,19564.0,19750.0,3.31,19750.0,695.735,20745.735,19354.265,False,NONE,-1.72,-4.83,0.87,-11.11
2026-08-19,2026-08-19T09:56:11.666385,SONACOMS,829.0,829.0,817.45,822.2,3.17,822.2,25.8648,854.8648,803.1352,False,NONE,-0.64,0.03,0.6,-4.41
2026-08-19,2026-08-19T09:56:11.666385,SRF,2632.5,2632.5,2600.0,2608.1,2.2,2608.1,58.441500000000005,2690.9415,2574.0585,False,NONE,-0.93,-1.87,0.01,2.27
2026-08-19,2026-08-19T09:56:11.666385,SUNPHARMA,1872.3,1898.4,1872.3,1894.8,1.8,1894.8,37.446,1909.7459999999999,1834.854,False,NONE,0.65,-6.31,0.01,1.92
2026-08-19,2026-08-19T09:56:11.666385,SUPREMEIND,3551.0,3620.7,3551.0,3600.9,2.45,3600.9,95.5219,3646.5219,3455.4781,False,NONE,-0.02,-2.25,0.32,1.56
2026-08-19,2026-08-19T09:56:11.666385,SUZLON,47.68,47.68,47.03,47.25,3.05,47.25,1.5400639999999999,49.220064,46.139936,False,NONE,-1.05,-0.78,-0.04,-2.44
2026-08-19,2026-08-19T09:56:11.666385,SWIGGY,276.15,276.8,270.05,271.2,4.19,271.2,12.53721,288.68721,263.61278999999996,False,NONE,-1.18,-5.5,0.15,-4.26
2026-08-19,2026-08-19T09:56:11.666385,TATACONSUM,1062.1,1071.0,1061.1,1069.8,2.24,1069.8,24.53451,1086.6345099999999,1037.56549,False,NONE,0.36,-4.77,0.07,0
2026-08-19,2026-08-19T09:56:11.666385,TATAELXSI,3633.4,3671.9,3633.4,3648.0,3.05,3648.0,118.81218000000001,3752.21218,3514.58782,False,NONE,-0.23,-2.52,-0.52,32.61
2026-08-19,2026-08-19T09:56:11.666385,TATAPOWER,379.95,379.95,376.0,377.25,2.15,377.25,8.092934999999999,388.042935,371.857065,False,NONE,-0.7,-0.44,-0.05,0
2026-08-19,2026-08-19T09:56:11.666385,TATASTEEL,184.44,185.07,182.71,183.65,2.47,183.65,4.79544,189.23544,179.64455999999998,False,NONE,-0.77,-3.15,-0.08,1.67
2026-08-19,2026-08-19T09:56:11.666385,TCS,2308.0,2308.0,2275.0,2287.0,2.72,2287.0,63.931599999999996,2371.9316,2244.0684,False,NONE,-0.08,1.54,0,-3.45
2026-08-19,2026-08-19T09:56:11.666385,TECHM,1605.0,1613.8,1595.1,1600.2,2.42,1600.2,39.483,1644.483,1565.517,False,NONE,0.09,2.13,0.42,0
2026-08-19,2026-08-19T09:56:11.666385,TIINDIA,2950.0,2960.3,2925.5,2948.1,3.52,2948.1,106.79,3056.79,2843.21,False,NONE,-0.68,-2.32,-0.9,-1.89
2026-08-19,2026-08-19T09:56:11.666385,TITAN,5065.0,5076.2,5036.0,5051.7,1.78,5051.7,91.67649999999999,5156.6765,4973.3235,False,NONE,-0.23,-0.06,-0.52,-1.56
2026-08-19,2026-08-19T09:56:11.666385,TMPV,324.4,324.5,320.75,321.4,2.52,321.4,8.921,333.32099999999997,315.479,False,NONE,-0.83,-7.89,0.02,-1.82
2026-08-19,2026-08-19T09:56:11.666385,TORNTPHARM,4971.0,4999.5,4945.5,4969.5,2.5,4969.5,123.2808,5094.2808,4847.7192,False,NONE,-0.23,2.66,-0.25,1.56
2026-08-19,2026-08-19T09:56:11.666385,TRENT,2950.0,2959.4,2930.5,2951.7,2.69,2951.7,82.305,3032.305,2867.695,False,NONE,-0.11,-2.35,-0.22,0
2026-08-19,2026-08-19T09:56:11.666385,TVSMOTOR,4389.0,4393.6,4364.1,4379.5,2.38,4379.5,107.53050000000002,4496.5305,4281.4695,False,NONE,0.63,1.76,0.11,-5.68
2026-08-19,2026-08-19T09:56:11.666385,ULTRACEMCO,11522.0,11522.0,11420.0,11460.0,2.08,11460.0,241.96200000000002,11763.962,11280.038,False,NONE,-0.74,1.69,-0.45,4.88
2026-08-19,2026-08-19T09:56:11.666385,UNIONBANK,185.1,187.76,185.1,187.24,3.02,187.24,5.77512,190.87511999999998,179.32488,False,NONE,0.31,-2.15,0.17,-1.15
2026-08-19,2026-08-19T09:56:11.666385,UNITDSPR,1527.2,1534.0,1527.2,1532.5,2.34,1532.5,33.29296,1560.49296,1493.90704,False,NONE,0.27,0.05,0.02,-1.72
2026-08-19,2026-08-19T09:56:11.666385,UNOMINDA,1283.0,1283.0,1261.9,1276.7,2.6,1276.7,31.0486,1314.0486,1251.9514,False,NONE,-0.09,11.71,0.2,-11.11
2026-08-19,2026-08-19T09:56:11.666385,UPL,558.15,563.4,557.65,563.0,2.43,563.0,13.95375,572.10375,544.19625,False,NONE,0.54,-2.1,0.01,2
2026-08-19,2026-08-19T09:56:11.666385,VBL,437.0,439.6,436.65,438.0,2.45,438.0,11.056099999999999,448.0561,425.9439,False,NONE,-0.19,-2.3,-0.22,0
2026-08-19,2026-08-19T09:56:11.666385,VEDL,264.6,265.0,261.65,262.85,3.18,262.85,8.83764,273.43764000000004,255.76236000000003,False,NONE,-1,-0.6,-0.34,-2.04
2026-08-19,2026-08-19T09:56:11.666385,VMM,103.68,104.31,103.31,103.84,3.18,103.84,11.850624,115.530624,91.82937600000001,False,NONE,-0.12,-3,-0.1,0
2026-08-19,2026-08-19T09:56:11.666385,VOLTAS,1248.0,1248.0,1230.0,1233.0,3.17,1233.0,38.313599999999994,1286.3136,1209.6864,False,NONE,-1.36,-0.97,4.04,6.67
2026-08-19,2026-08-19T09:56:11.666385,WAAREEENER,2676.9,2709.9,2676.9,2692.6,2.7,2692.6,70.67016000000001,2747.57016,2606.22984,False,NONE,-0.4,1.76,0.31,3.77
2026-08-19,2026-08-19T09:56:11.666385,WIPRO,179.5,180.1,177.96,179.82,2.48,179.82,4.7388,184.2388,174.7612,False,NONE,0.6,-3.93,-0.3,1.52
2026-08-19,2026-08-19T09:56:11.666385,YESBANK,22.52,22.79,22.4,22.7,2.95,22.7,0.6508280000000001,23.170828,21.869172,False,NONE,0.75,-0.86,0.13,1.92
2026-08-19,2026-08-19T09:56:11.666385,ZYDUSLIFE,1121.0,1126.8,1115.6,1123.0,2.49,1123.0,29.5944,1150.5944,1091.4056,False,NONE,0.29,-3.89,-0.18,0
2026-08-19,2026-08-19T10:32:16.348560,360ONE,1165.0,1186.2,1160.1,1180.1,3.05,1180.1,32.969500000000004,1197.9695,1132.0305,False,NONE,0.89,1.38,-1.12,-3.7
2026-08-19,2026-08-19T10:32:16.348560,ABB,7546.0,7559.0,7415.0,7460.5,2.89,7460.5,218.07940000000002,7764.0794,7327.9206,False,NONE,-1.65,-2.85,-0.72,-1.96
2026-08-19,2026-08-19T10:32:16.348560,ABCAPITAL,401.6,401.7,395.55,395.6,2.5,395.6,10.6424,412.24240000000003,390.9576,False,NONE,-1.67,-2.2,-0.12,-4.11
2026-08-19,2026-08-19T10:32:16.348560,ADANIENSOL,1590.0,1590.0,1548.0,1554.6,3.75,1554.6,60.897,1650.897,1529.103,False,NONE,-3.12,10.89,0.34,0
2026-08-19,2026-08-19T10:32:16.348560,ADANIENT,3005.0,3016.8,2984.9,2986.7,2.87,2986.7,86.544,3091.544,2918.456,False,NONE,-0.81,2.29,-0.11,0
2026-08-19,2026-08-19T10:32:16.348560,ADANIGREEN,1310.0,1310.0,1281.5,1287.7,3.21,1287.7,42.575,1352.575,1267.425,False,NONE,-1.92,-2.36,-0.39,0
2026-08-19,2026-08-19T10:32:16.348560,ADANIPORTS,1691.5,1691.5,1671.4,1675.0,2.24,1675.0,38.05875,1729.55875,1653.44125,False,NONE,-0.68,0.52,-0.21,-1.89
2026-08-19,2026-08-19T10:32:16.348560,ADANIPOWER,206.13,206.26,202.6,202.84,3.27,202.84,7.42068,213.55068,198.70932,False,NONE,-1.88,-5.12,-0.11,2.13
2026-08-19,2026-08-19T10:32:16.348560,ALKEM,5420.0,5486.0,5420.0,5471.0,2.29,5471.0,122.49199999999999,5542.492,5297.508,False,NONE,-0.01,-0.59,0.7,2.27
2026-08-19,2026-08-19T10:32:16.348560,AMBER,7385.0,7385.0,7211.5,7271.5,3.01,7271.5,219.33450000000002,7604.3345,7165.6655,False,NONE,-1.45,8.49,-0.46,-4.92
2026-08-19,2026-08-19T10:32:16.348560,AMBUJACEM,410.6,411.3,406.6,406.6,2.22,406.6,8.910020000000001,419.51002,401.68998000000005,False,NONE,-1.35,-2.91,-0.07,-1.85
2026-08-19,2026-08-19T10:32:16.348560,ANGELONE,290.5,294.5,288.8,291.6,3.58,291.6,10.458,300.958,280.042,False,NONE,0.17,2.41,0.86,0
2026-08-19,2026-08-19T10:32:16.348560,APLAPOLLO,2105.0,2122.0,2098.4,2120.0,2.22,2120.0,48.204499999999996,2153.2045,2056.7955,False,NONE,0.13,9.18,0.4,1.47
2026-08-19,2026-08-19T10:32:16.348560,APOLLOHOSP,8840.0,8848.0,8758.0,8848.0,1.68,8848.0,150.28,8990.28,8689.72,False,NONE,0.2,-3.89,-0.46,0
2026-08-19,2026-08-19T10:32:16.348560,ASHOKLEY,174.3,176.19,174.16,175.85,2.8,175.85,5.00241,179.30241,169.29759,False,NONE,-0.33,-1.55,0.3,2.94
2026-08-19,2026-08-19T10:32:16.348560,ASIANPAINT,2620.0,2640.0,2610.0,2618.0,2.18,2618.0,59.211999999999996,2679.212,2560.788,False,NONE,-0.35,-3.58,-0.13,-1.85
2026-08-19,2026-08-19T10:32:16.348560,ASTRAL,1539.8,1543.3,1512.0,1528.1,2.42,1528.1,36.49326,1576.29326,1503.30674,False,NONE,0.08,2.06,0.19,-3.51
2026-08-19,2026-08-19T10:32:16.348560,AUBANK,1075.0,1075.5,1064.3,1069.8,2.73,1069.8,30.2075,1105.2075,1044.7925,False,NONE,-0.57,-1.4,0.04,-2.74
2026-08-19,2026-08-19T10:32:16.348560,AUROPHARMA,1638.1,1641.8,1631.1,1635.7,2.68,1635.7,45.70299,1683.80299,1592.39701,False,NONE,-0.34,-4.78,-0.07,0
2026-08-19,2026-08-19T10:32:16.348560,AXISBANK,1244.0,1244.1,1232.0,1236.0,1.84,1236.0,24.7556,1268.7556,1219.2444,False,NONE,-1,-6.74,0.2,0
2026-08-19,2026-08-19T10:32:16.348560,BAJAJ-AUTO,11620.0,11685.0,11541.0,11668.0,2.13,11668.0,246.34400000000002,11866.344,11373.656,False,NONE,0.32,0.25,0.79,15.32
2026-08-19,2026-08-19T10:32:16.348560,BAJAJFINSV,2000.0,2010.2,1990.3,2007.9,2.22,2007.9,44.6,2044.6,1955.4,False,NONE,-0.15,7.89,0.01,6
2026-08-19,2026-08-19T10:32:16.348560,BAJAJHLDNG,11288.0,11341.0,11263.0,11313.0,2.31,11313.0,261.8816,11549.8816,11026.1184,False,NONE,0.35,11.06,-0.09,0
2026-08-19,2026-08-19T10:32:16.348560,BAJFINANCE,1091.2,1091.2,1081.1,1089.3,2.3,1089.3,26.1888,1117.3888,1065.0112000000001,False,NONE,-0.37,-4.04,-0.1,-1.3
2026-08-19,2026-08-19T10:32:16.348560,BANDHANBNK,170.2,170.2,167.81,168.65,2.48,168.65,5.14004,175.34004,165.05996,False,NONE,-1.58,-11.02,-0.05,0
2026-08-19,2026-08-19T10:32:16.348560,BANKBARODA,244.0,245.78,243.35,244.35,2.43,244.35,6.4172,250.4172,237.5828,False,NONE,0.09,-8.13,0.29,1.23
2026-08-19,2026-08-19T10:32:16.348560,BANKEX,65514.65,65514.65,65514.65,65514.65,1.71,65514.65,1133.4034450000001,66648.053445,64381.246555,False,NONE,-,29.28,0,1.08
2026-08-19,2026-08-19T10:32:16.348560,BANKINDIA,142.65,143.39,141.91,142.35,2.82,142.35,4.47921,147.12921,138.17079,False,NONE,-0.15,-5.08,-0.03,1.3
2026-08-19,2026-08-19T10:32:16.348560,BANKNIFTY,57402.0,57402.0,57151.0,57235.0,1.26,57235.0,757.7064,58159.7064,56644.2936,False,NONE,-0.35,-1.4,1.22,1.43
2026-08-19,2026-08-19T10:32:16.348560,BDL,1405.0,1405.0,1361.0,1367.2,3.31,1367.2,51.00149999999999,1456.0015,1353.9985,False,NONE,-2.47,-7.11,0.04,-10
2026-08-19,2026-08-19T10:32:16.348560,BEL,414.0,414.0,406.7,408.1,2.43,408.1,10.2258,424.2258,403.7742,False,NONE,-1.23,0.75,-1,0
2026-08-19,2026-08-19T10:32:16.348560,BHARATFORG,2093.4,2093.4,2058.6,2077.2,2.62,2077.2,56.521800000000006,2149.9218,2036.8782,False,NONE,-0.64,-3.1,0.14,2.04
2026-08-19,2026-08-19T10:32:16.348560,BHARTIARTL,1935.0,1945.0,1931.1,1941.2,1.74,1941.2,34.83,1969.83,1900.17,False,NONE,-0.08,-4.46,0.51,0
2026-08-19,2026-08-19T10:32:16.348560,BHEL,424.3,424.3,414.3,417.65,3.47,417.65,14.765640000000001,439.06564000000003,409.53436,False,NONE,-1.75,1.61,0.53,-1.85
2026-08-19,2026-08-19T10:32:16.348560,BIOCON,416.6,417.65,414.3,415.8,2.49,415.8,10.53998,427.13998000000004,406.06002,False,NONE,-0.93,0.17,-0.2,-1.37
2026-08-19,2026-08-19T10:32:16.348560,BLUESTARCO,1488.3,1493.3,1476.0,1486.9,2.82,1486.9,42.11889,1530.41889,1446.18111,False,NONE,-0.33,-7.05,13.53,4.76
2026-08-19,2026-08-19T10:32:16.348560,BOSCHLTD,48840.0,49100.0,48685.0,48885.0,2.32,48885.0,1191.696,50031.695999999996,47648.304000000004,False,NONE,0.24,-0.04,1.31,-0.88
2026-08-19,2026-08-19T10:32:16.348560,BPCL,310.7,311.55,307.5,307.7,2.52,307.7,8.01606,318.71605999999997,302.68394,False,NONE,-1.31,-0.55,1.04,0
2026-08-19,2026-08-19T10:32:16.348560,BRITANNIA,5460.0,5550.0,5460.0,5531.5,1.9,5531.5,105.37799999999999,5565.378,5354.622,False,NONE,0.55,-4.08,5.94,9.8
2026-08-19,2026-08-19T10:32:16.348560,BSE,3319.0,3374.0,3293.3,3369.0,3.56,3369.0,116.165,3435.165,3202.835,False,NONE,1.5,1.74,-0.17,4.55
2026-08-19,2026-08-19T10:32:16.348560,CAMS,760.0,765.05,753.95,761.05,2.52,761.05,20.216,780.216,739.784,False,NONE,0.19,-4.4,0.36,-2.22
2026-08-19,2026-08-19T10:32:16.348560,CANBK,129.4,129.59,128.17,128.93,2.81,128.93,3.8820000000000006,133.282,125.518,False,NONE,-0.07,-2.59,0.03,2.63
2026-08-19,2026-08-19T10:32:16.348560,CDSL,1338.0,1347.8,1335.7,1341.5,2.75,1341.5,36.5274,1374.5274,1301.4726,False,NONE,-0.28,0.08,-0.7,-1.69
2026-08-19,2026-08-19T10:32:16.348560,CGPOWER,886.0,886.0,863.0,866.35,3.24,866.35,29.3266,915.3266,856.6734,False,NONE,-2.67,5.52,0.97,2
2026-08-19,2026-08-19T10:32:16.348560,CHOLAFIN,1870.1,1870.1,1855.3,1865.4,2.66,1865.4,57.786089999999994,1927.88609,1812.3139099999999,False,NONE,-0.54,2.91,-0.19,1.59
2026-08-19,2026-08-19T10:32:16.348560,CIPLA,1424.8,1433.3,1420.6,1431.6,2.04,1431.6,31.20312,1456.0031199999999,1393.59688,False,NONE,0.15,-0.41,-0.09,1.82
2026-08-19,2026-08-19T10:32:16.348560,COALINDIA,407.2,408.85,398.25,398.5,2.17,398.5,8.06256,415.26256,399.13743999999997,True,DOWN,-2.39,12.62,0.08,-1.45
2026-08-19,2026-08-19T10:32:16.348560,COCHINSHIP,1509.0,1509.0,1475.4,1481.2,2.69,1481.2,47.080799999999996,1556.0808,1461.9192,False,NONE,-0.88,-9.45,0.52,-4.55
2026-08-19,2026-08-19T10:32:16.348560,COFORGE,1796.8,1817.4,1788.8,1809.1,3.09,1809.1,58.75536,1855.55536,1738.0446399999998,False,NONE,1.82,7.07,0.16,-1.06
2026-08-19,2026-08-19T10:32:16.348560,COLPAL,1903.0,1913.2,1891.6,1892.0,2.18,1892.0,42.6272,1945.6272,1860.3728,False,NONE,-0.71,0.58,0.94,-7.27
2026-08-19,2026-08-19T10:32:16.348560,CONCOR,517.1,519.5,515.2,516.55,2.32,516.55,12.77237,529.87237,504.32763,False,NONE,-0.75,-8.65,0.1,-1.92
2026-08-19,2026-08-19T10:32:16.348560,CROMPTON,246.3,247.3,242.4,243.5,3.04,243.5,7.29048,253.59048,239.00952,False,NONE,-0.53,1.13,-0.08,-3.45
2026-08-19,2026-08-19T10:32:16.348560,CUMMINSIND,5330.0,5387.0,5257.5,5261.0,2.92,5261.0,148.174,5478.174,5181.826,False,NONE,-2.36,5.22,0.2,-4.84
2026-08-19,2026-08-19T10:32:16.348560,DABUR,402.9,402.9,400.65,401.0,1.9,401.0,8.13858,411.03857999999997,394.76142,False,NONE,-0.5,-4.44,0.17,0
2026-08-19,2026-08-19T10:32:16.348560,DALBHARAT,1835.2,1856.6,1830.7,1844.7,2.58,1844.7,50.10096000000001,1885.30096,1785.09904,False,NONE,-0.18,-0.69,-0.37,17.24
2026-08-19,2026-08-19T10:32:16.348560,DELHIVERY,452.15,452.45,448.2,449.85,2.43,449.85,10.942029999999999,463.09202999999997,441.20797,False,NONE,-0.37,-2.66,-0.29,1.69
2026-08-19,2026-08-19T10:32:16.348560,DIVISLAB,8599.5,8599.5,8513.0,8567.0,2.24,8567.0,204.66809999999998,8804.1681,8394.8319,False,NONE,-0.17,-0.09,0.01,3.45
2026-08-19,2026-08-19T10:32:16.348560,DIXON,14130.0,14212.0,14037.0,14168.0,3.36,14168.0,453.57300000000004,14583.573,13676.427,False,NONE,-0.12,-0.47,-0.22,2
2026-08-19,2026-08-19T10:32:16.348560,DLF,673.5,673.5,658.0,669.75,3.01,669.75,20.3397,693.8397,653.1603,False,NONE,0.02,0.88,0.95,1.54
2026-08-19,2026-08-19T10:32:16.348560,DMART,4009.5,4011.0,3974.6,3989.2,2.29,3989.2,94.6242,4104.1242,3914.8758,False,NONE,0.03,-0.27,-0.22,-1.67
2026-08-19,2026-08-19T10:32:16.348560,DRREDDY,1176.0,1186.7,1174.8,1185.7,1.99,1185.7,23.7552,1199.7552,1152.2448,False,NONE,0.43,-7.9,-0.53,7.27
2026-08-19,2026-08-19T10:32:16.348560,EICHERMOT,8050.0,8050.0,7992.0,8031.5,1.9,8031.5,157.78,8207.78,7892.22,False,NONE,-0.32,-1.47,0.17,1.14
2026-08-19,2026-08-19T10:32:16.348560,ETERNAL,314.05,319.7,314.05,318.4,2.96,318.4,9.60993,323.65993000000003,304.44007,False,NONE,0.39,2.05,0.21,-1.56
2026-08-19,2026-08-19T10:32:16.348560,FEDERALBNK,357.3,360.3,356.05,359.05,2.06,359.05,7.82487,365.12487,349.47513000000004,False,NONE,0.01,-0.9,-0.01,2.9
2026-08-19,2026-08-19T10:32:16.348560,FINNIFTY,26027.2,26113.5,26020.0,26061.6,1.32,26061.6,366.98352,26394.183520000002,25660.21648,False,NONE,-0.45,-0.71,-0.58,-4.35
2026-08-19,2026-08-19T10:32:16.348560,FOCIT,36896.0,36970.0,36888.0,36917.0,2.35,36917.0,1003.5712000000001,37899.5712,35892.4288,False,NONE,0,-5.07,0,-1.27
2026-08-19,2026-08-19T10:32:16.348560,FORCEMOT,18228.0,18248.0,17914.0,17916.0,3.38,17916.0,610.638,18838.638,17617.362,False,NONE,-1.57,-3.8,1.45,0
2026-08-19,2026-08-19T10:32:16.348560,FORTIS,925.0,925.0,912.05,921.85,2.44,921.85,22.8475,947.8475,902.1525,False,NONE,0.18,0.65,-0.34,1.28
2026-08-19,2026-08-19T10:32:16.348560,GAIL,172.2,173.38,171.6,171.6,2.23,171.6,4.11558,176.31557999999998,168.08442,False,NONE,-0.12,-4.67,-0.17,2.86
2026-08-19,2026-08-19T10:32:16.348560,GLENMARK,2301.3,2319.0,2259.1,2289.0,2.25,2289.0,52.00938,2353.30938,2249.29062,False,NONE,-1.2,1.21,-0.56,-1.72
2026-08-19,2026-08-19T10:32:16.348560,GMRAIRPORT,102.01,103.44,101.87,102.15,2.66,102.15,2.9174860000000002,104.927486,99.09251400000001,False,NONE,0.19,4.29,0.31,-4.84
2026-08-19,2026-08-19T10:32:16.348560,GODFRYPHLP,2114.7,2147.3,2106.8,2107.6,3.56,2107.6,79.08978,2193.7897799999996,2035.6102199999998,False,NONE,-0.16,-1.91,0.8,2.44
2026-08-19,2026-08-19T10:32:16.348560,GODREJCP,934.5,939.0,929.3,935.5,2.33,935.5,23.269050000000004,957.76905,911.23095,False,NONE,0.07,-7.39,-0.31,0
2026-08-19,2026-08-19T10:32:16.348560,GODREJPROP,2016.0,2016.0,1972.1,1984.3,3.16,1984.3,63.504,2079.504,1952.496,False,NONE,-1.39,-2.45,-0.02,1.79
2026-08-19,2026-08-19T10:32:16.348560,GRASIM,3272.3,3272.3,3239.2,3240.0,2.25,3240.0,76.89905,3349.19905,3195.40095,False,NONE,-1.01,-4.75,0.58,0
2026-08-19,2026-08-19T10:32:16.348560,GVT&D,4145.0,4145.0,4042.5,4085.0,3.56,4085.0,161.655,4306.655,3983.345,False,NONE,-2.8,4.71,0.64,10.53
2026-08-19,2026-08-19T10:32:16.348560,HAL,5081.0,5099.6,5012.1,5020.4,2.71,5020.4,138.7113,5219.7113,4942.2887,False,NONE,-1.34,-3.49,0.3,1.41
2026-08-19,2026-08-19T10:32:16.348560,HAVELLS,1290.2,1305.0,1282.8,1283.0,2.38,1283.0,31.22284,1321.42284,1258.9771600000001,False,NONE,-0.63,3.91,0.66,-2.17
2026-08-19,2026-08-19T10:32:16.348560,HCLTECH,1311.2,1324.0,1306.4,1308.6,2.78,1308.6,38.81152,1350.01152,1272.38848,False,NONE,0.28,-1.98,-0.48,-4.62
2026-08-19,2026-08-19T10:32:16.348560,HDFCAMC,2515.9,2533.7,2501.5,2523.5,2.56,2523.5,62.39432,2578.29432,2453.50568,False,NONE,0.33,-0.12,-0.1,7.14
2026-08-19,2026-08-19T10:32:16.348560,HDFCBANK,724.6,726.0,718.0,718.4,1.98,718.4,15.941200000000002,740.5412,708.6588,False,NONE,-0.79,-9.61,0,-1.92
2026-08-19,2026-08-19T10:32:16.348560,HDFCLIFE,538.35,539.55,534.7,534.75,2.14,534.75,12.005205,550.3552050000001,526.344795,False,NONE,-0.83,1.47,0.03,0
2026-08-19,2026-08-19T10:32:16.348560,HEROMOTOCO,5680.0,5778.0,5680.0,5757.0,2.56,5757.0,140.864,5820.864,5539.136,False,NONE,0.52,-0.21,1.39,0
2026-08-19,2026-08-19T10:32:16.348560,HINDALCO,1028.0,1034.9,1025.0,1032.45,2.4,1032.45,25.5972,1053.5972,1002.4028,False,NONE,-0.88,-1.56,-0.12,3.28
2026-08-19,2026-08-19T10:32:16.348560,HINDPETRO,367.95,367.95,365.45,365.45,2.71,365.45,10.339395,378.289395,357.61060499999996,False,NONE,-0.68,-6.47,-0.33,1.82
2026-08-19,2026-08-19T10:32:16.348560,HINDUNILVR,2037.3,2043.0,2025.2,2025.9,1.72,2025.9,38.7087,2076.0087,1998.5913,False,NONE,-0.77,-5.09,0.66,-3.51
2026-08-19,2026-08-19T10:32:16.348560,HINDZINC,549.0,554.4,549.0,552.5,2.73,552.5,16.9641,565.9641,532.0359,False,NONE,-1.12,-8.85,-0.01,3.77
2026-08-19,2026-08-19T10:32:16.348560,HYUNDAI,2184.2,2213.3,2168.0,2208.6,2.64,2208.6,60.72075999999999,2244.92076,2123.4792399999997,False,NONE,0.55,-1.12,0.04,0
2026-08-19,2026-08-19T10:32:16.348560,ICICIBANK,1415.2,1417.7,1404.2,1407.0,1.7,1407.0,25.04904,1440.2490400000002,1390.15096,False,NONE,-0.59,-5.25,0.07,-3.28
2026-08-19,2026-08-19T10:32:16.348560,ICICIGI,1625.4,1633.1,1621.0,1627.2,2.32,1627.2,39.334680000000006,1664.73468,1586.0653200000002,False,NONE,-0.38,-3.86,0.12,1.72
2026-08-19,2026-08-19T10:32:16.348560,ICICIPRULI,502.9,504.15,493.1,495.4,2.35,495.4,12.069599999999998,514.9696,490.8304,False,NONE,-1.17,1.45,0.01,-3.12
2026-08-19,2026-08-19T10:32:16.348560,IDEA,14.17,14.25,13.95,13.98,3.65,13.98,0.5327919999999999,14.702792,13.637208,False,NONE,-1.2,-0.11,0,0
2026-08-19,2026-08-19T10:32:16.348560,IDFCFIRSTB,85.7,85.72,85.15,85.48,2.32,85.48,2.20249,87.90249,83.49751,False,NONE,0.52,-1.16,-0.03,1.35
2026-08-19,2026-08-19T10:32:16.348560,IEX,124.15,124.16,122.2,123.43,2.57,123.43,3.389295,127.53929500000001,120.760705,False,NONE,-0.23,0.12,-0.03,0
2026-08-19,2026-08-19T10:32:16.348560,INDHOTEL,716.75,722.2,714.75,721.05,2.05,721.05,15.410125,732.160125,701.339875,False,NONE,0.41,-2.68,-0.27,1.54
2026-08-19,2026-08-19T10:32:16.348560,INDIANB,878.0,879.0,867.35,871.65,2.75,871.65,25.901000000000003,903.901,852.099,False,NONE,-0.72,-7.08,-0.05,5.48
2026-08-19,2026-08-19T10:32:16.348560,INDIGO,5170.0,5220.0,5165.0,5180.0,2.51,5180.0,140.107,5310.107,5029.893,False,NONE,-0.71,-5.63,0.31,1.64
2026-08-19,2026-08-19T10:32:16.348560,INDUSINDBK,1014.0,1014.4,1009.1,1014.1,2.29,1014.1,23.0178,1037.0178,990.9822,False,NONE,-0.07,0.41,2.68,-5.88
2026-08-19,2026-08-19T10:32:16.348560,INDUSTOWER,373.05,374.8,369.75,371.2,2.53,371.2,9.99774,383.04774000000003,363.05226,False,NONE,-0.95,-3.8,-0.23,-3.23
2026-08-19,2026-08-19T10:32:16.348560,INFY,1127.1,1137.3,1120.4,1121.5,2.76,1121.5,34.71468,1161.81468,1092.3853199999999,False,NONE,0.15,-1.19,-0.08,0
2026-08-19,2026-08-19T10:32:16.348560,INOXWIND,74.95,75.34,73.8,74.44,3.71,74.44,3.13291,78.08291,71.81709000000001,False,NONE,-0.69,-1.96,1.2,0
2026-08-19,2026-08-19T10:32:16.348560,IOC,136.9,138.09,136.9,137.06,2.11,137.06,3.6552300000000004,140.55523,133.24477000000002,False,NONE,-0.5,-8.04,0.02,-1.23
2026-08-19,2026-08-19T10:32:16.348560,IREDA,113.76,114.95,113.23,114.39,2.78,114.39,3.3331680000000006,117.093168,110.426832,False,NONE,0.34,-4.1,0.72,0
2026-08-19,2026-08-19T10:32:16.348560,IRFC,85.86,87.0,85.11,85.22,2.52,85.22,2.2066019999999997,88.066602,83.653398,False,NONE,-0.88,-4.77,0.52,-1.82
2026-08-19,2026-08-19T10:32:16.348560,ITC,269.75,271.25,268.75,268.8,1.88,268.8,5.098275,274.848275,264.651725,False,NONE,-0.76,-3.61,0.18,0
2026-08-19,2026-08-19T10:32:16.348560,JINDALSTEL,1097.0,1121.0,1093.1,1116.0,2.54,1116.0,26.327999999999996,1123.328,1070.672,False,NONE,1.27,6.83,-0.85,-2.99
2026-08-19,2026-08-19T10:32:16.348560,JIOFIN,245.35,246.15,244.05,244.7,2.76,244.7,7.286895,252.63689499999998,238.063105,False,NONE,-0.29,-12.26,-0.02,2.22
2026-08-19,2026-08-19T10:32:16.348560,JSWENERGY,548.05,548.1,543.0,543.15,2.11,543.15,12.659955,560.7099549999999,535.390045,False,NONE,-1.41,-6.04,0.04,1.54
2026-08-19,2026-08-19T10:32:16.348560,JSWSTEEL,1270.1,1284.0,1262.7,1278.3,2.26,1278.3,28.32323,1298.4232299999999,1241.77677,False,NONE,0.59,-1.2,0.1,-1.33
2026-08-19,2026-08-19T10:32:16.348560,JUBLFOOD,502.4,505.3,501.3,503.55,2.69,503.55,13.815999999999999,516.216,488.584,False,NONE,0.02,-2.04,0.22,-1.59
2026-08-19,2026-08-19T10:32:16.348560,KALYANKJIL,602.0,603.55,588.3,592.45,4.22,592.45,27.09,629.09,574.91,False,NONE,-2.09,-1.59,-1.72,-5.71
2026-08-19,2026-08-19T10:32:16.348560,KAYNES,3659.1,3789.0,3640.0,3741.7,4.46,3741.7,155.14584000000002,3814.24584,3503.95416,False,NONE,2.42,5.83,0.86,-2.7
2026-08-19,2026-08-19T10:32:16.348560,KEI,5780.1,5780.1,5648.1,5686.9,2.83,5686.9,158.95275,5939.052750000001,5621.14725,False,NONE,-1.46,4.12,-0.36,-2.33
2026-08-19,2026-08-19T10:32:16.348560,KFINTECH,947.75,955.2,941.05,944.45,3.38,944.45,29.759349999999998,977.50935,917.99065,False,NONE,-0.36,2.24,1.81,-7.69
2026-08-19,2026-08-19T10:32:16.348560,KOTAKBANK,388.5,389.7,386.8,388.75,1.9,388.75,8.0031,396.5031,380.4969,False,NONE,-0.05,-8.66,-0.29,5.08
2026-08-19,2026-08-19T10:32:16.348560,KPITTECH,604.5,609.45,592.8,593.15,3.2,593.15,20.069399999999998,624.5694,584.4306,False,NONE,-1.06,0.66,0.04,-6.25
2026-08-19,2026-08-19T10:32:16.348560,LAURUSLABS,1805.0,1816.0,1792.9,1809.5,2.36,1809.5,46.0275,1851.0275,1758.9725,False,NONE,-0.36,-5.29,0.03,0
2026-08-19,2026-08-19T10:32:16.348560,LICHSGFIN,490.9,492.5,487.5,490.4,2.02,490.4,10.947069999999998,501.84707,479.95293,False,NONE,-0.48,-3.43,-0.9,-2.74
2026-08-19,2026-08-19T10:32:16.348560,LICI,411.0,414.05,410.95,413.15,2.15,413.15,8.5488,419.5488,402.4512,False,NONE,0.56,29.13,-0.42,0
2026-08-19,2026-08-19T10:32:16.348560,LODHA,1222.0,1222.0,1194.6,1208.4,3.35,1208.4,43.8698,1265.8698,1178.1302,False,NONE,-0.58,-8.16,0.47,-1.56
2026-08-19,2026-08-19T10:32:16.348560,LT,4068.1,4073.8,4033.0,4043.3,1.79,4043.3,77.2939,4145.3939,3990.8061,False,NONE,-0.64,-5.29,-0.09,0
2026-08-19,2026-08-19T10:32:16.348560,LTF,326.4,326.65,314.0,315.55,3.55,315.55,11.06496,337.46495999999996,315.33504,False,NONE,-3.16,10.66,1.92,-17.72
2026-08-19,2026-08-19T10:32:16.348560,LTM,4610.0,4651.5,4577.5,4584.3,3.51,4584.3,162.27200000000002,4772.272,4447.728,False,NONE,-0.07,3.32,1.79,0
2026-08-19,2026-08-19T10:32:16.348560,LUPIN,2241.5,2241.5,2220.8,2231.4,1.87,2231.4,44.83,2286.33,2196.67,False,NONE,0.08,-6.82,-0.08,0
2026-08-19,2026-08-19T10:32:16.348560,M&M,3411.0,3427.8,3378.1,3426.0,2.24,3426.0,78.45299999999999,3489.453,3332.547,False,NONE,0.26,-3.79,-0.02,2.82
2026-08-19,2026-08-19T10:32:16.348560,MANAPPURAM,344.0,344.0,340.0,340.55,2.78,340.55,12.005600000000001,356.0056,331.9944,False,NONE,-1.45,-22.06,-0.2,2.08
2026-08-19,2026-08-19T10:32:16.348560,MANKIND,2390.0,2428.0,2390.0,2405.2,2.56,2405.2,72.895,2462.895,2317.105,False,NONE,0.36,9.12,-0.18,-6.67
2026-08-19,2026-08-19T10:32:16.348560,MARICO,848.4,854.05,839.9,850.1,1.92,850.1,17.30736,865.70736,831.09264,False,NONE,0.47,-0.75,-0.61,-1.69
2026-08-19,2026-08-19T10:32:16.348560,MARUTI,13738.0,13738.0,13631.0,13713.0,2.03,13713.0,300.8622,14038.8622,13437.1378,False,NONE,-0.31,-7.77,0.42,0
2026-08-19,2026-08-19T10:32:16.348560,MAXHEALTH,1018.2,1018.2,1005.0,1009.4,2.59,1009.4,28.204140000000002,1046.40414,989.99586,False,NONE,-0.59,-4.17,0.02,-1.85
2026-08-19,2026-08-19T10:32:16.348560,MAZDOCK,2600.0,2606.7,2546.3,2559.7,3.14,2559.7,89.18,2689.18,2510.82,False,NONE,-1.33,-1.99,-0.55,-3.85
2026-08-19,2026-08-19T10:32:16.348560,MCX,3058.0,3067.7,2991.0,3017.1,3.61,3017.1,113.146,3171.146,2944.854,False,NONE,-0.66,3.17,2.02,-12.37
2026-08-19,2026-08-19T10:32:16.348560,MFSL,1581.0,1581.0,1559.9,1563.0,2.55,1563.0,41.7384,1622.7384,1539.2616,False,NONE,-1.08,3.07,0.08,-5.77
2026-08-19,2026-08-19T10:32:16.348560,MIDCPNIFTY,14832.55,14898.1,14798.95,14876.75,1.24,14876.75,191.33989499999998,15023.889894999998,14641.210105,False,NONE,0.03,-0.83,9.61,5.75
2026-08-19,2026-08-19T10:32:16.348560,MOTHERSON,171.05,173.48,169.51,172.76,2.98,172.76,5.02887,176.07887000000002,166.02113,False,NONE,1.56,4.04,1.71,5.66
2026-08-19,2026-08-19T10:32:16.348560,MOTILALOFS,940.2,944.8,930.3,941.45,2.83,941.45,26.41962,966.61962,913.78038,False,NONE,-0.07,7.64,-0.39,4.17
2026-08-19,2026-08-19T10:32:16.348560,MPHASIS,2458.0,2477.2,2421.2,2424.2,3.41,2424.2,87.0132,2545.0132,2370.9868,False,NONE,-1,-1.51,-0.22,-6.12
2026-08-19,2026-08-19T10:32:16.348560,MUTHOOTFIN,2889.9,2890.1,2855.1,2863.0,2.53,2863.0,77.44932,2967.3493200000003,2812.45068,False,NONE,-1.41,0.96,0.57,0
2026-08-19,2026-08-19T10:32:16.348560,NAM-INDIA,1182.0,1194.4,1174.8,1187.0,3.33,1187.0,37.1148,1219.1148,1144.8852,False,NONE,0.8,10.72,15.99,-2.63
2026-08-19,2026-08-19T10:32:16.348560,NATIONALUM,380.05,384.15,378.15,383.05,3.51,383.05,14.251875,394.301875,365.798125,False,NONE,-0.87,-5.02,-0.22,1.64
2026-08-19,2026-08-19T10:32:16.348560,NAUKRI,1358.8,1372.0,1355.5,1361.9,2.87,1361.9,38.99756,1397.79756,1319.80244,False,NONE,0.66,4.75,5.35,-15.71
2026-08-19,2026-08-19T10:32:16.348560,NBCC,87.6,87.86,86.94,87.5,3.12,87.5,2.88204,90.48204,84.71795999999999,False,NONE,-0.55,-3.1,-0.15,-2.56
2026-08-19,2026-08-19T10:32:16.348560,NESTLEIND,1472.4,1480.3,1463.5,1467.9,2.13,1467.9,31.509360000000004,1503.90936,1440.89064,False,NONE,0.23,-1.36,0.17,1.82
2026-08-19,2026-08-19T10:32:16.348560,NHPC,76.44,76.44,75.61,75.97,2.26,75.97,1.857492,78.29749199999999,74.582508,False,NONE,-0.46,-1.58,0.1,1.52
2026-08-19,2026-08-19T10:32:16.348560,NIFTY,24201.0,24201.0,24120.2,24121.4,1.02,24121.4,256.5306,24457.5306,23944.4694,False,NONE,-0.45,-0.2,1.31,-8.54
2026-08-19,2026-08-19T10:32:16.348560,NIFTYFPI,1586.0,1596.9,1584.15,1596.0,-,1596.0,,,,False,NONE,-,-,-,-
2026-08-19,2026-08-19T10:32:16.348560,NIFTYNXT50,73965.4,74016.8,73665.2,73880.0,1.66,73880.0,1412.878,75774.878,72949.122,False,NONE,-0.45,9.58,-5.04,-4.35
2026-08-19,2026-08-19T10:32:16.348560,NMDC,83.2,83.94,83.11,83.45,2.55,83.45,2.2547200000000003,85.45472000000001,80.94528,False,NONE,-0.83,-8.88,0.03,-4.17
2026-08-19,2026-08-19T10:32:16.348560,NTPC,337.0,339.35,334.9,334.95,2.12,334.95,7.009600000000001,344.0096,329.9904,False,NONE,-0.93,4.26,-0.02,-2
2026-08-19,2026-08-19T10:32:16.348560,NYKAA,321.9,325.85,320.65,324.75,2.63,324.75,8.465969999999999,330.36596999999995,313.43403,False,NONE,0.89,2.35,-0.19,0
2026-08-19,2026-08-19T10:32:16.348560,OBEROIRLTY,1863.8,1892.3,1831.8,1870.8,3.2,1870.8,62.81006,1926.61006,1800.98994,False,NONE,0.49,-7.37,-0.68,16.67
2026-08-19,2026-08-19T10:32:16.348560,OFSS,11744.0,11840.0,11690.0,11735.0,3.63,11735.0,425.1328,12169.1328,11318.8672,False,NONE,0.87,1.29,0.22,-5.06
2026-08-19,2026-08-19T10:32:16.348560,OIL,485.0,486.05,480.1,480.7,2.86,480.7,15.811,500.811,469.189,False,NONE,-0.36,-6.47,0.66,0
2026-08-19,2026-08-19T10:32:16.348560,ONGC,241.0,242.61,240.1,240.59,1.81,240.59,4.6031,245.6031,236.3969,False,NONE,0.61,-12.28,-0.39,2.78
2026-08-19,2026-08-19T10:32:16.348560,PAGEIND,36480.0,36480.0,35730.0,35810.0,2.78,35810.0,1017.7919999999999,37497.792,35462.208,False,NONE,-1.57,-3.2,-0.95,-6.67
2026-08-19,2026-08-19T10:32:16.348560,PATANJALI,349.9,354.9,349.0,349.0,3.23,349.0,12.10654,362.00654,337.79346,False,NONE,-0.33,0.84,-0.64,4.65
2026-08-19,2026-08-19T10:32:16.348560,PAYTM,1552.0,1604.0,1547.1,1600.0,3.44,1600.0,51.3712,1603.3712,1500.6288,False,NONE,2.97,3.36,2.8,-8.86
2026-08-19,2026-08-19T10:32:16.348560,PERSISTENT,5512.5,5587.5,5489.0,5498.0,3.22,5498.0,212.23125,5724.73125,5300.26875,False,NONE,0.57,4.32,0.71,-16.98
2026-08-19,2026-08-19T10:32:16.348560,PETRONET,285.0,291.15,285.0,289.45,2.44,289.45,9.2625,294.2625,275.7375,False,NONE,1.6,14.09,0.67,-16.33
2026-08-19,2026-08-19T10:32:16.348560,PFC,374.65,374.65,372.3,372.35,2,372.35,8.2423,382.8923,366.4077,False,NONE,-0.52,-5.78,0.01,4
2026-08-19,2026-08-19T10:32:16.348560,PGEL,598.15,599.4,584.35,595.85,3.66,595.85,22.251179999999998,620.40118,575.89882,False,NONE,-0.35,1.93,-0.06,5
2026-08-19,2026-08-19T10:32:16.348560,PHOENIXLTD,1950.5,1950.5,1909.7,1918.4,2.32,1918.4,46.0318,1996.5318,1904.4682,False,NONE,-1.16,-2.21,-0.13,3.51
2026-08-19,2026-08-19T10:32:16.348560,PIDILITIND,1657.6,1670.4,1653.0,1669.4,1.89,1669.4,31.991679999999995,1689.59168,1625.6083199999998,False,NONE,0.1,1.78,2.99,6.56
2026-08-19,2026-08-19T10:32:16.348560,PIIND,2511.0,2517.9,2491.3,2492.7,2.81,2492.7,73.8234,2584.8234,2437.1766,False,NONE,-0.5,0.65,0.51,-4.44
2026-08-19,2026-08-19T10:32:16.348560,PNB,116.33,117.34,116.23,116.9,2.66,116.9,3.245607,119.575607,113.08439299999999,False,NONE,0.06,-1.87,0.07,1.1
2026-08-19,2026-08-19T10:32:16.348560,PNBHOUSING,1155.0,1155.3,1138.7,1151.0,2.73,1151.0,33.264,1188.264,1121.736,False,NONE,0.59,-12.09,-0.08,0
2026-08-19,2026-08-19T10:32:16.348560,POLICYBZR,1738.2,1791.9,1738.2,1770.0,3.37,1770.0,56.66532,1794.86532,1681.53468,False,NONE,1.03,8.95,1.85,-21.62
2026-08-19,2026-08-19T10:32:16.348560,POLYCAB,9050.0,9088.5,8958.5,9034.0,2.56,9034.0,248.875,9298.875,8801.125,False,NONE,-1.07,-4.03,0.41,6.67
2026-08-19,2026-08-19T10:32:16.348560,POWERGRID,267.95,267.95,264.15,264.3,2.01,264.3,4.71592,272.66591999999997,263.23408,False,NONE,-1.56,6.05,0.32,0
2026-08-19,2026-08-19T10:32:16.348560,POWERINDIA,34765.0,35005.0,33720.0,33860.0,3.43,33860.0,1143.7685000000001,35908.7685,33621.2315,False,NONE,-4.07,7.13,-0.51,-6.67
2026-08-19,2026-08-19T10:32:16.348560,PREMIERENE,1013.2,1020.6,1010.5,1014.3,2.88,1014.3,30.69996,1043.89996,982.50004,False,NONE,-0.15,-3.19,-0.07,0
2026-08-19,2026-08-19T10:32:16.348560,PRESTIGE,1582.2,1592.9,1569.4,1583.1,2.87,1583.1,48.09888,1630.29888,1534.10112,False,NONE,-0.98,-2.12,-0.16,-2.38
2026-08-19,2026-08-19T10:32:16.348560,RADICO,4682.1,4747.7,4682.1,4701.1,2.71,4701.1,152.16825,4834.26825,4529.931750000001,False,NONE,-0.25,-8.67,1.76,3.08
2026-08-19,2026-08-19T10:32:16.348560,RBLBANK,383.85,383.85,379.5,381.8,2.74,381.8,11.170035,395.020035,372.67996500000004,False,NONE,-0.51,-1.21,-0.13,-1.47
2026-08-19,2026-08-19T10:32:16.348560,RECLTD,336.7,339.4,336.35,336.65,1.99,336.65,7.676759999999999,344.37676,329.02324,False,NONE,-0.58,-7.24,-0.47,-2.94
2026-08-19,2026-08-19T10:32:16.348560,RELIANCE,1321.0,1321.0,1310.4,1310.6,1.58,1310.6,22.7212,1343.7212,1298.2788,False,NONE,-0.75,-6.06,0.47,-1.75
2026-08-19,2026-08-19T10:32:16.348560,RVNL,224.2,226.69,221.2,221.8,2.91,221.8,6.322439999999999,230.52244,217.87756,False,NONE,-1.22,3.6,0.07,-2
2026-08-19,2026-08-19T10:32:16.348560,SAIL,170.55,173.18,169.87,173.18,5.96,173.18,4.7754,175.3254,165.77460000000002,False,NONE,0.27,28.15,-0.01,0
2026-08-19,2026-08-19T10:32:16.348560,SBICARD,615.4,618.85,612.5,615.4,2.86,615.4,18.58508,633.9850799999999,596.81492,False,NONE,-0.12,-5.62,-0.19,3.92
2026-08-19,2026-08-19T10:32:16.348560,SBILIFE,1771.2,1793.9,1756.0,1759.8,2.08,1759.8,48.176640000000006,1819.37664,1723.0233600000001,False,NONE,-1.16,-0.3,0.42,1.96
2026-08-19,2026-08-19T10:32:16.348560,SBIN,1053.8,1056.0,1048.4,1050.5,2.11,1050.5,23.394360000000002,1077.19436,1030.40564,False,NONE,-0.36,-5.34,0,1.96
2026-08-19,2026-08-19T10:32:16.348560,SENSEX,77402.1,77402.1,77192.25,77203.4,0.56,77203.4,456.67239,77858.77239000001,76945.42761,False,NONE,-0.4,-1.8,3.71,-7.92
2026-08-19,2026-08-19T10:32:16.348560,SHREECEM,24575.0,24575.0,24150.0,24245.0,3.51,24245.0,496.415,25071.415,24078.585,False,NONE,-1.76,11.7,0.2,0
2026-08-19,2026-08-19T10:32:16.348560,SHRIRAMFIN,1113.5,1113.5,1097.6,1108.6,2.99,1108.6,33.405,1146.905,1080.095,False,NONE,0.02,-2.25,-0.75,1.82
2026-08-19,2026-08-19T10:32:16.348560,SIEMENS,3930.3,3949.4,3894.8,3915.4,2.92,3915.4,112.79961000000002,4043.09961,3817.50039,False,NONE,-1,4.79,-0.24,-3.39
2026-08-19,2026-08-19T10:32:16.348560,SOLARINDS,20050.0,20249.0,19564.0,19695.0,3.53,19695.0,695.735,20745.735,19354.265,False,NONE,-1.99,-0.91,1.01,-11.11
2026-08-19,2026-08-19T10:32:16.348560,SONACOMS,829.0,831.9,817.45,829.1,3.2,829.1,25.8648,854.8648,803.1352,False,NONE,0.19,4.02,1.33,0
2026-08-19,2026-08-19T10:32:16.348560,SRF,2632.5,2632.5,2600.0,2604.3,2.12,2604.3,58.441500000000005,2690.9415,2574.0585,False,NONE,-1.07,-2.83,0.13,0
2026-08-19,2026-08-19T10:32:16.348560,SUNPHARMA,1872.3,1899.6,1872.3,1895.8,1.84,1895.8,37.446,1909.7459999999999,1834.854,False,NONE,0.7,-3.92,0.1,1.92
2026-08-19,2026-08-19T10:32:16.348560,SUPREMEIND,3551.0,3620.7,3551.0,3606.0,2.33,3606.0,95.5219,3646.5219,3455.4781,False,NONE,0.12,-6.76,0.73,1.56
2026-08-19,2026-08-19T10:32:16.348560,SUZLON,47.68,47.68,46.96,46.98,3.04,46.98,1.5400639999999999,49.220064,46.139936,False,NONE,-1.61,-0.61,-0.02,-4.88
2026-08-19,2026-08-19T10:32:16.348560,SWIGGY,276.15,276.8,270.05,272.75,4,272.75,12.53721,288.68721,263.61278999999996,False,NONE,-0.62,-7.98,-0.07,-4.26
2026-08-19,2026-08-19T10:32:16.348560,TATACONSUM,1062.1,1071.5,1061.1,1065.0,2.16,1065.0,24.53451,1086.6345099999999,1037.56549,False,NONE,-0.09,-7.55,0.1,1.64
2026-08-19,2026-08-19T10:32:16.348560,TATAELXSI,3633.4,3671.9,3633.4,3646.2,2.96,3646.2,118.81218000000001,3752.21218,3514.58782,False,NONE,-0.28,-4.2,-0.86,30.43
2026-08-19,2026-08-19T10:32:16.348560,TATAPOWER,379.95,379.95,375.0,375.1,2.2,375.1,8.092934999999999,388.042935,371.857065,False,NONE,-1.26,1.43,0.18,0
2026-08-19,2026-08-19T10:32:16.348560,TATASTEEL,184.44,185.07,182.71,184.46,2.46,184.46,4.79544,189.23544,179.64455999999998,False,NONE,-0.33,-4.21,-0.08,0
2026-08-19,2026-08-19T10:32:16.348560,TCS,2308.0,2308.0,2268.8,2270.0,2.69,2270.0,63.931599999999996,2371.9316,2244.0684,False,NONE,-0.83,-1.5,-0.17,-3.45
2026-08-19,2026-08-19T10:32:16.348560,TECHM,1605.0,1613.8,1588.7,1590.9,2.43,1590.9,39.483,1644.483,1565.517,False,NONE,-0.49,1.78,0.43,-2.17
2026-08-19,2026-08-19T10:32:16.348560,TIINDIA,2950.0,2960.3,2910.0,2911.2,3.46,2911.2,106.79,3056.79,2843.21,False,NONE,-1.92,-5.19,-2.06,-5.66
2026-08-19,2026-08-19T10:32:16.348560,TITAN,5065.0,5076.2,5036.0,5064.0,1.77,5064.0,91.67649999999999,5156.6765,4973.3235,False,NONE,0.02,-1.67,-0.67,-3.12
2026-08-19,2026-08-19T10:32:16.348560,TMPV,324.4,324.5,320.75,321.15,2.45,321.15,8.921,333.32099999999997,315.479,False,NONE,-0.91,-9.01,0.11,0
2026-08-19,2026-08-19T10:32:16.348560,TORNTPHARM,4971.0,5006.5,4945.5,4999.5,2.39,4999.5,123.2808,5094.2808,4847.7192,False,NONE,0.37,2.31,-0.3,3.13
2026-08-19,2026-08-19T10:32:16.348560,TRENT,2950.0,2959.4,2930.5,2950.9,2.63,2950.9,82.305,3032.305,2867.695,False,NONE,-0.14,-4.4,-0.57,2.56
2026-08-19,2026-08-19T10:32:16.348560,TVSMOTOR,4389.0,4393.6,4364.1,4382.1,2.34,4382.1,107.53050000000002,4496.5305,4281.4695,False,NONE,0.69,4.02,0.08,-4.55
2026-08-19,2026-08-19T10:32:16.348560,ULTRACEMCO,11522.0,11522.0,11420.0,11443.0,2.04,11443.0,241.96200000000002,11763.962,11280.038,False,NONE,-0.88,-1.63,0.47,2.44
2026-08-19,2026-08-19T10:32:16.348560,UNIONBANK,185.1,187.76,185.1,186.5,2.89,186.5,5.77512,190.87511999999998,179.32488,False,NONE,-0.09,-3.24,0.22,-1.15
2026-08-19,2026-08-19T10:32:16.348560,UNITDSPR,1527.2,1536.8,1527.2,1529.6,2.1,1529.6,33.29296,1560.49296,1493.90704,False,NONE,0.09,-6.69,0,-1.72
2026-08-19,2026-08-19T10:32:16.348560,UNOMINDA,1283.0,1288.0,1261.9,1284.8,2.6,1284.8,31.0486,1314.0486,1251.9514,False,NONE,0.54,10.68,0.07,-12.96
2026-08-19,2026-08-19T10:32:16.348560,UPL,558.15,564.6,557.65,559.3,2.42,559.3,13.95375,572.10375,544.19625,False,NONE,-0.12,0.17,0.22,2
2026-08-19,2026-08-19T10:32:16.348560,VBL,437.0,439.6,436.65,437.2,2.47,437.2,11.056099999999999,448.0561,425.9439,False,NONE,-0.38,-5.56,-0.43,0
2026-08-19,2026-08-19T10:32:16.348560,VEDL,264.6,265.0,261.65,262.8,3.12,262.8,8.83764,273.43764000000004,255.76236000000003,False,NONE,-1.02,-2.23,-0.46,0
2026-08-19,2026-08-19T10:32:16.348560,VMM,103.68,104.31,103.31,103.75,3.15,103.75,11.850624,115.530624,91.82937600000001,False,NONE,-0.2,-2.9,-0.25,0
2026-08-19,2026-08-19T10:32:16.348560,VOLTAS,1248.0,1248.0,1225.3,1225.3,3.13,1225.3,38.313599999999994,1286.3136,1209.6864,False,NONE,-1.98,-0.07,4.56,6.67
2026-08-19,2026-08-19T10:32:16.348560,WAAREEENER,2676.9,2709.9,2670.0,2670.0,2.81,2670.0,70.67016000000001,2747.57016,2606.22984,False,NONE,-1.24,5.61,0.38,1.89
2026-08-19,2026-08-19T10:32:16.348560,WIPRO,179.5,180.1,177.96,178.96,2.55,178.96,4.7388,184.2388,174.7612,False,NONE,0.12,-3.56,-0.45,1.52
2026-08-19,2026-08-19T10:32:16.348560,YESBANK,22.52,22.79,22.4,22.69,2.87,22.69,0.6508280000000001,23.170828,21.869172,False,NONE,0.71,-5.93,2.5,0
2026-08-19,2026-08-19T10:32:16.348560,ZYDUSLIFE,1121.0,1128.1,1115.6,1125.7,2.49,1125.7,29.5944,1150.5944,1091.4056,False,NONE,0.53,-2.94,-0.45,0
2026-08-19,2026-08-19T10:42:33.810569,360ONE,1165.0,1186.2,1160.1,1181.0,3.03,1181.0,32.969500000000004,1197.9695,1132.0305,False,NONE,0.97,0.14,-1.11,-1.85
2026-08-19,2026-08-19T10:42:33.810569,ABB,7546.0,7559.0,7415.0,7451.0,2.89,7451.0,218.07940000000002,7764.0794,7327.9206,False,NONE,-1.78,-2.92,-0.83,-1.96
2026-08-19,2026-08-19T10:42:33.810569,ABCAPITAL,401.6,401.7,394.55,394.8,2.55,394.8,10.6424,412.24240000000003,390.9576,False,NONE,-1.86,-2.2,0.21,-6.85
2026-08-19,2026-08-19T10:42:33.810569,ADANIENSOL,1590.0,1590.0,1548.0,1557.0,3.88,1557.0,60.897,1650.897,1529.103,False,NONE,-2.97,12.7,0.35,0
2026-08-19,2026-08-19T10:42:33.810569,ADANIENT,3005.0,3016.8,2973.1,2985.9,2.86,2985.9,86.544,3091.544,2918.456,False,NONE,-0.84,2.29,0.03,0
2026-08-19,2026-08-19T10:42:33.810569,ADANIGREEN,1310.0,1310.0,1281.5,1288.6,3.24,1288.6,42.575,1352.575,1267.425,False,NONE,-1.85,-1.91,-0.42,0
2026-08-19,2026-08-19T10:42:33.810569,ADANIPORTS,1691.5,1691.5,1671.1,1672.0,2.28,1672.0,38.05875,1729.55875,1653.44125,False,NONE,-0.85,2.26,-0.33,-1.89
2026-08-19,2026-08-19T10:42:33.810569,ADANIPOWER,206.13,206.26,202.6,203.1,3.2,203.1,7.42068,213.55068,198.70932,False,NONE,-1.75,-5.79,0.02,2.13
2026-08-19,2026-08-19T10:42:33.810569,ALKEM,5420.0,5486.0,5420.0,5464.5,2.26,5464.5,122.49199999999999,5542.492,5297.508,False,NONE,-0.13,-2.46,0.88,2.27
2026-08-19,2026-08-19T10:42:33.810569,AMBER,7385.0,7385.0,7211.5,7287.0,2.99,7287.0,219.33450000000002,7604.3345,7165.6655,False,NONE,-1.24,8.11,-0.45,-3.28
2026-08-19,2026-08-19T10:42:33.810569,AMBUJACEM,410.6,411.3,406.5,406.9,2.24,406.9,8.910020000000001,419.51002,401.68998000000005,False,NONE,-1.27,-2.3,-0.06,-1.85
2026-08-19,2026-08-19T10:42:33.810569,ANGELONE,290.5,294.5,288.8,291.3,3.48,291.3,10.458,300.958,280.042,False,NONE,0.07,-0.89,0.82,0
2026-08-19,2026-08-19T10:42:33.810569,APLAPOLLO,2105.0,2122.0,2098.4,2117.6,2.13,2117.6,48.204499999999996,2153.2045,2056.7955,False,NONE,0.01,6.77,0.56,1.47
2026-08-19,2026-08-19T10:42:33.810569,APOLLOHOSP,8840.0,8860.0,8758.0,8855.0,1.83,8855.0,150.28,8990.28,8689.72,False,NONE,0.28,3.65,-0.4,1.35
2026-08-19,2026-08-19T10:42:33.810569,ASHOKLEY,174.3,176.19,174.16,175.72,2.77,175.72,5.00241,179.30241,169.29759,False,NONE,-0.41,-2.5,0.37,2.94
2026-08-19,2026-08-19T10:42:33.810569,ASIANPAINT,2620.0,2640.0,2610.0,2619.6,2.17,2619.6,59.211999999999996,2679.212,2560.788,False,NONE,-0.29,-4.54,-0.12,-1.85
2026-08-19,2026-08-19T10:42:33.810569,ASTRAL,1539.8,1543.3,1512.0,1528.6,2.46,1528.6,36.49326,1576.29326,1503.30674,False,NONE,0.11,3.95,0.21,-5.26
2026-08-19,2026-08-19T10:42:33.810569,AUBANK,1075.0,1075.5,1064.3,1069.9,2.77,1069.9,30.2075,1105.2075,1044.7925,False,NONE,-0.56,-0.31,2.91,-2.74
2026-08-19,2026-08-19T10:42:33.810569,AUROPHARMA,1638.1,1641.8,1629.5,1629.5,2.63,1629.5,45.70299,1683.80299,1592.39701,False,NONE,-0.71,-5.53,-0.08,0
2026-08-19,2026-08-19T10:42:33.810569,AXISBANK,1244.0,1244.1,1232.0,1237.9,1.81,1237.9,24.7556,1268.7556,1219.2444,False,NONE,-0.85,-7.97,0.2,0
2026-08-19,2026-08-19T10:42:33.810569,BAJAJ-AUTO,11620.0,11685.0,11541.0,11654.0,2.11,11654.0,246.34400000000002,11866.344,11373.656,False,NONE,0.2,-0.99,0.79,15.32
2026-08-19,2026-08-19T10:42:33.810569,BAJAJFINSV,2000.0,2010.2,1990.3,2002.9,2.18,2002.9,44.6,2044.6,1955.4,False,NONE,-0.4,4.6,0.07,8
2026-08-19,2026-08-19T10:42:33.810569,BAJAJHLDNG,11288.0,11341.0,11263.0,11313.0,2.31,11313.0,261.8816,11549.8816,11026.1184,False,NONE,0.35,11.06,-0.09,-1.43
2026-08-19,2026-08-19T10:42:33.810569,BAJFINANCE,1091.2,1091.2,1081.1,1087.0,2.3,1087.0,26.1888,1117.3888,1065.0112000000001,False,NONE,-0.59,-3.69,-0.01,-1.3
2026-08-19,2026-08-19T10:42:33.810569,BANDHANBNK,170.2,170.2,167.81,168.66,2.54,168.66,5.14004,175.34004,165.05996,False,NONE,-1.57,-10.45,-0.06,0
2026-08-19,2026-08-19T10:42:33.810569,BANKBARODA,244.0,245.78,243.35,243.71,2.44,243.71,6.4172,250.4172,237.5828,False,NONE,-0.17,-9.47,0.4,1.23
2026-08-19,2026-08-19T10:42:33.810569,BANKEX,65514.65,65514.65,65514.65,65514.65,1.71,65514.65,1133.4034450000001,66648.053445,64381.246555,False,NONE,-,29.28,0,-1.08
2026-08-19,2026-08-19T10:42:33.810569,BANKINDIA,142.65,143.39,141.91,142.05,2.76,142.05,4.47921,147.12921,138.17079,False,NONE,-0.36,-4.83,0.04,1.3
2026-08-19,2026-08-19T10:42:33.810569,BANKNIFTY,57402.0,57402.0,57151.0,57235.0,1.26,57235.0,757.7064,58159.7064,56644.2936,False,NONE,-0.35,-0.9,1.27,0
2026-08-19,2026-08-19T10:42:33.810569,BDL,1405.0,1405.0,1361.0,1366.5,3.36,1366.5,51.00149999999999,1456.0015,1353.9985,False,NONE,-2.52,-6.17,-0.09,-11.67
2026-08-19,2026-08-19T10:42:33.810569,BEL,414.0,414.0,406.7,408.8,2.39,408.8,10.2258,424.2258,403.7742,False,NONE,-1.06,-0.79,-1.08,0
2026-08-19,2026-08-19T10:42:33.810569,BHARATFORG,2093.4,2093.4,2058.6,2075.5,2.6,2075.5,56.521800000000006,2149.9218,2036.8782,False,NONE,-0.72,-3.33,0.17,2.04
2026-08-19,2026-08-19T10:42:33.810569,BHARTIARTL,1935.0,1945.0,1931.1,1941.0,1.75,1941.0,34.83,1969.83,1900.17,False,NONE,-0.09,-4.06,1.97,0
2026-08-19,2026-08-19T10:42:33.810569,BHEL,424.3,424.3,414.3,416.7,3.34,416.7,14.765640000000001,439.06564000000003,409.53436,False,NONE,-1.98,-3.57,0.58,-1.85
2026-08-19,2026-08-19T10:42:33.810569,BIOCON,416.6,417.65,414.25,414.55,2.5,414.55,10.53998,427.13998000000004,406.06002,False,NONE,-1.23,-0.25,-0.2,-1.37
2026-08-19,2026-08-19T10:42:33.810569,BLUESTARCO,1488.3,1493.3,1476.0,1486.1,2.81,1486.1,42.11889,1530.41889,1446.18111,False,NONE,-0.38,-7.43,13.5,4.76
2026-08-19,2026-08-19T10:42:33.810569,BOSCHLTD,48840.0,49100.0,48685.0,48860.0,2.39,48860.0,1191.696,50031.695999999996,47648.304000000004,False,NONE,0.18,2.43,1.48,-2.63
2026-08-19,2026-08-19T10:42:33.810569,BPCL,310.7,311.55,307.35,307.45,2.5,307.45,8.01606,318.71605999999997,302.68394,False,NONE,-1.4,-0.51,1.12,1.67
2026-08-19,2026-08-19T10:42:33.810569,BRITANNIA,5460.0,5550.0,5460.0,5512.0,1.87,5512.0,105.37799999999999,5565.378,5354.622,False,NONE,0.19,-5.51,6.01,9.8
2026-08-19,2026-08-19T10:42:33.810569,BSE,3319.0,3374.0,3293.3,3362.2,3.6,3362.2,116.165,3435.165,3202.835,False,NONE,1.3,1.68,-0.29,4.55
2026-08-19,2026-08-19T10:42:33.810569,CAMS,760.0,765.05,753.95,759.0,2.57,759.0,20.216,780.216,739.784,False,NONE,-0.08,-5.7,0.38,-2.22
2026-08-19,2026-08-19T10:42:33.810569,CANBK,129.4,129.59,128.17,128.67,2.79,128.67,3.8820000000000006,133.282,125.518,False,NONE,-0.27,-3.85,0.13,2.63
2026-08-19,2026-08-19T10:42:33.810569,CDSL,1338.0,1347.8,1335.7,1340.4,2.72,1340.4,36.5274,1374.5274,1301.4726,False,NONE,-0.36,-0.68,-0.72,-1.69
2026-08-19,2026-08-19T10:42:33.810569,CGPOWER,886.0,886.0,863.0,866.3,3.27,866.3,29.3266,915.3266,856.6734,False,NONE,-2.67,6.92,1.18,2
2026-08-19,2026-08-19T10:42:33.810569,CHOLAFIN,1870.1,1870.1,1855.3,1864.6,2.61,1864.6,57.786089999999994,1927.88609,1812.3139099999999,False,NONE,-0.59,1.82,-0.18,9.52
2026-08-19,2026-08-19T10:42:33.810569,CIPLA,1424.8,1433.3,1420.6,1427.6,2.06,1427.6,31.20312,1456.0031199999999,1393.59688,False,NONE,-0.13,-0.25,-0.1,1.82
2026-08-19,2026-08-19T10:42:33.810569,COALINDIA,407.2,408.85,397.75,398.35,2.21,398.35,8.06256,415.26256,399.13743999999997,True,DOWN,-2.42,18.45,0.07,0
2026-08-19,2026-08-19T10:42:33.810569,COCHINSHIP,1509.0,1509.0,1475.4,1480.8,2.77,1480.8,47.080799999999996,1556.0808,1461.9192,False,NONE,-0.91,-9.69,0.62,-4.55
2026-08-19,2026-08-19T10:42:33.810569,COFORGE,1796.8,1817.4,1788.8,1811.7,3.09,1811.7,58.75536,1855.55536,1738.0446399999998,False,NONE,1.96,5.95,0.28,0
2026-08-19,2026-08-19T10:42:33.810569,COLPAL,1903.0,1913.2,1891.4,1892.1,2.16,1892.1,42.6272,1945.6272,1860.3728,False,NONE,-0.71,-1.73,1.08,-7.27
2026-08-19,2026-08-19T10:42:33.810569,CONCOR,517.1,519.5,515.2,516.1,2.28,516.1,12.77237,529.87237,504.32763,False,NONE,-0.84,-10.26,0.13,-3.85
2026-08-19,2026-08-19T10:42:33.810569,CROMPTON,246.3,247.3,242.4,243.2,3.02,243.2,7.29048,253.59048,239.00952,False,NONE,-0.65,0.11,-0.04,-3.45
2026-08-19,2026-08-19T10:42:33.810569,CUMMINSIND,5330.0,5387.0,5253.5,5263.0,2.85,5263.0,148.174,5478.174,5181.826,False,NONE,-2.32,1.8,0.35,-4.84
2026-08-19,2026-08-19T10:42:33.810569,DABUR,402.9,402.9,400.25,400.7,1.87,400.7,8.13858,411.03857999999997,394.76142,False,NONE,-0.57,-7.28,0.2,0
2026-08-19,2026-08-19T10:42:33.810569,DALBHARAT,1835.2,1856.6,1830.7,1844.2,2.58,1844.2,50.10096000000001,1885.30096,1785.09904,False,NONE,-0.21,0.89,-0.41,17.24
2026-08-19,2026-08-19T10:42:33.810569,DELHIVERY,452.15,452.45,448.2,448.95,2.44,448.95,10.942029999999999,463.09202999999997,441.20797,False,NONE,-0.56,2.1,-0.32,1.69
2026-08-19,2026-08-19T10:42:33.810569,DIVISLAB,8599.5,8599.5,8513.0,8533.0,2.16,8533.0,204.66809999999998,8804.1681,8394.8319,False,NONE,-0.57,-3.19,0.06,3.45
2026-08-19,2026-08-19T10:42:33.810569,DIXON,14130.0,14212.0,14037.0,14172.0,3.34,14172.0,453.57300000000004,14583.573,13676.427,False,NONE,-0.09,0.32,-0.25,2
2026-08-19,2026-08-19T10:42:33.810569,DLF,673.5,673.5,658.0,668.5,3.02,668.5,20.3397,693.8397,653.1603,False,NONE,-0.16,2.05,1.36,1.54
2026-08-19,2026-08-19T10:42:33.810569,DMART,4009.5,4011.0,3974.6,3983.7,2.3,3983.7,94.6242,4104.1242,3914.8758,False,NONE,-0.11,0.05,-0.19,-1.67
2026-08-19,2026-08-19T10:42:33.810569,DRREDDY,1176.0,1186.7,1174.8,1183.1,1.94,1183.1,23.7552,1199.7552,1152.2448,False,NONE,0.21,-7.4,-0.89,7.27
2026-08-19,2026-08-19T10:42:33.810569,EICHERMOT,8050.0,8050.0,7992.0,8019.5,1.87,8019.5,157.78,8207.78,7892.22,False,NONE,-0.47,-1.8,0.17,1.14
2026-08-19,2026-08-19T10:42:33.810569,ETERNAL,314.05,319.7,314.05,318.6,2.98,318.6,9.60993,323.65993000000003,304.44007,False,NONE,0.46,2.16,0.28,-1.56
2026-08-19,2026-08-19T10:42:33.810569,FEDERALBNK,357.3,360.3,356.05,358.7,2.03,358.7,7.82487,365.12487,349.47513000000004,False,NONE,-0.08,-3.39,0,2.9
2026-08-19,2026-08-19T10:42:33.810569,FINNIFTY,26027.2,26113.5,26020.0,26061.6,1.31,26061.6,366.98352,26394.183520000002,25660.21648,False,NONE,-0.45,-0.47,-0.58,-2.9
2026-08-19,2026-08-19T10:42:33.810569,FOCIT,36896.0,36970.0,36888.0,36917.0,2.6,36917.0,1003.5712000000001,37899.5712,35892.4288,False,NONE,0,-0.55,0,2.53
2026-08-19,2026-08-19T10:42:33.810569,FORCEMOT,18228.0,18248.0,17890.0,17914.0,3.38,17914.0,610.638,18838.638,17617.362,False,NONE,-1.58,-5.21,1.79,0
2026-08-19,2026-08-19T10:42:33.810569,FORTIS,925.0,925.0,912.05,920.4,2.41,920.4,22.8475,947.8475,902.1525,False,NONE,0.03,-0.78,-0.34,1.28
2026-08-19,2026-08-19T10:42:33.810569,GAIL,172.2,173.38,171.49,171.82,2.19,171.82,4.11558,176.31557999999998,168.08442,False,NONE,0.01,-6.11,-0.06,2.86
2026-08-19,2026-08-19T10:42:33.810569,GLENMARK,2301.3,2319.0,2245.1,2248.5,2.31,2248.5,52.00938,2353.30938,2249.29062,True,DOWN,-2.95,-0.63,-0.57,-5.17
2026-08-19,2026-08-19T10:42:33.810569,GMRAIRPORT,102.01,103.44,101.87,102.0,2.6,102.0,2.9174860000000002,104.927486,99.09251400000001,False,NONE,0.04,4.45,0.32,-4.84
2026-08-19,2026-08-19T10:42:33.810569,GODFRYPHLP,2114.7,2147.3,2104.0,2104.9,3.61,2104.9,79.08978,2193.7897799999996,2035.6102199999998,False,NONE,-0.28,-1,0.72,0
2026-08-19,2026-08-19T10:42:33.810569,GODREJCP,934.5,939.0,929.3,933.6,2.35,933.6,23.269050000000004,957.76905,911.23095,False,NONE,-0.13,-6.6,-0.31,0
2026-08-19,2026-08-19T10:42:33.810569,GODREJPROP,2016.0,2016.0,1972.1,1982.5,3.12,1982.5,63.504,2079.504,1952.496,False,NONE,-1.48,0.77,0.09,1.79
2026-08-19,2026-08-19T10:42:33.810569,GRASIM,3272.3,3272.3,3222.2,3225.1,2.3,3225.1,76.89905,3349.19905,3195.40095,False,NONE,-1.46,-1.82,0.64,0
2026-08-19,2026-08-19T10:42:33.810569,GVT&D,4145.0,4145.0,4042.5,4085.0,3.52,4085.0,161.655,4306.655,3983.345,False,NONE,-2.8,3.85,0.6,10.53
2026-08-19,2026-08-19T10:42:33.810569,HAL,5081.0,5099.6,5012.1,5028.5,2.68,5028.5,138.7113,5219.7113,4942.2887,False,NONE,-1.18,-4.32,0.31,1.41
2026-08-19,2026-08-19T10:42:33.810569,HAVELLS,1290.2,1305.0,1280.9,1280.9,2.41,1280.9,31.22284,1321.42284,1258.9771600000001,False,NONE,-0.79,3.41,0.73,-2.17
2026-08-19,2026-08-19T10:42:33.810569,HCLTECH,1311.2,1324.0,1306.4,1309.4,2.75,1309.4,38.81152,1350.01152,1272.38848,False,NONE,0.34,-2.9,-0.48,-4.62
2026-08-19,2026-08-19T10:42:33.810569,HDFCAMC,2515.9,2539.9,2501.5,2535.7,2.67,2535.7,62.39432,2578.29432,2453.50568,False,NONE,0.82,3.11,-0.1,7.14
2026-08-19,2026-08-19T10:42:33.810569,HDFCBANK,724.6,726.0,716.85,717.9,1.97,717.9,15.941200000000002,740.5412,708.6588,False,NONE,-0.86,-10.19,-0.03,-1.92
2026-08-19,2026-08-19T10:42:33.810569,HDFCLIFE,538.35,539.55,533.85,534.05,2.17,534.05,12.005205,550.3552050000001,526.344795,False,NONE,-0.96,1.71,0.05,1.89
2026-08-19,2026-08-19T10:42:33.810569,HEROMOTOCO,5680.0,5778.0,5680.0,5745.0,2.51,5745.0,140.864,5820.864,5539.136,False,NONE,0.31,-0.97,1.39,-1.12
2026-08-19,2026-08-19T10:42:33.810569,HINDALCO,1028.0,1034.9,1025.0,1031.5,2.44,1031.5,25.5972,1053.5972,1002.4028,False,NONE,-0.97,-2.38,-0.19,1.64
2026-08-19,2026-08-19T10:42:33.810569,HINDPETRO,367.95,367.95,365.0,365.2,2.81,365.2,10.339395,378.289395,357.61060499999996,False,NONE,-0.75,-2.39,-0.37,1.82
2026-08-19,2026-08-19T10:42:33.810569,HINDUNILVR,2037.3,2043.0,2023.1,2025.0,1.75,2025.0,38.7087,2076.0087,1998.5913,False,NONE,-0.81,-4.98,0.68,-3.51
2026-08-19,2026-08-19T10:42:33.810569,HINDZINC,549.0,554.4,549.0,552.05,2.71,552.05,16.9641,565.9641,532.0359,False,NONE,-1.2,-9.96,0,3.77
2026-08-19,2026-08-19T10:42:33.810569,HYUNDAI,2184.2,2213.3,2168.0,2206.0,2.6,2206.0,60.72075999999999,2244.92076,2123.4792399999997,False,NONE,0.43,-3.83,0.08,0
2026-08-19,2026-08-19T10:42:33.810569,ICICIBANK,1415.2,1417.7,1404.2,1407.5,1.68,1407.5,25.04904,1440.2490400000002,1390.15096,False,NONE,-0.55,-6.01,0.1,-3.28
2026-08-19,2026-08-19T10:42:33.810569,ICICIGI,1625.4,1633.1,1621.0,1626.6,2.32,1626.6,39.334680000000006,1664.73468,1586.0653200000002,False,NONE,-0.42,-3.46,0.13,1.72
2026-08-19,2026-08-19T10:42:33.810569,ICICIPRULI,502.9,504.15,493.1,495.3,2.34,495.3,12.069599999999998,514.9696,490.8304,False,NONE,-1.19,1.99,0.1,-3.12
2026-08-19,2026-08-19T10:42:33.810569,IDEA,14.17,14.25,13.94,13.96,3.58,13.96,0.5327919999999999,14.702792,13.637208,False,NONE,-1.34,-2.17,0.01,-1.52
2026-08-19,2026-08-19T10:42:33.810569,IDFCFIRSTB,85.7,85.72,85.15,85.49,2.32,85.49,2.20249,87.90249,83.49751,False,NONE,0.53,-2.36,-0.03,1.35
2026-08-19,2026-08-19T10:42:33.810569,IEX,124.15,124.16,122.2,123.3,2.62,123.3,3.389295,127.53929500000001,120.760705,False,NONE,-0.33,0.49,-0.06,0
2026-08-19,2026-08-19T10:42:33.810569,INDHOTEL,716.75,722.2,714.75,719.4,2.05,719.4,15.410125,732.160125,701.339875,False,NONE,0.18,-4.91,-0.3,1.54
2026-08-19,2026-08-19T10:42:33.810569,INDIANB,878.0,879.0,867.35,871.3,2.72,871.3,25.901000000000003,903.901,852.099,False,NONE,-0.76,-6.68,-0.06,5.48
2026-08-19,2026-08-19T10:42:33.810569,INDIGO,5170.0,5220.0,5165.0,5181.0,2.49,5181.0,140.107,5310.107,5029.893,False,NONE,-0.69,-6.61,0.27,1.64
2026-08-19,2026-08-19T10:42:33.810569,INDUSINDBK,1014.0,1014.4,1009.1,1013.8,2.27,1013.8,23.0178,1037.0178,990.9822,False,NONE,-0.1,-1.53,2.69,-5.88
2026-08-19,2026-08-19T10:42:33.810569,INDUSTOWER,373.05,374.8,369.75,371.5,2.57,371.5,9.99774,383.04774000000003,363.05226,False,NONE,-0.87,-7.45,-0.24,-3.23
2026-08-19,2026-08-19T10:42:33.810569,INFY,1127.1,1137.3,1120.4,1124.0,2.71,1124.0,34.71468,1161.81468,1092.3853199999999,False,NONE,0.38,-3.36,-0.1,-1.25
2026-08-19,2026-08-19T10:42:33.810569,INOXWIND,74.95,75.34,73.8,74.13,3.93,74.13,3.13291,78.08291,71.81709000000001,False,NONE,-1.11,1.93,1.26,0
2026-08-19,2026-08-19T10:42:33.810569,IOC,136.9,138.09,136.9,136.96,2.1,136.96,3.6552300000000004,140.55523,133.24477000000002,False,NONE,-0.57,-8.36,0.06,-1.23
2026-08-19,2026-08-19T10:42:33.810569,IREDA,113.76,114.95,113.23,114.19,2.78,114.19,3.3331680000000006,117.093168,110.426832,False,NONE,0.17,-4.46,0.75,0
2026-08-19,2026-08-19T10:42:33.810569,IRFC,85.86,87.0,85.11,85.19,2.52,85.19,2.2066019999999997,88.066602,83.653398,False,NONE,-0.92,-4.45,0.64,-3.64
2026-08-19,2026-08-19T10:42:33.810569,ITC,269.75,271.25,268.45,268.75,1.84,268.75,5.098275,274.848275,264.651725,False,NONE,-0.78,-3.5,0.31,0
2026-08-19,2026-08-19T10:42:33.810569,JINDALSTEL,1097.0,1121.0,1093.1,1115.6,2.56,1115.6,26.327999999999996,1123.328,1070.672,False,NONE,1.23,6.79,-0.85,-2.99
2026-08-19,2026-08-19T10:42:33.810569,JIOFIN,245.35,246.15,244.05,244.5,2.76,244.5,7.286895,252.63689499999998,238.063105,False,NONE,-0.37,-12.26,0.1,2.22
2026-08-19,2026-08-19T10:42:33.810569,JSWENERGY,548.05,548.1,542.5,543.0,2.12,543.0,12.659955,560.7099549999999,535.390045,False,NONE,-1.43,-4.71,0.06,1.54
2026-08-19,2026-08-19T10:42:33.810569,JSWSTEEL,1270.1,1284.0,1262.7,1275.0,2.21,1275.0,28.32323,1298.4232299999999,1241.77677,False,NONE,0.33,-0.14,0.08,-1.33
2026-08-19,2026-08-19T10:42:33.810569,JUBLFOOD,502.4,505.3,501.3,502.85,2.77,502.85,13.815999999999999,516.216,488.584,False,NONE,-0.12,-0.15,0.25,-1.59
2026-08-19,2026-08-19T10:42:33.810569,KALYANKJIL,602.0,603.55,588.3,591.8,4.13,591.8,27.09,629.09,574.91,False,NONE,-2.2,-2.55,-1.72,-5.71
2026-08-19,2026-08-19T10:42:33.810569,KAYNES,3659.1,3789.0,3640.0,3723.3,4.51,3723.3,155.14584000000002,3814.24584,3503.95416,False,NONE,1.92,5.79,0.8,-2.7
2026-08-19,2026-08-19T10:42:33.810569,KEI,5780.1,5780.1,5648.1,5690.0,2.82,5690.0,158.95275,5939.052750000001,5621.14725,False,NONE,-1.41,2.86,-0.31,-1.16
2026-08-19,2026-08-19T10:42:33.810569,KFINTECH,947.75,955.2,940.55,942.8,3.28,942.8,29.759349999999998,977.50935,917.99065,False,NONE,-0.53,-1.83,0.84,-7.69
2026-08-19,2026-08-19T10:42:33.810569,KOTAKBANK,388.5,389.7,386.8,389.15,1.88,389.15,8.0031,396.5031,380.4969,False,NONE,0.05,-9.77,-0.18,5.08
2026-08-19,2026-08-19T10:42:33.810569,KPITTECH,604.5,609.45,591.5,592.9,3.22,592.9,20.069399999999998,624.5694,584.4306,False,NONE,-1.1,2.28,0.01,-6.25
2026-08-19,2026-08-19T10:42:33.810569,LAURUSLABS,1805.0,1816.0,1792.9,1795.1,2.37,1795.1,46.0275,1851.0275,1758.9725,False,NONE,-1.16,-4.91,0,0
2026-08-19,2026-08-19T10:42:33.810569,LICHSGFIN,490.9,492.5,487.5,489.9,2.03,489.9,10.947069999999998,501.84707,479.95293,False,NONE,-0.58,-3.13,-0.9,-1.37
2026-08-19,2026-08-19T10:42:33.810569,LICI,411.0,414.05,410.95,412.65,2.15,412.65,8.5488,419.5488,402.4512,False,NONE,0.44,29.13,-0.47,0
2026-08-19,2026-08-19T10:42:33.810569,LODHA,1222.0,1222.0,1194.6,1206.1,3.45,1206.1,43.8698,1265.8698,1178.1302,False,NONE,-0.77,-6.62,0.56,-3.12
2026-08-19,2026-08-19T10:42:33.810569,LT,4068.1,4073.8,4033.0,4037.3,1.83,4037.3,77.2939,4145.3939,3990.8061,False,NONE,-0.79,-4.35,-0.08,0
2026-08-19,2026-08-19T10:42:33.810569,LTF,326.4,326.65,313.75,314.1,3.68,314.1,11.06496,337.46495999999996,315.33504,True,DOWN,-3.61,13.79,1.96,-18.99
2026-08-19,2026-08-19T10:42:33.810569,LTM,4610.0,4651.5,4570.8,4580.3,3.49,4580.3,162.27200000000002,4772.272,4447.728,False,NONE,-0.15,2.3,2.1,0
2026-08-19,2026-08-19T10:42:33.810569,LUPIN,2241.5,2241.5,2220.8,2225.8,1.84,2225.8,44.83,2286.33,2196.67,False,NONE,-0.17,-6.98,-0.06,0
2026-08-19,2026-08-19T10:42:33.810569,M&M,3411.0,3427.8,3378.1,3420.0,2.17,3420.0,78.45299999999999,3489.453,3332.547,False,NONE,0.08,-5.04,-0.01,2.82
2026-08-19,2026-08-19T10:42:33.810569,MANAPPURAM,344.0,344.0,340.0,340.15,2.78,340.15,12.005600000000001,356.0056,331.9944,False,NONE,-1.56,-22.06,-0.21,2.08
2026-08-19,2026-08-19T10:42:33.810569,MANKIND,2390.0,2428.0,2390.0,2398.7,2.52,2398.7,72.895,2462.895,2317.105,False,NONE,0.09,7.31,-0.05,-5
2026-08-19,2026-08-19T10:42:33.810569,MARICO,848.4,854.05,839.9,850.15,1.94,850.15,17.30736,865.70736,831.09264,False,NONE,0.47,-0.64,-0.67,0
2026-08-19,2026-08-19T10:42:33.810569,MARUTI,13738.0,13738.0,13631.0,13690.0,2.02,13690.0,300.8622,14038.8622,13437.1378,False,NONE,-0.47,-7.81,0.44,0
2026-08-19,2026-08-19T10:42:33.810569,MAXHEALTH,1018.2,1018.2,1005.0,1011.4,2.6,1011.4,28.204140000000002,1046.40414,989.99586,False,NONE,-0.39,-4.36,0.07,-1.85
2026-08-19,2026-08-19T10:42:33.810569,MAZDOCK,2600.0,2606.7,2546.3,2558.0,3.1,2558.0,89.18,2689.18,2510.82,False,NONE,-1.4,-2.97,-0.59,-3.85
2026-08-19,2026-08-19T10:42:33.810569,MCX,3058.0,3067.7,2972.5,2988.5,3.66,2988.5,113.146,3171.146,2944.854,False,NONE,-1.6,4.72,2.84,-18.56
2026-08-19,2026-08-19T10:42:33.810569,MFSL,1581.0,1581.0,1558.1,1560.0,2.48,1560.0,41.7384,1622.7384,1539.2616,False,NONE,-1.27,1.93,0.12,-7.69
2026-08-19,2026-08-19T10:42:33.810569,MIDCPNIFTY,14832.55,14898.1,14798.95,14868.1,1.23,14868.1,191.33989499999998,15023.889894999998,14641.210105,False,NONE,-0.03,-1.75,10.07,6.9
2026-08-19,2026-08-19T10:42:33.810569,MOTHERSON,171.05,173.48,169.51,172.3,2.88,172.3,5.02887,176.07887000000002,166.02113,False,NONE,1.29,3.48,1.65,5.66
2026-08-19,2026-08-19T10:42:33.810569,MOTILALOFS,940.2,944.8,930.3,938.0,2.81,938.0,26.41962,966.61962,913.78038,False,NONE,-0.44,5.72,-0.32,4.17
2026-08-19,2026-08-19T10:42:33.810569,MPHASIS,2458.0,2477.2,2414.3,2421.7,3.39,2421.7,87.0132,2545.0132,2370.9868,False,NONE,-1.1,-0.77,-0.26,-8.16
2026-08-19,2026-08-19T10:42:33.810569,MUTHOOTFIN,2889.9,2890.1,2855.1,2860.1,2.49,2860.1,77.44932,2967.3493200000003,2812.45068,False,NONE,-1.5,-0.42,0.64,0
2026-08-19,2026-08-19T10:42:33.810569,NAM-INDIA,1182.0,1194.4,1174.8,1190.0,3.47,1190.0,37.1148,1219.1148,1144.8852,False,NONE,1.05,12.53,16.15,-2.63
2026-08-19,2026-08-19T10:42:33.810569,NATIONALUM,380.05,384.15,378.15,381.9,3.51,381.9,14.251875,394.301875,365.798125,False,NONE,-1.16,-4.71,-0.19,0
2026-08-19,2026-08-19T10:42:33.810569,NAUKRI,1358.8,1372.0,1355.5,1358.1,2.95,1358.1,38.99756,1397.79756,1319.80244,False,NONE,0.38,5.76,5.32,-17.14
2026-08-19,2026-08-19T10:42:33.810569,NBCC,87.6,87.86,86.94,87.45,2.97,87.45,2.88204,90.48204,84.71795999999999,False,NONE,-0.6,-5.32,-0.15,-2.56
2026-08-19,2026-08-19T10:42:33.810569,NESTLEIND,1472.4,1480.3,1463.5,1465.0,2.17,1465.0,31.509360000000004,1503.90936,1440.89064,False,NONE,0.03,0.93,0.37,5.45
2026-08-19,2026-08-19T10:42:33.810569,NHPC,76.44,76.44,75.61,75.91,2.29,75.91,1.857492,78.29749199999999,74.582508,False,NONE,-0.54,-0.9,0.19,1.52
2026-08-19,2026-08-19T10:42:33.810569,NIFTY,24201.0,24201.0,24105.0,24105.0,1.03,24105.0,256.5306,24457.5306,23944.4694,False,NONE,-0.52,0.72,1.21,-12.2
2026-08-19,2026-08-19T10:42:33.810569,NIFTYFPI,1586.0,1596.9,1584.15,1596.0,-,1596.0,,,,False,NONE,-,-,-,-
2026-08-19,2026-08-19T10:42:33.810569,NIFTYNXT50,73965.4,74016.8,73665.2,73880.0,1.67,73880.0,1412.878,75774.878,72949.122,False,NONE,-0.45,9.58,-5.04,-4.35
2026-08-19,2026-08-19T10:42:33.810569,NMDC,83.2,83.94,83.11,83.46,2.59,83.46,2.2547200000000003,85.45472000000001,80.94528,False,NONE,-0.82,-7.15,0.04,-4.17
2026-08-19,2026-08-19T10:42:33.810569,NTPC,337.0,339.35,334.9,335.3,2.04,335.3,7.009600000000001,344.0096,329.9904,False,NONE,-0.83,2.08,0.04,-2
2026-08-19,2026-08-19T10:42:33.810569,NYKAA,321.9,325.85,320.65,324.4,2.65,324.4,8.465969999999999,330.36596999999995,313.43403,False,NONE,0.78,2.88,-0.18,2.56
2026-08-19,2026-08-19T10:42:33.810569,OBEROIRLTY,1863.8,1892.3,1831.8,1870.7,3.3,1870.7,62.81006,1926.61006,1800.98994,False,NONE,0.48,-5.81,-0.77,16.67
2026-08-19,2026-08-19T10:42:33.810569,OFSS,11744.0,11840.0,11690.0,11717.0,3.62,11717.0,425.1328,12169.1328,11318.8672,False,NONE,0.71,3.2,0.27,-5.06
2026-08-19,2026-08-19T10:42:33.810569,OIL,485.0,486.05,479.55,480.45,2.94,480.45,15.811,500.811,469.189,False,NONE,-0.41,-5.36,0.73,0
2026-08-19,2026-08-19T10:42:33.810569,ONGC,241.0,242.61,240.1,240.3,1.79,240.3,4.6031,245.6031,236.3969,False,NONE,0.49,-11.82,-0.4,2.78
2026-08-19,2026-08-19T10:42:33.810569,PAGEIND,36480.0,36480.0,35700.0,35715.0,2.89,35715.0,1017.7919999999999,37497.792,35462.208,False,NONE,-1.83,-0.36,-0.94,-6.67
2026-08-19,2026-08-19T10:42:33.810569,PATANJALI,349.9,354.9,348.35,348.65,3.26,348.65,12.10654,362.00654,337.79346,False,NONE,-0.43,0.32,-0.68,4.65
2026-08-19,2026-08-19T10:42:33.810569,PAYTM,1552.0,1604.0,1547.1,1599.6,3.38,1599.6,51.3712,1603.3712,1500.6288,False,NONE,2.95,3.9,3.39,-8.86
2026-08-19,2026-08-19T10:42:33.810569,PERSISTENT,5512.5,5587.5,5489.0,5505.0,3.25,5505.0,212.23125,5724.73125,5300.26875,False,NONE,0.7,5.51,0.79,-16.98
2026-08-19,2026-08-19T10:42:33.810569,PETRONET,285.0,291.15,285.0,289.65,2.42,289.65,9.2625,294.2625,275.7375,False,NONE,1.67,17.32,0.69,-17.35
2026-08-19,2026-08-19T10:42:33.810569,PFC,374.65,374.65,371.65,371.95,2.07,371.95,8.2423,382.8923,366.4077,False,NONE,-0.63,-5.87,0.03,4
2026-08-19,2026-08-19T10:42:33.810569,PGEL,598.15,599.4,584.35,596.35,3.67,596.35,22.251179999999998,620.40118,575.89882,False,NONE,-0.27,1.17,-0.09,5
2026-08-19,2026-08-19T10:42:33.810569,PHOENIXLTD,1950.5,1950.5,1909.7,1911.3,2.21,1911.3,46.0318,1996.5318,1904.4682,False,NONE,-1.53,1.49,0.13,5.26
2026-08-19,2026-08-19T10:42:33.810569,PIDILITIND,1657.6,1670.4,1653.0,1670.0,1.88,1670.0,31.991679999999995,1689.59168,1625.6083199999998,False,NONE,0.14,0.69,3.94,6.56
2026-08-19,2026-08-19T10:42:33.810569,PIIND,2511.0,2517.9,2491.3,2493.4,2.77,2493.4,73.8234,2584.8234,2437.1766,False,NONE,-0.47,0.76,0.63,-4.44
2026-08-19,2026-08-19T10:42:33.810569,PNB,116.33,117.34,116.23,116.97,2.7,116.97,3.245607,119.575607,113.08439299999999,False,NONE,0.12,-0.88,0.12,1.1
2026-08-19,2026-08-19T10:42:33.810569,PNBHOUSING,1155.0,1162.7,1138.7,1158.5,2.89,1158.5,33.264,1188.264,1121.736,False,NONE,1.25,-3.1,0.12,1.85
2026-08-19,2026-08-19T10:42:33.810569,POLICYBZR,1738.2,1791.9,1738.2,1762.3,3.27,1762.3,56.66532,1794.86532,1681.53468,False,NONE,0.59,3.52,1.89,-21.62
2026-08-19,2026-08-19T10:42:33.810569,POLYCAB,9050.0,9088.5,8958.5,9040.0,2.62,9040.0,248.875,9298.875,8801.125,False,NONE,-1,-1.34,0.64,6.67
2026-08-19,2026-08-19T10:42:33.810569,POWERGRID,267.95,267.95,264.0,264.05,2.03,264.05,4.71592,272.66591999999997,263.23408,False,NONE,-1.66,6.66,0.42,0
2026-08-19,2026-08-19T10:42:33.810569,POWERINDIA,34765.0,35005.0,33720.0,33860.0,3.41,33860.0,1143.7685000000001,35908.7685,33621.2315,False,NONE,-4.07,7.06,-0.4,-7.78
2026-08-19,2026-08-19T10:42:33.810569,PREMIERENE,1013.2,1020.6,1010.5,1013.5,2.95,1013.5,30.69996,1043.89996,982.50004,False,NONE,-0.23,-2.73,-0.11,3.03
2026-08-19,2026-08-19T10:42:33.810569,PRESTIGE,1582.2,1592.9,1569.4,1578.1,2.95,1578.1,48.09888,1630.29888,1534.10112,False,NONE,-1.29,1.83,0.45,-2.38
2026-08-19,2026-08-19T10:42:33.810569,RADICO,4682.1,4747.7,4682.1,4695.1,2.78,4695.1,152.16825,4834.26825,4529.931750000001,False,NONE,-0.38,-8.67,2.06,0
2026-08-19,2026-08-19T10:42:33.810569,RBLBANK,383.85,383.85,379.5,381.8,2.65,381.8,11.170035,395.020035,372.67996500000004,False,NONE,-0.51,-5.34,-0.12,-1.47
2026-08-19,2026-08-19T10:42:33.810569,RECLTD,336.7,339.4,335.8,336.5,2.11,336.5,7.676759999999999,344.37676,329.02324,False,NONE,-0.62,-3.64,-0.41,-2.94
2026-08-19,2026-08-19T10:42:33.810569,RELIANCE,1321.0,1321.0,1310.4,1311.4,1.57,1311.4,22.7212,1343.7212,1298.2788,False,NONE,-0.69,-6.67,0.51,-1.75
2026-08-19,2026-08-19T10:42:33.810569,RVNL,224.2,226.69,221.2,221.37,2.82,221.37,6.322439999999999,230.52244,217.87756,False,NONE,-1.41,0.15,0.16,-4
2026-08-19,2026-08-19T10:42:33.810569,SAIL,170.55,173.18,169.87,172.28,3.66,172.28,4.7754,175.3254,165.77460000000002,False,NONE,-0.25,37.08,0.03,0
2026-08-19,2026-08-19T10:42:33.810569,SBICARD,615.4,618.85,612.5,616.8,2.8,616.8,18.58508,633.9850799999999,596.81492,False,NONE,0.11,-6.22,-0.16,3.92
2026-08-19,2026-08-19T10:42:33.810569,SBILIFE,1771.2,1793.9,1753.0,1753.9,2.08,1753.9,48.176640000000006,1819.37664,1723.0233600000001,False,NONE,-1.49,-0.95,0.49,0
2026-08-19,2026-08-19T10:42:33.810569,SBIN,1053.8,1056.0,1048.4,1049.5,2.09,1049.5,23.394360000000002,1077.19436,1030.40564,False,NONE,-0.46,-5.9,0,1.96
2026-08-19,2026-08-19T10:42:33.810569,SENSEX,77402.1,77402.1,77170.0,77170.0,0.57,77170.0,456.67239,77858.77239000001,76945.42761,False,NONE,-0.45,-1.32,4.91,-8.91
2026-08-19,2026-08-19T10:42:33.810569,SHREECEM,24575.0,24575.0,24150.0,24190.0,3.6,24190.0,496.415,25071.415,24078.585,False,NONE,-1.99,4.42,0.25,0
2026-08-19,2026-08-19T10:42:33.810569,SHRIRAMFIN,1113.5,1113.5,1097.6,1107.0,2.9,1107.0,33.405,1146.905,1080.095,False,NONE,-0.13,-3.05,-0.73,3.64
2026-08-19,2026-08-19T10:42:33.810569,SIEMENS,3930.3,3949.4,3894.8,3907.6,2.91,3907.6,112.79961000000002,4043.09961,3817.50039,False,NONE,-1.2,4.37,-0.2,-3.39
2026-08-19,2026-08-19T10:42:33.810569,SOLARINDS,20050.0,20249.0,19564.0,19682.0,3.48,19682.0,695.735,20745.735,19354.265,False,NONE,-2.06,-2.42,1,-11.11
2026-08-19,2026-08-19T10:42:33.810569,SONACOMS,829.0,831.9,817.45,826.5,3.14,826.5,25.8648,854.8648,803.1352,False,NONE,-0.12,-0.03,1.31,1.47
2026-08-19,2026-08-19T10:42:33.810569,SRF,2632.5,2632.5,2600.0,2605.0,2.1,2605.0,58.441500000000005,2690.9415,2574.0585,False,NONE,-1.04,-3.26,0.17,0
2026-08-19,2026-08-19T10:42:33.810569,SUNPHARMA,1872.3,1899.6,1872.3,1892.4,1.86,1892.4,37.446,1909.7459999999999,1834.854,False,NONE,0.52,-4.89,0.07,0
2026-08-19,2026-08-19T10:42:33.810569,SUPREMEIND,3551.0,3620.7,3551.0,3614.5,2.34,3614.5,95.5219,3646.5219,3455.4781,False,NONE,0.36,-6.18,4.08,1.56
2026-08-19,2026-08-19T10:42:33.810569,SUZLON,47.68,47.68,46.96,47.03,3.02,47.03,1.5400639999999999,49.220064,46.139936,False,NONE,-1.51,-1.33,-0.15,-4.88
2026-08-19,2026-08-19T10:42:33.810569,SWIGGY,276.15,276.8,270.05,273.8,3.98,273.8,12.53721,288.68721,263.61278999999996,False,NONE,-0.24,-8.74,-0.27,-2.13
2026-08-19,2026-08-19T10:42:33.810569,TATACONSUM,1062.1,1071.5,1061.1,1063.0,2.14,1063.0,24.53451,1086.6345099999999,1037.56549,False,NONE,-0.28,-5.49,0.12,1.64
2026-08-19,2026-08-19T10:42:33.810569,TATAELXSI,3633.4,3671.9,3633.4,3649.9,2.91,3649.9,118.81218000000001,3752.21218,3514.58782,False,NONE,-0.18,-5.89,-0.99,30.43
2026-08-19,2026-08-19T10:42:33.810569,TATAPOWER,379.95,379.95,375.0,375.2,2.2,375.2,8.092934999999999,388.042935,371.857065,False,NONE,-1.24,4.18,0.21,2.94
2026-08-19,2026-08-19T10:42:33.810569,TATASTEEL,184.44,185.07,182.71,184.15,2.47,184.15,4.79544,189.23544,179.64455999999998,False,NONE,-0.5,-4.5,-0.06,0
2026-08-19,2026-08-19T10:42:33.810569,TCS,2308.0,2308.0,2267.7,2272.7,2.66,2272.7,63.931599999999996,2371.9316,2244.0684,False,NONE,-0.71,-2.31,-0.14,-1.72
2026-08-19,2026-08-19T10:42:33.810569,TECHM,1605.0,1613.8,1588.7,1591.9,2.42,1591.9,39.483,1644.483,1565.517,False,NONE,-0.43,1.87,0.45,0
2026-08-19,2026-08-19T10:42:33.810569,TIINDIA,2950.0,2960.3,2906.8,2916.5,3.47,2916.5,106.79,3056.79,2843.21,False,NONE,-1.74,-4.93,-2.74,-11.32
2026-08-19,2026-08-19T10:42:33.810569,TITAN,5065.0,5076.2,5036.0,5055.9,1.73,5055.9,91.67649999999999,5156.6765,4973.3235,False,NONE,-0.14,-4.43,-0.69,-1.56
2026-08-19,2026-08-19T10:42:33.810569,TMPV,324.4,324.5,320.75,321.0,2.45,321.0,8.921,333.32099999999997,315.479,False,NONE,-0.96,-8.9,0.08,0
2026-08-19,2026-08-19T10:42:33.810569,TORNTPHARM,4971.0,5006.5,4945.5,4985.5,2.43,4985.5,123.2808,5094.2808,4847.7192,False,NONE,0.09,1.27,-0.46,3.13
2026-08-19,2026-08-19T10:42:33.810569,TRENT,2950.0,2959.4,2930.5,2951.7,2.62,2951.7,82.305,3032.305,2867.695,False,NONE,-0.11,-4.32,-0.59,2.56
2026-08-19,2026-08-19T10:42:33.810569,TVSMOTOR,4389.0,4393.6,4364.1,4370.0,2.3,4370.0,107.53050000000002,4496.5305,4281.4695,False,NONE,0.42,-1.27,0.08,-5.68
2026-08-19,2026-08-19T10:42:33.810569,ULTRACEMCO,11522.0,11522.0,11420.0,11430.0,2.05,11430.0,241.96200000000002,11763.962,11280.038,False,NONE,-1,1.84,0.48,0
2026-08-19,2026-08-19T10:42:33.810569,UNIONBANK,185.1,187.76,185.1,186.32,2.89,186.32,5.77512,190.87511999999998,179.32488,False,NONE,-0.18,-3.89,0.11,-1.15
2026-08-19,2026-08-19T10:42:33.810569,UNITDSPR,1527.2,1536.8,1527.2,1529.1,2.24,1529.1,33.29296,1560.49296,1493.90704,False,NONE,0.05,-1.54,0.02,-1.72
2026-08-19,2026-08-19T10:42:33.810569,UNOMINDA,1283.0,1288.0,1261.9,1279.0,2.53,1279.0,31.0486,1314.0486,1251.9514,False,NONE,0.09,9.23,0.12,-12.96
2026-08-19,2026-08-19T10:42:33.810569,UPL,558.15,564.6,557.65,559.05,2.46,559.05,13.95375,572.10375,544.19625,False,NONE,-0.16,0.98,0.33,2
2026-08-19,2026-08-19T10:42:33.810569,VBL,437.0,439.6,436.15,436.8,2.5,436.8,11.056099999999999,448.0561,425.9439,False,NONE,-0.47,-3.39,0.76,0
2026-08-19,2026-08-19T10:42:33.810569,VEDL,264.6,265.0,261.65,262.45,3.03,262.45,8.83764,273.43764000000004,255.76236000000003,False,NONE,-1.15,-5.13,-0.48,0
2026-08-19,2026-08-19T10:42:33.810569,VMM,103.68,104.31,103.31,103.74,3.16,103.74,11.850624,115.530624,91.82937600000001,False,NONE,-0.21,-3,-0.26,2.63
2026-08-19,2026-08-19T10:42:33.810569,VOLTAS,1248.0,1248.0,1220.4,1220.6,3.05,1220.6,38.313599999999994,1286.3136,1209.6864,False,NONE,-2.35,-1.91,4.86,8.89
2026-08-19,2026-08-19T10:42:33.810569,WAAREEENER,2676.9,2709.9,2669.0,2670.5,2.84,2670.5,70.67016000000001,2747.57016,2606.22984,False,NONE,-1.22,5.33,0.54,1.89
2026-08-19,2026-08-19T10:42:33.810569,WIPRO,179.5,180.1,177.96,179.26,2.52,179.26,4.7388,184.2388,174.7612,False,NONE,0.29,-3,-0.38,1.52
2026-08-19,2026-08-19T10:42:33.810569,YESBANK,22.52,22.79,22.4,22.69,2.91,22.69,0.6508280000000001,23.170828,21.869172,False,NONE,0.71,-4.7,2.5,0
2026-08-19,2026-08-19T10:42:33.810569,ZYDUSLIFE,1121.0,1128.1,1115.6,1121.8,2.43,1121.8,29.5944,1150.5944,1091.4056,False,NONE,0.18,-7.35,-0.48,0
2026-08-19,2026-08-19T11:28:50.906457,360ONE,1165.0,1186.2,1160.1,1177.5,3,1177.5,32.969500000000004,1197.9695,1132.0305,False,NONE,0.67,-2.13,-1.5,-1.85
2026-08-19,2026-08-19T11:28:50.906457,ABB,7546.0,7559.0,7415.0,7451.0,2.71,7451.0,218.07940000000002,7764.0794,7327.9206,False,NONE,-1.78,-8.74,-0.93,0
2026-08-19,2026-08-19T11:28:50.906457,ABCAPITAL,401.6,401.7,394.05,394.45,2.6,394.45,10.6424,412.24240000000003,390.9576,False,NONE,-1.95,-0.72,0.96,-9.59
2026-08-19,2026-08-19T11:28:50.906457,ADANIENSOL,1590.0,1590.0,1548.0,1552.0,3.83,1552.0,60.897,1650.897,1529.103,False,NONE,-3.28,10.08,0.36,-2.22
2026-08-19,2026-08-19T11:28:50.906457,ADANIENT,3005.0,3016.8,2973.1,2986.1,2.86,2986.1,86.544,3091.544,2918.456,False,NONE,-0.83,3.15,0.07,0
2026-08-19,2026-08-19T11:28:50.906457,ADANIGREEN,1310.0,1310.0,1281.5,1288.0,3.28,1288.0,42.575,1352.575,1267.425,False,NONE,-1.9,-1.85,-0.6,0
2026-08-19,2026-08-19T11:28:50.906457,ADANIPORTS,1691.5,1691.5,1667.5,1669.0,2.28,1669.0,38.05875,1729.55875,1653.44125,False,NONE,-1.03,0.75,-0.35,-1.89
2026-08-19,2026-08-19T11:28:50.906457,ADANIPOWER,206.13,206.26,202.6,203.71,3.16,203.71,7.42068,213.55068,198.70932,False,NONE,-1.46,-5.88,-0.05,2.13
2026-08-19,2026-08-19T11:28:50.906457,ALKEM,5420.0,5486.0,5420.0,5444.0,2.23,5444.0,122.49199999999999,5542.492,5297.508,False,NONE,-0.5,-2.32,1.23,2.27
2026-08-19,2026-08-19T11:28:50.906457,AMBER,7385.0,7385.0,7211.5,7311.0,3.04,7311.0,219.33450000000002,7604.3345,7165.6655,False,NONE,-0.91,9.35,-0.4,1.64
2026-08-19,2026-08-19T11:28:50.906457,AMBUJACEM,410.6,411.3,406.25,406.95,2.22,406.95,8.910020000000001,419.51002,401.68998000000005,False,NONE,-1.26,-0.42,-0.12,-1.85
2026-08-19,2026-08-19T11:28:50.906457,ANGELONE,290.5,294.5,288.8,292.5,3.54,292.5,10.458,300.958,280.042,False,NONE,0.48,1.1,0.95,0
2026-08-19,2026-08-19T11:28:50.906457,APLAPOLLO,2105.0,2122.0,2098.4,2114.8,2.19,2114.8,48.204499999999996,2153.2045,2056.7955,False,NONE,-0.12,7.75,0.79,2.94
2026-08-19,2026-08-19T11:28:50.906457,APOLLOHOSP,8840.0,8860.0,8758.0,8822.5,1.73,8822.5,150.28,8990.28,8689.72,False,NONE,-0.09,-1.28,-0.37,0
2026-08-19,2026-08-19T11:28:50.906457,ASHOKLEY,174.3,176.19,173.94,173.94,2.82,173.94,5.00241,179.30241,169.29759,False,NONE,-1.42,-1.14,0.19,0
2026-08-19,2026-08-19T11:28:50.906457,ASIANPAINT,2620.0,2640.0,2610.0,2619.1,2.12,2619.1,59.211999999999996,2679.212,2560.788,False,NONE,-0.31,-7.02,-0.32,-1.85
2026-08-19,2026-08-19T11:28:50.906457,ASTRAL,1539.8,1543.3,1512.0,1531.7,2.46,1531.7,36.49326,1576.29326,1503.30674,False,NONE,0.31,3,0.45,-5.26
2026-08-19,2026-08-19T11:28:50.906457,AUBANK,1075.0,1075.5,1064.3,1070.0,2.77,1070.0,30.2075,1105.2075,1044.7925,False,NONE,-0.55,-1.13,5.28,-2.74
2026-08-19,2026-08-19T11:28:50.906457,AUROPHARMA,1638.1,1641.8,1627.0,1631.0,2.75,1631.0,45.70299,1683.80299,1592.39701,False,NONE,-0.62,-1.39,0.31,-3.7
2026-08-19,2026-08-19T11:28:50.906457,AXISBANK,1244.0,1244.1,1232.0,1234.8,1.85,1234.8,24.7556,1268.7556,1219.2444,False,NONE,-1.1,-7.7,0.35,-1.67
2026-08-19,2026-08-19T11:28:50.906457,BAJAJ-AUTO,11620.0,11685.0,11541.0,11675.0,2.06,11675.0,246.34400000000002,11866.344,11373.656,False,NONE,0.38,-3.21,0.85,16.22
2026-08-19,2026-08-19T11:28:50.906457,BAJAJFINSV,2000.0,2010.2,1990.3,2002.1,2.17,2002.1,44.6,2044.6,1955.4,False,NONE,-0.44,4.5,-0.05,8
2026-08-19,2026-08-19T11:28:50.906457,BAJAJHLDNG,11288.0,11341.0,11263.0,11318.0,2.34,11318.0,261.8816,11549.8816,11026.1184,False,NONE,0.39,7.85,-0.38,0
2026-08-19,2026-08-19T11:28:50.906457,BAJFINANCE,1091.2,1091.2,1081.1,1082.8,2.27,1082.8,26.1888,1117.3888,1065.0112000000001,False,NONE,-0.97,-5.27,0.35,-1.3
2026-08-19,2026-08-19T11:28:50.906457,BANDHANBNK,170.2,170.2,167.81,168.56,2.63,168.56,5.14004,175.34004,165.05996,False,NONE,-1.63,-8.75,-0.1,0
2026-08-19,2026-08-19T11:28:50.906457,BANKBARODA,244.0,245.78,243.35,244.16,2.41,244.16,6.4172,250.4172,237.5828,False,NONE,0.02,-9.9,0.43,1.23
2026-08-19,2026-08-19T11:28:50.906457,BANKEX,65514.65,65514.65,65514.65,65514.65,1.62,65514.65,1133.4034450000001,66648.053445,64381.246555,False,NONE,-,32.88,0,-3.23
2026-08-19,2026-08-19T11:28:50.906457,BANKINDIA,142.65,143.39,141.8,142.1,2.86,142.1,4.47921,147.12921,138.17079,False,NONE,-0.32,-3.84,-0.04,0
2026-08-19,2026-08-19T11:28:50.906457,BANKNIFTY,57402.0,57402.0,57151.0,57227.0,1.26,57227.0,757.7064,58159.7064,56644.2936,False,NONE,-0.36,-0.66,1.43,-1.43
2026-08-19,2026-08-19T11:28:50.906457,BDL,1405.0,1405.0,1357.6,1363.4,3.16,1363.4,51.00149999999999,1456.0015,1353.9985,False,NONE,-2.74,-10.95,-0.22,-13.33
2026-08-19,2026-08-19T11:28:50.906457,BEL,414.0,414.0,406.7,409.85,2.27,409.85,10.2258,424.2258,403.7742,False,NONE,-0.81,-3.09,-1.31,2.82
2026-08-19,2026-08-19T11:28:50.906457,BHARATFORG,2093.4,2093.4,2058.6,2068.9,2.53,2068.9,56.521800000000006,2149.9218,2036.8782,False,NONE,-1.03,-6.51,0.48,0
2026-08-19,2026-08-19T11:28:50.906457,BHARTIARTL,1935.0,1945.7,1931.1,1931.7,1.79,1931.7,34.83,1969.83,1900.17,False,NONE,-0.57,-3.83,2.12,-2.38
2026-08-19,2026-08-19T11:28:50.906457,BHEL,424.3,424.3,414.3,417.0,3.38,417.0,14.765640000000001,439.06564000000003,409.53436,False,NONE,-1.91,-0.21,0.57,-5.56
2026-08-19,2026-08-19T11:28:50.906457,BIOCON,416.6,417.65,413.0,413.55,2.52,413.55,10.53998,427.13998000000004,406.06002,False,NONE,-1.47,-0.17,-0.14,-4.11
2026-08-19,2026-08-19T11:28:50.906457,BLUESTARCO,1488.3,1493.3,1476.0,1487.5,2.84,1487.5,42.11889,1530.41889,1446.18111,False,NONE,-0.29,-6.74,15.5,7.14
2026-08-19,2026-08-19T11:28:50.906457,BOSCHLTD,48840.0,49100.0,48375.0,48515.0,2.33,48515.0,1191.696,50031.695999999996,47648.304000000004,False,NONE,-0.52,0.31,0.81,-1.75
2026-08-19,2026-08-19T11:28:50.906457,BPCL,310.7,311.55,306.75,307.65,2.45,307.65,8.01606,318.71605999999997,302.68394,False,NONE,-1.33,-3.83,1.23,3.33
2026-08-19,2026-08-19T11:28:50.906457,BRITANNIA,5460.0,5550.0,5460.0,5515.0,1.87,5515.0,105.37799999999999,5565.378,5354.622,False,NONE,0.25,-4.29,6.69,5.88
2026-08-19,2026-08-19T11:28:50.906457,BSE,3319.0,3395.1,3293.3,3377.9,3.47,3377.9,116.165,3435.165,3202.835,False,NONE,1.77,1.47,-0.38,4.55
2026-08-19,2026-08-19T11:28:50.906457,CAMS,760.0,765.05,753.95,756.6,2.49,756.6,20.216,780.216,739.784,False,NONE,-0.39,-8.8,0.61,-4.44
2026-08-19,2026-08-19T11:28:50.906457,CANBK,129.4,129.59,128.17,128.85,2.76,128.85,3.8820000000000006,133.282,125.518,False,NONE,-0.13,-4.77,0.15,2.63
2026-08-19,2026-08-19T11:28:50.906457,CDSL,1338.0,1347.8,1335.6,1340.9,2.78,1340.9,36.5274,1374.5274,1301.4726,False,NONE,-0.32,0.76,-0.9,-5.08
2026-08-19,2026-08-19T11:28:50.906457,CGPOWER,886.0,886.0,861.45,865.0,3.22,865.0,29.3266,915.3266,856.6734,False,NONE,-2.82,3.57,1.85,2
2026-08-19,2026-08-19T11:28:50.906457,CHOLAFIN,1870.1,1870.1,1855.3,1862.5,2.64,1862.5,57.786089999999994,1927.88609,1812.3139099999999,False,NONE,-0.7,1.13,-0.23,12.7
2026-08-19,2026-08-19T11:28:50.906457,CIPLA,1424.8,1433.3,1420.6,1428.3,2.04,1428.3,31.20312,1456.0031199999999,1393.59688,False,NONE,-0.08,-1.17,1.29,1.82
2026-08-19,2026-08-19T11:28:50.906457,COALINDIA,407.2,408.85,397.75,401.2,1.93,401.2,8.06256,415.26256,399.13743999999997,False,NONE,-1.73,5.55,0.14,-2.9
2026-08-19,2026-08-19T11:28:50.906457,COCHINSHIP,1509.0,1509.0,1475.4,1481.2,2.66,1481.2,47.080799999999996,1556.0808,1461.9192,False,NONE,-0.88,-9.59,0.7,-4.55
2026-08-19,2026-08-19T11:28:50.906457,COFORGE,1796.8,1822.3,1788.8,1807.8,3.06,1807.8,58.75536,1855.55536,1738.0446399999998,False,NONE,1.74,5.66,0.65,1.06
2026-08-19,2026-08-19T11:28:50.906457,COLPAL,1903.0,1913.2,1873.5,1881.8,2.19,1881.8,42.6272,1945.6272,1860.3728,False,NONE,-1.25,2.35,4.16,-7.27
2026-08-19,2026-08-19T11:28:50.906457,CONCOR,517.1,519.5,513.0,513.55,2.33,513.55,12.77237,529.87237,504.32763,False,NONE,-1.33,-8.73,-0.01,-5.77
2026-08-19,2026-08-19T11:28:50.906457,CROMPTON,246.3,247.3,242.4,244.2,2.95,244.2,7.29048,253.59048,239.00952,False,NONE,-0.25,-1.23,-0.12,-3.45
2026-08-19,2026-08-19T11:28:50.906457,CUMMINSIND,5330.0,5387.0,5253.5,5268.0,2.76,5268.0,148.174,5478.174,5181.826,False,NONE,-2.23,-1.73,0.43,-6.45
2026-08-19,2026-08-19T11:28:50.906457,DABUR,402.9,402.9,399.3,400.75,1.9,400.75,8.13858,411.03857999999997,394.76142,False,NONE,-0.56,-6.3,0.19,-1.92
2026-08-19,2026-08-19T11:28:50.906457,DALBHARAT,1835.2,1856.6,1830.7,1849.1,2.56,1849.1,50.10096000000001,1885.30096,1785.09904,False,NONE,0.06,1.5,-0.75,18.97
2026-08-19,2026-08-19T11:28:50.906457,DELHIVERY,452.15,452.45,447.05,448.7,2.4,448.7,10.942029999999999,463.09202999999997,441.20797,False,NONE,-0.62,1.88,-0.72,1.69
2026-08-19,2026-08-19T11:28:50.906457,DIVISLAB,8599.5,8599.5,8510.5,8520.0,2.14,8520.0,204.66809999999998,8804.1681,8394.8319,False,NONE,-0.72,-3.47,-0.1,2.3
2026-08-19,2026-08-19T11:28:50.906457,DIXON,14130.0,14245.0,14037.0,14215.0,3.3,14215.0,453.57300000000004,14583.573,13676.427,False,NONE,0.21,0.47,-0.33,0
2026-08-19,2026-08-19T11:28:50.906457,DLF,673.5,673.5,658.0,670.7,2.92,670.7,20.3397,693.8397,653.1603,False,NONE,0.16,0.53,1.41,3.08
2026-08-19,2026-08-19T11:28:50.906457,DMART,4009.5,4011.0,3974.6,3984.6,2.3,3984.6,94.6242,4104.1242,3914.8758,False,NONE,-0.09,0.14,-0.58,-3.33
2026-08-19,2026-08-19T11:28:50.906457,DRREDDY,1176.0,1186.7,1174.8,1180.1,1.92,1180.1,23.7552,1199.7552,1152.2448,False,NONE,-0.04,-6.81,-0.99,7.27
2026-08-19,2026-08-19T11:28:50.906457,EICHERMOT,8050.0,8050.0,7992.0,8042.0,1.93,8042.0,157.78,8207.78,7892.22,False,NONE,-0.19,0.98,0.38,1.14
2026-08-19,2026-08-19T11:28:50.906457,ETERNAL,314.05,319.7,314.05,318.3,2.95,318.3,9.60993,323.65993000000003,304.44007,False,NONE,0.36,1.01,0.36,-1.56
2026-08-19,2026-08-19T11:28:50.906457,FEDERALBNK,357.3,360.3,356.05,358.1,1.98,358.1,7.82487,365.12487,349.47513000000004,False,NONE,-0.25,-3.14,2.22,2.9
2026-08-19,2026-08-19T11:28:50.906457,FINNIFTY,26027.2,26113.5,26020.0,26054.6,1.28,26054.6,366.98352,26394.183520000002,25660.21648,False,NONE,-0.48,-1.98,-0.15,-5.8
2026-08-19,2026-08-19T11:28:50.906457,FOCIT,36896.0,36970.0,36888.0,36917.0,2.41,36917.0,1003.5712000000001,37899.5712,35892.4288,False,NONE,0,-19.6,0,5.06
2026-08-19,2026-08-19T11:28:50.906457,FORCEMOT,18228.0,18248.0,17795.0,17795.0,3.41,17795.0,610.638,18838.638,17617.362,False,NONE,-2.23,-8.36,2.2,-2.13
2026-08-19,2026-08-19T11:28:50.906457,FORTIS,925.0,925.0,912.05,916.8,2.26,916.8,22.8475,947.8475,902.1525,False,NONE,-0.36,-4.09,-0.45,3.85
2026-08-19,2026-08-19T11:28:50.906457,GAIL,172.2,173.38,171.49,172.07,2.16,172.07,4.11558,176.31557999999998,168.08442,False,NONE,0.16,-7.23,-0.07,5.71
2026-08-19,2026-08-19T11:28:50.906457,GLENMARK,2301.3,2319.0,2225.0,2232.7,2.7,2232.7,52.00938,2353.30938,2249.29062,True,DOWN,-3.63,15.22,-0.43,12.07
2026-08-19,2026-08-19T11:28:50.906457,GMRAIRPORT,102.01,103.44,101.35,101.46,2.56,101.46,2.9174860000000002,104.927486,99.09251400000001,False,NONE,-0.49,0.98,0.47,-4.84
2026-08-19,2026-08-19T11:28:50.906457,GODFRYPHLP,2114.7,2147.3,2093.1,2125.0,3.71,2125.0,79.08978,2193.7897799999996,2035.6102199999998,False,NONE,0.67,-1.48,0.57,0
2026-08-19,2026-08-19T11:28:50.906457,GODREJCP,934.5,939.0,929.3,937.1,2.39,937.1,23.269050000000004,957.76905,911.23095,False,NONE,0.25,-6.97,1.69,1.75
2026-08-19,2026-08-19T11:28:50.906457,GODREJPROP,2016.0,2016.0,1972.1,1991.5,3.05,1991.5,63.504,2079.504,1952.496,False,NONE,-1.03,-1.64,1.87,3.57
2026-08-19,2026-08-19T11:28:50.906457,GRASIM,3272.3,3272.3,3222.1,3244.3,2.2,3244.3,76.89905,3349.19905,3195.40095,False,NONE,-0.88,-6.74,0.82,-2.04
2026-08-19,2026-08-19T11:28:50.906457,GVT&D,4145.0,4145.0,4042.5,4123.3,3.62,4123.3,161.655,4306.655,3983.345,False,NONE,-1.89,6.41,3.78,14.04
2026-08-19,2026-08-19T11:28:50.906457,HAL,5081.0,5099.6,5012.1,5037.0,2.68,5037.0,138.7113,5219.7113,4942.2887,False,NONE,-1.01,-2.25,0.44,0
2026-08-19,2026-08-19T11:28:50.906457,HAVELLS,1290.2,1305.0,1276.6,1282.2,2.5,1282.2,31.22284,1321.42284,1258.9771600000001,False,NONE,-0.69,4.46,1.36,-4.35
2026-08-19,2026-08-19T11:28:50.906457,HCLTECH,1311.2,1324.0,1305.4,1310.0,2.75,1310.0,38.81152,1350.01152,1272.38848,False,NONE,0.39,-5.62,-0.61,-4.62
2026-08-19,2026-08-19T11:28:50.906457,HDFCAMC,2515.9,2542.9,2501.5,2539.4,2.72,2539.4,62.39432,2578.29432,2453.50568,False,NONE,0.96,5.08,0,5.71
2026-08-19,2026-08-19T11:28:50.906457,HDFCBANK,724.6,726.0,716.85,718.9,1.93,718.9,15.941200000000002,740.5412,708.6588,False,NONE,-0.72,-10.95,-0.06,-1.92
2026-08-19,2026-08-19T11:28:50.906457,HDFCLIFE,538.35,539.55,533.3,535.25,2.15,535.25,12.005205,550.3552050000001,526.344795,False,NONE,-0.73,1.96,0.04,1.89
2026-08-19,2026-08-19T11:28:50.906457,HEROMOTOCO,5680.0,5778.0,5680.0,5737.0,2.5,5737.0,140.864,5820.864,5539.136,False,NONE,0.17,-0.63,3.12,-3.37
2026-08-19,2026-08-19T11:28:50.906457,HINDALCO,1028.0,1034.9,1025.0,1034.4,2.41,1034.4,25.5972,1053.5972,1002.4028,False,NONE,-0.69,-0.09,-0.45,1.64
2026-08-19,2026-08-19T11:28:50.906457,HINDPETRO,367.95,369.0,365.0,368.25,2.55,368.25,10.339395,378.289395,357.61060499999996,False,NONE,0.08,-6.31,0.38,3.64
2026-08-19,2026-08-19T11:28:50.906457,HINDUNILVR,2037.3,2043.0,2018.7,2022.1,1.78,2022.1,38.7087,2076.0087,1998.5913,False,NONE,-0.96,-4.36,1.94,-3.51
2026-08-19,2026-08-19T11:28:50.906457,HINDZINC,549.0,555.0,549.0,552.8,2.84,552.8,16.9641,565.9641,532.0359,False,NONE,-1.06,-6,0.04,5.66
2026-08-19,2026-08-19T11:28:50.906457,HYUNDAI,2184.2,2216.0,2168.0,2215.0,2.78,2215.0,60.72075999999999,2244.92076,2123.4792399999997,False,NONE,0.84,0.58,0,-1.1
2026-08-19,2026-08-19T11:28:50.906457,ICICIBANK,1415.2,1417.7,1401.5,1403.1,1.7,1403.1,25.04904,1440.2490400000002,1390.15096,False,NONE,-0.86,-6.01,-0.03,-4.92
2026-08-19,2026-08-19T11:28:50.906457,ICICIGI,1625.4,1633.1,1617.2,1624.5,2.31,1624.5,39.334680000000006,1664.73468,1586.0653200000002,False,NONE,-0.54,-2.13,0.17,3.45
2026-08-19,2026-08-19T11:28:50.906457,ICICIPRULI,502.9,504.15,493.1,496.7,2.26,496.7,12.069599999999998,514.9696,490.8304,False,NONE,-0.91,-0.32,0.13,-4.69
2026-08-19,2026-08-19T11:28:50.906457,IDEA,14.17,14.25,13.9,13.97,3.65,13.97,0.5327919999999999,14.702792,13.637208,False,NONE,-1.27,2.08,-0.1,-1.52
2026-08-19,2026-08-19T11:28:50.906457,IDFCFIRSTB,85.7,85.72,85.15,85.62,2.31,85.62,2.20249,87.90249,83.49751,False,NONE,0.68,-0.89,-0.01,1.35
2026-08-19,2026-08-19T11:28:50.906457,IEX,124.15,124.16,122.2,123.39,2.56,123.39,3.389295,127.53929500000001,120.760705,False,NONE,-0.26,-1.79,-0.1,1.75
2026-08-19,2026-08-19T11:28:50.906457,INDHOTEL,716.75,722.2,714.75,719.7,2.04,719.7,15.410125,732.160125,701.339875,False,NONE,0.22,-2.87,-0.49,1.54
2026-08-19,2026-08-19T11:28:50.906457,INDIANB,878.0,879.0,867.35,871.3,2.66,871.3,25.901000000000003,903.901,852.099,False,NONE,-0.76,-8.86,-0.25,6.85
2026-08-19,2026-08-19T11:28:50.906457,INDIGO,5170.0,5220.0,5161.5,5162.0,2.54,5162.0,140.107,5310.107,5029.893,False,NONE,-1.05,-6.61,0.45,0
2026-08-19,2026-08-19T11:28:50.906457,INDUSINDBK,1014.0,1014.4,1008.5,1008.6,2.25,1008.6,23.0178,1037.0178,990.9822,False,NONE,-0.61,-2.66,3.26,-5.88
2026-08-19,2026-08-19T11:28:50.906457,INDUSTOWER,373.05,374.8,369.75,372.3,2.63,372.3,9.99774,383.04774000000003,363.05226,False,NONE,-0.65,-4.76,-0.2,-4.84
2026-08-19,2026-08-19T11:28:50.906457,INFY,1127.1,1137.3,1118.2,1125.5,2.66,1125.5,34.71468,1161.81468,1092.3853199999999,False,NONE,0.51,-5.33,-0.29,-2.5
2026-08-19,2026-08-19T11:28:50.906457,INOXWIND,74.95,75.34,73.8,74.53,3.56,74.53,3.13291,78.08291,71.81709000000001,False,NONE,-0.57,-4.06,1.51,1.96
2026-08-19,2026-08-19T11:28:50.906457,IOC,136.9,138.09,136.9,137.4,2.15,137.4,3.6552300000000004,140.55523,133.24477000000002,False,NONE,-0.25,-6.48,0.08,1.23
2026-08-19,2026-08-19T11:28:50.906457,IREDA,113.76,114.95,113.23,114.2,2.76,114.2,3.3331680000000006,117.093168,110.426832,False,NONE,0.18,-4.54,0.74,0
2026-08-19,2026-08-19T11:28:50.906457,IRFC,85.86,87.0,85.11,85.2,2.5,85.2,2.2066019999999997,88.066602,83.653398,False,NONE,-0.91,-5.05,0.87,-5.45
2026-08-19,2026-08-19T11:28:50.906457,ITC,269.75,271.25,267.9,268.25,1.85,268.25,5.098275,274.848275,264.651725,False,NONE,-0.96,-1.94,0.33,0
2026-08-19,2026-08-19T11:28:50.906457,JINDALSTEL,1097.0,1122.0,1093.1,1116.5,2.54,1116.5,26.327999999999996,1123.328,1070.672,False,NONE,1.32,5.03,-0.52,-5.97
2026-08-19,2026-08-19T11:28:50.906457,JIOFIN,245.35,246.15,243.3,244.0,2.73,244.0,7.286895,252.63689499999998,238.063105,False,NONE,-0.57,-13.72,0.27,2.22
2026-08-19,2026-08-19T11:28:50.906457,JSWENERGY,548.05,548.1,541.0,541.15,2.1,541.15,12.659955,560.7099549999999,535.390045,False,NONE,-1.77,-3.47,0.19,0
2026-08-19,2026-08-19T11:28:50.906457,JSWSTEEL,1270.1,1284.0,1262.7,1277.1,2.25,1277.1,28.32323,1298.4232299999999,1241.77677,False,NONE,0.5,-2.03,0.12,-2.67
2026-08-19,2026-08-19T11:28:50.906457,JUBLFOOD,502.4,505.3,497.65,499.1,2.79,499.1,13.815999999999999,516.216,488.584,False,NONE,-0.86,1.51,0.46,1.59
2026-08-19,2026-08-19T11:28:50.906457,KALYANKJIL,602.0,603.55,588.3,594.8,4.09,594.8,27.09,629.09,574.91,False,NONE,-1.7,-2.63,-1.56,-4.29
2026-08-19,2026-08-19T11:28:50.906457,KAYNES,3659.1,3789.0,3640.0,3770.0,4.48,3770.0,155.14584000000002,3814.24584,3503.95416,False,NONE,3.2,5.27,0.67,-2.7
2026-08-19,2026-08-19T11:28:50.906457,KEI,5780.1,5780.1,5648.1,5715.0,2.73,5715.0,158.95275,5939.052750000001,5621.14725,False,NONE,-0.98,0.31,-0.32,-1.16
2026-08-19,2026-08-19T11:28:50.906457,KFINTECH,947.75,955.2,938.15,939.35,3.27,939.35,29.759349999999998,977.50935,917.99065,False,NONE,-0.9,-0.79,1.27,-7.69
2026-08-19,2026-08-19T11:28:50.906457,KOTAKBANK,388.5,390.3,386.8,389.7,1.92,389.7,8.0031,396.5031,380.4969,False,NONE,0.19,-7.35,-0.09,10.17
2026-08-19,2026-08-19T11:28:50.906457,KPITTECH,604.5,609.45,589.9,592.15,3.17,592.15,20.069399999999998,624.5694,584.4306,False,NONE,-1.23,0.76,-0.22,-8.33
2026-08-19,2026-08-19T11:28:50.906457,LAURUSLABS,1805.0,1816.0,1790.9,1794.6,2.32,1794.6,46.0275,1851.0275,1758.9725,False,NONE,-1.18,-6.46,0.21,0
2026-08-19,2026-08-19T11:28:50.906457,LICHSGFIN,490.9,492.5,487.5,489.55,2.01,489.55,10.947069999999998,501.84707,479.95293,False,NONE,-0.65,-3.13,-0.93,-2.74
2026-08-19,2026-08-19T11:28:50.906457,LICI,411.0,414.05,410.95,413.2,2.09,413.2,8.5488,419.5488,402.4512,False,NONE,0.57,-3.12,-0.7,0
2026-08-19,2026-08-19T11:28:50.906457,LODHA,1222.0,1222.0,1194.6,1200.2,3.33,1200.2,43.8698,1265.8698,1178.1302,False,NONE,-1.26,-7.5,0.73,-4.69
2026-08-19,2026-08-19T11:28:50.906457,LT,4068.1,4073.8,4033.0,4038.1,1.88,4038.1,77.2939,4145.3939,3990.8061,False,NONE,-0.77,-0.17,-0.14,0
2026-08-19,2026-08-19T11:28:50.906457,LTF,326.4,326.65,312.85,313.5,3.59,313.5,11.06496,337.46495999999996,315.33504,True,DOWN,-3.79,11.27,2.38,-20.25
2026-08-19,2026-08-19T11:28:50.906457,LTM,4610.0,4651.5,4525.9,4548.9,3.45,4548.9,162.27200000000002,4772.272,4447.728,False,NONE,-0.84,1.6,2.4,-5.77
2026-08-19,2026-08-19T11:28:50.906457,LUPIN,2241.5,2241.5,2219.4,2220.2,1.9,2220.2,44.83,2286.33,2196.67,False,NONE,-0.43,-5.55,0.04,0
2026-08-19,2026-08-19T11:28:50.906457,M&M,3411.0,3427.8,3378.1,3418.6,2.1,3418.6,78.45299999999999,3489.453,3332.547,False,NONE,0.04,-6.19,0.21,1.41
2026-08-19,2026-08-19T11:28:50.906457,MANAPPURAM,344.0,344.0,338.2,339.35,2.82,339.35,12.005600000000001,356.0056,331.9944,False,NONE,-1.79,-20.7,-0.27,4.17
2026-08-19,2026-08-19T11:28:50.906457,MANKIND,2390.0,2428.0,2390.0,2398.3,2.56,2398.3,72.895,2462.895,2317.105,False,NONE,0.08,10.05,-0.3,-5
2026-08-19,2026-08-19T11:28:50.906457,MARICO,848.4,854.3,839.9,853.65,1.91,853.65,17.30736,865.70736,831.09264,False,NONE,0.89,-0.81,2.15,0
2026-08-19,2026-08-19T11:28:50.906457,MARUTI,13738.0,13738.0,13631.0,13692.0,2,13692.0,300.8622,14038.8622,13437.1378,False,NONE,-0.46,-7.81,0.07,0
2026-08-19,2026-08-19T11:28:50.906457,MAXHEALTH,1018.2,1018.2,1005.0,1010.7,2.52,1010.7,28.204140000000002,1046.40414,989.99586,False,NONE,-0.46,-6.89,-0.09,-3.7
2026-08-19,2026-08-19T11:28:50.906457,MAZDOCK,2600.0,2606.7,2546.3,2561.8,2.99,2561.8,89.18,2689.18,2510.82,False,NONE,-1.25,-6.49,-0.81,-3.85
2026-08-19,2026-08-19T11:28:50.906457,MCX,3058.0,3067.7,2972.5,2984.7,3.64,2984.7,113.146,3171.146,2944.854,False,NONE,-1.72,3.8,4.49,-18.56
2026-08-19,2026-08-19T11:28:50.906457,MFSL,1581.0,1581.0,1556.4,1561.2,2.49,1561.2,41.7384,1622.7384,1539.2616,False,NONE,-1.2,0.97,0.05,-7.69
2026-08-19,2026-08-19T11:28:50.906457,MIDCPNIFTY,14832.55,14898.1,14798.95,14880.65,1.25,14880.65,191.33989499999998,15023.889894999998,14641.210105,False,NONE,0.05,0.58,10.68,6.9
2026-08-19,2026-08-19T11:28:50.906457,MOTHERSON,171.05,173.48,169.51,170.96,2.9,170.96,5.02887,176.07887000000002,166.02113,False,NONE,0.51,3.21,1.5,2.83
2026-08-19,2026-08-19T11:28:50.906457,MOTILALOFS,940.2,944.8,930.3,942.4,2.68,942.4,26.41962,966.61962,913.78038,False,NONE,0.03,1.49,-0.53,4.17
2026-08-19,2026-08-19T11:28:50.906457,MPHASIS,2458.0,2477.2,2390.1,2404.1,3.62,2404.1,87.0132,2545.0132,2370.9868,False,NONE,-1.82,6.65,-0.28,-8.16
2026-08-19,2026-08-19T11:28:50.906457,MUTHOOTFIN,2889.9,2890.1,2852.8,2854.0,2.38,2854.0,77.44932,2967.3493200000003,2812.45068,False,NONE,-1.71,-4.34,0.85,-2.04
2026-08-19,2026-08-19T11:28:50.906457,NAM-INDIA,1182.0,1196.5,1174.8,1193.6,3.33,1193.6,37.1148,1219.1148,1144.8852,False,NONE,1.36,7.3,18.55,0
2026-08-19,2026-08-19T11:28:50.906457,NATIONALUM,380.05,384.95,378.15,384.05,3.57,384.05,14.251875,394.301875,365.798125,False,NONE,-0.61,-4.77,0.06,1.64
2026-08-19,2026-08-19T11:28:50.906457,NAUKRI,1358.8,1372.0,1354.0,1360.7,3,1360.7,38.99756,1397.79756,1319.80244,False,NONE,0.57,7.63,5.2,-18.57
2026-08-19,2026-08-19T11:28:50.906457,NBCC,87.6,87.86,86.94,87.4,3.01,87.4,2.88204,90.48204,84.71795999999999,False,NONE,-0.66,-3.85,-0.16,-2.56
2026-08-19,2026-08-19T11:28:50.906457,NESTLEIND,1472.4,1480.3,1460.0,1470.1,2.12,1470.1,31.509360000000004,1503.90936,1440.89064,False,NONE,0.38,-0.05,0.56,1.82
2026-08-19,2026-08-19T11:28:50.906457,NHPC,76.44,76.44,75.61,76.04,2.26,76.04,1.857492,78.29749199999999,74.582508,False,NONE,-0.37,-2.16,0.15,0
2026-08-19,2026-08-19T11:28:50.906457,NIFTY,24201.0,24201.0,24087.4,24116.0,1.02,24116.0,256.5306,24457.5306,23944.4694,False,NONE,-0.47,0.61,1.15,-17.07
2026-08-19,2026-08-19T11:28:50.906457,NIFTYFPI,1586.0,1596.9,1584.15,1596.0,-,1596.0,,,,False,NONE,-,-,-,-
2026-08-19,2026-08-19T11:28:50.906457,NIFTYNXT50,73965.4,74016.8,73665.2,73826.6,1.72,73826.6,1412.878,75774.878,72949.122,False,NONE,-0.53,9.58,-5.86,-4.35
2026-08-19,2026-08-19T11:28:50.906457,NMDC,83.2,83.94,83.11,83.54,2.72,83.54,2.2547200000000003,85.45472000000001,80.94528,False,NONE,-0.72,-6.69,0.33,-4.17
2026-08-19,2026-08-19T11:28:50.906457,NTPC,337.0,339.35,334.85,335.2,2.12,335.2,7.009600000000001,344.0096,329.9904,False,NONE,-0.86,6.44,0.4,-2
2026-08-19,2026-08-19T11:28:50.906457,NYKAA,321.9,325.85,320.65,324.7,2.6,324.7,8.465969999999999,330.36596999999995,313.43403,False,NONE,0.87,-0.93,-0.1,2.56
2026-08-19,2026-08-19T11:28:50.906457,OBEROIRLTY,1863.8,1892.3,1831.8,1880.3,3.02,1880.3,62.81006,1926.61006,1800.98994,False,NONE,1,-8.87,-0.89,16.67
2026-08-19,2026-08-19T11:28:50.906457,OFSS,11744.0,11840.0,11656.0,11740.0,3.56,11740.0,425.1328,12169.1328,11318.8672,False,NONE,0.91,0.82,0.39,-7.59
2026-08-19,2026-08-19T11:28:50.906457,OIL,485.0,486.05,479.2,480.25,2.83,480.25,15.811,500.811,469.189,False,NONE,-0.46,-8.48,0.89,0
2026-08-19,2026-08-19T11:28:50.906457,ONGC,241.0,242.61,240.1,242.26,1.99,242.26,4.6031,245.6031,236.3969,False,NONE,1.31,-1.23,-0.72,5.56
2026-08-19,2026-08-19T11:28:50.906457,PAGEIND,36480.0,36480.0,35555.0,35605.0,2.82,35605.0,1017.7919999999999,37497.792,35462.208,False,NONE,-2.13,-1.09,-0.88,0
2026-08-19,2026-08-19T11:28:50.906457,PATANJALI,349.9,354.9,347.25,349.4,3.21,349.4,12.10654,362.00654,337.79346,False,NONE,-0.21,-,-0.69,4.65
2026-08-19,2026-08-19T11:28:50.906457,PAYTM,1552.0,1604.0,1547.1,1596.0,3.19,1596.0,51.3712,1603.3712,1500.6288,False,NONE,2.72,-1.92,5.18,-6.33
2026-08-19,2026-08-19T11:28:50.906457,PERSISTENT,5512.5,5587.5,5475.0,5515.0,3.18,5515.0,212.23125,5724.73125,5300.26875,False,NONE,0.88,4.29,1.45,-18.87
2026-08-19,2026-08-19T11:28:50.906457,PETRONET,285.0,291.15,285.0,289.45,2.46,289.45,9.2625,294.2625,275.7375,False,NONE,1.6,12.11,0.85,-17.35
2026-08-19,2026-08-19T11:28:50.906457,PFC,374.65,375.7,371.65,375.2,2.01,375.2,8.2423,382.8923,366.4077,False,NONE,0.24,-6.64,0.04,4
2026-08-19,2026-08-19T11:28:50.906457,PGEL,598.15,599.6,584.35,596.75,3.62,596.75,22.251179999999998,620.40118,575.89882,False,NONE,-0.2,0.12,-0.25,6.67
2026-08-19,2026-08-19T11:28:50.906457,PHOENIXLTD,1950.5,1950.5,1906.9,1920.4,2.42,1920.4,46.0318,1996.5318,1904.4682,False,NONE,-1.06,3.61,0.07,5.26
2026-08-19,2026-08-19T11:28:50.906457,PIDILITIND,1657.6,1672.8,1653.0,1664.5,1.79,1664.5,31.991679999999995,1689.59168,1625.6083199999998,False,NONE,-0.19,-1.84,4.23,6.56
2026-08-19,2026-08-19T11:28:50.906457,PIIND,2511.0,2517.9,2490.1,2510.5,2.7,2510.5,73.8234,2584.8234,2437.1766,False,NONE,0.21,-1.33,0.96,-4.44
2026-08-19,2026-08-19T11:28:50.906457,PNB,116.33,117.5,116.23,117.16,2.62,117.16,3.245607,119.575607,113.08439299999999,False,NONE,0.28,-3.59,0.11,1.1
2026-08-19,2026-08-19T11:28:50.906457,PNBHOUSING,1155.0,1162.7,1138.7,1155.6,2.78,1155.6,33.264,1188.264,1121.736,False,NONE,1,-7.59,-0.22,1.85
2026-08-19,2026-08-19T11:28:50.906457,POLICYBZR,1738.2,1791.9,1738.2,1775.5,3.39,1775.5,56.66532,1794.86532,1681.53468,False,NONE,1.34,7.2,2.09,-20.27
2026-08-19,2026-08-19T11:28:50.906457,POLYCAB,9050.0,9180.5,8958.5,9145.0,2.6,9145.0,248.875,9298.875,8801.125,False,NONE,0.15,-2.93,-0.06,3.33
2026-08-19,2026-08-19T11:28:50.906457,POWERGRID,267.95,267.95,263.6,263.8,1.97,263.8,4.71592,272.66591999999997,263.23408,False,NONE,-1.75,3.55,0.12,0
2026-08-19,2026-08-19T11:28:50.906457,POWERINDIA,34765.0,35005.0,33680.0,33725.0,3.38,33725.0,1143.7685000000001,35908.7685,33621.2315,False,NONE,-4.45,7.72,-0.39,-12.22
2026-08-19,2026-08-19T11:28:50.906457,PREMIERENE,1013.2,1020.6,1010.5,1013.3,2.94,1013.3,30.69996,1043.89996,982.50004,False,NONE,-0.25,-5.57,-0.07,0
2026-08-19,2026-08-19T11:28:50.906457,PRESTIGE,1582.2,1592.9,1569.4,1578.0,2.92,1578.0,48.09888,1630.29888,1534.10112,False,NONE,-1.29,0.86,0.44,-2.38
2026-08-19,2026-08-19T11:28:50.906457,RADICO,4682.1,4747.7,4661.5,4675.0,2.86,4675.0,152.16825,4834.26825,4529.931750000001,False,NONE,-0.8,-7.81,1.72,0
2026-08-19,2026-08-19T11:28:50.906457,RBLBANK,383.85,383.85,379.5,382.15,2.63,382.15,11.170035,395.020035,372.67996500000004,False,NONE,-0.42,-4.43,-0.22,0
2026-08-19,2026-08-19T11:28:50.906457,RECLTD,336.7,339.45,335.8,339.4,2.09,339.4,7.676759999999999,344.37676,329.02324,False,NONE,0.24,-7.19,-0.88,-2.94
2026-08-19,2026-08-19T11:28:50.906457,RELIANCE,1321.0,1321.0,1310.4,1315.4,1.61,1315.4,22.7212,1343.7212,1298.2788,False,NONE,-0.39,-6.06,0.69,0
2026-08-19,2026-08-19T11:28:50.906457,RVNL,224.2,226.69,221.2,222.28,2.8,222.28,6.322439999999999,230.52244,217.87756,False,NONE,-1,-1.57,0.15,-4
2026-08-19,2026-08-19T11:28:50.906457,SAIL,170.55,173.18,169.87,171.23,3.67,171.23,4.7754,175.3254,165.77460000000002,False,NONE,-0.86,37.08,0.63,0
2026-08-19,2026-08-19T11:28:50.906457,SBICARD,615.4,618.85,612.5,616.8,2.77,616.8,18.58508,633.9850799999999,596.81492,False,NONE,0.11,-7.07,-0.42,5.88
2026-08-19,2026-08-19T11:28:50.906457,SBILIFE,1771.2,1793.9,1751.3,1763.7,2.1,1763.7,48.176640000000006,1819.37664,1723.0233600000001,False,NONE,-0.94,2.1,1.1,7.84
2026-08-19,2026-08-19T11:28:50.906457,SBIN,1053.8,1056.0,1048.4,1050.1,2.06,1050.1,23.394360000000002,1077.19436,1030.40564,False,NONE,-0.4,-6.98,0.02,1.96
2026-08-19,2026-08-19T11:28:50.906457,SENSEX,77402.1,77402.1,77111.45,77190.85,0.56,77190.85,456.67239,77858.77239000001,76945.42761,False,NONE,-0.42,-0.76,4.87,-12.87
2026-08-19,2026-08-19T11:28:50.906457,SHREECEM,24575.0,24575.0,24150.0,24385.0,3.21,24385.0,496.415,25071.415,24078.585,False,NONE,-1.2,6.05,0.2,0
2026-08-19,2026-08-19T11:28:50.906457,SHRIRAMFIN,1113.5,1113.5,1097.6,1105.1,2.9,1105.1,33.405,1146.905,1080.095,False,NONE,-0.3,-2.6,-1.38,3.64
2026-08-19,2026-08-19T11:28:50.906457,SIEMENS,3930.3,3949.4,3894.8,3906.1,2.87,3906.1,112.79961000000002,4043.09961,3817.50039,False,NONE,-1.24,3.44,-0.42,-1.69
2026-08-19,2026-08-19T11:28:50.906457,SOLARINDS,20050.0,20249.0,19564.0,19765.0,3.31,19765.0,695.735,20745.735,19354.265,False,NONE,-1.64,-6.92,1.03,-8.64
2026-08-19,2026-08-19T11:28:50.906457,SONACOMS,829.0,831.9,817.45,826.95,3.07,826.95,25.8648,854.8648,803.1352,False,NONE,-0.07,-1.1,1.1,1.47
2026-08-19,2026-08-19T11:28:50.906457,SRF,2632.5,2632.5,2593.5,2596.6,2.1,2596.6,58.441500000000005,2690.9415,2574.0585,False,NONE,-1.36,-3.94,0.15,0
2026-08-19,2026-08-19T11:28:50.906457,SUNPHARMA,1872.3,1899.6,1872.3,1891.5,1.94,1891.5,37.446,1909.7459999999999,1834.854,False,NONE,0.47,-1.09,0.5,-1.92
2026-08-19,2026-08-19T11:28:50.906457,SUPREMEIND,3551.0,3620.7,3551.0,3611.0,2.26,3611.0,95.5219,3646.5219,3455.4781,False,NONE,0.26,-9.52,3.99,1.56
2026-08-19,2026-08-19T11:28:50.906457,SUZLON,47.68,47.68,46.96,47.14,2.93,47.14,1.5400639999999999,49.220064,46.139936,False,NONE,-1.28,-4.18,-0.42,-2.44
2026-08-19,2026-08-19T11:28:50.906457,SWIGGY,276.15,276.8,270.05,272.75,3.89,272.75,12.53721,288.68721,263.61278999999996,False,NONE,-0.62,-10.04,-0.04,-4.26
2026-08-19,2026-08-19T11:28:50.906457,TATACONSUM,1062.1,1071.5,1061.1,1067.5,2.2,1067.5,24.53451,1086.6345099999999,1037.56549,False,NONE,0.14,-5.22,0.15,1.64
2026-08-19,2026-08-19T11:28:50.906457,TATAELXSI,3633.4,3671.9,3633.4,3653.7,2.91,3653.7,118.81218000000001,3752.21218,3514.58782,False,NONE,-0.07,-6.42,-1.31,30.43
2026-08-19,2026-08-19T11:28:50.906457,TATAPOWER,379.95,379.95,375.0,376.15,2.21,376.15,8.092934999999999,388.042935,371.857065,False,NONE,-0.99,4.53,0.14,4.41
2026-08-19,2026-08-19T11:28:50.906457,TATASTEEL,184.44,185.07,182.71,184.69,2.39,184.69,4.79544,189.23544,179.64455999999998,False,NONE,-0.21,-6.75,-0.12,3.33
2026-08-19,2026-08-19T11:28:50.906457,TCS,2308.0,2308.0,2264.3,2280.1,2.58,2280.1,63.931599999999996,2371.9316,2244.0684,False,NONE,-0.38,-4.07,0.32,-1.72
2026-08-19,2026-08-19T11:28:50.906457,TECHM,1605.0,1613.8,1581.4,1589.6,2.44,1589.6,39.483,1644.483,1565.517,False,NONE,-0.58,-1.38,0.6,-4.35
2026-08-19,2026-08-19T11:28:50.906457,TIINDIA,2950.0,2960.3,2906.8,2944.3,3.48,2944.3,106.79,3056.79,2843.21,False,NONE,-0.81,-3.64,-3.04,-3.77
2026-08-19,2026-08-19T11:28:50.906457,TITAN,5065.0,5076.2,5036.0,5060.4,1.73,5060.4,91.67649999999999,5156.6765,4973.3235,False,NONE,-0.05,-3.57,-0.56,-3.12
2026-08-19,2026-08-19T11:28:50.906457,TMPV,324.4,324.5,320.7,322.6,2.43,322.6,8.921,333.32099999999997,315.479,False,NONE,-0.46,-12.04,-0.05,1.82
2026-08-19,2026-08-19T11:28:50.906457,TORNTPHARM,4971.0,5006.5,4945.5,4972.5,2.31,4972.5,123.2808,5094.2808,4847.7192,False,NONE,-0.17,0.17,-0.75,4.69
2026-08-19,2026-08-19T11:28:50.906457,TRENT,2950.0,2972.3,2930.5,2964.2,2.93,2964.2,82.305,3032.305,2867.695,False,NONE,0.31,-1.82,-0.93,0
2026-08-19,2026-08-19T11:28:50.906457,TVSMOTOR,4389.0,4393.6,4364.1,4372.6,2.35,4372.6,107.53050000000002,4496.5305,4281.4695,False,NONE,0.48,0.27,0.04,-6.82
2026-08-19,2026-08-19T11:28:50.906457,ULTRACEMCO,11522.0,11522.0,11420.0,11495.0,1.89,11495.0,241.96200000000002,11763.962,11280.038,False,NONE,-0.43,-6.95,0.35,-2.44
2026-08-19,2026-08-19T11:28:50.906457,UNIONBANK,185.1,187.76,185.1,186.6,2.97,186.6,5.77512,190.87511999999998,179.32488,False,NONE,-0.03,-4.85,0.03,-1.15
2026-08-19,2026-08-19T11:28:50.906457,UNITDSPR,1527.2,1536.8,1522.0,1528.4,2.23,1528.4,33.29296,1560.49296,1493.90704,False,NONE,0.01,-0.94,-0.16,-5.17
2026-08-19,2026-08-19T11:28:50.906457,UNOMINDA,1283.0,1288.0,1261.9,1279.9,2.52,1279.9,31.0486,1314.0486,1251.9514,False,NONE,0.16,8.69,0.1,-16.67
2026-08-19,2026-08-19T11:28:50.906457,UPL,558.15,569.65,557.65,568.5,2.56,568.5,13.95375,572.10375,544.19625,False,NONE,1.53,9.93,0.72,6
2026-08-19,2026-08-19T11:28:50.906457,VBL,437.0,439.6,434.2,436.1,2.45,436.1,11.056099999999999,448.0561,425.9439,False,NONE,-0.63,-6.19,0.23,2.5
2026-08-19,2026-08-19T11:28:50.906457,VEDL,264.6,265.0,261.65,262.85,3.04,262.85,8.83764,273.43764000000004,255.76236000000003,False,NONE,-1,-5.23,1.38,0
2026-08-19,2026-08-19T11:28:50.906457,VMM,103.68,104.31,103.31,103.96,3.22,103.96,11.850624,115.530624,91.82937600000001,False,NONE,0,-1.63,-0.24,0
2026-08-19,2026-08-19T11:28:50.906457,VOLTAS,1248.0,1248.0,1217.4,1220.0,3.04,1220.0,38.313599999999994,1286.3136,1209.6864,False,NONE,-2.4,-0.3,5.83,4.44
2026-08-19,2026-08-19T11:28:50.906457,WAAREEENER,2676.9,2709.9,2666.0,2667.2,2.75,2667.2,70.67016000000001,2747.57016,2606.22984,False,NONE,-1.34,2,0.8,0
2026-08-19,2026-08-19T11:28:50.906457,WIPRO,179.5,180.1,177.96,179.61,2.44,179.61,4.7388,184.2388,174.7612,False,NONE,0.48,-5.91,-0.48,1.52
2026-08-19,2026-08-19T11:28:50.906457,YESBANK,22.52,22.79,22.4,22.65,2.78,22.65,0.6508280000000001,23.170828,21.869172,False,NONE,0.53,-11.46,6.09,1.92
2026-08-19,2026-08-19T11:28:50.906457,ZYDUSLIFE,1121.0,1128.1,1113.7,1123.8,2.45,1123.8,29.5944,1150.5944,1091.4056,False,NONE,0.36,-5.6,-0.75,1.82
2026-08-19,2026-08-19T13:12:07.298214,360ONE,1165.0,1187.4,1160.1,1186.0,3.17,1186.0,32.969500000000004,1197.9695,1132.0305,False,NONE,1.39,4.92,-2.14,1.85
2026-08-19,2026-08-19T13:12:07.298214,ABB,7546.0,7559.0,7415.0,7464.5,2.67,7464.5,218.07940000000002,7764.0794,7327.9206,False,NONE,-1.6,-9.7,-1.39,-1.96
2026-08-19,2026-08-19T13:12:07.298214,ABCAPITAL,401.6,401.7,393.9,395.8,2.45,395.8,10.6424,412.24240000000003,390.9576,False,NONE,-1.62,-3.68,1.45,-9.59
2026-08-19,2026-08-19T13:12:07.298214,ADANIENSOL,1590.0,1590.0,1548.0,1550.0,3.84,1550.0,60.897,1650.897,1529.103,False,NONE,-3.4,11.56,0.28,0
2026-08-19,2026-08-19T13:12:07.298214,ADANIENT,3005.0,3016.8,2972.1,2980.7,2.89,2980.7,86.544,3091.544,2918.456,False,NONE,-1.01,3.04,-0.06,-3.28
2026-08-19,2026-08-19T13:12:07.298214,ADANIGREEN,1310.0,1310.0,1281.5,1291.9,3.22,1291.9,42.575,1352.575,1267.425,False,NONE,-1.6,-2.87,-0.88,0
2026-08-19,2026-08-19T13:12:07.298214,ADANIPORTS,1691.5,1691.5,1667.3,1673.4,2.16,1673.4,38.05875,1729.55875,1653.44125,False,NONE,-0.77,-2.55,-0.39,-1.89
2026-08-19,2026-08-19T13:12:07.298214,ADANIPOWER,206.13,206.26,202.6,204.29,2.96,204.29,7.42068,213.55068,198.70932,False,NONE,-1.18,-8.62,-0.07,2.13
2026-08-19,2026-08-19T13:12:07.298214,ALKEM,5420.0,5486.0,5388.5,5405.0,2.13,5405.0,122.49199999999999,5542.492,5297.508,False,NONE,-1.22,-6.23,0.88,-11.36
2026-08-19,2026-08-19T13:12:07.298214,AMBER,7385.0,7385.0,7211.5,7298.0,2.96,7298.0,219.33450000000002,7604.3345,7165.6655,False,NONE,-1.09,8.3,-0.66,0
2026-08-19,2026-08-19T13:12:07.298214,AMBUJACEM,410.6,411.3,405.8,406.75,2.2,406.75,8.910020000000001,419.51002,401.68998000000005,False,NONE,-1.31,0.85,-0.2,-1.85
2026-08-19,2026-08-19T13:12:07.298214,ANGELONE,290.5,294.5,288.8,291.6,3.45,291.6,10.458,300.958,280.042,False,NONE,0.17,-0.62,0.7,0
2026-08-19,2026-08-19T13:12:07.298214,APLAPOLLO,2105.0,2122.0,2098.4,2110.0,2.13,2110.0,48.204499999999996,2153.2045,2056.7955,False,NONE,-0.34,4.98,0.79,1.47
2026-08-19,2026-08-19T13:12:07.298214,APOLLOHOSP,8840.0,8860.0,8741.0,8754.0,1.66,8754.0,150.28,8990.28,8689.72,False,NONE,-0.87,-4.81,0.19,-10.81
2026-08-19,2026-08-19T13:12:07.298214,ASHOKLEY,174.3,176.19,173.75,174.56,2.69,174.56,5.00241,179.30241,169.29759,False,NONE,-1.07,-4.27,0.03,0
2026-08-19,2026-08-19T13:12:07.298214,ASIANPAINT,2620.0,2640.0,2609.1,2610.8,2.1,2610.8,59.211999999999996,2679.212,2560.788,False,NONE,-0.63,-7.34,-1.41,-1.85
2026-08-19,2026-08-19T13:12:07.298214,ASTRAL,1539.8,1543.3,1512.0,1535.0,2.41,1535.0,36.49326,1576.29326,1503.30674,False,NONE,0.53,4.84,0.42,-10.53
2026-08-19,2026-08-19T13:12:07.298214,AUBANK,1075.0,1079.3,1064.3,1078.0,2.57,1078.0,30.2075,1105.2075,1044.7925,False,NONE,0.2,-4.27,6.28,-1.37
2026-08-19,2026-08-19T13:12:07.298214,AUROPHARMA,1638.1,1641.8,1617.1,1621.3,2.82,1621.3,45.70299,1683.80299,1592.39701,False,NONE,-1.21,2.97,1.07,-9.26
2026-08-19,2026-08-19T13:12:07.298214,AXISBANK,1244.0,1244.1,1226.4,1230.6,1.94,1230.6,24.7556,1268.7556,1219.2444,False,NONE,-1.43,-5.05,1.4,-5
2026-08-19,2026-08-19T13:12:07.298214,BAJAJ-AUTO,11620.0,11719.0,11541.0,11680.0,1.95,11680.0,246.34400000000002,11866.344,11373.656,False,NONE,0.42,-7.26,1.4,17.12
2026-08-19,2026-08-19T13:12:07.298214,BAJAJFINSV,2000.0,2010.2,1990.3,1999.8,1.99,1999.8,44.6,2044.6,1955.4,False,NONE,-0.56,-2.05,-0.64,6
2026-08-19,2026-08-19T13:12:07.298214,BAJAJHLDNG,11288.0,11341.0,11263.0,11286.0,2.24,11286.0,261.8816,11549.8816,11026.1184,False,NONE,0.11,19.65,-0.38,0
2026-08-19,2026-08-19T13:12:07.298214,BAJFINANCE,1091.2,1091.2,1080.0,1080.0,2.27,1080.0,26.1888,1117.3888,1065.0112000000001,False,NONE,-1.23,-3.25,0.36,0
2026-08-19,2026-08-19T13:12:07.298214,BANDHANBNK,170.2,170.2,167.81,169.8,2.62,169.8,5.14004,175.34004,165.05996,False,NONE,-0.9,-8.22,-0.31,0
2026-08-19,2026-08-19T13:12:07.298214,BANKBARODA,244.0,245.78,243.35,245.0,2.28,245.0,6.4172,250.4172,237.5828,False,NONE,0.36,-13.12,1.3,0
2026-08-19,2026-08-19T13:12:07.298214,BANKEX,65514.65,65514.65,65514.65,65514.65,1.5,65514.65,1133.4034450000001,66648.053445,64381.246555,False,NONE,-,26.65,0,1.08
2026-08-19,2026-08-19T13:12:07.298214,BANKINDIA,142.65,143.39,141.75,142.15,2.69,142.15,4.47921,147.12921,138.17079,False,NONE,-0.29,-8.43,-0.19,0
2026-08-19,2026-08-19T13:12:07.298214,BANKNIFTY,57402.0,57402.0,57151.0,57280.0,1.23,57280.0,757.7064,58159.7064,56644.2936,False,NONE,-0.27,-1.89,0.38,-2.86
2026-08-19,2026-08-19T13:12:07.298214,BDL,1405.0,1405.0,1356.3,1357.0,3.2,1357.0,51.00149999999999,1456.0015,1353.9985,False,NONE,-3.2,-10.16,-0.23,-13.33
2026-08-19,2026-08-19T13:12:07.298214,BEL,414.0,414.0,406.7,408.1,2.35,408.1,10.2258,424.2258,403.7742,False,NONE,-1.23,-1.41,-1.56,2.82
2026-08-19,2026-08-19T13:12:07.298214,BHARATFORG,2093.4,2093.4,2058.6,2063.0,2.39,2063.0,56.521800000000006,2149.9218,2036.8782,False,NONE,-1.32,-10.15,0.68,2.04
2026-08-19,2026-08-19T13:12:07.298214,BHARTIARTL,1935.0,1945.7,1928.3,1933.9,1.71,1933.9,34.83,1969.83,1900.17,False,NONE,-0.46,-6.52,2.48,4.76
2026-08-19,2026-08-19T13:12:07.298214,BHEL,424.3,424.3,414.3,416.85,3.18,416.85,14.765640000000001,439.06564000000003,409.53436,False,NONE,-1.94,-6.85,0.19,-3.7
2026-08-19,2026-08-19T13:12:07.298214,BIOCON,416.6,417.65,412.85,413.45,2.36,413.45,10.53998,427.13998000000004,406.06002,False,NONE,-1.49,-5.91,0.1,-5.48
2026-08-19,2026-08-19T13:12:07.298214,BLUESTARCO,1488.3,1497.9,1476.0,1496.0,2.78,1496.0,42.11889,1530.41889,1446.18111,False,NONE,0.28,-7.36,15.48,7.14
2026-08-19,2026-08-19T13:12:07.298214,BOSCHLTD,48840.0,49100.0,48375.0,48520.0,2.22,48520.0,1191.696,50031.695999999996,47648.304000000004,False,NONE,-0.51,-3.01,-0.28,-2.63
2026-08-19,2026-08-19T13:12:07.298214,BPCL,310.7,311.55,305.6,307.8,2.5,307.8,8.01606,318.71605999999997,302.68394,False,NONE,-1.28,0.55,1,0
2026-08-19,2026-08-19T13:12:07.298214,BRITANNIA,5460.0,5550.0,5460.0,5476.0,1.93,5476.0,105.37799999999999,5565.378,5354.622,False,NONE,-0.46,-2.65,6.58,3.92
2026-08-19,2026-08-19T13:12:07.298214,BSE,3319.0,3395.1,3293.3,3365.5,3.45,3365.5,116.165,3435.165,3202.835,False,NONE,1.4,-1.25,0.28,4.55
2026-08-19,2026-08-19T13:12:07.298214,CAMS,760.0,765.05,753.95,756.65,2.5,756.65,20.216,780.216,739.784,False,NONE,-0.39,-8.61,1.02,-4.44
2026-08-19,2026-08-19T13:12:07.298214,CANBK,129.4,129.59,128.17,128.77,2.67,128.77,3.8820000000000006,133.282,125.518,False,NONE,-0.19,-8.43,0.19,2.63
2026-08-19,2026-08-19T13:12:07.298214,CDSL,1338.0,1348.6,1334.6,1338.6,2.77,1338.6,36.5274,1374.5274,1301.4726,False,NONE,-0.49,1.14,-1.34,-6.78
2026-08-19,2026-08-19T13:12:07.298214,CGPOWER,886.0,886.0,861.45,872.15,3.13,872.15,29.3266,915.3266,856.6734,False,NONE,-2.02,0.07,1.44,0
2026-08-19,2026-08-19T13:12:07.298214,CHOLAFIN,1870.1,1870.1,1855.3,1866.0,2.6,1866.0,57.786089999999994,1927.88609,1812.3139099999999,False,NONE,-0.51,1.58,-0.3,14.29
2026-08-19,2026-08-19T13:12:07.298214,CIPLA,1424.8,1433.3,1415.8,1419.0,2.06,1419.0,31.20312,1456.0031199999999,1393.59688,False,NONE,-0.73,0.86,1.5,-3.64
2026-08-19,2026-08-19T13:12:07.298214,COALINDIA,407.2,408.85,397.75,400.1,1.96,400.1,8.06256,415.26256,399.13743999999997,False,NONE,-2,7.53,0.18,-4.35
2026-08-19,2026-08-19T13:12:07.298214,COCHINSHIP,1509.0,1509.0,1475.4,1485.5,2.59,1485.5,47.080799999999996,1556.0808,1461.9192,False,NONE,-0.6,-14.09,1.12,-3.03
2026-08-19,2026-08-19T13:12:07.298214,COFORGE,1796.8,1823.0,1788.8,1815.8,2.7,1815.8,58.75536,1855.55536,1738.0446399999998,False,NONE,2.19,-5.81,1.61,4.26
2026-08-19,2026-08-19T13:12:07.298214,COLPAL,1903.0,1913.2,1871.3,1874.3,2.18,1874.3,42.6272,1945.6272,1860.3728,False,NONE,-1.64,0.62,2.61,-5.45
2026-08-19,2026-08-19T13:12:07.298214,CONCOR,517.1,519.5,512.45,513.55,2.32,513.55,12.77237,529.87237,504.32763,False,NONE,-1.33,-8.03,-0.12,-9.62
2026-08-19,2026-08-19T13:12:07.298214,CROMPTON,246.3,247.8,242.4,246.35,2.84,246.35,7.29048,253.59048,239.00952,False,NONE,0.63,-4.02,0.05,-3.45
2026-08-19,2026-08-19T13:12:07.298214,CUMMINSIND,5330.0,5387.0,5253.5,5267.5,2.6,5267.5,148.174,5478.174,5181.826,False,NONE,-2.24,-4.79,0.98,-4.84
2026-08-19,2026-08-19T13:12:07.298214,DABUR,402.9,402.9,399.3,400.8,1.83,400.8,8.13858,411.03857999999997,394.76142,False,NONE,-0.55,-8.77,0.14,-1.92
2026-08-19,2026-08-19T13:12:07.298214,DALBHARAT,1835.2,1869.0,1830.7,1860.0,2.51,1860.0,50.10096000000001,1885.30096,1785.09904,False,NONE,0.65,-1.06,-2.29,18.97
2026-08-19,2026-08-19T13:12:07.298214,DELHIVERY,452.15,452.45,447.05,449.0,2.36,449.0,10.942029999999999,463.09202999999997,441.20797,False,NONE,-0.55,-1.53,-0.89,3.39
2026-08-19,2026-08-19T13:12:07.298214,DIVISLAB,8599.5,8599.5,8510.5,8524.0,2.16,8524.0,204.66809999999998,8804.1681,8394.8319,False,NONE,-0.67,-2.16,-0.47,2.3
2026-08-19,2026-08-19T13:12:07.298214,DIXON,14130.0,14464.0,14037.0,14342.0,3.17,14342.0,453.57300000000004,14583.573,13676.427,False,NONE,1.11,-3.48,-1.77,12
2026-08-19,2026-08-19T13:12:07.298214,DLF,673.5,675.95,658.0,673.35,2.84,673.35,20.3397,693.8397,653.1603,False,NONE,0.56,-3.11,1.7,7.69
2026-08-19,2026-08-19T13:12:07.298214,DMART,4009.5,4026.0,3974.6,3996.0,2.2,3996.0,94.6242,4104.1242,3914.8758,False,NONE,0.2,-2.47,-0.96,-3.33
2026-08-19,2026-08-19T13:12:07.298214,DRREDDY,1176.0,1186.7,1172.7,1174.5,1.94,1174.5,23.7552,1199.7552,1152.2448,False,NONE,-0.52,-7.4,-1.23,7.27
2026-08-19,2026-08-19T13:12:07.298214,EICHERMOT,8050.0,8058.0,7992.0,8027.0,1.9,8027.0,157.78,8207.78,7892.22,False,NONE,-0.37,0.22,1.19,1.14
2026-08-19,2026-08-19T13:12:07.298214,ETERNAL,314.05,322.85,314.05,321.95,2.8,321.95,9.60993,323.65993000000003,304.44007,False,NONE,1.51,-3.03,-0.29,7.81
2026-08-19,2026-08-19T13:12:07.298214,FEDERALBNK,357.3,360.3,356.05,358.8,1.96,358.8,7.82487,365.12487,349.47513000000004,False,NONE,-0.06,-5.54,0.14,1.45
2026-08-19,2026-08-19T13:12:07.298214,FINNIFTY,26027.2,26113.5,26020.0,26076.6,1.3,26076.6,366.98352,26394.183520000002,25660.21648,False,NONE,-0.39,-1.03,-0.58,-8.7
2026-08-19,2026-08-19T13:12:07.298214,FOCIT,36896.0,36970.0,36888.0,36917.0,2.44,36917.0,1003.5712000000001,37899.5712,35892.4288,False,NONE,0,-6.21,0,15.19
2026-08-19,2026-08-19T13:12:07.298214,FORCEMOT,18228.0,18248.0,17700.0,17823.0,3.45,17823.0,610.638,18838.638,17617.362,False,NONE,-2.08,-4.06,3.26,-4.26
2026-08-19,2026-08-19T13:12:07.298214,FORTIS,925.0,925.0,908.9,913.4,2.32,913.4,22.8475,947.8475,902.1525,False,NONE,-0.73,-3.15,-0.45,3.85
2026-08-19,2026-08-19T13:12:07.298214,GAIL,172.2,173.59,170.74,173.45,2.26,173.45,4.11558,176.31557999999998,168.08442,False,NONE,0.96,-3.23,-0.86,5.71
2026-08-19,2026-08-19T13:12:07.298214,GLENMARK,2301.3,2319.0,2225.0,2241.6,2.47,2241.6,52.00938,2353.30938,2249.29062,True,DOWN,-3.25,7.32,-0.29,12.07
2026-08-19,2026-08-19T13:12:07.298214,GMRAIRPORT,102.01,103.44,101.33,101.99,2.58,101.99,2.9174860000000002,104.927486,99.09251400000001,False,NONE,0.03,0.82,0.79,-8.06
2026-08-19,2026-08-19T13:12:07.298214,GODFRYPHLP,2114.7,2166.0,2093.1,2140.5,3.8,2140.5,79.08978,2193.7897799999996,2035.6102199999998,False,NONE,1.4,4.31,0.56,4.88
2026-08-19,2026-08-19T13:12:07.298214,GODREJCP,934.5,940.6,929.3,937.8,2.24,937.8,23.269050000000004,957.76905,911.23095,False,NONE,0.32,-10.5,-0.55,8.77
2026-08-19,2026-08-19T13:12:07.298214,GODREJPROP,2016.0,2016.0,1972.1,2007.2,3,2007.2,63.504,2079.504,1952.496,False,NONE,-0.25,-2.78,-0.3,5.36
2026-08-19,2026-08-19T13:12:07.298214,GRASIM,3272.3,3272.3,3222.1,3250.1,2.13,3250.1,76.89905,3349.19905,3195.40095,False,NONE,-0.7,-9.41,2.16,0
2026-08-19,2026-08-19T13:12:07.298214,GVT&D,4145.0,4145.0,4042.5,4135.1,3.6,4135.1,161.655,4306.655,3983.345,False,NONE,-1.61,5.76,-0.19,17.54
2026-08-19,2026-08-19T13:12:07.298214,HAL,5081.0,5099.6,5012.1,5026.0,2.66,5026.0,138.7113,5219.7113,4942.2887,False,NONE,-1.23,-4.54,0.66,-2.82
2026-08-19,2026-08-19T13:12:07.298214,HAVELLS,1290.2,1305.0,1275.0,1278.7,2.31,1278.7,31.22284,1321.42284,1258.9771600000001,False,NONE,-0.96,2.64,4.42,-6.52
2026-08-19,2026-08-19T13:12:07.298214,HCLTECH,1311.2,1324.0,1305.4,1319.3,2.56,1319.3,38.81152,1350.01152,1272.38848,False,NONE,1.1,-9.07,-0.76,0
2026-08-19,2026-08-19T13:12:07.298214,HDFCAMC,2515.9,2546.7,2501.5,2538.6,2.67,2538.6,62.39432,2578.29432,2453.50568,False,NONE,0.93,5.08,-0.09,7.14
2026-08-19,2026-08-19T13:12:07.298214,HDFCBANK,724.6,726.0,716.85,721.85,1.82,721.85,15.941200000000002,740.5412,708.6588,False,NONE,-0.31,-16.16,-3.6,0
2026-08-19,2026-08-19T13:12:07.298214,HDFCLIFE,538.35,539.55,533.3,538.65,2.07,538.65,12.005205,550.3552050000001,526.344795,False,NONE,-0.1,-2.74,0.34,3.77
2026-08-19,2026-08-19T13:12:07.298214,HEROMOTOCO,5680.0,5778.0,5680.0,5708.0,2.3,5708.0,140.864,5820.864,5539.136,False,NONE,-0.33,-6.16,1.25,-4.49
2026-08-19,2026-08-19T13:12:07.298214,HINDALCO,1028.0,1037.45,1025.0,1035.65,2.39,1035.65,25.5972,1053.5972,1002.4028,False,NONE,-0.57,-1.51,-0.54,3.28
2026-08-19,2026-08-19T13:12:07.298214,HINDPETRO,367.95,369.0,365.0,367.4,2.7,367.4,10.339395,378.289395,357.61060499999996,False,NONE,-0.15,-5.58,0.36,5.45
2026-08-19,2026-08-19T13:12:07.298214,HINDUNILVR,2037.3,2043.0,2018.7,2022.1,1.77,2022.1,38.7087,2076.0087,1998.5913,False,NONE,-0.96,-2.77,1.91,-3.51
2026-08-19,2026-08-19T13:12:07.298214,HINDZINC,549.0,562.1,549.0,561.25,3.01,561.25,16.9641,565.9641,532.0359,False,NONE,0.45,1.11,0.13,3.77
2026-08-19,2026-08-19T13:12:07.298214,HYUNDAI,2184.2,2225.5,2168.0,2205.2,2.63,2205.2,60.72075999999999,2244.92076,2123.4792399999997,False,NONE,0.4,-1.62,0.6,-2.2
2026-08-19,2026-08-19T13:12:07.298214,ICICIBANK,1415.2,1417.7,1395.9,1397.0,1.75,1397.0,25.04904,1440.2490400000002,1390.15096,False,NONE,-1.29,-1.34,0.14,-6.56
2026-08-19,2026-08-19T13:12:07.298214,ICICIGI,1625.4,1633.1,1617.1,1625.6,2.23,1625.6,39.334680000000006,1664.73468,1586.0653200000002,False,NONE,-0.48,-4.3,0.43,5.17
2026-08-19,2026-08-19T13:12:07.298214,ICICIPRULI,502.9,504.15,493.1,499.9,2.26,499.9,12.069599999999998,514.9696,490.8304,False,NONE,-0.27,-0.54,-0.35,-1.56
2026-08-19,2026-08-19T13:12:07.298214,IDEA,14.17,14.25,13.9,14.18,3.53,14.18,0.5327919999999999,14.702792,13.637208,False,NONE,0.21,-5.05,-0.17,1.52
2026-08-19,2026-08-19T13:12:07.298214,IDFCFIRSTB,85.7,85.75,85.15,85.64,2.24,85.64,2.20249,87.90249,83.49751,False,NONE,0.71,-5.25,0.13,1.35
2026-08-19,2026-08-19T13:12:07.298214,IEX,124.15,124.16,122.2,123.85,2.51,123.85,3.389295,127.53929500000001,120.760705,False,NONE,0.11,-3.67,-0.21,0
2026-08-19,2026-08-19T13:12:07.298214,INDHOTEL,716.75,722.55,714.75,722.0,2.02,722.0,15.410125,732.160125,701.339875,False,NONE,0.54,-5.55,-0.9,0
2026-08-19,2026-08-19T13:12:07.298214,INDIANB,878.0,879.0,867.35,870.2,2.57,870.2,25.901000000000003,903.901,852.099,False,NONE,-0.89,-11.01,0,0
2026-08-19,2026-08-19T13:12:07.298214,INDIGO,5170.0,5221.0,5157.0,5182.0,2.52,5182.0,140.107,5310.107,5029.893,False,NONE,-0.67,-4.92,1.6,1.64
2026-08-19,2026-08-19T13:12:07.298214,INDUSINDBK,1014.0,1014.4,1007.0,1010.0,2.24,1010.0,23.0178,1037.0178,990.9822,False,NONE,-0.47,-2.12,4.11,-5.88
2026-08-19,2026-08-19T13:12:07.298214,INDUSTOWER,373.05,374.8,369.75,371.45,2.79,371.45,9.99774,383.04774000000003,363.05226,False,NONE,-0.88,3.03,0.07,-4.84
2026-08-19,2026-08-19T13:12:07.298214,INFY,1127.1,1137.3,1118.2,1124.1,2.53,1124.1,34.71468,1161.81468,1092.3853199999999,False,NONE,0.38,-9.06,-0.69,-3.75
2026-08-19,2026-08-19T13:12:07.298214,INOXWIND,74.95,75.34,73.8,74.1,3.67,74.1,3.13291,78.08291,71.81709000000001,False,NONE,-1.15,-4.01,1.51,0
2026-08-19,2026-08-19T13:12:07.298214,IOC,136.9,138.09,136.52,136.85,2.19,136.85,3.6552300000000004,140.55523,133.24477000000002,False,NONE,-0.65,-4.55,0.17,-1.23
2026-08-19,2026-08-19T13:12:07.298214,IREDA,113.76,114.95,113.23,114.44,2.78,114.44,3.3331680000000006,117.093168,110.426832,False,NONE,0.39,-4.39,0.47,-1.75
2026-08-19,2026-08-19T13:12:07.298214,IRFC,85.86,87.0,85.11,85.57,2.54,85.57,2.2066019999999997,88.066602,83.653398,False,NONE,-0.48,-4.61,0.85,-7.27
2026-08-19,2026-08-19T13:12:07.298214,ITC,269.75,271.25,267.5,267.7,1.81,267.7,5.098275,274.848275,264.651725,False,NONE,-1.16,-2.44,0.32,0
2026-08-19,2026-08-19T13:12:07.298214,JINDALSTEL,1097.0,1122.0,1093.1,1120.0,2.45,1120.0,26.327999999999996,1123.328,1070.672,False,NONE,1.63,4.54,-0.68,4.48
2026-08-19,2026-08-19T13:12:07.298214,JIOFIN,245.35,246.15,243.3,243.75,2.59,243.75,7.286895,252.63689499999998,238.063105,False,NONE,-0.67,-17.1,0.49,0
2026-08-19,2026-08-19T13:12:07.298214,JSWENERGY,548.05,548.1,540.75,542.2,2.03,542.2,12.659955,560.7099549999999,535.390045,False,NONE,-1.58,-7.23,0.42,0
2026-08-19,2026-08-19T13:12:07.298214,JSWSTEEL,1270.1,1285.1,1262.7,1283.3,2.24,1283.3,28.32323,1298.4232299999999,1241.77677,False,NONE,0.98,0.14,0.38,-1.33
2026-08-19,2026-08-19T13:12:07.298214,JUBLFOOD,502.4,505.3,497.65,498.85,2.64,498.85,13.815999999999999,516.216,488.584,False,NONE,-0.91,-3.86,0.77,0
2026-08-19,2026-08-19T13:12:07.298214,KALYANKJIL,602.0,603.55,588.3,596.1,3.92,596.1,27.09,629.09,574.91,False,NONE,-1.49,-6.84,-1.6,-4.29
2026-08-19,2026-08-19T13:12:07.298214,KAYNES,3659.1,3827.7,3640.0,3793.1,4.48,3793.1,155.14584000000002,3814.24584,3503.95416,False,NONE,3.83,6.75,-0.28,-6.76
2026-08-19,2026-08-19T13:12:07.298214,KEI,5780.1,5780.1,5648.1,5704.4,2.54,5704.4,158.95275,5939.052750000001,5621.14725,False,NONE,-1.16,-6.22,-0.01,-4.65
2026-08-19,2026-08-19T13:12:07.298214,KFINTECH,947.75,955.2,938.15,948.25,3.17,948.25,29.759349999999998,977.50935,917.99065,False,NONE,0.04,-4.9,0.76,-3.85
2026-08-19,2026-08-19T13:12:07.298214,KOTAKBANK,388.5,390.9,386.8,390.4,1.91,390.4,8.0031,396.5031,380.4969,False,NONE,0.37,-7.35,0.02,10.17
2026-08-19,2026-08-19T13:12:07.298214,KPITTECH,604.5,609.45,589.9,592.95,3.07,592.95,20.069399999999998,624.5694,584.4306,False,NONE,-1.09,-2.31,-0.3,-10.42
2026-08-19,2026-08-19T13:12:07.298214,LAURUSLABS,1805.0,1816.0,1790.9,1801.1,2.15,1801.1,46.0275,1851.0275,1758.9725,False,NONE,-0.83,-13.09,0,0
2026-08-19,2026-08-19T13:12:07.298214,LICHSGFIN,490.9,492.5,487.5,489.65,1.88,489.65,10.947069999999998,501.84707,479.95293,False,NONE,-0.63,-9.63,-0.97,-2.74
2026-08-19,2026-08-19T13:12:07.298214,LICI,411.0,415.75,410.95,413.65,2.43,413.65,8.5488,419.5488,402.4512,False,NONE,0.68,27.6,-0.85,0
2026-08-19,2026-08-19T13:12:07.298214,LODHA,1222.0,1222.0,1194.6,1205.0,3.21,1205.0,43.8698,1265.8698,1178.1302,False,NONE,-0.86,-11.45,0.62,-6.25
2026-08-19,2026-08-19T13:12:07.298214,LT,4068.1,4073.8,4025.9,4030.2,1.93,4030.2,77.2939,4145.3939,3990.8061,False,NONE,-0.96,0.77,-0.22,-3.03
2026-08-19,2026-08-19T13:12:07.298214,LTF,326.4,326.65,312.65,316.65,3.22,316.65,11.06496,337.46495999999996,315.33504,False,NONE,-2.82,0.55,2.86,-15.19
2026-08-19,2026-08-19T13:12:07.298214,LTM,4610.0,4651.5,4525.9,4557.4,3.33,4557.4,162.27200000000002,4772.272,4447.728,False,NONE,-0.65,-1.17,0.97,-3.85
2026-08-19,2026-08-19T13:12:07.298214,LUPIN,2241.5,2241.5,2207.8,2222.6,1.75,2222.6,44.83,2286.33,2196.67,False,NONE,-0.32,-10.68,0.01,2.33
2026-08-19,2026-08-19T13:12:07.298214,M&M,3411.0,3427.8,3378.1,3417.6,2,3417.6,78.45299999999999,3489.453,3332.547,False,NONE,0.01,-11.78,0.64,-1.41
2026-08-19,2026-08-19T13:12:07.298214,MANAPPURAM,344.0,344.0,338.2,339.85,2.8,339.85,12.005600000000001,356.0056,331.9944,False,NONE,-1.65,-20.21,-0.29,6.25
2026-08-19,2026-08-19T13:12:07.298214,MANKIND,2390.0,2428.0,2387.1,2392.2,2.51,2392.2,72.895,2462.895,2317.105,False,NONE,-0.18,4.92,-0.37,-3.33
2026-08-19,2026-08-19T13:12:07.298214,MARICO,848.4,854.3,839.9,849.85,1.75,849.85,17.30736,865.70736,831.09264,False,NONE,0.44,-9.03,-1.35,3.39
2026-08-19,2026-08-19T13:12:07.298214,MARUTI,13738.0,13744.0,13631.0,13725.0,1.94,13725.0,300.8622,14038.8622,13437.1378,False,NONE,-0.22,-10.29,-0.45,0
2026-08-19,2026-08-19T13:12:07.298214,MAXHEALTH,1018.2,1018.2,1001.8,1004.7,2.56,1004.7,28.204140000000002,1046.40414,989.99586,False,NONE,-1.05,-6.27,0.05,-3.7
2026-08-19,2026-08-19T13:12:07.298214,MAZDOCK,2600.0,2606.7,2546.3,2559.3,2.89,2559.3,89.18,2689.18,2510.82,False,NONE,-1.35,-8.49,-1.5,-1.92
2026-08-19,2026-08-19T13:12:07.298214,MCX,3058.0,3067.7,2955.1,2957.7,3.49,2957.7,113.146,3171.146,2944.854,False,NONE,-2.61,1.14,6.33,-23.71
2026-08-19,2026-08-19T13:12:07.298214,MFSL,1581.0,1581.0,1556.4,1569.2,2.43,1569.2,41.7384,1622.7384,1539.2616,False,NONE,-0.69,-2.31,0.09,-3.85
2026-08-19,2026-08-19T13:12:07.298214,MIDCPNIFTY,14832.55,14914.45,14798.95,14891.15,1.2,14891.15,191.33989499999998,15023.889894999998,14641.210105,False,NONE,0.12,-3.16,10.97,8.05
2026-08-19,2026-08-19T13:12:07.298214,MOTHERSON,171.05,173.48,169.51,170.61,2.64,170.61,5.02887,176.07887000000002,166.02113,False,NONE,0.3,-4.78,1.55,0
2026-08-19,2026-08-19T13:12:07.298214,MOTILALOFS,940.2,948.65,930.3,945.75,2.72,945.75,26.41962,966.61962,913.78038,False,NONE,0.39,-0.94,-0.75,6.94
2026-08-19,2026-08-19T13:12:07.298214,MPHASIS,2458.0,2477.2,2390.1,2421.3,3.37,2421.3,87.0132,2545.0132,2370.9868,False,NONE,-1.12,0.15,-0.14,-10.2
2026-08-19,2026-08-19T13:12:07.298214,MUTHOOTFIN,2889.9,2890.1,2850.0,2858.3,2.22,2858.3,77.44932,2967.3493200000003,2812.45068,False,NONE,-1.57,-10.64,0.93,-4.08
2026-08-19,2026-08-19T13:12:07.298214,NAM-INDIA,1182.0,1203.9,1174.8,1200.0,3.15,1200.0,37.1148,1219.1148,1144.8852,False,NONE,1.9,4.68,18.59,0
2026-08-19,2026-08-19T13:12:07.298214,NATIONALUM,380.05,385.85,378.15,385.0,3.45,385.0,14.251875,394.301875,365.798125,False,NONE,-0.36,-8.43,-0.11,3.28
2026-08-19,2026-08-19T13:12:07.298214,NAUKRI,1358.8,1374.8,1354.0,1373.8,2.73,1373.8,38.99756,1397.79756,1319.80244,False,NONE,1.54,-2.21,4.09,-11.43
2026-08-19,2026-08-19T13:12:07.298214,NBCC,87.6,87.86,86.94,87.59,3.04,87.59,2.88204,90.48204,84.71795999999999,False,NONE,-0.44,-3.76,1.87,-2.56
2026-08-19,2026-08-19T13:12:07.298214,NESTLEIND,1472.4,1480.3,1460.0,1464.5,2.06,1464.5,31.509360000000004,1503.90936,1440.89064,False,NONE,0,-3.46,4.36,-3.64
2026-08-19,2026-08-19T13:12:07.298214,NHPC,76.44,76.44,75.61,76.04,2.22,76.04,1.857492,78.29749199999999,74.582508,False,NONE,-0.37,-1.94,0.34,0
2026-08-19,2026-08-19T13:12:07.298214,NIFTY,24201.0,24201.0,24087.4,24124.9,1,24124.9,256.5306,24457.5306,23944.4694,False,NONE,-0.43,-0.92,1.65,-18.29
2026-08-19,2026-08-19T13:12:07.298214,NIFTYFPI,1575.95,1575.95,1575.9,1575.9,-,1575.9,,,,False,NONE,-,-,-,-
2026-08-19,2026-08-19T13:12:07.298214,NIFTYNXT50,73965.4,74016.8,73665.0,73752.0,1.53,73752.0,1412.878,75774.878,72949.122,False,NONE,-0.63,9.58,-9.95,-3.26
2026-08-19,2026-08-19T13:12:07.298214,NMDC,83.2,83.94,83.11,83.28,2.62,83.28,2.2547200000000003,85.45472000000001,80.94528,False,NONE,-1.03,-6.96,1.5,-4.17
2026-08-19,2026-08-19T13:12:07.298214,NTPC,337.0,339.35,334.85,336.95,2.09,336.95,7.009600000000001,344.0096,329.9904,False,NONE,-0.34,3.07,0.83,-2
2026-08-19,2026-08-19T13:12:07.298214,NYKAA,321.9,327.0,320.65,326.5,2.54,326.5,8.465969999999999,330.36596999999995,313.43403,False,NONE,1.43,-1.01,-0.31,2.56
2026-08-19,2026-08-19T13:12:07.298214,OBEROIRLTY,1863.8,1893.4,1831.8,1877.3,3.04,1877.3,62.81006,1926.61006,1800.98994,False,NONE,0.84,-11.11,-1.16,16.67
2026-08-19,2026-08-19T13:12:07.298214,OFSS,11744.0,11840.0,11656.0,11682.0,3.42,11682.0,425.1328,12169.1328,11318.8672,False,NONE,0.41,-2.49,0.3,-7.59
2026-08-19,2026-08-19T13:12:07.298214,OIL,485.0,486.05,476.05,477.6,2.73,477.6,15.811,500.811,469.189,False,NONE,-1.01,-13.31,1.13,1.82
2026-08-19,2026-08-19T13:12:07.298214,ONGC,241.0,242.7,238.71,238.79,2,238.79,4.6031,245.6031,236.3969,False,NONE,-0.14,-2.61,-0.27,-5.56
2026-08-19,2026-08-19T13:12:07.298214,PAGEIND,36480.0,36480.0,35520.0,35800.0,2.78,35800.0,1017.7919999999999,37497.792,35462.208,False,NONE,-1.59,-1.49,-1.25,6.67
2026-08-19,2026-08-19T13:12:07.298214,PATANJALI,349.9,354.9,347.25,349.75,3.03,349.75,12.10654,362.00654,337.79346,False,NONE,-0.11,-4.13,-0.77,4.65
2026-08-19,2026-08-19T13:12:07.298214,PAYTM,1552.0,1604.0,1547.1,1581.2,2.85,1581.2,51.3712,1603.3712,1500.6288,False,NONE,1.76,-11.71,6.04,-7.59
2026-08-19,2026-08-19T13:12:07.298214,PERSISTENT,5512.5,5587.5,5475.0,5540.5,2.96,5540.5,212.23125,5724.73125,5300.26875,False,NONE,1.34,-4.43,1.41,-13.21
2026-08-19,2026-08-19T13:12:07.298214,PETRONET,285.0,291.15,285.0,287.25,2.3,287.25,9.2625,294.2625,275.7375,False,NONE,0.82,6.3,2.53,-17.35
2026-08-19,2026-08-19T13:12:07.298214,PFC,374.65,376.6,371.65,374.95,2.03,374.95,8.2423,382.8923,366.4077,False,NONE,0.17,-5.01,-0.38,8
2026-08-19,2026-08-19T13:12:07.298214,PGEL,598.15,601.8,584.35,599.0,3.26,599.0,22.251179999999998,620.40118,575.89882,False,NONE,0.18,-7.42,-0.34,8.33
2026-08-19,2026-08-19T13:12:07.298214,PHOENIXLTD,1950.5,1950.5,1906.9,1919.3,2.22,1919.3,46.0318,1996.5318,1904.4682,False,NONE,-1.11,-2.25,0.13,7.02
2026-08-19,2026-08-19T13:12:07.298214,PIDILITIND,1657.6,1672.8,1653.0,1655.6,1.77,1655.6,31.991679999999995,1689.59168,1625.6083199999998,False,NONE,-0.73,-1.03,4.33,3.28
2026-08-19,2026-08-19T13:12:07.298214,PIIND,2511.0,2517.9,2490.1,2512.1,2.63,2512.1,73.8234,2584.8234,2437.1766,False,NONE,0.28,-3.66,2.14,-4.44
2026-08-19,2026-08-19T13:12:07.298214,PNB,116.33,117.58,116.23,117.24,2.47,117.24,3.245607,119.575607,113.08439299999999,False,NONE,0.35,-8.44,0.28,1.1
2026-08-19,2026-08-19T13:12:07.298214,PNBHOUSING,1155.0,1167.7,1138.7,1164.9,2.67,1164.9,33.264,1188.264,1121.736,False,NONE,1.81,-9.06,-0.26,3.7
2026-08-19,2026-08-19T13:12:07.298214,POLICYBZR,1738.2,1791.9,1738.2,1788.9,3.18,1788.9,56.66532,1794.86532,1681.53468,False,NONE,2.11,0.92,3.58,-10.81
2026-08-19,2026-08-19T13:12:07.298214,POLYCAB,9050.0,9180.5,8958.5,9150.0,2.48,9150.0,248.875,9298.875,8801.125,False,NONE,0.2,-5.81,-0.27,0
2026-08-19,2026-08-19T13:12:07.298214,POWERGRID,267.95,267.95,263.0,263.2,1.88,263.2,4.71592,272.66591999999997,263.23408,True,DOWN,-1.97,0.33,0.14,-1.61
2026-08-19,2026-08-19T13:12:07.298214,POWERINDIA,34765.0,35005.0,33580.0,33780.0,3.24,33780.0,1143.7685000000001,35908.7685,33621.2315,False,NONE,-4.29,0.99,1.78,-13.33
2026-08-19,2026-08-19T13:12:07.298214,PREMIERENE,1013.2,1020.6,1010.5,1015.2,2.74,1015.2,30.69996,1043.89996,982.50004,False,NONE,-0.06,-7.85,0.05,0
2026-08-19,2026-08-19T13:12:07.298214,PRESTIGE,1582.2,1592.9,1569.4,1580.1,2.86,1580.1,48.09888,1630.29888,1534.10112,False,NONE,-1.16,-1.4,0.4,-3.57
2026-08-19,2026-08-19T13:12:07.298214,RADICO,4682.1,4747.7,4661.5,4675.0,2.67,4675.0,152.16825,4834.26825,4529.931750000001,False,NONE,-0.8,-9.97,1.15,-3.08
2026-08-19,2026-08-19T13:12:07.298214,RBLBANK,383.85,383.85,379.5,380.4,2.59,380.4,11.170035,395.020035,372.67996500000004,False,NONE,-0.87,-4.35,-0.42,-1.47
2026-08-19,2026-08-19T13:12:07.298214,RECLTD,336.7,339.9,335.8,339.2,2.04,339.2,7.676759999999999,344.37676,329.02324,False,NONE,0.18,-7.43,-1.43,-4.41
2026-08-19,2026-08-19T13:12:07.298214,RELIANCE,1321.0,1321.0,1310.4,1315.4,1.53,1315.4,22.7212,1343.7212,1298.2788,False,NONE,-0.39,-10.01,1.22,-1.75
2026-08-19,2026-08-19T13:12:07.298214,RVNL,224.2,226.69,221.2,224.8,2.69,224.8,6.322439999999999,230.52244,217.87756,False,NONE,0.12,-2.1,-0.63,-2
2026-08-19,2026-08-19T13:12:07.298214,SAIL,170.55,173.75,169.87,173.44,5.92,173.44,4.7754,175.3254,165.77460000000002,False,NONE,0.42,13.46,1.18,1.45
2026-08-19,2026-08-19T13:12:07.298214,SBICARD,615.4,626.25,612.5,621.75,2.62,621.75,18.58508,633.9850799999999,596.81492,False,NONE,0.91,-10.15,0.01,11.76
2026-08-19,2026-08-19T13:12:07.298214,SBILIFE,1771.2,1793.9,1751.3,1773.9,2.04,1773.9,48.176640000000006,1819.37664,1723.0233600000001,False,NONE,-0.37,-2.8,2.3,13.73
2026-08-19,2026-08-19T13:12:07.298214,SBIN,1053.8,1056.0,1048.4,1051.3,2.04,1051.3,23.394360000000002,1077.19436,1030.40564,False,NONE,-0.28,-7.54,0.3,0
2026-08-19,2026-08-19T13:12:07.298214,SENSEX,77402.1,77402.1,77111.45,77221.05,0.53,77221.05,456.67239,77858.77239000001,76945.42761,False,NONE,-0.38,-1.23,5.34,-13.86
2026-08-19,2026-08-19T13:12:07.298214,SHREECEM,24575.0,24575.0,24150.0,24305.0,3.31,24305.0,496.415,25071.415,24078.585,False,NONE,-1.52,4.99,-0.07,0
2026-08-19,2026-08-19T13:12:07.298214,SHRIRAMFIN,1113.5,1113.5,1097.6,1109.1,2.92,1109.1,33.405,1146.905,1080.095,False,NONE,0.06,-3.4,-2.71,5.45
2026-08-19,2026-08-19T13:12:07.298214,SIEMENS,3930.3,3949.4,3894.8,3920.0,2.78,3920.0,112.79961000000002,4043.09961,3817.50039,False,NONE,-0.89,-0.11,-0.46,-1.69
2026-08-19,2026-08-19T13:12:07.298214,SOLARINDS,20050.0,20249.0,19564.0,19670.0,3.34,19670.0,695.735,20745.735,19354.265,False,NONE,-2.11,-5.42,1.17,-11.11
2026-08-19,2026-08-19T13:12:07.298214,SONACOMS,829.0,831.9,817.45,823.95,2.84,823.95,25.8648,854.8648,803.1352,False,NONE,-0.43,-8.2,1.43,0
2026-08-19,2026-08-19T13:12:07.298214,SRF,2632.5,2632.5,2586.0,2588.0,2.17,2588.0,58.441500000000005,2690.9415,2574.0585,False,NONE,-1.69,-1.58,0.19,4.55
2026-08-19,2026-08-19T13:12:07.298214,SUNPHARMA,1872.3,1899.6,1872.3,1891.4,1.92,1891.4,37.446,1909.7459999999999,1834.854,False,NONE,0.47,-1.36,1.51,-1.92
2026-08-19,2026-08-19T13:12:07.298214,SUPREMEIND,3551.0,3642.0,3551.0,3614.0,2.26,3614.0,95.5219,3646.5219,3455.4781,False,NONE,0.35,-9.19,2.39,3.13
2026-08-19,2026-08-19T13:12:07.298214,SUZLON,47.68,47.68,46.96,47.24,2.82,47.24,1.5400639999999999,49.220064,46.139936,False,NONE,-1.07,-8.43,-0.67,-2.44
2026-08-19,2026-08-19T13:12:07.298214,SWIGGY,276.15,277.6,270.05,276.75,3.74,276.75,12.53721,288.68721,263.61278999999996,False,NONE,0.84,-13.31,2.31,-4.26
2026-08-19,2026-08-19T13:12:07.298214,TATACONSUM,1062.1,1071.5,1061.1,1069.0,2.13,1069.0,24.53451,1086.6345099999999,1037.56549,False,NONE,0.28,-7.19,0.02,1.64
2026-08-19,2026-08-19T13:12:07.298214,TATAELXSI,3633.4,3671.9,3633.4,3651.8,2.94,3651.8,118.81218000000001,3752.21218,3514.58782,False,NONE,-0.12,-4.27,-1.69,34.78
2026-08-19,2026-08-19T13:12:07.298214,TATAPOWER,379.95,379.95,375.0,377.55,2.07,377.55,8.092934999999999,388.042935,371.857065,False,NONE,-0.62,-3.84,-0.14,2.94
2026-08-19,2026-08-19T13:12:07.298214,TATASTEEL,184.44,185.07,182.71,184.6,2.33,184.6,4.79544,189.23544,179.64455999999998,False,NONE,-0.26,-7.36,-0.11,1.67
2026-08-19,2026-08-19T13:12:07.298214,TCS,2308.0,2308.0,2264.3,2289.0,2.53,2289.0,63.931599999999996,2371.9316,2244.0684,False,NONE,0,-6.03,-0.74,-1.72
2026-08-19,2026-08-19T13:12:07.298214,TECHM,1605.0,1613.8,1581.4,1593.8,2.22,1593.8,39.483,1644.483,1565.517,False,NONE,-0.31,-5.65,0.89,-6.52
2026-08-19,2026-08-19T13:12:07.298214,TIINDIA,2950.0,2975.0,2906.8,2970.5,3.52,2970.5,106.79,3056.79,2843.21,False,NONE,0.08,-2.98,-2.87,-0.94
2026-08-19,2026-08-19T13:12:07.298214,TITAN,5065.0,5076.2,5036.0,5058.0,1.62,5058.0,91.67649999999999,5156.6765,4973.3235,False,NONE,-0.1,-9.95,0.39,-4.69
2026-08-19,2026-08-19T13:12:07.298214,TMPV,324.4,324.5,320.7,323.9,2.25,323.9,8.921,333.32099999999997,315.479,False,NONE,-0.06,-15.58,-0.04,1.82
2026-08-19,2026-08-19T13:12:07.298214,TORNTPHARM,4971.0,5006.5,4945.5,4992.0,2.36,4992.0,123.2808,5094.2808,4847.7192,False,NONE,0.22,-0.61,-1.26,1.56
2026-08-19,2026-08-19T13:12:07.298214,TRENT,2950.0,2974.6,2930.5,2954.9,2.51,2954.9,82.305,3032.305,2867.695,False,NONE,0,-7.63,-1.37,0
2026-08-19,2026-08-19T13:12:07.298214,TVSMOTOR,4389.0,4393.6,4347.0,4357.2,2.07,4357.2,107.53050000000002,4496.5305,4281.4695,False,NONE,0.12,-9.45,-0.07,-6.82
2026-08-19,2026-08-19T13:12:07.298214,ULTRACEMCO,11522.0,11522.0,11406.0,11424.0,1.94,11424.0,241.96200000000002,11763.962,11280.038,False,NONE,-1.05,-4.75,4.89,-4.88
2026-08-19,2026-08-19T13:12:07.298214,UNIONBANK,185.1,187.76,185.1,185.9,2.71,185.9,5.77512,190.87511999999998,179.32488,False,NONE,-0.41,-11.23,0.72,-2.3
2026-08-19,2026-08-19T13:12:07.298214,UNITDSPR,1527.2,1536.8,1522.0,1524.6,2.18,1524.6,33.29296,1560.49296,1493.90704,False,NONE,-0.24,-1.54,-0.16,-6.9
2026-08-19,2026-08-19T13:12:07.298214,UNOMINDA,1283.0,1288.0,1261.9,1275.5,2.54,1275.5,31.0486,1314.0486,1251.9514,False,NONE,-0.19,9.86,0.34,-18.52
2026-08-19,2026-08-19T13:12:07.298214,UPL,558.15,569.65,557.65,567.6,2.42,567.6,13.95375,572.10375,544.19625,False,NONE,1.37,-1.11,0.85,8
2026-08-19,2026-08-19T13:12:07.298214,VBL,437.0,439.6,434.2,435.95,2.32,435.95,11.056099999999999,448.0561,425.9439,False,NONE,-0.66,-12.21,-1.33,2.5
2026-08-19,2026-08-19T13:12:07.298214,VEDL,264.6,265.0,261.65,262.6,3.07,262.6,8.83764,273.43764000000004,255.76236000000003,False,NONE,-1.09,-4.43,-0.83,0
2026-08-19,2026-08-19T13:12:07.298214,VMM,103.68,104.31,103.11,103.42,3.28,103.42,11.850624,115.530624,91.82937600000001,False,NONE,-0.52,-,0.01,0
2026-08-19,2026-08-19T13:12:07.298214,VOLTAS,1248.0,1248.0,1217.4,1222.7,2.94,1222.7,38.313599999999994,1286.3136,1209.6864,False,NONE,-2.18,-4.78,6.29,6.67
2026-08-19,2026-08-19T13:12:07.298214,WAAREEENER,2676.9,2709.9,2664.7,2678.4,2.61,2678.4,70.67016000000001,2747.57016,2606.22984,False,NONE,-0.92,-4.35,0.89,1.89
2026-08-19,2026-08-19T13:12:07.298214,WIPRO,179.5,180.59,177.96,180.18,2.28,180.18,4.7388,184.2388,174.7612,False,NONE,0.8,-10.4,-1.57,3.03
2026-08-19,2026-08-19T13:12:07.298214,YESBANK,22.52,22.79,22.4,22.71,2.6,22.71,0.6508280000000001,23.170828,21.869172,False,NONE,0.8,-13.81,3.84,3.85
2026-08-19,2026-08-19T13:12:07.298214,ZYDUSLIFE,1121.0,1128.1,1107.7,1111.6,2.42,1111.6,29.5944,1150.5944,1091.4056,False,NONE,-0.73,-6.95,-0.63,0
