Symbol,Sector,Price,Price Chg,Price Chg %,OI,OI Chg,OI Chg %,PCR,Bldp,Price.1,Price Chg.1,Price Chg%.1,OI Chg.1,OI Chg %.1,Bldp.1,Price.2,Price Chg.2,Price Chg%.2,OI Chg.2,OI Chg %.2,Bldp.2,Price.3,Price Chg.3,Price Chg%.3,OI Chg.3,OI Chg %.3,Bldp.3,Report_Type,Source_File,Fut OI,Fut OI Chg,Fut OI Chg %,Strike,Call OI,Call OI Chg,Put OI,Put OI Chg,Dist. From Strike %,Fut Buildup,Sector Name,Adv/ Dec/ Unchg,Price Chg %,Volume Chg %,OI Chg %,Rollover (%),Buildup,Tol CE OI Chg,Tol PE OI Chg,Tol PE-CE OI Chg,Tol PE-CE OI Chg %,Price chg,OI chg,OI Chg (Value),Volume,Volume Chg %
360ONE,Stock/ Commodity Brokers,1176.0,23.7,2.06,8231,27,0.33,0.54,LB,1158.3,17.7,1.53,20,0.24,LB,1155.4,20.6,1.78,24,0.29,LB,-,-,-,-,-,-,FUTURES_OI,FuturesOI_25AUG26_Scan_4_8_2026.xlsx,,,,,,,,,,,,,,,,,,,,,,,,,,
ABB,Capital Goods - Electrical Equipment,7714.0,138,1.82,17484,201,1.16,0.63,LB,7681.5,32.5,0.42,225,1.3,LB,7600,114,1.5,205,1.19,LB,-,-,-,-,-,-,FUTURES_OI,FuturesOI_25AUG26_Scan_4_8_2026.xlsx,,,,,,,,,,,,,,,,,,,,,,,,,,
ABCAPITAL,Finance,421.5,0.1,0.02,12012,90,0.75,0.73,LB,423,-1.5,-0.35,26,0.22,SB,424.9,-3.4,-0.8,61,0.51,SB,-,-,-,-,-,-,FUTURES_OI,FuturesOI_25AUG26_Scan_4_8_2026.xlsx,,,,,,,,,,,,,,,,,,,,,,,,,,
ADANIENSOL,Power Generation & Distribution,1662.7,12,0.73,28737,-44,-0.15,0.59,SC,1660.4,2.3,0.14,-24,-,SC,1657.9,4.8,0.29,-40,-0.14,SC,-,-,-,-,-,-,FUTURES_OI,FuturesOI_25AUG26_Scan_4_8_2026.xlsx,,,,,,,,,,,,,,,,,,,,,,,,,,
ADANIENT,Trading,3097.0,23.7,0.77,50763,-67,-0.13,0.86,SC,3094.7,2.3,0.07,22,0.04,LB,3094,3,0.1,-45,-0.09,SC,-,-,-,-,-,-,FUTURES_OI,FuturesOI_25AUG26_Scan_4_8_2026.xlsx,,,,,,,,,,,,,,,,,,,,,,,,,,
ADANIGREEN,Power Generation & Distribution,1411.0,11.2,0.8,44215,-192,-0.43,0.61,SC,1408.2,2.8,0.2,-73,-0.16,SC,1412.8,-1.8,-0.13,-166,-0.37,LU,-,-,-,-,-,-,FUTURES_OI,FuturesOI_25AUG26_Scan_4_8_2026.xlsx,,,,,,,,,,,,,,,,,,,,,,,,,,
ADANIPORTS,Marine Port & Services,1712.7,9.6,0.56,43897,20,0.05,0.58,LB,1715.2,-2.5,-0.15,-32,-0.07,LU,1715,-2.3,-0.13,-40,-0.09,LU,-,-,-,-,-,-,FUTURES_OI,FuturesOI_25AUG26_Scan_4_8_2026.xlsx,,,,,,,,,,,,,,,,,,,,,,,,,,
ADANIPOWER,Power Generation & Distribution,213.93,1.16,0.55,43883,29,0.07,0.64,LB,213.65,0.28,0.13,4,0.01,LB,213.52,0.41,0.19,26,0.06,LB,-,-,-,-,-,-,FUTURES_OI,FuturesOI_25AUG26_Scan_4_8_2026.xlsx,,,,,,,,,,,,,,,,,,,,,,,,,,
ALKEM,Pharmaceuticals,5690.5,-1.5,-0.03,11302,12,0.11,0.49,SB,5682,8.5,0.15,-1,-0.01,SC,5689.5,1,0.02,12,0.11,LB,-,-,-,-,-,-,FUTURES_OI,FuturesOI_25AUG26_Scan_4_8_2026.xlsx,,,,,,,,,,,,,,,,,,,,,,,,,,
AMBER,Consumer Durables,7474.5,-2.5,-0.03,12390,30,0.24,1.18,SB,7448,26.5,0.36,21,0.17,LB,7522,-47.5,-0.63,51,0.41,SB,-,-,-,-,-,-,FUTURES_OI,FuturesOI_25AUG26_Scan_4_8_2026.xlsx,,,,,,,,,,,,,,,,,,,,,,,,,,
AMBUJACEM,Cement,443.2,-1.2,-0.27,66691,-4,-0.01,0.68,LU,443.1,0.1,0.02,-21,-0.03,SC,442.55,0.65,0.15,-12,-0.02,SC,-,-,-,-,-,-,FUTURES_OI,FuturesOI_25AUG26_Scan_4_8_2026.xlsx,,,,,,,,,,,,,,,,,,,,,,,,,,
ANGELONE,Stock/ Commodity Brokers,304.1,2.75,0.91,11100,38,0.34,0.5,LB,301.5,2.6,0.86,9,0.08,LB,301.05,3.05,1.01,38,0.34,LB,-,-,-,-,-,-,FUTURES_OI,FuturesOI_25AUG26_Scan_4_8_2026.xlsx,,,,,,,,,,,,,,,,,,,,,,,,,,
APLAPOLLO,Capital Goods-Non Electrical Equipment,1951.6,7.3,0.38,16067,-79,-0.49,0.93,SC,1958,-6.4,-0.33,-9,-0.06,LU,1971,-19.4,-0.98,-79,-0.49,LU,-,-,-,-,-,-,FUTURES_OI,FuturesOI_25AUG26_Scan_4_8_2026.xlsx,,,,,,,,,,,,,,,,,,,,,,,,,,
APOLLOHOSP,Healthcare,8847.0,26.5,0.3,15421,10,0.06,0.59,LB,8842.5,4.5,0.05,20,0.13,LB,8829.5,17.5,0.2,6,0.04,LB,-,-,-,-,-,-,FUTURES_OI,FuturesOI_25AUG26_Scan_4_8_2026.xlsx,,,,,,,,,,,,,,,,,,,,,,,,,,
ASHOKLEY,Automobile,175.05,-0.09,-0.05,28939,76,0.26,1.0,SB,175.25,-0.2,-0.11,-14,-0.05,LU,175,0.05,0.03,71,0.25,LB,-,-,-,-,-,-,FUTURES_OI,FuturesOI_25AUG26_Scan_4_8_2026.xlsx,,,,,,,,,,,,,,,,,,,,,,,,,,
ASIANPAINT,Paints/Varnish,2808.1,16.5,0.59,29728,2,0.01,0.76,LB,2808.2,-0.1,-,-2,-0.01,LU,2790.4,17.7,0.63,3,0.01,LB,-,-,-,-,-,-,FUTURES_OI,FuturesOI_25AUG26_Scan_4_8_2026.xlsx,,,,,,,,,,,,,,,,,,,,,,,,,,
ASTRAL,Plastic products,1458.0,5.5,0.38,16752,19,0.11,0.67,LB,1458.3,-0.3,-0.02,-2,-0.01,LU,1462.8,-4.8,-0.33,9,0.05,SB,-,-,-,-,-,-,FUTURES_OI,FuturesOI_25AUG26_Scan_4_8_2026.xlsx,,,,,,,,,,,,,,,,,,,,,,,,,,
AUBANK,Banks,1055.2,4.5,0.43,21992,22,0.1,0.75,LB,1050.2,5,0.48,11,0.05,LB,1050,5.2,0.5,22,0.1,LB,-,-,-,-,-,-,FUTURES_OI,FuturesOI_25AUG26_Scan_4_8_2026.xlsx,,,,,,,,,,,,,,,,,,,,,,,,,,
AUROPHARMA,Pharmaceuticals,1557.6,7.8,0.5,18389,55,0.3,0.66,LB,1554,3.6,0.23,35,0.19,LB,1553.5,4.1,0.26,51,0.28,LB,-,-,-,-,-,-,FUTURES_OI,FuturesOI_25AUG26_Scan_4_8_2026.xlsx,,,,,,,,,,,,,,,,,,,,,,,,,,
AXISBANK,Banks,1257.4,1.7,0.14,129613,233,0.18,0.72,LB,1255.9,1.5,0.12,13,0.01,LB,1261,-3.6,-0.29,135,0.1,SB,-,-,-,-,-,-,FUTURES_OI,FuturesOI_25AUG26_Scan_4_8_2026.xlsx,,,,,,,,,,,,,,,,,,,,,,,,,,
BAJAJ-AUTO,Automobile,11599.0,69,0.6,25487,134,0.53,1.57,LB,11618,-19,-0.16,-15,-0.06,LU,11615,-16,-0.14,58,0.23,SB,-,-,-,-,-,-,FUTURES_OI,FuturesOI_25AUG26_Scan_4_8_2026.xlsx,,,,,,,,,,,,,,,,,,,,,,,,,,
BAJAJFINSV,Finance,2084.7,4.1,0.2,27281,5,0.02,0.9,LB,2083.9,0.8,0.04,-27,-0.1,SC,2083,1.7,0.08,-1,-,SC,-,-,-,-,-,-,FUTURES_OI,FuturesOI_25AUG26_Scan_4_8_2026.xlsx,,,,,,,,,,,,,,,,,,,,,,,,,,
BAJAJHLDNG,Finance,11515.0,52,0.45,4716,12,0.26,0.68,LB,11535,-20,-0.17,2,0.04,SB,11608,-93,-0.8,12,0.26,SB,-,-,-,-,-,-,FUTURES_OI,FuturesOI_25AUG26_Scan_4_8_2026.xlsx,,,,,,,,,,,,,,,,,,,,,,,,,,
BAJFINANCE,Finance,1159.4,11.9,1.04,74360,355,0.48,1.04,LB,1153.4,6,0.52,146,0.2,LB,1154.5,4.9,0.42,336,0.45,LB,-,-,-,-,-,-,FUTURES_OI,FuturesOI_25AUG26_Scan_4_8_2026.xlsx,,,,,,,,,,,,,,,,,,,,,,,,,,
BANDHANBNK,Banks,173.49,0.63,0.36,36902,52,0.14,0.52,LB,173.25,0.24,0.14,21,0.06,LB,173,0.49,0.28,41,0.11,LB,-,-,-,-,-,-,FUTURES_OI,FuturesOI_25AUG26_Scan_4_8_2026.xlsx,,,,,,,,,,,,,,,,,,,,,,,,,,
BANKBARODA,Banks,249.12,1.39,0.56,44235,99,0.22,0.98,LB,248.17,0.95,0.38,44,0.1,LB,247.28,1.84,0.74,96,0.22,LB,-,-,-,-,-,-,FUTURES_OI,FuturesOI_25AUG26_Scan_4_8_2026.xlsx,,,,,,,,,,,,,,,,,,,,,,,,,,
BANKEX,,65125.0,65125,,4,-,0.0,1.29,-,-,-,-,-,-,-,-,-,-,-,-,-,-,-,-,-,-,-,FUTURES_OI,FuturesOI_25AUG26_Scan_4_8_2026.xlsx,,,,,,,,,,,,,,,,,,,,,,,,,,
BANKINDIA,Banks,140.21,0.17,0.12,18588,35,0.19,0.82,LB,140.25,-0.04,-0.03,-2,-0.01,LU,140.19,0.02,0.01,32,0.17,LB,-,-,-,-,-,-,FUTURES_OI,FuturesOI_25AUG26_Scan_4_8_2026.xlsx,,,,,,,,,,,,,,,,,,,,,,,,,,
BANKNIFTY,,57990.0,128.4,0.22,69951,-40,-0.06,0.88,SC,57900,90,0.16,-94,-0.13,SC,57946.4,43.6,0.08,4,0.01,LB,-,-,-,-,-,-,FUTURES_OI,FuturesOI_25AUG26_Scan_4_8_2026.xlsx,,,,,,,,,,,,,,,,,,,,,,,,,,
BDL,Aerospace & Defence,1260.0,10.3,0.82,16733,-45,-0.27,0.78,SC,1256,4,0.32,-24,-0.14,SC,1247,13,1.04,-44,-0.26,SC,-,-,-,-,-,-,FUTURES_OI,FuturesOI_25AUG26_Scan_4_8_2026.xlsx,,,,,,,,,,,,,,,,,,,,,,,,,,
BEL,Aerospace & Defence,393.95,3.7,0.95,72356,-91,-0.13,0.6,SC,392.9,1.05,0.27,-103,-0.14,SC,391.5,2.45,0.63,-93,-0.13,SC,-,-,-,-,-,-,FUTURES_OI,FuturesOI_25AUG26_Scan_4_8_2026.xlsx,,,,,,,,,,,,,,,,,,,,,,,,,,
BHARATFORG,"Castings, Forgings & Fastners",2203.3,-3.8,-0.17,15250,33,0.22,0.8,SB,2203.1,0.2,0.01,-12,-0.08,SC,2206.5,-3.2,-0.15,31,0.2,SB,-,-,-,-,-,-,FUTURES_OI,FuturesOI_25AUG26_Scan_4_8_2026.xlsx,,,,,,,,,,,,,,,,,,,,,,,,,,
BHARTIARTL,Telecom-Service,1965.1,4.4,0.22,114886,72,0.06,0.65,LB,1962.6,2.5,0.13,-10,-0.01,SC,1963.1,2,0.1,-10,-0.01,SC,-,-,-,-,-,-,FUTURES_OI,FuturesOI_25AUG26_Scan_4_8_2026.xlsx,,,,,,,,,,,,,,,,,,,,,,,,,,
BHEL,Capital Goods - Electrical Equipment,413.5,3.8,0.93,30685,53,0.17,0.63,LB,411.5,2,0.49,7,0.02,LB,412.2,1.3,0.32,40,0.13,LB,-,-,-,-,-,-,FUTURES_OI,FuturesOI_25AUG26_Scan_4_8_2026.xlsx,,,,,,,,,,,,,,,,,,,,,,,,,,
BIOCON,Pharmaceuticals,422.65,-2.75,-0.65,19180,85,0.45,0.71,SB,424.9,-2.25,-0.53,44,0.23,SB,426.1,-3.45,-0.81,70,0.37,SB,-,-,-,-,-,-,FUTURES_OI,FuturesOI_25AUG26_Scan_4_8_2026.xlsx,,,,,,,,,,,,,,,,,,,,,,,,,,
BLUESTARCO,Consumer Durables,1717.7,-4.3,-0.25,9754,154,1.6,0.92,SB,1729,-11.3,-0.65,72,0.74,SB,1719.7,-2,-0.12,156,1.62,SB,-,-,-,-,-,-,FUTURES_OI,FuturesOI_25AUG26_Scan_4_8_2026.xlsx,,,,,,,,,,,,,,,,,,,,,,,,,,
BOSCHLTD,Auto Ancillaries,41510.0,405,0.99,8348,9,0.11,1.13,LB,41470,40,0.1,1,0.01,LB,41165,345,0.84,-3,-0.04,SC,-,-,-,-,-,-,FUTURES_OI,FuturesOI_25AUG26_Scan_4_8_2026.xlsx,,,,,,,,,,,,,,,,,,,,,,,,,,
BPCL,Refineries,325.4,-1.2,-0.37,20462,-55,-0.27,0.68,LU,324.9,0.5,0.15,-10,-0.05,SC,325.45,-0.05,-0.02,-62,-0.3,LU,-,-,-,-,-,-,FUTURES_OI,FuturesOI_25AUG26_Scan_4_8_2026.xlsx,,,,,,,,,,,,,,,,,,,,,,,,,,
BRITANNIA,FMCG,5472.0,-9,-0.16,15358,89,0.58,0.65,SB,5463.5,8.5,0.16,18,0.12,LB,5465,7,0.13,79,0.52,LB,-,-,-,-,-,-,FUTURES_OI,FuturesOI_25AUG26_Scan_4_8_2026.xlsx,,,,,,,,,,,,,,,,,,,,,,,,,,
BSE,Financial Services,3614.0,42.6,1.19,42288,233,0.55,0.65,LB,3564,50,1.4,75,0.18,LB,3594.9,19.1,0.53,194,0.46,LB,-,-,-,-,-,-,FUTURES_OI,FuturesOI_25AUG26_Scan_4_8_2026.xlsx,,,,,,,,,,,,,,,,,,,,,,,,,,
CAMS,Financial Services,814.8,16.55,2.07,8893,-53,-0.59,0.56,SC,797.85,16.95,2.12,-61,-0.68,SC,796,18.8,2.36,-53,-0.59,SC,-,-,-,-,-,-,FUTURES_OI,FuturesOI_25AUG26_Scan_4_8_2026.xlsx,,,,,,,,,,,,,,,,,,,,,,,,,,
CANBK,Banks,128.54,1.38,1.09,57951,25,0.04,0.78,LB,128.34,0.2,0.16,15,0.03,LB,128,0.54,0.42,20,0.03,LB,-,-,-,-,-,-,FUTURES_OI,FuturesOI_25AUG26_Scan_4_8_2026.xlsx,,,,,,,,,,,,,,,,,,,,,,,,,,
CDSL,Financial Services,1342.8,17,1.28,22234,164,0.74,0.67,LB,1317.2,25.6,1.94,-21,-0.09,SC,1322,20.8,1.57,165,0.75,LB,-,-,-,-,-,-,FUTURES_OI,FuturesOI_25AUG26_Scan_4_8_2026.xlsx,,,,,,,,,,,,,,,,,,,,,,,,,,
CGPOWER,Capital Goods - Electrical Equipment,875.6,18.9,2.21,23934,91,0.38,0.54,LB,868.2,7.4,0.85,82,0.34,LB,862.3,13.3,1.54,56,0.23,LB,-,-,-,-,-,-,FUTURES_OI,FuturesOI_25AUG26_Scan_4_8_2026.xlsx,,,,,,,,,,,,,,,,,,,,,,,,,,
CHOLAFIN,Finance,1873.8,1.8,0.1,21131,48,0.23,0.82,LB,1869.5,4.3,0.23,19,0.09,LB,1872.2,1.6,0.09,44,0.21,LB,-,-,-,-,-,-,FUTURES_OI,FuturesOI_25AUG26_Scan_4_8_2026.xlsx,,,,,,,,,,,,,,,,,,,,,,,,,,
CIPLA,Pharmaceuticals,1461.5,0.5,0.03,21087,3,0.01,0.68,LB,1458.1,3.4,0.23,-8,-0.04,SC,1461.3,0.2,0.01,-9,-0.04,SC,-,-,-,-,-,-,FUTURES_OI,FuturesOI_25AUG26_Scan_4_8_2026.xlsx,,,,,,,,,,,,,,,,,,,,,,,,,,
COALINDIA,Mining & Mineral products,418.0,3,0.72,58521,-36,-0.06,0.7,SC,416.95,1.05,0.25,-19,-0.03,SC,415.85,2.15,0.52,-42,-0.07,SC,-,-,-,-,-,-,FUTURES_OI,FuturesOI_25AUG26_Scan_4_8_2026.xlsx,,,,,,,,,,,,,,,,,,,,,,,,,,
COCHINSHIP,Aerospace & Defence,1451.1,5.2,0.36,13366,-9,-0.07,0.89,SC,1445.3,5.8,0.4,-17,-0.13,SC,1452.8,-1.7,-0.12,-13,-0.1,LU,-,-,-,-,-,-,FUTURES_OI,FuturesOI_25AUG26_Scan_4_8_2026.xlsx,,,,,,,,,,,,,,,,,,,,,,,,,,
COFORGE,IT - Software,1752.6,-19.4,-1.09,28437,-229,-0.8,0.93,LU,1755.6,-3,-0.17,-549,-1.89,LU,1755,-2.4,-0.14,-272,-0.95,LU,-,-,-,-,-,-,FUTURES_OI,FuturesOI_25AUG26_Scan_4_8_2026.xlsx,,,,,,,,,,,,,,,,,,,,,,,,,,
COLPAL,FMCG,2046.4,-23.3,-1.13,18116,259,1.45,0.46,SB,2047,-0.6,-0.03,18,0.1,SB,2057.3,-10.9,-0.53,233,1.3,SB,-,-,-,-,-,-,FUTURES_OI,FuturesOI_25AUG26_Scan_4_8_2026.xlsx,,,,,,,,,,,,,,,,,,,,,,,,,,
CONCOR,Logistics,523.95,1.65,0.32,17139,-4,-0.02,0.72,SC,521.4,2.55,0.49,-5,-0.03,SC,521.6,2.35,0.45,-7,-0.04,SC,-,-,-,-,-,-,FUTURES_OI,FuturesOI_25AUG26_Scan_4_8_2026.xlsx,,,,,,,,,,,,,,,,,,,,,,,,,,
CROMPTON,Consumer Durables,268.9,1.25,0.47,27754,73,0.26,0.59,LB,267.9,1,0.37,43,0.16,LB,268.2,0.7,0.26,69,0.25,LB,-,-,-,-,-,-,FUTURES_OI,FuturesOI_25AUG26_Scan_4_8_2026.xlsx,,,,,,,,,,,,,,,,,,,,,,,,,,
CUMMINSIND,Capital Goods-Non Electrical Equipment,5610.0,84,1.52,19702,-22,-0.11,0.78,SC,5563,47,0.84,-46,-0.23,SC,5520,90,1.63,-28,-0.14,SC,-,-,-,-,-,-,FUTURES_OI,FuturesOI_25AUG26_Scan_4_8_2026.xlsx,,,,,,,,,,,,,,,,,,,,,,,,,,
DABUR,FMCG,417.4,-9.25,-2.17,23991,480,2.04,0.64,SB,416.3,1.1,0.26,94,0.39,LB,416.4,1,0.24,405,1.71,LB,-,-,-,-,-,-,FUTURES_OI,FuturesOI_25AUG26_Scan_4_8_2026.xlsx,,,,,,,,,,,,,,,,,,,,,,,,,,
DALBHARAT,Cement,1824.3,-6.7,-0.37,11656,18,0.15,0.86,SB,1825,-0.7,-0.04,4,-,SB,1824,0.3,0.02,15,0.13,LB,-,-,-,-,-,-,FUTURES_OI,FuturesOI_25AUG26_Scan_4_8_2026.xlsx,,,,,,,,,,,,,,,,,,,,,,,,,,
DELHIVERY,Logistics,474.35,1.75,0.37,13329,67,0.51,0.7,LB,476,-1.65,-0.35,-19,-0.14,LU,472.5,1.85,0.39,46,0.35,LB,-,-,-,-,-,-,FUTURES_OI,FuturesOI_25AUG26_Scan_4_8_2026.xlsx,,,,,,,,,,,,,,,,,,,,,,,,,,
DIVISLAB,Pharmaceuticals,8335.0,-64,-0.76,34151,88,0.26,1.08,SB,8399,-64,-0.76,41,0.12,SB,8460.5,-125.5,-1.48,64,0.19,SB,-,-,-,-,-,-,FUTURES_OI,FuturesOI_25AUG26_Scan_4_8_2026.xlsx,,,,,,,,,,,,,,,,,,,,,,,,,,
DIXON,Consumer Durables,13771.0,49,0.36,53072,266,0.5,0.55,LB,13650,121,0.89,87,0.16,LB,13734,37,0.27,231,0.44,LB,-,-,-,-,-,-,FUTURES_OI,FuturesOI_25AUG26_Scan_4_8_2026.xlsx,,,,,,,,,,,,,,,,,,,,,,,,,,
DLF,Realty,658.5,-7.75,-1.16,48994,161,0.33,0.78,SB,652.4,6.1,0.94,-23,-0.05,SC,657,1.5,0.23,-17,-0.03,SC,-,-,-,-,-,-,FUTURES_OI,FuturesOI_25AUG26_Scan_4_8_2026.xlsx,,,,,,,,,,,,,,,,,,,,,,,,,,
DMART,Retail,3983.3,-13.8,-0.35,33710,38,0.11,0.75,SB,4002.5,-19.2,-0.48,30,0.09,SB,3997.1,-13.8,-0.35,33,0.1,SB,-,-,-,-,-,-,FUTURES_OI,FuturesOI_25AUG26_Scan_4_8_2026.xlsx,,,,,,,,,,,,,,,,,,,,,,,,,,
DRREDDY,Pharmaceuticals,1156.7,-7.7,-0.66,20578,134,0.66,0.62,SB,1157.8,-1.1,-0.1,54,0.26,SB,1164,-7.3,-0.63,103,0.5,SB,-,-,-,-,-,-,FUTURES_OI,FuturesOI_25AUG26_Scan_4_8_2026.xlsx,,,,,,,,,,,,,,,,,,,,,,,,,,
EICHERMOT,Automobile,7998.5,16,0.2,38239,114,0.3,1.02,LB,7994.5,4,0.05,73,0.19,LB,8010,-11.5,-0.14,99,0.26,SB,-,-,-,-,-,-,FUTURES_OI,FuturesOI_25AUG26_Scan_4_8_2026.xlsx,,,,,,,,,,,,,,,,,,,,,,,,,,
ETERNAL,E-Commerce/App based Aggregator,312.0,2,0.65,63528,66,0.1,0.74,LB,311.55,0.45,0.14,34,0.05,LB,311.05,0.95,0.31,68,0.11,LB,-,-,-,-,-,-,FUTURES_OI,FuturesOI_25AUG26_Scan_4_8_2026.xlsx,,,,,,,,,,,,,,,,,,,,,,,,,,
FEDERALBNK,Banks,359.95,-0.05,-0.01,34382,143,0.42,0.97,SB,360.45,-0.5,-0.14,7,0.02,SB,359.7,0.25,0.07,98,0.29,LB,-,-,-,-,-,-,FUTURES_OI,FuturesOI_25AUG26_Scan_4_8_2026.xlsx,,,,,,,,,,,,,,,,,,,,,,,,,,
FINNIFTY,,26916.0,57.5,0.21,531,-6,-1.12,0.98,SC,26870,46,0.17,-5,-0.93,SC,26870.3,45.7,0.17,-6,-1.12,SC,-,-,-,-,-,-,FUTURES_OI,FuturesOI_25AUG26_Scan_4_8_2026.xlsx,,,,,,,,,,,,,,,,,,,,,,,,,,
FOCIT,,37860.0,-,,14,-,0.0,0.37,-,-,-,-,-,-,-,-,-,-,-,-,-,-,-,-,-,-,-,FUTURES_OI,FuturesOI_25AUG26_Scan_4_8_2026.xlsx,,,,,,,,,,,,,,,,,,,,,,,,,,
FORCEMOT,Automobile,18480.0,-38,-0.21,10069,42,0.42,0.87,SB,18402,78,0.42,24,0.24,LB,18374,106,0.58,47,0.47,LB,-,-,-,-,-,-,FUTURES_OI,FuturesOI_25AUG26_Scan_4_8_2026.xlsx,,,,,,,,,,,,,,,,,,,,,,,,,,
FORTIS,Healthcare,941.0,-4.45,-0.47,12468,88,0.71,0.87,SB,940.1,0.9,0.1,19,0.15,LB,943,-2,-0.21,76,0.61,SB,-,-,-,-,-,-,FUTURES_OI,FuturesOI_25AUG26_Scan_4_8_2026.xlsx,,,,,,,,,,,,,,,,,,,,,,,,,,
GAIL,Gas Distribution,175.9,1.95,1.12,26920,-,0.0,0.36,-,174.77,1.13,0.65,-58,-0.22,SC,173.91,1.99,1.14,-17,-0.06,SC,-,-,-,-,-,-,FUTURES_OI,FuturesOI_25AUG26_Scan_4_8_2026.xlsx,,,,,,,,,,,,,,,,,,,,,,,,,,
GLENMARK,Pharmaceuticals,2217.3,-1.8,-0.08,31211,112,0.36,0.59,SB,2214.8,2.5,0.11,21,0.07,LB,2214.7,2.6,0.12,88,0.28,LB,-,-,-,-,-,-,FUTURES_OI,FuturesOI_25AUG26_Scan_4_8_2026.xlsx,,,,,,,,,,,,,,,,,,,,,,,,,,
GMRAIRPORT,Miscellaneous,106.8,0.87,0.82,18521,9,0.05,1.0,LB,106.94,-0.14,-0.13,3,0.02,SB,106.24,0.56,0.53,-2,-0.01,SC,-,-,-,-,-,-,FUTURES_OI,FuturesOI_25AUG26_Scan_4_8_2026.xlsx,,,,,,,,,,,,,,,,,,,,,,,,,,
GODFRYPHLP,Tobacco Products,2326.9,100.7,4.52,6772,470,7.46,0.53,LB,2344.7,-17.8,-0.76,-47,-0.69,LU,2279.7,47.2,2.07,437,6.9,LB,-,-,-,-,-,-,FUTURES_OI,FuturesOI_25AUG26_Scan_4_8_2026.xlsx,,,,,,,,,,,,,,,,,,,,,,,,,,
GODREJCP,FMCG,1077.1,-0.5,-0.05,21936,233,1.07,0.54,SB,1067,10.1,0.95,40,0.18,LB,1066.5,10.6,0.99,213,0.98,LB,-,-,-,-,-,-,FUTURES_OI,FuturesOI_25AUG26_Scan_4_8_2026.xlsx,,,,,,,,,,,,,,,,,,,,,,,,,,
GODREJPROP,Realty,2077.1,-4,-0.19,23403,143,0.61,0.78,SB,2071,6.1,0.29,13,0.06,LB,2067,10.1,0.49,135,0.58,LB,-,-,-,-,-,-,FUTURES_OI,FuturesOI_25AUG26_Scan_4_8_2026.xlsx,,,,,,,,,,,,,,,,,,,,,,,,,,
GRASIM,Textiles,3152.0,-18.1,-0.57,47323,49,0.1,0.63,SB,3154,-2,-0.06,10,0.02,SB,3154.5,-2.5,-0.08,20,0.04,SB,-,-,-,-,-,-,FUTURES_OI,FuturesOI_25AUG26_Scan_4_8_2026.xlsx,,,,,,,,,,,,,,,,,,,,,,,,,,
GVT&D,Capital Goods - Electrical Equipment,4401.2,83,1.92,22902,39,0.17,1.06,LB,4366.5,34.7,0.79,9,0.04,LB,4362.6,38.6,0.88,10,0.04,LB,-,-,-,-,-,-,FUTURES_OI,FuturesOI_25AUG26_Scan_4_8_2026.xlsx,,,,,,,,,,,,,,,,,,,,,,,,,,
HAL,Aerospace & Defence,4695.9,23,0.49,34066,63,0.19,0.77,LB,4691.5,4.4,0.09,-20,-0.06,SC,4676.5,19.4,0.41,54,0.16,LB,-,-,-,-,-,-,FUTURES_OI,FuturesOI_25AUG26_Scan_4_8_2026.xlsx,,,,,,,,,,,,,,,,,,,,,,,,,,
HAVELLS,Consumer Durables,1294.5,10.5,0.82,18362,-8,-0.04,0.68,SC,1295,-0.5,-0.04,-15,-0.08,LU,1289.9,4.6,0.36,-14,-0.08,SC,-,-,-,-,-,-,FUTURES_OI,FuturesOI_25AUG26_Scan_4_8_2026.xlsx,,,,,,,,,,,,,,,,,,,,,,,,,,
HCLTECH,IT - Software,1367.0,-3.6,-0.26,68312,88,0.13,0.74,SB,1367.6,-0.6,-0.04,37,0.05,SB,1364.5,2.5,0.18,72,0.11,LB,-,-,-,-,-,-,FUTURES_OI,FuturesOI_25AUG26_Scan_4_8_2026.xlsx,,,,,,,,,,,,,,,,,,,,,,,,,,
HDFCAMC,Finance,2587.3,5.5,0.21,20222,62,0.31,0.8,LB,2580.1,7.2,0.28,1,-,LB,2576,11.3,0.44,57,0.28,LB,-,-,-,-,-,-,FUTURES_OI,FuturesOI_25AUG26_Scan_4_8_2026.xlsx,,,,,,,,,,,,,,,,,,,,,,,,,,
HDFCBANK,Banks,750.0,-3.9,-0.52,459927,1874,0.41,0.49,SB,752.1,-2.1,-0.28,813,0.18,SB,752.75,-2.75,-0.37,1407,0.31,SB,-,-,-,-,-,-,FUTURES_OI,FuturesOI_25AUG26_Scan_4_8_2026.xlsx,,,,,,,,,,,,,,,,,,,,,,,,,,
HDFCLIFE,Insurance,547.25,-5.6,-1.01,42232,81,0.19,0.63,SB,547.6,-0.35,-0.06,-120,-0.28,LU,548.8,-1.55,-0.28,40,0.09,SB,-,-,-,-,-,-,FUTURES_OI,FuturesOI_25AUG26_Scan_4_8_2026.xlsx,,,,,,,,,,,,,,,,,,,,,,,,,,
HEROMOTOCO,Automobile,5544.0,117.5,2.17,31281,455,1.48,0.92,LB,5520,24,0.43,189,0.61,LB,5476.5,67.5,1.23,408,1.32,LB,-,-,-,-,-,-,FUTURES_OI,FuturesOI_25AUG26_Scan_4_8_2026.xlsx,,,,,,,,,,,,,,,,,,,,,,,,,,
HINDALCO,Non Ferrous Metals,1011.0,14.1,1.41,75869,58,0.08,0.72,LB,1014.05,-3.05,-0.3,54,0.07,SB,1006,5,0.5,24,0.03,LB,-,-,-,-,-,-,FUTURES_OI,FuturesOI_25AUG26_Scan_4_8_2026.xlsx,,,,,,,,,,,,,,,,,,,,,,,,,,
HINDPETRO,Refineries,395.4,0.4,0.1,22174,-11,-0.05,0.72,SC,394.3,1.1,0.28,-19,-0.09,SC,394.05,1.35,0.34,-20,-0.09,SC,-,-,-,-,-,-,FUTURES_OI,FuturesOI_25AUG26_Scan_4_8_2026.xlsx,,,,,,,,,,,,,,,,,,,,,,,,,,
HINDUNILVR,FMCG,2112.6,-7,-0.33,49603,170,0.34,0.55,SB,2109.5,3.1,0.15,37,0.07,LB,2115.8,-3.2,-0.15,145,0.29,SB,-,-,-,-,-,-,FUTURES_OI,FuturesOI_25AUG26_Scan_4_8_2026.xlsx,,,,,,,,,,,,,,,,,,,,,,,,,,
HINDZINC,Non Ferrous Metals,561.95,12.6,2.29,24122,-154,-0.63,0.71,SC,560.05,1.9,0.34,-93,-0.38,SC,553.85,8.1,1.46,-158,-0.65,SC,-,-,-,-,-,-,FUTURES_OI,FuturesOI_25AUG26_Scan_4_8_2026.xlsx,,,,,,,,,,,,,,,,,,,,,,,,,,
HYUNDAI,Automobile,2191.0,14.3,0.66,14719,63,0.43,1.07,LB,2186,5,0.23,-2,-0.01,SC,2191.4,-0.4,-0.02,47,0.32,SB,-,-,-,-,-,-,FUTURES_OI,FuturesOI_25AUG26_Scan_4_8_2026.xlsx,,,,,,,,,,,,,,,,,,,,,,,,,,
ICICIBANK,Banks,1455.5,8.3,0.57,149447,342,0.23,0.73,LB,1448,7.5,0.52,201,0.13,LB,1452.9,2.6,0.18,311,0.21,LB,-,-,-,-,-,-,FUTURES_OI,FuturesOI_25AUG26_Scan_4_8_2026.xlsx,,,,,,,,,,,,,,,,,,,,,,,,,,
ICICIGI,Insurance,1657.1,-2.4,-0.14,15372,9,0.06,0.83,SB,1656.3,0.8,0.05,1,0.01,LB,1656.8,0.3,0.02,6,0.04,LB,-,-,-,-,-,-,FUTURES_OI,FuturesOI_25AUG26_Scan_4_8_2026.xlsx,,,,,,,,,,,,,,,,,,,,,,,,,,
ICICIPRULI,Insurance,514.95,-4.3,-0.83,19811,86,0.44,0.63,SB,513.25,1.7,0.33,-3,-0.02,SC,514.35,0.6,0.12,71,0.36,LB,-,-,-,-,-,-,FUTURES_OI,FuturesOI_25AUG26_Scan_4_8_2026.xlsx,,,,,,,,,,,,,,,,,,,,,,,,,,
IDEA,Telecom-Service,13.08,0.13,1.0,82461,36,0.04,0.61,LB,13.05,0.03,0.23,-17,-0.02,SC,12.92,0.16,1.24,26,0.03,LB,-,-,-,-,-,-,FUTURES_OI,FuturesOI_25AUG26_Scan_4_8_2026.xlsx,,,,,,,,,,,,,,,,,,,,,,,,,,
IDFCFIRSTB,Banks,85.72,0.8,0.94,38512,37,0.1,0.71,LB,85.68,0.04,0.05,-,-,-,85.2,0.52,0.61,25,0.06,LB,-,-,-,-,-,-,FUTURES_OI,FuturesOI_25AUG26_Scan_4_8_2026.xlsx,,,,,,,,,,,,,,,,,,,,,,,,,,
IEX,Financial Services,129.32,1.31,1.02,16759,-98,-0.58,0.7,SC,128.5,0.82,0.64,-31,-0.18,SC,128.1,1.22,0.95,-92,-0.55,SC,-,-,-,-,-,-,FUTURES_OI,FuturesOI_25AUG26_Scan_4_8_2026.xlsx,,,,,,,,,,,,,,,,,,,,,,,,,,
INDHOTEL,Hotels & Restaurants,748.05,0.55,0.07,20825,65,0.31,0.67,LB,748.5,-0.45,-0.06,20,0.1,SB,747.75,0.3,0.04,52,0.25,LB,-,-,-,-,-,-,FUTURES_OI,FuturesOI_25AUG26_Scan_4_8_2026.xlsx,,,,,,,,,,,,,,,,,,,,,,,,,,
INDIANB,Banks,848.35,2.95,0.35,12352,28,0.23,1.04,LB,847.45,0.9,0.11,10,0.08,LB,846,2.35,0.28,25,0.2,LB,-,-,-,-,-,-,FUTURES_OI,FuturesOI_25AUG26_Scan_4_8_2026.xlsx,,,,,,,,,,,,,,,,,,,,,,,,,,
INDIGO,Air Transport Service,5424.5,9.5,0.18,36663,71,0.19,0.83,LB,5425,-0.5,-0.01,6,0.02,SB,5408,16.5,0.31,62,0.17,LB,-,-,-,-,-,-,FUTURES_OI,FuturesOI_25AUG26_Scan_4_8_2026.xlsx,,,,,,,,,,,,,,,,,,,,,,,,,,
INDUSINDBK,Banks,1022.2,5.3,0.52,48126,-47,-0.1,0.55,SC,1021.2,1,0.1,-18,-0.04,SC,1020.9,1.3,0.13,-52,-0.11,SC,-,-,-,-,-,-,FUTURES_OI,FuturesOI_25AUG26_Scan_4_8_2026.xlsx,,,,,,,,,,,,,,,,,,,,,,,,,,
INDUSTOWER,Telecom Equipment & Infra Services,394.35,0.75,0.19,52850,-7,-0.01,0.67,SC,394.1,0.25,0.06,-128,-0.24,SC,392.3,2.05,0.52,-33,-0.06,SC,-,-,-,-,-,-,FUTURES_OI,FuturesOI_25AUG26_Scan_4_8_2026.xlsx,,,,,,,,,,,,,,,,,,,,,,,,,,
INFY,IT - Software,1165.6,-13.8,-1.17,221759,925,0.42,0.96,SB,1165.8,-0.2,-0.02,279,0.13,SB,1165.6,-,-,820,0.37,-,-,-,-,-,-,-,FUTURES_OI,FuturesOI_25AUG26_Scan_4_8_2026.xlsx,,,,,,,,,,,,,,,,,,,,,,,,,,
INOXWIND,Capital Goods - Electrical Equipment,80.31,0.58,0.73,16458,32,0.19,0.65,LB,79.46,0.85,1.07,6,0.04,LB,79.43,0.88,1.11,15,0.09,LB,-,-,-,-,-,-,FUTURES_OI,FuturesOI_25AUG26_Scan_4_8_2026.xlsx,,,,,,,,,,,,,,,,,,,,,,,,,,
IOC,Refineries,142.39,0.02,0.01,30806,9,0.03,0.83,LB,142.01,0.38,0.27,1,-,LB,142.11,0.28,0.2,8,0.03,LB,-,-,-,-,-,-,FUTURES_OI,FuturesOI_25AUG26_Scan_4_8_2026.xlsx,,,,,,,,,,,,,,,,,,,,,,,,,,
IREDA,Finance,117.21,-5.12,-4.19,15203,1412,10.24,0.74,SB,117.4,-0.19,-0.16,157,1.04,SB,116.65,0.56,0.48,658,4.48,LB,-,-,-,-,-,-,FUTURES_OI,FuturesOI_25AUG26_Scan_4_8_2026.xlsx,,,,,,,,,,,,,,,,,,,,,,,,,,
IRFC,Finance,90.2,-0.33,-0.36,15965,90,0.57,0.69,SB,90.15,0.05,0.06,20,0.13,LB,90.2,-,-,70,0.44,-,-,-,-,-,-,-,FUTURES_OI,FuturesOI_25AUG26_Scan_4_8_2026.xlsx,,,,,,,,,,,,,,,,,,,,,,,,,,
ITC,Tobacco Products,287.7,0.25,0.09,91224,66,0.07,0.56,LB,288,-0.3,-0.1,-16,-0.02,LU,286.25,1.45,0.51,54,0.06,LB,-,-,-,-,-,-,FUTURES_OI,FuturesOI_25AUG26_Scan_4_8_2026.xlsx,,,,,,,,,,,,,,,,,,,,,,,,,,
JINDALSTEL,Steel,1120.7,2.7,0.24,21689,70,0.32,0.88,LB,1123.3,-2.6,-0.23,19,0.09,SB,1118.7,2,0.18,64,0.3,LB,-,-,-,-,-,-,FUTURES_OI,FuturesOI_25AUG26_Scan_4_8_2026.xlsx,,,,,,,,,,,,,,,,,,,,,,,,,,
JIOFIN,Finance,264.95,1.5,0.57,78617,351,0.45,0.61,LB,264.65,0.3,0.11,-3,-,SC,263.8,1.15,0.44,350,0.45,LB,-,-,-,-,-,-,FUTURES_OI,FuturesOI_25AUG26_Scan_4_8_2026.xlsx,,,,,,,,,,,,,,,,,,,,,,,,,,
JSWENERGY,Power Generation & Distribution,568.35,1.35,0.24,23001,39,0.17,1.02,LB,567.45,0.9,0.16,47,0.2,LB,569.65,-1.3,-0.23,41,0.18,SB,-,-,-,-,-,-,FUTURES_OI,FuturesOI_25AUG26_Scan_4_8_2026.xlsx,,,,,,,,,,,,,,,,,,,,,,,,,,
JSWSTEEL,Steel,1286.1,2.8,0.22,58718,61,0.1,0.83,LB,1290.4,-4.3,-0.33,18,0.03,SB,1286.7,-0.6,-0.05,59,0.1,SB,-,-,-,-,-,-,FUTURES_OI,FuturesOI_25AUG26_Scan_4_8_2026.xlsx,,,,,,,,,,,,,,,,,,,,,,,,,,
JUBLFOOD,Quick Service Restaurant,470.0,-0.6,-0.13,13211,36,0.27,0.77,SB,468.15,1.85,0.4,-13,-0.1,SC,470.55,-0.55,-0.12,9,0.07,SB,-,-,-,-,-,-,FUTURES_OI,FuturesOI_25AUG26_Scan_4_8_2026.xlsx,,,,,,,,,,,,,,,,,,,,,,,,,,
KALYANKJIL,"Diamond, Gems and Jewellery",602.1,-5.4,-0.89,18233,741,4.24,1.05,SB,589.15,12.95,2.2,666,3.79,LB,598.5,3.6,0.6,824,4.73,LB,-,-,-,-,-,-,FUTURES_OI,FuturesOI_25AUG26_Scan_4_8_2026.xlsx,,,,,,,,,,,,,,,,,,,,,,,,,,
KAYNES,Consumer Durables,3816.2,-3,-0.08,26859,99,0.37,0.69,SB,3810.2,6,0.16,50,0.19,LB,3828.6,-12.4,-0.32,97,0.36,SB,-,-,-,-,-,-,FUTURES_OI,FuturesOI_25AUG26_Scan_4_8_2026.xlsx,,,,,,,,,,,,,,,,,,,,,,,,,,
KEI,Cables,5371.6,336.6,6.69,11184,7,0.06,0.58,LB,5350.1,21.5,0.4,-142,-1.25,SC,5324.4,47.2,0.89,-152,-1.33,SC,-,-,-,-,-,-,FUTURES_OI,FuturesOI_25AUG26_Scan_4_8_2026.xlsx,,,,,,,,,,,,,,,,,,,,,,,,,,
KFINTECH,Financial Services,941.1,6.7,0.72,6811,3,0.04,0.57,LB,929,12.1,1.3,-23,-0.34,SC,935,6.1,0.65,3,0.04,LB,-,-,-,-,-,-,FUTURES_OI,FuturesOI_25AUG26_Scan_4_8_2026.xlsx,,,,,,,,,,,,,,,,,,,,,,,,,,
KOTAKBANK,Banks,397.9,2.75,0.7,87133,104,0.12,0.66,LB,397,0.9,0.23,64,0.07,LB,396.75,1.15,0.29,77,0.09,LB,-,-,-,-,-,-,FUTURES_OI,FuturesOI_25AUG26_Scan_4_8_2026.xlsx,,,,,,,,,,,,,,,,,,,,,,,,,,
KPITTECH,IT - Software,621.65,4.75,0.77,16976,16,0.09,0.63,LB,619,2.65,0.43,-17,-0.1,SC,620,1.65,0.27,9,0.05,LB,-,-,-,-,-,-,FUTURES_OI,FuturesOI_25AUG26_Scan_4_8_2026.xlsx,,,,,,,,,,,,,,,,,,,,,,,,,,
LAURUSLABS,Pharmaceuticals,1818.2,7.3,0.4,19488,113,0.58,0.94,LB,1816,2.2,0.12,49,0.25,LB,1823.7,-5.5,-0.3,131,0.68,SB,-,-,-,-,-,-,FUTURES_OI,FuturesOI_25AUG26_Scan_4_8_2026.xlsx,,,,,,,,,,,,,,,,,,,,,,,,,,
LICHSGFIN,Finance,507.0,2.5,0.5,29931,389,1.32,0.64,LB,508.1,-1.1,-0.22,-3,-0.01,LU,501.2,5.8,1.16,377,1.27,LB,-,-,-,-,-,-,FUTURES_OI,FuturesOI_25AUG26_Scan_4_8_2026.xlsx,,,,,,,,,,,,,,,,,,,,,,,,,,
LICI,Insurance,393.9,-31.6,-7.43,22265,9333,72.17,0.66,SB,394.5,-0.6,-0.15,1642,7.85,SB,390.75,3.15,0.81,5504,31.42,LB,-,-,-,-,-,-,FUTURES_OI,FuturesOI_25AUG26_Scan_4_8_2026.xlsx,,,,,,,,,,,,,,,,,,,,,,,,,,
LODHA,Realty,1241.6,10.3,0.84,18800,-92,-0.49,0.7,SC,1240.8,0.8,0.06,-71,-0.38,SC,1237.8,3.8,0.31,-96,-0.51,SC,-,-,-,-,-,-,FUTURES_OI,FuturesOI_25AUG26_Scan_4_8_2026.xlsx,,,,,,,,,,,,,,,,,,,,,,,,,,
LT,Infrastructure Developers & Operators,4047.9,29.3,0.73,65767,85,0.13,0.83,LB,4025.2,22.7,0.56,49,0.07,LB,4007.1,40.8,1.02,49,0.07,LB,-,-,-,-,-,-,FUTURES_OI,FuturesOI_25AUG26_Scan_4_8_2026.xlsx,,,,,,,,,,,,,,,,,,,,,,,,,,
LTF,Finance,320.15,0.95,0.3,21107,45,0.21,0.65,LB,322,-1.85,-0.57,7,0.03,SB,322.2,-2.05,-0.64,38,0.18,SB,-,-,-,-,-,-,FUTURES_OI,FuturesOI_25AUG26_Scan_4_8_2026.xlsx,,,,,,,,,,,,,,,,,,,,,,,,,,
LTM,IT - Software,4625.0,-48.9,-1.05,15121,146,0.97,0.75,SB,4633.4,-8.4,-0.18,15,0.1,SB,4631.2,-6.2,-0.13,124,0.83,SB,-,-,-,-,-,-,FUTURES_OI,FuturesOI_25AUG26_Scan_4_8_2026.xlsx,,,,,,,,,,,,,,,,,,,,,,,,,,
LUPIN,Pharmaceuticals,2388.0,1.8,0.08,15065,-9,-0.06,0.66,SC,2389.5,-1.5,-0.06,2,0.01,SB,2390,-2,-0.08,-7,-0.05,LU,-,-,-,-,-,-,FUTURES_OI,FuturesOI_25AUG26_Scan_4_8_2026.xlsx,,,,,,,,,,,,,,,,,,,,,,,,,,
M&M,Automobile,3426.8,21,0.62,61627,183,0.3,0.79,LB,3410.8,16,0.47,121,0.2,LB,3415,11.8,0.35,167,0.27,LB,-,-,-,-,-,-,FUTURES_OI,FuturesOI_25AUG26_Scan_4_8_2026.xlsx,,,,,,,,,,,,,,,,,,,,,,,,,,
MANAPPURAM,Finance,360.8,-4,-1.1,20311,-1,0.0,0.71,LU,363.8,-3,-0.82,22,0.11,SB,366,-5.2,-1.42,0,-,-,-,-,-,-,-,-,FUTURES_OI,FuturesOI_25AUG26_Scan_4_8_2026.xlsx,,,,,,,,,,,,,,,,,,,,,,,,,,
MANKIND,Pharmaceuticals,2475.0,3.6,0.15,13170,25,0.19,0.52,LB,2475.2,-0.2,-0.01,11,0.08,SB,2474,1,0.04,21,0.16,LB,-,-,-,-,-,-,FUTURES_OI,FuturesOI_25AUG26_Scan_4_8_2026.xlsx,,,,,,,,,,,,,,,,,,,,,,,,,,
MARICO,FMCG,875.9,-4.85,-0.55,13595,56,0.41,0.61,SB,876.75,-0.85,-0.1,16,0.12,SB,875.85,0.05,0.01,45,0.33,LB,-,-,-,-,-,-,FUTURES_OI,FuturesOI_25AUG26_Scan_4_8_2026.xlsx,,,,,,,,,,,,,,,,,,,,,,,,,,
MARUTI,Automobile,14059.0,23,0.16,41093,181,0.44,0.54,LB,14069,-10,-0.07,7,0.02,SB,13969,90,0.64,151,0.37,LB,-,-,-,-,-,-,FUTURES_OI,FuturesOI_25AUG26_Scan_4_8_2026.xlsx,,,,,,,,,,,,,,,,,,,,,,,,,,
MAXHEALTH,Healthcare,1096.0,-0.2,-0.02,18459,8,0.04,0.71,SB,1099.6,-3.6,-0.33,6,0.03,SB,1100.5,-4.5,-0.41,4,0.02,SB,-,-,-,-,-,-,FUTURES_OI,FuturesOI_25AUG26_Scan_4_8_2026.xlsx,,,,,,,,,,,,,,,,,,,,,,,,,,
MAZDOCK,Aerospace & Defence,2404.0,14.4,0.6,22511,2,0.01,0.6,LB,2395.7,8.3,0.35,-4,-0.02,SC,2394,10,0.42,3,0.01,LB,-,-,-,-,-,-,FUTURES_OI,FuturesOI_25AUG26_Scan_4_8_2026.xlsx,,,,,,,,,,,,,,,,,,,,,,,,,,
MCX,Financial Services,2687.0,56.9,2.16,33383,-180,-0.54,0.76,SC,2661,26,0.98,-98,-0.29,SC,2647.7,39.3,1.48,-107,-0.32,SC,-,-,-,-,-,-,FUTURES_OI,FuturesOI_25AUG26_Scan_4_8_2026.xlsx,,,,,,,,,,,,,,,,,,,,,,,,,,
MFSL,Finance,1535.9,0.1,0.01,24104,34,0.14,0.59,LB,1531,4.9,0.32,5,0.02,LB,1537.3,-1.4,-0.09,-22,-0.09,LU,-,-,-,-,-,-,FUTURES_OI,FuturesOI_25AUG26_Scan_4_8_2026.xlsx,,,,,,,,,,,,,,,,,,,,,,,,,,
MIDCPNIFTY,,14908.0,47.85,0.32,15787,50,0.32,1.09,LB,14860.25,47.75,0.32,-12,-0.08,SC,14857.6,50.4,0.34,36,0.23,LB,-,-,-,-,-,-,FUTURES_OI,FuturesOI_25AUG26_Scan_4_8_2026.xlsx,,,,,,,,,,,,,,,,,,,,,,,,,,
MOTHERSON,Auto Ancillaries,154.3,-0.3,-0.19,20380,135,0.67,0.62,SB,155.28,-0.98,-0.63,43,0.21,SB,154.81,-0.51,-0.33,123,0.61,SB,-,-,-,-,-,-,FUTURES_OI,FuturesOI_25AUG26_Scan_4_8_2026.xlsx,,,,,,,,,,,,,,,,,,,,,,,,,,
MOTILALOFS,Stock/ Commodity Brokers,875.3,3.9,0.45,9074,-3,-0.03,0.65,SC,872.7,2.6,0.3,-,-,-,873.7,1.6,0.18,-6,-0.07,SC,-,-,-,-,-,-,FUTURES_OI,FuturesOI_25AUG26_Scan_4_8_2026.xlsx,,,,,,,,,,,,,,,,,,,,,,,,,,
MPHASIS,IT - Software,2398.7,-23.8,-0.98,13917,37,0.27,0.82,SB,2397.4,1.3,0.05,3,0.02,LB,2412.2,-13.5,-0.56,28,0.2,SB,-,-,-,-,-,-,FUTURES_OI,FuturesOI_25AUG26_Scan_4_8_2026.xlsx,,,,,,,,,,,,,,,,,,,,,,,,,,
MUTHOOTFIN,Finance,2891.3,-1.3,-0.04,25151,97,0.39,0.51,SB,2894,-2.7,-0.09,-59,-0.23,LU,2895.8,-4.5,-0.16,34,0.14,SB,-,-,-,-,-,-,FUTURES_OI,FuturesOI_25AUG26_Scan_4_8_2026.xlsx,,,,,,,,,,,,,,,,,,,,,,,,,,
NAM-INDIA,Finance,1183.3,21.8,1.88,11350,70,0.62,0.48,LB,1173.3,10,0.85,24,0.21,LB,1169,14.3,1.22,70,0.62,LB,-,-,-,-,-,-,FUTURES_OI,FuturesOI_25AUG26_Scan_4_8_2026.xlsx,,,,,,,,,,,,,,,,,,,,,,,,,,
NATIONALUM,Non Ferrous Metals,381.4,16.5,4.52,24776,34,0.14,0.84,LB,378.6,2.8,0.74,-9,-0.04,SC,373,8.4,2.25,-58,-0.23,SC,-,-,-,-,-,-,FUTURES_OI,FuturesOI_25AUG26_Scan_4_8_2026.xlsx,,,,,,,,,,,,,,,,,,,,,,,,,,
NAUKRI,E-Commerce/App based Aggregator,1270.4,7.4,0.59,25628,125,0.49,0.58,LB,1271.8,-1.4,-0.11,41,0.16,SB,1266.1,4.3,0.34,110,0.43,LB,-,-,-,-,-,-,FUTURES_OI,FuturesOI_25AUG26_Scan_4_8_2026.xlsx,,,,,,,,,,,,,,,,,,,,,,,,,,
NBCC,Miscellaneous,95.95,0.55,0.58,15304,27,0.18,0.53,LB,95.2,0.75,0.79,16,0.1,LB,95.44,0.51,0.53,23,0.15,LB,-,-,-,-,-,-,FUTURES_OI,FuturesOI_25AUG26_Scan_4_8_2026.xlsx,,,,,,,,,,,,,,,,,,,,,,,,,,
NESTLEIND,FMCG,1530.2,12.9,0.85,16888,177,1.06,0.59,LB,1525.8,4.4,0.29,58,0.34,LB,1521.2,9,0.59,165,0.99,LB,-,-,-,-,-,-,FUTURES_OI,FuturesOI_25AUG26_Scan_4_8_2026.xlsx,,,,,,,,,,,,,,,,,,,,,,,,,,
NHPC,Power Generation & Distribution,80.28,0.83,1.04,17744,-16,-0.09,0.77,SC,79.7,0.58,0.73,-26,-0.15,SC,79.76,0.52,0.65,-20,-0.11,SC,-,-,-,-,-,-,FUTURES_OI,FuturesOI_25AUG26_Scan_4_8_2026.xlsx,,,,,,,,,,,,,,,,,,,,,,,,,,
NIFTY,,24681.8,32.4,0.13,182667,-362,-0.2,1.12,SC,24650,31.8,0.13,30,0.02,LB,24656,25.8,0.1,-452,-0.25,SC,-,-,-,-,-,-,FUTURES_OI,FuturesOI_25AUG26_Scan_4_8_2026.xlsx,,,,,,,,,,,,,,,,,,,,,,,,,,
NIFTYNXT50,,74333.2,95,0.13,771,-2,-0.26,1.75,SC,74582.2,-249,-0.33,1,0.13,SB,74299.8,33.4,0.04,0,-,-,-,-,-,-,-,-,FUTURES_OI,FuturesOI_25AUG26_Scan_4_8_2026.xlsx,,,,,,,,,,,,,,,,,,,,,,,,,,
NMDC,Mining & Mineral products,84.67,0.93,1.11,50925,7,0.01,0.7,LB,84.58,0.09,0.11,2,-,LB,84.21,0.46,0.55,6,0.01,LB,-,-,-,-,-,-,FUTURES_OI,FuturesOI_25AUG26_Scan_4_8_2026.xlsx,,,,,,,,,,,,,,,,,,,,,,,,,,
NTPC,Power Generation & Distribution,348.3,0.25,0.07,65320,1,0.0,0.64,LB,348,0.3,0.09,-9,-0.01,SC,348,0.3,0.09,-2,-,SC,-,-,-,-,-,-,FUTURES_OI,FuturesOI_25AUG26_Scan_4_8_2026.xlsx,,,,,,,,,,,,,,,,,,,,,,,,,,
NYKAA,E-Commerce/App based Aggregator,340.35,-0.65,-0.19,14410,30,0.21,0.57,SB,340,0.35,0.1,20,0.14,LB,338.65,1.7,0.5,8,0.06,LB,-,-,-,-,-,-,FUTURES_OI,FuturesOI_25AUG26_Scan_4_8_2026.xlsx,,,,,,,,,,,,,,,,,,,,,,,,,,
OBEROIRLTY,Realty,1828.0,-8.6,-0.47,15566,63,0.41,0.52,SB,1827.7,0.3,0.02,13,0.08,LB,1825.3,2.7,0.15,59,0.38,LB,-,-,-,-,-,-,FUTURES_OI,FuturesOI_25AUG26_Scan_4_8_2026.xlsx,,,,,,,,,,,,,,,,,,,,,,,,,,
OFSS,IT - Software,11559.0,55,0.48,12900,31,0.24,0.8,LB,11503,56,0.49,-1,-0.01,SC,11534,25,0.22,26,0.2,LB,-,-,-,-,-,-,FUTURES_OI,FuturesOI_25AUG26_Scan_4_8_2026.xlsx,,,,,,,,,,,,,,,,,,,,,,,,,,
OIL,Crude Oil & Natural Gas,452.3,-0.2,-0.04,11240,1,0.01,0.58,SB,452.35,-0.05,-0.01,-,-,-,452.9,-0.6,-0.13,6,0.05,SB,-,-,-,-,-,-,FUTURES_OI,FuturesOI_25AUG26_Scan_4_8_2026.xlsx,,,,,,,,,,,,,,,,,,,,,,,,,,
ONGC,Crude Oil & Natural Gas,242.35,2.04,0.85,24940,-6,-0.02,0.55,SC,242.08,0.27,0.11,-16,-0.06,SC,242.29,0.06,0.02,-7,-0.03,SC,-,-,-,-,-,-,FUTURES_OI,FuturesOI_25AUG26_Scan_4_8_2026.xlsx,,,,,,,,,,,,,,,,,,,,,,,,,,
PAGEIND,Readymade Garments/ Apparells,39990.0,-230,-0.57,11637,25,0.22,0.72,SB,39825,165,0.41,-15,-0.13,SC,40085,-95,-0.24,-1,-0.01,LU,-,-,-,-,-,-,FUTURES_OI,FuturesOI_25AUG26_Scan_4_8_2026.xlsx,,,,,,,,,,,,,,,,,,,,,,,,,,
PATANJALI,FMCG,361.65,-0.75,-0.21,30815,392,1.29,0.76,SB,362.45,-0.8,-0.22,40,0.13,SB,361.9,-0.25,-0.07,359,1.18,SB,-,-,-,-,-,-,FUTURES_OI,FuturesOI_25AUG26_Scan_4_8_2026.xlsx,,,,,,,,,,,,,,,,,,,,,,,,,,
PAYTM,E-Commerce/App based Aggregator,1427.1,9.3,0.66,28490,1300,4.78,0.54,LB,1419.4,7.7,0.54,560,2,LB,1420.7,6.4,0.45,799,2.87,LB,-,-,-,-,-,-,FUTURES_OI,FuturesOI_25AUG26_Scan_4_8_2026.xlsx,,,,,,,,,,,,,,,,,,,,,,,,,,
PERSISTENT,IT - Software,5503.5,-50,-0.9,28581,64,0.22,0.6,SB,5488.5,15,0.27,1,-,LB,5494.5,9,0.16,59,0.21,LB,-,-,-,-,-,-,FUTURES_OI,FuturesOI_25AUG26_Scan_4_8_2026.xlsx,,,,,,,,,,,,,,,,,,,,,,,,,,
PETRONET,Gas Distribution,283.4,0.75,0.27,16716,18,0.11,1.06,LB,282.75,0.65,0.23,15,0.09,LB,283.1,0.3,0.11,15,0.09,LB,-,-,-,-,-,-,FUTURES_OI,FuturesOI_25AUG26_Scan_4_8_2026.xlsx,,,,,,,,,,,,,,,,,,,,,,,,,,
PFC,Finance,419.95,0.65,0.16,40896,29,0.07,0.76,LB,419.9,0.05,0.01,7,0.02,LB,419.35,0.6,0.14,19,0.05,LB,-,-,-,-,-,-,FUTURES_OI,FuturesOI_25AUG26_Scan_4_8_2026.xlsx,,,,,,,,,,,,,,,,,,,,,,,,,,
PGEL,Consumer Durables,621.75,-1.4,-0.22,11227,28,0.25,0.95,SB,617.05,4.7,0.76,8,0.07,LB,621.7,0.05,0.01,4,0.04,LB,-,-,-,-,-,-,FUTURES_OI,FuturesOI_25AUG26_Scan_4_8_2026.xlsx,,,,,,,,,,,,,,,,,,,,,,,,,,
PHOENIXLTD,Realty,1941.0,16.8,0.87,10578,-16,-0.15,0.71,SC,1928.7,12.3,0.64,-2,-0.02,SC,1930,11,0.57,-3,-0.03,SC,-,-,-,-,-,-,FUTURES_OI,FuturesOI_25AUG26_Scan_4_8_2026.xlsx,,,,,,,,,,,,,,,,,,,,,,,,,,
PIDILITIND,Chemicals,1660.7,20.7,1.26,15505,42,0.27,0.74,LB,1656.2,4.5,0.27,32,0.21,LB,1643,17.7,1.08,47,0.3,LB,-,-,-,-,-,-,FUTURES_OI,FuturesOI_25AUG26_Scan_4_8_2026.xlsx,,,,,,,,,,,,,,,,,,,,,,,,,,
PIIND,Agro Chemicals,2826.0,2.7,0.1,15601,136,0.88,0.94,LB,2824.5,1.5,0.05,38,0.24,LB,2841.5,-15.5,-0.55,127,0.82,SB,-,-,-,-,-,-,FUTURES_OI,FuturesOI_25AUG26_Scan_4_8_2026.xlsx,,,,,,,,,,,,,,,,,,,,,,,,,,
PNB,Banks,113.84,0.05,0.04,36208,27,0.07,0.85,LB,113.82,0.02,0.02,13,0.04,LB,113.91,-0.07,-0.06,25,0.07,SB,-,-,-,-,-,-,FUTURES_OI,FuturesOI_25AUG26_Scan_4_8_2026.xlsx,,,,,,,,,,,,,,,,,,,,,,,,,,
PNBHOUSING,Finance,1069.4,-16.1,-1.48,11910,94,0.8,1.22,SB,1078.2,-8.8,-0.82,59,0.5,SB,1083.3,-13.9,-1.28,83,0.7,SB,-,-,-,-,-,-,FUTURES_OI,FuturesOI_25AUG26_Scan_4_8_2026.xlsx,,,,,,,,,,,,,,,,,,,,,,,,,,
POLICYBZR,E-Commerce/App based Aggregator,1635.2,2.6,0.16,26176,18,0.07,1.02,LB,1633.2,2,0.12,10,0.04,LB,1627,8.2,0.5,19,0.07,LB,-,-,-,-,-,-,FUTURES_OI,FuturesOI_25AUG26_Scan_4_8_2026.xlsx,,,,,,,,,,,,,,,,,,,,,,,,,,
POLYCAB,Cables,9220.5,144.5,1.59,18029,-191,-1.05,0.66,SC,9198,22.5,0.24,14,0.08,LB,9235,-14.5,-0.16,-150,-0.83,LU,-,-,-,-,-,-,FUTURES_OI,FuturesOI_25AUG26_Scan_4_8_2026.xlsx,,,,,,,,,,,,,,,,,,,,,,,,,,
POWERGRID,Power Generation & Distribution,285.0,0.3,0.11,23813,86,0.36,0.85,LB,284.75,0.25,0.09,17,0.07,LB,286.25,-1.25,-0.44,94,0.4,SB,-,-,-,-,-,-,FUTURES_OI,FuturesOI_25AUG26_Scan_4_8_2026.xlsx,,,,,,,,,,,,,,,,,,,,,,,,,,
POWERINDIA,Capital Goods - Electrical Equipment,32750.0,575,1.79,23185,3,0.01,1.13,LB,32450,300,0.92,-52,-0.22,SC,32505,245,0.75,-9,-0.04,SC,-,-,-,-,-,-,FUTURES_OI,FuturesOI_25AUG26_Scan_4_8_2026.xlsx,,,,,,,,,,,,,,,,,,,,,,,,,,
PREMIERENE,Trading,1053.5,21.7,2.1,11363,-84,-0.73,0.72,SC,1050,3.5,0.33,-27,-0.24,SC,1043,10.5,1.01,-138,-1.2,SC,-,-,-,-,-,-,FUTURES_OI,FuturesOI_25AUG26_Scan_4_8_2026.xlsx,,,,,,,,,,,,,,,,,,,,,,,,,,
PRESTIGE,Realty,1634.0,8.4,0.52,11352,11,0.1,0.69,LB,1627.3,6.7,0.41,1,0.01,LB,1629,5,0.31,11,0.1,LB,-,-,-,-,-,-,FUTURES_OI,FuturesOI_25AUG26_Scan_4_8_2026.xlsx,,,,,,,,,,,,,,,,,,,,,,,,,,
RADICO,Alcoholic Beverages,4454.9,16.4,0.37,5376,73,1.38,1.0,LB,4450.3,4.6,0.1,40,0.75,LB,4467,-12.1,-0.27,64,1.2,SB,-,-,-,-,-,-,FUTURES_OI,FuturesOI_25AUG26_Scan_4_8_2026.xlsx,,,,,,,,,,,,,,,,,,,,,,,,,,
RBLBANK,Banks,380.85,2.15,0.57,14189,77,0.55,0.78,LB,379.85,1,0.26,10,0.07,LB,381,-0.15,-0.04,70,0.5,SB,-,-,-,-,-,-,FUTURES_OI,FuturesOI_25AUG26_Scan_4_8_2026.xlsx,,,,,,,,,,,,,,,,,,,,,,,,,,
RECLTD,Finance,367.85,-0.3,-0.08,28282,24,0.08,0.66,SB,368.4,-0.55,-0.15,14,0.05,SB,368.2,-0.35,-0.1,18,0.06,SB,-,-,-,-,-,-,FUTURES_OI,FuturesOI_25AUG26_Scan_4_8_2026.xlsx,,,,,,,,,,,,,,,,,,,,,,,,,,
RELIANCE,Refineries,1309.5,-2.2,-0.17,205039,239,0.12,0.8,SB,1308.4,1.1,0.08,153,0.07,LB,1311.9,-2.4,-0.18,212,0.1,SB,-,-,-,-,-,-,FUTURES_OI,FuturesOI_25AUG26_Scan_4_8_2026.xlsx,,,,,,,,,,,,,,,,,,,,,,,,,,
RVNL,Infrastructure Developers & Operators,233.94,0.87,0.37,18264,169,0.93,0.75,LB,232.25,1.69,0.73,80,0.44,LB,230.6,3.34,1.45,166,0.92,LB,-,-,-,-,-,-,FUTURES_OI,FuturesOI_25AUG26_Scan_4_8_2026.xlsx,,,,,,,,,,,,,,,,,,,,,,,,,,
SAIL,Steel,171.5,1.22,0.72,38124,-44,-0.12,0.59,SC,171.73,-0.23,-0.13,45,0.12,SB,171.67,-0.17,-0.1,-56,-0.15,LU,-,-,-,-,-,-,FUTURES_OI,FuturesOI_25AUG26_Scan_4_8_2026.xlsx,,,,,,,,,,,,,,,,,,,,,,,,,,
SBICARD,Finance,668.15,-0.6,-0.09,27870,40,0.14,0.64,SB,667.25,0.9,0.13,16,0.06,LB,668.65,-0.5,-0.07,32,0.11,SB,-,-,-,-,-,-,FUTURES_OI,FuturesOI_25AUG26_Scan_4_8_2026.xlsx,,,,,,,,,,,,,,,,,,,,,,,,,,
SBILIFE,Insurance,1894.7,-17.1,-0.89,16726,55,0.33,0.74,SB,1890,4.7,0.25,-28,-0.17,SC,1880.1,14.6,0.78,86,0.51,LB,-,-,-,-,-,-,FUTURES_OI,FuturesOI_25AUG26_Scan_4_8_2026.xlsx,,,,,,,,,,,,,,,,,,,,,,,,,,
SBIN,Banks,1042.3,0.6,0.06,110675,887,0.81,0.94,LB,1039,3.3,0.32,541,0.49,LB,1040,2.3,0.22,901,0.82,LB,-,-,-,-,-,-,FUTURES_OI,FuturesOI_25AUG26_Scan_4_8_2026.xlsx,,,,,,,,,,,,,,,,,,,,,,,,,,
SENSEX,,79040.0,74.9,0.09,1941,32,1.68,1.51,LB,78916.65,123.35,0.16,10,0.52,LB,78990,50,0.06,41,2.16,LB,-,-,-,-,-,-,FUTURES_OI,FuturesOI_25AUG26_Scan_4_8_2026.xlsx,,,,,,,,,,,,,,,,,,,,,,,,,,
SHREECEM,Cement,26570.0,105,0.4,14718,25,0.17,0.97,LB,26565,5,0.02,4,-,LB,26515,55,0.21,19,0.13,LB,-,-,-,-,-,-,FUTURES_OI,FuturesOI_25AUG26_Scan_4_8_2026.xlsx,,,,,,,,,,,,,,,,,,,,,,,,,,
SHRIRAMFIN,Finance,1084.9,4.5,0.42,31744,235,0.75,0.54,LB,1086.7,-1.8,-0.17,33,0.1,SB,1084.5,0.4,0.04,196,0.62,LB,-,-,-,-,-,-,FUTURES_OI,FuturesOI_25AUG26_Scan_4_8_2026.xlsx,,,,,,,,,,,,,,,,,,,,,,,,,,
SIEMENS,Capital Goods - Electrical Equipment,4036.3,109.8,2.8,20362,197,0.98,0.76,LB,3959,77.3,1.95,128,0.63,LB,3957.2,79.1,2,185,0.92,LB,-,-,-,-,-,-,FUTURES_OI,FuturesOI_25AUG26_Scan_4_8_2026.xlsx,,,,,,,,,,,,,,,,,,,,,,,,,,
SOLARINDS,Aerospace & Defence,18863.0,238,1.28,15946,-59,-0.37,0.84,SC,18596,267,1.44,-64,-,SC,18666,197,1.06,-61,-0.38,SC,-,-,-,-,-,-,FUTURES_OI,FuturesOI_25AUG26_Scan_4_8_2026.xlsx,,,,,,,,,,,,,,,,,,,,,,,,,,
SONACOMS,Auto Ancillaries,780.7,2.45,0.31,8669,44,0.51,0.84,LB,779.2,1.5,0.19,2,0.02,LB,777.1,3.6,0.46,41,0.48,LB,-,-,-,-,-,-,FUTURES_OI,FuturesOI_25AUG26_Scan_4_8_2026.xlsx,,,,,,,,,,,,,,,,,,,,,,,,,,
SRF,Chemicals,2664.0,14,0.53,22655,72,0.32,0.46,LB,2653.4,10.6,0.4,24,0.11,LB,2650,14,0.53,65,0.29,LB,-,-,-,-,-,-,FUTURES_OI,FuturesOI_25AUG26_Scan_4_8_2026.xlsx,,,,,,,,,,,,,,,,,,,,,,,,,,
SUNPHARMA,Pharmaceuticals,1958.2,3.5,0.18,39708,-8,-0.02,0.59,SC,1960,-1.8,-0.09,9,0.02,SB,1960.8,-2.6,-0.13,-9,-0.02,LU,-,-,-,-,-,-,FUTURES_OI,FuturesOI_25AUG26_Scan_4_8_2026.xlsx,,,,,,,,,,,,,,,,,,,,,,,,,,
SUPREMEIND,Plastic products,3559.8,22.3,0.63,13024,-41,-0.31,0.83,SC,3571.5,-11.7,-0.33,-40,-0.31,LU,3556.4,3.4,0.1,-41,-0.31,SC,-,-,-,-,-,-,FUTURES_OI,FuturesOI_25AUG26_Scan_4_8_2026.xlsx,,,,,,,,,,,,,,,,,,,,,,,,,,
SUZLON,Capital Goods - Electrical Equipment,49.35,0.09,0.18,35945,44,0.12,0.52,LB,49.2,0.15,0.3,19,0.05,LB,49.2,0.15,0.3,40,0.11,LB,-,-,-,-,-,-,FUTURES_OI,FuturesOI_25AUG26_Scan_4_8_2026.xlsx,,,,,,,,,,,,,,,,,,,,,,,,,,
SWIGGY,E-Commerce/App based Aggregator,290.0,2.85,0.99,37071,138,0.37,0.68,LB,287.65,2.35,0.82,83,0.22,LB,287.85,2.15,0.75,140,0.38,LB,-,-,-,-,-,-,FUTURES_OI,FuturesOI_25AUG26_Scan_4_8_2026.xlsx,,,,,,,,,,,,,,,,,,,,,,,,,,
TATACONSUM,FMCG,1101.2,1.6,0.15,28610,106,0.37,0.62,LB,1096,5.2,0.47,43,0.15,LB,1096.4,4.8,0.44,98,0.34,LB,-,-,-,-,-,-,FUTURES_OI,FuturesOI_25AUG26_Scan_4_8_2026.xlsx,,,,,,,,,,,,,,,,,,,,,,,,,,
TATAELXSI,IT - Software,3784.0,12.3,0.33,19269,-38,-0.2,0.63,SC,3767.9,16.1,0.43,-11,-0.06,SC,3780.4,3.6,0.1,-38,-0.2,SC,-,-,-,-,-,-,FUTURES_OI,FuturesOI_25AUG26_Scan_4_8_2026.xlsx,,,,,,,,,,,,,,,,,,,,,,,,,,
TATAPOWER,Power Generation & Distribution,383.6,0.35,0.09,42862,37,0.09,0.76,LB,382.4,1.2,0.31,5,0.01,LB,382.5,1.1,0.29,37,0.09,LB,-,-,-,-,-,-,FUTURES_OI,FuturesOI_25AUG26_Scan_4_8_2026.xlsx,,,,,,,,,,,,,,,,,,,,,,,,,,
TATASTEEL,Steel,192.98,2.61,1.37,61347,-320,-0.52,0.76,SC,192.74,0.24,0.12,-139,-0.23,SC,191.2,1.78,0.93,-323,-0.52,SC,-,-,-,-,-,-,FUTURES_OI,FuturesOI_25AUG26_Scan_4_8_2026.xlsx,,,,,,,,,,,,,,,,,,,,,,,,,,
TCS,IT - Software,2453.6,-11,-0.45,139810,87,0.06,0.88,SB,2449.4,4.2,0.17,-4,-,SC,2444.4,9.2,0.38,19,0.01,LB,-,-,-,-,-,-,FUTURES_OI,FuturesOI_25AUG26_Scan_4_8_2026.xlsx,,,,,,,,,,,,,,,,,,,,,,,,,,
TECHM,IT - Software,1649.5,-8.2,-0.49,28826,271,0.95,0.63,SB,1644.5,5,0.3,203,0.71,LB,1651,-1.5,-0.09,259,0.91,SB,-,-,-,-,-,-,FUTURES_OI,FuturesOI_25AUG26_Scan_4_8_2026.xlsx,,,,,,,,,,,,,,,,,,,,,,,,,,
TIINDIA,Capital Goods-Non Electrical Equipment,2775.3,26.5,0.96,11200,149,1.35,0.66,LB,2779.3,-4,-0.14,161,1.46,SB,2779.6,-4.3,-0.15,149,1.35,SB,-,-,-,-,-,-,FUTURES_OI,FuturesOI_25AUG26_Scan_4_8_2026.xlsx,,,,,,,,,,,,,,,,,,,,,,,,,,
TITAN,"Diamond, Gems and Jewellery",4890.0,-7.8,-0.16,30589,145,0.48,0.77,SB,4886.1,3.9,0.08,5,0.02,LB,4889,1,0.02,135,0.44,LB,-,-,-,-,-,-,FUTURES_OI,FuturesOI_25AUG26_Scan_4_8_2026.xlsx,,,,,,,,,,,,,,,,,,,,,,,,,,
TMPV,Automobile,348.7,0.6,0.17,46972,-7,-0.01,0.77,SC,348.4,0.3,0.09,-,-,-,347.6,1.1,0.32,-11,-0.02,SC,-,-,-,-,-,-,FUTURES_OI,FuturesOI_25AUG26_Scan_4_8_2026.xlsx,,,,,,,,,,,,,,,,,,,,,,,,,,
TORNTPHARM,Pharmaceuticals,5051.5,5.5,0.11,29857,12,0.04,0.57,LB,5021,30.5,0.61,4,0.01,LB,5040,11.5,0.23,8,0.03,LB,-,-,-,-,-,-,FUTURES_OI,FuturesOI_25AUG26_Scan_4_8_2026.xlsx,,,,,,,,,,,,,,,,,,,,,,,,,,
TRENT,Retail,3085.7,32.3,1.06,47307,-80,-0.17,0.75,SC,3077.3,8.4,0.27,-30,-0.06,SC,3060.4,25.3,0.83,-54,-0.11,SC,-,-,-,-,-,-,FUTURES_OI,FuturesOI_25AUG26_Scan_4_8_2026.xlsx,,,,,,,,,,,,,,,,,,,,,,,,,,
TVSMOTOR,Automobile,4374.7,29.3,0.67,53200,363,0.69,1.04,LB,4379.1,-4.4,-0.1,64,0.12,SB,4375.4,-0.7,-0.02,269,0.51,SB,-,-,-,-,-,-,FUTURES_OI,FuturesOI_25AUG26_Scan_4_8_2026.xlsx,,,,,,,,,,,,,,,,,,,,,,,,,,
ULTRACEMCO,Cement,12023.0,-1,-0.01,32282,-4,-0.01,0.52,LU,11999,24,0.2,-8,-0.02,SC,11993,30,0.25,0,-,-,-,-,-,-,-,-,FUTURES_OI,FuturesOI_25AUG26_Scan_4_8_2026.xlsx,,,,,,,,,,,,,,,,,,,,,,,,,,
UNIONBANK,Banks,174.09,0.28,0.16,26904,86,0.32,0.87,LB,174.18,-0.09,-0.05,44,0.16,SB,174.59,-0.5,-0.29,74,0.28,SB,-,-,-,-,-,-,FUTURES_OI,FuturesOI_25AUG26_Scan_4_8_2026.xlsx,,,,,,,,,,,,,,,,,,,,,,,,,,
UNITDSPR,Alcoholic Beverages,1547.3,16.2,1.06,19443,53,0.27,0.88,LB,1533.8,13.5,0.88,99,0.51,LB,1532,15.3,1,20,0.1,LB,-,-,-,-,-,-,FUTURES_OI,FuturesOI_25AUG26_Scan_4_8_2026.xlsx,,,,,,,,,,,,,,,,,,,,,,,,,,
UNOMINDA,Auto Ancillaries,1213.8,-3.1,-0.25,8366,-25,-0.3,0.81,LU,1217.6,-3.8,-0.31,-88,-1.04,LU,1215.3,-1.5,-0.12,-26,-0.31,LU,-,-,-,-,-,-,FUTURES_OI,FuturesOI_25AUG26_Scan_4_8_2026.xlsx,,,,,,,,,,,,,,,,,,,,,,,,,,
UPL,Agro Chemicals,586.4,-33.05,-5.34,23790,918,4.01,0.59,SB,591.15,-4.75,-0.8,511,2.18,SB,601.5,-15.1,-2.51,752,3.25,SB,-,-,-,-,-,-,FUTURES_OI,FuturesOI_25AUG26_Scan_4_8_2026.xlsx,,,,,,,,,,,,,,,,,,,,,,,,,,
VBL,FMCG,448.5,1.35,0.3,42441,346,0.82,0.49,LB,446.85,1.65,0.37,87,0.21,LB,444.05,4.45,1,331,0.79,LB,-,-,-,-,-,-,FUTURES_OI,FuturesOI_25AUG26_Scan_4_8_2026.xlsx,,,,,,,,,,,,,,,,,,,,,,,,,,
VEDL,Non Ferrous Metals,271.3,4.8,1.8,43697,209,0.48,0.6,LB,271.75,-0.45,-0.17,52,0.12,SB,268.55,2.75,1.02,206,0.47,LB,-,-,-,-,-,-,FUTURES_OI,FuturesOI_25AUG26_Scan_4_8_2026.xlsx,,,,,,,,,,,,,,,,,,,,,,,,,,
VMM,Retail,112.84,1.43,1.28,9457,170,1.83,0.6,LB,112.95,-0.11,-0.1,69,0.73,SB,112.21,0.63,0.56,167,1.8,LB,-,-,-,-,-,-,FUTURES_OI,FuturesOI_25AUG26_Scan_4_8_2026.xlsx,,,,,,,,,,,,,,,,,,,,,,,,,,
VOLTAS,Consumer Durables,1348.2,10.8,0.81,18798,98,0.52,1.11,LB,1344,4.2,0.31,82,0.44,LB,1341,7.2,0.54,84,0.45,LB,-,-,-,-,-,-,FUTURES_OI,FuturesOI_25AUG26_Scan_4_8_2026.xlsx,,,,,,,,,,,,,,,,,,,,,,,,,,
WAAREEENER,Capital Goods - Electrical Equipment,2681.7,22.4,0.84,43819,-59,-0.13,0.55,SC,2675.3,6.4,0.24,-47,-0.11,SC,2667.2,14.5,0.54,-59,-0.13,SC,-,-,-,-,-,-,FUTURES_OI,FuturesOI_25AUG26_Scan_4_8_2026.xlsx,,,,,,,,,,,,,,,,,,,,,,,,,,
WIPRO,IT - Software,188.83,-0.52,-0.27,73997,54,0.07,0.67,SB,188.72,0.11,0.06,-41,-0.06,SC,187.77,1.06,0.56,22,0.03,LB,-,-,-,-,-,-,FUTURES_OI,FuturesOI_25AUG26_Scan_4_8_2026.xlsx,,,,,,,,,,,,,,,,,,,,,,,,,,
YESBANK,Banks,23.01,0.1,0.44,37899,-82,-0.22,0.61,SC,22.98,0.03,0.13,-68,-0.18,SC,22.94,0.07,0.31,-98,-0.26,SC,-,-,-,-,-,-,FUTURES_OI,FuturesOI_25AUG26_Scan_4_8_2026.xlsx,,,,,,,,,,,,,,,,,,,,,,,,,,
ZYDUSLIFE,Pharmaceuticals,1123.3,5.3,0.47,11128,-1,-0.01,0.75,SC,1121.5,1.8,0.16,3,0.03,LB,1123,0.3,0.03,-6,-0.05,SC,-,-,-,-,-,-,FUTURES_OI,FuturesOI_25AUG26_Scan_4_8_2026.xlsx,,,,,,,,,,,,,,,,,,,,,,,,,,
,,,,,,,,,,,,,,,,,,,,,,,,,,,,IVR_IVP,IVR-IVP_25AUG26_Report_2026-08-04 (1).xlsx,,,,,,,,,,,,,,,,,,,,,,,,,,
,,,,,,,,,,,,,,,,,,,,,,,,,,,,IVR_IVP,IVR-IVP_25AUG26_Report_2026-08-04.xlsx,,,,,,,,,,,,,,,,,,,,,,,,,,
ASHOKLEY,,175.05,-0.09,-0.05,,,,1.0,,,,,,,,,,,,,,,,,,,,RESISTANCE,Resistance_25AUG26_Scan_4_8_2026 (1).xlsx,28938.0,75.0,0.26,170.0,1371.0,3.0,982.0,-3.0,2.97,SB,,,,,,,,,,,,,,,,
TECHM,,1645.0,-12.7,-0.77,,,,0.65,,,,,,,,,,,,,,,,,,,,RESISTANCE,Resistance_25AUG26_Scan_4_8_2026 (1).xlsx,28622.0,67.0,0.23,1600.0,3133.0,0.0,940.0,38.0,2.81,SB,,,,,,,,,,,,,,,,
NIFTY,,24655.0,5.6,0.02,,,,1.12,,,,,,,,,,,,,,,,,,,,RESISTANCE,Resistance_25AUG26_Scan_4_8_2026 (1).xlsx,182716.0,-313.0,-0.17,24000.0,90785.0,-168.0,128183.0,835.0,2.73,SC,,,,,,,,,,,,,,,,
VMM,,112.44,1.03,0.92,,,,0.6,,,,,,,,,,,,,,,,,,,,RESISTANCE,Resistance_25AUG26_Scan_4_8_2026 (1).xlsx,9369.0,82.0,0.88,110.0,622.0,93.0,440.0,50.0,2.22,LB,,,,,,,,,,,,,,,,
POLICYBZR,,1635.0,2.4,0.15,,,,1.01,,,,,,,,,,,,,,,,,,,,RESISTANCE,Resistance_25AUG26_Scan_4_8_2026 (1).xlsx,26166.0,8.0,0.03,1600.0,836.0,6.0,807.0,-6.0,2.19,LB,,,,,,,,,,,,,,,,
UNITDSPR,,1531.8,0.7,0.05,,,,0.93,,,,,,,,,,,,,,,,,,,,RESISTANCE,Resistance_25AUG26_Scan_4_8_2026 (1).xlsx,19347.0,-43.0,-0.22,1500.0,890.0,0.0,882.0,-6.0,2.12,SC,,,,,,,,,,,,,,,,
JIOFIN,,265.3,1.85,0.7,,,,0.61,,,,,,,,,,,,,,,,,,,,RESISTANCE,Resistance_25AUG26_Scan_4_8_2026 (1).xlsx,78562.0,296.0,0.38,260.0,10550.0,46.0,1864.0,143.0,2.04,LB,,,,,,,,,,,,,,,,
HINDZINC,,560.2,10.85,1.98,,,,0.7,,,,,,,,,,,,,,,,,,,,RESISTANCE,Resistance_25AUG26_Scan_4_8_2026 (1).xlsx,24250.0,-26.0,-0.11,550.0,2638.0,-242.0,889.0,27.0,1.85,SC,,,,,,,,,,,,,,,,
MANAPPURAM,,366.15,1.35,0.37,,,,0.71,,,,,,,,,,,,,,,,,,,,RESISTANCE,Resistance_25AUG26_Scan_4_8_2026 (1).xlsx,20290.0,-22.0,-0.11,360.0,656.0,2.0,532.0,6.0,1.71,SC,,,,,,,,,,,,,,,,
BLUESTARCO,,1728.7,6.7,0.39,,,,0.92,,,,,,,,,,,,,,,,,,,,RESISTANCE,Resistance_25AUG26_Scan_4_8_2026 (1).xlsx,9679.0,79.0,0.82,1700.0,270.0,-2.0,130.0,1.0,1.69,LB,,,,,,,,,,,,,,,,
TVSMOTOR,,4372.8,27.4,0.63,,,,1.04,,,,,,,,,,,,,,,,,,,,RESISTANCE,Resistance_25AUG26_Scan_4_8_2026 (1).xlsx,53096.0,259.0,0.49,4300.0,2483.0,194.0,1266.0,121.0,1.69,LB,,,,,,,,,,,,,,,,
TATASTEEL,,192.85,2.48,1.3,,,,0.74,,,,,,,,,,,,,,,,,,,,RESISTANCE,Resistance_25AUG26_Scan_4_8_2026 (1).xlsx,61555.0,-112.0,-0.18,190.0,5075.0,-202.0,2356.0,93.0,1.5,SC,,,,,,,,,,,,,,,,
FINNIFTY,,26895.9,37.4,0.14,,,,1.02,,,,,,,,,,,,,,,,,,,,RESISTANCE,Resistance_25AUG26_Scan_4_8_2026 (1).xlsx,536.0,-1.0,-0.19,26500.0,547.0,2.0,482.0,0.0,1.49,SC,,,,,,,,,,,,,,,,
SUPREMEIND,,3551.0,13.5,0.38,,,,0.8,,,,,,,,,,,,,,,,,,,,RESISTANCE,Resistance_25AUG26_Scan_4_8_2026 (1).xlsx,13075.0,10.0,0.08,3500.0,906.0,-26.0,588.0,12.0,1.46,LB,,,,,,,,,,,,,,,,
SIEMENS,,3954.6,28.1,0.72,,,,0.7,,,,,,,,,,,,,,,,,,,,RESISTANCE,Resistance_25AUG26_Scan_4_8_2026 (1).xlsx,20232.0,67.0,0.33,3900.0,1265.0,33.0,323.0,123.0,1.4,LB,,,,,,,,,,,,,,,,
LAURUSLABS,,1820.9,10.0,0.55,,,,0.93,,,,,,,,,,,,,,,,,,,,RESISTANCE,Resistance_25AUG26_Scan_4_8_2026 (1).xlsx,19461.0,86.0,0.44,1800.0,1586.0,14.0,1025.0,5.0,1.16,LB,,,,,,,,,,,,,,,,
PETRONET,,282.9,0.25,0.09,,,,1.08,,,,,,,,,,,,,,,,,,,,RESISTANCE,Resistance_25AUG26_Scan_4_8_2026 (1).xlsx,16700.0,2.0,0.01,280.0,1170.0,2.0,899.0,8.0,1.04,LB,,,,,,,,,,,,,,,,
LICI,,393.75,-31.75,-7.46,,,,0.65,,,,,,,,,,,,,,,,,,,,RESISTANCE,Resistance_25AUG26_Scan_4_8_2026 (1).xlsx,20279.0,7347.0,56.81,390.0,1791.0,1787.0,1476.0,1005.0,0.96,SB,,,,,,,,,,,,,,,,
HINDALCO,,1009.45,12.55,1.26,,,,0.72,,,,,,,,,,,,,,,,,,,,RESISTANCE,Resistance_25AUG26_Scan_4_8_2026 (1).xlsx,75805.0,-6.0,-0.01,1000.0,4382.0,314.0,1142.0,115.0,0.95,SC,,,,,,,,,,,,,,,,
BAJAJ-AUTO,,11594.0,64.0,0.56,,,,1.59,,,,,,,,,,,,,,,,,,,,RESISTANCE,Resistance_25AUG26_Scan_4_8_2026 (1).xlsx,25458.0,105.0,0.41,11500.0,1951.0,-85.0,1451.0,88.0,0.82,LB,,,,,,,,,,,,,,,,
RELIANCE,,1309.9,-1.8,-0.14,,,,0.81,,,,,,,,,,,,,,,,,,,,RESISTANCE,Resistance_25AUG26_Scan_4_8_2026 (1).xlsx,204853.0,53.0,0.03,1300.0,16773.0,12.0,10611.0,34.0,0.76,SB,,,,,,,,,,,,,,,,
INDIGO,,5437.0,22.0,0.41,,,,0.84,,,,,,,,,,,,,,,,,,,,RESISTANCE,Resistance_25AUG26_Scan_4_8_2026 (1).xlsx,36654.0,62.0,0.17,5400.0,3636.0,6.0,1051.0,30.0,0.69,LB,,,,,,,,,,,,,,,,
ADANIGREEN,,1406.5,6.7,0.48,,,,0.61,,,,,,,,,,,,,,,,,,,,RESISTANCE,Resistance_25AUG26_Scan_4_8_2026 (1).xlsx,44292.0,-115.0,-0.26,1400.0,2244.0,-368.0,1621.0,-15.0,0.46,SC,,,,,,,,,,,,,,,,
ETERNAL,,311.35,1.35,0.44,,,,0.74,,,,,,,,,,,,,,,,,,,,RESISTANCE,Resistance_25AUG26_Scan_4_8_2026 (1).xlsx,63477.0,15.0,0.02,310.0,3113.0,41.0,1308.0,39.0,0.44,LB,,,,,,,,,,,,,,,,
LT,,4013.0,-5.6,-0.14,,,,0.84,,,,,,,,,,,,,,,,,,,,RESISTANCE,Resistance_25AUG26_Scan_4_8_2026 (1).xlsx,65716.0,34.0,0.05,4000.0,6237.0,96.0,3118.0,11.0,0.33,SB,,,,,,,,,,,,,,,,
ULTRACEMCO,,12000.0,-24.0,-0.2,,,,0.52,,,,,,,,,,,,,,,,,,,,RESISTANCE,Resistance_25AUG26_Scan_4_8_2026 (1).xlsx,32286.0,0.0,0.0,11960.0,2266.0,0.0,402.0,3.0,0.33,-,,,,,,,,,,,,,,,,
MOTHERSON,,155.49,0.89,0.58,,,,0.62,,,,,,,,,,,,,,,,,,,,RESISTANCE,Resistance_25AUG26_Scan_4_8_2026 (1).xlsx,20334.0,89.0,0.44,155.0,1852.0,-8.0,184.0,2.0,0.32,LB,,,,,,,,,,,,,,,,
DIVISLAB,,8426.0,27.0,0.32,,,,1.12,,,,,,,,,,,,,,,,,,,,RESISTANCE,Resistance_25AUG26_Scan_4_8_2026 (1).xlsx,34092.0,29.0,0.09,8400.0,2127.0,56.0,1268.0,53.0,0.31,LB,,,,,,,,,,,,,,,,
TIINDIA,,2803.2,54.4,1.98,,,,0.75,,,,,,,,,,,,,,,,,,,,RESISTANCE,Resistance_25AUG26_Scan_4_8_2026 (1).xlsx,11039.0,-12.0,-0.11,2800.0,436.0,25.0,0.0,,0.11,SC,,,,,,,,,,,,,,,,
HEROMOTOCO,,5501.5,75.0,1.38,,,,0.87,,,,,,,,,,,,,,,,,,,,RESISTANCE,Resistance_25AUG26_Scan_4_8_2026 (1).xlsx,31019.0,193.0,0.63,5500.0,1866.0,88.0,396.0,13.0,0.03,LB,,,,,,,,,,,,,,,,
IRFC,,90.03,-0.5,-0.55,,,,0.69,,,,,,,,,,,,,,,,,,,,RESISTANCE,Resistance_25AUG26_Scan_4_8_2026 (1).xlsx,15938.0,63.0,0.4,90.0,3374.0,103.0,2522.0,11.0,0.03,SB,,,,,,,,,,,,,,,,
MPHASIS,,2400.7,-21.8,-0.9,,,,0.83,,,,,,,,,,,,,,,,,,,,RESISTANCE,Resistance_25AUG26_Scan_4_8_2026 (1).xlsx,13908.0,28.0,0.2,2400.0,653.0,-53.0,340.0,-14.0,0.03,SB,,,,,,,,,,,,,,,,
M&M,,3400.0,-5.8,-0.17,,,,0.78,,,,,,,,,,,,,,,,,,,,RESISTANCE,Resistance_25AUG26_Scan_4_8_2026 (1).xlsx,61467.0,23.0,0.04,3400.0,4249.0,-25.0,2771.0,74.0,0.0,SB,,,,,,,,,,,,,,,,
FEDERALBNK,,359.85,-0.15,-0.04,,,,0.98,,,,,,,,,,,,,,,,,,,,RESISTANCE,Resistance_25AUG26_Scan_4_8_2026 (1).xlsx,34395.0,156.0,0.46,360.0,1464.0,343.0,938.0,86.0,-0.04,SB,,,,,,,,,,,,,,,,
ICICIBANK,,1449.3,2.1,0.15,,,,0.73,,,,,,,,,,,,,,,,,,,,RESISTANCE,Resistance_25AUG26_Scan_4_8_2026 (1).xlsx,149222.0,117.0,0.08,1450.0,5013.0,37.0,1775.0,61.0,-0.05,LB,,,,,,,,,,,,,,,,
INDHOTEL,,749.55,2.05,0.27,,,,0.67,,,,,,,,,,,,,,,,,,,,RESISTANCE,Resistance_25AUG26_Scan_4_8_2026 (1).xlsx,20805.0,45.0,0.22,750.0,893.0,2.0,360.0,2.0,-0.06,LB,,,,,,,,,,,,,,,,
AMBER,,7491.0,14.0,0.19,,,,1.14,,,,,,,,,,,,,,,,,,,,RESISTANCE,Resistance_25AUG26_Scan_4_8_2026 (1).xlsx,12357.0,-3.0,-0.02,7500.0,1706.0,2.0,980.0,-1.0,-0.12,SC,,,,,,,,,,,,,,,,
YESBANK,,22.97,0.06,0.26,,,,0.61,,,,,,,,,,,,,,,,,,,,RESISTANCE,Resistance_25AUG26_Scan_4_8_2026 (1).xlsx,37966.0,-15.0,-0.04,23.0,2221.0,11.0,2216.0,-17.0,-0.13,SC,,,,,,,,,,,,,,,,
BANKNIFTY,,57900.0,38.4,0.07,,,,0.89,,,,,,,,,,,,,,,,,,,,RESISTANCE,Resistance_25AUG26_Scan_4_8_2026 (1).xlsx,70020.0,29.0,0.04,58000.0,74680.0,742.0,52661.0,931.0,-0.17,LB,,,,,,,,,,,,,,,,
PGEL,,618.95,-4.2,-0.67,,,,0.94,,,,,,,,,,,,,,,,,,,,RESISTANCE,Resistance_25AUG26_Scan_4_8_2026 (1).xlsx,11222.0,23.0,0.21,620.0,999.0,3.0,461.0,10.0,-0.17,SB,,,,,,,,,,,,,,,,
MAZDOCK,,2395.0,5.4,0.23,,,,0.61,,,,,,,,,,,,,,,,,,,,RESISTANCE,Resistance_25AUG26_Scan_4_8_2026 (1).xlsx,22514.0,5.0,0.02,2400.0,1884.0,4.0,936.0,-4.0,-0.21,LB,,,,,,,,,,,,,,,,
NHPC,,79.81,0.36,0.45,,,,0.76,,,,,,,,,,,,,,,,,,,,RESISTANCE,Resistance_25AUG26_Scan_4_8_2026 (1).xlsx,17770.0,10.0,0.06,80.0,1274.0,65.0,411.0,0.0,-0.24,LB,,,,,,,,,,,,,,,,
AXISBANK,,1256.6,0.9,0.07,,,,0.73,,,,,,,,,,,,,,,,,,,,RESISTANCE,Resistance_25AUG26_Scan_4_8_2026 (1).xlsx,129598.0,218.0,0.17,1260.0,5521.0,-151.0,2877.0,111.0,-0.27,LB,,,,,,,,,,,,,,,,
ABCAPITAL,,423.65,2.25,0.53,,,,0.73,,,,,,,,,,,,,,,,,,,,RESISTANCE,Resistance_25AUG26_Scan_4_8_2026 (1).xlsx,11984.0,62.0,0.52,425.0,870.0,44.0,142.0,26.0,-0.32,LB,,,,,,,,,,,,,,,,
EICHERMOT,,7972.5,-10.0,-0.13,,,,1.02,,,,,,,,,,,,,,,,,,,,RESISTANCE,Resistance_25AUG26_Scan_4_8_2026 (1).xlsx,38164.0,39.0,0.1,8000.0,2401.0,98.0,778.0,2.0,-0.34,SB,,,,,,,,,,,,,,,,
CAMS,,796.85,-1.4,-0.18,,,,0.54,,,,,,,,,,,,,,,,,,,,RESISTANCE,Resistance_25AUG26_Scan_4_8_2026 (1).xlsx,8954.0,8.0,0.09,800.0,1111.0,139.0,445.0,-18.0,-0.39,SB,,,,,,,,,,,,,,,,
HAVELLS,,1293.9,9.9,0.77,,,,0.7,,,,,,,,,,,,,,,,,,,,RESISTANCE,Resistance_25AUG26_Scan_4_8_2026 (1).xlsx,18356.0,-14.0,-0.08,1300.0,785.0,-67.0,110.0,5.0,-0.47,SC,,,,,,,,,,,,,,,,
INDIANB,,845.5,0.1,0.01,,,,1.0,,,,,,,,,,,,,,,,,,,,RESISTANCE,Resistance_25AUG26_Scan_4_8_2026 (1).xlsx,12354.0,30.0,0.24,850.0,968.0,24.0,303.0,1.0,-0.53,LB,,,,,,,,,,,,,,,,
COALINDIA,,417.2,2.2,0.53,,,,0.69,,,,,,,,,,,,,,,,,,,,RESISTANCE,Resistance_25AUG26_Scan_4_8_2026 (1).xlsx,58544.0,-13.0,-0.02,420.0,3201.0,-1.0,1496.0,12.0,-0.67,SC,,,,,,,,,,,,,,,,
ITC,,288.0,0.55,0.19,,,,0.56,,,,,,,,,,,,,,,,,,,,RESISTANCE,Resistance_25AUG26_Scan_4_8_2026 (1).xlsx,91233.0,75.0,0.08,290.0,12437.0,64.0,3846.0,32.0,-0.69,LB,,,,,,,,,,,,,,,,
HDFCAMC,,2581.9,0.1,0.0,,,,0.82,,,,,,,,,,,,,,,,,,,,RESISTANCE,Resistance_25AUG26_Scan_4_8_2026 (1).xlsx,20198.0,38.0,0.19,2600.0,1144.0,45.0,690.0,2.0,-0.7,-,,,,,,,,,,,,,,,,
OBEROIRLTY,,1827.0,-9.6,-0.52,,,,0.52,,,,,,,,,,,,,,,,,,,,RESISTANCE,Resistance_25AUG26_Scan_4_8_2026 (1).xlsx,15552.0,49.0,0.32,1840.0,949.0,13.0,464.0,-2.0,-0.71,SB,,,,,,,,,,,,,,,,
KOTAKBANK,,397.1,1.95,0.49,,,,0.65,,,,,,,,,,,,,,,,,,,,RESISTANCE,Resistance_25AUG26_Scan_4_8_2026 (1).xlsx,87063.0,34.0,0.04,400.0,3413.0,-104.0,678.0,49.0,-0.73,LB,,,,,,,,,,,,,,,,
BAJAJFINSV,,2083.2,2.6,0.12,,,,0.87,,,,,,,,,,,,,,,,,,,,RESISTANCE,Resistance_25AUG26_Scan_4_8_2026 (1).xlsx,27303.0,27.0,0.1,2100.0,2865.0,-82.0,369.0,10.0,-0.8,LB,,,,,,,,,,,,,,,,
INOXWIND,,79.35,-0.38,-0.48,,,,0.64,,,,,,,,,,,,,,,,,,,,RESISTANCE,Resistance_25AUG26_Scan_4_8_2026 (1).xlsx,16450.0,24.0,0.15,80.0,1372.0,3.0,775.0,4.0,-0.81,SB,,,,,,,,,,,,,,,,
TMPV,,347.1,-1.0,-0.29,,,,0.78,,,,,,,,,,,,,,,,,,,,RESISTANCE,Resistance_25AUG26_Scan_4_8_2026 (1).xlsx,47080.0,101.0,0.21,350.0,2498.0,158.0,1224.0,17.0,-0.83,SB,,,,,,,,,,,,,,,,
BANKBARODA,,247.76,0.03,0.01,,,,0.98,,,,,,,,,,,,,,,,,,,,RESISTANCE,Resistance_25AUG26_Scan_4_8_2026 (1).xlsx,44179.0,43.0,0.1,250.0,3459.0,27.0,1449.0,14.0,-0.9,LB,,,,,,,,,,,,,,,,
VOLTAS,,1347.4,10.0,0.75,,,,1.11,,,,,,,,,,,,,,,,,,,,RESISTANCE,Resistance_25AUG26_Scan_4_8_2026 (1).xlsx,18708.0,8.0,0.04,1360.0,616.0,89.0,204.0,60.0,-0.93,LB,,,,,,,,,,,,,,,,
IEX,,128.75,0.74,0.58,,,,0.69,,,,,,,,,,,,,,,,,,,,RESISTANCE,Resistance_25AUG26_Scan_4_8_2026 (1).xlsx,16799.0,-58.0,-0.34,130.0,1890.0,218.0,580.0,-28.0,-0.96,SC,,,,,,,,,,,,,,,,
RADICO,,4456.2,17.7,0.4,,,,0.99,,,,,,,,,,,,,,,,,,,,RESISTANCE,Resistance_25AUG26_Scan_4_8_2026 (1).xlsx,5334.0,31.0,0.58,4500.0,554.0,-11.0,0.0,,-0.97,LB,,,,,,,,,,,,,,,,
HYUNDAI,,2178.4,1.7,0.08,,,,1.04,,,,,,,,,,,,,,,,,,,,RESISTANCE,Resistance_25AUG26_Scan_4_8_2026 (1).xlsx,14713.0,57.0,0.39,2200.0,1148.0,-47.0,637.0,-5.0,-0.98,LB,,,,,,,,,,,,,,,,
NESTLEIND,,1524.9,7.6,0.5,,,,0.59,,,,,,,,,,,,,,,,,,,,RESISTANCE,Resistance_25AUG26_Scan_4_8_2026 (1).xlsx,16812.0,101.0,0.6,1540.0,1239.0,-8.0,0.0,,-0.98,LB,,,,,,,,,,,,,,,,
SBIN,,1039.5,-2.2,-0.21,,,,0.93,,,,,,,,,,,,,,,,,,,,RESISTANCE,Resistance_25AUG26_Scan_4_8_2026 (1).xlsx,110090.0,302.0,0.28,1050.0,6851.0,238.0,3366.0,6.0,-1.0,SB,,,,,,,,,,,,,,,,
PNB,,113.7,-0.09,-0.08,,,,0.86,,,,,,,,,,,,,,,,,,,,RESISTANCE,Resistance_25AUG26_Scan_4_8_2026 (1).xlsx,36192.0,11.0,0.03,115.0,1540.0,58.0,370.0,1.0,-1.13,SB,,,,,,,,,,,,,,,,
TORNTPHARM,,5042.0,-4.0,-0.08,,,,0.57,,,,,,,,,,,,,,,,,,,,RESISTANCE,Resistance_25AUG26_Scan_4_8_2026 (1).xlsx,29856.0,11.0,0.04,5100.0,1441.0,17.0,409.0,7.0,-1.14,SB,,,,,,,,,,,,,,,,
ICICIPRULI,,513.6,-5.65,-1.09,,,,0.64,,,,,,,,,,,,,,,,,,,,RESISTANCE,Resistance_25AUG26_Scan_4_8_2026 (1).xlsx,19806.0,81.0,0.41,520.0,986.0,183.0,334.0,0.0,-1.23,SB,,,,,,,,,,,,,,,,
CANBK,,128.36,1.2,0.94,,,,0.78,,,,,,,,,,,,,,,,,,,,RESISTANCE,Resistance_25AUG26_Scan_4_8_2026 (1).xlsx,57931.0,5.0,0.01,130.0,2948.0,-58.0,1530.0,2.0,-1.26,LB,,,,,,,,,,,,,,,,
SENSEX,,78995.0,29.9,0.04,,,,1.49,,,,,,,,,,,,,,,,,,,,RESISTANCE,Resistance_25AUG26_Scan_4_8_2026 (1).xlsx,1931.0,22.0,1.15,80000.0,1184.0,-25.0,61.0,7.0,-1.26,LB,,,,,,,,,,,,,,,,
SHRIRAMFIN,,1086.0,5.6,0.52,,,,0.54,,,,,,,,,,,,,,,,,,,,RESISTANCE,Resistance_25AUG26_Scan_4_8_2026 (1).xlsx,31697.0,188.0,0.6,1100.0,2674.0,-33.0,490.0,10.0,-1.27,LB,,,,,,,,,,,,,,,,
GODREJPROP,,2073.2,-7.9,-0.38,,,,0.79,,,,,,,,,,,,,,,,,,,,RESISTANCE,Resistance_25AUG26_Scan_4_8_2026 (1).xlsx,23390.0,130.0,0.56,2100.0,873.0,-20.0,839.0,6.0,-1.28,SB,,,,,,,,,,,,,,,,
GRASIM,,3158.6,-11.5,-0.36,,,,0.67,,,,,,,,,,,,,,,,,,,,RESISTANCE,Resistance_25AUG26_Scan_4_8_2026 (1).xlsx,47294.0,20.0,0.04,3200.0,942.0,116.0,146.0,60.0,-1.29,SB,,,,,,,,,,,,,,,,
CHOLAFIN,,1874.5,2.5,0.13,,,,0.82,,,,,,,,,,,,,,,,,,,,RESISTANCE,Resistance_25AUG26_Scan_4_8_2026 (1).xlsx,21111.0,28.0,0.13,1900.0,852.0,9.0,203.0,-6.0,-1.34,LB,,,,,,,,,,,,,,,,
HINDPETRO,,394.6,-0.4,-0.1,,,,0.72,,,,,,,,,,,,,,,,,,,,RESISTANCE,Resistance_25AUG26_Scan_4_8_2026 (1).xlsx,22192.0,7.0,0.03,400.0,1993.0,-6.0,644.0,2.0,-1.35,SB,,,,,,,,,,,,,,,,
CGPOWER,,867.0,10.3,1.2,,,,0.52,,,,,,,,,,,,,,,,,,,,RESISTANCE,Resistance_25AUG26_Scan_4_8_2026 (1).xlsx,23834.0,-9.0,-0.04,880.0,1984.0,107.0,412.0,31.0,-1.48,SC,,,,,,,,,,,,,,,,
BPCL,,324.95,-1.65,-0.51,,,,0.7,,,,,,,,,,,,,,,,,,,,RESISTANCE,Resistance_25AUG26_Scan_4_8_2026 (1).xlsx,20470.0,-47.0,-0.23,330.0,923.0,15.0,282.0,5.0,-1.53,LU,,,,,,,,,,,,,,,,
CONCOR,,521.9,-0.4,-0.08,,,,0.73,,,,,,,,,,,,,,,,,,,,RESISTANCE,Resistance_25AUG26_Scan_4_8_2026 (1).xlsx,17147.0,4.0,0.02,530.0,613.0,6.0,153.0,0.0,-1.53,SB,,,,,,,,,,,,,,,,
APOLLOHOSP,,8848.5,28.0,0.32,,,,0.59,,,,,,,,,,,,,,,,,,,,RESISTANCE,Resistance_25AUG26_Scan_4_8_2026 (1).xlsx,15396.0,-15.0,-0.1,9000.0,1408.0,-3.0,362.0,-1.0,-1.68,SC,,,,,,,,,,,,,,,,
LTM,,4620.4,-53.5,-1.14,,,,0.75,,,,,,,,,,,,,,,,,,,,RESISTANCE,Resistance_25AUG26_Scan_4_8_2026 (1).xlsx,15102.0,127.0,0.85,4700.0,1113.0,-55.0,267.0,-55.0,-1.69,SB,,,,,,,,,,,,,,,,
SHREECEM,,26545.0,80.0,0.3,,,,0.94,,,,,,,,,,,,,,,,,,,,RESISTANCE,Resistance_25AUG26_Scan_4_8_2026 (1).xlsx,14712.0,19.0,0.13,27000.0,414.0,15.0,0.0,,-1.69,LB,,,,,,,,,,,,,,,,
PERSISTENT,,5504.0,-49.5,-0.89,,,,0.59,,,,,,,,,,,,,,,,,,,,RESISTANCE,Resistance_25AUG26_Scan_4_8_2026 (1).xlsx,28582.0,65.0,0.23,5600.0,3058.0,115.0,750.0,3.0,-1.71,SB,,,,,,,,,,,,,,,,
POWERGRID,,284.95,0.25,0.09,,,,0.87,,,,,,,,,,,,,,,,,,,,RESISTANCE,Resistance_25AUG26_Scan_4_8_2026 (1).xlsx,23789.0,62.0,0.26,290.0,2100.0,21.0,929.0,2.0,-1.74,LB,,,,,,,,,,,,,,,,
SUNPHARMA,,1965.0,10.3,0.53,,,,0.6,,,,,,,,,,,,,,,,,,,,RESISTANCE,Resistance_25AUG26_Scan_4_8_2026 (1).xlsx,39698.0,-18.0,-0.05,2000.0,4931.0,186.0,1005.0,25.0,-1.75,SC,,,,,,,,,,,,,,,,
GODFRYPHLP,,2357.0,130.8,5.88,,,,0.6,,,,,,,,,,,,,,,,,,,,RESISTANCE,Resistance_25AUG26_Scan_4_8_2026 (1).xlsx,6780.0,478.0,7.58,2400.0,1653.0,996.0,241.0,87.0,-1.79,LB,,,,,,,,,,,,,,,,
OIL,,451.7,-0.8,-0.18,,,,0.59,,,,,,,,,,,,,,,,,,,,RESISTANCE,Resistance_25AUG26_Scan_4_8_2026 (1).xlsx,11243.0,4.0,0.04,460.0,427.0,8.0,0.0,,-1.8,SB,,,,,,,,,,,,,,,,
BHARTIARTL,,1963.5,2.8,0.14,,,,0.66,,,,,,,,,,,,,,,,,,,,RESISTANCE,Resistance_25AUG26_Scan_4_8_2026 (1).xlsx,114889.0,75.0,0.07,2000.0,4375.0,15.0,677.0,4.0,-1.83,LB,,,,,,,,,,,,,,,,
SOLARINDS,,18645.0,20.0,0.11,,,,0.84,,,,,,,,,,,,,,,,,,,,RESISTANCE,Resistance_25AUG26_Scan_4_8_2026 (1).xlsx,16010.0,5.0,0.03,19000.0,661.0,2.0,299.0,0.0,-1.87,LB,,,,,,,,,,,,,,,,
NTPC,,348.3,0.25,0.07,,,,0.64,,,,,,,,,,,,,,,,,,,,RESISTANCE,Resistance_25AUG26_Scan_4_8_2026 (1).xlsx,65327.0,8.0,0.01,355.0,4126.0,12.0,186.0,7.0,-1.89,LB,,,,,,,,,,,,,,,,
TCS,,2449.2,-15.4,-0.62,,,,0.88,,,,,,,,,,,,,,,,,,,,RESISTANCE,Resistance_25AUG26_Scan_4_8_2026 (1).xlsx,139804.0,81.0,0.06,2500.0,8145.0,69.0,1375.0,27.0,-2.03,SB,,,,,,,,,,,,,,,,
NAUKRI,,1273.5,10.5,0.83,,,,0.57,,,,,,,,,,,,,,,,,,,,RESISTANCE,Resistance_25AUG26_Scan_4_8_2026 (1).xlsx,25580.0,77.0,0.3,1300.0,1009.0,-3.0,0.0,,-2.04,LB,,,,,,,,,,,,,,,,
IOC,,142.0,-0.37,-0.26,,,,0.83,,,,,,,,,,,,,,,,,,,,RESISTANCE,Resistance_25AUG26_Scan_4_8_2026 (1).xlsx,30803.0,6.0,0.02,145.0,1406.0,-39.0,441.0,-8.0,-2.07,SB,,,,,,,,,,,,,,,,
BOSCHLTD,,41105.0,0.0,0.0,,,,1.11,,,,,,,,,,,,,,,,,,,,RESISTANCE,Resistance_25AUG26_Scan_4_8_2026 (1).xlsx,8354.0,15.0,0.18,42000.0,512.0,20.0,0.0,,-2.13,-,,,,,,,,,,,,,,,,
BHEL,,410.85,1.15,0.28,,,,0.61,,,,,,,,,,,,,,,,,,,,RESISTANCE,Resistance_25AUG26_Scan_4_8_2026 (1).xlsx,30669.0,37.0,0.12,420.0,1577.0,-2.0,579.0,29.0,-2.18,LB,,,,,,,,,,,,,,,,
PNBHOUSING,,1075.9,-9.6,-0.88,,,,1.29,,,,,,,,,,,,,,,,,,,,RESISTANCE,Resistance_25AUG26_Scan_4_8_2026 (1).xlsx,11860.0,44.0,0.37,1100.0,757.0,-8.0,508.0,6.0,-2.19,SB,,,,,,,,,,,,,,,,
ADANIENSOL,,1661.0,10.3,0.62,,,,0.6,,,,,,,,,,,,,,,,,,,,RESISTANCE,Resistance_25AUG26_Scan_4_8_2026 (1).xlsx,28759.0,-22.0,-0.08,1700.0,1464.0,3.0,752.0,1.0,-2.29,SC,,,,,,,,,,,,,,,,
BRITANNIA,,5471.5,-9.5,-0.17,,,,0.64,,,,,,,,,,,,,,,,,,,,RESISTANCE,Resistance_25AUG26_Scan_4_8_2026 (1).xlsx,15329.0,60.0,0.39,5600.0,1431.0,15.0,0.0,,-2.29,SB,,,,,,,,,,,,,,,,
KEI,,5372.7,337.7,6.71,,,,0.58,,,,,,,,,,,,,,,,,,,,RESISTANCE,Resistance_25AUG26_Scan_4_8_2026 (1).xlsx,11323.0,146.0,1.31,5500.0,1205.0,403.0,27.0,17.0,-2.31,LB,,,,,,,,,,,,,,,,
HCLTECH,,1367.0,-3.6,-0.26,,,,0.75,,,,,,,,,,,,,,,,,,,,RESISTANCE,Resistance_25AUG26_Scan_4_8_2026 (1).xlsx,68270.0,46.0,0.07,1400.0,1780.0,64.0,348.0,1.0,-2.36,SB,,,,,,,,,,,,,,,,
SONACOMS,,781.0,2.75,0.35,,,,0.84,,,,,,,,,,,,,,,,,,,,RESISTANCE,Resistance_25AUG26_Scan_4_8_2026 (1).xlsx,8639.0,14.0,0.16,800.0,500.0,2.0,39.0,0.0,-2.38,LB,,,,,,,,,,,,,,,,
CIPLA,,1462.7,1.7,0.12,,,,0.69,,,,,,,,,,,,,,,,,,,,RESISTANCE,Resistance_25AUG26_Scan_4_8_2026 (1).xlsx,21095.0,11.0,0.05,1500.0,1951.0,10.0,293.0,0.0,-2.49,LB,,,,,,,,,,,,,,,,
MARICO,,877.5,-3.25,-0.37,,,,0.62,,,,,,,,,,,,,,,,,,,,RESISTANCE,Resistance_25AUG26_Scan_4_8_2026 (1).xlsx,13582.0,43.0,0.32,900.0,1196.0,93.0,158.0,0.0,-2.5,SB,,,,,,,,,,,,,,,,
GVT&D,,4387.0,68.8,1.59,,,,1.04,,,,,,,,,,,,,,,,,,,,RESISTANCE,Resistance_25AUG26_Scan_4_8_2026 (1).xlsx,22877.0,14.0,0.06,4500.0,1055.0,-39.0,0.0,,-2.51,LB,,,,,,,,,,,,,,,,
PIDILITIND,,1656.4,16.4,1.0,,,,0.74,,,,,,,,,,,,,,,,,,,,RESISTANCE,Resistance_25AUG26_Scan_4_8_2026 (1).xlsx,15479.0,16.0,0.1,1700.0,1027.0,-44.0,43.0,1.0,-2.56,LB,,,,,,,,,,,,,,,,
ASTRAL,,1460.0,7.5,0.52,,,,0.7,,,,,,,,,,,,,,,,,,,,RESISTANCE,Resistance_25AUG26_Scan_4_8_2026 (1).xlsx,16756.0,23.0,0.14,1500.0,808.0,67.0,334.0,3.0,-2.67,LB,,,,,,,,,,,,,,,,
AUROPHARMA,,1556.1,6.3,0.41,,,,0.63,,,,,,,,,,,,,,,,,,,,RESISTANCE,Resistance_25AUG26_Scan_4_8_2026 (1).xlsx,18347.0,13.0,0.07,1600.0,1441.0,12.0,178.0,-1.0,-2.74,LB,,,,,,,,,,,,,,,,
GMRAIRPORT,,106.97,1.04,0.98,,,,0.99,,,,,,,,,,,,,,,,,,,,RESISTANCE,Resistance_25AUG26_Scan_4_8_2026 (1).xlsx,18515.0,3.0,0.02,110.0,961.0,-10.0,0.0,,-2.75,LB,,,,,,,,,,,,,,,,
INDUSINDBK,,1020.7,3.8,0.37,,,,0.55,,,,,,,,,,,,,,,,,,,,RESISTANCE,Resistance_25AUG26_Scan_4_8_2026 (1).xlsx,48141.0,-32.0,-0.07,1050.0,1713.0,-1.0,0.0,,-2.79,SC,,,,,,,,,,,,,,,,
INFY,,1166.5,-12.9,-1.09,,,,0.96,,,,,,,,,,,,,,,,,,,,RESISTANCE,Resistance_25AUG26_Scan_4_8_2026 (1).xlsx,221433.0,599.0,0.27,1200.0,13514.0,-75.0,3506.0,-126.0,-2.79,SB,,,,,,,,,,,,,,,,
MOTILALOFS,,874.85,3.45,0.4,,,,0.65,,,,,,,,,,,,,,,,,,,,RESISTANCE,Resistance_25AUG26_Scan_4_8_2026 (1).xlsx,9069.0,-8.0,-0.09,900.0,703.0,-7.0,0.0,,-2.79,SC,,,,,,,,,,,,,,,,
GODREJCP,,1068.0,-9.6,-0.89,,,,0.53,,,,,,,,,,,,,,,,,,,,RESISTANCE,Resistance_25AUG26_Scan_4_8_2026 (1).xlsx,21891.0,188.0,0.87,1100.0,649.0,19.0,0.0,,-2.91,SB,,,,,,,,,,,,,,,,
ADANIPOWER,,213.52,0.75,0.35,,,,0.64,,,,,,,,,,,,,,,,,,,,RESISTANCE,Resistance_25AUG26_Scan_4_8_2026 (1).xlsx,43879.0,25.0,0.06,220.0,2290.0,13.0,1031.0,0.0,-2.95,LB,,,,,,,,,,,,,,,,
ASHOKLEY,,175.05,-0.09,-0.05,,,,1.0,,,,,,,,,,,,,,,,,,,,RESISTANCE,Resistance_25AUG26_Scan_4_8_2026 (2).xlsx,28939.0,76.0,0.26,170.0,1379.0,11.0,975.0,-10.0,2.97,SB,,,,,,,,,,,,,,,,
NIFTY,,24681.8,32.4,0.13,,,,1.12,,,,,,,,,,,,,,,,,,,,RESISTANCE,Resistance_25AUG26_Scan_4_8_2026 (2).xlsx,182667.0,-362.0,-0.2,24000.0,90573.0,-380.0,128191.0,843.0,2.84,SC,,,,,,,,,,,,,,,,
SENSEX,,79040.0,74.9,0.09,,,,1.51,,,,,,,,,,,,,,,,,,,,RESISTANCE,Resistance_25AUG26_Scan_4_8_2026 (2).xlsx,1941.0,32.0,1.68,77000.0,1481.0,0.0,1888.0,96.0,2.65,LB,,,,,,,,,,,,,,,,
VMM,,112.84,1.43,1.28,,,,0.6,,,,,,,,,,,,,,,,,,,,RESISTANCE,Resistance_25AUG26_Scan_4_8_2026 (2).xlsx,9457.0,170.0,1.83,110.0,568.0,39.0,426.0,36.0,2.58,LB,,,,,,,,,,,,,,,,
POLICYBZR,,1635.2,2.6,0.16,,,,1.02,,,,,,,,,,,,,,,,,,,,RESISTANCE,Resistance_25AUG26_Scan_4_8_2026 (2).xlsx,26176.0,18.0,0.07,1600.0,834.0,4.0,806.0,-7.0,2.2,LB,,,,,,,,,,,,,,,,
HINDZINC,,561.95,12.6,2.29,,,,0.71,,,,,,,,,,,,,,,,,,,,RESISTANCE,Resistance_25AUG26_Scan_4_8_2026 (2).xlsx,24122.0,-154.0,-0.63,550.0,2522.0,-358.0,942.0,80.0,2.17,SC,,,,,,,,,,,,,,,,
KALYANKJIL,,602.1,-5.4,-0.89,,,,1.05,,,,,,,,,,,,,,,,,,,,RESISTANCE,Resistance_25AUG26_Scan_4_8_2026 (2).xlsx,18233.0,741.0,4.24,590.0,1631.0,1322.0,747.0,421.0,2.05,SB,,,,,,,,,,,,,,,,
JIOFIN,,264.95,1.5,0.57,,,,0.61,,,,,,,,,,,,,,,,,,,,RESISTANCE,Resistance_25AUG26_Scan_4_8_2026 (2).xlsx,78617.0,351.0,0.45,260.0,10567.0,63.0,1871.0,150.0,1.9,LB,,,,,,,,,,,,,,,,
CAMS,,814.8,16.55,2.07,,,,0.55,,,,,,,,,,,,,,,,,,,,RESISTANCE,Resistance_25AUG26_Scan_4_8_2026 (2).xlsx,8893.0,-53.0,-0.59,800.0,995.0,23.0,426.0,-37.0,1.85,SC,,,,,,,,,,,,,,,,
TVSMOTOR,,4374.7,29.3,0.67,,,,1.04,,,,,,,,,,,,,,,,,,,,RESISTANCE,Resistance_25AUG26_Scan_4_8_2026 (2).xlsx,53200.0,363.0,0.69,4300.0,2487.0,198.0,1290.0,145.0,1.74,LB,,,,,,,,,,,,,,,,
SUPREMEIND,,3559.8,22.3,0.63,,,,0.83,,,,,,,,,,,,,,,,,,,,RESISTANCE,Resistance_25AUG26_Scan_4_8_2026 (2).xlsx,13024.0,-41.0,-0.31,3500.0,857.0,-75.0,597.0,21.0,1.71,SC,,,,,,,,,,,,,,,,
BPCL,,325.4,-1.2,-0.37,,,,0.68,,,,,,,,,,,,,,,,,,,,RESISTANCE,Resistance_25AUG26_Scan_4_8_2026 (2).xlsx,20462.0,-55.0,-0.27,320.0,879.0,16.0,424.0,14.0,1.69,LU,,,,,,,,,,,,,,,,
FINNIFTY,,26916.0,57.5,0.21,,,,0.99,,,,,,,,,,,,,,,,,,,,RESISTANCE,Resistance_25AUG26_Scan_4_8_2026 (2).xlsx,531.0,-6.0,-1.12,26500.0,520.0,-25.0,440.0,-42.0,1.57,SC,,,,,,,,,,,,,,,,
TATASTEEL,,192.98,2.61,1.37,,,,0.76,,,,,,,,,,,,,,,,,,,,RESISTANCE,Resistance_25AUG26_Scan_4_8_2026 (2).xlsx,61347.0,-320.0,-0.52,190.0,4872.0,-405.0,2510.0,247.0,1.57,SC,,,,,,,,,,,,,,,,
PETRONET,,283.4,0.75,0.27,,,,1.06,,,,,,,,,,,,,,,,,,,,RESISTANCE,Resistance_25AUG26_Scan_4_8_2026 (2).xlsx,16716.0,18.0,0.11,280.0,1171.0,3.0,895.0,4.0,1.21,LB,,,,,,,,,,,,,,,,
LT,,4047.9,29.3,0.73,,,,0.83,,,,,,,,,,,,,,,,,,,,RESISTANCE,Resistance_25AUG26_Scan_4_8_2026 (2).xlsx,65767.0,85.0,0.13,4000.0,6099.0,-42.0,3025.0,-82.0,1.2,LB,,,,,,,,,,,,,,,,
HINDALCO,,1011.0,14.1,1.41,,,,0.72,,,,,,,,,,,,,,,,,,,,RESISTANCE,Resistance_25AUG26_Scan_4_8_2026 (2).xlsx,75869.0,58.0,0.08,1000.0,4499.0,431.0,1278.0,251.0,1.1,LB,,,,,,,,,,,,,,,,
BLUESTARCO,,1717.7,-4.3,-0.25,,,,0.92,,,,,,,,,,,,,,,,,,,,RESISTANCE,Resistance_25AUG26_Scan_4_8_2026 (2).xlsx,9754.0,154.0,1.6,1700.0,263.0,-9.0,138.0,9.0,1.04,SB,,,,,,,,,,,,,,,,
LAURUSLABS,,1818.2,7.3,0.4,,,,0.94,,,,,,,,,,,,,,,,,,,,RESISTANCE,Resistance_25AUG26_Scan_4_8_2026 (2).xlsx,19488.0,113.0,0.58,1800.0,1593.0,21.0,1028.0,8.0,1.01,LB,,,,,,,,,,,,,,,,
SIEMENS,,4036.3,109.8,2.8,,,,0.76,,,,,,,,,,,,,,,,,,,,RESISTANCE,Resistance_25AUG26_Scan_4_8_2026 (2).xlsx,20362.0,197.0,0.98,4000.0,1179.0,369.0,344.0,293.0,0.91,LB,,,,,,,,,,,,,,,,
BAJAJ-AUTO,,11599.0,69.0,0.6,,,,1.57,,,,,,,,,,,,,,,,,,,,RESISTANCE,Resistance_25AUG26_Scan_4_8_2026 (2).xlsx,25487.0,134.0,0.53,11500.0,1965.0,-71.0,1439.0,76.0,0.86,LB,,,,,,,,,,,,,,,,
HEROMOTOCO,,5544.0,117.5,2.17,,,,0.92,,,,,,,,,,,,,,,,,,,,RESISTANCE,Resistance_25AUG26_Scan_4_8_2026 (2).xlsx,31281.0,455.0,1.48,5500.0,1689.0,-89.0,689.0,306.0,0.8,LB,,,,,,,,,,,,,,,,
ADANIGREEN,,1411.0,11.2,0.8,,,,0.61,,,,,,,,,,,,,,,,,,,,RESISTANCE,Resistance_25AUG26_Scan_4_8_2026 (2).xlsx,44215.0,-192.0,-0.43,1400.0,2374.0,-238.0,1623.0,-13.0,0.79,SC,,,,,,,,,,,,,,,,
M&M,,3426.8,21.0,0.62,,,,0.79,,,,,,,,,,,,,,,,,,,,RESISTANCE,Resistance_25AUG26_Scan_4_8_2026 (2).xlsx,61627.0,183.0,0.3,3400.0,4132.0,-142.0,2861.0,164.0,0.79,LB,,,,,,,,,,,,,,,,
RELIANCE,,1309.5,-2.2,-0.17,,,,0.8,,,,,,,,,,,,,,,,,,,,RESISTANCE,Resistance_25AUG26_Scan_4_8_2026 (2).xlsx,205039.0,239.0,0.12,1300.0,16810.0,49.0,10513.0,-64.0,0.73,SB,,,,,,,,,,,,,,,,
ETERNAL,,312.0,2.0,0.65,,,,0.74,,,,,,,,,,,,,,,,,,,,RESISTANCE,Resistance_25AUG26_Scan_4_8_2026 (2).xlsx,63528.0,66.0,0.1,310.0,3088.0,16.0,1360.0,91.0,0.65,LB,,,,,,,,,,,,,,,,
VOLTAS,,1348.2,10.8,0.81,,,,1.12,,,,,,,,,,,,,,,,,,,,RESISTANCE,Resistance_25AUG26_Scan_4_8_2026 (2).xlsx,18798.0,98.0,0.52,1340.0,669.0,124.0,220.0,37.0,0.61,LB,,,,,,,,,,,,,,,,
ULTRACEMCO,,12023.0,-1.0,-0.01,,,,0.52,,,,,,,,,,,,,,,,,,,,RESISTANCE,Resistance_25AUG26_Scan_4_8_2026 (2).xlsx,32282.0,-4.0,-0.01,11960.0,2266.0,0.0,402.0,3.0,0.53,LU,,,,,,,,,,,,,,,,
INDIGO,,5424.5,9.5,0.18,,,,0.83,,,,,,,,,,,,,,,,,,,,RESISTANCE,Resistance_25AUG26_Scan_4_8_2026 (2).xlsx,36663.0,71.0,0.19,5400.0,3687.0,57.0,1071.0,50.0,0.45,LB,,,,,,,,,,,,,,,,
KAYNES,,3816.2,-3.0,-0.08,,,,0.69,,,,,,,,,,,,,,,,,,,,RESISTANCE,Resistance_25AUG26_Scan_4_8_2026 (2).xlsx,26859.0,99.0,0.37,3800.0,1770.0,261.0,585.0,2.0,0.43,SB,,,,,,,,,,,,,,,,
INOXWIND,,80.31,0.58,0.73,,,,0.65,,,,,,,,,,,,,,,,,,,,RESISTANCE,Resistance_25AUG26_Scan_4_8_2026 (2).xlsx,16458.0,32.0,0.19,80.0,1369.0,0.0,775.0,4.0,0.39,LB,,,,,,,,,,,,,,,,
ICICIBANK,,1455.5,8.3,0.57,,,,0.73,,,,,,,,,,,,,,,,,,,,RESISTANCE,Resistance_25AUG26_Scan_4_8_2026 (2).xlsx,149447.0,342.0,0.23,1450.0,5007.0,31.0,1823.0,109.0,0.38,LB,,,,,,,,,,,,,,,,
NHPC,,80.28,0.83,1.04,,,,0.77,,,,,,,,,,,,,,,,,,,,RESISTANCE,Resistance_25AUG26_Scan_4_8_2026 (2).xlsx,17744.0,-16.0,-0.09,80.0,1217.0,8.0,422.0,11.0,0.35,SC,,,,,,,,,,,,,,,,
PGEL,,621.75,-1.4,-0.22,,,,0.95,,,,,,,,,,,,,,,,,,,,RESISTANCE,Resistance_25AUG26_Scan_4_8_2026 (2).xlsx,11227.0,28.0,0.25,620.0,1002.0,6.0,467.0,16.0,0.28,SB,,,,,,,,,,,,,,,,
BAJAJFINSV,,2084.7,4.1,0.2,,,,0.88,,,,,,,,,,,,,,,,,,,,RESISTANCE,Resistance_25AUG26_Scan_4_8_2026 (2).xlsx,27281.0,5.0,0.02,2080.0,2576.0,65.0,775.0,30.0,0.23,LB,,,,,,,,,,,,,,,,
IRFC,,90.2,-0.33,-0.36,,,,0.69,,,,,,,,,,,,,,,,,,,,RESISTANCE,Resistance_25AUG26_Scan_4_8_2026 (2).xlsx,15965.0,90.0,0.57,90.0,3458.0,187.0,2561.0,50.0,0.22,SB,,,,,,,,,,,,,,,,
MANAPPURAM,,360.8,-4.0,-1.1,,,,0.71,,,,,,,,,,,,,,,,,,,,RESISTANCE,Resistance_25AUG26_Scan_4_8_2026 (2).xlsx,20311.0,-1.0,0.0,360.0,656.0,2.0,525.0,-1.0,0.22,-,,,,,,,,,,,,,,,,
MAZDOCK,,2404.0,14.4,0.6,,,,0.6,,,,,,,,,,,,,,,,,,,,RESISTANCE,Resistance_25AUG26_Scan_4_8_2026 (2).xlsx,22511.0,2.0,0.01,2400.0,1918.0,38.0,933.0,-7.0,0.17,LB,,,,,,,,,,,,,,,,
TATACONSUM,,1101.2,1.6,0.15,,,,0.62,,,,,,,,,,,,,,,,,,,,RESISTANCE,Resistance_25AUG26_Scan_4_8_2026 (2).xlsx,28610.0,106.0,0.37,1100.0,1237.0,72.0,887.0,14.0,0.11,LB,,,,,,,,,,,,,,,,
YESBANK,,23.01,0.1,0.44,,,,0.61,,,,,,,,,,,,,,,,,,,,RESISTANCE,Resistance_25AUG26_Scan_4_8_2026 (2).xlsx,37899.0,-82.0,-0.22,23.0,2228.0,18.0,2252.0,19.0,0.04,SC,,,,,,,,,,,,,,,,
FEDERALBNK,,359.95,-0.05,-0.01,,,,0.97,,,,,,,,,,,,,,,,,,,,RESISTANCE,Resistance_25AUG26_Scan_4_8_2026 (2).xlsx,34382.0,143.0,0.42,360.0,1445.0,324.0,943.0,91.0,-0.01,SB,,,,,,,,,,,,,,,,
BANKNIFTY,,57990.0,128.4,0.22,,,,0.88,,,,,,,,,,,,,,,,,,,,RESISTANCE,Resistance_25AUG26_Scan_4_8_2026 (2).xlsx,69951.0,-40.0,-0.06,58000.0,74694.0,756.0,52925.0,1195.0,-0.02,SC,,,,,,,,,,,,,,,,
EICHERMOT,,7998.5,16.0,0.2,,,,1.02,,,,,,,,,,,,,,,,,,,,RESISTANCE,Resistance_25AUG26_Scan_4_8_2026 (2).xlsx,38239.0,114.0,0.3,8000.0,2461.0,158.0,754.0,-22.0,-0.02,LB,,,,,,,,,,,,,,,,
MPHASIS,,2398.7,-23.8,-0.98,,,,0.82,,,,,,,,,,,,,,,,,,,,RESISTANCE,Resistance_25AUG26_Scan_4_8_2026 (2).xlsx,13917.0,37.0,0.27,2400.0,660.0,-46.0,327.0,-27.0,-0.05,SB,,,,,,,,,,,,,,,,
INDIANB,,848.35,2.95,0.35,,,,1.04,,,,,,,,,,,,,,,,,,,,RESISTANCE,Resistance_25AUG26_Scan_4_8_2026 (2).xlsx,12352.0,28.0,0.23,850.0,951.0,7.0,303.0,1.0,-0.19,LB,,,,,,,,,,,,,,,,
AXISBANK,,1257.4,1.7,0.14,,,,0.72,,,,,,,,,,,,,,,,,,,,RESISTANCE,Resistance_25AUG26_Scan_4_8_2026 (2).xlsx,129613.0,233.0,0.18,1260.0,5543.0,-129.0,2847.0,81.0,-0.21,LB,,,,,,,,,,,,,,,,
INDHOTEL,,748.05,0.55,0.07,,,,0.67,,,,,,,,,,,,,,,,,,,,RESISTANCE,Resistance_25AUG26_Scan_4_8_2026 (2).xlsx,20825.0,65.0,0.31,750.0,892.0,1.0,364.0,6.0,-0.26,LB,,,,,,,,,,,,,,,,
AMBER,,7474.5,-2.5,-0.03,,,,1.18,,,,,,,,,,,,,,,,,,,,RESISTANCE,Resistance_25AUG26_Scan_4_8_2026 (2).xlsx,12390.0,30.0,0.24,7500.0,1868.0,164.0,1023.0,42.0,-0.34,SB,,,,,,,,,,,,,,,,
BANKBARODA,,249.12,1.39,0.56,,,,0.98,,,,,,,,,,,,,,,,,,,,RESISTANCE,Resistance_25AUG26_Scan_4_8_2026 (2).xlsx,44235.0,99.0,0.22,250.0,3462.0,30.0,1461.0,26.0,-0.35,LB,,,,,,,,,,,,,,,,
TMPV,,348.7,0.6,0.17,,,,0.77,,,,,,,,,,,,,,,,,,,,RESISTANCE,Resistance_25AUG26_Scan_4_8_2026 (2).xlsx,46972.0,-7.0,-0.01,350.0,2505.0,165.0,1219.0,12.0,-0.37,SC,,,,,,,,,,,,,,,,
HYUNDAI,,2191.0,14.3,0.66,,,,1.06,,,,,,,,,,,,,,,,,,,,RESISTANCE,Resistance_25AUG26_Scan_4_8_2026 (2).xlsx,14719.0,63.0,0.43,2200.0,1110.0,-85.0,621.0,-21.0,-0.41,LB,,,,,,,,,,,,,,,,
HAVELLS,,1294.5,10.5,0.82,,,,0.67,,,,,,,,,,,,,,,,,,,,RESISTANCE,Resistance_25AUG26_Scan_4_8_2026 (2).xlsx,18362.0,-8.0,-0.04,1300.0,793.0,-59.0,133.0,28.0,-0.42,SC,,,,,,,,,,,,,,,,
MOTHERSON,,154.3,-0.3,-0.19,,,,0.62,,,,,,,,,,,,,,,,,,,,RESISTANCE,Resistance_25AUG26_Scan_4_8_2026 (2).xlsx,20380.0,135.0,0.67,155.0,1941.0,81.0,198.0,16.0,-0.45,SB,,,,,,,,,,,,,,,,
TRENT,,3085.7,32.3,1.06,,,,0.75,,,,,,,,,,,,,,,,,,,,RESISTANCE,Resistance_25AUG26_Scan_4_8_2026 (2).xlsx,47307.0,-80.0,-0.17,3100.0,2119.0,773.0,453.0,216.0,-0.46,SC,,,,,,,,,,,,,,,,
HDFCAMC,,2587.3,5.5,0.21,,,,0.8,,,,,,,,,,,,,,,,,,,,RESISTANCE,Resistance_25AUG26_Scan_4_8_2026 (2).xlsx,20222.0,62.0,0.31,2600.0,1175.0,76.0,689.0,1.0,-0.49,LB,,,,,,,,,,,,,,,,
CGPOWER,,875.6,18.9,2.21,,,,0.54,,,,,,,,,,,,,,,,,,,,RESISTANCE,Resistance_25AUG26_Scan_4_8_2026 (2).xlsx,23934.0,91.0,0.38,880.0,2058.0,181.0,451.0,70.0,-0.5,LB,,,,,,,,,,,,,,,,
IEX,,129.32,1.31,1.02,,,,0.7,,,,,,,,,,,,,,,,,,,,RESISTANCE,Resistance_25AUG26_Scan_4_8_2026 (2).xlsx,16759.0,-98.0,-0.58,130.0,1913.0,241.0,596.0,-12.0,-0.52,SC,,,,,,,,,,,,,,,,
KOTAKBANK,,397.9,2.75,0.7,,,,0.66,,,,,,,,,,,,,,,,,,,,RESISTANCE,Resistance_25AUG26_Scan_4_8_2026 (2).xlsx,87133.0,104.0,0.12,400.0,3377.0,-140.0,685.0,56.0,-0.53,LB,,,,,,,,,,,,,,,,
NESTLEIND,,1530.2,12.9,0.85,,,,0.59,,,,,,,,,,,,,,,,,,,,RESISTANCE,Resistance_25AUG26_Scan_4_8_2026 (2).xlsx,16888.0,177.0,1.06,1540.0,1231.0,-16.0,0.0,,-0.64,LB,,,,,,,,,,,,,,,,
OBEROIRLTY,,1828.0,-8.6,-0.47,,,,0.52,,,,,,,,,,,,,,,,,,,,RESISTANCE,Resistance_25AUG26_Scan_4_8_2026 (2).xlsx,15566.0,63.0,0.41,1840.0,968.0,32.0,470.0,4.0,-0.65,SB,,,,,,,,,,,,,,,,
SOLARINDS,,18863.0,238.0,1.28,,,,0.84,,,,,,,,,,,,,,,,,,,,RESISTANCE,Resistance_25AUG26_Scan_4_8_2026 (2).xlsx,15946.0,-59.0,-0.37,19000.0,691.0,32.0,299.0,0.0,-0.72,SC,,,,,,,,,,,,,,,,
SBIN,,1042.3,0.6,0.06,,,,0.94,,,,,,,,,,,,,,,,,,,,RESISTANCE,Resistance_25AUG26_Scan_4_8_2026 (2).xlsx,110675.0,887.0,0.81,1050.0,6939.0,326.0,3448.0,88.0,-0.73,LB,,,,,,,,,,,,,,,,
DIVISLAB,,8335.0,-64.0,-0.76,,,,1.08,,,,,,,,,,,,,,,,,,,,RESISTANCE,Resistance_25AUG26_Scan_4_8_2026 (2).xlsx,34151.0,88.0,0.26,8400.0,2251.0,180.0,1205.0,-10.0,-0.77,SB,,,,,,,,,,,,,,,,
ITC,,287.7,0.25,0.09,,,,0.56,,,,,,,,,,,,,,,,,,,,RESISTANCE,Resistance_25AUG26_Scan_4_8_2026 (2).xlsx,91224.0,66.0,0.07,290.0,12493.0,120.0,3893.0,79.0,-0.79,LB,,,,,,,,,,,,,,,,
UNITDSPR,,1547.3,16.2,1.06,,,,0.88,,,,,,,,,,,,,,,,,,,,RESISTANCE,Resistance_25AUG26_Scan_4_8_2026 (2).xlsx,19443.0,53.0,0.27,1560.0,863.0,295.0,67.0,0.0,-0.81,LB,,,,,,,,,,,,,,,,
ABCAPITAL,,421.5,0.1,0.02,,,,0.74,,,,,,,,,,,,,,,,,,,,RESISTANCE,Resistance_25AUG26_Scan_4_8_2026 (2).xlsx,12012.0,90.0,0.75,425.0,873.0,47.0,138.0,22.0,-0.82,LB,,,,,,,,,,,,,,,,
TIINDIA,,2775.3,26.5,0.96,,,,0.67,,,,,,,,,,,,,,,,,,,,RESISTANCE,Resistance_25AUG26_Scan_4_8_2026 (2).xlsx,11200.0,149.0,1.35,2800.0,543.0,132.0,179.0,3.0,-0.88,LB,,,,,,,,,,,,,,,,
TORNTPHARM,,5051.5,5.5,0.11,,,,0.57,,,,,,,,,,,,,,,,,,,,RESISTANCE,Resistance_25AUG26_Scan_4_8_2026 (2).xlsx,29857.0,12.0,0.04,5100.0,1469.0,45.0,409.0,7.0,-0.95,LB,,,,,,,,,,,,,,,,
ICICIPRULI,,514.95,-4.3,-0.83,,,,0.63,,,,,,,,,,,,,,,,,,,,RESISTANCE,Resistance_25AUG26_Scan_4_8_2026 (2).xlsx,19811.0,86.0,0.44,520.0,1022.0,219.0,335.0,1.0,-0.97,SB,,,,,,,,,,,,,,,,
RADICO,,4454.9,16.4,0.37,,,,1.0,,,,,,,,,,,,,,,,,,,,RESISTANCE,Resistance_25AUG26_Scan_4_8_2026 (2).xlsx,5376.0,73.0,1.38,4500.0,546.0,-19.0,0.0,,-1.0,LB,,,,,,,,,,,,,,,,
PNB,,113.84,0.05,0.04,,,,0.85,,,,,,,,,,,,,,,,,,,,RESISTANCE,Resistance_25AUG26_Scan_4_8_2026 (2).xlsx,36208.0,27.0,0.07,115.0,1566.0,84.0,371.0,2.0,-1.01,LB,,,,,,,,,,,,,,,,
GODREJPROP,,2077.1,-4.0,-0.19,,,,0.78,,,,,,,,,,,,,,,,,,,,RESISTANCE,Resistance_25AUG26_Scan_4_8_2026 (2).xlsx,23403.0,143.0,0.61,2100.0,914.0,21.0,824.0,-9.0,-1.09,SB,,,,,,,,,,,,,,,,
CANBK,,128.54,1.38,1.09,,,,0.78,,,,,,,,,,,,,,,,,,,,RESISTANCE,Resistance_25AUG26_Scan_4_8_2026 (2).xlsx,57951.0,25.0,0.04,130.0,2931.0,-75.0,1522.0,-6.0,-1.12,LB,,,,,,,,,,,,,,,,
CONCOR,,523.95,1.65,0.32,,,,0.72,,,,,,,,,,,,,,,,,,,,RESISTANCE,Resistance_25AUG26_Scan_4_8_2026 (2).xlsx,17139.0,-4.0,-0.02,530.0,615.0,8.0,152.0,-1.0,-1.14,SC,,,,,,,,,,,,,,,,
HINDPETRO,,395.4,0.4,0.1,,,,0.72,,,,,,,,,,,,,,,,,,,,RESISTANCE,Resistance_25AUG26_Scan_4_8_2026 (2).xlsx,22174.0,-11.0,-0.05,400.0,1985.0,-14.0,643.0,1.0,-1.15,SC,,,,,,,,,,,,,,,,
BOSCHLTD,,41510.0,405.0,0.99,,,,1.13,,,,,,,,,,,,,,,,,,,,RESISTANCE,Resistance_25AUG26_Scan_4_8_2026 (2).xlsx,8348.0,9.0,0.11,42000.0,477.0,-15.0,206.0,-1.0,-1.17,LB,,,,,,,,,,,,,,,,
SHRIRAMFIN,,1084.9,4.5,0.42,,,,0.54,,,,,,,,,,,,,,,,,,,,RESISTANCE,Resistance_25AUG26_Scan_4_8_2026 (2).xlsx,31744.0,235.0,0.75,1100.0,2722.0,15.0,517.0,37.0,-1.37,LB,,,,,,,,,,,,,,,,
CHOLAFIN,,1873.8,1.8,0.1,,,,0.83,,,,,,,,,,,,,,,,,,,,RESISTANCE,Resistance_25AUG26_Scan_4_8_2026 (2).xlsx,21131.0,48.0,0.23,1900.0,832.0,-11.0,201.0,-8.0,-1.38,LB,,,,,,,,,,,,,,,,
GRASIM,,3152.0,-18.1,-0.57,,,,0.63,,,,,,,,,,,,,,,,,,,,RESISTANCE,Resistance_25AUG26_Scan_4_8_2026 (2).xlsx,47323.0,49.0,0.1,3200.0,1061.0,235.0,145.0,59.0,-1.5,SB,,,,,,,,,,,,,,,,
LICI,,393.9,-31.6,-7.43,,,,0.65,,,,,,,,,,,,,,,,,,,,RESISTANCE,Resistance_25AUG26_Scan_4_8_2026 (2).xlsx,22265.0,9333.0,72.17,400.0,2133.0,2046.0,1917.0,478.0,-1.53,SB,,,,,,,,,,,,,,,,
BHEL,,413.5,3.8,0.93,,,,0.63,,,,,,,,,,,,,,,,,,,,RESISTANCE,Resistance_25AUG26_Scan_4_8_2026 (2).xlsx,30685.0,53.0,0.17,420.0,1572.0,-7.0,608.0,58.0,-1.55,LB,,,,,,,,,,,,,,,,
SHREECEM,,26570.0,105.0,0.4,,,,0.97,,,,,,,,,,,,,,,,,,,,RESISTANCE,Resistance_25AUG26_Scan_4_8_2026 (2).xlsx,14718.0,25.0,0.17,27000.0,396.0,-3.0,0.0,,-1.59,LB,,,,,,,,,,,,,,,,
LTM,,4625.0,-48.9,-1.05,,,,0.75,,,,,,,,,,,,,,,,,,,,RESISTANCE,Resistance_25AUG26_Scan_4_8_2026 (2).xlsx,15121.0,146.0,0.97,4700.0,1099.0,-69.0,268.0,-54.0,-1.6,SB,,,,,,,,,,,,,,,,
OIL,,452.3,-0.2,-0.04,,,,0.58,,,,,,,,,,,,,,,,,,,,RESISTANCE,Resistance_25AUG26_Scan_4_8_2026 (2).xlsx,11240.0,1.0,0.01,460.0,437.0,18.0,0.0,,-1.67,SB,,,,,,,,,,,,,,,,
APOLLOHOSP,,8847.0,26.5,0.3,,,,0.59,,,,,,,,,,,,,,,,,,,,RESISTANCE,Resistance_25AUG26_Scan_4_8_2026 (2).xlsx,15421.0,10.0,0.06,9000.0,1433.0,22.0,365.0,2.0,-1.7,LB,,,,,,,,,,,,,,,,
PERSISTENT,,5503.5,-50.0,-0.9,,,,0.6,,,,,,,,,,,,,,,,,,,,RESISTANCE,Resistance_25AUG26_Scan_4_8_2026 (2).xlsx,28581.0,64.0,0.22,5600.0,3140.0,197.0,748.0,1.0,-1.72,SB,,,,,,,,,,,,,,,,
POWERGRID,,285.0,0.3,0.11,,,,0.85,,,,,,,,,,,,,,,,,,,,RESISTANCE,Resistance_25AUG26_Scan_4_8_2026 (2).xlsx,23813.0,86.0,0.36,290.0,2113.0,34.0,927.0,0.0,-1.72,LB,,,,,,,,,,,,,,,,
BHARTIARTL,,1965.1,4.4,0.22,,,,0.65,,,,,,,,,,,,,,,,,,,,RESISTANCE,Resistance_25AUG26_Scan_4_8_2026 (2).xlsx,114886.0,72.0,0.06,2000.0,4382.0,22.0,685.0,12.0,-1.75,LB,,,,,,,,,,,,,,,,
TCS,,2453.6,-11.0,-0.45,,,,0.88,,,,,,,,,,,,,,,,,,,,RESISTANCE,Resistance_25AUG26_Scan_4_8_2026 (2).xlsx,139810.0,87.0,0.06,2500.0,8179.0,103.0,1414.0,66.0,-1.86,SB,,,,,,,,,,,,,,,,
NTPC,,348.3,0.25,0.07,,,,0.64,,,,,,,,,,,,,,,,,,,,RESISTANCE,Resistance_25AUG26_Scan_4_8_2026 (2).xlsx,65320.0,1.0,0.0,355.0,4128.0,14.0,192.0,13.0,-1.89,-,,,,,,,,,,,,,,,,
GODREJCP,,1077.1,-0.5,-0.05,,,,0.54,,,,,,,,,,,,,,,,,,,,RESISTANCE,Resistance_25AUG26_Scan_4_8_2026 (2).xlsx,21936.0,233.0,1.07,1100.0,636.0,6.0,0.0,,-2.08,SB,,,,,,,,,,,,,,,,
SUNPHARMA,,1958.2,3.5,0.18,,,,0.59,,,,,,,,,,,,,,,,,,,,RESISTANCE,Resistance_25AUG26_Scan_4_8_2026 (2).xlsx,39708.0,-8.0,-0.02,2000.0,5007.0,262.0,1001.0,21.0,-2.09,SC,,,,,,,,,,,,,,,,
ADANIENSOL,,1662.7,12.0,0.73,,,,0.59,,,,,,,,,,,,,,,,,,,,RESISTANCE,Resistance_25AUG26_Scan_4_8_2026 (2).xlsx,28737.0,-44.0,-0.15,1700.0,1459.0,-2.0,724.0,-27.0,-2.19,SC,,,,,,,,,,,,,,,,
GVT&D,,4401.2,83.0,1.92,,,,1.06,,,,,,,,,,,,,,,,,,,,RESISTANCE,Resistance_25AUG26_Scan_4_8_2026 (2).xlsx,22902.0,39.0,0.17,4500.0,996.0,-98.0,0.0,,-2.2,LB,,,,,,,,,,,,,,,,
NAUKRI,,1270.4,7.4,0.59,,,,0.58,,,,,,,,,,,,,,,,,,,,RESISTANCE,Resistance_25AUG26_Scan_4_8_2026 (2).xlsx,25628.0,125.0,0.49,1300.0,1006.0,-6.0,0.0,,-2.28,LB,,,,,,,,,,,,,,,,
BRITANNIA,,5472.0,-9.0,-0.16,,,,0.65,,,,,,,,,,,,,,,,,,,,RESISTANCE,Resistance_25AUG26_Scan_4_8_2026 (2).xlsx,15358.0,89.0,0.58,5600.0,1429.0,13.0,0.0,,-2.29,SB,,,,,,,,,,,,,,,,
PIDILITIND,,1660.7,20.7,1.26,,,,0.75,,,,,,,,,,,,,,,,,,,,RESISTANCE,Resistance_25AUG26_Scan_4_8_2026 (2).xlsx,15505.0,42.0,0.27,1700.0,1061.0,-10.0,50.0,8.0,-2.31,LB,,,,,,,,,,,,,,,,
BSE,,3614.0,42.6,1.19,,,,0.65,,,,,,,,,,,,,,,,,,,,RESISTANCE,Resistance_25AUG26_Scan_4_8_2026 (2).xlsx,42288.0,233.0,0.55,3700.0,6515.0,83.0,2200.0,39.0,-2.32,LB,,,,,,,,,,,,,,,,
IREDA,,117.21,-5.12,-4.19,,,,0.74,,,,,,,,,,,,,,,,,,,,RESISTANCE,Resistance_25AUG26_Scan_4_8_2026 (2).xlsx,15203.0,1412.0,10.24,120.0,1427.0,487.0,921.0,-31.0,-2.33,SB,,,,,,,,,,,,,,,,
KEI,,5371.6,336.6,6.69,,,,0.58,,,,,,,,,,,,,,,,,,,,RESISTANCE,Resistance_25AUG26_Scan_4_8_2026 (2).xlsx,11184.0,7.0,0.06,5500.0,1461.0,659.0,46.0,36.0,-2.33,LB,,,,,,,,,,,,,,,,
HCLTECH,,1367.0,-3.6,-0.26,,,,0.74,,,,,,,,,,,,,,,,,,,,RESISTANCE,Resistance_25AUG26_Scan_4_8_2026 (2).xlsx,68312.0,88.0,0.13,1400.0,1883.0,167.0,339.0,-8.0,-2.36,SB,,,,,,,,,,,,,,,,
SONACOMS,,780.7,2.45,0.31,,,,0.84,,,,,,,,,,,,,,,,,,,,RESISTANCE,Resistance_25AUG26_Scan_4_8_2026 (2).xlsx,8669.0,44.0,0.51,800.0,491.0,-7.0,40.0,1.0,-2.41,LB,,,,,,,,,,,,,,,,
CIPLA,,1461.5,0.5,0.03,,,,0.68,,,,,,,,,,,,,,,,,,,,RESISTANCE,Resistance_25AUG26_Scan_4_8_2026 (2).xlsx,21087.0,3.0,0.01,1500.0,1969.0,28.0,294.0,1.0,-2.57,LB,,,,,,,,,,,,,,,,
AUROPHARMA,,1557.6,7.8,0.5,,,,0.66,,,,,,,,,,,,,,,,,,,,RESISTANCE,Resistance_25AUG26_Scan_4_8_2026 (2).xlsx,18389.0,55.0,0.3,1600.0,1433.0,4.0,178.0,-1.0,-2.65,LB,,,,,,,,,,,,,,,,
INDUSINDBK,,1022.2,5.3,0.52,,,,0.55,,,,,,,,,,,,,,,,,,,,RESISTANCE,Resistance_25AUG26_Scan_4_8_2026 (2).xlsx,48126.0,-47.0,-0.1,1050.0,1699.0,-15.0,0.0,,-2.65,SC,,,,,,,,,,,,,,,,
MARICO,,875.9,-4.85,-0.55,,,,0.61,,,,,,,,,,,,,,,,,,,,RESISTANCE,Resistance_25AUG26_Scan_4_8_2026 (2).xlsx,13595.0,56.0,0.41,900.0,1223.0,120.0,160.0,2.0,-2.68,SB,,,,,,,,,,,,,,,,
MOTILALOFS,,875.3,3.9,0.45,,,,0.65,,,,,,,,,,,,,,,,,,,,RESISTANCE,Resistance_25AUG26_Scan_4_8_2026 (2).xlsx,9074.0,-3.0,-0.03,900.0,741.0,31.0,0.0,,-2.74,SC,,,,,,,,,,,,,,,,
ADANIPOWER,,213.93,1.16,0.55,,,,0.64,,,,,,,,,,,,,,,,,,,,RESISTANCE,Resistance_25AUG26_Scan_4_8_2026 (2).xlsx,43883.0,29.0,0.07,220.0,2299.0,22.0,1031.0,0.0,-2.76,LB,,,,,,,,,,,,,,,,
NYKAA,,340.35,-0.65,-0.19,,,,0.57,,,,,,,,,,,,,,,,,,,,RESISTANCE,Resistance_25AUG26_Scan_4_8_2026 (2).xlsx,14410.0,30.0,0.21,350.0,421.0,31.0,56.0,6.0,-2.76,SB,,,,,,,,,,,,,,,,
PNBHOUSING,,1069.4,-16.1,-1.48,,,,1.25,,,,,,,,,,,,,,,,,,,,RESISTANCE,Resistance_25AUG26_Scan_4_8_2026 (2).xlsx,11910.0,94.0,0.8,1100.0,757.0,-8.0,508.0,6.0,-2.78,SB,,,,,,,,,,,,,,,,
COALINDIA,,418.0,3.0,0.72,,,,0.7,,,,,,,,,,,,,,,,,,,,RESISTANCE,Resistance_25AUG26_Scan_4_8_2026 (2).xlsx,58521.0,-36.0,-0.06,430.0,3156.0,6.0,1626.0,2.0,-2.79,SC,,,,,,,,,,,,,,,,
ASTRAL,,1458.0,5.5,0.38,,,,0.67,,,,,,,,,,,,,,,,,,,,RESISTANCE,Resistance_25AUG26_Scan_4_8_2026 (2).xlsx,16752.0,19.0,0.11,1500.0,837.0,96.0,334.0,3.0,-2.8,LB,,,,,,,,,,,,,,,,
INFY,,1165.6,-13.8,-1.17,,,,0.96,,,,,,,,,,,,,,,,,,,,RESISTANCE,Resistance_25AUG26_Scan_4_8_2026 (2).xlsx,221759.0,925.0,0.42,1200.0,13606.0,17.0,3482.0,-150.0,-2.87,SB,,,,,,,,,,,,,,,,
GMRAIRPORT,,106.8,0.87,0.82,,,,1.0,,,,,,,,,,,,,,,,,,,,RESISTANCE,Resistance_25AUG26_Scan_4_8_2026 (2).xlsx,18521.0,9.0,0.05,110.0,975.0,4.0,0.0,,-2.91,LB,,,,,,,,,,,,,,,,
POLYCAB,,9220.5,144.5,1.59,,,,0.66,,,,,,,,,,,,,,,,,,,,RESISTANCE,Resistance_25AUG26_Scan_4_8_2026 (2).xlsx,18029.0,-191.0,-1.05,9500.0,1748.0,572.0,263.0,16.0,-2.94,SC,,,,,,,,,,,,,,,,
,,,,,,,,,,,,,,,,,,,,,,,,,,,,UNKNOWN,Sector_Summary_25AUG26_Report_4_8_2026 (1).xlsx,,,,,,,,,,,CABLES,2 / 0 / 0,4.37,45.55,-0.48,2.16,SC,2368.0,687.0,-1681.0,-12.71,,,,,
,,,,,,,,,,,,,,,,,,,,,,,,,,,,UNKNOWN,Sector_Summary_25AUG26_Report_4_8_2026 (1).xlsx,,,,,,,,,,,TOBACCO PRODUCTS,2 / 0 / 0,2.47,-50.98,3.59,9.51,LB,1189.0,431.0,-758.0,-6.11,,,,,
,,,,,,,,,,,,,,,,,,,,,,,,,,,,UNKNOWN,Sector_Summary_25AUG26_Report_4_8_2026 (1).xlsx,,,,,,,,,,,NON FERROUS METALS,4 / 0 / 0,2.43,-49.89,0.06,4.94,LB,407.0,453.0,46.0,0.1,,,,,
,,,,,,,,,,,,,,,,,,,,,,,,,,,,UNKNOWN,Sector_Summary_25AUG26_Report_4_8_2026 (1).xlsx,,,,,,,,,,,CAPITAL GOODS - ELECTRICAL EQUIPMENT,9 / 0 / 0,1.46,-78.89,0.28,3.88,LB,214.0,289.0,74.0,0.43,,,,,
,,,,,,,,,,,,,,,,,,,,,,,,,,,,UNKNOWN,Sector_Summary_25AUG26_Report_4_8_2026 (1).xlsx,,,,,,,,,,,TRADING,2 / 0 / 0,1.41,-58.03,-0.44,3.1,SC,78.0,150.0,72.0,-0.86,,,,,
,,,,,,,,,,,,,,,,,,,,,,,,,,,,UNKNOWN,Sector_Summary_25AUG26_Report_4_8_2026 (1).xlsx,,,,,,,,,,,STOCK/ COMMODITY BROKERS,3 / 0 / 0,1.16,-79.82,0.19,4.38,LB,-3.0,-10.0,-7.0,-0.39,,,,,
,,,,,,,,,,,,,,,,,,,,,,,,,,,,UNKNOWN,Sector_Summary_25AUG26_Report_4_8_2026 (1).xlsx,,,,,,,,,,,CAPITAL GOODS-NON ELECTRICAL EQUIPMENT,3 / 0 / 0,0.91,-75.03,-0.17,6.73,SC,48.0,108.0,60.0,-0.93,,,,,
,,,,,,,,,,,,,,,,,,,,,,,,,,,,UNKNOWN,Sector_Summary_25AUG26_Report_4_8_2026 (1).xlsx,,,,,,,,,,,CHEMICALS,2 / 0 / 0,0.89,-62.23,0.31,4.78,LB,113.0,102.0,-11.0,0.34,,,,,
,,,,,,,,,,,,,,,,,,,,,,,,,,,,UNKNOWN,Sector_Summary_25AUG26_Report_4_8_2026 (1).xlsx,,,,,,,,,,,MINING & MINERAL PRODUCTS,2 / 0 / 0,0.88,-91.39,-0.03,8.04,SC,-168.0,161.0,328.0,2.04,,,,,
,,,,,,,,,,,,,,,,,,,,,,,,,,,,UNKNOWN,Sector_Summary_25AUG26_Report_4_8_2026 (1).xlsx,,,,,,,,,,,MISCELLANEOUS,2 / 0 / 0,0.81,-84.08,0.11,3.75,LB,-35.0,4.0,39.0,0.36,,,,,
,,,,,,,,,,,,,,,,,,,,,,,,,,,,UNKNOWN,Sector_Summary_25AUG26_Report_4_8_2026 (1).xlsx,,,,,,,,,,,AEROSPACE & DEFENCE,6 / 0 / 0,0.79,-80.29,-0.11,8.44,SC,-73.0,47.0,120.0,-0.12,,,,,
,,,,,,,,,,,,,,,,,,,,,,,,,,,,UNKNOWN,Sector_Summary_25AUG26_Report_4_8_2026 (1).xlsx,,,,,,,,,,,ALCOHOLIC BEVERAGES,2 / 0 / 0,0.77,-50.64,0.79,1.72,LB,99.0,-57.0,-156.0,-1.33,,,,,
,,,,,,,,,,,,,,,,,,,,,,,,,,,,UNKNOWN,Sector_Summary_25AUG26_Report_4_8_2026 (1).xlsx,,,,,,,,,,,RETAIL,2 / 1 / 0,0.69,-82.68,0.52,4.9,LB,425.0,128.0,-298.0,-2.92,,,,,
,,,,,,,,,,,,,,,,,,,,,,,,,,,,UNKNOWN,Sector_Summary_25AUG26_Report_4_8_2026 (1).xlsx,,,,,,,,,,,STEEL,4 / 0 / 0,0.66,-78.75,-0.03,8.86,SC,-56.0,185.0,241.0,0.08,,,,,
,,,,,,,,,,,,,,,,,,,,,,,,,,,,UNKNOWN,Sector_Summary_25AUG26_Report_4_8_2026 (1).xlsx,,,,,,,,,,,TELECOM-SERVICE,2 / 0 / 0,0.66,-82.27,0.07,2.58,LB,538.0,58.0,-480.0,-1.63,,,,,
,,,,,,,,,,,,,,,,,,,,,,,,,,,,UNKNOWN,Sector_Summary_25AUG26_Report_4_8_2026 (1).xlsx,,,,,,,,,,,MARINE PORT & SERVICES,1 / 0 / 0,0.64,-79.84,0.03,11.63,LB,-32.0,232.0,264.0,0.61,,,,,
,,,,,,,,,,,,,,,,,,,,,,,,,,,,UNKNOWN,Sector_Summary_25AUG26_Report_4_8_2026 (1).xlsx,,,,,,,,,,,GAS DISTRIBUTION,2 / 0 / 0,0.63,-93.49,0.09,3.94,LB,407.0,-62.0,-469.0,-1.65,,,,,
,,,,,,,,,,,,,,,,,,,,,,,,,,,,UNKNOWN,Sector_Summary_25AUG26_Report_4_8_2026 (1).xlsx,,,,,,,,,,,INFRASTRUCTURE DEVELOPERS & OPERATORS,2 / 0 / 0,0.62,-79.96,0.54,12.43,LB,476.0,60.0,-417.0,-1.39,,,,,
,,,,,,,,,,,,,,,,,,,,,,,,,,,,UNKNOWN,Sector_Summary_25AUG26_Report_4_8_2026 (1).xlsx,,,,,,,,,,,PLASTIC PRODUCTS,2 / 0 / 0,0.57,-82.57,-0.06,2.3,SC,104.0,-3.0,-107.0,-1.64,,,,,
,,,,,,,,,,,,,,,,,,,,,,,,,,,,UNKNOWN,Sector_Summary_25AUG26_Report_4_8_2026 (1).xlsx,,,,,,,,,,,AUTOMOBILE,9 / 1 / 0,0.55,-85.72,0.49,6.49,LB,95.0,294.0,199.0,0.76,,,,,
,,,,,,,,,,,,,,,,,,,,,,,,,,,,UNKNOWN,Sector_Summary_25AUG26_Report_4_8_2026 (1).xlsx,,,,,,,,,,,PAINTS/VARNISH,1 / 0 / 0,0.54,-92.12,-0.01,15.74,SC,-547.0,185.0,732.0,2.18,,,,,
,,,,,,,,,,,,,,,,,,,,,,,,,,,,UNKNOWN,Sector_Summary_25AUG26_Report_4_8_2026 (1).xlsx,,,,,,,,,,,E-COMMERCE/APP BASED AGGREGATOR,4 / 2 / 0,0.5,-85.06,0.89,4.03,LB,233.0,191.0,-42.0,-0.26,,,,,
,,,,,,,,,,,,,,,,,,,,,,,,,,,,UNKNOWN,Sector_Summary_25AUG26_Report_4_8_2026 (1).xlsx,,,,,,,,,,,CRUDE OIL & NATURAL GAS,1 / 1 / 0,0.35,-89.73,0.02,8.98,LB,65.0,18.0,-48.0,-0.55,,,,,
,,,,,,,,,,,,,,,,,,,,,,,,,,,,UNKNOWN,Sector_Summary_25AUG26_Report_4_8_2026 (1).xlsx,,,,,,,,,,,LOGISTICS,2 / 0 / 0,0.35,-91.01,0.27,2.26,LB,-24.0,26.0,50.0,0.3,,,,,
,,,,,,,,,,,,,,,,,,,,,,,,,,,,UNKNOWN,Sector_Summary_25AUG26_Report_4_8_2026 (1).xlsx,,,,,,,,,,,BANKS,16 / 2 / 0,0.34,-81.85,0.21,7.44,LB,254.0,121.0,-146.0,0.18,,,,,
,,,,,,,,,,,,,,,,,,,,,,,,,,,,UNKNOWN,Sector_Summary_25AUG26_Report_4_8_2026 (1).xlsx,,,,,,,,,,,BANKNIFTY,12 / 2 / 0,0.34,-80.65,0.19,8.95,LB,334.0,139.0,-194.0,-0.08,,,,,
,,,,,,,,,,,,,,,,,,,,,,,,,,,,UNKNOWN,Sector_Summary_25AUG26_Report_4_8_2026 (1).xlsx,,,,,,,,,,,AUTO ANCILLARIES,2 / 2 / 0,0.25,-82.61,0.25,1.38,LB,7.0,13.0,7.0,0.06,,,,,
,,,,,,,,,,,,,,,,,,,,,,,,,,,,UNKNOWN,Sector_Summary_25AUG26_Report_4_8_2026 (1).xlsx,,,,,,,,,,,CONSUMER DURABLES,4 / 4 / 0,0.25,-83.74,0.46,2.65,LB,251.0,69.0,-182.0,-0.7,,,,,
,,,,,,,,,,,,,,,,,,,,,,,,,,,,UNKNOWN,Sector_Summary_25AUG26_Report_4_8_2026 (1).xlsx,,,,,,,,,,,NIFTY,34 / 15 / 0,0.22,-84.25,0.21,10.85,LB,266.0,192.0,-74.0,-0.12,,,,,
,,,,,,,,,,,,,,,,,,,,,,,,,,,,UNKNOWN,Sector_Summary_25AUG26_Report_4_8_2026 (1).xlsx,,,,,,,,,,,HOTELS & RESTAURANTS,1 / 0 / 0,0.13,-92.8,0.26,19.0,LB,3.0,12.0,9.0,0.13,,,,,
,,,,,,,,,,,,,,,,,,,,,,,,,,,,UNKNOWN,Sector_Summary_25AUG26_Report_4_8_2026 (1).xlsx,,,,,,,,,,,TELECOM EQUIPMENT & INFRA SERVICES,1 / 0 / 0,0.1,-86.02,-0.02,4.79,SC,84.0,-8.0,-92.0,-0.5,,,,,
,,,,,,,,,,,,,,,,,,,,,,,,,,,,UNKNOWN,Sector_Summary_25AUG26_Report_4_8_2026 (1).xlsx,,,,,,,,,,,AIR TRANSPORT SERVICE,1 / 0 / 0,0.07,-93.83,0.2,6.9,LB,267.0,173.0,-94.0,-0.33,,,,,
,,,,,,,,,,,,,,,,,,,,,,,,,,,,UNKNOWN,Sector_Summary_25AUG26_Report_4_8_2026 (1).xlsx,,,,,,,,,,,REALTY,3 / 3 / 0,0.02,-75.07,0.17,2.46,LB,153.0,147.0,-6.0,-0.17,,,,,
,,,,,,,,,,,,,,,,,,,,,,,,,,,,UNKNOWN,Sector_Summary_25AUG26_Report_4_8_2026 (1).xlsx,,,,,,,,,,,PHARMACEUTICALS,7 / 6 / 0,-0.03,-92.48,0.24,5.52,SB,112.0,11.0,-100.0,-0.55,,,,,
,,,,,,,,,,,,,,,,,,,,,,,,,,,,UNKNOWN,Sector_Summary_25AUG26_Report_4_8_2026 (1).xlsx,,,,,,,,,,,HEALTHCARE,2 / 1 / 0,-0.04,-92.5,0.25,13.8,LB,345.0,45.0,-300.0,-4.62,,,,,
,,,,,,,,,,,,,,,,,,,,,,,,,,,,UNKNOWN,Sector_Summary_25AUG26_Report_4_8_2026 (1).xlsx,,,,,,,,,,,FINANCE,12 / 8 / 0,-0.05,-84.13,0.97,7.0,LB,169.0,91.0,-78.0,-1.01,,,,,
,,,,,,,,,,,,,,,,,,,,,,,,,,,,UNKNOWN,Sector_Summary_25AUG26_Report_4_8_2026 (1).xlsx,,,,,,,,,,,CEMENT,1 / 3 / 0,-0.06,-97.25,0.09,6.76,LB,22.0,61.0,39.0,0.59,,,,,
,,,,,,,,,,,,,,,,,,,,,,,,,,,,UNKNOWN,Sector_Summary_25AUG26_Report_4_8_2026 (1).xlsx,,,,,,,,,,,"CASTINGS, FORGINGS & FASTNERS",0 / 1 / 0,-0.1,-83.8,0.21,0.67,SB,7.0,22.0,15.0,0.19,,,,,
,,,,,,,,,,,,,,,,,,,,,,,,,,,,UNKNOWN,Sector_Summary_25AUG26_Report_4_8_2026 (1).xlsx,,,,,,,,,,,REFINERIES,2 / 2 / 0,-0.11,-91.15,-0.03,6.95,SB,332.0,35.0,-297.0,-0.93,,,,,
,,,,,,,,,,,,,,,,,,,,,,,,,,,,UNKNOWN,Sector_Summary_25AUG26_Report_4_8_2026 (1).xlsx,,,,,,,,,,,QUICK SERVICE RESTAURANT,0 / 1 / 0,-0.13,-93.96,0.27,5.07,SB,-155.0,-17.0,138.0,1.33,,,,,
,,,,,,,,,,,,,,,,,,,,,,,,,,,,UNKNOWN,Sector_Summary_25AUG26_Report_4_8_2026 (1).xlsx,,,,,,,,,,,FMCG,3 / 7 / 0,-0.34,-76.43,0.97,6.63,SB,314.0,169.0,-145.0,-1.07,,,,,
,,,,,,,,,,,,,,,,,,,,,,,,,,,,UNKNOWN,Sector_Summary_25AUG26_Report_4_8_2026 (1).xlsx,,,,,,,,,,,IT - SOFTWARE,3 / 9 / 0,-0.39,-88.74,0.23,4.06,SB,188.0,-48.0,-236.0,-0.73,,,,,
,,,,,,,,,,,,,,,,,,,,,,,,,,,,UNKNOWN,Sector_Summary_25AUG26_Report_4_8_2026 (1).xlsx,,,,,,,,,,,"DIAMOND, GEMS AND JEWELLERY",0 / 2 / 0,-0.42,-37.36,2.26,7.6,SB,1128.0,221.0,-907.0,-2.9,,,,,
,,,,,,,,,,,,,,,,,,,,,,,,,,,,UNKNOWN,Sector_Summary_25AUG26_Report_4_8_2026 (1).xlsx,,,,,,,,,,,READYMADE GARMENTS/ APPARELLS,0 / 1 / 0,-0.47,-78.86,0.23,1.19,SB,36.0,9.0,-27.0,-0.67,,,,,
,,,,,,,,,,,,,,,,,,,,,,,,,,,,UNKNOWN,Sector_Summary_25AUG26_Report_4_8_2026 (1).xlsx,,,,,,,,,,,TEXTILES,0 / 1 / 0,-0.57,-72.59,0.13,2.7,SB,686.0,520.0,-166.0,-2.19,,,,,
,,,,,,,,,,,,,,,,,,,,,,,,,,,,UNKNOWN,Sector_Summary_25AUG26_Report_4_8_2026 (1).xlsx,,,,,,,,,,,INSURANCE,0 / 5 / 0,-2.07,125.62,14.77,6.62,SB,1814.0,1034.0,-779.0,-3.62,,,,,
,,,,,,,,,,,,,,,,,,,,,,,,,,,,UNKNOWN,Sector_Summary_25AUG26_Report_4_8_2026 (1).xlsx,,,,,,,,,,,AGRO CHEMICALS,1 / 1 / 0,-2.5,-60.02,2.79,2.36,SB,1654.0,796.0,-858.0,-6.45,,,,,
,,,,,,,,,,,,,,,,,,,,,,,,,,,,UNKNOWN,Sector_Summary_25AUG26_Report_4_8_2026.xlsx,,,,,,,,,,,CABLES,2 / 0 / 0,4.37,9.44,0.53,2.01,LB,1663.0,413.0,-1250.0,-10.83,,,,,
,,,,,,,,,,,,,,,,,,,,,,,,,,,,UNKNOWN,Sector_Summary_25AUG26_Report_4_8_2026.xlsx,,,,,,,,,,,TOBACCO PRODUCTS,2 / 0 / 0,3.02,-62.9,3.52,9.48,LB,614.0,293.0,-321.0,-1.79,,,,,
,,,,,,,,,,,,,,,,,,,,,,,,,,,,UNKNOWN,Sector_Summary_25AUG26_Report_4_8_2026.xlsx,,,,,,,,,,,NON FERROUS METALS,4 / 0 / 0,1.87,-75.41,0.1,4.91,LB,-57.0,121.0,178.0,0.59,,,,,
,,,,,,,,,,,,,,,,,,,,,,,,,,,,UNKNOWN,Sector_Summary_25AUG26_Report_4_8_2026.xlsx,,,,,,,,,,,TRADING,2 / 0 / 0,1.56,-74.77,-0.27,3.11,SC,-4.0,77.0,81.0,-0.03,,,,,
,,,,,,,,,,,,,,,,,,,,,,,,,,,,UNKNOWN,Sector_Summary_25AUG26_Report_4_8_2026.xlsx,,,,,,,,,,,CAPITAL GOODS-NON ELECTRICAL EQUIPMENT,3 / 0 / 0,1.26,-92.82,-0.1,6.71,SC,1.0,30.0,29.0,0.05,,,,,
,,,,,,,,,,,,,,,,,,,,,,,,,,,,UNKNOWN,Sector_Summary_25AUG26_Report_4_8_2026.xlsx,,,,,,,,,,,CAPITAL GOODS - ELECTRICAL EQUIPMENT,8 / 1 / 0,0.85,-89.51,0.1,3.87,LB,149.0,93.0,-55.0,-0.49,,,,,
,,,,,,,,,,,,,,,,,,,,,,,,,,,,UNKNOWN,Sector_Summary_25AUG26_Report_4_8_2026.xlsx,,,,,,,,,,,MARINE PORT & SERVICES,1 / 0 / 0,0.82,-83.41,0.11,11.61,LB,-80.0,162.0,242.0,0.56,,,,,
,,,,,,,,,,,,,,,,,,,,,,,,,,,,UNKNOWN,Sector_Summary_25AUG26_Report_4_8_2026.xlsx,,,,,,,,,,,MINING & MINERAL PRODUCTS,2 / 0 / 0,0.73,-95.73,-0.02,8.04,SC,-109.0,15.0,124.0,1.01,,,,,
,,,,,,,,,,,,,,,,,,,,,,,,,,,,UNKNOWN,Sector_Summary_25AUG26_Report_4_8_2026.xlsx,,,,,,,,,,,CHEMICALS,2 / 0 / 0,0.68,-83.52,0.1,4.78,LB,64.0,31.0,-33.0,-0.06,,,,,
,,,,,,,,,,,,,,,,,,,,,,,,,,,,UNKNOWN,Sector_Summary_25AUG26_Report_4_8_2026.xlsx,,,,,,,,,,,STEEL,4 / 0 / 0,0.64,-87.99,-0.04,8.84,SC,-5.0,50.0,55.0,-0.39,,,,,
,,,,,,,,,,,,,,,,,,,,,,,,,,,,UNKNOWN,Sector_Summary_25AUG26_Report_4_8_2026.xlsx,,,,,,,,,,,LOGISTICS,1 / 1 / 0,0.54,-94.49,0.25,2.24,LB,19.0,33.0,14.0,0.1,,,,,
,,,,,,,,,,,,,,,,,,,,,,,,,,,,UNKNOWN,Sector_Summary_25AUG26_Report_4_8_2026.xlsx,,,,,,,,,,,PLASTIC PRODUCTS,2 / 0 / 0,0.54,-89.34,0.11,2.3,LB,90.0,4.0,-86.0,-1.28,,,,,
,,,,,,,,,,,,,,,,,,,,,,,,,,,,UNKNOWN,Sector_Summary_25AUG26_Report_4_8_2026.xlsx,,,,,,,,,,,RETAIL,3 / 0 / 0,0.51,-91.88,0.26,4.9,LB,192.0,83.0,-109.0,-2.14,,,,,
,,,,,,,,,,,,,,,,,,,,,,,,,,,,UNKNOWN,Sector_Summary_25AUG26_Report_4_8_2026.xlsx,,,,,,,,,,,TELECOM-SERVICE,2 / 0 / 0,0.49,-89.6,0.07,2.57,LB,401.0,14.0,-388.0,-1.38,,,,,
,,,,,,,,,,,,,,,,,,,,,,,,,,,,UNKNOWN,Sector_Summary_25AUG26_Report_4_8_2026.xlsx,,,,,,,,,,,MISCELLANEOUS,1 / 1 / 0,0.44,-93.27,0.02,3.76,LB,-30.0,1.0,30.0,0.31,,,,,
,,,,,,,,,,,,,,,,,,,,,,,,,,,,UNKNOWN,Sector_Summary_25AUG26_Report_4_8_2026.xlsx,,,,,,,,,,,AIR TRANSPORT SERVICE,1 / 0 / 0,0.43,-96.64,0.16,6.89,LB,15.0,90.0,75.0,0.26,,,,,
,,,,,,,,,,,,,,,,,,,,,,,,,,,,UNKNOWN,Sector_Summary_25AUG26_Report_4_8_2026.xlsx,,,,,,,,,,,PAINTS/VARNISH,1 / 0 / 0,0.43,-96.25,0.02,15.74,LB,-273.0,87.0,360.0,1.07,,,,,
,,,,,,,,,,,,,,,,,,,,,,,,,,,,UNKNOWN,Sector_Summary_25AUG26_Report_4_8_2026.xlsx,,,,,,,,,,,STOCK/ COMMODITY BROKERS,3 / 0 / 0,0.35,-92.94,0.04,4.38,LB,1.0,5.0,4.0,0.02,,,,,
,,,,,,,,,,,,,,,,,,,,,,,,,,,,UNKNOWN,Sector_Summary_25AUG26_Report_4_8_2026.xlsx,,,,,,,,,,,HOTELS & RESTAURANTS,1 / 0 / 0,0.33,-94.97,0.18,19.02,LB,14.0,10.0,-4.0,-0.06,,,,,
,,,,,,,,,,,,,,,,,,,,,,,,,,,,UNKNOWN,Sector_Summary_25AUG26_Report_4_8_2026.xlsx,,,,,,,,,,,AEROSPACE & DEFENCE,6 / 0 / 0,0.31,-93.07,0.03,8.43,LB,-14.0,27.0,41.0,-0.14,,,,,
,,,,,,,,,,,,,,,,,,,,,,,,,,,,UNKNOWN,Sector_Summary_25AUG26_Report_4_8_2026.xlsx,,,,,,,,,,,POWER GENERATION & DISTRIBUTION,7 / 1 / 0,0.26,-91.7,-0.01,8.69,SC,71.0,13.0,-59.0,-0.36,,,,,
,,,,,,,,,,,,,,,,,,,,,,,,,,,,UNKNOWN,Sector_Summary_25AUG26_Report_4_8_2026.xlsx,,,,,,,,,,,PHARMACEUTICALS,9 / 3 / 1,0.23,-96.02,0.11,5.51,LB,39.0,10.0,-29.0,-0.25,,,,,
,,,,,,,,,,,,,,,,,,,,,,,,,,,,UNKNOWN,Sector_Summary_25AUG26_Report_4_8_2026.xlsx,,,,,,,,,,,CRUDE OIL & NATURAL GAS,1 / 1 / 0,0.21,-92.93,0.02,8.97,LB,30.0,34.0,4.0,-0.09,,,,,
,,,,,,,,,,,,,,,,,,,,,,,,,,,,UNKNOWN,Sector_Summary_25AUG26_Report_4_8_2026.xlsx,,,,,,,,,,,FINANCIAL SERVICES,2 / 4 / 0,0.21,-94.09,0.2,4.56,LB,325.0,35.0,-290.0,-1.68,,,,,
,,,,,,,,,,,,,,,,,,,,,,,,,,,,UNKNOWN,Sector_Summary_25AUG26_Report_4_8_2026.xlsx,,,,,,,,,,,ALCOHOLIC BEVERAGES,1 / 1 / 0,0.2,-80.96,0.21,1.71,SC,-37.0,-60.0,-23.0,-0.15,,,,,
,,,,,,,,,,,,,,,,,,,,,,,,,,,,UNKNOWN,Sector_Summary_25AUG26_Report_4_8_2026.xlsx,,,,,,,,,,,BANKS,12 / 6 / 0,0.18,-88.82,0.14,7.43,LB,149.0,72.0,-77.0,0.12,,,,,
,,,,,,,,,,,,,,,,,,,,,,,,,,,,UNKNOWN,Sector_Summary_25AUG26_Report_4_8_2026.xlsx,,,,,,,,,,,GAS DISTRIBUTION,2 / 0 / 0,0.18,-97.46,0.14,3.96,LB,96.0,-29.0,-124.0,-0.39,,,,,
,,,,,,,,,,,,,,,,,,,,,,,,,,,,UNKNOWN,Sector_Summary_25AUG26_Report_4_8_2026.xlsx,,,,,,,,,,,E-COMMERCE/APP BASED AGGREGATOR,4 / 2 / 0,0.17,-90.71,0.51,4.05,LB,168.0,139.0,-29.0,-0.15,,,,,
,,,,,,,,,,,,,,,,,,,,,,,,,,,,UNKNOWN,Sector_Summary_25AUG26_Report_4_8_2026.xlsx,,,,,,,,,,,BANKNIFTY,8 / 6 / 0,0.16,-88.07,0.11,8.95,LB,195.0,89.0,-106.0,0.0,,,,,
,,,,,,,,,,,,,,,,,,,,,,,,,,,,UNKNOWN,Sector_Summary_25AUG26_Report_4_8_2026.xlsx,,,,,,,,,,,AUTO ANCILLARIES,2 / 2 / 0,0.14,-93.46,0.27,1.36,SB,9.0,-5.0,-14.0,-0.26,,,,,
,,,,,,,,,,,,,,,,,,,,,,,,,,,,UNKNOWN,Sector_Summary_25AUG26_Report_4_8_2026.xlsx,,,,,,,,,,,CONSUMER DURABLES,5 / 3 / 0,0.14,-92.89,0.23,2.63,LB,139.0,21.0,-118.0,-0.42,,,,,
,,,,,,,,,,,,,,,,,,,,,,,,,,,,UNKNOWN,Sector_Summary_25AUG26_Report_4_8_2026.xlsx,,,,,,,,,,,HEALTHCARE,2 / 1 / 0,0.13,-95.15,0.13,13.82,LB,220.0,11.0,-209.0,-3.34,,,,,
,,,,,,,,,,,,,,,,,,,,,,,,,,,,UNKNOWN,Sector_Summary_25AUG26_Report_4_8_2026.xlsx,,,,,,,,,,,NIFTY,28 / 21 / 0,0.09,-90.44,0.14,10.84,LB,137.0,89.0,-48.0,-0.01,,,,,
,,,,,,,,,,,,,,,,,,,,,,,,,,,,UNKNOWN,Sector_Summary_25AUG26_Report_4_8_2026.xlsx,,,,,,,,,,,FINANCE,12 / 7 / 1,0.01,-88.63,0.78,6.98,LB,97.0,56.0,-42.0,-0.54,,,,,
,,,,,,,,,,,,,,,,,,,,,,,,,,,,UNKNOWN,Sector_Summary_25AUG26_Report_4_8_2026.xlsx,,,,,,,,,,,AUTOMOBILE,4 / 6 / 0,-0.01,-92.15,0.34,6.47,SB,88.0,126.0,39.0,0.31,,,,,
,,,,,,,,,,,,,,,,,,,,,,,,,,,,UNKNOWN,Sector_Summary_25AUG26_Report_4_8_2026.xlsx,,,,,,,,,,,TELECOM EQUIPMENT & INFRA SERVICES,0 / 1 / 0,-0.06,-89.89,0.19,4.78,SB,119.0,16.0,-103.0,-0.56,,,,,
,,,,,,,,,,,,,,,,,,,,,,,,,,,,UNKNOWN,Sector_Summary_25AUG26_Report_4_8_2026.xlsx,,,,,,,,,,,CEMENT,1 / 3 / 0,-0.11,-98.55,0.07,6.75,LB,33.0,56.0,23.0,0.06,,,,,
,,,,,,,,,,,,,,,,,,,,,,,,,,,,UNKNOWN,Sector_Summary_25AUG26_Report_4_8_2026.xlsx,,,,,,,,,,,REFINERIES,0 / 4 / 0,-0.26,-94.04,-0.04,6.94,SB,125.0,-12.0,-136.0,-0.59,,,,,
,,,,,,,,,,,,,,,,,,,,,,,,,,,,UNKNOWN,Sector_Summary_25AUG26_Report_4_8_2026.xlsx,,,,,,,,,,,REALTY,2 / 4 / 0,-0.31,-83.21,0.15,2.43,SB,117.0,138.0,49.0,0.21,,,,,
,,,,,,,,,,,,,,,,,,,,,,,,,,,,UNKNOWN,Sector_Summary_25AUG26_Report_4_8_2026.xlsx,,,,,,,,,,,"CASTINGS, FORGINGS & FASTNERS",0 / 1 / 0,-0.41,-89.31,0.27,0.68,SB,2.0,-4.0,-6.0,-0.08,,,,,
,,,,,,,,,,,,,,,,,,,,,,,,,,,,UNKNOWN,Sector_Summary_25AUG26_Report_4_8_2026.xlsx,,,,,,,,,,,QUICK SERVICE RESTAURANT,0 / 1 / 0,-0.41,-96.21,0.33,5.02,SB,-47.0,123.0,170.0,1.6,,,,,
,,,,,,,,,,,,,,,,,,,,,,,,,,,,UNKNOWN,Sector_Summary_25AUG26_Report_4_8_2026.xlsx,,,,,,,,,,,INFRASTRUCTURE DEVELOPERS & OPERATORS,0 / 2 / 0,-0.43,-94.34,0.23,12.42,SB,117.0,24.0,-93.0,-0.57,,,,,
,,,,,,,,,,,,,,,,,,,,,,,,,,,,UNKNOWN,Sector_Summary_25AUG26_Report_4_8_2026.xlsx,,,,,,,,,,,IT - SOFTWARE,2 / 10 / 0,-0.53,-93.21,0.3,4.05,SB,103.0,-69.0,-172.0,-0.47,,,,,
,,,,,,,,,,,,,,,,,,,,,,,,,,,,UNKNOWN,Sector_Summary_25AUG26_Report_4_8_2026.xlsx,,,,,,,,,,,READYMADE GARMENTS/ APPARELLS,0 / 1 / 0,-0.58,-91.45,0.51,1.18,SB,52.0,5.0,-47.0,-1.16,,,,,
,,,,,,,,,,,,,,,,,,,,,,,,,,,,UNKNOWN,Sector_Summary_25AUG26_Report_4_8_2026.xlsx,,,,,,,,,,,TEXTILES,0 / 1 / 0,-0.6,-79.85,0.06,2.7,SB,304.0,458.0,154.0,2.16,,,,,
,,,,,,,,,,,,,,,,,,,,,,,,,,,,UNKNOWN,Sector_Summary_25AUG26_Report_4_8_2026.xlsx,,,,,,,,,,,FMCG,1 / 9 / 0,-0.63,-84.97,0.72,6.63,SB,212.0,108.0,-104.0,-0.8,,,,,
,,,,,,,,,,,,,,,,,,,,,,,,,,,,UNKNOWN,Sector_Summary_25AUG26_Report_4_8_2026.xlsx,,,,,,,,,,,"DIAMOND, GEMS AND JEWELLERY",0 / 2 / 0,-1.44,-75.12,-0.08,7.72,SB,232.0,-45.0,-277.0,-0.94,,,,,
,,,,,,,,,,,,,,,,,,,,,,,,,,,,UNKNOWN,Sector_Summary_25AUG26_Report_4_8_2026.xlsx,,,,,,,,,,,AGRO CHEMICALS,1 / 1 / 0,-1.76,-75.9,1.05,2.19,SB,671.0,259.0,-413.0,-4.09,,,,,
,,,,,,,,,,,,,,,,,,,,,,,,,,,,UNKNOWN,Sector_Summary_25AUG26_Report_4_8_2026.xlsx,,,,,,,,,,,INSURANCE,0 / 5 / 0,-2.15,74.38,11.74,6.51,SB,1359.0,896.0,-753.0,-3.79,,,,,
COLPAL,,2046.4,-23.3,-1.13,,,,0.46,,,,,,,,,,,,,,,,,,,,SUPPORT,Support_Resistance_25AUG26_Scan_4_8_2026 (1).xlsx,18116.0,259.0,1.45,2100.0,1288.0,121.0,895.0,17.0,-2.55,SB,,,,,,,,,,,,,,,,
IREDA,,117.21,-5.12,-4.19,,,,0.74,,,,,,,,,,,,,,,,,,,,SUPPORT,Support_Resistance_25AUG26_Scan_4_8_2026 (1).xlsx,15203.0,1412.0,10.24,120.0,1427.0,487.0,921.0,-31.0,-2.33,SB,,,,,,,,,,,,,,,,
GAIL,,175.9,1.95,1.12,,,,0.36,,,,,,,,,,,,,,,,,,,,SUPPORT,Support_Resistance_25AUG26_Scan_4_8_2026 (1).xlsx,26920.0,0.0,0.0,180.0,5408.0,9.0,1440.0,-11.0,-2.28,-,,,,,,,,,,,,,,,,
UPL,,586.4,-33.05,-5.34,,,,0.59,,,,,,,,,,,,,,,,,,,,SUPPORT,Support_Resistance_25AUG26_Scan_4_8_2026 (1).xlsx,23790.0,918.0,4.01,600.0,1373.0,837.0,1153.0,429.0,-2.27,SB,,,,,,,,,,,,,,,,
ADANIENSOL,,1662.7,12.0,0.73,,,,0.59,,,,,,,,,,,,,,,,,,,,SUPPORT,Support_Resistance_25AUG26_Scan_4_8_2026 (1).xlsx,28737.0,-44.0,-0.15,1700.0,1459.0,-2.0,724.0,-27.0,-2.19,SC,,,,,,,,,,,,,,,,
LICI,,393.9,-31.6,-7.43,,,,0.65,,,,,,,,,,,,,,,,,,,,SUPPORT,Support_Resistance_25AUG26_Scan_4_8_2026 (1).xlsx,22265.0,9333.0,72.17,400.0,2133.0,2046.0,1917.0,478.0,-1.53,SB,,,,,,,,,,,,,,,,
BEL,,393.95,3.7,0.95,,,,0.6,,,,,,,,,,,,,,,,,,,,SUPPORT,Support_Resistance_25AUG26_Scan_4_8_2026 (1).xlsx,72356.0,-91.0,-0.13,400.0,6421.0,-140.0,3303.0,10.0,-1.51,SC,,,,,,,,,,,,,,,,
SRF,,2664.0,14.0,0.53,,,,0.46,,,,,,,,,,,,,,,,,,,,SUPPORT,Support_Resistance_25AUG26_Scan_4_8_2026 (1).xlsx,22655.0,72.0,0.32,2700.0,1991.0,44.0,1242.0,9.0,-1.33,LB,,,,,,,,,,,,,,,,
SUZLON,,49.35,0.09,0.18,,,,0.52,,,,,,,,,,,,,,,,,,,,SUPPORT,Support_Resistance_25AUG26_Scan_4_8_2026 (1).xlsx,35945.0,44.0,0.12,50.0,2346.0,106.0,997.0,18.0,-1.3,LB,,,,,,,,,,,,,,,,
HINDPETRO,,395.4,0.4,0.1,,,,0.72,,,,,,,,,,,,,,,,,,,,SUPPORT,Support_Resistance_25AUG26_Scan_4_8_2026 (1).xlsx,22174.0,-11.0,-0.05,400.0,1985.0,-14.0,643.0,1.0,-1.15,SC,,,,,,,,,,,,,,,,
GODREJPROP,,2077.1,-4.0,-0.19,,,,0.78,,,,,,,,,,,,,,,,,,,,SUPPORT,Support_Resistance_25AUG26_Scan_4_8_2026 (1).xlsx,23403.0,143.0,0.61,2100.0,914.0,21.0,824.0,-9.0,-1.09,SB,,,,,,,,,,,,,,,,
OBEROIRLTY,,1828.0,-8.6,-0.47,,,,0.52,,,,,,,,,,,,,,,,,,,,SUPPORT,Support_Resistance_25AUG26_Scan_4_8_2026 (1).xlsx,15566.0,63.0,0.41,1840.0,968.0,32.0,470.0,4.0,-0.65,SB,,,,,,,,,,,,,,,,
LUPIN,,2388.0,1.8,0.08,,,,0.66,,,,,,,,,,,,,,,,,,,,SUPPORT,Support_Resistance_25AUG26_Scan_4_8_2026 (1).xlsx,15065.0,-9.0,-0.06,2400.0,754.0,16.0,1033.0,-2.0,-0.5,SC,,,,,,,,,,,,,,,,
MAXHEALTH,,1096.0,-0.2,-0.02,,,,0.71,,,,,,,,,,,,,,,,,,,,SUPPORT,Support_Resistance_25AUG26_Scan_4_8_2026 (1).xlsx,18459.0,8.0,0.04,1100.0,580.0,7.0,748.0,28.0,-0.36,SB,,,,,,,,,,,,,,,,
INDHOTEL,,748.05,0.55,0.07,,,,0.67,,,,,,,,,,,,,,,,,,,,SUPPORT,Support_Resistance_25AUG26_Scan_4_8_2026 (1).xlsx,20825.0,65.0,0.31,750.0,892.0,1.0,364.0,6.0,-0.26,LB,,,,,,,,,,,,,,,,
PAGEIND,,39990.0,-230.0,-0.57,,,,0.72,,,,,,,,,,,,,,,,,,,,SUPPORT,Support_Resistance_25AUG26_Scan_4_8_2026 (1).xlsx,11637.0,25.0,0.22,40000.0,183.0,7.0,483.0,10.0,-0.03,SB,,,,,,,,,,,,,,,,
BANKNIFTY,,57990.0,128.4,0.22,,,,0.88,,,,,,,,,,,,,,,,,,,,SUPPORT,Support_Resistance_25AUG26_Scan_4_8_2026 (1).xlsx,69951.0,-40.0,-0.06,58000.0,74694.0,756.0,52925.0,1195.0,-0.02,SC,,,,,,,,,,,,,,,,
HDFCBANK,,750.0,-3.9,-0.52,,,,0.49,,,,,,,,,,,,,,,,,,,,SUPPORT,Support_Resistance_25AUG26_Scan_4_8_2026 (1).xlsx,459927.0,1874.0,0.41,750.0,22613.0,1006.0,13171.0,122.0,0.0,SB,,,,,,,,,,,,,,,,
YESBANK,,23.01,0.1,0.44,,,,0.61,,,,,,,,,,,,,,,,,,,,SUPPORT,Support_Resistance_25AUG26_Scan_4_8_2026 (1).xlsx,37899.0,-82.0,-0.22,23.0,2228.0,18.0,2252.0,19.0,0.04,SC,,,,,,,,,,,,,,,,
PERSISTENT,,5503.5,-50.0,-0.9,,,,0.6,,,,,,,,,,,,,,,,,,,,SUPPORT,Support_Resistance_25AUG26_Scan_4_8_2026 (1).xlsx,28581.0,64.0,0.22,5500.0,2223.0,432.0,1732.0,-83.0,0.06,SB,,,,,,,,,,,,,,,,
BAJAJHLDNG,,11515.0,52.0,0.45,,,,0.69,,,,,,,,,,,,,,,,,,,,SUPPORT,Support_Resistance_25AUG26_Scan_4_8_2026 (1).xlsx,4716.0,12.0,0.26,11500.0,307.0,8.0,303.0,3.0,0.13,LB,,,,,,,,,,,,,,,,
IRFC,,90.2,-0.33,-0.36,,,,0.69,,,,,,,,,,,,,,,,,,,,SUPPORT,Support_Resistance_25AUG26_Scan_4_8_2026 (1).xlsx,15965.0,90.0,0.57,90.0,3458.0,187.0,2561.0,50.0,0.22,SB,,,,,,,,,,,,,,,,
MANAPPURAM,,360.8,-4.0,-1.1,,,,0.71,,,,,,,,,,,,,,,,,,,,SUPPORT,Support_Resistance_25AUG26_Scan_4_8_2026 (1).xlsx,20311.0,-1.0,0.0,360.0,656.0,2.0,525.0,-1.0,0.22,-,,,,,,,,,,,,,,,,
INOXWIND,,80.31,0.58,0.73,,,,0.65,,,,,,,,,,,,,,,,,,,,SUPPORT,Support_Resistance_25AUG26_Scan_4_8_2026 (1).xlsx,16458.0,32.0,0.19,80.0,1369.0,0.0,775.0,4.0,0.39,LB,,,,,,,,,,,,,,,,
OIL,,452.3,-0.2,-0.04,,,,0.58,,,,,,,,,,,,,,,,,,,,SUPPORT,Support_Resistance_25AUG26_Scan_4_8_2026 (1).xlsx,11240.0,1.0,0.01,450.0,314.0,7.0,460.0,-5.0,0.51,SB,,,,,,,,,,,,,,,,
DRREDDY,,1156.7,-7.7,-0.66,,,,0.62,,,,,,,,,,,,,,,,,,,,SUPPORT,Support_Resistance_25AUG26_Scan_4_8_2026 (1).xlsx,20578.0,134.0,0.66,1150.0,1429.0,10.0,1222.0,40.0,0.58,SB,,,,,,,,,,,,,,,,
HINDUNILVR,,2112.6,-7.0,-0.33,,,,0.55,,,,,,,,,,,,,,,,,,,,SUPPORT,Support_Resistance_25AUG26_Scan_4_8_2026 (1).xlsx,49603.0,170.0,0.34,2100.0,3325.0,105.0,2857.0,46.0,0.6,SB,,,,,,,,,,,,,,,,
IDEA,,13.08,0.13,1.0,,,,0.61,,,,,,,,,,,,,,,,,,,,SUPPORT,Support_Resistance_25AUG26_Scan_4_8_2026 (1).xlsx,82461.0,36.0,0.04,13.0,3464.0,40.0,2849.0,56.0,0.62,LB,,,,,,,,,,,,,,,,
RELIANCE,,1309.5,-2.2,-0.17,,,,0.8,,,,,,,,,,,,,,,,,,,,SUPPORT,Support_Resistance_25AUG26_Scan_4_8_2026 (1).xlsx,205039.0,239.0,0.12,1300.0,16810.0,49.0,10513.0,-64.0,0.73,SB,,,,,,,,,,,,,,,,
ADANIPORTS,,1712.7,9.6,0.56,,,,0.58,,,,,,,,,,,,,,,,,,,,SUPPORT,Support_Resistance_25AUG26_Scan_4_8_2026 (1).xlsx,43897.0,20.0,0.05,1700.0,2500.0,-36.0,2531.0,89.0,0.75,LB,,,,,,,,,,,,,,,,
ADANIGREEN,,1411.0,11.2,0.8,,,,0.61,,,,,,,,,,,,,,,,,,,,SUPPORT,Support_Resistance_25AUG26_Scan_4_8_2026 (1).xlsx,44215.0,-192.0,-0.43,1400.0,2374.0,-238.0,1623.0,-13.0,0.79,SC,,,,,,,,,,,,,,,,
GLENMARK,,2217.3,-1.8,-0.08,,,,0.59,,,,,,,,,,,,,,,,,,,,SUPPORT,Support_Resistance_25AUG26_Scan_4_8_2026 (1).xlsx,31211.0,112.0,0.36,2200.0,861.0,1.0,992.0,-11.0,0.79,SB,,,,,,,,,,,,,,,,
IDFCFIRSTB,,85.72,0.8,0.94,,,,0.7,,,,,,,,,,,,,,,,,,,,SUPPORT,Support_Resistance_25AUG26_Scan_4_8_2026 (1).xlsx,38512.0,37.0,0.1,85.0,1419.0,-41.0,1195.0,27.0,0.85,LB,,,,,,,,,,,,,,,,
DELHIVERY,,474.35,1.75,0.37,,,,0.7,,,,,,,,,,,,,,,,,,,,SUPPORT,Support_Resistance_25AUG26_Scan_4_8_2026 (1).xlsx,13329.0,67.0,0.51,470.0,303.0,6.0,735.0,-4.0,0.93,LB,,,,,,,,,,,,,,,,
ONGC,,242.35,2.04,0.85,,,,0.55,,,,,,,,,,,,,,,,,,,,SUPPORT,Support_Resistance_25AUG26_Scan_4_8_2026 (1).xlsx,24940.0,-6.0,-0.02,240.0,1394.0,-104.0,1730.0,-34.0,0.98,SC,,,,,,,,,,,,,,,,
TORNTPHARM,,5051.5,5.5,0.11,,,,0.57,,,,,,,,,,,,,,,,,,,,SUPPORT,Support_Resistance_25AUG26_Scan_4_8_2026 (1).xlsx,29857.0,12.0,0.04,5000.0,1082.0,31.0,800.0,34.0,1.03,LB,,,,,,,,,,,,,,,,
INDUSTOWER,,394.35,0.75,0.19,,,,0.67,,,,,,,,,,,,,,,,,,,,SUPPORT,Support_Resistance_25AUG26_Scan_4_8_2026 (1).xlsx,52850.0,-7.0,-0.01,390.0,700.0,16.0,1738.0,7.0,1.12,SC,,,,,,,,,,,,,,,,
PETRONET,,283.4,0.75,0.27,,,,1.06,,,,,,,,,,,,,,,,,,,,SUPPORT,Support_Resistance_25AUG26_Scan_4_8_2026 (1).xlsx,16716.0,18.0,0.11,280.0,1171.0,3.0,895.0,4.0,1.21,LB,,,,,,,,,,,,,,,,
DALBHARAT,,1824.3,-6.7,-0.37,,,,0.86,,,,,,,,,,,,,,,,,,,,SUPPORT,Support_Resistance_25AUG26_Scan_4_8_2026 (1).xlsx,11656.0,18.0,0.15,1800.0,0.0,,298.0,9.0,1.35,SB,,,,,,,,,,,,,,,,
ANGELONE,,304.1,2.75,0.91,,,,0.51,,,,,,,,,,,,,,,,,,,,SUPPORT,Support_Resistance_25AUG26_Scan_4_8_2026 (1).xlsx,11100.0,38.0,0.34,300.0,795.0,-20.0,768.0,-13.0,1.37,LB,,,,,,,,,,,,,,,,
LICHSGFIN,,507.0,2.5,0.5,,,,0.64,,,,,,,,,,,,,,,,,,,,SUPPORT,Support_Resistance_25AUG26_Scan_4_8_2026 (1).xlsx,29931.0,389.0,1.32,500.0,694.0,155.0,1809.0,4.0,1.4,LB,,,,,,,,,,,,,,,,
GODREJCP,,1077.1,-0.5,-0.05,,,,0.54,,,,,,,,,,,,,,,,,,,,SUPPORT,Support_Resistance_25AUG26_Scan_4_8_2026 (1).xlsx,21936.0,233.0,1.07,1060.0,253.0,0.0,282.0,3.0,1.61,SB,,,,,,,,,,,,,,,,
ALKEM,,5690.5,-1.5,-0.03,,,,0.49,,,,,,,,,,,,,,,,,,,,SUPPORT,Support_Resistance_25AUG26_Scan_4_8_2026 (1).xlsx,11302.0,12.0,0.11,5600.0,108.0,5.0,511.0,1.0,1.62,SB,,,,,,,,,,,,,,,,
GRASIM,,3152.0,-18.1,-0.57,,,,0.63,,,,,,,,,,,,,,,,,,,,SUPPORT,Support_Resistance_25AUG26_Scan_4_8_2026 (1).xlsx,47323.0,49.0,0.1,3100.0,370.0,0.0,496.0,39.0,1.68,SB,,,,,,,,,,,,,,,,
GMRAIRPORT,,106.8,0.87,0.82,,,,1.0,,,,,,,,,,,,,,,,,,,,SUPPORT,Support_Resistance_25AUG26_Scan_4_8_2026 (1).xlsx,18521.0,9.0,0.05,105.0,406.0,-28.0,669.0,-12.0,1.71,LB,,,,,,,,,,,,,,,,
IOC,,142.39,0.02,0.01,,,,0.83,,,,,,,,,,,,,,,,,,,,SUPPORT,Support_Resistance_25AUG26_Scan_4_8_2026 (1).xlsx,30806.0,9.0,0.03,140.0,1187.0,2.0,1460.0,-56.0,1.71,LB,,,,,,,,,,,,,,,,
SUPREMEIND,,3559.8,22.3,0.63,,,,0.83,,,,,,,,,,,,,,,,,,,,SUPPORT,Support_Resistance_25AUG26_Scan_4_8_2026 (1).xlsx,13024.0,-41.0,-0.31,3500.0,857.0,-75.0,597.0,21.0,1.71,SC,,,,,,,,,,,,,,,,
MOTILALOFS,,875.3,3.9,0.45,,,,0.65,,,,,,,,,,,,,,,,,,,,SUPPORT,Support_Resistance_25AUG26_Scan_4_8_2026 (1).xlsx,9074.0,-3.0,-0.03,860.0,470.0,-1.0,416.0,0.0,1.78,SC,,,,,,,,,,,,,,,,
CAMS,,814.8,16.55,2.07,,,,0.55,,,,,,,,,,,,,,,,,,,,SUPPORT,Support_Resistance_25AUG26_Scan_4_8_2026 (1).xlsx,8893.0,-53.0,-0.59,800.0,995.0,23.0,426.0,-37.0,1.85,SC,,,,,,,,,,,,,,,,
ADANIPOWER,,213.93,1.16,0.55,,,,0.64,,,,,,,,,,,,,,,,,,,,SUPPORT,Support_Resistance_25AUG26_Scan_4_8_2026 (1).xlsx,43883.0,29.0,0.07,210.0,1029.0,-1.0,1545.0,-2.0,1.87,LB,,,,,,,,,,,,,,,,
JINDALSTEL,,1120.7,2.7,0.24,,,,0.88,,,,,,,,,,,,,,,,,,,,SUPPORT,Support_Resistance_25AUG26_Scan_4_8_2026 (1).xlsx,21689.0,70.0,0.32,1100.0,902.0,24.0,981.0,29.0,1.88,LB,,,,,,,,,,,,,,,,
VBL,,448.5,1.35,0.3,,,,0.49,,,,,,,,,,,,,,,,,,,,SUPPORT,Support_Resistance_25AUG26_Scan_4_8_2026 (1).xlsx,42441.0,346.0,0.82,440.0,704.0,-16.0,1187.0,12.0,1.93,LB,,,,,,,,,,,,,,,,
CUMMINSIND,,5610.0,84.0,1.52,,,,0.78,,,,,,,,,,,,,,,,,,,,SUPPORT,Support_Resistance_25AUG26_Scan_4_8_2026 (1).xlsx,19702.0,-22.0,-0.11,5500.0,479.0,2.0,648.0,31.0,2.0,SC,,,,,,,,,,,,,,,,
DIXON,,13771.0,49.0,0.36,,,,0.55,,,,,,,,,,,,,,,,,,,,SUPPORT,Support_Resistance_25AUG26_Scan_4_8_2026 (1).xlsx,53072.0,266.0,0.5,13500.0,1451.0,96.0,4036.0,-30.0,2.01,LB,,,,,,,,,,,,,,,,
BANDHANBNK,,173.49,0.63,0.36,,,,0.52,,,,,,,,,,,,,,,,,,,,SUPPORT,Support_Resistance_25AUG26_Scan_4_8_2026 (1).xlsx,36902.0,52.0,0.14,170.0,1474.0,-4.0,1403.0,-13.0,2.05,LB,,,,,,,,,,,,,,,,
HAL,,4695.9,23.0,0.49,,,,0.77,,,,,,,,,,,,,,,,,,,,SUPPORT,Support_Resistance_25AUG26_Scan_4_8_2026 (1).xlsx,34066.0,63.0,0.19,4600.0,2073.0,-5.0,1826.0,43.0,2.08,LB,,,,,,,,,,,,,,,,
ZYDUSLIFE,,1123.3,5.3,0.47,,,,0.75,,,,,,,,,,,,,,,,,,,,SUPPORT,Support_Resistance_25AUG26_Scan_4_8_2026 (1).xlsx,11128.0,-1.0,-0.01,1100.0,187.0,7.0,345.0,1.0,2.12,SC,,,,,,,,,,,,,,,,
PRESTIGE,,1634.0,8.4,0.52,,,,0.69,,,,,,,,,,,,,,,,,,,,SUPPORT,Support_Resistance_25AUG26_Scan_4_8_2026 (1).xlsx,11352.0,11.0,0.1,1600.0,413.0,-4.0,810.0,12.0,2.13,LB,,,,,,,,,,,,,,,,
PHOENIXLTD,,1941.0,16.8,0.87,,,,0.71,,,,,,,,,,,,,,,,,,,,SUPPORT,Support_Resistance_25AUG26_Scan_4_8_2026 (1).xlsx,10578.0,-16.0,-0.15,1900.0,305.0,-1.0,466.0,-5.0,2.16,SC,,,,,,,,,,,,,,,,
RECLTD,,367.85,-0.3,-0.08,,,,0.66,,,,,,,,,,,,,,,,,,,,SUPPORT,Support_Resistance_25AUG26_Scan_4_8_2026 (1).xlsx,28282.0,24.0,0.08,360.0,936.0,7.0,1002.0,2.0,2.18,SB,,,,,,,,,,,,,,,,
INDUSINDBK,,1022.2,5.3,0.52,,,,0.55,,,,,,,,,,,,,,,,,,,,SUPPORT,Support_Resistance_25AUG26_Scan_4_8_2026 (1).xlsx,48126.0,-47.0,-0.1,1000.0,1290.0,16.0,1385.0,2.0,2.22,SC,,,,,,,,,,,,,,,,
MFSL,,1535.9,0.1,0.01,,,,0.59,,,,,,,,,,,,,,,,,,,,SUPPORT,Support_Resistance_25AUG26_Scan_4_8_2026 (1).xlsx,24104.0,34.0,0.14,1500.0,238.0,2.0,292.0,1.0,2.39,LB,,,,,,,,,,,,,,,,
UNIONBANK,,174.09,0.28,0.16,,,,0.87,,,,,,,,,,,,,,,,,,,,SUPPORT,Support_Resistance_25AUG26_Scan_4_8_2026 (1).xlsx,26904.0,86.0,0.32,170.0,996.0,13.0,1039.0,-3.0,2.41,LB,,,,,,,,,,,,,,,,
POLYCAB,,9220.5,144.5,1.59,,,,0.66,,,,,,,,,,,,,,,,,,,,SUPPORT,Support_Resistance_25AUG26_Scan_4_8_2026 (1).xlsx,18029.0,-191.0,-1.05,9000.0,1325.0,-145.0,1134.0,81.0,2.45,SC,,,,,,,,,,,,,,,,
VMM,,112.84,1.43,1.28,,,,0.6,,,,,,,,,,,,,,,,,,,,SUPPORT,Support_Resistance_25AUG26_Scan_4_8_2026 (1).xlsx,9457.0,170.0,1.83,110.0,568.0,39.0,426.0,36.0,2.58,LB,,,,,,,,,,,,,,,,
SENSEX,,79040.0,74.9,0.09,,,,1.51,,,,,,,,,,,,,,,,,,,,SUPPORT,Support_Resistance_25AUG26_Scan_4_8_2026 (1).xlsx,1941.0,32.0,1.68,77000.0,1481.0,0.0,1888.0,96.0,2.65,LB,,,,,,,,,,,,,,,,
ITC,,287.7,0.25,0.09,,,,0.56,,,,,,,,,,,,,,,,,,,,SUPPORT,Support_Resistance_25AUG26_Scan_4_8_2026 (1).xlsx,91224.0,66.0,0.07,280.0,2072.0,-11.0,4256.0,18.0,2.75,LB,,,,,,,,,,,,,,,,
LTM,,4625.0,-48.9,-1.05,,,,0.75,,,,,,,,,,,,,,,,,,,,SUPPORT,Support_Resistance_25AUG26_Scan_4_8_2026 (1).xlsx,15121.0,146.0,0.97,4500.0,565.0,5.0,612.0,-14.0,2.78,SB,,,,,,,,,,,,,,,,
TIINDIA,,2775.3,26.5,0.96,,,,0.67,,,,,,,,,,,,,,,,,,,,SUPPORT,Support_Resistance_25AUG26_Scan_4_8_2026 (1).xlsx,11200.0,149.0,1.35,2700.0,94.0,6.0,215.0,0.0,2.79,LB,,,,,,,,,,,,,,,,
CANBK,,128.54,1.38,1.09,,,,0.78,,,,,,,,,,,,,,,,,,,,SUPPORT,Support_Resistance_25AUG26_Scan_4_8_2026 (1).xlsx,57951.0,25.0,0.04,125.0,1445.0,-103.0,1747.0,-17.0,2.83,LB,,,,,,,,,,,,,,,,
FEDERALBNK,,359.95,-0.05,-0.01,,,,0.97,,,,,,,,,,,,,,,,,,,,SUPPORT,Support_Resistance_25AUG26_Scan_4_8_2026 (1).xlsx,34382.0,143.0,0.42,350.0,728.0,10.0,1259.0,6.0,2.84,SB,,,,,,,,,,,,,,,,
NIFTY,,24681.8,32.4,0.13,,,,1.12,,,,,,,,,,,,,,,,,,,,SUPPORT,Support_Resistance_25AUG26_Scan_4_8_2026 (1).xlsx,182667.0,-362.0,-0.2,24000.0,90573.0,-380.0,128191.0,843.0,2.84,SC,,,,,,,,,,,,,,,,
TRENT,,3085.7,32.3,1.06,,,,0.75,,,,,,,,,,,,,,,,,,,,SUPPORT,Support_Resistance_25AUG26_Scan_4_8_2026 (1).xlsx,47307.0,-80.0,-0.17,3000.0,1465.0,-94.0,1757.0,-6.0,2.86,SC,,,,,,,,,,,,,,,,
ICICIPRULI,,514.95,-4.3,-0.83,,,,0.63,,,,,,,,,,,,,,,,,,,,SUPPORT,Support_Resistance_25AUG26_Scan_4_8_2026 (1).xlsx,19811.0,86.0,0.44,500.0,0.0,,538.0,12.0,2.99,SB,,,,,,,,,,,,,,,,
COLPAL,,2044.0,-25.7,-1.24,,,,0.47,,,,,,,,,,,,,,,,,,,,SUPPORT,Support_Resistance_25AUG26_Scan_4_8_2026.xlsx,18079.0,222.0,1.24,2100.0,1244.0,77.0,889.0,11.0,-2.67,SB,,,,,,,,,,,,,,,,
ADANIENSOL,,1661.0,10.3,0.62,,,,0.6,,,,,,,,,,,,,,,,,,,,SUPPORT,Support_Resistance_25AUG26_Scan_4_8_2026.xlsx,28759.0,-22.0,-0.08,1700.0,1464.0,3.0,752.0,1.0,-2.29,SC,,,,,,,,,,,,,,,,
IREDA,,117.25,-5.08,-4.15,,,,0.78,,,,,,,,,,,,,,,,,,,,SUPPORT,Support_Resistance_25AUG26_Scan_4_8_2026.xlsx,15012.0,1221.0,8.85,120.0,1252.0,312.0,921.0,-31.0,-2.29,SB,,,,,,,,,,,,,,,,
BEL,,392.8,2.55,0.65,,,,0.59,,,,,,,,,,,,,,,,,,,,SUPPORT,Support_Resistance_25AUG26_Scan_4_8_2026.xlsx,72472.0,25.0,0.03,400.0,6523.0,-38.0,3306.0,13.0,-1.8,LB,,,,,,,,,,,,,,,,
SRF,,2657.1,7.1,0.27,,,,0.46,,,,,,,,,,,,,,,,,,,,SUPPORT,Support_Resistance_25AUG26_Scan_4_8_2026.xlsx,22609.0,26.0,0.12,2700.0,1936.0,-11.0,1238.0,5.0,-1.59,LB,,,,,,,,,,,,,,,,
LICI,,393.75,-31.75,-7.46,,,,0.65,,,,,,,,,,,,,,,,,,,,SUPPORT,Support_Resistance_25AUG26_Scan_4_8_2026.xlsx,20279.0,7347.0,56.81,400.0,1608.0,1521.0,1733.0,294.0,-1.56,SB,,,,,,,,,,,,,,,,
SUZLON,,49.28,0.02,0.04,,,,0.52,,,,,,,,,,,,,,,,,,,,SUPPORT,Support_Resistance_25AUG26_Scan_4_8_2026.xlsx,35923.0,22.0,0.06,50.0,2331.0,91.0,995.0,16.0,-1.44,LB,,,,,,,,,,,,,,,,
HINDPETRO,,394.6,-0.4,-0.1,,,,0.72,,,,,,,,,,,,,,,,,,,,SUPPORT,Support_Resistance_25AUG26_Scan_4_8_2026.xlsx,22192.0,7.0,0.03,400.0,1993.0,-6.0,644.0,2.0,-1.35,SB,,,,,,,,,,,,,,,,
GODREJPROP,,2073.2,-7.9,-0.38,,,,0.79,,,,,,,,,,,,,,,,,,,,SUPPORT,Support_Resistance_25AUG26_Scan_4_8_2026.xlsx,23390.0,130.0,0.56,2100.0,873.0,-20.0,839.0,6.0,-1.28,SB,,,,,,,,,,,,,,,,
INOXWIND,,79.35,-0.38,-0.48,,,,0.64,,,,,,,,,,,,,,,,,,,,SUPPORT,Support_Resistance_25AUG26_Scan_4_8_2026.xlsx,16450.0,24.0,0.15,80.0,1372.0,3.0,775.0,4.0,-0.81,SB,,,,,,,,,,,,,,,,
OBEROIRLTY,,1827.0,-9.6,-0.52,,,,0.52,,,,,,,,,,,,,,,,,,,,SUPPORT,Support_Resistance_25AUG26_Scan_4_8_2026.xlsx,15552.0,49.0,0.32,1840.0,949.0,13.0,464.0,-2.0,-0.71,SB,,,,,,,,,,,,,,,,
UPL,,595.95,-23.5,-3.79,,,,0.61,,,,,,,,,,,,,,,,,,,,SUPPORT,Support_Resistance_25AUG26_Scan_4_8_2026.xlsx,23192.0,320.0,1.4,600.0,875.0,339.0,950.0,226.0,-0.68,SB,,,,,,,,,,,,,,,,
TATACONSUM,,1095.5,-4.1,-0.37,,,,0.63,,,,,,,,,,,,,,,,,,,,SUPPORT,Support_Resistance_25AUG26_Scan_4_8_2026.xlsx,28558.0,54.0,0.19,1100.0,1200.0,35.0,892.0,19.0,-0.41,SB,,,,,,,,,,,,,,,,
CAMS,,796.85,-1.4,-0.18,,,,0.54,,,,,,,,,,,,,,,,,,,,SUPPORT,Support_Resistance_25AUG26_Scan_4_8_2026.xlsx,8954.0,8.0,0.09,800.0,1111.0,139.0,445.0,-18.0,-0.39,SB,,,,,,,,,,,,,,,,
LUPIN,,2392.8,6.6,0.28,,,,0.66,,,,,,,,,,,,,,,,,,,,SUPPORT,Support_Resistance_25AUG26_Scan_4_8_2026.xlsx,15063.0,-11.0,-0.07,2400.0,747.0,9.0,1033.0,-2.0,-0.3,SC,,,,,,,,,,,,,,,,
BANKNIFTY,,57900.0,38.4,0.07,,,,0.89,,,,,,,,,,,,,,,,,,,,SUPPORT,Support_Resistance_25AUG26_Scan_4_8_2026.xlsx,70020.0,29.0,0.04,58000.0,74680.0,742.0,52661.0,931.0,-0.17,LB,,,,,,,,,,,,,,,,
YESBANK,,22.97,0.06,0.26,,,,0.61,,,,,,,,,,,,,,,,,,,,SUPPORT,Support_Resistance_25AUG26_Scan_4_8_2026.xlsx,37966.0,-15.0,-0.04,23.0,2221.0,11.0,2216.0,-17.0,-0.13,SC,,,,,,,,,,,,,,,,
INDHOTEL,,749.55,2.05,0.27,,,,0.67,,,,,,,,,,,,,,,,,,,,SUPPORT,Support_Resistance_25AUG26_Scan_4_8_2026.xlsx,20805.0,45.0,0.22,750.0,893.0,2.0,360.0,2.0,-0.06,LB,,,,,,,,,,,,,,,,
PAGEIND,,40000.0,-220.0,-0.55,,,,0.71,,,,,,,,,,,,,,,,,,,,SUPPORT,Support_Resistance_25AUG26_Scan_4_8_2026.xlsx,11670.0,58.0,0.5,40000.0,176.0,0.0,479.0,6.0,0.0,SB,,,,,,,,,,,,,,,,
IRFC,,90.03,-0.5,-0.55,,,,0.69,,,,,,,,,,,,,,,,,,,,SUPPORT,Support_Resistance_25AUG26_Scan_4_8_2026.xlsx,15938.0,63.0,0.4,90.0,3374.0,103.0,2522.0,11.0,0.03,SB,,,,,,,,,,,,,,,,
MAXHEALTH,,1100.5,4.3,0.39,,,,0.72,,,,,,,,,,,,,,,,,,,,SUPPORT,Support_Resistance_25AUG26_Scan_4_8_2026.xlsx,18453.0,2.0,0.01,1100.0,573.0,0.0,740.0,20.0,0.05,LB,,,,,,,,,,,,,,,,
PERSISTENT,,5504.0,-49.5,-0.89,,,,0.59,,,,,,,,,,,,,,,,,,,,SUPPORT,Support_Resistance_25AUG26_Scan_4_8_2026.xlsx,28582.0,65.0,0.23,5500.0,2148.0,357.0,1712.0,-103.0,0.07,SB,,,,,,,,,,,,,,,,
HDFCBANK,,751.95,-1.95,-0.26,,,,0.49,,,,,,,,,,,,,,,,,,,,SUPPORT,Support_Resistance_25AUG26_Scan_4_8_2026.xlsx,459069.0,1016.0,0.22,750.0,22095.0,488.0,13158.0,109.0,0.26,SB,,,,,,,,,,,,,,,,
IDEA,,13.04,0.09,0.69,,,,0.61,,,,,,,,,,,,,,,,,,,,SUPPORT,Support_Resistance_25AUG26_Scan_4_8_2026.xlsx,82473.0,48.0,0.06,13.0,3446.0,22.0,2803.0,10.0,0.31,LB,,,,,,,,,,,,,,,,
BAJAJHLDNG,,11538.0,75.0,0.65,,,,0.69,,,,,,,,,,,,,,,,,,,,SUPPORT,Support_Resistance_25AUG26_Scan_4_8_2026.xlsx,4714.0,10.0,0.21,11500.0,308.0,9.0,300.0,0.0,0.33,LB,,,,,,,,,,,,,,,,
OIL,,451.7,-0.8,-0.18,,,,0.59,,,,,,,,,,,,,,,,,,,,SUPPORT,Support_Resistance_25AUG26_Scan_4_8_2026.xlsx,11243.0,4.0,0.04,450.0,309.0,2.0,458.0,-7.0,0.38,SB,,,,,,,,,,,,,,,,
ADANIGREEN,,1406.5,6.7,0.48,,,,0.61,,,,,,,,,,,,,,,,,,,,SUPPORT,Support_Resistance_25AUG26_Scan_4_8_2026.xlsx,44292.0,-115.0,-0.26,1400.0,2244.0,-368.0,1621.0,-15.0,0.46,SC,,,,,,,,,,,,,,,,
HINDUNILVR,,2111.0,-8.6,-0.41,,,,0.54,,,,,,,,,,,,,,,,,,,,SUPPORT,Support_Resistance_25AUG26_Scan_4_8_2026.xlsx,49552.0,119.0,0.24,2100.0,3274.0,54.0,2819.0,8.0,0.52,SB,,,,,,,,,,,,,,,,
ANGELONE,,302.05,0.7,0.23,,,,0.5,,,,,,,,,,,,,,,,,,,,SUPPORT,Support_Resistance_25AUG26_Scan_4_8_2026.xlsx,11089.0,27.0,0.24,300.0,844.0,29.0,782.0,1.0,0.68,LB,,,,,,,,,,,,,,,,
IDFCFIRSTB,,85.6,0.68,0.8,,,,0.7,,,,,,,,,,,,,,,,,,,,SUPPORT,Support_Resistance_25AUG26_Scan_4_8_2026.xlsx,38510.0,35.0,0.09,85.0,1421.0,-39.0,1191.0,23.0,0.71,LB,,,,,,,,,,,,,,,,
GODREJCP,,1068.0,-9.6,-0.89,,,,0.53,,,,,,,,,,,,,,,,,,,,SUPPORT,Support_Resistance_25AUG26_Scan_4_8_2026.xlsx,21891.0,188.0,0.87,1060.0,253.0,0.0,281.0,2.0,0.75,SB,,,,,,,,,,,,,,,,
RELIANCE,,1309.9,-1.8,-0.14,,,,0.81,,,,,,,,,,,,,,,,,,,,SUPPORT,Support_Resistance_25AUG26_Scan_4_8_2026.xlsx,204853.0,53.0,0.03,1300.0,16773.0,12.0,10611.0,34.0,0.76,SB,,,,,,,,,,,,,,,,
GLENMARK,,2218.0,-1.1,-0.05,,,,0.59,,,,,,,,,,,,,,,,,,,,SUPPORT,Support_Resistance_25AUG26_Scan_4_8_2026.xlsx,31179.0,80.0,0.26,2200.0,863.0,3.0,997.0,-6.0,0.82,SB,,,,,,,,,,,,,,,,
ONGC,,241.99,1.68,0.7,,,,0.55,,,,,,,,,,,,,,,,,,,,SUPPORT,Support_Resistance_25AUG26_Scan_4_8_2026.xlsx,24950.0,4.0,0.02,240.0,1428.0,-70.0,1781.0,17.0,0.83,LB,,,,,,,,,,,,,,,,
TORNTPHARM,,5042.0,-4.0,-0.08,,,,0.57,,,,,,,,,,,,,,,,,,,,SUPPORT,Support_Resistance_25AUG26_Scan_4_8_2026.xlsx,29856.0,11.0,0.04,5000.0,1057.0,6.0,757.0,-9.0,0.84,SB,,,,,,,,,,,,,,,,
INDUSTOWER,,393.5,-0.1,-0.03,,,,0.67,,,,,,,,,,,,,,,,,,,,SUPPORT,Support_Resistance_25AUG26_Scan_4_8_2026.xlsx,52959.0,102.0,0.19,390.0,711.0,27.0,1734.0,3.0,0.9,SB,,,,,,,,,,,,,,,,
ADANIPORTS,,1715.7,12.6,0.74,,,,0.58,,,,,,,,,,,,,,,,,,,,SUPPORT,Support_Resistance_25AUG26_Scan_4_8_2026.xlsx,43928.0,51.0,0.12,1700.0,2450.0,-86.0,2525.0,83.0,0.92,LB,,,,,,,,,,,,,,,,
DRREDDY,,1161.2,-3.2,-0.27,,,,0.62,,,,,,,,,,,,,,,,,,,,SUPPORT,Support_Resistance_25AUG26_Scan_4_8_2026.xlsx,20511.0,67.0,0.33,1150.0,1423.0,4.0,1184.0,2.0,0.97,SB,,,,,,,,,,,,,,,,
CUMMINSIND,,5556.5,30.5,0.55,,,,0.77,,,,,,,,,,,,,,,,,,,,SUPPORT,Support_Resistance_25AUG26_Scan_4_8_2026.xlsx,19746.0,22.0,0.11,5500.0,484.0,7.0,631.0,14.0,1.03,LB,,,,,,,,,,,,,,,,
PETRONET,,282.9,0.25,0.09,,,,1.08,,,,,,,,,,,,,,,,,,,,SUPPORT,Support_Resistance_25AUG26_Scan_4_8_2026.xlsx,16700.0,2.0,0.01,280.0,1170.0,2.0,899.0,8.0,1.04,LB,,,,,,,,,,,,,,,,
PHOENIXLTD,,1924.6,0.4,0.02,,,,0.71,,,,,,,,,,,,,,,,,,,,SUPPORT,Support_Resistance_25AUG26_Scan_4_8_2026.xlsx,10584.0,-10.0,-0.09,1900.0,306.0,0.0,463.0,-8.0,1.29,SC,,,,,,,,,,,,,,,,
DALBHARAT,,1825.7,-5.3,-0.29,,,,0.84,,,,,,,,,,,,,,,,,,,,SUPPORT,Support_Resistance_25AUG26_Scan_4_8_2026.xlsx,11651.0,13.0,0.11,1800.0,0.0,,286.0,-3.0,1.43,SB,,,,,,,,,,,,,,,,
IOC,,142.0,-0.37,-0.26,,,,0.83,,,,,,,,,,,,,,,,,,,,SUPPORT,Support_Resistance_25AUG26_Scan_4_8_2026.xlsx,30803.0,6.0,0.02,140.0,1182.0,-3.0,1500.0,-16.0,1.43,SB,,,,,,,,,,,,,,,,
DIXON,,13694.0,-28.0,-0.2,,,,0.55,,,,,,,,,,,,,,,,,,,,SUPPORT,Support_Resistance_25AUG26_Scan_4_8_2026.xlsx,52960.0,154.0,0.29,13500.0,1435.0,80.0,4050.0,-16.0,1.44,SB,,,,,,,,,,,,,,,,
SUPREMEIND,,3551.0,13.5,0.38,,,,0.8,,,,,,,,,,,,,,,,,,,,SUPPORT,Support_Resistance_25AUG26_Scan_4_8_2026.xlsx,13075.0,10.0,0.08,3500.0,906.0,-26.0,588.0,12.0,1.46,LB,,,,,,,,,,,,,,,,
CDSL,,1319.5,-6.3,-0.48,,,,0.67,,,,,,,,,,,,,,,,,,,,SUPPORT,Support_Resistance_25AUG26_Scan_4_8_2026.xlsx,22234.0,164.0,0.74,1300.0,665.0,38.0,1664.0,-2.0,1.5,SB,,,,,,,,,,,,,,,,
BPCL,,324.95,-1.65,-0.51,,,,0.7,,,,,,,,,,,,,,,,,,,,SUPPORT,Support_Resistance_25AUG26_Scan_4_8_2026.xlsx,20470.0,-47.0,-0.23,320.0,879.0,16.0,428.0,18.0,1.55,LU,,,,,,,,,,,,,,,,
VBL,,447.0,-0.15,-0.03,,,,0.49,,,,,,,,,,,,,,,,,,,,SUPPORT,Support_Resistance_25AUG26_Scan_4_8_2026.xlsx,42289.0,194.0,0.46,440.0,720.0,0.0,1181.0,6.0,1.59,SB,,,,,,,,,,,,,,,,
PRESTIGE,,1626.1,0.5,0.03,,,,0.68,,,,,,,,,,,,,,,,,,,,SUPPORT,Support_Resistance_25AUG26_Scan_4_8_2026.xlsx,11347.0,6.0,0.05,1600.0,415.0,-2.0,803.0,5.0,1.63,LB,,,,,,,,,,,,,,,,
ALKEM,,5692.5,0.5,0.01,,,,0.5,,,,,,,,,,,,,,,,,,,,SUPPORT,Support_Resistance_25AUG26_Scan_4_8_2026.xlsx,11299.0,9.0,0.08,5600.0,103.0,0.0,511.0,1.0,1.65,LB,,,,,,,,,,,,,,,,
DELHIVERY,,477.75,5.15,1.09,,,,0.69,,,,,,,,,,,,,,,,,,,,SUPPORT,Support_Resistance_25AUG26_Scan_4_8_2026.xlsx,13346.0,84.0,0.63,470.0,305.0,8.0,748.0,9.0,1.65,LB,,,,,,,,,,,,,,,,
LICHSGFIN,,508.25,3.75,0.74,,,,0.65,,,,,,,,,,,,,,,,,,,,SUPPORT,Support_Resistance_25AUG26_Scan_4_8_2026.xlsx,29925.0,383.0,1.3,500.0,684.0,145.0,1811.0,6.0,1.65,LB,,,,,,,,,,,,,,,,
ADANIPOWER,,213.52,0.75,0.35,,,,0.64,,,,,,,,,,,,,,,,,,,,SUPPORT,Support_Resistance_25AUG26_Scan_4_8_2026.xlsx,43879.0,25.0,0.06,210.0,1030.0,0.0,1543.0,-4.0,1.68,LB,,,,,,,,,,,,,,,,
MANAPPURAM,,366.15,1.35,0.37,,,,0.71,,,,,,,,,,,,,,,,,,,,SUPPORT,Support_Resistance_25AUG26_Scan_4_8_2026.xlsx,20290.0,-22.0,-0.11,360.0,656.0,2.0,532.0,6.0,1.71,SC,,,,,,,,,,,,,,,,
MOTILALOFS,,874.85,3.45,0.4,,,,0.65,,,,,,,,,,,,,,,,,,,,SUPPORT,Support_Resistance_25AUG26_Scan_4_8_2026.xlsx,9069.0,-8.0,-0.09,860.0,470.0,-1.0,416.0,0.0,1.73,SC,,,,,,,,,,,,,,,,
BANDHANBNK,,173.07,0.21,0.12,,,,0.52,,,,,,,,,,,,,,,,,,,,SUPPORT,Support_Resistance_25AUG26_Scan_4_8_2026.xlsx,36873.0,23.0,0.06,170.0,1470.0,-8.0,1411.0,-5.0,1.81,LB,,,,,,,,,,,,,,,,
GMRAIRPORT,,106.97,1.04,0.98,,,,0.99,,,,,,,,,,,,,,,,,,,,SUPPORT,Support_Resistance_25AUG26_Scan_4_8_2026.xlsx,18515.0,3.0,0.02,105.0,413.0,-21.0,672.0,-9.0,1.88,LB,,,,,,,,,,,,,,,,
GRASIM,,3158.6,-11.5,-0.36,,,,0.67,,,,,,,,,,,,,,,,,,,,SUPPORT,Support_Resistance_25AUG26_Scan_4_8_2026.xlsx,47294.0,20.0,0.04,3100.0,369.0,-1.0,501.0,44.0,1.89,SB,,,,,,,,,,,,,,,,
HAL,,4688.2,15.3,0.33,,,,0.76,,,,,,,,,,,,,,,,,,,,SUPPORT,Support_Resistance_25AUG26_Scan_4_8_2026.xlsx,34059.0,56.0,0.16,4600.0,2075.0,-3.0,1786.0,3.0,1.92,LB,,,,,,,,,,,,,,,,
ZYDUSLIFE,,1121.9,3.9,0.35,,,,0.75,,,,,,,,,,,,,,,,,,,,SUPPORT,Support_Resistance_25AUG26_Scan_4_8_2026.xlsx,11119.0,-10.0,-0.09,1100.0,188.0,8.0,346.0,2.0,1.99,SC,,,,,,,,,,,,,,,,
BSE,,3570.0,-1.4,-0.04,,,,0.66,,,,,,,,,,,,,,,,,,,,SUPPORT,Support_Resistance_25AUG26_Scan_4_8_2026.xlsx,42177.0,122.0,0.29,3500.0,1519.0,50.0,3389.0,8.0,2.0,SB,,,,,,,,,,,,,,,,
INDUSINDBK,,1020.7,3.8,0.37,,,,0.55,,,,,,,,,,,,,,,,,,,,SUPPORT,Support_Resistance_25AUG26_Scan_4_8_2026.xlsx,48141.0,-32.0,-0.07,1000.0,1280.0,6.0,1385.0,2.0,2.07,SC,,,,,,,,,,,,,,,,
UNITDSPR,,1531.8,0.7,0.05,,,,0.93,,,,,,,,,,,,,,,,,,,,SUPPORT,Support_Resistance_25AUG26_Scan_4_8_2026.xlsx,19347.0,-43.0,-0.22,1500.0,890.0,0.0,882.0,-6.0,2.12,SC,,,,,,,,,,,,,,,,
RECLTD,,368.0,-0.15,-0.04,,,,0.66,,,,,,,,,,,,,,,,,,,,SUPPORT,Support_Resistance_25AUG26_Scan_4_8_2026.xlsx,28266.0,8.0,0.03,360.0,933.0,4.0,995.0,-5.0,2.22,SB,,,,,,,,,,,,,,,,
VMM,,112.44,1.03,0.92,,,,0.6,,,,,,,,,,,,,,,,,,,,SUPPORT,Support_Resistance_25AUG26_Scan_4_8_2026.xlsx,9369.0,82.0,0.88,110.0,622.0,93.0,440.0,50.0,2.22,LB,,,,,,,,,,,,,,,,
UNIONBANK,,174.1,0.29,0.17,,,,0.87,,,,,,,,,,,,,,,,,,,,SUPPORT,Support_Resistance_25AUG26_Scan_4_8_2026.xlsx,26851.0,33.0,0.12,170.0,992.0,9.0,1044.0,2.0,2.41,LB,,,,,,,,,,,,,,,,
POLYCAB,,9230.0,154.0,1.7,,,,0.7,,,,,,,,,,,,,,,,,,,,SUPPORT,Support_Resistance_25AUG26_Scan_4_8_2026.xlsx,18011.0,-209.0,-1.15,9000.0,1321.0,-149.0,1096.0,43.0,2.56,SC,,,,,,,,,,,,,,,,
SENSEX,,78995.0,29.9,0.04,,,,1.49,,,,,,,,,,,,,,,,,,,,SUPPORT,Support_Resistance_25AUG26_Scan_4_8_2026.xlsx,1931.0,22.0,1.15,77000.0,0.0,,1859.0,67.0,2.59,LB,,,,,,,,,,,,,,,,
LTM,,4620.4,-53.5,-1.14,,,,0.75,,,,,,,,,,,,,,,,,,,,SUPPORT,Support_Resistance_25AUG26_Scan_4_8_2026.xlsx,15102.0,127.0,0.85,4500.0,560.0,0.0,639.0,13.0,2.68,SB,,,,,,,,,,,,,,,,
TRENT,,3080.5,27.1,0.89,,,,0.78,,,,,,,,,,,,,,,,,,,,SUPPORT,Support_Resistance_25AUG26_Scan_4_8_2026.xlsx,47319.0,-68.0,-0.14,3000.0,1480.0,-79.0,1757.0,-6.0,2.68,SC,,,,,,,,,,,,,,,,
CANBK,,128.36,1.2,0.94,,,,0.78,,,,,,,,,,,,,,,,,,,,SUPPORT,Support_Resistance_25AUG26_Scan_4_8_2026.xlsx,57931.0,5.0,0.01,125.0,1475.0,-73.0,1749.0,-15.0,2.69,LB,,,,,,,,,,,,,,,,
BHEL,,410.85,1.15,0.28,,,,0.61,,,,,,,,,,,,,,,,,,,,SUPPORT,Support_Resistance_25AUG26_Scan_4_8_2026.xlsx,30669.0,37.0,0.12,400.0,694.0,1.0,1077.0,25.0,2.71,LB,,,,,,,,,,,,,,,,
ICICIPRULI,,513.6,-5.65,-1.09,,,,0.64,,,,,,,,,,,,,,,,,,,,SUPPORT,Support_Resistance_25AUG26_Scan_4_8_2026.xlsx,19806.0,81.0,0.41,500.0,0.0,,530.0,4.0,2.72,SB,,,,,,,,,,,,,,,,
NIFTY,,24655.0,5.6,0.02,,,,1.12,,,,,,,,,,,,,,,,,,,,SUPPORT,Support_Resistance_25AUG26_Scan_4_8_2026.xlsx,182716.0,-313.0,-0.17,24000.0,90785.0,-168.0,128183.0,835.0,2.73,SC,,,,,,,,,,,,,,,,
NYKAA,,339.15,-1.85,-0.54,,,,0.58,,,,,,,,,,,,,,,,,,,,SUPPORT,Support_Resistance_25AUG26_Scan_4_8_2026.xlsx,14380.0,0.0,0.0,330.0,296.0,0.0,259.0,7.0,2.77,-,,,,,,,,,,,,,,,,
FEDERALBNK,,359.85,-0.15,-0.04,,,,0.98,,,,,,,,,,,,,,,,,,,,SUPPORT,Support_Resistance_25AUG26_Scan_4_8_2026.xlsx,34395.0,156.0,0.46,350.0,724.0,6.0,1259.0,6.0,2.81,SB,,,,,,,,,,,,,,,,
TECHM,,1645.0,-12.7,-0.77,,,,0.65,,,,,,,,,,,,,,,,,,,,SUPPORT,Support_Resistance_25AUG26_Scan_4_8_2026.xlsx,28622.0,67.0,0.23,1600.0,3133.0,0.0,940.0,38.0,2.81,SB,,,,,,,,,,,,,,,,
ITC,,288.0,0.55,0.19,,,,0.56,,,,,,,,,,,,,,,,,,,,SUPPORT,Support_Resistance_25AUG26_Scan_4_8_2026.xlsx,91233.0,75.0,0.08,280.0,2075.0,-8.0,4266.0,28.0,2.86,LB,,,,,,,,,,,,,,,,
LICI,,393.85,,,30902200,,,,,,,,,,,,,,,,,,,,,,,VOLUME_OI,VolumeAndOISpikesScans_25AUG26_Report_4_8_2026 (1).xlsx,,,,,,,,,,,,,-7.44,,70.69,,,,,,,-31.65,12797400,504.03 Cr,20015800,936.77
KEI,,"5,389.9",,,1952300,,,,,,,,,,,,,,,,,,,,,,,VOLUME_OI,VolumeAndOISpikesScans_25AUG26_Report_4_8_2026 (1).xlsx,,,,,,,,,,,,,7.05,,-0.19,,,,,,,354.9,-3675,-1.98 Cr,812350,99.66
IREDA,,117.12,,,68635200,,,,,,,,,,,,,,,,,,,,,,,VOLUME_OI,VolumeAndOISpikesScans_25AUG26_Report_4_8_2026 (1).xlsx,,,,,,,,,,,,,-4.26,,9.98,,,,,,,-5.21,6230925,72.98 Cr,14719825,19.46
KALYANKJIL,,603.45,,,24597000,,,,,,,,,,,,,,,,,,,,,,,VOLUME_OI,VolumeAndOISpikesScans_25AUG26_Report_4_8_2026 (1).xlsx,,,,,,,,,,,,,-0.67,,4.16,,,,,,,-4.05,982800,59.31 Cr,4976100,0.22
GODFRYPHLP,,"2,333.9",,,1862300,,,,,,,,,,,,,,,,,,,,,,,VOLUME_OI,VolumeAndOISpikesScans_25AUG26_Report_4_8_2026 (1).xlsx,,,,,,,,,,,,,4.84,,7.46,,,,,,,107.7,129250,30.17 Cr,891000,-5.98
POLYCAB,,"9,229.5",,,2253625,,,,,,,,,,,,,,,,,,,,,,,VOLUME_OI,VolumeAndOISpikesScans_25AUG26_Report_4_8_2026 (1).xlsx,,,,,,,,,,,,,1.69,,-1.05,,,,,,,153.5,-23875,-22.04 Cr,189375,-8.57
VEDL,,271.25,,,50251550,,,,,,,,,,,,,,,,,,,,,,,VOLUME_OI,VolumeAndOISpikesScans_25AUG26_Report_4_8_2026 (1).xlsx,,,,,,,,,,,,,1.78,,0.48,,,,,,,4.75,240350,6.52 Cr,2857750,-17.08
UNITDSPR,,1549,,,7767600,,,,,,,,,,,,,,,,,,,,,,,VOLUME_OI,VolumeAndOISpikesScans_25AUG26_Report_4_8_2026 (1).xlsx,,,,,,,,,,,,,1.17,,0.15,,,,,,,17.9,11600,1.80 Cr,424800,-18.37
UPL,,587,,,32197510,,,,,,,,,,,,,,,,,,,,,,,VOLUME_OI,VolumeAndOISpikesScans_25AUG26_Report_4_8_2026 (1).xlsx,,,,,,,,,,,,,-5.24,,3.89,,,,,,,-32.45,1205950,70.79 Cr,5658480,-32.23
DLF,,658.5,,,46561400,,,,,,,,,,,,,,,,,,,,,,,VOLUME_OI,VolumeAndOISpikesScans_25AUG26_Report_4_8_2026 (1).xlsx,,,,,,,,,,,,,-1.16,,0.37,,,,,,,-7.75,170050,11.20 Cr,2686600,-32.43
PREMIERENE,,1053,,,7385300,,,,,,,,,,,,,,,,,,,,,,,VOLUME_OI,VolumeAndOISpikesScans_25AUG26_Report_4_8_2026 (1).xlsx,,,,,,,,,,,,,2.05,,-0.74,,,,,,,21.2,-55250,-5.82 Cr,440050,-36.55
DABUR,,417.45,,,29980000,,,,,,,,,,,,,,,,,,,,,,,VOLUME_OI,VolumeAndOISpikesScans_25AUG26_Report_4_8_2026 (1).xlsx,,,,,,,,,,,,,-2.16,,2.01,,,,,,,-9.2,591250,24.68 Cr,2051250,-36.74
PIDILITIND,,"1,661.2",,,7752500,,,,,,,,,,,,,,,,,,,,,,,VOLUME_OI,VolumeAndOISpikesScans_25AUG26_Report_4_8_2026 (1).xlsx,,,,,,,,,,,,,1.29,,0.27,,,,,,,21.2,21000,3.49 Cr,355000,-46.17
HINDALCO,,1010,,,53105500,,,,,,,,,,,,,,,,,,,,,,,VOLUME_OI,VolumeAndOISpikesScans_25AUG26_Report_4_8_2026 (1).xlsx,,,,,,,,,,,,,1.31,,0.07,,,,,,,13.1,37800,3.82 Cr,2802100,-57.51
HEROMOTOCO,,"5,553.5",,,4687800,,,,,,,,,,,,,,,,,,,,,,,VOLUME_OI,VolumeAndOISpikesScans_25AUG26_Report_4_8_2026 (1).xlsx,,,,,,,,,,,,,2.34,,1.38,,,,,,,127,63900,35.49 Cr,268950,-59.18
NAM-INDIA,,1183,,,7094375,,,,,,,,,,,,,,,,,,,,,,,VOLUME_OI,VolumeAndOISpikesScans_25AUG26_Report_4_8_2026 (1).xlsx,,,,,,,,,,,,,1.85,,0.63,,,,,,,21.5,44375,5.25 Cr,142500,-59.65
SAIL,,171.41,,,179164000,,,,,,,,,,,,,,,,,,,,,,,VOLUME_OI,VolumeAndOISpikesScans_25AUG26_Report_4_8_2026 (1).xlsx,,,,,,,,,,,,,0.66,,-0.13,,,,,,,1.13,-225600,-3.87 Cr,3205400,-60.02
HDFCLIFE,,547.6,,,46445300,,,,,,,,,,,,,,,,,,,,,,,VOLUME_OI,VolumeAndOISpikesScans_25AUG26_Report_4_8_2026 (1).xlsx,,,,,,,,,,,,,-0.95,,0.17,,,,,,,-5.25,79200,4.34 Cr,1212200,-60.81
HINDZINC,,561.35,,,29544550,,,,,,,,,,,,,,,,,,,,,,,VOLUME_OI,VolumeAndOISpikesScans_25AUG26_Report_4_8_2026 (1).xlsx,,,,,,,,,,,,,2.18,,-0.65,,,,,,,12,-193550,-10.86 Cr,1456525,-61.83
POWERINDIA,,32760,,,579325,,,,,,,,,,,,,,,,,,,,,,,VOLUME_OI,VolumeAndOISpikesScans_25AUG26_Report_4_8_2026 (1).xlsx,,,,,,,,,,,,,1.82,,-0.04,,,,,,,585,-225,-73.71 L,16650,-61.92
SBILIFE,,"1,893.1",,,6272625,,,,,,,,,,,,,,,,,,,,,,,VOLUME_OI,VolumeAndOISpikesScans_25AUG26_Report_4_8_2026 (1).xlsx,,,,,,,,,,,,,-0.98,,0.34,,,,,,,-18.7,21000,3.98 Cr,239625,-62.76
NATIONALUM,,381.1,,,46451250,,,,,,,,,,,,,,,,,,,,,,,VOLUME_OI,VolumeAndOISpikesScans_25AUG26_Report_4_8_2026 (1).xlsx,,,,,,,,,,,,,4.44,,0.13,,,,,,,16.2,60000,2.29 Cr,5240625,-63.13
FEDERALBNK,,359.9,,,85947500,,,,,,,,,,,,,,,,,,,,,,,VOLUME_OI,VolumeAndOISpikesScans_25AUG26_Report_4_8_2026 (1).xlsx,,,,,,,,,,,,,-0.03,,0.41,,,,,,,-0.1,350000,12.60 Cr,1712500,-63.85
TIINDIA,,"2,778.3",,,2208400,,,,,,,,,,,,,,,,,,,,,,,VOLUME_OI,VolumeAndOISpikesScans_25AUG26_Report_4_8_2026 (1).xlsx,,,,,,,,,,,,,1.07,,-0.08,,,,,,,29.5,-1800,-50.01 L,78400,-64.43
360ONE,,"1,176.7",,,4113000,,,,,,,,,,,,,,,,,,,,,,,VOLUME_OI,VolumeAndOISpikesScans_25AUG26_Report_4_8_2026 (1).xlsx,,,,,,,,,,,,,2.12,,0.27,,,,,,,24.4,11000,1.29 Cr,132000,-65.08
KOTAKBANK,,398.2,,,174294000,,,,,,,,,,,,,,,,,,,,,,,VOLUME_OI,VolumeAndOISpikesScans_25AUG26_Report_4_8_2026 (1).xlsx,,,,,,,,,,,,,0.77,,0.14,,,,,,,3.05,236000,9.40 Cr,2560000,-66.2
BOSCHLTD,,41510,,,208625,,,,,,,,,,,,,,,,,,,,,,,VOLUME_OI,VolumeAndOISpikesScans_25AUG26_Report_4_8_2026 (1).xlsx,,,,,,,,,,,,,0.99,,0.07,,,,,,,405,150,62.27 L,6000,-66.24
CUMMINSIND,,5610,,,3942000,,,,,,,,,,,,,,,,,,,,,,,VOLUME_OI,VolumeAndOISpikesScans_25AUG26_Report_4_8_2026 (1).xlsx,,,,,,,,,,,,,1.52,,-0.07,,,,,,,84,-2800,-1.57 Cr,86200,-66.67
CGPOWER,,876,,,20308200,,,,,,,,,,,,,,,,,,,,,,,VOLUME_OI,VolumeAndOISpikesScans_25AUG26_Report_4_8_2026 (1).xlsx,,,,,,,,,,,,,2.25,,0.21,,,,,,,19.3,41650,3.65 Cr,1057400,-66.79
NESTLEIND,,"1,531.3",,,8443500,,,,,,,,,,,,,,,,,,,,,,,VOLUME_OI,VolumeAndOISpikesScans_25AUG26_Report_4_8_2026 (1).xlsx,,,,,,,,,,,,,0.92,,1.05,,,,,,,14,88000,13.48 Cr,275500,-67.76
BLUESTARCO,,1714,,,3157700,,,,,,,,,,,,,,,,,,,,,,,VOLUME_OI,VolumeAndOISpikesScans_25AUG26_Report_4_8_2026 (1).xlsx,,,,,,,,,,,,,-0.46,,1.21,,,,,,,-8,37700,6.46 Cr,107250,-67.87
CANBK,,128.45,,,391182750,,,,,,,,,,,,,,,,,,,,,,,VOLUME_OI,VolumeAndOISpikesScans_25AUG26_Report_4_8_2026 (1).xlsx,,,,,,,,,,,,,1.01,,0.05,,,,,,,1.29,182250,2.34 Cr,8255250,-69.54
POWERGRID,,284.95,,,45244700,,,,,,,,,,,,,,,,,,,,,,,VOLUME_OI,VolumeAndOISpikesScans_25AUG26_Report_4_8_2026 (1).xlsx,,,,,,,,,,,,,0.09,,0.36,,,,,,,0.25,163400,4.66 Cr,938600,-69.9
BAJAJ-AUTO,,11612,,,1910775,,,,,,,,,,,,,,,,,,,,,,,VOLUME_OI,VolumeAndOISpikesScans_25AUG26_Report_4_8_2026 (1).xlsx,,,,,,,,,,,,,0.71,,0.49,,,,,,,82,9300,10.80 Cr,74925,-71.62
VMM,,112.89,,,45847050,,,,,,,,,,,,,,,,,,,,,,,VOLUME_OI,VolumeAndOISpikesScans_25AUG26_Report_4_8_2026 (1).xlsx,,,,,,,,,,,,,1.33,,1.79,,,,,,,1.48,805100,9.09 Cr,2303750,-71.99
SIEMENS,,4025,,,3565100,,,,,,,,,,,,,,,,,,,,,,,VOLUME_OI,VolumeAndOISpikesScans_25AUG26_Report_4_8_2026 (1).xlsx,,,,,,,,,,,,,2.51,,1.03,,,,,,,98.5,36225,14.58 Cr,227325,-72.0
PAYTM,,"1,430.5",,,20587100,,,,,,,,,,,,,,,,,,,,,,,VOLUME_OI,VolumeAndOISpikesScans_25AUG26_Report_4_8_2026 (1).xlsx,,,,,,,,,,,,,0.9,,4.44,,,,,,,12.7,874350,125.08 Cr,4233275,-72.42
GRASIM,,3152,,,11830500,,,,,,,,,,,,,,,,,,,,,,,VOLUME_OI,VolumeAndOISpikesScans_25AUG26_Report_4_8_2026 (1).xlsx,,,,,,,,,,,,,-0.57,,0.1,,,,,,,-18.1,12000,3.78 Cr,159500,-72.59
RBLBANK,,380.85,,,45050075,,,,,,,,,,,,,,,,,,,,,,,VOLUME_OI,VolumeAndOISpikesScans_25AUG26_Report_4_8_2026 (1).xlsx,,,,,,,,,,,,,0.57,,0.55,,,,,,,2.15,244475,9.31 Cr,1171575,-73.53
VOLTAS,,"1,348.1",,,7048875,,,,,,,,,,,,,,,,,,,,,,,VOLUME_OI,VolumeAndOISpikesScans_25AUG26_Report_4_8_2026 (1).xlsx,,,,,,,,,,,,,0.8,,0.52,,,,,,,10.7,36375,4.90 Cr,187125,-73.57
NAUKRI,,"1,272.3",,,14093200,,,,,,,,,,,,,,,,,,,,,,,VOLUME_OI,VolumeAndOISpikesScans_25AUG26_Report_4_8_2026 (1).xlsx,,,,,,,,,,,,,0.74,,0.47,,,,,,,9.3,66550,8.47 Cr,266750,-74.06
BEL,,394.1,,,103088775,,,,,,,,,,,,,,,,,,,,,,,VOLUME_OI,VolumeAndOISpikesScans_25AUG26_Report_4_8_2026 (1).xlsx,,,,,,,,,,,,,0.99,,-0.14,,,,,,,3.85,-148200,-5.84 Cr,1566075,-74.17
TITAN,,4890,,,5351325,,,,,,,,,,,,,,,,,,,,,,,VOLUME_OI,VolumeAndOISpikesScans_25AUG26_Report_4_8_2026 (1).xlsx,,,,,,,,,,,,,-0.16,,0.44,,,,,,,-7.8,23625,11.55 Cr,112700,-74.94
BDL,,1259,,,7111950,,,,,,,,,,,,,,,,,,,,,,,VOLUME_OI,VolumeAndOISpikesScans_25AUG26_Report_4_8_2026 (1).xlsx,,,,,,,,,,,,,0.74,,-0.26,,,,,,,9.3,-18700,-2.35 Cr,175950,-75.24
LICHSGFIN,,506.95,,,29930000,,,,,,,,,,,,,,,,,,,,,,,VOLUME_OI,VolumeAndOISpikesScans_25AUG26_Report_4_8_2026 (1).xlsx,,,,,,,,,,,,,0.49,,1.31,,,,,,,2.45,388000,19.67 Cr,1082000,-75.65
GODREJPROP,,"2,077.1",,,7605975,,,,,,,,,,,,,,,,,,,,,,,VOLUME_OI,VolumeAndOISpikesScans_25AUG26_Report_4_8_2026 (1).xlsx,,,,,,,,,,,,,-0.19,,0.61,,,,,,,-4,46475,9.65 Cr,215475,-75.74
COFORGE,,1756,,,13510425,,,,,,,,,,,,,,,,,,,,,,,VOLUME_OI,VolumeAndOISpikesScans_25AUG26_Report_4_8_2026 (1).xlsx,,,,,,,,,,,,,-0.9,,-0.78,,,,,,,-16,-105925,-18.60 Cr,489725,-76.02
YESBANK,,23.01,,,1178721100,,,,,,,,,,,,,,,,,,,,,,,VOLUME_OI,VolumeAndOISpikesScans_25AUG26_Report_4_8_2026 (1).xlsx,,,,,,,,,,,,,0.44,,-0.21,,,,,,,0.1,-2488000,-5.72 Cr,11631400,-76.04
IDEA,,13.09,,,5893828500,,,,,,,,,,,,,,,,,,,,,,,VOLUME_OI,VolumeAndOISpikesScans_25AUG26_Report_4_8_2026 (1).xlsx,,,,,,,,,,,,,1.08,,0.04,,,,,,,0.14,2501625,3.27 Cr,30948675,-76.68
LT,,"4,049.3",,,11504325,,,,,,,,,,,,,,,,,,,,,,,VOLUME_OI,VolumeAndOISpikesScans_25AUG26_Report_4_8_2026 (1).xlsx,,,,,,,,,,,,,0.76,,0.09,,,,,,,30.7,9975,4.04 Cr,358750,-76.9
TATASTEEL,,193,,,168712500,,,,,,,,,,,,,,,,,,,,,,,VOLUME_OI,VolumeAndOISpikesScans_25AUG26_Report_4_8_2026 (1).xlsx,,,,,,,,,,,,,1.38,,-0.51,,,,,,,2.63,-871750,-16.82 Cr,4840000,-77.04
TECHM,,"1,650.7",,,17295600,,,,,,,,,,,,,,,,,,,,,,,VOLUME_OI,VolumeAndOISpikesScans_25AUG26_Report_4_8_2026 (1).xlsx,,,,,,,,,,,,,-0.42,,0.95,,,,,,,-7,162600,26.84 Cr,625800,-77.36
NIFTYNXT50,,"74,333.2",,,19350,,,,,,,,,,,,,,,,,,,,,,,VOLUME_OI,VolumeAndOISpikesScans_25AUG26_Report_4_8_2026 (1).xlsx,,,,,,,,,,,,,0.13,,0.13,,,,,,,95,25,18.58 L,575,-78.1
SRF,,2663,,,4530800,,,,,,,,,,,,,,,,,,,,,,,VOLUME_OI,VolumeAndOISpikesScans_25AUG26_Report_4_8_2026 (1).xlsx,,,,,,,,,,,,,0.49,,0.31,,,,,,,13,14200,3.78 Cr,51400,-78.29
SOLARINDS,,18840,,,797250,,,,,,,,,,,,,,,,,,,,,,,VOLUME_OI,VolumeAndOISpikesScans_25AUG26_Report_4_8_2026 (1).xlsx,,,,,,,,,,,,,1.15,,-0.37,,,,,,,215,-3000,-5.65 Cr,11700,-78.41
GVT&D,,"4,404.4",,,2862375,,,,,,,,,,,,,,,,,,,,,,,VOLUME_OI,VolumeAndOISpikesScans_25AUG26_Report_4_8_2026 (1).xlsx,,,,,,,,,,,,,2,,0.16,,,,,,,86.2,4500,1.98 Cr,69625,-78.75
OBEROIRLTY,,1828,,,5447050,,,,,,,,,,,,,,,,,,,,,,,VOLUME_OI,VolumeAndOISpikesScans_25AUG26_Report_4_8_2026 (1).xlsx,,,,,,,,,,,,,-0.47,,0.39,,,,,,,-8.6,21000,3.84 Cr,71050,-78.81
PAGEIND,,40030,,,232740,,,,,,,,,,,,,,,,,,,,,,,VOLUME_OI,VolumeAndOISpikesScans_25AUG26_Report_4_8_2026 (1).xlsx,,,,,,,,,,,,,-0.47,,0.22,,,,,,,-190,500,2.00 Cr,6380,-78.86
GMRAIRPORT,,107.04,,,129177000,,,,,,,,,,,,,,,,,,,,,,,VOLUME_OI,VolumeAndOISpikesScans_25AUG26_Report_4_8_2026 (1).xlsx,,,,,,,,,,,,,1.05,,0.04,,,,,,,1.11,55800,59.73 L,1415925,-78.92
CDSL,,1347,,,10565425,,,,,,,,,,,,,,,,,,,,,,,VOLUME_OI,VolumeAndOISpikesScans_25AUG26_Report_4_8_2026 (1).xlsx,,,,,,,,,,,,,1.6,,0.78,,,,,,,21.2,82175,11.07 Cr,590900,-79.07
GODREJCP,,"1,076.6",,,10966500,,,,,,,,,,,,,,,,,,,,,,,VOLUME_OI,VolumeAndOISpikesScans_25AUG26_Report_4_8_2026 (1).xlsx,,,,,,,,,,,,,-0.09,,1.06,,,,,,,-1,115000,12.38 Cr,274000,-79.39
ADANIENT,,3097,,,15685767,,,,,,,,,,,,,,,,,,,,,,,VOLUME_OI,VolumeAndOISpikesScans_25AUG26_Report_4_8_2026 (1).xlsx,,,,,,,,,,,,,0.77,,-0.13,,,,,,,23.7,-20703,-6.41 Cr,260487,-79.51
BRITANNIA,,5470,,,1919750,,,,,,,,,,,,,,,,,,,,,,,VOLUME_OI,VolumeAndOISpikesScans_25AUG26_Report_4_8_2026 (1).xlsx,,,,,,,,,,,,,-0.2,,0.58,,,,,,,-11,11125,6.09 Cr,37000,-79.53
COLPAL,,"2,044.1",,,4980525,,,,,,,,,,,,,,,,,,,,,,,VOLUME_OI,VolumeAndOISpikesScans_25AUG26_Report_4_8_2026 (1).xlsx,,,,,,,,,,,,,-1.24,,1.42,,,,,,,-25.6,69850,14.28 Cr,146850,-79.72
ADANIPORTS,,1714,,,20849175,,,,,,,,,,,,,,,,,,,,,,,VOLUME_OI,VolumeAndOISpikesScans_25AUG26_Report_4_8_2026 (1).xlsx,,,,,,,,,,,,,0.64,,0.04,,,,,,,10.9,7600,1.30 Cr,308750,-79.84
TVSMOTOR,,"4,376.5",,,9308075,,,,,,,,,,,,,,,,,,,,,,,VOLUME_OI,VolumeAndOISpikesScans_25AUG26_Report_4_8_2026 (1).xlsx,,,,,,,,,,,,,0.72,,0.67,,,,,,,31.1,61600,26.96 Cr,218750,-80.05
HDFCBANK,,750,,,298860250,,,,,,,,,,,,,,,,,,,,,,,VOLUME_OI,VolumeAndOISpikesScans_25AUG26_Report_4_8_2026 (1).xlsx,,,,,,,,,,,,,-0.52,,0.38,,,,,,,-3.9,1125800,84.44 Cr,2856750,-80.25
HINDUNILVR,,"2,111.8",,,14880900,,,,,,,,,,,,,,,,,,,,,,,VOLUME_OI,VolumeAndOISpikesScans_25AUG26_Report_4_8_2026 (1).xlsx,,,,,,,,,,,,,-0.37,,0.34,,,,,,,-7.8,51000,10.77 Cr,201300,-80.26
CROMPTON,,269.05,,,59671100,,,,,,,,,,,,,,,,,,,,,,,VOLUME_OI,VolumeAndOISpikesScans_25AUG26_Report_4_8_2026 (1).xlsx,,,,,,,,,,,,,0.52,,0.26,,,,,,,1.4,156950,4.22 Cr,881500,-80.35
TRENT,,"3,085.7",,,10644750,,,,,,,,,,,,,,,,,,,,,,,VOLUME_OI,VolumeAndOISpikesScans_25AUG26_Report_4_8_2026 (1).xlsx,,,,,,,,,,,,,1.06,,-0.16,,,,,,,32.3,-17325,-5.35 Cr,124425,-80.73
HAL,,"4,697.7",,,5109150,,,,,,,,,,,,,,,,,,,,,,,VOLUME_OI,VolumeAndOISpikesScans_25AUG26_Report_4_8_2026 (1).xlsx,,,,,,,,,,,,,0.53,,0.17,,,,,,,24.8,8700,4.09 Cr,75450,-81.0
TATACONSUM,,"1,100.9",,,15733850,,,,,,,,,,,,,,,,,,,,,,,VOLUME_OI,VolumeAndOISpikesScans_25AUG26_Report_4_8_2026 (1).xlsx,,,,,,,,,,,,,0.12,,0.36,,,,,,,1.3,56650,6.24 Cr,188650,-81.15
IDFCFIRSTB,,85.72,,,357189525,,,,,,,,,,,,,,,,,,,,,,,VOLUME_OI,VolumeAndOISpikesScans_25AUG26_Report_4_8_2026 (1).xlsx,,,,,,,,,,,,,0.94,,0.09,,,,,,,0.8,333900,2.86 Cr,5713400,-81.65
LAURUSLABS,,"1,818.6",,,16564800,,,,,,,,,,,,,,,,,,,,,,,VOLUME_OI,VolumeAndOISpikesScans_25AUG26_Report_4_8_2026 (1).xlsx,,,,,,,,,,,,,0.43,,0.58,,,,,,,7.7,96050,17.47 Cr,444550,-82.02
ASTRAL,,1458,,,7119600,,,,,,,,,,,,,,,,,,,,,,,VOLUME_OI,VolumeAndOISpikesScans_25AUG26_Report_4_8_2026 (1).xlsx,,,,,,,,,,,,,0.38,,0.11,,,,,,,5.5,8075,1.18 Cr,140675,-82.14
WAAREEENER,,"2,684.3",,,7668500,,,,,,,,,,,,,,,,,,,,,,,VOLUME_OI,VolumeAndOISpikesScans_25AUG26_Report_4_8_2026 (1).xlsx,,,,,,,,,,,,,0.94,,-0.13,,,,,,,25,-10150,-2.72 Cr,64575,-82.59
MFSL,,1532,,,9641200,,,,,,,,,,,,,,,,,,,,,,,VOLUME_OI,VolumeAndOISpikesScans_25AUG26_Report_4_8_2026 (1).xlsx,,,,,,,,,,,,,-0.25,,0.14,,,,,,,-3.8,13200,2.02 Cr,115600,-82.66
RADICO,,"4,454.9",,,806400,,,,,,,,,,,,,,,,,,,,,,,VOLUME_OI,VolumeAndOISpikesScans_25AUG26_Report_4_8_2026 (1).xlsx,,,,,,,,,,,,,0.37,,1.38,,,,,,,16.4,10950,4.88 Cr,29400,-82.9
SUPREMEIND,,"3,564.1",,,2280600,,,,,,,,,,,,,,,,,,,,,,,VOLUME_OI,VolumeAndOISpikesScans_25AUG26_Report_4_8_2026 (1).xlsx,,,,,,,,,,,,,0.75,,-0.25,,,,,,,26.6,-5775,-2.06 Cr,38325,-83.0
RVNL,,234.2,,,35156275,,,,,,,,,,,,,,,,,,,,,,,VOLUME_OI,VolumeAndOISpikesScans_25AUG26_Report_4_8_2026 (1).xlsx,,,,,,,,,,,,,0.48,,0.93,,,,,,,1.13,323400,7.57 Cr,1181950,-83.02
SBIN,,1042,,,83000250,,,,,,,,,,,,,,,,,,,,,,,VOLUME_OI,VolumeAndOISpikesScans_25AUG26_Report_4_8_2026 (1).xlsx,,,,,,,,,,,,,0.03,,0.8,,,,,,,0.3,659250,68.69 Cr,1656000,-83.29
MAZDOCK,,2409,,,5066775,,,,,,,,,,,,,,,,,,,,,,,VOLUME_OI,VolumeAndOISpikesScans_25AUG26_Report_4_8_2026 (1).xlsx,,,,,,,,,,,,,0.81,,0.04,,,,,,,19.4,2250,54.20 L,69300,-83.3
UNIONBANK,,174.06,,,119054625,,,,,,,,,,,,,,,,,,,,,,,VOLUME_OI,VolumeAndOISpikesScans_25AUG26_Report_4_8_2026 (1).xlsx,,,,,,,,,,,,,0.14,,0.32,,,,,,,0.25,384975,6.70 Cr,1752300,-83.58
PNBHOUSING,,"1,071.7",,,7741500,,,,,,,,,,,,,,,,,,,,,,,VOLUME_OI,VolumeAndOISpikesScans_25AUG26_Report_4_8_2026 (1).xlsx,,,,,,,,,,,,,-1.27,,0.8,,,,,,,-13.8,61100,6.55 Cr,457600,-83.6
BHARATFORG,,"2,204.9",,,7624000,,,,,,,,,,,,,,,,,,,,,,,VOLUME_OI,VolumeAndOISpikesScans_25AUG26_Report_4_8_2026 (1).xlsx,,,,,,,,,,,,,-0.1,,0.2,,,,,,,-2.2,15500,3.42 Cr,119000,-83.8
MCX,,"2,681.6",,,7510950,,,,,,,,,,,,,,,,,,,,,,,VOLUME_OI,VolumeAndOISpikesScans_25AUG26_Report_4_8_2026 (1).xlsx,,,,,,,,,,,,,1.96,,-0.54,,,,,,,51.5,-40725,-10.92 Cr,332775,-83.87
ADANIGREEN,,1412,,,26529600,,,,,,,,,,,,,,,,,,,,,,,VOLUME_OI,VolumeAndOISpikesScans_25AUG26_Report_4_8_2026 (1).xlsx,,,,,,,,,,,,,0.87,,-0.43,,,,,,,12.2,-114600,-16.18 Cr,457200,-83.88
NIFTY,,"24,681.9",,,11874655,,,,,,,,,,,,,,,,,,,,,,,VOLUME_OI,VolumeAndOISpikesScans_25AUG26_Report_4_8_2026 (1).xlsx,,,,,,,,,,,,,0.13,,-0.19,,,,,,,32.5,-22230,-54.87 Cr,510445,-83.99
SUZLON,,49.35,,,456488800,,,,,,,,,,,,,,,,,,,,,,,VOLUME_OI,VolumeAndOISpikesScans_25AUG26_Report_4_8_2026 (1).xlsx,,,,,,,,,,,,,0.18,,0.12,,,,,,,0.09,546100,2.70 Cr,5613400,-84.0
CAMS,,816.9,,,7330950,,,,,,,,,,,,,,,,,,,,,,,VOLUME_OI,VolumeAndOISpikesScans_25AUG26_Report_4_8_2026 (1).xlsx,,,,,,,,,,,,,2.34,,-0.67,,,,,,,18.65,-49500,-4.04 Cr,414975,-84.13
HAVELLS,,"1,294.3",,,9185000,,,,,,,,,,,,,,,,,,,,,,,VOLUME_OI,VolumeAndOISpikesScans_25AUG26_Report_4_8_2026 (1).xlsx,,,,,,,,,,,,,0.8,,0,,,,,,,10.3,0,-,203500,-84.13
PATANJALI,,361.75,,,33121825,,,,,,,,,,,,,,,,,,,,,,,VOLUME_OI,VolumeAndOISpikesScans_25AUG26_Report_4_8_2026 (1).xlsx,,,,,,,,,,,,,-0.18,,1.28,,,,,,,-0.65,417100,15.09 Cr,1190025,-84.43
MOTHERSON,,154.4,,,125275500,,,,,,,,,,,,,,,,,,,,,,,VOLUME_OI,VolumeAndOISpikesScans_25AUG26_Report_4_8_2026 (1).xlsx,,,,,,,,,,,,,-0.13,,0.62,,,,,,,-0.2,768750,11.87 Cr,3013500,-84.47
BSE,,"3,600.5",,,8453400,,,,,,,,,,,,,,,,,,,,,,,VOLUME_OI,VolumeAndOISpikesScans_25AUG26_Report_4_8_2026 (1).xlsx,,,,,,,,,,,,,0.81,,0.5,,,,,,,29.1,42400,15.27 Cr,440400,-84.6
BHEL,,413.6,,,80537625,,,,,,,,,,,,,,,,,,,,,,,VOLUME_OI,VolumeAndOISpikesScans_25AUG26_Report_4_8_2026 (1).xlsx,,,,,,,,,,,,,0.95,,0.16,,,,,,,3.9,128625,5.32 Cr,939750,-84.65
JSWENERGY,,568.55,,,24722850,,,,,,,,,,,,,,,,,,,,,,,VOLUME_OI,VolumeAndOISpikesScans_25AUG26_Report_4_8_2026 (1).xlsx,,,,,,,,,,,,,0.27,,0.16,,,,,,,1.55,38700,2.20 Cr,279500,-84.7
AXISBANK,,1257,,,81006875,,,,,,,,,,,,,,,,,,,,,,,VOLUME_OI,VolumeAndOISpikesScans_25AUG26_Report_4_8_2026 (1).xlsx,,,,,,,,,,,,,0.1,,0.18,,,,,,,1.3,144375,18.15 Cr,961250,-84.76
IRFC,,90.37,,,86599275,,,,,,,,,,,,,,,,,,,,,,,VOLUME_OI,VolumeAndOISpikesScans_25AUG26_Report_4_8_2026 (1).xlsx,,,,,,,,,,,,,-0.18,,0.55,,,,,,,-0.16,477400,4.31 Cr,1687175,-84.81
INDIANB,,847.55,,,12352000,,,,,,,,,,,,,,,,,,,,,,,VOLUME_OI,VolumeAndOISpikesScans_25AUG26_Report_4_8_2026 (1).xlsx,,,,,,,,,,,,,0.25,,0.23,,,,,,,2.15,28000,2.37 Cr,265000,-84.88
ICICIBANK,,"1,454.4",,,104598900,,,,,,,,,,,,,,,,,,,,,,,VOLUME_OI,VolumeAndOISpikesScans_25AUG26_Report_4_8_2026 (1).xlsx,,,,,,,,,,,,,0.5,,0.22,,,,,,,7.2,225400,32.78 Cr,875700,-85.02
MARICO,,876.15,,,16314000,,,,,,,,,,,,,,,,,,,,,,,VOLUME_OI,VolumeAndOISpikesScans_25AUG26_Report_4_8_2026 (1).xlsx,,,,,,,,,,,,,-0.52,,0.41,,,,,,,-4.6,67200,5.89 Cr,528000,-85.28
PGEL,,621.75,,,10665650,,,,,,,,,,,,,,,,,,,,,,,VOLUME_OI,VolumeAndOISpikesScans_25AUG26_Report_4_8_2026 (1).xlsx,,,,,,,,,,,,,-0.22,,0.25,,,,,,,-1.4,26600,1.65 Cr,327750,-85.36
LODHA,,"1,242.1",,,11750625,,,,,,,,,,,,,,,,,,,,,,,VOLUME_OI,VolumeAndOISpikesScans_25AUG26_Report_4_8_2026 (1).xlsx,,,,,,,,,,,,,0.88,,-0.48,,,,,,,10.8,-56875,-7.06 Cr,255000,-85.57
M&M,,3425,,,12323800,,,,,,,,,,,,,,,,,,,,,,,VOLUME_OI,VolumeAndOISpikesScans_25AUG26_Report_4_8_2026 (1).xlsx,,,,,,,,,,,,,0.56,,0.28,,,,,,,19.2,35000,11.99 Cr,248600,-85.68
TATAPOWER,,383.6,,,62149900,,,,,,,,,,,,,,,,,,,,,,,VOLUME_OI,VolumeAndOISpikesScans_25AUG26_Report_4_8_2026 (1).xlsx,,,,,,,,,,,,,0.09,,0.09,,,,,,,0.35,53650,2.06 Cr,471250,-85.69
ONGC,,242.23,,,56119500,,,,,,,,,,,,,,,,,,,,,,,VOLUME_OI,VolumeAndOISpikesScans_25AUG26_Report_4_8_2026 (1).xlsx,,,,,,,,,,,,,0.8,,-0.02,,,,,,,1.92,-9000,-21.80 L,1021500,-86.01
INDUSTOWER,,394,,,89839900,,,,,,,,,,,,,,,,,,,,,,,VOLUME_OI,VolumeAndOISpikesScans_25AUG26_Report_4_8_2026 (1).xlsx,,,,,,,,,,,,,0.1,,-0.02,,,,,,,0.4,-17000,-66.98 L,663000,-86.02
BIOCON,,422.45,,,47937500,,,,,,,,,,,,,,,,,,,,,,,VOLUME_OI,VolumeAndOISpikesScans_25AUG26_Report_4_8_2026 (1).xlsx,,,,,,,,,,,,,-0.69,,0.42,,,,,,,-2.95,200000,8.45 Cr,695000,-86.04
UNOMINDA,,"1,216.3",,,4602400,,,,,,,,,,,,,,,,,,,,,,,VOLUME_OI,VolumeAndOISpikesScans_25AUG26_Report_4_8_2026 (1).xlsx,,,,,,,,,,,,,-0.05,,-0.27,,,,,,,-0.6,-12650,-1.54 Cr,179300,-86.07
JSWSTEEL,,"1,287.7",,,39633300,,,,,,,,,,,,,,,,,,,,,,,VOLUME_OI,VolumeAndOISpikesScans_25AUG26_Report_4_8_2026 (1).xlsx,,,,,,,,,,,,,0.34,,0.1,,,,,,,4.4,39825,5.13 Cr,374625,-86.29
INDUSINDBK,,"1,021.8",,,33689600,,,,,,,,,,,,,,,,,,,,,,,VOLUME_OI,VolumeAndOISpikesScans_25AUG26_Report_4_8_2026 (1).xlsx,,,,,,,,,,,,,0.48,,-0.09,,,,,,,4.9,-31500,-3.22 Cr,181300,-86.52
ANGELONE,,304.1,,,27752500,,,,,,,,,,,,,,,,,,,,,,,VOLUME_OI,VolumeAndOISpikesScans_25AUG26_Report_4_8_2026 (1).xlsx,,,,,,,,,,,,,0.91,,0.35,,,,,,,2.75,97500,2.96 Cr,672500,-86.53
RELIANCE,,"1,309.5",,,102515500,,,,,,,,,,,,,,,,,,,,,,,VOLUME_OI,VolumeAndOISpikesScans_25AUG26_Report_4_8_2026 (1).xlsx,,,,,,,,,,,,,-0.17,,0.11,,,,,,,-2.2,115500,15.12 Cr,779000,-86.76
PHOENIXLTD,,1942,,,3701950,,,,,,,,,,,,,,,,,,,,,,,VOLUME_OI,VolumeAndOISpikesScans_25AUG26_Report_4_8_2026 (1).xlsx,,,,,,,,,,,,,0.93,,-0.16,,,,,,,17.8,-5950,-1.16 Cr,43050,-86.77
OFSS,,11544,,,1290200,,,,,,,,,,,,,,,,,,,,,,,VOLUME_OI,VolumeAndOISpikesScans_25AUG26_Report_4_8_2026 (1).xlsx,,,,,,,,,,,,,0.35,,0.26,,,,,,,40,3300,3.81 Cr,21300,-86.96
ICICIPRULI,,514.85,,,18325175,,,,,,,,,,,,,,,,,,,,,,,VOLUME_OI,VolumeAndOISpikesScans_25AUG26_Report_4_8_2026 (1).xlsx,,,,,,,,,,,,,-0.85,,0.44,,,,,,,-4.4,79550,4.10 Cr,259925,-87.01
BANKBARODA,,248.86,,,129378600,,,,,,,,,,,,,,,,,,,,,,,VOLUME_OI,VolumeAndOISpikesScans_25AUG26_Report_4_8_2026 (1).xlsx,,,,,,,,,,,,,0.46,,0.22,,,,,,,1.13,280800,6.99 Cr,1468350,-87.12
PIIND,,2830,,,2730350,,,,,,,,,,,,,,,,,,,,,,,VOLUME_OI,VolumeAndOISpikesScans_25AUG26_Report_4_8_2026 (1).xlsx,,,,,,,,,,,,,0.24,,0.89,,,,,,,6.7,23975,6.78 Cr,53200,-87.81
MOTILALOFS,,875.2,,,7032350,,,,,,,,,,,,,,,,,,,,,,,VOLUME_OI,VolumeAndOISpikesScans_25AUG26_Report_4_8_2026 (1).xlsx,,,,,,,,,,,,,0.44,,-0.03,,,,,,,3.8,-2325,-20.35 L,126325,-87.84
BHARTIARTL,,"1,965.5",,,54568475,,,,,,,,,,,,,,,,,,,,,,,VOLUME_OI,VolumeAndOISpikesScans_25AUG26_Report_4_8_2026 (1).xlsx,,,,,,,,,,,,,0.24,,0.06,,,,,,,4.8,31825,6.26 Cr,266475,-87.85
FINNIFTY,,"26,908.6",,,31920,,,,,,,,,,,,,,,,,,,,,,,VOLUME_OI,VolumeAndOISpikesScans_25AUG26_Report_4_8_2026 (1).xlsx,,,,,,,,,,,,,0.19,,-0.93,,,,,,,50.1,-300,-80.73 L,1500,-87.98
ABB,,7715,,,2177375,,,,,,,,,,,,,,,,,,,,,,,VOLUME_OI,VolumeAndOISpikesScans_25AUG26_Report_4_8_2026 (1).xlsx,,,,,,,,,,,,,1.83,,0.79,,,,,,,139,17000,13.12 Cr,221375,-88.02
SENSEX,,79040,,,38820,,,,,,,,,,,,,,,,,,,,,,,VOLUME_OI,VolumeAndOISpikesScans_25AUG26_Report_4_8_2026 (1).xlsx,,,,,,,,,,,,,0.09,,1.68,,,,,,,74.9,640,5.06 Cr,1960,-88.08
MIDCPNIFTY,,14906.05,,,1894680,,,,,,,,,,,,,,,,,,,,,,,VOLUME_OI,VolumeAndOISpikesScans_25AUG26_Report_4_8_2026 (1).xlsx,,,,,,,,,,,,,0.31,,0.33,,,,,,,45.9,6240,9.30 Cr,31080,-88.49
BANKNIFTY,,57985,,,2098560,,,,,,,,,,,,,,,,,,,,,,,VOLUME_OI,VolumeAndOISpikesScans_25AUG26_Report_4_8_2026 (1).xlsx,,,,,,,,,,,,,0.21,,-0.06,,,,,,,123.4,-1170,-6.78 Cr,75030,-88.63
APOLLOHOSP,,8856,,,1928000,,,,,,,,,,,,,,,,,,,,,,,VOLUME_OI,VolumeAndOISpikesScans_25AUG26_Report_4_8_2026 (1).xlsx,,,,,,,,,,,,,0.4,,0.08,,,,,,,35.5,1625,1.44 Cr,27750,-88.66
NYKAA,,340,,,45015625,,,,,,,,,,,,,,,,,,,,,,,VOLUME_OI,VolumeAndOISpikesScans_25AUG26_Report_4_8_2026 (1).xlsx,,,,,,,,,,,,,-0.29,,0.17,,,,,,,-1,78125,2.66 Cr,1071875,-88.9
NBCC,,95.94,,,99469500,,,,,,,,,,,,,,,,,,,,,,,VOLUME_OI,VolumeAndOISpikesScans_25AUG26_Report_4_8_2026 (1).xlsx,,,,,,,,,,,,,0.57,,0.17,,,,,,,0.54,169000,1.62 Cr,474500,-89.23
COCHINSHIP,,1453,,,5345200,,,,,,,,,,,,,,,,,,,,,,,VOLUME_OI,VolumeAndOISpikesScans_25AUG26_Report_4_8_2026 (1).xlsx,,,,,,,,,,,,,0.49,,-0.09,,,,,,,7.1,-4800,-69.74 L,85600,-89.61
DELHIVERY,,474.35,,,27657675,,,,,,,,,,,,,,,,,,,,,,,VOLUME_OI,VolumeAndOISpikesScans_25AUG26_Report_4_8_2026 (1).xlsx,,,,,,,,,,,,,0.37,,0.51,,,,,,,1.75,139025,6.59 Cr,1249150,-89.63
BPCL,,325.3,,,40410475,,,,,,,,,,,,,,,,,,,,,,,VOLUME_OI,VolumeAndOISpikesScans_25AUG26_Report_4_8_2026 (1).xlsx,,,,,,,,,,,,,-0.4,,-0.27,,,,,,,-1.3,-110600,-3.60 Cr,568800,-89.64
HDFCAMC,,"2,587.3",,,6066600,,,,,,,,,,,,,,,,,,,,,,,VOLUME_OI,VolumeAndOISpikesScans_25AUG26_Report_4_8_2026 (1).xlsx,,,,,,,,,,,,,0.21,,0.31,,,,,,,5.5,18600,4.81 Cr,70200,-89.75
INFY,,"1,165.6",,,88694800,,,,,,,,,,,,,,,,,,,,,,,VOLUME_OI,VolumeAndOISpikesScans_25AUG26_Report_4_8_2026 (1).xlsx,,,,,,,,,,,,,-1.17,,0.41,,,,,,,-13.8,361200,42.10 Cr,1209200,-89.82
KFINTECH,,940.3,,,3918625,,,,,,,,,,,,,,,,,,,,,,,VOLUME_OI,VolumeAndOISpikesScans_25AUG26_Report_4_8_2026 (1).xlsx,,,,,,,,,,,,,0.63,,0.1,,,,,,,5.9,4025,37.85 L,92000,-89.98
VBL,,448.5,,,54099525,,,,,,,,,,,,,,,,,,,,,,,VOLUME_OI,VolumeAndOISpikesScans_25AUG26_Report_4_8_2026 (1).xlsx,,,,,,,,,,,,,0.3,,0.8,,,,,,,1.35,428400,19.21 Cr,731850,-90.01
JIOFIN,,265.1,,,184766400,,,,,,,,,,,,,,,,,,,,,,,VOLUME_OI,VolumeAndOISpikesScans_25AUG26_Report_4_8_2026 (1).xlsx,,,,,,,,,,,,,0.63,,0.46,,,,,,,1.65,841300,22.30 Cr,4786950,-90.06
TCS,,2454,,,31457925,,,,,,,,,,,,,,,,,,,,,,,VOLUME_OI,VolumeAndOISpikesScans_25AUG26_Report_4_8_2026 (1).xlsx,,,,,,,,,,,,,-0.43,,0.06,,,,,,,-10.6,20250,4.97 Cr,344250,-90.2
TATAELXSI,,3785,,,2409000,,,,,,,,,,,,,,,,,,,,,,,VOLUME_OI,VolumeAndOISpikesScans_25AUG26_Report_4_8_2026 (1).xlsx,,,,,,,,,,,,,0.35,,-0.18,,,,,,,13.3,-4375,-1.66 Cr,40625,-90.25
AUBANK,,"1,055.2",,,21989000,,,,,,,,,,,,,,,,,,,,,,,VOLUME_OI,VolumeAndOISpikesScans_25AUG26_Report_4_8_2026 (1).xlsx,,,,,,,,,,,,,0.43,,0.09,,,,,,,4.5,19000,2.00 Cr,175000,-90.38
WIPRO,,188.95,,,221970000,,,,,,,,,,,,,,,,,,,,,,,VOLUME_OI,VolumeAndOISpikesScans_25AUG26_Report_4_8_2026 (1).xlsx,,,,,,,,,,,,,-0.21,,0.06,,,,,,,-0.4,141000,2.66 Cr,2007000,-90.4
FORCEMOT,,18495,,,251675,,,,,,,,,,,,,,,,,,,,,,,VOLUME_OI,VolumeAndOISpikesScans_25AUG26_Report_4_8_2026 (1).xlsx,,,,,,,,,,,,,-0.12,,0.4,,,,,,,-23,1000,1.85 Cr,8575,-90.52
POLICYBZR,,"1,631.3",,,9161250,,,,,,,,,,,,,,,,,,,,,,,VOLUME_OI,VolumeAndOISpikesScans_25AUG26_Report_4_8_2026 (1).xlsx,,,,,,,,,,,,,-0.08,,0.06,,,,,,,-1.3,5950,97.06 L,53900,-90.78
PNB,,113.85,,,289672000,,,,,,,,,,,,,,,,,,,,,,,VOLUME_OI,VolumeAndOISpikesScans_25AUG26_Report_4_8_2026 (1).xlsx,,,,,,,,,,,,,0.05,,0.08,,,,,,,0.06,224000,2.55 Cr,2104000,-90.84
BANDHANBNK,,173.41,,,132843600,,,,,,,,,,,,,,,,,,,,,,,VOLUME_OI,VolumeAndOISpikesScans_25AUG26_Report_4_8_2026 (1).xlsx,,,,,,,,,,,,,0.32,,0.14,,,,,,,0.55,183600,3.18 Cr,806400,-90.97
NTPC,,348.35,,,97980000,,,,,,,,,,,,,,,,,,,,,,,VOLUME_OI,VolumeAndOISpikesScans_25AUG26_Report_4_8_2026 (1).xlsx,,,,,,,,,,,,,0.09,,0,,,,,,,0.3,1500,5.23 L,288000,-91.02
PRESTIGE,,"1,628.1",,,5109750,,,,,,,,,,,,,,,,,,,,,,,VOLUME_OI,VolumeAndOISpikesScans_25AUG26_Report_4_8_2026 (1).xlsx,,,,,,,,,,,,,0.15,,0.12,,,,,,,2.5,6300,1.03 Cr,53550,-91.08
ADANIPOWER,,213.81,,,155788200,,,,,,,,,,,,,,,,,,,,,,,VOLUME_OI,VolumeAndOISpikesScans_25AUG26_Report_4_8_2026 (1).xlsx,,,,,,,,,,,,,0.49,,0.07,,,,,,,1.04,106500,2.28 Cr,891050,-91.22
NMDC,,84.67,,,343743750,,,,,,,,,,,,,,,,,,,,,,,VOLUME_OI,VolumeAndOISpikesScans_25AUG26_Report_4_8_2026 (1).xlsx,,,,,,,,,,,,,1.11,,0.01,,,,,,,0.93,47250,40.01 L,1721250,-91.29
PETRONET,,283.4,,,31760400,,,,,,,,,,,,,,,,,,,,,,,VOLUME_OI,VolumeAndOISpikesScans_25AUG26_Report_4_8_2026 (1).xlsx,,,,,,,,,,,,,0.27,,0.11,,,,,,,0.75,34200,96.92 L,326800,-91.29
INOXWIND,,80.25,,,105324800,,,,,,,,,,,,,,,,,,,,,,,VOLUME_OI,VolumeAndOISpikesScans_25AUG26_Report_4_8_2026 (1).xlsx,,,,,,,,,,,,,0.65,,0.19,,,,,,,0.52,198400,1.59 Cr,1036800,-91.3
COALINDIA,,417.65,,,79011450,,,,,,,,,,,,,,,,,,,,,,,VOLUME_OI,VolumeAndOISpikesScans_25AUG26_Report_4_8_2026 (1).xlsx,,,,,,,,,,,,,0.64,,-0.05,,,,,,,2.65,-40500,-1.69 Cr,573750,-91.48
SWIGGY,,290.2,,,67647275,,,,,,,,,,,,,,,,,,,,,,,VOLUME_OI,VolumeAndOISpikesScans_25AUG26_Report_4_8_2026 (1).xlsx,,,,,,,,,,,,,1.06,,0.36,,,,,,,3.05,244550,7.10 Cr,1618775,-91.48
JINDALSTEL,,1121,,,13555000,,,,,,,,,,,,,,,,,,,,,,,VOLUME_OI,VolumeAndOISpikesScans_25AUG26_Report_4_8_2026 (1).xlsx,,,,,,,,,,,,,0.27,,0.32,,,,,,,3,43125,4.83 Cr,176250,-91.63
AUROPHARMA,,1558,,,10111200,,,,,,,,,,,,,,,,,,,,,,,VOLUME_OI,VolumeAndOISpikesScans_25AUG26_Report_4_8_2026 (1).xlsx,,,,,,,,,,,,,0.53,,0.27,,,,,,,8.2,27500,4.28 Cr,95700,-91.7
HCLTECH,,"1,368.8",,,27322000,,,,,,,,,,,,,,,,,,,,,,,VOLUME_OI,VolumeAndOISpikesScans_25AUG26_Report_4_8_2026 (1).xlsx,,,,,,,,,,,,,-0.13,,0.12,,,,,,,-1.8,32400,4.43 Cr,182000,-91.79
SHRIRAMFIN,,1085,,,26183850,,,,,,,,,,,,,,,,,,,,,,,VOLUME_OI,VolumeAndOISpikesScans_25AUG26_Report_4_8_2026 (1).xlsx,,,,,,,,,,,,,0.43,,0.73,,,,,,,4.6,188925,20.50 Cr,565950,-91.81
HINDPETRO,,395.5,,,44900325,,,,,,,,,,,,,,,,,,,,,,,VOLUME_OI,VolumeAndOISpikesScans_25AUG26_Report_4_8_2026 (1).xlsx,,,,,,,,,,,,,0.13,,-0.05,,,,,,,0.5,-24300,-96.11 L,285525,-91.96
KPITTECH,,621.8,,,13156400,,,,,,,,,,,,,,,,,,,,,,,VOLUME_OI,VolumeAndOISpikesScans_25AUG26_Report_4_8_2026 (1).xlsx,,,,,,,,,,,,,0.79,,0.09,,,,,,,4.9,12400,77.10 L,375100,-91.96
KAYNES,,"3,819.1",,,4029000,,,,,,,,,,,,,,,,,,,,,,,VOLUME_OI,VolumeAndOISpikesScans_25AUG26_Report_4_8_2026 (1).xlsx,,,,,,,,,,,,,0,,0.37,,,,,,,-0.1,15000,5.73 Cr,48000,-92.03
ASIANPAINT,,"2,806.6",,,7431750,,,,,,,,,,,,,,,,,,,,,,,VOLUME_OI,VolumeAndOISpikesScans_25AUG26_Report_4_8_2026 (1).xlsx,,,,,,,,,,,,,0.54,,0,,,,,,,15,250,7.02 L,78250,-92.12
BAJFINANCE,,1157,,,55764750,,,,,,,,,,,,,,,,,,,,,,,VOLUME_OI,VolumeAndOISpikesScans_25AUG26_Report_4_8_2026 (1).xlsx,,,,,,,,,,,,,0.83,,0.47,,,,,,,9.5,261000,30.20 Cr,1002750,-92.15
DRREDDY,,"1,157.3",,,12864375,,,,,,,,,,,,,,,,,,,,,,,VOLUME_OI,VolumeAndOISpikesScans_25AUG26_Report_4_8_2026 (1).xlsx,,,,,,,,,,,,,-0.61,,0.68,,,,,,,-7.1,86875,10.05 Cr,335625,-92.24
AMBER,,"7,474.5",,,1239000,,,,,,,,,,,,,,,,,,,,,,,VOLUME_OI,VolumeAndOISpikesScans_25AUG26_Report_4_8_2026 (1).xlsx,,,,,,,,,,,,,-0.03,,0.24,,,,,,,-2.5,3000,2.24 Cr,17000,-92.34
CONCOR,,524,,,21423750,,,,,,,,,,,,,,,,,,,,,,,VOLUME_OI,VolumeAndOISpikesScans_25AUG26_Report_4_8_2026 (1).xlsx,,,,,,,,,,,,,0.33,,-0.02,,,,,,,1.7,-5000,-26.20 L,143750,-92.39
ASHOKLEY,,175.26,,,144685000,,,,,,,,,,,,,,,,,,,,,,,VOLUME_OI,VolumeAndOISpikesScans_25AUG26_Report_4_8_2026 (1).xlsx,,,,,,,,,,,,,0.07,,0.26,,,,,,,0.12,370000,6.48 Cr,3610000,-92.5
IEX,,129.26,,,72901650,,,,,,,,,,,,,,,,,,,,,,,VOLUME_OI,VolumeAndOISpikesScans_25AUG26_Report_4_8_2026 (1).xlsx,,,,,,,,,,,,,0.98,,-0.58,,,,,,,1.25,-426300,-5.51 Cr,2127150,-92.62
NHPC,,80.39,,,123320800,,,,,,,,,,,,,,,,,,,,,,,VOLUME_OI,VolumeAndOISpikesScans_25AUG26_Report_4_8_2026 (1).xlsx,,,,,,,,,,,,,1.18,,-0.09,,,,,,,0.94,-111200,-89.39 L,1619350,-92.66
ETERNAL,,312.15,,,154045700,,,,,,,,,,,,,,,,,,,,,,,VOLUME_OI,VolumeAndOISpikesScans_25AUG26_Report_4_8_2026 (1).xlsx,,,,,,,,,,,,,0.69,,0.1,,,,,,,2.15,150350,4.69 Cr,1794500,-92.72
MANKIND,,"2,474.3",,,3291750,,,,,,,,,,,,,,,,,,,,,,,VOLUME_OI,VolumeAndOISpikesScans_25AUG26_Report_4_8_2026 (1).xlsx,,,,,,,,,,,,,0.12,,0.17,,,,,,,2.9,5500,1.36 Cr,35750,-92.72
INDHOTEL,,748.45,,,20824000,,,,,,,,,,,,,,,,,,,,,,,VOLUME_OI,VolumeAndOISpikesScans_25AUG26_Report_4_8_2026 (1).xlsx,,,,,,,,,,,,,0.13,,0.31,,,,,,,0.95,64000,4.79 Cr,186000,-92.8
DIVISLAB,,8326,,,3414300,,,,,,,,,,,,,,,,,,,,,,,VOLUME_OI,VolumeAndOISpikesScans_25AUG26_Report_4_8_2026 (1).xlsx,,,,,,,,,,,,,-0.87,,0.23,,,,,,,-73,8000,6.66 Cr,158000,-92.9
SBICARD,,668.15,,,22295200,,,,,,,,,,,,,,,,,,,,,,,VOLUME_OI,VolumeAndOISpikesScans_25AUG26_Report_4_8_2026 (1).xlsx,,,,,,,,,,,,,-0.09,,0.14,,,,,,,-0.6,31200,2.08 Cr,148000,-92.93
MPHASIS,,"2,399.9",,,3826350,,,,,,,,,,,,,,,,,,,,,,,VOLUME_OI,VolumeAndOISpikesScans_25AUG26_Report_4_8_2026 (1).xlsx,,,,,,,,,,,,,-0.93,,0.24,,,,,,,-22.6,9350,2.24 Cr,41800,-92.95
ADANIENSOL,,"1,661.8",,,19398150,,,,,,,,,,,,,,,,,,,,,,,VOLUME_OI,VolumeAndOISpikesScans_25AUG26_Report_4_8_2026 (1).xlsx,,,,,,,,,,,,,0.67,,-0.15,,,,,,,11.1,-29025,-4.82 Cr,117450,-93.0
CIPLA,,"1,460.5",,,8963250,,,,,,,,,,,,,,,,,,,,,,,VOLUME_OI,VolumeAndOISpikesScans_25AUG26_Report_4_8_2026 (1).xlsx,,,,,,,,,,,,,-0.03,,0.03,,,,,,,-0.5,2550,37.24 L,61200,-93.2
OIL,,452,,,15734600,,,,,,,,,,,,,,,,,,,,,,,VOLUME_OI,VolumeAndOISpikesScans_25AUG26_Report_4_8_2026 (1).xlsx,,,,,,,,,,,,,-0.11,,0,,,,,,,-0.5,0,-,142800,-93.44
PERSISTENT,,"5,500.5",,,3573875,,,,,,,,,,,,,,,,,,,,,,,VOLUME_OI,VolumeAndOISpikesScans_25AUG26_Report_4_8_2026 (1).xlsx,,,,,,,,,,,,,-0.95,,0.26,,,,,,,-53,9250,5.09 Cr,107375,-93.44
SONACOMS,,779.8,,,10618300,,,,,,,,,,,,,,,,,,,,,,,VOLUME_OI,VolumeAndOISpikesScans_25AUG26_Report_4_8_2026 (1).xlsx,,,,,,,,,,,,,0.2,,0.5,,,,,,,1.55,52675,4.11 Cr,135975,-93.64
TMPV,,348.9,,,75164800,,,,,,,,,,,,,,,,,,,,,,,VOLUME_OI,VolumeAndOISpikesScans_25AUG26_Report_4_8_2026 (1).xlsx,,,,,,,,,,,,,0.23,,0,,,,,,,0.8,-1600,-5.58 L,908800,-93.69
LTM,,"4,626.1",,,2268300,,,,,,,,,,,,,,,,,,,,,,,VOLUME_OI,VolumeAndOISpikesScans_25AUG26_Report_4_8_2026 (1).xlsx,,,,,,,,,,,,,-1.02,,0.98,,,,,,,-47.8,22050,10.20 Cr,103050,-93.77
INDIGO,,5419,,,5498700,,,,,,,,,,,,,,,,,,,,,,,VOLUME_OI,VolumeAndOISpikesScans_25AUG26_Report_4_8_2026 (1).xlsx,,,,,,,,,,,,,0.07,,0.18,,,,,,,4,9900,5.36 Cr,79650,-93.83
FORTIS,,940.15,,,9661925,,,,,,,,,,,,,,,,,,,,,,,VOLUME_OI,VolumeAndOISpikesScans_25AUG26_Report_4_8_2026 (1).xlsx,,,,,,,,,,,,,-0.56,,0.7,,,,,,,-5.3,67425,6.34 Cr,225525,-93.92
JUBLFOOD,,470,,,16511250,,,,,,,,,,,,,,,,,,,,,,,VOLUME_OI,VolumeAndOISpikesScans_25AUG26_Report_4_8_2026 (1).xlsx,,,,,,,,,,,,,-0.13,,0.26,,,,,,,-0.6,42500,2.00 Cr,470000,-93.96
APLAPOLLO,,"1,947.3",,,5622750,,,,,,,,,,,,,,,,,,,,,,,VOLUME_OI,VolumeAndOISpikesScans_25AUG26_Report_4_8_2026 (1).xlsx,,,,,,,,,,,,,0.15,,-0.5,,,,,,,3,-28350,-5.52 Cr,278950,-93.98
BAJAJHLDNG,,11515,,,353700,,,,,,,,,,,,,,,,,,,,,,,VOLUME_OI,VolumeAndOISpikesScans_25AUG26_Report_4_8_2026 (1).xlsx,,,,,,,,,,,,,0.45,,0.26,,,,,,,52,900,1.04 Cr,5025,-94.08
TORNTPHARM,,"5,047.5",,,3732125,,,,,,,,,,,,,,,,,,,,,,,VOLUME_OI,VolumeAndOISpikesScans_25AUG26_Report_4_8_2026 (1).xlsx,,,,,,,,,,,,,0.03,,0.04,,,,,,,1.5,1500,75.71 L,26875,-94.22
HYUNDAI,,"2,191.1",,,4047450,,,,,,,,,,,,,,,,,,,,,,,VOLUME_OI,VolumeAndOISpikesScans_25AUG26_Report_4_8_2026 (1).xlsx,,,,,,,,,,,,,0.66,,0.42,,,,,,,14.4,17050,3.74 Cr,115775,-94.23
DIXON,,13765,,,2653900,,,,,,,,,,,,,,,,,,,,,,,VOLUME_OI,VolumeAndOISpikesScans_25AUG26_Report_4_8_2026 (1).xlsx,,,,,,,,,,,,,0.31,,0.52,,,,,,,43,13600,18.72 Cr,49850,-94.27
LTF,,320.45,,,47493000,,,,,,,,,,,,,,,,,,,,,,,VOLUME_OI,VolumeAndOISpikesScans_25AUG26_Report_4_8_2026 (1).xlsx,,,,,,,,,,,,,0.39,,0.22,,,,,,,1.25,103500,3.32 Cr,738000,-94.4
ABCAPITAL,,421.65,,,37227900,,,,,,,,,,,,,,,,,,,,,,,VOLUME_OI,VolumeAndOISpikesScans_25AUG26_Report_4_8_2026 (1).xlsx,,,,,,,,,,,,,0.06,,0.73,,,,,,,0.25,269700,11.37 Cr,1140800,-94.6
EICHERMOT,,7990,,,3823400,,,,,,,,,,,,,,,,,,,,,,,VOLUME_OI,VolumeAndOISpikesScans_25AUG26_Report_4_8_2026 (1).xlsx,,,,,,,,,,,,,0.09,,0.29,,,,,,,7.5,10900,8.71 Cr,49800,-94.67
ALKEM,,"5,690.5",,,1412750,,,,,,,,,,,,,,,,,,,,,,,VOLUME_OI,VolumeAndOISpikesScans_25AUG26_Report_4_8_2026 (1).xlsx,,,,,,,,,,,,,-0.03,,0.11,,,,,,,-1.5,1500,85.36 L,6875,-94.78
ZYDUSLIFE,,"1,124.2",,,10015200,,,,,,,,,,,,,,,,,,,,,,,VOLUME_OI,VolumeAndOISpikesScans_25AUG26_Report_4_8_2026 (1).xlsx,,,,,,,,,,,,,0.55,,-0.01,,,,,,,6.2,-900,-10.12 L,115200,-94.84
BANKINDIA,,140.2,,,96662800,,,,,,,,,,,,,,,,,,,,,,,VOLUME_OI,VolumeAndOISpikesScans_25AUG26_Report_4_8_2026 (1).xlsx,,,,,,,,,,,,,0.11,,0.19,,,,,,,0.16,187200,2.62 Cr,707200,-94.89
MAXHEALTH,,"1,096.7",,,9690975,,,,,,,,,,,,,,,,,,,,,,,VOLUME_OI,VolumeAndOISpikesScans_25AUG26_Report_4_8_2026 (1).xlsx,,,,,,,,,,,,,0.05,,0.04,,,,,,,0.5,4200,46.06 L,50400,-94.91
RECLTD,,367.85,,,44544150,,,,,,,,,,,,,,,,,,,,,,,VOLUME_OI,VolumeAndOISpikesScans_25AUG26_Report_4_8_2026 (1).xlsx,,,,,,,,,,,,,-0.08,,0.08,,,,,,,-0.3,37800,1.39 Cr,185850,-94.97
MARUTI,,14066,,,2054450,,,,,,,,,,,,,,,,,,,,,,,VOLUME_OI,VolumeAndOISpikesScans_25AUG26_Report_4_8_2026 (1).xlsx,,,,,,,,,,,,,0.21,,0.43,,,,,,,30,8850,12.45 Cr,61050,-95.03
GLENMARK,,"2,216.8",,,11704125,,,,,,,,,,,,,,,,,,,,,,,VOLUME_OI,VolumeAndOISpikesScans_25AUG26_Report_4_8_2026 (1).xlsx,,,,,,,,,,,,,-0.1,,0.36,,,,,,,-2.3,42000,9.31 Cr,116250,-95.04
DMART,,3984,,,5055150,,,,,,,,,,,,,,,,,,,,,,,VOLUME_OI,VolumeAndOISpikesScans_25AUG26_Report_4_8_2026 (1).xlsx,,,,,,,,,,,,,-0.33,,0.09,,,,,,,-13.1,4350,1.73 Cr,19800,-95.33
GAIL,,175.65,,,95640550,,,,,,,,,,,,,,,,,,,,,,,VOLUME_OI,VolumeAndOISpikesScans_25AUG26_Report_4_8_2026 (1).xlsx,,,,,,,,,,,,,0.98,,0.08,,,,,,,1.7,74550,1.31 Cr,1899250,-95.68
PFC,,419.65,,,53166100,,,,,,,,,,,,,,,,,,,,,,,VOLUME_OI,VolumeAndOISpikesScans_25AUG26_Report_4_8_2026 (1).xlsx,,,,,,,,,,,,,0.08,,0.07,,,,,,,0.35,39000,1.64 Cr,243100,-95.84
LUPIN,,2388,,,6402625,,,,,,,,,,,,,,,,,,,,,,,VOLUME_OI,VolumeAndOISpikesScans_25AUG26_Report_4_8_2026 (1).xlsx,,,,,,,,,,,,,0.08,,-0.06,,,,,,,1.8,-3825,-91.34 L,50150,-95.85
ITC,,287.75,,,157361400,,,,,,,,,,,,,,,,,,,,,,,VOLUME_OI,VolumeAndOISpikesScans_25AUG26_Report_4_8_2026 (1).xlsx,,,,,,,,,,,,,0.1,,0.07,,,,,,,0.3,113850,3.28 Cr,1621500,-95.98
MANAPPURAM,,362.4,,,60921000,,,,,,,,,,,,,,,,,,,,,,,VOLUME_OI,VolumeAndOISpikesScans_25AUG26_Report_4_8_2026 (1).xlsx,,,,,,,,,,,,,-0.66,,-0.02,,,,,,,-2.4,-15000,-54.36 L,927000,-96.0
BAJAJFINSV,,2086,,,8184900,,,,,,,,,,,,,,,,,,,,,,,VOLUME_OI,VolumeAndOISpikesScans_25AUG26_Report_4_8_2026 (1).xlsx,,,,,,,,,,,,,0.26,,0.03,,,,,,,5.4,2100,43.81 L,95700,-96.07
IOC,,142.39,,,150179250,,,,,,,,,,,,,,,,,,,,,,,VOLUME_OI,VolumeAndOISpikesScans_25AUG26_Report_4_8_2026 (1).xlsx,,,,,,,,,,,,,0.01,,0.03,,,,,,,0.02,43875,62.47 L,955500,-96.22
CHOLAFIN,,"1,874.3",,,13206875,,,,,,,,,,,,,,,,,,,,,,,VOLUME_OI,VolumeAndOISpikesScans_25AUG26_Report_4_8_2026 (1).xlsx,,,,,,,,,,,,,0.12,,0.23,,,,,,,2.3,30000,5.62 Cr,115625,-96.35
AMBUJACEM,,443.2,,,80029200,,,,,,,,,,,,,,,,,,,,,,,VOLUME_OI,VolumeAndOISpikesScans_25AUG26_Report_4_8_2026 (1).xlsx,,,,,,,,,,,,,-0.27,,-0.01,,,,,,,-1.2,-4800,-21.27 L,234000,-96.41
SUNPHARMA,,"1,958.2",,,13898150,,,,,,,,,,,,,,,,,,,,,,,VOLUME_OI,VolumeAndOISpikesScans_25AUG26_Report_4_8_2026 (1).xlsx,,,,,,,,,,,,,0.18,,-0.02,,,,,,,3.5,-2450,-47.98 L,95900,-96.64
MUTHOOTFIN,,"2,891.5",,,6916250,,,,,,,,,,,,,,,,,,,,,,,VOLUME_OI,VolumeAndOISpikesScans_25AUG26_Report_4_8_2026 (1).xlsx,,,,,,,,,,,,,-0.04,,0.38,,,,,,,-1.1,26400,7.63 Cr,268950,-96.65
ULTRACEMCO,,12023,,,1614050,,,,,,,,,,,,,,,,,,,,,,,VOLUME_OI,VolumeAndOISpikesScans_25AUG26_Report_4_8_2026 (1).xlsx,,,,,,,,,,,,,-0.01,,-0.02,,,,,,,-1,-250,-30.06 L,5600,-96.88
SHREECEM,,26570,,,367925,,,,,,,,,,,,,,,,,,,,,,,VOLUME_OI,VolumeAndOISpikesScans_25AUG26_Report_4_8_2026 (1).xlsx,,,,,,,,,,,,,0.4,,0.16,,,,,,,105,600,1.59 Cr,2075,-97.29
ICICIGI,,"1,657.1",,,4995900,,,,,,,,,,,,,,,,,,,,,,,VOLUME_OI,VolumeAndOISpikesScans_25AUG26_Report_4_8_2026 (1).xlsx,,,,,,,,,,,,,-0.14,,0.06,,,,,,,-2.4,2925,48.47 L,16900,-98.11
DALBHARAT,,"1,824.3",,,3788200,,,,,,,,,,,,,,,,,,,,,,,VOLUME_OI,VolumeAndOISpikesScans_25AUG26_Report_4_8_2026 (1).xlsx,,,,,,,,,,,,,-0.37,,0.15,,,,,,,-6.7,5850,1.07 Cr,9100,-98.42
FOCIT,,-,,,-,,,,,,,,,,,,,,,,,,,,,,,VOLUME_OI,VolumeAndOISpikesScans_25AUG26_Report_4_8_2026 (1).xlsx,,,,,,,,,,,,,-,,-,,,,,,,-,-,-,-,
BANKEX,,-,,,-,,,,,,,,,,,,,,,,,,,,,,,VOLUME_OI,VolumeAndOISpikesScans_25AUG26_Report_4_8_2026 (1).xlsx,,,,,,,,,,,,,-,,-,,,,,,,-,-,-,-,
LICI,,393.95,,,28266000,,,,,,,,,,,,,,,,,,,,,,,VOLUME_OI,VolumeAndOISpikesScans_25AUG26_Report_4_8_2026.xlsx,,,,,,,,,,,,,-7.41,,56.12,,,,,,,-31.55,10161200,400.30 Cr,15590400,707.54
KEI,,5378,,,1996225,,,,,,,,,,,,,,,,,,,,,,,VOLUME_OI,VolumeAndOISpikesScans_25AUG26_Report_4_8_2026.xlsx,,,,,,,,,,,,,6.81,,2.06,,,,,,,343,40250,21.65 Cr,644525,58.41
IREDA,,117.43,,,67861425,,,,,,,,,,,,,,,,,,,,,,,VOLUME_OI,VolumeAndOISpikesScans_25AUG26_Report_4_8_2026.xlsx,,,,,,,,,,,,,-4.01,,8.74,,,,,,,-4.9,5457150,64.08 Cr,12565925,1.98
GODFRYPHLP,,"2,357.5",,,1861475,,,,,,,,,,,,,,,,,,,,,,,VOLUME_OI,VolumeAndOISpikesScans_25AUG26_Report_4_8_2026.xlsx,,,,,,,,,,,,,5.9,,7.41,,,,,,,131.3,128425,30.28 Cr,672925,-28.99
POLYCAB,,9250,,,2254625,,,,,,,,,,,,,,,,,,,,,,,VOLUME_OI,VolumeAndOISpikesScans_25AUG26_Report_4_8_2026.xlsx,,,,,,,,,,,,,1.92,,-1,,,,,,,174,-22875,-21.16 Cr,125250,-39.53
DABUR,,416.05,,,29857500,,,,,,,,,,,,,,,,,,,,,,,VOLUME_OI,VolumeAndOISpikesScans_25AUG26_Report_4_8_2026.xlsx,,,,,,,,,,,,,-2.48,,1.59,,,,,,,-10.6,468750,19.50 Cr,1553750,-52.08
DLF,,654,,,46515800,,,,,,,,,,,,,,,,,,,,,,,VOLUME_OI,VolumeAndOISpikesScans_25AUG26_Report_4_8_2026.xlsx,,,,,,,,,,,,,-1.84,,0.27,,,,,,,-12.25,124450,8.14 Cr,1820200,-54.22
UPL,,596.4,,,31318115,,,,,,,,,,,,,,,,,,,,,,,VOLUME_OI,VolumeAndOISpikesScans_25AUG26_Report_4_8_2026.xlsx,,,,,,,,,,,,,-3.72,,1.05,,,,,,,-23.05,326555,19.48 Cr,3304845,-60.42
KALYANKJIL,,591.05,,,23452200,,,,,,,,,,,,,,,,,,,,,,,VOLUME_OI,VolumeAndOISpikesScans_25AUG26_Report_4_8_2026.xlsx,,,,,,,,,,,,,-2.71,,-0.69,,,,,,,-16.45,-162000,-9.58 Cr,1949400,-60.74
PREMIERENE,,"1,058.2",,,7415200,,,,,,,,,,,,,,,,,,,,,,,VOLUME_OI,VolumeAndOISpikesScans_25AUG26_Report_4_8_2026.xlsx,,,,,,,,,,,,,2.56,,-0.34,,,,,,,26.4,-25350,-2.68 Cr,260000,-62.51
VEDL,,271.6,,,50062950,,,,,,,,,,,,,,,,,,,,,,,VOLUME_OI,VolumeAndOISpikesScans_25AUG26_Report_4_8_2026.xlsx,,,,,,,,,,,,,1.91,,0.1,,,,,,,5.1,51750,1.41 Cr,1279950,-62.86
SBILIFE,,1891,,,6296250,,,,,,,,,,,,,,,,,,,,,,,VOLUME_OI,VolumeAndOISpikesScans_25AUG26_Report_4_8_2026.xlsx,,,,,,,,,,,,,-1.09,,0.71,,,,,,,-20.8,44625,8.44 Cr,181500,-71.79
UNITDSPR,,1531,,,7739600,,,,,,,,,,,,,,,,,,,,,,,VOLUME_OI,VolumeAndOISpikesScans_25AUG26_Report_4_8_2026.xlsx,,,,,,,,,,,,,-0.01,,-0.21,,,,,,,-0.1,-16400,-2.51 Cr,146400,-71.87
HDFCLIFE,,547.1,,,46524500,,,,,,,,,,,,,,,,,,,,,,,VOLUME_OI,VolumeAndOISpikesScans_25AUG26_Report_4_8_2026.xlsx,,,,,,,,,,,,,-1.04,,0.34,,,,,,,-5.75,158400,8.67 Cr,815100,-73.65
POWERGRID,,284.95,,,45195300,,,,,,,,,,,,,,,,,,,,,,,VOLUME_OI,VolumeAndOISpikesScans_25AUG26_Report_4_8_2026.xlsx,,,,,,,,,,,,,0.09,,0.25,,,,,,,0.25,114000,3.25 Cr,813200,-73.92
HINDALCO,,1007.75,,,53072600,,,,,,,,,,,,,,,,,,,,,,,VOLUME_OI,VolumeAndOISpikesScans_25AUG26_Report_4_8_2026.xlsx,,,,,,,,,,,,,1.09,,0.01,,,,,,,10.85,4900,49.38 L,1701000,-74.21
FEDERALBNK,,359,,,85975000,,,,,,,,,,,,,,,,,,,,,,,VOLUME_OI,VolumeAndOISpikesScans_25AUG26_Report_4_8_2026.xlsx,,,,,,,,,,,,,-0.28,,0.44,,,,,,,-1,377500,13.55 Cr,1212500,-74.41
SAIL,,171.87,,,178990100,,,,,,,,,,,,,,,,,,,,,,,VOLUME_OI,VolumeAndOISpikesScans_25AUG26_Report_4_8_2026.xlsx,,,,,,,,,,,,,0.93,,-0.22,,,,,,,1.59,-399500,-6.87 Cr,1931700,-75.91
KOTAKBANK,,397.15,,,174176000,,,,,,,,,,,,,,,,,,,,,,,VOLUME_OI,VolumeAndOISpikesScans_25AUG26_Report_4_8_2026.xlsx,,,,,,,,,,,,,0.51,,0.07,,,,,,,2,118000,4.69 Cr,1772000,-76.6
LICHSGFIN,,508,,,29925000,,,,,,,,,,,,,,,,,,,,,,,VOLUME_OI,VolumeAndOISpikesScans_25AUG26_Report_4_8_2026.xlsx,,,,,,,,,,,,,0.69,,1.3,,,,,,,3.5,383000,19.46 Cr,942000,-78.8
PIDILITIND,,"1,656.9",,,7736000,,,,,,,,,,,,,,,,,,,,,,,VOLUME_OI,VolumeAndOISpikesScans_25AUG26_Report_4_8_2026.xlsx,,,,,,,,,,,,,1.03,,0.06,,,,,,,16.9,4500,74.56 L,139500,-78.85
POWERINDIA,,32590,,,580900,,,,,,,,,,,,,,,,,,,,,,,VOLUME_OI,VolumeAndOISpikesScans_25AUG26_Report_4_8_2026.xlsx,,,,,,,,,,,,,1.29,,0.23,,,,,,,415,1350,4.40 Cr,9150,-79.07
NAM-INDIA,,"1,171.3",,,7074375,,,,,,,,,,,,,,,,,,,,,,,VOLUME_OI,VolumeAndOISpikesScans_25AUG26_Report_4_8_2026.xlsx,,,,,,,,,,,,,0.84,,0.35,,,,,,,9.8,24375,2.86 Cr,73125,-79.29
GRASIM,,"3,151.1",,,11822750,,,,,,,,,,,,,,,,,,,,,,,VOLUME_OI,VolumeAndOISpikesScans_25AUG26_Report_4_8_2026.xlsx,,,,,,,,,,,,,-0.6,,0.04,,,,,,,-19,4250,1.34 Cr,117250,-79.85
BAJAJ-AUTO,,11582,,,1914375,,,,,,,,,,,,,,,,,,,,,,,VOLUME_OI,VolumeAndOISpikesScans_25AUG26_Report_4_8_2026.xlsx,,,,,,,,,,,,,0.45,,0.68,,,,,,,52,12900,14.94 Cr,52725,-80.03
CANBK,,128.49,,,391014000,,,,,,,,,,,,,,,,,,,,,,,VOLUME_OI,VolumeAndOISpikesScans_25AUG26_Report_4_8_2026.xlsx,,,,,,,,,,,,,1.05,,0,,,,,,,1.33,13500,17.35 L,5292000,-80.47
NATIONALUM,,375.6,,,46515000,,,,,,,,,,,,,,,,,,,,,,,VOLUME_OI,VolumeAndOISpikesScans_25AUG26_Report_4_8_2026.xlsx,,,,,,,,,,,,,2.93,,0.27,,,,,,,10.7,123750,4.65 Cr,2739375,-80.73
GODREJPROP,,"2,074.5",,,7601750,,,,,,,,,,,,,,,,,,,,,,,VOLUME_OI,VolumeAndOISpikesScans_25AUG26_Report_4_8_2026.xlsx,,,,,,,,,,,,,-0.32,,0.56,,,,,,,-6.6,42250,8.76 Cr,167050,-81.19
RBLBANK,,380.4,,,44996100,,,,,,,,,,,,,,,,,,,,,,,VOLUME_OI,VolumeAndOISpikesScans_25AUG26_Report_4_8_2026.xlsx,,,,,,,,,,,,,0.45,,0.43,,,,,,,1.7,190500,7.25 Cr,831850,-81.21
NESTLEIND,,"1,523.8",,,8402500,,,,,,,,,,,,,,,,,,,,,,,VOLUME_OI,VolumeAndOISpikesScans_25AUG26_Report_4_8_2026.xlsx,,,,,,,,,,,,,0.43,,0.56,,,,,,,6.5,47000,7.16 Cr,158000,-81.51
COFORGE,,"1,759.9",,,13769775,,,,,,,,,,,,,,,,,,,,,,,VOLUME_OI,VolumeAndOISpikesScans_25AUG26_Report_4_8_2026.xlsx,,,,,,,,,,,,,-0.68,,1.13,,,,,,,-12.1,153425,27.00 Cr,376200,-81.58
PAYTM,,"1,419.9",,,20249250,,,,,,,,,,,,,,,,,,,,,,,VOLUME_OI,VolumeAndOISpikesScans_25AUG26_Report_4_8_2026.xlsx,,,,,,,,,,,,,0.15,,2.72,,,,,,,2.1,536500,76.18 Cr,2779650,-81.89
NAUKRI,,"1,276.1",,,14070100,,,,,,,,,,,,,,,,,,,,,,,VOLUME_OI,VolumeAndOISpikesScans_25AUG26_Report_4_8_2026.xlsx,,,,,,,,,,,,,1.04,,0.31,,,,,,,13.1,43450,5.54 Cr,178200,-82.67
BLUESTARCO,,"1,728.9",,,3145025,,,,,,,,,,,,,,,,,,,,,,,VOLUME_OI,VolumeAndOISpikesScans_25AUG26_Report_4_8_2026.xlsx,,,,,,,,,,,,,0.4,,0.8,,,,,,,6.9,25025,4.33 Cr,56550,-83.06
ADANIPORTS,,1717,,,20869125,,,,,,,,,,,,,,,,,,,,,,,VOLUME_OI,VolumeAndOISpikesScans_25AUG26_Report_4_8_2026.xlsx,,,,,,,,,,,,,0.82,,0.13,,,,,,,13.9,27550,4.73 Cr,254125,-83.41
HEROMOTOCO,,"5,472.5",,,4656150,,,,,,,,,,,,,,,,,,,,,,,VOLUME_OI,VolumeAndOISpikesScans_25AUG26_Report_4_8_2026.xlsx,,,,,,,,,,,,,0.85,,0.7,,,,,,,46,32250,17.65 Cr,107850,-83.63
HINDZINC,,557.85,,,29707475,,,,,,,,,,,,,,,,,,,,,,,VOLUME_OI,VolumeAndOISpikesScans_25AUG26_Report_4_8_2026.xlsx,,,,,,,,,,,,,1.55,,-0.1,,,,,,,8.5,-30625,-1.71 Cr,617400,-83.82
ASTRAL,,"1,460.5",,,7121300,,,,,,,,,,,,,,,,,,,,,,,VOLUME_OI,VolumeAndOISpikesScans_25AUG26_Report_4_8_2026.xlsx,,,,,,,,,,,,,0.55,,0.14,,,,,,,8,9775,1.43 Cr,121550,-84.57
OBEROIRLTY,,1825,,,5441100,,,,,,,,,,,,,,,,,,,,,,,VOLUME_OI,VolumeAndOISpikesScans_25AUG26_Report_4_8_2026.xlsx,,,,,,,,,,,,,-0.63,,0.28,,,,,,,-11.6,15050,2.75 Cr,51450,-84.66
MFSL,,"1,533.5",,,9638000,,,,,,,,,,,,,,,,,,,,,,,VOLUME_OI,VolumeAndOISpikesScans_25AUG26_Report_4_8_2026.xlsx,,,,,,,,,,,,,-0.15,,0.1,,,,,,,-2.3,10000,1.53 Cr,98800,-85.18
CGPOWER,,869.4,,,20254650,,,,,,,,,,,,,,,,,,,,,,,VOLUME_OI,VolumeAndOISpikesScans_25AUG26_Report_4_8_2026.xlsx,,,,,,,,,,,,,1.48,,-0.06,,,,,,,12.7,-11900,-1.03 Cr,469200,-85.26
COLPAL,,"2,045.7",,,4971725,,,,,,,,,,,,,,,,,,,,,,,VOLUME_OI,VolumeAndOISpikesScans_25AUG26_Report_4_8_2026.xlsx,,,,,,,,,,,,,-1.16,,1.24,,,,,,,-24,61050,12.49 Cr,104775,-85.53
IDFCFIRSTB,,85.65,,,357180250,,,,,,,,,,,,,,,,,,,,,,,VOLUME_OI,VolumeAndOISpikesScans_25AUG26_Report_4_8_2026.xlsx,,,,,,,,,,,,,0.86,,0.09,,,,,,,0.73,324625,2.78 Cr,4294325,-86.21
TVSMOTOR,,4368,,,9291975,,,,,,,,,,,,,,,,,,,,,,,VOLUME_OI,VolumeAndOISpikesScans_25AUG26_Report_4_8_2026.xlsx,,,,,,,,,,,,,0.52,,0.49,,,,,,,22.6,45500,19.87 Cr,145600,-86.72
GODREJCP,,"1,067.9",,,10951000,,,,,,,,,,,,,,,,,,,,,,,VOLUME_OI,VolumeAndOISpikesScans_25AUG26_Report_4_8_2026.xlsx,,,,,,,,,,,,,-0.9,,0.92,,,,,,,-9.7,99500,10.63 Cr,174500,-86.87
ADANIENT,,"3,090.4",,,15674025,,,,,,,,,,,,,,,,,,,,,,,VOLUME_OI,VolumeAndOISpikesScans_25AUG26_Report_4_8_2026.xlsx,,,,,,,,,,,,,0.56,,-0.21,,,,,,,17.1,-32445,-10.03 Cr,165006,-87.02
AXISBANK,,"1,257.6",,,81002500,,,,,,,,,,,,,,,,,,,,,,,VOLUME_OI,VolumeAndOISpikesScans_25AUG26_Report_4_8_2026.xlsx,,,,,,,,,,,,,0.15,,0.17,,,,,,,1.9,140000,17.61 Cr,802500,-87.27
HINDUNILVR,,"2,109.7",,,14865000,,,,,,,,,,,,,,,,,,,,,,,VOLUME_OI,VolumeAndOISpikesScans_25AUG26_Report_4_8_2026.xlsx,,,,,,,,,,,,,-0.47,,0.24,,,,,,,-9.9,35100,7.41 Cr,128400,-87.41
SRF,,"2,658.8",,,4521400,,,,,,,,,,,,,,,,,,,,,,,VOLUME_OI,VolumeAndOISpikesScans_25AUG26_Report_4_8_2026.xlsx,,,,,,,,,,,,,0.33,,0.11,,,,,,,8.8,4800,1.28 Cr,28000,-88.18
HDFCBANK,,752.2,,,298402650,,,,,,,,,,,,,,,,,,,,,,,VOLUME_OI,VolumeAndOISpikesScans_25AUG26_Report_4_8_2026.xlsx,,,,,,,,,,,,,-0.23,,0.22,,,,,,,-1.7,668200,50.26 Cr,1684800,-88.35
VMM,,111.99,,,45396000,,,,,,,,,,,,,,,,,,,,,,,VOLUME_OI,VolumeAndOISpikesScans_25AUG26_Report_4_8_2026.xlsx,,,,,,,,,,,,,0.52,,0.79,,,,,,,0.58,354050,3.97 Cr,955450,-88.38
GVT&D,,"4,387.5",,,2859625,,,,,,,,,,,,,,,,,,,,,,,VOLUME_OI,VolumeAndOISpikesScans_25AUG26_Report_4_8_2026.xlsx,,,,,,,,,,,,,1.6,,0.06,,,,,,,69.3,1750,76.78 L,37375,-88.59
TATASTEEL,,192.5,,,169372500,,,,,,,,,,,,,,,,,,,,,,,VOLUME_OI,VolumeAndOISpikesScans_25AUG26_Report_4_8_2026.xlsx,,,,,,,,,,,,,1.12,,-0.12,,,,,,,2.13,-211750,-4.08 Cr,2398000,-88.63
WAAREEENER,,"2,683.3",,,7675325,,,,,,,,,,,,,,,,,,,,,,,VOLUME_OI,VolumeAndOISpikesScans_25AUG26_Report_4_8_2026.xlsx,,,,,,,,,,,,,0.9,,-0.04,,,,,,,24,-3325,-89.22 L,41300,-88.87
IDEA,,13.06,,,5894471775,,,,,,,,,,,,,,,,,,,,,,,VOLUME_OI,VolumeAndOISpikesScans_25AUG26_Report_4_8_2026.xlsx,,,,,,,,,,,,,0.85,,0.05,,,,,,,0.11,3144900,4.11 Cr,14723850,-88.91
LAURUSLABS,,1822,,,16541850,,,,,,,,,,,,,,,,,,,,,,,VOLUME_OI,VolumeAndOISpikesScans_25AUG26_Report_4_8_2026.xlsx,,,,,,,,,,,,,0.61,,0.44,,,,,,,11.1,73100,13.32 Cr,272850,-88.96
SUZLON,,49.27,,,456234800,,,,,,,,,,,,,,,,,,,,,,,VOLUME_OI,VolumeAndOISpikesScans_25AUG26_Report_4_8_2026.xlsx,,,,,,,,,,,,,0.02,,0.06,,,,,,,0.01,292100,1.44 Cr,3835400,-89.07
IRFC,,90.03,,,86490775,,,,,,,,,,,,,,,,,,,,,,,VOLUME_OI,VolumeAndOISpikesScans_25AUG26_Report_4_8_2026.xlsx,,,,,,,,,,,,,-0.55,,0.43,,,,,,,-0.5,368900,3.32 Cr,1209775,-89.11
TATACONSUM,,"1,094.1",,,15703050,,,,,,,,,,,,,,,,,,,,,,,VOLUME_OI,VolumeAndOISpikesScans_25AUG26_Report_4_8_2026.xlsx,,,,,,,,,,,,,-0.5,,0.16,,,,,,,-5.5,25850,2.83 Cr,108900,-89.12
TRENT,,3082,,,10647900,,,,,,,,,,,,,,,,,,,,,,,VOLUME_OI,VolumeAndOISpikesScans_25AUG26_Report_4_8_2026.xlsx,,,,,,,,,,,,,0.94,,-0.13,,,,,,,28.6,-14175,-4.37 Cr,69975,-89.16
ADANIGREEN,,"1,410.4",,,26577000,,,,,,,,,,,,,,,,,,,,,,,VOLUME_OI,VolumeAndOISpikesScans_25AUG26_Report_4_8_2026.xlsx,,,,,,,,,,,,,0.76,,-0.25,,,,,,,10.6,-67200,-9.48 Cr,306000,-89.21
BHARATFORG,,"2,198.1",,,7628000,,,,,,,,,,,,,,,,,,,,,,,VOLUME_OI,VolumeAndOISpikesScans_25AUG26_Report_4_8_2026.xlsx,,,,,,,,,,,,,-0.41,,0.26,,,,,,,-9,19500,4.29 Cr,78500,-89.31
BEL,,392.65,,,103259775,,,,,,,,,,,,,,,,,,,,,,,VOLUME_OI,VolumeAndOISpikesScans_25AUG26_Report_4_8_2026.xlsx,,,,,,,,,,,,,0.61,,0.02,,,,,,,2.4,22800,89.52 L,645525,-89.35
MOTHERSON,,155.66,,,125004900,,,,,,,,,,,,,,,,,,,,,,,VOLUME_OI,VolumeAndOISpikesScans_25AUG26_Report_4_8_2026.xlsx,,,,,,,,,,,,,0.69,,0.4,,,,,,,1.06,498150,7.75 Cr,2054100,-89.41
BRITANNIA,,"5,471.5",,,1916125,,,,,,,,,,,,,,,,,,,,,,,VOLUME_OI,VolumeAndOISpikesScans_25AUG26_Report_4_8_2026.xlsx,,,,,,,,,,,,,-0.17,,0.39,,,,,,,-9.5,7500,4.10 Cr,19000,-89.49
TITAN,,"4,889.3",,,5346775,,,,,,,,,,,,,,,,,,,,,,,VOLUME_OI,VolumeAndOISpikesScans_25AUG26_Report_4_8_2026.xlsx,,,,,,,,,,,,,-0.17,,0.36,,,,,,,-8.5,19075,9.33 Cr,47250,-89.49
YESBANK,,22.94,,,1180742600,,,,,,,,,,,,,,,,,,,,,,,VOLUME_OI,VolumeAndOISpikesScans_25AUG26_Report_4_8_2026.xlsx,,,,,,,,,,,,,0.13,,-0.04,,,,,,,0.03,-466500,-1.07 Cr,5007100,-89.69
INDUSTOWER,,393.35,,,90033700,,,,,,,,,,,,,,,,,,,,,,,VOLUME_OI,VolumeAndOISpikesScans_25AUG26_Report_4_8_2026.xlsx,,,,,,,,,,,,,-0.06,,0.2,,,,,,,-0.25,176800,6.95 Cr,479400,-89.89
GMRAIRPORT,,106.98,,,129142125,,,,,,,,,,,,,,,,,,,,,,,VOLUME_OI,VolumeAndOISpikesScans_25AUG26_Report_4_8_2026.xlsx,,,,,,,,,,,,,0.99,,0.02,,,,,,,1.05,20925,22.39 L,676575,-89.93
RADICO,,"4,456.2",,,800100,,,,,,,,,,,,,,,,,,,,,,,VOLUME_OI,VolumeAndOISpikesScans_25AUG26_Report_4_8_2026.xlsx,,,,,,,,,,,,,0.4,,0.58,,,,,,,17.7,4650,2.07 Cr,17100,-90.05
BHARTIARTL,,1963,,,54568950,,,,,,,,,,,,,,,,,,,,,,,VOLUME_OI,VolumeAndOISpikesScans_25AUG26_Report_4_8_2026.xlsx,,,,,,,,,,,,,0.12,,0.06,,,,,,,2.3,32300,6.34 Cr,213275,-90.28
ONGC,,241.92,,,56121750,,,,,,,,,,,,,,,,,,,,,,,VOLUME_OI,VolumeAndOISpikesScans_25AUG26_Report_4_8_2026.xlsx,,,,,,,,,,,,,0.67,,-0.01,,,,,,,1.61,-6750,-16.33 L,704250,-90.35
SIEMENS,,3958,,,3543400,,,,,,,,,,,,,,,,,,,,,,,VOLUME_OI,VolumeAndOISpikesScans_25AUG26_Report_4_8_2026.xlsx,,,,,,,,,,,,,0.8,,0.41,,,,,,,31.5,14525,5.75 Cr,78050,-90.39
MARICO,,876,,,16303200,,,,,,,,,,,,,,,,,,,,,,,VOLUME_OI,VolumeAndOISpikesScans_25AUG26_Report_4_8_2026.xlsx,,,,,,,,,,,,,-0.54,,0.35,,,,,,,-4.75,56400,4.94 Cr,343200,-90.43
NIFTYNXT50,,74300,,,19350,,,,,,,,,,,,,,,,,,,,,,,VOLUME_OI,VolumeAndOISpikesScans_25AUG26_Report_4_8_2026.xlsx,,,,,,,,,,,,,0.08,,0.13,,,,,,,61.8,25,18.57 L,250,-90.48
TIINDIA,,"2,804.9",,,2208800,,,,,,,,,,,,,,,,,,,,,,,VOLUME_OI,VolumeAndOISpikesScans_25AUG26_Report_4_8_2026.xlsx,,,,,,,,,,,,,2.04,,-0.06,,,,,,,56.1,-1400,-39.27 L,20600,-90.65
SBIN,,"1,038.9",,,82570500,,,,,,,,,,,,,,,,,,,,,,,VOLUME_OI,VolumeAndOISpikesScans_25AUG26_Report_4_8_2026.xlsx,,,,,,,,,,,,,-0.27,,0.28,,,,,,,-2.8,229500,23.84 Cr,907500,-90.84
ICICIPRULI,,513.6,,,18316850,,,,,,,,,,,,,,,,,,,,,,,VOLUME_OI,VolumeAndOISpikesScans_25AUG26_Report_4_8_2026.xlsx,,,,,,,,,,,,,-1.09,,0.39,,,,,,,-5.65,71225,3.66 Cr,181300,-90.94
BPCL,,324.95,,,40430225,,,,,,,,,,,,,,,,,,,,,,,VOLUME_OI,VolumeAndOISpikesScans_25AUG26_Report_4_8_2026.xlsx,,,,,,,,,,,,,-0.51,,-0.22,,,,,,,-1.65,-90850,-2.95 Cr,493750,-91.0
INDUSINDBK,,"1,019.9",,,33704300,,,,,,,,,,,,,,,,,,,,,,,VOLUME_OI,VolumeAndOISpikesScans_25AUG26_Report_4_8_2026.xlsx,,,,,,,,,,,,,0.3,,-0.05,,,,,,,3,-16800,-1.71 Cr,120400,-91.05
MOTILALOFS,,874.95,,,7025375,,,,,,,,,,,,,,,,,,,,,,,VOLUME_OI,VolumeAndOISpikesScans_25AUG26_Report_4_8_2026.xlsx,,,,,,,,,,,,,0.41,,-0.13,,,,,,,3.55,-9300,-81.37 L,92225,-91.13
MIDCPNIFTY,,14859.55,,,1895880,,,,,,,,,,,,,,,,,,,,,,,VOLUME_OI,VolumeAndOISpikesScans_25AUG26_Report_4_8_2026.xlsx,,,,,,,,,,,,,0,,0.39,,,,,,,-0.6,7440,11.06 Cr,23760,-91.2
BSE,,"3,571.1",,,8435600,,,,,,,,,,,,,,,,,,,,,,,VOLUME_OI,VolumeAndOISpikesScans_25AUG26_Report_4_8_2026.xlsx,,,,,,,,,,,,,-0.01,,0.29,,,,,,,-0.3,24600,8.78 Cr,251200,-91.21
CROMPTON,,267.35,,,59559300,,,,,,,,,,,,,,,,,,,,,,,VOLUME_OI,VolumeAndOISpikesScans_25AUG26_Report_4_8_2026.xlsx,,,,,,,,,,,,,-0.11,,0.08,,,,,,,-0.3,45150,1.21 Cr,393450,-91.23
APOLLOHOSP,,"8,852.5",,,1924500,,,,,,,,,,,,,,,,,,,,,,,VOLUME_OI,VolumeAndOISpikesScans_25AUG26_Report_4_8_2026.xlsx,,,,,,,,,,,,,0.36,,-0.1,,,,,,,32,-1875,-1.66 Cr,21125,-91.36
PIIND,,"2,829.2",,,2722825,,,,,,,,,,,,,,,,,,,,,,,VOLUME_OI,VolumeAndOISpikesScans_25AUG26_Report_4_8_2026.xlsx,,,,,,,,,,,,,0.21,,0.61,,,,,,,5.9,16450,4.65 Cr,37625,-91.38
PAGEIND,,39985,,,233420,,,,,,,,,,,,,,,,,,,,,,,VOLUME_OI,VolumeAndOISpikesScans_25AUG26_Report_4_8_2026.xlsx,,,,,,,,,,,,,-0.58,,0.51,,,,,,,-235,1180,4.72 Cr,2580,-91.45
OFSS,,11529,,,1289500,,,,,,,,,,,,,,,,,,,,,,,VOLUME_OI,VolumeAndOISpikesScans_25AUG26_Report_4_8_2026.xlsx,,,,,,,,,,,,,0.22,,0.2,,,,,,,25,2600,3.00 Cr,13800,-91.55
TECHM,,1645,,,17176200,,,,,,,,,,,,,,,,,,,,,,,VOLUME_OI,VolumeAndOISpikesScans_25AUG26_Report_4_8_2026.xlsx,,,,,,,,,,,,,-0.77,,0.25,,,,,,,-12.7,43200,7.11 Cr,231600,-91.62
JSWENERGY,,567.55,,,24666950,,,,,,,,,,,,,,,,,,,,,,,VOLUME_OI,VolumeAndOISpikesScans_25AUG26_Report_4_8_2026.xlsx,,,,,,,,,,,,,0.1,,-0.07,,,,,,,0.55,-17200,-97.62 L,151575,-91.7
PHOENIXLTD,,"1,924.1",,,3703350,,,,,,,,,,,,,,,,,,,,,,,VOLUME_OI,VolumeAndOISpikesScans_25AUG26_Report_4_8_2026.xlsx,,,,,,,,,,,,,-0.01,,-0.12,,,,,,,-0.1,-4550,-87.55 L,26950,-91.72
MCX,,"2,658.8",,,7548750,,,,,,,,,,,,,,,,,,,,,,,VOLUME_OI,VolumeAndOISpikesScans_25AUG26_Report_4_8_2026.xlsx,,,,,,,,,,,,,1.09,,-0.04,,,,,,,28.7,-2925,-77.77 L,168975,-91.81
CUMMINSIND,,"5,555.5",,,3949800,,,,,,,,,,,,,,,,,,,,,,,VOLUME_OI,VolumeAndOISpikesScans_25AUG26_Report_4_8_2026.xlsx,,,,,,,,,,,,,0.53,,0.13,,,,,,,29.5,5000,2.78 Cr,21000,-91.88
BDL,,"1,254.5",,,7121725,,,,,,,,,,,,,,,,,,,,,,,VOLUME_OI,VolumeAndOISpikesScans_25AUG26_Report_4_8_2026.xlsx,,,,,,,,,,,,,0.38,,-0.13,,,,,,,4.8,-8925,-1.12 Cr,57375,-91.93
SENSEX,,78999,,,38560,,,,,,,,,,,,,,,,,,,,,,,VOLUME_OI,VolumeAndOISpikesScans_25AUG26_Report_4_8_2026.xlsx,,,,,,,,,,,,,0.04,,1,,,,,,,33.9,380,3.00 Cr,1320,-91.97
NYKAA,,338.5,,,44934375,,,,,,,,,,,,,,,,,,,,,,,VOLUME_OI,VolumeAndOISpikesScans_25AUG26_Report_4_8_2026.xlsx,,,,,,,,,,,,,-0.73,,-0.01,,,,,,,-2.5,-3125,-10.58 L,771875,-92.01
PGEL,,618.95,,,10660900,,,,,,,,,,,,,,,,,,,,,,,VOLUME_OI,VolumeAndOISpikesScans_25AUG26_Report_4_8_2026.xlsx,,,,,,,,,,,,,-0.67,,0.21,,,,,,,-4.2,21850,1.35 Cr,173850,-92.23
NIFTY,,24659,,,11879270,,,,,,,,,,,,,,,,,,,,,,,VOLUME_OI,VolumeAndOISpikesScans_25AUG26_Report_4_8_2026.xlsx,,,,,,,,,,,,,0.04,,-0.15,,,,,,,9.6,-17615,-43.44 Cr,243880,-92.35
JSWSTEEL,,"1,285.1",,,39600225,,,,,,,,,,,,,,,,,,,,,,,VOLUME_OI,VolumeAndOISpikesScans_25AUG26_Report_4_8_2026.xlsx,,,,,,,,,,,,,0.14,,0.02,,,,,,,1.8,6750,86.74 L,207225,-92.42
BOSCHLTD,,41090,,,208875,,,,,,,,,,,,,,,,,,,,,,,VOLUME_OI,VolumeAndOISpikesScans_25AUG26_Report_4_8_2026.xlsx,,,,,,,,,,,,,-0.04,,0.19,,,,,,,-15,400,1.64 Cr,1325,-92.55
ICICIBANK,,"1,450.5",,,104451900,,,,,,,,,,,,,,,,,,,,,,,VOLUME_OI,VolumeAndOISpikesScans_25AUG26_Report_4_8_2026.xlsx,,,,,,,,,,,,,0.23,,0.08,,,,,,,3.3,78400,11.37 Cr,434000,-92.58
PATANJALI,,361.8,,,33030450,,,,,,,,,,,,,,,,,,,,,,,VOLUME_OI,VolumeAndOISpikesScans_25AUG26_Report_4_8_2026.xlsx,,,,,,,,,,,,,-0.17,,1,,,,,,,-0.6,325725,11.78 Cr,561150,-92.66
HAVELLS,,1293,,,9179500,,,,,,,,,,,,,,,,,,,,,,,VOLUME_OI,VolumeAndOISpikesScans_25AUG26_Report_4_8_2026.xlsx,,,,,,,,,,,,,0.7,,-0.06,,,,,,,9,-5500,-71.11 L,93500,-92.71
UNIONBANK,,174.1,,,118811250,,,,,,,,,,,,,,,,,,,,,,,VOLUME_OI,VolumeAndOISpikesScans_25AUG26_Report_4_8_2026.xlsx,,,,,,,,,,,,,0.17,,0.12,,,,,,,0.29,141600,2.47 Cr,774375,-92.74
360ONE,,1157,,,4104500,,,,,,,,,,,,,,,,,,,,,,,VOLUME_OI,VolumeAndOISpikesScans_25AUG26_Report_4_8_2026.xlsx,,,,,,,,,,,,,0.41,,0.06,,,,,,,4.7,2500,28.93 L,27000,-92.86
CDSL,,1322,,,10555450,,,,,,,,,,,,,,,,,,,,,,,VOLUME_OI,VolumeAndOISpikesScans_25AUG26_Report_4_8_2026.xlsx,,,,,,,,,,,,,-0.29,,0.69,,,,,,,-3.8,72200,9.54 Cr,199025,-92.95
M&M,,3401,,,12298000,,,,,,,,,,,,,,,,,,,,,,,VOLUME_OI,VolumeAndOISpikesScans_25AUG26_Report_4_8_2026.xlsx,,,,,,,,,,,,,-0.14,,0.07,,,,,,,-4.8,9200,3.13 Cr,121800,-92.98
DELHIVERY,,478.1,,,27643150,,,,,,,,,,,,,,,,,,,,,,,VOLUME_OI,VolumeAndOISpikesScans_25AUG26_Report_4_8_2026.xlsx,,,,,,,,,,,,,1.16,,0.45,,,,,,,5.5,124500,5.95 Cr,842450,-93.01
COCHINSHIP,,1447,,,5354800,,,,,,,,,,,,,,,,,,,,,,,VOLUME_OI,VolumeAndOISpikesScans_25AUG26_Report_4_8_2026.xlsx,,,,,,,,,,,,,0.08,,0.09,,,,,,,1.1,4800,69.46 L,57200,-93.05
RVNL,,231.27,,,34961850,,,,,,,,,,,,,,,,,,,,,,,VOLUME_OI,VolumeAndOISpikesScans_25AUG26_Report_4_8_2026.xlsx,,,,,,,,,,,,,-0.77,,0.37,,,,,,,-1.8,128975,2.98 Cr,479325,-93.12
INDIANB,,846.45,,,12356000,,,,,,,,,,,,,,,,,,,,,,,VOLUME_OI,VolumeAndOISpikesScans_25AUG26_Report_4_8_2026.xlsx,,,,,,,,,,,,,0.12,,0.26,,,,,,,1.05,32000,2.71 Cr,120000,-93.15
PNBHOUSING,,"1,077.7",,,7705750,,,,,,,,,,,,,,,,,,,,,,,VOLUME_OI,VolumeAndOISpikesScans_25AUG26_Report_4_8_2026.xlsx,,,,,,,,,,,,,-0.72,,0.33,,,,,,,-7.8,25350,2.73 Cr,191100,-93.15
VOLTAS,,"1,346.7",,,7014750,,,,,,,,,,,,,,,,,,,,,,,VOLUME_OI,VolumeAndOISpikesScans_25AUG26_Report_4_8_2026.xlsx,,,,,,,,,,,,,0.7,,0.03,,,,,,,9.3,2250,30.30 L,48375,-93.17
BANKNIFTY,,57925,,,2100780,,,,,,,,,,,,,,,,,,,,,,,VOLUME_OI,VolumeAndOISpikesScans_25AUG26_Report_4_8_2026.xlsx,,,,,,,,,,,,,0.11,,0.05,,,,,,,63.4,1050,6.08 Cr,44820,-93.21
BHEL,,411.9,,,80498250,,,,,,,,,,,,,,,,,,,,,,,VOLUME_OI,VolumeAndOISpikesScans_25AUG26_Report_4_8_2026.xlsx,,,,,,,,,,,,,0.54,,0.11,,,,,,,2.2,89250,3.68 Cr,414750,-93.22
LODHA,,"1,241.5",,,11790625,,,,,,,,,,,,,,,,,,,,,,,VOLUME_OI,VolumeAndOISpikesScans_25AUG26_Report_4_8_2026.xlsx,,,,,,,,,,,,,0.83,,-0.14,,,,,,,10.2,-16875,-2.10 Cr,118125,-93.31
RELIANCE,,"1,310.5",,,102418000,,,,,,,,,,,,,,,,,,,,,,,VOLUME_OI,VolumeAndOISpikesScans_25AUG26_Report_4_8_2026.xlsx,,,,,,,,,,,,,-0.09,,0.02,,,,,,,-1.2,18000,2.36 Cr,391000,-93.35
MAZDOCK,,2396,,,5065200,,,,,,,,,,,,,,,,,,,,,,,VOLUME_OI,VolumeAndOISpikesScans_25AUG26_Report_4_8_2026.xlsx,,,,,,,,,,,,,0.27,,0.01,,,,,,,6.4,675,16.17 L,27450,-93.38
INFY,,"1,167.4",,,88554800,,,,,,,,,,,,,,,,,,,,,,,VOLUME_OI,VolumeAndOISpikesScans_25AUG26_Report_4_8_2026.xlsx,,,,,,,,,,,,,-1.02,,0.25,,,,,,,-12,221200,25.82 Cr,784800,-93.39
TCS,,"2,451.4",,,31454775,,,,,,,,,,,,,,,,,,,,,,,VOLUME_OI,VolumeAndOISpikesScans_25AUG26_Report_4_8_2026.xlsx,,,,,,,,,,,,,-0.54,,0.05,,,,,,,-13.2,17100,4.19 Cr,230175,-93.44
JIOFIN,,265.4,,,184369250,,,,,,,,,,,,,,,,,,,,,,,VOLUME_OI,VolumeAndOISpikesScans_25AUG26_Report_4_8_2026.xlsx,,,,,,,,,,,,,0.74,,0.24,,,,,,,1.95,444150,11.79 Cr,3132550,-93.5
BANKBARODA,,247.56,,,129217725,,,,,,,,,,,,,,,,,,,,,,,VOLUME_OI,VolumeAndOISpikesScans_25AUG26_Report_4_8_2026.xlsx,,,,,,,,,,,,,-0.07,,0.09,,,,,,,-0.17,119925,2.97 Cr,722475,-93.66
FINNIFTY,,"26,895.9",,,32160,,,,,,,,,,,,,,,,,,,,,,,VOLUME_OI,VolumeAndOISpikesScans_25AUG26_Report_4_8_2026.xlsx,,,,,,,,,,,,,0.14,,-0.19,,,,,,,37.4,-60,-16.14 L,780,-93.75
HAL,,"4,687.8",,,5107050,,,,,,,,,,,,,,,,,,,,,,,VOLUME_OI,VolumeAndOISpikesScans_25AUG26_Report_4_8_2026.xlsx,,,,,,,,,,,,,0.32,,0.13,,,,,,,14.9,6600,3.09 Cr,24450,-93.84
SUPREMEIND,,3556,,,2288125,,,,,,,,,,,,,,,,,,,,,,,VOLUME_OI,VolumeAndOISpikesScans_25AUG26_Report_4_8_2026.xlsx,,,,,,,,,,,,,0.52,,0.08,,,,,,,18.5,1750,62.23 L,13300,-94.1
NTPC,,348.3,,,97990500,,,,,,,,,,,,,,,,,,,,,,,VOLUME_OI,VolumeAndOISpikesScans_25AUG26_Report_4_8_2026.xlsx,,,,,,,,,,,,,0.07,,0.01,,,,,,,0.25,12000,41.80 L,189000,-94.11
PRESTIGE,,"1,627.6",,,5105700,,,,,,,,,,,,,,,,,,,,,,,VOLUME_OI,VolumeAndOISpikesScans_25AUG26_Report_4_8_2026.xlsx,,,,,,,,,,,,,0.12,,0.04,,,,,,,2,2250,36.62 L,35100,-94.15
WIPRO,,188.42,,,222111000,,,,,,,,,,,,,,,,,,,,,,,VOLUME_OI,VolumeAndOISpikesScans_25AUG26_Report_4_8_2026.xlsx,,,,,,,,,,,,,-0.49,,0.13,,,,,,,-0.93,282000,5.31 Cr,1218000,-94.17
BIOCON,,425.4,,,47822500,,,,,,,,,,,,,,,,,,,,,,,VOLUME_OI,VolumeAndOISpikesScans_25AUG26_Report_4_8_2026.xlsx,,,,,,,,,,,,,0,,0.18,,,,,,,0,85000,3.62 Cr,287500,-94.23
HINDPETRO,,394.5,,,44932725,,,,,,,,,,,,,,,,,,,,,,,VOLUME_OI,VolumeAndOISpikesScans_25AUG26_Report_4_8_2026.xlsx,,,,,,,,,,,,,-0.13,,0.02,,,,,,,-0.5,8100,31.95 L,202500,-94.3
AUBANK,,"1,048.5",,,21980000,,,,,,,,,,,,,,,,,,,,,,,VOLUME_OI,VolumeAndOISpikesScans_25AUG26_Report_4_8_2026.xlsx,,,,,,,,,,,,,-0.21,,0.05,,,,,,,-2.2,10000,1.05 Cr,102000,-94.39
ABB,,"7,689.5",,,2160000,,,,,,,,,,,,,,,,,,,,,,,VOLUME_OI,VolumeAndOISpikesScans_25AUG26_Report_4_8_2026.xlsx,,,,,,,,,,,,,1.5,,-0.02,,,,,,,113.5,-375,-28.84 L,103375,-94.41
FORCEMOT,,18340,,,250750,,,,,,,,,,,,,,,,,,,,,,,VOLUME_OI,VolumeAndOISpikesScans_25AUG26_Report_4_8_2026.xlsx,,,,,,,,,,,,,-0.96,,0.03,,,,,,,-178,75,13.76 L,4950,-94.53
VBL,,445.5,,,53914650,,,,,,,,,,,,,,,,,,,,,,,VOLUME_OI,VolumeAndOISpikesScans_25AUG26_Report_4_8_2026.xlsx,,,,,,,,,,,,,-0.37,,0.45,,,,,,,-1.65,243525,10.85 Cr,395250,-94.6
HCLTECH,,1366,,,27306400,,,,,,,,,,,,,,,,,,,,,,,VOLUME_OI,VolumeAndOISpikesScans_25AUG26_Report_4_8_2026.xlsx,,,,,,,,,,,,,-0.34,,0.06,,,,,,,-4.6,16800,2.29 Cr,119600,-94.61
POLICYBZR,,1635,,,9158100,,,,,,,,,,,,,,,,,,,,,,,VOLUME_OI,VolumeAndOISpikesScans_25AUG26_Report_4_8_2026.xlsx,,,,,,,,,,,,,0.15,,0.03,,,,,,,2.4,2800,45.78 L,31500,-94.61
PNB,,113.7,,,289512000,,,,,,,,,,,,,,,,,,,,,,,VOLUME_OI,VolumeAndOISpikesScans_25AUG26_Report_4_8_2026.xlsx,,,,,,,,,,,,,-0.08,,0.02,,,,,,,-0.09,64000,72.77 L,1224000,-94.67
SHRIRAMFIN,,"1,085.8",,,26153325,,,,,,,,,,,,,,,,,,,,,,,VOLUME_OI,VolumeAndOISpikesScans_25AUG26_Report_4_8_2026.xlsx,,,,,,,,,,,,,0.5,,0.61,,,,,,,5.4,158400,17.20 Cr,358050,-94.82
HDFCAMC,,"2,580.8",,,6057600,,,,,,,,,,,,,,,,,,,,,,,VOLUME_OI,VolumeAndOISpikesScans_25AUG26_Report_4_8_2026.xlsx,,,,,,,,,,,,,-0.04,,0.16,,,,,,,-1,9600,2.48 Cr,35400,-94.83
ANGELONE,,302,,,27722500,,,,,,,,,,,,,,,,,,,,,,,VOLUME_OI,VolumeAndOISpikesScans_25AUG26_Report_4_8_2026.xlsx,,,,,,,,,,,,,0.22,,0.24,,,,,,,0.65,67500,2.04 Cr,257500,-94.84
TATAELXSI,,3770,,,2410625,,,,,,,,,,,,,,,,,,,,,,,VOLUME_OI,VolumeAndOISpikesScans_25AUG26_Report_4_8_2026.xlsx,,,,,,,,,,,,,-0.05,,-0.11,,,,,,,-1.7,-2750,-1.04 Cr,21125,-94.93
UNOMINDA,,1215,,,4631000,,,,,,,,,,,,,,,,,,,,,,,VOLUME_OI,VolumeAndOISpikesScans_25AUG26_Report_4_8_2026.xlsx,,,,,,,,,,,,,-0.16,,0.35,,,,,,,-1.9,15950,1.94 Cr,64900,-94.96
INDHOTEL,,749.95,,,20803000,,,,,,,,,,,,,,,,,,,,,,,VOLUME_OI,VolumeAndOISpikesScans_25AUG26_Report_4_8_2026.xlsx,,,,,,,,,,,,,0.33,,0.21,,,,,,,2.45,43000,3.22 Cr,130000,-94.97
JINDALSTEL,,1122,,,13537500,,,,,,,,,,,,,,,,,,,,,,,VOLUME_OI,VolumeAndOISpikesScans_25AUG26_Report_4_8_2026.xlsx,,,,,,,,,,,,,0.36,,0.19,,,,,,,4,25625,2.88 Cr,105625,-94.99
ADANIPOWER,,213.52,,,155770450,,,,,,,,,,,,,,,,,,,,,,,VOLUME_OI,VolumeAndOISpikesScans_25AUG26_Report_4_8_2026.xlsx,,,,,,,,,,,,,0.35,,0.06,,,,,,,0.75,88750,1.89 Cr,504100,-95.03
TATAPOWER,,382.3,,,62131050,,,,,,,,,,,,,,,,,,,,,,,VOLUME_OI,VolumeAndOISpikesScans_25AUG26_Report_4_8_2026.xlsx,,,,,,,,,,,,,-0.25,,0.06,,,,,,,-0.95,34800,1.33 Cr,160950,-95.11
BANDHANBNK,,173.33,,,132739200,,,,,,,,,,,,,,,,,,,,,,,VOLUME_OI,VolumeAndOISpikesScans_25AUG26_Report_4_8_2026.xlsx,,,,,,,,,,,,,0.27,,0.06,,,,,,,0.47,79200,1.37 Cr,432000,-95.16
BAJFINANCE,,1152,,,55613250,,,,,,,,,,,,,,,,,,,,,,,VOLUME_OI,VolumeAndOISpikesScans_25AUG26_Report_4_8_2026.xlsx,,,,,,,,,,,,,0.39,,0.2,,,,,,,4.5,109500,12.61 Cr,614250,-95.19
PERSISTENT,,5503,,,3573000,,,,,,,,,,,,,,,,,,,,,,,VOLUME_OI,VolumeAndOISpikesScans_25AUG26_Report_4_8_2026.xlsx,,,,,,,,,,,,,-0.91,,0.23,,,,,,,-50.5,8375,4.61 Cr,74875,-95.42
KPITTECH,,617.3,,,13178100,,,,,,,,,,,,,,,,,,,,,,,VOLUME_OI,VolumeAndOISpikesScans_25AUG26_Report_4_8_2026.xlsx,,,,,,,,,,,,,0.06,,0.26,,,,,,,0.4,34100,2.10 Cr,213125,-95.43
AUROPHARMA,,"1,556.1",,,10090850,,,,,,,,,,,,,,,,,,,,,,,VOLUME_OI,VolumeAndOISpikesScans_25AUG26_Report_4_8_2026.xlsx,,,,,,,,,,,,,0.41,,0.07,,,,,,,6.3,7150,1.11 Cr,52250,-95.47
OIL,,451.35,,,15738800,,,,,,,,,,,,,,,,,,,,,,,VOLUME_OI,VolumeAndOISpikesScans_25AUG26_Report_4_8_2026.xlsx,,,,,,,,,,,,,-0.25,,0.03,,,,,,,-1.15,4200,18.96 L,98000,-95.5
NMDC,,84.48,,,343696500,,,,,,,,,,,,,,,,,,,,,,,VOLUME_OI,VolumeAndOISpikesScans_25AUG26_Report_4_8_2026.xlsx,,,,,,,,,,,,,0.88,,0,,,,,,,0.74,0,-,884250,-95.52
LT,,"4,015.5",,,11500825,,,,,,,,,,,,,,,,,,,,,,,VOLUME_OI,VolumeAndOISpikesScans_25AUG26_Report_4_8_2026.xlsx,,,,,,,,,,,,,-0.08,,0.06,,,,,,,-3.1,6475,2.60 Cr,68950,-95.56
LTM,,4625,,,2264400,,,,,,,,,,,,,,,,,,,,,,,VOLUME_OI,VolumeAndOISpikesScans_25AUG26_Report_4_8_2026.xlsx,,,,,,,,,,,,,-1.05,,0.81,,,,,,,-48.9,18150,8.39 Cr,70950,-95.71
CIPLA,,"1,462.1",,,8965375,,,,,,,,,,,,,,,,,,,,,,,VOLUME_OI,VolumeAndOISpikesScans_25AUG26_Report_4_8_2026.xlsx,,,,,,,,,,,,,0.08,,0.05,,,,,,,1.1,4675,68.35 L,38250,-95.75
ABCAPITAL,,424.2,,,37150400,,,,,,,,,,,,,,,,,,,,,,,VOLUME_OI,VolumeAndOISpikesScans_25AUG26_Report_4_8_2026.xlsx,,,,,,,,,,,,,0.66,,0.52,,,,,,,2.8,192200,8.15 Cr,871100,-95.88
ASHOKLEY,,174.48,,,144635000,,,,,,,,,,,,,,,,,,,,,,,VOLUME_OI,VolumeAndOISpikesScans_25AUG26_Report_4_8_2026.xlsx,,,,,,,,,,,,,-0.38,,0.22,,,,,,,-0.66,320000,5.58 Cr,1975000,-95.89
APLAPOLLO,,1968,,,5626950,,,,,,,,,,,,,,,,,,,,,,,VOLUME_OI,VolumeAndOISpikesScans_25AUG26_Report_4_8_2026.xlsx,,,,,,,,,,,,,1.22,,-0.43,,,,,,,23.7,-24150,-4.75 Cr,189000,-95.92
COALINDIA,,417.35,,,79035750,,,,,,,,,,,,,,,,,,,,,,,VOLUME_OI,VolumeAndOISpikesScans_25AUG26_Report_4_8_2026.xlsx,,,,,,,,,,,,,0.57,,-0.02,,,,,,,2.35,-16200,-67.61 L,274050,-95.93
KFINTECH,,931.85,,,3926100,,,,,,,,,,,,,,,,,,,,,,,VOLUME_OI,VolumeAndOISpikesScans_25AUG26_Report_4_8_2026.xlsx,,,,,,,,,,,,,-0.27,,0.29,,,,,,,-2.55,11500,1.07 Cr,37375,-95.93
TMPV,,347.2,,,75331200,,,,,,,,,,,,,,,,,,,,,,,VOLUME_OI,VolumeAndOISpikesScans_25AUG26_Report_4_8_2026.xlsx,,,,,,,,,,,,,-0.26,,0.22,,,,,,,-0.9,164800,5.72 Cr,585600,-95.93
CONCOR,,521.9,,,21433750,,,,,,,,,,,,,,,,,,,,,,,VOLUME_OI,VolumeAndOISpikesScans_25AUG26_Report_4_8_2026.xlsx,,,,,,,,,,,,,-0.08,,0.02,,,,,,,-0.4,5000,26.09 L,76250,-95.96
AMBER,,7491,,,1235700,,,,,,,,,,,,,,,,,,,,,,,VOLUME_OI,VolumeAndOISpikesScans_25AUG26_Report_4_8_2026.xlsx,,,,,,,,,,,,,0.19,,-0.02,,,,,,,14,-300,-22.47 L,8900,-95.99
ETERNAL,,311.35,,,153934150,,,,,,,,,,,,,,,,,,,,,,,VOLUME_OI,VolumeAndOISpikesScans_25AUG26_Report_4_8_2026.xlsx,,,,,,,,,,,,,0.44,,0.03,,,,,,,1.35,38800,1.21 Cr,970000,-96.06
SBICARD,,666.95,,,22282400,,,,,,,,,,,,,,,,,,,,,,,VOLUME_OI,VolumeAndOISpikesScans_25AUG26_Report_4_8_2026.xlsx,,,,,,,,,,,,,-0.27,,0.08,,,,,,,-1.8,18400,1.23 Cr,82400,-96.06
JUBLFOOD,,468.65,,,16528750,,,,,,,,,,,,,,,,,,,,,,,VOLUME_OI,VolumeAndOISpikesScans_25AUG26_Report_4_8_2026.xlsx,,,,,,,,,,,,,-0.41,,0.36,,,,,,,-1.95,60000,2.81 Cr,295000,-96.21
ASIANPAINT,,"2,803.5",,,7433000,,,,,,,,,,,,,,,,,,,,,,,VOLUME_OI,VolumeAndOISpikesScans_25AUG26_Report_4_8_2026.xlsx,,,,,,,,,,,,,0.43,,0.02,,,,,,,11.9,1500,42.05 L,37250,-96.25
BANKINDIA,,140.3,,,96662800,,,,,,,,,,,,,,,,,,,,,,,VOLUME_OI,VolumeAndOISpikesScans_25AUG26_Report_4_8_2026.xlsx,,,,,,,,,,,,,0.19,,0.19,,,,,,,0.26,187200,2.63 Cr,514800,-96.28
CAMS,,796.3,,,7389525,,,,,,,,,,,,,,,,,,,,,,,VOLUME_OI,VolumeAndOISpikesScans_25AUG26_Report_4_8_2026.xlsx,,,,,,,,,,,,,-0.24,,0.12,,,,,,,-1.95,9075,72.26 L,96525,-96.31
IEX,,129.25,,,73075650,,,,,,,,,,,,,,,,,,,,,,,VOLUME_OI,VolumeAndOISpikesScans_25AUG26_Report_4_8_2026.xlsx,,,,,,,,,,,,,0.97,,-0.34,,,,,,,1.24,-252300,-3.26 Cr,1052700,-96.35
GLENMARK,,"2,217.2",,,11692875,,,,,,,,,,,,,,,,,,,,,,,VOLUME_OI,VolumeAndOISpikesScans_25AUG26_Report_4_8_2026.xlsx,,,,,,,,,,,,,-0.09,,0.26,,,,,,,-1.9,30750,6.82 Cr,84375,-96.4
FORTIS,,942.1,,,9641775,,,,,,,,,,,,,,,,,,,,,,,VOLUME_OI,VolumeAndOISpikesScans_25AUG26_Report_4_8_2026.xlsx,,,,,,,,,,,,,-0.35,,0.49,,,,,,,-3.35,47275,4.45 Cr,132525,-96.43
LTF,,321.75,,,47479500,,,,,,,,,,,,,,,,,,,,,,,VOLUME_OI,VolumeAndOISpikesScans_25AUG26_Report_4_8_2026.xlsx,,,,,,,,,,,,,0.8,,0.19,,,,,,,2.55,90000,2.90 Cr,468000,-96.45
MANKIND,,2484,,,3287750,,,,,,,,,,,,,,,,,,,,,,,VOLUME_OI,VolumeAndOISpikesScans_25AUG26_Report_4_8_2026.xlsx,,,,,,,,,,,,,0.51,,0.05,,,,,,,12.6,1500,37.26 L,17250,-96.48
ZYDUSLIFE,,"1,121.9",,,10007100,,,,,,,,,,,,,,,,,,,,,,,VOLUME_OI,VolumeAndOISpikesScans_25AUG26_Report_4_8_2026.xlsx,,,,,,,,,,,,,0.35,,-0.09,,,,,,,3.9,-9000,-1.01 Cr,77400,-96.53
MPHASIS,,"2,402.6",,,3824700,,,,,,,,,,,,,,,,,,,,,,,VOLUME_OI,VolumeAndOISpikesScans_25AUG26_Report_4_8_2026.xlsx,,,,,,,,,,,,,-0.82,,0.2,,,,,,,-19.9,7700,1.85 Cr,20075,-96.61
NBCC,,95.29,,,99333000,,,,,,,,,,,,,,,,,,,,,,,VOLUME_OI,VolumeAndOISpikesScans_25AUG26_Report_4_8_2026.xlsx,,,,,,,,,,,,,-0.12,,0.03,,,,,,,-0.11,32500,30.97 L,149500,-96.61
PETRONET,,282.9,,,31737600,,,,,,,,,,,,,,,,,,,,,,,VOLUME_OI,VolumeAndOISpikesScans_25AUG26_Report_4_8_2026.xlsx,,,,,,,,,,,,,0.09,,0.04,,,,,,,0.25,11400,32.25 L,127300,-96.61
INDIGO,,"5,438.5",,,5497350,,,,,,,,,,,,,,,,,,,,,,,VOLUME_OI,VolumeAndOISpikesScans_25AUG26_Report_4_8_2026.xlsx,,,,,,,,,,,,,0.43,,0.16,,,,,,,23.5,8550,4.65 Cr,43350,-96.64
INOXWIND,,79.36,,,105280000,,,,,,,,,,,,,,,,,,,,,,,VOLUME_OI,VolumeAndOISpikesScans_25AUG26_Report_4_8_2026.xlsx,,,,,,,,,,,,,-0.46,,0.15,,,,,,,-0.37,153600,1.22 Cr,390400,-96.72
ITC,,287.85,,,157357950,,,,,,,,,,,,,,,,,,,,,,,VOLUME_OI,VolumeAndOISpikesScans_25AUG26_Report_4_8_2026.xlsx,,,,,,,,,,,,,0.14,,0.07,,,,,,,0.4,110400,3.18 Cr,1288575,-96.81
BAJAJHLDNG,,11533,,,353025,,,,,,,,,,,,,,,,,,,,,,,VOLUME_OI,VolumeAndOISpikesScans_25AUG26_Report_4_8_2026.xlsx,,,,,,,,,,,,,0.61,,0.06,,,,,,,70,225,25.95 L,2700,-96.82
SOLARINDS,,18661,,,800650,,,,,,,,,,,,,,,,,,,,,,,VOLUME_OI,VolumeAndOISpikesScans_25AUG26_Report_4_8_2026.xlsx,,,,,,,,,,,,,0.19,,0.05,,,,,,,36,400,74.64 L,1700,-96.86
SONACOMS,,778.65,,,10580325,,,,,,,,,,,,,,,,,,,,,,,VOLUME_OI,VolumeAndOISpikesScans_25AUG26_Report_4_8_2026.xlsx,,,,,,,,,,,,,0.05,,0.14,,,,,,,0.4,14700,1.14 Cr,66150,-96.91
ALKEM,,"5,692.5",,,1412375,,,,,,,,,,,,,,,,,,,,,,,VOLUME_OI,VolumeAndOISpikesScans_25AUG26_Report_4_8_2026.xlsx,,,,,,,,,,,,,0.01,,0.08,,,,,,,0.5,1125,64.04 L,4000,-96.96
DRREDDY,,"1,161.3",,,12822500,,,,,,,,,,,,,,,,,,,,,,,VOLUME_OI,VolumeAndOISpikesScans_25AUG26_Report_4_8_2026.xlsx,,,,,,,,,,,,,-0.27,,0.35,,,,,,,-3.1,45000,5.23 Cr,129375,-97.01
SWIGGY,,287,,,67499450,,,,,,,,,,,,,,,,,,,,,,,VOLUME_OI,VolumeAndOISpikesScans_25AUG26_Report_4_8_2026.xlsx,,,,,,,,,,,,,-0.05,,0.14,,,,,,,-0.15,96725,2.78 Cr,567575,-97.01
ADANIENSOL,,"1,658.8",,,19413000,,,,,,,,,,,,,,,,,,,,,,,VOLUME_OI,VolumeAndOISpikesScans_25AUG26_Report_4_8_2026.xlsx,,,,,,,,,,,,,0.49,,-0.07,,,,,,,8.1,-14175,-2.35 Cr,49275,-97.06
KAYNES,,"3,821.1",,,4020150,,,,,,,,,,,,,,,,,,,,,,,VOLUME_OI,VolumeAndOISpikesScans_25AUG26_Report_4_8_2026.xlsx,,,,,,,,,,,,,0.05,,0.15,,,,,,,1.9,6150,2.35 Cr,17250,-97.14
MANAPPURAM,,365.95,,,60897000,,,,,,,,,,,,,,,,,,,,,,,VOLUME_OI,VolumeAndOISpikesScans_25AUG26_Report_4_8_2026.xlsx,,,,,,,,,,,,,0.32,,-0.06,,,,,,,1.15,-39000,-1.43 Cr,654000,-97.18
MARUTI,,13989,,,2054700,,,,,,,,,,,,,,,,,,,,,,,VOLUME_OI,VolumeAndOISpikesScans_25AUG26_Report_4_8_2026.xlsx,,,,,,,,,,,,,-0.33,,0.44,,,,,,,-47,9100,12.73 Cr,34500,-97.19
HYUNDAI,,2180,,,4044150,,,,,,,,,,,,,,,,,,,,,,,VOLUME_OI,VolumeAndOISpikesScans_25AUG26_Report_4_8_2026.xlsx,,,,,,,,,,,,,0.15,,0.34,,,,,,,3.3,13750,3.00 Cr,55825,-97.22
PFC,,419.3,,,53159600,,,,,,,,,,,,,,,,,,,,,,,VOLUME_OI,VolumeAndOISpikesScans_25AUG26_Report_4_8_2026.xlsx,,,,,,,,,,,,,0,,0.06,,,,,,,0,32500,1.36 Cr,161200,-97.24
DIVISLAB,,"8,428.5",,,3409200,,,,,,,,,,,,,,,,,,,,,,,VOLUME_OI,VolumeAndOISpikesScans_25AUG26_Report_4_8_2026.xlsx,,,,,,,,,,,,,0.35,,0.09,,,,,,,29.5,2900,2.44 Cr,61100,-97.25
EICHERMOT,,7982,,,3816400,,,,,,,,,,,,,,,,,,,,,,,VOLUME_OI,VolumeAndOISpikesScans_25AUG26_Report_4_8_2026.xlsx,,,,,,,,,,,,,-0.01,,0.1,,,,,,,-0.5,3900,3.11 Cr,24800,-97.35
NHPC,,79.81,,,123466750,,,,,,,,,,,,,,,,,,,,,,,VOLUME_OI,VolumeAndOISpikesScans_25AUG26_Report_4_8_2026.xlsx,,,,,,,,,,,,,0.45,,0.03,,,,,,,0.36,34750,27.73 L,562950,-97.45
IOC,,141.94,,,150154875,,,,,,,,,,,,,,,,,,,,,,,VOLUME_OI,VolumeAndOISpikesScans_25AUG26_Report_4_8_2026.xlsx,,,,,,,,,,,,,-0.3,,0.01,,,,,,,-0.43,19500,27.68 L,628875,-97.51
LUPIN,,"2,393.9",,,6401350,,,,,,,,,,,,,,,,,,,,,,,VOLUME_OI,VolumeAndOISpikesScans_25AUG26_Report_4_8_2026.xlsx,,,,,,,,,,,,,0.32,,-0.08,,,,,,,7.7,-5100,-1.22 Cr,29750,-97.54
BAJAJFINSV,,2083,,,8191200,,,,,,,,,,,,,,,,,,,,,,,VOLUME_OI,VolumeAndOISpikesScans_25AUG26_Report_4_8_2026.xlsx,,,,,,,,,,,,,0.12,,0.1,,,,,,,2.4,8400,1.75 Cr,59700,-97.55
DIXON,,13706,,,2647900,,,,,,,,,,,,,,,,,,,,,,,VOLUME_OI,VolumeAndOISpikesScans_25AUG26_Report_4_8_2026.xlsx,,,,,,,,,,,,,-0.12,,0.29,,,,,,,-16,7600,10.42 Cr,21100,-97.57
MUTHOOTFIN,,"2,898.3",,,6926150,,,,,,,,,,,,,,,,,,,,,,,VOLUME_OI,VolumeAndOISpikesScans_25AUG26_Report_4_8_2026.xlsx,,,,,,,,,,,,,0.2,,0.53,,,,,,,5.7,36300,10.52 Cr,188925,-97.64
RECLTD,,367.5,,,44518950,,,,,,,,,,,,,,,,,,,,,,,VOLUME_OI,VolumeAndOISpikesScans_25AUG26_Report_4_8_2026.xlsx,,,,,,,,,,,,,-0.18,,0.03,,,,,,,-0.65,12600,46.30 L,86625,-97.66
MAXHEALTH,,"1,100.5",,,9687825,,,,,,,,,,,,,,,,,,,,,,,VOLUME_OI,VolumeAndOISpikesScans_25AUG26_Report_4_8_2026.xlsx,,,,,,,,,,,,,0.39,,0.01,,,,,,,4.3,1050,11.56 L,23100,-97.67
TORNTPHARM,,5044,,,3732125,,,,,,,,,,,,,,,,,,,,,,,VOLUME_OI,VolumeAndOISpikesScans_25AUG26_Report_4_8_2026.xlsx,,,,,,,,,,,,,-0.04,,0.04,,,,,,,-2,1500,75.66 L,10625,-97.71
SUNPHARMA,,"1,965.4",,,13894300,,,,,,,,,,,,,,,,,,,,,,,VOLUME_OI,VolumeAndOISpikesScans_25AUG26_Report_4_8_2026.xlsx,,,,,,,,,,,,,0.55,,-0.05,,,,,,,10.7,-6300,-1.24 Cr,57400,-97.99
DMART,,4000,,,5051850,,,,,,,,,,,,,,,,,,,,,,,VOLUME_OI,VolumeAndOISpikesScans_25AUG26_Report_4_8_2026.xlsx,,,,,,,,,,,,,0.07,,0.02,,,,,,,2.9,1050,42.00 L,8100,-98.09
CHOLAFIN,,"1,876.4",,,13194375,,,,,,,,,,,,,,,,,,,,,,,VOLUME_OI,VolumeAndOISpikesScans_25AUG26_Report_4_8_2026.xlsx,,,,,,,,,,,,,0.24,,0.13,,,,,,,4.4,17500,3.28 Cr,58125,-98.17
SHREECEM,,26540,,,367750,,,,,,,,,,,,,,,,,,,,,,,VOLUME_OI,VolumeAndOISpikesScans_25AUG26_Report_4_8_2026.xlsx,,,,,,,,,,,,,0.28,,0.12,,,,,,,75,425,1.13 Cr,1400,-98.17
GAIL,,174.4,,,95771900,,,,,,,,,,,,,,,,,,,,,,,VOLUME_OI,VolumeAndOISpikesScans_25AUG26_Report_4_8_2026.xlsx,,,,,,,,,,,,,0.26,,0.22,,,,,,,0.45,205900,3.59 Cr,741950,-98.31
ULTRACEMCO,,12007,,,1614300,,,,,,,,,,,,,,,,,,,,,,,VOLUME_OI,VolumeAndOISpikesScans_25AUG26_Report_4_8_2026.xlsx,,,,,,,,,,,,,-0.14,,0,,,,,,,-17,0,-,2800,-98.44
AMBUJACEM,,443.1,,,80056800,,,,,,,,,,,,,,,,,,,,,,,VOLUME_OI,VolumeAndOISpikesScans_25AUG26_Report_4_8_2026.xlsx,,,,,,,,,,,,,-0.29,,0.03,,,,,,,-1.3,22800,1.01 Cr,92400,-98.58
DALBHARAT,,"1,825.7",,,3785600,,,,,,,,,,,,,,,,,,,,,,,VOLUME_OI,VolumeAndOISpikesScans_25AUG26_Report_4_8_2026.xlsx,,,,,,,,,,,,,-0.29,,0.09,,,,,,,-5.3,3250,59.34 L,5850,-98.99
ICICIGI,,"1,657.8",,,4993300,,,,,,,,,,,,,,,,,,,,,,,VOLUME_OI,VolumeAndOISpikesScans_25AUG26_Report_4_8_2026.xlsx,,,,,,,,,,,,,-0.1,,0.01,,,,,,,-1.7,325,5.39 L,6825,-99.24
FOCIT,,-,,,-,,,,,,,,,,,,,,,,,,,,,,,VOLUME_OI,VolumeAndOISpikesScans_25AUG26_Report_4_8_2026.xlsx,,,,,,,,,,,,,-,,-,,,,,,,-,-,-,-,
BANKEX,,-,,,-,,,,,,,,,,,,,,,,,,,,,,,VOLUME_OI,VolumeAndOISpikesScans_25AUG26_Report_4_8_2026.xlsx,,,,,,,,,,,,,-,,-,,,,,,,-,-,-,-,
