Symbol,ATM Straddle %,Open,High,Low,Close,Price Chg,Price Chg %,IV Chg,IV Chg %,OI Chg,OI Chg %,PCR Chg,PCR Chg %,Tot CE OI Chg,Tot CE OI Chg %,Tot PE OI Chg,Tot PE OI Chg %,Tot PE-CE OI Chg,Report_Type,Source_File,Price,Price Chg %,Fut OI,Fut OI Chg,Fut OI Chg %,PCR,Strike,Call OI,Call OI Chg,Put OI,Put OI Chg,Dist. From Strike %,Fut Buildup,Sector Name,Adv/ Dec/ Unchg,Price Chg %,Volume Chg %,OI Chg %,Rollover (%),Buildup,Tol CE OI Chg,Tol PE OI Chg,Tol PE-CE OI Chg,Tol PE-CE OI Chg %,Price chg,OI,OI chg,OI Chg (Value),Volume,Volume Chg %
360ONE,6.68,1160.9,1165.2,1148.4,1153.1,-11.6,-1.0,-0.46,-1.45,99.0,1.12,0.04,8.0,82.0,4.08,121.0,12.06,39,PRICE_OI,Daywise_Price_and_OI_Summary_25AUG26_Report_2026-07-30 (1).xlsx,,,,,,,,,,,,,,,,,,,,,,,,,,,,,,
ABB,8.19,7306.0,7326.0,7232.5,7263.0,-77.5,-1.06,0.4,1.06,8.0,0.05,-0.05,-6.85,352.0,5.5,-110.0,-2.35,-462,PRICE_OI,Daywise_Price_and_OI_Summary_25AUG26_Report_2026-07-30 (1).xlsx,,,,,,,,,,,,,,,,,,,,,,,,,,,,,,
ABCAPITAL,7.17,397.15,400.5,395.55,396.6,-3.5,-0.87,-0.2,-0.59,38.0,0.35,-0.03,-3.41,107.0,3.67,-10.0,-0.39,-117,PRICE_OI,Daywise_Price_and_OI_Summary_25AUG26_Report_2026-07-30 (1).xlsx,,,,,,,,,,,,,,,,,,,,,,,,,,,,,,
ADANIENSOL,7.18,1660.6,1672.6,1637.0,1667.5,-5.3,-0.32,2.22,7.07,136.0,0.48,0.02,3.51,19.0,0.37,101.0,3.47,82,PRICE_OI,Daywise_Price_and_OI_Summary_25AUG26_Report_2026-07-30 (1).xlsx,,,,,,,,,,,,,,,,,,,,,,,,,,,,,,
ADANIENT,6.19,3040.0,3077.4,3010.3,3071.0,28.1,0.92,-1.14,-3.79,-70.0,-0.13,0.01,1.15,145.0,1.15,233.0,2.13,88,PRICE_OI,Daywise_Price_and_OI_Summary_25AUG26_Report_2026-07-30 (1).xlsx,,,,,,,,,,,,,,,,,,,,,,,,,,,,,,
ADANIGREEN,8.08,1379.9,1380.0,1357.3,1376.6,-5.2,-0.38,0.19,0.5,307.0,0.7,0.0,0.0,443.0,3.32,309.0,4.08,-134,PRICE_OI,Daywise_Price_and_OI_Summary_25AUG26_Report_2026-07-30 (1).xlsx,,,,,,,,,,,,,,,,,,,,,,,,,,,,,,
ADANIPORTS,5.74,1727.0,1730.0,1672.2,1682.1,-46.8,-2.71,-0.17,-0.63,1004.0,2.32,-0.09,-14.75,6219.0,30.36,1302.0,10.36,-4917,PRICE_OI,Daywise_Price_and_OI_Summary_25AUG26_Report_2026-07-30 (1).xlsx,,,,,,,,,,,,,,,,,,,,,,,,,,,,,,
ADANIPOWER,7.46,210.01,212.39,207.93,211.8,1.27,0.6,-0.63,-1.78,496.0,1.15,-0.02,-2.74,454.0,5.61,164.0,2.77,-290,PRICE_OI,Daywise_Price_and_OI_Summary_25AUG26_Report_2026-07-30 (1).xlsx,,,,,,,,,,,,,,,,,,,,,,,,,,,,,,
ALKEM,6.17,5695.5,5862.5,5695.5,5830.0,134.0,2.35,2.97,11.09,152.0,1.39,-0.07,-20.0,1327.0,214.03,333.0,154.88,-994,PRICE_OI,Daywise_Price_and_OI_Summary_25AUG26_Report_2026-07-30 (1).xlsx,,,,,,,,,,,,,,,,,,,,,,,,,,,,,,
AMBER,8.02,7472.5,7522.0,7399.5,7516.0,72.0,0.97,0.56,1.53,-55.0,-0.44,0.14,12.73,195.0,3.21,1109.0,16.69,914,PRICE_OI,Daywise_Price_and_OI_Summary_25AUG26_Report_2026-07-30 (1).xlsx,,,,,,,,,,,,,,,,,,,,,,,,,,,,,,
AMBUJACEM,4.82,435.55,436.7,432.8,434.6,-3.5,-0.8,0.28,1.25,7.0,0.01,-0.03,-4.05,269.0,2.98,-64.0,-0.96,-333,PRICE_OI,Daywise_Price_and_OI_Summary_25AUG26_Report_2026-07-30 (1).xlsx,,,,,,,,,,,,,,,,,,,,,,,,,,,,,,
ANGELONE,7.58,303.0,303.0,298.85,299.55,-3.8,-1.25,-0.24,-0.67,113.0,1.12,-0.01,-1.82,203.0,3.93,49.0,1.72,-154,PRICE_OI,Daywise_Price_and_OI_Summary_25AUG26_Report_2026-07-30 (1).xlsx,,,,,,,,,,,,,,,,,,,,,,,,,,,,,,
APLAPOLLO,6.28,1877.0,1887.7,1863.2,1887.7,10.9,0.58,0.83,2.93,22.0,0.17,-0.04,-3.85,43.0,2.96,-21.0,-1.39,-64,PRICE_OI,Daywise_Price_and_OI_Summary_25AUG26_Report_2026-07-30 (1).xlsx,,,,,,,,,,,,,,,,,,,,,,,,,,,,,,
APOLLOHOSP,4.44,8943.5,8990.0,8910.5,8975.5,12.0,0.13,0.07,0.34,13.0,0.08,0.05,7.04,1068.0,43.34,921.0,52.42,-147,PRICE_OI,Daywise_Price_and_OI_Summary_25AUG26_Report_2026-07-30 (1).xlsx,,,,,,,,,,,,,,,,,,,,,,,,,,,,,,
ASHOKLEY,6.88,158.01,158.63,157.0,158.15,-0.49,-0.31,0.36,1.13,165.0,0.57,-0.02,-1.92,225.0,3.28,38.0,0.53,-187,PRICE_OI,Daywise_Price_and_OI_Summary_25AUG26_Report_2026-07-30 (1).xlsx,,,,,,,,,,,,,,,,,,,,,,,,,,,,,,
ASIANPAINT,4.88,2760.4,2769.9,2675.0,2721.2,-48.8,-1.76,-3.28,-12.55,863.0,2.75,-0.07,-11.67,5201.0,23.82,1140.0,8.64,-4061,PRICE_OI,Daywise_Price_and_OI_Summary_25AUG26_Report_2026-07-30 (1).xlsx,,,,,,,,,,,,,,,,,,,,,,,,,,,,,,
ASTRAL,6.41,1480.0,1498.9,1462.1,1463.0,1.0,0.07,0.52,1.75,248.0,1.51,-0.08,-10.39,425.0,15.71,49.0,2.34,-376,PRICE_OI,Daywise_Price_and_OI_Summary_25AUG26_Report_2026-07-30 (1).xlsx,,,,,,,,,,,,,,,,,,,,,,,,,,,,,,
AUBANK,5.26,1046.2,1046.2,1029.1,1033.8,-13.0,-1.24,-0.01,-0.04,-2.0,-0.01,-0.07,-7.87,62.0,1.92,-168.0,-5.87,-230,PRICE_OI,Daywise_Price_and_OI_Summary_25AUG26_Report_2026-07-30 (1).xlsx,,,,,,,,,,,,,,,,,,,,,,,,,,,,,,
AUROPHARMA,6.35,1598.2,1613.3,1592.9,1604.5,4.9,0.31,-0.1,-0.34,136.0,0.76,0.0,0.0,178.0,4.11,128.0,4.72,-50,PRICE_OI,Daywise_Price_and_OI_Summary_25AUG26_Report_2026-07-30 (1).xlsx,,,,,,,,,,,,,,,,,,,,,,,,,,,,,,
AXISBANK,4.34,1237.0,1237.0,1225.7,1231.0,-9.0,-0.73,0.47,2.38,299.0,0.24,-0.01,-1.43,1966.0,7.35,1104.0,5.93,-862,PRICE_OI,Daywise_Price_and_OI_Summary_25AUG26_Report_2026-07-30 (1).xlsx,,,,,,,,,,,,,,,,,,,,,,,,,,,,,,
BAJAJ-AUTO,4.77,11356.5,11566.0,11356.5,11505.0,104.5,0.92,0.47,2.15,214.0,0.84,0.18,15.13,396.0,3.26,2711.0,18.75,2315,PRICE_OI,Daywise_Price_and_OI_Summary_25AUG26_Report_2026-07-30 (1).xlsx,,,,,,,,,,,,,,,,,,,,,,,,,,,,,,
BAJAJFINSV,6.02,1925.0,1937.9,1922.0,1922.2,-6.7,-0.35,0.58,2.09,177.0,0.61,-0.01,-1.09,1059.0,12.98,888.0,11.77,-171,PRICE_OI,Daywise_Price_and_OI_Summary_25AUG26_Report_2026-07-30 (1).xlsx,,,,,,,,,,,,,,,,,,,,,,,,,,,,,,
BAJAJHLDNG,6.3,10963.0,11019.0,10952.0,11012.0,1.0,0.01,-0.01,-0.03,-4.0,-0.09,-0.03,-4.62,18.0,2.72,-9.0,-2.08,-27,PRICE_OI,Daywise_Price_and_OI_Summary_25AUG26_Report_2026-07-30 (1).xlsx,,,,,,,,,,,,,,,,,,,,,,,,,,,,,,
BAJFINANCE,7.21,1050.2,1064.7,1045.1,1057.2,-0.3,-0.03,0.49,1.49,729.0,0.83,-0.02,-2.33,1361.0,9.24,811.0,6.4,-550,PRICE_OI,Daywise_Price_and_OI_Summary_25AUG26_Report_2026-07-30 (1).xlsx,,,,,,,,,,,,,,,,,,,,,,,,,,,,,,
BANDHANBNK,7.58,172.1,173.75,171.45,172.22,-0.89,-0.51,0.03,0.08,86.0,0.24,0.0,0.0,124.0,0.73,35.0,0.37,-89,PRICE_OI,Daywise_Price_and_OI_Summary_25AUG26_Report_2026-07-30 (1).xlsx,,,,,,,,,,,,,,,,,,,,,,,,,,,,,,
BANKBARODA,5.64,244.0,244.25,242.2,242.7,-2.15,-0.88,0.36,1.4,106.0,0.24,0.02,1.98,47.0,0.4,196.0,1.65,149,PRICE_OI,Daywise_Price_and_OI_Summary_25AUG26_Report_2026-07-30 (1).xlsx,,,,,,,,,,,,,,,,,,,,,,,,,,,,,,
BANKEX,0.44,64799.0,64832.25,64799.0,64832.25,0.0,0.0,6.18,40.29,0.0,0.0,-0.06,-6.12,24247.0,218.82,20394.0,187.53,-3853,PRICE_OI,Daywise_Price_and_OI_Summary_25AUG26_Report_2026-07-30 (1).xlsx,,,,,,,,,,,,,,,,,,,,,,,,,,,,,,
BANKINDIA,6.23,137.05,137.99,136.61,137.68,-0.38,-0.28,-0.19,-0.64,15.0,0.08,-0.01,-1.19,95.0,1.54,14.0,0.27,-81,PRICE_OI,Daywise_Price_and_OI_Summary_25AUG26_Report_2026-07-30 (1).xlsx,,,,,,,,,,,,,,,,,,,,,,,,,,,,,,
BANKNIFTY,2.9,57125.0,57200.0,56925.0,57079.0,-265.4,-0.46,0.31,2.33,1154.0,1.66,-0.03,-3.33,20102.0,6.08,9527.0,3.21,-10575,PRICE_OI,Daywise_Price_and_OI_Summary_25AUG26_Report_2026-07-30 (1).xlsx,,,,,,,,,,,,,,,,,,,,,,,,,,,,,,
BDL,8.46,1229.7,1237.9,1212.0,1213.3,-15.7,-1.28,0.08,0.2,148.0,0.87,-0.04,-4.49,277.0,5.76,54.0,1.26,-223,PRICE_OI,Daywise_Price_and_OI_Summary_25AUG26_Report_2026-07-30 (1).xlsx,,,,,,,,,,,,,,,,,,,,,,,,,,,,,,
BEL,5.15,386.15,388.2,384.5,385.45,-4.2,-1.08,0.61,2.58,621.0,0.88,-0.03,-5.0,2466.0,6.88,556.0,2.6,-1910,PRICE_OI,Daywise_Price_and_OI_Summary_25AUG26_Report_2026-07-30 (1).xlsx,,,,,,,,,,,,,,,,,,,,,,,,,,,,,,
BHARATFORG,6.79,2185.0,2185.0,2165.6,2175.0,-2.9,-0.13,1.03,3.43,55.0,0.37,-0.01,-1.12,21.0,0.9,2.0,0.1,-19,PRICE_OI,Daywise_Price_and_OI_Summary_25AUG26_Report_2026-07-30 (1).xlsx,,,,,,,,,,,,,,,,,,,,,,,,,,,,,,
BHARTIARTL,4.14,1960.0,1969.0,1955.0,1959.0,2.3,0.12,0.13,0.68,79.0,0.06,0.0,0.0,1403.0,11.64,1125.0,11.12,-278,PRICE_OI,Daywise_Price_and_OI_Summary_25AUG26_Report_2026-07-30 (1).xlsx,,,,,,,,,,,,,,,,,,,,,,,,,,,,,,
BHEL,7.08,407.0,407.0,402.05,403.35,-3.9,-0.96,0.98,3.04,49.0,0.16,-0.01,-1.75,398.0,3.82,104.0,1.76,-294,PRICE_OI,Daywise_Price_and_OI_Summary_25AUG26_Report_2026-07-30 (1).xlsx,,,,,,,,,,,,,,,,,,,,,,,,,,,,,,
BIOCON,6.66,432.85,433.35,425.0,428.85,-4.0,-0.92,0.53,1.75,130.0,0.69,0.0,0.0,225.0,4.98,169.0,5.21,-56,PRICE_OI,Daywise_Price_and_OI_Summary_25AUG26_Report_2026-07-30 (1).xlsx,,,,,,,,,,,,,,,,,,,,,,,,,,,,,,
BLUESTARCO,8.16,1682.2,1688.3,1666.6,1673.0,-8.0,-0.48,-0.99,-2.83,-7.0,-0.07,-0.01,-1.05,22.0,2.18,6.0,0.63,-16,PRICE_OI,Daywise_Price_and_OI_Summary_25AUG26_Report_2026-07-30 (1).xlsx,,,,,,,,,,,,,,,,,,,,,,,,,,,,,,
BOSCHLTD,6.36,40920.0,41250.0,40805.0,41050.0,160.0,0.39,0.76,2.61,18.0,0.22,0.06,4.44,-57.0,-2.75,45.0,1.6,102,PRICE_OI,Daywise_Price_and_OI_Summary_25AUG26_Report_2026-07-30 (1).xlsx,,,,,,,,,,,,,,,,,,,,,,,,,,,,,,
BPCL,5.78,318.45,319.95,315.75,319.05,-0.25,-0.08,-0.68,-2.47,121.0,0.62,-0.01,-1.23,74.0,1.9,34.0,1.08,-40,PRICE_OI,Daywise_Price_and_OI_Summary_25AUG26_Report_2026-07-30 (1).xlsx,,,,,,,,,,,,,,,,,,,,,,,,,,,,,,
BRITANNIA,5.41,5415.0,5500.0,5414.5,5475.0,28.0,0.51,-0.21,-0.82,13.0,0.08,0.07,15.22,733.0,15.59,730.0,34.03,-3,PRICE_OI,Daywise_Price_and_OI_Summary_25AUG26_Report_2026-07-30 (1).xlsx,,,,,,,,,,,,,,,,,,,,,,,,,,,,,,
BSE,8.32,3546.0,3551.4,3522.0,3532.0,-21.0,-0.59,0.87,2.28,51.0,0.12,-0.03,-3.53,1010.0,5.16,184.0,1.1,-826,PRICE_OI,Daywise_Price_and_OI_Summary_25AUG26_Report_2026-07-30 (1).xlsx,,,,,,,,,,,,,,,,,,,,,,,,,,,,,,
CAMS,7.3,794.8,795.55,785.35,792.7,-1.55,-0.2,-0.55,-1.6,57.0,0.72,0.02,3.08,35.0,1.49,76.0,5.02,41,PRICE_OI,Daywise_Price_and_OI_Summary_25AUG26_Report_2026-07-30 (1).xlsx,,,,,,,,,,,,,,,,,,,,,,,,,,,,,,
CANBK,6.09,125.1,125.4,124.23,124.86,-0.6,-0.48,-0.51,-1.76,111.0,0.19,0.0,0.0,321.0,2.58,182.0,2.24,-139,PRICE_OI,Daywise_Price_and_OI_Summary_25AUG26_Report_2026-07-30 (1).xlsx,,,,,,,,,,,,,,,,,,,,,,,,,,,,,,
CDSL,7.0,1355.1,1356.9,1340.0,1343.3,-14.6,-1.08,-0.52,-1.56,62.0,0.31,-0.04,-4.21,331.0,4.12,-16.0,-0.21,-347,PRICE_OI,Daywise_Price_and_OI_Summary_25AUG26_Report_2026-07-30 (1).xlsx,,,,,,,,,,,,,,,,,,,,,,,,,,,,,,
CGPOWER,6.76,829.95,833.2,821.65,825.75,-8.65,-1.04,0.29,0.92,216.0,0.99,-0.03,-6.12,654.0,7.37,96.0,2.23,-558,PRICE_OI,Daywise_Price_and_OI_Summary_25AUG26_Report_2026-07-30 (1).xlsx,,,,,,,,,,,,,,,,,,,,,,,,,,,,,,
CHOLAFIN,6.36,1788.9,1817.1,1781.0,1783.2,-29.8,-1.64,0.47,1.6,-46.0,-0.23,0.0,0.0,208.0,4.48,82.0,3.2,-126,PRICE_OI,Daywise_Price_and_OI_Summary_25AUG26_Report_2026-07-30 (1).xlsx,,,,,,,,,,,,,,,,,,,,,,,,,,,,,,
CIPLA,4.13,1484.0,1488.7,1477.9,1479.1,-3.7,-0.25,-0.21,-1.07,-19.0,-0.08,0.0,0.0,473.0,6.5,454.0,7.11,-19,PRICE_OI,Daywise_Price_and_OI_Summary_25AUG26_Report_2026-07-30 (1).xlsx,,,,,,,,,,,,,,,,,,,,,,,,,,,,,,
COALINDIA,4.19,408.55,410.85,406.7,410.2,3.15,0.77,-0.43,-2.13,56.0,0.1,-0.01,-1.45,639.0,3.28,85.0,0.63,-554,PRICE_OI,Daywise_Price_and_OI_Summary_25AUG26_Report_2026-07-30 (1).xlsx,,,,,,,,,,,,,,,,,,,,,,,,,,,,,,
COCHINSHIP,6.42,1396.0,1400.6,1388.6,1392.8,-11.5,-0.82,-0.94,-3.05,94.0,0.66,-0.01,-1.37,55.0,1.78,-8.0,-0.35,-63,PRICE_OI,Daywise_Price_and_OI_Summary_25AUG26_Report_2026-07-30 (1).xlsx,,,,,,,,,,,,,,,,,,,,,,,,,,,,,,
COFORGE,7.22,1702.0,1756.9,1700.0,1751.0,32.8,1.91,0.37,1.12,-1.0,0.0,0.07,7.78,-214.0,-1.52,845.0,6.67,1059,PRICE_OI,Daywise_Price_and_OI_Summary_25AUG26_Report_2026-07-30 (1).xlsx,,,,,,,,,,,,,,,,,,,,,,,,,,,,,,
COLPAL,4.88,2180.0,2180.0,2103.1,2111.3,-64.8,-2.98,-1.11,-4.6,456.0,2.88,-0.08,-13.79,1023.0,17.24,24.0,0.7,-999,PRICE_OI,Daywise_Price_and_OI_Summary_25AUG26_Report_2026-07-30 (1).xlsx,,,,,,,,,,,,,,,,,,,,,,,,,,,,,,
CONCOR,5.23,528.0,528.75,523.0,523.75,-2.55,-0.48,0.08,0.33,3.0,0.02,-0.04,-4.4,146.0,4.05,-11.0,-0.34,-157,PRICE_OI,Daywise_Price_and_OI_Summary_25AUG26_Report_2026-07-30 (1).xlsx,,,,,,,,,,,,,,,,,,,,,,,,,,,,,,
CROMPTON,7.98,266.8,266.8,260.15,261.65,-4.45,-1.67,-0.03,-0.08,69.0,0.25,0.02,4.08,157.0,3.32,177.0,7.63,20,PRICE_OI,Daywise_Price_and_OI_Summary_25AUG26_Report_2026-07-30 (1).xlsx,,,,,,,,,,,,,,,,,,,,,,,,,,,,,,
CUMMINSIND,7.27,5394.5,5396.5,5341.5,5385.5,-28.5,-0.53,0.54,1.61,118.0,0.59,-0.02,-2.33,215.0,8.18,114.0,5.04,-101,PRICE_OI,Daywise_Price_and_OI_Summary_25AUG26_Report_2026-07-30 (1).xlsx,,,,,,,,,,,,,,,,,,,,,,,,,,,,,,
DABUR,5.09,433.0,433.0,416.85,419.65,-15.95,-3.66,-4.31,-15.26,1157.0,4.92,-0.1,-15.38,3660.0,45.38,1143.0,21.75,-2517,PRICE_OI,Daywise_Price_and_OI_Summary_25AUG26_Report_2026-07-30 (1).xlsx,,,,,,,,,,,,,,,,,,,,,,,,,,,,,,
DALBHARAT,5.57,1825.7,1825.7,1812.0,1819.4,-9.4,-0.51,0.07,0.27,-18.0,-0.15,-0.01,-1.03,19.0,2.06,10.0,1.12,-9,PRICE_OI,Daywise_Price_and_OI_Summary_25AUG26_Report_2026-07-30 (1).xlsx,,,,,,,,,,,,,,,,,,,,,,,,,,,,,,
DELHIVERY,7.36,468.4,473.0,466.5,470.05,-0.3,-0.06,0.77,2.28,66.0,0.59,-0.01,-1.47,94.0,2.09,19.0,0.63,-75,PRICE_OI,Daywise_Price_and_OI_Summary_25AUG26_Report_2026-07-30 (1).xlsx,,,,,,,,,,,,,,,,,,,,,,,,,,,,,,
DIVISLAB,6.53,7874.0,7908.5,7815.0,7848.0,39.5,0.51,0.43,1.44,7.0,0.02,0.05,6.94,259.0,2.91,646.0,10.08,387,PRICE_OI,Daywise_Price_and_OI_Summary_25AUG26_Report_2026-07-30 (1).xlsx,,,,,,,,,,,,,,,,,,,,,,,,,,,,,,
DIXON,8.81,14140.0,14315.0,14083.0,14241.0,147.0,1.04,0.81,2,117.0,0.26,-0.03,-3.53,685.0,4.07,185.0,1.3,-500,PRICE_OI,Daywise_Price_and_OI_Summary_25AUG26_Report_2026-07-30 (1).xlsx,,,,,,,,,,,,,,,,,,,,,,,,,,,,,,
DLF,7.33,670.2,671.6,665.0,668.15,-4.1,-0.61,1.16,3.49,118.0,0.24,0.01,1.37,131.0,2.2,203.0,4.7,72,PRICE_OI,Daywise_Price_and_OI_Summary_25AUG26_Report_2026-07-30 (1).xlsx,,,,,,,,,,,,,,,,,,,,,,,,,,,,,,
DMART,5.2,3850.0,3930.0,3842.1,3915.0,62.1,1.61,0.41,1.71,-145.0,-0.42,0.07,10.94,-1030.0,-8.59,78.0,1.02,1108,PRICE_OI,Daywise_Price_and_OI_Summary_25AUG26_Report_2026-07-30 (1).xlsx,,,,,,,,,,,,,,,,,,,,,,,,,,,,,,
DRREDDY,4.51,1145.9,1153.8,1142.4,1144.0,-0.7,-0.06,-0.31,-1.45,13.0,0.06,-0.01,-1.49,364.0,2.51,124.0,1.28,-240,PRICE_OI,Daywise_Price_and_OI_Summary_25AUG26_Report_2026-07-30 (1).xlsx,,,,,,,,,,,,,,,,,,,,,,,,,,,,,,
EICHERMOT,5.36,7824.0,7851.0,7672.5,7768.0,22.5,0.29,-4.6,-15.26,1700.0,4.3,-0.22,-28.21,9515.0,52.01,1254.0,8.74,-8261,PRICE_OI,Daywise_Price_and_OI_Summary_25AUG26_Report_2026-07-30 (1).xlsx,,,,,,,,,,,,,,,,,,,,,,,,,,,,,,
ETERNAL,6.79,306.6,310.2,306.55,309.3,-2.0,-0.64,1.1,3.59,-116.0,-0.19,-0.01,-1.37,199.0,1.11,-17.0,-0.13,-216,PRICE_OI,Daywise_Price_and_OI_Summary_25AUG26_Report_2026-07-30 (1).xlsx,,,,,,,,,,,,,,,,,,,,,,,,,,,,,,
FEDERALBNK,4.39,358.55,358.6,355.7,356.3,-2.7,-0.75,0.56,2.8,-61.0,-0.18,-0.02,-2.13,150.0,2.96,49.0,1.04,-101,PRICE_OI,Daywise_Price_and_OI_Summary_25AUG26_Report_2026-07-30 (1).xlsx,,,,,,,,,,,,,,,,,,,,,,,,,,,,,,
FINNIFTY,3.27,26120.2,26321.8,26120.1,26250.2,-96.2,-0.37,0.28,2,5.0,1.11,-0.05,-4.31,113.0,10.94,75.0,6.24,-38,PRICE_OI,Daywise_Price_and_OI_Summary_25AUG26_Report_2026-07-30 (1).xlsx,,,,,,,,,,,,,,,,,,,,,,,,,,,,,,
FOCIT,0.74,37599.0,37882.0,37599.0,37873.0,672.0,1.81,2.53,8.77,16.0,9.88,-0.25,-17.61,1173.0,83.91,1042.0,52.47,-131,PRICE_OI,Daywise_Price_and_OI_Summary_25AUG26_Report_2026-07-30 (1).xlsx,,,,,,,,,,,,,,,,,,,,,,,,,,,,,,
FORCEMOT,9.52,17390.0,17972.0,17211.0,17460.0,183.0,1.06,-4.32,-8.88,-179.0,-1.57,-0.17,-19.54,1917.0,47.39,650.0,18.54,-1267,PRICE_OI,Daywise_Price_and_OI_Summary_25AUG26_Report_2026-07-30 (1).xlsx,,,,,,,,,,,,,,,,,,,,,,,,,,,,,,
FORTIS,5.67,952.05,960.0,948.3,958.65,0.55,0.06,0.6,2.32,1.0,0.01,-0.01,-1.03,13.0,1.26,-4.0,-0.4,-17,PRICE_OI,Daywise_Price_and_OI_Summary_25AUG26_Report_2026-07-30 (1).xlsx,,,,,,,,,,,,,,,,,,,,,,,,,,,,,,
GAIL,6.12,176.99,176.99,175.53,176.33,0.18,0.1,-,-,75.0,0.34,-0.01,-1.49,192.0,3.51,86.0,2.35,-106,PRICE_OI,Daywise_Price_and_OI_Summary_25AUG26_Report_2026-07-30 (1).xlsx,,,,,,,,,,,,,,,,,,,,,,,,,,,,,,
GLENMARK,6.76,2279.9,2279.9,2244.0,2253.4,-19.4,-0.85,-0.94,-2.89,10.0,0.03,-0.04,-4.35,70.0,2.67,-46.0,-1.91,-116,PRICE_OI,Daywise_Price_and_OI_Summary_25AUG26_Report_2026-07-30 (1).xlsx,,,,,,,,,,,,,,,,,,,,,,,,,,,,,,
GMRAIRPORT,6.84,107.2,107.23,105.75,105.99,-1.68,-1.56,2.21,7.31,83.0,0.45,0.02,3.45,114.0,3.32,135.0,6.72,21,PRICE_OI,Daywise_Price_and_OI_Summary_25AUG26_Report_2026-07-30 (1).xlsx,,,,,,,,,,,,,,,,,,,,,,,,,,,,,,
GODFRYPHLP,7.18,2045.0,2065.9,2022.4,2047.1,-4.0,-0.2,0.35,1.05,-29.0,-0.42,0.0,0.0,19.0,0.54,15.0,0.69,-4,PRICE_OI,Daywise_Price_and_OI_Summary_25AUG26_Report_2026-07-30 (1).xlsx,,,,,,,,,,,,,,,,,,,,,,,,,,,,,,
GODREJCP,6.01,1071.1,1079.7,1069.0,1072.1,-2.5,-0.23,-0.44,-1.59,63.0,0.31,0.04,6.25,0.0,0.0,38.0,5.29,-,PRICE_OI,Daywise_Price_and_OI_Summary_25AUG26_Report_2026-07-30 (1).xlsx,,,,,,,,,,,,,,,,,,,,,,,,,,,,,,
GODREJPROP,7.58,2150.0,2156.0,2114.4,2122.1,-40.2,-1.86,1.51,4.38,138.0,0.6,0.0,0.0,19.0,0.39,41.0,1.53,22,PRICE_OI,Daywise_Price_and_OI_Summary_25AUG26_Report_2026-07-30 (1).xlsx,,,,,,,,,,,,,,,,,,,,,,,,,,,,,,
GRASIM,4.9,3111.1,3118.7,3103.5,3105.0,-14.6,-0.47,0.12,0.53,53.0,0.11,-0.01,-1.45,37.0,1.29,11.0,0.56,-26,PRICE_OI,Daywise_Price_and_OI_Summary_25AUG26_Report_2026-07-30 (1).xlsx,,,,,,,,,,,,,,,,,,,,,,,,,,,,,,
GVT&D,11.42,4132.7,4132.7,4041.5,4060.1,-57.9,-1.41,0.71,1.34,321.0,1.37,-0.19,-14.07,656.0,17.32,45.0,0.88,-611,PRICE_OI,Daywise_Price_and_OI_Summary_25AUG26_Report_2026-07-30 (1).xlsx,,,,,,,,,,,,,,,,,,,,,,,,,,,,,,
HAL,6.09,4575.5,4607.5,4570.0,4583.8,-14.4,-0.31,0.49,1.76,220.0,0.66,0.0,0.0,186.0,1.68,103.0,1.28,-83,PRICE_OI,Daywise_Price_and_OI_Summary_25AUG26_Report_2026-07-30 (1).xlsx,,,,,,,,,,,,,,,,,,,,,,,,,,,,,,
HAVELLS,5.33,1249.0,1252.0,1238.9,1242.0,-2.6,-0.21,0.53,2.14,131.0,0.7,0.01,1.59,98.0,2.7,92.0,4.04,-6,PRICE_OI,Daywise_Price_and_OI_Summary_25AUG26_Report_2026-07-30 (1).xlsx,,,,,,,,,,,,,,,,,,,,,,,,,,,,,,
HCLTECH,5.94,1350.0,1374.9,1350.0,1370.9,23.5,1.74,0.11,0.4,128.0,0.19,0.07,8.43,-7.0,-0.06,811.0,8.54,818,PRICE_OI,Daywise_Price_and_OI_Summary_25AUG26_Report_2026-07-30 (1).xlsx,,,,,,,,,,,,,,,,,,,,,,,,,,,,,,
HDFCAMC,5.97,2547.1,2562.6,2541.2,2550.5,-5.0,-0.2,0.21,0.76,-42.0,-0.21,0.02,2.6,33.0,0.68,144.0,3.85,111,PRICE_OI,Daywise_Price_and_OI_Summary_25AUG26_Report_2026-07-30 (1).xlsx,,,,,,,,,,,,,,,,,,,,,,,,,,,,,,
HDFCBANK,4.8,752.0,753.0,747.5,749.4,-1.35,-0.18,0.18,0.81,1473.0,0.32,0.0,0.0,1259.0,0.9,935.0,1.2,-324,PRICE_OI,Daywise_Price_and_OI_Summary_25AUG26_Report_2026-07-30 (1).xlsx,,,,,,,,,,,,,,,,,,,,,,,,,,,,,,
HDFCLIFE,4.6,559.65,561.0,555.5,556.0,-3.8,-0.68,0.08,0.37,78.0,0.21,-0.01,-1.75,364.0,3.08,64.0,0.95,-300,PRICE_OI,Daywise_Price_and_OI_Summary_25AUG26_Report_2026-07-30 (1).xlsx,,,,,,,,,,,,,,,,,,,,,,,,,,,,,,
HEROMOTOCO,6.65,5185.0,5362.2,5180.1,5360.9,194.6,3.77,1.19,3.99,246.0,0.77,0.06,9.52,1346.0,14.82,1493.0,26.29,147,PRICE_OI,Daywise_Price_and_OI_Summary_25AUG26_Report_2026-07-30 (1).xlsx,,,,,,,,,,,,,,,,,,,,,,,,,,,,,,
HINDALCO,6.5,971.95,976.35,968.0,970.0,1.65,0.17,-0.88,-2.86,230.0,0.31,-0.03,-3.8,630.0,5.5,147.0,1.63,-483,PRICE_OI,Daywise_Price_and_OI_Summary_25AUG26_Report_2026-07-30 (1).xlsx,,,,,,,,,,,,,,,,,,,,,,,,,,,,,,
HINDPETRO,6.02,394.8,395.0,391.55,393.5,-1.6,-0.4,0.42,1.52,92.0,0.44,-0.02,-2.22,90.0,2.46,4.0,0.12,-86,PRICE_OI,Daywise_Price_and_OI_Summary_25AUG26_Report_2026-07-30 (1).xlsx,,,,,,,,,,,,,,,,,,,,,,,,,,,,,,
HINDUNILVR,3.81,2127.0,2141.0,2116.2,2122.6,-7.9,-0.37,-0.13,-0.72,-18.0,-0.03,0.0,0.0,-99.0,-0.3,-151.0,-0.74,-52,PRICE_OI,Daywise_Price_and_OI_Summary_25AUG26_Report_2026-07-30 (1).xlsx,,,,,,,,,,,,,,,,,,,,,,,,,,,,,,
HINDZINC,5.95,544.0,544.25,538.4,539.1,-1.45,-0.27,-0.86,-3.02,38.0,0.16,0.01,1.47,39.0,0.43,116.0,1.87,77,PRICE_OI,Daywise_Price_and_OI_Summary_25AUG26_Report_2026-07-30 (1).xlsx,,,,,,,,,,,,,,,,,,,,,,,,,,,,,,
HYUNDAI,7.3,1980.1,2006.9,1980.1,1995.2,15.0,0.76,0.16,0.48,257.0,1.79,0.09,11.69,53.0,1.71,313.0,13.13,260,PRICE_OI,Daywise_Price_and_OI_Summary_25AUG26_Report_2026-07-30 (1).xlsx,,,,,,,,,,,,,,,,,,,,,,,,,,,,,,
ICICIBANK,3.97,1427.0,1427.9,1420.0,1423.5,-7.6,-0.53,0.23,1.26,20.0,0.01,-0.01,-1.59,884.0,3.67,310.0,2.03,-574,PRICE_OI,Daywise_Price_and_OI_Summary_25AUG26_Report_2026-07-30 (1).xlsx,,,,,,,,,,,,,,,,,,,,,,,,,,,,,,
ICICIGI,5.19,1656.0,1656.0,1636.8,1638.0,-19.4,-1.17,-0.19,-0.77,36.0,0.23,-0.03,-3.41,133.0,3.99,1.0,0.03,-132,PRICE_OI,Daywise_Price_and_OI_Summary_25AUG26_Report_2026-07-30 (1).xlsx,,,,,,,,,,,,,,,,,,,,,,,,,,,,,,
ICICIPRULI,5.5,514.5,515.1,510.6,512.35,-0.95,-0.19,-0.54,-2.09,0.0,0.0,-0.01,-1.35,87.0,3.57,28.0,1.55,-59,PRICE_OI,Daywise_Price_and_OI_Summary_25AUG26_Report_2026-07-30 (1).xlsx,,,,,,,,,,,,,,,,,,,,,,,,,,,,,,
IDEA,8.18,13.2,13.28,13.07,13.18,0.03,0.23,0.56,1.48,101.0,0.12,0.0,0.0,194.0,1.45,51.0,0.63,-143,PRICE_OI,Daywise_Price_and_OI_Summary_25AUG26_Report_2026-07-30 (1).xlsx,,,,,,,,,,,,,,,,,,,,,,,,,,,,,,
IDFCFIRSTB,5.47,84.7,85.08,83.81,84.03,-1.02,-1.2,-0.16,-0.62,47.0,0.12,0.01,1.52,676.0,6.0,533.0,7.17,-143,PRICE_OI,Daywise_Price_and_OI_Summary_25AUG26_Report_2026-07-30 (1).xlsx,,,,,,,,,,,,,,,,,,,,,,,,,,,,,,
IEX,6.17,134.61,134.94,132.85,133.65,-1.54,-1.14,0.1,0.35,58.0,0.36,-0.01,-1.19,39.0,0.91,21.0,0.59,-18,PRICE_OI,Daywise_Price_and_OI_Summary_25AUG26_Report_2026-07-30 (1).xlsx,,,,,,,,,,,,,,,,,,,,,,,,,,,,,,
INDHOTEL,4.62,744.0,746.0,738.0,745.35,4.95,0.67,0.49,2.32,-6.0,-0.03,-0.01,-1.25,117.0,4.29,50.0,2.28,-67,PRICE_OI,Daywise_Price_and_OI_Summary_25AUG26_Report_2026-07-30 (1).xlsx,,,,,,,,,,,,,,,,,,,,,,,,,,,,,,
INDIANB,6.05,830.0,833.0,822.4,831.3,-0.75,-0.09,0.18,0.64,39.0,0.32,-0.06,-5.66,163.0,6.34,23.0,0.85,-140,PRICE_OI,Daywise_Price_and_OI_Summary_25AUG26_Report_2026-07-30 (1).xlsx,,,,,,,,,,,,,,,,,,,,,,,,,,,,,,
INDIGO,5.94,5250.0,5270.5,5215.0,5249.0,-45.0,-0.85,1.52,5.81,100.0,0.27,-0.04,-3.67,593.0,6.95,229.0,2.46,-364,PRICE_OI,Daywise_Price_and_OI_Summary_25AUG26_Report_2026-07-30 (1).xlsx,,,,,,,,,,,,,,,,,,,,,,,,,,,,,,
INDUSINDBK,5.36,1012.75,1012.75,1006.0,1011.45,-2.35,-0.23,0.07,0.28,27.0,0.05,0.0,0.0,110.0,1.37,32.0,0.49,-78,PRICE_OI,Daywise_Price_and_OI_Summary_25AUG26_Report_2026-07-30 (1).xlsx,,,,,,,,,,,,,,,,,,,,,,,,,,,,,,
INDUSTOWER,4.79,389.85,396.75,388.25,394.05,5.5,1.42,0.25,1.12,-27.0,-0.05,0.04,8.51,1067.0,11.34,858.0,19.25,-209,PRICE_OI,Daywise_Price_and_OI_Summary_25AUG26_Report_2026-07-30 (1).xlsx,,,,,,,,,,,,,,,,,,,,,,,,,,,,,,
INFY,6.53,1169.2,1186.6,1166.9,1181.1,24.5,2.12,-0.28,-0.9,988.0,0.43,0.02,1.92,3521.0,6.01,5011.0,8.22,1490,PRICE_OI,Daywise_Price_and_OI_Summary_25AUG26_Report_2026-07-30 (1).xlsx,,,,,,,,,,,,,,,,,,,,,,,,,,,,,,
INOXWIND,9.41,76.77,76.82,73.98,74.74,-2.36,-3.06,1.6,3.79,506.0,3.07,0.03,4.23,583.0,13.38,586.0,19.08,3,PRICE_OI,Daywise_Price_and_OI_Summary_25AUG26_Report_2026-07-30 (1).xlsx,,,,,,,,,,,,,,,,,,,,,,,,,,,,,,
IOC,5.6,139.4,140.24,139.0,140.02,0.32,0.23,-0.01,-0.04,-17.0,-0.06,0.01,1.1,76.0,1.28,90.0,1.67,14,PRICE_OI,Daywise_Price_and_OI_Summary_25AUG26_Report_2026-07-30 (1).xlsx,,,,,,,,,,,,,,,,,,,,,,,,,,,,,,
IREDA,7.37,118.99,118.99,117.1,117.37,-1.8,-1.51,0.93,2.74,121.0,0.86,0.01,0.96,-9.0,-0.21,45.0,1.0,54,PRICE_OI,Daywise_Price_and_OI_Summary_25AUG26_Report_2026-07-30 (1).xlsx,,,,,,,,,,,,,,,,,,,,,,,,,,,,,,
IRFC,6.53,89.8,89.8,88.62,88.85,-0.71,-0.79,-0.06,-0.2,135.0,0.91,-0.04,-4.76,592.0,7.01,133.0,1.87,-459,PRICE_OI,Daywise_Price_and_OI_Summary_25AUG26_Report_2026-07-30 (1).xlsx,,,,,,,,,,,,,,,,,,,,,,,,,,,,,,
ITC,4.62,287.5,290.15,286.7,288.7,1.0,0.35,0.37,1.75,46.0,0.05,0.02,2.74,-99.0,-0.29,709.0,2.86,808,PRICE_OI,Daywise_Price_and_OI_Summary_25AUG26_Report_2026-07-30 (1).xlsx,,,,,,,,,,,,,,,,,,,,,,,,,,,,,,
JINDALSTEL,5.26,1089.9,1108.0,1089.9,1103.1,8.8,0.8,0.32,1.32,-5.0,-0.02,0.05,6.17,-204.0,-4.44,16.0,0.43,220,PRICE_OI,Daywise_Price_and_OI_Summary_25AUG26_Report_2026-07-30 (1).xlsx,,,,,,,,,,,,,,,,,,,,,,,,,,,,,,
JIOFIN,5.94,249.85,251.0,246.62,247.3,-3.38,-1.35,0.25,0.91,669.0,0.93,-0.02,-3.03,1122.0,4.66,178.0,1.12,-944,PRICE_OI,Daywise_Price_and_OI_Summary_25AUG26_Report_2026-07-30 (1).xlsx,,,,,,,,,,,,,,,,,,,,,,,,,,,,,,
JSWENERGY,5.65,548.95,549.8,544.0,547.85,-1.2,-0.22,0.11,0.42,47.0,0.2,0.01,1.25,30.0,0.87,52.0,1.87,22,PRICE_OI,Daywise_Price_and_OI_Summary_25AUG26_Report_2026-07-30 (1).xlsx,,,,,,,,,,,,,,,,,,,,,,,,,,,,,,
JSWSTEEL,4.92,1285.0,1288.9,1278.9,1282.9,-0.9,-0.07,-0.15,-0.65,1.0,0.0,-0.02,-2.74,90.0,2.5,12.0,0.46,-78,PRICE_OI,Daywise_Price_and_OI_Summary_25AUG26_Report_2026-07-30 (1).xlsx,,,,,,,,,,,,,,,,,,,,,,,,,,,,,,
JUBLFOOD,7.1,440.0,441.0,435.0,435.8,-3.65,-0.83,0.92,2.85,7.0,0.05,0.02,2.22,16.0,0.42,93.0,2.76,77,PRICE_OI,Daywise_Price_and_OI_Summary_25AUG26_Report_2026-07-30 (1).xlsx,,,,,,,,,,,,,,,,,,,,,,,,,,,,,,
KALYANKJIL,12.57,633.85,638.7,626.25,638.7,7.85,1.24,1.54,2.67,-109.0,-0.6,-0.08,-6.67,1194.0,10.94,481.0,3.66,-713,PRICE_OI,Daywise_Price_and_OI_Summary_25AUG26_Report_2026-07-30 (1).xlsx,,,,,,,,,,,,,,,,,,,,,,,,,,,,,,
KAYNES,12.11,3650.0,3775.6,3638.5,3712.4,55.2,1.51,1.83,3.29,870.0,3.55,-0.05,-7.04,547.0,6.84,-43.0,-0.76,-590,PRICE_OI,Daywise_Price_and_OI_Summary_25AUG26_Report_2026-07-30 (1).xlsx,,,,,,,,,,,,,,,,,,,,,,,,,,,,,,
KEI,7.85,4854.0,4858.5,4750.0,4762.0,-98.0,-2.02,0.94,2.64,79.0,0.68,-0.09,-12.5,215.0,17.16,14.0,1.55,-201,PRICE_OI,Daywise_Price_and_OI_Summary_25AUG26_Report_2026-07-30 (1).xlsx,,,,,,,,,,,,,,,,,,,,,,,,,,,,,,
KFINTECH,7.34,950.0,950.0,922.05,934.55,-15.15,-1.6,0.72,2.14,177.0,2.96,-0.04,-6.45,184.0,4.69,-48.0,-1.97,-232,PRICE_OI,Daywise_Price_and_OI_Summary_25AUG26_Report_2026-07-30 (1).xlsx,,,,,,,,,,,,,,,,,,,,,,,,,,,,,,
KOTAKBANK,4.21,390.9,390.95,388.4,389.7,-1.75,-0.45,-0.12,-0.61,-11.0,-0.01,-0.03,-4.05,365.0,2.92,-32.0,-0.35,-397,PRICE_OI,Daywise_Price_and_OI_Summary_25AUG26_Report_2026-07-30 (1).xlsx,,,,,,,,,,,,,,,,,,,,,,,,,,,,,,
KPITTECH,8.01,610.0,618.25,588.55,590.9,-46.75,-7.33,0.3,0.8,1111.0,7.0,-0.13,-17.57,3789.0,27.52,522.0,5.09,-3267,PRICE_OI,Daywise_Price_and_OI_Summary_25AUG26_Report_2026-07-30 (1).xlsx,,,,,,,,,,,,,,,,,,,,,,,,,,,,,,
LAURUSLABS,5.75,1792.0,1801.3,1777.5,1778.4,-6.9,-0.39,1.11,4.3,212.0,1.08,0.01,1.18,303.0,2.72,352.0,3.72,49,PRICE_OI,Daywise_Price_and_OI_Summary_25AUG26_Report_2026-07-30 (1).xlsx,,,,,,,,,,,,,,,,,,,,,,,,,,,,,,
LICHSGFIN,6.44,545.1,546.75,531.4,532.3,-14.85,-2.71,-0.6,-1.94,439.0,1.86,0.04,5.63,340.0,7.78,427.0,13.72,87,PRICE_OI,Daywise_Price_and_OI_Summary_25AUG26_Report_2026-07-30 (1).xlsx,,,,,,,,,,,,,,,,,,,,,,,,,,,,,,
LICI,5.49,422.5,424.0,420.85,422.05,0.25,0.06,0.09,0.35,23.0,0.18,-0.01,-1.96,172.0,3.25,71.0,2.65,-101,PRICE_OI,Daywise_Price_and_OI_Summary_25AUG26_Report_2026-07-30 (1).xlsx,,,,,,,,,,,,,,,,,,,,,,,,,,,,,,
LODHA,7.86,1235.0,1255.65,1228.7,1233.45,-1.4,-0.11,0.63,1.75,63.0,0.29,0.02,3.17,-257.0,-3.32,-63.0,-1.29,194,PRICE_OI,Daywise_Price_and_OI_Summary_25AUG26_Report_2026-07-30 (1).xlsx,,,,,,,,,,,,,,,,,,,,,,,,,,,,,,
LT,4.2,3942.0,3944.3,3908.1,3925.7,-19.4,-0.49,0.27,1.4,111.0,0.16,0.0,0.0,409.0,1.26,207.0,0.84,-202,PRICE_OI,Daywise_Price_and_OI_Summary_25AUG26_Report_2026-07-30 (1).xlsx,,,,,,,,,,,,,,,,,,,,,,,,,,,,,,
LTF,7.25,310.0,310.0,305.4,305.7,-4.95,-1.59,1.02,3.07,80.0,0.36,-0.01,-1.23,85.0,1.4,2.0,0.04,-83,PRICE_OI,Daywise_Price_and_OI_Summary_25AUG26_Report_2026-07-30 (1).xlsx,,,,,,,,,,,,,,,,,,,,,,,,,,,,,,
LTM,7.25,4468.0,4531.0,4439.9,4510.3,79.5,1.79,-0.33,-0.97,52.0,0.27,-0.03,-3.75,322.0,8.71,126.0,4.26,-196,PRICE_OI,Daywise_Price_and_OI_Summary_25AUG26_Report_2026-07-30 (1).xlsx,,,,,,,,,,,,,,,,,,,,,,,,,,,,,,
LUPIN,5.86,2475.0,2483.0,2460.0,2462.0,0.1,0.0,-0.1,-0.37,-11.0,-0.08,0.0,0.0,88.0,2.82,79.0,3.78,-9,PRICE_OI,Daywise_Price_and_OI_Summary_25AUG26_Report_2026-07-30 (1).xlsx,,,,,,,,,,,,,,,,,,,,,,,,,,,,,,
M&M,6.37,3239.6,3297.4,3209.1,3288.0,57.9,1.79,-0.64,-2.13,536.0,0.73,0.05,6.02,-74.0,-0.4,867.0,5.68,941,PRICE_OI,Daywise_Price_and_OI_Summary_25AUG26_Report_2026-07-30 (1).xlsx,,,,,,,,,,,,,,,,,,,,,,,,,,,,,,
MANAPPURAM,8.44,374.0,380.65,370.3,377.5,5.5,1.48,0.7,1.88,211.0,1.19,0.04,6.56,78.0,2.85,146.0,8.72,68,PRICE_OI,Daywise_Price_and_OI_Summary_25AUG26_Report_2026-07-30 (1).xlsx,,,,,,,,,,,,,,,,,,,,,,,,,,,,,,
MANKIND,7.36,2590.5,2611.3,2576.3,2605.3,5.4,0.21,0.9,2.68,75.0,0.69,-0.02,-2.63,114.0,5.52,37.0,2.36,-77,PRICE_OI,Daywise_Price_and_OI_Summary_25AUG26_Report_2026-07-30 (1).xlsx,,,,,,,,,,,,,,,,,,,,,,,,,,,,,,
MARICO,5.56,881.3,890.25,876.8,885.8,6.3,0.72,0.52,2.06,137.0,1.14,0.02,4.0,-30.0,-1.01,50.0,3.37,80,PRICE_OI,Daywise_Price_and_OI_Summary_25AUG26_Report_2026-07-30 (1).xlsx,,,,,,,,,,,,,,,,,,,,,,,,,,,,,,
MARUTI,5.82,13751.0,13940.0,13750.0,13849.0,10.0,0.07,0.88,3.35,638.0,1.47,0.16,23.88,56.0,0.32,2794.0,23.4,2738,PRICE_OI,Daywise_Price_and_OI_Summary_25AUG26_Report_2026-07-30 (1).xlsx,,,,,,,,,,,,,,,,,,,,,,,,,,,,,,
MAXHEALTH,5.91,1118.0,1129.1,1118.0,1124.0,6.9,0.62,0.98,3.66,52.0,0.28,-0.15,-16.3,585.0,29.62,144.0,7.92,-441,PRICE_OI,Daywise_Price_and_OI_Summary_25AUG26_Report_2026-07-30 (1).xlsx,,,,,,,,,,,,,,,,,,,,,,,,,,,,,,
MAZDOCK,8.04,2311.4,2311.4,2263.6,2275.0,-36.4,-1.57,0.67,1.84,461.0,2.11,-0.21,-20.0,778.0,19.25,-194.0,-4.57,-972,PRICE_OI,Daywise_Price_and_OI_Summary_25AUG26_Report_2026-07-30 (1).xlsx,,,,,,,,,,,,,,,,,,,,,,,,,,,,,,
MCX,8.44,2732.1,2738.7,2697.0,2705.5,-26.7,-0.98,1.03,2.68,111.0,0.36,0.01,1.16,441.0,3.45,467.0,4.23,26,PRICE_OI,Daywise_Price_and_OI_Summary_25AUG26_Report_2026-07-30 (1).xlsx,,,,,,,,,,,,,,,,,,,,,,,,,,,,,,
MFSL,6.67,1507.5,1543.8,1507.5,1520.9,-4.0,-0.26,0.39,1.25,105.0,0.44,-0.04,-5.63,33.0,2.97,-25.0,-3.16,-58,PRICE_OI,Daywise_Price_and_OI_Summary_25AUG26_Report_2026-07-30 (1).xlsx,,,,,,,,,,,,,,,,,,,,,,,,,,,,,,
MIDCPNIFTY,3.1,14690.0,14730.0,14651.1,14710.15,-19.7,-0.13,0.31,2.18,-125.0,-0.79,-0.05,-4.81,2610.0,11.61,1535.0,6.56,-1075,PRICE_OI,Daywise_Price_and_OI_Summary_25AUG26_Report_2026-07-30 (1).xlsx,,,,,,,,,,,,,,,,,,,,,,,,,,,,,,
MOTHERSON,7.96,146.15,147.66,145.4,147.53,1.06,0.72,-0.53,-1.5,53.0,0.26,-0.01,-1.33,78.0,1.88,-6.0,-0.19,-84,PRICE_OI,Daywise_Price_and_OI_Summary_25AUG26_Report_2026-07-30 (1).xlsx,,,,,,,,,,,,,,,,,,,,,,,,,,,,,,
MOTILALOFS,6.78,859.95,860.05,844.7,849.75,-10.65,-1.24,0.51,1.67,34.0,0.38,0.0,0.0,59.0,1.73,54.0,2.43,-5,PRICE_OI,Daywise_Price_and_OI_Summary_25AUG26_Report_2026-07-30 (1).xlsx,,,,,,,,,,,,,,,,,,,,,,,,,,,,,,
MPHASIS,7.41,2357.0,2423.5,2356.9,2409.1,38.1,1.61,0.4,1.17,287.0,1.87,-0.02,-2.78,104.0,3.55,20.0,0.95,-84,PRICE_OI,Daywise_Price_and_OI_Summary_25AUG26_Report_2026-07-30 (1).xlsx,,,,,,,,,,,,,,,,,,,,,,,,,,,,,,
MUTHOOTFIN,8.34,3030.0,3050.0,3018.0,3045.2,9.1,0.3,0.56,1.47,79.0,0.31,-0.04,-6.15,586.0,10.06,152.0,4.02,-434,PRICE_OI,Daywise_Price_and_OI_Summary_25AUG26_Report_2026-07-30 (1).xlsx,,,,,,,,,,,,,,,,,,,,,,,,,,,,,,
NAM-INDIA,7.1,1144.2,1168.4,1144.2,1164.1,5.4,0.47,0.41,1.29,55.0,0.49,0.0,0.0,36.0,4.64,24.0,4.84,-12,PRICE_OI,Daywise_Price_and_OI_Summary_25AUG26_Report_2026-07-30 (1).xlsx,,,,,,,,,,,,,,,,,,,,,,,,,,,,,,
NATIONALUM,7.82,347.95,349.85,345.5,348.0,0.95,0.27,-0.07,-0.19,34.0,0.15,0.0,0.0,170.0,2.4,76.0,1.35,-94,PRICE_OI,Daywise_Price_and_OI_Summary_25AUG26_Report_2026-07-30 (1).xlsx,,,,,,,,,,,,,,,,,,,,,,,,,,,,,,
NAUKRI,7.33,1258.0,1268.8,1242.05,1256.0,4.9,0.39,0.39,1.13,34.0,0.13,0.01,2.17,5.0,0.11,72.0,3.43,67,PRICE_OI,Daywise_Price_and_OI_Summary_25AUG26_Report_2026-07-30 (1).xlsx,,,,,,,,,,,,,,,,,,,,,,,,,,,,,,
NBCC,7.6,94.25,94.35,93.11,93.5,-1.32,-1.39,0.74,2.1,37.0,0.24,-0.03,-5.66,255.0,9.18,48.0,3.28,-207,PRICE_OI,Daywise_Price_and_OI_Summary_25AUG26_Report_2026-07-30 (1).xlsx,,,,,,,,,,,,,,,,,,,,,,,,,,,,,,
NESTLEIND,4.66,1508.8,1536.0,1508.2,1531.3,22.5,1.49,-0.29,-1.31,287.0,1.52,0.09,17.31,-486.0,-7.17,303.0,8.52,789,PRICE_OI,Daywise_Price_and_OI_Summary_25AUG26_Report_2026-07-30 (1).xlsx,,,,,,,,,,,,,,,,,,,,,,,,,,,,,,
NHPC,5.72,77.92,78.14,77.5,77.62,-0.51,-0.65,0.22,0.82,15.0,0.09,-0.02,-2.53,90.0,2.16,-36.0,-1.09,-126,PRICE_OI,Daywise_Price_and_OI_Summary_25AUG26_Report_2026-07-30 (1).xlsx,,,,,,,,,,,,,,,,,,,,,,,,,,,,,,
NIFTY,0.96,24265.6,24335.0,24250.0,24320.3,8.8,0.04,0.2,1.8,150.0,0.07,0.0,0.0,8177.0,1.36,13280.0,1.96,5103,PRICE_OI,Daywise_Price_and_OI_Summary_25AUG26_Report_2026-07-30 (1).xlsx,,,,,,,,,,,,,,,,,,,,,,,,,,,,,,
NIFTYNXT50,3.53,72330.0,72695.0,72330.0,72682.0,23.8,0.03,-,-,5.0,0.79,-0.02,-0.9,1.0,11.11,2.0,10.0,1,PRICE_OI,Daywise_Price_and_OI_Summary_25AUG26_Report_2026-07-30 (1).xlsx,,,,,,,,,,,,,,,,,,,,,,,,,,,,,,
NMDC,5.83,85.92,86.5,85.92,85.99,-0.31,-0.36,0.12,0.45,-19.0,-0.04,-0.03,-3.49,38.0,0.67,-85.0,-1.75,-123,PRICE_OI,Daywise_Price_and_OI_Summary_25AUG26_Report_2026-07-30 (1).xlsx,,,,,,,,,,,,,,,,,,,,,,,,,,,,,,
NTPC,4.25,345.0,346.0,343.95,345.55,0.0,0.0,-0.59,-2.89,36.0,0.05,-0.02,-2.25,569.0,4.9,228.0,2.2,-341,PRICE_OI,Daywise_Price_and_OI_Summary_25AUG26_Report_2026-07-30 (1).xlsx,,,,,,,,,,,,,,,,,,,,,,,,,,,,,,
NYKAA,6.77,327.45,332.7,327.45,331.9,2.5,0.76,0.65,2.09,11.0,0.08,-0.09,-12.68,189.0,15.32,7.0,0.79,-182,PRICE_OI,Daywise_Price_and_OI_Summary_25AUG26_Report_2026-07-30 (1).xlsx,,,,,,,,,,,,,,,,,,,,,,,,,,,,,,
OBEROIRLTY,5.91,1845.0,1849.7,1818.5,1821.8,-18.1,-0.98,-0.2,-0.72,42.0,0.27,-0.03,-5.56,147.0,5.19,-18.0,-1.18,-165,PRICE_OI,Daywise_Price_and_OI_Summary_25AUG26_Report_2026-07-30 (1).xlsx,,,,,,,,,,,,,,,,,,,,,,,,,,,,,,
OFSS,7.9,11470.0,11522.0,11380.0,11456.0,-14.0,-0.12,0.61,1.65,12.0,0.09,0.0,0.0,147.0,1.81,91.0,1.47,-56,PRICE_OI,Daywise_Price_and_OI_Summary_25AUG26_Report_2026-07-30 (1).xlsx,,,,,,,,,,,,,,,,,,,,,,,,,,,,,,
OIL,7.76,449.9,458.85,448.15,458.4,12.85,2.88,2.21,8.05,20.0,0.17,-0.08,-10.53,247.0,14.2,18.0,1.36,-229,PRICE_OI,Daywise_Price_and_OI_Summary_25AUG26_Report_2026-07-30 (1).xlsx,,,,,,,,,,,,,,,,,,,,,,,,,,,,,,
ONGC,5.06,241.0,245.39,240.0,245.28,5.84,2.44,0.54,2.34,-214.0,-0.89,0.04,6.45,101.0,0.85,567.0,7.7,466,PRICE_OI,Daywise_Price_and_OI_Summary_25AUG26_Report_2026-07-30 (1).xlsx,,,,,,,,,,,,,,,,,,,,,,,,,,,,,,
PAGEIND,7.59,39990.0,40925.0,39990.0,40870.0,655.0,1.63,-1.61,-5.07,148.0,1.26,-0.25,-36.23,552.0,66.11,32.0,5.58,-520,PRICE_OI,Daywise_Price_and_OI_Summary_25AUG26_Report_2026-07-30 (1).xlsx,,,,,,,,,,,,,,,,,,,,,,,,,,,,,,
PATANJALI,9.26,361.0,363.9,357.2,361.9,3.1,0.86,0.48,1.12,549.0,1.95,0.01,1.3,462.0,5.73,427.0,6.86,-35,PRICE_OI,Daywise_Price_and_OI_Summary_25AUG26_Report_2026-07-30 (1).xlsx,,,,,,,,,,,,,,,,,,,,,,,,,,,,,,
PAYTM,7.91,1339.8,1339.8,1326.7,1330.0,-4.6,-0.34,0.21,0.58,-10.0,-0.04,0.01,1.69,3.0,0.03,53.0,0.85,50,PRICE_OI,Daywise_Price_and_OI_Summary_25AUG26_Report_2026-07-30 (1).xlsx,,,,,,,,,,,,,,,,,,,,,,,,,,,,,,
PERSISTENT,8.8,5460.0,5658.2,5455.0,5641.6,174.9,3.2,0.58,1.43,429.0,1.5,0.01,1.52,746.0,8.42,556.0,9.51,-190,PRICE_OI,Daywise_Price_and_OI_Summary_25AUG26_Report_2026-07-30 (1).xlsx,,,,,,,,,,,,,,,,,,,,,,,,,,,,,,
PETRONET,5.32,277.25,282.8,277.1,280.6,2.45,0.88,0.64,2.64,43.0,0.26,-0.02,-1.65,82.0,3.1,57.0,1.78,-25,PRICE_OI,Daywise_Price_and_OI_Summary_25AUG26_Report_2026-07-30 (1).xlsx,,,,,,,,,,,,,,,,,,,,,,,,,,,,,,
PFC,5.85,426.0,426.9,420.7,425.0,0.4,0.09,0.55,2.05,205.0,0.56,-0.01,-1.45,190.0,2.7,49.0,1.01,-141,PRICE_OI,Daywise_Price_and_OI_Summary_25AUG26_Report_2026-07-30 (1).xlsx,,,,,,,,,,,,,,,,,,,,,,,,,,,,,,
PGEL,10.0,620.95,621.0,611.05,613.0,-3.5,-0.57,1.03,2.27,77.0,0.7,0.05,7.14,86.0,2.25,238.0,8.91,152,PRICE_OI,Daywise_Price_and_OI_Summary_25AUG26_Report_2026-07-30 (1).xlsx,,,,,,,,,,,,,,,,,,,,,,,,,,,,,,
PHOENIXLTD,6.08,1899.7,1906.6,1890.2,1896.4,-16.0,-0.84,-0.16,-0.56,50.0,0.49,0.01,1.56,0.0,0.0,32.0,1.5,-,PRICE_OI,Daywise_Price_and_OI_Summary_25AUG26_Report_2026-07-30 (1).xlsx,,,,,,,,,,,,,,,,,,,,,,,,,,,,,,
PIDILITIND,5.64,1645.9,1645.9,1629.2,1633.4,-2.7,-0.17,-0.45,-1.69,0.0,0.0,-0.02,-3.85,102.0,4.78,14.0,1.26,-88,PRICE_OI,Daywise_Price_and_OI_Summary_25AUG26_Report_2026-07-30 (1).xlsx,,,,,,,,,,,,,,,,,,,,,,,,,,,,,,
PIIND,7.15,2764.0,2764.0,2715.3,2728.8,-26.4,-0.96,0.37,1.14,66.0,0.42,0.0,0.0,36.0,1.36,45.0,2.04,9,PRICE_OI,Daywise_Price_and_OI_Summary_25AUG26_Report_2026-07-30 (1).xlsx,,,,,,,,,,,,,,,,,,,,,,,,,,,,,,
PNB,5.42,111.3,112.09,110.75,111.93,0.16,0.14,-0.04,-0.16,21.0,0.06,0.02,2.44,-30.0,-0.48,77.0,1.51,107,PRICE_OI,Daywise_Price_and_OI_Summary_25AUG26_Report_2026-07-30 (1).xlsx,,,,,,,,,,,,,,,,,,,,,,,,,,,,,,
PNBHOUSING,8.02,1060.1,1060.1,1030.2,1036.8,-14.1,-1.34,0.81,2.21,18.0,0.16,-0.09,-10.84,240.0,14.55,27.0,1.98,-213,PRICE_OI,Daywise_Price_and_OI_Summary_25AUG26_Report_2026-07-30 (1).xlsx,,,,,,,,,,,,,,,,,,,,,,,,,,,,,,
POLICYBZR,8.38,1600.0,1614.6,1592.1,1592.1,-25.0,-1.55,1.24,3.27,21.0,0.08,-0.07,-7.45,176.0,7.23,-26.0,-1.13,-202,PRICE_OI,Daywise_Price_and_OI_Summary_25AUG26_Report_2026-07-30 (1).xlsx,,,,,,,,,,,,,,,,,,,,,,,,,,,,,,
POLYCAB,5.37,9063.0,9090.0,8958.0,8960.5,-140.5,-1.54,0.98,4.05,222.0,1.19,-0.02,-3.33,542.0,6.88,150.0,3.17,-392,PRICE_OI,Daywise_Price_and_OI_Summary_25AUG26_Report_2026-07-30 (1).xlsx,,,,,,,,,,,,,,,,,,,,,,,,,,,,,,
POWERGRID,4.56,284.0,285.1,282.85,283.95,0.25,0.09,-0.24,-1.11,38.0,0.17,0.0,0.0,100.0,1.73,85.0,1.51,-15,PRICE_OI,Daywise_Price_and_OI_Summary_25AUG26_Report_2026-07-30 (1).xlsx,,,,,,,,,,,,,,,,,,,,,,,,,,,,,,
POWERINDIA,9.18,31710.0,31770.0,31220.0,31380.0,-480.0,-1.51,1.56,3.79,34.0,0.16,-0.07,-6.25,352.0,6.26,-16.0,-0.26,-368,PRICE_OI,Daywise_Price_and_OI_Summary_25AUG26_Report_2026-07-30 (1).xlsx,,,,,,,,,,,,,,,,,,,,,,,,,,,,,,
PREMIERENE,7.74,1008.1,1010.1,984.4,998.9,-31.7,-3.08,1.31,3.75,428.0,4.33,-0.01,-1.47,218.0,13.52,142.0,13.03,-76,PRICE_OI,Daywise_Price_and_OI_Summary_25AUG26_Report_2026-07-30 (1).xlsx,,,,,,,,,,,,,,,,,,,,,,,,,,,,,,
PRESTIGE,7.13,1616.0,1636.0,1596.3,1618.7,-56.8,-3.39,-4.01,-10.75,221.0,2.05,0.11,16.92,211.0,10.98,363.0,29.06,152,PRICE_OI,Daywise_Price_and_OI_Summary_25AUG26_Report_2026-07-30 (1).xlsx,,,,,,,,,,,,,,,,,,,,,,,,,,,,,,
RADICO,6.52,4381.0,4474.9,4355.1,4474.0,94.0,2.15,0.05,0.16,83.0,1.62,0.02,3.57,138.0,4.25,146.0,8.08,8,PRICE_OI,Daywise_Price_and_OI_Summary_25AUG26_Report_2026-07-30 (1).xlsx,,,,,,,,,,,,,,,,,,,,,,,,,,,,,,
RBLBANK,5.7,373.5,373.7,370.05,373.55,0.7,0.19,0.23,0.86,113.0,0.75,0.0,0.0,43.0,1.69,51.0,2.79,8,PRICE_OI,Daywise_Price_and_OI_Summary_25AUG26_Report_2026-07-30 (1).xlsx,,,,,,,,,,,,,,,,,,,,,,,,,,,,,,
RECLTD,5.04,370.5,372.9,367.5,371.7,0.95,0.26,0.51,2.18,93.0,0.34,-0.01,-1.49,202.0,2.2,41.0,0.66,-161,PRICE_OI,Daywise_Price_and_OI_Summary_25AUG26_Report_2026-07-30 (1).xlsx,,,,,,,,,,,,,,,,,,,,,,,,,,,,,,
RELIANCE,4.38,1282.2,1288.0,1280.8,1287.5,4.1,0.32,-0.24,-1.16,-71.0,-0.03,-0.01,-1.22,1186.0,1.21,581.0,0.72,-605,PRICE_OI,Daywise_Price_and_OI_Summary_25AUG26_Report_2026-07-30 (1).xlsx,,,,,,,,,,,,,,,,,,,,,,,,,,,,,,
RVNL,8.05,225.44,225.44,222.4,223.25,-2.2,-0.98,1.34,3.72,23.0,0.13,-0.05,-5.75,470.0,7.74,90.0,1.71,-380,PRICE_OI,Daywise_Price_and_OI_Summary_25AUG26_Report_2026-07-30 (1).xlsx,,,,,,,,,,,,,,,,,,,,,,,,,,,,,,
SAIL,7.44,170.99,171.58,169.68,170.25,-0.89,-0.52,-0.88,-2.47,84.0,0.22,0.01,1.67,-13.0,-0.34,34.0,1.48,47,PRICE_OI,Daywise_Price_and_OI_Summary_25AUG26_Report_2026-07-30 (1).xlsx,,,,,,,,,,,,,,,,,,,,,,,,,,,,,,
SBICARD,5.61,659.05,662.0,652.9,659.1,-1.1,-0.17,0.16,0.61,136.0,0.5,0.01,1.41,36.0,0.55,85.0,1.82,49,PRICE_OI,Daywise_Price_and_OI_Summary_25AUG26_Report_2026-07-30 (1).xlsx,,,,,,,,,,,,,,,,,,,,,,,,,,,,,,
SBILIFE,4.44,1890.5,1915.1,1890.5,1907.3,7.3,0.38,-0.15,-0.72,39.0,0.22,-0.01,-1.2,118.0,4.1,60.0,2.52,-58,PRICE_OI,Daywise_Price_and_OI_Summary_25AUG26_Report_2026-07-30 (1).xlsx,,,,,,,,,,,,,,,,,,,,,,,,,,,,,,
SBIN,5.64,1017.2,1021.6,1011.4,1021.3,1.5,0.15,0.78,3.05,58.0,0.05,0.0,0.0,594.0,1.86,550.0,1.72,-44,PRICE_OI,Daywise_Price_and_OI_Summary_25AUG26_Report_2026-07-30 (1).xlsx,,,,,,,,,,,,,,,,,,,,,,,,,,,,,,
SENSEX,0.34,77659.95,77723.55,77423.0,77660.75,-44.25,-0.06,3.32,25.04,16.0,1.28,-0.22,-11.96,1732190.0,141.25,2602050.0,115.1,869860,PRICE_OI,Daywise_Price_and_OI_Summary_25AUG26_Report_2026-07-30 (1).xlsx,,,,,,,,,,,,,,,,,,,,,,,,,,,,,,
SHREECEM,5.73,26505.0,26565.0,26420.0,26485.0,-110.0,-0.41,-0.23,-0.88,62.0,0.48,-0.09,-7.56,34.0,4.45,-28.0,-3.08,-62,PRICE_OI,Daywise_Price_and_OI_Summary_25AUG26_Report_2026-07-30 (1).xlsx,,,,,,,,,,,,,,,,,,,,,,,,,,,,,,
SHRIRAMFIN,6.0,1040.4,1045.5,1030.9,1032.6,-15.0,-1.43,0.57,2.1,378.0,1.15,-0.02,-3.77,253.0,2.68,-77.0,-1.53,-330,PRICE_OI,Daywise_Price_and_OI_Summary_25AUG26_Report_2026-07-30 (1).xlsx,,,,,,,,,,,,,,,,,,,,,,,,,,,,,,
SIEMENS,7.6,3599.9,3629.1,3560.2,3581.0,-36.0,-1.0,0.75,2.17,147.0,0.7,-0.06,-8.96,251.0,6.51,-42.0,-1.64,-293,PRICE_OI,Daywise_Price_and_OI_Summary_25AUG26_Report_2026-07-30 (1).xlsx,,,,,,,,,,,,,,,,,,,,,,,,,,,,,,
SOLARINDS,7.34,18318.0,18318.0,17960.0,18129.0,-66.0,-0.36,1.01,3.01,100.0,0.64,-0.04,-5.19,162.0,6.06,20.0,0.97,-142,PRICE_OI,Daywise_Price_and_OI_Summary_25AUG26_Report_2026-07-30 (1).xlsx,,,,,,,,,,,,,,,,,,,,,,,,,,,,,,
SONACOMS,6.36,719.95,742.0,719.95,736.25,11.55,1.59,1.37,4.8,111.0,1.28,-0.04,-7.14,357.0,18.94,114.0,10.88,-243,PRICE_OI,Daywise_Price_and_OI_Summary_25AUG26_Report_2026-07-30 (1).xlsx,,,,,,,,,,,,,,,,,,,,,,,,,,,,,,
SRF,5.7,2660.7,2660.7,2635.6,2642.6,-15.3,-0.58,0.32,1.22,20.0,0.09,0.0,0.0,252.0,1.99,34.0,0.61,-218,PRICE_OI,Daywise_Price_and_OI_Summary_25AUG26_Report_2026-07-30 (1).xlsx,,,,,,,,,,,,,,,,,,,,,,,,,,,,,,
SUNPHARMA,4.48,2004.0,2017.2,1992.1,2009.7,13.8,0.69,-0.04,-0.19,155.0,0.39,0.04,5.48,-299.0,-2.6,189.0,2.24,488,PRICE_OI,Daywise_Price_and_OI_Summary_25AUG26_Report_2026-07-30 (1).xlsx,,,,,,,,,,,,,,,,,,,,,,,,,,,,,,
SUPREMEIND,6.38,3520.0,3553.1,3486.2,3510.2,9.2,0.26,0.29,0.98,133.0,1.03,-0.08,-9.3,416.0,12.45,67.0,2.33,-349,PRICE_OI,Daywise_Price_and_OI_Summary_25AUG26_Report_2026-07-30 (1).xlsx,,,,,,,,,,,,,,,,,,,,,,,,,,,,,,
SUZLON,7.98,47.55,47.55,46.37,46.54,-1.07,-2.25,-0.26,-0.7,58.0,0.16,-0.03,-5.66,1018.0,6.28,103.0,1.2,-915,PRICE_OI,Daywise_Price_and_OI_Summary_25AUG26_Report_2026-07-30 (1).xlsx,,,,,,,,,,,,,,,,,,,,,,,,,,,,,,
SWIGGY,10.83,284.0,290.88,282.0,286.4,2.02,0.71,1.37,2.76,651.0,2.21,0.0,0.0,319.0,3.25,216.0,2.79,-103,PRICE_OI,Daywise_Price_and_OI_Summary_25AUG26_Report_2026-07-30 (1).xlsx,,,,,,,,,,,,,,,,,,,,,,,,,,,,,,
TATACONSUM,4.78,1103.4,1114.2,1096.7,1111.6,9.3,0.84,-,-,-33.0,-0.12,0.0,0.0,50.0,1.01,36.0,0.87,-14,PRICE_OI,Daywise_Price_and_OI_Summary_25AUG26_Report_2026-07-30 (1).xlsx,,,,,,,,,,,,,,,,,,,,,,,,,,,,,,
TATAELXSI,7.28,3695.8,3711.6,3661.0,3703.2,10.3,0.28,0.46,1.35,-27.0,-0.13,0.02,3.39,289.0,2.82,323.0,5.32,34,PRICE_OI,Daywise_Price_and_OI_Summary_25AUG26_Report_2026-07-30 (1).xlsx,,,,,,,,,,,,,,,,,,,,,,,,,,,,,,
TATAPOWER,4.45,378.95,379.6,376.2,377.7,-1.2,-0.32,0.31,1.53,-40.0,-0.09,0.0,0.0,72.0,0.43,-3.0,-0.02,-75,PRICE_OI,Daywise_Price_and_OI_Summary_25AUG26_Report_2026-07-30 (1).xlsx,,,,,,,,,,,,,,,,,,,,,,,,,,,,,,
TATASTEEL,5.75,189.88,189.9,187.8,188.32,-0.09,-0.05,-0.4,-1.46,-115.0,-0.2,-0.02,-2.3,574.0,3.07,4.0,0.02,-570,PRICE_OI,Daywise_Price_and_OI_Summary_25AUG26_Report_2026-07-30 (1).xlsx,,,,,,,,,,,,,,,,,,,,,,,,,,,,,,
TCS,5.63,2435.0,2481.8,2434.1,2472.9,30.5,1.25,-0.05,-0.19,188.0,0.13,0.07,7.45,-144.0,-0.37,2362.0,6.5,2506,PRICE_OI,Daywise_Price_and_OI_Summary_25AUG26_Report_2026-07-30 (1).xlsx,,,,,,,,,,,,,,,,,,,,,,,,,,,,,,
TECHM,5.88,1641.0,1674.8,1637.8,1670.0,27.1,1.65,0.41,1.51,130.0,0.44,0.04,6.78,203.0,2.43,478.0,9.78,275,PRICE_OI,Daywise_Price_and_OI_Summary_25AUG26_Report_2026-07-30 (1).xlsx,,,,,,,,,,,,,,,,,,,,,,,,,,,,,,
TIINDIA,6.97,2819.0,2819.0,2750.1,2764.3,-36.7,-1.31,-0.42,-1.17,246.0,2.52,-0.08,-9.2,159.0,20.73,61.0,9.16,-98,PRICE_OI,Daywise_Price_and_OI_Summary_25AUG26_Report_2026-07-30 (1).xlsx,,,,,,,,,,,,,,,,,,,,,,,,,,,,,,
TITAN,4.82,4845.0,4863.8,4836.5,4861.0,-1.5,-0.03,-0.04,-0.18,168.0,0.51,0.01,1.25,142.0,1.21,241.0,2.56,99,PRICE_OI,Daywise_Price_and_OI_Summary_25AUG26_Report_2026-07-30 (1).xlsx,,,,,,,,,,,,,,,,,,,,,,,,,,,,,,
TMPV,6.94,330.8,333.4,329.35,332.7,0.9,0.27,0.17,0.53,-23.0,-0.05,0.0,0.0,52.0,0.36,30.0,0.24,-22,PRICE_OI,Daywise_Price_and_OI_Summary_25AUG26_Report_2026-07-30 (1).xlsx,,,,,,,,,,,,,,,,,,,,,,,,,,,,,,
TORNTPHARM,6.46,4900.0,4973.8,4877.1,4946.6,43.2,0.88,0.5,1.69,-135.0,-0.4,0.01,1.49,103.0,2.61,111.0,4.22,8,PRICE_OI,Daywise_Price_and_OI_Summary_25AUG26_Report_2026-07-30 (1).xlsx,,,,,,,,,,,,,,,,,,,,,,,,,,,,,,
TRENT,6.92,3051.0,3055.0,3004.3,3017.5,4.5,0.15,0.18,0.56,131.0,0.26,-0.01,-1.22,237.0,2.44,88.0,1.11,-149,PRICE_OI,Daywise_Price_and_OI_Summary_25AUG26_Report_2026-07-30 (1).xlsx,,,,,,,,,,,,,,,,,,,,,,,,,,,,,,
TVSMOTOR,5.8,4067.5,4193.2,4067.5,4176.7,88.8,2.17,1.68,6.51,987.0,1.58,0.09,14.06,1074.0,12.59,1584.0,29.06,510,PRICE_OI,Daywise_Price_and_OI_Summary_25AUG26_Report_2026-07-30 (1).xlsx,,,,,,,,,,,,,,,,,,,,,,,,,,,,,,
ULTRACEMCO,4.82,11820.0,11870.0,11802.0,11822.0,-231.0,-1.92,0.71,3.57,-53.0,-0.15,-0.03,-5.0,5830.0,101.29,3118.0,89.91,-2712,PRICE_OI,Daywise_Price_and_OI_Summary_25AUG26_Report_2026-07-30 (1).xlsx,,,,,,,,,,,,,,,,,,,,,,,,,,,,,,
UNIONBANK,6.21,170.52,171.18,169.82,170.39,-1.2,-0.7,-0.62,-2.09,-4.0,-0.01,0.01,1.15,12.0,0.21,86.0,1.74,74,PRICE_OI,Daywise_Price_and_OI_Summary_25AUG26_Report_2026-07-30 (1).xlsx,,,,,,,,,,,,,,,,,,,,,,,,,,,,,,
UNITDSPR,4.65,1520.0,1538.0,1518.5,1535.6,21.8,1.44,-0.22,-1,47.0,0.23,0.05,5.88,-204.0,-3.75,85.0,1.83,289,PRICE_OI,Daywise_Price_and_OI_Summary_25AUG26_Report_2026-07-30 (1).xlsx,,,,,,,,,,,,,,,,,,,,,,,,,,,,,,
UNOMINDA,8.33,1173.1,1186.8,1168.6,1184.9,9.6,0.82,2.73,7.56,-64.0,-0.79,-0.01,-1.32,33.0,2.51,12.0,1.21,-21,PRICE_OI,Daywise_Price_and_OI_Summary_25AUG26_Report_2026-07-30 (1).xlsx,,,,,,,,,,,,,,,,,,,,,,,,,,,,,,
UPL,6.77,611.95,611.95,606.0,606.5,-6.25,-1.02,-0.27,-0.85,4.0,0.02,0.01,1.18,36.0,1.25,53.0,2.16,17,PRICE_OI,Daywise_Price_and_OI_Summary_25AUG26_Report_2026-07-30 (1).xlsx,,,,,,,,,,,,,,,,,,,,,,,,,,,,,,
VBL,6.05,448.3,455.9,446.75,453.7,5.4,1.2,-0.91,-3.11,32.0,0.08,0.02,4.17,-916.0,-5.31,-199.0,-2.39,717,PRICE_OI,Daywise_Price_and_OI_Summary_25AUG26_Report_2026-07-30 (1).xlsx,,,,,,,,,,,,,,,,,,,,,,,,,,,,,,
VEDL,7.4,268.0,268.0,264.5,266.2,0.6,0.23,-1.02,-2.85,44.0,0.1,-0.01,-1.45,626.0,3.92,393.0,3.59,-233,PRICE_OI,Daywise_Price_and_OI_Summary_25AUG26_Report_2026-07-30 (1).xlsx,,,,,,,,,,,,,,,,,,,,,,,,,,,,,,
VMM,6.2,108.59,109.09,107.84,108.95,0.09,0.08,-0.11,-0.39,25.0,0.29,-0.03,-5.17,76.0,4.98,-3.0,-0.34,-79,PRICE_OI,Daywise_Price_and_OI_Summary_25AUG26_Report_2026-07-30 (1).xlsx,,,,,,,,,,,,,,,,,,,,,,,,,,,,,,
VOLTAS,7.25,1313.7,1316.5,1303.2,1309.5,-11.6,-0.88,0.15,0.44,-26.0,-0.13,-0.02,-1.56,68.0,2.76,40.0,1.26,-28,PRICE_OI,Daywise_Price_and_OI_Summary_25AUG26_Report_2026-07-30 (1).xlsx,,,,,,,,,,,,,,,,,,,,,,,,,,,,,,
WAAREEENER,7.63,2640.0,2650.0,2540.0,2570.0,-162.0,-5.93,-6.12,-14.68,4150.0,10.26,-0.04,-5.41,4394.0,41.7,2708.0,34.84,-1686,PRICE_OI,Daywise_Price_and_OI_Summary_25AUG26_Report_2026-07-30 (1).xlsx,,,,,,,,,,,,,,,,,,,,,,,,,,,,,,
WIPRO,5.85,183.0,189.8,183.0,188.39,4.84,2.64,1.57,6.03,-1400.0,-1.66,-0.03,-4.55,1807.0,10.02,553.0,4.65,-1254,PRICE_OI,Daywise_Price_and_OI_Summary_25AUG26_Report_2026-07-30 (1).xlsx,,,,,,,,,,,,,,,,,,,,,,,,,,,,,,
YESBANK,5.8,22.97,22.97,22.62,22.72,-0.25,-1.09,0.83,3.23,96.0,0.25,0.0,0.0,371.0,4.36,256.0,4.86,-115,PRICE_OI,Daywise_Price_and_OI_Summary_25AUG26_Report_2026-07-30 (1).xlsx,,,,,,,,,,,,,,,,,,,,,,,,,,,,,,
ZYDUSLIFE,5.81,1124.1,1136.6,1124.1,1131.0,1.8,0.16,0.25,0.92,0.0,0.0,-0.05,-6.67,92.0,6.82,6.0,0.6,-86,PRICE_OI,Daywise_Price_and_OI_Summary_25AUG26_Report_2026-07-30 (1).xlsx,,,,,,,,,,,,,,,,,,,,,,,,,,,,,,
360ONE,7.05,1160.9,1165.2,1148.4,1154.0,-10.7,-0.92,1.29,4.07,42.0,0.48,0.01,2.0,66.0,3.28,60.0,5.98,-6,PRICE_OI,Daywise_Price_and_OI_Summary_25AUG26_Report_2026-07-30.xlsx,,,,,,,,,,,,,,,,,,,,,,,,,,,,,,
ABB,8.15,7306.0,7326.0,7260.0,7270.0,-70.5,-0.96,0.12,0.32,19.0,0.12,-0.01,-1.37,127.0,1.98,-6.0,-0.13,-133,PRICE_OI,Daywise_Price_and_OI_Summary_25AUG26_Report_2026-07-30.xlsx,,,,,,,,,,,,,,,,,,,,,,,,,,,,,,
ABCAPITAL,7.06,397.15,400.5,396.8,397.7,-2.4,-0.6,0.53,1.57,5.0,0.05,0.0,0.0,15.0,0.51,-3.0,-0.12,-18,PRICE_OI,Daywise_Price_and_OI_Summary_25AUG26_Report_2026-07-30.xlsx,,,,,,,,,,,,,,,,,,,,,,,,,,,,,,
ADANIENSOL,6.97,1660.6,1660.6,1641.0,1642.9,-29.9,-1.79,1.38,4.39,33.0,0.12,0.0,0.0,27.0,0.53,12.0,0.41,-15,PRICE_OI,Daywise_Price_and_OI_Summary_25AUG26_Report_2026-07-30.xlsx,,,,,,,,,,,,,,,,,,,,,,,,,,,,,,
ADANIENT,6.33,3040.0,3044.0,3023.0,3028.7,-14.2,-0.47,-1.44,-4.79,65.0,0.12,0.0,0.0,69.0,0.55,22.0,0.2,-47,PRICE_OI,Daywise_Price_and_OI_Summary_25AUG26_Report_2026-07-30.xlsx,,,,,,,,,,,,,,,,,,,,,,,,,,,,,,
ADANIGREEN,8.2,1379.9,1379.9,1360.0,1362.0,-19.8,-1.43,0.39,1.03,81.0,0.19,-0.01,-1.75,44.0,0.33,-17.0,-0.22,-61,PRICE_OI,Daywise_Price_and_OI_Summary_25AUG26_Report_2026-07-30.xlsx,,,,,,,,,,,,,,,,,,,,,,,,,,,,,,
ADANIPORTS,5.94,1727.0,1730.0,1679.5,1682.5,-46.4,-2.68,0.66,2.44,903.0,2.08,-0.05,-8.2,2312.0,11.29,277.0,2.2,-2035,PRICE_OI,Daywise_Price_and_OI_Summary_25AUG26_Report_2026-07-30.xlsx,,,,,,,,,,,,,,,,,,,,,,,,,,,,,,
ADANIPOWER,7.53,210.01,210.01,208.4,208.4,-2.13,-1.01,0.19,0.54,65.0,0.15,0.0,0.0,55.0,0.68,-5.0,-0.08,-60,PRICE_OI,Daywise_Price_and_OI_Summary_25AUG26_Report_2026-07-30.xlsx,,,,,,,,,,,,,,,,,,,,,,,,,,,,,,
ALKEM,5.83,5695.5,5720.5,5695.5,5710.5,14.5,0.25,0.17,0.64,5.0,0.05,-0.02,-5.71,18.0,2.9,-2.0,-0.93,-20,PRICE_OI,Daywise_Price_and_OI_Summary_25AUG26_Report_2026-07-30.xlsx,,,,,,,,,,,,,,,,,,,,,,,,,,,,,,
AMBER,8.02,7472.5,7472.5,7399.5,7442.0,-2.0,-0.03,0.98,2.68,10.0,0.08,-0.01,-0.91,61.0,1.01,32.0,0.48,-29,PRICE_OI,Daywise_Price_and_OI_Summary_25AUG26_Report_2026-07-30.xlsx,,,,,,,,,,,,,,,,,,,,,,,,,,,,,,
AMBUJACEM,4.92,435.55,436.7,434.2,436.1,-2.0,-0.46,-0.03,-0.13,45.0,0.07,0.0,0.0,-30.0,-0.33,-3.0,-0.04,27,PRICE_OI,Daywise_Price_and_OI_Summary_25AUG26_Report_2026-07-30.xlsx,,,,,,,,,,,,,,,,,,,,,,,,,,,,,,
ANGELONE,7.65,303.0,303.0,299.9,300.65,-2.7,-0.89,0.08,0.22,29.0,0.29,0.0,0.0,51.0,0.99,4.0,0.14,-47,PRICE_OI,Daywise_Price_and_OI_Summary_25AUG26_Report_2026-07-30.xlsx,,,,,,,,,,,,,,,,,,,,,,,,,,,,,,
APLAPOLLO,6.13,1877.0,1884.2,1863.2,1874.1,-2.7,-0.14,0.29,1.02,-2.0,-0.02,-0.03,-2.88,30.0,2.06,-8.0,-0.53,-38,PRICE_OI,Daywise_Price_and_OI_Summary_25AUG26_Report_2026-07-30.xlsx,,,,,,,,,,,,,,,,,,,,,,,,,,,,,,
APOLLOHOSP,4.63,8943.5,8974.5,8910.5,8966.0,2.5,0.03,0.53,2.58,0.0,0.0,0.02,2.82,-40.0,-1.62,12.0,0.68,52,PRICE_OI,Daywise_Price_and_OI_Summary_25AUG26_Report_2026-07-30.xlsx,,,,,,,,,,,,,,,,,,,,,,,,,,,,,,
ASHOKLEY,6.96,158.01,158.4,157.0,158.12,-0.52,-0.33,0.42,1.32,51.0,0.18,-0.01,-0.96,52.0,0.76,-4.0,-0.06,-56,PRICE_OI,Daywise_Price_and_OI_Summary_25AUG26_Report_2026-07-30.xlsx,,,,,,,,,,,,,,,,,,,,,,,,,,,,,,
ASIANPAINT,5.07,2760.4,2769.9,2680.0,2688.0,-82.0,-2.96,-2.19,-8.38,554.0,1.76,-0.07,-11.67,2402.0,11.0,-320.0,-2.43,-2722,PRICE_OI,Daywise_Price_and_OI_Summary_25AUG26_Report_2026-07-30.xlsx,,,,,,,,,,,,,,,,,,,,,,,,,,,,,,
ASTRAL,6.37,1480.0,1498.9,1470.5,1473.0,11.0,0.75,0.66,2.23,94.0,0.57,-0.06,-7.79,218.0,8.06,-19.0,-0.91,-237,PRICE_OI,Daywise_Price_and_OI_Summary_25AUG26_Report_2026-07-30.xlsx,,,,,,,,,,,,,,,,,,,,,,,,,,,,,,
AUBANK,5.3,1046.2,1046.2,1032.9,1034.6,-12.2,-1.17,0.49,2.03,-7.0,-0.03,-0.07,-7.87,37.0,1.15,-195.0,-6.81,-232,PRICE_OI,Daywise_Price_and_OI_Summary_25AUG26_Report_2026-07-30.xlsx,,,,,,,,,,,,,,,,,,,,,,,,,,,,,,
AUROPHARMA,6.36,1598.2,1611.0,1592.9,1600.0,0.4,0.03,0.25,0.84,70.0,0.39,0.0,0.0,40.0,0.92,34.0,1.25,-6,PRICE_OI,Daywise_Price_and_OI_Summary_25AUG26_Report_2026-07-30.xlsx,,,,,,,,,,,,,,,,,,,,,,,,,,,,,,
AXISBANK,4.38,1237.0,1237.0,1228.1,1231.2,-8.8,-0.71,0.45,2.28,98.0,0.08,-0.01,-1.43,509.0,1.9,147.0,0.79,-362,PRICE_OI,Daywise_Price_and_OI_Summary_25AUG26_Report_2026-07-30.xlsx,,,,,,,,,,,,,,,,,,,,,,,,,,,,,,
BAJAJ-AUTO,4.85,11356.5,11507.0,11356.5,11496.5,96.0,0.84,0.93,4.25,52.0,0.2,0.0,0.0,93.0,0.77,157.0,1.09,64,PRICE_OI,Daywise_Price_and_OI_Summary_25AUG26_Report_2026-07-30.xlsx,,,,,,,,,,,,,,,,,,,,,,,,,,,,,,
BAJAJFINSV,6.01,1925.0,1936.5,1922.3,1934.6,5.7,0.3,-0.02,-0.07,68.0,0.24,0.0,0.0,0.0,0.0,-3.0,-0.04,-,PRICE_OI,Daywise_Price_and_OI_Summary_25AUG26_Report_2026-07-30.xlsx,,,,,,,,,,,,,,,,,,,,,,,,,,,,,,
BAJAJHLDNG,6.32,10896.0,11030.0,10853.0,10975.0,-36.0,-0.33,2.07,7.06,8.0,0.18,-0.03,-4.62,0.0,0.0,-25.0,-5.79,-,PRICE_OI,Daywise_Price_and_OI_Summary_25AUG26_Report_2026-07-30.xlsx,,,,,,,,,,,,,,,,,,,,,,,,,,,,,,
BAJFINANCE,7.23,1050.2,1056.3,1045.1,1055.5,-2.0,-0.19,0.98,2.97,203.0,0.23,-0.01,-1.16,282.0,1.91,14.0,0.11,-268,PRICE_OI,Daywise_Price_and_OI_Summary_25AUG26_Report_2026-07-30.xlsx,,,,,,,,,,,,,,,,,,,,,,,,,,,,,,
BANDHANBNK,7.74,172.1,173.75,171.92,172.57,-0.54,-0.31,0.04,0.11,12.0,0.03,0.0,0.0,0.0,0.0,11.0,0.12,-,PRICE_OI,Daywise_Price_and_OI_Summary_25AUG26_Report_2026-07-30.xlsx,,,,,,,,,,,,,,,,,,,,,,,,,,,,,,
BANKBARODA,5.58,244.0,244.25,243.0,243.8,-1.05,-0.43,0.54,2.1,25.0,0.06,0.01,0.99,-22.0,-0.19,25.0,0.21,47,PRICE_OI,Daywise_Price_and_OI_Summary_25AUG26_Report_2026-07-30.xlsx,,,,,,,,,,,,,,,,,,,,,,,,,,,,,,
BANKEX,0.49,64799.0,64832.25,64799.0,64832.25,0.0,0.0,7.71,50.26,0.0,0.0,-0.05,-5.1,7343.0,66.27,5936.0,54.58,-1407,PRICE_OI,Daywise_Price_and_OI_Summary_25AUG26_Report_2026-07-30.xlsx,,,,,,,,,,,,,,,,,,,,,,,,,,,,,,
BANKINDIA,6.31,137.05,137.99,136.61,137.55,-0.51,-0.37,-0.27,-0.91,10.0,0.05,0.0,0.0,33.0,0.53,8.0,0.15,-25,PRICE_OI,Daywise_Price_and_OI_Summary_25AUG26_Report_2026-07-30.xlsx,,,,,,,,,,,,,,,,,,,,,,,,,,,,,,
BANKNIFTY,2.88,57125.0,57200.0,57055.0,57107.2,-237.2,-0.41,0.16,1.2,143.0,0.21,-0.02,-2.22,3787.0,1.15,-983.0,-0.33,-4770,PRICE_OI,Daywise_Price_and_OI_Summary_25AUG26_Report_2026-07-30.xlsx,,,,,,,,,,,,,,,,,,,,,,,,,,,,,,
BDL,8.84,1229.7,1237.9,1227.2,1230.4,1.4,0.11,1.37,3.46,115.0,0.68,0.0,0.0,-1.0,-0.02,1.0,0.02,2,PRICE_OI,Daywise_Price_and_OI_Summary_25AUG26_Report_2026-07-30.xlsx,,,,,,,,,,,,,,,,,,,,,,,,,,,,,,
BEL,5.14,386.15,388.2,386.15,386.7,-2.95,-0.76,0.41,1.73,52.0,0.07,-0.01,-1.67,436.0,1.22,16.0,0.07,-420,PRICE_OI,Daywise_Price_and_OI_Summary_25AUG26_Report_2026-07-30.xlsx,,,,,,,,,,,,,,,,,,,,,,,,,,,,,,
BHARATFORG,6.59,2185.0,2185.0,2165.6,2181.2,3.3,0.15,0.56,1.86,33.0,0.22,-0.02,-2.25,26.0,1.11,-9.0,-0.43,-35,PRICE_OI,Daywise_Price_and_OI_Summary_25AUG26_Report_2026-07-30.xlsx,,,,,,,,,,,,,,,,,,,,,,,,,,,,,,
BHARTIARTL,4.09,1960.0,1964.4,1955.0,1962.7,6.0,0.31,0.03,0.16,16.0,0.01,0.0,0.0,193.0,1.6,133.0,1.31,-60,PRICE_OI,Daywise_Price_and_OI_Summary_25AUG26_Report_2026-07-30.xlsx,,,,,,,,,,,,,,,,,,,,,,,,,,,,,,
BHEL,7.06,407.0,407.0,404.85,405.45,-1.8,-0.44,0.79,2.45,14.0,0.05,0.0,0.0,83.0,0.8,42.0,0.71,-41,PRICE_OI,Daywise_Price_and_OI_Summary_25AUG26_Report_2026-07-30.xlsx,,,,,,,,,,,,,,,,,,,,,,,,,,,,,,
BIOCON,6.69,432.85,433.35,427.3,427.3,-5.55,-1.28,0.95,3.14,-25.0,-0.13,0.0,0.0,25.0,0.55,27.0,0.83,2,PRICE_OI,Daywise_Price_and_OI_Summary_25AUG26_Report_2026-07-30.xlsx,,,,,,,,,,,,,,,,,,,,,,,,,,,,,,
BLUESTARCO,8.59,1682.2,1688.3,1680.0,1685.5,4.5,0.27,-1.09,-3.12,2.0,0.02,0.02,2.11,-6.0,-0.59,9.0,0.94,15,PRICE_OI,Daywise_Price_and_OI_Summary_25AUG26_Report_2026-07-30.xlsx,,,,,,,,,,,,,,,,,,,,,,,,,,,,,,
BOSCHLTD,6.29,40920.0,41250.0,40920.0,41155.0,265.0,0.65,0.63,2.16,8.0,0.1,-0.01,-0.74,-25.0,-1.21,-57.0,-2.03,-32,PRICE_OI,Daywise_Price_and_OI_Summary_25AUG26_Report_2026-07-30.xlsx,,,,,,,,,,,,,,,,,,,,,,,,,,,,,,
BPCL,5.92,318.45,318.65,315.75,318.2,-1.1,-0.34,-0.08,-0.29,21.0,0.11,0.0,0.0,24.0,0.61,4.0,0.13,-20,PRICE_OI,Daywise_Price_and_OI_Summary_25AUG26_Report_2026-07-30.xlsx,,,,,,,,,,,,,,,,,,,,,,,,,,,,,,
BRITANNIA,5.54,5415.0,5448.0,5414.5,5440.0,-7.0,-0.13,0.85,3.33,22.0,0.13,0.0,0.0,10.0,0.21,0.0,0.0,-,PRICE_OI,Daywise_Price_and_OI_Summary_25AUG26_Report_2026-07-30.xlsx,,,,,,,,,,,,,,,,,,,,,,,,,,,,,,
BSE,8.31,3546.0,3551.4,3522.3,3532.0,-21.0,-0.59,0.73,1.92,68.0,0.16,-0.01,-1.18,446.0,2.28,70.0,0.42,-376,PRICE_OI,Daywise_Price_and_OI_Summary_25AUG26_Report_2026-07-30.xlsx,,,,,,,,,,,,,,,,,,,,,,,,,,,,,,
CAMS,7.53,794.8,794.8,785.35,787.85,-6.4,-0.81,0.8,2.33,4.0,0.05,-0.01,-1.54,34.0,1.45,0.0,0.0,-,PRICE_OI,Daywise_Price_and_OI_Summary_25AUG26_Report_2026-07-30.xlsx,,,,,,,,,,,,,,,,,,,,,,,,,,,,,,
CANBK,6.16,125.1,125.4,124.5,125.1,-0.36,-0.29,0.28,0.97,8.0,0.01,0.01,1.54,35.0,0.28,101.0,1.25,66,PRICE_OI,Daywise_Price_and_OI_Summary_25AUG26_Report_2026-07-30.xlsx,,,,,,,,,,,,,,,,,,,,,,,,,,,,,,
CDSL,7.1,1355.1,1356.9,1340.0,1348.9,-9.0,-0.66,-0.04,-0.12,-10.0,-0.05,0.0,0.0,10.0,0.12,-22.0,-0.29,-32,PRICE_OI,Daywise_Price_and_OI_Summary_25AUG26_Report_2026-07-30.xlsx,,,,,,,,,,,,,,,,,,,,,,,,,,,,,,
CGPOWER,6.75,829.95,833.2,827.1,828.6,-5.8,-0.7,-0.2,-0.64,116.0,0.53,-0.01,-2.04,131.0,1.48,9.0,0.21,-122,PRICE_OI,Daywise_Price_and_OI_Summary_25AUG26_Report_2026-07-30.xlsx,,,,,,,,,,,,,,,,,,,,,,,,,,,,,,
CHOLAFIN,6.39,1788.9,1817.1,1788.9,1804.2,-8.8,-0.49,-0.05,-0.17,1.0,0.0,0.0,0.0,20.0,0.43,4.0,0.16,-16,PRICE_OI,Daywise_Price_and_OI_Summary_25AUG26_Report_2026-07-30.xlsx,,,,,,,,,,,,,,,,,,,,,,,,,,,,,,
CIPLA,4.27,1484.0,1488.7,1480.0,1482.9,0.1,0.01,0.53,2.71,27.0,0.12,0.0,0.0,60.0,0.82,76.0,1.19,16,PRICE_OI,Daywise_Price_and_OI_Summary_25AUG26_Report_2026-07-30.xlsx,,,,,,,,,,,,,,,,,,,,,,,,,,,,,,
COALINDIA,4.17,408.55,409.45,406.7,409.35,2.3,0.57,-0.7,-3.47,11.0,0.02,-0.01,-1.45,226.0,1.16,-27.0,-0.2,-253,PRICE_OI,Daywise_Price_and_OI_Summary_25AUG26_Report_2026-07-30.xlsx,,,,,,,,,,,,,,,,,,,,,,,,,,,,,,
COCHINSHIP,6.65,1396.0,1400.6,1394.0,1395.2,-9.1,-0.65,1.12,3.64,13.0,0.09,-0.01,-1.37,16.0,0.52,-16.0,-0.71,-32,PRICE_OI,Daywise_Price_and_OI_Summary_25AUG26_Report_2026-07-30.xlsx,,,,,,,,,,,,,,,,,,,,,,,,,,,,,,
COFORGE,7.22,1702.0,1751.0,1700.0,1736.2,18.0,1.05,1.04,3.16,98.0,0.32,0.02,2.22,-103.0,-0.73,268.0,2.11,371,PRICE_OI,Daywise_Price_and_OI_Summary_25AUG26_Report_2026-07-30.xlsx,,,,,,,,,,,,,,,,,,,,,,,,,,,,,,
COLPAL,4.96,2180.0,2180.0,2141.5,2152.5,-23.6,-1.08,-0.8,-3.32,35.0,0.22,-0.03,-5.17,137.0,2.31,-81.0,-2.35,-218,PRICE_OI,Daywise_Price_and_OI_Summary_25AUG26_Report_2026-07-30.xlsx,,,,,,,,,,,,,,,,,,,,,,,,,,,,,,
CONCOR,5.17,528.0,528.0,523.55,525.65,-0.65,-0.12,0.12,0.49,3.0,0.02,0.01,1.1,20.0,0.55,45.0,1.37,25,PRICE_OI,Daywise_Price_and_OI_Summary_25AUG26_Report_2026-07-30.xlsx,,,,,,,,,,,,,,,,,,,,,,,,,,,,,,
CROMPTON,7.98,266.8,266.8,263.1,263.1,-3.0,-1.13,-0.14,-0.37,3.0,0.01,0.0,0.0,22.0,0.47,2.0,0.09,-20,PRICE_OI,Daywise_Price_and_OI_Summary_25AUG26_Report_2026-07-30.xlsx,,,,,,,,,,,,,,,,,,,,,,,,,,,,,,
CUMMINSIND,7.35,5394.5,5396.5,5365.5,5384.0,-30.0,-0.55,0.79,2.36,22.0,0.11,-0.01,-1.16,18.0,0.68,-7.0,-0.31,-25,PRICE_OI,Daywise_Price_and_OI_Summary_25AUG26_Report_2026-07-30.xlsx,,,,,,,,,,,,,,,,,,,,,,,,,,,,,,
DABUR,5.4,433.0,433.0,416.85,420.0,-15.6,-3.58,-3.22,-11.4,424.0,1.8,-0.05,-7.69,948.0,11.75,113.0,2.15,-835,PRICE_OI,Daywise_Price_and_OI_Summary_25AUG26_Report_2026-07-30.xlsx,,,,,,,,,,,,,,,,,,,,,,,,,,,,,,
DALBHARAT,5.26,1825.7,1825.7,1814.1,1819.5,-9.3,-0.51,-0.74,-2.85,-24.0,-0.21,-0.03,-3.09,14.0,1.52,-10.0,-1.12,-24,PRICE_OI,Daywise_Price_and_OI_Summary_25AUG26_Report_2026-07-30.xlsx,,,,,,,,,,,,,,,,,,,,,,,,,,,,,,
DELHIVERY,7.34,468.4,468.45,466.5,468.45,-1.9,-0.4,0.83,2.45,18.0,0.16,-0.01,-1.47,18.0,0.4,7.0,0.23,-11,PRICE_OI,Daywise_Price_and_OI_Summary_25AUG26_Report_2026-07-30.xlsx,,,,,,,,,,,,,,,,,,,,,,,,,,,,,,
DIVISLAB,6.58,7874.0,7908.5,7815.0,7855.0,46.5,0.6,0.74,2.49,12.0,0.03,0.03,4.17,-117.0,-1.31,167.0,2.61,284,PRICE_OI,Daywise_Price_and_OI_Summary_25AUG26_Report_2026-07-30.xlsx,,,,,,,,,,,,,,,,,,,,,,,,,,,,,,
DIXON,8.88,14140.0,14175.0,14083.0,14145.0,51.0,0.36,1.56,3.85,89.0,0.2,-0.01,-1.18,266.0,1.58,145.0,1.02,-121,PRICE_OI,Daywise_Price_and_OI_Summary_25AUG26_Report_2026-07-30.xlsx,,,,,,,,,,,,,,,,,,,,,,,,,,,,,,
DLF,7.32,670.2,671.6,665.0,670.3,-1.95,-0.29,0.77,2.32,26.0,0.05,0.0,0.0,-7.0,-0.12,23.0,0.53,30,PRICE_OI,Daywise_Price_and_OI_Summary_25AUG26_Report_2026-07-30.xlsx,,,,,,,,,,,,,,,,,,,,,,,,,,,,,,
DMART,5.09,3850.0,3864.2,3842.1,3857.1,4.2,0.11,0.1,0.42,7.0,0.02,0.0,0.0,31.0,0.26,8.0,0.1,-23,PRICE_OI,Daywise_Price_and_OI_Summary_25AUG26_Report_2026-07-30.xlsx,,,,,,,,,,,,,,,,,,,,,,,,,,,,,,
DRREDDY,4.61,1145.9,1153.8,1142.4,1148.4,3.7,0.32,-0.28,-1.31,86.0,0.39,0.0,0.0,9.0,0.06,50.0,0.52,41,PRICE_OI,Daywise_Price_and_OI_Summary_25AUG26_Report_2026-07-30.xlsx,,,,,,,,,,,,,,,,,,,,,,,,,,,,,,
EICHERMOT,5.66,7824.0,7851.0,7678.5,7722.5,-23.0,-0.3,-3.63,-12.04,1459.0,3.69,-0.14,-17.95,4395.0,24.02,223.0,1.55,-4172,PRICE_OI,Daywise_Price_and_OI_Summary_25AUG26_Report_2026-07-30.xlsx,,,,,,,,,,,,,,,,,,,,,,,,,,,,,,
ETERNAL,6.88,306.6,309.3,306.55,306.85,-4.45,-1.43,1.85,6.03,-37.0,-0.06,-0.01,-1.37,87.0,0.48,-82.0,-0.62,-169,PRICE_OI,Daywise_Price_and_OI_Summary_25AUG26_Report_2026-07-30.xlsx,,,,,,,,,,,,,,,,,,,,,,,,,,,,,,
FEDERALBNK,4.38,358.55,358.6,357.3,357.3,-1.7,-0.47,0.1,0.5,0.0,0.0,0.0,0.0,13.0,0.26,18.0,0.38,5,PRICE_OI,Daywise_Price_and_OI_Summary_25AUG26_Report_2026-07-30.xlsx,,,,,,,,,,,,,,,,,,,,,,,,,,,,,,
FINNIFTY,3.11,26120.2,26321.8,26120.1,26321.8,-24.6,-0.09,0.5,3.57,-1.0,-0.22,-0.02,-1.72,17.0,1.65,-6.0,-0.5,-23,PRICE_OI,Daywise_Price_and_OI_Summary_25AUG26_Report_2026-07-30.xlsx,,,,,,,,,,,,,,,,,,,,,,,,,,,,,,
FOCIT,1.43,37599.0,37800.0,37599.0,37751.0,550.0,1.48,2.03,7.03,18.0,11.11,-0.06,-4.23,259.0,18.53,95.0,4.78,-164,PRICE_OI,Daywise_Price_and_OI_Summary_25AUG26_Report_2026-07-30.xlsx,,,,,,,,,,,,,,,,,,,,,,,,,,,,,,
FORCEMOT,9.86,17390.0,17972.0,17211.0,17801.0,524.0,3.03,-1.25,-2.57,-264.0,-2.32,-0.08,-9.2,390.0,9.64,-10.0,-0.29,-400,PRICE_OI,Daywise_Price_and_OI_Summary_25AUG26_Report_2026-07-30.xlsx,,,,,,,,,,,,,,,,,,,,,,,,,,,,,,
FORTIS,5.69,952.05,955.85,948.3,955.0,-3.1,-0.32,2.4,9.29,2.0,0.02,0.0,0.0,-6.0,-0.58,-5.0,-0.5,1,PRICE_OI,Daywise_Price_and_OI_Summary_25AUG26_Report_2026-07-30.xlsx,,,,,,,,,,,,,,,,,,,,,,,,,,,,,,
GAIL,6.06,176.99,176.99,175.53,176.32,0.17,0.1,-0.16,-0.58,42.0,0.19,0.0,0.0,31.0,0.57,5.0,0.14,-26,PRICE_OI,Daywise_Price_and_OI_Summary_25AUG26_Report_2026-07-30.xlsx,,,,,,,,,,,,,,,,,,,,,,,,,,,,,,
GLENMARK,6.85,2279.9,2279.9,2257.1,2264.3,-8.5,-0.37,0.11,0.34,13.0,0.04,-0.02,-2.17,33.0,1.26,-14.0,-0.58,-47,PRICE_OI,Daywise_Price_and_OI_Summary_25AUG26_Report_2026-07-30.xlsx,,,,,,,,,,,,,,,,,,,,,,,,,,,,,,
GMRAIRPORT,6.06,107.2,107.23,105.94,106.2,-1.47,-1.37,1.48,4.9,31.0,0.17,0.0,0.0,35.0,1.02,4.0,0.2,-31,PRICE_OI,Daywise_Price_and_OI_Summary_25AUG26_Report_2026-07-30.xlsx,,,,,,,,,,,,,,,,,,,,,,,,,,,,,,
GODFRYPHLP,7.26,2045.0,2045.0,2022.4,2044.8,-6.3,-0.31,0.95,2.85,-3.0,-0.04,-0.01,-1.61,27.0,0.76,2.0,0.09,-25,PRICE_OI,Daywise_Price_and_OI_Summary_25AUG26_Report_2026-07-30.xlsx,,,,,,,,,,,,,,,,,,,,,,,,,,,,,,
GODREJCP,6.01,1071.1,1073.4,1069.0,1073.4,-1.2,-0.11,-0.01,-0.04,4.0,0.02,0.0,0.0,4.0,0.36,-3.0,-0.42,-7,PRICE_OI,Daywise_Price_and_OI_Summary_25AUG26_Report_2026-07-30.xlsx,,,,,,,,,,,,,,,,,,,,,,,,,,,,,,
GODREJPROP,7.52,2150.0,2156.0,2148.2,2153.0,-9.3,-0.43,0.87,2.53,19.0,0.08,0.0,0.0,-14.0,-0.29,-7.0,-0.26,7,PRICE_OI,Daywise_Price_and_OI_Summary_25AUG26_Report_2026-07-30.xlsx,,,,,,,,,,,,,,,,,,,,,,,,,,,,,,
GRASIM,4.92,3111.1,3118.7,3110.0,3118.7,-0.9,-0.03,0.3,1.31,5.0,0.01,0.0,0.0,-5.0,-0.17,-3.0,-0.15,2,PRICE_OI,Daywise_Price_and_OI_Summary_25AUG26_Report_2026-07-30.xlsx,,,,,,,,,,,,,,,,,,,,,,,,,,,,,,
GVT&D,11.17,4132.7,4132.7,4058.9,4077.2,-40.8,-0.99,-0.41,-0.78,123.0,0.53,-0.08,-5.93,243.0,6.42,3.0,0.06,-240,PRICE_OI,Daywise_Price_and_OI_Summary_25AUG26_Report_2026-07-30.xlsx,,,,,,,,,,,,,,,,,,,,,,,,,,,,,,
HAL,6.06,4575.5,4607.5,4572.1,4600.0,1.8,0.04,0.38,1.36,137.0,0.41,0.0,0.0,30.0,0.27,32.0,0.4,2,PRICE_OI,Daywise_Price_and_OI_Summary_25AUG26_Report_2026-07-30.xlsx,,,,,,,,,,,,,,,,,,,,,,,,,,,,,,
HAVELLS,5.56,1249.0,1250.0,1239.8,1248.3,3.7,0.3,-0.46,-1.86,38.0,0.2,-0.01,-1.59,20.0,0.55,2.0,0.09,-18,PRICE_OI,Daywise_Price_and_OI_Summary_25AUG26_Report_2026-07-30.xlsx,,,,,,,,,,,,,,,,,,,,,,,,,,,,,,
HCLTECH,6.0,1350.0,1368.0,1350.0,1363.8,16.4,1.22,0.7,2.55,135.0,0.2,0.03,3.61,-314.0,-2.73,95.0,1.0,409,PRICE_OI,Daywise_Price_and_OI_Summary_25AUG26_Report_2026-07-30.xlsx,,,,,,,,,,,,,,,,,,,,,,,,,,,,,,
HDFCAMC,6.14,2547.1,2562.0,2541.2,2557.4,1.9,0.07,0.6,2.16,-23.0,-0.11,0.01,1.3,-22.0,-0.45,75.0,2.01,97,PRICE_OI,Daywise_Price_and_OI_Summary_25AUG26_Report_2026-07-30.xlsx,,,,,,,,,,,,,,,,,,,,,,,,,,,,,,
HDFCBANK,4.79,752.0,753.0,749.75,750.8,0.05,0.01,0.18,0.81,477.0,0.1,0.0,0.0,181.0,0.13,257.0,0.33,76,PRICE_OI,Daywise_Price_and_OI_Summary_25AUG26_Report_2026-07-30.xlsx,,,,,,,,,,,,,,,,,,,,,,,,,,,,,,
HDFCLIFE,4.6,559.65,561.0,558.2,560.7,0.9,0.16,-0.15,-0.7,8.0,0.02,0.0,0.0,21.0,0.18,-14.0,-0.21,-35,PRICE_OI,Daywise_Price_and_OI_Summary_25AUG26_Report_2026-07-30.xlsx,,,,,,,,,,,,,,,,,,,,,,,,,,,,,,
HEROMOTOCO,6.49,5185.0,5248.9,5180.1,5248.9,82.6,1.6,0.24,0.81,80.0,0.25,0.02,3.17,-350.0,-3.85,40.0,0.7,390,PRICE_OI,Daywise_Price_and_OI_Summary_25AUG26_Report_2026-07-30.xlsx,,,,,,,,,,,,,,,,,,,,,,,,,,,,,,
HINDALCO,6.55,971.95,975.0,968.1,972.6,4.25,0.44,-0.01,-0.03,-37.0,-0.05,0.0,0.0,41.0,0.36,16.0,0.18,-25,PRICE_OI,Daywise_Price_and_OI_Summary_25AUG26_Report_2026-07-30.xlsx,,,,,,,,,,,,,,,,,,,,,,,,,,,,,,
HINDPETRO,6.05,394.8,394.8,391.55,392.6,-2.5,-0.63,0.38,1.37,46.0,0.22,0.01,1.11,-3.0,-0.08,14.0,0.42,17,PRICE_OI,Daywise_Price_and_OI_Summary_25AUG26_Report_2026-07-30.xlsx,,,,,,,,,,,,,,,,,,,,,,,,,,,,,,
HINDUNILVR,3.85,2127.0,2138.6,2116.2,2134.4,3.9,0.18,-0.07,-0.39,-4.0,-0.01,0.0,0.0,-79.0,-0.24,-30.0,-0.15,49,PRICE_OI,Daywise_Price_and_OI_Summary_25AUG26_Report_2026-07-30.xlsx,,,,,,,,,,,,,,,,,,,,,,,,,,,,,,
HINDZINC,6.08,544.0,544.25,540.75,540.75,0.2,0.04,-0.16,-0.56,-4.0,-0.02,0.0,0.0,-27.0,-0.29,24.0,0.39,51,PRICE_OI,Daywise_Price_and_OI_Summary_25AUG26_Report_2026-07-30.xlsx,,,,,,,,,,,,,,,,,,,,,,,,,,,,,,
HYUNDAI,7.08,1980.1,1998.8,1980.1,1995.2,15.0,0.76,-0.41,-1.22,20.0,0.14,0.0,0.0,8.0,0.26,14.0,0.59,6,PRICE_OI,Daywise_Price_and_OI_Summary_25AUG26_Report_2026-07-30.xlsx,,,,,,,,,,,,,,,,,,,,,,,,,,,,,,
ICICIBANK,4.08,1427.0,1427.9,1420.0,1422.5,-8.6,-0.6,0.72,3.94,160.0,0.11,-0.02,-3.17,529.0,2.19,-116.0,-0.76,-645,PRICE_OI,Daywise_Price_and_OI_Summary_25AUG26_Report_2026-07-30.xlsx,,,,,,,,,,,,,,,,,,,,,,,,,,,,,,
ICICIGI,5.27,1656.0,1656.0,1644.0,1652.5,-4.9,-0.3,0.13,0.53,4.0,0.03,-0.01,-1.14,17.0,0.51,-12.0,-0.41,-29,PRICE_OI,Daywise_Price_and_OI_Summary_25AUG26_Report_2026-07-30.xlsx,,,,,,,,,,,,,,,,,,,,,,,,,,,,,,
ICICIPRULI,5.76,514.5,515.1,512.35,514.4,1.1,0.21,0.31,1.2,14.0,0.07,0.0,0.0,24.0,0.98,1.0,0.06,-23,PRICE_OI,Daywise_Price_and_OI_Summary_25AUG26_Report_2026-07-30.xlsx,,,,,,,,,,,,,,,,,,,,,,,,,,,,,,
IDEA,8.16,13.2,13.2,13.07,13.11,-0.04,-0.3,0.4,1.06,-1.0,0.0,0.0,0.0,30.0,0.22,-1.0,-0.01,-31,PRICE_OI,Daywise_Price_and_OI_Summary_25AUG26_Report_2026-07-30.xlsx,,,,,,,,,,,,,,,,,,,,,,,,,,,,,,
IDFCFIRSTB,5.7,84.7,85.08,84.29,84.37,-0.68,-0.8,1.18,4.55,50.0,0.13,0.0,0.0,26.0,0.23,14.0,0.19,-12,PRICE_OI,Daywise_Price_and_OI_Summary_25AUG26_Report_2026-07-30.xlsx,,,,,,,,,,,,,,,,,,,,,,,,,,,,,,
IEX,6.16,134.61,134.94,134.18,134.18,-1.01,-0.75,0.19,0.66,14.0,0.09,-0.01,-1.19,3.0,0.07,-12.0,-0.34,-15,PRICE_OI,Daywise_Price_and_OI_Summary_25AUG26_Report_2026-07-30.xlsx,,,,,,,,,,,,,,,,,,,,,,,,,,,,,,
INDHOTEL,4.55,744.0,744.0,738.0,741.4,1.0,0.14,0.46,2.18,7.0,0.03,0.01,1.25,-16.0,-0.59,7.0,0.32,23,PRICE_OI,Daywise_Price_and_OI_Summary_25AUG26_Report_2026-07-30.xlsx,,,,,,,,,,,,,,,,,,,,,,,,,,,,,,
INDIANB,5.99,830.0,833.0,822.4,830.35,-1.7,-0.2,-0.19,-0.67,13.0,0.11,-0.01,-0.94,21.0,0.82,-2.0,-0.07,-23,PRICE_OI,Daywise_Price_and_OI_Summary_25AUG26_Report_2026-07-30.xlsx,,,,,,,,,,,,,,,,,,,,,,,,,,,,,,
INDIGO,5.93,5250.0,5254.0,5215.0,5237.0,-57.0,-1.08,1.55,5.92,105.0,0.28,-0.02,-1.83,130.0,1.52,-14.0,-0.15,-144,PRICE_OI,Daywise_Price_and_OI_Summary_25AUG26_Report_2026-07-30.xlsx,,,,,,,,,,,,,,,,,,,,,,,,,,,,,,
INDUSINDBK,5.48,1012.75,1012.75,1006.0,1008.95,-4.85,-0.48,0.31,1.23,4.0,0.01,0.0,0.0,24.0,0.3,14.0,0.21,-10,PRICE_OI,Daywise_Price_and_OI_Summary_25AUG26_Report_2026-07-30.xlsx,,,,,,,,,,,,,,,,,,,,,,,,,,,,,,
INDUSTOWER,4.85,389.85,392.2,388.25,391.7,3.15,0.81,0.27,1.21,9.0,0.02,0.01,2.13,38.0,0.4,99.0,2.22,61,PRICE_OI,Daywise_Price_and_OI_Summary_25AUG26_Report_2026-07-30.xlsx,,,,,,,,,,,,,,,,,,,,,,,,,,,,,,
INFY,6.78,1169.2,1186.0,1166.9,1183.0,26.4,2.28,1,3.22,2162.0,0.94,0.02,1.92,877.0,1.5,2040.0,3.35,1163,PRICE_OI,Daywise_Price_and_OI_Summary_25AUG26_Report_2026-07-30.xlsx,,,,,,,,,,,,,,,,,,,,,,,,,,,,,,
INOXWIND,9.17,76.77,76.82,75.25,75.25,-1.85,-2.4,1.01,2.39,110.0,0.67,-0.02,-2.82,111.0,2.55,-9.0,-0.29,-120,PRICE_OI,Daywise_Price_and_OI_Summary_25AUG26_Report_2026-07-30.xlsx,,,,,,,,,,,,,,,,,,,,,,,,,,,,,,
IOC,5.62,139.4,139.79,139.0,139.59,-0.11,-0.08,0.23,0.88,115.0,0.39,0.01,1.1,21.0,0.35,39.0,0.72,18,PRICE_OI,Daywise_Price_and_OI_Summary_25AUG26_Report_2026-07-30.xlsx,,,,,,,,,,,,,,,,,,,,,,,,,,,,,,
IREDA,7.75,118.99,118.99,118.22,118.3,-0.87,-0.73,1.08,3.18,8.0,0.06,0.0,0.0,1.0,0.02,0.0,0.0,-,PRICE_OI,Daywise_Price_and_OI_Summary_25AUG26_Report_2026-07-30.xlsx,,,,,,,,,,,,,,,,,,,,,,,,,,,,,,
IRFC,6.54,89.8,89.8,88.62,88.99,-0.57,-0.64,0.47,1.57,51.0,0.34,0.0,0.0,111.0,1.31,35.0,0.49,-76,PRICE_OI,Daywise_Price_and_OI_Summary_25AUG26_Report_2026-07-30.xlsx,,,,,,,,,,,,,,,,,,,,,,,,,,,,,,
ITC,4.61,287.5,288.6,286.7,288.45,0.75,0.26,0.57,2.7,68.0,0.08,0.0,0.0,-77.0,-0.23,180.0,0.73,257,PRICE_OI,Daywise_Price_and_OI_Summary_25AUG26_Report_2026-07-30.xlsx,,,,,,,,,,,,,,,,,,,,,,,,,,,,,,
JINDALSTEL,5.38,1089.9,1097.2,1089.9,1095.0,0.7,0.06,0.49,2.02,4.0,0.02,0.01,1.23,-28.0,-0.61,3.0,0.08,31,PRICE_OI,Daywise_Price_and_OI_Summary_25AUG26_Report_2026-07-30.xlsx,,,,,,,,,,,,,,,,,,,,,,,,,,,,,,
JIOFIN,6.03,249.85,251.0,248.46,249.3,-1.38,-0.55,0.25,0.91,289.0,0.4,0.0,0.0,178.0,0.74,166.0,1.05,-12,PRICE_OI,Daywise_Price_and_OI_Summary_25AUG26_Report_2026-07-30.xlsx,,,,,,,,,,,,,,,,,,,,,,,,,,,,,,
JSWENERGY,5.5,548.95,549.8,544.05,544.8,-4.25,-0.77,0.16,0.62,16.0,0.07,0.02,2.5,-61.0,-1.76,4.0,0.14,65,PRICE_OI,Daywise_Price_and_OI_Summary_25AUG26_Report_2026-07-30.xlsx,,,,,,,,,,,,,,,,,,,,,,,,,,,,,,
JSWSTEEL,5.01,1285.0,1285.0,1278.9,1281.0,-2.8,-0.22,0.47,2.05,-2.0,0.0,0.0,0.0,-10.0,-0.28,2.0,0.08,12,PRICE_OI,Daywise_Price_and_OI_Summary_25AUG26_Report_2026-07-30.xlsx,,,,,,,,,,,,,,,,,,,,,,,,,,,,,,
JUBLFOOD,6.99,440.0,441.0,436.95,437.35,-2.1,-0.48,0.75,2.33,11.0,0.08,0.0,0.0,6.0,0.16,6.0,0.18,0,PRICE_OI,Daywise_Price_and_OI_Summary_25AUG26_Report_2026-07-30.xlsx,,,,,,,,,,,,,,,,,,,,,,,,,,,,,,
KALYANKJIL,12.84,633.85,636.2,629.0,632.75,1.9,0.3,2.14,3.72,-102.0,-0.56,-0.06,-5.0,715.0,6.55,77.0,0.59,-638,PRICE_OI,Daywise_Price_and_OI_Summary_25AUG26_Report_2026-07-30.xlsx,,,,,,,,,,,,,,,,,,,,,,,,,,,,,,
KAYNES,12.43,3650.0,3775.6,3638.5,3675.0,17.8,0.49,0.32,0.58,400.0,1.63,-0.01,-1.41,153.0,1.91,11.0,0.19,-142,PRICE_OI,Daywise_Price_and_OI_Summary_25AUG26_Report_2026-07-30.xlsx,,,,,,,,,,,,,,,,,,,,,,,,,,,,,,
KEI,7.7,4854.0,4858.5,4825.5,4830.5,-29.5,-0.61,1.26,3.54,5.0,0.04,0.0,0.0,4.0,0.32,-1.0,-0.11,-5,PRICE_OI,Daywise_Price_and_OI_Summary_25AUG26_Report_2026-07-30.xlsx,,,,,,,,,,,,,,,,,,,,,,,,,,,,,,
KFINTECH,7.33,950.0,950.0,942.3,944.55,-5.15,-0.54,0.28,0.83,-2.0,-0.03,-0.01,-1.61,38.0,0.97,-4.0,-0.16,-42,PRICE_OI,Daywise_Price_and_OI_Summary_25AUG26_Report_2026-07-30.xlsx,,,,,,,,,,,,,,,,,,,,,,,,,,,,,,
KOTAKBANK,4.24,390.9,390.9,388.4,390.0,-1.45,-0.37,0.14,0.71,4.0,0.0,-0.01,-1.35,57.0,0.46,-54.0,-0.59,-111,PRICE_OI,Daywise_Price_and_OI_Summary_25AUG26_Report_2026-07-30.xlsx,,,,,,,,,,,,,,,,,,,,,,,,,,,,,,
KPITTECH,8.04,610.0,618.25,600.1,600.25,-37.4,-5.87,-0.69,-1.85,730.0,4.6,-0.07,-9.46,1213.0,8.81,-140.0,-1.37,-1353,PRICE_OI,Daywise_Price_and_OI_Summary_25AUG26_Report_2026-07-30.xlsx,,,,,,,,,,,,,,,,,,,,,,,,,,,,,,
LAURUSLABS,5.6,1792.0,1801.3,1784.9,1790.3,5.0,0.28,0.5,1.94,67.0,0.34,0.01,1.18,12.0,0.11,86.0,0.91,74,PRICE_OI,Daywise_Price_and_OI_Summary_25AUG26_Report_2026-07-30.xlsx,,,,,,,,,,,,,,,,,,,,,,,,,,,,,,
LICHSGFIN,6.84,545.1,546.75,538.3,538.8,-8.35,-1.53,0.98,3.16,115.0,0.49,-0.02,-2.82,154.0,3.52,24.0,0.77,-130,PRICE_OI,Daywise_Price_and_OI_Summary_25AUG26_Report_2026-07-30.xlsx,,,,,,,,,,,,,,,,,,,,,,,,,,,,,,
LICI,5.81,422.5,424.0,420.85,423.25,1.45,0.34,0.59,2.29,12.0,0.09,-0.01,-1.96,45.0,0.85,-5.0,-0.19,-50,PRICE_OI,Daywise_Price_and_OI_Summary_25AUG26_Report_2026-07-30.xlsx,,,,,,,,,,,,,,,,,,,,,,,,,,,,,,
LODHA,7.84,1235.0,1255.65,1229.05,1252.0,17.15,1.39,-0.25,-0.69,7.0,0.03,0.03,4.76,-286.0,-3.69,20.0,0.41,306,PRICE_OI,Daywise_Price_and_OI_Summary_25AUG26_Report_2026-07-30.xlsx,,,,,,,,,,,,,,,,,,,,,,,,,,,,,,
LT,4.18,3942.0,3944.2,3908.1,3939.4,-5.7,-0.14,-0.1,-0.52,4.0,0.01,0.0,0.0,-26.0,-0.08,14.0,0.06,40,PRICE_OI,Daywise_Price_and_OI_Summary_25AUG26_Report_2026-07-30.xlsx,,,,,,,,,,,,,,,,,,,,,,,,,,,,,,
LTF,7.22,310.0,310.0,306.8,307.05,-3.6,-1.16,0.77,2.32,47.0,0.21,-0.01,-1.23,10.0,0.16,-9.0,-0.18,-19,PRICE_OI,Daywise_Price_and_OI_Summary_25AUG26_Report_2026-07-30.xlsx,,,,,,,,,,,,,,,,,,,,,,,,,,,,,,
LTM,7.39,4468.0,4531.0,4439.9,4510.6,79.8,1.8,0.51,1.5,50.0,0.26,0.03,3.75,-102.0,-2.76,41.0,1.39,143,PRICE_OI,Daywise_Price_and_OI_Summary_25AUG26_Report_2026-07-30.xlsx,,,,,,,,,,,,,,,,,,,,,,,,,,,,,,
LUPIN,5.85,2475.0,2483.0,2461.5,2472.5,10.6,0.43,0.04,0.15,-16.0,-0.12,0.02,2.99,-51.0,-1.63,41.0,1.96,92,PRICE_OI,Daywise_Price_and_OI_Summary_25AUG26_Report_2026-07-30.xlsx,,,,,,,,,,,,,,,,,,,,,,,,,,,,,,
M&M,6.52,3239.6,3254.6,3209.1,3250.6,20.5,0.63,0.38,1.26,133.0,0.18,0.01,1.2,143.0,0.77,404.0,2.65,261,PRICE_OI,Daywise_Price_and_OI_Summary_25AUG26_Report_2026-07-30.xlsx,,,,,,,,,,,,,,,,,,,,,,,,,,,,,,
MANAPPURAM,8.23,374.0,374.0,370.3,371.95,-0.05,-0.01,1.37,3.67,84.0,0.47,0.0,0.0,8.0,0.29,-2.0,-0.12,-10,PRICE_OI,Daywise_Price_and_OI_Summary_25AUG26_Report_2026-07-30.xlsx,,,,,,,,,,,,,,,,,,,,,,,,,,,,,,
MANKIND,7.18,2590.5,2604.5,2576.3,2598.8,-1.1,-0.04,0.09,0.27,-7.0,-0.06,0.0,0.0,-7.0,-0.34,2.0,0.13,9,PRICE_OI,Daywise_Price_and_OI_Summary_25AUG26_Report_2026-07-30.xlsx,,,,,,,,,,,,,,,,,,,,,,,,,,,,,,
MARICO,5.59,881.3,890.25,876.8,887.7,8.2,0.93,1.41,5.58,59.0,0.49,0.01,2.0,-60.0,-2.02,11.0,0.74,71,PRICE_OI,Daywise_Price_and_OI_Summary_25AUG26_Report_2026-07-30.xlsx,,,,,,,,,,,,,,,,,,,,,,,,,,,,,,
MARUTI,5.68,13751.0,13860.0,13750.0,13845.0,6.0,0.04,0.46,1.75,142.0,0.33,0.02,2.99,-63.0,-0.36,224.0,1.88,287,PRICE_OI,Daywise_Price_and_OI_Summary_25AUG26_Report_2026-07-30.xlsx,,,,,,,,,,,,,,,,,,,,,,,,,,,,,,
MAXHEALTH,6.03,1118.0,1123.4,1118.0,1122.8,5.7,0.51,-0.03,-0.11,9.0,0.05,0.01,1.09,-22.0,-1.11,0.0,0.0,-,PRICE_OI,Daywise_Price_and_OI_Summary_25AUG26_Report_2026-07-30.xlsx,,,,,,,,,,,,,,,,,,,,,,,,,,,,,,
MAZDOCK,7.93,2311.4,2311.4,2290.2,2296.0,-15.4,-0.67,0.44,1.21,45.0,0.21,-0.01,-0.95,43.0,1.06,-3.0,-0.07,-46,PRICE_OI,Daywise_Price_and_OI_Summary_25AUG26_Report_2026-07-30.xlsx,,,,,,,,,,,,,,,,,,,,,,,,,,,,,,
MCX,8.46,2732.1,2738.7,2701.8,2702.9,-29.3,-1.07,0.9,2.34,38.0,0.12,0.0,0.0,117.0,0.92,18.0,0.16,-99,PRICE_OI,Daywise_Price_and_OI_Summary_25AUG26_Report_2026-07-30.xlsx,,,,,,,,,,,,,,,,,,,,,,,,,,,,,,
MFSL,6.62,1507.5,1543.8,1507.5,1536.2,11.3,0.74,2.93,9.41,39.0,0.16,-0.03,-4.23,6.0,0.54,-28.0,-3.54,-34,PRICE_OI,Daywise_Price_and_OI_Summary_25AUG26_Report_2026-07-30.xlsx,,,,,,,,,,,,,,,,,,,,,,,,,,,,,,
MIDCPNIFTY,3.07,14690.0,14724.0,14651.1,14716.75,-13.1,-0.09,-0.02,-0.14,10.0,0.06,0.01,0.96,180.0,0.8,378.0,1.62,198,PRICE_OI,Daywise_Price_and_OI_Summary_25AUG26_Report_2026-07-30.xlsx,,,,,,,,,,,,,,,,,,,,,,,,,,,,,,
MOTHERSON,7.62,146.15,146.2,145.4,145.78,-0.69,-0.47,0.36,1.02,77.0,0.37,0.0,0.0,26.0,0.63,1.0,0.03,-25,PRICE_OI,Daywise_Price_and_OI_Summary_25AUG26_Report_2026-07-30.xlsx,,,,,,,,,,,,,,,,,,,,,,,,,,,,,,
MOTILALOFS,6.69,859.95,860.05,852.0,852.0,-8.4,-0.98,0.31,1.02,7.0,0.08,-0.01,-1.54,27.0,0.79,0.0,0.0,-,PRICE_OI,Daywise_Price_and_OI_Summary_25AUG26_Report_2026-07-30.xlsx,,,,,,,,,,,,,,,,,,,,,,,,,,,,,,
MPHASIS,8.19,2357.0,2406.9,2356.9,2398.3,27.3,1.15,-0.1,-0.29,-5.0,-0.03,0.0,0.0,-66.0,-2.25,-48.0,-2.29,18,PRICE_OI,Daywise_Price_and_OI_Summary_25AUG26_Report_2026-07-30.xlsx,,,,,,,,,,,,,,,,,,,,,,,,,,,,,,
MUTHOOTFIN,8.15,3030.0,3050.0,3019.5,3040.0,3.9,0.13,-0.1,-0.26,63.0,0.25,-0.01,-1.54,99.0,1.7,17.0,0.45,-82,PRICE_OI,Daywise_Price_and_OI_Summary_25AUG26_Report_2026-07-30.xlsx,,,,,,,,,,,,,,,,,,,,,,,,,,,,,,
NAM-INDIA,6.9,1144.2,1156.0,1144.2,1156.0,-2.7,-0.23,2.3,7.25,-3.0,-0.03,0.0,0.0,6.0,0.77,3.0,0.6,-3,PRICE_OI,Daywise_Price_and_OI_Summary_25AUG26_Report_2026-07-30.xlsx,,,,,,,,,,,,,,,,,,,,,,,,,,,,,,
NATIONALUM,7.84,347.95,349.85,346.95,348.0,0.95,0.27,-0.17,-0.47,23.0,0.1,0.01,1.27,-17.0,-0.24,19.0,0.34,36,PRICE_OI,Daywise_Price_and_OI_Summary_25AUG26_Report_2026-07-30.xlsx,,,,,,,,,,,,,,,,,,,,,,,,,,,,,,
NAUKRI,7.5,1258.0,1266.3,1242.05,1265.35,14.25,1.14,0.13,0.38,30.0,0.11,0.01,2.17,-63.0,-1.37,19.0,0.9,82,PRICE_OI,Daywise_Price_and_OI_Summary_25AUG26_Report_2026-07-30.xlsx,,,,,,,,,,,,,,,,,,,,,,,,,,,,,,
NBCC,8.35,94.25,94.35,93.5,93.55,-1.27,-1.34,1.22,3.46,16.0,0.1,0.0,0.0,37.0,1.33,34.0,2.32,-3,PRICE_OI,Daywise_Price_and_OI_Summary_25AUG26_Report_2026-07-30.xlsx,,,,,,,,,,,,,,,,,,,,,,,,,,,,,,
NESTLEIND,5.67,1508.8,1524.8,1508.2,1523.5,14.7,0.97,0.01,0.05,43.0,0.23,0.03,5.77,-329.0,-4.85,1.0,0.03,330,PRICE_OI,Daywise_Price_and_OI_Summary_25AUG26_Report_2026-07-30.xlsx,,,,,,,,,,,,,,,,,,,,,,,,,,,,,,
NHPC,5.77,77.92,78.14,77.51,77.75,-0.38,-0.49,0.44,1.65,5.0,0.03,0.0,0.0,-7.0,-0.17,-2.0,-0.06,5,PRICE_OI,Daywise_Price_and_OI_Summary_25AUG26_Report_2026-07-30.xlsx,,,,,,,,,,,,,,,,,,,,,,,,,,,,,,
NIFTY,0.98,24265.6,24322.0,24250.0,24312.5,1.0,0.0,0.11,0.99,-3.0,0.0,0.0,0.0,-1274.0,-0.21,-259.0,-0.04,1015,PRICE_OI,Daywise_Price_and_OI_Summary_25AUG26_Report_2026-07-30.xlsx,,,,,,,,,,,,,,,,,,,,,,,,,,,,,,
NIFTYNXT50,3.46,72330.0,72650.0,72330.0,72650.0,-8.2,-0.01,-,-,2.0,0.32,0.16,7.21,-1.0,-11.11,-1.0,-5.0,0,PRICE_OI,Daywise_Price_and_OI_Summary_25AUG26_Report_2026-07-30.xlsx,,,,,,,,,,,,,,,,,,,,,,,,,,,,,,
NMDC,5.87,85.92,86.4,85.92,86.16,-0.14,-0.16,0.28,1.04,-7.0,-0.01,-0.02,-2.33,24.0,0.42,-55.0,-1.13,-79,PRICE_OI,Daywise_Price_and_OI_Summary_25AUG26_Report_2026-07-30.xlsx,,,,,,,,,,,,,,,,,,,,,,,,,,,,,,
NTPC,4.3,345.0,345.5,343.95,345.3,-0.25,-0.07,-0.02,-0.1,5.0,0.01,0.01,1.12,-54.0,-0.47,-3.0,-0.03,51,PRICE_OI,Daywise_Price_and_OI_Summary_25AUG26_Report_2026-07-30.xlsx,,,,,,,,,,,,,,,,,,,,,,,,,,,,,,
NYKAA,6.75,327.45,331.2,327.45,330.45,1.05,0.32,0.68,2.18,15.0,0.11,0.0,0.0,16.0,1.3,0.0,0.0,-,PRICE_OI,Daywise_Price_and_OI_Summary_25AUG26_Report_2026-07-30.xlsx,,,,,,,,,,,,,,,,,,,,,,,,,,,,,,
OBEROIRLTY,5.98,1845.0,1849.7,1823.6,1830.3,-9.6,-0.52,-0.12,-0.43,8.0,0.05,-0.01,-1.85,28.0,0.99,-2.0,-0.13,-30,PRICE_OI,Daywise_Price_and_OI_Summary_25AUG26_Report_2026-07-30.xlsx,,,,,,,,,,,,,,,,,,,,,,,,,,,,,,
OFSS,8.06,11470.0,11522.0,11430.0,11440.0,-30.0,-0.26,0.18,0.49,10.0,0.08,0.0,0.0,38.0,0.47,31.0,0.5,-7,PRICE_OI,Daywise_Price_and_OI_Summary_25AUG26_Report_2026-07-30.xlsx,,,,,,,,,,,,,,,,,,,,,,,,,,,,,,
OIL,6.04,449.9,452.0,448.15,452.0,6.45,1.45,1.26,4.59,0.0,0.0,0.0,0.0,9.0,0.52,1.0,0.08,-8,PRICE_OI,Daywise_Price_and_OI_Summary_25AUG26_Report_2026-07-30.xlsx,,,,,,,,,,,,,,,,,,,,,,,,,,,,,,
ONGC,5.03,241.0,242.25,240.0,242.1,2.66,1.11,0.16,0.69,57.0,0.24,0.01,1.61,-109.0,-0.92,4.0,0.05,113,PRICE_OI,Daywise_Price_and_OI_Summary_25AUG26_Report_2026-07-30.xlsx,,,,,,,,,,,,,,,,,,,,,,,,,,,,,,
PAGEIND,6.84,39990.0,40725.0,39990.0,40500.0,285.0,0.71,-2.34,-7.37,49.0,0.42,-0.06,-8.7,72.0,8.62,-2.0,-0.35,-74,PRICE_OI,Daywise_Price_and_OI_Summary_25AUG26_Report_2026-07-30.xlsx,,,,,,,,,,,,,,,,,,,,,,,,,,,,,,
PATANJALI,9.02,361.0,362.4,357.35,358.1,-0.7,-0.2,-0.64,-1.49,57.0,0.2,0.01,1.3,-76.0,-0.94,-20.0,-0.32,56,PRICE_OI,Daywise_Price_and_OI_Summary_25AUG26_Report_2026-07-30.xlsx,,,,,,,,,,,,,,,,,,,,,,,,,,,,,,
PAYTM,7.86,1339.8,1339.8,1331.5,1333.0,-1.6,-0.12,0.26,0.71,20.0,0.07,0.0,0.0,13.0,0.12,0.0,0.0,-,PRICE_OI,Daywise_Price_and_OI_Summary_25AUG26_Report_2026-07-30.xlsx,,,,,,,,,,,,,,,,,,,,,,,,,,,,,,
PERSISTENT,8.94,5460.0,5584.0,5455.0,5580.0,113.3,2.07,0.89,2.2,68.0,0.24,0.05,7.58,-519.0,-5.85,59.0,1.01,578,PRICE_OI,Daywise_Price_and_OI_Summary_25AUG26_Report_2026-07-30.xlsx,,,,,,,,,,,,,,,,,,,,,,,,,,,,,,
PETRONET,5.29,277.25,278.2,277.1,277.8,-0.35,-0.13,0.88,3.63,12.0,0.07,0.0,0.0,7.0,0.26,-1.0,-0.03,-8,PRICE_OI,Daywise_Price_and_OI_Summary_25AUG26_Report_2026-07-30.xlsx,,,,,,,,,,,,,,,,,,,,,,,,,,,,,,
PFC,5.85,426.0,426.75,420.7,426.25,1.65,0.39,0.96,3.58,61.0,0.17,0.0,0.0,2.0,0.03,20.0,0.41,18,PRICE_OI,Daywise_Price_and_OI_Summary_25AUG26_Report_2026-07-30.xlsx,,,,,,,,,,,,,,,,,,,,,,,,,,,,,,
PGEL,9.69,620.95,621.0,614.4,616.4,-0.1,-0.02,-0.79,-1.74,54.0,0.49,0.0,0.0,1.0,0.03,15.0,0.56,14,PRICE_OI,Daywise_Price_and_OI_Summary_25AUG26_Report_2026-07-30.xlsx,,,,,,,,,,,,,,,,,,,,,,,,,,,,,,
PHOENIXLTD,6.13,1899.7,1906.6,1890.2,1904.9,-7.5,-0.39,0.23,0.8,30.0,0.29,0.0,0.0,33.0,1.0,2.0,0.09,-31,PRICE_OI,Daywise_Price_and_OI_Summary_25AUG26_Report_2026-07-30.xlsx,,,,,,,,,,,,,,,,,,,,,,,,,,,,,,
PIDILITIND,5.62,1645.9,1645.9,1629.3,1634.4,-1.7,-0.1,-0.16,-0.6,28.0,0.18,0.0,0.0,13.0,0.61,-1.0,-0.09,-14,PRICE_OI,Daywise_Price_and_OI_Summary_25AUG26_Report_2026-07-30.xlsx,,,,,,,,,,,,,,,,,,,,,,,,,,,,,,
PIIND,6.96,2764.0,2764.0,2735.3,2754.8,-0.4,-0.01,-1.21,-3.72,17.0,0.11,0.0,0.0,13.0,0.49,10.0,0.45,-3,PRICE_OI,Daywise_Price_and_OI_Summary_25AUG26_Report_2026-07-30.xlsx,,,,,,,,,,,,,,,,,,,,,,,,,,,,,,
PNB,5.5,111.3,111.5,110.75,111.36,-0.41,-0.37,0.36,1.41,13.0,0.04,0.0,0.0,15.0,0.24,2.0,0.04,-13,PRICE_OI,Daywise_Price_and_OI_Summary_25AUG26_Report_2026-07-30.xlsx,,,,,,,,,,,,,,,,,,,,,,,,,,,,,,
PNBHOUSING,8.26,1060.1,1060.1,1037.9,1046.1,-4.8,-0.46,-1.13,-3.08,33.0,0.29,-0.01,-1.2,8.0,0.49,-8.0,-0.59,-16,PRICE_OI,Daywise_Price_and_OI_Summary_25AUG26_Report_2026-07-30.xlsx,,,,,,,,,,,,,,,,,,,,,,,,,,,,,,
POLICYBZR,8.1,1600.0,1614.6,1593.0,1609.6,-7.5,-0.46,0.63,1.66,10.0,0.04,0.0,0.0,-2.0,-0.08,-12.0,-0.52,-10,PRICE_OI,Daywise_Price_and_OI_Summary_25AUG26_Report_2026-07-30.xlsx,,,,,,,,,,,,,,,,,,,,,,,,,,,,,,
POLYCAB,5.29,9063.0,9090.0,9027.0,9027.0,-74.0,-0.81,0.58,2.4,35.0,0.19,0.0,0.0,36.0,0.46,20.0,0.42,-16,PRICE_OI,Daywise_Price_and_OI_Summary_25AUG26_Report_2026-07-30.xlsx,,,,,,,,,,,,,,,,,,,,,,,,,,,,,,
POWERGRID,4.56,284.0,285.1,282.85,284.5,0.8,0.28,-0.24,-1.11,7.0,0.03,0.0,0.0,-7.0,-0.12,4.0,0.07,11,PRICE_OI,Daywise_Price_and_OI_Summary_25AUG26_Report_2026-07-30.xlsx,,,,,,,,,,,,,,,,,,,,,,,,,,,,,,
POWERINDIA,9.0,31710.0,31770.0,31505.0,31605.0,-255.0,-0.8,1.06,2.57,34.0,0.16,-0.02,-1.79,84.0,1.49,-18.0,-0.29,-102,PRICE_OI,Daywise_Price_and_OI_Summary_25AUG26_Report_2026-07-30.xlsx,,,,,,,,,,,,,,,,,,,,,,,,,,,,,,
PREMIERENE,8.03,1008.1,1010.1,984.4,988.0,-42.6,-4.13,0.73,2.09,224.0,2.27,-0.03,-4.41,87.0,5.4,22.0,2.02,-65,PRICE_OI,Daywise_Price_and_OI_Summary_25AUG26_Report_2026-07-30.xlsx,,,,,,,,,,,,,,,,,,,,,,,,,,,,,,
PRESTIGE,7.54,1616.0,1636.0,1596.3,1631.1,-44.4,-2.65,-1.7,-4.56,324.0,3.01,0.08,12.31,73.0,3.8,212.0,16.97,139,PRICE_OI,Daywise_Price_and_OI_Summary_25AUG26_Report_2026-07-30.xlsx,,,,,,,,,,,,,,,,,,,,,,,,,,,,,,
RADICO,6.6,4381.0,4433.0,4355.1,4432.0,52.0,1.19,2.15,7.02,42.0,0.82,-0.03,-5.36,147.0,4.52,7.0,0.39,-140,PRICE_OI,Daywise_Price_and_OI_Summary_25AUG26_Report_2026-07-30.xlsx,,,,,,,,,,,,,,,,,,,,,,,,,,,,,,
RBLBANK,5.87,373.5,373.5,370.05,370.95,-1.9,-0.51,0.89,3.35,47.0,0.31,0.0,0.0,-7.0,-0.27,8.0,0.44,15,PRICE_OI,Daywise_Price_and_OI_Summary_25AUG26_Report_2026-07-30.xlsx,,,,,,,,,,,,,,,,,,,,,,,,,,,,,,
RECLTD,5.15,370.5,372.2,367.5,371.65,0.9,0.24,0.59,2.52,0.0,0.0,0.0,0.0,24.0,0.26,-12.0,-0.19,-36,PRICE_OI,Daywise_Price_and_OI_Summary_25AUG26_Report_2026-07-30.xlsx,,,,,,,,,,,,,,,,,,,,,,,,,,,,,,
RELIANCE,4.48,1282.2,1287.6,1280.8,1287.4,4.0,0.31,0.21,1.01,-121.0,-0.06,0.0,0.0,193.0,0.2,92.0,0.11,-101,PRICE_OI,Daywise_Price_and_OI_Summary_25AUG26_Report_2026-07-30.xlsx,,,,,,,,,,,,,,,,,,,,,,,,,,,,,,
RVNL,8.09,225.44,225.44,223.0,223.5,-1.95,-0.86,1.41,3.91,43.0,0.24,-0.02,-2.3,126.0,2.07,7.0,0.13,-119,PRICE_OI,Daywise_Price_and_OI_Summary_25AUG26_Report_2026-07-30.xlsx,,,,,,,,,,,,,,,,,,,,,,,,,,,,,,
SAIL,7.62,170.99,171.5,170.3,171.01,-0.13,-0.08,0.18,0.51,23.0,0.06,0.02,3.33,-106.0,-2.77,27.0,1.18,133,PRICE_OI,Daywise_Price_and_OI_Summary_25AUG26_Report_2026-07-30.xlsx,,,,,,,,,,,,,,,,,,,,,,,,,,,,,,
SBICARD,5.75,659.05,662.0,652.9,660.85,0.65,0.1,0.77,2.96,79.0,0.29,0.0,0.0,17.0,0.26,10.0,0.21,-7,PRICE_OI,Daywise_Price_and_OI_Summary_25AUG26_Report_2026-07-30.xlsx,,,,,,,,,,,,,,,,,,,,,,,,,,,,,,
SBILIFE,4.62,1890.5,1915.1,1890.5,1910.8,10.8,0.57,0.5,2.39,6.0,0.03,-0.02,-2.41,62.0,2.15,9.0,0.38,-53,PRICE_OI,Daywise_Price_and_OI_Summary_25AUG26_Report_2026-07-30.xlsx,,,,,,,,,,,,,,,,,,,,,,,,,,,,,,
SBIN,5.55,1017.2,1019.0,1011.4,1017.0,-2.8,-0.27,0.5,1.95,52.0,0.05,0.0,0.0,213.0,0.67,97.0,0.3,-116,PRICE_OI,Daywise_Price_and_OI_Summary_25AUG26_Report_2026-07-30.xlsx,,,,,,,,,,,,,,,,,,,,,,,,,,,,,,
SENSEX,0.4,77659.95,77670.0,77423.0,77639.6,-65.4,-0.08,5.86,44.19,7.0,0.56,-0.1,-5.43,729390.0,59.48,1155864.0,51.13,426474,PRICE_OI,Daywise_Price_and_OI_Summary_25AUG26_Report_2026-07-30.xlsx,,,,,,,,,,,,,,,,,,,,,,,,,,,,,,
SHREECEM,5.66,26505.0,26555.0,26420.0,26550.0,-45.0,-0.17,1.32,5.07,4.0,0.03,-0.01,-0.84,-4.0,-0.52,-9.0,-0.99,-5,PRICE_OI,Daywise_Price_and_OI_Summary_25AUG26_Report_2026-07-30.xlsx,,,,,,,,,,,,,,,,,,,,,,,,,,,,,,
SHRIRAMFIN,5.81,1040.4,1045.5,1037.0,1042.3,-5.3,-0.51,-0.29,-1.07,168.0,0.51,0.0,0.0,60.0,0.63,20.0,0.4,-40,PRICE_OI,Daywise_Price_and_OI_Summary_25AUG26_Report_2026-07-30.xlsx,,,,,,,,,,,,,,,,,,,,,,,,,,,,,,
SIEMENS,7.54,3599.9,3629.1,3598.4,3618.9,1.9,0.05,0.59,1.7,9.0,0.04,0.0,0.0,-20.0,-0.52,1.0,0.04,21,PRICE_OI,Daywise_Price_and_OI_Summary_25AUG26_Report_2026-07-30.xlsx,,,,,,,,,,,,,,,,,,,,,,,,,,,,,,
SOLARINDS,7.66,18318.0,18318.0,18100.0,18100.0,-95.0,-0.52,1.02,3.04,21.0,0.13,-0.02,-2.6,20.0,0.75,-48.0,-2.33,-68,PRICE_OI,Daywise_Price_and_OI_Summary_25AUG26_Report_2026-07-30.xlsx,,,,,,,,,,,,,,,,,,,,,,,,,,,,,,
SONACOMS,6.29,719.95,729.2,719.95,728.5,3.8,0.52,0.59,2.07,48.0,0.55,0.0,0.0,-9.0,-0.48,6.0,0.57,15,PRICE_OI,Daywise_Price_and_OI_Summary_25AUG26_Report_2026-07-30.xlsx,,,,,,,,,,,,,,,,,,,,,,,,,,,,,,
SRF,5.79,2660.7,2660.7,2635.6,2643.0,-14.9,-0.56,0.89,3.39,18.0,0.08,0.0,0.0,208.0,1.64,20.0,0.36,-188,PRICE_OI,Daywise_Price_and_OI_Summary_25AUG26_Report_2026-07-30.xlsx,,,,,,,,,,,,,,,,,,,,,,,,,,,,,,
SUNPHARMA,4.51,2004.0,2014.5,1992.1,2008.9,13.0,0.65,0.12,0.57,138.0,0.35,0.01,1.37,-235.0,-2.04,-63.0,-0.75,172,PRICE_OI,Daywise_Price_and_OI_Summary_25AUG26_Report_2026-07-30.xlsx,,,,,,,,,,,,,,,,,,,,,,,,,,,,,,
SUPREMEIND,6.4,3520.0,3553.1,3513.0,3516.5,15.5,0.44,0.23,0.78,57.0,0.44,0.0,0.0,65.0,1.94,39.0,1.35,-26,PRICE_OI,Daywise_Price_and_OI_Summary_25AUG26_Report_2026-07-30.xlsx,,,,,,,,,,,,,,,,,,,,,,,,,,,,,,
SUZLON,8.1,47.55,47.55,46.46,46.61,-1.0,-2.1,0.33,0.88,11.0,0.03,-0.01,-1.89,274.0,1.69,7.0,0.08,-267,PRICE_OI,Daywise_Price_and_OI_Summary_25AUG26_Report_2026-07-30.xlsx,,,,,,,,,,,,,,,,,,,,,,,,,,,,,,
SWIGGY,10.69,284.0,286.22,282.0,284.47,0.09,0.03,0.74,1.49,378.0,1.28,0.01,1.27,-40.0,-0.41,85.0,1.1,125,PRICE_OI,Daywise_Price_and_OI_Summary_25AUG26_Report_2026-07-30.xlsx,,,,,,,,,,,,,,,,,,,,,,,,,,,,,,
TATACONSUM,4.99,1103.4,1106.1,1096.7,1105.7,3.4,0.31,0.25,1.12,7.0,0.02,0.0,0.0,-7.0,-0.14,-13.0,-0.31,-6,PRICE_OI,Daywise_Price_and_OI_Summary_25AUG26_Report_2026-07-30.xlsx,,,,,,,,,,,,,,,,,,,,,,,,,,,,,,
TATAELXSI,7.46,3695.8,3711.2,3661.0,3702.8,9.9,0.27,0.63,1.84,27.0,0.13,0.01,1.69,13.0,0.13,53.0,0.87,40,PRICE_OI,Daywise_Price_and_OI_Summary_25AUG26_Report_2026-07-30.xlsx,,,,,,,,,,,,,,,,,,,,,,,,,,,,,,
TATAPOWER,4.42,378.95,379.35,376.2,378.95,0.05,0.01,0.8,3.95,-23.0,-0.05,0.0,0.0,57.0,0.34,5.0,0.04,-52,PRICE_OI,Daywise_Price_and_OI_Summary_25AUG26_Report_2026-07-30.xlsx,,,,,,,,,,,,,,,,,,,,,,,,,,,,,,
TATASTEEL,5.88,189.88,189.9,188.15,188.7,0.29,0.15,0.15,0.55,95.0,0.16,0.0,0.0,52.0,0.28,-2.0,-0.01,-54,PRICE_OI,Daywise_Price_and_OI_Summary_25AUG26_Report_2026-07-30.xlsx,,,,,,,,,,,,,,,,,,,,,,,,,,,,,,
TCS,5.64,2435.0,2479.5,2434.1,2470.6,28.2,1.15,-0.01,-0.04,426.0,0.29,0.03,3.19,-370.0,-0.96,587.0,1.62,957,PRICE_OI,Daywise_Price_and_OI_Summary_25AUG26_Report_2026-07-30.xlsx,,,,,,,,,,,,,,,,,,,,,,,,,,,,,,
TECHM,5.99,1641.0,1674.8,1637.8,1668.4,25.5,1.55,1.03,3.8,188.0,0.64,0.03,5.08,35.0,0.42,282.0,5.77,247,PRICE_OI,Daywise_Price_and_OI_Summary_25AUG26_Report_2026-07-30.xlsx,,,,,,,,,,,,,,,,,,,,,,,,,,,,,,
TIINDIA,7.88,2819.0,2819.0,2765.1,2775.9,-25.1,-0.9,0.63,1.76,4.0,0.04,0.0,0.0,3.0,0.39,4.0,0.6,1,PRICE_OI,Daywise_Price_and_OI_Summary_25AUG26_Report_2026-07-30.xlsx,,,,,,,,,,,,,,,,,,,,,,,,,,,,,,
TITAN,4.89,4845.0,4863.4,4836.5,4856.0,-6.5,-0.13,0.33,1.47,63.0,0.19,0.0,0.0,-8.0,-0.07,13.0,0.14,21,PRICE_OI,Daywise_Price_and_OI_Summary_25AUG26_Report_2026-07-30.xlsx,,,,,,,,,,,,,,,,,,,,,,,,,,,,,,
TMPV,6.94,330.8,332.5,329.35,331.0,-0.8,-0.24,0.1,0.31,-13.0,-0.03,0.0,0.0,57.0,0.4,-4.0,-0.03,-61,PRICE_OI,Daywise_Price_and_OI_Summary_25AUG26_Report_2026-07-30.xlsx,,,,,,,,,,,,,,,,,,,,,,,,,,,,,,
TORNTPHARM,6.64,4900.0,4945.0,4877.1,4934.8,31.4,0.64,1.03,3.47,-3.0,-0.01,-0.01,-1.49,73.0,1.85,17.0,0.65,-56,PRICE_OI,Daywise_Price_and_OI_Summary_25AUG26_Report_2026-07-30.xlsx,,,,,,,,,,,,,,,,,,,,,,,,,,,,,,
TRENT,6.84,3051.0,3055.0,3009.0,3010.4,-2.6,-0.09,0.02,0.06,66.0,0.13,0.0,0.0,-42.0,-0.43,38.0,0.48,80,PRICE_OI,Daywise_Price_and_OI_Summary_25AUG26_Report_2026-07-30.xlsx,,,,,,,,,,,,,,,,,,,,,,,,,,,,,,
TVSMOTOR,5.76,4067.5,4151.0,4067.5,4149.2,61.3,1.5,0.79,3.06,292.0,0.47,0.07,10.94,-351.0,-4.11,357.0,6.55,708,PRICE_OI,Daywise_Price_and_OI_Summary_25AUG26_Report_2026-07-30.xlsx,,,,,,,,,,,,,,,,,,,,,,,,,,,,,,
ULTRACEMCO,4.36,11820.0,11870.0,11802.0,11848.0,-205.0,-1.7,0.73,3.67,27.0,0.08,-0.13,-21.67,5321.0,92.44,1781.0,51.36,-3540,PRICE_OI,Daywise_Price_and_OI_Summary_25AUG26_Report_2026-07-30.xlsx,,,,,,,,,,,,,,,,,,,,,,,,,,,,,,
UNIONBANK,6.34,170.52,171.18,170.05,170.7,-0.89,-0.52,-0.08,-0.27,12.0,0.04,0.0,0.0,-6.0,-0.1,-1.0,-0.02,5,PRICE_OI,Daywise_Price_and_OI_Summary_25AUG26_Report_2026-07-30.xlsx,,,,,,,,,,,,,,,,,,,,,,,,,,,,,,
UNITDSPR,4.9,1520.0,1529.0,1518.5,1527.3,13.5,0.89,0.46,2.08,24.0,0.12,0.01,1.18,-15.0,-0.28,32.0,0.69,47,PRICE_OI,Daywise_Price_and_OI_Summary_25AUG26_Report_2026-07-30.xlsx,,,,,,,,,,,,,,,,,,,,,,,,,,,,,,
UNOMINDA,7.79,1173.1,1173.9,1168.6,1169.4,-5.9,-0.5,2.48,6.87,79.0,0.97,-0.01,-1.32,-2.0,-0.15,-9.0,-0.91,-7,PRICE_OI,Daywise_Price_and_OI_Summary_25AUG26_Report_2026-07-30.xlsx,,,,,,,,,,,,,,,,,,,,,,,,,,,,,,
UPL,6.71,611.95,611.95,607.0,609.05,-3.7,-0.6,0.05,0.16,3.0,0.01,0.0,0.0,6.0,0.21,-2.0,-0.08,-8,PRICE_OI,Daywise_Price_and_OI_Summary_25AUG26_Report_2026-07-30.xlsx,,,,,,,,,,,,,,,,,,,,,,,,,,,,,,
VBL,6.28,448.3,455.75,446.75,454.7,6.4,1.43,0.07,0.24,-35.0,-0.08,0.01,2.08,-546.0,-3.17,-113.0,-1.36,433,PRICE_OI,Daywise_Price_and_OI_Summary_25AUG26_Report_2026-07-30.xlsx,,,,,,,,,,,,,,,,,,,,,,,,,,,,,,
VEDL,7.65,268.0,268.0,265.45,265.9,0.3,0.11,0.04,0.11,-5.0,-0.01,-0.01,-1.45,139.0,0.87,31.0,0.28,-108,PRICE_OI,Daywise_Price_and_OI_Summary_25AUG26_Report_2026-07-30.xlsx,,,,,,,,,,,,,,,,,,,,,,,,,,,,,,
VMM,6.07,108.59,108.89,108.08,108.76,-0.1,-0.09,1.96,6.94,1.0,0.01,0.0,0.0,1.0,0.07,-2.0,-0.23,-3,PRICE_OI,Daywise_Price_and_OI_Summary_25AUG26_Report_2026-07-30.xlsx,,,,,,,,,,,,,,,,,,,,,,,,,,,,,,
VOLTAS,7.04,1313.7,1316.5,1310.1,1312.8,-8.3,-0.63,0.13,0.38,6.0,0.03,0.0,0.0,7.0,0.28,7.0,0.22,0,PRICE_OI,Daywise_Price_and_OI_Summary_25AUG26_Report_2026-07-30.xlsx,,,,,,,,,,,,,,,,,,,,,,,,,,,,,,
WAAREEENER,8.18,2640.0,2650.0,2542.0,2544.0,-188.0,-6.88,-4.11,-9.86,1480.0,3.66,0.08,10.81,627.0,5.95,1414.0,18.19,787,PRICE_OI,Daywise_Price_and_OI_Summary_25AUG26_Report_2026-07-30.xlsx,,,,,,,,,,,,,,,,,,,,,,,,,,,,,,
WIPRO,6.81,183.0,187.2,183.0,187.07,3.52,1.92,0.46,1.77,-231.0,-0.27,0.03,4.55,-468.0,-2.6,143.0,1.2,611,PRICE_OI,Daywise_Price_and_OI_Summary_25AUG26_Report_2026-07-30.xlsx,,,,,,,,,,,,,,,,,,,,,,,,,,,,,,
YESBANK,5.65,22.97,22.97,22.79,22.81,-0.16,-0.7,0.54,2.1,55.0,0.14,0.0,0.0,108.0,1.27,76.0,1.44,-32,PRICE_OI,Daywise_Price_and_OI_Summary_25AUG26_Report_2026-07-30.xlsx,,,,,,,,,,,,,,,,,,,,,,,,,,,,,,
ZYDUSLIFE,5.76,1124.1,1136.6,1124.1,1133.0,3.8,0.34,1,3.66,-1.0,-0.01,-0.04,-5.33,57.0,4.23,-5.0,-0.5,-62,PRICE_OI,Daywise_Price_and_OI_Summary_25AUG26_Report_2026-07-30.xlsx,,,,,,,,,,,,,,,,,,,,,,,,,,,,,,
,,,,,,,,,,,,,,,,,,,IVR_IVP,IVR-IVP_25AUG26_Report_2026-07-30.xlsx,,,,,,,,,,,,,,,,,,,,,,,,,,,,,,
ETERNAL,,,,,,-3.3,,,,,,,,,,,,,RESISTANCE,Resistance_25AUG26_Scan_30_7_2026 (1).xlsx,308.0,-1.06,62444.0,-97.0,-0.16,0.72,300.0,2922.0,29.0,2435.0,-3.0,2.67,LU,,,,,,,,,,,,,,,,,
PATANJALI,,,,,,-0.2,,,,,,,,,,,,,RESISTANCE,Resistance_25AUG26_Scan_30_7_2026 (1).xlsx,358.6,-0.06,28261.0,39.0,0.14,0.78,350.0,1446.0,-1.0,1240.0,2.0,2.46,SB,,,,,,,,,,,,,,,,,
PAYTM,,,,,,-2.6,,,,,,,,,,,,,RESISTANCE,Resistance_25AUG26_Scan_30_7_2026 (1).xlsx,1332.0,-0.19,27077.0,16.0,0.06,0.59,1300.0,2477.0,-9.0,1023.0,-9.0,2.46,SB,,,,,,,,,,,,,,,,,
LTF,,,,,,-4.15,,,,,,,,,,,,,RESISTANCE,Resistance_25AUG26_Scan_30_7_2026 (1).xlsx,306.5,-1.34,22017.0,53.0,0.24,0.8,300.0,761.0,5.0,1236.0,0.0,2.17,SB,,,,,,,,,,,,,,,,,
MAXHEALTH,,,,,,4.4,,,,,,,,,,,,,RESISTANCE,Resistance_25AUG26_Scan_30_7_2026 (1).xlsx,1121.5,0.39,18436.0,7.0,0.04,0.93,1100.0,529.0,2.0,592.0,-1.0,1.95,LB,,,,,,,,,,,,,,,,,
APLAPOLLO,,,,,,-3.0,,,,,,,,,,,,,RESISTANCE,Resistance_25AUG26_Scan_30_7_2026 (1).xlsx,1873.8,-0.16,12664.0,-2.0,-0.02,1.02,1840.0,383.0,1.0,361.0,-2.0,1.84,LU,,,,,,,,,,,,,,,,,
UPL,,,,,,-1.75,,,,,,,,,,,,,RESISTANCE,Resistance_25AUG26_Scan_30_7_2026 (1).xlsx,611.0,-0.29,22347.0,2.0,0.01,0.85,600.0,495.0,0.0,603.0,-3.0,1.83,SB,,,,,,,,,,,,,,,,,
UNITDSPR,,,,,,13.1,,,,,,,,,,,,,RESISTANCE,Resistance_25AUG26_Scan_30_7_2026 (1).xlsx,1526.9,0.87,20855.0,22.0,0.11,0.86,1500.0,1172.0,-3.0,1026.0,17.0,1.79,LB,,,,,,,,,,,,,,,,,
POWERINDIA,,,,,,-315.0,,,,,,,,,,,,,RESISTANCE,Resistance_25AUG26_Scan_30_7_2026 (1).xlsx,31545.0,-0.99,21265.0,34.0,0.16,1.1,31000.0,969.0,2.0,947.0,2.0,1.76,SB,,,,,,,,,,,,,,,,,
NESTLEIND,,,,,,17.2,,,,,,,,,,,,,RESISTANCE,Resistance_25AUG26_Scan_30_7_2026 (1).xlsx,1526.0,1.14,18895.0,40.0,0.21,0.56,1500.0,1171.0,-100.0,570.0,24.0,1.73,LB,,,,,,,,,,,,,,,,,
VEDL,,,,,,-1.1,,,,,,,,,,,,,RESISTANCE,Resistance_25AUG26_Scan_30_7_2026 (1).xlsx,264.5,-0.41,42672.0,6.0,0.01,0.68,260.0,3621.0,0.0,3159.0,0.0,1.73,SB,,,,,,,,,,,,,,,,,
HEROMOTOCO,,,,,,112.7,,,,,,,,,,,,,RESISTANCE,Resistance_25AUG26_Scan_30_7_2026 (1).xlsx,5279.0,2.18,32119.0,127.0,0.4,0.67,5200.0,1736.0,-337.0,742.0,11.0,1.52,LB,,,,,,,,,,,,,,,,,
NIFTY,,,,,,7.5,,,,,,,,,,,,,RESISTANCE,Resistance_25AUG26_Scan_30_7_2026 (1).xlsx,24319.0,0.03,204807.0,20.0,0.01,1.13,24000.0,98313.0,-149.0,118277.0,332.0,1.33,LB,,,,,,,,,,,,,,,,,
DLF,,,,,,-4.15,,,,,,,,,,,,,RESISTANCE,Resistance_25AUG26_Scan_30_7_2026 (1).xlsx,668.1,-0.62,49462.0,45.0,0.09,0.73,660.0,1380.0,-9.0,699.0,14.0,1.23,SB,,,,,,,,,,,,,,,,,
AMBUJACEM,,,,,,-3.65,,,,,,,,,,,,,RESISTANCE,Resistance_25AUG26_Scan_30_7_2026 (1).xlsx,434.45,-0.83,66303.0,54.0,0.08,0.74,430.0,2004.0,-1.0,600.0,0.0,1.03,SB,,,,,,,,,,,,,,,,,
OIL,,,,,,7.95,,,,,,,,,,,,,RESISTANCE,Resistance_25AUG26_Scan_30_7_2026 (1).xlsx,453.5,1.78,11477.0,-4.0,-0.03,0.76,450.0,420.0,-9.0,346.0,0.0,0.78,SC,,,,,,,,,,,,,,,,,
SUNPHARMA,,,,,,17.6,,,,,,,,,,,,,RESISTANCE,Resistance_25AUG26_Scan_30_7_2026 (1).xlsx,2013.5,0.88,40083.0,139.0,0.35,0.74,2000.0,3300.0,-136.0,855.0,42.0,0.68,LB,,,,,,,,,,,,,,,,,
ULTRACEMCO,,,,,,-216.0,,,,,,,,,,,,,RESISTANCE,Resistance_25AUG26_Scan_30_7_2026 (1).xlsx,11837.0,-1.79,35214.0,20.0,0.06,0.47,11760.0,1336.0,1336.0,803.0,803.0,0.65,SB,,,,,,,,,,,,,,,,,
INDUSINDBK,,,,,,-7.6,,,,,,,,,,,,,RESISTANCE,Resistance_25AUG26_Scan_30_7_2026 (1).xlsx,1006.2,-0.75,49454.0,-1.0,0.0,0.82,1000.0,1313.0,-5.0,1726.0,13.0,0.62,-,,,,,,,,,,,,,,,,,
SUPREMEIND,,,,,,19.6,,,,,,,,,,,,,RESISTANCE,Resistance_25AUG26_Scan_30_7_2026 (1).xlsx,3520.6,0.56,12969.0,54.0,0.42,0.86,3500.0,958.0,15.0,427.0,15.0,0.59,LB,,,,,,,,,,,,,,,,,
FINNIFTY,,,,,,-24.6,,,,,,,,,,,,,RESISTANCE,Resistance_25AUG26_Scan_30_7_2026 (1).xlsx,26321.8,-0.09,450.0,-1.0,-0.22,1.14,26200.0,353.0,-1.0,384.0,-6.0,0.46,LU,,,,,,,,,,,,,,,,,
ALKEM,,,,,,28.0,,,,,,,,,,,,,RESISTANCE,Resistance_25AUG26_Scan_30_7_2026 (1).xlsx,5724.0,0.49,10950.0,6.0,0.05,0.33,5700.0,172.0,18.0,33.0,1.0,0.42,LB,,,,,,,,,,,,,,,,,
POLICYBZR,,,,,,-10.6,,,,,,,,,,,,,RESISTANCE,Resistance_25AUG26_Scan_30_7_2026 (1).xlsx,1606.5,-0.66,26674.0,2.0,0.01,0.95,1600.0,776.0,2.0,728.0,1.0,0.41,SB,,,,,,,,,,,,,,,,,
TMPV,,,,,,-0.45,,,,,,,,,,,,,RESISTANCE,Resistance_25AUG26_Scan_30_7_2026 (1).xlsx,331.35,-0.14,48956.0,-14.0,-0.03,0.88,330.0,2132.0,35.0,1782.0,1.0,0.41,LU,,,,,,,,,,,,,,,,,
RBLBANK,,,,,,-1.7,,,,,,,,,,,,,RESISTANCE,Resistance_25AUG26_Scan_30_7_2026 (1).xlsx,371.15,-0.46,15027.0,47.0,0.31,0.72,370.0,374.0,5.0,227.0,3.0,0.31,SB,,,,,,,,,,,,,,,,,
AUROPHARMA,,,,,,4.0,,,,,,,,,,,,,RESISTANCE,Resistance_25AUG26_Scan_30_7_2026 (1).xlsx,1603.6,0.25,18089.0,84.0,0.47,0.62,1600.0,1174.0,4.0,157.0,22.0,0.23,LB,,,,,,,,,,,,,,,,,
LTM,,,,,,78.3,,,,,,,,,,,,,RESISTANCE,Resistance_25AUG26_Scan_30_7_2026 (1).xlsx,4509.1,1.77,19220.0,59.0,0.31,0.84,4500.0,566.0,4.0,131.0,5.0,0.2,LB,,,,,,,,,,,,,,,,,
BAJAJ-AUTO,,,,,,116.5,,,,,,,,,,,,,RESISTANCE,Resistance_25AUG26_Scan_30_7_2026 (1).xlsx,11517.0,1.02,25442.0,65.0,0.26,1.2,11500.0,2196.0,-29.0,533.0,17.0,0.15,LB,,,,,,,,,,,,,,,,,
CHOLAFIN,,,,,,-11.2,,,,,,,,,,,,,RESISTANCE,Resistance_25AUG26_Scan_30_7_2026 (1).xlsx,1801.8,-0.62,20270.0,-5.0,-0.02,0.55,1800.0,942.0,4.0,465.0,-6.0,0.1,LU,,,,,,,,,,,,,,,,,
MPHASIS,,,,,,31.4,,,,,,,,,,,,,RESISTANCE,Resistance_25AUG26_Scan_30_7_2026 (1).xlsx,2402.4,1.32,15377.0,5.0,0.03,0.71,2400.0,661.0,4.0,220.0,3.0,0.1,LB,,,,,,,,,,,,,,,,,
SHRIRAMFIN,,,,,,-7.1,,,,,,,,,,,,,RESISTANCE,Resistance_25AUG26_Scan_30_7_2026 (1).xlsx,1040.5,-0.68,32939.0,171.0,0.52,0.53,1040.0,1868.0,-2.0,672.0,-8.0,0.05,SB,,,,,,,,,,,,,,,,,
NYKAA,,,,,,0.55,,,,,,,,,,,,,RESISTANCE,Resistance_25AUG26_Scan_30_7_2026 (1).xlsx,329.95,0.17,13943.0,13.0,0.09,0.71,330.0,339.0,19.0,117.0,0.0,-0.02,LB,,,,,,,,,,,,,,,,,
COCHINSHIP,,,,,,-6.3,,,,,,,,,,,,,RESISTANCE,Resistance_25AUG26_Scan_30_7_2026 (1).xlsx,1398.0,-0.45,14308.0,13.0,0.09,0.72,1400.0,1252.0,12.0,686.0,1.0,-0.14,SB,,,,,,,,,,,,,,,,,
HYUNDAI,,,,,,15.0,,,,,,,,,,,,,RESISTANCE,Resistance_25AUG26_Scan_30_7_2026 (1).xlsx,1995.2,0.76,14357.0,22.0,0.15,0.78,2000.0,1771.0,-19.0,581.0,-2.0,-0.24,LB,,,,,,,,,,,,,,,,,
ITC,,,,,,1.55,,,,,,,,,,,,,RESISTANCE,Resistance_25AUG26_Scan_30_7_2026 (1).xlsx,289.25,0.54,90716.0,59.0,0.07,0.73,290.0,6440.0,-1.0,3301.0,26.0,-0.26,LB,,,,,,,,,,,,,,,,,
SONACOMS,,,,,,2.8,,,,,,,,,,,,,RESISTANCE,Resistance_25AUG26_Scan_30_7_2026 (1).xlsx,727.5,0.39,8728.0,52.0,0.6,0.57,730.0,316.0,-7.0,55.0,2.0,-0.34,LB,,,,,,,,,,,,,,,,,
SENSEX,,,,,,-55.0,,,,,,,,,,,,,RESISTANCE,Resistance_25AUG26_Scan_30_7_2026 (1).xlsx,77650.0,-0.07,1261.0,7.0,0.56,1.75,78000.0,159323.0,69165.0,32200.0,18103.0,-0.45,SB,,,,,,,,,,,,,,,,,
JIOFIN,,,,,,-2.07,,,,,,,,,,,,,RESISTANCE,Resistance_25AUG26_Scan_30_7_2026 (1).xlsx,248.61,-0.83,72161.0,328.0,0.46,0.66,250.0,4596.0,162.0,1786.0,86.0,-0.56,SB,,,,,,,,,,,,,,,,,
JINDALSTEL,,,,,,-1.4,,,,,,,,,,,,,RESISTANCE,Resistance_25AUG26_Scan_30_7_2026 (1).xlsx,1092.9,-0.13,20487.0,6.0,0.03,0.82,1100.0,1220.0,-12.0,973.0,3.0,-0.65,SB,,,,,,,,,,,,,,,,,
OBEROIRLTY,,,,,,-12.0,,,,,,,,,,,,,RESISTANCE,Resistance_25AUG26_Scan_30_7_2026 (1).xlsx,1827.9,-0.65,15699.0,19.0,0.12,0.53,1840.0,929.0,22.0,393.0,-1.0,-0.66,SB,,,,,,,,,,,,,,,,,
FORTIS,,,,,,-4.6,,,,,,,,,,,,,RESISTANCE,Resistance_25AUG26_Scan_30_7_2026 (1).xlsx,953.5,-0.48,11729.0,0.0,0.0,0.97,960.0,128.0,2.0,68.0,0.0,-0.68,-,,,,,,,,,,,,,,,,,
LAURUSLABS,,,,,,2.5,,,,,,,,,,,,,RESISTANCE,Resistance_25AUG26_Scan_30_7_2026 (1).xlsx,1787.8,0.14,19663.0,98.0,0.5,0.86,1800.0,1684.0,34.0,486.0,27.0,-0.68,LB,,,,,,,,,,,,,,,,,
PETRONET,,,,,,-0.35,,,,,,,,,,,,,RESISTANCE,Resistance_25AUG26_Scan_30_7_2026 (1).xlsx,277.8,-0.13,16574.0,12.0,0.07,1.21,280.0,1032.0,8.0,0.0,,-0.79,SB,,,,,,,,,,,,,,,,,
FEDERALBNK,,,,,,-2.0,,,,,,,,,,,,,RESISTANCE,Resistance_25AUG26_Scan_30_7_2026 (1).xlsx,357.0,-0.56,34755.0,15.0,0.04,0.94,360.0,866.0,10.0,653.0,13.0,-0.83,SB,,,,,,,,,,,,,,,,,
ABCAPITAL,,,,,,-3.55,,,,,,,,,,,,,RESISTANCE,Resistance_25AUG26_Scan_30_7_2026 (1).xlsx,396.55,-0.89,10946.0,2.0,0.02,0.88,400.0,444.0,4.0,319.0,2.0,-0.86,SB,,,,,,,,,,,,,,,,,
IRFC,,,,,,-0.38,,,,,,,,,,,,,RESISTANCE,Resistance_25AUG26_Scan_30_7_2026 (1).xlsx,89.18,-0.42,14907.0,49.0,0.33,0.83,90.0,2178.0,18.0,2124.0,0.0,-0.91,SB,,,,,,,,,,,,,,,,,
ONGC,,,,,,3.26,,,,,,,,,,,,,RESISTANCE,Resistance_25AUG26_Scan_30_7_2026 (1).xlsx,242.7,1.36,24022.0,45.0,0.19,0.63,245.0,2444.0,-19.0,0.0,,-0.94,LB,,,,,,,,,,,,,,,,,
AMBER,,,,,,-18.0,,,,,,,,,,,,,RESISTANCE,Resistance_25AUG26_Scan_30_7_2026 (1).xlsx,7426.0,-0.24,12645.0,20.0,0.16,1.1,7500.0,1602.0,33.0,808.0,0.0,-0.99,SB,,,,,,,,,,,,,,,,,
LUPIN,,,,,,13.0,,,,,,,,,,,,,RESISTANCE,Resistance_25AUG26_Scan_30_7_2026 (1).xlsx,2474.9,0.53,13322.0,-15.0,-0.11,0.69,2500.0,941.0,-8.0,123.0,41.0,-1.0,SC,,,,,,,,,,,,,,,,,
MARUTI,,,,,,16.0,,,,,,,,,,,,,RESISTANCE,Resistance_25AUG26_Scan_30_7_2026 (1).xlsx,13855.0,0.12,43636.0,160.0,0.37,0.69,14000.0,3994.0,43.0,853.0,10.0,-1.04,LB,,,,,,,,,,,,,,,,,
RELIANCE,,,,,,3.1,,,,,,,,,,,,,RESISTANCE,Resistance_25AUG26_Scan_30_7_2026 (1).xlsx,1286.5,0.24,211219.0,-151.0,-0.07,0.82,1300.0,20831.0,17.0,10199.0,10.0,-1.04,SC,,,,,,,,,,,,,,,,,
CIPLA,,,,,,1.1,,,,,,,,,,,,,RESISTANCE,Resistance_25AUG26_Scan_30_7_2026 (1).xlsx,1483.9,0.07,23218.0,0.0,0.0,0.88,1500.0,1823.0,-5.0,299.0,29.0,-1.07,-,,,,,,,,,,,,,,,,,
ICICIPRULI,,,,,,0.9,,,,,,,,,,,,,RESISTANCE,Resistance_25AUG26_Scan_30_7_2026 (1).xlsx,514.2,0.18,20754.0,14.0,0.07,0.73,520.0,604.0,29.0,0.0,,-1.12,LB,,,,,,,,,,,,,,,,,
TCS,,,,,,29.7,,,,,,,,,,,,,RESISTANCE,Resistance_25AUG26_Scan_30_7_2026 (1).xlsx,2472.1,1.22,149915.0,521.0,0.35,0.97,2500.0,4418.0,78.0,918.0,30.0,-1.12,LB,,,,,,,,,,,,,,,,,
NATIONALUM,,,,,,-1.05,,,,,,,,,,,,,RESISTANCE,Resistance_25AUG26_Scan_30_7_2026 (1).xlsx,346.0,-0.3,23397.0,4.0,0.02,0.8,350.0,2522.0,14.0,843.0,4.0,-1.14,SB,,,,,,,,,,,,,,,,,
BHARATFORG,,,,,,-3.9,,,,,,,,,,,,,RESISTANCE,Resistance_25AUG26_Scan_30_7_2026 (1).xlsx,2174.0,-0.18,15112.0,60.0,0.4,0.87,2200.0,543.0,9.0,286.0,21.0,-1.18,SB,,,,,,,,,,,,,,,,,
MARICO,,,,,,9.45,,,,,,,,,,,,,RESISTANCE,Resistance_25AUG26_Scan_30_7_2026 (1).xlsx,888.95,1.07,12061.0,55.0,0.46,0.51,900.0,662.0,-68.0,0.0,,-1.23,LB,,,,,,,,,,,,,,,,,
PGEL,,,,,,-4.15,,,,,,,,,,,,,RESISTANCE,Resistance_25AUG26_Scan_30_7_2026 (1).xlsx,612.35,-0.67,11005.0,51.0,0.47,0.7,620.0,937.0,-7.0,54.0,1.0,-1.23,SB,,,,,,,,,,,,,,,,,
ASHOKLEY,,,,,,-0.62,,,,,,,,,,,,,RESISTANCE,Resistance_25AUG26_Scan_30_7_2026 (1).xlsx,158.02,-0.39,28802.0,54.0,0.19,1.03,160.0,1426.0,-2.0,954.0,-2.0,-1.24,SB,,,,,,,,,,,,,,,,,
TORNTPHARM,,,,,,33.1,,,,,,,,,,,,,RESISTANCE,Resistance_25AUG26_Scan_30_7_2026 (1).xlsx,4936.5,0.68,33843.0,-15.0,-0.04,0.66,5000.0,1551.0,21.0,561.0,0.0,-1.27,SC,,,,,,,,,,,,,,,,,
INDHOTEL,,,,,,-0.2,,,,,,,,,,,,,RESISTANCE,Resistance_25AUG26_Scan_30_7_2026 (1).xlsx,740.2,-0.03,21484.0,8.0,0.04,0.81,750.0,543.0,-4.0,0.0,,-1.31,SB,,,,,,,,,,,,,,,,,
IREDA,,,,,,-0.83,,,,,,,,,,,,,RESISTANCE,Resistance_25AUG26_Scan_30_7_2026 (1).xlsx,118.34,-0.7,14035.0,14.0,0.1,1.04,120.0,961.0,11.0,995.0,3.0,-1.38,SB,,,,,,,,,,,,,,,,,
BHEL,,,,,,-3.15,,,,,,,,,,,,,RESISTANCE,Resistance_25AUG26_Scan_30_7_2026 (1).xlsx,404.1,-0.77,30882.0,26.0,0.08,0.57,410.0,1666.0,41.0,576.0,2.0,-1.44,SB,,,,,,,,,,,,,,,,,
M&M,,,,,,21.9,,,,,,,,,,,,,RESISTANCE,Resistance_25AUG26_Scan_30_7_2026 (1).xlsx,3252.0,0.68,73524.0,116.0,0.16,0.83,3300.0,3595.0,-102.0,985.0,-6.0,-1.45,LB,,,,,,,,,,,,,,,,,
BLUESTARCO,,,,,,-6.0,,,,,,,,,,,,,RESISTANCE,Resistance_25AUG26_Scan_30_7_2026 (1).xlsx,1675.0,-0.36,9595.0,0.0,0.0,0.96,1700.0,314.0,17.0,74.0,7.0,-1.47,-,,,,,,,,,,,,,,,,,
NTPC,,,,,,-0.75,,,,,,,,,,,,,RESISTANCE,Resistance_25AUG26_Scan_30_7_2026 (1).xlsx,344.8,-0.22,67048.0,4.0,0.01,0.9,350.0,2384.0,5.0,1047.0,-5.0,-1.49,SB,,,,,,,,,,,,,,,,,
LT,,,,,,-5.1,,,,,,,,,,,,,RESISTANCE,Resistance_25AUG26_Scan_30_7_2026 (1).xlsx,3940.0,-0.13,68707.0,0.0,0.0,0.76,4000.0,8268.0,15.0,2805.0,6.0,-1.5,-,,,,,,,,,,,,,,,,,
BANKNIFTY,,,,,,-234.8,,,,,,,,,,,,,RESISTANCE,Resistance_25AUG26_Scan_30_7_2026 (1).xlsx,57109.6,-0.41,69796.0,271.0,0.39,0.89,58000.0,68872.0,498.0,43732.0,-49.0,-1.54,SB,,,,,,,,,,,,,,,,,
VMM,,,,,,-0.59,,,,,,,,,,,,,RESISTANCE,Resistance_25AUG26_Scan_30_7_2026 (1).xlsx,108.27,-0.54,8720.0,-3.0,-0.03,0.58,110.0,619.0,0.0,0.0,,-1.57,LU,,,,,,,,,,,,,,,,,
FORCEMOT,,,,,,435.0,,,,,,,,,,,,,RESISTANCE,Resistance_25AUG26_Scan_30_7_2026 (1).xlsx,17712.0,2.52,11113.0,-267.0,-2.35,0.78,18000.0,1331.0,204.0,463.0,37.0,-1.6,SC,,,,,,,,,,,,,,,,,
RADICO,,,,,,48.0,,,,,,,,,,,,,RESISTANCE,Resistance_25AUG26_Scan_30_7_2026 (1).xlsx,4428.0,1.1,5184.0,68.0,1.33,0.54,4500.0,613.0,-9.0,5.0,0.0,-1.6,LB,,,,,,,,,,,,,,,,,
LICI,,,,,,1.25,,,,,,,,,,,,,RESISTANCE,Resistance_25AUG26_Scan_30_7_2026 (1).xlsx,423.05,0.3,13032.0,8.0,0.06,0.5,430.0,1162.0,14.0,0.0,,-1.62,LB,,,,,,,,,,,,,,,,,
BHARTIARTL,,,,,,10.3,,,,,,,,,,,,,RESISTANCE,Resistance_25AUG26_Scan_30_7_2026 (1).xlsx,1967.0,0.53,121564.0,1.0,0.0,0.84,2000.0,2409.0,62.0,514.0,-3.0,-1.65,-,,,,,,,,,,,,,,,,,
SHREECEM,,,,,,-45.0,,,,,,,,,,,,,RESISTANCE,Resistance_25AUG26_Scan_30_7_2026 (1).xlsx,26550.0,-0.17,12832.0,4.0,0.03,1.18,27000.0,244.0,3.0,0.0,,-1.67,SB,,,,,,,,,,,,,,,,,
HINDPETRO,,,,,,-1.8,,,,,,,,,,,,,RESISTANCE,Resistance_25AUG26_Scan_30_7_2026 (1).xlsx,393.3,-0.46,20785.0,62.0,0.3,0.91,400.0,1097.0,8.0,683.0,-2.0,-1.68,SB,,,,,,,,,,,,,,,,,
HINDZINC,,,,,,-0.55,,,,,,,,,,,,,RESISTANCE,Resistance_25AUG26_Scan_30_7_2026 (1).xlsx,540.0,-0.1,23397.0,0.0,0.0,0.68,550.0,2023.0,4.0,691.0,2.0,-1.82,-,,,,,,,,,,,,,,,,,
POWERGRID,,,,,,1.0,,,,,,,,,,,,,RESISTANCE,Resistance_25AUG26_Scan_30_7_2026 (1).xlsx,284.7,0.35,22699.0,7.0,0.03,0.98,290.0,2051.0,0.0,999.0,3.0,-1.83,LB,,,,,,,,,,,,,,,,,
HDFCLIFE,,,,,,-0.3,,,,,,,,,,,,,RESISTANCE,Resistance_25AUG26_Scan_30_7_2026 (1).xlsx,559.5,-0.05,37494.0,11.0,0.03,0.57,570.0,2763.0,13.0,186.0,0.0,-1.84,SB,,,,,,,,,,,,,,,,,
GLENMARK,,,,,,-15.8,,,,,,,,,,,,,RESISTANCE,Resistance_25AUG26_Scan_30_7_2026 (1).xlsx,2257.0,-0.7,30923.0,6.0,0.02,0.91,2300.0,1082.0,12.0,307.0,-1.0,-1.87,SB,,,,,,,,,,,,,,,,,
ICICIBANK,,,,,,-8.5,,,,,,,,,,,,,RESISTANCE,Resistance_25AUG26_Scan_30_7_2026 (1).xlsx,1422.6,-0.59,152264.0,176.0,0.12,0.61,1450.0,3541.0,68.0,1493.0,10.0,-1.89,SB,,,,,,,,,,,,,,,,,
INDUSTOWER,,,,,,3.85,,,,,,,,,,,,,RESISTANCE,Resistance_25AUG26_Scan_30_7_2026 (1).xlsx,392.4,0.99,53911.0,24.0,0.04,0.48,400.0,2266.0,46.0,611.0,3.0,-1.9,LB,,,,,,,,,,,,,,,,,
ASTRAL,,,,,,8.7,,,,,,,,,,,,,RESISTANCE,Resistance_25AUG26_Scan_30_7_2026 (1).xlsx,1470.7,0.6,16586.0,132.0,0.8,0.71,1500.0,624.0,164.0,311.0,0.0,-1.95,LB,,,,,,,,,,,,,,,,,
MUTHOOTFIN,,,,,,2.8,,,,,,,,,,,,,RESISTANCE,Resistance_25AUG26_Scan_30_7_2026 (1).xlsx,3038.9,0.09,25561.0,63.0,0.25,0.64,3100.0,1484.0,47.0,248.0,0.0,-1.97,LB,,,,,,,,,,,,,,,,,
GAIL,,,,,,0.11,,,,,,,,,,,,,RESISTANCE,Resistance_25AUG26_Scan_30_7_2026 (1).xlsx,176.26,0.06,22183.0,54.0,0.24,0.67,180.0,1827.0,13.0,275.0,0.0,-2.08,LB,,,,,,,,,,,,,,,,,
BOSCHLTD,,,,,,200.0,,,,,,,,,,,,,RESISTANCE,Resistance_25AUG26_Scan_30_7_2026 (1).xlsx,41090.0,0.49,8199.0,8.0,0.1,1.35,42000.0,431.0,-23.0,0.0,,-2.17,LB,,,,,,,,,,,,,,,,,
HCLTECH,,,,,,21.6,,,,,,,,,,,,,RESISTANCE,Resistance_25AUG26_Scan_30_7_2026 (1).xlsx,1369.0,1.6,68035.0,93.0,0.14,0.86,1400.0,945.0,11.0,270.0,-6.0,-2.21,LB,,,,,,,,,,,,,,,,,
GODREJCP,,,,,,0.7,,,,,,,,,,,,,RESISTANCE,Resistance_25AUG26_Scan_30_7_2026 (1).xlsx,1075.3,0.07,20363.0,2.0,0.01,0.64,1100.0,381.0,8.0,81.0,0.0,-2.25,LB,,,,,,,,,,,,,,,,,
KOTAKBANK,,,,,,-0.55,,,,,,,,,,,,,RESISTANCE,Resistance_25AUG26_Scan_30_7_2026 (1).xlsx,390.9,-0.14,89817.0,1.0,0.0,0.73,400.0,2990.0,26.0,694.0,11.0,-2.28,-,,,,,,,,,,,,,,,,,
BRITANNIA,,,,,,19.0,,,,,,,,,,,,,RESISTANCE,Resistance_25AUG26_Scan_30_7_2026 (1).xlsx,5466.0,0.35,16414.0,14.0,0.09,0.45,5600.0,1805.0,-6.0,0.0,,-2.39,LB,,,,,,,,,,,,,,,,,
KEI,,,,,,-77.0,,,,,,,,,,,,,RESISTANCE,Resistance_25AUG26_Scan_30_7_2026 (1).xlsx,4783.0,-1.58,11568.0,11.0,0.1,0.72,4900.0,342.0,9.0,0.0,,-2.39,SB,,,,,,,,,,,,,,,,,
BANKBARODA,,,,,,-0.95,,,,,,,,,,,,,RESISTANCE,Resistance_25AUG26_Scan_30_7_2026 (1).xlsx,243.9,-0.39,44613.0,27.0,0.06,1.02,250.0,2812.0,11.0,1416.0,0.0,-2.44,SB,,,,,,,,,,,,,,,,,
UNOMINDA,,,,,,-4.6,,,,,,,,,,,,,RESISTANCE,Resistance_25AUG26_Scan_30_7_2026 (1).xlsx,1170.7,-0.39,8218.0,79.0,0.97,0.75,1200.0,706.0,1.0,0.0,,-2.44,SB,,,,,,,,,,,,,,,,,
COLPAL,,,,,,-30.6,,,,,,,,,,,,,RESISTANCE,Resistance_25AUG26_Scan_30_7_2026 (1).xlsx,2145.5,-1.41,15885.0,78.0,0.49,0.55,2200.0,1150.0,110.0,273.0,-1.0,-2.48,SB,,,,,,,,,,,,,,,,,
DIXON,,,,,,41.0,,,,,,,,,,,,,RESISTANCE,Resistance_25AUG26_Scan_30_7_2026 (1).xlsx,14135.0,0.29,45436.0,124.0,0.27,0.84,14500.0,3247.0,141.0,1656.0,-3.0,-2.52,LB,,,,,,,,,,,,,,,,,
NAUKRI,,,,,,14.9,,,,,,,,,,,,,RESISTANCE,Resistance_25AUG26_Scan_30_7_2026 (1).xlsx,1266.0,1.19,26443.0,35.0,0.13,0.47,1300.0,765.0,-27.0,83.0,3.0,-2.62,LB,,,,,,,,,,,,,,,,,
GRASIM,,,,,,-5.0,,,,,,,,,,,,,RESISTANCE,Resistance_25AUG26_Scan_30_7_2026 (1).xlsx,3114.6,-0.16,47698.0,7.0,0.01,0.69,3200.0,897.0,-9.0,0.0,,-2.67,SB,,,,,,,,,,,,,,,,,
GODFRYPHLP,,,,,,-8.2,,,,,,,,,,,,,RESISTANCE,Resistance_25AUG26_Scan_30_7_2026 (1).xlsx,2042.9,-0.4,6961.0,-6.0,-0.09,0.61,2100.0,789.0,5.0,423.0,1.0,-2.72,LU,,,,,,,,,,,,,,,,,
NHPC,,,,,,-0.4,,,,,,,,,,,,,RESISTANCE,Resistance_25AUG26_Scan_30_7_2026 (1).xlsx,77.73,-0.51,17474.0,3.0,0.02,0.79,80.0,951.0,13.0,353.0,0.0,-2.84,SB,,,,,,,,,,,,,,,,,
HINDUNILVR,,,,,,6.5,,,,,,,,,,,,,RESISTANCE,Resistance_25AUG26_Scan_30_7_2026 (1).xlsx,2137.0,0.31,51564.0,-6.0,-0.01,0.63,2200.0,5722.0,1.0,1818.0,-4.0,-2.86,SC,,,,,,,,,,,,,,,,,
TITAN,,,,,,-6.1,,,,,,,,,,,,,RESISTANCE,Resistance_25AUG26_Scan_30_7_2026 (1).xlsx,4856.4,-0.13,32748.0,55.0,0.17,0.8,5000.0,1348.0,1.0,0.0,,-2.87,SB,,,,,,,,,,,,,,,,,
HINDALCO,,,,,,2.65,,,,,,,,,,,,,RESISTANCE,Resistance_25AUG26_Scan_30_7_2026 (1).xlsx,971.0,0.27,74039.0,-51.0,-0.07,0.78,1000.0,2560.0,-29.0,581.0,-1.0,-2.9,SC,,,,,,,,,,,,,,,,,
ADANIGREEN,,,,,,-22.5,,,,,,,,,,,,,RESISTANCE,Resistance_25AUG26_Scan_30_7_2026 (1).xlsx,1359.3,-1.63,43851.0,107.0,0.24,0.56,1400.0,3962.0,57.0,1582.0,3.0,-2.91,SB,,,,,,,,,,,,,,,,,
SBIN,,,,,,-1.2,,,,,,,,,,,,,RESISTANCE,Resistance_25AUG26_Scan_30_7_2026 (1).xlsx,1018.6,-0.12,107840.0,20.0,0.02,1.0,1050.0,4638.0,128.0,2353.0,-2.0,-2.99,SB,,,,,,,,,,,,,,,,,
ETERNAL,,,,,,-2.3,,,,,,,,,,,,,RESISTANCE,Resistance_25AUG26_Scan_30_7_2026 (3).xlsx,309.0,-0.74,62424.0,-117.0,-0.19,0.72,300.0,3002.0,109.0,2537.0,99.0,3.0,LU,,,,,,,,,,,,,,,,,
APLAPOLLO,,,,,,7.0,,,,,,,,,,,,,RESISTANCE,Resistance_25AUG26_Scan_30_7_2026 (3).xlsx,1883.8,0.37,12687.0,21.0,0.17,0.99,1840.0,378.0,-4.0,364.0,1.0,2.38,LB,,,,,,,,,,,,,,,,,
UNITDSPR,,,,,,21.6,,,,,,,,,,,,,RESISTANCE,Resistance_25AUG26_Scan_30_7_2026 (3).xlsx,1535.4,1.43,20883.0,50.0,0.24,0.9,1500.0,1166.0,-9.0,1024.0,15.0,2.36,LB,,,,,,,,,,,,,,,,,
VEDL,,,,,,0.5,,,,,,,,,,,,,RESISTANCE,Resistance_25AUG26_Scan_30_7_2026 (3).xlsx,266.1,0.19,42710.0,44.0,0.1,0.68,260.0,3621.0,0.0,3166.0,7.0,2.35,LB,,,,,,,,,,,,,,,,,
PAYTM,,,,,,-5.6,,,,,,,,,,,,,RESISTANCE,Resistance_25AUG26_Scan_30_7_2026 (3).xlsx,1329.0,-0.42,27051.0,-10.0,-0.04,0.6,1300.0,2481.0,-5.0,1033.0,1.0,2.23,LU,,,,,,,,,,,,,,,,,
MAXHEALTH,,,,,,6.9,,,,,,,,,,,,,RESISTANCE,Resistance_25AUG26_Scan_30_7_2026 (3).xlsx,1124.0,0.62,18482.0,53.0,0.29,0.77,1100.0,529.0,2.0,622.0,29.0,2.18,LB,,,,,,,,,,,,,,,,,
NESTLEIND,,,,,,22.0,,,,,,,,,,,,,RESISTANCE,Resistance_25AUG26_Scan_30_7_2026 (3).xlsx,1530.8,1.46,19149.0,294.0,1.56,0.61,1500.0,1031.0,-240.0,623.0,77.0,2.05,LB,,,,,,,,,,,,,,,,,
LTF,,,,,,-4.55,,,,,,,,,,,,,RESISTANCE,Resistance_25AUG26_Scan_30_7_2026 (3).xlsx,306.1,-1.46,22044.0,80.0,0.36,0.8,300.0,771.0,15.0,1236.0,0.0,2.03,SB,,,,,,,,,,,,,,,,,
NIFTY,,,,,,10.6,,,,,,,,,,,,,RESISTANCE,Resistance_25AUG26_Scan_30_7_2026 (3).xlsx,24322.1,0.04,204929.0,142.0,0.07,1.13,24000.0,98455.0,-7.0,119546.0,1601.0,1.34,LB,,,,,,,,,,,,,,,,,
POWERINDIA,,,,,,-490.0,,,,,,,,,,,,,RESISTANCE,Resistance_25AUG26_Scan_30_7_2026 (3).xlsx,31370.0,-1.54,21265.0,34.0,0.16,1.05,31000.0,984.0,17.0,956.0,11.0,1.19,SB,,,,,,,,,,,,,,,,,
DLF,,,,,,-4.55,,,,,,,,,,,,,RESISTANCE,Resistance_25AUG26_Scan_30_7_2026 (3).xlsx,667.7,-0.68,49535.0,118.0,0.24,0.74,660.0,1419.0,30.0,729.0,44.0,1.17,SB,,,,,,,,,,,,,,,,,
UPL,,,,,,-6.25,,,,,,,,,,,,,RESISTANCE,Resistance_25AUG26_Scan_30_7_2026 (3).xlsx,606.5,-1.02,22349.0,4.0,0.02,0.86,600.0,496.0,1.0,619.0,13.0,1.08,SB,,,,,,,,,,,,,,,,,
AMBUJACEM,,,,,,-3.9,,,,,,,,,,,,,RESISTANCE,Resistance_25AUG26_Scan_30_7_2026 (3).xlsx,434.2,-0.89,66256.0,7.0,0.01,0.71,430.0,2256.0,251.0,608.0,8.0,0.98,SB,,,,,,,,,,,,,,,,,
INDUSINDBK,,,,,,-4.45,,,,,,,,,,,,,RESISTANCE,Resistance_25AUG26_Scan_30_7_2026 (3).xlsx,1009.35,-0.44,49472.0,17.0,0.03,0.81,1000.0,1327.0,9.0,1730.0,17.0,0.94,SB,,,,,,,,,,,,,,,,,
SONACOMS,,,,,,12.1,,,,,,,,,,,,,RESISTANCE,Resistance_25AUG26_Scan_30_7_2026 (3).xlsx,736.8,1.67,8782.0,106.0,1.22,0.52,730.0,414.0,91.0,76.0,23.0,0.93,LB,,,,,,,,,,,,,,,,,
TMPV,,,,,,1.2,,,,,,,,,,,,,RESISTANCE,Resistance_25AUG26_Scan_30_7_2026 (3).xlsx,333.0,0.36,48941.0,-29.0,-0.06,0.88,330.0,2148.0,51.0,1796.0,15.0,0.91,SC,,,,,,,,,,,,,,,,,
NYKAA,,,,,,2.5,,,,,,,,,,,,,RESISTANCE,Resistance_25AUG26_Scan_30_7_2026 (3).xlsx,331.9,0.76,13941.0,11.0,0.08,0.63,330.0,418.0,98.0,123.0,6.0,0.58,LB,,,,,,,,,,,,,,,,,
SUNPHARMA,,,,,,15.5,,,,,,,,,,,,,RESISTANCE,Resistance_25AUG26_Scan_30_7_2026 (3).xlsx,2011.4,0.78,40102.0,158.0,0.4,0.77,2000.0,3174.0,-262.0,973.0,160.0,0.57,LB,,,,,,,,,,,,,,,,,
ALKEM,,,,,,136.5,,,,,,,,,,,,,RESISTANCE,Resistance_25AUG26_Scan_30_7_2026 (3).xlsx,5832.5,2.4,11100.0,156.0,1.43,0.28,5800.0,810.0,794.0,38.0,34.0,0.56,LB,,,,,,,,,,,,,,,,,
ULTRACEMCO,,,,,,-229.0,,,,,,,,,,,,,RESISTANCE,Resistance_25AUG26_Scan_30_7_2026 (3).xlsx,11824.0,-1.9,35136.0,-58.0,-0.16,0.57,11760.0,1305.0,1305.0,773.0,773.0,0.54,LU,,,,,,,,,,,,,,,,,
INDHOTEL,,,,,,3.35,,,,,,,,,,,,,RESISTANCE,Resistance_25AUG26_Scan_30_7_2026 (3).xlsx,743.75,0.45,21487.0,11.0,0.05,0.78,740.0,613.0,100.0,160.0,9.0,0.51,LB,,,,,,,,,,,,,,,,,
NIFTYNXT50,,,,,,141.8,,,,,,,,,,,,,RESISTANCE,Resistance_25AUG26_Scan_30_7_2026 (3).xlsx,72800.0,0.2,636.0,6.0,0.95,2.2,72500.0,10.0,1.0,14.0,0.0,0.41,LB,,,,,,,,,,,,,,,,,
MPHASIS,,,,,,38.0,,,,,,,,,,,,,RESISTANCE,Resistance_25AUG26_Scan_30_7_2026 (3).xlsx,2409.0,1.6,15658.0,286.0,1.86,0.69,2400.0,695.0,38.0,327.0,110.0,0.38,LB,,,,,,,,,,,,,,,,,
AUROPHARMA,,,,,,5.4,,,,,,,,,,,,,RESISTANCE,Resistance_25AUG26_Scan_30_7_2026 (3).xlsx,1605.0,0.34,18139.0,134.0,0.74,0.63,1600.0,1187.0,17.0,189.0,54.0,0.31,LB,,,,,,,,,,,,,,,,,
PETRONET,,,,,,2.65,,,,,,,,,,,,,RESISTANCE,Resistance_25AUG26_Scan_30_7_2026 (3).xlsx,280.8,0.95,16607.0,45.0,0.27,1.19,280.0,1072.0,48.0,678.0,18.0,0.29,LB,,,,,,,,,,,,,,,,,
JINDALSTEL,,,,,,8.5,,,,,,,,,,,,,RESISTANCE,Resistance_25AUG26_Scan_30_7_2026 (3).xlsx,1102.8,0.78,20480.0,-1.0,0.0,0.85,1100.0,1151.0,-81.0,956.0,-14.0,0.25,-,,,,,,,,,,,,,,,,,
LTM,,,,,,79.5,,,,,,,,,,,,,RESISTANCE,Resistance_25AUG26_Scan_30_7_2026 (3).xlsx,4510.3,1.79,19213.0,52.0,0.27,0.77,4500.0,645.0,83.0,173.0,47.0,0.23,LB,,,,,,,,,,,,,,,,,
FINNIFTY,,,,,,-96.2,,,,,,,,,,,,,RESISTANCE,Resistance_25AUG26_Scan_30_7_2026 (3).xlsx,26250.2,-0.37,456.0,5.0,1.11,1.11,26200.0,370.0,16.0,394.0,4.0,0.19,SB,,,,,,,,,,,,,,,,,
SUPREMEIND,,,,,,3.0,,,,,,,,,,,,,RESISTANCE,Resistance_25AUG26_Scan_30_7_2026 (3).xlsx,3504.0,0.09,13048.0,133.0,1.03,0.78,3500.0,941.0,-2.0,434.0,22.0,0.11,LB,,,,,,,,,,,,,,,,,
BAJAJ-AUTO,,,,,,109.5,,,,,,,,,,,,,RESISTANCE,Resistance_25AUG26_Scan_30_7_2026 (3).xlsx,11510.0,0.96,25600.0,223.0,0.88,1.37,11500.0,1931.0,-294.0,676.0,160.0,0.09,LB,,,,,,,,,,,,,,,,,
AMBER,,,,,,62.0,,,,,,,,,,,,,RESISTANCE,Resistance_25AUG26_Scan_30_7_2026 (3).xlsx,7506.0,0.83,12570.0,-55.0,-0.44,1.25,7500.0,1706.0,137.0,833.0,25.0,0.08,SC,,,,,,,,,,,,,,,,,
ONGC,,,,,,5.56,,,,,,,,,,,,,RESISTANCE,Resistance_25AUG26_Scan_30_7_2026 (3).xlsx,245.0,2.32,23762.0,-215.0,-0.9,0.66,245.0,2438.0,-25.0,348.0,45.0,0.0,SC,,,,,,,,,,,,,,,,,
HYUNDAI,,,,,,19.0,,,,,,,,,,,,,RESISTANCE,Resistance_25AUG26_Scan_30_7_2026 (3).xlsx,1999.2,0.96,14594.0,259.0,1.81,0.85,2000.0,1717.0,-73.0,671.0,88.0,-0.04,LB,,,,,,,,,,,,,,,,,
M&M,,,,,,58.9,,,,,,,,,,,,,RESISTANCE,Resistance_25AUG26_Scan_30_7_2026 (3).xlsx,3289.0,1.82,73952.0,544.0,0.74,0.88,3300.0,3223.0,-474.0,1016.0,25.0,-0.33,LB,,,,,,,,,,,,,,,,,
EICHERMOT,,,,,,24.5,,,,,,,,,,,,,RESISTANCE,Resistance_25AUG26_Scan_30_7_2026 (3).xlsx,7770.0,0.32,41193.0,1704.0,4.32,0.56,7800.0,4402.0,2268.0,1472.0,294.0,-0.38,LB,,,,,,,,,,,,,,,,,
ITC,,,,,,1.2,,,,,,,,,,,,,RESISTANCE,Resistance_25AUG26_Scan_30_7_2026 (3).xlsx,288.9,0.42,90706.0,49.0,0.05,0.75,290.0,6549.0,108.0,3292.0,17.0,-0.38,LB,,,,,,,,,,,,,,,,,
SENSEX,,,,,,-11.25,,,,,,,,,,,,,RESISTANCE,Resistance_25AUG26_Scan_30_7_2026 (3).xlsx,77693.75,-0.01,1270.0,16.0,1.28,1.64,78000.0,320804.0,230646.0,58035.0,43938.0,-0.39,SB,,,,,,,,,,,,,,,,,
OIL,,,,,,12.5,,,,,,,,,,,,,RESISTANCE,Resistance_25AUG26_Scan_30_7_2026 (3).xlsx,458.05,2.81,11506.0,25.0,0.22,0.68,460.0,471.0,170.0,0.0,,-0.42,LB,,,,,,,,,,,,,,,,,
POLYCAB,,,,,,-139.0,,,,,,,,,,,,,RESISTANCE,Resistance_25AUG26_Scan_30_7_2026 (3).xlsx,8962.0,-1.53,18862.0,224.0,1.2,0.58,9000.0,1327.0,196.0,1088.0,-9.0,-0.42,SB,,,,,,,,,,,,,,,,,
TVSMOTOR,,,,,,92.4,,,,,,,,,,,,,RESISTANCE,Resistance_25AUG26_Scan_30_7_2026 (3).xlsx,4180.3,2.26,63403.0,1009.0,1.62,0.75,4200.0,1493.0,294.0,275.0,152.0,-0.47,LB,,,,,,,,,,,,,,,,,
RADICO,,,,,,98.0,,,,,,,,,,,,,RESISTANCE,Resistance_25AUG26_Scan_30_7_2026 (3).xlsx,4478.0,2.24,5201.0,85.0,1.66,0.58,4500.0,655.0,33.0,10.0,5.0,-0.49,LB,,,,,,,,,,,,,,,,,
COCHINSHIP,,,,,,-11.5,,,,,,,,,,,,,RESISTANCE,Resistance_25AUG26_Scan_30_7_2026 (3).xlsx,1392.8,-0.82,14389.0,94.0,0.66,0.72,1400.0,1298.0,58.0,686.0,1.0,-0.51,SB,,,,,,,,,,,,,,,,,
HEROMOTOCO,,,,,,205.7,,,,,,,,,,,,,RESISTANCE,Resistance_25AUG26_Scan_30_7_2026 (3).xlsx,5372.0,3.98,32241.0,249.0,0.78,0.68,5400.0,1687.0,504.0,280.0,154.0,-0.52,LB,,,,,,,,,,,,,,,,,
NATIONALUM,,,,,,0.9,,,,,,,,,,,,,RESISTANCE,Resistance_25AUG26_Scan_30_7_2026 (3).xlsx,347.95,0.26,23432.0,39.0,0.17,0.78,350.0,2544.0,36.0,843.0,4.0,-0.59,LB,,,,,,,,,,,,,,,,,
POLICYBZR,,,,,,-26.6,,,,,,,,,,,,,RESISTANCE,Resistance_25AUG26_Scan_30_7_2026 (3).xlsx,1590.5,-1.64,26694.0,22.0,0.08,0.87,1600.0,783.0,9.0,721.0,-6.0,-0.59,SB,,,,,,,,,,,,,,,,,
SHRIRAMFIN,,,,,,-14.3,,,,,,,,,,,,,RESISTANCE,Resistance_25AUG26_Scan_30_7_2026 (3).xlsx,1033.3,-1.37,33147.0,379.0,1.16,0.51,1040.0,1933.0,63.0,646.0,-34.0,-0.64,SB,,,,,,,,,,,,,,,,,
ABCAPITAL,,,,,,-3.5,,,,,,,,,,,,,RESISTANCE,Resistance_25AUG26_Scan_30_7_2026 (3).xlsx,396.6,-0.87,10982.0,38.0,0.35,0.85,400.0,448.0,8.0,310.0,-7.0,-0.85,SB,,,,,,,,,,,,,,,,,
INDIGO,,,,,,-42.0,,,,,,,,,,,,,RESISTANCE,Resistance_25AUG26_Scan_30_7_2026 (3).xlsx,5252.0,-0.79,37602.0,103.0,0.27,1.05,5300.0,1441.0,137.0,560.0,27.0,-0.91,SB,,,,,,,,,,,,,,,,,
OBEROIRLTY,,,,,,-16.9,,,,,,,,,,,,,RESISTANCE,Resistance_25AUG26_Scan_30_7_2026 (3).xlsx,1823.0,-0.92,15719.0,39.0,0.25,0.51,1840.0,955.0,48.0,392.0,-2.0,-0.92,SB,,,,,,,,,,,,,,,,,
BHARATFORG,,,,,,0.0,,,,,,,,,,,,,RESISTANCE,Resistance_25AUG26_Scan_30_7_2026 (3).xlsx,2177.9,0.0,15106.0,54.0,0.36,0.88,2200.0,550.0,16.0,266.0,1.0,-1.0,-,,,,,,,,,,,,,,,,,
CHOLAFIN,,,,,,-31.0,,,,,,,,,,,,,RESISTANCE,Resistance_25AUG26_Scan_30_7_2026 (3).xlsx,1782.0,-1.71,20229.0,-46.0,-0.23,0.54,1800.0,1010.0,72.0,447.0,-24.0,-1.0,LU,,,,,,,,,,,,,,,,,
LAURUSLABS,,,,,,-3.9,,,,,,,,,,,,,RESISTANCE,Resistance_25AUG26_Scan_30_7_2026 (3).xlsx,1781.4,-0.22,19782.0,217.0,1.11,0.85,1800.0,1744.0,94.0,504.0,45.0,-1.03,SB,,,,,,,,,,,,,,,,,
RELIANCE,,,,,,3.0,,,,,,,,,,,,,RESISTANCE,Resistance_25AUG26_Scan_30_7_2026 (3).xlsx,1286.4,0.23,211312.0,-58.0,-0.03,0.81,1300.0,20895.0,81.0,10214.0,25.0,-1.05,SC,,,,,,,,,,,,,,,,,
FEDERALBNK,,,,,,-2.85,,,,,,,,,,,,,RESISTANCE,Resistance_25AUG26_Scan_30_7_2026 (3).xlsx,356.15,-0.79,34668.0,-72.0,-0.21,0.92,360.0,900.0,44.0,628.0,-12.0,-1.07,LU,,,,,,,,,,,,,,,,,
JIOFIN,,,,,,-3.45,,,,,,,,,,,,,RESISTANCE,Resistance_25AUG26_Scan_30_7_2026 (3).xlsx,247.23,-1.38,72500.0,667.0,0.93,0.64,250.0,4956.0,522.0,1840.0,140.0,-1.11,SB,,,,,,,,,,,,,,,,,
TCS,,,,,,29.6,,,,,,,,,,,,,RESISTANCE,Resistance_25AUG26_Scan_30_7_2026 (3).xlsx,2472.0,1.21,149493.0,99.0,0.07,1.01,2500.0,4691.0,351.0,1045.0,157.0,-1.12,LB,,,,,,,,,,,,,,,,,
VMM,,,,,,-0.09,,,,,,,,,,,,,RESISTANCE,Resistance_25AUG26_Scan_30_7_2026 (3).xlsx,108.77,-0.08,8749.0,26.0,0.3,0.55,110.0,639.0,20.0,321.0,0.0,-1.12,SB,,,,,,,,,,,,,,,,,
ASHOKLEY,,,,,,-0.47,,,,,,,,,,,,,RESISTANCE,Resistance_25AUG26_Scan_30_7_2026 (3).xlsx,158.17,-0.3,28911.0,163.0,0.57,1.01,160.0,1427.0,-1.0,954.0,-2.0,-1.14,SB,,,,,,,,,,,,,,,,,
MARUTI,,,,,,1.0,,,,,,,,,,,,,RESISTANCE,Resistance_25AUG26_Scan_30_7_2026 (3).xlsx,13840.0,0.01,44125.0,649.0,1.49,0.83,14000.0,4021.0,70.0,877.0,34.0,-1.14,LB,,,,,,,,,,,,,,,,,
TORNTPHARM,,,,,,39.2,,,,,,,,,,,,,RESISTANCE,Resistance_25AUG26_Scan_30_7_2026 (3).xlsx,4942.6,0.8,33717.0,-141.0,-0.42,0.68,5000.0,1421.0,-109.0,561.0,0.0,-1.15,SC,,,,,,,,,,,,,,,,,
PGEL,,,,,,-3.8,,,,,,,,,,,,,RESISTANCE,Resistance_25AUG26_Scan_30_7_2026 (3).xlsx,612.7,-0.62,11034.0,80.0,0.73,0.75,620.0,944.0,0.0,72.0,19.0,-1.18,SB,,,,,,,,,,,,,,,,,
IRFC,,,,,,-0.67,,,,,,,,,,,,,RESISTANCE,Resistance_25AUG26_Scan_30_7_2026 (3).xlsx,88.89,-0.75,14996.0,138.0,0.93,0.8,90.0,2291.0,131.0,2131.0,7.0,-1.23,SB,,,,,,,,,,,,,,,,,
NTPC,,,,,,0.1,,,,,,,,,,,,,RESISTANCE,Resistance_25AUG26_Scan_30_7_2026 (3).xlsx,345.65,0.03,67080.0,36.0,0.05,0.87,350.0,2780.0,401.0,1082.0,30.0,-1.24,LB,,,,,,,,,,,,,,,,,
UNOMINDA,,,,,,9.7,,,,,,,,,,,,,RESISTANCE,Resistance_25AUG26_Scan_30_7_2026 (3).xlsx,1185.0,0.83,8078.0,-61.0,-0.75,0.76,1200.0,659.0,-46.0,0.0,,-1.25,SC,,,,,,,,,,,,,,,,,
LUPIN,,,,,,4.1,,,,,,,,,,,,,RESISTANCE,Resistance_25AUG26_Scan_30_7_2026 (3).xlsx,2466.0,0.17,13329.0,-8.0,-0.06,0.68,2500.0,1034.0,85.0,136.0,54.0,-1.36,SC,,,,,,,,,,,,,,,,,
CIPLA,,,,,,-3.7,,,,,,,,,,,,,RESISTANCE,Resistance_25AUG26_Scan_30_7_2026 (3).xlsx,1479.1,-0.25,23199.0,-19.0,-0.08,0.88,1500.0,1818.0,-10.0,299.0,29.0,-1.39,LU,,,,,,,,,,,,,,,,,
BLUESTARCO,,,,,,-4.9,,,,,,,,,,,,,RESISTANCE,Resistance_25AUG26_Scan_30_7_2026 (3).xlsx,1676.1,-0.29,9587.0,-8.0,-0.08,0.94,1700.0,326.0,29.0,76.0,9.0,-1.41,LU,,,,,,,,,,,,,,,,,
BHEL,,,,,,-3.2,,,,,,,,,,,,,RESISTANCE,Resistance_25AUG26_Scan_30_7_2026 (3).xlsx,404.05,-0.79,30908.0,52.0,0.17,0.56,410.0,1690.0,65.0,571.0,-3.0,-1.45,SB,,,,,,,,,,,,,,,,,
ICICIPRULI,,,,,,-0.95,,,,,,,,,,,,,RESISTANCE,Resistance_25AUG26_Scan_30_7_2026 (3).xlsx,512.35,-0.19,20740.0,0.0,0.0,0.73,520.0,592.0,17.0,166.0,3.0,-1.47,-,,,,,,,,,,,,,,,,,
INDUSTOWER,,,,,,5.25,,,,,,,,,,,,,RESISTANCE,Resistance_25AUG26_Scan_30_7_2026 (3).xlsx,393.8,1.35,53862.0,-25.0,-0.05,0.51,400.0,2429.0,209.0,614.0,6.0,-1.55,SC,,,,,,,,,,,,,,,,,
HINDPETRO,,,,,,-1.5,,,,,,,,,,,,,RESISTANCE,Resistance_25AUG26_Scan_30_7_2026 (3).xlsx,393.6,-0.38,20815.0,92.0,0.44,0.88,400.0,1124.0,35.0,668.0,-17.0,-1.6,SB,,,,,,,,,,,,,,,,,
BANKNIFTY,,,,,,-285.0,,,,,,,,,,,,,RESISTANCE,Resistance_25AUG26_Scan_30_7_2026 (3).xlsx,57059.4,-0.5,70689.0,1164.0,1.67,0.87,58000.0,69419.0,1045.0,43796.0,15.0,-1.62,SB,,,,,,,,,,,,,,,,,
MARICO,,,,,,5.5,,,,,,,,,,,,,RESISTANCE,Resistance_25AUG26_Scan_30_7_2026 (3).xlsx,885.0,0.63,12144.0,138.0,1.15,0.52,900.0,660.0,-70.0,117.0,14.0,-1.67,LB,,,,,,,,,,,,,,,,,
ADANIGREEN,,,,,,-6.4,,,,,,,,,,,,,RESISTANCE,Resistance_25AUG26_Scan_30_7_2026 (3).xlsx,1375.4,-0.46,44051.0,307.0,0.7,0.57,1400.0,4083.0,178.0,1566.0,-13.0,-1.76,SB,,,,,,,,,,,,,,,,,
MUTHOOTFIN,,,,,,8.9,,,,,,,,,,,,,RESISTANCE,Resistance_25AUG26_Scan_30_7_2026 (3).xlsx,3045.0,0.29,25587.0,89.0,0.35,0.62,3100.0,1605.0,168.0,251.0,3.0,-1.77,LB,,,,,,,,,,,,,,,,,
LT,,,,,,-18.1,,,,,,,,,,,,,RESISTANCE,Resistance_25AUG26_Scan_30_7_2026 (3).xlsx,3927.0,-0.46,68828.0,121.0,0.18,0.76,4000.0,8449.0,196.0,2824.0,25.0,-1.83,SB,,,,,,,,,,,,,,,,,
LICI,,,,,,0.2,,,,,,,,,,,,,RESISTANCE,Resistance_25AUG26_Scan_30_7_2026 (3).xlsx,422.0,0.05,13047.0,23.0,0.18,0.5,430.0,1178.0,30.0,242.0,0.0,-1.86,LB,,,,,,,,,,,,,,,,,
DIXON,,,,,,132.0,,,,,,,,,,,,,RESISTANCE,Resistance_25AUG26_Scan_30_7_2026 (3).xlsx,14226.0,0.94,45446.0,134.0,0.3,0.83,14500.0,3454.0,348.0,1672.0,13.0,-1.89,LB,,,,,,,,,,,,,,,,,
HDFCAMC,,,,,,-4.6,,,,,,,,,,,,,RESISTANCE,Resistance_25AUG26_Scan_30_7_2026 (3).xlsx,2550.9,-0.18,20336.0,-44.0,-0.22,0.79,2600.0,1015.0,9.0,554.0,-4.0,-1.89,LU,,,,,,,,,,,,,,,,,
ICICIBANK,,,,,,-8.5,,,,,,,,,,,,,RESISTANCE,Resistance_25AUG26_Scan_30_7_2026 (3).xlsx,1422.6,-0.59,152109.0,21.0,0.01,0.62,1450.0,3582.0,109.0,1518.0,35.0,-1.89,SB,,,,,,,,,,,,,,,,,
SHREECEM,,,,,,-110.0,,,,,,,,,,,,,RESISTANCE,Resistance_25AUG26_Scan_30_7_2026 (3).xlsx,26485.0,-0.41,12890.0,62.0,0.48,1.1,27000.0,285.0,44.0,164.0,-8.0,-1.91,SB,,,,,,,,,,,,,,,,,
HINDZINC,,,,,,-1.45,,,,,,,,,,,,,RESISTANCE,Resistance_25AUG26_Scan_30_7_2026 (3).xlsx,539.1,-0.27,23435.0,38.0,0.16,0.69,550.0,2059.0,40.0,696.0,7.0,-1.98,SB,,,,,,,,,,,,,,,,,
BHARTIARTL,,,,,,3.0,,,,,,,,,,,,,RESISTANCE,Resistance_25AUG26_Scan_30_7_2026 (3).xlsx,1959.7,0.15,121645.0,82.0,0.07,0.83,2000.0,2536.0,189.0,515.0,-2.0,-2.02,LB,,,,,,,,,,,,,,,,,
GLENMARK,,,,,,-19.4,,,,,,,,,,,,,RESISTANCE,Resistance_25AUG26_Scan_30_7_2026 (3).xlsx,2253.4,-0.85,30927.0,10.0,0.03,0.88,2300.0,1123.0,53.0,317.0,9.0,-2.03,SB,,,,,,,,,,,,,,,,,
HCLTECH,,,,,,24.2,,,,,,,,,,,,,RESISTANCE,Resistance_25AUG26_Scan_30_7_2026 (3).xlsx,1371.6,1.8,68074.0,132.0,0.19,0.9,1400.0,1004.0,70.0,279.0,3.0,-2.03,LB,,,,,,,,,,,,,,,,,
GAIL,,,,,,0.18,,,,,,,,,,,,,RESISTANCE,Resistance_25AUG26_Scan_30_7_2026 (3).xlsx,176.33,0.1,22204.0,75.0,0.34,0.66,180.0,1901.0,87.0,283.0,8.0,-2.04,LB,,,,,,,,,,,,,,,,,
BOSCHLTD,,,,,,250.0,,,,,,,,,,,,,RESISTANCE,Resistance_25AUG26_Scan_30_7_2026 (3).xlsx,41140.0,0.61,8208.0,17.0,0.21,1.41,42000.0,427.0,-27.0,207.0,0.0,-2.05,LB,,,,,,,,,,,,,,,,,
ADANIENSOL,,,,,,-8.2,,,,,,,,,,,,,RESISTANCE,Resistance_25AUG26_Scan_30_7_2026 (3).xlsx,1664.6,-0.49,28515.0,140.0,0.49,0.59,1700.0,1301.0,21.0,542.0,-4.0,-2.08,SB,,,,,,,,,,,,,,,,,
POWERGRID,,,,,,0.25,,,,,,,,,,,,,RESISTANCE,Resistance_25AUG26_Scan_30_7_2026 (3).xlsx,283.95,0.09,22730.0,38.0,0.17,0.97,290.0,2055.0,4.0,991.0,-5.0,-2.09,LB,,,,,,,,,,,,,,,,,
DMART,,,,,,62.9,,,,,,,,,,,,,RESISTANCE,Resistance_25AUG26_Scan_30_7_2026 (3).xlsx,3915.8,1.63,34197.0,-143.0,-0.42,0.71,4000.0,1784.0,-225.0,937.0,45.0,-2.11,SC,,,,,,,,,,,,,,,,,
IREDA,,,,,,-1.83,,,,,,,,,,,,,RESISTANCE,Resistance_25AUG26_Scan_30_7_2026 (3).xlsx,117.34,-1.54,14142.0,121.0,0.86,1.05,120.0,942.0,-8.0,981.0,-11.0,-2.22,SB,,,,,,,,,,,,,,,,,
INDIANB,,,,,,-1.55,,,,,,,,,,,,,RESISTANCE,Resistance_25AUG26_Scan_30_7_2026 (3).xlsx,830.5,-0.19,12415.0,39.0,0.32,1.0,850.0,538.0,42.0,250.0,0.0,-2.29,SB,,,,,,,,,,,,,,,,,
BRITANNIA,,,,,,18.5,,,,,,,,,,,,,RESISTANCE,Resistance_25AUG26_Scan_30_7_2026 (3).xlsx,5465.5,0.34,16417.0,17.0,0.1,0.53,5600.0,1801.0,-10.0,123.0,0.0,-2.4,LB,,,,,,,,,,,,,,,,,
GODREJCP,,,,,,-1.1,,,,,,,,,,,,,RESISTANCE,Resistance_25AUG26_Scan_30_7_2026 (3).xlsx,1073.5,-0.1,20422.0,61.0,0.3,0.68,1100.0,382.0,9.0,81.0,0.0,-2.41,SB,,,,,,,,,,,,,,,,,
HDFCLIFE,,,,,,-3.8,,,,,,,,,,,,,RESISTANCE,Resistance_25AUG26_Scan_30_7_2026 (3).xlsx,556.0,-0.68,37561.0,78.0,0.21,0.56,570.0,2775.0,25.0,189.0,3.0,-2.46,SB,,,,,,,,,,,,,,,,,
PAGEIND,,,,,,745.0,,,,,,,,,,,,,RESISTANCE,Resistance_25AUG26_Scan_30_7_2026 (3).xlsx,40960.0,1.85,11889.0,146.0,1.24,0.44,42000.0,610.0,494.0,0.0,,-2.48,LB,,,,,,,,,,,,,,,,,
GODFRYPHLP,,,,,,-4.0,,,,,,,,,,,,,RESISTANCE,Resistance_25AUG26_Scan_30_7_2026 (3).xlsx,2047.1,-0.2,6938.0,-29.0,-0.42,0.62,2100.0,804.0,20.0,425.0,3.0,-2.52,LU,,,,,,,,,,,,,,,,,
PNB,,,,,,0.28,,,,,,,,,,,,,RESISTANCE,Resistance_25AUG26_Scan_30_7_2026 (3).xlsx,112.05,0.25,36690.0,15.0,0.04,0.84,115.0,1338.0,55.0,308.0,23.0,-2.57,LB,,,,,,,,,,,,,,,,,
ASTRAL,,,,,,-1.0,,,,,,,,,,,,,RESISTANCE,Resistance_25AUG26_Scan_30_7_2026 (3).xlsx,1461.0,-0.07,16712.0,258.0,1.57,0.69,1500.0,773.0,313.0,326.0,15.0,-2.6,SB,,,,,,,,,,,,,,,,,
KEI,,,,,,-89.0,,,,,,,,,,,,,RESISTANCE,Resistance_25AUG26_Scan_30_7_2026 (3).xlsx,4771.0,-1.83,11637.0,80.0,0.69,0.62,4900.0,410.0,77.0,160.0,2.0,-2.63,SB,,,,,,,,,,,,,,,,,
KOTAKBANK,,,,,,-2.15,,,,,,,,,,,,,RESISTANCE,Resistance_25AUG26_Scan_30_7_2026 (3).xlsx,389.3,-0.55,89807.0,-9.0,-0.01,0.71,400.0,3077.0,113.0,701.0,18.0,-2.68,LU,,,,,,,,,,,,,,,,,
SBIN,,,,,,1.2,,,,,,,,,,,,,RESISTANCE,Resistance_25AUG26_Scan_30_7_2026 (3).xlsx,1021.0,0.12,107882.0,62.0,0.06,1.0,1050.0,4611.0,101.0,2354.0,-1.0,-2.76,LB,,,,,,,,,,,,,,,,,
TITAN,,,,,,-1.3,,,,,,,,,,,,,RESISTANCE,Resistance_25AUG26_Scan_30_7_2026 (3).xlsx,4861.2,-0.03,32867.0,174.0,0.53,0.81,5000.0,1364.0,17.0,183.0,2.0,-2.78,SB,,,,,,,,,,,,,,,,,
FOCIT,,,,,,672.0,,,,,,,,,,,,,RESISTANCE,Resistance_25AUG26_Scan_30_7_2026 (3).xlsx,37873.0,1.81,178.0,16.0,9.88,1.18,39000.0,1136.0,855.0,0.0,,-2.89,LB,,,,,,,,,,,,,,,,,
GRASIM,,,,,,-12.0,,,,,,,,,,,,,RESISTANCE,Resistance_25AUG26_Scan_30_7_2026 (3).xlsx,3107.6,-0.38,47742.0,51.0,0.11,0.68,3200.0,926.0,20.0,0.0,,-2.89,SB,,,,,,,,,,,,,,,,,
ASIANPAINT,,,,,,-51.7,,,,,,,,,,,,,RESISTANCE,Resistance_25AUG26_Scan_30_7_2026 (3).xlsx,2718.3,-1.87,32283.0,876.0,2.79,0.53,2800.0,4883.0,1017.0,1230.0,-102.0,-2.92,SB,,,,,,,,,,,,,,,,,
RVNL,,,,,,-2.2,,,,,,,,,,,,,RESISTANCE,Resistance_25AUG26_Scan_30_7_2026 (3).xlsx,223.25,-0.98,18065.0,23.0,0.13,0.82,230.0,1330.0,362.0,348.0,3.0,-2.93,SB,,,,,,,,,,,,,,,,,
BANKBARODA,,,,,,-2.3,,,,,,,,,,,,,RESISTANCE,Resistance_25AUG26_Scan_30_7_2026 (3).xlsx,242.55,-0.94,44693.0,107.0,0.24,1.03,250.0,2848.0,47.0,1415.0,-1.0,-2.98,SB,,,,,,,,,,,,,,,,,
NAM-INDIA,,,,,,5.4,,,,,,,,,,,,,RESISTANCE,Resistance_25AUG26_Scan_30_7_2026 (3).xlsx,1164.1,0.47,11267.0,55.0,0.49,0.64,1200.0,192.0,1.0,7.0,0.0,-2.99,LB,,,,,,,,,,,,,,,,,
,,,,,,,,,,,,,,,,,,,UNKNOWN,Sector_Summary_25AUG26_Report_30_7_2026 (1).xlsx,,,,,,,,,,,,,,CRUDE OIL & NATURAL GAS,2 / 0 / 0,2.57,-63.12,-0.28,8.76,SC,197.0,301.0,104.0,-2.38,,,,,,
,,,,,,,,,,,,,,,,,,,UNKNOWN,Sector_Summary_25AUG26_Report_30_7_2026 (1).xlsx,,,,,,,,,,,,,,READYMADE GARMENTS/ APPARELLS,1 / 0 / 0,1.85,-43.03,1.22,0.86,LB,565.0,37.0,-528.0,-26.24,,,,,,
,,,,,,,,,,,,,,,,,,,UNKNOWN,Sector_Summary_25AUG26_Report_30_7_2026 (1).xlsx,,,,,,,,,,,,,,ALCOHOLIC BEVERAGES,2 / 0 / 0,1.84,-86.75,1.01,1.45,LB,-10.0,149.0,158.0,1.72,,,,,,
,,,,,,,,,,,,,,,,,,,UNKNOWN,Sector_Summary_25AUG26_Report_30_7_2026 (1).xlsx,,,,,,,,,,,,,,TELECOM EQUIPMENT & INFRA SERVICES,1 / 0 / 0,1.35,-59.71,0.01,4.23,LB,1062.0,870.0,-192.0,-1.21,,,,,,
,,,,,,,,,,,,,,,,,,,UNKNOWN,Sector_Summary_25AUG26_Report_30_7_2026 (1).xlsx,,,,,,,,,,,,,,AUTOMOBILE,9 / 1 / 0,1.14,-49.28,1.06,5.72,LB,1472.0,1201.0,-270.0,-0.55,,,,,,
,,,,,,,,,,,,,,,,,,,UNKNOWN,Sector_Summary_25AUG26_Report_30_7_2026 (1).xlsx,,,,,,,,,,,,,,AUTO ANCILLARIES,4 / 0 / 0,1.01,-68.5,0.25,1.09,LB,105.0,40.0,-65.0,-1.74,,,,,,
,,,,,,,,,,,,,,,,,,,UNKNOWN,Sector_Summary_25AUG26_Report_30_7_2026 (1).xlsx,,,,,,,,,,,,,,IT - SOFTWARE,10 / 2 / 0,0.84,-74.37,0.91,3.18,LB,938.0,1014.0,76.0,-0.69,,,,,,
,,,,,,,,,,,,,,,,,,,UNKNOWN,Sector_Summary_25AUG26_Report_30_7_2026 (1).xlsx,,,,,,,,,,,,,,"DIAMOND, GEMS AND JEWELLERY",1 / 1 / 0,0.63,-82.77,0.07,6.47,LB,669.0,403.0,-266.0,-0.99,,,,,,
,,,,,,,,,,,,,,,,,,,UNKNOWN,Sector_Summary_25AUG26_Report_30_7_2026 (1).xlsx,,,,,,,,,,,,,,RETAIL,2 / 1 / 0,0.59,-80.56,0.03,4.96,LB,-245.0,58.0,303.0,0.68,,,,,,
,,,,,,,,,,,,,,,,,,,UNKNOWN,Sector_Summary_25AUG26_Report_30_7_2026 (1).xlsx,,,,,,,,,,,,,,GAS DISTRIBUTION,2 / 0 / 0,0.53,-74.26,0.33,-,LB,143.0,72.0,-71.0,-0.85,,,,,,
,,,,,,,,,,,,,,,,,,,UNKNOWN,Sector_Summary_25AUG26_Report_30_7_2026 (1).xlsx,,,,,,,,,,,,,,HOTELS & RESTAURANTS,1 / 0 / 0,0.45,-74.88,0.04,-,LB,129.0,48.0,-81.0,-1.59,,,,,,
,,,,,,,,,,,,,,,,,,,UNKNOWN,Sector_Summary_25AUG26_Report_30_7_2026 (1).xlsx,,,,,,,,,,,,,,HEALTHCARE,3 / 0 / 0,0.29,-82.3,0.16,8.33,LB,549.0,354.0,-195.0,-4.13,,,,,,
,,,,,,,,,,,,,,,,,,,UNKNOWN,Sector_Summary_25AUG26_Report_30_7_2026 (1).xlsx,,,,,,,,,,,,,,PHARMACEUTICALS,8 / 5 / 0,0.26,-71.06,0.39,6.45,LB,261.0,196.0,-65.0,-3.52,,,,,,
,,,,,,,,,,,,,,,,,,,UNKNOWN,Sector_Summary_25AUG26_Report_30_7_2026 (1).xlsx,,,,,,,,,,,,,,MINING & MINERAL PRODUCTS,1 / 1 / 0,0.21,-88.17,0.04,8.39,LB,337.0,-2.0,-338.0,-1.39,,,,,,
,,,,,,,,,,,,,,,,,,,UNKNOWN,Sector_Summary_25AUG26_Report_30_7_2026 (1).xlsx,,,,,,,,,,,,,,TELECOM-SERVICE,2 / 0 / 0,0.12,-82.68,0.11,1.46,LB,796.0,588.0,-208.0,-0.87,,,,,,
,,,,,,,,,,,,,,,,,,,UNKNOWN,Sector_Summary_25AUG26_Report_30_7_2026 (1).xlsx,,,,,,,,,,,,,,TOBACCO PRODUCTS,1 / 1 / 0,0.11,-89.24,-0.17,8.97,SB,-23.0,395.0,418.0,0.65,,,,,,
,,,,,,,,,,,,,,,,,,,UNKNOWN,Sector_Summary_25AUG26_Report_30_7_2026 (1).xlsx,,,,,,,,,,,,,,NIFTY,26 / 23 / 0,0.11,-79.0,0.42,9.84,SB,1089.0,707.0,-383.0,-1.25,,,,,,
,,,,,,,,,,,,,,,,,,,UNKNOWN,Sector_Summary_25AUG26_Report_30_7_2026 (1).xlsx,,,,,,,,,,,,,,NON FERROUS METALS,3 / 1 / 0,0.08,-78.57,0.23,4.19,LB,366.0,186.0,-180.0,-0.83,,,,,,
,,,,,,,,,,,,,,,,,,,UNKNOWN,Sector_Summary_25AUG26_Report_30_7_2026 (1).xlsx,,,,,,,,,,,,,,STEEL,1 / 3 / 0,0.04,-89.55,0.06,7.55,LB,146.0,24.0,-122.0,0.08,,,,,,
,,,,,,,,,,,,,,,,,,,UNKNOWN,Sector_Summary_25AUG26_Report_30_7_2026 (1).xlsx,,,,,,,,,,,,,,PLASTIC PRODUCTS,1 / 1 / 0,0.01,-63.34,1.37,1.57,LB,422.0,59.0,-364.0,-6.17,,,,,,
,,,,,,,,,,,,,,,,,,,UNKNOWN,Sector_Summary_25AUG26_Report_30_7_2026 (1).xlsx,,,,,,,,,,,,,,REFINERIES,2 / 2 / 0,-0.03,-81.3,0.28,6.33,LB,373.0,184.0,-189.0,-0.56,,,,,,
,,,,,,,,,,,,,,,,,,,UNKNOWN,Sector_Summary_25AUG26_Report_30_7_2026 (1).xlsx,,,,,,,,,,,,,,FMCG,6 / 4 / 0,-0.15,-73.38,1.38,5.93,SB,455.0,268.0,-187.0,-0.87,,,,,,
,,,,,,,,,,,,,,,,,,,UNKNOWN,Sector_Summary_25AUG26_Report_30_7_2026 (1).xlsx,,,,,,,,,,,,,,CONSUMER DURABLES,3 / 5 / 0,-0.18,-80.43,0.64,2.37,LB,227.0,238.0,11.0,0.32,,,,,,
,,,,,,,,,,,,,,,,,,,UNKNOWN,Sector_Summary_25AUG26_Report_30_7_2026 (1).xlsx,,,,,,,,,,,,,,E-COMMERCE/APP BASED AGGREGATOR,3 / 3 / 0,-0.18,-84.27,0.41,4.28,SB,159.0,55.0,-104.0,-1.96,,,,,,
,,,,,,,,,,,,,,,,,,,UNKNOWN,Sector_Summary_25AUG26_Report_30_7_2026 (1).xlsx,,,,,,,,,,,,,,POWER GENERATION & DISTRIBUTION,3 / 5 / 0,-0.21,-83.07,0.38,9.64,SB,225.0,110.0,-115.0,-0.65,,,,,,
,,,,,,,,,,,,,,,,,,,UNKNOWN,Sector_Summary_25AUG26_Report_30_7_2026 (1).xlsx,,,,,,,,,,,,,,LOGISTICS,0 / 2 / 0,-0.3,-88.43,0.33,1.95,SB,121.0,5.0,-117.0,-1.62,,,,,,
,,,,,,,,,,,,,,,,,,,UNKNOWN,Sector_Summary_25AUG26_Report_30_7_2026 (1).xlsx,,,,,,,,,,,,,,INSURANCE,2 / 3 / 0,-0.35,-83.98,0.25,5.1,SB,179.0,57.0,-132.0,-1.33,,,,,,
,,,,,,,,,,,,,,,,,,,UNKNOWN,Sector_Summary_25AUG26_Report_30_7_2026 (1).xlsx,,,,,,,,,,,,,,TEXTILES,0 / 1 / 0,-0.38,-90.59,0.11,1.14,SB,37.0,11.0,-26.0,-0.53,,,,,,
,,,,,,,,,,,,,,,,,,,UNKNOWN,Sector_Summary_25AUG26_Report_30_7_2026 (1).xlsx,,,,,,,,,,,,,,CHEMICALS,0 / 2 / 0,-0.39,-84.51,0.05,-,SB,177.0,24.0,-153.0,-1.9,,,,,,
,,,,,,,,,,,,,,,,,,,UNKNOWN,Sector_Summary_25AUG26_Report_30_7_2026 (1).xlsx,,,,,,,,,,,,,,CAPITAL GOODS-NON ELECTRICAL EQUIPMENT,1 / 2 / 0,-0.48,-57.3,1.31,4.53,SB,141.0,56.0,-85.0,-3.26,,,,,,
,,,,,,,,,,,,,,,,,,,UNKNOWN,Sector_Summary_25AUG26_Report_30_7_2026 (1).xlsx,,,,,,,,,,,,,,FINANCE,6 / 14 / 0,-0.53,-79.82,0.61,6.35,SB,333.0,160.0,-173.0,-1.43,,,,,,
,,,,,,,,,,,,,,,,,,,UNKNOWN,Sector_Summary_25AUG26_Report_30_7_2026 (1).xlsx,,,,,,,,,,,,,,BANKS,3 / 15 / 0,-0.54,-81.67,0.21,7.12,SB,416.0,245.0,-172.0,-0.8,,,,,,
,,,,,,,,,,,,,,,,,,,UNKNOWN,Sector_Summary_25AUG26_Report_30_7_2026 (1).xlsx,,,,,,,,,,,,,,BANKNIFTY,2 / 12 / 0,-0.64,-80.21,0.16,8.17,SB,504.0,305.0,-199.0,-0.78,,,,,,
,,,,,,,,,,,,,,,,,,,UNKNOWN,Sector_Summary_25AUG26_Report_30_7_2026 (1).xlsx,,,,,,,,,,,,,,INFRASTRUCTURE DEVELOPERS & OPERATORS,0 / 2 / 0,-0.72,-90.8,0.28,11.52,SB,513.0,153.0,-360.0,-1.87,,,,,,
,,,,,,,,,,,,,,,,,,,UNKNOWN,Sector_Summary_25AUG26_Report_30_7_2026 (1).xlsx,,,,,,,,,,,,,,AIR TRANSPORT SERVICE,0 / 1 / 0,-0.79,-77.46,0.27,6.45,SB,578.0,227.0,-351.0,-1.88,,,,,,
,,,,,,,,,,,,,,,,,,,UNKNOWN,Sector_Summary_25AUG26_Report_30_7_2026 (1).xlsx,,,,,,,,,,,,,,CEMENT,0 / 4 / 0,-0.93,-86.81,0.06,5.76,SB,1540.0,761.0,-780.0,-5.3,,,,,,
,,,,,,,,,,,,,,,,,,,UNKNOWN,Sector_Summary_25AUG26_Report_30_7_2026 (1).xlsx,,,,,,,,,,,,,,QUICK SERVICE RESTAURANT,0 / 1 / 0,-0.94,-84.32,0.06,4.62,SB,16.0,92.0,76.0,1.05,,,,,,
,,,,,,,,,,,,,,,,,,,UNKNOWN,Sector_Summary_25AUG26_Report_30_7_2026 (1).xlsx,,,,,,,,,,,,,,AEROSPACE & DEFENCE,0 / 6 / 0,-0.95,-67.48,1.02,7.72,SB,673.0,99.0,-574.0,-3.52,,,,,,
,,,,,,,,,,,,,,,,,,,UNKNOWN,Sector_Summary_25AUG26_Report_30_7_2026 (1).xlsx,,,,,,,,,,,,,,AGRO CHEMICALS,0 / 2 / 0,-1.01,-82.62,0.23,2.4,SB,38.0,44.0,7.0,0.12,,,,,,
,,,,,,,,,,,,,,,,,,,UNKNOWN,Sector_Summary_25AUG26_Report_30_7_2026 (1).xlsx,,,,,,,,,,,,,,FINANCIAL SERVICES,0 / 6 / 0,-1.02,-78.93,0.85,3.7,SB,344.0,116.0,-227.0,-1.14,,,,,,
,,,,,,,,,,,,,,,,,,,UNKNOWN,Sector_Summary_25AUG26_Report_30_7_2026 (1).xlsx,,,,,,,,,,,,,,TRADING,1 / 1 / 0,-1.21,-51.12,2.35,3.15,SB,163.0,181.0,19.0,-0.96,,,,,,
,,,,,,,,,,,,,,,,,,,UNKNOWN,Sector_Summary_25AUG26_Report_30_7_2026 (1).xlsx,,,,,,,,,,,,,,STOCK/ COMMODITY BROKERS,0 / 3 / 0,-1.23,-76.16,0.92,3.06,SB,121.0,72.0,-49.0,-0.44,,,,,,
,,,,,,,,,,,,,,,,,,,UNKNOWN,Sector_Summary_25AUG26_Report_30_7_2026 (1).xlsx,,,,,,,,,,,,,,REALTY,0 / 6 / 0,-1.39,-75.51,0.73,2.42,SB,43.0,92.0,49.0,0.58,,,,,,
,,,,,,,,,,,,,,,,,,,UNKNOWN,Sector_Summary_25AUG26_Report_30_7_2026 (1).xlsx,,,,,,,,,,,,,,MISCELLANEOUS,0 / 2 / 0,-1.51,-76.1,0.37,3.13,SB,196.0,93.0,-104.0,-2.26,,,,,,
,,,,,,,,,,,,,,,,,,,UNKNOWN,Sector_Summary_25AUG26_Report_30_7_2026 (1).xlsx,,,,,,,,,,,,,,CABLES,0 / 2 / 0,-1.68,-78.37,1.03,1.32,SB,383.0,83.0,-300.0,-5.81,,,,,,
,,,,,,,,,,,,,,,,,,,UNKNOWN,Sector_Summary_25AUG26_Report_30_7_2026 (1).xlsx,,,,,,,,,,,,,,PAINTS/VARNISH,0 / 1 / 0,-1.87,-85.89,2.77,14.65,SB,5245.0,1141.0,-4104.0,-9.85,,,,,,
,,,,,,,,,,,,,,,,,,,UNKNOWN,Sector_Summary_25AUG26_Report_30_7_2026 (1).xlsx,,,,,,,,,,,,,,CAPITAL GOODS - ELECTRICAL EQUIPMENT,0 / 9 / 0,-2.06,-64.67,2.1,3.16,SB,981.0,402.0,-579.0,-3.77,,,,,,
,,,,,,,,,,,,,,,,,,,UNKNOWN,Sector_Summary_25AUG26_Report_30_7_2026 (1).xlsx,,,,,,,,,,,,,,MARINE PORT & SERVICES,0 / 1 / 0,-2.74,-75.27,2.33,10.66,SB,6270.0,1321.0,-4949.0,-12.11,,,,,,
,,,,,,,,,,,,,,,,,,,UNKNOWN,Sector_Summary_25AUG26_Report_30_7_2026 (1).xlsx,,,,,,,,,,,,,,"CASTINGS, FORGINGS & FASTNERS",0 / 0 / 1,-,-84.82,0.36,-,SB,20.0,2.0,-18.0,-0.4,,,,,,
,,,,,,,,,,,,,,,,,,,UNKNOWN,Sector_Summary_25AUG26_Report_30_7_2026.xlsx,,,,,,,,,,,,,,CRUDE OIL & NATURAL GAS,2 / 0 / 0,1.47,-90.11,0.06,8.67,LB,-87.0,7.0,93.0,0.48,,,,,,
,,,,,,,,,,,,,,,,,,,UNKNOWN,Sector_Summary_25AUG26_Report_30_7_2026.xlsx,,,,,,,,,,,,,,TELECOM EQUIPMENT & INFRA SERVICES,1 / 0 / 0,1.09,-94.41,0.02,4.18,LB,10.0,94.0,84.0,0.6,,,,,,
,,,,,,,,,,,,,,,,,,,UNKNOWN,Sector_Summary_25AUG26_Report_30_7_2026.xlsx,,,,,,,,,,,,,,ALCOHOLIC BEVERAGES,2 / 0 / 0,0.91,-95.2,0.67,1.38,LB,36.0,12.0,-24.0,-0.72,,,,,,
,,,,,,,,,,,,,,,,,,,UNKNOWN,Sector_Summary_25AUG26_Report_30_7_2026.xlsx,,,,,,,,,,,,,,IT - SOFTWARE,10 / 2 / 0,0.91,-91.32,0.57,3.12,LB,82.0,303.0,221.0,0.76,,,,,,
,,,,,,,,,,,,,,,,,,,UNKNOWN,Sector_Summary_25AUG26_Report_30_7_2026.xlsx,,,,,,,,,,,,,,AUTOMOBILE,7 / 3 / 0,0.79,-82.14,0.24,5.69,LB,468.0,140.0,-327.0,-0.66,,,,,,
,,,,,,,,,,,,,,,,,,,UNKNOWN,Sector_Summary_25AUG26_Report_30_7_2026.xlsx,,,,,,,,,,,,,,READYMADE GARMENTS/ APPARELLS,1 / 0 / 0,0.77,-88.54,0.16,0.87,LB,102.0,-1.0,-103.0,-6.82,,,,,,
,,,,,,,,,,,,,,,,,,,UNKNOWN,Sector_Summary_25AUG26_Report_30_7_2026.xlsx,,,,,,,,,,,,,,PLASTIC PRODUCTS,2 / 0 / 0,0.5,-79.89,0.47,1.51,LB,147.0,9.0,-138.0,-2.7,,,,,,
,,,,,,,,,,,,,,,,,,,UNKNOWN,Sector_Summary_25AUG26_Report_30_7_2026.xlsx,,,,,,,,,,,,,,TELECOM-SERVICE,2 / 0 / 0,0.37,-95.61,0.01,1.45,LB,121.0,69.0,-52.0,-0.23,,,,,,
,,,,,,,,,,,,,,,,,,,UNKNOWN,Sector_Summary_25AUG26_Report_30_7_2026.xlsx,,,,,,,,,,,,,,MINING & MINERAL PRODUCTS,1 / 1 / 0,0.21,-97.82,-0.01,8.39,SC,115.0,-49.0,-164.0,-0.73,,,,,,
,,,,,,,,,,,,,,,,,,,UNKNOWN,Sector_Summary_25AUG26_Report_30_7_2026.xlsx,,,,,,,,,,,,,,INSURANCE,4 / 1 / 0,0.19,-95.44,0.04,5.06,LB,39.0,-6.0,-44.0,-0.64,,,,,,
,,,,,,,,,,,,,,,,,,,UNKNOWN,Sector_Summary_25AUG26_Report_30_7_2026.xlsx,,,,,,,,,,,,,,PHARMACEUTICALS,10 / 3 / 0,0.14,-93.47,0.1,6.43,LB,1.0,36.0,35.0,-0.14,,,,,,
,,,,,,,,,,,,,,,,,,,UNKNOWN,Sector_Summary_25AUG26_Report_30_7_2026.xlsx,,,,,,,,,,,,,,AUTO ANCILLARIES,2 / 2 / 0,0.05,-92.59,0.49,1.1,LB,-4.0,-9.0,-6.0,-0.02,,,,,,
,,,,,,,,,,,,,,,,,,,UNKNOWN,Sector_Summary_25AUG26_Report_30_7_2026.xlsx,,,,,,,,,,,,,,"CASTINGS, FORGINGS & FASTNERS",1 / 0 / 0,0.05,-95.0,0.21,-,LB,26.0,-8.0,-34.0,-0.77,,,,,,
,,,,,,,,,,,,,,,,,,,UNKNOWN,Sector_Summary_25AUG26_Report_30_7_2026.xlsx,,,,,,,,,,,,,,NON FERROUS METALS,2 / 2 / 0,0.05,-92.43,0.01,4.18,SC,50.0,29.0,-21.0,-0.02,,,,,,
,,,,,,,,,,,,,,,,,,,UNKNOWN,Sector_Summary_25AUG26_Report_30_7_2026.xlsx,,,,,,,,,,,,,,NIFTY,25 / 24 / 0,0.03,-92.74,0.24,9.8,SB,378.0,145.0,-241.0,-0.83,,,,,,
,,,,,,,,,,,,,,,,,,,UNKNOWN,Sector_Summary_25AUG26_Report_30_7_2026.xlsx,,,,,,,,,,,,,,"DIAMOND, GEMS AND JEWELLERY",1 / 1 / 0,0.01,-94.36,-0.17,6.44,LU,412.0,30.0,-383.0,-1.54,,,,,,
,,,,,,,,,,,,,,,,,,,UNKNOWN,Sector_Summary_25AUG26_Report_30_7_2026.xlsx,,,,,,,,,,,,,,E-COMMERCE/APP BASED AGGREGATOR,3 / 3 / 0,0.01,-95.02,0.23,5.03,LB,13.0,4.0,-12.0,0.25,,,,,,
,,,,,,,,,,,,,,,,,,,UNKNOWN,Sector_Summary_25AUG26_Report_30_7_2026.xlsx,,,,,,,,,,,,,,HEALTHCARE,1 / 2 / 0,-0.01,-96.7,0.02,8.29,SB,-30.0,-2.0,21.0,0.47,,,,,,
,,,,,,,,,,,,,,,,,,,UNKNOWN,Sector_Summary_25AUG26_Report_30_7_2026.xlsx,,,,,,,,,,,,,,TOBACCO PRODUCTS,1 / 1 / 0,-0.02,-97.81,0.02,8.96,SB,-20.0,107.0,126.0,0.02,,,,,,
,,,,,,,,,,,,,,,,,,,UNKNOWN,Sector_Summary_25AUG26_Report_30_7_2026.xlsx,,,,,,,,,,,,,,AGRO CHEMICALS,1 / 1 / 0,-0.03,-96.93,0.07,2.42,LB,8.0,4.0,-4.0,-0.07,,,,,,
,,,,,,,,,,,,,,,,,,,UNKNOWN,Sector_Summary_25AUG26_Report_30_7_2026.xlsx,,,,,,,,,,,,,,GAS DISTRIBUTION,1 / 1 / 0,-0.04,-96.27,0.15,-,SB,19.0,2.0,-17.0,-0.21,,,,,,
,,,,,,,,,,,,,,,,,,,UNKNOWN,Sector_Summary_25AUG26_Report_30_7_2026.xlsx,,,,,,,,,,,,,,HOTELS & RESTAURANTS,0 / 1 / 0,-0.04,-96.01,0.03,-,SB,-16.0,6.0,22.0,0.45,,,,,,
,,,,,,,,,,,,,,,,,,,UNKNOWN,Sector_Summary_25AUG26_Report_30_7_2026.xlsx,,,,,,,,,,,,,,STEEL,1 / 3 / 0,-0.06,-98.1,0.14,7.52,SB,-17.0,7.0,24.0,0.67,,,,,,
,,,,,,,,,,,,,,,,,,,UNKNOWN,Sector_Summary_25AUG26_Report_30_7_2026.xlsx,,,,,,,,,,,,,,REFINERIES,2 / 2 / 0,-0.1,-91.28,0.2,6.3,LB,88.0,39.0,-42.0,0.0,,,,,,
,,,,,,,,,,,,,,,,,,,UNKNOWN,Sector_Summary_25AUG26_Report_30_7_2026.xlsx,,,,,,,,,,,,,,FMCG,6 / 4 / 0,-0.14,-90.3,0.39,5.25,SB,-4.0,-7.0,-2.0,-0.07,,,,,,
,,,,,,,,,,,,,,,,,,,UNKNOWN,Sector_Summary_25AUG26_Report_30_7_2026.xlsx,,,,,,,,,,,,,,RETAIL,1 / 2 / 0,-0.14,-95.02,0.03,4.96,LB,11.0,26.0,35.0,0.12,,,,,,
,,,,,,,,,,,,,,,,,,,UNKNOWN,Sector_Summary_25AUG26_Report_30_7_2026.xlsx,,,,,,,,,,,,,,CONSUMER DURABLES,3 / 5 / 0,-0.16,-93.74,0.44,2.37,LB,55.0,34.0,-21.0,-0.1,,,,,,
,,,,,,,,,,,,,,,,,,,UNKNOWN,Sector_Summary_25AUG26_Report_30_7_2026.xlsx,,,,,,,,,,,,,,TEXTILES,0 / 1 / 0,-0.16,-98.53,0.01,1.14,SB,-6.0,-2.0,4.0,0.08,,,,,,
,,,,,,,,,,,,,,,,,,,UNKNOWN,Sector_Summary_25AUG26_Report_30_7_2026.xlsx,,,,,,,,,,,,,,CHEMICALS,0 / 2 / 0,-0.33,-95.13,0.14,-,SB,117.0,12.0,-105.0,-0.72,,,,,,
,,,,,,,,,,,,,,,,,,,UNKNOWN,Sector_Summary_25AUG26_Report_30_7_2026.xlsx,,,,,,,,,,,,,,FINANCE,5 / 14 / 0,-0.36,-94.85,0.2,6.32,SB,61.0,18.0,-43.0,-0.42,,,,,,
,,,,,,,,,,,,,,,,,,,UNKNOWN,Sector_Summary_25AUG26_Report_30_7_2026.xlsx,,,,,,,,,,,,,,AEROSPACE & DEFENCE,2 / 4 / 0,-0.42,-91.86,0.28,7.68,SB,120.0,2.0,-117.0,-0.65,,,,,,
,,,,,,,,,,,,,,,,,,,UNKNOWN,Sector_Summary_25AUG26_Report_30_7_2026.xlsx,,,,,,,,,,,,,,INFRASTRUCTURE DEVELOPERS & OPERATORS,0 / 2 / 0,-0.51,-96.73,0.31,11.43,SB,49.0,11.0,-39.0,-0.46,,,,,,
,,,,,,,,,,,,,,,,,,,UNKNOWN,Sector_Summary_25AUG26_Report_30_7_2026.xlsx,,,,,,,,,,,,,,QUICK SERVICE RESTAURANT,0 / 1 / 0,-0.51,-96.95,0.04,4.62,SB,8.0,2.0,-6.0,-0.08,,,,,,
,,,,,,,,,,,,,,,,,,,UNKNOWN,Sector_Summary_25AUG26_Report_30_7_2026.xlsx,,,,,,,,,,,,,,LOGISTICS,0 / 2 / 0,-0.53,-97.23,0.14,1.94,SB,19.0,25.0,7.0,0.1,,,,,,
,,,,,,,,,,,,,,,,,,,UNKNOWN,Sector_Summary_25AUG26_Report_30_7_2026.xlsx,,,,,,,,,,,,,,BANKS,0 / 18 / 0,-0.54,-94.16,0.08,7.1,SB,115.0,27.0,-95.0,-0.45,,,,,,
,,,,,,,,,,,,,,,,,,,UNKNOWN,Sector_Summary_25AUG26_Report_30_7_2026.xlsx,,,,,,,,,,,,,,BANKNIFTY,0 / 14 / 0,-0.55,-93.68,0.06,8.14,SB,142.0,33.0,-120.0,-0.56,,,,,,
,,,,,,,,,,,,,,,,,,,UNKNOWN,Sector_Summary_25AUG26_Report_30_7_2026.xlsx,,,,,,,,,,,,,,CAPITAL GOODS-NON ELECTRICAL EQUIPMENT,0 / 3 / 0,-0.62,-96.42,0.04,8.6,SB,19.0,-4.0,-22.0,-0.69,,,,,,
,,,,,,,,,,,,,,,,,,,UNKNOWN,Sector_Summary_25AUG26_Report_30_7_2026.xlsx,,,,,,,,,,,,,,FINANCIAL SERVICES,0 / 6 / 0,-0.64,-94.18,0.07,3.68,SB,126.0,12.0,-132.0,-0.55,,,,,,
,,,,,,,,,,,,,,,,,,,UNKNOWN,Sector_Summary_25AUG26_Report_30_7_2026.xlsx,,,,,,,,,,,,,,POWER GENERATION & DISTRIBUTION,1 / 7 / 0,-0.72,-95.54,0.09,9.62,SB,22.0,4.0,-19.0,-0.05,,,,,,
,,,,,,,,,,,,,,,,,,,UNKNOWN,Sector_Summary_25AUG26_Report_30_7_2026.xlsx,,,,,,,,,,,,,,REALTY,1 / 5 / 0,-0.72,-89.48,0.65,2.41,SB,-25.0,48.0,91.0,1.09,,,,,,
,,,,,,,,,,,,,,,,,,,UNKNOWN,Sector_Summary_25AUG26_Report_30_7_2026.xlsx,,,,,,,,,,,,,,CEMENT,0 / 4 / 0,-0.81,-94.08,-0.01,5.74,SB,1314.0,438.0,-876.0,-5.75,,,,,,
,,,,,,,,,,,,,,,,,,,UNKNOWN,Sector_Summary_25AUG26_Report_30_7_2026.xlsx,,,,,,,,,,,,,,STOCK/ COMMODITY BROKERS,0 / 3 / 0,-0.81,-90.12,0.31,3.02,SB,48.0,35.0,-22.0,-0.26,,,,,,
,,,,,,,,,,,,,,,,,,,UNKNOWN,Sector_Summary_25AUG26_Report_30_7_2026.xlsx,,,,,,,,,,,,,,AIR TRANSPORT SERVICE,0 / 1 / 0,-0.98,-88.58,0.25,6.46,SB,154.0,-9.0,-163.0,-0.9,,,,,,
,,,,,,,,,,,,,,,,,,,UNKNOWN,Sector_Summary_25AUG26_Report_30_7_2026.xlsx,,,,,,,,,,,,,,CABLES,0 / 2 / 0,-1.01,-96.87,0.12,1.18,SB,43.0,14.0,-30.0,-0.31,,,,,,
,,,,,,,,,,,,,,,,,,,UNKNOWN,Sector_Summary_25AUG26_Report_30_7_2026.xlsx,,,,,,,,,,,,,,MISCELLANEOUS,0 / 2 / 0,-1.46,-91.07,0.14,3.11,SB,48.0,20.0,-28.0,-0.53,,,,,,
,,,,,,,,,,,,,,,,,,,UNKNOWN,Sector_Summary_25AUG26_Report_30_7_2026.xlsx,,,,,,,,,,,,,,CAPITAL GOODS - ELECTRICAL EQUIPMENT,1 / 8 / 0,-1.61,-86.74,0.84,3,SB,190.0,174.0,-17.0,-0.5,,,,,,
,,,,,,,,,,,,,,,,,,,UNKNOWN,Sector_Summary_25AUG26_Report_30_7_2026.xlsx,,,,,,,,,,,,,,TRADING,0 / 2 / 0,-1.95,-75.0,1.34,3.08,SB,101.0,43.0,-58.0,-0.91,,,,,,
,,,,,,,,,,,,,,,,,,,UNKNOWN,Sector_Summary_25AUG26_Report_30_7_2026.xlsx,,,,,,,,,,,,,,MARINE PORT & SERVICES,0 / 1 / 0,-2.88,-87.71,1.33,10.57,SB,2522.0,333.0,-2189.0,-6.06,,,,,,
,,,,,,,,,,,,,,,,,,,UNKNOWN,Sector_Summary_25AUG26_Report_30_7_2026.xlsx,,,,,,,,,,,,,,PAINTS/VARNISH,0 / 1 / 0,-3.1,-93.48,1.58,14.62,SB,2761.0,-372.0,-3133.0,-8.32,,,,,,
BANKBARODA,,,,,,-2.3,,,,,,,,,,,,,SUPPORT,Support_Resistance_25AUG26_Scan_30_7_2026 (2).xlsx,242.55,-0.94,44693.0,107.0,0.24,1.03,250.0,2848.0,47.0,1415.0,-1.0,-2.98,SB,,,,,,,,,,,,,,,,,
GODFRYPHLP,,,,,,-4.0,,,,,,,,,,,,,SUPPORT,Support_Resistance_25AUG26_Scan_30_7_2026 (2).xlsx,2047.1,-0.2,6938.0,-29.0,-0.42,0.62,2100.0,804.0,20.0,425.0,3.0,-2.52,LU,,,,,,,,,,,,,,,,,
IREDA,,,,,,-1.83,,,,,,,,,,,,,SUPPORT,Support_Resistance_25AUG26_Scan_30_7_2026 (2).xlsx,117.34,-1.54,14142.0,121.0,0.86,1.05,120.0,942.0,-8.0,981.0,-11.0,-2.22,SB,,,,,,,,,,,,,,,,,
SRF,,,,,,-16.4,,,,,,,,,,,,,SUPPORT,Support_Resistance_25AUG26_Scan_30_7_2026 (2).xlsx,2641.5,-0.62,22096.0,11.0,0.05,0.44,2700.0,1703.0,49.0,1165.0,-1.0,-2.17,SB,,,,,,,,,,,,,,,,,
POWERGRID,,,,,,0.25,,,,,,,,,,,,,SUPPORT,Support_Resistance_25AUG26_Scan_30_7_2026 (2).xlsx,283.95,0.09,22730.0,38.0,0.17,0.97,290.0,2055.0,4.0,991.0,-5.0,-2.09,LB,,,,,,,,,,,,,,,,,
ADANIGREEN,,,,,,-6.4,,,,,,,,,,,,,SUPPORT,Support_Resistance_25AUG26_Scan_30_7_2026 (2).xlsx,1375.4,-0.46,44051.0,307.0,0.7,0.57,1400.0,4083.0,178.0,1566.0,-13.0,-1.76,SB,,,,,,,,,,,,,,,,,
KPITTECH,,,,,,-48.05,,,,,,,,,,,,,SUPPORT,Support_Resistance_25AUG26_Scan_30_7_2026 (2).xlsx,589.6,-7.54,17004.0,1126.0,7.09,0.61,600.0,1977.0,445.0,2394.0,-91.0,-1.73,SB,,,,,,,,,,,,,,,,,
BANKINDIA,,,,,,-0.34,,,,,,,,,,,,,SUPPORT,Support_Resistance_25AUG26_Scan_30_7_2026 (2).xlsx,137.72,-0.25,19059.0,17.0,0.09,0.83,140.0,1422.0,26.0,1069.0,19.0,-1.63,SB,,,,,,,,,,,,,,,,,
BANKNIFTY,,,,,,-285.0,,,,,,,,,,,,,SUPPORT,Support_Resistance_25AUG26_Scan_30_7_2026 (2).xlsx,57059.4,-0.5,70689.0,1164.0,1.67,0.87,58000.0,69419.0,1045.0,43796.0,15.0,-1.62,SB,,,,,,,,,,,,,,,,,
HINDPETRO,,,,,,-1.5,,,,,,,,,,,,,SUPPORT,Support_Resistance_25AUG26_Scan_30_7_2026 (2).xlsx,393.6,-0.38,20815.0,92.0,0.44,0.88,400.0,1124.0,35.0,668.0,-17.0,-1.6,SB,,,,,,,,,,,,,,,,,
YESBANK,,,,,,-0.26,,,,,,,,,,,,,SUPPORT,Support_Resistance_25AUG26_Scan_30_7_2026 (2).xlsx,22.71,-1.13,38398.0,96.0,0.25,0.62,23.0,1775.0,106.0,2120.0,101.0,-1.26,SB,,,,,,,,,,,,,,,,,
IRFC,,,,,,-0.67,,,,,,,,,,,,,SUPPORT,Support_Resistance_25AUG26_Scan_30_7_2026 (2).xlsx,88.89,-0.75,14996.0,138.0,0.93,0.8,90.0,2291.0,131.0,2131.0,7.0,-1.23,SB,,,,,,,,,,,,,,,,,
MAZDOCK,,,,,,-39.1,,,,,,,,,,,,,SUPPORT,Support_Resistance_25AUG26_Scan_30_7_2026 (2).xlsx,2272.3,-1.69,22269.0,463.0,2.12,0.84,2300.0,845.0,57.0,952.0,-25.0,-1.2,SB,,,,,,,,,,,,,,,,,
MOTILALOFS,,,,,,-10.75,,,,,,,,,,,,,SUPPORT,Support_Resistance_25AUG26_Scan_30_7_2026 (2).xlsx,849.65,-1.25,9002.0,35.0,0.39,0.65,860.0,522.0,29.0,425.0,-1.0,-1.2,SB,,,,,,,,,,,,,,,,,
TORNTPHARM,,,,,,39.2,,,,,,,,,,,,,SUPPORT,Support_Resistance_25AUG26_Scan_30_7_2026 (2).xlsx,4942.6,0.8,33717.0,-141.0,-0.42,0.68,5000.0,1421.0,-109.0,561.0,0.0,-1.15,SC,,,,,,,,,,,,,,,,,
VMM,,,,,,-0.09,,,,,,,,,,,,,SUPPORT,Support_Resistance_25AUG26_Scan_30_7_2026 (2).xlsx,108.77,-0.08,8749.0,26.0,0.3,0.55,110.0,639.0,20.0,321.0,0.0,-1.12,SB,,,,,,,,,,,,,,,,,
ADANIPORTS,,,,,,-47.4,,,,,,,,,,,,,SUPPORT,Support_Resistance_25AUG26_Scan_30_7_2026 (2).xlsx,1681.5,-2.74,44332.0,1008.0,2.33,0.52,1700.0,2461.0,1371.0,2442.0,136.0,-1.09,SB,,,,,,,,,,,,,,,,,
CAMS,,,,,,-2.95,,,,,,,,,,,,,SUPPORT,Support_Resistance_25AUG26_Scan_30_7_2026 (2).xlsx,791.3,-0.37,7936.0,59.0,0.75,0.67,800.0,403.0,-3.0,278.0,20.0,-1.09,SB,,,,,,,,,,,,,,,,,
IDFCFIRSTB,,,,,,-0.95,,,,,,,,,,,,,SUPPORT,Support_Resistance_25AUG26_Scan_30_7_2026 (2).xlsx,84.1,-1.12,38138.0,49.0,0.13,0.67,85.0,1332.0,173.0,1060.0,92.0,-1.06,SB,,,,,,,,,,,,,,,,,
RELIANCE,,,,,,3.0,,,,,,,,,,,,,SUPPORT,Support_Resistance_25AUG26_Scan_30_7_2026 (2).xlsx,1286.4,0.23,211312.0,-58.0,-0.03,0.81,1300.0,20895.0,81.0,10214.0,25.0,-1.05,SC,,,,,,,,,,,,,,,,,
OBEROIRLTY,,,,,,-16.9,,,,,,,,,,,,,SUPPORT,Support_Resistance_25AUG26_Scan_30_7_2026 (2).xlsx,1823.0,-0.92,15719.0,39.0,0.25,0.51,1840.0,955.0,48.0,392.0,-2.0,-0.92,SB,,,,,,,,,,,,,,,,,
KEI,,,,,,-89.0,,,,,,,,,,,,,SUPPORT,Support_Resistance_25AUG26_Scan_30_7_2026 (2).xlsx,4771.0,-1.83,11637.0,80.0,0.69,0.62,4800.0,261.0,29.0,187.0,-8.0,-0.6,SB,,,,,,,,,,,,,,,,,
POLICYBZR,,,,,,-26.6,,,,,,,,,,,,,SUPPORT,Support_Resistance_25AUG26_Scan_30_7_2026 (2).xlsx,1590.5,-1.64,26694.0,22.0,0.08,0.87,1600.0,783.0,9.0,721.0,-6.0,-0.59,SB,,,,,,,,,,,,,,,,,
ABB,,,,,,-80.5,,,,,,,,,,,,,SUPPORT,Support_Resistance_25AUG26_Scan_30_7_2026 (2).xlsx,7260.0,-1.1,16418.0,10.0,0.06,0.68,7300.0,468.0,30.0,559.0,-21.0,-0.55,SB,,,,,,,,,,,,,,,,,
SIEMENS,,,,,,-35.9,,,,,,,,,,,,,SUPPORT,Support_Resistance_25AUG26_Scan_30_7_2026 (2).xlsx,3581.1,-0.99,21092.0,154.0,0.74,0.61,3600.0,530.0,3.0,507.0,-32.0,-0.53,SB,,,,,,,,,,,,,,,,,
COCHINSHIP,,,,,,-11.5,,,,,,,,,,,,,SUPPORT,Support_Resistance_25AUG26_Scan_30_7_2026 (2).xlsx,1392.8,-0.82,14389.0,94.0,0.66,0.72,1400.0,1298.0,58.0,686.0,1.0,-0.51,SB,,,,,,,,,,,,,,,,,
HAL,,,,,,-18.2,,,,,,,,,,,,,SUPPORT,Support_Resistance_25AUG26_Scan_30_7_2026 (2).xlsx,4580.0,-0.4,33654.0,224.0,0.67,0.72,4600.0,2461.0,120.0,1638.0,8.0,-0.43,SB,,,,,,,,,,,,,,,,,
POLYCAB,,,,,,-139.0,,,,,,,,,,,,,SUPPORT,Support_Resistance_25AUG26_Scan_30_7_2026 (2).xlsx,8962.0,-1.53,18862.0,224.0,1.2,0.58,9000.0,1327.0,196.0,1088.0,-9.0,-0.42,SB,,,,,,,,,,,,,,,,,
ITC,,,,,,1.2,,,,,,,,,,,,,SUPPORT,Support_Resistance_25AUG26_Scan_30_7_2026 (2).xlsx,288.9,0.42,90706.0,49.0,0.05,0.75,290.0,6549.0,108.0,3292.0,17.0,-0.38,LB,,,,,,,,,,,,,,,,,
PNBHOUSING,,,,,,-14.8,,,,,,,,,,,,,SUPPORT,Support_Resistance_25AUG26_Scan_30_7_2026 (2).xlsx,1036.1,-1.41,11387.0,15.0,0.13,0.73,1040.0,91.0,14.0,370.0,9.0,-0.38,SB,,,,,,,,,,,,,,,,,
PHOENIXLTD,,,,,,-18.4,,,,,,,,,,,,,SUPPORT,Support_Resistance_25AUG26_Scan_30_7_2026 (2).xlsx,1894.0,-0.96,10240.0,52.0,0.51,0.65,1900.0,292.0,17.0,541.0,-14.0,-0.32,SB,,,,,,,,,,,,,,,,,
ANGELONE,,,,,,-4.0,,,,,,,,,,,,,SUPPORT,Support_Resistance_25AUG26_Scan_30_7_2026 (2).xlsx,299.35,-1.32,10222.0,114.0,1.13,0.54,300.0,506.0,71.0,713.0,4.0,-0.22,SB,,,,,,,,,,,,,,,,,
HDFCBANK,,,,,,-1.8,,,,,,,,,,,,,SUPPORT,Support_Resistance_25AUG26_Scan_30_7_2026 (2).xlsx,748.95,-0.24,459428.0,1496.0,0.33,0.56,750.0,19416.0,431.0,11660.0,334.0,-0.14,SB,,,,,,,,,,,,,,,,,
PREMIERENE,,,,,,-31.8,,,,,,,,,,,,,SUPPORT,Support_Resistance_25AUG26_Scan_30_7_2026 (2).xlsx,998.8,-3.09,10313.0,430.0,4.35,0.68,1000.0,367.0,6.0,336.0,30.0,-0.12,SB,,,,,,,,,,,,,,,,,
IOC,,,,,,0.33,,,,,,,,,,,,,SUPPORT,Support_Resistance_25AUG26_Scan_30_7_2026 (2).xlsx,140.03,0.24,29841.0,-17.0,-0.06,0.91,140.0,1017.0,32.0,1096.0,38.0,0.02,SC,,,,,,,,,,,,,,,,,
DELHIVERY,,,,,,-0.2,,,,,,,,,,,,,SUPPORT,Support_Resistance_25AUG26_Scan_30_7_2026 (2).xlsx,470.15,-0.04,11208.0,71.0,0.64,0.67,470.0,290.0,21.0,453.0,10.0,0.03,SB,,,,,,,,,,,,,,,,,
FINNIFTY,,,,,,-96.2,,,,,,,,,,,,,SUPPORT,Support_Resistance_25AUG26_Scan_30_7_2026 (2).xlsx,26250.2,-0.37,456.0,5.0,1.11,1.11,26200.0,370.0,16.0,394.0,4.0,0.19,SB,,,,,,,,,,,,,,,,,
COLPAL,,,,,,-71.0,,,,,,,,,,,,,SUPPORT,Support_Resistance_25AUG26_Scan_30_7_2026 (2).xlsx,2105.1,-3.26,16286.0,479.0,3.03,0.5,2100.0,656.0,42.0,696.0,-73.0,0.24,SB,,,,,,,,,,,,,,,,,
SENSEX,,,,,,-11.25,,,,,,,,,,,,,SUPPORT,Support_Resistance_25AUG26_Scan_30_7_2026 (2).xlsx,77693.75,-0.01,1270.0,16.0,1.28,1.64,77500.0,84771.0,30288.0,529915.0,416705.0,0.25,SB,,,,,,,,,,,,,,,,,
JINDALSTEL,,,,,,8.5,,,,,,,,,,,,,SUPPORT,Support_Resistance_25AUG26_Scan_30_7_2026 (2).xlsx,1102.8,0.78,20480.0,-1.0,0.0,0.85,1100.0,1151.0,-81.0,956.0,-14.0,0.25,-,,,,,,,,,,,,,,,,,
MANKIND,,,,,,7.7,,,,,,,,,,,,,SUPPORT,Support_Resistance_25AUG26_Scan_30_7_2026 (2).xlsx,2607.6,0.3,10945.0,80.0,0.74,0.73,2600.0,572.0,22.0,543.0,4.0,0.29,LB,,,,,,,,,,,,,,,,,
NIFTYNXT50,,,,,,141.8,,,,,,,,,,,,,SUPPORT,Support_Resistance_25AUG26_Scan_30_7_2026 (2).xlsx,72800.0,0.2,636.0,6.0,0.95,2.2,72500.0,10.0,1.0,14.0,0.0,0.41,LB,,,,,,,,,,,,,,,,,
VOLTAS,,,,,,-11.6,,,,,,,,,,,,,SUPPORT,Support_Resistance_25AUG26_Scan_30_7_2026 (2).xlsx,1309.5,-0.88,19241.0,-26.0,-0.13,1.26,1300.0,352.0,22.0,989.0,11.0,0.73,LU,,,,,,,,,,,,,,,,,
ADANIPOWER,,,,,,1.08,,,,,,,,,,,,,SUPPORT,Support_Resistance_25AUG26_Scan_30_7_2026 (2).xlsx,211.61,0.51,43645.0,524.0,1.22,0.71,210.0,1131.0,135.0,1328.0,40.0,0.77,LB,,,,,,,,,,,,,,,,,
PIDILITIND,,,,,,-2.6,,,,,,,,,,,,,SUPPORT,Support_Resistance_25AUG26_Scan_30_7_2026 (2).xlsx,1633.5,-0.16,15259.0,0.0,0.0,0.5,1620.0,234.0,0.0,230.0,2.0,0.83,-,,,,,,,,,,,,,,,,,
BSE,,,,,,-21.3,,,,,,,,,,,,,SUPPORT,Support_Resistance_25AUG26_Scan_30_7_2026 (2).xlsx,3531.7,-0.6,41370.0,50.0,0.12,0.82,3500.0,1912.0,119.0,3411.0,52.0,0.91,SB,,,,,,,,,,,,,,,,,
TMPV,,,,,,1.2,,,,,,,,,,,,,SUPPORT,Support_Resistance_25AUG26_Scan_30_7_2026 (2).xlsx,333.0,0.36,48941.0,-29.0,-0.06,0.88,330.0,2148.0,51.0,1796.0,15.0,0.91,SC,,,,,,,,,,,,,,,,,
INDUSINDBK,,,,,,-4.45,,,,,,,,,,,,,SUPPORT,Support_Resistance_25AUG26_Scan_30_7_2026 (2).xlsx,1009.35,-0.44,49472.0,17.0,0.03,0.81,1000.0,1327.0,9.0,1730.0,17.0,0.94,SB,,,,,,,,,,,,,,,,,
PRESTIGE,,,,,,-60.4,,,,,,,,,,,,,SUPPORT,Support_Resistance_25AUG26_Scan_30_7_2026 (2).xlsx,1615.1,-3.6,10975.0,219.0,2.04,0.76,1600.0,415.0,57.0,439.0,158.0,0.94,SB,,,,,,,,,,,,,,,,,
AMBUJACEM,,,,,,-3.9,,,,,,,,,,,,,SUPPORT,Support_Resistance_25AUG26_Scan_30_7_2026 (2).xlsx,434.2,-0.89,66256.0,7.0,0.01,0.71,430.0,2256.0,251.0,608.0,8.0,0.98,SB,,,,,,,,,,,,,,,,,
BHEL,,,,,,-3.2,,,,,,,,,,,,,SUPPORT,Support_Resistance_25AUG26_Scan_30_7_2026 (2).xlsx,404.05,-0.79,30908.0,52.0,0.17,0.56,400.0,643.0,59.0,1083.0,28.0,1.01,SB,,,,,,,,,,,,,,,,,
PIIND,,,,,,-27.2,,,,,,,,,,,,,SUPPORT,Support_Resistance_25AUG26_Scan_30_7_2026 (2).xlsx,2728.0,-0.99,15671.0,67.0,0.43,0.84,2700.0,664.0,5.0,489.0,6.0,1.04,SB,,,,,,,,,,,,,,,,,
DALBHARAT,,,,,,-9.5,,,,,,,,,,,,,SUPPORT,Support_Resistance_25AUG26_Scan_30_7_2026 (2).xlsx,1819.3,-0.52,11605.0,-18.0,-0.15,0.96,1800.0,0.0,,159.0,-2.0,1.07,LU,,,,,,,,,,,,,,,,,
UPL,,,,,,-6.25,,,,,,,,,,,,,SUPPORT,Support_Resistance_25AUG26_Scan_30_7_2026 (2).xlsx,606.5,-1.02,22349.0,4.0,0.02,0.86,600.0,496.0,1.0,619.0,13.0,1.08,SB,,,,,,,,,,,,,,,,,
BDL,,,,,,-15.5,,,,,,,,,,,,,SUPPORT,Support_Resistance_25AUG26_Scan_30_7_2026 (2).xlsx,1213.5,-1.26,17156.0,150.0,0.88,0.85,1200.0,531.0,5.0,713.0,7.0,1.13,SB,,,,,,,,,,,,,,,,,
DLF,,,,,,-4.55,,,,,,,,,,,,,SUPPORT,Support_Resistance_25AUG26_Scan_30_7_2026 (2).xlsx,667.7,-0.68,49535.0,118.0,0.24,0.74,660.0,1419.0,30.0,729.0,44.0,1.17,SB,,,,,,,,,,,,,,,,,
NAUKRI,,,,,,3.9,,,,,,,,,,,,,SUPPORT,Support_Resistance_25AUG26_Scan_30_7_2026 (2).xlsx,1255.0,0.31,26444.0,36.0,0.14,0.47,1240.0,423.0,-17.0,328.0,24.0,1.21,LB,,,,,,,,,,,,,,,,,
IDEA,,,,,,0.01,,,,,,,,,,,,,SUPPORT,Support_Resistance_25AUG26_Scan_30_7_2026 (2).xlsx,13.16,0.08,82505.0,100.0,0.12,0.6,13.0,3001.0,23.0,2526.0,33.0,1.23,LB,,,,,,,,,,,,,,,,,
HINDUNILVR,,,,,,-4.5,,,,,,,,,,,,,SUPPORT,Support_Resistance_25AUG26_Scan_30_7_2026 (2).xlsx,2126.0,-0.21,51554.0,-16.0,-0.03,0.63,2100.0,3743.0,-41.0,3110.0,-106.0,1.24,LU,,,,,,,,,,,,,,,,,
SHRIRAMFIN,,,,,,-14.3,,,,,,,,,,,,,SUPPORT,Support_Resistance_25AUG26_Scan_30_7_2026 (2).xlsx,1033.3,-1.37,33147.0,379.0,1.16,0.51,1020.0,971.0,0.0,927.0,31.0,1.3,SB,,,,,,,,,,,,,,,,,
BANDHANBNK,,,,,,-0.84,,,,,,,,,,,,,SUPPORT,Support_Resistance_25AUG26_Scan_30_7_2026 (2).xlsx,172.27,-0.49,36171.0,86.0,0.24,0.55,170.0,1687.0,32.0,1467.0,10.0,1.34,SB,,,,,,,,,,,,,,,,,
NIFTY,,,,,,10.6,,,,,,,,,,,,,SUPPORT,Support_Resistance_25AUG26_Scan_30_7_2026 (2).xlsx,24322.1,0.04,204929.0,142.0,0.07,1.13,24000.0,98455.0,-7.0,119546.0,1601.0,1.34,LB,,,,,,,,,,,,,,,,,
RVNL,,,,,,-2.2,,,,,,,,,,,,,SUPPORT,Support_Resistance_25AUG26_Scan_30_7_2026 (2).xlsx,223.25,-0.98,18065.0,23.0,0.13,0.82,220.0,683.0,20.0,907.0,33.0,1.48,SB,,,,,,,,,,,,,,,,,
ICICIBANK,,,,,,-8.5,,,,,,,,,,,,,SUPPORT,Support_Resistance_25AUG26_Scan_30_7_2026 (2).xlsx,1422.6,-0.59,152109.0,21.0,0.01,0.62,1400.0,1100.0,60.0,2408.0,77.0,1.61,SB,,,,,,,,,,,,,,,,,
ABCAPITAL,,,,,,-3.5,,,,,,,,,,,,,SUPPORT,Support_Resistance_25AUG26_Scan_30_7_2026 (2).xlsx,396.6,-0.87,10982.0,38.0,0.35,0.85,390.0,133.0,-2.0,573.0,-5.0,1.69,SB,,,,,,,,,,,,,,,,,
FEDERALBNK,,,,,,-2.85,,,,,,,,,,,,,SUPPORT,Support_Resistance_25AUG26_Scan_30_7_2026 (2).xlsx,356.15,-0.79,34668.0,-72.0,-0.21,0.92,350.0,815.0,20.0,1074.0,28.0,1.76,LU,,,,,,,,,,,,,,,,,
TATASTEEL,,,,,,-0.16,,,,,,,,,,,,,SUPPORT,Support_Resistance_25AUG26_Scan_30_7_2026 (2).xlsx,188.25,-0.08,58397.0,-114.0,-0.19,0.85,185.0,2083.0,-49.0,2553.0,-20.0,1.76,LU,,,,,,,,,,,,,,,,,
OIL,,,,,,12.5,,,,,,,,,,,,,SUPPORT,Support_Resistance_25AUG26_Scan_30_7_2026 (2).xlsx,458.05,2.81,11506.0,25.0,0.22,0.68,450.0,398.0,-31.0,358.0,12.0,1.79,LB,,,,,,,,,,,,,,,,,
PNB,,,,,,0.28,,,,,,,,,,,,,SUPPORT,Support_Resistance_25AUG26_Scan_30_7_2026 (2).xlsx,112.05,0.25,36690.0,15.0,0.04,0.84,110.0,857.0,-12.0,931.0,25.0,1.86,LB,,,,,,,,,,,,,,,,,
SHREECEM,,,,,,-110.0,,,,,,,,,,,,,SUPPORT,Support_Resistance_25AUG26_Scan_30_7_2026 (2).xlsx,26485.0,-0.41,12890.0,62.0,0.48,1.1,26000.0,0.0,,343.0,-27.0,1.87,SB,,,,,,,,,,,,,,,,,
LTF,,,,,,-4.55,,,,,,,,,,,,,SUPPORT,Support_Resistance_25AUG26_Scan_30_7_2026 (2).xlsx,306.1,-1.46,22044.0,80.0,0.36,0.8,300.0,771.0,15.0,1236.0,0.0,2.03,SB,,,,,,,,,,,,,,,,,
HDFCAMC,,,,,,-4.6,,,,,,,,,,,,,SUPPORT,Support_Resistance_25AUG26_Scan_30_7_2026 (2).xlsx,2550.9,-0.18,20336.0,-44.0,-0.22,0.79,2500.0,377.0,14.0,745.0,11.0,2.04,LU,,,,,,,,,,,,,,,,,
NESTLEIND,,,,,,22.0,,,,,,,,,,,,,SUPPORT,Support_Resistance_25AUG26_Scan_30_7_2026 (2).xlsx,1530.8,1.46,19149.0,294.0,1.56,0.61,1500.0,1031.0,-240.0,623.0,77.0,2.05,LB,,,,,,,,,,,,,,,,,
SBIN,,,,,,1.2,,,,,,,,,,,,,SUPPORT,Support_Resistance_25AUG26_Scan_30_7_2026 (2).xlsx,1021.0,0.12,107882.0,62.0,0.06,1.0,1000.0,2552.0,-2.0,4379.0,139.0,2.1,LB,,,,,,,,,,,,,,,,,
ADANIENT,,,,,,20.4,,,,,,,,,,,,,SUPPORT,Support_Resistance_25AUG26_Scan_30_7_2026 (2).xlsx,3063.3,0.67,52200.0,-60.0,-0.11,0.88,3000.0,1655.0,-42.0,2052.0,129.0,2.11,SC,,,,,,,,,,,,,,,,,
PETRONET,,,,,,2.65,,,,,,,,,,,,,SUPPORT,Support_Resistance_25AUG26_Scan_30_7_2026 (2).xlsx,280.8,0.95,16607.0,45.0,0.27,1.19,275.0,293.0,4.0,738.0,-5.0,2.11,LB,,,,,,,,,,,,,,,,,
UNOMINDA,,,,,,9.7,,,,,,,,,,,,,SUPPORT,Support_Resistance_25AUG26_Scan_30_7_2026 (2).xlsx,1185.0,0.83,8078.0,-61.0,-0.75,0.76,1160.0,161.0,2.0,146.0,0.0,2.16,SC,,,,,,,,,,,,,,,,,
MAXHEALTH,,,,,,6.9,,,,,,,,,,,,,SUPPORT,Support_Resistance_25AUG26_Scan_30_7_2026 (2).xlsx,1124.0,0.62,18482.0,53.0,0.29,0.77,1100.0,529.0,2.0,622.0,29.0,2.18,LB,,,,,,,,,,,,,,,,,
ICICIGI,,,,,,-21.6,,,,,,,,,,,,,SUPPORT,Support_Resistance_25AUG26_Scan_30_7_2026 (2).xlsx,1635.8,-1.3,15646.0,39.0,0.25,0.85,1600.0,242.0,14.0,429.0,19.0,2.24,SB,,,,,,,,,,,,,,,,,
ALKEM,,,,,,136.5,,,,,,,,,,,,,SUPPORT,Support_Resistance_25AUG26_Scan_30_7_2026 (2).xlsx,5832.5,2.4,11100.0,156.0,1.43,0.28,5700.0,154.0,0.0,154.0,122.0,2.32,LB,,,,,,,,,,,,,,,,,
NATIONALUM,,,,,,0.9,,,,,,,,,,,,,SUPPORT,Support_Resistance_25AUG26_Scan_30_7_2026 (2).xlsx,347.95,0.26,23432.0,39.0,0.17,0.78,340.0,994.0,5.0,924.0,32.0,2.34,LB,,,,,,,,,,,,,,,,,
VEDL,,,,,,0.5,,,,,,,,,,,,,SUPPORT,Support_Resistance_25AUG26_Scan_30_7_2026 (2).xlsx,266.1,0.19,42710.0,44.0,0.1,0.68,260.0,3621.0,0.0,3166.0,7.0,2.35,LB,,,,,,,,,,,,,,,,,
UNITDSPR,,,,,,21.6,,,,,,,,,,,,,SUPPORT,Support_Resistance_25AUG26_Scan_30_7_2026 (2).xlsx,1535.4,1.43,20883.0,50.0,0.24,0.9,1500.0,1166.0,-9.0,1024.0,15.0,2.36,LB,,,,,,,,,,,,,,,,,
APLAPOLLO,,,,,,7.0,,,,,,,,,,,,,SUPPORT,Support_Resistance_25AUG26_Scan_30_7_2026 (2).xlsx,1883.8,0.37,12687.0,21.0,0.17,0.99,1840.0,378.0,-4.0,364.0,1.0,2.38,LB,,,,,,,,,,,,,,,,,
PERSISTENT,,,,,,164.1,,,,,,,,,,,,,SUPPORT,Support_Resistance_25AUG26_Scan_30_7_2026 (2).xlsx,5630.8,3.0,29148.0,502.0,1.75,0.66,5500.0,967.0,-202.0,1174.0,116.0,2.38,LB,,,,,,,,,,,,,,,,,
PAGEIND,,,,,,745.0,,,,,,,,,,,,,SUPPORT,Support_Resistance_25AUG26_Scan_30_7_2026 (2).xlsx,40960.0,1.85,11889.0,146.0,1.24,0.44,40000.0,82.0,20.0,180.0,-13.0,2.4,LB,,,,,,,,,,,,,,,,,
GLENMARK,,,,,,-19.4,,,,,,,,,,,,,SUPPORT,Support_Resistance_25AUG26_Scan_30_7_2026 (2).xlsx,2253.4,-0.85,30927.0,10.0,0.03,0.88,2200.0,508.0,0.0,786.0,-11.0,2.43,SB,,,,,,,,,,,,,,,,,
TIINDIA,,,,,,-34.6,,,,,,,,,,,,,SUPPORT,Support_Resistance_25AUG26_Scan_30_7_2026 (2).xlsx,2766.4,-1.24,10055.0,307.0,3.15,0.79,2700.0,29.0,4.0,156.0,1.0,2.46,SB,,,,,,,,,,,,,,,,,
ICICIPRULI,,,,,,-0.95,,,,,,,,,,,,,SUPPORT,Support_Resistance_25AUG26_Scan_30_7_2026 (2).xlsx,512.35,-0.19,20740.0,0.0,0.0,0.73,500.0,476.0,4.0,493.0,14.0,2.47,-,,,,,,,,,,,,,,,,,
MARUTI,,,,,,1.0,,,,,,,,,,,,,SUPPORT,Support_Resistance_25AUG26_Scan_30_7_2026 (2).xlsx,13840.0,0.01,44125.0,649.0,1.49,0.83,13500.0,872.0,-18.0,3161.0,1613.0,2.52,LB,,,,,,,,,,,,,,,,,
LODHA,,,,,,-3.55,,,,,,,,,,,,,SUPPORT,Support_Resistance_25AUG26_Scan_30_7_2026 (2).xlsx,1231.3,-0.29,22121.0,65.0,0.29,0.64,1200.0,951.0,0.0,779.0,13.0,2.61,SB,,,,,,,,,,,,,,,,,
AXISBANK,,,,,,-7.8,,,,,,,,,,,,,SUPPORT,Support_Resistance_25AUG26_Scan_30_7_2026 (2).xlsx,1232.2,-0.63,126289.0,354.0,0.28,0.69,1200.0,1028.0,88.0,4345.0,32.0,2.68,SB,,,,,,,,,,,,,,,,,
LUPIN,,,,,,4.1,,,,,,,,,,,,,SUPPORT,Support_Resistance_25AUG26_Scan_30_7_2026 (2).xlsx,2466.0,0.17,13329.0,-8.0,-0.06,0.68,2400.0,271.0,9.0,450.0,11.0,2.75,SC,,,,,,,,,,,,,,,,,
M&M,,,,,,58.9,,,,,,,,,,,,,SUPPORT,Support_Resistance_25AUG26_Scan_30_7_2026 (2).xlsx,3289.0,1.82,73952.0,544.0,0.74,0.88,3200.0,2996.0,16.0,3541.0,328.0,2.78,LB,,,,,,,,,,,,,,,,,
TATAELXSI,,,,,,7.1,,,,,,,,,,,,,SUPPORT,Support_Resistance_25AUG26_Scan_30_7_2026 (2).xlsx,3700.0,0.19,20869.0,-26.0,-0.12,0.61,3600.0,957.0,4.0,856.0,132.0,2.78,SC,,,,,,,,,,,,,,,,,
IEX,,,,,,-1.54,,,,,,,,,,,,,SUPPORT,Support_Resistance_25AUG26_Scan_30_7_2026 (2).xlsx,133.65,-1.14,16302.0,58.0,0.36,0.84,130.0,693.0,-17.0,600.0,-12.0,2.81,SB,,,,,,,,,,,,,,,,,
ZYDUSLIFE,,,,,,1.8,,,,,,,,,,,,,SUPPORT,Support_Resistance_25AUG26_Scan_30_7_2026 (2).xlsx,1131.0,0.16,10786.0,0.0,0.0,0.7,1100.0,115.0,1.0,269.0,4.0,2.82,-,,,,,,,,,,,,,,,,,
ETERNAL,,,,,,-2.3,,,,,,,,,,,,,SUPPORT,Support_Resistance_25AUG26_Scan_30_7_2026 (2).xlsx,309.0,-0.74,62424.0,-117.0,-0.19,0.72,300.0,3002.0,109.0,2537.0,99.0,3.0,LU,,,,,,,,,,,,,,,,,
ADANIGREEN,,,,,,-23.2,,,,,,,,,,,,,SUPPORT,Support_Resistance_25AUG26_Scan_30_7_2026.xlsx,1358.6,-1.68,43832.0,88.0,0.2,0.56,1400.0,3938.0,33.0,1582.0,3.0,-2.96,SB,,,,,,,,,,,,,,,,,
SUZLON,,,,,,-0.95,,,,,,,,,,,,,SUPPORT,Support_Resistance_25AUG26_Scan_30_7_2026.xlsx,46.66,-2.0,36195.0,21.0,0.06,0.52,48.0,989.0,50.0,953.0,-8.0,-2.79,SB,,,,,,,,,,,,,,,,,
GODFRYPHLP,,,,,,-6.3,,,,,,,,,,,,,SUPPORT,Support_Resistance_25AUG26_Scan_30_7_2026.xlsx,2044.8,-0.31,6964.0,-3.0,-0.04,0.61,2100.0,789.0,5.0,423.0,1.0,-2.63,LU,,,,,,,,,,,,,,,,,
BANKBARODA,,,,,,-1.1,,,,,,,,,,,,,SUPPORT,Support_Resistance_25AUG26_Scan_30_7_2026.xlsx,243.75,-0.45,44612.0,26.0,0.06,1.02,250.0,2812.0,11.0,1417.0,1.0,-2.5,SB,,,,,,,,,,,,,,,,,
DABUR,,,,,,-16.2,,,,,,,,,,,,,SUPPORT,Support_Resistance_25AUG26_Scan_30_7_2026.xlsx,419.4,-3.72,23982.0,482.0,2.05,0.6,430.0,984.0,133.0,741.0,-79.0,-2.47,SB,,,,,,,,,,,,,,,,,
GODREJCP,,,,,,-1.2,,,,,,,,,,,,,SUPPORT,Support_Resistance_25AUG26_Scan_30_7_2026.xlsx,1073.4,-0.11,20364.0,3.0,0.01,0.64,1100.0,381.0,8.0,81.0,0.0,-2.42,SB,,,,,,,,,,,,,,,,,
POWERGRID,,,,,,1.0,,,,,,,,,,,,,SUPPORT,Support_Resistance_25AUG26_Scan_30_7_2026.xlsx,284.7,0.35,22699.0,7.0,0.03,0.98,290.0,2044.0,-7.0,999.0,3.0,-1.83,LB,,,,,,,,,,,,,,,,,
BANKINDIA,,,,,,-0.57,,,,,,,,,,,,,SUPPORT,Support_Resistance_25AUG26_Scan_30_7_2026.xlsx,137.49,-0.41,19052.0,10.0,0.05,0.84,140.0,1407.0,11.0,1056.0,6.0,-1.79,SB,,,,,,,,,,,,,,,,,
HINDPETRO,,,,,,-2.2,,,,,,,,,,,,,SUPPORT,Support_Resistance_25AUG26_Scan_30_7_2026.xlsx,392.9,-0.56,20786.0,63.0,0.3,0.91,400.0,1092.0,3.0,685.0,0.0,-1.78,SB,,,,,,,,,,,,,,,,,
BANKNIFTY,,,,,,-260.8,,,,,,,,,,,,,SUPPORT,Support_Resistance_25AUG26_Scan_30_7_2026.xlsx,57083.6,-0.45,69713.0,188.0,0.27,0.89,58000.0,68687.0,313.0,43731.0,-50.0,-1.58,SB,,,,,,,,,,,,,,,,,
IREDA,,,,,,-0.87,,,,,,,,,,,,,SUPPORT,Support_Resistance_25AUG26_Scan_30_7_2026.xlsx,118.3,-0.73,14036.0,15.0,0.11,1.04,120.0,962.0,12.0,995.0,3.0,-1.42,SB,,,,,,,,,,,,,,,,,
CGPOWER,,,,,,-5.9,,,,,,,,,,,,,SUPPORT,Support_Resistance_25AUG26_Scan_30_7_2026.xlsx,828.5,-0.71,21932.0,108.0,0.49,0.48,840.0,1120.0,17.0,702.0,7.0,-1.37,SB,,,,,,,,,,,,,,,,,
ADANIPORTS,,,,,,-49.8,,,,,,,,,,,,,SUPPORT,Support_Resistance_25AUG26_Scan_30_7_2026.xlsx,1679.1,-2.88,43938.0,614.0,1.42,0.56,1700.0,1739.0,649.0,2317.0,11.0,-1.23,SB,,,,,,,,,,,,,,,,,
MOTILALOFS,,,,,,-9.75,,,,,,,,,,,,,SUPPORT,Support_Resistance_25AUG26_Scan_30_7_2026.xlsx,850.65,-1.13,8981.0,14.0,0.16,0.64,860.0,512.0,19.0,424.0,-2.0,-1.09,SB,,,,,,,,,,,,,,,,,
RELIANCE,,,,,,3.6,,,,,,,,,,,,,SUPPORT,Support_Resistance_25AUG26_Scan_30_7_2026.xlsx,1287.0,0.28,211216.0,-154.0,-0.07,0.82,1300.0,20817.0,3.0,10198.0,9.0,-1.0,SC,,,,,,,,,,,,,,,,,
IRFC,,,,,,-0.34,,,,,,,,,,,,,SUPPORT,Support_Resistance_25AUG26_Scan_30_7_2026.xlsx,89.22,-0.38,14906.0,48.0,0.32,0.83,90.0,2176.0,16.0,2124.0,0.0,-0.87,SB,,,,,,,,,,,,,,,,,
YESBANK,,,,,,-0.16,,,,,,,,,,,,,SUPPORT,Support_Resistance_25AUG26_Scan_30_7_2026.xlsx,22.81,-0.7,38360.0,58.0,0.15,0.62,23.0,1701.0,32.0,2056.0,37.0,-0.83,SB,,,,,,,,,,,,,,,,,
IDFCFIRSTB,,,,,,-0.73,,,,,,,,,,,,,SUPPORT,Support_Resistance_25AUG26_Scan_30_7_2026.xlsx,84.32,-0.86,38142.0,53.0,0.14,0.66,85.0,1192.0,33.0,978.0,10.0,-0.8,SB,,,,,,,,,,,,,,,,,
OBEROIRLTY,,,,,,-13.8,,,,,,,,,,,,,SUPPORT,Support_Resistance_25AUG26_Scan_30_7_2026.xlsx,1826.1,-0.75,15696.0,16.0,0.1,0.53,1840.0,926.0,19.0,394.0,0.0,-0.76,SB,,,,,,,,,,,,,,,,,
ADANIPOWER,,,,,,-1.93,,,,,,,,,,,,,SUPPORT,Support_Resistance_25AUG26_Scan_30_7_2026.xlsx,208.6,-0.92,43208.0,87.0,0.2,0.72,210.0,1039.0,43.0,1287.0,-1.0,-0.67,SB,,,,,,,,,,,,,,,,,
ASIANPAINT,,,,,,-86.0,,,,,,,,,,,,,SUPPORT,Support_Resistance_25AUG26_Scan_30_7_2026.xlsx,2684.0,-3.1,31919.0,512.0,1.63,0.52,2700.0,1047.0,400.0,1406.0,-107.0,-0.59,SB,,,,,,,,,,,,,,,,,
JINDALSTEL,,,,,,-0.1,,,,,,,,,,,,,SUPPORT,Support_Resistance_25AUG26_Scan_30_7_2026.xlsx,1094.2,-0.01,20484.0,3.0,0.01,0.82,1100.0,1214.0,-18.0,973.0,3.0,-0.53,SB,,,,,,,,,,,,,,,,,
DELHIVERY,,,,,,-2.8,,,,,,,,,,,,,SUPPORT,Support_Resistance_25AUG26_Scan_30_7_2026.xlsx,467.55,-0.6,11169.0,32.0,0.29,0.67,470.0,274.0,5.0,443.0,0.0,-0.52,SB,,,,,,,,,,,,,,,,,
ITC,,,,,,0.8,,,,,,,,,,,,,SUPPORT,Support_Resistance_25AUG26_Scan_30_7_2026.xlsx,288.5,0.28,90722.0,65.0,0.07,0.73,290.0,6474.0,33.0,3299.0,24.0,-0.52,LB,,,,,,,,,,,,,,,,,
LICI,,,,,,1.2,,,,,,,,,,,,,SUPPORT,Support_Resistance_25AUG26_Scan_30_7_2026.xlsx,423.0,0.28,13035.0,11.0,0.08,0.5,425.0,210.0,1.0,154.0,0.0,-0.47,LB,,,,,,,,,,,,,,,,,
ABB,,,,,,-67.0,,,,,,,,,,,,,SUPPORT,Support_Resistance_25AUG26_Scan_30_7_2026.xlsx,7273.5,-0.91,16414.0,6.0,0.04,0.71,7300.0,459.0,21.0,583.0,3.0,-0.36,SB,,,,,,,,,,,,,,,,,
SRF,,,,,,-14.9,,,,,,,,,,,,,SUPPORT,Support_Resistance_25AUG26_Scan_30_7_2026.xlsx,2643.0,-0.56,22101.0,16.0,0.07,0.44,2650.0,672.0,2.0,717.0,7.0,-0.26,SB,,,,,,,,,,,,,,,,,
PREMIERENE,,,,,,-32.4,,,,,,,,,,,,,SUPPORT,Support_Resistance_25AUG26_Scan_30_7_2026.xlsx,998.2,-3.14,10128.0,245.0,2.48,0.67,1000.0,369.0,8.0,337.0,31.0,-0.18,SB,,,,,,,,,,,,,,,,,
CAMS,,,,,,-5.4,,,,,,,,,,,,,SUPPORT,Support_Resistance_25AUG26_Scan_30_7_2026.xlsx,788.85,-0.68,7884.0,7.0,0.09,0.64,790.0,221.0,0.0,220.0,1.0,-0.15,SB,,,,,,,,,,,,,,,,,
IOC,,,,,,0.09,,,,,,,,,,,,,SUPPORT,Support_Resistance_25AUG26_Scan_30_7_2026.xlsx,139.79,0.06,29972.0,114.0,0.38,0.92,140.0,994.0,9.0,1063.0,5.0,-0.15,LB,,,,,,,,,,,,,,,,,
COCHINSHIP,,,,,,-6.3,,,,,,,,,,,,,SUPPORT,Support_Resistance_25AUG26_Scan_30_7_2026.xlsx,1398.0,-0.45,14308.0,13.0,0.09,0.72,1400.0,1252.0,12.0,687.0,2.0,-0.14,SB,,,,,,,,,,,,,,,,,
MANKIND,,,,,,-1.6,,,,,,,,,,,,,SUPPORT,Support_Resistance_25AUG26_Scan_30_7_2026.xlsx,2598.3,-0.06,10862.0,-3.0,-0.03,0.76,2600.0,547.0,-3.0,538.0,-1.0,-0.07,LU,,,,,,,,,,,,,,,,,
HAL,,,,,,1.8,,,,,,,,,,,,,SUPPORT,Support_Resistance_25AUG26_Scan_30_7_2026.xlsx,4600.0,0.04,33578.0,148.0,0.44,0.73,4600.0,2356.0,15.0,1645.0,15.0,0.0,LB,,,,,,,,,,,,,,,,,
HDFCBANK,,,,,,-0.15,,,,,,,,,,,,,SUPPORT,Support_Resistance_25AUG26_Scan_30_7_2026.xlsx,750.6,-0.02,458372.0,440.0,0.1,0.56,750.0,19079.0,94.0,11448.0,122.0,0.08,SB,,,,,,,,,,,,,,,,,
PHOENIXLTD,,,,,,-10.9,,,,,,,,,,,,,SUPPORT,Support_Resistance_25AUG26_Scan_30_7_2026.xlsx,1901.5,-0.57,10221.0,33.0,0.32,0.64,1900.0,283.0,8.0,536.0,-19.0,0.08,SB,,,,,,,,,,,,,,,,,
POLYCAB,,,,,,-88.0,,,,,,,,,,,,,SUPPORT,Support_Resistance_25AUG26_Scan_30_7_2026.xlsx,9013.0,-0.97,18675.0,37.0,0.2,0.6,9000.0,1177.0,46.0,1120.0,23.0,0.14,SB,,,,,,,,,,,,,,,,,
ALKEM,,,,,,14.5,,,,,,,,,,,,,SUPPORT,Support_Resistance_25AUG26_Scan_30_7_2026.xlsx,5710.5,0.25,10949.0,5.0,0.05,0.33,5700.0,171.0,17.0,33.0,1.0,0.18,LB,,,,,,,,,,,,,,,,,
SENSEX,,,,,,-55.0,,,,,,,,,,,,,SUPPORT,Support_Resistance_25AUG26_Scan_30_7_2026.xlsx,77650.0,-0.07,1261.0,7.0,0.56,1.75,77500.0,82707.0,28224.0,318685.0,205475.0,0.19,SB,,,,,,,,,,,,,,,,,
KEI,,,,,,-51.0,,,,,,,,,,,,,SUPPORT,Support_Resistance_25AUG26_Scan_30_7_2026.xlsx,4809.0,-1.05,11563.0,6.0,0.05,0.72,4800.0,233.0,1.0,191.0,-4.0,0.19,SB,,,,,,,,,,,,,,,,,
KPITTECH,,,,,,-36.4,,,,,,,,,,,,,SUPPORT,Support_Resistance_25AUG26_Scan_30_7_2026.xlsx,601.25,-5.71,16624.0,746.0,4.7,0.66,600.0,1582.0,50.0,2509.0,24.0,0.21,SB,,,,,,,,,,,,,,,,,
PNBHOUSING,,,,,,-8.6,,,,,,,,,,,,,SUPPORT,Support_Resistance_25AUG26_Scan_30_7_2026.xlsx,1042.3,-0.82,11396.0,24.0,0.21,0.82,1040.0,0.0,,361.0,0.0,0.22,SB,,,,,,,,,,,,,,,,,
TMPV,,,,,,-0.7,,,,,,,,,,,,,SUPPORT,Support_Resistance_25AUG26_Scan_30_7_2026.xlsx,331.1,-0.21,48961.0,-9.0,-0.02,0.88,330.0,2130.0,33.0,1782.0,1.0,0.33,LU,,,,,,,,,,,,,,,,,
FINNIFTY,,,,,,-24.6,,,,,,,,,,,,,SUPPORT,Support_Resistance_25AUG26_Scan_30_7_2026.xlsx,26321.8,-0.09,450.0,-1.0,-0.22,1.14,26200.0,353.0,-1.0,385.0,-5.0,0.46,LU,,,,,,,,,,,,,,,,,
GRASIM,,,,,,-5.0,,,,,,,,,,,,,SUPPORT,Support_Resistance_25AUG26_Scan_30_7_2026.xlsx,3114.6,-0.16,47698.0,7.0,0.01,0.69,3100.0,366.0,-2.0,374.0,6.0,0.47,SB,,,,,,,,,,,,,,,,,
SIEMENS,,,,,,1.3,,,,,,,,,,,,,SUPPORT,Support_Resistance_25AUG26_Scan_30_7_2026.xlsx,3618.3,0.04,20944.0,6.0,0.03,0.67,3600.0,527.0,0.0,539.0,0.0,0.51,LB,,,,,,,,,,,,,,,,,
POLICYBZR,,,,,,-8.4,,,,,,,,,,,,,SUPPORT,Support_Resistance_25AUG26_Scan_30_7_2026.xlsx,1608.7,-0.52,26677.0,5.0,0.02,0.95,1600.0,775.0,1.0,729.0,2.0,0.54,SB,,,,,,,,,,,,,,,,,
INDUSINDBK,,,,,,-7.8,,,,,,,,,,,,,SUPPORT,Support_Resistance_25AUG26_Scan_30_7_2026.xlsx,1006.0,-0.77,49454.0,-1.0,0.0,0.82,1000.0,1314.0,-4.0,1723.0,10.0,0.6,-,,,,,,,,,,,,,,,,,
OIL,,,,,,7.2,,,,,,,,,,,,,SUPPORT,Support_Resistance_25AUG26_Scan_30_7_2026.xlsx,452.75,1.62,11478.0,-3.0,-0.03,0.76,450.0,423.0,-6.0,346.0,0.0,0.61,SC,,,,,,,,,,,,,,,,,
TORNTPHARM,,,,,,27.4,,,,,,,,,,,,,SUPPORT,Support_Resistance_25AUG26_Scan_30_7_2026.xlsx,4930.8,0.56,33845.0,-13.0,-0.04,0.66,4900.0,250.0,25.0,472.0,24.0,0.63,SC,,,,,,,,,,,,,,,,,
ANGELONE,,,,,,-1.4,,,,,,,,,,,,,SUPPORT,Support_Resistance_25AUG26_Scan_30_7_2026.xlsx,301.95,-0.46,10136.0,28.0,0.28,0.55,300.0,442.0,7.0,714.0,5.0,0.65,SB,,,,,,,,,,,,,,,,,
ADANIENT,,,,,,-22.7,,,,,,,,,,,,,SUPPORT,Support_Resistance_25AUG26_Scan_30_7_2026.xlsx,3020.2,-0.75,52327.0,67.0,0.13,0.87,3000.0,1746.0,49.0,1947.0,24.0,0.67,SB,,,,,,,,,,,,,,,,,
ULTRACEMCO,,,,,,-213.0,,,,,,,,,,,,,SUPPORT,Support_Resistance_25AUG26_Scan_30_7_2026.xlsx,11840.0,-1.77,35221.0,27.0,0.08,0.47,11760.0,1339.0,1339.0,802.0,802.0,0.68,SB,,,,,,,,,,,,,,,,,
GAIL,,,,,,0.11,,,,,,,,,,,,,SUPPORT,Support_Resistance_25AUG26_Scan_30_7_2026.xlsx,176.26,0.06,22181.0,52.0,0.23,0.67,175.0,804.0,10.0,460.0,0.0,0.72,LB,,,,,,,,,,,,,,,,,
INDUSTOWER,,,,,,4.25,,,,,,,,,,,,,SUPPORT,Support_Resistance_25AUG26_Scan_30_7_2026.xlsx,392.8,1.09,53899.0,12.0,0.02,0.48,390.0,918.0,12.0,694.0,12.0,0.72,LB,,,,,,,,,,,,,,,,,
VOLTAS,,,,,,-11.0,,,,,,,,,,,,,SUPPORT,Support_Resistance_25AUG26_Scan_30_7_2026.xlsx,1310.1,-0.83,19268.0,1.0,0.01,1.28,1300.0,332.0,2.0,978.0,0.0,0.78,SB,,,,,,,,,,,,,,,,,
PIDILITIND,,,,,,-1.6,,,,,,,,,,,,,SUPPORT,Support_Resistance_25AUG26_Scan_30_7_2026.xlsx,1634.5,-0.1,15291.0,32.0,0.21,0.52,1620.0,235.0,1.0,228.0,0.0,0.9,SB,,,,,,,,,,,,,,,,,
PETRONET,,,,,,-0.35,,,,,,,,,,,,,SUPPORT,Support_Resistance_25AUG26_Scan_30_7_2026.xlsx,277.8,-0.13,16574.0,12.0,0.07,1.21,275.0,0.0,,743.0,0.0,1.02,SB,,,,,,,,,,,,,,,,,
AMBUJACEM,,,,,,-3.45,,,,,,,,,,,,,SUPPORT,Support_Resistance_25AUG26_Scan_30_7_2026.xlsx,434.65,-0.79,66304.0,55.0,0.08,0.74,430.0,2003.0,-2.0,599.0,-1.0,1.08,SB,,,,,,,,,,,,,,,,,
ZYDUSLIFE,,,,,,3.2,,,,,,,,,,,,,SUPPORT,Support_Resistance_25AUG26_Scan_30_7_2026.xlsx,1132.4,0.28,10784.0,-2.0,-0.02,0.71,1120.0,133.0,10.0,59.0,0.0,1.11,SC,,,,,,,,,,,,,,,,,
BSE,,,,,,-13.0,,,,,,,,,,,,,SUPPORT,Support_Resistance_25AUG26_Scan_30_7_2026.xlsx,3540.0,-0.37,41356.0,36.0,0.09,0.83,3500.0,1830.0,37.0,3373.0,14.0,1.14,SB,,,,,,,,,,,,,,,,,
PNB,,,,,,-0.43,,,,,,,,,,,,,SUPPORT,Support_Resistance_25AUG26_Scan_30_7_2026.xlsx,111.34,-0.38,36689.0,14.0,0.04,0.82,110.0,864.0,-5.0,916.0,10.0,1.22,SB,,,,,,,,,,,,,,,,,
BANDHANBNK,,,,,,-0.92,,,,,,,,,,,,,SUPPORT,Support_Resistance_25AUG26_Scan_30_7_2026.xlsx,172.19,-0.53,36097.0,12.0,0.03,0.55,170.0,1652.0,-3.0,1458.0,1.0,1.29,SB,,,,,,,,,,,,,,,,,
NIFTY,,,,,,2.9,,,,,,,,,,,,,SUPPORT,Support_Resistance_25AUG26_Scan_30_7_2026.xlsx,24314.4,0.01,204717.0,-70.0,-0.03,1.13,24000.0,98321.0,-141.0,118181.0,236.0,1.31,SC,,,,,,,,,,,,,,,,,
PAGEIND,,,,,,310.0,,,,,,,,,,,,,SUPPORT,Support_Resistance_25AUG26_Scan_30_7_2026.xlsx,40525.0,0.77,11763.0,20.0,0.17,0.61,40000.0,62.0,0.0,193.0,0.0,1.31,LB,,,,,,,,,,,,,,,,,
DLF,,,,,,-3.2,,,,,,,,,,,,,SUPPORT,Support_Resistance_25AUG26_Scan_30_7_2026.xlsx,669.05,-0.48,49459.0,42.0,0.08,0.73,660.0,1381.0,-8.0,689.0,4.0,1.37,SB,,,,,,,,,,,,,,,,,
IDEA,,,,,,0.03,,,,,,,,,,,,,SUPPORT,Support_Resistance_25AUG26_Scan_30_7_2026.xlsx,13.18,0.23,82402.0,-3.0,0.0,0.6,13.0,2970.0,-8.0,2492.0,-1.0,1.38,-,,,,,,,,,,,,,,,,,
BHEL,,,,,,-1.3,,,,,,,,,,,,,SUPPORT,Support_Resistance_25AUG26_Scan_30_7_2026.xlsx,405.95,-0.32,30873.0,17.0,0.06,0.57,400.0,589.0,5.0,1070.0,15.0,1.49,SB,,,,,,,,,,,,,,,,,
ICICIBANK,,,,,,-9.3,,,,,,,,,,,,,SUPPORT,Support_Resistance_25AUG26_Scan_30_7_2026.xlsx,1421.8,-0.65,152246.0,158.0,0.1,0.61,1400.0,1048.0,8.0,2339.0,8.0,1.56,SB,,,,,,,,,,,,,,,,,
DMART,,,,,,6.6,,,,,,,,,,,,,SUPPORT,Support_Resistance_25AUG26_Scan_30_7_2026.xlsx,3859.5,0.17,34345.0,5.0,0.01,0.64,3800.0,619.0,0.0,1863.0,12.0,1.57,LB,,,,,,,,,,,,,,,,,
NESTLEIND,,,,,,15.3,,,,,,,,,,,,,SUPPORT,Support_Resistance_25AUG26_Scan_30_7_2026.xlsx,1524.1,1.01,18884.0,29.0,0.15,0.56,1500.0,1177.0,-94.0,568.0,22.0,1.61,LB,,,,,,,,,,,,,,,,,
RVNL,,,,,,-1.91,,,,,,,,,,,,,SUPPORT,Support_Resistance_25AUG26_Scan_30_7_2026.xlsx,223.54,-0.85,18091.0,49.0,0.27,0.85,220.0,668.0,5.0,882.0,8.0,1.61,SB,,,,,,,,,,,,,,,,,
M&M,,,,,,22.2,,,,,,,,,,,,,SUPPORT,Support_Resistance_25AUG26_Scan_30_7_2026.xlsx,3252.3,0.69,73539.0,131.0,0.18,0.83,3200.0,2971.0,-9.0,3353.0,140.0,1.63,LB,,,,,,,,,,,,,,,,,
HINDUNILVR,,,,,,4.1,,,,,,,,,,,,,SUPPORT,Support_Resistance_25AUG26_Scan_30_7_2026.xlsx,2134.6,0.19,51564.0,-6.0,-0.01,0.63,2100.0,3785.0,1.0,3162.0,-54.0,1.65,SC,,,,,,,,,,,,,,,,,
PRESTIGE,,,,,,-48.7,,,,,,,,,,,,,SUPPORT,Support_Resistance_25AUG26_Scan_30_7_2026.xlsx,1626.8,-2.91,11075.0,319.0,2.97,0.72,1600.0,392.0,34.0,395.0,114.0,1.68,SB,,,,,,,,,,,,,,,,,
SBIN,,,,,,-2.4,,,,,,,,,,,,,SUPPORT,Support_Resistance_25AUG26_Scan_30_7_2026.xlsx,1017.4,-0.24,107840.0,20.0,0.02,1.0,1000.0,2579.0,25.0,4268.0,28.0,1.74,SB,,,,,,,,,,,,,,,,,
TATASTEEL,,,,,,-0.16,,,,,,,,,,,,,SUPPORT,Support_Resistance_25AUG26_Scan_30_7_2026.xlsx,188.25,-0.08,58605.0,94.0,0.16,0.87,185.0,2123.0,-9.0,2561.0,-12.0,1.76,SB,,,,,,,,,,,,,,,,,
ABCAPITAL,,,,,,-3.1,,,,,,,,,,,,,SUPPORT,Support_Resistance_25AUG26_Scan_30_7_2026.xlsx,397.0,-0.77,10947.0,3.0,0.03,0.88,390.0,135.0,0.0,575.0,-3.0,1.79,SB,,,,,,,,,,,,,,,,,
UNITDSPR,,,,,,13.1,,,,,,,,,,,,,SUPPORT,Support_Resistance_25AUG26_Scan_30_7_2026.xlsx,1526.9,0.87,20857.0,24.0,0.12,0.86,1500.0,1172.0,-3.0,1028.0,19.0,1.79,LB,,,,,,,,,,,,,,,,,
UPL,,,,,,-1.4,,,,,,,,,,,,,SUPPORT,Support_Resistance_25AUG26_Scan_30_7_2026.xlsx,611.35,-0.23,22348.0,3.0,0.01,0.85,600.0,495.0,0.0,602.0,-4.0,1.89,SB,,,,,,,,,,,,,,,,,
APLAPOLLO,,,,,,-1.8,,,,,,,,,,,,,SUPPORT,Support_Resistance_25AUG26_Scan_30_7_2026.xlsx,1875.0,-0.1,12664.0,-2.0,-0.02,1.02,1840.0,383.0,1.0,361.0,-2.0,1.9,LU,,,,,,,,,,,,,,,,,
MAXHEALTH,,,,,,4.4,,,,,,,,,,,,,SUPPORT,Support_Resistance_25AUG26_Scan_30_7_2026.xlsx,1121.5,0.39,18436.0,7.0,0.04,0.93,1100.0,529.0,2.0,592.0,-1.0,1.95,LB,,,,,,,,,,,,,,,,,
NATIONALUM,,,,,,-0.2,,,,,,,,,,,,,SUPPORT,Support_Resistance_25AUG26_Scan_30_7_2026.xlsx,346.85,-0.06,23396.0,3.0,0.01,0.8,340.0,995.0,6.0,893.0,1.0,2.01,SB,,,,,,,,,,,,,,,,,
SHRIRAMFIN,,,,,,-7.0,,,,,,,,,,,,,SUPPORT,Support_Resistance_25AUG26_Scan_30_7_2026.xlsx,1040.6,-0.67,32938.0,170.0,0.52,0.53,1020.0,974.0,3.0,902.0,6.0,2.02,SB,,,,,,,,,,,,,,,,,
HDFCAMC,,,,,,-3.6,,,,,,,,,,,,,SUPPORT,Support_Resistance_25AUG26_Scan_30_7_2026.xlsx,2551.9,-0.14,20355.0,-25.0,-0.12,0.78,2500.0,364.0,1.0,736.0,2.0,2.08,LU,,,,,,,,,,,,,,,,,
FEDERALBNK,,,,,,-1.7,,,,,,,,,,,,,SUPPORT,Support_Resistance_25AUG26_Scan_30_7_2026.xlsx,357.3,-0.47,34733.0,-7.0,-0.02,0.94,350.0,796.0,1.0,1050.0,4.0,2.09,LU,,,,,,,,,,,,,,,,,
SHREECEM,,,,,,-45.0,,,,,,,,,,,,,SUPPORT,Support_Resistance_25AUG26_Scan_30_7_2026.xlsx,26550.0,-0.17,12832.0,4.0,0.03,1.18,26000.0,0.0,,364.0,-6.0,2.12,SB,,,,,,,,,,,,,,,,,
VEDL,,,,,,0.1,,,,,,,,,,,,,SUPPORT,Support_Resistance_25AUG26_Scan_30_7_2026.xlsx,265.7,0.04,42663.0,-3.0,-0.01,0.68,260.0,3621.0,0.0,3161.0,2.0,2.19,SC,,,,,,,,,,,,,,,,,
PIIND,,,,,,4.8,,,,,,,,,,,,,SUPPORT,Support_Resistance_25AUG26_Scan_30_7_2026.xlsx,2760.0,0.17,15619.0,15.0,0.1,0.84,2700.0,661.0,2.0,483.0,0.0,2.22,LB,,,,,,,,,,,,,,,,,
COLPAL,,,,,,-28.1,,,,,,,,,,,,,SUPPORT,Support_Resistance_25AUG26_Scan_30_7_2026.xlsx,2148.0,-1.29,15861.0,54.0,0.34,0.55,2100.0,620.0,6.0,753.0,-16.0,2.29,SB,,,,,,,,,,,,,,,,,
PATANJALI,,,,,,-0.4,,,,,,,,,,,,,SUPPORT,Support_Resistance_25AUG26_Scan_30_7_2026.xlsx,358.4,-0.11,28269.0,47.0,0.17,0.78,350.0,1447.0,0.0,1239.0,1.0,2.4,SB,,,,,,,,,,,,,,,,,
BDL,,,,,,0.7,,,,,,,,,,,,,SUPPORT,Support_Resistance_25AUG26_Scan_30_7_2026.xlsx,1229.7,0.06,17133.0,127.0,0.75,0.89,1200.0,526.0,0.0,708.0,2.0,2.48,LB,,,,,,,,,,,,,,,,,
ETERNAL,,,,,,-3.75,,,,,,,,,,,,,SUPPORT,Support_Resistance_25AUG26_Scan_30_7_2026.xlsx,307.55,-1.2,62478.0,-63.0,-0.1,0.72,300.0,2912.0,19.0,2438.0,0.0,2.52,LU,,,,,,,,,,,,,,,,,
AXISBANK,,,,,,-9.5,,,,,,,,,,,,,SUPPORT,Support_Resistance_25AUG26_Scan_30_7_2026.xlsx,1230.5,-0.77,126013.0,78.0,0.06,0.68,1200.0,968.0,28.0,4320.0,7.0,2.54,SB,,,,,,,,,,,,,,,,,
TIINDIA,,,,,,-30.9,,,,,,,,,,,,,SUPPORT,Support_Resistance_25AUG26_Scan_30_7_2026.xlsx,2770.1,-1.1,9751.0,3.0,0.03,0.86,2700.0,25.0,0.0,156.0,1.0,2.6,SB,,,,,,,,,,,,,,,,,
ADANIENSOL,,,,,,-30.8,,,,,,,,,,,,,SUPPORT,Support_Resistance_25AUG26_Scan_30_7_2026.xlsx,1642.0,-1.84,28431.0,56.0,0.2,0.57,1600.0,503.0,0.0,680.0,2.0,2.63,SB,,,,,,,,,,,,,,,,,
GLENMARK,,,,,,-12.8,,,,,,,,,,,,,SUPPORT,Support_Resistance_25AUG26_Scan_30_7_2026.xlsx,2260.0,-0.56,30929.0,12.0,0.04,0.91,2200.0,510.0,2.0,794.0,-3.0,2.73,SB,,,,,,,,,,,,,,,,,
JSWENERGY,,,,,,-4.3,,,,,,,,,,,,,SUPPORT,Support_Resistance_25AUG26_Scan_30_7_2026.xlsx,544.75,-0.78,23227.0,19.0,0.08,0.82,530.0,0.0,,472.0,0.0,2.78,SB,,,,,,,,,,,,,,,,,
BRITANNIA,,,,,,3.0,,,,,,,,,,,,,SUPPORT,Support_Resistance_25AUG26_Scan_30_7_2026.xlsx,5450.0,0.06,16418.0,18.0,0.11,0.45,5300.0,0.0,,279.0,2.0,2.83,LB,,,,,,,,,,,,,,,,,
ICICIPRULI,,,,,,1.1,,,,,,,,,,,,,SUPPORT,Support_Resistance_25AUG26_Scan_30_7_2026.xlsx,514.4,0.21,20754.0,14.0,0.07,0.73,500.0,472.0,0.0,479.0,0.0,2.88,LB,,,,,,,,,,,,,,,,,
RBLBANK,,,,,,-2.35,,,,,,,,,,,,,SUPPORT,Support_Resistance_25AUG26_Scan_30_7_2026.xlsx,370.5,-0.63,15027.0,47.0,0.31,0.72,360.0,0.0,,278.0,0.0,2.92,SB,,,,,,,,,,,,,,,,,
TATAELXSI,,,,,,12.6,,,,,,,,,,,,,SUPPORT,Support_Resistance_25AUG26_Scan_30_7_2026.xlsx,3705.5,0.34,20928.0,33.0,0.16,0.6,3600.0,957.0,4.0,760.0,36.0,2.93,LB,,,,,,,,,,,,,,,,,
WAAREEENER,,,,,,,,,,,,,,,,,,,VOLUME_OI,VolumeAndOISpikesScans_25AUG26_Report_30_7_2026 (1).xlsx,"2,569.5",,,,,,,,,,,,,,,-5.95,,10.41,,,,,,,-162.5,7817425,736925,189.35 Cr,2558325,91.52
ALKEM,,,,,,,,,,,,,,,,,,,VOLUME_OI,VolumeAndOISpikesScans_25AUG26_Report_30_7_2026 (1).xlsx,"5,832.5",,,,,,,,,,,,,,,2.4,,1.43,,,,,,,136.5,1387500,19500,11.37 Cr,115375,50.33
EICHERMOT,,,,,,,,,,,,,,,,,,,VOLUME_OI,VolumeAndOISpikesScans_25AUG26_Report_30_7_2026 (1).xlsx,7770,,,,,,,,,,,,,,,0.32,,4.32,,,,,,,24.5,4119300,170400,132.40 Cr,729000,34.85
DABUR,,,,,,,,,,,,,,,,,,,VOLUME_OI,VolumeAndOISpikesScans_25AUG26_Report_30_7_2026 (1).xlsx,421.55,,,,,,,,,,,,,,,-3.23,,4.96,,,,,,,-14.05,30832500,1457500,61.44 Cr,5382500,11.99
FOCIT,,,,,,,,,,,,,,,,,,,VOLUME_OI,VolumeAndOISpikesScans_25AUG26_Report_30_7_2026 (1).xlsx,37873,,,,,,,,,,,,,,,1.81,,9.88,,,,,,,672,8010,720,2.73 Cr,3420,1.33
FORCEMOT,,,,,,,,,,,,,,,,,,,VOLUME_OI,VolumeAndOISpikesScans_25AUG26_Report_30_7_2026 (1).xlsx,17457,,,,,,,,,,,,,,,1.04,,-1.54,,,,,,,180,280125,-4375,-7.64 Cr,56500,0.09
TIINDIA,,,,,,,,,,,,,,,,,,,VOLUME_OI,VolumeAndOISpikesScans_25AUG26_Report_30_7_2026 (1).xlsx,"2,766.4",,,,,,,,,,,,,,,-1.24,,3.15,,,,,,,-34.6,2011000,61400,16.99 Cr,152200,-3.3
MAZDOCK,,,,,,,,,,,,,,,,,,,VOLUME_OI,VolumeAndOISpikesScans_25AUG26_Report_30_7_2026 (1).xlsx,"2,272.3",,,,,,,,,,,,,,,-1.69,,2.12,,,,,,,-39.1,5010525,104175,23.67 Cr,204300,-13.61
PERSISTENT,,,,,,,,,,,,,,,,,,,VOLUME_OI,VolumeAndOISpikesScans_25AUG26_Report_30_7_2026 (1).xlsx,"5,630.8",,,,,,,,,,,,,,,3,,1.75,,,,,,,164.1,3643500,62750,35.33 Cr,380500,-18.39
PREMIERENE,,,,,,,,,,,,,,,,,,,VOLUME_OI,VolumeAndOISpikesScans_25AUG26_Report_30_7_2026 (1).xlsx,998.8,,,,,,,,,,,,,,,-3.09,,4.35,,,,,,,-31.8,6703450,279500,27.92 Cr,620750,-18.79
SONACOMS,,,,,,,,,,,,,,,,,,,VOLUME_OI,VolumeAndOISpikesScans_25AUG26_Report_30_7_2026 (1).xlsx,736.8,,,,,,,,,,,,,,,1.67,,1.22,,,,,,,12.1,10757950,129850,9.57 Cr,1473675,-19.37
HEROMOTOCO,,,,,,,,,,,,,,,,,,,VOLUME_OI,VolumeAndOISpikesScans_25AUG26_Report_30_7_2026 (1).xlsx,5372,,,,,,,,,,,,,,,3.98,,0.78,,,,,,,205.7,4836150,37350,20.06 Cr,694950,-27.38
PRESTIGE,,,,,,,,,,,,,,,,,,,VOLUME_OI,VolumeAndOISpikesScans_25AUG26_Report_30_7_2026 (1).xlsx,"1,615.1",,,,,,,,,,,,,,,-3.6,,2.04,,,,,,,-60.4,4938750,98550,15.92 Cr,657000,-33.91
PAGEIND,,,,,,,,,,,,,,,,,,,VOLUME_OI,VolumeAndOISpikesScans_25AUG26_Report_30_7_2026 (1).xlsx,40960,,,,,,,,,,,,,,,1.85,,1.24,,,,,,,745,237780,2920,11.96 Cr,23060,-43.03
BIOCON,,,,,,,,,,,,,,,,,,,VOLUME_OI,VolumeAndOISpikesScans_25AUG26_Report_30_7_2026 (1).xlsx,428.8,,,,,,,,,,,,,,,-0.94,,0.69,,,,,,,-4.05,47535000,325000,13.94 Cr,3220000,-44.72
ASTRAL,,,,,,,,,,,,,,,,,,,VOLUME_OI,VolumeAndOISpikesScans_25AUG26_Report_30_7_2026 (1).xlsx,1461,,,,,,,,,,,,,,,-0.07,,1.57,,,,,,,-1,7102600,109650,16.02 Cr,347225,-47.46
ONGC,,,,,,,,,,,,,,,,,,,VOLUME_OI,VolumeAndOISpikesScans_25AUG26_Report_30_7_2026 (1).xlsx,245,,,,,,,,,,,,,,,2.32,,-0.9,,,,,,,5.56,53464500,-483750,-11.85 Cr,3287250,-49.69
BDL,,,,,,,,,,,,,,,,,,,VOLUME_OI,VolumeAndOISpikesScans_25AUG26_Report_30_7_2026 (1).xlsx,"1,213.5",,,,,,,,,,,,,,,-1.26,,0.88,,,,,,,-15.5,7291300,63750,7.74 Cr,334900,-51.12
LICHSGFIN,,,,,,,,,,,,,,,,,,,VOLUME_OI,VolumeAndOISpikesScans_25AUG26_Report_30_7_2026 (1).xlsx,531.7,,,,,,,,,,,,,,,-2.82,,2.01,,,,,,,-15.45,24037000,473000,25.15 Cr,1219000,-54.09
MANAPPURAM,,,,,,,,,,,,,,,,,,,VOLUME_OI,VolumeAndOISpikesScans_25AUG26_Report_30_7_2026 (1).xlsx,381.35,,,,,,,,,,,,,,,2.51,,1.38,,,,,,,9.35,53961000,732000,27.91 Cr,4194000,-55.25
HYUNDAI,,,,,,,,,,,,,,,,,,,VOLUME_OI,VolumeAndOISpikesScans_25AUG26_Report_30_7_2026 (1).xlsx,"1,999.2",,,,,,,,,,,,,,,0.96,,1.81,,,,,,,19,4013350,71225,14.24 Cr,220550,-55.32
PETRONET,,,,,,,,,,,,,,,,,,,VOLUME_OI,VolumeAndOISpikesScans_25AUG26_Report_30_7_2026 (1).xlsx,280.8,,,,,,,,,,,,,,,0.95,,0.27,,,,,,,2.65,31553300,85500,2.40 Cr,1031700,-58.45
TVSMOTOR,,,,,,,,,,,,,,,,,,,VOLUME_OI,VolumeAndOISpikesScans_25AUG26_Report_30_7_2026 (1).xlsx,"4,180.3",,,,,,,,,,,,,,,2.26,,1.62,,,,,,,92.4,11095525,176575,73.81 Cr,738150,-58.88
INDUSTOWER,,,,,,,,,,,,,,,,,,,VOLUME_OI,VolumeAndOISpikesScans_25AUG26_Report_30_7_2026 (1).xlsx,393.8,,,,,,,,,,,,,,,1.35,,-0.05,,,,,,,5.25,91565400,-42500,-1.67 Cr,2561900,-59.71
YESBANK,,,,,,,,,,,,,,,,,,,VOLUME_OI,VolumeAndOISpikesScans_25AUG26_Report_30_7_2026 (1).xlsx,22.71,,,,,,,,,,,,,,,-1.13,,0.25,,,,,,,-0.26,1194177800,2985600,6.78 Cr,22267600,-59.78
AUBANK,,,,,,,,,,,,,,,,,,,VOLUME_OI,VolumeAndOISpikesScans_25AUG26_Report_30_7_2026 (1).xlsx,"1,031.9",,,,,,,,,,,,,,,-1.42,,0,,,,,,,-14.9,22145000,-1000,-10.32 L,597000,-63.53
ADANIPOWER,,,,,,,,,,,,,,,,,,,VOLUME_OI,VolumeAndOISpikesScans_25AUG26_Report_30_7_2026 (1).xlsx,211.61,,,,,,,,,,,,,,,0.51,,1.22,,,,,,,1.08,154939750,1860200,39.36 Cr,4870600,-63.79
INOXWIND,,,,,,,,,,,,,,,,,,,VOLUME_OI,VolumeAndOISpikesScans_25AUG26_Report_30_7_2026 (1).xlsx,74.5,,,,,,,,,,,,,,,-3.37,,3.1,,,,,,,-2.6,108652800,3264000,24.32 Cr,7552000,-64.44
NESTLEIND,,,,,,,,,,,,,,,,,,,VOLUME_OI,VolumeAndOISpikesScans_25AUG26_Report_30_7_2026 (1).xlsx,"1,530.8",,,,,,,,,,,,,,,1.46,,1.56,,,,,,,22,9574500,147000,22.50 Cr,553000,-64.89
360ONE,,,,,,,,,,,,,,,,,,,VOLUME_OI,VolumeAndOISpikesScans_25AUG26_Report_30_7_2026 (1).xlsx,"1,151.6",,,,,,,,,,,,,,,-1.12,,1.12,,,,,,,-13.1,4462000,49500,5.70 Cr,258500,-65.85
M&M,,,,,,,,,,,,,,,,,,,VOLUME_OI,VolumeAndOISpikesScans_25AUG26_Report_30_7_2026 (1).xlsx,3289,,,,,,,,,,,,,,,1.82,,0.74,,,,,,,58.9,14790400,108800,35.78 Cr,1109600,-65.89
KFINTECH,,,,,,,,,,,,,,,,,,,VOLUME_OI,VolumeAndOISpikesScans_25AUG26_Report_30_7_2026 (1).xlsx,932.25,,,,,,,,,,,,,,,-1.84,,3.01,,,,,,,-17.45,3537975,103500,9.65 Cr,531300,-66.05
WIPRO,,,,,,,,,,,,,,,,,,,VOLUME_OI,VolumeAndOISpikesScans_25AUG26_Report_30_7_2026 (1).xlsx,188.25,,,,,,,,,,,,,,,2.56,,-1.66,,,,,,,4.7,248226000,-4188000,-78.84 Cr,14343000,-66.1
NYKAA,,,,,,,,,,,,,,,,,,,VOLUME_OI,VolumeAndOISpikesScans_25AUG26_Report_30_7_2026 (1).xlsx,331.9,,,,,,,,,,,,,,,0.76,,0.08,,,,,,,2.5,43565625,34375,1.14 Cr,703125,-67.49
DIXON,,,,,,,,,,,,,,,,,,,VOLUME_OI,VolumeAndOISpikesScans_25AUG26_Report_30_7_2026 (1).xlsx,14226,,,,,,,,,,,,,,,0.94,,0.3,,,,,,,132,2272300,6700,9.53 Cr,163650,-67.57
MPHASIS,,,,,,,,,,,,,,,,,,,VOLUME_OI,VolumeAndOISpikesScans_25AUG26_Report_30_7_2026 (1).xlsx,2409,,,,,,,,,,,,,,,1.6,,1.86,,,,,,,38,4305950,78650,18.95 Cr,360250,-67.61
MUTHOOTFIN,,,,,,,,,,,,,,,,,,,VOLUME_OI,VolumeAndOISpikesScans_25AUG26_Report_30_7_2026 (1).xlsx,3045,,,,,,,,,,,,,,,0.29,,0.35,,,,,,,8.9,7036425,24475,7.45 Cr,198825,-68.37
SHRIRAMFIN,,,,,,,,,,,,,,,,,,,VOLUME_OI,VolumeAndOISpikesScans_25AUG26_Report_30_7_2026 (1).xlsx,"1,033.3",,,,,,,,,,,,,,,-1.37,,1.16,,,,,,,-14.3,27346275,312675,32.31 Cr,877800,-68.51
HINDALCO,,,,,,,,,,,,,,,,,,,VOLUME_OI,VolumeAndOISpikesScans_25AUG26_Report_30_7_2026 (1).xlsx,969.5,,,,,,,,,,,,,,,0.12,,0.32,,,,,,,1.15,52026800,163800,15.88 Cr,1512700,-69.12
BANKNIFTY,,,,,,,,,,,,,,,,,,,VOLUME_OI,VolumeAndOISpikesScans_25AUG26_Report_30_7_2026 (1).xlsx,"57,059.4",,,,,,,,,,,,,,,-0.5,,1.67,,,,,,,-285,2120670,34920,199.25 Cr,161730,-69.98
NBCC,,,,,,,,,,,,,,,,,,,VOLUME_OI,VolumeAndOISpikesScans_25AUG26_Report_30_7_2026 (1).xlsx,93.5,,,,,,,,,,,,,,,-1.39,,0.23,,,,,,,-1.32,100425000,227500,2.13 Cr,1456000,-70.37
MCX,,,,,,,,,,,,,,,,,,,VOLUME_OI,VolumeAndOISpikesScans_25AUG26_Report_30_7_2026 (1).xlsx,"2,704.4",,,,,,,,,,,,,,,-1.02,,0.36,,,,,,,-27.8,7028775,24975,6.75 Cr,247725,-70.73
PNBHOUSING,,,,,,,,,,,,,,,,,,,VOLUME_OI,VolumeAndOISpikesScans_25AUG26_Report_30_7_2026 (1).xlsx,"1,036.1",,,,,,,,,,,,,,,-1.41,,0.13,,,,,,,-14.8,7401550,9750,1.01 Cr,340600,-71.37
TATACONSUM,,,,,,,,,,,,,,,,,,,VOLUME_OI,VolumeAndOISpikesScans_25AUG26_Report_30_7_2026 (1).xlsx,"1,111.7",,,,,,,,,,,,,,,0.85,,-0.11,,,,,,,9.4,15403300,-17600,-1.96 Cr,222200,-71.96
GODREJPROP,,,,,,,,,,,,,,,,,,,VOLUME_OI,VolumeAndOISpikesScans_25AUG26_Report_30_7_2026 (1).xlsx,2121,,,,,,,,,,,,,,,-1.91,,0.62,,,,,,,-41.3,7571850,46475,9.86 Cr,213525,-72.42
ULTRACEMCO,,,,,,,,,,,,,,,,,,,VOLUME_OI,VolumeAndOISpikesScans_25AUG26_Report_30_7_2026 (1).xlsx,11824,,,,,,,,,,,,,,,-1.9,,-0.16,,,,,,,-229,1756800,-2900,-3.43 Cr,37400,-72.99
TECHM,,,,,,,,,,,,,,,,,,,VOLUME_OI,VolumeAndOISpikesScans_25AUG26_Report_30_7_2026 (1).xlsx,1669,,,,,,,,,,,,,,,1.59,,0.44,,,,,,,26.1,17776200,78000,13.02 Cr,619200,-73.08
PIIND,,,,,,,,,,,,,,,,,,,VOLUME_OI,VolumeAndOISpikesScans_25AUG26_Report_30_7_2026 (1).xlsx,2728,,,,,,,,,,,,,,,-0.99,,0.43,,,,,,,-27.2,2742425,11725,3.20 Cr,54950,-73.14
BAJFINANCE,,,,,,,,,,,,,,,,,,,VOLUME_OI,VolumeAndOISpikesScans_25AUG26_Report_30_7_2026 (1).xlsx,"1,057.1",,,,,,,,,,,,,,,-0.04,,0.85,,,,,,,-0.4,66213000,558000,58.99 Cr,1868250,-73.38
DMART,,,,,,,,,,,,,,,,,,,VOLUME_OI,VolumeAndOISpikesScans_25AUG26_Report_30_7_2026 (1).xlsx,"3,915.8",,,,,,,,,,,,,,,1.63,,-0.42,,,,,,,62.9,5129550,-21450,-8.40 Cr,177150,-73.4
KAYNES,,,,,,,,,,,,,,,,,,,VOLUME_OI,VolumeAndOISpikesScans_25AUG26_Report_30_7_2026 (1).xlsx,3686,,,,,,,,,,,,,,,0.79,,3.58,,,,,,,28.8,3808350,131550,48.49 Cr,606300,-73.78
MARUTI,,,,,,,,,,,,,,,,,,,VOLUME_OI,VolumeAndOISpikesScans_25AUG26_Report_30_7_2026 (1).xlsx,13840,,,,,,,,,,,,,,,0.01,,1.49,,,,,,,1,2206250,32450,44.91 Cr,99850,-74.65
INDHOTEL,,,,,,,,,,,,,,,,,,,VOLUME_OI,VolumeAndOISpikesScans_25AUG26_Report_30_7_2026 (1).xlsx,743.75,,,,,,,,,,,,,,,0.45,,0.05,,,,,,,3.35,21487000,11000,81.81 L,353000,-74.88
ADANIPORTS,,,,,,,,,,,,,,,,,,,VOLUME_OI,VolumeAndOISpikesScans_25AUG26_Report_30_7_2026 (1).xlsx,"1,681.5",,,,,,,,,,,,,,,-2.74,,2.33,,,,,,,-47.4,21057700,478800,80.51 Cr,2293300,-75.27
IOC,,,,,,,,,,,,,,,,,,,VOLUME_OI,VolumeAndOISpikesScans_25AUG26_Report_30_7_2026 (1).xlsx,140.03,,,,,,,,,,,,,,,0.24,,-0.06,,,,,,,0.33,145474875,-82875,-1.16 Cr,1779375,-75.72
IDEA,,,,,,,,,,,,,,,,,,,VOLUME_OI,VolumeAndOISpikesScans_25AUG26_Report_30_7_2026 (1).xlsx,13.16,,,,,,,,,,,,,,,0.08,,0.12,,,,,,,0.01,5897044875,7147500,9.41 Cr,51462000,-75.78
HDFCAMC,,,,,,,,,,,,,,,,,,,VOLUME_OI,VolumeAndOISpikesScans_25AUG26_Report_30_7_2026 (1).xlsx,"2,550.9",,,,,,,,,,,,,,,-0.18,,-0.22,,,,,,,-4.6,6100800,-13200,-3.37 Cr,106200,-75.82
SBIN,,,,,,,,,,,,,,,,,,,VOLUME_OI,VolumeAndOISpikesScans_25AUG26_Report_30_7_2026 (1).xlsx,1021,,,,,,,,,,,,,,,0.12,,0.06,,,,,,,1.2,80911500,46500,4.75 Cr,891750,-76.31
IRFC,,,,,,,,,,,,,,,,,,,VOLUME_OI,VolumeAndOISpikesScans_25AUG26_Report_30_7_2026 (1).xlsx,88.89,,,,,,,,,,,,,,,-0.75,,0.93,,,,,,,-0.67,81353300,748650,6.65 Cr,2783025,-76.42
OIL,,,,,,,,,,,,,,,,,,,VOLUME_OI,VolumeAndOISpikesScans_25AUG26_Report_30_7_2026 (1).xlsx,458.05,,,,,,,,,,,,,,,2.81,,0.22,,,,,,,12.5,16108400,35000,1.60 Cr,407400,-76.55
BAJAJ-AUTO,,,,,,,,,,,,,,,,,,,VOLUME_OI,VolumeAndOISpikesScans_25AUG26_Report_30_7_2026 (1).xlsx,11510,,,,,,,,,,,,,,,0.96,,0.88,,,,,,,109.5,1920000,16725,19.25 Cr,72975,-76.6
KEI,,,,,,,,,,,,,,,,,,,VOLUME_OI,VolumeAndOISpikesScans_25AUG26_Report_30_7_2026 (1).xlsx,4771,,,,,,,,,,,,,,,-1.83,,0.69,,,,,,,-89,2036475,14000,6.68 Cr,43750,-76.7
TORNTPHARM,,,,,,,,,,,,,,,,,,,VOLUME_OI,VolumeAndOISpikesScans_25AUG26_Report_30_7_2026 (1).xlsx,"4,942.6",,,,,,,,,,,,,,,0.8,,-0.42,,,,,,,39.2,4214625,-17625,-8.71 Cr,92500,-76.8
FEDERALBNK,,,,,,,,,,,,,,,,,,,VOLUME_OI,VolumeAndOISpikesScans_25AUG26_Report_30_7_2026 (1).xlsx,356.15,,,,,,,,,,,,,,,-0.79,,-0.21,,,,,,,-2.85,86670000,-180000,-6.41 Cr,1215000,-77.33
SUNPHARMA,,,,,,,,,,,,,,,,,,,VOLUME_OI,VolumeAndOISpikesScans_25AUG26_Report_30_7_2026 (1).xlsx,"2,011.4",,,,,,,,,,,,,,,0.78,,0.4,,,,,,,15.5,14035700,55300,11.12 Cr,295050,-77.42
LAURUSLABS,,,,,,,,,,,,,,,,,,,VOLUME_OI,VolumeAndOISpikesScans_25AUG26_Report_30_7_2026 (1).xlsx,"1,781.4",,,,,,,,,,,,,,,-0.22,,1.11,,,,,,,-3.9,16814700,184450,32.86 Cr,817700,-77.43
INDIGO,,,,,,,,,,,,,,,,,,,VOLUME_OI,VolumeAndOISpikesScans_25AUG26_Report_30_7_2026 (1).xlsx,5252,,,,,,,,,,,,,,,-0.79,,0.27,,,,,,,-42,5640300,15450,8.11 Cr,126750,-77.46
SOLARINDS,,,,,,,,,,,,,,,,,,,VOLUME_OI,VolumeAndOISpikesScans_25AUG26_Report_30_7_2026 (1).xlsx,18121,,,,,,,,,,,,,,,-0.41,,0.67,,,,,,,-74,791400,5300,9.60 Cr,13600,-77.96
ADANIGREEN,,,,,,,,,,,,,,,,,,,VOLUME_OI,VolumeAndOISpikesScans_25AUG26_Report_30_7_2026 (1).xlsx,"1,375.4",,,,,,,,,,,,,,,-0.46,,0.7,,,,,,,-6.4,26430600,184200,25.33 Cr,514800,-78.23
INDIANB,,,,,,,,,,,,,,,,,,,VOLUME_OI,VolumeAndOISpikesScans_25AUG26_Report_30_7_2026 (1).xlsx,830.5,,,,,,,,,,,,,,,-0.19,,0.32,,,,,,,-1.55,12415000,39000,3.24 Cr,269000,-78.65
UNOMINDA,,,,,,,,,,,,,,,,,,,VOLUME_OI,VolumeAndOISpikesScans_25AUG26_Report_30_7_2026 (1).xlsx,1185,,,,,,,,,,,,,,,0.83,,-0.75,,,,,,,9.7,4442900,-33550,-3.98 Cr,167750,-78.75
KALYANKJIL,,,,,,,,,,,,,,,,,,,VOLUME_OI,VolumeAndOISpikesScans_25AUG26_Report_30_7_2026 (1).xlsx,639,,,,,,,,,,,,,,,1.29,,-0.58,,,,,,,8.15,24244650,-141750,-9.06 Cr,3005100,-79.18
VEDL,,,,,,,,,,,,,,,,,,,VOLUME_OI,VolumeAndOISpikesScans_25AUG26_Report_30_7_2026 (1).xlsx,266.1,,,,,,,,,,,,,,,0.19,,0.1,,,,,,,0.5,49116500,50600,1.35 Cr,587650,-79.18
SUPREMEIND,,,,,,,,,,,,,,,,,,,VOLUME_OI,VolumeAndOISpikesScans_25AUG26_Report_30_7_2026 (1).xlsx,3504,,,,,,,,,,,,,,,0.09,,1.03,,,,,,,3,2283400,23275,8.16 Cr,117775,-79.21
MOTILALOFS,,,,,,,,,,,,,,,,,,,VOLUME_OI,VolumeAndOISpikesScans_25AUG26_Report_30_7_2026 (1).xlsx,849.65,,,,,,,,,,,,,,,-1.25,,0.39,,,,,,,-10.75,6976550,27125,2.30 Cr,161200,-79.39
BPCL,,,,,,,,,,,,,,,,,,,VOLUME_OI,VolumeAndOISpikesScans_25AUG26_Report_30_7_2026 (1).xlsx,318.65,,,,,,,,,,,,,,,-0.2,,0.62,,,,,,,-0.65,38869975,238975,7.61 Cr,598425,-79.42
LTM,,,,,,,,,,,,,,,,,,,VOLUME_OI,VolumeAndOISpikesScans_25AUG26_Report_30_7_2026 (1).xlsx,"4,510.3",,,,,,,,,,,,,,,1.79,,0.27,,,,,,,79.5,2881950,7800,3.52 Cr,113700,-79.57
HINDPETRO,,,,,,,,,,,,,,,,,,,VOLUME_OI,VolumeAndOISpikesScans_25AUG26_Report_30_7_2026 (1).xlsx,393.6,,,,,,,,,,,,,,,-0.38,,0.44,,,,,,,-1.5,42150375,186300,7.33 Cr,700650,-79.62
ADANIENSOL,,,,,,,,,,,,,,,,,,,VOLUME_OI,VolumeAndOISpikesScans_25AUG26_Report_30_7_2026 (1).xlsx,"1,664.6",,,,,,,,,,,,,,,-0.49,,0.49,,,,,,,-8.2,19247625,94500,15.73 Cr,454950,-79.87
CDSL,,,,,,,,,,,,,,,,,,,VOLUME_OI,VolumeAndOISpikesScans_25AUG26_Report_30_7_2026 (1).xlsx,"1,342.5",,,,,,,,,,,,,,,-1.13,,0.31,,,,,,,-15.4,9552250,29450,3.95 Cr,260775,-79.9
HINDZINC,,,,,,,,,,,,,,,,,,,VOLUME_OI,VolumeAndOISpikesScans_25AUG26_Report_30_7_2026 (1).xlsx,539.1,,,,,,,,,,,,,,,-0.27,,0.16,,,,,,,-1.45,28707875,46550,2.51 Cr,625975,-79.9
POLYCAB,,,,,,,,,,,,,,,,,,,VOLUME_OI,VolumeAndOISpikesScans_25AUG26_Report_30_7_2026 (1).xlsx,8962,,,,,,,,,,,,,,,-1.53,,1.2,,,,,,,-139,2357750,28000,25.09 Cr,62875,-80.04
AMBER,,,,,,,,,,,,,,,,,,,VOLUME_OI,VolumeAndOISpikesScans_25AUG26_Report_30_7_2026 (1).xlsx,7506,,,,,,,,,,,,,,,0.83,,-0.44,,,,,,,62,1257000,-5500,-4.13 Cr,68700,-80.07
IDFCFIRSTB,,,,,,,,,,,,,,,,,,,VOLUME_OI,VolumeAndOISpikesScans_25AUG26_Report_30_7_2026 (1).xlsx,84.1,,,,,,,,,,,,,,,-1.12,,0.13,,,,,,,-0.95,353729950,454475,3.82 Cr,5861800,-80.18
HCLTECH,,,,,,,,,,,,,,,,,,,VOLUME_OI,VolumeAndOISpikesScans_25AUG26_Report_30_7_2026 (1).xlsx,"1,371.6",,,,,,,,,,,,,,,1.8,,0.19,,,,,,,24.2,27229600,52800,7.24 Cr,867200,-80.21
FORTIS,,,,,,,,,,,,,,,,,,,VOLUME_OI,VolumeAndOISpikesScans_25AUG26_Report_30_7_2026 (1).xlsx,959.15,,,,,,,,,,,,,,,0.11,,0,,,,,,,1.05,9089975,0,-,156550,-80.25
BRITANNIA,,,,,,,,,,,,,,,,,,,VOLUME_OI,VolumeAndOISpikesScans_25AUG26_Report_30_7_2026 (1).xlsx,"5,465.5",,,,,,,,,,,,,,,0.34,,0.1,,,,,,,18.5,2052125,2125,1.16 Cr,57750,-80.29
HDFCLIFE,,,,,,,,,,,,,,,,,,,VOLUME_OI,VolumeAndOISpikesScans_25AUG26_Report_30_7_2026 (1).xlsx,556,,,,,,,,,,,,,,,-0.68,,0.21,,,,,,,-3.8,41317100,85800,4.77 Cr,485100,-80.37
AUROPHARMA,,,,,,,,,,,,,,,,,,,VOLUME_OI,VolumeAndOISpikesScans_25AUG26_Report_30_7_2026 (1).xlsx,1605,,,,,,,,,,,,,,,0.34,,0.74,,,,,,,5.4,9976450,73700,11.83 Cr,316800,-80.39
INFY,,,,,,,,,,,,,,,,,,,VOLUME_OI,VolumeAndOISpikesScans_25AUG26_Report_30_7_2026 (1).xlsx,"1,180.1",,,,,,,,,,,,,,,2.03,,0.43,,,,,,,23.5,92748800,400400,47.25 Cr,5418000,-80.49
TRENT,,,,,,,,,,,,,,,,,,,VOLUME_OI,VolumeAndOISpikesScans_25AUG26_Report_30_7_2026 (1).xlsx,"3,019.5",,,,,,,,,,,,,,,0.22,,0.27,,,,,,,6.5,11188125,29700,8.97 Cr,167850,-80.66
KPITTECH,,,,,,,,,,,,,,,,,,,VOLUME_OI,VolumeAndOISpikesScans_25AUG26_Report_30_7_2026 (1).xlsx,589.6,,,,,,,,,,,,,,,-7.54,,7.09,,,,,,,-48.05,13178100,872650,51.45 Cr,5094075,-80.96
SIEMENS,,,,,,,,,,,,,,,,,,,VOLUME_OI,VolumeAndOISpikesScans_25AUG26_Report_30_7_2026 (1).xlsx,"3,581.1",,,,,,,,,,,,,,,-0.99,,0.74,,,,,,,-35.9,3691100,26950,9.65 Cr,72100,-81.06
PIDILITIND,,,,,,,,,,,,,,,,,,,VOLUME_OI,VolumeAndOISpikesScans_25AUG26_Report_30_7_2026 (1).xlsx,"1,633.5",,,,,,,,,,,,,,,-0.16,,0,,,,,,,-2.6,7629500,0,-,221500,-81.28
HAL,,,,,,,,,,,,,,,,,,,VOLUME_OI,VolumeAndOISpikesScans_25AUG26_Report_30_7_2026 (1).xlsx,4580,,,,,,,,,,,,,,,-0.4,,0.67,,,,,,,-18.2,5048100,33600,15.39 Cr,67950,-81.3
DLF,,,,,,,,,,,,,,,,,,,VOLUME_OI,VolumeAndOISpikesScans_25AUG26_Report_30_7_2026 (1).xlsx,667.7,,,,,,,,,,,,,,,-0.68,,0.24,,,,,,,-4.55,47058250,112100,7.48 Cr,803700,-81.44
MOTHERSON,,,,,,,,,,,,,,,,,,,VOLUME_OI,VolumeAndOISpikesScans_25AUG26_Report_30_7_2026 (1).xlsx,147.81,,,,,,,,,,,,,,,0.91,,0.26,,,,,,,1.34,127477200,325950,4.82 Cr,2896650,-81.52
NIFTY,,,,,,,,,,,,,,,,,,,VOLUME_OI,VolumeAndOISpikesScans_25AUG26_Report_30_7_2026 (1).xlsx,"24,322.1",,,,,,,,,,,,,,,0.04,,0.07,,,,,,,10.6,13320385,9230,22.45 Cr,620425,-81.57
VOLTAS,,,,,,,,,,,,,,,,,,,VOLUME_OI,VolumeAndOISpikesScans_25AUG26_Report_30_7_2026 (1).xlsx,"1,309.5",,,,,,,,,,,,,,,-0.88,,-0.13,,,,,,,-11.6,7215375,-9750,-1.28 Cr,146625,-81.75
SENSEX,,,,,,,,,,,,,,,,,,,VOLUME_OI,VolumeAndOISpikesScans_25AUG26_Report_30_7_2026 (1).xlsx,77693.75,,,,,,,,,,,,,,,-0.01,,1.28,,,,,,,-11.25,25400,320,2.49 Cr,5220,-81.76
GMRAIRPORT,,,,,,,,,,,,,,,,,,,VOLUME_OI,VolumeAndOISpikesScans_25AUG26_Report_30_7_2026 (1).xlsx,105.92,,,,,,,,,,,,,,,-1.63,,0.46,,,,,,,-1.75,128458575,585900,6.21 Cr,2385450,-81.83
BSE,,,,,,,,,,,,,,,,,,,VOLUME_OI,VolumeAndOISpikesScans_25AUG26_Report_30_7_2026 (1).xlsx,"3,531.7",,,,,,,,,,,,,,,-0.6,,0.12,,,,,,,-21.3,8274000,10000,3.53 Cr,222200,-81.86
TMPV,,,,,,,,,,,,,,,,,,,VOLUME_OI,VolumeAndOISpikesScans_25AUG26_Report_30_7_2026 (1).xlsx,333,,,,,,,,,,,,,,,0.36,,-0.06,,,,,,,1.2,78305600,-46400,-1.55 Cr,1475200,-81.89
BAJAJFINSV,,,,,,,,,,,,,,,,,,,VOLUME_OI,VolumeAndOISpikesScans_25AUG26_Report_30_7_2026 (1).xlsx,"1,922.2",,,,,,,,,,,,,,,-0.35,,0.62,,,,,,,-6.7,8730300,54000,10.38 Cr,169500,-82.05
TCS,,,,,,,,,,,,,,,,,,,VOLUME_OI,VolumeAndOISpikesScans_25AUG26_Report_30_7_2026 (1).xlsx,2472,,,,,,,,,,,,,,,1.21,,0.07,,,,,,,29.6,33635925,22275,5.51 Cr,1165050,-82.35
APLAPOLLO,,,,,,,,,,,,,,,,,,,VOLUME_OI,VolumeAndOISpikesScans_25AUG26_Report_30_7_2026 (1).xlsx,"1,883.8",,,,,,,,,,,,,,,0.37,,0.17,,,,,,,7,4440450,7350,1.38 Cr,61600,-82.42
ICICIBANK,,,,,,,,,,,,,,,,,,,VOLUME_OI,VolumeAndOISpikesScans_25AUG26_Report_30_7_2026 (1).xlsx,"1,422.6",,,,,,,,,,,,,,,-0.59,,0.01,,,,,,,-8.5,106476300,14700,2.09 Cr,1220800,-82.47
HAVELLS,,,,,,,,,,,,,,,,,,,VOLUME_OI,VolumeAndOISpikesScans_25AUG26_Report_30_7_2026 (1).xlsx,"1,241.2",,,,,,,,,,,,,,,-0.27,,0.71,,,,,,,-3.4,9471000,66500,8.25 Cr,193500,-82.48
INDUSINDBK,,,,,,,,,,,,,,,,,,,VOLUME_OI,VolumeAndOISpikesScans_25AUG26_Report_30_7_2026 (1).xlsx,1009.35,,,,,,,,,,,,,,,-0.44,,0.03,,,,,,,-4.45,34630400,11900,1.20 Cr,356300,-82.7
IREDA,,,,,,,,,,,,,,,,,,,VOLUME_OI,VolumeAndOISpikesScans_25AUG26_Report_30_7_2026 (1).xlsx,117.34,,,,,,,,,,,,,,,-1.54,,0.86,,,,,,,-1.83,63992550,547525,6.42 Cr,1076950,-82.7
ITC,,,,,,,,,,,,,,,,,,,VOLUME_OI,VolumeAndOISpikesScans_25AUG26_Report_30_7_2026 (1).xlsx,288.9,,,,,,,,,,,,,,,0.42,,0.05,,,,,,,1.2,156467850,84525,2.44 Cr,2485725,-82.78
HDFCBANK,,,,,,,,,,,,,,,,,,,VOLUME_OI,VolumeAndOISpikesScans_25AUG26_Report_30_7_2026 (1).xlsx,748.95,,,,,,,,,,,,,,,-0.24,,0.33,,,,,,,-1.8,298628200,972400,72.83 Cr,3246750,-82.92
NHPC,,,,,,,,,,,,,,,,,,,VOLUME_OI,VolumeAndOISpikesScans_25AUG26_Report_30_7_2026 (1).xlsx,77.54,,,,,,,,,,,,,,,-0.76,,0.09,,,,,,,-0.59,121527700,104250,80.84 L,1459500,-83.04
APOLLOHOSP,,,,,,,,,,,,,,,,,,,VOLUME_OI,VolumeAndOISpikesScans_25AUG26_Report_30_7_2026 (1).xlsx,"8,975.5",,,,,,,,,,,,,,,0.13,,0.08,,,,,,,12,1922375,1625,1.46 Cr,16375,-83.07
AXISBANK,,,,,,,,,,,,,,,,,,,VOLUME_OI,VolumeAndOISpikesScans_25AUG26_Report_30_7_2026 (1).xlsx,"1,232.2",,,,,,,,,,,,,,,-0.63,,0.28,,,,,,,-7.8,78930625,221250,27.26 Cr,1141875,-83.07
PATANJALI,,,,,,,,,,,,,,,,,,,VOLUME_OI,VolumeAndOISpikesScans_25AUG26_Report_30_7_2026 (1).xlsx,361.8,,,,,,,,,,,,,,,0.84,,1.99,,,,,,,3,30941725,603075,21.82 Cr,3362600,-83.09
MIDCPNIFTY,,,,,,,,,,,,,,,,,,,VOLUME_OI,VolumeAndOISpikesScans_25AUG26_Report_30_7_2026 (1).xlsx,14710.15,,,,,,,,,,,,,,,-0.13,,-0.79,,,,,,,-19.7,1873320,-15000,-22.07 Cr,40440,-83.18
NAM-INDIA,,,,,,,,,,,,,,,,,,,VOLUME_OI,VolumeAndOISpikesScans_25AUG26_Report_30_7_2026 (1).xlsx,"1,164.1",,,,,,,,,,,,,,,0.47,,0.49,,,,,,,5.4,7041875,34375,4.00 Cr,129375,-83.23
ANGELONE,,,,,,,,,,,,,,,,,,,VOLUME_OI,VolumeAndOISpikesScans_25AUG26_Report_30_7_2026 (1).xlsx,299.35,,,,,,,,,,,,,,,-1.32,,1.13,,,,,,,-4,25555000,285000,8.53 Cr,982500,-83.25
ICICIGI,,,,,,,,,,,,,,,,,,,VOLUME_OI,VolumeAndOISpikesScans_25AUG26_Report_30_7_2026 (1).xlsx,"1,635.8",,,,,,,,,,,,,,,-1.3,,0.25,,,,,,,-21.6,5084950,12675,2.07 Cr,79625,-83.4
ADANIENT,,,,,,,,,,,,,,,,,,,VOLUME_OI,VolumeAndOISpikesScans_25AUG26_Report_30_7_2026 (1).xlsx,"3,063.3",,,,,,,,,,,,,,,0.67,,-0.11,,,,,,,20.4,16129800,-18540,-5.68 Cr,499653,-83.44
NIFTYNXT50,,,,,,,,,,,,,,,,,,,VOLUME_OI,VolumeAndOISpikesScans_25AUG26_Report_30_7_2026 (1).xlsx,72800,,,,,,,,,,,,,,,0.2,,0.95,,,,,,,141.8,15900,150,1.09 Cr,500,-83.47
CROMPTON,,,,,,,,,,,,,,,,,,,VOLUME_OI,VolumeAndOISpikesScans_25AUG26_Report_30_7_2026 (1).xlsx,260.9,,,,,,,,,,,,,,,-1.95,,0.27,,,,,,,-5.2,58381100,154800,4.04 Cr,1797400,-83.59
MAXHEALTH,,,,,,,,,,,,,,,,,,,VOLUME_OI,VolumeAndOISpikesScans_25AUG26_Report_30_7_2026 (1).xlsx,1124,,,,,,,,,,,,,,,0.62,,0.29,,,,,,,6.9,9703050,27825,3.13 Cr,130200,-83.59
LICI,,,,,,,,,,,,,,,,,,,VOLUME_OI,VolumeAndOISpikesScans_25AUG26_Report_30_7_2026 (1).xlsx,422,,,,,,,,,,,,,,,0.05,,0.18,,,,,,,0.2,18265800,32200,1.36 Cr,190400,-83.65
ICICIPRULI,,,,,,,,,,,,,,,,,,,VOLUME_OI,VolumeAndOISpikesScans_25AUG26_Report_30_7_2026 (1).xlsx,512.35,,,,,,,,,,,,,,,-0.19,,0,,,,,,,-0.95,19184500,0,-,160950,-83.89
GVT&D,,,,,,,,,,,,,,,,,,,VOLUME_OI,VolumeAndOISpikesScans_25AUG26_Report_30_7_2026 (1).xlsx,"4,060.1",,,,,,,,,,,,,,,-1.41,,1.37,,,,,,,-57.9,2967250,40125,16.29 Cr,106875,-83.91
TATASTEEL,,,,,,,,,,,,,,,,,,,VOLUME_OI,VolumeAndOISpikesScans_25AUG26_Report_30_7_2026 (1).xlsx,188.25,,,,,,,,,,,,,,,-0.08,,-0.19,,,,,,,-0.16,160591750,-313500,-5.90 Cr,4114000,-83.94
SUZLON,,,,,,,,,,,,,,,,,,,VOLUME_OI,VolumeAndOISpikesScans_25AUG26_Report_30_7_2026 (1).xlsx,46.53,,,,,,,,,,,,,,,-2.27,,0.16,,,,,,,-1.08,460146400,736600,3.43 Cr,19126200,-83.97
RADICO,,,,,,,,,,,,,,,,,,,VOLUME_OI,VolumeAndOISpikesScans_25AUG26_Report_30_7_2026 (1).xlsx,4478,,,,,,,,,,,,,,,2.24,,1.66,,,,,,,98,780150,12750,5.71 Cr,114150,-84.0
JINDALSTEL,,,,,,,,,,,,,,,,,,,VOLUME_OI,VolumeAndOISpikesScans_25AUG26_Report_30_7_2026 (1).xlsx,"1,102.8",,,,,,,,,,,,,,,0.78,,0,,,,,,,8.5,12800000,-625,-6.89 L,445000,-84.14
PGEL,,,,,,,,,,,,,,,,,,,VOLUME_OI,VolumeAndOISpikesScans_25AUG26_Report_30_7_2026 (1).xlsx,612.7,,,,,,,,,,,,,,,-0.62,,0.73,,,,,,,-3.8,10482300,76000,4.66 Cr,642200,-84.2
JUBLFOOD,,,,,,,,,,,,,,,,,,,VOLUME_OI,VolumeAndOISpikesScans_25AUG26_Report_30_7_2026 (1).xlsx,435.3,,,,,,,,,,,,,,,-0.94,,0.07,,,,,,,-4.15,17335000,12500,54.41 L,431250,-84.32
ETERNAL,,,,,,,,,,,,,,,,,,,VOLUME_OI,VolumeAndOISpikesScans_25AUG26_Report_30_7_2026 (1).xlsx,309,,,,,,,,,,,,,,,-0.74,,-0.19,,,,,,,-2.3,151378200,-283725,-8.77 Cr,6062500,-84.54
LODHA,,,,,,,,,,,,,,,,,,,VOLUME_OI,VolumeAndOISpikesScans_25AUG26_Report_30_7_2026 (1).xlsx,"1,231.3",,,,,,,,,,,,,,,-0.29,,0.29,,,,,,,-3.55,13825625,40625,5.00 Cr,480625,-84.65
PNB,,,,,,,,,,,,,,,,,,,VOLUME_OI,VolumeAndOISpikesScans_25AUG26_Report_30_7_2026 (1).xlsx,112.05,,,,,,,,,,,,,,,0.25,,0.04,,,,,,,0.28,293520000,120000,1.34 Cr,2608000,-84.74
BHARATFORG,,,,,,,,,,,,,,,,,,,VOLUME_OI,VolumeAndOISpikesScans_25AUG26_Report_30_7_2026 (1).xlsx,"2,177.9",,,,,,,,,,,,,,,0,,0.36,,,,,,,0,7553000,27000,5.88 Cr,92500,-84.82
CGPOWER,,,,,,,,,,,,,,,,,,,VOLUME_OI,VolumeAndOISpikesScans_25AUG26_Report_30_7_2026 (1).xlsx,824.8,,,,,,,,,,,,,,,-1.15,,1,,,,,,,-9.6,18736550,186150,15.35 Cr,691050,-85.09
OBEROIRLTY,,,,,,,,,,,,,,,,,,,VOLUME_OI,VolumeAndOISpikesScans_25AUG26_Report_30_7_2026 (1).xlsx,1823,,,,,,,,,,,,,,,-0.92,,0.25,,,,,,,-16.9,5501650,13650,2.49 Cr,65100,-85.39
RECLTD,,,,,,,,,,,,,,,,,,,VOLUME_OI,VolumeAndOISpikesScans_25AUG26_Report_30_7_2026 (1).xlsx,371.7,,,,,,,,,,,,,,,0.26,,0.29,,,,,,,0.95,43403850,127575,4.74 Cr,1105650,-85.44
DRREDDY,,,,,,,,,,,,,,,,,,,VOLUME_OI,VolumeAndOISpikesScans_25AUG26_Report_30_7_2026 (1).xlsx,1144,,,,,,,,,,,,,,,-0.06,,0.07,,,,,,,-0.7,13918750,9375,1.07 Cr,431875,-85.51
MARICO,,,,,,,,,,,,,,,,,,,VOLUME_OI,VolumeAndOISpikesScans_25AUG26_Report_30_7_2026 (1).xlsx,885,,,,,,,,,,,,,,,0.63,,1.15,,,,,,,5.5,14572800,165600,14.66 Cr,726000,-85.58
CAMS,,,,,,,,,,,,,,,,,,,VOLUME_OI,VolumeAndOISpikesScans_25AUG26_Report_30_7_2026 (1).xlsx,791.3,,,,,,,,,,,,,,,-0.37,,0.75,,,,,,,-2.95,6547200,48675,3.85 Cr,130350,-85.61
CANBK,,,,,,,,,,,,,,,,,,,VOLUME_OI,VolumeAndOISpikesScans_25AUG26_Report_30_7_2026 (1).xlsx,124.75,,,,,,,,,,,,,,,-0.57,,0.18,,,,,,,-0.71,403191000,729000,9.09 Cr,2936250,-85.65
ASIANPAINT,,,,,,,,,,,,,,,,,,,VOLUME_OI,VolumeAndOISpikesScans_25AUG26_Report_30_7_2026 (1).xlsx,"2,718.3",,,,,,,,,,,,,,,-1.87,,2.79,,,,,,,-51.7,8070750,219000,59.53 Cr,1292500,-85.89
VBL,,,,,,,,,,,,,,,,,,,VOLUME_OI,VolumeAndOISpikesScans_25AUG26_Report_30_7_2026 (1).xlsx,453.45,,,,,,,,,,,,,,,1.15,,0.08,,,,,,,5.15,54326475,42075,1.91 Cr,2142000,-86.03
NATIONALUM,,,,,,,,,,,,,,,,,,,VOLUME_OI,VolumeAndOISpikesScans_25AUG26_Report_30_7_2026 (1).xlsx,347.95,,,,,,,,,,,,,,,0.26,,0.17,,,,,,,0.9,43935000,73125,2.54 Cr,1177500,-86.07
TATAPOWER,,,,,,,,,,,,,,,,,,,VOLUME_OI,VolumeAndOISpikesScans_25AUG26_Report_30_7_2026 (1).xlsx,377.7,,,,,,,,,,,,,,,-0.32,,-0.1,,,,,,,-1.2,63611500,-62350,-2.35 Cr,880150,-86.13
DIVISLAB,,,,,,,,,,,,,,,,,,,VOLUME_OI,VolumeAndOISpikesScans_25AUG26_Report_30_7_2026 (1).xlsx,7862,,,,,,,,,,,,,,,0.69,,0.03,,,,,,,53.5,3491800,900,70.76 L,143000,-86.15
CUMMINSIND,,,,,,,,,,,,,,,,,,,VOLUME_OI,VolumeAndOISpikesScans_25AUG26_Report_30_7_2026 (1).xlsx,"5,382.5",,,,,,,,,,,,,,,-0.58,,0.55,,,,,,,-31.5,4002400,22000,11.84 Cr,96200,-86.17
SBICARD,,,,,,,,,,,,,,,,,,,VOLUME_OI,VolumeAndOISpikesScans_25AUG26_Report_30_7_2026 (1).xlsx,659.1,,,,,,,,,,,,,,,-0.17,,0.5,,,,,,,-1.1,21836800,109600,7.22 Cr,272800,-86.21
SWIGGY,,,,,,,,,,,,,,,,,,,VOLUME_OI,VolumeAndOISpikesScans_25AUG26_Report_30_7_2026 (1).xlsx,286.31,,,,,,,,,,,,,,,0.68,,2.25,,,,,,,1.93,55051125,1209975,34.64 Cr,5854600,-86.27
TITAN,,,,,,,,,,,,,,,,,,,VOLUME_OI,VolumeAndOISpikesScans_25AUG26_Report_30_7_2026 (1).xlsx,"4,861.2",,,,,,,,,,,,,,,-0.03,,0.53,,,,,,,-1.3,5751725,30450,14.80 Cr,84175,-86.36
ABCAPITAL,,,,,,,,,,,,,,,,,,,VOLUME_OI,VolumeAndOISpikesScans_25AUG26_Report_30_7_2026 (1).xlsx,396.6,,,,,,,,,,,,,,,-0.87,,0.35,,,,,,,-3.5,34044200,117800,4.67 Cr,957900,-86.5
PFC,,,,,,,,,,,,,,,,,,,VOLUME_OI,VolumeAndOISpikesScans_25AUG26_Report_30_7_2026 (1).xlsx,425.05,,,,,,,,,,,,,,,0.11,,0.56,,,,,,,0.45,48059700,266500,11.33 Cr,886600,-86.56
MANKIND,,,,,,,,,,,,,,,,,,,VOLUME_OI,VolumeAndOISpikesScans_25AUG26_Report_30_7_2026 (1).xlsx,"2,607.6",,,,,,,,,,,,,,,0.3,,0.74,,,,,,,7.7,2736250,20000,5.22 Cr,70250,-86.68
COLPAL,,,,,,,,,,,,,,,,,,,VOLUME_OI,VolumeAndOISpikesScans_25AUG26_Report_30_7_2026 (1).xlsx,"2,105.1",,,,,,,,,,,,,,,-3.26,,3.03,,,,,,,-71,4478650,131725,27.73 Cr,465300,-86.73
GLENMARK,,,,,,,,,,,,,,,,,,,VOLUME_OI,VolumeAndOISpikesScans_25AUG26_Report_30_7_2026 (1).xlsx,"2,253.4",,,,,,,,,,,,,,,-0.85,,0.03,,,,,,,-19.4,11597625,3750,84.50 L,172125,-86.84
COFORGE,,,,,,,,,,,,,,,,,,,VOLUME_OI,VolumeAndOISpikesScans_25AUG26_Report_30_7_2026 (1).xlsx,"1,751.3",,,,,,,,,,,,,,,1.93,,0.01,,,,,,,33.1,14713125,950,16.64 L,803700,-86.85
POLICYBZR,,,,,,,,,,,,,,,,,,,VOLUME_OI,VolumeAndOISpikesScans_25AUG26_Report_30_7_2026 (1).xlsx,"1,590.5",,,,,,,,,,,,,,,-1.64,,0.08,,,,,,,-26.6,9342900,7700,1.22 Cr,75950,-87.05
RVNL,,,,,,,,,,,,,,,,,,,VOLUME_OI,VolumeAndOISpikesScans_25AUG26_Report_30_7_2026 (1).xlsx,223.25,,,,,,,,,,,,,,,-0.98,,0.13,,,,,,,-2.2,34775125,44275,98.84 L,843150,-87.07
JSWENERGY,,,,,,,,,,,,,,,,,,,VOLUME_OI,VolumeAndOISpikesScans_25AUG26_Report_30_7_2026 (1).xlsx,547.5,,,,,,,,,,,,,,,-0.28,,0.24,,,,,,,-1.55,25007725,59125,3.24 Cr,190275,-87.16
ASHOKLEY,,,,,,,,,,,,,,,,,,,VOLUME_OI,VolumeAndOISpikesScans_25AUG26_Report_30_7_2026 (1).xlsx,158.17,,,,,,,,,,,,,,,-0.3,,0.57,,,,,,,-0.47,144555000,815000,12.89 Cr,2925000,-87.17
KOTAKBANK,,,,,,,,,,,,,,,,,,,VOLUME_OI,VolumeAndOISpikesScans_25AUG26_Report_30_7_2026 (1).xlsx,389.3,,,,,,,,,,,,,,,-0.55,,-0.01,,,,,,,-2.15,179614000,-18000,-70.07 L,956000,-87.59
VMM,,,,,,,,,,,,,,,,,,,VOLUME_OI,VolumeAndOISpikesScans_25AUG26_Report_30_7_2026 (1).xlsx,108.77,,,,,,,,,,,,,,,-0.08,,0.3,,,,,,,-0.09,42432650,126100,1.37 Cr,586850,-87.62
BEL,,,,,,,,,,,,,,,,,,,VOLUME_OI,VolumeAndOISpikesScans_25AUG26_Report_30_7_2026 (1).xlsx,385.3,,,,,,,,,,,,,,,-1.12,,0.89,,,,,,,-4.35,101390175,894900,34.48 Cr,2020650,-87.64
SRF,,,,,,,,,,,,,,,,,,,VOLUME_OI,VolumeAndOISpikesScans_25AUG26_Report_30_7_2026 (1).xlsx,"2,641.5",,,,,,,,,,,,,,,-0.62,,0.05,,,,,,,-16.4,4419200,2200,58.11 L,40200,-87.73
OFSS,,,,,,,,,,,,,,,,,,,VOLUME_OI,VolumeAndOISpikesScans_25AUG26_Report_30_7_2026 (1).xlsx,11456,,,,,,,,,,,,,,,-0.12,,0.09,,,,,,,-14,1303400,1200,1.37 Cr,38400,-87.85
NMDC,,,,,,,,,,,,,,,,,,,VOLUME_OI,VolumeAndOISpikesScans_25AUG26_Report_30_7_2026 (1).xlsx,85.99,,,,,,,,,,,,,,,-0.36,,-0.04,,,,,,,-0.31,340875000,-121500,-1.04 Cr,3921750,-87.91
BANKBARODA,,,,,,,,,,,,,,,,,,,VOLUME_OI,VolumeAndOISpikesScans_25AUG26_Report_30_7_2026 (1).xlsx,242.55,,,,,,,,,,,,,,,-0.94,,0.24,,,,,,,-2.3,130727025,312975,7.59 Cr,1523925,-88.17
RBLBANK,,,,,,,,,,,,,,,,,,,VOLUME_OI,VolumeAndOISpikesScans_25AUG26_Report_30_7_2026 (1).xlsx,373.15,,,,,,,,,,,,,,,0.08,,0.81,,,,,,,0.3,47945675,384175,14.34 Cr,1063625,-88.21
CONCOR,,,,,,,,,,,,,,,,,,,VOLUME_OI,VolumeAndOISpikesScans_25AUG26_Report_30_7_2026 (1).xlsx,523.35,,,,,,,,,,,,,,,-0.56,,0.02,,,,,,,-2.95,21896250,3750,19.63 L,233750,-88.4
COALINDIA,,,,,,,,,,,,,,,,,,,VOLUME_OI,VolumeAndOISpikesScans_25AUG26_Report_30_7_2026 (1).xlsx,410.2,,,,,,,,,,,,,,,0.77,,0.1,,,,,,,3.15,75801150,75600,3.10 Cr,919350,-88.42
UNIONBANK,,,,,,,,,,,,,,,,,,,VOLUME_OI,VolumeAndOISpikesScans_25AUG26_Report_30_7_2026 (1).xlsx,170.05,,,,,,,,,,,,,,,-0.9,,-0.01,,,,,,,-1.54,119479425,-13275,-22.57 L,1208025,-88.43
DELHIVERY,,,,,,,,,,,,,,,,,,,VOLUME_OI,VolumeAndOISpikesScans_25AUG26_Report_30_7_2026 (1).xlsx,470.15,,,,,,,,,,,,,,,-0.04,,0.64,,,,,,,-0.2,23256600,147325,6.93 Cr,587225,-88.45
BANKINDIA,,,,,,,,,,,,,,,,,,,VOLUME_OI,VolumeAndOISpikesScans_25AUG26_Report_30_7_2026 (1).xlsx,137.72,,,,,,,,,,,,,,,-0.25,,0.09,,,,,,,-0.34,99106800,88400,1.22 Cr,962000,-88.46
LUPIN,,,,,,,,,,,,,,,,,,,VOLUME_OI,VolumeAndOISpikesScans_25AUG26_Report_30_7_2026 (1).xlsx,2466,,,,,,,,,,,,,,,0.17,,-0.06,,,,,,,4.1,5664825,-3400,-83.84 L,138550,-88.51
SBILIFE,,,,,,,,,,,,,,,,,,,VOLUME_OI,VolumeAndOISpikesScans_25AUG26_Report_30_7_2026 (1).xlsx,"1,907.5",,,,,,,,,,,,,,,0.39,,0.23,,,,,,,7.5,6694125,15375,2.93 Cr,115125,-88.59
NAUKRI,,,,,,,,,,,,,,,,,,,VOLUME_OI,VolumeAndOISpikesScans_25AUG26_Report_30_7_2026 (1).xlsx,1255,,,,,,,,,,,,,,,0.31,,0.14,,,,,,,3.9,14544200,19800,2.48 Cr,191950,-88.71
SHREECEM,,,,,,,,,,,,,,,,,,,VOLUME_OI,VolumeAndOISpikesScans_25AUG26_Report_30_7_2026 (1).xlsx,26485,,,,,,,,,,,,,,,-0.41,,0.48,,,,,,,-110,322250,1550,4.11 Cr,3950,-88.78
TATAELXSI,,,,,,,,,,,,,,,,,,,VOLUME_OI,VolumeAndOISpikesScans_25AUG26_Report_30_7_2026 (1).xlsx,3700,,,,,,,,,,,,,,,0.19,,-0.12,,,,,,,7.1,2608625,-3250,-1.20 Cr,81000,-88.96
IEX,,,,,,,,,,,,,,,,,,,VOLUME_OI,VolumeAndOISpikesScans_25AUG26_Report_30_7_2026 (1).xlsx,133.65,,,,,,,,,,,,,,,-1.14,,0.36,,,,,,,-1.54,70913700,252300,3.37 Cr,1052700,-89.45
UNITDSPR,,,,,,,,,,,,,,,,,,,VOLUME_OI,VolumeAndOISpikesScans_25AUG26_Report_30_7_2026 (1).xlsx,"1,535.4",,,,,,,,,,,,,,,1.43,,0.24,,,,,,,21.6,8353200,20000,3.07 Cr,164400,-89.5
BHARTIARTL,,,,,,,,,,,,,,,,,,,VOLUME_OI,VolumeAndOISpikesScans_25AUG26_Report_30_7_2026 (1).xlsx,"1,959.7",,,,,,,,,,,,,,,0.15,,0.07,,,,,,,3,57781375,38950,7.63 Cr,402325,-89.57
FINNIFTY,,,,,,,,,,,,,,,,,,,VOLUME_OI,VolumeAndOISpikesScans_25AUG26_Report_30_7_2026 (1).xlsx,"26,250.2",,,,,,,,,,,,,,,-0.37,,1.11,,,,,,,-96.2,27360,300,78.75 L,1380,-89.59
BLUESTARCO,,,,,,,,,,,,,,,,,,,VOLUME_OI,VolumeAndOISpikesScans_25AUG26_Report_30_7_2026 (1).xlsx,"1,676.1",,,,,,,,,,,,,,,-0.29,,-0.08,,,,,,,-4.9,3115775,-2600,-43.58 L,33150,-89.98
POWERINDIA,,,,,,,,,,,,,,,,,,,VOLUME_OI,VolumeAndOISpikesScans_25AUG26_Report_30_7_2026 (1).xlsx,31370,,,,,,,,,,,,,,,-1.54,,0.16,,,,,,,-490,531625,850,2.67 Cr,11950,-90.02
GAIL,,,,,,,,,,,,,,,,,,,VOLUME_OI,VolumeAndOISpikesScans_25AUG26_Report_30_7_2026 (1).xlsx,176.33,,,,,,,,,,,,,,,0.1,,0.34,,,,,,,0.18,78824200,266250,4.69 Cr,901700,-90.07
ZYDUSLIFE,,,,,,,,,,,,,,,,,,,VOLUME_OI,VolumeAndOISpikesScans_25AUG26_Report_30_7_2026 (1).xlsx,1131,,,,,,,,,,,,,,,0.16,,0,,,,,,,1.8,9707400,0,-,127800,-90.14
DALBHARAT,,,,,,,,,,,,,,,,,,,VOLUME_OI,VolumeAndOISpikesScans_25AUG26_Report_30_7_2026 (1).xlsx,"1,819.3",,,,,,,,,,,,,,,-0.52,,-0.15,,,,,,,-9.5,3771625,-5850,-1.06 Cr,38675,-90.25
JIOFIN,,,,,,,,,,,,,,,,,,,VOLUME_OI,VolumeAndOISpikesScans_25AUG26_Report_30_7_2026 (1).xlsx,247.23,,,,,,,,,,,,,,,-1.38,,0.93,,,,,,,-3.45,170375000,1567450,38.75 Cr,6098250,-90.27
MFSL,,,,,,,,,,,,,,,,,,,VOLUME_OI,VolumeAndOISpikesScans_25AUG26_Report_30_7_2026 (1).xlsx,1521,,,,,,,,,,,,,,,-0.26,,0.44,,,,,,,-3.9,9696400,42000,6.39 Cr,96000,-90.35
RELIANCE,,,,,,,,,,,,,,,,,,,VOLUME_OI,VolumeAndOISpikesScans_25AUG26_Report_30_7_2026 (1).xlsx,"1,286.4",,,,,,,,,,,,,,,0.23,,-0.03,,,,,,,3,105656000,-29000,-3.73 Cr,1038500,-90.45
GRASIM,,,,,,,,,,,,,,,,,,,VOLUME_OI,VolumeAndOISpikesScans_25AUG26_Report_30_7_2026 (1).xlsx,"3,107.6",,,,,,,,,,,,,,,-0.38,,0.11,,,,,,,-12,11935500,12750,3.96 Cr,46500,-90.59
PAYTM,,,,,,,,,,,,,,,,,,,VOLUME_OI,VolumeAndOISpikesScans_25AUG26_Report_30_7_2026 (1).xlsx,1329,,,,,,,,,,,,,,,-0.42,,-0.04,,,,,,,-5.6,19611975,-7250,-96.35 L,453125,-91.58
BANDHANBNK,,,,,,,,,,,,,,,,,,,VOLUME_OI,VolumeAndOISpikesScans_25AUG26_Report_30_7_2026 (1).xlsx,172.27,,,,,,,,,,,,,,,-0.49,,0.24,,,,,,,-0.84,130215600,309600,5.33 Cr,2131200,-91.94
UPL,,,,,,,,,,,,,,,,,,,VOLUME_OI,VolumeAndOISpikesScans_25AUG26_Report_30_7_2026 (1).xlsx,606.5,,,,,,,,,,,,,,,-1.02,,0.02,,,,,,,-6.25,30282895,5420,32.87 L,204605,-92.09
BHEL,,,,,,,,,,,,,,,,,,,VOLUME_OI,VolumeAndOISpikesScans_25AUG26_Report_30_7_2026 (1).xlsx,404.05,,,,,,,,,,,,,,,-0.79,,0.17,,,,,,,-3.2,81133500,136500,5.52 Cr,1084125,-92.27
BAJAJHLDNG,,,,,,,,,,,,,,,,,,,VOLUME_OI,VolumeAndOISpikesScans_25AUG26_Report_30_7_2026 (1).xlsx,11012,,,,,,,,,,,,,,,0.01,,-0.09,,,,,,,1,334500,-300,-33.04 L,2775,-92.49
NTPC,,,,,,,,,,,,,,,,,,,VOLUME_OI,VolumeAndOISpikesScans_25AUG26_Report_30_7_2026 (1).xlsx,345.65,,,,,,,,,,,,,,,0.03,,0.05,,,,,,,0.1,100620000,54000,1.87 Cr,363000,-92.58
GODREJCP,,,,,,,,,,,,,,,,,,,VOLUME_OI,VolumeAndOISpikesScans_25AUG26_Report_30_7_2026 (1).xlsx,"1,073.5",,,,,,,,,,,,,,,-0.1,,0.3,,,,,,,-1.1,10211000,30500,3.27 Cr,58000,-92.74
LTF,,,,,,,,,,,,,,,,,,,VOLUME_OI,VolumeAndOISpikesScans_25AUG26_Report_30_7_2026 (1).xlsx,306.1,,,,,,,,,,,,,,,-1.46,,0.36,,,,,,,-4.55,49599000,180000,5.51 Cr,924750,-92.78
ABB,,,,,,,,,,,,,,,,,,,VOLUME_OI,VolumeAndOISpikesScans_25AUG26_Report_30_7_2026 (1).xlsx,7260,,,,,,,,,,,,,,,-1.1,,0.06,,,,,,,-80.5,2052250,1250,90.75 L,64875,-92.83
COCHINSHIP,,,,,,,,,,,,,,,,,,,VOLUME_OI,VolumeAndOISpikesScans_25AUG26_Report_30_7_2026 (1).xlsx,"1,392.8",,,,,,,,,,,,,,,-0.82,,0.66,,,,,,,-11.5,5755600,37600,5.24 Cr,60000,-93.24
CIPLA,,,,,,,,,,,,,,,,,,,VOLUME_OI,VolumeAndOISpikesScans_25AUG26_Report_30_7_2026 (1).xlsx,"1,479.1",,,,,,,,,,,,,,,-0.25,,-0.08,,,,,,,-3.7,9859575,-8075,-1.19 Cr,106250,-93.55
POWERGRID,,,,,,,,,,,,,,,,,,,VOLUME_OI,VolumeAndOISpikesScans_25AUG26_Report_30_7_2026 (1).xlsx,283.95,,,,,,,,,,,,,,,0.09,,0.17,,,,,,,0.25,43187000,72200,2.05 Cr,471200,-93.76
JSWSTEEL,,,,,,,,,,,,,,,,,,,VOLUME_OI,VolumeAndOISpikesScans_25AUG26_Report_30_7_2026 (1).xlsx,"1,283.5",,,,,,,,,,,,,,,-0.02,,0,,,,,,,-0.3,39322125,675,8.66 L,164025,-93.93
BOSCHLTD,,,,,,,,,,,,,,,,,,,VOLUME_OI,VolumeAndOISpikesScans_25AUG26_Report_30_7_2026 (1).xlsx,41140,,,,,,,,,,,,,,,0.61,,0.21,,,,,,,250,205200,425,1.75 Cr,3525,-94.36
HINDUNILVR,,,,,,,,,,,,,,,,,,,VOLUME_OI,VolumeAndOISpikesScans_25AUG26_Report_30_7_2026 (1).xlsx,2126,,,,,,,,,,,,,,,-0.21,,-0.03,,,,,,,-4.5,15466200,-4800,-1.02 Cr,449100,-94.45
LT,,,,,,,,,,,,,,,,,,,VOLUME_OI,VolumeAndOISpikesScans_25AUG26_Report_30_7_2026 (1).xlsx,3927,,,,,,,,,,,,,,,-0.46,,0.18,,,,,,,-18.1,12044900,21175,8.32 Cr,202825,-94.52
CHOLAFIN,,,,,,,,,,,,,,,,,,,VOLUME_OI,VolumeAndOISpikesScans_25AUG26_Report_30_7_2026 (1).xlsx,1782,,,,,,,,,,,,,,,-1.71,,-0.23,,,,,,,-31,12643125,-28750,-5.12 Cr,240625,-94.54
AMBUJACEM,,,,,,,,,,,,,,,,,,,VOLUME_OI,VolumeAndOISpikesScans_25AUG26_Report_30_7_2026 (1).xlsx,434.2,,,,,,,,,,,,,,,-0.89,,0.01,,,,,,,-3.9,79507200,8400,36.47 L,672000,-95.23
PHOENIXLTD,,,,,,,,,,,,,,,,,,,VOLUME_OI,VolumeAndOISpikesScans_25AUG26_Report_30_7_2026 (1).xlsx,1894,,,,,,,,,,,,,,,-0.96,,0.51,,,,,,,-18.4,3584000,18200,3.45 Cr,107450,-95.25
GODFRYPHLP,,,,,,,,,,,,,,,,,,,VOLUME_OI,VolumeAndOISpikesScans_25AUG26_Report_30_7_2026 (1).xlsx,"2,047.1",,,,,,,,,,,,,,,-0.2,,-0.42,,,,,,,-4,1907950,-7975,-1.63 Cr,38775,-95.69
SAIL,,,,,,,,,,,,,,,,,,,VOLUME_OI,VolumeAndOISpikesScans_25AUG26_Report_30_7_2026 (1).xlsx,170.25,,,,,,,,,,,,,,,-0.52,,0.22,,,,,,,-0.89,182435200,394800,6.72 Cr,1433500,-96.2
BANKEX,,,,,,,,,,,,,,,,,,,VOLUME_OI,VolumeAndOISpikesScans_25AUG26_Report_30_7_2026 (1).xlsx,-,,,,,,,,,,,,,,,-,,-,,,,,,,-,-,-,-,-,
WAAREEENER,,,,,,,,,,,,,,,,,,,VOLUME_OI,VolumeAndOISpikesScans_25AUG26_Report_30_7_2026.xlsx,"2,553.7",,,,,,,,,,,,,,,-6.53,,5.01,,,,,,,-178.3,7435050,354550,90.54 Cr,1126650,-15.66
EICHERMOT,,,,,,,,,,,,,,,,,,,VOLUME_OI,VolumeAndOISpikesScans_25AUG26_Report_30_7_2026.xlsx,7732,,,,,,,,,,,,,,,-0.17,,2.94,,,,,,,-13.5,4065000,116100,89.77 Cr,353200,-34.67
DABUR,,,,,,,,,,,,,,,,,,,VOLUME_OI,VolumeAndOISpikesScans_25AUG26_Report_30_7_2026.xlsx,419.4,,,,,,,,,,,,,,,-3.72,,2.05,,,,,,,-16.2,29977500,602500,25.27 Cr,2886250,-39.95
FORCEMOT,,,,,,,,,,,,,,,,,,,VOLUME_OI,VolumeAndOISpikesScans_25AUG26_Report_30_7_2026.xlsx,17785,,,,,,,,,,,,,,,2.94,,-2.41,,,,,,,508,277650,-6850,-12.18 Cr,32400,-42.6
PREMIERENE,,,,,,,,,,,,,,,,,,,VOLUME_OI,VolumeAndOISpikesScans_25AUG26_Report_30_7_2026.xlsx,998.2,,,,,,,,,,,,,,,-3.14,,2.48,,,,,,,-32.4,6583200,159250,15.90 Cr,358800,-53.06
PRESTIGE,,,,,,,,,,,,,,,,,,,VOLUME_OI,VolumeAndOISpikesScans_25AUG26_Report_30_7_2026.xlsx,"1,626.8",,,,,,,,,,,,,,,-2.91,,2.97,,,,,,,-48.7,4983750,143550,23.35 Cr,410400,-58.71
FOCIT,,,,,,,,,,,,,,,,,,,VOLUME_OI,VolumeAndOISpikesScans_25AUG26_Report_30_7_2026.xlsx,37787,,,,,,,,,,,,,,,1.58,,11.11,,,,,,,586,8100,810,3.06 Cr,1260,-62.67
ASTRAL,,,,,,,,,,,,,,,,,,,VOLUME_OI,VolumeAndOISpikesScans_25AUG26_Report_30_7_2026.xlsx,1469,,,,,,,,,,,,,,,0.48,,0.67,,,,,,,7,7039700,46750,6.87 Cr,202725,-69.32
BDL,,,,,,,,,,,,,,,,,,,VOLUME_OI,VolumeAndOISpikesScans_25AUG26_Report_30_7_2026.xlsx,"1,229.7",,,,,,,,,,,,,,,0.06,,0.75,,,,,,,0.7,7281525,53975,6.64 Cr,146200,-78.66
360ONE,,,,,,,,,,,,,,,,,,,VOLUME_OI,VolumeAndOISpikesScans_25AUG26_Report_30_7_2026.xlsx,"1,154.8",,,,,,,,,,,,,,,-0.85,,0.48,,,,,,,-9.9,4433500,21000,2.43 Cr,153000,-79.79
PERSISTENT,,,,,,,,,,,,,,,,,,,VOLUME_OI,VolumeAndOISpikesScans_25AUG26_Report_30_7_2026.xlsx,"5,593.2",,,,,,,,,,,,,,,2.31,,0.3,,,,,,,126.5,3591500,10750,6.01 Cr,91625,-80.35
ONGC,,,,,,,,,,,,,,,,,,,VOLUME_OI,VolumeAndOISpikesScans_25AUG26_Report_30_7_2026.xlsx,242.6,,,,,,,,,,,,,,,1.32,,0.21,,,,,,,3.16,54063000,114750,2.78 Cr,1035000,-84.16
BIOCON,,,,,,,,,,,,,,,,,,,VOLUME_OI,VolumeAndOISpikesScans_25AUG26_Report_30_7_2026.xlsx,427.7,,,,,,,,,,,,,,,-1.19,,-0.17,,,,,,,-5.15,47127500,-82500,-3.53 Cr,895000,-84.64
ULTRACEMCO,,,,,,,,,,,,,,,,,,,VOLUME_OI,VolumeAndOISpikesScans_25AUG26_Report_30_7_2026.xlsx,11840,,,,,,,,,,,,,,,-1.77,,0.08,,,,,,,-213,1761050,1350,1.60 Cr,20100,-85.48
KAYNES,,,,,,,,,,,,,,,,,,,VOLUME_OI,VolumeAndOISpikesScans_25AUG26_Report_30_7_2026.xlsx,3668,,,,,,,,,,,,,,,0.3,,2.28,,,,,,,10.8,3760650,83850,30.76 Cr,322200,-86.06
IOC,,,,,,,,,,,,,,,,,,,VOLUME_OI,VolumeAndOISpikesScans_25AUG26_Report_30_7_2026.xlsx,139.79,,,,,,,,,,,,,,,0.06,,0.38,,,,,,,0.09,146113500,555750,7.77 Cr,1009125,-86.23
HEROMOTOCO,,,,,,,,,,,,,,,,,,,VOLUME_OI,VolumeAndOISpikesScans_25AUG26_Report_30_7_2026.xlsx,5265,,,,,,,,,,,,,,,1.91,,0.26,,,,,,,98.7,4811100,12300,6.48 Cr,128400,-86.58
SONACOMS,,,,,,,,,,,,,,,,,,,VOLUME_OI,VolumeAndOISpikesScans_25AUG26_Report_30_7_2026.xlsx,729.1,,,,,,,,,,,,,,,0.61,,0.5,,,,,,,4.4,10680775,52675,3.84 Cr,243775,-86.66
TECHM,,,,,,,,,,,,,,,,,,,VOLUME_OI,VolumeAndOISpikesScans_25AUG26_Report_30_7_2026.xlsx,1669,,,,,,,,,,,,,,,1.59,,0.61,,,,,,,26.1,17806800,108600,18.13 Cr,306600,-86.67
YESBANK,,,,,,,,,,,,,,,,,,,VOLUME_OI,VolumeAndOISpikesScans_25AUG26_Report_30_7_2026.xlsx,22.81,,,,,,,,,,,,,,,-0.7,,0.15,,,,,,,-0.16,1192996000,1803800,4.11 Cr,7339600,-86.74
AUBANK,,,,,,,,,,,,,,,,,,,VOLUME_OI,VolumeAndOISpikesScans_25AUG26_Report_30_7_2026.xlsx,1036,,,,,,,,,,,,,,,-1.03,,0,,,,,,,-10.8,22147000,1000,10.36 L,210000,-87.17
ADANIPORTS,,,,,,,,,,,,,,,,,,,VOLUME_OI,VolumeAndOISpikesScans_25AUG26_Report_30_7_2026.xlsx,"1,679.1",,,,,,,,,,,,,,,-2.88,,1.42,,,,,,,-49.8,20870550,291650,48.97 Cr,1140000,-87.71
PAGEIND,,,,,,,,,,,,,,,,,,,VOLUME_OI,VolumeAndOISpikesScans_25AUG26_Report_30_7_2026.xlsx,40525,,,,,,,,,,,,,,,0.77,,0.17,,,,,,,310,235260,400,1.62 Cr,4640,-88.54
INDIGO,,,,,,,,,,,,,,,,,,,VOLUME_OI,VolumeAndOISpikesScans_25AUG26_Report_30_7_2026.xlsx,5242,,,,,,,,,,,,,,,-0.98,,0.24,,,,,,,-52,5638200,13350,7.00 Cr,64200,-88.58
TVSMOTOR,,,,,,,,,,,,,,,,,,,VOLUME_OI,VolumeAndOISpikesScans_25AUG26_Report_30_7_2026.xlsx,"4,147.3",,,,,,,,,,,,,,,1.45,,0.45,,,,,,,59.4,10968475,49525,20.54 Cr,199500,-88.89
NBCC,,,,,,,,,,,,,,,,,,,VOLUME_OI,VolumeAndOISpikesScans_25AUG26_Report_30_7_2026.xlsx,93.52,,,,,,,,,,,,,,,-1.37,,0.1,,,,,,,-1.3,100295000,97500,91.18 L,533000,-89.15
SHRIRAMFIN,,,,,,,,,,,,,,,,,,,VOLUME_OI,VolumeAndOISpikesScans_25AUG26_Report_30_7_2026.xlsx,"1,040.6",,,,,,,,,,,,,,,-0.67,,0.52,,,,,,,-7,27173850,140250,14.59 Cr,300300,-89.23
SUNPHARMA,,,,,,,,,,,,,,,,,,,VOLUME_OI,VolumeAndOISpikesScans_25AUG26_Report_30_7_2026.xlsx,"2,011.8",,,,,,,,,,,,,,,0.8,,0.35,,,,,,,15.9,14029050,48650,9.79 Cr,140700,-89.23
MCX,,,,,,,,,,,,,,,,,,,VOLUME_OI,VolumeAndOISpikesScans_25AUG26_Report_30_7_2026.xlsx,2715,,,,,,,,,,,,,,,-0.63,,0.19,,,,,,,-17.2,7017075,13275,3.60 Cr,89325,-89.44
BANKNIFTY,,,,,,,,,,,,,,,,,,,VOLUME_OI,VolumeAndOISpikesScans_25AUG26_Report_30_7_2026.xlsx,"57,083.6",,,,,,,,,,,,,,,-0.45,,0.27,,,,,,,-260.8,2091390,5640,32.20 Cr,56580,-89.5
INFY,,,,,,,,,,,,,,,,,,,VOLUME_OI,VolumeAndOISpikesScans_25AUG26_Report_30_7_2026.xlsx,1184,,,,,,,,,,,,,,,2.37,,0.8,,,,,,,27.4,93082800,734400,86.95 Cr,2910800,-89.52
TRENT,,,,,,,,,,,,,,,,,,,VOLUME_OI,VolumeAndOISpikesScans_25AUG26_Report_30_7_2026.xlsx,3008,,,,,,,,,,,,,,,-0.17,,0.12,,,,,,,-5,11171925,13500,4.06 Cr,90225,-89.61
KPITTECH,,,,,,,,,,,,,,,,,,,VOLUME_OI,VolumeAndOISpikesScans_25AUG26_Report_30_7_2026.xlsx,601.25,,,,,,,,,,,,,,,-5.71,,4.7,,,,,,,-36.4,12883600,578150,34.76 Cr,2615625,-90.23
UNOMINDA,,,,,,,,,,,,,,,,,,,VOLUME_OI,VolumeAndOISpikesScans_25AUG26_Report_30_7_2026.xlsx,"1,170.7",,,,,,,,,,,,,,,-0.39,,0.97,,,,,,,-4.6,4519900,43450,5.09 Cr,76450,-90.31
WIPRO,,,,,,,,,,,,,,,,,,,VOLUME_OI,VolumeAndOISpikesScans_25AUG26_Report_30_7_2026.xlsx,188.03,,,,,,,,,,,,,,,2.44,,-0.41,,,,,,,4.48,251367000,-1047000,-19.69 Cr,4071000,-90.38
SUPREMEIND,,,,,,,,,,,,,,,,,,,VOLUME_OI,VolumeAndOISpikesScans_25AUG26_Report_30_7_2026.xlsx,"3,518.7",,,,,,,,,,,,,,,0.51,,0.26,,,,,,,17.7,2265900,5775,2.03 Cr,54075,-90.45
HINDALCO,,,,,,,,,,,,,,,,,,,VOLUME_OI,VolumeAndOISpikesScans_25AUG26_Report_30_7_2026.xlsx,971.95,,,,,,,,,,,,,,,0.37,,-0.08,,,,,,,3.6,51819600,-43400,-4.22 Cr,463400,-90.54
HAL,,,,,,,,,,,,,,,,,,,VOLUME_OI,VolumeAndOISpikesScans_25AUG26_Report_30_7_2026.xlsx,4600,,,,,,,,,,,,,,,0.04,,0.44,,,,,,,1.8,5036700,22200,10.21 Cr,34350,-90.55
LICHSGFIN,,,,,,,,,,,,,,,,,,,VOLUME_OI,VolumeAndOISpikesScans_25AUG26_Report_30_7_2026.xlsx,538.5,,,,,,,,,,,,,,,-1.58,,0.54,,,,,,,-8.65,23691000,127000,6.84 Cr,251000,-90.55
AUROPHARMA,,,,,,,,,,,,,,,,,,,VOLUME_OI,VolumeAndOISpikesScans_25AUG26_Report_30_7_2026.xlsx,1600,,,,,,,,,,,,,,,0.03,,0.43,,,,,,,0.4,9945650,42900,6.86 Cr,152350,-90.57
DRREDDY,,,,,,,,,,,,,,,,,,,VOLUME_OI,VolumeAndOISpikesScans_25AUG26_Report_30_7_2026.xlsx,"1,147.8",,,,,,,,,,,,,,,0.27,,0.35,,,,,,,3.1,13958125,48750,5.60 Cr,278750,-90.65
MAZDOCK,,,,,,,,,,,,,,,,,,,VOLUME_OI,VolumeAndOISpikesScans_25AUG26_Report_30_7_2026.xlsx,"2,294.1",,,,,,,,,,,,,,,-0.75,,0.22,,,,,,,-17.3,4916925,10575,2.43 Cr,21600,-90.87
SENSEX,,,,,,,,,,,,,,,,,,,VOLUME_OI,VolumeAndOISpikesScans_25AUG26_Report_30_7_2026.xlsx,77650,,,,,,,,,,,,,,,-0.07,,0.56,,,,,,,-55,25220,140,1.09 Cr,2500,-91.26
LTM,,,,,,,,,,,,,,,,,,,VOLUME_OI,VolumeAndOISpikesScans_25AUG26_Report_30_7_2026.xlsx,"4,521.9",,,,,,,,,,,,,,,2.06,,0.32,,,,,,,91.1,2883300,9150,4.14 Cr,48000,-91.37
HINDPETRO,,,,,,,,,,,,,,,,,,,VOLUME_OI,VolumeAndOISpikesScans_25AUG26_Report_30_7_2026.xlsx,392.9,,,,,,,,,,,,,,,-0.56,,0.3,,,,,,,-2.2,42091650,127575,5.01 Cr,295650,-91.4
INDIANB,,,,,,,,,,,,,,,,,,,VOLUME_OI,VolumeAndOISpikesScans_25AUG26_Report_30_7_2026.xlsx,828.5,,,,,,,,,,,,,,,-0.43,,0.12,,,,,,,-3.55,12391000,15000,1.24 Cr,108000,-91.43
CDSL,,,,,,,,,,,,,,,,,,,VOLUME_OI,VolumeAndOISpikesScans_25AUG26_Report_30_7_2026.xlsx,1349,,,,,,,,,,,,,,,-0.66,,-0.01,,,,,,,-8.9,9521850,-950,-12.82 L,110200,-91.5
BPCL,,,,,,,,,,,,,,,,,,,VOLUME_OI,VolumeAndOISpikesScans_25AUG26_Report_30_7_2026.xlsx,318.75,,,,,,,,,,,,,,,-0.17,,0.16,,,,,,,-0.55,38692225,61225,1.95 Cr,240950,-91.71
HINDZINC,,,,,,,,,,,,,,,,,,,VOLUME_OI,VolumeAndOISpikesScans_25AUG26_Report_30_7_2026.xlsx,539.8,,,,,,,,,,,,,,,-0.14,,-0.01,,,,,,,-0.75,28657650,-3675,-19.84 L,256025,-91.78
NYKAA,,,,,,,,,,,,,,,,,,,VOLUME_OI,VolumeAndOISpikesScans_25AUG26_Report_30_7_2026.xlsx,330.25,,,,,,,,,,,,,,,0.26,,0.09,,,,,,,0.85,43571875,40625,1.34 Cr,175000,-91.91
INOXWIND,,,,,,,,,,,,,,,,,,,VOLUME_OI,VolumeAndOISpikesScans_25AUG26_Report_30_7_2026.xlsx,75.32,,,,,,,,,,,,,,,-2.31,,0.75,,,,,,,-1.78,106176000,787200,5.93 Cr,1708800,-91.95
BSE,,,,,,,,,,,,,,,,,,,VOLUME_OI,VolumeAndOISpikesScans_25AUG26_Report_30_7_2026.xlsx,3540,,,,,,,,,,,,,,,-0.37,,0.09,,,,,,,-13,8271200,7200,2.55 Cr,96600,-92.11
HDFCBANK,,,,,,,,,,,,,,,,,,,VOLUME_OI,VolumeAndOISpikesScans_25AUG26_Report_30_7_2026.xlsx,750.6,,,,,,,,,,,,,,,-0.02,,0.1,,,,,,,-0.15,297941800,286000,21.47 Cr,1482000,-92.2
NESTLEIND,,,,,,,,,,,,,,,,,,,VOLUME_OI,VolumeAndOISpikesScans_25AUG26_Report_30_7_2026.xlsx,"1,524.1",,,,,,,,,,,,,,,1.01,,0.15,,,,,,,15.3,9442000,14500,2.21 Cr,122000,-92.25
DIXON,,,,,,,,,,,,,,,,,,,VOLUME_OI,VolumeAndOISpikesScans_25AUG26_Report_30_7_2026.xlsx,14137,,,,,,,,,,,,,,,0.31,,0.27,,,,,,,43,2271700,6100,8.62 Cr,38450,-92.38
MUTHOOTFIN,,,,,,,,,,,,,,,,,,,VOLUME_OI,VolumeAndOISpikesScans_25AUG26_Report_30_7_2026.xlsx,"3,037.7",,,,,,,,,,,,,,,0.05,,0.23,,,,,,,1.6,7028175,16225,4.93 Cr,47025,-92.52
SBIN,,,,,,,,,,,,,,,,,,,VOLUME_OI,VolumeAndOISpikesScans_25AUG26_Report_30_7_2026.xlsx,"1,017.4",,,,,,,,,,,,,,,-0.24,,0.02,,,,,,,-2.4,80880000,15000,1.53 Cr,280500,-92.55
DIVISLAB,,,,,,,,,,,,,,,,,,,VOLUME_OI,VolumeAndOISpikesScans_25AUG26_Report_30_7_2026.xlsx,7845,,,,,,,,,,,,,,,0.47,,0.09,,,,,,,36.5,3494100,3200,2.51 Cr,73800,-92.85
HCLTECH,,,,,,,,,,,,,,,,,,,VOLUME_OI,VolumeAndOISpikesScans_25AUG26_Report_30_7_2026.xlsx,1366,,,,,,,,,,,,,,,1.38,,0.14,,,,,,,18.6,27214800,38000,5.19 Cr,311200,-92.9
NIFTY,,,,,,,,,,,,,,,,,,,VOLUME_OI,VolumeAndOISpikesScans_25AUG26_Report_30_7_2026.xlsx,"24,314.4",,,,,,,,,,,,,,,0.01,,-0.03,,,,,,,2.9,13306605,-4550,-11.06 Cr,237705,-92.94
GMRAIRPORT,,,,,,,,,,,,,,,,,,,VOLUME_OI,VolumeAndOISpikesScans_25AUG26_Report_30_7_2026.xlsx,106.01,,,,,,,,,,,,,,,-1.54,,0.2,,,,,,,-1.66,128123775,251100,2.66 Cr,920700,-92.99
VEDL,,,,,,,,,,,,,,,,,,,VOLUME_OI,VolumeAndOISpikesScans_25AUG26_Report_30_7_2026.xlsx,265.7,,,,,,,,,,,,,,,0.04,,-0.01,,,,,,,0.1,49062450,-3450,-9.17 L,197800,-92.99
LODHA,,,,,,,,,,,,,,,,,,,VOLUME_OI,VolumeAndOISpikesScans_25AUG26_Report_30_7_2026.xlsx,1249.85,,,,,,,,,,,,,,,1.21,,0.11,,,,,,,15,13800625,15625,1.95 Cr,217500,-93.05
KALYANKJIL,,,,,,,,,,,,,,,,,,,VOLUME_OI,VolumeAndOISpikesScans_25AUG26_Report_30_7_2026.xlsx,631.9,,,,,,,,,,,,,,,0.17,,-0.63,,,,,,,1.05,24232500,-153900,-9.72 Cr,982800,-93.19
ICICIPRULI,,,,,,,,,,,,,,,,,,,VOLUME_OI,VolumeAndOISpikesScans_25AUG26_Report_30_7_2026.xlsx,514.4,,,,,,,,,,,,,,,0.21,,0.07,,,,,,,1.1,19197450,12950,66.61 L,67525,-93.24
TCS,,,,,,,,,,,,,,,,,,,VOLUME_OI,VolumeAndOISpikesScans_25AUG26_Report_30_7_2026.xlsx,"2,472.8",,,,,,,,,,,,,,,1.24,,0.32,,,,,,,30.4,33719625,105975,26.21 Cr,440100,-93.33
ADANIGREEN,,,,,,,,,,,,,,,,,,,VOLUME_OI,VolumeAndOISpikesScans_25AUG26_Report_30_7_2026.xlsx,"1,358.6",,,,,,,,,,,,,,,-1.68,,0.2,,,,,,,-23.2,26299200,52800,7.17 Cr,157200,-93.35
SUZLON,,,,,,,,,,,,,,,,,,,VOLUME_OI,VolumeAndOISpikesScans_25AUG26_Report_30_7_2026.xlsx,46.66,,,,,,,,,,,,,,,-2,,0.06,,,,,,,-0.95,459676500,266700,1.24 Cr,7861300,-93.41
ASIANPAINT,,,,,,,,,,,,,,,,,,,VOLUME_OI,VolumeAndOISpikesScans_25AUG26_Report_30_7_2026.xlsx,2684,,,,,,,,,,,,,,,-3.1,,1.63,,,,,,,-86,7979750,128000,34.36 Cr,597250,-93.48
LICI,,,,,,,,,,,,,,,,,,,VOLUME_OI,VolumeAndOISpikesScans_25AUG26_Report_30_7_2026.xlsx,423,,,,,,,,,,,,,,,0.28,,0.08,,,,,,,1.2,18249000,15400,65.14 L,75600,-93.51
BAJFINANCE,,,,,,,,,,,,,,,,,,,VOLUME_OI,VolumeAndOISpikesScans_25AUG26_Report_30_7_2026.xlsx,"1,054.6",,,,,,,,,,,,,,,-0.27,,0.23,,,,,,,-2.9,65808750,153750,16.21 Cr,453000,-93.55
ADANIENSOL,,,,,,,,,,,,,,,,,,,VOLUME_OI,VolumeAndOISpikesScans_25AUG26_Report_30_7_2026.xlsx,1642,,,,,,,,,,,,,,,-1.84,,0.2,,,,,,,-30.8,19190925,37800,6.21 Cr,143775,-93.64
RADICO,,,,,,,,,,,,,,,,,,,VOLUME_OI,VolumeAndOISpikesScans_25AUG26_Report_30_7_2026.xlsx,"4,421.6",,,,,,,,,,,,,,,0.95,,1.23,,,,,,,41.6,776850,9450,4.18 Cr,45000,-93.69
IDFCFIRSTB,,,,,,,,,,,,,,,,,,,VOLUME_OI,VolumeAndOISpikesScans_25AUG26_Report_30_7_2026.xlsx,84.32,,,,,,,,,,,,,,,-0.86,,0.14,,,,,,,-0.73,353767050,491575,4.14 Cr,1864275,-93.7
HDFCAMC,,,,,,,,,,,,,,,,,,,VOLUME_OI,VolumeAndOISpikesScans_25AUG26_Report_30_7_2026.xlsx,"2,551.9",,,,,,,,,,,,,,,-0.14,,-0.12,,,,,,,-3.6,6106500,-7500,-1.91 Cr,27600,-93.72
HAVELLS,,,,,,,,,,,,,,,,,,,VOLUME_OI,VolumeAndOISpikesScans_25AUG26_Report_30_7_2026.xlsx,"1,249.5",,,,,,,,,,,,,,,0.39,,0.2,,,,,,,4.9,9423000,18500,2.31 Cr,69000,-93.75
IRFC,,,,,,,,,,,,,,,,,,,VOLUME_OI,VolumeAndOISpikesScans_25AUG26_Report_30_7_2026.xlsx,89.22,,,,,,,,,,,,,,,-0.38,,0.32,,,,,,,-0.34,80865050,260400,2.32 Cr,721525,-93.89
FEDERALBNK,,,,,,,,,,,,,,,,,,,VOLUME_OI,VolumeAndOISpikesScans_25AUG26_Report_30_7_2026.xlsx,357.3,,,,,,,,,,,,,,,-0.47,,-0.02,,,,,,,-1.7,86832500,-17500,-62.53 L,325000,-93.94
VBL,,,,,,,,,,,,,,,,,,,VOLUME_OI,VolumeAndOISpikesScans_25AUG26_Report_30_7_2026.xlsx,454.55,,,,,,,,,,,,,,,1.39,,-0.08,,,,,,,6.25,54242325,-42075,-1.91 Cr,921825,-93.99
HYUNDAI,,,,,,,,,,,,,,,,,,,VOLUME_OI,VolumeAndOISpikesScans_25AUG26_Report_30_7_2026.xlsx,"1,995.2",,,,,,,,,,,,,,,0.76,,0.15,,,,,,,15,3948175,6050,1.21 Cr,29425,-94.04
LAURUSLABS,,,,,,,,,,,,,,,,,,,VOLUME_OI,VolumeAndOISpikesScans_25AUG26_Report_30_7_2026.xlsx,"1,791.9",,,,,,,,,,,,,,,0.37,,0.38,,,,,,,6.6,16693150,62900,11.27 Cr,215900,-94.04
M&M,,,,,,,,,,,,,,,,,,,VOLUME_OI,VolumeAndOISpikesScans_25AUG26_Report_30_7_2026.xlsx,"3,252.3",,,,,,,,,,,,,,,0.69,,0.18,,,,,,,22.2,14707800,26200,8.52 Cr,193400,-94.05
PNB,,,,,,,,,,,,,,,,,,,VOLUME_OI,VolumeAndOISpikesScans_25AUG26_Report_30_7_2026.xlsx,111.34,,,,,,,,,,,,,,,-0.38,,0.04,,,,,,,-0.43,293512000,112000,1.25 Cr,1016000,-94.05
SBICARD,,,,,,,,,,,,,,,,,,,VOLUME_OI,VolumeAndOISpikesScans_25AUG26_Report_30_7_2026.xlsx,660.1,,,,,,,,,,,,,,,-0.02,,0.3,,,,,,,-0.1,21792000,64800,4.28 Cr,116800,-94.1
CROMPTON,,,,,,,,,,,,,,,,,,,VOLUME_OI,VolumeAndOISpikesScans_25AUG26_Report_30_7_2026.xlsx,263.75,,,,,,,,,,,,,,,-0.88,,0.01,,,,,,,-2.35,58234900,8600,22.68 L,645000,-94.11
ETERNAL,,,,,,,,,,,,,,,,,,,VOLUME_OI,VolumeAndOISpikesScans_25AUG26_Report_30_7_2026.xlsx,307.55,,,,,,,,,,,,,,,-1.2,,-0.1,,,,,,,-3.75,151509150,-152775,-4.70 Cr,2308600,-94.11
MPHASIS,,,,,,,,,,,,,,,,,,,VOLUME_OI,VolumeAndOISpikesScans_25AUG26_Report_30_7_2026.xlsx,"2,402.8",,,,,,,,,,,,,,,1.34,,0.03,,,,,,,31.8,4228400,1100,26.43 L,65450,-94.12
BAJAJ-AUTO,,,,,,,,,,,,,,,,,,,VOLUME_OI,VolumeAndOISpikesScans_25AUG26_Report_30_7_2026.xlsx,11481,,,,,,,,,,,,,,,0.71,,0.28,,,,,,,80.5,1908525,5250,6.03 Cr,18225,-94.16
BRITANNIA,,,,,,,,,,,,,,,,,,,VOLUME_OI,VolumeAndOISpikesScans_25AUG26_Report_30_7_2026.xlsx,5450,,,,,,,,,,,,,,,0.06,,0.11,,,,,,,3,2052250,2250,1.23 Cr,17125,-94.16
MANAPPURAM,,,,,,,,,,,,,,,,,,,VOLUME_OI,VolumeAndOISpikesScans_25AUG26_Report_30_7_2026.xlsx,371.95,,,,,,,,,,,,,,,-0.01,,0.45,,,,,,,-0.05,53469000,240000,8.93 Cr,543000,-94.21
PNBHOUSING,,,,,,,,,,,,,,,,,,,VOLUME_OI,VolumeAndOISpikesScans_25AUG26_Report_30_7_2026.xlsx,"1,042.3",,,,,,,,,,,,,,,-0.82,,0.21,,,,,,,-8.6,7407400,15600,1.63 Cr,68250,-94.26
NATIONALUM,,,,,,,,,,,,,,,,,,,VOLUME_OI,VolumeAndOISpikesScans_25AUG26_Report_30_7_2026.xlsx,346.85,,,,,,,,,,,,,,,-0.06,,0.01,,,,,,,-0.2,43867500,5625,19.51 L,474375,-94.39
ADANIPOWER,,,,,,,,,,,,,,,,,,,VOLUME_OI,VolumeAndOISpikesScans_25AUG26_Report_30_7_2026.xlsx,208.6,,,,,,,,,,,,,,,-0.92,,0.2,,,,,,,-1.93,153388400,308850,6.44 Cr,752600,-94.4
INDUSTOWER,,,,,,,,,,,,,,,,,,,VOLUME_OI,VolumeAndOISpikesScans_25AUG26_Report_30_7_2026.xlsx,392.8,,,,,,,,,,,,,,,1.09,,0.02,,,,,,,4.25,91628300,20400,80.13 L,355300,-94.41
BAJAJFINSV,,,,,,,,,,,,,,,,,,,VOLUME_OI,VolumeAndOISpikesScans_25AUG26_Report_30_7_2026.xlsx,"1,935.4",,,,,,,,,,,,,,,0.34,,0.23,,,,,,,6.5,8696100,19800,3.83 Cr,52200,-94.47
COFORGE,,,,,,,,,,,,,,,,,,,VOLUME_OI,VolumeAndOISpikesScans_25AUG26_Report_30_7_2026.xlsx,"1,745.1",,,,,,,,,,,,,,,1.57,,0.16,,,,,,,26.9,14735925,23750,4.14 Cr,337725,-94.47
OBEROIRLTY,,,,,,,,,,,,,,,,,,,VOLUME_OI,VolumeAndOISpikesScans_25AUG26_Report_30_7_2026.xlsx,"1,826.1",,,,,,,,,,,,,,,-0.75,,0.1,,,,,,,-13.8,5493600,5600,1.02 Cr,24500,-94.5
GVT&D,,,,,,,,,,,,,,,,,,,VOLUME_OI,VolumeAndOISpikesScans_25AUG26_Report_30_7_2026.xlsx,"4,084.3",,,,,,,,,,,,,,,-0.82,,0.59,,,,,,,-33.7,2944375,17250,7.05 Cr,36500,-94.51
SRF,,,,,,,,,,,,,,,,,,,VOLUME_OI,VolumeAndOISpikesScans_25AUG26_Report_30_7_2026.xlsx,2643,,,,,,,,,,,,,,,-0.56,,0.07,,,,,,,-14.9,4420200,3200,84.58 L,17800,-94.57
PGEL,,,,,,,,,,,,,,,,,,,VOLUME_OI,VolumeAndOISpikesScans_25AUG26_Report_30_7_2026.xlsx,615.65,,,,,,,,,,,,,,,-0.14,,0.47,,,,,,,-0.85,10454750,48450,2.98 Cr,217550,-94.65
MIDCPNIFTY,,,,,,,,,,,,,,,,,,,VOLUME_OI,VolumeAndOISpikesScans_25AUG26_Report_30_7_2026.xlsx,14714.55,,,,,,,,,,,,,,,-0.1,,0.07,,,,,,,-15.3,1889640,1320,1.94 Cr,12600,-94.76
ICICIBANK,,,,,,,,,,,,,,,,,,,VOLUME_OI,VolumeAndOISpikesScans_25AUG26_Report_30_7_2026.xlsx,"1,421.8",,,,,,,,,,,,,,,-0.65,,0.1,,,,,,,-9.3,106572200,110600,15.73 Cr,364000,-94.77
IDEA,,,,,,,,,,,,,,,,,,,VOLUME_OI,VolumeAndOISpikesScans_25AUG26_Report_30_7_2026.xlsx,13.18,,,,,,,,,,,,,,,0.23,,0,,,,,,,0.03,5889682950,-214425,-28.26 L,11078625,-94.79
NAUKRI,,,,,,,,,,,,,,,,,,,VOLUME_OI,VolumeAndOISpikesScans_25AUG26_Report_30_7_2026.xlsx,1268,,,,,,,,,,,,,,,1.35,,0.11,,,,,,,16.9,14540350,15950,2.02 Cr,88550,-94.79
TMPV,,,,,,,,,,,,,,,,,,,VOLUME_OI,VolumeAndOISpikesScans_25AUG26_Report_30_7_2026.xlsx,331.1,,,,,,,,,,,,,,,-0.21,,-0.02,,,,,,,-0.7,78337600,-14400,-47.68 L,414400,-94.91
JSWENERGY,,,,,,,,,,,,,,,,,,,VOLUME_OI,VolumeAndOISpikesScans_25AUG26_Report_30_7_2026.xlsx,544.75,,,,,,,,,,,,,,,-0.78,,0.08,,,,,,,-4.3,24969025,20425,1.11 Cr,74175,-94.99
BHARATFORG,,,,,,,,,,,,,,,,,,,VOLUME_OI,VolumeAndOISpikesScans_25AUG26_Report_30_7_2026.xlsx,"2,178.9",,,,,,,,,,,,,,,0.05,,0.21,,,,,,,1,7542000,16000,3.49 Cr,30500,-95.0
TATACONSUM,,,,,,,,,,,,,,,,,,,VOLUME_OI,VolumeAndOISpikesScans_25AUG26_Report_30_7_2026.xlsx,1106,,,,,,,,,,,,,,,0.34,,0.02,,,,,,,3.7,15424750,3850,42.58 L,39600,-95.0
MOTILALOFS,,,,,,,,,,,,,,,,,,,VOLUME_OI,VolumeAndOISpikesScans_25AUG26_Report_30_7_2026.xlsx,850.65,,,,,,,,,,,,,,,-1.13,,0.16,,,,,,,-9.75,6960275,10850,92.30 L,38750,-95.04
TORNTPHARM,,,,,,,,,,,,,,,,,,,VOLUME_OI,VolumeAndOISpikesScans_25AUG26_Report_30_7_2026.xlsx,"4,930.8",,,,,,,,,,,,,,,0.56,,-0.04,,,,,,,27.4,4230625,-1625,-80.13 L,19625,-95.08
APOLLOHOSP,,,,,,,,,,,,,,,,,,,VOLUME_OI,VolumeAndOISpikesScans_25AUG26_Report_30_7_2026.xlsx,"8,956.5",,,,,,,,,,,,,,,-0.08,,0.01,,,,,,,-7,1921000,250,22.39 L,4750,-95.09
MARICO,,,,,,,,,,,,,,,,,,,VOLUME_OI,VolumeAndOISpikesScans_25AUG26_Report_30_7_2026.xlsx,887.3,,,,,,,,,,,,,,,0.89,,0.47,,,,,,,7.8,14475600,68400,6.07 Cr,247200,-95.09
RVNL,,,,,,,,,,,,,,,,,,,VOLUME_OI,VolumeAndOISpikesScans_25AUG26_Report_30_7_2026.xlsx,223.54,,,,,,,,,,,,,,,-0.85,,0.27,,,,,,,-1.91,34825175,94325,2.11 Cr,315700,-95.16
DALBHARAT,,,,,,,,,,,,,,,,,,,VOLUME_OI,VolumeAndOISpikesScans_25AUG26_Report_30_7_2026.xlsx,"1,819.5",,,,,,,,,,,,,,,-0.51,,-0.22,,,,,,,-9.3,3769025,-8450,-1.54 Cr,19175,-95.17
MARUTI,,,,,,,,,,,,,,,,,,,VOLUME_OI,VolumeAndOISpikesScans_25AUG26_Report_30_7_2026.xlsx,13855,,,,,,,,,,,,,,,0.12,,0.3,,,,,,,16,2180350,6550,9.08 Cr,18900,-95.2
MOTHERSON,,,,,,,,,,,,,,,,,,,VOLUME_OI,VolumeAndOISpikesScans_25AUG26_Report_30_7_2026.xlsx,145.71,,,,,,,,,,,,,,,-0.52,,0.37,,,,,,,-0.76,127624800,473550,6.90 Cr,744150,-95.25
RECLTD,,,,,,,,,,,,,,,,,,,VOLUME_OI,VolumeAndOISpikesScans_25AUG26_Report_30_7_2026.xlsx,371.5,,,,,,,,,,,,,,,0.2,,-0.05,,,,,,,0.75,43252650,-23625,-87.77 L,349650,-95.4
GLENMARK,,,,,,,,,,,,,,,,,,,VOLUME_OI,VolumeAndOISpikesScans_25AUG26_Report_30_7_2026.xlsx,2260,,,,,,,,,,,,,,,-0.56,,0.04,,,,,,,-12.8,11598375,4500,1.02 Cr,60000,-95.41
LUPIN,,,,,,,,,,,,,,,,,,,VOLUME_OI,VolumeAndOISpikesScans_25AUG26_Report_30_7_2026.xlsx,2476,,,,,,,,,,,,,,,0.57,,-0.1,,,,,,,14.1,5662275,-5950,-1.47 Cr,55250,-95.42
ANGELONE,,,,,,,,,,,,,,,,,,,VOLUME_OI,VolumeAndOISpikesScans_25AUG26_Report_30_7_2026.xlsx,301.95,,,,,,,,,,,,,,,-0.46,,0.28,,,,,,,-1.4,25340000,70000,2.11 Cr,262500,-95.52
TITAN,,,,,,,,,,,,,,,,,,,VOLUME_OI,VolumeAndOISpikesScans_25AUG26_Report_30_7_2026.xlsx,4855,,,,,,,,,,,,,,,-0.15,,0.16,,,,,,,-7.5,5730550,9275,4.50 Cr,27650,-95.52
SBILIFE,,,,,,,,,,,,,,,,,,,VOLUME_OI,VolumeAndOISpikesScans_25AUG26_Report_30_7_2026.xlsx,"1,912.1",,,,,,,,,,,,,,,0.64,,0.02,,,,,,,12.1,6679875,1125,21.51 L,44625,-95.58
APLAPOLLO,,,,,,,,,,,,,,,,,,,VOLUME_OI,VolumeAndOISpikesScans_25AUG26_Report_30_7_2026.xlsx,1875,,,,,,,,,,,,,,,-0.1,,-0.02,,,,,,,-1.8,4432400,-700,-13.13 L,15400,-95.6
TATAPOWER,,,,,,,,,,,,,,,,,,,VOLUME_OI,VolumeAndOISpikesScans_25AUG26_Report_30_7_2026.xlsx,378.35,,,,,,,,,,,,,,,-0.15,,-0.06,,,,,,,-0.55,63636150,-37700,-1.43 Cr,276950,-95.64
PIDILITIND,,,,,,,,,,,,,,,,,,,VOLUME_OI,VolumeAndOISpikesScans_25AUG26_Report_30_7_2026.xlsx,"1,634.5",,,,,,,,,,,,,,,-0.1,,0.21,,,,,,,-1.6,7645500,16000,2.62 Cr,51000,-95.69
CANBK,,,,,,,,,,,,,,,,,,,VOLUME_OI,VolumeAndOISpikesScans_25AUG26_Report_30_7_2026.xlsx,124.88,,,,,,,,,,,,,,,-0.46,,0.01,,,,,,,-0.58,402509250,47250,59.01 L,870750,-95.75
INDUSINDBK,,,,,,,,,,,,,,,,,,,VOLUME_OI,VolumeAndOISpikesScans_25AUG26_Report_30_7_2026.xlsx,1006,,,,,,,,,,,,,,,-0.77,,0,,,,,,,-7.8,34617800,-700,-7.04 L,87500,-95.75
ABCAPITAL,,,,,,,,,,,,,,,,,,,VOLUME_OI,VolumeAndOISpikesScans_25AUG26_Report_30_7_2026.xlsx,397,,,,,,,,,,,,,,,-0.77,,0.03,,,,,,,-3.1,33935700,9300,36.92 L,300700,-95.76
RELIANCE,,,,,,,,,,,,,,,,,,,VOLUME_OI,VolumeAndOISpikesScans_25AUG26_Report_30_7_2026.xlsx,1287,,,,,,,,,,,,,,,0.28,,-0.07,,,,,,,3.6,105608000,-77000,-9.91 Cr,457500,-95.79
VOLTAS,,,,,,,,,,,,,,,,,,,VOLUME_OI,VolumeAndOISpikesScans_25AUG26_Report_30_7_2026.xlsx,"1,310.1",,,,,,,,,,,,,,,-0.83,,0.01,,,,,,,-11,7225500,375,4.91 L,33750,-95.8
MFSL,,,,,,,,,,,,,,,,,,,VOLUME_OI,VolumeAndOISpikesScans_25AUG26_Report_30_7_2026.xlsx,1534,,,,,,,,,,,,,,,0.6,,0.15,,,,,,,9.1,9669200,14800,2.27 Cr,41600,-95.82
NIFTYNXT50,,,,,,,,,,,,,,,,,,,VOLUME_OI,VolumeAndOISpikesScans_25AUG26_Report_30_7_2026.xlsx,72650,,,,,,,,,,,,,,,-0.01,,0.48,,,,,,,-8.2,15825,75,54.49 L,125,-95.87
POLICYBZR,,,,,,,,,,,,,,,,,,,VOLUME_OI,VolumeAndOISpikesScans_25AUG26_Report_30_7_2026.xlsx,"1,608.7",,,,,,,,,,,,,,,-0.52,,0.02,,,,,,,-8.4,9336950,1750,28.15 L,24150,-95.88
PIIND,,,,,,,,,,,,,,,,,,,VOLUME_OI,VolumeAndOISpikesScans_25AUG26_Report_30_7_2026.xlsx,2760,,,,,,,,,,,,,,,0.17,,0.1,,,,,,,4.8,2733325,2625,72.45 L,8400,-95.89
KOTAKBANK,,,,,,,,,,,,,,,,,,,VOLUME_OI,VolumeAndOISpikesScans_25AUG26_Report_30_7_2026.xlsx,390.45,,,,,,,,,,,,,,,-0.26,,0.01,,,,,,,-1,179642000,10000,39.05 L,314000,-95.92
FINNIFTY,,,,,,,,,,,,,,,,,,,VOLUME_OI,VolumeAndOISpikesScans_25AUG26_Report_30_7_2026.xlsx,"26,321.8",,,,,,,,,,,,,,,-0.09,,-0.22,,,,,,,-24.6,27000,-60,-15.79 L,540,-95.93
AXISBANK,,,,,,,,,,,,,,,,,,,VOLUME_OI,VolumeAndOISpikesScans_25AUG26_Report_30_7_2026.xlsx,"1,230.5",,,,,,,,,,,,,,,-0.77,,0.06,,,,,,,-9.5,78758125,48750,6.00 Cr,273750,-95.94
OFSS,,,,,,,,,,,,,,,,,,,VOLUME_OI,VolumeAndOISpikesScans_25AUG26_Report_30_7_2026.xlsx,11465,,,,,,,,,,,,,,,-0.04,,0.08,,,,,,,-5,1303200,1000,1.15 Cr,12700,-95.98
CGPOWER,,,,,,,,,,,,,,,,,,,VOLUME_OI,VolumeAndOISpikesScans_25AUG26_Report_30_7_2026.xlsx,828.5,,,,,,,,,,,,,,,-0.71,,0.49,,,,,,,-5.9,18642200,91800,7.61 Cr,185300,-96.0
INDHOTEL,,,,,,,,,,,,,,,,,,,VOLUME_OI,VolumeAndOISpikesScans_25AUG26_Report_30_7_2026.xlsx,740.1,,,,,,,,,,,,,,,-0.04,,0.04,,,,,,,-0.3,21485000,9000,66.61 L,56000,-96.01
JIOFIN,,,,,,,,,,,,,,,,,,,VOLUME_OI,VolumeAndOISpikesScans_25AUG26_Report_30_7_2026.xlsx,248.6,,,,,,,,,,,,,,,-0.83,,0.42,,,,,,,-2.08,169519600,712050,17.70 Cr,2488650,-96.03
OIL,,,,,,,,,,,,,,,,,,,VOLUME_OI,VolumeAndOISpikesScans_25AUG26_Report_30_7_2026.xlsx,452.75,,,,,,,,,,,,,,,1.62,,-0.03,,,,,,,7.2,16069200,-4200,-19.02 L,68600,-96.05
ALKEM,,,,,,,,,,,,,,,,,,,VOLUME_OI,VolumeAndOISpikesScans_25AUG26_Report_30_7_2026.xlsx,"5,710.5",,,,,,,,,,,,,,,0.25,,0.05,,,,,,,14.5,1368625,625,35.69 L,3000,-96.09
DLF,,,,,,,,,,,,,,,,,,,VOLUME_OI,VolumeAndOISpikesScans_25AUG26_Report_30_7_2026.xlsx,669.05,,,,,,,,,,,,,,,-0.48,,0.08,,,,,,,-3.2,46986050,39900,2.67 Cr,169100,-96.1
SOLARINDS,,,,,,,,,,,,,,,,,,,VOLUME_OI,VolumeAndOISpikesScans_25AUG26_Report_30_7_2026.xlsx,18059,,,,,,,,,,,,,,,-0.75,,0.14,,,,,,,-136,787200,1100,1.99 Cr,2400,-96.11
GAIL,,,,,,,,,,,,,,,,,,,VOLUME_OI,VolumeAndOISpikesScans_25AUG26_Report_30_7_2026.xlsx,176.26,,,,,,,,,,,,,,,0.06,,0.23,,,,,,,0.11,78742550,184600,3.25 Cr,351450,-96.13
NHPC,,,,,,,,,,,,,,,,,,,VOLUME_OI,VolumeAndOISpikesScans_25AUG26_Report_30_7_2026.xlsx,77.75,,,,,,,,,,,,,,,-0.49,,0.03,,,,,,,-0.38,121458200,34750,27.02 L,326650,-96.2
SWIGGY,,,,,,,,,,,,,,,,,,,VOLUME_OI,VolumeAndOISpikesScans_25AUG26_Report_30_7_2026.xlsx,285,,,,,,,,,,,,,,,0.22,,1.2,,,,,,,0.62,54487200,646050,18.41 Cr,1620600,-96.2
PFC,,,,,,,,,,,,,,,,,,,VOLUME_OI,VolumeAndOISpikesScans_25AUG26_Report_30_7_2026.xlsx,425.6,,,,,,,,,,,,,,,0.24,,0.21,,,,,,,1,47895900,102700,4.37 Cr,248300,-96.24
ASHOKLEY,,,,,,,,,,,,,,,,,,,VOLUME_OI,VolumeAndOISpikesScans_25AUG26_Report_30_7_2026.xlsx,158.19,,,,,,,,,,,,,,,-0.28,,0.18,,,,,,,-0.45,144005000,265000,4.19 Cr,850000,-96.27
SIEMENS,,,,,,,,,,,,,,,,,,,VOLUME_OI,VolumeAndOISpikesScans_25AUG26_Report_30_7_2026.xlsx,"3,618.3",,,,,,,,,,,,,,,0.04,,0.03,,,,,,,1.3,3665200,1050,37.99 L,14175,-96.28
TIINDIA,,,,,,,,,,,,,,,,,,,VOLUME_OI,VolumeAndOISpikesScans_25AUG26_Report_30_7_2026.xlsx,"2,770.1",,,,,,,,,,,,,,,-1.1,,0.03,,,,,,,-30.9,1950200,600,16.62 L,5800,-96.32
TATASTEEL,,,,,,,,,,,,,,,,,,,VOLUME_OI,VolumeAndOISpikesScans_25AUG26_Report_30_7_2026.xlsx,188.25,,,,,,,,,,,,,,,-0.08,,0.16,,,,,,,-0.16,161163750,258500,4.87 Cr,937750,-96.34
BEL,,,,,,,,,,,,,,,,,,,VOLUME_OI,VolumeAndOISpikesScans_25AUG26_Report_30_7_2026.xlsx,387.1,,,,,,,,,,,,,,,-0.65,,0.1,,,,,,,-2.55,100595025,99750,3.86 Cr,591375,-96.38
PETRONET,,,,,,,,,,,,,,,,,,,VOLUME_OI,VolumeAndOISpikesScans_25AUG26_Report_30_7_2026.xlsx,277.8,,,,,,,,,,,,,,,-0.13,,0.07,,,,,,,-0.35,31490600,22800,63.34 L,89300,-96.4
BHARTIARTL,,,,,,,,,,,,,,,,,,,VOLUME_OI,VolumeAndOISpikesScans_25AUG26_Report_30_7_2026.xlsx,"1,966.5",,,,,,,,,,,,,,,0.5,,0,,,,,,,9.8,57743375,950,18.68 L,137750,-96.43
POLYCAB,,,,,,,,,,,,,,,,,,,VOLUME_OI,VolumeAndOISpikesScans_25AUG26_Report_30_7_2026.xlsx,9013,,,,,,,,,,,,,,,-0.97,,0.2,,,,,,,-88,2334375,4625,4.17 Cr,11250,-96.43
BANKINDIA,,,,,,,,,,,,,,,,,,,VOLUME_OI,VolumeAndOISpikesScans_25AUG26_Report_30_7_2026.xlsx,137.49,,,,,,,,,,,,,,,-0.41,,0.05,,,,,,,-0.57,99070400,52000,71.49 L,296400,-96.44
BANKBARODA,,,,,,,,,,,,,,,,,,,VOLUME_OI,VolumeAndOISpikesScans_25AUG26_Report_30_7_2026.xlsx,243.75,,,,,,,,,,,,,,,-0.45,,0.06,,,,,,,-1.1,130490100,76050,1.85 Cr,456300,-96.46
ZYDUSLIFE,,,,,,,,,,,,,,,,,,,VOLUME_OI,VolumeAndOISpikesScans_25AUG26_Report_30_7_2026.xlsx,"1,132.4",,,,,,,,,,,,,,,0.28,,-0.02,,,,,,,3.2,9705600,-1800,-20.38 L,45900,-96.46
FORTIS,,,,,,,,,,,,,,,,,,,VOLUME_OI,VolumeAndOISpikesScans_25AUG26_Report_30_7_2026.xlsx,954.7,,,,,,,,,,,,,,,-0.35,,0.01,,,,,,,-3.4,9090750,775,7.40 L,27900,-96.48
AMBER,,,,,,,,,,,,,,,,,,,VOLUME_OI,VolumeAndOISpikesScans_25AUG26_Report_30_7_2026.xlsx,7426,,,,,,,,,,,,,,,-0.24,,0.16,,,,,,,-18,1264500,2000,1.49 Cr,12000,-96.52
TATAELXSI,,,,,,,,,,,,,,,,,,,VOLUME_OI,VolumeAndOISpikesScans_25AUG26_Report_30_7_2026.xlsx,"3,705.5",,,,,,,,,,,,,,,0.34,,0.16,,,,,,,12.6,2616000,4125,1.53 Cr,25375,-96.54
UNIONBANK,,,,,,,,,,,,,,,,,,,VOLUME_OI,VolumeAndOISpikesScans_25AUG26_Report_30_7_2026.xlsx,170.62,,,,,,,,,,,,,,,-0.57,,0.04,,,,,,,-0.97,119545800,53100,90.60 L,358425,-96.57
BLUESTARCO,,,,,,,,,,,,,,,,,,,VOLUME_OI,VolumeAndOISpikesScans_25AUG26_Report_30_7_2026.xlsx,"1,677.9",,,,,,,,,,,,,,,-0.18,,0.01,,,,,,,-3.1,3118700,325,5.45 L,11050,-96.66
UNITDSPR,,,,,,,,,,,,,,,,,,,VOLUME_OI,VolumeAndOISpikesScans_25AUG26_Report_30_7_2026.xlsx,"1,526.9",,,,,,,,,,,,,,,0.87,,0.12,,,,,,,13.1,8342800,9600,1.47 Cr,51600,-96.7
GODREJPROP,,,,,,,,,,,,,,,,,,,VOLUME_OI,VolumeAndOISpikesScans_25AUG26_Report_30_7_2026.xlsx,"2,145.1",,,,,,,,,,,,,,,-0.8,,0.1,,,,,,,-17.2,7532525,7150,1.53 Cr,25025,-96.77
ITC,,,,,,,,,,,,,,,,,,,VOLUME_OI,VolumeAndOISpikesScans_25AUG26_Report_30_7_2026.xlsx,288.5,,,,,,,,,,,,,,,0.28,,0.07,,,,,,,0.8,156495450,112125,3.23 Cr,455400,-96.84
HDFCLIFE,,,,,,,,,,,,,,,,,,,VOLUME_OI,VolumeAndOISpikesScans_25AUG26_Report_30_7_2026.xlsx,560.2,,,,,,,,,,,,,,,0.07,,0.02,,,,,,,0.4,41240100,8800,49.30 L,77000,-96.88
CONCOR,,,,,,,,,,,,,,,,,,,VOLUME_OI,VolumeAndOISpikesScans_25AUG26_Report_30_7_2026.xlsx,523.95,,,,,,,,,,,,,,,-0.45,,0.01,,,,,,,-2.35,21895000,2500,13.10 L,62500,-96.9
ADANIENT,,,,,,,,,,,,,,,,,,,VOLUME_OI,VolumeAndOISpikesScans_25AUG26_Report_30_7_2026.xlsx,"3,020.2",,,,,,,,,,,,,,,-0.75,,0.13,,,,,,,-22.7,16169043,20703,6.25 Cr,92700,-96.93
JUBLFOOD,,,,,,,,,,,,,,,,,,,VOLUME_OI,VolumeAndOISpikesScans_25AUG26_Report_30_7_2026.xlsx,437.2,,,,,,,,,,,,,,,-0.51,,0.05,,,,,,,-2.25,17331250,8750,38.26 L,83750,-96.95
CAMS,,,,,,,,,,,,,,,,,,,VOLUME_OI,VolumeAndOISpikesScans_25AUG26_Report_30_7_2026.xlsx,788.85,,,,,,,,,,,,,,,-0.68,,0.09,,,,,,,-5.4,6504300,5775,45.56 L,26400,-97.09
ABB,,,,,,,,,,,,,,,,,,,VOLUME_OI,VolumeAndOISpikesScans_25AUG26_Report_30_7_2026.xlsx,"7,273.5",,,,,,,,,,,,,,,-0.91,,0.04,,,,,,,-67,2051750,750,54.55 L,26000,-97.13
PATANJALI,,,,,,,,,,,,,,,,,,,VOLUME_OI,VolumeAndOISpikesScans_25AUG26_Report_30_7_2026.xlsx,358.4,,,,,,,,,,,,,,,-0.11,,0.17,,,,,,,-0.4,30389175,50525,1.81 Cr,566525,-97.15
COALINDIA,,,,,,,,,,,,,,,,,,,VOLUME_OI,VolumeAndOISpikesScans_25AUG26_Report_30_7_2026.xlsx,409.45,,,,,,,,,,,,,,,0.59,,0,,,,,,,2.4,75728250,2700,11.06 L,224100,-97.18
COLPAL,,,,,,,,,,,,,,,,,,,VOLUME_OI,VolumeAndOISpikesScans_25AUG26_Report_30_7_2026.xlsx,2148,,,,,,,,,,,,,,,-1.29,,0.34,,,,,,,-28.1,4361775,14850,3.19 Cr,99000,-97.18
PAYTM,,,,,,,,,,,,,,,,,,,VOLUME_OI,VolumeAndOISpikesScans_25AUG26_Report_30_7_2026.xlsx,"1,333.9",,,,,,,,,,,,,,,-0.05,,0.06,,,,,,,-0.7,19631550,12325,1.64 Cr,150075,-97.21
RBLBANK,,,,,,,,,,,,,,,,,,,VOLUME_OI,VolumeAndOISpikesScans_25AUG26_Report_30_7_2026.xlsx,370.5,,,,,,,,,,,,,,,-0.63,,0.31,,,,,,,-2.35,47710725,149225,5.53 Cr,250825,-97.22
VMM,,,,,,,,,,,,,,,,,,,VOLUME_OI,VolumeAndOISpikesScans_25AUG26_Report_30_7_2026.xlsx,108.41,,,,,,,,,,,,,,,-0.41,,-0.02,,,,,,,-0.45,42296850,-9700,-10.52 L,130950,-97.24
KEI,,,,,,,,,,,,,,,,,,,VOLUME_OI,VolumeAndOISpikesScans_25AUG26_Report_30_7_2026.xlsx,4809,,,,,,,,,,,,,,,-1.05,,0.05,,,,,,,-51,2023525,1050,50.49 L,5075,-97.3
SHREECEM,,,,,,,,,,,,,,,,,,,VOLUME_OI,VolumeAndOISpikesScans_25AUG26_Report_30_7_2026.xlsx,26550,,,,,,,,,,,,,,,-0.17,,0.03,,,,,,,-45,320800,100,26.55 L,950,-97.3
CUMMINSIND,,,,,,,,,,,,,,,,,,,VOLUME_OI,VolumeAndOISpikesScans_25AUG26_Report_30_7_2026.xlsx,5378,,,,,,,,,,,,,,,-0.66,,0.09,,,,,,,-36,3983800,3400,1.83 Cr,18600,-97.33
MANKIND,,,,,,,,,,,,,,,,,,,VOLUME_OI,VolumeAndOISpikesScans_25AUG26_Report_30_7_2026.xlsx,"2,598.3",,,,,,,,,,,,,,,-0.06,,-0.03,,,,,,,-1.6,2715500,-750,-19.49 L,14000,-97.34
CIPLA,,,,,,,,,,,,,,,,,,,VOLUME_OI,VolumeAndOISpikesScans_25AUG26_Report_30_7_2026.xlsx,1484,,,,,,,,,,,,,,,0.08,,0,,,,,,,1.2,9868075,425,6.31 L,43350,-97.37
IEX,,,,,,,,,,,,,,,,,,,VOLUME_OI,VolumeAndOISpikesScans_25AUG26_Report_30_7_2026.xlsx,134,,,,,,,,,,,,,,,-0.88,,0.11,,,,,,,-1.19,70739700,78300,1.05 Cr,261000,-97.38
POWERINDIA,,,,,,,,,,,,,,,,,,,VOLUME_OI,VolumeAndOISpikesScans_25AUG26_Report_30_7_2026.xlsx,31565,,,,,,,,,,,,,,,-0.93,,0.16,,,,,,,-295,531650,875,2.76 Cr,3125,-97.39
LTF,,,,,,,,,,,,,,,,,,,VOLUME_OI,VolumeAndOISpikesScans_25AUG26_Report_30_7_2026.xlsx,306.7,,,,,,,,,,,,,,,-1.27,,0.21,,,,,,,-3.95,49522500,103500,3.17 Cr,326250,-97.45
IREDA,,,,,,,,,,,,,,,,,,,VOLUME_OI,VolumeAndOISpikesScans_25AUG26_Report_30_7_2026.xlsx,118.3,,,,,,,,,,,,,,,-0.73,,0.11,,,,,,,-0.87,63512900,67875,80.30 L,153850,-97.53
KFINTECH,,,,,,,,,,,,,,,,,,,VOLUME_OI,VolumeAndOISpikesScans_25AUG26_Report_30_7_2026.xlsx,943.9,,,,,,,,,,,,,,,-0.61,,-0.13,,,,,,,-5.8,3429875,-4600,-43.42 L,38525,-97.54
DELHIVERY,,,,,,,,,,,,,,,,,,,VOLUME_OI,VolumeAndOISpikesScans_25AUG26_Report_30_7_2026.xlsx,467.55,,,,,,,,,,,,,,,-0.6,,0.29,,,,,,,-2.8,23175675,66400,3.10 Cr,124500,-97.55
PHOENIXLTD,,,,,,,,,,,,,,,,,,,VOLUME_OI,VolumeAndOISpikesScans_25AUG26_Report_30_7_2026.xlsx,"1,901.5",,,,,,,,,,,,,,,-0.57,,0.32,,,,,,,-10.9,3577350,11550,2.20 Cr,50400,-97.77
NTPC,,,,,,,,,,,,,,,,,,,VOLUME_OI,VolumeAndOISpikesScans_25AUG26_Report_30_7_2026.xlsx,344.7,,,,,,,,,,,,,,,-0.25,,0.01,,,,,,,-0.85,100576500,10500,36.19 L,100500,-97.95
UPL,,,,,,,,,,,,,,,,,,,VOLUME_OI,VolumeAndOISpikesScans_25AUG26_Report_30_7_2026.xlsx,611.35,,,,,,,,,,,,,,,-0.23,,0.01,,,,,,,-1.4,30281540,4065,24.85 L,52845,-97.96
ICICIGI,,,,,,,,,,,,,,,,,,,VOLUME_OI,VolumeAndOISpikesScans_25AUG26_Report_30_7_2026.xlsx,"1,653.4",,,,,,,,,,,,,,,-0.24,,0.02,,,,,,,-4,5073250,975,16.12 L,9750,-97.97
POWERGRID,,,,,,,,,,,,,,,,,,,VOLUME_OI,VolumeAndOISpikesScans_25AUG26_Report_30_7_2026.xlsx,284.7,,,,,,,,,,,,,,,0.35,,0.03,,,,,,,1,43128100,13300,37.87 L,142500,-98.11
BOSCHLTD,,,,,,,,,,,,,,,,,,,VOLUME_OI,VolumeAndOISpikesScans_25AUG26_Report_30_7_2026.xlsx,41090,,,,,,,,,,,,,,,0.49,,0.1,,,,,,,200,204975,200,82.18 L,1175,-98.12
DMART,,,,,,,,,,,,,,,,,,,VOLUME_OI,VolumeAndOISpikesScans_25AUG26_Report_30_7_2026.xlsx,"3,859.5",,,,,,,,,,,,,,,0.17,,0.01,,,,,,,6.6,5151750,750,28.95 L,11850,-98.22
BANDHANBNK,,,,,,,,,,,,,,,,,,,VOLUME_OI,VolumeAndOISpikesScans_25AUG26_Report_30_7_2026.xlsx,172.19,,,,,,,,,,,,,,,-0.53,,0.03,,,,,,,-0.92,129949200,43200,74.39 L,464400,-98.24
LT,,,,,,,,,,,,,,,,,,,VOLUME_OI,VolumeAndOISpikesScans_25AUG26_Report_30_7_2026.xlsx,"3,938.3",,,,,,,,,,,,,,,-0.17,,0,,,,,,,-6.8,12023900,175,6.89 L,63350,-98.29
BHEL,,,,,,,,,,,,,,,,,,,VOLUME_OI,VolumeAndOISpikesScans_25AUG26_Report_30_7_2026.xlsx,405.95,,,,,,,,,,,,,,,-0.32,,0.06,,,,,,,-1.3,81041625,44625,1.81 Cr,236250,-98.31
AMBUJACEM,,,,,,,,,,,,,,,,,,,VOLUME_OI,VolumeAndOISpikesScans_25AUG26_Report_30_7_2026.xlsx,434.65,,,,,,,,,,,,,,,-0.79,,0.08,,,,,,,-3.45,79564800,66000,2.87 Cr,232800,-98.35
JINDALSTEL,,,,,,,,,,,,,,,,,,,VOLUME_OI,VolumeAndOISpikesScans_25AUG26_Report_30_7_2026.xlsx,"1,094.2",,,,,,,,,,,,,,,-0.01,,0.01,,,,,,,-0.1,12802500,1875,20.52 L,46250,-98.35
NMDC,,,,,,,,,,,,,,,,,,,VOLUME_OI,VolumeAndOISpikesScans_25AUG26_Report_30_7_2026.xlsx,86.15,,,,,,,,,,,,,,,-0.17,,-0.02,,,,,,,-0.15,340935750,-60750,-52.34 L,499500,-98.46
GRASIM,,,,,,,,,,,,,,,,,,,VOLUME_OI,VolumeAndOISpikesScans_25AUG26_Report_30_7_2026.xlsx,"3,114.6",,,,,,,,,,,,,,,-0.16,,0.01,,,,,,,-5,11924500,1750,54.51 L,7250,-98.53
MAXHEALTH,,,,,,,,,,,,,,,,,,,VOLUME_OI,VolumeAndOISpikesScans_25AUG26_Report_30_7_2026.xlsx,"1,121.5",,,,,,,,,,,,,,,0.39,,0.04,,,,,,,4.4,9678900,3675,41.22 L,11550,-98.54
COCHINSHIP,,,,,,,,,,,,,,,,,,,VOLUME_OI,VolumeAndOISpikesScans_25AUG26_Report_30_7_2026.xlsx,1398,,,,,,,,,,,,,,,-0.45,,0.09,,,,,,,-6.3,5723200,5200,72.70 L,12800,-98.56
NAM-INDIA,,,,,,,,,,,,,,,,,,,VOLUME_OI,VolumeAndOISpikesScans_25AUG26_Report_30_7_2026.xlsx,1156,,,,,,,,,,,,,,,-0.23,,-0.03,,,,,,,-2.7,7005625,-1875,-21.68 L,10625,-98.62
CHOLAFIN,,,,,,,,,,,,,,,,,,,VOLUME_OI,VolumeAndOISpikesScans_25AUG26_Report_30_7_2026.xlsx,1802,,,,,,,,,,,,,,,-0.61,,-0.02,,,,,,,-11,12668750,-3125,-56.31 L,55000,-98.75
GODFRYPHLP,,,,,,,,,,,,,,,,,,,VOLUME_OI,VolumeAndOISpikesScans_25AUG26_Report_30_7_2026.xlsx,"2,044.8",,,,,,,,,,,,,,,-0.31,,-0.04,,,,,,,-6.3,1915100,-825,-16.87 L,11000,-98.78
JSWSTEEL,,,,,,,,,,,,,,,,,,,VOLUME_OI,VolumeAndOISpikesScans_25AUG26_Report_30_7_2026.xlsx,"1,281.4",,,,,,,,,,,,,,,-0.19,,0,,,,,,,-2.4,39320100,-1350,-17.30 L,31050,-98.85
SAIL,,,,,,,,,,,,,,,,,,,VOLUME_OI,VolumeAndOISpikesScans_25AUG26_Report_30_7_2026.xlsx,171.22,,,,,,,,,,,,,,,0.05,,0.05,,,,,,,0.08,182139100,98700,1.69 Cr,427700,-98.87
HINDUNILVR,,,,,,,,,,,,,,,,,,,VOLUME_OI,VolumeAndOISpikesScans_25AUG26_Report_30_7_2026.xlsx,"2,134.6",,,,,,,,,,,,,,,0.19,,-0.01,,,,,,,4.1,15469200,-1800,-38.42 L,85500,-98.94
GODREJCP,,,,,,,,,,,,,,,,,,,VOLUME_OI,VolumeAndOISpikesScans_25AUG26_Report_30_7_2026.xlsx,"1,073.4",,,,,,,,,,,,,,,-0.11,,0.01,,,,,,,-1.2,10182000,1500,16.10 L,6000,-99.25
BANKEX,,,,,,,,,,,,,,,,,,,VOLUME_OI,VolumeAndOISpikesScans_25AUG26_Report_30_7_2026.xlsx,-,,,,,,,,,,,,,,,-,,-,,,,,,,-,-,-,-,-,
BAJAJHLDNG,,,,,,,,,,,,,,,,,,,VOLUME_OI,VolumeAndOISpikesScans_25AUG26_Report_30_7_2026.xlsx,-,,,,,,,,,,,,,,,-,,-,,,,,,,-,-,-,-,-,
