trading_date,Symbol,first_22_timestamp,first_22_progress_pct,direction,first_22_source_file,opening_price,opening_straddle_premium,Open,High,Low,Close,current_price,price_chg_pct,oi_chg_pct,iv_chg_pct,pcr_chg_pct,ce_oi_chg_pct,pe_oi_chg_pct,pe_minus_ce_oi_chg,futures_oi,futures_oi_chg,futures_oi_chg_pct,futures_buildup,volume,volume_chg_pct,ivr,ivp,iv_hv10,iv_hv20,iv_hv30,atm_straddle_pct,atm_straddle_price,target_40_reached,time_to_40_min,target_45_reached,time_to_45_min,target_50_reached,time_to_50_min,target_100_reached,time_to_100_min,max_progress_after_22,gate_price,gate_futures_oi,gate_futures_oi_chg,gate_pe_minus_ce
2026-08-12,ADANIENSOL,2026-08-12 09:34:47,45.47637721074177,DOWN,D:\My-data\Share_P&L\Ichart Data\Screenshot\August26\2026-08-12\Daywise_Price_and_OI_Summary_25AUG26_Report_2026-08-12 (1).xlsx,1635.0,82.24050000000001,1635.0,1635.0,1597.6,1597.6,1597.6,-1.79,0.33,1.35,0.0,1.11,0.8,-57.0,,,,,,,,,,,,,83.95,True,52.733333333333334,True,52.733333333333334,True,52.733333333333334,False,,66.75543071844174,SUPPORT,UNAVAILABLE,UNAVAILABLE,SUPPORT
2026-08-12,ADANIENT,2026-08-12 09:34:47,32.24645888576498,DOWN,D:\My-data\Share_P&L\Ichart Data\Screenshot\August26\2026-08-12\Daywise_Price_and_OI_Summary_25AUG26_Report_2026-08-12 (1).xlsx,3020.0,150.094,3020.0,3020.0,2971.2,2971.6,2971.6,-0.76,0.28,2.79,-1.67,2.78,0.34,-506.0,,,,,,,,,,,,,152.0,False,,False,,False,,False,,30.114461604061333,SUPPORT,UNAVAILABLE,UNAVAILABLE,SUPPORT
2026-08-12,ADANIGREEN,2026-08-12 09:34:47,34.87912802706409,DOWN,D:\My-data\Share_P&L\Ichart Data\Screenshot\August26\2026-08-12\Daywise_Price_and_OI_Summary_25AUG26_Report_2026-08-12 (1).xlsx,1373.9,75.97667000000001,1373.9,1373.9,1347.4,1347.4,1347.4,-1.25,0.13,0.31,-2.13,2.18,0.11,-377.0,,,,,,,,,,,,,74.05,True,52.733333333333334,True,52.733333333333334,True,69.5,False,,52.51612106716455,SUPPORT,UNAVAILABLE,UNAVAILABLE,SUPPORT
2026-08-12,ADANIPOWER,2026-08-12 10:27:31,24.75928942926341,DOWN,D:\My-data\Share_P&L\Ichart Data\Screenshot\August26\2026-08-12\Daywise_Price_and_OI_Summary_25AUG26_Report_2026-08-12 (3).xlsx,209.99,10.541497999999999,209.99,209.99,206.86,207.38,207.38,-0.95,0.6,7.3,-1.92,2.1,-0.19,-327.0,,,,,,,,,,,,,11.43,False,,False,,False,,False,,26.087373919721852,SUPPORT,UNAVAILABLE,UNAVAILABLE,SUPPORT
2026-08-12,AMBUJACEM,2026-08-12 10:27:31,34.00596708479042,DOWN,D:\My-data\Share_P&L\Ichart Data\Screenshot\August26\2026-08-12\Daywise_Price_and_OI_Summary_25AUG26_Report_2026-08-12 (3).xlsx,427.0,15.5855,427.0,427.45,421.25,421.7,421.7,-0.99,0.44,-3.0,0.0,2.42,0.92,-254.0,,,,,,,,,,,,,15.8,False,,False,,False,,False,,36.251644156427304,SUPPORT,UNAVAILABLE,UNAVAILABLE,SUPPORT
2026-08-12,APOLLOHOSP,2026-08-12 09:20:02,25.47021943573668,DOWN,D:\My-data\Share_P&L\Ichart Data\Screenshot\August26\2026-08-12\Daywise_Price_and_OI_Summary_25AUG26_Report_2026-08-12.xlsx,8800.0,408.32,8800.0,8800.0,8694.0,8696.0,8696.0,-1.3,0.43,5.37,-6.15,4.56,-1.08,-580.0,,,,,,,,,,,,,403.8,True,14.75,False,,False,,False,,43.96061912225706,SUPPORT,UNAVAILABLE,UNAVAILABLE,SUPPORT
2026-08-12,AUBANK,2026-08-12 10:44:17,25.26105171012295,UP,D:\My-data\Share_P&L\Ichart Data\Screenshot\August26\2026-08-12\Daywise_Price_and_OI_Summary_25AUG26_Report_2026-08-12 (4).xlsx,1066.2,39.9825,1066.2,1079.0,1064.0,1076.3,1076.3,0.84,0.48,3.07,-1.49,6.23,3.66,-293.0,,,,,,,,,,,,,40.75,False,,False,,False,,False,,,SUPPORT,UNAVAILABLE,UNAVAILABLE,CONTRADICT
2026-08-12,BAJAJ-AUTO,2026-08-12 09:20:02,25.438135189012684,UP,D:\My-data\Share_P&L\Ichart Data\Screenshot\August26\2026-08-12\Daywise_Price_and_OI_Summary_25AUG26_Report_2026-08-12.xlsx,11681.0,408.835,11681.0,11785.0,11681.0,11785.0,11785.0,0.67,0.03,3.82,1.33,-1.02,0.46,294.0,,,,,,,,,,,,,412.55,False,,False,,False,,False,,33.75444861618991,SUPPORT,UNAVAILABLE,UNAVAILABLE,SUPPORT
2026-08-12,BANDHANBNK,2026-08-12 10:27:31,27.448660505367524,UP,D:\My-data\Share_P&L\Ichart Data\Screenshot\August26\2026-08-12\Daywise_Price_and_OI_Summary_25AUG26_Report_2026-08-12 (3).xlsx,172.72,6.6669920000000005,172.72,174.55,171.5,174.55,174.55,1.05,-0.11,27.2,0.0,-0.51,-0.13,68.0,,,,,,,,,,,,,8.26,False,,False,,False,,False,,38.09814081072832,SUPPORT,UNAVAILABLE,UNAVAILABLE,SUPPORT
2026-08-12,BANKBARODA,2026-08-12 09:34:47,41.247998648104286,UP,D:\My-data\Share_P&L\Ichart Data\Screenshot\August26\2026-08-12\Daywise_Price_and_OI_Summary_25AUG26_Report_2026-08-12 (1).xlsx,246.01,10.012607000000001,246.01,250.8,246.01,250.14,250.14,1.15,-0.18,-1.52,1.18,-0.77,0.06,135.0,,,,,,,,,,,,,10.18,True,52.733333333333334,True,52.733333333333334,True,52.733333333333334,False,,60.22407550800706,SUPPORT,UNAVAILABLE,UNAVAILABLE,SUPPORT
2026-08-12,BANKEX,2026-08-12 09:20:02,27.243451453200446,DOWN,D:\My-data\Share_P&L\Ichart Data\Screenshot\August26\2026-08-12\Daywise_Price_and_OI_Summary_25AUG26_Report_2026-08-12.xlsx,65474.45,1309.489,65474.45,65475.0,65117.7,65117.7,65117.7,0.0,0.0,-5.6,0.0,0.52,0.0,,,,,,,,,,,,,,1301.25,False,,False,,False,,False,,13.32199048636507,NEUTRAL,UNAVAILABLE,UNAVAILABLE,UNAVAILABLE
2026-08-12,BANKINDIA,2026-08-12 09:34:47,43.708142403947754,UP,D:\My-data\Share_P&L\Ichart Data\Screenshot\August26\2026-08-12\Daywise_Price_and_OI_Summary_25AUG26_Report_2026-08-12 (1).xlsx,141.85,7.0925,141.85,145.25,141.85,144.95,144.95,2.05,-0.46,6.91,0.0,-0.86,-0.8,10.0,,,,,,,,,,,,,6.83,True,52.733333333333334,True,52.733333333333334,True,52.733333333333334,False,,56.8205851251322,SUPPORT,UNAVAILABLE,UNAVAILABLE,SUPPORT
2026-08-12,BANKNIFTY,2026-08-12 09:34:47,22.757907432793186,UP,D:\My-data\Share_P&L\Ichart Data\Screenshot\August26\2026-08-12\Daywise_Price_and_OI_Summary_25AUG26_Report_2026-08-12 (1).xlsx,57576.0,1116.9744,57576.0,57900.0,57464.2,57830.2,57830.2,0.44,-0.38,1.77,7.32,-0.81,6.12,28576.0,,,,,,,,,,,,,1106.85,False,,False,,False,,False,,27.198474736753404,SUPPORT,UNAVAILABLE,UNAVAILABLE,SUPPORT
2026-08-12,BHEL,2026-08-12 09:34:47,34.178512523422825,UP,D:\My-data\Share_P&L\Ichart Data\Screenshot\August26\2026-08-12\Daywise_Price_and_OI_Summary_25AUG26_Report_2026-08-12 (1).xlsx,405.45,21.651030000000002,405.45,412.85,404.6,412.85,412.85,2.11,-0.45,1.73,1.96,-2.52,0.61,449.0,,,,,,,,,,,,,22.85,False,,False,,False,,False,,20.78423058856784,SUPPORT,UNAVAILABLE,UNAVAILABLE,SUPPORT
2026-08-12,BLUESTARCO,2026-08-12 09:20:02,29.84021179737555,DOWN,D:\My-data\Share_P&L\Ichart Data\Screenshot\August26\2026-08-12\Daywise_Price_and_OI_Summary_25AUG26_Report_2026-08-12.xlsx,1507.0,73.3909,1507.0,1507.0,1484.0,1485.1,1485.1,-0.72,0.13,-2.42,0.0,0.01,0.24,10.0,,,,,,,,,,,,,72.5,False,,False,,False,,False,,36.78930221594231,SUPPORT,UNAVAILABLE,UNAVAILABLE,CONTRADICT
2026-08-12,BOSCHLTD,2026-08-12 09:34:47,52.807997064569555,UP,D:\My-data\Share_P&L\Ichart Data\Screenshot\August26\2026-08-12\Daywise_Price_and_OI_Summary_25AUG26_Report_2026-08-12 (1).xlsx,45320.0,2016.74,45320.0,46590.0,45250.0,46385.0,46385.0,2.36,1.31,0.49,13.39,-0.94,12.09,2274.0,,,,,,,,,,,,,2011.9,True,52.733333333333334,True,52.733333333333334,True,52.733333333333334,False,,65.9480151135,SUPPORT,UNAVAILABLE,UNAVAILABLE,SUPPORT
2026-08-12,BRITANNIA,2026-08-12 10:27:31,32.80603967063786,DOWN,D:\My-data\Share_P&L\Ichart Data\Screenshot\August26\2026-08-12\Daywise_Price_and_OI_Summary_25AUG26_Report_2026-08-12 (3).xlsx,5636.5,190.5137,5636.5,5636.5,5571.0,5574.0,5574.0,-0.54,-0.33,0.32,-1.69,0.62,-0.29,-99.0,,,,,,,,,,,,,185.4,False,,False,,False,,False,,29.13176322752642,SUPPORT,UNAVAILABLE,UNAVAILABLE,SUPPORT
2026-08-12,BSE,2026-08-12 09:34:47,24.739496439228596,DOWN,D:\My-data\Share_P&L\Ichart Data\Screenshot\August26\2026-08-12\Daywise_Price_and_OI_Summary_25AUG26_Report_2026-08-12 (1).xlsx,3617.0,209.78599999999997,3617.0,3625.0,3564.0,3565.1,3565.1,-1.52,0.91,4.99,-5.36,4.63,-0.5,-2629.0,,,,,,,,,,,,,211.05,False,,False,,False,,False,,21.68876855462233,SUPPORT,UNAVAILABLE,UNAVAILABLE,SUPPORT
2026-08-12,CAMS,2026-08-12 10:27:31,29.854346086874607,DOWN,D:\My-data\Share_P&L\Ichart Data\Screenshot\August26\2026-08-12\Daywise_Price_and_OI_Summary_25AUG26_Report_2026-08-12 (3).xlsx,787.0,33.998400000000004,787.0,789.7,775.8,776.85,776.85,-1.91,0.28,2.96,-4.17,3.82,-0.56,-321.0,,,,,,,,,,,,,32.1,False,,False,,False,,False,,27.50129417854964,SUPPORT,UNAVAILABLE,UNAVAILABLE,SUPPORT
2026-08-12,CANBK,2026-08-12 09:34:47,48.75938814832278,UP,D:\My-data\Share_P&L\Ichart Data\Screenshot\August26\2026-08-12\Daywise_Price_and_OI_Summary_25AUG26_Report_2026-08-12 (1).xlsx,129.75,5.721975,129.75,132.54,129.75,132.54,132.54,1.99,-0.03,2.8,4.11,-1.55,2.01,371.0,,,,,,,,,,,,,6.0,True,52.733333333333334,True,52.733333333333334,True,52.733333333333334,False,,55.050922102945336,SUPPORT,UNAVAILABLE,UNAVAILABLE,SUPPORT
2026-08-12,CDSL,2026-08-12 09:20:02,28.60873095472988,DOWN,D:\My-data\Share_P&L\Ichart Data\Screenshot\August26\2026-08-12\Daywise_Price_and_OI_Summary_25AUG26_Report_2026-08-12.xlsx,1358.9,60.471050000000005,1358.9,1358.9,1341.6,1341.6,1341.6,-0.89,0.13,1.13,0.0,1.27,0.75,-127.0,,,,,,,,,,,,,59.9,False,,False,,False,,False,,32.908309017290236,SUPPORT,UNAVAILABLE,UNAVAILABLE,SUPPORT
2026-08-12,COLPAL,2026-08-12 09:20:02,22.563694988218433,DOWN,D:\My-data\Share_P&L\Ichart Data\Screenshot\August26\2026-08-12\Daywise_Price_and_OI_Summary_25AUG26_Report_2026-08-12.xlsx,2019.9,75.34227,2019.9,2019.9,1996.8,2002.9,2002.9,-0.28,0.12,3.61,0.0,0.27,0.12,-26.0,,,,,,,,,,,,,74.75,False,,False,,False,,False,,22.829150223374004,SUPPORT,UNAVAILABLE,UNAVAILABLE,SUPPORT
2026-08-12,CONCOR,2026-08-12 10:27:31,40.56334371754932,UP,D:\My-data\Share_P&L\Ichart Data\Screenshot\August26\2026-08-12\Daywise_Price_and_OI_Summary_25AUG26_Report_2026-08-12 (3).xlsx,513.6,22.187520000000003,513.6,525.1,511.15,522.6,522.6,2.24,-0.23,6.44,8.0,19.67,29.6,-281.0,,,,,,,,,,,,,24.25,False,,False,,False,,False,,35.60560170762652,SUPPORT,UNAVAILABLE,UNAVAILABLE,CONTRADICT
2026-08-12,CUMMINSIND,2026-08-12 10:27:31,28.413569587581623,DOWN,D:\My-data\Share_P&L\Ichart Data\Screenshot\August26\2026-08-12\Daywise_Price_and_OI_Summary_25AUG26_Report_2026-08-12 (3).xlsx,5428.0,218.20559999999998,5428.0,5428.0,5365.0,5366.0,5366.0,-0.76,0.18,3.2,-4.6,2.27,-1.57,-352.0,,,,,,,,,,,,,214.55,False,,False,,False,,False,,22.914169022243243,SUPPORT,UNAVAILABLE,UNAVAILABLE,SUPPORT
2026-08-12,DIXON,2026-08-12 10:27:31,29.171085294625254,DOWN,D:\My-data\Share_P&L\Ichart Data\Screenshot\August26\2026-08-12\Daywise_Price_and_OI_Summary_25AUG26_Report_2026-08-12 (3).xlsx,14012.0,737.0311999999999,14012.0,14024.0,13760.0,13797.0,13797.0,-1.57,1.18,0.3,-2.04,6.28,2.85,-2050.0,,,,,,,,,,,,,697.65,False,,False,,False,,False,,28.899726361651997,SUPPORT,UNAVAILABLE,UNAVAILABLE,SUPPORT
2026-08-12,DMART,2026-08-12 09:20:02,22.766005855583415,DOWN,D:\My-data\Share_P&L\Ichart Data\Screenshot\August26\2026-08-12\Daywise_Price_and_OI_Summary_25AUG26_Report_2026-08-12.xlsx,4069.9,144.07446,4069.9,4069.9,4037.0,4037.1,4037.1,-0.41,0.03,3.02,0.0,0.39,0.19,-27.0,,,,,,,,,,,,,142.95,False,,False,,False,,False,,24.223585498776185,SUPPORT,UNAVAILABLE,UNAVAILABLE,SUPPORT
2026-08-12,DRREDDY,2026-08-12 09:20:02,28.758840926875912,DOWN,D:\My-data\Share_P&L\Ichart Data\Screenshot\August26\2026-08-12\Daywise_Price_and_OI_Summary_25AUG26_Report_2026-08-12.xlsx,1209.9,41.37858,1209.9,1209.9,1197.7,1198.0,1198.0,-0.78,0.06,-0.35,1.52,0.09,1.45,143.0,,,,,,,,,,,,,40.9,False,,False,,False,,False,,37.70066541674494,SUPPORT,UNAVAILABLE,UNAVAILABLE,CONTRADICT
2026-08-12,ETERNAL,2026-08-12 10:27:31,23.637860103921003,DOWN,D:\My-data\Share_P&L\Ichart Data\Screenshot\August26\2026-08-12\Daywise_Price_and_OI_Summary_25AUG26_Report_2026-08-12 (3).xlsx,317.95,15.229804999999999,317.95,319.2,313.0,314.35,314.35,-0.91,0.13,2.19,-1.67,2.36,-0.33,-736.0,,,,,,,,,,,,,15.15,False,,False,,False,,False,,20.026520365822226,SUPPORT,UNAVAILABLE,UNAVAILABLE,SUPPORT
2026-08-12,FINNIFTY,2026-08-12 09:34:47,26.60573958266325,UP,D:\My-data\Share_P&L\Ichart Data\Screenshot\August26\2026-08-12\Daywise_Price_and_OI_Summary_25AUG26_Report_2026-08-12 (1).xlsx,26363.3,558.90196,26363.3,26549.2,26363.0,26512.0,26512.0,-0.04,1.03,0.96,0.0,2.57,1.36,-228.0,,,,,,,,,,,,,552.75,False,,False,,False,,False,,24.458672501345447,CONTRADICT,UNAVAILABLE,UNAVAILABLE,CONTRADICT
2026-08-12,FORCEMOT,2026-08-12 09:34:47,34.77929072159891,UP,D:\My-data\Share_P&L\Ichart Data\Screenshot\August26\2026-08-12\Daywise_Price_and_OI_Summary_25AUG26_Report_2026-08-12 (1).xlsx,18389.0,994.8449,18389.0,18781.0,18388.0,18735.0,18735.0,1.77,-0.9,5.14,4.55,-4.4,-0.29,245.0,,,,,,,,,,,,,1034.7,False,,False,,False,,False,,35.2818816279804,SUPPORT,UNAVAILABLE,UNAVAILABLE,SUPPORT
2026-08-12,FORTIS,2026-08-12 09:20:02,43.525427316505386,DOWN,D:\My-data\Share_P&L\Ichart Data\Screenshot\August26\2026-08-12\Daywise_Price_and_OI_Summary_25AUG26_Report_2026-08-12.xlsx,944.85,37.794000000000004,944.85,944.85,926.0,928.4,928.4,-1.07,0.22,0.48,-1.35,1.09,0.29,-58.0,,,,,,,,,,,,,37.2,True,14.75,True,14.75,True,14.75,True,67.48333333333333,141.9537492723712,SUPPORT,UNAVAILABLE,UNAVAILABLE,SUPPORT
2026-08-12,GMRAIRPORT,2026-08-12 09:20:02,24.605573471997815,DOWN,D:\My-data\Share_P&L\Ichart Data\Screenshot\August26\2026-08-12\Daywise_Price_and_OI_Summary_25AUG26_Report_2026-08-12.xlsx,105.99,6.136821,105.99,106.63,104.47,104.48,104.48,-1.12,0.06,-2.87,0.0,0.63,0.06,-35.0,,,,,,,,,,,,,6.06,False,,False,,False,,False,,32.10131108598407,SUPPORT,UNAVAILABLE,UNAVAILABLE,SUPPORT
2026-08-12,GODFRYPHLP,2026-08-12 09:20:02,27.224083909576574,DOWN,D:\My-data\Share_P&L\Ichart Data\Screenshot\August26\2026-08-12\Daywise_Price_and_OI_Summary_25AUG26_Report_2026-08-12.xlsx,2263.8,133.33782000000002,2263.8,2263.8,2226.2,2227.5,2227.5,0.34,0.03,-1.07,-1.89,0.16,-0.49,-26.0,,,,,,,,,,,,,131.3,False,,False,,False,,False,,35.47380630641792,CONTRADICT,UNAVAILABLE,UNAVAILABLE,SUPPORT
2026-08-12,GODREJCP,2026-08-12 09:20:02,41.430713699621265,UP,D:\My-data\Share_P&L\Ichart Data\Screenshot\August26\2026-08-12\Daywise_Price_and_OI_Summary_25AUG26_Report_2026-08-12.xlsx,918.0,49.480199999999996,918.0,939.0,918.0,938.5,938.5,-7.98,5.95,43.53,-9.09,31.69,19.17,-1811.0,,,,,,,,,,,,,50.55,False,,False,,False,,False,,20.412205286154915,CONTRADICT,UNAVAILABLE,UNAVAILABLE,CONTRADICT
2026-08-12,GVT&D,2026-08-12 09:34:47,41.49977951835055,UP,D:\My-data\Share_P&L\Ichart Data\Screenshot\August26\2026-08-12\Daywise_Price_and_OI_Summary_25AUG26_Report_2026-08-12 (1).xlsx,4434.4,266.50744,4434.4,4545.0,4402.7,4545.0,4545.0,3.42,0.96,-1.79,6.58,-8.83,-2.56,716.0,,,,,,,,,,,,,280.85,False,,False,,False,,False,,22.36335315817088,SUPPORT,UNAVAILABLE,UNAVAILABLE,SUPPORT
2026-08-12,HCLTECH,2026-08-12 10:27:31,22.49487438219427,DOWN,D:\My-data\Share_P&L\Ichart Data\Screenshot\August26\2026-08-12\Daywise_Price_and_OI_Summary_25AUG26_Report_2026-08-12 (3).xlsx,1371.8,59.124579999999995,1371.8,1371.8,1357.7,1358.5,1358.5,-0.69,-0.11,-0.76,5.56,-0.46,4.72,653.0,,,,,,,,,,,,,56.0,False,,False,,False,,False,,24.86275589610962,SUPPORT,UNAVAILABLE,UNAVAILABLE,CONTRADICT
2026-08-12,HDFCAMC,2026-08-12 10:27:31,22.08970272595347,DOWN,D:\My-data\Share_P&L\Ichart Data\Screenshot\August26\2026-08-12\Daywise_Price_and_OI_Summary_25AUG26_Report_2026-08-12 (3).xlsx,2525.7,106.83711000000001,2525.7,2529.2,2498.3,2502.1,2502.1,-1.05,0.19,1.74,-4.0,5.33,1.49,-331.0,,,,,,,,,,,,,104.45,False,,False,,False,,False,,15.537672256390975,SUPPORT,UNAVAILABLE,UNAVAILABLE,SUPPORT
2026-08-12,HINDALCO,2026-08-12 09:20:02,45.04776071167373,UP,D:\My-data\Share_P&L\Ichart Data\Screenshot\August26\2026-08-12\Daywise_Price_and_OI_Summary_25AUG26_Report_2026-08-12.xlsx,1064.9,44.619310000000006,1064.9,1086.05,1062.55,1085.0,1085.0,2.78,0.72,7.73,10.53,-7.95,2.74,2541.0,,,,,,,,,,,,,45.4,True,14.75,True,14.75,True,14.75,False,,51.771307086550436,SUPPORT,UNAVAILABLE,UNAVAILABLE,SUPPORT
2026-08-12,HINDZINC,2026-08-12 09:34:47,28.083391152079823,UP,D:\My-data\Share_P&L\Ichart Data\Screenshot\August26\2026-08-12\Daywise_Price_and_OI_Summary_25AUG26_Report_2026-08-12 (1).xlsx,590.0,30.267,590.0,599.0,590.0,598.5,598.5,1.92,-0.3,4.49,5.0,-0.57,4.11,582.0,,,,,,,,,,,,,29.5,False,,False,,False,,False,,28.909373244788057,SUPPORT,UNAVAILABLE,UNAVAILABLE,SUPPORT
2026-08-12,ICICIGI,2026-08-12 10:44:17,23.423233643234383,UP,D:\My-data\Share_P&L\Ichart Data\Screenshot\August26\2026-08-12\Daywise_Price_and_OI_Summary_25AUG26_Report_2026-08-12 (4).xlsx,1641.2,65.31976,1641.2,1656.6,1635.6,1656.5,1656.5,0.74,0.15,2.24,0.0,0.04,0.04,-1.0,,,,,,,,,,,,,65.85,False,,False,,False,,False,,,SUPPORT,UNAVAILABLE,UNAVAILABLE,CONTRADICT
2026-08-12,IDEA,2026-08-12 09:20:02,24.78975191655783,UP,D:\My-data\Share_P&L\Ichart Data\Screenshot\August26\2026-08-12\Daywise_Price_and_OI_Summary_25AUG26_Report_2026-08-12.xlsx,12.95,0.806785,12.95,13.17,12.85,13.15,13.15,2.1,-0.07,-1.19,1.92,-0.52,1.59,252.0,,,,,,,,,,,,,0.82,True,67.48333333333333,True,67.48333333333333,True,67.48333333333333,False,,76.84823094132898,SUPPORT,UNAVAILABLE,UNAVAILABLE,SUPPORT
2026-08-12,IEX,2026-08-12 09:20:02,28.575039492046933,DOWN,D:\My-data\Share_P&L\Ichart Data\Screenshot\August26\2026-08-12\Daywise_Price_and_OI_Summary_25AUG26_Report_2026-08-12.xlsx,127.49,5.214340999999999,127.49,127.49,126.0,126.0,126.0,-0.4,-0.16,6.77,0.0,0.4,0.27,-18.0,,,,,,,,,,,,,5.15,True,67.48333333333333,True,84.25,False,,False,,48.71181228845586,SUPPORT,UNAVAILABLE,UNAVAILABLE,SUPPORT
2026-08-12,INDIANB,2026-08-12 09:34:47,46.02484568139983,UP,D:\My-data\Share_P&L\Ichart Data\Screenshot\August26\2026-08-12\Daywise_Price_and_OI_Summary_25AUG26_Report_2026-08-12 (1).xlsx,873.5,38.7834,873.5,893.2,873.5,891.35,891.35,1.51,0.26,5.7,1.16,-0.7,0.65,90.0,,,,,,,,,,,,,40.8,True,52.733333333333334,True,52.733333333333334,True,52.733333333333334,False,,57.11206340857164,SUPPORT,UNAVAILABLE,UNAVAILABLE,SUPPORT
2026-08-12,INDUSINDBK,2026-08-12 09:34:47,33.4306621474488,UP,D:\My-data\Share_P&L\Ichart Data\Screenshot\August26\2026-08-12\Daywise_Price_and_OI_Summary_25AUG26_Report_2026-08-12 (1).xlsx,1004.7,39.48471000000001,1004.7,1018.0,1004.7,1017.9,1017.9,0.66,-0.05,1.56,0.0,-0.73,0.0,,,,,,,,,,,,,,39.7,False,,False,,False,,False,,28.61867289895241,SUPPORT,UNAVAILABLE,UNAVAILABLE,UNAVAILABLE
2026-08-12,INDUSTOWER,2026-08-12 10:27:31,38.46093158293338,UP,D:\My-data\Share_P&L\Ichart Data\Screenshot\August26\2026-08-12\Daywise_Price_and_OI_Summary_25AUG26_Report_2026-08-12 (3).xlsx,372.8,15.21024,372.8,380.7,371.5,378.65,378.65,2.02,0.42,0.16,3.7,6.38,9.04,-212.0,,,,,,,,,,,,,11.45,False,,False,,False,,False,,32.872591096524445,SUPPORT,UNAVAILABLE,UNAVAILABLE,CONTRADICT
2026-08-12,IOC,2026-08-12 09:34:47,29.996736355084565,UP,D:\My-data\Share_P&L\Ichart Data\Screenshot\August26\2026-08-12\Daywise_Price_and_OI_Summary_25AUG26_Report_2026-08-12 (1).xlsx,139.68,5.0005440000000005,139.68,141.44,139.68,141.18,141.18,0.86,0.16,-0.99,0.0,-0.55,0.46,78.0,,,,,,,,,,,,,5.12,False,,False,,False,,False,,6.599281998118285,SUPPORT,UNAVAILABLE,UNAVAILABLE,SUPPORT
2026-08-12,ITC,2026-08-12 10:27:31,26.432972082714716,DOWN,D:\My-data\Share_P&L\Ichart Data\Screenshot\August26\2026-08-12\Daywise_Price_and_OI_Summary_25AUG26_Report_2026-08-12 (3).xlsx,280.5,7.377149999999999,280.5,280.5,278.4,278.55,278.55,-0.55,0.27,-2.12,-2.0,1.38,0.27,-833.0,,,,,,,,,,,,,7.1,False,,False,,False,,False,,29.821814657421754,SUPPORT,UNAVAILABLE,UNAVAILABLE,SUPPORT
2026-08-12,JSWENERGY,2026-08-12 10:27:31,26.224272236882744,DOWN,D:\My-data\Share_P&L\Ichart Data\Screenshot\August26\2026-08-12\Daywise_Price_and_OI_Summary_25AUG26_Report_2026-08-12 (3).xlsx,565.65,22.116915,565.65,565.75,558.45,559.85,559.85,-1.0,0.4,-4.45,-7.14,8.19,-0.89,-676.0,,,,,,,,,,,,,21.75,False,,False,,False,,False,,20.346418114822978,SUPPORT,UNAVAILABLE,UNAVAILABLE,SUPPORT
2026-08-12,JSWSTEEL,2026-08-12 09:20:02,24.457795964632147,UP,D:\My-data\Share_P&L\Ichart Data\Screenshot\August26\2026-08-12\Daywise_Price_and_OI_Summary_25AUG26_Report_2026-08-12.xlsx,1278.4,47.42864,1278.4,1290.0,1278.4,1290.0,1290.0,0.61,-0.02,2.27,0.0,-0.44,0.06,40.0,,,,,,,,,,,,,47.9,False,,False,,False,,False,,22.13852220936548,SUPPORT,UNAVAILABLE,UNAVAILABLE,SUPPORT
2026-08-12,KALYANKJIL,2026-08-12 10:27:31,22.10345863869044,DOWN,D:\My-data\Share_P&L\Ichart Data\Screenshot\August26\2026-08-12\Daywise_Price_and_OI_Summary_25AUG26_Report_2026-08-12 (3).xlsx,607.9,47.05146,607.9,610.45,593.9,597.5,597.5,-1.32,0.02,-1.4,-1.3,1.3,-0.44,-406.0,,,,,,,,,,,,,44.75,False,,False,,False,,False,,24.22879120010299,SUPPORT,UNAVAILABLE,UNAVAILABLE,SUPPORT
2026-08-12,KFINTECH,2026-08-12 10:27:31,28.810927529902706,DOWN,D:\My-data\Share_P&L\Ichart Data\Screenshot\August26\2026-08-12\Daywise_Price_and_OI_Summary_25AUG26_Report_2026-08-12 (3).xlsx,936.75,49.4604,936.75,936.75,919.7,922.5,922.5,-1.42,1.23,-1.67,-4.0,1.03,-2.87,-125.0,,,,,,,,,,,,,48.4,False,,False,,False,,False,,25.77819831622874,SUPPORT,UNAVAILABLE,UNAVAILABLE,SUPPORT
2026-08-12,KPITTECH,2026-08-12 10:27:31,29.01409615012135,DOWN,D:\My-data\Share_P&L\Ichart Data\Screenshot\August26\2026-08-12\Daywise_Price_and_OI_Summary_25AUG26_Report_2026-08-12 (3).xlsx,628.25,30.847075,628.25,628.8,618.3,619.3,619.3,-0.94,0.32,1.02,-1.92,0.19,-1.43,-185.0,,,,,,,,,,,,,30.9,False,,False,,False,,False,,29.17618607274758,SUPPORT,UNAVAILABLE,UNAVAILABLE,SUPPORT
2026-08-12,LICI,2026-08-12 10:44:17,23.965952370332317,UP,D:\My-data\Share_P&L\Ichart Data\Screenshot\August26\2026-08-12\Daywise_Price_and_OI_Summary_25AUG26_Report_2026-08-12 (4).xlsx,409.3,15.021310000000001,409.3,413.9,406.0,412.9,412.9,1.4,2.78,0.53,-2.94,-0.22,-3.34,-425.0,,,,,,,,,,,,,15.5,False,,False,,False,,False,,,SUPPORT,UNAVAILABLE,UNAVAILABLE,CONTRADICT
2026-08-12,LT,2026-08-12 10:27:31,31.141057517533238,DOWN,D:\My-data\Share_P&L\Ichart Data\Screenshot\August26\2026-08-12\Daywise_Price_and_OI_Summary_25AUG26_Report_2026-08-12 (3).xlsx,4054.0,122.02539999999999,4054.0,4057.2,4010.1,4016.0,4016.0,-0.77,0.04,-0.41,0.0,0.34,-0.79,-279.0,,,,,,,,,,,,,118.8,False,,False,,False,,False,,32.45225993932404,SUPPORT,UNAVAILABLE,UNAVAILABLE,SUPPORT
2026-08-12,LUPIN,2026-08-12 10:27:31,31.525115008289937,DOWN,D:\My-data\Share_P&L\Ichart Data\Screenshot\August26\2026-08-12\Daywise_Price_and_OI_Summary_25AUG26_Report_2026-08-12 (3).xlsx,2290.0,85.646,2290.0,2290.0,2262.1,2263.0,2263.0,-0.89,-0.03,1.27,-1.92,3.15,0.95,-522.0,,,,,,,,,,,,,82.5,False,,False,,False,,False,,28.60612287789272,SUPPORT,UNAVAILABLE,UNAVAILABLE,SUPPORT
2026-08-12,M&M,2026-08-12 10:27:31,31.096495495810395,DOWN,D:\My-data\Share_P&L\Ichart Data\Screenshot\August26\2026-08-12\Daywise_Price_and_OI_Summary_25AUG26_Report_2026-08-12 (3).xlsx,3470.6,127.02396,3470.6,3485.0,3426.7,3431.1,3431.1,-1.13,1.12,-3.91,-8.14,8.73,-0.47,-2562.0,,,,,,,,,,,,,120.6,False,,False,,False,,False,,32.907177512021924,SUPPORT,UNAVAILABLE,UNAVAILABLE,SUPPORT
2026-08-12,MANAPPURAM,2026-08-12 09:20:02,33.783783783783875,DOWN,D:\My-data\Share_P&L\Ichart Data\Screenshot\August26\2026-08-12\Daywise_Price_and_OI_Summary_25AUG26_Report_2026-08-12.xlsx,370.0,26.195999999999998,370.0,370.0,358.5,361.15,361.15,-0.26,4.99,-5.78,-16.67,32.38,10.79,-2010.0,,,,,,,,,,,,,25.6,True,67.48333333333333,True,67.48333333333333,False,,False,,49.43502824858753,SUPPORT,UNAVAILABLE,UNAVAILABLE,SUPPORT
2026-08-12,MARICO,2026-08-12 10:27:31,33.01436755600192,DOWN,D:\My-data\Share_P&L\Ichart Data\Screenshot\August26\2026-08-12\Daywise_Price_and_OI_Summary_25AUG26_Report_2026-08-12 (3).xlsx,853.1,26.957960000000003,853.1,854.4,843.5,844.2,844.2,-1.27,-0.04,0.34,1.72,-0.46,1.71,127.0,,,,,,,,,,,,,26.45,False,,False,,False,,False,,28.56299215519292,SUPPORT,UNAVAILABLE,UNAVAILABLE,CONTRADICT
2026-08-12,MAXHEALTH,2026-08-12 09:34:47,23.471705717478432,DOWN,D:\My-data\Share_P&L\Ichart Data\Screenshot\August26\2026-08-12\Daywise_Price_and_OI_Summary_25AUG26_Report_2026-08-12 (1).xlsx,1033.6,52.40352,1033.6,1039.4,1020.0,1021.3,1021.3,-2.23,0.72,4.7,-3.17,8.17,5.88,-328.0,,,,,,,,,,,,,50.7,False,,False,,False,,False,,29.76899261728966,SUPPORT,UNAVAILABLE,UNAVAILABLE,SUPPORT
2026-08-12,MCX,2026-08-12 09:20:02,25.752709460747703,DOWN,D:\My-data\Share_P&L\Ichart Data\Screenshot\August26\2026-08-12\Daywise_Price_and_OI_Summary_25AUG26_Report_2026-08-12.xlsx,2975.0,170.4675,2975.0,2975.0,2913.6,2931.1,2931.1,0.92,0.61,3.46,-2.67,3.54,0.89,-758.0,,,,,,,,,,,,,167.8,False,,False,,False,,False,,21.763679293706957,CONTRADICT,UNAVAILABLE,UNAVAILABLE,SUPPORT
2026-08-12,MOTILALOFS,2026-08-12 10:27:31,23.000053133812646,DOWN,D:\My-data\Share_P&L\Ichart Data\Screenshot\August26\2026-08-12\Daywise_Price_and_OI_Summary_25AUG26_Report_2026-08-12 (3).xlsx,887.6,40.65208,887.6,891.0,875.5,878.25,878.25,-1.33,0.79,6.45,-7.69,2.75,-4.42,-201.0,,,,,,,,,,,,,40.35,False,,False,,False,,False,,18.695230354756813,SUPPORT,UNAVAILABLE,UNAVAILABLE,SUPPORT
2026-08-12,MPHASIS,2026-08-12 09:20:02,27.928590563109534,DOWN,D:\My-data\Share_P&L\Ichart Data\Screenshot\August26\2026-08-12\Daywise_Price_and_OI_Summary_25AUG26_Report_2026-08-12.xlsx,2547.2,138.56768,2547.2,2547.2,2508.1,2508.5,2508.5,-0.91,0.18,-0.84,0.0,-0.76,-0.58,25.0,,,,,,,,,,,,,136.6,False,,False,,False,,False,,24.536746231155778,SUPPORT,UNAVAILABLE,UNAVAILABLE,CONTRADICT
2026-08-12,MUTHOOTFIN,2026-08-12 10:27:31,31.257378652784357,DOWN,D:\My-data\Share_P&L\Ichart Data\Screenshot\August26\2026-08-12\Daywise_Price_and_OI_Summary_25AUG26_Report_2026-08-12 (3).xlsx,2945.0,133.4085,2945.0,2949.3,2892.0,2903.3,2903.3,-1.11,0.61,0.71,0.0,1.89,2.06,-203.0,,,,,,,,,,,,,131.8,False,,False,,False,,False,,32.15687156365606,SUPPORT,UNAVAILABLE,UNAVAILABLE,SUPPORT
2026-08-12,NATIONALUM,2026-08-12 09:20:02,67.11448442777748,UP,D:\My-data\Share_P&L\Ichart Data\Screenshot\August26\2026-08-12\Daywise_Price_and_OI_Summary_25AUG26_Report_2026-08-12.xlsx,398.4,24.06336,398.4,416.0,398.4,414.55,414.55,7.01,3.83,9.76,24.19,-4.9,18.63,2300.0,,,,,,,,,,,,,25.05,True,14.75,True,14.75,True,14.75,False,,92.25644299050526,SUPPORT,UNAVAILABLE,UNAVAILABLE,SUPPORT
2026-08-12,NBCC,2026-08-12 10:27:31,24.598787957672965,DOWN,D:\My-data\Share_P&L\Ichart Data\Screenshot\August26\2026-08-12\Daywise_Price_and_OI_Summary_25AUG26_Report_2026-08-12 (3).xlsx,93.53,5.162856,93.53,93.98,91.92,92.26,92.26,-1.52,0.15,-12.26,-6.25,-0.75,-8.43,-216.0,,,,,,,,,,,,,4.92,False,,False,,False,,False,,25.56724417647921,SUPPORT,UNAVAILABLE,UNAVAILABLE,SUPPORT
2026-08-12,NIFTY,2026-08-12 09:20:02,25.227816190131243,DOWN,D:\My-data\Share_P&L\Ichart Data\Screenshot\August26\2026-08-12\Daywise_Price_and_OI_Summary_25AUG26_Report_2026-08-12.xlsx,24555.0,277.4715,24555.0,24563.0,24480.0,24485.0,24485.0,-0.23,0.04,1.94,-0.97,1.14,-0.09,-10390.0,,,,,,,,,,,,,275.6,False,,False,,False,,False,,39.64371115592052,SUPPORT,UNAVAILABLE,UNAVAILABLE,SUPPORT
2026-08-12,NTPC,2026-08-12 10:27:31,22.305247309429333,DOWN,D:\My-data\Share_P&L\Ichart Data\Screenshot\August26\2026-08-12\Daywise_Price_and_OI_Summary_25AUG26_Report_2026-08-12 (3).xlsx,340.5,10.7598,340.5,341.2,338.05,338.1,338.1,-0.66,0.06,-1.71,-1.75,2.01,0.29,-455.0,,,,,,,,,,,,,10.75,False,,False,,False,,False,,19.98178404803042,SUPPORT,UNAVAILABLE,UNAVAILABLE,SUPPORT
2026-08-12,PATANJALI,2026-08-12 10:27:31,32.12911732552215,DOWN,D:\My-data\Share_P&L\Ichart Data\Screenshot\August26\2026-08-12\Daywise_Price_and_OI_Summary_25AUG26_Report_2026-08-12 (3).xlsx,354.0,23.965799999999998,354.0,354.25,345.35,346.3,346.3,-2.22,0.48,3.38,-1.39,2.67,1.1,-177.0,,,,,,,,,,,,,23.9,True,16.766666666666666,False,,False,,False,,42.352018292733725,SUPPORT,UNAVAILABLE,UNAVAILABLE,SUPPORT
2026-08-12,PERSISTENT,2026-08-12 10:44:17,23.685787134437742,DOWN,D:\My-data\Share_P&L\Ichart Data\Screenshot\August26\2026-08-12\Daywise_Price_and_OI_Summary_25AUG26_Report_2026-08-12 (4).xlsx,5521.0,287.092,5521.0,5522.0,5440.5,5453.0,5453.0,-1.67,0.21,2.82,-3.64,4.6,1.77,-628.0,,,,,,,,,,,,,277.85,False,,False,,False,,False,,,SUPPORT,UNAVAILABLE,UNAVAILABLE,SUPPORT
2026-08-12,PETRONET,2026-08-12 09:34:47,23.617885417421974,UP,D:\My-data\Share_P&L\Ichart Data\Screenshot\August26\2026-08-12\Daywise_Price_and_OI_Summary_25AUG26_Report_2026-08-12 (1).xlsx,279.7,12.278829999999997,279.7,283.0,279.7,282.6,282.6,1.2,0.07,1.43,10.53,-1.37,9.0,492.0,,,,,,,,,,,,,12.45,False,,False,,False,,False,,15.066582076631269,SUPPORT,UNAVAILABLE,UNAVAILABLE,SUPPORT
2026-08-12,PIIND,2026-08-12 09:34:47,27.032972769407117,DOWN,D:\My-data\Share_P&L\Ichart Data\Screenshot\August26\2026-08-12\Daywise_Price_and_OI_Summary_25AUG26_Report_2026-08-12 (1).xlsx,2648.8,150.18696000000003,2648.8,2674.0,2595.0,2608.2,2608.2,-3.12,2.97,-22.04,-10.98,9.59,-2.83,-1011.0,,,,,,,,,,,,,137.0,True,69.5,False,,False,,False,,40.28312444702256,SUPPORT,UNAVAILABLE,UNAVAILABLE,SUPPORT
2026-08-12,PNB,2026-08-12 09:34:47,71.3273081694134,UP,D:\My-data\Share_P&L\Ichart Data\Screenshot\August26\2026-08-12\Daywise_Price_and_OI_Summary_25AUG26_Report_2026-08-12 (1).xlsx,114.0,4.5144,114.0,117.5,114.0,117.22,117.22,2.84,0.42,11.09,1.18,1.29,1.34,-14.0,,,,,,,,,,,,,5.06,True,52.733333333333334,True,52.733333333333334,True,52.733333333333334,True,52.733333333333334,124.71203260676936,SUPPORT,UNAVAILABLE,UNAVAILABLE,CONTRADICT
2026-08-12,PNBHOUSING,2026-08-12 10:44:17,23.864171499603327,UP,D:\My-data\Share_P&L\Ichart Data\Screenshot\August26\2026-08-12\Daywise_Price_and_OI_Summary_25AUG26_Report_2026-08-12 (4).xlsx,1149.8,56.570159999999994,1149.8,1164.8,1145.7,1163.3,1163.3,1.06,0.51,2.82,-4.76,2.82,-1.13,-220.0,,,,,,,,,,,,,56.05,False,,False,,False,,False,,,SUPPORT,UNAVAILABLE,UNAVAILABLE,CONTRADICT
2026-08-12,POLICYBZR,2026-08-12 09:34:47,25.87843522462482,DOWN,D:\My-data\Share_P&L\Ichart Data\Screenshot\August26\2026-08-12\Daywise_Price_and_OI_Summary_25AUG26_Report_2026-08-12 (1).xlsx,1733.0,90.8092,1733.0,1736.2,1707.5,1709.5,1709.5,-1.09,-0.06,-1.73,-1.33,-1.52,-2.44,-29.0,,,,,,,,,,,,,86.3,False,,False,,False,,False,,34.688115301092836,SUPPORT,UNAVAILABLE,UNAVAILABLE,SUPPORT
2026-08-12,POLYCAB,2026-08-12 09:34:47,26.419559467898836,UP,D:\My-data\Share_P&L\Ichart Data\Screenshot\August26\2026-08-12\Daywise_Price_and_OI_Summary_25AUG26_Report_2026-08-12 (1).xlsx,9123.0,355.79699999999997,9123.0,9225.0,9104.0,9217.0,9217.0,1.37,-0.62,-0.67,6.25,-4.34,0.87,778.0,,,,,,,,,,,,,353.0,False,,False,,False,,False,,34.851333766164416,SUPPORT,UNAVAILABLE,UNAVAILABLE,SUPPORT
2026-08-12,POWERINDIA,2026-08-12 10:27:31,28.788312991773086,UP,D:\My-data\Share_P&L\Ichart Data\Screenshot\August26\2026-08-12\Daywise_Price_and_OI_Summary_25AUG26_Report_2026-08-12 (3).xlsx,35055.0,1910.4975,35055.0,35725.0,34805.0,35605.0,35605.0,1.98,0.14,-0.4,6.19,-3.06,3.21,1451.0,,,,,,,,,,,,,1871.0,False,,False,,False,,False,,33.237415908683474,SUPPORT,UNAVAILABLE,UNAVAILABLE,SUPPORT
2026-08-12,PREMIERENE,2026-08-12 10:27:31,33.368435436085534,DOWN,D:\My-data\Share_P&L\Ichart Data\Screenshot\August26\2026-08-12\Daywise_Price_and_OI_Summary_25AUG26_Report_2026-08-12 (3).xlsx,1053.9,53.643510000000006,1053.9,1058.0,1035.0,1036.0,1036.0,-1.29,0.82,3.27,-4.35,8.8,3.16,-323.0,,,,,,,,,,,,,51.3,False,,False,,False,,False,,23.861227574407753,SUPPORT,UNAVAILABLE,UNAVAILABLE,SUPPORT
2026-08-12,RELIANCE,2026-08-12 10:27:31,24.034097736959232,DOWN,D:\My-data\Share_P&L\Ichart Data\Screenshot\August26\2026-08-12\Daywise_Price_and_OI_Summary_25AUG26_Report_2026-08-12 (3).xlsx,1325.8,39.1111,1325.8,1329.5,1313.8,1316.4,1316.4,-0.59,0.1,-2.1,-3.95,0.56,-2.77,-2745.0,,,,,,,,,,,,,37.45,False,,False,,False,,False,,22.500006392047155,SUPPORT,UNAVAILABLE,UNAVAILABLE,SUPPORT
2026-08-12,RVNL,2026-08-12 10:27:31,29.170656420574716,DOWN,D:\My-data\Share_P&L\Ichart Data\Screenshot\August26\2026-08-12\Daywise_Price_and_OI_Summary_25AUG26_Report_2026-08-12 (3).xlsx,231.75,12.37545,231.75,233.87,227.54,228.14,228.14,-0.67,-0.36,-11.34,0.0,-2.28,-2.56,106.0,,,,,,,,,,,,,11.54,False,,False,,False,,False,,26.10006100788246,SUPPORT,UNAVAILABLE,UNAVAILABLE,CONTRADICT
2026-08-12,SAIL,2026-08-12 10:44:17,24.023969161627377,UP,D:\My-data\Share_P&L\Ichart Data\Screenshot\August26\2026-08-12\Daywise_Price_and_OI_Summary_25AUG26_Report_2026-08-12 (4).xlsx,172.4,10.9474,172.4,175.19,171.0,175.03,175.03,2.12,-0.18,-2.46,3.17,-3.46,-0.29,218.0,,,,,,,,,,,,,9.3,False,,False,,False,,False,,,SUPPORT,UNAVAILABLE,UNAVAILABLE,SUPPORT
2026-08-12,SBILIFE,2026-08-12 09:20:02,23.107223074699142,DOWN,D:\My-data\Share_P&L\Ichart Data\Screenshot\August26\2026-08-12\Daywise_Price_and_OI_Summary_25AUG26_Report_2026-08-12.xlsx,1844.8,57.55776,1844.8,1844.8,1831.5,1831.5,1831.5,-0.45,0.05,-5.36,0.0,0.24,-0.15,-19.0,,,,,,,,,,,,,57.2,False,,False,,False,,False,,23.107223074699142,SUPPORT,UNAVAILABLE,UNAVAILABLE,SUPPORT
2026-08-12,SBIN,2026-08-12 09:34:47,37.29302371836308,UP,D:\My-data\Share_P&L\Ichart Data\Screenshot\August26\2026-08-12\Daywise_Price_and_OI_Summary_25AUG26_Report_2026-08-12 (1).xlsx,1071.0,36.1998,1071.0,1085.7,1069.9,1084.5,1084.5,1.2,0.05,0.69,3.51,-2.42,1.42,3437.0,,,,,,,,,,,,,36.5,False,,False,,False,,False,,38.6742468190432,SUPPORT,UNAVAILABLE,UNAVAILABLE,SUPPORT
2026-08-12,SENSEX,2026-08-12 10:27:31,32.6522801006077,DOWN,D:\My-data\Share_P&L\Ichart Data\Screenshot\August26\2026-08-12\Daywise_Price_and_OI_Summary_25AUG26_Report_2026-08-12 (3).xlsx,78380.0,548.66,78380.0,78506.1,78150.0,78200.85,78200.85,-0.39,2.01,-0.63,-4.27,8.3,3.18,-744.0,,,,,,,,,,,,,498.95,False,,False,,False,,False,,32.8072030036817,SUPPORT,UNAVAILABLE,UNAVAILABLE,SUPPORT
2026-08-12,SONACOMS,2026-08-12 09:20:02,23.59990280531661,UP,D:\My-data\Share_P&L\Ichart Data\Screenshot\August26\2026-08-12\Daywise_Price_and_OI_Summary_25AUG26_Report_2026-08-12.xlsx,795.05,37.923885,795.05,805.65,795.05,804.0,804.0,0.15,0.05,0.64,0.0,0.12,0.08,-4.0,,,,,,,,,,,,,38.35,False,,False,,False,,False,,33.22444417284786,SUPPORT,UNAVAILABLE,UNAVAILABLE,CONTRADICT
2026-08-12,SWIGGY,2026-08-12 10:27:31,26.297421647380126,DOWN,D:\My-data\Share_P&L\Ichart Data\Screenshot\August26\2026-08-12\Daywise_Price_and_OI_Summary_25AUG26_Report_2026-08-12 (3).xlsx,279.95,18.25274,279.95,279.95,274.65,275.15,275.15,-1.24,0.79,-1.53,0.0,0.32,0.3,-55.0,,,,,,,,,,,,,17.7,False,,False,,False,,False,,23.558106892444705,SUPPORT,UNAVAILABLE,UNAVAILABLE,SUPPORT
2026-08-12,TCS,2026-08-12 10:27:31,23.93029447082009,DOWN,D:\My-data\Share_P&L\Ichart Data\Screenshot\August26\2026-08-12\Daywise_Price_and_OI_Summary_25AUG26_Report_2026-08-12 (3).xlsx,2444.0,93.60520000000001,2444.0,2444.0,2420.1,2421.6,2421.6,-0.93,0.13,-1.34,-1.33,0.51,-0.68,-588.0,,,,,,,,,,,,,89.2,False,,False,,False,,False,,34.29296663005891,SUPPORT,UNAVAILABLE,UNAVAILABLE,SUPPORT
2026-08-12,TIINDIA,2026-08-12 10:44:17,24.532784874361997,UP,D:\My-data\Share_P&L\Ichart Data\Screenshot\August26\2026-08-12\Daywise_Price_and_OI_Summary_25AUG26_Report_2026-08-12 (4).xlsx,2794.0,178.5366,2794.0,2837.8,2758.1,2837.8,2837.8,2.77,-0.74,4.79,0.0,0.71,1.16,-2.0,,,,,,,,,,,,,222.2,False,,False,,False,,False,,,SUPPORT,UNAVAILABLE,UNAVAILABLE,CONTRADICT
2026-08-12,TITAN,2026-08-12 10:27:31,26.535201039062496,DOWN,D:\My-data\Share_P&L\Ichart Data\Screenshot\August26\2026-08-12\Daywise_Price_and_OI_Summary_25AUG26_Report_2026-08-12 (3).xlsx,5114.5,164.68690000000004,5114.5,5125.0,5067.3,5070.8,5070.8,-0.85,-0.73,-3.05,-6.02,0.23,-5.67,-1545.0,,,,,,,,,,,,,157.25,False,,False,,False,,False,,29.510543947333,SUPPORT,UNAVAILABLE,UNAVAILABLE,SUPPORT
2026-08-12,TVSMOTOR,2026-08-12 09:34:47,32.43372747809077,UP,D:\My-data\Share_P&L\Ichart Data\Screenshot\August26\2026-08-12\Daywise_Price_and_OI_Summary_25AUG26_Report_2026-08-12 (1).xlsx,4377.2,168.95991999999998,4377.2,4439.0,4377.2,4432.0,4432.0,0.43,-0.02,1.18,0.0,0.07,0.48,61.0,,,,,,,,,,,,,173.7,False,,False,,False,,False,,18.880217272830475,SUPPORT,UNAVAILABLE,UNAVAILABLE,SUPPORT
2026-08-12,UNIONBANK,2026-08-12 09:20:02,24.541645096066738,UP,D:\My-data\Share_P&L\Ichart Data\Screenshot\August26\2026-08-12\Daywise_Price_and_OI_Summary_25AUG26_Report_2026-08-12.xlsx,181.6,8.190159999999999,181.6,184.21,181.6,183.61,183.61,0.71,0.05,5.03,1.2,-0.17,0.32,38.0,,,,,,,,,,,,,8.28,True,14.75,True,14.75,True,14.75,False,,75.09010812975578,SUPPORT,UNAVAILABLE,UNAVAILABLE,SUPPORT
2026-08-12,UNITDSPR,2026-08-12 09:20:02,29.95569710060368,DOWN,D:\My-data\Share_P&L\Ichart Data\Screenshot\August26\2026-08-12\Daywise_Price_and_OI_Summary_25AUG26_Report_2026-08-12.xlsx,1547.0,57.084300000000006,1547.0,1547.8,1527.4,1529.9,1529.9,-0.38,0.12,2.01,0.0,-0.21,-0.23,1.0,,,,,,,,,,,,,56.4,False,,False,,False,,False,,31.357133222269677,SUPPORT,UNAVAILABLE,UNAVAILABLE,CONTRADICT
2026-08-12,UNOMINDA,2026-08-12 10:27:31,26.11426698486281,DOWN,D:\My-data\Share_P&L\Ichart Data\Screenshot\August26\2026-08-12\Daywise_Price_and_OI_Summary_25AUG26_Report_2026-08-12 (3).xlsx,1273.1,48.632419999999996,1273.1,1279.7,1259.0,1260.4,1260.4,-1.15,0.81,-0.96,-2.33,-1.93,-3.21,25.0,,,,,,,,,,,,,49.8,False,,False,,False,,False,,25.291770386914646,SUPPORT,UNAVAILABLE,UNAVAILABLE,CONTRADICT
2026-08-12,UPL,2026-08-12 10:27:31,34.739455145538386,UP,D:\My-data\Share_P&L\Ichart Data\Screenshot\August26\2026-08-12\Daywise_Price_and_OI_Summary_25AUG26_Report_2026-08-12 (3).xlsx,566.05,23.604285,566.05,575.4,566.05,574.25,574.25,0.75,0.08,0.4,0.0,-0.5,-0.16,66.0,,,,,,,,,,,,,23.9,False,,False,,False,,False,,32.62119568544459,SUPPORT,UNAVAILABLE,UNAVAILABLE,SUPPORT
2026-08-12,VEDL,2026-08-12 09:20:02,22.923840316349143,UP,D:\My-data\Share_P&L\Ichart Data\Screenshot\August26\2026-08-12\Daywise_Price_and_OI_Summary_25AUG26_Report_2026-08-12.xlsx,277.95,15.704175,277.95,282.0,277.75,281.55,281.55,1.9,-0.09,1.4,1.82,-1.4,0.19,410.0,,,,,,,,,,,,,15.9,False,,False,,False,,False,,8.596440118631019,SUPPORT,UNAVAILABLE,UNAVAILABLE,SUPPORT
2026-08-12,VMM,2026-08-12 10:27:31,26.619057549724356,DOWN,D:\My-data\Share_P&L\Ichart Data\Screenshot\August26\2026-08-12\Daywise_Price_and_OI_Summary_25AUG26_Report_2026-08-12 (3).xlsx,110.45,5.89803,110.45,110.45,108.6,108.88,108.88,-1.14,0.42,6.12,-4.26,6.95,2.22,-147.0,,,,,,,,,,,,,5.71,False,,False,,False,,False,,32.044597942024716,SUPPORT,UNAVAILABLE,UNAVAILABLE,SUPPORT
2026-08-12,WAAREEENER,2026-08-12 10:27:31,47.904273574462835,DOWN,D:\My-data\Share_P&L\Ichart Data\Screenshot\August26\2026-08-12\Daywise_Price_and_OI_Summary_25AUG26_Report_2026-08-12 (3).xlsx,2718.6,128.58978000000002,2718.6,2718.6,2644.7,2657.0,2657.0,-1.93,0.45,1.57,-1.56,-0.35,-2.34,-213.0,,,,,,,,,,,,,122.5,True,16.766666666666666,False,,False,,False,,41.994006055535664,SUPPORT,UNAVAILABLE,UNAVAILABLE,SUPPORT
2026-08-12,ZYDUSLIFE,2026-08-12 09:20:02,41.70718786814975,DOWN,D:\My-data\Share_P&L\Ichart Data\Screenshot\August26\2026-08-12\Daywise_Price_and_OI_Summary_25AUG26_Report_2026-08-12.xlsx,1196.0,50.59080000000001,1196.0,1197.6,1174.6,1174.9,1174.9,-2.1,-0.63,-7.2,0.0,-3.32,-2.64,35.0,,,,,,,,,,,,,49.8,True,14.75,True,14.75,True,14.75,False,,70.56618990014002,SUPPORT,UNAVAILABLE,UNAVAILABLE,CONTRADICT
2026-08-13,360ONE,2026-08-13 10:24:25,25.87538377941085,UP,D:\My-data\Share_P&L\Ichart Data\Screenshot\August26\2026-08-13\Daywise_Price_and_OI_Summary_25AUG26_Report_2026-08-13 (4).xlsx,1150.3,53.71901,1150.2,1164.8,1150.2,1164.2,1164.2,0.79,0.5,-1.48,-3.39,1.78,-0.18,-73.0,,,,,,,,,,,,,50.8,True,119.18333333333334,False,,False,,False,,44.676921633514844,SUPPORT,UNAVAILABLE,UNAVAILABLE,CONTRADICT
2026-08-13,ABCAPITAL,2026-08-13 10:24:25,37.98039262230859,DOWN,D:\My-data\Share_P&L\Ichart Data\Screenshot\August26\2026-08-13\Daywise_Price_and_OI_Summary_25AUG26_Report_2026-08-13 (4).xlsx,409.0,16.850800000000003,409.0,409.0,402.3,402.6,402.6,-1.21,0.42,1.4,1.59,0.64,2.45,72.0,,,,,,,,,,,,,17.05,False,,False,,False,,False,,17.50658722434536,SUPPORT,UNAVAILABLE,UNAVAILABLE,CONTRADICT
2026-08-13,ADANIENSOL,2026-08-13 10:24:25,50.90818101012312,DOWN,D:\My-data\Share_P&L\Ichart Data\Screenshot\August26\2026-08-13\Daywise_Price_and_OI_Summary_25AUG26_Report_2026-08-13 (4).xlsx,1618.9,76.41208,1618.9,1642.9,1577.3,1580.0,1580.0,-2.03,1.13,14.51,-11.9,16.68,2.94,-1216.0,,,,,,,,,,,,,84.8,False,,False,,False,,False,,38.47559181741956,SUPPORT,UNAVAILABLE,UNAVAILABLE,SUPPORT
2026-08-13,ADANIENT,2026-08-13 09:18:06,25.31197384429362,UP,D:\My-data\Share_P&L\Ichart Data\Screenshot\August26\2026-08-13\Daywise_Price_and_OI_Summary_25AUG26_Report_2026-08-13 (1).xlsx,2983.0,132.7435,2983.0,3025.8,2983.0,3016.6,3016.6,0.99,0.02,1.45,1.69,-1.22,0.45,280.0,,,,,,,,,,,,,134.15,False,,False,,False,,False,,24.709307800382074,SUPPORT,UNAVAILABLE,UNAVAILABLE,SUPPORT
2026-08-13,ADANIGREEN,2026-08-13 10:24:25,23.7496387479647,DOWN,D:\My-data\Share_P&L\Ichart Data\Screenshot\August26\2026-08-13\Daywise_Price_and_OI_Summary_25AUG26_Report_2026-08-13 (4).xlsx,1339.0,69.8958,1339.0,1354.4,1322.3,1322.4,1322.4,-1.02,0.03,-0.2,0.0,1.4,1.76,-124.0,,,,,,,,,,,,,67.5,False,,False,,False,,False,,23.463498522085864,SUPPORT,UNAVAILABLE,UNAVAILABLE,SUPPORT
2026-08-13,ADANIPOWER,2026-08-13 10:24:25,38.120314787341655,DOWN,D:\My-data\Share_P&L\Ichart Data\Screenshot\August26\2026-08-13\Daywise_Price_and_OI_Summary_25AUG26_Report_2026-08-13 (4).xlsx,209.0,10.1783,209.0,210.36,204.88,205.12,205.12,-1.37,0.04,9.44,-4.0,4.84,-0.35,-775.0,,,,,,,,,,,,,10.45,False,,False,,False,,False,,31.43943487615799,SUPPORT,UNAVAILABLE,UNAVAILABLE,SUPPORT
2026-08-13,AMBER,2026-08-13 13:58:56,24.338878903429194,UP,D:\My-data\Share_P&L\Ichart Data\Screenshot\August26\2026-08-13\Daywise_Price_and_OI_Summary_25AUG26_Report_2026-08-13 (8).xlsx,7047.0,460.1691,7047.0,7227.5,6970.0,7159.0,7159.0,2.07,5.95,3.04,5.15,3.9,8.92,738.0,,,,,,,,,,,,,476.75,False,,False,,False,,False,,,SUPPORT,UNAVAILABLE,UNAVAILABLE,SUPPORT
2026-08-13,AMBUJACEM,2026-08-13 10:24:25,32.267207070310725,DOWN,D:\My-data\Share_P&L\Ichart Data\Screenshot\August26\2026-08-13\Daywise_Price_and_OI_Summary_25AUG26_Report_2026-08-13 (4).xlsx,425.8,15.030740000000002,425.8,425.95,420.05,420.95,420.95,-0.86,0.14,-1.39,-1.72,0.94,-0.55,-174.0,,,,,,,,,,,,,14.65,False,,False,,False,,False,,33.597813547436864,SUPPORT,UNAVAILABLE,UNAVAILABLE,SUPPORT
2026-08-13,APLAPOLLO,2026-08-13 10:24:25,47.65499470734363,UP,D:\My-data\Share_P&L\Ichart Data\Screenshot\August26\2026-08-13\Daywise_Price_and_OI_Summary_25AUG26_Report_2026-08-13 (4).xlsx,2009.5,71.1363,2009.5,2045.8,1993.9,2043.4,2043.4,1.88,1.03,4.06,6.35,-2.01,4.57,289.0,,,,,,,,,,,,,72.65,True,119.18333333333334,True,119.18333333333334,True,119.18333333333334,False,,80.83074323516965,SUPPORT,UNAVAILABLE,UNAVAILABLE,SUPPORT
2026-08-13,APOLLOHOSP,2026-08-13 12:23:36,26.504069750601044,DOWN,D:\My-data\Share_P&L\Ichart Data\Screenshot\August26\2026-08-13\Daywise_Price_and_OI_Summary_25AUG26_Report_2026-08-13 (5).xlsx,8740.0,345.23,8740.0,8800.0,8609.5,8648.5,8648.5,0.35,4.87,-28.0,-22.64,35.12,4.42,-6396.0,,,,,,,,,,,,,293.05,False,,False,,False,,False,,36.497407525417835,CONTRADICT,UNAVAILABLE,UNAVAILABLE,SUPPORT
2026-08-13,ASHOKLEY,2026-08-13 09:28:01,32.333129210042976,UP,D:\My-data\Share_P&L\Ichart Data\Screenshot\August26\2026-08-13\Daywise_Price_and_OI_Summary_25AUG26_Report_2026-08-13 (3).xlsx,177.5,10.20625,177.5,180.8,177.5,180.8,180.8,2.35,-0.09,2.84,1.19,-0.64,1.57,271.0,,,,,,,,,,,,,10.73,False,,False,,False,,False,,34.48867115737915,SUPPORT,UNAVAILABLE,UNAVAILABLE,SUPPORT
2026-08-13,ASIANPAINT,2026-08-13 12:23:36,24.127569037748682,UP,D:\My-data\Share_P&L\Ichart Data\Screenshot\August26\2026-08-13\Daywise_Price_and_OI_Summary_25AUG26_Report_2026-08-13 (5).xlsx,2730.0,91.18199999999999,2730.0,2752.0,2722.8,2752.0,2752.0,1.26,1.74,-2.16,3.08,-1.71,1.83,606.0,,,,,,,,,,,,,91.0,False,,False,,False,,False,,23.908227501042077,SUPPORT,UNAVAILABLE,UNAVAILABLE,SUPPORT
2026-08-13,ASTRAL,2026-08-13 09:16:33,60.595231621388514,UP,D:\My-data\Share_P&L\Ichart Data\Screenshot\August26\2026-08-13\Daywise_Price_and_OI_Summary_25AUG26_Report_2026-08-13.xlsx,1491.0,77.23379999999999,1491.0,1539.6,1489.3,1537.8,1537.8,5.6,0.52,,2.9,-2.07,0.83,189.0,,,,,,,,,,,,,,True,1.55,True,1.55,True,1.55,True,187.05,134.39711628846433,SUPPORT,UNAVAILABLE,UNAVAILABLE,SUPPORT
2026-08-13,AUBANK,2026-08-13 12:23:36,26.907496917868535,DOWN,D:\My-data\Share_P&L\Ichart Data\Screenshot\August26\2026-08-13\Daywise_Price_and_OI_Summary_25AUG26_Report_2026-08-13 (5).xlsx,1096.0,40.8808,1096.0,1101.3,1084.1,1085.0,1085.0,-0.2,0.57,0.87,-2.78,-1.1,-4.2,-149.0,,,,,,,,,,,,,39.35,False,,False,,False,,False,,26.418269701179902,SUPPORT,UNAVAILABLE,UNAVAILABLE,SUPPORT
2026-08-13,BAJAJFINSV,2026-08-13 09:28:01,25.379920279023345,UP,D:\My-data\Share_P&L\Ichart Data\Screenshot\August26\2026-08-13\Daywise_Price_and_OI_Summary_25AUG26_Report_2026-08-13 (3).xlsx,2007.0,64.224,2007.0,2023.3,2007.0,2023.3,2023.3,0.0,0.02,0.88,1.85,-0.2,-0.08,42.0,,,,,,,,,,,,,64.4,True,175.58333333333334,True,182.75,False,,False,,46.40009965122066,NEUTRAL,UNAVAILABLE,UNAVAILABLE,SUPPORT
2026-08-13,BAJAJHLDNG,2026-08-13 09:16:33,22.49774752119169,DOWN,D:\My-data\Share_P&L\Ichart Data\Screenshot\August26\2026-08-13\Daywise_Price_and_OI_Summary_25AUG26_Report_2026-08-13.xlsx,11703.0,462.26849999999996,11703.0,11703.0,11599.0,11599.0,11599.0,0.66,0.05,,-0.88,0.95,0.08,-9.0,,,,,,,,,,,,,,True,3.966666666666667,True,3.966666666666667,True,3.966666666666667,False,,55.81171981218708,CONTRADICT,UNAVAILABLE,UNAVAILABLE,SUPPORT
2026-08-13,BANDHANBNK,2026-08-13 09:16:33,25.0079419160995,UP,D:\My-data\Share_P&L\Ichart Data\Screenshot\August26\2026-08-13\Daywise_Price_and_OI_Summary_25AUG26_Report_2026-08-13.xlsx,172.72,6.597904,172.72,175.79,171.5,174.37,174.37,-0.41,0.25,,0.0,0.09,0.14,-2.0,,,,,,,,,,,,,,True,67.86666666666666,False,,False,,False,,44.711168880298786,CONTRADICT,UNAVAILABLE,UNAVAILABLE,CONTRADICT
2026-08-13,BANKBARODA,2026-08-13 09:28:01,23.518680990566057,DOWN,D:\My-data\Share_P&L\Ichart Data\Screenshot\August26\2026-08-13\Daywise_Price_and_OI_Summary_25AUG26_Report_2026-08-13 (3).xlsx,251.4,9.77946,251.4,251.4,248.55,249.1,249.1,-0.8,0.17,4.8,-2.44,1.6,-0.11,-284.0,,,,,,,,,,,,,9.8,False,,False,,False,,False,,23.314170721082768,SUPPORT,UNAVAILABLE,UNAVAILABLE,SUPPORT
2026-08-13,BANKNIFTY,2026-08-13 09:20:31,23.075428848333715,DOWN,D:\My-data\Share_P&L\Ichart Data\Screenshot\August26\2026-08-13\Daywise_Price_and_OI_Summary_25AUG26_Report_2026-08-13 (2).xlsx,58099.0,1057.4018,58099.0,58099.0,57825.0,57855.0,57855.0,-0.26,0.37,2.56,-1.14,0.96,0.54,-2321.0,,,,,,,,,,,,,1042.65,False,,False,,False,,False,,29.298228923007592,SUPPORT,UNAVAILABLE,UNAVAILABLE,SUPPORT
2026-08-13,BDL,2026-08-13 09:28:01,32.04764314194676,UP,D:\My-data\Share_P&L\Ichart Data\Screenshot\August26\2026-08-13\Daywise_Price_and_OI_Summary_25AUG26_Report_2026-08-13 (3).xlsx,1338.6,91.42638,1338.6,1367.9,1338.6,1367.9,1367.9,2.19,0.14,3.4,2.63,-2.25,0.3,195.0,,,,,,,,,,,,,89.45,True,175.58333333333334,True,175.58333333333334,False,,False,,49.00117449690142,SUPPORT,UNAVAILABLE,UNAVAILABLE,SUPPORT
2026-08-13,BEL,2026-08-13 12:23:36,34.190644377464565,UP,D:\My-data\Share_P&L\Ichart Data\Screenshot\August26\2026-08-13\Daywise_Price_and_OI_Summary_25AUG26_Report_2026-08-13 (5).xlsx,406.0,15.0626,406.0,413.4,403.95,411.15,411.15,1.39,-0.99,-2.97,12.7,-7.01,4.55,3818.0,,,,,,,,,,,,,14.45,False,,False,,False,,False,,39.83376043976472,SUPPORT,UNAVAILABLE,UNAVAILABLE,SUPPORT
2026-08-13,BHARTIARTL,2026-08-13 09:20:31,34.27687459509304,DOWN,D:\My-data\Share_P&L\Ichart Data\Screenshot\August26\2026-08-13\Daywise_Price_and_OI_Summary_25AUG26_Report_2026-08-13 (2).xlsx,1969.0,55.7227,1969.0,1977.8,1948.6,1949.9,1949.9,0.11,0.12,0.76,0.0,-0.07,-0.73,-117.0,,,,,,,,,,,,,57.1,False,,False,,False,,False,,34.81525482433567,CONTRADICT,UNAVAILABLE,UNAVAILABLE,SUPPORT
2026-08-13,BHEL,2026-08-13 10:24:25,27.327533823377387,DOWN,D:\My-data\Share_P&L\Ichart Data\Screenshot\August26\2026-08-13\Daywise_Price_and_OI_Summary_25AUG26_Report_2026-08-13 (4).xlsx,420.65,22.504774999999995,420.65,421.35,413.9,414.5,414.5,-1.22,0.51,-1.13,-3.64,1.57,-0.84,-305.0,,,,,,,,,,,,,21.0,False,,False,,False,,False,,25.994483392968682,SUPPORT,UNAVAILABLE,UNAVAILABLE,SUPPORT
2026-08-13,BIOCON,2026-08-13 09:18:06,22.369511184755655,DOWN,D:\My-data\Share_P&L\Ichart Data\Screenshot\August26\2026-08-13\Daywise_Price_and_OI_Summary_25AUG26_Report_2026-08-13 (1).xlsx,426.0,18.105,426.0,426.5,421.55,421.95,421.95,-1.36,0.26,-0.38,0.0,0.26,0.03,-22.0,,,,,,,,,,,,,17.95,False,,False,,False,,False,,35.34935100800871,SUPPORT,UNAVAILABLE,UNAVAILABLE,SUPPORT
2026-08-13,BOSCHLTD,2026-08-13 10:24:25,23.41428202674025,UP,D:\My-data\Share_P&L\Ichart Data\Screenshot\August26\2026-08-13\Daywise_Price_and_OI_Summary_25AUG26_Report_2026-08-13 (4).xlsx,46820.0,1751.0680000000002,46820.0,47375.0,46690.0,47230.0,47230.0,1.45,3.46,-1.66,3.97,3.97,7.99,1022.0,,,,,,,,,,,,,1795.7,False,,False,,False,,False,,10.564980914504748,SUPPORT,UNAVAILABLE,UNAVAILABLE,SUPPORT
2026-08-13,BPCL,2026-08-13 10:24:25,23.0690376604137,DOWN,D:\My-data\Share_P&L\Ichart Data\Screenshot\August26\2026-08-13\Daywise_Price_and_OI_Summary_25AUG26_Report_2026-08-13 (4).xlsx,316.2,11.92074,316.2,316.2,313.0,313.45,313.45,-0.87,0.15,1.24,-1.56,2.97,0.78,-143.0,,,,,,,,,,,,,12.05,False,,False,,False,,False,,18.455230128330864,SUPPORT,UNAVAILABLE,UNAVAILABLE,SUPPORT
2026-08-13,BRITANNIA,2026-08-13 09:16:33,36.216998674684206,UP,D:\My-data\Share_P&L\Ichart Data\Screenshot\August26\2026-08-13\Daywise_Price_and_OI_Summary_25AUG26_Report_2026-08-13.xlsx,5557.0,176.7126,5557.0,5636.0,5540.0,5621.0,5621.0,0.37,0.01,,0.0,-0.29,1.18,119.0,,,,,,,,,,,,,,True,1.55,True,67.86666666666666,True,67.86666666666666,False,,75.26345037082811,SUPPORT,UNAVAILABLE,UNAVAILABLE,SUPPORT
2026-08-13,CAMS,2026-08-13 13:15:18,22.654546484297562,DOWN,D:\My-data\Share_P&L\Ichart Data\Screenshot\August26\2026-08-13\Daywise_Price_and_OI_Summary_25AUG26_Report_2026-08-13 (7).xlsx,782.25,30.898875000000004,782.25,787.0,774.5,775.25,775.25,-0.69,0.24,1.4,0.0,1.47,0.41,-105.0,,,,,,,,,,,,,28.55,False,,False,,False,,False,,16.181818917355404,SUPPORT,UNAVAILABLE,UNAVAILABLE,SUPPORT
2026-08-13,CDSL,2026-08-13 12:23:36,24.97401254926025,UP,D:\My-data\Share_P&L\Ichart Data\Screenshot\August26\2026-08-13\Daywise_Price_and_OI_Summary_25AUG26_Report_2026-08-13 (5).xlsx,1341.2,55.25744,1341.2,1357.7,1341.2,1355.0,1355.0,0.53,-0.11,1.76,-3.33,2.65,-1.22,-528.0,,,,,,,,,,,,,55.9,False,,False,,False,,False,,27.869550236130852,SUPPORT,UNAVAILABLE,UNAVAILABLE,CONTRADICT
2026-08-13,CGPOWER,2026-08-13 13:15:18,26.3152218459482,DOWN,D:\My-data\Share_P&L\Ichart Data\Screenshot\August26\2026-08-13\Daywise_Price_and_OI_Summary_25AUG26_Report_2026-08-13 (7).xlsx,895.0,46.361,895.0,897.0,880.55,882.8,882.8,-0.76,0.78,-2.9,-1.89,0.76,-0.93,-158.0,,,,,,,,,,,,,41.55,False,,False,,False,,False,,22.756195940553386,SUPPORT,UNAVAILABLE,UNAVAILABLE,SUPPORT
2026-08-13,COCHINSHIP,2026-08-13 10:24:25,24.52959799856139,UP,D:\My-data\Share_P&L\Ichart Data\Screenshot\August26\2026-08-13\Daywise_Price_and_OI_Summary_25AUG26_Report_2026-08-13 (4).xlsx,1510.9,90.50291000000001,1515.2,1543.0,1513.5,1533.1,1533.1,1.18,-0.29,9.97,-5.13,4.01,-0.77,-307.0,,,,,,,,,,,,,92.15,False,,False,,False,,False,,10.93887478314218,SUPPORT,UNAVAILABLE,UNAVAILABLE,CONTRADICT
2026-08-13,COFORGE,2026-08-13 12:23:36,33.193570929419984,UP,D:\My-data\Share_P&L\Ichart Data\Screenshot\August26\2026-08-13\Daywise_Price_and_OI_Summary_25AUG26_Report_2026-08-13 (5).xlsx,1800.0,85.86,1800.0,1834.0,1797.0,1828.5,1828.5,0.93,0.54,-2.89,2.61,-0.85,2.14,497.0,,,,,,,,,,,,,81.5,False,,False,,False,,False,,36.105287677614726,SUPPORT,UNAVAILABLE,UNAVAILABLE,SUPPORT
2026-08-13,COLPAL,2026-08-13 12:23:36,27.401034240124034,DOWN,D:\My-data\Share_P&L\Ichart Data\Screenshot\August26\2026-08-13\Daywise_Price_and_OI_Summary_25AUG26_Report_2026-08-13 (5).xlsx,2004.5,67.15075,2004.5,2008.3,1981.3,1986.1,1986.1,-1.01,0.45,-2.91,-1.96,6.64,2.8,-653.0,,,,,,,,,,,,,65.2,False,,False,,False,,False,,28.89022088360903,SUPPORT,UNAVAILABLE,UNAVAILABLE,SUPPORT
2026-08-13,CONCOR,2026-08-13 09:28:01,34.808269721596815,UP,D:\My-data\Share_P&L\Ichart Data\Screenshot\August26\2026-08-13\Daywise_Price_and_OI_Summary_25AUG26_Report_2026-08-13 (3).xlsx,516.85,22.121180000000003,516.85,526.0,515.5,524.55,524.55,1.76,0.2,9.19,0.0,1.04,1.79,-4.0,,,,,,,,,,,,,23.1,True,175.58333333333334,True,182.75,True,270.9166666666667,False,,82.04806434376455,SUPPORT,UNAVAILABLE,UNAVAILABLE,CONTRADICT
2026-08-13,CUMMINSIND,2026-08-13 12:30:46,24.696638711090067,DOWN,D:\My-data\Share_P&L\Ichart Data\Screenshot\August26\2026-08-13\Daywise_Price_and_OI_Summary_25AUG26_Report_2026-08-13 (6).xlsx,5410.0,196.38299999999998,5410.0,5410.0,5353.0,5361.5,5361.5,-0.47,0.72,5.49,-3.61,1.97,-1.53,-314.0,,,,,,,,,,,,,211.45,False,,False,,False,,False,,26.988079416242755,SUPPORT,UNAVAILABLE,UNAVAILABLE,SUPPORT
2026-08-13,DABUR,2026-08-13 12:23:36,30.212771601763,UP,D:\My-data\Share_P&L\Ichart Data\Screenshot\August26\2026-08-13\Daywise_Price_and_OI_Summary_25AUG26_Report_2026-08-13 (5).xlsx,406.3,13.570419999999999,406.3,410.5,406.3,410.4,410.4,0.63,-0.08,-5.59,0.0,-0.93,-0.99,58.0,,,,,,,,,,,,,12.6,False,,False,,False,,False,,36.107946548448595,SUPPORT,UNAVAILABLE,UNAVAILABLE,SUPPORT
2026-08-13,DALBHARAT,2026-08-13 09:20:31,38.8762860479271,DOWN,D:\My-data\Share_P&L\Ichart Data\Screenshot\August26\2026-08-13\Daywise_Price_and_OI_Summary_25AUG26_Report_2026-08-13 (2).xlsx,1856.2,68.6794,1856.2,1856.2,1829.5,1829.5,1829.5,-0.67,0.02,4.27,1.92,-0.37,0.55,16.0,,,,,,,,,,,,,66.0,True,63.9,False,,False,,False,,40.914742994260486,SUPPORT,UNAVAILABLE,UNAVAILABLE,CONTRADICT
2026-08-13,DELHIVERY,2026-08-13 13:15:18,23.254083417048037,DOWN,D:\My-data\Share_P&L\Ichart Data\Screenshot\August26\2026-08-13\Daywise_Price_and_OI_Summary_25AUG26_Report_2026-08-13 (7).xlsx,474.3,22.57668,474.3,474.9,468.4,469.05,469.05,-0.69,0.46,-4.18,3.33,-1.96,1.27,251.0,,,,,,,,,,,,,19.75,False,,False,,False,,False,,17.052994505835326,SUPPORT,UNAVAILABLE,UNAVAILABLE,CONTRADICT
2026-08-13,DIXON,2026-08-13 12:23:36,23.70900020488155,UP,D:\My-data\Share_P&L\Ichart Data\Screenshot\August26\2026-08-13\Daywise_Price_and_OI_Summary_25AUG26_Report_2026-08-13 (5).xlsx,13799.0,670.6314,13799.0,13988.0,13638.0,13958.0,13958.0,1.51,-0.73,-2.2,2.13,-0.14,1.38,361.0,,,,,,,,,,,,,650.9,False,,False,,False,,False,,32.0593398996826,SUPPORT,UNAVAILABLE,UNAVAILABLE,SUPPORT
2026-08-13,DMART,2026-08-13 09:28:01,26.208142817406966,DOWN,D:\My-data\Share_P&L\Ichart Data\Screenshot\August26\2026-08-13\Daywise_Price_and_OI_Summary_25AUG26_Report_2026-08-13 (3).xlsx,4059.9,133.16472,4059.9,4059.9,4020.0,4025.0,4025.0,-0.62,0.05,7.41,0.0,0.1,-0.15,-23.0,,,,,,,,,,,,,141.9,False,,False,,False,,False,,17.12165204117106,SUPPORT,UNAVAILABLE,UNAVAILABLE,SUPPORT
2026-08-13,DRREDDY,2026-08-13 12:30:46,26.73195145581417,UP,D:\My-data\Share_P&L\Ichart Data\Screenshot\August26\2026-08-13\Daywise_Price_and_OI_Summary_25AUG26_Report_2026-08-13 (6).xlsx,1192.9,38.53067000000001,1192.9,1204.0,1183.3,1203.2,1203.2,0.87,2.61,3.52,0.0,3.45,1.86,-385.0,,,,,,,,,,,,,37.9,False,,False,,False,,False,,26.212884437254548,SUPPORT,UNAVAILABLE,UNAVAILABLE,CONTRADICT
2026-08-13,ETERNAL,2026-08-13 12:23:36,31.456774053585157,UP,D:\My-data\Share_P&L\Ichart Data\Screenshot\August26\2026-08-13\Daywise_Price_and_OI_Summary_25AUG26_Report_2026-08-13 (5).xlsx,315.0,13.828499999999998,315.0,319.5,313.85,319.35,319.35,1.54,-0.07,-4.73,3.45,-0.43,2.96,619.0,,,,,,,,,,,,,13.75,False,,False,,False,,False,,27.479480782442145,SUPPORT,UNAVAILABLE,UNAVAILABLE,SUPPORT
2026-08-13,FEDERALBNK,2026-08-13 12:23:36,33.26787389910278,DOWN,D:\My-data\Share_P&L\Ichart Data\Screenshot\August26\2026-08-13\Daywise_Price_and_OI_Summary_25AUG26_Report_2026-08-13 (5).xlsx,356.1,10.22007,356.1,356.8,352.6,352.7,352.7,-0.98,0.42,1.31,-3.12,0.37,-2.62,-203.0,,,,,,,,,,,,,10.5,False,,False,,False,,False,,32.289407019717196,SUPPORT,UNAVAILABLE,UNAVAILABLE,SUPPORT
2026-08-13,FINNIFTY,2026-08-13 09:16:33,31.831977783490593,UP,D:\My-data\Share_P&L\Ichart Data\Screenshot\August26\2026-08-13\Daywise_Price_and_OI_Summary_25AUG26_Report_2026-08-13.xlsx,26363.3,524.6296699999999,26363.3,26549.2,26363.0,26530.3,26530.3,0.02,0.15,,1.89,0.11,0.19,-1.0,,,,,,,,,,,,,,False,,False,,False,,False,,22.8732774492148,SUPPORT,UNAVAILABLE,UNAVAILABLE,CONTRADICT
2026-08-13,FOCIT,2026-08-13 09:16:33,25.394845025717512,DOWN,D:\My-data\Share_P&L\Ichart Data\Screenshot\August26\2026-08-13\Daywise_Price_and_OI_Summary_25AUG26_Report_2026-08-13.xlsx,38144.0,1338.8544,38144.0,38144.0,37705.0,37804.0,37804.0,0.0,0.0,,-1.18,0.44,-0.13,-5.0,,,,,,,,,,,,,,False,,False,,False,,False,,25.394845025717512,NEUTRAL,UNAVAILABLE,UNAVAILABLE,SUPPORT
2026-08-13,FORCEMOT,2026-08-13 10:24:25,37.27536651565502,DOWN,D:\My-data\Share_P&L\Ichart Data\Screenshot\August26\2026-08-13\Daywise_Price_and_OI_Summary_25AUG26_Report_2026-08-13 (4).xlsx,19498.0,1113.3358,19498.0,19498.0,19051.0,19083.0,19083.0,-1.22,-0.13,-8.1,-6.85,5.12,-1.37,-467.0,,,,,,,,,,,,,961.2,True,119.18333333333334,True,119.18333333333334,True,119.18333333333334,False,,78.32317976301489,SUPPORT,UNAVAILABLE,UNAVAILABLE,SUPPORT
2026-08-13,FORTIS,2026-08-13 09:16:33,23.423452698165057,UP,D:\My-data\Share_P&L\Ichart Data\Screenshot\August26\2026-08-13\Daywise_Price_and_OI_Summary_25AUG26_Report_2026-08-13.xlsx,892.0,36.928799999999995,892.0,902.6,892.0,900.65,900.65,0.96,0.16,,0.0,0.23,-0.03,-22.0,,,,,,,,,,,,,,False,,False,,False,,False,,31.817984879010424,SUPPORT,UNAVAILABLE,UNAVAILABLE,CONTRADICT
2026-08-13,GMRAIRPORT,2026-08-13 09:16:33,25.107224839917812,DOWN,D:\My-data\Share_P&L\Ichart Data\Screenshot\August26\2026-08-13\Daywise_Price_and_OI_Summary_25AUG26_Report_2026-08-13.xlsx,106.8,5.29728,106.8,106.8,105.09,105.47,105.47,0.54,-0.01,,0.0,0.42,-0.21,-42.0,,,,,,,,,,,,,,True,1.55,True,1.55,True,1.55,False,,71.73492811405093,CONTRADICT,UNAVAILABLE,UNAVAILABLE,SUPPORT
2026-08-13,GODFRYPHLP,2026-08-13 13:15:18,25.92131972674732,DOWN,D:\My-data\Share_P&L\Ichart Data\Screenshot\August26\2026-08-13\Daywise_Price_and_OI_Summary_25AUG26_Report_2026-08-13 (7).xlsx,2192.3,109.17654000000002,2192.3,2198.0,2164.0,2164.0,2164.0,-1.34,0.35,-1.78,-1.96,1.56,0.06,-92.0,,,,,,,,,,,,,109.0,False,,False,,False,,False,,24.547398186460367,SUPPORT,UNAVAILABLE,UNAVAILABLE,SUPPORT
2026-08-13,GODREJCP,2026-08-13 12:23:36,39.52692613247095,UP,D:\My-data\Share_P&L\Ichart Data\Screenshot\August26\2026-08-13\Daywise_Price_and_OI_Summary_25AUG26_Report_2026-08-13 (5).xlsx,912.8,40.984719999999996,912.8,933.8,909.0,929.0,929.0,2.07,2.23,-12.97,4.26,-10.25,-5.29,2830.0,,,,,,,,,,,,,38.15,True,51.7,True,51.7,True,95.33333333333333,False,,56.11847537326107,SUPPORT,UNAVAILABLE,UNAVAILABLE,SUPPORT
2026-08-13,GODREJPROP,2026-08-13 12:23:36,27.781695709223953,UP,D:\My-data\Share_P&L\Ichart Data\Screenshot\August26\2026-08-13\Daywise_Price_and_OI_Summary_25AUG26_Report_2026-08-13 (5).xlsx,2004.0,93.5868,2004.0,2037.7,1999.7,2030.0,2030.0,0.97,0.16,-4.4,1.92,1.91,2.43,-75.0,,,,,,,,,,,,,90.9,False,,False,,False,,False,,34.72711963652994,SUPPORT,UNAVAILABLE,UNAVAILABLE,CONTRADICT
2026-08-13,GRASIM,2026-08-13 09:18:06,46.38873862406933,DOWN,D:\My-data\Share_P&L\Ichart Data\Screenshot\August26\2026-08-13\Daywise_Price_and_OI_Summary_25AUG26_Report_2026-08-13 (1).xlsx,3308.0,201.1264,3308.0,3314.9,3209.4,3214.7,3214.7,-3.27,0.54,-0.8,-2.0,1.62,-0.29,-515.0,,,,,,,,,,,,,195.55,True,2.4166666666666665,True,2.4166666666666665,False,,False,,45.245179151021446,SUPPORT,UNAVAILABLE,UNAVAILABLE,SUPPORT
2026-08-13,GVT&D,2026-08-13 09:18:06,32.31337593790597,DOWN,D:\My-data\Share_P&L\Ichart Data\Screenshot\August26\2026-08-13\Daywise_Price_and_OI_Summary_25AUG26_Report_2026-08-13 (1).xlsx,4429.0,244.4808,4429.0,4432.5,4345.0,4350.0,4350.0,-1.58,0.1,7.5,-1.37,0.82,0.5,-48.0,,,,,,,,,,,,,241.05,True,66.31666666666666,True,66.31666666666666,True,66.31666666666666,False,,54.85093307940762,SUPPORT,UNAVAILABLE,UNAVAILABLE,SUPPORT
2026-08-13,HAL,2026-08-13 09:18:06,32.526671870934166,DOWN,D:\My-data\Share_P&L\Ichart Data\Screenshot\August26\2026-08-13\Daywise_Price_and_OI_Summary_25AUG26_Report_2026-08-13 (1).xlsx,5040.0,215.208,5040.0,5043.9,4962.7,4970.0,4970.0,-0.67,0.18,5.22,-1.47,2.25,0.14,-712.0,,,,,,,,,,,,,212.25,True,2.4166666666666665,True,2.4166666666666665,False,,False,,49.998141333036116,SUPPORT,UNAVAILABLE,UNAVAILABLE,SUPPORT
2026-08-13,HAVELLS,2026-08-13 09:18:06,24.01605339747092,UP,D:\My-data\Share_P&L\Ichart Data\Screenshot\August26\2026-08-13\Daywise_Price_and_OI_Summary_25AUG26_Report_2026-08-13 (1).xlsx,1263.2,44.96992,1263.2,1274.0,1263.2,1274.0,1274.0,0.48,0.04,1.52,1.69,-0.32,0.44,29.0,,,,,,,,,,,,,45.25,False,,False,,False,,False,,28.463470693298888,SUPPORT,UNAVAILABLE,UNAVAILABLE,SUPPORT
2026-08-13,HDFCLIFE,2026-08-13 09:18:06,26.971424636388154,DOWN,D:\My-data\Share_P&L\Ichart Data\Screenshot\August26\2026-08-13\Daywise_Price_and_OI_Summary_25AUG26_Report_2026-08-13 (1).xlsx,539.5,17.42585,539.5,539.5,534.8,534.8,534.8,-0.49,0.01,-0.18,0.0,0.14,0.12,-20.0,,,,,,,,,,,,,17.3,False,,False,,False,,False,,22.667473896539022,SUPPORT,UNAVAILABLE,UNAVAILABLE,SUPPORT
2026-08-13,HEROMOTOCO,2026-08-13 12:23:36,25.273619053738567,DOWN,D:\My-data\Share_P&L\Ichart Data\Screenshot\August26\2026-08-13\Daywise_Price_and_OI_Summary_25AUG26_Report_2026-08-13 (5).xlsx,5925.0,233.445,5925.0,5940.0,5834.5,5866.0,5866.0,-0.34,0.55,-3.16,-3.74,4.95,0.98,-649.0,,,,,,,,,,,,,224.9,False,,False,,False,,False,,22.060870868941294,SUPPORT,UNAVAILABLE,UNAVAILABLE,SUPPORT
2026-08-13,HINDALCO,2026-08-13 10:24:25,37.39479791617488,DOWN,D:\My-data\Share_P&L\Ichart Data\Screenshot\August26\2026-08-13\Daywise_Price_and_OI_Summary_25AUG26_Report_2026-08-13 (4).xlsx,1067.0,42.7867,1067.0,1074.85,1049.6,1051.0,1051.0,-2.45,0.7,3.43,-9.52,4.9,-5.33,-2021.0,,,,,,,,,,,,,42.7,True,170.88333333333333,False,,False,,False,,42.65344137313697,SUPPORT,UNAVAILABLE,UNAVAILABLE,SUPPORT
2026-08-13,HINDUNILVR,2026-08-13 12:23:36,31.08427377305579,UP,D:\My-data\Share_P&L\Ichart Data\Screenshot\August26\2026-08-13\Daywise_Price_and_OI_Summary_25AUG26_Report_2026-08-13 (5).xlsx,2061.9,53.40321,2061.9,2079.7,2061.2,2078.5,2078.5,0.73,-0.13,-3.47,0.0,-1.88,-0.92,585.0,,,,,,,,,,,,,51.8,True,51.7,True,95.33333333333333,True,95.33333333333333,False,,51.86954117552075,SUPPORT,UNAVAILABLE,UNAVAILABLE,SUPPORT
2026-08-13,HINDZINC,2026-08-13 10:24:25,23.737217414968516,UP,D:\My-data\Share_P&L\Ichart Data\Screenshot\August26\2026-08-13\Daywise_Price_and_OI_Summary_25AUG26_Report_2026-08-13 (4).xlsx,586.65,26.75124,586.65,597.0,582.05,593.0,593.0,1.07,0.33,-0.68,4.92,-4.67,0.23,987.0,,,,,,,,,,,,,26.6,False,,False,,False,,False,,24.484846309927892,SUPPORT,UNAVAILABLE,UNAVAILABLE,SUPPORT
2026-08-13,HYUNDAI,2026-08-13 12:23:36,22.928961605797724,DOWN,D:\My-data\Share_P&L\Ichart Data\Screenshot\August26\2026-08-13\Daywise_Price_and_OI_Summary_25AUG26_Report_2026-08-13 (5).xlsx,2253.9,87.22593,2253.9,2281.2,2225.2,2233.9,2233.9,-0.63,0.24,7.81,-13.39,12.64,-2.87,-1129.0,,,,,,,,,,,,,89.85,False,,False,,False,,False,,26.024371422580728,SUPPORT,UNAVAILABLE,UNAVAILABLE,SUPPORT
2026-08-13,ICICIBANK,2026-08-13 10:24:25,25.187303776836444,DOWN,D:\My-data\Share_P&L\Ichart Data\Screenshot\August26\2026-08-13\Daywise_Price_and_OI_Summary_25AUG26_Report_2026-08-13 (4).xlsx,1429.9,37.32039,1429.9,1430.8,1418.9,1420.5,1420.5,-0.64,0.11,2.1,-3.08,4.55,0.83,-1565.0,,,,,,,,,,,,,37.35,False,,False,,False,,False,,39.92455598668741,SUPPORT,UNAVAILABLE,UNAVAILABLE,SUPPORT
2026-08-13,ICICIPRULI,2026-08-13 12:23:36,37.76104373713923,UP,D:\My-data\Share_P&L\Ichart Data\Screenshot\August26\2026-08-13\Daywise_Price_and_OI_Summary_25AUG26_Report_2026-08-13 (5).xlsx,502.0,18.2728,502.0,509.4,502.0,508.9,508.9,1.18,0.72,-1.65,1.59,7.31,8.56,-97.0,,,,,,,,,,,,,17.65,False,,False,,False,,False,,33.656582461363215,SUPPORT,UNAVAILABLE,UNAVAILABLE,CONTRADICT
2026-08-13,IDFCFIRSTB,2026-08-13 12:23:36,28.773772033362814,UP,D:\My-data\Share_P&L\Ichart Data\Screenshot\August26\2026-08-13\Daywise_Price_and_OI_Summary_25AUG26_Report_2026-08-13 (5).xlsx,85.52,3.266864,85.52,86.85,85.52,86.46,86.46,0.58,-0.65,0.36,2.74,-3.69,-1.33,357.0,,,,,,,,,,,,,3.16,False,,False,,False,,False,,38.56909868301849,SUPPORT,UNAVAILABLE,UNAVAILABLE,SUPPORT
2026-08-13,INDHOTEL,2026-08-13 10:24:25,23.980210537979303,DOWN,D:\My-data\Share_P&L\Ichart Data\Screenshot\August26\2026-08-13\Daywise_Price_and_OI_Summary_25AUG26_Report_2026-08-13 (4).xlsx,724.15,24.186609999999995,724.15,724.15,717.8,718.35,718.35,-0.76,0.26,1.1,-1.69,2.59,0.65,-121.0,,,,,,,,,,,,,24.3,False,,False,,False,,False,,15.91789837434855,SUPPORT,UNAVAILABLE,UNAVAILABLE,SUPPORT
2026-08-13,INDIANB,2026-08-13 09:18:06,24.21618448329628,DOWN,D:\My-data\Share_P&L\Ichart Data\Screenshot\August26\2026-08-13\Daywise_Price_and_OI_Summary_25AUG26_Report_2026-08-13 (1).xlsx,898.5,40.88175,898.5,898.5,887.0,888.6,888.6,-0.72,0.21,5.97,0.0,0.3,0.34,-3.0,,,,,,,,,,,,,40.5,False,,False,,False,,False,,23.237752787001536,SUPPORT,UNAVAILABLE,UNAVAILABLE,SUPPORT
2026-08-13,INDIGO,2026-08-13 10:24:25,25.137008553697154,DOWN,D:\My-data\Share_P&L\Ichart Data\Screenshot\August26\2026-08-13\Daywise_Price_and_OI_Summary_25AUG26_Report_2026-08-13 (4).xlsx,5365.0,210.8445,5365.0,5365.0,5300.0,5312.0,5312.0,-0.32,0.12,-0.15,-3.08,0.51,-2.38,-470.0,,,,,,,,,,,,,201.35,False,,False,,False,,False,,5.928539753230461,SUPPORT,UNAVAILABLE,UNAVAILABLE,SUPPORT
2026-08-13,IRFC,2026-08-13 12:23:36,25.23314265145239,UP,D:\My-data\Share_P&L\Ichart Data\Screenshot\August26\2026-08-13\Daywise_Price_and_OI_Summary_25AUG26_Report_2026-08-13 (5).xlsx,87.67,3.8837809999999995,88.35,88.87,88.04,88.65,88.65,0.39,-0.42,-1.74,1.69,-1.87,-0.52,239.0,,,,,,,,,,,,,3.71,False,,False,,False,,False,,25.748104746379884,SUPPORT,UNAVAILABLE,UNAVAILABLE,SUPPORT
2026-08-13,ITC,2026-08-13 13:15:18,23.3595243151409,UP,D:\My-data\Share_P&L\Ichart Data\Screenshot\August26\2026-08-13\Daywise_Price_and_OI_Summary_25AUG26_Report_2026-08-13 (7).xlsx,277.0,7.0634999999999994,277.0,279.35,277.0,278.65,278.65,0.41,0.94,-5.2,-2.04,1.03,-0.34,-853.0,,,,,,,,,,,,,6.8,False,,False,,False,,False,,24.067388688327156,SUPPORT,UNAVAILABLE,UNAVAILABLE,CONTRADICT
2026-08-13,JINDALSTEL,2026-08-13 09:16:33,26.207592988868004,UP,D:\My-data\Share_P&L\Ichart Data\Screenshot\August26\2026-08-13\Daywise_Price_and_OI_Summary_25AUG26_Report_2026-08-13.xlsx,1094.5,41.590999999999994,1094.5,1105.4,1094.5,1105.4,1105.4,0.05,0.0,,0.0,0.1,0.18,2.0,,,,,,,,,,,,,,False,,False,,False,,False,,27.65021278642014,SUPPORT,UNAVAILABLE,UNAVAILABLE,SUPPORT
2026-08-13,JIOFIN,2026-08-13 09:20:31,24.42394383888571,DOWN,D:\My-data\Share_P&L\Ichart Data\Screenshot\August26\2026-08-13\Daywise_Price_and_OI_Summary_25AUG26_Report_2026-08-13 (2).xlsx,261.5,14.330200000000001,261.5,263.6,257.65,258.0,258.0,0.76,3.25,13.81,-5.56,7.07,1.69,-2627.0,,,,,,,,,,,,,13.45,True,190.25,False,,False,,False,,42.21853149293109,CONTRADICT,UNAVAILABLE,UNAVAILABLE,SUPPORT
2026-08-13,KALYANKJIL,2026-08-13 12:23:36,42.117783223139185,UP,D:\My-data\Share_P&L\Ichart Data\Screenshot\August26\2026-08-13\Daywise_Price_and_OI_Summary_25AUG26_Report_2026-08-13 (5).xlsx,603.05,41.55014499999999,603.05,620.75,596.1,620.55,620.55,3.3,6.0,11.68,2.74,-3.44,-0.49,767.0,,,,,,,,,,,,,46.95,False,,False,,False,,False,,34.777255289963605,SUPPORT,UNAVAILABLE,UNAVAILABLE,SUPPORT
2026-08-13,KAYNES,2026-08-13 10:24:25,36.20386575110427,DOWN,D:\My-data\Share_P&L\Ichart Data\Screenshot\August26\2026-08-13\Daywise_Price_and_OI_Summary_25AUG26_Report_2026-08-13 (4).xlsx,3850.5,257.98350000000005,3850.5,3857.4,3744.6,3757.1,3757.1,-2.58,0.39,1.11,-2.44,0.48,-1.64,-231.0,,,,,,,,,,,,,249.8,False,,False,,False,,False,,37.44425515585294,SUPPORT,UNAVAILABLE,UNAVAILABLE,SUPPORT
2026-08-13,KEI,2026-08-13 10:24:25,24.10391386395982,UP,D:\My-data\Share_P&L\Ichart Data\Screenshot\August26\2026-08-13\Daywise_Price_and_OI_Summary_25AUG26_Report_2026-08-13 (4).xlsx,5739.2,248.50736,5739.2,5845.0,5720.1,5799.1,5799.1,0.9,0.28,0.07,-0.99,4.81,4.51,-16.0,,,,,,,,,,,,,238.0,False,,False,,False,,False,,25.431842340605048,SUPPORT,UNAVAILABLE,UNAVAILABLE,CONTRADICT
2026-08-13,KFINTECH,2026-08-13 09:20:31,28.953051740285314,DOWN,D:\My-data\Share_P&L\Ichart Data\Screenshot\August26\2026-08-13\Daywise_Price_and_OI_Summary_25AUG26_Report_2026-08-13 (2).xlsx,936.75,50.77184999999999,922.5,922.5,922.05,922.05,922.05,-0.61,-0.03,8.61,2.08,0.14,1.03,18.0,,,,,,,,,,,,,50.1,False,,False,,False,,False,,26.884976615979088,SUPPORT,UNAVAILABLE,UNAVAILABLE,CONTRADICT
2026-08-13,KPITTECH,2026-08-13 12:23:36,26.06557377049195,UP,D:\My-data\Share_P&L\Ichart Data\Screenshot\August26\2026-08-13\Daywise_Price_and_OI_Summary_25AUG26_Report_2026-08-13 (5).xlsx,610.0,30.5,610.0,619.6,610.0,617.95,617.95,0.99,0.18,1.4,2.27,-1.86,0.61,404.0,,,,,,,,,,,,,30.15,False,,False,,False,,False,,31.639344262295005,SUPPORT,UNAVAILABLE,UNAVAILABLE,SUPPORT
2026-08-13,LAURUSLABS,2026-08-13 09:20:31,24.486468148440103,DOWN,D:\My-data\Share_P&L\Ichart Data\Screenshot\August26\2026-08-13\Daywise_Price_and_OI_Summary_25AUG26_Report_2026-08-13 (2).xlsx,1846.0,73.1016,1846.0,1846.0,1825.0,1828.1,1828.1,-0.68,0.09,7.81,0.0,0.16,0.2,2.0,,,,,,,,,,,,,76.55,False,,False,,False,,False,,27.769570023091084,SUPPORT,UNAVAILABLE,UNAVAILABLE,CONTRADICT
2026-08-13,LICHSGFIN,2026-08-13 13:58:56,22.981241561575363,DOWN,D:\My-data\Share_P&L\Ichart Data\Screenshot\August26\2026-08-13\Daywise_Price_and_OI_Summary_25AUG26_Report_2026-08-13 (8).xlsx,497.3,17.4055,497.3,498.15,493.1,493.3,493.3,-0.75,1.56,-3.96,-4.48,4.84,0.41,-786.0,,,,,,,,,,,,,15.9,False,,False,,False,,False,,,SUPPORT,UNAVAILABLE,UNAVAILABLE,SUPPORT
2026-08-13,LODHA,2026-08-13 10:24:25,24.510271613288882,UP,D:\My-data\Share_P&L\Ichart Data\Screenshot\August26\2026-08-13\Daywise_Price_and_OI_Summary_25AUG26_Report_2026-08-13 (4).xlsx,1201.4,60.790839999999996,1201.4,1219.0,1201.4,1216.3,1216.3,1.23,-0.01,-1.46,-1.41,0.45,-0.41,-64.0,,,,,,,,,,,,,59.85,True,119.18333333333334,True,126.35,True,126.35,False,,64.15440220928022,SUPPORT,UNAVAILABLE,UNAVAILABLE,CONTRADICT
2026-08-13,LT,2026-08-13 12:23:36,27.850561349320575,UP,D:\My-data\Share_P&L\Ichart Data\Screenshot\August26\2026-08-13\Daywise_Price_and_OI_Summary_25AUG26_Report_2026-08-13 (5).xlsx,4030.0,115.258,4030.0,4084.7,4007.0,4062.1,4062.1,0.73,0.33,1.53,4.11,-0.29,2.82,695.0,,,,,,,,,,,,,113.35,False,,False,,False,,False,,34.27093997813601,SUPPORT,UNAVAILABLE,UNAVAILABLE,SUPPORT
2026-08-13,LTF,2026-08-13 09:16:33,23.05560550936749,UP,D:\My-data\Share_P&L\Ichart Data\Screenshot\August26\2026-08-13\Daywise_Price_and_OI_Summary_25AUG26_Report_2026-08-13.xlsx,314.3,15.180690000000002,314.3,318.55,314.3,317.8,317.8,0.39,0.01,,0.0,0.17,0.1,-9.0,,,,,,,,,,,,,,False,,False,,False,,False,,19.43258178646681,SUPPORT,UNAVAILABLE,UNAVAILABLE,CONTRADICT
2026-08-13,LTM,2026-08-13 12:23:36,28.12310169063588,UP,D:\My-data\Share_P&L\Ichart Data\Screenshot\August26\2026-08-13\Daywise_Price_and_OI_Summary_25AUG26_Report_2026-08-13 (5).xlsx,4706.2,224.01512,4706.2,4779.0,4700.0,4769.2,4769.2,0.86,0.06,-2.89,3.13,-2.21,1.56,287.0,,,,,,,,,,,,,220.4,False,,False,,False,,False,,29.997975136678196,SUPPORT,UNAVAILABLE,UNAVAILABLE,SUPPORT
2026-08-13,M&M,2026-08-13 09:28:01,22.138680033416875,UP,D:\My-data\Share_P&L\Ichart Data\Screenshot\August26\2026-08-13\Daywise_Price_and_OI_Summary_25AUG26_Report_2026-08-13 (3).xlsx,3420.0,119.7,3420.0,3454.2,3420.0,3446.5,3446.5,0.48,0.09,0.9,0.0,0.24,0.2,-27.0,,,,,,,,,,,,,118.35,False,,False,,False,,False,,15.622389306599679,SUPPORT,UNAVAILABLE,UNAVAILABLE,CONTRADICT
2026-08-13,MANAPPURAM,2026-08-13 09:28:01,29.970898257791685,DOWN,D:\My-data\Share_P&L\Ichart Data\Screenshot\August26\2026-08-13\Daywise_Price_and_OI_Summary_25AUG26_Report_2026-08-13 (3).xlsx,353.7,20.01942,353.7,354.5,346.7,347.7,347.7,-1.96,-0.36,-6.81,0.0,-4.81,-3.34,480.0,,,,,,,,,,,,,17.8,False,,False,,False,,False,,35.965077909349965,SUPPORT,UNAVAILABLE,UNAVAILABLE,CONTRADICT
2026-08-13,MARICO,2026-08-13 09:16:33,22.05010408690874,UP,D:\My-data\Share_P&L\Ichart Data\Screenshot\August26\2026-08-13\Daywise_Price_and_OI_Summary_25AUG26_Report_2026-08-13.xlsx,849.5,28.798050000000003,849.5,855.9,849.5,855.85,855.85,0.55,0.0,,0.0,0.25,0.91,25.0,,,,,,,,,,,,,,False,,False,,False,,False,,39.58601363633988,SUPPORT,UNAVAILABLE,UNAVAILABLE,SUPPORT
2026-08-13,MCX,2026-08-13 09:28:01,31.929555273543404,UP,D:\My-data\Share_P&L\Ichart Data\Screenshot\August26\2026-08-13\Daywise_Price_and_OI_Summary_25AUG26_Report_2026-08-13 (3).xlsx,2969.9,155.02878,2969.9,3022.0,2958.0,3019.4,3019.4,1.86,0.03,5.22,3.53,0.85,4.06,671.0,,,,,,,,,,,,,161.25,False,,False,,False,,False,,12.384797197010657,SUPPORT,UNAVAILABLE,UNAVAILABLE,SUPPORT
2026-08-13,MOTHERSON,2026-08-13 13:15:18,25.121420197621706,DOWN,D:\My-data\Share_P&L\Ichart Data\Screenshot\August26\2026-08-13\Daywise_Price_and_OI_Summary_25AUG26_Report_2026-08-13 (7).xlsx,170.6,7.8817200000000005,170.6,171.6,168.36,168.62,168.62,-0.77,-0.51,-1.99,-2.52,-1.51,-3.63,-286.0,,,,,,,,,,,,,7.37,False,,False,,False,,False,,27.27830981054904,SUPPORT,UNAVAILABLE,UNAVAILABLE,SUPPORT
2026-08-13,MOTILALOFS,2026-08-13 09:28:01,23.26116170229169,UP,D:\My-data\Share_P&L\Ichart Data\Screenshot\August26\2026-08-13\Daywise_Price_and_OI_Summary_25AUG26_Report_2026-08-13 (3).xlsx,893.5,37.61635,893.5,905.8,893.5,902.25,902.25,0.56,-0.06,3.34,0.0,2.35,0.58,-77.0,,,,,,,,,,,,,41.45,True,175.58333333333334,False,,False,,False,,43.730984000308496,SUPPORT,UNAVAILABLE,UNAVAILABLE,CONTRADICT
2026-08-13,NATIONALUM,2026-08-13 13:15:18,25.416219745371393,DOWN,D:\My-data\Share_P&L\Ichart Data\Screenshot\August26\2026-08-13\Daywise_Price_and_OI_Summary_25AUG26_Report_2026-08-13 (7).xlsx,410.0,21.443,410.0,413.95,402.3,404.55,404.55,-3.4,0.55,-4.28,-15.29,5.9,-9.86,-2255.0,,,,,,,,,,,,,19.95,False,,False,,False,,False,,24.716690761553938,SUPPORT,UNAVAILABLE,UNAVAILABLE,SUPPORT
2026-08-13,NAUKRI,2026-08-13 12:30:46,27.322694421419403,UP,D:\My-data\Share_P&L\Ichart Data\Screenshot\August26\2026-08-13\Daywise_Price_and_OI_Summary_25AUG26_Report_2026-08-13 (6).xlsx,1345.7,57.461389999999994,1345.7,1363.5,1339.5,1361.4,1361.4,1.2,0.08,-3.3,2.78,-6.13,-3.79,329.0,,,,,,,,,,,,,56.65,False,,False,,False,,False,,35.32806985699433,SUPPORT,UNAVAILABLE,UNAVAILABLE,SUPPORT
2026-08-13,NHPC,2026-08-13 12:23:36,34.23262995602938,UP,D:\My-data\Share_P&L\Ichart Data\Screenshot\August26\2026-08-13\Daywise_Price_and_OI_Summary_25AUG26_Report_2026-08-13 (5).xlsx,76.49,3.067249,76.49,77.81,76.09,77.54,77.54,1.8,0.11,3.02,2.9,-5.88,-2.71,369.0,,,,,,,,,,,,,2.95,False,,False,,False,,False,,36.514805286431084,SUPPORT,UNAVAILABLE,UNAVAILABLE,SUPPORT
2026-08-13,NIFTY,2026-08-13 10:24:25,22.234931870583214,DOWN,D:\My-data\Share_P&L\Ichart Data\Screenshot\August26\2026-08-13\Daywise_Price_and_OI_Summary_25AUG26_Report_2026-08-13 (4).xlsx,24460.5,239.71290000000002,24460.5,24460.5,24390.0,24407.2,24407.2,-0.26,1.17,-1.15,-2.97,5.81,3.28,-23731.0,,,,,,,,,,,,,220.1,False,,False,,False,,False,,14.183633838646145,SUPPORT,UNAVAILABLE,UNAVAILABLE,SUPPORT
2026-08-13,NTPC,2026-08-13 12:23:36,24.83176479352409,UP,D:\My-data\Share_P&L\Ichart Data\Screenshot\August26\2026-08-13\Daywise_Price_and_OI_Summary_25AUG26_Report_2026-08-13 (5).xlsx,339.95,10.470460000000001,339.95,342.8,339.75,342.55,342.55,0.78,-0.24,-6.97,-3.57,5.56,1.51,-1187.0,,,,,,,,,,,,,9.95,False,,False,,False,,False,,22.92162904017621,SUPPORT,UNAVAILABLE,UNAVAILABLE,CONTRADICT
2026-08-13,NYKAA,2026-08-13 09:16:33,27.464085141632943,UP,D:\My-data\Share_P&L\Ichart Data\Screenshot\August26\2026-08-13\Daywise_Price_and_OI_Summary_25AUG26_Report_2026-08-13.xlsx,322.3,13.47214,322.3,326.0,322.3,326.0,326.0,-0.09,-0.02,,0.0,0.06,0.03,-4.0,,,,,,,,,,,,,,True,3.966666666666667,True,3.966666666666667,True,238.75,False,,69.0313491397804,CONTRADICT,UNAVAILABLE,UNAVAILABLE,CONTRADICT
2026-08-13,OBEROIRLTY,2026-08-13 09:28:01,23.679167575777708,UP,D:\My-data\Share_P&L\Ichart Data\Screenshot\August26\2026-08-13\Daywise_Price_and_OI_Summary_25AUG26_Report_2026-08-13 (3).xlsx,1772.1,65.03607,1772.1,1789.8,1772.1,1787.5,1787.5,0.17,-0.06,2.29,0.0,0.34,0.06,-18.0,,,,,,,,,,,,,66.95,True,56.4,True,56.4,True,56.4,True,182.75,120.54848947668593,SUPPORT,UNAVAILABLE,UNAVAILABLE,CONTRADICT
2026-08-13,OIL,2026-08-13 12:23:36,46.77449899948205,UP,D:\My-data\Share_P&L\Ichart Data\Screenshot\August26\2026-08-13\Daywise_Price_and_OI_Summary_25AUG26_Report_2026-08-13 (5).xlsx,470.25,21.913650000000004,470.25,480.9,469.85,480.5,480.5,1.49,-0.49,-0.29,4.48,-5.27,-1.02,267.0,,,,,,,,,,,,,21.55,True,7.166666666666667,True,95.33333333333333,False,,False,,46.31816242387724,SUPPORT,UNAVAILABLE,UNAVAILABLE,SUPPORT
2026-08-13,PAYTM,2026-08-13 13:58:56,22.878662755015093,UP,D:\My-data\Share_P&L\Ichart Data\Screenshot\August26\2026-08-13\Daywise_Price_and_OI_Summary_25AUG26_Report_2026-08-13 (8).xlsx,1617.5,77.80175,1617.5,1635.3,1601.0,1635.3,1635.3,1.33,1.79,0.65,0.0,-1.92,-1.43,144.0,,,,,,,,,,,,,78.2,False,,False,,False,,False,,,SUPPORT,UNAVAILABLE,UNAVAILABLE,SUPPORT
2026-08-13,PERSISTENT,2026-08-13 12:23:36,24.65483234714004,UP,D:\My-data\Share_P&L\Ichart Data\Screenshot\August26\2026-08-13\Daywise_Price_and_OI_Summary_25AUG26_Report_2026-08-13 (5).xlsx,5460.0,269.724,5460.0,5530.0,5410.5,5526.5,5526.5,1.04,-0.37,0.59,1.96,2.47,3.89,-85.0,,,,,,,,,,,,,262.75,False,,False,,False,,False,,25.210956385045453,SUPPORT,UNAVAILABLE,UNAVAILABLE,CONTRADICT
2026-08-13,PETRONET,2026-08-13 09:16:33,38.897112342320526,UP,D:\My-data\Share_P&L\Ichart Data\Screenshot\August26\2026-08-13\Daywise_Price_and_OI_Summary_25AUG26_Report_2026-08-13.xlsx,280.95,9.38373,280.95,285.8,280.95,284.6,284.6,1.3,0.02,,0.0,0.64,0.16,-25.0,,,,,,,,,,,,,,True,1.55,True,1.55,True,1.55,False,,59.67776140191611,SUPPORT,UNAVAILABLE,UNAVAILABLE,CONTRADICT
2026-08-13,PGEL,2026-08-13 10:24:25,29.271412587146482,DOWN,D:\My-data\Share_P&L\Ichart Data\Screenshot\August26\2026-08-13\Daywise_Price_and_OI_Summary_25AUG26_Report_2026-08-13 (4).xlsx,615.55,34.163025,615.55,617.45,605.55,605.55,605.55,-2.07,0.74,3.38,-3.28,1.54,-0.67,-220.0,,,,,,,,,,,,,34.6,False,,False,,False,,False,,20.92905999980967,SUPPORT,UNAVAILABLE,UNAVAILABLE,SUPPORT
2026-08-13,PHOENIXLTD,2026-08-13 09:28:01,22.53463002481512,UP,D:\My-data\Share_P&L\Ichart Data\Screenshot\August26\2026-08-13\Daywise_Price_and_OI_Summary_25AUG26_Report_2026-08-13 (3).xlsx,1884.0,73.6644,1884.0,1903.7,1884.0,1900.6,1900.6,0.05,0.34,2.84,0.0,0.47,-0.59,-29.0,,,,,,,,,,,,,70.95,False,,False,,False,,False,,23.07763315794332,SUPPORT,UNAVAILABLE,UNAVAILABLE,CONTRADICT
2026-08-13,PIDILITIND,2026-08-13 09:28:01,22.85753470059487,DOWN,D:\My-data\Share_P&L\Ichart Data\Screenshot\August26\2026-08-13\Daywise_Price_and_OI_Summary_25AUG26_Report_2026-08-13 (3).xlsx,1699.0,52.4991,1699.0,1706.8,1687.0,1687.0,1687.0,-0.68,0.21,0.7,1.56,-0.34,1.34,67.0,,,,,,,,,,,,,53.9,False,,False,,False,,False,,21.714657965565298,SUPPORT,UNAVAILABLE,UNAVAILABLE,CONTRADICT
2026-08-13,PNBHOUSING,2026-08-13 09:28:01,27.298732907760538,UP,D:\My-data\Share_P&L\Ichart Data\Screenshot\August26\2026-08-13\Daywise_Price_and_OI_Summary_25AUG26_Report_2026-08-13 (3).xlsx,1152.8,55.68024,1152.8,1169.5,1148.0,1168.0,1168.0,0.54,0.1,0.57,0.0,0.48,0.35,-18.0,,,,,,,,,,,,,54.5,False,,False,,False,,False,,32.147849937428596,SUPPORT,UNAVAILABLE,UNAVAILABLE,CONTRADICT
2026-08-13,POLICYBZR,2026-08-13 09:16:33,30.589394988449854,UP,D:\My-data\Share_P&L\Ichart Data\Screenshot\August26\2026-08-13\Daywise_Price_and_OI_Summary_25AUG26_Report_2026-08-13.xlsx,1710.1,81.40075999999999,1710.1,1735.0,1710.1,1735.0,1735.0,0.99,0.0,,0.0,0.06,0.19,7.0,,,,,,,,,,,,,,True,238.75,False,,False,,False,,42.38289667074362,SUPPORT,UNAVAILABLE,UNAVAILABLE,SUPPORT
2026-08-13,POWERINDIA,2026-08-13 09:20:31,23.82658104089498,DOWN,D:\My-data\Share_P&L\Ichart Data\Screenshot\August26\2026-08-13\Daywise_Price_and_OI_Summary_25AUG26_Report_2026-08-13 (2).xlsx,36195.0,1867.662,36195.0,36195.0,35750.0,35750.0,35750.0,-0.33,0.38,2.55,0.0,0.1,0.08,-2.0,,,,,,,,,,,,,1857.55,True,234.78333333333333,False,,False,,False,,42.031159813713614,SUPPORT,UNAVAILABLE,UNAVAILABLE,SUPPORT
2026-08-13,PRESTIGE,2026-08-13 12:23:36,27.543163393371934,UP,D:\My-data\Share_P&L\Ichart Data\Screenshot\August26\2026-08-13\Daywise_Price_and_OI_Summary_25AUG26_Report_2026-08-13 (5).xlsx,1585.0,73.70250000000001,1585.0,1610.0,1562.5,1605.3,1605.3,0.78,0.52,1.02,-1.37,4.98,3.33,-107.0,,,,,,,,,,,,,71.95,False,,False,,False,,False,,33.24174892303517,SUPPORT,UNAVAILABLE,UNAVAILABLE,CONTRADICT
2026-08-13,RADICO,2026-08-13 09:28:01,25.744045523365966,UP,D:\My-data\Share_P&L\Ichart Data\Screenshot\August26\2026-08-13\Daywise_Price_and_OI_Summary_25AUG26_Report_2026-08-13 (3).xlsx,4522.6,222.96418000000003,4522.6,4599.0,4522.6,4580.0,4580.0,0.85,-0.1,4.2,-1.28,1.08,0.24,-38.0,,,,,,,,,,,,,243.05,True,175.58333333333334,True,175.58333333333334,False,,False,,45.92665960962861,SUPPORT,UNAVAILABLE,UNAVAILABLE,CONTRADICT
2026-08-13,RBLBANK,2026-08-13 10:24:25,28.28869101154496,DOWN,D:\My-data\Share_P&L\Ichart Data\Screenshot\August26\2026-08-13\Daywise_Price_and_OI_Summary_25AUG26_Report_2026-08-13 (4).xlsx,389.95,16.260915,389.95,389.95,385.2,385.35,385.35,-0.53,0.02,2.43,-1.45,2.36,-0.43,-126.0,,,,,,,,,,,,,16.25,False,,False,,False,,False,,25.213833292898748,SUPPORT,UNAVAILABLE,UNAVAILABLE,SUPPORT
2026-08-13,RELIANCE,2026-08-13 09:16:33,28.195151459227247,DOWN,D:\My-data\Share_P&L\Ichart Data\Screenshot\August26\2026-08-13\Daywise_Price_and_OI_Summary_25AUG26_Report_2026-08-13.xlsx,1327.0,39.0138,1327.0,1328.6,1313.2,1316.0,1316.0,-0.72,0.1,,0.0,0.05,-0.13,-148.0,,,,,,,,,,,,,,False,,False,,False,,False,,37.67897513187653,SUPPORT,UNAVAILABLE,UNAVAILABLE,SUPPORT
2026-08-13,RVNL,2026-08-13 12:30:46,23.253871532325892,DOWN,D:\My-data\Share_P&L\Ichart Data\Screenshot\August26\2026-08-13\Daywise_Price_and_OI_Summary_25AUG26_Report_2026-08-13 (6).xlsx,231.05,10.535879999999999,231.05,231.05,228.49,228.6,228.6,-0.93,0.01,-2.25,-1.75,0.66,-0.56,-132.0,,,,,,,,,,,,,10.27,False,,False,,False,,False,,26.860594463870253,SUPPORT,UNAVAILABLE,UNAVAILABLE,SUPPORT
2026-08-13,SAIL,2026-08-13 13:58:56,33.4592468956537,DOWN,D:\My-data\Share_P&L\Ichart Data\Screenshot\August26\2026-08-13\Daywise_Price_and_OI_Summary_25AUG26_Report_2026-08-13 (8).xlsx,172.4,7.74076,172.8,172.92,169.81,169.81,169.81,-1.59,-0.2,-35.4,1.54,-1.42,-0.54,67.0,,,,,,,,,,,,,8.25,False,,False,,False,,False,,,SUPPORT,UNAVAILABLE,UNAVAILABLE,CONTRADICT
2026-08-13,SENSEX,2026-08-13 09:18:06,63.79178361826997,DOWN,D:\My-data\Share_P&L\Ichart Data\Screenshot\August26\2026-08-13\Daywise_Price_and_OI_Summary_25AUG26_Report_2026-08-13 (1).xlsx,78380.0,360.548,78185.05,78200.0,78094.6,78150.0,78150.0,-0.24,-0.28,0.64,0.0,0.7,0.08,-120.0,,,,,,,,,,,,,357.4,True,2.4166666666666665,True,2.4166666666666665,True,2.4166666666666665,False,,69.33889523724997,SUPPORT,UNAVAILABLE,UNAVAILABLE,SUPPORT
2026-08-13,SHREECEM,2026-08-13 09:28:01,24.879564478616473,DOWN,D:\My-data\Share_P&L\Ichart Data\Screenshot\August26\2026-08-13\Daywise_Price_and_OI_Summary_25AUG26_Report_2026-08-13 (3).xlsx,25595.0,1085.228,25595.0,25615.0,25195.0,25325.0,25325.0,-1.04,0.09,4.08,-2.04,2.85,0.97,-105.0,,,,,,,,,,,,,948.0,False,,False,,False,,False,,39.16227742004445,SUPPORT,UNAVAILABLE,UNAVAILABLE,SUPPORT
2026-08-13,SIEMENS,2026-08-13 10:24:25,25.397177711949006,DOWN,D:\My-data\Share_P&L\Ichart Data\Screenshot\August26\2026-08-13\Daywise_Price_and_OI_Summary_25AUG26_Report_2026-08-13 (4).xlsx,4048.0,187.42239999999998,4048.0,4048.0,3990.0,4000.4,4000.4,-0.81,0.3,-3.21,1.43,-3.25,-2.48,244.0,,,,,,,,,,,,,178.05,False,,False,,False,,False,,34.20082124655319,SUPPORT,UNAVAILABLE,UNAVAILABLE,CONTRADICT
2026-08-13,SOLARINDS,2026-08-13 10:24:25,45.39630366661787,UP,D:\My-data\Share_P&L\Ichart Data\Screenshot\August26\2026-08-13\Daywise_Price_and_OI_Summary_25AUG26_Report_2026-08-13 (4).xlsx,18830.0,1154.279,18830.0,19500.0,18798.0,19354.0,19354.0,2.78,0.38,11.78,-16.42,35.56,12.96,-1858.0,,,,,,,,,,,,,1204.1,False,,False,,False,,False,,38.119033613190574,SUPPORT,UNAVAILABLE,UNAVAILABLE,CONTRADICT
2026-08-13,SONACOMS,2026-08-13 10:24:25,22.748369116921896,UP,D:\My-data\Share_P&L\Ichart Data\Screenshot\August26\2026-08-13\Daywise_Price_and_OI_Summary_25AUG26_Report_2026-08-13 (4).xlsx,800.55,37.14552,800.55,814.3,800.3,809.0,809.0,0.63,0.22,4.24,-1.43,0.55,-0.5,-51.0,,,,,,,,,,,,,36.15,False,,False,,False,,False,,15.075842255001474,SUPPORT,UNAVAILABLE,UNAVAILABLE,CONTRADICT
2026-08-13,SRF,2026-08-13 09:28:01,24.798680752038113,DOWN,D:\My-data\Share_P&L\Ichart Data\Screenshot\August26\2026-08-13\Daywise_Price_and_OI_Summary_25AUG26_Report_2026-08-13 (3).xlsx,2597.0,95.56960000000001,2597.0,2597.0,2573.3,2573.3,2573.3,-0.55,0.1,1.97,0.0,0.44,0.33,-53.0,,,,,,,,,,,,,96.7,False,,False,,False,,False,,26.158945940968675,SUPPORT,UNAVAILABLE,UNAVAILABLE,SUPPORT
2026-08-13,SUPREMEIND,2026-08-13 09:16:33,31.2244282699514,UP,D:\My-data\Share_P&L\Ichart Data\Screenshot\August26\2026-08-13\Daywise_Price_and_OI_Summary_25AUG26_Report_2026-08-13.xlsx,3424.0,148.6016,3424.0,3499.0,3424.0,3470.4,3470.4,0.62,0.14,,0.0,-0.14,0.22,15.0,,,,,,,,,,,,,,True,1.55,True,1.55,True,1.55,False,,54.10439726086401,SUPPORT,UNAVAILABLE,UNAVAILABLE,SUPPORT
2026-08-13,TATACONSUM,2026-08-13 10:24:25,44.809404000253345,UP,D:\My-data\Share_P&L\Ichart Data\Screenshot\August26\2026-08-13\Daywise_Price_and_OI_Summary_25AUG26_Report_2026-08-13 (4).xlsx,1062.1,37.492129999999996,1062.1,1079.5,1061.3,1078.9,1078.9,1.67,0.12,0.88,1.79,-1.79,0.2,204.0,,,,,,,,,,,,,37.3,True,119.18333333333334,True,119.18333333333334,True,170.88333333333333,False,,71.48166828611814,SUPPORT,UNAVAILABLE,UNAVAILABLE,SUPPORT
2026-08-13,TATAELXSI,2026-08-13 13:58:56,27.76728791345492,UP,D:\My-data\Share_P&L\Ichart Data\Screenshot\August26\2026-08-13\Daywise_Price_and_OI_Summary_25AUG26_Report_2026-08-13 (8).xlsx,3738.7,176.46663999999998,3738.7,3800.6,3730.1,3787.7,3787.7,1.47,0.14,-2.0,6.38,-2.43,4.01,490.0,,,,,,,,,,,,,164.2,False,,False,,False,,False,,,SUPPORT,UNAVAILABLE,UNAVAILABLE,SUPPORT
2026-08-13,TATAPOWER,2026-08-13 13:15:18,22.98619992142899,UP,D:\My-data\Share_P&L\Ichart Data\Screenshot\August26\2026-08-13\Daywise_Price_and_OI_Summary_25AUG26_Report_2026-08-13 (7).xlsx,379.8,11.9637,379.8,382.85,379.2,382.55,382.55,0.83,-0.06,-0.84,-1.37,0.99,-0.54,-278.0,,,,,,,,,,,,,11.8,False,,False,,False,,False,,18.806890844805537,SUPPORT,UNAVAILABLE,UNAVAILABLE,CONTRADICT
2026-08-13,TATASTEEL,2026-08-13 12:30:46,25.726433233135726,DOWN,D:\My-data\Share_P&L\Ichart Data\Screenshot\August26\2026-08-13\Daywise_Price_and_OI_Summary_25AUG26_Report_2026-08-13 (6).xlsx,186.5,7.3854,186.5,187.23,184.6,184.6,184.6,-0.73,0.85,-0.15,-1.67,0.95,-0.63,-455.0,,,,,,,,,,,,,7.26,False,,False,,False,,False,,25.591030952961063,SUPPORT,UNAVAILABLE,UNAVAILABLE,SUPPORT
2026-08-13,TCS,2026-08-13 13:58:56,33.75319787891158,UP,D:\My-data\Share_P&L\Ichart Data\Screenshot\August26\2026-08-13\Daywise_Price_and_OI_Summary_25AUG26_Report_2026-08-13 (8).xlsx,2348.2,95.1021,2348.2,2381.0,2337.2,2380.3,2380.3,1.63,0.43,-11.05,1.54,-3.05,-1.65,1439.0,,,,,,,,,,,,,86.2,False,,False,,False,,False,,,SUPPORT,UNAVAILABLE,UNAVAILABLE,SUPPORT
2026-08-13,TECHM,2026-08-13 12:23:36,35.200735083895005,UP,D:\My-data\Share_P&L\Ichart Data\Screenshot\August26\2026-08-13\Daywise_Price_and_OI_Summary_25AUG26_Report_2026-08-13 (5).xlsx,1631.0,60.5101,1631.0,1658.6,1631.0,1652.3,1652.3,1.31,0.17,-2.78,6.25,-2.62,3.1,500.0,,,,,,,,,,,,,60.25,True,7.166666666666667,False,,False,,False,,42.472248434558935,SUPPORT,UNAVAILABLE,UNAVAILABLE,SUPPORT
2026-08-13,TIINDIA,2026-08-13 10:24:25,25.14983309901527,DOWN,D:\My-data\Share_P&L\Ichart Data\Screenshot\August26\2026-08-13\Daywise_Price_and_OI_Summary_25AUG26_Report_2026-08-13 (4).xlsx,2855.0,185.2895,2855.0,2855.0,2796.0,2808.4,2808.4,-1.07,0.51,5.04,-3.51,5.16,0.87,-131.0,,,,,,,,,,,,,182.1,True,119.18333333333334,True,119.18333333333334,True,126.35,False,,63.036491544313186,SUPPORT,UNAVAILABLE,UNAVAILABLE,SUPPORT
2026-08-13,TMPV,2026-08-13 10:24:25,25.683360851219838,UP,D:\My-data\Share_P&L\Ichart Data\Screenshot\August26\2026-08-13\Daywise_Price_and_OI_Summary_25AUG26_Report_2026-08-13 (4).xlsx,345.0,19.078500000000002,345.0,352.65,343.6,349.9,349.9,1.82,-0.17,1.12,-2.86,6.05,2.71,-1079.0,,,,,,,,,,,,,19.35,False,,False,,False,,False,,30.662787955028026,SUPPORT,UNAVAILABLE,UNAVAILABLE,CONTRADICT
2026-08-13,TORNTPHARM,2026-08-13 09:16:33,25.557677437147436,DOWN,D:\My-data\Share_P&L\Ichart Data\Screenshot\August26\2026-08-13\Daywise_Price_and_OI_Summary_25AUG26_Report_2026-08-13.xlsx,4919.5,168.24689999999998,4919.5,4919.5,4876.5,4876.5,4876.5,-0.4,0.01,,0.0,0.11,0.32,7.0,,,,,,,,,,,,,,False,,False,,False,,False,,32.98723483166703,SUPPORT,UNAVAILABLE,UNAVAILABLE,CONTRADICT
2026-08-13,TVSMOTOR,2026-08-13 10:24:25,22.84461095627531,DOWN,D:\My-data\Share_P&L\Ichart Data\Screenshot\August26\2026-08-13\Daywise_Price_and_OI_Summary_25AUG26_Report_2026-08-13 (4).xlsx,4377.4,167.21667999999997,4377.4,4385.7,4331.2,4339.2,4339.2,-0.75,-0.46,1.01,0.0,0.06,-0.38,-62.0,,,,,,,,,,,,,157.3,False,,False,,False,,False,,22.067176552004046,SUPPORT,UNAVAILABLE,UNAVAILABLE,SUPPORT
2026-08-13,ULTRACEMCO,2026-08-13 09:18:06,22.922110667950303,DOWN,D:\My-data\Share_P&L\Ichart Data\Screenshot\August26\2026-08-13\Daywise_Price_and_OI_Summary_25AUG26_Report_2026-08-13 (1).xlsx,11898.0,379.5462,11898.0,11920.0,11798.0,11811.0,11811.0,-1.01,0.69,13.45,2.33,0.16,2.76,162.0,,,,,,,,,,,,,377.5,True,2.4166666666666665,True,2.4166666666666665,True,2.4166666666666665,False,,66.1316066397187,SUPPORT,UNAVAILABLE,UNAVAILABLE,CONTRADICT
2026-08-13,UNITDSPR,2026-08-13 10:24:25,26.105663162357505,UP,D:\My-data\Share_P&L\Ichart Data\Screenshot\August26\2026-08-13\Daywise_Price_and_OI_Summary_25AUG26_Report_2026-08-13 (4).xlsx,1520.8,50.9468,1520.8,1535.4,1518.0,1534.1,1534.1,0.38,0.1,-4.1,-2.41,1.02,-1.25,-119.0,,,,,,,,,,,,,49.95,False,,False,,False,,False,,21.787433165576907,SUPPORT,UNAVAILABLE,UNAVAILABLE,CONTRADICT
2026-08-13,UNOMINDA,2026-08-13 09:28:01,30.457575043463287,UP,D:\My-data\Share_P&L\Ichart Data\Screenshot\August26\2026-08-13\Daywise_Price_and_OI_Summary_25AUG26_Report_2026-08-13 (3).xlsx,1246.0,44.980599999999995,1246.0,1267.8,1243.0,1259.7,1259.7,1.14,0.06,3.3,0.0,1.01,0.81,-31.0,,,,,,,,,,,,,49.15,False,,False,,False,,False,,22.454124667078496,SUPPORT,UNAVAILABLE,UNAVAILABLE,CONTRADICT
2026-08-13,VBL,2026-08-13 09:18:06,23.438483385443035,UP,D:\My-data\Share_P&L\Ichart Data\Screenshot\August26\2026-08-13\Daywise_Price_and_OI_Summary_25AUG26_Report_2026-08-13 (1).xlsx,437.45,17.279275,437.45,441.5,437.45,441.5,441.5,0.49,0.0,0.07,0.0,-0.09,0.05,23.0,,,,,,,,,,,,,17.4,False,,False,,False,,False,,19.96611547648839,SUPPORT,UNAVAILABLE,UNAVAILABLE,SUPPORT
2026-08-13,VEDL,2026-08-13 12:23:36,38.247809279194264,DOWN,D:\My-data\Share_P&L\Ichart Data\Screenshot\August26\2026-08-13\Daywise_Price_and_OI_Summary_25AUG26_Report_2026-08-13 (5).xlsx,277.45,14.510635,277.45,277.45,271.7,271.9,271.9,-1.57,0.8,0.49,-2.0,1.15,-0.87,-464.0,,,,,,,,,,,,,13.9,True,7.166666666666667,True,51.7,False,,False,,45.139306446616644,SUPPORT,UNAVAILABLE,UNAVAILABLE,SUPPORT
2026-08-13,VMM,2026-08-13 09:16:33,26.87578958610583,UP,D:\My-data\Share_P&L\Ichart Data\Screenshot\August26\2026-08-13\Daywise_Price_and_OI_Summary_25AUG26_Report_2026-08-13.xlsx,106.21,5.692856000000001,106.21,107.74,106.21,107.74,107.74,-0.11,0.0,,0.0,-0.1,0.61,11.0,,,,,,,,,,,,,,False,,False,,False,,False,,33.1995047828366,CONTRADICT,UNAVAILABLE,UNAVAILABLE,SUPPORT
2026-08-13,ZYDUSLIFE,2026-08-13 09:16:33,23.448270285785718,DOWN,D:\My-data\Share_P&L\Ichart Data\Screenshot\August26\2026-08-13\Daywise_Price_and_OI_Summary_25AUG26_Report_2026-08-13.xlsx,1206.6,49.4706,1206.6,1209.9,1193.3,1195.0,1195.0,-0.96,0.08,,0.0,-0.03,0.3,25.0,,,,,,,,,,,,,,True,3.966666666666667,True,67.86666666666666,True,67.86666666666666,False,,67.71698746326102,SUPPORT,UNAVAILABLE,UNAVAILABLE,CONTRADICT
2026-08-14,ABCAPITAL,2026-08-14 12:03:35,25.369263727590557,DOWN,D:\My-data\Share_P&L\Ichart Data\Screenshot\August26\2026-08-14\Daywise_Price_and_OI_Summary_25AUG26_Report_2026-08-14 (6).xlsx,407.25,15.9642,407.25,409.0,402.5,403.2,403.2,-1.12,1.07,2.92,0.0,1.14,-0.02,-93.0,,,,,,,,,,,,,15.85,False,,False,,False,,False,,,SUPPORT,UNAVAILABLE,UNAVAILABLE,SUPPORT
2026-08-14,ADANIENSOL,2026-08-14 09:20:57,23.8662549322111,UP,D:\My-data\Share_P&L\Ichart Data\Screenshot\August26\2026-08-14\Daywise_Price_and_OI_Summary_25AUG26_Report_2026-08-14 (1).xlsx,1580.1,84.21932999999999,1580.1,1600.2,1580.1,1600.2,1600.2,0.76,0.05,2.76,0.0,0.58,-0.08,-59.0,,,,,,,,,,,,,78.5,True,55.083333333333336,False,,False,,False,,41.79563052805104,SUPPORT,UNAVAILABLE,UNAVAILABLE,CONTRADICT
2026-08-14,ADANIENT,2026-08-14 10:16:02,38.07321390146378,UP,D:\My-data\Share_P&L\Ichart Data\Screenshot\August26\2026-08-14\Daywise_Price_and_OI_Summary_25AUG26_Report_2026-08-14 (5).xlsx,2967.1,135.00304999999997,2967.1,3022.8,2964.5,3018.5,3018.5,1.65,-0.2,-6.22,3.39,-2.77,0.82,624.0,,,,,,,,,,,,,126.3,True,107.55,True,107.55,True,107.55,False,,52.51733201583231,SUPPORT,UNAVAILABLE,UNAVAILABLE,SUPPORT
2026-08-14,ADANIGREEN,2026-08-14 10:16:02,31.710797526557794,UP,D:\My-data\Share_P&L\Ichart Data\Screenshot\August26\2026-08-14\Daywise_Price_and_OI_Summary_25AUG26_Report_2026-08-14 (5).xlsx,1325.0,63.07,1325.0,1345.5,1320.6,1345.0,1345.0,1.66,0.07,1.67,2.38,-1.41,0.74,346.0,,,,,,,,,,,,,64.35,False,,False,,False,,False,,33.29633740288568,SUPPORT,UNAVAILABLE,UNAVAILABLE,SUPPORT
2026-08-14,ADANIPORTS,2026-08-14 09:20:57,22.59457177216324,UP,D:\My-data\Share_P&L\Ichart Data\Screenshot\August26\2026-08-14\Daywise_Price_and_OI_Summary_25AUG26_Report_2026-08-14 (1).xlsx,1656.6,59.306279999999994,1656.6,1670.0,1656.6,1670.0,1670.0,0.69,-0.01,-0.58,1.92,-0.48,0.21,196.0,,,,,,,,,,,,,56.6,True,55.083333333333336,True,55.083333333333336,True,55.083333333333336,False,,59.521521160997096,SUPPORT,UNAVAILABLE,UNAVAILABLE,SUPPORT
2026-08-14,AMBER,2026-08-14 10:16:02,30.921459492888065,UP,D:\My-data\Share_P&L\Ichart Data\Screenshot\August26\2026-08-14\Daywise_Price_and_OI_Summary_25AUG26_Report_2026-08-14 (5).xlsx,7200.0,388.08,7200.0,7346.0,7072.0,7320.0,7320.0,1.47,-0.32,-28.06,-4.17,13.65,8.99,-837.0,,,,,,,,,,,,,325.35,False,,False,,False,,False,,23.57761286332715,SUPPORT,UNAVAILABLE,UNAVAILABLE,CONTRADICT
2026-08-14,ANGELONE,2026-08-14 09:22:58,22.725939827576262,UP,D:\My-data\Share_P&L\Ichart Data\Screenshot\August26\2026-08-14\Daywise_Price_and_OI_Summary_25AUG26_Report_2026-08-14 (2).xlsx,289.0,13.640799999999999,289.0,293.0,289.0,292.1,292.1,0.81,0.06,-0.46,0.0,-0.64,-0.03,76.0,,,,,,,,,,,,,13.55,False,,False,,False,,False,,28.957245909330748,SUPPORT,UNAVAILABLE,UNAVAILABLE,SUPPORT
2026-08-14,APOLLOHOSP,2026-08-14 09:20:57,26.63970076548365,UP,D:\My-data\Share_P&L\Ichart Data\Screenshot\August26\2026-08-14\Daywise_Price_and_OI_Summary_25AUG26_Report_2026-08-14 (1).xlsx,8622.0,275.904,8622.0,8735.0,8622.0,8695.5,8695.5,0.84,-0.34,-1.04,7.14,-3.46,2.62,1173.0,,,,,,,,,,,,,263.5,True,11.45,True,55.083333333333336,True,55.083333333333336,False,,86.98677800974252,SUPPORT,UNAVAILABLE,UNAVAILABLE,SUPPORT
2026-08-14,ASIANPAINT,2026-08-14 09:20:57,25.372829151597532,DOWN,D:\My-data\Share_P&L\Ichart Data\Screenshot\August26\2026-08-14\Daywise_Price_and_OI_Summary_25AUG26_Report_2026-08-14 (1).xlsx,2760.1,87.49517,2760.1,2764.5,2733.5,2737.9,2737.9,-0.45,0.07,2.76,1.52,0.19,0.27,-2.0,,,,,,,,,,,,,82.55,True,162.63333333333333,True,162.63333333333333,True,162.63333333333333,False,,70.97534641055033,SUPPORT,UNAVAILABLE,UNAVAILABLE,SUPPORT
2026-08-14,ASTRAL,2026-08-14 09:33:00,22.998216464845658,DOWN,D:\My-data\Share_P&L\Ichart Data\Screenshot\August26\2026-08-14\Daywise_Price_and_OI_Summary_25AUG26_Report_2026-08-14 (4).xlsx,1590.0,63.91799999999999,1590.0,1597.8,1575.3,1575.3,1575.3,-1.04,-0.77,-3.04,0.0,-3.83,-3.81,-3.0,,,,,,,,,,,,,58.5,False,,False,,False,,False,,33.01104540192107,SUPPORT,UNAVAILABLE,UNAVAILABLE,SUPPORT
2026-08-14,AUBANK,2026-08-14 09:32:24,27.81187663035118,DOWN,D:\My-data\Share_P&L\Ichart Data\Screenshot\August26\2026-08-14\Daywise_Price_and_OI_Summary_25AUG26_Report_2026-08-14 (3).xlsx,1097.6,41.70879999999999,1097.6,1097.6,1085.9,1086.0,1086.0,-0.47,0.24,2.09,0.0,1.68,1.61,-38.0,,,,,,,,,,,,,37.2,False,,False,,False,,False,,38.36120914531227,SUPPORT,UNAVAILABLE,UNAVAILABLE,SUPPORT
2026-08-14,AUROPHARMA,2026-08-14 10:16:02,49.225728668092344,DOWN,D:\My-data\Share_P&L\Ichart Data\Screenshot\August26\2026-08-14\Daywise_Price_and_OI_Summary_25AUG26_Report_2026-08-14 (5).xlsx,1665.9,64.80351,1665.9,1671.0,1627.6,1634.0,1634.0,-1.9,0.27,4.11,-4.29,7.83,3.68,-396.0,,,,,,,,,,,,,62.1,False,,False,,False,,False,,39.65834566677028,SUPPORT,UNAVAILABLE,UNAVAILABLE,SUPPORT
2026-08-14,BAJAJHLDNG,2026-08-14 09:17:07,45.685163235626305,DOWN,D:\My-data\Share_P&L\Ichart Data\Screenshot\August26\2026-08-14\Daywise_Price_and_OI_Summary_25AUG26_Report_2026-08-14.xlsx,11703.0,354.60089999999997,11703.0,11703.0,11365.0,11541.0,11541.0,0.11,0.0,,0.0,0.45,0.33,-1.0,,,,,,,,,,,,,350.0,True,3.8333333333333335,True,3.8333333333333335,True,3.8333333333333335,False,,81.21806797444677,CONTRADICT,UNAVAILABLE,UNAVAILABLE,SUPPORT
2026-08-14,BAJFINANCE,2026-08-14 09:17:07,25.027230715158684,UP,D:\My-data\Share_P&L\Ichart Data\Screenshot\August26\2026-08-14\Daywise_Price_and_OI_Summary_25AUG26_Report_2026-08-14.xlsx,1090.8,36.75996,1090.8,1100.8,1090.8,1100.0,1100.0,0.59,0.04,,0.0,0.03,0.16,29.0,,,,,,,,,,,,,37.1,False,,False,,False,,False,,22.306879550467535,SUPPORT,UNAVAILABLE,UNAVAILABLE,SUPPORT
2026-08-14,BANDHANBNK,2026-08-14 12:03:35,31.228718129590234,DOWN,D:\My-data\Share_P&L\Ichart Data\Screenshot\August26\2026-08-14\Daywise_Price_and_OI_Summary_25AUG26_Report_2026-08-14 (6).xlsx,175.09,5.988078000000001,175.75,175.75,172.26,173.22,173.22,-1.33,-0.14,-12.85,1.92,-0.89,-0.1,124.0,,,,,,,,,,,,,5.0,False,,False,,False,,False,,,SUPPORT,UNAVAILABLE,UNAVAILABLE,CONTRADICT
2026-08-14,BANKNIFTY,2026-08-14 12:03:35,22.04828351584356,DOWN,D:\My-data\Share_P&L\Ichart Data\Screenshot\August26\2026-08-14\Daywise_Price_and_OI_Summary_25AUG26_Report_2026-08-14 (6).xlsx,57821.0,988.7391,57821.0,57878.0,57557.8,57603.0,57603.0,-0.45,2.15,-1.28,-11.63,18.04,4.54,-70964.0,,,,,,,,,,,,,932.25,False,,False,,False,,False,,,SUPPORT,UNAVAILABLE,UNAVAILABLE,SUPPORT
2026-08-14,BDL,2026-08-14 12:03:35,22.666798068394648,DOWN,D:\My-data\Share_P&L\Ichart Data\Screenshot\August26\2026-08-14\Daywise_Price_and_OI_Summary_25AUG26_Report_2026-08-14 (6).xlsx,1390.0,91.32300000000001,1390.0,1394.0,1357.2,1369.3,1369.3,-1.27,4.33,9.03,-19.1,35.02,10.56,-2209.0,,,,,,,,,,,,,94.9,False,,False,,False,,False,,,SUPPORT,UNAVAILABLE,UNAVAILABLE,SUPPORT
2026-08-14,BHARATFORG,2026-08-14 09:32:24,29.39286058392992,DOWN,D:\My-data\Share_P&L\Ichart Data\Screenshot\August26\2026-08-14\Daywise_Price_and_OI_Summary_25AUG26_Report_2026-08-14 (3).xlsx,2097.0,81.9927,2097.0,2097.0,2072.9,2072.9,2072.9,-0.63,0.23,-0.22,0.0,0.14,0.16,-15.0,,,,,,,,,,,,,78.55,False,,False,,False,,False,,32.0760262803886,SUPPORT,UNAVAILABLE,UNAVAILABLE,SUPPORT
2026-08-14,BHARTIARTL,2026-08-14 12:03:35,114.36552436086878,UP,D:\My-data\Share_P&L\Ichart Data\Screenshot\August26\2026-08-14\Daywise_Price_and_OI_Summary_25AUG26_Report_2026-08-14 (6).xlsx,1945.0,49.403,1945.0,2005.0,1938.8,2001.5,2001.5,2.71,0.28,8.74,39.13,-4.38,34.63,8259.0,,,,,,,,,,,,,51.85,False,,False,,False,,False,,,SUPPORT,UNAVAILABLE,UNAVAILABLE,SUPPORT
2026-08-14,BHEL,2026-08-14 09:20:57,38.4136616485781,UP,D:\My-data\Share_P&L\Ichart Data\Screenshot\August26\2026-08-14\Daywise_Price_and_OI_Summary_25AUG26_Report_2026-08-14 (1).xlsx,418.0,20.5656,418.0,426.85,418.0,425.9,425.9,1.55,0.18,3.75,0.0,0.33,1.23,54.0,,,,,,,,,,,,,21.55,True,2.0166666666666666,False,,False,,False,,42.06052826078489,SUPPORT,UNAVAILABLE,UNAVAILABLE,SUPPORT
2026-08-14,BLUESTARCO,2026-08-14 09:32:24,33.81394430179749,DOWN,D:\My-data\Share_P&L\Ichart Data\Screenshot\August26\2026-08-14\Daywise_Price_and_OI_Summary_25AUG26_Report_2026-08-14 (3).xlsx,1525.0,63.28750000000001,1525.0,1529.0,1503.6,1503.6,1503.6,-1.1,0.04,1.85,-2.5,1.04,-0.93,-165.0,,,,,,,,,,,,,63.65,False,,False,,False,,False,,35.07801698597676,SUPPORT,UNAVAILABLE,UNAVAILABLE,SUPPORT
2026-08-14,BOSCHLTD,2026-08-14 09:20:57,25.17808370775974,UP,D:\My-data\Share_P&L\Ichart Data\Screenshot\August26\2026-08-14\Daywise_Price_and_OI_Summary_25AUG26_Report_2026-08-14 (1).xlsx,46535.0,1707.8345,46535.0,47015.0,46535.0,46965.0,46965.0,0.14,0.05,9.67,0.0,-0.07,0.26,68.0,,,,,,,,,,,,,1678.65,False,,False,,False,,False,,27.2274626142053,SUPPORT,UNAVAILABLE,UNAVAILABLE,SUPPORT
2026-08-14,BRITANNIA,2026-08-14 12:03:35,30.234598666872387,DOWN,D:\My-data\Share_P&L\Ichart Data\Screenshot\August26\2026-08-14\Daywise_Price_and_OI_Summary_25AUG26_Report_2026-08-14 (6).xlsx,5628.5,160.41225,5628.5,5628.5,5571.5,5580.0,5580.0,-0.58,0.83,-2.32,1.67,0.41,1.16,32.0,,,,,,,,,,,,,153.05,False,,False,,False,,False,,,SUPPORT,UNAVAILABLE,UNAVAILABLE,CONTRADICT
2026-08-14,BSE,2026-08-14 12:03:35,27.765503286820188,DOWN,D:\My-data\Share_P&L\Ichart Data\Screenshot\August26\2026-08-14\Daywise_Price_and_OI_Summary_25AUG26_Report_2026-08-14 (6).xlsx,3502.1,190.16403,3502.1,3510.1,3438.0,3449.3,3449.3,-1.98,5.82,-1.38,-4.26,5.88,0.16,-3775.0,,,,,,,,,,,,,185.65,False,,False,,False,,False,,,SUPPORT,UNAVAILABLE,UNAVAILABLE,SUPPORT
2026-08-14,CAMS,2026-08-14 09:20:57,34.18879648004051,DOWN,D:\My-data\Share_P&L\Ichart Data\Screenshot\August26\2026-08-14\Daywise_Price_and_OI_Summary_25AUG26_Report_2026-08-14 (1).xlsx,782.25,30.273075,775.45,776.35,771.9,771.9,771.9,-0.32,-0.01,2.75,0.0,0.39,0.19,-25.0,,,,,,,,,,,,,28.45,True,11.45,True,162.63333333333333,True,162.63333333333333,False,,55.329694786538866,SUPPORT,UNAVAILABLE,UNAVAILABLE,SUPPORT
2026-08-14,CANBK,2026-08-14 12:03:35,29.483672048349263,DOWN,D:\My-data\Share_P&L\Ichart Data\Screenshot\August26\2026-08-14\Daywise_Price_and_OI_Summary_25AUG26_Report_2026-08-14 (6).xlsx,132.34,5.6641520000000005,132.34,132.34,126.8,130.67,130.67,-0.75,-0.13,-3.37,-1.37,0.87,0.1,-103.0,,,,,,,,,,,,,5.08,False,,False,,False,,False,,,SUPPORT,UNAVAILABLE,UNAVAILABLE,SUPPORT
2026-08-14,CDSL,2026-08-14 09:33:00,23.38012780376238,DOWN,D:\My-data\Share_P&L\Ichart Data\Screenshot\August26\2026-08-14\Daywise_Price_and_OI_Summary_25AUG26_Report_2026-08-14 (4).xlsx,1359.4,52.60878,1359.4,1362.9,1347.1,1347.1,1347.1,-0.71,-0.09,0.99,1.69,0.05,0.97,83.0,,,,,,,,,,,,,52.15,False,,False,,False,,False,,25.47103354231003,SUPPORT,UNAVAILABLE,UNAVAILABLE,CONTRADICT
2026-08-14,CIPLA,2026-08-14 09:32:24,23.143621759538608,UP,D:\My-data\Share_P&L\Ichart Data\Screenshot\August26\2026-08-14\Daywise_Price_and_OI_Summary_25AUG26_Report_2026-08-14 (3).xlsx,1465.2,42.34428,1465.2,1476.0,1457.9,1475.0,1475.0,0.58,0.83,2.28,0.0,-0.05,0.01,7.0,,,,,,,,,,,,,42.05,False,,False,,False,,False,,31.881519770793126,SUPPORT,UNAVAILABLE,UNAVAILABLE,SUPPORT
2026-08-14,COCHINSHIP,2026-08-14 12:03:35,27.040637589770583,DOWN,D:\My-data\Share_P&L\Ichart Data\Screenshot\August26\2026-08-14\Daywise_Price_and_OI_Summary_25AUG26_Report_2026-08-14 (6).xlsx,1522.4,91.34400000000001,1522.4,1528.6,1487.3,1497.7,1497.7,-1.21,-0.74,1.98,-10.67,10.74,-0.27,-763.0,,,,,,,,,,,,,87.0,False,,False,,False,,False,,,SUPPORT,UNAVAILABLE,UNAVAILABLE,SUPPORT
2026-08-14,COFORGE,2026-08-14 12:03:35,24.69065410379017,DOWN,D:\My-data\Share_P&L\Ichart Data\Screenshot\August26\2026-08-14\Daywise_Price_and_OI_Summary_25AUG26_Report_2026-08-14 (6).xlsx,1835.8,78.57224000000001,1835.8,1838.0,1809.2,1816.4,1816.4,-0.94,-0.01,-3.6,-2.59,1.05,-1.55,-429.0,,,,,,,,,,,,,71.6,False,,False,,False,,False,,,SUPPORT,UNAVAILABLE,UNAVAILABLE,SUPPORT
2026-08-14,CONCOR,2026-08-14 12:03:35,22.342208154906075,DOWN,D:\My-data\Share_P&L\Ichart Data\Screenshot\August26\2026-08-14\Daywise_Price_and_OI_Summary_25AUG26_Report_2026-08-14 (6).xlsx,537.1,22.82675,537.1,544.65,531.45,532.0,532.0,-1.23,0.45,-7.84,-15.25,18.45,-0.7,-1361.0,,,,,,,,,,,,,21.4,False,,False,,False,,False,,,SUPPORT,UNAVAILABLE,UNAVAILABLE,SUPPORT
2026-08-14,CUMMINSIND,2026-08-14 09:20:57,33.78007696777838,UP,D:\My-data\Share_P&L\Ichart Data\Screenshot\August26\2026-08-14\Daywise_Price_and_OI_Summary_25AUG26_Report_2026-08-14 (1).xlsx,5349.5,196.8616,5349.5,5418.0,5349.5,5416.0,5416.0,1.24,-0.1,5.01,1.25,-0.34,0.75,93.0,,,,,,,,,,,,,203.85,False,,False,,False,,False,,37.84384562555623,SUPPORT,UNAVAILABLE,UNAVAILABLE,SUPPORT
2026-08-14,DALBHARAT,2026-08-14 09:32:24,23.702538652134173,DOWN,D:\My-data\Share_P&L\Ichart Data\Screenshot\August26\2026-08-14\Daywise_Price_and_OI_Summary_25AUG26_Report_2026-08-14 (3).xlsx,1844.9,54.42455000000001,1844.9,1844.9,1826.6,1832.0,1832.0,0.05,-0.06,-3.41,2.08,-1.16,0.52,40.0,,,,,,,,,,,,,62.9,False,,False,,False,,False,,23.702538652134173,CONTRADICT,UNAVAILABLE,UNAVAILABLE,CONTRADICT
2026-08-14,DELHIVERY,2026-08-14 12:03:35,29.11062035735802,DOWN,D:\My-data\Share_P&L\Ichart Data\Screenshot\August26\2026-08-14\Daywise_Price_and_OI_Summary_25AUG26_Report_2026-08-14 (6).xlsx,468.8,19.924,468.8,471.3,463.0,463.0,463.0,-1.61,-2.05,-1.06,-1.67,-1.16,-1.99,-2.0,,,,,,,,,,,,,18.25,False,,False,,False,,False,,,SUPPORT,UNAVAILABLE,UNAVAILABLE,SUPPORT
2026-08-14,DLF,2026-08-14 09:33:00,24.56419032334678,DOWN,D:\My-data\Share_P&L\Ichart Data\Screenshot\August26\2026-08-14\Daywise_Price_and_OI_Summary_25AUG26_Report_2026-08-14 (4).xlsx,669.2,29.31096,669.2,670.5,661.7,662.0,662.0,-0.65,0.1,-0.36,0.0,0.85,1.22,-10.0,,,,,,,,,,,,,28.05,False,,False,,False,,False,,9.552740681301698,SUPPORT,UNAVAILABLE,UNAVAILABLE,SUPPORT
2026-08-14,ETERNAL,2026-08-14 10:16:02,34.43603506486675,UP,D:\My-data\Share_P&L\Ichart Data\Screenshot\August26\2026-08-14\Daywise_Price_and_OI_Summary_25AUG26_Report_2026-08-14 (5).xlsx,318.05,13.358100000000002,318.05,324.95,318.05,322.65,322.65,1.16,0.96,-0.31,8.2,-1.96,6.79,1755.0,,,,,,,,,,,,,13.1,False,,False,,False,,False,,2.6201331027613644,SUPPORT,UNAVAILABLE,UNAVAILABLE,SUPPORT
2026-08-14,GODFRYPHLP,2026-08-14 09:17:07,23.33526193351388,DOWN,D:\My-data\Share_P&L\Ichart Data\Screenshot\August26\2026-08-14\Daywise_Price_and_OI_Summary_25AUG26_Report_2026-08-14.xlsx,2192.3,104.13425000000001,2192.3,2198.0,2163.4,2168.0,2168.0,-0.02,0.0,,0.0,-0.03,-0.06,0.0,,,,,,,,,,,,,103.0,False,,False,,False,,False,,38.02783426202269,SUPPORT,UNAVAILABLE,UNAVAILABLE,NEUTRAL
2026-08-14,GODREJCP,2026-08-14 10:16:02,24.540215623018106,DOWN,D:\My-data\Share_P&L\Ichart Data\Screenshot\August26\2026-08-14\Daywise_Price_and_OI_Summary_25AUG26_Report_2026-08-14 (5).xlsx,942.0,36.267,942.0,944.3,932.9,933.1,933.1,-0.64,0.34,-2.22,2.04,-2.24,-0.8,530.0,,,,,,,,,,,,,35.0,False,,False,,False,,False,,12.132241431604426,SUPPORT,UNAVAILABLE,UNAVAILABLE,CONTRADICT
2026-08-14,GODREJPROP,2026-08-14 09:33:00,26.485466835781274,DOWN,D:\My-data\Share_P&L\Ichart Data\Screenshot\August26\2026-08-14\Daywise_Price_and_OI_Summary_25AUG26_Report_2026-08-14 (4).xlsx,2027.5,84.95225,2027.5,2038.9,2005.0,2005.0,2005.0,-1.27,0.02,6.63,-1.82,1.1,-0.14,-136.0,,,,,,,,,,,,,85.05,False,,False,,False,,False,,28.015738252959693,SUPPORT,UNAVAILABLE,UNAVAILABLE,SUPPORT
2026-08-14,GRASIM,2026-08-14 09:32:24,27.477137459388594,DOWN,D:\My-data\Share_P&L\Ichart Data\Screenshot\August26\2026-08-14\Daywise_Price_and_OI_Summary_25AUG26_Report_2026-08-14 (3).xlsx,3267.8,108.81774000000001,3267.8,3267.8,3236.1,3237.9,3237.9,-0.51,0.04,-4.78,-2.17,0.93,-0.25,-300.0,,,,,,,,,,,,,107.1,False,,False,,False,,False,,26.28247930898065,SUPPORT,UNAVAILABLE,UNAVAILABLE,SUPPORT
2026-08-14,HCLTECH,2026-08-14 12:03:35,22.58337702141397,DOWN,D:\My-data\Share_P&L\Ichart Data\Screenshot\August26\2026-08-14\Daywise_Price_and_OI_Summary_25AUG26_Report_2026-08-14 (6).xlsx,1370.0,49.59400000000001,1370.0,1376.0,1348.3,1358.8,1358.8,-0.79,-0.17,0.71,-3.85,1.23,-2.48,-519.0,,,,,,,,,,,,,48.4,False,,False,,False,,False,,,SUPPORT,UNAVAILABLE,UNAVAILABLE,SUPPORT
2026-08-14,HDFCAMC,2026-08-14 09:17:07,33.417949156578146,UP,D:\My-data\Share_P&L\Ichart Data\Screenshot\August26\2026-08-14\Daywise_Price_and_OI_Summary_25AUG26_Report_2026-08-14.xlsx,2475.1,93.06375999999999,2475.1,2514.2,2475.1,2506.2,2506.2,0.26,0.0,,0.0,0.48,0.02,-41.0,,,,,,,,,,,,,94.25,False,,False,,False,,False,,32.12851060391294,SUPPORT,UNAVAILABLE,UNAVAILABLE,CONTRADICT
2026-08-14,HINDUNILVR,2026-08-14 12:03:35,23.22322942228346,DOWN,D:\My-data\Share_P&L\Ichart Data\Screenshot\August26\2026-08-14\Daywise_Price_and_OI_Summary_25AUG26_Report_2026-08-14 (6).xlsx,2092.0,51.67240000000001,2092.0,2095.1,2076.1,2080.0,2080.0,-0.55,0.44,-1.46,0.0,-0.19,-0.43,-12.0,,,,,,,,,,,,,49.75,False,,False,,False,,False,,,SUPPORT,UNAVAILABLE,UNAVAILABLE,SUPPORT
2026-08-14,HINDZINC,2026-08-14 09:17:07,23.057651284032715,DOWN,D:\My-data\Share_P&L\Ichart Data\Screenshot\August26\2026-08-14\Daywise_Price_and_OI_Summary_25AUG26_Report_2026-08-14.xlsx,574.3,25.154339999999998,574.3,574.75,568.1,568.5,568.5,-1.5,0.05,,0.0,0.26,0.03,-53.0,,,,,,,,,,,,,24.9,True,15.283333333333333,True,15.883333333333333,True,15.883333333333333,False,,58.04167392187555,SUPPORT,UNAVAILABLE,UNAVAILABLE,SUPPORT
2026-08-14,HYUNDAI,2026-08-14 09:17:07,26.922906611167907,DOWN,D:\My-data\Share_P&L\Ichart Data\Screenshot\August26\2026-08-14\Daywise_Price_and_OI_Summary_25AUG26_Report_2026-08-14.xlsx,2258.3,84.68625,2258.3,2258.3,2235.5,2235.5,2235.5,-0.18,0.01,,0.0,0.15,0.1,-4.0,,,,,,,,,,,,,83.9,True,166.46666666666667,True,166.46666666666667,False,,False,,46.76083779834432,SUPPORT,UNAVAILABLE,UNAVAILABLE,SUPPORT
2026-08-14,ICICIBANK,2026-08-14 10:16:02,30.896026520480884,UP,D:\My-data\Share_P&L\Ichart Data\Screenshot\August26\2026-08-14\Daywise_Price_and_OI_Summary_25AUG26_Report_2026-08-14 (5).xlsx,1408.9,35.926950000000005,1408.9,1420.5,1406.0,1420.0,1420.0,0.29,-0.21,-2.29,0.0,0.74,0.62,-162.0,,,,,,,,,,,,,34.8,False,,False,,False,,False,,11.133703250623833,SUPPORT,UNAVAILABLE,UNAVAILABLE,CONTRADICT
2026-08-14,ICICIPRULI,2026-08-14 09:22:58,25.870254792611558,DOWN,D:\My-data\Share_P&L\Ichart Data\Screenshot\August26\2026-08-14\Daywise_Price_and_OI_Summary_25AUG26_Report_2026-08-14 (2).xlsx,507.7,17.00795,507.7,507.8,503.3,503.3,503.3,-0.74,0.08,-2.09,1.59,0.2,0.57,9.0,,,,,,,,,,,,,16.85,False,,False,,False,,False,,34.10169949935184,SUPPORT,UNAVAILABLE,UNAVAILABLE,CONTRADICT
2026-08-14,IDEA,2026-08-14 10:16:02,52.23368654912939,UP,D:\My-data\Share_P&L\Ichart Data\Screenshot\August26\2026-08-14\Daywise_Price_and_OI_Summary_25AUG26_Report_2026-08-14 (5).xlsx,13.61,0.861513,13.61,14.08,13.51,14.06,14.06,3.69,0.04,-11.66,1.85,-1.0,0.24,214.0,,,,,,,,,,,,,0.71,True,107.55,True,107.55,True,107.55,False,,56.87668090905189,SUPPORT,UNAVAILABLE,UNAVAILABLE,SUPPORT
2026-08-14,IDFCFIRSTB,2026-08-14 12:03:35,31.52344859599398,DOWN,D:\My-data\Share_P&L\Ichart Data\Screenshot\August26\2026-08-14\Daywise_Price_and_OI_Summary_25AUG26_Report_2026-08-14 (6).xlsx,86.95,2.8867399999999996,86.95,86.99,86.0,86.04,86.04,-1.04,-0.18,-1.06,4.0,1.61,4.35,229.0,,,,,,,,,,,,,2.8,False,,False,,False,,False,,,SUPPORT,UNAVAILABLE,UNAVAILABLE,CONTRADICT
2026-08-14,INDHOTEL,2026-08-14 09:33:00,22.573488417457718,DOWN,D:\My-data\Share_P&L\Ichart Data\Screenshot\August26\2026-08-14\Daywise_Price_and_OI_Summary_25AUG26_Report_2026-08-14 (4).xlsx,726.9,23.478869999999997,726.9,726.9,721.6,721.6,721.6,-0.48,-0.02,-0.18,-1.56,0.7,-1.18,-81.0,,,,,,,,,,,,,22.2,False,,False,,False,,False,,33.86023262618658,SUPPORT,UNAVAILABLE,UNAVAILABLE,SUPPORT
2026-08-14,INDIGO,2026-08-14 09:20:57,22.418058132343848,DOWN,D:\My-data\Share_P&L\Ichart Data\Screenshot\August26\2026-08-14\Daywise_Price_and_OI_Summary_25AUG26_Report_2026-08-14 (1).xlsx,5390.0,194.04,5390.0,5390.0,5341.0,5346.5,5346.5,-0.28,0.0,0.12,0.0,0.59,0.27,-96.0,,,,,,,,,,,,,190.15,False,,False,,False,,False,,27.57163471449186,SUPPORT,UNAVAILABLE,UNAVAILABLE,SUPPORT
2026-08-14,INDUSTOWER,2026-08-14 09:20:57,23.071890362377086,DOWN,D:\My-data\Share_P&L\Ichart Data\Screenshot\August26\2026-08-14\Daywise_Price_and_OI_Summary_25AUG26_Report_2026-08-14 (1).xlsx,384.05,12.135980000000002,384.05,384.05,381.25,381.25,381.25,-0.73,0.04,1.24,-3.12,3.74,0.97,-453.0,,,,,,,,,,,,,11.35,False,,False,,False,,False,,30.07585707952697,SUPPORT,UNAVAILABLE,UNAVAILABLE,SUPPORT
2026-08-14,IRFC,2026-08-14 09:33:00,24.271423865744048,DOWN,D:\My-data\Share_P&L\Ichart Data\Screenshot\August26\2026-08-14\Daywise_Price_and_OI_Summary_25AUG26_Report_2026-08-14 (4).xlsx,88.74,3.4608599999999994,88.74,88.76,87.9,87.9,87.9,-0.95,0.05,3.83,-1.67,1.57,-0.26,-258.0,,,,,,,,,,,,,3.45,False,,False,,False,,False,,28.605606698912844,SUPPORT,UNAVAILABLE,UNAVAILABLE,SUPPORT
2026-08-14,ITC,2026-08-14 09:32:24,24.37957903544966,DOWN,D:\My-data\Share_P&L\Ichart Data\Screenshot\August26\2026-08-14\Daywise_Price_and_OI_Summary_25AUG26_Report_2026-08-14 (3).xlsx,278.85,6.35778,278.85,278.9,277.15,277.3,277.3,-0.48,0.13,2.39,0.0,0.89,0.69,-402.0,,,,,,,,,,,,,6.5,False,,False,,False,,False,,25.16601706885144,SUPPORT,UNAVAILABLE,UNAVAILABLE,SUPPORT
2026-08-14,JIOFIN,2026-08-14 12:03:35,30.623527250104054,DOWN,D:\My-data\Share_P&L\Ichart Data\Screenshot\August26\2026-08-14\Daywise_Price_and_OI_Summary_25AUG26_Report_2026-08-14 (6).xlsx,254.8,12.40876,254.8,255.0,250.75,251.0,251.0,-1.7,2.36,-9.21,0.0,1.71,1.12,-656.0,,,,,,,,,,,,,10.75,False,,False,,False,,False,,,SUPPORT,UNAVAILABLE,UNAVAILABLE,SUPPORT
2026-08-14,JSWSTEEL,2026-08-14 09:17:07,22.9707538317169,DOWN,D:\My-data\Share_P&L\Ichart Data\Screenshot\August26\2026-08-14\Daywise_Price_and_OI_Summary_25AUG26_Report_2026-08-14.xlsx,1278.8,40.9216,1278.8,1278.8,1269.4,1269.4,1269.4,-0.56,0.01,,0.0,0.06,0.1,1.0,,,,,,,,,,,,,40.55,False,,False,,False,,False,,30.546215201751643,SUPPORT,UNAVAILABLE,UNAVAILABLE,CONTRADICT
2026-08-14,JUBLFOOD,2026-08-14 09:17:07,25.784714821054077,UP,D:\My-data\Share_P&L\Ichart Data\Screenshot\August26\2026-08-14\Daywise_Price_and_OI_Summary_25AUG26_Report_2026-08-14.xlsx,493.0,34.9044,493.0,508.55,490.95,502.0,502.0,2.5,0.37,,1.3,-0.79,1.03,202.0,,,,,,,,,,,,,35.7,True,3.8333333333333335,True,3.8333333333333335,True,3.8333333333333335,False,,67.75650061310316,SUPPORT,UNAVAILABLE,UNAVAILABLE,SUPPORT
2026-08-14,KAYNES,2026-08-14 12:03:35,27.20106034678879,DOWN,D:\My-data\Share_P&L\Ichart Data\Screenshot\August26\2026-08-14\Daywise_Price_and_OI_Summary_25AUG26_Report_2026-08-14 (6).xlsx,3756.0,242.6376,3756.0,3787.6,3679.6,3690.0,3690.0,-2.14,1.14,1.15,-5.19,4.48,-0.85,-670.0,,,,,,,,,,,,,232.05,False,,False,,False,,False,,,SUPPORT,UNAVAILABLE,UNAVAILABLE,SUPPORT
2026-08-14,KFINTECH,2026-08-14 12:03:35,32.06793482170263,DOWN,D:\My-data\Share_P&L\Ichart Data\Screenshot\August26\2026-08-14\Daywise_Price_and_OI_Summary_25AUG26_Report_2026-08-14 (6).xlsx,931.05,45.528345,931.05,934.8,912.8,916.45,916.45,-1.48,1.42,-2.33,-2.04,2.56,-0.99,-163.0,,,,,,,,,,,,,41.9,False,,False,,False,,False,,,SUPPORT,UNAVAILABLE,UNAVAILABLE,SUPPORT
2026-08-14,KPITTECH,2026-08-14 12:03:35,26.586110751090857,DOWN,D:\My-data\Share_P&L\Ichart Data\Screenshot\August26\2026-08-14\Daywise_Price_and_OI_Summary_25AUG26_Report_2026-08-14 (6).xlsx,623.0,30.0909,623.0,625.65,613.0,615.0,615.0,-0.92,0.02,-1.5,2.08,-3.68,-0.37,620.0,,,,,,,,,,,,,27.35,False,,False,,False,,False,,,SUPPORT,UNAVAILABLE,UNAVAILABLE,CONTRADICT
2026-08-14,LAURUSLABS,2026-08-14 12:03:35,26.201992127756846,DOWN,D:\My-data\Share_P&L\Ichart Data\Screenshot\August26\2026-08-14\Daywise_Price_and_OI_Summary_25AUG26_Report_2026-08-14 (6).xlsx,1840.1,72.13192,1840.1,1850.1,1817.2,1821.2,1821.2,-1.29,0.38,-1.06,-4.76,2.14,-2.37,-616.0,,,,,,,,,,,,,66.25,False,,False,,False,,False,,,SUPPORT,UNAVAILABLE,UNAVAILABLE,SUPPORT
2026-08-14,LICI,2026-08-14 09:17:07,24.312284848683202,DOWN,D:\My-data\Share_P&L\Ichart Data\Screenshot\August26\2026-08-14\Daywise_Price_and_OI_Summary_25AUG26_Report_2026-08-14.xlsx,414.7,10.077210000000001,414.7,417.25,409.9,412.25,412.25,0.07,6.98,,0.0,0.02,0.21,23.0,,,,,,,,,,,,,10.0,True,3.8333333333333335,True,3.8333333333333335,True,5.85,False,,50.60924601154452,CONTRADICT,UNAVAILABLE,UNAVAILABLE,CONTRADICT
2026-08-14,LODHA,2026-08-14 09:32:24,22.787017344552837,DOWN,D:\My-data\Share_P&L\Ichart Data\Screenshot\August26\2026-08-14\Daywise_Price_and_OI_Summary_25AUG26_Report_2026-08-14 (3).xlsx,1241.0,60.5608,1241.0,1243.0,1227.1,1227.2,1227.2,-0.84,0.21,4.36,-2.7,4.06,0.35,-323.0,,,,,,,,,,,,,58.05,False,,False,,False,,False,,24.768497113644468,SUPPORT,UNAVAILABLE,UNAVAILABLE,SUPPORT
2026-08-14,LTF,2026-08-14 12:03:35,26.423386087391947,DOWN,D:\My-data\Share_P&L\Ichart Data\Screenshot\August26\2026-08-14\Daywise_Price_and_OI_Summary_25AUG26_Report_2026-08-14 (6).xlsx,314.0,14.381200000000002,314.0,316.0,309.35,310.2,310.2,-1.68,0.91,-0.41,0.0,-0.11,-0.19,-4.0,,,,,,,,,,,,,13.55,False,,False,,False,,False,,,SUPPORT,UNAVAILABLE,UNAVAILABLE,SUPPORT
2026-08-14,LTM,2026-08-14 09:17:07,32.97496188290289,UP,D:\My-data\Share_P&L\Ichart Data\Screenshot\August26\2026-08-14\Daywise_Price_and_OI_Summary_25AUG26_Report_2026-08-14.xlsx,4712.2,214.40509999999998,4712.2,4782.9,4712.2,4782.9,4782.9,-0.21,0.0,,0.0,0.02,0.14,6.0,,,,,,,,,,,,,217.6,False,,False,,False,,False,,38.3386402655533,CONTRADICT,UNAVAILABLE,UNAVAILABLE,SUPPORT
2026-08-14,LUPIN,2026-08-14 10:16:02,27.826334731884916,DOWN,D:\My-data\Share_P&L\Ichart Data\Screenshot\August26\2026-08-14\Daywise_Price_and_OI_Summary_25AUG26_Report_2026-08-14 (5).xlsx,2260.2,71.87436,2260.2,2266.1,2238.3,2240.2,2240.2,-0.99,0.21,2.05,-1.96,2.22,-0.21,-470.0,,,,,,,,,,,,,70.35,False,,False,,False,,False,,9.0435587878626,SUPPORT,UNAVAILABLE,UNAVAILABLE,SUPPORT
2026-08-14,M&M,2026-08-14 09:32:24,24.65661069493386,DOWN,D:\My-data\Share_P&L\Ichart Data\Screenshot\August26\2026-08-14\Daywise_Price_and_OI_Summary_25AUG26_Report_2026-08-14 (3).xlsx,3428.8,108.69296,3428.8,3428.8,3398.0,3402.0,3402.0,-0.65,0.02,5.23,0.0,0.81,0.69,-99.0,,,,,,,,,,,,,109.55,False,,False,,False,,False,,30.820763368667116,SUPPORT,UNAVAILABLE,UNAVAILABLE,SUPPORT
2026-08-14,MANAPPURAM,2026-08-14 09:20:57,24.461675763835135,DOWN,D:\My-data\Share_P&L\Ichart Data\Screenshot\August26\2026-08-14\Daywise_Price_and_OI_Summary_25AUG26_Report_2026-08-14 (1).xlsx,353.7,19.41813,348.95,348.95,348.95,348.95,348.95,-0.04,0.0,0.11,0.0,0.27,0.11,-25.0,,,,,,,,,,,,,19.3,False,,False,,False,,False,,38.88118989830643,SUPPORT,UNAVAILABLE,UNAVAILABLE,SUPPORT
2026-08-14,MANKIND,2026-08-14 09:17:07,24.94050887790612,UP,D:\My-data\Share_P&L\Ichart Data\Screenshot\August26\2026-08-14\Daywise_Price_and_OI_Summary_25AUG26_Report_2026-08-14.xlsx,2428.0,87.40800000000002,2428.0,2459.4,2428.0,2449.8,2449.8,1.77,0.12,,0.0,-0.33,0.06,36.0,,,,,,,,,,,,,88.15,False,,False,,False,,False,,32.148087131612556,SUPPORT,UNAVAILABLE,UNAVAILABLE,SUPPORT
2026-08-14,MAXHEALTH,2026-08-14 09:17:07,25.669683422382043,DOWN,D:\My-data\Share_P&L\Ichart Data\Screenshot\August26\2026-08-14\Daywise_Price_and_OI_Summary_25AUG26_Report_2026-08-14.xlsx,1019.0,44.0208,1019.0,1019.0,1005.0,1007.7,1007.7,-0.68,0.03,,0.0,0.31,0.26,-17.0,,,,,,,,,,,,,43.5,True,3.8333333333333335,True,3.8333333333333335,True,3.8333333333333335,False,,62.470468505797264,SUPPORT,UNAVAILABLE,UNAVAILABLE,SUPPORT
2026-08-14,MFSL,2026-08-14 09:20:57,35.724747961903134,DOWN,D:\My-data\Share_P&L\Ichart Data\Screenshot\August26\2026-08-14\Daywise_Price_and_OI_Summary_25AUG26_Report_2026-08-14 (1).xlsx,1555.1,82.57580999999999,1555.1,1577.7,1520.9,1525.6,1525.6,0.44,2.02,-4.26,-20.63,38.04,11.35,-1597.0,,,,,,,,,,,,,80.35,True,11.45,False,,False,,False,,41.41648746769765,CONTRADICT,UNAVAILABLE,UNAVAILABLE,SUPPORT
2026-08-14,MIDCPNIFTY,2026-08-14 09:32:24,33.89531542076185,DOWN,D:\My-data\Share_P&L\Ichart Data\Screenshot\August26\2026-08-14\Daywise_Price_and_OI_Summary_25AUG26_Report_2026-08-14 (3).xlsx,15118.0,267.5886,15118.0,15118.0,15025.3,15027.3,15027.3,-0.32,0.14,4.77,-3.77,2.01,-1.04,-1636.0,,,,,,,,,,,,,260.15,True,151.18333333333334,False,,False,,False,,41.03313818301649,SUPPORT,UNAVAILABLE,UNAVAILABLE,SUPPORT
2026-08-14,MOTHERSON,2026-08-14 09:32:24,23.992175203138384,DOWN,D:\My-data\Share_P&L\Ichart Data\Screenshot\August26\2026-08-14\Daywise_Price_and_OI_Summary_25AUG26_Report_2026-08-14 (3).xlsx,169.48,7.169004,169.48,169.48,167.3,167.76,167.76,-0.29,-0.01,-0.1,0.0,-0.15,0.01,16.0,,,,,,,,,,,,,6.98,False,,False,,False,,False,,23.992175203138384,SUPPORT,UNAVAILABLE,UNAVAILABLE,CONTRADICT
2026-08-14,MOTILALOFS,2026-08-14 12:03:35,24.910586303352613,DOWN,D:\My-data\Share_P&L\Ichart Data\Screenshot\August26\2026-08-14\Daywise_Price_and_OI_Summary_25AUG26_Report_2026-08-14 (6).xlsx,905.0,35.92850000000001,905.0,905.25,895.0,896.05,896.05,-0.75,0.88,1.24,0.0,0.17,0.67,6.0,,,,,,,,,,,,,35.0,False,,False,,False,,False,,,SUPPORT,UNAVAILABLE,UNAVAILABLE,CONTRADICT
2026-08-14,MUTHOOTFIN,2026-08-14 12:03:35,24.067710492184677,DOWN,D:\My-data\Share_P&L\Ichart Data\Screenshot\August26\2026-08-14\Daywise_Price_and_OI_Summary_25AUG26_Report_2026-08-14 (6).xlsx,2876.5,112.18350000000001,2876.5,2879.9,2846.8,2849.5,2849.5,-1.14,0.37,,2.17,-0.05,1.59,172.0,,,,,,,,,,,,,115.25,False,,False,,False,,False,,,SUPPORT,UNAVAILABLE,UNAVAILABLE,CONTRADICT
2026-08-14,NAM-INDIA,2026-08-14 09:20:57,22.155316548736344,DOWN,D:\My-data\Share_P&L\Ichart Data\Screenshot\August26\2026-08-14\Daywise_Price_and_OI_Summary_25AUG26_Report_2026-08-14 (1).xlsx,1180.2,59.12802,1173.4,1173.4,1163.8,1167.1,1167.1,-0.49,0.01,5.5,0.0,0.08,0.35,2.0,,,,,,,,,,,,,58.6,False,,False,,False,,False,,29.935046023864903,SUPPORT,UNAVAILABLE,UNAVAILABLE,CONTRADICT
2026-08-14,NATIONALUM,2026-08-14 09:17:07,29.515503017960125,UP,D:\My-data\Share_P&L\Ichart Data\Screenshot\August26\2026-08-14\Daywise_Price_and_OI_Summary_25AUG26_Report_2026-08-14.xlsx,376.45,19.311885,376.45,385.0,376.45,382.15,382.15,-4.7,0.74,,0.0,-0.16,-0.06,20.0,,,,,,,,,,,,,19.6,False,,False,,False,,False,,31.84567430885195,CONTRADICT,UNAVAILABLE,UNAVAILABLE,SUPPORT
2026-08-14,NAUKRI,2026-08-14 09:32:24,27.757987360862828,DOWN,D:\My-data\Share_P&L\Ichart Data\Screenshot\August26\2026-08-14\Daywise_Price_and_OI_Summary_25AUG26_Report_2026-08-14 (3).xlsx,1361.6,51.87696,1361.6,1365.9,1347.2,1347.2,1347.2,-0.91,0.06,3.26,-1.39,0.72,0.02,-64.0,,,,,,,,,,,,,53.15,False,,False,,False,,False,,36.43235841113254,SUPPORT,UNAVAILABLE,UNAVAILABLE,SUPPORT
2026-08-14,NBCC,2026-08-14 09:32:24,33.08538574552033,DOWN,D:\My-data\Share_P&L\Ichart Data\Screenshot\August26\2026-08-14\Daywise_Price_and_OI_Summary_25AUG26_Report_2026-08-14 (3).xlsx,92.75,4.322150000000001,92.44,92.49,91.32,91.32,91.32,-1.02,0.11,1.37,2.44,-1.92,0.0,,,,,,,,,,,,,,4.28,True,0.6,True,151.18333333333334,True,151.18333333333334,False,,63.625741818308015,SUPPORT,UNAVAILABLE,UNAVAILABLE,UNAVAILABLE
2026-08-14,NHPC,2026-08-14 09:17:07,40.96633529057442,UP,D:\My-data\Share_P&L\Ichart Data\Screenshot\August26\2026-08-14\Daywise_Price_and_OI_Summary_25AUG26_Report_2026-08-14.xlsx,76.49,2.807183,76.49,77.85,76.09,77.64,77.64,0.01,0.2,,0.0,-0.19,0.07,20.0,,,,,,,,,,,,,2.85,True,3.8333333333333335,True,5.85,True,5.85,False,,50.584518358796046,SUPPORT,UNAVAILABLE,UNAVAILABLE,SUPPORT
2026-08-14,NIFTY,2026-08-14 09:20:57,28.9381210824832,DOWN,D:\My-data\Share_P&L\Ichart Data\Screenshot\August26\2026-08-14\Daywise_Price_and_OI_Summary_25AUG26_Report_2026-08-14 (1).xlsx,24452.0,193.1708,24452.0,24452.0,24390.0,24396.1,24396.1,-0.29,0.37,2.12,-0.99,1.32,0.89,-4491.0,,,,,,,,,,,,,190.9,False,,False,,False,,False,,39.86109701880408,SUPPORT,UNAVAILABLE,UNAVAILABLE,SUPPORT
2026-08-14,NMDC,2026-08-14 09:32:24,24.659445800713865,DOWN,D:\My-data\Share_P&L\Ichart Data\Screenshot\August26\2026-08-14\Daywise_Price_and_OI_Summary_25AUG26_Report_2026-08-14 (3).xlsx,85.11,4.1363460000000005,85.11,85.11,84.04,84.09,84.09,-0.73,0.16,-4.98,-3.57,3.08,0.0,,,,,,,,,,,,,,4.05,False,,False,,False,,False,,36.02213161084674,SUPPORT,UNAVAILABLE,UNAVAILABLE,UNAVAILABLE
2026-08-14,NTPC,2026-08-14 09:33:00,24.75219675746209,DOWN,D:\My-data\Share_P&L\Ichart Data\Screenshot\August26\2026-08-14\Daywise_Price_and_OI_Summary_25AUG26_Report_2026-08-14 (4).xlsx,344.5,8.888100000000001,344.5,344.5,342.3,342.3,342.3,-0.38,0.0,3.28,0.0,-0.13,0.45,96.0,,,,,,,,,,,,,9.25,True,150.58333333333334,True,150.58333333333334,True,150.58333333333334,False,,56.25499263059596,SUPPORT,UNAVAILABLE,UNAVAILABLE,CONTRADICT
2026-08-14,OFSS,2026-08-14 12:03:35,40.71805055710142,UP,D:\My-data\Share_P&L\Ichart Data\Screenshot\August26\2026-08-14\Daywise_Price_and_OI_Summary_25AUG26_Report_2026-08-14 (6).xlsx,11409.0,611.5224000000001,11409.0,11707.0,11326.0,11658.0,11658.0,2.52,-0.01,0.87,10.29,-1.39,8.39,745.0,,,,,,,,,,,,,590.05,False,,False,,False,,False,,,SUPPORT,UNAVAILABLE,UNAVAILABLE,SUPPORT
2026-08-14,OIL,2026-08-14 12:03:35,24.766129528421615,DOWN,D:\My-data\Share_P&L\Ichart Data\Screenshot\August26\2026-08-14\Daywise_Price_and_OI_Summary_25AUG26_Report_2026-08-14 (6).xlsx,477.1,19.179419999999997,477.1,478.8,472.35,472.35,472.35,-1.55,-0.43,-3.99,-13.51,3.02,-11.26,-578.0,,,,,,,,,,,,,18.3,False,,False,,False,,False,,,SUPPORT,UNAVAILABLE,UNAVAILABLE,SUPPORT
2026-08-14,ONGC,2026-08-14 12:03:35,40.14900662251652,DOWN,D:\My-data\Share_P&L\Ichart Data\Screenshot\August26\2026-08-14\Daywise_Price_and_OI_Summary_25AUG26_Report_2026-08-14 (6).xlsx,240.0,7.247999999999999,240.0,240.0,237.09,237.09,237.09,-1.14,1.1,-2.03,-2.27,1.34,-0.6,-380.0,,,,,,,,,,,,,6.87,False,,False,,False,,False,,,SUPPORT,UNAVAILABLE,UNAVAILABLE,SUPPORT
2026-08-14,PAGEIND,2026-08-14 09:32:24,22.094307808593523,DOWN,D:\My-data\Share_P&L\Ichart Data\Screenshot\August26\2026-08-14\Daywise_Price_and_OI_Summary_25AUG26_Report_2026-08-14 (3).xlsx,37800.0,1719.9,37800.0,38215.0,37260.0,37420.0,37420.0,2.48,0.86,-5.37,3.92,30.4,33.1,-1417.0,,,,,,,,,,,,,1620.45,True,151.18333333333334,True,151.18333333333334,True,151.18333333333334,False,,64.5386359672074,CONTRADICT,UNAVAILABLE,UNAVAILABLE,SUPPORT
2026-08-14,PATANJALI,2026-08-14 12:03:35,26.07719684737121,DOWN,D:\My-data\Share_P&L\Ichart Data\Screenshot\August26\2026-08-14\Daywise_Price_and_OI_Summary_25AUG26_Report_2026-08-14 (6).xlsx,353.5,23.9673,353.5,353.5,346.75,347.25,347.25,-1.12,0.37,0.76,-2.9,4.07,0.69,-358.0,,,,,,,,,,,,,23.5,False,,False,,False,,False,,,SUPPORT,UNAVAILABLE,UNAVAILABLE,SUPPORT
2026-08-14,PAYTM,2026-08-14 09:32:24,29.158112515854718,DOWN,D:\My-data\Share_P&L\Ichart Data\Screenshot\August26\2026-08-14\Daywise_Price_and_OI_Summary_25AUG26_Report_2026-08-14 (3).xlsx,1651.0,75.45070000000001,1651.0,1662.0,1627.7,1629.0,1629.0,-0.99,0.31,-1.28,1.04,0.11,0.72,159.0,,,,,,,,,,,,,69.65,False,,False,,False,,False,,39.76106252162007,SUPPORT,UNAVAILABLE,UNAVAILABLE,CONTRADICT
2026-08-14,PERSISTENT,2026-08-14 09:22:58,24.160517878783228,DOWN,D:\My-data\Share_P&L\Ichart Data\Screenshot\August26\2026-08-14\Daywise_Price_and_OI_Summary_25AUG26_Report_2026-08-14 (2).xlsx,5548.0,260.75600000000003,5548.0,5560.0,5485.0,5485.0,5485.0,-0.67,0.36,4.14,0.0,0.42,0.26,-54.0,,,,,,,,,,,,,260.3,False,,False,,False,,False,,26.845019865314697,SUPPORT,UNAVAILABLE,UNAVAILABLE,SUPPORT
2026-08-14,PETRONET,2026-08-14 10:16:02,46.88839943980715,UP,D:\My-data\Share_P&L\Ichart Data\Screenshot\August26\2026-08-14\Daywise_Price_and_OI_Summary_25AUG26_Report_2026-08-14 (5).xlsx,278.5,8.10435,278.5,283.65,278.3,282.3,282.3,1.47,-0.08,-2.85,5.88,-6.31,-0.7,347.0,,,,,,,,,,,,,8.45,False,,False,,False,,False,,27.145915465151287,SUPPORT,UNAVAILABLE,UNAVAILABLE,SUPPORT
2026-08-14,PGEL,2026-08-14 12:03:35,23.231256599788733,DOWN,D:\My-data\Share_P&L\Ichart Data\Screenshot\August26\2026-08-14\Daywise_Price_and_OI_Summary_25AUG26_Report_2026-08-14 (6).xlsx,615.55,30.7775,616.0,616.5,607.75,608.4,608.4,-1.38,-0.79,3.0,-1.61,0.55,-1.67,-179.0,,,,,,,,,,,,,30.95,False,,False,,False,,False,,,SUPPORT,UNAVAILABLE,UNAVAILABLE,SUPPORT
2026-08-14,PNB,2026-08-14 10:16:02,23.196258907363678,UP,D:\My-data\Share_P&L\Ichart Data\Screenshot\August26\2026-08-14\Daywise_Price_and_OI_Summary_25AUG26_Report_2026-08-14 (5).xlsx,117.88,4.526591999999999,117.88,119.18,117.88,118.93,118.93,0.47,0.07,-1.13,3.57,-2.26,1.27,375.0,,,,,,,,,,,,,4.42,False,,False,,False,,False,,4.860168532971359,SUPPORT,UNAVAILABLE,UNAVAILABLE,SUPPORT
2026-08-14,PNBHOUSING,2026-08-14 09:17:07,24.61951311835361,UP,D:\My-data\Share_P&L\Ichart Data\Screenshot\August26\2026-08-14\Daywise_Price_and_OI_Summary_25AUG26_Report_2026-08-14.xlsx,1152.8,51.991279999999996,1152.8,1173.8,1148.0,1165.6,1165.6,-0.03,0.55,,0.0,0.07,0.03,-4.0,,,,,,,,,,,,,52.6,False,,False,,False,,False,,25.004193010827976,CONTRADICT,UNAVAILABLE,UNAVAILABLE,CONTRADICT
2026-08-14,POLICYBZR,2026-08-14 09:22:58,22.866014182946166,UP,D:\My-data\Share_P&L\Ichart Data\Screenshot\August26\2026-08-14\Daywise_Price_and_OI_Summary_25AUG26_Report_2026-08-14 (2).xlsx,1727.5,83.09275,1727.5,1750.2,1727.5,1746.5,1746.5,0.58,0.0,5.22,1.54,-0.07,1.36,78.0,,,,,,,,,,,,,79.7,False,,False,,False,,False,,21.662539752264788,SUPPORT,UNAVAILABLE,UNAVAILABLE,SUPPORT
2026-08-14,POLYCAB,2026-08-14 12:03:35,22.335863313025424,DOWN,D:\My-data\Share_P&L\Ichart Data\Screenshot\August26\2026-08-14\Daywise_Price_and_OI_Summary_25AUG26_Report_2026-08-14 (6).xlsx,9348.5,329.0672,9348.5,9350.0,9251.0,9275.0,9275.0,-0.46,1.05,-0.16,0.0,0.94,0.79,-60.0,,,,,,,,,,,,,317.65,False,,False,,False,,False,,,SUPPORT,UNAVAILABLE,UNAVAILABLE,SUPPORT
2026-08-14,POWERINDIA,2026-08-14 09:17:07,33.19294847784447,UP,D:\My-data\Share_P&L\Ichart Data\Screenshot\August26\2026-08-14\Daywise_Price_and_OI_Summary_25AUG26_Report_2026-08-14.xlsx,35310.0,1641.915,35310.0,35855.0,35310.0,35855.0,35855.0,1.23,0.04,,0.0,0.03,0.16,30.0,,,,,,,,,,,,,1659.55,True,3.8333333333333335,True,3.8333333333333335,True,3.8333333333333335,False,,59.68640276750015,SUPPORT,UNAVAILABLE,UNAVAILABLE,SUPPORT
2026-08-14,PREMIERENE,2026-08-14 09:20:57,28.55617768971736,DOWN,D:\My-data\Share_P&L\Ichart Data\Screenshot\August26\2026-08-14\Daywise_Price_and_OI_Summary_25AUG26_Report_2026-08-14 (1).xlsx,1037.0,45.5243,1037.0,1037.0,1020.6,1024.0,1024.0,-1.07,0.44,6.14,-2.63,1.33,0.41,-69.0,,,,,,,,,,,,,43.95,False,,False,,False,,False,,37.34269390193809,SUPPORT,UNAVAILABLE,UNAVAILABLE,SUPPORT
2026-08-14,PRESTIGE,2026-08-14 09:17:07,30.932541169577156,UP,D:\My-data\Share_P&L\Ichart Data\Screenshot\August26\2026-08-14\Daywise_Price_and_OI_Summary_25AUG26_Report_2026-08-14.xlsx,1585.0,73.38550000000001,1585.0,1619.5,1562.5,1607.7,1607.7,-0.22,0.99,,0.0,0.2,0.06,-7.0,,,,,,,,,,,,,75.1,False,,False,,False,,False,,39.51734334439364,CONTRADICT,UNAVAILABLE,UNAVAILABLE,CONTRADICT
2026-08-14,RADICO,2026-08-14 09:32:24,34.025445259038804,DOWN,D:\My-data\Share_P&L\Ichart Data\Screenshot\August26\2026-08-14\Daywise_Price_and_OI_Summary_25AUG26_Report_2026-08-14 (3).xlsx,4662.8,193.97248000000002,4662.8,4662.8,4581.8,4596.8,4596.8,-1.28,0.47,3.45,2.74,-2.59,0.06,124.0,,,,,,,,,,,,,195.85,False,,False,,False,,False,,38.098187949136154,SUPPORT,UNAVAILABLE,UNAVAILABLE,CONTRADICT
2026-08-14,RECLTD,2026-08-14 10:16:02,44.03669724770632,DOWN,D:\My-data\Share_P&L\Ichart Data\Screenshot\August26\2026-08-14\Daywise_Price_and_OI_Summary_25AUG26_Report_2026-08-14 (5).xlsx,343.75,11.240625,343.75,344.45,337.55,338.8,338.8,-1.68,0.14,4.7,0.0,3.37,2.56,-209.0,,,,,,,,,,,,,11.0,True,107.55,True,107.55,True,107.55,False,,65.38782318598852,SUPPORT,UNAVAILABLE,UNAVAILABLE,SUPPORT
2026-08-14,RELIANCE,2026-08-14 09:32:24,24.801936805792252,DOWN,D:\My-data\Share_P&L\Ichart Data\Screenshot\August26\2026-08-14\Daywise_Price_and_OI_Summary_25AUG26_Report_2026-08-14 (3).xlsx,1319.0,35.4811,1319.0,1319.0,1309.0,1310.2,1310.2,-0.45,0.17,-0.27,-1.47,1.84,0.61,-1526.0,,,,,,,,,,,,,34.1,False,,False,,False,,False,,38.61210616356326,SUPPORT,UNAVAILABLE,UNAVAILABLE,SUPPORT
2026-08-14,SBICARD,2026-08-14 09:20:57,50.94960022268338,DOWN,D:\My-data\Share_P&L\Ichart Data\Screenshot\August26\2026-08-14\Daywise_Price_and_OI_Summary_25AUG26_Report_2026-08-14 (1).xlsx,646.75,25.417275,646.75,646.75,633.35,633.8,633.8,-1.71,0.17,1.97,0.0,0.05,0.05,-2.0,,,,,,,,,,,,,24.0,True,2.0166666666666666,True,2.0166666666666666,True,2.0166666666666666,False,,56.654381714798205,SUPPORT,UNAVAILABLE,UNAVAILABLE,SUPPORT
2026-08-14,SBILIFE,2026-08-14 09:17:07,23.849724948821766,DOWN,D:\My-data\Share_P&L\Ichart Data\Screenshot\August26\2026-08-14\Daywise_Price_and_OI_Summary_25AUG26_Report_2026-08-14.xlsx,1829.9,53.25009000000001,1829.9,1829.9,1813.7,1817.2,1817.2,-0.12,0.03,,0.0,0.1,0.67,17.0,,,,,,,,,,,,,52.85,True,15.283333333333333,True,15.283333333333333,True,15.283333333333333,False,,64.78862289246834,SUPPORT,UNAVAILABLE,UNAVAILABLE,CONTRADICT
2026-08-14,SBIN,2026-08-14 09:32:24,25.147517131746316,DOWN,D:\My-data\Share_P&L\Ichart Data\Screenshot\August26\2026-08-14\Daywise_Price_and_OI_Summary_25AUG26_Report_2026-08-14 (3).xlsx,1081.0,33.4029,1081.0,1082.0,1072.0,1072.6,1072.6,-0.78,0.02,2.13,-1.72,1.84,0.03,-1800.0,,,,,,,,,,,,,33.15,False,,False,,False,,False,,23.35126590804976,SUPPORT,UNAVAILABLE,UNAVAILABLE,SUPPORT
2026-08-14,SENSEX,2026-08-14 09:32:24,29.33112934486178,DOWN,D:\My-data\Share_P&L\Ichart Data\Screenshot\August26\2026-08-14\Daywise_Price_and_OI_Summary_25AUG26_Report_2026-08-14 (3).xlsx,78278.0,876.7136000000002,78278.0,78278.0,78020.85,78020.85,78020.85,-0.34,2.01,1.71,-3.0,10.62,7.11,-877.0,,,,,,,,,,,,,854.65,False,,False,,False,,False,,27.99660002992962,SUPPORT,UNAVAILABLE,UNAVAILABLE,SUPPORT
2026-08-14,SHREECEM,2026-08-14 09:32:24,23.569764257462637,DOWN,D:\My-data\Share_P&L\Ichart Data\Screenshot\August26\2026-08-14\Daywise_Price_and_OI_Summary_25AUG26_Report_2026-08-14 (3).xlsx,25240.0,890.972,25240.0,25240.0,25000.0,25030.0,25030.0,-0.83,-0.02,-2.31,-2.22,0.48,-1.51,-58.0,,,,,,,,,,,,,831.8,True,151.18333333333334,True,151.18333333333334,True,151.18333333333334,False,,53.31256201092739,SUPPORT,UNAVAILABLE,UNAVAILABLE,SUPPORT
2026-08-14,SIEMENS,2026-08-14 09:20:57,22.748536228495926,UP,D:\My-data\Share_P&L\Ichart Data\Screenshot\August26\2026-08-14\Daywise_Price_and_OI_Summary_25AUG26_Report_2026-08-14 (1).xlsx,3992.4,165.28536,3992.4,4049.9,3992.1,4030.0,4030.0,0.99,0.04,2.45,1.64,-1.39,0.36,241.0,,,,,,,,,,,,,173.8,False,,False,,False,,False,,29.40369310385379,SUPPORT,UNAVAILABLE,UNAVAILABLE,SUPPORT
2026-08-14,SOLARINDS,2026-08-14 09:20:57,72.58356781320879,DOWN,D:\My-data\Share_P&L\Ichart Data\Screenshot\August26\2026-08-14\Daywise_Price_and_OI_Summary_25AUG26_Report_2026-08-14 (1).xlsx,20380.0,982.316,20380.0,20380.0,19592.0,19667.0,19667.0,-3.67,-2.33,-7.25,-3.06,-1.28,-3.73,-346.0,,,,,,,,,,,,,971.35,True,2.0166666666666666,True,2.0166666666666666,True,2.0166666666666666,False,,82.25459017261247,SUPPORT,UNAVAILABLE,UNAVAILABLE,SUPPORT
2026-08-14,SUPREMEIND,2026-08-14 09:20:57,34.89543727617848,DOWN,D:\My-data\Share_P&L\Ichart Data\Screenshot\August26\2026-08-14\Daywise_Price_and_OI_Summary_25AUG26_Report_2026-08-14 (1).xlsx,3518.0,137.55380000000002,3518.0,3518.0,3454.4,3470.0,3470.0,-0.75,0.1,14.61,0.0,-0.39,-0.06,18.0,,,,,,,,,,,,,156.05,False,,False,,False,,False,,29.224928718799344,SUPPORT,UNAVAILABLE,UNAVAILABLE,CONTRADICT
2026-08-14,TATAPOWER,2026-08-14 10:16:02,34.18382694779446,UP,D:\My-data\Share_P&L\Ichart Data\Screenshot\August26\2026-08-14\Daywise_Price_and_OI_Summary_25AUG26_Report_2026-08-14 (5).xlsx,382.4,11.70144,382.4,386.4,380.6,386.4,386.4,1.09,0.21,3.55,1.41,0.05,0.64,83.0,,,,,,,,,,,,,11.55,True,107.55,True,107.55,True,107.55,False,,64.52197336396213,SUPPORT,UNAVAILABLE,UNAVAILABLE,SUPPORT
2026-08-14,TATASTEEL,2026-08-14 09:32:24,23.995031616982672,DOWN,D:\My-data\Share_P&L\Ichart Data\Screenshot\August26\2026-08-14\Daywise_Price_and_OI_Summary_25AUG26_Report_2026-08-14 (3).xlsx,184.5,7.0848,184.5,184.5,182.8,182.8,182.8,-0.85,0.11,-4.0,0.0,0.82,0.44,-197.0,,,,,,,,,,,,,6.81,False,,False,,False,,False,,37.40401987353215,SUPPORT,UNAVAILABLE,UNAVAILABLE,SUPPORT
2026-08-14,TCS,2026-08-14 12:03:35,35.425935079914204,DOWN,D:\My-data\Share_P&L\Ichart Data\Screenshot\August26\2026-08-14\Daywise_Price_and_OI_Summary_25AUG26_Report_2026-08-14 (6).xlsx,2380.0,84.96600000000001,2380.0,2393.4,2332.7,2349.9,2349.9,-1.02,-0.07,1.2,0.0,1.05,1.35,-126.0,,,,,,,,,,,,,83.2,False,,False,,False,,False,,,SUPPORT,UNAVAILABLE,UNAVAILABLE,SUPPORT
2026-08-14,TECHM,2026-08-14 09:20:57,22.970440669769612,DOWN,D:\My-data\Share_P&L\Ichart Data\Screenshot\August26\2026-08-14\Daywise_Price_and_OI_Summary_25AUG26_Report_2026-08-14 (1).xlsx,1654.3,57.9005,1654.3,1654.3,1640.2,1641.0,1641.0,-0.44,0.02,4.18,0.0,0.71,-0.22,-100.0,,,,,,,,,,,,,55.1,True,162.63333333333333,True,162.63333333333333,True,162.63333333333333,False,,56.6489063134169,SUPPORT,UNAVAILABLE,UNAVAILABLE,SUPPORT
2026-08-14,TMPV,2026-08-14 09:17:07,52.89021597954003,UP,D:\My-data\Share_P&L\Ichart Data\Screenshot\August26\2026-08-14\Daywise_Price_and_OI_Summary_25AUG26_Report_2026-08-14.xlsx,329.0,14.9366,329.0,337.7,329.0,336.9,336.9,-4.0,0.93,,0.0,0.7,0.71,-70.0,,,,,,,,,,,,,15.3,False,,False,,False,,False,,39.50028788345391,CONTRADICT,UNAVAILABLE,UNAVAILABLE,CONTRADICT
2026-08-14,TRENT,2026-08-14 09:17:07,66.70835939128624,UP,D:\My-data\Share_P&L\Ichart Data\Screenshot\August26\2026-08-14\Daywise_Price_and_OI_Summary_25AUG26_Report_2026-08-14.xlsx,2925.0,119.92499999999998,2925.0,3007.9,2925.0,3005.0,3005.0,-0.08,0.15,,0.0,0.11,0.18,-14.0,,,,,,,,,,,,,123.35,True,3.8333333333333335,True,3.8333333333333335,True,3.8333333333333335,False,,77.79862414008771,CONTRADICT,UNAVAILABLE,UNAVAILABLE,CONTRADICT
2026-08-14,ULTRACEMCO,2026-08-14 09:17:07,23.188924533145567,DOWN,D:\My-data\Share_P&L\Ichart Data\Screenshot\August26\2026-08-14\Daywise_Price_and_OI_Summary_25AUG26_Report_2026-08-14.xlsx,11711.0,366.5543,11711.0,11754.0,11607.0,11626.0,11626.0,-0.5,0.02,,2.17,-0.03,1.86,164.0,,,,,,,,,,,,,365.25,False,,False,,False,,False,,20.73362664140074,SUPPORT,UNAVAILABLE,UNAVAILABLE,CONTRADICT
2026-08-14,UNITDSPR,2026-08-14 12:03:35,56.09887958191359,UP,D:\My-data\Share_P&L\Ichart Data\Screenshot\August26\2026-08-14\Daywise_Price_and_OI_Summary_25AUG26_Report_2026-08-14 (6).xlsx,1518.7,46.16848,1518.7,1545.5,1517.1,1544.6,1544.6,1.29,0.4,-0.71,-1.32,0.45,-1.37,-86.0,,,,,,,,,,,,,45.05,False,,False,,False,,False,,,SUPPORT,UNAVAILABLE,UNAVAILABLE,CONTRADICT
2026-08-14,UNOMINDA,2026-08-14 09:32:24,23.779799060698146,DOWN,D:\My-data\Share_P&L\Ichart Data\Screenshot\August26\2026-08-14\Daywise_Price_and_OI_Summary_25AUG26_Report_2026-08-14 (3).xlsx,1246.0,43.7346,1242.0,1242.4,1235.6,1235.6,1235.6,-0.79,0.0,0.91,0.0,0.07,0.3,5.0,,,,,,,,,,,,,43.0,False,,False,,False,,False,,26.980925857330245,SUPPORT,UNAVAILABLE,UNAVAILABLE,CONTRADICT
2026-08-14,VOLTAS,2026-08-14 10:16:02,24.321291786549438,UP,D:\My-data\Share_P&L\Ichart Data\Screenshot\August26\2026-08-14\Daywise_Price_and_OI_Summary_25AUG26_Report_2026-08-14 (5).xlsx,1297.0,79.7655,1297.0,1320.7,1294.0,1316.4,1316.4,1.7,2.68,1.28,-13.04,21.41,5.59,-1561.0,,,,,,,,,,,,,76.95,False,,False,,False,,False,,26.703273971829866,SUPPORT,UNAVAILABLE,UNAVAILABLE,CONTRADICT
2026-08-14,WAAREEENER,2026-08-14 09:32:24,25.389965758127627,DOWN,D:\My-data\Share_P&L\Ichart Data\Screenshot\August26\2026-08-14\Daywise_Price_and_OI_Summary_25AUG26_Report_2026-08-14 (3).xlsx,2699.9,109.88593,2699.9,2704.8,2668.0,2672.0,2672.0,-0.38,0.1,1.33,-1.75,1.95,0.45,-324.0,,,,,,,,,,,,,106.7,False,,False,,False,,False,,26.300000373114273,SUPPORT,UNAVAILABLE,UNAVAILABLE,SUPPORT
2026-08-14,YESBANK,2026-08-14 12:03:35,26.810304906286092,DOWN,D:\My-data\Share_P&L\Ichart Data\Screenshot\August26\2026-08-14\Daywise_Price_and_OI_Summary_25AUG26_Report_2026-08-14 (6).xlsx,23.05,0.8205800000000001,23.05,23.05,22.81,22.83,22.83,-0.83,0.44,-0.85,-1.75,1.39,0.44,-123.0,,,,,,,,,,,,,0.79,False,,False,,False,,False,,,SUPPORT,UNAVAILABLE,UNAVAILABLE,SUPPORT
2026-08-14,ZYDUSLIFE,2026-08-14 12:03:35,37.77360484370935,DOWN,D:\My-data\Share_P&L\Ichart Data\Screenshot\August26\2026-08-14\Daywise_Price_and_OI_Summary_25AUG26_Report_2026-08-14 (6).xlsx,1170.1,42.35762,1170.1,1177.9,1152.6,1154.1,1154.1,-1.59,0.83,-0.43,-12.35,5.33,-6.99,-801.0,,,,,,,,,,,,,41.85,False,,False,,False,,False,,,SUPPORT,UNAVAILABLE,UNAVAILABLE,SUPPORT
2026-08-19,360ONE,2026-08-19 09:45:55,37.61051881284244,UP,D:\My-data\Share_P&L\Ichart Data\Screenshot\August26\2026-08-19\Daywise_Price_and_OI_Summary_25AUG26_Report_2026-08-19_094555.xlsx,1165.0,32.969500000000004,1165.0,1179.0,1160.1,1177.4,1177.4,0.66,-1.06,-1.2,-5.56,3.35,-1.23,-165.0,,,,,,,,,,,,,35.4,True,20.55,True,20.55,True,25.666666666666668,False,,66.7283398292361,SUPPORT,UNAVAILABLE,UNAVAILABLE,CONTRADICT
2026-08-19,ABB,2026-08-19 09:20:08,23.615252059570963,DOWN,D:\My-data\Share_P&L\Ichart Data\Screenshot\August26\2026-08-19\Daywise_Price_and_OI_Summary_25AUG26_Report_2026-08-19.xlsx,7546.0,218.07940000000002,7546.0,7559.0,7485.5,7494.5,7494.5,-1.21,0.01,-0.96,0.0,0.04,0.09,1.0,,,,,,,,,,,,,216.6,True,15.516666666666667,True,15.516666666666667,True,15.516666666666667,False,,58.235670127485676,SUPPORT,UNAVAILABLE,UNAVAILABLE,CONTRADICT
2026-08-19,ABCAPITAL,2026-08-19 09:20:08,33.82695632564104,DOWN,D:\My-data\Share_P&L\Ichart Data\Screenshot\August26\2026-08-19\Daywise_Price_and_OI_Summary_25AUG26_Report_2026-08-19.xlsx,401.6,10.6424,401.6,401.7,397.6,398.0,398.0,-1.07,0.09,3.08,-1.37,1.08,0.09,-73.0,,,,,,,,,,,,,10.55,True,15.516666666666667,True,15.516666666666667,True,20.633333333333333,False,,69.06336916485024,SUPPORT,UNAVAILABLE,UNAVAILABLE,SUPPORT
2026-08-19,ADANIENSOL,2026-08-19 09:20:08,40.396078624562634,DOWN,D:\My-data\Share_P&L\Ichart Data\Screenshot\August26\2026-08-19\Daywise_Price_and_OI_Summary_25AUG26_Report_2026-08-19.xlsx,1590.0,60.897,1590.0,1590.0,1560.6,1565.4,1565.4,-2.44,0.41,11.53,-2.22,1.98,0.42,-160.0,,,,,,,,,,,,,60.1,True,10.283333333333333,True,10.283333333333333,True,15.516666666666667,False,,69.78997323349262,SUPPORT,UNAVAILABLE,UNAVAILABLE,SUPPORT
2026-08-19,ADANIENT,2026-08-19 10:37:23,32.81567757441312,DOWN,D:\My-data\Share_P&L\Ichart Data\Screenshot\August26\2026-08-19\Daywise_Price_and_OI_Summary_25AUG26_Report_2026-08-19_103723.xlsx,3005.0,86.544,3005.0,3016.8,2973.1,2976.6,2976.6,-1.15,-0.04,7.73,0.0,-1.68,-1.65,103.0,,,,,,,,,,,,,88.3,False,,False,,False,,False,,35.81992974671843,SUPPORT,UNAVAILABLE,UNAVAILABLE,CONTRADICT
2026-08-19,ADANIGREEN,2026-08-19 09:20:08,28.185554903112152,DOWN,D:\My-data\Share_P&L\Ichart Data\Screenshot\August26\2026-08-19\Daywise_Price_and_OI_Summary_25AUG26_Report_2026-08-19.xlsx,1310.0,42.575,1310.0,1310.0,1288.7,1298.0,1298.0,-1.13,0.03,9.97,0.0,1.09,0.61,-147.0,,,,,,,,,,,,,42.15,True,15.516666666666667,True,15.516666666666667,True,15.516666666666667,False,,61.53846153846164,SUPPORT,UNAVAILABLE,UNAVAILABLE,SUPPORT
2026-08-19,ADANIPORTS,2026-08-19 09:20:08,32.055703353368266,DOWN,D:\My-data\Share_P&L\Ichart Data\Screenshot\August26\2026-08-19\Daywise_Price_and_OI_Summary_25AUG26_Report_2026-08-19.xlsx,1691.5,38.05875,1691.5,1691.5,1677.1,1679.3,1679.3,-0.42,0.0,3.39,0.0,0.37,0.73,4.0,,,,,,,,,,,,,37.85,True,10.283333333333333,True,15.516666666666667,True,15.516666666666667,False,,59.11912503694945,SUPPORT,UNAVAILABLE,UNAVAILABLE,CONTRADICT
2026-08-19,ADANIPOWER,2026-08-19 09:20:08,28.299293326218006,DOWN,D:\My-data\Share_P&L\Ichart Data\Screenshot\August26\2026-08-19\Daywise_Price_and_OI_Summary_25AUG26_Report_2026-08-19.xlsx,206.13,7.42068,206.13,206.26,203.66,204.03,204.03,-1.3,0.16,6.61,-2.13,0.95,-0.18,-175.0,,,,,,,,,,,,,7.35,True,15.516666666666667,True,77.25,False,,False,,45.1441107823002,SUPPORT,UNAVAILABLE,UNAVAILABLE,SUPPORT
2026-08-19,ALKEM,2026-08-19 09:20:08,36.73709303464716,UP,D:\My-data\Share_P&L\Ichart Data\Screenshot\August26\2026-08-19\Daywise_Price_and_OI_Summary_25AUG26_Report_2026-08-19.xlsx,5420.0,122.49199999999999,5420.0,5473.0,5420.0,5465.0,5465.0,-0.12,0.16,-0.77,0.0,-0.52,0.39,77.0,,,,,,,,,,,,,123.25,True,10.283333333333333,True,36.05,True,41.2,False,,51.023740325898835,CONTRADICT,UNAVAILABLE,UNAVAILABLE,SUPPORT
2026-08-19,AMBER,2026-08-19 09:20:08,25.075854459740714,DOWN,D:\My-data\Share_P&L\Ichart Data\Screenshot\August26\2026-08-19\Daywise_Price_and_OI_Summary_25AUG26_Report_2026-08-19.xlsx,7385.0,219.33450000000002,7385.0,7385.0,7295.0,7330.0,7330.0,-0.66,-0.16,9.24,-1.64,0.57,-0.58,-189.0,,,,,,,,,,,,,217.5,True,10.283333333333333,True,10.283333333333333,True,10.283333333333333,False,,75.22756337922215,SUPPORT,UNAVAILABLE,UNAVAILABLE,SUPPORT
2026-08-19,AMBUJACEM,2026-08-19 09:35:39,23.00780469628588,DOWN,D:\My-data\Share_P&L\Ichart Data\Screenshot\August26\2026-08-19\Daywise_Price_and_OI_Summary_25AUG26_Report_2026-08-19_093539.xlsx,410.6,8.910020000000001,410.6,411.3,408.15,408.55,408.55,-0.87,0.02,-1.17,0.0,0.43,0.51,-23.0,,,,,,,,,,,,,9.15,True,56.61666666666667,True,180.3,True,231.91666666666666,False,,50.50493713818823,SUPPORT,UNAVAILABLE,UNAVAILABLE,SUPPORT
2026-08-19,ANGELONE,2026-08-19 10:11:35,35.3796136928666,UP,D:\My-data\Share_P&L\Ichart Data\Screenshot\August26\2026-08-19\Daywise_Price_and_OI_Summary_25AUG26_Report_2026-08-19_101135.xlsx,290.5,10.458,290.5,294.5,288.8,294.2,294.2,1.06,0.9,3.39,0.0,-1.56,-1.18,113.0,,,,,,,,,,,,,10.7,False,,False,,False,,False,,24.861350162555198,SUPPORT,UNAVAILABLE,UNAVAILABLE,SUPPORT
2026-08-19,APLAPOLLO,2026-08-19 10:27:03,24.893941437002773,UP,D:\My-data\Share_P&L\Ichart Data\Screenshot\August26\2026-08-19\Daywise_Price_and_OI_Summary_25AUG26_Report_2026-08-19_102703.xlsx,2105.0,48.204499999999996,2105.0,2121.5,2098.4,2117.0,2117.0,-0.01,0.35,7.44,1.47,-0.1,1.23,64.0,,,,,,,,,,,,,45.7,False,,False,,False,,False,,31.11742679625347,CONTRADICT,UNAVAILABLE,UNAVAILABLE,SUPPORT
2026-08-19,APOLLOHOSP,2026-08-19 09:20:08,38.26191109928134,DOWN,D:\My-data\Share_P&L\Ichart Data\Screenshot\August26\2026-08-19\Daywise_Price_and_OI_Summary_25AUG26_Report_2026-08-19.xlsx,8840.0,150.28,8840.0,8840.0,8758.0,8782.5,8782.5,-0.54,0.09,-1.09,-2.7,0.99,-1.26,-330.0,,,,,,,,,,,,,149.05,True,10.283333333333333,True,195.81666666666666,True,200.95,False,,64.21346819270694,SUPPORT,UNAVAILABLE,UNAVAILABLE,SUPPORT
2026-08-19,ASHOKLEY,2026-08-19 10:11:35,31.984583430786245,UP,D:\My-data\Share_P&L\Ichart Data\Screenshot\August26\2026-08-19\Daywise_Price_and_OI_Summary_25AUG26_Report_2026-08-19_101135.xlsx,174.3,5.00241,174.3,176.08,174.16,175.9,175.9,-0.31,0.29,-0.99,1.47,-2.03,-0.45,373.0,,,,,,,,,,,,,4.96,False,,False,,False,,False,,33.98361989521028,CONTRADICT,UNAVAILABLE,UNAVAILABLE,SUPPORT
2026-08-19,ASIANPAINT,2026-08-19 09:56:11,22.12389380530958,UP,D:\My-data\Share_P&L\Ichart Data\Screenshot\August26\2026-08-19\Daywise_Price_and_OI_Summary_25AUG26_Report_2026-08-19_095611.xlsx,2620.0,59.211999999999996,2620.0,2640.0,2610.0,2633.1,2633.1,0.22,0.02,-2.02,0.0,-0.22,0.53,116.0,,,,,,,,,,,,,59.2,False,,False,,False,,False,,24.657164088360314,SUPPORT,UNAVAILABLE,UNAVAILABLE,SUPPORT
2026-08-19,ASTRAL,2026-08-19 09:20:08,34.526923601782656,DOWN,D:\My-data\Share_P&L\Ichart Data\Screenshot\August26\2026-08-19\Daywise_Price_and_OI_Summary_25AUG26_Report_2026-08-19.xlsx,1539.8,36.49326,1539.8,1543.3,1512.0,1527.2,1527.2,0.02,0.0,4.66,-1.75,2.01,1.0,-117.0,,,,,,,,,,,,,36.25,True,5.15,True,15.516666666666667,False,,False,,49.87222298035321,CONTRADICT,UNAVAILABLE,UNAVAILABLE,SUPPORT
2026-08-19,AUBANK,2026-08-19 09:30:25,26.152445584706086,DOWN,D:\My-data\Share_P&L\Ichart Data\Screenshot\August26\2026-08-19\Daywise_Price_and_OI_Summary_25AUG26_Report_2026-08-19_093025.xlsx,1075.0,30.2075,1075.0,1075.5,1066.9,1067.1,1067.1,-0.82,0.05,-0.12,-2.74,1.24,-0.69,-125.0,,,,,,,,,,,,,29.05,False,,False,,False,,False,,31.4491434246462,SUPPORT,UNAVAILABLE,UNAVAILABLE,SUPPORT
2026-08-19,AUROPHARMA,2026-08-19 12:35:57,30.632569116375098,DOWN,D:\My-data\Share_P&L\Ichart Data\Screenshot\August26\2026-08-19\Daywise_Price_and_OI_Summary_25AUG26_Report_2026-08-19_123557.xlsx,1638.1,45.70299,1638.1,1641.8,1619.4,1624.1,1624.1,-1.04,0.14,3.35,-7.41,1.63,-5.54,-370.0,,,,,,,,,,,,,46.15,True,31.0,True,56.766666666666666,False,,False,,47.26167806526424,SUPPORT,UNAVAILABLE,UNAVAILABLE,SUPPORT
2026-08-19,AXISBANK,2026-08-19 09:30:25,25.44878734508537,DOWN,D:\My-data\Share_P&L\Ichart Data\Screenshot\August26\2026-08-19\Daywise_Price_and_OI_Summary_25AUG26_Report_2026-08-19_093025.xlsx,1244.0,24.7556,1244.0,1244.1,1237.5,1237.7,1237.7,-0.87,0.05,-0.37,-1.67,0.77,-1.81,-631.0,,,,,,,,,,,,,23.8,True,97.85,True,185.53333333333333,True,185.53333333333333,False,,65.84368789284022,SUPPORT,UNAVAILABLE,UNAVAILABLE,SUPPORT
2026-08-19,BAJAJ-AUTO,2026-08-19 09:45:55,27.197739746046178,DOWN,D:\My-data\Share_P&L\Ichart Data\Screenshot\August26\2026-08-19\Daywise_Price_and_OI_Summary_25AUG26_Report_2026-08-19_094555.xlsx,11620.0,246.34400000000002,11620.0,11621.0,11541.0,11553.0,11553.0,-0.67,0.28,-4.64,2.7,-1.41,1.16,510.0,,,,,,,,,,,,,234.95,False,,False,,False,,False,,24.35618484720553,SUPPORT,UNAVAILABLE,UNAVAILABLE,CONTRADICT
2026-08-19,BAJAJHLDNG,2026-08-19 13:58:27,29.78445221046458,UP,D:\My-data\Share_P&L\Ichart Data\Screenshot\August26\2026-08-19\Daywise_Price_and_OI_Summary_25AUG26_Report_2026-08-19_135827.xlsx,11288.0,261.8816,11288.0,11380.0,11263.0,11366.0,11366.0,0.82,-0.62,16.44,0.0,0.0,-0.88,,,,,,,,,,,,,,282.9,False,,False,,False,,False,,26.729636599134878,SUPPORT,UNAVAILABLE,UNAVAILABLE,UNAVAILABLE
2026-08-19,BAJFINANCE,2026-08-19 09:20:08,31.692937438905005,DOWN,D:\My-data\Share_P&L\Ichart Data\Screenshot\August26\2026-08-19\Daywise_Price_and_OI_Summary_25AUG26_Report_2026-08-19.xlsx,1091.2,26.1888,1091.2,1091.2,1081.1,1082.9,1082.9,-0.96,0.05,2.72,-1.3,0.58,-0.15,-210.0,,,,,,,,,,,,,26.0,True,231.96666666666667,False,,False,,False,,43.530058651026735,SUPPORT,UNAVAILABLE,UNAVAILABLE,SUPPORT
2026-08-19,BANDHANBNK,2026-08-19 09:20:08,23.346121820063438,DOWN,D:\My-data\Share_P&L\Ichart Data\Screenshot\August26\2026-08-19\Daywise_Price_and_OI_Summary_25AUG26_Report_2026-08-19.xlsx,170.2,5.14004,170.2,170.2,168.5,169.0,169.0,-1.37,0.0,147.16,0.0,0.2,0.07,-23.0,,,,,,,,,,,,,5.1,False,,False,,False,,False,,36.964692881767014,SUPPORT,UNAVAILABLE,UNAVAILABLE,SUPPORT
2026-08-19,BANKBARODA,2026-08-19 10:11:35,22.907186935111866,UP,D:\My-data\Share_P&L\Ichart Data\Screenshot\August26\2026-08-19\Daywise_Price_and_OI_Summary_25AUG26_Report_2026-08-19_101135.xlsx,244.0,6.4172,244.0,245.47,243.35,245.47,245.47,0.55,0.18,-7.62,1.23,-1.83,-0.38,262.0,,,,,,,,,,,,,6.01,False,,False,,False,,False,,27.114629433397887,SUPPORT,UNAVAILABLE,UNAVAILABLE,SUPPORT
2026-08-19,BANKEX,2026-08-19 14:39:38,39.34168384321449,DOWN,D:\My-data\Share_P&L\Ichart Data\Screenshot\August26\2026-08-19\Daywise_Price_and_OI_Summary_25AUG26_Report_2026-08-19_143938.xlsx,65514.65,1133.4034450000001,65066.75,65068.75,65066.75,65068.75,65068.75,,0.0,15.95,-2.15,5.83,6.15,-1.0,,,,,,,,,,,,,981.15,True,5.133333333333334,False,,False,,False,,40.77100718535389,UNAVAILABLE,UNAVAILABLE,UNAVAILABLE,SUPPORT
2026-08-19,BANKNIFTY,2026-08-19 09:35:39,26.923357120911213,DOWN,D:\My-data\Share_P&L\Ichart Data\Screenshot\August26\2026-08-19\Daywise_Price_and_OI_Summary_25AUG26_Report_2026-08-19_093539.xlsx,57402.0,757.7064,57402.0,57402.0,57172.0,57198.0,57198.0,-0.41,0.43,2.22,-1.43,5.65,5.16,-13120.0,,,,,,,,,,,,,744.1,False,,False,,False,,False,,26.923357120911213,SUPPORT,UNAVAILABLE,UNAVAILABLE,SUPPORT
2026-08-19,BDL,2026-08-19 09:20:08,23.528719743536957,DOWN,D:\My-data\Share_P&L\Ichart Data\Screenshot\August26\2026-08-19\Daywise_Price_and_OI_Summary_25AUG26_Report_2026-08-19.xlsx,1405.0,51.00149999999999,1405.0,1405.0,1393.0,1393.0,1393.0,-0.63,0.05,-0.61,0.0,0.72,0.01,-121.0,,,,,,,,,,,,,50.6,True,10.283333333333333,True,10.283333333333333,True,15.516666666666667,True,242.26666666666668,105.68316618138702,SUPPORT,UNAVAILABLE,UNAVAILABLE,SUPPORT
2026-08-19,BEL,2026-08-19 09:20:08,28.848598642648877,DOWN,D:\My-data\Share_P&L\Ichart Data\Screenshot\August26\2026-08-19\Daywise_Price_and_OI_Summary_25AUG26_Report_2026-08-19.xlsx,414.0,10.2258,414.0,414.0,411.05,411.05,411.05,-0.52,0.03,4.5,0.0,0.34,-0.05,-126.0,,,,,,,,,,,,,10.15,True,10.283333333333333,True,10.283333333333333,True,15.516666666666667,False,,72.36597625613622,SUPPORT,UNAVAILABLE,UNAVAILABLE,SUPPORT
2026-08-19,BHARATFORG,2026-08-19 09:20:08,34.146117073412704,DOWN,D:\My-data\Share_P&L\Ichart Data\Screenshot\August26\2026-08-19\Daywise_Price_and_OI_Summary_25AUG26_Report_2026-08-19.xlsx,2093.4,56.521800000000006,2093.4,2093.4,2069.0,2074.1,2074.1,-0.78,0.06,-0.04,0.0,-0.1,-0.03,17.0,,,,,,,,,,,,,55.9,True,10.283333333333333,True,10.283333333333333,True,15.516666666666667,False,,67.4076197148709,SUPPORT,UNAVAILABLE,UNAVAILABLE,CONTRADICT
2026-08-19,BHARTIARTL,2026-08-19 09:51:03,23.83003158196944,UP,D:\My-data\Share_P&L\Ichart Data\Screenshot\August26\2026-08-19\Daywise_Price_and_OI_Summary_25AUG26_Report_2026-08-19_095103.xlsx,1935.0,34.83,1935.0,1943.9,1931.1,1943.3,1943.3,0.03,0.23,-2.57,-2.38,1.97,1.15,-642.0,,,,,,,,,,,,,34.65,False,,False,,False,,False,,28.71088142405972,SUPPORT,UNAVAILABLE,UNAVAILABLE,CONTRADICT
2026-08-19,BHEL,2026-08-19 09:20:08,35.894143430288224,DOWN,D:\My-data\Share_P&L\Ichart Data\Screenshot\August26\2026-08-19\Daywise_Price_and_OI_Summary_25AUG26_Report_2026-08-19.xlsx,424.3,14.765640000000001,424.3,424.3,418.0,419.0,419.0,-1.43,0.03,2.45,0.0,0.17,-0.73,-82.0,,,,,,,,,,,,,14.6,True,5.15,True,5.15,True,10.283333333333333,False,,61.62956702181566,SUPPORT,UNAVAILABLE,UNAVAILABLE,SUPPORT
2026-08-19,BIOCON,2026-08-19 11:03:08,28.463052112053344,DOWN,D:\My-data\Share_P&L\Ichart Data\Screenshot\August26\2026-08-19\Daywise_Price_and_OI_Summary_25AUG26_Report_2026-08-19_110308.xlsx,416.6,10.53998,416.6,417.65,413.55,413.6,413.6,-1.45,-0.12,-0.42,-2.74,0.18,-2.3,-173.0,,,,,,,,,,,,,10.35,True,144.43333333333334,False,,False,,False,,40.32265715874224,SUPPORT,UNAVAILABLE,UNAVAILABLE,SUPPORT
2026-08-19,BLUESTARCO,2026-08-19 13:37:50,22.79262345232777,UP,D:\My-data\Share_P&L\Ichart Data\Screenshot\August26\2026-08-19\Daywise_Price_and_OI_Summary_25AUG26_Report_2026-08-19_133750.xlsx,1488.3,42.11889,1488.3,1498.3,1476.0,1497.9,1497.9,0.41,15.26,-7.85,7.14,-5.22,-0.12,529.0,,,,,,,,,,,,,41.45,False,,False,,False,,False,,25.166855061945213,SUPPORT,UNAVAILABLE,UNAVAILABLE,SUPPORT
2026-08-19,BOSCHLTD,2026-08-19 10:57:59,23.4959251352694,DOWN,D:\My-data\Share_P&L\Ichart Data\Screenshot\August26\2026-08-19\Daywise_Price_and_OI_Summary_25AUG26_Report_2026-08-19_105759.xlsx,48840.0,1191.696,48840.0,49100.0,48560.0,48560.0,48560.0,-0.43,1.48,5.44,-4.39,5.82,1.03,-1029.0,,,,,,,,,,,,,1181.8,False,,False,,False,,False,,39.43958861991649,SUPPORT,UNAVAILABLE,UNAVAILABLE,SUPPORT
2026-08-19,BPCL,2026-08-19 09:35:39,26.197408702030252,DOWN,D:\My-data\Share_P&L\Ichart Data\Screenshot\August26\2026-08-19\Daywise_Price_and_OI_Summary_25AUG26_Report_2026-08-19_093539.xlsx,310.7,8.01606,310.7,311.55,308.25,308.6,308.6,-1.03,0.77,0.89,-1.67,0.94,-0.45,-76.0,,,,,,,,,,,,,7.75,True,66.9,True,87.48333333333333,True,288.55,False,,51.14732175158328,SUPPORT,UNAVAILABLE,UNAVAILABLE,SUPPORT
2026-08-19,BRITANNIA,2026-08-19 09:20:08,49.82064567556796,UP,D:\My-data\Share_P&L\Ichart Data\Screenshot\August26\2026-08-19\Daywise_Price_and_OI_Summary_25AUG26_Report_2026-08-19.xlsx,5460.0,105.37799999999999,5460.0,5512.5,5460.0,5512.5,5512.5,0.2,0.05,14.19,1.96,-0.2,0.95,80.0,,,,,,,,,,,,,105.9,True,5.15,True,5.15,True,5.15,False,,84.9323388183492,SUPPORT,UNAVAILABLE,UNAVAILABLE,SUPPORT
2026-08-19,BSE,2026-08-19 10:06:28,22.29587225067799,UP,D:\My-data\Share_P&L\Ichart Data\Screenshot\August26\2026-08-19\Daywise_Price_and_OI_Summary_25AUG26_Report_2026-08-19_100628.xlsx,3319.0,116.165,3319.0,3345.0,3293.3,3344.9,3344.9,0.78,0.38,-3.51,0.0,0.76,0.27,-475.0,,,,,,,,,,,,,114.95,True,15.4,True,20.583333333333332,True,56.666666666666664,False,,58.53742521413506,SUPPORT,UNAVAILABLE,UNAVAILABLE,CONTRADICT
2026-08-19,CAMS,2026-08-19 09:30:25,23.990898298377633,DOWN,D:\My-data\Share_P&L\Ichart Data\Screenshot\August26\2026-08-19\Daywise_Price_and_OI_Summary_25AUG26_Report_2026-08-19_093025.xlsx,760.0,20.216,760.0,762.9,755.15,755.15,755.15,-0.59,0.15,-5.74,2.22,-0.14,1.25,60.0,,,,,,,,,,,,,19.6,False,,False,,False,,False,,28.690146418678047,SUPPORT,UNAVAILABLE,UNAVAILABLE,CONTRADICT
2026-08-19,CANBK,2026-08-19 09:35:39,23.183925811437547,DOWN,D:\My-data\Share_P&L\Ichart Data\Screenshot\August26\2026-08-19\Daywise_Price_and_OI_Summary_25AUG26_Report_2026-08-19_093539.xlsx,129.4,3.8820000000000006,129.4,129.47,128.17,128.5,128.5,-0.4,0.04,-0.81,1.32,-0.63,-0.38,39.0,,,,,,,,,,,,,3.58,False,,False,,False,,False,,22.1535291087072,SUPPORT,UNAVAILABLE,UNAVAILABLE,CONTRADICT
2026-08-19,CDSL,2026-08-19 10:11:35,23.27020264239995,UP,D:\My-data\Share_P&L\Ichart Data\Screenshot\August26\2026-08-19\Daywise_Price_and_OI_Summary_25AUG26_Report_2026-08-19_101135.xlsx,1338.0,36.5274,1338.0,1347.1,1335.7,1346.5,1346.5,0.1,-0.47,1.21,-1.69,0.19,-0.94,-112.0,,,,,,,,,,,,,37.7,False,,False,,False,,False,,24.36527100204255,SUPPORT,UNAVAILABLE,UNAVAILABLE,CONTRADICT
2026-08-19,CGPOWER,2026-08-19 09:20:08,40.91848356099923,DOWN,D:\My-data\Share_P&L\Ichart Data\Screenshot\August26\2026-08-19\Daywise_Price_and_OI_Summary_25AUG26_Report_2026-08-19.xlsx,886.0,29.3266,886.0,886.0,873.9,874.0,874.0,-1.81,0.05,2.47,0.0,0.42,0.44,-26.0,,,,,,,,,,,,,28.9,True,5.15,True,5.15,True,5.15,False,,79.109068217932,SUPPORT,UNAVAILABLE,UNAVAILABLE,SUPPORT
2026-08-19,CIPLA,2026-08-19 10:01:20,22.433654070490388,UP,D:\My-data\Share_P&L\Ichart Data\Screenshot\August26\2026-08-19\Daywise_Price_and_OI_Summary_25AUG26_Report_2026-08-19_100120.xlsx,1424.8,31.20312,1424.8,1432.0,1420.6,1431.8,1431.8,0.16,-0.05,0.66,1.82,-1.42,-0.9,138.0,,,,,,,,,,,,,29.4,False,,False,,False,,False,,28.843269519201925,SUPPORT,UNAVAILABLE,UNAVAILABLE,SUPPORT
2026-08-19,COALINDIA,2026-08-19 09:20:08,45.27098092913389,DOWN,D:\My-data\Share_P&L\Ichart Data\Screenshot\August26\2026-08-19\Daywise_Price_and_OI_Summary_25AUG26_Report_2026-08-19.xlsx,407.2,8.06256,407.2,408.85,403.55,403.55,403.55,-1.15,0.1,8.83,1.45,0.48,1.81,180.0,,,,,,,,,,,,,8.0,True,5.15,True,5.15,True,5.15,True,72.13333333333334,112.24722668730543,SUPPORT,UNAVAILABLE,UNAVAILABLE,CONTRADICT
2026-08-19,COCHINSHIP,2026-08-19 09:20:08,31.860121323342,DOWN,D:\My-data\Share_P&L\Ichart Data\Screenshot\August26\2026-08-19\Daywise_Price_and_OI_Summary_25AUG26_Report_2026-08-19.xlsx,1509.0,47.080799999999996,1509.0,1509.0,1491.0,1494.0,1494.0,-0.03,0.06,6.91,-1.52,0.66,-0.08,-55.0,,,,,,,,,,,,,46.6,True,10.283333333333333,True,10.283333333333333,True,10.283333333333333,False,,67.9682588231296,SUPPORT,UNAVAILABLE,UNAVAILABLE,SUPPORT
2026-08-19,COFORGE,2026-08-19 09:30:25,22.4660354391498,UP,D:\My-data\Share_P&L\Ichart Data\Screenshot\August26\2026-08-19\Daywise_Price_and_OI_Summary_25AUG26_Report_2026-08-19_093025.xlsx,1796.8,58.75536,1796.8,1816.5,1788.8,1810.0,1810.0,1.87,0.16,11.26,-3.19,6.53,2.46,-606.0,,,,,,,,,,,,,58.85,True,190.66666666666666,False,,False,,False,,42.37911230566895,SUPPORT,UNAVAILABLE,UNAVAILABLE,CONTRADICT
2026-08-19,COLPAL,2026-08-19 10:01:20,22.286239771788903,DOWN,D:\My-data\Share_P&L\Ichart Data\Screenshot\August26\2026-08-19\Daywise_Price_and_OI_Summary_25AUG26_Report_2026-08-19_100120.xlsx,1903.0,42.6272,1903.0,1913.2,1893.3,1893.5,1893.5,-0.63,0.72,3.65,-5.45,2.94,-2.62,-639.0,,,,,,,,,,,,,43.0,True,51.5,True,61.8,True,61.8,False,,79.52668718564694,SUPPORT,UNAVAILABLE,UNAVAILABLE,SUPPORT
2026-08-19,CONCOR,2026-08-19 11:18:33,30.14319190565277,DOWN,D:\My-data\Share_P&L\Ichart Data\Screenshot\August26\2026-08-19\Daywise_Price_and_OI_Summary_25AUG26_Report_2026-08-19_111833.xlsx,517.1,12.77237,517.1,519.5,513.0,513.25,513.25,-1.38,0.03,-10.05,-5.77,2.39,-3.06,-315.0,,,,,,,,,,,,,11.9,False,,False,,False,,False,,36.40671230163217,SUPPORT,UNAVAILABLE,UNAVAILABLE,SUPPORT
2026-08-19,CROMPTON,2026-08-19 09:25:17,31.547991353107225,DOWN,D:\My-data\Share_P&L\Ichart Data\Screenshot\August26\2026-08-19\Daywise_Price_and_OI_Summary_25AUG26_Report_2026-08-19_092517.xlsx,246.3,7.29048,246.3,247.3,243.95,244.0,244.0,-0.33,-0.03,-1.27,-1.72,0.19,-0.37,-47.0,,,,,,,,,,,,,7.2,True,10.366666666666667,True,10.366666666666667,True,10.366666666666667,False,,51.43694242354413,SUPPORT,UNAVAILABLE,UNAVAILABLE,SUPPORT
2026-08-19,CUMMINSIND,2026-08-19 09:30:25,33.406670535991466,DOWN,D:\My-data\Share_P&L\Ichart Data\Screenshot\August26\2026-08-19\Daywise_Price_and_OI_Summary_25AUG26_Report_2026-08-19_093025.xlsx,5330.0,148.174,5330.0,5387.0,5279.0,5280.5,5280.5,-2.0,0.12,4.45,-4.84,3.14,-1.51,-393.0,,,,,,,,,,,,,150.65,True,51.45,True,51.45,True,288.6333333333333,False,,58.714754275378944,SUPPORT,UNAVAILABLE,UNAVAILABLE,SUPPORT
2026-08-19,DABUR,2026-08-19 09:35:39,23.959953701997016,DOWN,D:\My-data\Share_P&L\Ichart Data\Screenshot\August26\2026-08-19\Daywise_Price_and_OI_Summary_25AUG26_Report_2026-08-19_093539.xlsx,402.9,8.13858,402.9,402.9,400.9,400.95,400.95,-0.51,0.09,-1.86,0.0,0.24,-0.27,-60.0,,,,,,,,,,,,,7.95,True,288.55,True,293.68333333333334,False,,False,,46.691191829532364,SUPPORT,UNAVAILABLE,UNAVAILABLE,SUPPORT
2026-08-19,DALBHARAT,2026-08-19 09:20:08,33.13309764922649,UP,D:\My-data\Share_P&L\Ichart Data\Screenshot\August26\2026-08-19\Daywise_Price_and_OI_Summary_25AUG26_Report_2026-08-19.xlsx,1835.2,50.10096000000001,1835.2,1856.6,1830.7,1851.8,1851.8,0.21,0.49,-20.0,0.0,-0.39,-0.56,2.0,,,,,,,,,,,,,50.6,True,200.95,True,200.95,True,200.95,False,,65.46780740329118,SUPPORT,UNAVAILABLE,UNAVAILABLE,SUPPORT
2026-08-19,DELHIVERY,2026-08-19 09:30:25,28.788076801105255,DOWN,D:\My-data\Share_P&L\Ichart Data\Screenshot\August26\2026-08-19\Daywise_Price_and_OI_Summary_25AUG26_Report_2026-08-19_093025.xlsx,452.15,10.942029999999999,452.15,452.45,448.6,449.0,449.0,-0.55,-0.08,7.07,-1.69,0.83,0.16,-61.0,,,,,,,,,,,,,11.45,False,,False,,False,,False,,39.75496320152628,SUPPORT,UNAVAILABLE,UNAVAILABLE,SUPPORT
2026-08-19,DIVISLAB,2026-08-19 09:20:08,23.69690244840305,DOWN,D:\My-data\Share_P&L\Ichart Data\Screenshot\August26\2026-08-19\Daywise_Price_and_OI_Summary_25AUG26_Report_2026-08-19.xlsx,8599.5,204.66809999999998,8599.5,8599.5,8528.5,8551.0,8551.0,-0.36,0.16,5.68,0.0,0.07,-0.16,-38.0,,,,,,,,,,,,,204.05,True,108.13333333333334,False,,False,,False,,41.28635581216614,SUPPORT,UNAVAILABLE,UNAVAILABLE,SUPPORT
2026-08-19,DIXON,2026-08-19 12:35:57,51.36990076569813,UP,D:\My-data\Share_P&L\Ichart Data\Screenshot\August26\2026-08-19\Daywise_Price_and_OI_Summary_25AUG26_Report_2026-08-19_123557.xlsx,14130.0,453.57300000000004,14130.0,14464.0,14037.0,14363.0,14363.0,1.25,-1.59,-2.22,16.0,-10.87,3.04,5718.0,,,,,,,,,,,,,464.6,True,5.133333333333334,True,5.133333333333334,True,5.133333333333334,False,,91.05480264477823,SUPPORT,UNAVAILABLE,UNAVAILABLE,SUPPORT
2026-08-19,DLF,2026-08-19 09:20:08,34.9071028579577,DOWN,D:\My-data\Share_P&L\Ichart Data\Screenshot\August26\2026-08-19\Daywise_Price_and_OI_Summary_25AUG26_Report_2026-08-19.xlsx,673.5,20.3397,673.5,673.5,665.0,666.4,666.4,-0.48,0.04,-1.7,0.0,0.43,0.04,-59.0,,,,,,,,,,,,,20.15,True,10.283333333333333,True,10.283333333333333,True,10.283333333333333,False,,69.07673171187359,SUPPORT,UNAVAILABLE,UNAVAILABLE,SUPPORT
2026-08-19,DMART,2026-08-19 09:30:25,22.61577905017965,DOWN,D:\My-data\Share_P&L\Ichart Data\Screenshot\August26\2026-08-19\Daywise_Price_and_OI_Summary_25AUG26_Report_2026-08-19_093025.xlsx,4009.5,94.6242,4009.5,4011.0,3974.6,3988.1,3988.1,0.0,0.0,1.92,0.0,0.84,0.2,-88.0,,,,,,,,,,,,,94.45,False,,False,,False,,False,,32.86685647012065,NEUTRAL,UNAVAILABLE,UNAVAILABLE,SUPPORT
2026-08-19,DRREDDY,2026-08-19 09:20:08,23.573785950023193,UP,D:\My-data\Share_P&L\Ichart Data\Screenshot\August26\2026-08-19\Daywise_Price_and_OI_Summary_25AUG26_Report_2026-08-19.xlsx,1176.0,23.7552,1176.0,1182.7,1174.8,1181.6,1181.6,0.08,0.02,-2.83,0.0,0.11,0.49,27.0,,,,,,,,,,,,,23.9,True,56.6,False,,False,,False,,44.200848656294205,SUPPORT,UNAVAILABLE,UNAVAILABLE,SUPPORT
2026-08-19,EICHERMOT,2026-08-19 09:35:39,24.71796171884903,DOWN,D:\My-data\Share_P&L\Ichart Data\Screenshot\August26\2026-08-19\Daywise_Price_and_OI_Summary_25AUG26_Report_2026-08-19_093539.xlsx,8050.0,157.78,8050.0,8050.0,8010.5,8011.0,8011.0,-0.57,0.04,-0.05,-2.27,1.65,-0.28,-357.0,,,,,,,,,,,,,151.9,True,288.55,True,293.68333333333334,True,293.68333333333334,False,,61.79490429712258,SUPPORT,UNAVAILABLE,UNAVAILABLE,SUPPORT
2026-08-19,ETERNAL,2026-08-19 09:20:08,48.387449232200204,UP,D:\My-data\Share_P&L\Ichart Data\Screenshot\August26\2026-08-19\Daywise_Price_and_OI_Summary_25AUG26_Report_2026-08-19.xlsx,314.05,9.60993,314.05,318.9,314.05,318.7,318.7,0.49,0.22,4.15,1.56,-0.12,0.32,88.0,,,,,,,,,,,,,9.75,True,5.15,True,5.15,True,5.15,False,,86.88929055674667,SUPPORT,UNAVAILABLE,UNAVAILABLE,SUPPORT
2026-08-19,FEDERALBNK,2026-08-19 10:11:35,26.198518314042424,UP,D:\My-data\Share_P&L\Ichart Data\Screenshot\August26\2026-08-19\Daywise_Price_and_OI_Summary_25AUG26_Report_2026-08-19_101135.xlsx,357.3,7.82487,357.3,359.5,356.05,359.35,359.35,0.1,-0.07,1.05,1.45,-1.43,0.96,171.0,,,,,,,,,,,,,7.6,True,268.05,True,268.05,False,,False,,45.36816586090263,SUPPORT,UNAVAILABLE,UNAVAILABLE,SUPPORT
2026-08-19,FINNIFTY,2026-08-19 10:11:35,23.516042355253248,UP,D:\My-data\Share_P&L\Ichart Data\Screenshot\August26\2026-08-19\Daywise_Price_and_OI_Summary_25AUG26_Report_2026-08-19_101135.xlsx,26027.2,366.98352,26027.2,26113.5,26020.0,26113.5,26113.5,-0.25,-0.73,0.4,-5.8,4.24,-1.4,-965.0,,,,,,,,,,,,,345.3,False,,False,,False,,False,,26.649698057285864,CONTRADICT,UNAVAILABLE,UNAVAILABLE,CONTRADICT
2026-08-19,FORCEMOT,2026-08-19 09:30:25,23.5818930364635,DOWN,D:\My-data\Share_P&L\Ichart Data\Screenshot\August26\2026-08-19\Daywise_Price_and_OI_Summary_25AUG26_Report_2026-08-19_093025.xlsx,18228.0,610.638,18228.0,18248.0,18070.0,18084.0,18084.0,-0.64,0.17,-9.98,0.0,0.22,0.02,-23.0,,,,,,,,,,,,,611.65,True,5.233333333333333,True,46.31666666666667,True,61.85,False,,77.78749439111225,SUPPORT,UNAVAILABLE,UNAVAILABLE,SUPPORT
2026-08-19,FORTIS,2026-08-19 09:20:08,24.07265565160302,DOWN,D:\My-data\Share_P&L\Ichart Data\Screenshot\August26\2026-08-19\Daywise_Price_and_OI_Summary_25AUG26_Report_2026-08-19.xlsx,925.0,22.8475,925.0,925.0,912.05,919.5,919.5,-0.07,0.38,-0.22,2.56,0.56,2.53,101.0,,,,,,,,,,,,,22.7,True,5.15,True,5.15,True,5.15,False,,61.494693073640235,SUPPORT,UNAVAILABLE,UNAVAILABLE,CONTRADICT
2026-08-19,GAIL,2026-08-19 13:06:57,29.886431560072175,UP,D:\My-data\Share_P&L\Ichart Data\Screenshot\August26\2026-08-19\Daywise_Price_and_OI_Summary_25AUG26_Report_2026-08-19_130657.xlsx,172.2,4.11558,172.2,173.59,170.74,173.43,173.43,0.95,-0.69,-3.64,5.71,-7.33,-3.79,1133.0,,,,,,,,,,,,,3.9,False,,False,,False,,False,,30.372389796820865,SUPPORT,UNAVAILABLE,UNAVAILABLE,SUPPORT
2026-08-19,GLENMARK,2026-08-19 09:40:46,69.60282933578571,DOWN,D:\My-data\Share_P&L\Ichart Data\Screenshot\August26\2026-08-19\Daywise_Price_and_OI_Summary_25AUG26_Report_2026-08-19_094046.xlsx,2301.3,52.00938,2301.3,2319.0,2262.9,2265.1,2265.1,-2.24,-0.07,1.71,0.0,0.04,0.42,15.0,,,,,,,,,,,,,54.35,True,5.15,True,5.15,True,5.15,True,61.78333333333333,146.70430603095093,SUPPORT,UNAVAILABLE,UNAVAILABLE,CONTRADICT
2026-08-19,GMRAIRPORT,2026-08-19 09:20:08,38.04645506439446,UP,D:\My-data\Share_P&L\Ichart Data\Screenshot\August26\2026-08-19\Daywise_Price_and_OI_Summary_25AUG26_Report_2026-08-19.xlsx,102.01,2.9174860000000002,102.01,103.44,102.01,103.12,103.12,1.14,0.11,9.96,-4.84,-1.13,-5.85,-222.0,,,,,,,,,,,,,2.95,False,,False,,False,,False,,26.73534680200697,SUPPORT,UNAVAILABLE,UNAVAILABLE,CONTRADICT
2026-08-19,GODFRYPHLP,2026-08-19 09:56:11,28.069366231642405,UP,D:\My-data\Share_P&L\Ichart Data\Screenshot\August26\2026-08-19\Daywise_Price_and_OI_Summary_25AUG26_Report_2026-08-19_095611.xlsx,2114.7,79.08978,2114.7,2141.9,2112.6,2136.9,2136.9,1.23,0.26,3.88,2.44,3.34,6.16,-58.0,,,,,,,,,,,,,84.1,True,175.3,False,,False,,False,,44.6328210800437,SUPPORT,UNAVAILABLE,UNAVAILABLE,CONTRADICT
2026-08-19,GODREJCP,2026-08-19 09:35:39,22.347281044993434,DOWN,D:\My-data\Share_P&L\Ichart Data\Screenshot\August26\2026-08-19\Daywise_Price_and_OI_Summary_25AUG26_Report_2026-08-19_093539.xlsx,934.5,23.269050000000004,934.5,935.3,929.3,929.3,929.3,-0.59,0.01,-2.16,0.0,-1.3,-0.4,236.0,,,,,,,,,,,,,23.15,False,,False,,False,,False,,17.190216188456336,SUPPORT,UNAVAILABLE,UNAVAILABLE,CONTRADICT
2026-08-19,GODREJPROP,2026-08-19 09:20:08,35.74577979339891,DOWN,D:\My-data\Share_P&L\Ichart Data\Screenshot\August26\2026-08-19\Daywise_Price_and_OI_Summary_25AUG26_Report_2026-08-19.xlsx,2016.0,63.504,2016.0,2016.0,1991.2,1993.3,1993.3,-0.94,0.05,1.44,0.0,0.2,0.13,-14.0,,,,,,,,,,,,,62.8,True,10.283333333333333,True,10.283333333333333,True,10.283333333333333,False,,65.35021415973797,SUPPORT,UNAVAILABLE,UNAVAILABLE,SUPPORT
2026-08-19,GRASIM,2026-08-19 10:16:44,28.99905785572147,DOWN,D:\My-data\Share_P&L\Ichart Data\Screenshot\August26\2026-08-19\Daywise_Price_and_OI_Summary_25AUG26_Report_2026-08-19_101644.xlsx,3272.3,76.89905,3272.3,3272.3,3249.3,3250.0,3250.0,-0.7,0.51,-5.9,0.0,-0.15,-1.21,-110.0,,,,,,,,,,,,,72.4,True,15.533333333333333,True,25.816666666666666,True,25.816666666666666,False,,62.54953734799111,SUPPORT,UNAVAILABLE,UNAVAILABLE,SUPPORT
2026-08-19,GVT&D,2026-08-19 09:25:17,43.487674368253494,DOWN,D:\My-data\Share_P&L\Ichart Data\Screenshot\August26\2026-08-19\Daywise_Price_and_OI_Summary_25AUG26_Report_2026-08-19_092517.xlsx,4145.0,161.655,4145.0,4145.0,4073.4,4074.7,4074.7,-3.05,0.45,32.01,-1.75,3.09,1.4,-248.0,,,,,,,,,,,,,184.3,True,5.133333333333334,True,10.366666666666667,True,10.366666666666667,False,,60.00433020939655,SUPPORT,UNAVAILABLE,UNAVAILABLE,SUPPORT
2026-08-19,HAL,2026-08-19 09:30:25,25.95318478018734,DOWN,D:\My-data\Share_P&L\Ichart Data\Screenshot\August26\2026-08-19\Daywise_Price_and_OI_Summary_25AUG26_Report_2026-08-19_093025.xlsx,5081.0,138.7113,5081.0,5099.6,5044.0,5045.0,5045.0,-0.85,0.25,-2.59,0.0,-0.13,-0.97,-188.0,,,,,,,,,,,,,136.85,True,5.233333333333333,False,,False,,False,,43.687861046648955,SUPPORT,UNAVAILABLE,UNAVAILABLE,SUPPORT
2026-08-19,HAVELLS,2026-08-19 09:20:08,32.988671113838315,UP,D:\My-data\Share_P&L\Ichart Data\Screenshot\August26\2026-08-19\Daywise_Price_and_OI_Summary_25AUG26_Report_2026-08-19.xlsx,1290.2,31.22284,1290.2,1304.9,1286.6,1300.5,1300.5,0.73,0.36,5.37,2.17,-1.81,0.96,154.0,,,,,,,,,,,,,31.45,True,195.81666666666666,True,237.11666666666667,True,268.03333333333336,False,,52.205372733550035,SUPPORT,UNAVAILABLE,UNAVAILABLE,SUPPORT
2026-08-19,HCLTECH,2026-08-19 09:20:08,22.673680391801078,UP,D:\My-data\Share_P&L\Ichart Data\Screenshot\August26\2026-08-19\Daywise_Price_and_OI_Summary_25AUG26_Report_2026-08-19.xlsx,1311.2,38.81152,1311.2,1322.7,1311.2,1320.0,1320.0,1.16,0.13,3.89,0.0,1.45,1.03,-140.0,,,,,,,,,,,,,39.1,False,,False,,False,,False,,31.949276915719516,SUPPORT,UNAVAILABLE,UNAVAILABLE,CONTRADICT
2026-08-19,HDFCAMC,2026-08-19 10:42:33,31.73365780731279,UP,D:\My-data\Share_P&L\Ichart Data\Screenshot\August26\2026-08-19\Daywise_Price_and_OI_Summary_25AUG26_Report_2026-08-19_104233.xlsx,2515.9,62.39432,2515.9,2539.9,2501.5,2535.7,2535.7,0.82,-0.1,3.11,7.14,-8.59,-2.4,560.0,,,,,,,,,,,,,67.7,True,30.85,True,206.21666666666667,True,211.35,False,,56.41539165744545,SUPPORT,UNAVAILABLE,UNAVAILABLE,SUPPORT
2026-08-19,HDFCBANK,2026-08-19 09:35:39,22.582992497428187,DOWN,D:\My-data\Share_P&L\Ichart Data\Screenshot\August26\2026-08-19\Daywise_Price_and_OI_Summary_25AUG26_Report_2026-08-19_093539.xlsx,724.6,15.941200000000002,724.6,726.0,720.9,721.0,721.0,-0.43,0.01,-2.25,0.0,0.71,0.71,-759.0,,,,,,,,,,,,,15.4,True,61.733333333333334,False,,False,,False,,44.85233232128056,SUPPORT,UNAVAILABLE,UNAVAILABLE,SUPPORT
2026-08-19,HDFCLIFE,2026-08-19 09:35:39,22.490244856293963,DOWN,D:\My-data\Share_P&L\Ichart Data\Screenshot\August26\2026-08-19\Daywise_Price_and_OI_Summary_25AUG26_Report_2026-08-19_093539.xlsx,538.35,12.005205,538.35,539.55,535.0,535.65,535.65,-0.66,0.05,2.35,0.0,-0.18,-0.67,-39.0,,,,,,,,,,,,,11.7,True,77.18333333333334,False,,False,,False,,40.81562955401409,SUPPORT,UNAVAILABLE,UNAVAILABLE,SUPPORT
2026-08-19,HEROMOTOCO,2026-08-19 09:20:08,26.621422080872332,UP,D:\My-data\Share_P&L\Ichart Data\Screenshot\August26\2026-08-19\Daywise_Price_and_OI_Summary_25AUG26_Report_2026-08-19.xlsx,5680.0,140.864,5680.0,5721.5,5680.0,5717.5,5717.5,-0.17,0.11,3.46,0.0,0.31,0.01,-46.0,,,,,,,,,,,,,141.7,True,5.15,True,46.333333333333336,True,46.333333333333336,False,,62.826556110858704,CONTRADICT,UNAVAILABLE,UNAVAILABLE,CONTRADICT
2026-08-19,HINDALCO,2026-08-19 10:01:20,22.854062163048727,UP,D:\My-data\Share_P&L\Ichart Data\Screenshot\August26\2026-08-19\Daywise_Price_and_OI_Summary_25AUG26_Report_2026-08-19_100120.xlsx,1028.0,25.5972,1028.0,1033.85,1025.0,1033.85,1033.85,-0.74,-0.07,-0.43,1.64,-0.05,1.88,301.0,,,,,,,,,,,,,25.75,False,,False,,False,,False,,35.160095635460124,CONTRADICT,UNAVAILABLE,UNAVAILABLE,SUPPORT
2026-08-19,HINDPETRO,2026-08-19 09:30:25,22.245015303119878,DOWN,D:\My-data\Share_P&L\Ichart Data\Screenshot\August26\2026-08-19\Daywise_Price_and_OI_Summary_25AUG26_Report_2026-08-19_093025.xlsx,367.95,10.339395,367.95,367.95,365.65,365.65,365.65,-0.63,0.02,-2.62,-5.45,10.73,4.88,-540.0,,,,,,,,,,,,,10.25,False,,False,,False,,False,,26.59730090590407,SUPPORT,UNAVAILABLE,UNAVAILABLE,SUPPORT
2026-08-19,HINDUNILVR,2026-08-19 10:27:03,29.192403774861862,DOWN,D:\My-data\Share_P&L\Ichart Data\Screenshot\August26\2026-08-19\Daywise_Price_and_OI_Summary_25AUG26_Report_2026-08-19_102703.xlsx,2037.3,38.7087,2037.3,2043.0,2025.2,2026.0,2026.0,-0.76,0.63,-5.88,-3.51,2.5,-0.52,-984.0,,,,,,,,,,,,,35.45,True,36.083333333333336,True,41.21666666666667,True,190.78333333333333,False,,59.67650683179727,SUPPORT,UNAVAILABLE,UNAVAILABLE,SUPPORT
2026-08-19,HINDZINC,2026-08-19 09:20:08,25.937126048537664,UP,D:\My-data\Share_P&L\Ichart Data\Screenshot\August26\2026-08-19\Daywise_Price_and_OI_Summary_25AUG26_Report_2026-08-19.xlsx,549.0,16.9641,549.0,554.4,549.0,553.4,553.4,-0.96,0.21,3.54,1.89,0.23,1.22,87.0,,,,,,,,,,,,,17.05,True,200.95,True,206.1,True,216.53333333333333,False,,72.2113168396791,CONTRADICT,UNAVAILABLE,UNAVAILABLE,SUPPORT
2026-08-19,HYUNDAI,2026-08-19 09:35:39,25.691378039405155,DOWN,D:\My-data\Share_P&L\Ichart Data\Screenshot\August26\2026-08-19\Daywise_Price_and_OI_Summary_25AUG26_Report_2026-08-19_093539.xlsx,2184.2,60.72075999999999,2184.2,2184.2,2168.0,2168.6,2168.6,-1.27,0.02,-2.09,-2.2,-0.01,-2.36,-164.0,,,,,,,,,,,,,57.65,True,51.4,True,82.33333333333333,True,82.33333333333333,False,,51.21806775804579,SUPPORT,UNAVAILABLE,UNAVAILABLE,SUPPORT
2026-08-19,ICICIBANK,2026-08-19 09:35:39,27.54596583342152,DOWN,D:\My-data\Share_P&L\Ichart Data\Screenshot\August26\2026-08-19\Daywise_Price_and_OI_Summary_25AUG26_Report_2026-08-19_093539.xlsx,1415.2,25.04904,1415.2,1417.7,1408.3,1408.3,1408.3,-0.49,0.02,-2.1,0.0,0.74,0.19,-273.0,,,,,,,,,,,,,24.65,True,92.61666666666666,True,97.75,True,180.3,False,,78.64572853889827,SUPPORT,UNAVAILABLE,UNAVAILABLE,SUPPORT
2026-08-19,ICICIPRULI,2026-08-19 09:20:08,41.012129648041274,DOWN,D:\My-data\Share_P&L\Ichart Data\Screenshot\August26\2026-08-19\Daywise_Price_and_OI_Summary_25AUG26_Report_2026-08-19.xlsx,502.9,12.069599999999998,502.9,504.15,497.25,497.95,497.95,-0.66,0.04,5.53,0.0,-0.02,0.11,5.0,,,,,,,,,,,,,11.95,True,10.283333333333333,True,10.283333333333333,True,10.283333333333333,False,,68.35354941340228,SUPPORT,UNAVAILABLE,UNAVAILABLE,CONTRADICT
2026-08-19,IDEA,2026-08-19 09:30:25,24.399765762248833,DOWN,D:\My-data\Share_P&L\Ichart Data\Screenshot\August26\2026-08-19\Daywise_Price_and_OI_Summary_25AUG26_Report_2026-08-19_093025.xlsx,14.17,0.5327919999999999,14.17,14.25,14.03,14.04,14.04,-0.78,0.07,2.94,0.0,0.6,0.52,-39.0,,,,,,,,,,,,,0.53,True,66.96666666666667,True,92.71666666666667,True,97.85,False,,50.6764365831318,SUPPORT,UNAVAILABLE,UNAVAILABLE,SUPPORT
2026-08-19,IDFCFIRSTB,2026-08-19 09:35:39,23.6096418144916,DOWN,D:\My-data\Share_P&L\Ichart Data\Screenshot\August26\2026-08-19\Daywise_Price_and_OI_Summary_25AUG26_Report_2026-08-19_093539.xlsx,85.7,2.20249,85.7,85.7,85.18,85.18,85.18,0.16,0.04,-0.18,1.35,-0.5,0.43,114.0,,,,,,,,,,,,,1.99,False,,False,,False,,False,,23.6096418144916,CONTRADICT,UNAVAILABLE,UNAVAILABLE,CONTRADICT
2026-08-19,IEX,2026-08-19 09:20:08,28.91456777884498,DOWN,D:\My-data\Share_P&L\Ichart Data\Screenshot\August26\2026-08-19\Daywise_Price_and_OI_Summary_25AUG26_Report_2026-08-19.xlsx,124.15,3.389295,124.15,124.16,123.13,123.17,123.17,-0.44,-0.01,2.89,-1.75,0.12,0.0,,,,,,,,,,,,,,3.37,True,10.283333333333333,True,10.283333333333333,True,15.516666666666667,False,,53.10838979787865,SUPPORT,UNAVAILABLE,UNAVAILABLE,UNAVAILABLE
2026-08-19,INDHOTEL,2026-08-19 10:16:44,31.14835213860987,UP,D:\My-data\Share_P&L\Ichart Data\Screenshot\August26\2026-08-19\Daywise_Price_and_OI_Summary_25AUG26_Report_2026-08-19_101644.xlsx,716.75,15.410125,716.75,722.2,714.75,721.55,721.55,0.48,-0.21,-1.95,1.54,-2.76,-0.75,122.0,,,,,,,,,,,,,15.2,True,190.83333333333334,True,190.83333333333334,True,195.98333333333332,False,,58.72762226133762,SUPPORT,UNAVAILABLE,UNAVAILABLE,SUPPORT
2026-08-19,INDIANB,2026-08-19 09:30:25,23.551214238832564,DOWN,D:\My-data\Share_P&L\Ichart Data\Screenshot\August26\2026-08-19\Daywise_Price_and_OI_Summary_25AUG26_Report_2026-08-19_093025.xlsx,878.0,25.901000000000003,878.0,878.0,871.9,871.9,871.9,-0.69,0.13,-4.11,1.37,-1.17,0.18,100.0,,,,,,,,,,,,,25.9,False,,False,,False,,False,,38.60854793251225,SUPPORT,UNAVAILABLE,UNAVAILABLE,CONTRADICT
2026-08-19,INDIGO,2026-08-19 09:20:08,28.549608513493258,UP,D:\My-data\Share_P&L\Ichart Data\Screenshot\August26\2026-08-19\Daywise_Price_and_OI_Summary_25AUG26_Report_2026-08-19.xlsx,5170.0,140.107,5170.0,5211.0,5165.0,5210.0,5210.0,-0.13,0.27,-1.3,0.0,0.19,1.12,116.0,,,,,,,,,,,,,141.2,False,,False,,False,,False,,24.980907449306603,CONTRADICT,UNAVAILABLE,UNAVAILABLE,SUPPORT
2026-08-19,INDUSINDBK,2026-08-19 11:28:50,23.460104788467955,DOWN,D:\My-data\Share_P&L\Ichart Data\Screenshot\August26\2026-08-19\Daywise_Price_and_OI_Summary_25AUG26_Report_2026-08-19_112850.xlsx,1014.0,23.0178,1014.0,1014.4,1008.5,1008.6,1008.6,-0.61,3.26,-2.66,-5.88,-0.39,-7.09,-349.0,,,,,,,,,,,,,22.7,False,,False,,False,,False,,25.632336713326108,SUPPORT,UNAVAILABLE,UNAVAILABLE,SUPPORT
2026-08-19,INDUSTOWER,2026-08-19 12:35:57,24.505538251644758,DOWN,D:\My-data\Share_P&L\Ichart Data\Screenshot\August26\2026-08-19\Daywise_Price_and_OI_Summary_25AUG26_Report_2026-08-19_123557.xlsx,373.05,9.99774,373.05,374.8,369.75,370.6,370.6,-1.11,-0.18,2.11,-4.84,5.37,0.42,-765.0,,,,,,,,,,,,,10.2,False,,False,,False,,False,,30.50689455817026,SUPPORT,UNAVAILABLE,UNAVAILABLE,SUPPORT
2026-08-19,INFY,2026-08-19 11:13:24,24.197256031165672,DOWN,D:\My-data\Share_P&L\Ichart Data\Screenshot\August26\2026-08-19\Daywise_Price_and_OI_Summary_25AUG26_Report_2026-08-19_111324.xlsx,1127.1,34.71468,1127.1,1137.3,1118.2,1118.7,1118.7,-0.1,-0.24,-4.63,-1.25,0.94,-0.93,-1363.0,,,,,,,,,,,,,29.7,False,,False,,False,,False,,17.571816879775096,SUPPORT,UNAVAILABLE,UNAVAILABLE,SUPPORT
2026-08-19,INOXWIND,2026-08-19 09:20:08,33.51516641078094,DOWN,D:\My-data\Share_P&L\Ichart Data\Screenshot\August26\2026-08-19\Daywise_Price_and_OI_Summary_25AUG26_Report_2026-08-19.xlsx,74.95,3.13291,74.95,74.95,73.88,73.9,73.9,-1.41,0.24,0.22,0.0,0.19,0.04,-16.0,,,,,,,,,,,,,3.09,False,,False,,False,,False,,31.919206105505744,SUPPORT,UNAVAILABLE,UNAVAILABLE,SUPPORT
2026-08-19,IOC,2026-08-19 09:25:17,28.452381929454283,UP,D:\My-data\Share_P&L\Ichart Data\Screenshot\August26\2026-08-19\Daywise_Price_and_OI_Summary_25AUG26_Report_2026-08-19_092517.xlsx,136.9,3.6552300000000004,136.9,138.09,136.9,137.94,137.94,0.14,0.02,-3.77,0.0,-0.35,-0.2,15.0,,,,,,,,,,,,,3.47,False,,False,,False,,False,,19.424222278762425,SUPPORT,UNAVAILABLE,UNAVAILABLE,SUPPORT
2026-08-19,IREDA,2026-08-19 09:56:11,22.201101174618103,UP,D:\My-data\Share_P&L\Ichart Data\Screenshot\August26\2026-08-19\Daywise_Price_and_OI_Summary_25AUG26_Report_2026-08-19_095611.xlsx,113.76,3.3331680000000006,113.76,114.95,113.23,114.5,114.5,0.44,0.84,-1.87,0.0,-1.05,-1.81,1.0,,,,,,,,,,,,,3.26,False,,False,,False,,False,,32.70162200045089,SUPPORT,UNAVAILABLE,UNAVAILABLE,SUPPORT
2026-08-19,IRFC,2026-08-19 10:32:16,29.003871110422295,DOWN,D:\My-data\Share_P&L\Ichart Data\Screenshot\August26\2026-08-19\Daywise_Price_and_OI_Summary_25AUG26_Report_2026-08-19_103216.xlsx,85.86,2.2066019999999997,85.86,87.0,85.11,85.22,85.22,-0.88,0.52,-4.77,-1.82,0.4,-1.6,-179.0,,,,,,,,,,,,,2.15,False,,False,,False,,False,,34.44209694362668,SUPPORT,UNAVAILABLE,UNAVAILABLE,SUPPORT
2026-08-19,ITC,2026-08-19 09:25:17,24.518096807253436,UP,D:\My-data\Share_P&L\Ichart Data\Screenshot\August26\2026-08-19\Daywise_Price_and_OI_Summary_25AUG26_Report_2026-08-19_092517.xlsx,269.75,5.098275,269.75,271.25,269.6,271.0,271.0,0.06,0.05,-0.72,0.0,0.5,0.37,-233.0,,,,,,,,,,,,,5.1,True,221.66666666666666,True,242.28333333333333,True,252.55,False,,69.63139493259997,SUPPORT,UNAVAILABLE,UNAVAILABLE,CONTRADICT
2026-08-19,JINDALSTEL,2026-08-19 09:45:55,22.40960194469801,UP,D:\My-data\Share_P&L\Ichart Data\Screenshot\August26\2026-08-19\Daywise_Price_and_OI_Summary_25AUG26_Report_2026-08-19_094555.xlsx,1097.0,26.327999999999996,1097.0,1103.1,1093.1,1102.9,1102.9,0.08,0.31,-1.54,0.0,1.22,0.8,-47.0,,,,,,,,,,,,,25.7,True,15.416666666666666,True,15.416666666666666,True,15.416666666666666,False,,93.05682163476149,SUPPORT,UNAVAILABLE,UNAVAILABLE,CONTRADICT
2026-08-19,JIOFIN,2026-08-19 10:52:50,25.38804250644471,DOWN,D:\My-data\Share_P&L\Ichart Data\Screenshot\August26\2026-08-19\Daywise_Price_and_OI_Summary_25AUG26_Report_2026-08-19_105250.xlsx,245.35,7.286895,245.35,246.15,243.4,243.5,243.5,-0.77,0.16,-13.68,0.0,-0.5,-0.55,143.0,,,,,,,,,,,,,6.55,False,,False,,False,,False,,34.994328860234475,SUPPORT,UNAVAILABLE,UNAVAILABLE,CONTRADICT
2026-08-19,JSWENERGY,2026-08-19 09:35:39,24.486658917823238,DOWN,D:\My-data\Share_P&L\Ichart Data\Screenshot\August26\2026-08-19\Daywise_Price_and_OI_Summary_25AUG26_Report_2026-08-19_093539.xlsx,548.05,12.659955,548.05,548.1,544.65,544.95,544.95,-1.08,0.05,-0.38,0.0,-0.65,-0.84,8.0,,,,,,,,,,,,,12.7,True,61.733333333333334,True,77.18333333333334,True,97.75,False,,54.50256339773701,SUPPORT,UNAVAILABLE,UNAVAILABLE,CONTRADICT
2026-08-19,JSWSTEEL,2026-08-19 10:01:20,33.894439299473035,UP,D:\My-data\Share_P&L\Ichart Data\Screenshot\August26\2026-08-19\Daywise_Price_and_OI_Summary_25AUG26_Report_2026-08-19_100120.xlsx,1270.1,28.32323,1270.1,1281.4,1262.7,1279.7,1279.7,0.7,0.06,0.23,0.0,-2.29,-1.84,80.0,,,,,,,,,,,,,29.35,True,5.133333333333334,True,190.76666666666668,False,,False,,46.604854036774924,SUPPORT,UNAVAILABLE,UNAVAILABLE,SUPPORT
2026-08-19,JUBLFOOD,2026-08-19 11:03:08,22.79965257672248,DOWN,D:\My-data\Share_P&L\Ichart Data\Screenshot\August26\2026-08-19\Daywise_Price_and_OI_Summary_25AUG26_Report_2026-08-19_110308.xlsx,502.4,13.815999999999999,502.4,505.3,498.6,499.25,499.25,-0.83,0.36,1.55,1.59,-3.13,-1.29,302.0,,,,,,,,,,,,,14.0,False,,False,,False,,False,,37.637521713954754,SUPPORT,UNAVAILABLE,UNAVAILABLE,CONTRADICT
2026-08-19,KALYANKJIL,2026-08-19 09:20:08,26.578073089701164,DOWN,D:\My-data\Share_P&L\Ichart Data\Screenshot\August26\2026-08-19\Daywise_Price_and_OI_Summary_25AUG26_Report_2026-08-19.xlsx,602.0,27.09,602.0,603.55,592.5,594.8,594.8,-1.7,-0.34,1.03,0.0,0.81,-0.15,-219.0,,,,,,,,,,,,,26.75,True,10.283333333333333,True,10.283333333333333,False,,False,,48.541897379106594,SUPPORT,UNAVAILABLE,UNAVAILABLE,SUPPORT
2026-08-19,KAYNES,2026-08-19 10:01:20,74.70390440375331,UP,D:\My-data\Share_P&L\Ichart Data\Screenshot\August26\2026-08-19\Daywise_Price_and_OI_Summary_25AUG26_Report_2026-08-19_100120.xlsx,3659.1,155.14584000000002,3659.1,3779.8,3640.0,3775.0,3775.0,3.33,0.64,10.24,2.7,-2.03,-0.39,226.0,,,,,,,,,,,,,183.3,True,5.133333333333334,True,5.133333333333334,True,5.133333333333334,True,242.26666666666668,110.73451921108561,SUPPORT,UNAVAILABLE,UNAVAILABLE,SUPPORT
2026-08-19,KEI,2026-08-19 09:20:08,44.98192072801508,DOWN,D:\My-data\Share_P&L\Ichart Data\Screenshot\August26\2026-08-19\Daywise_Price_and_OI_Summary_25AUG26_Report_2026-08-19.xlsx,5780.1,158.95275,5780.1,5780.1,5699.1,5708.6,5708.6,-1.09,0.08,-0.57,-1.16,0.96,-0.2,-78.0,,,,,,,,,,,,,157.1,True,5.15,True,5.15,True,5.15,False,,68.19636653030572,SUPPORT,UNAVAILABLE,UNAVAILABLE,SUPPORT
2026-08-19,KFINTECH,2026-08-19 11:13:24,23.690033552479996,DOWN,D:\My-data\Share_P&L\Ichart Data\Screenshot\August26\2026-08-19\Daywise_Price_and_OI_Summary_25AUG26_Report_2026-08-19_111324.xlsx,947.75,29.759349999999998,947.75,955.2,938.15,940.7,940.7,-0.75,1.56,-1.26,-7.69,4.66,-3.87,-383.0,,,,,,,,,,,,,30.9,False,,False,,False,,False,,28.22642295614648,SUPPORT,UNAVAILABLE,UNAVAILABLE,SUPPORT
2026-08-19,KOTAKBANK,2026-08-19 13:06:57,22.4912846272071,UP,D:\My-data\Share_P&L\Ichart Data\Screenshot\August26\2026-08-19\Daywise_Price_and_OI_Summary_25AUG26_Report_2026-08-19_130657.xlsx,388.5,8.0031,388.5,390.9,386.8,390.3,390.3,0.35,0.01,-8.36,10.17,-7.44,1.58,1540.0,,,,,,,,,,,,,7.3,True,92.68333333333334,False,,False,,False,,43.733053441791306,SUPPORT,UNAVAILABLE,UNAVAILABLE,SUPPORT
2026-08-19,KPITTECH,2026-08-19 09:25:17,34.878969974189566,DOWN,D:\My-data\Share_P&L\Ichart Data\Screenshot\August26\2026-08-19\Daywise_Price_and_OI_Summary_25AUG26_Report_2026-08-19_092517.xlsx,604.5,20.069399999999998,604.5,609.45,597.35,597.5,597.5,-0.33,0.15,5.52,-4.17,1.31,-1.18,-297.0,,,,,,,,,,,,,20.1,True,46.3,True,61.766666666666666,True,66.98333333333333,False,,71.50188844708872,SUPPORT,UNAVAILABLE,UNAVAILABLE,SUPPORT
2026-08-19,LAURUSLABS,2026-08-19 09:40:46,22.377926239747875,DOWN,D:\My-data\Share_P&L\Ichart Data\Screenshot\August26\2026-08-19\Daywise_Price_and_OI_Summary_25AUG26_Report_2026-08-19_094046.xlsx,1805.0,46.0275,1805.0,1816.0,1792.9,1794.7,1794.7,-1.18,-0.03,-1.72,0.0,-1.78,-0.68,171.0,,,,,,,,,,,,,44.0,False,,False,,False,,False,,26.071370376405405,SUPPORT,UNAVAILABLE,UNAVAILABLE,CONTRADICT
2026-08-19,LICHSGFIN,2026-08-19 09:40:46,26.034363532890232,DOWN,D:\My-data\Share_P&L\Ichart Data\Screenshot\August26\2026-08-19\Daywise_Price_and_OI_Summary_25AUG26_Report_2026-08-19_094046.xlsx,490.9,10.947069999999998,490.9,491.15,487.5,488.05,488.05,-0.95,-0.05,1.84,0.0,0.53,-0.01,-86.0,,,,,,,,,,,,,10.65,False,,False,,False,,False,,17.35624235526015,SUPPORT,UNAVAILABLE,UNAVAILABLE,SUPPORT
2026-08-19,LICI,2026-08-19 09:56:11,30.998502713830916,UP,D:\My-data\Share_P&L\Ichart Data\Screenshot\August26\2026-08-19\Daywise_Price_and_OI_Summary_25AUG26_Report_2026-08-19_095611.xlsx,411.0,8.5488,411.0,413.75,410.95,413.65,413.65,0.68,-0.24,9.96,0.0,-0.04,-0.02,5.0,,,,,,,,,,,,,7.95,True,180.48333333333332,True,180.48333333333332,True,185.61666666666667,False,,51.46921205315339,SUPPORT,UNAVAILABLE,UNAVAILABLE,SUPPORT
2026-08-19,LODHA,2026-08-19 09:20:08,31.91261414458238,DOWN,D:\My-data\Share_P&L\Ichart Data\Screenshot\August26\2026-08-19\Daywise_Price_and_OI_Summary_25AUG26_Report_2026-08-19.xlsx,1222.0,43.8698,1222.0,1222.0,1204.9,1208.0,1208.0,-0.62,0.0,-1.6,0.0,0.25,-0.46,-50.0,,,,,,,,,,,,,43.35,True,5.15,True,10.283333333333333,True,15.516666666666667,False,,61.54575585026601,SUPPORT,UNAVAILABLE,UNAVAILABLE,SUPPORT
2026-08-19,LT,2026-08-19 09:25:17,22.382102598005442,DOWN,D:\My-data\Share_P&L\Ichart Data\Screenshot\August26\2026-08-19\Daywise_Price_and_OI_Summary_25AUG26_Report_2026-08-19_092517.xlsx,4068.1,77.2939,4068.1,4073.8,4043.8,4050.8,4050.8,-0.45,0.11,-3.91,-1.52,0.56,-0.24,-231.0,,,,,,,,,,,,,73.8,True,10.366666666666667,True,221.66666666666666,True,221.66666666666666,False,,56.79620254638477,SUPPORT,UNAVAILABLE,UNAVAILABLE,SUPPORT
2026-08-19,LTF,2026-08-19 09:20:08,59.19587599051379,DOWN,D:\My-data\Share_P&L\Ichart Data\Screenshot\August26\2026-08-19\Daywise_Price_and_OI_Summary_25AUG26_Report_2026-08-19.xlsx,326.4,11.06496,326.4,326.65,319.2,319.85,319.85,-1.84,0.87,5.75,-5.06,6.47,1.1,-528.0,,,,,,,,,,,,,10.85,True,5.15,True,5.15,True,5.15,True,10.283333333333333,116.58424431719571,SUPPORT,UNAVAILABLE,UNAVAILABLE,SUPPORT
2026-08-19,LTM,2026-08-19 09:40:46,22.98609741668321,UP,D:\My-data\Share_P&L\Ichart Data\Screenshot\August26\2026-08-19\Daywise_Price_and_OI_Summary_25AUG26_Report_2026-08-19_094046.xlsx,4610.0,162.27200000000002,4610.0,4651.5,4599.0,4647.3,4647.3,1.31,-0.06,7.9,0.0,4.64,4.08,-242.0,,,,,,,,,,,,,172.9,True,87.5,True,87.5,False,,False,,49.17669098797092,SUPPORT,UNAVAILABLE,UNAVAILABLE,CONTRADICT
2026-08-19,LUPIN,2026-08-19 09:20:08,23.42181574838278,DOWN,D:\My-data\Share_P&L\Ichart Data\Screenshot\August26\2026-08-19\Daywise_Price_and_OI_Summary_25AUG26_Report_2026-08-19.xlsx,2241.5,44.83,2241.5,2241.5,2220.8,2231.0,2231.0,0.06,0.05,-1.43,2.33,-0.04,0.34,42.0,,,,,,,,,,,,,44.55,True,103.0,True,123.56666666666666,True,195.81666666666666,False,,66.0272139192503,CONTRADICT,UNAVAILABLE,UNAVAILABLE,CONTRADICT
2026-08-19,M&M,2026-08-19 09:20:08,22.561278727390693,DOWN,D:\My-data\Share_P&L\Ichart Data\Screenshot\August26\2026-08-19\Daywise_Price_and_OI_Summary_25AUG26_Report_2026-08-19.xlsx,3411.0,78.45299999999999,3411.0,3411.0,3390.0,3393.3,3393.3,-0.7,0.02,1.57,0.0,-0.11,-0.58,-102.0,,,,,,,,,,,,,77.85,False,,False,,False,,False,,39.51410398582592,SUPPORT,UNAVAILABLE,UNAVAILABLE,SUPPORT
2026-08-19,MANAPPURAM,2026-08-19 10:06:28,22.073032584793573,DOWN,D:\My-data\Share_P&L\Ichart Data\Screenshot\August26\2026-08-19\Daywise_Price_and_OI_Summary_25AUG26_Report_2026-08-19_100628.xlsx,344.0,12.005600000000001,344.0,344.0,341.25,341.35,341.35,-1.22,-0.13,-18.47,2.08,-2.38,-0.29,213.0,,,,,,,,,,,,,10.5,True,190.78333333333333,True,195.93333333333334,True,201.1,False,,58.306123808889176,SUPPORT,UNAVAILABLE,UNAVAILABLE,CONTRADICT
2026-08-19,MANKIND,2026-08-19 09:20:08,40.057617120515566,UP,D:\My-data\Share_P&L\Ichart Data\Screenshot\August26\2026-08-19\Daywise_Price_and_OI_Summary_25AUG26_Report_2026-08-19.xlsx,2390.0,72.895,2390.0,2419.3,2390.0,2419.2,2419.2,0.95,0.0,6.24,0.0,-0.61,0.26,73.0,,,,,,,,,,,,,73.6,False,,False,,False,,False,,39.097331778585634,SUPPORT,UNAVAILABLE,UNAVAILABLE,SUPPORT
2026-08-19,MARICO,2026-08-19 09:25:17,27.444971387895094,UP,D:\My-data\Share_P&L\Ichart Data\Screenshot\August26\2026-08-19\Daywise_Price_and_OI_Summary_25AUG26_Report_2026-08-19_092517.xlsx,848.4,17.30736,848.4,853.55,839.9,853.15,853.15,0.83,-0.05,13.59,-3.39,3.15,-0.13,-257.0,,,,,,,,,,,,,19.0,False,,False,,False,,False,,30.33391574451563,SUPPORT,UNAVAILABLE,UNAVAILABLE,CONTRADICT
2026-08-19,MARUTI,2026-08-19 09:20:08,25.925490141333807,DOWN,D:\My-data\Share_P&L\Ichart Data\Screenshot\August26\2026-08-19\Daywise_Price_and_OI_Summary_25AUG26_Report_2026-08-19.xlsx,13738.0,300.8622,13738.0,13738.0,13649.0,13660.0,13660.0,-0.69,0.21,-1.24,0.0,0.89,0.2,-413.0,,,,,,,,,,,,,298.55,False,,False,,False,,False,,33.57018595223993,SUPPORT,UNAVAILABLE,UNAVAILABLE,SUPPORT
2026-08-19,MAXHEALTH,2026-08-19 09:30:25,29.78286166498993,DOWN,D:\My-data\Share_P&L\Ichart Data\Screenshot\August26\2026-08-19\Daywise_Price_and_OI_Summary_25AUG26_Report_2026-08-19_093025.xlsx,1018.2,28.204140000000002,1018.2,1018.2,1005.0,1009.8,1009.8,-0.55,0.0,-0.11,0.0,1.63,1.63,-94.0,,,,,,,,,,,,,27.3,True,15.5,True,185.53333333333333,True,185.53333333333333,False,,57.438376068194394,SUPPORT,UNAVAILABLE,UNAVAILABLE,SUPPORT
2026-08-19,MAZDOCK,2026-08-19 09:30:25,33.415564027809125,DOWN,D:\My-data\Share_P&L\Ichart Data\Screenshot\August26\2026-08-19\Daywise_Price_and_OI_Summary_25AUG26_Report_2026-08-19_093025.xlsx,2600.0,89.18,2600.0,2606.7,2568.0,2570.2,2570.2,-0.93,0.12,4.37,-1.92,1.61,-0.78,-336.0,,,,,,,,,,,,,85.95,True,5.233333333333333,True,15.5,True,20.633333333333333,False,,63.69141063018634,SUPPORT,UNAVAILABLE,UNAVAILABLE,SUPPORT
2026-08-19,MCX,2026-08-19 09:30:25,34.02683258798367,DOWN,D:\My-data\Share_P&L\Ichart Data\Screenshot\August26\2026-08-19\Daywise_Price_and_OI_Summary_25AUG26_Report_2026-08-19_093025.xlsx,3058.0,113.146,3058.0,3067.7,3015.0,3019.5,3019.5,-0.58,1.04,3.44,-8.25,9.41,0.3,-2213.0,,,,,,,,,,,,,109.85,True,10.35,True,15.5,True,66.96666666666667,False,,97.131140296608,SUPPORT,UNAVAILABLE,UNAVAILABLE,SUPPORT
2026-08-19,MFSL,2026-08-19 09:20:08,36.89647902171643,DOWN,D:\My-data\Share_P&L\Ichart Data\Screenshot\August26\2026-08-19\Daywise_Price_and_OI_Summary_25AUG26_Report_2026-08-19.xlsx,1581.0,41.7384,1581.0,1581.0,1564.0,1565.6,1565.6,-0.92,0.05,4.33,-1.92,0.68,-0.63,-65.0,,,,,,,,,,,,,41.4,True,10.283333333333333,True,15.516666666666667,True,46.333333333333336,False,,56.06348111091967,SUPPORT,UNAVAILABLE,UNAVAILABLE,SUPPORT
2026-08-19,MIDCPNIFTY,2026-08-19 10:16:44,28.248160165448553,UP,D:\My-data\Share_P&L\Ichart Data\Screenshot\August26\2026-08-19\Daywise_Price_and_OI_Summary_25AUG26_Report_2026-08-19_101644.xlsx,14832.55,191.33989499999998,14832.55,14898.1,14798.95,14886.6,14886.6,0.09,9.05,-0.58,4.6,7.22,11.14,1578.0,,,,,,,,,,,,,184.45,False,,False,,False,,False,,36.58411122259684,SUPPORT,UNAVAILABLE,UNAVAILABLE,SUPPORT
2026-08-19,MOTHERSON,2026-08-19 09:20:08,22.072553078524866,DOWN,D:\My-data\Share_P&L\Ichart Data\Screenshot\August26\2026-08-19\Daywise_Price_and_OI_Summary_25AUG26_Report_2026-08-19.xlsx,171.05,5.02887,171.05,171.05,169.94,169.94,169.94,-0.09,0.41,7.55,0.94,-0.05,0.36,41.0,,,,,,,,,,,,,4.99,False,,False,,False,,False,,39.17381041864273,SUPPORT,UNAVAILABLE,UNAVAILABLE,CONTRADICT
2026-08-19,MOTILALOFS,2026-08-19 09:40:46,25.92770070122138,DOWN,D:\My-data\Share_P&L\Ichart Data\Screenshot\August26\2026-08-19\Daywise_Price_and_OI_Summary_25AUG26_Report_2026-08-19_094046.xlsx,940.2,26.41962,940.2,943.1,930.3,933.35,933.35,-0.93,0.55,1.92,0.0,0.3,0.03,-12.0,,,,,,,,,,,,,25.8,True,273.1333333333333,False,,False,,False,,42.014230333365546,SUPPORT,UNAVAILABLE,UNAVAILABLE,SUPPORT
2026-08-19,MPHASIS,2026-08-19 09:25:17,22.525317997728976,DOWN,D:\My-data\Share_P&L\Ichart Data\Screenshot\August26\2026-08-19\Daywise_Price_and_OI_Summary_25AUG26_Report_2026-08-19_092517.xlsx,2458.0,87.0132,2458.0,2477.2,2438.0,2438.4,2438.4,-0.42,0.08,6.41,-2.04,2.4,1.27,-106.0,,,,,,,,,,,,,88.0,True,56.583333333333336,True,72.1,True,97.85,False,,75.04608496182209,SUPPORT,UNAVAILABLE,UNAVAILABLE,SUPPORT
2026-08-19,MUTHOOTFIN,2026-08-19 09:20:08,25.177754949946625,DOWN,D:\My-data\Share_P&L\Ichart Data\Screenshot\August26\2026-08-19\Daywise_Price_and_OI_Summary_25AUG26_Report_2026-08-19.xlsx,2889.9,77.44932,2889.9,2890.1,2865.4,2870.4,2870.4,-1.15,0.12,4.17,2.04,0.86,2.31,53.0,,,,,,,,,,,,,76.95,True,20.633333333333333,True,128.7,False,,False,,46.352892446312104,SUPPORT,UNAVAILABLE,UNAVAILABLE,CONTRADICT
2026-08-19,NAM-INDIA,2026-08-19 10:11:35,33.40985267332732,UP,D:\My-data\Share_P&L\Ichart Data\Screenshot\August26\2026-08-19\Daywise_Price_and_OI_Summary_25AUG26_Report_2026-08-19_101135.xlsx,1182.0,37.1148,1182.0,1194.4,1174.8,1194.4,1194.4,1.43,15.22,14.4,-2.63,0.89,-3.07,-70.0,,,,,,,,,,,,,46.1,True,144.36666666666667,True,144.36666666666667,True,144.36666666666667,True,268.05,101.57672949874454,SUPPORT,UNAVAILABLE,UNAVAILABLE,CONTRADICT
2026-08-19,NATIONALUM,2026-08-19 11:03:08,26.663158356356696,UP,D:\My-data\Share_P&L\Ichart Data\Screenshot\August26\2026-08-19\Daywise_Price_and_OI_Summary_25AUG26_Report_2026-08-19_110308.xlsx,380.05,14.251875,380.05,384.15,378.15,383.85,383.85,-0.66,-0.07,-4.11,0.0,0.19,0.16,-15.0,,,,,,,,,,,,,13.75,False,,False,,False,,False,,39.64390650353008,CONTRADICT,UNAVAILABLE,UNAVAILABLE,CONTRADICT
2026-08-19,NAUKRI,2026-08-19 09:30:25,25.8990562486477,UP,D:\My-data\Share_P&L\Ichart Data\Screenshot\August26\2026-08-19\Daywise_Price_and_OI_Summary_25AUG26_Report_2026-08-19_093025.xlsx,1358.8,38.99756,1358.8,1368.9,1358.8,1368.9,1368.9,1.18,0.19,5.84,0.0,1.46,2.02,-4.0,,,,,,,,,,,,,40.45,True,231.98333333333332,True,247.41666666666666,True,252.6,False,,53.33667029424394,SUPPORT,UNAVAILABLE,UNAVAILABLE,CONTRADICT
2026-08-19,NESTLEIND,2026-08-19 09:25:17,24.11981709561828,UP,D:\My-data\Share_P&L\Ichart Data\Screenshot\August26\2026-08-19\Daywise_Price_and_OI_Summary_25AUG26_Report_2026-08-19_092517.xlsx,1472.4,31.509360000000004,1472.4,1480.3,1463.5,1480.0,1480.0,1.06,-0.17,6.68,1.82,-0.8,0.91,146.0,,,,,,,,,,,,,33.85,False,,False,,False,,False,,38.71865375875627,SUPPORT,UNAVAILABLE,UNAVAILABLE,SUPPORT
2026-08-19,NHPC,2026-08-19 09:30:25,29.07145764288579,DOWN,D:\My-data\Share_P&L\Ichart Data\Screenshot\August26\2026-08-19\Daywise_Price_and_OI_Summary_25AUG26_Report_2026-08-19_093025.xlsx,76.44,1.857492,76.44,76.44,75.9,75.9,75.9,-0.55,0.03,4.1,-1.52,0.78,-0.27,-81.0,,,,,,,,,,,,,1.81,True,10.35,False,,False,,False,,42.530465810888664,SUPPORT,UNAVAILABLE,UNAVAILABLE,SUPPORT
2026-08-19,NIFTY,2026-08-19 09:30:25,23.38902259613473,DOWN,D:\My-data\Share_P&L\Ichart Data\Screenshot\August26\2026-08-19\Daywise_Price_and_OI_Summary_25AUG26_Report_2026-08-19_093025.xlsx,24201.0,256.5306,24201.0,24201.0,24133.6,24141.0,24141.0,-0.37,0.49,2.96,1.22,18.52,20.08,-46820.0,,,,,,,,,,,,,253.7,False,,False,,False,,False,,39.37152137016013,SUPPORT,UNAVAILABLE,UNAVAILABLE,SUPPORT
2026-08-19,NIFTYNXT50,2026-08-19 09:25:17,25.692239528112125,DOWN,D:\My-data\Share_P&L\Ichart Data\Screenshot\August26\2026-08-19\Daywise_Price_and_OI_Summary_25AUG26_Report_2026-08-19_092517.xlsx,74362.0,1412.878,73965.4,74016.8,73965.4,73999.0,73999.0,-0.29,0.27,33.23,0.0,0.0,0.57,,,,,,,,,,,,,,1410.0,True,10.366666666666667,True,10.366666666666667,False,,False,,46.21772014285735,SUPPORT,UNAVAILABLE,UNAVAILABLE,UNAVAILABLE
2026-08-19,NMDC,2026-08-19 10:01:20,22.619216576780747,UP,D:\My-data\Share_P&L\Ichart Data\Screenshot\August26\2026-08-19\Daywise_Price_and_OI_Summary_25AUG26_Report_2026-08-19_100120.xlsx,83.2,2.2547200000000003,83.2,83.94,83.11,83.71,83.71,-0.52,0.18,-4.17,-2.08,-0.2,-1.67,-70.0,,,,,,,,,,,,,2.24,False,,False,,False,,False,,23.062730627306095,CONTRADICT,UNAVAILABLE,UNAVAILABLE,CONTRADICT
2026-08-19,NTPC,2026-08-19 09:25:17,29.958913490071083,UP,D:\My-data\Share_P&L\Ichart Data\Screenshot\August26\2026-08-19\Daywise_Price_and_OI_Summary_25AUG26_Report_2026-08-19_092517.xlsx,337.0,7.009600000000001,337.0,339.2,336.0,339.1,339.1,0.3,-0.03,-3.9,0.0,-0.57,0.45,210.0,,,,,,,,,,,,,6.6,False,,False,,False,,False,,37.80529559461277,SUPPORT,UNAVAILABLE,UNAVAILABLE,SUPPORT
2026-08-19,NYKAA,2026-08-19 09:45:55,24.805190663326506,UP,D:\My-data\Share_P&L\Ichart Data\Screenshot\August26\2026-08-19\Daywise_Price_and_OI_Summary_25AUG26_Report_2026-08-19_094555.xlsx,321.9,8.465969999999999,321.9,324.1,320.65,324.0,324.0,0.65,-0.26,3.65,0.0,-1.44,-1.04,76.0,,,,,,,,,,,,,8.75,True,30.816666666666666,True,35.95,True,170.03333333333333,False,,63.19417621371235,SUPPORT,UNAVAILABLE,UNAVAILABLE,SUPPORT
2026-08-19,OBEROIRLTY,2026-08-19 09:51:03,36.936758219941275,UP,D:\My-data\Share_P&L\Ichart Data\Screenshot\August26\2026-08-19\Daywise_Price_and_OI_Summary_25AUG26_Report_2026-08-19_095103.xlsx,1863.8,62.81006,1863.8,1888.9,1831.8,1887.0,1887.0,1.36,-0.11,-4.19,16.67,-16.8,-4.67,2118.0,,,,,,,,,,,,,61.8,False,,False,,False,,False,,28.498619488661674,SUPPORT,UNAVAILABLE,UNAVAILABLE,SUPPORT
2026-08-19,OFSS,2026-08-19 14:24:12,24.93338552094781,DOWN,D:\My-data\Share_P&L\Ichart Data\Screenshot\August26\2026-08-19\Daywise_Price_and_OI_Summary_25AUG26_Report_2026-08-19_142412.xlsx,11744.0,425.1328,11744.0,11840.0,11635.0,11638.0,11638.0,0.03,0.38,-1.73,-7.59,7.83,-0.73,-914.0,,,,,,,,,,,,,401.85,False,,False,,False,,False,,21.40507624911557,CONTRADICT,UNAVAILABLE,UNAVAILABLE,SUPPORT
2026-08-19,OIL,2026-08-19 09:40:46,22.13648725570805,DOWN,D:\My-data\Share_P&L\Ichart Data\Screenshot\August26\2026-08-19\Daywise_Price_and_OI_Summary_25AUG26_Report_2026-08-19_094046.xlsx,485.0,15.811,485.0,486.05,481.5,481.5,481.5,-0.2,0.63,-2.28,-3.64,4.19,0.0,,,,,,,,,,,,,,14.4,True,175.18333333333334,True,175.18333333333334,True,180.31666666666666,False,,55.973689203719076,SUPPORT,UNAVAILABLE,UNAVAILABLE,UNAVAILABLE
2026-08-19,ONGC,2026-08-19 11:23:42,26.721122721643887,UP,D:\My-data\Share_P&L\Ichart Data\Screenshot\August26\2026-08-19\Daywise_Price_and_OI_Summary_25AUG26_Report_2026-08-19_112342.xlsx,241.0,4.6031,241.0,242.61,240.1,242.23,242.23,1.3,-0.68,-3.53,5.56,-4.07,0.96,1133.0,,,,,,,,,,,,,4.79,True,108.4,True,108.4,True,118.7,False,,57.13540874627958,SUPPORT,UNAVAILABLE,UNAVAILABLE,SUPPORT
2026-08-19,PAGEIND,2026-08-19 09:20:08,43.722096459787466,DOWN,D:\My-data\Share_P&L\Ichart Data\Screenshot\August26\2026-08-19\Daywise_Price_and_OI_Summary_25AUG26_Report_2026-08-19.xlsx,36480.0,1017.7919999999999,36480.0,36480.0,35945.0,36035.0,36035.0,-0.95,-0.16,-1.82,-3.33,1.53,-0.09,-293.0,,,,,,,,,,,,,1007.25,True,10.283333333333333,True,10.283333333333333,True,10.283333333333333,False,,87.93545243035906,SUPPORT,UNAVAILABLE,UNAVAILABLE,SUPPORT
2026-08-19,PATANJALI,2026-08-19 09:20:08,26.43199460787347,UP,D:\My-data\Share_P&L\Ichart Data\Screenshot\August26\2026-08-19\Daywise_Price_and_OI_Summary_25AUG26_Report_2026-08-19.xlsx,349.9,12.10654,349.9,353.25,349.8,353.1,353.1,0.84,-0.06,6.38,2.33,-0.73,-0.07,88.0,,,,,,,,,,,,,12.2,False,,False,,False,,False,,21.0629957031485,SUPPORT,UNAVAILABLE,UNAVAILABLE,SUPPORT
2026-08-19,PAYTM,2026-08-19 09:30:25,29.588563241660786,UP,D:\My-data\Share_P&L\Ichart Data\Screenshot\August26\2026-08-19\Daywise_Price_and_OI_Summary_25AUG26_Report_2026-08-19_093025.xlsx,1552.0,51.3712,1552.0,1568.0,1547.1,1567.2,1567.2,0.86,-0.13,-0.54,0.0,-0.44,-0.51,11.0,,,,,,,,,,,,,51.3,True,15.5,True,20.633333333333333,True,20.633333333333333,False,,98.4987697386861,SUPPORT,UNAVAILABLE,UNAVAILABLE,SUPPORT
2026-08-19,PERSISTENT,2026-08-19 09:20:08,25.443943811290755,UP,D:\My-data\Share_P&L\Ichart Data\Screenshot\August26\2026-08-19\Daywise_Price_and_OI_Summary_25AUG26_Report_2026-08-19.xlsx,5512.5,212.23125,5512.5,5587.5,5511.5,5566.5,5566.5,1.82,0.17,21.11,-7.55,10.84,3.16,-1415.0,,,,,,,,,,,,,214.2,False,,False,,False,,False,,16.7270371352004,SUPPORT,UNAVAILABLE,UNAVAILABLE,CONTRADICT
2026-08-19,PETRONET,2026-08-19 09:20:08,35.627530364372596,UP,D:\My-data\Share_P&L\Ichart Data\Screenshot\August26\2026-08-19\Daywise_Price_and_OI_Summary_25AUG26_Report_2026-08-19.xlsx,285.0,9.2625,285.0,288.8,285.0,288.3,288.3,1.19,0.16,8.59,0.0,-0.26,0.25,25.0,,,,,,,,,,,,,9.35,True,10.283333333333333,True,20.633333333333333,True,25.783333333333335,False,,59.37921727395412,SUPPORT,UNAVAILABLE,UNAVAILABLE,SUPPORT
2026-08-19,PFC,2026-08-19 09:35:39,23.658444851558286,DOWN,D:\My-data\Share_P&L\Ichart Data\Screenshot\August26\2026-08-19\Daywise_Price_and_OI_Summary_25AUG26_Report_2026-08-19_093539.xlsx,374.65,8.2423,374.65,374.65,372.4,372.7,372.7,-0.43,-0.03,-2.26,2.0,-0.82,0.12,237.0,,,,,,,,,,,,,8.1,False,,False,,False,,False,,32.75784671754229,SUPPORT,UNAVAILABLE,UNAVAILABLE,CONTRADICT
2026-08-19,PGEL,2026-08-19 09:25:17,27.63898364041807,DOWN,D:\My-data\Share_P&L\Ichart Data\Screenshot\August26\2026-08-19\Daywise_Price_and_OI_Summary_25AUG26_Report_2026-08-19_092517.xlsx,598.15,22.251179999999998,598.15,599.4,592.0,592.0,592.0,-1.0,0.22,1.64,0.0,0.56,0.21,-46.0,,,,,,,,,,,,,21.5,True,5.133333333333334,True,10.366666666666667,True,10.366666666666667,False,,59.09798940999973,SUPPORT,UNAVAILABLE,UNAVAILABLE,SUPPORT
2026-08-19,PHOENIXLTD,2026-08-19 09:20:08,28.02410507518735,DOWN,D:\My-data\Share_P&L\Ichart Data\Screenshot\August26\2026-08-19\Daywise_Price_and_OI_Summary_25AUG26_Report_2026-08-19.xlsx,1950.5,46.0318,1950.5,1950.5,1936.3,1937.6,1937.6,-0.17,0.01,-11.99,0.0,0.31,0.3,-5.0,,,,,,,,,,,,,45.6,True,5.15,True,5.15,True,5.15,False,,86.89644984554157,SUPPORT,UNAVAILABLE,UNAVAILABLE,SUPPORT
2026-08-19,PIDILITIND,2026-08-19 09:20:08,30.32038329965806,UP,D:\My-data\Share_P&L\Ichart Data\Screenshot\August26\2026-08-19\Daywise_Price_and_OI_Summary_25AUG26_Report_2026-08-19.xlsx,1657.6,31.991679999999995,1657.6,1667.3,1653.0,1667.3,1667.3,-0.02,0.06,4.07,0.0,0.25,0.25,-5.0,,,,,,,,,,,,,32.15,True,87.56666666666666,False,,False,,False,,43.76137795826915,CONTRADICT,UNAVAILABLE,UNAVAILABLE,CONTRADICT
2026-08-19,PIIND,2026-08-19 10:32:16,24.788888076138704,DOWN,D:\My-data\Share_P&L\Ichart Data\Screenshot\August26\2026-08-19\Daywise_Price_and_OI_Summary_25AUG26_Report_2026-08-19_103216.xlsx,2511.0,73.8234,2511.0,2517.9,2491.3,2492.7,2492.7,-0.5,0.51,0.65,-4.44,2.38,-1.92,-425.0,,,,,,,,,,,,,70.0,False,,False,,False,,False,,26.41438893359016,SUPPORT,UNAVAILABLE,UNAVAILABLE,SUPPORT
2026-08-19,PNB,2026-08-19 09:56:11,26.805463508058878,UP,D:\My-data\Share_P&L\Ichart Data\Screenshot\August26\2026-08-19\Daywise_Price_and_OI_Summary_25AUG26_Report_2026-08-19_095611.xlsx,116.33,3.245607,116.33,117.29,116.23,117.2,117.2,0.32,0.07,-1.87,1.1,-0.33,0.13,41.0,,,,,,,,,,,,,3.12,False,,False,,False,,False,,35.74061801074488,SUPPORT,UNAVAILABLE,UNAVAILABLE,SUPPORT
2026-08-19,PNBHOUSING,2026-08-19 09:20:08,35.774410774411045,DOWN,D:\My-data\Share_P&L\Ichart Data\Screenshot\August26\2026-08-19\Daywise_Price_and_OI_Summary_25AUG26_Report_2026-08-19.xlsx,1155.0,33.264,1155.0,1155.0,1139.7,1143.1,1143.1,-0.1,0.04,1.43,1.85,-0.05,0.12,7.0,,,,,,,,,,,,,32.95,True,15.516666666666667,True,252.58333333333334,True,252.58333333333334,False,,60.125060125060116,SUPPORT,UNAVAILABLE,UNAVAILABLE,CONTRADICT
2026-08-19,POLICYBZR,2026-08-19 09:20:08,31.58898599707875,UP,D:\My-data\Share_P&L\Ichart Data\Screenshot\August26\2026-08-19\Daywise_Price_and_OI_Summary_25AUG26_Report_2026-08-19.xlsx,1738.2,56.66532,1738.2,1756.1,1738.2,1756.1,1756.1,0.23,0.06,2.2,0.0,0.32,0.22,-12.0,,,,,,,,,,,,,56.9,True,10.283333333333333,True,10.283333333333333,True,10.283333333333333,True,314.3833333333333,102.88479796813988,SUPPORT,UNAVAILABLE,UNAVAILABLE,CONTRADICT
2026-08-19,POLYCAB,2026-08-19 09:35:39,34.15369161225515,DOWN,D:\My-data\Share_P&L\Ichart Data\Screenshot\August26\2026-08-19\Daywise_Price_and_OI_Summary_25AUG26_Report_2026-08-19_093539.xlsx,9050.0,248.875,9050.0,9088.5,8965.0,8965.0,8965.0,-1.82,0.73,4.35,0.0,2.56,2.64,-145.0,,,,,,,,,,,,,247.5,True,87.48333333333333,True,92.61666666666666,True,92.61666666666666,False,,50.22601707684581,SUPPORT,UNAVAILABLE,UNAVAILABLE,SUPPORT
2026-08-19,POWERGRID,2026-08-19 09:30:25,27.566201292643033,DOWN,D:\My-data\Share_P&L\Ichart Data\Screenshot\August26\2026-08-19\Daywise_Price_and_OI_Summary_25AUG26_Report_2026-08-19_093025.xlsx,267.95,4.71592,267.95,267.95,266.65,266.65,266.65,-0.69,0.06,1.94,1.61,-0.62,-0.05,105.0,,,,,,,,,,,,,5.1,True,10.35,True,20.633333333333333,True,41.166666666666664,True,211.38333333333333,107.08408963680493,SUPPORT,UNAVAILABLE,UNAVAILABLE,CONTRADICT
2026-08-19,POWERINDIA,2026-08-19 09:20:08,25.791932545790512,DOWN,D:\My-data\Share_P&L\Ichart Data\Screenshot\August26\2026-08-19\Daywise_Price_and_OI_Summary_25AUG26_Report_2026-08-19.xlsx,34765.0,1143.7685000000001,34765.0,35005.0,34300.0,34470.0,34470.0,-2.34,0.16,9.99,-2.22,1.37,-1.4,-615.0,,,,,,,,,,,,,1132.8,True,5.15,True,5.15,True,10.283333333333333,True,211.35,106.66494137581162,SUPPORT,UNAVAILABLE,UNAVAILABLE,SUPPORT
2026-08-19,PRESTIGE,2026-08-19 09:35:39,24.324890725106375,DOWN,D:\My-data\Share_P&L\Ichart Data\Screenshot\August26\2026-08-19\Daywise_Price_and_OI_Summary_25AUG26_Report_2026-08-19_093539.xlsx,1582.2,48.09888,1582.2,1584.0,1569.4,1570.5,1570.5,-1.76,0.03,1.55,-2.38,2.51,0.1,-121.0,,,,,,,,,,,,,46.55,False,,False,,False,,False,,22.03793518684871,SUPPORT,UNAVAILABLE,UNAVAILABLE,SUPPORT
2026-08-19,RADICO,2026-08-19 09:20:08,24.578057511997173,UP,D:\My-data\Share_P&L\Ichart Data\Screenshot\August26\2026-08-19\Daywise_Price_and_OI_Summary_25AUG26_Report_2026-08-19.xlsx,4682.1,152.16825,4682.1,4722.5,4682.1,4719.5,4719.5,0.14,0.09,5.61,1.54,-0.7,0.52,46.0,,,,,,,,,,,,,153.4,False,,False,,False,,False,,36.9328029993115,SUPPORT,UNAVAILABLE,UNAVAILABLE,SUPPORT
2026-08-19,RBLBANK,2026-08-19 09:35:39,29.54332730380891,DOWN,D:\My-data\Share_P&L\Ichart Data\Screenshot\August26\2026-08-19\Daywise_Price_and_OI_Summary_25AUG26_Report_2026-08-19_093539.xlsx,383.85,11.170035,383.85,383.85,380.5,380.55,380.55,-0.83,0.03,-0.04,-2.94,0.7,-1.68,-84.0,,,,,,,,,,,,,10.5,False,,False,,False,,False,,38.04822455793558,SUPPORT,UNAVAILABLE,UNAVAILABLE,SUPPORT
2026-08-19,RECLTD,2026-08-19 09:56:11,22.144758986864105,UP,D:\My-data\Share_P&L\Ichart Data\Screenshot\August26\2026-08-19\Daywise_Price_and_OI_Summary_25AUG26_Report_2026-08-19_095611.xlsx,336.7,7.676759999999999,336.7,338.95,336.35,338.4,338.4,-0.06,-0.31,-4.5,-1.47,0.15,-0.02,-22.0,,,,,,,,,,,,,7.1,False,,False,,False,,False,,35.171087802666605,CONTRADICT,UNAVAILABLE,UNAVAILABLE,CONTRADICT
2026-08-19,RELIANCE,2026-08-19 09:25:17,22.445997570550453,DOWN,D:\My-data\Share_P&L\Ichart Data\Screenshot\August26\2026-08-19\Daywise_Price_and_OI_Summary_25AUG26_Report_2026-08-19_092517.xlsx,1321.0,22.7212,1321.0,1321.0,1315.5,1315.9,1315.9,-0.35,0.05,-1.24,0.0,0.13,0.0,-150.0,,,,,,,,,,,,,22.35,True,56.583333333333336,True,66.98333333333333,True,298.9166666666667,False,,56.33505272608821,SUPPORT,UNAVAILABLE,UNAVAILABLE,SUPPORT
2026-08-19,RVNL,2026-08-19 09:35:39,35.11302598363921,DOWN,D:\My-data\Share_P&L\Ichart Data\Screenshot\August26\2026-08-19\Daywise_Price_and_OI_Summary_25AUG26_Report_2026-08-19_093539.xlsx,224.2,6.322439999999999,224.2,226.69,221.89,221.98,221.98,-1.14,0.01,6.78,-4.0,2.56,-0.8,-396.0,,,,,,,,,,,,,6.5,True,5.116666666666666,False,,False,,False,,44.76119978995426,SUPPORT,UNAVAILABLE,UNAVAILABLE,SUPPORT
2026-08-19,SAIL,2026-08-19 10:32:16,55.07392050927661,UP,D:\My-data\Share_P&L\Ichart Data\Screenshot\August26\2026-08-19\Daywise_Price_and_OI_Summary_25AUG26_Report_2026-08-19_103216.xlsx,170.55,4.7754,170.55,173.18,169.87,173.18,173.18,0.27,-0.01,28.15,0.0,-0.72,-0.08,38.0,,,,,,,,,,,,,10.21,True,5.116666666666666,True,159.83333333333334,True,159.83333333333334,False,,60.51849059764598,SUPPORT,UNAVAILABLE,UNAVAILABLE,SUPPORT
2026-08-19,SBICARD,2026-08-19 12:35:57,30.13169703869998,UP,D:\My-data\Share_P&L\Ichart Data\Screenshot\August26\2026-08-19\Daywise_Price_and_OI_Summary_25AUG26_Report_2026-08-19_123557.xlsx,615.4,18.58508,615.4,622.7,612.5,621.0,621.0,0.79,-0.2,-6.86,9.8,-7.3,1.84,920.0,,,,,,,,,,,,,16.8,True,5.133333333333334,True,5.133333333333334,True,10.283333333333333,False,,66.18212028143041,SUPPORT,UNAVAILABLE,UNAVAILABLE,SUPPORT
2026-08-19,SBILIFE,2026-08-19 09:35:39,23.455350975078282,DOWN,D:\My-data\Share_P&L\Ichart Data\Screenshot\August26\2026-08-19\Daywise_Price_and_OI_Summary_25AUG26_Report_2026-08-19_093539.xlsx,1771.2,48.176640000000006,1771.2,1793.9,1758.1,1759.9,1759.9,-1.15,0.15,1.7,0.0,1.9,1.7,-80.0,,,,,,,,,,,,,38.4,False,,False,,False,,False,,38.40035336627876,SUPPORT,UNAVAILABLE,UNAVAILABLE,SUPPORT
2026-08-19,SBIN,2026-08-19 13:53:18,31.20410218531284,DOWN,D:\My-data\Share_P&L\Ichart Data\Screenshot\August26\2026-08-19\Daywise_Price_and_OI_Summary_25AUG26_Report_2026-08-19_135318.xlsx,1053.8,23.394360000000002,1053.8,1056.0,1046.5,1046.5,1046.5,-0.74,0.52,-7.59,0.0,-1.65,-2.45,393.0,,,,,,,,,,,,,21.35,True,36.03333333333333,False,,False,,False,,41.46298509555314,SUPPORT,UNAVAILABLE,UNAVAILABLE,CONTRADICT
2026-08-19,SENSEX,2026-08-19 09:35:39,38.47397036637395,DOWN,D:\My-data\Share_P&L\Ichart Data\Screenshot\August26\2026-08-19\Daywise_Price_and_OI_Summary_25AUG26_Report_2026-08-19_093539.xlsx,77402.1,456.67239,77402.1,77402.1,77222.95,77226.4,77226.4,-0.37,0.69,0.38,-3.96,12.5,7.86,-3501.0,,,,,,,,,,,,,453.5,True,51.4,True,51.4,True,66.9,False,,57.17446592293566,SUPPORT,UNAVAILABLE,UNAVAILABLE,SUPPORT
2026-08-19,SHREECEM,2026-08-19 09:20:08,33.23831874540455,DOWN,D:\My-data\Share_P&L\Ichart Data\Screenshot\August26\2026-08-19\Daywise_Price_and_OI_Summary_25AUG26_Report_2026-08-19.xlsx,24575.0,496.415,24575.0,24575.0,24375.0,24410.0,24410.0,-1.09,0.06,37.99,0.0,0.02,0.0,,,,,,,,,,,,,,493.4,True,5.15,True,5.15,True,5.15,False,,82.5921859734295,SUPPORT,UNAVAILABLE,UNAVAILABLE,UNAVAILABLE
2026-08-19,SHRIRAMFIN,2026-08-19 09:20:08,33.527914982787145,DOWN,D:\My-data\Share_P&L\Ichart Data\Screenshot\August26\2026-08-19\Daywise_Price_and_OI_Summary_25AUG26_Report_2026-08-19.xlsx,1113.5,33.405,1113.5,1113.5,1102.2,1102.3,1102.3,-0.55,0.06,0.35,0.0,0.46,0.44,-31.0,,,,,,,,,,,,,33.15,True,10.283333333333333,False,,False,,False,,43.10731926358356,SUPPORT,UNAVAILABLE,UNAVAILABLE,SUPPORT
2026-08-19,SIEMENS,2026-08-19 09:35:39,22.872419505705896,DOWN,D:\My-data\Share_P&L\Ichart Data\Screenshot\August26\2026-08-19\Daywise_Price_and_OI_Summary_25AUG26_Report_2026-08-19_093539.xlsx,3930.3,112.79961000000002,3930.3,3949.4,3894.8,3904.5,3904.5,-1.28,-0.16,0.15,-1.69,-1.96,-2.94,34.0,,,,,,,,,,,,,109.95,False,,False,,False,,False,,31.02847607363181,SUPPORT,UNAVAILABLE,UNAVAILABLE,CONTRADICT
2026-08-19,SOLARINDS,2026-08-19 09:30:25,34.208427059153266,DOWN,D:\My-data\Share_P&L\Ichart Data\Screenshot\August26\2026-08-19\Daywise_Price_and_OI_Summary_25AUG26_Report_2026-08-19_093025.xlsx,20050.0,695.735,20050.0,20249.0,19786.0,19812.0,19812.0,-1.41,0.53,-1.0,-3.7,3.95,-0.51,-817.0,,,,,,,,,,,,,688.0,True,5.233333333333333,True,5.233333333333333,True,15.5,False,,71.14777896756668,SUPPORT,UNAVAILABLE,UNAVAILABLE,SUPPORT
2026-08-19,SONACOMS,2026-08-19 09:20:08,27.063808728464945,DOWN,D:\My-data\Share_P&L\Ichart Data\Screenshot\August26\2026-08-19\Daywise_Price_and_OI_Summary_25AUG26_Report_2026-08-19.xlsx,829.0,25.8648,829.0,829.0,817.45,822.0,822.0,-0.66,0.03,-3.18,-2.94,0.83,-1.75,-124.0,,,,,,,,,,,,,25.65,False,,False,,False,,False,,31.703318796201962,SUPPORT,UNAVAILABLE,UNAVAILABLE,SUPPORT
2026-08-19,SRF,2026-08-19 09:20:08,22.92891181780086,DOWN,D:\My-data\Share_P&L\Ichart Data\Screenshot\August26\2026-08-19\Daywise_Price_and_OI_Summary_25AUG26_Report_2026-08-19.xlsx,2632.5,58.441500000000005,2632.5,2632.5,2613.2,2619.1,2619.1,-0.51,0.05,2.06,0.0,0.85,0.13,-120.0,,,,,,,,,,,,,58.15,True,10.283333333333333,True,10.283333333333333,True,25.783333333333335,False,,89.49120060231202,SUPPORT,UNAVAILABLE,UNAVAILABLE,SUPPORT
2026-08-19,SUNPHARMA,2026-08-19 09:20:08,52.60909042354336,UP,D:\My-data\Share_P&L\Ichart Data\Screenshot\August26\2026-08-19\Daywise_Price_and_OI_Summary_25AUG26_Report_2026-08-19.xlsx,1872.3,37.446,1872.3,1892.3,1872.3,1892.0,1892.0,0.5,0.06,-3.15,0.0,-0.23,-0.07,49.0,,,,,,,,,,,,,37.9,True,5.15,True,5.15,True,5.15,False,,72.904983175773,SUPPORT,UNAVAILABLE,UNAVAILABLE,SUPPORT
2026-08-19,SUPREMEIND,2026-08-19 09:20:08,57.683107224625886,UP,D:\My-data\Share_P&L\Ichart Data\Screenshot\August26\2026-08-19\Daywise_Price_and_OI_Summary_25AUG26_Report_2026-08-19.xlsx,3551.0,95.5219,3551.0,3620.7,3551.0,3606.1,3606.1,0.13,0.24,3.42,0.0,-0.36,0.0,,,,,,,,,,,,,,97.0,True,5.15,True,5.15,True,36.05,False,,85.94887664504152,SUPPORT,UNAVAILABLE,UNAVAILABLE,UNAVAILABLE
2026-08-19,SUZLON,2026-08-19 09:20:08,37.01144887485198,DOWN,D:\My-data\Share_P&L\Ichart Data\Screenshot\August26\2026-08-19\Daywise_Price_and_OI_Summary_25AUG26_Report_2026-08-19.xlsx,47.68,1.5400639999999999,47.68,47.68,47.03,47.11,47.11,-1.34,0.07,2.89,-2.44,0.75,-0.04,-153.0,,,,,,,,,,,,,1.52,True,72.13333333333334,True,72.13333333333334,False,,False,,45.452656512976276,SUPPORT,UNAVAILABLE,UNAVAILABLE,SUPPORT
2026-08-19,SWIGGY,2026-08-19 09:20:08,39.48246858750861,DOWN,D:\My-data\Share_P&L\Ichart Data\Screenshot\August26\2026-08-19\Daywise_Price_and_OI_Summary_25AUG26_Report_2026-08-19.xlsx,276.15,12.53721,276.15,276.8,270.6,271.2,271.2,-1.18,0.46,6.61,0.0,1.38,1.03,-211.0,,,,,,,,,,,,,12.3,True,10.283333333333333,True,10.283333333333333,False,,False,,46.262286425767414,SUPPORT,UNAVAILABLE,UNAVAILABLE,SUPPORT
2026-08-19,TATACONSUM,2026-08-19 09:25:17,24.86293795963374,UP,D:\My-data\Share_P&L\Ichart Data\Screenshot\August26\2026-08-19\Daywise_Price_and_OI_Summary_25AUG26_Report_2026-08-19_092517.xlsx,1062.1,24.53451,1062.1,1069.0,1061.1,1068.2,1068.2,0.21,0.0,0.85,0.0,0.64,-0.38,-82.0,,,,,,,,,,,,,25.1,False,,False,,False,,False,,36.27543407225207,SUPPORT,UNAVAILABLE,UNAVAILABLE,CONTRADICT
2026-08-19,TATAELXSI,2026-08-19 14:13:54,22.38827702681653,UP,D:\My-data\Share_P&L\Ichart Data\Screenshot\August26\2026-08-19\Daywise_Price_and_OI_Summary_25AUG26_Report_2026-08-19_141354.xlsx,3633.4,118.81218000000001,3633.4,3671.9,3633.4,3660.0,3660.0,0.1,-1.98,-5.21,32.61,-2.6,28.05,1728.0,,,,,,,,,,,,,102.3,False,,False,,False,,False,,20.36828210710368,SUPPORT,UNAVAILABLE,UNAVAILABLE,SUPPORT
2026-08-19,TATAPOWER,2026-08-19 09:30:25,29.655495812087672,DOWN,D:\My-data\Share_P&L\Ichart Data\Screenshot\August26\2026-08-19\Daywise_Price_and_OI_Summary_25AUG26_Report_2026-08-19_093025.xlsx,379.95,8.092934999999999,379.95,379.95,377.35,377.55,377.55,-0.62,-0.01,-1.13,-1.47,0.43,-0.4,-133.0,,,,,,,,,,,,,8.15,True,5.233333333333333,True,5.233333333333333,True,51.45,False,,59.92881445359399,SUPPORT,UNAVAILABLE,UNAVAILABLE,SUPPORT
2026-08-19,TATASTEEL,2026-08-19 09:20:08,25.857898336753436,DOWN,D:\My-data\Share_P&L\Ichart Data\Screenshot\August26\2026-08-19\Daywise_Price_and_OI_Summary_25AUG26_Report_2026-08-19.xlsx,184.44,4.79544,184.44,185.07,183.2,183.2,183.2,-1.02,0.18,-0.16,0.0,0.44,0.29,-86.0,,,,,,,,,,,,,4.77,False,,False,,False,,False,,34.19915586473788,SUPPORT,UNAVAILABLE,UNAVAILABLE,SUPPORT
2026-08-19,TCS,2026-08-19 09:20:08,29.719262461756003,DOWN,D:\My-data\Share_P&L\Ichart Data\Screenshot\August26\2026-08-19\Daywise_Price_and_OI_Summary_25AUG26_Report_2026-08-19.xlsx,2308.0,63.931599999999996,2308.0,2308.0,2282.5,2289.0,2289.0,0.0,0.1,2.92,-1.72,2.09,0.92,-1080.0,,,,,,,,,,,,,63.3,True,5.15,True,46.333333333333336,True,51.45,False,,63.03611985309329,NEUTRAL,UNAVAILABLE,UNAVAILABLE,SUPPORT
2026-08-19,TECHM,2026-08-19 09:25:17,22.541346908796424,DOWN,D:\My-data\Share_P&L\Ichart Data\Screenshot\August26\2026-08-19\Daywise_Price_and_OI_Summary_25AUG26_Report_2026-08-19_092517.xlsx,1605.0,39.483,1605.0,1613.8,1596.0,1596.1,1596.1,-0.17,0.34,5.34,0.0,2.22,1.75,-168.0,,,,,,,,,,,,,39.65,True,97.85,True,102.98333333333333,True,108.11666666666666,False,,59.012739660106774,SUPPORT,UNAVAILABLE,UNAVAILABLE,SUPPORT
2026-08-19,TIINDIA,2026-08-19 09:35:39,22.193089240565424,DOWN,D:\My-data\Share_P&L\Ichart Data\Screenshot\August26\2026-08-19\Daywise_Price_and_OI_Summary_25AUG26_Report_2026-08-19_093539.xlsx,2950.0,106.79,2950.0,2960.3,2925.5,2926.3,2926.3,-1.41,-0.6,-4.82,0.94,-9.59,-8.58,44.0,,,,,,,,,,,,,102.85,True,61.733333333333334,False,,False,,False,,40.45322595748648,SUPPORT,UNAVAILABLE,UNAVAILABLE,CONTRADICT
2026-08-19,TITAN,2026-08-19 12:35:57,25.088217809362273,DOWN,D:\My-data\Share_P&L\Ichart Data\Screenshot\August26\2026-08-19\Daywise_Price_and_OI_Summary_25AUG26_Report_2026-08-19_123557.xlsx,5065.0,91.67649999999999,5065.0,5076.2,5036.0,5042.0,5042.0,-0.42,-0.9,-9.14,-4.69,-3.29,-7.18,-373.0,,,,,,,,,,,,,82.7,False,,False,,False,,False,,21.815841573358497,SUPPORT,UNAVAILABLE,UNAVAILABLE,SUPPORT
2026-08-19,TMPV,2026-08-19 09:20:08,34.74946754848073,DOWN,D:\My-data\Share_P&L\Ichart Data\Screenshot\August26\2026-08-19\Daywise_Price_and_OI_Summary_25AUG26_Report_2026-08-19.xlsx,324.4,8.921,324.4,324.5,321.3,321.3,321.3,-0.86,0.02,-0.19,0.0,0.41,0.11,-120.0,,,,,,,,,,,,,8.85,False,,False,,False,,False,,39.79374509584076,SUPPORT,UNAVAILABLE,UNAVAILABLE,SUPPORT
2026-08-19,TORNTPHARM,2026-08-19 10:27:03,23.11795510736465,UP,D:\My-data\Share_P&L\Ichart Data\Screenshot\August26\2026-08-19\Daywise_Price_and_OI_Summary_25AUG26_Report_2026-08-19_102703.xlsx,4971.0,123.2808,4971.0,5000.5,4945.5,4999.5,4999.5,0.37,-0.3,4.32,3.13,-2.49,-0.51,171.0,,,,,,,,,,,,,124.4,True,252.58333333333334,False,,False,,False,,43.80244125605934,SUPPORT,UNAVAILABLE,UNAVAILABLE,SUPPORT
2026-08-19,TVSMOTOR,2026-08-19 09:30:25,23.156220793169968,DOWN,D:\My-data\Share_P&L\Ichart Data\Screenshot\August26\2026-08-19\Daywise_Price_and_OI_Summary_25AUG26_Report_2026-08-19_093025.xlsx,4389.0,107.53050000000002,4389.0,4393.6,4364.1,4364.1,4364.1,0.28,0.23,1.54,-5.68,3.83,-2.51,-926.0,,,,,,,,,,,,,100.95,False,,False,,False,,False,,37.01275452081054,CONTRADICT,UNAVAILABLE,UNAVAILABLE,SUPPORT
2026-08-19,ULTRACEMCO,2026-08-19 09:40:46,29.756738661442704,DOWN,D:\My-data\Share_P&L\Ichart Data\Screenshot\August26\2026-08-19\Daywise_Price_and_OI_Summary_25AUG26_Report_2026-08-19_094046.xlsx,11522.0,241.96200000000002,11522.0,11522.0,11420.0,11450.0,11450.0,-0.82,-0.31,1.28,0.0,-1.23,-0.3,206.0,,,,,,,,,,,,,239.35,True,211.33333333333334,False,,False,,False,,40.502227622519236,SUPPORT,UNAVAILABLE,UNAVAILABLE,CONTRADICT
2026-08-19,UNIONBANK,2026-08-19 09:45:55,29.43661776725015,UP,D:\My-data\Share_P&L\Ichart Data\Screenshot\August26\2026-08-19\Daywise_Price_and_OI_Summary_25AUG26_Report_2026-08-19_094555.xlsx,185.1,5.77512,185.1,187.76,185.1,186.8,186.8,0.08,0.09,-2.25,-1.15,0.47,-0.4,-77.0,,,,,,,,,,,,,5.63,False,,False,,False,,False,,39.3065425480338,SUPPORT,UNAVAILABLE,UNAVAILABLE,CONTRADICT
2026-08-19,UNITDSPR,2026-08-19 10:11:35,22.226921247013973,UP,D:\My-data\Share_P&L\Ichart Data\Screenshot\August26\2026-08-19\Daywise_Price_and_OI_Summary_25AUG26_Report_2026-08-19_101135.xlsx,1527.2,33.29296,1527.2,1535.0,1527.2,1534.6,1534.6,0.41,-0.08,-2.43,-1.72,2.51,0.41,-144.0,,,,,,,,,,,,,33.65,False,,False,,False,,False,,26.43201445590886,SUPPORT,UNAVAILABLE,UNAVAILABLE,CONTRADICT
2026-08-19,UNOMINDA,2026-08-19 09:20:08,47.02305417957624,DOWN,D:\My-data\Share_P&L\Ichart Data\Screenshot\August26\2026-08-19\Daywise_Price_and_OI_Summary_25AUG26_Report_2026-08-19.xlsx,1283.0,31.0486,1283.0,1283.0,1268.0,1268.4,1268.4,-0.74,0.05,1.8,0.0,0.23,0.38,-1.0,,,,,,,,,,,,,30.7,True,5.15,True,5.15,True,5.15,False,,62.16061271683733,SUPPORT,UNAVAILABLE,UNAVAILABLE,SUPPORT
2026-08-19,UPL,2026-08-19 09:25:17,22.21625011197723,UP,D:\My-data\Share_P&L\Ichart Data\Screenshot\August26\2026-08-19\Daywise_Price_and_OI_Summary_25AUG26_Report_2026-08-19_092517.xlsx,558.15,13.95375,558.15,562.0,558.15,561.25,561.25,0.23,0.03,-2.35,0.0,0.16,0.53,15.0,,,,,,,,,,,,,13.35,True,36.05,True,118.41666666666667,True,118.41666666666667,False,,79.54850846546644,SUPPORT,UNAVAILABLE,UNAVAILABLE,SUPPORT
2026-08-19,VBL,2026-08-19 11:08:16,23.968668879622808,DOWN,D:\My-data\Share_P&L\Ichart Data\Screenshot\August26\2026-08-19\Daywise_Price_and_OI_Summary_25AUG26_Report_2026-08-19_110816.xlsx,437.0,11.056099999999999,437.0,439.6,434.3,434.35,434.35,-1.03,0.34,-0.38,2.5,-2.08,-1.12,312.0,,,,,,,,,,,,,11.2,False,,False,,False,,False,,22.159712737764572,SUPPORT,UNAVAILABLE,UNAVAILABLE,CONTRADICT
2026-08-19,VEDL,2026-08-19 09:20:08,26.59080931108331,DOWN,D:\My-data\Share_P&L\Ichart Data\Screenshot\August26\2026-08-19\Daywise_Price_and_OI_Summary_25AUG26_Report_2026-08-19.xlsx,264.6,8.83764,264.6,265.0,261.9,262.25,262.25,-1.22,0.07,4.9,0.0,0.7,-0.3,-236.0,,,,,,,,,,,,,8.75,False,,False,,False,,False,,27.72233311155518,SUPPORT,UNAVAILABLE,UNAVAILABLE,SUPPORT
2026-08-19,VOLTAS,2026-08-19 09:25:17,22.446337592917164,DOWN,D:\My-data\Share_P&L\Ichart Data\Screenshot\August26\2026-08-19\Daywise_Price_and_OI_Summary_25AUG26_Report_2026-08-19_092517.xlsx,1248.0,38.313599999999994,1248.0,1248.0,1238.9,1239.4,1239.4,-0.85,2.01,-1.97,2.22,-1.06,1.1,413.0,,,,,,,,,,,,,38.0,True,10.366666666666667,True,56.583333333333336,True,56.583333333333336,False,,76.21314624571967,SUPPORT,UNAVAILABLE,UNAVAILABLE,CONTRADICT
2026-08-19,WAAREEENER,2026-08-19 09:20:08,27.168468275718936,UP,D:\My-data\Share_P&L\Ichart Data\Screenshot\August26\2026-08-19\Daywise_Price_and_OI_Summary_25AUG26_Report_2026-08-19.xlsx,2676.9,70.67016000000001,2676.9,2709.9,2676.9,2696.1,2696.1,-0.27,0.02,1.45,0.0,0.24,0.13,-32.0,,,,,,,,,,,,,71.1,False,,False,,False,,False,,39.62068290209049,CONTRADICT,UNAVAILABLE,UNAVAILABLE,CONTRADICT
2026-08-19,YESBANK,2026-08-19 09:56:11,27.65707683135939,UP,D:\My-data\Share_P&L\Ichart Data\Screenshot\August26\2026-08-19\Daywise_Price_and_OI_Summary_25AUG26_Report_2026-08-19_095611.xlsx,22.52,0.6508280000000001,22.52,22.79,22.4,22.7,22.7,0.75,0.13,-0.86,1.92,-1.27,1.31,221.0,,,,,,,,,,,,,0.67,False,,False,,False,,False,,36.87610244181288,SUPPORT,UNAVAILABLE,UNAVAILABLE,SUPPORT
2026-08-19,ZYDUSLIFE,2026-08-19 10:16:44,22.639418268321187,UP,D:\My-data\Share_P&L\Ichart Data\Screenshot\August26\2026-08-19\Daywise_Price_and_OI_Summary_25AUG26_Report_2026-08-19_101644.xlsx,1121.0,29.5944,1121.0,1128.1,1115.6,1127.7,1127.7,0.71,-0.39,-1.47,-1.82,-1.64,-2.39,29.0,,,,,,,,,,,,,29.35,True,165.06666666666666,False,,False,,False,,44.94093477144309,SUPPORT,UNAVAILABLE,UNAVAILABLE,SUPPORT
