Symbol,ATM Straddle %,Open,High,Low,Close,Price Chg,Price Chg %,IV Chg,IV Chg %,OI Chg,OI Chg %,PCR Chg,PCR Chg %,Tot CE OI Chg,Tot CE OI Chg %,Tot PE OI Chg,Tot PE OI Chg %,Tot PE-CE OI Chg,Report_Type,Source_File,Exported data,Unnamed: 1,Unnamed: 2,Unnamed: 3,Unnamed: 4,Unnamed: 5,Unnamed: 6,Unnamed: 7,Unnamed: 8,Unnamed: 9,Unnamed: 10,Unnamed: 11,Unnamed: 12,Unnamed: 13,Unnamed: 14,Unnamed: 15,Unnamed: 16,Price,Price Chg%,Fut OI,Fut OI Chg,Fut OI Chg %,PCR,Strike,Call OI,Call OI Chg,Put OI,Put OI Chg,Dist. From Strike %,Fut Buildup,Sector Name,Adv/ Dec/ Unchg,Price chg (%),Volume chg (%),OI chg (%),Rollover (%),Buildup,Tol CE OI Chg,Tol PE OI Chg,Tol PE-CE OI Chg,Tol PE-CE OI Chg %,Price chg,OI,OI chg,OI Chg (Value),Volume,Volume Chg (%)
ADANIGREEN,9.18,1420.0,1426.5,1412.1,1418.4,16.7,1.19,1.85,4.82,439.0,1.71,-0.04,-8.33,807,12.86,94,3.15,-713,PRICE_OI,Daywise_Price_and_OI_Summary_25AUG26_Report1_2026-07-27.xlsx,,,,,,,,,,,,,,,,,,,,,,,,,,,,,,,,,,,,,,,,,,,,,,,
AMBER,9.16,7247.0,7343.5,7247.0,7330.0,92.5,1.28,0.49,1.31,196.0,2.14,-0.02,-2.3,93,2.89,-2,-0.07,-95,PRICE_OI,Daywise_Price_and_OI_Summary_25AUG26_Report1_2026-07-27.xlsx,,,,,,,,,,,,,,,,,,,,,,,,,,,,,,,,,,,,,,,,,,,,,,,
AMBUJACEM,7.32,427.55,433.9,425.4,432.4,5.9,1.38,1.27,4.45,508.0,1.33,-0.02,-2.38,46,1.54,-5,-0.2,-51,PRICE_OI,Daywise_Price_and_OI_Summary_25AUG26_Report1_2026-07-27.xlsx,,,,,,,,,,,,,,,,,,,,,,,,,,,,,,,,,,,,,,,,,,,,,,,
ASHOKLEY,7.69,154.98,155.38,154.0,154.07,1.92,1.26,0.5,1.5,301.0,1.61,0.02,2.06,31,0.7,117,2.73,86,PRICE_OI,Daywise_Price_and_OI_Summary_25AUG26_Report1_2026-07-27.xlsx,,,,,,,,,,,,,,,,,,,,,,,,,,,,,,,,,,,,,,,,,,,,,,,
ASIANPAINT,6.16,2665.2,2732.7,2665.2,2725.0,67.8,2.55,0.74,2.82,348.0,1.87,0.02,2.67,214,6.8,207,8.76,-7,PRICE_OI,Daywise_Price_and_OI_Summary_25AUG26_Report1_2026-07-27.xlsx,,,,,,,,,,,,,,,,,,,,,,,,,,,,,,,,,,,,,,,,,,,,,,,
ASTRAL,7.0,1439.0,1439.9,1422.4,1432.0,14.7,1.04,-1.34,-4.19,159.0,1.16,0.03,2.83,-29,-1.71,18,1.0,47,PRICE_OI,Daywise_Price_and_OI_Summary_25AUG26_Report1_2026-07-27.xlsx,,,,,,,,,,,,,,,,,,,,,,,,,,,,,,,,,,,,,,,,,,,,,,,
AUBANK,6.31,1029.0,1055.0,1026.6,1043.7,32.9,3.25,-2.88,-9.28,1117.0,6.79,-0.21,-20.59,571,32.57,91,5.1,-480,PRICE_OI,Daywise_Price_and_OI_Summary_25AUG26_Report1_2026-07-27.xlsx,,,,,,,,,,,,,,,,,,,,,,,,,,,,,,,,,,,,,,,,,,,,,,,
BAJAJFINSV,5.79,1900.0,1913.4,1896.6,1910.0,26.1,1.39,0.3,1.18,285.0,1.44,-0.09,-8.91,309,12.44,64,2.56,-245,PRICE_OI,Daywise_Price_and_OI_Summary_25AUG26_Report1_2026-07-27.xlsx,,,,,,,,,,,,,,,,,,,,,,,,,,,,,,,,,,,,,,,,,,,,,,,
BAJFINANCE,6.8,1038.0,1044.9,1035.0,1042.0,21.8,2.14,1.32,4.64,946.0,1.6,0.01,1.25,232,3.11,245,4.09,13,PRICE_OI,Daywise_Price_and_OI_Summary_25AUG26_Report1_2026-07-27.xlsx,,,,,,,,,,,,,,,,,,,,,,,,,,,,,,,,,,,,,,,,,,,,,,,
BANDHANBNK,9.39,168.8,169.75,166.01,168.79,3.33,2.01,0.54,1.32,510.0,1.87,0.01,1.82,-244,-1.52,-48,-0.54,196,PRICE_OI,Daywise_Price_and_OI_Summary_25AUG26_Report1_2026-07-27.xlsx,,,,,,,,,,,,,,,,,,,,,,,,,,,,,,,,,,,,,,,,,,,,,,,
CHOLAFIN,7.53,1764.8,1794.5,1760.7,1777.2,42.3,2.44,-0.86,-2.77,594.0,4.41,0.04,4.82,35,4.42,63,9.6,28,PRICE_OI,Daywise_Price_and_OI_Summary_25AUG26_Report1_2026-07-27.xlsx,,,,,,,,,,,,,,,,,,,,,,,,,,,,,,,,,,,,,,,,,,,,,,,
COFORGE,9.44,1499.9,1519.5,1490.9,1514.6,30.3,2.04,2.6,6.7,760.0,3.14,0.0,0.0,230,5.43,133,4.8,-97,PRICE_OI,Daywise_Price_and_OI_Summary_25AUG26_Report1_2026-07-27.xlsx,,,,,,,,,,,,,,,,,,,,,,,,,,,,,,,,,,,,,,,,,,,,,,,
COLPAL,7.22,2100.0,2135.8,2100.0,2129.9,29.8,1.42,1.0,3.61,174.0,1.62,-0.01,-1.92,47,1.84,0,0.0,-,PRICE_OI,Daywise_Price_and_OI_Summary_25AUG26_Report1_2026-07-27.xlsx,,,,,,,,,,,,,,,,,,,,,,,,,,,,,,,,,,,,,,,,,,,,,,,
DABUR,6.3,428.85,430.9,426.65,429.75,4.55,1.07,1.3,4.88,625.0,4.11,-0.04,-5.26,123,5.66,-2,-0.12,-125,PRICE_OI,Daywise_Price_and_OI_Summary_25AUG26_Report1_2026-07-27.xlsx,,,,,,,,,,,,,,,,,,,,,,,,,,,,,,,,,,,,,,,,,,,,,,,
ETERNAL,7.75,283.3,288.3,283.3,288.15,6.35,2.25,0.71,2.14,670.0,1.61,0.01,2.04,-85,-0.76,34,0.62,119,PRICE_OI,Daywise_Price_and_OI_Summary_25AUG26_Report1_2026-07-27.xlsx,,,,,,,,,,,,,,,,,,,,,,,,,,,,,,,,,,,,,,,,,,,,,,,
GAIL,6.16,171.99,173.4,171.08,172.85,2.19,1.28,0.63,2.36,248.0,1.59,0.0,0.0,-13,-0.52,3,0.12,16,PRICE_OI,Daywise_Price_and_OI_Summary_25AUG26_Report1_2026-07-27.xlsx,,,,,,,,,,,,,,,,,,,,,,,,,,,,,,,,,,,,,,,,,,,,,,,
GODFRYPHLP,9.03,2109.0,2164.0,2109.0,2153.8,53.1,2.53,2.97,8.32,104.0,2.32,0.04,8.16,3,0.53,22,7.97,19,PRICE_OI,Daywise_Price_and_OI_Summary_25AUG26_Report1_2026-07-27.xlsx,,,,,,,,,,,,,,,,,,,,,,,,,,,,,,,,,,,,,,,,,,,,,,,
HAVELLS,6.83,1247.0,1254.8,1242.0,1251.3,17.1,1.39,0.19,0.71,514.0,3.91,-0.01,-1.37,121,5.44,55,3.37,-66,PRICE_OI,Daywise_Price_and_OI_Summary_25AUG26_Report1_2026-07-27.xlsx,,,,,,,,,,,,,,,,,,,,,,,,,,,,,,,,,,,,,,,,,,,,,,,
HCLTECH,6.32,1289.8,1295.0,1278.0,1295.0,23.9,1.88,1.35,5.03,661.0,1.26,0.0,0.0,191,2.46,182,3.11,-9,PRICE_OI,Daywise_Price_and_OI_Summary_25AUG26_Report1_2026-07-27.xlsx,,,,,,,,,,,,,,,,,,,,,,,,,,,,,,,,,,,,,,,,,,,,,,,
HEROMOTOCO,6.61,5064.0,5097.6,5058.1,5083.8,51.8,1.03,-0.14,-0.47,590.0,2.58,0.02,3.51,88,1.64,138,4.48,50,PRICE_OI,Daywise_Price_and_OI_Summary_25AUG26_Report1_2026-07-27.xlsx,,,,,,,,,,,,,,,,,,,,,,,,,,,,,,,,,,,,,,,,,,,,,,,
HINDUNILVR,4.99,2169.0,2193.3,2166.3,2185.3,27.6,1.28,0.69,3.23,947.0,2.59,0.03,3.75,-31,-0.54,125,2.7,156,PRICE_OI,Daywise_Price_and_OI_Summary_25AUG26_Report1_2026-07-27.xlsx,,,,,,,,,,,,,,,,,,,,,,,,,,,,,,,,,,,,,,,,,,,,,,,
ICICIPRULI,6.89,505.5,511.0,505.5,510.05,6.1,1.21,0.57,2.05,513.0,3.48,0.02,2.9,-43,-2.41,4,0.32,47,PRICE_OI,Daywise_Price_and_OI_Summary_25AUG26_Report1_2026-07-27.xlsx,,,,,,,,,,,,,,,,,,,,,,,,,,,,,,,,,,,,,,,,,,,,,,,
IDFCFIRSTB,6.89,87.28,89.1,86.2,87.01,5.78,7.12,-0.46,-1.49,3980.0,16.84,-0.02,-2.78,1793,52.97,1166,47.59,-627,PRICE_OI,Daywise_Price_and_OI_Summary_25AUG26_Report1_2026-07-27.xlsx,,,,,,,,,,,,,,,,,,,,,,,,,,,,,,,,,,,,,,,,,,,,,,,
IEX,9.55,125.6,128.28,125.6,126.55,1.44,1.15,0.67,2.18,101.0,1.27,0.0,0.0,106,5.27,94,5.01,-12,PRICE_OI,Daywise_Price_and_OI_Summary_25AUG26_Report1_2026-07-27.xlsx,,,,,,,,,,,,,,,,,,,,,,,,,,,,,,,,,,,,,,,,,,,,,,,
INDHOTEL,5.17,736.0,742.0,735.5,739.0,8.55,1.17,0.63,2.83,396.0,2.68,0.0,0.0,32,2.14,22,1.87,-10,PRICE_OI,Daywise_Price_and_OI_Summary_25AUG26_Report1_2026-07-27.xlsx,,,,,,,,,,,,,,,,,,,,,,,,,,,,,,,,,,,,,,,,,,,,,,,
INDIGO,6.46,5170.0,5195.5,5150.0,5195.5,175.5,3.5,-1.53,-5.12,514.0,1.7,-0.01,-1.1,-54,-0.87,-118,-2.08,-64,PRICE_OI,Daywise_Price_and_OI_Summary_25AUG26_Report1_2026-07-27.xlsx,,,,,,,,,,,,,,,,,,,,,,,,,,,,,,,,,,,,,,,,,,,,,,,
INFY,6.63,1062.0,1077.6,1056.9,1076.2,35.7,3.43,-0.7,-2.35,4593.0,2.67,0.0,0.0,-574,-1.64,-147,-0.55,427,PRICE_OI,Daywise_Price_and_OI_Summary_25AUG26_Report1_2026-07-27.xlsx,,,,,,,,,,,,,,,,,,,,,,,,,,,,,,,,,,,,,,,,,,,,,,,
INOXWIND,10.2,77.94,78.55,77.94,78.24,1.06,1.37,4.66,11.3,298.0,3.15,-0.02,-2.6,22,1.41,-7,-0.58,-29,PRICE_OI,Daywise_Price_and_OI_Summary_25AUG26_Report1_2026-07-27.xlsx,,,,,,,,,,,,,,,,,,,,,,,,,,,,,,,,,,,,,,,,,,,,,,,
IOC,6.09,139.68,141.23,139.61,139.77,1.59,1.15,-0.19,-0.7,522.0,2.35,0.05,5.49,42,1.39,172,6.21,130,PRICE_OI,Daywise_Price_and_OI_Summary_25AUG26_Report1_2026-07-27.xlsx,,,,,,,,,,,,,,,,,,,,,,,,,,,,,,,,,,,,,,,,,,,,,,,
IREDA,7.68,117.06,117.78,116.71,117.4,1.29,1.11,-2.77,-7.6,182.0,1.59,-0.01,-1.05,-14,-0.5,-46,-1.71,-32,PRICE_OI,Daywise_Price_and_OI_Summary_25AUG26_Report1_2026-07-27.xlsx,,,,,,,,,,,,,,,,,,,,,,,,,,,,,,,,,,,,,,,,,,,,,,,
IRFC,7.9,87.06,87.75,87.0,87.55,0.99,1.14,0.25,0.8,130.0,1.16,-0.01,-1.16,78,1.7,-13,-0.33,-91,PRICE_OI,Daywise_Price_and_OI_Summary_25AUG26_Report1_2026-07-27.xlsx,,,,,,,,,,,,,,,,,,,,,,,,,,,,,,,,,,,,,,,,,,,,,,,
ITC,4.95,285.9,290.55,285.7,288.75,3.4,1.19,0.81,3.85,1735.0,2.95,0.0,0.0,256,1.45,297,2.23,41,PRICE_OI,Daywise_Price_and_OI_Summary_25AUG26_Report1_2026-07-27.xlsx,,,,,,,,,,,,,,,,,,,,,,,,,,,,,,,,,,,,,,,,,,,,,,,
JINDALSTEL,6.3,1061.6,1063.7,1045.2,1055.7,14.7,1.41,-3.12,-10.33,322.0,2.81,0.02,3.64,196,18.53,135,23.2,-61,PRICE_OI,Daywise_Price_and_OI_Summary_25AUG26_Report1_2026-07-27.xlsx,,,,,,,,,,,,,,,,,,,,,,,,,,,,,,,,,,,,,,,,,,,,,,,
JUBLFOOD,9.0,422.0,424.8,419.8,424.0,7.6,1.83,-0.12,-0.35,99.0,1.01,0.02,2.2,-95,-3.34,-38,-1.47,57,PRICE_OI,Daywise_Price_and_OI_Summary_25AUG26_Report1_2026-07-27.xlsx,,,,,,,,,,,,,,,,,,,,,,,,,,,,,,,,,,,,,,,,,,,,,,,
KFINTECH,8.09,859.4,905.0,855.05,898.9,46.45,5.45,-1.05,-2.89,134.0,2.62,-0.07,-10.29,157,14.04,15,1.96,-142,PRICE_OI,Daywise_Price_and_OI_Summary_25AUG26_Report1_2026-07-27.xlsx,,,,,,,,,,,,,,,,,,,,,,,,,,,,,,,,,,,,,,,,,,,,,,,
KPITTECH,9.74,577.15,584.25,573.45,579.6,7.95,1.39,1.8,4.37,156.0,1.19,-0.07,-7.37,326,9.84,41,1.3,-285,PRICE_OI,Daywise_Price_and_OI_Summary_25AUG26_Report1_2026-07-27.xlsx,,,,,,,,,,,,,,,,,,,,,,,,,,,,,,,,,,,,,,,,,,,,,,,
LAURUSLABS,6.5,1630.0,1673.5,1626.5,1668.0,55.6,3.45,-2.82,-8.96,818.0,5.53,0.05,10.87,902,22.21,658,35.07,-244,PRICE_OI,Daywise_Price_and_OI_Summary_25AUG26_Report1_2026-07-27.xlsx,,,,,,,,,,,,,,,,,,,,,,,,,,,,,,,,,,,,,,,,,,,,,,,
LODHA,8.31,1117.85,1138.4,1107.05,1125.0,27.5,2.51,-2.09,-5.39,354.0,1.99,-0.14,-16.67,560,33.92,156,11.28,-404,PRICE_OI,Daywise_Price_and_OI_Summary_25AUG26_Report1_2026-07-27.xlsx,,,,,,,,,,,,,,,,,,,,,,,,,,,,,,,,,,,,,,,,,,,,,,,
LTF,8.12,303.4,308.2,303.4,307.95,8.35,2.79,1.05,3.05,331.0,1.95,0.04,5.97,12,0.42,104,5.45,92,PRICE_OI,Daywise_Price_and_OI_Summary_25AUG26_Report1_2026-07-27.xlsx,,,,,,,,,,,,,,,,,,,,,,,,,,,,,,,,,,,,,,,,,,,,,,,
LTM,7.52,4130.0,4194.9,4123.0,4194.9,107.8,2.64,0.39,1.21,199.0,1.28,-0.02,-2.53,235,15.12,150,12.3,-85,PRICE_OI,Daywise_Price_and_OI_Summary_25AUG26_Report1_2026-07-27.xlsx,,,,,,,,,,,,,,,,,,,,,,,,,,,,,,,,,,,,,,,,,,,,,,,
LUPIN,6.56,2385.0,2441.0,2385.0,2431.0,46.2,1.94,1.04,3.89,160.0,1.98,-0.11,-11.96,245,17.64,55,4.32,-190,PRICE_OI,Daywise_Price_and_OI_Summary_25AUG26_Report1_2026-07-27.xlsx,,,,,,,,,,,,,,,,,,,,,,,,,,,,,,,,,,,,,,,,,,,,,,,
MANAPPURAM,9.27,358.95,359.05,356.5,357.35,3.9,1.1,-2.14,-5.55,246.0,3.12,0.0,0.0,4,0.23,6,0.77,2,PRICE_OI,Daywise_Price_and_OI_Summary_25AUG26_Report1_2026-07-27.xlsx,,,,,,,,,,,,,,,,,,,,,,,,,,,,,,,,,,,,,,,,,,,,,,,
MANKIND,7.23,2533.7,2560.0,2533.7,2557.0,32.1,1.27,1.09,3.57,436.0,5.9,0.02,2.9,-19,-3.11,2,0.48,21,PRICE_OI,Daywise_Price_and_OI_Summary_25AUG26_Report1_2026-07-27.xlsx,,,,,,,,,,,,,,,,,,,,,,,,,,,,,,,,,,,,,,,,,,,,,,,
MARUTI,5.97,13540.0,13579.0,13444.0,13550.0,173.0,1.29,0.08,0.3,564.0,2.07,0.01,2.04,175,1.59,232,4.32,57,PRICE_OI,Daywise_Price_and_OI_Summary_25AUG26_Report1_2026-07-27.xlsx,,,,,,,,,,,,,,,,,,,,,,,,,,,,,,,,,,,,,,,,,,,,,,,
MOTHERSON,8.15,146.97,148.7,146.97,148.29,2.0,1.37,1.51,4.35,205.0,1.8,-0.05,-7.35,74,4.94,-28,-2.73,-102,PRICE_OI,Daywise_Price_and_OI_Summary_25AUG26_Report1_2026-07-27.xlsx,,,,,,,,,,,,,,,,,,,,,,,,,,,,,,,,,,,,,,,,,,,,,,,
MPHASIS,8.85,2337.0,2370.0,2331.2,2368.9,65.6,2.85,2.03,6.52,208.0,1.96,0.09,16.07,16,1.3,129,18.91,113,PRICE_OI,Daywise_Price_and_OI_Summary_25AUG26_Report1_2026-07-27.xlsx,,,,,,,,,,,,,,,,,,,,,,,,,,,,,,,,,,,,,,,,,,,,,,,
NAUKRI,7.68,1188.0,1196.95,1180.5,1186.95,17.35,1.48,-0.48,-1.41,293.0,1.64,0.03,6.38,-5,-0.44,32,5.99,37,PRICE_OI,Daywise_Price_and_OI_Summary_25AUG26_Report1_2026-07-27.xlsx,,,,,,,,,,,,,,,,,,,,,,,,,,,,,,,,,,,,,,,,,,,,,,,
NBCC,8.92,95.2,96.0,94.65,95.53,1.23,1.3,1.98,5.13,184.0,2.5,0.0,0.0,-2,-0.21,6,0.85,8,PRICE_OI,Daywise_Price_and_OI_Summary_25AUG26_Report1_2026-07-27.xlsx,,,,,,,,,,,,,,,,,,,,,,,,,,,,,,,,,,,,,,,,,,,,,,,
PATANJALI,7.96,345.5,350.05,344.25,348.8,5.85,1.71,-0.05,-0.14,338.0,1.74,0.01,1.67,-81,-1.74,-11,-0.4,70,PRICE_OI,Daywise_Price_and_OI_Summary_25AUG26_Report1_2026-07-27.xlsx,,,,,,,,,,,,,,,,,,,,,,,,,,,,,,,,,,,,,,,,,,,,,,,
PERSISTENT,9.03,5263.0,5340.0,5237.3,5340.0,155.0,2.99,1.08,2.79,512.0,2.13,0.02,2.15,133,3.72,177,5.3,44,PRICE_OI,Daywise_Price_and_OI_Summary_25AUG26_Report1_2026-07-27.xlsx,,,,,,,,,,,,,,,,,,,,,,,,,,,,,,,,,,,,,,,,,,,,,,,
PGEL,10.63,584.9,586.85,580.2,583.05,7.4,1.29,1.84,4.04,314.0,5.35,-0.04,-5.63,64,4.97,-13,-1.42,-77,PRICE_OI,Daywise_Price_and_OI_Summary_25AUG26_Report1_2026-07-27.xlsx,,,,,,,,,,,,,,,,,,,,,,,,,,,,,,,,,,,,,,,,,,,,,,,
PHOENIXLTD,7.19,2033.6,2062.6,2025.1,2046.7,22.1,1.09,0.54,1.66,202.0,2.83,-0.02,-2.63,-1,-0.52,-5,-3.38,-4,PRICE_OI,Daywise_Price_and_OI_Summary_25AUG26_Report1_2026-07-27.xlsx,,,,,,,,,,,,,,,,,,,,,,,,,,,,,,,,,,,,,,,,,,,,,,,
PIDILITIND,5.56,1597.9,1607.9,1597.9,1604.5,21.6,1.36,-0.3,-1.19,200.0,2.3,0.02,2.99,-7,-1.74,3,1.11,10,PRICE_OI,Daywise_Price_and_OI_Summary_25AUG26_Report1_2026-07-27.xlsx,,,,,,,,,,,,,,,,,,,,,,,,,,,,,,,,,,,,,,,,,,,,,,,
PNB,5.98,111.55,112.74,111.32,112.35,1.21,1.09,0.79,3.01,493.0,1.91,-0.01,-1.27,97,2.52,57,1.88,-40,PRICE_OI,Daywise_Price_and_OI_Summary_25AUG26_Report1_2026-07-27.xlsx,,,,,,,,,,,,,,,,,,,,,,,,,,,,,,,,,,,,,,,,,,,,,,,
PRESTIGE,9.95,1610.0,1643.7,1607.5,1625.7,21.0,1.31,-2.27,-5.36,414.0,5.54,0.01,1.72,2,0.32,2,0.54,0,PRICE_OI,Daywise_Price_and_OI_Summary_25AUG26_Report1_2026-07-27.xlsx,,,,,,,,,,,,,,,,,,,,,,,,,,,,,,,,,,,,,,,,,,,,,,,
RADICO,8.36,4170.0,4224.6,4151.7,4169.5,55.1,1.34,-0.25,-0.69,78.0,3.36,0.0,0.0,-5,-1.29,-2,-1.4,3,PRICE_OI,Daywise_Price_and_OI_Summary_25AUG26_Report1_2026-07-27.xlsx,,,,,,,,,,,,,,,,,,,,,,,,,,,,,,,,,,,,,,,,,,,,,,,
RBLBANK,7.08,360.45,362.25,358.85,360.25,5.25,1.48,-1.69,-4.97,186.0,2.23,0.04,5.71,-34,-2.22,30,2.8,64,PRICE_OI,Daywise_Price_and_OI_Summary_25AUG26_Report1_2026-07-27.xlsx,,,,,,,,,,,,,,,,,,,,,,,,,,,,,,,,,,,,,,,,,,,,,,,
SBICARD,6.71,628.65,633.3,623.4,625.9,11.9,1.94,-2.49,-7.74,388.0,1.73,-0.02,-2.6,335,7.79,166,5.0,-169,PRICE_OI,Daywise_Price_and_OI_Summary_25AUG26_Report1_2026-07-27.xlsx,,,,,,,,,,,,,,,,,,,,,,,,,,,,,,,,,,,,,,,,,,,,,,,
SHRIRAMFIN,7.27,1027.9,1034.9,1006.7,1025.2,13.3,1.31,-0.84,-2.51,809.0,3.47,-0.01,-2.13,249,3.84,99,3.28,-150,PRICE_OI,Daywise_Price_and_OI_Summary_25AUG26_Report1_2026-07-27.xlsx,,,,,,,,,,,,,,,,,,,,,,,,,,,,,,,,,,,,,,,,,,,,,,,
SWIGGY,9.58,252.98,257.5,250.36,256.48,8.0,3.22,-0.68,-1.56,215.0,1.08,-0.02,-2.78,92,2.46,-17,-0.64,-109,PRICE_OI,Daywise_Price_and_OI_Summary_25AUG26_Report1_2026-07-27.xlsx,,,,,,,,,,,,,,,,,,,,,,,,,,,,,,,,,,,,,,,,,,,,,,,
TATACONSUM,5.61,1120.0,1132.6,1109.0,1114.0,19.6,1.79,-1.32,-5.05,884.0,4.53,-0.01,-1.47,579,29.27,367,27.39,-212,PRICE_OI,Daywise_Price_and_OI_Summary_25AUG26_Report1_2026-07-27.xlsx,,,,,,,,,,,,,,,,,,,,,,,,,,,,,,,,,,,,,,,,,,,,,,,
TCS,5.86,2288.0,2315.0,2276.1,2314.2,60.1,2.67,0.36,1.41,1386.0,1.22,0.02,2.04,92,0.37,488,1.99,396,PRICE_OI,Daywise_Price_and_OI_Summary_25AUG26_Report1_2026-07-27.xlsx,,,,,,,,,,,,,,,,,,,,,,,,,,,,,,,,,,,,,,,,,,,,,,,
TECHM,6.35,1575.0,1593.5,1572.7,1593.5,34.8,2.23,1.86,7.13,271.0,1.19,0.01,2.38,7,0.13,63,2.83,56,PRICE_OI,Daywise_Price_and_OI_Summary_25AUG26_Report1_2026-07-27.xlsx,,,,,,,,,,,,,,,,,,,,,,,,,,,,,,,,,,,,,,,,,,,,,,,
TIINDIA,9.09,2791.8,2853.0,2776.5,2837.1,48.3,1.73,1.01,2.7,379.0,5.69,0.0,0.0,-3,-1.65,-4,-1.91,-1,PRICE_OI,Daywise_Price_and_OI_Summary_25AUG26_Report1_2026-07-27.xlsx,,,,,,,,,,,,,,,,,,,,,,,,,,,,,,,,,,,,,,,,,,,,,,,
TORNTPHARM,6.39,4917.7,5009.0,4917.7,4983.6,73.4,1.49,-0.11,-0.38,392.0,1.31,0.03,4.35,51,2.72,90,6.95,39,PRICE_OI,Daywise_Price_and_OI_Summary_25AUG26_Report1_2026-07-27.xlsx,,,,,,,,,,,,,,,,,,,,,,,,,,,,,,,,,,,,,,,,,,,,,,,
UNOMINDA,8.11,1158.9,1158.9,1142.4,1143.5,12.7,1.12,-5.01,-12.94,81.0,1.22,-0.04,-3.36,-3,-1.18,-13,-4.28,-10,PRICE_OI,Daywise_Price_and_OI_Summary_25AUG26_Report1_2026-07-27.xlsx,,,,,,,,,,,,,,,,,,,,,,,,,,,,,,,,,,,,,,,,,,,,,,,
WAAREEENER,8.56,2694.6,2723.0,2694.6,2720.2,35.6,1.33,0.94,2.52,363.0,1.16,0.03,2.36,-85,-2.88,-11,-0.29,74,PRICE_OI,Daywise_Price_and_OI_Summary_25AUG26_Report1_2026-07-27.xlsx,,,,,,,,,,,,,,,,,,,,,,,,,,,,,,,,,,,,,,,,,,,,,,,
ZYDUSLIFE,6.83,1120.0,1132.6,1117.7,1130.0,14.8,1.33,0.62,2.26,267.0,3.14,-0.01,-1.23,-2,-0.41,-3,-0.76,-1,PRICE_OI,Daywise_Price_and_OI_Summary_25AUG26_Report1_2026-07-27.xlsx,,,,,,,,,,,,,,,,,,,,,,,,,,,,,,,,,,,,,,,,,,,,,,,
360ONE,6.57,1123.4,1128.9,1107.1,1126.5,20.5,1.85,2.12,7,72.0,1.11,0,0,3,0.56,0,0,-,PRICE_OI,Daywise_Price_and_OI_Summary_25AUG26_Report_2026-07-27.xlsx,,,,,,,,,,,,,,,,,,,,,,,,,,,,,,,,,,,,,,,,,,,,,,,
ABB,8.43,7380.5,7380.5,7306.0,7316.5,-44,-0.6,-0.47,-1.31,94.0,0.76,0,0,23,0.83,-2,-0.11,-25,PRICE_OI,Daywise_Price_and_OI_Summary_25AUG26_Report_2026-07-27.xlsx,,,,,,,,,,,,,,,,,,,,,,,,,,,,,,,,,,,,,,,,,,,,,,,
ABCAPITAL,8.35,397.05,400.4,397.0,399.25,3.6,0.91,1.61,4.72,13.0,0.17,0,0,-12,-0.94,-5,-0.45,7,PRICE_OI,Daywise_Price_and_OI_Summary_25AUG26_Report_2026-07-27.xlsx,,,,,,,,,,,,,,,,,,,,,,,,,,,,,,,,,,,,,,,,,,,,,,,
ADANIENSOL,8.72,1725.1,1725.1,1714.5,1715.3,2.6,0.15,3.45,9.51,47.0,0.26,-0.01,-1.52,2,0.11,-28,-2.38,-30,PRICE_OI,Daywise_Price_and_OI_Summary_25AUG26_Report_2026-07-27.xlsx,,,,,,,,,,,,,,,,,,,,,,,,,,,,,,,,,,,,,,,,,,,,,,,
ADANIENT,8.09,3055.5,3071.8,3055.0,3056.0,15.9,0.52,1.65,4.72,21.0,0.07,-0.01,-1.28,69,1.31,9,0.22,-60,PRICE_OI,Daywise_Price_and_OI_Summary_25AUG26_Report_2026-07-27.xlsx,,,,,,,,,,,,,,,,,,,,,,,,,,,,,,,,,,,,,,,,,,,,,,,
ADANIGREEN,8.89,1420.0,1426.5,1416.9,1417.9,16.2,1.16,1.14,2.97,201.0,0.78,0,0,-33,-0.53,22,0.74,55,PRICE_OI,Daywise_Price_and_OI_Summary_25AUG26_Report_2026-07-27.xlsx,,,,,,,,,,,,,,,,,,,,,,,,,,,,,,,,,,,,,,,,,,,,,,,
ADANIPORTS,6.54,1791.0,1795.0,1783.1,1790.4,9.9,0.56,1.69,6.32,47.0,0.16,0,0,7,0.17,0,0,-,PRICE_OI,Daywise_Price_and_OI_Summary_25AUG26_Report_2026-07-27.xlsx,,,,,,,,,,,,,,,,,,,,,,,,,,,,,,,,,,,,,,,,,,,,,,,
ADANIPOWER,9.19,216.0,217.2,216.0,216.43,1.51,0.7,1.22,3.14,70.0,0.3,-0.01,-1.41,-1,-0.02,-13,-0.41,-12,PRICE_OI,Daywise_Price_and_OI_Summary_25AUG26_Report_2026-07-27.xlsx,,,,,,,,,,,,,,,,,,,,,,,,,,,,,,,,,,,,,,,,,,,,,,,
ALKEM,6.7,5699.0,5699.0,5695.0,5695.0,40,0.71,-1.83,-6.47,3.0,0.05,0.01,5,-1,-0.3,2,2.94,3,PRICE_OI,Daywise_Price_and_OI_Summary_25AUG26_Report_2026-07-27.xlsx,,,,,,,,,,,,,,,,,,,,,,,,,,,,,,,,,,,,,,,,,,,,,,,
AMBER,8.64,7247.0,7294.0,7247.0,7253.5,16,0.22,0.98,2.61,26.0,0.28,-0.01,-1.15,13,0.4,-24,-0.86,-37,PRICE_OI,Daywise_Price_and_OI_Summary_25AUG26_Report_2026-07-27.xlsx,,,,,,,,,,,,,,,,,,,,,,,,,,,,,,,,,,,,,,,,,,,,,,,
AMBUJACEM,6.73,427.55,430.25,425.4,426.15,-0.35,-0.08,2.93,10.28,121.0,0.32,-0.01,-1.19,13,0.43,-19,-0.76,-32,PRICE_OI,Daywise_Price_and_OI_Summary_25AUG26_Report_2026-07-27.xlsx,,,,,,,,,,,,,,,,,,,,,,,,,,,,,,,,,,,,,,,,,,,,,,,
ANGELONE,8.33,312.65,312.65,309.0,309.9,1.95,0.63,2.2,6.23,18.0,0.26,-0.01,-1.82,22,0.75,-9,-0.55,-31,PRICE_OI,Daywise_Price_and_OI_Summary_25AUG26_Report_2026-07-27.xlsx,,,,,,,,,,,,,,,,,,,,,,,,,,,,,,,,,,,,,,,,,,,,,,,
APLAPOLLO,6.09,1845.0,1848.1,1825.1,1842.0,8.6,0.47,0.87,3.44,16.0,0.22,-0.04,-3.64,-1,-0.13,-30,-3.67,-29,PRICE_OI,Daywise_Price_and_OI_Summary_25AUG26_Report_2026-07-27.xlsx,,,,,,,,,,,,,,,,,,,,,,,,,,,,,,,,,,,,,,,,,,,,,,,
APOLLOHOSP,5.06,8806.5,8889.5,8806.5,8854.5,-0.5,-0.01,0.57,2.76,23.0,0.19,0.02,2.82,-10,-0.99,5,0.69,15,PRICE_OI,Daywise_Price_and_OI_Summary_25AUG26_Report_2026-07-27.xlsx,,,,,,,,,,,,,,,,,,,,,,,,,,,,,,,,,,,,,,,,,,,,,,,
ASHOKLEY,7.94,154.98,155.38,154.25,154.25,2.1,1.38,1.6,4.79,50.0,0.27,0,0,-3,-0.07,4,0.09,7,PRICE_OI,Daywise_Price_and_OI_Summary_25AUG26_Report_2026-07-27.xlsx,,,,,,,,,,,,,,,,,,,,,,,,,,,,,,,,,,,,,,,,,,,,,,,
ASIANPAINT,6.09,2665.2,2710.0,2665.2,2700.0,42.8,1.61,0.81,3.09,170.0,0.91,0.02,2.67,-52,-1.65,21,0.89,73,PRICE_OI,Daywise_Price_and_OI_Summary_25AUG26_Report_2026-07-27.xlsx,,,,,,,,,,,,,,,,,,,,,,,,,,,,,,,,,,,,,,,,,,,,,,,
ASTRAL,7.83,1439.0,1439.9,1422.4,1431.0,13.7,0.97,-1.79,-5.6,35.0,0.26,0,0,-11,-0.65,-19,-1.06,-8,PRICE_OI,Daywise_Price_and_OI_Summary_25AUG26_Report_2026-07-27.xlsx,,,,,,,,,,,,,,,,,,,,,,,,,,,,,,,,,,,,,,,,,,,,,,,
AUBANK,6.69,1029.0,1046.6,1026.6,1032.8,22,2.18,-1.22,-3.93,899.0,5.47,-0.09,-8.82,74,4.22,-84,-4.7,-158,PRICE_OI,Daywise_Price_and_OI_Summary_25AUG26_Report_2026-07-27.xlsx,,,,,,,,,,,,,,,,,,,,,,,,,,,,,,,,,,,,,,,,,,,,,,,
AUROPHARMA,6.73,1540.4,1551.9,1540.4,1549.8,8.9,0.58,2.56,9.13,36.0,0.27,-0.01,-0.97,3,0.15,-4,-0.2,-7,PRICE_OI,Daywise_Price_and_OI_Summary_25AUG26_Report_2026-07-27.xlsx,,,,,,,,,,,,,,,,,,,,,,,,,,,,,,,,,,,,,,,,,,,,,,,
AXISBANK,5.06,1246.7,1246.7,1239.0,1239.6,3.6,0.29,0.55,2.58,90.0,0.1,-0.01,-1.43,101,0.6,-25,-0.21,-126,PRICE_OI,Daywise_Price_and_OI_Summary_25AUG26_Report_2026-07-27.xlsx,,,,,,,,,,,,,,,,,,,,,,,,,,,,,,,,,,,,,,,,,,,,,,,
BAJAJ-AUTO,5.19,11220.0,11284.0,11204.0,11207.0,-5,-0.04,1.01,4.6,30.0,0.15,0,0,23,0.33,3,0.03,-20,PRICE_OI,Daywise_Price_and_OI_Summary_25AUG26_Report_2026-07-27.xlsx,,,,,,,,,,,,,,,,,,,,,,,,,,,,,,,,,,,,,,,,,,,,,,,
BAJAJFINSV,6,1900.0,1910.0,1899.3,1901.7,17.8,0.94,1.08,4.25,21.0,0.11,-0.01,-0.99,12,0.48,-9,-0.36,-21,PRICE_OI,Daywise_Price_and_OI_Summary_25AUG26_Report_2026-07-27.xlsx,,,,,,,,,,,,,,,,,,,,,,,,,,,,,,,,,,,,,,,,,,,,,,,
BAJAJHLDNG,7.41,10706.0,10869.0,10706.0,10869.0,143,1.33,-,-,8.0,0.25,0,0,-1,-0.41,-2,-1.43,-1,PRICE_OI,Daywise_Price_and_OI_Summary_25AUG26_Report_2026-07-27.xlsx,,,,,,,,,,,,,,,,,,,,,,,,,,,,,,,,,,,,,,,,,,,,,,,
BAJFINANCE,6.83,1038.0,1043.5,1035.1,1035.8,15.6,1.53,1.82,6.39,247.0,0.42,0.01,1.25,-29,-0.39,1,0.02,30,PRICE_OI,Daywise_Price_and_OI_Summary_25AUG26_Report_2026-07-27.xlsx,,,,,,,,,,,,,,,,,,,,,,,,,,,,,,,,,,,,,,,,,,,,,,,
BANDHANBNK,9.78,168.8,168.8,166.01,167.8,2.34,1.41,0.56,1.37,108.0,0.4,0,0,-21,-0.13,12,0.14,33,PRICE_OI,Daywise_Price_and_OI_Summary_25AUG26_Report_2026-07-27.xlsx,,,,,,,,,,,,,,,,,,,,,,,,,,,,,,,,,,,,,,,,,,,,,,,
BANKBARODA,6.57,244.0,248.75,243.35,248.3,0.6,0.24,-2.87,-8.82,386.0,1.25,0.02,1.85,188,3.46,361,6.18,173,PRICE_OI,Daywise_Price_and_OI_Summary_25AUG26_Report_2026-07-27.xlsx,,,,,,,,,,,,,,,,,,,,,,,,,,,,,,,,,,,,,,,,,,,,,,,
BANKEX,-,66289.6,66289.6,66098.8,66098.8,-,-,-,-,0.0,0.0,-,-,2,100,-,-,-,PRICE_OI,Daywise_Price_and_OI_Summary_25AUG26_Report_2026-07-27.xlsx,,,,,,,,,,,,,,,,,,,,,,,,,,,,,,,,,,,,,,,,,,,,,,,
BANKINDIA,7.82,145.0,145.0,143.0,143.2,-0.28,-0.2,-1.45,-4.02,272.0,2.76,0.03,3.66,69,4.32,116,8.88,47,PRICE_OI,Daywise_Price_and_OI_Summary_25AUG26_Report_2026-07-27.xlsx,,,,,,,,,,,,,,,,,,,,,,,,,,,,,,,,,,,,,,,,,,,,,,,
BANKNIFTY,3.19,57499.0,57543.0,57366.0,57515.0,428.4,0.75,-0.48,-3.29,-29.0,-0.06,0,0,-2155,-1.12,-796,-0.5,1359,PRICE_OI,Daywise_Price_and_OI_Summary_25AUG26_Report_2026-07-27.xlsx,,,,,,,,,,,,,,,,,,,,,,,,,,,,,,,,,,,,,,,,,,,,,,,
BDL,9.02,1217.8,1223.1,1217.8,1218.0,8.2,0.68,0.52,1.36,10.0,0.08,-0.01,-1.09,4,0.17,-4,-0.18,-8,PRICE_OI,Daywise_Price_and_OI_Summary_25AUG26_Report_2026-07-27.xlsx,,,,,,,,,,,,,,,,,,,,,,,,,,,,,,,,,,,,,,,,,,,,,,,
BEL,6.09,409.45,409.5,407.7,408.5,1.15,0.28,0.92,3.54,108.0,0.28,-0.01,-1.28,105,1.03,-11,-0.14,-116,PRICE_OI,Daywise_Price_and_OI_Summary_25AUG26_Report_2026-07-27.xlsx,,,,,,,,,,,,,,,,,,,,,,,,,,,,,,,,,,,,,,,,,,,,,,,
BHARATFORG,7.33,2185.0,2190.2,2177.4,2177.4,11.6,0.54,2,6.35,24.0,0.24,-0.01,-1,-1,-0.07,-8,-0.54,-7,PRICE_OI,Daywise_Price_and_OI_Summary_25AUG26_Report_2026-07-27.xlsx,,,,,,,,,,,,,,,,,,,,,,,,,,,,,,,,,,,,,,,,,,,,,,,
BHARTIARTL,4.54,1910.0,1913.5,1907.7,1911.4,0.6,0.03,1.17,6.2,101.0,0.1,0,0,63,0.93,13,0.23,-50,PRICE_OI,Daywise_Price_and_OI_Summary_25AUG26_Report_2026-07-27.xlsx,,,,,,,,,,,,,,,,,,,,,,,,,,,,,,,,,,,,,,,,,,,,,,,
BHEL,7.89,421.5,423.0,421.2,421.55,2,0.48,1.99,6.01,19.0,0.1,0,0,1,0.02,0,0,-,PRICE_OI,Daywise_Price_and_OI_Summary_25AUG26_Report_2026-07-27.xlsx,,,,,,,,,,,,,,,,,,,,,,,,,,,,,,,,,,,,,,,,,,,,,,,
BIOCON,7.25,436.0,439.0,436.0,438.3,1.8,0.41,0.88,2.88,32.0,0.26,-0.01,-1.16,-6,-0.34,-14,-0.92,-8,PRICE_OI,Daywise_Price_and_OI_Summary_25AUG26_Report_2026-07-27.xlsx,,,,,,,,,,,,,,,,,,,,,,,,,,,,,,,,,,,,,,,,,,,,,,,
BLUESTARCO,8.45,1656.2,1663.0,1656.2,1657.0,24.5,1.5,-0.84,-2.52,8.0,0.1,-0.01,-0.9,-3,-0.88,-6,-1.58,-3,PRICE_OI,Daywise_Price_and_OI_Summary_25AUG26_Report_2026-07-27.xlsx,,,,,,,,,,,,,,,,,,,,,,,,,,,,,,,,,,,,,,,,,,,,,,,
BOSCHLTD,7.18,41970.0,42000.0,41880.0,41880.0,175,0.42,0.03,0.1,6.0,0.09,-0.13,-22.41,1,0.21,-60,-21.82,-61,PRICE_OI,Daywise_Price_and_OI_Summary_25AUG26_Report_2026-07-27.xlsx,,,,,,,,,,,,,,,,,,,,,,,,,,,,,,,,,,,,,,,,,,,,,,,
BPCL,6.62,318.0,320.8,314.8,317.75,5.4,1.73,1.89,6.62,161.0,1.15,-0.01,-1.18,6,0.26,-16,-0.81,-22,PRICE_OI,Daywise_Price_and_OI_Summary_25AUG26_Report_2026-07-27.xlsx,,,,,,,,,,,,,,,,,,,,,,,,,,,,,,,,,,,,,,,,,,,,,,,
BRITANNIA,5.74,5320.5,5360.0,5320.5,5349.5,34,0.64,1.98,8.26,48.0,0.4,-0.03,-3.33,3,0.37,-19,-2.6,-22,PRICE_OI,Daywise_Price_and_OI_Summary_25AUG26_Report_2026-07-27.xlsx,,,,,,,,,,,,,,,,,,,,,,,,,,,,,,,,,,,,,,,,,,,,,,,
BSE,8.58,3600.0,3601.0,3579.2,3579.2,8.2,0.23,1.28,3.46,45.0,0.21,-0.01,-1.1,151,1.73,-3,-0.04,-154,PRICE_OI,Daywise_Price_and_OI_Summary_25AUG26_Report_2026-07-27.xlsx,,,,,,,,,,,,,,,,,,,,,,,,,,,,,,,,,,,,,,,,,,,,,,,
CAMS,7.41,768.45,774.7,768.45,771.1,6.65,0.87,0.47,1.52,11.0,0.2,-0.01,-1.25,0,0,-10,-1.57,-,PRICE_OI,Daywise_Price_and_OI_Summary_25AUG26_Report_2026-07-27.xlsx,,,,,,,,,,,,,,,,,,,,,,,,,,,,,,,,,,,,,,,,,,,,,,,
CANBK,8.39,127.74,128.5,127.04,128.38,1.64,1.29,1.97,5.93,141.0,0.35,0,0,-3,-0.08,-6,-0.2,-3,PRICE_OI,Daywise_Price_and_OI_Summary_25AUG26_Report_2026-07-27.xlsx,,,,,,,,,,,,,,,,,,,,,,,,,,,,,,,,,,,,,,,,,,,,,,,
CDSL,8.2,1349.4,1349.4,1340.4,1343.8,12.6,0.95,0.19,0.57,86.0,0.71,-0.01,-1.16,31,0.69,-15,-0.39,-46,PRICE_OI,Daywise_Price_and_OI_Summary_25AUG26_Report_2026-07-27.xlsx,,,,,,,,,,,,,,,,,,,,,,,,,,,,,,,,,,,,,,,,,,,,,,,
CGPOWER,8.34,884.0,890.45,872.05,883.55,7.35,0.84,0.49,1.38,218.0,1.38,-0.02,-3.03,62,2.11,-20,-1.03,-82,PRICE_OI,Daywise_Price_and_OI_Summary_25AUG26_Report_2026-07-27.xlsx,,,,,,,,,,,,,,,,,,,,,,,,,,,,,,,,,,,,,,,,,,,,,,,
CHOLAFIN,6.94,1764.8,1794.5,1762.9,1766.1,31.2,1.8,1.73,5.57,248.0,1.84,0,0,-6,-0.76,-3,-0.46,3,PRICE_OI,Daywise_Price_and_OI_Summary_25AUG26_Report_2026-07-27.xlsx,,,,,,,,,,,,,,,,,,,,,,,,,,,,,,,,,,,,,,,,,,,,,,,
CIPLA,5.24,1425.5,1425.5,1418.2,1418.2,1.5,0.11,1.08,4.86,23.0,0.13,-0.01,-1.23,2,0.06,-8,-0.29,-10,PRICE_OI,Daywise_Price_and_OI_Summary_25AUG26_Report_2026-07-27.xlsx,,,,,,,,,,,,,,,,,,,,,,,,,,,,,,,,,,,,,,,,,,,,,,,
COALINDIA,4.68,427.65,427.85,424.8,425.05,-1.15,-0.27,0.63,3.12,30.0,0.11,-0.01,-1.03,41,0.78,-32,-0.63,-73,PRICE_OI,Daywise_Price_and_OI_Summary_25AUG26_Report_2026-07-27.xlsx,,,,,,,,,,,,,,,,,,,,,,,,,,,,,,,,,,,,,,,,,,,,,,,
COCHINSHIP,7.84,1392.0,1395.0,1392.0,1394.0,10.7,0.77,1.77,5.57,6.0,0.06,0,0,-10,-0.67,-7,-0.53,3,PRICE_OI,Daywise_Price_and_OI_Summary_25AUG26_Report_2026-07-27.xlsx,,,,,,,,,,,,,,,,,,,,,,,,,,,,,,,,,,,,,,,,,,,,,,,
COFORGE,9.06,1499.9,1511.7,1498.1,1507.1,22.8,1.54,1.56,4.02,82.0,0.34,0,0,10,0.24,-8,-0.29,-18,PRICE_OI,Daywise_Price_and_OI_Summary_25AUG26_Report_2026-07-27.xlsx,,,,,,,,,,,,,,,,,,,,,,,,,,,,,,,,,,,,,,,,,,,,,,,
COLPAL,6.7,2100.0,2131.0,2100.0,2123.6,23.5,1.12,1.28,4.62,1.0,0.01,0,0,-59,-2.31,-18,-1.36,41,PRICE_OI,Daywise_Price_and_OI_Summary_25AUG26_Report_2026-07-27.xlsx,,,,,,,,,,,,,,,,,,,,,,,,,,,,,,,,,,,,,,,,,,,,,,,
CONCOR,6.25,476.0,480.65,476.0,476.95,-1.4,-0.29,-0.43,-1.49,30.0,0.35,-0.02,-2.9,52,3.44,0,0,-,PRICE_OI,Daywise_Price_and_OI_Summary_25AUG26_Report_2026-07-27.xlsx,,,,,,,,,,,,,,,,,,,,,,,,,,,,,,,,,,,,,,,,,,,,,,,
CROMPTON,7.99,253.65,253.65,251.6,251.6,-0.35,-0.14,0.74,2.18,30.0,0.19,0,0,10,0.54,-10,-1.28,-20,PRICE_OI,Daywise_Price_and_OI_Summary_25AUG26_Report_2026-07-27.xlsx,,,,,,,,,,,,,,,,,,,,,,,,,,,,,,,,,,,,,,,,,,,,,,,
CUMMINSIND,7.95,5659.0,5665.0,5645.0,5645.0,0,0,0.63,1.88,22.0,0.17,0.01,1.41,-9,-1.35,-4,-0.84,5,PRICE_OI,Daywise_Price_and_OI_Summary_25AUG26_Report_2026-07-27.xlsx,,,,,,,,,,,,,,,,,,,,,,,,,,,,,,,,,,,,,,,,,,,,,,,
DABUR,6.95,428.85,430.7,426.65,429.75,4.55,1.07,1.71,6.41,52.0,0.34,-0.04,-5.26,108,4.97,-3,-0.18,-111,PRICE_OI,Daywise_Price_and_OI_Summary_25AUG26_Report_2026-07-27.xlsx,,,,,,,,,,,,,,,,,,,,,,,,,,,,,,,,,,,,,,,,,,,,,,,
DALBHARAT,6.67,1750.0,1798.3,1750.0,1775.7,-27.7,-1.54,-1.14,-4.03,87.0,1.44,-0.02,-2.27,-4,-0.83,-10,-2.36,-6,PRICE_OI,Daywise_Price_and_OI_Summary_25AUG26_Report_2026-07-27.xlsx,,,,,,,,,,,,,,,,,,,,,,,,,,,,,,,,,,,,,,,,,,,,,,,
DELHIVERY,8.07,472.0,472.0,467.5,467.6,3.1,0.67,0.17,0.47,12.0,0.19,-0.01,-1.92,-7,-0.33,-16,-1.46,-9,PRICE_OI,Daywise_Price_and_OI_Summary_25AUG26_Report_2026-07-27.xlsx,,,,,,,,,,,,,,,,,,,,,,,,,,,,,,,,,,,,,,,,,,,,,,,
DIVISLAB,6.5,7303.0,7339.0,7278.0,7326.5,27.5,0.38,2.74,9.93,12.0,0.05,-0.01,-1.15,8,0.31,-3,-0.13,-11,PRICE_OI,Daywise_Price_and_OI_Summary_25AUG26_Report_2026-07-27.xlsx,,,,,,,,,,,,,,,,,,,,,,,,,,,,,,,,,,,,,,,,,,,,,,,
DIXON,9.13,13850.0,13850.0,13712.0,13744.0,66,0.48,2.18,5.54,89.0,0.29,0,0,41,0.43,10,0.13,-31,PRICE_OI,Daywise_Price_and_OI_Summary_25AUG26_Report_2026-07-27.xlsx,,,,,,,,,,,,,,,,,,,,,,,,,,,,,,,,,,,,,,,,,,,,,,,
DLF,8.18,644.8,649.85,644.8,646.55,5.3,0.83,0.97,2.89,47.0,0.14,0.01,1.37,-36,-1.3,-16,-0.79,20,PRICE_OI,Daywise_Price_and_OI_Summary_25AUG26_Report_2026-07-27.xlsx,,,,,,,,,,,,,,,,,,,,,,,,,,,,,,,,,,,,,,,,,,,,,,,
DMART,6.23,4010.0,4049.9,4010.0,4026.2,15.8,0.39,0.53,2.1,28.0,0.12,0,0,9,0.31,-4,-0.21,-13,PRICE_OI,Daywise_Price_and_OI_Summary_25AUG26_Report_2026-07-27.xlsx,,,,,,,,,,,,,,,,,,,,,,,,,,,,,,,,,,,,,,,,,,,,,,,
DRREDDY,5.67,1151.3,1154.7,1145.3,1149.9,-0.5,-0.04,0.25,1.02,43.0,0.28,-0.01,-1.35,77,1.04,7,0.13,-70,PRICE_OI,Daywise_Price_and_OI_Summary_25AUG26_Report_2026-07-27.xlsx,,,,,,,,,,,,,,,,,,,,,,,,,,,,,,,,,,,,,,,,,,,,,,,
EICHERMOT,6.4,7587.0,7665.5,7587.0,7622.5,40,0.53,1.29,4.87,128.0,0.42,-0.01,-0.58,4,0.08,-35,-0.42,-39,PRICE_OI,Daywise_Price_and_OI_Summary_25AUG26_Report_2026-07-27.xlsx,,,,,,,,,,,,,,,,,,,,,,,,,,,,,,,,,,,,,,,,,,,,,,,
ETERNAL,7.82,283.3,288.1,283.3,287.8,6,2.13,1.01,3.05,162.0,0.39,0.01,2.04,-274,-2.46,31,0.57,305,PRICE_OI,Daywise_Price_and_OI_Summary_25AUG26_Report_2026-07-27.xlsx,,,,,,,,,,,,,,,,,,,,,,,,,,,,,,,,,,,,,,,,,,,,,,,
FEDERALBNK,5.24,357.0,357.75,355.8,356.2,0.9,0.25,0.94,4.32,21.0,0.07,0,0,4,0.12,2,0.07,-2,PRICE_OI,Daywise_Price_and_OI_Summary_25AUG26_Report_2026-07-27.xlsx,,,,,,,,,,,,,,,,,,,,,,,,,,,,,,,,,,,,,,,,,,,,,,,
FINNIFTY,3.54,26151.0,26250.0,26151.0,26250.0,168,0.64,-,-,0.0,0.0,-0.03,-13.04,0,0,-1,-14.29,-,PRICE_OI,Daywise_Price_and_OI_Summary_25AUG26_Report_2026-07-27.xlsx,,,,,,,,,,,,,,,,,,,,,,,,,,,,,,,,,,,,,,,,,,,,,,,
FOCIT,-,34288.0,34950.0,34212.0,34950.0,0,0,-,-,0.0,0.0,0,0,0,0,0,0,-,PRICE_OI,Daywise_Price_and_OI_Summary_25AUG26_Report_2026-07-27.xlsx,,,,,,,,,,,,,,,,,,,,,,,,,,,,,,,,,,,,,,,,,,,,,,,
FORCEMOT,11.29,17899.0,17899.0,17636.0,17731.0,183,1.04,2.16,4.47,7.0,0.1,-0.03,-2.73,10,1.41,-5,-0.64,-15,PRICE_OI,Daywise_Price_and_OI_Summary_25AUG26_Report_2026-07-27.xlsx,,,,,,,,,,,,,,,,,,,,,,,,,,,,,,,,,,,,,,,,,,,,,,,
FORTIS,7.29,951.1,960.0,947.75,959.55,7.85,0.82,-0.27,-1.03,20.0,0.25,-0.02,-1.31,0,0,-9,-1.56,-,PRICE_OI,Daywise_Price_and_OI_Summary_25AUG26_Report_2026-07-27.xlsx,,,,,,,,,,,,,,,,,,,,,,,,,,,,,,,,,,,,,,,,,,,,,,,
GAIL,6.7,171.99,173.4,171.08,173.29,2.63,1.54,5.11,19.16,23.0,0.15,0,0,-26,-1.05,-8,-0.33,18,PRICE_OI,Daywise_Price_and_OI_Summary_25AUG26_Report_2026-07-27.xlsx,,,,,,,,,,,,,,,,,,,,,,,,,,,,,,,,,,,,,,,,,,,,,,,
GLENMARK,8.05,2209.9,2220.5,2206.0,2215.6,10.3,0.47,2.19,6.65,29.0,0.18,-0.01,-0.7,-6,-1.06,-15,-1.86,-9,PRICE_OI,Daywise_Price_and_OI_Summary_25AUG26_Report_2026-07-27.xlsx,,,,,,,,,,,,,,,,,,,,,,,,,,,,,,,,,,,,,,,,,,,,,,,
GMRAIRPORT,8.12,109.0,109.56,108.85,108.85,1.21,1.12,3.28,10.74,33.0,0.36,0,0,-5,-0.32,-5,-0.51,0,PRICE_OI,Daywise_Price_and_OI_Summary_25AUG26_Report_2026-07-27.xlsx,,,,,,,,,,,,,,,,,,,,,,,,,,,,,,,,,,,,,,,,,,,,,,,
GODFRYPHLP,9.11,2109.0,2148.0,2109.0,2136.0,35.3,1.68,2.67,7.48,33.0,0.74,0,0,-2,-0.36,0,0,-,PRICE_OI,Daywise_Price_and_OI_Summary_25AUG26_Report_2026-07-27.xlsx,,,,,,,,,,,,,,,,,,,,,,,,,,,,,,,,,,,,,,,,,,,,,,,
GODREJCP,6.25,1079.9,1079.9,1060.5,1072.1,10.2,0.96,1.86,6.97,19.0,0.14,0,0,-2,-0.37,-2,-0.69,0,PRICE_OI,Daywise_Price_and_OI_Summary_25AUG26_Report_2026-07-27.xlsx,,,,,,,,,,,,,,,,,,,,,,,,,,,,,,,,,,,,,,,,,,,,,,,
GODREJPROP,8.33,2055.0,2060.0,2039.9,2040.0,10,0.49,2.22,6.29,18.0,0.13,0,0,-6,-0.25,-4,-0.36,2,PRICE_OI,Daywise_Price_and_OI_Summary_25AUG26_Report_2026-07-27.xlsx,,,,,,,,,,,,,,,,,,,,,,,,,,,,,,,,,,,,,,,,,,,,,,,
GRASIM,5.22,3125.0,3125.0,3093.9,3099.3,4.9,0.16,-,-,45.0,0.13,-0.01,-1.37,-1,-0.11,-9,-1.4,-8,PRICE_OI,Daywise_Price_and_OI_Summary_25AUG26_Report_2026-07-27.xlsx,,,,,,,,,,,,,,,,,,,,,,,,,,,,,,,,,,,,,,,,,,,,,,,
GVT&D,10.79,4224.8,4255.9,4188.4,4212.0,24.2,0.58,0.6,1.25,25.0,0.17,-0.01,-1.25,5,0.5,-2,-0.25,-7,PRICE_OI,Daywise_Price_and_OI_Summary_25AUG26_Report_2026-07-27.xlsx,,,,,,,,,,,,,,,,,,,,,,,,,,,,,,,,,,,,,,,,,,,,,,,
HAL,6.78,4620.0,4622.4,4602.2,4602.7,8.8,0.19,1.14,3.96,49.0,0.23,0,0,40,0.63,-6,-0.13,-46,PRICE_OI,Daywise_Price_and_OI_Summary_25AUG26_Report_2026-07-27.xlsx,,,,,,,,,,,,,,,,,,,,,,,,,,,,,,,,,,,,,,,,,,,,,,,
HAVELLS,6.08,1247.0,1250.5,1242.6,1243.3,9.1,0.74,0.56,2.09,161.0,1.22,0.01,1.37,-14,-0.63,-8,-0.49,6,PRICE_OI,Daywise_Price_and_OI_Summary_25AUG26_Report_2026-07-27.xlsx,,,,,,,,,,,,,,,,,,,,,,,,,,,,,,,,,,,,,,,,,,,,,,,
HCLTECH,6.38,1289.8,1292.9,1280.5,1282.7,11.6,0.91,1.67,6.22,286.0,0.54,0,0,66,0.85,62,1.06,-4,PRICE_OI,Daywise_Price_and_OI_Summary_25AUG26_Report_2026-07-27.xlsx,,,,,,,,,,,,,,,,,,,,,,,,,,,,,,,,,,,,,,,,,,,,,,,
HDFCAMC,6.71,2548.9,2549.0,2536.8,2544.7,25.7,1.02,0.64,2.23,14.0,0.1,0,0,-6,-0.17,-15,-0.65,-9,PRICE_OI,Daywise_Price_and_OI_Summary_25AUG26_Report_2026-07-27.xlsx,,,,,,,,,,,,,,,,,,,,,,,,,,,,,,,,,,,,,,,,,,,,,,,
HDFCBANK,5.52,751.15,753.5,749.1,749.85,1.75,0.23,0.61,2.55,1343.0,0.4,0,0,635,0.66,181,0.39,-454,PRICE_OI,Daywise_Price_and_OI_Summary_25AUG26_Report_2026-07-27.xlsx,,,,,,,,,,,,,,,,,,,,,,,,,,,,,,,,,,,,,,,,,,,,,,,
HDFCLIFE,5.37,558.05,561.2,557.65,559.5,1.7,0.3,0.66,2.8,39.0,0.16,0,0,13,0.22,-3,-0.08,-16,PRICE_OI,Daywise_Price_and_OI_Summary_25AUG26_Report_2026-07-27.xlsx,,,,,,,,,,,,,,,,,,,,,,,,,,,,,,,,,,,,,,,,,,,,,,,
HEROMOTOCO,7.06,5064.0,5095.0,5058.1,5066.0,34,0.68,0.36,1.22,93.0,0.41,0,0,10,0.19,-1,-0.03,-11,PRICE_OI,Daywise_Price_and_OI_Summary_25AUG26_Report_2026-07-27.xlsx,,,,,,,,,,,,,,,,,,,,,,,,,,,,,,,,,,,,,,,,,,,,,,,
HINDALCO,6.7,955.0,955.0,946.7,952.9,3.6,0.38,0.44,1.48,107.0,0.2,-0.01,-1.19,45,0.95,-8,-0.2,-53,PRICE_OI,Daywise_Price_and_OI_Summary_25AUG26_Report_2026-07-27.xlsx,,,,,,,,,,,,,,,,,,,,,,,,,,,,,,,,,,,,,,,,,,,,,,,
HINDPETRO,6.9,394.0,394.0,389.0,391.0,7.25,1.89,0.43,1.46,35.0,0.21,0.01,1.33,-35,-1.37,1,0.05,36,PRICE_OI,Daywise_Price_and_OI_Summary_25AUG26_Report_2026-07-27.xlsx,,,,,,,,,,,,,,,,,,,,,,,,,,,,,,,,,,,,,,,,,,,,,,,
HINDUNILVR,4.83,2169.0,2193.3,2166.3,2186.9,29.2,1.35,0.75,3.51,290.0,0.79,0.02,2.5,-127,-2.21,3,0.06,130,PRICE_OI,Daywise_Price_and_OI_Summary_25AUG26_Report_2026-07-27.xlsx,,,,,,,,,,,,,,,,,,,,,,,,,,,,,,,,,,,,,,,,,,,,,,,
HINDZINC,6.5,541.0,543.05,539.5,539.9,5.2,0.97,0.25,0.86,100.0,0.8,0.01,1.89,6,0.11,12,0.4,6,PRICE_OI,Daywise_Price_and_OI_Summary_25AUG26_Report_2026-07-27.xlsx,,,,,,,,,,,,,,,,,,,,,,,,,,,,,,,,,,,,,,,,,,,,,,,
HYUNDAI,8.83,1934.0,1967.9,1934.0,1944.1,21.1,1.1,-0.27,-0.74,22.0,0.18,-0.01,-2.04,-1,-0.04,-11,-0.8,-10,PRICE_OI,Daywise_Price_and_OI_Summary_25AUG26_Report_2026-07-27.xlsx,,,,,,,,,,,,,,,,,,,,,,,,,,,,,,,,,,,,,,,,,,,,,,,
ICICIBANK,4.41,1437.0,1437.0,1428.5,1429.0,0.9,0.06,0.52,2.79,158.0,0.14,-0.01,-1.49,102,0.86,26,0.33,-76,PRICE_OI,Daywise_Price_and_OI_Summary_25AUG26_Report_2026-07-27.xlsx,,,,,,,,,,,,,,,,,,,,,,,,,,,,,,,,,,,,,,,,,,,,,,,
ICICIGI,5.98,1667.1,1678.7,1667.1,1671.5,-2.2,-0.13,-0.61,-2.36,13.0,0.11,0,0,1,0.04,3,0.14,2,PRICE_OI,Daywise_Price_and_OI_Summary_25AUG26_Report_2026-07-27.xlsx,,,,,,,,,,,,,,,,,,,,,,,,,,,,,,,,,,,,,,,,,,,,,,,
ICICIPRULI,7.93,505.5,511.0,505.5,508.1,4.15,0.82,0.29,1.04,52.0,0.35,0.02,2.9,-44,-2.46,-5,-0.4,39,PRICE_OI,Daywise_Price_and_OI_Summary_25AUG26_Report_2026-07-27.xlsx,,,,,,,,,,,,,,,,,,,,,,,,,,,,,,,,,,,,,,,,,,,,,,,
IDEA,9.27,13.25,13.34,13.24,13.33,0.1,0.76,1.78,4.53,115.0,0.23,0,0,-7,-0.08,-7,-0.15,0,PRICE_OI,Daywise_Price_and_OI_Summary_25AUG26_Report_2026-07-27.xlsx,,,,,,,,,,,,,,,,,,,,,,,,,,,,,,,,,,,,,,,,,,,,,,,
IDFCFIRSTB,7.18,87.28,89.0,86.2,88.81,7.58,9.33,-0.88,-2.85,3378.0,14.29,0.05,6.94,200,5.91,305,12.45,105,PRICE_OI,Daywise_Price_and_OI_Summary_25AUG26_Report_2026-07-27.xlsx,,,,,,,,,,,,,,,,,,,,,,,,,,,,,,,,,,,,,,,,,,,,,,,
IEX,9.98,125.6,128.28,125.6,127.6,2.49,1.99,1.33,4.32,50.0,0.63,0,0,57,2.84,39,2.08,-18,PRICE_OI,Daywise_Price_and_OI_Summary_25AUG26_Report_2026-07-27.xlsx,,,,,,,,,,,,,,,,,,,,,,,,,,,,,,,,,,,,,,,,,,,,,,,
INDHOTEL,5.93,736.0,738.6,735.5,737.0,6.55,0.9,2.06,9.26,44.0,0.3,0.01,1.28,6,0.4,14,1.19,8,PRICE_OI,Daywise_Price_and_OI_Summary_25AUG26_Report_2026-07-27.xlsx,,,,,,,,,,,,,,,,,,,,,,,,,,,,,,,,,,,,,,,,,,,,,,,
INDIANB,7.37,834.55,843.0,834.55,840.0,11.2,1.35,-11.12,-38.94,69.0,0.85,0,0,-3,-0.22,-7,-0.56,-4,PRICE_OI,Daywise_Price_and_OI_Summary_25AUG26_Report_2026-07-27.xlsx,,,,,,,,,,,,,,,,,,,,,,,,,,,,,,,,,,,,,,,,,,,,,,,
INDIGO,6.68,5170.0,5183.0,5150.0,5168.5,148.5,2.96,-0.78,-2.61,182.0,0.6,-0.02,-2.2,-159,-2.56,-308,-5.42,-149,PRICE_OI,Daywise_Price_and_OI_Summary_25AUG26_Report_2026-07-27.xlsx,,,,,,,,,,,,,,,,,,,,,,,,,,,,,,,,,,,,,,,,,,,,,,,
INDUSINDBK,6.33,1003.45,1012.9,1003.45,1011.95,10.1,1.01,0.83,3.06,-1.0,0.0,0,0,6,0.1,5,0.1,-1,PRICE_OI,Daywise_Price_and_OI_Summary_25AUG26_Report_2026-07-27.xlsx,,,,,,,,,,,,,,,,,,,,,,,,,,,,,,,,,,,,,,,,,,,,,,,
INDUSTOWER,6.82,398.55,398.6,395.25,397.5,1.5,0.38,0.76,2.63,39.0,0.11,0,0,2,0.09,-6,-0.52,-8,PRICE_OI,Daywise_Price_and_OI_Summary_25AUG26_Report_2026-07-27.xlsx,,,,,,,,,,,,,,,,,,,,,,,,,,,,,,,,,,,,,,,,,,,,,,,
INFY,6.7,1062.0,1064.7,1056.9,1064.0,23.5,2.26,-0.04,-0.13,1272.0,0.74,-0.01,-1.3,-309,-0.88,-278,-1.04,31,PRICE_OI,Daywise_Price_and_OI_Summary_25AUG26_Report_2026-07-27.xlsx,,,,,,,,,,,,,,,,,,,,,,,,,,,,,,,,,,,,,,,,,,,,,,,
INOXWIND,10.49,77.94,78.54,77.94,78.3,1.12,1.45,-,-,10.0,0.11,-0.01,-1.3,0,0,-4,-0.33,-,PRICE_OI,Daywise_Price_and_OI_Summary_25AUG26_Report_2026-07-27.xlsx,,,,,,,,,,,,,,,,,,,,,,,,,,,,,,,,,,,,,,,,,,,,,,,
IOC,6.31,139.68,141.23,139.68,140.32,2.14,1.55,0.27,0.99,130.0,0.58,0,0,-12,-0.4,-20,-0.72,-8,PRICE_OI,Daywise_Price_and_OI_Summary_25AUG26_Report_2026-07-27.xlsx,,,,,,,,,,,,,,,,,,,,,,,,,,,,,,,,,,,,,,,,,,,,,,,
IREDA,8.29,117.06,117.78,116.71,117.51,1.4,1.21,-,-,2.0,0.02,0,0,-12,-0.43,-17,-0.63,-5,PRICE_OI,Daywise_Price_and_OI_Summary_25AUG26_Report_2026-07-27.xlsx,,,,,,,,,,,,,,,,,,,,,,,,,,,,,,,,,,,,,,,,,,,,,,,
IRFC,7.32,87.06,87.75,87.0,87.27,0.71,0.82,-1.93,-6.2,10.0,0.09,0,0,7,0.15,-5,-0.13,-12,PRICE_OI,Daywise_Price_and_OI_Summary_25AUG26_Report_2026-07-27.xlsx,,,,,,,,,,,,,,,,,,,,,,,,,,,,,,,,,,,,,,,,,,,,,,,
ITC,5.03,285.9,290.55,285.7,289.0,3.65,1.28,1.05,5,145.0,0.25,0.02,2.63,-170,-0.96,317,2.38,487,PRICE_OI,Daywise_Price_and_OI_Summary_25AUG26_Report_2026-07-27.xlsx,,,,,,,,,,,,,,,,,,,,,,,,,,,,,,,,,,,,,,,,,,,,,,,
JINDALSTEL,7.67,1061.6,1063.7,1050.7,1056.8,15.8,1.52,-2.14,-7.08,198.0,1.73,0,0,28,2.65,10,1.72,-18,PRICE_OI,Daywise_Price_and_OI_Summary_25AUG26_Report_2026-07-27.xlsx,,,,,,,,,,,,,,,,,,,,,,,,,,,,,,,,,,,,,,,,,,,,,,,
JIOFIN,6.7,237.5,237.7,236.81,237.0,1.46,0.62,0.76,2.81,76.0,0.16,0,0,20,0.14,-16,-0.19,-36,PRICE_OI,Daywise_Price_and_OI_Summary_25AUG26_Report_2026-07-27.xlsx,,,,,,,,,,,,,,,,,,,,,,,,,,,,,,,,,,,,,,,,,,,,,,,
JSWENERGY,6.46,558.75,558.75,555.05,555.35,0.2,0.04,2.65,10,16.0,0.11,0,0,1,0.06,2,0.13,1,PRICE_OI,Daywise_Price_and_OI_Summary_25AUG26_Report_2026-07-27.xlsx,,,,,,,,,,,,,,,,,,,,,,,,,,,,,,,,,,,,,,,,,,,,,,,
JSWSTEEL,5.74,1254.2,1254.2,1249.3,1249.6,0.7,0.06,0.72,3.03,28.0,0.06,-0.01,-1.64,17,0.88,-8,-0.68,-25,PRICE_OI,Daywise_Price_and_OI_Summary_25AUG26_Report_2026-07-27.xlsx,,,,,,,,,,,,,,,,,,,,,,,,,,,,,,,,,,,,,,,,,,,,,,,
JUBLFOOD,8.37,422.0,424.0,419.8,422.5,6.1,1.46,0.42,1.21,-10.0,-0.1,0.01,1.1,-56,-1.97,-6,-0.23,50,PRICE_OI,Daywise_Price_and_OI_Summary_25AUG26_Report_2026-07-27.xlsx,,,,,,,,,,,,,,,,,,,,,,,,,,,,,,,,,,,,,,,,,,,,,,,
KALYANKJIL,12.68,576.0,581.55,575.05,580.5,4.05,0.7,3.13,5.92,33.0,0.26,0.01,0.77,-39,-0.74,-14,-0.2,25,PRICE_OI,Daywise_Price_and_OI_Summary_25AUG26_Report_2026-07-27.xlsx,,,,,,,,,,,,,,,,,,,,,,,,,,,,,,,,,,,,,,,,,,,,,,,
KAYNES,11.17,3152.0,3169.7,3111.6,3115.4,5.6,0.18,8.83,18.62,37.0,0.23,-0.02,-1.94,2,0.18,-23,-2.02,-25,PRICE_OI,Daywise_Price_and_OI_Summary_25AUG26_Report_2026-07-27.xlsx,,,,,,,,,,,,,,,,,,,,,,,,,,,,,,,,,,,,,,,,,,,,,,,
KEI,8.97,4891.5,4891.5,4862.0,4862.0,44.5,0.92,0.73,1.9,1.0,0.01,-0.03,-4.69,3,0.56,-11,-3.24,-14,PRICE_OI,Daywise_Price_and_OI_Summary_25AUG26_Report_2026-07-27.xlsx,,,,,,,,,,,,,,,,,,,,,,,,,,,,,,,,,,,,,,,,,,,,,,,
KFINTECH,8.28,859.4,876.4,855.05,875.75,23.3,2.73,0.52,1.43,138.0,2.7,0.01,1.47,-10,-0.89,-1,-0.13,9,PRICE_OI,Daywise_Price_and_OI_Summary_25AUG26_Report_2026-07-27.xlsx,,,,,,,,,,,,,,,,,,,,,,,,,,,,,,,,,,,,,,,,,,,,,,,
KOTAKBANK,5.11,389.5,389.7,385.65,389.4,1.9,0.49,1.44,7.13,43.0,0.07,0,0,32,0.53,0,0,-,PRICE_OI,Daywise_Price_and_OI_Summary_25AUG26_Report_2026-07-27.xlsx,,,,,,,,,,,,,,,,,,,,,,,,,,,,,,,,,,,,,,,,,,,,,,,
KPITTECH,9.8,577.15,579.4,573.45,579.0,7.35,1.29,2.15,5.22,-1.0,-0.01,0,0,-18,-0.54,-7,-0.22,11,PRICE_OI,Daywise_Price_and_OI_Summary_25AUG26_Report_2026-07-27.xlsx,,,,,,,,,,,,,,,,,,,,,,,,,,,,,,,,,,,,,,,,,,,,,,,
LAURUSLABS,7.35,1630.0,1659.5,1626.5,1658.3,45.9,2.85,-1.57,-4.99,255.0,1.72,0,0,231,5.69,93,4.96,-138,PRICE_OI,Daywise_Price_and_OI_Summary_25AUG26_Report_2026-07-27.xlsx,,,,,,,,,,,,,,,,,,,,,,,,,,,,,,,,,,,,,,,,,,,,,,,
LICHSGFIN,6.74,531.1,535.0,530.7,533.55,4,0.76,1.39,4.86,10.0,0.06,0,0,-9,-0.4,-8,-0.56,1,PRICE_OI,Daywise_Price_and_OI_Summary_25AUG26_Report_2026-07-27.xlsx,,,,,,,,,,,,,,,,,,,,,,,,,,,,,,,,,,,,,,,,,,,,,,,
LICI,6.99,421.0,422.05,421.0,421.6,5.15,1.24,0.45,1.6,-1.0,-0.01,0,0,-5,-0.12,-7,-0.44,-2,PRICE_OI,Daywise_Price_and_OI_Summary_25AUG26_Report_2026-07-27.xlsx,,,,,,,,,,,,,,,,,,,,,,,,,,,,,,,,,,,,,,,,,,,,,,,
LODHA,8.85,1117.85,1135.5,1112.55,1112.65,15.15,1.38,0.57,1.47,192.0,1.08,-0.1,-11.9,249,15.08,28,2.02,-221,PRICE_OI,Daywise_Price_and_OI_Summary_25AUG26_Report_2026-07-27.xlsx,,,,,,,,,,,,,,,,,,,,,,,,,,,,,,,,,,,,,,,,,,,,,,,
LT,5.96,3860.0,3860.0,3831.8,3834.1,21.6,0.57,0.87,3.46,163.0,0.4,-0.01,-1.02,162,1.43,3,0.03,-159,PRICE_OI,Daywise_Price_and_OI_Summary_25AUG26_Report_2026-07-27.xlsx,,,,,,,,,,,,,,,,,,,,,,,,,,,,,,,,,,,,,,,,,,,,,,,
LTF,8.89,303.4,307.7,303.4,306.8,7.2,2.4,-2.49,-7.23,23.0,0.14,0,0,-36,-1.27,-39,-2.04,-3,PRICE_OI,Daywise_Price_and_OI_Summary_25AUG26_Report_2026-07-27.xlsx,,,,,,,,,,,,,,,,,,,,,,,,,,,,,,,,,,,,,,,,,,,,,,,
LTM,8.28,4130.0,4176.7,4123.0,4128.1,41,1,3.34,10.38,42.0,0.27,-0.01,-1.27,23,1.48,12,0.98,-11,PRICE_OI,Daywise_Price_and_OI_Summary_25AUG26_Report_2026-07-27.xlsx,,,,,,,,,,,,,,,,,,,,,,,,,,,,,,,,,,,,,,,,,,,,,,,
LUPIN,6.19,2385.0,2410.0,2385.0,2410.0,25.2,1.06,0.56,2.09,12.0,0.15,0.01,1.09,-4,-0.29,12,0.94,16,PRICE_OI,Daywise_Price_and_OI_Summary_25AUG26_Report_2026-07-27.xlsx,,,,,,,,,,,,,,,,,,,,,,,,,,,,,,,,,,,,,,,,,,,,,,,
M&M,6.37,3207.0,3211.3,3196.6,3200.1,25.2,0.79,0.52,1.87,150.0,0.3,0,0,-29,-0.34,-26,-0.32,3,PRICE_OI,Daywise_Price_and_OI_Summary_25AUG26_Report_2026-07-27.xlsx,,,,,,,,,,,,,,,,,,,,,,,,,,,,,,,,,,,,,,,,,,,,,,,
MANAPPURAM,9.38,358.95,359.05,357.0,358.4,4.95,1.4,-2.45,-6.35,37.0,0.47,0,0,0,0,-4,-0.52,-,PRICE_OI,Daywise_Price_and_OI_Summary_25AUG26_Report_2026-07-27.xlsx,,,,,,,,,,,,,,,,,,,,,,,,,,,,,,,,,,,,,,,,,,,,,,,
MANKIND,7.25,2533.7,2548.1,2533.7,2547.2,22.3,0.88,2.37,7.77,3.0,0.04,0.01,1.45,-9,-1.47,0,0,-,PRICE_OI,Daywise_Price_and_OI_Summary_25AUG26_Report_2026-07-27.xlsx,,,,,,,,,,,,,,,,,,,,,,,,,,,,,,,,,,,,,,,,,,,,,,,
MARICO,6.04,850.5,861.95,850.5,861.8,8,0.94,0.78,3.19,12.0,0.15,-0.01,-1.64,-4,-1.04,-4,-1.72,0,PRICE_OI,Daywise_Price_and_OI_Summary_25AUG26_Report_2026-07-27.xlsx,,,,,,,,,,,,,,,,,,,,,,,,,,,,,,,,,,,,,,,,,,,,,,,
MARUTI,6.09,13540.0,13579.0,13444.0,13466.0,89,0.67,-0.1,-0.38,248.0,0.91,0,0,104,0.95,22,0.41,-82,PRICE_OI,Daywise_Price_and_OI_Summary_25AUG26_Report_2026-07-27.xlsx,,,,,,,,,,,,,,,,,,,,,,,,,,,,,,,,,,,,,,,,,,,,,,,
MAXHEALTH,6.27,1101.4,1101.4,1091.9,1098.7,15,1.38,1.69,6.25,20.0,0.14,-0.04,-3.67,-2,-0.18,-41,-3.34,-39,PRICE_OI,Daywise_Price_and_OI_Summary_25AUG26_Report_2026-07-27.xlsx,,,,,,,,,,,,,,,,,,,,,,,,,,,,,,,,,,,,,,,,,,,,,,,
MAZDOCK,7.73,2315.0,2315.0,2287.5,2291.9,17.5,0.77,-0.06,-0.18,11.0,0.07,0,0,2,0.09,-9,-0.43,-11,PRICE_OI,Daywise_Price_and_OI_Summary_25AUG26_Report_2026-07-27.xlsx,,,,,,,,,,,,,,,,,,,,,,,,,,,,,,,,,,,,,,,,,,,,,,,
MCX,8.77,2740.0,2761.9,2740.0,2747.3,12.1,0.44,1.74,4.62,60.0,0.3,0,0,12,0.19,-15,-0.26,-27,PRICE_OI,Daywise_Price_and_OI_Summary_25AUG26_Report_2026-07-27.xlsx,,,,,,,,,,,,,,,,,,,,,,,,,,,,,,,,,,,,,,,,,,,,,,,
MFSL,7.08,1535.3,1543.9,1533.0,1536.5,10.2,0.67,-8.69,-28.08,35.0,0.27,0,0,-3,-1.72,-5,-2.03,-2,PRICE_OI,Daywise_Price_and_OI_Summary_25AUG26_Report_2026-07-27.xlsx,,,,,,,,,,,,,,,,,,,,,,,,,,,,,,,,,,,,,,,,,,,,,,,
MIDCPNIFTY,3.65,14590.0,14609.8,14560.05,14601.9,107.75,0.74,-0.23,-1.42,-18.0,-0.17,0,0,-5,-0.11,-2,-0.04,3,PRICE_OI,Daywise_Price_and_OI_Summary_25AUG26_Report_2026-07-27.xlsx,,,,,,,,,,,,,,,,,,,,,,,,,,,,,,,,,,,,,,,,,,,,,,,
MOTHERSON,8.52,146.97,147.98,146.97,147.5,1.21,0.83,6.58,18.97,11.0,0.1,0,0,-1,-0.07,-5,-0.49,-4,PRICE_OI,Daywise_Price_and_OI_Summary_25AUG26_Report_2026-07-27.xlsx,,,,,,,,,,,,,,,,,,,,,,,,,,,,,,,,,,,,,,,,,,,,,,,
MOTILALOFS,8.4,880.0,883.1,876.1,877.4,1.65,0.19,0.49,1.39,170.0,2.71,0,0,15,0.64,3,0.22,-12,PRICE_OI,Daywise_Price_and_OI_Summary_25AUG26_Report_2026-07-27.xlsx,,,,,,,,,,,,,,,,,,,,,,,,,,,,,,,,,,,,,,,,,,,,,,,
MPHASIS,6.48,2337.0,2350.0,2331.2,2335.5,32.2,1.4,1.43,4.59,51.0,0.48,0.03,5.36,-34,-2.77,23,3.37,57,PRICE_OI,Daywise_Price_and_OI_Summary_25AUG26_Report_2026-07-27.xlsx,,,,,,,,,,,,,,,,,,,,,,,,,,,,,,,,,,,,,,,,,,,,,,,
MUTHOOTFIN,8.63,3050.0,3065.9,3027.7,3051.3,46.6,1.55,1.45,4.08,4.0,0.02,0,0,-16,-0.51,0,0,-,PRICE_OI,Daywise_Price_and_OI_Summary_25AUG26_Report_2026-07-27.xlsx,,,,,,,,,,,,,,,,,,,,,,,,,,,,,,,,,,,,,,,,,,,,,,,
NAM-INDIA,8.07,1125.0,1125.2,1115.2,1122.0,15.3,1.38,0.1,0.32,1.0,0.01,0.03,4.48,-26,-5.64,-5,-1.61,21,PRICE_OI,Daywise_Price_and_OI_Summary_25AUG26_Report_2026-07-27.xlsx,,,,,,,,,,,,,,,,,,,,,,,,,,,,,,,,,,,,,,,,,,,,,,,
NATIONALUM,8.64,347.7,347.7,345.1,346.3,0.1,0.03,1.33,3.64,45.0,0.32,0,0,16,0.44,-2,-0.06,-18,PRICE_OI,Daywise_Price_and_OI_Summary_25AUG26_Report_2026-07-27.xlsx,,,,,,,,,,,,,,,,,,,,,,,,,,,,,,,,,,,,,,,,,,,,,,,
NAUKRI,7.57,1188.0,1193.0,1180.5,1183.85,14.25,1.22,1.76,5.18,73.0,0.41,0,0,-7,-0.62,-4,-0.75,3,PRICE_OI,Daywise_Price_and_OI_Summary_25AUG26_Report_2026-07-27.xlsx,,,,,,,,,,,,,,,,,,,,,,,,,,,,,,,,,,,,,,,,,,,,,,,
NBCC,9.76,95.2,95.7,94.65,95.43,1.13,1.2,2.75,7.12,13.0,0.18,-0.02,-2.74,12,1.24,-5,-0.71,-17,PRICE_OI,Daywise_Price_and_OI_Summary_25AUG26_Report_2026-07-27.xlsx,,,,,,,,,,,,,,,,,,,,,,,,,,,,,,,,,,,,,,,,,,,,,,,
NESTLEIND,4.87,1452.7,1465.8,1452.7,1460.0,9.9,0.68,0.54,2.57,18.0,0.14,-0.01,-2.08,-3,-0.06,-41,-1.82,-38,PRICE_OI,Daywise_Price_and_OI_Summary_25AUG26_Report_2026-07-27.xlsx,,,,,,,,,,,,,,,,,,,,,,,,,,,,,,,,,,,,,,,,,,,,,,,
NHPC,6.63,77.88,78.56,77.88,78.01,-0.05,-0.06,1.82,6.52,12.0,0.08,0,0,-2,-0.08,-8,-0.37,-6,PRICE_OI,Daywise_Price_and_OI_Summary_25AUG26_Report_2026-07-27.xlsx,,,,,,,,,,,,,,,,,,,,,,,,,,,,,,,,,,,,,,,,,,,,,,,
NIFTY,1.57,23999.0,24025.1,23980.0,23982.0,107.4,0.45,-0.08,-0.6,279.0,0.22,0,0,-2061,-0.4,158,0.03,2219,PRICE_OI,Daywise_Price_and_OI_Summary_25AUG26_Report_2026-07-27.xlsx,,,,,,,,,,,,,,,,,,,,,,,,,,,,,,,,,,,,,,,,,,,,,,,
NIFTYNXT50,-,72550.0,72753.0,72550.0,72690.2,596,0.83,-,-,-1.0,-0.28,-,-,-,-,0,0,-,PRICE_OI,Daywise_Price_and_OI_Summary_25AUG26_Report_2026-07-27.xlsx,,,,,,,,,,,,,,,,,,,,,,,,,,,,,,,,,,,,,,,,,,,,,,,
NMDC,5.87,84.3,84.7,84.29,84.44,0.51,0.61,0.58,2.23,9.0,0.03,0.01,1.02,2,0.07,14,0.5,12,PRICE_OI,Daywise_Price_and_OI_Summary_25AUG26_Report_2026-07-27.xlsx,,,,,,,,,,,,,,,,,,,,,,,,,,,,,,,,,,,,,,,,,,,,,,,
NTPC,4.98,353.0,353.3,350.45,350.85,1.75,0.5,0.44,2.05,200.0,0.59,-0.04,-4.82,211,5.3,38,1.15,-173,PRICE_OI,Daywise_Price_and_OI_Summary_25AUG26_Report_2026-07-27.xlsx,,,,,,,,,,,,,,,,,,,,,,,,,,,,,,,,,,,,,,,,,,,,,,,
NYKAA,7.61,327.35,327.35,326.25,326.65,1.75,0.54,8.14,27.03,15.0,0.15,0.01,0.9,-1,-0.21,1,0.19,2,PRICE_OI,Daywise_Price_and_OI_Summary_25AUG26_Report_2026-07-27.xlsx,,,,,,,,,,,,,,,,,,,,,,,,,,,,,,,,,,,,,,,,,,,,,,,
OBEROIRLTY,6.74,1825.0,1825.0,1814.2,1814.2,4.5,0.25,4,14.41,27.0,0.22,0,0,-3,-0.28,3,0.48,6,PRICE_OI,Daywise_Price_and_OI_Summary_25AUG26_Report_2026-07-27.xlsx,,,,,,,,,,,,,,,,,,,,,,,,,,,,,,,,,,,,,,,,,,,,,,,
OFSS,10.08,10799.0,10961.0,10749.0,10951.0,269,2.52,0.89,2.3,-5.0,-0.05,0.01,1.64,-137,-1.89,-12,-0.27,125,PRICE_OI,Daywise_Price_and_OI_Summary_25AUG26_Report_2026-07-27.xlsx,,,,,,,,,,,,,,,,,,,,,,,,,,,,,,,,,,,,,,,,,,,,,,,
OIL,6.74,439.3,439.3,435.0,435.2,-11.15,-2.5,1.65,5.83,43.0,0.47,0.02,2.47,-16,-1.54,1,0.12,17,PRICE_OI,Daywise_Price_and_OI_Summary_25AUG26_Report_2026-07-27.xlsx,,,,,,,,,,,,,,,,,,,,,,,,,,,,,,,,,,,,,,,,,,,,,,,
ONGC,6.16,248.0,248.29,246.1,246.23,-3.27,-1.31,1.9,8.37,94.0,0.63,0,0,-1,-0.02,-15,-0.48,-14,PRICE_OI,Daywise_Price_and_OI_Summary_25AUG26_Report_2026-07-27.xlsx,,,,,,,,,,,,,,,,,,,,,,,,,,,,,,,,,,,,,,,,,,,,,,,
PAGEIND,7.42,40510.0,40510.0,40440.0,40440.0,120,0.3,-0.79,-2.46,6.0,0.07,0.01,1.3,-4,-1.27,-1,-0.41,3,PRICE_OI,Daywise_Price_and_OI_Summary_25AUG26_Report_2026-07-27.xlsx,,,,,,,,,,,,,,,,,,,,,,,,,,,,,,,,,,,,,,,,,,,,,,,
PATANJALI,8.11,345.5,346.9,344.25,346.0,3.05,0.89,1.3,3.67,15.0,0.08,0,0,-1,-0.02,-10,-0.36,-9,PRICE_OI,Daywise_Price_and_OI_Summary_25AUG26_Report_2026-07-27.xlsx,,,,,,,,,,,,,,,,,,,,,,,,,,,,,,,,,,,,,,,,,,,,,,,
PAYTM,9.01,1294.5,1296.0,1286.5,1287.3,-3.3,-0.26,2.35,6.21,43.0,0.27,0,0,15,0.25,13,0.4,-2,PRICE_OI,Daywise_Price_and_OI_Summary_25AUG26_Report_2026-07-27.xlsx,,,,,,,,,,,,,,,,,,,,,,,,,,,,,,,,,,,,,,,,,,,,,,,
PERSISTENT,9.12,5263.0,5282.0,5237.3,5273.8,88.8,1.71,3.43,8.85,72.0,0.3,0.01,1.08,-14,-0.39,15,0.45,29,PRICE_OI,Daywise_Price_and_OI_Summary_25AUG26_Report_2026-07-27.xlsx,,,,,,,,,,,,,,,,,,,,,,,,,,,,,,,,,,,,,,,,,,,,,,,
PETRONET,6.38,276.95,279.0,275.2,277.6,1.85,0.67,-0.44,-1.65,38.0,0.37,-0.01,-1.11,4,0.4,-6,-0.66,-10,PRICE_OI,Daywise_Price_and_OI_Summary_25AUG26_Report_2026-07-27.xlsx,,,,,,,,,,,,,,,,,,,,,,,,,,,,,,,,,,,,,,,,,,,,,,,
PFC,6.65,410.2,413.4,407.95,412.4,2.9,0.71,-1.15,-4.22,68.0,0.34,0,0,-2,-0.06,-15,-0.55,-13,PRICE_OI,Daywise_Price_and_OI_Summary_25AUG26_Report_2026-07-27.xlsx,,,,,,,,,,,,,,,,,,,,,,,,,,,,,,,,,,,,,,,,,,,,,,,
PGEL,11.15,584.9,586.85,580.2,580.2,4.55,0.79,1.93,4.24,73.0,1.24,-0.01,-1.41,8,0.62,-13,-1.42,-21,PRICE_OI,Daywise_Price_and_OI_Summary_25AUG26_Report_2026-07-27.xlsx,,,,,,,,,,,,,,,,,,,,,,,,,,,,,,,,,,,,,,,,,,,,,,,
PHOENIXLTD,6.15,2033.6,2048.7,2025.1,2042.0,17.4,0.86,2.61,8.02,7.0,0.1,-0.01,-1.32,-4,-2.06,-6,-4.05,-2,PRICE_OI,Daywise_Price_and_OI_Summary_25AUG26_Report_2026-07-27.xlsx,,,,,,,,,,,,,,,,,,,,,,,,,,,,,,,,,,,,,,,,,,,,,,,
PIDILITIND,6.26,1597.9,1605.9,1597.9,1605.9,23,1.45,-1.03,-4.08,28.0,0.32,0.01,1.49,-9,-2.23,-3,-1.11,6,PRICE_OI,Daywise_Price_and_OI_Summary_25AUG26_Report_2026-07-27.xlsx,,,,,,,,,,,,,,,,,,,,,,,,,,,,,,,,,,,,,,,,,,,,,,,
PIIND,7.37,2730.6,2730.7,2704.8,2710.2,12.8,0.47,1.32,4.17,14.0,0.11,0,0,-6,-0.37,-7,-0.42,-1,PRICE_OI,Daywise_Price_and_OI_Summary_25AUG26_Report_2026-07-27.xlsx,,,,,,,,,,,,,,,,,,,,,,,,,,,,,,,,,,,,,,,,,,,,,,,
PNB,6.65,111.55,112.6,111.32,112.5,1.36,1.22,1.02,3.88,85.0,0.33,-0.02,-2.53,10,0.26,-57,-1.88,-67,PRICE_OI,Daywise_Price_and_OI_Summary_25AUG26_Report_2026-07-27.xlsx,,,,,,,,,,,,,,,,,,,,,,,,,,,,,,,,,,,,,,,,,,,,,,,
PNBHOUSING,6.72,1056.6,1068.0,1056.6,1063.5,7.1,0.67,-,-,8.0,0.12,0,0,-5,-1.29,-5,-1.08,0,PRICE_OI,Daywise_Price_and_OI_Summary_25AUG26_Report_2026-07-27.xlsx,,,,,,,,,,,,,,,,,,,,,,,,,,,,,,,,,,,,,,,,,,,,,,,
POLICYBZR,10.59,1559.7,1562.0,1555.0,1557.8,11.4,0.74,3.93,10.36,23.0,0.13,0,0,-7,-0.66,-2,-0.15,5,PRICE_OI,Daywise_Price_and_OI_Summary_25AUG26_Report_2026-07-27.xlsx,,,,,,,,,,,,,,,,,,,,,,,,,,,,,,,,,,,,,,,,,,,,,,,
POLYCAB,6.31,9048.5,9048.5,9000.0,9013.0,45.5,0.51,0.32,1.18,35.0,0.28,-0.01,-1.69,27,0.59,-12,-0.44,-39,PRICE_OI,Daywise_Price_and_OI_Summary_25AUG26_Report_2026-07-27.xlsx,,,,,,,,,,,,,,,,,,,,,,,,,,,,,,,,,,,,,,,,,,,,,,,
POWERGRID,4.8,289.5,290.2,289.3,289.6,0.35,0.12,1.47,7.19,24.0,0.18,0,0,-10,-0.35,-5,-0.15,5,PRICE_OI,Daywise_Price_and_OI_Summary_25AUG26_Report_2026-07-27.xlsx,,,,,,,,,,,,,,,,,,,,,,,,,,,,,,,,,,,,,,,,,,,,,,,
POWERINDIA,7.58,31490.0,31490.0,31170.0,31290.0,-5,-0.02,1.93,4.48,42.0,0.31,0,0,14,0.7,25,1.12,11,PRICE_OI,Daywise_Price_and_OI_Summary_25AUG26_Report_2026-07-27.xlsx,,,,,,,,,,,,,,,,,,,,,,,,,,,,,,,,,,,,,,,,,,,,,,,
PREMIERENE,8.11,1035.6,1035.7,1023.6,1023.6,4.7,0.46,-,-,4.0,0.05,0,0,5,0.76,0,0,-,PRICE_OI,Daywise_Price_and_OI_Summary_25AUG26_Report_2026-07-27.xlsx,,,,,,,,,,,,,,,,,,,,,,,,,,,,,,,,,,,,,,,,,,,,,,,
PRESTIGE,9.91,1610.0,1643.7,1607.5,1632.0,27.3,1.7,-4.26,-10.06,107.0,1.43,-0.01,-1.72,4,0.63,-6,-1.63,-10,PRICE_OI,Daywise_Price_and_OI_Summary_25AUG26_Report_2026-07-27.xlsx,,,,,,,,,,,,,,,,,,,,,,,,,,,,,,,,,,,,,,,,,,,,,,,
RADICO,8.63,4170.0,4224.6,4170.0,4170.0,55.6,1.35,10.5,29.13,12.0,0.52,0,0,-6,-1.54,-2,-1.4,4,PRICE_OI,Daywise_Price_and_OI_Summary_25AUG26_Report_2026-07-27.xlsx,,,,,,,,,,,,,,,,,,,,,,,,,,,,,,,,,,,,,,,,,,,,,,,
RBLBANK,7.6,360.45,361.75,358.85,360.3,5.3,1.49,-3.72,-10.95,63.0,0.76,0.01,1.43,-23,-1.5,-3,-0.28,20,PRICE_OI,Daywise_Price_and_OI_Summary_25AUG26_Report_2026-07-27.xlsx,,,,,,,,,,,,,,,,,,,,,,,,,,,,,,,,,,,,,,,,,,,,,,,
RECLTD,5.13,355.1,361.0,355.0,359.8,1.9,0.53,0.37,1.67,51.0,0.34,-0.01,-1.18,48,1.12,12,0.33,-36,PRICE_OI,Daywise_Price_and_OI_Summary_25AUG26_Report_2026-07-27.xlsx,,,,,,,,,,,,,,,,,,,,,,,,,,,,,,,,,,,,,,,,,,,,,,,
RELIANCE,4.93,1292.5,1295.2,1289.5,1290.2,4.1,0.32,0.92,4.41,726.0,0.57,-0.01,-1.23,273,0.55,40,0.1,-233,PRICE_OI,Daywise_Price_and_OI_Summary_25AUG26_Report_2026-07-27.xlsx,,,,,,,,,,,,,,,,,,,,,,,,,,,,,,,,,,,,,,,,,,,,,,,
RVNL,8.42,224.5,226.09,224.5,225.0,2.95,1.33,0.18,0.49,-7.0,-0.06,0,0,-3,-0.1,-3,-0.1,0,PRICE_OI,Daywise_Price_and_OI_Summary_25AUG26_Report_2026-07-27.xlsx,,,,,,,,,,,,,,,,,,,,,,,,,,,,,,,,,,,,,,,,,,,,,,,
SAIL,8.9,164.0,165.56,163.04,163.59,1.06,0.65,0.76,2.02,39.0,0.2,-0.11,-16.18,168,20.97,3,0.55,-165,PRICE_OI,Daywise_Price_and_OI_Summary_25AUG26_Report_2026-07-27.xlsx,,,,,,,,,,,,,,,,,,,,,,,,,,,,,,,,,,,,,,,,,,,,,,,
SBICARD,6.84,628.65,633.3,625.15,630.0,16,2.61,-1.08,-3.36,34.0,0.15,-0.02,-2.6,87,2.02,-9,-0.27,-96,PRICE_OI,Daywise_Price_and_OI_Summary_25AUG26_Report_2026-07-27.xlsx,,,,,,,,,,,,,,,,,,,,,,,,,,,,,,,,,,,,,,,,,,,,,,,
SBILIFE,5.28,1865.8,1876.9,1861.1,1864.9,-2.1,-0.11,0.39,1.69,20.0,0.14,-0.03,-3.75,76,5.62,11,1.02,-65,PRICE_OI,Daywise_Price_and_OI_Summary_25AUG26_Report_2026-07-27.xlsx,,,,,,,,,,,,,,,,,,,,,,,,,,,,,,,,,,,,,,,,,,,,,,,
SBIN,5.89,1033.9,1033.9,1025.5,1027.2,5.4,0.53,0.92,3.65,159.0,0.23,0,0,8,0.04,-8,-0.05,-16,PRICE_OI,Daywise_Price_and_OI_Summary_25AUG26_Report_2026-07-27.xlsx,,,,,,,,,,,,,,,,,,,,,,,,,,,,,,,,,,,,,,,,,,,,,,,
SENSEX,1.8,76885.0,77055.5,76885.0,76945.15,376.3,0.49,-0.14,-1.04,2.0,0.17,0.01,1.18,-45,-0.88,56,1.29,101,PRICE_OI,Daywise_Price_and_OI_Summary_25AUG26_Report_2026-07-27.xlsx,,,,,,,,,,,,,,,,,,,,,,,,,,,,,,,,,,,,,,,,,,,,,,,
SHREECEM,6.1,26765.0,26765.0,26500.0,26500.0,-95,-0.36,-,-,9.0,0.11,-0.01,-1.11,-4,-1.36,-8,-3.01,-4,PRICE_OI,Daywise_Price_and_OI_Summary_25AUG26_Report_2026-07-27.xlsx,,,,,,,,,,,,,,,,,,,,,,,,,,,,,,,,,,,,,,,,,,,,,,,
SHRIRAMFIN,7.66,1027.9,1034.9,1006.7,1009.9,-2,-0.2,1.23,3.67,440.0,1.89,-0.01,-2.13,91,1.4,9,0.3,-82,PRICE_OI,Daywise_Price_and_OI_Summary_25AUG26_Report_2026-07-27.xlsx,,,,,,,,,,,,,,,,,,,,,,,,,,,,,,,,,,,,,,,,,,,,,,,
SIEMENS,8.48,3697.2,3705.0,3677.5,3677.5,16.3,0.45,0.6,1.68,41.0,0.27,0,0,14,0.74,6,0.48,-8,PRICE_OI,Daywise_Price_and_OI_Summary_25AUG26_Report_2026-07-27.xlsx,,,,,,,,,,,,,,,,,,,,,,,,,,,,,,,,,,,,,,,,,,,,,,,
SOLARINDS,8.23,18617.0,18678.0,18617.0,18649.0,42,0.23,4.61,13.9,16.0,0.17,0.03,3.57,-18,-1.38,18,1.64,36,PRICE_OI,Daywise_Price_and_OI_Summary_25AUG26_Report_2026-07-27.xlsx,,,,,,,,,,,,,,,,,,,,,,,,,,,,,,,,,,,,,,,,,,,,,,,
SONACOMS,7.64,729.3,729.3,720.15,721.8,4.45,0.62,1.6,5.26,14.0,0.21,0,0,0,0,-2,-0.26,-,PRICE_OI,Daywise_Price_and_OI_Summary_25AUG26_Report_2026-07-27.xlsx,,,,,,,,,,,,,,,,,,,,,,,,,,,,,,,,,,,,,,,,,,,,,,,
SRF,6.57,2662.0,2678.5,2662.0,2665.0,15.9,0.6,1.31,4.69,24.0,0.15,0,0,-7,-0.07,15,0.38,22,PRICE_OI,Daywise_Price_and_OI_Summary_25AUG26_Report_2026-07-27.xlsx,,,,,,,,,,,,,,,,,,,,,,,,,,,,,,,,,,,,,,,,,,,,,,,
SUNPHARMA,5.08,1958.6,1958.6,1950.2,1952.0,3.2,0.16,1.27,5.77,21.0,0.08,0.01,1.25,-9,-0.27,13,0.48,22,PRICE_OI,Daywise_Price_and_OI_Summary_25AUG26_Report_2026-07-27.xlsx,,,,,,,,,,,,,,,,,,,,,,,,,,,,,,,,,,,,,,,,,,,,,,,
SUPREMEIND,7.07,3520.6,3520.6,3515.8,3515.9,32.5,0.93,-0.36,-1.24,7.0,0.08,0.01,1.18,-4,-1.01,0,0,-,PRICE_OI,Daywise_Price_and_OI_Summary_25AUG26_Report_2026-07-27.xlsx,,,,,,,,,,,,,,,,,,,,,,,,,,,,,,,,,,,,,,,,,,,,,,,
SUZLON,9.52,52.99,53.19,52.7,52.75,0.29,0.55,2.69,6.72,27.0,0.12,0,0,14,0.34,-20,-0.87,-34,PRICE_OI,Daywise_Price_and_OI_Summary_25AUG26_Report_2026-07-27.xlsx,,,,,,,,,,,,,,,,,,,,,,,,,,,,,,,,,,,,,,,,,,,,,,,
SWIGGY,10.96,252.98,255.35,250.36,254.0,5.52,2.22,-1.99,-4.58,198.0,0.99,0,0,0,0,8,0.3,-,PRICE_OI,Daywise_Price_and_OI_Summary_25AUG26_Report_2026-07-27.xlsx,,,,,,,,,,,,,,,,,,,,,,,,,,,,,,,,,,,,,,,,,,,,,,,
TATACONSUM,5.25,1120.0,1132.6,1120.0,1126.0,31.6,2.89,-0.56,-2.14,368.0,1.89,0,0,24,1.21,18,1.34,-6,PRICE_OI,Daywise_Price_and_OI_Summary_25AUG26_Report_2026-07-27.xlsx,,,,,,,,,,,,,,,,,,,,,,,,,,,,,,,,,,,,,,,,,,,,,,,
TATAELXSI,7.77,3529.0,3533.0,3499.2,3516.0,18.3,0.52,0.48,1.4,19.0,0.09,0,0,15,0.24,16,0.41,1,PRICE_OI,Daywise_Price_and_OI_Summary_25AUG26_Report_2026-07-27.xlsx,,,,,,,,,,,,,,,,,,,,,,,,,,,,,,,,,,,,,,,,,,,,,,,
TATAPOWER,6.03,378.75,379.35,377.95,378.0,1.4,0.37,1.19,4.75,34.0,0.17,0,0,14,0.3,13,0.42,-1,PRICE_OI,Daywise_Price_and_OI_Summary_25AUG26_Report_2026-07-27.xlsx,,,,,,,,,,,,,,,,,,,,,,,,,,,,,,,,,,,,,,,,,,,,,,,
TATASTEEL,6.36,185.7,186.14,185.05,185.32,1.34,0.73,1.39,5.12,310.0,0.79,0,0,-33,-0.38,-1,-0.01,32,PRICE_OI,Daywise_Price_and_OI_Summary_25AUG26_Report_2026-07-27.xlsx,,,,,,,,,,,,,,,,,,,,,,,,,,,,,,,,,,,,,,,,,,,,,,,
TCS,5.91,2288.0,2290.0,2276.1,2282.1,28,1.24,0.97,3.81,253.0,0.22,0.01,1.02,-189,-0.75,-15,-0.06,174,PRICE_OI,Daywise_Price_and_OI_Summary_25AUG26_Report_2026-07-27.xlsx,,,,,,,,,,,,,,,,,,,,,,,,,,,,,,,,,,,,,,,,,,,,,,,
TECHM,6.79,1575.0,1586.7,1572.7,1578.5,19.8,1.27,0.77,2.95,148.0,0.65,0,0,-13,-0.25,-9,-0.4,4,PRICE_OI,Daywise_Price_and_OI_Summary_25AUG26_Report_2026-07-27.xlsx,,,,,,,,,,,,,,,,,,,,,,,,,,,,,,,,,,,,,,,,,,,,,,,
TIINDIA,8.76,2791.8,2830.4,2776.5,2829.2,40.4,1.45,0.46,1.23,102.0,1.53,-0.05,-4.35,1,0.55,-7,-3.35,-8,PRICE_OI,Daywise_Price_and_OI_Summary_25AUG26_Report_2026-07-27.xlsx,,,,,,,,,,,,,,,,,,,,,,,,,,,,,,,,,,,,,,,,,,,,,,,
TITAN,5.33,4719.8,4733.2,4719.8,4721.0,11.3,0.24,0.74,3.23,45.0,0.21,0,0,-10,-0.29,1,0.03,11,PRICE_OI,Daywise_Price_and_OI_Summary_25AUG26_Report_2026-07-27.xlsx,,,,,,,,,,,,,,,,,,,,,,,,,,,,,,,,,,,,,,,,,,,,,,,
TMPV,8.04,330.3,330.3,328.5,328.6,2.5,0.77,0.63,1.82,108.0,0.35,0,0,35,0.44,-11,-0.15,-46,PRICE_OI,Daywise_Price_and_OI_Summary_25AUG26_Report_2026-07-27.xlsx,,,,,,,,,,,,,,,,,,,,,,,,,,,,,,,,,,,,,,,,,,,,,,,
TORNTPHARM,7.04,4917.7,4948.4,4917.7,4935.4,25.2,0.51,1.63,5.7,19.0,0.06,0,0,2,0.11,3,0.23,1,PRICE_OI,Daywise_Price_and_OI_Summary_25AUG26_Report_2026-07-27.xlsx,,,,,,,,,,,,,,,,,,,,,,,,,,,,,,,,,,,,,,,,,,,,,,,
TRENT,7.82,2912.0,2912.0,2895.7,2896.9,14,0.49,0.45,1.4,43.0,0.1,0,0,0,0,-13,-0.26,-,PRICE_OI,Daywise_Price_and_OI_Summary_25AUG26_Report_2026-07-27.xlsx,,,,,,,,,,,,,,,,,,,,,,,,,,,,,,,,,,,,,,,,,,,,,,,
TVSMOTOR,6.15,3895.0,3916.1,3885.1,3893.8,10.3,0.27,0.99,3.72,62.0,0.11,0,0,1,0.02,-7,-0.27,-8,PRICE_OI,Daywise_Price_and_OI_Summary_25AUG26_Report_2026-07-27.xlsx,,,,,,,,,,,,,,,,,,,,,,,,,,,,,,,,,,,,,,,,,,,,,,,
ULTRACEMCO,4.83,11866.0,11992.0,11822.0,11854.0,-38,-0.32,1.94,9.44,206.0,0.89,0,0,15,0.45,6,0.34,-9,PRICE_OI,Daywise_Price_and_OI_Summary_25AUG26_Report_2026-07-27.xlsx,,,,,,,,,,,,,,,,,,,,,,,,,,,,,,,,,,,,,,,,,,,,,,,
UNIONBANK,8.03,172.51,174.23,172.49,174.0,2.62,1.53,0.35,1.13,49.0,0.24,0.01,1.18,-16,-0.65,-7,-0.33,9,PRICE_OI,Daywise_Price_and_OI_Summary_25AUG26_Report_2026-07-27.xlsx,,,,,,,,,,,,,,,,,,,,,,,,,,,,,,,,,,,,,,,,,,,,,,,
UNITDSPR,5.4,1479.7,1494.0,1479.7,1489.9,11.4,0.77,1.72,7.89,55.0,0.37,0,0,21,0.67,20,0.85,-1,PRICE_OI,Daywise_Price_and_OI_Summary_25AUG26_Report_2026-07-27.xlsx,,,,,,,,,,,,,,,,,,,,,,,,,,,,,,,,,,,,,,,,,,,,,,,
UNOMINDA,7.96,1158.9,1158.9,1142.4,1148.5,17.7,1.57,-1.78,-4.6,18.0,0.27,-0.05,-4.2,2,0.78,-12,-3.95,-14,PRICE_OI,Daywise_Price_and_OI_Summary_25AUG26_Report_2026-07-27.xlsx,,,,,,,,,,,,,,,,,,,,,,,,,,,,,,,,,,,,,,,,,,,,,,,
UPL,7.43,609.95,613.55,609.95,611.0,4.75,0.78,2.7,8.89,6.0,0.04,-0.01,-1,2,0.13,-13,-0.88,-15,PRICE_OI,Daywise_Price_and_OI_Summary_25AUG26_Report_2026-07-27.xlsx,,,,,,,,,,,,,,,,,,,,,,,,,,,,,,,,,,,,,,,,,,,,,,,
VBL,7.47,460.75,463.2,460.05,460.4,1.35,0.29,1.97,6.25,93.0,0.36,-0.01,-2.22,38,1.22,-8,-0.57,-46,PRICE_OI,Daywise_Price_and_OI_Summary_25AUG26_Report_2026-07-27.xlsx,,,,,,,,,,,,,,,,,,,,,,,,,,,,,,,,,,,,,,,,,,,,,,,
VEDL,8.15,268.4,268.65,266.65,266.75,0.9,0.34,1.7,5.01,93.0,0.47,-0.01,-1.27,96,1.04,-4,-0.05,-100,PRICE_OI,Daywise_Price_and_OI_Summary_25AUG26_Report_2026-07-27.xlsx,,,,,,,,,,,,,,,,,,,,,,,,,,,,,,,,,,,,,,,,,,,,,,,
VMM,8.56,110.0,110.0,108.79,109.04,1.03,0.95,-,-,0.0,0.0,-0.01,-2,-1,-0.13,-3,-0.77,-2,PRICE_OI,Daywise_Price_and_OI_Summary_25AUG26_Report_2026-07-27.xlsx,,,,,,,,,,,,,,,,,,,,,,,,,,,,,,,,,,,,,,,,,,,,,,,
VOLTAS,7.85,1342.5,1351.8,1338.0,1338.0,2.9,0.22,0.8,2.41,25.0,0.16,-0.04,-2.84,14,1.46,-18,-1.33,-32,PRICE_OI,Daywise_Price_and_OI_Summary_25AUG26_Report_2026-07-27.xlsx,,,,,,,,,,,,,,,,,,,,,,,,,,,,,,,,,,,,,,,,,,,,,,,
WAAREEENER,9.18,2694.6,2720.0,2694.6,2710.0,25.4,0.95,1.42,3.81,77.0,0.25,0.02,1.57,-56,-1.89,-4,-0.11,52,PRICE_OI,Daywise_Price_and_OI_Summary_25AUG26_Report_2026-07-27.xlsx,,,,,,,,,,,,,,,,,,,,,,,,,,,,,,,,,,,,,,,,,,,,,,,
WIPRO,5.71,174.5,174.79,173.0,173.0,0.71,0.41,0.84,3.22,221.0,0.32,0,0,23,0.2,3,0.03,-20,PRICE_OI,Daywise_Price_and_OI_Summary_25AUG26_Report_2026-07-27.xlsx,,,,,,,,,,,,,,,,,,,,,,,,,,,,,,,,,,,,,,,,,,,,,,,
YESBANK,6.41,23.25,23.34,23.2,23.23,0.14,0.61,1.31,4.96,41.0,0.21,0,0,-9,-0.17,8,0.28,17,PRICE_OI,Daywise_Price_and_OI_Summary_25AUG26_Report_2026-07-27.xlsx,,,,,,,,,,,,,,,,,,,,,,,,,,,,,,,,,,,,,,,,,,,,,,,
ZYDUSLIFE,6.32,1120.0,1120.0,1117.7,1119.5,4.3,0.39,-,-,8.0,0.09,0,0,-5,-1.02,-4,-1.01,1,PRICE_OI,Daywise_Price_and_OI_Summary_25AUG26_Report_2026-07-27.xlsx,,,,,,,,,,,,,,,,,,,,,,,,,,,,,,,,,,,,,,,,,,,,,,,
,,,,,,,,,,,,,,,,,,,IVR_IVP,IVR-IVP_25AUG26_Report_2026-07-27.xlsx,Symbol,Price,Price Chg,Price Chg (%),Total OI,Total OI Chg,Total OI Chg (%),PCR,IV,IV Chg (%),IV Range (1Yr),HV (10/20/30 Days),IVR,IVP,IV/HV10 %,IV/HV20 %,IV/HV30 %,,,,,,,,,,,,,,,,,,,,,,,,,,,,,,
,,,,,,,,,,,,,,,,,,,IVR_IVP,IVR-IVP_25AUG26_Report_2026-07-27.xlsx,360ONE,1123.9,17.9,1.62,3281500,34500,1.06,0.54,32.39,7,12.77 - 60.46,32.46 / 39.90 / 37.23,41.14,66.12,-0.22,-18.82,-13,,,,,,,,,,,,,,,,,,,,,,,,,,,,,,
,,,,,,,,,,,,,,,,,,,IVR_IVP,IVR-IVP_25AUG26_Report_2026-07-27.xlsx,ABB,7349.5,-11,-0.15,1555875,14375,0.93,0.66,37.34,3.72,12.82 - 55.54,51.77 / 42.77 / 38.12,57.4,94.29,-27.87,-12.7,-2.05,,,,,,,,,,,,,,,,,,,,,,,,,,,,,,
,,,,,,,,,,,,,,,,,,,IVR_IVP,IVR-IVP_25AUG26_Report_2026-07-27.xlsx,ABCAPITAL,398.7,3.05,0.77,24018800,62000,0.26,0.88,35.58,4.22,17.61 - 49.88,27.50 / 37.97 / 43.66,55.69,82.04,29.38,-6.29,-18.51,,,,,,,,,,,,,,,,,,,,,,,,,,,,,,
,,,,,,,,,,,,,,,,,,,IVR_IVP,IVR-IVP_25AUG26_Report_2026-07-27.xlsx,ADANIENSOL,1713.9,1.2,0.07,12400425,45900,0.37,0.65,39.26,8.24,15.92 - 70.07,28.73 / 31.14 / 30.23,43.1,60,36.65,26.08,29.87,,,,,,,,,,,,,,,,,,,,,,,,,,,,,,
,,,,,,,,,,,,,,,,,,,IVR_IVP,IVR-IVP_25AUG26_Report_2026-07-27.xlsx,ADANIENT,3059.3,19.2,0.63,9555825,10197,0.11,0.77,36.45,4.2,13.70 - 64.83,29.55 / 36.94 / 35.60,44.49,76.33,23.35,-1.33,2.39,,,,,,,,,,,,,,,,,,,,,,,,,,,,,,
,,,,,,,,,,,,,,,,,,,IVR_IVP,IVR-IVP_25AUG26_Report_2026-07-27.xlsx,ADANIGREEN,1417,15.3,1.09,15513600,139800,0.91,0.48,39.58,3.18,15.79 - 97.29,57.81 / 47.58 / 43.72,29.19,51.84,-31.53,-16.81,-9.47,,,,,,,,,,,,,,,,,,,,,,,,,,,,,,
,,,,,,,,,,,,,,,,,,,IVR_IVP,IVR-IVP_25AUG26_Report_2026-07-27.xlsx,ADANIPORTS,1787.2,6.7,0.38,13620625,30875,0.23,0.6,28.87,7.97,12.26 - 48.61,18.58 / 25.37 / 24.32,45.69,75.51,55.38,13.8,18.71,,,,,,,,,,,,,,,,,,,,,,,,,,,,,,
,,,,,,,,,,,,,,,,,,,IVR_IVP,IVR-IVP_25AUG26_Report_2026-07-27.xlsx,ADANIPOWER,216.53,1.61,0.75,83435650,259150,0.31,0.7,40.36,3.75,22.32 - 78.01,46.25 / 34.31 / 35.99,32.39,10.26,-12.74,17.63,12.14,,,,,,,,,,,,,,,,,,,,,,,,,,,,,,
,,,,,,,,,,,,,,,,,,,IVR_IVP,IVR-IVP_25AUG26_Report_2026-07-27.xlsx,ALKEM,5694,39,0.69,763750,375,0.05,0.21,28.53,0.81,13.41 - 40.78,27.16 / 24.81 / 20.43,55.24,82.86,5.04,14.99,39.65,,,,,,,,,,,,,,,,,,,,,,,,,,,,,,
,,,,,,,,,,,,,,,,,,,IVR_IVP,IVR-IVP_25AUG26_Report_2026-07-27.xlsx,AMBER,7270.5,33,0.46,919200,2700,0.29,0.86,39.11,4.27,17.66 - 64.03,32.68 / 35.68 / 34.69,46.26,75.51,19.68,9.61,12.74,,,,,,,,,,,,,,,,,,,,,,,,,,,,,,
,,,,,,,,,,,,,,,,,,,IVR_IVP,IVR-IVP_25AUG26_Report_2026-07-27.xlsx,AMBUJACEM,426.7,0.2,0.05,46050000,152400,0.33,0.83,31.13,9.19,15.18 - 45.11,22.36 / 31.24 / 33.99,53.29,78.37,39.22,-0.35,-8.41,,,,,,,,,,,,,,,,,,,,,,,,,,,,,,
,,,,,,,,,,,,,,,,,,,IVR_IVP,IVR-IVP_25AUG26_Report_2026-07-27.xlsx,ANGELONE,310,2.05,0.67,17530000,90000,0.52,0.54,37.14,5.24,17.39 - 57.96,33.30 / 39.37 / 41.92,48.68,42.86,11.53,-5.66,-11.4,,,,,,,,,,,,,,,,,,,,,,,,,,,,,,
,,,,,,,,,,,,,,,,,,,IVR_IVP,IVR-IVP_25AUG26_Report_2026-07-27.xlsx,APLAPOLLO,1845.7,12.3,0.67,2586850,8050,0.31,1.06,26.14,3.44,8.20 - 40.75,17.16 / 19.00 / 20.95,55.12,62.45,52.33,37.58,24.77,,,,,,,,,,,,,,,,,,,,,,,,,,,,,,
,,,,,,,,,,,,,,,,,,,IVR_IVP,IVR-IVP_25AUG26_Report_2026-07-27.xlsx,APOLLOHOSP,8861,6,0.07,1532000,3500,0.23,0.73,22.95,11.14,9.79 - 47.61,14.42 / 16.57 / 14.80,34.8,74.29,59.15,38.5,55.07,,,,,,,,,,,,,,,,,,,,,,,,,,,,,,
,,,,,,,,,,,,,,,,,,,IVR_IVP,IVR-IVP_25AUG26_Report_2026-07-27.xlsx,ASHOKLEY,154,1.85,1.22,93485000,290000,0.31,0.97,34.93,4.67,14.12 - 47.87,20.77 / 32.30 / 50.17,61.66,72.24,68.18,8.14,-30.38,,,,,,,,,,,,,,,,,,,,,,,,,,,,,,
,,,,,,,,,,,,,,,,,,,IVR_IVP,IVR-IVP_25AUG26_Report_2026-07-27.xlsx,ASIANPAINT,2713.9,56.7,2.13,4701000,48250,1.04,0.77,28.1,7.17,8.53 - 37.24,13.58 / 21.06 / 20.80,68.16,90.61,106.92,33.43,35.1,,,,,,,,,,,,,,,,,,,,,,,,,,,,,,
,,,,,,,,,,,,,,,,,,,IVR_IVP,IVR-IVP_25AUG26_Report_2026-07-27.xlsx,ASTRAL,1430.1,12.8,0.9,5828025,16150,0.28,1.05,31.27,-2.19,13.79 - 52.12,26.87 / 46.90 / 42.39,45.6,76.73,16.38,-33.33,-26.23,,,,,,,,,,,,,,,,,,,,,,,,,,,,,,
,,,,,,,,,,,,,,,,,,,IVR_IVP,IVR-IVP_25AUG26_Report_2026-07-27.xlsx,AUBANK,1036.4,25.6,2.53,17412000,965000,5.87,0.93,30.09,-3.06,16.29 - 74.08,33.61 / 30.32 / 37.55,23.88,73.06,-10.47,-0.76,-19.87,,,,,,,,,,,,,,,,,,,,,,,,,,,,,,
,,,,,,,,,,,,,,,,,,,IVR_IVP,IVR-IVP_25AUG26_Report_2026-07-27.xlsx,AUROPHARMA,1549.3,8.4,0.55,7230300,15400,0.21,1.02,28.83,2.85,16.22 - 48.20,25.03 / 30.71 / 35.31,39.43,64.9,15.18,-6.12,-18.35,,,,,,,,,,,,,,,,,,,,,,,,,,,,,,
,,,,,,,,,,,,,,,,,,,IVR_IVP,IVR-IVP_25AUG26_Report_2026-07-27.xlsx,AXISBANK,1237.3,1.3,0.11,55778125,68750,0.12,0.69,22.42,5.21,12.00 - 40.40,35.74 / 30.77 / 29.28,36.69,68.98,-37.27,-27.14,-23.43,,,,,,,,,,,,,,,,,,,,,,,,,,,,,,
,,,,,,,,,,,,,,,,,,,IVR_IVP,IVR-IVP_25AUG26_Report_2026-07-27.xlsx,BAJAJ-AUTO,11200,-12,-0.11,1552125,3975,0.26,1.56,22.68,3.28,13.51 - 35.33,43.66 / 34.79 / 32.36,42.03,54.29,-48.05,-34.81,-29.91,,,,,,,,,,,,,,,,,,,,,,,,,,,,,,
,,,,,,,,,,,,,,,,,,,IVR_IVP,IVR-IVP_25AUG26_Report_2026-07-27.xlsx,BAJAJFINSV,1898.6,14.7,0.78,5959500,8100,0.14,0.99,26.58,4.65,12.73 - 35.42,23.14 / 27.70 / 28.70,61.04,86.53,14.87,-4.04,-7.39,,,,,,,,,,,,,,,,,,,,,,,,,,,,,,
,,,,,,,,,,,,,,,,,,,IVR_IVP,IVR-IVP_25AUG26_Report_2026-07-27.xlsx,BAJAJHLDNG,10869,143,1.33,239025,450,0.19,0.57,-,-,21.22 - 54.65,25.14 / 30.98 / 30.75,-,-,-,-,-,,,,,,,,,,,,,,,,,,,,,,,,,,,,,,
,,,,,,,,,,,,,,,,,,,IVR_IVP,IVR-IVP_25AUG26_Report_2026-07-27.xlsx,BAJFINANCE,1035.8,15.6,1.53,44651250,219000,0.49,0.8,30.53,7.24,16.72 - 42.85,30.09 / 29.18 / 33.28,52.85,80,1.46,4.63,-8.26,,,,,,,,,,,,,,,,,,,,,,,,,,,,,,
,,,,,,,,,,,,,,,,,,,IVR_IVP,IVR-IVP_25AUG26_Report_2026-07-27.xlsx,BANDHANBNK,167.98,2.52,1.52,98748000,579600,0.59,0.56,41.31,0.98,12.67 - 79.07,108.04 / 86.27 / 77.93,43.13,80,-61.76,-52.12,-46.99,,,,,,,,,,,,,,,,,,,,,,,,,,,,,,
,,,,,,,,,,,,,,,,,,,IVR_IVP,IVR-IVP_25AUG26_Report_2026-07-27.xlsx,BANKBARODA,248.45,0.75,0.3,91777725,1210950,1.34,1.1,29.33,-9.89,13.00 - 48.13,31.97 / 36.88 / 35.80,46.48,71.02,-8.26,-20.47,-18.07,,,,,,,,,,,,,,,,,,,,,,,,,,,,,,
,,,,,,,,,,,,,,,,,,,IVR_IVP,IVR-IVP_25AUG26_Report_2026-07-27.xlsx,BANKINDIA,143.33,-0.15,-0.1,53107600,1887600,3.69,0.84,34.85,-3.44,14.29 - 59.98,33.00 / 44.72 / 38.35,45,65.31,5.61,-22.07,-9.13,,,,,,,,,,,,,,,,,,,,,,,,,,,,,,
,,,,,,,,,,,,,,,,,,,IVR_IVP,IVR-IVP_25AUG26_Report_2026-07-27.xlsx,BANKNIFTY,57501,414.4,0.73,1368780,-1500,-0.11,0.83,14.14,-3.08,6.65 - 38.76,17.14 / 18.76 / 20.47,23.33,63.27,-17.5,-24.63,-30.92,,,,,,,,,,,,,,,,,,,,,,,,,,,,,,
,,,,,,,,,,,,,,,,,,,IVR_IVP,IVR-IVP_25AUG26_Report_2026-07-27.xlsx,BDL,1217,7.2,0.6,5160775,9350,0.18,0.91,39.6,3.69,17.11 - 53.54,23.94 / 31.65 / 41.62,61.73,73.06,65.41,25.12,-4.85,,,,,,,,,,,,,,,,,,,,,,,,,,,,,,
,,,,,,,,,,,,,,,,,,,IVR_IVP,IVR-IVP_25AUG26_Report_2026-07-27.xlsx,BEL,408.3,0.95,0.23,55141800,175275,0.32,0.77,27.18,4.58,15.33 - 49.55,10.58 / 21.47 / 25.69,34.63,61.63,156.9,26.6,5.8,,,,,,,,,,,,,,,,,,,,,,,,,,,,,,
,,,,,,,,,,,,,,,,,,,IVR_IVP,IVR-IVP_25AUG26_Report_2026-07-27.xlsx,BHARATFORG,2177.4,11.6,0.54,5075000,15000,0.3,0.99,31.75,0.83,16.12 - 46.76,30.70 / 26.83 / 29.58,51.01,70.61,3.42,18.34,7.34,,,,,,,,,,,,,,,,,,,,,,,,,,,,,,
,,,,,,,,,,,,,,,,,,,IVR_IVP,IVR-IVP_25AUG26_Report_2026-07-27.xlsx,BHARTIARTL,1910.7,-0.1,-0.01,48007775,63650,0.13,0.82,20.03,6.09,8.38 - 28.10,22.18 / 22.84 / 23.02,59.08,75.92,-9.69,-12.3,-12.99,,,,,,,,,,,,,,,,,,,,,,,,,,,,,,
,,,,,,,,,,,,,,,,,,,IVR_IVP,IVR-IVP_25AUG26_Report_2026-07-27.xlsx,BHEL,420.6,1.05,0.25,48095250,60375,0.13,0.54,35.31,6.64,19.15 - 54.97,48.74 / 48.19 / 43.80,45.11,67.76,-27.55,-26.73,-19.38,,,,,,,,,,,,,,,,,,,,,,,,,,,,,,
,,,,,,,,,,,,,,,,,,,IVR_IVP,IVR-IVP_25AUG26_Report_2026-07-27.xlsx,BIOCON,439,2.5,0.57,31295000,275000,0.89,0.85,30.53,-0.23,15.85 - 43.30,43.89 / 41.98 / 35.18,53.48,71.02,-30.44,-27.27,-13.22,,,,,,,,,,,,,,,,,,,,,,,,,,,,,,
,,,,,,,,,,,,,,,,,,,IVR_IVP,IVR-IVP_25AUG26_Report_2026-07-27.xlsx,BLUESTARCO,1646.1,13.6,0.83,2484950,3250,0.13,1.1,32.86,-1.38,13.03 - 50.57,38.17 / 33.66 / 34.02,52.82,67.35,-13.91,-2.38,-3.41,,,,,,,,,,,,,,,,,,,,,,,,,,,,,,
,,,,,,,,,,,,,,,,,,,IVR_IVP,IVR-IVP_25AUG26_Report_2026-07-27.xlsx,BOSCHLTD,41725,20,0.05,176500,225,0.13,0.45,31.6,5.54,10.01 - 46.12,18.46 / 20.99 / 22.55,59.79,79.18,71.18,50.55,40.13,,,,,,,,,,,,,,,,,,,,,,,,,,,,,,
,,,,,,,,,,,,,,,,,,,IVR_IVP,IVR-IVP_25AUG26_Report_2026-07-27.xlsx,BPCL,317.65,5.3,1.7,28013400,335750,1.21,0.85,29.12,2,15.82 - 56.01,20.27 / 28.15 / 35.53,33.09,54.69,43.66,3.45,-18.04,,,,,,,,,,,,,,,,,,,,,,,,,,,,,,
,,,,,,,,,,,,,,,,,,,IVR_IVP,IVR-IVP_25AUG26_Report_2026-07-27.xlsx,BRITANNIA,5355,39.5,0.74,1498875,12500,0.84,0.87,25.95,8.26,12.58 - 32.26,20.02 / 25.96 / 21.87,67.94,84.08,29.62,-0.04,18.66,,,,,,,,,,,,,,,,,,,,,,,,,,,,,,
,,,,,,,,,,,,,,,,,,,IVR_IVP,IVR-IVP_25AUG26_Report_2026-07-27.xlsx,BSE,3585,14,0.39,4374000,13800,0.32,0.89,37.95,2.46,19.55 - 61.04,24.38 / 28.95 / 33.31,44.35,49.8,55.66,31.09,13.93,,,,,,,,,,,,,,,,,,,,,,,,,,,,,,
,,,,,,,,,,,,,,,,,,,IVR_IVP,IVR-IVP_25AUG26_Report_2026-07-27.xlsx,CAMS,769.95,5.5,0.72,4680225,27225,0.59,0.79,32,3.73,17.15 - 80.12,28.29 / 32.45 / 36.82,23.58,80,13.11,-1.39,-13.09,,,,,,,,,,,,,,,,,,,,,,,,,,,,,,
,,,,,,,,,,,,,,,,,,,IVR_IVP,IVR-IVP_25AUG26_Report_2026-07-27.xlsx,CANBK,128.09,1.35,1.07,271215000,1080000,0.4,0.81,34.17,2.86,15.88 - 49.71,28.80 / 33.29 / 30.59,54.06,78.37,18.65,2.64,11.7,,,,,,,,,,,,,,,,,,,,,,,,,,,,,,
,,,,,,,,,,,,,,,,,,,IVR_IVP,IVR-IVP_25AUG26_Report_2026-07-27.xlsx,CDSL,1338,6.8,0.51,5814000,52250,0.91,0.85,34.81,3.94,18.00 - 52.52,24.83 / 41.38 / 41.60,48.7,82.86,40.19,-15.88,-16.32,,,,,,,,,,,,,,,,,,,,,,,,,,,,,,
,,,,,,,,,,,,,,,,,,,IVR_IVP,IVR-IVP_25AUG26_Report_2026-07-27.xlsx,CGPOWER,886,9.8,1.12,13696050,232900,1.73,0.65,35.63,0.65,16.26 - 49.94,28.81 / 43.22 / 41.04,57.51,75.51,23.67,-17.56,-13.18,,,,,,,,,,,,,,,,,,,,,,,,,,,,,,
,,,,,,,,,,,,,,,,,,,IVR_IVP,IVR-IVP_25AUG26_Report_2026-07-27.xlsx,CHOLAFIN,1763.1,28.2,1.63,8573750,157500,1.87,0.83,32.58,4.93,15.00 - 65.38,24.12 / 32.26 / 44.21,34.89,77.14,35.07,0.99,-26.31,,,,,,,,,,,,,,,,,,,,,,,,,,,,,,
,,,,,,,,,,,,,,,,,,,IVR_IVP,IVR-IVP_25AUG26_Report_2026-07-27.xlsx,CIPLA,1417.6,0.9,0.06,7650850,11900,0.16,0.81,22.1,-0.58,7.76 - 46.04,20.60 / 18.50 / 23.95,37.46,63.27,7.28,19.46,-7.72,,,,,,,,,,,,,,,,,,,,,,,,,,,,,,
,,,,,,,,,,,,,,,,,,,IVR_IVP,IVR-IVP_25AUG26_Report_2026-07-27.xlsx,COALINDIA,425,-1.2,-0.28,38565450,64800,0.17,0.95,21,4.06,9.08 - 45.52,7.64 / 15.40 / 15.98,32.71,55.92,174.87,36.36,31.41,,,,,,,,,,,,,,,,,,,,,,,,,,,,,,
,,,,,,,,,,,,,,,,,,,IVR_IVP,IVR-IVP_25AUG26_Report_2026-07-27.xlsx,COCHINSHIP,1390.8,7.5,0.54,3876400,4000,0.1,0.88,33.94,6.73,15.66 - 61.29,25.50 / 39.01 / 39.36,40.06,25.64,33.1,-13,-13.77,,,,,,,,,,,,,,,,,,,,,,,,,,,,,,
,,,,,,,,,,,,,,,,,,,IVR_IVP,IVR-IVP_25AUG26_Report_2026-07-27.xlsx,COFORGE,1502.8,18.5,1.25,11532050,37525,0.33,0.65,40.21,3.61,14.76 - 61.76,32.24 / 51.23 / 46.46,54.15,70.61,24.72,-21.51,-13.45,,,,,,,,,,,,,,,,,,,,,,,,,,,,,,
,,,,,,,,,,,,,,,,,,,IVR_IVP,IVR-IVP_25AUG26_Report_2026-07-27.xlsx,COLPAL,2122,21.9,1.04,2956525,1375,0.05,0.53,28.9,4.22,14.77 - 49.18,29.24 / 30.89 / 30.87,41.06,85.71,-1.16,-6.44,-6.38,,,,,,,,,,,,,,,,,,,,,,,,,,,,,,
,,,,,,,,,,,,,,,,,,,IVR_IVP,IVR-IVP_25AUG26_Report_2026-07-27.xlsx,CONCOR,476.2,-2.15,-0.45,10622500,48750,0.46,0.67,29.51,2.08,14.61 - 80.26,46.13 / 41.56 / 35.97,22.7,71.43,-36.03,-28.99,-17.96,,,,,,,,,,,,,,,,,,,,,,,,,,,,,,
,,,,,,,,,,,,,,,,,,,IVR_IVP,IVR-IVP_25AUG26_Report_2026-07-27.xlsx,CROMPTON,251.35,-0.6,-0.24,34756900,90300,0.26,0.41,34.49,1.8,15.15 - 43.83,21.06 / 25.38 / 30.96,67.43,81.63,63.77,35.89,11.4,,,,,,,,,,,,,,,,,,,,,,,,,,,,,,
,,,,,,,,,,,,,,,,,,,IVR_IVP,IVR-IVP_25AUG26_Report_2026-07-27.xlsx,CUMMINSIND,5655,10,0.18,2588400,5000,0.19,0.72,33.59,0.42,15.05 - 37.75,23.84 / 26.72 / 28.31,81.67,88.16,40.9,25.71,18.65,,,,,,,,,,,,,,,,,,,,,,,,,,,,,,
,,,,,,,,,,,,,,,,,,,IVR_IVP,IVR-IVP_25AUG26_Report_2026-07-27.xlsx,DABUR,429.6,4.4,1.03,19082500,90000,0.47,0.72,28.86,8.25,13.58 - 33.00,7.98 / 31.78 / 27.82,78.68,91.43,261.65,-9.19,3.74,,,,,,,,,,,,,,,,,,,,,,,,,,,,,,
,,,,,,,,,,,,,,,,,,,IVR_IVP,IVR-IVP_25AUG26_Report_2026-07-27.xlsx,DALBHARAT,1784,-19.4,-1.08,1996800,27950,1.42,0.87,29.44,3.95,13.87 - 79.50,31.24 / 32.64 / 33.50,23.72,62.86,-5.76,-9.8,-12.12,,,,,,,,,,,,,,,,,,,,,,,,,,,,,,
,,,,,,,,,,,,,,,,,,,IVR_IVP,IVR-IVP_25AUG26_Report_2026-07-27.xlsx,DELHIVERY,467.55,3.05,0.66,13298675,49800,0.38,0.51,36.28,0.92,18.50 - 49.76,21.53 / 45.90 / 45.20,56.88,88.98,68.51,-20.96,-19.73,,,,,,,,,,,,,,,,,,,,,,,,,,,,,,
,,,,,,,,,,,,,,,,,,,IVR_IVP,IVR-IVP_25AUG26_Report_2026-07-27.xlsx,DIVISLAB,7302,3,0.04,2621200,3800,0.15,0.87,29.04,5.22,6.18 - 50.03,26.77 / 25.64 / 22.91,52.13,83.27,8.48,13.26,26.76,,,,,,,,,,,,,,,,,,,,,,,,,,,,,,
,,,,,,,,,,,,,,,,,,,IVR_IVP,IVR-IVP_25AUG26_Report_2026-07-27.xlsx,DIXON,13732,54,0.39,1542950,5650,0.37,0.79,40.6,3.2,19.33 - 61.85,50.15 / 51.58 / 49.87,50.02,69.39,-19.04,-21.29,-18.59,,,,,,,,,,,,,,,,,,,,,,,,,,,,,,
,,,,,,,,,,,,,,,,,,,IVR_IVP,IVR-IVP_25AUG26_Report_2026-07-27.xlsx,DLF,646.6,5.35,0.83,32250600,65550,0.2,0.74,34.43,2.44,13.80 - 56.30,33.99 / 46.72 / 47.00,48.54,80,1.29,-26.31,-26.74,,,,,,,,,,,,,,,,,,,,,,,,,,,,,,
,,,,,,,,,,,,,,,,,,,IVR_IVP,IVR-IVP_25AUG26_Report_2026-07-27.xlsx,DMART,4039.8,29.4,0.73,3511500,4650,0.13,0.67,26.1,3.24,14.71 - 49.03,20.37 / 30.64 / 30.60,33.19,62.04,28.13,-14.82,-14.71,,,,,,,,,,,,,,,,,,,,,,,,,,,,,,
,,,,,,,,,,,,,,,,,,,IVR_IVP,IVR-IVP_25AUG26_Report_2026-07-27.xlsx,DRREDDY,1148.3,-2.1,-0.18,9760000,41875,0.43,0.73,25.18,2.4,7.63 - 40.88,19.02 / 32.26 / 30.45,52.78,75.1,32.39,-21.95,-17.31,,,,,,,,,,,,,,,,,,,,,,,,,,,,,,
,,,,,,,,,,,,,,,,,,,IVR_IVP,IVR-IVP_25AUG26_Report_2026-07-27.xlsx,EICHERMOT,7592.5,10,0.13,3070300,13300,0.44,1.72,27.21,2.8,12.65 - 55.76,22.64 / 32.02 / 31.18,33.77,73.47,20.19,-15.02,-12.73,,,,,,,,,,,,,,,,,,,,,,,,,,,,,,
,,,,,,,,,,,,,,,,,,,IVR_IVP,IVR-IVP_25AUG26_Report_2026-07-27.xlsx,ETERNAL,287.3,5.5,1.95,101566275,460750,0.46,0.5,34.39,3.74,16.25 - 76.78,32.61 / 37.48 / 36.37,29.97,61.63,5.46,-8.24,-5.44,,,,,,,,,,,,,,,,,,,,,,,,,,,,,,
,,,,,,,,,,,,,,,,,,,IVR_IVP,IVR-IVP_25AUG26_Report_2026-07-27.xlsx,FEDERALBNK,356.5,1.2,0.34,74662500,60000,0.08,0.95,22.55,3.58,14.33 - 39.41,44.03 / 33.26 / 28.99,32.78,43.67,-48.78,-32.2,-22.21,,,,,,,,,,,,,,,,,,,,,,,,,,,,,,
,,,,,,,,,,,,,,,,,,,IVR_IVP,IVR-IVP_25AUG26_Report_2026-07-27.xlsx,FINNIFTY,26260.9,178.9,0.69,12420,60,0.49,0.2,-,-,0.00 - 40.02,15.88 / 17.83 / 20.42,-,-,-,-,-,,,,,,,,,,,,,,,,,,,,,,,,,,,,,,
,,,,,,,,,,,,,,,,,,,IVR_IVP,IVR-IVP_25AUG26_Report_2026-07-27.xlsx,FORCEMOT,17622,74,0.42,176325,250,0.14,1.07,49.47,2.32,27.58 - 72.76,36.67 / 50.04 / 47.85,48.45,60.26,34.91,-1.14,3.39,,,,,,,,,,,,,,,,,,,,,,,,,,,,,,
,,,,,,,,,,,,,,,,,,,IVR_IVP,IVR-IVP_25AUG26_Report_2026-07-27.xlsx,FORTIS,960.55,8.85,0.93,6100025,17825,0.29,1.52,24.04,-8.07,14.13 - 45.46,21.91 / 25.60 / 24.48,31.63,29.8,9.72,-6.09,-1.8,,,,,,,,,,,,,,,,,,,,,,,,,,,,,,
,,,,,,,,,,,,,,,,,,,IVR_IVP,IVR-IVP_25AUG26_Report_2026-07-27.xlsx,GAIL,172.75,2.09,1.22,55305450,85200,0.15,0.98,26.82,0.56,14.03 - 47.98,15.13 / 19.47 / 24.49,37.67,73.88,77.26,37.75,9.51,,,,,,,,,,,,,,,,,,,,,,,,,,,,,,
,,,,,,,,,,,,,,,,,,,IVR_IVP,IVR-IVP_25AUG26_Report_2026-07-27.xlsx,GLENMARK,2215.4,10.1,0.46,5906625,11625,0.2,1.42,35.13,6.65,12.27 - 43.60,18.50 / 25.72 / 24.79,72.97,84.9,89.89,36.59,41.71,,,,,,,,,,,,,,,,,,,,,,,,,,,,,,
,,,,,,,,,,,,,,,,,,,IVR_IVP,IVR-IVP_25AUG26_Report_2026-07-27.xlsx,GMRAIRPORT,108.88,1.24,1.15,64009575,285975,0.45,0.62,33.72,10.41,13.31 - 51.55,24.02 / 28.77 / 29.91,53.37,78.37,40.38,17.21,12.74,,,,,,,,,,,,,,,,,,,,,,,,,,,,,,
,,,,,,,,,,,,,,,,,,,IVR_IVP,IVR-IVP_25AUG26_Report_2026-07-27.xlsx,GODFRYPHLP,2121.3,20.6,0.98,1240525,10175,0.83,0.49,37.45,4.96,18.97 - 74.83,36.72 / 30.45 / 33.15,33.08,37.18,1.99,22.99,12.97,,,,,,,,,,,,,,,,,,,,,,,,,,,,,,
,,,,,,,,,,,,,,,,,,,IVR_IVP,IVR-IVP_25AUG26_Report_2026-07-27.xlsx,GODREJCP,1070.6,8.7,0.82,6783000,13500,0.2,0.53,29.44,10.34,13.17 - 36.40,20.16 / 29.38 / 27.41,70.04,87.35,46.03,0.2,7.41,,,,,,,,,,,,,,,,,,,,,,,,,,,,,,
,,,,,,,,,,,,,,,,,,,IVR_IVP,IVR-IVP_25AUG26_Report_2026-07-27.xlsx,GODREJPROP,2035.3,5.3,0.26,4634175,8775,0.19,0.48,46.09,30.6,16.43 - 55.87,35.45 / 45.78 / 42.93,75.2,95.1,30.01,0.68,7.36,,,,,,,,,,,,,,,,,,,,,,,,,,,,,,
,,,,,,,,,,,,,,,,,,,IVR_IVP,IVR-IVP_25AUG26_Report_2026-07-27.xlsx,GRASIM,3099.6,5.2,0.17,8675750,14500,0.17,0.72,22,-0.77,11.82 - 35.51,22.61 / 23.07 / 20.76,42.97,65.31,-2.7,-4.64,5.97,,,,,,,,,,,,,,,,,,,,,,,,,,,,,,
,,,,,,,,,,,,,,,,,,,IVR_IVP,IVR-IVP_25AUG26_Report_2026-07-27.xlsx,GVT&D,4207.2,19.4,0.46,1818625,3875,0.21,0.79,51.11,6.86,21.64 - 59.36,53.79 / 59.59 / 65.17,78.13,78.05,-4.98,-14.23,-21.57,,,,,,,,,,,,,,,,,,,,,,,,,,,,,,
,,,,,,,,,,,,,,,,,,,IVR_IVP,IVR-IVP_25AUG26_Report_2026-07-27.xlsx,HAL,4601.3,7.4,0.16,3155250,9300,0.3,0.74,30.13,4.55,14.47 - 53.21,19.31 / 20.15 / 28.30,40.42,71.43,56.03,49.53,6.47,,,,,,,,,,,,,,,,,,,,,,,,,,,,,,
,,,,,,,,,,,,,,,,,,,IVR_IVP,IVR-IVP_25AUG26_Report_2026-07-27.xlsx,HAVELLS,1242.2,8,0.65,6655500,83500,1.27,0.74,26.86,0.04,11.54 - 42.97,19.35 / 26.77 / 25.00,48.74,70.2,38.81,0.34,7.44,,,,,,,,,,,,,,,,,,,,,,,,,,,,,,
,,,,,,,,,,,,,,,,,,,IVR_IVP,IVR-IVP_25AUG26_Report_2026-07-27.xlsx,HCLTECH,1280.2,9.1,0.72,21171600,136000,0.65,0.75,28.24,5.26,6.26 - 40.81,44.85 / 50.15 / 45.04,63.62,73.88,-37.03,-43.69,-37.3,,,,,,,,,,,,,,,,,,,,,,,,,,,,,,
,,,,,,,,,,,,,,,,,,,IVR_IVP,IVR-IVP_25AUG26_Report_2026-07-27.xlsx,HDFCAMC,2546,27,1.07,4392000,5100,0.12,0.65,28.63,-0.1,12.58 - 45.32,42.10 / 44.28 / 46.10,49.02,68.16,-32,-35.34,-37.9,,,,,,,,,,,,,,,,,,,,,,,,,,,,,,
,,,,,,,,,,,,,,,,,,,IVR_IVP,IVR-IVP_25AUG26_Report_2026-07-27.xlsx,HDFCBANK,749.7,1.6,0.21,220784850,1035450,0.47,0.48,24.49,2.51,9.44 - 39.01,33.23 / 32.80 / 33.75,50.9,83.27,-26.3,-25.34,-27.44,,,,,,,,,,,,,,,,,,,,,,,,,,,,,,
,,,,,,,,,,,,,,,,,,,IVR_IVP,IVR-IVP_25AUG26_Report_2026-07-27.xlsx,HDFCLIFE,558.35,0.55,0.1,27489000,64900,0.24,0.62,23.72,0.51,8.35 - 36.02,28.65 / 28.56 / 31.19,55.55,73.47,-17.21,-16.95,-23.95,,,,,,,,,,,,,,,,,,,,,,,,,,,,,,
,,,,,,,,,,,,,,,,,,,IVR_IVP,IVR-IVP_25AUG26_Report_2026-07-27.xlsx,HEROMOTOCO,5073.1,41.1,0.82,3443550,16050,0.47,0.57,29.77,0.92,12.96 - 41.20,35.03 / 29.18 / 26.54,59.53,80,-15.02,2.02,12.17,,,,,,,,,,,,,,,,,,,,,,,,,,,,,,
,,,,,,,,,,,,,,,,,,,IVR_IVP,IVR-IVP_25AUG26_Report_2026-07-27.xlsx,HINDALCO,951.9,2.6,0.27,37631300,119700,0.32,0.83,29.34,-1.05,10.16 - 46.60,18.75 / 22.22 / 26.29,52.63,69.8,56.48,32.04,11.6,,,,,,,,,,,,,,,,,,,,,,,,,,,,,,
,,,,,,,,,,,,,,,,,,,IVR_IVP,IVR-IVP_25AUG26_Report_2026-07-27.xlsx,HINDPETRO,391.35,7.6,1.98,33657525,81000,0.24,0.77,29.93,1.35,16.66 - 55.76,32.28 / 39.19 / 44.36,33.94,44.49,-7.28,-23.63,-32.53,,,,,,,,,,,,,,,,,,,,,,,,,,,,,,
,,,,,,,,,,,,,,,,,,,IVR_IVP,IVR-IVP_25AUG26_Report_2026-07-27.xlsx,HINDUNILVR,2185,27.3,1.27,11096400,120600,1.1,0.82,21.51,0.56,0.36 - 32.27,17.55 / 25.27 / 23.47,66.28,71.02,22.56,-14.88,-8.35,,,,,,,,,,,,,,,,,,,,,,,,,,,,,,
,,,,,,,,,,,,,,,,,,,IVR_IVP,IVR-IVP_25AUG26_Report_2026-07-27.xlsx,HINDZINC,539.8,5.1,0.95,15446025,127400,0.83,0.54,28.73,-0.76,15.38 - 59.92,19.60 / 21.94 / 32.08,29.97,29.39,46.58,30.95,-10.44,,,,,,,,,,,,,,,,,,,,,,,,,,,,,,
,,,,,,,,,,,,,,,,,,,IVR_IVP,IVR-IVP_25AUG26_Report_2026-07-27.xlsx,HYUNDAI,1944.5,21.5,1.12,3335475,7150,0.21,0.48,35.95,-1.05,19.09 - 57.66,23.64 / 33.76 / 32.31,43.71,65.38,52.07,6.49,11.27,,,,,,,,,,,,,,,,,,,,,,,,,,,,,,
,,,,,,,,,,,,,,,,,,,IVR_IVP,IVR-IVP_25AUG26_Report_2026-07-27.xlsx,ICICIBANK,1427.4,-0.7,-0.05,79072000,137900,0.17,0.66,19.34,3.92,9.59 - 33.61,17.33 / 20.11 / 20.43,40.59,68.98,11.6,-3.83,-5.34,,,,,,,,,,,,,,,,,,,,,,,,,,,,,,
,,,,,,,,,,,,,,,,,,,IVR_IVP,IVR-IVP_25AUG26_Report_2026-07-27.xlsx,ICICIGI,1668.9,-4.8,-0.29,3867500,5525,0.14,0.95,25.63,-0.7,13.70 - 37.84,72.28 / 53.23 / 47.35,49.42,82.45,-64.54,-51.85,-45.87,,,,,,,,,,,,,,,,,,,,,,,,,,,,,,
,,,,,,,,,,,,,,,,,,,IVR_IVP,IVR-IVP_25AUG26_Report_2026-07-27.xlsx,ICICIPRULI,508.4,4.45,0.88,13701100,58275,0.43,0.7,29.17,4.74,12.98 - 41.12,42.88 / 38.08 / 41.17,57.53,84.08,-31.97,-23.4,-29.15,,,,,,,,,,,,,,,,,,,,,,,,,,,,,,
,,,,,,,,,,,,,,,,,,,IVR_IVP,IVR-IVP_25AUG26_Report_2026-07-27.xlsx,IDEA,13.33,0.1,0.76,3634575225,11436000,0.32,0.57,41.3,5.01,19.52 - 105.00,22.29 / 25.71 / 32.13,25.48,19.59,85.28,60.64,28.54,,,,,,,,,,,,,,,,,,,,,,,,,,,,,,
,,,,,,,,,,,,,,,,,,,IVR_IVP,IVR-IVP_25AUG26_Report_2026-07-27.xlsx,IDFCFIRSTB,88.39,7.16,8.81,253328075,34104175,15.56,0.76,30.68,-0.62,13.50 - 90.98,21.57 / 26.84 / 31.45,22.17,70.2,42.23,14.31,-2.45,,,,,,,,,,,,,,,,,,,,,,,,,,,,,,
,,,,,,,,,,,,,,,,,,,IVR_IVP,IVR-IVP_25AUG26_Report_2026-07-27.xlsx,IEX,127.67,2.56,2.05,34730400,226200,0.66,0.92,33.33,8.25,19.27 - 213.32,41.47 / 36.87 / 33.69,21.66,55.51,-19.63,-9.6,-1.07,,,,,,,,,,,,,,,,,,,,,,,,,,,,,,
,,,,,,,,,,,,,,,,,,,IVR_IVP,IVR-IVP_25AUG26_Report_2026-07-27.xlsx,INDHOTEL,737,6.55,0.9,14854000,70000,0.47,0.79,23.59,6.07,12.12 - 41.83,19.49 / 27.21 / 27.73,38.61,50.61,21.04,-13.3,-14.93,,,,,,,,,,,,,,,,,,,,,,,,,,,,,,
,,,,,,,,,,,,,,,,,,,IVR_IVP,IVR-IVP_25AUG26_Report_2026-07-27.xlsx,INDIANB,839.9,11.1,1.34,8215000,68000,0.83,0.94,29.08,1.82,17.18 - 45.58,36.96 / 54.34 / 46.72,41.9,48.98,-21.32,-46.49,-37.76,,,,,,,,,,,,,,,,,,,,,,,,,,,,,,
,,,,,,,,,,,,,,,,,,,IVR_IVP,IVR-IVP_25AUG26_Report_2026-07-27.xlsx,INDIGO,5177,157,3.13,4558200,25500,0.56,0.91,29.36,-1.74,11.28 - 86.94,33.50 / 36.20 / 44.70,23.9,67.76,-12.36,-18.9,-34.32,,,,,,,,,,,,,,,,,,,,,,,,,,,,,,
,,,,,,,,,,,,,,,,,,,IVR_IVP,IVR-IVP_25AUG26_Report_2026-07-27.xlsx,INDUSINDBK,1010.55,8.7,0.87,25678800,-2800,-0.01,0.83,27.94,2.87,17.32 - 83.38,45.71 / 41.54 / 39.20,16.08,47.35,-38.88,-32.74,-28.72,,,,,,,,,,,,,,,,,,,,,,,,,,,,,,
,,,,,,,,,,,,,,,,,,,IVR_IVP,IVR-IVP_25AUG26_Report_2026-07-27.xlsx,INDUSTOWER,398.1,2.1,0.53,59904600,76500,0.13,0.52,29.58,2.25,15.67 - 75.07,20.43 / 23.21 / 24.69,23.42,64.08,44.79,27.45,19.81,,,,,,,,,,,,,,,,,,,,,,,,,,,,,,
,,,,,,,,,,,,,,,,,,,IVR_IVP,IVR-IVP_25AUG26_Report_2026-07-27.xlsx,INFY,1061,20.5,1.97,69836000,924000,1.34,0.76,29.45,-1.27,7.21 - 64.15,29.77 / 40.03 / 45.13,39.06,67.76,-1.07,-26.43,-34.74,,,,,,,,,,,,,,,,,,,,,,,,,,,,,,
,,,,,,,,,,,,,,,,,,,IVR_IVP,IVR-IVP_25AUG26_Report_2026-07-27.xlsx,INOXWIND,78.28,1.1,1.43,60646400,70400,0.12,0.76,45.4,10.09,16.48 - 63.54,29.51 / 29.91 / 43.96,61.45,75.1,53.85,51.79,3.28,,,,,,,,,,,,,,,,,,,,,,,,,,,,,,
,,,,,,,,,,,,,,,,,,,IVR_IVP,IVR-IVP_25AUG26_Report_2026-07-27.xlsx,IOC,140.28,2.1,1.52,109239000,799500,0.74,0.91,27.67,1.95,11.74 - 55.58,25.61 / 27.31 / 32.28,36.34,69.8,8.04,1.32,-14.28,,,,,,,,,,,,,,,,,,,,,,,,,,,,,,
,,,,,,,,,,,,,,,,,,,IVR_IVP,IVR-IVP_25AUG26_Report_2026-07-27.xlsx,IREDA,117.4,1.29,1.11,51738850,40725,0.08,0.95,34.95,-4.09,18.63 - 52.88,17.42 / 26.95 / 30.37,47.65,56.33,100.63,29.68,15.08,,,,,,,,,,,,,,,,,,,,,,,,,,,,,,
,,,,,,,,,,,,,,,,,,,IVR_IVP,IVR-IVP_25AUG26_Report_2026-07-27.xlsx,IRFC,87.25,0.69,0.8,60868500,81375,0.13,0.86,31.58,1.41,17.59 - 45.57,11.16 / 18.14 / 32.07,50,59.59,182.97,74.09,-1.53,,,,,,,,,,,,,,,,,,,,,,,,,,,,,,
,,,,,,,,,,,,,,,,,,,IVR_IVP,IVR-IVP_25AUG26_Report_2026-07-27.xlsx,ITC,288.85,3.5,1.23,102145875,814200,0.8,0.78,21.84,3.9,6.61 - 30.11,14.94 / 18.02 / 16.43,64.81,91.84,46.18,21.2,32.93,,,,,,,,,,,,,,,,,,,,,,,,,,,,,,
,,,,,,,,,,,,,,,,,,,IVR_IVP,IVR-IVP_25AUG26_Report_2026-07-27.xlsx,JINDALSTEL,1057.5,16.5,1.59,7295000,135625,1.89,0.54,29.83,-1.26,16.51 - 43.23,20.00 / 25.98 / 29.25,49.85,73.88,49.15,14.82,1.98,,,,,,,,,,,,,,,,,,,,,,,,,,,,,,
,,,,,,,,,,,,,,,,,,,IVR_IVP,IVR-IVP_25AUG26_Report_2026-07-27.xlsx,JIOFIN,237,1.46,0.62,109925950,296100,0.27,0.6,28.32,4.54,16.26 - 47.21,30.45 / 37.60 / 34.53,38.97,60,-7,-24.68,-17.98,,,,,,,,,,,,,,,,,,,,,,,,,,,,,,
,,,,,,,,,,,,,,,,,,,IVR_IVP,IVR-IVP_25AUG26_Report_2026-07-27.xlsx,JSWENERGY,555.6,0.45,0.08,15227375,41925,0.28,0.85,28.84,8.79,13.33 - 46.66,34.91 / 35.26 / 32.50,46.53,48.98,-17.39,-18.21,-11.26,,,,,,,,,,,,,,,,,,,,,,,,,,,,,,
,,,,,,,,,,,,,,,,,,,IVR_IVP,IVR-IVP_25AUG26_Report_2026-07-27.xlsx,JSWSTEEL,1248.2,-0.7,-0.06,31479300,24300,0.08,0.6,24.62,3.49,14.75 - 40.61,21.93 / 20.60 / 22.01,38.17,53.88,12.27,19.51,11.86,,,,,,,,,,,,,,,,,,,,,,,,,,,,,,
,,,,,,,,,,,,,,,,,,,IVR_IVP,IVR-IVP_25AUG26_Report_2026-07-27.xlsx,JUBLFOOD,421.95,5.55,1.33,12278750,-17500,-0.14,0.93,35.29,1.79,13.88 - 59.12,30.78 / 41.26 / 37.08,47.33,80.82,14.65,-14.47,-4.83,,,,,,,,,,,,,,,,,,,,,,,,,,,,,,
,,,,,,,,,,,,,,,,,,,IVR_IVP,IVR-IVP_25AUG26_Report_2026-07-27.xlsx,KALYANKJIL,580.9,4.45,0.77,17230050,64800,0.38,1.31,55.1,4.22,17.49 - 72.39,59.71 / 99.15 / 90.18,68.51,96.33,-7.72,-44.43,-38.9,,,,,,,,,,,,,,,,,,,,,,,,,,,,,,
,,,,,,,,,,,,,,,,,,,IVR_IVP,IVR-IVP_25AUG26_Report_2026-07-27.xlsx,KAYNES,3122.3,12.5,0.4,2375100,11550,0.49,1.01,56.24,18.62,19.42 - 91.42,30.43 / 50.99 / 49.38,51.14,90.61,84.82,10.3,13.89,,,,,,,,,,,,,,,,,,,,,,,,,,,,,,
,,,,,,,,,,,,,,,,,,,IVR_IVP,IVR-IVP_25AUG26_Report_2026-07-27.xlsx,KEI,4859,41.5,0.86,1856050,700,0.04,0.61,39.07,1.9,14.61 - 51.38,22.61 / 32.42 / 38.11,66.52,88.16,72.8,20.51,2.52,,,,,,,,,,,,,,,,,,,,,,,,,,,,,,
,,,,,,,,,,,,,,,,,,,IVR_IVP,IVR-IVP_25AUG26_Report_2026-07-27.xlsx,KFINTECH,877.15,24.7,2.9,3016450,74175,2.52,0.7,36.26,-0.03,18.49 - 90.49,34.85 / 35.17 / 36.31,24.68,55.92,4.05,3.1,-0.14,,,,,,,,,,,,,,,,,,,,,,,,,,,,,,
,,,,,,,,,,,,,,,,,,,IVR_IVP,IVR-IVP_25AUG26_Report_2026-07-27.xlsx,KOTAKBANK,389.5,2,0.52,128058000,138000,0.11,0.75,21.2,4.95,9.59 - 40.23,31.40 / 36.02 / 31.74,37.89,54.69,-32.48,-41.14,-33.21,,,,,,,,,,,,,,,,,,,,,,,,,,,,,,
,,,,,,,,,,,,,,,,,,,IVR_IVP,IVR-IVP_25AUG26_Report_2026-07-27.xlsx,KPITTECH,580,8.35,1.46,10140875,-775,-0.01,0.96,43.06,4.46,12.07 - 69.90,46.33 / 85.22 / 71.07,53.59,80,-7.06,-49.47,-39.41,,,,,,,,,,,,,,,,,,,,,,,,,,,,,,
,,,,,,,,,,,,,,,,,,,IVR_IVP,IVR-IVP_25AUG26_Report_2026-07-27.xlsx,LAURUSLABS,1657.7,45.3,2.81,12892800,325550,2.59,0.48,30.48,-3.21,14.20 - 46.75,26.79 / 33.84 / 32.77,50.02,64.49,13.77,-9.93,-6.99,,,,,,,,,,,,,,,,,,,,,,,,,,,,,,
,,,,,,,,,,,,,,,,,,,IVR_IVP,IVR-IVP_25AUG26_Report_2026-07-27.xlsx,LICHSGFIN,534.2,4.65,0.88,16951000,9000,0.05,0.63,29.56,3.43,11.15 - 45.09,16.40 / 22.95 / 25.82,54.24,85.71,80.24,28.8,14.48,,,,,,,,,,,,,,,,,,,,,,,,,,,,,,
,,,,,,,,,,,,,,,,,,,IVR_IVP,IVR-IVP_25AUG26_Report_2026-07-27.xlsx,LICI,422.25,5.8,1.39,12793200,-1400,-0.01,0.39,29.07,3.67,11.05 - 49.26,14.19 / 21.63 / 26.63,47.16,86.94,104.86,34.4,9.16,,,,,,,,,,,,,,,,,,,,,,,,,,,,,,
,,,,,,,,,,,,,,,,,,,IVR_IVP,IVR-IVP_25AUG26_Report_2026-07-27.xlsx,LODHA,1110.6,13.1,1.19,11222500,128750,1.16,0.73,38.92,0.36,19.11 - 64.99,37.42 / 50.73 / 46.16,43.18,78.78,4.01,-23.28,-15.68,,,,,,,,,,,,,,,,,,,,,,,,,,,,,,
,,,,,,,,,,,,,,,,,,,IVR_IVP,IVR-IVP_25AUG26_Report_2026-07-27.xlsx,LT,3834,21.5,0.56,7252175,43925,0.61,0.97,26.16,3.97,7.49 - 44.73,18.09 / 19.05 / 27.17,50.13,82.45,44.61,37.32,-3.72,,,,,,,,,,,,,,,,,,,,,,,,,,,,,,
,,,,,,,,,,,,,,,,,,,IVR_IVP,IVR-IVP_25AUG26_Report_2026-07-27.xlsx,LTF,306.35,6.75,2.25,38205000,87750,0.23,0.67,34.62,0.55,18.80 - 69.14,20.63 / 41.91 / 49.75,31.43,68.16,67.81,-17.39,-30.41,,,,,,,,,,,,,,,,,,,,,,,,,,,,,,
,,,,,,,,,,,,,,,,,,,IVR_IVP,IVR-IVP_25AUG26_Report_2026-07-27.xlsx,LTM,4124.2,37.1,0.91,2335800,9600,0.41,0.78,33.68,4.66,24.10 - 57.18,- / - / -,28.96,36.73,-,-,-,,,,,,,,,,,,,,,,,,,,,,,,,,,,,,
,,,,,,,,,,,,,,,,,,,IVR_IVP,IVR-IVP_25AUG26_Report_2026-07-27.xlsx,LUPIN,2414.7,29.9,1.25,3443350,10200,0.3,0.93,26.02,-2.73,12.85 - 37.30,34.09 / 32.61 / 28.70,53.87,75.92,-23.67,-20.21,-9.34,,,,,,,,,,,,,,,,,,,,,,,,,,,,,,
,,,,,,,,,,,,,,,,,,,IVR_IVP,IVR-IVP_25AUG26_Report_2026-07-27.xlsx,M&M,3205,30.1,0.95,9914600,41400,0.42,0.94,28.45,2.41,11.90 - 69.36,28.63 / 31.47 / 32.09,28.8,78.37,-0.63,-9.6,-11.34,,,,,,,,,,,,,,,,,,,,,,,,,,,,,,
,,,,,,,,,,,,,,,,,,,IVR_IVP,IVR-IVP_25AUG26_Report_2026-07-27.xlsx,MANAPPURAM,357.85,4.4,1.24,23739000,117000,0.5,0.45,37.76,-2.15,18.17 - 52.52,40.91 / 44.55 / 43.09,57.03,78.78,-7.7,-15.24,-12.37,,,,,,,,,,,,,,,,,,,,,,,,,,,,,,
,,,,,,,,,,,,,,,,,,,IVR_IVP,IVR-IVP_25AUG26_Report_2026-07-27.xlsx,MANKIND,2545.1,20.2,0.8,1848000,750,0.04,0.7,32.76,7.41,16.24 - 89.23,31.50 / 29.04 / 31.33,22.63,84.08,4,12.81,4.56,,,,,,,,,,,,,,,,,,,,,,,,,,,,,,
,,,,,,,,,,,,,,,,,,,IVR_IVP,IVR-IVP_25AUG26_Report_2026-07-27.xlsx,MARICO,860.5,6.7,0.78,9423600,18000,0.19,0.6,25.4,3.84,13.08 - 31.88,15.06 / 21.55 / 20.22,65.53,92.65,68.66,17.87,25.62,,,,,,,,,,,,,,,,,,,,,,,,,,,,,,
,,,,,,,,,,,,,,,,,,,IVR_IVP,IVR-IVP_25AUG26_Report_2026-07-27.xlsx,MARUTI,13495,118,0.88,1380850,15800,1.16,0.49,27.12,2.88,6.97 - 41.98,21.57 / 36.67 / 36.13,57.55,89.39,25.73,-26.04,-24.94,,,,,,,,,,,,,,,,,,,,,,,,,,,,,,
,,,,,,,,,,,,,,,,,,,IVR_IVP,IVR-IVP_25AUG26_Report_2026-07-27.xlsx,MAXHEALTH,1096.3,12.6,1.16,7355250,15750,0.21,1.06,27.27,0.81,16.74 - 60.69,16.92 / 27.64 / 35.20,23.96,53.47,61.17,-1.34,-22.53,,,,,,,,,,,,,,,,,,,,,,,,,,,,,,
,,,,,,,,,,,,,,,,,,,IVR_IVP,IVR-IVP_25AUG26_Report_2026-07-27.xlsx,MAZDOCK,2285,10.6,0.47,3502800,3600,0.1,0.93,34.69,2.12,13.38 - 82.60,15.60 / 28.49 / 29.93,30.79,54.29,122.37,21.76,15.9,,,,,,,,,,,,,,,,,,,,,,,,,,,,,,
,,,,,,,,,,,,,,,,,,,IVR_IVP,IVR-IVP_25AUG26_Report_2026-07-27.xlsx,MCX,2746.8,11.6,0.42,4549275,23400,0.52,0.92,38.85,3.05,15.54 - 62.68,39.93 / 49.09 / 42.90,49.45,65.31,-2.7,-20.86,-9.44,,,,,,,,,,,,,,,,,,,,,,,,,,,,,,
,,,,,,,,,,,,,,,,,,,IVR_IVP,IVR-IVP_25AUG26_Report_2026-07-27.xlsx,MFSL,1532.1,5.8,0.38,5168800,19200,0.37,1.41,22.26,-28.08,9.89 - 39.49,20.36 / 30.22 / 33.82,41.79,24.08,9.33,-26.34,-34.18,,,,,,,,,,,,,,,,,,,,,,,,,,,,,,
,,,,,,,,,,,,,,,,,,,IVR_IVP,IVR-IVP_25AUG26_Report_2026-07-27.xlsx,MIDCPNIFTY,14605,110.85,0.76,1271040,-1560,-0.12,1,16.06,-0.93,9.53 - 42.98,13.08 / 15.44 / 16.98,19.52,46.94,22.78,4.02,-5.42,,,,,,,,,,,,,,,,,,,,,,,,,,,,,,
,,,,,,,,,,,,,,,,,,,IVR_IVP,IVR-IVP_25AUG26_Report_2026-07-27.xlsx,MOTHERSON,147.67,1.38,0.94,70097700,141450,0.2,0.68,36.37,4.87,18.24 - 54.43,18.83 / 19.91 / 28.82,50.1,71.02,93.15,82.67,26.2,,,,,,,,,,,,,,,,,,,,,,,,,,,,,,
,,,,,,,,,,,,,,,,,,,IVR_IVP,IVR-IVP_25AUG26_Report_2026-07-27.xlsx,MOTILALOFS,874.15,-1.6,-0.18,4991000,137950,2.84,0.59,35.31,0.46,22.84 - 53.32,46.09 / 46.78 / 50.13,40.91,42.31,-23.39,-24.52,-29.56,,,,,,,,,,,,,,,,,,,,,,,,,,,,,,
,,,,,,,,,,,,,,,,,,,IVR_IVP,IVR-IVP_25AUG26_Report_2026-07-27.xlsx,MPHASIS,2339.9,36.6,1.59,2939200,14025,0.48,0.59,32.05,2.96,18.02 - 52.99,43.48 / 52.56 / 44.87,40.12,52.65,-26.29,-39.02,-28.57,,,,,,,,,,,,,,,,,,,,,,,,,,,,,,
,,,,,,,,,,,,,,,,,,,IVR_IVP,IVR-IVP_25AUG26_Report_2026-07-27.xlsx,MUTHOOTFIN,3048.8,44.1,1.47,4785825,2200,0.05,0.51,36.8,3.52,11.92 - 66.80,27.90 / 33.68 / 41.01,45.34,80.82,31.9,9.26,-10.27,,,,,,,,,,,,,,,,,,,,,,,,,,,,,,
,,,,,,,,,,,,,,,,,,,IVR_IVP,IVR-IVP_25AUG26_Report_2026-07-27.xlsx,NAM-INDIA,1122,15.3,1.38,5318125,625,0.01,0.7,31.64,0.32,23.39 - 77.66,39.39 / 41.03 / 42.01,15.2,7.76,-19.68,-22.89,-24.68,,,,,,,,,,,,,,,,,,,,,,,,,,,,,,
,,,,,,,,,,,,,,,,,,,IVR_IVP,IVR-IVP_25AUG26_Report_2026-07-27.xlsx,NATIONALUM,346.3,0.1,0.03,26660625,93750,0.35,0.9,37.93,3.95,17.37 - 66.87,35.10 / 42.54 / 48.04,41.54,76.73,8.06,-10.84,-21.04,,,,,,,,,,,,,,,,,,,,,,,,,,,,,,
,,,,,,,,,,,,,,,,,,,IVR_IVP,IVR-IVP_25AUG26_Report_2026-07-27.xlsx,NAUKRI,1184.85,15.25,1.3,9865900,43450,0.44,0.47,32.68,-3.83,15.66 - 47.35,23.11 / 60.69 / 53.36,53.71,65.31,41.41,-46.15,-38.76,,,,,,,,,,,,,,,,,,,,,,,,,,,,,,
,,,,,,,,,,,,,,,,,,,IVR_IVP,IVR-IVP_25AUG26_Report_2026-07-27.xlsx,NBCC,95.61,1.31,1.39,48308000,442000,0.92,0.71,40.79,5.65,21.65 - 80.34,28.55 / 34.89 / 39.23,32.61,68.98,42.87,16.91,3.98,,,,,,,,,,,,,,,,,,,,,,,,,,,,,,
,,,,,,,,,,,,,,,,,,,IVR_IVP,IVR-IVP_25AUG26_Report_2026-07-27.xlsx,NESTLEIND,1462.8,12.7,0.88,6510500,9500,0.15,0.48,21.44,2,10.62 - 38.91,30.84 / 28.77 / 27.99,38.25,68.57,-30.48,-25.48,-23.4,,,,,,,,,,,,,,,,,,,,,,,,,,,,,,
,,,,,,,,,,,,,,,,,,,IVR_IVP,IVR-IVP_25AUG26_Report_2026-07-27.xlsx,NHPC,78.05,-0.01,-0.01,106383650,194600,0.18,0.82,30.42,9.03,13.23 - 53.10,18.38 / 22.71 / 24.67,43.12,74.69,65.51,33.95,23.31,,,,,,,,,,,,,,,,,,,,,,,,,,,,,,
,,,,,,,,,,,,,,,,,,,IVR_IVP,IVR-IVP_25AUG26_Report_2026-07-27.xlsx,NIFTY,23990.4,115.8,0.49,8206250,20345,0.25,1.05,13,-1.89,5.90 - 34.26,10.23 / 14.03 / 15.13,25.04,69.39,27.08,-7.34,-14.08,,,,,,,,,,,,,,,,,,,,,,,,,,,,,,
,,,,,,,,,,,,,,,,,,,IVR_IVP,IVR-IVP_25AUG26_Report_2026-07-27.xlsx,NIFTYNXT50,72600,505.8,0.7,8825,50,0.57,-,-,-,9.05 - 31.76,9.70 / 14.18 / 17.65,-,-,-,-,-,,,,,,,,,,,,,,,,,,,,,,,,,,,,,,
,,,,,,,,,,,,,,,,,,,IVR_IVP,IVR-IVP_25AUG26_Report_2026-07-27.xlsx,NMDC,84.41,0.48,0.57,227515500,81000,0.04,0.99,27.35,4.99,13.00 - 48.01,16.43 / 15.79 / 22.40,40.99,46.53,66.46,73.21,22.1,,,,,,,,,,,,,,,,,,,,,,,,,,,,,,
,,,,,,,,,,,,,,,,,,,IVR_IVP,IVR-IVP_25AUG26_Report_2026-07-27.xlsx,NTPC,351.65,2.55,0.73,51556500,376500,0.74,0.79,21.62,0.65,6.73 - 36.84,20.42 / 17.99 / 21.19,49.45,83.27,5.88,20.18,2.03,,,,,,,,,,,,,,,,,,,,,,,,,,,,,,
,,,,,,,,,,,,,,,,,,,IVR_IVP,IVR-IVP_25AUG26_Report_2026-07-27.xlsx,NYKAA,326.65,1.75,0.54,31096875,50000,0.16,1.12,36.67,21.75,15.47 - 51.48,18.04 / 23.50 / 34.67,58.87,91.84,103.27,56.04,5.77,,,,,,,,,,,,,,,,,,,,,,,,,,,,,,
,,,,,,,,,,,,,,,,,,,IVR_IVP,IVR-IVP_25AUG26_Report_2026-07-27.xlsx,OBEROIRLTY,1818,8.3,0.46,4336150,12250,0.28,0.58,31.75,14.41,14.15 - 45.00,21.63 / 34.36 / 32.58,57.05,76.73,46.79,-7.6,-2.55,,,,,,,,,,,,,,,,,,,,,,,,,,,,,,
,,,,,,,,,,,,,,,,,,,IVR_IVP,IVR-IVP_25AUG26_Report_2026-07-27.xlsx,OFSS,10904,222,2.08,1078000,-700,-0.06,0.63,39.42,2.02,13.10 - 74.39,42.50 / 40.96 / 44.00,42.94,84.49,-7.25,-3.76,-10.41,,,,,,,,,,,,,,,,,,,,,,,,,,,,,,
,,,,,,,,,,,,,,,,,,,IVR_IVP,IVR-IVP_25AUG26_Report_2026-07-27.xlsx,OIL,435,-11.35,-2.54,12913600,71400,0.56,0.85,29.52,4.31,14.18 - 47.82,39.94 / 30.46 / 30.21,45.6,50.2,-26.09,-3.09,-2.28,,,,,,,,,,,,,,,,,,,,,,,,,,,,,,
,,,,,,,,,,,,,,,,,,,IVR_IVP,IVR-IVP_25AUG26_Report_2026-07-27.xlsx,ONGC,246.05,-3.45,-1.38,34080750,252000,0.74,0.64,25.96,14.36,5.62 - 98.39,15.56 / 17.04 / 22.93,21.93,82.04,66.84,52.35,13.21,,,,,,,,,,,,,,,,,,,,,,,,,,,,,,
,,,,,,,,,,,,,,,,,,,IVR_IVP,IVR-IVP_25AUG26_Report_2026-07-27.xlsx,PAGEIND,40340,20,0.05,183740,240,0.13,0.78,29.28,-8.96,16.49 - 50.83,18.94 / 35.55 / 33.35,37.25,73.88,54.59,-17.64,-12.2,,,,,,,,,,,,,,,,,,,,,,,,,,,,,,
,,,,,,,,,,,,,,,,,,,IVR_IVP,IVR-IVP_25AUG26_Report_2026-07-27.xlsx,PATANJALI,345.95,3,0.87,20900150,20425,0.1,0.6,37.45,5.61,13.61 - 78.80,88.57 / 64.01 / 53.20,36.57,89.8,-57.72,-41.49,-29.61,,,,,,,,,,,,,,,,,,,,,,,,,,,,,,
,,,,,,,,,,,,,,,,,,,IVR_IVP,IVR-IVP_25AUG26_Report_2026-07-27.xlsx,PAYTM,1288.1,-2.5,-0.19,11588400,27550,0.24,0.55,39.82,5.2,14.24 - 58.75,37.88 / 47.53 / 46.62,57.47,84.49,5.12,-16.22,-14.59,,,,,,,,,,,,,,,,,,,,,,,,,,,,,,
,,,,,,,,,,,,,,,,,,,IVR_IVP,IVR-IVP_25AUG26_Report_2026-07-27.xlsx,PERSISTENT,5273,88,1.7,3021250,10625,0.35,0.94,40.44,4.39,15.89 - 64.18,40.45 / 68.52 / 58.72,50.84,81.63,-0.02,-40.98,-31.13,,,,,,,,,,,,,,,,,,,,,,,,,,,,,,
,,,,,,,,,,,,,,,,,,,IVR_IVP,IVR-IVP_25AUG26_Report_2026-07-27.xlsx,PETRONET,277,1.25,0.45,19431300,81700,0.42,0.89,25.55,-4.31,10.66 - 64.00,29.74 / 27.47 / 32.77,27.92,49.8,-14.09,-6.99,-22.03,,,,,,,,,,,,,,,,,,,,,,,,,,,,,,
,,,,,,,,,,,,,,,,,,,IVR_IVP,IVR-IVP_25AUG26_Report_2026-07-27.xlsx,PFC,411.05,1.55,0.38,26218400,89700,0.34,0.85,27.46,0.73,13.77 - 46.37,19.55 / 22.29 / 24.21,41.99,62.04,40.46,23.19,13.42,,,,,,,,,,,,,,,,,,,,,,,,,,,,,,
,,,,,,,,,,,,,,,,,,,IVR_IVP,IVR-IVP_25AUG26_Report_2026-07-27.xlsx,PGEL,583.75,8.1,1.41,5717100,140600,2.52,0.69,47.5,4.24,18.96 - 75.34,46.97 / 43.01 / 49.14,50.62,76.73,1.13,10.44,-3.34,,,,,,,,,,,,,,,,,,,,,,,,,,,,,,
,,,,,,,,,,,,,,,,,,,IVR_IVP,IVR-IVP_25AUG26_Report_2026-07-27.xlsx,PHOENIXLTD,2044.6,20,0.99,2504250,3150,0.13,0.75,35.14,8.02,14.42 - 106.79,18.82 / 34.98 / 35.79,22.43,93.47,86.72,0.46,-1.82,,,,,,,,,,,,,,,,,,,,,,,,,,,,,,
,,,,,,,,,,,,,,,,,,,IVR_IVP,IVR-IVP_25AUG26_Report_2026-07-27.xlsx,PIDILITIND,1601.1,18.2,1.15,4365000,21500,0.49,0.68,25.75,1.94,12.70 - 34.64,25.81 / 25.30 / 24.18,59.48,80.82,-0.23,1.78,6.49,,,,,,,,,,,,,,,,,,,,,,,,,,,,,,
,,,,,,,,,,,,,,,,,,,IVR_IVP,IVR-IVP_25AUG26_Report_2026-07-27.xlsx,PIIND,2721.6,24.2,0.9,2264325,3325,0.15,1.03,32.08,1.33,15.83 - 60.92,27.04 / 33.53 / 30.76,36.04,79.59,18.64,-4.32,4.29,,,,,,,,,,,,,,,,,,,,,,,,,,,,,,
,,,,,,,,,,,,,,,,,,,IVR_IVP,IVR-IVP_25AUG26_Report_2026-07-27.xlsx,PNB,112.08,0.94,0.85,207152000,912000,0.44,0.77,27.59,4.98,13.10 - 49.10,37.64 / 33.73 / 29.20,40.25,62.86,-26.7,-18.2,-5.51,,,,,,,,,,,,,,,,,,,,,,,,,,,,,,
,,,,,,,,,,,,,,,,,,,IVR_IVP,IVR-IVP_25AUG26_Report_2026-07-27.xlsx,PNBHOUSING,1063.5,7.1,0.67,4416100,5200,0.12,1.19,31.88,7.16,17.31 - 90.49,19.54 / 28.75 / 29.85,19.91,51.84,63.15,10.89,6.8,,,,,,,,,,,,,,,,,,,,,,,,,,,,,,
,,,,,,,,,,,,,,,,,,,IVR_IVP,IVR-IVP_25AUG26_Report_2026-07-27.xlsx,POLICYBZR,1551,4.6,0.3,6180300,12950,0.21,1.26,39.77,4.82,13.79 - 49.94,32.98 / 39.15 / 37.74,71.87,81.22,20.59,1.58,5.38,,,,,,,,,,,,,,,,,,,,,,,,,,,,,,
,,,,,,,,,,,,,,,,,,,IVR_IVP,IVR-IVP_25AUG26_Report_2026-07-27.xlsx,POLYCAB,9038,70.5,0.79,1560000,5375,0.35,0.59,27.76,2.55,13.83 - 43.96,37.32 / 34.88 / 34.04,46.23,66.12,-25.62,-20.41,-18.45,,,,,,,,,,,,,,,,,,,,,,,,,,,,,,
,,,,,,,,,,,,,,,,,,,IVR_IVP,IVR-IVP_25AUG26_Report_2026-07-27.xlsx,POWERGRID,290.25,1,0.35,25642400,70300,0.27,1.17,21.59,5.63,10.36 - 40.04,20.41 / 17.36 / 18.07,37.84,71.02,5.78,24.37,19.48,,,,,,,,,,,,,,,,,,,,,,,,,,,,,,
,,,,,,,,,,,,,,,,,,,IVR_IVP,IVR-IVP_25AUG26_Report_2026-07-27.xlsx,POWERINDIA,31295,0,0,334900,1425,0.43,1.11,45,4.48,17.79 - 124.75,49.03 / 56.40 / 54.23,25.44,84.5,-8.22,-20.21,-17.02,,,,,,,,,,,,,,,,,,,,,,,,,,,,,,
,,,,,,,,,,,,,,,,,,,IVR_IVP,IVR-IVP_25AUG26_Report_2026-07-27.xlsx,PREMIERENE,1027,8.1,0.79,4870450,3250,0.07,0.59,29.26,-14.62,22.48 - 60.65,24.87 / 35.61 / 32.27,17.76,5.76,17.65,-17.83,-9.33,,,,,,,,,,,,,,,,,,,,,,,,,,,,,,
,,,,,,,,,,,,,,,,,,,IVR_IVP,IVR-IVP_25AUG26_Report_2026-07-27.xlsx,PRESTIGE,1630.9,26.2,1.63,3417300,51750,1.54,0.57,38.26,-9.68,14.99 - 51.78,38.45 / 44.23 / 46.26,63.25,83.27,-0.49,-13.5,-17.29,,,,,,,,,,,,,,,,,,,,,,,,,,,,,,
,,,,,,,,,,,,,,,,,,,IVR_IVP,IVR-IVP_25AUG26_Report_2026-07-27.xlsx,RADICO,4159,44.6,1.08,348750,1050,0.3,0.37,46.54,29.13,16.53 - 39.17,20.00 / 30.17 / 30.03,100,100,132.7,54.26,54.98,,,,,,,,,,,,,,,,,,,,,,,,,,,,,,
,,,,,,,,,,,,,,,,,,,IVR_IVP,IVR-IVP_25AUG26_Report_2026-07-27.xlsx,RBLBANK,360.3,5.3,1.49,26689050,231775,0.88,0.71,33.74,-0.68,15.75 - 90.36,26.01 / 40.51 / 37.12,24.11,64.9,29.72,-16.71,-9.11,,,,,,,,,,,,,,,,,,,,,,,,,,,,,,
,,,,,,,,,,,,,,,,,,,IVR_IVP,IVR-IVP_25AUG26_Report_2026-07-27.xlsx,RECLTD,359.1,1.2,0.34,23692725,94500,0.4,0.84,22.52,1.62,15.03 - 44.52,19.52 / 22.11 / 27.60,25.4,18.78,15.37,1.85,-18.41,,,,,,,,,,,,,,,,,,,,,,,,,,,,,,
,,,,,,,,,,,,,,,,,,,IVR_IVP,IVR-IVP_25AUG26_Report_2026-07-27.xlsx,RELIANCE,1290,3.9,0.3,64438500,390500,0.61,0.8,21.77,4.26,8.02 - 29.53,21.42 / 23.37 / 23.56,63.92,63.27,1.63,-6.85,-7.6,,,,,,,,,,,,,,,,,,,,,,,,,,,,,,
,,,,,,,,,,,,,,,,,,,IVR_IVP,IVR-IVP_25AUG26_Report_2026-07-27.xlsx,RVNL,224.68,2.63,1.18,23481150,-9625,-0.04,0.99,37.85,1.99,18.29 - 68.17,13.73 / 23.17 / 30.91,39.21,51.02,175.67,63.36,22.45,,,,,,,,,,,,,,,,,,,,,,,,,,,,,,
,,,,,,,,,,,,,,,,,,,IVR_IVP,IVR-IVP_25AUG26_Report_2026-07-27.xlsx,SAIL,163.65,1.12,0.69,90291700,239700,0.27,0.56,38.3,2.02,16.62 - 80.83,12.05 / 27.10 / 28.36,33.76,79.59,217.84,41.33,35.05,,,,,,,,,,,,,,,,,,,,,,,,,,,,,,
,,,,,,,,,,,,,,,,,,,IVR_IVP,IVR-IVP_25AUG26_Report_2026-07-27.xlsx,SBICARD,628.05,14.05,2.29,17994400,44000,0.25,0.75,29.96,-6.84,14.30 - 62.50,32.33 / 36.86 / 39.13,32.49,73.06,-7.33,-18.72,-23.43,,,,,,,,,,,,,,,,,,,,,,,,,,,,,,
,,,,,,,,,,,,,,,,,,,IVR_IVP,IVR-IVP_25AUG26_Report_2026-07-27.xlsx,SBILIFE,1865,-2,-0.11,5440875,10125,0.19,0.77,22.56,-2.13,8.10 - 40.80,26.17 / 27.01 / 26.42,44.22,75.1,-13.79,-16.48,-14.61,,,,,,,,,,,,,,,,,,,,,,,,,,,,,,
,,,,,,,,,,,,,,,,,,,IVR_IVP,IVR-IVP_25AUG26_Report_2026-07-27.xlsx,SBIN,1027.5,5.7,0.56,51782250,146250,0.28,0.89,25.74,2.18,9.74 - 37.31,26.32 / 24.15 / 23.25,58.03,81.63,-2.2,6.58,10.71,,,,,,,,,,,,,,,,,,,,,,,,,,,,,,
,,,,,,,,,,,,,,,,,,,IVR_IVP,IVR-IVP_25AUG26_Report_2026-07-27.xlsx,SENSEX,76903.75,334.9,0.44,23880,40,0.17,0.87,13.26,-1.85,7.66 - 41.34,11.77 / 14.80 / 16.42,16.63,63.27,12.66,-10.41,-19.24,,,,,,,,,,,,,,,,,,,,,,,,,,,,,,
,,,,,,,,,,,,,,,,,,,IVR_IVP,IVR-IVP_25AUG26_Report_2026-07-27.xlsx,SHREECEM,26500,-95,-0.36,214375,250,0.12,0.89,26.48,4.5,11.81 - 42.75,26.90 / 30.42 / 31.53,47.41,70.61,-1.56,-12.95,-16.02,,,,,,,,,,,,,,,,,,,,,,,,,,,,,,
,,,,,,,,,,,,,,,,,,,IVR_IVP,IVR-IVP_25AUG26_Report_2026-07-27.xlsx,SHRIRAMFIN,1010.8,-1.1,-0.11,19645725,396825,2.06,0.46,33.97,1.4,18.47 - 56.96,37.90 / 36.56 / 44.37,40.27,71.02,-10.37,-7.08,-23.44,,,,,,,,,,,,,,,,,,,,,,,,,,,,,,
,,,,,,,,,,,,,,,,,,,IVR_IVP,IVR-IVP_25AUG26_Report_2026-07-27.xlsx,SIEMENS,3684.4,23.2,0.63,2667175,7525,0.28,0.66,36.42,2.19,14.00 - 71.99,18.78 / 22.35 / 26.30,38.66,82.45,93.93,62.95,38.48,,,,,,,,,,,,,,,,,,,,,,,,,,,,,,
,,,,,,,,,,,,,,,,,,,IVR_IVP,IVR-IVP_25AUG26_Report_2026-07-27.xlsx,SOLARINDS,18630,23,0.12,468100,1300,0.28,0.87,35.7,7.66,8.66 - 57.71,23.19 / 39.73 / 38.85,55.13,73.47,53.95,-10.14,-8.11,,,,,,,,,,,,,,,,,,,,,,,,,,,,,,
,,,,,,,,,,,,,,,,,,,IVR_IVP,IVR-IVP_25AUG26_Report_2026-07-27.xlsx,SONACOMS,718.6,1.25,0.17,8169525,24500,0.3,0.52,32.46,6.81,20.66 - 97.30,28.30 / 35.85 / 30.04,15.4,43.27,14.7,-9.46,8.06,,,,,,,,,,,,,,,,,,,,,,,,,,,,,,
,,,,,,,,,,,,,,,,,,,IVR_IVP,IVR-IVP_25AUG26_Report_2026-07-27.xlsx,SRF,2665.9,16.8,0.63,3256600,6200,0.19,0.41,29.1,4.19,12.58 - 53.21,65.33 / 52.53 / 44.93,40.66,73.47,-55.46,-44.6,-35.23,,,,,,,,,,,,,,,,,,,,,,,,,,,,,,
,,,,,,,,,,,,,,,,,,,IVR_IVP,IVR-IVP_25AUG26_Report_2026-07-27.xlsx,SUNPHARMA,1951,2.2,0.11,9681350,10150,0.1,0.81,23.29,5.77,8.21 - 34.78,15.65 / 18.39 / 16.34,56.76,91.43,48.82,26.64,42.53,,,,,,,,,,,,,,,,,,,,,,,,,,,,,,
,,,,,,,,,,,,,,,,,,,IVR_IVP,IVR-IVP_25AUG26_Report_2026-07-27.xlsx,SUPREMEIND,3507,23.6,0.68,1569400,3675,0.23,0.86,29.49,1.38,17.47 - 62.87,30.63 / 42.14 / 38.84,26.48,51.43,-3.72,-30.02,-24.07,,,,,,,,,,,,,,,,,,,,,,,,,,,,,,
,,,,,,,,,,,,,,,,,,,IVR_IVP,IVR-IVP_25AUG26_Report_2026-07-27.xlsx,SUZLON,52.7,0.24,0.46,289509200,584200,0.2,0.55,41.63,4,10.07 - 87.65,19.62 / 26.32 / 32.51,40.68,81.33,112.18,58.17,28.05,,,,,,,,,,,,,,,,,,,,,,,,,,,,,,
,,,,,,,,,,,,,,,,,,,IVR_IVP,IVR-IVP_25AUG26_Report_2026-07-27.xlsx,SWIGGY,253.29,4.81,1.94,36728125,359525,0.99,0.72,47.29,8.79,27.67 - 52.28,48.05 / 60.78 / 53.97,79.72,87.77,-1.58,-22.19,-12.38,,,,,,,,,,,,,,,,,,,,,,,,,,,,,,
,,,,,,,,,,,,,,,,,,,IVR_IVP,IVR-IVP_25AUG26_Report_2026-07-27.xlsx,TATACONSUM,1122.8,28.4,2.6,10964800,235950,2.2,0.66,25.69,-1.8,15.48 - 41.34,19.47 / 27.99 / 27.79,39.48,79.18,31.95,-8.22,-7.56,,,,,,,,,,,,,,,,,,,,,,,,,,,,,,
,,,,,,,,,,,,,,,,,,,IVR_IVP,IVR-IVP_25AUG26_Report_2026-07-27.xlsx,TATAELXSI,3512.1,14.4,0.41,2521125,2750,0.11,0.62,34.71,1.34,14.13 - 58.57,54.99 / 51.94 / 43.87,46.31,67.35,-36.88,-33.17,-20.88,,,,,,,,,,,,,,,,,,,,,,,,,,,,,,
,,,,,,,,,,,,,,,,,,,IVR_IVP,IVR-IVP_25AUG26_Report_2026-07-27.xlsx,TATAPOWER,378,1.4,0.37,28849200,68150,0.24,0.67,25.73,2.76,12.26 - 41.75,17.39 / 19.58 / 21.16,45.68,70.2,47.96,31.41,21.6,,,,,,,,,,,,,,,,,,,,,,,,,,,,,,
,,,,,,,,,,,,,,,,,,,IVR_IVP,IVR-IVP_25AUG26_Report_2026-07-27.xlsx,TATASTEEL,185.42,1.44,0.78,108834000,885500,0.82,0.87,28.15,3.61,10.03 - 42.90,18.22 / 19.82 / 20.68,55.13,71.02,54.5,42.03,36.12,,,,,,,,,,,,,,,,,,,,,,,,,,,,,,
,,,,,,,,,,,,,,,,,,,IVR_IVP,IVR-IVP_25AUG26_Report_2026-07-27.xlsx,TCS,2282.1,28,1.24,25587000,52650,0.21,0.99,26.09,2.51,10.28 - 37.75,39.33 / 41.50 / 39.98,57.55,68.16,-33.66,-37.13,-34.74,,,,,,,,,,,,,,,,,,,,,,,,,,,,,,
,,,,,,,,,,,,,,,,,,,IVR_IVP,IVR-IVP_25AUG26_Report_2026-07-27.xlsx,TECHM,1575,16.3,1.05,13768800,96000,0.7,0.42,26.56,1.88,9.15 - 40.19,33.89 / 38.40 / 38.01,56.09,56.33,-21.63,-30.83,-30.12,,,,,,,,,,,,,,,,,,,,,,,,,,,,,,
,,,,,,,,,,,,,,,,,,,IVR_IVP,IVR-IVP_25AUG26_Report_2026-07-27.xlsx,TIINDIA,2818,29.2,1.05,1353200,21000,1.58,1.1,37.83,1.23,15.40 - 51.23,22.48 / 28.92 / 37.36,62.6,84.49,68.28,30.81,1.26,,,,,,,,,,,,,,,,,,,,,,,,,,,,,,
,,,,,,,,,,,,,,,,,,,IVR_IVP,IVR-IVP_25AUG26_Report_2026-07-27.xlsx,TITAN,4720.9,11.2,0.24,3688475,11725,0.32,0.98,23.53,2.84,7.46 - 38.76,10.45 / 19.76 / 23.79,51.34,72.65,125.17,19.08,-1.09,,,,,,,,,,,,,,,,,,,,,,,,,,,,,,
,,,,,,,,,,,,,,,,,,,IVR_IVP,IVR-IVP_25AUG26_Report_2026-07-27.xlsx,TMPV,328.6,2.5,0.77,49120000,248000,0.51,0.92,35.94,3.78,15.47 - 44.77,23.13 / 27.20 / 40.66,69.86,83.24,55.38,32.13,-11.61,,,,,,,,,,,,,,,,,,,,,,,,,,,,,,
,,,,,,,,,,,,,,,,,,,IVR_IVP,IVR-IVP_25AUG26_Report_2026-07-27.xlsx,TORNTPHARM,4935.2,25,0.51,3736875,3125,0.08,0.69,30.44,6.36,10.90 - 56.54,46.56 / 35.95 / 30.73,42.81,89.8,-34.62,-15.33,-0.94,,,,,,,,,,,,,,,,,,,,,,,,,,,,,,
,,,,,,,,,,,,,,,,,,,IVR_IVP,IVR-IVP_25AUG26_Report_2026-07-27.xlsx,TRENT,2896.4,13.5,0.47,9573750,13725,0.14,0.87,33.4,4.08,16.48 - 59.18,21.98 / 56.46 / 58.31,39.63,81.22,51.96,-40.84,-42.72,,,,,,,,,,,,,,,,,,,,,,,,,,,,,,
,,,,,,,,,,,,,,,,,,,IVR_IVP,IVR-IVP_25AUG26_Report_2026-07-27.xlsx,TVSMOTOR,3893,9.5,0.24,9589125,19250,0.2,0.63,27.42,3.16,14.16 - 41.67,44.28 / 40.04 / 38.13,48.2,71.84,-38.08,-31.52,-28.09,,,,,,,,,,,,,,,,,,,,,,,,,,,,,,
,,,,,,,,,,,,,,,,,,,IVR_IVP,IVR-IVP_25AUG26_Report_2026-07-27.xlsx,ULTRACEMCO,11865,-27,-0.23,1167100,11300,0.98,0.52,22.7,10.41,12.30 - 47.01,26.56 / 26.78 / 26.34,29.96,66.94,-14.53,-15.24,-13.82,,,,,,,,,,,,,,,,,,,,,,,,,,,,,,
,,,,,,,,,,,,,,,,,,,IVR_IVP,IVR-IVP_25AUG26_Report_2026-07-27.xlsx,UNIONBANK,173.7,2.32,1.35,91035525,203550,0.22,0.85,31.72,2.16,12.77 - 48.98,44.74 / 51.76 / 44.50,52.33,57.55,-29.1,-38.72,-28.72,,,,,,,,,,,,,,,,,,,,,,,,,,,,,,
,,,,,,,,,,,,,,,,,,,IVR_IVP,IVR-IVP_25AUG26_Report_2026-07-27.xlsx,UNITDSPR,1489.4,10.9,0.74,6016800,23600,0.39,0.75,23.66,8.48,16.23 - 37.59,25.27 / 30.12 / 30.07,34.78,59.59,-6.37,-21.45,-21.32,,,,,,,,,,,,,,,,,,,,,,,,,,,,,,
,,,,,,,,,,,,,,,,,,,IVR_IVP,IVR-IVP_25AUG26_Report_2026-07-27.xlsx,UNOMINDA,1150.9,20.1,1.78,3658050,20350,0.56,1.13,36.92,-4.65,13.16 - 45.98,18.42 / 28.24 / 36.70,72.39,80,100.43,30.74,0.6,,,,,,,,,,,,,,,,,,,,,,,,,,,,,,
,,,,,,,,,,,,,,,,,,,IVR_IVP,IVR-IVP_25AUG26_Report_2026-07-27.xlsx,UPL,610.85,4.6,0.76,19739640,33875,0.17,0.99,31.85,4.91,13.55 - 62.38,37.92 / 42.75 / 37.07,37.48,81.22,-16.01,-25.5,-14.08,,,,,,,,,,,,,,,,,,,,,,,,,,,,,,
,,,,,,,,,,,,,,,,,,,IVR_IVP,IVR-IVP_25AUG26_Report_2026-07-27.xlsx,VBL,458.35,-0.7,-0.15,32865675,147900,0.45,0.44,33.27,5.62,12.54 - 58.48,17.36 / 26.77 / 29.50,45.12,82.86,91.65,24.28,12.78,,,,,,,,,,,,,,,,,,,,,,,,,,,,,,
,,,,,,,,,,,,,,,,,,,IVR_IVP,IVR-IVP_25AUG26_Report_2026-07-27.xlsx,VEDL,266.9,1.05,0.39,22970100,146050,0.64,0.78,36.12,6.55,0.41 - 51.01,33.50 / 33.92 / 42.89,70.57,60.82,7.82,6.49,-15.78,,,,,,,,,,,,,,,,,,,,,,,,,,,,,,
,,,,,,,,,,,,,,,,,,,IVR_IVP,IVR-IVP_25AUG26_Report_2026-07-27.xlsx,VMM,109.3,1.29,1.19,32543500,29100,0.09,0.49,31.83,-11.11,25.31 - 62.92,26.54 / 32.16 / 31.09,17.34,30.77,19.93,-1.03,2.38,,,,,,,,,,,,,,,,,,,,,,,,,,,,,,
,,,,,,,,,,,,,,,,,,,IVR_IVP,IVR-IVP_25AUG26_Report_2026-07-27.xlsx,VOLTAS,1338,2.9,0.22,5719875,9750,0.17,1.36,33,-0.66,16.09 - 53.68,43.91 / 34.70 / 32.57,44.99,71.43,-24.85,-4.9,1.32,,,,,,,,,,,,,,,,,,,,,,,,,,,,,,
,,,,,,,,,,,,,,,,,,,IVR_IVP,IVR-IVP_25AUG26_Report_2026-07-27.xlsx,WAAREEENER,2710.6,26,0.97,5470500,14525,0.27,1.29,38.13,2.23,20.66 - 65.89,24.22 / 31.25 / 28.19,38.62,48.2,57.43,22.02,35.26,,,,,,,,,,,,,,,,,,,,,,,,,,,,,,
,,,,,,,,,,,,,,,,,,,IVR_IVP,IVR-IVP_25AUG26_Report_2026-07-27.xlsx,WIPRO,173.2,0.91,0.53,209685000,1122000,0.54,0.74,26.74,2.61,13.16 - 41.85,21.98 / 24.43 / 24.52,47.33,58.37,21.66,9.46,9.05,,,,,,,,,,,,,,,,,,,,,,,,,,,,,,
,,,,,,,,,,,,,,,,,,,IVR_IVP,IVR-IVP_25AUG26_Report_2026-07-27.xlsx,YESBANK,23.2,0.11,0.48,617988100,1866000,0.3,0.55,27.72,4.96,11.97 - 43.39,21.21 / 27.18 / 35.81,50.13,45.31,30.69,1.99,-22.59,,,,,,,,,,,,,,,,,,,,,,,,,,,,,,
,,,,,,,,,,,,,,,,,,,IVR_IVP,IVR-IVP_25AUG26_Report_2026-07-27.xlsx,ZYDUSLIFE,1122,6.8,0.61,7659900,11700,0.15,0.81,29.61,7.99,13.77 - 38.88,20.85 / 25.06 / 24.89,63.08,92.24,42.01,18.16,18.96,,,,,,,,,,,,,,,,,,,,,,,,,,,,,,
PREMIERENE,,,,,,8.1,,,,,,,,,,,,,RESISTANCE,Resistance_25AUG26_Scan_27_7_2026 (1).xlsx,,,,,,,,,,,,,,,,,,1027.0,0.79,7493.0,5.0,0.07,0.59,1000.0,56.0,0.0,0.0,,2.7,LB,,,,,,,,,,,,,,,,,
VEDL,,,,,,1.05,,,,,,,,,,,,,RESISTANCE,Resistance_25AUG26_Scan_27_7_2026 (1).xlsx,,,,,,,,,,,,,,,,,,266.9,0.39,19974.0,127.0,0.64,0.78,260.0,2499.0,0.0,2616.0,4.0,2.65,LB,,,,,,,,,,,,,,,,,
BHEL,,,,,,1.05,,,,,,,,,,,,,RESISTANCE,Resistance_25AUG26_Scan_27_7_2026 (1).xlsx,,,,,,,,,,,,,,,,,,420.6,0.25,18322.0,23.0,0.13,0.54,410.0,923.0,0.0,351.0,2.0,2.59,LB,,,,,,,,,,,,,,,,,
360ONE,,,,,,17.9,,,,,,,,,,,,,RESISTANCE,Resistance_25AUG26_Scan_27_7_2026 (1).xlsx,,,,,,,,,,,,,,,,,,1123.9,1.62,6563.0,69.0,1.06,0.54,1100.0,196.0,0.0,0.0,,2.17,LB,,,,,,,,,,,,,,,,,
TATACONSUM,,,,,,28.4,,,,,,,,,,,,,RESISTANCE,Resistance_25AUG26_Scan_27_7_2026 (1).xlsx,,,,,,,,,,,,,,,,,,1122.8,2.6,19936.0,429.0,2.2,0.66,1100.0,508.0,-27.0,407.0,25.0,2.07,LB,,,,,,,,,,,,,,,,,
FEDERALBNK,,,,,,1.2,,,,,,,,,,,,,RESISTANCE,Resistance_25AUG26_Scan_27_7_2026 (1).xlsx,,,,,,,,,,,,,,,,,,356.5,0.34,29865.0,24.0,0.08,0.95,350.0,586.0,0.0,723.0,3.0,1.86,LB,,,,,,,,,,,,,,,,,
JUBLFOOD,,,,,,5.55,,,,,,,,,,,,,RESISTANCE,Resistance_25AUG26_Scan_27_7_2026 (1).xlsx,,,,,,,,,,,,,,,,,,421.95,1.33,9823.0,-14.0,-0.14,0.93,415.0,533.0,-11.0,0.0,,1.67,SC,,,,,,,,,,,,,,,,,
RADICO,,,,,,44.6,,,,,,,,,,,,,RESISTANCE,Resistance_25AUG26_Scan_27_7_2026 (1).xlsx,,,,,,,,,,,,,,,,,,4159.0,1.08,2325.0,7.0,0.3,0.37,4100.0,22.0,0.0,4.0,0.0,1.44,LB,,,,,,,,,,,,,,,,,
PERSISTENT,,,,,,88.0,,,,,,,,,,,,,RESISTANCE,Resistance_25AUG26_Scan_27_7_2026 (1).xlsx,,,,,,,,,,,,,,,,,,5273.0,1.7,24170.0,85.0,0.35,0.94,5200.0,880.0,37.0,452.0,2.0,1.4,LB,,,,,,,,,,,,,,,,,
GODFRYPHLP,,,,,,20.6,,,,,,,,,,,,,RESISTANCE,Resistance_25AUG26_Scan_27_7_2026 (1).xlsx,,,,,,,,,,,,,,,,,,2121.3,0.98,4511.0,37.0,0.83,0.49,2100.0,304.0,-1.0,224.0,3.0,1.01,LB,,,,,,,,,,,,,,,,,
DMART,,,,,,29.4,,,,,,,,,,,,,RESISTANCE,Resistance_25AUG26_Scan_27_7_2026 (1).xlsx,,,,,,,,,,,,,,,,,,4039.8,0.73,23410.0,31.0,0.13,0.67,4000.0,852.0,0.0,655.0,-2.0,1.0,LB,,,,,,,,,,,,,,,,,
ADANIENSOL,,,,,,1.2,,,,,,,,,,,,,RESISTANCE,Resistance_25AUG26_Scan_27_7_2026 (1).xlsx,,,,,,,,,,,,,,,,,,1713.9,0.07,18371.0,68.0,0.37,0.65,1700.0,444.0,4.0,305.0,-1.0,0.82,LB,,,,,,,,,,,,,,,,,
MIDCPNIFTY,,,,,,110.85,,,,,,,,,,,,,RESISTANCE,Resistance_25AUG26_Scan_27_7_2026 (1).xlsx,,,,,,,,,,,,,,,,,,14605.0,0.76,10592.0,-13.0,-0.12,1.0,14500.0,963.0,-31.0,1031.0,1.0,0.72,SC,,,,,,,,,,,,,,,,,
GLENMARK,,,,,,10.1,,,,,,,,,,,,,RESISTANCE,Resistance_25AUG26_Scan_27_7_2026 (1).xlsx,,,,,,,,,,,,,,,,,,2215.4,0.46,15751.0,31.0,0.2,1.42,2200.0,111.0,1.0,0.0,,0.7,LB,,,,,,,,,,,,,,,,,
BHARTIARTL,,,,,,-0.1,,,,,,,,,,,,,RESISTANCE,Resistance_25AUG26_Scan_27_7_2026 (1).xlsx,,,,,,,,,,,,,,,,,,1910.7,-0.01,101069.0,134.0,0.13,0.82,1900.0,1617.0,29.0,1479.0,6.0,0.56,SB,,,,,,,,,,,,,,,,,
SENSEX,,,,,,334.9,,,,,,,,,,,,,RESISTANCE,Resistance_25AUG26_Scan_27_7_2026 (1).xlsx,,,,,,,,,,,,,,,,,,76903.75,0.44,1194.0,2.0,0.17,0.87,76500.0,1424.0,-1.0,1402.0,3.0,0.53,LB,,,,,,,,,,,,,,,,,
NTPC,,,,,,2.55,,,,,,,,,,,,,RESISTANCE,Resistance_25AUG26_Scan_27_7_2026 (1).xlsx,,,,,,,,,,,,,,,,,,351.65,0.73,34371.0,251.0,0.74,0.79,350.0,1066.0,47.0,490.0,27.0,0.47,LB,,,,,,,,,,,,,,,,,
TITAN,,,,,,11.2,,,,,,,,,,,,,RESISTANCE,Resistance_25AUG26_Scan_27_7_2026 (1).xlsx,,,,,,,,,,,,,,,,,,4720.9,0.24,21077.0,67.0,0.32,0.98,4700.0,644.0,5.0,331.0,3.0,0.44,LB,,,,,,,,,,,,,,,,,
POLYCAB,,,,,,70.5,,,,,,,,,,,,,RESISTANCE,Resistance_25AUG26_Scan_27_7_2026 (1).xlsx,,,,,,,,,,,,,,,,,,9038.0,0.79,12480.0,43.0,0.35,0.59,9000.0,800.0,5.0,565.0,13.0,0.42,LB,,,,,,,,,,,,,,,,,
APLAPOLLO,,,,,,12.3,,,,,,,,,,,,,RESISTANCE,Resistance_25AUG26_Scan_27_7_2026 (1).xlsx,,,,,,,,,,,,,,,,,,1845.7,0.67,7391.0,23.0,0.31,1.06,1840.0,347.0,0.0,0.0,,0.31,LB,,,,,,,,,,,,,,,,,
PFC,,,,,,1.55,,,,,,,,,,,,,RESISTANCE,Resistance_25AUG26_Scan_27_7_2026 (1).xlsx,,,,,,,,,,,,,,,,,,411.05,0.38,20168.0,69.0,0.34,0.85,410.0,451.0,0.0,379.0,3.0,0.26,LB,,,,,,,,,,,,,,,,,
SUPREMEIND,,,,,,23.6,,,,,,,,,,,,,RESISTANCE,Resistance_25AUG26_Scan_27_7_2026 (1).xlsx,,,,,,,,,,,,,,,,,,3507.0,0.68,8968.0,21.0,0.23,0.86,3500.0,175.0,2.0,0.0,,0.2,LB,,,,,,,,,,,,,,,,,
COFORGE,,,,,,18.5,,,,,,,,,,,,,RESISTANCE,Resistance_25AUG26_Scan_27_7_2026 (1).xlsx,,,,,,,,,,,,,,,,,,1502.8,1.25,24278.0,79.0,0.33,0.65,1500.0,1404.0,-19.0,794.0,-9.0,0.19,LB,,,,,,,,,,,,,,,,,
M&M,,,,,,30.1,,,,,,,,,,,,,RESISTANCE,Resistance_25AUG26_Scan_27_7_2026 (1).xlsx,,,,,,,,,,,,,,,,,,3205.0,0.95,49573.0,207.0,0.42,0.94,3200.0,2024.0,-35.0,1741.0,-2.0,0.16,LB,,,,,,,,,,,,,,,,,
POWERGRID,,,,,,1.0,,,,,,,,,,,,,RESISTANCE,Resistance_25AUG26_Scan_27_7_2026 (1).xlsx,,,,,,,,,,,,,,,,,,290.25,0.35,13496.0,37.0,0.27,1.17,290.0,1082.0,18.0,0.0,,0.09,LB,,,,,,,,,,,,,,,,,
PIDILITIND,,,,,,18.2,,,,,,,,,,,,,RESISTANCE,Resistance_25AUG26_Scan_27_7_2026 (1).xlsx,,,,,,,,,,,,,,,,,,1601.1,1.15,8730.0,43.0,0.49,0.68,1600.0,142.0,-5.0,0.0,,0.07,LB,,,,,,,,,,,,,,,,,
NIFTY,,,,,,115.8,,,,,,,,,,,,,RESISTANCE,Resistance_25AUG26_Scan_27_7_2026 (1).xlsx,,,,,,,,,,,,,,,,,,23990.4,0.49,126250.0,313.0,0.25,1.05,24000.0,104653.0,26.0,98008.0,216.0,-0.04,LB,,,,,,,,,,,,,,,,,
BAJAJFINSV,,,,,,14.7,,,,,,,,,,,,,RESISTANCE,Resistance_25AUG26_Scan_27_7_2026 (1).xlsx,,,,,,,,,,,,,,,,,,1898.6,0.78,19865.0,27.0,0.14,0.99,1900.0,809.0,21.0,390.0,0.0,-0.07,LB,,,,,,,,,,,,,,,,,
TRENT,,,,,,13.5,,,,,,,,,,,,,RESISTANCE,Resistance_25AUG26_Scan_27_7_2026 (1).xlsx,,,,,,,,,,,,,,,,,,2896.4,0.47,42550.0,61.0,0.14,0.87,2900.0,1509.0,2.0,1107.0,1.0,-0.12,LB,,,,,,,,,,,,,,,,,
ABCAPITAL,,,,,,3.05,,,,,,,,,,,,,RESISTANCE,Resistance_25AUG26_Scan_27_7_2026 (1).xlsx,,,,,,,,,,,,,,,,,,398.7,0.77,7748.0,20.0,0.26,0.88,400.0,329.0,-5.0,0.0,,-0.33,LB,,,,,,,,,,,,,,,,,
ITC,,,,,,3.5,,,,,,,,,,,,,RESISTANCE,Resistance_25AUG26_Scan_27_7_2026 (1).xlsx,,,,,,,,,,,,,,,,,,288.85,1.23,59215.0,472.0,0.8,0.78,290.0,3126.0,-72.0,1682.0,18.0,-0.4,LB,,,,,,,,,,,,,,,,,
BEL,,,,,,0.95,,,,,,,,,,,,,RESISTANCE,Resistance_25AUG26_Scan_27_7_2026 (1).xlsx,,,,,,,,,,,,,,,,,,408.3,0.23,38696.0,123.0,0.32,0.77,410.0,2318.0,54.0,1457.0,-1.0,-0.41,LB,,,,,,,,,,,,,,,,,
APOLLOHOSP,,,,,,6.0,,,,,,,,,,,,,RESISTANCE,Resistance_25AUG26_Scan_27_7_2026 (1).xlsx,,,,,,,,,,,,,,,,,,8861.0,0.07,12256.0,28.0,0.23,0.73,8900.0,89.0,1.0,0.0,,-0.44,LB,,,,,,,,,,,,,,,,,
MANAPPURAM,,,,,,4.4,,,,,,,,,,,,,RESISTANCE,Resistance_25AUG26_Scan_27_7_2026 (1).xlsx,,,,,,,,,,,,,,,,,,357.85,1.24,7913.0,39.0,0.5,0.45,360.0,567.0,3.0,0.0,,-0.6,LB,,,,,,,,,,,,,,,,,
BANKBARODA,,,,,,0.75,,,,,,,,,,,,,RESISTANCE,Resistance_25AUG26_Scan_27_7_2026 (1).xlsx,,,,,,,,,,,,,,,,,,248.45,0.3,31377.0,414.0,1.34,1.1,250.0,1435.0,136.0,957.0,42.0,-0.62,LB,,,,,,,,,,,,,,,,,
VMM,,,,,,1.29,,,,,,,,,,,,,RESISTANCE,Resistance_25AUG26_Scan_27_7_2026 (1).xlsx,,,,,,,,,,,,,,,,,,109.3,1.19,6710.0,6.0,0.09,0.49,110.0,360.0,1.0,0.0,,-0.64,LB,,,,,,,,,,,,,,,,,
HINDUNILVR,,,,,,27.3,,,,,,,,,,,,,RESISTANCE,Resistance_25AUG26_Scan_27_7_2026 (1).xlsx,,,,,,,,,,,,,,,,,,2185.0,1.27,36988.0,402.0,1.1,0.82,2200.0,1442.0,-89.0,644.0,9.0,-0.68,LB,,,,,,,,,,,,,,,,,
UNITDSPR,,,,,,10.9,,,,,,,,,,,,,RESISTANCE,Resistance_25AUG26_Scan_27_7_2026 (1).xlsx,,,,,,,,,,,,,,,,,,1489.4,0.74,15042.0,59.0,0.39,0.75,1500.0,1002.0,12.0,925.0,2.0,-0.71,LB,,,,,,,,,,,,,,,,,
BPCL,,,,,,5.3,,,,,,,,,,,,,RESISTANCE,Resistance_25AUG26_Scan_27_7_2026 (1).xlsx,,,,,,,,,,,,,,,,,,317.65,1.7,14184.0,170.0,1.21,0.85,320.0,505.0,12.0,176.0,0.0,-0.73,LB,,,,,,,,,,,,,,,,,
TCS,,,,,,28.0,,,,,,,,,,,,,RESISTANCE,Resistance_25AUG26_Scan_27_7_2026 (1).xlsx,,,,,,,,,,,,,,,,,,2282.1,1.24,113720.0,234.0,0.21,0.99,2300.0,4103.0,-124.0,1925.0,25.0,-0.78,LB,,,,,,,,,,,,,,,,,
BRITANNIA,,,,,,39.5,,,,,,,,,,,,,RESISTANCE,Resistance_25AUG26_Scan_27_7_2026 (1).xlsx,,,,,,,,,,,,,,,,,,5355.0,0.74,11991.0,100.0,0.84,0.87,5400.0,144.0,0.0,0.0,,-0.83,LB,,,,,,,,,,,,,,,,,
BLUESTARCO,,,,,,13.6,,,,,,,,,,,,,RESISTANCE,Resistance_25AUG26_Scan_27_7_2026 (1).xlsx,,,,,,,,,,,,,,,,,,1646.1,0.83,7646.0,10.0,0.13,1.1,1660.0,1.0,0.0,0.0,,-0.84,LB,,,,,,,,,,,,,,,,,
HINDALCO,,,,,,2.6,,,,,,,,,,,,,RESISTANCE,Resistance_25AUG26_Scan_27_7_2026 (1).xlsx,,,,,,,,,,,,,,,,,,951.9,0.27,53759.0,171.0,0.32,0.83,960.0,1009.0,-3.0,633.0,2.0,-0.84,LB,,,,,,,,,,,,,,,,,
BANKNIFTY,,,,,,414.4,,,,,,,,,,,,,RESISTANCE,Resistance_25AUG26_Scan_27_7_2026 (1).xlsx,,,,,,,,,,,,,,,,,,57501.0,0.73,45626.0,-50.0,-0.11,0.83,58000.0,40046.0,-78.0,19296.0,-86.0,-0.86,SC,,,,,,,,,,,,,,,,,
ALKEM,,,,,,39.0,,,,,,,,,,,,,RESISTANCE,Resistance_25AUG26_Scan_27_7_2026 (1).xlsx,,,,,,,,,,,,,,,,,,5694.0,0.69,6110.0,3.0,0.05,0.21,5750.0,86.0,0.0,0.0,,-0.97,LB,,,,,,,,,,,,,,,,,
NYKAA,,,,,,1.75,,,,,,,,,,,,,RESISTANCE,Resistance_25AUG26_Scan_27_7_2026 (1).xlsx,,,,,,,,,,,,,,,,,,326.65,0.54,9951.0,16.0,0.16,1.12,330.0,101.0,0.0,0.0,,-1.02,LB,,,,,,,,,,,,,,,,,
BHARATFORG,,,,,,11.6,,,,,,,,,,,,,RESISTANCE,Resistance_25AUG26_Scan_27_7_2026 (1).xlsx,,,,,,,,,,,,,,,,,,2177.4,0.54,10150.0,30.0,0.3,0.99,2200.0,372.0,11.0,0.0,,-1.03,LB,,,,,,,,,,,,,,,,,
NATIONALUM,,,,,,0.1,,,,,,,,,,,,,RESISTANCE,Resistance_25AUG26_Scan_27_7_2026 (1).xlsx,,,,,,,,,,,,,,,,,,346.3,0.03,14219.0,50.0,0.35,0.9,350.0,1521.0,0.0,643.0,0.0,-1.06,LB,,,,,,,,,,,,,,,,,
PETRONET,,,,,,1.25,,,,,,,,,,,,,RESISTANCE,Resistance_25AUG26_Scan_27_7_2026 (1).xlsx,,,,,,,,,,,,,,,,,,277.0,0.45,10227.0,43.0,0.42,0.89,280.0,320.0,3.0,0.0,,-1.07,LB,,,,,,,,,,,,,,,,,
ULTRACEMCO,,,,,,-27.0,,,,,,,,,,,,,RESISTANCE,Resistance_25AUG26_Scan_27_7_2026 (1).xlsx,,,,,,,,,,,,,,,,,,11865.0,-0.23,23342.0,226.0,0.98,0.52,12000.0,1128.0,2.0,481.0,4.0,-1.13,SB,,,,,,,,,,,,,,,,,
COALINDIA,,,,,,-1.2,,,,,,,,,,,,,RESISTANCE,Resistance_25AUG26_Scan_27_7_2026 (1).xlsx,,,,,,,,,,,,,,,,,,425.0,-0.28,28567.0,48.0,0.17,0.95,430.0,1009.0,10.0,967.0,2.0,-1.16,SB,,,,,,,,,,,,,,,,,
PATANJALI,,,,,,3.0,,,,,,,,,,,,,RESISTANCE,Resistance_25AUG26_Scan_27_7_2026 (1).xlsx,,,,,,,,,,,,,,,,,,345.95,0.87,19442.0,19.0,0.1,0.6,350.0,1443.0,1.0,0.0,,-1.16,LB,,,,,,,,,,,,,,,,,
NAUKRI,,,,,,15.25,,,,,,,,,,,,,RESISTANCE,Resistance_25AUG26_Scan_27_7_2026 (1).xlsx,,,,,,,,,,,,,,,,,,1184.85,1.3,17938.0,79.0,0.44,0.47,1200.0,293.0,-1.0,48.0,-2.0,-1.26,LB,,,,,,,,,,,,,,,,,
TORNTPHARM,,,,,,25.0,,,,,,,,,,,,,RESISTANCE,Resistance_25AUG26_Scan_27_7_2026 (1).xlsx,,,,,,,,,,,,,,,,,,4935.2,0.51,29895.0,25.0,0.08,0.69,5000.0,760.0,4.0,0.0,,-1.3,LB,,,,,,,,,,,,,,,,,
CANBK,,,,,,1.35,,,,,,,,,,,,,RESISTANCE,Resistance_25AUG26_Scan_27_7_2026 (1).xlsx,,,,,,,,,,,,,,,,,,128.09,1.07,40180.0,160.0,0.4,0.81,130.0,968.0,-6.0,666.0,2.0,-1.47,LB,,,,,,,,,,,,,,,,,
HCLTECH,,,,,,9.1,,,,,,,,,,,,,RESISTANCE,Resistance_25AUG26_Scan_27_7_2026 (1).xlsx,,,,,,,,,,,,,,,,,,1280.2,0.72,52929.0,340.0,0.65,0.75,1300.0,1005.0,15.0,353.0,20.0,-1.52,LB,,,,,,,,,,,,,,,,,
PNBHOUSING,,,,,,7.1,,,,,,,,,,,,,RESISTANCE,Resistance_25AUG26_Scan_27_7_2026 (1).xlsx,,,,,,,,,,,,,,,,,,1063.5,0.67,6794.0,8.0,0.12,1.19,1080.0,78.0,0.0,0.0,,-1.53,LB,,,,,,,,,,,,,,,,,
MOTHERSON,,,,,,1.38,,,,,,,,,,,,,RESISTANCE,Resistance_25AUG26_Scan_27_7_2026 (1).xlsx,,,,,,,,,,,,,,,,,,147.67,0.94,11398.0,23.0,0.2,0.68,150.0,327.0,-2.0,85.0,0.0,-1.55,LB,,,,,,,,,,,,,,,,,
CGPOWER,,,,,,9.8,,,,,,,,,,,,,RESISTANCE,Resistance_25AUG26_Scan_27_7_2026 (1).xlsx,,,,,,,,,,,,,,,,,,886.0,1.12,16113.0,274.0,1.73,0.65,900.0,735.0,26.0,350.0,-2.0,-1.56,LB,,,,,,,,,,,,,,,,,
ICICIBANK,,,,,,-0.7,,,,,,,,,,,,,RESISTANCE,Resistance_25AUG26_Scan_27_7_2026 (1).xlsx,,,,,,,,,,,,,,,,,,1427.4,-0.05,112960.0,197.0,0.17,0.66,1450.0,2116.0,12.0,1056.0,31.0,-1.56,SB,,,,,,,,,,,,,,,,,
SONACOMS,,,,,,1.25,,,,,,,,,,,,,RESISTANCE,Resistance_25AUG26_Scan_27_7_2026 (1).xlsx,,,,,,,,,,,,,,,,,,718.6,0.17,6669.0,20.0,0.3,0.52,730.0,261.0,4.0,0.0,,-1.56,LB,,,,,,,,,,,,,,,,,
TECHM,,,,,,16.3,,,,,,,,,,,,,RESISTANCE,Resistance_25AUG26_Scan_27_7_2026 (1).xlsx,,,,,,,,,,,,,,,,,,1575.0,1.05,22948.0,160.0,0.7,0.42,1600.0,3092.0,2.0,233.0,-4.0,-1.56,LB,,,,,,,,,,,,,,,,,
ADANIPOWER,,,,,,1.61,,,,,,,,,,,,,RESISTANCE,Resistance_25AUG26_Scan_27_7_2026 (1).xlsx,,,,,,,,,,,,,,,,,,216.53,0.75,23503.0,73.0,0.31,0.7,220.0,1167.0,-4.0,698.0,-3.0,-1.58,LB,,,,,,,,,,,,,,,,,
PAGEIND,,,,,,20.0,,,,,,,,,,,,,RESISTANCE,Resistance_25AUG26_Scan_27_7_2026 (1).xlsx,,,,,,,,,,,,,,,,,,40340.0,0.05,9187.0,12.0,0.13,0.78,41000.0,185.0,0.0,0.0,,-1.61,LB,,,,,,,,,,,,,,,,,
MUTHOOTFIN,,,,,,44.1,,,,,,,,,,,,,RESISTANCE,Resistance_25AUG26_Scan_27_7_2026 (1).xlsx,,,,,,,,,,,,,,,,,,3048.8,1.47,17403.0,8.0,0.05,0.51,3100.0,797.0,-14.0,0.0,,-1.65,LB,,,,,,,,,,,,,,,,,
INDHOTEL,,,,,,6.55,,,,,,,,,,,,,RESISTANCE,Resistance_25AUG26_Scan_27_7_2026 (1).xlsx,,,,,,,,,,,,,,,,,,737.0,0.9,14854.0,70.0,0.47,0.79,750.0,318.0,4.0,0.0,,-1.73,LB,,,,,,,,,,,,,,,,,
IDFCFIRSTB,,,,,,7.16,,,,,,,,,,,,,RESISTANCE,Resistance_25AUG26_Scan_27_7_2026 (1).xlsx,,,,,,,,,,,,,,,,,,88.39,8.81,27313.0,3677.0,15.56,0.76,90.0,988.0,507.0,453.0,148.0,-1.79,LB,,,,,,,,,,,,,,,,,
IEX,,,,,,2.56,,,,,,,,,,,,,RESISTANCE,Resistance_25AUG26_Scan_27_7_2026 (1).xlsx,,,,,,,,,,,,,,,,,,127.67,2.05,7984.0,52.0,0.66,0.92,130.0,601.0,8.0,105.0,0.0,-1.79,LB,,,,,,,,,,,,,,,,,
SBILIFE,,,,,,-2.0,,,,,,,,,,,,,RESISTANCE,Resistance_25AUG26_Scan_27_7_2026 (1).xlsx,,,,,,,,,,,,,,,,,,1865.0,-0.11,14509.0,27.0,0.19,0.77,1900.0,408.0,64.0,0.0,,-1.84,SB,,,,,,,,,,,,,,,,,
MCX,,,,,,11.6,,,,,,,,,,,,,RESISTANCE,Resistance_25AUG26_Scan_27_7_2026 (1).xlsx,,,,,,,,,,,,,,,,,,2746.8,0.42,20219.0,104.0,0.52,0.92,2800.0,1507.0,7.0,0.0,,-1.9,LB,,,,,,,,,,,,,,,,,
CHOLAFIN,,,,,,28.2,,,,,,,,,,,,,RESISTANCE,Resistance_25AUG26_Scan_27_7_2026 (1).xlsx,,,,,,,,,,,,,,,,,,1763.1,1.63,13718.0,252.0,1.87,0.83,1800.0,242.0,0.0,117.0,0.0,-2.05,LB,,,,,,,,,,,,,,,,,
FORCEMOT,,,,,,74.0,,,,,,,,,,,,,RESISTANCE,Resistance_25AUG26_Scan_27_7_2026 (1).xlsx,,,,,,,,,,,,,,,,,,17622.0,0.42,7053.0,10.0,0.14,1.07,18000.0,335.0,5.0,138.0,0.0,-2.1,LB,,,,,,,,,,,,,,,,,
SBIN,,,,,,5.7,,,,,,,,,,,,,RESISTANCE,Resistance_25AUG26_Scan_27_7_2026 (1).xlsx,,,,,,,,,,,,,,,,,,1027.5,0.56,69043.0,195.0,0.28,0.89,1050.0,3178.0,7.0,0.0,,-2.14,LB,,,,,,,,,,,,,,,,,
INOXWIND,,,,,,1.1,,,,,,,,,,,,,RESISTANCE,Resistance_25AUG26_Scan_27_7_2026 (1).xlsx,,,,,,,,,,,,,,,,,,78.28,1.43,9476.0,11.0,0.12,0.76,80.0,473.0,-3.0,0.0,,-2.15,LB,,,,,,,,,,,,,,,,,
HINDPETRO,,,,,,7.6,,,,,,,,,,,,,RESISTANCE,Resistance_25AUG26_Scan_27_7_2026 (1).xlsx,,,,,,,,,,,,,,,,,,391.35,1.98,16621.0,40.0,0.24,0.77,400.0,551.0,1.0,307.0,1.0,-2.16,LB,,,,,,,,,,,,,,,,,
POWERINDIA,,,,,,0.0,,,,,,,,,,,,,RESISTANCE,Resistance_25AUG26_Scan_27_7_2026 (1).xlsx,,,,,,,,,,,,,,,,,,31295.0,0.0,13396.0,57.0,0.43,1.11,32000.0,399.0,14.0,0.0,,-2.2,-,,,,,,,,,,,,,,,,,
ICICIPRULI,,,,,,4.45,,,,,,,,,,,,,RESISTANCE,Resistance_25AUG26_Scan_27_7_2026 (1).xlsx,,,,,,,,,,,,,,,,,,508.4,0.88,14812.0,63.0,0.43,0.7,520.0,444.0,-1.0,0.0,,-2.23,LB,,,,,,,,,,,,,,,,,
KAYNES,,,,,,12.5,,,,,,,,,,,,,RESISTANCE,Resistance_25AUG26_Scan_27_7_2026 (1).xlsx,,,,,,,,,,,,,,,,,,3122.3,0.4,15834.0,77.0,0.49,1.01,3200.0,321.0,0.0,0.0,,-2.43,LB,,,,,,,,,,,,,,,,,
BIOCON,,,,,,2.5,,,,,,,,,,,,,RESISTANCE,Resistance_25AUG26_Scan_27_7_2026 (1).xlsx,,,,,,,,,,,,,,,,,,439.0,0.57,12518.0,110.0,0.89,0.85,450.0,457.0,-2.0,0.0,,-2.44,LB,,,,,,,,,,,,,,,,,
HEROMOTOCO,,,,,,41.1,,,,,,,,,,,,,RESISTANCE,Resistance_25AUG26_Scan_27_7_2026 (1).xlsx,,,,,,,,,,,,,,,,,,5073.1,0.82,22957.0,107.0,0.47,0.57,5200.0,1109.0,0.0,0.0,,-2.44,LB,,,,,,,,,,,,,,,,,
NHPC,,,,,,-0.01,,,,,,,,,,,,,RESISTANCE,Resistance_25AUG26_Scan_27_7_2026 (1).xlsx,,,,,,,,,,,,,,,,,,78.05,-0.01,15307.0,28.0,0.18,0.82,80.0,612.0,1.0,0.0,,-2.44,SB,,,,,,,,,,,,,,,,,
SUNPHARMA,,,,,,2.2,,,,,,,,,,,,,RESISTANCE,Resistance_25AUG26_Scan_27_7_2026 (1).xlsx,,,,,,,,,,,,,,,,,,1951.0,0.11,27661.0,29.0,0.1,0.81,2000.0,1075.0,-10.0,371.0,1.0,-2.45,LB,,,,,,,,,,,,,,,,,
NESTLEIND,,,,,,12.7,,,,,,,,,,,,,RESISTANCE,Resistance_25AUG26_Scan_27_7_2026 (1).xlsx,,,,,,,,,,,,,,,,,,1462.8,0.88,13021.0,19.0,0.15,0.48,1500.0,1457.0,3.0,339.0,0.0,-2.48,LB,,,,,,,,,,,,,,,,,
MPHASIS,,,,,,36.6,,,,,,,,,,,,,RESISTANCE,Resistance_25AUG26_Scan_27_7_2026 (1).xlsx,,,,,,,,,,,,,,,,,,2339.9,1.59,10688.0,51.0,0.48,0.59,2400.0,303.0,2.0,0.0,,-2.5,LB,,,,,,,,,,,,,,,,,
KFINTECH,,,,,,24.7,,,,,,,,,,,,,RESISTANCE,Resistance_25AUG26_Scan_27_7_2026 (1).xlsx,,,,,,,,,,,,,,,,,,877.15,2.9,5246.0,129.0,2.52,0.7,900.0,355.0,-19.0,0.0,,-2.54,LB,,,,,,,,,,,,,,,,,
PNB,,,,,,0.94,,,,,,,,,,,,,RESISTANCE,Resistance_25AUG26_Scan_27_7_2026 (1).xlsx,,,,,,,,,,,,,,,,,,112.08,0.85,25894.0,114.0,0.44,0.77,115.0,801.0,-5.0,156.0,2.0,-2.54,LB,,,,,,,,,,,,,,,,,
BAJAJ-AUTO,,,,,,-12.0,,,,,,,,,,,,,RESISTANCE,Resistance_25AUG26_Scan_27_7_2026 (1).xlsx,,,,,,,,,,,,,,,,,,11200.0,-0.11,20695.0,53.0,0.26,1.56,11500.0,1061.0,13.0,0.0,,-2.61,SB,,,,,,,,,,,,,,,,,
KOTAKBANK,,,,,,2.0,,,,,,,,,,,,,RESISTANCE,Resistance_25AUG26_Scan_27_7_2026 (1).xlsx,,,,,,,,,,,,,,,,,,389.5,0.52,64029.0,69.0,0.11,0.75,400.0,1266.0,2.0,0.0,,-2.63,LB,,,,,,,,,,,,,,,,,
DIVISLAB,,,,,,3.0,,,,,,,,,,,,,RESISTANCE,Resistance_25AUG26_Scan_27_7_2026 (1).xlsx,,,,,,,,,,,,,,,,,,7302.0,0.04,26212.0,38.0,0.15,0.87,7500.0,610.0,2.0,0.0,,-2.64,LB,,,,,,,,,,,,,,,,,
GODREJCP,,,,,,8.7,,,,,,,,,,,,,RESISTANCE,Resistance_25AUG26_Scan_27_7_2026 (1).xlsx,,,,,,,,,,,,,,,,,,1070.6,0.82,13566.0,27.0,0.2,0.53,1100.0,247.0,-1.0,0.0,,-2.67,LB,,,,,,,,,,,,,,,,,
TVSMOTOR,,,,,,9.5,,,,,,,,,,,,,RESISTANCE,Resistance_25AUG26_Scan_27_7_2026 (1).xlsx,,,,,,,,,,,,,,,,,,3893.0,0.24,54795.0,110.0,0.2,0.63,4000.0,1078.0,4.0,0.0,,-2.68,LB,,,,,,,,,,,,,,,,,
PGEL,,,,,,8.1,,,,,,,,,,,,,RESISTANCE,Resistance_25AUG26_Scan_27_7_2026 (1).xlsx,,,,,,,,,,,,,,,,,,583.75,1.41,6018.0,148.0,2.52,0.69,600.0,405.0,5.0,255.0,0.0,-2.71,LB,,,,,,,,,,,,,,,,,
HYUNDAI,,,,,,21.5,,,,,,,,,,,,,RESISTANCE,Resistance_25AUG26_Scan_27_7_2026 (1).xlsx,,,,,,,,,,,,,,,,,,1944.5,1.12,12129.0,26.0,0.21,0.48,2000.0,2039.0,0.0,417.0,0.0,-2.78,LB,,,,,,,,,,,,,,,,,
PIIND,,,,,,24.2,,,,,,,,,,,,,RESISTANCE,Resistance_25AUG26_Scan_27_7_2026 (1).xlsx,,,,,,,,,,,,,,,,,,2721.6,0.9,12939.0,19.0,0.15,1.03,2800.0,261.0,0.0,0.0,,-2.8,LB,,,,,,,,,,,,,,,,,
LICHSGFIN,,,,,,4.65,,,,,,,,,,,,,RESISTANCE,Resistance_25AUG26_Scan_27_7_2026 (1).xlsx,,,,,,,,,,,,,,,,,,534.2,0.88,16951.0,9.0,0.05,0.63,550.0,462.0,0.0,187.0,0.0,-2.87,LB,,,,,,,,,,,,,,,,,
MOTILALOFS,,,,,,-1.6,,,,,,,,,,,,,RESISTANCE,Resistance_25AUG26_Scan_27_7_2026 (1).xlsx,,,,,,,,,,,,,,,,,,874.15,-0.18,6440.0,178.0,2.84,0.59,900.0,461.0,0.0,0.0,,-2.87,SB,,,,,,,,,,,,,,,,,
MPHASIS,,,,,,64.2,,,,,,,,,,,,,RESISTANCE,Resistance_25AUG26_Scan_27_7_2026 (2).xlsx,,,,,,,,,,,,,,,,,,2367.5,2.79,10855.0,218.0,2.05,0.65,2300.0,315.0,6.0,170.0,56.0,2.93,LB,,,,,,,,,,,,,,,,,
PERSISTENT,,,,,,139.2,,,,,,,,,,,,,RESISTANCE,Resistance_25AUG26_Scan_27_7_2026 (2).xlsx,,,,,,,,,,,,,,,,,,5324.2,2.68,24729.0,644.0,2.67,0.94,5200.0,885.0,42.0,528.0,78.0,2.39,LB,,,,,,,,,,,,,,,,,
GODFRYPHLP,,,,,,48.0,,,,,,,,,,,,,RESISTANCE,Resistance_25AUG26_Scan_27_7_2026 (2).xlsx,,,,,,,,,,,,,,,,,,2148.7,2.28,4578.0,104.0,2.32,0.53,2100.0,311.0,6.0,245.0,24.0,2.32,LB,,,,,,,,,,,,,,,,,
ASTRAL,,,,,,14.7,,,,,,,,,,,,,RESISTANCE,Resistance_25AUG26_Scan_27_7_2026 (2).xlsx,,,,,,,,,,,,,,,,,,1432.0,1.04,13838.0,163.0,1.19,1.09,1400.0,480.0,-16.0,505.0,-7.0,2.29,LB,,,,,,,,,,,,,,,,,
JUBLFOOD,,,,,,8.0,,,,,,,,,,,,,RESISTANCE,Resistance_25AUG26_Scan_27_7_2026 (2).xlsx,,,,,,,,,,,,,,,,,,424.4,1.92,9937.0,100.0,1.02,0.93,415.0,522.0,-22.0,165.0,1.0,2.27,LB,,,,,,,,,,,,,,,,,
PRESTIGE,,,,,,21.8,,,,,,,,,,,,,RESISTANCE,Resistance_25AUG26_Scan_27_7_2026 (2).xlsx,,,,,,,,,,,,,,,,,,1626.5,1.36,7896.0,417.0,5.58,0.59,1600.0,428.0,0.0,159.0,4.0,1.66,LB,,,,,,,,,,,,,,,,,
360ONE,,,,,,10.7,,,,,,,,,,,,,RESISTANCE,Resistance_25AUG26_Scan_27_7_2026 (2).xlsx,,,,,,,,,,,,,,,,,,1116.7,0.97,6444.0,-50.0,-0.77,0.54,1100.0,196.0,0.0,63.0,0.0,1.52,SC,,,,,,,,,,,,,,,,,
TATACONSUM,,,,,,19.4,,,,,,,,,,,,,RESISTANCE,Resistance_25AUG26_Scan_27_7_2026 (2).xlsx,,,,,,,,,,,,,,,,,,1113.8,1.77,20431.0,924.0,4.74,0.67,1100.0,597.0,62.0,471.0,89.0,1.25,LB,,,,,,,,,,,,,,,,,
COFORGE,,,,,,31.0,,,,,,,,,,,,,RESISTANCE,Resistance_25AUG26_Scan_27_7_2026 (2).xlsx,,,,,,,,,,,,,,,,,,1515.3,2.09,24975.0,776.0,3.21,0.64,1500.0,1492.0,69.0,853.0,50.0,1.02,LB,,,,,,,,,,,,,,,,,
INDUSINDBK,,,,,,8.15,,,,,,,,,,,,,RESISTANCE,Resistance_25AUG26_Scan_27_7_2026 (2).xlsx,,,,,,,,,,,,,,,,,,1010.0,0.81,36839.0,151.0,0.41,0.84,1000.0,1085.0,26.0,1209.0,21.0,1.0,LB,,,,,,,,,,,,,,,,,
TCS,,,,,,67.0,,,,,,,,,,,,,RESISTANCE,Resistance_25AUG26_Scan_27_7_2026 (2).xlsx,,,,,,,,,,,,,,,,,,2321.1,2.97,115136.0,1650.0,1.45,1.0,2300.0,4108.0,-119.0,1969.0,69.0,0.92,LB,,,,,,,,,,,,,,,,,
PIIND,,,,,,26.6,,,,,,,,,,,,,RESISTANCE,Resistance_25AUG26_Scan_27_7_2026 (2).xlsx,,,,,,,,,,,,,,,,,,2724.0,0.99,13079.0,159.0,1.23,1.01,2700.0,698.0,30.0,0.0,,0.89,LB,,,,,,,,,,,,,,,,,
ASIANPAINT,,,,,,64.8,,,,,,,,,,,,,RESISTANCE,Resistance_25AUG26_Scan_27_7_2026 (2).xlsx,,,,,,,,,,,,,,,,,,2722.0,2.44,18980.0,369.0,1.98,0.76,2700.0,1025.0,269.0,465.0,129.0,0.81,LB,,,,,,,,,,,,,,,,,
MAXHEALTH,,,,,,25.2,,,,,,,,,,,,,RESISTANCE,Resistance_25AUG26_Scan_27_7_2026 (2).xlsx,,,,,,,,,,,,,,,,,,1108.9,2.33,14106.0,126.0,0.9,1.0,1100.0,330.0,46.0,486.0,2.0,0.81,LB,,,,,,,,,,,,,,,,,
FEDERALBNK,,,,,,2.45,,,,,,,,,,,,,RESISTANCE,Resistance_25AUG26_Scan_27_7_2026 (2).xlsx,,,,,,,,,,,,,,,,,,357.75,0.69,30058.0,217.0,0.73,0.94,355.0,626.0,66.0,229.0,9.0,0.77,LB,,,,,,,,,,,,,,,,,
MIDCPNIFTY,,,,,,114.1,,,,,,,,,,,,,RESISTANCE,Resistance_25AUG26_Scan_27_7_2026 (2).xlsx,,,,,,,,,,,,,,,,,,14608.25,0.79,10547.0,-58.0,-0.55,0.96,14500.0,971.0,-23.0,1051.0,21.0,0.75,SC,,,,,,,,,,,,,,,,,
DMART,,,,,,17.4,,,,,,,,,,,,,RESISTANCE,Resistance_25AUG26_Scan_27_7_2026 (2).xlsx,,,,,,,,,,,,,,,,,,4027.8,0.43,23683.0,304.0,1.3,0.66,4000.0,847.0,-5.0,666.0,9.0,0.7,LB,,,,,,,,,,,,,,,,,
SENSEX,,,,,,415.75,,,,,,,,,,,,,RESISTANCE,Resistance_25AUG26_Scan_27_7_2026 (2).xlsx,,,,,,,,,,,,,,,,,,76984.6,0.54,1185.0,-7.0,-0.59,0.87,76500.0,1423.0,-2.0,1406.0,7.0,0.63,SC,,,,,,,,,,,,,,,,,
BHARTIARTL,,,,,,0.5,,,,,,,,,,,,,RESISTANCE,Resistance_25AUG26_Scan_27_7_2026 (2).xlsx,,,,,,,,,,,,,,,,,,1911.3,0.03,101435.0,500.0,0.5,0.79,1900.0,1682.0,94.0,1468.0,-5.0,0.59,LB,,,,,,,,,,,,,,,,,
UNITDSPR,,,,,,29.6,,,,,,,,,,,,,RESISTANCE,Resistance_25AUG26_Scan_27_7_2026 (2).xlsx,,,,,,,,,,,,,,,,,,1508.1,2.0,15113.0,130.0,0.87,0.83,1500.0,991.0,1.0,931.0,8.0,0.54,LB,,,,,,,,,,,,,,,,,
SUPREMEIND,,,,,,32.6,,,,,,,,,,,,,RESISTANCE,Resistance_25AUG26_Scan_27_7_2026 (2).xlsx,,,,,,,,,,,,,,,,,,3516.0,0.94,9104.0,157.0,1.75,0.71,3500.0,339.0,166.0,74.0,56.0,0.46,LB,,,,,,,,,,,,,,,,,
BAJAJFINSV,,,,,,24.7,,,,,,,,,,,,,RESISTANCE,Resistance_25AUG26_Scan_27_7_2026 (2).xlsx,,,,,,,,,,,,,,,,,,1908.6,1.31,20126.0,288.0,1.45,0.91,1900.0,1007.0,219.0,455.0,65.0,0.45,LB,,,,,,,,,,,,,,,,,
TRENT,,,,,,29.9,,,,,,,,,,,,,RESISTANCE,Resistance_25AUG26_Scan_27_7_2026 (2).xlsx,,,,,,,,,,,,,,,,,,2912.8,1.04,42918.0,429.0,1.01,0.82,2900.0,1535.0,28.0,1136.0,30.0,0.44,LB,,,,,,,,,,,,,,,,,
POLYCAB,,,,,,71.0,,,,,,,,,,,,,RESISTANCE,Resistance_25AUG26_Scan_27_7_2026 (2).xlsx,,,,,,,,,,,,,,,,,,9038.5,0.79,12618.0,181.0,1.46,0.6,9000.0,801.0,6.0,608.0,56.0,0.43,LB,,,,,,,,,,,,,,,,,
APLAPOLLO,,,,,,13.3,,,,,,,,,,,,,RESISTANCE,Resistance_25AUG26_Scan_27_7_2026 (2).xlsx,,,,,,,,,,,,,,,,,,1846.7,0.73,7509.0,141.0,1.91,1.09,1840.0,347.0,0.0,322.0,0.0,0.36,LB,,,,,,,,,,,,,,,,,
NTPC,,,,,,2.15,,,,,,,,,,,,,RESISTANCE,Resistance_25AUG26_Scan_27_7_2026 (2).xlsx,,,,,,,,,,,,,,,,,,351.25,0.62,34990.0,870.0,2.55,0.78,350.0,1214.0,195.0,582.0,119.0,0.36,LB,,,,,,,,,,,,,,,,,
TITAN,,,,,,5.7,,,,,,,,,,,,,RESISTANCE,Resistance_25AUG26_Scan_27_7_2026 (2).xlsx,,,,,,,,,,,,,,,,,,4715.4,0.12,21400.0,390.0,1.86,0.98,4700.0,668.0,29.0,345.0,17.0,0.33,LB,,,,,,,,,,,,,,,,,
PIDILITIND,,,,,,21.6,,,,,,,,,,,,,RESISTANCE,Resistance_25AUG26_Scan_27_7_2026 (2).xlsx,,,,,,,,,,,,,,,,,,1604.5,1.36,8892.0,205.0,2.36,0.69,1600.0,144.0,-3.0,47.0,1.0,0.28,LB,,,,,,,,,,,,,,,,,
NIFTY,,,,,,142.4,,,,,,,,,,,,,RESISTANCE,Resistance_25AUG26_Scan_27_7_2026 (2).xlsx,,,,,,,,,,,,,,,,,,24017.0,0.6,127038.0,1101.0,0.87,1.05,24000.0,105974.0,1347.0,97703.0,-89.0,0.07,LB,,,,,,,,,,,,,,,,,
POWERGRID,,,,,,0.7,,,,,,,,,,,,,RESISTANCE,Resistance_25AUG26_Scan_27_7_2026 (2).xlsx,,,,,,,,,,,,,,,,,,289.95,0.24,13780.0,321.0,2.39,1.13,290.0,1165.0,101.0,741.0,29.0,-0.02,LB,,,,,,,,,,,,,,,,,
INDIGO,,,,,,174.5,,,,,,,,,,,,,RESISTANCE,Resistance_25AUG26_Scan_27_7_2026 (2).xlsx,,,,,,,,,,,,,,,,,,5194.5,3.48,30748.0,530.0,1.75,0.91,5200.0,1040.0,245.0,189.0,3.0,-0.11,LB,,,,,,,,,,,,,,,,,
M&M,,,,,,21.7,,,,,,,,,,,,,RESISTANCE,Resistance_25AUG26_Scan_27_7_2026 (2).xlsx,,,,,,,,,,,,,,,,,,3196.6,0.68,50176.0,810.0,1.64,0.9,3200.0,2123.0,64.0,1796.0,53.0,-0.11,LB,,,,,,,,,,,,,,,,,
KFINTECH,,,,,,46.3,,,,,,,,,,,,,RESISTANCE,Resistance_25AUG26_Scan_27_7_2026 (2).xlsx,,,,,,,,,,,,,,,,,,898.75,5.43,5248.0,131.0,2.56,0.6,900.0,472.0,98.0,134.0,3.0,-0.14,LB,,,,,,,,,,,,,,,,,
DALBHARAT,,,,,,-6.3,,,,,,,,,,,,,RESISTANCE,Resistance_25AUG26_Scan_27_7_2026 (2).xlsx,,,,,,,,,,,,,,,,,,1797.1,-0.35,6237.0,179.0,2.95,0.8,1800.0,117.0,5.0,98.0,4.0,-0.16,SB,,,,,,,,,,,,,,,,,
TORNTPHARM,,,,,,79.4,,,,,,,,,,,,,RESISTANCE,Resistance_25AUG26_Scan_27_7_2026 (2).xlsx,,,,,,,,,,,,,,,,,,4989.6,1.62,30278.0,408.0,1.37,0.72,5000.0,784.0,28.0,363.0,112.0,-0.21,LB,,,,,,,,,,,,,,,,,
PATANJALI,,,,,,5.9,,,,,,,,,,,,,RESISTANCE,Resistance_25AUG26_Scan_27_7_2026 (2).xlsx,,,,,,,,,,,,,,,,,,348.85,1.72,19760.0,337.0,1.74,0.61,350.0,1423.0,-19.0,964.0,-3.0,-0.33,LB,,,,,,,,,,,,,,,,,
HCLTECH,,,,,,23.8,,,,,,,,,,,,,RESISTANCE,Resistance_25AUG26_Scan_27_7_2026 (2).xlsx,,,,,,,,,,,,,,,,,,1294.9,1.87,53283.0,694.0,1.32,0.76,1300.0,1074.0,84.0,362.0,29.0,-0.39,LB,,,,,,,,,,,,,,,,,
ITC,,,,,,3.4,,,,,,,,,,,,,RESISTANCE,Resistance_25AUG26_Scan_27_7_2026 (2).xlsx,,,,,,,,,,,,,,,,,,288.75,1.19,60562.0,1819.0,3.1,0.76,290.0,3190.0,-8.0,1721.0,57.0,-0.43,LB,,,,,,,,,,,,,,,,,
ABCAPITAL,,,,,,2.4,,,,,,,,,,,,,RESISTANCE,Resistance_25AUG26_Scan_27_7_2026 (2).xlsx,,,,,,,,,,,,,,,,,,398.05,0.61,7822.0,94.0,1.22,0.89,400.0,338.0,4.0,158.0,2.0,-0.49,LB,,,,,,,,,,,,,,,,,
BEL,,,,,,0.65,,,,,,,,,,,,,RESISTANCE,Resistance_25AUG26_Scan_27_7_2026 (2).xlsx,,,,,,,,,,,,,,,,,,408.0,0.16,39400.0,827.0,2.14,0.74,410.0,2554.0,290.0,1491.0,33.0,-0.49,LB,,,,,,,,,,,,,,,,,
TECHM,,,,,,32.7,,,,,,,,,,,,,RESISTANCE,Resistance_25AUG26_Scan_27_7_2026 (2).xlsx,,,,,,,,,,,,,,,,,,1591.4,2.1,23075.0,287.0,1.26,0.44,1600.0,3098.0,8.0,250.0,13.0,-0.54,LB,,,,,,,,,,,,,,,,,
HINDALCO,,,,,,4.7,,,,,,,,,,,,,RESISTANCE,Resistance_25AUG26_Scan_27_7_2026 (2).xlsx,,,,,,,,,,,,,,,,,,954.0,0.5,54384.0,796.0,1.49,0.81,960.0,1049.0,37.0,647.0,16.0,-0.63,LB,,,,,,,,,,,,,,,,,
BHARATFORG,,,,,,20.1,,,,,,,,,,,,,RESISTANCE,Resistance_25AUG26_Scan_27_7_2026 (2).xlsx,,,,,,,,,,,,,,,,,,2185.9,0.93,10309.0,189.0,1.87,1.01,2200.0,344.0,-17.0,0.0,,-0.64,LB,,,,,,,,,,,,,,,,,
MANAPPURAM,,,,,,4.15,,,,,,,,,,,,,RESISTANCE,Resistance_25AUG26_Scan_27_7_2026 (2).xlsx,,,,,,,,,,,,,,,,,,357.6,1.17,8128.0,254.0,3.23,0.45,360.0,565.0,1.0,144.0,1.0,-0.67,LB,,,,,,,,,,,,,,,,,
HINDUNILVR,,,,,,24.4,,,,,,,,,,,,,RESISTANCE,Resistance_25AUG26_Scan_27_7_2026 (2).xlsx,,,,,,,,,,,,,,,,,,2182.1,1.13,37552.0,966.0,2.64,0.83,2200.0,1492.0,-39.0,667.0,32.0,-0.81,LB,,,,,,,,,,,,,,,,,
BANKBARODA,,,,,,0.25,,,,,,,,,,,,,RESISTANCE,Resistance_25AUG26_Scan_27_7_2026 (2).xlsx,,,,,,,,,,,,,,,,,,247.95,0.1,32362.0,1399.0,4.52,1.08,250.0,1688.0,389.0,1029.0,114.0,-0.82,LB,,,,,,,,,,,,,,,,,
NATIONALUM,,,,,,0.85,,,,,,,,,,,,,RESISTANCE,Resistance_25AUG26_Scan_27_7_2026 (2).xlsx,,,,,,,,,,,,,,,,,,347.05,0.25,14399.0,230.0,1.62,0.9,350.0,1518.0,-3.0,654.0,11.0,-0.84,LB,,,,,,,,,,,,,,,,,
ULTRACEMCO,,,,,,0.0,,,,,,,,,,,,,RESISTANCE,Resistance_25AUG26_Scan_27_7_2026 (2).xlsx,,,,,,,,,,,,,,,,,,11892.0,0.0,23701.0,585.0,2.53,0.5,12000.0,1135.0,9.0,473.0,-4.0,-0.9,-,,,,,,,,,,,,,,,,,
BANKNIFTY,,,,,,353.4,,,,,,,,,,,,,RESISTANCE,Resistance_25AUG26_Scan_27_7_2026 (2).xlsx,,,,,,,,,,,,,,,,,,57440.0,0.62,46509.0,833.0,1.82,0.84,58000.0,40219.0,95.0,20213.0,831.0,-0.97,LB,,,,,,,,,,,,,,,,,
COALINDIA,,,,,,-0.5,,,,,,,,,,,,,RESISTANCE,Resistance_25AUG26_Scan_27_7_2026 (2).xlsx,,,,,,,,,,,,,,,,,,425.7,-0.12,28725.0,206.0,0.72,0.95,430.0,1084.0,85.0,994.0,29.0,-1.0,SB,,,,,,,,,,,,,,,,,
BPCL,,,,,,4.25,,,,,,,,,,,,,RESISTANCE,Resistance_25AUG26_Scan_27_7_2026 (2).xlsx,,,,,,,,,,,,,,,,,,316.6,1.36,14135.0,121.0,0.86,0.83,320.0,539.0,46.0,188.0,12.0,-1.06,LB,,,,,,,,,,,,,,,,,
NYKAA,,,,,,1.5,,,,,,,,,,,,,RESISTANCE,Resistance_25AUG26_Scan_27_7_2026 (2).xlsx,,,,,,,,,,,,,,,,,,326.4,0.46,10132.0,197.0,1.98,0.99,330.0,159.0,58.0,0.0,,-1.09,LB,,,,,,,,,,,,,,,,,
MOTHERSON,,,,,,2.01,,,,,,,,,,,,,RESISTANCE,Resistance_25AUG26_Scan_27_7_2026 (2).xlsx,,,,,,,,,,,,,,,,,,148.3,1.37,11585.0,210.0,1.85,0.63,150.0,402.0,73.0,90.0,5.0,-1.13,LB,,,,,,,,,,,,,,,,,
VMM,,,,,,0.63,,,,,,,,,,,,,RESISTANCE,Resistance_25AUG26_Scan_27_7_2026 (2).xlsx,,,,,,,,,,,,,,,,,,108.64,0.58,6797.0,93.0,1.39,0.47,110.0,371.0,12.0,94.0,3.0,-1.24,LB,,,,,,,,,,,,,,,,,
CHOLAFIN,,,,,,40.8,,,,,,,,,,,,,RESISTANCE,Resistance_25AUG26_Scan_27_7_2026 (2).xlsx,,,,,,,,,,,,,,,,,,1775.7,2.35,14071.0,605.0,4.49,0.87,1800.0,257.0,15.0,122.0,5.0,-1.35,LB,,,,,,,,,,,,,,,,,
SONACOMS,,,,,,2.65,,,,,,,,,,,,,RESISTANCE,Resistance_25AUG26_Scan_27_7_2026 (2).xlsx,,,,,,,,,,,,,,,,,,720.0,0.37,6797.0,148.0,2.23,0.53,730.0,272.0,15.0,0.0,,-1.37,LB,,,,,,,,,,,,,,,,,
PETRONET,,,,,,0.4,,,,,,,,,,,,,RESISTANCE,Resistance_25AUG26_Scan_27_7_2026 (2).xlsx,,,,,,,,,,,,,,,,,,276.15,0.15,10292.0,108.0,1.06,0.93,280.0,354.0,37.0,100.0,4.0,-1.38,LB,,,,,,,,,,,,,,,,,
PAGEIND,,,,,,110.0,,,,,,,,,,,,,RESISTANCE,Resistance_25AUG26_Scan_27_7_2026 (2).xlsx,,,,,,,,,,,,,,,,,,40430.0,0.27,9538.0,363.0,3.96,0.77,41000.0,186.0,1.0,0.0,,-1.39,LB,,,,,,,,,,,,,,,,,
INDHOTEL,,,,,,8.5,,,,,,,,,,,,,RESISTANCE,Resistance_25AUG26_Scan_27_7_2026 (2).xlsx,,,,,,,,,,,,,,,,,,738.95,1.16,15185.0,401.0,2.71,0.78,750.0,347.0,33.0,0.0,,-1.47,LB,,,,,,,,,,,,,,,,,
APOLLOHOSP,,,,,,4.5,,,,,,,,,,,,,RESISTANCE,Resistance_25AUG26_Scan_27_7_2026 (2).xlsx,,,,,,,,,,,,,,,,,,8859.5,0.05,12428.0,200.0,1.64,0.74,9000.0,257.0,17.0,0.0,,-1.56,LB,,,,,,,,,,,,,,,,,
ICICIBANK,,,,,,-1.9,,,,,,,,,,,,,RESISTANCE,Resistance_25AUG26_Scan_27_7_2026 (2).xlsx,,,,,,,,,,,,,,,,,,1426.2,-0.13,113937.0,1174.0,1.04,0.65,1450.0,2194.0,90.0,1066.0,41.0,-1.64,SB,,,,,,,,,,,,,,,,,
MANKIND,,,,,,32.1,,,,,,,,,,,,,RESISTANCE,Resistance_25AUG26_Scan_27_7_2026 (2).xlsx,,,,,,,,,,,,,,,,,,2557.0,1.27,7832.0,443.0,6.0,0.71,2600.0,221.0,-16.0,0.0,,-1.65,LB,,,,,,,,,,,,,,,,,
MUTHOOTFIN,,,,,,42.6,,,,,,,,,,,,,RESISTANCE,Resistance_25AUG26_Scan_27_7_2026 (2).xlsx,,,,,,,,,,,,,,,,,,3047.3,1.42,17500.0,105.0,0.6,0.54,3100.0,779.0,-32.0,280.0,2.0,-1.7,LB,,,,,,,,,,,,,,,,,
DIVISLAB,,,,,,73.0,,,,,,,,,,,,,RESISTANCE,Resistance_25AUG26_Scan_27_7_2026 (2).xlsx,,,,,,,,,,,,,,,,,,7372.0,1.0,26552.0,378.0,1.44,0.87,7500.0,622.0,14.0,117.0,2.0,-1.71,LB,,,,,,,,,,,,,,,,,
PNBHOUSING,,,,,,4.8,,,,,,,,,,,,,RESISTANCE,Resistance_25AUG26_Scan_27_7_2026 (2).xlsx,,,,,,,,,,,,,,,,,,1061.2,0.45,6893.0,107.0,1.58,1.13,1080.0,84.0,6.0,0.0,,-1.74,LB,,,,,,,,,,,,,,,,,
NHPC,,,,,,0.48,,,,,,,,,,,,,RESISTANCE,Resistance_25AUG26_Scan_27_7_2026 (2).xlsx,,,,,,,,,,,,,,,,,,78.54,0.61,15467.0,188.0,1.23,0.82,80.0,623.0,12.0,372.0,0.0,-1.83,LB,,,,,,,,,,,,,,,,,
BAJAJHLDNG,,,,,,71.0,,,,,,,,,,,,,RESISTANCE,Resistance_25AUG26_Scan_27_7_2026 (2).xlsx,,,,,,,,,,,,,,,,,,10797.0,0.66,3234.0,53.0,1.67,0.56,11000.0,119.0,0.0,0.0,,-1.85,LB,,,,,,,,,,,,,,,,,
ADANIPOWER,,,,,,0.98,,,,,,,,,,,,,RESISTANCE,Resistance_25AUG26_Scan_27_7_2026 (2).xlsx,,,,,,,,,,,,,,,,,,215.9,0.46,24098.0,668.0,2.85,0.7,220.0,1178.0,7.0,697.0,-4.0,-1.86,LB,,,,,,,,,,,,,,,,,
MCX,,,,,,12.8,,,,,,,,,,,,,RESISTANCE,Resistance_25AUG26_Scan_27_7_2026 (2).xlsx,,,,,,,,,,,,,,,,,,2748.0,0.47,20567.0,452.0,2.25,0.89,2800.0,1550.0,50.0,1188.0,9.0,-1.86,LB,,,,,,,,,,,,,,,,,
INOXWIND,,,,,,1.32,,,,,,,,,,,,,RESISTANCE,Resistance_25AUG26_Scan_27_7_2026 (2).xlsx,,,,,,,,,,,,,,,,,,78.5,1.71,9786.0,321.0,3.39,0.74,80.0,457.0,-19.0,0.0,,-1.88,LB,,,,,,,,,,,,,,,,,
CANBK,,,,,,0.79,,,,,,,,,,,,,RESISTANCE,Resistance_25AUG26_Scan_27_7_2026 (2).xlsx,,,,,,,,,,,,,,,,,,127.53,0.62,40680.0,660.0,1.65,0.78,130.0,989.0,15.0,679.0,15.0,-1.9,LB,,,,,,,,,,,,,,,,,
SBILIFE,,,,,,-4.5,,,,,,,,,,,,,RESISTANCE,Resistance_25AUG26_Scan_27_7_2026 (2).xlsx,,,,,,,,,,,,,,,,,,1862.5,-0.24,14834.0,352.0,2.43,0.79,1900.0,545.0,201.0,187.0,1.0,-1.97,SB,,,,,,,,,,,,,,,,,
SUNPHARMA,,,,,,11.8,,,,,,,,,,,,,RESISTANCE,Resistance_25AUG26_Scan_27_7_2026 (2).xlsx,,,,,,,,,,,,,,,,,,1960.6,0.61,28326.0,694.0,2.51,0.83,2000.0,1159.0,74.0,375.0,5.0,-1.97,LB,,,,,,,,,,,,,,,,,
ICICIPRULI,,,,,,5.45,,,,,,,,,,,,,RESISTANCE,Resistance_25AUG26_Scan_27_7_2026 (2).xlsx,,,,,,,,,,,,,,,,,,509.4,1.08,15275.0,526.0,3.57,0.71,520.0,448.0,3.0,0.0,,-2.04,LB,,,,,,,,,,,,,,,,,
HINDPETRO,,,,,,8.05,,,,,,,,,,,,,RESISTANCE,Resistance_25AUG26_Scan_27_7_2026 (2).xlsx,,,,,,,,,,,,,,,,,,391.8,2.1,16686.0,105.0,0.63,0.79,400.0,545.0,-5.0,311.0,5.0,-2.05,LB,,,,,,,,,,,,,,,,,
POWERINDIA,,,,,,40.0,,,,,,,,,,,,,RESISTANCE,Resistance_25AUG26_Scan_27_7_2026 (2).xlsx,,,,,,,,,,,,,,,,,,31335.0,0.13,13771.0,432.0,3.24,1.09,32000.0,427.0,42.0,234.0,2.0,-2.08,LB,,,,,,,,,,,,,,,,,
INFY,,,,,,36.3,,,,,,,,,,,,,RESISTANCE,Resistance_25AUG26_Scan_27_7_2026 (2).xlsx,,,,,,,,,,,,,,,,,,1076.8,3.49,177099.0,4819.0,2.8,0.78,1100.0,9685.0,-210.0,2708.0,158.0,-2.11,LB,,,,,,,,,,,,,,,,,
HEROMOTOCO,,,,,,55.0,,,,,,,,,,,,,RESISTANCE,Resistance_25AUG26_Scan_27_7_2026 (2).xlsx,,,,,,,,,,,,,,,,,,5087.0,1.09,23455.0,605.0,2.65,0.59,5200.0,1095.0,-14.0,241.0,3.0,-2.17,LB,,,,,,,,,,,,,,,,,
KAYNES,,,,,,20.3,,,,,,,,,,,,,RESISTANCE,Resistance_25AUG26_Scan_27_7_2026 (2).xlsx,,,,,,,,,,,,,,,,,,3130.1,0.65,16388.0,631.0,4.0,0.99,3200.0,326.0,5.0,0.0,,-2.18,LB,,,,,,,,,,,,,,,,,
AMBER,,,,,,97.5,,,,,,,,,,,,,RESISTANCE,Resistance_25AUG26_Scan_27_7_2026 (2).xlsx,,,,,,,,,,,,,,,,,,7335.0,1.35,9368.0,203.0,2.21,0.84,7500.0,1392.0,-11.0,755.0,-15.0,-2.2,LB,,,,,,,,,,,,,,,,,
SBIN,,,,,,4.0,,,,,,,,,,,,,RESISTANCE,Resistance_25AUG26_Scan_27_7_2026 (2).xlsx,,,,,,,,,,,,,,,,,,1025.8,0.39,69682.0,834.0,1.21,0.88,1050.0,3226.0,55.0,1259.0,1.0,-2.3,LB,,,,,,,,,,,,,,,,,
PNB,,,,,,1.19,,,,,,,,,,,,,RESISTANCE,Resistance_25AUG26_Scan_27_7_2026 (2).xlsx,,,,,,,,,,,,,,,,,,112.33,1.07,26300.0,520.0,2.02,0.78,115.0,797.0,-9.0,162.0,8.0,-2.32,LB,,,,,,,,,,,,,,,,,
PHOENIXLTD,,,,,,24.8,,,,,,,,,,,,,RESISTANCE,Resistance_25AUG26_Scan_27_7_2026 (2).xlsx,,,,,,,,,,,,,,,,,,2049.4,1.22,7352.0,206.0,2.88,0.75,2100.0,84.0,1.0,0.0,,-2.41,LB,,,,,,,,,,,,,,,,,
BIOCON,,,,,,2.25,,,,,,,,,,,,,RESISTANCE,Resistance_25AUG26_Scan_27_7_2026 (2).xlsx,,,,,,,,,,,,,,,,,,438.75,0.52,12649.0,241.0,1.94,0.85,450.0,471.0,12.0,0.0,,-2.5,LB,,,,,,,,,,,,,,,,,
HYUNDAI,,,,,,27.0,,,,,,,,,,,,,RESISTANCE,Resistance_25AUG26_Scan_27_7_2026 (2).xlsx,,,,,,,,,,,,,,,,,,1950.0,1.4,12198.0,95.0,0.78,0.49,2000.0,2030.0,-9.0,414.0,-3.0,-2.5,LB,,,,,,,,,,,,,,,,,
NESTLEIND,,,,,,12.4,,,,,,,,,,,,,RESISTANCE,Resistance_25AUG26_Scan_27_7_2026 (2).xlsx,,,,,,,,,,,,,,,,,,1462.5,0.86,13137.0,135.0,1.04,0.5,1500.0,1466.0,12.0,356.0,17.0,-2.5,LB,,,,,,,,,,,,,,,,,
GODREJCP,,,,,,9.5,,,,,,,,,,,,,RESISTANCE,Resistance_25AUG26_Scan_27_7_2026 (2).xlsx,,,,,,,,,,,,,,,,,,1071.4,0.89,13763.0,224.0,1.65,0.54,1100.0,243.0,-5.0,34.0,1.0,-2.6,LB,,,,,,,,,,,,,,,,,
IEX,,,,,,1.44,,,,,,,,,,,,,RESISTANCE,Resistance_25AUG26_Scan_27_7_2026 (2).xlsx,,,,,,,,,,,,,,,,,,126.55,1.15,8038.0,106.0,1.34,0.93,130.0,630.0,37.0,128.0,23.0,-2.65,LB,,,,,,,,,,,,,,,,,
OIL,,,,,,-8.45,,,,,,,,,,,,,RESISTANCE,Resistance_25AUG26_Scan_27_7_2026 (2).xlsx,,,,,,,,,,,,,,,,,,437.9,-1.89,9296.0,123.0,1.34,0.87,450.0,308.0,-21.0,349.0,4.0,-2.69,SB,,,,,,,,,,,,,,,,,
CAMS,,,,,,13.85,,,,,,,,,,,,,RESISTANCE,Resistance_25AUG26_Scan_27_7_2026 (2).xlsx,,,,,,,,,,,,,,,,,,778.3,1.81,5696.0,56.0,0.99,0.78,800.0,197.0,-8.0,0.0,,-2.71,LB,,,,,,,,,,,,,,,,,
KOTAKBANK,,,,,,1.45,,,,,,,,,,,,,RESISTANCE,Resistance_25AUG26_Scan_27_7_2026 (2).xlsx,,,,,,,,,,,,,,,,,,388.95,0.37,64548.0,588.0,0.92,0.75,400.0,1298.0,34.0,474.0,5.0,-2.76,LB,,,,,,,,,,,,,,,,,
LUPIN,,,,,,46.1,,,,,,,,,,,,,RESISTANCE,Resistance_25AUG26_Scan_27_7_2026 (2).xlsx,,,,,,,,,,,,,,,,,,2430.9,1.93,8245.0,167.0,2.07,0.81,2500.0,557.0,191.0,0.0,,-2.76,LB,,,,,,,,,,,,,,,,,
KEI,,,,,,44.0,,,,,,,,,,,,,RESISTANCE,Resistance_25AUG26_Scan_27_7_2026 (2).xlsx,,,,,,,,,,,,,,,,,,4861.5,0.91,10633.0,31.0,0.29,0.62,5000.0,120.0,0.0,60.0,0.0,-2.77,LB,,,,,,,,,,,,,,,,,
PGEL,,,,,,7.7,,,,,,,,,,,,,RESISTANCE,Resistance_25AUG26_Scan_27_7_2026 (2).xlsx,,,,,,,,,,,,,,,,,,583.35,1.34,6192.0,322.0,5.49,0.66,600.0,408.0,8.0,255.0,0.0,-2.78,LB,,,,,,,,,,,,,,,,,
AUROPHARMA,,,,,,14.4,,,,,,,,,,,,,RESISTANCE,Resistance_25AUG26_Scan_27_7_2026 (2).xlsx,,,,,,,,,,,,,,,,,,1555.3,0.93,13209.0,91.0,0.69,1.03,1600.0,646.0,-4.0,0.0,,-2.79,LB,,,,,,,,,,,,,,,,,
CGPOWER,,,,,,-1.3,,,,,,,,,,,,,RESISTANCE,Resistance_25AUG26_Scan_27_7_2026 (2).xlsx,,,,,,,,,,,,,,,,,,874.9,-0.15,16486.0,647.0,4.08,0.65,900.0,820.0,111.0,367.0,15.0,-2.79,SB,,,,,,,,,,,,,,,,,
BAJAJ-AUTO,,,,,,-40.0,,,,,,,,,,,,,RESISTANCE,Resistance_25AUG26_Scan_27_7_2026 (2).xlsx,,,,,,,,,,,,,,,,,,11172.0,-0.36,20745.0,103.0,0.5,1.57,11500.0,1036.0,-12.0,265.0,1.0,-2.85,SB,,,,,,,,,,,,,,,,,
LICHSGFIN,,,,,,4.65,,,,,,,,,,,,,RESISTANCE,Resistance_25AUG26_Scan_27_7_2026 (2).xlsx,,,,,,,,,,,,,,,,,,534.2,0.88,17003.0,61.0,0.36,0.71,550.0,454.0,-8.0,185.0,-2.0,-2.87,LB,,,,,,,,,,,,,,,,,
BLUESTARCO,,,,,,18.5,,,,,,,,,,,,,RESISTANCE,Resistance_25AUG26_Scan_27_7_2026 (2).xlsx,,,,,,,,,,,,,,,,,,1651.0,1.13,7678.0,42.0,0.55,1.06,1700.0,158.0,0.0,0.0,,-2.88,LB,,,,,,,,,,,,,,,,,
GRASIM,,,,,,12.2,,,,,,,,,,,,,RESISTANCE,Resistance_25AUG26_Scan_27_7_2026 (2).xlsx,,,,,,,,,,,,,,,,,,3106.6,0.39,34982.0,337.0,0.97,0.73,3200.0,232.0,4.0,0.0,,-2.92,LB,,,,,,,,,,,,,,,,,
FORCEMOT,,,,,,-76.0,,,,,,,,,,,,,RESISTANCE,Resistance_25AUG26_Scan_27_7_2026 (2).xlsx,,,,,,,,,,,,,,,,,,17472.0,-0.43,7332.0,289.0,4.1,1.07,18000.0,387.0,57.0,201.0,63.0,-2.93,SB,,,,,,,,,,,,,,,,,
TVSMOTOR,,,,,,-1.8,,,,,,,,,,,,,RESISTANCE,Resistance_25AUG26_Scan_27_7_2026 (2).xlsx,,,,,,,,,,,,,,,,,,3881.7,-0.05,55306.0,621.0,1.14,0.63,4000.0,1065.0,-9.0,0.0,,-2.96,SB,,,,,,,,,,,,,,,,,
KALYANKJIL,,,,,,5.55,,,,,,,,,,,,,RESISTANCE,Resistance_25AUG26_Scan_27_7_2026 (2).xlsx,,,,,,,,,,,,,,,,,,582.0,0.96,13028.0,313.0,2.46,1.28,600.0,880.0,40.0,408.0,-5.0,-3.0,LB,,,,,,,,,,,,,,,,,
,,,,,,,,,,,,,,,,,,,UNKNOWN,Sector_Summary_25AUG26_Report_24_7_2026.xlsx,,,,,,,,,,,,,,,,,,,,,,,,,,,,,,,AIR TRANSPORT SERVICE,1 / 0 / 0,2.96,-97.04,0.31,72.42,LB,73.0,-301.0,-374.0,-0.65,,,,,,
,,,,,,,,,,,,,,,,,,,UNKNOWN,Sector_Summary_25AUG26_Report_24_7_2026.xlsx,,,,,,,,,,,,,,,,,,,,,,,,,,,,,,,PLANTATION & PLANTATION PRODUCTS,1 / 0 / 0,2.89,-92.21,1.72,67.67,LB,-484.0,-83.0,401.0,2.08,,,,,,
,,,,,,,,,,,,,,,,,,,UNKNOWN,Sector_Summary_25AUG26_Report_24_7_2026.xlsx,,,,,,,,,,,,,,,,,,,,,,,,,,,,,,,PAINTS/VARNISH,1 / 0 / 0,1.61,-96.66,0.65,62.63,LB,-280.0,101.0,381.0,1.33,,,,,,
,,,,,,,,,,,,,,,,,,,UNKNOWN,Sector_Summary_25AUG26_Report_24_7_2026.xlsx,,,,,,,,,,,,,,,,,,,,,,,,,,,,,,,TOBACCO PRODUCTS,2 / 0 / 0,1.48,-96.77,0.38,62.5,LB,-295.0,274.0,569.0,1.07,,,,,,
,,,,,,,,,,,,,,,,,,,UNKNOWN,Sector_Summary_25AUG26_Report_24_7_2026.xlsx,,,,,,,,,,,,,,,,,,,,,,,,,,,,,,,QUICK SERVICE RESTAURANT,1 / 0 / 0,1.46,-98.52,-0.19,58.92,SC,-314.0,-12.0,302.0,1.88,,,,,,
,,,,,,,,,,,,,,,,,,,UNKNOWN,Sector_Summary_25AUG26_Report_24_7_2026.xlsx,,,,,,,,,,,,,,,,,,,,,,,,,,,,,,,BANKNIFTY,14 / 0 / 0,1.38,-92.36,1.18,67.6,LB,58.0,102.0,44.0,0.51,,,,,,
,,,,,,,,,,,,,,,,,,,UNKNOWN,Sector_Summary_25AUG26_Report_24_7_2026.xlsx,,,,,,,,,,,,,,,,,,,,,,,,,,,,,,,REFINERIES,4 / 0 / 0,1.37,-96.93,0.56,64.29,LB,-53.0,-139.0,-86.0,0.31,,,,,,
,,,,,,,,,,,,,,,,,,,UNKNOWN,Sector_Summary_25AUG26_Report_24_7_2026.xlsx,,,,,,,,,,,,,,,,,,,,,,,,,,,,,,,BANKS,17 / 1 / 0,1.3,-92.67,1.09,65.11,LB,48.0,80.0,32.0,0.36,,,,,,
,,,,,,,,,,,,,,,,,,,UNKNOWN,Sector_Summary_25AUG26_Report_24_7_2026.xlsx,,,,,,,,,,,,,,,,,,,,,,,,,,,,,,,IT - SOFTWARE,13 / 0 / 0,1.29,-98.42,0.28,63.63,LB,-137.0,113.0,250.0,0.65,,,,,,
,,,,,,,,,,,,,,,,,,,UNKNOWN,Sector_Summary_25AUG26_Report_24_7_2026.xlsx,,,,,,,,,,,,,,,,,,,,,,,,,,,,,,,FINANCIAL SERVICES,6 / 0 / 0,1.2,-97.38,0.37,53.44,LB,79.0,9.0,-70.0,-0.08,,,,,,
,,,,,,,,,,,,,,,,,,,UNKNOWN,Sector_Summary_25AUG26_Report_24_7_2026.xlsx,,,,,,,,,,,,,,,,,,,,,,,,,,,,,,,E-COMMERCE/APP BASED AGGREGATOR,4 / 1 / 0,1.17,-98.12,0.23,63.15,LB,-239.0,42.0,281.0,0.52,,,,,,
,,,,,,,,,,,,,,,,,,,UNKNOWN,Sector_Summary_25AUG26_Report_24_7_2026.xlsx,,,,,,,,,,,,,,,,,,,,,,,,,,,,,,,FINANCE,18 / 1 / 0,1.16,-97.94,0.3,63.88,LB,-36.0,-3.0,33.0,0.12,,,,,,
,,,,,,,,,,,,,,,,,,,UNKNOWN,Sector_Summary_25AUG26_Report_24_7_2026.xlsx,,,,,,,,,,,,,,,,,,,,,,,,,,,,,,,GAS DISTRIBUTION,2 / 0 / 0,1.11,-98.94,0.09,64.56,LB,-13.0,-3.0,10.0,0.06,,,,,,
,,,,,,,,,,,,,,,,,,,UNKNOWN,Sector_Summary_25AUG26_Report_24_7_2026.xlsx,,,,,,,,,,,,,,,,,,,,,,,,,,,,,,,ALCOHOLIC BEVERAGES,2 / 0 / 0,1.06,-98.05,-0.11,60.88,LB,-19.0,61.0,19.0,0.1,,,,,,
,,,,,,,,,,,,,,,,,,,UNKNOWN,Sector_Summary_25AUG26_Report_24_7_2026.xlsx,,,,,,,,,,,,,,,,,,,,,,,,,,,,,,,CHEMICALS,2 / 0 / 0,1.03,-99.13,0.16,66.06,LB,-45.0,-68.0,-23.0,0.07,,,,,,
,,,,,,,,,,,,,,,,,,,UNKNOWN,Sector_Summary_25AUG26_Report_24_7_2026.xlsx,,,,,,,,,,,,,,,,,,,,,,,,,,,,,,,MISCELLANEOUS,3 / 0 / 0,1.0,-98.88,0.13,51.53,LB,14.0,-1.0,-15.0,-0.13,,,,,,
,,,,,,,,,,,,,,,,,,,UNKNOWN,Sector_Summary_25AUG26_Report_24_7_2026.xlsx,,,,,,,,,,,,,,,,,,,,,,,,,,,,,,,CAPITAL GOODS-NON ELECTRICAL EQUIPMENT,2 / 0 / 1,0.96,-98.32,0.43,58.82,LB,2.0,2.0,-1.0,0.06,,,,,,
,,,,,,,,,,,,,,,,,,,UNKNOWN,Sector_Summary_25AUG26_Report_24_7_2026.xlsx,,,,,,,,,,,,,,,,,,,,,,,,,,,,,,,INFRASTRUCTURE DEVELOPERS & OPERATORS,2 / 0 / 0,0.95,-98.76,0.08,58.25,LB,111.0,290.0,179.0,0.26,,,,,,
,,,,,,,,,,,,,,,,,,,UNKNOWN,Sector_Summary_25AUG26_Report_24_7_2026.xlsx,,,,,,,,,,,,,,,,,,,,,,,,,,,,,,,PLASTIC PRODUCTS,2 / 0 / 0,0.95,-99.38,0.13,68.51,LB,-5.0,7.0,12.0,0.1,,,,,,
,,,,,,,,,,,,,,,,,,,UNKNOWN,Sector_Summary_25AUG26_Report_24_7_2026.xlsx,,,,,,,,,,,,,,,,,,,,,,,,,,,,,,,REALTY,6 / 0 / 0,0.92,-97.83,0.37,64.76,LB,85.0,-33.0,-126.0,-0.85,,,,,,
,,,,,,,,,,,,,,,,,,,UNKNOWN,Sector_Summary_25AUG26_Report_24_7_2026.xlsx,,,,,,,,,,,,,,,,,,,,,,,,,,,,,,,HOTELS & RESTAURANTS,1 / 0 / 0,0.9,-98.63,0.2,70.99,LB,-103.0,-10.0,93.0,0.82,,,,,,
,,,,,,,,,,,,,,,,,,,UNKNOWN,Sector_Summary_25AUG26_Report_24_7_2026.xlsx,,,,,,,,,,,,,,,,,,,,,,,,,,,,,,,STOCK/ COMMODITY BROKERS,3 / 0 / 0,0.89,-97.65,0.91,64.35,LB,-1.0,56.0,58.0,0.51,,,,,,
,,,,,,,,,,,,,,,,,,,UNKNOWN,Sector_Summary_25AUG26_Report_24_7_2026.xlsx,,,,,,,,,,,,,,,,,,,,,,,,,,,,,,,FMCG,9 / 0 / 0,0.88,-98.76,0.18,62.83,LB,-77.0,-2.0,74.0,0.29,,,,,,
,,,,,,,,,,,,,,,,,,,UNKNOWN,Sector_Summary_25AUG26_Report_24_7_2026.xlsx,,,,,,,,,,,,,,,,,,,,,,,,,,,,,,,AUTO ANCILLARIES,4 / 0 / 0,0.86,-99.35,0.25,62.2,LB,15.0,7.0,-8.0,-0.08,,,,,,
,,,,,,,,,,,,,,,,,,,UNKNOWN,Sector_Summary_25AUG26_Report_24_7_2026.xlsx,,,,,,,,,,,,,,,,,,,,,,,,,,,,,,,STEEL,4 / 0 / 0,0.74,-95.89,0.47,60.62,LB,-11.0,-12.0,-1.0,-0.58,,,,,,
,,,,,,,,,,,,,,,,,,,UNKNOWN,Sector_Summary_25AUG26_Report_24_7_2026.xlsx,,,,,,,,,,,,,,,,,,,,,,,,,,,,,,,HEALTHCARE,2 / 1 / 0,0.73,-99.29,0.16,72.81,LB,-3.0,-13.0,-10.0,-0.14,,,,,,
,,,,,,,,,,,,,,,,,,,UNKNOWN,Sector_Summary_25AUG26_Report_24_7_2026.xlsx,,,,,,,,,,,,,,,,,,,,,,,,,,,,,,,AUTOMOBILE,9 / 1 / 0,0.72,-98.41,0.26,64.89,LB,36.0,-31.0,-66.0,-0.13,,,,,,
,,,,,,,,,,,,,,,,,,,UNKNOWN,Sector_Summary_25AUG26_Report_24_7_2026.xlsx,,,,,,,,,,,,,,,,,,,,,,,,,,,,,,,CABLES,2 / 0 / 0,0.72,-99.38,0.09,63.42,LB,-25.0,-16.0,9.0,-0.09,,,,,,
,,,,,,,,,,,,,,,,,,,UNKNOWN,Sector_Summary_25AUG26_Report_24_7_2026.xlsx,,,,,,,,,,,,,,,,,,,,,,,,,,,,,,,PHARMACEUTICALS,12 / 1 / 0,0.65,-98.65,0.22,64.09,LB,11.0,16.0,5.0,0.2,,,,,,
,,,,,,,,,,,,,,,,,,,UNKNOWN,Sector_Summary_25AUG26_Report_24_7_2026.xlsx,,,,,,,,,,,,,,,,,,,,,,,,,,,,,,,AGRO CHEMICALS,2 / 0 / 0,0.63,-99.34,0.05,66.6,LB,6.0,14.0,15.0,0.12,,,,,,
,,,,,,,,,,,,,,,,,,,UNKNOWN,Sector_Summary_25AUG26_Report_24_7_2026.xlsx,,,,,,,,,,,,,,,,,,,,,,,,,,,,,,,NIFTY,41 / 8 / 0,0.62,-98.19,0.28,65.52,LB,-53.0,-6.0,47.0,0.16,,,,,,
,,,,,,,,,,,,,,,,,,,UNKNOWN,Sector_Summary_25AUG26_Report_24_7_2026.xlsx,,,,,,,,,,,,,,,,,,,,,,,,,,,,,,,RETAIL,3 / 0 / 0,0.61,-99.62,0.76,73.02,LB,23.0,22.0,-1.0,0.0,,,,,,
,,,,,,,,,,,,,,,,,,,UNKNOWN,Sector_Summary_25AUG26_Report_24_7_2026.xlsx,,,,,,,,,,,,,,,,,,,,,,,,,,,,,,,MARINE PORT & SERVICES,1 / 0 / 0,0.56,-99.32,0.15,71.24,LB,46.0,78.0,32.0,0.13,,,,,,
,,,,,,,,,,,,,,,,,,,UNKNOWN,Sector_Summary_25AUG26_Report_24_7_2026.xlsx,,,,,,,,,,,,,,,,,,,,,,,,,,,,,,,"CASTINGS, FORGINGS & FASTNERS",1 / 0 / 0,0.54,-99.2,0.25,65.0,LB,-11.0,28.0,39.0,0.42,,,,,,
,,,,,,,,,,,,,,,,,,,UNKNOWN,Sector_Summary_25AUG26_Report_24_7_2026.xlsx,,,,,,,,,,,,,,,,,,,,,,,,,,,,,,,CAPITAL GOODS - ELECTRICAL EQUIPMENT,7 / 2 / 0,0.52,-98.61,0.28,63.16,LB,49.0,-12.0,-67.0,-0.27,,,,,,
,,,,,,,,,,,,,,,,,,,UNKNOWN,Sector_Summary_25AUG26_Report_24_7_2026.xlsx,,,,,,,,,,,,,,,,,,,,,,,,,,,,,,,CONSUMER DURABLES,7 / 1 / 0,0.5,-98.93,0.29,60.87,LB,54.0,-15.0,-69.0,-0.24,,,,,,
,,,,,,,,,,,,,,,,,,,UNKNOWN,Sector_Summary_25AUG26_Report_24_7_2026.xlsx,,,,,,,,,,,,,,,,,,,,,,,,,,,,,,,AEROSPACE & DEFENCE,6 / 0 / 0,0.49,-99.25,0.09,59.57,LB,46.0,-16.0,-73.0,-0.21,,,,,,
,,,,,,,,,,,,,,,,,,,UNKNOWN,Sector_Summary_25AUG26_Report_24_7_2026.xlsx,,,,,,,,,,,,,,,,,,,,,,,,,,,,,,,TRADING,2 / 0 / 0,0.49,-99.65,0.08,63.98,LB,71.0,63.0,-8.0,-0.08,,,,,,
,,,,,,,,,,,,,,,,,,,UNKNOWN,Sector_Summary_25AUG26_Report_24_7_2026.xlsx,,,,,,,,,,,,,,,,,,,,,,,,,,,,,,,"DIAMOND, GEMS AND JEWELLERY",2 / 0 / 0,0.47,-98.5,-0.04,58.9,LB,110.0,-46.0,-155.0,-0.22,,,,,,
,,,,,,,,,,,,,,,,,,,UNKNOWN,Sector_Summary_25AUG26_Report_24_7_2026.xlsx,,,,,,,,,,,,,,,,,,,,,,,,,,,,,,,NON FERROUS METALS,4 / 0 / 0,0.43,-98.24,0.29,51.85,LB,-31.0,11.0,42.0,0.19,,,,,,
,,,,,,,,,,,,,,,,,,,UNKNOWN,Sector_Summary_25AUG26_Report_24_7_2026.xlsx,,,,,,,,,,,,,,,,,,,,,,,,,,,,,,,INSURANCE,3 / 2 / 0,0.42,-99.1,0.14,63.62,LB,34.0,56.0,22.0,0.24,,,,,,
,,,,,,,,,,,,,,,,,,,UNKNOWN,Sector_Summary_25AUG26_Report_24_7_2026.xlsx,,,,,,,,,,,,,,,,,,,,,,,,,,,,,,,TELECOM-SERVICE,2 / 0 / 0,0.4,-98.88,0.14,69.33,LB,-230.0,-7.0,223.0,0.62,,,,,,
,,,,,,,,,,,,,,,,,,,UNKNOWN,Sector_Summary_25AUG26_Report_24_7_2026.xlsx,,,,,,,,,,,,,,,,,,,,,,,,,,,,,,,TELECOM EQUIPMENT & INFRA SERVICES,1 / 0 / 0,0.38,-99.64,0.08,59.09,LB,87.0,8.0,-79.0,-0.31,,,,,,
,,,,,,,,,,,,,,,,,,,UNKNOWN,Sector_Summary_25AUG26_Report_24_7_2026.xlsx,,,,,,,,,,,,,,,,,,,,,,,,,,,,,,,POWER GENERATION & DISTRIBUTION,7 / 1 / 0,0.37,-98.64,0.2,57.06,LB,-30.0,-9.0,21.0,0.06,,,,,,
,,,,,,,,,,,,,,,,,,,UNKNOWN,Sector_Summary_25AUG26_Report_24_7_2026.xlsx,,,,,,,,,,,,,,,,,,,,,,,,,,,,,,,READYMADE GARMENTS/ APPARELLS,1 / 0 / 0,0.3,-99.69,0.11,57.36,LB,39.0,14.0,-25.0,-0.32,,,,,,
,,,,,,,,,,,,,,,,,,,UNKNOWN,Sector_Summary_25AUG26_Report_24_7_2026.xlsx,,,,,,,,,,,,,,,,,,,,,,,,,,,,,,,LOGISTICS,1 / 1 / 0,0.19,-98.91,0.17,52.43,LB,12.0,-26.0,-38.0,-0.18,,,,,,
,,,,,,,,,,,,,,,,,,,UNKNOWN,Sector_Summary_25AUG26_Report_24_7_2026.xlsx,,,,,,,,,,,,,,,,,,,,,,,,,,,,,,,MINING & MINERAL PRODUCTS,1 / 1 / 0,0.17,-99.39,0.04,56.23,SB,9.0,-14.0,-23.0,-0.03,,,,,,
,,,,,,,,,,,,,,,,,,,UNKNOWN,Sector_Summary_25AUG26_Report_24_7_2026.xlsx,,,,,,,,,,,,,,,,,,,,,,,,,,,,,,,TEXTILES,1 / 0 / 0,0.16,-99.36,0.14,71.96,LB,14.0,-8.0,-22.0,-0.14,,,,,,
,,,,,,,,,,,,,,,,,,,UNKNOWN,Sector_Summary_25AUG26_Report_24_7_2026.xlsx,,,,,,,,,,,,,,,,,,,,,,,,,,,,,,,CEMENT,0 / 4 / 0,-0.58,-97.67,0.67,61.75,SB,86.0,24.0,-62.0,-0.16,,,,,,
,,,,,,,,,,,,,,,,,,,UNKNOWN,Sector_Summary_25AUG26_Report_24_7_2026.xlsx,,,,,,,,,,,,,,,,,,,,,,,,,,,,,,,CRUDE OIL & NATURAL GAS,0 / 2 / 0,-1.91,-97.56,0.27,55.28,SB,-35.0,-69.0,-34.0,0.07,,,,,,
,,,,,,,,,,,,,,,,,,,UNKNOWN,Sector_Summary_28JUL26_Report_20_7_2026.xlsx,,,,,,,,,,,,,,,,,,,,,,,,,,,,,,,CRUDE OIL & NATURAL GAS,2 / 0 / 0,2.83,122.9,0.78,8.66,SC,1753.0,1126.0,-628.0,0.88,,,,,,
,,,,,,,,,,,,,,,,,,,UNKNOWN,Sector_Summary_28JUL26_Report_20_7_2026.xlsx,,,,,,,,,,,,,,,,,,,,,,,,,,,,,,,POWER GENERATION & DISTRIBUTION,8 / 0 / 0,2.29,42.76,0.4,10.79,LB,-647.0,187.0,833.0,3.04,,,,,,
,,,,,,,,,,,,,,,,,,,UNKNOWN,Sector_Summary_28JUL26_Report_20_7_2026.xlsx,,,,,,,,,,,,,,,,,,,,,,,,,,,,,,,PHARMACEUTICALS,12 / 1 / 0,1.6,5.95,0.39,9.39,LB,-52.0,191.0,244.0,3.07,,,,,,
,,,,,,,,,,,,,,,,,,,UNKNOWN,Sector_Summary_28JUL26_Report_20_7_2026.xlsx,,,,,,,,,,,,,,,,,,,,,,,,,,,,,,,NON FERROUS METALS,4 / 0 / 0,1.57,-31.31,0.06,9.01,LB,-852.0,-4.0,848.0,2.14,,,,,,
,,,,,,,,,,,,,,,,,,,UNKNOWN,Sector_Summary_28JUL26_Report_20_7_2026.xlsx,,,,,,,,,,,,,,,,,,,,,,,,,,,,,,,RETAIL,3 / 0 / 0,1.54,36.64,-0.81,16.67,SC,-2280.0,-368.0,1912.0,4.2,,,,,,
,,,,,,,,,,,,,,,,,,,UNKNOWN,Sector_Summary_28JUL26_Report_20_7_2026.xlsx,,,,,,,,,,,,,,,,,,,,,,,,,,,,,,,QUICK SERVICE RESTAURANT,1 / 0 / 0,1.42,-11.31,1.55,14.27,LB,-824.0,-2.0,822.0,4.92,,,,,,
,,,,,,,,,,,,,,,,,,,UNKNOWN,Sector_Summary_28JUL26_Report_20_7_2026.xlsx,,,,,,,,,,,,,,,,,,,,,,,,,,,,,,,CEMENT,3 / 0 / 1,1.38,46.3,-1.43,9.8,SC,5061.0,1520.0,-3541.0,-9.05,,,,,,
,,,,,,,,,,,,,,,,,,,UNKNOWN,Sector_Summary_28JUL26_Report_20_7_2026.xlsx,,,,,,,,,,,,,,,,,,,,,,,,,,,,,,,CONSUMER DURABLES,7 / 1 / 0,1.3,-10.16,-0.29,9.1,LB,-619.0,268.0,886.0,2.54,,,,,,
,,,,,,,,,,,,,,,,,,,UNKNOWN,Sector_Summary_28JUL26_Report_20_7_2026.xlsx,,,,,,,,,,,,,,,,,,,,,,,,,,,,,,,ALCOHOLIC BEVERAGES,2 / 0 / 0,1.15,35.79,6.45,2.83,LB,199.0,-83.0,-282.0,-4.9,,,,,,
,,,,,,,,,,,,,,,,,,,UNKNOWN,Sector_Summary_28JUL26_Report_20_7_2026.xlsx,,,,,,,,,,,,,,,,,,,,,,,,,,,,,,,FINANCIAL SERVICES,4 / 2 / 0,1.12,-18.1,0.36,11.68,LB,-1.0,58.0,59.0,-0.61,,,,,,
,,,,,,,,,,,,,,,,,,,UNKNOWN,Sector_Summary_28JUL26_Report_20_7_2026.xlsx,,,,,,,,,,,,,,,,,,,,,,,,,,,,,,,CAPITAL GOODS-NON ELECTRICAL EQUIPMENT,3 / 0 / 0,1.09,-5.51,0.14,3.07,SC,-346.0,-239.0,106.0,0.42,,,,,,
,,,,,,,,,,,,,,,,,,,UNKNOWN,Sector_Summary_28JUL26_Report_20_7_2026.xlsx,,,,,,,,,,,,,,,,,,,,,,,,,,,,,,,PLASTIC PRODUCTS,2 / 0 / 0,1.07,-6.64,1.95,11.26,LB,-462.0,-239.0,223.0,1.42,,,,,,
,,,,,,,,,,,,,,,,,,,UNKNOWN,Sector_Summary_28JUL26_Report_20_7_2026.xlsx,,,,,,,,,,,,,,,,,,,,,,,,,,,,,,,READYMADE GARMENTS/ APPARELLS,1 / 0 / 0,1.07,-55.09,0.9,4.08,LB,-718.0,27.0,745.0,7.33,,,,,,
,,,,,,,,,,,,,,,,,,,UNKNOWN,Sector_Summary_28JUL26_Report_20_7_2026.xlsx,,,,,,,,,,,,,,,,,,,,,,,,,,,,,,,TEXTILES,1 / 0 / 0,1.05,-25.68,-0.91,5.44,SC,-444.0,-74.0,370.0,1.91,,,,,,
,,,,,,,,,,,,,,,,,,,UNKNOWN,Sector_Summary_28JUL26_Report_20_7_2026.xlsx,,,,,,,,,,,,,,,,,,,,,,,,,,,,,,,FMCG,6 / 3 / 0,0.96,-2.03,-0.36,10.14,SC,277.0,110.0,-166.0,-0.79,,,,,,
,,,,,,,,,,,,,,,,,,,UNKNOWN,Sector_Summary_28JUL26_Report_20_7_2026.xlsx,,,,,,,,,,,,,,,,,,,,,,,,,,,,,,,TOBACCO PRODUCTS,2 / 0 / 0,0.93,28.47,-1.16,17.33,SC,850.0,110.0,-740.0,1.51,,,,,,
,,,,,,,,,,,,,,,,,,,UNKNOWN,Sector_Summary_28JUL26_Report_20_7_2026.xlsx,,,,,,,,,,,,,,,,,,,,,,,,,,,,,,,STEEL,4 / 0 / 0,0.88,-3.18,-0.28,8.66,SC,-305.0,8.0,312.0,0.85,,,,,,
,,,,,,,,,,,,,,,,,,,UNKNOWN,Sector_Summary_28JUL26_Report_20_7_2026.xlsx,,,,,,,,,,,,,,,,,,,,,,,,,,,,,,,GAS DISTRIBUTION,2 / 0 / 0,0.87,50.46,-1.76,5.1,SC,-185.0,25.0,210.0,1.65,,,,,,
,,,,,,,,,,,,,,,,,,,UNKNOWN,Sector_Summary_28JUL26_Report_20_7_2026.xlsx,,,,,,,,,,,,,,,,,,,,,,,,,,,,,,,CABLES,2 / 0 / 0,0.8,-56.29,0.18,17.97,LB,-837.0,-90.0,747.0,3.12,,,,,,
,,,,,,,,,,,,,,,,,,,UNKNOWN,Sector_Summary_28JUL26_Report_20_7_2026.xlsx,,,,,,,,,,,,,,,,,,,,,,,,,,,,,,,"CASTINGS, FORGINGS & FASTNERS",1 / 0 / 0,0.8,-54.02,-0.43,3.43,SC,278.0,117.0,-161.0,-1.62,,,,,,
,,,,,,,,,,,,,,,,,,,UNKNOWN,Sector_Summary_28JUL26_Report_20_7_2026.xlsx,,,,,,,,,,,,,,,,,,,,,,,,,,,,,,,CAPITAL GOODS - ELECTRICAL EQUIPMENT,7 / 2 / 0,0.75,-8.22,1.17,13.94,LB,-239.0,77.0,317.0,2.21,,,,,,
,,,,,,,,,,,,,,,,,,,UNKNOWN,Sector_Summary_28JUL26_Report_20_7_2026.xlsx,,,,,,,,,,,,,,,,,,,,,,,,,,,,,,,HEALTHCARE,2 / 1 / 0,0.75,-31.77,-0.75,10.5,SC,-193.0,191.0,384.0,2.25,,,,,,
,,,,,,,,,,,,,,,,,,,UNKNOWN,Sector_Summary_28JUL26_Report_20_7_2026.xlsx,,,,,,,,,,,,,,,,,,,,,,,,,,,,,,,LOGISTICS,1 / 1 / 0,0.75,122.28,-0.54,12.01,SC,160.0,126.0,-34.0,-0.07,,,,,,
,,,,,,,,,,,,,,,,,,,UNKNOWN,Sector_Summary_28JUL26_Report_20_7_2026.xlsx,,,,,,,,,,,,,,,,,,,,,,,,,,,,,,,MINING & MINERAL PRODUCTS,2 / 0 / 0,0.72,-4.7,2.86,13.38,LB,257.0,375.0,118.0,1.57,,,,,,
,,,,,,,,,,,,,,,,,,,UNKNOWN,Sector_Summary_28JUL26_Report_20_7_2026.xlsx,,,,,,,,,,,,,,,,,,,,,,,,,,,,,,,MISCELLANEOUS,3 / 0 / 0,0.72,-18.84,-0.1,6.23,SC,-68.0,12.0,80.0,0.43,,,,,,
,,,,,,,,,,,,,,,,,,,UNKNOWN,Sector_Summary_28JUL26_Report_20_7_2026.xlsx,,,,,,,,,,,,,,,,,,,,,,,,,,,,,,,AEROSPACE & DEFENCE,3 / 2 / 1,0.7,28.46,1.48,18.75,LB,303.0,269.0,-34.0,0.89,,,,,,
,,,,,,,,,,,,,,,,,,,UNKNOWN,Sector_Summary_28JUL26_Report_20_7_2026.xlsx,,,,,,,,,,,,,,,,,,,,,,,,,,,,,,,REFINERIES,3 / 1 / 0,0.66,79.45,1.08,12.89,SC,4938.0,799.0,-4140.0,-1.42,,,,,,
,,,,,,,,,,,,,,,,,,,UNKNOWN,Sector_Summary_28JUL26_Report_20_7_2026.xlsx,,,,,,,,,,,,,,,,,,,,,,,,,,,,,,,TRADING,2 / 0 / 0,0.66,49.61,-0.9,7.81,SC,709.0,587.0,-122.0,1.11,,,,,,
,,,,,,,,,,,,,,,,,,,UNKNOWN,Sector_Summary_28JUL26_Report_20_7_2026.xlsx,,,,,,,,,,,,,,,,,,,,,,,,,,,,,,,INFRASTRUCTURE DEVELOPERS & OPERATORS,2 / 0 / 0,0.65,-10.46,0.77,18.86,SC,-961.0,-302.0,660.0,-0.32,,,,,,
,,,,,,,,,,,,,,,,,,,UNKNOWN,Sector_Summary_28JUL26_Report_20_7_2026.xlsx,,,,,,,,,,,,,,,,,,,,,,,,,,,,,,,BANKS,12 / 6 / 0,0.51,93.95,-0.25,16.69,SB,5847.0,2442.0,-3404.0,-1.24,,,,,,
,,,,,,,,,,,,,,,,,,,UNKNOWN,Sector_Summary_28JUL26_Report_20_7_2026.xlsx,,,,,,,,,,,,,,,,,,,,,,,,,,,,,,,PLANTATION & PLANTATION PRODUCTS,1 / 0 / 0,0.49,-9.99,0.84,13.95,LB,585.0,916.0,331.0,1.89,,,,,,
,,,,,,,,,,,,,,,,,,,UNKNOWN,Sector_Summary_28JUL26_Report_20_7_2026.xlsx,,,,,,,,,,,,,,,,,,,,,,,,,,,,,,,MARINE PORT & SERVICES,1 / 0 / 0,0.46,-50.64,-0.58,13.65,SC,149.0,299.0,150.0,0.6,,,,,,
,,,,,,,,,,,,,,,,,,,UNKNOWN,Sector_Summary_28JUL26_Report_20_7_2026.xlsx,,,,,,,,,,,,,,,,,,,,,,,,,,,,,,,IT - SOFTWARE,10 / 3 / 0,0.43,-28.24,-0.23,16.3,LU,-143.0,159.0,302.0,1.13,,,,,,
,,,,,,,,,,,,,,,,,,,UNKNOWN,Sector_Summary_28JUL26_Report_20_7_2026.xlsx,,,,,,,,,,,,,,,,,,,,,,,,,,,,,,,PAINTS/VARNISH,1 / 0 / 0,0.36,10.69,1.38,19.51,LB,697.0,651.0,-46.0,-0.14,,,,,,
,,,,,,,,,,,,,,,,,,,UNKNOWN,Sector_Summary_28JUL26_Report_20_7_2026.xlsx,,,,,,,,,,,,,,,,,,,,,,,,,,,,,,,AUTO ANCILLARIES,2 / 3 / 0,0.33,-0.02,-0.56,4.84,SC,252.0,155.0,-97.0,-0.84,,,,,,
,,,,,,,,,,,,,,,,,,,UNKNOWN,Sector_Summary_28JUL26_Report_20_7_2026.xlsx,,,,,,,,,,,,,,,,,,,,,,,,,,,,,,,NIFTY,35 / 14 / 0,0.31,-2.37,-0.28,16.15,SC,3086.0,1139.0,-1948.0,-1.06,,,,,,
,,,,,,,,,,,,,,,,,,,UNKNOWN,Sector_Summary_28JUL26_Report_20_7_2026.xlsx,,,,,,,,,,,,,,,,,,,,,,,,,,,,,,,BANKNIFTY,9 / 5 / 0,0.3,78.38,0.23,18.53,SB,7550.0,3069.0,-4481.0,-2.2,,,,,,
,,,,,,,,,,,,,,,,,,,UNKNOWN,Sector_Summary_28JUL26_Report_20_7_2026.xlsx,,,,,,,,,,,,,,,,,,,,,,,,,,,,,,,FINANCE,11 / 8 / 0,0.23,5.6,0.65,13.53,SB,324.0,159.0,-165.0,-0.49,,,,,,
,,,,,,,,,,,,,,,,,,,UNKNOWN,Sector_Summary_28JUL26_Report_20_7_2026.xlsx,,,,,,,,,,,,,,,,,,,,,,,,,,,,,,,CHEMICALS,1 / 1 / 0,0.21,-29.69,1.41,3.44,LB,64.0,18.0,-46.0,-0.57,,,,,,
,,,,,,,,,,,,,,,,,,,UNKNOWN,Sector_Summary_28JUL26_Report_20_7_2026.xlsx,,,,,,,,,,,,,,,,,,,,,,,,,,,,,,,AGRO CHEMICALS,1 / 1 / 0,0.17,68.85,1.23,9.43,LB,739.0,86.0,-653.0,-4.89,,,,,,
,,,,,,,,,,,,,,,,,,,UNKNOWN,Sector_Summary_28JUL26_Report_20_7_2026.xlsx,,,,,,,,,,,,,,,,,,,,,,,,,,,,,,,INSURANCE,3 / 2 / 0,0.14,-59.3,0.18,13.89,LB,-234.0,-226.0,8.0,0.05,,,,,,
,,,,,,,,,,,,,,,,,,,UNKNOWN,Sector_Summary_28JUL26_Report_20_7_2026.xlsx,,,,,,,,,,,,,,,,,,,,,,,,,,,,,,,"DIAMOND, GEMS AND JEWELLERY",1 / 1 / 0,0.06,-51.36,-1.19,16.05,SC,329.0,-781.0,-1110.0,-0.88,,,,,,
,,,,,,,,,,,,,,,,,,,UNKNOWN,Sector_Summary_28JUL26_Report_20_7_2026.xlsx,,,,,,,,,,,,,,,,,,,,,,,,,,,,,,,STOCK/ COMMODITY BROKERS,2 / 2 / 0,0.03,-32.51,0.27,9.58,LB,99.0,-127.0,-227.0,-2.68,,,,,,
,,,,,,,,,,,,,,,,,,,UNKNOWN,Sector_Summary_28JUL26_Report_20_7_2026.xlsx,,,,,,,,,,,,,,,,,,,,,,,,,,,,,,,TELECOM-SERVICE,1 / 1 / 0,-0.06,-30.31,0.21,30.5,LB,-1235.0,772.0,2007.0,3.12,,,,,,
,,,,,,,,,,,,,,,,,,,UNKNOWN,Sector_Summary_28JUL26_Report_20_7_2026.xlsx,,,,,,,,,,,,,,,,,,,,,,,,,,,,,,,REALTY,4 / 2 / 0,-0.07,-37.76,0.43,13.01,SB,-3.0,81.0,84.0,-0.18,,,,,,
,,,,,,,,,,,,,,,,,,,UNKNOWN,Sector_Summary_28JUL26_Report_20_7_2026.xlsx,,,,,,,,,,,,,,,,,,,,,,,,,,,,,,,TELECOM EQUIPMENT & INFRA SERVICES,0 / 1 / 0,-0.25,211.25,-0.38,14.13,LU,85.0,54.0,-31.0,-0.12,,,,,,
,,,,,,,,,,,,,,,,,,,UNKNOWN,Sector_Summary_28JUL26_Report_20_7_2026.xlsx,,,,,,,,,,,,,,,,,,,,,,,,,,,,,,,E-COMMERCE/APP BASED AGGREGATOR,3 / 2 / 0,-0.28,-9.35,-0.21,6.35,SC,1457.0,389.0,-1068.0,-3.95,,,,,,
,,,,,,,,,,,,,,,,,,,UNKNOWN,Sector_Summary_28JUL26_Report_20_7_2026.xlsx,,,,,,,,,,,,,,,,,,,,,,,,,,,,,,,HOTELS & RESTAURANTS,0 / 1 / 0,-0.37,-36.96,2.83,3.85,SB,459.0,219.0,-240.0,-2.09,,,,,,
,,,,,,,,,,,,,,,,,,,UNKNOWN,Sector_Summary_28JUL26_Report_20_7_2026.xlsx,,,,,,,,,,,,,,,,,,,,,,,,,,,,,,,AUTOMOBILE,4 / 6 / 0,-0.39,5.54,-0.13,10.63,LU,1418.0,180.0,-1238.0,-1.32,,,,,,
,,,,,,,,,,,,,,,,,,,UNKNOWN,Sector_Summary_28JUL26_Report_20_7_2026.xlsx,,,,,,,,,,,,,,,,,,,,,,,,,,,,,,,AIR TRANSPORT SERVICE,0 / 1 / 0,-0.42,125.23,-4.0,11.11,LU,200.0,637.0,437.0,1.03,,,,,,
BRITANNIA,,,,,,31.5,,,,,,,,,,,,,SUPPORT,Support_Resistance_25AUG26_Scan1_27_7_2026.xlsx,,,,,,,,,,,,,,,,,,5347.0,0.59,11968.0,77.0,0.65,0.87,5500.0,194.0,5.0,115.0,1.0,-2.78,LB,,,,,,,,,,,,,,,,,
IRFC,,,,,,0.94,,,,,,,,,,,,,SUPPORT,Support_Resistance_25AUG26_Scan1_27_7_2026.xlsx,,,,,,,,,,,,,,,,,,87.5,1.09,11340.0,135.0,1.2,0.85,90.0,1126.0,-3.0,1035.0,-5.0,-2.78,LB,,,,,,,,,,,,,,,,,
PGEL,,,,,,7.7,,,,,,,,,,,,,SUPPORT,Support_Resistance_25AUG26_Scan1_27_7_2026.xlsx,,,,,,,,,,,,,,,,,,583.35,1.34,6192.0,322.0,5.49,0.66,600.0,408.0,8.0,255.0,0.0,-2.78,LB,,,,,,,,,,,,,,,,,
KEI,,,,,,44.0,,,,,,,,,,,,,SUPPORT,Support_Resistance_25AUG26_Scan1_27_7_2026.xlsx,,,,,,,,,,,,,,,,,,4861.5,0.91,10633.0,31.0,0.29,0.62,5000.0,120.0,0.0,60.0,0.0,-2.77,LB,,,,,,,,,,,,,,,,,
PIIND,,,,,,26.6,,,,,,,,,,,,,SUPPORT,Support_Resistance_25AUG26_Scan1_27_7_2026.xlsx,,,,,,,,,,,,,,,,,,2724.0,0.99,13079.0,159.0,1.23,1.01,2800.0,269.0,8.0,278.0,58.0,-2.71,LB,,,,,,,,,,,,,,,,,
OIL,,,,,,-8.45,,,,,,,,,,,,,SUPPORT,Support_Resistance_25AUG26_Scan1_27_7_2026.xlsx,,,,,,,,,,,,,,,,,,437.9,-1.89,9296.0,123.0,1.34,0.87,450.0,308.0,-21.0,349.0,4.0,-2.69,SB,,,,,,,,,,,,,,,,,
NESTLEIND,,,,,,12.4,,,,,,,,,,,,,SUPPORT,Support_Resistance_25AUG26_Scan1_27_7_2026.xlsx,,,,,,,,,,,,,,,,,,1462.5,0.86,13137.0,135.0,1.04,0.5,1500.0,1466.0,12.0,356.0,17.0,-2.5,LB,,,,,,,,,,,,,,,,,
AMBER,,,,,,97.5,,,,,,,,,,,,,SUPPORT,Support_Resistance_25AUG26_Scan1_27_7_2026.xlsx,,,,,,,,,,,,,,,,,,7335.0,1.35,9368.0,203.0,2.21,0.84,7500.0,1392.0,-11.0,755.0,-15.0,-2.2,LB,,,,,,,,,,,,,,,,,
ONGC,,,,,,-4.8,,,,,,,,,,,,,SUPPORT,Support_Resistance_25AUG26_Scan1_27_7_2026.xlsx,,,,,,,,,,,,,,,,,,244.7,-1.92,15594.0,559.0,3.72,0.66,250.0,1135.0,102.0,680.0,15.0,-2.12,SB,,,,,,,,,,,,,,,,,
ABB,,,,,,-15.0,,,,,,,,,,,,,SUPPORT,Support_Resistance_25AUG26_Scan1_27_7_2026.xlsx,,,,,,,,,,,,,,,,,,7345.5,-0.2,12604.0,272.0,2.21,0.65,7500.0,506.0,39.0,377.0,22.0,-2.06,SB,,,,,,,,,,,,,,,,,
HINDPETRO,,,,,,8.05,,,,,,,,,,,,,SUPPORT,Support_Resistance_25AUG26_Scan1_27_7_2026.xlsx,,,,,,,,,,,,,,,,,,391.8,2.1,16686.0,105.0,0.63,0.79,400.0,545.0,-5.0,311.0,5.0,-2.05,LB,,,,,,,,,,,,,,,,,
CANBK,,,,,,0.79,,,,,,,,,,,,,SUPPORT,Support_Resistance_25AUG26_Scan1_27_7_2026.xlsx,,,,,,,,,,,,,,,,,,127.53,0.62,40680.0,660.0,1.65,0.78,130.0,989.0,15.0,679.0,15.0,-1.9,LB,,,,,,,,,,,,,,,,,
MCX,,,,,,12.8,,,,,,,,,,,,,SUPPORT,Support_Resistance_25AUG26_Scan1_27_7_2026.xlsx,,,,,,,,,,,,,,,,,,2748.0,0.47,20567.0,452.0,2.25,0.89,2800.0,1550.0,50.0,1188.0,9.0,-1.86,LB,,,,,,,,,,,,,,,,,
VMM,,,,,,0.63,,,,,,,,,,,,,SUPPORT,Support_Resistance_25AUG26_Scan1_27_7_2026.xlsx,,,,,,,,,,,,,,,,,,108.64,0.58,6797.0,93.0,1.39,0.47,110.0,371.0,12.0,94.0,3.0,-1.24,LB,,,,,,,,,,,,,,,,,
SRF,,,,,,22.9,,,,,,,,,,,,,SUPPORT,Support_Resistance_25AUG26_Scan1_27_7_2026.xlsx,,,,,,,,,,,,,,,,,,2672.0,0.86,16507.0,255.0,1.57,0.41,2700.0,928.0,44.0,804.0,-22.0,-1.04,LB,,,,,,,,,,,,,,,,,
COALINDIA,,,,,,-0.5,,,,,,,,,,,,,SUPPORT,Support_Resistance_25AUG26_Scan1_27_7_2026.xlsx,,,,,,,,,,,,,,,,,,425.7,-0.12,28725.0,206.0,0.72,0.95,430.0,1084.0,85.0,994.0,29.0,-1.0,SB,,,,,,,,,,,,,,,,,
BANKNIFTY,,,,,,353.4,,,,,,,,,,,,,SUPPORT,Support_Resistance_25AUG26_Scan1_27_7_2026.xlsx,,,,,,,,,,,,,,,,,,57440.0,0.62,46509.0,833.0,1.82,0.84,58000.0,40219.0,95.0,20213.0,831.0,-0.97,LB,,,,,,,,,,,,,,,,,
ULTRACEMCO,,,,,,0.0,,,,,,,,,,,,,SUPPORT,Support_Resistance_25AUG26_Scan1_27_7_2026.xlsx,,,,,,,,,,,,,,,,,,11892.0,0.0,23701.0,585.0,2.53,0.5,12000.0,1135.0,9.0,473.0,-4.0,-0.9,-,,,,,,,,,,,,,,,,,
ADANIPORTS,,,,,,4.3,,,,,,,,,,,,,SUPPORT,Support_Resistance_25AUG26_Scan1_27_7_2026.xlsx,,,,,,,,,,,,,,,,,,1784.8,0.24,29116.0,506.0,1.77,0.6,1800.0,531.0,27.0,568.0,1.0,-0.84,LB,,,,,,,,,,,,,,,,,
NATIONALUM,,,,,,0.85,,,,,,,,,,,,,SUPPORT,Support_Resistance_25AUG26_Scan1_27_7_2026.xlsx,,,,,,,,,,,,,,,,,,347.05,0.25,14399.0,230.0,1.62,0.9,350.0,1518.0,-3.0,654.0,11.0,-0.84,LB,,,,,,,,,,,,,,,,,
BANKBARODA,,,,,,0.25,,,,,,,,,,,,,SUPPORT,Support_Resistance_25AUG26_Scan1_27_7_2026.xlsx,,,,,,,,,,,,,,,,,,247.95,0.1,32362.0,1399.0,4.52,1.08,250.0,1688.0,389.0,1029.0,114.0,-0.82,LB,,,,,,,,,,,,,,,,,
RELIANCE,,,,,,3.3,,,,,,,,,,,,,SUPPORT,Support_Resistance_25AUG26_Scan1_27_7_2026.xlsx,,,,,,,,,,,,,,,,,,1289.4,0.26,131023.0,2927.0,2.29,0.8,1300.0,8087.0,146.0,5761.0,133.0,-0.82,LB,,,,,,,,,,,,,,,,,
HINDUNILVR,,,,,,24.4,,,,,,,,,,,,,SUPPORT,Support_Resistance_25AUG26_Scan1_27_7_2026.xlsx,,,,,,,,,,,,,,,,,,2182.1,1.13,37552.0,966.0,2.64,0.83,2200.0,1492.0,-39.0,667.0,32.0,-0.81,LB,,,,,,,,,,,,,,,,,
BANDHANBNK,,,,,,3.19,,,,,,,,,,,,,SUPPORT,Support_Resistance_25AUG26_Scan1_27_7_2026.xlsx,,,,,,,,,,,,,,,,,,168.65,1.93,27802.0,533.0,1.95,0.56,170.0,1599.0,-87.0,1661.0,-27.0,-0.79,LB,,,,,,,,,,,,,,,,,
INDUSTOWER,,,,,,1.35,,,,,,,,,,,,,SUPPORT,Support_Resistance_25AUG26_Scan1_27_7_2026.xlsx,,,,,,,,,,,,,,,,,,397.35,0.34,35725.0,532.0,1.51,0.49,400.0,381.0,15.0,265.0,36.0,-0.66,LB,,,,,,,,,,,,,,,,,
BEL,,,,,,0.65,,,,,,,,,,,,,SUPPORT,Support_Resistance_25AUG26_Scan1_27_7_2026.xlsx,,,,,,,,,,,,,,,,,,408.0,0.16,39400.0,827.0,2.14,0.74,410.0,2554.0,290.0,1491.0,33.0,-0.49,LB,,,,,,,,,,,,,,,,,
DELHIVERY,,,,,,3.4,,,,,,,,,,,,,SUPPORT,Support_Resistance_25AUG26_Scan1_27_7_2026.xlsx,,,,,,,,,,,,,,,,,,467.9,0.73,6882.0,497.0,7.78,0.52,470.0,117.0,8.0,231.0,0.0,-0.45,LB,,,,,,,,,,,,,,,,,
TATAPOWER,,,,,,1.8,,,,,,,,,,,,,SUPPORT,Support_Resistance_25AUG26_Scan1_27_7_2026.xlsx,,,,,,,,,,,,,,,,,,378.4,0.48,20278.0,429.0,2.16,0.66,380.0,1077.0,75.0,803.0,52.0,-0.42,LB,,,,,,,,,,,,,,,,,
PATANJALI,,,,,,5.9,,,,,,,,,,,,,SUPPORT,Support_Resistance_25AUG26_Scan1_27_7_2026.xlsx,,,,,,,,,,,,,,,,,,348.85,1.72,19760.0,337.0,1.74,0.61,350.0,1423.0,-19.0,964.0,-3.0,-0.33,LB,,,,,,,,,,,,,,,,,
TORNTPHARM,,,,,,79.4,,,,,,,,,,,,,SUPPORT,Support_Resistance_25AUG26_Scan1_27_7_2026.xlsx,,,,,,,,,,,,,,,,,,4989.6,1.62,30278.0,408.0,1.37,0.72,5000.0,784.0,28.0,363.0,112.0,-0.21,LB,,,,,,,,,,,,,,,,,
HDFCBANK,,,,,,0.5,,,,,,,,,,,,,SUPPORT,Support_Resistance_25AUG26_Scan1_27_7_2026.xlsx,,,,,,,,,,,,,,,,,,748.6,0.07,342509.0,4433.0,1.31,0.47,750.0,11880.0,933.0,7322.0,105.0,-0.19,LB,,,,,,,,,,,,,,,,,
IOC,,,,,,1.57,,,,,,,,,,,,,SUPPORT,Support_Resistance_25AUG26_Scan1_27_7_2026.xlsx,,,,,,,,,,,,,,,,,,139.75,1.14,22770.0,526.0,2.36,0.96,140.0,672.0,8.0,493.0,15.0,-0.18,LB,,,,,,,,,,,,,,,,,
FORCEMOT,,,,,,-76.0,,,,,,,,,,,,,SUPPORT,Support_Resistance_25AUG26_Scan1_27_7_2026.xlsx,,,,,,,,,,,,,,,,,,17472.0,-0.43,7332.0,289.0,4.1,1.07,17500.0,73.0,7.0,221.0,11.0,-0.16,SB,,,,,,,,,,,,,,,,,
M&M,,,,,,21.7,,,,,,,,,,,,,SUPPORT,Support_Resistance_25AUG26_Scan1_27_7_2026.xlsx,,,,,,,,,,,,,,,,,,3196.6,0.68,50176.0,810.0,1.64,0.9,3200.0,2123.0,64.0,1796.0,53.0,-0.11,LB,,,,,,,,,,,,,,,,,
DABUR,,,,,,4.4,,,,,,,,,,,,,SUPPORT,Support_Resistance_25AUG26_Scan1_27_7_2026.xlsx,,,,,,,,,,,,,,,,,,429.6,1.03,15832.0,638.0,4.2,0.72,430.0,469.0,29.0,319.0,12.0,-0.09,LB,,,,,,,,,,,,,,,,,
POWERGRID,,,,,,0.7,,,,,,,,,,,,,SUPPORT,Support_Resistance_25AUG26_Scan1_27_7_2026.xlsx,,,,,,,,,,,,,,,,,,289.95,0.24,13780.0,321.0,2.39,1.13,290.0,1165.0,101.0,741.0,29.0,-0.02,LB,,,,,,,,,,,,,,,,,
NIFTY,,,,,,142.4,,,,,,,,,,,,,SUPPORT,Support_Resistance_25AUG26_Scan1_27_7_2026.xlsx,,,,,,,,,,,,,,,,,,24017.0,0.6,127038.0,1101.0,0.87,1.05,24000.0,105974.0,1347.0,97703.0,-89.0,0.07,LB,,,,,,,,,,,,,,,,,
GRASIM,,,,,,12.2,,,,,,,,,,,,,SUPPORT,Support_Resistance_25AUG26_Scan1_27_7_2026.xlsx,,,,,,,,,,,,,,,,,,3106.6,0.39,34982.0,337.0,0.97,0.73,3100.0,172.0,25.0,248.0,37.0,0.21,LB,,,,,,,,,,,,,,,,,
RECLTD,,,,,,3.1,,,,,,,,,,,,,SUPPORT,Support_Resistance_25AUG26_Scan1_27_7_2026.xlsx,,,,,,,,,,,,,,,,,,361.0,0.87,15484.0,501.0,3.34,0.84,360.0,903.0,38.0,869.0,73.0,0.28,LB,,,,,,,,,,,,,,,,,
APLAPOLLO,,,,,,13.3,,,,,,,,,,,,,SUPPORT,Support_Resistance_25AUG26_Scan1_27_7_2026.xlsx,,,,,,,,,,,,,,,,,,1846.7,0.73,7509.0,141.0,1.91,1.09,1840.0,347.0,0.0,322.0,0.0,0.36,LB,,,,,,,,,,,,,,,,,
NTPC,,,,,,2.15,,,,,,,,,,,,,SUPPORT,Support_Resistance_25AUG26_Scan1_27_7_2026.xlsx,,,,,,,,,,,,,,,,,,351.25,0.62,34990.0,870.0,2.55,0.78,350.0,1214.0,195.0,582.0,119.0,0.36,LB,,,,,,,,,,,,,,,,,
MARUTI,,,,,,173.0,,,,,,,,,,,,,SUPPORT,Support_Resistance_25AUG26_Scan1_27_7_2026.xlsx,,,,,,,,,,,,,,,,,,13550.0,1.29,27928.0,627.0,2.3,0.5,13500.0,1332.0,13.0,1051.0,64.0,0.37,LB,,,,,,,,,,,,,,,,,
POLYCAB,,,,,,71.0,,,,,,,,,,,,,SUPPORT,Support_Resistance_25AUG26_Scan1_27_7_2026.xlsx,,,,,,,,,,,,,,,,,,9038.5,0.79,12618.0,181.0,1.46,0.6,9000.0,801.0,6.0,608.0,56.0,0.43,LB,,,,,,,,,,,,,,,,,
TRENT,,,,,,29.9,,,,,,,,,,,,,SUPPORT,Support_Resistance_25AUG26_Scan1_27_7_2026.xlsx,,,,,,,,,,,,,,,,,,2912.8,1.04,42918.0,429.0,1.01,0.82,2900.0,1535.0,28.0,1136.0,30.0,0.44,LB,,,,,,,,,,,,,,,,,
BAJAJFINSV,,,,,,24.7,,,,,,,,,,,,,SUPPORT,Support_Resistance_25AUG26_Scan1_27_7_2026.xlsx,,,,,,,,,,,,,,,,,,1908.6,1.31,20126.0,288.0,1.45,0.91,1900.0,1007.0,219.0,455.0,65.0,0.45,LB,,,,,,,,,,,,,,,,,
SUPREMEIND,,,,,,32.6,,,,,,,,,,,,,SUPPORT,Support_Resistance_25AUG26_Scan1_27_7_2026.xlsx,,,,,,,,,,,,,,,,,,3516.0,0.94,9104.0,157.0,1.75,0.71,3500.0,339.0,166.0,74.0,56.0,0.46,LB,,,,,,,,,,,,,,,,,
LICI,,,,,,5.8,,,,,,,,,,,,,SUPPORT,Support_Resistance_25AUG26_Scan1_27_7_2026.xlsx,,,,,,,,,,,,,,,,,,422.25,1.39,9172.0,33.0,0.36,0.39,420.0,348.0,-2.0,412.0,-6.0,0.54,LB,,,,,,,,,,,,,,,,,
UNITDSPR,,,,,,29.6,,,,,,,,,,,,,SUPPORT,Support_Resistance_25AUG26_Scan1_27_7_2026.xlsx,,,,,,,,,,,,,,,,,,1508.1,2.0,15113.0,130.0,0.87,0.83,1500.0,991.0,1.0,931.0,8.0,0.54,LB,,,,,,,,,,,,,,,,,
AMBUJACEM,,,,,,5.95,,,,,,,,,,,,,SUPPORT,Support_Resistance_25AUG26_Scan1_27_7_2026.xlsx,,,,,,,,,,,,,,,,,,432.45,1.4,38936.0,688.0,1.8,0.82,430.0,330.0,1.0,307.0,8.0,0.57,LB,,,,,,,,,,,,,,,,,
BHARTIARTL,,,,,,0.5,,,,,,,,,,,,,SUPPORT,Support_Resistance_25AUG26_Scan1_27_7_2026.xlsx,,,,,,,,,,,,,,,,,,1911.3,0.03,101435.0,500.0,0.5,0.79,1900.0,1682.0,94.0,1468.0,-5.0,0.59,LB,,,,,,,,,,,,,,,,,
CROMPTON,,,,,,-0.45,,,,,,,,,,,,,SUPPORT,Support_Resistance_25AUG26_Scan1_27_7_2026.xlsx,,,,,,,,,,,,,,,,,,251.5,-0.18,16393.0,269.0,1.67,0.41,250.0,119.0,-1.0,188.0,-5.0,0.6,SB,,,,,,,,,,,,,,,,,
SENSEX,,,,,,415.75,,,,,,,,,,,,,SUPPORT,Support_Resistance_25AUG26_Scan1_27_7_2026.xlsx,,,,,,,,,,,,,,,,,,76984.6,0.54,1185.0,-7.0,-0.59,0.87,76500.0,1423.0,-2.0,1406.0,7.0,0.63,SC,,,,,,,,,,,,,,,,,
DMART,,,,,,17.4,,,,,,,,,,,,,SUPPORT,Support_Resistance_25AUG26_Scan1_27_7_2026.xlsx,,,,,,,,,,,,,,,,,,4027.8,0.43,23683.0,304.0,1.3,0.66,4000.0,847.0,-5.0,666.0,9.0,0.7,LB,,,,,,,,,,,,,,,,,
HAL,,,,,,40.0,,,,,,,,,,,,,SUPPORT,Support_Resistance_25AUG26_Scan1_27_7_2026.xlsx,,,,,,,,,,,,,,,,,,4633.9,0.87,21336.0,363.0,1.73,0.72,4600.0,1475.0,72.0,1071.0,24.0,0.74,LB,,,,,,,,,,,,,,,,,
ASIANPAINT,,,,,,64.8,,,,,,,,,,,,,SUPPORT,Support_Resistance_25AUG26_Scan1_27_7_2026.xlsx,,,,,,,,,,,,,,,,,,2722.0,2.44,18980.0,369.0,1.98,0.76,2700.0,1025.0,269.0,465.0,129.0,0.81,LB,,,,,,,,,,,,,,,,,
MAXHEALTH,,,,,,25.2,,,,,,,,,,,,,SUPPORT,Support_Resistance_25AUG26_Scan1_27_7_2026.xlsx,,,,,,,,,,,,,,,,,,1108.9,2.33,14106.0,126.0,0.9,1.0,1100.0,330.0,46.0,486.0,2.0,0.81,LB,,,,,,,,,,,,,,,,,
YESBANK,,,,,,0.11,,,,,,,,,,,,,SUPPORT,Support_Resistance_25AUG26_Scan1_27_7_2026.xlsx,,,,,,,,,,,,,,,,,,23.2,0.48,20202.0,391.0,1.97,0.55,23.0,632.0,4.0,958.0,6.0,0.87,LB,,,,,,,,,,,,,,,,,
MARICO,,,,,,4.65,,,,,,,,,,,,,SUPPORT,Support_Resistance_25AUG26_Scan1_27_7_2026.xlsx,,,,,,,,,,,,,,,,,,858.45,0.54,7983.0,145.0,1.85,0.59,850.0,76.0,-3.0,76.0,0.0,0.99,LB,,,,,,,,,,,,,,,,,
INDUSINDBK,,,,,,8.15,,,,,,,,,,,,,SUPPORT,Support_Resistance_25AUG26_Scan1_27_7_2026.xlsx,,,,,,,,,,,,,,,,,,1010.0,0.81,36839.0,151.0,0.41,0.84,1000.0,1085.0,26.0,1209.0,21.0,1.0,LB,,,,,,,,,,,,,,,,,
COFORGE,,,,,,31.0,,,,,,,,,,,,,SUPPORT,Support_Resistance_25AUG26_Scan1_27_7_2026.xlsx,,,,,,,,,,,,,,,,,,1515.3,2.09,24975.0,776.0,3.21,0.64,1500.0,1492.0,69.0,853.0,50.0,1.02,LB,,,,,,,,,,,,,,,,,
ADANIENSOL,,,,,,5.1,,,,,,,,,,,,,SUPPORT,Support_Resistance_25AUG26_Scan1_27_7_2026.xlsx,,,,,,,,,,,,,,,,,,1717.8,0.3,18605.0,302.0,1.65,0.63,1700.0,451.0,11.0,311.0,5.0,1.05,LB,,,,,,,,,,,,,,,,,
LT,,,,,,27.3,,,,,,,,,,,,,SUPPORT,Support_Resistance_25AUG26_Scan1_27_7_2026.xlsx,,,,,,,,,,,,,,,,,,3839.8,0.72,42126.0,936.0,2.27,0.98,3800.0,1859.0,97.0,2203.0,54.0,1.05,LB,,,,,,,,,,,,,,,,,
MFSL,,,,,,10.0,,,,,,,,,,,,,SUPPORT,Support_Resistance_25AUG26_Scan1_27_7_2026.xlsx,,,,,,,,,,,,,,,,,,1536.3,0.66,13090.0,216.0,1.68,1.25,1520.0,0.0,,9.0,1.0,1.07,LB,,,,,,,,,,,,,,,,,
PAGEIND,,,,,,110.0,,,,,,,,,,,,,SUPPORT,Support_Resistance_25AUG26_Scan1_27_7_2026.xlsx,,,,,,,,,,,,,,,,,,40430.0,0.27,9538.0,363.0,3.96,0.77,40000.0,0.0,,91.0,0.0,1.08,LB,,,,,,,,,,,,,,,,,
OBEROIRLTY,,,,,,10.4,,,,,,,,,,,,,SUPPORT,Support_Resistance_25AUG26_Scan1_27_7_2026.xlsx,,,,,,,,,,,,,,,,,,1820.1,0.57,12493.0,139.0,1.13,0.57,1800.0,93.0,2.0,234.0,1.0,1.12,LB,,,,,,,,,,,,,,,,,
TATACONSUM,,,,,,19.4,,,,,,,,,,,,,SUPPORT,Support_Resistance_25AUG26_Scan1_27_7_2026.xlsx,,,,,,,,,,,,,,,,,,1113.8,1.77,20431.0,924.0,4.74,0.67,1100.0,597.0,62.0,471.0,89.0,1.25,LB,,,,,,,,,,,,,,,,,
LUPIN,,,,,,46.1,,,,,,,,,,,,,SUPPORT,Support_Resistance_25AUG26_Scan1_27_7_2026.xlsx,,,,,,,,,,,,,,,,,,2430.9,1.93,8245.0,167.0,2.07,0.81,2400.0,211.0,17.0,388.0,27.0,1.29,LB,,,,,,,,,,,,,,,,,
CIPLA,,,,,,2.4,,,,,,,,,,,,,SUPPORT,Support_Resistance_25AUG26_Scan1_27_7_2026.xlsx,,,,,,,,,,,,,,,,,,1419.1,0.17,18432.0,458.0,2.55,0.82,1400.0,242.0,-7.0,418.0,21.0,1.36,LB,,,,,,,,,,,,,,,,,
COLPAL,,,,,,29.1,,,,,,,,,,,,,SUPPORT,Support_Resistance_25AUG26_Scan1_27_7_2026.xlsx,,,,,,,,,,,,,,,,,,2129.2,1.39,10927.0,181.0,1.68,0.51,2100.0,742.0,23.0,492.0,5.0,1.39,LB,,,,,,,,,,,,,,,,,
UNIONBANK,,,,,,1.16,,,,,,,,,,,,,SUPPORT,Support_Resistance_25AUG26_Scan1_27_7_2026.xlsx,,,,,,,,,,,,,,,,,,172.54,0.68,20623.0,96.0,0.47,0.84,170.0,447.0,-22.0,521.0,8.0,1.49,LB,,,,,,,,,,,,,,,,,
MUTHOOTFIN,,,,,,42.6,,,,,,,,,,,,,SUPPORT,Support_Resistance_25AUG26_Scan1_27_7_2026.xlsx,,,,,,,,,,,,,,,,,,3047.3,1.42,17500.0,105.0,0.6,0.54,3000.0,766.0,-2.0,295.0,5.0,1.58,LB,,,,,,,,,,,,,,,,,
ALKEM,,,,,,37.0,,,,,,,,,,,,,SUPPORT,Support_Resistance_25AUG26_Scan1_27_7_2026.xlsx,,,,,,,,,,,,,,,,,,5692.0,0.65,6178.0,71.0,1.16,0.2,5600.0,38.0,0.0,12.0,-1.0,1.64,LB,,,,,,,,,,,,,,,,,
PRESTIGE,,,,,,21.8,,,,,,,,,,,,,SUPPORT,Support_Resistance_25AUG26_Scan1_27_7_2026.xlsx,,,,,,,,,,,,,,,,,,1626.5,1.36,7896.0,417.0,5.58,0.59,1600.0,428.0,0.0,159.0,4.0,1.66,LB,,,,,,,,,,,,,,,,,
ADANIENT,,,,,,9.9,,,,,,,,,,,,,SUPPORT,Support_Resistance_25AUG26_Scan1_27_7_2026.xlsx,,,,,,,,,,,,,,,,,,3050.0,0.33,32063.0,1171.0,3.79,0.75,3000.0,456.0,31.0,788.0,-2.0,1.67,LB,,,,,,,,,,,,,,,,,
BANKINDIA,,,,,,-1.13,,,,,,,,,,,,,SUPPORT,Support_Resistance_25AUG26_Scan1_27_7_2026.xlsx,,,,,,,,,,,,,,,,,,142.35,-0.79,10707.0,857.0,8.7,0.8,140.0,257.0,26.0,289.0,44.0,1.68,SB,,,,,,,,,,,,,,,,,
HEROMOTOCO,,,,,,55.0,,,,,,,,,,,,,SUPPORT,Support_Resistance_25AUG26_Scan1_27_7_2026.xlsx,,,,,,,,,,,,,,,,,,5087.0,1.09,23455.0,605.0,2.65,0.59,5000.0,727.0,33.0,682.0,28.0,1.74,LB,,,,,,,,,,,,,,,,,
BDL,,,,,,11.2,,,,,,,,,,,,,SUPPORT,Support_Resistance_25AUG26_Scan1_27_7_2026.xlsx,,,,,,,,,,,,,,,,,,1221.0,0.93,12291.0,170.0,1.4,0.92,1200.0,241.0,-2.0,562.0,-5.0,1.75,LB,,,,,,,,,,,,,,,,,
UPL,,,,,,4.65,,,,,,,,,,,,,SUPPORT,Support_Resistance_25AUG26_Scan1_27_7_2026.xlsx,,,,,,,,,,,,,,,,,,610.9,0.77,14774.0,231.0,1.59,0.99,600.0,145.0,1.0,401.0,6.0,1.82,LB,,,,,,,,,,,,,,,,,
ICICIBANK,,,,,,-1.9,,,,,,,,,,,,,SUPPORT,Support_Resistance_25AUG26_Scan1_27_7_2026.xlsx,,,,,,,,,,,,,,,,,,1426.2,-0.13,113937.0,1174.0,1.04,0.65,1400.0,466.0,22.0,1428.0,-6.0,1.87,SB,,,,,,,,,,,,,,,,,
ICICIPRULI,,,,,,5.45,,,,,,,,,,,,,SUPPORT,Support_Resistance_25AUG26_Scan1_27_7_2026.xlsx,,,,,,,,,,,,,,,,,,509.4,1.08,15275.0,526.0,3.57,0.71,500.0,420.0,-9.0,406.0,-9.0,1.88,LB,,,,,,,,,,,,,,,,,
BLUESTARCO,,,,,,18.5,,,,,,,,,,,,,SUPPORT,Support_Resistance_25AUG26_Scan1_27_7_2026.xlsx,,,,,,,,,,,,,,,,,,1651.0,1.13,7678.0,42.0,0.55,1.06,1620.0,0.0,,26.0,-9.0,1.91,LB,,,,,,,,,,,,,,,,,
SIEMENS,,,,,,9.8,,,,,,,,,,,,,SUPPORT,Support_Resistance_25AUG26_Scan1_27_7_2026.xlsx,,,,,,,,,,,,,,,,,,3671.0,0.27,15435.0,237.0,1.56,0.66,3600.0,190.0,-2.0,205.0,-2.0,1.97,LB,,,,,,,,,,,,,,,,,
PNB,,,,,,1.19,,,,,,,,,,,,,SUPPORT,Support_Resistance_25AUG26_Scan1_27_7_2026.xlsx,,,,,,,,,,,,,,,,,,112.33,1.07,26300.0,520.0,2.02,0.78,110.0,687.0,1.0,678.0,37.0,2.12,LB,,,,,,,,,,,,,,,,,
BPCL,,,,,,4.25,,,,,,,,,,,,,SUPPORT,Support_Resistance_25AUG26_Scan1_27_7_2026.xlsx,,,,,,,,,,,,,,,,,,316.6,1.36,14135.0,121.0,0.86,0.83,310.0,273.0,-14.0,287.0,-18.0,2.13,LB,,,,,,,,,,,,,,,,,
BSE,,,,,,3.8,,,,,,,,,,,,,SUPPORT,Support_Resistance_25AUG26_Scan1_27_7_2026.xlsx,,,,,,,,,,,,,,,,,,3574.8,0.11,22567.0,766.0,3.51,0.86,3500.0,351.0,38.0,1380.0,53.0,2.14,LB,,,,,,,,,,,,,,,,,
TVSMOTOR,,,,,,-1.8,,,,,,,,,,,,,SUPPORT,Support_Resistance_25AUG26_Scan1_27_7_2026.xlsx,,,,,,,,,,,,,,,,,,3881.7,-0.05,55306.0,621.0,1.14,0.63,3800.0,374.0,11.0,429.0,25.0,2.15,SB,,,,,,,,,,,,,,,,,
HDFCAMC,,,,,,35.7,,,,,,,,,,,,,SUPPORT,Support_Resistance_25AUG26_Scan1_27_7_2026.xlsx,,,,,,,,,,,,,,,,,,2554.7,1.42,14753.0,130.0,0.89,0.66,2500.0,171.0,3.0,476.0,7.0,2.19,LB,,,,,,,,,,,,,,,,,
FEDERALBNK,,,,,,2.45,,,,,,,,,,,,,SUPPORT,Support_Resistance_25AUG26_Scan1_27_7_2026.xlsx,,,,,,,,,,,,,,,,,,357.75,0.69,30058.0,217.0,0.73,0.94,350.0,550.0,-36.0,779.0,59.0,2.21,LB,,,,,,,,,,,,,,,,,
GODREJPROP,,,,,,15.4,,,,,,,,,,,,,SUPPORT,Support_Resistance_25AUG26_Scan1_27_7_2026.xlsx,,,,,,,,,,,,,,,,,,2045.4,0.76,14545.0,313.0,2.2,0.48,2000.0,408.0,5.0,376.0,13.0,2.27,LB,,,,,,,,,,,,,,,,,
PETRONET,,,,,,0.4,,,,,,,,,,,,,SUPPORT,Support_Resistance_25AUG26_Scan1_27_7_2026.xlsx,,,,,,,,,,,,,,,,,,276.15,0.15,10292.0,108.0,1.06,0.93,270.0,253.0,1.0,480.0,44.0,2.28,LB,,,,,,,,,,,,,,,,,
ASTRAL,,,,,,14.7,,,,,,,,,,,,,SUPPORT,Support_Resistance_25AUG26_Scan1_27_7_2026.xlsx,,,,,,,,,,,,,,,,,,1432.0,1.04,13838.0,163.0,1.19,1.09,1400.0,480.0,-16.0,505.0,-7.0,2.29,LB,,,,,,,,,,,,,,,,,
GODFRYPHLP,,,,,,48.0,,,,,,,,,,,,,SUPPORT,Support_Resistance_25AUG26_Scan1_27_7_2026.xlsx,,,,,,,,,,,,,,,,,,2148.7,2.28,4578.0,104.0,2.32,0.53,2100.0,311.0,6.0,245.0,24.0,2.32,LB,,,,,,,,,,,,,,,,,
SWIGGY,,,,,,7.48,,,,,,,,,,,,,SUPPORT,Support_Resistance_25AUG26_Scan1_27_7_2026.xlsx,,,,,,,,,,,,,,,,,,255.96,3.01,20302.0,374.0,1.88,0.69,250.0,456.0,-26.0,437.0,-40.0,2.38,LB,,,,,,,,,,,,,,,,,
WIPRO,,,,,,1.9,,,,,,,,,,,,,SUPPORT,Support_Resistance_25AUG26_Scan1_27_7_2026.xlsx,,,,,,,,,,,,,,,,,,174.19,1.1,71030.0,1509.0,2.17,0.72,170.0,1740.0,-9.0,1732.0,30.0,2.46,LB,,,,,,,,,,,,,,,,,
PHOENIXLTD,,,,,,24.8,,,,,,,,,,,,,SUPPORT,Support_Resistance_25AUG26_Scan1_27_7_2026.xlsx,,,,,,,,,,,,,,,,,,2049.4,1.22,7352.0,206.0,2.88,0.75,2000.0,43.0,0.0,59.0,2.0,2.47,LB,,,,,,,,,,,,,,,,,
SBIN,,,,,,4.0,,,,,,,,,,,,,SUPPORT,Support_Resistance_25AUG26_Scan1_27_7_2026.xlsx,,,,,,,,,,,,,,,,,,1025.8,0.39,69682.0,834.0,1.21,0.88,1000.0,1515.0,34.0,2719.0,17.0,2.58,LB,,,,,,,,,,,,,,,,,
NAM-INDIA,,,,,,22.0,,,,,,,,,,,,,SUPPORT,Support_Resistance_25AUG26_Scan1_27_7_2026.xlsx,,,,,,,,,,,,,,,,,,1128.7,1.99,8556.0,48.0,0.56,0.73,1100.0,26.0,-14.0,164.0,-1.0,2.61,LB,,,,,,,,,,,,,,,,,
SHRIRAMFIN,,,,,,14.2,,,,,,,,,,,,,SUPPORT,Support_Resistance_25AUG26_Scan1_27_7_2026.xlsx,,,,,,,,,,,,,,,,,,1026.1,1.4,24198.0,866.0,3.71,0.46,1000.0,646.0,-8.0,643.0,3.0,2.61,LB,,,,,,,,,,,,,,,,,
CDSL,,,,,,2.8,,,,,,,,,,,,,SUPPORT,Support_Resistance_25AUG26_Scan1_27_7_2026.xlsx,,,,,,,,,,,,,,,,,,1334.0,0.21,12579.0,449.0,3.7,0.86,1300.0,219.0,7.0,972.0,59.0,2.62,LB,,,,,,,,,,,,,,,,,
ZYDUSLIFE,,,,,,13.9,,,,,,,,,,,,,SUPPORT,Support_Resistance_25AUG26_Scan1_27_7_2026.xlsx,,,,,,,,,,,,,,,,,,1129.1,1.25,8771.0,273.0,3.21,0.81,1100.0,40.0,3.0,176.0,-1.0,2.65,LB,,,,,,,,,,,,,,,,,
LTF,,,,,,8.4,,,,,,,,,,,,,SUPPORT,Support_Resistance_25AUG26_Scan1_27_7_2026.xlsx,,,,,,,,,,,,,,,,,,308.0,2.8,17280.0,339.0,2.0,0.71,300.0,459.0,15.0,688.0,88.0,2.67,LB,,,,,,,,,,,,,,,,,
VBL,,,,,,3.0,,,,,,,,,,,,,SUPPORT,Support_Resistance_25AUG26_Scan1_27_7_2026.xlsx,,,,,,,,,,,,,,,,,,462.05,0.65,26221.0,560.0,2.18,0.48,450.0,61.0,2.0,261.0,116.0,2.68,LB,,,,,,,,,,,,,,,,,
BAJAJHLDNG,,,,,,71.0,,,,,,,,,,,,,SUPPORT,Support_Resistance_25AUG26_Scan1_27_7_2026.xlsx,,,,,,,,,,,,,,,,,,10797.0,0.66,3234.0,53.0,1.67,0.56,10500.0,0.0,,49.0,0.0,2.83,LB,,,,,,,,,,,,,,,,,
SAIL,,,,,,2.02,,,,,,,,,,,,,SUPPORT,Support_Resistance_25AUG26_Scan1_27_7_2026.xlsx,,,,,,,,,,,,,,,,,,164.55,1.24,19318.0,158.0,0.82,0.58,160.0,207.0,5.0,233.0,30.0,2.84,LB,,,,,,,,,,,,,,,,,
SONACOMS,,,,,,2.65,,,,,,,,,,,,,SUPPORT,Support_Resistance_25AUG26_Scan1_27_7_2026.xlsx,,,,,,,,,,,,,,,,,,720.0,0.37,6797.0,148.0,2.23,0.53,700.0,0.0,,207.0,5.0,2.86,LB,,,,,,,,,,,,,,,,,
ETERNAL,,,,,,6.5,,,,,,,,,,,,,SUPPORT,Support_Resistance_25AUG26_Scan1_27_7_2026.xlsx,,,,,,,,,,,,,,,,,,288.3,2.31,42408.0,715.0,1.71,0.5,280.0,1004.0,-79.0,1085.0,-15.0,2.96,LB,,,,,,,,,,,,,,,,,
LODHA,,,,,,35.35,,,,,,,,,,,,,SUPPORT,Support_Resistance_25AUG26_Scan1_27_7_2026.xlsx,,,,,,,,,,,,,,,,,,1132.85,3.22,18123.0,373.0,2.1,0.71,1100.0,224.0,-5.0,381.0,38.0,2.99,LB,,,,,,,,,,,,,,,,,
HYUNDAI,,,,,,21.5,,,,,,,,,,,,,SUPPORT,Support_Resistance_25AUG26_Scan_27_7_2026.xlsx,,,,,,,,,,,,,,,,,,1944.5,1.12,12129.0,26.0,0.21,0.48,2000.0,2039.0,0.0,417.0,0.0,-2.78,LB,,,,,,,,,,,,,,,,,
PGEL,,,,,,8.1,,,,,,,,,,,,,SUPPORT,Support_Resistance_25AUG26_Scan_27_7_2026.xlsx,,,,,,,,,,,,,,,,,,583.75,1.41,6018.0,148.0,2.52,0.69,600.0,405.0,5.0,255.0,0.0,-2.71,LB,,,,,,,,,,,,,,,,,
IREDA,,,,,,1.29,,,,,,,,,,,,,SUPPORT,Support_Resistance_25AUG26_Scan_27_7_2026.xlsx,,,,,,,,,,,,,,,,,,117.4,1.11,11434.0,9.0,0.08,0.95,120.0,533.0,-17.0,461.0,-10.0,-2.17,LB,,,,,,,,,,,,,,,,,
HINDPETRO,,,,,,7.6,,,,,,,,,,,,,SUPPORT,Support_Resistance_25AUG26_Scan_27_7_2026.xlsx,,,,,,,,,,,,,,,,,,391.35,1.98,16621.0,40.0,0.24,0.77,400.0,551.0,1.0,307.0,1.0,-2.16,LB,,,,,,,,,,,,,,,,,
ABB,,,,,,-11.0,,,,,,,,,,,,,SUPPORT,Support_Resistance_25AUG26_Scan_27_7_2026.xlsx,,,,,,,,,,,,,,,,,,7349.5,-0.15,12447.0,115.0,0.93,0.66,7500.0,466.0,-1.0,353.0,-2.0,-2.01,SB,,,,,,,,,,,,,,,,,
ONGC,,,,,,-3.45,,,,,,,,,,,,,SUPPORT,Support_Resistance_25AUG26_Scan_27_7_2026.xlsx,,,,,,,,,,,,,,,,,,246.05,-1.38,15147.0,112.0,0.74,0.64,250.0,1046.0,13.0,658.0,-7.0,-1.58,SB,,,,,,,,,,,,,,,,,
CGPOWER,,,,,,9.8,,,,,,,,,,,,,SUPPORT,Support_Resistance_25AUG26_Scan_27_7_2026.xlsx,,,,,,,,,,,,,,,,,,886.0,1.12,16113.0,274.0,1.73,0.65,900.0,735.0,26.0,350.0,-2.0,-1.56,LB,,,,,,,,,,,,,,,,,
CANBK,,,,,,1.35,,,,,,,,,,,,,SUPPORT,Support_Resistance_25AUG26_Scan_27_7_2026.xlsx,,,,,,,,,,,,,,,,,,128.09,1.07,40180.0,160.0,0.4,0.81,130.0,968.0,-6.0,666.0,2.0,-1.47,LB,,,,,,,,,,,,,,,,,
BANDHANBNK,,,,,,2.52,,,,,,,,,,,,,SUPPORT,Support_Resistance_25AUG26_Scan_27_7_2026.xlsx,,,,,,,,,,,,,,,,,,167.98,1.52,27430.0,161.0,0.59,0.56,170.0,1668.0,-18.0,1687.0,-1.0,-1.19,LB,,,,,,,,,,,,,,,,,
COALINDIA,,,,,,-1.2,,,,,,,,,,,,,SUPPORT,Support_Resistance_25AUG26_Scan_27_7_2026.xlsx,,,,,,,,,,,,,,,,,,425.0,-0.28,28567.0,48.0,0.17,0.95,430.0,1009.0,10.0,967.0,2.0,-1.16,SB,,,,,,,,,,,,,,,,,
ULTRACEMCO,,,,,,-27.0,,,,,,,,,,,,,SUPPORT,Support_Resistance_25AUG26_Scan_27_7_2026.xlsx,,,,,,,,,,,,,,,,,,11865.0,-0.23,23342.0,226.0,0.98,0.52,12000.0,1128.0,2.0,481.0,4.0,-1.13,SB,,,,,,,,,,,,,,,,,
LICHSGFIN,,,,,,4.65,,,,,,,,,,,,,SUPPORT,Support_Resistance_25AUG26_Scan_27_7_2026.xlsx,,,,,,,,,,,,,,,,,,534.2,0.88,16951.0,9.0,0.05,0.63,540.0,422.0,-12.0,226.0,1.0,-1.07,LB,,,,,,,,,,,,,,,,,
NATIONALUM,,,,,,0.1,,,,,,,,,,,,,SUPPORT,Support_Resistance_25AUG26_Scan_27_7_2026.xlsx,,,,,,,,,,,,,,,,,,346.3,0.03,14219.0,50.0,0.35,0.9,350.0,1521.0,0.0,643.0,0.0,-1.06,LB,,,,,,,,,,,,,,,,,
BANKNIFTY,,,,,,414.4,,,,,,,,,,,,,SUPPORT,Support_Resistance_25AUG26_Scan_27_7_2026.xlsx,,,,,,,,,,,,,,,,,,57501.0,0.73,45626.0,-50.0,-0.11,0.83,58000.0,40046.0,-78.0,19296.0,-86.0,-0.86,SC,,,,,,,,,,,,,,,,,
AMBUJACEM,,,,,,0.2,,,,,,,,,,,,,SUPPORT,Support_Resistance_25AUG26_Scan_27_7_2026.xlsx,,,,,,,,,,,,,,,,,,426.7,0.05,38375.0,127.0,0.33,0.83,430.0,338.0,9.0,299.0,0.0,-0.77,LB,,,,,,,,,,,,,,,,,
RELIANCE,,,,,,3.9,,,,,,,,,,,,,SUPPORT,Support_Resistance_25AUG26_Scan_27_7_2026.xlsx,,,,,,,,,,,,,,,,,,1290.0,0.3,128877.0,781.0,0.61,0.8,1300.0,7967.0,26.0,5668.0,40.0,-0.77,LB,,,,,,,,,,,,,,,,,
UNITDSPR,,,,,,10.9,,,,,,,,,,,,,SUPPORT,Support_Resistance_25AUG26_Scan_27_7_2026.xlsx,,,,,,,,,,,,,,,,,,1489.4,0.74,15042.0,59.0,0.39,0.75,1500.0,1002.0,12.0,925.0,2.0,-0.71,LB,,,,,,,,,,,,,,,,,
NMDC,,,,,,0.48,,,,,,,,,,,,,SUPPORT,Support_Resistance_25AUG26_Scan_27_7_2026.xlsx,,,,,,,,,,,,,,,,,,84.41,0.57,33706.0,12.0,0.04,0.99,85.0,533.0,1.0,343.0,1.0,-0.69,LB,,,,,,,,,,,,,,,,,
MAZDOCK,,,,,,10.6,,,,,,,,,,,,,SUPPORT,Support_Resistance_25AUG26_Scan_27_7_2026.xlsx,,,,,,,,,,,,,,,,,,2285.0,0.47,15568.0,16.0,0.1,0.93,2300.0,393.0,0.0,355.0,0.0,-0.65,LB,,,,,,,,,,,,,,,,,
BANKBARODA,,,,,,0.75,,,,,,,,,,,,,SUPPORT,Support_Resistance_25AUG26_Scan_27_7_2026.xlsx,,,,,,,,,,,,,,,,,,248.45,0.3,31377.0,414.0,1.34,1.1,250.0,1435.0,136.0,957.0,42.0,-0.62,LB,,,,,,,,,,,,,,,,,
SUZLON,,,,,,0.24,,,,,,,,,,,,,SUPPORT,Support_Resistance_25AUG26_Scan_27_7_2026.xlsx,,,,,,,,,,,,,,,,,,52.7,0.46,22796.0,46.0,0.2,0.55,53.0,474.0,7.0,331.0,-1.0,-0.57,LB,,,,,,,,,,,,,,,,,
BEL,,,,,,0.95,,,,,,,,,,,,,SUPPORT,Support_Resistance_25AUG26_Scan_27_7_2026.xlsx,,,,,,,,,,,,,,,,,,408.3,0.23,38696.0,123.0,0.32,0.77,410.0,2318.0,54.0,1457.0,-1.0,-0.41,LB,,,,,,,,,,,,,,,,,
VBL,,,,,,-0.7,,,,,,,,,,,,,SUPPORT,Support_Resistance_25AUG26_Scan_27_7_2026.xlsx,,,,,,,,,,,,,,,,,,458.35,-0.15,25777.0,116.0,0.45,0.44,460.0,232.0,14.0,208.0,10.0,-0.36,SB,,,,,,,,,,,,,,,,,
RECLTD,,,,,,1.2,,,,,,,,,,,,,SUPPORT,Support_Resistance_25AUG26_Scan_27_7_2026.xlsx,,,,,,,,,,,,,,,,,,359.1,0.34,15043.0,60.0,0.4,0.84,360.0,865.0,0.0,808.0,12.0,-0.25,LB,,,,,,,,,,,,,,,,,
DRREDDY,,,,,,-2.1,,,,,,,,,,,,,SUPPORT,Support_Resistance_25AUG26_Scan_27_7_2026.xlsx,,,,,,,,,,,,,,,,,,1148.3,-0.18,15616.0,67.0,0.43,0.73,1150.0,667.0,2.0,862.0,8.0,-0.15,SB,,,,,,,,,,,,,,,,,
RVNL,,,,,,2.63,,,,,,,,,,,,,SUPPORT,Support_Resistance_25AUG26_Scan_27_7_2026.xlsx,,,,,,,,,,,,,,,,,,224.68,1.18,12198.0,-5.0,-0.04,0.99,225.0,310.0,-3.0,271.0,0.0,-0.14,SC,,,,,,,,,,,,,,,,,
TRENT,,,,,,13.5,,,,,,,,,,,,,SUPPORT,Support_Resistance_25AUG26_Scan_27_7_2026.xlsx,,,,,,,,,,,,,,,,,,2896.4,0.47,42550.0,61.0,0.14,0.87,2900.0,1509.0,2.0,1107.0,1.0,-0.12,LB,,,,,,,,,,,,,,,,,
BAJAJFINSV,,,,,,14.7,,,,,,,,,,,,,SUPPORT,Support_Resistance_25AUG26_Scan_27_7_2026.xlsx,,,,,,,,,,,,,,,,,,1898.6,0.78,19865.0,27.0,0.14,0.99,1900.0,809.0,21.0,390.0,0.0,-0.07,LB,,,,,,,,,,,,,,,,,
HDFCBANK,,,,,,1.6,,,,,,,,,,,,,SUPPORT,Support_Resistance_25AUG26_Scan_27_7_2026.xlsx,,,,,,,,,,,,,,,,,,749.7,0.21,339669.0,1593.0,0.47,0.48,750.0,11228.0,281.0,7284.0,67.0,-0.04,LB,,,,,,,,,,,,,,,,,
MARUTI,,,,,,118.0,,,,,,,,,,,,,SUPPORT,Support_Resistance_25AUG26_Scan_27_7_2026.xlsx,,,,,,,,,,,,,,,,,,13495.0,0.88,27617.0,316.0,1.16,0.49,13500.0,1325.0,6.0,1003.0,16.0,-0.04,LB,,,,,,,,,,,,,,,,,
NIFTY,,,,,,115.8,,,,,,,,,,,,,SUPPORT,Support_Resistance_25AUG26_Scan_27_7_2026.xlsx,,,,,,,,,,,,,,,,,,23990.4,0.49,126250.0,313.0,0.25,1.05,24000.0,104653.0,26.0,98008.0,216.0,-0.04,LB,,,,,,,,,,,,,,,,,
HAL,,,,,,7.4,,,,,,,,,,,,,SUPPORT,Support_Resistance_25AUG26_Scan_27_7_2026.xlsx,,,,,,,,,,,,,,,,,,4601.3,0.16,21035.0,62.0,0.3,0.74,4600.0,1419.0,16.0,1053.0,6.0,0.03,LB,,,,,,,,,,,,,,,,,
M&M,,,,,,30.1,,,,,,,,,,,,,SUPPORT,Support_Resistance_25AUG26_Scan_27_7_2026.xlsx,,,,,,,,,,,,,,,,,,3205.0,0.95,49573.0,207.0,0.42,0.94,3200.0,2024.0,-35.0,1741.0,-2.0,0.16,LB,,,,,,,,,,,,,,,,,
COFORGE,,,,,,18.5,,,,,,,,,,,,,SUPPORT,Support_Resistance_25AUG26_Scan_27_7_2026.xlsx,,,,,,,,,,,,,,,,,,1502.8,1.25,24278.0,79.0,0.33,0.65,1500.0,1404.0,-19.0,794.0,-9.0,0.19,LB,,,,,,,,,,,,,,,,,
IOC,,,,,,2.1,,,,,,,,,,,,,SUPPORT,Support_Resistance_25AUG26_Scan_27_7_2026.xlsx,,,,,,,,,,,,,,,,,,140.28,1.52,22408.0,164.0,0.74,0.91,140.0,646.0,-18.0,469.0,-9.0,0.2,LB,,,,,,,,,,,,,,,,,
PNBHOUSING,,,,,,7.1,,,,,,,,,,,,,SUPPORT,Support_Resistance_25AUG26_Scan_27_7_2026.xlsx,,,,,,,,,,,,,,,,,,1063.5,0.67,6794.0,8.0,0.12,1.19,1060.0,0.0,,28.0,0.0,0.33,LB,,,,,,,,,,,,,,,,,
POLYCAB,,,,,,70.5,,,,,,,,,,,,,SUPPORT,Support_Resistance_25AUG26_Scan_27_7_2026.xlsx,,,,,,,,,,,,,,,,,,9038.0,0.79,12480.0,43.0,0.35,0.59,9000.0,800.0,5.0,565.0,13.0,0.42,LB,,,,,,,,,,,,,,,,,
NTPC,,,,,,2.55,,,,,,,,,,,,,SUPPORT,Support_Resistance_25AUG26_Scan_27_7_2026.xlsx,,,,,,,,,,,,,,,,,,351.65,0.73,34371.0,251.0,0.74,0.79,350.0,1066.0,47.0,490.0,27.0,0.47,LB,,,,,,,,,,,,,,,,,
SENSEX,,,,,,334.9,,,,,,,,,,,,,SUPPORT,Support_Resistance_25AUG26_Scan_27_7_2026.xlsx,,,,,,,,,,,,,,,,,,76903.75,0.44,1194.0,2.0,0.17,0.87,76500.0,1424.0,-1.0,1402.0,3.0,0.53,LB,,,,,,,,,,,,,,,,,
CROMPTON,,,,,,-0.6,,,,,,,,,,,,,SUPPORT,Support_Resistance_25AUG26_Scan_27_7_2026.xlsx,,,,,,,,,,,,,,,,,,251.35,-0.24,16166.0,42.0,0.26,0.41,250.0,0.0,,191.0,-2.0,0.54,SB,,,,,,,,,,,,,,,,,
LICI,,,,,,5.8,,,,,,,,,,,,,SUPPORT,Support_Resistance_25AUG26_Scan_27_7_2026.xlsx,,,,,,,,,,,,,,,,,,422.25,1.39,9138.0,-1.0,-0.01,0.39,420.0,350.0,0.0,418.0,0.0,0.54,SC,,,,,,,,,,,,,,,,,
BHARTIARTL,,,,,,-0.1,,,,,,,,,,,,,SUPPORT,Support_Resistance_25AUG26_Scan_27_7_2026.xlsx,,,,,,,,,,,,,,,,,,1910.7,-0.01,101069.0,134.0,0.13,0.82,1900.0,1617.0,29.0,1479.0,6.0,0.56,SB,,,,,,,,,,,,,,,,,
MAXHEALTH,,,,,,12.6,,,,,,,,,,,,,SUPPORT,Support_Resistance_25AUG26_Scan_27_7_2026.xlsx,,,,,,,,,,,,,,,,,,1096.3,1.16,14010.0,30.0,0.21,1.06,1090.0,0.0,,24.0,6.0,0.58,LB,,,,,,,,,,,,,,,,,
LUPIN,,,,,,29.9,,,,,,,,,,,,,SUPPORT,Support_Resistance_25AUG26_Scan_27_7_2026.xlsx,,,,,,,,,,,,,,,,,,2414.7,1.25,8102.0,24.0,0.3,0.93,2400.0,187.0,-7.0,364.0,3.0,0.61,LB,,,,,,,,,,,,,,,,,
APOLLOHOSP,,,,,,6.0,,,,,,,,,,,,,SUPPORT,Support_Resistance_25AUG26_Scan_27_7_2026.xlsx,,,,,,,,,,,,,,,,,,8861.0,0.07,12256.0,28.0,0.23,0.73,8800.0,41.0,1.0,33.0,11.0,0.69,LB,,,,,,,,,,,,,,,,,
FORCEMOT,,,,,,74.0,,,,,,,,,,,,,SUPPORT,Support_Resistance_25AUG26_Scan_27_7_2026.xlsx,,,,,,,,,,,,,,,,,,17622.0,0.42,7053.0,10.0,0.14,1.07,17500.0,0.0,,210.0,0.0,0.7,LB,,,,,,,,,,,,,,,,,
ADANIENSOL,,,,,,1.2,,,,,,,,,,,,,SUPPORT,Support_Resistance_25AUG26_Scan_27_7_2026.xlsx,,,,,,,,,,,,,,,,,,1713.9,0.07,18371.0,68.0,0.37,0.65,1700.0,444.0,4.0,305.0,-1.0,0.82,LB,,,,,,,,,,,,,,,,,
PAGEIND,,,,,,20.0,,,,,,,,,,,,,SUPPORT,Support_Resistance_25AUG26_Scan_27_7_2026.xlsx,,,,,,,,,,,,,,,,,,40340.0,0.05,9187.0,12.0,0.13,0.78,40000.0,0.0,,91.0,0.0,0.85,LB,,,,,,,,,,,,,,,,,
YESBANK,,,,,,0.11,,,,,,,,,,,,,SUPPORT,Support_Resistance_25AUG26_Scan_27_7_2026.xlsx,,,,,,,,,,,,,,,,,,23.2,0.48,19871.0,60.0,0.3,0.55,23.0,627.0,-1.0,952.0,0.0,0.87,LB,,,,,,,,,,,,,,,,,
LT,,,,,,21.5,,,,,,,,,,,,,SUPPORT,Support_Resistance_25AUG26_Scan_27_7_2026.xlsx,,,,,,,,,,,,,,,,,,3834.0,0.56,41441.0,251.0,0.61,0.97,3800.0,1789.0,27.0,2166.0,17.0,0.89,LB,,,,,,,,,,,,,,,,,
DMART,,,,,,29.4,,,,,,,,,,,,,SUPPORT,Support_Resistance_25AUG26_Scan_27_7_2026.xlsx,,,,,,,,,,,,,,,,,,4039.8,0.73,23410.0,31.0,0.13,0.67,4000.0,852.0,0.0,655.0,-2.0,1.0,LB,,,,,,,,,,,,,,,,,
GODFRYPHLP,,,,,,20.6,,,,,,,,,,,,,SUPPORT,Support_Resistance_25AUG26_Scan_27_7_2026.xlsx,,,,,,,,,,,,,,,,,,2121.3,0.98,4511.0,37.0,0.83,0.49,2100.0,304.0,-1.0,224.0,3.0,1.01,LB,,,,,,,,,,,,,,,,,
COLPAL,,,,,,21.9,,,,,,,,,,,,,SUPPORT,Support_Resistance_25AUG26_Scan_27_7_2026.xlsx,,,,,,,,,,,,,,,,,,2122.0,1.04,10751.0,5.0,0.05,0.53,2100.0,717.0,-2.0,487.0,0.0,1.05,LB,,,,,,,,,,,,,,,,,
INDUSINDBK,,,,,,8.7,,,,,,,,,,,,,SUPPORT,Support_Resistance_25AUG26_Scan_27_7_2026.xlsx,,,,,,,,,,,,,,,,,,1010.55,0.87,36684.0,-4.0,-0.01,0.83,1000.0,1067.0,8.0,1192.0,4.0,1.06,SC,,,,,,,,,,,,,,,,,
SHRIRAMFIN,,,,,,-1.1,,,,,,,,,,,,,SUPPORT,Support_Resistance_25AUG26_Scan_27_7_2026.xlsx,,,,,,,,,,,,,,,,,,1010.8,-0.11,23813.0,481.0,2.06,0.46,1000.0,663.0,9.0,637.0,-3.0,1.08,SB,,,,,,,,,,,,,,,,,
ADANIGREEN,,,,,,15.3,,,,,,,,,,,,,SUPPORT,Support_Resistance_25AUG26_Scan_27_7_2026.xlsx,,,,,,,,,,,,,,,,,,1417.0,1.09,25856.0,233.0,0.91,0.48,1400.0,551.0,-10.0,718.0,10.0,1.21,LB,,,,,,,,,,,,,,,,,
MARICO,,,,,,6.7,,,,,,,,,,,,,SUPPORT,Support_Resistance_25AUG26_Scan_27_7_2026.xlsx,,,,,,,,,,,,,,,,,,860.5,0.78,7853.0,15.0,0.19,0.6,850.0,78.0,-1.0,76.0,0.0,1.24,LB,,,,,,,,,,,,,,,,,
CIPLA,,,,,,0.9,,,,,,,,,,,,,SUPPORT,Support_Resistance_25AUG26_Scan_27_7_2026.xlsx,,,,,,,,,,,,,,,,,,1417.6,0.06,18002.0,28.0,0.16,0.81,1400.0,249.0,0.0,401.0,4.0,1.26,LB,,,,,,,,,,,,,,,,,
SWIGGY,,,,,,4.81,,,,,,,,,,,,,SUPPORT,Support_Resistance_25AUG26_Scan_27_7_2026.xlsx,,,,,,,,,,,,,,,,,,253.29,1.94,20125.0,197.0,0.99,0.72,250.0,476.0,-6.0,484.0,7.0,1.32,LB,,,,,,,,,,,,,,,,,
HEROMOTOCO,,,,,,41.1,,,,,,,,,,,,,SUPPORT,Support_Resistance_25AUG26_Scan_27_7_2026.xlsx,,,,,,,,,,,,,,,,,,5073.1,0.82,22957.0,107.0,0.47,0.57,5000.0,693.0,-1.0,656.0,2.0,1.46,LB,,,,,,,,,,,,,,,,,
BLUESTARCO,,,,,,13.6,,,,,,,,,,,,,SUPPORT,Support_Resistance_25AUG26_Scan_27_7_2026.xlsx,,,,,,,,,,,,,,,,,,1646.1,0.83,7646.0,10.0,0.13,1.1,1620.0,0.0,,35.0,0.0,1.61,LB,,,,,,,,,,,,,,,,,
GAIL,,,,,,2.09,,,,,,,,,,,,,SUPPORT,Support_Resistance_25AUG26_Scan_27_7_2026.xlsx,,,,,,,,,,,,,,,,,,172.75,1.22,15579.0,24.0,0.15,0.98,170.0,336.0,0.0,563.0,3.0,1.62,LB,,,,,,,,,,,,,,,,,
ALKEM,,,,,,39.0,,,,,,,,,,,,,SUPPORT,Support_Resistance_25AUG26_Scan_27_7_2026.xlsx,,,,,,,,,,,,,,,,,,5694.0,0.69,6110.0,3.0,0.05,0.21,5600.0,38.0,0.0,13.0,0.0,1.68,LB,,,,,,,,,,,,,,,,,
ICICIPRULI,,,,,,4.45,,,,,,,,,,,,,SUPPORT,Support_Resistance_25AUG26_Scan_27_7_2026.xlsx,,,,,,,,,,,,,,,,,,508.4,0.88,14812.0,63.0,0.43,0.7,500.0,417.0,-12.0,407.0,-8.0,1.68,LB,,,,,,,,,,,,,,,,,
MCX,,,,,,11.6,,,,,,,,,,,,,SUPPORT,Support_Resistance_25AUG26_Scan_27_7_2026.xlsx,,,,,,,,,,,,,,,,,,2746.8,0.42,20219.0,104.0,0.52,0.92,2700.0,373.0,-1.0,687.0,-5.0,1.73,LB,,,,,,,,,,,,,,,,,
GODREJPROP,,,,,,5.3,,,,,,,,,,,,,SUPPORT,Support_Resistance_25AUG26_Scan_27_7_2026.xlsx,,,,,,,,,,,,,,,,,,2035.3,0.26,14259.0,27.0,0.19,0.48,2000.0,0.0,,363.0,0.0,1.77,LB,,,,,,,,,,,,,,,,,
UPL,,,,,,4.6,,,,,,,,,,,,,SUPPORT,Support_Resistance_25AUG26_Scan_27_7_2026.xlsx,,,,,,,,,,,,,,,,,,610.85,0.76,14568.0,25.0,0.17,0.99,600.0,144.0,0.0,395.0,0.0,1.81,LB,,,,,,,,,,,,,,,,,
HDFCAMC,,,,,,27.0,,,,,,,,,,,,,SUPPORT,Support_Resistance_25AUG26_Scan_27_7_2026.xlsx,,,,,,,,,,,,,,,,,,2546.0,1.07,14640.0,17.0,0.12,0.65,2500.0,169.0,1.0,471.0,2.0,1.84,LB,,,,,,,,,,,,,,,,,
FEDERALBNK,,,,,,1.2,,,,,,,,,,,,,SUPPORT,Support_Resistance_25AUG26_Scan_27_7_2026.xlsx,,,,,,,,,,,,,,,,,,356.5,0.34,29865.0,24.0,0.08,0.95,350.0,586.0,0.0,723.0,3.0,1.86,LB,,,,,,,,,,,,,,,,,
WIPRO,,,,,,0.91,,,,,,,,,,,,,SUPPORT,Support_Resistance_25AUG26_Scan_27_7_2026.xlsx,,,,,,,,,,,,,,,,,,173.2,0.53,69895.0,374.0,0.54,0.74,170.0,1746.0,-3.0,1705.0,3.0,1.88,LB,,,,,,,,,,,,,,,,,
PNB,,,,,,0.94,,,,,,,,,,,,,SUPPORT,Support_Resistance_25AUG26_Scan_27_7_2026.xlsx,,,,,,,,,,,,,,,,,,112.08,0.85,25894.0,114.0,0.44,0.77,110.0,687.0,1.0,629.0,-12.0,1.89,LB,,,,,,,,,,,,,,,,,
ICICIBANK,,,,,,-0.7,,,,,,,,,,,,,SUPPORT,Support_Resistance_25AUG26_Scan_27_7_2026.xlsx,,,,,,,,,,,,,,,,,,1427.4,-0.05,112960.0,197.0,0.17,0.66,1400.0,471.0,27.0,1432.0,-2.0,1.96,SB,,,,,,,,,,,,,,,,,
ADANIENT,,,,,,19.2,,,,,,,,,,,,,SUPPORT,Support_Resistance_25AUG26_Scan_27_7_2026.xlsx,,,,,,,,,,,,,,,,,,3059.3,0.63,30925.0,33.0,0.11,0.77,3000.0,429.0,4.0,790.0,0.0,1.98,LB,,,,,,,,,,,,,,,,,
KFINTECH,,,,,,24.7,,,,,,,,,,,,,SUPPORT,Support_Resistance_25AUG26_Scan_27_7_2026.xlsx,,,,,,,,,,,,,,,,,,877.15,2.9,5246.0,129.0,2.52,0.7,860.0,135.0,-15.0,231.0,-8.0,1.99,LB,,,,,,,,,,,,,,,,,
INFY,,,,,,20.5,,,,,,,,,,,,,SUPPORT,Support_Resistance_25AUG26_Scan_27_7_2026.xlsx,,,,,,,,,,,,,,,,,,1061.0,1.97,174590.0,2310.0,1.34,0.76,1040.0,3263.0,-276.0,3648.0,34.0,2.02,LB,,,,,,,,,,,,,,,,,
TATACONSUM,,,,,,28.4,,,,,,,,,,,,,SUPPORT,Support_Resistance_25AUG26_Scan_27_7_2026.xlsx,,,,,,,,,,,,,,,,,,1122.8,2.6,19936.0,429.0,2.2,0.66,1100.0,508.0,-27.0,407.0,25.0,2.07,LB,,,,,,,,,,,,,,,,,
LTF,,,,,,6.75,,,,,,,,,,,,,SUPPORT,Support_Resistance_25AUG26_Scan_27_7_2026.xlsx,,,,,,,,,,,,,,,,,,306.35,2.25,16980.0,39.0,0.23,0.67,300.0,433.0,-11.0,594.0,-6.0,2.12,LB,,,,,,,,,,,,,,,,,
ASTRAL,,,,,,12.8,,,,,,,,,,,,,SUPPORT,Support_Resistance_25AUG26_Scan_27_7_2026.xlsx,,,,,,,,,,,,,,,,,,1430.1,0.9,13713.0,38.0,0.28,1.05,1400.0,0.0,,513.0,1.0,2.15,LB,,,,,,,,,,,,,,,,,
UNIONBANK,,,,,,2.32,,,,,,,,,,,,,SUPPORT,Support_Resistance_25AUG26_Scan_27_7_2026.xlsx,,,,,,,,,,,,,,,,,,173.7,1.35,20573.0,46.0,0.22,0.85,170.0,453.0,-16.0,515.0,2.0,2.18,LB,,,,,,,,,,,,,,,,,
BANKINDIA,,,,,,-0.15,,,,,,,,,,,,,SUPPORT,Support_Resistance_25AUG26_Scan_27_7_2026.xlsx,,,,,,,,,,,,,,,,,,143.33,-0.1,10213.0,363.0,3.69,0.84,140.0,235.0,4.0,263.0,18.0,2.38,SB,,,,,,,,,,,,,,,,,
BSE,,,,,,14.0,,,,,,,,,,,,,SUPPORT,Support_Resistance_25AUG26_Scan_27_7_2026.xlsx,,,,,,,,,,,,,,,,,,3585.0,0.39,21870.0,69.0,0.32,0.89,3500.0,321.0,8.0,1323.0,-4.0,2.43,LB,,,,,,,,,,,,,,,,,
INDIANB,,,,,,11.1,,,,,,,,,,,,,SUPPORT,Support_Resistance_25AUG26_Scan_27_7_2026.xlsx,,,,,,,,,,,,,,,,,,839.9,1.34,8215.0,68.0,0.83,0.94,820.0,0.0,,184.0,0.0,2.43,LB,,,,,,,,,,,,,,,,,
TVSMOTOR,,,,,,9.5,,,,,,,,,,,,,SUPPORT,Support_Resistance_25AUG26_Scan_27_7_2026.xlsx,,,,,,,,,,,,,,,,,,3893.0,0.24,54795.0,110.0,0.2,0.63,3800.0,0.0,,406.0,2.0,2.45,LB,,,,,,,,,,,,,,,,,
BPCL,,,,,,5.3,,,,,,,,,,,,,SUPPORT,Support_Resistance_25AUG26_Scan_27_7_2026.xlsx,,,,,,,,,,,,,,,,,,317.65,1.7,14184.0,170.0,1.21,0.85,310.0,277.0,-10.0,298.0,-7.0,2.47,LB,,,,,,,,,,,,,,,,,
PETRONET,,,,,,1.25,,,,,,,,,,,,,SUPPORT,Support_Resistance_25AUG26_Scan_27_7_2026.xlsx,,,,,,,,,,,,,,,,,,277.0,0.45,10227.0,43.0,0.42,0.89,270.0,250.0,-2.0,437.0,1.0,2.59,LB,,,,,,,,,,,,,,,,,
ETERNAL,,,,,,5.5,,,,,,,,,,,,,SUPPORT,Support_Resistance_25AUG26_Scan_27_7_2026.xlsx,,,,,,,,,,,,,,,,,,287.3,1.95,41883.0,190.0,0.46,0.5,280.0,1019.0,-64.0,1116.0,16.0,2.61,LB,,,,,,,,,,,,,,,,,
IRFC,,,,,,0.69,,,,,,,,,,,,,SUPPORT,Support_Resistance_25AUG26_Scan_27_7_2026.xlsx,,,,,,,,,,,,,,,,,,87.25,0.8,11220.0,15.0,0.13,0.86,85.0,0.0,,372.0,1.0,2.65,LB,,,,,,,,,,,,,,,,,
VEDL,,,,,,1.05,,,,,,,,,,,,,SUPPORT,Support_Resistance_25AUG26_Scan_27_7_2026.xlsx,,,,,,,,,,,,,,,,,,266.9,0.39,19974.0,127.0,0.64,0.78,260.0,2499.0,0.0,2616.0,4.0,2.65,LB,,,,,,,,,,,,,,,,,
SONACOMS,,,,,,1.25,,,,,,,,,,,,,SUPPORT,Support_Resistance_25AUG26_Scan_27_7_2026.xlsx,,,,,,,,,,,,,,,,,,718.6,0.17,6669.0,20.0,0.3,0.52,700.0,0.0,,202.0,0.0,2.66,LB,,,,,,,,,,,,,,,,,
SUNPHARMA,,,,,,2.2,,,,,,,,,,,,,SUPPORT,Support_Resistance_25AUG26_Scan_27_7_2026.xlsx,,,,,,,,,,,,,,,,,,1951.0,0.11,27661.0,29.0,0.1,0.81,1900.0,138.0,0.0,919.0,9.0,2.68,LB,,,,,,,,,,,,,,,,,
SBIN,,,,,,5.7,,,,,,,,,,,,,SUPPORT,Support_Resistance_25AUG26_Scan_27_7_2026.xlsx,,,,,,,,,,,,,,,,,,1027.5,0.56,69043.0,195.0,0.28,0.89,1000.0,1483.0,2.0,2703.0,1.0,2.75,LB,,,,,,,,,,,,,,,,,
PFC,,,,,,1.55,,,,,,,,,,,,,SUPPORT,Support_Resistance_25AUG26_Scan_27_7_2026.xlsx,,,,,,,,,,,,,,,,,,411.05,0.38,20168.0,69.0,0.34,0.85,400.0,391.0,-2.0,737.0,0.0,2.76,LB,,,,,,,,,,,,,,,,,
VOLTAS,,,,,,2.9,,,,,,,,,,,,,SUPPORT,Support_Resistance_25AUG26_Scan_27_7_2026.xlsx,,,,,,,,,,,,,,,,,,1338.0,0.22,15253.0,26.0,0.17,1.36,1300.0,0.0,,238.0,0.0,2.92,LB,,,,,,,,,,,,,,,,,
IDFCFIRSTB,,,,,,,,,,,,,,,,,,,VOLUME_OI,VolumeAndOISpikesScans1_25AUG26_Report_27_7_2026.xlsx,,,,,,,,,,,,,,,,,,87.01,,,,,,,,,,,,,,,7.12,,16.84,,,,,,,5.78,256138400,36914500,321.19 Cr,100819250,9.2
AUBANK,,,,,,,,,,,,,,,,,,,VOLUME_OI,VolumeAndOISpikesScans1_25AUG26_Report_27_7_2026.xlsx,,,,,,,,,,,,,,,,,,"1,043.7",,,,,,,,,,,,,,,3.25,,6.79,,,,,,,32.9,17564000,1117000,116.58 Cr,4453000,-58.01
BANKINDIA,,,,,,,,,,,,,,,,,,,VOLUME_OI,VolumeAndOISpikesScans1_25AUG26_Report_27_7_2026.xlsx,,,,,,,,,,,,,,,,,,142.3,,,,,,,,,,,,,,,-0.82,,8.06,,,,,,,-1.18,55348800,4128800,58.75 Cr,10514400,-60.35
LAURUSLABS,,,,,,,,,,,,,,,,,,,VOLUME_OI,VolumeAndOISpikesScans1_25AUG26_Report_27_7_2026.xlsx,,,,,,,,,,,,,,,,,,1668,,,,,,,,,,,,,,,3.45,,5.53,,,,,,,55.6,13262550,695300,115.98 Cr,2859400,-65.55
NIFTYNXT50,,,,,,,,,,,,,,,,,,,VOLUME_OI,VolumeAndOISpikesScans1_25AUG26_Report_27_7_2026.xlsx,,,,,,,,,,,,,,,,,,"72,801.4",,,,,,,,,,,,,,,0.98,,3.13,,,,,,,707.2,9050,275,2.00 Cr,775,-69.0
KFINTECH,,,,,,,,,,,,,,,,,,,VOLUME_OI,VolumeAndOISpikesScans1_25AUG26_Report_27_7_2026.xlsx,,,,,,,,,,,,,,,,,,898.9,,,,,,,,,,,,,,,5.45,,2.62,,,,,,,46.45,3019325,77050,6.93 Cr,669875,-77.34
BANKBARODA,,,,,,,,,,,,,,,,,,,VOLUME_OI,VolumeAndOISpikesScans1_25AUG26_Report_27_7_2026.xlsx,,,,,,,,,,,,,,,,,,248.5,,,,,,,,,,,,,,,0.32,,4.02,,,,,,,0.8,94205475,3638700,90.42 Cr,8921250,-77.74
RECLTD,,,,,,,,,,,,,,,,,,,VOLUME_OI,VolumeAndOISpikesScans1_25AUG26_Report_27_7_2026.xlsx,,,,,,,,,,,,,,,,,,361.05,,,,,,,,,,,,,,,0.88,,3.26,,,,,,,3.15,24366825,768600,27.75 Cr,2269575,-79.66
JINDALSTEL,,,,,,,,,,,,,,,,,,,VOLUME_OI,VolumeAndOISpikesScans1_25AUG26_Report_27_7_2026.xlsx,,,,,,,,,,,,,,,,,,"1,055.7",,,,,,,,,,,,,,,1.41,,2.81,,,,,,,14.7,7360625,201250,21.25 Cr,578125,-81.31
BANKNIFTY,,,,,,,,,,,,,,,,,,,VOLUME_OI,VolumeAndOISpikesScans1_25AUG26_Report_27_7_2026.xlsx,,,,,,,,,,,,,,,,,,57430,,,,,,,,,,,,,,,0.6,,1.8,,,,,,,343.4,1394970,24690,141.79 Cr,121770,-82.03
FINNIFTY,,,,,,,,,,,,,,,,,,,VOLUME_OI,VolumeAndOISpikesScans1_25AUG26_Report_27_7_2026.xlsx,,,,,,,,,,,,,,,,,,"26,294.8",,,,,,,,,,,,,,,0.82,,2.43,,,,,,,212.8,12660,300,78.88 L,1500,-82.76
OFSS,,,,,,,,,,,,,,,,,,,VOLUME_OI,VolumeAndOISpikesScans1_25AUG26_Report_27_7_2026.xlsx,,,,,,,,,,,,,,,,,,11203,,,,,,,,,,,,,,,4.88,,-0.97,,,,,,,521,1068200,-10500,-11.76 Cr,134000,-83.49
TATACONSUM,,,,,,,,,,,,,,,,,,,VOLUME_OI,VolumeAndOISpikesScans1_25AUG26_Report_27_7_2026.xlsx,,,,,,,,,,,,,,,,,,1114,,,,,,,,,,,,,,,1.79,,4.53,,,,,,,19.6,11215050,486200,54.16 Cr,948200,-84.36
PGEL,,,,,,,,,,,,,,,,,,,VOLUME_OI,VolumeAndOISpikesScans1_25AUG26_Report_27_7_2026.xlsx,,,,,,,,,,,,,,,,,,583.05,,,,,,,,,,,,,,,1.29,,5.35,,,,,,,7.4,5874800,298300,17.39 Cr,599450,-85.49
DELHIVERY,,,,,,,,,,,,,,,,,,,VOLUME_OI,VolumeAndOISpikesScans1_25AUG26_Report_27_7_2026.xlsx,,,,,,,,,,,,,,,,,,468.1,,,,,,,,,,,,,,,0.78,,7.53,,,,,,,3.6,14246950,998075,46.72 Cr,1191050,-85.72
ASIANPAINT,,,,,,,,,,,,,,,,,,,VOLUME_OI,VolumeAndOISpikesScans1_25AUG26_Report_27_7_2026.xlsx,,,,,,,,,,,,,,,,,,2725,,,,,,,,,,,,,,,2.55,,1.87,,,,,,,67.8,4739750,87000,23.71 Cr,350000,-86.27
LODHA,,,,,,,,,,,,,,,,,,,VOLUME_OI,VolumeAndOISpikesScans1_25AUG26_Report_27_7_2026.xlsx,,,,,,,,,,,,,,,,,,1125,,,,,,,,,,,,,,,2.51,,1.99,,,,,,,27.5,11315000,221250,24.89 Cr,951250,-86.36
ITC,,,,,,,,,,,,,,,,,,,VOLUME_OI,VolumeAndOISpikesScans1_25AUG26_Report_27_7_2026.xlsx,,,,,,,,,,,,,,,,,,288.75,,,,,,,,,,,,,,,1.19,,2.95,,,,,,,3.4,104324550,2992875,86.42 Cr,5802900,-86.47
ICICIPRULI,,,,,,,,,,,,,,,,,,,VOLUME_OI,VolumeAndOISpikesScans1_25AUG26_Report_27_7_2026.xlsx,,,,,,,,,,,,,,,,,,510.05,,,,,,,,,,,,,,,1.21,,3.48,,,,,,,6.1,14117350,474525,24.20 Cr,758500,-86.9
ONGC,,,,,,,,,,,,,,,,,,,VOLUME_OI,VolumeAndOISpikesScans1_25AUG26_Report_27_7_2026.xlsx,,,,,,,,,,,,,,,,,,244.7,,,,,,,,,,,,,,,-1.92,,3.57,,,,,,,-4.8,35034750,1206000,29.51 Cr,2427750,-86.95
ETERNAL,,,,,,,,,,,,,,,,,,,VOLUME_OI,VolumeAndOISpikesScans1_25AUG26_Report_27_7_2026.xlsx,,,,,,,,,,,,,,,,,,288.15,,,,,,,,,,,,,,,2.25,,1.61,,,,,,,6.35,102730275,1624750,46.82 Cr,6074625,-87.21
BANDHANBNK,,,,,,,,,,,,,,,,,,,VOLUME_OI,VolumeAndOISpikesScans1_25AUG26_Report_27_7_2026.xlsx,,,,,,,,,,,,,,,,,,168.79,,,,,,,,,,,,,,,2.01,,1.87,,,,,,,3.33,100004400,1836000,30.99 Cr,4687200,-87.77
SHRIRAMFIN,,,,,,,,,,,,,,,,,,,VOLUME_OI,VolumeAndOISpikesScans1_25AUG26_Report_27_7_2026.xlsx,,,,,,,,,,,,,,,,,,"1,025.2",,,,,,,,,,,,,,,1.31,,3.47,,,,,,,13.3,19916325,667425,68.42 Cr,1951125,-87.79
COFORGE,,,,,,,,,,,,,,,,,,,VOLUME_OI,VolumeAndOISpikesScans1_25AUG26_Report_27_7_2026.xlsx,,,,,,,,,,,,,,,,,,"1,514.6",,,,,,,,,,,,,,,2.04,,3.14,,,,,,,30.3,11855525,361000,54.68 Cr,1017450,-87.82
PERSISTENT,,,,,,,,,,,,,,,,,,,VOLUME_OI,VolumeAndOISpikesScans1_25AUG26_Report_27_7_2026.xlsx,,,,,,,,,,,,,,,,,,5340,,,,,,,,,,,,,,,2.99,,2.13,,,,,,,155,3074625,64000,34.18 Cr,210375,-88.36
CHOLAFIN,,,,,,,,,,,,,,,,,,,VOLUME_OI,VolumeAndOISpikesScans1_25AUG26_Report_27_7_2026.xlsx,,,,,,,,,,,,,,,,,,"1,777.2",,,,,,,,,,,,,,,2.44,,4.41,,,,,,,42.3,8787500,371250,65.98 Cr,611875,-88.45
PFC,,,,,,,,,,,,,,,,,,,VOLUME_OI,VolumeAndOISpikesScans1_25AUG26_Report_27_7_2026.xlsx,,,,,,,,,,,,,,,,,,412.7,,,,,,,,,,,,,,,0.78,,1.6,,,,,,,3.2,26547300,418600,17.28 Cr,1345500,-88.48
TIINDIA,,,,,,,,,,,,,,,,,,,VOLUME_OI,VolumeAndOISpikesScans1_25AUG26_Report_27_7_2026.xlsx,,,,,,,,,,,,,,,,,,"2,837.1",,,,,,,,,,,,,,,1.73,,5.69,,,,,,,48.3,1408000,75800,21.51 Cr,122400,-88.48
DABUR,,,,,,,,,,,,,,,,,,,VOLUME_OI,VolumeAndOISpikesScans1_25AUG26_Report_27_7_2026.xlsx,,,,,,,,,,,,,,,,,,429.75,,,,,,,,,,,,,,,1.07,,4.11,,,,,,,4.55,19773750,781250,33.57 Cr,1100000,-88.62
MARUTI,,,,,,,,,,,,,,,,,,,VOLUME_OI,VolumeAndOISpikesScans1_25AUG26_Report_27_7_2026.xlsx,,,,,,,,,,,,,,,,,,13550,,,,,,,,,,,,,,,1.29,,2.07,,,,,,,173,1393250,28200,38.21 Cr,78650,-88.65
SAIL,,,,,,,,,,,,,,,,,,,VOLUME_OI,VolumeAndOISpikesScans1_25AUG26_Report_27_7_2026.xlsx,,,,,,,,,,,,,,,,,,164.55,,,,,,,,,,,,,,,1.24,,0.8,,,,,,,2.02,90775800,723800,11.91 Cr,2528600,-88.88
PRESTIGE,,,,,,,,,,,,,,,,,,,VOLUME_OI,VolumeAndOISpikesScans1_25AUG26_Report_27_7_2026.xlsx,,,,,,,,,,,,,,,,,,"1,625.7",,,,,,,,,,,,,,,1.31,,5.54,,,,,,,21,3551850,186300,30.29 Cr,257400,-89.0
SBICARD,,,,,,,,,,,,,,,,,,,VOLUME_OI,VolumeAndOISpikesScans1_25AUG26_Report_27_7_2026.xlsx,,,,,,,,,,,,,,,,,,625.9,,,,,,,,,,,,,,,1.94,,1.73,,,,,,,11.9,18260800,310400,19.43 Cr,1230400,-89.05
MANKIND,,,,,,,,,,,,,,,,,,,VOLUME_OI,VolumeAndOISpikesScans1_25AUG26_Report_27_7_2026.xlsx,,,,,,,,,,,,,,,,,,2557,,,,,,,,,,,,,,,1.27,,5.9,,,,,,,32.1,1956250,109000,27.87 Cr,134750,-89.12
HINDZINC,,,,,,,,,,,,,,,,,,,VOLUME_OI,VolumeAndOISpikesScans1_25AUG26_Report_27_7_2026.xlsx,,,,,,,,,,,,,,,,,,538.1,,,,,,,,,,,,,,,0.64,,3.04,,,,,,,3.4,15784125,465500,25.05 Cr,1026550,-89.33
DRREDDY,,,,,,,,,,,,,,,,,,,VOLUME_OI,VolumeAndOISpikesScans1_25AUG26_Report_27_7_2026.xlsx,,,,,,,,,,,,,,,,,,1150,,,,,,,,,,,,,,,-0.03,,3.26,,,,,,,-0.4,10035000,316875,36.44 Cr,616250,-89.61
HINDUNILVR,,,,,,,,,,,,,,,,,,,VOLUME_OI,VolumeAndOISpikesScans1_25AUG26_Report_27_7_2026.xlsx,,,,,,,,,,,,,,,,,,"2,185.3",,,,,,,,,,,,,,,1.28,,2.59,,,,,,,27.6,11259900,284100,62.08 Cr,520500,-89.76
HAVELLS,,,,,,,,,,,,,,,,,,,VOLUME_OI,VolumeAndOISpikesScans1_25AUG26_Report_27_7_2026.xlsx,,,,,,,,,,,,,,,,,,"1,251.3",,,,,,,,,,,,,,,1.39,,3.91,,,,,,,17.1,6829000,257000,32.16 Cr,409000,-89.78
VEDL,,,,,,,,,,,,,,,,,,,VOLUME_OI,VolumeAndOISpikesScans1_25AUG26_Report_27_7_2026.xlsx,,,,,,,,,,,,,,,,,,267.5,,,,,,,,,,,,,,,0.62,,5.31,,,,,,,1.65,24036150,1212100,32.42 Cr,1531800,-89.97
ULTRACEMCO,,,,,,,,,,,,,,,,,,,VOLUME_OI,VolumeAndOISpikesScans1_25AUG26_Report_27_7_2026.xlsx,,,,,,,,,,,,,,,,,,11891,,,,,,,,,,,,,,,-0.01,,2.47,,,,,,,-1,1184350,28550,33.95 Cr,50550,-89.99
BAJAJHLDNG,,,,,,,,,,,,,,,,,,,VOLUME_OI,VolumeAndOISpikesScans1_25AUG26_Report_27_7_2026.xlsx,,,,,,,,,,,,,,,,,,10797,,,,,,,,,,,,,,,0.66,,1.54,,,,,,,71,242250,3675,3.97 Cr,10500,-90.03
INDIANB,,,,,,,,,,,,,,,,,,,VOLUME_OI,VolumeAndOISpikesScans1_25AUG26_Report_27_7_2026.xlsx,,,,,,,,,,,,,,,,,,836.85,,,,,,,,,,,,,,,0.97,,0.74,,,,,,,8.05,8207000,60000,5.02 Cr,489000,-90.18
SENSEX,,,,,,,,,,,,,,,,,,,VOLUME_OI,VolumeAndOISpikesScans1_25AUG26_Report_27_7_2026.xlsx,,,,,,,,,,,,,,,,,,"77,008.2",,,,,,,,,,,,,,,0.57,,-0.59,,,,,,,439.35,23700,-140,-1.08 Cr,1220,-90.26
NTPC,,,,,,,,,,,,,,,,,,,VOLUME_OI,VolumeAndOISpikesScans1_25AUG26_Report_27_7_2026.xlsx,,,,,,,,,,,,,,,,,,351.25,,,,,,,,,,,,,,,0.62,,2.4,,,,,,,2.15,52408500,1228500,43.15 Cr,2316000,-90.33
BPCL,,,,,,,,,,,,,,,,,,,VOLUME_OI,VolumeAndOISpikesScans1_25AUG26_Report_27_7_2026.xlsx,,,,,,,,,,,,,,,,,,316.6,,,,,,,,,,,,,,,1.36,,0.85,,,,,,,4.25,27912675,235025,7.44 Cr,1461500,-90.36
GODFRYPHLP,,,,,,,,,,,,,,,,,,,VOLUME_OI,VolumeAndOISpikesScans1_25AUG26_Report_27_7_2026.xlsx,,,,,,,,,,,,,,,,,,"2,153.8",,,,,,,,,,,,,,,2.53,,2.32,,,,,,,53.1,1258950,28600,6.16 Cr,123750,-90.36
BEL,,,,,,,,,,,,,,,,,,,VOLUME_OI,VolumeAndOISpikesScans1_25AUG26_Report_27_7_2026.xlsx,,,,,,,,,,,,,,,,,,408.2,,,,,,,,,,,,,,,0.21,,2.07,,,,,,,0.85,56102250,1135725,46.36 Cr,2029200,-90.39
RADICO,,,,,,,,,,,,,,,,,,,VOLUME_OI,VolumeAndOISpikesScans1_25AUG26_Report_27_7_2026.xlsx,,,,,,,,,,,,,,,,,,"4,169.5",,,,,,,,,,,,,,,1.34,,3.36,,,,,,,55.1,359400,11700,4.88 Cr,34200,-90.4
IEX,,,,,,,,,,,,,,,,,,,VOLUME_OI,VolumeAndOISpikesScans1_25AUG26_Report_27_7_2026.xlsx,,,,,,,,,,,,,,,,,,126.55,,,,,,,,,,,,,,,1.15,,1.27,,,,,,,1.44,34943550,439350,5.56 Cr,2383800,-90.43
ABB,,,,,,,,,,,,,,,,,,,VOLUME_OI,VolumeAndOISpikesScans1_25AUG26_Report_27_7_2026.xlsx,,,,,,,,,,,,,,,,,,"7,345.5",,,,,,,,,,,,,,,-0.2,,2.19,,,,,,,-15,1575250,33750,24.79 Cr,111625,-90.44
LTF,,,,,,,,,,,,,,,,,,,VOLUME_OI,VolumeAndOISpikesScans1_25AUG26_Report_27_7_2026.xlsx,,,,,,,,,,,,,,,,,,307.95,,,,,,,,,,,,,,,2.79,,1.95,,,,,,,8.35,38862000,744750,22.93 Cr,2002500,-90.46
SOLARINDS,,,,,,,,,,,,,,,,,,,VOLUME_OI,VolumeAndOISpikesScans1_25AUG26_Report_27_7_2026.xlsx,,,,,,,,,,,,,,,,,,18584,,,,,,,,,,,,,,,-0.12,,4.82,,,,,,,-23,489300,22500,41.81 Cr,24650,-90.47
CONCOR,,,,,,,,,,,,,,,,,,,VOLUME_OI,VolumeAndOISpikesScans1_25AUG26_Report_27_7_2026.xlsx,,,,,,,,,,,,,,,,,,480,,,,,,,,,,,,,,,0.34,,2.92,,,,,,,1.65,10882500,308750,14.82 Cr,508750,-90.49
SUZLON,,,,,,,,,,,,,,,,,,,VOLUME_OI,VolumeAndOISpikesScans1_25AUG26_Report_27_7_2026.xlsx,,,,,,,,,,,,,,,,,,52.38,,,,,,,,,,,,,,,-0.15,,2.97,,,,,,,-0.08,297497500,8572500,44.90 Cr,13309600,-90.49
DLF,,,,,,,,,,,,,,,,,,,VOLUME_OI,VolumeAndOISpikesScans1_25AUG26_Report_27_7_2026.xlsx,,,,,,,,,,,,,,,,,,648.45,,,,,,,,,,,,,,,1.12,,0.81,,,,,,,7.2,32445350,260300,16.88 Cr,750500,-90.53
DALBHARAT,,,,,,,,,,,,,,,,,,,VOLUME_OI,VolumeAndOISpikesScans1_25AUG26_Report_27_7_2026.xlsx,,,,,,,,,,,,,,,,,,"1,795.8",,,,,,,,,,,,,,,-0.42,,2.91,,,,,,,-7.6,2026050,57200,10.27 Cr,173225,-90.59
JUBLFOOD,,,,,,,,,,,,,,,,,,,VOLUME_OI,VolumeAndOISpikesScans1_25AUG26_Report_27_7_2026.xlsx,,,,,,,,,,,,,,,,,,424,,,,,,,,,,,,,,,1.83,,1.01,,,,,,,7.6,12420000,123750,5.25 Cr,727500,-90.61
INFY,,,,,,,,,,,,,,,,,,,VOLUME_OI,VolumeAndOISpikesScans1_25AUG26_Report_27_7_2026.xlsx,,,,,,,,,,,,,,,,,,"1,076.2",,,,,,,,,,,,,,,3.43,,2.67,,,,,,,35.7,70749200,1837200,197.72 Cr,4794000,-90.77
ADANIENT,,,,,,,,,,,,,,,,,,,VOLUME_OI,VolumeAndOISpikesScans1_25AUG26_Report_27_7_2026.xlsx,,,,,,,,,,,,,,,,,,"3,050.9",,,,,,,,,,,,,,,0.36,,3.59,,,,,,,10.8,9888000,342372,104.45 Cr,413751,-90.86
PNB,,,,,,,,,,,,,,,,,,,VOLUME_OI,VolumeAndOISpikesScans1_25AUG26_Report_27_7_2026.xlsx,,,,,,,,,,,,,,,,,,112.35,,,,,,,,,,,,,,,1.09,,1.91,,,,,,,1.21,210184000,3944000,44.31 Cr,7344000,-90.91
KPITTECH,,,,,,,,,,,,,,,,,,,VOLUME_OI,VolumeAndOISpikesScans1_25AUG26_Report_27_7_2026.xlsx,,,,,,,,,,,,,,,,,,579.6,,,,,,,,,,,,,,,1.39,,1.19,,,,,,,7.95,10262550,120900,7.01 Cr,881175,-90.99
JIOFIN,,,,,,,,,,,,,,,,,,,VOLUME_OI,VolumeAndOISpikesScans1_25AUG26_Report_27_7_2026.xlsx,,,,,,,,,,,,,,,,,,236.85,,,,,,,,,,,,,,,0.56,,2.46,,,,,,,1.31,112322950,2693100,63.79 Cr,3649550,-91.0
SWIGGY,,,,,,,,,,,,,,,,,,,VOLUME_OI,VolumeAndOISpikesScans1_25AUG26_Report_27_7_2026.xlsx,,,,,,,,,,,,,,,,,,256.48,,,,,,,,,,,,,,,3.22,,1.08,,,,,,,8,36760975,392375,10.06 Cr,3403625,-91.09
HCLTECH,,,,,,,,,,,,,,,,,,,VOLUME_OI,VolumeAndOISpikesScans1_25AUG26_Report_27_7_2026.xlsx,,,,,,,,,,,,,,,,,,1295,,,,,,,,,,,,,,,1.88,,1.26,,,,,,,23.9,21300000,264400,34.24 Cr,1095600,-91.14
360ONE,,,,,,,,,,,,,,,,,,,VOLUME_OI,VolumeAndOISpikesScans1_25AUG26_Report_27_7_2026.xlsx,,,,,,,,,,,,,,,,,,"1,116.7",,,,,,,,,,,,,,,0.97,,-0.77,,,,,,,10.7,3222000,-25000,-2.79 Cr,155000,-91.26
ADANIPOWER,,,,,,,,,,,,,,,,,,,VOLUME_OI,VolumeAndOISpikesScans1_25AUG26_Report_27_7_2026.xlsx,,,,,,,,,,,,,,,,,,216.02,,,,,,,,,,,,,,,0.51,,2.72,,,,,,,1.1,85441400,2264900,48.93 Cr,3230500,-91.31
INOXWIND,,,,,,,,,,,,,,,,,,,VOLUME_OI,VolumeAndOISpikesScans1_25AUG26_Report_27_7_2026.xlsx,,,,,,,,,,,,,,,,,,78.24,,,,,,,,,,,,,,,1.37,,3.15,,,,,,,1.06,62483200,1907200,14.92 Cr,2361600,-91.4
HEROMOTOCO,,,,,,,,,,,,,,,,,,,VOLUME_OI,VolumeAndOISpikesScans1_25AUG26_Report_27_7_2026.xlsx,,,,,,,,,,,,,,,,,,"5,083.8",,,,,,,,,,,,,,,1.03,,2.58,,,,,,,51.8,3516000,88500,44.99 Cr,167100,-91.46
KALYANKJIL,,,,,,,,,,,,,,,,,,,VOLUME_OI,VolumeAndOISpikesScans1_25AUG26_Report_27_7_2026.xlsx,,,,,,,,,,,,,,,,,,581.55,,,,,,,,,,,,,,,0.88,,2.38,,,,,,,5.1,17572950,407700,23.71 Cr,1067850,-91.51
BSE,,,,,,,,,,,,,,,,,,,VOLUME_OI,VolumeAndOISpikesScans1_25AUG26_Report_27_7_2026.xlsx,,,,,,,,,,,,,,,,,,"3,575.1",,,,,,,,,,,,,,,0.11,,3.44,,,,,,,4.1,4510400,150200,53.70 Cr,204600,-91.52
PAGEIND,,,,,,,,,,,,,,,,,,,VOLUME_OI,VolumeAndOISpikesScans1_25AUG26_Report_27_7_2026.xlsx,,,,,,,,,,,,,,,,,,40450,,,,,,,,,,,,,,,0.32,,3.86,,,,,,,130,190580,7080,28.64 Cr,9700,-91.52
RBLBANK,,,,,,,,,,,,,,,,,,,VOLUME_OI,VolumeAndOISpikesScans1_25AUG26_Report_27_7_2026.xlsx,,,,,,,,,,,,,,,,,,360.25,,,,,,,,,,,,,,,1.48,,2.23,,,,,,,5.25,27047825,590550,21.27 Cr,1489075,-91.6
ZYDUSLIFE,,,,,,,,,,,,,,,,,,,VOLUME_OI,VolumeAndOISpikesScans1_25AUG26_Report_27_7_2026.xlsx,,,,,,,,,,,,,,,,,,1130,,,,,,,,,,,,,,,1.33,,3.14,,,,,,,14.8,7888500,240300,27.15 Cr,330300,-91.72
CDSL,,,,,,,,,,,,,,,,,,,VOLUME_OI,VolumeAndOISpikesScans1_25AUG26_Report_27_7_2026.xlsx,,,,,,,,,,,,,,,,,,"1,339.5",,,,,,,,,,,,,,,0.62,,2.95,,,,,,,8.3,5931800,170050,22.78 Cr,318725,-91.77
INDHOTEL,,,,,,,,,,,,,,,,,,,VOLUME_OI,VolumeAndOISpikesScans1_25AUG26_Report_27_7_2026.xlsx,,,,,,,,,,,,,,,,,,739,,,,,,,,,,,,,,,1.17,,2.68,,,,,,,8.55,15180000,396000,29.26 Cr,616000,-91.78
IOC,,,,,,,,,,,,,,,,,,,VOLUME_OI,VolumeAndOISpikesScans1_25AUG26_Report_27_7_2026.xlsx,,,,,,,,,,,,,,,,,,139.77,,,,,,,,,,,,,,,1.15,,2.35,,,,,,,1.59,110984250,2544750,35.57 Cr,4182750,-91.81
PATANJALI,,,,,,,,,,,,,,,,,,,VOLUME_OI,VolumeAndOISpikesScans1_25AUG26_Report_27_7_2026.xlsx,,,,,,,,,,,,,,,,,,348.8,,,,,,,,,,,,,,,1.71,,1.74,,,,,,,5.85,21243075,363350,12.67 Cr,1368475,-91.81
ANGELONE,,,,,,,,,,,,,,,,,,,VOLUME_OI,VolumeAndOISpikesScans1_25AUG26_Report_27_7_2026.xlsx,,,,,,,,,,,,,,,,,,310.6,,,,,,,,,,,,,,,0.86,,3.23,,,,,,,2.65,18002500,562500,17.47 Cr,1045000,-91.83
NIFTY,,,,,,,,,,,,,,,,,,,VOLUME_OI,VolumeAndOISpikesScans1_25AUG26_Report_27_7_2026.xlsx,,,,,,,,,,,,,,,,,,"24,015.3",,,,,,,,,,,,,,,0.59,,0.84,,,,,,,140.7,8254740,68835,165.31 Cr,323375,-91.89
RELIANCE,,,,,,,,,,,,,,,,,,,VOLUME_OI,VolumeAndOISpikesScans1_25AUG26_Report_27_7_2026.xlsx,,,,,,,,,,,,,,,,,,"1,289.4",,,,,,,,,,,,,,,0.26,,2.22,,,,,,,3.3,65469000,1421000,183.22 Cr,2034500,-91.99
SBILIFE,,,,,,,,,,,,,,,,,,,VOLUME_OI,VolumeAndOISpikesScans1_25AUG26_Report_27_7_2026.xlsx,,,,,,,,,,,,,,,,,,"1,860.1",,,,,,,,,,,,,,,-0.37,,2.38,,,,,,,-6.9,5560125,129375,24.07 Cr,284250,-92.07
GLENMARK,,,,,,,,,,,,,,,,,,,VOLUME_OI,VolumeAndOISpikesScans1_25AUG26_Report_27_7_2026.xlsx,,,,,,,,,,,,,,,,,,"2,222.9",,,,,,,,,,,,,,,0.8,,2.95,,,,,,,17.6,6069000,174000,38.68 Cr,250500,-92.19
NBCC,,,,,,,,,,,,,,,,,,,VOLUME_OI,VolumeAndOISpikesScans1_25AUG26_Report_27_7_2026.xlsx,,,,,,,,,,,,,,,,,,95.53,,,,,,,,,,,,,,,1.3,,2.5,,,,,,,1.23,49062000,1196000,11.43 Cr,1787500,-92.27
YESBANK,,,,,,,,,,,,,,,,,,,VOLUME_OI,VolumeAndOISpikesScans1_25AUG26_Report_27_7_2026.xlsx,,,,,,,,,,,,,,,,,,23.22,,,,,,,,,,,,,,,0.56,,1.86,,,,,,,0.13,627566900,11444800,26.57 Cr,18380100,-92.28
HDFCLIFE,,,,,,,,,,,,,,,,,,,VOLUME_OI,VolumeAndOISpikesScans1_25AUG26_Report_27_7_2026.xlsx,,,,,,,,,,,,,,,,,,560.1,,,,,,,,,,,,,,,0.41,,2.27,,,,,,,2.3,28046700,622600,34.87 Cr,925100,-92.3
ADANIGREEN,,,,,,,,,,,,,,,,,,,VOLUME_OI,VolumeAndOISpikesScans1_25AUG26_Report_27_7_2026.xlsx,,,,,,,,,,,,,,,,,,"1,418.4",,,,,,,,,,,,,,,1.19,,1.71,,,,,,,16.7,15637200,263400,37.36 Cr,622800,-92.39
TCS,,,,,,,,,,,,,,,,,,,VOLUME_OI,VolumeAndOISpikesScans1_25AUG26_Report_27_7_2026.xlsx,,,,,,,,,,,,,,,,,,"2,314.2",,,,,,,,,,,,,,,2.67,,1.22,,,,,,,60.1,25846200,311850,72.17 Cr,1167750,-92.61
WAAREEENER,,,,,,,,,,,,,,,,,,,VOLUME_OI,VolumeAndOISpikesScans1_25AUG26_Report_27_7_2026.xlsx,,,,,,,,,,,,,,,,,,"2,720.2",,,,,,,,,,,,,,,1.33,,1.16,,,,,,,35.6,5519500,63525,17.28 Cr,206325,-92.62
INDIGO,,,,,,,,,,,,,,,,,,,VOLUME_OI,VolumeAndOISpikesScans1_25AUG26_Report_27_7_2026.xlsx,,,,,,,,,,,,,,,,,,"5,195.5",,,,,,,,,,,,,,,3.5,,1.7,,,,,,,175.5,4609800,77100,40.06 Cr,227700,-92.64
HAL,,,,,,,,,,,,,,,,,,,VOLUME_OI,VolumeAndOISpikesScans1_25AUG26_Report_27_7_2026.xlsx,,,,,,,,,,,,,,,,,,4635,,,,,,,,,,,,,,,0.89,,1.64,,,,,,,41.1,3197550,51600,23.92 Cr,102000,-92.76
NAUKRI,,,,,,,,,,,,,,,,,,,VOLUME_OI,VolumeAndOISpikesScans1_25AUG26_Report_27_7_2026.xlsx,,,,,,,,,,,,,,,,,,1186.95,,,,,,,,,,,,,,,1.48,,1.64,,,,,,,17.35,9983600,161150,19.13 Cr,328350,-92.8
LT,,,,,,,,,,,,,,,,,,,VOLUME_OI,VolumeAndOISpikesScans1_25AUG26_Report_27_7_2026.xlsx,,,,,,,,,,,,,,,,,,"3,840.5",,,,,,,,,,,,,,,0.73,,2.05,,,,,,,28,7356125,147875,56.79 Cr,277375,-92.81
TECHM,,,,,,,,,,,,,,,,,,,VOLUME_OI,VolumeAndOISpikesScans1_25AUG26_Report_27_7_2026.xlsx,,,,,,,,,,,,,,,,,,"1,593.5",,,,,,,,,,,,,,,2.23,,1.19,,,,,,,34.8,13835400,162600,25.91 Cr,698400,-92.81
HINDALCO,,,,,,,,,,,,,,,,,,,VOLUME_OI,VolumeAndOISpikesScans1_25AUG26_Report_27_7_2026.xlsx,,,,,,,,,,,,,,,,,,952.9,,,,,,,,,,,,,,,0.38,,1.38,,,,,,,3.6,38028900,517300,49.29 Cr,964600,-92.86
TATAPOWER,,,,,,,,,,,,,,,,,,,VOLUME_OI,VolumeAndOISpikesScans1_25AUG26_Report_27_7_2026.xlsx,,,,,,,,,,,,,,,,,,378.4,,,,,,,,,,,,,,,0.48,,1.8,,,,,,,1.8,29298700,517650,19.59 Cr,772850,-92.9
LUPIN,,,,,,,,,,,,,,,,,,,VOLUME_OI,VolumeAndOISpikesScans1_25AUG26_Report_27_7_2026.xlsx,,,,,,,,,,,,,,,,,,2431,,,,,,,,,,,,,,,1.94,,1.98,,,,,,,46.2,3501150,68000,16.53 Cr,165325,-92.92
POWERGRID,,,,,,,,,,,,,,,,,,,VOLUME_OI,VolumeAndOISpikesScans1_25AUG26_Report_27_7_2026.xlsx,,,,,,,,,,,,,,,,,,289.9,,,,,,,,,,,,,,,0.22,,2.3,,,,,,,0.65,26161100,589000,17.08 Cr,874000,-92.93
POWERINDIA,,,,,,,,,,,,,,,,,,,VOLUME_OI,VolumeAndOISpikesScans1_25AUG26_Report_27_7_2026.xlsx,,,,,,,,,,,,,,,,,,31345,,,,,,,,,,,,,,,0.16,,3.16,,,,,,,50,344000,10525,32.99 Cr,15775,-93.0
LTM,,,,,,,,,,,,,,,,,,,VOLUME_OI,VolumeAndOISpikesScans1_25AUG26_Report_27_7_2026.xlsx,,,,,,,,,,,,,,,,,,"4,194.9",,,,,,,,,,,,,,,2.64,,1.28,,,,,,,107.8,2356050,29850,12.52 Cr,110700,-93.1
MOTILALOFS,,,,,,,,,,,,,,,,,,,VOLUME_OI,VolumeAndOISpikesScans1_25AUG26_Report_27_7_2026.xlsx,,,,,,,,,,,,,,,,,,869.05,,,,,,,,,,,,,,,-0.77,,5.99,,,,,,,-6.7,5143675,290625,25.26 Cr,444850,-93.11
CGPOWER,,,,,,,,,,,,,,,,,,,VOLUME_OI,VolumeAndOISpikesScans1_25AUG26_Report_27_7_2026.xlsx,,,,,,,,,,,,,,,,,,875.6,,,,,,,,,,,,,,,-0.07,,3.95,,,,,,,-0.6,13995250,532100,46.59 Cr,1166200,-93.17
CANBK,,,,,,,,,,,,,,,,,,,VOLUME_OI,VolumeAndOISpikesScans1_25AUG26_Report_27_7_2026.xlsx,,,,,,,,,,,,,,,,,,127.79,,,,,,,,,,,,,,,0.83,,1.49,,,,,,,1.05,274151250,4016250,51.32 Cr,8039250,-93.19
MANAPPURAM,,,,,,,,,,,,,,,,,,,VOLUME_OI,VolumeAndOISpikesScans1_25AUG26_Report_27_7_2026.xlsx,,,,,,,,,,,,,,,,,,357.35,,,,,,,,,,,,,,,1.1,,3.12,,,,,,,3.9,24360000,738000,26.37 Cr,1131000,-93.34
ASHOKLEY,,,,,,,,,,,,,,,,,,,VOLUME_OI,VolumeAndOISpikesScans1_25AUG26_Report_27_7_2026.xlsx,,,,,,,,,,,,,,,,,,154.07,,,,,,,,,,,,,,,1.26,,1.61,,,,,,,1.92,94700000,1505000,23.19 Cr,3505000,-93.4
AUROPHARMA,,,,,,,,,,,,,,,,,,,VOLUME_OI,VolumeAndOISpikesScans1_25AUG26_Report_27_7_2026.xlsx,,,,,,,,,,,,,,,,,,"1,554.6",,,,,,,,,,,,,,,0.89,,0.65,,,,,,,13.7,7261650,46750,7.27 Cr,130350,-93.51
DIVISLAB,,,,,,,,,,,,,,,,,,,VOLUME_OI,VolumeAndOISpikesScans1_25AUG26_Report_27_7_2026.xlsx,,,,,,,,,,,,,,,,,,"7,371.5",,,,,,,,,,,,,,,0.99,,1.42,,,,,,,72.5,2654500,37100,27.35 Cr,74400,-93.59
TATASTEEL,,,,,,,,,,,,,,,,,,,VOLUME_OI,VolumeAndOISpikesScans1_25AUG26_Report_27_7_2026.xlsx,,,,,,,,,,,,,,,,,,185.3,,,,,,,,,,,,,,,0.72,,1.7,,,,,,,1.32,109785500,1837000,34.04 Cr,2959000,-93.66
OIL,,,,,,,,,,,,,,,,,,,VOLUME_OI,VolumeAndOISpikesScans1_25AUG26_Report_27_7_2026.xlsx,,,,,,,,,,,,,,,,,,437.9,,,,,,,,,,,,,,,-1.89,,1.31,,,,,,,-8.45,13010200,168000,7.36 Cr,457800,-93.78
BHARTIARTL,,,,,,,,,,,,,,,,,,,VOLUME_OI,VolumeAndOISpikesScans1_25AUG26_Report_27_7_2026.xlsx,,,,,,,,,,,,,,,,,,"1,911.3",,,,,,,,,,,,,,,0.03,,0.47,,,,,,,0.5,48171650,227525,43.49 Cr,519650,-93.81
KAYNES,,,,,,,,,,,,,,,,,,,VOLUME_OI,VolumeAndOISpikesScans1_25AUG26_Report_27_7_2026.xlsx,,,,,,,,,,,,,,,,,,3132,,,,,,,,,,,,,,,0.71,,3.93,,,,,,,22.2,2456550,93000,29.13 Cr,144300,-93.85
SUNPHARMA,,,,,,,,,,,,,,,,,,,VOLUME_OI,VolumeAndOISpikesScans1_25AUG26_Report_27_7_2026.xlsx,,,,,,,,,,,,,,,,,,1959,,,,,,,,,,,,,,,0.52,,2.42,,,,,,,10.2,9905350,234150,45.87 Cr,301350,-93.89
IDEA,,,,,,,,,,,,,,,,,,,VOLUME_OI,VolumeAndOISpikesScans1_25AUG26_Report_27_7_2026.xlsx,,,,,,,,,,,,,,,,,,13.28,,,,,,,,,,,,,,,0.38,,1.94,,,,,,,0.05,3693542100,70402875,93.50 Cr,83339850,-93.93
TMPV,,,,,,,,,,,,,,,,,,,VOLUME_OI,VolumeAndOISpikesScans1_25AUG26_Report_27_7_2026.xlsx,,,,,,,,,,,,,,,,,,328.9,,,,,,,,,,,,,,,0.86,,2.1,,,,,,,2.8,49897600,1025600,33.73 Cr,1510400,-93.93
NHPC,,,,,,,,,,,,,,,,,,,VOLUME_OI,VolumeAndOISpikesScans1_25AUG26_Report_27_7_2026.xlsx,,,,,,,,,,,,,,,,,,78.54,,,,,,,,,,,,,,,0.61,,1.17,,,,,,,0.48,107433100,1244050,9.77 Cr,2939850,-93.96
IRFC,,,,,,,,,,,,,,,,,,,VOLUME_OI,VolumeAndOISpikesScans1_25AUG26_Report_27_7_2026.xlsx,,,,,,,,,,,,,,,,,,87.55,,,,,,,,,,,,,,,1.14,,1.16,,,,,,,0.99,61492375,705250,6.17 Cr,1763125,-93.97
WIPRO,,,,,,,,,,,,,,,,,,,VOLUME_OI,VolumeAndOISpikesScans1_25AUG26_Report_27_7_2026.xlsx,,,,,,,,,,,,,,,,,,174,,,,,,,,,,,,,,,0.99,,2.1,,,,,,,1.71,212934000,4371000,76.06 Cr,7356000,-93.99
VBL,,,,,,,,,,,,,,,,,,,VOLUME_OI,VolumeAndOISpikesScans1_25AUG26_Report_27_7_2026.xlsx,,,,,,,,,,,,,,,,,,462,,,,,,,,,,,,,,,0.64,,2.12,,,,,,,2.95,33410100,692325,31.99 Cr,902700,-94.08
CIPLA,,,,,,,,,,,,,,,,,,,VOLUME_OI,VolumeAndOISpikesScans1_25AUG26_Report_27_7_2026.xlsx,,,,,,,,,,,,,,,,,,"1,418.4",,,,,,,,,,,,,,,0.12,,2.47,,,,,,,1.7,7827650,188700,26.77 Cr,255425,-94.1
GODREJPROP,,,,,,,,,,,,,,,,,,,VOLUME_OI,VolumeAndOISpikesScans1_25AUG26_Report_27_7_2026.xlsx,,,,,,,,,,,,,,,,,,"2,040.1",,,,,,,,,,,,,,,0.5,,2.04,,,,,,,10.1,4719975,94575,19.29 Cr,149500,-94.14
UNITDSPR,,,,,,,,,,,,,,,,,,,VOLUME_OI,VolumeAndOISpikesScans1_25AUG26_Report_27_7_2026.xlsx,,,,,,,,,,,,,,,,,,1502,,,,,,,,,,,,,,,1.59,,0.69,,,,,,,23.5,6034400,41200,6.19 Cr,279600,-94.14
JSWENERGY,,,,,,,,,,,,,,,,,,,VOLUME_OI,VolumeAndOISpikesScans1_25AUG26_Report_27_7_2026.xlsx,,,,,,,,,,,,,,,,,,557.25,,,,,,,,,,,,,,,0.38,,1.36,,,,,,,2.1,15391850,206400,11.50 Cr,445050,-94.16
UNOMINDA,,,,,,,,,,,,,,,,,,,VOLUME_OI,VolumeAndOISpikesScans1_25AUG26_Report_27_7_2026.xlsx,,,,,,,,,,,,,,,,,,"1,143.5",,,,,,,,,,,,,,,1.12,,1.22,,,,,,,12.7,3682250,44550,5.09 Cr,123200,-94.18
FORCEMOT,,,,,,,,,,,,,,,,,,,VOLUME_OI,VolumeAndOISpikesScans1_25AUG26_Report_27_7_2026.xlsx,,,,,,,,,,,,,,,,,,17526,,,,,,,,,,,,,,,-0.13,,3.48,,,,,,,-22,182200,6125,10.73 Cr,8500,-94.2
IREDA,,,,,,,,,,,,,,,,,,,VOLUME_OI,VolumeAndOISpikesScans1_25AUG26_Report_27_7_2026.xlsx,,,,,,,,,,,,,,,,,,117.4,,,,,,,,,,,,,,,1.11,,1.59,,,,,,,1.29,52521675,823550,9.67 Cr,1914075,-94.2
PHOENIXLTD,,,,,,,,,,,,,,,,,,,VOLUME_OI,VolumeAndOISpikesScans1_25AUG26_Report_27_7_2026.xlsx,,,,,,,,,,,,,,,,,,"2,046.7",,,,,,,,,,,,,,,1.09,,2.83,,,,,,,22.1,2571800,70700,14.47 Cr,118650,-94.28
MCX,,,,,,,,,,,,,,,,,,,VOLUME_OI,VolumeAndOISpikesScans1_25AUG26_Report_27_7_2026.xlsx,,,,,,,,,,,,,,,,,,2749,,,,,,,,,,,,,,,0.5,,2.14,,,,,,,13.8,4622850,96975,26.66 Cr,190125,-94.34
M&M,,,,,,,,,,,,,,,,,,,VOLUME_OI,VolumeAndOISpikesScans1_25AUG26_Report_27_7_2026.xlsx,,,,,,,,,,,,,,,,,,"3,198.6",,,,,,,,,,,,,,,0.75,,1.52,,,,,,,23.7,10023200,150000,47.98 Cr,283200,-94.39
PAYTM,,,,,,,,,,,,,,,,,,,VOLUME_OI,VolumeAndOISpikesScans1_25AUG26_Report_27_7_2026.xlsx,,,,,,,,,,,,,,,,,,"1,283.6",,,,,,,,,,,,,,,-0.54,,1.05,,,,,,,-7,11682650,121800,15.63 Cr,465450,-94.45
UNIONBANK,,,,,,,,,,,,,,,,,,,VOLUME_OI,VolumeAndOISpikesScans1_25AUG26_Report_27_7_2026.xlsx,,,,,,,,,,,,,,,,,,172.62,,,,,,,,,,,,,,,0.72,,0.44,,,,,,,1.24,91234650,402675,6.95 Cr,2871825,-94.47
BHEL,,,,,,,,,,,,,,,,,,,VOLUME_OI,VolumeAndOISpikesScans1_25AUG26_Report_27_7_2026.xlsx,,,,,,,,,,,,,,,,,,421.05,,,,,,,,,,,,,,,0.36,,0.83,,,,,,,1.5,48433875,399000,16.80 Cr,1320375,-94.48
MPHASIS,,,,,,,,,,,,,,,,,,,VOLUME_OI,VolumeAndOISpikesScans1_25AUG26_Report_27_7_2026.xlsx,,,,,,,,,,,,,,,,,,"2,368.9",,,,,,,,,,,,,,,2.85,,1.96,,,,,,,65.6,2982375,57200,13.55 Cr,162800,-94.49
SBIN,,,,,,,,,,,,,,,,,,,VOLUME_OI,VolumeAndOISpikesScans1_25AUG26_Report_27_7_2026.xlsx,,,,,,,,,,,,,,,,,,"1,026.2",,,,,,,,,,,,,,,0.43,,1.11,,,,,,,4.4,52209750,573750,58.88 Cr,949500,-94.51
UPL,,,,,,,,,,,,,,,,,,,VOLUME_OI,VolumeAndOISpikesScans1_25AUG26_Report_27_7_2026.xlsx,,,,,,,,,,,,,,,,,,610.9,,,,,,,,,,,,,,,0.77,,1.47,,,,,,,4.65,19995735,289970,17.71 Cr,555550,-94.51
TORNTPHARM,,,,,,,,,,,,,,,,,,,VOLUME_OI,VolumeAndOISpikesScans1_25AUG26_Report_27_7_2026.xlsx,,,,,,,,,,,,,,,,,,"4,983.6",,,,,,,,,,,,,,,1.49,,1.31,,,,,,,73.4,3782750,49000,24.42 Cr,90500,-94.55
EICHERMOT,,,,,,,,,,,,,,,,,,,VOLUME_OI,VolumeAndOISpikesScans1_25AUG26_Report_27_7_2026.xlsx,,,,,,,,,,,,,,,,,,7630,,,,,,,,,,,,,,,0.63,,1.62,,,,,,,47.5,3106500,49500,37.77 Cr,76800,-94.58
GAIL,,,,,,,,,,,,,,,,,,,VOLUME_OI,VolumeAndOISpikesScans1_25AUG26_Report_27_7_2026.xlsx,,,,,,,,,,,,,,,,,,172.85,,,,,,,,,,,,,,,1.28,,1.59,,,,,,,2.19,56100650,880400,15.22 Cr,1735950,-94.58
TITAN,,,,,,,,,,,,,,,,,,,VOLUME_OI,VolumeAndOISpikesScans1_25AUG26_Report_27_7_2026.xlsx,,,,,,,,,,,,,,,,,,"4,715.7",,,,,,,,,,,,,,,0.13,,1.82,,,,,,,6,3743600,66850,31.52 Cr,92050,-94.61
AMBUJACEM,,,,,,,,,,,,,,,,,,,VOLUME_OI,VolumeAndOISpikesScans1_25AUG26_Report_27_7_2026.xlsx,,,,,,,,,,,,,,,,,,432.4,,,,,,,,,,,,,,,1.38,,1.33,,,,,,,5.9,46507200,609600,26.36 Cr,1144800,-94.69
ADANIPORTS,,,,,,,,,,,,,,,,,,,VOLUME_OI,VolumeAndOISpikesScans1_25AUG26_Report_27_7_2026.xlsx,,,,,,,,,,,,,,,,,,"1,786.1",,,,,,,,,,,,,,,0.31,,1.71,,,,,,,5.6,13822025,232275,41.49 Cr,332975,-94.73
CUMMINSIND,,,,,,,,,,,,,,,,,,,VOLUME_OI,VolumeAndOISpikesScans1_25AUG26_Report_27_7_2026.xlsx,,,,,,,,,,,,,,,,,,5673,,,,,,,,,,,,,,,0.5,,1.39,,,,,,,28,2619400,36000,20.42 Cr,69200,-94.73
MOTHERSON,,,,,,,,,,,,,,,,,,,VOLUME_OI,VolumeAndOISpikesScans1_25AUG26_Report_27_7_2026.xlsx,,,,,,,,,,,,,,,,,,148.29,,,,,,,,,,,,,,,1.37,,1.8,,,,,,,2,71217000,1260750,18.70 Cr,2177100,-94.73
AMBER,,,,,,,,,,,,,,,,,,,VOLUME_OI,VolumeAndOISpikesScans1_25AUG26_Report_27_7_2026.xlsx,,,,,,,,,,,,,,,,,,7330,,,,,,,,,,,,,,,1.28,,2.14,,,,,,,92.5,936100,19600,14.37 Cr,46000,-94.76
PNBHOUSING,,,,,,,,,,,,,,,,,,,VOLUME_OI,VolumeAndOISpikesScans1_25AUG26_Report_27_7_2026.xlsx,,,,,,,,,,,,,,,,,,"1,061.2",,,,,,,,,,,,,,,0.45,,1.49,,,,,,,4.8,4476550,65650,6.97 Cr,117000,-94.78
DIXON,,,,,,,,,,,,,,,,,,,VOLUME_OI,VolumeAndOISpikesScans1_25AUG26_Report_27_7_2026.xlsx,,,,,,,,,,,,,,,,,,13736,,,,,,,,,,,,,,,0.42,,2.18,,,,,,,58,1570800,33500,46.02 Cr,51500,-94.8
GMRAIRPORT,,,,,,,,,,,,,,,,,,,VOLUME_OI,VolumeAndOISpikesScans1_25AUG26_Report_27_7_2026.xlsx,,,,,,,,,,,,,,,,,,108.66,,,,,,,,,,,,,,,0.95,,2.2,,,,,,,1.02,65125575,1401975,15.23 Cr,1862325,-94.81
MARICO,,,,,,,,,,,,,,,,,,,VOLUME_OI,VolumeAndOISpikesScans1_25AUG26_Report_27_7_2026.xlsx,,,,,,,,,,,,,,,,,,858.45,,,,,,,,,,,,,,,0.54,,1.71,,,,,,,4.65,9566400,160800,13.80 Cr,246000,-94.83
ADANIENSOL,,,,,,,,,,,,,,,,,,,VOLUME_OI,VolumeAndOISpikesScans1_25AUG26_Report_27_7_2026.xlsx,,,,,,,,,,,,,,,,,,1718,,,,,,,,,,,,,,,0.31,,1.62,,,,,,,5.3,12555000,200475,34.44 Cr,317250,-94.87
BIOCON,,,,,,,,,,,,,,,,,,,VOLUME_OI,VolumeAndOISpikesScans1_25AUG26_Report_27_7_2026.xlsx,,,,,,,,,,,,,,,,,,438.75,,,,,,,,,,,,,,,0.52,,1.77,,,,,,,2.25,31570000,550000,24.13 Cr,970000,-94.88
HDFCBANK,,,,,,,,,,,,,,,,,,,VOLUME_OI,VolumeAndOISpikesScans1_25AUG26_Report_27_7_2026.xlsx,,,,,,,,,,,,,,,,,,748.4,,,,,,,,,,,,,,,0.04,,1.27,,,,,,,0.3,222547000,2797600,209.37 Cr,3736200,-94.89
BAJAJ-AUTO,,,,,,,,,,,,,,,,,,,VOLUME_OI,VolumeAndOISpikesScans1_25AUG26_Report_27_7_2026.xlsx,,,,,,,,,,,,,,,,,,11183,,,,,,,,,,,,,,,-0.26,,0.46,,,,,,,-29,1555200,7050,7.88 Cr,46500,-94.94
BHARATFORG,,,,,,,,,,,,,,,,,,,VOLUME_OI,VolumeAndOISpikesScans1_25AUG26_Report_27_7_2026.xlsx,,,,,,,,,,,,,,,,,,"2,186.5",,,,,,,,,,,,,,,0.96,,1.76,,,,,,,20.7,5149000,89000,19.46 Cr,144500,-94.99
NYKAA,,,,,,,,,,,,,,,,,,,VOLUME_OI,VolumeAndOISpikesScans1_25AUG26_Report_27_7_2026.xlsx,,,,,,,,,,,,,,,,,,326.4,,,,,,,,,,,,,,,0.46,,1.92,,,,,,,1.5,31643750,596875,19.48 Cr,753125,-95.0
NATIONALUM,,,,,,,,,,,,,,,,,,,VOLUME_OI,VolumeAndOISpikesScans1_25AUG26_Report_27_7_2026.xlsx,,,,,,,,,,,,,,,,,,347.7,,,,,,,,,,,,,,,0.43,,1.61,,,,,,,1.5,26994375,427500,14.86 Cr,800625,-95.14
ABCAPITAL,,,,,,,,,,,,,,,,,,,VOLUME_OI,VolumeAndOISpikesScans1_25AUG26_Report_27_7_2026.xlsx,,,,,,,,,,,,,,,,,,398.3,,,,,,,,,,,,,,,0.67,,1.11,,,,,,,2.65,24223400,266600,10.62 Cr,694400,-95.22
BAJFINANCE,,,,,,,,,,,,,,,,,,,VOLUME_OI,VolumeAndOISpikesScans1_25AUG26_Report_27_7_2026.xlsx,,,,,,,,,,,,,,,,,,1042,,,,,,,,,,,,,,,2.14,,1.6,,,,,,,21.8,45141750,709500,73.93 Cr,1413000,-95.25
HINDPETRO,,,,,,,,,,,,,,,,,,,VOLUME_OI,VolumeAndOISpikesScans1_25AUG26_Report_27_7_2026.xlsx,,,,,,,,,,,,,,,,,,390.9,,,,,,,,,,,,,,,1.86,,0.65,,,,,,,7.15,33793200,216675,8.47 Cr,850500,-95.25
POLYCAB,,,,,,,,,,,,,,,,,,,VOLUME_OI,VolumeAndOISpikesScans1_25AUG26_Report_27_7_2026.xlsx,,,,,,,,,,,,,,,,,,9039,,,,,,,,,,,,,,,0.8,,1.36,,,,,,,71.5,1575750,21125,19.09 Cr,43750,-95.33
RVNL,,,,,,,,,,,,,,,,,,,VOLUME_OI,VolumeAndOISpikesScans1_25AUG26_Report_27_7_2026.xlsx,,,,,,,,,,,,,,,,,,224.85,,,,,,,,,,,,,,,1.26,,0.37,,,,,,,2.8,23577400,86625,1.95 Cr,945175,-95.37
TATAELXSI,,,,,,,,,,,,,,,,,,,VOLUME_OI,VolumeAndOISpikesScans1_25AUG26_Report_27_7_2026.xlsx,,,,,,,,,,,,,,,,,,3523,,,,,,,,,,,,,,,0.72,,0.51,,,,,,,25.3,2531250,12875,4.54 Cr,100750,-95.37
INDUSTOWER,,,,,,,,,,,,,,,,,,,VOLUME_OI,VolumeAndOISpikesScans1_25AUG26_Report_27_7_2026.xlsx,,,,,,,,,,,,,,,,,,397.7,,,,,,,,,,,,,,,0.43,,1.36,,,,,,,1.7,60642400,814300,32.38 Cr,1076100,-95.38
COLPAL,,,,,,,,,,,,,,,,,,,VOLUME_OI,VolumeAndOISpikesScans1_25AUG26_Report_27_7_2026.xlsx,,,,,,,,,,,,,,,,,,"2,129.9",,,,,,,,,,,,,,,1.42,,1.62,,,,,,,29.8,3003000,47850,10.19 Cr,100650,-95.39
COALINDIA,,,,,,,,,,,,,,,,,,,VOLUME_OI,VolumeAndOISpikesScans1_25AUG26_Report_27_7_2026.xlsx,,,,,,,,,,,,,,,,,,425.8,,,,,,,,,,,,,,,-0.09,,0.69,,,,,,,-0.4,38766600,265950,11.32 Cr,691200,-95.4
APOLLOHOSP,,,,,,,,,,,,,,,,,,,VOLUME_OI,VolumeAndOISpikesScans1_25AUG26_Report_27_7_2026.xlsx,,,,,,,,,,,,,,,,,,"8,862.5",,,,,,,,,,,,,,,0.08,,1.56,,,,,,,7.5,1552375,23875,21.16 Cr,31000,-95.42
LICHSGFIN,,,,,,,,,,,,,,,,,,,VOLUME_OI,VolumeAndOISpikesScans1_25AUG26_Report_27_7_2026.xlsx,,,,,,,,,,,,,,,,,,535,,,,,,,,,,,,,,,1.03,,0.35,,,,,,,5.45,17001000,59000,3.16 Cr,252000,-95.42
SUPREMEIND,,,,,,,,,,,,,,,,,,,VOLUME_OI,VolumeAndOISpikesScans1_25AUG26_Report_27_7_2026.xlsx,,,,,,,,,,,,,,,,,,"3,514.4",,,,,,,,,,,,,,,0.89,,1.53,,,,,,,31,1589700,23975,8.43 Cr,36925,-95.44
APLAPOLLO,,,,,,,,,,,,,,,,,,,VOLUME_OI,VolumeAndOISpikesScans1_25AUG26_Report_27_7_2026.xlsx,,,,,,,,,,,,,,,,,,1848,,,,,,,,,,,,,,,0.8,,1.85,,,,,,,14.6,2626400,47600,8.80 Cr,74550,-95.45
BRITANNIA,,,,,,,,,,,,,,,,,,,VOLUME_OI,VolumeAndOISpikesScans1_25AUG26_Report_27_7_2026.xlsx,,,,,,,,,,,,,,,,,,5350,,,,,,,,,,,,,,,0.65,,0.61,,,,,,,34.5,1495500,9125,4.88 Cr,39250,-95.52
FORTIS,,,,,,,,,,,,,,,,,,,VOLUME_OI,VolumeAndOISpikesScans1_25AUG26_Report_27_7_2026.xlsx,,,,,,,,,,,,,,,,,,959.55,,,,,,,,,,,,,,,0.82,,1.17,,,,,,,7.85,6153500,71300,6.84 Cr,136400,-95.56
VMM,,,,,,,,,,,,,,,,,,,VOLUME_OI,VolumeAndOISpikesScans1_25AUG26_Report_27_7_2026.xlsx,,,,,,,,,,,,,,,,,,108.6,,,,,,,,,,,,,,,0.55,,1.31,,,,,,,0.59,32941200,426800,4.64 Cr,999100,-95.57
SRF,,,,,,,,,,,,,,,,,,,VOLUME_OI,VolumeAndOISpikesScans1_25AUG26_Report_27_7_2026.xlsx,,,,,,,,,,,,,,,,,,"2,669.4",,,,,,,,,,,,,,,0.77,,1.49,,,,,,,20.3,3298800,48400,12.92 Cr,87800,-95.58
NAM-INDIA,,,,,,,,,,,,,,,,,,,VOLUME_OI,VolumeAndOISpikesScans1_25AUG26_Report_27_7_2026.xlsx,,,,,,,,,,,,,,,,,,1134,,,,,,,,,,,,,,,2.47,,0.47,,,,,,,27.3,5342500,25000,2.83 Cr,168125,-95.59
MUTHOOTFIN,,,,,,,,,,,,,,,,,,,VOLUME_OI,VolumeAndOISpikesScans1_25AUG26_Report_27_7_2026.xlsx,,,,,,,,,,,,,,,,,,"3,046.6",,,,,,,,,,,,,,,1.39,,0.6,,,,,,,41.9,4812500,28875,8.80 Cr,144925,-95.6
CAMS,,,,,,,,,,,,,,,,,,,VOLUME_OI,VolumeAndOISpikesScans1_25AUG26_Report_27_7_2026.xlsx,,,,,,,,,,,,,,,,,,778.25,,,,,,,,,,,,,,,1.81,,0.94,,,,,,,13.8,4696725,43725,3.40 Cr,165000,-95.62
MFSL,,,,,,,,,,,,,,,,,,,VOLUME_OI,VolumeAndOISpikesScans1_25AUG26_Report_27_7_2026.xlsx,,,,,,,,,,,,,,,,,,"1,537.1",,,,,,,,,,,,,,,0.71,,1.61,,,,,,,10.8,5232400,82800,12.73 Cr,146800,-95.63
DMART,,,,,,,,,,,,,,,,,,,VOLUME_OI,VolumeAndOISpikesScans1_25AUG26_Report_27_7_2026.xlsx,,,,,,,,,,,,,,,,,,"4,025.3",,,,,,,,,,,,,,,0.37,,1.23,,,,,,,14.9,3550050,43200,17.39 Cr,95100,-95.7
HDFCAMC,,,,,,,,,,,,,,,,,,,VOLUME_OI,VolumeAndOISpikesScans1_25AUG26_Report_27_7_2026.xlsx,,,,,,,,,,,,,,,,,,"2,552.7",,,,,,,,,,,,,,,1.34,,0.84,,,,,,,33.7,4423800,36900,9.42 Cr,82200,-95.7
NESTLEIND,,,,,,,,,,,,,,,,,,,VOLUME_OI,VolumeAndOISpikesScans1_25AUG26_Report_27_7_2026.xlsx,,,,,,,,,,,,,,,,,,1461,,,,,,,,,,,,,,,0.75,,1,,,,,,,10.9,6566000,65000,9.50 Cr,155500,-95.7
GODREJCP,,,,,,,,,,,,,,,,,,,VOLUME_OI,VolumeAndOISpikesScans1_25AUG26_Report_27_7_2026.xlsx,,,,,,,,,,,,,,,,,,"1,071.4",,,,,,,,,,,,,,,0.89,,1.57,,,,,,,9.5,6875500,106000,11.36 Cr,161000,-95.81
MAXHEALTH,,,,,,,,,,,,,,,,,,,VOLUME_OI,VolumeAndOISpikesScans1_25AUG26_Report_27_7_2026.xlsx,,,,,,,,,,,,,,,,,,1108,,,,,,,,,,,,,,,2.24,,0.84,,,,,,,24.3,7400925,61425,6.81 Cr,170625,-95.83
SONACOMS,,,,,,,,,,,,,,,,,,,VOLUME_OI,VolumeAndOISpikesScans1_25AUG26_Report_27_7_2026.xlsx,,,,,,,,,,,,,,,,,,720.4,,,,,,,,,,,,,,,0.43,,2.14,,,,,,,3.05,8318975,173950,12.53 Cr,416500,-95.84
SIEMENS,,,,,,,,,,,,,,,,,,,VOLUME_OI,VolumeAndOISpikesScans1_25AUG26_Report_27_7_2026.xlsx,,,,,,,,,,,,,,,,,,3672,,,,,,,,,,,,,,,0.29,,1.54,,,,,,,10.8,2700600,40950,15.04 Cr,70350,-95.86
BAJAJFINSV,,,,,,,,,,,,,,,,,,,VOLUME_OI,VolumeAndOISpikesScans1_25AUG26_Report_27_7_2026.xlsx,,,,,,,,,,,,,,,,,,1910,,,,,,,,,,,,,,,1.39,,1.44,,,,,,,26.1,6036900,85500,16.33 Cr,148500,-95.87
ALKEM,,,,,,,,,,,,,,,,,,,VOLUME_OI,VolumeAndOISpikesScans1_25AUG26_Report_27_7_2026.xlsx,,,,,,,,,,,,,,,,,,5698,,,,,,,,,,,,,,,0.76,,1.06,,,,,,,43,771500,8125,4.63 Cr,15375,-95.89
BDL,,,,,,,,,,,,,,,,,,,VOLUME_OI,VolumeAndOISpikesScans1_25AUG26_Report_27_7_2026.xlsx,,,,,,,,,,,,,,,,,,"1,221.9",,,,,,,,,,,,,,,1,,1.29,,,,,,,12.1,5217725,66300,8.10 Cr,167450,-95.9
MIDCPNIFTY,,,,,,,,,,,,,,,,,,,VOLUME_OI,VolumeAndOISpikesScans1_25AUG26_Report_27_7_2026.xlsx,,,,,,,,,,,,,,,,,,"14,608.8",,,,,,,,,,,,,,,0.79,,-0.45,,,,,,,114.65,1266840,-5760,-8.41 Cr,28920,-95.94
PETRONET,,,,,,,,,,,,,,,,,,,VOLUME_OI,VolumeAndOISpikesScans1_25AUG26_Report_27_7_2026.xlsx,,,,,,,,,,,,,,,,,,276.15,,,,,,,,,,,,,,,0.15,,1.06,,,,,,,0.4,19554800,205200,5.67 Cr,507300,-95.96
POLICYBZR,,,,,,,,,,,,,,,,,,,VOLUME_OI,VolumeAndOISpikesScans1_25AUG26_Report_27_7_2026.xlsx,,,,,,,,,,,,,,,,,,"1,551.8",,,,,,,,,,,,,,,0.35,,1.46,,,,,,,5.4,6257650,90300,14.01 Cr,166600,-96.1
PIDILITIND,,,,,,,,,,,,,,,,,,,VOLUME_OI,VolumeAndOISpikesScans1_25AUG26_Report_27_7_2026.xlsx,,,,,,,,,,,,,,,,,,"1,604.5",,,,,,,,,,,,,,,1.36,,2.3,,,,,,,21.6,4443500,100000,16.05 Cr,141500,-96.14
ASTRAL,,,,,,,,,,,,,,,,,,,VOLUME_OI,VolumeAndOISpikesScans1_25AUG26_Report_27_7_2026.xlsx,,,,,,,,,,,,,,,,,,1432,,,,,,,,,,,,,,,1.04,,1.16,,,,,,,14.7,5879450,67575,9.68 Cr,190400,-96.19
GRASIM,,,,,,,,,,,,,,,,,,,VOLUME_OI,VolumeAndOISpikesScans1_25AUG26_Report_27_7_2026.xlsx,,,,,,,,,,,,,,,,,,3109,,,,,,,,,,,,,,,0.47,,0.95,,,,,,,14.6,8743500,82250,25.57 Cr,103000,-96.19
FEDERALBNK,,,,,,,,,,,,,,,,,,,VOLUME_OI,VolumeAndOISpikesScans1_25AUG26_Report_27_7_2026.xlsx,,,,,,,,,,,,,,,,,,357.8,,,,,,,,,,,,,,,0.7,,0.72,,,,,,,2.5,75140000,537500,19.23 Cr,1287500,-96.31
MAZDOCK,,,,,,,,,,,,,,,,,,,VOLUME_OI,VolumeAndOISpikesScans1_25AUG26_Report_27_7_2026.xlsx,,,,,,,,,,,,,,,,,,"2,296.2",,,,,,,,,,,,,,,0.96,,0.77,,,,,,,21.8,3526200,27000,6.20 Cr,67950,-96.32
COCHINSHIP,,,,,,,,,,,,,,,,,,,VOLUME_OI,VolumeAndOISpikesScans1_25AUG26_Report_27_7_2026.xlsx,,,,,,,,,,,,,,,,,,"1,394.2",,,,,,,,,,,,,,,0.79,,0.49,,,,,,,10.9,3891200,18800,2.62 Cr,92800,-96.33
CROMPTON,,,,,,,,,,,,,,,,,,,VOLUME_OI,VolumeAndOISpikesScans1_25AUG26_Report_27_7_2026.xlsx,,,,,,,,,,,,,,,,,,251.6,,,,,,,,,,,,,,,-0.14,,1.61,,,,,,,-0.35,35225600,559000,14.06 Cr,735300,-96.33
KOTAKBANK,,,,,,,,,,,,,,,,,,,VOLUME_OI,VolumeAndOISpikesScans1_25AUG26_Report_27_7_2026.xlsx,,,,,,,,,,,,,,,,,,389.3,,,,,,,,,,,,,,,0.46,,0.87,,,,,,,1.8,129030000,1110000,43.21 Cr,1718000,-96.37
SHREECEM,,,,,,,,,,,,,,,,,,,VOLUME_OI,VolumeAndOISpikesScans1_25AUG26_Report_27_7_2026.xlsx,,,,,,,,,,,,,,,,,,26685,,,,,,,,,,,,,,,0.34,,0.79,,,,,,,90,215825,1700,4.54 Cr,4775,-96.37
OBEROIRLTY,,,,,,,,,,,,,,,,,,,VOLUME_OI,VolumeAndOISpikesScans1_25AUG26_Report_27_7_2026.xlsx,,,,,,,,,,,,,,,,,,"1,815.7",,,,,,,,,,,,,,,0.33,,1.05,,,,,,,6,4369400,45500,8.26 Cr,109550,-96.47
KEI,,,,,,,,,,,,,,,,,,,VOLUME_OI,VolumeAndOISpikesScans1_25AUG26_Report_27_7_2026.xlsx,,,,,,,,,,,,,,,,,,4867,,,,,,,,,,,,,,,1.03,,0.29,,,,,,,49.5,1860775,5425,2.64 Cr,29575,-96.57
TRENT,,,,,,,,,,,,,,,,,,,VOLUME_OI,VolumeAndOISpikesScans1_25AUG26_Report_27_7_2026.xlsx,,,,,,,,,,,,,,,,,,2912,,,,,,,,,,,,,,,1.01,,0.96,,,,,,,29.1,9652050,92025,26.80 Cr,162000,-96.58
HYUNDAI,,,,,,,,,,,,,,,,,,,VOLUME_OI,VolumeAndOISpikesScans1_25AUG26_Report_27_7_2026.xlsx,,,,,,,,,,,,,,,,,,1950,,,,,,,,,,,,,,,1.4,,0.78,,,,,,,27,3354450,26125,5.09 Cr,81400,-96.65
ICICIGI,,,,,,,,,,,,,,,,,,,VOLUME_OI,VolumeAndOISpikesScans1_25AUG26_Report_27_7_2026.xlsx,,,,,,,,,,,,,,,,,,"1,670.3",,,,,,,,,,,,,,,-0.2,,0.44,,,,,,,-3.4,3878875,16900,2.82 Cr,84175,-96.78
GVT&D,,,,,,,,,,,,,,,,,,,VOLUME_OI,VolumeAndOISpikesScans1_25AUG26_Report_27_7_2026.xlsx,,,,,,,,,,,,,,,,,,4195,,,,,,,,,,,,,,,0.17,,1.1,,,,,,,7.2,1834750,20000,8.39 Cr,34500,-96.96
TVSMOTOR,,,,,,,,,,,,,,,,,,,VOLUME_OI,VolumeAndOISpikesScans1_25AUG26_Report_27_7_2026.xlsx,,,,,,,,,,,,,,,,,,"3,882.2",,,,,,,,,,,,,,,-0.03,,1.08,,,,,,,-1.3,9673125,103250,40.08 Cr,141225,-97.06
PREMIERENE,,,,,,,,,,,,,,,,,,,VOLUME_OI,VolumeAndOISpikesScans1_25AUG26_Report_27_7_2026.xlsx,,,,,,,,,,,,,,,,,,"1,021.2",,,,,,,,,,,,,,,0.23,,0.95,,,,,,,2.3,4913350,46150,4.71 Cr,102700,-97.08
ICICIBANK,,,,,,,,,,,,,,,,,,,VOLUME_OI,VolumeAndOISpikesScans1_25AUG26_Report_27_7_2026.xlsx,,,,,,,,,,,,,,,,,,"1,426.1",,,,,,,,,,,,,,,-0.14,,1,,,,,,,-2,79723000,788900,112.51 Cr,1024800,-97.12
BLUESTARCO,,,,,,,,,,,,,,,,,,,VOLUME_OI,VolumeAndOISpikesScans1_25AUG26_Report_27_7_2026.xlsx,,,,,,,,,,,,,,,,,,"1,651.2",,,,,,,,,,,,,,,1.15,,0.52,,,,,,,18.7,2494700,13000,2.15 Cr,43225,-97.15
PIIND,,,,,,,,,,,,,,,,,,,VOLUME_OI,VolumeAndOISpikesScans1_25AUG26_Report_27_7_2026.xlsx,,,,,,,,,,,,,,,,,,"2,720.7",,,,,,,,,,,,,,,0.86,,1.22,,,,,,,23.3,2288650,27650,7.52 Cr,52675,-97.15
BOSCHLTD,,,,,,,,,,,,,,,,,,,VOLUME_OI,VolumeAndOISpikesScans1_25AUG26_Report_27_7_2026.xlsx,,,,,,,,,,,,,,,,,,41725,,,,,,,,,,,,,,,0.05,,0.87,,,,,,,20,177800,1525,6.36 Cr,3150,-97.18
NMDC,,,,,,,,,,,,,,,,,,,VOLUME_OI,VolumeAndOISpikesScans1_25AUG26_Report_27_7_2026.xlsx,,,,,,,,,,,,,,,,,,84.61,,,,,,,,,,,,,,,0.81,,0.32,,,,,,,0.68,228163500,729000,6.17 Cr,1782000,-97.26
AXISBANK,,,,,,,,,,,,,,,,,,,VOLUME_OI,VolumeAndOISpikesScans1_25AUG26_Report_27_7_2026.xlsx,,,,,,,,,,,,,,,,,,"1,238.5",,,,,,,,,,,,,,,0.2,,0.91,,,,,,,2.5,56215000,505625,62.62 Cr,783750,-97.34
JSWSTEEL,,,,,,,,,,,,,,,,,,,VOLUME_OI,VolumeAndOISpikesScans1_25AUG26_Report_27_7_2026.xlsx,,,,,,,,,,,,,,,,,,1248,,,,,,,,,,,,,,,-0.07,,0.73,,,,,,,-0.9,31683150,228150,28.47 Cr,274050,-97.42
VOLTAS,,,,,,,,,,,,,,,,,,,VOLUME_OI,VolumeAndOISpikesScans1_25AUG26_Report_27_7_2026.xlsx,,,,,,,,,,,,,,,,,,"1,339.6",,,,,,,,,,,,,,,0.34,,0.55,,,,,,,4.5,5741250,31125,4.17 Cr,93750,-97.72
LICI,,,,,,,,,,,,,,,,,,,VOLUME_OI,VolumeAndOISpikesScans1_25AUG26_Report_27_7_2026.xlsx,,,,,,,,,,,,,,,,,,422.35,,,,,,,,,,,,,,,1.42,,0.22,,,,,,,5.9,12822600,28000,1.18 Cr,208600,-97.9
INDUSINDBK,,,,,,,,,,,,,,,,,,,VOLUME_OI,VolumeAndOISpikesScans1_25AUG26_Report_27_7_2026.xlsx,,,,,,,,,,,,,,,,,,1009.75,,,,,,,,,,,,,,,0.79,,0.38,,,,,,,7.9,25778900,97300,9.82 Cr,280000,-97.95
FOCIT,,,,,,,,,,,,,,,,,,,VOLUME_OI,VolumeAndOISpikesScans1_25AUG26_Report_27_7_2026.xlsx,,,,,,,,,,,,,,,,,,35201,,,,,,,,,,,,,,,0.72,,0,,,,,,,251,495,0,-,0,-100.0
BANKEX,,,,,,,,,,,,,,,,,,,VOLUME_OI,VolumeAndOISpikesScans1_25AUG26_Report_27_7_2026.xlsx,,,,,,,,,,,,,,,,,,-,,,,,,,,,,,,,,,-,,-,,,,,,,-,-,-,-,-,
IDFCFIRSTB,,,,,,,,,,,,,,,,,,,VOLUME_OI,VolumeAndOISpikesScans_25AUG26_Report_27_7_2026.xlsx,,,,,,,,,,,,,,,,,,88.39,,,,,,,,,,,,,,,8.81,,15.56,,,,,,,7.16,253328075,34104175,301.45 Cr,67772425,-26.59
AUBANK,,,,,,,,,,,,,,,,,,,VOLUME_OI,VolumeAndOISpikesScans_25AUG26_Report_27_7_2026.xlsx,,,,,,,,,,,,,,,,,,"1,036.4",,,,,,,,,,,,,,,2.53,,5.87,,,,,,,25.6,17412000,965000,100.01 Cr,2487000,-76.55
BANKINDIA,,,,,,,,,,,,,,,,,,,VOLUME_OI,VolumeAndOISpikesScans_25AUG26_Report_27_7_2026.xlsx,,,,,,,,,,,,,,,,,,143.33,,,,,,,,,,,,,,,-0.1,,3.69,,,,,,,-0.15,53107600,1887600,27.05 Cr,4513600,-82.98
LAURUSLABS,,,,,,,,,,,,,,,,,,,VOLUME_OI,VolumeAndOISpikesScans_25AUG26_Report_27_7_2026.xlsx,,,,,,,,,,,,,,,,,,"1,657.7",,,,,,,,,,,,,,,2.81,,2.59,,,,,,,45.3,12892800,325550,53.97 Cr,974100,-88.27
NIFTYNXT50,,,,,,,,,,,,,,,,,,,VOLUME_OI,VolumeAndOISpikesScans_25AUG26_Report_27_7_2026.xlsx,,,,,,,,,,,,,,,,,,72600,,,,,,,,,,,,,,,0.7,,0.57,,,,,,,505.8,8825,50,36.30 L,225,-91.0
TATACONSUM,,,,,,,,,,,,,,,,,,,VOLUME_OI,VolumeAndOISpikesScans_25AUG26_Report_27_7_2026.xlsx,,,,,,,,,,,,,,,,,,"1,122.8",,,,,,,,,,,,,,,2.6,,2.2,,,,,,,28.4,10964800,235950,26.49 Cr,530750,-91.25
KFINTECH,,,,,,,,,,,,,,,,,,,VOLUME_OI,VolumeAndOISpikesScans_25AUG26_Report_27_7_2026.xlsx,,,,,,,,,,,,,,,,,,877.15,,,,,,,,,,,,,,,2.9,,2.52,,,,,,,24.7,3016450,74175,6.51 Cr,243225,-91.77
JINDALSTEL,,,,,,,,,,,,,,,,,,,VOLUME_OI,VolumeAndOISpikesScans_25AUG26_Report_27_7_2026.xlsx,,,,,,,,,,,,,,,,,,"1,057.5",,,,,,,,,,,,,,,1.59,,1.89,,,,,,,16.5,7295000,135625,14.34 Cr,253750,-91.79
RECLTD,,,,,,,,,,,,,,,,,,,VOLUME_OI,VolumeAndOISpikesScans_25AUG26_Report_27_7_2026.xlsx,,,,,,,,,,,,,,,,,,359.1,,,,,,,,,,,,,,,0.34,,0.4,,,,,,,1.2,23692725,94500,3.39 Cr,809550,-92.75
LODHA,,,,,,,,,,,,,,,,,,,VOLUME_OI,VolumeAndOISpikesScans_25AUG26_Report_27_7_2026.xlsx,,,,,,,,,,,,,,,,,,"1,110.6",,,,,,,,,,,,,,,1.19,,1.16,,,,,,,13.1,11222500,128750,14.30 Cr,503125,-92.78
PGEL,,,,,,,,,,,,,,,,,,,VOLUME_OI,VolumeAndOISpikesScans_25AUG26_Report_27_7_2026.xlsx,,,,,,,,,,,,,,,,,,583.75,,,,,,,,,,,,,,,1.41,,2.52,,,,,,,8.1,5717100,140600,8.21 Cr,289750,-92.99
FINNIFTY,,,,,,,,,,,,,,,,,,,VOLUME_OI,VolumeAndOISpikesScans_25AUG26_Report_27_7_2026.xlsx,,,,,,,,,,,,,,,,,,"26,260.9",,,,,,,,,,,,,,,0.69,,0.49,,,,,,,178.9,12420,60,15.76 L,600,-93.1
BANKBARODA,,,,,,,,,,,,,,,,,,,VOLUME_OI,VolumeAndOISpikesScans_25AUG26_Report_27_7_2026.xlsx,,,,,,,,,,,,,,,,,,248.45,,,,,,,,,,,,,,,0.3,,1.34,,,,,,,0.75,91777725,1210950,30.09 Cr,2749500,-93.14
BANKNIFTY,,,,,,,,,,,,,,,,,,,VOLUME_OI,VolumeAndOISpikesScans_25AUG26_Report_27_7_2026.xlsx,,,,,,,,,,,,,,,,,,57501,,,,,,,,,,,,,,,0.73,,-0.11,,,,,,,414.4,1368780,-1500,-8.63 Cr,46140,-93.19
SAIL,,,,,,,,,,,,,,,,,,,VOLUME_OI,VolumeAndOISpikesScans_25AUG26_Report_27_7_2026.xlsx,,,,,,,,,,,,,,,,,,163.65,,,,,,,,,,,,,,,0.69,,0.27,,,,,,,1.12,90291700,239700,3.92 Cr,1283100,-94.36
ITC,,,,,,,,,,,,,,,,,,,VOLUME_OI,VolumeAndOISpikesScans_25AUG26_Report_27_7_2026.xlsx,,,,,,,,,,,,,,,,,,288.85,,,,,,,,,,,,,,,1.23,,0.8,,,,,,,3.5,102145875,814200,23.52 Cr,2335650,-94.55
SHRIRAMFIN,,,,,,,,,,,,,,,,,,,VOLUME_OI,VolumeAndOISpikesScans_25AUG26_Report_27_7_2026.xlsx,,,,,,,,,,,,,,,,,,"1,010.8",,,,,,,,,,,,,,,-0.11,,2.06,,,,,,,-1.1,19645725,396825,40.11 Cr,850575,-94.68
BPCL,,,,,,,,,,,,,,,,,,,VOLUME_OI,VolumeAndOISpikesScans_25AUG26_Report_27_7_2026.xlsx,,,,,,,,,,,,,,,,,,317.65,,,,,,,,,,,,,,,1.7,,1.21,,,,,,,5.3,28013400,335750,10.67 Cr,784075,-94.83
MARUTI,,,,,,,,,,,,,,,,,,,VOLUME_OI,VolumeAndOISpikesScans_25AUG26_Report_27_7_2026.xlsx,,,,,,,,,,,,,,,,,,13495,,,,,,,,,,,,,,,0.88,,1.16,,,,,,,118,1380850,15800,21.32 Cr,35800,-94.84
HINDUNILVR,,,,,,,,,,,,,,,,,,,VOLUME_OI,VolumeAndOISpikesScans_25AUG26_Report_27_7_2026.xlsx,,,,,,,,,,,,,,,,,,2185,,,,,,,,,,,,,,,1.27,,1.1,,,,,,,27.3,11096400,120600,26.35 Cr,251700,-95.05
ASIANPAINT,,,,,,,,,,,,,,,,,,,VOLUME_OI,VolumeAndOISpikesScans_25AUG26_Report_27_7_2026.xlsx,,,,,,,,,,,,,,,,,,"2,713.9",,,,,,,,,,,,,,,2.13,,1.04,,,,,,,56.7,4701000,48250,13.09 Cr,123250,-95.16
ULTRACEMCO,,,,,,,,,,,,,,,,,,,VOLUME_OI,VolumeAndOISpikesScans_25AUG26_Report_27_7_2026.xlsx,,,,,,,,,,,,,,,,,,11865,,,,,,,,,,,,,,,-0.23,,0.98,,,,,,,-27,1167100,11300,13.41 Cr,23800,-95.29
IEX,,,,,,,,,,,,,,,,,,,VOLUME_OI,VolumeAndOISpikesScans_25AUG26_Report_27_7_2026.xlsx,,,,,,,,,,,,,,,,,,127.67,,,,,,,,,,,,,,,2.05,,0.66,,,,,,,2.56,34730400,226200,2.89 Cr,1135350,-95.44
CHOLAFIN,,,,,,,,,,,,,,,,,,,VOLUME_OI,VolumeAndOISpikesScans_25AUG26_Report_27_7_2026.xlsx,,,,,,,,,,,,,,,,,,"1,763.1",,,,,,,,,,,,,,,1.63,,1.87,,,,,,,28.2,8573750,157500,27.77 Cr,240000,-95.47
ETERNAL,,,,,,,,,,,,,,,,,,,VOLUME_OI,VolumeAndOISpikesScans_25AUG26_Report_27_7_2026.xlsx,,,,,,,,,,,,,,,,,,287.3,,,,,,,,,,,,,,,1.95,,0.46,,,,,,,5.5,101566275,460750,13.24 Cr,2148550,-95.48
ABB,,,,,,,,,,,,,,,,,,,VOLUME_OI,VolumeAndOISpikesScans_25AUG26_Report_27_7_2026.xlsx,,,,,,,,,,,,,,,,,,"7,349.5",,,,,,,,,,,,,,,-0.15,,0.93,,,,,,,-11,1555875,14375,10.56 Cr,52250,-95.53
SENSEX,,,,,,,,,,,,,,,,,,,VOLUME_OI,VolumeAndOISpikesScans_25AUG26_Report_27_7_2026.xlsx,,,,,,,,,,,,,,,,,,76903.75,,,,,,,,,,,,,,,0.44,,0.17,,,,,,,334.9,23880,40,30.76 L,560,-95.53
HINDZINC,,,,,,,,,,,,,,,,,,,VOLUME_OI,VolumeAndOISpikesScans_25AUG26_Report_27_7_2026.xlsx,,,,,,,,,,,,,,,,,,539.8,,,,,,,,,,,,,,,0.95,,0.83,,,,,,,5.1,15446025,127400,6.88 Cr,426300,-95.57
INFY,,,,,,,,,,,,,,,,,,,VOLUME_OI,VolumeAndOISpikesScans_25AUG26_Report_27_7_2026.xlsx,,,,,,,,,,,,,,,,,,1061,,,,,,,,,,,,,,,1.97,,1.34,,,,,,,20.5,69836000,924000,98.04 Cr,2262000,-95.64
INDIANB,,,,,,,,,,,,,,,,,,,VOLUME_OI,VolumeAndOISpikesScans_25AUG26_Report_27_7_2026.xlsx,,,,,,,,,,,,,,,,,,839.9,,,,,,,,,,,,,,,1.34,,0.83,,,,,,,11.1,8215000,68000,5.71 Cr,213000,-95.72
IOC,,,,,,,,,,,,,,,,,,,VOLUME_OI,VolumeAndOISpikesScans_25AUG26_Report_27_7_2026.xlsx,,,,,,,,,,,,,,,,,,140.28,,,,,,,,,,,,,,,1.52,,0.74,,,,,,,2.1,109239000,799500,11.22 Cr,2145000,-95.8
DALBHARAT,,,,,,,,,,,,,,,,,,,VOLUME_OI,VolumeAndOISpikesScans_25AUG26_Report_27_7_2026.xlsx,,,,,,,,,,,,,,,,,,1784,,,,,,,,,,,,,,,-1.08,,1.42,,,,,,,-19.4,1996800,27950,4.99 Cr,73125,-96.03
ONGC,,,,,,,,,,,,,,,,,,,VOLUME_OI,VolumeAndOISpikesScans_25AUG26_Report_27_7_2026.xlsx,,,,,,,,,,,,,,,,,,246.05,,,,,,,,,,,,,,,-1.38,,0.74,,,,,,,-3.45,34080750,252000,6.20 Cr,729000,-96.08
ADANIGREEN,,,,,,,,,,,,,,,,,,,VOLUME_OI,VolumeAndOISpikesScans_25AUG26_Report_27_7_2026.xlsx,,,,,,,,,,,,,,,,,,1417,,,,,,,,,,,,,,,1.09,,0.91,,,,,,,15.3,15513600,139800,19.81 Cr,318000,-96.11
TIINDIA,,,,,,,,,,,,,,,,,,,VOLUME_OI,VolumeAndOISpikesScans_25AUG26_Report_27_7_2026.xlsx,,,,,,,,,,,,,,,,,,2818,,,,,,,,,,,,,,,1.05,,1.58,,,,,,,29.2,1353200,21000,5.92 Cr,41000,-96.14
NIFTY,,,,,,,,,,,,,,,,,,,VOLUME_OI,VolumeAndOISpikesScans_25AUG26_Report_27_7_2026.xlsx,,,,,,,,,,,,,,,,,,"23,990.4",,,,,,,,,,,,,,,0.49,,0.25,,,,,,,115.8,8206250,20345,48.81 Cr,152165,-96.18
PRESTIGE,,,,,,,,,,,,,,,,,,,VOLUME_OI,VolumeAndOISpikesScans_25AUG26_Report_27_7_2026.xlsx,,,,,,,,,,,,,,,,,,"1,630.9",,,,,,,,,,,,,,,1.63,,1.54,,,,,,,26.2,3417300,51750,8.44 Cr,86850,-96.29
SBICARD,,,,,,,,,,,,,,,,,,,VOLUME_OI,VolumeAndOISpikesScans_25AUG26_Report_27_7_2026.xlsx,,,,,,,,,,,,,,,,,,628.05,,,,,,,,,,,,,,,2.29,,0.25,,,,,,,14.05,17994400,44000,2.76 Cr,415200,-96.31
RADICO,,,,,,,,,,,,,,,,,,,VOLUME_OI,VolumeAndOISpikesScans_25AUG26_Report_27_7_2026.xlsx,,,,,,,,,,,,,,,,,,4159,,,,,,,,,,,,,,,1.08,,0.3,,,,,,,44.6,348750,1050,43.67 L,12900,-96.38
HAVELLS,,,,,,,,,,,,,,,,,,,VOLUME_OI,VolumeAndOISpikesScans_25AUG26_Report_27_7_2026.xlsx,,,,,,,,,,,,,,,,,,"1,242.2",,,,,,,,,,,,,,,0.65,,1.27,,,,,,,8,6655500,83500,10.37 Cr,144500,-96.39
OFSS,,,,,,,,,,,,,,,,,,,VOLUME_OI,VolumeAndOISpikesScans_25AUG26_Report_27_7_2026.xlsx,,,,,,,,,,,,,,,,,,10904,,,,,,,,,,,,,,,2.08,,-0.06,,,,,,,222,1078000,-700,-76.33 L,29100,-96.41
BANDHANBNK,,,,,,,,,,,,,,,,,,,VOLUME_OI,VolumeAndOISpikesScans_25AUG26_Report_27_7_2026.xlsx,,,,,,,,,,,,,,,,,,167.98,,,,,,,,,,,,,,,1.52,,0.59,,,,,,,2.52,98748000,579600,9.74 Cr,1335600,-96.52
360ONE,,,,,,,,,,,,,,,,,,,VOLUME_OI,VolumeAndOISpikesScans_25AUG26_Report_27_7_2026.xlsx,,,,,,,,,,,,,,,,,,"1,123.9",,,,,,,,,,,,,,,1.62,,1.06,,,,,,,17.9,3281500,34500,3.88 Cr,61500,-96.53
MANAPPURAM,,,,,,,,,,,,,,,,,,,VOLUME_OI,VolumeAndOISpikesScans_25AUG26_Report_27_7_2026.xlsx,,,,,,,,,,,,,,,,,,357.85,,,,,,,,,,,,,,,1.24,,0.5,,,,,,,4.4,23739000,117000,4.19 Cr,582000,-96.57
NBCC,,,,,,,,,,,,,,,,,,,VOLUME_OI,VolumeAndOISpikesScans_25AUG26_Report_27_7_2026.xlsx,,,,,,,,,,,,,,,,,,95.61,,,,,,,,,,,,,,,1.39,,0.92,,,,,,,1.31,48308000,442000,4.23 Cr,793000,-96.57
INDIGO,,,,,,,,,,,,,,,,,,,VOLUME_OI,VolumeAndOISpikesScans_25AUG26_Report_27_7_2026.xlsx,,,,,,,,,,,,,,,,,,5177,,,,,,,,,,,,,,,3.13,,0.56,,,,,,,157,4558200,25500,13.20 Cr,103800,-96.64
NTPC,,,,,,,,,,,,,,,,,,,VOLUME_OI,VolumeAndOISpikesScans_25AUG26_Report_27_7_2026.xlsx,,,,,,,,,,,,,,,,,,351.65,,,,,,,,,,,,,,,0.73,,0.74,,,,,,,2.55,51556500,376500,13.24 Cr,802500,-96.65
TATASTEEL,,,,,,,,,,,,,,,,,,,VOLUME_OI,VolumeAndOISpikesScans_25AUG26_Report_27_7_2026.xlsx,,,,,,,,,,,,,,,,,,185.42,,,,,,,,,,,,,,,0.78,,0.82,,,,,,,1.44,108834000,885500,16.42 Cr,1523500,-96.74
PNB,,,,,,,,,,,,,,,,,,,VOLUME_OI,VolumeAndOISpikesScans_25AUG26_Report_27_7_2026.xlsx,,,,,,,,,,,,,,,,,,112.08,,,,,,,,,,,,,,,0.85,,0.44,,,,,,,0.94,207152000,912000,10.22 Cr,2472000,-96.94
CGPOWER,,,,,,,,,,,,,,,,,,,VOLUME_OI,VolumeAndOISpikesScans_25AUG26_Report_27_7_2026.xlsx,,,,,,,,,,,,,,,,,,886,,,,,,,,,,,,,,,1.12,,1.73,,,,,,,9.8,13696050,232900,20.63 Cr,520200,-96.95
ASHOKLEY,,,,,,,,,,,,,,,,,,,VOLUME_OI,VolumeAndOISpikesScans_25AUG26_Report_27_7_2026.xlsx,,,,,,,,,,,,,,,,,,154,,,,,,,,,,,,,,,1.22,,0.31,,,,,,,1.85,93485000,290000,4.47 Cr,1585000,-97.01
RBLBANK,,,,,,,,,,,,,,,,,,,VOLUME_OI,VolumeAndOISpikesScans_25AUG26_Report_27_7_2026.xlsx,,,,,,,,,,,,,,,,,,360.3,,,,,,,,,,,,,,,1.49,,0.88,,,,,,,5.3,26689050,231775,8.35 Cr,523875,-97.04
PFC,,,,,,,,,,,,,,,,,,,VOLUME_OI,VolumeAndOISpikesScans_25AUG26_Report_27_7_2026.xlsx,,,,,,,,,,,,,,,,,,411.05,,,,,,,,,,,,,,,0.38,,0.34,,,,,,,1.55,26218400,89700,3.69 Cr,340600,-97.09
MOTILALOFS,,,,,,,,,,,,,,,,,,,VOLUME_OI,VolumeAndOISpikesScans_25AUG26_Report_27_7_2026.xlsx,,,,,,,,,,,,,,,,,,874.15,,,,,,,,,,,,,,,-0.18,,2.84,,,,,,,-1.6,4991000,137950,12.06 Cr,182125,-97.18
COFORGE,,,,,,,,,,,,,,,,,,,VOLUME_OI,VolumeAndOISpikesScans_25AUG26_Report_27_7_2026.xlsx,,,,,,,,,,,,,,,,,,"1,502.8",,,,,,,,,,,,,,,1.25,,0.33,,,,,,,18.5,11532050,37525,5.64 Cr,230375,-97.24
SWIGGY,,,,,,,,,,,,,,,,,,,VOLUME_OI,VolumeAndOISpikesScans_25AUG26_Report_27_7_2026.xlsx,,,,,,,,,,,,,,,,,,253.29,,,,,,,,,,,,,,,1.94,,0.99,,,,,,,4.81,36728125,359525,9.11 Cr,1049375,-97.25
GODFRYPHLP,,,,,,,,,,,,,,,,,,,VOLUME_OI,VolumeAndOISpikesScans_25AUG26_Report_27_7_2026.xlsx,,,,,,,,,,,,,,,,,,"2,121.3",,,,,,,,,,,,,,,0.98,,0.83,,,,,,,20.6,1240525,10175,2.16 Cr,34925,-97.28
DLF,,,,,,,,,,,,,,,,,,,VOLUME_OI,VolumeAndOISpikesScans_25AUG26_Report_27_7_2026.xlsx,,,,,,,,,,,,,,,,,,646.6,,,,,,,,,,,,,,,0.83,,0.2,,,,,,,5.35,32250600,65550,4.24 Cr,213750,-97.3
RELIANCE,,,,,,,,,,,,,,,,,,,VOLUME_OI,VolumeAndOISpikesScans_25AUG26_Report_27_7_2026.xlsx,,,,,,,,,,,,,,,,,,1290,,,,,,,,,,,,,,,0.3,,0.61,,,,,,,3.9,64438500,390500,50.37 Cr,681500,-97.32
BAJAJHLDNG,,,,,,,,,,,,,,,,,,,VOLUME_OI,VolumeAndOISpikesScans_25AUG26_Report_27_7_2026.xlsx,,,,,,,,,,,,,,,,,,10869,,,,,,,,,,,,,,,1.33,,0.19,,,,,,,143,239025,450,48.91 L,2700,-97.44
CANBK,,,,,,,,,,,,,,,,,,,VOLUME_OI,VolumeAndOISpikesScans_25AUG26_Report_27_7_2026.xlsx,,,,,,,,,,,,,,,,,,128.09,,,,,,,,,,,,,,,1.07,,0.4,,,,,,,1.35,271215000,1080000,13.83 Cr,2929500,-97.52
DABUR,,,,,,,,,,,,,,,,,,,VOLUME_OI,VolumeAndOISpikesScans_25AUG26_Report_27_7_2026.xlsx,,,,,,,,,,,,,,,,,,429.6,,,,,,,,,,,,,,,1.03,,0.47,,,,,,,4.4,19082500,90000,3.87 Cr,225000,-97.67
TECHM,,,,,,,,,,,,,,,,,,,VOLUME_OI,VolumeAndOISpikesScans_25AUG26_Report_27_7_2026.xlsx,,,,,,,,,,,,,,,,,,1575,,,,,,,,,,,,,,,1.05,,0.7,,,,,,,16.3,13768800,96000,15.12 Cr,225600,-97.68
YESBANK,,,,,,,,,,,,,,,,,,,VOLUME_OI,VolumeAndOISpikesScans_25AUG26_Report_27_7_2026.xlsx,,,,,,,,,,,,,,,,,,23.2,,,,,,,,,,,,,,,0.48,,0.3,,,,,,,0.11,617988100,1866000,4.33 Cr,5442500,-97.71
PERSISTENT,,,,,,,,,,,,,,,,,,,VOLUME_OI,VolumeAndOISpikesScans_25AUG26_Report_27_7_2026.xlsx,,,,,,,,,,,,,,,,,,5273,,,,,,,,,,,,,,,1.7,,0.35,,,,,,,88,3021250,10625,5.60 Cr,40875,-97.74
LTF,,,,,,,,,,,,,,,,,,,VOLUME_OI,VolumeAndOISpikesScans_25AUG26_Report_27_7_2026.xlsx,,,,,,,,,,,,,,,,,,306.35,,,,,,,,,,,,,,,2.25,,0.23,,,,,,,6.75,38205000,87750,2.69 Cr,470250,-97.76
BEL,,,,,,,,,,,,,,,,,,,VOLUME_OI,VolumeAndOISpikesScans_25AUG26_Report_27_7_2026.xlsx,,,,,,,,,,,,,,,,,,408.3,,,,,,,,,,,,,,,0.23,,0.32,,,,,,,0.95,55141800,175275,7.16 Cr,468825,-97.78
CDSL,,,,,,,,,,,,,,,,,,,VOLUME_OI,VolumeAndOISpikesScans_25AUG26_Report_27_7_2026.xlsx,,,,,,,,,,,,,,,,,,1338,,,,,,,,,,,,,,,0.51,,0.91,,,,,,,6.8,5814000,52250,6.99 Cr,85025,-97.8
HCLTECH,,,,,,,,,,,,,,,,,,,VOLUME_OI,VolumeAndOISpikesScans_25AUG26_Report_27_7_2026.xlsx,,,,,,,,,,,,,,,,,,"1,280.2",,,,,,,,,,,,,,,0.72,,0.65,,,,,,,9.1,21171600,136000,17.41 Cr,269600,-97.82
ICICIPRULI,,,,,,,,,,,,,,,,,,,VOLUME_OI,VolumeAndOISpikesScans_25AUG26_Report_27_7_2026.xlsx,,,,,,,,,,,,,,,,,,508.4,,,,,,,,,,,,,,,0.88,,0.43,,,,,,,4.45,13701100,58275,2.96 Cr,123025,-97.87
ANGELONE,,,,,,,,,,,,,,,,,,,VOLUME_OI,VolumeAndOISpikesScans_25AUG26_Report_27_7_2026.xlsx,,,,,,,,,,,,,,,,,,310,,,,,,,,,,,,,,,0.67,,0.52,,,,,,,2.05,17530000,90000,2.79 Cr,267500,-97.91
LT,,,,,,,,,,,,,,,,,,,VOLUME_OI,VolumeAndOISpikesScans_25AUG26_Report_27_7_2026.xlsx,,,,,,,,,,,,,,,,,,3834,,,,,,,,,,,,,,,0.56,,0.61,,,,,,,21.5,7252175,43925,16.84 Cr,80500,-97.91
AUROPHARMA,,,,,,,,,,,,,,,,,,,VOLUME_OI,VolumeAndOISpikesScans_25AUG26_Report_27_7_2026.xlsx,,,,,,,,,,,,,,,,,,"1,549.3",,,,,,,,,,,,,,,0.55,,0.21,,,,,,,8.4,7230300,15400,2.39 Cr,41800,-97.92
INDHOTEL,,,,,,,,,,,,,,,,,,,VOLUME_OI,VolumeAndOISpikesScans_25AUG26_Report_27_7_2026.xlsx,,,,,,,,,,,,,,,,,,737,,,,,,,,,,,,,,,0.9,,0.47,,,,,,,6.55,14854000,70000,5.16 Cr,155000,-97.93
KALYANKJIL,,,,,,,,,,,,,,,,,,,VOLUME_OI,VolumeAndOISpikesScans_25AUG26_Report_27_7_2026.xlsx,,,,,,,,,,,,,,,,,,580.9,,,,,,,,,,,,,,,0.77,,0.38,,,,,,,4.45,17230050,64800,3.76 Cr,256500,-97.96
CONCOR,,,,,,,,,,,,,,,,,,,VOLUME_OI,VolumeAndOISpikesScans_25AUG26_Report_27_7_2026.xlsx,,,,,,,,,,,,,,,,,,476.2,,,,,,,,,,,,,,,-0.45,,0.46,,,,,,,-2.15,10622500,48750,2.32 Cr,108750,-97.97
NAUKRI,,,,,,,,,,,,,,,,,,,VOLUME_OI,VolumeAndOISpikesScans_25AUG26_Report_27_7_2026.xlsx,,,,,,,,,,,,,,,,,,1184.85,,,,,,,,,,,,,,,1.3,,0.44,,,,,,,15.25,9865900,43450,5.15 Cr,91850,-97.99
BIOCON,,,,,,,,,,,,,,,,,,,VOLUME_OI,VolumeAndOISpikesScans_25AUG26_Report_27_7_2026.xlsx,,,,,,,,,,,,,,,,,,439,,,,,,,,,,,,,,,0.57,,0.89,,,,,,,2.5,31295000,275000,12.07 Cr,377500,-98.01
M&M,,,,,,,,,,,,,,,,,,,VOLUME_OI,VolumeAndOISpikesScans_25AUG26_Report_27_7_2026.xlsx,,,,,,,,,,,,,,,,,,3205,,,,,,,,,,,,,,,0.95,,0.42,,,,,,,30.1,9914600,41400,13.27 Cr,100000,-98.02
HINDALCO,,,,,,,,,,,,,,,,,,,VOLUME_OI,VolumeAndOISpikesScans_25AUG26_Report_27_7_2026.xlsx,,,,,,,,,,,,,,,,,,951.9,,,,,,,,,,,,,,,0.27,,0.32,,,,,,,2.6,37631300,119700,11.39 Cr,263900,-98.05
OIL,,,,,,,,,,,,,,,,,,,VOLUME_OI,VolumeAndOISpikesScans_25AUG26_Report_27_7_2026.xlsx,,,,,,,,,,,,,,,,,,435,,,,,,,,,,,,,,,-2.54,,0.56,,,,,,,-11.35,12913600,71400,3.11 Cr,141400,-98.08
BRITANNIA,,,,,,,,,,,,,,,,,,,VOLUME_OI,VolumeAndOISpikesScans_25AUG26_Report_27_7_2026.xlsx,,,,,,,,,,,,,,,,,,5355,,,,,,,,,,,,,,,0.74,,0.84,,,,,,,39.5,1498875,12500,6.69 Cr,16500,-98.12
HDFCBANK,,,,,,,,,,,,,,,,,,,VOLUME_OI,VolumeAndOISpikesScans_25AUG26_Report_27_7_2026.xlsx,,,,,,,,,,,,,,,,,,749.7,,,,,,,,,,,,,,,0.21,,0.47,,,,,,,1.6,220784850,1035450,77.63 Cr,1346150,-98.16
EICHERMOT,,,,,,,,,,,,,,,,,,,VOLUME_OI,VolumeAndOISpikesScans_25AUG26_Report_27_7_2026.xlsx,,,,,,,,,,,,,,,,,,"7,592.5",,,,,,,,,,,,,,,0.13,,0.44,,,,,,,10,3070300,13300,10.10 Cr,25900,-98.17
LTM,,,,,,,,,,,,,,,,,,,VOLUME_OI,VolumeAndOISpikesScans_25AUG26_Report_27_7_2026.xlsx,,,,,,,,,,,,,,,,,,"4,124.2",,,,,,,,,,,,,,,0.91,,0.41,,,,,,,37.1,2335800,9600,3.96 Cr,29100,-98.19
SBIN,,,,,,,,,,,,,,,,,,,VOLUME_OI,VolumeAndOISpikesScans_25AUG26_Report_27_7_2026.xlsx,,,,,,,,,,,,,,,,,,"1,027.5",,,,,,,,,,,,,,,0.56,,0.28,,,,,,,5.7,51782250,146250,15.03 Cr,312750,-98.19
JUBLFOOD,,,,,,,,,,,,,,,,,,,VOLUME_OI,VolumeAndOISpikesScans_25AUG26_Report_27_7_2026.xlsx,,,,,,,,,,,,,,,,,,421.95,,,,,,,,,,,,,,,1.33,,-0.14,,,,,,,5.55,12278750,-17500,-73.84 L,137500,-98.23
HEROMOTOCO,,,,,,,,,,,,,,,,,,,VOLUME_OI,VolumeAndOISpikesScans_25AUG26_Report_27_7_2026.xlsx,,,,,,,,,,,,,,,,,,"5,073.1",,,,,,,,,,,,,,,0.82,,0.47,,,,,,,41.1,3443550,16050,8.14 Cr,34200,-98.25
HINDPETRO,,,,,,,,,,,,,,,,,,,VOLUME_OI,VolumeAndOISpikesScans_25AUG26_Report_27_7_2026.xlsx,,,,,,,,,,,,,,,,,,391.35,,,,,,,,,,,,,,,1.98,,0.24,,,,,,,7.6,33657525,81000,3.17 Cr,313875,-98.25
MPHASIS,,,,,,,,,,,,,,,,,,,VOLUME_OI,VolumeAndOISpikesScans_25AUG26_Report_27_7_2026.xlsx,,,,,,,,,,,,,,,,,,"2,339.9",,,,,,,,,,,,,,,1.59,,0.48,,,,,,,36.6,2939200,14025,3.28 Cr,51700,-98.25
UNOMINDA,,,,,,,,,,,,,,,,,,,VOLUME_OI,VolumeAndOISpikesScans_25AUG26_Report_27_7_2026.xlsx,,,,,,,,,,,,,,,,,,"1,150.9",,,,,,,,,,,,,,,1.78,,0.56,,,,,,,20.1,3658050,20350,2.34 Cr,36300,-98.28
IRFC,,,,,,,,,,,,,,,,,,,VOLUME_OI,VolumeAndOISpikesScans_25AUG26_Report_27_7_2026.xlsx,,,,,,,,,,,,,,,,,,87.25,,,,,,,,,,,,,,,0.8,,0.13,,,,,,,0.69,60868500,81375,71.00 L,493675,-98.31
VEDL,,,,,,,,,,,,,,,,,,,VOLUME_OI,VolumeAndOISpikesScans_25AUG26_Report_27_7_2026.xlsx,,,,,,,,,,,,,,,,,,266.9,,,,,,,,,,,,,,,0.39,,0.64,,,,,,,1.05,22970100,146050,3.90 Cr,257600,-98.31
DRREDDY,,,,,,,,,,,,,,,,,,,VOLUME_OI,VolumeAndOISpikesScans_25AUG26_Report_27_7_2026.xlsx,,,,,,,,,,,,,,,,,,"1,148.3",,,,,,,,,,,,,,,-0.18,,0.43,,,,,,,-2.1,9760000,41875,4.81 Cr,97500,-98.36
BAJFINANCE,,,,,,,,,,,,,,,,,,,VOLUME_OI,VolumeAndOISpikesScans_25AUG26_Report_27_7_2026.xlsx,,,,,,,,,,,,,,,,,,"1,035.8",,,,,,,,,,,,,,,1.53,,0.49,,,,,,,15.6,44651250,219000,22.68 Cr,478500,-98.39
JIOFIN,,,,,,,,,,,,,,,,,,,VOLUME_OI,VolumeAndOISpikesScans_25AUG26_Report_27_7_2026.xlsx,,,,,,,,,,,,,,,,,,237,,,,,,,,,,,,,,,0.62,,0.27,,,,,,,1.46,109925950,296100,7.02 Cr,643900,-98.41
HAL,,,,,,,,,,,,,,,,,,,VOLUME_OI,VolumeAndOISpikesScans_25AUG26_Report_27_7_2026.xlsx,,,,,,,,,,,,,,,,,,"4,601.3",,,,,,,,,,,,,,,0.16,,0.3,,,,,,,7.4,3155250,9300,4.28 Cr,22200,-98.42
TCS,,,,,,,,,,,,,,,,,,,VOLUME_OI,VolumeAndOISpikesScans_25AUG26_Report_27_7_2026.xlsx,,,,,,,,,,,,,,,,,,"2,282.1",,,,,,,,,,,,,,,1.24,,0.21,,,,,,,28,25587000,52650,12.02 Cr,250200,-98.42
ADANIPOWER,,,,,,,,,,,,,,,,,,,VOLUME_OI,VolumeAndOISpikesScans_25AUG26_Report_27_7_2026.xlsx,,,,,,,,,,,,,,,,,,216.53,,,,,,,,,,,,,,,0.75,,0.31,,,,,,,1.61,83435650,259150,5.61 Cr,582200,-98.43
GMRAIRPORT,,,,,,,,,,,,,,,,,,,VOLUME_OI,VolumeAndOISpikesScans_25AUG26_Report_27_7_2026.xlsx,,,,,,,,,,,,,,,,,,108.88,,,,,,,,,,,,,,,1.15,,0.45,,,,,,,1.24,64009575,285975,3.11 Cr,558000,-98.45
SUZLON,,,,,,,,,,,,,,,,,,,VOLUME_OI,VolumeAndOISpikesScans_25AUG26_Report_27_7_2026.xlsx,,,,,,,,,,,,,,,,,,52.7,,,,,,,,,,,,,,,0.46,,0.2,,,,,,,0.24,289509200,584200,3.08 Cr,2171700,-98.45
APLAPOLLO,,,,,,,,,,,,,,,,,,,VOLUME_OI,VolumeAndOISpikesScans_25AUG26_Report_27_7_2026.xlsx,,,,,,,,,,,,,,,,,,"1,845.7",,,,,,,,,,,,,,,0.67,,0.31,,,,,,,12.3,2586850,8050,1.49 Cr,25200,-98.46
DIVISLAB,,,,,,,,,,,,,,,,,,,VOLUME_OI,VolumeAndOISpikesScans_25AUG26_Report_27_7_2026.xlsx,,,,,,,,,,,,,,,,,,7302,,,,,,,,,,,,,,,0.04,,0.15,,,,,,,3,2621200,3800,2.77 Cr,17900,-98.46
IREDA,,,,,,,,,,,,,,,,,,,VOLUME_OI,VolumeAndOISpikesScans_25AUG26_Report_27_7_2026.xlsx,,,,,,,,,,,,,,,,,,117.4,,,,,,,,,,,,,,,1.11,,0.08,,,,,,,1.29,51738850,40725,47.81 L,502275,-98.48
MIDCPNIFTY,,,,,,,,,,,,,,,,,,,VOLUME_OI,VolumeAndOISpikesScans_25AUG26_Report_27_7_2026.xlsx,,,,,,,,,,,,,,,,,,14605,,,,,,,,,,,,,,,0.76,,-0.12,,,,,,,110.85,1271040,-1560,-2.28 Cr,10800,-98.48
FORTIS,,,,,,,,,,,,,,,,,,,VOLUME_OI,VolumeAndOISpikesScans_25AUG26_Report_27_7_2026.xlsx,,,,,,,,,,,,,,,,,,960.55,,,,,,,,,,,,,,,0.93,,0.29,,,,,,,8.85,6100025,17825,1.71 Cr,46500,-98.49
TMPV,,,,,,,,,,,,,,,,,,,VOLUME_OI,VolumeAndOISpikesScans_25AUG26_Report_27_7_2026.xlsx,,,,,,,,,,,,,,,,,,328.6,,,,,,,,,,,,,,,0.77,,0.51,,,,,,,2.5,49120000,248000,8.15 Cr,376000,-98.49
KPITTECH,,,,,,,,,,,,,,,,,,,VOLUME_OI,VolumeAndOISpikesScans_25AUG26_Report_27_7_2026.xlsx,,,,,,,,,,,,,,,,,,580,,,,,,,,,,,,,,,1.46,,-0.01,,,,,,,8.35,10140875,-775,-4.50 L,146475,-98.5
PAYTM,,,,,,,,,,,,,,,,,,,VOLUME_OI,VolumeAndOISpikesScans_25AUG26_Report_27_7_2026.xlsx,,,,,,,,,,,,,,,,,,"1,288.1",,,,,,,,,,,,,,,-0.19,,0.24,,,,,,,-2.5,11588400,27550,3.55 Cr,126150,-98.5
NESTLEIND,,,,,,,,,,,,,,,,,,,VOLUME_OI,VolumeAndOISpikesScans_25AUG26_Report_27_7_2026.xlsx,,,,,,,,,,,,,,,,,,"1,462.8",,,,,,,,,,,,,,,0.88,,0.15,,,,,,,12.7,6510500,9500,1.39 Cr,54000,-98.51
UPL,,,,,,,,,,,,,,,,,,,VOLUME_OI,VolumeAndOISpikesScans_25AUG26_Report_27_7_2026.xlsx,,,,,,,,,,,,,,,,,,610.85,,,,,,,,,,,,,,,0.76,,0.17,,,,,,,4.6,19739640,33875,2.07 Cr,149050,-98.53
WIPRO,,,,,,,,,,,,,,,,,,,VOLUME_OI,VolumeAndOISpikesScans_25AUG26_Report_27_7_2026.xlsx,,,,,,,,,,,,,,,,,,173.2,,,,,,,,,,,,,,,0.53,,0.54,,,,,,,0.91,209685000,1122000,19.43 Cr,1788000,-98.54
UNIONBANK,,,,,,,,,,,,,,,,,,,VOLUME_OI,VolumeAndOISpikesScans_25AUG26_Report_27_7_2026.xlsx,,,,,,,,,,,,,,,,,,173.7,,,,,,,,,,,,,,,1.35,,0.22,,,,,,,2.32,91035525,203550,3.54 Cr,752250,-98.55
BAJAJ-AUTO,,,,,,,,,,,,,,,,,,,VOLUME_OI,VolumeAndOISpikesScans_25AUG26_Report_27_7_2026.xlsx,,,,,,,,,,,,,,,,,,11200,,,,,,,,,,,,,,,-0.11,,0.26,,,,,,,-12,1552125,3975,4.45 Cr,13125,-98.57
LICHSGFIN,,,,,,,,,,,,,,,,,,,VOLUME_OI,VolumeAndOISpikesScans_25AUG26_Report_27_7_2026.xlsx,,,,,,,,,,,,,,,,,,534.2,,,,,,,,,,,,,,,0.88,,0.05,,,,,,,4.65,16951000,9000,48.08 L,78000,-98.58
VBL,,,,,,,,,,,,,,,,,,,VOLUME_OI,VolumeAndOISpikesScans_25AUG26_Report_27_7_2026.xlsx,,,,,,,,,,,,,,,,,,458.35,,,,,,,,,,,,,,,-0.15,,0.45,,,,,,,-0.7,32865675,147900,6.78 Cr,216750,-98.58
ADANIENSOL,,,,,,,,,,,,,,,,,,,VOLUME_OI,VolumeAndOISpikesScans_25AUG26_Report_27_7_2026.xlsx,,,,,,,,,,,,,,,,,,"1,713.9",,,,,,,,,,,,,,,0.07,,0.37,,,,,,,1.2,12400425,45900,7.87 Cr,87075,-98.59
BHARTIARTL,,,,,,,,,,,,,,,,,,,VOLUME_OI,VolumeAndOISpikesScans_25AUG26_Report_27_7_2026.xlsx,,,,,,,,,,,,,,,,,,"1,910.7",,,,,,,,,,,,,,,-0.01,,0.13,,,,,,,-0.1,48007775,63650,12.16 Cr,118750,-98.59
ADANIENT,,,,,,,,,,,,,,,,,,,VOLUME_OI,VolumeAndOISpikesScans_25AUG26_Report_27_7_2026.xlsx,,,,,,,,,,,,,,,,,,"3,059.3",,,,,,,,,,,,,,,0.63,,0.11,,,,,,,19.2,9555825,10197,3.12 Cr,62418,-98.62
IDEA,,,,,,,,,,,,,,,,,,,VOLUME_OI,VolumeAndOISpikesScans_25AUG26_Report_27_7_2026.xlsx,,,,,,,,,,,,,,,,,,13.33,,,,,,,,,,,,,,,0.76,,0.32,,,,,,,0.1,3634575225,11436000,15.24 Cr,18654975,-98.64
BHEL,,,,,,,,,,,,,,,,,,,VOLUME_OI,VolumeAndOISpikesScans_25AUG26_Report_27_7_2026.xlsx,,,,,,,,,,,,,,,,,,420.6,,,,,,,,,,,,,,,0.25,,0.13,,,,,,,1.05,48095250,60375,2.54 Cr,320250,-98.66
DIXON,,,,,,,,,,,,,,,,,,,VOLUME_OI,VolumeAndOISpikesScans_25AUG26_Report_27_7_2026.xlsx,,,,,,,,,,,,,,,,,,13732,,,,,,,,,,,,,,,0.39,,0.37,,,,,,,54,1542950,5650,7.76 Cr,13100,-98.68
PETRONET,,,,,,,,,,,,,,,,,,,VOLUME_OI,VolumeAndOISpikesScans_25AUG26_Report_27_7_2026.xlsx,,,,,,,,,,,,,,,,,,277,,,,,,,,,,,,,,,0.45,,0.42,,,,,,,1.25,19431300,81700,2.26 Cr,165300,-98.68
TATAPOWER,,,,,,,,,,,,,,,,,,,VOLUME_OI,VolumeAndOISpikesScans_25AUG26_Report_27_7_2026.xlsx,,,,,,,,,,,,,,,,,,378,,,,,,,,,,,,,,,0.37,,0.24,,,,,,,1.4,28849200,68150,2.58 Cr,143550,-98.68
DELHIVERY,,,,,,,,,,,,,,,,,,,VOLUME_OI,VolumeAndOISpikesScans_25AUG26_Report_27_7_2026.xlsx,,,,,,,,,,,,,,,,,,467.55,,,,,,,,,,,,,,,0.66,,0.38,,,,,,,3.05,13298675,49800,2.33 Cr,107900,-98.71
HYUNDAI,,,,,,,,,,,,,,,,,,,VOLUME_OI,VolumeAndOISpikesScans_25AUG26_Report_27_7_2026.xlsx,,,,,,,,,,,,,,,,,,"1,944.5",,,,,,,,,,,,,,,1.12,,0.21,,,,,,,21.5,3335475,7150,1.39 Cr,31075,-98.72
PIDILITIND,,,,,,,,,,,,,,,,,,,VOLUME_OI,VolumeAndOISpikesScans_25AUG26_Report_27_7_2026.xlsx,,,,,,,,,,,,,,,,,,"1,601.1",,,,,,,,,,,,,,,1.15,,0.49,,,,,,,18.2,4365000,21500,3.44 Cr,47000,-98.72
CAMS,,,,,,,,,,,,,,,,,,,VOLUME_OI,VolumeAndOISpikesScans_25AUG26_Report_27_7_2026.xlsx,,,,,,,,,,,,,,,,,,769.95,,,,,,,,,,,,,,,0.72,,0.59,,,,,,,5.5,4680225,27225,2.10 Cr,47850,-98.73
POWERINDIA,,,,,,,,,,,,,,,,,,,VOLUME_OI,VolumeAndOISpikesScans_25AUG26_Report_27_7_2026.xlsx,,,,,,,,,,,,,,,,,,31295,,,,,,,,,,,,,,,0,,0.43,,,,,,,0,334900,1425,4.46 Cr,2800,-98.76
ABCAPITAL,,,,,,,,,,,,,,,,,,,VOLUME_OI,VolumeAndOISpikesScans_25AUG26_Report_27_7_2026.xlsx,,,,,,,,,,,,,,,,,,398.7,,,,,,,,,,,,,,,0.77,,0.26,,,,,,,3.05,24018800,62000,2.47 Cr,176700,-98.78
GAIL,,,,,,,,,,,,,,,,,,,VOLUME_OI,VolumeAndOISpikesScans_25AUG26_Report_27_7_2026.xlsx,,,,,,,,,,,,,,,,,,172.75,,,,,,,,,,,,,,,1.22,,0.15,,,,,,,2.09,55305450,85200,1.47 Cr,386950,-98.79
NATIONALUM,,,,,,,,,,,,,,,,,,,VOLUME_OI,VolumeAndOISpikesScans_25AUG26_Report_27_7_2026.xlsx,,,,,,,,,,,,,,,,,,346.3,,,,,,,,,,,,,,,0.03,,0.35,,,,,,,0.1,26660625,93750,3.25 Cr,198750,-98.79
MCX,,,,,,,,,,,,,,,,,,,VOLUME_OI,VolumeAndOISpikesScans_25AUG26_Report_27_7_2026.xlsx,,,,,,,,,,,,,,,,,,"2,746.8",,,,,,,,,,,,,,,0.42,,0.52,,,,,,,11.6,4549275,23400,6.43 Cr,40275,-98.8
SBILIFE,,,,,,,,,,,,,,,,,,,VOLUME_OI,VolumeAndOISpikesScans_25AUG26_Report_27_7_2026.xlsx,,,,,,,,,,,,,,,,,,1865,,,,,,,,,,,,,,,-0.11,,0.19,,,,,,,-2,5440875,10125,1.89 Cr,43125,-98.8
MFSL,,,,,,,,,,,,,,,,,,,VOLUME_OI,VolumeAndOISpikesScans_25AUG26_Report_27_7_2026.xlsx,,,,,,,,,,,,,,,,,,"1,532.1",,,,,,,,,,,,,,,0.38,,0.37,,,,,,,5.8,5168800,19200,2.94 Cr,39600,-98.82
ASTRAL,,,,,,,,,,,,,,,,,,,VOLUME_OI,VolumeAndOISpikesScans_25AUG26_Report_27_7_2026.xlsx,,,,,,,,,,,,,,,,,,"1,430.1",,,,,,,,,,,,,,,0.9,,0.28,,,,,,,12.8,5828025,16150,2.31 Cr,58225,-98.83
HDFCLIFE,,,,,,,,,,,,,,,,,,,VOLUME_OI,VolumeAndOISpikesScans_25AUG26_Report_27_7_2026.xlsx,,,,,,,,,,,,,,,,,,558.35,,,,,,,,,,,,,,,0.1,,0.24,,,,,,,0.55,27489000,64900,3.62 Cr,139700,-98.84
COALINDIA,,,,,,,,,,,,,,,,,,,VOLUME_OI,VolumeAndOISpikesScans_25AUG26_Report_27_7_2026.xlsx,,,,,,,,,,,,,,,,,,425,,,,,,,,,,,,,,,-0.28,,0.17,,,,,,,-1.2,38565450,64800,2.75 Cr,172800,-98.85
RVNL,,,,,,,,,,,,,,,,,,,VOLUME_OI,VolumeAndOISpikesScans_25AUG26_Report_27_7_2026.xlsx,,,,,,,,,,,,,,,,,,224.68,,,,,,,,,,,,,,,1.18,,-0.04,,,,,,,2.63,23481150,-9625,-21.63 L,232925,-98.86
LUPIN,,,,,,,,,,,,,,,,,,,VOLUME_OI,VolumeAndOISpikesScans_25AUG26_Report_27_7_2026.xlsx,,,,,,,,,,,,,,,,,,"2,414.7",,,,,,,,,,,,,,,1.25,,0.3,,,,,,,29.9,3443350,10200,2.46 Cr,26350,-98.87
SRF,,,,,,,,,,,,,,,,,,,VOLUME_OI,VolumeAndOISpikesScans_25AUG26_Report_27_7_2026.xlsx,,,,,,,,,,,,,,,,,,"2,665.9",,,,,,,,,,,,,,,0.63,,0.19,,,,,,,16.8,3256600,6200,1.65 Cr,22400,-98.87
BSE,,,,,,,,,,,,,,,,,,,VOLUME_OI,VolumeAndOISpikesScans_25AUG26_Report_27_7_2026.xlsx,,,,,,,,,,,,,,,,,,3585,,,,,,,,,,,,,,,0.39,,0.32,,,,,,,14,4374000,13800,4.95 Cr,26600,-98.9
SIEMENS,,,,,,,,,,,,,,,,,,,VOLUME_OI,VolumeAndOISpikesScans_25AUG26_Report_27_7_2026.xlsx,,,,,,,,,,,,,,,,,,"3,684.4",,,,,,,,,,,,,,,0.63,,0.28,,,,,,,23.2,2667175,7525,2.77 Cr,18725,-98.9
MOTHERSON,,,,,,,,,,,,,,,,,,,VOLUME_OI,VolumeAndOISpikesScans_25AUG26_Report_27_7_2026.xlsx,,,,,,,,,,,,,,,,,,147.67,,,,,,,,,,,,,,,0.94,,0.2,,,,,,,1.38,70097700,141450,2.09 Cr,442800,-98.93
AMBUJACEM,,,,,,,,,,,,,,,,,,,VOLUME_OI,VolumeAndOISpikesScans_25AUG26_Report_27_7_2026.xlsx,,,,,,,,,,,,,,,,,,426.7,,,,,,,,,,,,,,,0.05,,0.33,,,,,,,0.2,46050000,152400,6.50 Cr,229200,-98.94
TITAN,,,,,,,,,,,,,,,,,,,VOLUME_OI,VolumeAndOISpikesScans_25AUG26_Report_27_7_2026.xlsx,,,,,,,,,,,,,,,,,,"4,720.9",,,,,,,,,,,,,,,0.24,,0.32,,,,,,,11.2,3688475,11725,5.54 Cr,18200,-98.94
TATAELXSI,,,,,,,,,,,,,,,,,,,VOLUME_OI,VolumeAndOISpikesScans_25AUG26_Report_27_7_2026.xlsx,,,,,,,,,,,,,,,,,,"3,512.1",,,,,,,,,,,,,,,0.41,,0.11,,,,,,,14.4,2521125,2750,96.58 L,22750,-98.95
POWERGRID,,,,,,,,,,,,,,,,,,,VOLUME_OI,VolumeAndOISpikesScans_25AUG26_Report_27_7_2026.xlsx,,,,,,,,,,,,,,,,,,290.25,,,,,,,,,,,,,,,0.35,,0.27,,,,,,,1,25642400,70300,2.04 Cr,127300,-98.97
FEDERALBNK,,,,,,,,,,,,,,,,,,,VOLUME_OI,VolumeAndOISpikesScans_25AUG26_Report_27_7_2026.xlsx,,,,,,,,,,,,,,,,,,356.5,,,,,,,,,,,,,,,0.34,,0.08,,,,,,,1.2,74662500,60000,2.14 Cr,352500,-98.99
UNITDSPR,,,,,,,,,,,,,,,,,,,VOLUME_OI,VolumeAndOISpikesScans_25AUG26_Report_27_7_2026.xlsx,,,,,,,,,,,,,,,,,,"1,489.4",,,,,,,,,,,,,,,0.74,,0.39,,,,,,,10.9,6016800,23600,3.51 Cr,48400,-98.99
MAXHEALTH,,,,,,,,,,,,,,,,,,,VOLUME_OI,VolumeAndOISpikesScans_25AUG26_Report_27_7_2026.xlsx,,,,,,,,,,,,,,,,,,"1,096.3",,,,,,,,,,,,,,,1.16,,0.21,,,,,,,12.6,7355250,15750,1.73 Cr,40950,-99.0
POLYCAB,,,,,,,,,,,,,,,,,,,VOLUME_OI,VolumeAndOISpikesScans_25AUG26_Report_27_7_2026.xlsx,,,,,,,,,,,,,,,,,,9038,,,,,,,,,,,,,,,0.79,,0.35,,,,,,,70.5,1560000,5375,4.86 Cr,9250,-99.01
COLPAL,,,,,,,,,,,,,,,,,,,VOLUME_OI,VolumeAndOISpikesScans_25AUG26_Report_27_7_2026.xlsx,,,,,,,,,,,,,,,,,,2122,,,,,,,,,,,,,,,1.04,,0.05,,,,,,,21.9,2956525,1375,29.18 L,20900,-99.04
WAAREEENER,,,,,,,,,,,,,,,,,,,VOLUME_OI,VolumeAndOISpikesScans_25AUG26_Report_27_7_2026.xlsx,,,,,,,,,,,,,,,,,,"2,710.6",,,,,,,,,,,,,,,0.97,,0.27,,,,,,,26,5470500,14525,3.94 Cr,26425,-99.05
ADANIPORTS,,,,,,,,,,,,,,,,,,,VOLUME_OI,VolumeAndOISpikesScans_25AUG26_Report_27_7_2026.xlsx,,,,,,,,,,,,,,,,,,"1,787.2",,,,,,,,,,,,,,,0.38,,0.23,,,,,,,6.7,13620625,30875,5.52 Cr,58900,-99.07
SONACOMS,,,,,,,,,,,,,,,,,,,VOLUME_OI,VolumeAndOISpikesScans_25AUG26_Report_27_7_2026.xlsx,,,,,,,,,,,,,,,,,,718.6,,,,,,,,,,,,,,,0.17,,0.3,,,,,,,1.25,8169525,24500,1.76 Cr,91875,-99.08
BHARATFORG,,,,,,,,,,,,,,,,,,,VOLUME_OI,VolumeAndOISpikesScans_25AUG26_Report_27_7_2026.xlsx,,,,,,,,,,,,,,,,,,"2,177.4",,,,,,,,,,,,,,,0.54,,0.3,,,,,,,11.6,5075000,15000,3.27 Cr,26000,-99.1
JSWENERGY,,,,,,,,,,,,,,,,,,,VOLUME_OI,VolumeAndOISpikesScans_25AUG26_Report_27_7_2026.xlsx,,,,,,,,,,,,,,,,,,555.6,,,,,,,,,,,,,,,0.08,,0.28,,,,,,,0.45,15227375,41925,2.33 Cr,67725,-99.11
MANKIND,,,,,,,,,,,,,,,,,,,VOLUME_OI,VolumeAndOISpikesScans_25AUG26_Report_27_7_2026.xlsx,,,,,,,,,,,,,,,,,,"2,545.1",,,,,,,,,,,,,,,0.8,,0.04,,,,,,,20.2,1848000,750,19.09 L,11000,-99.11
MARICO,,,,,,,,,,,,,,,,,,,VOLUME_OI,VolumeAndOISpikesScans_25AUG26_Report_27_7_2026.xlsx,,,,,,,,,,,,,,,,,,860.5,,,,,,,,,,,,,,,0.78,,0.19,,,,,,,6.7,9423600,18000,1.55 Cr,42000,-99.12
NAM-INDIA,,,,,,,,,,,,,,,,,,,VOLUME_OI,VolumeAndOISpikesScans_25AUG26_Report_27_7_2026.xlsx,,,,,,,,,,,,,,,,,,1122,,,,,,,,,,,,,,,1.38,,0.01,,,,,,,15.3,5318125,625,7.01 L,33750,-99.12
PHOENIXLTD,,,,,,,,,,,,,,,,,,,VOLUME_OI,VolumeAndOISpikesScans_25AUG26_Report_27_7_2026.xlsx,,,,,,,,,,,,,,,,,,"2,044.6",,,,,,,,,,,,,,,0.99,,0.13,,,,,,,20,2504250,3150,64.40 L,18200,-99.12
DMART,,,,,,,,,,,,,,,,,,,VOLUME_OI,VolumeAndOISpikesScans_25AUG26_Report_27_7_2026.xlsx,,,,,,,,,,,,,,,,,,"4,039.8",,,,,,,,,,,,,,,0.73,,0.13,,,,,,,29.4,3511500,4650,1.88 Cr,18900,-99.14
MUTHOOTFIN,,,,,,,,,,,,,,,,,,,VOLUME_OI,VolumeAndOISpikesScans_25AUG26_Report_27_7_2026.xlsx,,,,,,,,,,,,,,,,,,"3,048.8",,,,,,,,,,,,,,,1.47,,0.05,,,,,,,44.1,4785825,2200,67.07 L,27500,-99.16
CUMMINSIND,,,,,,,,,,,,,,,,,,,VOLUME_OI,VolumeAndOISpikesScans_25AUG26_Report_27_7_2026.xlsx,,,,,,,,,,,,,,,,,,5655,,,,,,,,,,,,,,,0.18,,0.19,,,,,,,10,2588400,5000,2.83 Cr,10800,-99.18
HDFCAMC,,,,,,,,,,,,,,,,,,,VOLUME_OI,VolumeAndOISpikesScans_25AUG26_Report_27_7_2026.xlsx,,,,,,,,,,,,,,,,,,2546,,,,,,,,,,,,,,,1.07,,0.12,,,,,,,27,4392000,5100,1.30 Cr,15600,-99.18
VMM,,,,,,,,,,,,,,,,,,,VOLUME_OI,VolumeAndOISpikesScans_25AUG26_Report_27_7_2026.xlsx,,,,,,,,,,,,,,,,,,109.3,,,,,,,,,,,,,,,1.19,,0.09,,,,,,,1.29,32543500,29100,31.81 L,184300,-99.18
KAYNES,,,,,,,,,,,,,,,,,,,VOLUME_OI,VolumeAndOISpikesScans_25AUG26_Report_27_7_2026.xlsx,,,,,,,,,,,,,,,,,,"3,122.3",,,,,,,,,,,,,,,0.4,,0.49,,,,,,,12.5,2375100,11550,3.61 Cr,18900,-99.19
KOTAKBANK,,,,,,,,,,,,,,,,,,,VOLUME_OI,VolumeAndOISpikesScans_25AUG26_Report_27_7_2026.xlsx,,,,,,,,,,,,,,,,,,389.5,,,,,,,,,,,,,,,0.52,,0.11,,,,,,,2,128058000,138000,5.38 Cr,384000,-99.19
GODREJCP,,,,,,,,,,,,,,,,,,,VOLUME_OI,VolumeAndOISpikesScans_25AUG26_Report_27_7_2026.xlsx,,,,,,,,,,,,,,,,,,"1,070.6",,,,,,,,,,,,,,,0.82,,0.2,,,,,,,8.7,6783000,13500,1.45 Cr,30500,-99.21
GODREJPROP,,,,,,,,,,,,,,,,,,,VOLUME_OI,VolumeAndOISpikesScans_25AUG26_Report_27_7_2026.xlsx,,,,,,,,,,,,,,,,,,"2,035.3",,,,,,,,,,,,,,,0.26,,0.19,,,,,,,5.3,4634175,8775,1.79 Cr,20150,-99.21
GRASIM,,,,,,,,,,,,,,,,,,,VOLUME_OI,VolumeAndOISpikesScans_25AUG26_Report_27_7_2026.xlsx,,,,,,,,,,,,,,,,,,"3,099.6",,,,,,,,,,,,,,,0.17,,0.17,,,,,,,5.2,8675750,14500,4.49 Cr,21250,-99.21
GVT&D,,,,,,,,,,,,,,,,,,,VOLUME_OI,VolumeAndOISpikesScans_25AUG26_Report_27_7_2026.xlsx,,,,,,,,,,,,,,,,,,"4,207.2",,,,,,,,,,,,,,,0.46,,0.21,,,,,,,19.4,1818625,3875,1.63 Cr,9000,-99.21
INOXWIND,,,,,,,,,,,,,,,,,,,VOLUME_OI,VolumeAndOISpikesScans_25AUG26_Report_27_7_2026.xlsx,,,,,,,,,,,,,,,,,,78.28,,,,,,,,,,,,,,,1.43,,0.12,,,,,,,1.1,60646400,70400,55.11 L,217600,-99.21
MAZDOCK,,,,,,,,,,,,,,,,,,,VOLUME_OI,VolumeAndOISpikesScans_25AUG26_Report_27_7_2026.xlsx,,,,,,,,,,,,,,,,,,2285,,,,,,,,,,,,,,,0.47,,0.1,,,,,,,10.6,3502800,3600,82.26 L,14625,-99.21
OBEROIRLTY,,,,,,,,,,,,,,,,,,,VOLUME_OI,VolumeAndOISpikesScans_25AUG26_Report_27_7_2026.xlsx,,,,,,,,,,,,,,,,,,1818,,,,,,,,,,,,,,,0.46,,0.28,,,,,,,8.3,4336150,12250,2.23 Cr,24500,-99.21
NHPC,,,,,,,,,,,,,,,,,,,VOLUME_OI,VolumeAndOISpikesScans_25AUG26_Report_27_7_2026.xlsx,,,,,,,,,,,,,,,,,,78.05,,,,,,,,,,,,,,,-0.01,,0.18,,,,,,,-0.01,106383650,194600,1.52 Cr,375300,-99.23
VOLTAS,,,,,,,,,,,,,,,,,,,VOLUME_OI,VolumeAndOISpikesScans_25AUG26_Report_27_7_2026.xlsx,,,,,,,,,,,,,,,,,,1338,,,,,,,,,,,,,,,0.22,,0.17,,,,,,,2.9,5719875,9750,1.30 Cr,30750,-99.25
ALKEM,,,,,,,,,,,,,,,,,,,VOLUME_OI,VolumeAndOISpikesScans_25AUG26_Report_27_7_2026.xlsx,,,,,,,,,,,,,,,,,,5694,,,,,,,,,,,,,,,0.69,,0.05,,,,,,,39,763750,375,21.35 L,2750,-99.26
APOLLOHOSP,,,,,,,,,,,,,,,,,,,VOLUME_OI,VolumeAndOISpikesScans_25AUG26_Report_27_7_2026.xlsx,,,,,,,,,,,,,,,,,,8861,,,,,,,,,,,,,,,0.07,,0.23,,,,,,,6,1532000,3500,3.10 Cr,5000,-99.26
PNBHOUSING,,,,,,,,,,,,,,,,,,,VOLUME_OI,VolumeAndOISpikesScans_25AUG26_Report_27_7_2026.xlsx,,,,,,,,,,,,,,,,,,"1,063.5",,,,,,,,,,,,,,,0.67,,0.12,,,,,,,7.1,4416100,5200,55.30 L,16250,-99.27
TVSMOTOR,,,,,,,,,,,,,,,,,,,VOLUME_OI,VolumeAndOISpikesScans_25AUG26_Report_27_7_2026.xlsx,,,,,,,,,,,,,,,,,,3893,,,,,,,,,,,,,,,0.24,,0.2,,,,,,,9.5,9589125,19250,7.49 Cr,33775,-99.3
INDUSINDBK,,,,,,,,,,,,,,,,,,,VOLUME_OI,VolumeAndOISpikesScans_25AUG26_Report_27_7_2026.xlsx,,,,,,,,,,,,,,,,,,1010.55,,,,,,,,,,,,,,,0.87,,-0.01,,,,,,,8.7,25678800,-2800,-28.30 L,93800,-99.31
CROMPTON,,,,,,,,,,,,,,,,,,,VOLUME_OI,VolumeAndOISpikesScans_25AUG26_Report_27_7_2026.xlsx,,,,,,,,,,,,,,,,,,251.35,,,,,,,,,,,,,,,-0.24,,0.26,,,,,,,-0.6,34756900,90300,2.27 Cr,135450,-99.32
GLENMARK,,,,,,,,,,,,,,,,,,,VOLUME_OI,VolumeAndOISpikesScans_25AUG26_Report_27_7_2026.xlsx,,,,,,,,,,,,,,,,,,"2,215.4",,,,,,,,,,,,,,,0.46,,0.2,,,,,,,10.1,5906625,11625,2.58 Cr,21000,-99.34
ICICIBANK,,,,,,,,,,,,,,,,,,,VOLUME_OI,VolumeAndOISpikesScans_25AUG26_Report_27_7_2026.xlsx,,,,,,,,,,,,,,,,,,"1,427.4",,,,,,,,,,,,,,,-0.05,,0.17,,,,,,,-0.7,79072000,137900,19.68 Cr,234500,-99.34
TRENT,,,,,,,,,,,,,,,,,,,VOLUME_OI,VolumeAndOISpikesScans_25AUG26_Report_27_7_2026.xlsx,,,,,,,,,,,,,,,,,,"2,896.4",,,,,,,,,,,,,,,0.47,,0.14,,,,,,,13.5,9573750,13725,3.98 Cr,31275,-99.34
ZYDUSLIFE,,,,,,,,,,,,,,,,,,,VOLUME_OI,VolumeAndOISpikesScans_25AUG26_Report_27_7_2026.xlsx,,,,,,,,,,,,,,,,,,1122,,,,,,,,,,,,,,,0.61,,0.15,,,,,,,6.8,7659900,11700,1.31 Cr,25200,-99.37
BDL,,,,,,,,,,,,,,,,,,,VOLUME_OI,VolumeAndOISpikesScans_25AUG26_Report_27_7_2026.xlsx,,,,,,,,,,,,,,,,,,1217,,,,,,,,,,,,,,,0.6,,0.18,,,,,,,7.2,5160775,9350,1.14 Cr,25075,-99.39
CIPLA,,,,,,,,,,,,,,,,,,,VOLUME_OI,VolumeAndOISpikesScans_25AUG26_Report_27_7_2026.xlsx,,,,,,,,,,,,,,,,,,"1,417.6",,,,,,,,,,,,,,,0.06,,0.16,,,,,,,0.9,7650850,11900,1.69 Cr,26350,-99.39
KEI,,,,,,,,,,,,,,,,,,,VOLUME_OI,VolumeAndOISpikesScans_25AUG26_Report_27_7_2026.xlsx,,,,,,,,,,,,,,,,,,4859,,,,,,,,,,,,,,,0.86,,0.04,,,,,,,41.5,1856050,700,34.01 L,5250,-99.39
SOLARINDS,,,,,,,,,,,,,,,,,,,VOLUME_OI,VolumeAndOISpikesScans_25AUG26_Report_27_7_2026.xlsx,,,,,,,,,,,,,,,,,,18630,,,,,,,,,,,,,,,0.12,,0.28,,,,,,,23,468100,1300,2.42 Cr,1550,-99.4
PATANJALI,,,,,,,,,,,,,,,,,,,VOLUME_OI,VolumeAndOISpikesScans_25AUG26_Report_27_7_2026.xlsx,,,,,,,,,,,,,,,,,,345.95,,,,,,,,,,,,,,,0.87,,0.1,,,,,,,3,20900150,20425,70.66 L,94600,-99.43
SHREECEM,,,,,,,,,,,,,,,,,,,VOLUME_OI,VolumeAndOISpikesScans_25AUG26_Report_27_7_2026.xlsx,,,,,,,,,,,,,,,,,,26500,,,,,,,,,,,,,,,-0.36,,0.12,,,,,,,-95,214375,250,66.25 L,750,-99.43
LICI,,,,,,,,,,,,,,,,,,,VOLUME_OI,VolumeAndOISpikesScans_25AUG26_Report_27_7_2026.xlsx,,,,,,,,,,,,,,,,,,422.25,,,,,,,,,,,,,,,1.39,,-0.01,,,,,,,5.8,12793200,-1400,-5.91 L,53200,-99.46
NMDC,,,,,,,,,,,,,,,,,,,VOLUME_OI,VolumeAndOISpikesScans_25AUG26_Report_27_7_2026.xlsx,,,,,,,,,,,,,,,,,,84.41,,,,,,,,,,,,,,,0.57,,0.04,,,,,,,0.48,227515500,81000,68.37 L,351000,-99.46
NYKAA,,,,,,,,,,,,,,,,,,,VOLUME_OI,VolumeAndOISpikesScans_25AUG26_Report_27_7_2026.xlsx,,,,,,,,,,,,,,,,,,326.65,,,,,,,,,,,,,,,0.54,,0.16,,,,,,,1.75,31096875,50000,1.63 Cr,81250,-99.46
POLICYBZR,,,,,,,,,,,,,,,,,,,VOLUME_OI,VolumeAndOISpikesScans_25AUG26_Report_27_7_2026.xlsx,,,,,,,,,,,,,,,,,,1551,,,,,,,,,,,,,,,0.3,,0.21,,,,,,,4.6,6180300,12950,2.01 Cr,22750,-99.47
AXISBANK,,,,,,,,,,,,,,,,,,,VOLUME_OI,VolumeAndOISpikesScans_25AUG26_Report_27_7_2026.xlsx,,,,,,,,,,,,,,,,,,"1,237.3",,,,,,,,,,,,,,,0.11,,0.12,,,,,,,1.3,55778125,68750,8.51 Cr,153125,-99.48
AMBER,,,,,,,,,,,,,,,,,,,VOLUME_OI,VolumeAndOISpikesScans_25AUG26_Report_27_7_2026.xlsx,,,,,,,,,,,,,,,,,,"7,270.5",,,,,,,,,,,,,,,0.46,,0.29,,,,,,,33,919200,2700,1.96 Cr,4500,-99.49
BLUESTARCO,,,,,,,,,,,,,,,,,,,VOLUME_OI,VolumeAndOISpikesScans_25AUG26_Report_27_7_2026.xlsx,,,,,,,,,,,,,,,,,,"1,646.1",,,,,,,,,,,,,,,0.83,,0.13,,,,,,,13.6,2484950,3250,53.50 L,7800,-99.49
ICICIGI,,,,,,,,,,,,,,,,,,,VOLUME_OI,VolumeAndOISpikesScans_25AUG26_Report_27_7_2026.xlsx,,,,,,,,,,,,,,,,,,"1,668.9",,,,,,,,,,,,,,,-0.29,,0.14,,,,,,,-4.8,3867500,5525,92.21 L,13000,-99.5
SUPREMEIND,,,,,,,,,,,,,,,,,,,VOLUME_OI,VolumeAndOISpikesScans_25AUG26_Report_27_7_2026.xlsx,,,,,,,,,,,,,,,,,,3507,,,,,,,,,,,,,,,0.68,,0.23,,,,,,,23.6,1569400,3675,1.29 Cr,4025,-99.5
INDUSTOWER,,,,,,,,,,,,,,,,,,,VOLUME_OI,VolumeAndOISpikesScans_25AUG26_Report_27_7_2026.xlsx,,,,,,,,,,,,,,,,,,398.1,,,,,,,,,,,,,,,0.53,,0.13,,,,,,,2.1,59904600,76500,3.05 Cr,113900,-99.51
BAJAJFINSV,,,,,,,,,,,,,,,,,,,VOLUME_OI,VolumeAndOISpikesScans_25AUG26_Report_27_7_2026.xlsx,,,,,,,,,,,,,,,,,,"1,898.6",,,,,,,,,,,,,,,0.78,,0.14,,,,,,,14.7,5959500,8100,1.54 Cr,17100,-99.52
FORCEMOT,,,,,,,,,,,,,,,,,,,VOLUME_OI,VolumeAndOISpikesScans_25AUG26_Report_27_7_2026.xlsx,,,,,,,,,,,,,,,,,,17622,,,,,,,,,,,,,,,0.42,,0.14,,,,,,,74,176325,250,44.05 L,700,-99.52
PAGEIND,,,,,,,,,,,,,,,,,,,VOLUME_OI,VolumeAndOISpikesScans_25AUG26_Report_27_7_2026.xlsx,,,,,,,,,,,,,,,,,,40340,,,,,,,,,,,,,,,0.05,,0.13,,,,,,,20,183740,240,96.82 L,540,-99.53
COCHINSHIP,,,,,,,,,,,,,,,,,,,VOLUME_OI,VolumeAndOISpikesScans_25AUG26_Report_27_7_2026.xlsx,,,,,,,,,,,,,,,,,,"1,390.8",,,,,,,,,,,,,,,0.54,,0.1,,,,,,,7.5,3876400,4000,55.63 L,11600,-99.54
PIIND,,,,,,,,,,,,,,,,,,,VOLUME_OI,VolumeAndOISpikesScans_25AUG26_Report_27_7_2026.xlsx,,,,,,,,,,,,,,,,,,"2,721.6",,,,,,,,,,,,,,,0.9,,0.15,,,,,,,24.2,2264325,3325,90.49 L,8225,-99.55
BOSCHLTD,,,,,,,,,,,,,,,,,,,VOLUME_OI,VolumeAndOISpikesScans_25AUG26_Report_27_7_2026.xlsx,,,,,,,,,,,,,,,,,,41725,,,,,,,,,,,,,,,0.05,,0.13,,,,,,,20,176500,225,93.88 L,450,-99.6
TORNTPHARM,,,,,,,,,,,,,,,,,,,VOLUME_OI,VolumeAndOISpikesScans_25AUG26_Report_27_7_2026.xlsx,,,,,,,,,,,,,,,,,,"4,935.2",,,,,,,,,,,,,,,0.51,,0.08,,,,,,,25,3736875,3125,1.54 Cr,6625,-99.6
SUNPHARMA,,,,,,,,,,,,,,,,,,,VOLUME_OI,VolumeAndOISpikesScans_25AUG26_Report_27_7_2026.xlsx,,,,,,,,,,,,,,,,,,1951,,,,,,,,,,,,,,,0.11,,0.1,,,,,,,2.2,9681350,10150,1.98 Cr,19250,-99.61
JSWSTEEL,,,,,,,,,,,,,,,,,,,VOLUME_OI,VolumeAndOISpikesScans_25AUG26_Report_27_7_2026.xlsx,,,,,,,,,,,,,,,,,,"1,248.2",,,,,,,,,,,,,,,-0.06,,0.08,,,,,,,-0.7,31479300,24300,3.03 Cr,33075,-99.69
PREMIERENE,,,,,,,,,,,,,,,,,,,VOLUME_OI,VolumeAndOISpikesScans_25AUG26_Report_27_7_2026.xlsx,,,,,,,,,,,,,,,,,,1027,,,,,,,,,,,,,,,0.79,,0.07,,,,,,,8.1,4870450,3250,33.38 L,8450,-99.76
FOCIT,,,,,,,,,,,,,,,,,,,VOLUME_OI,VolumeAndOISpikesScans_25AUG26_Report_27_7_2026.xlsx,,,,,,,,,,,,,,,,,,-,,,,,,,,,,,,,,,-,,-,,,,,,,-,-,-,-,-,
BANKEX,,,,,,,,,,,,,,,,,,,VOLUME_OI,VolumeAndOISpikesScans_25AUG26_Report_27_7_2026.xlsx,,,,,,,,,,,,,,,,,,-,,,,,,,,,,,,,,,-,,-,,,,,,,-,-,-,-,-,
