path,readable,rows,field_symbol,field_date,field_timestamp,field_open,field_high,field_low,field_close,field_price,field_straddle,field_straddle_pct,field_price_chg_pct,field_oi_chg_pct,field_pcr_chg_pct,field_ce_oi_chg_pct,field_pe_oi_chg_pct,field_pe_ce_oi_chg,field_volume_chg_pct,field_buildup
D:\My-data\Share_P&L\Ichart Data\Screenshot\August26\2026-08-03\Daywise_Price_and_OI_Summary_25AUG26_Report_2026-08-03.xlsx,True,216,Symbol,,,Open,High,Low,Close,,ATM Straddle %,ATM Straddle %,Price Chg %,OI Chg %,PCR Chg %,Tot CE OI Chg %,Tot PE OI Chg %,Tot PE-CE OI Chg,,
D:\My-data\Share_P&L\Ichart Data\Screenshot\August26\2026-08-03\IVR-IVP_25AUG26_Report_2026-08-03.xlsx,True,215,,,,,,,,,,,,,,,,,,
D:\My-data\Share_P&L\Ichart Data\Screenshot\August26\2026-08-03\Resistance_25AUG26_Scan_3_8_2026 (1).xlsx,True,103,Symbol,,,,,,,Price,,,Price Chg%,,,,,,,
D:\My-data\Share_P&L\Ichart Data\Screenshot\August26\2026-08-03\Sector_Summary_25AUG26_Report_3_8_2026.xlsx,True,49,,,,,,,,,,,Price chg (%),OI chg (%),,,,,Volume chg (%),Buildup
D:\My-data\Share_P&L\Ichart Data\Screenshot\August26\2026-08-03\Support_Resistance_25AUG26_Scan_3_8_2026.xlsx,True,82,Symbol,,,,,,,Price,,,Price Chg%,,,,,,,
D:\My-data\Share_P&L\Ichart Data\Screenshot\August26\2026-08-03\VolumeAndOISpikesScans_25AUG26_Report_3_8_2026.xlsx,True,216,Symbol,,,,,,,Price,,,Price chg (%),OI chg (%),,,,,Volume Chg (%),
D:\My-data\Share_P&L\Ichart Data\Screenshot\August26\2026-08-04\FuturesOI_25AUG26_Scan_4_8_2026.xlsx,True,216,Symbol,,,,,,,Price,,,Price Chg%,OI Chg %,,,,,,
D:\My-data\Share_P&L\Ichart Data\Screenshot\August26\2026-08-04\IVR-IVP_25AUG26_Report_2026-08-04 (1).xlsx,True,215,,,,,,,,,,,,,,,,,,
D:\My-data\Share_P&L\Ichart Data\Screenshot\August26\2026-08-04\IVR-IVP_25AUG26_Report_2026-08-04.xlsx,True,215,,,,,,,,,,,,,,,,,,
D:\My-data\Share_P&L\Ichart Data\Screenshot\August26\2026-08-04\Resistance_25AUG26_Scan_4_8_2026 (1).xlsx,True,110,Symbol,,,,,,,Price,,,Price Chg%,,,,,,,
D:\My-data\Share_P&L\Ichart Data\Screenshot\August26\2026-08-04\Resistance_25AUG26_Scan_4_8_2026 (2).xlsx,True,115,Symbol,,,,,,,Price,,,Price Chg%,,,,,,,
D:\My-data\Share_P&L\Ichart Data\Screenshot\August26\2026-08-04\Sector_Summary_25AUG26_Report_4_8_2026 (1).xlsx,True,47,,,,,,,,,,,Price chg (%),OI chg (%),,,,,Volume chg (%),Buildup
D:\My-data\Share_P&L\Ichart Data\Screenshot\August26\2026-08-04\Sector_Summary_25AUG26_Report_4_8_2026.xlsx,True,49,,,,,,,,,,,Price chg (%),OI chg (%),,,,,Volume chg (%),Buildup
D:\My-data\Share_P&L\Ichart Data\Screenshot\August26\2026-08-04\Support_Resistance_25AUG26_Scan_4_8_2026 (1).xlsx,True,74,Symbol,,,,,,,Price,,,Price Chg%,,,,,,,
D:\My-data\Share_P&L\Ichart Data\Screenshot\August26\2026-08-04\Support_Resistance_25AUG26_Scan_4_8_2026.xlsx,True,78,Symbol,,,,,,,Price,,,Price Chg%,,,,,,,
D:\My-data\Share_P&L\Ichart Data\Screenshot\August26\2026-08-04\VolumeAndOISpikesScans_25AUG26_Report_4_8_2026 (1).xlsx,True,216,Symbol,,,,,,,Price,,,Price chg (%),OI chg (%),,,,,Volume Chg (%),
D:\My-data\Share_P&L\Ichart Data\Screenshot\August26\2026-08-04\VolumeAndOISpikesScans_25AUG26_Report_4_8_2026.xlsx,True,216,Symbol,,,,,,,Price,,,Price chg (%),OI chg (%),,,,,Volume Chg (%),
D:\My-data\Share_P&L\Ichart Data\Screenshot\August26\2026-08-05\Daywise_Price_and_OI_Summary_25AUG26_Report_2026-08-04.xlsx,True,217,Symbol,,,Open,High,Low,Close,,ATM Straddle %,ATM Straddle %,Price Chg %,OI Chg %,PCR Chg %,Tot CE OI Chg %,Tot PE OI Chg %,Tot PE-CE OI Chg,,
D:\My-data\Share_P&L\Ichart Data\Screenshot\August26\2026-08-05\Daywise_Price_and_OI_Summary_25AUG26_Report_2026-08-05 (1).xlsx,True,216,Symbol,,,Open,High,Low,Close,,ATM Straddle %,ATM Straddle %,Price Chg %,OI Chg %,PCR Chg %,Tot CE OI Chg %,Tot PE OI Chg %,Tot PE-CE OI Chg,,
D:\My-data\Share_P&L\Ichart Data\Screenshot\August26\2026-08-05\FuturesOI_25AUG26_Scan_4_8_2026 (1).xlsx,True,216,Symbol,,,,,,,Price,,,Price Chg%,OI Chg %,,,,,,
D:\My-data\Share_P&L\Ichart Data\Screenshot\August26\2026-08-05\FuturesOI_25AUG26_Scan_5_8_2026.xlsx,True,216,Symbol,,,,,,,Price,,,Price Chg%,OI Chg %,,,,,,
D:\My-data\Share_P&L\Ichart Data\Screenshot\August26\2026-08-05\IVR-IVP_25AUG26_Report_2026-08-05 (1).xlsx,True,215,,,,,,,,,,,,,,,,,,
D:\My-data\Share_P&L\Ichart Data\Screenshot\August26\2026-08-05\IVR-IVP_25AUG26_Report_2026-08-05 (2).xlsx,True,215,,,,,,,,,,,,,,,,,,
D:\My-data\Share_P&L\Ichart Data\Screenshot\August26\2026-08-05\Resistance_25AUG26_Scan_5_8_2026 (3).xlsx,True,105,Symbol,,,,,,,Price,,,Price Chg%,,,,,,,
D:\My-data\Share_P&L\Ichart Data\Screenshot\August26\2026-08-05\Resistance_25AUG26_Scan_5_8_2026 (4).xlsx,True,110,Symbol,,,,,,,Price,,,Price Chg%,,,,,,,
D:\My-data\Share_P&L\Ichart Data\Screenshot\August26\2026-08-05\Sector_Summary_25AUG26_Report_5_8_2026 (1).xlsx,True,48,,,,,,,,,,,Price chg (%),OI chg (%),,,,,Volume chg (%),Buildup
D:\My-data\Share_P&L\Ichart Data\Screenshot\August26\2026-08-05\Sector_Summary_25AUG26_Report_5_8_2026 (2).xlsx,True,48,,,,,,,,,,,Price chg (%),OI chg (%),,,,,Volume chg (%),Buildup
D:\My-data\Share_P&L\Ichart Data\Screenshot\August26\2026-08-05\Support_Resistance_25AUG26_Scan_5_8_2026 (2).xlsx,True,77,Symbol,,,,,,,Price,,,Price Chg%,,,,,,,
D:\My-data\Share_P&L\Ichart Data\Screenshot\August26\2026-08-05\Support_Resistance_25AUG26_Scan_5_8_2026 (3).xlsx,True,76,Symbol,,,,,,,Price,,,Price Chg%,,,,,,,
D:\My-data\Share_P&L\Ichart Data\Screenshot\August26\2026-08-05\VolumeAndOISpikesScans_25AUG26_Report_5_8_2026 (1).xlsx,True,216,Symbol,,,,,,,Price,,,Price chg (%),OI chg (%),,,,,Volume Chg (%),
D:\My-data\Share_P&L\Ichart Data\Screenshot\August26\2026-08-05\VolumeAndOISpikesScans_25AUG26_Report_5_8_2026 (2).xlsx,True,216,Symbol,,,,,,,Price,,,Price chg (%),OI chg (%),,,,,Volume Chg (%),
D:\My-data\Share_P&L\Ichart Data\Screenshot\August26\2026-08-06\Daywise_Price_and_OI_Summary_25AUG26_Report_2026-08-06.xlsx,True,216,Symbol,,,Open,High,Low,Close,,ATM Straddle %,ATM Straddle %,Price Chg %,OI Chg %,PCR Chg %,Tot CE OI Chg %,Tot PE OI Chg %,Tot PE-CE OI Chg,,
D:\My-data\Share_P&L\Ichart Data\Screenshot\August26\2026-08-06\FuturesOI_25AUG26_Scan_6_8_2026.xlsx,True,216,Symbol,,,,,,,Price,,,Price Chg%,OI Chg %,,,,,,
D:\My-data\Share_P&L\Ichart Data\Screenshot\August26\2026-08-06\IVR-IVP_25AUG26_Report_2026-08-06.xlsx,True,215,,,,,,,,,,,,,,,,,,
D:\My-data\Share_P&L\Ichart Data\Screenshot\August26\2026-08-06\Resistance_25AUG26_Scan_6_8_2026.xlsx,True,79,Symbol,,,,,,,Price,,,Price Chg%,,,,,,,
D:\My-data\Share_P&L\Ichart Data\Screenshot\August26\2026-08-06\Sector_Summary_25AUG26_Report_6_8_2026.xlsx,True,47,,,,,,,,,,,Price chg (%),OI chg (%),,,,,Volume chg (%),Buildup
D:\My-data\Share_P&L\Ichart Data\Screenshot\August26\2026-08-06\Support_Resistance_25AUG26_Scan_6_8_2026 (1).xlsx,True,111,Symbol,,,,,,,Price,,,Price Chg%,,,,,,,
D:\My-data\Share_P&L\Ichart Data\Screenshot\August26\2026-08-06\VolumeAndOISpikesScans_25AUG26_Report_6_8_2026.xlsx,True,216,Symbol,,,,,,,Price,,,Price chg (%),OI chg (%),,,,,Volume Chg (%),
D:\My-data\Share_P&L\Ichart Data\Screenshot\August26\2026-08-07\Daywise_Price_and_OI_Summary_25AUG26_Report_2026-08-06 (2).xlsx,True,216,Symbol,,,Open,High,Low,Close,,ATM Straddle %,ATM Straddle %,Price Chg %,OI Chg %,PCR Chg %,Tot CE OI Chg %,Tot PE OI Chg %,Tot PE-CE OI Chg,,
D:\My-data\Share_P&L\Ichart Data\Screenshot\August26\2026-08-07\FuturesOI_25AUG26_Scan_6_8_2026 (2).xlsx,True,216,Symbol,,,,,,,Price,,,Price Chg%,OI Chg %,,,,,,
D:\My-data\Share_P&L\Ichart Data\Screenshot\August26\2026-08-07\IVR-IVP_25AUG26_Report_2026-08-07.xlsx,True,215,,,,,,,,,,,,,,,,,,
D:\My-data\Share_P&L\Ichart Data\Screenshot\August26\2026-08-07\Resistance_25AUG26_Scan_7_8_2026 (1).xlsx,True,111,Symbol,,,,,,,Price,,,Price Chg%,,,,,,,
D:\My-data\Share_P&L\Ichart Data\Screenshot\August26\2026-08-07\Sector_Summary_25AUG26_Report_7_8_2026.xlsx,True,14,,,,,,,,,,,Price chg (%),OI chg (%),,,,,Volume chg (%),Buildup
D:\My-data\Share_P&L\Ichart Data\Screenshot\August26\2026-08-07\Support_Resistance_25AUG26_Scan_7_8_2026.xlsx,True,94,Symbol,,,,,,,Price,,,Price Chg%,,,,,,,
D:\My-data\Share_P&L\Ichart Data\Screenshot\August26\2026-08-07\VolumeAndOISpikesScans_25AUG26_Report_7_8_2026.xlsx,True,216,Symbol,,,,,,,Price,,,Price chg (%),OI chg (%),,,,,Volume Chg (%),
D:\My-data\Share_P&L\Ichart Data\Screenshot\August26\2026-08-11\Daywise_Price_and_OI_Summary_25AUG26_Report_2026-08-11 (1).xlsx,True,216,Symbol,,,Open,High,Low,Close,,ATM Straddle %,ATM Straddle %,Price Chg %,OI Chg %,PCR Chg %,Tot CE OI Chg %,Tot PE OI Chg %,Tot PE-CE OI Chg,,
D:\My-data\Share_P&L\Ichart Data\Screenshot\August26\2026-08-11\Daywise_Price_and_OI_Summary_25AUG26_Report_2026-08-11 (2).xlsx,True,216,Symbol,,,Open,High,Low,Close,,ATM Straddle %,ATM Straddle %,Price Chg %,OI Chg %,PCR Chg %,Tot CE OI Chg %,Tot PE OI Chg %,Tot PE-CE OI Chg,,
D:\My-data\Share_P&L\Ichart Data\Screenshot\August26\2026-08-11\Daywise_Price_and_OI_Summary_25AUG26_Report_2026-08-11 (3).xlsx,True,216,Symbol,,,Open,High,Low,Close,,ATM Straddle %,ATM Straddle %,Price Chg %,OI Chg %,PCR Chg %,Tot CE OI Chg %,Tot PE OI Chg %,Tot PE-CE OI Chg,,
D:\My-data\Share_P&L\Ichart Data\Screenshot\August26\2026-08-11\FuturesOI_25AUG26_Scan_11_8_2026.xlsx,True,216,Symbol,,,,,,,Price,,,Price Chg%,OI Chg %,,,,,,
D:\My-data\Share_P&L\Ichart Data\Screenshot\August26\2026-08-11\IVR-IVP_25AUG26_Report_2026-08-11.xlsx,True,216,,,,,,,,,,,,,,,,,,
D:\My-data\Share_P&L\Ichart Data\Screenshot\August26\2026-08-11\Resistance_25AUG26_Scan_11_8_2026 (1).xlsx,True,102,Symbol,,,,,,,Price,,,Price Chg%,,,,,,,
D:\My-data\Share_P&L\Ichart Data\Screenshot\August26\2026-08-11\Sector_Summary_25AUG26_Report_10_8_2026.xlsx,True,47,,,,,,,,,,,Price chg (%),OI chg (%),,,,,Volume chg (%),Buildup
D:\My-data\Share_P&L\Ichart Data\Screenshot\August26\2026-08-11\Support_Resistance_25AUG26_Scan_11_8_2026.xlsx,True,108,Symbol,,,,,,,Price,,,Price Chg%,,,,,,,
D:\My-data\Share_P&L\Ichart Data\Screenshot\August26\2026-08-11\VolumeAndOISpikesScans_25AUG26_Report_11_8_2026.xlsx,True,216,Symbol,,,,,,,Price,,,Price chg (%),OI chg (%),,,,,Volume Chg (%),
D:\My-data\Share_P&L\Ichart Data\Screenshot\August26\2026-08-12\Daywise_Price_and_OI_Summary_25AUG26_Report_2026-08-12 (1).xlsx,True,217,Symbol,,,Open,High,Low,Close,,ATM Straddle %,ATM Straddle %,Price Chg %,OI Chg %,PCR Chg %,Tot CE OI Chg %,Tot PE OI Chg %,Tot PE-CE OI Chg,,
D:\My-data\Share_P&L\Ichart Data\Screenshot\August26\2026-08-12\Daywise_Price_and_OI_Summary_25AUG26_Report_2026-08-12 (3).xlsx,True,217,Symbol,,,Open,High,Low,Close,,ATM Straddle %,ATM Straddle %,Price Chg %,OI Chg %,PCR Chg %,Tot CE OI Chg %,Tot PE OI Chg %,Tot PE-CE OI Chg,,
D:\My-data\Share_P&L\Ichart Data\Screenshot\August26\2026-08-12\Daywise_Price_and_OI_Summary_25AUG26_Report_2026-08-12 (4).xlsx,True,217,Symbol,,,Open,High,Low,Close,,ATM Straddle %,ATM Straddle %,Price Chg %,OI Chg %,PCR Chg %,Tot CE OI Chg %,Tot PE OI Chg %,Tot PE-CE OI Chg,,
D:\My-data\Share_P&L\Ichart Data\Screenshot\August26\2026-08-12\Daywise_Price_and_OI_Summary_25AUG26_Report_2026-08-12.xlsx,True,217,Symbol,,,Open,High,Low,Close,,ATM Straddle %,ATM Straddle %,Price Chg %,OI Chg %,PCR Chg %,Tot CE OI Chg %,Tot PE OI Chg %,Tot PE-CE OI Chg,,
D:\My-data\Share_P&L\Ichart Data\Screenshot\August26\2026-08-12\FuturesOI_25AUG26_Scan_12_8_2026 (1).xlsx,True,216,Symbol,,,,,,,Price,,,Price Chg%,OI Chg %,,,,,,
D:\My-data\Share_P&L\Ichart Data\Screenshot\August26\2026-08-12\FuturesOI_25AUG26_Scan_12_8_2026.xlsx,True,216,Symbol,,,,,,,Price,,,Price Chg%,OI Chg %,,,,,,
D:\My-data\Share_P&L\Ichart Data\Screenshot\August26\2026-08-12\IVR-IVP_25AUG26_Report_2026-08-12 (1).xlsx,True,217,,,,,,,,,,,,,,,,,,
D:\My-data\Share_P&L\Ichart Data\Screenshot\August26\2026-08-12\IVR-IVP_25AUG26_Report_2026-08-12.xlsx,True,214,,,,,,,,,,,,,,,,,,
D:\My-data\Share_P&L\Ichart Data\Screenshot\August26\2026-08-12\Resistance_25AUG26_Scan_12_8_2026 (1).xlsx,True,92,Symbol,,,,,,,Price,,,Price Chg%,,,,,,,
D:\My-data\Share_P&L\Ichart Data\Screenshot\August26\2026-08-12\Resistance_25AUG26_Scan_12_8_2026 (2).xlsx,True,104,Symbol,,,,,,,Price,,,Price Chg%,,,,,,,
D:\My-data\Share_P&L\Ichart Data\Screenshot\August26\2026-08-12\Sector_Summary_25AUG26_Report_12_8_2026 (1).xlsx,True,48,,,,,,,,,,,Price chg (%),OI chg (%),,,,,Volume chg (%),Buildup
D:\My-data\Share_P&L\Ichart Data\Screenshot\August26\2026-08-12\Sector_Summary_25AUG26_Report_12_8_2026.xlsx,True,48,,,,,,,,,,,Price chg (%),OI chg (%),,,,,Volume chg (%),Buildup
D:\My-data\Share_P&L\Ichart Data\Screenshot\August26\2026-08-12\Support_Resistance_25AUG26_Scan_12_8_2026 (1).xlsx,True,97,Symbol,,,,,,,Price,,,Price Chg%,,,,,,,
D:\My-data\Share_P&L\Ichart Data\Screenshot\August26\2026-08-12\Support_Resistance_25AUG26_Scan_12_8_2026.xlsx,True,119,Symbol,,,,,,,Price,,,Price Chg%,,,,,,,
D:\My-data\Share_P&L\Ichart Data\Screenshot\August26\2026-08-12\VolumeAndOISpikesScans_25AUG26_Report_12_8_2026 (1).xlsx,True,217,Symbol,,,,,,,Price,,,Price chg (%),OI chg (%),,,,,Volume Chg (%),
D:\My-data\Share_P&L\Ichart Data\Screenshot\August26\2026-08-12\VolumeAndOISpikesScans_25AUG26_Report_12_8_2026.xlsx,True,217,Symbol,,,,,,,Price,,,Price chg (%),OI chg (%),,,,,Volume Chg (%),
D:\My-data\Share_P&L\Ichart Data\Screenshot\August26\2026-08-13\Daywise_Price_and_OI_Summary_25AUG26_Report_2026-08-13 (1).xlsx,True,217,Symbol,,,Open,High,Low,Close,,ATM Straddle %,ATM Straddle %,Price Chg %,OI Chg %,PCR Chg %,Tot CE OI Chg %,Tot PE OI Chg %,Tot PE-CE OI Chg,,
D:\My-data\Share_P&L\Ichart Data\Screenshot\August26\2026-08-13\Daywise_Price_and_OI_Summary_25AUG26_Report_2026-08-13 (2).xlsx,True,217,Symbol,,,Open,High,Low,Close,,ATM Straddle %,ATM Straddle %,Price Chg %,OI Chg %,PCR Chg %,Tot CE OI Chg %,Tot PE OI Chg %,Tot PE-CE OI Chg,,
D:\My-data\Share_P&L\Ichart Data\Screenshot\August26\2026-08-13\Daywise_Price_and_OI_Summary_25AUG26_Report_2026-08-13 (3).xlsx,True,217,Symbol,,,Open,High,Low,Close,,ATM Straddle %,ATM Straddle %,Price Chg %,OI Chg %,PCR Chg %,Tot CE OI Chg %,Tot PE OI Chg %,Tot PE-CE OI Chg,,
D:\My-data\Share_P&L\Ichart Data\Screenshot\August26\2026-08-13\Daywise_Price_and_OI_Summary_25AUG26_Report_2026-08-13 (4).xlsx,True,217,Symbol,,,Open,High,Low,Close,,ATM Straddle %,ATM Straddle %,Price Chg %,OI Chg %,PCR Chg %,Tot CE OI Chg %,Tot PE OI Chg %,Tot PE-CE OI Chg,,
D:\My-data\Share_P&L\Ichart Data\Screenshot\August26\2026-08-13\Daywise_Price_and_OI_Summary_25AUG26_Report_2026-08-13 (5).xlsx,True,217,Symbol,,,Open,High,Low,Close,,ATM Straddle %,ATM Straddle %,Price Chg %,OI Chg %,PCR Chg %,Tot CE OI Chg %,Tot PE OI Chg %,Tot PE-CE OI Chg,,
D:\My-data\Share_P&L\Ichart Data\Screenshot\August26\2026-08-13\Daywise_Price_and_OI_Summary_25AUG26_Report_2026-08-13 (6).xlsx,True,217,Symbol,,,Open,High,Low,Close,,ATM Straddle %,ATM Straddle %,Price Chg %,OI Chg %,PCR Chg %,Tot CE OI Chg %,Tot PE OI Chg %,Tot PE-CE OI Chg,,
D:\My-data\Share_P&L\Ichart Data\Screenshot\August26\2026-08-13\Daywise_Price_and_OI_Summary_25AUG26_Report_2026-08-13 (7).xlsx,True,217,Symbol,,,Open,High,Low,Close,,ATM Straddle %,ATM Straddle %,Price Chg %,OI Chg %,PCR Chg %,Tot CE OI Chg %,Tot PE OI Chg %,Tot PE-CE OI Chg,,
D:\My-data\Share_P&L\Ichart Data\Screenshot\August26\2026-08-13\Daywise_Price_and_OI_Summary_25AUG26_Report_2026-08-13 (8).xlsx,True,217,Symbol,,,Open,High,Low,Close,,ATM Straddle %,ATM Straddle %,Price Chg %,OI Chg %,PCR Chg %,Tot CE OI Chg %,Tot PE OI Chg %,Tot PE-CE OI Chg,,
D:\My-data\Share_P&L\Ichart Data\Screenshot\August26\2026-08-13\Daywise_Price_and_OI_Summary_25AUG26_Report_2026-08-13.xlsx,True,217,Symbol,,,Open,High,Low,Close,,ATM Straddle %,ATM Straddle %,Price Chg %,OI Chg %,PCR Chg %,Tot CE OI Chg %,Tot PE OI Chg %,Tot PE-CE OI Chg,,
D:\My-data\Share_P&L\Ichart Data\Screenshot\August26\2026-08-14\Daywise_Price_and_OI_Summary_25AUG26_Report_2026-08-14 (1).xlsx,True,217,Symbol,,,Open,High,Low,Close,,ATM Straddle %,ATM Straddle %,Price Chg %,OI Chg %,PCR Chg %,Tot CE OI Chg %,Tot PE OI Chg %,Tot PE-CE OI Chg,,
D:\My-data\Share_P&L\Ichart Data\Screenshot\August26\2026-08-14\Daywise_Price_and_OI_Summary_25AUG26_Report_2026-08-14 (2).xlsx,True,217,Symbol,,,Open,High,Low,Close,,ATM Straddle %,ATM Straddle %,Price Chg %,OI Chg %,PCR Chg %,Tot CE OI Chg %,Tot PE OI Chg %,Tot PE-CE OI Chg,,
D:\My-data\Share_P&L\Ichart Data\Screenshot\August26\2026-08-14\Daywise_Price_and_OI_Summary_25AUG26_Report_2026-08-14 (3).xlsx,True,217,Symbol,,,Open,High,Low,Close,,ATM Straddle %,ATM Straddle %,Price Chg %,OI Chg %,PCR Chg %,Tot CE OI Chg %,Tot PE OI Chg %,Tot PE-CE OI Chg,,
D:\My-data\Share_P&L\Ichart Data\Screenshot\August26\2026-08-14\Daywise_Price_and_OI_Summary_25AUG26_Report_2026-08-14 (4).xlsx,True,217,Symbol,,,Open,High,Low,Close,,ATM Straddle %,ATM Straddle %,Price Chg %,OI Chg %,PCR Chg %,Tot CE OI Chg %,Tot PE OI Chg %,Tot PE-CE OI Chg,,
D:\My-data\Share_P&L\Ichart Data\Screenshot\August26\2026-08-14\Daywise_Price_and_OI_Summary_25AUG26_Report_2026-08-14 (5).xlsx,True,217,Symbol,,,Open,High,Low,Close,,ATM Straddle %,ATM Straddle %,Price Chg %,OI Chg %,PCR Chg %,Tot CE OI Chg %,Tot PE OI Chg %,Tot PE-CE OI Chg,,
D:\My-data\Share_P&L\Ichart Data\Screenshot\August26\2026-08-14\Daywise_Price_and_OI_Summary_25AUG26_Report_2026-08-14 (6).xlsx,True,217,Symbol,,,Open,High,Low,Close,,ATM Straddle %,ATM Straddle %,Price Chg %,OI Chg %,PCR Chg %,Tot CE OI Chg %,Tot PE OI Chg %,Tot PE-CE OI Chg,,
D:\My-data\Share_P&L\Ichart Data\Screenshot\August26\2026-08-14\Daywise_Price_and_OI_Summary_25AUG26_Report_2026-08-14.xlsx,True,217,Symbol,,,Open,High,Low,Close,,ATM Straddle %,ATM Straddle %,Price Chg %,OI Chg %,PCR Chg %,Tot CE OI Chg %,Tot PE OI Chg %,Tot PE-CE OI Chg,,
D:\My-data\Share_P&L\Ichart Data\Screenshot\August26\2026-08-14\FuturesOI_25AUG26_Scan_14_8_2026.xlsx,True,217,Symbol,,,,,,,Price,,,Price Chg%,OI Chg %,,,,,,
D:\My-data\Share_P&L\Ichart Data\Screenshot\August26\2026-08-14\IVR-IVP_25AUG26_Report_2026-08-14.xlsx,True,215,,,,,,,,,,,,,,,,,,
D:\My-data\Share_P&L\Ichart Data\Screenshot\August26\2026-08-14\Resistance_25AUG26_Scan_14_8_2026 (1).xlsx,True,99,Symbol,,,,,,,Price,,,Price Chg%,,,,,,,
D:\My-data\Share_P&L\Ichart Data\Screenshot\August26\2026-08-14\Sector_Summary_25AUG26_Report_14_8_2026.xlsx,True,49,,,,,,,,,,,Price chg (%),OI chg (%),,,,,Volume chg (%),Buildup
D:\My-data\Share_P&L\Ichart Data\Screenshot\August26\2026-08-14\Support_Resistance_25AUG26_Scan_14_8_2026.xlsx,True,105,Symbol,,,,,,,Price,,,Price Chg%,,,,,,,
D:\My-data\Share_P&L\Ichart Data\Screenshot\August26\2026-08-14\VolumeAndOISpikesScans_25AUG26_Report_14_8_2026.xlsx,True,217,Symbol,,,,,,,Price,,,Price chg (%),OI chg (%),,,,,Volume Chg (%),
D:\My-data\Share_P&L\Ichart Data\Screenshot\August26\2026-08-17\Daywise_Price_and_OI_Summary_25AUG26_Report_2026-08-17.xlsx,True,217,Symbol,,,Open,High,Low,Close,,ATM Straddle %,ATM Straddle %,Price Chg %,OI Chg %,PCR Chg %,Tot CE OI Chg %,Tot PE OI Chg %,Tot PE-CE OI Chg,,
D:\My-data\Share_P&L\Ichart Data\Screenshot\August26\2026-08-17\Daywise_Price_and_OI_Summary_25AUG26_Report_2026-08-17_093811.xlsx,True,217,Symbol,,,Open,High,Low,Close,,ATM Straddle %,ATM Straddle %,Price Chg %,OI Chg %,PCR Chg %,Tot CE OI Chg %,Tot PE OI Chg %,Tot PE-CE OI Chg,,
D:\My-data\Share_P&L\Ichart Data\Screenshot\August26\2026-08-17\Daywise_Price_and_OI_Summary_25AUG26_Report_2026-08-17_094319.xlsx,True,217,Symbol,,,Open,High,Low,Close,,ATM Straddle %,ATM Straddle %,Price Chg %,OI Chg %,PCR Chg %,Tot CE OI Chg %,Tot PE OI Chg %,Tot PE-CE OI Chg,,
D:\My-data\Share_P&L\Ichart Data\Screenshot\August26\2026-08-17\Daywise_Price_and_OI_Summary_25AUG26_Report_2026-08-17_094829.xlsx,True,217,Symbol,,,Open,High,Low,Close,,ATM Straddle %,ATM Straddle %,Price Chg %,OI Chg %,PCR Chg %,Tot CE OI Chg %,Tot PE OI Chg %,Tot PE-CE OI Chg,,
D:\My-data\Share_P&L\Ichart Data\Screenshot\August26\2026-08-17\Daywise_Price_and_OI_Summary_25AUG26_Report_2026-08-17_095340.xlsx,True,217,Symbol,,,Open,High,Low,Close,,ATM Straddle %,ATM Straddle %,Price Chg %,OI Chg %,PCR Chg %,Tot CE OI Chg %,Tot PE OI Chg %,Tot PE-CE OI Chg,,
D:\My-data\Share_P&L\Ichart Data\Screenshot\August26\2026-08-17\Daywise_Price_and_OI_Summary_25AUG26_Report_2026-08-17_095848.xlsx,True,217,Symbol,,,Open,High,Low,Close,,ATM Straddle %,ATM Straddle %,Price Chg %,OI Chg %,PCR Chg %,Tot CE OI Chg %,Tot PE OI Chg %,Tot PE-CE OI Chg,,
D:\My-data\Share_P&L\Ichart Data\Screenshot\August26\2026-08-17\IVR-IVP_25AUG26_Report_2026-08-17.xlsx,True,215,,,,,,,,,,,,,,,,,,
D:\My-data\Share_P&L\Ichart Data\Screenshot\August26\2026-08-17\IVR-IVP_25AUG26_Report_2026-08-17_093819.xlsx,True,215,,,,,,,,,,,,,,,,,,
D:\My-data\Share_P&L\Ichart Data\Screenshot\August26\2026-08-17\IVR-IVP_25AUG26_Report_2026-08-17_094327.xlsx,True,215,,,,,,,,,,,,,,,,,,
D:\My-data\Share_P&L\Ichart Data\Screenshot\August26\2026-08-17\IVR-IVP_25AUG26_Report_2026-08-17_094837.xlsx,True,215,,,,,,,,,,,,,,,,,,
D:\My-data\Share_P&L\Ichart Data\Screenshot\August26\2026-08-17\IVR-IVP_25AUG26_Report_2026-08-17_095348.xlsx,True,215,,,,,,,,,,,,,,,,,,
D:\My-data\Share_P&L\Ichart Data\Screenshot\August26\2026-08-17\IVR-IVP_25AUG26_Report_2026-08-17_095857.xlsx,True,215,,,,,,,,,,,,,,,,,,
D:\My-data\Share_P&L\Ichart Data\Screenshot\August26\2026-08-17\Resistance_Resistance_25AUG26_Scan_17_8_2026.xlsx,True,79,Symbol,,,,,,,Price,,,Price Chg%,,,,,,,
D:\My-data\Share_P&L\Ichart Data\Screenshot\August26\2026-08-17\Resistance_Resistance_25AUG26_Scan_17_8_2026_093849.xlsx,True,80,Symbol,,,,,,,Price,,,Price Chg%,,,,,,,
D:\My-data\Share_P&L\Ichart Data\Screenshot\August26\2026-08-17\Resistance_Resistance_25AUG26_Scan_17_8_2026_094359.xlsx,True,84,Symbol,,,,,,,Price,,,Price Chg%,,,,,,,
D:\My-data\Share_P&L\Ichart Data\Screenshot\August26\2026-08-17\Resistance_Resistance_25AUG26_Scan_17_8_2026_094909.xlsx,True,84,Symbol,,,,,,,Price,,,Price Chg%,,,,,,,
D:\My-data\Share_P&L\Ichart Data\Screenshot\August26\2026-08-17\Resistance_Resistance_25AUG26_Scan_17_8_2026_095418.xlsx,True,86,Symbol,,,,,,,Price,,,Price Chg%,,,,,,,
D:\My-data\Share_P&L\Ichart Data\Screenshot\August26\2026-08-17\Resistance_Resistance_25AUG26_Scan_17_8_2026_095929.xlsx,True,87,Symbol,,,,,,,Price,,,Price Chg%,,,,,,,
D:\My-data\Share_P&L\Ichart Data\Screenshot\August26\2026-08-17\Sector_Summary_25AUG26_Report_17_8_2026.xlsx,True,49,,,,,,,,,,,Price chg (%),OI chg (%),,,,,Volume chg (%),Buildup
D:\My-data\Share_P&L\Ichart Data\Screenshot\August26\2026-08-17\Sector_Summary_25AUG26_Report_17_8_2026_093825.xlsx,True,48,,,,,,,,,,,Price chg (%),OI chg (%),,,,,Volume chg (%),Buildup
D:\My-data\Share_P&L\Ichart Data\Screenshot\August26\2026-08-17\Sector_Summary_25AUG26_Report_17_8_2026_095331.xlsx,True,49,,,,,,,,,,,Price chg (%),OI chg (%),,,,,Volume chg (%),Buildup
D:\My-data\Share_P&L\Ichart Data\Screenshot\August26\2026-08-17\Support_Resistance_25AUG26_Scan_17_8_2026.xlsx,True,112,Symbol,,,,,,,Price,,,Price Chg%,,,,,,,
D:\My-data\Share_P&L\Ichart Data\Screenshot\August26\2026-08-17\Support_Resistance_25AUG26_Scan_17_8_2026_093840.xlsx,True,112,Symbol,,,,,,,Price,,,Price Chg%,,,,,,,
D:\My-data\Share_P&L\Ichart Data\Screenshot\August26\2026-08-17\Support_Resistance_25AUG26_Scan_17_8_2026_094349.xlsx,True,112,Symbol,,,,,,,Price,,,Price Chg%,,,,,,,
D:\My-data\Share_P&L\Ichart Data\Screenshot\August26\2026-08-17\Support_Resistance_25AUG26_Scan_17_8_2026_094859.xlsx,True,114,Symbol,,,,,,,Price,,,Price Chg%,,,,,,,
D:\My-data\Share_P&L\Ichart Data\Screenshot\August26\2026-08-17\Support_Resistance_25AUG26_Scan_17_8_2026_095409.xlsx,True,112,Symbol,,,,,,,Price,,,Price Chg%,,,,,,,
D:\My-data\Share_P&L\Ichart Data\Screenshot\August26\2026-08-17\Support_Resistance_25AUG26_Scan_17_8_2026_095919.xlsx,True,111,Symbol,,,,,,,Price,,,Price Chg%,,,,,,,
D:\My-data\Share_P&L\Ichart Data\Screenshot\August26\2026-08-17\VolumeAndOISpikesScans_25AUG26_Report_17_8_2026.xlsx,True,217,Symbol,,,,,,,Price,,,Price chg (%),OI chg (%),,,,,Volume Chg (%),
D:\My-data\Share_P&L\Ichart Data\Screenshot\August26\2026-08-17\VolumeAndOISpikesScans_25AUG26_Report_17_8_2026_093831.xlsx,True,217,Symbol,,,,,,,Price,,,Price chg (%),OI chg (%),,,,,Volume Chg (%),
D:\My-data\Share_P&L\Ichart Data\Screenshot\August26\2026-08-17\VolumeAndOISpikesScans_25AUG26_Report_17_8_2026_094338.xlsx,True,217,Symbol,,,,,,,Price,,,Price chg (%),OI chg (%),,,,,Volume Chg (%),
D:\My-data\Share_P&L\Ichart Data\Screenshot\August26\2026-08-17\VolumeAndOISpikesScans_25AUG26_Report_17_8_2026_094844.xlsx,True,217,Symbol,,,,,,,Price,,,Price chg (%),OI chg (%),,,,,Volume Chg (%),
D:\My-data\Share_P&L\Ichart Data\Screenshot\August26\2026-08-17\VolumeAndOISpikesScans_25AUG26_Report_17_8_2026_095355.xlsx,True,217,Symbol,,,,,,,Price,,,Price chg (%),OI chg (%),,,,,Volume Chg (%),
D:\My-data\Share_P&L\Ichart Data\Screenshot\August26\2026-08-17\VolumeAndOISpikesScans_25AUG26_Report_17_8_2026_095903.xlsx,True,217,Symbol,,,,,,,Price,,,Price chg (%),OI chg (%),,,,,Volume Chg (%),
D:\My-data\Share_P&L\Ichart Data\Screenshot\August26\2026-08-18\Daywise_Price_and_OI_Summary_25AUG26_Report_2026-08-18.xlsx,True,217,Symbol,,,Open,High,Low,Close,,ATM Straddle %,ATM Straddle %,Price Chg %,OI Chg %,PCR Chg %,Tot CE OI Chg %,Tot PE OI Chg %,Tot PE-CE OI Chg,,
D:\My-data\Share_P&L\Ichart Data\Screenshot\August26\2026-08-18\Daywise_Price_and_OI_Summary_25AUG26_Report_2026-08-18_092516.xlsx,True,217,Symbol,,,Open,High,Low,Close,,ATM Straddle %,ATM Straddle %,Price Chg %,OI Chg %,PCR Chg %,Tot CE OI Chg %,Tot PE OI Chg %,Tot PE-CE OI Chg,,
D:\My-data\Share_P&L\Ichart Data\Screenshot\August26\2026-08-18\Daywise_Price_and_OI_Summary_25AUG26_Report_2026-08-18_093023.xlsx,True,217,Symbol,,,Open,High,Low,Close,,ATM Straddle %,ATM Straddle %,Price Chg %,OI Chg %,PCR Chg %,Tot CE OI Chg %,Tot PE OI Chg %,Tot PE-CE OI Chg,,
D:\My-data\Share_P&L\Ichart Data\Screenshot\August26\2026-08-18\Daywise_Price_and_OI_Summary_25AUG26_Report_2026-08-18_093536.xlsx,True,217,Symbol,,,Open,High,Low,Close,,ATM Straddle %,ATM Straddle %,Price Chg %,OI Chg %,PCR Chg %,Tot CE OI Chg %,Tot PE OI Chg %,Tot PE-CE OI Chg,,
D:\My-data\Share_P&L\Ichart Data\Screenshot\August26\2026-08-18\Daywise_Price_and_OI_Summary_25AUG26_Report_2026-08-18_094044.xlsx,True,217,Symbol,,,Open,High,Low,Close,,ATM Straddle %,ATM Straddle %,Price Chg %,OI Chg %,PCR Chg %,Tot CE OI Chg %,Tot PE OI Chg %,Tot PE-CE OI Chg,,
D:\My-data\Share_P&L\Ichart Data\Screenshot\August26\2026-08-18\Daywise_Price_and_OI_Summary_25AUG26_Report_2026-08-18_094552.xlsx,True,217,Symbol,,,Open,High,Low,Close,,ATM Straddle %,ATM Straddle %,Price Chg %,OI Chg %,PCR Chg %,Tot CE OI Chg %,Tot PE OI Chg %,Tot PE-CE OI Chg,,
D:\My-data\Share_P&L\Ichart Data\Screenshot\August26\2026-08-18\Daywise_Price_and_OI_Summary_25AUG26_Report_2026-08-18_095059.xlsx,True,217,Symbol,,,Open,High,Low,Close,,ATM Straddle %,ATM Straddle %,Price Chg %,OI Chg %,PCR Chg %,Tot CE OI Chg %,Tot PE OI Chg %,Tot PE-CE OI Chg,,
D:\My-data\Share_P&L\Ichart Data\Screenshot\August26\2026-08-18\Daywise_Price_and_OI_Summary_25AUG26_Report_2026-08-18_095607.xlsx,True,217,Symbol,,,Open,High,Low,Close,,ATM Straddle %,ATM Straddle %,Price Chg %,OI Chg %,PCR Chg %,Tot CE OI Chg %,Tot PE OI Chg %,Tot PE-CE OI Chg,,
D:\My-data\Share_P&L\Ichart Data\Screenshot\August26\2026-08-18\Daywise_Price_and_OI_Summary_25AUG26_Report_2026-08-18_100115.xlsx,True,217,Symbol,,,Open,High,Low,Close,,ATM Straddle %,ATM Straddle %,Price Chg %,OI Chg %,PCR Chg %,Tot CE OI Chg %,Tot PE OI Chg %,Tot PE-CE OI Chg,,
D:\My-data\Share_P&L\Ichart Data\Screenshot\August26\2026-08-18\Daywise_Price_and_OI_Summary_25AUG26_Report_2026-08-18_101122.xlsx,True,217,Symbol,,,Open,High,Low,Close,,ATM Straddle %,ATM Straddle %,Price Chg %,OI Chg %,PCR Chg %,Tot CE OI Chg %,Tot PE OI Chg %,Tot PE-CE OI Chg,,
D:\My-data\Share_P&L\Ichart Data\Screenshot\August26\2026-08-18\Daywise_Price_and_OI_Summary_25AUG26_Report_2026-08-18_101630.xlsx,True,217,Symbol,,,Open,High,Low,Close,,ATM Straddle %,ATM Straddle %,Price Chg %,OI Chg %,PCR Chg %,Tot CE OI Chg %,Tot PE OI Chg %,Tot PE-CE OI Chg,,
D:\My-data\Share_P&L\Ichart Data\Screenshot\August26\2026-08-18\Daywise_Price_and_OI_Summary_25AUG26_Report_2026-08-18_102137.xlsx,True,217,Symbol,,,Open,High,Low,Close,,ATM Straddle %,ATM Straddle %,Price Chg %,OI Chg %,PCR Chg %,Tot CE OI Chg %,Tot PE OI Chg %,Tot PE-CE OI Chg,,
D:\My-data\Share_P&L\Ichart Data\Screenshot\August26\2026-08-18\Daywise_Price_and_OI_Summary_25AUG26_Report_2026-08-18_102645.xlsx,True,217,Symbol,,,Open,High,Low,Close,,ATM Straddle %,ATM Straddle %,Price Chg %,OI Chg %,PCR Chg %,Tot CE OI Chg %,Tot PE OI Chg %,Tot PE-CE OI Chg,,
D:\My-data\Share_P&L\Ichart Data\Screenshot\August26\2026-08-18\Daywise_Price_and_OI_Summary_25AUG26_Report_2026-08-18_103152.xlsx,True,217,Symbol,,,Open,High,Low,Close,,ATM Straddle %,ATM Straddle %,Price Chg %,OI Chg %,PCR Chg %,Tot CE OI Chg %,Tot PE OI Chg %,Tot PE-CE OI Chg,,
D:\My-data\Share_P&L\Ichart Data\Screenshot\August26\2026-08-18\Daywise_Price_and_OI_Summary_25AUG26_Report_2026-08-18_103700.xlsx,True,217,Symbol,,,Open,High,Low,Close,,ATM Straddle %,ATM Straddle %,Price Chg %,OI Chg %,PCR Chg %,Tot CE OI Chg %,Tot PE OI Chg %,Tot PE-CE OI Chg,,
D:\My-data\Share_P&L\Ichart Data\Screenshot\August26\2026-08-18\Daywise_Price_and_OI_Summary_25AUG26_Report_2026-08-18_104207.xlsx,True,217,Symbol,,,Open,High,Low,Close,,ATM Straddle %,ATM Straddle %,Price Chg %,OI Chg %,PCR Chg %,Tot CE OI Chg %,Tot PE OI Chg %,Tot PE-CE OI Chg,,
D:\My-data\Share_P&L\Ichart Data\Screenshot\August26\2026-08-18\Daywise_Price_and_OI_Summary_25AUG26_Report_2026-08-18_104714.xlsx,True,217,Symbol,,,Open,High,Low,Close,,ATM Straddle %,ATM Straddle %,Price Chg %,OI Chg %,PCR Chg %,Tot CE OI Chg %,Tot PE OI Chg %,Tot PE-CE OI Chg,,
D:\My-data\Share_P&L\Ichart Data\Screenshot\August26\2026-08-18\IVR-IVP_25AUG26_Report_2026-08-18.xlsx,True,214,,,,,,,,,,,,,,,,,,
D:\My-data\Share_P&L\Ichart Data\Screenshot\August26\2026-08-18\IVR-IVP_25AUG26_Report_2026-08-18_092523.xlsx,True,215,,,,,,,,,,,,,,,,,,
D:\My-data\Share_P&L\Ichart Data\Screenshot\August26\2026-08-18\IVR-IVP_25AUG26_Report_2026-08-18_093031.xlsx,True,215,,,,,,,,,,,,,,,,,,
D:\My-data\Share_P&L\Ichart Data\Screenshot\August26\2026-08-18\IVR-IVP_25AUG26_Report_2026-08-18_093544.xlsx,True,215,,,,,,,,,,,,,,,,,,
D:\My-data\Share_P&L\Ichart Data\Screenshot\August26\2026-08-18\IVR-IVP_25AUG26_Report_2026-08-18_094052.xlsx,True,215,,,,,,,,,,,,,,,,,,
D:\My-data\Share_P&L\Ichart Data\Screenshot\August26\2026-08-18\IVR-IVP_25AUG26_Report_2026-08-18_094559.xlsx,True,215,,,,,,,,,,,,,,,,,,
D:\My-data\Share_P&L\Ichart Data\Screenshot\August26\2026-08-18\IVR-IVP_25AUG26_Report_2026-08-18_095107.xlsx,True,215,,,,,,,,,,,,,,,,,,
D:\My-data\Share_P&L\Ichart Data\Screenshot\August26\2026-08-18\IVR-IVP_25AUG26_Report_2026-08-18_095615.xlsx,True,215,,,,,,,,,,,,,,,,,,
D:\My-data\Share_P&L\Ichart Data\Screenshot\August26\2026-08-18\IVR-IVP_25AUG26_Report_2026-08-18_100122.xlsx,True,215,,,,,,,,,,,,,,,,,,
D:\My-data\Share_P&L\Ichart Data\Screenshot\August26\2026-08-18\IVR-IVP_25AUG26_Report_2026-08-18_101130.xlsx,True,215,,,,,,,,,,,,,,,,,,
D:\My-data\Share_P&L\Ichart Data\Screenshot\August26\2026-08-18\IVR-IVP_25AUG26_Report_2026-08-18_101638.xlsx,True,215,,,,,,,,,,,,,,,,,,
D:\My-data\Share_P&L\Ichart Data\Screenshot\August26\2026-08-18\IVR-IVP_25AUG26_Report_2026-08-18_102145.xlsx,True,215,,,,,,,,,,,,,,,,,,
D:\My-data\Share_P&L\Ichart Data\Screenshot\August26\2026-08-18\IVR-IVP_25AUG26_Report_2026-08-18_102652.xlsx,True,215,,,,,,,,,,,,,,,,,,
D:\My-data\Share_P&L\Ichart Data\Screenshot\August26\2026-08-18\IVR-IVP_25AUG26_Report_2026-08-18_103200.xlsx,True,215,,,,,,,,,,,,,,,,,,
D:\My-data\Share_P&L\Ichart Data\Screenshot\August26\2026-08-18\IVR-IVP_25AUG26_Report_2026-08-18_103707.xlsx,True,215,,,,,,,,,,,,,,,,,,
D:\My-data\Share_P&L\Ichart Data\Screenshot\August26\2026-08-18\IVR-IVP_25AUG26_Report_2026-08-18_104215.xlsx,True,215,,,,,,,,,,,,,,,,,,
D:\My-data\Share_P&L\Ichart Data\Screenshot\August26\2026-08-18\IVR-IVP_25AUG26_Report_2026-08-18_104722.xlsx,True,215,,,,,,,,,,,,,,,,,,
D:\My-data\Share_P&L\Ichart Data\Screenshot\August26\2026-08-18\Resistance_Resistance_25AUG26_Scan_18_8_2026.xlsx,True,89,Symbol,,,,,,,Price,,,Price Chg%,,,,,,,
D:\My-data\Share_P&L\Ichart Data\Screenshot\August26\2026-08-18\Resistance_Resistance_25AUG26_Scan_18_8_2026_092555.xlsx,True,86,Symbol,,,,,,,Price,,,Price Chg%,,,,,,,
D:\My-data\Share_P&L\Ichart Data\Screenshot\August26\2026-08-18\Resistance_Resistance_25AUG26_Scan_18_8_2026_093104.xlsx,True,88,Symbol,,,,,,,Price,,,Price Chg%,,,,,,,
D:\My-data\Share_P&L\Ichart Data\Screenshot\August26\2026-08-18\Resistance_Resistance_25AUG26_Scan_18_8_2026_093615.xlsx,True,84,Symbol,,,,,,,Price,,,Price Chg%,,,,,,,
D:\My-data\Share_P&L\Ichart Data\Screenshot\August26\2026-08-18\Resistance_Resistance_25AUG26_Scan_18_8_2026_094124.xlsx,True,88,Symbol,,,,,,,Price,,,Price Chg%,,,,,,,
D:\My-data\Share_P&L\Ichart Data\Screenshot\August26\2026-08-18\Resistance_Resistance_25AUG26_Scan_18_8_2026_094633.xlsx,True,85,Symbol,,,,,,,Price,,,Price Chg%,,,,,,,
D:\My-data\Share_P&L\Ichart Data\Screenshot\August26\2026-08-18\Resistance_Resistance_25AUG26_Scan_18_8_2026_095142.xlsx,True,85,Symbol,,,,,,,Price,,,Price Chg%,,,,,,,
D:\My-data\Share_P&L\Ichart Data\Screenshot\August26\2026-08-18\Resistance_Resistance_25AUG26_Scan_18_8_2026_095651.xlsx,True,83,Symbol,,,,,,,Price,,,Price Chg%,,,,,,,
D:\My-data\Share_P&L\Ichart Data\Screenshot\August26\2026-08-18\Resistance_Resistance_25AUG26_Scan_18_8_2026_100201.xlsx,True,87,Symbol,,,,,,,Price,,,Price Chg%,,,,,,,
D:\My-data\Share_P&L\Ichart Data\Screenshot\August26\2026-08-18\Resistance_Resistance_25AUG26_Scan_18_8_2026_101210.xlsx,True,90,Symbol,,,,,,,Price,,,Price Chg%,,,,,,,
D:\My-data\Share_P&L\Ichart Data\Screenshot\August26\2026-08-18\Resistance_Resistance_25AUG26_Scan_18_8_2026_101719.xlsx,True,90,Symbol,,,,,,,Price,,,Price Chg%,,,,,,,
D:\My-data\Share_P&L\Ichart Data\Screenshot\August26\2026-08-18\Resistance_Resistance_25AUG26_Scan_18_8_2026_102229.xlsx,True,91,Symbol,,,,,,,Price,,,Price Chg%,,,,,,,
D:\My-data\Share_P&L\Ichart Data\Screenshot\August26\2026-08-18\Resistance_Resistance_25AUG26_Scan_18_8_2026_102738.xlsx,True,91,Symbol,,,,,,,Price,,,Price Chg%,,,,,,,
D:\My-data\Share_P&L\Ichart Data\Screenshot\August26\2026-08-18\Resistance_Resistance_25AUG26_Scan_18_8_2026_103248.xlsx,True,94,Symbol,,,,,,,Price,,,Price Chg%,,,,,,,
D:\My-data\Share_P&L\Ichart Data\Screenshot\August26\2026-08-18\Resistance_Resistance_25AUG26_Scan_18_8_2026_103757.xlsx,True,94,Symbol,,,,,,,Price,,,Price Chg%,,,,,,,
D:\My-data\Share_P&L\Ichart Data\Screenshot\August26\2026-08-18\Resistance_Resistance_25AUG26_Scan_18_8_2026_104306.xlsx,True,95,Symbol,,,,,,,Price,,,Price Chg%,,,,,,,
D:\My-data\Share_P&L\Ichart Data\Screenshot\August26\2026-08-18\Resistance_Resistance_25AUG26_Scan_18_8_2026_104815.xlsx,True,93,Symbol,,,,,,,Price,,,Price Chg%,,,,,,,
D:\My-data\Share_P&L\Ichart Data\Screenshot\August26\2026-08-18\Sector_Summary_25AUG26_Report_18_8_2026.xlsx,True,49,,,,,,,,,,,Price chg (%),OI chg (%),,,,,Volume chg (%),Buildup
D:\My-data\Share_P&L\Ichart Data\Screenshot\August26\2026-08-18\Sector_Summary_25AUG26_Report_18_8_2026_093528.xlsx,True,49,,,,,,,,,,,Price chg (%),OI chg (%),,,,,Volume chg (%),Buildup
D:\My-data\Share_P&L\Ichart Data\Screenshot\August26\2026-08-18\Sector_Summary_25AUG26_Report_18_8_2026_095034.xlsx,True,49,,,,,,,,,,,Price chg (%),OI chg (%),,,,,Volume chg (%),Buildup
D:\My-data\Share_P&L\Ichart Data\Screenshot\August26\2026-08-18\Sector_Summary_25AUG26_Report_18_8_2026_102041.xlsx,True,49,,,,,,,,,,,Price chg (%),OI chg (%),,,,,Volume chg (%),Buildup
D:\My-data\Share_P&L\Ichart Data\Screenshot\August26\2026-08-18\Sector_Summary_25AUG26_Report_18_8_2026_103547.xlsx,True,48,,,,,,,,,,,Price chg (%),OI chg (%),,,,,Volume chg (%),Buildup
D:\My-data\Share_P&L\Ichart Data\Screenshot\August26\2026-08-18\Sector_Summary_25AUG26_Report_18_8_2026_105053.xlsx,True,49,,,,,,,,,,,Price chg (%),OI chg (%),,,,,Volume chg (%),Buildup
D:\My-data\Share_P&L\Ichart Data\Screenshot\August26\2026-08-18\Support_Resistance_25AUG26_Scan_18_8_2026.xlsx,True,118,Symbol,,,,,,,Price,,,Price Chg%,,,,,,,
D:\My-data\Share_P&L\Ichart Data\Screenshot\August26\2026-08-18\Support_Resistance_25AUG26_Scan_18_8_2026_092546.xlsx,True,126,Symbol,,,,,,,Price,,,Price Chg%,,,,,,,
D:\My-data\Share_P&L\Ichart Data\Screenshot\August26\2026-08-18\Support_Resistance_25AUG26_Scan_18_8_2026_093055.xlsx,True,124,Symbol,,,,,,,Price,,,Price Chg%,,,,,,,
D:\My-data\Share_P&L\Ichart Data\Screenshot\August26\2026-08-18\Support_Resistance_25AUG26_Scan_18_8_2026_093604.xlsx,True,123,Symbol,,,,,,,Price,,,Price Chg%,,,,,,,
D:\My-data\Share_P&L\Ichart Data\Screenshot\August26\2026-08-18\Support_Resistance_25AUG26_Scan_18_8_2026_094113.xlsx,True,126,Symbol,,,,,,,Price,,,Price Chg%,,,,,,,
D:\My-data\Share_P&L\Ichart Data\Screenshot\August26\2026-08-18\Support_Resistance_25AUG26_Scan_18_8_2026_094623.xlsx,True,125,Symbol,,,,,,,Price,,,Price Chg%,,,,,,,
D:\My-data\Share_P&L\Ichart Data\Screenshot\August26\2026-08-18\Support_Resistance_25AUG26_Scan_18_8_2026_095132.xlsx,True,123,Symbol,,,,,,,Price,,,Price Chg%,,,,,,,
D:\My-data\Share_P&L\Ichart Data\Screenshot\August26\2026-08-18\Support_Resistance_25AUG26_Scan_18_8_2026_095641.xlsx,True,120,Symbol,,,,,,,Price,,,Price Chg%,,,,,,,
D:\My-data\Share_P&L\Ichart Data\Screenshot\August26\2026-08-18\Support_Resistance_25AUG26_Scan_18_8_2026_100150.xlsx,True,121,Symbol,,,,,,,Price,,,Price Chg%,,,,,,,
D:\My-data\Share_P&L\Ichart Data\Screenshot\August26\2026-08-18\Support_Resistance_25AUG26_Scan_18_8_2026_101200.xlsx,True,122,Symbol,,,,,,,Price,,,Price Chg%,,,,,,,
D:\My-data\Share_P&L\Ichart Data\Screenshot\August26\2026-08-18\Support_Resistance_25AUG26_Scan_18_8_2026_101709.xlsx,True,121,Symbol,,,,,,,Price,,,Price Chg%,,,,,,,
D:\My-data\Share_P&L\Ichart Data\Screenshot\August26\2026-08-18\Support_Resistance_25AUG26_Scan_18_8_2026_102219.xlsx,True,122,Symbol,,,,,,,Price,,,Price Chg%,,,,,,,
D:\My-data\Share_P&L\Ichart Data\Screenshot\August26\2026-08-18\Support_Resistance_25AUG26_Scan_18_8_2026_102728.xlsx,True,118,Symbol,,,,,,,Price,,,Price Chg%,,,,,,,
D:\My-data\Share_P&L\Ichart Data\Screenshot\August26\2026-08-18\Support_Resistance_25AUG26_Scan_18_8_2026_103238.xlsx,True,117,Symbol,,,,,,,Price,,,Price Chg%,,,,,,,
D:\My-data\Share_P&L\Ichart Data\Screenshot\August26\2026-08-18\Support_Resistance_25AUG26_Scan_18_8_2026_103747.xlsx,True,115,Symbol,,,,,,,Price,,,Price Chg%,,,,,,,
D:\My-data\Share_P&L\Ichart Data\Screenshot\August26\2026-08-18\Support_Resistance_25AUG26_Scan_18_8_2026_104257.xlsx,True,116,Symbol,,,,,,,Price,,,Price Chg%,,,,,,,
D:\My-data\Share_P&L\Ichart Data\Screenshot\August26\2026-08-18\Support_Resistance_25AUG26_Scan_18_8_2026_104806.xlsx,True,118,Symbol,,,,,,,Price,,,Price Chg%,,,,,,,
D:\My-data\Share_P&L\Ichart Data\Screenshot\August26\2026-08-18\VolumeAndOISpikesScans_25AUG26_Report_18_8_2026.xlsx,True,217,Symbol,,,,,,,Price,,,Price chg (%),OI chg (%),,,,,Volume Chg (%),
D:\My-data\Share_P&L\Ichart Data\Screenshot\August26\2026-08-18\VolumeAndOISpikesScans_25AUG26_Report_18_8_2026_092534.xlsx,True,217,Symbol,,,,,,,Price,,,Price chg (%),OI chg (%),,,,,Volume Chg (%),
D:\My-data\Share_P&L\Ichart Data\Screenshot\August26\2026-08-18\VolumeAndOISpikesScans_25AUG26_Report_18_8_2026_093040.xlsx,True,217,Symbol,,,,,,,Price,,,Price chg (%),OI chg (%),,,,,Volume Chg (%),
D:\My-data\Share_P&L\Ichart Data\Screenshot\August26\2026-08-18\VolumeAndOISpikesScans_25AUG26_Report_18_8_2026_093551.xlsx,True,217,Symbol,,,,,,,Price,,,Price chg (%),OI chg (%),,,,,Volume Chg (%),
D:\My-data\Share_P&L\Ichart Data\Screenshot\August26\2026-08-18\VolumeAndOISpikesScans_25AUG26_Report_18_8_2026_094058.xlsx,True,217,Symbol,,,,,,,Price,,,Price chg (%),OI chg (%),,,,,Volume Chg (%),
D:\My-data\Share_P&L\Ichart Data\Screenshot\August26\2026-08-18\VolumeAndOISpikesScans_25AUG26_Report_18_8_2026_094608.xlsx,True,217,Symbol,,,,,,,Price,,,Price chg (%),OI chg (%),,,,,Volume Chg (%),
D:\My-data\Share_P&L\Ichart Data\Screenshot\August26\2026-08-18\VolumeAndOISpikesScans_25AUG26_Report_18_8_2026_095114.xlsx,True,217,Symbol,,,,,,,Price,,,Price chg (%),OI chg (%),,,,,Volume Chg (%),
D:\My-data\Share_P&L\Ichart Data\Screenshot\August26\2026-08-18\VolumeAndOISpikesScans_25AUG26_Report_18_8_2026_095621.xlsx,True,217,Symbol,,,,,,,Price,,,Price chg (%),OI chg (%),,,,,Volume Chg (%),
D:\My-data\Share_P&L\Ichart Data\Screenshot\August26\2026-08-18\VolumeAndOISpikesScans_25AUG26_Report_18_8_2026_100129.xlsx,True,217,Symbol,,,,,,,Price,,,Price chg (%),OI chg (%),,,,,Volume Chg (%),
D:\My-data\Share_P&L\Ichart Data\Screenshot\August26\2026-08-18\VolumeAndOISpikesScans_25AUG26_Report_18_8_2026_101137.xlsx,True,217,Symbol,,,,,,,Price,,,Price chg (%),OI chg (%),,,,,Volume Chg (%),
D:\My-data\Share_P&L\Ichart Data\Screenshot\August26\2026-08-18\VolumeAndOISpikesScans_25AUG26_Report_18_8_2026_101644.xlsx,True,217,Symbol,,,,,,,Price,,,Price chg (%),OI chg (%),,,,,Volume Chg (%),
D:\My-data\Share_P&L\Ichart Data\Screenshot\August26\2026-08-18\VolumeAndOISpikesScans_25AUG26_Report_18_8_2026_102152.xlsx,True,217,Symbol,,,,,,,Price,,,Price chg (%),OI chg (%),,,,,Volume Chg (%),
D:\My-data\Share_P&L\Ichart Data\Screenshot\August26\2026-08-18\VolumeAndOISpikesScans_25AUG26_Report_18_8_2026_102659.xlsx,True,217,Symbol,,,,,,,Price,,,Price chg (%),OI chg (%),,,,,Volume Chg (%),
D:\My-data\Share_P&L\Ichart Data\Screenshot\August26\2026-08-18\VolumeAndOISpikesScans_25AUG26_Report_18_8_2026_103206.xlsx,True,217,Symbol,,,,,,,Price,,,Price chg (%),OI chg (%),,,,,Volume Chg (%),
D:\My-data\Share_P&L\Ichart Data\Screenshot\August26\2026-08-18\VolumeAndOISpikesScans_25AUG26_Report_18_8_2026_103714.xlsx,True,217,Symbol,,,,,,,Price,,,Price chg (%),OI chg (%),,,,,Volume Chg (%),
D:\My-data\Share_P&L\Ichart Data\Screenshot\August26\2026-08-18\VolumeAndOISpikesScans_25AUG26_Report_18_8_2026_104221.xlsx,True,217,Symbol,,,,,,,Price,,,Price chg (%),OI chg (%),,,,,Volume Chg (%),
D:\My-data\Share_P&L\Ichart Data\Screenshot\August26\2026-08-18\VolumeAndOISpikesScans_25AUG26_Report_18_8_2026_104728.xlsx,True,217,Symbol,,,,,,,Price,,,Price chg (%),OI chg (%),,,,,Volume Chg (%),
D:\My-data\Share_P&L\Ichart Data\Screenshot\August26\2026-08-19\Daywise_Price_and_OI_Summary_25AUG26_Report_2026-08-19.xlsx,True,217,Symbol,,,Open,High,Low,Close,,ATM Straddle %,ATM Straddle %,Price Chg %,OI Chg %,PCR Chg %,Tot CE OI Chg %,Tot PE OI Chg %,Tot PE-CE OI Chg,,
D:\My-data\Share_P&L\Ichart Data\Screenshot\August26\2026-08-19\Daywise_Price_and_OI_Summary_25AUG26_Report_2026-08-19_092517.xlsx,True,217,Symbol,,,Open,High,Low,Close,,ATM Straddle %,ATM Straddle %,Price Chg %,OI Chg %,PCR Chg %,Tot CE OI Chg %,Tot PE OI Chg %,Tot PE-CE OI Chg,,
D:\My-data\Share_P&L\Ichart Data\Screenshot\August26\2026-08-19\Daywise_Price_and_OI_Summary_25AUG26_Report_2026-08-19_093025.xlsx,True,217,Symbol,,,Open,High,Low,Close,,ATM Straddle %,ATM Straddle %,Price Chg %,OI Chg %,PCR Chg %,Tot CE OI Chg %,Tot PE OI Chg %,Tot PE-CE OI Chg,,
D:\My-data\Share_P&L\Ichart Data\Screenshot\August26\2026-08-19\Daywise_Price_and_OI_Summary_25AUG26_Report_2026-08-19_093539.xlsx,True,217,Symbol,,,Open,High,Low,Close,,ATM Straddle %,ATM Straddle %,Price Chg %,OI Chg %,PCR Chg %,Tot CE OI Chg %,Tot PE OI Chg %,Tot PE-CE OI Chg,,
D:\My-data\Share_P&L\Ichart Data\Screenshot\August26\2026-08-19\Daywise_Price_and_OI_Summary_25AUG26_Report_2026-08-19_094046.xlsx,True,217,Symbol,,,Open,High,Low,Close,,ATM Straddle %,ATM Straddle %,Price Chg %,OI Chg %,PCR Chg %,Tot CE OI Chg %,Tot PE OI Chg %,Tot PE-CE OI Chg,,
D:\My-data\Share_P&L\Ichart Data\Screenshot\August26\2026-08-19\Daywise_Price_and_OI_Summary_25AUG26_Report_2026-08-19_094555.xlsx,True,217,Symbol,,,Open,High,Low,Close,,ATM Straddle %,ATM Straddle %,Price Chg %,OI Chg %,PCR Chg %,Tot CE OI Chg %,Tot PE OI Chg %,Tot PE-CE OI Chg,,
D:\My-data\Share_P&L\Ichart Data\Screenshot\August26\2026-08-19\Daywise_Price_and_OI_Summary_25AUG26_Report_2026-08-19_095103.xlsx,True,217,Symbol,,,Open,High,Low,Close,,ATM Straddle %,ATM Straddle %,Price Chg %,OI Chg %,PCR Chg %,Tot CE OI Chg %,Tot PE OI Chg %,Tot PE-CE OI Chg,,
D:\My-data\Share_P&L\Ichart Data\Screenshot\August26\2026-08-19\Daywise_Price_and_OI_Summary_25AUG26_Report_2026-08-19_095611.xlsx,True,217,Symbol,,,Open,High,Low,Close,,ATM Straddle %,ATM Straddle %,Price Chg %,OI Chg %,PCR Chg %,Tot CE OI Chg %,Tot PE OI Chg %,Tot PE-CE OI Chg,,
D:\My-data\Share_P&L\Ichart Data\Screenshot\August26\2026-08-19\Daywise_Price_and_OI_Summary_25AUG26_Report_2026-08-19_100120.xlsx,True,217,Symbol,,,Open,High,Low,Close,,ATM Straddle %,ATM Straddle %,Price Chg %,OI Chg %,PCR Chg %,Tot CE OI Chg %,Tot PE OI Chg %,Tot PE-CE OI Chg,,
D:\My-data\Share_P&L\Ichart Data\Screenshot\August26\2026-08-19\Daywise_Price_and_OI_Summary_25AUG26_Report_2026-08-19_100628.xlsx,True,217,Symbol,,,Open,High,Low,Close,,ATM Straddle %,ATM Straddle %,Price Chg %,OI Chg %,PCR Chg %,Tot CE OI Chg %,Tot PE OI Chg %,Tot PE-CE OI Chg,,
D:\My-data\Share_P&L\Ichart Data\Screenshot\August26\2026-08-19\Daywise_Price_and_OI_Summary_25AUG26_Report_2026-08-19_101135.xlsx,True,217,Symbol,,,Open,High,Low,Close,,ATM Straddle %,ATM Straddle %,Price Chg %,OI Chg %,PCR Chg %,Tot CE OI Chg %,Tot PE OI Chg %,Tot PE-CE OI Chg,,
D:\My-data\Share_P&L\Ichart Data\Screenshot\August26\2026-08-19\Daywise_Price_and_OI_Summary_25AUG26_Report_2026-08-19_101644.xlsx,True,217,Symbol,,,Open,High,Low,Close,,ATM Straddle %,ATM Straddle %,Price Chg %,OI Chg %,PCR Chg %,Tot CE OI Chg %,Tot PE OI Chg %,Tot PE-CE OI Chg,,
D:\My-data\Share_P&L\Ichart Data\Screenshot\August26\2026-08-19\Daywise_Price_and_OI_Summary_25AUG26_Report_2026-08-19_102152.xlsx,True,217,Symbol,,,Open,High,Low,Close,,ATM Straddle %,ATM Straddle %,Price Chg %,OI Chg %,PCR Chg %,Tot CE OI Chg %,Tot PE OI Chg %,Tot PE-CE OI Chg,,
D:\My-data\Share_P&L\Ichart Data\Screenshot\August26\2026-08-19\Daywise_Price_and_OI_Summary_25AUG26_Report_2026-08-19_102703.xlsx,True,217,Symbol,,,Open,High,Low,Close,,ATM Straddle %,ATM Straddle %,Price Chg %,OI Chg %,PCR Chg %,Tot CE OI Chg %,Tot PE OI Chg %,Tot PE-CE OI Chg,,
D:\My-data\Share_P&L\Ichart Data\Screenshot\August26\2026-08-19\Daywise_Price_and_OI_Summary_25AUG26_Report_2026-08-19_103216.xlsx,True,217,Symbol,,,Open,High,Low,Close,,ATM Straddle %,ATM Straddle %,Price Chg %,OI Chg %,PCR Chg %,Tot CE OI Chg %,Tot PE OI Chg %,Tot PE-CE OI Chg,,
D:\My-data\Share_P&L\Ichart Data\Screenshot\August26\2026-08-19\Daywise_Price_and_OI_Summary_25AUG26_Report_2026-08-19_103723.xlsx,True,217,Symbol,,,Open,High,Low,Close,,ATM Straddle %,ATM Straddle %,Price Chg %,OI Chg %,PCR Chg %,Tot CE OI Chg %,Tot PE OI Chg %,Tot PE-CE OI Chg,,
D:\My-data\Share_P&L\Ichart Data\Screenshot\August26\2026-08-19\Daywise_Price_and_OI_Summary_25AUG26_Report_2026-08-19_104233.xlsx,True,217,Symbol,,,Open,High,Low,Close,,ATM Straddle %,ATM Straddle %,Price Chg %,OI Chg %,PCR Chg %,Tot CE OI Chg %,Tot PE OI Chg %,Tot PE-CE OI Chg,,
D:\My-data\Share_P&L\Ichart Data\Screenshot\August26\2026-08-19\Daywise_Price_and_OI_Summary_25AUG26_Report_2026-08-19_104742.xlsx,True,217,Symbol,,,Open,High,Low,Close,,ATM Straddle %,ATM Straddle %,Price Chg %,OI Chg %,PCR Chg %,Tot CE OI Chg %,Tot PE OI Chg %,Tot PE-CE OI Chg,,
D:\My-data\Share_P&L\Ichart Data\Screenshot\August26\2026-08-19\Daywise_Price_and_OI_Summary_25AUG26_Report_2026-08-19_105250.xlsx,True,217,Symbol,,,Open,High,Low,Close,,ATM Straddle %,ATM Straddle %,Price Chg %,OI Chg %,PCR Chg %,Tot CE OI Chg %,Tot PE OI Chg %,Tot PE-CE OI Chg,,
D:\My-data\Share_P&L\Ichart Data\Screenshot\August26\2026-08-19\Daywise_Price_and_OI_Summary_25AUG26_Report_2026-08-19_105759.xlsx,True,217,Symbol,,,Open,High,Low,Close,,ATM Straddle %,ATM Straddle %,Price Chg %,OI Chg %,PCR Chg %,Tot CE OI Chg %,Tot PE OI Chg %,Tot PE-CE OI Chg,,
D:\My-data\Share_P&L\Ichart Data\Screenshot\August26\2026-08-19\Daywise_Price_and_OI_Summary_25AUG26_Report_2026-08-19_110308.xlsx,True,217,Symbol,,,Open,High,Low,Close,,ATM Straddle %,ATM Straddle %,Price Chg %,OI Chg %,PCR Chg %,Tot CE OI Chg %,Tot PE OI Chg %,Tot PE-CE OI Chg,,
D:\My-data\Share_P&L\Ichart Data\Screenshot\August26\2026-08-19\Daywise_Price_and_OI_Summary_25AUG26_Report_2026-08-19_110816.xlsx,True,217,Symbol,,,Open,High,Low,Close,,ATM Straddle %,ATM Straddle %,Price Chg %,OI Chg %,PCR Chg %,Tot CE OI Chg %,Tot PE OI Chg %,Tot PE-CE OI Chg,,
D:\My-data\Share_P&L\Ichart Data\Screenshot\August26\2026-08-19\Daywise_Price_and_OI_Summary_25AUG26_Report_2026-08-19_111324.xlsx,True,217,Symbol,,,Open,High,Low,Close,,ATM Straddle %,ATM Straddle %,Price Chg %,OI Chg %,PCR Chg %,Tot CE OI Chg %,Tot PE OI Chg %,Tot PE-CE OI Chg,,
D:\My-data\Share_P&L\Ichart Data\Screenshot\August26\2026-08-19\Daywise_Price_and_OI_Summary_25AUG26_Report_2026-08-19_111833.xlsx,True,217,Symbol,,,Open,High,Low,Close,,ATM Straddle %,ATM Straddle %,Price Chg %,OI Chg %,PCR Chg %,Tot CE OI Chg %,Tot PE OI Chg %,Tot PE-CE OI Chg,,
D:\My-data\Share_P&L\Ichart Data\Screenshot\August26\2026-08-19\Daywise_Price_and_OI_Summary_25AUG26_Report_2026-08-19_112342.xlsx,True,217,Symbol,,,Open,High,Low,Close,,ATM Straddle %,ATM Straddle %,Price Chg %,OI Chg %,PCR Chg %,Tot CE OI Chg %,Tot PE OI Chg %,Tot PE-CE OI Chg,,
D:\My-data\Share_P&L\Ichart Data\Screenshot\August26\2026-08-19\Daywise_Price_and_OI_Summary_25AUG26_Report_2026-08-19_112850.xlsx,True,217,Symbol,,,Open,High,Low,Close,,ATM Straddle %,ATM Straddle %,Price Chg %,OI Chg %,PCR Chg %,Tot CE OI Chg %,Tot PE OI Chg %,Tot PE-CE OI Chg,,
D:\My-data\Share_P&L\Ichart Data\Screenshot\August26\2026-08-19\Daywise_Price_and_OI_Summary_25AUG26_Report_2026-08-19_123557.xlsx,True,217,Symbol,,,Open,High,Low,Close,,ATM Straddle %,ATM Straddle %,Price Chg %,OI Chg %,PCR Chg %,Tot CE OI Chg %,Tot PE OI Chg %,Tot PE-CE OI Chg,,
D:\My-data\Share_P&L\Ichart Data\Screenshot\August26\2026-08-19\Daywise_Price_and_OI_Summary_25AUG26_Report_2026-08-19_124105.xlsx,True,217,Symbol,,,Open,High,Low,Close,,ATM Straddle %,ATM Straddle %,Price Chg %,OI Chg %,PCR Chg %,Tot CE OI Chg %,Tot PE OI Chg %,Tot PE-CE OI Chg,,
D:\My-data\Share_P&L\Ichart Data\Screenshot\August26\2026-08-19\Daywise_Price_and_OI_Summary_25AUG26_Report_2026-08-19_124614.xlsx,True,217,Symbol,,,Open,High,Low,Close,,ATM Straddle %,ATM Straddle %,Price Chg %,OI Chg %,PCR Chg %,Tot CE OI Chg %,Tot PE OI Chg %,Tot PE-CE OI Chg,,
D:\My-data\Share_P&L\Ichart Data\Screenshot\August26\2026-08-19\Daywise_Price_and_OI_Summary_25AUG26_Report_2026-08-19_125129.xlsx,True,217,Symbol,,,Open,High,Low,Close,,ATM Straddle %,ATM Straddle %,Price Chg %,OI Chg %,PCR Chg %,Tot CE OI Chg %,Tot PE OI Chg %,Tot PE-CE OI Chg,,
D:\My-data\Share_P&L\Ichart Data\Screenshot\August26\2026-08-19\Daywise_Price_and_OI_Summary_25AUG26_Report_2026-08-19_125640.xlsx,True,217,Symbol,,,Open,High,Low,Close,,ATM Straddle %,ATM Straddle %,Price Chg %,OI Chg %,PCR Chg %,Tot CE OI Chg %,Tot PE OI Chg %,Tot PE-CE OI Chg,,
D:\My-data\Share_P&L\Ichart Data\Screenshot\August26\2026-08-19\Daywise_Price_and_OI_Summary_25AUG26_Report_2026-08-19_130148.xlsx,True,217,Symbol,,,Open,High,Low,Close,,ATM Straddle %,ATM Straddle %,Price Chg %,OI Chg %,PCR Chg %,Tot CE OI Chg %,Tot PE OI Chg %,Tot PE-CE OI Chg,,
D:\My-data\Share_P&L\Ichart Data\Screenshot\August26\2026-08-19\Daywise_Price_and_OI_Summary_25AUG26_Report_2026-08-19_130657.xlsx,True,217,Symbol,,,Open,High,Low,Close,,ATM Straddle %,ATM Straddle %,Price Chg %,OI Chg %,PCR Chg %,Tot CE OI Chg %,Tot PE OI Chg %,Tot PE-CE OI Chg,,
D:\My-data\Share_P&L\Ichart Data\Screenshot\August26\2026-08-19\Daywise_Price_and_OI_Summary_25AUG26_Report_2026-08-19_131206.xlsx,True,217,Symbol,,,Open,High,Low,Close,,ATM Straddle %,ATM Straddle %,Price Chg %,OI Chg %,PCR Chg %,Tot CE OI Chg %,Tot PE OI Chg %,Tot PE-CE OI Chg,,
D:\My-data\Share_P&L\Ichart Data\Screenshot\August26\2026-08-19\Daywise_Price_and_OI_Summary_25AUG26_Report_2026-08-19_131715.xlsx,True,217,Symbol,,,Open,High,Low,Close,,ATM Straddle %,ATM Straddle %,Price Chg %,OI Chg %,PCR Chg %,Tot CE OI Chg %,Tot PE OI Chg %,Tot PE-CE OI Chg,,
D:\My-data\Share_P&L\Ichart Data\Screenshot\August26\2026-08-19\Daywise_Price_and_OI_Summary_25AUG26_Report_2026-08-19_132224.xlsx,True,217,Symbol,,,Open,High,Low,Close,,ATM Straddle %,ATM Straddle %,Price Chg %,OI Chg %,PCR Chg %,Tot CE OI Chg %,Tot PE OI Chg %,Tot PE-CE OI Chg,,
D:\My-data\Share_P&L\Ichart Data\Screenshot\August26\2026-08-19\Daywise_Price_and_OI_Summary_25AUG26_Report_2026-08-19_132734.xlsx,True,217,Symbol,,,Open,High,Low,Close,,ATM Straddle %,ATM Straddle %,Price Chg %,OI Chg %,PCR Chg %,Tot CE OI Chg %,Tot PE OI Chg %,Tot PE-CE OI Chg,,
D:\My-data\Share_P&L\Ichart Data\Screenshot\August26\2026-08-19\Daywise_Price_and_OI_Summary_25AUG26_Report_2026-08-19_133243.xlsx,True,217,Symbol,,,Open,High,Low,Close,,ATM Straddle %,ATM Straddle %,Price Chg %,OI Chg %,PCR Chg %,Tot CE OI Chg %,Tot PE OI Chg %,Tot PE-CE OI Chg,,
D:\My-data\Share_P&L\Ichart Data\Screenshot\August26\2026-08-19\Daywise_Price_and_OI_Summary_25AUG26_Report_2026-08-19_133750.xlsx,True,217,Symbol,,,Open,High,Low,Close,,ATM Straddle %,ATM Straddle %,Price Chg %,OI Chg %,PCR Chg %,Tot CE OI Chg %,Tot PE OI Chg %,Tot PE-CE OI Chg,,
D:\My-data\Share_P&L\Ichart Data\Screenshot\August26\2026-08-19\Daywise_Price_and_OI_Summary_25AUG26_Report_2026-08-19_134301.xlsx,True,217,Symbol,,,Open,High,Low,Close,,ATM Straddle %,ATM Straddle %,Price Chg %,OI Chg %,PCR Chg %,Tot CE OI Chg %,Tot PE OI Chg %,Tot PE-CE OI Chg,,
D:\My-data\Share_P&L\Ichart Data\Screenshot\August26\2026-08-19\Daywise_Price_and_OI_Summary_25AUG26_Report_2026-08-19_134810.xlsx,True,217,Symbol,,,Open,High,Low,Close,,ATM Straddle %,ATM Straddle %,Price Chg %,OI Chg %,PCR Chg %,Tot CE OI Chg %,Tot PE OI Chg %,Tot PE-CE OI Chg,,
D:\My-data\Share_P&L\Ichart Data\Screenshot\August26\2026-08-19\Daywise_Price_and_OI_Summary_25AUG26_Report_2026-08-19_135318.xlsx,True,217,Symbol,,,Open,High,Low,Close,,ATM Straddle %,ATM Straddle %,Price Chg %,OI Chg %,PCR Chg %,Tot CE OI Chg %,Tot PE OI Chg %,Tot PE-CE OI Chg,,
D:\My-data\Share_P&L\Ichart Data\Screenshot\August26\2026-08-19\Daywise_Price_and_OI_Summary_25AUG26_Report_2026-08-19_135827.xlsx,True,217,Symbol,,,Open,High,Low,Close,,ATM Straddle %,ATM Straddle %,Price Chg %,OI Chg %,PCR Chg %,Tot CE OI Chg %,Tot PE OI Chg %,Tot PE-CE OI Chg,,
D:\My-data\Share_P&L\Ichart Data\Screenshot\August26\2026-08-19\Daywise_Price_and_OI_Summary_25AUG26_Report_2026-08-19_140336.xlsx,True,217,Symbol,,,Open,High,Low,Close,,ATM Straddle %,ATM Straddle %,Price Chg %,OI Chg %,PCR Chg %,Tot CE OI Chg %,Tot PE OI Chg %,Tot PE-CE OI Chg,,
D:\My-data\Share_P&L\Ichart Data\Screenshot\August26\2026-08-19\Daywise_Price_and_OI_Summary_25AUG26_Report_2026-08-19_140846.xlsx,True,217,Symbol,,,Open,High,Low,Close,,ATM Straddle %,ATM Straddle %,Price Chg %,OI Chg %,PCR Chg %,Tot CE OI Chg %,Tot PE OI Chg %,Tot PE-CE OI Chg,,
D:\My-data\Share_P&L\Ichart Data\Screenshot\August26\2026-08-19\Daywise_Price_and_OI_Summary_25AUG26_Report_2026-08-19_141354.xlsx,True,217,Symbol,,,Open,High,Low,Close,,ATM Straddle %,ATM Straddle %,Price Chg %,OI Chg %,PCR Chg %,Tot CE OI Chg %,Tot PE OI Chg %,Tot PE-CE OI Chg,,
D:\My-data\Share_P&L\Ichart Data\Screenshot\August26\2026-08-19\Daywise_Price_and_OI_Summary_25AUG26_Report_2026-08-19_141903.xlsx,True,217,Symbol,,,Open,High,Low,Close,,ATM Straddle %,ATM Straddle %,Price Chg %,OI Chg %,PCR Chg %,Tot CE OI Chg %,Tot PE OI Chg %,Tot PE-CE OI Chg,,
D:\My-data\Share_P&L\Ichart Data\Screenshot\August26\2026-08-19\Daywise_Price_and_OI_Summary_25AUG26_Report_2026-08-19_142412.xlsx,True,217,Symbol,,,Open,High,Low,Close,,ATM Straddle %,ATM Straddle %,Price Chg %,OI Chg %,PCR Chg %,Tot CE OI Chg %,Tot PE OI Chg %,Tot PE-CE OI Chg,,
D:\My-data\Share_P&L\Ichart Data\Screenshot\August26\2026-08-19\Daywise_Price_and_OI_Summary_25AUG26_Report_2026-08-19_142920.xlsx,True,217,Symbol,,,Open,High,Low,Close,,ATM Straddle %,ATM Straddle %,Price Chg %,OI Chg %,PCR Chg %,Tot CE OI Chg %,Tot PE OI Chg %,Tot PE-CE OI Chg,,
D:\My-data\Share_P&L\Ichart Data\Screenshot\August26\2026-08-19\Daywise_Price_and_OI_Summary_25AUG26_Report_2026-08-19_143431.xlsx,True,217,Symbol,,,Open,High,Low,Close,,ATM Straddle %,ATM Straddle %,Price Chg %,OI Chg %,PCR Chg %,Tot CE OI Chg %,Tot PE OI Chg %,Tot PE-CE OI Chg,,
D:\My-data\Share_P&L\Ichart Data\Screenshot\August26\2026-08-19\Daywise_Price_and_OI_Summary_25AUG26_Report_2026-08-19_143938.xlsx,True,217,Symbol,,,Open,High,Low,Close,,ATM Straddle %,ATM Straddle %,Price Chg %,OI Chg %,PCR Chg %,Tot CE OI Chg %,Tot PE OI Chg %,Tot PE-CE OI Chg,,
D:\My-data\Share_P&L\Ichart Data\Screenshot\August26\2026-08-19\Daywise_Price_and_OI_Summary_25AUG26_Report_2026-08-19_144446.xlsx,True,217,Symbol,,,Open,High,Low,Close,,ATM Straddle %,ATM Straddle %,Price Chg %,OI Chg %,PCR Chg %,Tot CE OI Chg %,Tot PE OI Chg %,Tot PE-CE OI Chg,,
D:\My-data\Share_P&L\Ichart Data\Screenshot\August26\2026-08-19\DIXON_trace_11to1215_2026-08-19.csv,True,24,Symbol,,Time,,,,,,,,,,,,,,,
D:\My-data\Share_P&L\Ichart Data\Screenshot\August26\2026-08-19\DIXON_trace_11to1215_2026-08-19.xlsx,True,24,Symbol,,Time,,,,,,,,,,,,,,,
D:\My-data\Share_P&L\Ichart Data\Screenshot\August26\2026-08-19\DIXON_trace_2026-08-19.csv,True,203,Symbol,,Time,,,,,,,,,,,,,,,
D:\My-data\Share_P&L\Ichart Data\Screenshot\August26\2026-08-19\DIXON_trace_2026-08-19.xlsx,True,203,Symbol,,Time,,,,,,,,,,,,,,,
D:\My-data\Share_P&L\Ichart Data\Screenshot\August26\2026-08-19\DIXON_trace_inventory_11to1215_2026-08-19.csv,True,24,,,Time,,,,,,,,Price_Change,,,,,,,
D:\My-data\Share_P&L\Ichart Data\Screenshot\August26\2026-08-19\IVR-IVP_25AUG26_Report_2026-08-19.xlsx,True,214,,,,,,,,,,,,,,,,,,
D:\My-data\Share_P&L\Ichart Data\Screenshot\August26\2026-08-19\IVR-IVP_25AUG26_Report_2026-08-19_092525.xlsx,True,215,,,,,,,,,,,,,,,,,,
D:\My-data\Share_P&L\Ichart Data\Screenshot\August26\2026-08-19\IVR-IVP_25AUG26_Report_2026-08-19_093033.xlsx,True,215,,,,,,,,,,,,,,,,,,
D:\My-data\Share_P&L\Ichart Data\Screenshot\August26\2026-08-19\IVR-IVP_25AUG26_Report_2026-08-19_093547.xlsx,True,215,,,,,,,,,,,,,,,,,,
D:\My-data\Share_P&L\Ichart Data\Screenshot\August26\2026-08-19\IVR-IVP_25AUG26_Report_2026-08-19_094054.xlsx,True,215,,,,,,,,,,,,,,,,,,
D:\My-data\Share_P&L\Ichart Data\Screenshot\August26\2026-08-19\IVR-IVP_25AUG26_Report_2026-08-19_094603.xlsx,True,215,,,,,,,,,,,,,,,,,,
D:\My-data\Share_P&L\Ichart Data\Screenshot\August26\2026-08-19\IVR-IVP_25AUG26_Report_2026-08-19_095111.xlsx,True,215,,,,,,,,,,,,,,,,,,
D:\My-data\Share_P&L\Ichart Data\Screenshot\August26\2026-08-19\IVR-IVP_25AUG26_Report_2026-08-19_095619.xlsx,True,215,,,,,,,,,,,,,,,,,,
D:\My-data\Share_P&L\Ichart Data\Screenshot\August26\2026-08-19\IVR-IVP_25AUG26_Report_2026-08-19_100128.xlsx,True,215,,,,,,,,,,,,,,,,,,
D:\My-data\Share_P&L\Ichart Data\Screenshot\August26\2026-08-19\IVR-IVP_25AUG26_Report_2026-08-19_100636.xlsx,True,216,,,,,,,,,,,,,,,,,,
D:\My-data\Share_P&L\Ichart Data\Screenshot\August26\2026-08-19\IVR-IVP_25AUG26_Report_2026-08-19_101144.xlsx,True,216,,,,,,,,,,,,,,,,,,
D:\My-data\Share_P&L\Ichart Data\Screenshot\August26\2026-08-19\IVR-IVP_25AUG26_Report_2026-08-19_101652.xlsx,True,216,,,,,,,,,,,,,,,,,,
D:\My-data\Share_P&L\Ichart Data\Screenshot\August26\2026-08-19\IVR-IVP_25AUG26_Report_2026-08-19_102201.xlsx,True,216,,,,,,,,,,,,,,,,,,
D:\My-data\Share_P&L\Ichart Data\Screenshot\August26\2026-08-19\IVR-IVP_25AUG26_Report_2026-08-19_102712.xlsx,True,216,,,,,,,,,,,,,,,,,,
D:\My-data\Share_P&L\Ichart Data\Screenshot\August26\2026-08-19\IVR-IVP_25AUG26_Report_2026-08-19_103227.xlsx,True,216,,,,,,,,,,,,,,,,,,
D:\My-data\Share_P&L\Ichart Data\Screenshot\August26\2026-08-19\IVR-IVP_25AUG26_Report_2026-08-19_103734.xlsx,True,216,,,,,,,,,,,,,,,,,,
D:\My-data\Share_P&L\Ichart Data\Screenshot\August26\2026-08-19\IVR-IVP_25AUG26_Report_2026-08-19_104242.xlsx,True,216,,,,,,,,,,,,,,,,,,
D:\My-data\Share_P&L\Ichart Data\Screenshot\August26\2026-08-19\IVR-IVP_25AUG26_Report_2026-08-19_104750.xlsx,True,216,,,,,,,,,,,,,,,,,,
D:\My-data\Share_P&L\Ichart Data\Screenshot\August26\2026-08-19\IVR-IVP_25AUG26_Report_2026-08-19_105300.xlsx,True,216,,,,,,,,,,,,,,,,,,
D:\My-data\Share_P&L\Ichart Data\Screenshot\August26\2026-08-19\IVR-IVP_25AUG26_Report_2026-08-19_105807.xlsx,True,216,,,,,,,,,,,,,,,,,,
D:\My-data\Share_P&L\Ichart Data\Screenshot\August26\2026-08-19\IVR-IVP_25AUG26_Report_2026-08-19_110316.xlsx,True,216,,,,,,,,,,,,,,,,,,
D:\My-data\Share_P&L\Ichart Data\Screenshot\August26\2026-08-19\IVR-IVP_25AUG26_Report_2026-08-19_110824.xlsx,True,216,,,,,,,,,,,,,,,,,,
D:\My-data\Share_P&L\Ichart Data\Screenshot\August26\2026-08-19\IVR-IVP_25AUG26_Report_2026-08-19_111332.xlsx,True,216,,,,,,,,,,,,,,,,,,
D:\My-data\Share_P&L\Ichart Data\Screenshot\August26\2026-08-19\IVR-IVP_25AUG26_Report_2026-08-19_111841.xlsx,True,216,,,,,,,,,,,,,,,,,,
D:\My-data\Share_P&L\Ichart Data\Screenshot\August26\2026-08-19\IVR-IVP_25AUG26_Report_2026-08-19_112350.xlsx,True,216,,,,,,,,,,,,,,,,,,
D:\My-data\Share_P&L\Ichart Data\Screenshot\August26\2026-08-19\IVR-IVP_25AUG26_Report_2026-08-19_112859.xlsx,True,216,,,,,,,,,,,,,,,,,,
D:\My-data\Share_P&L\Ichart Data\Screenshot\August26\2026-08-19\IVR-IVP_25AUG26_Report_2026-08-19_123605.xlsx,True,216,,,,,,,,,,,,,,,,,,
D:\My-data\Share_P&L\Ichart Data\Screenshot\August26\2026-08-19\IVR-IVP_25AUG26_Report_2026-08-19_124114.xlsx,True,216,,,,,,,,,,,,,,,,,,
D:\My-data\Share_P&L\Ichart Data\Screenshot\August26\2026-08-19\IVR-IVP_25AUG26_Report_2026-08-19_124622.xlsx,True,216,,,,,,,,,,,,,,,,,,
D:\My-data\Share_P&L\Ichart Data\Screenshot\August26\2026-08-19\IVR-IVP_25AUG26_Report_2026-08-19_125137.xlsx,True,216,,,,,,,,,,,,,,,,,,
D:\My-data\Share_P&L\Ichart Data\Screenshot\August26\2026-08-19\IVR-IVP_25AUG26_Report_2026-08-19_125649.xlsx,True,216,,,,,,,,,,,,,,,,,,
D:\My-data\Share_P&L\Ichart Data\Screenshot\August26\2026-08-19\IVR-IVP_25AUG26_Report_2026-08-19_130158.xlsx,True,216,,,,,,,,,,,,,,,,,,
D:\My-data\Share_P&L\Ichart Data\Screenshot\August26\2026-08-19\IVR-IVP_25AUG26_Report_2026-08-19_130706.xlsx,True,216,,,,,,,,,,,,,,,,,,
D:\My-data\Share_P&L\Ichart Data\Screenshot\August26\2026-08-19\IVR-IVP_25AUG26_Report_2026-08-19_131215.xlsx,True,216,,,,,,,,,,,,,,,,,,
D:\My-data\Share_P&L\Ichart Data\Screenshot\August26\2026-08-19\IVR-IVP_25AUG26_Report_2026-08-19_131723.xlsx,True,216,,,,,,,,,,,,,,,,,,
D:\My-data\Share_P&L\Ichart Data\Screenshot\August26\2026-08-19\IVR-IVP_25AUG26_Report_2026-08-19_132232.xlsx,True,216,,,,,,,,,,,,,,,,,,
D:\My-data\Share_P&L\Ichart Data\Screenshot\August26\2026-08-19\IVR-IVP_25AUG26_Report_2026-08-19_132742.xlsx,True,216,,,,,,,,,,,,,,,,,,
D:\My-data\Share_P&L\Ichart Data\Screenshot\August26\2026-08-19\IVR-IVP_25AUG26_Report_2026-08-19_133251.xlsx,True,216,,,,,,,,,,,,,,,,,,
D:\My-data\Share_P&L\Ichart Data\Screenshot\August26\2026-08-19\IVR-IVP_25AUG26_Report_2026-08-19_133758.xlsx,True,216,,,,,,,,,,,,,,,,,,
D:\My-data\Share_P&L\Ichart Data\Screenshot\August26\2026-08-19\IVR-IVP_25AUG26_Report_2026-08-19_134310.xlsx,True,216,,,,,,,,,,,,,,,,,,
D:\My-data\Share_P&L\Ichart Data\Screenshot\August26\2026-08-19\IVR-IVP_25AUG26_Report_2026-08-19_134818.xlsx,True,216,,,,,,,,,,,,,,,,,,
D:\My-data\Share_P&L\Ichart Data\Screenshot\August26\2026-08-19\IVR-IVP_25AUG26_Report_2026-08-19_135326.xlsx,True,216,,,,,,,,,,,,,,,,,,
D:\My-data\Share_P&L\Ichart Data\Screenshot\August26\2026-08-19\IVR-IVP_25AUG26_Report_2026-08-19_135835.xlsx,True,216,,,,,,,,,,,,,,,,,,
D:\My-data\Share_P&L\Ichart Data\Screenshot\August26\2026-08-19\IVR-IVP_25AUG26_Report_2026-08-19_140345.xlsx,True,216,,,,,,,,,,,,,,,,,,
D:\My-data\Share_P&L\Ichart Data\Screenshot\August26\2026-08-19\IVR-IVP_25AUG26_Report_2026-08-19_140854.xlsx,True,216,,,,,,,,,,,,,,,,,,
D:\My-data\Share_P&L\Ichart Data\Screenshot\August26\2026-08-19\IVR-IVP_25AUG26_Report_2026-08-19_141402.xlsx,True,216,,,,,,,,,,,,,,,,,,
D:\My-data\Share_P&L\Ichart Data\Screenshot\August26\2026-08-19\IVR-IVP_25AUG26_Report_2026-08-19_141910.xlsx,True,216,,,,,,,,,,,,,,,,,,
D:\My-data\Share_P&L\Ichart Data\Screenshot\August26\2026-08-19\IVR-IVP_25AUG26_Report_2026-08-19_142420.xlsx,True,216,,,,,,,,,,,,,,,,,,
D:\My-data\Share_P&L\Ichart Data\Screenshot\August26\2026-08-19\IVR-IVP_25AUG26_Report_2026-08-19_142928.xlsx,True,216,,,,,,,,,,,,,,,,,,
D:\My-data\Share_P&L\Ichart Data\Screenshot\August26\2026-08-19\IVR-IVP_25AUG26_Report_2026-08-19_143438.xlsx,True,216,,,,,,,,,,,,,,,,,,
D:\My-data\Share_P&L\Ichart Data\Screenshot\August26\2026-08-19\IVR-IVP_25AUG26_Report_2026-08-19_143948.xlsx,True,217,,,,,,,,,,,,,,,,,,
D:\My-data\Share_P&L\Ichart Data\Screenshot\August26\2026-08-19\IVR-IVP_25AUG26_Report_2026-08-19_144455.xlsx,True,217,,,,,,,,,,,,,,,,,,
D:\My-data\Share_P&L\Ichart Data\Screenshot\August26\2026-08-19\Resistance_Resistance_25AUG26_Scan_19_8_2026.xlsx,True,78,Symbol,,,,,,,Price,,,Price Chg%,,,,,,,
D:\My-data\Share_P&L\Ichart Data\Screenshot\August26\2026-08-19\Resistance_Resistance_25AUG26_Scan_19_8_2026_092558.xlsx,True,79,Symbol,,,,,,,Price,,,Price Chg%,,,,,,,
D:\My-data\Share_P&L\Ichart Data\Screenshot\August26\2026-08-19\Resistance_Resistance_25AUG26_Scan_19_8_2026_093108.xlsx,True,74,Symbol,,,,,,,Price,,,Price Chg%,,,,,,,
D:\My-data\Share_P&L\Ichart Data\Screenshot\August26\2026-08-19\Resistance_Resistance_25AUG26_Scan_19_8_2026_093619.xlsx,True,71,Symbol,,,,,,,Price,,,Price Chg%,,,,,,,
D:\My-data\Share_P&L\Ichart Data\Screenshot\August26\2026-08-19\Resistance_Resistance_25AUG26_Scan_19_8_2026_094129.xlsx,True,74,Symbol,,,,,,,Price,,,Price Chg%,,,,,,,
D:\My-data\Share_P&L\Ichart Data\Screenshot\August26\2026-08-19\Resistance_Resistance_25AUG26_Scan_19_8_2026_094639.xlsx,True,76,Symbol,,,,,,,Price,,,Price Chg%,,,,,,,
D:\My-data\Share_P&L\Ichart Data\Screenshot\August26\2026-08-19\Resistance_Resistance_25AUG26_Scan_19_8_2026_095149.xlsx,True,80,Symbol,,,,,,,Price,,,Price Chg%,,,,,,,
D:\My-data\Share_P&L\Ichart Data\Screenshot\August26\2026-08-19\Resistance_Resistance_25AUG26_Scan_19_8_2026_095658.xlsx,True,78,Symbol,,,,,,,Price,,,Price Chg%,,,,,,,
D:\My-data\Share_P&L\Ichart Data\Screenshot\August26\2026-08-19\Resistance_Resistance_25AUG26_Scan_19_8_2026_100208.xlsx,True,81,Symbol,,,,,,,Price,,,Price Chg%,,,,,,,
D:\My-data\Share_P&L\Ichart Data\Screenshot\August26\2026-08-19\Resistance_Resistance_25AUG26_Scan_19_8_2026_100717.xlsx,True,83,Symbol,,,,,,,Price,,,Price Chg%,,,,,,,
D:\My-data\Share_P&L\Ichart Data\Screenshot\August26\2026-08-19\Resistance_Resistance_25AUG26_Scan_19_8_2026_101227.xlsx,True,85,Symbol,,,,,,,Price,,,Price Chg%,,,,,,,
D:\My-data\Share_P&L\Ichart Data\Screenshot\August26\2026-08-19\Resistance_Resistance_25AUG26_Scan_19_8_2026_101737.xlsx,True,80,Symbol,,,,,,,Price,,,Price Chg%,,,,,,,
D:\My-data\Share_P&L\Ichart Data\Screenshot\August26\2026-08-19\Resistance_Resistance_25AUG26_Scan_19_8_2026_102246.xlsx,True,83,Symbol,,,,,,,Price,,,Price Chg%,,,,,,,
D:\My-data\Share_P&L\Ichart Data\Screenshot\August26\2026-08-19\Resistance_Resistance_25AUG26_Scan_19_8_2026_102757.xlsx,True,82,Symbol,,,,,,,Price,,,Price Chg%,,,,,,,
D:\My-data\Share_P&L\Ichart Data\Screenshot\August26\2026-08-19\Resistance_Resistance_25AUG26_Scan_19_8_2026_103306.xlsx,True,82,Symbol,,,,,,,Price,,,Price Chg%,,,,,,,
D:\My-data\Share_P&L\Ichart Data\Screenshot\August26\2026-08-19\Resistance_Resistance_25AUG26_Scan_19_8_2026_103815.xlsx,True,79,Symbol,,,,,,,Price,,,Price Chg%,,,,,,,
D:\My-data\Share_P&L\Ichart Data\Screenshot\August26\2026-08-19\Resistance_Resistance_25AUG26_Scan_19_8_2026_104325.xlsx,True,77,Symbol,,,,,,,Price,,,Price Chg%,,,,,,,
D:\My-data\Share_P&L\Ichart Data\Screenshot\August26\2026-08-19\Resistance_Resistance_25AUG26_Scan_19_8_2026_104835.xlsx,True,81,Symbol,,,,,,,Price,,,Price Chg%,,,,,,,
D:\My-data\Share_P&L\Ichart Data\Screenshot\August26\2026-08-19\Resistance_Resistance_25AUG26_Scan_19_8_2026_105345.xlsx,True,77,Symbol,,,,,,,Price,,,Price Chg%,,,,,,,
D:\My-data\Share_P&L\Ichart Data\Screenshot\August26\2026-08-19\Resistance_Resistance_25AUG26_Scan_19_8_2026_105854.xlsx,True,80,Symbol,,,,,,,Price,,,Price Chg%,,,,,,,
D:\My-data\Share_P&L\Ichart Data\Screenshot\August26\2026-08-19\Resistance_Resistance_25AUG26_Scan_19_8_2026_110403.xlsx,True,80,Symbol,,,,,,,Price,,,Price Chg%,,,,,,,
D:\My-data\Share_P&L\Ichart Data\Screenshot\August26\2026-08-19\Resistance_Resistance_25AUG26_Scan_19_8_2026_110912.xlsx,True,74,Symbol,,,,,,,Price,,,Price Chg%,,,,,,,
D:\My-data\Share_P&L\Ichart Data\Screenshot\August26\2026-08-19\Resistance_Resistance_25AUG26_Scan_19_8_2026_111422.xlsx,True,75,Symbol,,,,,,,Price,,,Price Chg%,,,,,,,
D:\My-data\Share_P&L\Ichart Data\Screenshot\August26\2026-08-19\Resistance_Resistance_25AUG26_Scan_19_8_2026_111931.xlsx,True,77,Symbol,,,,,,,Price,,,Price Chg%,,,,,,,
D:\My-data\Share_P&L\Ichart Data\Screenshot\August26\2026-08-19\Resistance_Resistance_25AUG26_Scan_19_8_2026_112441.xlsx,True,106,Symbol,,,,,,,Price,,,Price Chg%,,,,,,,
D:\My-data\Share_P&L\Ichart Data\Screenshot\August26\2026-08-19\Resistance_Resistance_25AUG26_Scan_19_8_2026_112950.xlsx,True,79,Symbol,,,,,,,Price,,,Price Chg%,,,,,,,
D:\My-data\Share_P&L\Ichart Data\Screenshot\August26\2026-08-19\Resistance_Resistance_25AUG26_Scan_19_8_2026_123638.xlsx,True,75,Symbol,,,,,,,Price,,,Price Chg%,,,,,,,
D:\My-data\Share_P&L\Ichart Data\Screenshot\August26\2026-08-19\Resistance_Resistance_25AUG26_Scan_19_8_2026_124148.xlsx,True,74,Symbol,,,,,,,Price,,,Price Chg%,,,,,,,
D:\My-data\Share_P&L\Ichart Data\Screenshot\August26\2026-08-19\Resistance_Resistance_25AUG26_Scan_19_8_2026_124658.xlsx,True,74,Symbol,,,,,,,Price,,,Price Chg%,,,,,,,
D:\My-data\Share_P&L\Ichart Data\Screenshot\August26\2026-08-19\Resistance_Resistance_25AUG26_Scan_19_8_2026_125208.xlsx,True,76,Symbol,,,,,,,Price,,,Price Chg%,,,,,,,
D:\My-data\Share_P&L\Ichart Data\Screenshot\August26\2026-08-19\Resistance_Resistance_25AUG26_Scan_19_8_2026_125719.xlsx,True,78,Symbol,,,,,,,Price,,,Price Chg%,,,,,,,
D:\My-data\Share_P&L\Ichart Data\Screenshot\August26\2026-08-19\Resistance_Resistance_25AUG26_Scan_19_8_2026_130229.xlsx,True,77,Symbol,,,,,,,Price,,,Price Chg%,,,,,,,
D:\My-data\Share_P&L\Ichart Data\Screenshot\August26\2026-08-19\Resistance_Resistance_25AUG26_Scan_19_8_2026_130739.xlsx,True,77,Symbol,,,,,,,Price,,,Price Chg%,,,,,,,
D:\My-data\Share_P&L\Ichart Data\Screenshot\August26\2026-08-19\Resistance_Resistance_25AUG26_Scan_19_8_2026_131249.xlsx,True,79,Symbol,,,,,,,Price,,,Price Chg%,,,,,,,
D:\My-data\Share_P&L\Ichart Data\Screenshot\August26\2026-08-19\Resistance_Resistance_25AUG26_Scan_19_8_2026_131758.xlsx,True,79,Symbol,,,,,,,Price,,,Price Chg%,,,,,,,
D:\My-data\Share_P&L\Ichart Data\Screenshot\August26\2026-08-19\Resistance_Resistance_25AUG26_Scan_19_8_2026_132309.xlsx,True,78,Symbol,,,,,,,Price,,,Price Chg%,,,,,,,
D:\My-data\Share_P&L\Ichart Data\Screenshot\August26\2026-08-19\Resistance_Resistance_25AUG26_Scan_19_8_2026_132818.xlsx,True,76,Symbol,,,,,,,Price,,,Price Chg%,,,,,,,
D:\My-data\Share_P&L\Ichart Data\Screenshot\August26\2026-08-19\Resistance_Resistance_25AUG26_Scan_19_8_2026_133328.xlsx,True,81,Symbol,,,,,,,Price,,,Price Chg%,,,,,,,
D:\My-data\Share_P&L\Ichart Data\Screenshot\August26\2026-08-19\Resistance_Resistance_25AUG26_Scan_19_8_2026_133837.xlsx,True,80,Symbol,,,,,,,Price,,,Price Chg%,,,,,,,
D:\My-data\Share_P&L\Ichart Data\Screenshot\August26\2026-08-19\Resistance_Resistance_25AUG26_Scan_19_8_2026_134348.xlsx,True,81,Symbol,,,,,,,Price,,,Price Chg%,,,,,,,
D:\My-data\Share_P&L\Ichart Data\Screenshot\August26\2026-08-19\Resistance_Resistance_25AUG26_Scan_19_8_2026_134857.xlsx,True,78,Symbol,,,,,,,Price,,,Price Chg%,,,,,,,
D:\My-data\Share_P&L\Ichart Data\Screenshot\August26\2026-08-19\Resistance_Resistance_25AUG26_Scan_19_8_2026_135406.xlsx,True,79,Symbol,,,,,,,Price,,,Price Chg%,,,,,,,
D:\My-data\Share_P&L\Ichart Data\Screenshot\August26\2026-08-19\Resistance_Resistance_25AUG26_Scan_19_8_2026_135915.xlsx,True,80,Symbol,,,,,,,Price,,,Price Chg%,,,,,,,
D:\My-data\Share_P&L\Ichart Data\Screenshot\August26\2026-08-19\Resistance_Resistance_25AUG26_Scan_19_8_2026_140425.xlsx,True,81,Symbol,,,,,,,Price,,,Price Chg%,,,,,,,
D:\My-data\Share_P&L\Ichart Data\Screenshot\August26\2026-08-19\Resistance_Resistance_25AUG26_Scan_19_8_2026_140935.xlsx,True,80,Symbol,,,,,,,Price,,,Price Chg%,,,,,,,
D:\My-data\Share_P&L\Ichart Data\Screenshot\August26\2026-08-19\Resistance_Resistance_25AUG26_Scan_19_8_2026_141444.xlsx,True,80,Symbol,,,,,,,Price,,,Price Chg%,,,,,,,
D:\My-data\Share_P&L\Ichart Data\Screenshot\August26\2026-08-19\Resistance_Resistance_25AUG26_Scan_19_8_2026_141952.xlsx,True,79,Symbol,,,,,,,Price,,,Price Chg%,,,,,,,
D:\My-data\Share_P&L\Ichart Data\Screenshot\August26\2026-08-19\Resistance_Resistance_25AUG26_Scan_19_8_2026_142501.xlsx,True,79,Symbol,,,,,,,Price,,,Price Chg%,,,,,,,
D:\My-data\Share_P&L\Ichart Data\Screenshot\August26\2026-08-19\Resistance_Resistance_25AUG26_Scan_19_8_2026_143010.xlsx,True,77,Symbol,,,,,,,Price,,,Price Chg%,,,,,,,
D:\My-data\Share_P&L\Ichart Data\Screenshot\August26\2026-08-19\Resistance_Resistance_25AUG26_Scan_19_8_2026_143523.xlsx,True,81,Symbol,,,,,,,Price,,,Price Chg%,,,,,,,
D:\My-data\Share_P&L\Ichart Data\Screenshot\August26\2026-08-19\Resistance_Resistance_25AUG26_Scan_19_8_2026_144034.xlsx,True,80,Symbol,,,,,,,Price,,,Price Chg%,,,,,,,
D:\My-data\Share_P&L\Ichart Data\Screenshot\August26\2026-08-19\Sector_Summary_25AUG26_Report_19_8_2026.xlsx,True,48,,,,,,,,,,,Price chg (%),OI chg (%),,,,,Volume chg (%),Buildup
D:\My-data\Share_P&L\Ichart Data\Screenshot\August26\2026-08-19\Sector_Summary_25AUG26_Report_19_8_2026_093529.xlsx,True,46,,,,,,,,,,,Price chg (%),OI chg (%),,,,,Volume chg (%),Buildup
D:\My-data\Share_P&L\Ichart Data\Screenshot\August26\2026-08-19\Sector_Summary_25AUG26_Report_19_8_2026_095036.xlsx,True,49,,,,,,,,,,,Price chg (%),OI chg (%),,,,,Volume chg (%),Buildup
D:\My-data\Share_P&L\Ichart Data\Screenshot\August26\2026-08-19\Sector_Summary_25AUG26_Report_19_8_2026_100543.xlsx,True,49,,,,,,,,,,,Price chg (%),OI chg (%),,,,,Volume chg (%),Buildup
D:\My-data\Share_P&L\Ichart Data\Screenshot\August26\2026-08-19\Sector_Summary_25AUG26_Report_19_8_2026_102050.xlsx,True,49,,,,,,,,,,,Price chg (%),OI chg (%),,,,,Volume chg (%),Buildup
D:\My-data\Share_P&L\Ichart Data\Screenshot\August26\2026-08-19\Sector_Summary_25AUG26_Report_19_8_2026_103556.xlsx,True,49,,,,,,,,,,,Price chg (%),OI chg (%),,,,,Volume chg (%),Buildup
D:\My-data\Share_P&L\Ichart Data\Screenshot\August26\2026-08-19\Sector_Summary_25AUG26_Report_19_8_2026_105103.xlsx,True,49,,,,,,,,,,,Price chg (%),OI chg (%),,,,,Volume chg (%),Buildup
D:\My-data\Share_P&L\Ichart Data\Screenshot\August26\2026-08-19\Sector_Summary_25AUG26_Report_19_8_2026_110610.xlsx,True,49,,,,,,,,,,,Price chg (%),OI chg (%),,,,,Volume chg (%),Buildup
D:\My-data\Share_P&L\Ichart Data\Screenshot\August26\2026-08-19\Sector_Summary_25AUG26_Report_19_8_2026_112116.xlsx,True,49,,,,,,,,,,,Price chg (%),OI chg (%),,,,,Volume chg (%),Buildup
D:\My-data\Share_P&L\Ichart Data\Screenshot\August26\2026-08-19\Sector_Summary_25AUG26_Report_19_8_2026_123611.xlsx,True,48,,,,,,,,,,,Price chg (%),OI chg (%),,,,,Volume chg (%),Buildup
D:\My-data\Share_P&L\Ichart Data\Screenshot\August26\2026-08-19\Sector_Summary_25AUG26_Report_19_8_2026_125119.xlsx,True,49,,,,,,,,,,,Price chg (%),OI chg (%),,,,,Volume chg (%),Buildup
D:\My-data\Share_P&L\Ichart Data\Screenshot\August26\2026-08-19\Sector_Summary_25AUG26_Report_19_8_2026_130627.xlsx,True,49,,,,,,,,,,,Price chg (%),OI chg (%),,,,,Volume chg (%),Buildup
D:\My-data\Share_P&L\Ichart Data\Screenshot\August26\2026-08-19\Sector_Summary_25AUG26_Report_19_8_2026_132133.xlsx,True,49,,,,,,,,,,,Price chg (%),OI chg (%),,,,,Volume chg (%),Buildup
D:\My-data\Share_P&L\Ichart Data\Screenshot\August26\2026-08-19\Sector_Summary_25AUG26_Report_19_8_2026_133640.xlsx,True,49,,,,,,,,,,,Price chg (%),OI chg (%),,,,,Volume chg (%),Buildup
D:\My-data\Share_P&L\Ichart Data\Screenshot\August26\2026-08-19\Sector_Summary_25AUG26_Report_19_8_2026_135146.xlsx,True,49,,,,,,,,,,,Price chg (%),OI chg (%),,,,,Volume chg (%),Buildup
D:\My-data\Share_P&L\Ichart Data\Screenshot\August26\2026-08-19\Sector_Summary_25AUG26_Report_19_8_2026_140653.xlsx,True,49,,,,,,,,,,,Price chg (%),OI chg (%),,,,,Volume chg (%),Buildup
D:\My-data\Share_P&L\Ichart Data\Screenshot\August26\2026-08-19\Sector_Summary_25AUG26_Report_19_8_2026_142159.xlsx,True,49,,,,,,,,,,,Price chg (%),OI chg (%),,,,,Volume chg (%),Buildup
D:\My-data\Share_P&L\Ichart Data\Screenshot\August26\2026-08-19\Sector_Summary_25AUG26_Report_19_8_2026_143706.xlsx,True,49,,,,,,,,,,,Price chg (%),OI chg (%),,,,,Volume chg (%),Buildup
D:\My-data\Share_P&L\Ichart Data\Screenshot\August26\2026-08-19\Support_Resistance_25AUG26_Scan_19_8_2026.xlsx,True,129,Symbol,,,,,,,Price,,,Price Chg%,,,,,,,
D:\My-data\Share_P&L\Ichart Data\Screenshot\August26\2026-08-19\Support_Resistance_25AUG26_Scan_19_8_2026_092548.xlsx,True,126,Symbol,,,,,,,Price,,,Price Chg%,,,,,,,
D:\My-data\Share_P&L\Ichart Data\Screenshot\August26\2026-08-19\Support_Resistance_25AUG26_Scan_19_8_2026_093058.xlsx,True,121,Symbol,,,,,,,Price,,,Price Chg%,,,,,,,
D:\My-data\Share_P&L\Ichart Data\Screenshot\August26\2026-08-19\Support_Resistance_25AUG26_Scan_19_8_2026_093609.xlsx,True,117,Symbol,,,,,,,Price,,,Price Chg%,,,,,,,
D:\My-data\Share_P&L\Ichart Data\Screenshot\August26\2026-08-19\Support_Resistance_25AUG26_Scan_19_8_2026_094118.xlsx,True,115,Symbol,,,,,,,Price,,,Price Chg%,,,,,,,
D:\My-data\Share_P&L\Ichart Data\Screenshot\August26\2026-08-19\Support_Resistance_25AUG26_Scan_19_8_2026_094628.xlsx,True,114,Symbol,,,,,,,Price,,,Price Chg%,,,,,,,
D:\My-data\Share_P&L\Ichart Data\Screenshot\August26\2026-08-19\Support_Resistance_25AUG26_Scan_19_8_2026_095137.xlsx,True,110,Symbol,,,,,,,Price,,,Price Chg%,,,,,,,
D:\My-data\Share_P&L\Ichart Data\Screenshot\August26\2026-08-19\Support_Resistance_25AUG26_Scan_19_8_2026_095647.xlsx,True,112,Symbol,,,,,,,Price,,,Price Chg%,,,,,,,
D:\My-data\Share_P&L\Ichart Data\Screenshot\August26\2026-08-19\Support_Resistance_25AUG26_Scan_19_8_2026_100156.xlsx,True,110,Symbol,,,,,,,Price,,,Price Chg%,,,,,,,
D:\My-data\Share_P&L\Ichart Data\Screenshot\August26\2026-08-19\Support_Resistance_25AUG26_Scan_19_8_2026_100706.xlsx,True,109,Symbol,,,,,,,Price,,,Price Chg%,,,,,,,
D:\My-data\Share_P&L\Ichart Data\Screenshot\August26\2026-08-19\Support_Resistance_25AUG26_Scan_19_8_2026_101216.xlsx,True,107,Symbol,,,,,,,Price,,,Price Chg%,,,,,,,
D:\My-data\Share_P&L\Ichart Data\Screenshot\August26\2026-08-19\Support_Resistance_25AUG26_Scan_19_8_2026_101726.xlsx,True,108,Symbol,,,,,,,Price,,,Price Chg%,,,,,,,
D:\My-data\Share_P&L\Ichart Data\Screenshot\August26\2026-08-19\Support_Resistance_25AUG26_Scan_19_8_2026_102236.xlsx,True,107,Symbol,,,,,,,Price,,,Price Chg%,,,,,,,
D:\My-data\Share_P&L\Ichart Data\Screenshot\August26\2026-08-19\Support_Resistance_25AUG26_Scan_19_8_2026_102746.xlsx,True,108,Symbol,,,,,,,Price,,,Price Chg%,,,,,,,
D:\My-data\Share_P&L\Ichart Data\Screenshot\August26\2026-08-19\Support_Resistance_25AUG26_Scan_19_8_2026_103256.xlsx,True,107,Symbol,,,,,,,Price,,,Price Chg%,,,,,,,
D:\My-data\Share_P&L\Ichart Data\Screenshot\August26\2026-08-19\Support_Resistance_25AUG26_Scan_19_8_2026_103806.xlsx,True,109,Symbol,,,,,,,Price,,,Price Chg%,,,,,,,
D:\My-data\Share_P&L\Ichart Data\Screenshot\August26\2026-08-19\Support_Resistance_25AUG26_Scan_19_8_2026_104316.xlsx,True,109,Symbol,,,,,,,Price,,,Price Chg%,,,,,,,
D:\My-data\Share_P&L\Ichart Data\Screenshot\August26\2026-08-19\Support_Resistance_25AUG26_Scan_19_8_2026_104825.xlsx,True,109,Symbol,,,,,,,Price,,,Price Chg%,,,,,,,
D:\My-data\Share_P&L\Ichart Data\Screenshot\August26\2026-08-19\Support_Resistance_25AUG26_Scan_19_8_2026_105334.xlsx,True,111,Symbol,,,,,,,Price,,,Price Chg%,,,,,,,
D:\My-data\Share_P&L\Ichart Data\Screenshot\August26\2026-08-19\Support_Resistance_25AUG26_Scan_19_8_2026_105843.xlsx,True,106,Symbol,,,,,,,Price,,,Price Chg%,,,,,,,
D:\My-data\Share_P&L\Ichart Data\Screenshot\August26\2026-08-19\Support_Resistance_25AUG26_Scan_19_8_2026_110352.xlsx,True,105,Symbol,,,,,,,Price,,,Price Chg%,,,,,,,
D:\My-data\Share_P&L\Ichart Data\Screenshot\August26\2026-08-19\Support_Resistance_25AUG26_Scan_19_8_2026_110902.xlsx,True,104,Symbol,,,,,,,Price,,,Price Chg%,,,,,,,
D:\My-data\Share_P&L\Ichart Data\Screenshot\August26\2026-08-19\Support_Resistance_25AUG26_Scan_19_8_2026_111411.xlsx,True,104,Symbol,,,,,,,Price,,,Price Chg%,,,,,,,
D:\My-data\Share_P&L\Ichart Data\Screenshot\August26\2026-08-19\Support_Resistance_25AUG26_Scan_19_8_2026_111921.xlsx,True,104,Symbol,,,,,,,Price,,,Price Chg%,,,,,,,
D:\My-data\Share_P&L\Ichart Data\Screenshot\August26\2026-08-19\Support_Resistance_25AUG26_Scan_19_8_2026_112430.xlsx,True,106,Symbol,,,,,,,Price,,,Price Chg%,,,,,,,
D:\My-data\Share_P&L\Ichart Data\Screenshot\August26\2026-08-19\Support_Resistance_25AUG26_Scan_19_8_2026_112940.xlsx,True,105,Symbol,,,,,,,Price,,,Price Chg%,,,,,,,
D:\My-data\Share_P&L\Ichart Data\Screenshot\August26\2026-08-19\Support_Resistance_25AUG26_Scan_19_8_2026_123628.xlsx,True,108,Symbol,,,,,,,Price,,,Price Chg%,,,,,,,
D:\My-data\Share_P&L\Ichart Data\Screenshot\August26\2026-08-19\Support_Resistance_25AUG26_Scan_19_8_2026_124138.xlsx,True,109,Symbol,,,,,,,Price,,,Price Chg%,,,,,,,
D:\My-data\Share_P&L\Ichart Data\Screenshot\August26\2026-08-19\Support_Resistance_25AUG26_Scan_19_8_2026_124647.xlsx,True,109,Symbol,,,,,,,Price,,,Price Chg%,,,,,,,
D:\My-data\Share_P&L\Ichart Data\Screenshot\August26\2026-08-19\Support_Resistance_25AUG26_Scan_19_8_2026_125157.xlsx,True,109,Symbol,,,,,,,Price,,,Price Chg%,,,,,,,
D:\My-data\Share_P&L\Ichart Data\Screenshot\August26\2026-08-19\Support_Resistance_25AUG26_Scan_19_8_2026_125707.xlsx,True,112,Symbol,,,,,,,Price,,,Price Chg%,,,,,,,
D:\My-data\Share_P&L\Ichart Data\Screenshot\August26\2026-08-19\Support_Resistance_25AUG26_Scan_19_8_2026_130217.xlsx,True,112,Symbol,,,,,,,Price,,,Price Chg%,,,,,,,
D:\My-data\Share_P&L\Ichart Data\Screenshot\August26\2026-08-19\Support_Resistance_25AUG26_Scan_19_8_2026_130726.xlsx,True,112,Symbol,,,,,,,Price,,,Price Chg%,,,,,,,
D:\My-data\Share_P&L\Ichart Data\Screenshot\August26\2026-08-19\Support_Resistance_25AUG26_Scan_19_8_2026_131236.xlsx,True,108,Symbol,,,,,,,Price,,,Price Chg%,,,,,,,
D:\My-data\Share_P&L\Ichart Data\Screenshot\August26\2026-08-19\Support_Resistance_25AUG26_Scan_19_8_2026_131745.xlsx,True,112,Symbol,,,,,,,Price,,,Price Chg%,,,,,,,
D:\My-data\Share_P&L\Ichart Data\Screenshot\August26\2026-08-19\Support_Resistance_25AUG26_Scan_19_8_2026_132254.xlsx,True,112,Symbol,,,,,,,Price,,,Price Chg%,,,,,,,
D:\My-data\Share_P&L\Ichart Data\Screenshot\August26\2026-08-19\Support_Resistance_25AUG26_Scan_19_8_2026_132805.xlsx,True,110,Symbol,,,,,,,Price,,,Price Chg%,,,,,,,
D:\My-data\Share_P&L\Ichart Data\Screenshot\August26\2026-08-19\Support_Resistance_25AUG26_Scan_19_8_2026_133314.xlsx,True,111,Symbol,,,,,,,Price,,,Price Chg%,,,,,,,
D:\My-data\Share_P&L\Ichart Data\Screenshot\August26\2026-08-19\Support_Resistance_25AUG26_Scan_19_8_2026_133824.xlsx,True,110,Symbol,,,,,,,Price,,,Price Chg%,,,,,,,
D:\My-data\Share_P&L\Ichart Data\Screenshot\August26\2026-08-19\Support_Resistance_25AUG26_Scan_19_8_2026_134334.xlsx,True,111,Symbol,,,,,,,Price,,,Price Chg%,,,,,,,
D:\My-data\Share_P&L\Ichart Data\Screenshot\August26\2026-08-19\Support_Resistance_25AUG26_Scan_19_8_2026_134844.xlsx,True,110,Symbol,,,,,,,Price,,,Price Chg%,,,,,,,
D:\My-data\Share_P&L\Ichart Data\Screenshot\August26\2026-08-19\Support_Resistance_25AUG26_Scan_19_8_2026_135354.xlsx,True,110,Symbol,,,,,,,Price,,,Price Chg%,,,,,,,
D:\My-data\Share_P&L\Ichart Data\Screenshot\August26\2026-08-19\Support_Resistance_25AUG26_Scan_19_8_2026_135903.xlsx,True,110,Symbol,,,,,,,Price,,,Price Chg%,,,,,,,
D:\My-data\Share_P&L\Ichart Data\Screenshot\August26\2026-08-19\Support_Resistance_25AUG26_Scan_19_8_2026_140412.xlsx,True,108,Symbol,,,,,,,Price,,,Price Chg%,,,,,,,
D:\My-data\Share_P&L\Ichart Data\Screenshot\August26\2026-08-19\Support_Resistance_25AUG26_Scan_19_8_2026_140922.xlsx,True,109,Symbol,,,,,,,Price,,,Price Chg%,,,,,,,
D:\My-data\Share_P&L\Ichart Data\Screenshot\August26\2026-08-19\Support_Resistance_25AUG26_Scan_19_8_2026_141431.xlsx,True,110,Symbol,,,,,,,Price,,,Price Chg%,,,,,,,
D:\My-data\Share_P&L\Ichart Data\Screenshot\August26\2026-08-19\Support_Resistance_25AUG26_Scan_19_8_2026_141940.xlsx,True,112,Symbol,,,,,,,Price,,,Price Chg%,,,,,,,
D:\My-data\Share_P&L\Ichart Data\Screenshot\August26\2026-08-19\Support_Resistance_25AUG26_Scan_19_8_2026_142450.xlsx,True,113,Symbol,,,,,,,Price,,,Price Chg%,,,,,,,
D:\My-data\Share_P&L\Ichart Data\Screenshot\August26\2026-08-19\Support_Resistance_25AUG26_Scan_19_8_2026_142958.xlsx,True,111,Symbol,,,,,,,Price,,,Price Chg%,,,,,,,
D:\My-data\Share_P&L\Ichart Data\Screenshot\August26\2026-08-19\Support_Resistance_25AUG26_Scan_19_8_2026_143509.xlsx,True,111,Symbol,,,,,,,Price,,,Price Chg%,,,,,,,
D:\My-data\Share_P&L\Ichart Data\Screenshot\August26\2026-08-19\Support_Resistance_25AUG26_Scan_19_8_2026_144018.xlsx,True,107,Symbol,,,,,,,Price,,,Price Chg%,,,,,,,
D:\My-data\Share_P&L\Ichart Data\Screenshot\August26\2026-08-19\VolumeAndOISpikesScans_25AUG26_Report_19_8_2026.xlsx,True,217,Symbol,,,,,,,Price,,,Price chg (%),OI chg (%),,,,,Volume Chg (%),
D:\My-data\Share_P&L\Ichart Data\Screenshot\August26\2026-08-19\VolumeAndOISpikesScans_25AUG26_Report_19_8_2026_092536.xlsx,True,217,Symbol,,,,,,,Price,,,Price chg (%),OI chg (%),,,,,Volume Chg (%),
D:\My-data\Share_P&L\Ichart Data\Screenshot\August26\2026-08-19\VolumeAndOISpikesScans_25AUG26_Report_19_8_2026_093042.xlsx,True,217,Symbol,,,,,,,Price,,,Price chg (%),OI chg (%),,,,,Volume Chg (%),
D:\My-data\Share_P&L\Ichart Data\Screenshot\August26\2026-08-19\VolumeAndOISpikesScans_25AUG26_Report_19_8_2026_093554.xlsx,True,217,Symbol,,,,,,,Price,,,Price chg (%),OI chg (%),,,,,Volume Chg (%),
D:\My-data\Share_P&L\Ichart Data\Screenshot\August26\2026-08-19\VolumeAndOISpikesScans_25AUG26_Report_19_8_2026_094101.xlsx,True,217,Symbol,,,,,,,Price,,,Price chg (%),OI chg (%),,,,,Volume Chg (%),
D:\My-data\Share_P&L\Ichart Data\Screenshot\August26\2026-08-19\VolumeAndOISpikesScans_25AUG26_Report_19_8_2026_094610.xlsx,True,217,Symbol,,,,,,,Price,,,Price chg (%),OI chg (%),,,,,Volume Chg (%),
D:\My-data\Share_P&L\Ichart Data\Screenshot\August26\2026-08-19\VolumeAndOISpikesScans_25AUG26_Report_19_8_2026_095118.xlsx,True,217,Symbol,,,,,,,Price,,,Price chg (%),OI chg (%),,,,,Volume Chg (%),
D:\My-data\Share_P&L\Ichart Data\Screenshot\August26\2026-08-19\VolumeAndOISpikesScans_25AUG26_Report_19_8_2026_095626.xlsx,True,217,Symbol,,,,,,,Price,,,Price chg (%),OI chg (%),,,,,Volume Chg (%),
D:\My-data\Share_P&L\Ichart Data\Screenshot\August26\2026-08-19\VolumeAndOISpikesScans_25AUG26_Report_19_8_2026_100135.xlsx,True,217,Symbol,,,,,,,Price,,,Price chg (%),OI chg (%),,,,,Volume Chg (%),
D:\My-data\Share_P&L\Ichart Data\Screenshot\August26\2026-08-19\VolumeAndOISpikesScans_25AUG26_Report_19_8_2026_100643.xlsx,True,217,Symbol,,,,,,,Price,,,Price chg (%),OI chg (%),,,,,Volume Chg (%),
D:\My-data\Share_P&L\Ichart Data\Screenshot\August26\2026-08-19\VolumeAndOISpikesScans_25AUG26_Report_19_8_2026_101151.xlsx,True,217,Symbol,,,,,,,Price,,,Price chg (%),OI chg (%),,,,,Volume Chg (%),
D:\My-data\Share_P&L\Ichart Data\Screenshot\August26\2026-08-19\VolumeAndOISpikesScans_25AUG26_Report_19_8_2026_101659.xlsx,True,217,Symbol,,,,,,,Price,,,Price chg (%),OI chg (%),,,,,Volume Chg (%),
D:\My-data\Share_P&L\Ichart Data\Screenshot\August26\2026-08-19\VolumeAndOISpikesScans_25AUG26_Report_19_8_2026_102207.xlsx,True,217,Symbol,,,,,,,Price,,,Price chg (%),OI chg (%),,,,,Volume Chg (%),
D:\My-data\Share_P&L\Ichart Data\Screenshot\August26\2026-08-19\VolumeAndOISpikesScans_25AUG26_Report_19_8_2026_102719.xlsx,True,217,Symbol,,,,,,,Price,,,Price chg (%),OI chg (%),,,,,Volume Chg (%),
D:\My-data\Share_P&L\Ichart Data\Screenshot\August26\2026-08-19\VolumeAndOISpikesScans_25AUG26_Report_19_8_2026_103234.xlsx,True,217,Symbol,,,,,,,Price,,,Price chg (%),OI chg (%),,,,,Volume Chg (%),
D:\My-data\Share_P&L\Ichart Data\Screenshot\August26\2026-08-19\VolumeAndOISpikesScans_25AUG26_Report_19_8_2026_103741.xlsx,True,217,Symbol,,,,,,,Price,,,Price chg (%),OI chg (%),,,,,Volume Chg (%),
D:\My-data\Share_P&L\Ichart Data\Screenshot\August26\2026-08-19\VolumeAndOISpikesScans_25AUG26_Report_19_8_2026_104249.xlsx,True,217,Symbol,,,,,,,Price,,,Price chg (%),OI chg (%),,,,,Volume Chg (%),
D:\My-data\Share_P&L\Ichart Data\Screenshot\August26\2026-08-19\VolumeAndOISpikesScans_25AUG26_Report_19_8_2026_104758.xlsx,True,217,Symbol,,,,,,,Price,,,Price chg (%),OI chg (%),,,,,Volume Chg (%),
D:\My-data\Share_P&L\Ichart Data\Screenshot\August26\2026-08-19\VolumeAndOISpikesScans_25AUG26_Report_19_8_2026_105307.xlsx,True,217,Symbol,,,,,,,Price,,,Price chg (%),OI chg (%),,,,,Volume Chg (%),
D:\My-data\Share_P&L\Ichart Data\Screenshot\August26\2026-08-19\VolumeAndOISpikesScans_25AUG26_Report_19_8_2026_105814.xlsx,True,217,Symbol,,,,,,,Price,,,Price chg (%),OI chg (%),,,,,Volume Chg (%),
D:\My-data\Share_P&L\Ichart Data\Screenshot\August26\2026-08-19\VolumeAndOISpikesScans_25AUG26_Report_19_8_2026_110323.xlsx,True,217,Symbol,,,,,,,Price,,,Price chg (%),OI chg (%),,,,,Volume Chg (%),
D:\My-data\Share_P&L\Ichart Data\Screenshot\August26\2026-08-19\VolumeAndOISpikesScans_25AUG26_Report_19_8_2026_110831.xlsx,True,217,Symbol,,,,,,,Price,,,Price chg (%),OI chg (%),,,,,Volume Chg (%),
D:\My-data\Share_P&L\Ichart Data\Screenshot\August26\2026-08-19\VolumeAndOISpikesScans_25AUG26_Report_19_8_2026_111339.xlsx,True,217,Symbol,,,,,,,Price,,,Price chg (%),OI chg (%),,,,,Volume Chg (%),
D:\My-data\Share_P&L\Ichart Data\Screenshot\August26\2026-08-19\VolumeAndOISpikesScans_25AUG26_Report_19_8_2026_111848.xlsx,True,217,Symbol,,,,,,,Price,,,Price chg (%),OI chg (%),,,,,Volume Chg (%),
D:\My-data\Share_P&L\Ichart Data\Screenshot\August26\2026-08-19\VolumeAndOISpikesScans_25AUG26_Report_19_8_2026_112357.xlsx,True,217,Symbol,,,,,,,Price,,,Price chg (%),OI chg (%),,,,,Volume Chg (%),
D:\My-data\Share_P&L\Ichart Data\Screenshot\August26\2026-08-19\VolumeAndOISpikesScans_25AUG26_Report_19_8_2026_112906.xlsx,True,217,Symbol,,,,,,,Price,,,Price chg (%),OI chg (%),,,,,Volume Chg (%),
D:\My-data\Share_P&L\Ichart Data\Screenshot\August26\2026-08-19\VolumeAndOISpikesScans_25AUG26_Report_19_8_2026_123618.xlsx,True,217,Symbol,,,,,,,Price,,,Price chg (%),OI chg (%),,,,,Volume Chg (%),
D:\My-data\Share_P&L\Ichart Data\Screenshot\August26\2026-08-19\VolumeAndOISpikesScans_25AUG26_Report_19_8_2026_124125.xlsx,True,217,Symbol,,,,,,,Price,,,Price chg (%),OI chg (%),,,,,Volume Chg (%),
D:\My-data\Share_P&L\Ichart Data\Screenshot\August26\2026-08-19\VolumeAndOISpikesScans_25AUG26_Report_19_8_2026_124632.xlsx,True,217,Symbol,,,,,,,Price,,,Price chg (%),OI chg (%),,,,,Volume Chg (%),
D:\My-data\Share_P&L\Ichart Data\Screenshot\August26\2026-08-19\VolumeAndOISpikesScans_25AUG26_Report_19_8_2026_125144.xlsx,True,217,Symbol,,,,,,,Price,,,Price chg (%),OI chg (%),,,,,Volume Chg (%),
D:\My-data\Share_P&L\Ichart Data\Screenshot\August26\2026-08-19\VolumeAndOISpikesScans_25AUG26_Report_19_8_2026_125657.xlsx,True,217,Symbol,,,,,,,Price,,,Price chg (%),OI chg (%),,,,,Volume Chg (%),
D:\My-data\Share_P&L\Ichart Data\Screenshot\August26\2026-08-19\VolumeAndOISpikesScans_25AUG26_Report_19_8_2026_130206.xlsx,True,217,Symbol,,,,,,,Price,,,Price chg (%),OI chg (%),,,,,Volume Chg (%),
D:\My-data\Share_P&L\Ichart Data\Screenshot\August26\2026-08-19\VolumeAndOISpikesScans_25AUG26_Report_19_8_2026_130714.xlsx,True,217,Symbol,,,,,,,Price,,,Price chg (%),OI chg (%),,,,,Volume Chg (%),
D:\My-data\Share_P&L\Ichart Data\Screenshot\August26\2026-08-19\VolumeAndOISpikesScans_25AUG26_Report_19_8_2026_131222.xlsx,True,217,Symbol,,,,,,,Price,,,Price chg (%),OI chg (%),,,,,Volume Chg (%),
D:\My-data\Share_P&L\Ichart Data\Screenshot\August26\2026-08-19\VolumeAndOISpikesScans_25AUG26_Report_19_8_2026_131730.xlsx,True,217,Symbol,,,,,,,Price,,,Price chg (%),OI chg (%),,,,,Volume Chg (%),
D:\My-data\Share_P&L\Ichart Data\Screenshot\August26\2026-08-19\VolumeAndOISpikesScans_25AUG26_Report_19_8_2026_132239.xlsx,True,217,Symbol,,,,,,,Price,,,Price chg (%),OI chg (%),,,,,Volume Chg (%),
D:\My-data\Share_P&L\Ichart Data\Screenshot\August26\2026-08-19\VolumeAndOISpikesScans_25AUG26_Report_19_8_2026_132749.xlsx,True,217,Symbol,,,,,,,Price,,,Price chg (%),OI chg (%),,,,,Volume Chg (%),
D:\My-data\Share_P&L\Ichart Data\Screenshot\August26\2026-08-19\VolumeAndOISpikesScans_25AUG26_Report_19_8_2026_133258.xlsx,True,217,Symbol,,,,,,,Price,,,Price chg (%),OI chg (%),,,,,Volume Chg (%),
D:\My-data\Share_P&L\Ichart Data\Screenshot\August26\2026-08-19\VolumeAndOISpikesScans_25AUG26_Report_19_8_2026_133805.xlsx,True,217,Symbol,,,,,,,Price,,,Price chg (%),OI chg (%),,,,,Volume Chg (%),
D:\My-data\Share_P&L\Ichart Data\Screenshot\August26\2026-08-19\VolumeAndOISpikesScans_25AUG26_Report_19_8_2026_134317.xlsx,True,217,Symbol,,,,,,,Price,,,Price chg (%),OI chg (%),,,,,Volume Chg (%),
D:\My-data\Share_P&L\Ichart Data\Screenshot\August26\2026-08-19\VolumeAndOISpikesScans_25AUG26_Report_19_8_2026_134826.xlsx,True,217,Symbol,,,,,,,Price,,,Price chg (%),OI chg (%),,,,,Volume Chg (%),
D:\My-data\Share_P&L\Ichart Data\Screenshot\August26\2026-08-19\VolumeAndOISpikesScans_25AUG26_Report_19_8_2026_135333.xlsx,True,217,Symbol,,,,,,,Price,,,Price chg (%),OI chg (%),,,,,Volume Chg (%),
D:\My-data\Share_P&L\Ichart Data\Screenshot\August26\2026-08-19\VolumeAndOISpikesScans_25AUG26_Report_19_8_2026_135842.xlsx,True,217,Symbol,,,,,,,Price,,,Price chg (%),OI chg (%),,,,,Volume Chg (%),
D:\My-data\Share_P&L\Ichart Data\Screenshot\August26\2026-08-19\VolumeAndOISpikesScans_25AUG26_Report_19_8_2026_140352.xlsx,True,217,Symbol,,,,,,,Price,,,Price chg (%),OI chg (%),,,,,Volume Chg (%),
D:\My-data\Share_P&L\Ichart Data\Screenshot\August26\2026-08-19\VolumeAndOISpikesScans_25AUG26_Report_19_8_2026_140901.xlsx,True,217,Symbol,,,,,,,Price,,,Price chg (%),OI chg (%),,,,,Volume Chg (%),
D:\My-data\Share_P&L\Ichart Data\Screenshot\August26\2026-08-19\VolumeAndOISpikesScans_25AUG26_Report_19_8_2026_141408.xlsx,True,217,Symbol,,,,,,,Price,,,Price chg (%),OI chg (%),,,,,Volume Chg (%),
D:\My-data\Share_P&L\Ichart Data\Screenshot\August26\2026-08-19\VolumeAndOISpikesScans_25AUG26_Report_19_8_2026_141917.xlsx,True,217,Symbol,,,,,,,Price,,,Price chg (%),OI chg (%),,,,,Volume Chg (%),
D:\My-data\Share_P&L\Ichart Data\Screenshot\August26\2026-08-19\VolumeAndOISpikesScans_25AUG26_Report_19_8_2026_142427.xlsx,True,217,Symbol,,,,,,,Price,,,Price chg (%),OI chg (%),,,,,Volume Chg (%),
D:\My-data\Share_P&L\Ichart Data\Screenshot\August26\2026-08-19\VolumeAndOISpikesScans_25AUG26_Report_19_8_2026_142935.xlsx,True,217,Symbol,,,,,,,Price,,,Price chg (%),OI chg (%),,,,,Volume Chg (%),
D:\My-data\Share_P&L\Ichart Data\Screenshot\August26\2026-08-19\VolumeAndOISpikesScans_25AUG26_Report_19_8_2026_143445.xlsx,True,217,Symbol,,,,,,,Price,,,Price chg (%),OI chg (%),,,,,Volume Chg (%),
D:\My-data\Share_P&L\Ichart Data\Screenshot\August26\2026-08-19\VolumeAndOISpikesScans_25AUG26_Report_19_8_2026_143955.xlsx,True,217,Symbol,,,,,,,Price,,,Price chg (%),OI chg (%),,,,,Volume Chg (%),
D:\My-data\Share_P&L\Ichart Data\Screenshot\August26\2026-08-19\VolumeAndOISpikesScans_25AUG26_Report_19_8_2026_144502.xlsx,True,217,Symbol,,,,,,,Price,,,Price chg (%),OI chg (%),,,,,Volume Chg (%),
D:\My-data\Share_P&L\Ichart Data\Screenshot\August26\2026-08-20\Daywise_Price_and_OI_Summary_25AUG26_Report_2026-08-20.xlsx,True,217,Symbol,,,Open,High,Low,Close,,ATM Straddle %,ATM Straddle %,Price Chg %,OI Chg %,PCR Chg %,Tot CE OI Chg %,Tot PE OI Chg %,Tot PE-CE OI Chg,,
D:\My-data\Share_P&L\Ichart Data\Screenshot\August26\2026-08-20\Daywise_Price_and_OI_Summary_25AUG26_Report_2026-08-20_092517.xlsx,True,217,Symbol,,,Open,High,Low,Close,,ATM Straddle %,ATM Straddle %,Price Chg %,OI Chg %,PCR Chg %,Tot CE OI Chg %,Tot PE OI Chg %,Tot PE-CE OI Chg,,
D:\My-data\Share_P&L\Ichart Data\Screenshot\August26\2026-08-20\Daywise_Price_and_OI_Summary_25AUG26_Report_2026-08-20_093025.xlsx,True,217,Symbol,,,Open,High,Low,Close,,ATM Straddle %,ATM Straddle %,Price Chg %,OI Chg %,PCR Chg %,Tot CE OI Chg %,Tot PE OI Chg %,Tot PE-CE OI Chg,,
D:\My-data\Share_P&L\Ichart Data\Screenshot\August26\2026-08-20\Daywise_Price_and_OI_Summary_25AUG26_Report_2026-08-20_093538.xlsx,True,217,Symbol,,,Open,High,Low,Close,,ATM Straddle %,ATM Straddle %,Price Chg %,OI Chg %,PCR Chg %,Tot CE OI Chg %,Tot PE OI Chg %,Tot PE-CE OI Chg,,
D:\My-data\Share_P&L\Ichart Data\Screenshot\August26\2026-08-20\Daywise_Price_and_OI_Summary_25AUG26_Report_2026-08-20_094045.xlsx,True,217,Symbol,,,Open,High,Low,Close,,ATM Straddle %,ATM Straddle %,Price Chg %,OI Chg %,PCR Chg %,Tot CE OI Chg %,Tot PE OI Chg %,Tot PE-CE OI Chg,,
D:\My-data\Share_P&L\Ichart Data\Screenshot\August26\2026-08-20\Daywise_Price_and_OI_Summary_25AUG26_Report_2026-08-20_094554.xlsx,True,217,Symbol,,,Open,High,Low,Close,,ATM Straddle %,ATM Straddle %,Price Chg %,OI Chg %,PCR Chg %,Tot CE OI Chg %,Tot PE OI Chg %,Tot PE-CE OI Chg,,
D:\My-data\Share_P&L\Ichart Data\Screenshot\August26\2026-08-20\Daywise_Price_and_OI_Summary_25AUG26_Report_2026-08-20_095103.xlsx,True,217,Symbol,,,Open,High,Low,Close,,ATM Straddle %,ATM Straddle %,Price Chg %,OI Chg %,PCR Chg %,Tot CE OI Chg %,Tot PE OI Chg %,Tot PE-CE OI Chg,,
D:\My-data\Share_P&L\Ichart Data\Screenshot\August26\2026-08-20\Daywise_Price_and_OI_Summary_25AUG26_Report_2026-08-20_095611.xlsx,True,217,Symbol,,,Open,High,Low,Close,,ATM Straddle %,ATM Straddle %,Price Chg %,OI Chg %,PCR Chg %,Tot CE OI Chg %,Tot PE OI Chg %,Tot PE-CE OI Chg,,
D:\My-data\Share_P&L\Ichart Data\Screenshot\August26\2026-08-20\Daywise_Price_and_OI_Summary_25AUG26_Report_2026-08-20_100120.xlsx,True,217,Symbol,,,Open,High,Low,Close,,ATM Straddle %,ATM Straddle %,Price Chg %,OI Chg %,PCR Chg %,Tot CE OI Chg %,Tot PE OI Chg %,Tot PE-CE OI Chg,,
D:\My-data\Share_P&L\Ichart Data\Screenshot\August26\2026-08-20\Daywise_Price_and_OI_Summary_25AUG26_Report_2026-08-20_100630.xlsx,True,217,Symbol,,,Open,High,Low,Close,,ATM Straddle %,ATM Straddle %,Price Chg %,OI Chg %,PCR Chg %,Tot CE OI Chg %,Tot PE OI Chg %,Tot PE-CE OI Chg,,
D:\My-data\Share_P&L\Ichart Data\Screenshot\August26\2026-08-20\Daywise_Price_and_OI_Summary_25AUG26_Report_2026-08-20_101140.xlsx,True,217,Symbol,,,Open,High,Low,Close,,ATM Straddle %,ATM Straddle %,Price Chg %,OI Chg %,PCR Chg %,Tot CE OI Chg %,Tot PE OI Chg %,Tot PE-CE OI Chg,,
D:\My-data\Share_P&L\Ichart Data\Screenshot\August26\2026-08-20\Daywise_Price_and_OI_Summary_25AUG26_Report_2026-08-20_101647.xlsx,True,217,Symbol,,,Open,High,Low,Close,,ATM Straddle %,ATM Straddle %,Price Chg %,OI Chg %,PCR Chg %,Tot CE OI Chg %,Tot PE OI Chg %,Tot PE-CE OI Chg,,
D:\My-data\Share_P&L\Ichart Data\Screenshot\August26\2026-08-20\Daywise_Price_and_OI_Summary_25AUG26_Report_2026-08-20_102155.xlsx,True,217,Symbol,,,Open,High,Low,Close,,ATM Straddle %,ATM Straddle %,Price Chg %,OI Chg %,PCR Chg %,Tot CE OI Chg %,Tot PE OI Chg %,Tot PE-CE OI Chg,,
D:\My-data\Share_P&L\Ichart Data\Screenshot\August26\2026-08-20\Daywise_Price_and_OI_Summary_25AUG26_Report_2026-08-20_102704.xlsx,True,217,Symbol,,,Open,High,Low,Close,,ATM Straddle %,ATM Straddle %,Price Chg %,OI Chg %,PCR Chg %,Tot CE OI Chg %,Tot PE OI Chg %,Tot PE-CE OI Chg,,
D:\My-data\Share_P&L\Ichart Data\Screenshot\August26\2026-08-20\Daywise_Price_and_OI_Summary_25AUG26_Report_2026-08-20_103213.xlsx,True,217,Symbol,,,Open,High,Low,Close,,ATM Straddle %,ATM Straddle %,Price Chg %,OI Chg %,PCR Chg %,Tot CE OI Chg %,Tot PE OI Chg %,Tot PE-CE OI Chg,,
D:\My-data\Share_P&L\Ichart Data\Screenshot\August26\2026-08-20\Daywise_Price_and_OI_Summary_25AUG26_Report_2026-08-20_103720.xlsx,True,217,Symbol,,,Open,High,Low,Close,,ATM Straddle %,ATM Straddle %,Price Chg %,OI Chg %,PCR Chg %,Tot CE OI Chg %,Tot PE OI Chg %,Tot PE-CE OI Chg,,
D:\My-data\Share_P&L\Ichart Data\Screenshot\August26\2026-08-20\Daywise_Price_and_OI_Summary_25AUG26_Report_2026-08-20_104228.xlsx,True,217,Symbol,,,Open,High,Low,Close,,ATM Straddle %,ATM Straddle %,Price Chg %,OI Chg %,PCR Chg %,Tot CE OI Chg %,Tot PE OI Chg %,Tot PE-CE OI Chg,,
D:\My-data\Share_P&L\Ichart Data\Screenshot\August26\2026-08-20\Daywise_Price_and_OI_Summary_25AUG26_Report_2026-08-20_104735.xlsx,True,217,Symbol,,,Open,High,Low,Close,,ATM Straddle %,ATM Straddle %,Price Chg %,OI Chg %,PCR Chg %,Tot CE OI Chg %,Tot PE OI Chg %,Tot PE-CE OI Chg,,
D:\My-data\Share_P&L\Ichart Data\Screenshot\August26\2026-08-20\Daywise_Price_and_OI_Summary_25AUG26_Report_2026-08-20_105242.xlsx,True,217,Symbol,,,Open,High,Low,Close,,ATM Straddle %,ATM Straddle %,Price Chg %,OI Chg %,PCR Chg %,Tot CE OI Chg %,Tot PE OI Chg %,Tot PE-CE OI Chg,,
D:\My-data\Share_P&L\Ichart Data\Screenshot\August26\2026-08-20\Daywise_Price_and_OI_Summary_25AUG26_Report_2026-08-20_105750.xlsx,True,217,Symbol,,,Open,High,Low,Close,,ATM Straddle %,ATM Straddle %,Price Chg %,OI Chg %,PCR Chg %,Tot CE OI Chg %,Tot PE OI Chg %,Tot PE-CE OI Chg,,
D:\My-data\Share_P&L\Ichart Data\Screenshot\August26\2026-08-20\Daywise_Price_and_OI_Summary_25AUG26_Report_2026-08-20_110301.xlsx,True,217,Symbol,,,Open,High,Low,Close,,ATM Straddle %,ATM Straddle %,Price Chg %,OI Chg %,PCR Chg %,Tot CE OI Chg %,Tot PE OI Chg %,Tot PE-CE OI Chg,,
D:\My-data\Share_P&L\Ichart Data\Screenshot\August26\2026-08-20\Daywise_Price_and_OI_Summary_25AUG26_Report_2026-08-20_112036.xlsx,True,217,Symbol,,,Open,High,Low,Close,,ATM Straddle %,ATM Straddle %,Price Chg %,OI Chg %,PCR Chg %,Tot CE OI Chg %,Tot PE OI Chg %,Tot PE-CE OI Chg,,
D:\My-data\Share_P&L\Ichart Data\Screenshot\August26\2026-08-20\Daywise_Price_and_OI_Summary_25AUG26_Report_2026-08-20_112544.xlsx,True,217,Symbol,,,Open,High,Low,Close,,ATM Straddle %,ATM Straddle %,Price Chg %,OI Chg %,PCR Chg %,Tot CE OI Chg %,Tot PE OI Chg %,Tot PE-CE OI Chg,,
D:\My-data\Share_P&L\Ichart Data\Screenshot\August26\2026-08-20\Daywise_Price_and_OI_Summary_25AUG26_Report_2026-08-20_113051.xlsx,True,217,Symbol,,,Open,High,Low,Close,,ATM Straddle %,ATM Straddle %,Price Chg %,OI Chg %,PCR Chg %,Tot CE OI Chg %,Tot PE OI Chg %,Tot PE-CE OI Chg,,
D:\My-data\Share_P&L\Ichart Data\Screenshot\August26\2026-08-20\Daywise_Price_and_OI_Summary_25AUG26_Report_2026-08-20_113600.xlsx,True,217,Symbol,,,Open,High,Low,Close,,ATM Straddle %,ATM Straddle %,Price Chg %,OI Chg %,PCR Chg %,Tot CE OI Chg %,Tot PE OI Chg %,Tot PE-CE OI Chg,,
D:\My-data\Share_P&L\Ichart Data\Screenshot\August26\2026-08-20\Daywise_Price_and_OI_Summary_25AUG26_Report_2026-08-20_114107.xlsx,True,217,Symbol,,,Open,High,Low,Close,,ATM Straddle %,ATM Straddle %,Price Chg %,OI Chg %,PCR Chg %,Tot CE OI Chg %,Tot PE OI Chg %,Tot PE-CE OI Chg,,
D:\My-data\Share_P&L\Ichart Data\Screenshot\August26\2026-08-20\Daywise_Price_and_OI_Summary_25AUG26_Report_2026-08-20_114615.xlsx,True,217,Symbol,,,Open,High,Low,Close,,ATM Straddle %,ATM Straddle %,Price Chg %,OI Chg %,PCR Chg %,Tot CE OI Chg %,Tot PE OI Chg %,Tot PE-CE OI Chg,,
D:\My-data\Share_P&L\Ichart Data\Screenshot\August26\2026-08-20\Daywise_Price_and_OI_Summary_25AUG26_Report_2026-08-20_115125.xlsx,True,217,Symbol,,,Open,High,Low,Close,,ATM Straddle %,ATM Straddle %,Price Chg %,OI Chg %,PCR Chg %,Tot CE OI Chg %,Tot PE OI Chg %,Tot PE-CE OI Chg,,
D:\My-data\Share_P&L\Ichart Data\Screenshot\August26\2026-08-20\Daywise_Price_and_OI_Summary_25AUG26_Report_2026-08-20_115633.xlsx,True,217,Symbol,,,Open,High,Low,Close,,ATM Straddle %,ATM Straddle %,Price Chg %,OI Chg %,PCR Chg %,Tot CE OI Chg %,Tot PE OI Chg %,Tot PE-CE OI Chg,,
D:\My-data\Share_P&L\Ichart Data\Screenshot\August26\2026-08-20\Daywise_Price_and_OI_Summary_25AUG26_Report_2026-08-20_120141.xlsx,True,217,Symbol,,,Open,High,Low,Close,,ATM Straddle %,ATM Straddle %,Price Chg %,OI Chg %,PCR Chg %,Tot CE OI Chg %,Tot PE OI Chg %,Tot PE-CE OI Chg,,
D:\My-data\Share_P&L\Ichart Data\Screenshot\August26\2026-08-20\Daywise_Price_and_OI_Summary_25AUG26_Report_2026-08-20_120649.xlsx,True,217,Symbol,,,Open,High,Low,Close,,ATM Straddle %,ATM Straddle %,Price Chg %,OI Chg %,PCR Chg %,Tot CE OI Chg %,Tot PE OI Chg %,Tot PE-CE OI Chg,,
D:\My-data\Share_P&L\Ichart Data\Screenshot\August26\2026-08-20\Daywise_Price_and_OI_Summary_25AUG26_Report_2026-08-20_121156.xlsx,True,217,Symbol,,,Open,High,Low,Close,,ATM Straddle %,ATM Straddle %,Price Chg %,OI Chg %,PCR Chg %,Tot CE OI Chg %,Tot PE OI Chg %,Tot PE-CE OI Chg,,
D:\My-data\Share_P&L\Ichart Data\Screenshot\August26\2026-08-20\Daywise_Price_and_OI_Summary_25AUG26_Report_2026-08-20_121703.xlsx,True,217,Symbol,,,Open,High,Low,Close,,ATM Straddle %,ATM Straddle %,Price Chg %,OI Chg %,PCR Chg %,Tot CE OI Chg %,Tot PE OI Chg %,Tot PE-CE OI Chg,,
D:\My-data\Share_P&L\Ichart Data\Screenshot\August26\2026-08-20\Daywise_Price_and_OI_Summary_25AUG26_Report_2026-08-20_122212.xlsx,True,217,Symbol,,,Open,High,Low,Close,,ATM Straddle %,ATM Straddle %,Price Chg %,OI Chg %,PCR Chg %,Tot CE OI Chg %,Tot PE OI Chg %,Tot PE-CE OI Chg,,
D:\My-data\Share_P&L\Ichart Data\Screenshot\August26\2026-08-20\Daywise_Price_and_OI_Summary_25AUG26_Report_2026-08-20_122719.xlsx,True,217,Symbol,,,Open,High,Low,Close,,ATM Straddle %,ATM Straddle %,Price Chg %,OI Chg %,PCR Chg %,Tot CE OI Chg %,Tot PE OI Chg %,Tot PE-CE OI Chg,,
D:\My-data\Share_P&L\Ichart Data\Screenshot\August26\2026-08-20\Daywise_Price_and_OI_Summary_25AUG26_Report_2026-08-20_123228.xlsx,True,217,Symbol,,,Open,High,Low,Close,,ATM Straddle %,ATM Straddle %,Price Chg %,OI Chg %,PCR Chg %,Tot CE OI Chg %,Tot PE OI Chg %,Tot PE-CE OI Chg,,
D:\My-data\Share_P&L\Ichart Data\Screenshot\August26\2026-08-20\Daywise_Price_and_OI_Summary_25AUG26_Report_2026-08-20_123735.xlsx,True,217,Symbol,,,Open,High,Low,Close,,ATM Straddle %,ATM Straddle %,Price Chg %,OI Chg %,PCR Chg %,Tot CE OI Chg %,Tot PE OI Chg %,Tot PE-CE OI Chg,,
D:\My-data\Share_P&L\Ichart Data\Screenshot\August26\2026-08-20\Daywise_Price_and_OI_Summary_25AUG26_Report_2026-08-20_124242.xlsx,True,217,Symbol,,,Open,High,Low,Close,,ATM Straddle %,ATM Straddle %,Price Chg %,OI Chg %,PCR Chg %,Tot CE OI Chg %,Tot PE OI Chg %,Tot PE-CE OI Chg,,
D:\My-data\Share_P&L\Ichart Data\Screenshot\August26\2026-08-20\Daywise_Price_and_OI_Summary_25AUG26_Report_2026-08-20_124752.xlsx,True,217,Symbol,,,Open,High,Low,Close,,ATM Straddle %,ATM Straddle %,Price Chg %,OI Chg %,PCR Chg %,Tot CE OI Chg %,Tot PE OI Chg %,Tot PE-CE OI Chg,,
D:\My-data\Share_P&L\Ichart Data\Screenshot\August26\2026-08-20\Daywise_Price_and_OI_Summary_25AUG26_Report_2026-08-20_125300.xlsx,True,217,Symbol,,,Open,High,Low,Close,,ATM Straddle %,ATM Straddle %,Price Chg %,OI Chg %,PCR Chg %,Tot CE OI Chg %,Tot PE OI Chg %,Tot PE-CE OI Chg,,
D:\My-data\Share_P&L\Ichart Data\Screenshot\August26\2026-08-20\Daywise_Price_and_OI_Summary_25AUG26_Report_2026-08-20_125808.xlsx,True,217,Symbol,,,Open,High,Low,Close,,ATM Straddle %,ATM Straddle %,Price Chg %,OI Chg %,PCR Chg %,Tot CE OI Chg %,Tot PE OI Chg %,Tot PE-CE OI Chg,,
D:\My-data\Share_P&L\Ichart Data\Screenshot\August26\2026-08-20\Daywise_Price_and_OI_Summary_25AUG26_Report_2026-08-20_130316.xlsx,True,217,Symbol,,,Open,High,Low,Close,,ATM Straddle %,ATM Straddle %,Price Chg %,OI Chg %,PCR Chg %,Tot CE OI Chg %,Tot PE OI Chg %,Tot PE-CE OI Chg,,
D:\My-data\Share_P&L\Ichart Data\Screenshot\August26\2026-08-20\Daywise_Price_and_OI_Summary_25AUG26_Report_2026-08-20_130826.xlsx,True,217,Symbol,,,Open,High,Low,Close,,ATM Straddle %,ATM Straddle %,Price Chg %,OI Chg %,PCR Chg %,Tot CE OI Chg %,Tot PE OI Chg %,Tot PE-CE OI Chg,,
D:\My-data\Share_P&L\Ichart Data\Screenshot\August26\2026-08-20\Daywise_Price_and_OI_Summary_25AUG26_Report_2026-08-20_131334.xlsx,True,217,Symbol,,,Open,High,Low,Close,,ATM Straddle %,ATM Straddle %,Price Chg %,OI Chg %,PCR Chg %,Tot CE OI Chg %,Tot PE OI Chg %,Tot PE-CE OI Chg,,
D:\My-data\Share_P&L\Ichart Data\Screenshot\August26\2026-08-20\Daywise_Price_and_OI_Summary_25AUG26_Report_2026-08-20_131843.xlsx,True,217,Symbol,,,Open,High,Low,Close,,ATM Straddle %,ATM Straddle %,Price Chg %,OI Chg %,PCR Chg %,Tot CE OI Chg %,Tot PE OI Chg %,Tot PE-CE OI Chg,,
D:\My-data\Share_P&L\Ichart Data\Screenshot\August26\2026-08-20\Daywise_Price_and_OI_Summary_25AUG26_Report_2026-08-20_132352.xlsx,True,217,Symbol,,,Open,High,Low,Close,,ATM Straddle %,ATM Straddle %,Price Chg %,OI Chg %,PCR Chg %,Tot CE OI Chg %,Tot PE OI Chg %,Tot PE-CE OI Chg,,
D:\My-data\Share_P&L\Ichart Data\Screenshot\August26\2026-08-20\Daywise_Price_and_OI_Summary_25AUG26_Report_2026-08-20_132859.xlsx,True,217,Symbol,,,Open,High,Low,Close,,ATM Straddle %,ATM Straddle %,Price Chg %,OI Chg %,PCR Chg %,Tot CE OI Chg %,Tot PE OI Chg %,Tot PE-CE OI Chg,,
D:\My-data\Share_P&L\Ichart Data\Screenshot\August26\2026-08-20\Daywise_Price_and_OI_Summary_25AUG26_Report_2026-08-20_133408.xlsx,True,217,Symbol,,,Open,High,Low,Close,,ATM Straddle %,ATM Straddle %,Price Chg %,OI Chg %,PCR Chg %,Tot CE OI Chg %,Tot PE OI Chg %,Tot PE-CE OI Chg,,
D:\My-data\Share_P&L\Ichart Data\Screenshot\August26\2026-08-20\Daywise_Price_and_OI_Summary_25AUG26_Report_2026-08-20_133917.xlsx,True,217,Symbol,,,Open,High,Low,Close,,ATM Straddle %,ATM Straddle %,Price Chg %,OI Chg %,PCR Chg %,Tot CE OI Chg %,Tot PE OI Chg %,Tot PE-CE OI Chg,,
D:\My-data\Share_P&L\Ichart Data\Screenshot\August26\2026-08-20\Daywise_Price_and_OI_Summary_25AUG26_Report_2026-08-20_134425.xlsx,True,217,Symbol,,,Open,High,Low,Close,,ATM Straddle %,ATM Straddle %,Price Chg %,OI Chg %,PCR Chg %,Tot CE OI Chg %,Tot PE OI Chg %,Tot PE-CE OI Chg,,
D:\My-data\Share_P&L\Ichart Data\Screenshot\August26\2026-08-20\Daywise_Price_and_OI_Summary_25AUG26_Report_2026-08-20_134933.xlsx,True,217,Symbol,,,Open,High,Low,Close,,ATM Straddle %,ATM Straddle %,Price Chg %,OI Chg %,PCR Chg %,Tot CE OI Chg %,Tot PE OI Chg %,Tot PE-CE OI Chg,,
D:\My-data\Share_P&L\Ichart Data\Screenshot\August26\2026-08-20\Daywise_Price_and_OI_Summary_25AUG26_Report_2026-08-20_135445.xlsx,True,217,Symbol,,,Open,High,Low,Close,,ATM Straddle %,ATM Straddle %,Price Chg %,OI Chg %,PCR Chg %,Tot CE OI Chg %,Tot PE OI Chg %,Tot PE-CE OI Chg,,
D:\My-data\Share_P&L\Ichart Data\Screenshot\August26\2026-08-20\Daywise_Price_and_OI_Summary_25AUG26_Report_2026-08-20_135956.xlsx,True,217,Symbol,,,Open,High,Low,Close,,ATM Straddle %,ATM Straddle %,Price Chg %,OI Chg %,PCR Chg %,Tot CE OI Chg %,Tot PE OI Chg %,Tot PE-CE OI Chg,,
D:\My-data\Share_P&L\Ichart Data\Screenshot\August26\2026-08-20\Daywise_Price_and_OI_Summary_25AUG26_Report_2026-08-20_140504.xlsx,True,217,Symbol,,,Open,High,Low,Close,,ATM Straddle %,ATM Straddle %,Price Chg %,OI Chg %,PCR Chg %,Tot CE OI Chg %,Tot PE OI Chg %,Tot PE-CE OI Chg,,
D:\My-data\Share_P&L\Ichart Data\Screenshot\August26\2026-08-20\Daywise_Price_and_OI_Summary_25AUG26_Report_2026-08-20_141013.xlsx,True,217,Symbol,,,Open,High,Low,Close,,ATM Straddle %,ATM Straddle %,Price Chg %,OI Chg %,PCR Chg %,Tot CE OI Chg %,Tot PE OI Chg %,Tot PE-CE OI Chg,,
D:\My-data\Share_P&L\Ichart Data\Screenshot\August26\2026-08-20\Daywise_Price_and_OI_Summary_25AUG26_Report_2026-08-20_141524.xlsx,True,217,Symbol,,,Open,High,Low,Close,,ATM Straddle %,ATM Straddle %,Price Chg %,OI Chg %,PCR Chg %,Tot CE OI Chg %,Tot PE OI Chg %,Tot PE-CE OI Chg,,
D:\My-data\Share_P&L\Ichart Data\Screenshot\August26\2026-08-20\Daywise_Price_and_OI_Summary_25AUG26_Report_2026-08-20_142032.xlsx,True,217,Symbol,,,Open,High,Low,Close,,ATM Straddle %,ATM Straddle %,Price Chg %,OI Chg %,PCR Chg %,Tot CE OI Chg %,Tot PE OI Chg %,Tot PE-CE OI Chg,,
D:\My-data\Share_P&L\Ichart Data\Screenshot\August26\2026-08-20\Daywise_Price_and_OI_Summary_25AUG26_Report_2026-08-20_142543.xlsx,True,217,Symbol,,,Open,High,Low,Close,,ATM Straddle %,ATM Straddle %,Price Chg %,OI Chg %,PCR Chg %,Tot CE OI Chg %,Tot PE OI Chg %,Tot PE-CE OI Chg,,
D:\My-data\Share_P&L\Ichart Data\Screenshot\August26\2026-08-20\Daywise_Price_and_OI_Summary_25AUG26_Report_2026-08-20_143051.xlsx,True,217,Symbol,,,Open,High,Low,Close,,ATM Straddle %,ATM Straddle %,Price Chg %,OI Chg %,PCR Chg %,Tot CE OI Chg %,Tot PE OI Chg %,Tot PE-CE OI Chg,,
D:\My-data\Share_P&L\Ichart Data\Screenshot\August26\2026-08-20\Daywise_Price_and_OI_Summary_25AUG26_Report_2026-08-20_143609.xlsx,True,217,Symbol,,,Open,High,Low,Close,,ATM Straddle %,ATM Straddle %,Price Chg %,OI Chg %,PCR Chg %,Tot CE OI Chg %,Tot PE OI Chg %,Tot PE-CE OI Chg,,
D:\My-data\Share_P&L\Ichart Data\Screenshot\August26\2026-08-20\Daywise_Price_and_OI_Summary_25AUG26_Report_2026-08-20_144118.xlsx,True,217,Symbol,,,Open,High,Low,Close,,ATM Straddle %,ATM Straddle %,Price Chg %,OI Chg %,PCR Chg %,Tot CE OI Chg %,Tot PE OI Chg %,Tot PE-CE OI Chg,,
D:\My-data\Share_P&L\Ichart Data\Screenshot\August26\2026-08-20\IVR-IVP_25AUG26_Report_2026-08-20.xlsx,True,215,,,,,,,,,,,,,,,,,,
D:\My-data\Share_P&L\Ichart Data\Screenshot\August26\2026-08-20\IVR-IVP_25AUG26_Report_2026-08-20_092526.xlsx,True,215,,,,,,,,,,,,,,,,,,
D:\My-data\Share_P&L\Ichart Data\Screenshot\August26\2026-08-20\IVR-IVP_25AUG26_Report_2026-08-20_093034.xlsx,True,215,,,,,,,,,,,,,,,,,,
D:\My-data\Share_P&L\Ichart Data\Screenshot\August26\2026-08-20\IVR-IVP_25AUG26_Report_2026-08-20_093546.xlsx,True,215,,,,,,,,,,,,,,,,,,
D:\My-data\Share_P&L\Ichart Data\Screenshot\August26\2026-08-20\IVR-IVP_25AUG26_Report_2026-08-20_094053.xlsx,True,216,,,,,,,,,,,,,,,,,,
D:\My-data\Share_P&L\Ichart Data\Screenshot\August26\2026-08-20\IVR-IVP_25AUG26_Report_2026-08-20_094602.xlsx,True,217,,,,,,,,,,,,,,,,,,
D:\My-data\Share_P&L\Ichart Data\Screenshot\August26\2026-08-20\IVR-IVP_25AUG26_Report_2026-08-20_095111.xlsx,True,217,,,,,,,,,,,,,,,,,,
D:\My-data\Share_P&L\Ichart Data\Screenshot\August26\2026-08-20\IVR-IVP_25AUG26_Report_2026-08-20_095620.xlsx,True,217,,,,,,,,,,,,,,,,,,
D:\My-data\Share_P&L\Ichart Data\Screenshot\August26\2026-08-20\IVR-IVP_25AUG26_Report_2026-08-20_100128.xlsx,True,217,,,,,,,,,,,,,,,,,,
D:\My-data\Share_P&L\Ichart Data\Screenshot\August26\2026-08-20\IVR-IVP_25AUG26_Report_2026-08-20_100638.xlsx,True,217,,,,,,,,,,,,,,,,,,
D:\My-data\Share_P&L\Ichart Data\Screenshot\August26\2026-08-20\IVR-IVP_25AUG26_Report_2026-08-20_101147.xlsx,True,217,,,,,,,,,,,,,,,,,,
D:\My-data\Share_P&L\Ichart Data\Screenshot\August26\2026-08-20\IVR-IVP_25AUG26_Report_2026-08-20_101655.xlsx,True,217,,,,,,,,,,,,,,,,,,
D:\My-data\Share_P&L\Ichart Data\Screenshot\August26\2026-08-20\IVR-IVP_25AUG26_Report_2026-08-20_102203.xlsx,True,217,,,,,,,,,,,,,,,,,,
D:\My-data\Share_P&L\Ichart Data\Screenshot\August26\2026-08-20\IVR-IVP_25AUG26_Report_2026-08-20_102713.xlsx,True,217,,,,,,,,,,,,,,,,,,
D:\My-data\Share_P&L\Ichart Data\Screenshot\August26\2026-08-20\IVR-IVP_25AUG26_Report_2026-08-20_103221.xlsx,True,217,,,,,,,,,,,,,,,,,,
D:\My-data\Share_P&L\Ichart Data\Screenshot\August26\2026-08-20\IVR-IVP_25AUG26_Report_2026-08-20_103728.xlsx,True,217,,,,,,,,,,,,,,,,,,
D:\My-data\Share_P&L\Ichart Data\Screenshot\August26\2026-08-20\IVR-IVP_25AUG26_Report_2026-08-20_104237.xlsx,True,217,,,,,,,,,,,,,,,,,,
D:\My-data\Share_P&L\Ichart Data\Screenshot\August26\2026-08-20\IVR-IVP_25AUG26_Report_2026-08-20_104744.xlsx,True,217,,,,,,,,,,,,,,,,,,
D:\My-data\Share_P&L\Ichart Data\Screenshot\August26\2026-08-20\IVR-IVP_25AUG26_Report_2026-08-20_105251.xlsx,True,217,,,,,,,,,,,,,,,,,,
D:\My-data\Share_P&L\Ichart Data\Screenshot\August26\2026-08-20\IVR-IVP_25AUG26_Report_2026-08-20_105759.xlsx,True,217,,,,,,,,,,,,,,,,,,
D:\My-data\Share_P&L\Ichart Data\Screenshot\August26\2026-08-20\IVR-IVP_25AUG26_Report_2026-08-20_110310.xlsx,True,217,,,,,,,,,,,,,,,,,,
D:\My-data\Share_P&L\Ichart Data\Screenshot\August26\2026-08-20\IVR-IVP_25AUG26_Report_2026-08-20_112044.xlsx,True,217,,,,,,,,,,,,,,,,,,
D:\My-data\Share_P&L\Ichart Data\Screenshot\August26\2026-08-20\IVR-IVP_25AUG26_Report_2026-08-20_112551.xlsx,True,217,,,,,,,,,,,,,,,,,,
D:\My-data\Share_P&L\Ichart Data\Screenshot\August26\2026-08-20\IVR-IVP_25AUG26_Report_2026-08-20_113059.xlsx,True,217,,,,,,,,,,,,,,,,,,
D:\My-data\Share_P&L\Ichart Data\Screenshot\August26\2026-08-20\IVR-IVP_25AUG26_Report_2026-08-20_113609.xlsx,True,217,,,,,,,,,,,,,,,,,,
D:\My-data\Share_P&L\Ichart Data\Screenshot\August26\2026-08-20\IVR-IVP_25AUG26_Report_2026-08-20_114116.xlsx,True,217,,,,,,,,,,,,,,,,,,
D:\My-data\Share_P&L\Ichart Data\Screenshot\August26\2026-08-20\IVR-IVP_25AUG26_Report_2026-08-20_114624.xlsx,True,217,,,,,,,,,,,,,,,,,,
D:\My-data\Share_P&L\Ichart Data\Screenshot\August26\2026-08-20\IVR-IVP_25AUG26_Report_2026-08-20_115135.xlsx,True,217,,,,,,,,,,,,,,,,,,
D:\My-data\Share_P&L\Ichart Data\Screenshot\August26\2026-08-20\IVR-IVP_25AUG26_Report_2026-08-20_115642.xlsx,True,217,,,,,,,,,,,,,,,,,,
D:\My-data\Share_P&L\Ichart Data\Screenshot\August26\2026-08-20\IVR-IVP_25AUG26_Report_2026-08-20_120151.xlsx,True,217,,,,,,,,,,,,,,,,,,
D:\My-data\Share_P&L\Ichart Data\Screenshot\August26\2026-08-20\IVR-IVP_25AUG26_Report_2026-08-20_120659.xlsx,True,217,,,,,,,,,,,,,,,,,,
D:\My-data\Share_P&L\Ichart Data\Screenshot\August26\2026-08-20\IVR-IVP_25AUG26_Report_2026-08-20_121207.xlsx,True,217,,,,,,,,,,,,,,,,,,
D:\My-data\Share_P&L\Ichart Data\Screenshot\August26\2026-08-20\IVR-IVP_25AUG26_Report_2026-08-20_121715.xlsx,True,217,,,,,,,,,,,,,,,,,,
D:\My-data\Share_P&L\Ichart Data\Screenshot\August26\2026-08-20\IVR-IVP_25AUG26_Report_2026-08-20_122224.xlsx,True,217,,,,,,,,,,,,,,,,,,
D:\My-data\Share_P&L\Ichart Data\Screenshot\August26\2026-08-20\IVR-IVP_25AUG26_Report_2026-08-20_122732.xlsx,True,217,,,,,,,,,,,,,,,,,,
D:\My-data\Share_P&L\Ichart Data\Screenshot\August26\2026-08-20\IVR-IVP_25AUG26_Report_2026-08-20_123241.xlsx,True,217,,,,,,,,,,,,,,,,,,
D:\My-data\Share_P&L\Ichart Data\Screenshot\August26\2026-08-20\IVR-IVP_25AUG26_Report_2026-08-20_123748.xlsx,True,217,,,,,,,,,,,,,,,,,,
D:\My-data\Share_P&L\Ichart Data\Screenshot\August26\2026-08-20\IVR-IVP_25AUG26_Report_2026-08-20_124256.xlsx,True,217,,,,,,,,,,,,,,,,,,
D:\My-data\Share_P&L\Ichart Data\Screenshot\August26\2026-08-20\IVR-IVP_25AUG26_Report_2026-08-20_124803.xlsx,True,217,,,,,,,,,,,,,,,,,,
D:\My-data\Share_P&L\Ichart Data\Screenshot\August26\2026-08-20\IVR-IVP_25AUG26_Report_2026-08-20_125311.xlsx,True,217,,,,,,,,,,,,,,,,,,
D:\My-data\Share_P&L\Ichart Data\Screenshot\August26\2026-08-20\IVR-IVP_25AUG26_Report_2026-08-20_125820.xlsx,True,217,,,,,,,,,,,,,,,,,,
D:\My-data\Share_P&L\Ichart Data\Screenshot\August26\2026-08-20\IVR-IVP_25AUG26_Report_2026-08-20_130327.xlsx,True,217,,,,,,,,,,,,,,,,,,
D:\My-data\Share_P&L\Ichart Data\Screenshot\August26\2026-08-20\IVR-IVP_25AUG26_Report_2026-08-20_130835.xlsx,True,217,,,,,,,,,,,,,,,,,,
D:\My-data\Share_P&L\Ichart Data\Screenshot\August26\2026-08-20\IVR-IVP_25AUG26_Report_2026-08-20_131343.xlsx,True,217,,,,,,,,,,,,,,,,,,
D:\My-data\Share_P&L\Ichart Data\Screenshot\August26\2026-08-20\IVR-IVP_25AUG26_Report_2026-08-20_131851.xlsx,True,217,,,,,,,,,,,,,,,,,,
D:\My-data\Share_P&L\Ichart Data\Screenshot\August26\2026-08-20\IVR-IVP_25AUG26_Report_2026-08-20_132400.xlsx,True,217,,,,,,,,,,,,,,,,,,
D:\My-data\Share_P&L\Ichart Data\Screenshot\August26\2026-08-20\IVR-IVP_25AUG26_Report_2026-08-20_132908.xlsx,True,217,,,,,,,,,,,,,,,,,,
D:\My-data\Share_P&L\Ichart Data\Screenshot\August26\2026-08-20\IVR-IVP_25AUG26_Report_2026-08-20_133416.xlsx,True,217,,,,,,,,,,,,,,,,,,
D:\My-data\Share_P&L\Ichart Data\Screenshot\August26\2026-08-20\IVR-IVP_25AUG26_Report_2026-08-20_133927.xlsx,True,217,,,,,,,,,,,,,,,,,,
D:\My-data\Share_P&L\Ichart Data\Screenshot\August26\2026-08-20\IVR-IVP_25AUG26_Report_2026-08-20_134435.xlsx,True,217,,,,,,,,,,,,,,,,,,
D:\My-data\Share_P&L\Ichart Data\Screenshot\August26\2026-08-20\IVR-IVP_25AUG26_Report_2026-08-20_134944.xlsx,True,217,,,,,,,,,,,,,,,,,,
D:\My-data\Share_P&L\Ichart Data\Screenshot\August26\2026-08-20\IVR-IVP_25AUG26_Report_2026-08-20_135456.xlsx,True,217,,,,,,,,,,,,,,,,,,
D:\My-data\Share_P&L\Ichart Data\Screenshot\August26\2026-08-20\IVR-IVP_25AUG26_Report_2026-08-20_140004.xlsx,True,217,,,,,,,,,,,,,,,,,,
D:\My-data\Share_P&L\Ichart Data\Screenshot\August26\2026-08-20\IVR-IVP_25AUG26_Report_2026-08-20_140513.xlsx,True,217,,,,,,,,,,,,,,,,,,
D:\My-data\Share_P&L\Ichart Data\Screenshot\August26\2026-08-20\IVR-IVP_25AUG26_Report_2026-08-20_141022.xlsx,True,217,,,,,,,,,,,,,,,,,,
D:\My-data\Share_P&L\Ichart Data\Screenshot\August26\2026-08-20\IVR-IVP_25AUG26_Report_2026-08-20_141534.xlsx,True,217,,,,,,,,,,,,,,,,,,
D:\My-data\Share_P&L\Ichart Data\Screenshot\August26\2026-08-20\IVR-IVP_25AUG26_Report_2026-08-20_142043.xlsx,True,217,,,,,,,,,,,,,,,,,,
D:\My-data\Share_P&L\Ichart Data\Screenshot\August26\2026-08-20\IVR-IVP_25AUG26_Report_2026-08-20_142551.xlsx,True,217,,,,,,,,,,,,,,,,,,
D:\My-data\Share_P&L\Ichart Data\Screenshot\August26\2026-08-20\IVR-IVP_25AUG26_Report_2026-08-20_143100.xlsx,True,217,,,,,,,,,,,,,,,,,,
D:\My-data\Share_P&L\Ichart Data\Screenshot\August26\2026-08-20\IVR-IVP_25AUG26_Report_2026-08-20_143617.xlsx,True,217,,,,,,,,,,,,,,,,,,
D:\My-data\Share_P&L\Ichart Data\Screenshot\August26\2026-08-20\IVR-IVP_25AUG26_Report_2026-08-20_144127.xlsx,True,217,,,,,,,,,,,,,,,,,,
D:\My-data\Share_P&L\Ichart Data\Screenshot\August26\2026-08-20\NTIS_gate_audit_2026-08-20.csv,True,588,Symbol,,Time,,,,,,,,,,,,,,,
D:\My-data\Share_P&L\Ichart Data\Screenshot\August26\2026-08-20\Resistance_Resistance_25AUG26_Scan_20_8_2026.xlsx,True,89,Symbol,,,,,,,Price,,,Price Chg%,,,,,,,
D:\My-data\Share_P&L\Ichart Data\Screenshot\August26\2026-08-20\Resistance_Resistance_25AUG26_Scan_20_8_2026_092558.xlsx,True,89,Symbol,,,,,,,Price,,,Price Chg%,,,,,,,
D:\My-data\Share_P&L\Ichart Data\Screenshot\August26\2026-08-20\Resistance_Resistance_25AUG26_Scan_20_8_2026_093112.xlsx,True,85,Symbol,,,,,,,Price,,,Price Chg%,,,,,,,
D:\My-data\Share_P&L\Ichart Data\Screenshot\August26\2026-08-20\Resistance_Resistance_25AUG26_Scan_20_8_2026_093621.xlsx,True,85,Symbol,,,,,,,Price,,,Price Chg%,,,,,,,
D:\My-data\Share_P&L\Ichart Data\Screenshot\August26\2026-08-20\Resistance_Resistance_25AUG26_Scan_20_8_2026_094130.xlsx,True,88,Symbol,,,,,,,Price,,,Price Chg%,,,,,,,
D:\My-data\Share_P&L\Ichart Data\Screenshot\August26\2026-08-20\Resistance_Resistance_25AUG26_Scan_20_8_2026_094641.xlsx,True,92,Symbol,,,,,,,Price,,,Price Chg%,,,,,,,
D:\My-data\Share_P&L\Ichart Data\Screenshot\August26\2026-08-20\Resistance_Resistance_25AUG26_Scan_20_8_2026_095150.xlsx,True,92,Symbol,,,,,,,Price,,,Price Chg%,,,,,,,
D:\My-data\Share_P&L\Ichart Data\Screenshot\August26\2026-08-20\Resistance_Resistance_25AUG26_Scan_20_8_2026_095700.xlsx,True,92,Symbol,,,,,,,Price,,,Price Chg%,,,,,,,
D:\My-data\Share_P&L\Ichart Data\Screenshot\August26\2026-08-20\Resistance_Resistance_25AUG26_Scan_20_8_2026_100210.xlsx,True,92,Symbol,,,,,,,Price,,,Price Chg%,,,,,,,
D:\My-data\Share_P&L\Ichart Data\Screenshot\August26\2026-08-20\Resistance_Resistance_25AUG26_Scan_20_8_2026_100720.xlsx,True,93,Symbol,,,,,,,Price,,,Price Chg%,,,,,,,
D:\My-data\Share_P&L\Ichart Data\Screenshot\August26\2026-08-20\Resistance_Resistance_25AUG26_Scan_20_8_2026_101229.xlsx,True,98,Symbol,,,,,,,Price,,,Price Chg%,,,,,,,
D:\My-data\Share_P&L\Ichart Data\Screenshot\August26\2026-08-20\Resistance_Resistance_25AUG26_Scan_20_8_2026_101739.xlsx,True,94,Symbol,,,,,,,Price,,,Price Chg%,,,,,,,
D:\My-data\Share_P&L\Ichart Data\Screenshot\August26\2026-08-20\Resistance_Resistance_25AUG26_Scan_20_8_2026_102248.xlsx,True,92,Symbol,,,,,,,Price,,,Price Chg%,,,,,,,
D:\My-data\Share_P&L\Ichart Data\Screenshot\August26\2026-08-20\Resistance_Resistance_25AUG26_Scan_20_8_2026_102758.xlsx,True,92,Symbol,,,,,,,Price,,,Price Chg%,,,,,,,
D:\My-data\Share_P&L\Ichart Data\Screenshot\August26\2026-08-20\Resistance_Resistance_25AUG26_Scan_20_8_2026_103308.xlsx,True,92,Symbol,,,,,,,Price,,,Price Chg%,,,,,,,
D:\My-data\Share_P&L\Ichart Data\Screenshot\August26\2026-08-20\Resistance_Resistance_25AUG26_Scan_20_8_2026_103818.xlsx,True,94,Symbol,,,,,,,Price,,,Price Chg%,,,,,,,
D:\My-data\Share_P&L\Ichart Data\Screenshot\August26\2026-08-20\Resistance_Resistance_25AUG26_Scan_20_8_2026_104328.xlsx,True,94,Symbol,,,,,,,Price,,,Price Chg%,,,,,,,
D:\My-data\Share_P&L\Ichart Data\Screenshot\August26\2026-08-20\Resistance_Resistance_25AUG26_Scan_20_8_2026_104837.xlsx,True,91,Symbol,,,,,,,Price,,,Price Chg%,,,,,,,
D:\My-data\Share_P&L\Ichart Data\Screenshot\August26\2026-08-20\Resistance_Resistance_25AUG26_Scan_20_8_2026_105347.xlsx,True,93,Symbol,,,,,,,Price,,,Price Chg%,,,,,,,
D:\My-data\Share_P&L\Ichart Data\Screenshot\August26\2026-08-20\Resistance_Resistance_25AUG26_Scan_20_8_2026_105858.xlsx,True,94,Symbol,,,,,,,Price,,,Price Chg%,,,,,,,
D:\My-data\Share_P&L\Ichart Data\Screenshot\August26\2026-08-20\Resistance_Resistance_25AUG26_Scan_20_8_2026_110408.xlsx,True,92,Symbol,,,,,,,Price,,,Price Chg%,,,,,,,
D:\My-data\Share_P&L\Ichart Data\Screenshot\August26\2026-08-20\Resistance_Resistance_25AUG26_Scan_20_8_2026_112108.xlsx,True,94,Symbol,,,,,,,Price,,,Price Chg%,,,,,,,
D:\My-data\Share_P&L\Ichart Data\Screenshot\August26\2026-08-20\Resistance_Resistance_25AUG26_Scan_20_8_2026_112618.xlsx,True,96,Symbol,,,,,,,Price,,,Price Chg%,,,,,,,
D:\My-data\Share_P&L\Ichart Data\Screenshot\August26\2026-08-20\Resistance_Resistance_25AUG26_Scan_20_8_2026_113127.xlsx,True,97,Symbol,,,,,,,Price,,,Price Chg%,,,,,,,
D:\My-data\Share_P&L\Ichart Data\Screenshot\August26\2026-08-20\Resistance_Resistance_25AUG26_Scan_20_8_2026_113639.xlsx,True,98,Symbol,,,,,,,Price,,,Price Chg%,,,,,,,
D:\My-data\Share_P&L\Ichart Data\Screenshot\August26\2026-08-20\Resistance_Resistance_25AUG26_Scan_20_8_2026_114149.xlsx,True,99,Symbol,,,,,,,Price,,,Price Chg%,,,,,,,
D:\My-data\Share_P&L\Ichart Data\Screenshot\August26\2026-08-20\Resistance_Resistance_25AUG26_Scan_20_8_2026_114659.xlsx,True,101,Symbol,,,,,,,Price,,,Price Chg%,,,,,,,
D:\My-data\Share_P&L\Ichart Data\Screenshot\August26\2026-08-20\Resistance_Resistance_25AUG26_Scan_20_8_2026_115208.xlsx,True,99,Symbol,,,,,,,Price,,,Price Chg%,,,,,,,
D:\My-data\Share_P&L\Ichart Data\Screenshot\August26\2026-08-20\Resistance_Resistance_25AUG26_Scan_20_8_2026_115718.xlsx,True,100,Symbol,,,,,,,Price,,,Price Chg%,,,,,,,
D:\My-data\Share_P&L\Ichart Data\Screenshot\August26\2026-08-20\Resistance_Resistance_25AUG26_Scan_20_8_2026_120227.xlsx,True,102,Symbol,,,,,,,Price,,,Price Chg%,,,,,,,
D:\My-data\Share_P&L\Ichart Data\Screenshot\August26\2026-08-20\Resistance_Resistance_25AUG26_Scan_20_8_2026_120737.xlsx,True,102,Symbol,,,,,,,Price,,,Price Chg%,,,,,,,
D:\My-data\Share_P&L\Ichart Data\Screenshot\August26\2026-08-20\Resistance_Resistance_25AUG26_Scan_20_8_2026_121246.xlsx,True,100,Symbol,,,,,,,Price,,,Price Chg%,,,,,,,
D:\My-data\Share_P&L\Ichart Data\Screenshot\August26\2026-08-20\Resistance_Resistance_25AUG26_Scan_20_8_2026_121755.xlsx,True,99,Symbol,,,,,,,Price,,,Price Chg%,,,,,,,
D:\My-data\Share_P&L\Ichart Data\Screenshot\August26\2026-08-20\Resistance_Resistance_25AUG26_Scan_20_8_2026_122306.xlsx,True,101,Symbol,,,,,,,Price,,,Price Chg%,,,,,,,
D:\My-data\Share_P&L\Ichart Data\Screenshot\August26\2026-08-20\Resistance_Resistance_25AUG26_Scan_20_8_2026_122816.xlsx,True,99,Symbol,,,,,,,Price,,,Price Chg%,,,,,,,
D:\My-data\Share_P&L\Ichart Data\Screenshot\August26\2026-08-20\Resistance_Resistance_25AUG26_Scan_20_8_2026_123325.xlsx,True,96,Symbol,,,,,,,Price,,,Price Chg%,,,,,,,
D:\My-data\Share_P&L\Ichart Data\Screenshot\August26\2026-08-20\Resistance_Resistance_25AUG26_Scan_20_8_2026_123834.xlsx,True,98,Symbol,,,,,,,Price,,,Price Chg%,,,,,,,
D:\My-data\Share_P&L\Ichart Data\Screenshot\August26\2026-08-20\Resistance_Resistance_25AUG26_Scan_20_8_2026_124344.xlsx,True,101,Symbol,,,,,,,Price,,,Price Chg%,,,,,,,
D:\My-data\Share_P&L\Ichart Data\Screenshot\August26\2026-08-20\Resistance_Resistance_25AUG26_Scan_20_8_2026_124853.xlsx,True,103,Symbol,,,,,,,Price,,,Price Chg%,,,,,,,
D:\My-data\Share_P&L\Ichart Data\Screenshot\August26\2026-08-20\Resistance_Resistance_25AUG26_Scan_20_8_2026_125405.xlsx,True,103,Symbol,,,,,,,Price,,,Price Chg%,,,,,,,
D:\My-data\Share_P&L\Ichart Data\Screenshot\August26\2026-08-20\Resistance_Resistance_25AUG26_Scan_20_8_2026_125915.xlsx,True,0,Symbol,,,,,,,Price,,,Price Chg%,,,,,,,
D:\My-data\Share_P&L\Ichart Data\Screenshot\August26\2026-08-20\Resistance_Resistance_25AUG26_Scan_20_8_2026_130426.xlsx,True,102,Symbol,,,,,,,Price,,,Price Chg%,,,,,,,
D:\My-data\Share_P&L\Ichart Data\Screenshot\August26\2026-08-20\Resistance_Resistance_25AUG26_Scan_20_8_2026_130936.xlsx,True,99,Symbol,,,,,,,Price,,,Price Chg%,,,,,,,
D:\My-data\Share_P&L\Ichart Data\Screenshot\August26\2026-08-20\Resistance_Resistance_25AUG26_Scan_20_8_2026_131446.xlsx,True,100,Symbol,,,,,,,Price,,,Price Chg%,,,,,,,
D:\My-data\Share_P&L\Ichart Data\Screenshot\August26\2026-08-20\Resistance_Resistance_25AUG26_Scan_20_8_2026_131956.xlsx,True,96,Symbol,,,,,,,Price,,,Price Chg%,,,,,,,
D:\My-data\Share_P&L\Ichart Data\Screenshot\August26\2026-08-20\Resistance_Resistance_25AUG26_Scan_20_8_2026_132505.xlsx,True,98,Symbol,,,,,,,Price,,,Price Chg%,,,,,,,
D:\My-data\Share_P&L\Ichart Data\Screenshot\August26\2026-08-20\Resistance_Resistance_25AUG26_Scan_20_8_2026_133015.xlsx,True,98,Symbol,,,,,,,Price,,,Price Chg%,,,,,,,
D:\My-data\Share_P&L\Ichart Data\Screenshot\August26\2026-08-20\Resistance_Resistance_25AUG26_Scan_20_8_2026_133525.xlsx,True,98,Symbol,,,,,,,Price,,,Price Chg%,,,,,,,
D:\My-data\Share_P&L\Ichart Data\Screenshot\August26\2026-08-20\Resistance_Resistance_25AUG26_Scan_20_8_2026_134036.xlsx,True,100,Symbol,,,,,,,Price,,,Price Chg%,,,,,,,
D:\My-data\Share_P&L\Ichart Data\Screenshot\August26\2026-08-20\Resistance_Resistance_25AUG26_Scan_20_8_2026_134546.xlsx,True,99,Symbol,,,,,,,Price,,,Price Chg%,,,,,,,
D:\My-data\Share_P&L\Ichart Data\Screenshot\August26\2026-08-20\Resistance_Resistance_25AUG26_Scan_20_8_2026_135055.xlsx,True,95,Symbol,,,,,,,Price,,,Price Chg%,,,,,,,
D:\My-data\Share_P&L\Ichart Data\Screenshot\August26\2026-08-20\Resistance_Resistance_25AUG26_Scan_20_8_2026_135604.xlsx,True,96,Symbol,,,,,,,Price,,,Price Chg%,,,,,,,
D:\My-data\Share_P&L\Ichart Data\Screenshot\August26\2026-08-20\Resistance_Resistance_25AUG26_Scan_20_8_2026_140114.xlsx,True,96,Symbol,,,,,,,Price,,,Price Chg%,,,,,,,
D:\My-data\Share_P&L\Ichart Data\Screenshot\August26\2026-08-20\Resistance_Resistance_25AUG26_Scan_20_8_2026_140623.xlsx,True,93,Symbol,,,,,,,Price,,,Price Chg%,,,,,,,
D:\My-data\Share_P&L\Ichart Data\Screenshot\August26\2026-08-20\Resistance_Resistance_25AUG26_Scan_20_8_2026_141132.xlsx,True,91,Symbol,,,,,,,Price,,,Price Chg%,,,,,,,
D:\My-data\Share_P&L\Ichart Data\Screenshot\August26\2026-08-20\Resistance_Resistance_25AUG26_Scan_20_8_2026_141643.xlsx,True,93,Symbol,,,,,,,Price,,,Price Chg%,,,,,,,
D:\My-data\Share_P&L\Ichart Data\Screenshot\August26\2026-08-20\Resistance_Resistance_25AUG26_Scan_20_8_2026_142153.xlsx,True,93,Symbol,,,,,,,Price,,,Price Chg%,,,,,,,
D:\My-data\Share_P&L\Ichart Data\Screenshot\August26\2026-08-20\Resistance_Resistance_25AUG26_Scan_20_8_2026_142702.xlsx,True,96,Symbol,,,,,,,Price,,,Price Chg%,,,,,,,
D:\My-data\Share_P&L\Ichart Data\Screenshot\August26\2026-08-20\Resistance_Resistance_25AUG26_Scan_20_8_2026_143210.xlsx,True,97,Symbol,,,,,,,Price,,,Price Chg%,,,,,,,
D:\My-data\Share_P&L\Ichart Data\Screenshot\August26\2026-08-20\Resistance_Resistance_25AUG26_Scan_20_8_2026_143721.xlsx,True,95,Symbol,,,,,,,Price,,,Price Chg%,,,,,,,
D:\My-data\Share_P&L\Ichart Data\Screenshot\August26\2026-08-20\Resistance_Resistance_25AUG26_Scan_20_8_2026_144231.xlsx,True,93,Symbol,,,,,,,Price,,,Price Chg%,,,,,,,
D:\My-data\Share_P&L\Ichart Data\Screenshot\August26\2026-08-20\Sector_Summary_25AUG26_Report_20_8_2026.xlsx,True,47,,,,,,,,,,,Price chg (%),OI chg (%),,,,,Volume chg (%),Buildup
D:\My-data\Share_P&L\Ichart Data\Screenshot\August26\2026-08-20\Sector_Summary_25AUG26_Report_20_8_2026_093530.xlsx,True,49,,,,,,,,,,,Price chg (%),OI chg (%),,,,,Volume chg (%),Buildup
D:\My-data\Share_P&L\Ichart Data\Screenshot\August26\2026-08-20\Sector_Summary_25AUG26_Report_20_8_2026_095036.xlsx,True,49,,,,,,,,,,,Price chg (%),OI chg (%),,,,,Volume chg (%),Buildup
D:\My-data\Share_P&L\Ichart Data\Screenshot\August26\2026-08-20\Sector_Summary_25AUG26_Report_20_8_2026_100543.xlsx,True,49,,,,,,,,,,,Price chg (%),OI chg (%),,,,,Volume chg (%),Buildup
D:\My-data\Share_P&L\Ichart Data\Screenshot\August26\2026-08-20\Sector_Summary_25AUG26_Report_20_8_2026_102050.xlsx,True,48,,,,,,,,,,,Price chg (%),OI chg (%),,,,,Volume chg (%),Buildup
D:\My-data\Share_P&L\Ichart Data\Screenshot\August26\2026-08-20\Sector_Summary_25AUG26_Report_20_8_2026_103556.xlsx,True,49,,,,,,,,,,,Price chg (%),OI chg (%),,,,,Volume chg (%),Buildup
D:\My-data\Share_P&L\Ichart Data\Screenshot\August26\2026-08-20\Sector_Summary_25AUG26_Report_20_8_2026_105102.xlsx,True,49,,,,,,,,,,,Price chg (%),OI chg (%),,,,,Volume chg (%),Buildup
D:\My-data\Share_P&L\Ichart Data\Screenshot\August26\2026-08-20\Sector_Summary_25AUG26_Report_20_8_2026_113033.xlsx,True,49,,,,,,,,,,,Price chg (%),OI chg (%),,,,,Volume chg (%),Buildup
D:\My-data\Share_P&L\Ichart Data\Screenshot\August26\2026-08-20\Sector_Summary_25AUG26_Report_20_8_2026_114539.xlsx,True,49,,,,,,,,,,,Price chg (%),OI chg (%),,,,,Volume chg (%),Buildup
D:\My-data\Share_P&L\Ichart Data\Screenshot\August26\2026-08-20\Sector_Summary_25AUG26_Report_20_8_2026_120045.xlsx,True,49,,,,,,,,,,,Price chg (%),OI chg (%),,,,,Volume chg (%),Buildup
D:\My-data\Share_P&L\Ichart Data\Screenshot\August26\2026-08-20\Sector_Summary_25AUG26_Report_20_8_2026_121552.xlsx,True,49,,,,,,,,,,,Price chg (%),OI chg (%),,,,,Volume chg (%),Buildup
D:\My-data\Share_P&L\Ichart Data\Screenshot\August26\2026-08-20\Sector_Summary_25AUG26_Report_20_8_2026_123058.xlsx,True,49,,,,,,,,,,,Price chg (%),OI chg (%),,,,,Volume chg (%),Buildup
D:\My-data\Share_P&L\Ichart Data\Screenshot\August26\2026-08-20\Sector_Summary_25AUG26_Report_20_8_2026_124604.xlsx,True,49,,,,,,,,,,,Price chg (%),OI chg (%),,,,,Volume chg (%),Buildup
D:\My-data\Share_P&L\Ichart Data\Screenshot\August26\2026-08-20\Sector_Summary_25AUG26_Report_20_8_2026_130113.xlsx,True,49,,,,,,,,,,,Price chg (%),OI chg (%),,,,,Volume chg (%),Buildup
D:\My-data\Share_P&L\Ichart Data\Screenshot\August26\2026-08-20\Sector_Summary_25AUG26_Report_20_8_2026_131619.xlsx,True,49,,,,,,,,,,,Price chg (%),OI chg (%),,,,,Volume chg (%),Buildup
D:\My-data\Share_P&L\Ichart Data\Screenshot\August26\2026-08-20\Sector_Summary_25AUG26_Report_20_8_2026_133126.xlsx,True,49,,,,,,,,,,,Price chg (%),OI chg (%),,,,,Volume chg (%),Buildup
D:\My-data\Share_P&L\Ichart Data\Screenshot\August26\2026-08-20\Sector_Summary_25AUG26_Report_20_8_2026_134632.xlsx,True,48,,,,,,,,,,,Price chg (%),OI chg (%),,,,,Volume chg (%),Buildup
D:\My-data\Share_P&L\Ichart Data\Screenshot\August26\2026-08-20\Sector_Summary_25AUG26_Report_20_8_2026_140138.xlsx,True,48,,,,,,,,,,,Price chg (%),OI chg (%),,,,,Volume chg (%),Buildup
D:\My-data\Share_P&L\Ichart Data\Screenshot\August26\2026-08-20\Sector_Summary_25AUG26_Report_20_8_2026_141651.xlsx,True,48,,,,,,,,,,,Price chg (%),OI chg (%),,,,,Volume chg (%),Buildup
D:\My-data\Share_P&L\Ichart Data\Screenshot\August26\2026-08-20\Sector_Summary_25AUG26_Report_20_8_2026_143203.xlsx,True,49,,,,,,,,,,,Price chg (%),OI chg (%),,,,,Volume chg (%),Buildup
D:\My-data\Share_P&L\Ichart Data\Screenshot\August26\2026-08-20\Support_Resistance_25AUG26_Scan_20_8_2026.xlsx,True,104,Symbol,,,,,,,Price,,,Price Chg%,,,,,,,
D:\My-data\Share_P&L\Ichart Data\Screenshot\August26\2026-08-20\Support_Resistance_25AUG26_Scan_20_8_2026_092548.xlsx,True,108,Symbol,,,,,,,Price,,,Price Chg%,,,,,,,
D:\My-data\Share_P&L\Ichart Data\Screenshot\August26\2026-08-20\Support_Resistance_25AUG26_Scan_20_8_2026_093100.xlsx,True,99,Symbol,,,,,,,Price,,,Price Chg%,,,,,,,
D:\My-data\Share_P&L\Ichart Data\Screenshot\August26\2026-08-20\Support_Resistance_25AUG26_Scan_20_8_2026_093609.xlsx,True,99,Symbol,,,,,,,Price,,,Price Chg%,,,,,,,
D:\My-data\Share_P&L\Ichart Data\Screenshot\August26\2026-08-20\Support_Resistance_25AUG26_Scan_20_8_2026_094119.xlsx,True,96,Symbol,,,,,,,Price,,,Price Chg%,,,,,,,
D:\My-data\Share_P&L\Ichart Data\Screenshot\August26\2026-08-20\Support_Resistance_25AUG26_Scan_20_8_2026_094628.xlsx,True,102,Symbol,,,,,,,Price,,,Price Chg%,,,,,,,
D:\My-data\Share_P&L\Ichart Data\Screenshot\August26\2026-08-20\Support_Resistance_25AUG26_Scan_20_8_2026_095138.xlsx,True,101,Symbol,,,,,,,Price,,,Price Chg%,,,,,,,
D:\My-data\Share_P&L\Ichart Data\Screenshot\August26\2026-08-20\Support_Resistance_25AUG26_Scan_20_8_2026_095649.xlsx,True,98,Symbol,,,,,,,Price,,,Price Chg%,,,,,,,
D:\My-data\Share_P&L\Ichart Data\Screenshot\August26\2026-08-20\Support_Resistance_25AUG26_Scan_20_8_2026_100158.xlsx,True,93,Symbol,,,,,,,Price,,,Price Chg%,,,,,,,
D:\My-data\Share_P&L\Ichart Data\Screenshot\August26\2026-08-20\Support_Resistance_25AUG26_Scan_20_8_2026_100707.xlsx,True,97,Symbol,,,,,,,Price,,,Price Chg%,,,,,,,
D:\My-data\Share_P&L\Ichart Data\Screenshot\August26\2026-08-20\Support_Resistance_25AUG26_Scan_20_8_2026_101217.xlsx,True,96,Symbol,,,,,,,Price,,,Price Chg%,,,,,,,
D:\My-data\Share_P&L\Ichart Data\Screenshot\August26\2026-08-20\Support_Resistance_25AUG26_Scan_20_8_2026_101726.xlsx,True,100,Symbol,,,,,,,Price,,,Price Chg%,,,,,,,
D:\My-data\Share_P&L\Ichart Data\Screenshot\August26\2026-08-20\Support_Resistance_25AUG26_Scan_20_8_2026_102235.xlsx,True,100,Symbol,,,,,,,Price,,,Price Chg%,,,,,,,
D:\My-data\Share_P&L\Ichart Data\Screenshot\August26\2026-08-20\Support_Resistance_25AUG26_Scan_20_8_2026_102745.xlsx,True,100,Symbol,,,,,,,Price,,,Price Chg%,,,,,,,
D:\My-data\Share_P&L\Ichart Data\Screenshot\August26\2026-08-20\Support_Resistance_25AUG26_Scan_20_8_2026_103254.xlsx,True,100,Symbol,,,,,,,Price,,,Price Chg%,,,,,,,
D:\My-data\Share_P&L\Ichart Data\Screenshot\August26\2026-08-20\Support_Resistance_25AUG26_Scan_20_8_2026_103803.xlsx,True,98,Symbol,,,,,,,Price,,,Price Chg%,,,,,,,
D:\My-data\Share_P&L\Ichart Data\Screenshot\August26\2026-08-20\Support_Resistance_25AUG26_Scan_20_8_2026_104312.xlsx,True,99,Symbol,,,,,,,Price,,,Price Chg%,,,,,,,
D:\My-data\Share_P&L\Ichart Data\Screenshot\August26\2026-08-20\Support_Resistance_25AUG26_Scan_20_8_2026_104822.xlsx,True,98,Symbol,,,,,,,Price,,,Price Chg%,,,,,,,
D:\My-data\Share_P&L\Ichart Data\Screenshot\August26\2026-08-20\Support_Resistance_25AUG26_Scan_20_8_2026_105331.xlsx,True,97,Symbol,,,,,,,Price,,,Price Chg%,,,,,,,
D:\My-data\Share_P&L\Ichart Data\Screenshot\August26\2026-08-20\Support_Resistance_25AUG26_Scan_20_8_2026_105840.xlsx,True,96,Symbol,,,,,,,Price,,,Price Chg%,,,,,,,
D:\My-data\Share_P&L\Ichart Data\Screenshot\August26\2026-08-20\Support_Resistance_25AUG26_Scan_20_8_2026_110350.xlsx,True,97,Symbol,,,,,,,Price,,,Price Chg%,,,,,,,
D:\My-data\Share_P&L\Ichart Data\Screenshot\August26\2026-08-20\Support_Resistance_25AUG26_Scan_20_8_2026_112059.xlsx,True,100,Symbol,,,,,,,Price,,,Price Chg%,,,,,,,
D:\My-data\Share_P&L\Ichart Data\Screenshot\August26\2026-08-20\Support_Resistance_25AUG26_Scan_20_8_2026_112608.xlsx,True,98,Symbol,,,,,,,Price,,,Price Chg%,,,,,,,
D:\My-data\Share_P&L\Ichart Data\Screenshot\August26\2026-08-20\Support_Resistance_25AUG26_Scan_20_8_2026_113118.xlsx,True,98,Symbol,,,,,,,Price,,,Price Chg%,,,,,,,
D:\My-data\Share_P&L\Ichart Data\Screenshot\August26\2026-08-20\Support_Resistance_25AUG26_Scan_20_8_2026_113629.xlsx,True,100,Symbol,,,,,,,Price,,,Price Chg%,,,,,,,
D:\My-data\Share_P&L\Ichart Data\Screenshot\August26\2026-08-20\Support_Resistance_25AUG26_Scan_20_8_2026_114138.xlsx,True,98,Symbol,,,,,,,Price,,,Price Chg%,,,,,,,
D:\My-data\Share_P&L\Ichart Data\Screenshot\August26\2026-08-20\Support_Resistance_25AUG26_Scan_20_8_2026_114648.xlsx,True,97,Symbol,,,,,,,Price,,,Price Chg%,,,,,,,
D:\My-data\Share_P&L\Ichart Data\Screenshot\August26\2026-08-20\Support_Resistance_25AUG26_Scan_20_8_2026_115157.xlsx,True,101,Symbol,,,,,,,Price,,,Price Chg%,,,,,,,
D:\My-data\Share_P&L\Ichart Data\Screenshot\August26\2026-08-20\Support_Resistance_25AUG26_Scan_20_8_2026_115707.xlsx,True,98,Symbol,,,,,,,Price,,,Price Chg%,,,,,,,
D:\My-data\Share_P&L\Ichart Data\Screenshot\August26\2026-08-20\Support_Resistance_25AUG26_Scan_20_8_2026_120216.xlsx,True,98,Symbol,,,,,,,Price,,,Price Chg%,,,,,,,
D:\My-data\Share_P&L\Ichart Data\Screenshot\August26\2026-08-20\Support_Resistance_25AUG26_Scan_20_8_2026_120725.xlsx,True,98,Symbol,,,,,,,Price,,,Price Chg%,,,,,,,
D:\My-data\Share_P&L\Ichart Data\Screenshot\August26\2026-08-20\Support_Resistance_25AUG26_Scan_20_8_2026_121235.xlsx,True,96,Symbol,,,,,,,Price,,,Price Chg%,,,,,,,
D:\My-data\Share_P&L\Ichart Data\Screenshot\August26\2026-08-20\Support_Resistance_25AUG26_Scan_20_8_2026_121744.xlsx,True,96,Symbol,,,,,,,Price,,,Price Chg%,,,,,,,
D:\My-data\Share_P&L\Ichart Data\Screenshot\August26\2026-08-20\Support_Resistance_25AUG26_Scan_20_8_2026_122253.xlsx,True,96,Symbol,,,,,,,Price,,,Price Chg%,,,,,,,
D:\My-data\Share_P&L\Ichart Data\Screenshot\August26\2026-08-20\Support_Resistance_25AUG26_Scan_20_8_2026_122803.xlsx,True,98,Symbol,,,,,,,Price,,,Price Chg%,,,,,,,
D:\My-data\Share_P&L\Ichart Data\Screenshot\August26\2026-08-20\Support_Resistance_25AUG26_Scan_20_8_2026_123312.xlsx,True,98,Symbol,,,,,,,Price,,,Price Chg%,,,,,,,
D:\My-data\Share_P&L\Ichart Data\Screenshot\August26\2026-08-20\Support_Resistance_25AUG26_Scan_20_8_2026_123821.xlsx,True,98,Symbol,,,,,,,Price,,,Price Chg%,,,,,,,
D:\My-data\Share_P&L\Ichart Data\Screenshot\August26\2026-08-20\Support_Resistance_25AUG26_Scan_20_8_2026_124330.xlsx,True,100,Symbol,,,,,,,Price,,,Price Chg%,,,,,,,
D:\My-data\Share_P&L\Ichart Data\Screenshot\August26\2026-08-20\Support_Resistance_25AUG26_Scan_20_8_2026_124840.xlsx,True,98,Symbol,,,,,,,Price,,,Price Chg%,,,,,,,
D:\My-data\Share_P&L\Ichart Data\Screenshot\August26\2026-08-20\Support_Resistance_25AUG26_Scan_20_8_2026_125349.xlsx,True,97,Symbol,,,,,,,Price,,,Price Chg%,,,,,,,
D:\My-data\Share_P&L\Ichart Data\Screenshot\August26\2026-08-20\Support_Resistance_25AUG26_Scan_20_8_2026_125859.xlsx,True,98,Symbol,,,,,,,Price,,,Price Chg%,,,,,,,
D:\My-data\Share_P&L\Ichart Data\Screenshot\August26\2026-08-20\Support_Resistance_25AUG26_Scan_20_8_2026_130409.xlsx,True,96,Symbol,,,,,,,Price,,,Price Chg%,,,,,,,
D:\My-data\Share_P&L\Ichart Data\Screenshot\August26\2026-08-20\Support_Resistance_25AUG26_Scan_20_8_2026_130920.xlsx,True,96,Symbol,,,,,,,Price,,,Price Chg%,,,,,,,
D:\My-data\Share_P&L\Ichart Data\Screenshot\August26\2026-08-20\Support_Resistance_25AUG26_Scan_20_8_2026_131429.xlsx,True,97,Symbol,,,,,,,Price,,,Price Chg%,,,,,,,
D:\My-data\Share_P&L\Ichart Data\Screenshot\August26\2026-08-20\Support_Resistance_25AUG26_Scan_20_8_2026_131938.xlsx,True,100,Symbol,,,,,,,Price,,,Price Chg%,,,,,,,
D:\My-data\Share_P&L\Ichart Data\Screenshot\August26\2026-08-20\Support_Resistance_25AUG26_Scan_20_8_2026_132447.xlsx,True,102,Symbol,,,,,,,Price,,,Price Chg%,,,,,,,
D:\My-data\Share_P&L\Ichart Data\Screenshot\August26\2026-08-20\Support_Resistance_25AUG26_Scan_20_8_2026_132957.xlsx,True,102,Symbol,,,,,,,Price,,,Price Chg%,,,,,,,
D:\My-data\Share_P&L\Ichart Data\Screenshot\August26\2026-08-20\Support_Resistance_25AUG26_Scan_20_8_2026_133506.xlsx,True,101,Symbol,,,,,,,Price,,,Price Chg%,,,,,,,
D:\My-data\Share_P&L\Ichart Data\Screenshot\August26\2026-08-20\Support_Resistance_25AUG26_Scan_20_8_2026_134015.xlsx,True,100,Symbol,,,,,,,Price,,,Price Chg%,,,,,,,
D:\My-data\Share_P&L\Ichart Data\Screenshot\August26\2026-08-20\Support_Resistance_25AUG26_Scan_20_8_2026_134525.xlsx,True,102,Symbol,,,,,,,Price,,,Price Chg%,,,,,,,
D:\My-data\Share_P&L\Ichart Data\Screenshot\August26\2026-08-20\Support_Resistance_25AUG26_Scan_20_8_2026_135034.xlsx,True,101,Symbol,,,,,,,Price,,,Price Chg%,,,,,,,
D:\My-data\Share_P&L\Ichart Data\Screenshot\August26\2026-08-20\Support_Resistance_25AUG26_Scan_20_8_2026_135544.xlsx,True,102,Symbol,,,,,,,Price,,,Price Chg%,,,,,,,
D:\My-data\Share_P&L\Ichart Data\Screenshot\August26\2026-08-20\Support_Resistance_25AUG26_Scan_20_8_2026_140053.xlsx,True,102,Symbol,,,,,,,Price,,,Price Chg%,,,,,,,
D:\My-data\Share_P&L\Ichart Data\Screenshot\August26\2026-08-20\Support_Resistance_25AUG26_Scan_20_8_2026_140603.xlsx,True,103,Symbol,,,,,,,Price,,,Price Chg%,,,,,,,
D:\My-data\Share_P&L\Ichart Data\Screenshot\August26\2026-08-20\Support_Resistance_25AUG26_Scan_20_8_2026_141113.xlsx,True,104,Symbol,,,,,,,Price,,,Price Chg%,,,,,,,
D:\My-data\Share_P&L\Ichart Data\Screenshot\August26\2026-08-20\Support_Resistance_25AUG26_Scan_20_8_2026_141622.xlsx,True,106,Symbol,,,,,,,Price,,,Price Chg%,,,,,,,
D:\My-data\Share_P&L\Ichart Data\Screenshot\August26\2026-08-20\Support_Resistance_25AUG26_Scan_20_8_2026_142132.xlsx,True,105,Symbol,,,,,,,Price,,,Price Chg%,,,,,,,
D:\My-data\Share_P&L\Ichart Data\Screenshot\August26\2026-08-20\Support_Resistance_25AUG26_Scan_20_8_2026_142642.xlsx,True,103,Symbol,,,,,,,Price,,,Price Chg%,,,,,,,
D:\My-data\Share_P&L\Ichart Data\Screenshot\August26\2026-08-20\Support_Resistance_25AUG26_Scan_20_8_2026_143151.xlsx,True,97,Symbol,,,,,,,Price,,,Price Chg%,,,,,,,
D:\My-data\Share_P&L\Ichart Data\Screenshot\August26\2026-08-20\Support_Resistance_25AUG26_Scan_20_8_2026_143701.xlsx,True,106,Symbol,,,,,,,Price,,,Price Chg%,,,,,,,
D:\My-data\Share_P&L\Ichart Data\Screenshot\August26\2026-08-20\Support_Resistance_25AUG26_Scan_20_8_2026_144211.xlsx,True,105,Symbol,,,,,,,Price,,,Price Chg%,,,,,,,
D:\My-data\Share_P&L\Ichart Data\Screenshot\August26\2026-08-20\VolumeAndOISpikesScans_25AUG26_Report_20_8_2026.xlsx,True,217,Symbol,,,,,,,Price,,,Price chg (%),OI chg (%),,,,,Volume Chg (%),
D:\My-data\Share_P&L\Ichart Data\Screenshot\August26\2026-08-20\VolumeAndOISpikesScans_25AUG26_Report_20_8_2026_092536.xlsx,True,217,Symbol,,,,,,,Price,,,Price chg (%),OI chg (%),,,,,Volume Chg (%),
D:\My-data\Share_P&L\Ichart Data\Screenshot\August26\2026-08-20\VolumeAndOISpikesScans_25AUG26_Report_20_8_2026_093043.xlsx,True,217,Symbol,,,,,,,Price,,,Price chg (%),OI chg (%),,,,,Volume Chg (%),
D:\My-data\Share_P&L\Ichart Data\Screenshot\August26\2026-08-20\VolumeAndOISpikesScans_25AUG26_Report_20_8_2026_093553.xlsx,True,217,Symbol,,,,,,,Price,,,Price chg (%),OI chg (%),,,,,Volume Chg (%),
D:\My-data\Share_P&L\Ichart Data\Screenshot\August26\2026-08-20\VolumeAndOISpikesScans_25AUG26_Report_20_8_2026_094100.xlsx,True,217,Symbol,,,,,,,Price,,,Price chg (%),OI chg (%),,,,,Volume Chg (%),
D:\My-data\Share_P&L\Ichart Data\Screenshot\August26\2026-08-20\VolumeAndOISpikesScans_25AUG26_Report_20_8_2026_094609.xlsx,True,217,Symbol,,,,,,,Price,,,Price chg (%),OI chg (%),,,,,Volume Chg (%),
D:\My-data\Share_P&L\Ichart Data\Screenshot\August26\2026-08-20\VolumeAndOISpikesScans_25AUG26_Report_20_8_2026_095119.xlsx,True,217,Symbol,,,,,,,Price,,,Price chg (%),OI chg (%),,,,,Volume Chg (%),
D:\My-data\Share_P&L\Ichart Data\Screenshot\August26\2026-08-20\VolumeAndOISpikesScans_25AUG26_Report_20_8_2026_095627.xlsx,True,217,Symbol,,,,,,,Price,,,Price chg (%),OI chg (%),,,,,Volume Chg (%),
D:\My-data\Share_P&L\Ichart Data\Screenshot\August26\2026-08-20\VolumeAndOISpikesScans_25AUG26_Report_20_8_2026_100135.xlsx,True,217,Symbol,,,,,,,Price,,,Price chg (%),OI chg (%),,,,,Volume Chg (%),
D:\My-data\Share_P&L\Ichart Data\Screenshot\August26\2026-08-20\VolumeAndOISpikesScans_25AUG26_Report_20_8_2026_100645.xlsx,True,217,Symbol,,,,,,,Price,,,Price chg (%),OI chg (%),,,,,Volume Chg (%),
D:\My-data\Share_P&L\Ichart Data\Screenshot\August26\2026-08-20\VolumeAndOISpikesScans_25AUG26_Report_20_8_2026_101154.xlsx,True,217,Symbol,,,,,,,Price,,,Price chg (%),OI chg (%),,,,,Volume Chg (%),
D:\My-data\Share_P&L\Ichart Data\Screenshot\August26\2026-08-20\VolumeAndOISpikesScans_25AUG26_Report_20_8_2026_101703.xlsx,True,217,Symbol,,,,,,,Price,,,Price chg (%),OI chg (%),,,,,Volume Chg (%),
D:\My-data\Share_P&L\Ichart Data\Screenshot\August26\2026-08-20\VolumeAndOISpikesScans_25AUG26_Report_20_8_2026_102210.xlsx,True,217,Symbol,,,,,,,Price,,,Price chg (%),OI chg (%),,,,,Volume Chg (%),
D:\My-data\Share_P&L\Ichart Data\Screenshot\August26\2026-08-20\VolumeAndOISpikesScans_25AUG26_Report_20_8_2026_102721.xlsx,True,217,Symbol,,,,,,,Price,,,Price chg (%),OI chg (%),,,,,Volume Chg (%),
D:\My-data\Share_P&L\Ichart Data\Screenshot\August26\2026-08-20\VolumeAndOISpikesScans_25AUG26_Report_20_8_2026_103229.xlsx,True,217,Symbol,,,,,,,Price,,,Price chg (%),OI chg (%),,,,,Volume Chg (%),
D:\My-data\Share_P&L\Ichart Data\Screenshot\August26\2026-08-20\VolumeAndOISpikesScans_25AUG26_Report_20_8_2026_103735.xlsx,True,217,Symbol,,,,,,,Price,,,Price chg (%),OI chg (%),,,,,Volume Chg (%),
D:\My-data\Share_P&L\Ichart Data\Screenshot\August26\2026-08-20\VolumeAndOISpikesScans_25AUG26_Report_20_8_2026_104244.xlsx,True,217,Symbol,,,,,,,Price,,,Price chg (%),OI chg (%),,,,,Volume Chg (%),
D:\My-data\Share_P&L\Ichart Data\Screenshot\August26\2026-08-20\VolumeAndOISpikesScans_25AUG26_Report_20_8_2026_104751.xlsx,True,217,Symbol,,,,,,,Price,,,Price chg (%),OI chg (%),,,,,Volume Chg (%),
D:\My-data\Share_P&L\Ichart Data\Screenshot\August26\2026-08-20\VolumeAndOISpikesScans_25AUG26_Report_20_8_2026_105258.xlsx,True,217,Symbol,,,,,,,Price,,,Price chg (%),OI chg (%),,,,,Volume Chg (%),
D:\My-data\Share_P&L\Ichart Data\Screenshot\August26\2026-08-20\VolumeAndOISpikesScans_25AUG26_Report_20_8_2026_105806.xlsx,True,217,Symbol,,,,,,,Price,,,Price chg (%),OI chg (%),,,,,Volume Chg (%),
D:\My-data\Share_P&L\Ichart Data\Screenshot\August26\2026-08-20\VolumeAndOISpikesScans_25AUG26_Report_20_8_2026_110317.xlsx,True,217,Symbol,,,,,,,Price,,,Price chg (%),OI chg (%),,,,,Volume Chg (%),
D:\My-data\Share_P&L\Ichart Data\Screenshot\August26\2026-08-20\VolumeAndOISpikesScans_25AUG26_Report_20_8_2026_112050.xlsx,True,217,Symbol,,,,,,,Price,,,Price chg (%),OI chg (%),,,,,Volume Chg (%),
D:\My-data\Share_P&L\Ichart Data\Screenshot\August26\2026-08-20\VolumeAndOISpikesScans_25AUG26_Report_20_8_2026_112558.xlsx,True,217,Symbol,,,,,,,Price,,,Price chg (%),OI chg (%),,,,,Volume Chg (%),
D:\My-data\Share_P&L\Ichart Data\Screenshot\August26\2026-08-20\VolumeAndOISpikesScans_25AUG26_Report_20_8_2026_113106.xlsx,True,217,Symbol,,,,,,,Price,,,Price chg (%),OI chg (%),,,,,Volume Chg (%),
D:\My-data\Share_P&L\Ichart Data\Screenshot\August26\2026-08-20\VolumeAndOISpikesScans_25AUG26_Report_20_8_2026_113619.xlsx,True,217,Symbol,,,,,,,Price,,,Price chg (%),OI chg (%),,,,,Volume Chg (%),
D:\My-data\Share_P&L\Ichart Data\Screenshot\August26\2026-08-20\VolumeAndOISpikesScans_25AUG26_Report_20_8_2026_114126.xlsx,True,217,Symbol,,,,,,,Price,,,Price chg (%),OI chg (%),,,,,Volume Chg (%),
D:\My-data\Share_P&L\Ichart Data\Screenshot\August26\2026-08-20\VolumeAndOISpikesScans_25AUG26_Report_20_8_2026_114632.xlsx,True,217,Symbol,,,,,,,Price,,,Price chg (%),OI chg (%),,,,,Volume Chg (%),
D:\My-data\Share_P&L\Ichart Data\Screenshot\August26\2026-08-20\VolumeAndOISpikesScans_25AUG26_Report_20_8_2026_115142.xlsx,True,217,Symbol,,,,,,,Price,,,Price chg (%),OI chg (%),,,,,Volume Chg (%),
D:\My-data\Share_P&L\Ichart Data\Screenshot\August26\2026-08-20\VolumeAndOISpikesScans_25AUG26_Report_20_8_2026_115649.xlsx,True,217,Symbol,,,,,,,Price,,,Price chg (%),OI chg (%),,,,,Volume Chg (%),
D:\My-data\Share_P&L\Ichart Data\Screenshot\August26\2026-08-20\VolumeAndOISpikesScans_25AUG26_Report_20_8_2026_120158.xlsx,True,217,Symbol,,,,,,,Price,,,Price chg (%),OI chg (%),,,,,Volume Chg (%),
D:\My-data\Share_P&L\Ichart Data\Screenshot\August26\2026-08-20\VolumeAndOISpikesScans_25AUG26_Report_20_8_2026_120707.xlsx,True,217,Symbol,,,,,,,Price,,,Price chg (%),OI chg (%),,,,,Volume Chg (%),
D:\My-data\Share_P&L\Ichart Data\Screenshot\August26\2026-08-20\VolumeAndOISpikesScans_25AUG26_Report_20_8_2026_121216.xlsx,True,217,Symbol,,,,,,,Price,,,Price chg (%),OI chg (%),,,,,Volume Chg (%),
D:\My-data\Share_P&L\Ichart Data\Screenshot\August26\2026-08-20\VolumeAndOISpikesScans_25AUG26_Report_20_8_2026_121723.xlsx,True,217,Symbol,,,,,,,Price,,,Price chg (%),OI chg (%),,,,,Volume Chg (%),
D:\My-data\Share_P&L\Ichart Data\Screenshot\August26\2026-08-20\VolumeAndOISpikesScans_25AUG26_Report_20_8_2026_122231.xlsx,True,217,Symbol,,,,,,,Price,,,Price chg (%),OI chg (%),,,,,Volume Chg (%),
D:\My-data\Share_P&L\Ichart Data\Screenshot\August26\2026-08-20\VolumeAndOISpikesScans_25AUG26_Report_20_8_2026_122739.xlsx,True,217,Symbol,,,,,,,Price,,,Price chg (%),OI chg (%),,,,,Volume Chg (%),
D:\My-data\Share_P&L\Ichart Data\Screenshot\August26\2026-08-20\VolumeAndOISpikesScans_25AUG26_Report_20_8_2026_123248.xlsx,True,217,Symbol,,,,,,,Price,,,Price chg (%),OI chg (%),,,,,Volume Chg (%),
D:\My-data\Share_P&L\Ichart Data\Screenshot\August26\2026-08-20\VolumeAndOISpikesScans_25AUG26_Report_20_8_2026_123755.xlsx,True,217,Symbol,,,,,,,Price,,,Price chg (%),OI chg (%),,,,,Volume Chg (%),
D:\My-data\Share_P&L\Ichart Data\Screenshot\August26\2026-08-20\VolumeAndOISpikesScans_25AUG26_Report_20_8_2026_124303.xlsx,True,217,Symbol,,,,,,,Price,,,Price chg (%),OI chg (%),,,,,Volume Chg (%),
D:\My-data\Share_P&L\Ichart Data\Screenshot\August26\2026-08-20\VolumeAndOISpikesScans_25AUG26_Report_20_8_2026_124811.xlsx,True,217,Symbol,,,,,,,Price,,,Price chg (%),OI chg (%),,,,,Volume Chg (%),
D:\My-data\Share_P&L\Ichart Data\Screenshot\August26\2026-08-20\VolumeAndOISpikesScans_25AUG26_Report_20_8_2026_125318.xlsx,True,217,Symbol,,,,,,,Price,,,Price chg (%),OI chg (%),,,,,Volume Chg (%),
D:\My-data\Share_P&L\Ichart Data\Screenshot\August26\2026-08-20\VolumeAndOISpikesScans_25AUG26_Report_20_8_2026_125826.xlsx,True,217,Symbol,,,,,,,Price,,,Price chg (%),OI chg (%),,,,,Volume Chg (%),
D:\My-data\Share_P&L\Ichart Data\Screenshot\August26\2026-08-20\VolumeAndOISpikesScans_25AUG26_Report_20_8_2026_130336.xlsx,True,217,Symbol,,,,,,,Price,,,Price chg (%),OI chg (%),,,,,Volume Chg (%),
D:\My-data\Share_P&L\Ichart Data\Screenshot\August26\2026-08-20\VolumeAndOISpikesScans_25AUG26_Report_20_8_2026_130849.xlsx,True,217,Symbol,,,,,,,Price,,,Price chg (%),OI chg (%),,,,,Volume Chg (%),
D:\My-data\Share_P&L\Ichart Data\Screenshot\August26\2026-08-20\VolumeAndOISpikesScans_25AUG26_Report_20_8_2026_131355.xlsx,True,217,Symbol,,,,,,,Price,,,Price chg (%),OI chg (%),,,,,Volume Chg (%),
D:\My-data\Share_P&L\Ichart Data\Screenshot\August26\2026-08-20\VolumeAndOISpikesScans_25AUG26_Report_20_8_2026_131902.xlsx,True,217,Symbol,,,,,,,Price,,,Price chg (%),OI chg (%),,,,,Volume Chg (%),
D:\My-data\Share_P&L\Ichart Data\Screenshot\August26\2026-08-20\VolumeAndOISpikesScans_25AUG26_Report_20_8_2026_132409.xlsx,True,217,Symbol,,,,,,,Price,,,Price chg (%),OI chg (%),,,,,Volume Chg (%),
D:\My-data\Share_P&L\Ichart Data\Screenshot\August26\2026-08-20\VolumeAndOISpikesScans_25AUG26_Report_20_8_2026_132916.xlsx,True,217,Symbol,,,,,,,Price,,,Price chg (%),OI chg (%),,,,,Volume Chg (%),
D:\My-data\Share_P&L\Ichart Data\Screenshot\August26\2026-08-20\VolumeAndOISpikesScans_25AUG26_Report_20_8_2026_133424.xlsx,True,217,Symbol,,,,,,,Price,,,Price chg (%),OI chg (%),,,,,Volume Chg (%),
D:\My-data\Share_P&L\Ichart Data\Screenshot\August26\2026-08-20\VolumeAndOISpikesScans_25AUG26_Report_20_8_2026_133934.xlsx,True,217,Symbol,,,,,,,Price,,,Price chg (%),OI chg (%),,,,,Volume Chg (%),
D:\My-data\Share_P&L\Ichart Data\Screenshot\August26\2026-08-20\VolumeAndOISpikesScans_25AUG26_Report_20_8_2026_134443.xlsx,True,217,Symbol,,,,,,,Price,,,Price chg (%),OI chg (%),,,,,Volume Chg (%),
D:\My-data\Share_P&L\Ichart Data\Screenshot\August26\2026-08-20\VolumeAndOISpikesScans_25AUG26_Report_20_8_2026_134952.xlsx,True,217,Symbol,,,,,,,Price,,,Price chg (%),OI chg (%),,,,,Volume Chg (%),
D:\My-data\Share_P&L\Ichart Data\Screenshot\August26\2026-08-20\VolumeAndOISpikesScans_25AUG26_Report_20_8_2026_135504.xlsx,True,217,Symbol,,,,,,,Price,,,Price chg (%),OI chg (%),,,,,Volume Chg (%),
D:\My-data\Share_P&L\Ichart Data\Screenshot\August26\2026-08-20\VolumeAndOISpikesScans_25AUG26_Report_20_8_2026_140010.xlsx,True,217,Symbol,,,,,,,Price,,,Price chg (%),OI chg (%),,,,,Volume Chg (%),
D:\My-data\Share_P&L\Ichart Data\Screenshot\August26\2026-08-20\VolumeAndOISpikesScans_25AUG26_Report_20_8_2026_140519.xlsx,True,217,Symbol,,,,,,,Price,,,Price chg (%),OI chg (%),,,,,Volume Chg (%),
D:\My-data\Share_P&L\Ichart Data\Screenshot\August26\2026-08-20\VolumeAndOISpikesScans_25AUG26_Report_20_8_2026_141029.xlsx,True,217,Symbol,,,,,,,Price,,,Price chg (%),OI chg (%),,,,,Volume Chg (%),
D:\My-data\Share_P&L\Ichart Data\Screenshot\August26\2026-08-20\VolumeAndOISpikesScans_25AUG26_Report_20_8_2026_141542.xlsx,True,217,Symbol,,,,,,,Price,,,Price chg (%),OI chg (%),,,,,Volume Chg (%),
D:\My-data\Share_P&L\Ichart Data\Screenshot\August26\2026-08-20\VolumeAndOISpikesScans_25AUG26_Report_20_8_2026_142050.xlsx,True,217,Symbol,,,,,,,Price,,,Price chg (%),OI chg (%),,,,,Volume Chg (%),
D:\My-data\Share_P&L\Ichart Data\Screenshot\August26\2026-08-20\VolumeAndOISpikesScans_25AUG26_Report_20_8_2026_142558.xlsx,True,217,Symbol,,,,,,,Price,,,Price chg (%),OI chg (%),,,,,Volume Chg (%),
D:\My-data\Share_P&L\Ichart Data\Screenshot\August26\2026-08-20\VolumeAndOISpikesScans_25AUG26_Report_20_8_2026_143107.xlsx,True,217,Symbol,,,,,,,Price,,,Price chg (%),OI chg (%),,,,,Volume Chg (%),
D:\My-data\Share_P&L\Ichart Data\Screenshot\August26\2026-08-20\VolumeAndOISpikesScans_25AUG26_Report_20_8_2026_143623.xlsx,True,217,Symbol,,,,,,,Price,,,Price chg (%),OI chg (%),,,,,Volume Chg (%),
D:\My-data\Share_P&L\Ichart Data\Screenshot\August26\2026-08-20\VolumeAndOISpikesScans_25AUG26_Report_20_8_2026_144135.xlsx,True,217,Symbol,,,,,,,Price,,,Price chg (%),OI chg (%),,,,,Volume Chg (%),
D:\My-data\Share_P&L\Ichart Data\Screenshot\August26\2026-08-21\Daywise_Price_and_OI_Summary_25AUG26_Report_2026-08-21.xlsx,True,217,Symbol,,,Open,High,Low,Close,,ATM Straddle %,ATM Straddle %,Price Chg %,OI Chg %,PCR Chg %,Tot CE OI Chg %,Tot PE OI Chg %,Tot PE-CE OI Chg,,
D:\My-data\Share_P&L\Ichart Data\Screenshot\August26\2026-08-21\Daywise_Price_and_OI_Summary_25AUG26_Report_2026-08-21_092518.xlsx,True,217,Symbol,,,Open,High,Low,Close,,ATM Straddle %,ATM Straddle %,Price Chg %,OI Chg %,PCR Chg %,Tot CE OI Chg %,Tot PE OI Chg %,Tot PE-CE OI Chg,,
D:\My-data\Share_P&L\Ichart Data\Screenshot\August26\2026-08-21\Daywise_Price_and_OI_Summary_25AUG26_Report_2026-08-21_093027.xlsx,True,217,Symbol,,,Open,High,Low,Close,,ATM Straddle %,ATM Straddle %,Price Chg %,OI Chg %,PCR Chg %,Tot CE OI Chg %,Tot PE OI Chg %,Tot PE-CE OI Chg,,
D:\My-data\Share_P&L\Ichart Data\Screenshot\August26\2026-08-21\Daywise_Price_and_OI_Summary_25AUG26_Report_2026-08-21_093541.xlsx,True,217,Symbol,,,Open,High,Low,Close,,ATM Straddle %,ATM Straddle %,Price Chg %,OI Chg %,PCR Chg %,Tot CE OI Chg %,Tot PE OI Chg %,Tot PE-CE OI Chg,,
D:\My-data\Share_P&L\Ichart Data\Screenshot\August26\2026-08-21\Daywise_Price_and_OI_Summary_25AUG26_Report_2026-08-21_094051.xlsx,True,217,Symbol,,,Open,High,Low,Close,,ATM Straddle %,ATM Straddle %,Price Chg %,OI Chg %,PCR Chg %,Tot CE OI Chg %,Tot PE OI Chg %,Tot PE-CE OI Chg,,
D:\My-data\Share_P&L\Ichart Data\Screenshot\August26\2026-08-21\IVR-IVP_25AUG26_Report_2026-08-21.xlsx,True,214,,,,,,,,,,,,,,,,,,
D:\My-data\Share_P&L\Ichart Data\Screenshot\August26\2026-08-21\IVR-IVP_25AUG26_Report_2026-08-21_092528.xlsx,True,215,,,,,,,,,,,,,,,,,,
D:\My-data\Share_P&L\Ichart Data\Screenshot\August26\2026-08-21\IVR-IVP_25AUG26_Report_2026-08-21_093036.xlsx,True,216,,,,,,,,,,,,,,,,,,
D:\My-data\Share_P&L\Ichart Data\Screenshot\August26\2026-08-21\IVR-IVP_25AUG26_Report_2026-08-21_093549.xlsx,True,216,,,,,,,,,,,,,,,,,,
D:\My-data\Share_P&L\Ichart Data\Screenshot\August26\2026-08-21\IVR-IVP_25AUG26_Report_2026-08-21_094101.xlsx,True,216,,,,,,,,,,,,,,,,,,
D:\My-data\Share_P&L\Ichart Data\Screenshot\August26\2026-08-21\Resistance_Resistance_25AUG26_Scan_21_8_2026.xlsx,True,88,Symbol,,,,,,,Price,,,Price Chg%,,,,,,,
D:\My-data\Share_P&L\Ichart Data\Screenshot\August26\2026-08-21\Resistance_Resistance_25AUG26_Scan_21_8_2026_092558.xlsx,True,87,Symbol,,,,,,,Price,,,Price Chg%,,,,,,,
D:\My-data\Share_P&L\Ichart Data\Screenshot\August26\2026-08-21\Resistance_Resistance_25AUG26_Scan_21_8_2026_093108.xlsx,True,90,Symbol,,,,,,,Price,,,Price Chg%,,,,,,,
D:\My-data\Share_P&L\Ichart Data\Screenshot\August26\2026-08-21\Resistance_Resistance_25AUG26_Scan_21_8_2026_093617.xlsx,True,82,Symbol,,,,,,,Price,,,Price Chg%,,,,,,,
D:\My-data\Share_P&L\Ichart Data\Screenshot\August26\2026-08-21\Resistance_Resistance_25AUG26_Scan_21_8_2026_094129.xlsx,True,89,Symbol,,,,,,,Price,,,Price Chg%,,,,,,,
D:\My-data\Share_P&L\Ichart Data\Screenshot\August26\2026-08-21\Sector_Summary_25AUG26_Report_21_8_2026.xlsx,True,49,,,,,,,,,,,Price chg (%),OI chg (%),,,,,Volume chg (%),Buildup
D:\My-data\Share_P&L\Ichart Data\Screenshot\August26\2026-08-21\Sector_Summary_25AUG26_Report_21_8_2026_093533.xlsx,True,49,,,,,,,,,,,Price chg (%),OI chg (%),,,,,Volume chg (%),Buildup
D:\My-data\Share_P&L\Ichart Data\Screenshot\August26\2026-08-21\Support_Resistance_25AUG26_Scan_21_8_2026.xlsx,True,125,Symbol,,,,,,,Price,,,Price Chg%,,,,,,,
D:\My-data\Share_P&L\Ichart Data\Screenshot\August26\2026-08-21\Support_Resistance_25AUG26_Scan_21_8_2026_092548.xlsx,True,126,Symbol,,,,,,,Price,,,Price Chg%,,,,,,,
D:\My-data\Share_P&L\Ichart Data\Screenshot\August26\2026-08-21\Support_Resistance_25AUG26_Scan_21_8_2026_093058.xlsx,True,117,Symbol,,,,,,,Price,,,Price Chg%,,,,,,,
D:\My-data\Share_P&L\Ichart Data\Screenshot\August26\2026-08-21\Support_Resistance_25AUG26_Scan_21_8_2026_093607.xlsx,True,117,Symbol,,,,,,,Price,,,Price Chg%,,,,,,,
D:\My-data\Share_P&L\Ichart Data\Screenshot\August26\2026-08-21\Support_Resistance_25AUG26_Scan_21_8_2026_094119.xlsx,True,111,Symbol,,,,,,,Price,,,Price Chg%,,,,,,,
D:\My-data\Share_P&L\Ichart Data\Screenshot\August26\2026-08-21\VolumeAndOISpikesScans_25AUG26_Report_21_8_2026.xlsx,True,217,Symbol,,,,,,,Price,,,Price chg (%),OI chg (%),,,,,Volume Chg (%),
D:\My-data\Share_P&L\Ichart Data\Screenshot\August26\2026-08-21\VolumeAndOISpikesScans_25AUG26_Report_21_8_2026_092538.xlsx,True,217,Symbol,,,,,,,Price,,,Price chg (%),OI chg (%),,,,,Volume Chg (%),
D:\My-data\Share_P&L\Ichart Data\Screenshot\August26\2026-08-21\VolumeAndOISpikesScans_25AUG26_Report_21_8_2026_093045.xlsx,True,217,Symbol,,,,,,,Price,,,Price chg (%),OI chg (%),,,,,Volume Chg (%),
D:\My-data\Share_P&L\Ichart Data\Screenshot\August26\2026-08-21\VolumeAndOISpikesScans_25AUG26_Report_21_8_2026_093557.xlsx,True,217,Symbol,,,,,,,Price,,,Price chg (%),OI chg (%),,,,,Volume Chg (%),
D:\My-data\Share_P&L\Ichart Data\Screenshot\August26\2026-08-21\VolumeAndOISpikesScans_25AUG26_Report_21_8_2026_094109.xlsx,True,217,Symbol,,,,,,,Price,,,Price chg (%),OI chg (%),,,,,Volume Chg (%),
D:\My-data\Share_P&L\Ichart Data\Screenshot\August26\2026-08-24\Daywise_Price_and_OI_Summary_25AUG26_Report_2026-08-24.xlsx,True,217,Symbol,,,Open,High,Low,Close,,ATM Straddle %,ATM Straddle %,Price Chg %,OI Chg %,PCR Chg %,Tot CE OI Chg %,Tot PE OI Chg %,Tot PE-CE OI Chg,,
D:\My-data\Share_P&L\Ichart Data\Screenshot\August26\2026-08-24\Daywise_Price_and_OI_Summary_25AUG26_Report_2026-08-24_093808.xlsx,True,217,Symbol,,,Open,High,Low,Close,,ATM Straddle %,ATM Straddle %,Price Chg %,OI Chg %,PCR Chg %,Tot CE OI Chg %,Tot PE OI Chg %,Tot PE-CE OI Chg,,
D:\My-data\Share_P&L\Ichart Data\Screenshot\August26\2026-08-24\Daywise_Price_and_OI_Summary_25AUG26_Report_2026-08-24_094115.xlsx,True,217,Symbol,,,Open,High,Low,Close,,ATM Straddle %,ATM Straddle %,Price Chg %,OI Chg %,PCR Chg %,Tot CE OI Chg %,Tot PE OI Chg %,Tot PE-CE OI Chg,,
D:\My-data\Share_P&L\Ichart Data\Screenshot\August26\2026-08-24\Daywise_Price_and_OI_Summary_25AUG26_Report_2026-08-24_094423.xlsx,True,217,Symbol,,,Open,High,Low,Close,,ATM Straddle %,ATM Straddle %,Price Chg %,OI Chg %,PCR Chg %,Tot CE OI Chg %,Tot PE OI Chg %,Tot PE-CE OI Chg,,
D:\My-data\Share_P&L\Ichart Data\Screenshot\August26\2026-08-24\Daywise_Price_and_OI_Summary_25AUG26_Report_2026-08-24_094731.xlsx,True,217,Symbol,,,Open,High,Low,Close,,ATM Straddle %,ATM Straddle %,Price Chg %,OI Chg %,PCR Chg %,Tot CE OI Chg %,Tot PE OI Chg %,Tot PE-CE OI Chg,,
D:\My-data\Share_P&L\Ichart Data\Screenshot\August26\2026-08-24\Daywise_Price_and_OI_Summary_25AUG26_Report_2026-08-24_095041.xlsx,True,217,Symbol,,,Open,High,Low,Close,,ATM Straddle %,ATM Straddle %,Price Chg %,OI Chg %,PCR Chg %,Tot CE OI Chg %,Tot PE OI Chg %,Tot PE-CE OI Chg,,
D:\My-data\Share_P&L\Ichart Data\Screenshot\August26\2026-08-24\Daywise_Price_and_OI_Summary_25AUG26_Report_2026-08-24_095347.xlsx,True,217,Symbol,,,Open,High,Low,Close,,ATM Straddle %,ATM Straddle %,Price Chg %,OI Chg %,PCR Chg %,Tot CE OI Chg %,Tot PE OI Chg %,Tot PE-CE OI Chg,,
D:\My-data\Share_P&L\Ichart Data\Screenshot\August26\2026-08-24\Daywise_Price_and_OI_Summary_25AUG26_Report_2026-08-24_095655.xlsx,True,217,Symbol,,,Open,High,Low,Close,,ATM Straddle %,ATM Straddle %,Price Chg %,OI Chg %,PCR Chg %,Tot CE OI Chg %,Tot PE OI Chg %,Tot PE-CE OI Chg,,
D:\My-data\Share_P&L\Ichart Data\Screenshot\August26\2026-08-24\Daywise_Price_and_OI_Summary_25AUG26_Report_2026-08-24_100003.xlsx,True,217,Symbol,,,Open,High,Low,Close,,ATM Straddle %,ATM Straddle %,Price Chg %,OI Chg %,PCR Chg %,Tot CE OI Chg %,Tot PE OI Chg %,Tot PE-CE OI Chg,,
D:\My-data\Share_P&L\Ichart Data\Screenshot\August26\2026-08-24\Daywise_Price_and_OI_Summary_25AUG26_Report_2026-08-24_100310.xlsx,True,217,Symbol,,,Open,High,Low,Close,,ATM Straddle %,ATM Straddle %,Price Chg %,OI Chg %,PCR Chg %,Tot CE OI Chg %,Tot PE OI Chg %,Tot PE-CE OI Chg,,
D:\My-data\Share_P&L\Ichart Data\Screenshot\August26\2026-08-24\Daywise_Price_and_OI_Summary_25AUG26_Report_2026-08-24_100618.xlsx,True,217,Symbol,,,Open,High,Low,Close,,ATM Straddle %,ATM Straddle %,Price Chg %,OI Chg %,PCR Chg %,Tot CE OI Chg %,Tot PE OI Chg %,Tot PE-CE OI Chg,,
D:\My-data\Share_P&L\Ichart Data\Screenshot\August26\2026-08-24\Daywise_Price_and_OI_Summary_25AUG26_Report_2026-08-24_100927.xlsx,True,217,Symbol,,,Open,High,Low,Close,,ATM Straddle %,ATM Straddle %,Price Chg %,OI Chg %,PCR Chg %,Tot CE OI Chg %,Tot PE OI Chg %,Tot PE-CE OI Chg,,
D:\My-data\Share_P&L\Ichart Data\Screenshot\August26\2026-08-24\Daywise_Price_and_OI_Summary_25AUG26_Report_2026-08-24_101234.xlsx,True,217,Symbol,,,Open,High,Low,Close,,ATM Straddle %,ATM Straddle %,Price Chg %,OI Chg %,PCR Chg %,Tot CE OI Chg %,Tot PE OI Chg %,Tot PE-CE OI Chg,,
D:\My-data\Share_P&L\Ichart Data\Screenshot\August26\2026-08-24\Daywise_Price_and_OI_Summary_25AUG26_Report_2026-08-24_101541.xlsx,True,217,Symbol,,,Open,High,Low,Close,,ATM Straddle %,ATM Straddle %,Price Chg %,OI Chg %,PCR Chg %,Tot CE OI Chg %,Tot PE OI Chg %,Tot PE-CE OI Chg,,
D:\My-data\Share_P&L\Ichart Data\Screenshot\August26\2026-08-24\Daywise_Price_and_OI_Summary_25AUG26_Report_2026-08-24_101849.xlsx,True,217,Symbol,,,Open,High,Low,Close,,ATM Straddle %,ATM Straddle %,Price Chg %,OI Chg %,PCR Chg %,Tot CE OI Chg %,Tot PE OI Chg %,Tot PE-CE OI Chg,,
D:\My-data\Share_P&L\Ichart Data\Screenshot\August26\2026-08-24\Daywise_Price_and_OI_Summary_25AUG26_Report_2026-08-24_102157.xlsx,True,217,Symbol,,,Open,High,Low,Close,,ATM Straddle %,ATM Straddle %,Price Chg %,OI Chg %,PCR Chg %,Tot CE OI Chg %,Tot PE OI Chg %,Tot PE-CE OI Chg,,
D:\My-data\Share_P&L\Ichart Data\Screenshot\August26\2026-08-24\Daywise_Price_and_OI_Summary_25AUG26_Report_2026-08-24_102504.xlsx,True,217,Symbol,,,Open,High,Low,Close,,ATM Straddle %,ATM Straddle %,Price Chg %,OI Chg %,PCR Chg %,Tot CE OI Chg %,Tot PE OI Chg %,Tot PE-CE OI Chg,,
D:\My-data\Share_P&L\Ichart Data\Screenshot\August26\2026-08-24\Daywise_Price_and_OI_Summary_25AUG26_Report_2026-08-24_102812.xlsx,True,217,Symbol,,,Open,High,Low,Close,,ATM Straddle %,ATM Straddle %,Price Chg %,OI Chg %,PCR Chg %,Tot CE OI Chg %,Tot PE OI Chg %,Tot PE-CE OI Chg,,
D:\My-data\Share_P&L\Ichart Data\Screenshot\August26\2026-08-24\Daywise_Price_and_OI_Summary_25AUG26_Report_2026-08-24_103119.xlsx,True,217,Symbol,,,Open,High,Low,Close,,ATM Straddle %,ATM Straddle %,Price Chg %,OI Chg %,PCR Chg %,Tot CE OI Chg %,Tot PE OI Chg %,Tot PE-CE OI Chg,,
D:\My-data\Share_P&L\Ichart Data\Screenshot\August26\2026-08-24\Daywise_Price_and_OI_Summary_25AUG26_Report_2026-08-24_103427.xlsx,True,217,Symbol,,,Open,High,Low,Close,,ATM Straddle %,ATM Straddle %,Price Chg %,OI Chg %,PCR Chg %,Tot CE OI Chg %,Tot PE OI Chg %,Tot PE-CE OI Chg,,
D:\My-data\Share_P&L\Ichart Data\Screenshot\August26\2026-08-24\Daywise_Price_and_OI_Summary_25AUG26_Report_2026-08-24_103734.xlsx,True,217,Symbol,,,Open,High,Low,Close,,ATM Straddle %,ATM Straddle %,Price Chg %,OI Chg %,PCR Chg %,Tot CE OI Chg %,Tot PE OI Chg %,Tot PE-CE OI Chg,,
D:\My-data\Share_P&L\Ichart Data\Screenshot\August26\2026-08-24\Daywise_Price_and_OI_Summary_25AUG26_Report_2026-08-24_104042.xlsx,True,217,Symbol,,,Open,High,Low,Close,,ATM Straddle %,ATM Straddle %,Price Chg %,OI Chg %,PCR Chg %,Tot CE OI Chg %,Tot PE OI Chg %,Tot PE-CE OI Chg,,
D:\My-data\Share_P&L\Ichart Data\Screenshot\August26\2026-08-24\Daywise_Price_and_OI_Summary_25AUG26_Report_2026-08-24_104348.xlsx,True,217,Symbol,,,Open,High,Low,Close,,ATM Straddle %,ATM Straddle %,Price Chg %,OI Chg %,PCR Chg %,Tot CE OI Chg %,Tot PE OI Chg %,Tot PE-CE OI Chg,,
D:\My-data\Share_P&L\Ichart Data\Screenshot\August26\2026-08-24\Daywise_Price_and_OI_Summary_25AUG26_Report_2026-08-24_104655.xlsx,True,217,Symbol,,,Open,High,Low,Close,,ATM Straddle %,ATM Straddle %,Price Chg %,OI Chg %,PCR Chg %,Tot CE OI Chg %,Tot PE OI Chg %,Tot PE-CE OI Chg,,
D:\My-data\Share_P&L\Ichart Data\Screenshot\August26\2026-08-24\Daywise_Price_and_OI_Summary_25AUG26_Report_2026-08-24_105002.xlsx,True,217,Symbol,,,Open,High,Low,Close,,ATM Straddle %,ATM Straddle %,Price Chg %,OI Chg %,PCR Chg %,Tot CE OI Chg %,Tot PE OI Chg %,Tot PE-CE OI Chg,,
D:\My-data\Share_P&L\Ichart Data\Screenshot\August26\2026-08-24\Daywise_Price_and_OI_Summary_25AUG26_Report_2026-08-24_105310.xlsx,True,217,Symbol,,,Open,High,Low,Close,,ATM Straddle %,ATM Straddle %,Price Chg %,OI Chg %,PCR Chg %,Tot CE OI Chg %,Tot PE OI Chg %,Tot PE-CE OI Chg,,
D:\My-data\Share_P&L\Ichart Data\Screenshot\August26\2026-08-24\Daywise_Price_and_OI_Summary_25AUG26_Report_2026-08-24_105618.xlsx,True,217,Symbol,,,Open,High,Low,Close,,ATM Straddle %,ATM Straddle %,Price Chg %,OI Chg %,PCR Chg %,Tot CE OI Chg %,Tot PE OI Chg %,Tot PE-CE OI Chg,,
D:\My-data\Share_P&L\Ichart Data\Screenshot\August26\2026-08-24\Daywise_Price_and_OI_Summary_25AUG26_Report_2026-08-24_105924.xlsx,True,217,Symbol,,,Open,High,Low,Close,,ATM Straddle %,ATM Straddle %,Price Chg %,OI Chg %,PCR Chg %,Tot CE OI Chg %,Tot PE OI Chg %,Tot PE-CE OI Chg,,
D:\My-data\Share_P&L\Ichart Data\Screenshot\August26\2026-08-24\Daywise_Price_and_OI_Summary_25AUG26_Report_2026-08-24_110232.xlsx,True,217,Symbol,,,Open,High,Low,Close,,ATM Straddle %,ATM Straddle %,Price Chg %,OI Chg %,PCR Chg %,Tot CE OI Chg %,Tot PE OI Chg %,Tot PE-CE OI Chg,,
D:\My-data\Share_P&L\Ichart Data\Screenshot\August26\2026-08-24\Daywise_Price_and_OI_Summary_25AUG26_Report_2026-08-24_110539.xlsx,True,217,Symbol,,,Open,High,Low,Close,,ATM Straddle %,ATM Straddle %,Price Chg %,OI Chg %,PCR Chg %,Tot CE OI Chg %,Tot PE OI Chg %,Tot PE-CE OI Chg,,
D:\My-data\Share_P&L\Ichart Data\Screenshot\August26\2026-08-24\Daywise_Price_and_OI_Summary_25AUG26_Report_2026-08-24_110847.xlsx,True,217,Symbol,,,Open,High,Low,Close,,ATM Straddle %,ATM Straddle %,Price Chg %,OI Chg %,PCR Chg %,Tot CE OI Chg %,Tot PE OI Chg %,Tot PE-CE OI Chg,,
D:\My-data\Share_P&L\Ichart Data\Screenshot\August26\2026-08-24\Daywise_Price_and_OI_Summary_25AUG26_Report_2026-08-24_111155.xlsx,True,217,Symbol,,,Open,High,Low,Close,,ATM Straddle %,ATM Straddle %,Price Chg %,OI Chg %,PCR Chg %,Tot CE OI Chg %,Tot PE OI Chg %,Tot PE-CE OI Chg,,
D:\My-data\Share_P&L\Ichart Data\Screenshot\August26\2026-08-24\Daywise_Price_and_OI_Summary_25AUG26_Report_2026-08-24_111502.xlsx,True,217,Symbol,,,Open,High,Low,Close,,ATM Straddle %,ATM Straddle %,Price Chg %,OI Chg %,PCR Chg %,Tot CE OI Chg %,Tot PE OI Chg %,Tot PE-CE OI Chg,,
D:\My-data\Share_P&L\Ichart Data\Screenshot\August26\2026-08-24\Daywise_Price_and_OI_Summary_25AUG26_Report_2026-08-24_111810.xlsx,True,217,Symbol,,,Open,High,Low,Close,,ATM Straddle %,ATM Straddle %,Price Chg %,OI Chg %,PCR Chg %,Tot CE OI Chg %,Tot PE OI Chg %,Tot PE-CE OI Chg,,
D:\My-data\Share_P&L\Ichart Data\Screenshot\August26\2026-08-24\Daywise_Price_and_OI_Summary_25AUG26_Report_2026-08-24_112117.xlsx,True,217,Symbol,,,Open,High,Low,Close,,ATM Straddle %,ATM Straddle %,Price Chg %,OI Chg %,PCR Chg %,Tot CE OI Chg %,Tot PE OI Chg %,Tot PE-CE OI Chg,,
D:\My-data\Share_P&L\Ichart Data\Screenshot\August26\2026-08-24\Daywise_Price_and_OI_Summary_25AUG26_Report_2026-08-24_112433.xlsx,True,217,Symbol,,,Open,High,Low,Close,,ATM Straddle %,ATM Straddle %,Price Chg %,OI Chg %,PCR Chg %,Tot CE OI Chg %,Tot PE OI Chg %,Tot PE-CE OI Chg,,
D:\My-data\Share_P&L\Ichart Data\Screenshot\August26\2026-08-24\Daywise_Price_and_OI_Summary_25AUG26_Report_2026-08-24_112745.xlsx,True,217,Symbol,,,Open,High,Low,Close,,ATM Straddle %,ATM Straddle %,Price Chg %,OI Chg %,PCR Chg %,Tot CE OI Chg %,Tot PE OI Chg %,Tot PE-CE OI Chg,,
D:\My-data\Share_P&L\Ichart Data\Screenshot\August26\2026-08-24\Daywise_Price_and_OI_Summary_25AUG26_Report_2026-08-24_113054.xlsx,True,217,Symbol,,,Open,High,Low,Close,,ATM Straddle %,ATM Straddle %,Price Chg %,OI Chg %,PCR Chg %,Tot CE OI Chg %,Tot PE OI Chg %,Tot PE-CE OI Chg,,
D:\My-data\Share_P&L\Ichart Data\Screenshot\August26\2026-08-24\Daywise_Price_and_OI_Summary_25AUG26_Report_2026-08-24_113401.xlsx,True,217,Symbol,,,Open,High,Low,Close,,ATM Straddle %,ATM Straddle %,Price Chg %,OI Chg %,PCR Chg %,Tot CE OI Chg %,Tot PE OI Chg %,Tot PE-CE OI Chg,,
D:\My-data\Share_P&L\Ichart Data\Screenshot\August26\2026-08-24\Daywise_Price_and_OI_Summary_25AUG26_Report_2026-08-24_113709.xlsx,True,217,Symbol,,,Open,High,Low,Close,,ATM Straddle %,ATM Straddle %,Price Chg %,OI Chg %,PCR Chg %,Tot CE OI Chg %,Tot PE OI Chg %,Tot PE-CE OI Chg,,
D:\My-data\Share_P&L\Ichart Data\Screenshot\August26\2026-08-24\Daywise_Price_and_OI_Summary_25AUG26_Report_2026-08-24_114016.xlsx,True,217,Symbol,,,Open,High,Low,Close,,ATM Straddle %,ATM Straddle %,Price Chg %,OI Chg %,PCR Chg %,Tot CE OI Chg %,Tot PE OI Chg %,Tot PE-CE OI Chg,,
D:\My-data\Share_P&L\Ichart Data\Screenshot\August26\2026-08-24\Daywise_Price_and_OI_Summary_25AUG26_Report_2026-08-24_114324.xlsx,True,217,Symbol,,,Open,High,Low,Close,,ATM Straddle %,ATM Straddle %,Price Chg %,OI Chg %,PCR Chg %,Tot CE OI Chg %,Tot PE OI Chg %,Tot PE-CE OI Chg,,
D:\My-data\Share_P&L\Ichart Data\Screenshot\August26\2026-08-24\Daywise_Price_and_OI_Summary_25AUG26_Report_2026-08-24_114631.xlsx,True,217,Symbol,,,Open,High,Low,Close,,ATM Straddle %,ATM Straddle %,Price Chg %,OI Chg %,PCR Chg %,Tot CE OI Chg %,Tot PE OI Chg %,Tot PE-CE OI Chg,,
D:\My-data\Share_P&L\Ichart Data\Screenshot\August26\2026-08-24\Daywise_Price_and_OI_Summary_25AUG26_Report_2026-08-24_114939.xlsx,True,217,Symbol,,,Open,High,Low,Close,,ATM Straddle %,ATM Straddle %,Price Chg %,OI Chg %,PCR Chg %,Tot CE OI Chg %,Tot PE OI Chg %,Tot PE-CE OI Chg,,
D:\My-data\Share_P&L\Ichart Data\Screenshot\August26\2026-08-24\Daywise_Price_and_OI_Summary_25AUG26_Report_2026-08-24_115246.xlsx,True,217,Symbol,,,Open,High,Low,Close,,ATM Straddle %,ATM Straddle %,Price Chg %,OI Chg %,PCR Chg %,Tot CE OI Chg %,Tot PE OI Chg %,Tot PE-CE OI Chg,,
D:\My-data\Share_P&L\Ichart Data\Screenshot\August26\2026-08-24\Daywise_Price_and_OI_Summary_25AUG26_Report_2026-08-24_115554.xlsx,True,217,Symbol,,,Open,High,Low,Close,,ATM Straddle %,ATM Straddle %,Price Chg %,OI Chg %,PCR Chg %,Tot CE OI Chg %,Tot PE OI Chg %,Tot PE-CE OI Chg,,
D:\My-data\Share_P&L\Ichart Data\Screenshot\August26\2026-08-24\Daywise_Price_and_OI_Summary_25AUG26_Report_2026-08-24_115902.xlsx,True,217,Symbol,,,Open,High,Low,Close,,ATM Straddle %,ATM Straddle %,Price Chg %,OI Chg %,PCR Chg %,Tot CE OI Chg %,Tot PE OI Chg %,Tot PE-CE OI Chg,,
D:\My-data\Share_P&L\Ichart Data\Screenshot\August26\2026-08-24\Daywise_Price_and_OI_Summary_25AUG26_Report_2026-08-24_120210.xlsx,True,217,Symbol,,,Open,High,Low,Close,,ATM Straddle %,ATM Straddle %,Price Chg %,OI Chg %,PCR Chg %,Tot CE OI Chg %,Tot PE OI Chg %,Tot PE-CE OI Chg,,
D:\My-data\Share_P&L\Ichart Data\Screenshot\August26\2026-08-24\Daywise_Price_and_OI_Summary_25AUG26_Report_2026-08-24_120517.xlsx,True,217,Symbol,,,Open,High,Low,Close,,ATM Straddle %,ATM Straddle %,Price Chg %,OI Chg %,PCR Chg %,Tot CE OI Chg %,Tot PE OI Chg %,Tot PE-CE OI Chg,,
D:\My-data\Share_P&L\Ichart Data\Screenshot\August26\2026-08-24\Daywise_Price_and_OI_Summary_25AUG26_Report_2026-08-24_120825.xlsx,True,217,Symbol,,,Open,High,Low,Close,,ATM Straddle %,ATM Straddle %,Price Chg %,OI Chg %,PCR Chg %,Tot CE OI Chg %,Tot PE OI Chg %,Tot PE-CE OI Chg,,
D:\My-data\Share_P&L\Ichart Data\Screenshot\August26\2026-08-24\Daywise_Price_and_OI_Summary_25AUG26_Report_2026-08-24_121132.xlsx,True,217,Symbol,,,Open,High,Low,Close,,ATM Straddle %,ATM Straddle %,Price Chg %,OI Chg %,PCR Chg %,Tot CE OI Chg %,Tot PE OI Chg %,Tot PE-CE OI Chg,,
D:\My-data\Share_P&L\Ichart Data\Screenshot\August26\2026-08-24\Daywise_Price_and_OI_Summary_25AUG26_Report_2026-08-24_121440.xlsx,True,217,Symbol,,,Open,High,Low,Close,,ATM Straddle %,ATM Straddle %,Price Chg %,OI Chg %,PCR Chg %,Tot CE OI Chg %,Tot PE OI Chg %,Tot PE-CE OI Chg,,
D:\My-data\Share_P&L\Ichart Data\Screenshot\August26\2026-08-24\Daywise_Price_and_OI_Summary_25AUG26_Report_2026-08-24_121747.xlsx,True,217,Symbol,,,Open,High,Low,Close,,ATM Straddle %,ATM Straddle %,Price Chg %,OI Chg %,PCR Chg %,Tot CE OI Chg %,Tot PE OI Chg %,Tot PE-CE OI Chg,,
D:\My-data\Share_P&L\Ichart Data\Screenshot\August26\2026-08-24\Daywise_Price_and_OI_Summary_25AUG26_Report_2026-08-24_122055.xlsx,True,217,Symbol,,,Open,High,Low,Close,,ATM Straddle %,ATM Straddle %,Price Chg %,OI Chg %,PCR Chg %,Tot CE OI Chg %,Tot PE OI Chg %,Tot PE-CE OI Chg,,
D:\My-data\Share_P&L\Ichart Data\Screenshot\August26\2026-08-24\Daywise_Price_and_OI_Summary_25AUG26_Report_2026-08-24_122402.xlsx,True,217,Symbol,,,Open,High,Low,Close,,ATM Straddle %,ATM Straddle %,Price Chg %,OI Chg %,PCR Chg %,Tot CE OI Chg %,Tot PE OI Chg %,Tot PE-CE OI Chg,,
D:\My-data\Share_P&L\Ichart Data\Screenshot\August26\2026-08-24\Daywise_Price_and_OI_Summary_25AUG26_Report_2026-08-24_122711.xlsx,True,217,Symbol,,,Open,High,Low,Close,,ATM Straddle %,ATM Straddle %,Price Chg %,OI Chg %,PCR Chg %,Tot CE OI Chg %,Tot PE OI Chg %,Tot PE-CE OI Chg,,
D:\My-data\Share_P&L\Ichart Data\Screenshot\August26\2026-08-24\Daywise_Price_and_OI_Summary_25AUG26_Report_2026-08-24_123019.xlsx,True,215,Symbol,,,Open,High,Low,Close,,ATM Straddle %,ATM Straddle %,Price Chg %,OI Chg %,PCR Chg %,Tot CE OI Chg %,Tot PE OI Chg %,Tot PE-CE OI Chg,,
D:\My-data\Share_P&L\Ichart Data\Screenshot\August26\2026-08-24\Daywise_Price_and_OI_Summary_25AUG26_Report_2026-08-24_123326.xlsx,True,215,Symbol,,,Open,High,Low,Close,,ATM Straddle %,ATM Straddle %,Price Chg %,OI Chg %,PCR Chg %,Tot CE OI Chg %,Tot PE OI Chg %,Tot PE-CE OI Chg,,
D:\My-data\Share_P&L\Ichart Data\Screenshot\August26\2026-08-24\Daywise_Price_and_OI_Summary_25AUG26_Report_2026-08-24_123634.xlsx,True,215,Symbol,,,Open,High,Low,Close,,ATM Straddle %,ATM Straddle %,Price Chg %,OI Chg %,PCR Chg %,Tot CE OI Chg %,Tot PE OI Chg %,Tot PE-CE OI Chg,,
D:\My-data\Share_P&L\Ichart Data\Screenshot\August26\2026-08-24\IVR-IVP_25AUG26_Report_2026-08-24.xlsx,True,215,,,,,,,,,,,,,,,,,,
D:\My-data\Share_P&L\Ichart Data\Screenshot\August26\2026-08-24\IVR-IVP_25AUG26_Report_2026-08-24_093816.xlsx,True,215,,,,,,,,,,,,,,,,,,
D:\My-data\Share_P&L\Ichart Data\Screenshot\August26\2026-08-24\IVR-IVP_25AUG26_Report_2026-08-24_094123.xlsx,True,215,,,,,,,,,,,,,,,,,,
D:\My-data\Share_P&L\Ichart Data\Screenshot\August26\2026-08-24\IVR-IVP_25AUG26_Report_2026-08-24_094432.xlsx,True,216,,,,,,,,,,,,,,,,,,
D:\My-data\Share_P&L\Ichart Data\Screenshot\August26\2026-08-24\IVR-IVP_25AUG26_Report_2026-08-24_094740.xlsx,True,216,,,,,,,,,,,,,,,,,,
D:\My-data\Share_P&L\Ichart Data\Screenshot\August26\2026-08-24\IVR-IVP_25AUG26_Report_2026-08-24_095049.xlsx,True,216,,,,,,,,,,,,,,,,,,
D:\My-data\Share_P&L\Ichart Data\Screenshot\August26\2026-08-24\IVR-IVP_25AUG26_Report_2026-08-24_095356.xlsx,True,216,,,,,,,,,,,,,,,,,,
D:\My-data\Share_P&L\Ichart Data\Screenshot\August26\2026-08-24\IVR-IVP_25AUG26_Report_2026-08-24_095704.xlsx,True,216,,,,,,,,,,,,,,,,,,
D:\My-data\Share_P&L\Ichart Data\Screenshot\August26\2026-08-24\IVR-IVP_25AUG26_Report_2026-08-24_100011.xlsx,True,216,,,,,,,,,,,,,,,,,,
D:\My-data\Share_P&L\Ichart Data\Screenshot\August26\2026-08-24\IVR-IVP_25AUG26_Report_2026-08-24_100318.xlsx,True,217,,,,,,,,,,,,,,,,,,
D:\My-data\Share_P&L\Ichart Data\Screenshot\August26\2026-08-24\IVR-IVP_25AUG26_Report_2026-08-24_100626.xlsx,True,217,,,,,,,,,,,,,,,,,,
D:\My-data\Share_P&L\Ichart Data\Screenshot\August26\2026-08-24\IVR-IVP_25AUG26_Report_2026-08-24_100935.xlsx,True,217,,,,,,,,,,,,,,,,,,
D:\My-data\Share_P&L\Ichart Data\Screenshot\August26\2026-08-24\IVR-IVP_25AUG26_Report_2026-08-24_101242.xlsx,True,217,,,,,,,,,,,,,,,,,,
D:\My-data\Share_P&L\Ichart Data\Screenshot\August26\2026-08-24\IVR-IVP_25AUG26_Report_2026-08-24_101550.xlsx,True,217,,,,,,,,,,,,,,,,,,
D:\My-data\Share_P&L\Ichart Data\Screenshot\August26\2026-08-24\IVR-IVP_25AUG26_Report_2026-08-24_101857.xlsx,True,217,,,,,,,,,,,,,,,,,,
D:\My-data\Share_P&L\Ichart Data\Screenshot\August26\2026-08-24\IVR-IVP_25AUG26_Report_2026-08-24_102206.xlsx,True,217,,,,,,,,,,,,,,,,,,
D:\My-data\Share_P&L\Ichart Data\Screenshot\August26\2026-08-24\IVR-IVP_25AUG26_Report_2026-08-24_102514.xlsx,True,217,,,,,,,,,,,,,,,,,,
D:\My-data\Share_P&L\Ichart Data\Screenshot\August26\2026-08-24\IVR-IVP_25AUG26_Report_2026-08-24_102822.xlsx,True,217,,,,,,,,,,,,,,,,,,
D:\My-data\Share_P&L\Ichart Data\Screenshot\August26\2026-08-24\IVR-IVP_25AUG26_Report_2026-08-24_103134.xlsx,True,217,,,,,,,,,,,,,,,,,,
D:\My-data\Share_P&L\Ichart Data\Screenshot\August26\2026-08-24\IVR-IVP_25AUG26_Report_2026-08-24_103441.xlsx,True,217,,,,,,,,,,,,,,,,,,
D:\My-data\Share_P&L\Ichart Data\Screenshot\August26\2026-08-24\IVR-IVP_25AUG26_Report_2026-08-24_103748.xlsx,True,217,,,,,,,,,,,,,,,,,,
D:\My-data\Share_P&L\Ichart Data\Screenshot\August26\2026-08-24\IVR-IVP_25AUG26_Report_2026-08-24_104055.xlsx,True,217,,,,,,,,,,,,,,,,,,
D:\My-data\Share_P&L\Ichart Data\Screenshot\August26\2026-08-24\IVR-IVP_25AUG26_Report_2026-08-24_104402.xlsx,True,217,,,,,,,,,,,,,,,,,,
D:\My-data\Share_P&L\Ichart Data\Screenshot\August26\2026-08-24\IVR-IVP_25AUG26_Report_2026-08-24_104710.xlsx,True,217,,,,,,,,,,,,,,,,,,
D:\My-data\Share_P&L\Ichart Data\Screenshot\August26\2026-08-24\IVR-IVP_25AUG26_Report_2026-08-24_105018.xlsx,True,217,,,,,,,,,,,,,,,,,,
D:\My-data\Share_P&L\Ichart Data\Screenshot\August26\2026-08-24\IVR-IVP_25AUG26_Report_2026-08-24_105334.xlsx,True,217,,,,,,,,,,,,,,,,,,
D:\My-data\Share_P&L\Ichart Data\Screenshot\August26\2026-08-24\IVR-IVP_25AUG26_Report_2026-08-24_105643.xlsx,True,217,,,,,,,,,,,,,,,,,,
D:\My-data\Share_P&L\Ichart Data\Screenshot\August26\2026-08-24\IVR-IVP_25AUG26_Report_2026-08-24_105950.xlsx,True,217,,,,,,,,,,,,,,,,,,
D:\My-data\Share_P&L\Ichart Data\Screenshot\August26\2026-08-24\IVR-IVP_25AUG26_Report_2026-08-24_110258.xlsx,True,217,,,,,,,,,,,,,,,,,,
D:\My-data\Share_P&L\Ichart Data\Screenshot\August26\2026-08-24\IVR-IVP_25AUG26_Report_2026-08-24_110604.xlsx,True,217,,,,,,,,,,,,,,,,,,
D:\My-data\Share_P&L\Ichart Data\Screenshot\August26\2026-08-24\IVR-IVP_25AUG26_Report_2026-08-24_110912.xlsx,True,217,,,,,,,,,,,,,,,,,,
D:\My-data\Share_P&L\Ichart Data\Screenshot\August26\2026-08-24\IVR-IVP_25AUG26_Report_2026-08-24_111226.xlsx,True,217,,,,,,,,,,,,,,,,,,
D:\My-data\Share_P&L\Ichart Data\Screenshot\August26\2026-08-24\IVR-IVP_25AUG26_Report_2026-08-24_111533.xlsx,True,217,,,,,,,,,,,,,,,,,,
D:\My-data\Share_P&L\Ichart Data\Screenshot\August26\2026-08-24\IVR-IVP_25AUG26_Report_2026-08-24_111841.xlsx,True,217,,,,,,,,,,,,,,,,,,
D:\My-data\Share_P&L\Ichart Data\Screenshot\August26\2026-08-24\IVR-IVP_25AUG26_Report_2026-08-24_112149.xlsx,True,217,,,,,,,,,,,,,,,,,,
D:\My-data\Share_P&L\Ichart Data\Screenshot\August26\2026-08-24\IVR-IVP_25AUG26_Report_2026-08-24_112457.xlsx,True,217,,,,,,,,,,,,,,,,,,
D:\My-data\Share_P&L\Ichart Data\Screenshot\August26\2026-08-24\IVR-IVP_25AUG26_Report_2026-08-24_112805.xlsx,True,217,,,,,,,,,,,,,,,,,,
D:\My-data\Share_P&L\Ichart Data\Screenshot\August26\2026-08-24\IVR-IVP_25AUG26_Report_2026-08-24_113111.xlsx,True,218,,,,,,,,,,,,,,,,,,
D:\My-data\Share_P&L\Ichart Data\Screenshot\August26\2026-08-24\IVR-IVP_25AUG26_Report_2026-08-24_113419.xlsx,True,218,,,,,,,,,,,,,,,,,,
D:\My-data\Share_P&L\Ichart Data\Screenshot\August26\2026-08-24\IVR-IVP_25AUG26_Report_2026-08-24_113727.xlsx,True,218,,,,,,,,,,,,,,,,,,
D:\My-data\Share_P&L\Ichart Data\Screenshot\August26\2026-08-24\IVR-IVP_25AUG26_Report_2026-08-24_114034.xlsx,True,218,,,,,,,,,,,,,,,,,,
D:\My-data\Share_P&L\Ichart Data\Screenshot\August26\2026-08-24\IVR-IVP_25AUG26_Report_2026-08-24_114341.xlsx,True,218,,,,,,,,,,,,,,,,,,
D:\My-data\Share_P&L\Ichart Data\Screenshot\August26\2026-08-24\IVR-IVP_25AUG26_Report_2026-08-24_114649.xlsx,True,218,,,,,,,,,,,,,,,,,,
D:\My-data\Share_P&L\Ichart Data\Screenshot\August26\2026-08-24\IVR-IVP_25AUG26_Report_2026-08-24_114956.xlsx,True,218,,,,,,,,,,,,,,,,,,
D:\My-data\Share_P&L\Ichart Data\Screenshot\August26\2026-08-24\IVR-IVP_25AUG26_Report_2026-08-24_115303.xlsx,True,218,,,,,,,,,,,,,,,,,,
D:\My-data\Share_P&L\Ichart Data\Screenshot\August26\2026-08-24\IVR-IVP_25AUG26_Report_2026-08-24_115610.xlsx,True,218,,,,,,,,,,,,,,,,,,
D:\My-data\Share_P&L\Ichart Data\Screenshot\August26\2026-08-24\IVR-IVP_25AUG26_Report_2026-08-24_115916.xlsx,True,218,,,,,,,,,,,,,,,,,,
D:\My-data\Share_P&L\Ichart Data\Screenshot\August26\2026-08-24\IVR-IVP_25AUG26_Report_2026-08-24_120224.xlsx,True,218,,,,,,,,,,,,,,,,,,
D:\My-data\Share_P&L\Ichart Data\Screenshot\August26\2026-08-24\IVR-IVP_25AUG26_Report_2026-08-24_120531.xlsx,True,218,,,,,,,,,,,,,,,,,,
D:\My-data\Share_P&L\Ichart Data\Screenshot\August26\2026-08-24\IVR-IVP_25AUG26_Report_2026-08-24_120839.xlsx,True,218,,,,,,,,,,,,,,,,,,
D:\My-data\Share_P&L\Ichart Data\Screenshot\August26\2026-08-24\IVR-IVP_25AUG26_Report_2026-08-24_121147.xlsx,True,218,,,,,,,,,,,,,,,,,,
D:\My-data\Share_P&L\Ichart Data\Screenshot\August26\2026-08-24\IVR-IVP_25AUG26_Report_2026-08-24_121453.xlsx,True,218,,,,,,,,,,,,,,,,,,
D:\My-data\Share_P&L\Ichart Data\Screenshot\August26\2026-08-24\IVR-IVP_25AUG26_Report_2026-08-24_121800.xlsx,True,218,,,,,,,,,,,,,,,,,,
D:\My-data\Share_P&L\Ichart Data\Screenshot\August26\2026-08-24\IVR-IVP_25AUG26_Report_2026-08-24_122107.xlsx,True,218,,,,,,,,,,,,,,,,,,
D:\My-data\Share_P&L\Ichart Data\Screenshot\August26\2026-08-24\IVR-IVP_25AUG26_Report_2026-08-24_122415.xlsx,True,218,,,,,,,,,,,,,,,,,,
D:\My-data\Share_P&L\Ichart Data\Screenshot\August26\2026-08-24\IVR-IVP_25AUG26_Report_2026-08-24_122723.xlsx,True,218,,,,,,,,,,,,,,,,,,
D:\My-data\Share_P&L\Ichart Data\Screenshot\August26\2026-08-24\IVR-IVP_25AUG26_Report_2026-08-24_123029.xlsx,True,218,,,,,,,,,,,,,,,,,,
D:\My-data\Share_P&L\Ichart Data\Screenshot\August26\2026-08-24\IVR-IVP_25AUG26_Report_2026-08-24_123336.xlsx,True,218,,,,,,,,,,,,,,,,,,
D:\My-data\Share_P&L\Ichart Data\Screenshot\August26\2026-08-24\IVR-IVP_25AUG26_Report_2026-08-24_123644.xlsx,True,218,,,,,,,,,,,,,,,,,,
D:\My-data\Share_P&L\Ichart Data\Screenshot\August26\2026-08-24\Resistance_Resistance_25AUG26_Scan_24_8_2026.xlsx,True,99,Symbol,,,,,,,Price,,,Price Chg%,,,,,,,
D:\My-data\Share_P&L\Ichart Data\Screenshot\August26\2026-08-24\Resistance_Resistance_25AUG26_Scan_24_8_2026_094049.xlsx,True,102,Symbol,,,,,,,Price,,,Price Chg%,,,,,,,
D:\My-data\Share_P&L\Ichart Data\Screenshot\August26\2026-08-24\Resistance_Resistance_25AUG26_Scan_24_8_2026_094558.xlsx,True,100,Symbol,,,,,,,Price,,,Price Chg%,,,,,,,
D:\My-data\Share_P&L\Ichart Data\Screenshot\August26\2026-08-24\Resistance_Resistance_25AUG26_Scan_24_8_2026_095108.xlsx,True,103,Symbol,,,,,,,Price,,,Price Chg%,,,,,,,
D:\My-data\Share_P&L\Ichart Data\Screenshot\August26\2026-08-24\Resistance_Resistance_25AUG26_Scan_24_8_2026_095624.xlsx,True,103,Symbol,,,,,,,Price,,,Price Chg%,,,,,,,
D:\My-data\Share_P&L\Ichart Data\Screenshot\August26\2026-08-24\Resistance_Resistance_25AUG26_Scan_24_8_2026_100133.xlsx,True,103,Symbol,,,,,,,Price,,,Price Chg%,,,,,,,
D:\My-data\Share_P&L\Ichart Data\Screenshot\August26\2026-08-24\Resistance_Resistance_25AUG26_Scan_24_8_2026_100643.xlsx,True,101,Symbol,,,,,,,Price,,,Price Chg%,,,,,,,
D:\My-data\Share_P&L\Ichart Data\Screenshot\August26\2026-08-24\Resistance_Resistance_25AUG26_Scan_24_8_2026_101152.xlsx,True,101,Symbol,,,,,,,Price,,,Price Chg%,,,,,,,
D:\My-data\Share_P&L\Ichart Data\Screenshot\August26\2026-08-24\Resistance_Resistance_25AUG26_Scan_24_8_2026_101702.xlsx,True,101,Symbol,,,,,,,Price,,,Price Chg%,,,,,,,
D:\My-data\Share_P&L\Ichart Data\Screenshot\August26\2026-08-24\Resistance_Resistance_25AUG26_Scan_24_8_2026_102222.xlsx,True,102,Symbol,,,,,,,Price,,,Price Chg%,,,,,,,
D:\My-data\Share_P&L\Ichart Data\Screenshot\August26\2026-08-24\Resistance_Resistance_25AUG26_Scan_24_8_2026_102732.xlsx,True,101,Symbol,,,,,,,Price,,,Price Chg%,,,,,,,
D:\My-data\Share_P&L\Ichart Data\Screenshot\August26\2026-08-24\Resistance_Resistance_25AUG26_Scan_24_8_2026_103241.xlsx,True,100,Symbol,,,,,,,Price,,,Price Chg%,,,,,,,
D:\My-data\Share_P&L\Ichart Data\Screenshot\August26\2026-08-24\Resistance_Resistance_25AUG26_Scan_24_8_2026_103758.xlsx,True,104,Symbol,,,,,,,Price,,,Price Chg%,,,,,,,
D:\My-data\Share_P&L\Ichart Data\Screenshot\August26\2026-08-24\Resistance_Resistance_25AUG26_Scan_24_8_2026_104307.xlsx,True,102,Symbol,,,,,,,Price,,,Price Chg%,,,,,,,
D:\My-data\Share_P&L\Ichart Data\Screenshot\August26\2026-08-24\Resistance_Resistance_25AUG26_Scan_24_8_2026_104817.xlsx,True,101,Symbol,,,,,,,Price,,,Price Chg%,,,,,,,
D:\My-data\Share_P&L\Ichart Data\Screenshot\August26\2026-08-24\Resistance_Resistance_25AUG26_Scan_24_8_2026_105326.xlsx,True,99,Symbol,,,,,,,Price,,,Price Chg%,,,,,,,
D:\My-data\Share_P&L\Ichart Data\Screenshot\August26\2026-08-24\Resistance_Resistance_25AUG26_Scan_24_8_2026_105836.xlsx,True,101,Symbol,,,,,,,Price,,,Price Chg%,,,,,,,
D:\My-data\Share_P&L\Ichart Data\Screenshot\August26\2026-08-24\Resistance_Resistance_25AUG26_Scan_24_8_2026_110345.xlsx,True,98,Symbol,,,,,,,Price,,,Price Chg%,,,,,,,
D:\My-data\Share_P&L\Ichart Data\Screenshot\August26\2026-08-24\Resistance_Resistance_25AUG26_Scan_24_8_2026_110857.xlsx,True,92,Symbol,,,,,,,Price,,,Price Chg%,,,,,,,
D:\My-data\Share_P&L\Ichart Data\Screenshot\August26\2026-08-24\Resistance_Resistance_25AUG26_Scan_24_8_2026_111406.xlsx,True,89,Symbol,,,,,,,Price,,,Price Chg%,,,,,,,
D:\My-data\Share_P&L\Ichart Data\Screenshot\August26\2026-08-24\Resistance_Resistance_25AUG26_Scan_24_8_2026_111915.xlsx,True,87,Symbol,,,,,,,Price,,,Price Chg%,,,,,,,
D:\My-data\Share_P&L\Ichart Data\Screenshot\August26\2026-08-24\Resistance_Resistance_25AUG26_Scan_24_8_2026_112425.xlsx,True,82,Symbol,,,,,,,Price,,,Price Chg%,,,,,,,
D:\My-data\Share_P&L\Ichart Data\Screenshot\August26\2026-08-24\Resistance_Resistance_25AUG26_Scan_24_8_2026_112935.xlsx,True,83,Symbol,,,,,,,Price,,,Price Chg%,,,,,,,
D:\My-data\Share_P&L\Ichart Data\Screenshot\August26\2026-08-24\Resistance_Resistance_25AUG26_Scan_24_8_2026_113444.xlsx,True,82,Symbol,,,,,,,Price,,,Price Chg%,,,,,,,
D:\My-data\Share_P&L\Ichart Data\Screenshot\August26\2026-08-24\Resistance_Resistance_25AUG26_Scan_24_8_2026_113953.xlsx,True,84,Symbol,,,,,,,Price,,,Price Chg%,,,,,,,
D:\My-data\Share_P&L\Ichart Data\Screenshot\August26\2026-08-24\Resistance_Resistance_25AUG26_Scan_24_8_2026_114509.xlsx,True,84,Symbol,,,,,,,Price,,,Price Chg%,,,,,,,
D:\My-data\Share_P&L\Ichart Data\Screenshot\August26\2026-08-24\Resistance_Resistance_25AUG26_Scan_24_8_2026_115018.xlsx,True,89,Symbol,,,,,,,Price,,,Price Chg%,,,,,,,
D:\My-data\Share_P&L\Ichart Data\Screenshot\August26\2026-08-24\Resistance_Resistance_25AUG26_Scan_24_8_2026_115528.xlsx,True,87,Symbol,,,,,,,Price,,,Price Chg%,,,,,,,
D:\My-data\Share_P&L\Ichart Data\Screenshot\August26\2026-08-24\Resistance_Resistance_25AUG26_Scan_24_8_2026_120037.xlsx,True,84,Symbol,,,,,,,Price,,,Price Chg%,,,,,,,
D:\My-data\Share_P&L\Ichart Data\Screenshot\August26\2026-08-24\Resistance_Resistance_25AUG26_Scan_24_8_2026_120552.xlsx,True,87,Symbol,,,,,,,Price,,,Price Chg%,,,,,,,
D:\My-data\Share_P&L\Ichart Data\Screenshot\August26\2026-08-24\Resistance_Resistance_25AUG26_Scan_24_8_2026_121102.xlsx,True,87,Symbol,,,,,,,Price,,,Price Chg%,,,,,,,
D:\My-data\Share_P&L\Ichart Data\Screenshot\August26\2026-08-24\Resistance_Resistance_25AUG26_Scan_24_8_2026_121612.xlsx,True,87,Symbol,,,,,,,Price,,,Price Chg%,,,,,,,
D:\My-data\Share_P&L\Ichart Data\Screenshot\August26\2026-08-24\Resistance_Resistance_25AUG26_Scan_24_8_2026_122125.xlsx,True,88,Symbol,,,,,,,Price,,,Price Chg%,,,,,,,
D:\My-data\Share_P&L\Ichart Data\Screenshot\August26\2026-08-24\Resistance_Resistance_25AUG26_Scan_24_8_2026_122635.xlsx,True,89,Symbol,,,,,,,Price,,,Price Chg%,,,,,,,
D:\My-data\Share_P&L\Ichart Data\Screenshot\August26\2026-08-24\Resistance_Resistance_25AUG26_Scan_24_8_2026_123144.xlsx,True,90,Symbol,,,,,,,Price,,,Price Chg%,,,,,,,
D:\My-data\Share_P&L\Ichart Data\Screenshot\August26\2026-08-24\Resistance_Resistance_25AUG26_Scan_24_8_2026_123700.xlsx,True,87,Symbol,,,,,,,Price,,,Price Chg%,,,,,,,
D:\My-data\Share_P&L\Ichart Data\Screenshot\August26\2026-08-24\Sector_Summary_25AUG26_Report_24_8_2026.xlsx,True,48,,,,,,,,,,,Price chg (%),OI chg (%),,,,,Volume chg (%),Buildup
D:\My-data\Share_P&L\Ichart Data\Screenshot\August26\2026-08-24\Sector_Summary_25AUG26_Report_24_8_2026_094020.xlsx,True,47,,,,,,,,,,,Price chg (%),OI chg (%),,,,,Volume chg (%),Buildup
D:\My-data\Share_P&L\Ichart Data\Screenshot\August26\2026-08-24\Sector_Summary_25AUG26_Report_24_8_2026_094527.xlsx,True,49,,,,,,,,,,,Price chg (%),OI chg (%),,,,,Volume chg (%),Buildup
D:\My-data\Share_P&L\Ichart Data\Screenshot\August26\2026-08-24\Sector_Summary_25AUG26_Report_24_8_2026_095033.xlsx,True,49,,,,,,,,,,,Price chg (%),OI chg (%),,,,,Volume chg (%),Buildup
D:\My-data\Share_P&L\Ichart Data\Screenshot\August26\2026-08-24\Sector_Summary_25AUG26_Report_24_8_2026_095539.xlsx,True,49,,,,,,,,,,,Price chg (%),OI chg (%),,,,,Volume chg (%),Buildup
D:\My-data\Share_P&L\Ichart Data\Screenshot\August26\2026-08-24\Sector_Summary_25AUG26_Report_24_8_2026_100045.xlsx,True,49,,,,,,,,,,,Price chg (%),OI chg (%),,,,,Volume chg (%),Buildup
D:\My-data\Share_P&L\Ichart Data\Screenshot\August26\2026-08-24\Sector_Summary_25AUG26_Report_24_8_2026_100552.xlsx,True,48,,,,,,,,,,,Price chg (%),OI chg (%),,,,,Volume chg (%),Buildup
D:\My-data\Share_P&L\Ichart Data\Screenshot\August26\2026-08-24\Sector_Summary_25AUG26_Report_24_8_2026_101058.xlsx,True,48,,,,,,,,,,,Price chg (%),OI chg (%),,,,,Volume chg (%),Buildup
D:\My-data\Share_P&L\Ichart Data\Screenshot\August26\2026-08-24\Sector_Summary_25AUG26_Report_24_8_2026_101604.xlsx,True,49,,,,,,,,,,,Price chg (%),OI chg (%),,,,,Volume chg (%),Buildup
D:\My-data\Share_P&L\Ichart Data\Screenshot\August26\2026-08-24\Sector_Summary_25AUG26_Report_24_8_2026_102111.xlsx,True,49,,,,,,,,,,,Price chg (%),OI chg (%),,,,,Volume chg (%),Buildup
D:\My-data\Share_P&L\Ichart Data\Screenshot\August26\2026-08-24\Sector_Summary_25AUG26_Report_24_8_2026_102618.xlsx,True,49,,,,,,,,,,,Price chg (%),OI chg (%),,,,,Volume chg (%),Buildup
D:\My-data\Share_P&L\Ichart Data\Screenshot\August26\2026-08-24\Sector_Summary_25AUG26_Report_24_8_2026_103126.xlsx,True,48,,,,,,,,,,,Price chg (%),OI chg (%),,,,,Volume chg (%),Buildup
D:\My-data\Share_P&L\Ichart Data\Screenshot\August26\2026-08-24\Sector_Summary_25AUG26_Report_24_8_2026_103633.xlsx,True,48,,,,,,,,,,,Price chg (%),OI chg (%),,,,,Volume chg (%),Buildup
D:\My-data\Share_P&L\Ichart Data\Screenshot\August26\2026-08-24\Sector_Summary_25AUG26_Report_24_8_2026_104139.xlsx,True,48,,,,,,,,,,,Price chg (%),OI chg (%),,,,,Volume chg (%),Buildup
D:\My-data\Share_P&L\Ichart Data\Screenshot\August26\2026-08-24\Sector_Summary_25AUG26_Report_24_8_2026_104645.xlsx,True,49,,,,,,,,,,,Price chg (%),OI chg (%),,,,,Volume chg (%),Buildup
D:\My-data\Share_P&L\Ichart Data\Screenshot\August26\2026-08-24\Sector_Summary_25AUG26_Report_24_8_2026_105152.xlsx,True,48,,,,,,,,,,,Price chg (%),OI chg (%),,,,,Volume chg (%),Buildup
D:\My-data\Share_P&L\Ichart Data\Screenshot\August26\2026-08-24\Sector_Summary_25AUG26_Report_24_8_2026_105658.xlsx,True,49,,,,,,,,,,,Price chg (%),OI chg (%),,,,,Volume chg (%),Buildup
D:\My-data\Share_P&L\Ichart Data\Screenshot\August26\2026-08-24\Sector_Summary_25AUG26_Report_24_8_2026_110205.xlsx,True,49,,,,,,,,,,,Price chg (%),OI chg (%),,,,,Volume chg (%),Buildup
D:\My-data\Share_P&L\Ichart Data\Screenshot\August26\2026-08-24\Sector_Summary_25AUG26_Report_24_8_2026_110711.xlsx,True,48,,,,,,,,,,,Price chg (%),OI chg (%),,,,,Volume chg (%),Buildup
D:\My-data\Share_P&L\Ichart Data\Screenshot\August26\2026-08-24\Sector_Summary_25AUG26_Report_24_8_2026_111218.xlsx,True,48,,,,,,,,,,,Price chg (%),OI chg (%),,,,,Volume chg (%),Buildup
D:\My-data\Share_P&L\Ichart Data\Screenshot\August26\2026-08-24\Sector_Summary_25AUG26_Report_24_8_2026_111724.xlsx,True,49,,,,,,,,,,,Price chg (%),OI chg (%),,,,,Volume chg (%),Buildup
D:\My-data\Share_P&L\Ichart Data\Screenshot\August26\2026-08-24\Sector_Summary_25AUG26_Report_24_8_2026_112231.xlsx,True,47,,,,,,,,,,,Price chg (%),OI chg (%),,,,,Volume chg (%),Buildup
D:\My-data\Share_P&L\Ichart Data\Screenshot\August26\2026-08-24\Sector_Summary_25AUG26_Report_24_8_2026_112737.xlsx,True,49,,,,,,,,,,,Price chg (%),OI chg (%),,,,,Volume chg (%),Buildup
D:\My-data\Share_P&L\Ichart Data\Screenshot\August26\2026-08-24\Sector_Summary_25AUG26_Report_24_8_2026_113243.xlsx,True,49,,,,,,,,,,,Price chg (%),OI chg (%),,,,,Volume chg (%),Buildup
D:\My-data\Share_P&L\Ichart Data\Screenshot\August26\2026-08-24\Sector_Summary_25AUG26_Report_24_8_2026_113750.xlsx,True,49,,,,,,,,,,,Price chg (%),OI chg (%),,,,,Volume chg (%),Buildup
D:\My-data\Share_P&L\Ichart Data\Screenshot\August26\2026-08-24\Sector_Summary_25AUG26_Report_24_8_2026_114256.xlsx,True,49,,,,,,,,,,,Price chg (%),OI chg (%),,,,,Volume chg (%),Buildup
D:\My-data\Share_P&L\Ichart Data\Screenshot\August26\2026-08-24\Sector_Summary_25AUG26_Report_24_8_2026_114803.xlsx,True,49,,,,,,,,,,,Price chg (%),OI chg (%),,,,,Volume chg (%),Buildup
D:\My-data\Share_P&L\Ichart Data\Screenshot\August26\2026-08-24\Sector_Summary_25AUG26_Report_24_8_2026_115310.xlsx,True,49,,,,,,,,,,,Price chg (%),OI chg (%),,,,,Volume chg (%),Buildup
D:\My-data\Share_P&L\Ichart Data\Screenshot\August26\2026-08-24\Sector_Summary_25AUG26_Report_24_8_2026_115816.xlsx,True,49,,,,,,,,,,,Price chg (%),OI chg (%),,,,,Volume chg (%),Buildup
D:\My-data\Share_P&L\Ichart Data\Screenshot\August26\2026-08-24\Sector_Summary_25AUG26_Report_24_8_2026_120322.xlsx,True,48,,,,,,,,,,,Price chg (%),OI chg (%),,,,,Volume chg (%),Buildup
D:\My-data\Share_P&L\Ichart Data\Screenshot\August26\2026-08-24\Sector_Summary_25AUG26_Report_24_8_2026_120831.xlsx,True,48,,,,,,,,,,,Price chg (%),OI chg (%),,,,,Volume chg (%),Buildup
D:\My-data\Share_P&L\Ichart Data\Screenshot\August26\2026-08-24\Sector_Summary_25AUG26_Report_24_8_2026_121338.xlsx,True,49,,,,,,,,,,,Price chg (%),OI chg (%),,,,,Volume chg (%),Buildup
D:\My-data\Share_P&L\Ichart Data\Screenshot\August26\2026-08-24\Sector_Summary_25AUG26_Report_24_8_2026_121844.xlsx,True,49,,,,,,,,,,,Price chg (%),OI chg (%),,,,,Volume chg (%),Buildup
D:\My-data\Share_P&L\Ichart Data\Screenshot\August26\2026-08-24\Sector_Summary_25AUG26_Report_24_8_2026_122350.xlsx,True,48,,,,,,,,,,,Price chg (%),OI chg (%),,,,,Volume chg (%),Buildup
D:\My-data\Share_P&L\Ichart Data\Screenshot\August26\2026-08-24\Sector_Summary_25AUG26_Report_24_8_2026_122857.xlsx,True,49,,,,,,,,,,,Price chg (%),OI chg (%),,,,,Volume chg (%),Buildup
D:\My-data\Share_P&L\Ichart Data\Screenshot\August26\2026-08-24\Sector_Summary_25AUG26_Report_24_8_2026_123403.xlsx,True,48,,,,,,,,,,,Price chg (%),OI chg (%),,,,,Volume chg (%),Buildup
D:\My-data\Share_P&L\Ichart Data\Screenshot\August26\2026-08-24\Support_Resistance_25AUG26_Scan_24_8_2026.xlsx,True,99,Symbol,,,,,,,Price,,,Price Chg%,,,,,,,
D:\My-data\Share_P&L\Ichart Data\Screenshot\August26\2026-08-24\Support_Resistance_25AUG26_Scan_24_8_2026_093939.xlsx,True,104,Symbol,,,,,,,Price,,,Price Chg%,,,,,,,
D:\My-data\Share_P&L\Ichart Data\Screenshot\August26\2026-08-24\Support_Resistance_25AUG26_Scan_24_8_2026_094348.xlsx,True,105,Symbol,,,,,,,Price,,,Price Chg%,,,,,,,
D:\My-data\Share_P&L\Ichart Data\Screenshot\August26\2026-08-24\Support_Resistance_25AUG26_Scan_24_8_2026_094757.xlsx,True,99,Symbol,,,,,,,Price,,,Price Chg%,,,,,,,
D:\My-data\Share_P&L\Ichart Data\Screenshot\August26\2026-08-24\Support_Resistance_25AUG26_Scan_24_8_2026_095206.xlsx,True,96,Symbol,,,,,,,Price,,,Price Chg%,,,,,,,
D:\My-data\Share_P&L\Ichart Data\Screenshot\August26\2026-08-24\Support_Resistance_25AUG26_Scan_24_8_2026_095614.xlsx,True,98,Symbol,,,,,,,Price,,,Price Chg%,,,,,,,
D:\My-data\Share_P&L\Ichart Data\Screenshot\August26\2026-08-24\Support_Resistance_25AUG26_Scan_24_8_2026_100028.xlsx,True,94,Symbol,,,,,,,Price,,,Price Chg%,,,,,,,
D:\My-data\Share_P&L\Ichart Data\Screenshot\August26\2026-08-24\Support_Resistance_25AUG26_Scan_24_8_2026_100438.xlsx,True,92,Symbol,,,,,,,Price,,,Price Chg%,,,,,,,
D:\My-data\Share_P&L\Ichart Data\Screenshot\August26\2026-08-24\Support_Resistance_25AUG26_Scan_24_8_2026_100848.xlsx,True,93,Symbol,,,,,,,Price,,,Price Chg%,,,,,,,
D:\My-data\Share_P&L\Ichart Data\Screenshot\August26\2026-08-24\Support_Resistance_25AUG26_Scan_24_8_2026_101259.xlsx,True,95,Symbol,,,,,,,Price,,,Price Chg%,,,,,,,
D:\My-data\Share_P&L\Ichart Data\Screenshot\August26\2026-08-24\Support_Resistance_25AUG26_Scan_24_8_2026_101712.xlsx,True,96,Symbol,,,,,,,Price,,,Price Chg%,,,,,,,
D:\My-data\Share_P&L\Ichart Data\Screenshot\August26\2026-08-24\Support_Resistance_25AUG26_Scan_24_8_2026_102120.xlsx,True,98,Symbol,,,,,,,Price,,,Price Chg%,,,,,,,
D:\My-data\Share_P&L\Ichart Data\Screenshot\August26\2026-08-24\Support_Resistance_25AUG26_Scan_24_8_2026_102531.xlsx,True,98,Symbol,,,,,,,Price,,,Price Chg%,,,,,,,
D:\My-data\Share_P&L\Ichart Data\Screenshot\August26\2026-08-24\Support_Resistance_25AUG26_Scan_24_8_2026_102940.xlsx,True,100,Symbol,,,,,,,Price,,,Price Chg%,,,,,,,
D:\My-data\Share_P&L\Ichart Data\Screenshot\August26\2026-08-24\Support_Resistance_25AUG26_Scan_24_8_2026_103350.xlsx,True,98,Symbol,,,,,,,Price,,,Price Chg%,,,,,,,
D:\My-data\Share_P&L\Ichart Data\Screenshot\August26\2026-08-24\Support_Resistance_25AUG26_Scan_24_8_2026_103814.xlsx,True,93,Symbol,,,,,,,Price,,,Price Chg%,,,,,,,
D:\My-data\Share_P&L\Ichart Data\Screenshot\August26\2026-08-24\Support_Resistance_25AUG26_Scan_24_8_2026_104222.xlsx,True,94,Symbol,,,,,,,Price,,,Price Chg%,,,,,,,
D:\My-data\Share_P&L\Ichart Data\Screenshot\August26\2026-08-24\Support_Resistance_25AUG26_Scan_24_8_2026_104631.xlsx,True,94,Symbol,,,,,,,Price,,,Price Chg%,,,,,,,
D:\My-data\Share_P&L\Ichart Data\Screenshot\August26\2026-08-24\Support_Resistance_25AUG26_Scan_24_8_2026_105041.xlsx,True,98,Symbol,,,,,,,Price,,,Price Chg%,,,,,,,
D:\My-data\Share_P&L\Ichart Data\Screenshot\August26\2026-08-24\Support_Resistance_25AUG26_Scan_24_8_2026_105450.xlsx,True,99,Symbol,,,,,,,Price,,,Price Chg%,,,,,,,
D:\My-data\Share_P&L\Ichart Data\Screenshot\August26\2026-08-24\Support_Resistance_25AUG26_Scan_24_8_2026_105900.xlsx,True,96,Symbol,,,,,,,Price,,,Price Chg%,,,,,,,
D:\My-data\Share_P&L\Ichart Data\Screenshot\August26\2026-08-24\Support_Resistance_25AUG26_Scan_24_8_2026_110312.xlsx,True,102,Symbol,,,,,,,Price,,,Price Chg%,,,,,,,
D:\My-data\Share_P&L\Ichart Data\Screenshot\August26\2026-08-24\Support_Resistance_25AUG26_Scan_24_8_2026_110722.xlsx,True,102,Symbol,,,,,,,Price,,,Price Chg%,,,,,,,
D:\My-data\Share_P&L\Ichart Data\Screenshot\August26\2026-08-24\Support_Resistance_25AUG26_Scan_24_8_2026_111132.xlsx,True,96,Symbol,,,,,,,Price,,,Price Chg%,,,,,,,
D:\My-data\Share_P&L\Ichart Data\Screenshot\August26\2026-08-24\Support_Resistance_25AUG26_Scan_24_8_2026_111549.xlsx,True,99,Symbol,,,,,,,Price,,,Price Chg%,,,,,,,
D:\My-data\Share_P&L\Ichart Data\Screenshot\August26\2026-08-24\Support_Resistance_25AUG26_Scan_24_8_2026_111959.xlsx,True,102,Symbol,,,,,,,Price,,,Price Chg%,,,,,,,
D:\My-data\Share_P&L\Ichart Data\Screenshot\August26\2026-08-24\Support_Resistance_25AUG26_Scan_24_8_2026_112407.xlsx,True,101,Symbol,,,,,,,Price,,,Price Chg%,,,,,,,
D:\My-data\Share_P&L\Ichart Data\Screenshot\August26\2026-08-24\Support_Resistance_25AUG26_Scan_24_8_2026_112822.xlsx,True,100,Symbol,,,,,,,Price,,,Price Chg%,,,,,,,
D:\My-data\Share_P&L\Ichart Data\Screenshot\August26\2026-08-24\Support_Resistance_25AUG26_Scan_24_8_2026_113232.xlsx,True,102,Symbol,,,,,,,Price,,,Price Chg%,,,,,,,
D:\My-data\Share_P&L\Ichart Data\Screenshot\August26\2026-08-24\Support_Resistance_25AUG26_Scan_24_8_2026_113642.xlsx,True,104,Symbol,,,,,,,Price,,,Price Chg%,,,,,,,
D:\My-data\Share_P&L\Ichart Data\Screenshot\August26\2026-08-24\Support_Resistance_25AUG26_Scan_24_8_2026_114051.xlsx,True,103,Symbol,,,,,,,Price,,,Price Chg%,,,,,,,
D:\My-data\Share_P&L\Ichart Data\Screenshot\August26\2026-08-24\Support_Resistance_25AUG26_Scan_24_8_2026_114459.xlsx,True,105,Symbol,,,,,,,Price,,,Price Chg%,,,,,,,
D:\My-data\Share_P&L\Ichart Data\Screenshot\August26\2026-08-24\Support_Resistance_25AUG26_Scan_24_8_2026_114909.xlsx,True,101,Symbol,,,,,,,Price,,,Price Chg%,,,,,,,
D:\My-data\Share_P&L\Ichart Data\Screenshot\August26\2026-08-24\Support_Resistance_25AUG26_Scan_24_8_2026_115326.xlsx,True,103,Symbol,,,,,,,Price,,,Price Chg%,,,,,,,
D:\My-data\Share_P&L\Ichart Data\Screenshot\August26\2026-08-24\Support_Resistance_25AUG26_Scan_24_8_2026_115735.xlsx,True,106,Symbol,,,,,,,Price,,,Price Chg%,,,,,,,
D:\My-data\Share_P&L\Ichart Data\Screenshot\August26\2026-08-24\Support_Resistance_25AUG26_Scan_24_8_2026_120145.xlsx,True,107,Symbol,,,,,,,Price,,,Price Chg%,,,,,,,
D:\My-data\Share_P&L\Ichart Data\Screenshot\August26\2026-08-24\Support_Resistance_25AUG26_Scan_24_8_2026_120602.xlsx,True,104,Symbol,,,,,,,Price,,,Price Chg%,,,,,,,
D:\My-data\Share_P&L\Ichart Data\Screenshot\August26\2026-08-24\Support_Resistance_25AUG26_Scan_24_8_2026_121008.xlsx,True,103,Symbol,,,,,,,Price,,,Price Chg%,,,,,,,
D:\My-data\Share_P&L\Ichart Data\Screenshot\August26\2026-08-24\Support_Resistance_25AUG26_Scan_24_8_2026_121418.xlsx,True,103,Symbol,,,,,,,Price,,,Price Chg%,,,,,,,
D:\My-data\Share_P&L\Ichart Data\Screenshot\August26\2026-08-24\Support_Resistance_25AUG26_Scan_24_8_2026_121827.xlsx,True,102,Symbol,,,,,,,Price,,,Price Chg%,,,,,,,
D:\My-data\Share_P&L\Ichart Data\Screenshot\August26\2026-08-24\Support_Resistance_25AUG26_Scan_24_8_2026_122237.xlsx,True,101,Symbol,,,,,,,Price,,,Price Chg%,,,,,,,
D:\My-data\Share_P&L\Ichart Data\Screenshot\August26\2026-08-24\Support_Resistance_25AUG26_Scan_24_8_2026_122647.xlsx,True,99,Symbol,,,,,,,Price,,,Price Chg%,,,,,,,
D:\My-data\Share_P&L\Ichart Data\Screenshot\August26\2026-08-24\Support_Resistance_25AUG26_Scan_24_8_2026_123053.xlsx,True,101,Symbol,,,,,,,Price,,,Price Chg%,,,,,,,
D:\My-data\Share_P&L\Ichart Data\Screenshot\August26\2026-08-24\Support_Resistance_25AUG26_Scan_24_8_2026_123502.xlsx,True,102,Symbol,,,,,,,Price,,,Price Chg%,,,,,,,
D:\My-data\Share_P&L\Ichart Data\Screenshot\August26\2026-08-24\VolumeAndOISpikesScans_25AUG26_Report_24_8_2026.xlsx,True,217,Symbol,,,,,,,Price,,,Price chg (%),OI chg (%),,,,,Volume Chg (%),
D:\My-data\Share_P&L\Ichart Data\Screenshot\August26\2026-08-24\VolumeAndOISpikesScans_25AUG26_Report_24_8_2026_093827.xlsx,True,217,Symbol,,,,,,,Price,,,Price chg (%),OI chg (%),,,,,Volume Chg (%),
D:\My-data\Share_P&L\Ichart Data\Screenshot\August26\2026-08-24\VolumeAndOISpikesScans_25AUG26_Report_24_8_2026_094134.xlsx,True,217,Symbol,,,,,,,Price,,,Price chg (%),OI chg (%),,,,,Volume Chg (%),
D:\My-data\Share_P&L\Ichart Data\Screenshot\August26\2026-08-24\VolumeAndOISpikesScans_25AUG26_Report_24_8_2026_094441.xlsx,True,217,Symbol,,,,,,,Price,,,Price chg (%),OI chg (%),,,,,Volume Chg (%),
D:\My-data\Share_P&L\Ichart Data\Screenshot\August26\2026-08-24\VolumeAndOISpikesScans_25AUG26_Report_24_8_2026_094747.xlsx,True,217,Symbol,,,,,,,Price,,,Price chg (%),OI chg (%),,,,,Volume Chg (%),
D:\My-data\Share_P&L\Ichart Data\Screenshot\August26\2026-08-24\VolumeAndOISpikesScans_25AUG26_Report_24_8_2026_095056.xlsx,True,217,Symbol,,,,,,,Price,,,Price chg (%),OI chg (%),,,,,Volume Chg (%),
D:\My-data\Share_P&L\Ichart Data\Screenshot\August26\2026-08-24\VolumeAndOISpikesScans_25AUG26_Report_24_8_2026_095403.xlsx,True,217,Symbol,,,,,,,Price,,,Price chg (%),OI chg (%),,,,,Volume Chg (%),
D:\My-data\Share_P&L\Ichart Data\Screenshot\August26\2026-08-24\VolumeAndOISpikesScans_25AUG26_Report_24_8_2026_095711.xlsx,True,217,Symbol,,,,,,,Price,,,Price chg (%),OI chg (%),,,,,Volume Chg (%),
D:\My-data\Share_P&L\Ichart Data\Screenshot\August26\2026-08-24\VolumeAndOISpikesScans_25AUG26_Report_24_8_2026_100018.xlsx,True,217,Symbol,,,,,,,Price,,,Price chg (%),OI chg (%),,,,,Volume Chg (%),
D:\My-data\Share_P&L\Ichart Data\Screenshot\August26\2026-08-24\VolumeAndOISpikesScans_25AUG26_Report_24_8_2026_100325.xlsx,True,217,Symbol,,,,,,,Price,,,Price chg (%),OI chg (%),,,,,Volume Chg (%),
D:\My-data\Share_P&L\Ichart Data\Screenshot\August26\2026-08-24\VolumeAndOISpikesScans_25AUG26_Report_24_8_2026_100633.xlsx,True,217,Symbol,,,,,,,Price,,,Price chg (%),OI chg (%),,,,,Volume Chg (%),
D:\My-data\Share_P&L\Ichart Data\Screenshot\August26\2026-08-24\VolumeAndOISpikesScans_25AUG26_Report_24_8_2026_100941.xlsx,True,217,Symbol,,,,,,,Price,,,Price chg (%),OI chg (%),,,,,Volume Chg (%),
D:\My-data\Share_P&L\Ichart Data\Screenshot\August26\2026-08-24\VolumeAndOISpikesScans_25AUG26_Report_24_8_2026_101249.xlsx,True,217,Symbol,,,,,,,Price,,,Price chg (%),OI chg (%),,,,,Volume Chg (%),
D:\My-data\Share_P&L\Ichart Data\Screenshot\August26\2026-08-24\VolumeAndOISpikesScans_25AUG26_Report_24_8_2026_101557.xlsx,True,217,Symbol,,,,,,,Price,,,Price chg (%),OI chg (%),,,,,Volume Chg (%),
D:\My-data\Share_P&L\Ichart Data\Screenshot\August26\2026-08-24\VolumeAndOISpikesScans_25AUG26_Report_24_8_2026_101904.xlsx,True,217,Symbol,,,,,,,Price,,,Price chg (%),OI chg (%),,,,,Volume Chg (%),
D:\My-data\Share_P&L\Ichart Data\Screenshot\August26\2026-08-24\VolumeAndOISpikesScans_25AUG26_Report_24_8_2026_102213.xlsx,True,217,Symbol,,,,,,,Price,,,Price chg (%),OI chg (%),,,,,Volume Chg (%),
D:\My-data\Share_P&L\Ichart Data\Screenshot\August26\2026-08-24\VolumeAndOISpikesScans_25AUG26_Report_24_8_2026_102521.xlsx,True,217,Symbol,,,,,,,Price,,,Price chg (%),OI chg (%),,,,,Volume Chg (%),
D:\My-data\Share_P&L\Ichart Data\Screenshot\August26\2026-08-24\VolumeAndOISpikesScans_25AUG26_Report_24_8_2026_102828.xlsx,True,217,Symbol,,,,,,,Price,,,Price chg (%),OI chg (%),,,,,Volume Chg (%),
D:\My-data\Share_P&L\Ichart Data\Screenshot\August26\2026-08-24\VolumeAndOISpikesScans_25AUG26_Report_24_8_2026_103141.xlsx,True,217,Symbol,,,,,,,Price,,,Price chg (%),OI chg (%),,,,,Volume Chg (%),
D:\My-data\Share_P&L\Ichart Data\Screenshot\August26\2026-08-24\VolumeAndOISpikesScans_25AUG26_Report_24_8_2026_103448.xlsx,True,217,Symbol,,,,,,,Price,,,Price chg (%),OI chg (%),,,,,Volume Chg (%),
D:\My-data\Share_P&L\Ichart Data\Screenshot\August26\2026-08-24\VolumeAndOISpikesScans_25AUG26_Report_24_8_2026_103805.xlsx,True,217,Symbol,,,,,,,Price,,,Price chg (%),OI chg (%),,,,,Volume Chg (%),
D:\My-data\Share_P&L\Ichart Data\Screenshot\August26\2026-08-24\VolumeAndOISpikesScans_25AUG26_Report_24_8_2026_104110.xlsx,True,217,Symbol,,,,,,,Price,,,Price chg (%),OI chg (%),,,,,Volume Chg (%),
D:\My-data\Share_P&L\Ichart Data\Screenshot\August26\2026-08-24\VolumeAndOISpikesScans_25AUG26_Report_24_8_2026_104417.xlsx,True,217,Symbol,,,,,,,Price,,,Price chg (%),OI chg (%),,,,,Volume Chg (%),
D:\My-data\Share_P&L\Ichart Data\Screenshot\August26\2026-08-24\VolumeAndOISpikesScans_25AUG26_Report_24_8_2026_104724.xlsx,True,217,Symbol,,,,,,,Price,,,Price chg (%),OI chg (%),,,,,Volume Chg (%),
D:\My-data\Share_P&L\Ichart Data\Screenshot\August26\2026-08-24\VolumeAndOISpikesScans_25AUG26_Report_24_8_2026_105030.xlsx,True,217,Symbol,,,,,,,Price,,,Price chg (%),OI chg (%),,,,,Volume Chg (%),
D:\My-data\Share_P&L\Ichart Data\Screenshot\August26\2026-08-24\VolumeAndOISpikesScans_25AUG26_Report_24_8_2026_105341.xlsx,True,217,Symbol,,,,,,,Price,,,Price chg (%),OI chg (%),,,,,Volume Chg (%),
D:\My-data\Share_P&L\Ichart Data\Screenshot\August26\2026-08-24\VolumeAndOISpikesScans_25AUG26_Report_24_8_2026_105650.xlsx,True,217,Symbol,,,,,,,Price,,,Price chg (%),OI chg (%),,,,,Volume Chg (%),
D:\My-data\Share_P&L\Ichart Data\Screenshot\August26\2026-08-24\VolumeAndOISpikesScans_25AUG26_Report_24_8_2026_105957.xlsx,True,217,Symbol,,,,,,,Price,,,Price chg (%),OI chg (%),,,,,Volume Chg (%),
D:\My-data\Share_P&L\Ichart Data\Screenshot\August26\2026-08-24\VolumeAndOISpikesScans_25AUG26_Report_24_8_2026_110305.xlsx,True,217,Symbol,,,,,,,Price,,,Price chg (%),OI chg (%),,,,,Volume Chg (%),
D:\My-data\Share_P&L\Ichart Data\Screenshot\August26\2026-08-24\VolumeAndOISpikesScans_25AUG26_Report_24_8_2026_110611.xlsx,True,217,Symbol,,,,,,,Price,,,Price chg (%),OI chg (%),,,,,Volume Chg (%),
D:\My-data\Share_P&L\Ichart Data\Screenshot\August26\2026-08-24\VolumeAndOISpikesScans_25AUG26_Report_24_8_2026_110919.xlsx,True,217,Symbol,,,,,,,Price,,,Price chg (%),OI chg (%),,,,,Volume Chg (%),
D:\My-data\Share_P&L\Ichart Data\Screenshot\August26\2026-08-24\VolumeAndOISpikesScans_25AUG26_Report_24_8_2026_111231.xlsx,True,217,Symbol,,,,,,,Price,,,Price chg (%),OI chg (%),,,,,Volume Chg (%),
D:\My-data\Share_P&L\Ichart Data\Screenshot\August26\2026-08-24\VolumeAndOISpikesScans_25AUG26_Report_24_8_2026_111540.xlsx,True,217,Symbol,,,,,,,Price,,,Price chg (%),OI chg (%),,,,,Volume Chg (%),
D:\My-data\Share_P&L\Ichart Data\Screenshot\August26\2026-08-24\VolumeAndOISpikesScans_25AUG26_Report_24_8_2026_111848.xlsx,True,217,Symbol,,,,,,,Price,,,Price chg (%),OI chg (%),,,,,Volume Chg (%),
D:\My-data\Share_P&L\Ichart Data\Screenshot\August26\2026-08-24\VolumeAndOISpikesScans_25AUG26_Report_24_8_2026_112156.xlsx,True,217,Symbol,,,,,,,Price,,,Price chg (%),OI chg (%),,,,,Volume Chg (%),
D:\My-data\Share_P&L\Ichart Data\Screenshot\August26\2026-08-24\VolumeAndOISpikesScans_25AUG26_Report_24_8_2026_112503.xlsx,True,217,Symbol,,,,,,,Price,,,Price chg (%),OI chg (%),,,,,Volume Chg (%),
D:\My-data\Share_P&L\Ichart Data\Screenshot\August26\2026-08-24\VolumeAndOISpikesScans_25AUG26_Report_24_8_2026_112811.xlsx,True,217,Symbol,,,,,,,Price,,,Price chg (%),OI chg (%),,,,,Volume Chg (%),
D:\My-data\Share_P&L\Ichart Data\Screenshot\August26\2026-08-24\VolumeAndOISpikesScans_25AUG26_Report_24_8_2026_113118.xlsx,True,217,Symbol,,,,,,,Price,,,Price chg (%),OI chg (%),,,,,Volume Chg (%),
D:\My-data\Share_P&L\Ichart Data\Screenshot\August26\2026-08-24\VolumeAndOISpikesScans_25AUG26_Report_24_8_2026_113426.xlsx,True,217,Symbol,,,,,,,Price,,,Price chg (%),OI chg (%),,,,,Volume Chg (%),
D:\My-data\Share_P&L\Ichart Data\Screenshot\August26\2026-08-24\VolumeAndOISpikesScans_25AUG26_Report_24_8_2026_113733.xlsx,True,217,Symbol,,,,,,,Price,,,Price chg (%),OI chg (%),,,,,Volume Chg (%),
D:\My-data\Share_P&L\Ichart Data\Screenshot\August26\2026-08-24\VolumeAndOISpikesScans_25AUG26_Report_24_8_2026_114040.xlsx,True,217,Symbol,,,,,,,Price,,,Price chg (%),OI chg (%),,,,,Volume Chg (%),
D:\My-data\Share_P&L\Ichart Data\Screenshot\August26\2026-08-24\VolumeAndOISpikesScans_25AUG26_Report_24_8_2026_114348.xlsx,True,217,Symbol,,,,,,,Price,,,Price chg (%),OI chg (%),,,,,Volume Chg (%),
D:\My-data\Share_P&L\Ichart Data\Screenshot\August26\2026-08-24\VolumeAndOISpikesScans_25AUG26_Report_24_8_2026_114656.xlsx,True,217,Symbol,,,,,,,Price,,,Price chg (%),OI chg (%),,,,,Volume Chg (%),
D:\My-data\Share_P&L\Ichart Data\Screenshot\August26\2026-08-24\VolumeAndOISpikesScans_25AUG26_Report_24_8_2026_115003.xlsx,True,217,Symbol,,,,,,,Price,,,Price chg (%),OI chg (%),,,,,Volume Chg (%),
D:\My-data\Share_P&L\Ichart Data\Screenshot\August26\2026-08-24\VolumeAndOISpikesScans_25AUG26_Report_24_8_2026_115316.xlsx,True,217,Symbol,,,,,,,Price,,,Price chg (%),OI chg (%),,,,,Volume Chg (%),
D:\My-data\Share_P&L\Ichart Data\Screenshot\August26\2026-08-24\VolumeAndOISpikesScans_25AUG26_Report_24_8_2026_115623.xlsx,True,217,Symbol,,,,,,,Price,,,Price chg (%),OI chg (%),,,,,Volume Chg (%),
D:\My-data\Share_P&L\Ichart Data\Screenshot\August26\2026-08-24\VolumeAndOISpikesScans_25AUG26_Report_24_8_2026_115929.xlsx,True,217,Symbol,,,,,,,Price,,,Price chg (%),OI chg (%),,,,,Volume Chg (%),
D:\My-data\Share_P&L\Ichart Data\Screenshot\August26\2026-08-24\VolumeAndOISpikesScans_25AUG26_Report_24_8_2026_120236.xlsx,True,217,Symbol,,,,,,,Price,,,Price chg (%),OI chg (%),,,,,Volume Chg (%),
D:\My-data\Share_P&L\Ichart Data\Screenshot\August26\2026-08-24\VolumeAndOISpikesScans_25AUG26_Report_24_8_2026_120542.xlsx,True,217,Symbol,,,,,,,Price,,,Price chg (%),OI chg (%),,,,,Volume Chg (%),
D:\My-data\Share_P&L\Ichart Data\Screenshot\August26\2026-08-24\VolumeAndOISpikesScans_25AUG26_Report_24_8_2026_120849.xlsx,True,217,Symbol,,,,,,,Price,,,Price chg (%),OI chg (%),,,,,Volume Chg (%),
D:\My-data\Share_P&L\Ichart Data\Screenshot\August26\2026-08-24\VolumeAndOISpikesScans_25AUG26_Report_24_8_2026_121155.xlsx,True,217,Symbol,,,,,,,Price,,,Price chg (%),OI chg (%),,,,,Volume Chg (%),
D:\My-data\Share_P&L\Ichart Data\Screenshot\August26\2026-08-24\VolumeAndOISpikesScans_25AUG26_Report_24_8_2026_121502.xlsx,True,217,Symbol,,,,,,,Price,,,Price chg (%),OI chg (%),,,,,Volume Chg (%),
D:\My-data\Share_P&L\Ichart Data\Screenshot\August26\2026-08-24\VolumeAndOISpikesScans_25AUG26_Report_24_8_2026_121809.xlsx,True,217,Symbol,,,,,,,Price,,,Price chg (%),OI chg (%),,,,,Volume Chg (%),
D:\My-data\Share_P&L\Ichart Data\Screenshot\August26\2026-08-24\VolumeAndOISpikesScans_25AUG26_Report_24_8_2026_122115.xlsx,True,217,Symbol,,,,,,,Price,,,Price chg (%),OI chg (%),,,,,Volume Chg (%),
D:\My-data\Share_P&L\Ichart Data\Screenshot\August26\2026-08-24\VolumeAndOISpikesScans_25AUG26_Report_24_8_2026_122422.xlsx,True,217,Symbol,,,,,,,Price,,,Price chg (%),OI chg (%),,,,,Volume Chg (%),
D:\My-data\Share_P&L\Ichart Data\Screenshot\August26\2026-08-24\VolumeAndOISpikesScans_25AUG26_Report_24_8_2026_122730.xlsx,True,217,Symbol,,,,,,,Price,,,Price chg (%),OI chg (%),,,,,Volume Chg (%),
D:\My-data\Share_P&L\Ichart Data\Screenshot\August26\2026-08-24\VolumeAndOISpikesScans_25AUG26_Report_24_8_2026_123037.xlsx,True,217,Symbol,,,,,,,Price,,,Price chg (%),OI chg (%),,,,,Volume Chg (%),
D:\My-data\Share_P&L\Ichart Data\Screenshot\August26\2026-08-24\VolumeAndOISpikesScans_25AUG26_Report_24_8_2026_123343.xlsx,True,217,Symbol,,,,,,,Price,,,Price chg (%),OI chg (%),,,,,Volume Chg (%),
D:\My-data\Share_P&L\Ichart Data\Screenshot\August26\2026-08-24\VolumeAndOISpikesScans_25AUG26_Report_24_8_2026_123650.xlsx,True,217,Symbol,,,,,,,Price,,,Price chg (%),OI chg (%),,,,,Volume Chg (%),
D:\My-data\Share_P&L\Ichart Data\Screenshot\August26\2026-08-25\Daywise_Price_and_OI_Summary_25AUG26_Report_2026-08-25.xlsx,True,217,Symbol,,,Open,High,Low,Close,,ATM Straddle %,ATM Straddle %,Price Chg %,OI Chg %,PCR Chg %,Tot CE OI Chg %,Tot PE OI Chg %,Tot PE-CE OI Chg,,
D:\My-data\Share_P&L\Ichart Data\Screenshot\August26\2026-08-25\Daywise_Price_and_OI_Summary_25AUG26_Report_2026-08-25_092316.xlsx,True,217,Symbol,,,Open,High,Low,Close,,ATM Straddle %,ATM Straddle %,Price Chg %,OI Chg %,PCR Chg %,Tot CE OI Chg %,Tot PE OI Chg %,Tot PE-CE OI Chg,,
D:\My-data\Share_P&L\Ichart Data\Screenshot\August26\2026-08-25\Daywise_Price_and_OI_Summary_25AUG26_Report_2026-08-25_092625.xlsx,True,217,Symbol,,,Open,High,Low,Close,,ATM Straddle %,ATM Straddle %,Price Chg %,OI Chg %,PCR Chg %,Tot CE OI Chg %,Tot PE OI Chg %,Tot PE-CE OI Chg,,
D:\My-data\Share_P&L\Ichart Data\Screenshot\August26\2026-08-25\Daywise_Price_and_OI_Summary_25AUG26_Report_2026-08-25_092934.xlsx,True,217,Symbol,,,Open,High,Low,Close,,ATM Straddle %,ATM Straddle %,Price Chg %,OI Chg %,PCR Chg %,Tot CE OI Chg %,Tot PE OI Chg %,Tot PE-CE OI Chg,,
D:\My-data\Share_P&L\Ichart Data\Screenshot\August26\2026-08-25\Daywise_Price_and_OI_Summary_25AUG26_Report_2026-08-25_093242.xlsx,True,217,Symbol,,,Open,High,Low,Close,,ATM Straddle %,ATM Straddle %,Price Chg %,OI Chg %,PCR Chg %,Tot CE OI Chg %,Tot PE OI Chg %,Tot PE-CE OI Chg,,
D:\My-data\Share_P&L\Ichart Data\Screenshot\August26\2026-08-25\Daywise_Price_and_OI_Summary_25AUG26_Report_2026-08-25_093552.xlsx,True,217,Symbol,,,Open,High,Low,Close,,ATM Straddle %,ATM Straddle %,Price Chg %,OI Chg %,PCR Chg %,Tot CE OI Chg %,Tot PE OI Chg %,Tot PE-CE OI Chg,,
D:\My-data\Share_P&L\Ichart Data\Screenshot\August26\2026-08-25\Daywise_Price_and_OI_Summary_25AUG26_Report_2026-08-25_093900.xlsx,True,217,Symbol,,,Open,High,Low,Close,,ATM Straddle %,ATM Straddle %,Price Chg %,OI Chg %,PCR Chg %,Tot CE OI Chg %,Tot PE OI Chg %,Tot PE-CE OI Chg,,
D:\My-data\Share_P&L\Ichart Data\Screenshot\August26\2026-08-25\Daywise_Price_and_OI_Summary_25AUG26_Report_2026-08-25_094209.xlsx,True,217,Symbol,,,Open,High,Low,Close,,ATM Straddle %,ATM Straddle %,Price Chg %,OI Chg %,PCR Chg %,Tot CE OI Chg %,Tot PE OI Chg %,Tot PE-CE OI Chg,,
D:\My-data\Share_P&L\Ichart Data\Screenshot\August26\2026-08-25\Daywise_Price_and_OI_Summary_25AUG26_Report_2026-08-25_094517.xlsx,True,217,Symbol,,,Open,High,Low,Close,,ATM Straddle %,ATM Straddle %,Price Chg %,OI Chg %,PCR Chg %,Tot CE OI Chg %,Tot PE OI Chg %,Tot PE-CE OI Chg,,
D:\My-data\Share_P&L\Ichart Data\Screenshot\August26\2026-08-25\Daywise_Price_and_OI_Summary_25AUG26_Report_2026-08-25_094825.xlsx,True,217,Symbol,,,Open,High,Low,Close,,ATM Straddle %,ATM Straddle %,Price Chg %,OI Chg %,PCR Chg %,Tot CE OI Chg %,Tot PE OI Chg %,Tot PE-CE OI Chg,,
D:\My-data\Share_P&L\Ichart Data\Screenshot\August26\2026-08-25\Daywise_Price_and_OI_Summary_25AUG26_Report_2026-08-25_095133.xlsx,True,217,Symbol,,,Open,High,Low,Close,,ATM Straddle %,ATM Straddle %,Price Chg %,OI Chg %,PCR Chg %,Tot CE OI Chg %,Tot PE OI Chg %,Tot PE-CE OI Chg,,
D:\My-data\Share_P&L\Ichart Data\Screenshot\August26\2026-08-25\Daywise_Price_and_OI_Summary_25AUG26_Report_2026-08-25_095441.xlsx,True,217,Symbol,,,Open,High,Low,Close,,ATM Straddle %,ATM Straddle %,Price Chg %,OI Chg %,PCR Chg %,Tot CE OI Chg %,Tot PE OI Chg %,Tot PE-CE OI Chg,,
D:\My-data\Share_P&L\Ichart Data\Screenshot\August26\2026-08-25\Daywise_Price_and_OI_Summary_25AUG26_Report_2026-08-25_095749.xlsx,True,217,Symbol,,,Open,High,Low,Close,,ATM Straddle %,ATM Straddle %,Price Chg %,OI Chg %,PCR Chg %,Tot CE OI Chg %,Tot PE OI Chg %,Tot PE-CE OI Chg,,
D:\My-data\Share_P&L\Ichart Data\Screenshot\August26\2026-08-25\Daywise_Price_and_OI_Summary_25AUG26_Report_2026-08-25_100056.xlsx,True,217,Symbol,,,Open,High,Low,Close,,ATM Straddle %,ATM Straddle %,Price Chg %,OI Chg %,PCR Chg %,Tot CE OI Chg %,Tot PE OI Chg %,Tot PE-CE OI Chg,,
D:\My-data\Share_P&L\Ichart Data\Screenshot\August26\2026-08-25\Daywise_Price_and_OI_Summary_25AUG26_Report_2026-08-25_100405.xlsx,True,217,Symbol,,,Open,High,Low,Close,,ATM Straddle %,ATM Straddle %,Price Chg %,OI Chg %,PCR Chg %,Tot CE OI Chg %,Tot PE OI Chg %,Tot PE-CE OI Chg,,
D:\My-data\Share_P&L\Ichart Data\Screenshot\August26\2026-08-25\Daywise_Price_and_OI_Summary_25AUG26_Report_2026-08-25_100713.xlsx,True,217,Symbol,,,Open,High,Low,Close,,ATM Straddle %,ATM Straddle %,Price Chg %,OI Chg %,PCR Chg %,Tot CE OI Chg %,Tot PE OI Chg %,Tot PE-CE OI Chg,,
D:\My-data\Share_P&L\Ichart Data\Screenshot\August26\2026-08-25\Daywise_Price_and_OI_Summary_25AUG26_Report_2026-08-25_101021.xlsx,True,217,Symbol,,,Open,High,Low,Close,,ATM Straddle %,ATM Straddle %,Price Chg %,OI Chg %,PCR Chg %,Tot CE OI Chg %,Tot PE OI Chg %,Tot PE-CE OI Chg,,
D:\My-data\Share_P&L\Ichart Data\Screenshot\August26\2026-08-25\Daywise_Price_and_OI_Summary_25AUG26_Report_2026-08-25_101330.xlsx,True,217,Symbol,,,Open,High,Low,Close,,ATM Straddle %,ATM Straddle %,Price Chg %,OI Chg %,PCR Chg %,Tot CE OI Chg %,Tot PE OI Chg %,Tot PE-CE OI Chg,,
D:\My-data\Share_P&L\Ichart Data\Screenshot\August26\2026-08-25\Daywise_Price_and_OI_Summary_25AUG26_Report_2026-08-25_101637.xlsx,True,217,Symbol,,,Open,High,Low,Close,,ATM Straddle %,ATM Straddle %,Price Chg %,OI Chg %,PCR Chg %,Tot CE OI Chg %,Tot PE OI Chg %,Tot PE-CE OI Chg,,
D:\My-data\Share_P&L\Ichart Data\Screenshot\August26\2026-08-25\Daywise_Price_and_OI_Summary_25AUG26_Report_2026-08-25_101946.xlsx,True,217,Symbol,,,Open,High,Low,Close,,ATM Straddle %,ATM Straddle %,Price Chg %,OI Chg %,PCR Chg %,Tot CE OI Chg %,Tot PE OI Chg %,Tot PE-CE OI Chg,,
D:\My-data\Share_P&L\Ichart Data\Screenshot\August26\2026-08-25\Daywise_Price_and_OI_Summary_25AUG26_Report_2026-08-25_102253.xlsx,True,217,Symbol,,,Open,High,Low,Close,,ATM Straddle %,ATM Straddle %,Price Chg %,OI Chg %,PCR Chg %,Tot CE OI Chg %,Tot PE OI Chg %,Tot PE-CE OI Chg,,
D:\My-data\Share_P&L\Ichart Data\Screenshot\August26\2026-08-25\Daywise_Price_and_OI_Summary_25AUG26_Report_2026-08-25_102601.xlsx,True,217,Symbol,,,Open,High,Low,Close,,ATM Straddle %,ATM Straddle %,Price Chg %,OI Chg %,PCR Chg %,Tot CE OI Chg %,Tot PE OI Chg %,Tot PE-CE OI Chg,,
D:\My-data\Share_P&L\Ichart Data\Screenshot\August26\2026-08-25\Daywise_Price_and_OI_Summary_25AUG26_Report_2026-08-25_102909.xlsx,True,217,Symbol,,,Open,High,Low,Close,,ATM Straddle %,ATM Straddle %,Price Chg %,OI Chg %,PCR Chg %,Tot CE OI Chg %,Tot PE OI Chg %,Tot PE-CE OI Chg,,
D:\My-data\Share_P&L\Ichart Data\Screenshot\August26\2026-08-25\Daywise_Price_and_OI_Summary_25AUG26_Report_2026-08-25_103216.xlsx,True,217,Symbol,,,Open,High,Low,Close,,ATM Straddle %,ATM Straddle %,Price Chg %,OI Chg %,PCR Chg %,Tot CE OI Chg %,Tot PE OI Chg %,Tot PE-CE OI Chg,,
D:\My-data\Share_P&L\Ichart Data\Screenshot\August26\2026-08-25\Daywise_Price_and_OI_Summary_25AUG26_Report_2026-08-25_103524.xlsx,True,217,Symbol,,,Open,High,Low,Close,,ATM Straddle %,ATM Straddle %,Price Chg %,OI Chg %,PCR Chg %,Tot CE OI Chg %,Tot PE OI Chg %,Tot PE-CE OI Chg,,
D:\My-data\Share_P&L\Ichart Data\Screenshot\August26\2026-08-25\Daywise_Price_and_OI_Summary_25AUG26_Report_2026-08-25_103831.xlsx,True,217,Symbol,,,Open,High,Low,Close,,ATM Straddle %,ATM Straddle %,Price Chg %,OI Chg %,PCR Chg %,Tot CE OI Chg %,Tot PE OI Chg %,Tot PE-CE OI Chg,,
D:\My-data\Share_P&L\Ichart Data\Screenshot\August26\2026-08-25\Daywise_Price_and_OI_Summary_25AUG26_Report_2026-08-25_104139.xlsx,True,217,Symbol,,,Open,High,Low,Close,,ATM Straddle %,ATM Straddle %,Price Chg %,OI Chg %,PCR Chg %,Tot CE OI Chg %,Tot PE OI Chg %,Tot PE-CE OI Chg,,
D:\My-data\Share_P&L\Ichart Data\Screenshot\August26\2026-08-25\Daywise_Price_and_OI_Summary_25AUG26_Report_2026-08-25_104447.xlsx,True,217,Symbol,,,Open,High,Low,Close,,ATM Straddle %,ATM Straddle %,Price Chg %,OI Chg %,PCR Chg %,Tot CE OI Chg %,Tot PE OI Chg %,Tot PE-CE OI Chg,,
D:\My-data\Share_P&L\Ichart Data\Screenshot\August26\2026-08-25\Daywise_Price_and_OI_Summary_25AUG26_Report_2026-08-25_104754.xlsx,True,217,Symbol,,,Open,High,Low,Close,,ATM Straddle %,ATM Straddle %,Price Chg %,OI Chg %,PCR Chg %,Tot CE OI Chg %,Tot PE OI Chg %,Tot PE-CE OI Chg,,
D:\My-data\Share_P&L\Ichart Data\Screenshot\August26\2026-08-25\Daywise_Price_and_OI_Summary_25AUG26_Report_2026-08-25_105102.xlsx,True,217,Symbol,,,Open,High,Low,Close,,ATM Straddle %,ATM Straddle %,Price Chg %,OI Chg %,PCR Chg %,Tot CE OI Chg %,Tot PE OI Chg %,Tot PE-CE OI Chg,,
D:\My-data\Share_P&L\Ichart Data\Screenshot\August26\2026-08-25\Daywise_Price_and_OI_Summary_25AUG26_Report_2026-08-25_105418.xlsx,True,217,Symbol,,,Open,High,Low,Close,,ATM Straddle %,ATM Straddle %,Price Chg %,OI Chg %,PCR Chg %,Tot CE OI Chg %,Tot PE OI Chg %,Tot PE-CE OI Chg,,
D:\My-data\Share_P&L\Ichart Data\Screenshot\August26\2026-08-25\Daywise_Price_and_OI_Summary_25AUG26_Report_2026-08-25_105726.xlsx,True,217,Symbol,,,Open,High,Low,Close,,ATM Straddle %,ATM Straddle %,Price Chg %,OI Chg %,PCR Chg %,Tot CE OI Chg %,Tot PE OI Chg %,Tot PE-CE OI Chg,,
D:\My-data\Share_P&L\Ichart Data\Screenshot\August26\2026-08-25\Daywise_Price_and_OI_Summary_25AUG26_Report_2026-08-25_110033.xlsx,True,217,Symbol,,,Open,High,Low,Close,,ATM Straddle %,ATM Straddle %,Price Chg %,OI Chg %,PCR Chg %,Tot CE OI Chg %,Tot PE OI Chg %,Tot PE-CE OI Chg,,
D:\My-data\Share_P&L\Ichart Data\Screenshot\August26\2026-08-25\Daywise_Price_and_OI_Summary_25AUG26_Report_2026-08-25_110342.xlsx,True,217,Symbol,,,Open,High,Low,Close,,ATM Straddle %,ATM Straddle %,Price Chg %,OI Chg %,PCR Chg %,Tot CE OI Chg %,Tot PE OI Chg %,Tot PE-CE OI Chg,,
D:\My-data\Share_P&L\Ichart Data\Screenshot\August26\2026-08-25\Daywise_Price_and_OI_Summary_25AUG26_Report_2026-08-25_110650.xlsx,True,217,Symbol,,,Open,High,Low,Close,,ATM Straddle %,ATM Straddle %,Price Chg %,OI Chg %,PCR Chg %,Tot CE OI Chg %,Tot PE OI Chg %,Tot PE-CE OI Chg,,
D:\My-data\Share_P&L\Ichart Data\Screenshot\August26\2026-08-25\Daywise_Price_and_OI_Summary_25AUG26_Report_2026-08-25_110958.xlsx,True,217,Symbol,,,Open,High,Low,Close,,ATM Straddle %,ATM Straddle %,Price Chg %,OI Chg %,PCR Chg %,Tot CE OI Chg %,Tot PE OI Chg %,Tot PE-CE OI Chg,,
D:\My-data\Share_P&L\Ichart Data\Screenshot\August26\2026-08-25\Daywise_Price_and_OI_Summary_25AUG26_Report_2026-08-25_111305.xlsx,True,217,Symbol,,,Open,High,Low,Close,,ATM Straddle %,ATM Straddle %,Price Chg %,OI Chg %,PCR Chg %,Tot CE OI Chg %,Tot PE OI Chg %,Tot PE-CE OI Chg,,
D:\My-data\Share_P&L\Ichart Data\Screenshot\August26\2026-08-25\Daywise_Price_and_OI_Summary_25AUG26_Report_2026-08-25_111613.xlsx,True,217,Symbol,,,Open,High,Low,Close,,ATM Straddle %,ATM Straddle %,Price Chg %,OI Chg %,PCR Chg %,Tot CE OI Chg %,Tot PE OI Chg %,Tot PE-CE OI Chg,,
D:\My-data\Share_P&L\Ichart Data\Screenshot\August26\2026-08-25\Daywise_Price_and_OI_Summary_25AUG26_Report_2026-08-25_111921.xlsx,True,217,Symbol,,,Open,High,Low,Close,,ATM Straddle %,ATM Straddle %,Price Chg %,OI Chg %,PCR Chg %,Tot CE OI Chg %,Tot PE OI Chg %,Tot PE-CE OI Chg,,
D:\My-data\Share_P&L\Ichart Data\Screenshot\August26\2026-08-25\Daywise_Price_and_OI_Summary_25AUG26_Report_2026-08-25_112229.xlsx,True,217,Symbol,,,Open,High,Low,Close,,ATM Straddle %,ATM Straddle %,Price Chg %,OI Chg %,PCR Chg %,Tot CE OI Chg %,Tot PE OI Chg %,Tot PE-CE OI Chg,,
D:\My-data\Share_P&L\Ichart Data\Screenshot\August26\2026-08-25\Daywise_Price_and_OI_Summary_25AUG26_Report_2026-08-25_112538.xlsx,True,217,Symbol,,,Open,High,Low,Close,,ATM Straddle %,ATM Straddle %,Price Chg %,OI Chg %,PCR Chg %,Tot CE OI Chg %,Tot PE OI Chg %,Tot PE-CE OI Chg,,
D:\My-data\Share_P&L\Ichart Data\Screenshot\August26\2026-08-25\Daywise_Price_and_OI_Summary_25AUG26_Report_2026-08-25_112847.xlsx,True,217,Symbol,,,Open,High,Low,Close,,ATM Straddle %,ATM Straddle %,Price Chg %,OI Chg %,PCR Chg %,Tot CE OI Chg %,Tot PE OI Chg %,Tot PE-CE OI Chg,,
D:\My-data\Share_P&L\Ichart Data\Screenshot\August26\2026-08-25\Daywise_Price_and_OI_Summary_25AUG26_Report_2026-08-25_113155.xlsx,True,217,Symbol,,,Open,High,Low,Close,,ATM Straddle %,ATM Straddle %,Price Chg %,OI Chg %,PCR Chg %,Tot CE OI Chg %,Tot PE OI Chg %,Tot PE-CE OI Chg,,
D:\My-data\Share_P&L\Ichart Data\Screenshot\August26\2026-08-25\Daywise_Price_and_OI_Summary_25AUG26_Report_2026-08-25_113504.xlsx,True,217,Symbol,,,Open,High,Low,Close,,ATM Straddle %,ATM Straddle %,Price Chg %,OI Chg %,PCR Chg %,Tot CE OI Chg %,Tot PE OI Chg %,Tot PE-CE OI Chg,,
D:\My-data\Share_P&L\Ichart Data\Screenshot\August26\2026-08-25\Daywise_Price_and_OI_Summary_25AUG26_Report_2026-08-25_113813.xlsx,True,217,Symbol,,,Open,High,Low,Close,,ATM Straddle %,ATM Straddle %,Price Chg %,OI Chg %,PCR Chg %,Tot CE OI Chg %,Tot PE OI Chg %,Tot PE-CE OI Chg,,
D:\My-data\Share_P&L\Ichart Data\Screenshot\August26\2026-08-25\Daywise_Price_and_OI_Summary_25AUG26_Report_2026-08-25_114122.xlsx,True,217,Symbol,,,Open,High,Low,Close,,ATM Straddle %,ATM Straddle %,Price Chg %,OI Chg %,PCR Chg %,Tot CE OI Chg %,Tot PE OI Chg %,Tot PE-CE OI Chg,,
D:\My-data\Share_P&L\Ichart Data\Screenshot\August26\2026-08-25\Daywise_Price_and_OI_Summary_25AUG26_Report_2026-08-25_114430.xlsx,True,217,Symbol,,,Open,High,Low,Close,,ATM Straddle %,ATM Straddle %,Price Chg %,OI Chg %,PCR Chg %,Tot CE OI Chg %,Tot PE OI Chg %,Tot PE-CE OI Chg,,
D:\My-data\Share_P&L\Ichart Data\Screenshot\August26\2026-08-25\Daywise_Price_and_OI_Summary_25AUG26_Report_2026-08-25_114738.xlsx,True,217,Symbol,,,Open,High,Low,Close,,ATM Straddle %,ATM Straddle %,Price Chg %,OI Chg %,PCR Chg %,Tot CE OI Chg %,Tot PE OI Chg %,Tot PE-CE OI Chg,,
D:\My-data\Share_P&L\Ichart Data\Screenshot\August26\2026-08-25\Daywise_Price_and_OI_Summary_25AUG26_Report_2026-08-25_115047.xlsx,True,217,Symbol,,,Open,High,Low,Close,,ATM Straddle %,ATM Straddle %,Price Chg %,OI Chg %,PCR Chg %,Tot CE OI Chg %,Tot PE OI Chg %,Tot PE-CE OI Chg,,
D:\My-data\Share_P&L\Ichart Data\Screenshot\August26\2026-08-25\Daywise_Price_and_OI_Summary_25AUG26_Report_2026-08-25_115355.xlsx,True,217,Symbol,,,Open,High,Low,Close,,ATM Straddle %,ATM Straddle %,Price Chg %,OI Chg %,PCR Chg %,Tot CE OI Chg %,Tot PE OI Chg %,Tot PE-CE OI Chg,,
D:\My-data\Share_P&L\Ichart Data\Screenshot\August26\2026-08-25\Daywise_Price_and_OI_Summary_25AUG26_Report_2026-08-25_115703.xlsx,True,217,Symbol,,,Open,High,Low,Close,,ATM Straddle %,ATM Straddle %,Price Chg %,OI Chg %,PCR Chg %,Tot CE OI Chg %,Tot PE OI Chg %,Tot PE-CE OI Chg,,
D:\My-data\Share_P&L\Ichart Data\Screenshot\August26\2026-08-25\Daywise_Price_and_OI_Summary_25AUG26_Report_2026-08-25_120012.xlsx,True,217,Symbol,,,Open,High,Low,Close,,ATM Straddle %,ATM Straddle %,Price Chg %,OI Chg %,PCR Chg %,Tot CE OI Chg %,Tot PE OI Chg %,Tot PE-CE OI Chg,,
D:\My-data\Share_P&L\Ichart Data\Screenshot\August26\2026-08-25\Daywise_Price_and_OI_Summary_25AUG26_Report_2026-08-25_120322.xlsx,True,217,Symbol,,,Open,High,Low,Close,,ATM Straddle %,ATM Straddle %,Price Chg %,OI Chg %,PCR Chg %,Tot CE OI Chg %,Tot PE OI Chg %,Tot PE-CE OI Chg,,
D:\My-data\Share_P&L\Ichart Data\Screenshot\August26\2026-08-25\Daywise_Price_and_OI_Summary_25AUG26_Report_2026-08-25_120629.xlsx,True,217,Symbol,,,Open,High,Low,Close,,ATM Straddle %,ATM Straddle %,Price Chg %,OI Chg %,PCR Chg %,Tot CE OI Chg %,Tot PE OI Chg %,Tot PE-CE OI Chg,,
D:\My-data\Share_P&L\Ichart Data\Screenshot\August26\2026-08-25\Daywise_Price_and_OI_Summary_25AUG26_Report_2026-08-25_120937.xlsx,True,217,Symbol,,,Open,High,Low,Close,,ATM Straddle %,ATM Straddle %,Price Chg %,OI Chg %,PCR Chg %,Tot CE OI Chg %,Tot PE OI Chg %,Tot PE-CE OI Chg,,
D:\My-data\Share_P&L\Ichart Data\Screenshot\August26\2026-08-25\Daywise_Price_and_OI_Summary_25AUG26_Report_2026-08-25_121249.xlsx,True,217,Symbol,,,Open,High,Low,Close,,ATM Straddle %,ATM Straddle %,Price Chg %,OI Chg %,PCR Chg %,Tot CE OI Chg %,Tot PE OI Chg %,Tot PE-CE OI Chg,,
D:\My-data\Share_P&L\Ichart Data\Screenshot\August26\2026-08-25\Daywise_Price_and_OI_Summary_25AUG26_Report_2026-08-25_121558.xlsx,True,217,Symbol,,,Open,High,Low,Close,,ATM Straddle %,ATM Straddle %,Price Chg %,OI Chg %,PCR Chg %,Tot CE OI Chg %,Tot PE OI Chg %,Tot PE-CE OI Chg,,
D:\My-data\Share_P&L\Ichart Data\Screenshot\August26\2026-08-25\Daywise_Price_and_OI_Summary_25AUG26_Report_2026-08-25_121945.xlsx,True,217,Symbol,,,Open,High,Low,Close,,ATM Straddle %,ATM Straddle %,Price Chg %,OI Chg %,PCR Chg %,Tot CE OI Chg %,Tot PE OI Chg %,Tot PE-CE OI Chg,,
D:\My-data\Share_P&L\Ichart Data\Screenshot\August26\2026-08-25\Daywise_Price_and_OI_Summary_25AUG26_Report_2026-08-25_122253.xlsx,True,217,Symbol,,,Open,High,Low,Close,,ATM Straddle %,ATM Straddle %,Price Chg %,OI Chg %,PCR Chg %,Tot CE OI Chg %,Tot PE OI Chg %,Tot PE-CE OI Chg,,
D:\My-data\Share_P&L\Ichart Data\Screenshot\August26\2026-08-25\Daywise_Price_and_OI_Summary_25AUG26_Report_2026-08-25_122610.xlsx,True,217,Symbol,,,Open,High,Low,Close,,ATM Straddle %,ATM Straddle %,Price Chg %,OI Chg %,PCR Chg %,Tot CE OI Chg %,Tot PE OI Chg %,Tot PE-CE OI Chg,,
D:\My-data\Share_P&L\Ichart Data\Screenshot\August26\2026-08-25\Daywise_Price_and_OI_Summary_25AUG26_Report_2026-08-25_122918.xlsx,True,217,Symbol,,,Open,High,Low,Close,,ATM Straddle %,ATM Straddle %,Price Chg %,OI Chg %,PCR Chg %,Tot CE OI Chg %,Tot PE OI Chg %,Tot PE-CE OI Chg,,
D:\My-data\Share_P&L\Ichart Data\Screenshot\August26\2026-08-25\Daywise_Price_and_OI_Summary_25AUG26_Report_2026-08-25_123225.xlsx,True,217,Symbol,,,Open,High,Low,Close,,ATM Straddle %,ATM Straddle %,Price Chg %,OI Chg %,PCR Chg %,Tot CE OI Chg %,Tot PE OI Chg %,Tot PE-CE OI Chg,,
D:\My-data\Share_P&L\Ichart Data\Screenshot\August26\2026-08-25\Daywise_Price_and_OI_Summary_25AUG26_Report_2026-08-25_123533.xlsx,True,217,Symbol,,,Open,High,Low,Close,,ATM Straddle %,ATM Straddle %,Price Chg %,OI Chg %,PCR Chg %,Tot CE OI Chg %,Tot PE OI Chg %,Tot PE-CE OI Chg,,
D:\My-data\Share_P&L\Ichart Data\Screenshot\August26\2026-08-25\Daywise_Price_and_OI_Summary_25AUG26_Report_2026-08-25_123842.xlsx,True,217,Symbol,,,Open,High,Low,Close,,ATM Straddle %,ATM Straddle %,Price Chg %,OI Chg %,PCR Chg %,Tot CE OI Chg %,Tot PE OI Chg %,Tot PE-CE OI Chg,,
D:\My-data\Share_P&L\Ichart Data\Screenshot\August26\2026-08-25\Daywise_Price_and_OI_Summary_25AUG26_Report_2026-08-25_124150.xlsx,True,217,Symbol,,,Open,High,Low,Close,,ATM Straddle %,ATM Straddle %,Price Chg %,OI Chg %,PCR Chg %,Tot CE OI Chg %,Tot PE OI Chg %,Tot PE-CE OI Chg,,
D:\My-data\Share_P&L\Ichart Data\Screenshot\August26\2026-08-25\Daywise_Price_and_OI_Summary_25AUG26_Report_2026-08-25_124458.xlsx,True,217,Symbol,,,Open,High,Low,Close,,ATM Straddle %,ATM Straddle %,Price Chg %,OI Chg %,PCR Chg %,Tot CE OI Chg %,Tot PE OI Chg %,Tot PE-CE OI Chg,,
D:\My-data\Share_P&L\Ichart Data\Screenshot\August26\2026-08-25\Daywise_Price_and_OI_Summary_25AUG26_Report_2026-08-25_124815.xlsx,True,217,Symbol,,,Open,High,Low,Close,,ATM Straddle %,ATM Straddle %,Price Chg %,OI Chg %,PCR Chg %,Tot CE OI Chg %,Tot PE OI Chg %,Tot PE-CE OI Chg,,
D:\My-data\Share_P&L\Ichart Data\Screenshot\August26\2026-08-25\Daywise_Price_and_OI_Summary_25AUG26_Report_2026-08-25_125126.xlsx,True,217,Symbol,,,Open,High,Low,Close,,ATM Straddle %,ATM Straddle %,Price Chg %,OI Chg %,PCR Chg %,Tot CE OI Chg %,Tot PE OI Chg %,Tot PE-CE OI Chg,,
D:\My-data\Share_P&L\Ichart Data\Screenshot\August26\2026-08-25\Daywise_Price_and_OI_Summary_25AUG26_Report_2026-08-25_125441.xlsx,True,217,Symbol,,,Open,High,Low,Close,,ATM Straddle %,ATM Straddle %,Price Chg %,OI Chg %,PCR Chg %,Tot CE OI Chg %,Tot PE OI Chg %,Tot PE-CE OI Chg,,
D:\My-data\Share_P&L\Ichart Data\Screenshot\August26\2026-08-25\Daywise_Price_and_OI_Summary_25AUG26_Report_2026-08-25_125749.xlsx,True,217,Symbol,,,Open,High,Low,Close,,ATM Straddle %,ATM Straddle %,Price Chg %,OI Chg %,PCR Chg %,Tot CE OI Chg %,Tot PE OI Chg %,Tot PE-CE OI Chg,,
D:\My-data\Share_P&L\Ichart Data\Screenshot\August26\2026-08-25\Daywise_Price_and_OI_Summary_25AUG26_Report_2026-08-25_130058.xlsx,True,217,Symbol,,,Open,High,Low,Close,,ATM Straddle %,ATM Straddle %,Price Chg %,OI Chg %,PCR Chg %,Tot CE OI Chg %,Tot PE OI Chg %,Tot PE-CE OI Chg,,
D:\My-data\Share_P&L\Ichart Data\Screenshot\August26\2026-08-25\Daywise_Price_and_OI_Summary_25AUG26_Report_2026-08-25_130405.xlsx,True,217,Symbol,,,Open,High,Low,Close,,ATM Straddle %,ATM Straddle %,Price Chg %,OI Chg %,PCR Chg %,Tot CE OI Chg %,Tot PE OI Chg %,Tot PE-CE OI Chg,,
D:\My-data\Share_P&L\Ichart Data\Screenshot\August26\2026-08-25\Daywise_Price_and_OI_Summary_25AUG26_Report_2026-08-25_130715.xlsx,True,217,Symbol,,,Open,High,Low,Close,,ATM Straddle %,ATM Straddle %,Price Chg %,OI Chg %,PCR Chg %,Tot CE OI Chg %,Tot PE OI Chg %,Tot PE-CE OI Chg,,
D:\My-data\Share_P&L\Ichart Data\Screenshot\August26\2026-08-25\Daywise_Price_and_OI_Summary_25AUG26_Report_2026-08-25_131023.xlsx,True,217,Symbol,,,Open,High,Low,Close,,ATM Straddle %,ATM Straddle %,Price Chg %,OI Chg %,PCR Chg %,Tot CE OI Chg %,Tot PE OI Chg %,Tot PE-CE OI Chg,,
D:\My-data\Share_P&L\Ichart Data\Screenshot\August26\2026-08-25\Daywise_Price_and_OI_Summary_25AUG26_Report_2026-08-25_131332.xlsx,True,217,Symbol,,,Open,High,Low,Close,,ATM Straddle %,ATM Straddle %,Price Chg %,OI Chg %,PCR Chg %,Tot CE OI Chg %,Tot PE OI Chg %,Tot PE-CE OI Chg,,
D:\My-data\Share_P&L\Ichart Data\Screenshot\August26\2026-08-25\Daywise_Price_and_OI_Summary_25AUG26_Report_2026-08-25_131640.xlsx,True,217,Symbol,,,Open,High,Low,Close,,ATM Straddle %,ATM Straddle %,Price Chg %,OI Chg %,PCR Chg %,Tot CE OI Chg %,Tot PE OI Chg %,Tot PE-CE OI Chg,,
D:\My-data\Share_P&L\Ichart Data\Screenshot\August26\2026-08-25\Daywise_Price_and_OI_Summary_25AUG26_Report_2026-08-25_131948.xlsx,True,217,Symbol,,,Open,High,Low,Close,,ATM Straddle %,ATM Straddle %,Price Chg %,OI Chg %,PCR Chg %,Tot CE OI Chg %,Tot PE OI Chg %,Tot PE-CE OI Chg,,
D:\My-data\Share_P&L\Ichart Data\Screenshot\August26\2026-08-25\Daywise_Price_and_OI_Summary_25AUG26_Report_2026-08-25_132257.xlsx,True,217,Symbol,,,Open,High,Low,Close,,ATM Straddle %,ATM Straddle %,Price Chg %,OI Chg %,PCR Chg %,Tot CE OI Chg %,Tot PE OI Chg %,Tot PE-CE OI Chg,,
D:\My-data\Share_P&L\Ichart Data\Screenshot\August26\2026-08-25\Daywise_Price_and_OI_Summary_25AUG26_Report_2026-08-25_132606.xlsx,True,217,Symbol,,,Open,High,Low,Close,,ATM Straddle %,ATM Straddle %,Price Chg %,OI Chg %,PCR Chg %,Tot CE OI Chg %,Tot PE OI Chg %,Tot PE-CE OI Chg,,
D:\My-data\Share_P&L\Ichart Data\Screenshot\August26\2026-08-25\Daywise_Price_and_OI_Summary_25AUG26_Report_2026-08-25_132915.xlsx,True,217,Symbol,,,Open,High,Low,Close,,ATM Straddle %,ATM Straddle %,Price Chg %,OI Chg %,PCR Chg %,Tot CE OI Chg %,Tot PE OI Chg %,Tot PE-CE OI Chg,,
D:\My-data\Share_P&L\Ichart Data\Screenshot\August26\2026-08-25\Daywise_Price_and_OI_Summary_25AUG26_Report_2026-08-25_133229.xlsx,True,217,Symbol,,,Open,High,Low,Close,,ATM Straddle %,ATM Straddle %,Price Chg %,OI Chg %,PCR Chg %,Tot CE OI Chg %,Tot PE OI Chg %,Tot PE-CE OI Chg,,
D:\My-data\Share_P&L\Ichart Data\Screenshot\August26\2026-08-25\Daywise_Price_and_OI_Summary_25AUG26_Report_2026-08-25_133538.xlsx,True,217,Symbol,,,Open,High,Low,Close,,ATM Straddle %,ATM Straddle %,Price Chg %,OI Chg %,PCR Chg %,Tot CE OI Chg %,Tot PE OI Chg %,Tot PE-CE OI Chg,,
D:\My-data\Share_P&L\Ichart Data\Screenshot\August26\2026-08-25\Daywise_Price_and_OI_Summary_25AUG26_Report_2026-08-25_133847.xlsx,True,217,Symbol,,,Open,High,Low,Close,,ATM Straddle %,ATM Straddle %,Price Chg %,OI Chg %,PCR Chg %,Tot CE OI Chg %,Tot PE OI Chg %,Tot PE-CE OI Chg,,
D:\My-data\Share_P&L\Ichart Data\Screenshot\August26\2026-08-25\Daywise_Price_and_OI_Summary_25AUG26_Report_2026-08-25_134154.xlsx,True,217,Symbol,,,Open,High,Low,Close,,ATM Straddle %,ATM Straddle %,Price Chg %,OI Chg %,PCR Chg %,Tot CE OI Chg %,Tot PE OI Chg %,Tot PE-CE OI Chg,,
D:\My-data\Share_P&L\Ichart Data\Screenshot\August26\2026-08-25\Daywise_Price_and_OI_Summary_25AUG26_Report_2026-08-25_134511.xlsx,True,217,Symbol,,,Open,High,Low,Close,,ATM Straddle %,ATM Straddle %,Price Chg %,OI Chg %,PCR Chg %,Tot CE OI Chg %,Tot PE OI Chg %,Tot PE-CE OI Chg,,
D:\My-data\Share_P&L\Ichart Data\Screenshot\August26\2026-08-25\Daywise_Price_and_OI_Summary_25AUG26_Report_2026-08-25_134821.xlsx,True,217,Symbol,,,Open,High,Low,Close,,ATM Straddle %,ATM Straddle %,Price Chg %,OI Chg %,PCR Chg %,Tot CE OI Chg %,Tot PE OI Chg %,Tot PE-CE OI Chg,,
D:\My-data\Share_P&L\Ichart Data\Screenshot\August26\2026-08-25\Daywise_Price_and_OI_Summary_25AUG26_Report_2026-08-25_135129.xlsx,True,217,Symbol,,,Open,High,Low,Close,,ATM Straddle %,ATM Straddle %,Price Chg %,OI Chg %,PCR Chg %,Tot CE OI Chg %,Tot PE OI Chg %,Tot PE-CE OI Chg,,
D:\My-data\Share_P&L\Ichart Data\Screenshot\August26\2026-08-25\Daywise_Price_and_OI_Summary_25AUG26_Report_2026-08-25_135438.xlsx,True,217,Symbol,,,Open,High,Low,Close,,ATM Straddle %,ATM Straddle %,Price Chg %,OI Chg %,PCR Chg %,Tot CE OI Chg %,Tot PE OI Chg %,Tot PE-CE OI Chg,,
D:\My-data\Share_P&L\Ichart Data\Screenshot\August26\2026-08-25\Daywise_Price_and_OI_Summary_25AUG26_Report_2026-08-25_135746.xlsx,True,217,Symbol,,,Open,High,Low,Close,,ATM Straddle %,ATM Straddle %,Price Chg %,OI Chg %,PCR Chg %,Tot CE OI Chg %,Tot PE OI Chg %,Tot PE-CE OI Chg,,
D:\My-data\Share_P&L\Ichart Data\Screenshot\August26\2026-08-25\Daywise_Price_and_OI_Summary_25AUG26_Report_2026-08-25_140054.xlsx,True,217,Symbol,,,Open,High,Low,Close,,ATM Straddle %,ATM Straddle %,Price Chg %,OI Chg %,PCR Chg %,Tot CE OI Chg %,Tot PE OI Chg %,Tot PE-CE OI Chg,,
D:\My-data\Share_P&L\Ichart Data\Screenshot\August26\2026-08-25\Daywise_Price_and_OI_Summary_25AUG26_Report_2026-08-25_140402.xlsx,True,217,Symbol,,,Open,High,Low,Close,,ATM Straddle %,ATM Straddle %,Price Chg %,OI Chg %,PCR Chg %,Tot CE OI Chg %,Tot PE OI Chg %,Tot PE-CE OI Chg,,
D:\My-data\Share_P&L\Ichart Data\Screenshot\August26\2026-08-25\Daywise_Price_and_OI_Summary_25AUG26_Report_2026-08-25_140709.xlsx,True,217,Symbol,,,Open,High,Low,Close,,ATM Straddle %,ATM Straddle %,Price Chg %,OI Chg %,PCR Chg %,Tot CE OI Chg %,Tot PE OI Chg %,Tot PE-CE OI Chg,,
D:\My-data\Share_P&L\Ichart Data\Screenshot\August26\2026-08-25\Daywise_Price_and_OI_Summary_25AUG26_Report_2026-08-25_141018.xlsx,True,217,Symbol,,,Open,High,Low,Close,,ATM Straddle %,ATM Straddle %,Price Chg %,OI Chg %,PCR Chg %,Tot CE OI Chg %,Tot PE OI Chg %,Tot PE-CE OI Chg,,
D:\My-data\Share_P&L\Ichart Data\Screenshot\August26\2026-08-25\Daywise_Price_and_OI_Summary_25AUG26_Report_2026-08-25_141331.xlsx,True,217,Symbol,,,Open,High,Low,Close,,ATM Straddle %,ATM Straddle %,Price Chg %,OI Chg %,PCR Chg %,Tot CE OI Chg %,Tot PE OI Chg %,Tot PE-CE OI Chg,,
D:\My-data\Share_P&L\Ichart Data\Screenshot\August26\2026-08-25\Daywise_Price_and_OI_Summary_25AUG26_Report_2026-08-25_141640.xlsx,True,217,Symbol,,,Open,High,Low,Close,,ATM Straddle %,ATM Straddle %,Price Chg %,OI Chg %,PCR Chg %,Tot CE OI Chg %,Tot PE OI Chg %,Tot PE-CE OI Chg,,
D:\My-data\Share_P&L\Ichart Data\Screenshot\August26\2026-08-25\Daywise_Price_and_OI_Summary_25AUG26_Report_2026-08-25_141949.xlsx,True,217,Symbol,,,Open,High,Low,Close,,ATM Straddle %,ATM Straddle %,Price Chg %,OI Chg %,PCR Chg %,Tot CE OI Chg %,Tot PE OI Chg %,Tot PE-CE OI Chg,,
D:\My-data\Share_P&L\Ichart Data\Screenshot\August26\2026-08-25\Daywise_Price_and_OI_Summary_25AUG26_Report_2026-08-25_142258.xlsx,True,217,Symbol,,,Open,High,Low,Close,,ATM Straddle %,ATM Straddle %,Price Chg %,OI Chg %,PCR Chg %,Tot CE OI Chg %,Tot PE OI Chg %,Tot PE-CE OI Chg,,
D:\My-data\Share_P&L\Ichart Data\Screenshot\August26\2026-08-25\Daywise_Price_and_OI_Summary_25AUG26_Report_2026-08-25_142608.xlsx,True,217,Symbol,,,Open,High,Low,Close,,ATM Straddle %,ATM Straddle %,Price Chg %,OI Chg %,PCR Chg %,Tot CE OI Chg %,Tot PE OI Chg %,Tot PE-CE OI Chg,,
D:\My-data\Share_P&L\Ichart Data\Screenshot\August26\2026-08-25\Daywise_Price_and_OI_Summary_25AUG26_Report_2026-08-25_142917.xlsx,True,217,Symbol,,,Open,High,Low,Close,,ATM Straddle %,ATM Straddle %,Price Chg %,OI Chg %,PCR Chg %,Tot CE OI Chg %,Tot PE OI Chg %,Tot PE-CE OI Chg,,
D:\My-data\Share_P&L\Ichart Data\Screenshot\August26\2026-08-25\Daywise_Price_and_OI_Summary_25AUG26_Report_2026-08-25_143227.xlsx,True,217,Symbol,,,Open,High,Low,Close,,ATM Straddle %,ATM Straddle %,Price Chg %,OI Chg %,PCR Chg %,Tot CE OI Chg %,Tot PE OI Chg %,Tot PE-CE OI Chg,,
D:\My-data\Share_P&L\Ichart Data\Screenshot\August26\2026-08-25\Daywise_Price_and_OI_Summary_25AUG26_Report_2026-08-25_143537.xlsx,True,217,Symbol,,,Open,High,Low,Close,,ATM Straddle %,ATM Straddle %,Price Chg %,OI Chg %,PCR Chg %,Tot CE OI Chg %,Tot PE OI Chg %,Tot PE-CE OI Chg,,
D:\My-data\Share_P&L\Ichart Data\Screenshot\August26\2026-08-25\IVR-IVP_25AUG26_Report_2026-08-25.xlsx,True,215,,,,,,,,,,,,,,,,,,
D:\My-data\Share_P&L\Ichart Data\Screenshot\August26\2026-08-25\IVR-IVP_25AUG26_Report_2026-08-25_092326.xlsx,True,215,,,,,,,,,,,,,,,,,,
D:\My-data\Share_P&L\Ichart Data\Screenshot\August26\2026-08-25\IVR-IVP_25AUG26_Report_2026-08-25_092633.xlsx,True,215,,,,,,,,,,,,,,,,,,
D:\My-data\Share_P&L\Ichart Data\Screenshot\August26\2026-08-25\IVR-IVP_25AUG26_Report_2026-08-25_092942.xlsx,True,215,,,,,,,,,,,,,,,,,,
D:\My-data\Share_P&L\Ichart Data\Screenshot\August26\2026-08-25\IVR-IVP_25AUG26_Report_2026-08-25_093250.xlsx,True,215,,,,,,,,,,,,,,,,,,
D:\My-data\Share_P&L\Ichart Data\Screenshot\August26\2026-08-25\IVR-IVP_25AUG26_Report_2026-08-25_093601.xlsx,True,215,,,,,,,,,,,,,,,,,,
D:\My-data\Share_P&L\Ichart Data\Screenshot\August26\2026-08-25\IVR-IVP_25AUG26_Report_2026-08-25_093909.xlsx,True,215,,,,,,,,,,,,,,,,,,
D:\My-data\Share_P&L\Ichart Data\Screenshot\August26\2026-08-25\IVR-IVP_25AUG26_Report_2026-08-25_094217.xlsx,True,215,,,,,,,,,,,,,,,,,,
D:\My-data\Share_P&L\Ichart Data\Screenshot\August26\2026-08-25\IVR-IVP_25AUG26_Report_2026-08-25_094526.xlsx,True,216,,,,,,,,,,,,,,,,,,
D:\My-data\Share_P&L\Ichart Data\Screenshot\August26\2026-08-25\IVR-IVP_25AUG26_Report_2026-08-25_094834.xlsx,True,216,,,,,,,,,,,,,,,,,,
D:\My-data\Share_P&L\Ichart Data\Screenshot\August26\2026-08-25\IVR-IVP_25AUG26_Report_2026-08-25_095143.xlsx,True,216,,,,,,,,,,,,,,,,,,
D:\My-data\Share_P&L\Ichart Data\Screenshot\August26\2026-08-25\IVR-IVP_25AUG26_Report_2026-08-25_095450.xlsx,True,216,,,,,,,,,,,,,,,,,,
D:\My-data\Share_P&L\Ichart Data\Screenshot\August26\2026-08-25\IVR-IVP_25AUG26_Report_2026-08-25_095757.xlsx,True,216,,,,,,,,,,,,,,,,,,
D:\My-data\Share_P&L\Ichart Data\Screenshot\August26\2026-08-25\IVR-IVP_25AUG26_Report_2026-08-25_100106.xlsx,True,216,,,,,,,,,,,,,,,,,,
D:\My-data\Share_P&L\Ichart Data\Screenshot\August26\2026-08-25\IVR-IVP_25AUG26_Report_2026-08-25_100414.xlsx,True,217,,,,,,,,,,,,,,,,,,
D:\My-data\Share_P&L\Ichart Data\Screenshot\August26\2026-08-25\IVR-IVP_25AUG26_Report_2026-08-25_100722.xlsx,True,217,,,,,,,,,,,,,,,,,,
D:\My-data\Share_P&L\Ichart Data\Screenshot\August26\2026-08-25\IVR-IVP_25AUG26_Report_2026-08-25_101029.xlsx,True,217,,,,,,,,,,,,,,,,,,
D:\My-data\Share_P&L\Ichart Data\Screenshot\August26\2026-08-25\IVR-IVP_25AUG26_Report_2026-08-25_101338.xlsx,True,217,,,,,,,,,,,,,,,,,,
D:\My-data\Share_P&L\Ichart Data\Screenshot\August26\2026-08-25\IVR-IVP_25AUG26_Report_2026-08-25_101652.xlsx,True,217,,,,,,,,,,,,,,,,,,
D:\My-data\Share_P&L\Ichart Data\Screenshot\August26\2026-08-25\IVR-IVP_25AUG26_Report_2026-08-25_101959.xlsx,True,217,,,,,,,,,,,,,,,,,,
D:\My-data\Share_P&L\Ichart Data\Screenshot\August26\2026-08-25\IVR-IVP_25AUG26_Report_2026-08-25_102314.xlsx,True,217,,,,,,,,,,,,,,,,,,
D:\My-data\Share_P&L\Ichart Data\Screenshot\August26\2026-08-25\IVR-IVP_25AUG26_Report_2026-08-25_102622.xlsx,True,217,,,,,,,,,,,,,,,,,,
D:\My-data\Share_P&L\Ichart Data\Screenshot\August26\2026-08-25\IVR-IVP_25AUG26_Report_2026-08-25_102931.xlsx,True,217,,,,,,,,,,,,,,,,,,
D:\My-data\Share_P&L\Ichart Data\Screenshot\August26\2026-08-25\IVR-IVP_25AUG26_Report_2026-08-25_103238.xlsx,True,217,,,,,,,,,,,,,,,,,,
D:\My-data\Share_P&L\Ichart Data\Screenshot\August26\2026-08-25\IVR-IVP_25AUG26_Report_2026-08-25_103545.xlsx,True,217,,,,,,,,,,,,,,,,,,
D:\My-data\Share_P&L\Ichart Data\Screenshot\August26\2026-08-25\IVR-IVP_25AUG26_Report_2026-08-25_103852.xlsx,True,217,,,,,,,,,,,,,,,,,,
D:\My-data\Share_P&L\Ichart Data\Screenshot\August26\2026-08-25\IVR-IVP_25AUG26_Report_2026-08-25_104159.xlsx,True,217,,,,,,,,,,,,,,,,,,
D:\My-data\Share_P&L\Ichart Data\Screenshot\August26\2026-08-25\IVR-IVP_25AUG26_Report_2026-08-25_104506.xlsx,True,217,,,,,,,,,,,,,,,,,,
D:\My-data\Share_P&L\Ichart Data\Screenshot\August26\2026-08-25\IVR-IVP_25AUG26_Report_2026-08-25_104814.xlsx,True,217,,,,,,,,,,,,,,,,,,
D:\My-data\Share_P&L\Ichart Data\Screenshot\August26\2026-08-25\IVR-IVP_25AUG26_Report_2026-08-25_105122.xlsx,True,217,,,,,,,,,,,,,,,,,,
D:\My-data\Share_P&L\Ichart Data\Screenshot\August26\2026-08-25\IVR-IVP_25AUG26_Report_2026-08-25_105430.xlsx,True,217,,,,,,,,,,,,,,,,,,
D:\My-data\Share_P&L\Ichart Data\Screenshot\August26\2026-08-25\IVR-IVP_25AUG26_Report_2026-08-25_105737.xlsx,True,217,,,,,,,,,,,,,,,,,,
D:\My-data\Share_P&L\Ichart Data\Screenshot\August26\2026-08-25\IVR-IVP_25AUG26_Report_2026-08-25_110044.xlsx,True,217,,,,,,,,,,,,,,,,,,
D:\My-data\Share_P&L\Ichart Data\Screenshot\August26\2026-08-25\IVR-IVP_25AUG26_Report_2026-08-25_110351.xlsx,True,217,,,,,,,,,,,,,,,,,,
D:\My-data\Share_P&L\Ichart Data\Screenshot\August26\2026-08-25\IVR-IVP_25AUG26_Report_2026-08-25_110659.xlsx,True,217,,,,,,,,,,,,,,,,,,
D:\My-data\Share_P&L\Ichart Data\Screenshot\August26\2026-08-25\IVR-IVP_25AUG26_Report_2026-08-25_111007.xlsx,True,217,,,,,,,,,,,,,,,,,,
D:\My-data\Share_P&L\Ichart Data\Screenshot\August26\2026-08-25\IVR-IVP_25AUG26_Report_2026-08-25_111320.xlsx,True,217,,,,,,,,,,,,,,,,,,
D:\My-data\Share_P&L\Ichart Data\Screenshot\August26\2026-08-25\IVR-IVP_25AUG26_Report_2026-08-25_111627.xlsx,True,217,,,,,,,,,,,,,,,,,,
D:\My-data\Share_P&L\Ichart Data\Screenshot\August26\2026-08-25\IVR-IVP_25AUG26_Report_2026-08-25_111935.xlsx,True,217,,,,,,,,,,,,,,,,,,
D:\My-data\Share_P&L\Ichart Data\Screenshot\August26\2026-08-25\IVR-IVP_25AUG26_Report_2026-08-25_112242.xlsx,True,217,,,,,,,,,,,,,,,,,,
D:\My-data\Share_P&L\Ichart Data\Screenshot\August26\2026-08-25\IVR-IVP_25AUG26_Report_2026-08-25_112549.xlsx,True,217,,,,,,,,,,,,,,,,,,
D:\My-data\Share_P&L\Ichart Data\Screenshot\August26\2026-08-25\IVR-IVP_25AUG26_Report_2026-08-25_112857.xlsx,True,217,,,,,,,,,,,,,,,,,,
D:\My-data\Share_P&L\Ichart Data\Screenshot\August26\2026-08-25\IVR-IVP_25AUG26_Report_2026-08-25_113205.xlsx,True,217,,,,,,,,,,,,,,,,,,
D:\My-data\Share_P&L\Ichart Data\Screenshot\August26\2026-08-25\IVR-IVP_25AUG26_Report_2026-08-25_113512.xlsx,True,217,,,,,,,,,,,,,,,,,,
D:\My-data\Share_P&L\Ichart Data\Screenshot\August26\2026-08-25\IVR-IVP_25AUG26_Report_2026-08-25_113821.xlsx,True,217,,,,,,,,,,,,,,,,,,
D:\My-data\Share_P&L\Ichart Data\Screenshot\August26\2026-08-25\IVR-IVP_25AUG26_Report_2026-08-25_114131.xlsx,True,217,,,,,,,,,,,,,,,,,,
D:\My-data\Share_P&L\Ichart Data\Screenshot\August26\2026-08-25\IVR-IVP_25AUG26_Report_2026-08-25_114439.xlsx,True,217,,,,,,,,,,,,,,,,,,
D:\My-data\Share_P&L\Ichart Data\Screenshot\August26\2026-08-25\IVR-IVP_25AUG26_Report_2026-08-25_114747.xlsx,True,217,,,,,,,,,,,,,,,,,,
D:\My-data\Share_P&L\Ichart Data\Screenshot\August26\2026-08-25\IVR-IVP_25AUG26_Report_2026-08-25_115055.xlsx,True,217,,,,,,,,,,,,,,,,,,
D:\My-data\Share_P&L\Ichart Data\Screenshot\August26\2026-08-25\IVR-IVP_25AUG26_Report_2026-08-25_115403.xlsx,True,217,,,,,,,,,,,,,,,,,,
D:\My-data\Share_P&L\Ichart Data\Screenshot\August26\2026-08-25\IVR-IVP_25AUG26_Report_2026-08-25_115711.xlsx,True,217,,,,,,,,,,,,,,,,,,
D:\My-data\Share_P&L\Ichart Data\Screenshot\August26\2026-08-25\IVR-IVP_25AUG26_Report_2026-08-25_120021.xlsx,True,217,,,,,,,,,,,,,,,,,,
D:\My-data\Share_P&L\Ichart Data\Screenshot\August26\2026-08-25\IVR-IVP_25AUG26_Report_2026-08-25_120332.xlsx,True,217,,,,,,,,,,,,,,,,,,
D:\My-data\Share_P&L\Ichart Data\Screenshot\August26\2026-08-25\IVR-IVP_25AUG26_Report_2026-08-25_120649.xlsx,True,217,,,,,,,,,,,,,,,,,,
D:\My-data\Share_P&L\Ichart Data\Screenshot\August26\2026-08-25\IVR-IVP_25AUG26_Report_2026-08-25_120957.xlsx,True,217,,,,,,,,,,,,,,,,,,
D:\My-data\Share_P&L\Ichart Data\Screenshot\August26\2026-08-25\IVR-IVP_25AUG26_Report_2026-08-25_121305.xlsx,True,217,,,,,,,,,,,,,,,,,,
D:\My-data\Share_P&L\Ichart Data\Screenshot\August26\2026-08-25\IVR-IVP_25AUG26_Report_2026-08-25_121613.xlsx,True,217,,,,,,,,,,,,,,,,,,
D:\My-data\Share_P&L\Ichart Data\Screenshot\August26\2026-08-25\IVR-IVP_25AUG26_Report_2026-08-25_121954.xlsx,True,217,,,,,,,,,,,,,,,,,,
D:\My-data\Share_P&L\Ichart Data\Screenshot\August26\2026-08-25\IVR-IVP_25AUG26_Report_2026-08-25_122303.xlsx,True,217,,,,,,,,,,,,,,,,,,
D:\My-data\Share_P&L\Ichart Data\Screenshot\August26\2026-08-25\IVR-IVP_25AUG26_Report_2026-08-25_122618.xlsx,True,217,,,,,,,,,,,,,,,,,,
D:\My-data\Share_P&L\Ichart Data\Screenshot\August26\2026-08-25\IVR-IVP_25AUG26_Report_2026-08-25_122926.xlsx,True,217,,,,,,,,,,,,,,,,,,
D:\My-data\Share_P&L\Ichart Data\Screenshot\August26\2026-08-25\IVR-IVP_25AUG26_Report_2026-08-25_123243.xlsx,True,217,,,,,,,,,,,,,,,,,,
D:\My-data\Share_P&L\Ichart Data\Screenshot\August26\2026-08-25\IVR-IVP_25AUG26_Report_2026-08-25_123551.xlsx,True,217,,,,,,,,,,,,,,,,,,
D:\My-data\Share_P&L\Ichart Data\Screenshot\August26\2026-08-25\IVR-IVP_25AUG26_Report_2026-08-25_123859.xlsx,True,217,,,,,,,,,,,,,,,,,,
D:\My-data\Share_P&L\Ichart Data\Screenshot\August26\2026-08-25\IVR-IVP_25AUG26_Report_2026-08-25_124207.xlsx,True,217,,,,,,,,,,,,,,,,,,
D:\My-data\Share_P&L\Ichart Data\Screenshot\August26\2026-08-25\IVR-IVP_25AUG26_Report_2026-08-25_124515.xlsx,True,217,,,,,,,,,,,,,,,,,,
D:\My-data\Share_P&L\Ichart Data\Screenshot\August26\2026-08-25\IVR-IVP_25AUG26_Report_2026-08-25_124824.xlsx,True,217,,,,,,,,,,,,,,,,,,
D:\My-data\Share_P&L\Ichart Data\Screenshot\August26\2026-08-25\IVR-IVP_25AUG26_Report_2026-08-25_125135.xlsx,True,217,,,,,,,,,,,,,,,,,,
D:\My-data\Share_P&L\Ichart Data\Screenshot\August26\2026-08-25\IVR-IVP_25AUG26_Report_2026-08-25_125452.xlsx,True,217,,,,,,,,,,,,,,,,,,
D:\My-data\Share_P&L\Ichart Data\Screenshot\August26\2026-08-25\IVR-IVP_25AUG26_Report_2026-08-25_125800.xlsx,True,217,,,,,,,,,,,,,,,,,,
D:\My-data\Share_P&L\Ichart Data\Screenshot\August26\2026-08-25\IVR-IVP_25AUG26_Report_2026-08-25_130108.xlsx,True,217,,,,,,,,,,,,,,,,,,
D:\My-data\Share_P&L\Ichart Data\Screenshot\August26\2026-08-25\IVR-IVP_25AUG26_Report_2026-08-25_130416.xlsx,True,217,,,,,,,,,,,,,,,,,,
D:\My-data\Share_P&L\Ichart Data\Screenshot\August26\2026-08-25\IVR-IVP_25AUG26_Report_2026-08-25_130724.xlsx,True,217,,,,,,,,,,,,,,,,,,
D:\My-data\Share_P&L\Ichart Data\Screenshot\August26\2026-08-25\IVR-IVP_25AUG26_Report_2026-08-25_131033.xlsx,True,217,,,,,,,,,,,,,,,,,,
D:\My-data\Share_P&L\Ichart Data\Screenshot\August26\2026-08-25\IVR-IVP_25AUG26_Report_2026-08-25_131342.xlsx,True,217,,,,,,,,,,,,,,,,,,
D:\My-data\Share_P&L\Ichart Data\Screenshot\August26\2026-08-25\IVR-IVP_25AUG26_Report_2026-08-25_131651.xlsx,True,217,,,,,,,,,,,,,,,,,,
D:\My-data\Share_P&L\Ichart Data\Screenshot\August26\2026-08-25\IVR-IVP_25AUG26_Report_2026-08-25_131958.xlsx,True,217,,,,,,,,,,,,,,,,,,
D:\My-data\Share_P&L\Ichart Data\Screenshot\August26\2026-08-25\IVR-IVP_25AUG26_Report_2026-08-25_132306.xlsx,True,217,,,,,,,,,,,,,,,,,,
D:\My-data\Share_P&L\Ichart Data\Screenshot\August26\2026-08-25\IVR-IVP_25AUG26_Report_2026-08-25_132614.xlsx,True,217,,,,,,,,,,,,,,,,,,
D:\My-data\Share_P&L\Ichart Data\Screenshot\August26\2026-08-25\IVR-IVP_25AUG26_Report_2026-08-25_132923.xlsx,True,217,,,,,,,,,,,,,,,,,,
D:\My-data\Share_P&L\Ichart Data\Screenshot\August26\2026-08-25\IVR-IVP_25AUG26_Report_2026-08-25_133237.xlsx,True,217,,,,,,,,,,,,,,,,,,
D:\My-data\Share_P&L\Ichart Data\Screenshot\August26\2026-08-25\IVR-IVP_25AUG26_Report_2026-08-25_133547.xlsx,True,217,,,,,,,,,,,,,,,,,,
D:\My-data\Share_P&L\Ichart Data\Screenshot\August26\2026-08-25\IVR-IVP_25AUG26_Report_2026-08-25_133855.xlsx,True,217,,,,,,,,,,,,,,,,,,
D:\My-data\Share_P&L\Ichart Data\Screenshot\August26\2026-08-25\IVR-IVP_25AUG26_Report_2026-08-25_134203.xlsx,True,217,,,,,,,,,,,,,,,,,,
D:\My-data\Share_P&L\Ichart Data\Screenshot\August26\2026-08-25\IVR-IVP_25AUG26_Report_2026-08-25_134518.xlsx,True,217,,,,,,,,,,,,,,,,,,
D:\My-data\Share_P&L\Ichart Data\Screenshot\August26\2026-08-25\IVR-IVP_25AUG26_Report_2026-08-25_134829.xlsx,True,217,,,,,,,,,,,,,,,,,,
D:\My-data\Share_P&L\Ichart Data\Screenshot\August26\2026-08-25\IVR-IVP_25AUG26_Report_2026-08-25_135137.xlsx,True,217,,,,,,,,,,,,,,,,,,
D:\My-data\Share_P&L\Ichart Data\Screenshot\August26\2026-08-25\IVR-IVP_25AUG26_Report_2026-08-25_135446.xlsx,True,217,,,,,,,,,,,,,,,,,,
D:\My-data\Share_P&L\Ichart Data\Screenshot\August26\2026-08-25\IVR-IVP_25AUG26_Report_2026-08-25_135755.xlsx,True,217,,,,,,,,,,,,,,,,,,
D:\My-data\Share_P&L\Ichart Data\Screenshot\August26\2026-08-25\IVR-IVP_25AUG26_Report_2026-08-25_140102.xlsx,True,217,,,,,,,,,,,,,,,,,,
D:\My-data\Share_P&L\Ichart Data\Screenshot\August26\2026-08-25\IVR-IVP_25AUG26_Report_2026-08-25_140410.xlsx,True,217,,,,,,,,,,,,,,,,,,
D:\My-data\Share_P&L\Ichart Data\Screenshot\August26\2026-08-25\IVR-IVP_25AUG26_Report_2026-08-25_140718.xlsx,True,217,,,,,,,,,,,,,,,,,,
D:\My-data\Share_P&L\Ichart Data\Screenshot\August26\2026-08-25\IVR-IVP_25AUG26_Report_2026-08-25_141027.xlsx,True,217,,,,,,,,,,,,,,,,,,
D:\My-data\Share_P&L\Ichart Data\Screenshot\August26\2026-08-25\IVR-IVP_25AUG26_Report_2026-08-25_141341.xlsx,True,217,,,,,,,,,,,,,,,,,,
D:\My-data\Share_P&L\Ichart Data\Screenshot\August26\2026-08-25\IVR-IVP_25AUG26_Report_2026-08-25_141649.xlsx,True,217,,,,,,,,,,,,,,,,,,
D:\My-data\Share_P&L\Ichart Data\Screenshot\August26\2026-08-25\IVR-IVP_25AUG26_Report_2026-08-25_141958.xlsx,True,217,,,,,,,,,,,,,,,,,,
D:\My-data\Share_P&L\Ichart Data\Screenshot\August26\2026-08-25\IVR-IVP_25AUG26_Report_2026-08-25_142306.xlsx,True,217,,,,,,,,,,,,,,,,,,
D:\My-data\Share_P&L\Ichart Data\Screenshot\August26\2026-08-25\IVR-IVP_25AUG26_Report_2026-08-25_142617.xlsx,True,217,,,,,,,,,,,,,,,,,,
D:\My-data\Share_P&L\Ichart Data\Screenshot\August26\2026-08-25\IVR-IVP_25AUG26_Report_2026-08-25_142929.xlsx,True,218,,,,,,,,,,,,,,,,,,
D:\My-data\Share_P&L\Ichart Data\Screenshot\August26\2026-08-25\IVR-IVP_25AUG26_Report_2026-08-25_143237.xlsx,True,218,,,,,,,,,,,,,,,,,,
D:\My-data\Share_P&L\Ichart Data\Screenshot\August26\2026-08-25\IVR-IVP_25AUG26_Report_2026-08-25_143547.xlsx,True,218,,,,,,,,,,,,,,,,,,
D:\My-data\Share_P&L\Ichart Data\Screenshot\August26\2026-08-25\Resistance_Resistance_25AUG26_Scan_25_8_2026.xlsx,True,78,Symbol,,,,,,,Price,,,Price Chg%,,,,,,,
D:\My-data\Share_P&L\Ichart Data\Screenshot\August26\2026-08-25\Resistance_Resistance_25AUG26_Scan_25_8_2026_092556.xlsx,True,77,Symbol,,,,,,,Price,,,Price Chg%,,,,,,,
D:\My-data\Share_P&L\Ichart Data\Screenshot\August26\2026-08-25\Resistance_Resistance_25AUG26_Scan_25_8_2026_093104.xlsx,True,73,Symbol,,,,,,,Price,,,Price Chg%,,,,,,,
D:\My-data\Share_P&L\Ichart Data\Screenshot\August26\2026-08-25\Resistance_Resistance_25AUG26_Scan_25_8_2026_093617.xlsx,True,77,Symbol,,,,,,,Price,,,Price Chg%,,,,,,,
D:\My-data\Share_P&L\Ichart Data\Screenshot\August26\2026-08-25\Resistance_Resistance_25AUG26_Scan_25_8_2026_094133.xlsx,True,72,Symbol,,,,,,,Price,,,Price Chg%,,,,,,,
D:\My-data\Share_P&L\Ichart Data\Screenshot\August26\2026-08-25\Resistance_Resistance_25AUG26_Scan_25_8_2026_094642.xlsx,True,74,Symbol,,,,,,,Price,,,Price Chg%,,,,,,,
D:\My-data\Share_P&L\Ichart Data\Screenshot\August26\2026-08-25\Resistance_Resistance_25AUG26_Scan_25_8_2026_095159.xlsx,True,71,Symbol,,,,,,,Price,,,Price Chg%,,,,,,,
D:\My-data\Share_P&L\Ichart Data\Screenshot\August26\2026-08-25\Resistance_Resistance_25AUG26_Scan_25_8_2026_095709.xlsx,True,73,Symbol,,,,,,,Price,,,Price Chg%,,,,,,,
D:\My-data\Share_P&L\Ichart Data\Screenshot\August26\2026-08-25\Resistance_Resistance_25AUG26_Scan_25_8_2026_100219.xlsx,True,71,Symbol,,,,,,,Price,,,Price Chg%,,,,,,,
D:\My-data\Share_P&L\Ichart Data\Screenshot\August26\2026-08-25\Resistance_Resistance_25AUG26_Scan_25_8_2026_100738.xlsx,True,72,Symbol,,,,,,,Price,,,Price Chg%,,,,,,,
D:\My-data\Share_P&L\Ichart Data\Screenshot\August26\2026-08-25\Resistance_Resistance_25AUG26_Scan_25_8_2026_101247.xlsx,True,72,Symbol,,,,,,,Price,,,Price Chg%,,,,,,,
D:\My-data\Share_P&L\Ichart Data\Screenshot\August26\2026-08-25\Resistance_Resistance_25AUG26_Scan_25_8_2026_101756.xlsx,True,71,Symbol,,,,,,,Price,,,Price Chg%,,,,,,,
D:\My-data\Share_P&L\Ichart Data\Screenshot\August26\2026-08-25\Resistance_Resistance_25AUG26_Scan_25_8_2026_102305.xlsx,True,72,Symbol,,,,,,,Price,,,Price Chg%,,,,,,,
D:\My-data\Share_P&L\Ichart Data\Screenshot\August26\2026-08-25\Resistance_Resistance_25AUG26_Scan_25_8_2026_102814.xlsx,True,70,Symbol,,,,,,,Price,,,Price Chg%,,,,,,,
D:\My-data\Share_P&L\Ichart Data\Screenshot\August26\2026-08-25\Resistance_Resistance_25AUG26_Scan_25_8_2026_103324.xlsx,True,71,Symbol,,,,,,,Price,,,Price Chg%,,,,,,,
D:\My-data\Share_P&L\Ichart Data\Screenshot\August26\2026-08-25\Resistance_Resistance_25AUG26_Scan_25_8_2026_103841.xlsx,True,70,Symbol,,,,,,,Price,,,Price Chg%,,,,,,,
D:\My-data\Share_P&L\Ichart Data\Screenshot\August26\2026-08-25\Resistance_Resistance_25AUG26_Scan_25_8_2026_104350.xlsx,True,65,Symbol,,,,,,,Price,,,Price Chg%,,,,,,,
D:\My-data\Share_P&L\Ichart Data\Screenshot\August26\2026-08-25\Resistance_Resistance_25AUG26_Scan_25_8_2026_104900.xlsx,True,71,Symbol,,,,,,,Price,,,Price Chg%,,,,,,,
D:\My-data\Share_P&L\Ichart Data\Screenshot\August26\2026-08-25\Resistance_Resistance_25AUG26_Scan_25_8_2026_105410.xlsx,True,73,Symbol,,,,,,,Price,,,Price Chg%,,,,,,,
D:\My-data\Share_P&L\Ichart Data\Screenshot\August26\2026-08-25\Resistance_Resistance_25AUG26_Scan_25_8_2026_105920.xlsx,True,70,Symbol,,,,,,,Price,,,Price Chg%,,,,,,,
D:\My-data\Share_P&L\Ichart Data\Screenshot\August26\2026-08-25\Resistance_Resistance_25AUG26_Scan_25_8_2026_110430.xlsx,True,72,Symbol,,,,,,,Price,,,Price Chg%,,,,,,,
D:\My-data\Share_P&L\Ichart Data\Screenshot\August26\2026-08-25\Resistance_Resistance_25AUG26_Scan_25_8_2026_110938.xlsx,True,73,Symbol,,,,,,,Price,,,Price Chg%,,,,,,,
D:\My-data\Share_P&L\Ichart Data\Screenshot\August26\2026-08-25\Resistance_Resistance_25AUG26_Scan_25_8_2026_111448.xlsx,True,70,Symbol,,,,,,,Price,,,Price Chg%,,,,,,,
D:\My-data\Share_P&L\Ichart Data\Screenshot\August26\2026-08-25\Resistance_Resistance_25AUG26_Scan_25_8_2026_111959.xlsx,True,69,Symbol,,,,,,,Price,,,Price Chg%,,,,,,,
D:\My-data\Share_P&L\Ichart Data\Screenshot\August26\2026-08-25\Resistance_Resistance_25AUG26_Scan_25_8_2026_112508.xlsx,True,73,Symbol,,,,,,,Price,,,Price Chg%,,,,,,,
D:\My-data\Share_P&L\Ichart Data\Screenshot\August26\2026-08-25\Resistance_Resistance_25AUG26_Scan_25_8_2026_113018.xlsx,True,73,Symbol,,,,,,,Price,,,Price Chg%,,,,,,,
D:\My-data\Share_P&L\Ichart Data\Screenshot\August26\2026-08-25\Resistance_Resistance_25AUG26_Scan_25_8_2026_113527.xlsx,True,73,Symbol,,,,,,,Price,,,Price Chg%,,,,,,,
D:\My-data\Share_P&L\Ichart Data\Screenshot\August26\2026-08-25\Resistance_Resistance_25AUG26_Scan_25_8_2026_114037.xlsx,True,72,Symbol,,,,,,,Price,,,Price Chg%,,,,,,,
D:\My-data\Share_P&L\Ichart Data\Screenshot\August26\2026-08-25\Resistance_Resistance_25AUG26_Scan_25_8_2026_114546.xlsx,True,72,Symbol,,,,,,,Price,,,Price Chg%,,,,,,,
D:\My-data\Share_P&L\Ichart Data\Screenshot\August26\2026-08-25\Resistance_Resistance_25AUG26_Scan_25_8_2026_115104.xlsx,True,72,Symbol,,,,,,,Price,,,Price Chg%,,,,,,,
D:\My-data\Share_P&L\Ichart Data\Screenshot\August26\2026-08-25\Resistance_Resistance_25AUG26_Scan_25_8_2026_115614.xlsx,True,72,Symbol,,,,,,,Price,,,Price Chg%,,,,,,,
D:\My-data\Share_P&L\Ichart Data\Screenshot\August26\2026-08-25\Resistance_Resistance_25AUG26_Scan_25_8_2026_120125.xlsx,True,74,Symbol,,,,,,,Price,,,Price Chg%,,,,,,,
D:\My-data\Share_P&L\Ichart Data\Screenshot\August26\2026-08-25\Resistance_Resistance_25AUG26_Scan_25_8_2026_120637.xlsx,True,74,Symbol,,,,,,,Price,,,Price Chg%,,,,,,,
D:\My-data\Share_P&L\Ichart Data\Screenshot\August26\2026-08-25\Resistance_Resistance_25AUG26_Scan_25_8_2026_121147.xlsx,True,75,Symbol,,,,,,,Price,,,Price Chg%,,,,,,,
D:\My-data\Share_P&L\Ichart Data\Screenshot\August26\2026-08-25\Resistance_Resistance_25AUG26_Scan_25_8_2026_121657.xlsx,True,74,Symbol,,,,,,,Price,,,Price Chg%,,,,,,,
D:\My-data\Share_P&L\Ichart Data\Screenshot\August26\2026-08-25\Resistance_Resistance_25AUG26_Scan_25_8_2026_122207.xlsx,True,71,Symbol,,,,,,,Price,,,Price Chg%,,,,,,,
D:\My-data\Share_P&L\Ichart Data\Screenshot\August26\2026-08-25\Resistance_Resistance_25AUG26_Scan_25_8_2026_122717.xlsx,True,66,Symbol,,,,,,,Price,,,Price Chg%,,,,,,,
D:\My-data\Share_P&L\Ichart Data\Screenshot\August26\2026-08-25\Resistance_Resistance_25AUG26_Scan_25_8_2026_123235.xlsx,True,66,Symbol,,,,,,,Price,,,Price Chg%,,,,,,,
D:\My-data\Share_P&L\Ichart Data\Screenshot\August26\2026-08-25\Resistance_Resistance_25AUG26_Scan_25_8_2026_123746.xlsx,True,66,Symbol,,,,,,,Price,,,Price Chg%,,,,,,,
D:\My-data\Share_P&L\Ichart Data\Screenshot\August26\2026-08-25\Resistance_Resistance_25AUG26_Scan_25_8_2026_124257.xlsx,True,65,Symbol,,,,,,,Price,,,Price Chg%,,,,,,,
D:\My-data\Share_P&L\Ichart Data\Screenshot\August26\2026-08-25\Resistance_Resistance_25AUG26_Scan_25_8_2026_124807.xlsx,True,67,Symbol,,,,,,,Price,,,Price Chg%,,,,,,,
D:\My-data\Share_P&L\Ichart Data\Screenshot\August26\2026-08-25\Resistance_Resistance_25AUG26_Scan_25_8_2026_125316.xlsx,True,66,Symbol,,,,,,,Price,,,Price Chg%,,,,,,,
D:\My-data\Share_P&L\Ichart Data\Screenshot\August26\2026-08-25\Resistance_Resistance_25AUG26_Scan_25_8_2026_125826.xlsx,True,64,Symbol,,,,,,,Price,,,Price Chg%,,,,,,,
D:\My-data\Share_P&L\Ichart Data\Screenshot\August26\2026-08-25\Resistance_Resistance_25AUG26_Scan_25_8_2026_130338.xlsx,True,74,Symbol,,,,,,,Price,,,Price Chg%,,,,,,,
D:\My-data\Share_P&L\Ichart Data\Screenshot\August26\2026-08-25\Resistance_Resistance_25AUG26_Scan_25_8_2026_130847.xlsx,True,64,Symbol,,,,,,,Price,,,Price Chg%,,,,,,,
D:\My-data\Share_P&L\Ichart Data\Screenshot\August26\2026-08-25\Resistance_Resistance_25AUG26_Scan_25_8_2026_131359.xlsx,True,69,Symbol,,,,,,,Price,,,Price Chg%,,,,,,,
D:\My-data\Share_P&L\Ichart Data\Screenshot\August26\2026-08-25\Resistance_Resistance_25AUG26_Scan_25_8_2026_131909.xlsx,True,65,Symbol,,,,,,,Price,,,Price Chg%,,,,,,,
D:\My-data\Share_P&L\Ichart Data\Screenshot\August26\2026-08-25\Resistance_Resistance_25AUG26_Scan_25_8_2026_132419.xlsx,True,66,Symbol,,,,,,,Price,,,Price Chg%,,,,,,,
D:\My-data\Share_P&L\Ichart Data\Screenshot\August26\2026-08-25\Resistance_Resistance_25AUG26_Scan_25_8_2026_132933.xlsx,True,64,Symbol,,,,,,,Price,,,Price Chg%,,,,,,,
D:\My-data\Share_P&L\Ichart Data\Screenshot\August26\2026-08-25\Resistance_Resistance_25AUG26_Scan_25_8_2026_133443.xlsx,True,63,Symbol,,,,,,,Price,,,Price Chg%,,,,,,,
D:\My-data\Share_P&L\Ichart Data\Screenshot\August26\2026-08-25\Resistance_Resistance_25AUG26_Scan_25_8_2026_133953.xlsx,True,62,Symbol,,,,,,,Price,,,Price Chg%,,,,,,,
D:\My-data\Share_P&L\Ichart Data\Screenshot\August26\2026-08-25\Resistance_Resistance_25AUG26_Scan_25_8_2026_134503.xlsx,True,61,Symbol,,,,,,,Price,,,Price Chg%,,,,,,,
D:\My-data\Share_P&L\Ichart Data\Screenshot\August26\2026-08-25\Resistance_Resistance_25AUG26_Scan_25_8_2026_135013.xlsx,True,62,Symbol,,,,,,,Price,,,Price Chg%,,,,,,,
D:\My-data\Share_P&L\Ichart Data\Screenshot\August26\2026-08-25\Resistance_Resistance_25AUG26_Scan_25_8_2026_135523.xlsx,True,61,Symbol,,,,,,,Price,,,Price Chg%,,,,,,,
D:\My-data\Share_P&L\Ichart Data\Screenshot\August26\2026-08-25\Resistance_Resistance_25AUG26_Scan_25_8_2026_140033.xlsx,True,56,Symbol,,,,,,,Price,,,Price Chg%,,,,,,,
D:\My-data\Share_P&L\Ichart Data\Screenshot\August26\2026-08-25\Resistance_Resistance_25AUG26_Scan_25_8_2026_140543.xlsx,True,60,Symbol,,,,,,,Price,,,Price Chg%,,,,,,,
D:\My-data\Share_P&L\Ichart Data\Screenshot\August26\2026-08-25\Resistance_Resistance_25AUG26_Scan_25_8_2026_141055.xlsx,True,58,Symbol,,,,,,,Price,,,Price Chg%,,,,,,,
D:\My-data\Share_P&L\Ichart Data\Screenshot\August26\2026-08-25\Resistance_Resistance_25AUG26_Scan_25_8_2026_141605.xlsx,True,59,Symbol,,,,,,,Price,,,Price Chg%,,,,,,,
D:\My-data\Share_P&L\Ichart Data\Screenshot\August26\2026-08-25\Resistance_Resistance_25AUG26_Scan_25_8_2026_142115.xlsx,True,61,Symbol,,,,,,,Price,,,Price Chg%,,,,,,,
D:\My-data\Share_P&L\Ichart Data\Screenshot\August26\2026-08-25\Resistance_Resistance_25AUG26_Scan_25_8_2026_142634.xlsx,True,59,Symbol,,,,,,,Price,,,Price Chg%,,,,,,,
D:\My-data\Share_P&L\Ichart Data\Screenshot\August26\2026-08-25\Resistance_Resistance_25AUG26_Scan_25_8_2026_143152.xlsx,True,63,Symbol,,,,,,,Price,,,Price Chg%,,,,,,,
D:\My-data\Share_P&L\Ichart Data\Screenshot\August26\2026-08-25\Resistance_Resistance_25AUG26_Scan_25_8_2026_143702.xlsx,True,63,Symbol,,,,,,,Price,,,Price Chg%,,,,,,,
D:\My-data\Share_P&L\Ichart Data\Screenshot\August26\2026-08-25\Sector_Summary_25AUG26_Report_25_8_2026.xlsx,True,49,,,,,,,,,,,Price chg (%),OI chg (%),,,,,Volume chg (%),Buildup
D:\My-data\Share_P&L\Ichart Data\Screenshot\August26\2026-08-25\Sector_Summary_25AUG26_Report_25_8_2026_092529.xlsx,True,48,,,,,,,,,,,Price chg (%),OI chg (%),,,,,Volume chg (%),Buildup
D:\My-data\Share_P&L\Ichart Data\Screenshot\August26\2026-08-25\Sector_Summary_25AUG26_Report_25_8_2026_093036.xlsx,True,48,,,,,,,,,,,Price chg (%),OI chg (%),,,,,Volume chg (%),Buildup
D:\My-data\Share_P&L\Ichart Data\Screenshot\August26\2026-08-25\Sector_Summary_25AUG26_Report_25_8_2026_093543.xlsx,True,49,,,,,,,,,,,Price chg (%),OI chg (%),,,,,Volume chg (%),Buildup
D:\My-data\Share_P&L\Ichart Data\Screenshot\August26\2026-08-25\Sector_Summary_25AUG26_Report_25_8_2026_094049.xlsx,True,49,,,,,,,,,,,Price chg (%),OI chg (%),,,,,Volume chg (%),Buildup
D:\My-data\Share_P&L\Ichart Data\Screenshot\August26\2026-08-25\Sector_Summary_25AUG26_Report_25_8_2026_094556.xlsx,True,49,,,,,,,,,,,Price chg (%),OI chg (%),,,,,Volume chg (%),Buildup
D:\My-data\Share_P&L\Ichart Data\Screenshot\August26\2026-08-25\Sector_Summary_25AUG26_Report_25_8_2026_095103.xlsx,True,49,,,,,,,,,,,Price chg (%),OI chg (%),,,,,Volume chg (%),Buildup
D:\My-data\Share_P&L\Ichart Data\Screenshot\August26\2026-08-25\Sector_Summary_25AUG26_Report_25_8_2026_095609.xlsx,True,47,,,,,,,,,,,Price chg (%),OI chg (%),,,,,Volume chg (%),Buildup
D:\My-data\Share_P&L\Ichart Data\Screenshot\August26\2026-08-25\Sector_Summary_25AUG26_Report_25_8_2026_100119.xlsx,True,48,,,,,,,,,,,Price chg (%),OI chg (%),,,,,Volume chg (%),Buildup
D:\My-data\Share_P&L\Ichart Data\Screenshot\August26\2026-08-25\Sector_Summary_25AUG26_Report_25_8_2026_100626.xlsx,True,49,,,,,,,,,,,Price chg (%),OI chg (%),,,,,Volume chg (%),Buildup
D:\My-data\Share_P&L\Ichart Data\Screenshot\August26\2026-08-25\Sector_Summary_25AUG26_Report_25_8_2026_101133.xlsx,True,49,,,,,,,,,,,Price chg (%),OI chg (%),,,,,Volume chg (%),Buildup
D:\My-data\Share_P&L\Ichart Data\Screenshot\August26\2026-08-25\Sector_Summary_25AUG26_Report_25_8_2026_101644.xlsx,True,49,,,,,,,,,,,Price chg (%),OI chg (%),,,,,Volume chg (%),Buildup
D:\My-data\Share_P&L\Ichart Data\Screenshot\August26\2026-08-25\Sector_Summary_25AUG26_Report_25_8_2026_102151.xlsx,True,49,,,,,,,,,,,Price chg (%),OI chg (%),,,,,Volume chg (%),Buildup
D:\My-data\Share_P&L\Ichart Data\Screenshot\August26\2026-08-25\Sector_Summary_25AUG26_Report_25_8_2026_102657.xlsx,True,49,,,,,,,,,,,Price chg (%),OI chg (%),,,,,Volume chg (%),Buildup
D:\My-data\Share_P&L\Ichart Data\Screenshot\August26\2026-08-25\Sector_Summary_25AUG26_Report_25_8_2026_103203.xlsx,True,49,,,,,,,,,,,Price chg (%),OI chg (%),,,,,Volume chg (%),Buildup
D:\My-data\Share_P&L\Ichart Data\Screenshot\August26\2026-08-25\Sector_Summary_25AUG26_Report_25_8_2026_103710.xlsx,True,49,,,,,,,,,,,Price chg (%),OI chg (%),,,,,Volume chg (%),Buildup
D:\My-data\Share_P&L\Ichart Data\Screenshot\August26\2026-08-25\Sector_Summary_25AUG26_Report_25_8_2026_104221.xlsx,True,48,,,,,,,,,,,Price chg (%),OI chg (%),,,,,Volume chg (%),Buildup
D:\My-data\Share_P&L\Ichart Data\Screenshot\August26\2026-08-25\Sector_Summary_25AUG26_Report_25_8_2026_104727.xlsx,True,49,,,,,,,,,,,Price chg (%),OI chg (%),,,,,Volume chg (%),Buildup
D:\My-data\Share_P&L\Ichart Data\Screenshot\August26\2026-08-25\Sector_Summary_25AUG26_Report_25_8_2026_105238.xlsx,True,49,,,,,,,,,,,Price chg (%),OI chg (%),,,,,Volume chg (%),Buildup
D:\My-data\Share_P&L\Ichart Data\Screenshot\August26\2026-08-25\Sector_Summary_25AUG26_Report_25_8_2026_105744.xlsx,True,48,,,,,,,,,,,Price chg (%),OI chg (%),,,,,Volume chg (%),Buildup
D:\My-data\Share_P&L\Ichart Data\Screenshot\August26\2026-08-25\Sector_Summary_25AUG26_Report_25_8_2026_110251.xlsx,True,49,,,,,,,,,,,Price chg (%),OI chg (%),,,,,Volume chg (%),Buildup
D:\My-data\Share_P&L\Ichart Data\Screenshot\August26\2026-08-25\Sector_Summary_25AUG26_Report_25_8_2026_110758.xlsx,True,49,,,,,,,,,,,Price chg (%),OI chg (%),,,,,Volume chg (%),Buildup
D:\My-data\Share_P&L\Ichart Data\Screenshot\August26\2026-08-25\Sector_Summary_25AUG26_Report_25_8_2026_111312.xlsx,True,49,,,,,,,,,,,Price chg (%),OI chg (%),,,,,Volume chg (%),Buildup
D:\My-data\Share_P&L\Ichart Data\Screenshot\August26\2026-08-25\Sector_Summary_25AUG26_Report_25_8_2026_111818.xlsx,True,49,,,,,,,,,,,Price chg (%),OI chg (%),,,,,Volume chg (%),Buildup
D:\My-data\Share_P&L\Ichart Data\Screenshot\August26\2026-08-25\Sector_Summary_25AUG26_Report_25_8_2026_112325.xlsx,True,48,,,,,,,,,,,Price chg (%),OI chg (%),,,,,Volume chg (%),Buildup
D:\My-data\Share_P&L\Ichart Data\Screenshot\August26\2026-08-25\Sector_Summary_25AUG26_Report_25_8_2026_112831.xlsx,True,49,,,,,,,,,,,Price chg (%),OI chg (%),,,,,Volume chg (%),Buildup
D:\My-data\Share_P&L\Ichart Data\Screenshot\August26\2026-08-25\Sector_Summary_25AUG26_Report_25_8_2026_113337.xlsx,True,49,,,,,,,,,,,Price chg (%),OI chg (%),,,,,Volume chg (%),Buildup
D:\My-data\Share_P&L\Ichart Data\Screenshot\August26\2026-08-25\Sector_Summary_25AUG26_Report_25_8_2026_113847.xlsx,True,49,,,,,,,,,,,Price chg (%),OI chg (%),,,,,Volume chg (%),Buildup
D:\My-data\Share_P&L\Ichart Data\Screenshot\August26\2026-08-25\Sector_Summary_25AUG26_Report_25_8_2026_114354.xlsx,True,49,,,,,,,,,,,Price chg (%),OI chg (%),,,,,Volume chg (%),Buildup
D:\My-data\Share_P&L\Ichart Data\Screenshot\August26\2026-08-25\Sector_Summary_25AUG26_Report_25_8_2026_114900.xlsx,True,0,,,,,,,,,,,Price chg (%),OI chg (%),,,,,Volume chg (%),Buildup
D:\My-data\Share_P&L\Ichart Data\Screenshot\August26\2026-08-25\Sector_Summary_25AUG26_Report_25_8_2026_115410.xlsx,True,49,,,,,,,,,,,Price chg (%),OI chg (%),,,,,Volume chg (%),Buildup
D:\My-data\Share_P&L\Ichart Data\Screenshot\August26\2026-08-25\Sector_Summary_25AUG26_Report_25_8_2026_115918.xlsx,True,48,,,,,,,,,,,Price chg (%),OI chg (%),,,,,Volume chg (%),Buildup
D:\My-data\Share_P&L\Ichart Data\Screenshot\August26\2026-08-25\Sector_Summary_25AUG26_Report_25_8_2026_120502.xlsx,True,48,,,,,,,,,,,Price chg (%),OI chg (%),,,,,Volume chg (%),Buildup
D:\My-data\Share_P&L\Ichart Data\Screenshot\August26\2026-08-25\Sector_Summary_25AUG26_Report_25_8_2026_121011.xlsx,True,49,,,,,,,,,,,Price chg (%),OI chg (%),,,,,Volume chg (%),Buildup
D:\My-data\Share_P&L\Ichart Data\Screenshot\August26\2026-08-25\Sector_Summary_25AUG26_Report_25_8_2026_121522.xlsx,True,49,,,,,,,,,,,Price chg (%),OI chg (%),,,,,Volume chg (%),Buildup
D:\My-data\Share_P&L\Ichart Data\Screenshot\August26\2026-08-25\Sector_Summary_25AUG26_Report_25_8_2026_122034.xlsx,True,49,,,,,,,,,,,Price chg (%),OI chg (%),,,,,Volume chg (%),Buildup
D:\My-data\Share_P&L\Ichart Data\Screenshot\August26\2026-08-25\Sector_Summary_25AUG26_Report_25_8_2026_122541.xlsx,True,49,,,,,,,,,,,Price chg (%),OI chg (%),,,,,Volume chg (%),Buildup
D:\My-data\Share_P&L\Ichart Data\Screenshot\August26\2026-08-25\Sector_Summary_25AUG26_Report_25_8_2026_123048.xlsx,True,49,,,,,,,,,,,Price chg (%),OI chg (%),,,,,Volume chg (%),Buildup
D:\My-data\Share_P&L\Ichart Data\Screenshot\August26\2026-08-25\Sector_Summary_25AUG26_Report_25_8_2026_123557.xlsx,True,49,,,,,,,,,,,Price chg (%),OI chg (%),,,,,Volume chg (%),Buildup
D:\My-data\Share_P&L\Ichart Data\Screenshot\August26\2026-08-25\Sector_Summary_25AUG26_Report_25_8_2026_124104.xlsx,True,49,,,,,,,,,,,Price chg (%),OI chg (%),,,,,Volume chg (%),Buildup
D:\My-data\Share_P&L\Ichart Data\Screenshot\August26\2026-08-25\Sector_Summary_25AUG26_Report_25_8_2026_124611.xlsx,True,48,,,,,,,,,,,Price chg (%),OI chg (%),,,,,Volume chg (%),Buildup
D:\My-data\Share_P&L\Ichart Data\Screenshot\August26\2026-08-25\Sector_Summary_25AUG26_Report_25_8_2026_125117.xlsx,True,49,,,,,,,,,,,Price chg (%),OI chg (%),,,,,Volume chg (%),Buildup
D:\My-data\Share_P&L\Ichart Data\Screenshot\August26\2026-08-25\Sector_Summary_25AUG26_Report_25_8_2026_125624.xlsx,True,47,,,,,,,,,,,Price chg (%),OI chg (%),,,,,Volume chg (%),Buildup
D:\My-data\Share_P&L\Ichart Data\Screenshot\August26\2026-08-25\Sector_Summary_25AUG26_Report_25_8_2026_130130.xlsx,True,49,,,,,,,,,,,Price chg (%),OI chg (%),,,,,Volume chg (%),Buildup
D:\My-data\Share_P&L\Ichart Data\Screenshot\August26\2026-08-25\Sector_Summary_25AUG26_Report_25_8_2026_130637.xlsx,True,48,,,,,,,,,,,Price chg (%),OI chg (%),,,,,Volume chg (%),Buildup
D:\My-data\Share_P&L\Ichart Data\Screenshot\August26\2026-08-25\Sector_Summary_25AUG26_Report_25_8_2026_131143.xlsx,True,49,,,,,,,,,,,Price chg (%),OI chg (%),,,,,Volume chg (%),Buildup
D:\My-data\Share_P&L\Ichart Data\Screenshot\August26\2026-08-25\Sector_Summary_25AUG26_Report_25_8_2026_131657.xlsx,True,48,,,,,,,,,,,Price chg (%),OI chg (%),,,,,Volume chg (%),Buildup
D:\My-data\Share_P&L\Ichart Data\Screenshot\August26\2026-08-25\Sector_Summary_25AUG26_Report_25_8_2026_132204.xlsx,True,47,,,,,,,,,,,Price chg (%),OI chg (%),,,,,Volume chg (%),Buildup
D:\My-data\Share_P&L\Ichart Data\Screenshot\August26\2026-08-25\Sector_Summary_25AUG26_Report_25_8_2026_132712.xlsx,True,49,,,,,,,,,,,Price chg (%),OI chg (%),,,,,Volume chg (%),Buildup
D:\My-data\Share_P&L\Ichart Data\Screenshot\August26\2026-08-25\Sector_Summary_25AUG26_Report_25_8_2026_133219.xlsx,True,49,,,,,,,,,,,Price chg (%),OI chg (%),,,,,Volume chg (%),Buildup
D:\My-data\Share_P&L\Ichart Data\Screenshot\August26\2026-08-25\Sector_Summary_25AUG26_Report_25_8_2026_133726.xlsx,True,48,,,,,,,,,,,Price chg (%),OI chg (%),,,,,Volume chg (%),Buildup
D:\My-data\Share_P&L\Ichart Data\Screenshot\August26\2026-08-25\Sector_Summary_25AUG26_Report_25_8_2026_134233.xlsx,True,47,,,,,,,,,,,Price chg (%),OI chg (%),,,,,Volume chg (%),Buildup
D:\My-data\Share_P&L\Ichart Data\Screenshot\August26\2026-08-25\Sector_Summary_25AUG26_Report_25_8_2026_134739.xlsx,True,48,,,,,,,,,,,Price chg (%),OI chg (%),,,,,Volume chg (%),Buildup
D:\My-data\Share_P&L\Ichart Data\Screenshot\August26\2026-08-25\Sector_Summary_25AUG26_Report_25_8_2026_135246.xlsx,True,49,,,,,,,,,,,Price chg (%),OI chg (%),,,,,Volume chg (%),Buildup
D:\My-data\Share_P&L\Ichart Data\Screenshot\August26\2026-08-25\Sector_Summary_25AUG26_Report_25_8_2026_135801.xlsx,True,48,,,,,,,,,,,Price chg (%),OI chg (%),,,,,Volume chg (%),Buildup
D:\My-data\Share_P&L\Ichart Data\Screenshot\August26\2026-08-25\Sector_Summary_25AUG26_Report_25_8_2026_140308.xlsx,True,48,,,,,,,,,,,Price chg (%),OI chg (%),,,,,Volume chg (%),Buildup
D:\My-data\Share_P&L\Ichart Data\Screenshot\August26\2026-08-25\Sector_Summary_25AUG26_Report_25_8_2026_140815.xlsx,True,49,,,,,,,,,,,Price chg (%),OI chg (%),,,,,Volume chg (%),Buildup
D:\My-data\Share_P&L\Ichart Data\Screenshot\August26\2026-08-25\Sector_Summary_25AUG26_Report_25_8_2026_141322.xlsx,True,47,,,,,,,,,,,Price chg (%),OI chg (%),,,,,Volume chg (%),Buildup
D:\My-data\Share_P&L\Ichart Data\Screenshot\August26\2026-08-25\Sector_Summary_25AUG26_Report_25_8_2026_141829.xlsx,True,46,,,,,,,,,,,Price chg (%),OI chg (%),,,,,Volume chg (%),Buildup
D:\My-data\Share_P&L\Ichart Data\Screenshot\August26\2026-08-25\Sector_Summary_25AUG26_Report_25_8_2026_142336.xlsx,True,48,,,,,,,,,,,Price chg (%),OI chg (%),,,,,Volume chg (%),Buildup
D:\My-data\Share_P&L\Ichart Data\Screenshot\August26\2026-08-25\Sector_Summary_25AUG26_Report_25_8_2026_142842.xlsx,True,49,,,,,,,,,,,Price chg (%),OI chg (%),,,,,Volume chg (%),Buildup
D:\My-data\Share_P&L\Ichart Data\Screenshot\August26\2026-08-25\Sector_Summary_25AUG26_Report_25_8_2026_143349.xlsx,True,49,,,,,,,,,,,Price chg (%),OI chg (%),,,,,Volume chg (%),Buildup
D:\My-data\Share_P&L\Ichart Data\Screenshot\August26\2026-08-25\Support_Resistance_25AUG26_Scan_25_8_2026.xlsx,True,113,Symbol,,,,,,,Price,,,Price Chg%,,,,,,,
D:\My-data\Share_P&L\Ichart Data\Screenshot\August26\2026-08-25\Support_Resistance_25AUG26_Scan_25_8_2026_092448.xlsx,True,102,Symbol,,,,,,,Price,,,Price Chg%,,,,,,,
D:\My-data\Share_P&L\Ichart Data\Screenshot\August26\2026-08-25\Support_Resistance_25AUG26_Scan_25_8_2026_092857.xlsx,True,103,Symbol,,,,,,,Price,,,Price Chg%,,,,,,,
D:\My-data\Share_P&L\Ichart Data\Screenshot\August26\2026-08-25\Support_Resistance_25AUG26_Scan_25_8_2026_093306.xlsx,True,98,Symbol,,,,,,,Price,,,Price Chg%,,,,,,,
D:\My-data\Share_P&L\Ichart Data\Screenshot\August26\2026-08-25\Support_Resistance_25AUG26_Scan_25_8_2026_093716.xlsx,True,98,Symbol,,,,,,,Price,,,Price Chg%,,,,,,,
D:\My-data\Share_P&L\Ichart Data\Screenshot\August26\2026-08-25\Support_Resistance_25AUG26_Scan_25_8_2026_094124.xlsx,True,98,Symbol,,,,,,,Price,,,Price Chg%,,,,,,,
D:\My-data\Share_P&L\Ichart Data\Screenshot\August26\2026-08-25\Support_Resistance_25AUG26_Scan_25_8_2026_094542.xlsx,True,97,Symbol,,,,,,,Price,,,Price Chg%,,,,,,,
D:\My-data\Share_P&L\Ichart Data\Screenshot\August26\2026-08-25\Support_Resistance_25AUG26_Scan_25_8_2026_094952.xlsx,True,92,Symbol,,,,,,,Price,,,Price Chg%,,,,,,,
D:\My-data\Share_P&L\Ichart Data\Screenshot\August26\2026-08-25\Support_Resistance_25AUG26_Scan_25_8_2026_095402.xlsx,True,94,Symbol,,,,,,,Price,,,Price Chg%,,,,,,,
D:\My-data\Share_P&L\Ichart Data\Screenshot\August26\2026-08-25\Support_Resistance_25AUG26_Scan_25_8_2026_095814.xlsx,True,94,Symbol,,,,,,,Price,,,Price Chg%,,,,,,,
D:\My-data\Share_P&L\Ichart Data\Screenshot\August26\2026-08-25\Support_Resistance_25AUG26_Scan_25_8_2026_100228.xlsx,True,92,Symbol,,,,,,,Price,,,Price Chg%,,,,,,,
D:\My-data\Share_P&L\Ichart Data\Screenshot\August26\2026-08-25\Support_Resistance_25AUG26_Scan_25_8_2026_100636.xlsx,True,95,Symbol,,,,,,,Price,,,Price Chg%,,,,,,,
D:\My-data\Share_P&L\Ichart Data\Screenshot\August26\2026-08-25\Support_Resistance_25AUG26_Scan_25_8_2026_101046.xlsx,True,95,Symbol,,,,,,,Price,,,Price Chg%,,,,,,,
D:\My-data\Share_P&L\Ichart Data\Screenshot\August26\2026-08-25\Support_Resistance_25AUG26_Scan_25_8_2026_101455.xlsx,True,94,Symbol,,,,,,,Price,,,Price Chg%,,,,,,,
D:\My-data\Share_P&L\Ichart Data\Screenshot\August26\2026-08-25\Support_Resistance_25AUG26_Scan_25_8_2026_101905.xlsx,True,93,Symbol,,,,,,,Price,,,Price Chg%,,,,,,,
D:\My-data\Share_P&L\Ichart Data\Screenshot\August26\2026-08-25\Support_Resistance_25AUG26_Scan_25_8_2026_102324.xlsx,True,93,Symbol,,,,,,,Price,,,Price Chg%,,,,,,,
D:\My-data\Share_P&L\Ichart Data\Screenshot\August26\2026-08-25\Support_Resistance_25AUG26_Scan_25_8_2026_102731.xlsx,True,87,Symbol,,,,,,,Price,,,Price Chg%,,,,,,,
D:\My-data\Share_P&L\Ichart Data\Screenshot\August26\2026-08-25\Support_Resistance_25AUG26_Scan_25_8_2026_103140.xlsx,True,90,Symbol,,,,,,,Price,,,Price Chg%,,,,,,,
D:\My-data\Share_P&L\Ichart Data\Screenshot\August26\2026-08-25\Support_Resistance_25AUG26_Scan_25_8_2026_103555.xlsx,True,89,Symbol,,,,,,,Price,,,Price Chg%,,,,,,,
D:\My-data\Share_P&L\Ichart Data\Screenshot\August26\2026-08-25\Support_Resistance_25AUG26_Scan_25_8_2026_104005.xlsx,True,91,Symbol,,,,,,,Price,,,Price Chg%,,,,,,,
D:\My-data\Share_P&L\Ichart Data\Screenshot\August26\2026-08-25\Support_Resistance_25AUG26_Scan_25_8_2026_104414.xlsx,True,91,Symbol,,,,,,,Price,,,Price Chg%,,,,,,,
D:\My-data\Share_P&L\Ichart Data\Screenshot\August26\2026-08-25\Support_Resistance_25AUG26_Scan_25_8_2026_104822.xlsx,True,91,Symbol,,,,,,,Price,,,Price Chg%,,,,,,,
D:\My-data\Share_P&L\Ichart Data\Screenshot\August26\2026-08-25\Support_Resistance_25AUG26_Scan_25_8_2026_105231.xlsx,True,91,Symbol,,,,,,,Price,,,Price Chg%,,,,,,,
D:\My-data\Share_P&L\Ichart Data\Screenshot\August26\2026-08-25\Support_Resistance_25AUG26_Scan_25_8_2026_105642.xlsx,True,91,Symbol,,,,,,,Price,,,Price Chg%,,,,,,,
D:\My-data\Share_P&L\Ichart Data\Screenshot\August26\2026-08-25\Support_Resistance_25AUG26_Scan_25_8_2026_110054.xlsx,True,89,Symbol,,,,,,,Price,,,Price Chg%,,,,,,,
D:\My-data\Share_P&L\Ichart Data\Screenshot\August26\2026-08-25\Support_Resistance_25AUG26_Scan_25_8_2026_110503.xlsx,True,87,Symbol,,,,,,,Price,,,Price Chg%,,,,,,,
D:\My-data\Share_P&L\Ichart Data\Screenshot\August26\2026-08-25\Support_Resistance_25AUG26_Scan_25_8_2026_110912.xlsx,True,86,Symbol,,,,,,,Price,,,Price Chg%,,,,,,,
D:\My-data\Share_P&L\Ichart Data\Screenshot\August26\2026-08-25\Support_Resistance_25AUG26_Scan_25_8_2026_111329.xlsx,True,85,Symbol,,,,,,,Price,,,Price Chg%,,,,,,,
D:\My-data\Share_P&L\Ichart Data\Screenshot\August26\2026-08-25\Support_Resistance_25AUG26_Scan_25_8_2026_111738.xlsx,True,80,Symbol,,,,,,,Price,,,Price Chg%,,,,,,,
D:\My-data\Share_P&L\Ichart Data\Screenshot\August26\2026-08-25\Support_Resistance_25AUG26_Scan_25_8_2026_112148.xlsx,True,83,Symbol,,,,,,,Price,,,Price Chg%,,,,,,,
D:\My-data\Share_P&L\Ichart Data\Screenshot\August26\2026-08-25\Support_Resistance_25AUG26_Scan_25_8_2026_112559.xlsx,True,85,Symbol,,,,,,,Price,,,Price Chg%,,,,,,,
D:\My-data\Share_P&L\Ichart Data\Screenshot\August26\2026-08-25\Support_Resistance_25AUG26_Scan_25_8_2026_113007.xlsx,True,87,Symbol,,,,,,,Price,,,Price Chg%,,,,,,,
D:\My-data\Share_P&L\Ichart Data\Screenshot\August26\2026-08-25\Support_Resistance_25AUG26_Scan_25_8_2026_113417.xlsx,True,85,Symbol,,,,,,,Price,,,Price Chg%,,,,,,,
D:\My-data\Share_P&L\Ichart Data\Screenshot\August26\2026-08-25\Support_Resistance_25AUG26_Scan_25_8_2026_113831.xlsx,True,83,Symbol,,,,,,,Price,,,Price Chg%,,,,,,,
D:\My-data\Share_P&L\Ichart Data\Screenshot\August26\2026-08-25\Support_Resistance_25AUG26_Scan_25_8_2026_114241.xlsx,True,83,Symbol,,,,,,,Price,,,Price Chg%,,,,,,,
D:\My-data\Share_P&L\Ichart Data\Screenshot\August26\2026-08-25\Support_Resistance_25AUG26_Scan_25_8_2026_114651.xlsx,True,83,Symbol,,,,,,,Price,,,Price Chg%,,,,,,,
D:\My-data\Share_P&L\Ichart Data\Screenshot\August26\2026-08-25\Support_Resistance_25AUG26_Scan_25_8_2026_115121.xlsx,True,83,Symbol,,,,,,,Price,,,Price Chg%,,,,,,,
D:\My-data\Share_P&L\Ichart Data\Screenshot\August26\2026-08-25\Support_Resistance_25AUG26_Scan_25_8_2026_115529.xlsx,True,82,Symbol,,,,,,,Price,,,Price Chg%,,,,,,,
D:\My-data\Share_P&L\Ichart Data\Screenshot\August26\2026-08-25\Support_Resistance_25AUG26_Scan_25_8_2026_120906.xlsx,True,82,Symbol,,,,,,,Price,,,Price Chg%,,,,,,,
D:\My-data\Share_P&L\Ichart Data\Screenshot\August26\2026-08-25\Support_Resistance_25AUG26_Scan_25_8_2026_121323.xlsx,True,81,Symbol,,,,,,,Price,,,Price Chg%,,,,,,,
D:\My-data\Share_P&L\Ichart Data\Screenshot\August26\2026-08-25\Support_Resistance_25AUG26_Scan_25_8_2026_121743.xlsx,True,79,Symbol,,,,,,,Price,,,Price Chg%,,,,,,,
D:\My-data\Share_P&L\Ichart Data\Screenshot\August26\2026-08-25\Support_Resistance_25AUG26_Scan_25_8_2026_122151.xlsx,True,79,Symbol,,,,,,,Price,,,Price Chg%,,,,,,,
D:\My-data\Share_P&L\Ichart Data\Screenshot\August26\2026-08-25\Support_Resistance_25AUG26_Scan_25_8_2026_122602.xlsx,True,77,Symbol,,,,,,,Price,,,Price Chg%,,,,,,,
D:\My-data\Share_P&L\Ichart Data\Screenshot\August26\2026-08-25\Support_Resistance_25AUG26_Scan_25_8_2026_123010.xlsx,True,80,Symbol,,,,,,,Price,,,Price Chg%,,,,,,,
D:\My-data\Share_P&L\Ichart Data\Screenshot\August26\2026-08-25\Support_Resistance_25AUG26_Scan_25_8_2026_123419.xlsx,True,79,Symbol,,,,,,,Price,,,Price Chg%,,,,,,,
D:\My-data\Share_P&L\Ichart Data\Screenshot\August26\2026-08-25\Support_Resistance_25AUG26_Scan_25_8_2026_123829.xlsx,True,78,Symbol,,,,,,,Price,,,Price Chg%,,,,,,,
D:\My-data\Share_P&L\Ichart Data\Screenshot\August26\2026-08-25\Support_Resistance_25AUG26_Scan_25_8_2026_124238.xlsx,True,74,Symbol,,,,,,,Price,,,Price Chg%,,,,,,,
D:\My-data\Share_P&L\Ichart Data\Screenshot\August26\2026-08-25\Support_Resistance_25AUG26_Scan_25_8_2026_124647.xlsx,True,76,Symbol,,,,,,,Price,,,Price Chg%,,,,,,,
D:\My-data\Share_P&L\Ichart Data\Screenshot\August26\2026-08-25\Support_Resistance_25AUG26_Scan_25_8_2026_125056.xlsx,True,77,Symbol,,,,,,,Price,,,Price Chg%,,,,,,,
D:\My-data\Share_P&L\Ichart Data\Screenshot\August26\2026-08-25\Support_Resistance_25AUG26_Scan_25_8_2026_125509.xlsx,True,74,Symbol,,,,,,,Price,,,Price Chg%,,,,,,,
D:\My-data\Share_P&L\Ichart Data\Screenshot\August26\2026-08-25\Support_Resistance_25AUG26_Scan_25_8_2026_125920.xlsx,True,75,Symbol,,,,,,,Price,,,Price Chg%,,,,,,,
D:\My-data\Share_P&L\Ichart Data\Screenshot\August26\2026-08-25\Support_Resistance_25AUG26_Scan_25_8_2026_130328.xlsx,True,74,Symbol,,,,,,,Price,,,Price Chg%,,,,,,,
D:\My-data\Share_P&L\Ichart Data\Screenshot\August26\2026-08-25\Support_Resistance_25AUG26_Scan_25_8_2026_130739.xlsx,True,69,Symbol,,,,,,,Price,,,Price Chg%,,,,,,,
D:\My-data\Share_P&L\Ichart Data\Screenshot\August26\2026-08-25\Support_Resistance_25AUG26_Scan_25_8_2026_131155.xlsx,True,67,Symbol,,,,,,,Price,,,Price Chg%,,,,,,,
D:\My-data\Share_P&L\Ichart Data\Screenshot\August26\2026-08-25\Support_Resistance_25AUG26_Scan_25_8_2026_131605.xlsx,True,66,Symbol,,,,,,,Price,,,Price Chg%,,,,,,,
D:\My-data\Share_P&L\Ichart Data\Screenshot\August26\2026-08-25\Support_Resistance_25AUG26_Scan_25_8_2026_132021.xlsx,True,65,Symbol,,,,,,,Price,,,Price Chg%,,,,,,,
D:\My-data\Share_P&L\Ichart Data\Screenshot\August26\2026-08-25\Support_Resistance_25AUG26_Scan_25_8_2026_132430.xlsx,True,65,Symbol,,,,,,,Price,,,Price Chg%,,,,,,,
D:\My-data\Share_P&L\Ichart Data\Screenshot\August26\2026-08-25\Support_Resistance_25AUG26_Scan_25_8_2026_132838.xlsx,True,69,Symbol,,,,,,,Price,,,Price Chg%,,,,,,,
D:\My-data\Share_P&L\Ichart Data\Screenshot\August26\2026-08-25\Support_Resistance_25AUG26_Scan_25_8_2026_133248.xlsx,True,68,Symbol,,,,,,,Price,,,Price Chg%,,,,,,,
D:\My-data\Share_P&L\Ichart Data\Screenshot\August26\2026-08-25\Support_Resistance_25AUG26_Scan_25_8_2026_133658.xlsx,True,68,Symbol,,,,,,,Price,,,Price Chg%,,,,,,,
D:\My-data\Share_P&L\Ichart Data\Screenshot\August26\2026-08-25\Support_Resistance_25AUG26_Scan_25_8_2026_134108.xlsx,True,65,Symbol,,,,,,,Price,,,Price Chg%,,,,,,,
D:\My-data\Share_P&L\Ichart Data\Screenshot\August26\2026-08-25\Support_Resistance_25AUG26_Scan_25_8_2026_134535.xlsx,True,64,Symbol,,,,,,,Price,,,Price Chg%,,,,,,,
D:\My-data\Share_P&L\Ichart Data\Screenshot\August26\2026-08-25\Support_Resistance_25AUG26_Scan_25_8_2026_134944.xlsx,True,65,Symbol,,,,,,,Price,,,Price Chg%,,,,,,,
D:\My-data\Share_P&L\Ichart Data\Screenshot\August26\2026-08-25\Support_Resistance_25AUG26_Scan_25_8_2026_135354.xlsx,True,64,Symbol,,,,,,,Price,,,Price Chg%,,,,,,,
D:\My-data\Share_P&L\Ichart Data\Screenshot\August26\2026-08-25\Support_Resistance_25AUG26_Scan_25_8_2026_135817.xlsx,True,67,Symbol,,,,,,,Price,,,Price Chg%,,,,,,,
D:\My-data\Share_P&L\Ichart Data\Screenshot\August26\2026-08-25\Support_Resistance_25AUG26_Scan_25_8_2026_140226.xlsx,True,64,Symbol,,,,,,,Price,,,Price Chg%,,,,,,,
D:\My-data\Share_P&L\Ichart Data\Screenshot\August26\2026-08-25\Support_Resistance_25AUG26_Scan_25_8_2026_140636.xlsx,True,63,Symbol,,,,,,,Price,,,Price Chg%,,,,,,,
D:\My-data\Share_P&L\Ichart Data\Screenshot\August26\2026-08-25\Support_Resistance_25AUG26_Scan_25_8_2026_141044.xlsx,True,62,Symbol,,,,,,,Price,,,Price Chg%,,,,,,,
D:\My-data\Share_P&L\Ichart Data\Screenshot\August26\2026-08-25\Support_Resistance_25AUG26_Scan_25_8_2026_141454.xlsx,True,61,Symbol,,,,,,,Price,,,Price Chg%,,,,,,,
D:\My-data\Share_P&L\Ichart Data\Screenshot\August26\2026-08-25\Support_Resistance_25AUG26_Scan_25_8_2026_141904.xlsx,True,61,Symbol,,,,,,,Price,,,Price Chg%,,,,,,,
D:\My-data\Share_P&L\Ichart Data\Screenshot\August26\2026-08-25\Support_Resistance_25AUG26_Scan_25_8_2026_142324.xlsx,True,61,Symbol,,,,,,,Price,,,Price Chg%,,,,,,,
D:\My-data\Share_P&L\Ichart Data\Screenshot\August26\2026-08-25\Support_Resistance_25AUG26_Scan_25_8_2026_142734.xlsx,True,63,Symbol,,,,,,,Price,,,Price Chg%,,,,,,,
D:\My-data\Share_P&L\Ichart Data\Screenshot\August26\2026-08-25\Support_Resistance_25AUG26_Scan_25_8_2026_143142.xlsx,True,65,Symbol,,,,,,,Price,,,Price Chg%,,,,,,,
D:\My-data\Share_P&L\Ichart Data\Screenshot\August26\2026-08-25\Support_Resistance_25AUG26_Scan_25_8_2026_143604.xlsx,True,64,Symbol,,,,,,,Price,,,Price Chg%,,,,,,,
D:\My-data\Share_P&L\Ichart Data\Screenshot\August26\2026-08-25\VolumeAndOISpikesScans_25AUG26_Report_25_8_2026.xlsx,True,217,Symbol,,,,,,,Price,,,Price chg (%),OI chg (%),,,,,Volume Chg (%),
D:\My-data\Share_P&L\Ichart Data\Screenshot\August26\2026-08-25\VolumeAndOISpikesScans_25AUG26_Report_25_8_2026_092336.xlsx,True,217,Symbol,,,,,,,Price,,,Price chg (%),OI chg (%),,,,,Volume Chg (%),
D:\My-data\Share_P&L\Ichart Data\Screenshot\August26\2026-08-25\VolumeAndOISpikesScans_25AUG26_Report_25_8_2026_092643.xlsx,True,217,Symbol,,,,,,,Price,,,Price chg (%),OI chg (%),,,,,Volume Chg (%),
D:\My-data\Share_P&L\Ichart Data\Screenshot\August26\2026-08-25\VolumeAndOISpikesScans_25AUG26_Report_25_8_2026_092949.xlsx,True,217,Symbol,,,,,,,Price,,,Price chg (%),OI chg (%),,,,,Volume Chg (%),
D:\My-data\Share_P&L\Ichart Data\Screenshot\August26\2026-08-25\VolumeAndOISpikesScans_25AUG26_Report_25_8_2026_093257.xlsx,True,217,Symbol,,,,,,,Price,,,Price chg (%),OI chg (%),,,,,Volume Chg (%),
D:\My-data\Share_P&L\Ichart Data\Screenshot\August26\2026-08-25\VolumeAndOISpikesScans_25AUG26_Report_25_8_2026_093608.xlsx,True,217,Symbol,,,,,,,Price,,,Price chg (%),OI chg (%),,,,,Volume Chg (%),
D:\My-data\Share_P&L\Ichart Data\Screenshot\August26\2026-08-25\VolumeAndOISpikesScans_25AUG26_Report_25_8_2026_093915.xlsx,True,217,Symbol,,,,,,,Price,,,Price chg (%),OI chg (%),,,,,Volume Chg (%),
D:\My-data\Share_P&L\Ichart Data\Screenshot\August26\2026-08-25\VolumeAndOISpikesScans_25AUG26_Report_25_8_2026_094224.xlsx,True,217,Symbol,,,,,,,Price,,,Price chg (%),OI chg (%),,,,,Volume Chg (%),
D:\My-data\Share_P&L\Ichart Data\Screenshot\August26\2026-08-25\VolumeAndOISpikesScans_25AUG26_Report_25_8_2026_094533.xlsx,True,217,Symbol,,,,,,,Price,,,Price chg (%),OI chg (%),,,,,Volume Chg (%),
D:\My-data\Share_P&L\Ichart Data\Screenshot\August26\2026-08-25\VolumeAndOISpikesScans_25AUG26_Report_25_8_2026_094841.xlsx,True,217,Symbol,,,,,,,Price,,,Price chg (%),OI chg (%),,,,,Volume Chg (%),
D:\My-data\Share_P&L\Ichart Data\Screenshot\August26\2026-08-25\VolumeAndOISpikesScans_25AUG26_Report_25_8_2026_095149.xlsx,True,217,Symbol,,,,,,,Price,,,Price chg (%),OI chg (%),,,,,Volume Chg (%),
D:\My-data\Share_P&L\Ichart Data\Screenshot\August26\2026-08-25\VolumeAndOISpikesScans_25AUG26_Report_25_8_2026_095457.xlsx,True,217,Symbol,,,,,,,Price,,,Price chg (%),OI chg (%),,,,,Volume Chg (%),
D:\My-data\Share_P&L\Ichart Data\Screenshot\August26\2026-08-25\VolumeAndOISpikesScans_25AUG26_Report_25_8_2026_095804.xlsx,True,217,Symbol,,,,,,,Price,,,Price chg (%),OI chg (%),,,,,Volume Chg (%),
D:\My-data\Share_P&L\Ichart Data\Screenshot\August26\2026-08-25\VolumeAndOISpikesScans_25AUG26_Report_25_8_2026_100113.xlsx,True,217,Symbol,,,,,,,Price,,,Price chg (%),OI chg (%),,,,,Volume Chg (%),
D:\My-data\Share_P&L\Ichart Data\Screenshot\August26\2026-08-25\VolumeAndOISpikesScans_25AUG26_Report_25_8_2026_100421.xlsx,True,217,Symbol,,,,,,,Price,,,Price chg (%),OI chg (%),,,,,Volume Chg (%),
D:\My-data\Share_P&L\Ichart Data\Screenshot\August26\2026-08-25\VolumeAndOISpikesScans_25AUG26_Report_25_8_2026_100729.xlsx,True,217,Symbol,,,,,,,Price,,,Price chg (%),OI chg (%),,,,,Volume Chg (%),
D:\My-data\Share_P&L\Ichart Data\Screenshot\August26\2026-08-25\VolumeAndOISpikesScans_25AUG26_Report_25_8_2026_101037.xlsx,True,217,Symbol,,,,,,,Price,,,Price chg (%),OI chg (%),,,,,Volume Chg (%),
D:\My-data\Share_P&L\Ichart Data\Screenshot\August26\2026-08-25\VolumeAndOISpikesScans_25AUG26_Report_25_8_2026_101345.xlsx,True,217,Symbol,,,,,,,Price,,,Price chg (%),OI chg (%),,,,,Volume Chg (%),
D:\My-data\Share_P&L\Ichart Data\Screenshot\August26\2026-08-25\VolumeAndOISpikesScans_25AUG26_Report_25_8_2026_101659.xlsx,True,217,Symbol,,,,,,,Price,,,Price chg (%),OI chg (%),,,,,Volume Chg (%),
D:\My-data\Share_P&L\Ichart Data\Screenshot\August26\2026-08-25\VolumeAndOISpikesScans_25AUG26_Report_25_8_2026_102006.xlsx,True,217,Symbol,,,,,,,Price,,,Price chg (%),OI chg (%),,,,,Volume Chg (%),
D:\My-data\Share_P&L\Ichart Data\Screenshot\August26\2026-08-25\VolumeAndOISpikesScans_25AUG26_Report_25_8_2026_102331.xlsx,True,217,Symbol,,,,,,,Price,,,Price chg (%),OI chg (%),,,,,Volume Chg (%),
D:\My-data\Share_P&L\Ichart Data\Screenshot\August26\2026-08-25\VolumeAndOISpikesScans_25AUG26_Report_25_8_2026_102637.xlsx,True,217,Symbol,,,,,,,Price,,,Price chg (%),OI chg (%),,,,,Volume Chg (%),
D:\My-data\Share_P&L\Ichart Data\Screenshot\August26\2026-08-25\VolumeAndOISpikesScans_25AUG26_Report_25_8_2026_102945.xlsx,True,217,Symbol,,,,,,,Price,,,Price chg (%),OI chg (%),,,,,Volume Chg (%),
D:\My-data\Share_P&L\Ichart Data\Screenshot\August26\2026-08-25\VolumeAndOISpikesScans_25AUG26_Report_25_8_2026_103251.xlsx,True,217,Symbol,,,,,,,Price,,,Price chg (%),OI chg (%),,,,,Volume Chg (%),
D:\My-data\Share_P&L\Ichart Data\Screenshot\August26\2026-08-25\VolumeAndOISpikesScans_25AUG26_Report_25_8_2026_103601.xlsx,True,217,Symbol,,,,,,,Price,,,Price chg (%),OI chg (%),,,,,Volume Chg (%),
D:\My-data\Share_P&L\Ichart Data\Screenshot\August26\2026-08-25\VolumeAndOISpikesScans_25AUG26_Report_25_8_2026_103907.xlsx,True,217,Symbol,,,,,,,Price,,,Price chg (%),OI chg (%),,,,,Volume Chg (%),
D:\My-data\Share_P&L\Ichart Data\Screenshot\August26\2026-08-25\VolumeAndOISpikesScans_25AUG26_Report_25_8_2026_104214.xlsx,True,217,Symbol,,,,,,,Price,,,Price chg (%),OI chg (%),,,,,Volume Chg (%),
D:\My-data\Share_P&L\Ichart Data\Screenshot\August26\2026-08-25\VolumeAndOISpikesScans_25AUG26_Report_25_8_2026_104520.xlsx,True,217,Symbol,,,,,,,Price,,,Price chg (%),OI chg (%),,,,,Volume Chg (%),
D:\My-data\Share_P&L\Ichart Data\Screenshot\August26\2026-08-25\VolumeAndOISpikesScans_25AUG26_Report_25_8_2026_104829.xlsx,True,217,Symbol,,,,,,,Price,,,Price chg (%),OI chg (%),,,,,Volume Chg (%),
D:\My-data\Share_P&L\Ichart Data\Screenshot\August26\2026-08-25\VolumeAndOISpikesScans_25AUG26_Report_25_8_2026_105136.xlsx,True,217,Symbol,,,,,,,Price,,,Price chg (%),OI chg (%),,,,,Volume Chg (%),
D:\My-data\Share_P&L\Ichart Data\Screenshot\August26\2026-08-25\VolumeAndOISpikesScans_25AUG26_Report_25_8_2026_105443.xlsx,True,217,Symbol,,,,,,,Price,,,Price chg (%),OI chg (%),,,,,Volume Chg (%),
D:\My-data\Share_P&L\Ichart Data\Screenshot\August26\2026-08-25\VolumeAndOISpikesScans_25AUG26_Report_25_8_2026_105751.xlsx,True,217,Symbol,,,,,,,Price,,,Price chg (%),OI chg (%),,,,,Volume Chg (%),
D:\My-data\Share_P&L\Ichart Data\Screenshot\August26\2026-08-25\VolumeAndOISpikesScans_25AUG26_Report_25_8_2026_110101.xlsx,True,217,Symbol,,,,,,,Price,,,Price chg (%),OI chg (%),,,,,Volume Chg (%),
D:\My-data\Share_P&L\Ichart Data\Screenshot\August26\2026-08-25\VolumeAndOISpikesScans_25AUG26_Report_25_8_2026_110408.xlsx,True,217,Symbol,,,,,,,Price,,,Price chg (%),OI chg (%),,,,,Volume Chg (%),
D:\My-data\Share_P&L\Ichart Data\Screenshot\August26\2026-08-25\VolumeAndOISpikesScans_25AUG26_Report_25_8_2026_110715.xlsx,True,217,Symbol,,,,,,,Price,,,Price chg (%),OI chg (%),,,,,Volume Chg (%),
D:\My-data\Share_P&L\Ichart Data\Screenshot\August26\2026-08-25\VolumeAndOISpikesScans_25AUG26_Report_25_8_2026_111021.xlsx,True,217,Symbol,,,,,,,Price,,,Price chg (%),OI chg (%),,,,,Volume Chg (%),
D:\My-data\Share_P&L\Ichart Data\Screenshot\August26\2026-08-25\VolumeAndOISpikesScans_25AUG26_Report_25_8_2026_111336.xlsx,True,217,Symbol,,,,,,,Price,,,Price chg (%),OI chg (%),,,,,Volume Chg (%),
D:\My-data\Share_P&L\Ichart Data\Screenshot\August26\2026-08-25\VolumeAndOISpikesScans_25AUG26_Report_25_8_2026_111642.xlsx,True,217,Symbol,,,,,,,Price,,,Price chg (%),OI chg (%),,,,,Volume Chg (%),
D:\My-data\Share_P&L\Ichart Data\Screenshot\August26\2026-08-25\VolumeAndOISpikesScans_25AUG26_Report_25_8_2026_111949.xlsx,True,217,Symbol,,,,,,,Price,,,Price chg (%),OI chg (%),,,,,Volume Chg (%),
D:\My-data\Share_P&L\Ichart Data\Screenshot\August26\2026-08-25\VolumeAndOISpikesScans_25AUG26_Report_25_8_2026_112255.xlsx,True,217,Symbol,,,,,,,Price,,,Price chg (%),OI chg (%),,,,,Volume Chg (%),
D:\My-data\Share_P&L\Ichart Data\Screenshot\August26\2026-08-25\VolumeAndOISpikesScans_25AUG26_Report_25_8_2026_112606.xlsx,True,217,Symbol,,,,,,,Price,,,Price chg (%),OI chg (%),,,,,Volume Chg (%),
D:\My-data\Share_P&L\Ichart Data\Screenshot\August26\2026-08-25\VolumeAndOISpikesScans_25AUG26_Report_25_8_2026_112913.xlsx,True,217,Symbol,,,,,,,Price,,,Price chg (%),OI chg (%),,,,,Volume Chg (%),
D:\My-data\Share_P&L\Ichart Data\Screenshot\August26\2026-08-25\VolumeAndOISpikesScans_25AUG26_Report_25_8_2026_113220.xlsx,True,217,Symbol,,,,,,,Price,,,Price chg (%),OI chg (%),,,,,Volume Chg (%),
D:\My-data\Share_P&L\Ichart Data\Screenshot\August26\2026-08-25\VolumeAndOISpikesScans_25AUG26_Report_25_8_2026_113534.xlsx,True,217,Symbol,,,,,,,Price,,,Price chg (%),OI chg (%),,,,,Volume Chg (%),
D:\My-data\Share_P&L\Ichart Data\Screenshot\August26\2026-08-25\VolumeAndOISpikesScans_25AUG26_Report_25_8_2026_113841.xlsx,True,217,Symbol,,,,,,,Price,,,Price chg (%),OI chg (%),,,,,Volume Chg (%),
D:\My-data\Share_P&L\Ichart Data\Screenshot\August26\2026-08-25\VolumeAndOISpikesScans_25AUG26_Report_25_8_2026_114148.xlsx,True,217,Symbol,,,,,,,Price,,,Price chg (%),OI chg (%),,,,,Volume Chg (%),
D:\My-data\Share_P&L\Ichart Data\Screenshot\August26\2026-08-25\VolumeAndOISpikesScans_25AUG26_Report_25_8_2026_114454.xlsx,True,217,Symbol,,,,,,,Price,,,Price chg (%),OI chg (%),,,,,Volume Chg (%),
D:\My-data\Share_P&L\Ichart Data\Screenshot\August26\2026-08-25\VolumeAndOISpikesScans_25AUG26_Report_25_8_2026_114801.xlsx,True,217,Symbol,,,,,,,Price,,,Price chg (%),OI chg (%),,,,,Volume Chg (%),
D:\My-data\Share_P&L\Ichart Data\Screenshot\August26\2026-08-25\VolumeAndOISpikesScans_25AUG26_Report_25_8_2026_115111.xlsx,True,217,Symbol,,,,,,,Price,,,Price chg (%),OI chg (%),,,,,Volume Chg (%),
D:\My-data\Share_P&L\Ichart Data\Screenshot\August26\2026-08-25\VolumeAndOISpikesScans_25AUG26_Report_25_8_2026_115418.xlsx,True,217,Symbol,,,,,,,Price,,,Price chg (%),OI chg (%),,,,,Volume Chg (%),
D:\My-data\Share_P&L\Ichart Data\Screenshot\August26\2026-08-25\VolumeAndOISpikesScans_25AUG26_Report_25_8_2026_115726.xlsx,True,217,Symbol,,,,,,,Price,,,Price chg (%),OI chg (%),,,,,Volume Chg (%),
D:\My-data\Share_P&L\Ichart Data\Screenshot\August26\2026-08-25\VolumeAndOISpikesScans_25AUG26_Report_25_8_2026_120035.xlsx,True,217,Symbol,,,,,,,Price,,,Price chg (%),OI chg (%),,,,,Volume Chg (%),
D:\My-data\Share_P&L\Ichart Data\Screenshot\August26\2026-08-25\VolumeAndOISpikesScans_25AUG26_Report_25_8_2026_120343.xlsx,True,217,Symbol,,,,,,,Price,,,Price chg (%),OI chg (%),,,,,Volume Chg (%),
D:\My-data\Share_P&L\Ichart Data\Screenshot\August26\2026-08-25\VolumeAndOISpikesScans_25AUG26_Report_25_8_2026_120656.xlsx,True,217,Symbol,,,,,,,Price,,,Price chg (%),OI chg (%),,,,,Volume Chg (%),
D:\My-data\Share_P&L\Ichart Data\Screenshot\August26\2026-08-25\VolumeAndOISpikesScans_25AUG26_Report_25_8_2026_121005.xlsx,True,217,Symbol,,,,,,,Price,,,Price chg (%),OI chg (%),,,,,Volume Chg (%),
D:\My-data\Share_P&L\Ichart Data\Screenshot\August26\2026-08-25\VolumeAndOISpikesScans_25AUG26_Report_25_8_2026_121312.xlsx,True,217,Symbol,,,,,,,Price,,,Price chg (%),OI chg (%),,,,,Volume Chg (%),
D:\My-data\Share_P&L\Ichart Data\Screenshot\August26\2026-08-25\VolumeAndOISpikesScans_25AUG26_Report_25_8_2026_121620.xlsx,True,217,Symbol,,,,,,,Price,,,Price chg (%),OI chg (%),,,,,Volume Chg (%),
D:\My-data\Share_P&L\Ichart Data\Screenshot\August26\2026-08-25\VolumeAndOISpikesScans_25AUG26_Report_25_8_2026_122001.xlsx,True,217,Symbol,,,,,,,Price,,,Price chg (%),OI chg (%),,,,,Volume Chg (%),
D:\My-data\Share_P&L\Ichart Data\Screenshot\August26\2026-08-25\VolumeAndOISpikesScans_25AUG26_Report_25_8_2026_122310.xlsx,True,217,Symbol,,,,,,,Price,,,Price chg (%),OI chg (%),,,,,Volume Chg (%),
D:\My-data\Share_P&L\Ichart Data\Screenshot\August26\2026-08-25\VolumeAndOISpikesScans_25AUG26_Report_25_8_2026_122625.xlsx,True,217,Symbol,,,,,,,Price,,,Price chg (%),OI chg (%),,,,,Volume Chg (%),
D:\My-data\Share_P&L\Ichart Data\Screenshot\August26\2026-08-25\VolumeAndOISpikesScans_25AUG26_Report_25_8_2026_122934.xlsx,True,217,Symbol,,,,,,,Price,,,Price chg (%),OI chg (%),,,,,Volume Chg (%),
D:\My-data\Share_P&L\Ichart Data\Screenshot\August26\2026-08-25\VolumeAndOISpikesScans_25AUG26_Report_25_8_2026_123250.xlsx,True,217,Symbol,,,,,,,Price,,,Price chg (%),OI chg (%),,,,,Volume Chg (%),
D:\My-data\Share_P&L\Ichart Data\Screenshot\August26\2026-08-25\VolumeAndOISpikesScans_25AUG26_Report_25_8_2026_123604.xlsx,True,217,Symbol,,,,,,,Price,,,Price chg (%),OI chg (%),,,,,Volume Chg (%),
D:\My-data\Share_P&L\Ichart Data\Screenshot\August26\2026-08-25\VolumeAndOISpikesScans_25AUG26_Report_25_8_2026_123911.xlsx,True,217,Symbol,,,,,,,Price,,,Price chg (%),OI chg (%),,,,,Volume Chg (%),
D:\My-data\Share_P&L\Ichart Data\Screenshot\August26\2026-08-25\VolumeAndOISpikesScans_25AUG26_Report_25_8_2026_124218.xlsx,True,217,Symbol,,,,,,,Price,,,Price chg (%),OI chg (%),,,,,Volume Chg (%),
D:\My-data\Share_P&L\Ichart Data\Screenshot\August26\2026-08-25\VolumeAndOISpikesScans_25AUG26_Report_25_8_2026_124525.xlsx,True,217,Symbol,,,,,,,Price,,,Price chg (%),OI chg (%),,,,,Volume Chg (%),
D:\My-data\Share_P&L\Ichart Data\Screenshot\August26\2026-08-25\VolumeAndOISpikesScans_25AUG26_Report_25_8_2026_124832.xlsx,True,217,Symbol,,,,,,,Price,,,Price chg (%),OI chg (%),,,,,Volume Chg (%),
D:\My-data\Share_P&L\Ichart Data\Screenshot\August26\2026-08-25\VolumeAndOISpikesScans_25AUG26_Report_25_8_2026_125142.xlsx,True,217,Symbol,,,,,,,Price,,,Price chg (%),OI chg (%),,,,,Volume Chg (%),
D:\My-data\Share_P&L\Ichart Data\Screenshot\August26\2026-08-25\VolumeAndOISpikesScans_25AUG26_Report_25_8_2026_125459.xlsx,True,217,Symbol,,,,,,,Price,,,Price chg (%),OI chg (%),,,,,Volume Chg (%),
D:\My-data\Share_P&L\Ichart Data\Screenshot\August26\2026-08-25\VolumeAndOISpikesScans_25AUG26_Report_25_8_2026_125807.xlsx,True,217,Symbol,,,,,,,Price,,,Price chg (%),OI chg (%),,,,,Volume Chg (%),
D:\My-data\Share_P&L\Ichart Data\Screenshot\August26\2026-08-25\VolumeAndOISpikesScans_25AUG26_Report_25_8_2026_130115.xlsx,True,217,Symbol,,,,,,,Price,,,Price chg (%),OI chg (%),,,,,Volume Chg (%),
D:\My-data\Share_P&L\Ichart Data\Screenshot\August26\2026-08-25\VolumeAndOISpikesScans_25AUG26_Report_25_8_2026_130422.xlsx,True,217,Symbol,,,,,,,Price,,,Price chg (%),OI chg (%),,,,,Volume Chg (%),
D:\My-data\Share_P&L\Ichart Data\Screenshot\August26\2026-08-25\VolumeAndOISpikesScans_25AUG26_Report_25_8_2026_130731.xlsx,True,217,Symbol,,,,,,,Price,,,Price chg (%),OI chg (%),,,,,Volume Chg (%),
D:\My-data\Share_P&L\Ichart Data\Screenshot\August26\2026-08-25\VolumeAndOISpikesScans_25AUG26_Report_25_8_2026_131040.xlsx,True,217,Symbol,,,,,,,Price,,,Price chg (%),OI chg (%),,,,,Volume Chg (%),
D:\My-data\Share_P&L\Ichart Data\Screenshot\August26\2026-08-25\VolumeAndOISpikesScans_25AUG26_Report_25_8_2026_131349.xlsx,True,217,Symbol,,,,,,,Price,,,Price chg (%),OI chg (%),,,,,Volume Chg (%),
D:\My-data\Share_P&L\Ichart Data\Screenshot\August26\2026-08-25\VolumeAndOISpikesScans_25AUG26_Report_25_8_2026_131704.xlsx,True,217,Symbol,,,,,,,Price,,,Price chg (%),OI chg (%),,,,,Volume Chg (%),
D:\My-data\Share_P&L\Ichart Data\Screenshot\August26\2026-08-25\VolumeAndOISpikesScans_25AUG26_Report_25_8_2026_132011.xlsx,True,217,Symbol,,,,,,,Price,,,Price chg (%),OI chg (%),,,,,Volume Chg (%),
D:\My-data\Share_P&L\Ichart Data\Screenshot\August26\2026-08-25\VolumeAndOISpikesScans_25AUG26_Report_25_8_2026_132318.xlsx,True,217,Symbol,,,,,,,Price,,,Price chg (%),OI chg (%),,,,,Volume Chg (%),
D:\My-data\Share_P&L\Ichart Data\Screenshot\August26\2026-08-25\VolumeAndOISpikesScans_25AUG26_Report_25_8_2026_132626.xlsx,True,217,Symbol,,,,,,,Price,,,Price chg (%),OI chg (%),,,,,Volume Chg (%),
D:\My-data\Share_P&L\Ichart Data\Screenshot\August26\2026-08-25\VolumeAndOISpikesScans_25AUG26_Report_25_8_2026_132940.xlsx,True,217,Symbol,,,,,,,Price,,,Price chg (%),OI chg (%),,,,,Volume Chg (%),
D:\My-data\Share_P&L\Ichart Data\Screenshot\August26\2026-08-25\VolumeAndOISpikesScans_25AUG26_Report_25_8_2026_133255.xlsx,True,217,Symbol,,,,,,,Price,,,Price chg (%),OI chg (%),,,,,Volume Chg (%),
D:\My-data\Share_P&L\Ichart Data\Screenshot\August26\2026-08-25\VolumeAndOISpikesScans_25AUG26_Report_25_8_2026_133602.xlsx,True,217,Symbol,,,,,,,Price,,,Price chg (%),OI chg (%),,,,,Volume Chg (%),
D:\My-data\Share_P&L\Ichart Data\Screenshot\August26\2026-08-25\VolumeAndOISpikesScans_25AUG26_Report_25_8_2026_133909.xlsx,True,217,Symbol,,,,,,,Price,,,Price chg (%),OI chg (%),,,,,Volume Chg (%),
D:\My-data\Share_P&L\Ichart Data\Screenshot\August26\2026-08-25\VolumeAndOISpikesScans_25AUG26_Report_25_8_2026_134216.xlsx,True,217,Symbol,,,,,,,Price,,,Price chg (%),OI chg (%),,,,,Volume Chg (%),
D:\My-data\Share_P&L\Ichart Data\Screenshot\August26\2026-08-25\VolumeAndOISpikesScans_25AUG26_Report_25_8_2026_134526.xlsx,True,217,Symbol,,,,,,,Price,,,Price chg (%),OI chg (%),,,,,Volume Chg (%),
D:\My-data\Share_P&L\Ichart Data\Screenshot\August26\2026-08-25\VolumeAndOISpikesScans_25AUG26_Report_25_8_2026_134836.xlsx,True,217,Symbol,,,,,,,Price,,,Price chg (%),OI chg (%),,,,,Volume Chg (%),
D:\My-data\Share_P&L\Ichart Data\Screenshot\August26\2026-08-25\VolumeAndOISpikesScans_25AUG26_Report_25_8_2026_135145.xlsx,True,217,Symbol,,,,,,,Price,,,Price chg (%),OI chg (%),,,,,Volume Chg (%),
D:\My-data\Share_P&L\Ichart Data\Screenshot\August26\2026-08-25\VolumeAndOISpikesScans_25AUG26_Report_25_8_2026_135453.xlsx,True,217,Symbol,,,,,,,Price,,,Price chg (%),OI chg (%),,,,,Volume Chg (%),
D:\My-data\Share_P&L\Ichart Data\Screenshot\August26\2026-08-25\VolumeAndOISpikesScans_25AUG26_Report_25_8_2026_135808.xlsx,True,217,Symbol,,,,,,,Price,,,Price chg (%),OI chg (%),,,,,Volume Chg (%),
D:\My-data\Share_P&L\Ichart Data\Screenshot\August26\2026-08-25\VolumeAndOISpikesScans_25AUG26_Report_25_8_2026_140115.xlsx,True,217,Symbol,,,,,,,Price,,,Price chg (%),OI chg (%),,,,,Volume Chg (%),
D:\My-data\Share_P&L\Ichart Data\Screenshot\August26\2026-08-25\VolumeAndOISpikesScans_25AUG26_Report_25_8_2026_140422.xlsx,True,217,Symbol,,,,,,,Price,,,Price chg (%),OI chg (%),,,,,Volume Chg (%),
D:\My-data\Share_P&L\Ichart Data\Screenshot\August26\2026-08-25\VolumeAndOISpikesScans_25AUG26_Report_25_8_2026_140729.xlsx,True,217,Symbol,,,,,,,Price,,,Price chg (%),OI chg (%),,,,,Volume Chg (%),
D:\My-data\Share_P&L\Ichart Data\Screenshot\August26\2026-08-25\VolumeAndOISpikesScans_25AUG26_Report_25_8_2026_141036.xlsx,True,217,Symbol,,,,,,,Price,,,Price chg (%),OI chg (%),,,,,Volume Chg (%),
D:\My-data\Share_P&L\Ichart Data\Screenshot\August26\2026-08-25\VolumeAndOISpikesScans_25AUG26_Report_25_8_2026_141348.xlsx,True,217,Symbol,,,,,,,Price,,,Price chg (%),OI chg (%),,,,,Volume Chg (%),
D:\My-data\Share_P&L\Ichart Data\Screenshot\August26\2026-08-25\VolumeAndOISpikesScans_25AUG26_Report_25_8_2026_141657.xlsx,True,217,Symbol,,,,,,,Price,,,Price chg (%),OI chg (%),,,,,Volume Chg (%),
D:\My-data\Share_P&L\Ichart Data\Screenshot\August26\2026-08-25\VolumeAndOISpikesScans_25AUG26_Report_25_8_2026_142005.xlsx,True,217,Symbol,,,,,,,Price,,,Price chg (%),OI chg (%),,,,,Volume Chg (%),
D:\My-data\Share_P&L\Ichart Data\Screenshot\August26\2026-08-25\VolumeAndOISpikesScans_25AUG26_Report_25_8_2026_142314.xlsx,True,217,Symbol,,,,,,,Price,,,Price chg (%),OI chg (%),,,,,Volume Chg (%),
D:\My-data\Share_P&L\Ichart Data\Screenshot\August26\2026-08-25\VolumeAndOISpikesScans_25AUG26_Report_25_8_2026_142624.xlsx,True,217,Symbol,,,,,,,Price,,,Price chg (%),OI chg (%),,,,,Volume Chg (%),
D:\My-data\Share_P&L\Ichart Data\Screenshot\August26\2026-08-25\VolumeAndOISpikesScans_25AUG26_Report_25_8_2026_142937.xlsx,True,217,Symbol,,,,,,,Price,,,Price chg (%),OI chg (%),,,,,Volume Chg (%),
D:\My-data\Share_P&L\Ichart Data\Screenshot\August26\2026-08-25\VolumeAndOISpikesScans_25AUG26_Report_25_8_2026_143245.xlsx,True,217,Symbol,,,,,,,Price,,,Price chg (%),OI chg (%),,,,,Volume Chg (%),
D:\My-data\Share_P&L\Ichart Data\Screenshot\August26\2026-08-25\VolumeAndOISpikesScans_25AUG26_Report_25_8_2026_143554.xlsx,True,217,Symbol,,,,,,,Price,,,Price chg (%),OI chg (%),,,,,Volume Chg (%),
D:\My-data\Share_P&L\Ichart Data\Screenshot\August26\2026-08-26\Daywise_Price_and_OI_Summary_29SEP26_Report_2026-08-26.xlsx,True,219,Symbol,,,Open,High,Low,Close,,ATM Straddle %,ATM Straddle %,Price Chg %,OI Chg %,PCR Chg %,Tot CE OI Chg %,Tot PE OI Chg %,Tot PE-CE OI Chg,,
D:\My-data\Share_P&L\Ichart Data\Screenshot\August26\2026-08-26\Daywise_Price_and_OI_Summary_29SEP26_Report_2026-08-26_092639.xlsx,True,219,Symbol,,,Open,High,Low,Close,,ATM Straddle %,ATM Straddle %,Price Chg %,OI Chg %,PCR Chg %,Tot CE OI Chg %,Tot PE OI Chg %,Tot PE-CE OI Chg,,
D:\My-data\Share_P&L\Ichart Data\Screenshot\August26\2026-08-26\Daywise_Price_and_OI_Summary_29SEP26_Report_2026-08-26_093147.xlsx,True,219,Symbol,,,Open,High,Low,Close,,ATM Straddle %,ATM Straddle %,Price Chg %,OI Chg %,PCR Chg %,Tot CE OI Chg %,Tot PE OI Chg %,Tot PE-CE OI Chg,,
D:\My-data\Share_P&L\Ichart Data\Screenshot\August26\2026-08-26\Daywise_Price_and_OI_Summary_29SEP26_Report_2026-08-26_093655.xlsx,True,219,Symbol,,,Open,High,Low,Close,,ATM Straddle %,ATM Straddle %,Price Chg %,OI Chg %,PCR Chg %,Tot CE OI Chg %,Tot PE OI Chg %,Tot PE-CE OI Chg,,
D:\My-data\Share_P&L\Ichart Data\Screenshot\August26\2026-08-26\Daywise_Price_and_OI_Summary_29SEP26_Report_2026-08-26_094203.xlsx,True,219,Symbol,,,Open,High,Low,Close,,ATM Straddle %,ATM Straddle %,Price Chg %,OI Chg %,PCR Chg %,Tot CE OI Chg %,Tot PE OI Chg %,Tot PE-CE OI Chg,,
D:\My-data\Share_P&L\Ichart Data\Screenshot\August26\2026-08-26\Daywise_Price_and_OI_Summary_29SEP26_Report_2026-08-26_094710.xlsx,True,219,Symbol,,,Open,High,Low,Close,,ATM Straddle %,ATM Straddle %,Price Chg %,OI Chg %,PCR Chg %,Tot CE OI Chg %,Tot PE OI Chg %,Tot PE-CE OI Chg,,
D:\My-data\Share_P&L\Ichart Data\Screenshot\August26\2026-08-26\Daywise_Price_and_OI_Summary_29SEP26_Report_2026-08-26_095218.xlsx,True,219,Symbol,,,Open,High,Low,Close,,ATM Straddle %,ATM Straddle %,Price Chg %,OI Chg %,PCR Chg %,Tot CE OI Chg %,Tot PE OI Chg %,Tot PE-CE OI Chg,,
D:\My-data\Share_P&L\Ichart Data\Screenshot\August26\2026-08-26\Daywise_Price_and_OI_Summary_29SEP26_Report_2026-08-26_095726.xlsx,True,219,Symbol,,,Open,High,Low,Close,,ATM Straddle %,ATM Straddle %,Price Chg %,OI Chg %,PCR Chg %,Tot CE OI Chg %,Tot PE OI Chg %,Tot PE-CE OI Chg,,
D:\My-data\Share_P&L\Ichart Data\Screenshot\August26\2026-08-26\Daywise_Price_and_OI_Summary_29SEP26_Report_2026-08-26_100233.xlsx,True,219,Symbol,,,Open,High,Low,Close,,ATM Straddle %,ATM Straddle %,Price Chg %,OI Chg %,PCR Chg %,Tot CE OI Chg %,Tot PE OI Chg %,Tot PE-CE OI Chg,,
D:\My-data\Share_P&L\Ichart Data\Screenshot\August26\2026-08-26\Daywise_Price_and_OI_Summary_29SEP26_Report_2026-08-26_100741.xlsx,True,219,Symbol,,,Open,High,Low,Close,,ATM Straddle %,ATM Straddle %,Price Chg %,OI Chg %,PCR Chg %,Tot CE OI Chg %,Tot PE OI Chg %,Tot PE-CE OI Chg,,
D:\My-data\Share_P&L\Ichart Data\Screenshot\August26\2026-08-26\Daywise_Price_and_OI_Summary_29SEP26_Report_2026-08-26_101249.xlsx,True,219,Symbol,,,Open,High,Low,Close,,ATM Straddle %,ATM Straddle %,Price Chg %,OI Chg %,PCR Chg %,Tot CE OI Chg %,Tot PE OI Chg %,Tot PE-CE OI Chg,,
D:\My-data\Share_P&L\Ichart Data\Screenshot\August26\2026-08-26\Daywise_Price_and_OI_Summary_29SEP26_Report_2026-08-26_101757.xlsx,True,219,Symbol,,,Open,High,Low,Close,,ATM Straddle %,ATM Straddle %,Price Chg %,OI Chg %,PCR Chg %,Tot CE OI Chg %,Tot PE OI Chg %,Tot PE-CE OI Chg,,
D:\My-data\Share_P&L\Ichart Data\Screenshot\August26\2026-08-26\Daywise_Price_and_OI_Summary_29SEP26_Report_2026-08-26_102305.xlsx,True,219,Symbol,,,Open,High,Low,Close,,ATM Straddle %,ATM Straddle %,Price Chg %,OI Chg %,PCR Chg %,Tot CE OI Chg %,Tot PE OI Chg %,Tot PE-CE OI Chg,,
D:\My-data\Share_P&L\Ichart Data\Screenshot\August26\2026-08-26\Daywise_Price_and_OI_Summary_29SEP26_Report_2026-08-26_102812.xlsx,True,219,Symbol,,,Open,High,Low,Close,,ATM Straddle %,ATM Straddle %,Price Chg %,OI Chg %,PCR Chg %,Tot CE OI Chg %,Tot PE OI Chg %,Tot PE-CE OI Chg,,
D:\My-data\Share_P&L\Ichart Data\Screenshot\August26\2026-08-26\Daywise_Price_and_OI_Summary_29SEP26_Report_2026-08-26_103321.xlsx,True,219,Symbol,,,Open,High,Low,Close,,ATM Straddle %,ATM Straddle %,Price Chg %,OI Chg %,PCR Chg %,Tot CE OI Chg %,Tot PE OI Chg %,Tot PE-CE OI Chg,,
D:\My-data\Share_P&L\Ichart Data\Screenshot\August26\2026-08-26\Daywise_Price_and_OI_Summary_29SEP26_Report_2026-08-26_103828.xlsx,True,219,Symbol,,,Open,High,Low,Close,,ATM Straddle %,ATM Straddle %,Price Chg %,OI Chg %,PCR Chg %,Tot CE OI Chg %,Tot PE OI Chg %,Tot PE-CE OI Chg,,
D:\My-data\Share_P&L\Ichart Data\Screenshot\August26\2026-08-26\Daywise_Price_and_OI_Summary_29SEP26_Report_2026-08-26_104336.xlsx,True,219,Symbol,,,Open,High,Low,Close,,ATM Straddle %,ATM Straddle %,Price Chg %,OI Chg %,PCR Chg %,Tot CE OI Chg %,Tot PE OI Chg %,Tot PE-CE OI Chg,,
D:\My-data\Share_P&L\Ichart Data\Screenshot\August26\2026-08-26\Daywise_Price_and_OI_Summary_29SEP26_Report_2026-08-26_104844.xlsx,True,219,Symbol,,,Open,High,Low,Close,,ATM Straddle %,ATM Straddle %,Price Chg %,OI Chg %,PCR Chg %,Tot CE OI Chg %,Tot PE OI Chg %,Tot PE-CE OI Chg,,
D:\My-data\Share_P&L\Ichart Data\Screenshot\August26\2026-08-26\Daywise_Price_and_OI_Summary_29SEP26_Report_2026-08-26_105351.xlsx,True,219,Symbol,,,Open,High,Low,Close,,ATM Straddle %,ATM Straddle %,Price Chg %,OI Chg %,PCR Chg %,Tot CE OI Chg %,Tot PE OI Chg %,Tot PE-CE OI Chg,,
D:\My-data\Share_P&L\Ichart Data\Screenshot\August26\2026-08-26\Daywise_Price_and_OI_Summary_29SEP26_Report_2026-08-26_105859.xlsx,True,219,Symbol,,,Open,High,Low,Close,,ATM Straddle %,ATM Straddle %,Price Chg %,OI Chg %,PCR Chg %,Tot CE OI Chg %,Tot PE OI Chg %,Tot PE-CE OI Chg,,
D:\My-data\Share_P&L\Ichart Data\Screenshot\August26\2026-08-26\Daywise_Price_and_OI_Summary_29SEP26_Report_2026-08-26_110408.xlsx,True,219,Symbol,,,Open,High,Low,Close,,ATM Straddle %,ATM Straddle %,Price Chg %,OI Chg %,PCR Chg %,Tot CE OI Chg %,Tot PE OI Chg %,Tot PE-CE OI Chg,,
D:\My-data\Share_P&L\Ichart Data\Screenshot\August26\2026-08-26\Daywise_Price_and_OI_Summary_29SEP26_Report_2026-08-26_110916.xlsx,True,219,Symbol,,,Open,High,Low,Close,,ATM Straddle %,ATM Straddle %,Price Chg %,OI Chg %,PCR Chg %,Tot CE OI Chg %,Tot PE OI Chg %,Tot PE-CE OI Chg,,
D:\My-data\Share_P&L\Ichart Data\Screenshot\August26\2026-08-26\Daywise_Price_and_OI_Summary_29SEP26_Report_2026-08-26_111423.xlsx,True,219,Symbol,,,Open,High,Low,Close,,ATM Straddle %,ATM Straddle %,Price Chg %,OI Chg %,PCR Chg %,Tot CE OI Chg %,Tot PE OI Chg %,Tot PE-CE OI Chg,,
D:\My-data\Share_P&L\Ichart Data\Screenshot\August26\2026-08-26\Daywise_Price_and_OI_Summary_29SEP26_Report_2026-08-26_111931.xlsx,True,219,Symbol,,,Open,High,Low,Close,,ATM Straddle %,ATM Straddle %,Price Chg %,OI Chg %,PCR Chg %,Tot CE OI Chg %,Tot PE OI Chg %,Tot PE-CE OI Chg,,
D:\My-data\Share_P&L\Ichart Data\Screenshot\August26\2026-08-26\Daywise_Price_and_OI_Summary_29SEP26_Report_2026-08-26_112438.xlsx,True,219,Symbol,,,Open,High,Low,Close,,ATM Straddle %,ATM Straddle %,Price Chg %,OI Chg %,PCR Chg %,Tot CE OI Chg %,Tot PE OI Chg %,Tot PE-CE OI Chg,,
D:\My-data\Share_P&L\Ichart Data\Screenshot\August26\2026-08-26\Daywise_Price_and_OI_Summary_29SEP26_Report_2026-08-26_112946.xlsx,True,219,Symbol,,,Open,High,Low,Close,,ATM Straddle %,ATM Straddle %,Price Chg %,OI Chg %,PCR Chg %,Tot CE OI Chg %,Tot PE OI Chg %,Tot PE-CE OI Chg,,
D:\My-data\Share_P&L\Ichart Data\Screenshot\August26\2026-08-26\Daywise_Price_and_OI_Summary_29SEP26_Report_2026-08-26_113454.xlsx,True,219,Symbol,,,Open,High,Low,Close,,ATM Straddle %,ATM Straddle %,Price Chg %,OI Chg %,PCR Chg %,Tot CE OI Chg %,Tot PE OI Chg %,Tot PE-CE OI Chg,,
D:\My-data\Share_P&L\Ichart Data\Screenshot\August26\2026-08-26\Daywise_Price_and_OI_Summary_29SEP26_Report_2026-08-26_114002.xlsx,True,219,Symbol,,,Open,High,Low,Close,,ATM Straddle %,ATM Straddle %,Price Chg %,OI Chg %,PCR Chg %,Tot CE OI Chg %,Tot PE OI Chg %,Tot PE-CE OI Chg,,
D:\My-data\Share_P&L\Ichart Data\Screenshot\August26\2026-08-26\Daywise_Price_and_OI_Summary_29SEP26_Report_2026-08-26_114509.xlsx,True,219,Symbol,,,Open,High,Low,Close,,ATM Straddle %,ATM Straddle %,Price Chg %,OI Chg %,PCR Chg %,Tot CE OI Chg %,Tot PE OI Chg %,Tot PE-CE OI Chg,,
D:\My-data\Share_P&L\Ichart Data\Screenshot\August26\2026-08-26\Daywise_Price_and_OI_Summary_29SEP26_Report_2026-08-26_115017.xlsx,True,219,Symbol,,,Open,High,Low,Close,,ATM Straddle %,ATM Straddle %,Price Chg %,OI Chg %,PCR Chg %,Tot CE OI Chg %,Tot PE OI Chg %,Tot PE-CE OI Chg,,
D:\My-data\Share_P&L\Ichart Data\Screenshot\August26\2026-08-26\Daywise_Price_and_OI_Summary_29SEP26_Report_2026-08-26_115524.xlsx,True,219,Symbol,,,Open,High,Low,Close,,ATM Straddle %,ATM Straddle %,Price Chg %,OI Chg %,PCR Chg %,Tot CE OI Chg %,Tot PE OI Chg %,Tot PE-CE OI Chg,,
D:\My-data\Share_P&L\Ichart Data\Screenshot\August26\2026-08-26\Daywise_Price_and_OI_Summary_29SEP26_Report_2026-08-26_120032.xlsx,True,219,Symbol,,,Open,High,Low,Close,,ATM Straddle %,ATM Straddle %,Price Chg %,OI Chg %,PCR Chg %,Tot CE OI Chg %,Tot PE OI Chg %,Tot PE-CE OI Chg,,
D:\My-data\Share_P&L\Ichart Data\Screenshot\August26\2026-08-26\Daywise_Price_and_OI_Summary_29SEP26_Report_2026-08-26_120540.xlsx,True,219,Symbol,,,Open,High,Low,Close,,ATM Straddle %,ATM Straddle %,Price Chg %,OI Chg %,PCR Chg %,Tot CE OI Chg %,Tot PE OI Chg %,Tot PE-CE OI Chg,,
D:\My-data\Share_P&L\Ichart Data\Screenshot\August26\2026-08-26\Daywise_Price_and_OI_Summary_29SEP26_Report_2026-08-26_121048.xlsx,True,219,Symbol,,,Open,High,Low,Close,,ATM Straddle %,ATM Straddle %,Price Chg %,OI Chg %,PCR Chg %,Tot CE OI Chg %,Tot PE OI Chg %,Tot PE-CE OI Chg,,
D:\My-data\Share_P&L\Ichart Data\Screenshot\August26\2026-08-26\Daywise_Price_and_OI_Summary_29SEP26_Report_2026-08-26_121556.xlsx,True,219,Symbol,,,Open,High,Low,Close,,ATM Straddle %,ATM Straddle %,Price Chg %,OI Chg %,PCR Chg %,Tot CE OI Chg %,Tot PE OI Chg %,Tot PE-CE OI Chg,,
D:\My-data\Share_P&L\Ichart Data\Screenshot\August26\2026-08-26\Daywise_Price_and_OI_Summary_29SEP26_Report_2026-08-26_122104.xlsx,True,219,Symbol,,,Open,High,Low,Close,,ATM Straddle %,ATM Straddle %,Price Chg %,OI Chg %,PCR Chg %,Tot CE OI Chg %,Tot PE OI Chg %,Tot PE-CE OI Chg,,
D:\My-data\Share_P&L\Ichart Data\Screenshot\August26\2026-08-26\Daywise_Price_and_OI_Summary_29SEP26_Report_2026-08-26_122612.xlsx,True,219,Symbol,,,Open,High,Low,Close,,ATM Straddle %,ATM Straddle %,Price Chg %,OI Chg %,PCR Chg %,Tot CE OI Chg %,Tot PE OI Chg %,Tot PE-CE OI Chg,,
D:\My-data\Share_P&L\Ichart Data\Screenshot\August26\2026-08-26\Daywise_Price_and_OI_Summary_29SEP26_Report_2026-08-26_123119.xlsx,True,219,Symbol,,,Open,High,Low,Close,,ATM Straddle %,ATM Straddle %,Price Chg %,OI Chg %,PCR Chg %,Tot CE OI Chg %,Tot PE OI Chg %,Tot PE-CE OI Chg,,
D:\My-data\Share_P&L\Ichart Data\Screenshot\August26\2026-08-26\Daywise_Price_and_OI_Summary_29SEP26_Report_2026-08-26_123628.xlsx,True,219,Symbol,,,Open,High,Low,Close,,ATM Straddle %,ATM Straddle %,Price Chg %,OI Chg %,PCR Chg %,Tot CE OI Chg %,Tot PE OI Chg %,Tot PE-CE OI Chg,,
D:\My-data\Share_P&L\Ichart Data\Screenshot\August26\2026-08-26\Daywise_Price_and_OI_Summary_29SEP26_Report_2026-08-26_124135.xlsx,True,219,Symbol,,,Open,High,Low,Close,,ATM Straddle %,ATM Straddle %,Price Chg %,OI Chg %,PCR Chg %,Tot CE OI Chg %,Tot PE OI Chg %,Tot PE-CE OI Chg,,
D:\My-data\Share_P&L\Ichart Data\Screenshot\August26\2026-08-26\Daywise_Price_and_OI_Summary_29SEP26_Report_2026-08-26_124643.xlsx,True,219,Symbol,,,Open,High,Low,Close,,ATM Straddle %,ATM Straddle %,Price Chg %,OI Chg %,PCR Chg %,Tot CE OI Chg %,Tot PE OI Chg %,Tot PE-CE OI Chg,,
D:\My-data\Share_P&L\Ichart Data\Screenshot\August26\2026-08-26\Daywise_Price_and_OI_Summary_29SEP26_Report_2026-08-26_125152.xlsx,True,219,Symbol,,,Open,High,Low,Close,,ATM Straddle %,ATM Straddle %,Price Chg %,OI Chg %,PCR Chg %,Tot CE OI Chg %,Tot PE OI Chg %,Tot PE-CE OI Chg,,
D:\My-data\Share_P&L\Ichart Data\Screenshot\August26\2026-08-26\Daywise_Price_and_OI_Summary_29SEP26_Report_2026-08-26_125700.xlsx,True,219,Symbol,,,Open,High,Low,Close,,ATM Straddle %,ATM Straddle %,Price Chg %,OI Chg %,PCR Chg %,Tot CE OI Chg %,Tot PE OI Chg %,Tot PE-CE OI Chg,,
D:\My-data\Share_P&L\Ichart Data\Screenshot\August26\2026-08-26\Daywise_Price_and_OI_Summary_29SEP26_Report_2026-08-26_130208.xlsx,True,219,Symbol,,,Open,High,Low,Close,,ATM Straddle %,ATM Straddle %,Price Chg %,OI Chg %,PCR Chg %,Tot CE OI Chg %,Tot PE OI Chg %,Tot PE-CE OI Chg,,
D:\My-data\Share_P&L\Ichart Data\Screenshot\August26\2026-08-26\Daywise_Price_and_OI_Summary_29SEP26_Report_2026-08-26_130715.xlsx,True,219,Symbol,,,Open,High,Low,Close,,ATM Straddle %,ATM Straddle %,Price Chg %,OI Chg %,PCR Chg %,Tot CE OI Chg %,Tot PE OI Chg %,Tot PE-CE OI Chg,,
D:\My-data\Share_P&L\Ichart Data\Screenshot\August26\2026-08-26\Daywise_Price_and_OI_Summary_29SEP26_Report_2026-08-26_131224.xlsx,True,219,Symbol,,,Open,High,Low,Close,,ATM Straddle %,ATM Straddle %,Price Chg %,OI Chg %,PCR Chg %,Tot CE OI Chg %,Tot PE OI Chg %,Tot PE-CE OI Chg,,
D:\My-data\Share_P&L\Ichart Data\Screenshot\August26\2026-08-26\Daywise_Price_and_OI_Summary_29SEP26_Report_2026-08-26_131732.xlsx,True,219,Symbol,,,Open,High,Low,Close,,ATM Straddle %,ATM Straddle %,Price Chg %,OI Chg %,PCR Chg %,Tot CE OI Chg %,Tot PE OI Chg %,Tot PE-CE OI Chg,,
D:\My-data\Share_P&L\Ichart Data\Screenshot\August26\2026-08-26\Daywise_Price_and_OI_Summary_29SEP26_Report_2026-08-26_132240.xlsx,True,219,Symbol,,,Open,High,Low,Close,,ATM Straddle %,ATM Straddle %,Price Chg %,OI Chg %,PCR Chg %,Tot CE OI Chg %,Tot PE OI Chg %,Tot PE-CE OI Chg,,
D:\My-data\Share_P&L\Ichart Data\Screenshot\August26\2026-08-26\Daywise_Price_and_OI_Summary_29SEP26_Report_2026-08-26_132747.xlsx,True,219,Symbol,,,Open,High,Low,Close,,ATM Straddle %,ATM Straddle %,Price Chg %,OI Chg %,PCR Chg %,Tot CE OI Chg %,Tot PE OI Chg %,Tot PE-CE OI Chg,,
D:\My-data\Share_P&L\Ichart Data\Screenshot\August26\2026-08-26\Daywise_Price_and_OI_Summary_29SEP26_Report_2026-08-26_133256.xlsx,True,219,Symbol,,,Open,High,Low,Close,,ATM Straddle %,ATM Straddle %,Price Chg %,OI Chg %,PCR Chg %,Tot CE OI Chg %,Tot PE OI Chg %,Tot PE-CE OI Chg,,
D:\My-data\Share_P&L\Ichart Data\Screenshot\August26\2026-08-26\Daywise_Price_and_OI_Summary_29SEP26_Report_2026-08-26_133805.xlsx,True,219,Symbol,,,Open,High,Low,Close,,ATM Straddle %,ATM Straddle %,Price Chg %,OI Chg %,PCR Chg %,Tot CE OI Chg %,Tot PE OI Chg %,Tot PE-CE OI Chg,,
D:\My-data\Share_P&L\Ichart Data\Screenshot\August26\2026-08-26\Daywise_Price_and_OI_Summary_29SEP26_Report_2026-08-26_134313.xlsx,True,219,Symbol,,,Open,High,Low,Close,,ATM Straddle %,ATM Straddle %,Price Chg %,OI Chg %,PCR Chg %,Tot CE OI Chg %,Tot PE OI Chg %,Tot PE-CE OI Chg,,
D:\My-data\Share_P&L\Ichart Data\Screenshot\August26\2026-08-26\Daywise_Price_and_OI_Summary_29SEP26_Report_2026-08-26_134821.xlsx,True,219,Symbol,,,Open,High,Low,Close,,ATM Straddle %,ATM Straddle %,Price Chg %,OI Chg %,PCR Chg %,Tot CE OI Chg %,Tot PE OI Chg %,Tot PE-CE OI Chg,,
D:\My-data\Share_P&L\Ichart Data\Screenshot\August26\2026-08-26\Daywise_Price_and_OI_Summary_29SEP26_Report_2026-08-26_135330.xlsx,True,219,Symbol,,,Open,High,Low,Close,,ATM Straddle %,ATM Straddle %,Price Chg %,OI Chg %,PCR Chg %,Tot CE OI Chg %,Tot PE OI Chg %,Tot PE-CE OI Chg,,
D:\My-data\Share_P&L\Ichart Data\Screenshot\August26\2026-08-26\Daywise_Price_and_OI_Summary_29SEP26_Report_2026-08-26_135838.xlsx,True,219,Symbol,,,Open,High,Low,Close,,ATM Straddle %,ATM Straddle %,Price Chg %,OI Chg %,PCR Chg %,Tot CE OI Chg %,Tot PE OI Chg %,Tot PE-CE OI Chg,,
D:\My-data\Share_P&L\Ichart Data\Screenshot\August26\2026-08-26\Daywise_Price_and_OI_Summary_29SEP26_Report_2026-08-26_140348.xlsx,True,219,Symbol,,,Open,High,Low,Close,,ATM Straddle %,ATM Straddle %,Price Chg %,OI Chg %,PCR Chg %,Tot CE OI Chg %,Tot PE OI Chg %,Tot PE-CE OI Chg,,
D:\My-data\Share_P&L\Ichart Data\Screenshot\August26\2026-08-26\Daywise_Price_and_OI_Summary_29SEP26_Report_2026-08-26_140856.xlsx,True,219,Symbol,,,Open,High,Low,Close,,ATM Straddle %,ATM Straddle %,Price Chg %,OI Chg %,PCR Chg %,Tot CE OI Chg %,Tot PE OI Chg %,Tot PE-CE OI Chg,,
D:\My-data\Share_P&L\Ichart Data\Screenshot\August26\2026-08-26\Daywise_Price_and_OI_Summary_29SEP26_Report_2026-08-26_141404.xlsx,True,219,Symbol,,,Open,High,Low,Close,,ATM Straddle %,ATM Straddle %,Price Chg %,OI Chg %,PCR Chg %,Tot CE OI Chg %,Tot PE OI Chg %,Tot PE-CE OI Chg,,
D:\My-data\Share_P&L\Ichart Data\Screenshot\August26\2026-08-26\Daywise_Price_and_OI_Summary_29SEP26_Report_2026-08-26_141913.xlsx,True,219,Symbol,,,Open,High,Low,Close,,ATM Straddle %,ATM Straddle %,Price Chg %,OI Chg %,PCR Chg %,Tot CE OI Chg %,Tot PE OI Chg %,Tot PE-CE OI Chg,,
D:\My-data\Share_P&L\Ichart Data\Screenshot\August26\2026-08-26\Daywise_Price_and_OI_Summary_29SEP26_Report_2026-08-26_142423.xlsx,True,219,Symbol,,,Open,High,Low,Close,,ATM Straddle %,ATM Straddle %,Price Chg %,OI Chg %,PCR Chg %,Tot CE OI Chg %,Tot PE OI Chg %,Tot PE-CE OI Chg,,
D:\My-data\Share_P&L\Ichart Data\Screenshot\August26\2026-08-26\Daywise_Price_and_OI_Summary_29SEP26_Report_2026-08-26_142934.xlsx,True,219,Symbol,,,Open,High,Low,Close,,ATM Straddle %,ATM Straddle %,Price Chg %,OI Chg %,PCR Chg %,Tot CE OI Chg %,Tot PE OI Chg %,Tot PE-CE OI Chg,,
D:\My-data\Share_P&L\Ichart Data\Screenshot\August26\2026-08-26\Daywise_Price_and_OI_Summary_29SEP26_Report_2026-08-26_143443.xlsx,True,219,Symbol,,,Open,High,Low,Close,,ATM Straddle %,ATM Straddle %,Price Chg %,OI Chg %,PCR Chg %,Tot CE OI Chg %,Tot PE OI Chg %,Tot PE-CE OI Chg,,
D:\My-data\Share_P&L\Ichart Data\Screenshot\August26\2026-08-26\Daywise_Price_and_OI_Summary_29SEP26_Report_2026-08-26_143953.xlsx,True,219,Symbol,,,Open,High,Low,Close,,ATM Straddle %,ATM Straddle %,Price Chg %,OI Chg %,PCR Chg %,Tot CE OI Chg %,Tot PE OI Chg %,Tot PE-CE OI Chg,,
D:\My-data\Share_P&L\Ichart Data\Screenshot\August26\2026-08-26\Daywise_Price_and_OI_Summary_29SEP26_Report_2026-08-26_144504.xlsx,True,219,Symbol,,,Open,High,Low,Close,,ATM Straddle %,ATM Straddle %,Price Chg %,OI Chg %,PCR Chg %,Tot CE OI Chg %,Tot PE OI Chg %,Tot PE-CE OI Chg,,
D:\My-data\Share_P&L\Ichart Data\Screenshot\August26\2026-08-26\IVR-IVP_29SEP26_Report_2026-08-26.xlsx,True,218,,,,,,,,,,,,,,,,,,
D:\My-data\Share_P&L\Ichart Data\Screenshot\August26\2026-08-26\IVR-IVP_29SEP26_Report_2026-08-26_092647.xlsx,True,218,,,,,,,,,,,,,,,,,,
D:\My-data\Share_P&L\Ichart Data\Screenshot\August26\2026-08-26\IVR-IVP_29SEP26_Report_2026-08-26_093155.xlsx,True,218,,,,,,,,,,,,,,,,,,
D:\My-data\Share_P&L\Ichart Data\Screenshot\August26\2026-08-26\IVR-IVP_29SEP26_Report_2026-08-26_093703.xlsx,True,218,,,,,,,,,,,,,,,,,,
D:\My-data\Share_P&L\Ichart Data\Screenshot\August26\2026-08-26\IVR-IVP_29SEP26_Report_2026-08-26_094211.xlsx,True,219,,,,,,,,,,,,,,,,,,
D:\My-data\Share_P&L\Ichart Data\Screenshot\August26\2026-08-26\IVR-IVP_29SEP26_Report_2026-08-26_094719.xlsx,True,219,,,,,,,,,,,,,,,,,,
D:\My-data\Share_P&L\Ichart Data\Screenshot\August26\2026-08-26\IVR-IVP_29SEP26_Report_2026-08-26_095226.xlsx,True,219,,,,,,,,,,,,,,,,,,
D:\My-data\Share_P&L\Ichart Data\Screenshot\August26\2026-08-26\IVR-IVP_29SEP26_Report_2026-08-26_095733.xlsx,True,219,,,,,,,,,,,,,,,,,,
D:\My-data\Share_P&L\Ichart Data\Screenshot\August26\2026-08-26\IVR-IVP_29SEP26_Report_2026-08-26_100242.xlsx,True,219,,,,,,,,,,,,,,,,,,
D:\My-data\Share_P&L\Ichart Data\Screenshot\August26\2026-08-26\IVR-IVP_29SEP26_Report_2026-08-26_100751.xlsx,True,219,,,,,,,,,,,,,,,,,,
D:\My-data\Share_P&L\Ichart Data\Screenshot\August26\2026-08-26\IVR-IVP_29SEP26_Report_2026-08-26_101258.xlsx,True,219,,,,,,,,,,,,,,,,,,
D:\My-data\Share_P&L\Ichart Data\Screenshot\August26\2026-08-26\IVR-IVP_29SEP26_Report_2026-08-26_101806.xlsx,True,219,,,,,,,,,,,,,,,,,,
D:\My-data\Share_P&L\Ichart Data\Screenshot\August26\2026-08-26\IVR-IVP_29SEP26_Report_2026-08-26_102315.xlsx,True,219,,,,,,,,,,,,,,,,,,
D:\My-data\Share_P&L\Ichart Data\Screenshot\August26\2026-08-26\IVR-IVP_29SEP26_Report_2026-08-26_102822.xlsx,True,219,,,,,,,,,,,,,,,,,,
D:\My-data\Share_P&L\Ichart Data\Screenshot\August26\2026-08-26\IVR-IVP_29SEP26_Report_2026-08-26_103330.xlsx,True,219,,,,,,,,,,,,,,,,,,
D:\My-data\Share_P&L\Ichart Data\Screenshot\August26\2026-08-26\IVR-IVP_29SEP26_Report_2026-08-26_103837.xlsx,True,219,,,,,,,,,,,,,,,,,,
D:\My-data\Share_P&L\Ichart Data\Screenshot\August26\2026-08-26\IVR-IVP_29SEP26_Report_2026-08-26_104345.xlsx,True,219,,,,,,,,,,,,,,,,,,
D:\My-data\Share_P&L\Ichart Data\Screenshot\August26\2026-08-26\IVR-IVP_29SEP26_Report_2026-08-26_104853.xlsx,True,219,,,,,,,,,,,,,,,,,,
D:\My-data\Share_P&L\Ichart Data\Screenshot\August26\2026-08-26\IVR-IVP_29SEP26_Report_2026-08-26_105401.xlsx,True,219,,,,,,,,,,,,,,,,,,
D:\My-data\Share_P&L\Ichart Data\Screenshot\August26\2026-08-26\IVR-IVP_29SEP26_Report_2026-08-26_105908.xlsx,True,220,,,,,,,,,,,,,,,,,,
D:\My-data\Share_P&L\Ichart Data\Screenshot\August26\2026-08-26\IVR-IVP_29SEP26_Report_2026-08-26_110417.xlsx,True,220,,,,,,,,,,,,,,,,,,
D:\My-data\Share_P&L\Ichart Data\Screenshot\August26\2026-08-26\IVR-IVP_29SEP26_Report_2026-08-26_110925.xlsx,True,220,,,,,,,,,,,,,,,,,,
D:\My-data\Share_P&L\Ichart Data\Screenshot\August26\2026-08-26\IVR-IVP_29SEP26_Report_2026-08-26_111434.xlsx,True,220,,,,,,,,,,,,,,,,,,
D:\My-data\Share_P&L\Ichart Data\Screenshot\August26\2026-08-26\IVR-IVP_29SEP26_Report_2026-08-26_111943.xlsx,True,220,,,,,,,,,,,,,,,,,,
D:\My-data\Share_P&L\Ichart Data\Screenshot\August26\2026-08-26\IVR-IVP_29SEP26_Report_2026-08-26_112451.xlsx,True,220,,,,,,,,,,,,,,,,,,
D:\My-data\Share_P&L\Ichart Data\Screenshot\August26\2026-08-26\IVR-IVP_29SEP26_Report_2026-08-26_112959.xlsx,True,220,,,,,,,,,,,,,,,,,,
D:\My-data\Share_P&L\Ichart Data\Screenshot\August26\2026-08-26\IVR-IVP_29SEP26_Report_2026-08-26_113507.xlsx,True,220,,,,,,,,,,,,,,,,,,
D:\My-data\Share_P&L\Ichart Data\Screenshot\August26\2026-08-26\IVR-IVP_29SEP26_Report_2026-08-26_114015.xlsx,True,220,,,,,,,,,,,,,,,,,,
D:\My-data\Share_P&L\Ichart Data\Screenshot\August26\2026-08-26\IVR-IVP_29SEP26_Report_2026-08-26_114522.xlsx,True,220,,,,,,,,,,,,,,,,,,
D:\My-data\Share_P&L\Ichart Data\Screenshot\August26\2026-08-26\IVR-IVP_29SEP26_Report_2026-08-26_115029.xlsx,True,220,,,,,,,,,,,,,,,,,,
D:\My-data\Share_P&L\Ichart Data\Screenshot\August26\2026-08-26\IVR-IVP_29SEP26_Report_2026-08-26_115537.xlsx,True,220,,,,,,,,,,,,,,,,,,
D:\My-data\Share_P&L\Ichart Data\Screenshot\August26\2026-08-26\IVR-IVP_29SEP26_Report_2026-08-26_120044.xlsx,True,220,,,,,,,,,,,,,,,,,,
D:\My-data\Share_P&L\Ichart Data\Screenshot\August26\2026-08-26\IVR-IVP_29SEP26_Report_2026-08-26_120552.xlsx,True,220,,,,,,,,,,,,,,,,,,
D:\My-data\Share_P&L\Ichart Data\Screenshot\August26\2026-08-26\IVR-IVP_29SEP26_Report_2026-08-26_121059.xlsx,True,220,,,,,,,,,,,,,,,,,,
D:\My-data\Share_P&L\Ichart Data\Screenshot\August26\2026-08-26\IVR-IVP_29SEP26_Report_2026-08-26_121607.xlsx,True,220,,,,,,,,,,,,,,,,,,
D:\My-data\Share_P&L\Ichart Data\Screenshot\August26\2026-08-26\IVR-IVP_29SEP26_Report_2026-08-26_122115.xlsx,True,220,,,,,,,,,,,,,,,,,,
D:\My-data\Share_P&L\Ichart Data\Screenshot\August26\2026-08-26\IVR-IVP_29SEP26_Report_2026-08-26_122622.xlsx,True,220,,,,,,,,,,,,,,,,,,
D:\My-data\Share_P&L\Ichart Data\Screenshot\August26\2026-08-26\IVR-IVP_29SEP26_Report_2026-08-26_123129.xlsx,True,220,,,,,,,,,,,,,,,,,,
D:\My-data\Share_P&L\Ichart Data\Screenshot\August26\2026-08-26\IVR-IVP_29SEP26_Report_2026-08-26_123637.xlsx,True,220,,,,,,,,,,,,,,,,,,
D:\My-data\Share_P&L\Ichart Data\Screenshot\August26\2026-08-26\IVR-IVP_29SEP26_Report_2026-08-26_124145.xlsx,True,220,,,,,,,,,,,,,,,,,,
D:\My-data\Share_P&L\Ichart Data\Screenshot\August26\2026-08-26\IVR-IVP_29SEP26_Report_2026-08-26_124652.xlsx,True,220,,,,,,,,,,,,,,,,,,
D:\My-data\Share_P&L\Ichart Data\Screenshot\August26\2026-08-26\IVR-IVP_29SEP26_Report_2026-08-26_125200.xlsx,True,220,,,,,,,,,,,,,,,,,,
D:\My-data\Share_P&L\Ichart Data\Screenshot\August26\2026-08-26\IVR-IVP_29SEP26_Report_2026-08-26_125707.xlsx,True,220,,,,,,,,,,,,,,,,,,
D:\My-data\Share_P&L\Ichart Data\Screenshot\August26\2026-08-26\IVR-IVP_29SEP26_Report_2026-08-26_130216.xlsx,True,220,,,,,,,,,,,,,,,,,,
D:\My-data\Share_P&L\Ichart Data\Screenshot\August26\2026-08-26\IVR-IVP_29SEP26_Report_2026-08-26_130725.xlsx,True,220,,,,,,,,,,,,,,,,,,
D:\My-data\Share_P&L\Ichart Data\Screenshot\August26\2026-08-26\IVR-IVP_29SEP26_Report_2026-08-26_131232.xlsx,True,220,,,,,,,,,,,,,,,,,,
D:\My-data\Share_P&L\Ichart Data\Screenshot\August26\2026-08-26\IVR-IVP_29SEP26_Report_2026-08-26_131742.xlsx,True,220,,,,,,,,,,,,,,,,,,
D:\My-data\Share_P&L\Ichart Data\Screenshot\August26\2026-08-26\IVR-IVP_29SEP26_Report_2026-08-26_132250.xlsx,True,220,,,,,,,,,,,,,,,,,,
D:\My-data\Share_P&L\Ichart Data\Screenshot\August26\2026-08-26\IVR-IVP_29SEP26_Report_2026-08-26_132759.xlsx,True,220,,,,,,,,,,,,,,,,,,
D:\My-data\Share_P&L\Ichart Data\Screenshot\August26\2026-08-26\IVR-IVP_29SEP26_Report_2026-08-26_133308.xlsx,True,220,,,,,,,,,,,,,,,,,,
D:\My-data\Share_P&L\Ichart Data\Screenshot\August26\2026-08-26\IVR-IVP_29SEP26_Report_2026-08-26_133816.xlsx,True,220,,,,,,,,,,,,,,,,,,
D:\My-data\Share_P&L\Ichart Data\Screenshot\August26\2026-08-26\IVR-IVP_29SEP26_Report_2026-08-26_134327.xlsx,True,220,,,,,,,,,,,,,,,,,,
D:\My-data\Share_P&L\Ichart Data\Screenshot\August26\2026-08-26\IVR-IVP_29SEP26_Report_2026-08-26_134835.xlsx,True,220,,,,,,,,,,,,,,,,,,
D:\My-data\Share_P&L\Ichart Data\Screenshot\August26\2026-08-26\IVR-IVP_29SEP26_Report_2026-08-26_135344.xlsx,True,220,,,,,,,,,,,,,,,,,,
D:\My-data\Share_P&L\Ichart Data\Screenshot\August26\2026-08-26\IVR-IVP_29SEP26_Report_2026-08-26_135853.xlsx,True,220,,,,,,,,,,,,,,,,,,
D:\My-data\Share_P&L\Ichart Data\Screenshot\August26\2026-08-26\IVR-IVP_29SEP26_Report_2026-08-26_140402.xlsx,True,220,,,,,,,,,,,,,,,,,,
D:\My-data\Share_P&L\Ichart Data\Screenshot\August26\2026-08-26\IVR-IVP_29SEP26_Report_2026-08-26_140910.xlsx,True,220,,,,,,,,,,,,,,,,,,
D:\My-data\Share_P&L\Ichart Data\Screenshot\August26\2026-08-26\IVR-IVP_29SEP26_Report_2026-08-26_141418.xlsx,True,220,,,,,,,,,,,,,,,,,,
D:\My-data\Share_P&L\Ichart Data\Screenshot\August26\2026-08-26\IVR-IVP_29SEP26_Report_2026-08-26_141926.xlsx,True,220,,,,,,,,,,,,,,,,,,
D:\My-data\Share_P&L\Ichart Data\Screenshot\August26\2026-08-26\IVR-IVP_29SEP26_Report_2026-08-26_142435.xlsx,True,220,,,,,,,,,,,,,,,,,,
D:\My-data\Share_P&L\Ichart Data\Screenshot\August26\2026-08-26\IVR-IVP_29SEP26_Report_2026-08-26_142943.xlsx,True,220,,,,,,,,,,,,,,,,,,
D:\My-data\Share_P&L\Ichart Data\Screenshot\August26\2026-08-26\IVR-IVP_29SEP26_Report_2026-08-26_143453.xlsx,True,220,,,,,,,,,,,,,,,,,,
D:\My-data\Share_P&L\Ichart Data\Screenshot\August26\2026-08-26\IVR-IVP_29SEP26_Report_2026-08-26_144001.xlsx,True,220,,,,,,,,,,,,,,,,,,
D:\My-data\Share_P&L\Ichart Data\Screenshot\August26\2026-08-26\Resistance_Resistance_29SEP26_Scan_26_8_2026.xlsx,True,157,Symbol,,,,,,,Price,,,Price Chg%,,,,,,,
D:\My-data\Share_P&L\Ichart Data\Screenshot\August26\2026-08-26\Resistance_Resistance_29SEP26_Scan_26_8_2026_092719.xlsx,True,158,Symbol,,,,,,,Price,,,Price Chg%,,,,,,,
D:\My-data\Share_P&L\Ichart Data\Screenshot\August26\2026-08-26\Resistance_Resistance_29SEP26_Scan_26_8_2026_093229.xlsx,True,155,Symbol,,,,,,,Price,,,Price Chg%,,,,,,,
D:\My-data\Share_P&L\Ichart Data\Screenshot\August26\2026-08-26\Resistance_Resistance_29SEP26_Scan_26_8_2026_093739.xlsx,True,154,Symbol,,,,,,,Price,,,Price Chg%,,,,,,,
D:\My-data\Share_P&L\Ichart Data\Screenshot\August26\2026-08-26\Resistance_Resistance_29SEP26_Scan_26_8_2026_094248.xlsx,True,155,Symbol,,,,,,,Price,,,Price Chg%,,,,,,,
D:\My-data\Share_P&L\Ichart Data\Screenshot\August26\2026-08-26\Resistance_Resistance_29SEP26_Scan_26_8_2026_094758.xlsx,True,154,Symbol,,,,,,,Price,,,Price Chg%,,,,,,,
D:\My-data\Share_P&L\Ichart Data\Screenshot\August26\2026-08-26\Resistance_Resistance_29SEP26_Scan_26_8_2026_095307.xlsx,True,151,Symbol,,,,,,,Price,,,Price Chg%,,,,,,,
D:\My-data\Share_P&L\Ichart Data\Screenshot\August26\2026-08-26\Resistance_Resistance_29SEP26_Scan_26_8_2026_095818.xlsx,True,157,Symbol,,,,,,,Price,,,Price Chg%,,,,,,,
D:\My-data\Share_P&L\Ichart Data\Screenshot\August26\2026-08-26\Resistance_Resistance_29SEP26_Scan_26_8_2026_100327.xlsx,True,156,Symbol,,,,,,,Price,,,Price Chg%,,,,,,,
D:\My-data\Share_P&L\Ichart Data\Screenshot\August26\2026-08-26\Resistance_Resistance_29SEP26_Scan_26_8_2026_100838.xlsx,True,156,Symbol,,,,,,,Price,,,Price Chg%,,,,,,,
D:\My-data\Share_P&L\Ichart Data\Screenshot\August26\2026-08-26\Resistance_Resistance_29SEP26_Scan_26_8_2026_101347.xlsx,True,155,Symbol,,,,,,,Price,,,Price Chg%,,,,,,,
D:\My-data\Share_P&L\Ichart Data\Screenshot\August26\2026-08-26\Resistance_Resistance_29SEP26_Scan_26_8_2026_101857.xlsx,True,153,Symbol,,,,,,,Price,,,Price Chg%,,,,,,,
D:\My-data\Share_P&L\Ichart Data\Screenshot\August26\2026-08-26\Resistance_Resistance_29SEP26_Scan_26_8_2026_102406.xlsx,True,147,Symbol,,,,,,,Price,,,Price Chg%,,,,,,,
D:\My-data\Share_P&L\Ichart Data\Screenshot\August26\2026-08-26\Resistance_Resistance_29SEP26_Scan_26_8_2026_102916.xlsx,True,148,Symbol,,,,,,,Price,,,Price Chg%,,,,,,,
D:\My-data\Share_P&L\Ichart Data\Screenshot\August26\2026-08-26\Resistance_Resistance_29SEP26_Scan_26_8_2026_103426.xlsx,True,149,Symbol,,,,,,,Price,,,Price Chg%,,,,,,,
D:\My-data\Share_P&L\Ichart Data\Screenshot\August26\2026-08-26\Resistance_Resistance_29SEP26_Scan_26_8_2026_103936.xlsx,True,148,Symbol,,,,,,,Price,,,Price Chg%,,,,,,,
D:\My-data\Share_P&L\Ichart Data\Screenshot\August26\2026-08-26\Resistance_Resistance_29SEP26_Scan_26_8_2026_104446.xlsx,True,149,Symbol,,,,,,,Price,,,Price Chg%,,,,,,,
D:\My-data\Share_P&L\Ichart Data\Screenshot\August26\2026-08-26\Resistance_Resistance_29SEP26_Scan_26_8_2026_104956.xlsx,True,152,Symbol,,,,,,,Price,,,Price Chg%,,,,,,,
D:\My-data\Share_P&L\Ichart Data\Screenshot\August26\2026-08-26\Resistance_Resistance_29SEP26_Scan_26_8_2026_105505.xlsx,True,148,Symbol,,,,,,,Price,,,Price Chg%,,,,,,,
D:\My-data\Share_P&L\Ichart Data\Screenshot\August26\2026-08-26\Resistance_Resistance_29SEP26_Scan_26_8_2026_110015.xlsx,True,151,Symbol,,,,,,,Price,,,Price Chg%,,,,,,,
D:\My-data\Share_P&L\Ichart Data\Screenshot\August26\2026-08-26\Resistance_Resistance_29SEP26_Scan_26_8_2026_110525.xlsx,True,153,Symbol,,,,,,,Price,,,Price Chg%,,,,,,,
D:\My-data\Share_P&L\Ichart Data\Screenshot\August26\2026-08-26\Resistance_Resistance_29SEP26_Scan_26_8_2026_111035.xlsx,True,150,Symbol,,,,,,,Price,,,Price Chg%,,,,,,,
D:\My-data\Share_P&L\Ichart Data\Screenshot\August26\2026-08-26\Resistance_Resistance_29SEP26_Scan_26_8_2026_111544.xlsx,True,150,Symbol,,,,,,,Price,,,Price Chg%,,,,,,,
D:\My-data\Share_P&L\Ichart Data\Screenshot\August26\2026-08-26\Resistance_Resistance_29SEP26_Scan_26_8_2026_112054.xlsx,True,128,Symbol,,,,,,,Price,,,Price Chg%,,,,,,,
D:\My-data\Share_P&L\Ichart Data\Screenshot\August26\2026-08-26\Resistance_Resistance_29SEP26_Scan_26_8_2026_112604.xlsx,True,149,Symbol,,,,,,,Price,,,Price Chg%,,,,,,,
D:\My-data\Share_P&L\Ichart Data\Screenshot\August26\2026-08-26\Resistance_Resistance_29SEP26_Scan_26_8_2026_113114.xlsx,True,148,Symbol,,,,,,,Price,,,Price Chg%,,,,,,,
D:\My-data\Share_P&L\Ichart Data\Screenshot\August26\2026-08-26\Resistance_Resistance_29SEP26_Scan_26_8_2026_113623.xlsx,True,150,Symbol,,,,,,,Price,,,Price Chg%,,,,,,,
D:\My-data\Share_P&L\Ichart Data\Screenshot\August26\2026-08-26\Resistance_Resistance_29SEP26_Scan_26_8_2026_114133.xlsx,True,146,Symbol,,,,,,,Price,,,Price Chg%,,,,,,,
D:\My-data\Share_P&L\Ichart Data\Screenshot\August26\2026-08-26\Resistance_Resistance_29SEP26_Scan_26_8_2026_114642.xlsx,True,146,Symbol,,,,,,,Price,,,Price Chg%,,,,,,,
D:\My-data\Share_P&L\Ichart Data\Screenshot\August26\2026-08-26\Resistance_Resistance_29SEP26_Scan_26_8_2026_115152.xlsx,True,144,Symbol,,,,,,,Price,,,Price Chg%,,,,,,,
D:\My-data\Share_P&L\Ichart Data\Screenshot\August26\2026-08-26\Resistance_Resistance_29SEP26_Scan_26_8_2026_115702.xlsx,True,143,Symbol,,,,,,,Price,,,Price Chg%,,,,,,,
D:\My-data\Share_P&L\Ichart Data\Screenshot\August26\2026-08-26\Resistance_Resistance_29SEP26_Scan_26_8_2026_120211.xlsx,True,145,Symbol,,,,,,,Price,,,Price Chg%,,,,,,,
D:\My-data\Share_P&L\Ichart Data\Screenshot\August26\2026-08-26\Resistance_Resistance_29SEP26_Scan_26_8_2026_120722.xlsx,True,144,Symbol,,,,,,,Price,,,Price Chg%,,,,,,,
D:\My-data\Share_P&L\Ichart Data\Screenshot\August26\2026-08-26\Resistance_Resistance_29SEP26_Scan_26_8_2026_121231.xlsx,True,143,Symbol,,,,,,,Price,,,Price Chg%,,,,,,,
D:\My-data\Share_P&L\Ichart Data\Screenshot\August26\2026-08-26\Resistance_Resistance_29SEP26_Scan_26_8_2026_121741.xlsx,True,146,Symbol,,,,,,,Price,,,Price Chg%,,,,,,,
D:\My-data\Share_P&L\Ichart Data\Screenshot\August26\2026-08-26\Resistance_Resistance_29SEP26_Scan_26_8_2026_122250.xlsx,True,146,Symbol,,,,,,,Price,,,Price Chg%,,,,,,,
D:\My-data\Share_P&L\Ichart Data\Screenshot\August26\2026-08-26\Resistance_Resistance_29SEP26_Scan_26_8_2026_122801.xlsx,True,148,Symbol,,,,,,,Price,,,Price Chg%,,,,,,,
D:\My-data\Share_P&L\Ichart Data\Screenshot\August26\2026-08-26\Resistance_Resistance_29SEP26_Scan_26_8_2026_123311.xlsx,True,145,Symbol,,,,,,,Price,,,Price Chg%,,,,,,,
D:\My-data\Share_P&L\Ichart Data\Screenshot\August26\2026-08-26\Resistance_Resistance_29SEP26_Scan_26_8_2026_123821.xlsx,True,146,Symbol,,,,,,,Price,,,Price Chg%,,,,,,,
D:\My-data\Share_P&L\Ichart Data\Screenshot\August26\2026-08-26\Resistance_Resistance_29SEP26_Scan_26_8_2026_124330.xlsx,True,145,Symbol,,,,,,,Price,,,Price Chg%,,,,,,,
D:\My-data\Share_P&L\Ichart Data\Screenshot\August26\2026-08-26\Resistance_Resistance_29SEP26_Scan_26_8_2026_124840.xlsx,True,145,Symbol,,,,,,,Price,,,Price Chg%,,,,,,,
D:\My-data\Share_P&L\Ichart Data\Screenshot\August26\2026-08-26\Resistance_Resistance_29SEP26_Scan_26_8_2026_125350.xlsx,True,145,Symbol,,,,,,,Price,,,Price Chg%,,,,,,,
D:\My-data\Share_P&L\Ichart Data\Screenshot\August26\2026-08-26\Resistance_Resistance_29SEP26_Scan_26_8_2026_125859.xlsx,True,144,Symbol,,,,,,,Price,,,Price Chg%,,,,,,,
D:\My-data\Share_P&L\Ichart Data\Screenshot\August26\2026-08-26\Resistance_Resistance_29SEP26_Scan_26_8_2026_130409.xlsx,True,145,Symbol,,,,,,,Price,,,Price Chg%,,,,,,,
D:\My-data\Share_P&L\Ichart Data\Screenshot\August26\2026-08-26\Resistance_Resistance_29SEP26_Scan_26_8_2026_130918.xlsx,True,145,Symbol,,,,,,,Price,,,Price Chg%,,,,,,,
D:\My-data\Share_P&L\Ichart Data\Screenshot\August26\2026-08-26\Resistance_Resistance_29SEP26_Scan_26_8_2026_131428.xlsx,True,146,Symbol,,,,,,,Price,,,Price Chg%,,,,,,,
D:\My-data\Share_P&L\Ichart Data\Screenshot\August26\2026-08-26\Resistance_Resistance_29SEP26_Scan_26_8_2026_131938.xlsx,True,146,Symbol,,,,,,,Price,,,Price Chg%,,,,,,,
D:\My-data\Share_P&L\Ichart Data\Screenshot\August26\2026-08-26\Resistance_Resistance_29SEP26_Scan_26_8_2026_132449.xlsx,True,146,Symbol,,,,,,,Price,,,Price Chg%,,,,,,,
D:\My-data\Share_P&L\Ichart Data\Screenshot\August26\2026-08-26\Resistance_Resistance_29SEP26_Scan_26_8_2026_132959.xlsx,True,146,Symbol,,,,,,,Price,,,Price Chg%,,,,,,,
D:\My-data\Share_P&L\Ichart Data\Screenshot\August26\2026-08-26\Resistance_Resistance_29SEP26_Scan_26_8_2026_133513.xlsx,True,144,Symbol,,,,,,,Price,,,Price Chg%,,,,,,,
D:\My-data\Share_P&L\Ichart Data\Screenshot\August26\2026-08-26\Resistance_Resistance_29SEP26_Scan_26_8_2026_134023.xlsx,True,143,Symbol,,,,,,,Price,,,Price Chg%,,,,,,,
D:\My-data\Share_P&L\Ichart Data\Screenshot\August26\2026-08-26\Resistance_Resistance_29SEP26_Scan_26_8_2026_134534.xlsx,True,143,Symbol,,,,,,,Price,,,Price Chg%,,,,,,,
D:\My-data\Share_P&L\Ichart Data\Screenshot\August26\2026-08-26\Resistance_Resistance_29SEP26_Scan_26_8_2026_135044.xlsx,True,142,Symbol,,,,,,,Price,,,Price Chg%,,,,,,,
D:\My-data\Share_P&L\Ichart Data\Screenshot\August26\2026-08-26\Resistance_Resistance_29SEP26_Scan_26_8_2026_135555.xlsx,True,140,Symbol,,,,,,,Price,,,Price Chg%,,,,,,,
D:\My-data\Share_P&L\Ichart Data\Screenshot\August26\2026-08-26\Resistance_Resistance_29SEP26_Scan_26_8_2026_140105.xlsx,True,141,Symbol,,,,,,,Price,,,Price Chg%,,,,,,,
D:\My-data\Share_P&L\Ichart Data\Screenshot\August26\2026-08-26\Resistance_Resistance_29SEP26_Scan_26_8_2026_140615.xlsx,True,138,Symbol,,,,,,,Price,,,Price Chg%,,,,,,,
D:\My-data\Share_P&L\Ichart Data\Screenshot\August26\2026-08-26\Resistance_Resistance_29SEP26_Scan_26_8_2026_141125.xlsx,True,139,Symbol,,,,,,,Price,,,Price Chg%,,,,,,,
D:\My-data\Share_P&L\Ichart Data\Screenshot\August26\2026-08-26\Resistance_Resistance_29SEP26_Scan_26_8_2026_141635.xlsx,True,137,Symbol,,,,,,,Price,,,Price Chg%,,,,,,,
D:\My-data\Share_P&L\Ichart Data\Screenshot\August26\2026-08-26\Resistance_Resistance_29SEP26_Scan_26_8_2026_142145.xlsx,True,138,Symbol,,,,,,,Price,,,Price Chg%,,,,,,,
D:\My-data\Share_P&L\Ichart Data\Screenshot\August26\2026-08-26\Resistance_Resistance_29SEP26_Scan_26_8_2026_142657.xlsx,True,137,Symbol,,,,,,,Price,,,Price Chg%,,,,,,,
D:\My-data\Share_P&L\Ichart Data\Screenshot\August26\2026-08-26\Resistance_Resistance_29SEP26_Scan_26_8_2026_143208.xlsx,True,139,Symbol,,,,,,,Price,,,Price Chg%,,,,,,,
D:\My-data\Share_P&L\Ichart Data\Screenshot\August26\2026-08-26\Resistance_Resistance_29SEP26_Scan_26_8_2026_143721.xlsx,True,140,Symbol,,,,,,,Price,,,Price Chg%,,,,,,,
D:\My-data\Share_P&L\Ichart Data\Screenshot\August26\2026-08-26\Resistance_Resistance_29SEP26_Scan_26_8_2026_144232.xlsx,True,141,Symbol,,,,,,,Price,,,Price Chg%,,,,,,,
D:\My-data\Share_P&L\Ichart Data\Screenshot\August26\2026-08-26\Sector_Summary_29SEP26_Report_26_8_2026.xlsx,True,48,,,,,,,,,,,Price chg (%),OI chg (%),,,,,Volume chg (%),Buildup
D:\My-data\Share_P&L\Ichart Data\Screenshot\August26\2026-08-26\Sector_Summary_29SEP26_Report_26_8_2026_092653.xlsx,True,49,,,,,,,,,,,Price chg (%),OI chg (%),,,,,Volume chg (%),Buildup
D:\My-data\Share_P&L\Ichart Data\Screenshot\August26\2026-08-26\Sector_Summary_29SEP26_Report_26_8_2026_093202.xlsx,True,49,,,,,,,,,,,Price chg (%),OI chg (%),,,,,Volume chg (%),Buildup
D:\My-data\Share_P&L\Ichart Data\Screenshot\August26\2026-08-26\Sector_Summary_29SEP26_Report_26_8_2026_093710.xlsx,True,49,,,,,,,,,,,Price chg (%),OI chg (%),,,,,Volume chg (%),Buildup
D:\My-data\Share_P&L\Ichart Data\Screenshot\August26\2026-08-26\Sector_Summary_29SEP26_Report_26_8_2026_094217.xlsx,True,49,,,,,,,,,,,Price chg (%),OI chg (%),,,,,Volume chg (%),Buildup
D:\My-data\Share_P&L\Ichart Data\Screenshot\August26\2026-08-26\Sector_Summary_29SEP26_Report_26_8_2026_094725.xlsx,True,48,,,,,,,,,,,Price chg (%),OI chg (%),,,,,Volume chg (%),Buildup
D:\My-data\Share_P&L\Ichart Data\Screenshot\August26\2026-08-26\Sector_Summary_29SEP26_Report_26_8_2026_095233.xlsx,True,49,,,,,,,,,,,Price chg (%),OI chg (%),,,,,Volume chg (%),Buildup
D:\My-data\Share_P&L\Ichart Data\Screenshot\August26\2026-08-26\Sector_Summary_29SEP26_Report_26_8_2026_095740.xlsx,True,49,,,,,,,,,,,Price chg (%),OI chg (%),,,,,Volume chg (%),Buildup
D:\My-data\Share_P&L\Ichart Data\Screenshot\August26\2026-08-26\Sector_Summary_29SEP26_Report_26_8_2026_100249.xlsx,True,49,,,,,,,,,,,Price chg (%),OI chg (%),,,,,Volume chg (%),Buildup
D:\My-data\Share_P&L\Ichart Data\Screenshot\August26\2026-08-26\Sector_Summary_29SEP26_Report_26_8_2026_100757.xlsx,True,49,,,,,,,,,,,Price chg (%),OI chg (%),,,,,Volume chg (%),Buildup
D:\My-data\Share_P&L\Ichart Data\Screenshot\August26\2026-08-26\Sector_Summary_29SEP26_Report_26_8_2026_101305.xlsx,True,47,,,,,,,,,,,Price chg (%),OI chg (%),,,,,Volume chg (%),Buildup
D:\My-data\Share_P&L\Ichart Data\Screenshot\August26\2026-08-26\Sector_Summary_29SEP26_Report_26_8_2026_101813.xlsx,True,49,,,,,,,,,,,Price chg (%),OI chg (%),,,,,Volume chg (%),Buildup
D:\My-data\Share_P&L\Ichart Data\Screenshot\August26\2026-08-26\Sector_Summary_29SEP26_Report_26_8_2026_102321.xlsx,True,49,,,,,,,,,,,Price chg (%),OI chg (%),,,,,Volume chg (%),Buildup
D:\My-data\Share_P&L\Ichart Data\Screenshot\August26\2026-08-26\Sector_Summary_29SEP26_Report_26_8_2026_102829.xlsx,True,48,,,,,,,,,,,Price chg (%),OI chg (%),,,,,Volume chg (%),Buildup
D:\My-data\Share_P&L\Ichart Data\Screenshot\August26\2026-08-26\Sector_Summary_29SEP26_Report_26_8_2026_103337.xlsx,True,49,,,,,,,,,,,Price chg (%),OI chg (%),,,,,Volume chg (%),Buildup
D:\My-data\Share_P&L\Ichart Data\Screenshot\August26\2026-08-26\Sector_Summary_29SEP26_Report_26_8_2026_103844.xlsx,True,49,,,,,,,,,,,Price chg (%),OI chg (%),,,,,Volume chg (%),Buildup
D:\My-data\Share_P&L\Ichart Data\Screenshot\August26\2026-08-26\Sector_Summary_29SEP26_Report_26_8_2026_104352.xlsx,True,49,,,,,,,,,,,Price chg (%),OI chg (%),,,,,Volume chg (%),Buildup
D:\My-data\Share_P&L\Ichart Data\Screenshot\August26\2026-08-26\Sector_Summary_29SEP26_Report_26_8_2026_104900.xlsx,True,48,,,,,,,,,,,Price chg (%),OI chg (%),,,,,Volume chg (%),Buildup
D:\My-data\Share_P&L\Ichart Data\Screenshot\August26\2026-08-26\Sector_Summary_29SEP26_Report_26_8_2026_105408.xlsx,True,49,,,,,,,,,,,Price chg (%),OI chg (%),,,,,Volume chg (%),Buildup
D:\My-data\Share_P&L\Ichart Data\Screenshot\August26\2026-08-26\Sector_Summary_29SEP26_Report_26_8_2026_105915.xlsx,True,49,,,,,,,,,,,Price chg (%),OI chg (%),,,,,Volume chg (%),Buildup
D:\My-data\Share_P&L\Ichart Data\Screenshot\August26\2026-08-26\Sector_Summary_29SEP26_Report_26_8_2026_110424.xlsx,True,49,,,,,,,,,,,Price chg (%),OI chg (%),,,,,Volume chg (%),Buildup
D:\My-data\Share_P&L\Ichart Data\Screenshot\August26\2026-08-26\Sector_Summary_29SEP26_Report_26_8_2026_110932.xlsx,True,49,,,,,,,,,,,Price chg (%),OI chg (%),,,,,Volume chg (%),Buildup
D:\My-data\Share_P&L\Ichart Data\Screenshot\August26\2026-08-26\Sector_Summary_29SEP26_Report_26_8_2026_111440.xlsx,True,49,,,,,,,,,,,Price chg (%),OI chg (%),,,,,Volume chg (%),Buildup
D:\My-data\Share_P&L\Ichart Data\Screenshot\August26\2026-08-26\Sector_Summary_29SEP26_Report_26_8_2026_111949.xlsx,True,49,,,,,,,,,,,Price chg (%),OI chg (%),,,,,Volume chg (%),Buildup
D:\My-data\Share_P&L\Ichart Data\Screenshot\August26\2026-08-26\Sector_Summary_29SEP26_Report_26_8_2026_112457.xlsx,True,49,,,,,,,,,,,Price chg (%),OI chg (%),,,,,Volume chg (%),Buildup
D:\My-data\Share_P&L\Ichart Data\Screenshot\August26\2026-08-26\Sector_Summary_29SEP26_Report_26_8_2026_113006.xlsx,True,49,,,,,,,,,,,Price chg (%),OI chg (%),,,,,Volume chg (%),Buildup
D:\My-data\Share_P&L\Ichart Data\Screenshot\August26\2026-08-26\Sector_Summary_29SEP26_Report_26_8_2026_113514.xlsx,True,48,,,,,,,,,,,Price chg (%),OI chg (%),,,,,Volume chg (%),Buildup
D:\My-data\Share_P&L\Ichart Data\Screenshot\August26\2026-08-26\Sector_Summary_29SEP26_Report_26_8_2026_114022.xlsx,True,49,,,,,,,,,,,Price chg (%),OI chg (%),,,,,Volume chg (%),Buildup
D:\My-data\Share_P&L\Ichart Data\Screenshot\August26\2026-08-26\Sector_Summary_29SEP26_Report_26_8_2026_114529.xlsx,True,49,,,,,,,,,,,Price chg (%),OI chg (%),,,,,Volume chg (%),Buildup
D:\My-data\Share_P&L\Ichart Data\Screenshot\August26\2026-08-26\Sector_Summary_29SEP26_Report_26_8_2026_115036.xlsx,True,48,,,,,,,,,,,Price chg (%),OI chg (%),,,,,Volume chg (%),Buildup
D:\My-data\Share_P&L\Ichart Data\Screenshot\August26\2026-08-26\Sector_Summary_29SEP26_Report_26_8_2026_115543.xlsx,True,49,,,,,,,,,,,Price chg (%),OI chg (%),,,,,Volume chg (%),Buildup
D:\My-data\Share_P&L\Ichart Data\Screenshot\August26\2026-08-26\Sector_Summary_29SEP26_Report_26_8_2026_120050.xlsx,True,49,,,,,,,,,,,Price chg (%),OI chg (%),,,,,Volume chg (%),Buildup
D:\My-data\Share_P&L\Ichart Data\Screenshot\August26\2026-08-26\Sector_Summary_29SEP26_Report_26_8_2026_120558.xlsx,True,49,,,,,,,,,,,Price chg (%),OI chg (%),,,,,Volume chg (%),Buildup
D:\My-data\Share_P&L\Ichart Data\Screenshot\August26\2026-08-26\Sector_Summary_29SEP26_Report_26_8_2026_121106.xlsx,True,49,,,,,,,,,,,Price chg (%),OI chg (%),,,,,Volume chg (%),Buildup
D:\My-data\Share_P&L\Ichart Data\Screenshot\August26\2026-08-26\Sector_Summary_29SEP26_Report_26_8_2026_121614.xlsx,True,49,,,,,,,,,,,Price chg (%),OI chg (%),,,,,Volume chg (%),Buildup
D:\My-data\Share_P&L\Ichart Data\Screenshot\August26\2026-08-26\Sector_Summary_29SEP26_Report_26_8_2026_122122.xlsx,True,48,,,,,,,,,,,Price chg (%),OI chg (%),,,,,Volume chg (%),Buildup
D:\My-data\Share_P&L\Ichart Data\Screenshot\August26\2026-08-26\Sector_Summary_29SEP26_Report_26_8_2026_122628.xlsx,True,48,,,,,,,,,,,Price chg (%),OI chg (%),,,,,Volume chg (%),Buildup
D:\My-data\Share_P&L\Ichart Data\Screenshot\August26\2026-08-26\Sector_Summary_29SEP26_Report_26_8_2026_123136.xlsx,True,49,,,,,,,,,,,Price chg (%),OI chg (%),,,,,Volume chg (%),Buildup
D:\My-data\Share_P&L\Ichart Data\Screenshot\August26\2026-08-26\Sector_Summary_29SEP26_Report_26_8_2026_123644.xlsx,True,49,,,,,,,,,,,Price chg (%),OI chg (%),,,,,Volume chg (%),Buildup
D:\My-data\Share_P&L\Ichart Data\Screenshot\August26\2026-08-26\Sector_Summary_29SEP26_Report_26_8_2026_124152.xlsx,True,49,,,,,,,,,,,Price chg (%),OI chg (%),,,,,Volume chg (%),Buildup
D:\My-data\Share_P&L\Ichart Data\Screenshot\August26\2026-08-26\Sector_Summary_29SEP26_Report_26_8_2026_124659.xlsx,True,47,,,,,,,,,,,Price chg (%),OI chg (%),,,,,Volume chg (%),Buildup
D:\My-data\Share_P&L\Ichart Data\Screenshot\August26\2026-08-26\Sector_Summary_29SEP26_Report_26_8_2026_125207.xlsx,True,48,,,,,,,,,,,Price chg (%),OI chg (%),,,,,Volume chg (%),Buildup
D:\My-data\Share_P&L\Ichart Data\Screenshot\August26\2026-08-26\Sector_Summary_29SEP26_Report_26_8_2026_125714.xlsx,True,49,,,,,,,,,,,Price chg (%),OI chg (%),,,,,Volume chg (%),Buildup
D:\My-data\Share_P&L\Ichart Data\Screenshot\August26\2026-08-26\Sector_Summary_29SEP26_Report_26_8_2026_130223.xlsx,True,49,,,,,,,,,,,Price chg (%),OI chg (%),,,,,Volume chg (%),Buildup
D:\My-data\Share_P&L\Ichart Data\Screenshot\August26\2026-08-26\Sector_Summary_29SEP26_Report_26_8_2026_130732.xlsx,True,49,,,,,,,,,,,Price chg (%),OI chg (%),,,,,Volume chg (%),Buildup
D:\My-data\Share_P&L\Ichart Data\Screenshot\August26\2026-08-26\Sector_Summary_29SEP26_Report_26_8_2026_131239.xlsx,True,49,,,,,,,,,,,Price chg (%),OI chg (%),,,,,Volume chg (%),Buildup
D:\My-data\Share_P&L\Ichart Data\Screenshot\August26\2026-08-26\Sector_Summary_29SEP26_Report_26_8_2026_131749.xlsx,True,48,,,,,,,,,,,Price chg (%),OI chg (%),,,,,Volume chg (%),Buildup
D:\My-data\Share_P&L\Ichart Data\Screenshot\August26\2026-08-26\Sector_Summary_29SEP26_Report_26_8_2026_132257.xlsx,True,48,,,,,,,,,,,Price chg (%),OI chg (%),,,,,Volume chg (%),Buildup
D:\My-data\Share_P&L\Ichart Data\Screenshot\August26\2026-08-26\Sector_Summary_29SEP26_Report_26_8_2026_132806.xlsx,True,49,,,,,,,,,,,Price chg (%),OI chg (%),,,,,Volume chg (%),Buildup
D:\My-data\Share_P&L\Ichart Data\Screenshot\August26\2026-08-26\Sector_Summary_29SEP26_Report_26_8_2026_133315.xlsx,True,49,,,,,,,,,,,Price chg (%),OI chg (%),,,,,Volume chg (%),Buildup
D:\My-data\Share_P&L\Ichart Data\Screenshot\August26\2026-08-26\Sector_Summary_29SEP26_Report_26_8_2026_133824.xlsx,True,49,,,,,,,,,,,Price chg (%),OI chg (%),,,,,Volume chg (%),Buildup
D:\My-data\Share_P&L\Ichart Data\Screenshot\August26\2026-08-26\Sector_Summary_29SEP26_Report_26_8_2026_134334.xlsx,True,49,,,,,,,,,,,Price chg (%),OI chg (%),,,,,Volume chg (%),Buildup
D:\My-data\Share_P&L\Ichart Data\Screenshot\August26\2026-08-26\Sector_Summary_29SEP26_Report_26_8_2026_134842.xlsx,True,49,,,,,,,,,,,Price chg (%),OI chg (%),,,,,Volume chg (%),Buildup
D:\My-data\Share_P&L\Ichart Data\Screenshot\August26\2026-08-26\Sector_Summary_29SEP26_Report_26_8_2026_135351.xlsx,True,49,,,,,,,,,,,Price chg (%),OI chg (%),,,,,Volume chg (%),Buildup
D:\My-data\Share_P&L\Ichart Data\Screenshot\August26\2026-08-26\Sector_Summary_29SEP26_Report_26_8_2026_135900.xlsx,True,49,,,,,,,,,,,Price chg (%),OI chg (%),,,,,Volume chg (%),Buildup
D:\My-data\Share_P&L\Ichart Data\Screenshot\August26\2026-08-26\Sector_Summary_29SEP26_Report_26_8_2026_140409.xlsx,True,49,,,,,,,,,,,Price chg (%),OI chg (%),,,,,Volume chg (%),Buildup
D:\My-data\Share_P&L\Ichart Data\Screenshot\August26\2026-08-26\Sector_Summary_29SEP26_Report_26_8_2026_140917.xlsx,True,49,,,,,,,,,,,Price chg (%),OI chg (%),,,,,Volume chg (%),Buildup
D:\My-data\Share_P&L\Ichart Data\Screenshot\August26\2026-08-26\Sector_Summary_29SEP26_Report_26_8_2026_141425.xlsx,True,49,,,,,,,,,,,Price chg (%),OI chg (%),,,,,Volume chg (%),Buildup
D:\My-data\Share_P&L\Ichart Data\Screenshot\August26\2026-08-26\Sector_Summary_29SEP26_Report_26_8_2026_141935.xlsx,True,49,,,,,,,,,,,Price chg (%),OI chg (%),,,,,Volume chg (%),Buildup
D:\My-data\Share_P&L\Ichart Data\Screenshot\August26\2026-08-26\Sector_Summary_29SEP26_Report_26_8_2026_142442.xlsx,True,49,,,,,,,,,,,Price chg (%),OI chg (%),,,,,Volume chg (%),Buildup
D:\My-data\Share_P&L\Ichart Data\Screenshot\August26\2026-08-26\Sector_Summary_29SEP26_Report_26_8_2026_142950.xlsx,True,49,,,,,,,,,,,Price chg (%),OI chg (%),,,,,Volume chg (%),Buildup
D:\My-data\Share_P&L\Ichart Data\Screenshot\August26\2026-08-26\Sector_Summary_29SEP26_Report_26_8_2026_143501.xlsx,True,49,,,,,,,,,,,Price chg (%),OI chg (%),,,,,Volume chg (%),Buildup
D:\My-data\Share_P&L\Ichart Data\Screenshot\August26\2026-08-26\Sector_Summary_29SEP26_Report_26_8_2026_144010.xlsx,True,49,,,,,,,,,,,Price chg (%),OI chg (%),,,,,Volume chg (%),Buildup
D:\My-data\Share_P&L\Ichart Data\Screenshot\August26\2026-08-26\Support_Resistance_29SEP26_Scan_26_8_2026.xlsx,True,115,Symbol,,,,,,,Price,,,Price Chg%,,,,,,,
D:\My-data\Share_P&L\Ichart Data\Screenshot\August26\2026-08-26\Support_Resistance_29SEP26_Scan_26_8_2026_092709.xlsx,True,124,Symbol,,,,,,,Price,,,Price Chg%,,,,,,,
D:\My-data\Share_P&L\Ichart Data\Screenshot\August26\2026-08-26\Support_Resistance_29SEP26_Scan_26_8_2026_093219.xlsx,True,128,Symbol,,,,,,,Price,,,Price Chg%,,,,,,,
D:\My-data\Share_P&L\Ichart Data\Screenshot\August26\2026-08-26\Support_Resistance_29SEP26_Scan_26_8_2026_093729.xlsx,True,129,Symbol,,,,,,,Price,,,Price Chg%,,,,,,,
D:\My-data\Share_P&L\Ichart Data\Screenshot\August26\2026-08-26\Support_Resistance_29SEP26_Scan_26_8_2026_094238.xlsx,True,127,Symbol,,,,,,,Price,,,Price Chg%,,,,,,,
D:\My-data\Share_P&L\Ichart Data\Screenshot\August26\2026-08-26\Support_Resistance_29SEP26_Scan_26_8_2026_094747.xlsx,True,128,Symbol,,,,,,,Price,,,Price Chg%,,,,,,,
D:\My-data\Share_P&L\Ichart Data\Screenshot\August26\2026-08-26\Support_Resistance_29SEP26_Scan_26_8_2026_095256.xlsx,True,129,Symbol,,,,,,,Price,,,Price Chg%,,,,,,,
D:\My-data\Share_P&L\Ichart Data\Screenshot\August26\2026-08-26\Support_Resistance_29SEP26_Scan_26_8_2026_095806.xlsx,True,128,Symbol,,,,,,,Price,,,Price Chg%,,,,,,,
D:\My-data\Share_P&L\Ichart Data\Screenshot\August26\2026-08-26\Support_Resistance_29SEP26_Scan_26_8_2026_100316.xlsx,True,131,Symbol,,,,,,,Price,,,Price Chg%,,,,,,,
D:\My-data\Share_P&L\Ichart Data\Screenshot\August26\2026-08-26\Support_Resistance_29SEP26_Scan_26_8_2026_100826.xlsx,True,134,Symbol,,,,,,,Price,,,Price Chg%,,,,,,,
D:\My-data\Share_P&L\Ichart Data\Screenshot\August26\2026-08-26\Support_Resistance_29SEP26_Scan_26_8_2026_101336.xlsx,True,132,Symbol,,,,,,,Price,,,Price Chg%,,,,,,,
D:\My-data\Share_P&L\Ichart Data\Screenshot\August26\2026-08-26\Support_Resistance_29SEP26_Scan_26_8_2026_101846.xlsx,True,129,Symbol,,,,,,,Price,,,Price Chg%,,,,,,,
D:\My-data\Share_P&L\Ichart Data\Screenshot\August26\2026-08-26\Support_Resistance_29SEP26_Scan_26_8_2026_102355.xlsx,True,130,Symbol,,,,,,,Price,,,Price Chg%,,,,,,,
D:\My-data\Share_P&L\Ichart Data\Screenshot\August26\2026-08-26\Support_Resistance_29SEP26_Scan_26_8_2026_102903.xlsx,True,128,Symbol,,,,,,,Price,,,Price Chg%,,,,,,,
D:\My-data\Share_P&L\Ichart Data\Screenshot\August26\2026-08-26\Support_Resistance_29SEP26_Scan_26_8_2026_103412.xlsx,True,127,Symbol,,,,,,,Price,,,Price Chg%,,,,,,,
D:\My-data\Share_P&L\Ichart Data\Screenshot\August26\2026-08-26\Support_Resistance_29SEP26_Scan_26_8_2026_103922.xlsx,True,125,Symbol,,,,,,,Price,,,Price Chg%,,,,,,,
D:\My-data\Share_P&L\Ichart Data\Screenshot\August26\2026-08-26\Support_Resistance_29SEP26_Scan_26_8_2026_104433.xlsx,True,129,Symbol,,,,,,,Price,,,Price Chg%,,,,,,,
D:\My-data\Share_P&L\Ichart Data\Screenshot\August26\2026-08-26\Support_Resistance_29SEP26_Scan_26_8_2026_104942.xlsx,True,129,Symbol,,,,,,,Price,,,Price Chg%,,,,,,,
D:\My-data\Share_P&L\Ichart Data\Screenshot\August26\2026-08-26\Support_Resistance_29SEP26_Scan_26_8_2026_105452.xlsx,True,126,Symbol,,,,,,,Price,,,Price Chg%,,,,,,,
D:\My-data\Share_P&L\Ichart Data\Screenshot\August26\2026-08-26\Support_Resistance_29SEP26_Scan_26_8_2026_110001.xlsx,True,130,Symbol,,,,,,,Price,,,Price Chg%,,,,,,,
D:\My-data\Share_P&L\Ichart Data\Screenshot\August26\2026-08-26\Support_Resistance_29SEP26_Scan_26_8_2026_110511.xlsx,True,128,Symbol,,,,,,,Price,,,Price Chg%,,,,,,,
D:\My-data\Share_P&L\Ichart Data\Screenshot\August26\2026-08-26\Support_Resistance_29SEP26_Scan_26_8_2026_111021.xlsx,True,126,Symbol,,,,,,,Price,,,Price Chg%,,,,,,,
D:\My-data\Share_P&L\Ichart Data\Screenshot\August26\2026-08-26\Support_Resistance_29SEP26_Scan_26_8_2026_111530.xlsx,True,127,Symbol,,,,,,,Price,,,Price Chg%,,,,,,,
D:\My-data\Share_P&L\Ichart Data\Screenshot\August26\2026-08-26\Support_Resistance_29SEP26_Scan_26_8_2026_112040.xlsx,True,128,Symbol,,,,,,,Price,,,Price Chg%,,,,,,,
D:\My-data\Share_P&L\Ichart Data\Screenshot\August26\2026-08-26\Support_Resistance_29SEP26_Scan_26_8_2026_112550.xlsx,True,126,Symbol,,,,,,,Price,,,Price Chg%,,,,,,,
D:\My-data\Share_P&L\Ichart Data\Screenshot\August26\2026-08-26\Support_Resistance_29SEP26_Scan_26_8_2026_113059.xlsx,True,125,Symbol,,,,,,,Price,,,Price Chg%,,,,,,,
D:\My-data\Share_P&L\Ichart Data\Screenshot\August26\2026-08-26\Support_Resistance_29SEP26_Scan_26_8_2026_113609.xlsx,True,126,Symbol,,,,,,,Price,,,Price Chg%,,,,,,,
D:\My-data\Share_P&L\Ichart Data\Screenshot\August26\2026-08-26\Support_Resistance_29SEP26_Scan_26_8_2026_114119.xlsx,True,127,Symbol,,,,,,,Price,,,Price Chg%,,,,,,,
D:\My-data\Share_P&L\Ichart Data\Screenshot\August26\2026-08-26\Support_Resistance_29SEP26_Scan_26_8_2026_114629.xlsx,True,146,Symbol,,,,,,,Price,,,Price Chg%,,,,,,,
D:\My-data\Share_P&L\Ichart Data\Screenshot\August26\2026-08-26\Support_Resistance_29SEP26_Scan_26_8_2026_115138.xlsx,True,123,Symbol,,,,,,,Price,,,Price Chg%,,,,,,,
D:\My-data\Share_P&L\Ichart Data\Screenshot\August26\2026-08-26\Support_Resistance_29SEP26_Scan_26_8_2026_115648.xlsx,True,122,Symbol,,,,,,,Price,,,Price Chg%,,,,,,,
D:\My-data\Share_P&L\Ichart Data\Screenshot\August26\2026-08-26\Support_Resistance_29SEP26_Scan_26_8_2026_120157.xlsx,True,122,Symbol,,,,,,,Price,,,Price Chg%,,,,,,,
D:\My-data\Share_P&L\Ichart Data\Screenshot\August26\2026-08-26\Support_Resistance_29SEP26_Scan_26_8_2026_120708.xlsx,True,121,Symbol,,,,,,,Price,,,Price Chg%,,,,,,,
D:\My-data\Share_P&L\Ichart Data\Screenshot\August26\2026-08-26\Support_Resistance_29SEP26_Scan_26_8_2026_121218.xlsx,True,120,Symbol,,,,,,,Price,,,Price Chg%,,,,,,,
D:\My-data\Share_P&L\Ichart Data\Screenshot\August26\2026-08-26\Support_Resistance_29SEP26_Scan_26_8_2026_121729.xlsx,True,120,Symbol,,,,,,,Price,,,Price Chg%,,,,,,,
D:\My-data\Share_P&L\Ichart Data\Screenshot\August26\2026-08-26\Support_Resistance_29SEP26_Scan_26_8_2026_122239.xlsx,True,117,Symbol,,,,,,,Price,,,Price Chg%,,,,,,,
D:\My-data\Share_P&L\Ichart Data\Screenshot\August26\2026-08-26\Support_Resistance_29SEP26_Scan_26_8_2026_122749.xlsx,True,120,Symbol,,,,,,,Price,,,Price Chg%,,,,,,,
D:\My-data\Share_P&L\Ichart Data\Screenshot\August26\2026-08-26\Support_Resistance_29SEP26_Scan_26_8_2026_123259.xlsx,True,119,Symbol,,,,,,,Price,,,Price Chg%,,,,,,,
D:\My-data\Share_P&L\Ichart Data\Screenshot\August26\2026-08-26\Support_Resistance_29SEP26_Scan_26_8_2026_123809.xlsx,True,117,Symbol,,,,,,,Price,,,Price Chg%,,,,,,,
D:\My-data\Share_P&L\Ichart Data\Screenshot\August26\2026-08-26\Support_Resistance_29SEP26_Scan_26_8_2026_124319.xlsx,True,119,Symbol,,,,,,,Price,,,Price Chg%,,,,,,,
D:\My-data\Share_P&L\Ichart Data\Screenshot\August26\2026-08-26\Support_Resistance_29SEP26_Scan_26_8_2026_124828.xlsx,True,118,Symbol,,,,,,,Price,,,Price Chg%,,,,,,,
D:\My-data\Share_P&L\Ichart Data\Screenshot\August26\2026-08-26\Support_Resistance_29SEP26_Scan_26_8_2026_125339.xlsx,True,120,Symbol,,,,,,,Price,,,Price Chg%,,,,,,,
D:\My-data\Share_P&L\Ichart Data\Screenshot\August26\2026-08-26\Support_Resistance_29SEP26_Scan_26_8_2026_125848.xlsx,True,120,Symbol,,,,,,,Price,,,Price Chg%,,,,,,,
D:\My-data\Share_P&L\Ichart Data\Screenshot\August26\2026-08-26\Support_Resistance_29SEP26_Scan_26_8_2026_130357.xlsx,True,121,Symbol,,,,,,,Price,,,Price Chg%,,,,,,,
D:\My-data\Share_P&L\Ichart Data\Screenshot\August26\2026-08-26\Support_Resistance_29SEP26_Scan_26_8_2026_130907.xlsx,True,120,Symbol,,,,,,,Price,,,Price Chg%,,,,,,,
D:\My-data\Share_P&L\Ichart Data\Screenshot\August26\2026-08-26\Support_Resistance_29SEP26_Scan_26_8_2026_131418.xlsx,True,121,Symbol,,,,,,,Price,,,Price Chg%,,,,,,,
D:\My-data\Share_P&L\Ichart Data\Screenshot\August26\2026-08-26\Support_Resistance_29SEP26_Scan_26_8_2026_131928.xlsx,True,123,Symbol,,,,,,,Price,,,Price Chg%,,,,,,,
D:\My-data\Share_P&L\Ichart Data\Screenshot\August26\2026-08-26\Support_Resistance_29SEP26_Scan_26_8_2026_132438.xlsx,True,124,Symbol,,,,,,,Price,,,Price Chg%,,,,,,,
D:\My-data\Share_P&L\Ichart Data\Screenshot\August26\2026-08-26\Support_Resistance_29SEP26_Scan_26_8_2026_132949.xlsx,True,123,Symbol,,,,,,,Price,,,Price Chg%,,,,,,,
D:\My-data\Share_P&L\Ichart Data\Screenshot\August26\2026-08-26\Support_Resistance_29SEP26_Scan_26_8_2026_133502.xlsx,True,144,Symbol,,,,,,,Price,,,Price Chg%,,,,,,,
D:\My-data\Share_P&L\Ichart Data\Screenshot\August26\2026-08-26\Support_Resistance_29SEP26_Scan_26_8_2026_134013.xlsx,True,123,Symbol,,,,,,,Price,,,Price Chg%,,,,,,,
D:\My-data\Share_P&L\Ichart Data\Screenshot\August26\2026-08-26\Support_Resistance_29SEP26_Scan_26_8_2026_134523.xlsx,True,123,Symbol,,,,,,,Price,,,Price Chg%,,,,,,,
D:\My-data\Share_P&L\Ichart Data\Screenshot\August26\2026-08-26\Support_Resistance_29SEP26_Scan_26_8_2026_135033.xlsx,True,123,Symbol,,,,,,,Price,,,Price Chg%,,,,,,,
D:\My-data\Share_P&L\Ichart Data\Screenshot\August26\2026-08-26\Support_Resistance_29SEP26_Scan_26_8_2026_135543.xlsx,True,120,Symbol,,,,,,,Price,,,Price Chg%,,,,,,,
D:\My-data\Share_P&L\Ichart Data\Screenshot\August26\2026-08-26\Support_Resistance_29SEP26_Scan_26_8_2026_140053.xlsx,True,125,Symbol,,,,,,,Price,,,Price Chg%,,,,,,,
D:\My-data\Share_P&L\Ichart Data\Screenshot\August26\2026-08-26\Support_Resistance_29SEP26_Scan_26_8_2026_140603.xlsx,True,124,Symbol,,,,,,,Price,,,Price Chg%,,,,,,,
D:\My-data\Share_P&L\Ichart Data\Screenshot\August26\2026-08-26\Support_Resistance_29SEP26_Scan_26_8_2026_141113.xlsx,True,124,Symbol,,,,,,,Price,,,Price Chg%,,,,,,,
D:\My-data\Share_P&L\Ichart Data\Screenshot\August26\2026-08-26\Support_Resistance_29SEP26_Scan_26_8_2026_141624.xlsx,True,118,Symbol,,,,,,,Price,,,Price Chg%,,,,,,,
D:\My-data\Share_P&L\Ichart Data\Screenshot\August26\2026-08-26\Support_Resistance_29SEP26_Scan_26_8_2026_142135.xlsx,True,119,Symbol,,,,,,,Price,,,Price Chg%,,,,,,,
D:\My-data\Share_P&L\Ichart Data\Screenshot\August26\2026-08-26\Support_Resistance_29SEP26_Scan_26_8_2026_142646.xlsx,True,120,Symbol,,,,,,,Price,,,Price Chg%,,,,,,,
D:\My-data\Share_P&L\Ichart Data\Screenshot\August26\2026-08-26\Support_Resistance_29SEP26_Scan_26_8_2026_143157.xlsx,True,122,Symbol,,,,,,,Price,,,Price Chg%,,,,,,,
D:\My-data\Share_P&L\Ichart Data\Screenshot\August26\2026-08-26\Support_Resistance_29SEP26_Scan_26_8_2026_143707.xlsx,True,123,Symbol,,,,,,,Price,,,Price Chg%,,,,,,,
D:\My-data\Share_P&L\Ichart Data\Screenshot\August26\2026-08-26\Support_Resistance_29SEP26_Scan_26_8_2026_144219.xlsx,True,121,Symbol,,,,,,,Price,,,Price Chg%,,,,,,,
D:\My-data\Share_P&L\Ichart Data\Screenshot\August26\2026-08-26\VolumeAndOISpikesScans_29SEP26_Report_26_8_2026.xlsx,True,219,Symbol,,,,,,,Price,,,Price chg (%),OI chg (%),,,,,Volume Chg (%),
D:\My-data\Share_P&L\Ichart Data\Screenshot\August26\2026-08-26\VolumeAndOISpikesScans_29SEP26_Report_26_8_2026_092700.xlsx,True,219,Symbol,,,,,,,Price,,,Price chg (%),OI chg (%),,,,,Volume Chg (%),
D:\My-data\Share_P&L\Ichart Data\Screenshot\August26\2026-08-26\VolumeAndOISpikesScans_29SEP26_Report_26_8_2026_093209.xlsx,True,219,Symbol,,,,,,,Price,,,Price chg (%),OI chg (%),,,,,Volume Chg (%),
D:\My-data\Share_P&L\Ichart Data\Screenshot\August26\2026-08-26\VolumeAndOISpikesScans_29SEP26_Report_26_8_2026_093717.xlsx,True,219,Symbol,,,,,,,Price,,,Price chg (%),OI chg (%),,,,,Volume Chg (%),
D:\My-data\Share_P&L\Ichart Data\Screenshot\August26\2026-08-26\VolumeAndOISpikesScans_29SEP26_Report_26_8_2026_094224.xlsx,True,219,Symbol,,,,,,,Price,,,Price chg (%),OI chg (%),,,,,Volume Chg (%),
D:\My-data\Share_P&L\Ichart Data\Screenshot\August26\2026-08-26\VolumeAndOISpikesScans_29SEP26_Report_26_8_2026_094732.xlsx,True,219,Symbol,,,,,,,Price,,,Price chg (%),OI chg (%),,,,,Volume Chg (%),
D:\My-data\Share_P&L\Ichart Data\Screenshot\August26\2026-08-26\VolumeAndOISpikesScans_29SEP26_Report_26_8_2026_095240.xlsx,True,219,Symbol,,,,,,,Price,,,Price chg (%),OI chg (%),,,,,Volume Chg (%),
D:\My-data\Share_P&L\Ichart Data\Screenshot\August26\2026-08-26\VolumeAndOISpikesScans_29SEP26_Report_26_8_2026_095747.xlsx,True,219,Symbol,,,,,,,Price,,,Price chg (%),OI chg (%),,,,,Volume Chg (%),
D:\My-data\Share_P&L\Ichart Data\Screenshot\August26\2026-08-26\VolumeAndOISpikesScans_29SEP26_Report_26_8_2026_100256.xlsx,True,219,Symbol,,,,,,,Price,,,Price chg (%),OI chg (%),,,,,Volume Chg (%),
D:\My-data\Share_P&L\Ichart Data\Screenshot\August26\2026-08-26\VolumeAndOISpikesScans_29SEP26_Report_26_8_2026_100804.xlsx,True,219,Symbol,,,,,,,Price,,,Price chg (%),OI chg (%),,,,,Volume Chg (%),
D:\My-data\Share_P&L\Ichart Data\Screenshot\August26\2026-08-26\VolumeAndOISpikesScans_29SEP26_Report_26_8_2026_101312.xlsx,True,219,Symbol,,,,,,,Price,,,Price chg (%),OI chg (%),,,,,Volume Chg (%),
D:\My-data\Share_P&L\Ichart Data\Screenshot\August26\2026-08-26\VolumeAndOISpikesScans_29SEP26_Report_26_8_2026_101820.xlsx,True,219,Symbol,,,,,,,Price,,,Price chg (%),OI chg (%),,,,,Volume Chg (%),
D:\My-data\Share_P&L\Ichart Data\Screenshot\August26\2026-08-26\VolumeAndOISpikesScans_29SEP26_Report_26_8_2026_102328.xlsx,True,219,Symbol,,,,,,,Price,,,Price chg (%),OI chg (%),,,,,Volume Chg (%),
D:\My-data\Share_P&L\Ichart Data\Screenshot\August26\2026-08-26\VolumeAndOISpikesScans_29SEP26_Report_26_8_2026_102836.xlsx,True,219,Symbol,,,,,,,Price,,,Price chg (%),OI chg (%),,,,,Volume Chg (%),
D:\My-data\Share_P&L\Ichart Data\Screenshot\August26\2026-08-26\VolumeAndOISpikesScans_29SEP26_Report_26_8_2026_103343.xlsx,True,219,Symbol,,,,,,,Price,,,Price chg (%),OI chg (%),,,,,Volume Chg (%),
D:\My-data\Share_P&L\Ichart Data\Screenshot\August26\2026-08-26\VolumeAndOISpikesScans_29SEP26_Report_26_8_2026_103851.xlsx,True,219,Symbol,,,,,,,Price,,,Price chg (%),OI chg (%),,,,,Volume Chg (%),
D:\My-data\Share_P&L\Ichart Data\Screenshot\August26\2026-08-26\VolumeAndOISpikesScans_29SEP26_Report_26_8_2026_104359.xlsx,True,219,Symbol,,,,,,,Price,,,Price chg (%),OI chg (%),,,,,Volume Chg (%),
D:\My-data\Share_P&L\Ichart Data\Screenshot\August26\2026-08-26\VolumeAndOISpikesScans_29SEP26_Report_26_8_2026_104906.xlsx,True,219,Symbol,,,,,,,Price,,,Price chg (%),OI chg (%),,,,,Volume Chg (%),
D:\My-data\Share_P&L\Ichart Data\Screenshot\August26\2026-08-26\VolumeAndOISpikesScans_29SEP26_Report_26_8_2026_105414.xlsx,True,219,Symbol,,,,,,,Price,,,Price chg (%),OI chg (%),,,,,Volume Chg (%),
D:\My-data\Share_P&L\Ichart Data\Screenshot\August26\2026-08-26\VolumeAndOISpikesScans_29SEP26_Report_26_8_2026_105922.xlsx,True,219,Symbol,,,,,,,Price,,,Price chg (%),OI chg (%),,,,,Volume Chg (%),
D:\My-data\Share_P&L\Ichart Data\Screenshot\August26\2026-08-26\VolumeAndOISpikesScans_29SEP26_Report_26_8_2026_110431.xlsx,True,219,Symbol,,,,,,,Price,,,Price chg (%),OI chg (%),,,,,Volume Chg (%),
D:\My-data\Share_P&L\Ichart Data\Screenshot\August26\2026-08-26\VolumeAndOISpikesScans_29SEP26_Report_26_8_2026_110939.xlsx,True,219,Symbol,,,,,,,Price,,,Price chg (%),OI chg (%),,,,,Volume Chg (%),
D:\My-data\Share_P&L\Ichart Data\Screenshot\August26\2026-08-26\VolumeAndOISpikesScans_29SEP26_Report_26_8_2026_111447.xlsx,True,219,Symbol,,,,,,,Price,,,Price chg (%),OI chg (%),,,,,Volume Chg (%),
D:\My-data\Share_P&L\Ichart Data\Screenshot\August26\2026-08-26\VolumeAndOISpikesScans_29SEP26_Report_26_8_2026_111956.xlsx,True,219,Symbol,,,,,,,Price,,,Price chg (%),OI chg (%),,,,,Volume Chg (%),
D:\My-data\Share_P&L\Ichart Data\Screenshot\August26\2026-08-26\VolumeAndOISpikesScans_29SEP26_Report_26_8_2026_112504.xlsx,True,219,Symbol,,,,,,,Price,,,Price chg (%),OI chg (%),,,,,Volume Chg (%),
D:\My-data\Share_P&L\Ichart Data\Screenshot\August26\2026-08-26\VolumeAndOISpikesScans_29SEP26_Report_26_8_2026_113013.xlsx,True,219,Symbol,,,,,,,Price,,,Price chg (%),OI chg (%),,,,,Volume Chg (%),
D:\My-data\Share_P&L\Ichart Data\Screenshot\August26\2026-08-26\VolumeAndOISpikesScans_29SEP26_Report_26_8_2026_113520.xlsx,True,219,Symbol,,,,,,,Price,,,Price chg (%),OI chg (%),,,,,Volume Chg (%),
D:\My-data\Share_P&L\Ichart Data\Screenshot\August26\2026-08-26\VolumeAndOISpikesScans_29SEP26_Report_26_8_2026_114029.xlsx,True,219,Symbol,,,,,,,Price,,,Price chg (%),OI chg (%),,,,,Volume Chg (%),
D:\My-data\Share_P&L\Ichart Data\Screenshot\August26\2026-08-26\VolumeAndOISpikesScans_29SEP26_Report_26_8_2026_114536.xlsx,True,219,Symbol,,,,,,,Price,,,Price chg (%),OI chg (%),,,,,Volume Chg (%),
D:\My-data\Share_P&L\Ichart Data\Screenshot\August26\2026-08-26\VolumeAndOISpikesScans_29SEP26_Report_26_8_2026_115042.xlsx,True,219,Symbol,,,,,,,Price,,,Price chg (%),OI chg (%),,,,,Volume Chg (%),
D:\My-data\Share_P&L\Ichart Data\Screenshot\August26\2026-08-26\VolumeAndOISpikesScans_29SEP26_Report_26_8_2026_115550.xlsx,True,219,Symbol,,,,,,,Price,,,Price chg (%),OI chg (%),,,,,Volume Chg (%),
D:\My-data\Share_P&L\Ichart Data\Screenshot\August26\2026-08-26\VolumeAndOISpikesScans_29SEP26_Report_26_8_2026_120057.xlsx,True,219,Symbol,,,,,,,Price,,,Price chg (%),OI chg (%),,,,,Volume Chg (%),
D:\My-data\Share_P&L\Ichart Data\Screenshot\August26\2026-08-26\VolumeAndOISpikesScans_29SEP26_Report_26_8_2026_120605.xlsx,True,219,Symbol,,,,,,,Price,,,Price chg (%),OI chg (%),,,,,Volume Chg (%),
D:\My-data\Share_P&L\Ichart Data\Screenshot\August26\2026-08-26\VolumeAndOISpikesScans_29SEP26_Report_26_8_2026_121113.xlsx,True,219,Symbol,,,,,,,Price,,,Price chg (%),OI chg (%),,,,,Volume Chg (%),
D:\My-data\Share_P&L\Ichart Data\Screenshot\August26\2026-08-26\VolumeAndOISpikesScans_29SEP26_Report_26_8_2026_121621.xlsx,True,219,Symbol,,,,,,,Price,,,Price chg (%),OI chg (%),,,,,Volume Chg (%),
D:\My-data\Share_P&L\Ichart Data\Screenshot\August26\2026-08-26\VolumeAndOISpikesScans_29SEP26_Report_26_8_2026_122129.xlsx,True,219,Symbol,,,,,,,Price,,,Price chg (%),OI chg (%),,,,,Volume Chg (%),
D:\My-data\Share_P&L\Ichart Data\Screenshot\August26\2026-08-26\VolumeAndOISpikesScans_29SEP26_Report_26_8_2026_122635.xlsx,True,219,Symbol,,,,,,,Price,,,Price chg (%),OI chg (%),,,,,Volume Chg (%),
D:\My-data\Share_P&L\Ichart Data\Screenshot\August26\2026-08-26\VolumeAndOISpikesScans_29SEP26_Report_26_8_2026_123143.xlsx,True,219,Symbol,,,,,,,Price,,,Price chg (%),OI chg (%),,,,,Volume Chg (%),
D:\My-data\Share_P&L\Ichart Data\Screenshot\August26\2026-08-26\VolumeAndOISpikesScans_29SEP26_Report_26_8_2026_123650.xlsx,True,219,Symbol,,,,,,,Price,,,Price chg (%),OI chg (%),,,,,Volume Chg (%),
D:\My-data\Share_P&L\Ichart Data\Screenshot\August26\2026-08-26\VolumeAndOISpikesScans_29SEP26_Report_26_8_2026_124159.xlsx,True,219,Symbol,,,,,,,Price,,,Price chg (%),OI chg (%),,,,,Volume Chg (%),
D:\My-data\Share_P&L\Ichart Data\Screenshot\August26\2026-08-26\VolumeAndOISpikesScans_29SEP26_Report_26_8_2026_124706.xlsx,True,219,Symbol,,,,,,,Price,,,Price chg (%),OI chg (%),,,,,Volume Chg (%),
D:\My-data\Share_P&L\Ichart Data\Screenshot\August26\2026-08-26\VolumeAndOISpikesScans_29SEP26_Report_26_8_2026_125214.xlsx,True,219,Symbol,,,,,,,Price,,,Price chg (%),OI chg (%),,,,,Volume Chg (%),
D:\My-data\Share_P&L\Ichart Data\Screenshot\August26\2026-08-26\VolumeAndOISpikesScans_29SEP26_Report_26_8_2026_125721.xlsx,True,219,Symbol,,,,,,,Price,,,Price chg (%),OI chg (%),,,,,Volume Chg (%),
D:\My-data\Share_P&L\Ichart Data\Screenshot\August26\2026-08-26\VolumeAndOISpikesScans_29SEP26_Report_26_8_2026_130230.xlsx,True,219,Symbol,,,,,,,Price,,,Price chg (%),OI chg (%),,,,,Volume Chg (%),
D:\My-data\Share_P&L\Ichart Data\Screenshot\August26\2026-08-26\VolumeAndOISpikesScans_29SEP26_Report_26_8_2026_130739.xlsx,True,219,Symbol,,,,,,,Price,,,Price chg (%),OI chg (%),,,,,Volume Chg (%),
D:\My-data\Share_P&L\Ichart Data\Screenshot\August26\2026-08-26\VolumeAndOISpikesScans_29SEP26_Report_26_8_2026_131245.xlsx,True,219,Symbol,,,,,,,Price,,,Price chg (%),OI chg (%),,,,,Volume Chg (%),
D:\My-data\Share_P&L\Ichart Data\Screenshot\August26\2026-08-26\VolumeAndOISpikesScans_29SEP26_Report_26_8_2026_131756.xlsx,True,219,Symbol,,,,,,,Price,,,Price chg (%),OI chg (%),,,,,Volume Chg (%),
D:\My-data\Share_P&L\Ichart Data\Screenshot\August26\2026-08-26\VolumeAndOISpikesScans_29SEP26_Report_26_8_2026_132304.xlsx,True,219,Symbol,,,,,,,Price,,,Price chg (%),OI chg (%),,,,,Volume Chg (%),
D:\My-data\Share_P&L\Ichart Data\Screenshot\August26\2026-08-26\VolumeAndOISpikesScans_29SEP26_Report_26_8_2026_132813.xlsx,True,219,Symbol,,,,,,,Price,,,Price chg (%),OI chg (%),,,,,Volume Chg (%),
D:\My-data\Share_P&L\Ichart Data\Screenshot\August26\2026-08-26\VolumeAndOISpikesScans_29SEP26_Report_26_8_2026_133322.xlsx,True,219,Symbol,,,,,,,Price,,,Price chg (%),OI chg (%),,,,,Volume Chg (%),
D:\My-data\Share_P&L\Ichart Data\Screenshot\August26\2026-08-26\VolumeAndOISpikesScans_29SEP26_Report_26_8_2026_133831.xlsx,True,219,Symbol,,,,,,,Price,,,Price chg (%),OI chg (%),,,,,Volume Chg (%),
D:\My-data\Share_P&L\Ichart Data\Screenshot\August26\2026-08-26\VolumeAndOISpikesScans_29SEP26_Report_26_8_2026_134341.xlsx,True,219,Symbol,,,,,,,Price,,,Price chg (%),OI chg (%),,,,,Volume Chg (%),
D:\My-data\Share_P&L\Ichart Data\Screenshot\August26\2026-08-26\VolumeAndOISpikesScans_29SEP26_Report_26_8_2026_134849.xlsx,True,219,Symbol,,,,,,,Price,,,Price chg (%),OI chg (%),,,,,Volume Chg (%),
D:\My-data\Share_P&L\Ichart Data\Screenshot\August26\2026-08-26\VolumeAndOISpikesScans_29SEP26_Report_26_8_2026_135358.xlsx,True,219,Symbol,,,,,,,Price,,,Price chg (%),OI chg (%),,,,,Volume Chg (%),
D:\My-data\Share_P&L\Ichart Data\Screenshot\August26\2026-08-26\VolumeAndOISpikesScans_29SEP26_Report_26_8_2026_135908.xlsx,True,219,Symbol,,,,,,,Price,,,Price chg (%),OI chg (%),,,,,Volume Chg (%),
D:\My-data\Share_P&L\Ichart Data\Screenshot\August26\2026-08-26\VolumeAndOISpikesScans_29SEP26_Report_26_8_2026_140417.xlsx,True,219,Symbol,,,,,,,Price,,,Price chg (%),OI chg (%),,,,,Volume Chg (%),
D:\My-data\Share_P&L\Ichart Data\Screenshot\August26\2026-08-26\VolumeAndOISpikesScans_29SEP26_Report_26_8_2026_140924.xlsx,True,219,Symbol,,,,,,,Price,,,Price chg (%),OI chg (%),,,,,Volume Chg (%),
D:\My-data\Share_P&L\Ichart Data\Screenshot\August26\2026-08-26\VolumeAndOISpikesScans_29SEP26_Report_26_8_2026_141431.xlsx,True,219,Symbol,,,,,,,Price,,,Price chg (%),OI chg (%),,,,,Volume Chg (%),
D:\My-data\Share_P&L\Ichart Data\Screenshot\August26\2026-08-26\VolumeAndOISpikesScans_29SEP26_Report_26_8_2026_141942.xlsx,True,219,Symbol,,,,,,,Price,,,Price chg (%),OI chg (%),,,,,Volume Chg (%),
D:\My-data\Share_P&L\Ichart Data\Screenshot\August26\2026-08-26\VolumeAndOISpikesScans_29SEP26_Report_26_8_2026_142451.xlsx,True,219,Symbol,,,,,,,Price,,,Price chg (%),OI chg (%),,,,,Volume Chg (%),
D:\My-data\Share_P&L\Ichart Data\Screenshot\August26\2026-08-26\VolumeAndOISpikesScans_29SEP26_Report_26_8_2026_142959.xlsx,True,219,Symbol,,,,,,,Price,,,Price chg (%),OI chg (%),,,,,Volume Chg (%),
D:\My-data\Share_P&L\Ichart Data\Screenshot\August26\2026-08-26\VolumeAndOISpikesScans_29SEP26_Report_26_8_2026_143509.xlsx,True,219,Symbol,,,,,,,Price,,,Price chg (%),OI chg (%),,,,,Volume Chg (%),
D:\My-data\Share_P&L\Ichart Data\Screenshot\August26\2026-08-26\VolumeAndOISpikesScans_29SEP26_Report_26_8_2026_144019.xlsx,True,219,Symbol,,,,,,,Price,,,Price chg (%),OI chg (%),,,,,Volume Chg (%),
D:\My-data\Share_P&L\Ichart Data\Screenshot\August26\2026-08-27\Daywise_Price_and_OI_Summary_29SEP26_Report_2026-08-27.xlsx,True,219,Symbol,,,Open,High,Low,Close,,ATM Straddle %,ATM Straddle %,Price Chg %,OI Chg %,PCR Chg %,Tot CE OI Chg %,Tot PE OI Chg %,Tot PE-CE OI Chg,,
D:\My-data\Share_P&L\Ichart Data\Screenshot\August26\2026-08-27\Daywise_Price_and_OI_Summary_29SEP26_Report_2026-08-27_092518.xlsx,True,219,Symbol,,,Open,High,Low,Close,,ATM Straddle %,ATM Straddle %,Price Chg %,OI Chg %,PCR Chg %,Tot CE OI Chg %,Tot PE OI Chg %,Tot PE-CE OI Chg,,
D:\My-data\Share_P&L\Ichart Data\Screenshot\August26\2026-08-27\Daywise_Price_and_OI_Summary_29SEP26_Report_2026-08-27_093034.xlsx,True,219,Symbol,,,Open,High,Low,Close,,ATM Straddle %,ATM Straddle %,Price Chg %,OI Chg %,PCR Chg %,Tot CE OI Chg %,Tot PE OI Chg %,Tot PE-CE OI Chg,,
D:\My-data\Share_P&L\Ichart Data\Screenshot\August26\2026-08-27\Daywise_Price_and_OI_Summary_29SEP26_Report_2026-08-27_093542.xlsx,True,219,Symbol,,,Open,High,Low,Close,,ATM Straddle %,ATM Straddle %,Price Chg %,OI Chg %,PCR Chg %,Tot CE OI Chg %,Tot PE OI Chg %,Tot PE-CE OI Chg,,
D:\My-data\Share_P&L\Ichart Data\Screenshot\August26\2026-08-27\Daywise_Price_and_OI_Summary_29SEP26_Report_2026-08-27_094050.xlsx,True,219,Symbol,,,Open,High,Low,Close,,ATM Straddle %,ATM Straddle %,Price Chg %,OI Chg %,PCR Chg %,Tot CE OI Chg %,Tot PE OI Chg %,Tot PE-CE OI Chg,,
D:\My-data\Share_P&L\Ichart Data\Screenshot\August26\2026-08-27\Daywise_Price_and_OI_Summary_29SEP26_Report_2026-08-27_094558.xlsx,True,219,Symbol,,,Open,High,Low,Close,,ATM Straddle %,ATM Straddle %,Price Chg %,OI Chg %,PCR Chg %,Tot CE OI Chg %,Tot PE OI Chg %,Tot PE-CE OI Chg,,
D:\My-data\Share_P&L\Ichart Data\Screenshot\August26\2026-08-27\Daywise_Price_and_OI_Summary_29SEP26_Report_2026-08-27_095107.xlsx,True,219,Symbol,,,Open,High,Low,Close,,ATM Straddle %,ATM Straddle %,Price Chg %,OI Chg %,PCR Chg %,Tot CE OI Chg %,Tot PE OI Chg %,Tot PE-CE OI Chg,,
D:\My-data\Share_P&L\Ichart Data\Screenshot\August26\2026-08-27\Daywise_Price_and_OI_Summary_29SEP26_Report_2026-08-27_095612.xlsx,True,219,Symbol,,,Open,High,Low,Close,,ATM Straddle %,ATM Straddle %,Price Chg %,OI Chg %,PCR Chg %,Tot CE OI Chg %,Tot PE OI Chg %,Tot PE-CE OI Chg,,
D:\My-data\Share_P&L\Ichart Data\Screenshot\August26\2026-08-27\Daywise_Price_and_OI_Summary_29SEP26_Report_2026-08-27_100116.xlsx,True,219,Symbol,,,Open,High,Low,Close,,ATM Straddle %,ATM Straddle %,Price Chg %,OI Chg %,PCR Chg %,Tot CE OI Chg %,Tot PE OI Chg %,Tot PE-CE OI Chg,,
D:\My-data\Share_P&L\Ichart Data\Screenshot\August26\2026-08-27\Daywise_Price_and_OI_Summary_29SEP26_Report_2026-08-27_100621.xlsx,True,219,Symbol,,,Open,High,Low,Close,,ATM Straddle %,ATM Straddle %,Price Chg %,OI Chg %,PCR Chg %,Tot CE OI Chg %,Tot PE OI Chg %,Tot PE-CE OI Chg,,
D:\My-data\Share_P&L\Ichart Data\Screenshot\August26\2026-08-27\Daywise_Price_and_OI_Summary_29SEP26_Report_2026-08-27_101126.xlsx,True,219,Symbol,,,Open,High,Low,Close,,ATM Straddle %,ATM Straddle %,Price Chg %,OI Chg %,PCR Chg %,Tot CE OI Chg %,Tot PE OI Chg %,Tot PE-CE OI Chg,,
D:\My-data\Share_P&L\Ichart Data\Screenshot\August26\2026-08-27\Daywise_Price_and_OI_Summary_29SEP26_Report_2026-08-27_101630.xlsx,True,219,Symbol,,,Open,High,Low,Close,,ATM Straddle %,ATM Straddle %,Price Chg %,OI Chg %,PCR Chg %,Tot CE OI Chg %,Tot PE OI Chg %,Tot PE-CE OI Chg,,
D:\My-data\Share_P&L\Ichart Data\Screenshot\August26\2026-08-27\Daywise_Price_and_OI_Summary_29SEP26_Report_2026-08-27_102136.xlsx,True,219,Symbol,,,Open,High,Low,Close,,ATM Straddle %,ATM Straddle %,Price Chg %,OI Chg %,PCR Chg %,Tot CE OI Chg %,Tot PE OI Chg %,Tot PE-CE OI Chg,,
D:\My-data\Share_P&L\Ichart Data\Screenshot\August26\2026-08-27\Daywise_Price_and_OI_Summary_29SEP26_Report_2026-08-27_102641.xlsx,True,219,Symbol,,,Open,High,Low,Close,,ATM Straddle %,ATM Straddle %,Price Chg %,OI Chg %,PCR Chg %,Tot CE OI Chg %,Tot PE OI Chg %,Tot PE-CE OI Chg,,
D:\My-data\Share_P&L\Ichart Data\Screenshot\August26\2026-08-27\Daywise_Price_and_OI_Summary_29SEP26_Report_2026-08-27_103146.xlsx,True,219,Symbol,,,Open,High,Low,Close,,ATM Straddle %,ATM Straddle %,Price Chg %,OI Chg %,PCR Chg %,Tot CE OI Chg %,Tot PE OI Chg %,Tot PE-CE OI Chg,,
D:\My-data\Share_P&L\Ichart Data\Screenshot\August26\2026-08-27\Daywise_Price_and_OI_Summary_29SEP26_Report_2026-08-27_103651.xlsx,True,219,Symbol,,,Open,High,Low,Close,,ATM Straddle %,ATM Straddle %,Price Chg %,OI Chg %,PCR Chg %,Tot CE OI Chg %,Tot PE OI Chg %,Tot PE-CE OI Chg,,
D:\My-data\Share_P&L\Ichart Data\Screenshot\August26\2026-08-27\Daywise_Price_and_OI_Summary_29SEP26_Report_2026-08-27_104157.xlsx,True,219,Symbol,,,Open,High,Low,Close,,ATM Straddle %,ATM Straddle %,Price Chg %,OI Chg %,PCR Chg %,Tot CE OI Chg %,Tot PE OI Chg %,Tot PE-CE OI Chg,,
D:\My-data\Share_P&L\Ichart Data\Screenshot\August26\2026-08-27\Daywise_Price_and_OI_Summary_29SEP26_Report_2026-08-27_104703.xlsx,True,219,Symbol,,,Open,High,Low,Close,,ATM Straddle %,ATM Straddle %,Price Chg %,OI Chg %,PCR Chg %,Tot CE OI Chg %,Tot PE OI Chg %,Tot PE-CE OI Chg,,
D:\My-data\Share_P&L\Ichart Data\Screenshot\August26\2026-08-27\Daywise_Price_and_OI_Summary_29SEP26_Report_2026-08-27_105208.xlsx,True,219,Symbol,,,Open,High,Low,Close,,ATM Straddle %,ATM Straddle %,Price Chg %,OI Chg %,PCR Chg %,Tot CE OI Chg %,Tot PE OI Chg %,Tot PE-CE OI Chg,,
D:\My-data\Share_P&L\Ichart Data\Screenshot\August26\2026-08-27\Daywise_Price_and_OI_Summary_29SEP26_Report_2026-08-27_105713.xlsx,True,219,Symbol,,,Open,High,Low,Close,,ATM Straddle %,ATM Straddle %,Price Chg %,OI Chg %,PCR Chg %,Tot CE OI Chg %,Tot PE OI Chg %,Tot PE-CE OI Chg,,
D:\My-data\Share_P&L\Ichart Data\Screenshot\August26\2026-08-27\Daywise_Price_and_OI_Summary_29SEP26_Report_2026-08-27_110218.xlsx,True,219,Symbol,,,Open,High,Low,Close,,ATM Straddle %,ATM Straddle %,Price Chg %,OI Chg %,PCR Chg %,Tot CE OI Chg %,Tot PE OI Chg %,Tot PE-CE OI Chg,,
D:\My-data\Share_P&L\Ichart Data\Screenshot\August26\2026-08-27\Daywise_Price_and_OI_Summary_29SEP26_Report_2026-08-27_110723.xlsx,True,219,Symbol,,,Open,High,Low,Close,,ATM Straddle %,ATM Straddle %,Price Chg %,OI Chg %,PCR Chg %,Tot CE OI Chg %,Tot PE OI Chg %,Tot PE-CE OI Chg,,
D:\My-data\Share_P&L\Ichart Data\Screenshot\August26\2026-08-27\Daywise_Price_and_OI_Summary_29SEP26_Report_2026-08-27_111228.xlsx,True,219,Symbol,,,Open,High,Low,Close,,ATM Straddle %,ATM Straddle %,Price Chg %,OI Chg %,PCR Chg %,Tot CE OI Chg %,Tot PE OI Chg %,Tot PE-CE OI Chg,,
D:\My-data\Share_P&L\Ichart Data\Screenshot\August26\2026-08-27\Daywise_Price_and_OI_Summary_29SEP26_Report_2026-08-27_111733.xlsx,True,219,Symbol,,,Open,High,Low,Close,,ATM Straddle %,ATM Straddle %,Price Chg %,OI Chg %,PCR Chg %,Tot CE OI Chg %,Tot PE OI Chg %,Tot PE-CE OI Chg,,
D:\My-data\Share_P&L\Ichart Data\Screenshot\August26\2026-08-27\Daywise_Price_and_OI_Summary_29SEP26_Report_2026-08-27_112239.xlsx,True,219,Symbol,,,Open,High,Low,Close,,ATM Straddle %,ATM Straddle %,Price Chg %,OI Chg %,PCR Chg %,Tot CE OI Chg %,Tot PE OI Chg %,Tot PE-CE OI Chg,,
D:\My-data\Share_P&L\Ichart Data\Screenshot\August26\2026-08-27\Daywise_Price_and_OI_Summary_29SEP26_Report_2026-08-27_112743.xlsx,True,219,Symbol,,,Open,High,Low,Close,,ATM Straddle %,ATM Straddle %,Price Chg %,OI Chg %,PCR Chg %,Tot CE OI Chg %,Tot PE OI Chg %,Tot PE-CE OI Chg,,
D:\My-data\Share_P&L\Ichart Data\Screenshot\August26\2026-08-27\Daywise_Price_and_OI_Summary_29SEP26_Report_2026-08-27_113248.xlsx,True,219,Symbol,,,Open,High,Low,Close,,ATM Straddle %,ATM Straddle %,Price Chg %,OI Chg %,PCR Chg %,Tot CE OI Chg %,Tot PE OI Chg %,Tot PE-CE OI Chg,,
D:\My-data\Share_P&L\Ichart Data\Screenshot\August26\2026-08-27\Daywise_Price_and_OI_Summary_29SEP26_Report_2026-08-27_113752.xlsx,True,219,Symbol,,,Open,High,Low,Close,,ATM Straddle %,ATM Straddle %,Price Chg %,OI Chg %,PCR Chg %,Tot CE OI Chg %,Tot PE OI Chg %,Tot PE-CE OI Chg,,
D:\My-data\Share_P&L\Ichart Data\Screenshot\August26\2026-08-27\Daywise_Price_and_OI_Summary_29SEP26_Report_2026-08-27_114257.xlsx,True,219,Symbol,,,Open,High,Low,Close,,ATM Straddle %,ATM Straddle %,Price Chg %,OI Chg %,PCR Chg %,Tot CE OI Chg %,Tot PE OI Chg %,Tot PE-CE OI Chg,,
D:\My-data\Share_P&L\Ichart Data\Screenshot\August26\2026-08-27\Daywise_Price_and_OI_Summary_29SEP26_Report_2026-08-27_114803.xlsx,True,219,Symbol,,,Open,High,Low,Close,,ATM Straddle %,ATM Straddle %,Price Chg %,OI Chg %,PCR Chg %,Tot CE OI Chg %,Tot PE OI Chg %,Tot PE-CE OI Chg,,
D:\My-data\Share_P&L\Ichart Data\Screenshot\August26\2026-08-27\Daywise_Price_and_OI_Summary_29SEP26_Report_2026-08-27_115309.xlsx,True,219,Symbol,,,Open,High,Low,Close,,ATM Straddle %,ATM Straddle %,Price Chg %,OI Chg %,PCR Chg %,Tot CE OI Chg %,Tot PE OI Chg %,Tot PE-CE OI Chg,,
D:\My-data\Share_P&L\Ichart Data\Screenshot\August26\2026-08-27\Daywise_Price_and_OI_Summary_29SEP26_Report_2026-08-27_115813.xlsx,True,219,Symbol,,,Open,High,Low,Close,,ATM Straddle %,ATM Straddle %,Price Chg %,OI Chg %,PCR Chg %,Tot CE OI Chg %,Tot PE OI Chg %,Tot PE-CE OI Chg,,
D:\My-data\Share_P&L\Ichart Data\Screenshot\August26\2026-08-27\Daywise_Price_and_OI_Summary_29SEP26_Report_2026-08-27_120319.xlsx,True,219,Symbol,,,Open,High,Low,Close,,ATM Straddle %,ATM Straddle %,Price Chg %,OI Chg %,PCR Chg %,Tot CE OI Chg %,Tot PE OI Chg %,Tot PE-CE OI Chg,,
D:\My-data\Share_P&L\Ichart Data\Screenshot\August26\2026-08-27\Daywise_Price_and_OI_Summary_29SEP26_Report_2026-08-27_120824.xlsx,True,219,Symbol,,,Open,High,Low,Close,,ATM Straddle %,ATM Straddle %,Price Chg %,OI Chg %,PCR Chg %,Tot CE OI Chg %,Tot PE OI Chg %,Tot PE-CE OI Chg,,
D:\My-data\Share_P&L\Ichart Data\Screenshot\August26\2026-08-27\Daywise_Price_and_OI_Summary_29SEP26_Report_2026-08-27_121329.xlsx,True,219,Symbol,,,Open,High,Low,Close,,ATM Straddle %,ATM Straddle %,Price Chg %,OI Chg %,PCR Chg %,Tot CE OI Chg %,Tot PE OI Chg %,Tot PE-CE OI Chg,,
D:\My-data\Share_P&L\Ichart Data\Screenshot\August26\2026-08-27\Daywise_Price_and_OI_Summary_29SEP26_Report_2026-08-27_121834.xlsx,True,219,Symbol,,,Open,High,Low,Close,,ATM Straddle %,ATM Straddle %,Price Chg %,OI Chg %,PCR Chg %,Tot CE OI Chg %,Tot PE OI Chg %,Tot PE-CE OI Chg,,
D:\My-data\Share_P&L\Ichart Data\Screenshot\August26\2026-08-27\Daywise_Price_and_OI_Summary_29SEP26_Report_2026-08-27_122339.xlsx,True,219,Symbol,,,Open,High,Low,Close,,ATM Straddle %,ATM Straddle %,Price Chg %,OI Chg %,PCR Chg %,Tot CE OI Chg %,Tot PE OI Chg %,Tot PE-CE OI Chg,,
D:\My-data\Share_P&L\Ichart Data\Screenshot\August26\2026-08-27\Daywise_Price_and_OI_Summary_29SEP26_Report_2026-08-27_122844.xlsx,True,219,Symbol,,,Open,High,Low,Close,,ATM Straddle %,ATM Straddle %,Price Chg %,OI Chg %,PCR Chg %,Tot CE OI Chg %,Tot PE OI Chg %,Tot PE-CE OI Chg,,
D:\My-data\Share_P&L\Ichart Data\Screenshot\August26\2026-08-27\Daywise_Price_and_OI_Summary_29SEP26_Report_2026-08-27_123349.xlsx,True,219,Symbol,,,Open,High,Low,Close,,ATM Straddle %,ATM Straddle %,Price Chg %,OI Chg %,PCR Chg %,Tot CE OI Chg %,Tot PE OI Chg %,Tot PE-CE OI Chg,,
D:\My-data\Share_P&L\Ichart Data\Screenshot\August26\2026-08-27\Daywise_Price_and_OI_Summary_29SEP26_Report_2026-08-27_123854.xlsx,True,219,Symbol,,,Open,High,Low,Close,,ATM Straddle %,ATM Straddle %,Price Chg %,OI Chg %,PCR Chg %,Tot CE OI Chg %,Tot PE OI Chg %,Tot PE-CE OI Chg,,
D:\My-data\Share_P&L\Ichart Data\Screenshot\August26\2026-08-27\Daywise_Price_and_OI_Summary_29SEP26_Report_2026-08-27_124400.xlsx,True,219,Symbol,,,Open,High,Low,Close,,ATM Straddle %,ATM Straddle %,Price Chg %,OI Chg %,PCR Chg %,Tot CE OI Chg %,Tot PE OI Chg %,Tot PE-CE OI Chg,,
D:\My-data\Share_P&L\Ichart Data\Screenshot\August26\2026-08-27\Daywise_Price_and_OI_Summary_29SEP26_Report_2026-08-27_124905.xlsx,True,219,Symbol,,,Open,High,Low,Close,,ATM Straddle %,ATM Straddle %,Price Chg %,OI Chg %,PCR Chg %,Tot CE OI Chg %,Tot PE OI Chg %,Tot PE-CE OI Chg,,
D:\My-data\Share_P&L\Ichart Data\Screenshot\August26\2026-08-27\Daywise_Price_and_OI_Summary_29SEP26_Report_2026-08-27_125410.xlsx,True,219,Symbol,,,Open,High,Low,Close,,ATM Straddle %,ATM Straddle %,Price Chg %,OI Chg %,PCR Chg %,Tot CE OI Chg %,Tot PE OI Chg %,Tot PE-CE OI Chg,,
D:\My-data\Share_P&L\Ichart Data\Screenshot\August26\2026-08-27\Daywise_Price_and_OI_Summary_29SEP26_Report_2026-08-27_125914.xlsx,True,219,Symbol,,,Open,High,Low,Close,,ATM Straddle %,ATM Straddle %,Price Chg %,OI Chg %,PCR Chg %,Tot CE OI Chg %,Tot PE OI Chg %,Tot PE-CE OI Chg,,
D:\My-data\Share_P&L\Ichart Data\Screenshot\August26\2026-08-27\Daywise_Price_and_OI_Summary_29SEP26_Report_2026-08-27_130419.xlsx,True,219,Symbol,,,Open,High,Low,Close,,ATM Straddle %,ATM Straddle %,Price Chg %,OI Chg %,PCR Chg %,Tot CE OI Chg %,Tot PE OI Chg %,Tot PE-CE OI Chg,,
D:\My-data\Share_P&L\Ichart Data\Screenshot\August26\2026-08-27\Daywise_Price_and_OI_Summary_29SEP26_Report_2026-08-27_130925.xlsx,True,219,Symbol,,,Open,High,Low,Close,,ATM Straddle %,ATM Straddle %,Price Chg %,OI Chg %,PCR Chg %,Tot CE OI Chg %,Tot PE OI Chg %,Tot PE-CE OI Chg,,
D:\My-data\Share_P&L\Ichart Data\Screenshot\August26\2026-08-27\Daywise_Price_and_OI_Summary_29SEP26_Report_2026-08-27_131431.xlsx,True,219,Symbol,,,Open,High,Low,Close,,ATM Straddle %,ATM Straddle %,Price Chg %,OI Chg %,PCR Chg %,Tot CE OI Chg %,Tot PE OI Chg %,Tot PE-CE OI Chg,,
D:\My-data\Share_P&L\Ichart Data\Screenshot\August26\2026-08-27\Daywise_Price_and_OI_Summary_29SEP26_Report_2026-08-27_131941.xlsx,True,219,Symbol,,,Open,High,Low,Close,,ATM Straddle %,ATM Straddle %,Price Chg %,OI Chg %,PCR Chg %,Tot CE OI Chg %,Tot PE OI Chg %,Tot PE-CE OI Chg,,
D:\My-data\Share_P&L\Ichart Data\Screenshot\August26\2026-08-27\Daywise_Price_and_OI_Summary_29SEP26_Report_2026-08-27_132446.xlsx,True,219,Symbol,,,Open,High,Low,Close,,ATM Straddle %,ATM Straddle %,Price Chg %,OI Chg %,PCR Chg %,Tot CE OI Chg %,Tot PE OI Chg %,Tot PE-CE OI Chg,,
D:\My-data\Share_P&L\Ichart Data\Screenshot\August26\2026-08-27\Daywise_Price_and_OI_Summary_29SEP26_Report_2026-08-27_132952.xlsx,True,219,Symbol,,,Open,High,Low,Close,,ATM Straddle %,ATM Straddle %,Price Chg %,OI Chg %,PCR Chg %,Tot CE OI Chg %,Tot PE OI Chg %,Tot PE-CE OI Chg,,
D:\My-data\Share_P&L\Ichart Data\Screenshot\August26\2026-08-27\Daywise_Price_and_OI_Summary_29SEP26_Report_2026-08-27_134010.xlsx,True,219,Symbol,,,Open,High,Low,Close,,ATM Straddle %,ATM Straddle %,Price Chg %,OI Chg %,PCR Chg %,Tot CE OI Chg %,Tot PE OI Chg %,Tot PE-CE OI Chg,,
D:\My-data\Share_P&L\Ichart Data\Screenshot\August26\2026-08-27\Daywise_Price_and_OI_Summary_29SEP26_Report_2026-08-27_134519.xlsx,True,219,Symbol,,,Open,High,Low,Close,,ATM Straddle %,ATM Straddle %,Price Chg %,OI Chg %,PCR Chg %,Tot CE OI Chg %,Tot PE OI Chg %,Tot PE-CE OI Chg,,
D:\My-data\Share_P&L\Ichart Data\Screenshot\August26\2026-08-27\Daywise_Price_and_OI_Summary_29SEP26_Report_2026-08-27_135027.xlsx,True,219,Symbol,,,Open,High,Low,Close,,ATM Straddle %,ATM Straddle %,Price Chg %,OI Chg %,PCR Chg %,Tot CE OI Chg %,Tot PE OI Chg %,Tot PE-CE OI Chg,,
D:\My-data\Share_P&L\Ichart Data\Screenshot\August26\2026-08-27\Daywise_Price_and_OI_Summary_29SEP26_Report_2026-08-27_135536.xlsx,True,219,Symbol,,,Open,High,Low,Close,,ATM Straddle %,ATM Straddle %,Price Chg %,OI Chg %,PCR Chg %,Tot CE OI Chg %,Tot PE OI Chg %,Tot PE-CE OI Chg,,
D:\My-data\Share_P&L\Ichart Data\Screenshot\August26\2026-08-27\Daywise_Price_and_OI_Summary_29SEP26_Report_2026-08-27_140044.xlsx,True,219,Symbol,,,Open,High,Low,Close,,ATM Straddle %,ATM Straddle %,Price Chg %,OI Chg %,PCR Chg %,Tot CE OI Chg %,Tot PE OI Chg %,Tot PE-CE OI Chg,,
D:\My-data\Share_P&L\Ichart Data\Screenshot\August26\2026-08-27\Daywise_Price_and_OI_Summary_29SEP26_Report_2026-08-27_140553.xlsx,True,219,Symbol,,,Open,High,Low,Close,,ATM Straddle %,ATM Straddle %,Price Chg %,OI Chg %,PCR Chg %,Tot CE OI Chg %,Tot PE OI Chg %,Tot PE-CE OI Chg,,
D:\My-data\Share_P&L\Ichart Data\Screenshot\August26\2026-08-27\Daywise_Price_and_OI_Summary_29SEP26_Report_2026-08-27_141103.xlsx,True,219,Symbol,,,Open,High,Low,Close,,ATM Straddle %,ATM Straddle %,Price Chg %,OI Chg %,PCR Chg %,Tot CE OI Chg %,Tot PE OI Chg %,Tot PE-CE OI Chg,,
D:\My-data\Share_P&L\Ichart Data\Screenshot\August26\2026-08-27\Daywise_Price_and_OI_Summary_29SEP26_Report_2026-08-27_141612.xlsx,True,219,Symbol,,,Open,High,Low,Close,,ATM Straddle %,ATM Straddle %,Price Chg %,OI Chg %,PCR Chg %,Tot CE OI Chg %,Tot PE OI Chg %,Tot PE-CE OI Chg,,
D:\My-data\Share_P&L\Ichart Data\Screenshot\August26\2026-08-27\Daywise_Price_and_OI_Summary_29SEP26_Report_2026-08-27_142120.xlsx,True,219,Symbol,,,Open,High,Low,Close,,ATM Straddle %,ATM Straddle %,Price Chg %,OI Chg %,PCR Chg %,Tot CE OI Chg %,Tot PE OI Chg %,Tot PE-CE OI Chg,,
D:\My-data\Share_P&L\Ichart Data\Screenshot\August26\2026-08-27\Daywise_Price_and_OI_Summary_29SEP26_Report_2026-08-27_142629.xlsx,True,219,Symbol,,,Open,High,Low,Close,,ATM Straddle %,ATM Straddle %,Price Chg %,OI Chg %,PCR Chg %,Tot CE OI Chg %,Tot PE OI Chg %,Tot PE-CE OI Chg,,
D:\My-data\Share_P&L\Ichart Data\Screenshot\August26\2026-08-27\Daywise_Price_and_OI_Summary_29SEP26_Report_2026-08-27_143139.xlsx,True,219,Symbol,,,Open,High,Low,Close,,ATM Straddle %,ATM Straddle %,Price Chg %,OI Chg %,PCR Chg %,Tot CE OI Chg %,Tot PE OI Chg %,Tot PE-CE OI Chg,,
D:\My-data\Share_P&L\Ichart Data\Screenshot\August26\2026-08-27\Daywise_Price_and_OI_Summary_29SEP26_Report_2026-08-27_143648.xlsx,True,219,Symbol,,,Open,High,Low,Close,,ATM Straddle %,ATM Straddle %,Price Chg %,OI Chg %,PCR Chg %,Tot CE OI Chg %,Tot PE OI Chg %,Tot PE-CE OI Chg,,
D:\My-data\Share_P&L\Ichart Data\Screenshot\August26\2026-08-27\Daywise_Price_and_OI_Summary_29SEP26_Report_2026-08-27_144157.xlsx,True,219,Symbol,,,Open,High,Low,Close,,ATM Straddle %,ATM Straddle %,Price Chg %,OI Chg %,PCR Chg %,Tot CE OI Chg %,Tot PE OI Chg %,Tot PE-CE OI Chg,,
D:\My-data\Share_P&L\Ichart Data\Screenshot\August26\2026-08-27\IVR-IVP_29SEP26_Report_2026-08-27.xlsx,True,217,,,,,,,,,,,,,,,,,,
D:\My-data\Share_P&L\Ichart Data\Screenshot\August26\2026-08-27\IVR-IVP_29SEP26_Report_2026-08-27_092526.xlsx,True,218,,,,,,,,,,,,,,,,,,
D:\My-data\Share_P&L\Ichart Data\Screenshot\August26\2026-08-27\IVR-IVP_29SEP26_Report_2026-08-27_093042.xlsx,True,218,,,,,,,,,,,,,,,,,,
D:\My-data\Share_P&L\Ichart Data\Screenshot\August26\2026-08-27\IVR-IVP_29SEP26_Report_2026-08-27_093550.xlsx,True,219,,,,,,,,,,,,,,,,,,
D:\My-data\Share_P&L\Ichart Data\Screenshot\August26\2026-08-27\IVR-IVP_29SEP26_Report_2026-08-27_094058.xlsx,True,219,,,,,,,,,,,,,,,,,,
D:\My-data\Share_P&L\Ichart Data\Screenshot\August26\2026-08-27\IVR-IVP_29SEP26_Report_2026-08-27_094605.xlsx,True,219,,,,,,,,,,,,,,,,,,
D:\My-data\Share_P&L\Ichart Data\Screenshot\August26\2026-08-27\IVR-IVP_29SEP26_Report_2026-08-27_095115.xlsx,True,219,,,,,,,,,,,,,,,,,,
D:\My-data\Share_P&L\Ichart Data\Screenshot\August26\2026-08-27\IVR-IVP_29SEP26_Report_2026-08-27_095619.xlsx,True,219,,,,,,,,,,,,,,,,,,
D:\My-data\Share_P&L\Ichart Data\Screenshot\August26\2026-08-27\IVR-IVP_29SEP26_Report_2026-08-27_100124.xlsx,True,219,,,,,,,,,,,,,,,,,,
D:\My-data\Share_P&L\Ichart Data\Screenshot\August26\2026-08-27\IVR-IVP_29SEP26_Report_2026-08-27_100628.xlsx,True,219,,,,,,,,,,,,,,,,,,
D:\My-data\Share_P&L\Ichart Data\Screenshot\August26\2026-08-27\IVR-IVP_29SEP26_Report_2026-08-27_101133.xlsx,True,219,,,,,,,,,,,,,,,,,,
D:\My-data\Share_P&L\Ichart Data\Screenshot\August26\2026-08-27\IVR-IVP_29SEP26_Report_2026-08-27_101638.xlsx,True,219,,,,,,,,,,,,,,,,,,
D:\My-data\Share_P&L\Ichart Data\Screenshot\August26\2026-08-27\IVR-IVP_29SEP26_Report_2026-08-27_102142.xlsx,True,219,,,,,,,,,,,,,,,,,,
D:\My-data\Share_P&L\Ichart Data\Screenshot\August26\2026-08-27\IVR-IVP_29SEP26_Report_2026-08-27_102647.xlsx,True,219,,,,,,,,,,,,,,,,,,
D:\My-data\Share_P&L\Ichart Data\Screenshot\August26\2026-08-27\IVR-IVP_29SEP26_Report_2026-08-27_103151.xlsx,True,219,,,,,,,,,,,,,,,,,,
D:\My-data\Share_P&L\Ichart Data\Screenshot\August26\2026-08-27\IVR-IVP_29SEP26_Report_2026-08-27_103656.xlsx,True,219,,,,,,,,,,,,,,,,,,
D:\My-data\Share_P&L\Ichart Data\Screenshot\August26\2026-08-27\IVR-IVP_29SEP26_Report_2026-08-27_104203.xlsx,True,219,,,,,,,,,,,,,,,,,,
D:\My-data\Share_P&L\Ichart Data\Screenshot\August26\2026-08-27\IVR-IVP_29SEP26_Report_2026-08-27_104708.xlsx,True,219,,,,,,,,,,,,,,,,,,
D:\My-data\Share_P&L\Ichart Data\Screenshot\August26\2026-08-27\IVR-IVP_29SEP26_Report_2026-08-27_105213.xlsx,True,219,,,,,,,,,,,,,,,,,,
D:\My-data\Share_P&L\Ichart Data\Screenshot\August26\2026-08-27\IVR-IVP_29SEP26_Report_2026-08-27_105719.xlsx,True,219,,,,,,,,,,,,,,,,,,
D:\My-data\Share_P&L\Ichart Data\Screenshot\August26\2026-08-27\IVR-IVP_29SEP26_Report_2026-08-27_110223.xlsx,True,219,,,,,,,,,,,,,,,,,,
D:\My-data\Share_P&L\Ichart Data\Screenshot\August26\2026-08-27\IVR-IVP_29SEP26_Report_2026-08-27_110727.xlsx,True,220,,,,,,,,,,,,,,,,,,
D:\My-data\Share_P&L\Ichart Data\Screenshot\August26\2026-08-27\IVR-IVP_29SEP26_Report_2026-08-27_111233.xlsx,True,220,,,,,,,,,,,,,,,,,,
D:\My-data\Share_P&L\Ichart Data\Screenshot\August26\2026-08-27\IVR-IVP_29SEP26_Report_2026-08-27_111739.xlsx,True,220,,,,,,,,,,,,,,,,,,
D:\My-data\Share_P&L\Ichart Data\Screenshot\August26\2026-08-27\IVR-IVP_29SEP26_Report_2026-08-27_112243.xlsx,True,220,,,,,,,,,,,,,,,,,,
D:\My-data\Share_P&L\Ichart Data\Screenshot\August26\2026-08-27\IVR-IVP_29SEP26_Report_2026-08-27_112748.xlsx,True,220,,,,,,,,,,,,,,,,,,
D:\My-data\Share_P&L\Ichart Data\Screenshot\August26\2026-08-27\IVR-IVP_29SEP26_Report_2026-08-27_113253.xlsx,True,220,,,,,,,,,,,,,,,,,,
D:\My-data\Share_P&L\Ichart Data\Screenshot\August26\2026-08-27\IVR-IVP_29SEP26_Report_2026-08-27_113757.xlsx,True,220,,,,,,,,,,,,,,,,,,
D:\My-data\Share_P&L\Ichart Data\Screenshot\August26\2026-08-27\IVR-IVP_29SEP26_Report_2026-08-27_114302.xlsx,True,220,,,,,,,,,,,,,,,,,,
D:\My-data\Share_P&L\Ichart Data\Screenshot\August26\2026-08-27\IVR-IVP_29SEP26_Report_2026-08-27_114808.xlsx,True,220,,,,,,,,,,,,,,,,,,
D:\My-data\Share_P&L\Ichart Data\Screenshot\August26\2026-08-27\IVR-IVP_29SEP26_Report_2026-08-27_115314.xlsx,True,220,,,,,,,,,,,,,,,,,,
D:\My-data\Share_P&L\Ichart Data\Screenshot\August26\2026-08-27\IVR-IVP_29SEP26_Report_2026-08-27_115819.xlsx,True,220,,,,,,,,,,,,,,,,,,
D:\My-data\Share_P&L\Ichart Data\Screenshot\August26\2026-08-27\IVR-IVP_29SEP26_Report_2026-08-27_120324.xlsx,True,220,,,,,,,,,,,,,,,,,,
D:\My-data\Share_P&L\Ichart Data\Screenshot\August26\2026-08-27\IVR-IVP_29SEP26_Report_2026-08-27_120828.xlsx,True,220,,,,,,,,,,,,,,,,,,
D:\My-data\Share_P&L\Ichart Data\Screenshot\August26\2026-08-27\IVR-IVP_29SEP26_Report_2026-08-27_121334.xlsx,True,220,,,,,,,,,,,,,,,,,,
D:\My-data\Share_P&L\Ichart Data\Screenshot\August26\2026-08-27\IVR-IVP_29SEP26_Report_2026-08-27_121839.xlsx,True,220,,,,,,,,,,,,,,,,,,
D:\My-data\Share_P&L\Ichart Data\Screenshot\August26\2026-08-27\IVR-IVP_29SEP26_Report_2026-08-27_122343.xlsx,True,220,,,,,,,,,,,,,,,,,,
D:\My-data\Share_P&L\Ichart Data\Screenshot\August26\2026-08-27\IVR-IVP_29SEP26_Report_2026-08-27_122848.xlsx,True,220,,,,,,,,,,,,,,,,,,
D:\My-data\Share_P&L\Ichart Data\Screenshot\August26\2026-08-27\IVR-IVP_29SEP26_Report_2026-08-27_123354.xlsx,True,220,,,,,,,,,,,,,,,,,,
D:\My-data\Share_P&L\Ichart Data\Screenshot\August26\2026-08-27\IVR-IVP_29SEP26_Report_2026-08-27_123859.xlsx,True,220,,,,,,,,,,,,,,,,,,
D:\My-data\Share_P&L\Ichart Data\Screenshot\August26\2026-08-27\IVR-IVP_29SEP26_Report_2026-08-27_124405.xlsx,True,220,,,,,,,,,,,,,,,,,,
D:\My-data\Share_P&L\Ichart Data\Screenshot\August26\2026-08-27\IVR-IVP_29SEP26_Report_2026-08-27_124910.xlsx,True,220,,,,,,,,,,,,,,,,,,
D:\My-data\Share_P&L\Ichart Data\Screenshot\August26\2026-08-27\IVR-IVP_29SEP26_Report_2026-08-27_125415.xlsx,True,220,,,,,,,,,,,,,,,,,,
D:\My-data\Share_P&L\Ichart Data\Screenshot\August26\2026-08-27\IVR-IVP_29SEP26_Report_2026-08-27_125919.xlsx,True,220,,,,,,,,,,,,,,,,,,
D:\My-data\Share_P&L\Ichart Data\Screenshot\August26\2026-08-27\IVR-IVP_29SEP26_Report_2026-08-27_130424.xlsx,True,220,,,,,,,,,,,,,,,,,,
D:\My-data\Share_P&L\Ichart Data\Screenshot\August26\2026-08-27\IVR-IVP_29SEP26_Report_2026-08-27_130930.xlsx,True,220,,,,,,,,,,,,,,,,,,
D:\My-data\Share_P&L\Ichart Data\Screenshot\August26\2026-08-27\IVR-IVP_29SEP26_Report_2026-08-27_131436.xlsx,True,220,,,,,,,,,,,,,,,,,,
D:\My-data\Share_P&L\Ichart Data\Screenshot\August26\2026-08-27\IVR-IVP_29SEP26_Report_2026-08-27_131945.xlsx,True,220,,,,,,,,,,,,,,,,,,
D:\My-data\Share_P&L\Ichart Data\Screenshot\August26\2026-08-27\IVR-IVP_29SEP26_Report_2026-08-27_132451.xlsx,True,220,,,,,,,,,,,,,,,,,,
D:\My-data\Share_P&L\Ichart Data\Screenshot\August26\2026-08-27\IVR-IVP_29SEP26_Report_2026-08-27_132957.xlsx,True,220,,,,,,,,,,,,,,,,,,
D:\My-data\Share_P&L\Ichart Data\Screenshot\August26\2026-08-27\IVR-IVP_29SEP26_Report_2026-08-27_133511.xlsx,True,220,,,,,,,,,,,,,,,,,,
D:\My-data\Share_P&L\Ichart Data\Screenshot\August26\2026-08-27\IVR-IVP_29SEP26_Report_2026-08-27_134020.xlsx,True,220,,,,,,,,,,,,,,,,,,
D:\My-data\Share_P&L\Ichart Data\Screenshot\August26\2026-08-27\IVR-IVP_29SEP26_Report_2026-08-27_134528.xlsx,True,220,,,,,,,,,,,,,,,,,,
D:\My-data\Share_P&L\Ichart Data\Screenshot\August26\2026-08-27\IVR-IVP_29SEP26_Report_2026-08-27_135037.xlsx,True,220,,,,,,,,,,,,,,,,,,
D:\My-data\Share_P&L\Ichart Data\Screenshot\August26\2026-08-27\IVR-IVP_29SEP26_Report_2026-08-27_135545.xlsx,True,220,,,,,,,,,,,,,,,,,,
D:\My-data\Share_P&L\Ichart Data\Screenshot\August26\2026-08-27\IVR-IVP_29SEP26_Report_2026-08-27_140053.xlsx,True,220,,,,,,,,,,,,,,,,,,
D:\My-data\Share_P&L\Ichart Data\Screenshot\August26\2026-08-27\IVR-IVP_29SEP26_Report_2026-08-27_140602.xlsx,True,220,,,,,,,,,,,,,,,,,,
D:\My-data\Share_P&L\Ichart Data\Screenshot\August26\2026-08-27\IVR-IVP_29SEP26_Report_2026-08-27_141111.xlsx,True,220,,,,,,,,,,,,,,,,,,
D:\My-data\Share_P&L\Ichart Data\Screenshot\August26\2026-08-27\IVR-IVP_29SEP26_Report_2026-08-27_141620.xlsx,True,220,,,,,,,,,,,,,,,,,,
D:\My-data\Share_P&L\Ichart Data\Screenshot\August26\2026-08-27\IVR-IVP_29SEP26_Report_2026-08-27_142128.xlsx,True,220,,,,,,,,,,,,,,,,,,
D:\My-data\Share_P&L\Ichart Data\Screenshot\August26\2026-08-27\IVR-IVP_29SEP26_Report_2026-08-27_142638.xlsx,True,220,,,,,,,,,,,,,,,,,,
D:\My-data\Share_P&L\Ichart Data\Screenshot\August26\2026-08-27\IVR-IVP_29SEP26_Report_2026-08-27_143150.xlsx,True,220,,,,,,,,,,,,,,,,,,
D:\My-data\Share_P&L\Ichart Data\Screenshot\August26\2026-08-27\IVR-IVP_29SEP26_Report_2026-08-27_143657.xlsx,True,220,,,,,,,,,,,,,,,,,,
D:\My-data\Share_P&L\Ichart Data\Screenshot\August26\2026-08-27\IVR-IVP_29SEP26_Report_2026-08-27_144206.xlsx,True,220,,,,,,,,,,,,,,,,,,
D:\My-data\Share_P&L\Ichart Data\Screenshot\August26\2026-08-27\Resistance_Resistance_29SEP26_Scan_27_8_2026.xlsx,True,137,Symbol,,,,,,,Price,,,Price Chg%,,,,,,,
D:\My-data\Share_P&L\Ichart Data\Screenshot\August26\2026-08-27\Resistance_Resistance_29SEP26_Scan_27_8_2026_092558.xlsx,True,137,Symbol,,,,,,,Price,,,Price Chg%,,,,,,,
D:\My-data\Share_P&L\Ichart Data\Screenshot\August26\2026-08-27\Resistance_Resistance_29SEP26_Scan_27_8_2026_093114.xlsx,True,134,Symbol,,,,,,,Price,,,Price Chg%,,,,,,,
D:\My-data\Share_P&L\Ichart Data\Screenshot\August26\2026-08-27\Resistance_Resistance_29SEP26_Scan_27_8_2026_093623.xlsx,True,137,Symbol,,,,,,,Price,,,Price Chg%,,,,,,,
D:\My-data\Share_P&L\Ichart Data\Screenshot\August26\2026-08-27\Resistance_Resistance_29SEP26_Scan_27_8_2026_094131.xlsx,True,135,Symbol,,,,,,,Price,,,Price Chg%,,,,,,,
D:\My-data\Share_P&L\Ichart Data\Screenshot\August26\2026-08-27\Resistance_Resistance_29SEP26_Scan_27_8_2026_094641.xlsx,True,136,Symbol,,,,,,,Price,,,Price Chg%,,,,,,,
D:\My-data\Share_P&L\Ichart Data\Screenshot\August26\2026-08-27\Resistance_Resistance_29SEP26_Scan_27_8_2026_095151.xlsx,True,133,Symbol,,,,,,,Price,,,Price Chg%,,,,,,,
D:\My-data\Share_P&L\Ichart Data\Screenshot\August26\2026-08-27\Resistance_Resistance_29SEP26_Scan_27_8_2026_095655.xlsx,True,128,Symbol,,,,,,,Price,,,Price Chg%,,,,,,,
D:\My-data\Share_P&L\Ichart Data\Screenshot\August26\2026-08-27\Resistance_Resistance_29SEP26_Scan_27_8_2026_100200.xlsx,True,127,Symbol,,,,,,,Price,,,Price Chg%,,,,,,,
D:\My-data\Share_P&L\Ichart Data\Screenshot\August26\2026-08-27\Resistance_Resistance_29SEP26_Scan_27_8_2026_100704.xlsx,True,130,Symbol,,,,,,,Price,,,Price Chg%,,,,,,,
D:\My-data\Share_P&L\Ichart Data\Screenshot\August26\2026-08-27\Resistance_Resistance_29SEP26_Scan_27_8_2026_101209.xlsx,True,131,Symbol,,,,,,,Price,,,Price Chg%,,,,,,,
D:\My-data\Share_P&L\Ichart Data\Screenshot\August26\2026-08-27\Resistance_Resistance_29SEP26_Scan_27_8_2026_101713.xlsx,True,134,Symbol,,,,,,,Price,,,Price Chg%,,,,,,,
D:\My-data\Share_P&L\Ichart Data\Screenshot\August26\2026-08-27\Resistance_Resistance_29SEP26_Scan_27_8_2026_102217.xlsx,True,132,Symbol,,,,,,,Price,,,Price Chg%,,,,,,,
D:\My-data\Share_P&L\Ichart Data\Screenshot\August26\2026-08-27\Resistance_Resistance_29SEP26_Scan_27_8_2026_102721.xlsx,True,126,Symbol,,,,,,,Price,,,Price Chg%,,,,,,,
D:\My-data\Share_P&L\Ichart Data\Screenshot\August26\2026-08-27\Resistance_Resistance_29SEP26_Scan_27_8_2026_103226.xlsx,True,124,Symbol,,,,,,,Price,,,Price Chg%,,,,,,,
D:\My-data\Share_P&L\Ichart Data\Screenshot\August26\2026-08-27\Resistance_Resistance_29SEP26_Scan_27_8_2026_103730.xlsx,True,129,Symbol,,,,,,,Price,,,Price Chg%,,,,,,,
D:\My-data\Share_P&L\Ichart Data\Screenshot\August26\2026-08-27\Resistance_Resistance_29SEP26_Scan_27_8_2026_104235.xlsx,True,131,Symbol,,,,,,,Price,,,Price Chg%,,,,,,,
D:\My-data\Share_P&L\Ichart Data\Screenshot\August26\2026-08-27\Resistance_Resistance_29SEP26_Scan_27_8_2026_104739.xlsx,True,129,Symbol,,,,,,,Price,,,Price Chg%,,,,,,,
D:\My-data\Share_P&L\Ichart Data\Screenshot\August26\2026-08-27\Resistance_Resistance_29SEP26_Scan_27_8_2026_105244.xlsx,True,130,Symbol,,,,,,,Price,,,Price Chg%,,,,,,,
D:\My-data\Share_P&L\Ichart Data\Screenshot\August26\2026-08-27\Resistance_Resistance_29SEP26_Scan_27_8_2026_105747.xlsx,True,130,Symbol,,,,,,,Price,,,Price Chg%,,,,,,,
D:\My-data\Share_P&L\Ichart Data\Screenshot\August26\2026-08-27\Resistance_Resistance_29SEP26_Scan_27_8_2026_110252.xlsx,True,129,Symbol,,,,,,,Price,,,Price Chg%,,,,,,,
D:\My-data\Share_P&L\Ichart Data\Screenshot\August26\2026-08-27\Resistance_Resistance_29SEP26_Scan_27_8_2026_110756.xlsx,True,130,Symbol,,,,,,,Price,,,Price Chg%,,,,,,,
D:\My-data\Share_P&L\Ichart Data\Screenshot\August26\2026-08-27\Resistance_Resistance_29SEP26_Scan_27_8_2026_111300.xlsx,True,130,Symbol,,,,,,,Price,,,Price Chg%,,,,,,,
D:\My-data\Share_P&L\Ichart Data\Screenshot\August26\2026-08-27\Resistance_Resistance_29SEP26_Scan_27_8_2026_111804.xlsx,True,130,Symbol,,,,,,,Price,,,Price Chg%,,,,,,,
D:\My-data\Share_P&L\Ichart Data\Screenshot\August26\2026-08-27\Resistance_Resistance_29SEP26_Scan_27_8_2026_112309.xlsx,True,128,Symbol,,,,,,,Price,,,Price Chg%,,,,,,,
D:\My-data\Share_P&L\Ichart Data\Screenshot\August26\2026-08-27\Resistance_Resistance_29SEP26_Scan_27_8_2026_112813.xlsx,True,128,Symbol,,,,,,,Price,,,Price Chg%,,,,,,,
D:\My-data\Share_P&L\Ichart Data\Screenshot\August26\2026-08-27\Resistance_Resistance_29SEP26_Scan_27_8_2026_113318.xlsx,True,128,Symbol,,,,,,,Price,,,Price Chg%,,,,,,,
D:\My-data\Share_P&L\Ichart Data\Screenshot\August26\2026-08-27\Resistance_Resistance_29SEP26_Scan_27_8_2026_113822.xlsx,True,131,Symbol,,,,,,,Price,,,Price Chg%,,,,,,,
D:\My-data\Share_P&L\Ichart Data\Screenshot\August26\2026-08-27\Resistance_Resistance_29SEP26_Scan_27_8_2026_114327.xlsx,True,128,Symbol,,,,,,,Price,,,Price Chg%,,,,,,,
D:\My-data\Share_P&L\Ichart Data\Screenshot\August26\2026-08-27\Resistance_Resistance_29SEP26_Scan_27_8_2026_114831.xlsx,True,131,Symbol,,,,,,,Price,,,Price Chg%,,,,,,,
D:\My-data\Share_P&L\Ichart Data\Screenshot\August26\2026-08-27\Resistance_Resistance_29SEP26_Scan_27_8_2026_115335.xlsx,True,130,Symbol,,,,,,,Price,,,Price Chg%,,,,,,,
D:\My-data\Share_P&L\Ichart Data\Screenshot\August26\2026-08-27\Resistance_Resistance_29SEP26_Scan_27_8_2026_115839.xlsx,True,130,Symbol,,,,,,,Price,,,Price Chg%,,,,,,,
D:\My-data\Share_P&L\Ichart Data\Screenshot\August26\2026-08-27\Resistance_Resistance_29SEP26_Scan_27_8_2026_120343.xlsx,True,129,Symbol,,,,,,,Price,,,Price Chg%,,,,,,,
D:\My-data\Share_P&L\Ichart Data\Screenshot\August26\2026-08-27\Resistance_Resistance_29SEP26_Scan_27_8_2026_120848.xlsx,True,129,Symbol,,,,,,,Price,,,Price Chg%,,,,,,,
D:\My-data\Share_P&L\Ichart Data\Screenshot\August26\2026-08-27\Resistance_Resistance_29SEP26_Scan_27_8_2026_121353.xlsx,True,126,Symbol,,,,,,,Price,,,Price Chg%,,,,,,,
D:\My-data\Share_P&L\Ichart Data\Screenshot\August26\2026-08-27\Resistance_Resistance_29SEP26_Scan_27_8_2026_121858.xlsx,True,127,Symbol,,,,,,,Price,,,Price Chg%,,,,,,,
D:\My-data\Share_P&L\Ichart Data\Screenshot\August26\2026-08-27\Resistance_Resistance_29SEP26_Scan_27_8_2026_122404.xlsx,True,125,Symbol,,,,,,,Price,,,Price Chg%,,,,,,,
D:\My-data\Share_P&L\Ichart Data\Screenshot\August26\2026-08-27\Resistance_Resistance_29SEP26_Scan_27_8_2026_122908.xlsx,True,127,Symbol,,,,,,,Price,,,Price Chg%,,,,,,,
D:\My-data\Share_P&L\Ichart Data\Screenshot\August26\2026-08-27\Resistance_Resistance_29SEP26_Scan_27_8_2026_123414.xlsx,True,123,Symbol,,,,,,,Price,,,Price Chg%,,,,,,,
D:\My-data\Share_P&L\Ichart Data\Screenshot\August26\2026-08-27\Resistance_Resistance_29SEP26_Scan_27_8_2026_123919.xlsx,True,126,Symbol,,,,,,,Price,,,Price Chg%,,,,,,,
D:\My-data\Share_P&L\Ichart Data\Screenshot\August26\2026-08-27\Resistance_Resistance_29SEP26_Scan_27_8_2026_124425.xlsx,True,127,Symbol,,,,,,,Price,,,Price Chg%,,,,,,,
D:\My-data\Share_P&L\Ichart Data\Screenshot\August26\2026-08-27\Resistance_Resistance_29SEP26_Scan_27_8_2026_124929.xlsx,True,124,Symbol,,,,,,,Price,,,Price Chg%,,,,,,,
D:\My-data\Share_P&L\Ichart Data\Screenshot\August26\2026-08-27\Resistance_Resistance_29SEP26_Scan_27_8_2026_125434.xlsx,True,125,Symbol,,,,,,,Price,,,Price Chg%,,,,,,,
D:\My-data\Share_P&L\Ichart Data\Screenshot\August26\2026-08-27\Resistance_Resistance_29SEP26_Scan_27_8_2026_125939.xlsx,True,126,Symbol,,,,,,,Price,,,Price Chg%,,,,,,,
D:\My-data\Share_P&L\Ichart Data\Screenshot\August26\2026-08-27\Resistance_Resistance_29SEP26_Scan_27_8_2026_130444.xlsx,True,123,Symbol,,,,,,,Price,,,Price Chg%,,,,,,,
D:\My-data\Share_P&L\Ichart Data\Screenshot\August26\2026-08-27\Resistance_Resistance_29SEP26_Scan_27_8_2026_130950.xlsx,True,122,Symbol,,,,,,,Price,,,Price Chg%,,,,,,,
D:\My-data\Share_P&L\Ichart Data\Screenshot\August26\2026-08-27\Resistance_Resistance_29SEP26_Scan_27_8_2026_131456.xlsx,True,126,Symbol,,,,,,,Price,,,Price Chg%,,,,,,,
D:\My-data\Share_P&L\Ichart Data\Screenshot\August26\2026-08-27\Resistance_Resistance_29SEP26_Scan_27_8_2026_132006.xlsx,True,125,Symbol,,,,,,,Price,,,Price Chg%,,,,,,,
D:\My-data\Share_P&L\Ichart Data\Screenshot\August26\2026-08-27\Resistance_Resistance_29SEP26_Scan_27_8_2026_132513.xlsx,True,124,Symbol,,,,,,,Price,,,Price Chg%,,,,,,,
D:\My-data\Share_P&L\Ichart Data\Screenshot\August26\2026-08-27\Resistance_Resistance_29SEP26_Scan_27_8_2026_133018.xlsx,True,123,Symbol,,,,,,,Price,,,Price Chg%,,,,,,,
D:\My-data\Share_P&L\Ichart Data\Screenshot\August26\2026-08-27\Resistance_Resistance_29SEP26_Scan_27_8_2026_133544.xlsx,True,120,Symbol,,,,,,,Price,,,Price Chg%,,,,,,,
D:\My-data\Share_P&L\Ichart Data\Screenshot\August26\2026-08-27\Resistance_Resistance_29SEP26_Scan_27_8_2026_134055.xlsx,True,120,Symbol,,,,,,,Price,,,Price Chg%,,,,,,,
D:\My-data\Share_P&L\Ichart Data\Screenshot\August26\2026-08-27\Resistance_Resistance_29SEP26_Scan_27_8_2026_134605.xlsx,True,123,Symbol,,,,,,,Price,,,Price Chg%,,,,,,,
D:\My-data\Share_P&L\Ichart Data\Screenshot\August26\2026-08-27\Resistance_Resistance_29SEP26_Scan_27_8_2026_135115.xlsx,True,115,Symbol,,,,,,,Price,,,Price Chg%,,,,,,,
D:\My-data\Share_P&L\Ichart Data\Screenshot\August26\2026-08-27\Resistance_Resistance_29SEP26_Scan_27_8_2026_135626.xlsx,True,118,Symbol,,,,,,,Price,,,Price Chg%,,,,,,,
D:\My-data\Share_P&L\Ichart Data\Screenshot\August26\2026-08-27\Resistance_Resistance_29SEP26_Scan_27_8_2026_140135.xlsx,True,119,Symbol,,,,,,,Price,,,Price Chg%,,,,,,,
D:\My-data\Share_P&L\Ichart Data\Screenshot\August26\2026-08-27\Resistance_Resistance_29SEP26_Scan_27_8_2026_140645.xlsx,True,121,Symbol,,,,,,,Price,,,Price Chg%,,,,,,,
D:\My-data\Share_P&L\Ichart Data\Screenshot\August26\2026-08-27\Resistance_Resistance_29SEP26_Scan_27_8_2026_141154.xlsx,True,118,Symbol,,,,,,,Price,,,Price Chg%,,,,,,,
D:\My-data\Share_P&L\Ichart Data\Screenshot\August26\2026-08-27\Resistance_Resistance_29SEP26_Scan_27_8_2026_141705.xlsx,True,119,Symbol,,,,,,,Price,,,Price Chg%,,,,,,,
D:\My-data\Share_P&L\Ichart Data\Screenshot\August26\2026-08-27\Resistance_Resistance_29SEP26_Scan_27_8_2026_142215.xlsx,True,120,Symbol,,,,,,,Price,,,Price Chg%,,,,,,,
D:\My-data\Share_P&L\Ichart Data\Screenshot\August26\2026-08-27\Resistance_Resistance_29SEP26_Scan_27_8_2026_142726.xlsx,True,120,Symbol,,,,,,,Price,,,Price Chg%,,,,,,,
D:\My-data\Share_P&L\Ichart Data\Screenshot\August26\2026-08-27\Resistance_Resistance_29SEP26_Scan_27_8_2026_143237.xlsx,True,118,Symbol,,,,,,,Price,,,Price Chg%,,,,,,,
D:\My-data\Share_P&L\Ichart Data\Screenshot\August26\2026-08-27\Resistance_Resistance_29SEP26_Scan_27_8_2026_143746.xlsx,True,120,Symbol,,,,,,,Price,,,Price Chg%,,,,,,,
D:\My-data\Share_P&L\Ichart Data\Screenshot\August26\2026-08-27\Resistance_Resistance_29SEP26_Scan_27_8_2026_144256.xlsx,True,120,Symbol,,,,,,,Price,,,Price Chg%,,,,,,,
D:\My-data\Share_P&L\Ichart Data\Screenshot\August26\2026-08-27\Sector_Summary_29SEP26_Report_27_8_2026.xlsx,True,47,,,,,,,,,,,Price chg (%),OI chg (%),,,,,Volume chg (%),Buildup
D:\My-data\Share_P&L\Ichart Data\Screenshot\August26\2026-08-27\Sector_Summary_29SEP26_Report_27_8_2026_092531.xlsx,True,49,,,,,,,,,,,Price chg (%),OI chg (%),,,,,Volume chg (%),Buildup
D:\My-data\Share_P&L\Ichart Data\Screenshot\August26\2026-08-27\Sector_Summary_29SEP26_Report_27_8_2026_093048.xlsx,True,49,,,,,,,,,,,Price chg (%),OI chg (%),,,,,Volume chg (%),Buildup
D:\My-data\Share_P&L\Ichart Data\Screenshot\August26\2026-08-27\Sector_Summary_29SEP26_Report_27_8_2026_093557.xlsx,True,48,,,,,,,,,,,Price chg (%),OI chg (%),,,,,Volume chg (%),Buildup
D:\My-data\Share_P&L\Ichart Data\Screenshot\August26\2026-08-27\Sector_Summary_29SEP26_Report_27_8_2026_094105.xlsx,True,48,,,,,,,,,,,Price chg (%),OI chg (%),,,,,Volume chg (%),Buildup
D:\My-data\Share_P&L\Ichart Data\Screenshot\August26\2026-08-27\Sector_Summary_29SEP26_Report_27_8_2026_094611.xlsx,True,49,,,,,,,,,,,Price chg (%),OI chg (%),,,,,Volume chg (%),Buildup
D:\My-data\Share_P&L\Ichart Data\Screenshot\August26\2026-08-27\Sector_Summary_29SEP26_Report_27_8_2026_095122.xlsx,True,46,,,,,,,,,,,Price chg (%),OI chg (%),,,,,Volume chg (%),Buildup
D:\My-data\Share_P&L\Ichart Data\Screenshot\August26\2026-08-27\Sector_Summary_29SEP26_Report_27_8_2026_095627.xlsx,True,47,,,,,,,,,,,Price chg (%),OI chg (%),,,,,Volume chg (%),Buildup
D:\My-data\Share_P&L\Ichart Data\Screenshot\August26\2026-08-27\Sector_Summary_29SEP26_Report_27_8_2026_100131.xlsx,True,48,,,,,,,,,,,Price chg (%),OI chg (%),,,,,Volume chg (%),Buildup
D:\My-data\Share_P&L\Ichart Data\Screenshot\August26\2026-08-27\Sector_Summary_29SEP26_Report_27_8_2026_100635.xlsx,True,48,,,,,,,,,,,Price chg (%),OI chg (%),,,,,Volume chg (%),Buildup
D:\My-data\Share_P&L\Ichart Data\Screenshot\August26\2026-08-27\Sector_Summary_29SEP26_Report_27_8_2026_101139.xlsx,True,49,,,,,,,,,,,Price chg (%),OI chg (%),,,,,Volume chg (%),Buildup
D:\My-data\Share_P&L\Ichart Data\Screenshot\August26\2026-08-27\Sector_Summary_29SEP26_Report_27_8_2026_101644.xlsx,True,49,,,,,,,,,,,Price chg (%),OI chg (%),,,,,Volume chg (%),Buildup
D:\My-data\Share_P&L\Ichart Data\Screenshot\August26\2026-08-27\Sector_Summary_29SEP26_Report_27_8_2026_102150.xlsx,True,49,,,,,,,,,,,Price chg (%),OI chg (%),,,,,Volume chg (%),Buildup
D:\My-data\Share_P&L\Ichart Data\Screenshot\August26\2026-08-27\Sector_Summary_29SEP26_Report_27_8_2026_102654.xlsx,True,49,,,,,,,,,,,Price chg (%),OI chg (%),,,,,Volume chg (%),Buildup
D:\My-data\Share_P&L\Ichart Data\Screenshot\August26\2026-08-27\Sector_Summary_29SEP26_Report_27_8_2026_103159.xlsx,True,48,,,,,,,,,,,Price chg (%),OI chg (%),,,,,Volume chg (%),Buildup
D:\My-data\Share_P&L\Ichart Data\Screenshot\August26\2026-08-27\Sector_Summary_29SEP26_Report_27_8_2026_103703.xlsx,True,48,,,,,,,,,,,Price chg (%),OI chg (%),,,,,Volume chg (%),Buildup
D:\My-data\Share_P&L\Ichart Data\Screenshot\August26\2026-08-27\Sector_Summary_29SEP26_Report_27_8_2026_104208.xlsx,True,48,,,,,,,,,,,Price chg (%),OI chg (%),,,,,Volume chg (%),Buildup
D:\My-data\Share_P&L\Ichart Data\Screenshot\August26\2026-08-27\Sector_Summary_29SEP26_Report_27_8_2026_104713.xlsx,True,48,,,,,,,,,,,Price chg (%),OI chg (%),,,,,Volume chg (%),Buildup
D:\My-data\Share_P&L\Ichart Data\Screenshot\August26\2026-08-27\Sector_Summary_29SEP26_Report_27_8_2026_105218.xlsx,True,47,,,,,,,,,,,Price chg (%),OI chg (%),,,,,Volume chg (%),Buildup
D:\My-data\Share_P&L\Ichart Data\Screenshot\August26\2026-08-27\Sector_Summary_29SEP26_Report_27_8_2026_105723.xlsx,True,49,,,,,,,,,,,Price chg (%),OI chg (%),,,,,Volume chg (%),Buildup
D:\My-data\Share_P&L\Ichart Data\Screenshot\August26\2026-08-27\Sector_Summary_29SEP26_Report_27_8_2026_110228.xlsx,True,49,,,,,,,,,,,Price chg (%),OI chg (%),,,,,Volume chg (%),Buildup
D:\My-data\Share_P&L\Ichart Data\Screenshot\August26\2026-08-27\Sector_Summary_29SEP26_Report_27_8_2026_110732.xlsx,True,49,,,,,,,,,,,Price chg (%),OI chg (%),,,,,Volume chg (%),Buildup
D:\My-data\Share_P&L\Ichart Data\Screenshot\August26\2026-08-27\Sector_Summary_29SEP26_Report_27_8_2026_111237.xlsx,True,48,,,,,,,,,,,Price chg (%),OI chg (%),,,,,Volume chg (%),Buildup
D:\My-data\Share_P&L\Ichart Data\Screenshot\August26\2026-08-27\Sector_Summary_29SEP26_Report_27_8_2026_111743.xlsx,True,49,,,,,,,,,,,Price chg (%),OI chg (%),,,,,Volume chg (%),Buildup
D:\My-data\Share_P&L\Ichart Data\Screenshot\August26\2026-08-27\Sector_Summary_29SEP26_Report_27_8_2026_112248.xlsx,True,49,,,,,,,,,,,Price chg (%),OI chg (%),,,,,Volume chg (%),Buildup
D:\My-data\Share_P&L\Ichart Data\Screenshot\August26\2026-08-27\Sector_Summary_29SEP26_Report_27_8_2026_112752.xlsx,True,49,,,,,,,,,,,Price chg (%),OI chg (%),,,,,Volume chg (%),Buildup
D:\My-data\Share_P&L\Ichart Data\Screenshot\August26\2026-08-27\Sector_Summary_29SEP26_Report_27_8_2026_113258.xlsx,True,49,,,,,,,,,,,Price chg (%),OI chg (%),,,,,Volume chg (%),Buildup
D:\My-data\Share_P&L\Ichart Data\Screenshot\August26\2026-08-27\Sector_Summary_29SEP26_Report_27_8_2026_113802.xlsx,True,48,,,,,,,,,,,Price chg (%),OI chg (%),,,,,Volume chg (%),Buildup
D:\My-data\Share_P&L\Ichart Data\Screenshot\August26\2026-08-27\Sector_Summary_29SEP26_Report_27_8_2026_114307.xlsx,True,49,,,,,,,,,,,Price chg (%),OI chg (%),,,,,Volume chg (%),Buildup
D:\My-data\Share_P&L\Ichart Data\Screenshot\August26\2026-08-27\Sector_Summary_29SEP26_Report_27_8_2026_114813.xlsx,True,49,,,,,,,,,,,Price chg (%),OI chg (%),,,,,Volume chg (%),Buildup
D:\My-data\Share_P&L\Ichart Data\Screenshot\August26\2026-08-27\Sector_Summary_29SEP26_Report_27_8_2026_115318.xlsx,True,49,,,,,,,,,,,Price chg (%),OI chg (%),,,,,Volume chg (%),Buildup
D:\My-data\Share_P&L\Ichart Data\Screenshot\August26\2026-08-27\Sector_Summary_29SEP26_Report_27_8_2026_115823.xlsx,True,49,,,,,,,,,,,Price chg (%),OI chg (%),,,,,Volume chg (%),Buildup
D:\My-data\Share_P&L\Ichart Data\Screenshot\August26\2026-08-27\Sector_Summary_29SEP26_Report_27_8_2026_120329.xlsx,True,48,,,,,,,,,,,Price chg (%),OI chg (%),,,,,Volume chg (%),Buildup
D:\My-data\Share_P&L\Ichart Data\Screenshot\August26\2026-08-27\Sector_Summary_29SEP26_Report_27_8_2026_120833.xlsx,True,48,,,,,,,,,,,Price chg (%),OI chg (%),,,,,Volume chg (%),Buildup
D:\My-data\Share_P&L\Ichart Data\Screenshot\August26\2026-08-27\Sector_Summary_29SEP26_Report_27_8_2026_121339.xlsx,True,49,,,,,,,,,,,Price chg (%),OI chg (%),,,,,Volume chg (%),Buildup
D:\My-data\Share_P&L\Ichart Data\Screenshot\August26\2026-08-27\Sector_Summary_29SEP26_Report_27_8_2026_121844.xlsx,True,49,,,,,,,,,,,Price chg (%),OI chg (%),,,,,Volume chg (%),Buildup
D:\My-data\Share_P&L\Ichart Data\Screenshot\August26\2026-08-27\Sector_Summary_29SEP26_Report_27_8_2026_122349.xlsx,True,49,,,,,,,,,,,Price chg (%),OI chg (%),,,,,Volume chg (%),Buildup
D:\My-data\Share_P&L\Ichart Data\Screenshot\August26\2026-08-27\Sector_Summary_29SEP26_Report_27_8_2026_122853.xlsx,True,48,,,,,,,,,,,Price chg (%),OI chg (%),,,,,Volume chg (%),Buildup
D:\My-data\Share_P&L\Ichart Data\Screenshot\August26\2026-08-27\Sector_Summary_29SEP26_Report_27_8_2026_123359.xlsx,True,48,,,,,,,,,,,Price chg (%),OI chg (%),,,,,Volume chg (%),Buildup
D:\My-data\Share_P&L\Ichart Data\Screenshot\August26\2026-08-27\Sector_Summary_29SEP26_Report_27_8_2026_123904.xlsx,True,48,,,,,,,,,,,Price chg (%),OI chg (%),,,,,Volume chg (%),Buildup
D:\My-data\Share_P&L\Ichart Data\Screenshot\August26\2026-08-27\Sector_Summary_29SEP26_Report_27_8_2026_124410.xlsx,True,49,,,,,,,,,,,Price chg (%),OI chg (%),,,,,Volume chg (%),Buildup
D:\My-data\Share_P&L\Ichart Data\Screenshot\August26\2026-08-27\Sector_Summary_29SEP26_Report_27_8_2026_124914.xlsx,True,49,,,,,,,,,,,Price chg (%),OI chg (%),,,,,Volume chg (%),Buildup
D:\My-data\Share_P&L\Ichart Data\Screenshot\August26\2026-08-27\Sector_Summary_29SEP26_Report_27_8_2026_125420.xlsx,True,49,,,,,,,,,,,Price chg (%),OI chg (%),,,,,Volume chg (%),Buildup
D:\My-data\Share_P&L\Ichart Data\Screenshot\August26\2026-08-27\Sector_Summary_29SEP26_Report_27_8_2026_125924.xlsx,True,49,,,,,,,,,,,Price chg (%),OI chg (%),,,,,Volume chg (%),Buildup
D:\My-data\Share_P&L\Ichart Data\Screenshot\August26\2026-08-27\Sector_Summary_29SEP26_Report_27_8_2026_130429.xlsx,True,49,,,,,,,,,,,Price chg (%),OI chg (%),,,,,Volume chg (%),Buildup
D:\My-data\Share_P&L\Ichart Data\Screenshot\August26\2026-08-27\Sector_Summary_29SEP26_Report_27_8_2026_130935.xlsx,True,49,,,,,,,,,,,Price chg (%),OI chg (%),,,,,Volume chg (%),Buildup
D:\My-data\Share_P&L\Ichart Data\Screenshot\August26\2026-08-27\Sector_Summary_29SEP26_Report_27_8_2026_131442.xlsx,True,49,,,,,,,,,,,Price chg (%),OI chg (%),,,,,Volume chg (%),Buildup
D:\My-data\Share_P&L\Ichart Data\Screenshot\August26\2026-08-27\Sector_Summary_29SEP26_Report_27_8_2026_131950.xlsx,True,49,,,,,,,,,,,Price chg (%),OI chg (%),,,,,Volume chg (%),Buildup
D:\My-data\Share_P&L\Ichart Data\Screenshot\August26\2026-08-27\Sector_Summary_29SEP26_Report_27_8_2026_132457.xlsx,True,49,,,,,,,,,,,Price chg (%),OI chg (%),,,,,Volume chg (%),Buildup
D:\My-data\Share_P&L\Ichart Data\Screenshot\August26\2026-08-27\Sector_Summary_29SEP26_Report_27_8_2026_133003.xlsx,True,48,,,,,,,,,,,Price chg (%),OI chg (%),,,,,Volume chg (%),Buildup
D:\My-data\Share_P&L\Ichart Data\Screenshot\August26\2026-08-27\Sector_Summary_29SEP26_Report_27_8_2026_133518.xlsx,True,49,,,,,,,,,,,Price chg (%),OI chg (%),,,,,Volume chg (%),Buildup
D:\My-data\Share_P&L\Ichart Data\Screenshot\August26\2026-08-27\Sector_Summary_29SEP26_Report_27_8_2026_134027.xlsx,True,49,,,,,,,,,,,Price chg (%),OI chg (%),,,,,Volume chg (%),Buildup
D:\My-data\Share_P&L\Ichart Data\Screenshot\August26\2026-08-27\Sector_Summary_29SEP26_Report_27_8_2026_134536.xlsx,True,49,,,,,,,,,,,Price chg (%),OI chg (%),,,,,Volume chg (%),Buildup
D:\My-data\Share_P&L\Ichart Data\Screenshot\August26\2026-08-27\Sector_Summary_29SEP26_Report_27_8_2026_135044.xlsx,True,48,,,,,,,,,,,Price chg (%),OI chg (%),,,,,Volume chg (%),Buildup
D:\My-data\Share_P&L\Ichart Data\Screenshot\August26\2026-08-27\Sector_Summary_29SEP26_Report_27_8_2026_135552.xlsx,True,48,,,,,,,,,,,Price chg (%),OI chg (%),,,,,Volume chg (%),Buildup
D:\My-data\Share_P&L\Ichart Data\Screenshot\August26\2026-08-27\Sector_Summary_29SEP26_Report_27_8_2026_140100.xlsx,True,48,,,,,,,,,,,Price chg (%),OI chg (%),,,,,Volume chg (%),Buildup
D:\My-data\Share_P&L\Ichart Data\Screenshot\August26\2026-08-27\Sector_Summary_29SEP26_Report_27_8_2026_140609.xlsx,True,49,,,,,,,,,,,Price chg (%),OI chg (%),,,,,Volume chg (%),Buildup
D:\My-data\Share_P&L\Ichart Data\Screenshot\August26\2026-08-27\Sector_Summary_29SEP26_Report_27_8_2026_141119.xlsx,True,49,,,,,,,,,,,Price chg (%),OI chg (%),,,,,Volume chg (%),Buildup
D:\My-data\Share_P&L\Ichart Data\Screenshot\August26\2026-08-27\Sector_Summary_29SEP26_Report_27_8_2026_141627.xlsx,True,49,,,,,,,,,,,Price chg (%),OI chg (%),,,,,Volume chg (%),Buildup
D:\My-data\Share_P&L\Ichart Data\Screenshot\August26\2026-08-27\Sector_Summary_29SEP26_Report_27_8_2026_142134.xlsx,True,48,,,,,,,,,,,Price chg (%),OI chg (%),,,,,Volume chg (%),Buildup
D:\My-data\Share_P&L\Ichart Data\Screenshot\August26\2026-08-27\Sector_Summary_29SEP26_Report_27_8_2026_142644.xlsx,True,49,,,,,,,,,,,Price chg (%),OI chg (%),,,,,Volume chg (%),Buildup
D:\My-data\Share_P&L\Ichart Data\Screenshot\August26\2026-08-27\Sector_Summary_29SEP26_Report_27_8_2026_143157.xlsx,True,49,,,,,,,,,,,Price chg (%),OI chg (%),,,,,Volume chg (%),Buildup
D:\My-data\Share_P&L\Ichart Data\Screenshot\August26\2026-08-27\Sector_Summary_29SEP26_Report_27_8_2026_143704.xlsx,True,48,,,,,,,,,,,Price chg (%),OI chg (%),,,,,Volume chg (%),Buildup
D:\My-data\Share_P&L\Ichart Data\Screenshot\August26\2026-08-27\Sector_Summary_29SEP26_Report_27_8_2026_144213.xlsx,True,49,,,,,,,,,,,Price chg (%),OI chg (%),,,,,Volume chg (%),Buildup
D:\My-data\Share_P&L\Ichart Data\Screenshot\August26\2026-08-27\Support_Resistance_29SEP26_Scan_27_8_2026.xlsx,True,120,Symbol,,,,,,,Price,,,Price Chg%,,,,,,,
D:\My-data\Share_P&L\Ichart Data\Screenshot\August26\2026-08-27\Support_Resistance_29SEP26_Scan_27_8_2026_092548.xlsx,True,127,Symbol,,,,,,,Price,,,Price Chg%,,,,,,,
D:\My-data\Share_P&L\Ichart Data\Screenshot\August26\2026-08-27\Support_Resistance_29SEP26_Scan_27_8_2026_093104.xlsx,True,128,Symbol,,,,,,,Price,,,Price Chg%,,,,,,,
D:\My-data\Share_P&L\Ichart Data\Screenshot\August26\2026-08-27\Support_Resistance_29SEP26_Scan_27_8_2026_093613.xlsx,True,123,Symbol,,,,,,,Price,,,Price Chg%,,,,,,,
D:\My-data\Share_P&L\Ichart Data\Screenshot\August26\2026-08-27\Support_Resistance_29SEP26_Scan_27_8_2026_094122.xlsx,True,127,Symbol,,,,,,,Price,,,Price Chg%,,,,,,,
D:\My-data\Share_P&L\Ichart Data\Screenshot\August26\2026-08-27\Support_Resistance_29SEP26_Scan_27_8_2026_094631.xlsx,True,130,Symbol,,,,,,,Price,,,Price Chg%,,,,,,,
D:\My-data\Share_P&L\Ichart Data\Screenshot\August26\2026-08-27\Support_Resistance_29SEP26_Scan_27_8_2026_095140.xlsx,True,132,Symbol,,,,,,,Price,,,Price Chg%,,,,,,,
D:\My-data\Share_P&L\Ichart Data\Screenshot\August26\2026-08-27\Support_Resistance_29SEP26_Scan_27_8_2026_095645.xlsx,True,130,Symbol,,,,,,,Price,,,Price Chg%,,,,,,,
D:\My-data\Share_P&L\Ichart Data\Screenshot\August26\2026-08-27\Support_Resistance_29SEP26_Scan_27_8_2026_100149.xlsx,True,127,Symbol,,,,,,,Price,,,Price Chg%,,,,,,,
D:\My-data\Share_P&L\Ichart Data\Screenshot\August26\2026-08-27\Support_Resistance_29SEP26_Scan_27_8_2026_100653.xlsx,True,129,Symbol,,,,,,,Price,,,Price Chg%,,,,,,,
D:\My-data\Share_P&L\Ichart Data\Screenshot\August26\2026-08-27\Support_Resistance_29SEP26_Scan_27_8_2026_101158.xlsx,True,125,Symbol,,,,,,,Price,,,Price Chg%,,,,,,,
D:\My-data\Share_P&L\Ichart Data\Screenshot\August26\2026-08-27\Support_Resistance_29SEP26_Scan_27_8_2026_101702.xlsx,True,126,Symbol,,,,,,,Price,,,Price Chg%,,,,,,,
D:\My-data\Share_P&L\Ichart Data\Screenshot\August26\2026-08-27\Support_Resistance_29SEP26_Scan_27_8_2026_102207.xlsx,True,126,Symbol,,,,,,,Price,,,Price Chg%,,,,,,,
D:\My-data\Share_P&L\Ichart Data\Screenshot\August26\2026-08-27\Support_Resistance_29SEP26_Scan_27_8_2026_102712.xlsx,True,124,Symbol,,,,,,,Price,,,Price Chg%,,,,,,,
D:\My-data\Share_P&L\Ichart Data\Screenshot\August26\2026-08-27\Support_Resistance_29SEP26_Scan_27_8_2026_103217.xlsx,True,125,Symbol,,,,,,,Price,,,Price Chg%,,,,,,,
D:\My-data\Share_P&L\Ichart Data\Screenshot\August26\2026-08-27\Support_Resistance_29SEP26_Scan_27_8_2026_103721.xlsx,True,126,Symbol,,,,,,,Price,,,Price Chg%,,,,,,,
D:\My-data\Share_P&L\Ichart Data\Screenshot\August26\2026-08-27\Support_Resistance_29SEP26_Scan_27_8_2026_104226.xlsx,True,125,Symbol,,,,,,,Price,,,Price Chg%,,,,,,,
D:\My-data\Share_P&L\Ichart Data\Screenshot\August26\2026-08-27\Support_Resistance_29SEP26_Scan_27_8_2026_104730.xlsx,True,127,Symbol,,,,,,,Price,,,Price Chg%,,,,,,,
D:\My-data\Share_P&L\Ichart Data\Screenshot\August26\2026-08-27\Support_Resistance_29SEP26_Scan_27_8_2026_105234.xlsx,True,124,Symbol,,,,,,,Price,,,Price Chg%,,,,,,,
D:\My-data\Share_P&L\Ichart Data\Screenshot\August26\2026-08-27\Support_Resistance_29SEP26_Scan_27_8_2026_105738.xlsx,True,124,Symbol,,,,,,,Price,,,Price Chg%,,,,,,,
D:\My-data\Share_P&L\Ichart Data\Screenshot\August26\2026-08-27\Support_Resistance_29SEP26_Scan_27_8_2026_110243.xlsx,True,125,Symbol,,,,,,,Price,,,Price Chg%,,,,,,,
D:\My-data\Share_P&L\Ichart Data\Screenshot\August26\2026-08-27\Support_Resistance_29SEP26_Scan_27_8_2026_110747.xlsx,True,123,Symbol,,,,,,,Price,,,Price Chg%,,,,,,,
D:\My-data\Share_P&L\Ichart Data\Screenshot\August26\2026-08-27\Support_Resistance_29SEP26_Scan_27_8_2026_111251.xlsx,True,122,Symbol,,,,,,,Price,,,Price Chg%,,,,,,,
D:\My-data\Share_P&L\Ichart Data\Screenshot\August26\2026-08-27\Support_Resistance_29SEP26_Scan_27_8_2026_111756.xlsx,True,122,Symbol,,,,,,,Price,,,Price Chg%,,,,,,,
D:\My-data\Share_P&L\Ichart Data\Screenshot\August26\2026-08-27\Support_Resistance_29SEP26_Scan_27_8_2026_112300.xlsx,True,124,Symbol,,,,,,,Price,,,Price Chg%,,,,,,,
D:\My-data\Share_P&L\Ichart Data\Screenshot\August26\2026-08-27\Support_Resistance_29SEP26_Scan_27_8_2026_112804.xlsx,True,122,Symbol,,,,,,,Price,,,Price Chg%,,,,,,,
D:\My-data\Share_P&L\Ichart Data\Screenshot\August26\2026-08-27\Support_Resistance_29SEP26_Scan_27_8_2026_113310.xlsx,True,124,Symbol,,,,,,,Price,,,Price Chg%,,,,,,,
D:\My-data\Share_P&L\Ichart Data\Screenshot\August26\2026-08-27\Support_Resistance_29SEP26_Scan_27_8_2026_113814.xlsx,True,123,Symbol,,,,,,,Price,,,Price Chg%,,,,,,,
D:\My-data\Share_P&L\Ichart Data\Screenshot\August26\2026-08-27\Support_Resistance_29SEP26_Scan_27_8_2026_114319.xlsx,True,124,Symbol,,,,,,,Price,,,Price Chg%,,,,,,,
D:\My-data\Share_P&L\Ichart Data\Screenshot\August26\2026-08-27\Support_Resistance_29SEP26_Scan_27_8_2026_114823.xlsx,True,126,Symbol,,,,,,,Price,,,Price Chg%,,,,,,,
D:\My-data\Share_P&L\Ichart Data\Screenshot\August26\2026-08-27\Support_Resistance_29SEP26_Scan_27_8_2026_115328.xlsx,True,125,Symbol,,,,,,,Price,,,Price Chg%,,,,,,,
D:\My-data\Share_P&L\Ichart Data\Screenshot\August26\2026-08-27\Support_Resistance_29SEP26_Scan_27_8_2026_115833.xlsx,True,122,Symbol,,,,,,,Price,,,Price Chg%,,,,,,,
D:\My-data\Share_P&L\Ichart Data\Screenshot\August26\2026-08-27\Support_Resistance_29SEP26_Scan_27_8_2026_120338.xlsx,True,123,Symbol,,,,,,,Price,,,Price Chg%,,,,,,,
D:\My-data\Share_P&L\Ichart Data\Screenshot\August26\2026-08-27\Support_Resistance_29SEP26_Scan_27_8_2026_120842.xlsx,True,121,Symbol,,,,,,,Price,,,Price Chg%,,,,,,,
D:\My-data\Share_P&L\Ichart Data\Screenshot\August26\2026-08-27\Support_Resistance_29SEP26_Scan_27_8_2026_121348.xlsx,True,121,Symbol,,,,,,,Price,,,Price Chg%,,,,,,,
D:\My-data\Share_P&L\Ichart Data\Screenshot\August26\2026-08-27\Support_Resistance_29SEP26_Scan_27_8_2026_121854.xlsx,True,120,Symbol,,,,,,,Price,,,Price Chg%,,,,,,,
D:\My-data\Share_P&L\Ichart Data\Screenshot\August26\2026-08-27\Support_Resistance_29SEP26_Scan_27_8_2026_122359.xlsx,True,120,Symbol,,,,,,,Price,,,Price Chg%,,,,,,,
D:\My-data\Share_P&L\Ichart Data\Screenshot\August26\2026-08-27\Support_Resistance_29SEP26_Scan_27_8_2026_122904.xlsx,True,121,Symbol,,,,,,,Price,,,Price Chg%,,,,,,,
D:\My-data\Share_P&L\Ichart Data\Screenshot\August26\2026-08-27\Support_Resistance_29SEP26_Scan_27_8_2026_123409.xlsx,True,121,Symbol,,,,,,,Price,,,Price Chg%,,,,,,,
D:\My-data\Share_P&L\Ichart Data\Screenshot\August26\2026-08-27\Support_Resistance_29SEP26_Scan_27_8_2026_123914.xlsx,True,120,Symbol,,,,,,,Price,,,Price Chg%,,,,,,,
D:\My-data\Share_P&L\Ichart Data\Screenshot\August26\2026-08-27\Support_Resistance_29SEP26_Scan_27_8_2026_124420.xlsx,True,121,Symbol,,,,,,,Price,,,Price Chg%,,,,,,,
D:\My-data\Share_P&L\Ichart Data\Screenshot\August26\2026-08-27\Support_Resistance_29SEP26_Scan_27_8_2026_124924.xlsx,True,120,Symbol,,,,,,,Price,,,Price Chg%,,,,,,,
D:\My-data\Share_P&L\Ichart Data\Screenshot\August26\2026-08-27\Support_Resistance_29SEP26_Scan_27_8_2026_125430.xlsx,True,121,Symbol,,,,,,,Price,,,Price Chg%,,,,,,,
D:\My-data\Share_P&L\Ichart Data\Screenshot\August26\2026-08-27\Support_Resistance_29SEP26_Scan_27_8_2026_125934.xlsx,True,119,Symbol,,,,,,,Price,,,Price Chg%,,,,,,,
D:\My-data\Share_P&L\Ichart Data\Screenshot\August26\2026-08-27\Support_Resistance_29SEP26_Scan_27_8_2026_130438.xlsx,True,124,Symbol,,,,,,,Price,,,Price Chg%,,,,,,,
D:\My-data\Share_P&L\Ichart Data\Screenshot\August26\2026-08-27\Support_Resistance_29SEP26_Scan_27_8_2026_130945.xlsx,True,121,Symbol,,,,,,,Price,,,Price Chg%,,,,,,,
D:\My-data\Share_P&L\Ichart Data\Screenshot\August26\2026-08-27\Support_Resistance_29SEP26_Scan_27_8_2026_131451.xlsx,True,122,Symbol,,,,,,,Price,,,Price Chg%,,,,,,,
D:\My-data\Share_P&L\Ichart Data\Screenshot\August26\2026-08-27\Support_Resistance_29SEP26_Scan_27_8_2026_132001.xlsx,True,122,Symbol,,,,,,,Price,,,Price Chg%,,,,,,,
D:\My-data\Share_P&L\Ichart Data\Screenshot\August26\2026-08-27\Support_Resistance_29SEP26_Scan_27_8_2026_132507.xlsx,True,120,Symbol,,,,,,,Price,,,Price Chg%,,,,,,,
D:\My-data\Share_P&L\Ichart Data\Screenshot\August26\2026-08-27\Support_Resistance_29SEP26_Scan_27_8_2026_133013.xlsx,True,122,Symbol,,,,,,,Price,,,Price Chg%,,,,,,,
D:\My-data\Share_P&L\Ichart Data\Screenshot\August26\2026-08-27\Support_Resistance_29SEP26_Scan_27_8_2026_133534.xlsx,True,123,Symbol,,,,,,,Price,,,Price Chg%,,,,,,,
D:\My-data\Share_P&L\Ichart Data\Screenshot\August26\2026-08-27\Support_Resistance_29SEP26_Scan_27_8_2026_134045.xlsx,True,121,Symbol,,,,,,,Price,,,Price Chg%,,,,,,,
D:\My-data\Share_P&L\Ichart Data\Screenshot\August26\2026-08-27\Support_Resistance_29SEP26_Scan_27_8_2026_134555.xlsx,True,122,Symbol,,,,,,,Price,,,Price Chg%,,,,,,,
D:\My-data\Share_P&L\Ichart Data\Screenshot\August26\2026-08-27\Support_Resistance_29SEP26_Scan_27_8_2026_135104.xlsx,True,125,Symbol,,,,,,,Price,,,Price Chg%,,,,,,,
D:\My-data\Share_P&L\Ichart Data\Screenshot\August26\2026-08-27\Support_Resistance_29SEP26_Scan_27_8_2026_135614.xlsx,True,124,Symbol,,,,,,,Price,,,Price Chg%,,,,,,,
D:\My-data\Share_P&L\Ichart Data\Screenshot\August26\2026-08-27\Support_Resistance_29SEP26_Scan_27_8_2026_140124.xlsx,True,124,Symbol,,,,,,,Price,,,Price Chg%,,,,,,,
D:\My-data\Share_P&L\Ichart Data\Screenshot\August26\2026-08-27\Support_Resistance_29SEP26_Scan_27_8_2026_140633.xlsx,True,121,Symbol,,,,,,,Price,,,Price Chg%,,,,,,,
D:\My-data\Share_P&L\Ichart Data\Screenshot\August26\2026-08-27\Support_Resistance_29SEP26_Scan_27_8_2026_141143.xlsx,True,123,Symbol,,,,,,,Price,,,Price Chg%,,,,,,,
D:\My-data\Share_P&L\Ichart Data\Screenshot\August26\2026-08-27\Support_Resistance_29SEP26_Scan_27_8_2026_141653.xlsx,True,124,Symbol,,,,,,,Price,,,Price Chg%,,,,,,,
D:\My-data\Share_P&L\Ichart Data\Screenshot\August26\2026-08-27\Support_Resistance_29SEP26_Scan_27_8_2026_142202.xlsx,True,124,Symbol,,,,,,,Price,,,Price Chg%,,,,,,,
D:\My-data\Share_P&L\Ichart Data\Screenshot\August26\2026-08-27\Support_Resistance_29SEP26_Scan_27_8_2026_142711.xlsx,True,126,Symbol,,,,,,,Price,,,Price Chg%,,,,,,,
D:\My-data\Share_P&L\Ichart Data\Screenshot\August26\2026-08-27\Support_Resistance_29SEP26_Scan_27_8_2026_143221.xlsx,True,126,Symbol,,,,,,,Price,,,Price Chg%,,,,,,,
D:\My-data\Share_P&L\Ichart Data\Screenshot\August26\2026-08-27\Support_Resistance_29SEP26_Scan_27_8_2026_143731.xlsx,True,123,Symbol,,,,,,,Price,,,Price Chg%,,,,,,,
D:\My-data\Share_P&L\Ichart Data\Screenshot\August26\2026-08-27\Support_Resistance_29SEP26_Scan_27_8_2026_144241.xlsx,True,122,Symbol,,,,,,,Price,,,Price Chg%,,,,,,,
D:\My-data\Share_P&L\Ichart Data\Screenshot\August26\2026-08-27\VolumeAndOISpikesScans_29SEP26_Report_27_8_2026.xlsx,True,219,Symbol,,,,,,,Price,,,Price chg (%),OI chg (%),,,,,Volume Chg (%),
D:\My-data\Share_P&L\Ichart Data\Screenshot\August26\2026-08-27\VolumeAndOISpikesScans_29SEP26_Report_27_8_2026_092538.xlsx,True,219,Symbol,,,,,,,Price,,,Price chg (%),OI chg (%),,,,,Volume Chg (%),
D:\My-data\Share_P&L\Ichart Data\Screenshot\August26\2026-08-27\VolumeAndOISpikesScans_29SEP26_Report_27_8_2026_093054.xlsx,True,219,Symbol,,,,,,,Price,,,Price chg (%),OI chg (%),,,,,Volume Chg (%),
D:\My-data\Share_P&L\Ichart Data\Screenshot\August26\2026-08-27\VolumeAndOISpikesScans_29SEP26_Report_27_8_2026_093603.xlsx,True,219,Symbol,,,,,,,Price,,,Price chg (%),OI chg (%),,,,,Volume Chg (%),
D:\My-data\Share_P&L\Ichart Data\Screenshot\August26\2026-08-27\VolumeAndOISpikesScans_29SEP26_Report_27_8_2026_094111.xlsx,True,219,Symbol,,,,,,,Price,,,Price chg (%),OI chg (%),,,,,Volume Chg (%),
D:\My-data\Share_P&L\Ichart Data\Screenshot\August26\2026-08-27\VolumeAndOISpikesScans_29SEP26_Report_27_8_2026_094618.xlsx,True,219,Symbol,,,,,,,Price,,,Price chg (%),OI chg (%),,,,,Volume Chg (%),
D:\My-data\Share_P&L\Ichart Data\Screenshot\August26\2026-08-27\VolumeAndOISpikesScans_29SEP26_Report_27_8_2026_095128.xlsx,True,219,Symbol,,,,,,,Price,,,Price chg (%),OI chg (%),,,,,Volume Chg (%),
D:\My-data\Share_P&L\Ichart Data\Screenshot\August26\2026-08-27\VolumeAndOISpikesScans_29SEP26_Report_27_8_2026_095632.xlsx,True,219,Symbol,,,,,,,Price,,,Price chg (%),OI chg (%),,,,,Volume Chg (%),
D:\My-data\Share_P&L\Ichart Data\Screenshot\August26\2026-08-27\VolumeAndOISpikesScans_29SEP26_Report_27_8_2026_100137.xlsx,True,219,Symbol,,,,,,,Price,,,Price chg (%),OI chg (%),,,,,Volume Chg (%),
D:\My-data\Share_P&L\Ichart Data\Screenshot\August26\2026-08-27\VolumeAndOISpikesScans_29SEP26_Report_27_8_2026_100641.xlsx,True,219,Symbol,,,,,,,Price,,,Price chg (%),OI chg (%),,,,,Volume Chg (%),
D:\My-data\Share_P&L\Ichart Data\Screenshot\August26\2026-08-27\VolumeAndOISpikesScans_29SEP26_Report_27_8_2026_101146.xlsx,True,219,Symbol,,,,,,,Price,,,Price chg (%),OI chg (%),,,,,Volume Chg (%),
D:\My-data\Share_P&L\Ichart Data\Screenshot\August26\2026-08-27\VolumeAndOISpikesScans_29SEP26_Report_27_8_2026_101651.xlsx,True,219,Symbol,,,,,,,Price,,,Price chg (%),OI chg (%),,,,,Volume Chg (%),
D:\My-data\Share_P&L\Ichart Data\Screenshot\August26\2026-08-27\VolumeAndOISpikesScans_29SEP26_Report_27_8_2026_102155.xlsx,True,219,Symbol,,,,,,,Price,,,Price chg (%),OI chg (%),,,,,Volume Chg (%),
D:\My-data\Share_P&L\Ichart Data\Screenshot\August26\2026-08-27\VolumeAndOISpikesScans_29SEP26_Report_27_8_2026_102700.xlsx,True,219,Symbol,,,,,,,Price,,,Price chg (%),OI chg (%),,,,,Volume Chg (%),
D:\My-data\Share_P&L\Ichart Data\Screenshot\August26\2026-08-27\VolumeAndOISpikesScans_29SEP26_Report_27_8_2026_103204.xlsx,True,219,Symbol,,,,,,,Price,,,Price chg (%),OI chg (%),,,,,Volume Chg (%),
D:\My-data\Share_P&L\Ichart Data\Screenshot\August26\2026-08-27\VolumeAndOISpikesScans_29SEP26_Report_27_8_2026_103710.xlsx,True,219,Symbol,,,,,,,Price,,,Price chg (%),OI chg (%),,,,,Volume Chg (%),
D:\My-data\Share_P&L\Ichart Data\Screenshot\August26\2026-08-27\VolumeAndOISpikesScans_29SEP26_Report_27_8_2026_104214.xlsx,True,219,Symbol,,,,,,,Price,,,Price chg (%),OI chg (%),,,,,Volume Chg (%),
D:\My-data\Share_P&L\Ichart Data\Screenshot\August26\2026-08-27\VolumeAndOISpikesScans_29SEP26_Report_27_8_2026_104718.xlsx,True,219,Symbol,,,,,,,Price,,,Price chg (%),OI chg (%),,,,,Volume Chg (%),
D:\My-data\Share_P&L\Ichart Data\Screenshot\August26\2026-08-27\VolumeAndOISpikesScans_29SEP26_Report_27_8_2026_105223.xlsx,True,219,Symbol,,,,,,,Price,,,Price chg (%),OI chg (%),,,,,Volume Chg (%),
D:\My-data\Share_P&L\Ichart Data\Screenshot\August26\2026-08-27\VolumeAndOISpikesScans_29SEP26_Report_27_8_2026_105728.xlsx,True,219,Symbol,,,,,,,Price,,,Price chg (%),OI chg (%),,,,,Volume Chg (%),
D:\My-data\Share_P&L\Ichart Data\Screenshot\August26\2026-08-27\VolumeAndOISpikesScans_29SEP26_Report_27_8_2026_110232.xlsx,True,219,Symbol,,,,,,,Price,,,Price chg (%),OI chg (%),,,,,Volume Chg (%),
D:\My-data\Share_P&L\Ichart Data\Screenshot\August26\2026-08-27\VolumeAndOISpikesScans_29SEP26_Report_27_8_2026_110737.xlsx,True,219,Symbol,,,,,,,Price,,,Price chg (%),OI chg (%),,,,,Volume Chg (%),
D:\My-data\Share_P&L\Ichart Data\Screenshot\August26\2026-08-27\VolumeAndOISpikesScans_29SEP26_Report_27_8_2026_111242.xlsx,True,219,Symbol,,,,,,,Price,,,Price chg (%),OI chg (%),,,,,Volume Chg (%),
D:\My-data\Share_P&L\Ichart Data\Screenshot\August26\2026-08-27\VolumeAndOISpikesScans_29SEP26_Report_27_8_2026_111748.xlsx,True,219,Symbol,,,,,,,Price,,,Price chg (%),OI chg (%),,,,,Volume Chg (%),
D:\My-data\Share_P&L\Ichart Data\Screenshot\August26\2026-08-27\VolumeAndOISpikesScans_29SEP26_Report_27_8_2026_112253.xlsx,True,219,Symbol,,,,,,,Price,,,Price chg (%),OI chg (%),,,,,Volume Chg (%),
D:\My-data\Share_P&L\Ichart Data\Screenshot\August26\2026-08-27\VolumeAndOISpikesScans_29SEP26_Report_27_8_2026_112757.xlsx,True,219,Symbol,,,,,,,Price,,,Price chg (%),OI chg (%),,,,,Volume Chg (%),
D:\My-data\Share_P&L\Ichart Data\Screenshot\August26\2026-08-27\VolumeAndOISpikesScans_29SEP26_Report_27_8_2026_113303.xlsx,True,219,Symbol,,,,,,,Price,,,Price chg (%),OI chg (%),,,,,Volume Chg (%),
D:\My-data\Share_P&L\Ichart Data\Screenshot\August26\2026-08-27\VolumeAndOISpikesScans_29SEP26_Report_27_8_2026_113807.xlsx,True,219,Symbol,,,,,,,Price,,,Price chg (%),OI chg (%),,,,,Volume Chg (%),
D:\My-data\Share_P&L\Ichart Data\Screenshot\August26\2026-08-27\VolumeAndOISpikesScans_29SEP26_Report_27_8_2026_114312.xlsx,True,219,Symbol,,,,,,,Price,,,Price chg (%),OI chg (%),,,,,Volume Chg (%),
D:\My-data\Share_P&L\Ichart Data\Screenshot\August26\2026-08-27\VolumeAndOISpikesScans_29SEP26_Report_27_8_2026_114818.xlsx,True,219,Symbol,,,,,,,Price,,,Price chg (%),OI chg (%),,,,,Volume Chg (%),
D:\My-data\Share_P&L\Ichart Data\Screenshot\August26\2026-08-27\VolumeAndOISpikesScans_29SEP26_Report_27_8_2026_115323.xlsx,True,219,Symbol,,,,,,,Price,,,Price chg (%),OI chg (%),,,,,Volume Chg (%),
D:\My-data\Share_P&L\Ichart Data\Screenshot\August26\2026-08-27\VolumeAndOISpikesScans_29SEP26_Report_27_8_2026_115828.xlsx,True,219,Symbol,,,,,,,Price,,,Price chg (%),OI chg (%),,,,,Volume Chg (%),
D:\My-data\Share_P&L\Ichart Data\Screenshot\August26\2026-08-27\VolumeAndOISpikesScans_29SEP26_Report_27_8_2026_120333.xlsx,True,219,Symbol,,,,,,,Price,,,Price chg (%),OI chg (%),,,,,Volume Chg (%),
D:\My-data\Share_P&L\Ichart Data\Screenshot\August26\2026-08-27\VolumeAndOISpikesScans_29SEP26_Report_27_8_2026_120838.xlsx,True,219,Symbol,,,,,,,Price,,,Price chg (%),OI chg (%),,,,,Volume Chg (%),
D:\My-data\Share_P&L\Ichart Data\Screenshot\August26\2026-08-27\VolumeAndOISpikesScans_29SEP26_Report_27_8_2026_121343.xlsx,True,219,Symbol,,,,,,,Price,,,Price chg (%),OI chg (%),,,,,Volume Chg (%),
D:\My-data\Share_P&L\Ichart Data\Screenshot\August26\2026-08-27\VolumeAndOISpikesScans_29SEP26_Report_27_8_2026_121849.xlsx,True,219,Symbol,,,,,,,Price,,,Price chg (%),OI chg (%),,,,,Volume Chg (%),
D:\My-data\Share_P&L\Ichart Data\Screenshot\August26\2026-08-27\VolumeAndOISpikesScans_29SEP26_Report_27_8_2026_122353.xlsx,True,219,Symbol,,,,,,,Price,,,Price chg (%),OI chg (%),,,,,Volume Chg (%),
D:\My-data\Share_P&L\Ichart Data\Screenshot\August26\2026-08-27\VolumeAndOISpikesScans_29SEP26_Report_27_8_2026_122858.xlsx,True,219,Symbol,,,,,,,Price,,,Price chg (%),OI chg (%),,,,,Volume Chg (%),
D:\My-data\Share_P&L\Ichart Data\Screenshot\August26\2026-08-27\VolumeAndOISpikesScans_29SEP26_Report_27_8_2026_123405.xlsx,True,219,Symbol,,,,,,,Price,,,Price chg (%),OI chg (%),,,,,Volume Chg (%),
D:\My-data\Share_P&L\Ichart Data\Screenshot\August26\2026-08-27\VolumeAndOISpikesScans_29SEP26_Report_27_8_2026_123909.xlsx,True,219,Symbol,,,,,,,Price,,,Price chg (%),OI chg (%),,,,,Volume Chg (%),
D:\My-data\Share_P&L\Ichart Data\Screenshot\August26\2026-08-27\VolumeAndOISpikesScans_29SEP26_Report_27_8_2026_124415.xlsx,True,219,Symbol,,,,,,,Price,,,Price chg (%),OI chg (%),,,,,Volume Chg (%),
D:\My-data\Share_P&L\Ichart Data\Screenshot\August26\2026-08-27\VolumeAndOISpikesScans_29SEP26_Report_27_8_2026_124919.xlsx,True,219,Symbol,,,,,,,Price,,,Price chg (%),OI chg (%),,,,,Volume Chg (%),
D:\My-data\Share_P&L\Ichart Data\Screenshot\August26\2026-08-27\VolumeAndOISpikesScans_29SEP26_Report_27_8_2026_125425.xlsx,True,219,Symbol,,,,,,,Price,,,Price chg (%),OI chg (%),,,,,Volume Chg (%),
D:\My-data\Share_P&L\Ichart Data\Screenshot\August26\2026-08-27\VolumeAndOISpikesScans_29SEP26_Report_27_8_2026_125929.xlsx,True,219,Symbol,,,,,,,Price,,,Price chg (%),OI chg (%),,,,,Volume Chg (%),
D:\My-data\Share_P&L\Ichart Data\Screenshot\August26\2026-08-27\VolumeAndOISpikesScans_29SEP26_Report_27_8_2026_130434.xlsx,True,219,Symbol,,,,,,,Price,,,Price chg (%),OI chg (%),,,,,Volume Chg (%),
D:\My-data\Share_P&L\Ichart Data\Screenshot\August26\2026-08-27\VolumeAndOISpikesScans_29SEP26_Report_27_8_2026_130940.xlsx,True,219,Symbol,,,,,,,Price,,,Price chg (%),OI chg (%),,,,,Volume Chg (%),
D:\My-data\Share_P&L\Ichart Data\Screenshot\August26\2026-08-27\VolumeAndOISpikesScans_29SEP26_Report_27_8_2026_131446.xlsx,True,219,Symbol,,,,,,,Price,,,Price chg (%),OI chg (%),,,,,Volume Chg (%),
D:\My-data\Share_P&L\Ichart Data\Screenshot\August26\2026-08-27\VolumeAndOISpikesScans_29SEP26_Report_27_8_2026_131956.xlsx,True,219,Symbol,,,,,,,Price,,,Price chg (%),OI chg (%),,,,,Volume Chg (%),
D:\My-data\Share_P&L\Ichart Data\Screenshot\August26\2026-08-27\VolumeAndOISpikesScans_29SEP26_Report_27_8_2026_132503.xlsx,True,219,Symbol,,,,,,,Price,,,Price chg (%),OI chg (%),,,,,Volume Chg (%),
D:\My-data\Share_P&L\Ichart Data\Screenshot\August26\2026-08-27\VolumeAndOISpikesScans_29SEP26_Report_27_8_2026_133008.xlsx,True,219,Symbol,,,,,,,Price,,,Price chg (%),OI chg (%),,,,,Volume Chg (%),
D:\My-data\Share_P&L\Ichart Data\Screenshot\August26\2026-08-27\VolumeAndOISpikesScans_29SEP26_Report_27_8_2026_133525.xlsx,True,219,Symbol,,,,,,,Price,,,Price chg (%),OI chg (%),,,,,Volume Chg (%),
D:\My-data\Share_P&L\Ichart Data\Screenshot\August26\2026-08-27\VolumeAndOISpikesScans_29SEP26_Report_27_8_2026_134035.xlsx,True,219,Symbol,,,,,,,Price,,,Price chg (%),OI chg (%),,,,,Volume Chg (%),
D:\My-data\Share_P&L\Ichart Data\Screenshot\August26\2026-08-27\VolumeAndOISpikesScans_29SEP26_Report_27_8_2026_134543.xlsx,True,219,Symbol,,,,,,,Price,,,Price chg (%),OI chg (%),,,,,Volume Chg (%),
D:\My-data\Share_P&L\Ichart Data\Screenshot\August26\2026-08-27\VolumeAndOISpikesScans_29SEP26_Report_27_8_2026_135051.xlsx,True,219,Symbol,,,,,,,Price,,,Price chg (%),OI chg (%),,,,,Volume Chg (%),
D:\My-data\Share_P&L\Ichart Data\Screenshot\August26\2026-08-27\VolumeAndOISpikesScans_29SEP26_Report_27_8_2026_135558.xlsx,True,219,Symbol,,,,,,,Price,,,Price chg (%),OI chg (%),,,,,Volume Chg (%),
D:\My-data\Share_P&L\Ichart Data\Screenshot\August26\2026-08-27\VolumeAndOISpikesScans_29SEP26_Report_27_8_2026_140107.xlsx,True,219,Symbol,,,,,,,Price,,,Price chg (%),OI chg (%),,,,,Volume Chg (%),
D:\My-data\Share_P&L\Ichart Data\Screenshot\August26\2026-08-27\VolumeAndOISpikesScans_29SEP26_Report_27_8_2026_140615.xlsx,True,219,Symbol,,,,,,,Price,,,Price chg (%),OI chg (%),,,,,Volume Chg (%),
D:\My-data\Share_P&L\Ichart Data\Screenshot\August26\2026-08-27\VolumeAndOISpikesScans_29SEP26_Report_27_8_2026_141126.xlsx,True,219,Symbol,,,,,,,Price,,,Price chg (%),OI chg (%),,,,,Volume Chg (%),
D:\My-data\Share_P&L\Ichart Data\Screenshot\August26\2026-08-27\VolumeAndOISpikesScans_29SEP26_Report_27_8_2026_141634.xlsx,True,219,Symbol,,,,,,,Price,,,Price chg (%),OI chg (%),,,,,Volume Chg (%),
D:\My-data\Share_P&L\Ichart Data\Screenshot\August26\2026-08-27\VolumeAndOISpikesScans_29SEP26_Report_27_8_2026_142141.xlsx,True,219,Symbol,,,,,,,Price,,,Price chg (%),OI chg (%),,,,,Volume Chg (%),
D:\My-data\Share_P&L\Ichart Data\Screenshot\August26\2026-08-27\VolumeAndOISpikesScans_29SEP26_Report_27_8_2026_142651.xlsx,True,219,Symbol,,,,,,,Price,,,Price chg (%),OI chg (%),,,,,Volume Chg (%),
D:\My-data\Share_P&L\Ichart Data\Screenshot\August26\2026-08-27\VolumeAndOISpikesScans_29SEP26_Report_27_8_2026_143204.xlsx,True,219,Symbol,,,,,,,Price,,,Price chg (%),OI chg (%),,,,,Volume Chg (%),
D:\My-data\Share_P&L\Ichart Data\Screenshot\August26\2026-08-27\VolumeAndOISpikesScans_29SEP26_Report_27_8_2026_143711.xlsx,True,219,Symbol,,,,,,,Price,,,Price chg (%),OI chg (%),,,,,Volume Chg (%),
D:\My-data\Share_P&L\Ichart Data\Screenshot\August26\2026-08-27\VolumeAndOISpikesScans_29SEP26_Report_27_8_2026_144220.xlsx,True,219,Symbol,,,,,,,Price,,,Price chg (%),OI chg (%),,,,,Volume Chg (%),
D:\My-data\Share_P&L\Ichart Data\Screenshot\August26\2026-08-28\Daywise_Price_and_OI_Summary_29SEP26_Report_2026-08-28.xlsx,True,219,Symbol,,,Open,High,Low,Close,,ATM Straddle %,ATM Straddle %,Price Chg %,OI Chg %,PCR Chg %,Tot CE OI Chg %,Tot PE OI Chg %,Tot PE-CE OI Chg,,
D:\My-data\Share_P&L\Ichart Data\Screenshot\August26\2026-08-28\Daywise_Price_and_OI_Summary_29SEP26_Report_2026-08-28_092516.xlsx,True,219,Symbol,,,Open,High,Low,Close,,ATM Straddle %,ATM Straddle %,Price Chg %,OI Chg %,PCR Chg %,Tot CE OI Chg %,Tot PE OI Chg %,Tot PE-CE OI Chg,,
D:\My-data\Share_P&L\Ichart Data\Screenshot\August26\2026-08-28\Daywise_Price_and_OI_Summary_29SEP26_Report_2026-08-28_093024.xlsx,True,219,Symbol,,,Open,High,Low,Close,,ATM Straddle %,ATM Straddle %,Price Chg %,OI Chg %,PCR Chg %,Tot CE OI Chg %,Tot PE OI Chg %,Tot PE-CE OI Chg,,
D:\My-data\Share_P&L\Ichart Data\Screenshot\August26\2026-08-28\Daywise_Price_and_OI_Summary_29SEP26_Report_2026-08-28_093533.xlsx,True,219,Symbol,,,Open,High,Low,Close,,ATM Straddle %,ATM Straddle %,Price Chg %,OI Chg %,PCR Chg %,Tot CE OI Chg %,Tot PE OI Chg %,Tot PE-CE OI Chg,,
D:\My-data\Share_P&L\Ichart Data\Screenshot\August26\2026-08-28\Daywise_Price_and_OI_Summary_29SEP26_Report_2026-08-28_094041.xlsx,True,219,Symbol,,,Open,High,Low,Close,,ATM Straddle %,ATM Straddle %,Price Chg %,OI Chg %,PCR Chg %,Tot CE OI Chg %,Tot PE OI Chg %,Tot PE-CE OI Chg,,
D:\My-data\Share_P&L\Ichart Data\Screenshot\August26\2026-08-28\Daywise_Price_and_OI_Summary_29SEP26_Report_2026-08-28_094549.xlsx,True,219,Symbol,,,Open,High,Low,Close,,ATM Straddle %,ATM Straddle %,Price Chg %,OI Chg %,PCR Chg %,Tot CE OI Chg %,Tot PE OI Chg %,Tot PE-CE OI Chg,,
D:\My-data\Share_P&L\Ichart Data\Screenshot\August26\2026-08-28\Daywise_Price_and_OI_Summary_29SEP26_Report_2026-08-28_095057.xlsx,True,219,Symbol,,,Open,High,Low,Close,,ATM Straddle %,ATM Straddle %,Price Chg %,OI Chg %,PCR Chg %,Tot CE OI Chg %,Tot PE OI Chg %,Tot PE-CE OI Chg,,
D:\My-data\Share_P&L\Ichart Data\Screenshot\August26\2026-08-28\Daywise_Price_and_OI_Summary_29SEP26_Report_2026-08-28_095605.xlsx,True,219,Symbol,,,Open,High,Low,Close,,ATM Straddle %,ATM Straddle %,Price Chg %,OI Chg %,PCR Chg %,Tot CE OI Chg %,Tot PE OI Chg %,Tot PE-CE OI Chg,,
D:\My-data\Share_P&L\Ichart Data\Screenshot\August26\2026-08-28\Daywise_Price_and_OI_Summary_29SEP26_Report_2026-08-28_100114.xlsx,True,219,Symbol,,,Open,High,Low,Close,,ATM Straddle %,ATM Straddle %,Price Chg %,OI Chg %,PCR Chg %,Tot CE OI Chg %,Tot PE OI Chg %,Tot PE-CE OI Chg,,
D:\My-data\Share_P&L\Ichart Data\Screenshot\August26\2026-08-28\Daywise_Price_and_OI_Summary_29SEP26_Report_2026-08-28_100621.xlsx,True,219,Symbol,,,Open,High,Low,Close,,ATM Straddle %,ATM Straddle %,Price Chg %,OI Chg %,PCR Chg %,Tot CE OI Chg %,Tot PE OI Chg %,Tot PE-CE OI Chg,,
D:\My-data\Share_P&L\Ichart Data\Screenshot\August26\2026-08-28\Daywise_Price_and_OI_Summary_29SEP26_Report_2026-08-28_101131.xlsx,True,219,Symbol,,,Open,High,Low,Close,,ATM Straddle %,ATM Straddle %,Price Chg %,OI Chg %,PCR Chg %,Tot CE OI Chg %,Tot PE OI Chg %,Tot PE-CE OI Chg,,
D:\My-data\Share_P&L\Ichart Data\Screenshot\August26\2026-08-28\Daywise_Price_and_OI_Summary_29SEP26_Report_2026-08-28_101647.xlsx,True,219,Symbol,,,Open,High,Low,Close,,ATM Straddle %,ATM Straddle %,Price Chg %,OI Chg %,PCR Chg %,Tot CE OI Chg %,Tot PE OI Chg %,Tot PE-CE OI Chg,,
D:\My-data\Share_P&L\Ichart Data\Screenshot\August26\2026-08-28\Daywise_Price_and_OI_Summary_29SEP26_Report_2026-08-28_102155.xlsx,True,219,Symbol,,,Open,High,Low,Close,,ATM Straddle %,ATM Straddle %,Price Chg %,OI Chg %,PCR Chg %,Tot CE OI Chg %,Tot PE OI Chg %,Tot PE-CE OI Chg,,
D:\My-data\Share_P&L\Ichart Data\Screenshot\August26\2026-08-28\Daywise_Price_and_OI_Summary_29SEP26_Report_2026-08-28_102703.xlsx,True,219,Symbol,,,Open,High,Low,Close,,ATM Straddle %,ATM Straddle %,Price Chg %,OI Chg %,PCR Chg %,Tot CE OI Chg %,Tot PE OI Chg %,Tot PE-CE OI Chg,,
D:\My-data\Share_P&L\Ichart Data\Screenshot\August26\2026-08-28\Daywise_Price_and_OI_Summary_29SEP26_Report_2026-08-28_103211.xlsx,True,219,Symbol,,,Open,High,Low,Close,,ATM Straddle %,ATM Straddle %,Price Chg %,OI Chg %,PCR Chg %,Tot CE OI Chg %,Tot PE OI Chg %,Tot PE-CE OI Chg,,
D:\My-data\Share_P&L\Ichart Data\Screenshot\August26\2026-08-28\Daywise_Price_and_OI_Summary_29SEP26_Report_2026-08-28_103720.xlsx,True,219,Symbol,,,Open,High,Low,Close,,ATM Straddle %,ATM Straddle %,Price Chg %,OI Chg %,PCR Chg %,Tot CE OI Chg %,Tot PE OI Chg %,Tot PE-CE OI Chg,,
D:\My-data\Share_P&L\Ichart Data\Screenshot\August26\2026-08-28\Daywise_Price_and_OI_Summary_29SEP26_Report_2026-08-28_104228.xlsx,True,219,Symbol,,,Open,High,Low,Close,,ATM Straddle %,ATM Straddle %,Price Chg %,OI Chg %,PCR Chg %,Tot CE OI Chg %,Tot PE OI Chg %,Tot PE-CE OI Chg,,
D:\My-data\Share_P&L\Ichart Data\Screenshot\August26\2026-08-28\Daywise_Price_and_OI_Summary_29SEP26_Report_2026-08-28_104736.xlsx,True,219,Symbol,,,Open,High,Low,Close,,ATM Straddle %,ATM Straddle %,Price Chg %,OI Chg %,PCR Chg %,Tot CE OI Chg %,Tot PE OI Chg %,Tot PE-CE OI Chg,,
D:\My-data\Share_P&L\Ichart Data\Screenshot\August26\2026-08-28\Daywise_Price_and_OI_Summary_29SEP26_Report_2026-08-28_105243.xlsx,True,219,Symbol,,,Open,High,Low,Close,,ATM Straddle %,ATM Straddle %,Price Chg %,OI Chg %,PCR Chg %,Tot CE OI Chg %,Tot PE OI Chg %,Tot PE-CE OI Chg,,
D:\My-data\Share_P&L\Ichart Data\Screenshot\August26\2026-08-28\Daywise_Price_and_OI_Summary_29SEP26_Report_2026-08-28_105751.xlsx,True,219,Symbol,,,Open,High,Low,Close,,ATM Straddle %,ATM Straddle %,Price Chg %,OI Chg %,PCR Chg %,Tot CE OI Chg %,Tot PE OI Chg %,Tot PE-CE OI Chg,,
D:\My-data\Share_P&L\Ichart Data\Screenshot\August26\2026-08-28\Daywise_Price_and_OI_Summary_29SEP26_Report_2026-08-28_110300.xlsx,True,219,Symbol,,,Open,High,Low,Close,,ATM Straddle %,ATM Straddle %,Price Chg %,OI Chg %,PCR Chg %,Tot CE OI Chg %,Tot PE OI Chg %,Tot PE-CE OI Chg,,
D:\My-data\Share_P&L\Ichart Data\Screenshot\August26\2026-08-28\Daywise_Price_and_OI_Summary_29SEP26_Report_2026-08-28_110808.xlsx,True,219,Symbol,,,Open,High,Low,Close,,ATM Straddle %,ATM Straddle %,Price Chg %,OI Chg %,PCR Chg %,Tot CE OI Chg %,Tot PE OI Chg %,Tot PE-CE OI Chg,,
D:\My-data\Share_P&L\Ichart Data\Screenshot\August26\2026-08-28\Daywise_Price_and_OI_Summary_29SEP26_Report_2026-08-28_111315.xlsx,True,219,Symbol,,,Open,High,Low,Close,,ATM Straddle %,ATM Straddle %,Price Chg %,OI Chg %,PCR Chg %,Tot CE OI Chg %,Tot PE OI Chg %,Tot PE-CE OI Chg,,
D:\My-data\Share_P&L\Ichart Data\Screenshot\August26\2026-08-28\Daywise_Price_and_OI_Summary_29SEP26_Report_2026-08-28_111823.xlsx,True,219,Symbol,,,Open,High,Low,Close,,ATM Straddle %,ATM Straddle %,Price Chg %,OI Chg %,PCR Chg %,Tot CE OI Chg %,Tot PE OI Chg %,Tot PE-CE OI Chg,,
D:\My-data\Share_P&L\Ichart Data\Screenshot\August26\2026-08-28\Daywise_Price_and_OI_Summary_29SEP26_Report_2026-08-28_112331.xlsx,True,219,Symbol,,,Open,High,Low,Close,,ATM Straddle %,ATM Straddle %,Price Chg %,OI Chg %,PCR Chg %,Tot CE OI Chg %,Tot PE OI Chg %,Tot PE-CE OI Chg,,
D:\My-data\Share_P&L\Ichart Data\Screenshot\August26\2026-08-28\Daywise_Price_and_OI_Summary_29SEP26_Report_2026-08-28_112841.xlsx,True,219,Symbol,,,Open,High,Low,Close,,ATM Straddle %,ATM Straddle %,Price Chg %,OI Chg %,PCR Chg %,Tot CE OI Chg %,Tot PE OI Chg %,Tot PE-CE OI Chg,,
D:\My-data\Share_P&L\Ichart Data\Screenshot\August26\2026-08-28\Daywise_Price_and_OI_Summary_29SEP26_Report_2026-08-28_113352.xlsx,True,219,Symbol,,,Open,High,Low,Close,,ATM Straddle %,ATM Straddle %,Price Chg %,OI Chg %,PCR Chg %,Tot CE OI Chg %,Tot PE OI Chg %,Tot PE-CE OI Chg,,
D:\My-data\Share_P&L\Ichart Data\Screenshot\August26\2026-08-28\Daywise_Price_and_OI_Summary_29SEP26_Report_2026-08-28_113901.xlsx,True,219,Symbol,,,Open,High,Low,Close,,ATM Straddle %,ATM Straddle %,Price Chg %,OI Chg %,PCR Chg %,Tot CE OI Chg %,Tot PE OI Chg %,Tot PE-CE OI Chg,,
D:\My-data\Share_P&L\Ichart Data\Screenshot\August26\2026-08-28\Daywise_Price_and_OI_Summary_29SEP26_Report_2026-08-28_114411.xlsx,True,219,Symbol,,,Open,High,Low,Close,,ATM Straddle %,ATM Straddle %,Price Chg %,OI Chg %,PCR Chg %,Tot CE OI Chg %,Tot PE OI Chg %,Tot PE-CE OI Chg,,
D:\My-data\Share_P&L\Ichart Data\Screenshot\August26\2026-08-28\Daywise_Price_and_OI_Summary_29SEP26_Report_2026-08-28_114920.xlsx,True,219,Symbol,,,Open,High,Low,Close,,ATM Straddle %,ATM Straddle %,Price Chg %,OI Chg %,PCR Chg %,Tot CE OI Chg %,Tot PE OI Chg %,Tot PE-CE OI Chg,,
D:\My-data\Share_P&L\Ichart Data\Screenshot\August26\2026-08-28\Daywise_Price_and_OI_Summary_29SEP26_Report_2026-08-28_115429.xlsx,True,219,Symbol,,,Open,High,Low,Close,,ATM Straddle %,ATM Straddle %,Price Chg %,OI Chg %,PCR Chg %,Tot CE OI Chg %,Tot PE OI Chg %,Tot PE-CE OI Chg,,
D:\My-data\Share_P&L\Ichart Data\Screenshot\August26\2026-08-28\Daywise_Price_and_OI_Summary_29SEP26_Report_2026-08-28_115938.xlsx,True,219,Symbol,,,Open,High,Low,Close,,ATM Straddle %,ATM Straddle %,Price Chg %,OI Chg %,PCR Chg %,Tot CE OI Chg %,Tot PE OI Chg %,Tot PE-CE OI Chg,,
D:\My-data\Share_P&L\Ichart Data\Screenshot\August26\2026-08-28\Daywise_Price_and_OI_Summary_29SEP26_Report_2026-08-28_120447.xlsx,True,219,Symbol,,,Open,High,Low,Close,,ATM Straddle %,ATM Straddle %,Price Chg %,OI Chg %,PCR Chg %,Tot CE OI Chg %,Tot PE OI Chg %,Tot PE-CE OI Chg,,
D:\My-data\Share_P&L\Ichart Data\Screenshot\August26\2026-08-28\Daywise_Price_and_OI_Summary_29SEP26_Report_2026-08-28_120956.xlsx,True,219,Symbol,,,Open,High,Low,Close,,ATM Straddle %,ATM Straddle %,Price Chg %,OI Chg %,PCR Chg %,Tot CE OI Chg %,Tot PE OI Chg %,Tot PE-CE OI Chg,,
D:\My-data\Share_P&L\Ichart Data\Screenshot\August26\2026-08-28\Daywise_Price_and_OI_Summary_29SEP26_Report_2026-08-28_121507.xlsx,True,219,Symbol,,,Open,High,Low,Close,,ATM Straddle %,ATM Straddle %,Price Chg %,OI Chg %,PCR Chg %,Tot CE OI Chg %,Tot PE OI Chg %,Tot PE-CE OI Chg,,
D:\My-data\Share_P&L\Ichart Data\Screenshot\August26\2026-08-28\Daywise_Price_and_OI_Summary_29SEP26_Report_2026-08-28_122016.xlsx,True,219,Symbol,,,Open,High,Low,Close,,ATM Straddle %,ATM Straddle %,Price Chg %,OI Chg %,PCR Chg %,Tot CE OI Chg %,Tot PE OI Chg %,Tot PE-CE OI Chg,,
D:\My-data\Share_P&L\Ichart Data\Screenshot\August26\2026-08-28\Daywise_Price_and_OI_Summary_29SEP26_Report_2026-08-28_122524.xlsx,True,219,Symbol,,,Open,High,Low,Close,,ATM Straddle %,ATM Straddle %,Price Chg %,OI Chg %,PCR Chg %,Tot CE OI Chg %,Tot PE OI Chg %,Tot PE-CE OI Chg,,
D:\My-data\Share_P&L\Ichart Data\Screenshot\August26\2026-08-28\Daywise_Price_and_OI_Summary_29SEP26_Report_2026-08-28_123032.xlsx,True,219,Symbol,,,Open,High,Low,Close,,ATM Straddle %,ATM Straddle %,Price Chg %,OI Chg %,PCR Chg %,Tot CE OI Chg %,Tot PE OI Chg %,Tot PE-CE OI Chg,,
D:\My-data\Share_P&L\Ichart Data\Screenshot\August26\2026-08-28\Daywise_Price_and_OI_Summary_29SEP26_Report_2026-08-28_123541.xlsx,True,219,Symbol,,,Open,High,Low,Close,,ATM Straddle %,ATM Straddle %,Price Chg %,OI Chg %,PCR Chg %,Tot CE OI Chg %,Tot PE OI Chg %,Tot PE-CE OI Chg,,
D:\My-data\Share_P&L\Ichart Data\Screenshot\August26\2026-08-28\Daywise_Price_and_OI_Summary_29SEP26_Report_2026-08-28_124049.xlsx,True,219,Symbol,,,Open,High,Low,Close,,ATM Straddle %,ATM Straddle %,Price Chg %,OI Chg %,PCR Chg %,Tot CE OI Chg %,Tot PE OI Chg %,Tot PE-CE OI Chg,,
D:\My-data\Share_P&L\Ichart Data\Screenshot\August26\2026-08-28\Daywise_Price_and_OI_Summary_29SEP26_Report_2026-08-28_124600.xlsx,True,219,Symbol,,,Open,High,Low,Close,,ATM Straddle %,ATM Straddle %,Price Chg %,OI Chg %,PCR Chg %,Tot CE OI Chg %,Tot PE OI Chg %,Tot PE-CE OI Chg,,
D:\My-data\Share_P&L\Ichart Data\Screenshot\August26\2026-08-28\Daywise_Price_and_OI_Summary_29SEP26_Report_2026-08-28_125108.xlsx,True,219,Symbol,,,Open,High,Low,Close,,ATM Straddle %,ATM Straddle %,Price Chg %,OI Chg %,PCR Chg %,Tot CE OI Chg %,Tot PE OI Chg %,Tot PE-CE OI Chg,,
D:\My-data\Share_P&L\Ichart Data\Screenshot\August26\2026-08-28\Daywise_Price_and_OI_Summary_29SEP26_Report_2026-08-28_125619.xlsx,True,219,Symbol,,,Open,High,Low,Close,,ATM Straddle %,ATM Straddle %,Price Chg %,OI Chg %,PCR Chg %,Tot CE OI Chg %,Tot PE OI Chg %,Tot PE-CE OI Chg,,
D:\My-data\Share_P&L\Ichart Data\Screenshot\August26\2026-08-28\Daywise_Price_and_OI_Summary_29SEP26_Report_2026-08-28_130128.xlsx,True,219,Symbol,,,Open,High,Low,Close,,ATM Straddle %,ATM Straddle %,Price Chg %,OI Chg %,PCR Chg %,Tot CE OI Chg %,Tot PE OI Chg %,Tot PE-CE OI Chg,,
D:\My-data\Share_P&L\Ichart Data\Screenshot\August26\2026-08-28\Daywise_Price_and_OI_Summary_29SEP26_Report_2026-08-28_130637.xlsx,True,219,Symbol,,,Open,High,Low,Close,,ATM Straddle %,ATM Straddle %,Price Chg %,OI Chg %,PCR Chg %,Tot CE OI Chg %,Tot PE OI Chg %,Tot PE-CE OI Chg,,
D:\My-data\Share_P&L\Ichart Data\Screenshot\August26\2026-08-28\Daywise_Price_and_OI_Summary_29SEP26_Report_2026-08-28_131148.xlsx,True,219,Symbol,,,Open,High,Low,Close,,ATM Straddle %,ATM Straddle %,Price Chg %,OI Chg %,PCR Chg %,Tot CE OI Chg %,Tot PE OI Chg %,Tot PE-CE OI Chg,,
D:\My-data\Share_P&L\Ichart Data\Screenshot\August26\2026-08-28\Daywise_Price_and_OI_Summary_29SEP26_Report_2026-08-28_131658.xlsx,True,219,Symbol,,,Open,High,Low,Close,,ATM Straddle %,ATM Straddle %,Price Chg %,OI Chg %,PCR Chg %,Tot CE OI Chg %,Tot PE OI Chg %,Tot PE-CE OI Chg,,
D:\My-data\Share_P&L\Ichart Data\Screenshot\August26\2026-08-28\Daywise_Price_and_OI_Summary_29SEP26_Report_2026-08-28_132207.xlsx,True,219,Symbol,,,Open,High,Low,Close,,ATM Straddle %,ATM Straddle %,Price Chg %,OI Chg %,PCR Chg %,Tot CE OI Chg %,Tot PE OI Chg %,Tot PE-CE OI Chg,,
D:\My-data\Share_P&L\Ichart Data\Screenshot\August26\2026-08-28\Daywise_Price_and_OI_Summary_29SEP26_Report_2026-08-28_132715.xlsx,True,219,Symbol,,,Open,High,Low,Close,,ATM Straddle %,ATM Straddle %,Price Chg %,OI Chg %,PCR Chg %,Tot CE OI Chg %,Tot PE OI Chg %,Tot PE-CE OI Chg,,
D:\My-data\Share_P&L\Ichart Data\Screenshot\August26\2026-08-28\Daywise_Price_and_OI_Summary_29SEP26_Report_2026-08-28_133224.xlsx,True,219,Symbol,,,Open,High,Low,Close,,ATM Straddle %,ATM Straddle %,Price Chg %,OI Chg %,PCR Chg %,Tot CE OI Chg %,Tot PE OI Chg %,Tot PE-CE OI Chg,,
D:\My-data\Share_P&L\Ichart Data\Screenshot\August26\2026-08-28\Daywise_Price_and_OI_Summary_29SEP26_Report_2026-08-28_133734.xlsx,True,219,Symbol,,,Open,High,Low,Close,,ATM Straddle %,ATM Straddle %,Price Chg %,OI Chg %,PCR Chg %,Tot CE OI Chg %,Tot PE OI Chg %,Tot PE-CE OI Chg,,
D:\My-data\Share_P&L\Ichart Data\Screenshot\August26\2026-08-28\Daywise_Price_and_OI_Summary_29SEP26_Report_2026-08-28_134243.xlsx,True,219,Symbol,,,Open,High,Low,Close,,ATM Straddle %,ATM Straddle %,Price Chg %,OI Chg %,PCR Chg %,Tot CE OI Chg %,Tot PE OI Chg %,Tot PE-CE OI Chg,,
D:\My-data\Share_P&L\Ichart Data\Screenshot\August26\2026-08-28\Daywise_Price_and_OI_Summary_29SEP26_Report_2026-08-28_143956.xlsx,True,219,Symbol,,,Open,High,Low,Close,,ATM Straddle %,ATM Straddle %,Price Chg %,OI Chg %,PCR Chg %,Tot CE OI Chg %,Tot PE OI Chg %,Tot PE-CE OI Chg,,
D:\My-data\Share_P&L\Ichart Data\Screenshot\August26\2026-08-28\Daywise_Price_and_OI_Summary_29SEP26_Report_2026-08-28_144503.xlsx,True,219,Symbol,,,Open,High,Low,Close,,ATM Straddle %,ATM Straddle %,Price Chg %,OI Chg %,PCR Chg %,Tot CE OI Chg %,Tot PE OI Chg %,Tot PE-CE OI Chg,,
D:\My-data\Share_P&L\Ichart Data\Screenshot\August26\2026-08-28\IVR-IVP_29SEP26_Report_2026-08-28.xlsx,True,216,,,,,,,,,,,,,,,,,,
D:\My-data\Share_P&L\Ichart Data\Screenshot\August26\2026-08-28\IVR-IVP_29SEP26_Report_2026-08-28_092525.xlsx,True,218,,,,,,,,,,,,,,,,,,
D:\My-data\Share_P&L\Ichart Data\Screenshot\August26\2026-08-28\IVR-IVP_29SEP26_Report_2026-08-28_093034.xlsx,True,218,,,,,,,,,,,,,,,,,,
D:\My-data\Share_P&L\Ichart Data\Screenshot\August26\2026-08-28\IVR-IVP_29SEP26_Report_2026-08-28_093543.xlsx,True,218,,,,,,,,,,,,,,,,,,
D:\My-data\Share_P&L\Ichart Data\Screenshot\August26\2026-08-28\IVR-IVP_29SEP26_Report_2026-08-28_094052.xlsx,True,218,,,,,,,,,,,,,,,,,,
D:\My-data\Share_P&L\Ichart Data\Screenshot\August26\2026-08-28\IVR-IVP_29SEP26_Report_2026-08-28_094600.xlsx,True,218,,,,,,,,,,,,,,,,,,
D:\My-data\Share_P&L\Ichart Data\Screenshot\August26\2026-08-28\IVR-IVP_29SEP26_Report_2026-08-28_095110.xlsx,True,218,,,,,,,,,,,,,,,,,,
D:\My-data\Share_P&L\Ichart Data\Screenshot\August26\2026-08-28\IVR-IVP_29SEP26_Report_2026-08-28_095619.xlsx,True,219,,,,,,,,,,,,,,,,,,
D:\My-data\Share_P&L\Ichart Data\Screenshot\August26\2026-08-28\IVR-IVP_29SEP26_Report_2026-08-28_100127.xlsx,True,219,,,,,,,,,,,,,,,,,,
D:\My-data\Share_P&L\Ichart Data\Screenshot\August26\2026-08-28\IVR-IVP_29SEP26_Report_2026-08-28_100635.xlsx,True,220,,,,,,,,,,,,,,,,,,
D:\My-data\Share_P&L\Ichart Data\Screenshot\August26\2026-08-28\IVR-IVP_29SEP26_Report_2026-08-28_101143.xlsx,True,220,,,,,,,,,,,,,,,,,,
D:\My-data\Share_P&L\Ichart Data\Screenshot\August26\2026-08-28\IVR-IVP_29SEP26_Report_2026-08-28_101655.xlsx,True,220,,,,,,,,,,,,,,,,,,
D:\My-data\Share_P&L\Ichart Data\Screenshot\August26\2026-08-28\IVR-IVP_29SEP26_Report_2026-08-28_102203.xlsx,True,220,,,,,,,,,,,,,,,,,,
D:\My-data\Share_P&L\Ichart Data\Screenshot\August26\2026-08-28\IVR-IVP_29SEP26_Report_2026-08-28_102712.xlsx,True,220,,,,,,,,,,,,,,,,,,
D:\My-data\Share_P&L\Ichart Data\Screenshot\August26\2026-08-28\IVR-IVP_29SEP26_Report_2026-08-28_103220.xlsx,True,220,,,,,,,,,,,,,,,,,,
D:\My-data\Share_P&L\Ichart Data\Screenshot\August26\2026-08-28\IVR-IVP_29SEP26_Report_2026-08-28_103728.xlsx,True,220,,,,,,,,,,,,,,,,,,
D:\My-data\Share_P&L\Ichart Data\Screenshot\August26\2026-08-28\IVR-IVP_29SEP26_Report_2026-08-28_104235.xlsx,True,220,,,,,,,,,,,,,,,,,,
D:\My-data\Share_P&L\Ichart Data\Screenshot\August26\2026-08-28\IVR-IVP_29SEP26_Report_2026-08-28_104743.xlsx,True,220,,,,,,,,,,,,,,,,,,
D:\My-data\Share_P&L\Ichart Data\Screenshot\August26\2026-08-28\IVR-IVP_29SEP26_Report_2026-08-28_105252.xlsx,True,220,,,,,,,,,,,,,,,,,,
D:\My-data\Share_P&L\Ichart Data\Screenshot\August26\2026-08-28\IVR-IVP_29SEP26_Report_2026-08-28_105800.xlsx,True,220,,,,,,,,,,,,,,,,,,
D:\My-data\Share_P&L\Ichart Data\Screenshot\August26\2026-08-28\IVR-IVP_29SEP26_Report_2026-08-28_110308.xlsx,True,220,,,,,,,,,,,,,,,,,,
D:\My-data\Share_P&L\Ichart Data\Screenshot\August26\2026-08-28\IVR-IVP_29SEP26_Report_2026-08-28_110816.xlsx,True,220,,,,,,,,,,,,,,,,,,
D:\My-data\Share_P&L\Ichart Data\Screenshot\August26\2026-08-28\IVR-IVP_29SEP26_Report_2026-08-28_111324.xlsx,True,220,,,,,,,,,,,,,,,,,,
D:\My-data\Share_P&L\Ichart Data\Screenshot\August26\2026-08-28\IVR-IVP_29SEP26_Report_2026-08-28_111831.xlsx,True,220,,,,,,,,,,,,,,,,,,
D:\My-data\Share_P&L\Ichart Data\Screenshot\August26\2026-08-28\IVR-IVP_29SEP26_Report_2026-08-28_112339.xlsx,True,220,,,,,,,,,,,,,,,,,,
D:\My-data\Share_P&L\Ichart Data\Screenshot\August26\2026-08-28\IVR-IVP_29SEP26_Report_2026-08-28_112850.xlsx,True,220,,,,,,,,,,,,,,,,,,
D:\My-data\Share_P&L\Ichart Data\Screenshot\August26\2026-08-28\IVR-IVP_29SEP26_Report_2026-08-28_113402.xlsx,True,220,,,,,,,,,,,,,,,,,,
D:\My-data\Share_P&L\Ichart Data\Screenshot\August26\2026-08-28\IVR-IVP_29SEP26_Report_2026-08-28_113910.xlsx,True,220,,,,,,,,,,,,,,,,,,
D:\My-data\Share_P&L\Ichart Data\Screenshot\August26\2026-08-28\IVR-IVP_29SEP26_Report_2026-08-28_114418.xlsx,True,220,,,,,,,,,,,,,,,,,,
D:\My-data\Share_P&L\Ichart Data\Screenshot\August26\2026-08-28\IVR-IVP_29SEP26_Report_2026-08-28_114928.xlsx,True,220,,,,,,,,,,,,,,,,,,
D:\My-data\Share_P&L\Ichart Data\Screenshot\August26\2026-08-28\IVR-IVP_29SEP26_Report_2026-08-28_115437.xlsx,True,220,,,,,,,,,,,,,,,,,,
D:\My-data\Share_P&L\Ichart Data\Screenshot\August26\2026-08-28\IVR-IVP_29SEP26_Report_2026-08-28_115946.xlsx,True,220,,,,,,,,,,,,,,,,,,
D:\My-data\Share_P&L\Ichart Data\Screenshot\August26\2026-08-28\IVR-IVP_29SEP26_Report_2026-08-28_120456.xlsx,True,220,,,,,,,,,,,,,,,,,,
D:\My-data\Share_P&L\Ichart Data\Screenshot\August26\2026-08-28\IVR-IVP_29SEP26_Report_2026-08-28_121005.xlsx,True,220,,,,,,,,,,,,,,,,,,
D:\My-data\Share_P&L\Ichart Data\Screenshot\August26\2026-08-28\IVR-IVP_29SEP26_Report_2026-08-28_121515.xlsx,True,220,,,,,,,,,,,,,,,,,,
D:\My-data\Share_P&L\Ichart Data\Screenshot\August26\2026-08-28\IVR-IVP_29SEP26_Report_2026-08-28_122025.xlsx,True,220,,,,,,,,,,,,,,,,,,
D:\My-data\Share_P&L\Ichart Data\Screenshot\August26\2026-08-28\IVR-IVP_29SEP26_Report_2026-08-28_122533.xlsx,True,220,,,,,,,,,,,,,,,,,,
D:\My-data\Share_P&L\Ichart Data\Screenshot\August26\2026-08-28\IVR-IVP_29SEP26_Report_2026-08-28_123041.xlsx,True,220,,,,,,,,,,,,,,,,,,
D:\My-data\Share_P&L\Ichart Data\Screenshot\August26\2026-08-28\IVR-IVP_29SEP26_Report_2026-08-28_123550.xlsx,True,220,,,,,,,,,,,,,,,,,,
D:\My-data\Share_P&L\Ichart Data\Screenshot\August26\2026-08-28\IVR-IVP_29SEP26_Report_2026-08-28_124057.xlsx,True,220,,,,,,,,,,,,,,,,,,
D:\My-data\Share_P&L\Ichart Data\Screenshot\August26\2026-08-28\IVR-IVP_29SEP26_Report_2026-08-28_124609.xlsx,True,220,,,,,,,,,,,,,,,,,,
D:\My-data\Share_P&L\Ichart Data\Screenshot\August26\2026-08-28\IVR-IVP_29SEP26_Report_2026-08-28_125118.xlsx,True,220,,,,,,,,,,,,,,,,,,
D:\My-data\Share_P&L\Ichart Data\Screenshot\August26\2026-08-28\IVR-IVP_29SEP26_Report_2026-08-28_125627.xlsx,True,220,,,,,,,,,,,,,,,,,,
D:\My-data\Share_P&L\Ichart Data\Screenshot\August26\2026-08-28\IVR-IVP_29SEP26_Report_2026-08-28_130136.xlsx,True,220,,,,,,,,,,,,,,,,,,
D:\My-data\Share_P&L\Ichart Data\Screenshot\August26\2026-08-28\IVR-IVP_29SEP26_Report_2026-08-28_130646.xlsx,True,220,,,,,,,,,,,,,,,,,,
D:\My-data\Share_P&L\Ichart Data\Screenshot\August26\2026-08-28\IVR-IVP_29SEP26_Report_2026-08-28_131157.xlsx,True,220,,,,,,,,,,,,,,,,,,
D:\My-data\Share_P&L\Ichart Data\Screenshot\August26\2026-08-28\IVR-IVP_29SEP26_Report_2026-08-28_131706.xlsx,True,220,,,,,,,,,,,,,,,,,,
D:\My-data\Share_P&L\Ichart Data\Screenshot\August26\2026-08-28\IVR-IVP_29SEP26_Report_2026-08-28_132215.xlsx,True,220,,,,,,,,,,,,,,,,,,
D:\My-data\Share_P&L\Ichart Data\Screenshot\August26\2026-08-28\IVR-IVP_29SEP26_Report_2026-08-28_132723.xlsx,True,220,,,,,,,,,,,,,,,,,,
D:\My-data\Share_P&L\Ichart Data\Screenshot\August26\2026-08-28\IVR-IVP_29SEP26_Report_2026-08-28_133232.xlsx,True,220,,,,,,,,,,,,,,,,,,
D:\My-data\Share_P&L\Ichart Data\Screenshot\August26\2026-08-28\IVR-IVP_29SEP26_Report_2026-08-28_133743.xlsx,True,220,,,,,,,,,,,,,,,,,,
D:\My-data\Share_P&L\Ichart Data\Screenshot\August26\2026-08-28\IVR-IVP_29SEP26_Report_2026-08-28_134251.xlsx,True,220,,,,,,,,,,,,,,,,,,
D:\My-data\Share_P&L\Ichart Data\Screenshot\August26\2026-08-28\IVR-IVP_29SEP26_Report_2026-08-28_144050.xlsx,True,220,,,,,,,,,,,,,,,,,,
D:\My-data\Share_P&L\Ichart Data\Screenshot\August26\2026-08-28\Resistance_Resistance_29SEP26_Scan_28_8_2026.xlsx,True,115,Symbol,,,,,,,Price,,,Price Chg%,,,,,,,
D:\My-data\Share_P&L\Ichart Data\Screenshot\August26\2026-08-28\Resistance_Resistance_29SEP26_Scan_28_8_2026_092601.xlsx,True,111,Symbol,,,,,,,Price,,,Price Chg%,,,,,,,
D:\My-data\Share_P&L\Ichart Data\Screenshot\August26\2026-08-28\Resistance_Resistance_29SEP26_Scan_28_8_2026_093112.xlsx,True,115,Symbol,,,,,,,Price,,,Price Chg%,,,,,,,
D:\My-data\Share_P&L\Ichart Data\Screenshot\August26\2026-08-28\Resistance_Resistance_29SEP26_Scan_28_8_2026_093621.xlsx,True,117,Symbol,,,,,,,Price,,,Price Chg%,,,,,,,
D:\My-data\Share_P&L\Ichart Data\Screenshot\August26\2026-08-28\Resistance_Resistance_29SEP26_Scan_28_8_2026_094133.xlsx,True,117,Symbol,,,,,,,Price,,,Price Chg%,,,,,,,
D:\My-data\Share_P&L\Ichart Data\Screenshot\August26\2026-08-28\Resistance_Resistance_29SEP26_Scan_28_8_2026_094643.xlsx,True,120,Symbol,,,,,,,Price,,,Price Chg%,,,,,,,
D:\My-data\Share_P&L\Ichart Data\Screenshot\August26\2026-08-28\Resistance_Resistance_29SEP26_Scan_28_8_2026_095153.xlsx,True,120,Symbol,,,,,,,Price,,,Price Chg%,,,,,,,
D:\My-data\Share_P&L\Ichart Data\Screenshot\August26\2026-08-28\Resistance_Resistance_29SEP26_Scan_28_8_2026_095702.xlsx,True,121,Symbol,,,,,,,Price,,,Price Chg%,,,,,,,
D:\My-data\Share_P&L\Ichart Data\Screenshot\August26\2026-08-28\Resistance_Resistance_29SEP26_Scan_28_8_2026_100211.xlsx,True,119,Symbol,,,,,,,Price,,,Price Chg%,,,,,,,
D:\My-data\Share_P&L\Ichart Data\Screenshot\August26\2026-08-28\Resistance_Resistance_29SEP26_Scan_28_8_2026_100721.xlsx,True,120,Symbol,,,,,,,Price,,,Price Chg%,,,,,,,
D:\My-data\Share_P&L\Ichart Data\Screenshot\August26\2026-08-28\Resistance_Resistance_29SEP26_Scan_28_8_2026_101230.xlsx,True,121,Symbol,,,,,,,Price,,,Price Chg%,,,,,,,
D:\My-data\Share_P&L\Ichart Data\Screenshot\August26\2026-08-28\Resistance_Resistance_29SEP26_Scan_28_8_2026_101740.xlsx,True,123,Symbol,,,,,,,Price,,,Price Chg%,,,,,,,
D:\My-data\Share_P&L\Ichart Data\Screenshot\August26\2026-08-28\Resistance_Resistance_29SEP26_Scan_28_8_2026_102249.xlsx,True,125,Symbol,,,,,,,Price,,,Price Chg%,,,,,,,
D:\My-data\Share_P&L\Ichart Data\Screenshot\August26\2026-08-28\Resistance_Resistance_29SEP26_Scan_28_8_2026_102759.xlsx,True,126,Symbol,,,,,,,Price,,,Price Chg%,,,,,,,
D:\My-data\Share_P&L\Ichart Data\Screenshot\August26\2026-08-28\Resistance_Resistance_29SEP26_Scan_28_8_2026_103309.xlsx,True,118,Symbol,,,,,,,Price,,,Price Chg%,,,,,,,
D:\My-data\Share_P&L\Ichart Data\Screenshot\August26\2026-08-28\Resistance_Resistance_29SEP26_Scan_28_8_2026_103818.xlsx,True,121,Symbol,,,,,,,Price,,,Price Chg%,,,,,,,
D:\My-data\Share_P&L\Ichart Data\Screenshot\August26\2026-08-28\Resistance_Resistance_29SEP26_Scan_28_8_2026_104328.xlsx,True,119,Symbol,,,,,,,Price,,,Price Chg%,,,,,,,
D:\My-data\Share_P&L\Ichart Data\Screenshot\August26\2026-08-28\Resistance_Resistance_29SEP26_Scan_28_8_2026_104838.xlsx,True,122,Symbol,,,,,,,Price,,,Price Chg%,,,,,,,
D:\My-data\Share_P&L\Ichart Data\Screenshot\August26\2026-08-28\Resistance_Resistance_29SEP26_Scan_28_8_2026_105348.xlsx,True,122,Symbol,,,,,,,Price,,,Price Chg%,,,,,,,
D:\My-data\Share_P&L\Ichart Data\Screenshot\August26\2026-08-28\Resistance_Resistance_29SEP26_Scan_28_8_2026_105857.xlsx,True,123,Symbol,,,,,,,Price,,,Price Chg%,,,,,,,
D:\My-data\Share_P&L\Ichart Data\Screenshot\August26\2026-08-28\Resistance_Resistance_29SEP26_Scan_28_8_2026_110407.xlsx,True,120,Symbol,,,,,,,Price,,,Price Chg%,,,,,,,
D:\My-data\Share_P&L\Ichart Data\Screenshot\August26\2026-08-28\Resistance_Resistance_29SEP26_Scan_28_8_2026_110917.xlsx,True,119,Symbol,,,,,,,Price,,,Price Chg%,,,,,,,
D:\My-data\Share_P&L\Ichart Data\Screenshot\August26\2026-08-28\Resistance_Resistance_29SEP26_Scan_28_8_2026_111426.xlsx,True,122,Symbol,,,,,,,Price,,,Price Chg%,,,,,,,
D:\My-data\Share_P&L\Ichart Data\Screenshot\August26\2026-08-28\Resistance_Resistance_29SEP26_Scan_28_8_2026_111936.xlsx,True,121,Symbol,,,,,,,Price,,,Price Chg%,,,,,,,
D:\My-data\Share_P&L\Ichart Data\Screenshot\August26\2026-08-28\Resistance_Resistance_29SEP26_Scan_28_8_2026_112446.xlsx,True,119,Symbol,,,,,,,Price,,,Price Chg%,,,,,,,
D:\My-data\Share_P&L\Ichart Data\Screenshot\August26\2026-08-28\Resistance_Resistance_29SEP26_Scan_28_8_2026_113504.xlsx,True,115,Symbol,,,,,,,Price,,,Price Chg%,,,,,,,
D:\My-data\Share_P&L\Ichart Data\Screenshot\August26\2026-08-28\Resistance_Resistance_29SEP26_Scan_28_8_2026_114014.xlsx,True,115,Symbol,,,,,,,Price,,,Price Chg%,,,,,,,
D:\My-data\Share_P&L\Ichart Data\Screenshot\August26\2026-08-28\Resistance_Resistance_29SEP26_Scan_28_8_2026_114524.xlsx,True,116,Symbol,,,,,,,Price,,,Price Chg%,,,,,,,
D:\My-data\Share_P&L\Ichart Data\Screenshot\August26\2026-08-28\Resistance_Resistance_29SEP26_Scan_28_8_2026_115034.xlsx,True,113,Symbol,,,,,,,Price,,,Price Chg%,,,,,,,
D:\My-data\Share_P&L\Ichart Data\Screenshot\August26\2026-08-28\Resistance_Resistance_29SEP26_Scan_28_8_2026_115545.xlsx,True,112,Symbol,,,,,,,Price,,,Price Chg%,,,,,,,
D:\My-data\Share_P&L\Ichart Data\Screenshot\August26\2026-08-28\Resistance_Resistance_29SEP26_Scan_28_8_2026_120055.xlsx,True,110,Symbol,,,,,,,Price,,,Price Chg%,,,,,,,
D:\My-data\Share_P&L\Ichart Data\Screenshot\August26\2026-08-28\Resistance_Resistance_29SEP26_Scan_28_8_2026_120605.xlsx,True,110,Symbol,,,,,,,Price,,,Price Chg%,,,,,,,
D:\My-data\Share_P&L\Ichart Data\Screenshot\August26\2026-08-28\Resistance_Resistance_29SEP26_Scan_28_8_2026_121115.xlsx,True,111,Symbol,,,,,,,Price,,,Price Chg%,,,,,,,
D:\My-data\Share_P&L\Ichart Data\Screenshot\August26\2026-08-28\Resistance_Resistance_29SEP26_Scan_28_8_2026_121626.xlsx,True,112,Symbol,,,,,,,Price,,,Price Chg%,,,,,,,
D:\My-data\Share_P&L\Ichart Data\Screenshot\August26\2026-08-28\Resistance_Resistance_29SEP26_Scan_28_8_2026_122137.xlsx,True,110,Symbol,,,,,,,Price,,,Price Chg%,,,,,,,
D:\My-data\Share_P&L\Ichart Data\Screenshot\August26\2026-08-28\Resistance_Resistance_29SEP26_Scan_28_8_2026_122709.xlsx,True,110,Symbol,,,,,,,Price,,,Price Chg%,,,,,,,
D:\My-data\Share_P&L\Ichart Data\Screenshot\August26\2026-08-28\Resistance_Resistance_29SEP26_Scan_28_8_2026_123220.xlsx,True,111,Symbol,,,,,,,Price,,,Price Chg%,,,,,,,
D:\My-data\Share_P&L\Ichart Data\Screenshot\August26\2026-08-28\Resistance_Resistance_29SEP26_Scan_28_8_2026_123730.xlsx,True,111,Symbol,,,,,,,Price,,,Price Chg%,,,,,,,
D:\My-data\Share_P&L\Ichart Data\Screenshot\August26\2026-08-28\Resistance_Resistance_29SEP26_Scan_28_8_2026_124240.xlsx,True,111,Symbol,,,,,,,Price,,,Price Chg%,,,,,,,
D:\My-data\Share_P&L\Ichart Data\Screenshot\August26\2026-08-28\Resistance_Resistance_29SEP26_Scan_28_8_2026_124751.xlsx,True,108,Symbol,,,,,,,Price,,,Price Chg%,,,,,,,
D:\My-data\Share_P&L\Ichart Data\Screenshot\August26\2026-08-28\Resistance_Resistance_29SEP26_Scan_28_8_2026_125301.xlsx,True,108,Symbol,,,,,,,Price,,,Price Chg%,,,,,,,
D:\My-data\Share_P&L\Ichart Data\Screenshot\August26\2026-08-28\Resistance_Resistance_29SEP26_Scan_28_8_2026_125810.xlsx,True,110,Symbol,,,,,,,Price,,,Price Chg%,,,,,,,
D:\My-data\Share_P&L\Ichart Data\Screenshot\August26\2026-08-28\Resistance_Resistance_29SEP26_Scan_28_8_2026_130320.xlsx,True,107,Symbol,,,,,,,Price,,,Price Chg%,,,,,,,
D:\My-data\Share_P&L\Ichart Data\Screenshot\August26\2026-08-28\Resistance_Resistance_29SEP26_Scan_28_8_2026_130830.xlsx,True,109,Symbol,,,,,,,Price,,,Price Chg%,,,,,,,
D:\My-data\Share_P&L\Ichart Data\Screenshot\August26\2026-08-28\Resistance_Resistance_29SEP26_Scan_28_8_2026_131342.xlsx,True,113,Symbol,,,,,,,Price,,,Price Chg%,,,,,,,
D:\My-data\Share_P&L\Ichart Data\Screenshot\August26\2026-08-28\Resistance_Resistance_29SEP26_Scan_28_8_2026_131851.xlsx,True,112,Symbol,,,,,,,Price,,,Price Chg%,,,,,,,
D:\My-data\Share_P&L\Ichart Data\Screenshot\August26\2026-08-28\Resistance_Resistance_29SEP26_Scan_28_8_2026_132401.xlsx,True,114,Symbol,,,,,,,Price,,,Price Chg%,,,,,,,
D:\My-data\Share_P&L\Ichart Data\Screenshot\August26\2026-08-28\Resistance_Resistance_29SEP26_Scan_28_8_2026_132911.xlsx,True,114,Symbol,,,,,,,Price,,,Price Chg%,,,,,,,
D:\My-data\Share_P&L\Ichart Data\Screenshot\August26\2026-08-28\Resistance_Resistance_29SEP26_Scan_28_8_2026_133421.xlsx,True,114,Symbol,,,,,,,Price,,,Price Chg%,,,,,,,
D:\My-data\Share_P&L\Ichart Data\Screenshot\August26\2026-08-28\Resistance_Resistance_29SEP26_Scan_28_8_2026_133932.xlsx,True,115,Symbol,,,,,,,Price,,,Price Chg%,,,,,,,
D:\My-data\Share_P&L\Ichart Data\Screenshot\August26\2026-08-28\Resistance_Resistance_29SEP26_Scan_28_8_2026_143609.xlsx,True,113,Symbol,,,,,,,Price,,,Price Chg%,,,,,,,
D:\My-data\Share_P&L\Ichart Data\Screenshot\August26\2026-08-28\Resistance_Resistance_29SEP26_Scan_28_8_2026_144118.xlsx,True,111,Symbol,,,,,,,Price,,,Price Chg%,,,,,,,
D:\My-data\Share_P&L\Ichart Data\Screenshot\August26\2026-08-28\Sector_Summary_29SEP26_Report_28_8_2026.xlsx,True,48,,,,,,,,,,,Price chg (%),OI chg (%),,,,,Volume chg (%),Buildup
D:\My-data\Share_P&L\Ichart Data\Screenshot\August26\2026-08-28\Sector_Summary_29SEP26_Report_28_8_2026_092533.xlsx,True,47,,,,,,,,,,,Price chg (%),OI chg (%),,,,,Volume chg (%),Buildup
D:\My-data\Share_P&L\Ichart Data\Screenshot\August26\2026-08-28\Sector_Summary_29SEP26_Report_28_8_2026_093041.xlsx,True,49,,,,,,,,,,,Price chg (%),OI chg (%),,,,,Volume chg (%),Buildup
D:\My-data\Share_P&L\Ichart Data\Screenshot\August26\2026-08-28\Sector_Summary_29SEP26_Report_28_8_2026_093551.xlsx,True,49,,,,,,,,,,,Price chg (%),OI chg (%),,,,,Volume chg (%),Buildup
D:\My-data\Share_P&L\Ichart Data\Screenshot\August26\2026-08-28\Sector_Summary_29SEP26_Report_28_8_2026_094059.xlsx,True,49,,,,,,,,,,,Price chg (%),OI chg (%),,,,,Volume chg (%),Buildup
D:\My-data\Share_P&L\Ichart Data\Screenshot\August26\2026-08-28\Sector_Summary_29SEP26_Report_28_8_2026_094607.xlsx,True,49,,,,,,,,,,,Price chg (%),OI chg (%),,,,,Volume chg (%),Buildup
D:\My-data\Share_P&L\Ichart Data\Screenshot\August26\2026-08-28\Sector_Summary_29SEP26_Report_28_8_2026_095117.xlsx,True,49,,,,,,,,,,,Price chg (%),OI chg (%),,,,,Volume chg (%),Buildup
D:\My-data\Share_P&L\Ichart Data\Screenshot\August26\2026-08-28\Sector_Summary_29SEP26_Report_28_8_2026_095626.xlsx,True,49,,,,,,,,,,,Price chg (%),OI chg (%),,,,,Volume chg (%),Buildup
D:\My-data\Share_P&L\Ichart Data\Screenshot\August26\2026-08-28\Sector_Summary_29SEP26_Report_28_8_2026_100133.xlsx,True,48,,,,,,,,,,,Price chg (%),OI chg (%),,,,,Volume chg (%),Buildup
D:\My-data\Share_P&L\Ichart Data\Screenshot\August26\2026-08-28\Sector_Summary_29SEP26_Report_28_8_2026_100641.xlsx,True,49,,,,,,,,,,,Price chg (%),OI chg (%),,,,,Volume chg (%),Buildup
D:\My-data\Share_P&L\Ichart Data\Screenshot\August26\2026-08-28\Sector_Summary_29SEP26_Report_28_8_2026_101150.xlsx,True,49,,,,,,,,,,,Price chg (%),OI chg (%),,,,,Volume chg (%),Buildup
D:\My-data\Share_P&L\Ichart Data\Screenshot\August26\2026-08-28\Sector_Summary_29SEP26_Report_28_8_2026_101702.xlsx,True,48,,,,,,,,,,,Price chg (%),OI chg (%),,,,,Volume chg (%),Buildup
D:\My-data\Share_P&L\Ichart Data\Screenshot\August26\2026-08-28\Sector_Summary_29SEP26_Report_28_8_2026_102210.xlsx,True,49,,,,,,,,,,,Price chg (%),OI chg (%),,,,,Volume chg (%),Buildup
D:\My-data\Share_P&L\Ichart Data\Screenshot\August26\2026-08-28\Sector_Summary_29SEP26_Report_28_8_2026_102719.xlsx,True,47,,,,,,,,,,,Price chg (%),OI chg (%),,,,,Volume chg (%),Buildup
D:\My-data\Share_P&L\Ichart Data\Screenshot\August26\2026-08-28\Sector_Summary_29SEP26_Report_28_8_2026_103226.xlsx,True,48,,,,,,,,,,,Price chg (%),OI chg (%),,,,,Volume chg (%),Buildup
D:\My-data\Share_P&L\Ichart Data\Screenshot\August26\2026-08-28\Sector_Summary_29SEP26_Report_28_8_2026_103735.xlsx,True,49,,,,,,,,,,,Price chg (%),OI chg (%),,,,,Volume chg (%),Buildup
D:\My-data\Share_P&L\Ichart Data\Screenshot\August26\2026-08-28\Sector_Summary_29SEP26_Report_28_8_2026_104242.xlsx,True,49,,,,,,,,,,,Price chg (%),OI chg (%),,,,,Volume chg (%),Buildup
D:\My-data\Share_P&L\Ichart Data\Screenshot\August26\2026-08-28\Sector_Summary_29SEP26_Report_28_8_2026_104751.xlsx,True,46,,,,,,,,,,,Price chg (%),OI chg (%),,,,,Volume chg (%),Buildup
D:\My-data\Share_P&L\Ichart Data\Screenshot\August26\2026-08-28\Sector_Summary_29SEP26_Report_28_8_2026_105258.xlsx,True,48,,,,,,,,,,,Price chg (%),OI chg (%),,,,,Volume chg (%),Buildup
D:\My-data\Share_P&L\Ichart Data\Screenshot\August26\2026-08-28\Sector_Summary_29SEP26_Report_28_8_2026_105807.xlsx,True,48,,,,,,,,,,,Price chg (%),OI chg (%),,,,,Volume chg (%),Buildup
D:\My-data\Share_P&L\Ichart Data\Screenshot\August26\2026-08-28\Sector_Summary_29SEP26_Report_28_8_2026_110315.xlsx,True,48,,,,,,,,,,,Price chg (%),OI chg (%),,,,,Volume chg (%),Buildup
D:\My-data\Share_P&L\Ichart Data\Screenshot\August26\2026-08-28\Sector_Summary_29SEP26_Report_28_8_2026_110823.xlsx,True,49,,,,,,,,,,,Price chg (%),OI chg (%),,,,,Volume chg (%),Buildup
D:\My-data\Share_P&L\Ichart Data\Screenshot\August26\2026-08-28\Sector_Summary_29SEP26_Report_28_8_2026_111331.xlsx,True,48,,,,,,,,,,,Price chg (%),OI chg (%),,,,,Volume chg (%),Buildup
D:\My-data\Share_P&L\Ichart Data\Screenshot\August26\2026-08-28\Sector_Summary_29SEP26_Report_28_8_2026_111838.xlsx,True,49,,,,,,,,,,,Price chg (%),OI chg (%),,,,,Volume chg (%),Buildup
D:\My-data\Share_P&L\Ichart Data\Screenshot\August26\2026-08-28\Sector_Summary_29SEP26_Report_28_8_2026_112347.xlsx,True,47,,,,,,,,,,,Price chg (%),OI chg (%),,,,,Volume chg (%),Buildup
D:\My-data\Share_P&L\Ichart Data\Screenshot\August26\2026-08-28\Sector_Summary_29SEP26_Report_28_8_2026_112857.xlsx,True,48,,,,,,,,,,,Price chg (%),OI chg (%),,,,,Volume chg (%),Buildup
D:\My-data\Share_P&L\Ichart Data\Screenshot\August26\2026-08-28\Sector_Summary_29SEP26_Report_28_8_2026_113409.xlsx,True,48,,,,,,,,,,,Price chg (%),OI chg (%),,,,,Volume chg (%),Buildup
D:\My-data\Share_P&L\Ichart Data\Screenshot\August26\2026-08-28\Sector_Summary_29SEP26_Report_28_8_2026_113917.xlsx,True,49,,,,,,,,,,,Price chg (%),OI chg (%),,,,,Volume chg (%),Buildup
D:\My-data\Share_P&L\Ichart Data\Screenshot\August26\2026-08-28\Sector_Summary_29SEP26_Report_28_8_2026_114426.xlsx,True,49,,,,,,,,,,,Price chg (%),OI chg (%),,,,,Volume chg (%),Buildup
D:\My-data\Share_P&L\Ichart Data\Screenshot\August26\2026-08-28\Sector_Summary_29SEP26_Report_28_8_2026_114935.xlsx,True,49,,,,,,,,,,,Price chg (%),OI chg (%),,,,,Volume chg (%),Buildup
D:\My-data\Share_P&L\Ichart Data\Screenshot\August26\2026-08-28\Sector_Summary_29SEP26_Report_28_8_2026_115444.xlsx,True,49,,,,,,,,,,,Price chg (%),OI chg (%),,,,,Volume chg (%),Buildup
D:\My-data\Share_P&L\Ichart Data\Screenshot\August26\2026-08-28\Sector_Summary_29SEP26_Report_28_8_2026_115952.xlsx,True,49,,,,,,,,,,,Price chg (%),OI chg (%),,,,,Volume chg (%),Buildup
D:\My-data\Share_P&L\Ichart Data\Screenshot\August26\2026-08-28\Sector_Summary_29SEP26_Report_28_8_2026_120503.xlsx,True,49,,,,,,,,,,,Price chg (%),OI chg (%),,,,,Volume chg (%),Buildup
D:\My-data\Share_P&L\Ichart Data\Screenshot\August26\2026-08-28\Sector_Summary_29SEP26_Report_28_8_2026_121011.xlsx,True,49,,,,,,,,,,,Price chg (%),OI chg (%),,,,,Volume chg (%),Buildup
D:\My-data\Share_P&L\Ichart Data\Screenshot\August26\2026-08-28\Sector_Summary_29SEP26_Report_28_8_2026_121522.xlsx,True,49,,,,,,,,,,,Price chg (%),OI chg (%),,,,,Volume chg (%),Buildup
D:\My-data\Share_P&L\Ichart Data\Screenshot\August26\2026-08-28\Sector_Summary_29SEP26_Report_28_8_2026_122032.xlsx,True,49,,,,,,,,,,,Price chg (%),OI chg (%),,,,,Volume chg (%),Buildup
D:\My-data\Share_P&L\Ichart Data\Screenshot\August26\2026-08-28\Sector_Summary_29SEP26_Report_28_8_2026_122539.xlsx,True,49,,,,,,,,,,,Price chg (%),OI chg (%),,,,,Volume chg (%),Buildup
D:\My-data\Share_P&L\Ichart Data\Screenshot\August26\2026-08-28\Sector_Summary_29SEP26_Report_28_8_2026_123048.xlsx,True,49,,,,,,,,,,,Price chg (%),OI chg (%),,,,,Volume chg (%),Buildup
D:\My-data\Share_P&L\Ichart Data\Screenshot\August26\2026-08-28\Sector_Summary_29SEP26_Report_28_8_2026_123556.xlsx,True,47,,,,,,,,,,,Price chg (%),OI chg (%),,,,,Volume chg (%),Buildup
D:\My-data\Share_P&L\Ichart Data\Screenshot\August26\2026-08-28\Sector_Summary_29SEP26_Report_28_8_2026_124104.xlsx,True,46,,,,,,,,,,,Price chg (%),OI chg (%),,,,,Volume chg (%),Buildup
D:\My-data\Share_P&L\Ichart Data\Screenshot\August26\2026-08-28\Sector_Summary_29SEP26_Report_28_8_2026_124616.xlsx,True,48,,,,,,,,,,,Price chg (%),OI chg (%),,,,,Volume chg (%),Buildup
D:\My-data\Share_P&L\Ichart Data\Screenshot\August26\2026-08-28\Sector_Summary_29SEP26_Report_28_8_2026_125125.xlsx,True,49,,,,,,,,,,,Price chg (%),OI chg (%),,,,,Volume chg (%),Buildup
D:\My-data\Share_P&L\Ichart Data\Screenshot\August26\2026-08-28\Sector_Summary_29SEP26_Report_28_8_2026_125633.xlsx,True,48,,,,,,,,,,,Price chg (%),OI chg (%),,,,,Volume chg (%),Buildup
D:\My-data\Share_P&L\Ichart Data\Screenshot\August26\2026-08-28\Sector_Summary_29SEP26_Report_28_8_2026_130144.xlsx,True,49,,,,,,,,,,,Price chg (%),OI chg (%),,,,,Volume chg (%),Buildup
D:\My-data\Share_P&L\Ichart Data\Screenshot\August26\2026-08-28\Sector_Summary_29SEP26_Report_28_8_2026_130653.xlsx,True,49,,,,,,,,,,,Price chg (%),OI chg (%),,,,,Volume chg (%),Buildup
D:\My-data\Share_P&L\Ichart Data\Screenshot\August26\2026-08-28\Sector_Summary_29SEP26_Report_28_8_2026_131204.xlsx,True,49,,,,,,,,,,,Price chg (%),OI chg (%),,,,,Volume chg (%),Buildup
D:\My-data\Share_P&L\Ichart Data\Screenshot\August26\2026-08-28\Sector_Summary_29SEP26_Report_28_8_2026_131713.xlsx,True,48,,,,,,,,,,,Price chg (%),OI chg (%),,,,,Volume chg (%),Buildup
D:\My-data\Share_P&L\Ichart Data\Screenshot\August26\2026-08-28\Sector_Summary_29SEP26_Report_28_8_2026_132222.xlsx,True,49,,,,,,,,,,,Price chg (%),OI chg (%),,,,,Volume chg (%),Buildup
D:\My-data\Share_P&L\Ichart Data\Screenshot\August26\2026-08-28\Sector_Summary_29SEP26_Report_28_8_2026_132730.xlsx,True,48,,,,,,,,,,,Price chg (%),OI chg (%),,,,,Volume chg (%),Buildup
D:\My-data\Share_P&L\Ichart Data\Screenshot\August26\2026-08-28\Sector_Summary_29SEP26_Report_28_8_2026_133239.xlsx,True,49,,,,,,,,,,,Price chg (%),OI chg (%),,,,,Volume chg (%),Buildup
D:\My-data\Share_P&L\Ichart Data\Screenshot\August26\2026-08-28\Sector_Summary_29SEP26_Report_28_8_2026_133749.xlsx,True,49,,,,,,,,,,,Price chg (%),OI chg (%),,,,,Volume chg (%),Buildup
D:\My-data\Share_P&L\Ichart Data\Screenshot\August26\2026-08-28\Sector_Summary_29SEP26_Report_28_8_2026_134258.xlsx,True,49,,,,,,,,,,,Price chg (%),OI chg (%),,,,,Volume chg (%),Buildup
D:\My-data\Share_P&L\Ichart Data\Screenshot\August26\2026-08-28\Sector_Summary_29SEP26_Report_28_8_2026_143548.xlsx,True,47,,,,,,,,,,,Price chg (%),OI chg (%),,,,,Volume chg (%),Buildup
D:\My-data\Share_P&L\Ichart Data\Screenshot\August26\2026-08-28\Sector_Summary_29SEP26_Report_28_8_2026_144057.xlsx,True,49,,,,,,,,,,,Price chg (%),OI chg (%),,,,,Volume chg (%),Buildup
D:\My-data\Share_P&L\Ichart Data\Screenshot\August26\2026-08-28\Support_Resistance_29SEP26_Scan_28_8_2026.xlsx,True,112,Symbol,,,,,,,Price,,,Price Chg%,,,,,,,
D:\My-data\Share_P&L\Ichart Data\Screenshot\August26\2026-08-28\Support_Resistance_29SEP26_Scan_28_8_2026_092551.xlsx,True,119,Symbol,,,,,,,Price,,,Price Chg%,,,,,,,
D:\My-data\Share_P&L\Ichart Data\Screenshot\August26\2026-08-28\Support_Resistance_29SEP26_Scan_28_8_2026_093101.xlsx,True,122,Symbol,,,,,,,Price,,,Price Chg%,,,,,,,
D:\My-data\Share_P&L\Ichart Data\Screenshot\August26\2026-08-28\Support_Resistance_29SEP26_Scan_28_8_2026_093611.xlsx,True,120,Symbol,,,,,,,Price,,,Price Chg%,,,,,,,
D:\My-data\Share_P&L\Ichart Data\Screenshot\August26\2026-08-28\Support_Resistance_29SEP26_Scan_28_8_2026_094122.xlsx,True,119,Symbol,,,,,,,Price,,,Price Chg%,,,,,,,
D:\My-data\Share_P&L\Ichart Data\Screenshot\August26\2026-08-28\Support_Resistance_29SEP26_Scan_28_8_2026_094631.xlsx,True,117,Symbol,,,,,,,Price,,,Price Chg%,,,,,,,
D:\My-data\Share_P&L\Ichart Data\Screenshot\August26\2026-08-28\Support_Resistance_29SEP26_Scan_28_8_2026_095141.xlsx,True,119,Symbol,,,,,,,Price,,,Price Chg%,,,,,,,
D:\My-data\Share_P&L\Ichart Data\Screenshot\August26\2026-08-28\Support_Resistance_29SEP26_Scan_28_8_2026_095651.xlsx,True,118,Symbol,,,,,,,Price,,,Price Chg%,,,,,,,
D:\My-data\Share_P&L\Ichart Data\Screenshot\August26\2026-08-28\Support_Resistance_29SEP26_Scan_28_8_2026_100159.xlsx,True,118,Symbol,,,,,,,Price,,,Price Chg%,,,,,,,
D:\My-data\Share_P&L\Ichart Data\Screenshot\August26\2026-08-28\Support_Resistance_29SEP26_Scan_28_8_2026_100708.xlsx,True,117,Symbol,,,,,,,Price,,,Price Chg%,,,,,,,
D:\My-data\Share_P&L\Ichart Data\Screenshot\August26\2026-08-28\Support_Resistance_29SEP26_Scan_28_8_2026_101218.xlsx,True,120,Symbol,,,,,,,Price,,,Price Chg%,,,,,,,
D:\My-data\Share_P&L\Ichart Data\Screenshot\August26\2026-08-28\Support_Resistance_29SEP26_Scan_28_8_2026_101727.xlsx,True,120,Symbol,,,,,,,Price,,,Price Chg%,,,,,,,
D:\My-data\Share_P&L\Ichart Data\Screenshot\August26\2026-08-28\Support_Resistance_29SEP26_Scan_28_8_2026_102237.xlsx,True,121,Symbol,,,,,,,Price,,,Price Chg%,,,,,,,
D:\My-data\Share_P&L\Ichart Data\Screenshot\August26\2026-08-28\Support_Resistance_29SEP26_Scan_28_8_2026_102746.xlsx,True,122,Symbol,,,,,,,Price,,,Price Chg%,,,,,,,
D:\My-data\Share_P&L\Ichart Data\Screenshot\August26\2026-08-28\Support_Resistance_29SEP26_Scan_28_8_2026_103256.xlsx,True,122,Symbol,,,,,,,Price,,,Price Chg%,,,,,,,
D:\My-data\Share_P&L\Ichart Data\Screenshot\August26\2026-08-28\Support_Resistance_29SEP26_Scan_28_8_2026_103806.xlsx,True,128,Symbol,,,,,,,Price,,,Price Chg%,,,,,,,
D:\My-data\Share_P&L\Ichart Data\Screenshot\August26\2026-08-28\Support_Resistance_29SEP26_Scan_28_8_2026_104317.xlsx,True,125,Symbol,,,,,,,Price,,,Price Chg%,,,,,,,
D:\My-data\Share_P&L\Ichart Data\Screenshot\August26\2026-08-28\Support_Resistance_29SEP26_Scan_28_8_2026_104827.xlsx,True,128,Symbol,,,,,,,Price,,,Price Chg%,,,,,,,
D:\My-data\Share_P&L\Ichart Data\Screenshot\August26\2026-08-28\Support_Resistance_29SEP26_Scan_28_8_2026_105336.xlsx,True,122,Symbol,,,,,,,Price,,,Price Chg%,,,,,,,
D:\My-data\Share_P&L\Ichart Data\Screenshot\August26\2026-08-28\Support_Resistance_29SEP26_Scan_28_8_2026_105846.xlsx,True,125,Symbol,,,,,,,Price,,,Price Chg%,,,,,,,
D:\My-data\Share_P&L\Ichart Data\Screenshot\August26\2026-08-28\Support_Resistance_29SEP26_Scan_28_8_2026_110356.xlsx,True,126,Symbol,,,,,,,Price,,,Price Chg%,,,,,,,
D:\My-data\Share_P&L\Ichart Data\Screenshot\August26\2026-08-28\Support_Resistance_29SEP26_Scan_28_8_2026_110904.xlsx,True,126,Symbol,,,,,,,Price,,,Price Chg%,,,,,,,
D:\My-data\Share_P&L\Ichart Data\Screenshot\August26\2026-08-28\Support_Resistance_29SEP26_Scan_28_8_2026_111414.xlsx,True,123,Symbol,,,,,,,Price,,,Price Chg%,,,,,,,
D:\My-data\Share_P&L\Ichart Data\Screenshot\August26\2026-08-28\Support_Resistance_29SEP26_Scan_28_8_2026_111924.xlsx,True,125,Symbol,,,,,,,Price,,,Price Chg%,,,,,,,
D:\My-data\Share_P&L\Ichart Data\Screenshot\August26\2026-08-28\Support_Resistance_29SEP26_Scan_28_8_2026_112433.xlsx,True,126,Symbol,,,,,,,Price,,,Price Chg%,,,,,,,
D:\My-data\Share_P&L\Ichart Data\Screenshot\August26\2026-08-28\Support_Resistance_29SEP26_Scan_28_8_2026_112944.xlsx,True,127,Symbol,,,,,,,Price,,,Price Chg%,,,,,,,
D:\My-data\Share_P&L\Ichart Data\Screenshot\August26\2026-08-28\Support_Resistance_29SEP26_Scan_28_8_2026_113453.xlsx,True,130,Symbol,,,,,,,Price,,,Price Chg%,,,,,,,
D:\My-data\Share_P&L\Ichart Data\Screenshot\August26\2026-08-28\Support_Resistance_29SEP26_Scan_28_8_2026_114003.xlsx,True,130,Symbol,,,,,,,Price,,,Price Chg%,,,,,,,
D:\My-data\Share_P&L\Ichart Data\Screenshot\August26\2026-08-28\Support_Resistance_29SEP26_Scan_28_8_2026_114513.xlsx,True,130,Symbol,,,,,,,Price,,,Price Chg%,,,,,,,
D:\My-data\Share_P&L\Ichart Data\Screenshot\August26\2026-08-28\Support_Resistance_29SEP26_Scan_28_8_2026_115023.xlsx,True,130,Symbol,,,,,,,Price,,,Price Chg%,,,,,,,
D:\My-data\Share_P&L\Ichart Data\Screenshot\August26\2026-08-28\Support_Resistance_29SEP26_Scan_28_8_2026_115534.xlsx,True,130,Symbol,,,,,,,Price,,,Price Chg%,,,,,,,
D:\My-data\Share_P&L\Ichart Data\Screenshot\August26\2026-08-28\Support_Resistance_29SEP26_Scan_28_8_2026_120044.xlsx,True,130,Symbol,,,,,,,Price,,,Price Chg%,,,,,,,
D:\My-data\Share_P&L\Ichart Data\Screenshot\August26\2026-08-28\Support_Resistance_29SEP26_Scan_28_8_2026_120554.xlsx,True,130,Symbol,,,,,,,Price,,,Price Chg%,,,,,,,
D:\My-data\Share_P&L\Ichart Data\Screenshot\August26\2026-08-28\Support_Resistance_29SEP26_Scan_28_8_2026_121105.xlsx,True,131,Symbol,,,,,,,Price,,,Price Chg%,,,,,,,
D:\My-data\Share_P&L\Ichart Data\Screenshot\August26\2026-08-28\Support_Resistance_29SEP26_Scan_28_8_2026_121616.xlsx,True,131,Symbol,,,,,,,Price,,,Price Chg%,,,,,,,
D:\My-data\Share_P&L\Ichart Data\Screenshot\August26\2026-08-28\Support_Resistance_29SEP26_Scan_28_8_2026_122127.xlsx,True,130,Symbol,,,,,,,Price,,,Price Chg%,,,,,,,
D:\My-data\Share_P&L\Ichart Data\Screenshot\August26\2026-08-28\Support_Resistance_29SEP26_Scan_28_8_2026_122700.xlsx,True,130,Symbol,,,,,,,Price,,,Price Chg%,,,,,,,
D:\My-data\Share_P&L\Ichart Data\Screenshot\August26\2026-08-28\Support_Resistance_29SEP26_Scan_28_8_2026_123210.xlsx,True,130,Symbol,,,,,,,Price,,,Price Chg%,,,,,,,
D:\My-data\Share_P&L\Ichart Data\Screenshot\August26\2026-08-28\Support_Resistance_29SEP26_Scan_28_8_2026_123720.xlsx,True,129,Symbol,,,,,,,Price,,,Price Chg%,,,,,,,
D:\My-data\Share_P&L\Ichart Data\Screenshot\August26\2026-08-28\Support_Resistance_29SEP26_Scan_28_8_2026_124230.xlsx,True,127,Symbol,,,,,,,Price,,,Price Chg%,,,,,,,
D:\My-data\Share_P&L\Ichart Data\Screenshot\August26\2026-08-28\Support_Resistance_29SEP26_Scan_28_8_2026_124741.xlsx,True,125,Symbol,,,,,,,Price,,,Price Chg%,,,,,,,
D:\My-data\Share_P&L\Ichart Data\Screenshot\August26\2026-08-28\Support_Resistance_29SEP26_Scan_28_8_2026_125250.xlsx,True,125,Symbol,,,,,,,Price,,,Price Chg%,,,,,,,
D:\My-data\Share_P&L\Ichart Data\Screenshot\August26\2026-08-28\Support_Resistance_29SEP26_Scan_28_8_2026_125800.xlsx,True,125,Symbol,,,,,,,Price,,,Price Chg%,,,,,,,
D:\My-data\Share_P&L\Ichart Data\Screenshot\August26\2026-08-28\Support_Resistance_29SEP26_Scan_28_8_2026_130310.xlsx,True,123,Symbol,,,,,,,Price,,,Price Chg%,,,,,,,
D:\My-data\Share_P&L\Ichart Data\Screenshot\August26\2026-08-28\Support_Resistance_29SEP26_Scan_28_8_2026_130820.xlsx,True,124,Symbol,,,,,,,Price,,,Price Chg%,,,,,,,
D:\My-data\Share_P&L\Ichart Data\Screenshot\August26\2026-08-28\Support_Resistance_29SEP26_Scan_28_8_2026_131330.xlsx,True,125,Symbol,,,,,,,Price,,,Price Chg%,,,,,,,
D:\My-data\Share_P&L\Ichart Data\Screenshot\August26\2026-08-28\Support_Resistance_29SEP26_Scan_28_8_2026_131841.xlsx,True,125,Symbol,,,,,,,Price,,,Price Chg%,,,,,,,
D:\My-data\Share_P&L\Ichart Data\Screenshot\August26\2026-08-28\Support_Resistance_29SEP26_Scan_28_8_2026_132351.xlsx,True,124,Symbol,,,,,,,Price,,,Price Chg%,,,,,,,
D:\My-data\Share_P&L\Ichart Data\Screenshot\August26\2026-08-28\Support_Resistance_29SEP26_Scan_28_8_2026_132901.xlsx,True,123,Symbol,,,,,,,Price,,,Price Chg%,,,,,,,
D:\My-data\Share_P&L\Ichart Data\Screenshot\August26\2026-08-28\Support_Resistance_29SEP26_Scan_28_8_2026_133411.xlsx,True,123,Symbol,,,,,,,Price,,,Price Chg%,,,,,,,
D:\My-data\Share_P&L\Ichart Data\Screenshot\August26\2026-08-28\Support_Resistance_29SEP26_Scan_28_8_2026_133922.xlsx,True,124,Symbol,,,,,,,Price,,,Price Chg%,,,,,,,
D:\My-data\Share_P&L\Ichart Data\Screenshot\August26\2026-08-28\Support_Resistance_29SEP26_Scan_28_8_2026_143559.xlsx,True,126,Symbol,,,,,,,Price,,,Price Chg%,,,,,,,
D:\My-data\Share_P&L\Ichart Data\Screenshot\August26\2026-08-28\Support_Resistance_29SEP26_Scan_28_8_2026_144108.xlsx,True,125,Symbol,,,,,,,Price,,,Price Chg%,,,,,,,
D:\My-data\Share_P&L\Ichart Data\Screenshot\August26\2026-08-28\VolumeAndOISpikesScans_29SEP26_Report_28_8_2026.xlsx,True,219,Symbol,,,,,,,Price,,,Price chg (%),OI chg (%),,,,,Volume Chg (%),
D:\My-data\Share_P&L\Ichart Data\Screenshot\August26\2026-08-28\VolumeAndOISpikesScans_29SEP26_Report_28_8_2026_092541.xlsx,True,219,Symbol,,,,,,,Price,,,Price chg (%),OI chg (%),,,,,Volume Chg (%),
D:\My-data\Share_P&L\Ichart Data\Screenshot\August26\2026-08-28\VolumeAndOISpikesScans_29SEP26_Report_28_8_2026_093048.xlsx,True,219,Symbol,,,,,,,Price,,,Price chg (%),OI chg (%),,,,,Volume Chg (%),
D:\My-data\Share_P&L\Ichart Data\Screenshot\August26\2026-08-28\VolumeAndOISpikesScans_29SEP26_Report_28_8_2026_093558.xlsx,True,219,Symbol,,,,,,,Price,,,Price chg (%),OI chg (%),,,,,Volume Chg (%),
D:\My-data\Share_P&L\Ichart Data\Screenshot\August26\2026-08-28\VolumeAndOISpikesScans_29SEP26_Report_28_8_2026_094105.xlsx,True,219,Symbol,,,,,,,Price,,,Price chg (%),OI chg (%),,,,,Volume Chg (%),
D:\My-data\Share_P&L\Ichart Data\Screenshot\August26\2026-08-28\VolumeAndOISpikesScans_29SEP26_Report_28_8_2026_094614.xlsx,True,219,Symbol,,,,,,,Price,,,Price chg (%),OI chg (%),,,,,Volume Chg (%),
D:\My-data\Share_P&L\Ichart Data\Screenshot\August26\2026-08-28\VolumeAndOISpikesScans_29SEP26_Report_28_8_2026_095124.xlsx,True,219,Symbol,,,,,,,Price,,,Price chg (%),OI chg (%),,,,,Volume Chg (%),
D:\My-data\Share_P&L\Ichart Data\Screenshot\August26\2026-08-28\VolumeAndOISpikesScans_29SEP26_Report_28_8_2026_095632.xlsx,True,219,Symbol,,,,,,,Price,,,Price chg (%),OI chg (%),,,,,Volume Chg (%),
D:\My-data\Share_P&L\Ichart Data\Screenshot\August26\2026-08-28\VolumeAndOISpikesScans_29SEP26_Report_28_8_2026_100140.xlsx,True,219,Symbol,,,,,,,Price,,,Price chg (%),OI chg (%),,,,,Volume Chg (%),
D:\My-data\Share_P&L\Ichart Data\Screenshot\August26\2026-08-28\VolumeAndOISpikesScans_29SEP26_Report_28_8_2026_100648.xlsx,True,219,Symbol,,,,,,,Price,,,Price chg (%),OI chg (%),,,,,Volume Chg (%),
D:\My-data\Share_P&L\Ichart Data\Screenshot\August26\2026-08-28\VolumeAndOISpikesScans_29SEP26_Report_28_8_2026_101157.xlsx,True,219,Symbol,,,,,,,Price,,,Price chg (%),OI chg (%),,,,,Volume Chg (%),
D:\My-data\Share_P&L\Ichart Data\Screenshot\August26\2026-08-28\VolumeAndOISpikesScans_29SEP26_Report_28_8_2026_101709.xlsx,True,219,Symbol,,,,,,,Price,,,Price chg (%),OI chg (%),,,,,Volume Chg (%),
D:\My-data\Share_P&L\Ichart Data\Screenshot\August26\2026-08-28\VolumeAndOISpikesScans_29SEP26_Report_28_8_2026_102217.xlsx,True,219,Symbol,,,,,,,Price,,,Price chg (%),OI chg (%),,,,,Volume Chg (%),
D:\My-data\Share_P&L\Ichart Data\Screenshot\August26\2026-08-28\VolumeAndOISpikesScans_29SEP26_Report_28_8_2026_102727.xlsx,True,219,Symbol,,,,,,,Price,,,Price chg (%),OI chg (%),,,,,Volume Chg (%),
D:\My-data\Share_P&L\Ichart Data\Screenshot\August26\2026-08-28\VolumeAndOISpikesScans_29SEP26_Report_28_8_2026_103234.xlsx,True,219,Symbol,,,,,,,Price,,,Price chg (%),OI chg (%),,,,,Volume Chg (%),
D:\My-data\Share_P&L\Ichart Data\Screenshot\August26\2026-08-28\VolumeAndOISpikesScans_29SEP26_Report_28_8_2026_103742.xlsx,True,219,Symbol,,,,,,,Price,,,Price chg (%),OI chg (%),,,,,Volume Chg (%),
D:\My-data\Share_P&L\Ichart Data\Screenshot\August26\2026-08-28\VolumeAndOISpikesScans_29SEP26_Report_28_8_2026_104249.xlsx,True,219,Symbol,,,,,,,Price,,,Price chg (%),OI chg (%),,,,,Volume Chg (%),
D:\My-data\Share_P&L\Ichart Data\Screenshot\August26\2026-08-28\VolumeAndOISpikesScans_29SEP26_Report_28_8_2026_104759.xlsx,True,219,Symbol,,,,,,,Price,,,Price chg (%),OI chg (%),,,,,Volume Chg (%),
D:\My-data\Share_P&L\Ichart Data\Screenshot\August26\2026-08-28\VolumeAndOISpikesScans_29SEP26_Report_28_8_2026_105305.xlsx,True,219,Symbol,,,,,,,Price,,,Price chg (%),OI chg (%),,,,,Volume Chg (%),
D:\My-data\Share_P&L\Ichart Data\Screenshot\August26\2026-08-28\VolumeAndOISpikesScans_29SEP26_Report_28_8_2026_105814.xlsx,True,219,Symbol,,,,,,,Price,,,Price chg (%),OI chg (%),,,,,Volume Chg (%),
D:\My-data\Share_P&L\Ichart Data\Screenshot\August26\2026-08-28\VolumeAndOISpikesScans_29SEP26_Report_28_8_2026_110322.xlsx,True,219,Symbol,,,,,,,Price,,,Price chg (%),OI chg (%),,,,,Volume Chg (%),
D:\My-data\Share_P&L\Ichart Data\Screenshot\August26\2026-08-28\VolumeAndOISpikesScans_29SEP26_Report_28_8_2026_110830.xlsx,True,219,Symbol,,,,,,,Price,,,Price chg (%),OI chg (%),,,,,Volume Chg (%),
D:\My-data\Share_P&L\Ichart Data\Screenshot\August26\2026-08-28\VolumeAndOISpikesScans_29SEP26_Report_28_8_2026_111338.xlsx,True,219,Symbol,,,,,,,Price,,,Price chg (%),OI chg (%),,,,,Volume Chg (%),
D:\My-data\Share_P&L\Ichart Data\Screenshot\August26\2026-08-28\VolumeAndOISpikesScans_29SEP26_Report_28_8_2026_111845.xlsx,True,219,Symbol,,,,,,,Price,,,Price chg (%),OI chg (%),,,,,Volume Chg (%),
D:\My-data\Share_P&L\Ichart Data\Screenshot\August26\2026-08-28\VolumeAndOISpikesScans_29SEP26_Report_28_8_2026_112353.xlsx,True,219,Symbol,,,,,,,Price,,,Price chg (%),OI chg (%),,,,,Volume Chg (%),
D:\My-data\Share_P&L\Ichart Data\Screenshot\August26\2026-08-28\VolumeAndOISpikesScans_29SEP26_Report_28_8_2026_112904.xlsx,True,219,Symbol,,,,,,,Price,,,Price chg (%),OI chg (%),,,,,Volume Chg (%),
D:\My-data\Share_P&L\Ichart Data\Screenshot\August26\2026-08-28\VolumeAndOISpikesScans_29SEP26_Report_28_8_2026_113417.xlsx,True,219,Symbol,,,,,,,Price,,,Price chg (%),OI chg (%),,,,,Volume Chg (%),
D:\My-data\Share_P&L\Ichart Data\Screenshot\August26\2026-08-28\VolumeAndOISpikesScans_29SEP26_Report_28_8_2026_113924.xlsx,True,219,Symbol,,,,,,,Price,,,Price chg (%),OI chg (%),,,,,Volume Chg (%),
D:\My-data\Share_P&L\Ichart Data\Screenshot\August26\2026-08-28\VolumeAndOISpikesScans_29SEP26_Report_28_8_2026_114433.xlsx,True,219,Symbol,,,,,,,Price,,,Price chg (%),OI chg (%),,,,,Volume Chg (%),
D:\My-data\Share_P&L\Ichart Data\Screenshot\August26\2026-08-28\VolumeAndOISpikesScans_29SEP26_Report_28_8_2026_114942.xlsx,True,219,Symbol,,,,,,,Price,,,Price chg (%),OI chg (%),,,,,Volume Chg (%),
D:\My-data\Share_P&L\Ichart Data\Screenshot\August26\2026-08-28\VolumeAndOISpikesScans_29SEP26_Report_28_8_2026_115453.xlsx,True,219,Symbol,,,,,,,Price,,,Price chg (%),OI chg (%),,,,,Volume Chg (%),
D:\My-data\Share_P&L\Ichart Data\Screenshot\August26\2026-08-28\VolumeAndOISpikesScans_29SEP26_Report_28_8_2026_120001.xlsx,True,219,Symbol,,,,,,,Price,,,Price chg (%),OI chg (%),,,,,Volume Chg (%),
D:\My-data\Share_P&L\Ichart Data\Screenshot\August26\2026-08-28\VolumeAndOISpikesScans_29SEP26_Report_28_8_2026_120511.xlsx,True,219,Symbol,,,,,,,Price,,,Price chg (%),OI chg (%),,,,,Volume Chg (%),
D:\My-data\Share_P&L\Ichart Data\Screenshot\August26\2026-08-28\VolumeAndOISpikesScans_29SEP26_Report_28_8_2026_121019.xlsx,True,219,Symbol,,,,,,,Price,,,Price chg (%),OI chg (%),,,,,Volume Chg (%),
D:\My-data\Share_P&L\Ichart Data\Screenshot\August26\2026-08-28\VolumeAndOISpikesScans_29SEP26_Report_28_8_2026_121529.xlsx,True,219,Symbol,,,,,,,Price,,,Price chg (%),OI chg (%),,,,,Volume Chg (%),
D:\My-data\Share_P&L\Ichart Data\Screenshot\August26\2026-08-28\VolumeAndOISpikesScans_29SEP26_Report_28_8_2026_122039.xlsx,True,219,Symbol,,,,,,,Price,,,Price chg (%),OI chg (%),,,,,Volume Chg (%),
D:\My-data\Share_P&L\Ichart Data\Screenshot\August26\2026-08-28\VolumeAndOISpikesScans_29SEP26_Report_28_8_2026_122546.xlsx,True,219,Symbol,,,,,,,Price,,,Price chg (%),OI chg (%),,,,,Volume Chg (%),
D:\My-data\Share_P&L\Ichart Data\Screenshot\August26\2026-08-28\VolumeAndOISpikesScans_29SEP26_Report_28_8_2026_123054.xlsx,True,219,Symbol,,,,,,,Price,,,Price chg (%),OI chg (%),,,,,Volume Chg (%),
D:\My-data\Share_P&L\Ichart Data\Screenshot\August26\2026-08-28\VolumeAndOISpikesScans_29SEP26_Report_28_8_2026_123603.xlsx,True,219,Symbol,,,,,,,Price,,,Price chg (%),OI chg (%),,,,,Volume Chg (%),
D:\My-data\Share_P&L\Ichart Data\Screenshot\August26\2026-08-28\VolumeAndOISpikesScans_29SEP26_Report_28_8_2026_124111.xlsx,True,219,Symbol,,,,,,,Price,,,Price chg (%),OI chg (%),,,,,Volume Chg (%),
D:\My-data\Share_P&L\Ichart Data\Screenshot\August26\2026-08-28\VolumeAndOISpikesScans_29SEP26_Report_28_8_2026_124624.xlsx,True,219,Symbol,,,,,,,Price,,,Price chg (%),OI chg (%),,,,,Volume Chg (%),
D:\My-data\Share_P&L\Ichart Data\Screenshot\August26\2026-08-28\VolumeAndOISpikesScans_29SEP26_Report_28_8_2026_125132.xlsx,True,219,Symbol,,,,,,,Price,,,Price chg (%),OI chg (%),,,,,Volume Chg (%),
D:\My-data\Share_P&L\Ichart Data\Screenshot\August26\2026-08-28\VolumeAndOISpikesScans_29SEP26_Report_28_8_2026_125640.xlsx,True,219,Symbol,,,,,,,Price,,,Price chg (%),OI chg (%),,,,,Volume Chg (%),
D:\My-data\Share_P&L\Ichart Data\Screenshot\August26\2026-08-28\VolumeAndOISpikesScans_29SEP26_Report_28_8_2026_130150.xlsx,True,219,Symbol,,,,,,,Price,,,Price chg (%),OI chg (%),,,,,Volume Chg (%),
D:\My-data\Share_P&L\Ichart Data\Screenshot\August26\2026-08-28\VolumeAndOISpikesScans_29SEP26_Report_28_8_2026_130700.xlsx,True,219,Symbol,,,,,,,Price,,,Price chg (%),OI chg (%),,,,,Volume Chg (%),
D:\My-data\Share_P&L\Ichart Data\Screenshot\August26\2026-08-28\VolumeAndOISpikesScans_29SEP26_Report_28_8_2026_131212.xlsx,True,219,Symbol,,,,,,,Price,,,Price chg (%),OI chg (%),,,,,Volume Chg (%),
D:\My-data\Share_P&L\Ichart Data\Screenshot\August26\2026-08-28\VolumeAndOISpikesScans_29SEP26_Report_28_8_2026_131721.xlsx,True,219,Symbol,,,,,,,Price,,,Price chg (%),OI chg (%),,,,,Volume Chg (%),
D:\My-data\Share_P&L\Ichart Data\Screenshot\August26\2026-08-28\VolumeAndOISpikesScans_29SEP26_Report_28_8_2026_132229.xlsx,True,219,Symbol,,,,,,,Price,,,Price chg (%),OI chg (%),,,,,Volume Chg (%),
D:\My-data\Share_P&L\Ichart Data\Screenshot\August26\2026-08-28\VolumeAndOISpikesScans_29SEP26_Report_28_8_2026_132737.xlsx,True,219,Symbol,,,,,,,Price,,,Price chg (%),OI chg (%),,,,,Volume Chg (%),
D:\My-data\Share_P&L\Ichart Data\Screenshot\August26\2026-08-28\VolumeAndOISpikesScans_29SEP26_Report_28_8_2026_133246.xlsx,True,219,Symbol,,,,,,,Price,,,Price chg (%),OI chg (%),,,,,Volume Chg (%),
D:\My-data\Share_P&L\Ichart Data\Screenshot\August26\2026-08-28\VolumeAndOISpikesScans_29SEP26_Report_28_8_2026_133757.xlsx,True,219,Symbol,,,,,,,Price,,,Price chg (%),OI chg (%),,,,,Volume Chg (%),
D:\My-data\Share_P&L\Ichart Data\Screenshot\August26\2026-08-28\VolumeAndOISpikesScans_29SEP26_Report_28_8_2026_143947.xlsx,True,219,Symbol,,,,,,,Price,,,Price chg (%),OI chg (%),,,,,Volume Chg (%),
D:\My-data\Share_P&L\Ichart Data\Screenshot\August26\2026-08-28\VolumeAndOISpikesScans_29SEP26_Report_28_8_2026_144453.xlsx,True,219,Symbol,,,,,,,Price,,,Price chg (%),OI chg (%),,,,,Volume Chg (%),
D:\My-data\Share_P&L\Ichart Data\Screenshot\August26\2026-08-31\Daywise_Price_and_OI_Summary_29SEP26_Report_2026-08-31.xlsx,True,219,Symbol,,,Open,High,Low,Close,,ATM Straddle %,ATM Straddle %,Price Chg %,OI Chg %,PCR Chg %,Tot CE OI Chg %,Tot PE OI Chg %,Tot PE-CE OI Chg,,
D:\My-data\Share_P&L\Ichart Data\Screenshot\August26\2026-08-31\Daywise_Price_and_OI_Summary_29SEP26_Report_2026-08-31_093017.xlsx,True,219,Symbol,,,Open,High,Low,Close,,ATM Straddle %,ATM Straddle %,Price Chg %,OI Chg %,PCR Chg %,Tot CE OI Chg %,Tot PE OI Chg %,Tot PE-CE OI Chg,,
D:\My-data\Share_P&L\Ichart Data\Screenshot\August26\2026-08-31\Daywise_Price_and_OI_Summary_29SEP26_Report_2026-08-31_093525.xlsx,True,219,Symbol,,,Open,High,Low,Close,,ATM Straddle %,ATM Straddle %,Price Chg %,OI Chg %,PCR Chg %,Tot CE OI Chg %,Tot PE OI Chg %,Tot PE-CE OI Chg,,
D:\My-data\Share_P&L\Ichart Data\Screenshot\August26\2026-08-31\Daywise_Price_and_OI_Summary_29SEP26_Report_2026-08-31_094033.xlsx,True,219,Symbol,,,Open,High,Low,Close,,ATM Straddle %,ATM Straddle %,Price Chg %,OI Chg %,PCR Chg %,Tot CE OI Chg %,Tot PE OI Chg %,Tot PE-CE OI Chg,,
D:\My-data\Share_P&L\Ichart Data\Screenshot\August26\2026-08-31\Daywise_Price_and_OI_Summary_29SEP26_Report_2026-08-31_094540.xlsx,True,219,Symbol,,,Open,High,Low,Close,,ATM Straddle %,ATM Straddle %,Price Chg %,OI Chg %,PCR Chg %,Tot CE OI Chg %,Tot PE OI Chg %,Tot PE-CE OI Chg,,
D:\My-data\Share_P&L\Ichart Data\Screenshot\August26\2026-08-31\Daywise_Price_and_OI_Summary_29SEP26_Report_2026-08-31_095048.xlsx,True,219,Symbol,,,Open,High,Low,Close,,ATM Straddle %,ATM Straddle %,Price Chg %,OI Chg %,PCR Chg %,Tot CE OI Chg %,Tot PE OI Chg %,Tot PE-CE OI Chg,,
D:\My-data\Share_P&L\Ichart Data\Screenshot\August26\2026-08-31\Daywise_Price_and_OI_Summary_29SEP26_Report_2026-08-31_095555.xlsx,True,219,Symbol,,,Open,High,Low,Close,,ATM Straddle %,ATM Straddle %,Price Chg %,OI Chg %,PCR Chg %,Tot CE OI Chg %,Tot PE OI Chg %,Tot PE-CE OI Chg,,
D:\My-data\Share_P&L\Ichart Data\Screenshot\August26\2026-08-31\Daywise_Price_and_OI_Summary_29SEP26_Report_2026-08-31_100103.xlsx,True,219,Symbol,,,Open,High,Low,Close,,ATM Straddle %,ATM Straddle %,Price Chg %,OI Chg %,PCR Chg %,Tot CE OI Chg %,Tot PE OI Chg %,Tot PE-CE OI Chg,,
D:\My-data\Share_P&L\Ichart Data\Screenshot\August26\2026-08-31\Daywise_Price_and_OI_Summary_29SEP26_Report_2026-08-31_100610.xlsx,True,219,Symbol,,,Open,High,Low,Close,,ATM Straddle %,ATM Straddle %,Price Chg %,OI Chg %,PCR Chg %,Tot CE OI Chg %,Tot PE OI Chg %,Tot PE-CE OI Chg,,
D:\My-data\Share_P&L\Ichart Data\Screenshot\August26\2026-08-31\Daywise_Price_and_OI_Summary_29SEP26_Report_2026-08-31_101118.xlsx,True,219,Symbol,,,Open,High,Low,Close,,ATM Straddle %,ATM Straddle %,Price Chg %,OI Chg %,PCR Chg %,Tot CE OI Chg %,Tot PE OI Chg %,Tot PE-CE OI Chg,,
D:\My-data\Share_P&L\Ichart Data\Screenshot\August26\2026-08-31\Daywise_Price_and_OI_Summary_29SEP26_Report_2026-08-31_101626.xlsx,True,219,Symbol,,,Open,High,Low,Close,,ATM Straddle %,ATM Straddle %,Price Chg %,OI Chg %,PCR Chg %,Tot CE OI Chg %,Tot PE OI Chg %,Tot PE-CE OI Chg,,
D:\My-data\Share_P&L\Ichart Data\Screenshot\August26\2026-08-31\Daywise_Price_and_OI_Summary_29SEP26_Report_2026-08-31_102133.xlsx,True,219,Symbol,,,Open,High,Low,Close,,ATM Straddle %,ATM Straddle %,Price Chg %,OI Chg %,PCR Chg %,Tot CE OI Chg %,Tot PE OI Chg %,Tot PE-CE OI Chg,,
D:\My-data\Share_P&L\Ichart Data\Screenshot\August26\2026-08-31\Daywise_Price_and_OI_Summary_29SEP26_Report_2026-08-31_102642.xlsx,True,219,Symbol,,,Open,High,Low,Close,,ATM Straddle %,ATM Straddle %,Price Chg %,OI Chg %,PCR Chg %,Tot CE OI Chg %,Tot PE OI Chg %,Tot PE-CE OI Chg,,
D:\My-data\Share_P&L\Ichart Data\Screenshot\August26\2026-08-31\Daywise_Price_and_OI_Summary_29SEP26_Report_2026-08-31_103150.xlsx,True,219,Symbol,,,Open,High,Low,Close,,ATM Straddle %,ATM Straddle %,Price Chg %,OI Chg %,PCR Chg %,Tot CE OI Chg %,Tot PE OI Chg %,Tot PE-CE OI Chg,,
D:\My-data\Share_P&L\Ichart Data\Screenshot\August26\2026-08-31\Daywise_Price_and_OI_Summary_29SEP26_Report_2026-08-31_103658.xlsx,True,219,Symbol,,,Open,High,Low,Close,,ATM Straddle %,ATM Straddle %,Price Chg %,OI Chg %,PCR Chg %,Tot CE OI Chg %,Tot PE OI Chg %,Tot PE-CE OI Chg,,
D:\My-data\Share_P&L\Ichart Data\Screenshot\August26\2026-08-31\Daywise_Price_and_OI_Summary_29SEP26_Report_2026-08-31_104206.xlsx,True,219,Symbol,,,Open,High,Low,Close,,ATM Straddle %,ATM Straddle %,Price Chg %,OI Chg %,PCR Chg %,Tot CE OI Chg %,Tot PE OI Chg %,Tot PE-CE OI Chg,,
D:\My-data\Share_P&L\Ichart Data\Screenshot\August26\2026-08-31\Daywise_Price_and_OI_Summary_29SEP26_Report_2026-08-31_104714.xlsx,True,219,Symbol,,,Open,High,Low,Close,,ATM Straddle %,ATM Straddle %,Price Chg %,OI Chg %,PCR Chg %,Tot CE OI Chg %,Tot PE OI Chg %,Tot PE-CE OI Chg,,
D:\My-data\Share_P&L\Ichart Data\Screenshot\August26\2026-08-31\Daywise_Price_and_OI_Summary_29SEP26_Report_2026-08-31_105223.xlsx,True,219,Symbol,,,Open,High,Low,Close,,ATM Straddle %,ATM Straddle %,Price Chg %,OI Chg %,PCR Chg %,Tot CE OI Chg %,Tot PE OI Chg %,Tot PE-CE OI Chg,,
D:\My-data\Share_P&L\Ichart Data\Screenshot\August26\2026-08-31\Daywise_Price_and_OI_Summary_29SEP26_Report_2026-08-31_105731.xlsx,True,219,Symbol,,,Open,High,Low,Close,,ATM Straddle %,ATM Straddle %,Price Chg %,OI Chg %,PCR Chg %,Tot CE OI Chg %,Tot PE OI Chg %,Tot PE-CE OI Chg,,
D:\My-data\Share_P&L\Ichart Data\Screenshot\August26\2026-08-31\Daywise_Price_and_OI_Summary_29SEP26_Report_2026-08-31_110239.xlsx,True,219,Symbol,,,Open,High,Low,Close,,ATM Straddle %,ATM Straddle %,Price Chg %,OI Chg %,PCR Chg %,Tot CE OI Chg %,Tot PE OI Chg %,Tot PE-CE OI Chg,,
D:\My-data\Share_P&L\Ichart Data\Screenshot\August26\2026-08-31\Daywise_Price_and_OI_Summary_29SEP26_Report_2026-08-31_110747.xlsx,True,219,Symbol,,,Open,High,Low,Close,,ATM Straddle %,ATM Straddle %,Price Chg %,OI Chg %,PCR Chg %,Tot CE OI Chg %,Tot PE OI Chg %,Tot PE-CE OI Chg,,
D:\My-data\Share_P&L\Ichart Data\Screenshot\August26\2026-08-31\Daywise_Price_and_OI_Summary_29SEP26_Report_2026-08-31_111256.xlsx,True,219,Symbol,,,Open,High,Low,Close,,ATM Straddle %,ATM Straddle %,Price Chg %,OI Chg %,PCR Chg %,Tot CE OI Chg %,Tot PE OI Chg %,Tot PE-CE OI Chg,,
D:\My-data\Share_P&L\Ichart Data\Screenshot\August26\2026-08-31\Daywise_Price_and_OI_Summary_29SEP26_Report_2026-08-31_111804.xlsx,True,219,Symbol,,,Open,High,Low,Close,,ATM Straddle %,ATM Straddle %,Price Chg %,OI Chg %,PCR Chg %,Tot CE OI Chg %,Tot PE OI Chg %,Tot PE-CE OI Chg,,
D:\My-data\Share_P&L\Ichart Data\Screenshot\August26\2026-08-31\Daywise_Price_and_OI_Summary_29SEP26_Report_2026-08-31_112311.xlsx,True,219,Symbol,,,Open,High,Low,Close,,ATM Straddle %,ATM Straddle %,Price Chg %,OI Chg %,PCR Chg %,Tot CE OI Chg %,Tot PE OI Chg %,Tot PE-CE OI Chg,,
D:\My-data\Share_P&L\Ichart Data\Screenshot\August26\2026-08-31\Daywise_Price_and_OI_Summary_29SEP26_Report_2026-08-31_112818.xlsx,True,219,Symbol,,,Open,High,Low,Close,,ATM Straddle %,ATM Straddle %,Price Chg %,OI Chg %,PCR Chg %,Tot CE OI Chg %,Tot PE OI Chg %,Tot PE-CE OI Chg,,
D:\My-data\Share_P&L\Ichart Data\Screenshot\August26\2026-08-31\Daywise_Price_and_OI_Summary_29SEP26_Report_2026-08-31_113326.xlsx,True,219,Symbol,,,Open,High,Low,Close,,ATM Straddle %,ATM Straddle %,Price Chg %,OI Chg %,PCR Chg %,Tot CE OI Chg %,Tot PE OI Chg %,Tot PE-CE OI Chg,,
D:\My-data\Share_P&L\Ichart Data\Screenshot\August26\2026-08-31\Daywise_Price_and_OI_Summary_29SEP26_Report_2026-08-31_113834.xlsx,True,219,Symbol,,,Open,High,Low,Close,,ATM Straddle %,ATM Straddle %,Price Chg %,OI Chg %,PCR Chg %,Tot CE OI Chg %,Tot PE OI Chg %,Tot PE-CE OI Chg,,
D:\My-data\Share_P&L\Ichart Data\Screenshot\August26\2026-08-31\Daywise_Price_and_OI_Summary_29SEP26_Report_2026-08-31_114342.xlsx,True,219,Symbol,,,Open,High,Low,Close,,ATM Straddle %,ATM Straddle %,Price Chg %,OI Chg %,PCR Chg %,Tot CE OI Chg %,Tot PE OI Chg %,Tot PE-CE OI Chg,,
D:\My-data\Share_P&L\Ichart Data\Screenshot\August26\2026-08-31\Daywise_Price_and_OI_Summary_29SEP26_Report_2026-08-31_114850.xlsx,True,219,Symbol,,,Open,High,Low,Close,,ATM Straddle %,ATM Straddle %,Price Chg %,OI Chg %,PCR Chg %,Tot CE OI Chg %,Tot PE OI Chg %,Tot PE-CE OI Chg,,
D:\My-data\Share_P&L\Ichart Data\Screenshot\August26\2026-08-31\Daywise_Price_and_OI_Summary_29SEP26_Report_2026-08-31_115358.xlsx,True,219,Symbol,,,Open,High,Low,Close,,ATM Straddle %,ATM Straddle %,Price Chg %,OI Chg %,PCR Chg %,Tot CE OI Chg %,Tot PE OI Chg %,Tot PE-CE OI Chg,,
D:\My-data\Share_P&L\Ichart Data\Screenshot\August26\2026-08-31\Daywise_Price_and_OI_Summary_29SEP26_Report_2026-08-31_115907.xlsx,True,219,Symbol,,,Open,High,Low,Close,,ATM Straddle %,ATM Straddle %,Price Chg %,OI Chg %,PCR Chg %,Tot CE OI Chg %,Tot PE OI Chg %,Tot PE-CE OI Chg,,
D:\My-data\Share_P&L\Ichart Data\Screenshot\August26\2026-08-31\Daywise_Price_and_OI_Summary_29SEP26_Report_2026-08-31_120415.xlsx,True,219,Symbol,,,Open,High,Low,Close,,ATM Straddle %,ATM Straddle %,Price Chg %,OI Chg %,PCR Chg %,Tot CE OI Chg %,Tot PE OI Chg %,Tot PE-CE OI Chg,,
D:\My-data\Share_P&L\Ichart Data\Screenshot\August26\2026-08-31\Daywise_Price_and_OI_Summary_29SEP26_Report_2026-08-31_120923.xlsx,True,219,Symbol,,,Open,High,Low,Close,,ATM Straddle %,ATM Straddle %,Price Chg %,OI Chg %,PCR Chg %,Tot CE OI Chg %,Tot PE OI Chg %,Tot PE-CE OI Chg,,
D:\My-data\Share_P&L\Ichart Data\Screenshot\August26\2026-08-31\Daywise_Price_and_OI_Summary_29SEP26_Report_2026-08-31_121432.xlsx,True,219,Symbol,,,Open,High,Low,Close,,ATM Straddle %,ATM Straddle %,Price Chg %,OI Chg %,PCR Chg %,Tot CE OI Chg %,Tot PE OI Chg %,Tot PE-CE OI Chg,,
D:\My-data\Share_P&L\Ichart Data\Screenshot\August26\2026-08-31\Daywise_Price_and_OI_Summary_29SEP26_Report_2026-08-31_121941.xlsx,True,219,Symbol,,,Open,High,Low,Close,,ATM Straddle %,ATM Straddle %,Price Chg %,OI Chg %,PCR Chg %,Tot CE OI Chg %,Tot PE OI Chg %,Tot PE-CE OI Chg,,
D:\My-data\Share_P&L\Ichart Data\Screenshot\August26\2026-08-31\Daywise_Price_and_OI_Summary_29SEP26_Report_2026-08-31_122450.xlsx,True,219,Symbol,,,Open,High,Low,Close,,ATM Straddle %,ATM Straddle %,Price Chg %,OI Chg %,PCR Chg %,Tot CE OI Chg %,Tot PE OI Chg %,Tot PE-CE OI Chg,,
D:\My-data\Share_P&L\Ichart Data\Screenshot\August26\2026-08-31\Daywise_Price_and_OI_Summary_29SEP26_Report_2026-08-31_122958.xlsx,True,219,Symbol,,,Open,High,Low,Close,,ATM Straddle %,ATM Straddle %,Price Chg %,OI Chg %,PCR Chg %,Tot CE OI Chg %,Tot PE OI Chg %,Tot PE-CE OI Chg,,
D:\My-data\Share_P&L\Ichart Data\Screenshot\August26\2026-08-31\Daywise_Price_and_OI_Summary_29SEP26_Report_2026-08-31_123508.xlsx,True,219,Symbol,,,Open,High,Low,Close,,ATM Straddle %,ATM Straddle %,Price Chg %,OI Chg %,PCR Chg %,Tot CE OI Chg %,Tot PE OI Chg %,Tot PE-CE OI Chg,,
D:\My-data\Share_P&L\Ichart Data\Screenshot\August26\2026-08-31\Daywise_Price_and_OI_Summary_29SEP26_Report_2026-08-31_124016.xlsx,True,219,Symbol,,,Open,High,Low,Close,,ATM Straddle %,ATM Straddle %,Price Chg %,OI Chg %,PCR Chg %,Tot CE OI Chg %,Tot PE OI Chg %,Tot PE-CE OI Chg,,
D:\My-data\Share_P&L\Ichart Data\Screenshot\August26\2026-08-31\Daywise_Price_and_OI_Summary_29SEP26_Report_2026-08-31_124524.xlsx,True,219,Symbol,,,Open,High,Low,Close,,ATM Straddle %,ATM Straddle %,Price Chg %,OI Chg %,PCR Chg %,Tot CE OI Chg %,Tot PE OI Chg %,Tot PE-CE OI Chg,,
D:\My-data\Share_P&L\Ichart Data\Screenshot\August26\2026-08-31\Daywise_Price_and_OI_Summary_29SEP26_Report_2026-08-31_125033.xlsx,True,219,Symbol,,,Open,High,Low,Close,,ATM Straddle %,ATM Straddle %,Price Chg %,OI Chg %,PCR Chg %,Tot CE OI Chg %,Tot PE OI Chg %,Tot PE-CE OI Chg,,
D:\My-data\Share_P&L\Ichart Data\Screenshot\August26\2026-08-31\Daywise_Price_and_OI_Summary_29SEP26_Report_2026-08-31_125543.xlsx,True,219,Symbol,,,Open,High,Low,Close,,ATM Straddle %,ATM Straddle %,Price Chg %,OI Chg %,PCR Chg %,Tot CE OI Chg %,Tot PE OI Chg %,Tot PE-CE OI Chg,,
D:\My-data\Share_P&L\Ichart Data\Screenshot\August26\2026-08-31\Daywise_Price_and_OI_Summary_29SEP26_Report_2026-08-31_130134.xlsx,True,219,Symbol,,,Open,High,Low,Close,,ATM Straddle %,ATM Straddle %,Price Chg %,OI Chg %,PCR Chg %,Tot CE OI Chg %,Tot PE OI Chg %,Tot PE-CE OI Chg,,
D:\My-data\Share_P&L\Ichart Data\Screenshot\August26\2026-08-31\Daywise_Price_and_OI_Summary_29SEP26_Report_2026-08-31_130642.xlsx,True,219,Symbol,,,Open,High,Low,Close,,ATM Straddle %,ATM Straddle %,Price Chg %,OI Chg %,PCR Chg %,Tot CE OI Chg %,Tot PE OI Chg %,Tot PE-CE OI Chg,,
D:\My-data\Share_P&L\Ichart Data\Screenshot\August26\2026-08-31\Daywise_Price_and_OI_Summary_29SEP26_Report_2026-08-31_131150.xlsx,True,219,Symbol,,,Open,High,Low,Close,,ATM Straddle %,ATM Straddle %,Price Chg %,OI Chg %,PCR Chg %,Tot CE OI Chg %,Tot PE OI Chg %,Tot PE-CE OI Chg,,
D:\My-data\Share_P&L\Ichart Data\Screenshot\August26\2026-08-31\Daywise_Price_and_OI_Summary_29SEP26_Report_2026-08-31_131700.xlsx,True,219,Symbol,,,Open,High,Low,Close,,ATM Straddle %,ATM Straddle %,Price Chg %,OI Chg %,PCR Chg %,Tot CE OI Chg %,Tot PE OI Chg %,Tot PE-CE OI Chg,,
D:\My-data\Share_P&L\Ichart Data\Screenshot\August26\2026-08-31\Daywise_Price_and_OI_Summary_29SEP26_Report_2026-08-31_132209.xlsx,True,219,Symbol,,,Open,High,Low,Close,,ATM Straddle %,ATM Straddle %,Price Chg %,OI Chg %,PCR Chg %,Tot CE OI Chg %,Tot PE OI Chg %,Tot PE-CE OI Chg,,
D:\My-data\Share_P&L\Ichart Data\Screenshot\August26\2026-08-31\Daywise_Price_and_OI_Summary_29SEP26_Report_2026-08-31_132718.xlsx,True,219,Symbol,,,Open,High,Low,Close,,ATM Straddle %,ATM Straddle %,Price Chg %,OI Chg %,PCR Chg %,Tot CE OI Chg %,Tot PE OI Chg %,Tot PE-CE OI Chg,,
D:\My-data\Share_P&L\Ichart Data\Screenshot\August26\2026-08-31\Daywise_Price_and_OI_Summary_29SEP26_Report_2026-08-31_133226.xlsx,True,219,Symbol,,,Open,High,Low,Close,,ATM Straddle %,ATM Straddle %,Price Chg %,OI Chg %,PCR Chg %,Tot CE OI Chg %,Tot PE OI Chg %,Tot PE-CE OI Chg,,
D:\My-data\Share_P&L\Ichart Data\Screenshot\August26\2026-08-31\Daywise_Price_and_OI_Summary_29SEP26_Report_2026-08-31_133734.xlsx,True,219,Symbol,,,Open,High,Low,Close,,ATM Straddle %,ATM Straddle %,Price Chg %,OI Chg %,PCR Chg %,Tot CE OI Chg %,Tot PE OI Chg %,Tot PE-CE OI Chg,,
D:\My-data\Share_P&L\Ichart Data\Screenshot\August26\2026-08-31\Daywise_Price_and_OI_Summary_29SEP26_Report_2026-08-31_134243.xlsx,True,219,Symbol,,,Open,High,Low,Close,,ATM Straddle %,ATM Straddle %,Price Chg %,OI Chg %,PCR Chg %,Tot CE OI Chg %,Tot PE OI Chg %,Tot PE-CE OI Chg,,
D:\My-data\Share_P&L\Ichart Data\Screenshot\August26\2026-08-31\Daywise_Price_and_OI_Summary_29SEP26_Report_2026-08-31_134753.xlsx,True,219,Symbol,,,Open,High,Low,Close,,ATM Straddle %,ATM Straddle %,Price Chg %,OI Chg %,PCR Chg %,Tot CE OI Chg %,Tot PE OI Chg %,Tot PE-CE OI Chg,,
D:\My-data\Share_P&L\Ichart Data\Screenshot\August26\2026-08-31\Daywise_Price_and_OI_Summary_29SEP26_Report_2026-08-31_135301.xlsx,True,219,Symbol,,,Open,High,Low,Close,,ATM Straddle %,ATM Straddle %,Price Chg %,OI Chg %,PCR Chg %,Tot CE OI Chg %,Tot PE OI Chg %,Tot PE-CE OI Chg,,
D:\My-data\Share_P&L\Ichart Data\Screenshot\August26\2026-08-31\Daywise_Price_and_OI_Summary_29SEP26_Report_2026-08-31_135808.xlsx,True,219,Symbol,,,Open,High,Low,Close,,ATM Straddle %,ATM Straddle %,Price Chg %,OI Chg %,PCR Chg %,Tot CE OI Chg %,Tot PE OI Chg %,Tot PE-CE OI Chg,,
D:\My-data\Share_P&L\Ichart Data\Screenshot\August26\2026-08-31\Daywise_Price_and_OI_Summary_29SEP26_Report_2026-08-31_140317.xlsx,True,219,Symbol,,,Open,High,Low,Close,,ATM Straddle %,ATM Straddle %,Price Chg %,OI Chg %,PCR Chg %,Tot CE OI Chg %,Tot PE OI Chg %,Tot PE-CE OI Chg,,
D:\My-data\Share_P&L\Ichart Data\Screenshot\August26\2026-08-31\Daywise_Price_and_OI_Summary_29SEP26_Report_2026-08-31_140824.xlsx,True,219,Symbol,,,Open,High,Low,Close,,ATM Straddle %,ATM Straddle %,Price Chg %,OI Chg %,PCR Chg %,Tot CE OI Chg %,Tot PE OI Chg %,Tot PE-CE OI Chg,,
D:\My-data\Share_P&L\Ichart Data\Screenshot\August26\2026-08-31\Daywise_Price_and_OI_Summary_29SEP26_Report_2026-08-31_141333.xlsx,True,219,Symbol,,,Open,High,Low,Close,,ATM Straddle %,ATM Straddle %,Price Chg %,OI Chg %,PCR Chg %,Tot CE OI Chg %,Tot PE OI Chg %,Tot PE-CE OI Chg,,
D:\My-data\Share_P&L\Ichart Data\Screenshot\August26\2026-08-31\Daywise_Price_and_OI_Summary_29SEP26_Report_2026-08-31_141841.xlsx,True,219,Symbol,,,Open,High,Low,Close,,ATM Straddle %,ATM Straddle %,Price Chg %,OI Chg %,PCR Chg %,Tot CE OI Chg %,Tot PE OI Chg %,Tot PE-CE OI Chg,,
D:\My-data\Share_P&L\Ichart Data\Screenshot\August26\2026-08-31\Daywise_Price_and_OI_Summary_29SEP26_Report_2026-08-31_142350.xlsx,True,219,Symbol,,,Open,High,Low,Close,,ATM Straddle %,ATM Straddle %,Price Chg %,OI Chg %,PCR Chg %,Tot CE OI Chg %,Tot PE OI Chg %,Tot PE-CE OI Chg,,
D:\My-data\Share_P&L\Ichart Data\Screenshot\August26\2026-08-31\Daywise_Price_and_OI_Summary_29SEP26_Report_2026-08-31_142857.xlsx,True,219,Symbol,,,Open,High,Low,Close,,ATM Straddle %,ATM Straddle %,Price Chg %,OI Chg %,PCR Chg %,Tot CE OI Chg %,Tot PE OI Chg %,Tot PE-CE OI Chg,,
D:\My-data\Share_P&L\Ichart Data\Screenshot\August26\2026-08-31\Daywise_Price_and_OI_Summary_29SEP26_Report_2026-08-31_143405.xlsx,True,219,Symbol,,,Open,High,Low,Close,,ATM Straddle %,ATM Straddle %,Price Chg %,OI Chg %,PCR Chg %,Tot CE OI Chg %,Tot PE OI Chg %,Tot PE-CE OI Chg,,
D:\My-data\Share_P&L\Ichart Data\Screenshot\August26\2026-08-31\Daywise_Price_and_OI_Summary_29SEP26_Report_2026-08-31_143912.xlsx,True,219,Symbol,,,Open,High,Low,Close,,ATM Straddle %,ATM Straddle %,Price Chg %,OI Chg %,PCR Chg %,Tot CE OI Chg %,Tot PE OI Chg %,Tot PE-CE OI Chg,,
D:\My-data\Share_P&L\Ichart Data\Screenshot\August26\2026-08-31\Daywise_Price_and_OI_Summary_29SEP26_Report_2026-08-31_144420.xlsx,True,219,Symbol,,,Open,High,Low,Close,,ATM Straddle %,ATM Straddle %,Price Chg %,OI Chg %,PCR Chg %,Tot CE OI Chg %,Tot PE OI Chg %,Tot PE-CE OI Chg,,
D:\My-data\Share_P&L\Ichart Data\Screenshot\August26\2026-08-31\IVR-IVP_29SEP26_Report_2026-08-31.xlsx,True,217,,,,,,,,,,,,,,,,,,
D:\My-data\Share_P&L\Ichart Data\Screenshot\August26\2026-08-31\IVR-IVP_29SEP26_Report_2026-08-31_092519.xlsx,True,217,,,,,,,,,,,,,,,,,,
D:\My-data\Share_P&L\Ichart Data\Screenshot\August26\2026-08-31\IVR-IVP_29SEP26_Report_2026-08-31_093027.xlsx,True,217,,,,,,,,,,,,,,,,,,
D:\My-data\Share_P&L\Ichart Data\Screenshot\August26\2026-08-31\IVR-IVP_29SEP26_Report_2026-08-31_093534.xlsx,True,217,,,,,,,,,,,,,,,,,,
D:\My-data\Share_P&L\Ichart Data\Screenshot\August26\2026-08-31\IVR-IVP_29SEP26_Report_2026-08-31_094042.xlsx,True,217,,,,,,,,,,,,,,,,,,
D:\My-data\Share_P&L\Ichart Data\Screenshot\August26\2026-08-31\IVR-IVP_29SEP26_Report_2026-08-31_094550.xlsx,True,218,,,,,,,,,,,,,,,,,,
D:\My-data\Share_P&L\Ichart Data\Screenshot\August26\2026-08-31\IVR-IVP_29SEP26_Report_2026-08-31_095058.xlsx,True,218,,,,,,,,,,,,,,,,,,
D:\My-data\Share_P&L\Ichart Data\Screenshot\August26\2026-08-31\IVR-IVP_29SEP26_Report_2026-08-31_095605.xlsx,True,218,,,,,,,,,,,,,,,,,,
D:\My-data\Share_P&L\Ichart Data\Screenshot\August26\2026-08-31\IVR-IVP_29SEP26_Report_2026-08-31_100113.xlsx,True,218,,,,,,,,,,,,,,,,,,
D:\My-data\Share_P&L\Ichart Data\Screenshot\August26\2026-08-31\IVR-IVP_29SEP26_Report_2026-08-31_100621.xlsx,True,220,,,,,,,,,,,,,,,,,,
D:\My-data\Share_P&L\Ichart Data\Screenshot\August26\2026-08-31\IVR-IVP_29SEP26_Report_2026-08-31_101128.xlsx,True,220,,,,,,,,,,,,,,,,,,
D:\My-data\Share_P&L\Ichart Data\Screenshot\August26\2026-08-31\IVR-IVP_29SEP26_Report_2026-08-31_101635.xlsx,True,220,,,,,,,,,,,,,,,,,,
D:\My-data\Share_P&L\Ichart Data\Screenshot\August26\2026-08-31\IVR-IVP_29SEP26_Report_2026-08-31_102142.xlsx,True,220,,,,,,,,,,,,,,,,,,
D:\My-data\Share_P&L\Ichart Data\Screenshot\August26\2026-08-31\IVR-IVP_29SEP26_Report_2026-08-31_102650.xlsx,True,220,,,,,,,,,,,,,,,,,,
D:\My-data\Share_P&L\Ichart Data\Screenshot\August26\2026-08-31\IVR-IVP_29SEP26_Report_2026-08-31_103157.xlsx,True,220,,,,,,,,,,,,,,,,,,
D:\My-data\Share_P&L\Ichart Data\Screenshot\August26\2026-08-31\IVR-IVP_29SEP26_Report_2026-08-31_103706.xlsx,True,220,,,,,,,,,,,,,,,,,,
D:\My-data\Share_P&L\Ichart Data\Screenshot\August26\2026-08-31\IVR-IVP_29SEP26_Report_2026-08-31_104214.xlsx,True,220,,,,,,,,,,,,,,,,,,
D:\My-data\Share_P&L\Ichart Data\Screenshot\August26\2026-08-31\IVR-IVP_29SEP26_Report_2026-08-31_104722.xlsx,True,220,,,,,,,,,,,,,,,,,,
D:\My-data\Share_P&L\Ichart Data\Screenshot\August26\2026-08-31\IVR-IVP_29SEP26_Report_2026-08-31_105232.xlsx,True,220,,,,,,,,,,,,,,,,,,
D:\My-data\Share_P&L\Ichart Data\Screenshot\August26\2026-08-31\IVR-IVP_29SEP26_Report_2026-08-31_105739.xlsx,True,220,,,,,,,,,,,,,,,,,,
D:\My-data\Share_P&L\Ichart Data\Screenshot\August26\2026-08-31\IVR-IVP_29SEP26_Report_2026-08-31_110248.xlsx,True,220,,,,,,,,,,,,,,,,,,
D:\My-data\Share_P&L\Ichart Data\Screenshot\August26\2026-08-31\IVR-IVP_29SEP26_Report_2026-08-31_110757.xlsx,True,220,,,,,,,,,,,,,,,,,,
D:\My-data\Share_P&L\Ichart Data\Screenshot\August26\2026-08-31\IVR-IVP_29SEP26_Report_2026-08-31_111304.xlsx,True,220,,,,,,,,,,,,,,,,,,
D:\My-data\Share_P&L\Ichart Data\Screenshot\August26\2026-08-31\IVR-IVP_29SEP26_Report_2026-08-31_111811.xlsx,True,220,,,,,,,,,,,,,,,,,,
D:\My-data\Share_P&L\Ichart Data\Screenshot\August26\2026-08-31\IVR-IVP_29SEP26_Report_2026-08-31_112319.xlsx,True,220,,,,,,,,,,,,,,,,,,
D:\My-data\Share_P&L\Ichart Data\Screenshot\August26\2026-08-31\IVR-IVP_29SEP26_Report_2026-08-31_112826.xlsx,True,220,,,,,,,,,,,,,,,,,,
D:\My-data\Share_P&L\Ichart Data\Screenshot\August26\2026-08-31\IVR-IVP_29SEP26_Report_2026-08-31_113334.xlsx,True,220,,,,,,,,,,,,,,,,,,
D:\My-data\Share_P&L\Ichart Data\Screenshot\August26\2026-08-31\IVR-IVP_29SEP26_Report_2026-08-31_113841.xlsx,True,220,,,,,,,,,,,,,,,,,,
D:\My-data\Share_P&L\Ichart Data\Screenshot\August26\2026-08-31\IVR-IVP_29SEP26_Report_2026-08-31_114351.xlsx,True,220,,,,,,,,,,,,,,,,,,
D:\My-data\Share_P&L\Ichart Data\Screenshot\August26\2026-08-31\IVR-IVP_29SEP26_Report_2026-08-31_114857.xlsx,True,220,,,,,,,,,,,,,,,,,,
D:\My-data\Share_P&L\Ichart Data\Screenshot\August26\2026-08-31\IVR-IVP_29SEP26_Report_2026-08-31_115406.xlsx,True,220,,,,,,,,,,,,,,,,,,
D:\My-data\Share_P&L\Ichart Data\Screenshot\August26\2026-08-31\IVR-IVP_29SEP26_Report_2026-08-31_115915.xlsx,True,220,,,,,,,,,,,,,,,,,,
D:\My-data\Share_P&L\Ichart Data\Screenshot\August26\2026-08-31\IVR-IVP_29SEP26_Report_2026-08-31_120425.xlsx,True,220,,,,,,,,,,,,,,,,,,
D:\My-data\Share_P&L\Ichart Data\Screenshot\August26\2026-08-31\IVR-IVP_29SEP26_Report_2026-08-31_120933.xlsx,True,220,,,,,,,,,,,,,,,,,,
D:\My-data\Share_P&L\Ichart Data\Screenshot\August26\2026-08-31\IVR-IVP_29SEP26_Report_2026-08-31_121440.xlsx,True,220,,,,,,,,,,,,,,,,,,
D:\My-data\Share_P&L\Ichart Data\Screenshot\August26\2026-08-31\IVR-IVP_29SEP26_Report_2026-08-31_121950.xlsx,True,220,,,,,,,,,,,,,,,,,,
D:\My-data\Share_P&L\Ichart Data\Screenshot\August26\2026-08-31\IVR-IVP_29SEP26_Report_2026-08-31_122458.xlsx,True,220,,,,,,,,,,,,,,,,,,
D:\My-data\Share_P&L\Ichart Data\Screenshot\August26\2026-08-31\IVR-IVP_29SEP26_Report_2026-08-31_123007.xlsx,True,220,,,,,,,,,,,,,,,,,,
D:\My-data\Share_P&L\Ichart Data\Screenshot\August26\2026-08-31\IVR-IVP_29SEP26_Report_2026-08-31_123516.xlsx,True,220,,,,,,,,,,,,,,,,,,
D:\My-data\Share_P&L\Ichart Data\Screenshot\August26\2026-08-31\IVR-IVP_29SEP26_Report_2026-08-31_124024.xlsx,True,220,,,,,,,,,,,,,,,,,,
D:\My-data\Share_P&L\Ichart Data\Screenshot\August26\2026-08-31\IVR-IVP_29SEP26_Report_2026-08-31_124532.xlsx,True,220,,,,,,,,,,,,,,,,,,
D:\My-data\Share_P&L\Ichart Data\Screenshot\August26\2026-08-31\IVR-IVP_29SEP26_Report_2026-08-31_125041.xlsx,True,220,,,,,,,,,,,,,,,,,,
D:\My-data\Share_P&L\Ichart Data\Screenshot\August26\2026-08-31\IVR-IVP_29SEP26_Report_2026-08-31_125552.xlsx,True,220,,,,,,,,,,,,,,,,,,
D:\My-data\Share_P&L\Ichart Data\Screenshot\August26\2026-08-31\IVR-IVP_29SEP26_Report_2026-08-31_130143.xlsx,True,220,,,,,,,,,,,,,,,,,,
D:\My-data\Share_P&L\Ichart Data\Screenshot\August26\2026-08-31\IVR-IVP_29SEP26_Report_2026-08-31_130653.xlsx,True,220,,,,,,,,,,,,,,,,,,
D:\My-data\Share_P&L\Ichart Data\Screenshot\August26\2026-08-31\IVR-IVP_29SEP26_Report_2026-08-31_131202.xlsx,True,220,,,,,,,,,,,,,,,,,,
D:\My-data\Share_P&L\Ichart Data\Screenshot\August26\2026-08-31\IVR-IVP_29SEP26_Report_2026-08-31_131711.xlsx,True,220,,,,,,,,,,,,,,,,,,
D:\My-data\Share_P&L\Ichart Data\Screenshot\August26\2026-08-31\IVR-IVP_29SEP26_Report_2026-08-31_132219.xlsx,True,220,,,,,,,,,,,,,,,,,,
D:\My-data\Share_P&L\Ichart Data\Screenshot\August26\2026-08-31\IVR-IVP_29SEP26_Report_2026-08-31_132727.xlsx,True,220,,,,,,,,,,,,,,,,,,
D:\My-data\Share_P&L\Ichart Data\Screenshot\August26\2026-08-31\IVR-IVP_29SEP26_Report_2026-08-31_133237.xlsx,True,220,,,,,,,,,,,,,,,,,,
D:\My-data\Share_P&L\Ichart Data\Screenshot\August26\2026-08-31\IVR-IVP_29SEP26_Report_2026-08-31_133744.xlsx,True,220,,,,,,,,,,,,,,,,,,
D:\My-data\Share_P&L\Ichart Data\Screenshot\August26\2026-08-31\IVR-IVP_29SEP26_Report_2026-08-31_134252.xlsx,True,220,,,,,,,,,,,,,,,,,,
D:\My-data\Share_P&L\Ichart Data\Screenshot\August26\2026-08-31\IVR-IVP_29SEP26_Report_2026-08-31_134801.xlsx,True,220,,,,,,,,,,,,,,,,,,
D:\My-data\Share_P&L\Ichart Data\Screenshot\August26\2026-08-31\IVR-IVP_29SEP26_Report_2026-08-31_135310.xlsx,True,220,,,,,,,,,,,,,,,,,,
D:\My-data\Share_P&L\Ichart Data\Screenshot\August26\2026-08-31\IVR-IVP_29SEP26_Report_2026-08-31_135818.xlsx,True,220,,,,,,,,,,,,,,,,,,
D:\My-data\Share_P&L\Ichart Data\Screenshot\August26\2026-08-31\IVR-IVP_29SEP26_Report_2026-08-31_140327.xlsx,True,220,,,,,,,,,,,,,,,,,,
D:\My-data\Share_P&L\Ichart Data\Screenshot\August26\2026-08-31\IVR-IVP_29SEP26_Report_2026-08-31_140835.xlsx,True,220,,,,,,,,,,,,,,,,,,
D:\My-data\Share_P&L\Ichart Data\Screenshot\August26\2026-08-31\IVR-IVP_29SEP26_Report_2026-08-31_141344.xlsx,True,220,,,,,,,,,,,,,,,,,,
D:\My-data\Share_P&L\Ichart Data\Screenshot\August26\2026-08-31\IVR-IVP_29SEP26_Report_2026-08-31_141851.xlsx,True,220,,,,,,,,,,,,,,,,,,
D:\My-data\Share_P&L\Ichart Data\Screenshot\August26\2026-08-31\IVR-IVP_29SEP26_Report_2026-08-31_142400.xlsx,True,220,,,,,,,,,,,,,,,,,,
D:\My-data\Share_P&L\Ichart Data\Screenshot\August26\2026-08-31\IVR-IVP_29SEP26_Report_2026-08-31_142907.xlsx,True,220,,,,,,,,,,,,,,,,,,
D:\My-data\Share_P&L\Ichart Data\Screenshot\August26\2026-08-31\IVR-IVP_29SEP26_Report_2026-08-31_143415.xlsx,True,220,,,,,,,,,,,,,,,,,,
D:\My-data\Share_P&L\Ichart Data\Screenshot\August26\2026-08-31\IVR-IVP_29SEP26_Report_2026-08-31_143923.xlsx,True,220,,,,,,,,,,,,,,,,,,
D:\My-data\Share_P&L\Ichart Data\Screenshot\August26\2026-08-31\IVR-IVP_29SEP26_Report_2026-08-31_144431.xlsx,True,220,,,,,,,,,,,,,,,,,,
D:\My-data\Share_P&L\Ichart Data\Screenshot\August26\2026-08-31\Resistance_Resistance_29SEP26_Scan_31_8_2026.xlsx,True,86,Symbol,,,,,,,Price,,,Price Chg%,,,,,,,
D:\My-data\Share_P&L\Ichart Data\Screenshot\August26\2026-08-31\Resistance_Resistance_29SEP26_Scan_31_8_2026_092552.xlsx,True,89,Symbol,,,,,,,Price,,,Price Chg%,,,,,,,
D:\My-data\Share_P&L\Ichart Data\Screenshot\August26\2026-08-31\Resistance_Resistance_29SEP26_Scan_31_8_2026_093103.xlsx,True,87,Symbol,,,,,,,Price,,,Price Chg%,,,,,,,
D:\My-data\Share_P&L\Ichart Data\Screenshot\August26\2026-08-31\Resistance_Resistance_29SEP26_Scan_31_8_2026_093613.xlsx,True,86,Symbol,,,,,,,Price,,,Price Chg%,,,,,,,
D:\My-data\Share_P&L\Ichart Data\Screenshot\August26\2026-08-31\Resistance_Resistance_29SEP26_Scan_31_8_2026_094123.xlsx,True,83,Symbol,,,,,,,Price,,,Price Chg%,,,,,,,
D:\My-data\Share_P&L\Ichart Data\Screenshot\August26\2026-08-31\Resistance_Resistance_29SEP26_Scan_31_8_2026_094632.xlsx,True,80,Symbol,,,,,,,Price,,,Price Chg%,,,,,,,
D:\My-data\Share_P&L\Ichart Data\Screenshot\August26\2026-08-31\Resistance_Resistance_29SEP26_Scan_31_8_2026_095142.xlsx,True,79,Symbol,,,,,,,Price,,,Price Chg%,,,,,,,
D:\My-data\Share_P&L\Ichart Data\Screenshot\August26\2026-08-31\Resistance_Resistance_29SEP26_Scan_31_8_2026_095653.xlsx,True,81,Symbol,,,,,,,Price,,,Price Chg%,,,,,,,
D:\My-data\Share_P&L\Ichart Data\Screenshot\August26\2026-08-31\Resistance_Resistance_29SEP26_Scan_31_8_2026_100202.xlsx,True,87,Symbol,,,,,,,Price,,,Price Chg%,,,,,,,
D:\My-data\Share_P&L\Ichart Data\Screenshot\August26\2026-08-31\Resistance_Resistance_29SEP26_Scan_31_8_2026_100712.xlsx,True,85,Symbol,,,,,,,Price,,,Price Chg%,,,,,,,
D:\My-data\Share_P&L\Ichart Data\Screenshot\August26\2026-08-31\Resistance_Resistance_29SEP26_Scan_31_8_2026_101223.xlsx,True,86,Symbol,,,,,,,Price,,,Price Chg%,,,,,,,
D:\My-data\Share_P&L\Ichart Data\Screenshot\August26\2026-08-31\Resistance_Resistance_29SEP26_Scan_31_8_2026_101733.xlsx,True,84,Symbol,,,,,,,Price,,,Price Chg%,,,,,,,
D:\My-data\Share_P&L\Ichart Data\Screenshot\August26\2026-08-31\Resistance_Resistance_29SEP26_Scan_31_8_2026_102243.xlsx,True,85,Symbol,,,,,,,Price,,,Price Chg%,,,,,,,
D:\My-data\Share_P&L\Ichart Data\Screenshot\August26\2026-08-31\Resistance_Resistance_29SEP26_Scan_31_8_2026_102752.xlsx,True,87,Symbol,,,,,,,Price,,,Price Chg%,,,,,,,
D:\My-data\Share_P&L\Ichart Data\Screenshot\August26\2026-08-31\Resistance_Resistance_29SEP26_Scan_31_8_2026_103301.xlsx,True,87,Symbol,,,,,,,Price,,,Price Chg%,,,,,,,
D:\My-data\Share_P&L\Ichart Data\Screenshot\August26\2026-08-31\Resistance_Resistance_29SEP26_Scan_31_8_2026_103811.xlsx,True,83,Symbol,,,,,,,Price,,,Price Chg%,,,,,,,
D:\My-data\Share_P&L\Ichart Data\Screenshot\August26\2026-08-31\Resistance_Resistance_29SEP26_Scan_31_8_2026_104321.xlsx,True,80,Symbol,,,,,,,Price,,,Price Chg%,,,,,,,
D:\My-data\Share_P&L\Ichart Data\Screenshot\August26\2026-08-31\Resistance_Resistance_29SEP26_Scan_31_8_2026_104831.xlsx,True,85,Symbol,,,,,,,Price,,,Price Chg%,,,,,,,
D:\My-data\Share_P&L\Ichart Data\Screenshot\August26\2026-08-31\Resistance_Resistance_29SEP26_Scan_31_8_2026_105340.xlsx,True,84,Symbol,,,,,,,Price,,,Price Chg%,,,,,,,
D:\My-data\Share_P&L\Ichart Data\Screenshot\August26\2026-08-31\Resistance_Resistance_29SEP26_Scan_31_8_2026_105850.xlsx,True,85,Symbol,,,,,,,Price,,,Price Chg%,,,,,,,
D:\My-data\Share_P&L\Ichart Data\Screenshot\August26\2026-08-31\Resistance_Resistance_29SEP26_Scan_31_8_2026_110400.xlsx,True,84,Symbol,,,,,,,Price,,,Price Chg%,,,,,,,
D:\My-data\Share_P&L\Ichart Data\Screenshot\August26\2026-08-31\Resistance_Resistance_29SEP26_Scan_31_8_2026_110911.xlsx,True,85,Symbol,,,,,,,Price,,,Price Chg%,,,,,,,
D:\My-data\Share_P&L\Ichart Data\Screenshot\August26\2026-08-31\Resistance_Resistance_29SEP26_Scan_31_8_2026_111420.xlsx,True,84,Symbol,,,,,,,Price,,,Price Chg%,,,,,,,
D:\My-data\Share_P&L\Ichart Data\Screenshot\August26\2026-08-31\Resistance_Resistance_29SEP26_Scan_31_8_2026_111931.xlsx,True,85,Symbol,,,,,,,Price,,,Price Chg%,,,,,,,
D:\My-data\Share_P&L\Ichart Data\Screenshot\August26\2026-08-31\Resistance_Resistance_29SEP26_Scan_31_8_2026_112441.xlsx,True,85,Symbol,,,,,,,Price,,,Price Chg%,,,,,,,
D:\My-data\Share_P&L\Ichart Data\Screenshot\August26\2026-08-31\Resistance_Resistance_29SEP26_Scan_31_8_2026_112951.xlsx,True,85,Symbol,,,,,,,Price,,,Price Chg%,,,,,,,
D:\My-data\Share_P&L\Ichart Data\Screenshot\August26\2026-08-31\Resistance_Resistance_29SEP26_Scan_31_8_2026_113500.xlsx,True,84,Symbol,,,,,,,Price,,,Price Chg%,,,,,,,
D:\My-data\Share_P&L\Ichart Data\Screenshot\August26\2026-08-31\Resistance_Resistance_29SEP26_Scan_31_8_2026_114010.xlsx,True,85,Symbol,,,,,,,Price,,,Price Chg%,,,,,,,
D:\My-data\Share_P&L\Ichart Data\Screenshot\August26\2026-08-31\Resistance_Resistance_29SEP26_Scan_31_8_2026_114519.xlsx,True,87,Symbol,,,,,,,Price,,,Price Chg%,,,,,,,
D:\My-data\Share_P&L\Ichart Data\Screenshot\August26\2026-08-31\Resistance_Resistance_29SEP26_Scan_31_8_2026_115030.xlsx,True,89,Symbol,,,,,,,Price,,,Price Chg%,,,,,,,
D:\My-data\Share_P&L\Ichart Data\Screenshot\August26\2026-08-31\Resistance_Resistance_29SEP26_Scan_31_8_2026_115539.xlsx,True,93,Symbol,,,,,,,Price,,,Price Chg%,,,,,,,
D:\My-data\Share_P&L\Ichart Data\Screenshot\August26\2026-08-31\Resistance_Resistance_29SEP26_Scan_31_8_2026_120049.xlsx,True,95,Symbol,,,,,,,Price,,,Price Chg%,,,,,,,
D:\My-data\Share_P&L\Ichart Data\Screenshot\August26\2026-08-31\Resistance_Resistance_29SEP26_Scan_31_8_2026_120558.xlsx,True,98,Symbol,,,,,,,Price,,,Price Chg%,,,,,,,
D:\My-data\Share_P&L\Ichart Data\Screenshot\August26\2026-08-31\Resistance_Resistance_29SEP26_Scan_31_8_2026_121109.xlsx,True,97,Symbol,,,,,,,Price,,,Price Chg%,,,,,,,
D:\My-data\Share_P&L\Ichart Data\Screenshot\August26\2026-08-31\Resistance_Resistance_29SEP26_Scan_31_8_2026_121619.xlsx,True,97,Symbol,,,,,,,Price,,,Price Chg%,,,,,,,
D:\My-data\Share_P&L\Ichart Data\Screenshot\August26\2026-08-31\Resistance_Resistance_29SEP26_Scan_31_8_2026_122129.xlsx,True,101,Symbol,,,,,,,Price,,,Price Chg%,,,,,,,
D:\My-data\Share_P&L\Ichart Data\Screenshot\August26\2026-08-31\Resistance_Resistance_29SEP26_Scan_31_8_2026_122639.xlsx,True,99,Symbol,,,,,,,Price,,,Price Chg%,,,,,,,
D:\My-data\Share_P&L\Ichart Data\Screenshot\August26\2026-08-31\Resistance_Resistance_29SEP26_Scan_31_8_2026_123148.xlsx,True,101,Symbol,,,,,,,Price,,,Price Chg%,,,,,,,
D:\My-data\Share_P&L\Ichart Data\Screenshot\August26\2026-08-31\Resistance_Resistance_29SEP26_Scan_31_8_2026_123657.xlsx,True,102,Symbol,,,,,,,Price,,,Price Chg%,,,,,,,
D:\My-data\Share_P&L\Ichart Data\Screenshot\August26\2026-08-31\Resistance_Resistance_29SEP26_Scan_31_8_2026_124206.xlsx,True,104,Symbol,,,,,,,Price,,,Price Chg%,,,,,,,
D:\My-data\Share_P&L\Ichart Data\Screenshot\August26\2026-08-31\Resistance_Resistance_29SEP26_Scan_31_8_2026_124716.xlsx,True,104,Symbol,,,,,,,Price,,,Price Chg%,,,,,,,
D:\My-data\Share_P&L\Ichart Data\Screenshot\August26\2026-08-31\Resistance_Resistance_29SEP26_Scan_31_8_2026_125226.xlsx,True,105,Symbol,,,,,,,Price,,,Price Chg%,,,,,,,
D:\My-data\Share_P&L\Ichart Data\Screenshot\August26\2026-08-31\Resistance_Resistance_29SEP26_Scan_31_8_2026_125735.xlsx,True,102,Symbol,,,,,,,Price,,,Price Chg%,,,,,,,
D:\My-data\Share_P&L\Ichart Data\Screenshot\August26\2026-08-31\Resistance_Resistance_29SEP26_Scan_31_8_2026_130909.xlsx,True,99,Symbol,,,,,,,Price,,,Price Chg%,,,,,,,
D:\My-data\Share_P&L\Ichart Data\Screenshot\August26\2026-08-31\Resistance_Resistance_29SEP26_Scan_31_8_2026_131418.xlsx,True,99,Symbol,,,,,,,Price,,,Price Chg%,,,,,,,
D:\My-data\Share_P&L\Ichart Data\Screenshot\August26\2026-08-31\Resistance_Resistance_29SEP26_Scan_31_8_2026_131929.xlsx,True,100,Symbol,,,,,,,Price,,,Price Chg%,,,,,,,
D:\My-data\Share_P&L\Ichart Data\Screenshot\August26\2026-08-31\Resistance_Resistance_29SEP26_Scan_31_8_2026_132439.xlsx,True,99,Symbol,,,,,,,Price,,,Price Chg%,,,,,,,
D:\My-data\Share_P&L\Ichart Data\Screenshot\August26\2026-08-31\Resistance_Resistance_29SEP26_Scan_31_8_2026_132949.xlsx,True,97,Symbol,,,,,,,Price,,,Price Chg%,,,,,,,
D:\My-data\Share_P&L\Ichart Data\Screenshot\August26\2026-08-31\Resistance_Resistance_29SEP26_Scan_31_8_2026_133459.xlsx,True,97,Symbol,,,,,,,Price,,,Price Chg%,,,,,,,
D:\My-data\Share_P&L\Ichart Data\Screenshot\August26\2026-08-31\Resistance_Resistance_29SEP26_Scan_31_8_2026_134009.xlsx,True,97,Symbol,,,,,,,Price,,,Price Chg%,,,,,,,
D:\My-data\Share_P&L\Ichart Data\Screenshot\August26\2026-08-31\Resistance_Resistance_29SEP26_Scan_31_8_2026_134519.xlsx,True,98,Symbol,,,,,,,Price,,,Price Chg%,,,,,,,
D:\My-data\Share_P&L\Ichart Data\Screenshot\August26\2026-08-31\Resistance_Resistance_29SEP26_Scan_31_8_2026_135030.xlsx,True,97,Symbol,,,,,,,Price,,,Price Chg%,,,,,,,
D:\My-data\Share_P&L\Ichart Data\Screenshot\August26\2026-08-31\Resistance_Resistance_29SEP26_Scan_31_8_2026_135541.xlsx,True,97,Symbol,,,,,,,Price,,,Price Chg%,,,,,,,
D:\My-data\Share_P&L\Ichart Data\Screenshot\August26\2026-08-31\Resistance_Resistance_29SEP26_Scan_31_8_2026_140050.xlsx,True,94,Symbol,,,,,,,Price,,,Price Chg%,,,,,,,
D:\My-data\Share_P&L\Ichart Data\Screenshot\August26\2026-08-31\Resistance_Resistance_29SEP26_Scan_31_8_2026_140559.xlsx,True,94,Symbol,,,,,,,Price,,,Price Chg%,,,,,,,
D:\My-data\Share_P&L\Ichart Data\Screenshot\August26\2026-08-31\Resistance_Resistance_29SEP26_Scan_31_8_2026_141109.xlsx,True,91,Symbol,,,,,,,Price,,,Price Chg%,,,,,,,
D:\My-data\Share_P&L\Ichart Data\Screenshot\August26\2026-08-31\Resistance_Resistance_29SEP26_Scan_31_8_2026_141619.xlsx,True,89,Symbol,,,,,,,Price,,,Price Chg%,,,,,,,
D:\My-data\Share_P&L\Ichart Data\Screenshot\August26\2026-08-31\Resistance_Resistance_29SEP26_Scan_31_8_2026_142129.xlsx,True,88,Symbol,,,,,,,Price,,,Price Chg%,,,,,,,
D:\My-data\Share_P&L\Ichart Data\Screenshot\August26\2026-08-31\Resistance_Resistance_29SEP26_Scan_31_8_2026_142639.xlsx,True,86,Symbol,,,,,,,Price,,,Price Chg%,,,,,,,
D:\My-data\Share_P&L\Ichart Data\Screenshot\August26\2026-08-31\Resistance_Resistance_29SEP26_Scan_31_8_2026_143149.xlsx,True,87,Symbol,,,,,,,Price,,,Price Chg%,,,,,,,
D:\My-data\Share_P&L\Ichart Data\Screenshot\August26\2026-08-31\Resistance_Resistance_29SEP26_Scan_31_8_2026_143658.xlsx,True,89,Symbol,,,,,,,Price,,,Price Chg%,,,,,,,
D:\My-data\Share_P&L\Ichart Data\Screenshot\August26\2026-08-31\Resistance_Resistance_29SEP26_Scan_31_8_2026_144208.xlsx,True,92,Symbol,,,,,,,Price,,,Price Chg%,,,,,,,
D:\My-data\Share_P&L\Ichart Data\Screenshot\August26\2026-08-31\Sector_Summary_29SEP26_Report_31_8_2026.xlsx,True,49,,,,,,,,,,,Price chg (%),OI chg (%),,,,,Volume chg (%),Buildup
D:\My-data\Share_P&L\Ichart Data\Screenshot\August26\2026-08-31\Sector_Summary_29SEP26_Report_31_8_2026_092526.xlsx,True,49,,,,,,,,,,,Price chg (%),OI chg (%),,,,,Volume chg (%),Buildup
D:\My-data\Share_P&L\Ichart Data\Screenshot\August26\2026-08-31\Sector_Summary_29SEP26_Report_31_8_2026_093033.xlsx,True,48,,,,,,,,,,,Price chg (%),OI chg (%),,,,,Volume chg (%),Buildup
D:\My-data\Share_P&L\Ichart Data\Screenshot\August26\2026-08-31\Sector_Summary_29SEP26_Report_31_8_2026_093541.xlsx,True,49,,,,,,,,,,,Price chg (%),OI chg (%),,,,,Volume chg (%),Buildup
D:\My-data\Share_P&L\Ichart Data\Screenshot\August26\2026-08-31\Sector_Summary_29SEP26_Report_31_8_2026_094049.xlsx,True,49,,,,,,,,,,,Price chg (%),OI chg (%),,,,,Volume chg (%),Buildup
D:\My-data\Share_P&L\Ichart Data\Screenshot\August26\2026-08-31\Sector_Summary_29SEP26_Report_31_8_2026_094557.xlsx,True,48,,,,,,,,,,,Price chg (%),OI chg (%),,,,,Volume chg (%),Buildup
D:\My-data\Share_P&L\Ichart Data\Screenshot\August26\2026-08-31\Sector_Summary_29SEP26_Report_31_8_2026_095105.xlsx,True,49,,,,,,,,,,,Price chg (%),OI chg (%),,,,,Volume chg (%),Buildup
D:\My-data\Share_P&L\Ichart Data\Screenshot\August26\2026-08-31\Sector_Summary_29SEP26_Report_31_8_2026_095612.xlsx,True,49,,,,,,,,,,,Price chg (%),OI chg (%),,,,,Volume chg (%),Buildup
D:\My-data\Share_P&L\Ichart Data\Screenshot\August26\2026-08-31\Sector_Summary_29SEP26_Report_31_8_2026_100120.xlsx,True,49,,,,,,,,,,,Price chg (%),OI chg (%),,,,,Volume chg (%),Buildup
D:\My-data\Share_P&L\Ichart Data\Screenshot\August26\2026-08-31\Sector_Summary_29SEP26_Report_31_8_2026_100628.xlsx,True,49,,,,,,,,,,,Price chg (%),OI chg (%),,,,,Volume chg (%),Buildup
D:\My-data\Share_P&L\Ichart Data\Screenshot\August26\2026-08-31\Sector_Summary_29SEP26_Report_31_8_2026_101135.xlsx,True,46,,,,,,,,,,,Price chg (%),OI chg (%),,,,,Volume chg (%),Buildup
D:\My-data\Share_P&L\Ichart Data\Screenshot\August26\2026-08-31\Sector_Summary_29SEP26_Report_31_8_2026_101641.xlsx,True,49,,,,,,,,,,,Price chg (%),OI chg (%),,,,,Volume chg (%),Buildup
D:\My-data\Share_P&L\Ichart Data\Screenshot\August26\2026-08-31\Sector_Summary_29SEP26_Report_31_8_2026_102149.xlsx,True,49,,,,,,,,,,,Price chg (%),OI chg (%),,,,,Volume chg (%),Buildup
D:\My-data\Share_P&L\Ichart Data\Screenshot\August26\2026-08-31\Sector_Summary_29SEP26_Report_31_8_2026_102656.xlsx,True,48,,,,,,,,,,,Price chg (%),OI chg (%),,,,,Volume chg (%),Buildup
D:\My-data\Share_P&L\Ichart Data\Screenshot\August26\2026-08-31\Sector_Summary_29SEP26_Report_31_8_2026_103204.xlsx,True,49,,,,,,,,,,,Price chg (%),OI chg (%),,,,,Volume chg (%),Buildup
D:\My-data\Share_P&L\Ichart Data\Screenshot\August26\2026-08-31\Sector_Summary_29SEP26_Report_31_8_2026_103713.xlsx,True,49,,,,,,,,,,,Price chg (%),OI chg (%),,,,,Volume chg (%),Buildup
D:\My-data\Share_P&L\Ichart Data\Screenshot\August26\2026-08-31\Sector_Summary_29SEP26_Report_31_8_2026_104220.xlsx,True,49,,,,,,,,,,,Price chg (%),OI chg (%),,,,,Volume chg (%),Buildup
D:\My-data\Share_P&L\Ichart Data\Screenshot\August26\2026-08-31\Sector_Summary_29SEP26_Report_31_8_2026_104729.xlsx,True,49,,,,,,,,,,,Price chg (%),OI chg (%),,,,,Volume chg (%),Buildup
D:\My-data\Share_P&L\Ichart Data\Screenshot\August26\2026-08-31\Sector_Summary_29SEP26_Report_31_8_2026_105238.xlsx,True,49,,,,,,,,,,,Price chg (%),OI chg (%),,,,,Volume chg (%),Buildup
D:\My-data\Share_P&L\Ichart Data\Screenshot\August26\2026-08-31\Sector_Summary_29SEP26_Report_31_8_2026_105746.xlsx,True,48,,,,,,,,,,,Price chg (%),OI chg (%),,,,,Volume chg (%),Buildup
D:\My-data\Share_P&L\Ichart Data\Screenshot\August26\2026-08-31\Sector_Summary_29SEP26_Report_31_8_2026_110254.xlsx,True,49,,,,,,,,,,,Price chg (%),OI chg (%),,,,,Volume chg (%),Buildup
D:\My-data\Share_P&L\Ichart Data\Screenshot\August26\2026-08-31\Sector_Summary_29SEP26_Report_31_8_2026_110803.xlsx,True,49,,,,,,,,,,,Price chg (%),OI chg (%),,,,,Volume chg (%),Buildup
D:\My-data\Share_P&L\Ichart Data\Screenshot\August26\2026-08-31\Sector_Summary_29SEP26_Report_31_8_2026_111311.xlsx,True,49,,,,,,,,,,,Price chg (%),OI chg (%),,,,,Volume chg (%),Buildup
D:\My-data\Share_P&L\Ichart Data\Screenshot\August26\2026-08-31\Sector_Summary_29SEP26_Report_31_8_2026_111818.xlsx,True,49,,,,,,,,,,,Price chg (%),OI chg (%),,,,,Volume chg (%),Buildup
D:\My-data\Share_P&L\Ichart Data\Screenshot\August26\2026-08-31\Sector_Summary_29SEP26_Report_31_8_2026_112326.xlsx,True,49,,,,,,,,,,,Price chg (%),OI chg (%),,,,,Volume chg (%),Buildup
D:\My-data\Share_P&L\Ichart Data\Screenshot\August26\2026-08-31\Sector_Summary_29SEP26_Report_31_8_2026_112833.xlsx,True,48,,,,,,,,,,,Price chg (%),OI chg (%),,,,,Volume chg (%),Buildup
D:\My-data\Share_P&L\Ichart Data\Screenshot\August26\2026-08-31\Sector_Summary_29SEP26_Report_31_8_2026_113341.xlsx,True,49,,,,,,,,,,,Price chg (%),OI chg (%),,,,,Volume chg (%),Buildup
D:\My-data\Share_P&L\Ichart Data\Screenshot\August26\2026-08-31\Sector_Summary_29SEP26_Report_31_8_2026_113849.xlsx,True,49,,,,,,,,,,,Price chg (%),OI chg (%),,,,,Volume chg (%),Buildup
D:\My-data\Share_P&L\Ichart Data\Screenshot\August26\2026-08-31\Sector_Summary_29SEP26_Report_31_8_2026_114358.xlsx,True,49,,,,,,,,,,,Price chg (%),OI chg (%),,,,,Volume chg (%),Buildup
D:\My-data\Share_P&L\Ichart Data\Screenshot\August26\2026-08-31\Sector_Summary_29SEP26_Report_31_8_2026_114905.xlsx,True,48,,,,,,,,,,,Price chg (%),OI chg (%),,,,,Volume chg (%),Buildup
D:\My-data\Share_P&L\Ichart Data\Screenshot\August26\2026-08-31\Sector_Summary_29SEP26_Report_31_8_2026_115413.xlsx,True,49,,,,,,,,,,,Price chg (%),OI chg (%),,,,,Volume chg (%),Buildup
D:\My-data\Share_P&L\Ichart Data\Screenshot\August26\2026-08-31\Sector_Summary_29SEP26_Report_31_8_2026_115922.xlsx,True,49,,,,,,,,,,,Price chg (%),OI chg (%),,,,,Volume chg (%),Buildup
D:\My-data\Share_P&L\Ichart Data\Screenshot\August26\2026-08-31\Sector_Summary_29SEP26_Report_31_8_2026_120432.xlsx,True,49,,,,,,,,,,,Price chg (%),OI chg (%),,,,,Volume chg (%),Buildup
D:\My-data\Share_P&L\Ichart Data\Screenshot\August26\2026-08-31\Sector_Summary_29SEP26_Report_31_8_2026_120940.xlsx,True,49,,,,,,,,,,,Price chg (%),OI chg (%),,,,,Volume chg (%),Buildup
D:\My-data\Share_P&L\Ichart Data\Screenshot\August26\2026-08-31\Sector_Summary_29SEP26_Report_31_8_2026_121447.xlsx,True,49,,,,,,,,,,,Price chg (%),OI chg (%),,,,,Volume chg (%),Buildup
D:\My-data\Share_P&L\Ichart Data\Screenshot\August26\2026-08-31\Sector_Summary_29SEP26_Report_31_8_2026_121957.xlsx,True,48,,,,,,,,,,,Price chg (%),OI chg (%),,,,,Volume chg (%),Buildup
D:\My-data\Share_P&L\Ichart Data\Screenshot\August26\2026-08-31\Sector_Summary_29SEP26_Report_31_8_2026_122506.xlsx,True,49,,,,,,,,,,,Price chg (%),OI chg (%),,,,,Volume chg (%),Buildup
D:\My-data\Share_P&L\Ichart Data\Screenshot\August26\2026-08-31\Sector_Summary_29SEP26_Report_31_8_2026_123015.xlsx,True,49,,,,,,,,,,,Price chg (%),OI chg (%),,,,,Volume chg (%),Buildup
D:\My-data\Share_P&L\Ichart Data\Screenshot\August26\2026-08-31\Sector_Summary_29SEP26_Report_31_8_2026_123523.xlsx,True,49,,,,,,,,,,,Price chg (%),OI chg (%),,,,,Volume chg (%),Buildup
D:\My-data\Share_P&L\Ichart Data\Screenshot\August26\2026-08-31\Sector_Summary_29SEP26_Report_31_8_2026_124031.xlsx,True,49,,,,,,,,,,,Price chg (%),OI chg (%),,,,,Volume chg (%),Buildup
D:\My-data\Share_P&L\Ichart Data\Screenshot\August26\2026-08-31\Sector_Summary_29SEP26_Report_31_8_2026_124539.xlsx,True,49,,,,,,,,,,,Price chg (%),OI chg (%),,,,,Volume chg (%),Buildup
D:\My-data\Share_P&L\Ichart Data\Screenshot\August26\2026-08-31\Sector_Summary_29SEP26_Report_31_8_2026_125048.xlsx,True,49,,,,,,,,,,,Price chg (%),OI chg (%),,,,,Volume chg (%),Buildup
D:\My-data\Share_P&L\Ichart Data\Screenshot\August26\2026-08-31\Sector_Summary_29SEP26_Report_31_8_2026_125559.xlsx,True,49,,,,,,,,,,,Price chg (%),OI chg (%),,,,,Volume chg (%),Buildup
D:\My-data\Share_P&L\Ichart Data\Screenshot\August26\2026-08-31\Sector_Summary_29SEP26_Report_31_8_2026_130150.xlsx,True,49,,,,,,,,,,,Price chg (%),OI chg (%),,,,,Volume chg (%),Buildup
D:\My-data\Share_P&L\Ichart Data\Screenshot\August26\2026-08-31\Sector_Summary_29SEP26_Report_31_8_2026_130700.xlsx,True,48,,,,,,,,,,,Price chg (%),OI chg (%),,,,,Volume chg (%),Buildup
D:\My-data\Share_P&L\Ichart Data\Screenshot\August26\2026-08-31\Sector_Summary_29SEP26_Report_31_8_2026_131209.xlsx,True,49,,,,,,,,,,,Price chg (%),OI chg (%),,,,,Volume chg (%),Buildup
D:\My-data\Share_P&L\Ichart Data\Screenshot\August26\2026-08-31\Sector_Summary_29SEP26_Report_31_8_2026_131718.xlsx,True,49,,,,,,,,,,,Price chg (%),OI chg (%),,,,,Volume chg (%),Buildup
D:\My-data\Share_P&L\Ichart Data\Screenshot\August26\2026-08-31\Sector_Summary_29SEP26_Report_31_8_2026_132225.xlsx,True,48,,,,,,,,,,,Price chg (%),OI chg (%),,,,,Volume chg (%),Buildup
D:\My-data\Share_P&L\Ichart Data\Screenshot\August26\2026-08-31\Sector_Summary_29SEP26_Report_31_8_2026_132734.xlsx,True,49,,,,,,,,,,,Price chg (%),OI chg (%),,,,,Volume chg (%),Buildup
D:\My-data\Share_P&L\Ichart Data\Screenshot\August26\2026-08-31\Sector_Summary_29SEP26_Report_31_8_2026_133244.xlsx,True,48,,,,,,,,,,,Price chg (%),OI chg (%),,,,,Volume chg (%),Buildup
D:\My-data\Share_P&L\Ichart Data\Screenshot\August26\2026-08-31\Sector_Summary_29SEP26_Report_31_8_2026_133751.xlsx,True,47,,,,,,,,,,,Price chg (%),OI chg (%),,,,,Volume chg (%),Buildup
D:\My-data\Share_P&L\Ichart Data\Screenshot\August26\2026-08-31\Sector_Summary_29SEP26_Report_31_8_2026_134300.xlsx,True,49,,,,,,,,,,,Price chg (%),OI chg (%),,,,,Volume chg (%),Buildup
D:\My-data\Share_P&L\Ichart Data\Screenshot\August26\2026-08-31\Sector_Summary_29SEP26_Report_31_8_2026_134808.xlsx,True,49,,,,,,,,,,,Price chg (%),OI chg (%),,,,,Volume chg (%),Buildup
D:\My-data\Share_P&L\Ichart Data\Screenshot\August26\2026-08-31\Sector_Summary_29SEP26_Report_31_8_2026_135317.xlsx,True,48,,,,,,,,,,,Price chg (%),OI chg (%),,,,,Volume chg (%),Buildup
D:\My-data\Share_P&L\Ichart Data\Screenshot\August26\2026-08-31\Sector_Summary_29SEP26_Report_31_8_2026_135825.xlsx,True,48,,,,,,,,,,,Price chg (%),OI chg (%),,,,,Volume chg (%),Buildup
D:\My-data\Share_P&L\Ichart Data\Screenshot\August26\2026-08-31\Sector_Summary_29SEP26_Report_31_8_2026_140334.xlsx,True,48,,,,,,,,,,,Price chg (%),OI chg (%),,,,,Volume chg (%),Buildup
D:\My-data\Share_P&L\Ichart Data\Screenshot\August26\2026-08-31\Sector_Summary_29SEP26_Report_31_8_2026_140842.xlsx,True,49,,,,,,,,,,,Price chg (%),OI chg (%),,,,,Volume chg (%),Buildup
D:\My-data\Share_P&L\Ichart Data\Screenshot\August26\2026-08-31\Sector_Summary_29SEP26_Report_31_8_2026_141350.xlsx,True,49,,,,,,,,,,,Price chg (%),OI chg (%),,,,,Volume chg (%),Buildup
D:\My-data\Share_P&L\Ichart Data\Screenshot\August26\2026-08-31\Sector_Summary_29SEP26_Report_31_8_2026_141858.xlsx,True,48,,,,,,,,,,,Price chg (%),OI chg (%),,,,,Volume chg (%),Buildup
D:\My-data\Share_P&L\Ichart Data\Screenshot\August26\2026-08-31\Sector_Summary_29SEP26_Report_31_8_2026_142407.xlsx,True,48,,,,,,,,,,,Price chg (%),OI chg (%),,,,,Volume chg (%),Buildup
D:\My-data\Share_P&L\Ichart Data\Screenshot\August26\2026-08-31\Sector_Summary_29SEP26_Report_31_8_2026_142914.xlsx,True,49,,,,,,,,,,,Price chg (%),OI chg (%),,,,,Volume chg (%),Buildup
D:\My-data\Share_P&L\Ichart Data\Screenshot\August26\2026-08-31\Sector_Summary_29SEP26_Report_31_8_2026_143422.xlsx,True,48,,,,,,,,,,,Price chg (%),OI chg (%),,,,,Volume chg (%),Buildup
D:\My-data\Share_P&L\Ichart Data\Screenshot\August26\2026-08-31\Sector_Summary_29SEP26_Report_31_8_2026_143930.xlsx,True,49,,,,,,,,,,,Price chg (%),OI chg (%),,,,,Volume chg (%),Buildup
D:\My-data\Share_P&L\Ichart Data\Screenshot\August26\2026-08-31\Sector_Summary_29SEP26_Report_31_8_2026_144438.xlsx,True,48,,,,,,,,,,,Price chg (%),OI chg (%),,,,,Volume chg (%),Buildup
D:\My-data\Share_P&L\Ichart Data\Screenshot\August26\2026-08-31\Support_Resistance_29SEP26_Scan_31_8_2026.xlsx,True,137,Symbol,,,,,,,Price,,,Price Chg%,,,,,,,
D:\My-data\Share_P&L\Ichart Data\Screenshot\August26\2026-08-31\Support_Resistance_29SEP26_Scan_31_8_2026_092542.xlsx,True,134,Symbol,,,,,,,Price,,,Price Chg%,,,,,,,
D:\My-data\Share_P&L\Ichart Data\Screenshot\August26\2026-08-31\Support_Resistance_29SEP26_Scan_31_8_2026_093052.xlsx,True,135,Symbol,,,,,,,Price,,,Price Chg%,,,,,,,
D:\My-data\Share_P&L\Ichart Data\Screenshot\August26\2026-08-31\Support_Resistance_29SEP26_Scan_31_8_2026_093601.xlsx,True,132,Symbol,,,,,,,Price,,,Price Chg%,,,,,,,
D:\My-data\Share_P&L\Ichart Data\Screenshot\August26\2026-08-31\Support_Resistance_29SEP26_Scan_31_8_2026_094112.xlsx,True,130,Symbol,,,,,,,Price,,,Price Chg%,,,,,,,
D:\My-data\Share_P&L\Ichart Data\Screenshot\August26\2026-08-31\Support_Resistance_29SEP26_Scan_31_8_2026_094622.xlsx,True,135,Symbol,,,,,,,Price,,,Price Chg%,,,,,,,
D:\My-data\Share_P&L\Ichart Data\Screenshot\August26\2026-08-31\Support_Resistance_29SEP26_Scan_31_8_2026_095132.xlsx,True,131,Symbol,,,,,,,Price,,,Price Chg%,,,,,,,
D:\My-data\Share_P&L\Ichart Data\Screenshot\August26\2026-08-31\Support_Resistance_29SEP26_Scan_31_8_2026_095643.xlsx,True,132,Symbol,,,,,,,Price,,,Price Chg%,,,,,,,
D:\My-data\Share_P&L\Ichart Data\Screenshot\August26\2026-08-31\Support_Resistance_29SEP26_Scan_31_8_2026_100153.xlsx,True,131,Symbol,,,,,,,Price,,,Price Chg%,,,,,,,
D:\My-data\Share_P&L\Ichart Data\Screenshot\August26\2026-08-31\Support_Resistance_29SEP26_Scan_31_8_2026_100702.xlsx,True,130,Symbol,,,,,,,Price,,,Price Chg%,,,,,,,
D:\My-data\Share_P&L\Ichart Data\Screenshot\August26\2026-08-31\Support_Resistance_29SEP26_Scan_31_8_2026_101213.xlsx,True,129,Symbol,,,,,,,Price,,,Price Chg%,,,,,,,
D:\My-data\Share_P&L\Ichart Data\Screenshot\August26\2026-08-31\Support_Resistance_29SEP26_Scan_31_8_2026_101723.xlsx,True,128,Symbol,,,,,,,Price,,,Price Chg%,,,,,,,
D:\My-data\Share_P&L\Ichart Data\Screenshot\August26\2026-08-31\Support_Resistance_29SEP26_Scan_31_8_2026_102232.xlsx,True,129,Symbol,,,,,,,Price,,,Price Chg%,,,,,,,
D:\My-data\Share_P&L\Ichart Data\Screenshot\August26\2026-08-31\Support_Resistance_29SEP26_Scan_31_8_2026_102742.xlsx,True,126,Symbol,,,,,,,Price,,,Price Chg%,,,,,,,
D:\My-data\Share_P&L\Ichart Data\Screenshot\August26\2026-08-31\Support_Resistance_29SEP26_Scan_31_8_2026_103252.xlsx,True,127,Symbol,,,,,,,Price,,,Price Chg%,,,,,,,
D:\My-data\Share_P&L\Ichart Data\Screenshot\August26\2026-08-31\Support_Resistance_29SEP26_Scan_31_8_2026_103800.xlsx,True,128,Symbol,,,,,,,Price,,,Price Chg%,,,,,,,
D:\My-data\Share_P&L\Ichart Data\Screenshot\August26\2026-08-31\Support_Resistance_29SEP26_Scan_31_8_2026_104310.xlsx,True,130,Symbol,,,,,,,Price,,,Price Chg%,,,,,,,
D:\My-data\Share_P&L\Ichart Data\Screenshot\August26\2026-08-31\Support_Resistance_29SEP26_Scan_31_8_2026_104819.xlsx,True,127,Symbol,,,,,,,Price,,,Price Chg%,,,,,,,
D:\My-data\Share_P&L\Ichart Data\Screenshot\August26\2026-08-31\Support_Resistance_29SEP26_Scan_31_8_2026_105329.xlsx,True,130,Symbol,,,,,,,Price,,,Price Chg%,,,,,,,
D:\My-data\Share_P&L\Ichart Data\Screenshot\August26\2026-08-31\Support_Resistance_29SEP26_Scan_31_8_2026_105839.xlsx,True,130,Symbol,,,,,,,Price,,,Price Chg%,,,,,,,
D:\My-data\Share_P&L\Ichart Data\Screenshot\August26\2026-08-31\Support_Resistance_29SEP26_Scan_31_8_2026_110349.xlsx,True,130,Symbol,,,,,,,Price,,,Price Chg%,,,,,,,
D:\My-data\Share_P&L\Ichart Data\Screenshot\August26\2026-08-31\Support_Resistance_29SEP26_Scan_31_8_2026_110859.xlsx,True,130,Symbol,,,,,,,Price,,,Price Chg%,,,,,,,
D:\My-data\Share_P&L\Ichart Data\Screenshot\August26\2026-08-31\Support_Resistance_29SEP26_Scan_31_8_2026_111408.xlsx,True,131,Symbol,,,,,,,Price,,,Price Chg%,,,,,,,
D:\My-data\Share_P&L\Ichart Data\Screenshot\August26\2026-08-31\Support_Resistance_29SEP26_Scan_31_8_2026_111918.xlsx,True,128,Symbol,,,,,,,Price,,,Price Chg%,,,,,,,
D:\My-data\Share_P&L\Ichart Data\Screenshot\August26\2026-08-31\Support_Resistance_29SEP26_Scan_31_8_2026_112427.xlsx,True,128,Symbol,,,,,,,Price,,,Price Chg%,,,,,,,
D:\My-data\Share_P&L\Ichart Data\Screenshot\August26\2026-08-31\Support_Resistance_29SEP26_Scan_31_8_2026_112936.xlsx,True,128,Symbol,,,,,,,Price,,,Price Chg%,,,,,,,
D:\My-data\Share_P&L\Ichart Data\Screenshot\August26\2026-08-31\Support_Resistance_29SEP26_Scan_31_8_2026_113446.xlsx,True,124,Symbol,,,,,,,Price,,,Price Chg%,,,,,,,
D:\My-data\Share_P&L\Ichart Data\Screenshot\August26\2026-08-31\Support_Resistance_29SEP26_Scan_31_8_2026_113955.xlsx,True,124,Symbol,,,,,,,Price,,,Price Chg%,,,,,,,
D:\My-data\Share_P&L\Ichart Data\Screenshot\August26\2026-08-31\Support_Resistance_29SEP26_Scan_31_8_2026_114505.xlsx,True,121,Symbol,,,,,,,Price,,,Price Chg%,,,,,,,
D:\My-data\Share_P&L\Ichart Data\Screenshot\August26\2026-08-31\Support_Resistance_29SEP26_Scan_31_8_2026_115013.xlsx,True,123,Symbol,,,,,,,Price,,,Price Chg%,,,,,,,
D:\My-data\Share_P&L\Ichart Data\Screenshot\August26\2026-08-31\Support_Resistance_29SEP26_Scan_31_8_2026_115523.xlsx,True,123,Symbol,,,,,,,Price,,,Price Chg%,,,,,,,
D:\My-data\Share_P&L\Ichart Data\Screenshot\August26\2026-08-31\Support_Resistance_29SEP26_Scan_31_8_2026_120032.xlsx,True,124,Symbol,,,,,,,Price,,,Price Chg%,,,,,,,
D:\My-data\Share_P&L\Ichart Data\Screenshot\August26\2026-08-31\Support_Resistance_29SEP26_Scan_31_8_2026_120542.xlsx,True,124,Symbol,,,,,,,Price,,,Price Chg%,,,,,,,
D:\My-data\Share_P&L\Ichart Data\Screenshot\August26\2026-08-31\Support_Resistance_29SEP26_Scan_31_8_2026_121052.xlsx,True,125,Symbol,,,,,,,Price,,,Price Chg%,,,,,,,
D:\My-data\Share_P&L\Ichart Data\Screenshot\August26\2026-08-31\Support_Resistance_29SEP26_Scan_31_8_2026_121601.xlsx,True,124,Symbol,,,,,,,Price,,,Price Chg%,,,,,,,
D:\My-data\Share_P&L\Ichart Data\Screenshot\August26\2026-08-31\Support_Resistance_29SEP26_Scan_31_8_2026_122111.xlsx,True,123,Symbol,,,,,,,Price,,,Price Chg%,,,,,,,
D:\My-data\Share_P&L\Ichart Data\Screenshot\August26\2026-08-31\Support_Resistance_29SEP26_Scan_31_8_2026_122620.xlsx,True,123,Symbol,,,,,,,Price,,,Price Chg%,,,,,,,
D:\My-data\Share_P&L\Ichart Data\Screenshot\August26\2026-08-31\Support_Resistance_29SEP26_Scan_31_8_2026_123131.xlsx,True,122,Symbol,,,,,,,Price,,,Price Chg%,,,,,,,
D:\My-data\Share_P&L\Ichart Data\Screenshot\August26\2026-08-31\Support_Resistance_29SEP26_Scan_31_8_2026_123642.xlsx,True,122,Symbol,,,,,,,Price,,,Price Chg%,,,,,,,
D:\My-data\Share_P&L\Ichart Data\Screenshot\August26\2026-08-31\Support_Resistance_29SEP26_Scan_31_8_2026_124151.xlsx,True,121,Symbol,,,,,,,Price,,,Price Chg%,,,,,,,
D:\My-data\Share_P&L\Ichart Data\Screenshot\August26\2026-08-31\Support_Resistance_29SEP26_Scan_31_8_2026_124701.xlsx,True,121,Symbol,,,,,,,Price,,,Price Chg%,,,,,,,
D:\My-data\Share_P&L\Ichart Data\Screenshot\August26\2026-08-31\Support_Resistance_29SEP26_Scan_31_8_2026_125211.xlsx,True,120,Symbol,,,,,,,Price,,,Price Chg%,,,,,,,
D:\My-data\Share_P&L\Ichart Data\Screenshot\August26\2026-08-31\Support_Resistance_29SEP26_Scan_31_8_2026_125721.xlsx,True,121,Symbol,,,,,,,Price,,,Price Chg%,,,,,,,
D:\My-data\Share_P&L\Ichart Data\Screenshot\August26\2026-08-31\Support_Resistance_29SEP26_Scan_31_8_2026_130259.xlsx,True,121,Symbol,,,,,,,Price,,,Price Chg%,,,,,,,
D:\My-data\Share_P&L\Ichart Data\Screenshot\August26\2026-08-31\Support_Resistance_29SEP26_Scan_31_8_2026_130807.xlsx,True,121,Symbol,,,,,,,Price,,,Price Chg%,,,,,,,
D:\My-data\Share_P&L\Ichart Data\Screenshot\August26\2026-08-31\Support_Resistance_29SEP26_Scan_31_8_2026_131318.xlsx,True,121,Symbol,,,,,,,Price,,,Price Chg%,,,,,,,
D:\My-data\Share_P&L\Ichart Data\Screenshot\August26\2026-08-31\Support_Resistance_29SEP26_Scan_31_8_2026_131828.xlsx,True,122,Symbol,,,,,,,Price,,,Price Chg%,,,,,,,
D:\My-data\Share_P&L\Ichart Data\Screenshot\August26\2026-08-31\Support_Resistance_29SEP26_Scan_31_8_2026_132337.xlsx,True,121,Symbol,,,,,,,Price,,,Price Chg%,,,,,,,
D:\My-data\Share_P&L\Ichart Data\Screenshot\August26\2026-08-31\Support_Resistance_29SEP26_Scan_31_8_2026_132848.xlsx,True,119,Symbol,,,,,,,Price,,,Price Chg%,,,,,,,
D:\My-data\Share_P&L\Ichart Data\Screenshot\August26\2026-08-31\Support_Resistance_29SEP26_Scan_31_8_2026_133358.xlsx,True,119,Symbol,,,,,,,Price,,,Price Chg%,,,,,,,
D:\My-data\Share_P&L\Ichart Data\Screenshot\August26\2026-08-31\Support_Resistance_29SEP26_Scan_31_8_2026_133908.xlsx,True,122,Symbol,,,,,,,Price,,,Price Chg%,,,,,,,
D:\My-data\Share_P&L\Ichart Data\Screenshot\August26\2026-08-31\Support_Resistance_29SEP26_Scan_31_8_2026_134418.xlsx,True,121,Symbol,,,,,,,Price,,,Price Chg%,,,,,,,
D:\My-data\Share_P&L\Ichart Data\Screenshot\August26\2026-08-31\Support_Resistance_29SEP26_Scan_31_8_2026_134929.xlsx,True,119,Symbol,,,,,,,Price,,,Price Chg%,,,,,,,
D:\My-data\Share_P&L\Ichart Data\Screenshot\August26\2026-08-31\Support_Resistance_29SEP26_Scan_31_8_2026_135439.xlsx,True,122,Symbol,,,,,,,Price,,,Price Chg%,,,,,,,
D:\My-data\Share_P&L\Ichart Data\Screenshot\August26\2026-08-31\Support_Resistance_29SEP26_Scan_31_8_2026_135948.xlsx,True,122,Symbol,,,,,,,Price,,,Price Chg%,,,,,,,
D:\My-data\Share_P&L\Ichart Data\Screenshot\August26\2026-08-31\Support_Resistance_29SEP26_Scan_31_8_2026_140459.xlsx,True,125,Symbol,,,,,,,Price,,,Price Chg%,,,,,,,
D:\My-data\Share_P&L\Ichart Data\Screenshot\August26\2026-08-31\Support_Resistance_29SEP26_Scan_31_8_2026_141009.xlsx,True,121,Symbol,,,,,,,Price,,,Price Chg%,,,,,,,
D:\My-data\Share_P&L\Ichart Data\Screenshot\August26\2026-08-31\Support_Resistance_29SEP26_Scan_31_8_2026_141519.xlsx,True,122,Symbol,,,,,,,Price,,,Price Chg%,,,,,,,
D:\My-data\Share_P&L\Ichart Data\Screenshot\August26\2026-08-31\Support_Resistance_29SEP26_Scan_31_8_2026_142027.xlsx,True,118,Symbol,,,,,,,Price,,,Price Chg%,,,,,,,
D:\My-data\Share_P&L\Ichart Data\Screenshot\August26\2026-08-31\Support_Resistance_29SEP26_Scan_31_8_2026_142537.xlsx,True,121,Symbol,,,,,,,Price,,,Price Chg%,,,,,,,
D:\My-data\Share_P&L\Ichart Data\Screenshot\August26\2026-08-31\Support_Resistance_29SEP26_Scan_31_8_2026_143047.xlsx,True,122,Symbol,,,,,,,Price,,,Price Chg%,,,,,,,
D:\My-data\Share_P&L\Ichart Data\Screenshot\August26\2026-08-31\Support_Resistance_29SEP26_Scan_31_8_2026_143557.xlsx,True,122,Symbol,,,,,,,Price,,,Price Chg%,,,,,,,
D:\My-data\Share_P&L\Ichart Data\Screenshot\August26\2026-08-31\Support_Resistance_29SEP26_Scan_31_8_2026_144106.xlsx,True,121,Symbol,,,,,,,Price,,,Price Chg%,,,,,,,
D:\My-data\Share_P&L\Ichart Data\Screenshot\August26\2026-08-31\VolumeAndOISpikesScans_29SEP26_Report_31_8_2026.xlsx,True,219,Symbol,,,,,,,Price,,,Price chg (%),OI chg (%),,,,,Volume Chg (%),
D:\My-data\Share_P&L\Ichart Data\Screenshot\August26\2026-08-31\VolumeAndOISpikesScans_29SEP26_Report_31_8_2026_092532.xlsx,True,219,Symbol,,,,,,,Price,,,Price chg (%),OI chg (%),,,,,Volume Chg (%),
D:\My-data\Share_P&L\Ichart Data\Screenshot\August26\2026-08-31\VolumeAndOISpikesScans_29SEP26_Report_31_8_2026_093040.xlsx,True,219,Symbol,,,,,,,Price,,,Price chg (%),OI chg (%),,,,,Volume Chg (%),
D:\My-data\Share_P&L\Ichart Data\Screenshot\August26\2026-08-31\VolumeAndOISpikesScans_29SEP26_Report_31_8_2026_093547.xlsx,True,219,Symbol,,,,,,,Price,,,Price chg (%),OI chg (%),,,,,Volume Chg (%),
D:\My-data\Share_P&L\Ichart Data\Screenshot\August26\2026-08-31\VolumeAndOISpikesScans_29SEP26_Report_31_8_2026_094056.xlsx,True,219,Symbol,,,,,,,Price,,,Price chg (%),OI chg (%),,,,,Volume Chg (%),
D:\My-data\Share_P&L\Ichart Data\Screenshot\August26\2026-08-31\VolumeAndOISpikesScans_29SEP26_Report_31_8_2026_094604.xlsx,True,219,Symbol,,,,,,,Price,,,Price chg (%),OI chg (%),,,,,Volume Chg (%),
D:\My-data\Share_P&L\Ichart Data\Screenshot\August26\2026-08-31\VolumeAndOISpikesScans_29SEP26_Report_31_8_2026_095112.xlsx,True,219,Symbol,,,,,,,Price,,,Price chg (%),OI chg (%),,,,,Volume Chg (%),
D:\My-data\Share_P&L\Ichart Data\Screenshot\August26\2026-08-31\VolumeAndOISpikesScans_29SEP26_Report_31_8_2026_095619.xlsx,True,219,Symbol,,,,,,,Price,,,Price chg (%),OI chg (%),,,,,Volume Chg (%),
D:\My-data\Share_P&L\Ichart Data\Screenshot\August26\2026-08-31\VolumeAndOISpikesScans_29SEP26_Report_31_8_2026_100127.xlsx,True,219,Symbol,,,,,,,Price,,,Price chg (%),OI chg (%),,,,,Volume Chg (%),
D:\My-data\Share_P&L\Ichart Data\Screenshot\August26\2026-08-31\VolumeAndOISpikesScans_29SEP26_Report_31_8_2026_100635.xlsx,True,219,Symbol,,,,,,,Price,,,Price chg (%),OI chg (%),,,,,Volume Chg (%),
D:\My-data\Share_P&L\Ichart Data\Screenshot\August26\2026-08-31\VolumeAndOISpikesScans_29SEP26_Report_31_8_2026_101142.xlsx,True,219,Symbol,,,,,,,Price,,,Price chg (%),OI chg (%),,,,,Volume Chg (%),
D:\My-data\Share_P&L\Ichart Data\Screenshot\August26\2026-08-31\VolumeAndOISpikesScans_29SEP26_Report_31_8_2026_101649.xlsx,True,219,Symbol,,,,,,,Price,,,Price chg (%),OI chg (%),,,,,Volume Chg (%),
D:\My-data\Share_P&L\Ichart Data\Screenshot\August26\2026-08-31\VolumeAndOISpikesScans_29SEP26_Report_31_8_2026_102156.xlsx,True,219,Symbol,,,,,,,Price,,,Price chg (%),OI chg (%),,,,,Volume Chg (%),
D:\My-data\Share_P&L\Ichart Data\Screenshot\August26\2026-08-31\VolumeAndOISpikesScans_29SEP26_Report_31_8_2026_102704.xlsx,True,219,Symbol,,,,,,,Price,,,Price chg (%),OI chg (%),,,,,Volume Chg (%),
D:\My-data\Share_P&L\Ichart Data\Screenshot\August26\2026-08-31\VolumeAndOISpikesScans_29SEP26_Report_31_8_2026_103211.xlsx,True,219,Symbol,,,,,,,Price,,,Price chg (%),OI chg (%),,,,,Volume Chg (%),
D:\My-data\Share_P&L\Ichart Data\Screenshot\August26\2026-08-31\VolumeAndOISpikesScans_29SEP26_Report_31_8_2026_103720.xlsx,True,219,Symbol,,,,,,,Price,,,Price chg (%),OI chg (%),,,,,Volume Chg (%),
D:\My-data\Share_P&L\Ichart Data\Screenshot\August26\2026-08-31\VolumeAndOISpikesScans_29SEP26_Report_31_8_2026_104227.xlsx,True,219,Symbol,,,,,,,Price,,,Price chg (%),OI chg (%),,,,,Volume Chg (%),
D:\My-data\Share_P&L\Ichart Data\Screenshot\August26\2026-08-31\VolumeAndOISpikesScans_29SEP26_Report_31_8_2026_104736.xlsx,True,219,Symbol,,,,,,,Price,,,Price chg (%),OI chg (%),,,,,Volume Chg (%),
D:\My-data\Share_P&L\Ichart Data\Screenshot\August26\2026-08-31\VolumeAndOISpikesScans_29SEP26_Report_31_8_2026_105245.xlsx,True,219,Symbol,,,,,,,Price,,,Price chg (%),OI chg (%),,,,,Volume Chg (%),
D:\My-data\Share_P&L\Ichart Data\Screenshot\August26\2026-08-31\VolumeAndOISpikesScans_29SEP26_Report_31_8_2026_105753.xlsx,True,219,Symbol,,,,,,,Price,,,Price chg (%),OI chg (%),,,,,Volume Chg (%),
D:\My-data\Share_P&L\Ichart Data\Screenshot\August26\2026-08-31\VolumeAndOISpikesScans_29SEP26_Report_31_8_2026_110301.xlsx,True,219,Symbol,,,,,,,Price,,,Price chg (%),OI chg (%),,,,,Volume Chg (%),
D:\My-data\Share_P&L\Ichart Data\Screenshot\August26\2026-08-31\VolumeAndOISpikesScans_29SEP26_Report_31_8_2026_110810.xlsx,True,219,Symbol,,,,,,,Price,,,Price chg (%),OI chg (%),,,,,Volume Chg (%),
D:\My-data\Share_P&L\Ichart Data\Screenshot\August26\2026-08-31\VolumeAndOISpikesScans_29SEP26_Report_31_8_2026_111318.xlsx,True,219,Symbol,,,,,,,Price,,,Price chg (%),OI chg (%),,,,,Volume Chg (%),
D:\My-data\Share_P&L\Ichart Data\Screenshot\August26\2026-08-31\VolumeAndOISpikesScans_29SEP26_Report_31_8_2026_111825.xlsx,True,219,Symbol,,,,,,,Price,,,Price chg (%),OI chg (%),,,,,Volume Chg (%),
D:\My-data\Share_P&L\Ichart Data\Screenshot\August26\2026-08-31\VolumeAndOISpikesScans_29SEP26_Report_31_8_2026_112333.xlsx,True,219,Symbol,,,,,,,Price,,,Price chg (%),OI chg (%),,,,,Volume Chg (%),
D:\My-data\Share_P&L\Ichart Data\Screenshot\August26\2026-08-31\VolumeAndOISpikesScans_29SEP26_Report_31_8_2026_112840.xlsx,True,219,Symbol,,,,,,,Price,,,Price chg (%),OI chg (%),,,,,Volume Chg (%),
D:\My-data\Share_P&L\Ichart Data\Screenshot\August26\2026-08-31\VolumeAndOISpikesScans_29SEP26_Report_31_8_2026_113347.xlsx,True,219,Symbol,,,,,,,Price,,,Price chg (%),OI chg (%),,,,,Volume Chg (%),
D:\My-data\Share_P&L\Ichart Data\Screenshot\August26\2026-08-31\VolumeAndOISpikesScans_29SEP26_Report_31_8_2026_113855.xlsx,True,219,Symbol,,,,,,,Price,,,Price chg (%),OI chg (%),,,,,Volume Chg (%),
D:\My-data\Share_P&L\Ichart Data\Screenshot\August26\2026-08-31\VolumeAndOISpikesScans_29SEP26_Report_31_8_2026_114405.xlsx,True,219,Symbol,,,,,,,Price,,,Price chg (%),OI chg (%),,,,,Volume Chg (%),
D:\My-data\Share_P&L\Ichart Data\Screenshot\August26\2026-08-31\VolumeAndOISpikesScans_29SEP26_Report_31_8_2026_114912.xlsx,True,219,Symbol,,,,,,,Price,,,Price chg (%),OI chg (%),,,,,Volume Chg (%),
D:\My-data\Share_P&L\Ichart Data\Screenshot\August26\2026-08-31\VolumeAndOISpikesScans_29SEP26_Report_31_8_2026_115420.xlsx,True,219,Symbol,,,,,,,Price,,,Price chg (%),OI chg (%),,,,,Volume Chg (%),
D:\My-data\Share_P&L\Ichart Data\Screenshot\August26\2026-08-31\VolumeAndOISpikesScans_29SEP26_Report_31_8_2026_115929.xlsx,True,219,Symbol,,,,,,,Price,,,Price chg (%),OI chg (%),,,,,Volume Chg (%),
D:\My-data\Share_P&L\Ichart Data\Screenshot\August26\2026-08-31\VolumeAndOISpikesScans_29SEP26_Report_31_8_2026_120439.xlsx,True,219,Symbol,,,,,,,Price,,,Price chg (%),OI chg (%),,,,,Volume Chg (%),
D:\My-data\Share_P&L\Ichart Data\Screenshot\August26\2026-08-31\VolumeAndOISpikesScans_29SEP26_Report_31_8_2026_120948.xlsx,True,219,Symbol,,,,,,,Price,,,Price chg (%),OI chg (%),,,,,Volume Chg (%),
D:\My-data\Share_P&L\Ichart Data\Screenshot\August26\2026-08-31\VolumeAndOISpikesScans_29SEP26_Report_31_8_2026_121455.xlsx,True,219,Symbol,,,,,,,Price,,,Price chg (%),OI chg (%),,,,,Volume Chg (%),
D:\My-data\Share_P&L\Ichart Data\Screenshot\August26\2026-08-31\VolumeAndOISpikesScans_29SEP26_Report_31_8_2026_122004.xlsx,True,219,Symbol,,,,,,,Price,,,Price chg (%),OI chg (%),,,,,Volume Chg (%),
D:\My-data\Share_P&L\Ichart Data\Screenshot\August26\2026-08-31\VolumeAndOISpikesScans_29SEP26_Report_31_8_2026_122512.xlsx,True,219,Symbol,,,,,,,Price,,,Price chg (%),OI chg (%),,,,,Volume Chg (%),
D:\My-data\Share_P&L\Ichart Data\Screenshot\August26\2026-08-31\VolumeAndOISpikesScans_29SEP26_Report_31_8_2026_123022.xlsx,True,219,Symbol,,,,,,,Price,,,Price chg (%),OI chg (%),,,,,Volume Chg (%),
D:\My-data\Share_P&L\Ichart Data\Screenshot\August26\2026-08-31\VolumeAndOISpikesScans_29SEP26_Report_31_8_2026_123530.xlsx,True,219,Symbol,,,,,,,Price,,,Price chg (%),OI chg (%),,,,,Volume Chg (%),
D:\My-data\Share_P&L\Ichart Data\Screenshot\August26\2026-08-31\VolumeAndOISpikesScans_29SEP26_Report_31_8_2026_124038.xlsx,True,219,Symbol,,,,,,,Price,,,Price chg (%),OI chg (%),,,,,Volume Chg (%),
D:\My-data\Share_P&L\Ichart Data\Screenshot\August26\2026-08-31\VolumeAndOISpikesScans_29SEP26_Report_31_8_2026_124546.xlsx,True,219,Symbol,,,,,,,Price,,,Price chg (%),OI chg (%),,,,,Volume Chg (%),
D:\My-data\Share_P&L\Ichart Data\Screenshot\August26\2026-08-31\VolumeAndOISpikesScans_29SEP26_Report_31_8_2026_125055.xlsx,True,219,Symbol,,,,,,,Price,,,Price chg (%),OI chg (%),,,,,Volume Chg (%),
D:\My-data\Share_P&L\Ichart Data\Screenshot\August26\2026-08-31\VolumeAndOISpikesScans_29SEP26_Report_31_8_2026_125606.xlsx,True,219,Symbol,,,,,,,Price,,,Price chg (%),OI chg (%),,,,,Volume Chg (%),
D:\My-data\Share_P&L\Ichart Data\Screenshot\August26\2026-08-31\VolumeAndOISpikesScans_29SEP26_Report_31_8_2026_130156.xlsx,True,219,Symbol,,,,,,,Price,,,Price chg (%),OI chg (%),,,,,Volume Chg (%),
D:\My-data\Share_P&L\Ichart Data\Screenshot\August26\2026-08-31\VolumeAndOISpikesScans_29SEP26_Report_31_8_2026_130707.xlsx,True,219,Symbol,,,,,,,Price,,,Price chg (%),OI chg (%),,,,,Volume Chg (%),
D:\My-data\Share_P&L\Ichart Data\Screenshot\August26\2026-08-31\VolumeAndOISpikesScans_29SEP26_Report_31_8_2026_131217.xlsx,True,219,Symbol,,,,,,,Price,,,Price chg (%),OI chg (%),,,,,Volume Chg (%),
D:\My-data\Share_P&L\Ichart Data\Screenshot\August26\2026-08-31\VolumeAndOISpikesScans_29SEP26_Report_31_8_2026_131725.xlsx,True,219,Symbol,,,,,,,Price,,,Price chg (%),OI chg (%),,,,,Volume Chg (%),
D:\My-data\Share_P&L\Ichart Data\Screenshot\August26\2026-08-31\VolumeAndOISpikesScans_29SEP26_Report_31_8_2026_132233.xlsx,True,219,Symbol,,,,,,,Price,,,Price chg (%),OI chg (%),,,,,Volume Chg (%),
D:\My-data\Share_P&L\Ichart Data\Screenshot\August26\2026-08-31\VolumeAndOISpikesScans_29SEP26_Report_31_8_2026_132740.xlsx,True,219,Symbol,,,,,,,Price,,,Price chg (%),OI chg (%),,,,,Volume Chg (%),
D:\My-data\Share_P&L\Ichart Data\Screenshot\August26\2026-08-31\VolumeAndOISpikesScans_29SEP26_Report_31_8_2026_133251.xlsx,True,219,Symbol,,,,,,,Price,,,Price chg (%),OI chg (%),,,,,Volume Chg (%),
D:\My-data\Share_P&L\Ichart Data\Screenshot\August26\2026-08-31\VolumeAndOISpikesScans_29SEP26_Report_31_8_2026_133759.xlsx,True,219,Symbol,,,,,,,Price,,,Price chg (%),OI chg (%),,,,,Volume Chg (%),
D:\My-data\Share_P&L\Ichart Data\Screenshot\August26\2026-08-31\VolumeAndOISpikesScans_29SEP26_Report_31_8_2026_134307.xlsx,True,219,Symbol,,,,,,,Price,,,Price chg (%),OI chg (%),,,,,Volume Chg (%),
D:\My-data\Share_P&L\Ichart Data\Screenshot\August26\2026-08-31\VolumeAndOISpikesScans_29SEP26_Report_31_8_2026_134815.xlsx,True,219,Symbol,,,,,,,Price,,,Price chg (%),OI chg (%),,,,,Volume Chg (%),
D:\My-data\Share_P&L\Ichart Data\Screenshot\August26\2026-08-31\VolumeAndOISpikesScans_29SEP26_Report_31_8_2026_135324.xlsx,True,219,Symbol,,,,,,,Price,,,Price chg (%),OI chg (%),,,,,Volume Chg (%),
D:\My-data\Share_P&L\Ichart Data\Screenshot\August26\2026-08-31\VolumeAndOISpikesScans_29SEP26_Report_31_8_2026_135832.xlsx,True,219,Symbol,,,,,,,Price,,,Price chg (%),OI chg (%),,,,,Volume Chg (%),
D:\My-data\Share_P&L\Ichart Data\Screenshot\August26\2026-08-31\VolumeAndOISpikesScans_29SEP26_Report_31_8_2026_140341.xlsx,True,219,Symbol,,,,,,,Price,,,Price chg (%),OI chg (%),,,,,Volume Chg (%),
D:\My-data\Share_P&L\Ichart Data\Screenshot\August26\2026-08-31\VolumeAndOISpikesScans_29SEP26_Report_31_8_2026_140849.xlsx,True,219,Symbol,,,,,,,Price,,,Price chg (%),OI chg (%),,,,,Volume Chg (%),
D:\My-data\Share_P&L\Ichart Data\Screenshot\August26\2026-08-31\VolumeAndOISpikesScans_29SEP26_Report_31_8_2026_141357.xlsx,True,219,Symbol,,,,,,,Price,,,Price chg (%),OI chg (%),,,,,Volume Chg (%),
D:\My-data\Share_P&L\Ichart Data\Screenshot\August26\2026-08-31\VolumeAndOISpikesScans_29SEP26_Report_31_8_2026_141905.xlsx,True,219,Symbol,,,,,,,Price,,,Price chg (%),OI chg (%),,,,,Volume Chg (%),
D:\My-data\Share_P&L\Ichart Data\Screenshot\August26\2026-08-31\VolumeAndOISpikesScans_29SEP26_Report_31_8_2026_142414.xlsx,True,219,Symbol,,,,,,,Price,,,Price chg (%),OI chg (%),,,,,Volume Chg (%),
D:\My-data\Share_P&L\Ichart Data\Screenshot\August26\2026-08-31\VolumeAndOISpikesScans_29SEP26_Report_31_8_2026_142921.xlsx,True,219,Symbol,,,,,,,Price,,,Price chg (%),OI chg (%),,,,,Volume Chg (%),
D:\My-data\Share_P&L\Ichart Data\Screenshot\August26\2026-08-31\VolumeAndOISpikesScans_29SEP26_Report_31_8_2026_143429.xlsx,True,219,Symbol,,,,,,,Price,,,Price chg (%),OI chg (%),,,,,Volume Chg (%),
D:\My-data\Share_P&L\Ichart Data\Screenshot\August26\2026-08-31\VolumeAndOISpikesScans_29SEP26_Report_31_8_2026_143937.xlsx,True,219,Symbol,,,,,,,Price,,,Price chg (%),OI chg (%),,,,,Volume Chg (%),
D:\My-data\Share_P&L\Ichart Data\Screenshot\August26\2026-08-31\VolumeAndOISpikesScans_29SEP26_Report_31_8_2026_144445.xlsx,True,219,Symbol,,,,,,,Price,,,Price chg (%),OI chg (%),,,,,Volume Chg (%),
D:\My-data\Share_P&L\Ichart Data\Screenshot\july26\2026-07-22\Daywise_Price_and_OI_Summary_28JUL26_Report_2026-07-22.xlsx,True,218,Symbol,,,,,,,,ATM Straddle %,ATM Straddle %,Price Chg %,OI Chg %,PCR Chg %,Tot CE OI Chg %,Tot PE OI Chg %,Tot PE-CE OI Chg,,
D:\My-data\Share_P&L\Ichart Data\Screenshot\july26\2026-07-22\FuturesOI_28JUL26_Scan_20_7_2026 (1).xlsx,True,218,Symbol,,,,,,,Price,,,Price Chg%,OI Chg %,,,,,,
D:\My-data\Share_P&L\Ichart Data\Screenshot\july26\2026-07-22\FuturesOI_28JUL26_Scan_20_7_2026.xlsx,True,1,Symbol,,,,,,,Price,,,Price Chg%,OI Chg %,,,,,,
D:\My-data\Share_P&L\Ichart Data\Screenshot\july26\2026-07-22\IVR-IVP_28JUL26_Report_2026-07-22.xlsx,True,219,,,,,,,,,,,,,,,,,,
D:\My-data\Share_P&L\Ichart Data\Screenshot\july26\2026-07-22\Resistance_28JUL26_Scan_22_7_2026 (1).xlsx,True,72,Symbol,,,,,,,Price,,,Price Chg%,,,,,,,
D:\My-data\Share_P&L\Ichart Data\Screenshot\july26\2026-07-22\Support_Resistance_28JUL26_Scan_22_7_2026.xlsx,True,108,Symbol,,,,,,,Price,,,Price Chg%,,,,,,,
D:\My-data\Share_P&L\Ichart Data\Screenshot\july26\2026-07-22\VolumeAndOISpikesScans_28JUL26_Report_22_7_2026.xlsx,True,218,Symbol,,,,,,,Price,,,Price chg (%),OI chg (%),,,,,Volume Chg (%),
D:\My-data\Share_P&L\Ichart Data\Screenshot\july26\2026-07-23\Daywise_Price_and_OI_Summary_28JUL26_Report_2026-07-23(1) - Copy.xlsx,True,218,Symbol,,,,,,,,ATM Straddle %,ATM Straddle %,Price Chg %,OI Chg %,PCR Chg %,Tot CE OI Chg %,Tot PE OI Chg %,Tot PE-CE OI Chg,,
D:\My-data\Share_P&L\Ichart Data\Screenshot\july26\2026-07-23\Daywise_Price_and_OI_Summary_28JUL26_Report_2026-07-23(1).xlsx,True,218,Symbol,,,,,,,,ATM Straddle %,ATM Straddle %,Price Chg %,OI Chg %,PCR Chg %,Tot CE OI Chg %,Tot PE OI Chg %,Tot PE-CE OI Chg,,
D:\My-data\Share_P&L\Ichart Data\Screenshot\july26\2026-07-23\Daywise_Price_and_OI_Summary_28JUL26_Report_2026-07-23.csv,True,218,Symbol,,,Open,High,Low,Close,,ATM Straddle %,ATM Straddle %,Price Chg %,OI Chg %,PCR Chg %,Tot CE OI Chg %,Tot PE OI Chg %,Tot PE-CE OI Chg,,
D:\My-data\Share_P&L\Ichart Data\Screenshot\july26\2026-07-23\Daywise_Price_and_OI_Summary_28JUL26_Report_2026-07-23.xlsx,True,218,Symbol,,,,,,,,ATM Straddle %,ATM Straddle %,Price Chg %,OI Chg %,PCR Chg %,Tot CE OI Chg %,Tot PE OI Chg %,Tot PE-CE OI Chg,,
D:\My-data\Share_P&L\Ichart Data\Screenshot\july26\2026-07-23\FuturesOI_28JUL26_Scan_23_7_2026(1).xlsx,True,218,Symbol,,,,,,,Price,,,Price Chg%,OI Chg %,,,,,,
D:\My-data\Share_P&L\Ichart Data\Screenshot\july26\2026-07-23\FuturesOI_28JUL26_Scan_23_7_2026.xlsx,True,218,Symbol,,,,,,,Price,,,Price Chg%,OI Chg %,,,,,,
D:\My-data\Share_P&L\Ichart Data\Screenshot\july26\2026-07-23\IVR-IVP_28JUL26_Report_2026-07-23(1).xlsx,True,219,,,,,,,,,,,,,,,,,,
D:\My-data\Share_P&L\Ichart Data\Screenshot\july26\2026-07-23\IVR-IVP_28JUL26_Report_2026-07-23.xlsx,True,219,,,,,,,,,,,,,,,,,,
D:\My-data\Share_P&L\Ichart Data\Screenshot\july26\2026-07-23\Resistance_28JUL26_Scan_23_7_2026 (1).xlsx,True,73,Symbol,,,,,,,Price,,,Price Chg%,,,,,,,
D:\My-data\Share_P&L\Ichart Data\Screenshot\july26\2026-07-23\Resistance_28JUL26_Scan_23_7_2026 (2).xlsx,True,69,Symbol,,,,,,,Price,,,Price Chg%,,,,,,,
D:\My-data\Share_P&L\Ichart Data\Screenshot\july26\2026-07-23\Support_Resistance_28JUL26_Scan_23_7_2026(1).xlsx,True,105,Symbol,,,,,,,Price,,,Price Chg%,,,,,,,
D:\My-data\Share_P&L\Ichart Data\Screenshot\july26\2026-07-23\Support_Resistance_28JUL26_Scan_23_7_2026.xlsx,True,101,Symbol,,,,,,,Price,,,Price Chg%,,,,,,,
D:\My-data\Share_P&L\Ichart Data\Screenshot\july26\2026-07-23\VolumeAndOISpikesScans_28JUL26_Report_23_7_2026(1).xlsx,True,218,Symbol,,,,,,,Price,,,Price chg (%),OI chg (%),,,,,Volume Chg (%),
D:\My-data\Share_P&L\Ichart Data\Screenshot\july26\2026-07-23\VolumeAndOISpikesScans_28JUL26_Report_23_7_2026.xlsx,True,218,Symbol,,,,,,,Price,,,Price chg (%),OI chg (%),,,,,Volume Chg (%),
D:\My-data\Share_P&L\Ichart Data\Screenshot\july26\2026-07-24\Daywise_Price_and_OI_Summary_25AUG26_Report_2026-07-24.xlsx,True,216,Symbol,,,Open,High,Low,Close,,ATM Straddle %,ATM Straddle %,Price Chg %,OI Chg %,PCR Chg %,Tot CE OI Chg %,Tot PE OI Chg %,Tot PE-CE OI Chg,,
D:\My-data\Share_P&L\Ichart Data\Screenshot\july26\2026-07-24\Daywise_Price_and_OI_Summary_28JUL26_Report_2026-07-24.xlsx,True,218,Symbol,,,Open,High,Low,Close,,ATM Straddle %,ATM Straddle %,Price Chg %,OI Chg %,PCR Chg %,Tot CE OI Chg %,Tot PE OI Chg %,Tot PE-CE OI Chg,,
D:\My-data\Share_P&L\Ichart Data\Screenshot\july26\2026-07-24\FuturesOI_25AUG26_Scan_24_7_2026.xlsx,True,216,Symbol,,,,,,,Price,,,Price Chg%,OI Chg %,,,,,,
D:\My-data\Share_P&L\Ichart Data\Screenshot\july26\2026-07-24\FuturesOI_28JUL26_Scan_24_7_2026.xlsx,True,218,Symbol,,,,,,,Price,,,Price Chg%,OI Chg %,,,,,,
D:\My-data\Share_P&L\Ichart Data\Screenshot\july26\2026-07-24\IVR-IVP_25AUG26_Report_2026-07-24.xlsx,True,215,,,,,,,,,,,,,,,,,,
D:\My-data\Share_P&L\Ichart Data\Screenshot\july26\2026-07-24\IVR-IVP_28JUL26_Report_2026-07-24.xlsx,True,217,,,,,,,,,,,,,,,,,,
D:\My-data\Share_P&L\Ichart Data\Screenshot\july26\2026-07-24\Resistance_25AUG26_Scan_24_7_2026 (1).xlsx,True,56,Symbol,,,,,,,Price,,,Price Chg%,,,,,,,
D:\My-data\Share_P&L\Ichart Data\Screenshot\july26\2026-07-24\Resistance_28JUL26_Scan_24_7_2026 (1).xlsx,True,52,Symbol,,,,,,,Price,,,Price Chg%,,,,,,,
D:\My-data\Share_P&L\Ichart Data\Screenshot\july26\2026-07-24\Support_Resistance_25AUG26_Scan_24_7_2026.xlsx,True,110,Symbol,,,,,,,Price,,,Price Chg%,,,,,,,
D:\My-data\Share_P&L\Ichart Data\Screenshot\july26\2026-07-24\Support_Resistance_28JUL26_Scan_24_7_2026.xlsx,True,115,Symbol,,,,,,,Price,,,Price Chg%,,,,,,,
D:\My-data\Share_P&L\Ichart Data\Screenshot\july26\2026-07-24\VolumeAndOISpikesScans_25AUG26_Report_24_7_2026.xlsx,True,216,Symbol,,,,,,,Price,,,Price chg (%),OI chg (%),,,,,Volume Chg (%),
D:\My-data\Share_P&L\Ichart Data\Screenshot\july26\2026-07-24\VolumeAndOISpikesScans_28JUL26_Report_24_7_2026.xlsx,True,218,Symbol,,,,,,,Price,,,Price chg (%),OI chg (%),,,,,Volume Chg (%),
D:\My-data\Share_P&L\Ichart Data\Screenshot\july26\2026-07-27\BCK\Daywise_Price_and_OI_Summary_25AUG26_Report1_2026-07-27.xlsx,True,68,Symbol,,,Open,High,Low,Close,,ATM Straddle %,ATM Straddle %,Price Chg %,OI Chg %,PCR Chg %,Tot CE OI Chg %,Tot PE OI Chg %,Tot PE-CE OI Chg,,
D:\My-data\Share_P&L\Ichart Data\Screenshot\july26\2026-07-27\BCK\Daywise_Price_and_OI_Summary_25AUG26_Report_2026-07-27.xlsx,True,216,Symbol,,,Open,High,Low,Close,,ATM Straddle %,ATM Straddle %,Price Chg %,OI Chg %,PCR Chg %,Tot CE OI Chg %,Tot PE OI Chg %,Tot PE-CE OI Chg,,
D:\My-data\Share_P&L\Ichart Data\Screenshot\july26\2026-07-27\BCK\IVR-IVP_25AUG26_Report_2026-07-27.xlsx,True,215,,,,,,,,,,,,,,,,,,
D:\My-data\Share_P&L\Ichart Data\Screenshot\july26\2026-07-27\BCK\Resistance_25AUG26_Scan_27_7_2026 (1).xlsx,True,96,Symbol,,,,,,,Price,,,Price Chg%,,,,,,,
D:\My-data\Share_P&L\Ichart Data\Screenshot\july26\2026-07-27\BCK\Resistance_25AUG26_Scan_27_7_2026 (2).xlsx,True,103,Symbol,,,,,,,Price,,,Price Chg%,,,,,,,
D:\My-data\Share_P&L\Ichart Data\Screenshot\july26\2026-07-27\BCK\Sector_Summary_25AUG26_Report_24_7_2026.xlsx,True,50,,,,,,,,,,,Price chg (%),OI chg (%),,,,,Volume chg (%),Buildup
D:\My-data\Share_P&L\Ichart Data\Screenshot\july26\2026-07-27\BCK\Sector_Summary_28JUL26_Report_20_7_2026.xlsx,True,50,,,,,,,,,,,Price chg (%),OI chg (%),,,,,Volume chg (%),Buildup
D:\My-data\Share_P&L\Ichart Data\Screenshot\july26\2026-07-27\BCK\Support_Resistance_25AUG26_Scan1_27_7_2026.xlsx,True,107,Symbol,,,,,,,Price,,,Price Chg%,,,,,,,
D:\My-data\Share_P&L\Ichart Data\Screenshot\july26\2026-07-27\BCK\Support_Resistance_25AUG26_Scan_27_7_2026.xlsx,True,93,Symbol,,,,,,,Price,,,Price Chg%,,,,,,,
D:\My-data\Share_P&L\Ichart Data\Screenshot\july26\2026-07-27\BCK\VolumeAndOISpikesScans1_25AUG26_Report_27_7_2026.xlsx,True,216,Symbol,,,,,,,Price,,,Price chg (%),OI chg (%),,,,,Volume Chg (%),
D:\My-data\Share_P&L\Ichart Data\Screenshot\july26\2026-07-27\BCK\VolumeAndOISpikesScans_25AUG26_Report_27_7_2026.xlsx,True,216,Symbol,,,,,,,Price,,,Price chg (%),OI chg (%),,,,,Volume Chg (%),
D:\My-data\Share_P&L\Ichart Data\Screenshot\july26\2026-07-27\Daywise_Price_and_OI_Summary_28July2026_Report_2026-07-27.xlsx,True,216,Symbol,,,Open,High,Low,Close,,ATM Straddle %,ATM Straddle %,Price Chg %,OI Chg %,PCR Chg %,Tot CE OI Chg %,Tot PE OI Chg %,Tot PE-CE OI Chg,,
D:\My-data\Share_P&L\Ichart Data\Screenshot\july26\2026-07-27\IVR-IVP_28July2026_Report_2026-07-27.xlsx,True,215,,,,,,,,,,,,,,,,,,
D:\My-data\Share_P&L\Ichart Data\Screenshot\july26\2026-07-27\Resistance_28July2026_Report_2026-07-27.xlsx,True,96,Symbol,,,,,,,Price,,,Price Chg%,,,,,,,
D:\My-data\Share_P&L\Ichart Data\Screenshot\july26\2026-07-27\Sector_Summary_28JUL26_Report_20_7_2026.xlsx,True,50,,,,,,,,,,,Price chg (%),OI chg (%),,,,,Volume chg (%),Buildup
D:\My-data\Share_P&L\Ichart Data\Screenshot\july26\2026-07-27\Support_Resistance_25AUG26_Scan1_27_7_2026.xlsx,True,107,Symbol,,,,,,,Price,,,Price Chg%,,,,,,,
D:\My-data\Share_P&L\Ichart Data\Screenshot\july26\2026-07-27\VolumeAndOISpikesScans1_28July2026_Report_2026-07-27.xlsx,True,216,Symbol,,,,,,,Price,,,Price chg (%),OI chg (%),,,,,Volume Chg (%),
D:\My-data\Share_P&L\Ichart Data\Screenshot\july26\2026-07-28\Daywise_Price_and_OI_Summary_25July26_Report_2026-07-28.xlsx,True,2,Symbol,,,Open,High,Low,Close,,ATM Straddle %,ATM Straddle %,Price Chg %,OI Chg %,PCR Chg %,Tot CE OI Chg %,Tot PE OI Chg %,Tot PE-CE OI Chg,,
D:\My-data\Share_P&L\Ichart Data\Screenshot\july26\2026-07-28\IVR-IVP_25July26_Report_2026-07-28.xlsx,True,216,,,,,,,,,,,,,,,,,,
D:\My-data\Share_P&L\Ichart Data\Screenshot\july26\2026-07-28\Resistance_25July26_Scan_28_7_2026 (1).xlsx,True,110,Symbol,,,,,,,Price,,,Price Chg%,,,,,,,
D:\My-data\Share_P&L\Ichart Data\Screenshot\july26\2026-07-28\Sector_Summary_28JUL26_Report_28_7_2026.xlsx,True,48,,,,,,,,,,,Price chg (%),OI chg (%),,,,,Volume chg (%),Buildup
D:\My-data\Share_P&L\Ichart Data\Screenshot\july26\2026-07-28\Support_Resistance_25July26_Scan_28_7_2026.xlsx,True,99,Symbol,,,,,,,Price,,,Price Chg%,,,,,,,
D:\My-data\Share_P&L\Ichart Data\Screenshot\july26\2026-07-28\VolumeAndOISpikesScans_25July26_Report_28_7_2026.xlsx,True,216,Symbol,,,,,,,Price,,,Price chg (%),OI chg (%),,,,,Volume Chg (%),
D:\My-data\Share_P&L\Ichart Data\Screenshot\july26\2026-07-29\Daywise_Price_and_OI_Summary_25AUG26_Report_2026-07-29 (1).xlsx,True,216,Symbol,,,Open,High,Low,Close,,ATM Straddle %,ATM Straddle %,Price Chg %,OI Chg %,PCR Chg %,Tot CE OI Chg %,Tot PE OI Chg %,Tot PE-CE OI Chg,,
D:\My-data\Share_P&L\Ichart Data\Screenshot\july26\2026-07-29\Daywise_Price_and_OI_Summary_25AUG26_Report_2026-07-29.xlsx,True,216,Symbol,,,Open,High,Low,Close,,ATM Straddle %,ATM Straddle %,Price Chg %,OI Chg %,PCR Chg %,Tot CE OI Chg %,Tot PE OI Chg %,Tot PE-CE OI Chg,,
D:\My-data\Share_P&L\Ichart Data\Screenshot\july26\2026-07-29\FuturesOI_25AUG26_Scan_29_7_2026.xlsx,True,216,Symbol,,,,,,,Price,,,Price Chg%,OI Chg %,,,,,,
D:\My-data\Share_P&L\Ichart Data\Screenshot\july26\2026-07-29\IVR-IVP_25AUG26_Report_2026-07-29 (1).xlsx,True,216,,,,,,,,,,,,,,,,,,
D:\My-data\Share_P&L\Ichart Data\Screenshot\july26\2026-07-29\IVR-IVP_25AUG26_Report_2026-07-29.xlsx,True,216,,,,,,,,,,,,,,,,,,
D:\My-data\Share_P&L\Ichart Data\Screenshot\july26\2026-07-29\Resistance_25AUG26_Scan_29_7_2026 (2).xlsx,True,112,Symbol,,,,,,,Price,,,Price Chg%,,,,,,,
D:\My-data\Share_P&L\Ichart Data\Screenshot\july26\2026-07-29\Resistance_25AUG26_Scan_29_7_2026(1).xlsx,True,93,Symbol,,,,,,,Price,,,Price Chg%,,,,,,,
D:\My-data\Share_P&L\Ichart Data\Screenshot\july26\2026-07-29\Sector_Summary_25AUG26_Report_28_7_2026 (1).xlsx,True,49,,,,,,,,,,,Price chg (%),OI chg (%),,,,,Volume chg (%),Buildup
D:\My-data\Share_P&L\Ichart Data\Screenshot\july26\2026-07-29\Sector_Summary_25AUG26_Report_29_7_2026.xlsx,True,49,,,,,,,,,,,Price chg (%),OI chg (%),,,,,Volume chg (%),Buildup
D:\My-data\Share_P&L\Ichart Data\Screenshot\july26\2026-07-29\Support_Resistance_25AUG26_Scan_29_7_2026 (1).xlsx,True,102,Symbol,,,,,,,Price,,,Price Chg%,,,,,,,
D:\My-data\Share_P&L\Ichart Data\Screenshot\july26\2026-07-29\Support_Resistance_25AUG26_Scan_29_7_2026.xlsx,True,122,Symbol,,,,,,,Price,,,Price Chg%,,,,,,,
D:\My-data\Share_P&L\Ichart Data\Screenshot\july26\2026-07-29\VolumeAndOISpikesScans_25AUG26_Report_29_7_2026 (1).xlsx,True,216,Symbol,,,,,,,Price,,,Price chg (%),OI chg (%),,,,,Volume Chg (%),
D:\My-data\Share_P&L\Ichart Data\Screenshot\july26\2026-07-29\VolumeAndOISpikesScans_25AUG26_Report_29_7_2026.xlsx,True,216,Symbol,,,,,,,Price,,,Price chg (%),OI chg (%),,,,,Volume Chg (%),
D:\My-data\Share_P&L\Ichart Data\Screenshot\july26\2026-07-30\Daywise_Price_and_OI_Summary_25AUG26_Report_2026-07-30 (1).xlsx,True,216,Symbol,,,Open,High,Low,Close,,ATM Straddle %,ATM Straddle %,Price Chg %,OI Chg %,PCR Chg %,Tot CE OI Chg %,Tot PE OI Chg %,Tot PE-CE OI Chg,,
D:\My-data\Share_P&L\Ichart Data\Screenshot\july26\2026-07-30\Daywise_Price_and_OI_Summary_25AUG26_Report_2026-07-30.xlsx,True,216,Symbol,,,Open,High,Low,Close,,ATM Straddle %,ATM Straddle %,Price Chg %,OI Chg %,PCR Chg %,Tot CE OI Chg %,Tot PE OI Chg %,Tot PE-CE OI Chg,,
D:\My-data\Share_P&L\Ichart Data\Screenshot\july26\2026-07-30\IVR-IVP_25AUG26_Report_2026-07-30.xlsx,True,215,,,,,,,,,,,,,,,,,,
D:\My-data\Share_P&L\Ichart Data\Screenshot\july26\2026-07-30\Resistance_25AUG26_Scan_30_7_2026 (1).xlsx,True,103,Symbol,,,,,,,Price,,,Price Chg%,,,,,,,
D:\My-data\Share_P&L\Ichart Data\Screenshot\july26\2026-07-30\Resistance_25AUG26_Scan_30_7_2026 (3).xlsx,True,109,Symbol,,,,,,,Price,,,Price Chg%,,,,,,,
D:\My-data\Share_P&L\Ichart Data\Screenshot\july26\2026-07-30\Sector_Summary_25AUG26_Report_30_7_2026 (1).xlsx,True,49,,,,,,,,,,,Price chg (%),OI chg (%),,,,,Volume chg (%),Buildup
D:\My-data\Share_P&L\Ichart Data\Screenshot\july26\2026-07-30\Sector_Summary_25AUG26_Report_30_7_2026.xlsx,True,49,,,,,,,,,,,Price chg (%),OI chg (%),,,,,Volume chg (%),Buildup
D:\My-data\Share_P&L\Ichart Data\Screenshot\july26\2026-07-30\Support_Resistance_25AUG26_Scan_30_7_2026 (2).xlsx,True,98,Symbol,,,,,,,Price,,,Price Chg%,,,,,,,
D:\My-data\Share_P&L\Ichart Data\Screenshot\july26\2026-07-30\Support_Resistance_25AUG26_Scan_30_7_2026.xlsx,True,101,Symbol,,,,,,,Price,,,Price Chg%,,,,,,,
D:\My-data\Share_P&L\Ichart Data\Screenshot\july26\2026-07-30\VolumeAndOISpikesScans_25AUG26_Report_30_7_2026 (1).xlsx,True,216,Symbol,,,,,,,Price,,,Price chg (%),OI chg (%),,,,,Volume Chg (%),
D:\My-data\Share_P&L\Ichart Data\Screenshot\july26\2026-07-30\VolumeAndOISpikesScans_25AUG26_Report_30_7_2026.xlsx,True,216,Symbol,,,,,,,Price,,,Price chg (%),OI chg (%),,,,,Volume Chg (%),
D:\My-data\Share_P&L\Ichart Data\Screenshot\july26\2026-07-31\Daywise_Price_and_OI_Summary_25AUG26_Report_2026-07-31.xlsx,True,216,Symbol,,,Open,High,Low,Close,,ATM Straddle %,ATM Straddle %,Price Chg %,OI Chg %,PCR Chg %,Tot CE OI Chg %,Tot PE OI Chg %,Tot PE-CE OI Chg,,
D:\My-data\Share_P&L\Ichart Data\Screenshot\july26\2026-07-31\IVR-IVP_25AUG26_Report_2026-07-31.xlsx,True,216,,,,,,,,,,,,,,,,,,
D:\My-data\Share_P&L\Ichart Data\Screenshot\july26\2026-07-31\Resistance_25AUG26_Scan_31_7_2026 (1).xlsx,True,108,Symbol,,,,,,,Price,,,Price Chg%,,,,,,,
D:\My-data\Share_P&L\Ichart Data\Screenshot\july26\2026-07-31\Sector_Summary_25AUG26_Report_31_7_2026.xlsx,True,49,,,,,,,,,,,Price chg (%),OI chg (%),,,,,Volume chg (%),Buildup
D:\My-data\Share_P&L\Ichart Data\Screenshot\july26\2026-07-31\Support_Resistance_25AUG26_Scan_31_7_2026.xlsx,True,96,Symbol,,,,,,,Price,,,Price Chg%,,,,,,,
D:\My-data\Share_P&L\Ichart Data\Screenshot\july26\2026-07-31\VolumeAndOISpikesScans_25AUG26_Report_31_7_2026.xlsx,True,216,Symbol,,,,,,,Price,,,Price chg (%),OI chg (%),,,,,Volume Chg (%),
D:\My-data\Share_P&L\Ichart Data\Screenshot\September26\2026-09-01\Daywise_Price_and_OI_Summary_29SEP26_Report_2026-09-01.xlsx,True,219,Symbol,,,Open,High,Low,Close,,ATM Straddle %,ATM Straddle %,Price Chg %,OI Chg %,PCR Chg %,Tot CE OI Chg %,Tot PE OI Chg %,Tot PE-CE OI Chg,,
D:\My-data\Share_P&L\Ichart Data\Screenshot\September26\2026-09-01\Daywise_Price_and_OI_Summary_29SEP26_Report_2026-09-01_092517.xlsx,True,219,Symbol,,,Open,High,Low,Close,,ATM Straddle %,ATM Straddle %,Price Chg %,OI Chg %,PCR Chg %,Tot CE OI Chg %,Tot PE OI Chg %,Tot PE-CE OI Chg,,
D:\My-data\Share_P&L\Ichart Data\Screenshot\September26\2026-09-01\Daywise_Price_and_OI_Summary_29SEP26_Report_2026-09-01_093025.xlsx,True,219,Symbol,,,Open,High,Low,Close,,ATM Straddle %,ATM Straddle %,Price Chg %,OI Chg %,PCR Chg %,Tot CE OI Chg %,Tot PE OI Chg %,Tot PE-CE OI Chg,,
D:\My-data\Share_P&L\Ichart Data\Screenshot\September26\2026-09-01\Daywise_Price_and_OI_Summary_29SEP26_Report_2026-09-01_093533.xlsx,True,219,Symbol,,,Open,High,Low,Close,,ATM Straddle %,ATM Straddle %,Price Chg %,OI Chg %,PCR Chg %,Tot CE OI Chg %,Tot PE OI Chg %,Tot PE-CE OI Chg,,
D:\My-data\Share_P&L\Ichart Data\Screenshot\September26\2026-09-01\Daywise_Price_and_OI_Summary_29SEP26_Report_2026-09-01_094041.xlsx,True,219,Symbol,,,Open,High,Low,Close,,ATM Straddle %,ATM Straddle %,Price Chg %,OI Chg %,PCR Chg %,Tot CE OI Chg %,Tot PE OI Chg %,Tot PE-CE OI Chg,,
D:\My-data\Share_P&L\Ichart Data\Screenshot\September26\2026-09-01\Daywise_Price_and_OI_Summary_29SEP26_Report_2026-09-01_094550.xlsx,True,219,Symbol,,,Open,High,Low,Close,,ATM Straddle %,ATM Straddle %,Price Chg %,OI Chg %,PCR Chg %,Tot CE OI Chg %,Tot PE OI Chg %,Tot PE-CE OI Chg,,
D:\My-data\Share_P&L\Ichart Data\Screenshot\September26\2026-09-01\Daywise_Price_and_OI_Summary_29SEP26_Report_2026-09-01_095059.xlsx,True,219,Symbol,,,Open,High,Low,Close,,ATM Straddle %,ATM Straddle %,Price Chg %,OI Chg %,PCR Chg %,Tot CE OI Chg %,Tot PE OI Chg %,Tot PE-CE OI Chg,,
D:\My-data\Share_P&L\Ichart Data\Screenshot\September26\2026-09-01\Daywise_Price_and_OI_Summary_29SEP26_Report_2026-09-01_095607.xlsx,True,219,Symbol,,,Open,High,Low,Close,,ATM Straddle %,ATM Straddle %,Price Chg %,OI Chg %,PCR Chg %,Tot CE OI Chg %,Tot PE OI Chg %,Tot PE-CE OI Chg,,
D:\My-data\Share_P&L\Ichart Data\Screenshot\September26\2026-09-01\Daywise_Price_and_OI_Summary_29SEP26_Report_2026-09-01_100116.xlsx,True,219,Symbol,,,Open,High,Low,Close,,ATM Straddle %,ATM Straddle %,Price Chg %,OI Chg %,PCR Chg %,Tot CE OI Chg %,Tot PE OI Chg %,Tot PE-CE OI Chg,,
D:\My-data\Share_P&L\Ichart Data\Screenshot\September26\2026-09-01\Daywise_Price_and_OI_Summary_29SEP26_Report_2026-09-01_100626.xlsx,True,219,Symbol,,,Open,High,Low,Close,,ATM Straddle %,ATM Straddle %,Price Chg %,OI Chg %,PCR Chg %,Tot CE OI Chg %,Tot PE OI Chg %,Tot PE-CE OI Chg,,
D:\My-data\Share_P&L\Ichart Data\Screenshot\September26\2026-09-01\Daywise_Price_and_OI_Summary_29SEP26_Report_2026-09-01_101133.xlsx,True,219,Symbol,,,Open,High,Low,Close,,ATM Straddle %,ATM Straddle %,Price Chg %,OI Chg %,PCR Chg %,Tot CE OI Chg %,Tot PE OI Chg %,Tot PE-CE OI Chg,,
D:\My-data\Share_P&L\Ichart Data\Screenshot\September26\2026-09-01\Daywise_Price_and_OI_Summary_29SEP26_Report_2026-09-01_101641.xlsx,True,219,Symbol,,,Open,High,Low,Close,,ATM Straddle %,ATM Straddle %,Price Chg %,OI Chg %,PCR Chg %,Tot CE OI Chg %,Tot PE OI Chg %,Tot PE-CE OI Chg,,
D:\My-data\Share_P&L\Ichart Data\Screenshot\September26\2026-09-01\Daywise_Price_and_OI_Summary_29SEP26_Report_2026-09-01_102149.xlsx,True,219,Symbol,,,Open,High,Low,Close,,ATM Straddle %,ATM Straddle %,Price Chg %,OI Chg %,PCR Chg %,Tot CE OI Chg %,Tot PE OI Chg %,Tot PE-CE OI Chg,,
D:\My-data\Share_P&L\Ichart Data\Screenshot\September26\2026-09-01\Daywise_Price_and_OI_Summary_29SEP26_Report_2026-09-01_102657.xlsx,True,219,Symbol,,,Open,High,Low,Close,,ATM Straddle %,ATM Straddle %,Price Chg %,OI Chg %,PCR Chg %,Tot CE OI Chg %,Tot PE OI Chg %,Tot PE-CE OI Chg,,
D:\My-data\Share_P&L\Ichart Data\Screenshot\September26\2026-09-01\Daywise_Price_and_OI_Summary_29SEP26_Report_2026-09-01_103205.xlsx,True,219,Symbol,,,Open,High,Low,Close,,ATM Straddle %,ATM Straddle %,Price Chg %,OI Chg %,PCR Chg %,Tot CE OI Chg %,Tot PE OI Chg %,Tot PE-CE OI Chg,,
D:\My-data\Share_P&L\Ichart Data\Screenshot\September26\2026-09-01\Daywise_Price_and_OI_Summary_29SEP26_Report_2026-09-01_103714.xlsx,True,219,Symbol,,,Open,High,Low,Close,,ATM Straddle %,ATM Straddle %,Price Chg %,OI Chg %,PCR Chg %,Tot CE OI Chg %,Tot PE OI Chg %,Tot PE-CE OI Chg,,
D:\My-data\Share_P&L\Ichart Data\Screenshot\September26\2026-09-01\Daywise_Price_and_OI_Summary_29SEP26_Report_2026-09-01_104221.xlsx,True,219,Symbol,,,Open,High,Low,Close,,ATM Straddle %,ATM Straddle %,Price Chg %,OI Chg %,PCR Chg %,Tot CE OI Chg %,Tot PE OI Chg %,Tot PE-CE OI Chg,,
D:\My-data\Share_P&L\Ichart Data\Screenshot\September26\2026-09-01\Daywise_Price_and_OI_Summary_29SEP26_Report_2026-09-01_104730.xlsx,True,219,Symbol,,,Open,High,Low,Close,,ATM Straddle %,ATM Straddle %,Price Chg %,OI Chg %,PCR Chg %,Tot CE OI Chg %,Tot PE OI Chg %,Tot PE-CE OI Chg,,
D:\My-data\Share_P&L\Ichart Data\Screenshot\September26\2026-09-01\Daywise_Price_and_OI_Summary_29SEP26_Report_2026-09-01_105238.xlsx,True,219,Symbol,,,Open,High,Low,Close,,ATM Straddle %,ATM Straddle %,Price Chg %,OI Chg %,PCR Chg %,Tot CE OI Chg %,Tot PE OI Chg %,Tot PE-CE OI Chg,,
D:\My-data\Share_P&L\Ichart Data\Screenshot\September26\2026-09-01\Daywise_Price_and_OI_Summary_29SEP26_Report_2026-09-01_105747.xlsx,True,219,Symbol,,,Open,High,Low,Close,,ATM Straddle %,ATM Straddle %,Price Chg %,OI Chg %,PCR Chg %,Tot CE OI Chg %,Tot PE OI Chg %,Tot PE-CE OI Chg,,
D:\My-data\Share_P&L\Ichart Data\Screenshot\September26\2026-09-01\Daywise_Price_and_OI_Summary_29SEP26_Report_2026-09-01_110255.xlsx,True,219,Symbol,,,Open,High,Low,Close,,ATM Straddle %,ATM Straddle %,Price Chg %,OI Chg %,PCR Chg %,Tot CE OI Chg %,Tot PE OI Chg %,Tot PE-CE OI Chg,,
D:\My-data\Share_P&L\Ichart Data\Screenshot\September26\2026-09-01\Daywise_Price_and_OI_Summary_29SEP26_Report_2026-09-01_110802.xlsx,True,219,Symbol,,,Open,High,Low,Close,,ATM Straddle %,ATM Straddle %,Price Chg %,OI Chg %,PCR Chg %,Tot CE OI Chg %,Tot PE OI Chg %,Tot PE-CE OI Chg,,
D:\My-data\Share_P&L\Ichart Data\Screenshot\September26\2026-09-01\Daywise_Price_and_OI_Summary_29SEP26_Report_2026-09-01_111310.xlsx,True,219,Symbol,,,Open,High,Low,Close,,ATM Straddle %,ATM Straddle %,Price Chg %,OI Chg %,PCR Chg %,Tot CE OI Chg %,Tot PE OI Chg %,Tot PE-CE OI Chg,,
D:\My-data\Share_P&L\Ichart Data\Screenshot\September26\2026-09-01\Daywise_Price_and_OI_Summary_29SEP26_Report_2026-09-01_111818.xlsx,True,219,Symbol,,,Open,High,Low,Close,,ATM Straddle %,ATM Straddle %,Price Chg %,OI Chg %,PCR Chg %,Tot CE OI Chg %,Tot PE OI Chg %,Tot PE-CE OI Chg,,
D:\My-data\Share_P&L\Ichart Data\Screenshot\September26\2026-09-01\Daywise_Price_and_OI_Summary_29SEP26_Report_2026-09-01_112327.xlsx,True,219,Symbol,,,Open,High,Low,Close,,ATM Straddle %,ATM Straddle %,Price Chg %,OI Chg %,PCR Chg %,Tot CE OI Chg %,Tot PE OI Chg %,Tot PE-CE OI Chg,,
D:\My-data\Share_P&L\Ichart Data\Screenshot\September26\2026-09-01\Daywise_Price_and_OI_Summary_29SEP26_Report_2026-09-01_112837.xlsx,True,219,Symbol,,,Open,High,Low,Close,,ATM Straddle %,ATM Straddle %,Price Chg %,OI Chg %,PCR Chg %,Tot CE OI Chg %,Tot PE OI Chg %,Tot PE-CE OI Chg,,
D:\My-data\Share_P&L\Ichart Data\Screenshot\September26\2026-09-01\Daywise_Price_and_OI_Summary_29SEP26_Report_2026-09-01_113346.xlsx,True,219,Symbol,,,Open,High,Low,Close,,ATM Straddle %,ATM Straddle %,Price Chg %,OI Chg %,PCR Chg %,Tot CE OI Chg %,Tot PE OI Chg %,Tot PE-CE OI Chg,,
D:\My-data\Share_P&L\Ichart Data\Screenshot\September26\2026-09-01\Daywise_Price_and_OI_Summary_29SEP26_Report_2026-09-01_113857.xlsx,True,219,Symbol,,,Open,High,Low,Close,,ATM Straddle %,ATM Straddle %,Price Chg %,OI Chg %,PCR Chg %,Tot CE OI Chg %,Tot PE OI Chg %,Tot PE-CE OI Chg,,
D:\My-data\Share_P&L\Ichart Data\Screenshot\September26\2026-09-01\Daywise_Price_and_OI_Summary_29SEP26_Report_2026-09-01_114409.xlsx,True,219,Symbol,,,Open,High,Low,Close,,ATM Straddle %,ATM Straddle %,Price Chg %,OI Chg %,PCR Chg %,Tot CE OI Chg %,Tot PE OI Chg %,Tot PE-CE OI Chg,,
D:\My-data\Share_P&L\Ichart Data\Screenshot\September26\2026-09-01\Daywise_Price_and_OI_Summary_29SEP26_Report_2026-09-01_114918.xlsx,True,219,Symbol,,,Open,High,Low,Close,,ATM Straddle %,ATM Straddle %,Price Chg %,OI Chg %,PCR Chg %,Tot CE OI Chg %,Tot PE OI Chg %,Tot PE-CE OI Chg,,
D:\My-data\Share_P&L\Ichart Data\Screenshot\September26\2026-09-01\Daywise_Price_and_OI_Summary_29SEP26_Report_2026-09-01_115427.xlsx,True,219,Symbol,,,Open,High,Low,Close,,ATM Straddle %,ATM Straddle %,Price Chg %,OI Chg %,PCR Chg %,Tot CE OI Chg %,Tot PE OI Chg %,Tot PE-CE OI Chg,,
D:\My-data\Share_P&L\Ichart Data\Screenshot\September26\2026-09-01\Daywise_Price_and_OI_Summary_29SEP26_Report_2026-09-01_115937.xlsx,True,219,Symbol,,,Open,High,Low,Close,,ATM Straddle %,ATM Straddle %,Price Chg %,OI Chg %,PCR Chg %,Tot CE OI Chg %,Tot PE OI Chg %,Tot PE-CE OI Chg,,
D:\My-data\Share_P&L\Ichart Data\Screenshot\September26\2026-09-01\Daywise_Price_and_OI_Summary_29SEP26_Report_2026-09-01_120448.xlsx,True,219,Symbol,,,Open,High,Low,Close,,ATM Straddle %,ATM Straddle %,Price Chg %,OI Chg %,PCR Chg %,Tot CE OI Chg %,Tot PE OI Chg %,Tot PE-CE OI Chg,,
D:\My-data\Share_P&L\Ichart Data\Screenshot\September26\2026-09-01\Daywise_Price_and_OI_Summary_29SEP26_Report_2026-09-01_120958.xlsx,True,219,Symbol,,,Open,High,Low,Close,,ATM Straddle %,ATM Straddle %,Price Chg %,OI Chg %,PCR Chg %,Tot CE OI Chg %,Tot PE OI Chg %,Tot PE-CE OI Chg,,
D:\My-data\Share_P&L\Ichart Data\Screenshot\September26\2026-09-01\Daywise_Price_and_OI_Summary_29SEP26_Report_2026-09-01_121508.xlsx,True,219,Symbol,,,Open,High,Low,Close,,ATM Straddle %,ATM Straddle %,Price Chg %,OI Chg %,PCR Chg %,Tot CE OI Chg %,Tot PE OI Chg %,Tot PE-CE OI Chg,,
D:\My-data\Share_P&L\Ichart Data\Screenshot\September26\2026-09-01\Daywise_Price_and_OI_Summary_29SEP26_Report_2026-09-01_122016.xlsx,True,219,Symbol,,,Open,High,Low,Close,,ATM Straddle %,ATM Straddle %,Price Chg %,OI Chg %,PCR Chg %,Tot CE OI Chg %,Tot PE OI Chg %,Tot PE-CE OI Chg,,
D:\My-data\Share_P&L\Ichart Data\Screenshot\September26\2026-09-01\Daywise_Price_and_OI_Summary_29SEP26_Report_2026-09-01_122526.xlsx,True,219,Symbol,,,Open,High,Low,Close,,ATM Straddle %,ATM Straddle %,Price Chg %,OI Chg %,PCR Chg %,Tot CE OI Chg %,Tot PE OI Chg %,Tot PE-CE OI Chg,,
D:\My-data\Share_P&L\Ichart Data\Screenshot\September26\2026-09-01\Daywise_Price_and_OI_Summary_29SEP26_Report_2026-09-01_123034.xlsx,True,219,Symbol,,,Open,High,Low,Close,,ATM Straddle %,ATM Straddle %,Price Chg %,OI Chg %,PCR Chg %,Tot CE OI Chg %,Tot PE OI Chg %,Tot PE-CE OI Chg,,
D:\My-data\Share_P&L\Ichart Data\Screenshot\September26\2026-09-01\Daywise_Price_and_OI_Summary_29SEP26_Report_2026-09-01_123543.xlsx,True,219,Symbol,,,Open,High,Low,Close,,ATM Straddle %,ATM Straddle %,Price Chg %,OI Chg %,PCR Chg %,Tot CE OI Chg %,Tot PE OI Chg %,Tot PE-CE OI Chg,,
D:\My-data\Share_P&L\Ichart Data\Screenshot\September26\2026-09-01\Daywise_Price_and_OI_Summary_29SEP26_Report_2026-09-01_124059.xlsx,True,219,Symbol,,,Open,High,Low,Close,,ATM Straddle %,ATM Straddle %,Price Chg %,OI Chg %,PCR Chg %,Tot CE OI Chg %,Tot PE OI Chg %,Tot PE-CE OI Chg,,
D:\My-data\Share_P&L\Ichart Data\Screenshot\September26\2026-09-01\Daywise_Price_and_OI_Summary_29SEP26_Report_2026-09-01_124607.xlsx,True,219,Symbol,,,Open,High,Low,Close,,ATM Straddle %,ATM Straddle %,Price Chg %,OI Chg %,PCR Chg %,Tot CE OI Chg %,Tot PE OI Chg %,Tot PE-CE OI Chg,,
D:\My-data\Share_P&L\Ichart Data\Screenshot\September26\2026-09-01\Daywise_Price_and_OI_Summary_29SEP26_Report_2026-09-01_125117.xlsx,True,219,Symbol,,,Open,High,Low,Close,,ATM Straddle %,ATM Straddle %,Price Chg %,OI Chg %,PCR Chg %,Tot CE OI Chg %,Tot PE OI Chg %,Tot PE-CE OI Chg,,
D:\My-data\Share_P&L\Ichart Data\Screenshot\September26\2026-09-01\Daywise_Price_and_OI_Summary_29SEP26_Report_2026-09-01_125624.xlsx,True,219,Symbol,,,Open,High,Low,Close,,ATM Straddle %,ATM Straddle %,Price Chg %,OI Chg %,PCR Chg %,Tot CE OI Chg %,Tot PE OI Chg %,Tot PE-CE OI Chg,,
D:\My-data\Share_P&L\Ichart Data\Screenshot\September26\2026-09-01\Daywise_Price_and_OI_Summary_29SEP26_Report_2026-09-01_130132.xlsx,True,219,Symbol,,,Open,High,Low,Close,,ATM Straddle %,ATM Straddle %,Price Chg %,OI Chg %,PCR Chg %,Tot CE OI Chg %,Tot PE OI Chg %,Tot PE-CE OI Chg,,
D:\My-data\Share_P&L\Ichart Data\Screenshot\September26\2026-09-01\Daywise_Price_and_OI_Summary_29SEP26_Report_2026-09-01_130641.xlsx,True,219,Symbol,,,Open,High,Low,Close,,ATM Straddle %,ATM Straddle %,Price Chg %,OI Chg %,PCR Chg %,Tot CE OI Chg %,Tot PE OI Chg %,Tot PE-CE OI Chg,,
D:\My-data\Share_P&L\Ichart Data\Screenshot\September26\2026-09-01\Daywise_Price_and_OI_Summary_29SEP26_Report_2026-09-01_131149.xlsx,True,219,Symbol,,,Open,High,Low,Close,,ATM Straddle %,ATM Straddle %,Price Chg %,OI Chg %,PCR Chg %,Tot CE OI Chg %,Tot PE OI Chg %,Tot PE-CE OI Chg,,
D:\My-data\Share_P&L\Ichart Data\Screenshot\September26\2026-09-01\Daywise_Price_and_OI_Summary_29SEP26_Report_2026-09-01_131656.xlsx,True,219,Symbol,,,Open,High,Low,Close,,ATM Straddle %,ATM Straddle %,Price Chg %,OI Chg %,PCR Chg %,Tot CE OI Chg %,Tot PE OI Chg %,Tot PE-CE OI Chg,,
D:\My-data\Share_P&L\Ichart Data\Screenshot\September26\2026-09-01\Daywise_Price_and_OI_Summary_29SEP26_Report_2026-09-01_132204.xlsx,True,219,Symbol,,,Open,High,Low,Close,,ATM Straddle %,ATM Straddle %,Price Chg %,OI Chg %,PCR Chg %,Tot CE OI Chg %,Tot PE OI Chg %,Tot PE-CE OI Chg,,
D:\My-data\Share_P&L\Ichart Data\Screenshot\September26\2026-09-01\Daywise_Price_and_OI_Summary_29SEP26_Report_2026-09-01_132712.xlsx,True,219,Symbol,,,Open,High,Low,Close,,ATM Straddle %,ATM Straddle %,Price Chg %,OI Chg %,PCR Chg %,Tot CE OI Chg %,Tot PE OI Chg %,Tot PE-CE OI Chg,,
D:\My-data\Share_P&L\Ichart Data\Screenshot\September26\2026-09-01\Daywise_Price_and_OI_Summary_29SEP26_Report_2026-09-01_133219.xlsx,True,219,Symbol,,,Open,High,Low,Close,,ATM Straddle %,ATM Straddle %,Price Chg %,OI Chg %,PCR Chg %,Tot CE OI Chg %,Tot PE OI Chg %,Tot PE-CE OI Chg,,
D:\My-data\Share_P&L\Ichart Data\Screenshot\September26\2026-09-01\Daywise_Price_and_OI_Summary_29SEP26_Report_2026-09-01_133727.xlsx,True,219,Symbol,,,Open,High,Low,Close,,ATM Straddle %,ATM Straddle %,Price Chg %,OI Chg %,PCR Chg %,Tot CE OI Chg %,Tot PE OI Chg %,Tot PE-CE OI Chg,,
D:\My-data\Share_P&L\Ichart Data\Screenshot\September26\2026-09-01\IVR-IVP_29SEP26_Report_2026-09-01.xlsx,True,216,,,,,,,,,,,,,,,,,,
D:\My-data\Share_P&L\Ichart Data\Screenshot\September26\2026-09-01\IVR-IVP_29SEP26_Report_2026-09-01_092526.xlsx,True,217,,,,,,,,,,,,,,,,,,
D:\My-data\Share_P&L\Ichart Data\Screenshot\September26\2026-09-01\IVR-IVP_29SEP26_Report_2026-09-01_093034.xlsx,True,218,,,,,,,,,,,,,,,,,,
D:\My-data\Share_P&L\Ichart Data\Screenshot\September26\2026-09-01\IVR-IVP_29SEP26_Report_2026-09-01_093543.xlsx,True,218,,,,,,,,,,,,,,,,,,
D:\My-data\Share_P&L\Ichart Data\Screenshot\September26\2026-09-01\IVR-IVP_29SEP26_Report_2026-09-01_094050.xlsx,True,218,,,,,,,,,,,,,,,,,,
D:\My-data\Share_P&L\Ichart Data\Screenshot\September26\2026-09-01\IVR-IVP_29SEP26_Report_2026-09-01_094558.xlsx,True,218,,,,,,,,,,,,,,,,,,
D:\My-data\Share_P&L\Ichart Data\Screenshot\September26\2026-09-01\IVR-IVP_29SEP26_Report_2026-09-01_095109.xlsx,True,218,,,,,,,,,,,,,,,,,,
D:\My-data\Share_P&L\Ichart Data\Screenshot\September26\2026-09-01\IVR-IVP_29SEP26_Report_2026-09-01_095616.xlsx,True,218,,,,,,,,,,,,,,,,,,
D:\My-data\Share_P&L\Ichart Data\Screenshot\September26\2026-09-01\IVR-IVP_29SEP26_Report_2026-09-01_100124.xlsx,True,218,,,,,,,,,,,,,,,,,,
D:\My-data\Share_P&L\Ichart Data\Screenshot\September26\2026-09-01\IVR-IVP_29SEP26_Report_2026-09-01_100634.xlsx,True,219,,,,,,,,,,,,,,,,,,
D:\My-data\Share_P&L\Ichart Data\Screenshot\September26\2026-09-01\IVR-IVP_29SEP26_Report_2026-09-01_101143.xlsx,True,219,,,,,,,,,,,,,,,,,,
D:\My-data\Share_P&L\Ichart Data\Screenshot\September26\2026-09-01\IVR-IVP_29SEP26_Report_2026-09-01_101652.xlsx,True,219,,,,,,,,,,,,,,,,,,
D:\My-data\Share_P&L\Ichart Data\Screenshot\September26\2026-09-01\IVR-IVP_29SEP26_Report_2026-09-01_102200.xlsx,True,219,,,,,,,,,,,,,,,,,,
D:\My-data\Share_P&L\Ichart Data\Screenshot\September26\2026-09-01\IVR-IVP_29SEP26_Report_2026-09-01_102709.xlsx,True,219,,,,,,,,,,,,,,,,,,
D:\My-data\Share_P&L\Ichart Data\Screenshot\September26\2026-09-01\IVR-IVP_29SEP26_Report_2026-09-01_103219.xlsx,True,219,,,,,,,,,,,,,,,,,,
D:\My-data\Share_P&L\Ichart Data\Screenshot\September26\2026-09-01\IVR-IVP_29SEP26_Report_2026-09-01_103727.xlsx,True,219,,,,,,,,,,,,,,,,,,
D:\My-data\Share_P&L\Ichart Data\Screenshot\September26\2026-09-01\IVR-IVP_29SEP26_Report_2026-09-01_104234.xlsx,True,219,,,,,,,,,,,,,,,,,,
D:\My-data\Share_P&L\Ichart Data\Screenshot\September26\2026-09-01\IVR-IVP_29SEP26_Report_2026-09-01_104743.xlsx,True,219,,,,,,,,,,,,,,,,,,
D:\My-data\Share_P&L\Ichart Data\Screenshot\September26\2026-09-01\IVR-IVP_29SEP26_Report_2026-09-01_105252.xlsx,True,219,,,,,,,,,,,,,,,,,,
D:\My-data\Share_P&L\Ichart Data\Screenshot\September26\2026-09-01\IVR-IVP_29SEP26_Report_2026-09-01_105800.xlsx,True,219,,,,,,,,,,,,,,,,,,
D:\My-data\Share_P&L\Ichart Data\Screenshot\September26\2026-09-01\IVR-IVP_29SEP26_Report_2026-09-01_110308.xlsx,True,219,,,,,,,,,,,,,,,,,,
D:\My-data\Share_P&L\Ichart Data\Screenshot\September26\2026-09-01\IVR-IVP_29SEP26_Report_2026-09-01_110816.xlsx,True,219,,,,,,,,,,,,,,,,,,
D:\My-data\Share_P&L\Ichart Data\Screenshot\September26\2026-09-01\IVR-IVP_29SEP26_Report_2026-09-01_111325.xlsx,True,219,,,,,,,,,,,,,,,,,,
D:\My-data\Share_P&L\Ichart Data\Screenshot\September26\2026-09-01\IVR-IVP_29SEP26_Report_2026-09-01_111832.xlsx,True,219,,,,,,,,,,,,,,,,,,
D:\My-data\Share_P&L\Ichart Data\Screenshot\September26\2026-09-01\IVR-IVP_29SEP26_Report_2026-09-01_112340.xlsx,True,219,,,,,,,,,,,,,,,,,,
D:\My-data\Share_P&L\Ichart Data\Screenshot\September26\2026-09-01\IVR-IVP_29SEP26_Report_2026-09-01_112849.xlsx,True,219,,,,,,,,,,,,,,,,,,
D:\My-data\Share_P&L\Ichart Data\Screenshot\September26\2026-09-01\IVR-IVP_29SEP26_Report_2026-09-01_113358.xlsx,True,219,,,,,,,,,,,,,,,,,,
D:\My-data\Share_P&L\Ichart Data\Screenshot\September26\2026-09-01\IVR-IVP_29SEP26_Report_2026-09-01_113907.xlsx,True,219,,,,,,,,,,,,,,,,,,
D:\My-data\Share_P&L\Ichart Data\Screenshot\September26\2026-09-01\IVR-IVP_29SEP26_Report_2026-09-01_114418.xlsx,True,219,,,,,,,,,,,,,,,,,,
D:\My-data\Share_P&L\Ichart Data\Screenshot\September26\2026-09-01\IVR-IVP_29SEP26_Report_2026-09-01_114927.xlsx,True,219,,,,,,,,,,,,,,,,,,
D:\My-data\Share_P&L\Ichart Data\Screenshot\September26\2026-09-01\IVR-IVP_29SEP26_Report_2026-09-01_115436.xlsx,True,219,,,,,,,,,,,,,,,,,,
D:\My-data\Share_P&L\Ichart Data\Screenshot\September26\2026-09-01\IVR-IVP_29SEP26_Report_2026-09-01_115947.xlsx,True,219,,,,,,,,,,,,,,,,,,
D:\My-data\Share_P&L\Ichart Data\Screenshot\September26\2026-09-01\IVR-IVP_29SEP26_Report_2026-09-01_120457.xlsx,True,219,,,,,,,,,,,,,,,,,,
D:\My-data\Share_P&L\Ichart Data\Screenshot\September26\2026-09-01\IVR-IVP_29SEP26_Report_2026-09-01_121007.xlsx,True,219,,,,,,,,,,,,,,,,,,
D:\My-data\Share_P&L\Ichart Data\Screenshot\September26\2026-09-01\IVR-IVP_29SEP26_Report_2026-09-01_121516.xlsx,True,219,,,,,,,,,,,,,,,,,,
D:\My-data\Share_P&L\Ichart Data\Screenshot\September26\2026-09-01\IVR-IVP_29SEP26_Report_2026-09-01_122025.xlsx,True,219,,,,,,,,,,,,,,,,,,
D:\My-data\Share_P&L\Ichart Data\Screenshot\September26\2026-09-01\IVR-IVP_29SEP26_Report_2026-09-01_122535.xlsx,True,219,,,,,,,,,,,,,,,,,,
D:\My-data\Share_P&L\Ichart Data\Screenshot\September26\2026-09-01\IVR-IVP_29SEP26_Report_2026-09-01_123044.xlsx,True,219,,,,,,,,,,,,,,,,,,
D:\My-data\Share_P&L\Ichart Data\Screenshot\September26\2026-09-01\IVR-IVP_29SEP26_Report_2026-09-01_123552.xlsx,True,219,,,,,,,,,,,,,,,,,,
D:\My-data\Share_P&L\Ichart Data\Screenshot\September26\2026-09-01\IVR-IVP_29SEP26_Report_2026-09-01_124110.xlsx,True,219,,,,,,,,,,,,,,,,,,
D:\My-data\Share_P&L\Ichart Data\Screenshot\September26\2026-09-01\IVR-IVP_29SEP26_Report_2026-09-01_124618.xlsx,True,219,,,,,,,,,,,,,,,,,,
D:\My-data\Share_P&L\Ichart Data\Screenshot\September26\2026-09-01\IVR-IVP_29SEP26_Report_2026-09-01_125126.xlsx,True,219,,,,,,,,,,,,,,,,,,
D:\My-data\Share_P&L\Ichart Data\Screenshot\September26\2026-09-01\IVR-IVP_29SEP26_Report_2026-09-01_125634.xlsx,True,219,,,,,,,,,,,,,,,,,,
D:\My-data\Share_P&L\Ichart Data\Screenshot\September26\2026-09-01\IVR-IVP_29SEP26_Report_2026-09-01_130142.xlsx,True,219,,,,,,,,,,,,,,,,,,
D:\My-data\Share_P&L\Ichart Data\Screenshot\September26\2026-09-01\IVR-IVP_29SEP26_Report_2026-09-01_130649.xlsx,True,219,,,,,,,,,,,,,,,,,,
D:\My-data\Share_P&L\Ichart Data\Screenshot\September26\2026-09-01\IVR-IVP_29SEP26_Report_2026-09-01_131158.xlsx,True,219,,,,,,,,,,,,,,,,,,
D:\My-data\Share_P&L\Ichart Data\Screenshot\September26\2026-09-01\IVR-IVP_29SEP26_Report_2026-09-01_131706.xlsx,True,219,,,,,,,,,,,,,,,,,,
D:\My-data\Share_P&L\Ichart Data\Screenshot\September26\2026-09-01\IVR-IVP_29SEP26_Report_2026-09-01_132214.xlsx,True,219,,,,,,,,,,,,,,,,,,
D:\My-data\Share_P&L\Ichart Data\Screenshot\September26\2026-09-01\IVR-IVP_29SEP26_Report_2026-09-01_132722.xlsx,True,219,,,,,,,,,,,,,,,,,,
D:\My-data\Share_P&L\Ichart Data\Screenshot\September26\2026-09-01\IVR-IVP_29SEP26_Report_2026-09-01_133229.xlsx,True,219,,,,,,,,,,,,,,,,,,
D:\My-data\Share_P&L\Ichart Data\Screenshot\September26\2026-09-01\IVR-IVP_29SEP26_Report_2026-09-01_133737.xlsx,True,219,,,,,,,,,,,,,,,,,,
D:\My-data\Share_P&L\Ichart Data\Screenshot\September26\2026-09-01\Resistance_Resistance_29SEP26_Scan_1_9_2026.xlsx,True,90,Symbol,,,,,,,Price,,,Price Chg%,,,,,,,
D:\My-data\Share_P&L\Ichart Data\Screenshot\September26\2026-09-01\Resistance_Resistance_29SEP26_Scan_1_9_2026_092600.xlsx,True,84,Symbol,,,,,,,Price,,,Price Chg%,,,,,,,
D:\My-data\Share_P&L\Ichart Data\Screenshot\September26\2026-09-01\Resistance_Resistance_29SEP26_Scan_1_9_2026_093110.xlsx,True,87,Symbol,,,,,,,Price,,,Price Chg%,,,,,,,
D:\My-data\Share_P&L\Ichart Data\Screenshot\September26\2026-09-01\Resistance_Resistance_29SEP26_Scan_1_9_2026_093620.xlsx,True,88,Symbol,,,,,,,Price,,,Price Chg%,,,,,,,
D:\My-data\Share_P&L\Ichart Data\Screenshot\September26\2026-09-01\Resistance_Resistance_29SEP26_Scan_1_9_2026_094131.xlsx,True,90,Symbol,,,,,,,Price,,,Price Chg%,,,,,,,
D:\My-data\Share_P&L\Ichart Data\Screenshot\September26\2026-09-01\Resistance_Resistance_29SEP26_Scan_1_9_2026_094640.xlsx,True,89,Symbol,,,,,,,Price,,,Price Chg%,,,,,,,
D:\My-data\Share_P&L\Ichart Data\Screenshot\September26\2026-09-01\Resistance_Resistance_29SEP26_Scan_1_9_2026_095150.xlsx,True,84,Symbol,,,,,,,Price,,,Price Chg%,,,,,,,
D:\My-data\Share_P&L\Ichart Data\Screenshot\September26\2026-09-01\Resistance_Resistance_29SEP26_Scan_1_9_2026_095701.xlsx,True,83,Symbol,,,,,,,Price,,,Price Chg%,,,,,,,
D:\My-data\Share_P&L\Ichart Data\Screenshot\September26\2026-09-01\Resistance_Resistance_29SEP26_Scan_1_9_2026_100211.xlsx,True,82,Symbol,,,,,,,Price,,,Price Chg%,,,,,,,
D:\My-data\Share_P&L\Ichart Data\Screenshot\September26\2026-09-01\Resistance_Resistance_29SEP26_Scan_1_9_2026_100720.xlsx,True,85,Symbol,,,,,,,Price,,,Price Chg%,,,,,,,
D:\My-data\Share_P&L\Ichart Data\Screenshot\September26\2026-09-01\Resistance_Resistance_29SEP26_Scan_1_9_2026_101229.xlsx,True,83,Symbol,,,,,,,Price,,,Price Chg%,,,,,,,
D:\My-data\Share_P&L\Ichart Data\Screenshot\September26\2026-09-01\Resistance_Resistance_29SEP26_Scan_1_9_2026_101739.xlsx,True,81,Symbol,,,,,,,Price,,,Price Chg%,,,,,,,
D:\My-data\Share_P&L\Ichart Data\Screenshot\September26\2026-09-01\Resistance_Resistance_29SEP26_Scan_1_9_2026_102249.xlsx,True,80,Symbol,,,,,,,Price,,,Price Chg%,,,,,,,
D:\My-data\Share_P&L\Ichart Data\Screenshot\September26\2026-09-01\Resistance_Resistance_29SEP26_Scan_1_9_2026_102758.xlsx,True,86,Symbol,,,,,,,Price,,,Price Chg%,,,,,,,
D:\My-data\Share_P&L\Ichart Data\Screenshot\September26\2026-09-01\Resistance_Resistance_29SEP26_Scan_1_9_2026_103308.xlsx,True,87,Symbol,,,,,,,Price,,,Price Chg%,,,,,,,
D:\My-data\Share_P&L\Ichart Data\Screenshot\September26\2026-09-01\Resistance_Resistance_29SEP26_Scan_1_9_2026_103820.xlsx,True,87,Symbol,,,,,,,Price,,,Price Chg%,,,,,,,
D:\My-data\Share_P&L\Ichart Data\Screenshot\September26\2026-09-01\Resistance_Resistance_29SEP26_Scan_1_9_2026_104329.xlsx,True,89,Symbol,,,,,,,Price,,,Price Chg%,,,,,,,
D:\My-data\Share_P&L\Ichart Data\Screenshot\September26\2026-09-01\Resistance_Resistance_29SEP26_Scan_1_9_2026_104839.xlsx,True,87,Symbol,,,,,,,Price,,,Price Chg%,,,,,,,
D:\My-data\Share_P&L\Ichart Data\Screenshot\September26\2026-09-01\Resistance_Resistance_29SEP26_Scan_1_9_2026_105348.xlsx,True,92,Symbol,,,,,,,Price,,,Price Chg%,,,,,,,
D:\My-data\Share_P&L\Ichart Data\Screenshot\September26\2026-09-01\Resistance_Resistance_29SEP26_Scan_1_9_2026_105858.xlsx,True,93,Symbol,,,,,,,Price,,,Price Chg%,,,,,,,
D:\My-data\Share_P&L\Ichart Data\Screenshot\September26\2026-09-01\Resistance_Resistance_29SEP26_Scan_1_9_2026_110407.xlsx,True,95,Symbol,,,,,,,Price,,,Price Chg%,,,,,,,
D:\My-data\Share_P&L\Ichart Data\Screenshot\September26\2026-09-01\Resistance_Resistance_29SEP26_Scan_1_9_2026_110917.xlsx,True,93,Symbol,,,,,,,Price,,,Price Chg%,,,,,,,
D:\My-data\Share_P&L\Ichart Data\Screenshot\September26\2026-09-01\Resistance_Resistance_29SEP26_Scan_1_9_2026_111427.xlsx,True,94,Symbol,,,,,,,Price,,,Price Chg%,,,,,,,
D:\My-data\Share_P&L\Ichart Data\Screenshot\September26\2026-09-01\Resistance_Resistance_29SEP26_Scan_1_9_2026_111938.xlsx,True,95,Symbol,,,,,,,Price,,,Price Chg%,,,,,,,
D:\My-data\Share_P&L\Ichart Data\Screenshot\September26\2026-09-01\Resistance_Resistance_29SEP26_Scan_1_9_2026_112447.xlsx,True,97,Symbol,,,,,,,Price,,,Price Chg%,,,,,,,
D:\My-data\Share_P&L\Ichart Data\Screenshot\September26\2026-09-01\Resistance_Resistance_29SEP26_Scan_1_9_2026_112957.xlsx,True,96,Symbol,,,,,,,Price,,,Price Chg%,,,,,,,
D:\My-data\Share_P&L\Ichart Data\Screenshot\September26\2026-09-01\Resistance_Resistance_29SEP26_Scan_1_9_2026_113507.xlsx,True,97,Symbol,,,,,,,Price,,,Price Chg%,,,,,,,
D:\My-data\Share_P&L\Ichart Data\Screenshot\September26\2026-09-01\Resistance_Resistance_29SEP26_Scan_1_9_2026_114529.xlsx,True,92,Symbol,,,,,,,Price,,,Price Chg%,,,,,,,
D:\My-data\Share_P&L\Ichart Data\Screenshot\September26\2026-09-01\Resistance_Resistance_29SEP26_Scan_1_9_2026_115039.xlsx,True,90,Symbol,,,,,,,Price,,,Price Chg%,,,,,,,
D:\My-data\Share_P&L\Ichart Data\Screenshot\September26\2026-09-01\Resistance_Resistance_29SEP26_Scan_1_9_2026_115551.xlsx,True,91,Symbol,,,,,,,Price,,,Price Chg%,,,,,,,
D:\My-data\Share_P&L\Ichart Data\Screenshot\September26\2026-09-01\Resistance_Resistance_29SEP26_Scan_1_9_2026_120102.xlsx,True,93,Symbol,,,,,,,Price,,,Price Chg%,,,,,,,
D:\My-data\Share_P&L\Ichart Data\Screenshot\September26\2026-09-01\Resistance_Resistance_29SEP26_Scan_1_9_2026_120612.xlsx,True,93,Symbol,,,,,,,Price,,,Price Chg%,,,,,,,
D:\My-data\Share_P&L\Ichart Data\Screenshot\September26\2026-09-01\Resistance_Resistance_29SEP26_Scan_1_9_2026_121122.xlsx,True,93,Symbol,,,,,,,Price,,,Price Chg%,,,,,,,
D:\My-data\Share_P&L\Ichart Data\Screenshot\September26\2026-09-01\Resistance_Resistance_29SEP26_Scan_1_9_2026_121633.xlsx,True,93,Symbol,,,,,,,Price,,,Price Chg%,,,,,,,
D:\My-data\Share_P&L\Ichart Data\Screenshot\September26\2026-09-01\Resistance_Resistance_29SEP26_Scan_1_9_2026_122143.xlsx,True,92,Symbol,,,,,,,Price,,,Price Chg%,,,,,,,
D:\My-data\Share_P&L\Ichart Data\Screenshot\September26\2026-09-01\Resistance_Resistance_29SEP26_Scan_1_9_2026_122654.xlsx,True,93,Symbol,,,,,,,Price,,,Price Chg%,,,,,,,
D:\My-data\Share_P&L\Ichart Data\Screenshot\September26\2026-09-01\Resistance_Resistance_29SEP26_Scan_1_9_2026_123204.xlsx,True,92,Symbol,,,,,,,Price,,,Price Chg%,,,,,,,
D:\My-data\Share_P&L\Ichart Data\Screenshot\September26\2026-09-01\Resistance_Resistance_29SEP26_Scan_1_9_2026_123714.xlsx,True,93,Symbol,,,,,,,Price,,,Price Chg%,,,,,,,
D:\My-data\Share_P&L\Ichart Data\Screenshot\September26\2026-09-01\Resistance_Resistance_29SEP26_Scan_1_9_2026_124724.xlsx,True,91,Symbol,,,,,,,Price,,,Price Chg%,,,,,,,
D:\My-data\Share_P&L\Ichart Data\Screenshot\September26\2026-09-01\Resistance_Resistance_29SEP26_Scan_1_9_2026_125234.xlsx,True,91,Symbol,,,,,,,Price,,,Price Chg%,,,,,,,
D:\My-data\Share_P&L\Ichart Data\Screenshot\September26\2026-09-01\Resistance_Resistance_29SEP26_Scan_1_9_2026_125743.xlsx,True,89,Symbol,,,,,,,Price,,,Price Chg%,,,,,,,
D:\My-data\Share_P&L\Ichart Data\Screenshot\September26\2026-09-01\Resistance_Resistance_29SEP26_Scan_1_9_2026_130252.xlsx,True,90,Symbol,,,,,,,Price,,,Price Chg%,,,,,,,
D:\My-data\Share_P&L\Ichart Data\Screenshot\September26\2026-09-01\Resistance_Resistance_29SEP26_Scan_1_9_2026_130802.xlsx,True,89,Symbol,,,,,,,Price,,,Price Chg%,,,,,,,
D:\My-data\Share_P&L\Ichart Data\Screenshot\September26\2026-09-01\Resistance_Resistance_29SEP26_Scan_1_9_2026_131311.xlsx,True,90,Symbol,,,,,,,Price,,,Price Chg%,,,,,,,
D:\My-data\Share_P&L\Ichart Data\Screenshot\September26\2026-09-01\Resistance_Resistance_29SEP26_Scan_1_9_2026_131821.xlsx,True,84,Symbol,,,,,,,Price,,,Price Chg%,,,,,,,
D:\My-data\Share_P&L\Ichart Data\Screenshot\September26\2026-09-01\Resistance_Resistance_29SEP26_Scan_1_9_2026_132331.xlsx,True,87,Symbol,,,,,,,Price,,,Price Chg%,,,,,,,
D:\My-data\Share_P&L\Ichart Data\Screenshot\September26\2026-09-01\Resistance_Resistance_29SEP26_Scan_1_9_2026_132840.xlsx,True,85,Symbol,,,,,,,Price,,,Price Chg%,,,,,,,
D:\My-data\Share_P&L\Ichart Data\Screenshot\September26\2026-09-01\Resistance_Resistance_29SEP26_Scan_1_9_2026_133350.xlsx,True,86,Symbol,,,,,,,Price,,,Price Chg%,,,,,,,
D:\My-data\Share_P&L\Ichart Data\Screenshot\September26\2026-09-01\Sector_Summary_29SEP26_Report_1_9_2026.xlsx,True,47,,,,,,,,,,,Price chg (%),OI chg (%),,,,,Volume chg (%),Buildup
D:\My-data\Share_P&L\Ichart Data\Screenshot\September26\2026-09-01\Sector_Summary_29SEP26_Report_1_9_2026_092532.xlsx,True,49,,,,,,,,,,,Price chg (%),OI chg (%),,,,,Volume chg (%),Buildup
D:\My-data\Share_P&L\Ichart Data\Screenshot\September26\2026-09-01\Sector_Summary_29SEP26_Report_1_9_2026_093041.xlsx,True,48,,,,,,,,,,,Price chg (%),OI chg (%),,,,,Volume chg (%),Buildup
D:\My-data\Share_P&L\Ichart Data\Screenshot\September26\2026-09-01\Sector_Summary_29SEP26_Report_1_9_2026_093549.xlsx,True,48,,,,,,,,,,,Price chg (%),OI chg (%),,,,,Volume chg (%),Buildup
D:\My-data\Share_P&L\Ichart Data\Screenshot\September26\2026-09-01\Sector_Summary_29SEP26_Report_1_9_2026_094057.xlsx,True,48,,,,,,,,,,,Price chg (%),OI chg (%),,,,,Volume chg (%),Buildup
D:\My-data\Share_P&L\Ichart Data\Screenshot\September26\2026-09-01\Sector_Summary_29SEP26_Report_1_9_2026_094605.xlsx,True,49,,,,,,,,,,,Price chg (%),OI chg (%),,,,,Volume chg (%),Buildup
D:\My-data\Share_P&L\Ichart Data\Screenshot\September26\2026-09-01\Sector_Summary_29SEP26_Report_1_9_2026_095115.xlsx,True,47,,,,,,,,,,,Price chg (%),OI chg (%),,,,,Volume chg (%),Buildup
D:\My-data\Share_P&L\Ichart Data\Screenshot\September26\2026-09-01\Sector_Summary_29SEP26_Report_1_9_2026_095623.xlsx,True,47,,,,,,,,,,,Price chg (%),OI chg (%),,,,,Volume chg (%),Buildup
D:\My-data\Share_P&L\Ichart Data\Screenshot\September26\2026-09-01\Sector_Summary_29SEP26_Report_1_9_2026_100131.xlsx,True,48,,,,,,,,,,,Price chg (%),OI chg (%),,,,,Volume chg (%),Buildup
D:\My-data\Share_P&L\Ichart Data\Screenshot\September26\2026-09-01\Sector_Summary_29SEP26_Report_1_9_2026_100642.xlsx,True,47,,,,,,,,,,,Price chg (%),OI chg (%),,,,,Volume chg (%),Buildup
D:\My-data\Share_P&L\Ichart Data\Screenshot\September26\2026-09-01\Sector_Summary_29SEP26_Report_1_9_2026_101150.xlsx,True,49,,,,,,,,,,,Price chg (%),OI chg (%),,,,,Volume chg (%),Buildup
D:\My-data\Share_P&L\Ichart Data\Screenshot\September26\2026-09-01\Sector_Summary_29SEP26_Report_1_9_2026_101658.xlsx,True,47,,,,,,,,,,,Price chg (%),OI chg (%),,,,,Volume chg (%),Buildup
D:\My-data\Share_P&L\Ichart Data\Screenshot\September26\2026-09-01\Sector_Summary_29SEP26_Report_1_9_2026_102207.xlsx,True,48,,,,,,,,,,,Price chg (%),OI chg (%),,,,,Volume chg (%),Buildup
D:\My-data\Share_P&L\Ichart Data\Screenshot\September26\2026-09-01\Sector_Summary_29SEP26_Report_1_9_2026_102716.xlsx,True,48,,,,,,,,,,,Price chg (%),OI chg (%),,,,,Volume chg (%),Buildup
D:\My-data\Share_P&L\Ichart Data\Screenshot\September26\2026-09-01\Sector_Summary_29SEP26_Report_1_9_2026_103226.xlsx,True,48,,,,,,,,,,,Price chg (%),OI chg (%),,,,,Volume chg (%),Buildup
D:\My-data\Share_P&L\Ichart Data\Screenshot\September26\2026-09-01\Sector_Summary_29SEP26_Report_1_9_2026_103734.xlsx,True,49,,,,,,,,,,,Price chg (%),OI chg (%),,,,,Volume chg (%),Buildup
D:\My-data\Share_P&L\Ichart Data\Screenshot\September26\2026-09-01\Sector_Summary_29SEP26_Report_1_9_2026_104242.xlsx,True,49,,,,,,,,,,,Price chg (%),OI chg (%),,,,,Volume chg (%),Buildup
D:\My-data\Share_P&L\Ichart Data\Screenshot\September26\2026-09-01\Sector_Summary_29SEP26_Report_1_9_2026_104750.xlsx,True,48,,,,,,,,,,,Price chg (%),OI chg (%),,,,,Volume chg (%),Buildup
D:\My-data\Share_P&L\Ichart Data\Screenshot\September26\2026-09-01\Sector_Summary_29SEP26_Report_1_9_2026_105258.xlsx,True,48,,,,,,,,,,,Price chg (%),OI chg (%),,,,,Volume chg (%),Buildup
D:\My-data\Share_P&L\Ichart Data\Screenshot\September26\2026-09-01\Sector_Summary_29SEP26_Report_1_9_2026_105807.xlsx,True,47,,,,,,,,,,,Price chg (%),OI chg (%),,,,,Volume chg (%),Buildup
D:\My-data\Share_P&L\Ichart Data\Screenshot\September26\2026-09-01\Sector_Summary_29SEP26_Report_1_9_2026_110315.xlsx,True,48,,,,,,,,,,,Price chg (%),OI chg (%),,,,,Volume chg (%),Buildup
D:\My-data\Share_P&L\Ichart Data\Screenshot\September26\2026-09-01\Sector_Summary_29SEP26_Report_1_9_2026_110824.xlsx,True,48,,,,,,,,,,,Price chg (%),OI chg (%),,,,,Volume chg (%),Buildup
D:\My-data\Share_P&L\Ichart Data\Screenshot\September26\2026-09-01\Sector_Summary_29SEP26_Report_1_9_2026_111332.xlsx,True,49,,,,,,,,,,,Price chg (%),OI chg (%),,,,,Volume chg (%),Buildup
D:\My-data\Share_P&L\Ichart Data\Screenshot\September26\2026-09-01\Sector_Summary_29SEP26_Report_1_9_2026_111839.xlsx,True,49,,,,,,,,,,,Price chg (%),OI chg (%),,,,,Volume chg (%),Buildup
D:\My-data\Share_P&L\Ichart Data\Screenshot\September26\2026-09-01\Sector_Summary_29SEP26_Report_1_9_2026_112348.xlsx,True,49,,,,,,,,,,,Price chg (%),OI chg (%),,,,,Volume chg (%),Buildup
D:\My-data\Share_P&L\Ichart Data\Screenshot\September26\2026-09-01\Sector_Summary_29SEP26_Report_1_9_2026_112856.xlsx,True,49,,,,,,,,,,,Price chg (%),OI chg (%),,,,,Volume chg (%),Buildup
D:\My-data\Share_P&L\Ichart Data\Screenshot\September26\2026-09-01\Sector_Summary_29SEP26_Report_1_9_2026_113405.xlsx,True,49,,,,,,,,,,,Price chg (%),OI chg (%),,,,,Volume chg (%),Buildup
D:\My-data\Share_P&L\Ichart Data\Screenshot\September26\2026-09-01\Sector_Summary_29SEP26_Report_1_9_2026_113915.xlsx,True,49,,,,,,,,,,,Price chg (%),OI chg (%),,,,,Volume chg (%),Buildup
D:\My-data\Share_P&L\Ichart Data\Screenshot\September26\2026-09-01\Sector_Summary_29SEP26_Report_1_9_2026_114425.xlsx,True,49,,,,,,,,,,,Price chg (%),OI chg (%),,,,,Volume chg (%),Buildup
D:\My-data\Share_P&L\Ichart Data\Screenshot\September26\2026-09-01\Sector_Summary_29SEP26_Report_1_9_2026_114934.xlsx,True,47,,,,,,,,,,,Price chg (%),OI chg (%),,,,,Volume chg (%),Buildup
D:\My-data\Share_P&L\Ichart Data\Screenshot\September26\2026-09-01\Sector_Summary_29SEP26_Report_1_9_2026_115443.xlsx,True,48,,,,,,,,,,,Price chg (%),OI chg (%),,,,,Volume chg (%),Buildup
D:\My-data\Share_P&L\Ichart Data\Screenshot\September26\2026-09-01\Sector_Summary_29SEP26_Report_1_9_2026_115956.xlsx,True,48,,,,,,,,,,,Price chg (%),OI chg (%),,,,,Volume chg (%),Buildup
D:\My-data\Share_P&L\Ichart Data\Screenshot\September26\2026-09-01\Sector_Summary_29SEP26_Report_1_9_2026_120505.xlsx,True,49,,,,,,,,,,,Price chg (%),OI chg (%),,,,,Volume chg (%),Buildup
D:\My-data\Share_P&L\Ichart Data\Screenshot\September26\2026-09-01\Sector_Summary_29SEP26_Report_1_9_2026_121014.xlsx,True,49,,,,,,,,,,,Price chg (%),OI chg (%),,,,,Volume chg (%),Buildup
D:\My-data\Share_P&L\Ichart Data\Screenshot\September26\2026-09-01\Sector_Summary_29SEP26_Report_1_9_2026_121524.xlsx,True,49,,,,,,,,,,,Price chg (%),OI chg (%),,,,,Volume chg (%),Buildup
D:\My-data\Share_P&L\Ichart Data\Screenshot\September26\2026-09-01\Sector_Summary_29SEP26_Report_1_9_2026_122032.xlsx,True,49,,,,,,,,,,,Price chg (%),OI chg (%),,,,,Volume chg (%),Buildup
D:\My-data\Share_P&L\Ichart Data\Screenshot\September26\2026-09-01\Sector_Summary_29SEP26_Report_1_9_2026_122542.xlsx,True,49,,,,,,,,,,,Price chg (%),OI chg (%),,,,,Volume chg (%),Buildup
D:\My-data\Share_P&L\Ichart Data\Screenshot\September26\2026-09-01\Sector_Summary_29SEP26_Report_1_9_2026_123051.xlsx,True,49,,,,,,,,,,,Price chg (%),OI chg (%),,,,,Volume chg (%),Buildup
D:\My-data\Share_P&L\Ichart Data\Screenshot\September26\2026-09-01\Sector_Summary_29SEP26_Report_1_9_2026_123600.xlsx,True,49,,,,,,,,,,,Price chg (%),OI chg (%),,,,,Volume chg (%),Buildup
D:\My-data\Share_P&L\Ichart Data\Screenshot\September26\2026-09-01\Sector_Summary_29SEP26_Report_1_9_2026_124625.xlsx,True,49,,,,,,,,,,,Price chg (%),OI chg (%),,,,,Volume chg (%),Buildup
D:\My-data\Share_P&L\Ichart Data\Screenshot\September26\2026-09-01\Sector_Summary_29SEP26_Report_1_9_2026_125133.xlsx,True,49,,,,,,,,,,,Price chg (%),OI chg (%),,,,,Volume chg (%),Buildup
D:\My-data\Share_P&L\Ichart Data\Screenshot\September26\2026-09-01\Sector_Summary_29SEP26_Report_1_9_2026_125641.xlsx,True,48,,,,,,,,,,,Price chg (%),OI chg (%),,,,,Volume chg (%),Buildup
D:\My-data\Share_P&L\Ichart Data\Screenshot\September26\2026-09-01\Sector_Summary_29SEP26_Report_1_9_2026_130149.xlsx,True,49,,,,,,,,,,,Price chg (%),OI chg (%),,,,,Volume chg (%),Buildup
D:\My-data\Share_P&L\Ichart Data\Screenshot\September26\2026-09-01\Sector_Summary_29SEP26_Report_1_9_2026_130656.xlsx,True,49,,,,,,,,,,,Price chg (%),OI chg (%),,,,,Volume chg (%),Buildup
D:\My-data\Share_P&L\Ichart Data\Screenshot\September26\2026-09-01\Sector_Summary_29SEP26_Report_1_9_2026_131205.xlsx,True,48,,,,,,,,,,,Price chg (%),OI chg (%),,,,,Volume chg (%),Buildup
D:\My-data\Share_P&L\Ichart Data\Screenshot\September26\2026-09-01\Sector_Summary_29SEP26_Report_1_9_2026_131713.xlsx,True,48,,,,,,,,,,,Price chg (%),OI chg (%),,,,,Volume chg (%),Buildup
D:\My-data\Share_P&L\Ichart Data\Screenshot\September26\2026-09-01\Sector_Summary_29SEP26_Report_1_9_2026_132221.xlsx,True,48,,,,,,,,,,,Price chg (%),OI chg (%),,,,,Volume chg (%),Buildup
D:\My-data\Share_P&L\Ichart Data\Screenshot\September26\2026-09-01\Sector_Summary_29SEP26_Report_1_9_2026_132730.xlsx,True,49,,,,,,,,,,,Price chg (%),OI chg (%),,,,,Volume chg (%),Buildup
D:\My-data\Share_P&L\Ichart Data\Screenshot\September26\2026-09-01\Sector_Summary_29SEP26_Report_1_9_2026_133237.xlsx,True,49,,,,,,,,,,,Price chg (%),OI chg (%),,,,,Volume chg (%),Buildup
D:\My-data\Share_P&L\Ichart Data\Screenshot\September26\2026-09-01\Sector_Summary_29SEP26_Report_1_9_2026_133744.xlsx,True,48,,,,,,,,,,,Price chg (%),OI chg (%),,,,,Volume chg (%),Buildup
D:\My-data\Share_P&L\Ichart Data\Screenshot\September26\2026-09-01\Support_Resistance_29SEP26_Scan_1_9_2026.xlsx,True,124,Symbol,,,,,,,Price,,,Price Chg%,,,,,,,
D:\My-data\Share_P&L\Ichart Data\Screenshot\September26\2026-09-01\Support_Resistance_29SEP26_Scan_1_9_2026_092549.xlsx,True,128,Symbol,,,,,,,Price,,,Price Chg%,,,,,,,
D:\My-data\Share_P&L\Ichart Data\Screenshot\September26\2026-09-01\Support_Resistance_29SEP26_Scan_1_9_2026_093059.xlsx,True,125,Symbol,,,,,,,Price,,,Price Chg%,,,,,,,
D:\My-data\Share_P&L\Ichart Data\Screenshot\September26\2026-09-01\Support_Resistance_29SEP26_Scan_1_9_2026_093610.xlsx,True,125,Symbol,,,,,,,Price,,,Price Chg%,,,,,,,
D:\My-data\Share_P&L\Ichart Data\Screenshot\September26\2026-09-01\Support_Resistance_29SEP26_Scan_1_9_2026_094120.xlsx,True,124,Symbol,,,,,,,Price,,,Price Chg%,,,,,,,
D:\My-data\Share_P&L\Ichart Data\Screenshot\September26\2026-09-01\Support_Resistance_29SEP26_Scan_1_9_2026_094630.xlsx,True,125,Symbol,,,,,,,Price,,,Price Chg%,,,,,,,
D:\My-data\Share_P&L\Ichart Data\Screenshot\September26\2026-09-01\Support_Resistance_29SEP26_Scan_1_9_2026_095140.xlsx,True,124,Symbol,,,,,,,Price,,,Price Chg%,,,,,,,
D:\My-data\Share_P&L\Ichart Data\Screenshot\September26\2026-09-01\Support_Resistance_29SEP26_Scan_1_9_2026_095650.xlsx,True,125,Symbol,,,,,,,Price,,,Price Chg%,,,,,,,
D:\My-data\Share_P&L\Ichart Data\Screenshot\September26\2026-09-01\Support_Resistance_29SEP26_Scan_1_9_2026_100159.xlsx,True,126,Symbol,,,,,,,Price,,,Price Chg%,,,,,,,
D:\My-data\Share_P&L\Ichart Data\Screenshot\September26\2026-09-01\Support_Resistance_29SEP26_Scan_1_9_2026_100708.xlsx,True,126,Symbol,,,,,,,Price,,,Price Chg%,,,,,,,
D:\My-data\Share_P&L\Ichart Data\Screenshot\September26\2026-09-01\Support_Resistance_29SEP26_Scan_1_9_2026_101217.xlsx,True,123,Symbol,,,,,,,Price,,,Price Chg%,,,,,,,
D:\My-data\Share_P&L\Ichart Data\Screenshot\September26\2026-09-01\Support_Resistance_29SEP26_Scan_1_9_2026_101728.xlsx,True,123,Symbol,,,,,,,Price,,,Price Chg%,,,,,,,
D:\My-data\Share_P&L\Ichart Data\Screenshot\September26\2026-09-01\Support_Resistance_29SEP26_Scan_1_9_2026_102238.xlsx,True,121,Symbol,,,,,,,Price,,,Price Chg%,,,,,,,
D:\My-data\Share_P&L\Ichart Data\Screenshot\September26\2026-09-01\Support_Resistance_29SEP26_Scan_1_9_2026_102749.xlsx,True,122,Symbol,,,,,,,Price,,,Price Chg%,,,,,,,
D:\My-data\Share_P&L\Ichart Data\Screenshot\September26\2026-09-01\Support_Resistance_29SEP26_Scan_1_9_2026_103258.xlsx,True,120,Symbol,,,,,,,Price,,,Price Chg%,,,,,,,
D:\My-data\Share_P&L\Ichart Data\Screenshot\September26\2026-09-01\Support_Resistance_29SEP26_Scan_1_9_2026_103807.xlsx,True,120,Symbol,,,,,,,Price,,,Price Chg%,,,,,,,
D:\My-data\Share_P&L\Ichart Data\Screenshot\September26\2026-09-01\Support_Resistance_29SEP26_Scan_1_9_2026_104315.xlsx,True,118,Symbol,,,,,,,Price,,,Price Chg%,,,,,,,
D:\My-data\Share_P&L\Ichart Data\Screenshot\September26\2026-09-01\Support_Resistance_29SEP26_Scan_1_9_2026_104826.xlsx,True,119,Symbol,,,,,,,Price,,,Price Chg%,,,,,,,
D:\My-data\Share_P&L\Ichart Data\Screenshot\September26\2026-09-01\Support_Resistance_29SEP26_Scan_1_9_2026_105335.xlsx,True,119,Symbol,,,,,,,Price,,,Price Chg%,,,,,,,
D:\My-data\Share_P&L\Ichart Data\Screenshot\September26\2026-09-01\Support_Resistance_29SEP26_Scan_1_9_2026_105845.xlsx,True,118,Symbol,,,,,,,Price,,,Price Chg%,,,,,,,
D:\My-data\Share_P&L\Ichart Data\Screenshot\September26\2026-09-01\Support_Resistance_29SEP26_Scan_1_9_2026_110356.xlsx,True,117,Symbol,,,,,,,Price,,,Price Chg%,,,,,,,
D:\My-data\Share_P&L\Ichart Data\Screenshot\September26\2026-09-01\Support_Resistance_29SEP26_Scan_1_9_2026_110906.xlsx,True,117,Symbol,,,,,,,Price,,,Price Chg%,,,,,,,
D:\My-data\Share_P&L\Ichart Data\Screenshot\September26\2026-09-01\Support_Resistance_29SEP26_Scan_1_9_2026_111417.xlsx,True,115,Symbol,,,,,,,Price,,,Price Chg%,,,,,,,
D:\My-data\Share_P&L\Ichart Data\Screenshot\September26\2026-09-01\Support_Resistance_29SEP26_Scan_1_9_2026_111928.xlsx,True,117,Symbol,,,,,,,Price,,,Price Chg%,,,,,,,
D:\My-data\Share_P&L\Ichart Data\Screenshot\September26\2026-09-01\Support_Resistance_29SEP26_Scan_1_9_2026_112437.xlsx,True,118,Symbol,,,,,,,Price,,,Price Chg%,,,,,,,
D:\My-data\Share_P&L\Ichart Data\Screenshot\September26\2026-09-01\Support_Resistance_29SEP26_Scan_1_9_2026_112947.xlsx,True,119,Symbol,,,,,,,Price,,,Price Chg%,,,,,,,
D:\My-data\Share_P&L\Ichart Data\Screenshot\September26\2026-09-01\Support_Resistance_29SEP26_Scan_1_9_2026_113456.xlsx,True,118,Symbol,,,,,,,Price,,,Price Chg%,,,,,,,
D:\My-data\Share_P&L\Ichart Data\Screenshot\September26\2026-09-01\Support_Resistance_29SEP26_Scan_1_9_2026_114509.xlsx,True,121,Symbol,,,,,,,Price,,,Price Chg%,,,,,,,
D:\My-data\Share_P&L\Ichart Data\Screenshot\September26\2026-09-01\Support_Resistance_29SEP26_Scan_1_9_2026_115022.xlsx,True,116,Symbol,,,,,,,Price,,,Price Chg%,,,,,,,
D:\My-data\Share_P&L\Ichart Data\Screenshot\September26\2026-09-01\Support_Resistance_29SEP26_Scan_1_9_2026_115532.xlsx,True,117,Symbol,,,,,,,Price,,,Price Chg%,,,,,,,
D:\My-data\Share_P&L\Ichart Data\Screenshot\September26\2026-09-01\Support_Resistance_29SEP26_Scan_1_9_2026_120041.xlsx,True,116,Symbol,,,,,,,Price,,,Price Chg%,,,,,,,
D:\My-data\Share_P&L\Ichart Data\Screenshot\September26\2026-09-01\Support_Resistance_29SEP26_Scan_1_9_2026_120550.xlsx,True,114,Symbol,,,,,,,Price,,,Price Chg%,,,,,,,
D:\My-data\Share_P&L\Ichart Data\Screenshot\September26\2026-09-01\Support_Resistance_29SEP26_Scan_1_9_2026_121104.xlsx,True,114,Symbol,,,,,,,Price,,,Price Chg%,,,,,,,
D:\My-data\Share_P&L\Ichart Data\Screenshot\September26\2026-09-01\Support_Resistance_29SEP26_Scan_1_9_2026_121615.xlsx,True,115,Symbol,,,,,,,Price,,,Price Chg%,,,,,,,
D:\My-data\Share_P&L\Ichart Data\Screenshot\September26\2026-09-01\Support_Resistance_29SEP26_Scan_1_9_2026_122125.xlsx,True,115,Symbol,,,,,,,Price,,,Price Chg%,,,,,,,
D:\My-data\Share_P&L\Ichart Data\Screenshot\September26\2026-09-01\Support_Resistance_29SEP26_Scan_1_9_2026_122635.xlsx,True,116,Symbol,,,,,,,Price,,,Price Chg%,,,,,,,
D:\My-data\Share_P&L\Ichart Data\Screenshot\September26\2026-09-01\Support_Resistance_29SEP26_Scan_1_9_2026_123146.xlsx,True,116,Symbol,,,,,,,Price,,,Price Chg%,,,,,,,
D:\My-data\Share_P&L\Ichart Data\Screenshot\September26\2026-09-01\Support_Resistance_29SEP26_Scan_1_9_2026_123655.xlsx,True,116,Symbol,,,,,,,Price,,,Price Chg%,,,,,,,
D:\My-data\Share_P&L\Ichart Data\Screenshot\September26\2026-09-01\Support_Resistance_29SEP26_Scan_1_9_2026_124705.xlsx,True,119,Symbol,,,,,,,Price,,,Price Chg%,,,,,,,
D:\My-data\Share_P&L\Ichart Data\Screenshot\September26\2026-09-01\Support_Resistance_29SEP26_Scan_1_9_2026_125216.xlsx,True,120,Symbol,,,,,,,Price,,,Price Chg%,,,,,,,
D:\My-data\Share_P&L\Ichart Data\Screenshot\September26\2026-09-01\Support_Resistance_29SEP26_Scan_1_9_2026_125726.xlsx,True,121,Symbol,,,,,,,Price,,,Price Chg%,,,,,,,
D:\My-data\Share_P&L\Ichart Data\Screenshot\September26\2026-09-01\Support_Resistance_29SEP26_Scan_1_9_2026_130237.xlsx,True,121,Symbol,,,,,,,Price,,,Price Chg%,,,,,,,
D:\My-data\Share_P&L\Ichart Data\Screenshot\September26\2026-09-01\Support_Resistance_29SEP26_Scan_1_9_2026_130746.xlsx,True,119,Symbol,,,,,,,Price,,,Price Chg%,,,,,,,
D:\My-data\Share_P&L\Ichart Data\Screenshot\September26\2026-09-01\Support_Resistance_29SEP26_Scan_1_9_2026_131257.xlsx,True,120,Symbol,,,,,,,Price,,,Price Chg%,,,,,,,
D:\My-data\Share_P&L\Ichart Data\Screenshot\September26\2026-09-01\Support_Resistance_29SEP26_Scan_1_9_2026_131807.xlsx,True,120,Symbol,,,,,,,Price,,,Price Chg%,,,,,,,
D:\My-data\Share_P&L\Ichart Data\Screenshot\September26\2026-09-01\Support_Resistance_29SEP26_Scan_1_9_2026_132318.xlsx,True,122,Symbol,,,,,,,Price,,,Price Chg%,,,,,,,
D:\My-data\Share_P&L\Ichart Data\Screenshot\September26\2026-09-01\Support_Resistance_29SEP26_Scan_1_9_2026_132827.xlsx,True,123,Symbol,,,,,,,Price,,,Price Chg%,,,,,,,
D:\My-data\Share_P&L\Ichart Data\Screenshot\September26\2026-09-01\Support_Resistance_29SEP26_Scan_1_9_2026_133336.xlsx,True,121,Symbol,,,,,,,Price,,,Price Chg%,,,,,,,
D:\My-data\Share_P&L\Ichart Data\Screenshot\September26\2026-09-01\VolumeAndOISpikesScans_29SEP26_Report_1_9_2026.xlsx,True,219,Symbol,,,,,,,Price,,,Price chg (%),OI chg (%),,,,,Volume Chg (%),
D:\My-data\Share_P&L\Ichart Data\Screenshot\September26\2026-09-01\VolumeAndOISpikesScans_29SEP26_Report_1_9_2026_092538.xlsx,True,219,Symbol,,,,,,,Price,,,Price chg (%),OI chg (%),,,,,Volume Chg (%),
D:\My-data\Share_P&L\Ichart Data\Screenshot\September26\2026-09-01\VolumeAndOISpikesScans_29SEP26_Report_1_9_2026_093048.xlsx,True,219,Symbol,,,,,,,Price,,,Price chg (%),OI chg (%),,,,,Volume Chg (%),
D:\My-data\Share_P&L\Ichart Data\Screenshot\September26\2026-09-01\VolumeAndOISpikesScans_29SEP26_Report_1_9_2026_093555.xlsx,True,219,Symbol,,,,,,,Price,,,Price chg (%),OI chg (%),,,,,Volume Chg (%),
D:\My-data\Share_P&L\Ichart Data\Screenshot\September26\2026-09-01\VolumeAndOISpikesScans_29SEP26_Report_1_9_2026_094104.xlsx,True,219,Symbol,,,,,,,Price,,,Price chg (%),OI chg (%),,,,,Volume Chg (%),
D:\My-data\Share_P&L\Ichart Data\Screenshot\September26\2026-09-01\VolumeAndOISpikesScans_29SEP26_Report_1_9_2026_094612.xlsx,True,219,Symbol,,,,,,,Price,,,Price chg (%),OI chg (%),,,,,Volume Chg (%),
D:\My-data\Share_P&L\Ichart Data\Screenshot\September26\2026-09-01\VolumeAndOISpikesScans_29SEP26_Report_1_9_2026_095122.xlsx,True,219,Symbol,,,,,,,Price,,,Price chg (%),OI chg (%),,,,,Volume Chg (%),
D:\My-data\Share_P&L\Ichart Data\Screenshot\September26\2026-09-01\VolumeAndOISpikesScans_29SEP26_Report_1_9_2026_095630.xlsx,True,219,Symbol,,,,,,,Price,,,Price chg (%),OI chg (%),,,,,Volume Chg (%),
D:\My-data\Share_P&L\Ichart Data\Screenshot\September26\2026-09-01\VolumeAndOISpikesScans_29SEP26_Report_1_9_2026_100138.xlsx,True,219,Symbol,,,,,,,Price,,,Price chg (%),OI chg (%),,,,,Volume Chg (%),
D:\My-data\Share_P&L\Ichart Data\Screenshot\September26\2026-09-01\VolumeAndOISpikesScans_29SEP26_Report_1_9_2026_100649.xlsx,True,219,Symbol,,,,,,,Price,,,Price chg (%),OI chg (%),,,,,Volume Chg (%),
D:\My-data\Share_P&L\Ichart Data\Screenshot\September26\2026-09-01\VolumeAndOISpikesScans_29SEP26_Report_1_9_2026_101157.xlsx,True,219,Symbol,,,,,,,Price,,,Price chg (%),OI chg (%),,,,,Volume Chg (%),
D:\My-data\Share_P&L\Ichart Data\Screenshot\September26\2026-09-01\VolumeAndOISpikesScans_29SEP26_Report_1_9_2026_101705.xlsx,True,219,Symbol,,,,,,,Price,,,Price chg (%),OI chg (%),,,,,Volume Chg (%),
D:\My-data\Share_P&L\Ichart Data\Screenshot\September26\2026-09-01\VolumeAndOISpikesScans_29SEP26_Report_1_9_2026_102214.xlsx,True,219,Symbol,,,,,,,Price,,,Price chg (%),OI chg (%),,,,,Volume Chg (%),
D:\My-data\Share_P&L\Ichart Data\Screenshot\September26\2026-09-01\VolumeAndOISpikesScans_29SEP26_Report_1_9_2026_102722.xlsx,True,219,Symbol,,,,,,,Price,,,Price chg (%),OI chg (%),,,,,Volume Chg (%),
D:\My-data\Share_P&L\Ichart Data\Screenshot\September26\2026-09-01\VolumeAndOISpikesScans_29SEP26_Report_1_9_2026_103233.xlsx,True,219,Symbol,,,,,,,Price,,,Price chg (%),OI chg (%),,,,,Volume Chg (%),
D:\My-data\Share_P&L\Ichart Data\Screenshot\September26\2026-09-01\VolumeAndOISpikesScans_29SEP26_Report_1_9_2026_103741.xlsx,True,219,Symbol,,,,,,,Price,,,Price chg (%),OI chg (%),,,,,Volume Chg (%),
D:\My-data\Share_P&L\Ichart Data\Screenshot\September26\2026-09-01\VolumeAndOISpikesScans_29SEP26_Report_1_9_2026_104249.xlsx,True,219,Symbol,,,,,,,Price,,,Price chg (%),OI chg (%),,,,,Volume Chg (%),
D:\My-data\Share_P&L\Ichart Data\Screenshot\September26\2026-09-01\VolumeAndOISpikesScans_29SEP26_Report_1_9_2026_104757.xlsx,True,219,Symbol,,,,,,,Price,,,Price chg (%),OI chg (%),,,,,Volume Chg (%),
D:\My-data\Share_P&L\Ichart Data\Screenshot\September26\2026-09-01\VolumeAndOISpikesScans_29SEP26_Report_1_9_2026_105306.xlsx,True,219,Symbol,,,,,,,Price,,,Price chg (%),OI chg (%),,,,,Volume Chg (%),
D:\My-data\Share_P&L\Ichart Data\Screenshot\September26\2026-09-01\VolumeAndOISpikesScans_29SEP26_Report_1_9_2026_105814.xlsx,True,219,Symbol,,,,,,,Price,,,Price chg (%),OI chg (%),,,,,Volume Chg (%),
D:\My-data\Share_P&L\Ichart Data\Screenshot\September26\2026-09-01\VolumeAndOISpikesScans_29SEP26_Report_1_9_2026_110322.xlsx,True,219,Symbol,,,,,,,Price,,,Price chg (%),OI chg (%),,,,,Volume Chg (%),
D:\My-data\Share_P&L\Ichart Data\Screenshot\September26\2026-09-01\VolumeAndOISpikesScans_29SEP26_Report_1_9_2026_110831.xlsx,True,219,Symbol,,,,,,,Price,,,Price chg (%),OI chg (%),,,,,Volume Chg (%),
D:\My-data\Share_P&L\Ichart Data\Screenshot\September26\2026-09-01\VolumeAndOISpikesScans_29SEP26_Report_1_9_2026_111339.xlsx,True,219,Symbol,,,,,,,Price,,,Price chg (%),OI chg (%),,,,,Volume Chg (%),
D:\My-data\Share_P&L\Ichart Data\Screenshot\September26\2026-09-01\VolumeAndOISpikesScans_29SEP26_Report_1_9_2026_111846.xlsx,True,219,Symbol,,,,,,,Price,,,Price chg (%),OI chg (%),,,,,Volume Chg (%),
D:\My-data\Share_P&L\Ichart Data\Screenshot\September26\2026-09-01\VolumeAndOISpikesScans_29SEP26_Report_1_9_2026_112355.xlsx,True,219,Symbol,,,,,,,Price,,,Price chg (%),OI chg (%),,,,,Volume Chg (%),
D:\My-data\Share_P&L\Ichart Data\Screenshot\September26\2026-09-01\VolumeAndOISpikesScans_29SEP26_Report_1_9_2026_112903.xlsx,True,219,Symbol,,,,,,,Price,,,Price chg (%),OI chg (%),,,,,Volume Chg (%),
D:\My-data\Share_P&L\Ichart Data\Screenshot\September26\2026-09-01\VolumeAndOISpikesScans_29SEP26_Report_1_9_2026_113412.xlsx,True,219,Symbol,,,,,,,Price,,,Price chg (%),OI chg (%),,,,,Volume Chg (%),
D:\My-data\Share_P&L\Ichart Data\Screenshot\September26\2026-09-01\VolumeAndOISpikesScans_29SEP26_Report_1_9_2026_113924.xlsx,True,219,Symbol,,,,,,,Price,,,Price chg (%),OI chg (%),,,,,Volume Chg (%),
D:\My-data\Share_P&L\Ichart Data\Screenshot\September26\2026-09-01\VolumeAndOISpikesScans_29SEP26_Report_1_9_2026_114432.xlsx,True,219,Symbol,,,,,,,Price,,,Price chg (%),OI chg (%),,,,,Volume Chg (%),
D:\My-data\Share_P&L\Ichart Data\Screenshot\September26\2026-09-01\VolumeAndOISpikesScans_29SEP26_Report_1_9_2026_114941.xlsx,True,219,Symbol,,,,,,,Price,,,Price chg (%),OI chg (%),,,,,Volume Chg (%),
D:\My-data\Share_P&L\Ichart Data\Screenshot\September26\2026-09-01\VolumeAndOISpikesScans_29SEP26_Report_1_9_2026_115451.xlsx,True,219,Symbol,,,,,,,Price,,,Price chg (%),OI chg (%),,,,,Volume Chg (%),
D:\My-data\Share_P&L\Ichart Data\Screenshot\September26\2026-09-01\VolumeAndOISpikesScans_29SEP26_Report_1_9_2026_120003.xlsx,True,219,Symbol,,,,,,,Price,,,Price chg (%),OI chg (%),,,,,Volume Chg (%),
D:\My-data\Share_P&L\Ichart Data\Screenshot\September26\2026-09-01\VolumeAndOISpikesScans_29SEP26_Report_1_9_2026_120513.xlsx,True,219,Symbol,,,,,,,Price,,,Price chg (%),OI chg (%),,,,,Volume Chg (%),
D:\My-data\Share_P&L\Ichart Data\Screenshot\September26\2026-09-01\VolumeAndOISpikesScans_29SEP26_Report_1_9_2026_121023.xlsx,True,219,Symbol,,,,,,,Price,,,Price chg (%),OI chg (%),,,,,Volume Chg (%),
D:\My-data\Share_P&L\Ichart Data\Screenshot\September26\2026-09-01\VolumeAndOISpikesScans_29SEP26_Report_1_9_2026_121531.xlsx,True,219,Symbol,,,,,,,Price,,,Price chg (%),OI chg (%),,,,,Volume Chg (%),
D:\My-data\Share_P&L\Ichart Data\Screenshot\September26\2026-09-01\VolumeAndOISpikesScans_29SEP26_Report_1_9_2026_122040.xlsx,True,219,Symbol,,,,,,,Price,,,Price chg (%),OI chg (%),,,,,Volume Chg (%),
D:\My-data\Share_P&L\Ichart Data\Screenshot\September26\2026-09-01\VolumeAndOISpikesScans_29SEP26_Report_1_9_2026_122549.xlsx,True,219,Symbol,,,,,,,Price,,,Price chg (%),OI chg (%),,,,,Volume Chg (%),
D:\My-data\Share_P&L\Ichart Data\Screenshot\September26\2026-09-01\VolumeAndOISpikesScans_29SEP26_Report_1_9_2026_123058.xlsx,True,219,Symbol,,,,,,,Price,,,Price chg (%),OI chg (%),,,,,Volume Chg (%),
D:\My-data\Share_P&L\Ichart Data\Screenshot\September26\2026-09-01\VolumeAndOISpikesScans_29SEP26_Report_1_9_2026_123607.xlsx,True,219,Symbol,,,,,,,Price,,,Price chg (%),OI chg (%),,,,,Volume Chg (%),
D:\My-data\Share_P&L\Ichart Data\Screenshot\September26\2026-09-01\VolumeAndOISpikesScans_29SEP26_Report_1_9_2026_124632.xlsx,True,219,Symbol,,,,,,,Price,,,Price chg (%),OI chg (%),,,,,Volume Chg (%),
D:\My-data\Share_P&L\Ichart Data\Screenshot\September26\2026-09-01\VolumeAndOISpikesScans_29SEP26_Report_1_9_2026_125140.xlsx,True,219,Symbol,,,,,,,Price,,,Price chg (%),OI chg (%),,,,,Volume Chg (%),
D:\My-data\Share_P&L\Ichart Data\Screenshot\September26\2026-09-01\VolumeAndOISpikesScans_29SEP26_Report_1_9_2026_125648.xlsx,True,219,Symbol,,,,,,,Price,,,Price chg (%),OI chg (%),,,,,Volume Chg (%),
D:\My-data\Share_P&L\Ichart Data\Screenshot\September26\2026-09-01\VolumeAndOISpikesScans_29SEP26_Report_1_9_2026_130156.xlsx,True,219,Symbol,,,,,,,Price,,,Price chg (%),OI chg (%),,,,,Volume Chg (%),
D:\My-data\Share_P&L\Ichart Data\Screenshot\September26\2026-09-01\VolumeAndOISpikesScans_29SEP26_Report_1_9_2026_130704.xlsx,True,219,Symbol,,,,,,,Price,,,Price chg (%),OI chg (%),,,,,Volume Chg (%),
D:\My-data\Share_P&L\Ichart Data\Screenshot\September26\2026-09-01\VolumeAndOISpikesScans_29SEP26_Report_1_9_2026_131213.xlsx,True,219,Symbol,,,,,,,Price,,,Price chg (%),OI chg (%),,,,,Volume Chg (%),
D:\My-data\Share_P&L\Ichart Data\Screenshot\September26\2026-09-01\VolumeAndOISpikesScans_29SEP26_Report_1_9_2026_131721.xlsx,True,219,Symbol,,,,,,,Price,,,Price chg (%),OI chg (%),,,,,Volume Chg (%),
D:\My-data\Share_P&L\Ichart Data\Screenshot\September26\2026-09-01\VolumeAndOISpikesScans_29SEP26_Report_1_9_2026_132228.xlsx,True,219,Symbol,,,,,,,Price,,,Price chg (%),OI chg (%),,,,,Volume Chg (%),
D:\My-data\Share_P&L\Ichart Data\Screenshot\September26\2026-09-01\VolumeAndOISpikesScans_29SEP26_Report_1_9_2026_132737.xlsx,True,219,Symbol,,,,,,,Price,,,Price chg (%),OI chg (%),,,,,Volume Chg (%),
D:\My-data\Share_P&L\Ichart Data\Screenshot\September26\2026-09-01\VolumeAndOISpikesScans_29SEP26_Report_1_9_2026_133245.xlsx,True,219,Symbol,,,,,,,Price,,,Price chg (%),OI chg (%),,,,,Volume Chg (%),
D:\My-data\Share_P&L\Ichart Data\Screenshot\September26\2026-09-01\VolumeAndOISpikesScans_29SEP26_Report_1_9_2026_133751.xlsx,True,219,Symbol,,,,,,,Price,,,Price chg (%),OI chg (%),,,,,Volume Chg (%),
D:\My-data\Share_P&L\Ichart Data\Screenshot\September26\2026-09-02\Daywise_Price_and_OI_Summary_29SEP26_Report_2026-09-02.xlsx,True,219,Symbol,,,Open,High,Low,Close,,ATM Straddle %,ATM Straddle %,Price Chg %,OI Chg %,PCR Chg %,Tot CE OI Chg %,Tot PE OI Chg %,Tot PE-CE OI Chg,,
D:\My-data\Share_P&L\Ichart Data\Screenshot\September26\2026-09-02\Daywise_Price_and_OI_Summary_29SEP26_Report_2026-09-02_092538.xlsx,True,219,Symbol,,,Open,High,Low,Close,,ATM Straddle %,ATM Straddle %,Price Chg %,OI Chg %,PCR Chg %,Tot CE OI Chg %,Tot PE OI Chg %,Tot PE-CE OI Chg,,
D:\My-data\Share_P&L\Ichart Data\Screenshot\September26\2026-09-02\Daywise_Price_and_OI_Summary_29SEP26_Report_2026-09-02_093048.xlsx,True,219,Symbol,,,Open,High,Low,Close,,ATM Straddle %,ATM Straddle %,Price Chg %,OI Chg %,PCR Chg %,Tot CE OI Chg %,Tot PE OI Chg %,Tot PE-CE OI Chg,,
D:\My-data\Share_P&L\Ichart Data\Screenshot\September26\2026-09-02\Daywise_Price_and_OI_Summary_29SEP26_Report_2026-09-02_093557.xlsx,True,219,Symbol,,,Open,High,Low,Close,,ATM Straddle %,ATM Straddle %,Price Chg %,OI Chg %,PCR Chg %,Tot CE OI Chg %,Tot PE OI Chg %,Tot PE-CE OI Chg,,
D:\My-data\Share_P&L\Ichart Data\Screenshot\September26\2026-09-02\Daywise_Price_and_OI_Summary_29SEP26_Report_2026-09-02_094105.xlsx,True,219,Symbol,,,Open,High,Low,Close,,ATM Straddle %,ATM Straddle %,Price Chg %,OI Chg %,PCR Chg %,Tot CE OI Chg %,Tot PE OI Chg %,Tot PE-CE OI Chg,,
D:\My-data\Share_P&L\Ichart Data\Screenshot\September26\2026-09-02\Daywise_Price_and_OI_Summary_29SEP26_Report_2026-09-02_094617.xlsx,True,219,Symbol,,,Open,High,Low,Close,,ATM Straddle %,ATM Straddle %,Price Chg %,OI Chg %,PCR Chg %,Tot CE OI Chg %,Tot PE OI Chg %,Tot PE-CE OI Chg,,
D:\My-data\Share_P&L\Ichart Data\Screenshot\September26\2026-09-02\Daywise_Price_and_OI_Summary_29SEP26_Report_2026-09-02_095126.xlsx,True,219,Symbol,,,Open,High,Low,Close,,ATM Straddle %,ATM Straddle %,Price Chg %,OI Chg %,PCR Chg %,Tot CE OI Chg %,Tot PE OI Chg %,Tot PE-CE OI Chg,,
D:\My-data\Share_P&L\Ichart Data\Screenshot\September26\2026-09-02\Daywise_Price_and_OI_Summary_29SEP26_Report_2026-09-02_095636.xlsx,True,219,Symbol,,,Open,High,Low,Close,,ATM Straddle %,ATM Straddle %,Price Chg %,OI Chg %,PCR Chg %,Tot CE OI Chg %,Tot PE OI Chg %,Tot PE-CE OI Chg,,
D:\My-data\Share_P&L\Ichart Data\Screenshot\September26\2026-09-02\Daywise_Price_and_OI_Summary_29SEP26_Report_2026-09-02_100145.xlsx,True,219,Symbol,,,Open,High,Low,Close,,ATM Straddle %,ATM Straddle %,Price Chg %,OI Chg %,PCR Chg %,Tot CE OI Chg %,Tot PE OI Chg %,Tot PE-CE OI Chg,,
D:\My-data\Share_P&L\Ichart Data\Screenshot\September26\2026-09-02\Daywise_Price_and_OI_Summary_29SEP26_Report_2026-09-02_100655.xlsx,True,219,Symbol,,,Open,High,Low,Close,,ATM Straddle %,ATM Straddle %,Price Chg %,OI Chg %,PCR Chg %,Tot CE OI Chg %,Tot PE OI Chg %,Tot PE-CE OI Chg,,
D:\My-data\Share_P&L\Ichart Data\Screenshot\September26\2026-09-02\Daywise_Price_and_OI_Summary_29SEP26_Report_2026-09-02_101205.xlsx,True,219,Symbol,,,Open,High,Low,Close,,ATM Straddle %,ATM Straddle %,Price Chg %,OI Chg %,PCR Chg %,Tot CE OI Chg %,Tot PE OI Chg %,Tot PE-CE OI Chg,,
D:\My-data\Share_P&L\Ichart Data\Screenshot\September26\2026-09-02\Daywise_Price_and_OI_Summary_29SEP26_Report_2026-09-02_101714.xlsx,True,219,Symbol,,,Open,High,Low,Close,,ATM Straddle %,ATM Straddle %,Price Chg %,OI Chg %,PCR Chg %,Tot CE OI Chg %,Tot PE OI Chg %,Tot PE-CE OI Chg,,
D:\My-data\Share_P&L\Ichart Data\Screenshot\September26\2026-09-02\Daywise_Price_and_OI_Summary_29SEP26_Report_2026-09-02_102224.xlsx,True,219,Symbol,,,Open,High,Low,Close,,ATM Straddle %,ATM Straddle %,Price Chg %,OI Chg %,PCR Chg %,Tot CE OI Chg %,Tot PE OI Chg %,Tot PE-CE OI Chg,,
D:\My-data\Share_P&L\Ichart Data\Screenshot\September26\2026-09-02\Daywise_Price_and_OI_Summary_29SEP26_Report_2026-09-02_102732.xlsx,True,219,Symbol,,,Open,High,Low,Close,,ATM Straddle %,ATM Straddle %,Price Chg %,OI Chg %,PCR Chg %,Tot CE OI Chg %,Tot PE OI Chg %,Tot PE-CE OI Chg,,
D:\My-data\Share_P&L\Ichart Data\Screenshot\September26\2026-09-02\Daywise_Price_and_OI_Summary_29SEP26_Report_2026-09-02_103241.xlsx,True,219,Symbol,,,Open,High,Low,Close,,ATM Straddle %,ATM Straddle %,Price Chg %,OI Chg %,PCR Chg %,Tot CE OI Chg %,Tot PE OI Chg %,Tot PE-CE OI Chg,,
D:\My-data\Share_P&L\Ichart Data\Screenshot\September26\2026-09-02\Daywise_Price_and_OI_Summary_29SEP26_Report_2026-09-02_103749.xlsx,True,219,Symbol,,,Open,High,Low,Close,,ATM Straddle %,ATM Straddle %,Price Chg %,OI Chg %,PCR Chg %,Tot CE OI Chg %,Tot PE OI Chg %,Tot PE-CE OI Chg,,
D:\My-data\Share_P&L\Ichart Data\Screenshot\September26\2026-09-02\Daywise_Price_and_OI_Summary_29SEP26_Report_2026-09-02_104257.xlsx,True,219,Symbol,,,Open,High,Low,Close,,ATM Straddle %,ATM Straddle %,Price Chg %,OI Chg %,PCR Chg %,Tot CE OI Chg %,Tot PE OI Chg %,Tot PE-CE OI Chg,,
D:\My-data\Share_P&L\Ichart Data\Screenshot\September26\2026-09-02\Daywise_Price_and_OI_Summary_29SEP26_Report_2026-09-02_104806.xlsx,True,219,Symbol,,,Open,High,Low,Close,,ATM Straddle %,ATM Straddle %,Price Chg %,OI Chg %,PCR Chg %,Tot CE OI Chg %,Tot PE OI Chg %,Tot PE-CE OI Chg,,
D:\My-data\Share_P&L\Ichart Data\Screenshot\September26\2026-09-02\Daywise_Price_and_OI_Summary_29SEP26_Report_2026-09-02_105315.xlsx,True,219,Symbol,,,Open,High,Low,Close,,ATM Straddle %,ATM Straddle %,Price Chg %,OI Chg %,PCR Chg %,Tot CE OI Chg %,Tot PE OI Chg %,Tot PE-CE OI Chg,,
D:\My-data\Share_P&L\Ichart Data\Screenshot\September26\2026-09-02\Daywise_Price_and_OI_Summary_29SEP26_Report_2026-09-02_105823.xlsx,True,219,Symbol,,,Open,High,Low,Close,,ATM Straddle %,ATM Straddle %,Price Chg %,OI Chg %,PCR Chg %,Tot CE OI Chg %,Tot PE OI Chg %,Tot PE-CE OI Chg,,
D:\My-data\Share_P&L\Ichart Data\Screenshot\September26\2026-09-02\Daywise_Price_and_OI_Summary_29SEP26_Report_2026-09-02_110332.xlsx,True,219,Symbol,,,Open,High,Low,Close,,ATM Straddle %,ATM Straddle %,Price Chg %,OI Chg %,PCR Chg %,Tot CE OI Chg %,Tot PE OI Chg %,Tot PE-CE OI Chg,,
D:\My-data\Share_P&L\Ichart Data\Screenshot\September26\2026-09-02\Daywise_Price_and_OI_Summary_29SEP26_Report_2026-09-02_110841.xlsx,True,219,Symbol,,,Open,High,Low,Close,,ATM Straddle %,ATM Straddle %,Price Chg %,OI Chg %,PCR Chg %,Tot CE OI Chg %,Tot PE OI Chg %,Tot PE-CE OI Chg,,
D:\My-data\Share_P&L\Ichart Data\Screenshot\September26\2026-09-02\Daywise_Price_and_OI_Summary_29SEP26_Report_2026-09-02_111350.xlsx,True,219,Symbol,,,Open,High,Low,Close,,ATM Straddle %,ATM Straddle %,Price Chg %,OI Chg %,PCR Chg %,Tot CE OI Chg %,Tot PE OI Chg %,Tot PE-CE OI Chg,,
D:\My-data\Share_P&L\Ichart Data\Screenshot\September26\2026-09-02\Daywise_Price_and_OI_Summary_29SEP26_Report_2026-09-02_111900.xlsx,True,219,Symbol,,,Open,High,Low,Close,,ATM Straddle %,ATM Straddle %,Price Chg %,OI Chg %,PCR Chg %,Tot CE OI Chg %,Tot PE OI Chg %,Tot PE-CE OI Chg,,
D:\My-data\Share_P&L\Ichart Data\Screenshot\September26\2026-09-02\Daywise_Price_and_OI_Summary_29SEP26_Report_2026-09-02_112409.xlsx,True,219,Symbol,,,Open,High,Low,Close,,ATM Straddle %,ATM Straddle %,Price Chg %,OI Chg %,PCR Chg %,Tot CE OI Chg %,Tot PE OI Chg %,Tot PE-CE OI Chg,,
D:\My-data\Share_P&L\Ichart Data\Screenshot\September26\2026-09-02\Daywise_Price_and_OI_Summary_29SEP26_Report_2026-09-02_112921.xlsx,True,219,Symbol,,,Open,High,Low,Close,,ATM Straddle %,ATM Straddle %,Price Chg %,OI Chg %,PCR Chg %,Tot CE OI Chg %,Tot PE OI Chg %,Tot PE-CE OI Chg,,
D:\My-data\Share_P&L\Ichart Data\Screenshot\September26\2026-09-02\Daywise_Price_and_OI_Summary_29SEP26_Report_2026-09-02_113429.xlsx,True,219,Symbol,,,Open,High,Low,Close,,ATM Straddle %,ATM Straddle %,Price Chg %,OI Chg %,PCR Chg %,Tot CE OI Chg %,Tot PE OI Chg %,Tot PE-CE OI Chg,,
D:\My-data\Share_P&L\Ichart Data\Screenshot\September26\2026-09-02\Daywise_Price_and_OI_Summary_29SEP26_Report_2026-09-02_113939.xlsx,True,219,Symbol,,,Open,High,Low,Close,,ATM Straddle %,ATM Straddle %,Price Chg %,OI Chg %,PCR Chg %,Tot CE OI Chg %,Tot PE OI Chg %,Tot PE-CE OI Chg,,
D:\My-data\Share_P&L\Ichart Data\Screenshot\September26\2026-09-02\Daywise_Price_and_OI_Summary_29SEP26_Report_2026-09-02_114448.xlsx,True,219,Symbol,,,Open,High,Low,Close,,ATM Straddle %,ATM Straddle %,Price Chg %,OI Chg %,PCR Chg %,Tot CE OI Chg %,Tot PE OI Chg %,Tot PE-CE OI Chg,,
D:\My-data\Share_P&L\Ichart Data\Screenshot\September26\2026-09-02\Daywise_Price_and_OI_Summary_29SEP26_Report_2026-09-02_114958.xlsx,True,219,Symbol,,,Open,High,Low,Close,,ATM Straddle %,ATM Straddle %,Price Chg %,OI Chg %,PCR Chg %,Tot CE OI Chg %,Tot PE OI Chg %,Tot PE-CE OI Chg,,
D:\My-data\Share_P&L\Ichart Data\Screenshot\September26\2026-09-02\Daywise_Price_and_OI_Summary_29SEP26_Report_2026-09-02_115507.xlsx,True,219,Symbol,,,Open,High,Low,Close,,ATM Straddle %,ATM Straddle %,Price Chg %,OI Chg %,PCR Chg %,Tot CE OI Chg %,Tot PE OI Chg %,Tot PE-CE OI Chg,,
D:\My-data\Share_P&L\Ichart Data\Screenshot\September26\2026-09-02\Daywise_Price_and_OI_Summary_29SEP26_Report_2026-09-02_120017.xlsx,True,219,Symbol,,,Open,High,Low,Close,,ATM Straddle %,ATM Straddle %,Price Chg %,OI Chg %,PCR Chg %,Tot CE OI Chg %,Tot PE OI Chg %,Tot PE-CE OI Chg,,
D:\My-data\Share_P&L\Ichart Data\Screenshot\September26\2026-09-02\Daywise_Price_and_OI_Summary_29SEP26_Report_2026-09-02_120527.xlsx,True,219,Symbol,,,Open,High,Low,Close,,ATM Straddle %,ATM Straddle %,Price Chg %,OI Chg %,PCR Chg %,Tot CE OI Chg %,Tot PE OI Chg %,Tot PE-CE OI Chg,,
D:\My-data\Share_P&L\Ichart Data\Screenshot\September26\2026-09-02\Daywise_Price_and_OI_Summary_29SEP26_Report_2026-09-02_121036.xlsx,True,219,Symbol,,,Open,High,Low,Close,,ATM Straddle %,ATM Straddle %,Price Chg %,OI Chg %,PCR Chg %,Tot CE OI Chg %,Tot PE OI Chg %,Tot PE-CE OI Chg,,
D:\My-data\Share_P&L\Ichart Data\Screenshot\September26\2026-09-02\Daywise_Price_and_OI_Summary_29SEP26_Report_2026-09-02_121544.xlsx,True,219,Symbol,,,Open,High,Low,Close,,ATM Straddle %,ATM Straddle %,Price Chg %,OI Chg %,PCR Chg %,Tot CE OI Chg %,Tot PE OI Chg %,Tot PE-CE OI Chg,,
D:\My-data\Share_P&L\Ichart Data\Screenshot\September26\2026-09-02\Daywise_Price_and_OI_Summary_29SEP26_Report_2026-09-02_122055.xlsx,True,219,Symbol,,,Open,High,Low,Close,,ATM Straddle %,ATM Straddle %,Price Chg %,OI Chg %,PCR Chg %,Tot CE OI Chg %,Tot PE OI Chg %,Tot PE-CE OI Chg,,
D:\My-data\Share_P&L\Ichart Data\Screenshot\September26\2026-09-02\Daywise_Price_and_OI_Summary_29SEP26_Report_2026-09-02_122605.xlsx,True,219,Symbol,,,Open,High,Low,Close,,ATM Straddle %,ATM Straddle %,Price Chg %,OI Chg %,PCR Chg %,Tot CE OI Chg %,Tot PE OI Chg %,Tot PE-CE OI Chg,,
D:\My-data\Share_P&L\Ichart Data\Screenshot\September26\2026-09-02\Daywise_Price_and_OI_Summary_29SEP26_Report_2026-09-02_123117.xlsx,True,219,Symbol,,,Open,High,Low,Close,,ATM Straddle %,ATM Straddle %,Price Chg %,OI Chg %,PCR Chg %,Tot CE OI Chg %,Tot PE OI Chg %,Tot PE-CE OI Chg,,
D:\My-data\Share_P&L\Ichart Data\Screenshot\September26\2026-09-02\Daywise_Price_and_OI_Summary_29SEP26_Report_2026-09-02_123626.xlsx,True,219,Symbol,,,Open,High,Low,Close,,ATM Straddle %,ATM Straddle %,Price Chg %,OI Chg %,PCR Chg %,Tot CE OI Chg %,Tot PE OI Chg %,Tot PE-CE OI Chg,,
D:\My-data\Share_P&L\Ichart Data\Screenshot\September26\2026-09-02\Daywise_Price_and_OI_Summary_29SEP26_Report_2026-09-02_124133.xlsx,True,219,Symbol,,,Open,High,Low,Close,,ATM Straddle %,ATM Straddle %,Price Chg %,OI Chg %,PCR Chg %,Tot CE OI Chg %,Tot PE OI Chg %,Tot PE-CE OI Chg,,
D:\My-data\Share_P&L\Ichart Data\Screenshot\September26\2026-09-02\Daywise_Price_and_OI_Summary_29SEP26_Report_2026-09-02_124642.xlsx,True,219,Symbol,,,Open,High,Low,Close,,ATM Straddle %,ATM Straddle %,Price Chg %,OI Chg %,PCR Chg %,Tot CE OI Chg %,Tot PE OI Chg %,Tot PE-CE OI Chg,,
D:\My-data\Share_P&L\Ichart Data\Screenshot\September26\2026-09-02\Daywise_Price_and_OI_Summary_29SEP26_Report_2026-09-02_125151.xlsx,True,219,Symbol,,,Open,High,Low,Close,,ATM Straddle %,ATM Straddle %,Price Chg %,OI Chg %,PCR Chg %,Tot CE OI Chg %,Tot PE OI Chg %,Tot PE-CE OI Chg,,
D:\My-data\Share_P&L\Ichart Data\Screenshot\September26\2026-09-02\Daywise_Price_and_OI_Summary_29SEP26_Report_2026-09-02_125658.xlsx,True,219,Symbol,,,Open,High,Low,Close,,ATM Straddle %,ATM Straddle %,Price Chg %,OI Chg %,PCR Chg %,Tot CE OI Chg %,Tot PE OI Chg %,Tot PE-CE OI Chg,,
D:\My-data\Share_P&L\Ichart Data\Screenshot\September26\2026-09-02\Daywise_Price_and_OI_Summary_29SEP26_Report_2026-09-02_130207.xlsx,True,219,Symbol,,,Open,High,Low,Close,,ATM Straddle %,ATM Straddle %,Price Chg %,OI Chg %,PCR Chg %,Tot CE OI Chg %,Tot PE OI Chg %,Tot PE-CE OI Chg,,
D:\My-data\Share_P&L\Ichart Data\Screenshot\September26\2026-09-02\Daywise_Price_and_OI_Summary_29SEP26_Report_2026-09-02_130715.xlsx,True,219,Symbol,,,Open,High,Low,Close,,ATM Straddle %,ATM Straddle %,Price Chg %,OI Chg %,PCR Chg %,Tot CE OI Chg %,Tot PE OI Chg %,Tot PE-CE OI Chg,,
D:\My-data\Share_P&L\Ichart Data\Screenshot\September26\2026-09-02\Daywise_Price_and_OI_Summary_29SEP26_Report_2026-09-02_131224.xlsx,True,219,Symbol,,,Open,High,Low,Close,,ATM Straddle %,ATM Straddle %,Price Chg %,OI Chg %,PCR Chg %,Tot CE OI Chg %,Tot PE OI Chg %,Tot PE-CE OI Chg,,
D:\My-data\Share_P&L\Ichart Data\Screenshot\September26\2026-09-02\Daywise_Price_and_OI_Summary_29SEP26_Report_2026-09-02_131733.xlsx,True,219,Symbol,,,Open,High,Low,Close,,ATM Straddle %,ATM Straddle %,Price Chg %,OI Chg %,PCR Chg %,Tot CE OI Chg %,Tot PE OI Chg %,Tot PE-CE OI Chg,,
D:\My-data\Share_P&L\Ichart Data\Screenshot\September26\2026-09-02\Daywise_Price_and_OI_Summary_29SEP26_Report_2026-09-02_132240.xlsx,True,219,Symbol,,,Open,High,Low,Close,,ATM Straddle %,ATM Straddle %,Price Chg %,OI Chg %,PCR Chg %,Tot CE OI Chg %,Tot PE OI Chg %,Tot PE-CE OI Chg,,
D:\My-data\Share_P&L\Ichart Data\Screenshot\September26\2026-09-02\Daywise_Price_and_OI_Summary_29SEP26_Report_2026-09-02_132750.xlsx,True,219,Symbol,,,Open,High,Low,Close,,ATM Straddle %,ATM Straddle %,Price Chg %,OI Chg %,PCR Chg %,Tot CE OI Chg %,Tot PE OI Chg %,Tot PE-CE OI Chg,,
D:\My-data\Share_P&L\Ichart Data\Screenshot\September26\2026-09-02\Daywise_Price_and_OI_Summary_29SEP26_Report_2026-09-02_133302.xlsx,True,219,Symbol,,,Open,High,Low,Close,,ATM Straddle %,ATM Straddle %,Price Chg %,OI Chg %,PCR Chg %,Tot CE OI Chg %,Tot PE OI Chg %,Tot PE-CE OI Chg,,
D:\My-data\Share_P&L\Ichart Data\Screenshot\September26\2026-09-02\Daywise_Price_and_OI_Summary_29SEP26_Report_2026-09-02_133811.xlsx,True,219,Symbol,,,Open,High,Low,Close,,ATM Straddle %,ATM Straddle %,Price Chg %,OI Chg %,PCR Chg %,Tot CE OI Chg %,Tot PE OI Chg %,Tot PE-CE OI Chg,,
D:\My-data\Share_P&L\Ichart Data\Screenshot\September26\2026-09-02\Daywise_Price_and_OI_Summary_29SEP26_Report_2026-09-02_134320.xlsx,True,219,Symbol,,,Open,High,Low,Close,,ATM Straddle %,ATM Straddle %,Price Chg %,OI Chg %,PCR Chg %,Tot CE OI Chg %,Tot PE OI Chg %,Tot PE-CE OI Chg,,
D:\My-data\Share_P&L\Ichart Data\Screenshot\September26\2026-09-02\Daywise_Price_and_OI_Summary_29SEP26_Report_2026-09-02_134828.xlsx,True,219,Symbol,,,Open,High,Low,Close,,ATM Straddle %,ATM Straddle %,Price Chg %,OI Chg %,PCR Chg %,Tot CE OI Chg %,Tot PE OI Chg %,Tot PE-CE OI Chg,,
D:\My-data\Share_P&L\Ichart Data\Screenshot\September26\2026-09-02\Daywise_Price_and_OI_Summary_29SEP26_Report_2026-09-02_135338.xlsx,True,219,Symbol,,,Open,High,Low,Close,,ATM Straddle %,ATM Straddle %,Price Chg %,OI Chg %,PCR Chg %,Tot CE OI Chg %,Tot PE OI Chg %,Tot PE-CE OI Chg,,
D:\My-data\Share_P&L\Ichart Data\Screenshot\September26\2026-09-02\Daywise_Price_and_OI_Summary_29SEP26_Report_2026-09-02_135846.xlsx,True,219,Symbol,,,Open,High,Low,Close,,ATM Straddle %,ATM Straddle %,Price Chg %,OI Chg %,PCR Chg %,Tot CE OI Chg %,Tot PE OI Chg %,Tot PE-CE OI Chg,,
D:\My-data\Share_P&L\Ichart Data\Screenshot\September26\2026-09-02\Daywise_Price_and_OI_Summary_29SEP26_Report_2026-09-02_140357.xlsx,True,219,Symbol,,,Open,High,Low,Close,,ATM Straddle %,ATM Straddle %,Price Chg %,OI Chg %,PCR Chg %,Tot CE OI Chg %,Tot PE OI Chg %,Tot PE-CE OI Chg,,
D:\My-data\Share_P&L\Ichart Data\Screenshot\September26\2026-09-02\Daywise_Price_and_OI_Summary_29SEP26_Report_2026-09-02_140907.xlsx,True,219,Symbol,,,Open,High,Low,Close,,ATM Straddle %,ATM Straddle %,Price Chg %,OI Chg %,PCR Chg %,Tot CE OI Chg %,Tot PE OI Chg %,Tot PE-CE OI Chg,,
D:\My-data\Share_P&L\Ichart Data\Screenshot\September26\2026-09-02\Daywise_Price_and_OI_Summary_29SEP26_Report_2026-09-02_141419.xlsx,True,219,Symbol,,,Open,High,Low,Close,,ATM Straddle %,ATM Straddle %,Price Chg %,OI Chg %,PCR Chg %,Tot CE OI Chg %,Tot PE OI Chg %,Tot PE-CE OI Chg,,
D:\My-data\Share_P&L\Ichart Data\Screenshot\September26\2026-09-02\Daywise_Price_and_OI_Summary_29SEP26_Report_2026-09-02_141926.xlsx,True,219,Symbol,,,Open,High,Low,Close,,ATM Straddle %,ATM Straddle %,Price Chg %,OI Chg %,PCR Chg %,Tot CE OI Chg %,Tot PE OI Chg %,Tot PE-CE OI Chg,,
D:\My-data\Share_P&L\Ichart Data\Screenshot\September26\2026-09-02\Daywise_Price_and_OI_Summary_29SEP26_Report_2026-09-02_142434.xlsx,True,219,Symbol,,,Open,High,Low,Close,,ATM Straddle %,ATM Straddle %,Price Chg %,OI Chg %,PCR Chg %,Tot CE OI Chg %,Tot PE OI Chg %,Tot PE-CE OI Chg,,
D:\My-data\Share_P&L\Ichart Data\Screenshot\September26\2026-09-02\Daywise_Price_and_OI_Summary_29SEP26_Report_2026-09-02_142942.xlsx,True,219,Symbol,,,Open,High,Low,Close,,ATM Straddle %,ATM Straddle %,Price Chg %,OI Chg %,PCR Chg %,Tot CE OI Chg %,Tot PE OI Chg %,Tot PE-CE OI Chg,,
D:\My-data\Share_P&L\Ichart Data\Screenshot\September26\2026-09-02\Daywise_Price_and_OI_Summary_29SEP26_Report_2026-09-02_143451.xlsx,True,219,Symbol,,,Open,High,Low,Close,,ATM Straddle %,ATM Straddle %,Price Chg %,OI Chg %,PCR Chg %,Tot CE OI Chg %,Tot PE OI Chg %,Tot PE-CE OI Chg,,
D:\My-data\Share_P&L\Ichart Data\Screenshot\September26\2026-09-02\Daywise_Price_and_OI_Summary_29SEP26_Report_2026-09-02_143959.xlsx,True,219,Symbol,,,Open,High,Low,Close,,ATM Straddle %,ATM Straddle %,Price Chg %,OI Chg %,PCR Chg %,Tot CE OI Chg %,Tot PE OI Chg %,Tot PE-CE OI Chg,,
D:\My-data\Share_P&L\Ichart Data\Screenshot\September26\2026-09-02\Daywise_Price_and_OI_Summary_29SEP26_Report_2026-09-02_144508.xlsx,True,219,Symbol,,,Open,High,Low,Close,,ATM Straddle %,ATM Straddle %,Price Chg %,OI Chg %,PCR Chg %,Tot CE OI Chg %,Tot PE OI Chg %,Tot PE-CE OI Chg,,
D:\My-data\Share_P&L\Ichart Data\Screenshot\September26\2026-09-02\IVR-IVP_29SEP26_Report_2026-09-02.xlsx,True,216,,,,,,,,,,,,,,,,,,
D:\My-data\Share_P&L\Ichart Data\Screenshot\September26\2026-09-02\IVR-IVP_29SEP26_Report_2026-09-02_092601.xlsx,True,219,,,,,,,,,,,,,,,,,,
D:\My-data\Share_P&L\Ichart Data\Screenshot\September26\2026-09-02\IVR-IVP_29SEP26_Report_2026-09-02_093110.xlsx,True,219,,,,,,,,,,,,,,,,,,
D:\My-data\Share_P&L\Ichart Data\Screenshot\September26\2026-09-02\IVR-IVP_29SEP26_Report_2026-09-02_093618.xlsx,True,219,,,,,,,,,,,,,,,,,,
D:\My-data\Share_P&L\Ichart Data\Screenshot\September26\2026-09-02\IVR-IVP_29SEP26_Report_2026-09-02_094127.xlsx,True,219,,,,,,,,,,,,,,,,,,
D:\My-data\Share_P&L\Ichart Data\Screenshot\September26\2026-09-02\IVR-IVP_29SEP26_Report_2026-09-02_094636.xlsx,True,219,,,,,,,,,,,,,,,,,,
D:\My-data\Share_P&L\Ichart Data\Screenshot\September26\2026-09-02\IVR-IVP_29SEP26_Report_2026-09-02_095145.xlsx,True,219,,,,,,,,,,,,,,,,,,
D:\My-data\Share_P&L\Ichart Data\Screenshot\September26\2026-09-02\IVR-IVP_29SEP26_Report_2026-09-02_095652.xlsx,True,219,,,,,,,,,,,,,,,,,,
D:\My-data\Share_P&L\Ichart Data\Screenshot\September26\2026-09-02\IVR-IVP_29SEP26_Report_2026-09-02_100201.xlsx,True,219,,,,,,,,,,,,,,,,,,
D:\My-data\Share_P&L\Ichart Data\Screenshot\September26\2026-09-02\IVR-IVP_29SEP26_Report_2026-09-02_100711.xlsx,True,219,,,,,,,,,,,,,,,,,,
D:\My-data\Share_P&L\Ichart Data\Screenshot\September26\2026-09-02\IVR-IVP_29SEP26_Report_2026-09-02_101219.xlsx,True,219,,,,,,,,,,,,,,,,,,
D:\My-data\Share_P&L\Ichart Data\Screenshot\September26\2026-09-02\IVR-IVP_29SEP26_Report_2026-09-02_101728.xlsx,True,219,,,,,,,,,,,,,,,,,,
D:\My-data\Share_P&L\Ichart Data\Screenshot\September26\2026-09-02\IVR-IVP_29SEP26_Report_2026-09-02_102236.xlsx,True,219,,,,,,,,,,,,,,,,,,
D:\My-data\Share_P&L\Ichart Data\Screenshot\September26\2026-09-02\IVR-IVP_29SEP26_Report_2026-09-02_102745.xlsx,True,219,,,,,,,,,,,,,,,,,,
D:\My-data\Share_P&L\Ichart Data\Screenshot\September26\2026-09-02\IVR-IVP_29SEP26_Report_2026-09-02_103253.xlsx,True,219,,,,,,,,,,,,,,,,,,
D:\My-data\Share_P&L\Ichart Data\Screenshot\September26\2026-09-02\IVR-IVP_29SEP26_Report_2026-09-02_103802.xlsx,True,219,,,,,,,,,,,,,,,,,,
D:\My-data\Share_P&L\Ichart Data\Screenshot\September26\2026-09-02\IVR-IVP_29SEP26_Report_2026-09-02_104311.xlsx,True,219,,,,,,,,,,,,,,,,,,
D:\My-data\Share_P&L\Ichart Data\Screenshot\September26\2026-09-02\IVR-IVP_29SEP26_Report_2026-09-02_104819.xlsx,True,219,,,,,,,,,,,,,,,,,,
D:\My-data\Share_P&L\Ichart Data\Screenshot\September26\2026-09-02\IVR-IVP_29SEP26_Report_2026-09-02_105327.xlsx,True,219,,,,,,,,,,,,,,,,,,
D:\My-data\Share_P&L\Ichart Data\Screenshot\September26\2026-09-02\IVR-IVP_29SEP26_Report_2026-09-02_105843.xlsx,True,219,,,,,,,,,,,,,,,,,,
D:\My-data\Share_P&L\Ichart Data\Screenshot\September26\2026-09-02\IVR-IVP_29SEP26_Report_2026-09-02_110351.xlsx,True,219,,,,,,,,,,,,,,,,,,
D:\My-data\Share_P&L\Ichart Data\Screenshot\September26\2026-09-02\IVR-IVP_29SEP26_Report_2026-09-02_110859.xlsx,True,219,,,,,,,,,,,,,,,,,,
D:\My-data\Share_P&L\Ichart Data\Screenshot\September26\2026-09-02\IVR-IVP_29SEP26_Report_2026-09-02_111407.xlsx,True,219,,,,,,,,,,,,,,,,,,
D:\My-data\Share_P&L\Ichart Data\Screenshot\September26\2026-09-02\IVR-IVP_29SEP26_Report_2026-09-02_111917.xlsx,True,219,,,,,,,,,,,,,,,,,,
D:\My-data\Share_P&L\Ichart Data\Screenshot\September26\2026-09-02\IVR-IVP_29SEP26_Report_2026-09-02_112426.xlsx,True,219,,,,,,,,,,,,,,,,,,
D:\My-data\Share_P&L\Ichart Data\Screenshot\September26\2026-09-02\IVR-IVP_29SEP26_Report_2026-09-02_112933.xlsx,True,219,,,,,,,,,,,,,,,,,,
D:\My-data\Share_P&L\Ichart Data\Screenshot\September26\2026-09-02\IVR-IVP_29SEP26_Report_2026-09-02_113441.xlsx,True,219,,,,,,,,,,,,,,,,,,
D:\My-data\Share_P&L\Ichart Data\Screenshot\September26\2026-09-02\IVR-IVP_29SEP26_Report_2026-09-02_113949.xlsx,True,219,,,,,,,,,,,,,,,,,,
D:\My-data\Share_P&L\Ichart Data\Screenshot\September26\2026-09-02\IVR-IVP_29SEP26_Report_2026-09-02_114459.xlsx,True,219,,,,,,,,,,,,,,,,,,
D:\My-data\Share_P&L\Ichart Data\Screenshot\September26\2026-09-02\IVR-IVP_29SEP26_Report_2026-09-02_115007.xlsx,True,219,,,,,,,,,,,,,,,,,,
D:\My-data\Share_P&L\Ichart Data\Screenshot\September26\2026-09-02\IVR-IVP_29SEP26_Report_2026-09-02_115516.xlsx,True,219,,,,,,,,,,,,,,,,,,
D:\My-data\Share_P&L\Ichart Data\Screenshot\September26\2026-09-02\IVR-IVP_29SEP26_Report_2026-09-02_120027.xlsx,True,219,,,,,,,,,,,,,,,,,,
D:\My-data\Share_P&L\Ichart Data\Screenshot\September26\2026-09-02\IVR-IVP_29SEP26_Report_2026-09-02_120537.xlsx,True,219,,,,,,,,,,,,,,,,,,
D:\My-data\Share_P&L\Ichart Data\Screenshot\September26\2026-09-02\IVR-IVP_29SEP26_Report_2026-09-02_121047.xlsx,True,219,,,,,,,,,,,,,,,,,,
D:\My-data\Share_P&L\Ichart Data\Screenshot\September26\2026-09-02\IVR-IVP_29SEP26_Report_2026-09-02_121555.xlsx,True,219,,,,,,,,,,,,,,,,,,
D:\My-data\Share_P&L\Ichart Data\Screenshot\September26\2026-09-02\IVR-IVP_29SEP26_Report_2026-09-02_122104.xlsx,True,219,,,,,,,,,,,,,,,,,,
D:\My-data\Share_P&L\Ichart Data\Screenshot\September26\2026-09-02\IVR-IVP_29SEP26_Report_2026-09-02_122613.xlsx,True,219,,,,,,,,,,,,,,,,,,
D:\My-data\Share_P&L\Ichart Data\Screenshot\September26\2026-09-02\IVR-IVP_29SEP26_Report_2026-09-02_123128.xlsx,True,219,,,,,,,,,,,,,,,,,,
D:\My-data\Share_P&L\Ichart Data\Screenshot\September26\2026-09-02\IVR-IVP_29SEP26_Report_2026-09-02_123636.xlsx,True,219,,,,,,,,,,,,,,,,,,
D:\My-data\Share_P&L\Ichart Data\Screenshot\September26\2026-09-02\IVR-IVP_29SEP26_Report_2026-09-02_124145.xlsx,True,219,,,,,,,,,,,,,,,,,,
D:\My-data\Share_P&L\Ichart Data\Screenshot\September26\2026-09-02\IVR-IVP_29SEP26_Report_2026-09-02_124654.xlsx,True,219,,,,,,,,,,,,,,,,,,
D:\My-data\Share_P&L\Ichart Data\Screenshot\September26\2026-09-02\IVR-IVP_29SEP26_Report_2026-09-02_125203.xlsx,True,219,,,,,,,,,,,,,,,,,,
D:\My-data\Share_P&L\Ichart Data\Screenshot\September26\2026-09-02\IVR-IVP_29SEP26_Report_2026-09-02_125710.xlsx,True,219,,,,,,,,,,,,,,,,,,
D:\My-data\Share_P&L\Ichart Data\Screenshot\September26\2026-09-02\IVR-IVP_29SEP26_Report_2026-09-02_130218.xlsx,True,219,,,,,,,,,,,,,,,,,,
D:\My-data\Share_P&L\Ichart Data\Screenshot\September26\2026-09-02\IVR-IVP_29SEP26_Report_2026-09-02_130727.xlsx,True,219,,,,,,,,,,,,,,,,,,
D:\My-data\Share_P&L\Ichart Data\Screenshot\September26\2026-09-02\IVR-IVP_29SEP26_Report_2026-09-02_131236.xlsx,True,219,,,,,,,,,,,,,,,,,,
D:\My-data\Share_P&L\Ichart Data\Screenshot\September26\2026-09-02\IVR-IVP_29SEP26_Report_2026-09-02_131744.xlsx,True,219,,,,,,,,,,,,,,,,,,
D:\My-data\Share_P&L\Ichart Data\Screenshot\September26\2026-09-02\IVR-IVP_29SEP26_Report_2026-09-02_132252.xlsx,True,219,,,,,,,,,,,,,,,,,,
D:\My-data\Share_P&L\Ichart Data\Screenshot\September26\2026-09-02\IVR-IVP_29SEP26_Report_2026-09-02_132800.xlsx,True,219,,,,,,,,,,,,,,,,,,
D:\My-data\Share_P&L\Ichart Data\Screenshot\September26\2026-09-02\IVR-IVP_29SEP26_Report_2026-09-02_133314.xlsx,True,219,,,,,,,,,,,,,,,,,,
D:\My-data\Share_P&L\Ichart Data\Screenshot\September26\2026-09-02\IVR-IVP_29SEP26_Report_2026-09-02_133823.xlsx,True,219,,,,,,,,,,,,,,,,,,
D:\My-data\Share_P&L\Ichart Data\Screenshot\September26\2026-09-02\IVR-IVP_29SEP26_Report_2026-09-02_134334.xlsx,True,219,,,,,,,,,,,,,,,,,,
D:\My-data\Share_P&L\Ichart Data\Screenshot\September26\2026-09-02\IVR-IVP_29SEP26_Report_2026-09-02_134842.xlsx,True,219,,,,,,,,,,,,,,,,,,
D:\My-data\Share_P&L\Ichart Data\Screenshot\September26\2026-09-02\IVR-IVP_29SEP26_Report_2026-09-02_135352.xlsx,True,219,,,,,,,,,,,,,,,,,,
D:\My-data\Share_P&L\Ichart Data\Screenshot\September26\2026-09-02\IVR-IVP_29SEP26_Report_2026-09-02_135859.xlsx,True,219,,,,,,,,,,,,,,,,,,
D:\My-data\Share_P&L\Ichart Data\Screenshot\September26\2026-09-02\IVR-IVP_29SEP26_Report_2026-09-02_140407.xlsx,True,219,,,,,,,,,,,,,,,,,,
D:\My-data\Share_P&L\Ichart Data\Screenshot\September26\2026-09-02\IVR-IVP_29SEP26_Report_2026-09-02_140917.xlsx,True,219,,,,,,,,,,,,,,,,,,
D:\My-data\Share_P&L\Ichart Data\Screenshot\September26\2026-09-02\IVR-IVP_29SEP26_Report_2026-09-02_141430.xlsx,True,219,,,,,,,,,,,,,,,,,,
D:\My-data\Share_P&L\Ichart Data\Screenshot\September26\2026-09-02\IVR-IVP_29SEP26_Report_2026-09-02_141939.xlsx,True,219,,,,,,,,,,,,,,,,,,
D:\My-data\Share_P&L\Ichart Data\Screenshot\September26\2026-09-02\IVR-IVP_29SEP26_Report_2026-09-02_142448.xlsx,True,219,,,,,,,,,,,,,,,,,,
D:\My-data\Share_P&L\Ichart Data\Screenshot\September26\2026-09-02\IVR-IVP_29SEP26_Report_2026-09-02_142955.xlsx,True,219,,,,,,,,,,,,,,,,,,
D:\My-data\Share_P&L\Ichart Data\Screenshot\September26\2026-09-02\IVR-IVP_29SEP26_Report_2026-09-02_143504.xlsx,True,219,,,,,,,,,,,,,,,,,,
D:\My-data\Share_P&L\Ichart Data\Screenshot\September26\2026-09-02\IVR-IVP_29SEP26_Report_2026-09-02_144012.xlsx,True,219,,,,,,,,,,,,,,,,,,
D:\My-data\Share_P&L\Ichart Data\Screenshot\September26\2026-09-02\Resistance_Resistance_29SEP26_Scan_2_9_2026.xlsx,True,49,Symbol,,,,,,,Price,,,Price Chg%,,,,,,,
D:\My-data\Share_P&L\Ichart Data\Screenshot\September26\2026-09-02\Resistance_Resistance_29SEP26_Scan_2_9_2026_092705.xlsx,True,49,Symbol,,,,,,,Price,,,Price Chg%,,,,,,,
D:\My-data\Share_P&L\Ichart Data\Screenshot\September26\2026-09-02\Resistance_Resistance_29SEP26_Scan_2_9_2026_093214.xlsx,True,54,Symbol,,,,,,,Price,,,Price Chg%,,,,,,,
D:\My-data\Share_P&L\Ichart Data\Screenshot\September26\2026-09-02\Resistance_Resistance_29SEP26_Scan_2_9_2026_093724.xlsx,True,56,Symbol,,,,,,,Price,,,Price Chg%,,,,,,,
D:\My-data\Share_P&L\Ichart Data\Screenshot\September26\2026-09-02\Resistance_Resistance_29SEP26_Scan_2_9_2026_094235.xlsx,True,56,Symbol,,,,,,,Price,,,Price Chg%,,,,,,,
D:\My-data\Share_P&L\Ichart Data\Screenshot\September26\2026-09-02\Resistance_Resistance_29SEP26_Scan_2_9_2026_094746.xlsx,True,57,Symbol,,,,,,,Price,,,Price Chg%,,,,,,,
D:\My-data\Share_P&L\Ichart Data\Screenshot\September26\2026-09-02\Resistance_Resistance_29SEP26_Scan_2_9_2026_095257.xlsx,True,60,Symbol,,,,,,,Price,,,Price Chg%,,,,,,,
D:\My-data\Share_P&L\Ichart Data\Screenshot\September26\2026-09-02\Resistance_Resistance_29SEP26_Scan_2_9_2026_095807.xlsx,True,61,Symbol,,,,,,,Price,,,Price Chg%,,,,,,,
D:\My-data\Share_P&L\Ichart Data\Screenshot\September26\2026-09-02\Resistance_Resistance_29SEP26_Scan_2_9_2026_100317.xlsx,True,63,Symbol,,,,,,,Price,,,Price Chg%,,,,,,,
D:\My-data\Share_P&L\Ichart Data\Screenshot\September26\2026-09-02\Resistance_Resistance_29SEP26_Scan_2_9_2026_100827.xlsx,True,59,Symbol,,,,,,,Price,,,Price Chg%,,,,,,,
D:\My-data\Share_P&L\Ichart Data\Screenshot\September26\2026-09-02\Resistance_Resistance_29SEP26_Scan_2_9_2026_101337.xlsx,True,60,Symbol,,,,,,,Price,,,Price Chg%,,,,,,,
D:\My-data\Share_P&L\Ichart Data\Screenshot\September26\2026-09-02\Resistance_Resistance_29SEP26_Scan_2_9_2026_101847.xlsx,True,59,Symbol,,,,,,,Price,,,Price Chg%,,,,,,,
D:\My-data\Share_P&L\Ichart Data\Screenshot\September26\2026-09-02\Resistance_Resistance_29SEP26_Scan_2_9_2026_102358.xlsx,True,61,Symbol,,,,,,,Price,,,Price Chg%,,,,,,,
D:\My-data\Share_P&L\Ichart Data\Screenshot\September26\2026-09-02\Resistance_Resistance_29SEP26_Scan_2_9_2026_102908.xlsx,True,61,Symbol,,,,,,,Price,,,Price Chg%,,,,,,,
D:\My-data\Share_P&L\Ichart Data\Screenshot\September26\2026-09-02\Resistance_Resistance_29SEP26_Scan_2_9_2026_103419.xlsx,True,63,Symbol,,,,,,,Price,,,Price Chg%,,,,,,,
D:\My-data\Share_P&L\Ichart Data\Screenshot\September26\2026-09-02\Resistance_Resistance_29SEP26_Scan_2_9_2026_103930.xlsx,True,63,Symbol,,,,,,,Price,,,Price Chg%,,,,,,,
D:\My-data\Share_P&L\Ichart Data\Screenshot\September26\2026-09-02\Resistance_Resistance_29SEP26_Scan_2_9_2026_104440.xlsx,True,61,Symbol,,,,,,,Price,,,Price Chg%,,,,,,,
D:\My-data\Share_P&L\Ichart Data\Screenshot\September26\2026-09-02\Resistance_Resistance_29SEP26_Scan_2_9_2026_104950.xlsx,True,62,Symbol,,,,,,,Price,,,Price Chg%,,,,,,,
D:\My-data\Share_P&L\Ichart Data\Screenshot\September26\2026-09-02\Resistance_Resistance_29SEP26_Scan_2_9_2026_105501.xlsx,True,60,Symbol,,,,,,,Price,,,Price Chg%,,,,,,,
D:\My-data\Share_P&L\Ichart Data\Screenshot\September26\2026-09-02\Resistance_Resistance_29SEP26_Scan_2_9_2026_110011.xlsx,True,61,Symbol,,,,,,,Price,,,Price Chg%,,,,,,,
D:\My-data\Share_P&L\Ichart Data\Screenshot\September26\2026-09-02\Resistance_Resistance_29SEP26_Scan_2_9_2026_110521.xlsx,True,61,Symbol,,,,,,,Price,,,Price Chg%,,,,,,,
D:\My-data\Share_P&L\Ichart Data\Screenshot\September26\2026-09-02\Resistance_Resistance_29SEP26_Scan_2_9_2026_111031.xlsx,True,64,Symbol,,,,,,,Price,,,Price Chg%,,,,,,,
D:\My-data\Share_P&L\Ichart Data\Screenshot\September26\2026-09-02\Resistance_Resistance_29SEP26_Scan_2_9_2026_111542.xlsx,True,61,Symbol,,,,,,,Price,,,Price Chg%,,,,,,,
D:\My-data\Share_P&L\Ichart Data\Screenshot\September26\2026-09-02\Resistance_Resistance_29SEP26_Scan_2_9_2026_112053.xlsx,True,62,Symbol,,,,,,,Price,,,Price Chg%,,,,,,,
D:\My-data\Share_P&L\Ichart Data\Screenshot\September26\2026-09-02\Resistance_Resistance_29SEP26_Scan_2_9_2026_112603.xlsx,True,60,Symbol,,,,,,,Price,,,Price Chg%,,,,,,,
D:\My-data\Share_P&L\Ichart Data\Screenshot\September26\2026-09-02\Resistance_Resistance_29SEP26_Scan_2_9_2026_113114.xlsx,True,62,Symbol,,,,,,,Price,,,Price Chg%,,,,,,,
D:\My-data\Share_P&L\Ichart Data\Screenshot\September26\2026-09-02\Resistance_Resistance_29SEP26_Scan_2_9_2026_113623.xlsx,True,58,Symbol,,,,,,,Price,,,Price Chg%,,,,,,,
D:\My-data\Share_P&L\Ichart Data\Screenshot\September26\2026-09-02\Resistance_Resistance_29SEP26_Scan_2_9_2026_114134.xlsx,True,57,Symbol,,,,,,,Price,,,Price Chg%,,,,,,,
D:\My-data\Share_P&L\Ichart Data\Screenshot\September26\2026-09-02\Resistance_Resistance_29SEP26_Scan_2_9_2026_114646.xlsx,True,60,Symbol,,,,,,,Price,,,Price Chg%,,,,,,,
D:\My-data\Share_P&L\Ichart Data\Screenshot\September26\2026-09-02\Resistance_Resistance_29SEP26_Scan_2_9_2026_115155.xlsx,True,60,Symbol,,,,,,,Price,,,Price Chg%,,,,,,,
D:\My-data\Share_P&L\Ichart Data\Screenshot\September26\2026-09-02\Resistance_Resistance_29SEP26_Scan_2_9_2026_115706.xlsx,True,59,Symbol,,,,,,,Price,,,Price Chg%,,,,,,,
D:\My-data\Share_P&L\Ichart Data\Screenshot\September26\2026-09-02\Resistance_Resistance_29SEP26_Scan_2_9_2026_120216.xlsx,True,62,Symbol,,,,,,,Price,,,Price Chg%,,,,,,,
D:\My-data\Share_P&L\Ichart Data\Screenshot\September26\2026-09-02\Resistance_Resistance_29SEP26_Scan_2_9_2026_120726.xlsx,True,58,Symbol,,,,,,,Price,,,Price Chg%,,,,,,,
D:\My-data\Share_P&L\Ichart Data\Screenshot\September26\2026-09-02\Resistance_Resistance_29SEP26_Scan_2_9_2026_121237.xlsx,True,61,Symbol,,,,,,,Price,,,Price Chg%,,,,,,,
D:\My-data\Share_P&L\Ichart Data\Screenshot\September26\2026-09-02\Resistance_Resistance_29SEP26_Scan_2_9_2026_121748.xlsx,True,64,Symbol,,,,,,,Price,,,Price Chg%,,,,,,,
D:\My-data\Share_P&L\Ichart Data\Screenshot\September26\2026-09-02\Resistance_Resistance_29SEP26_Scan_2_9_2026_122258.xlsx,True,62,Symbol,,,,,,,Price,,,Price Chg%,,,,,,,
D:\My-data\Share_P&L\Ichart Data\Screenshot\September26\2026-09-02\Resistance_Resistance_29SEP26_Scan_2_9_2026_122808.xlsx,True,65,Symbol,,,,,,,Price,,,Price Chg%,,,,,,,
D:\My-data\Share_P&L\Ichart Data\Screenshot\September26\2026-09-02\Resistance_Resistance_29SEP26_Scan_2_9_2026_123318.xlsx,True,68,Symbol,,,,,,,Price,,,Price Chg%,,,,,,,
D:\My-data\Share_P&L\Ichart Data\Screenshot\September26\2026-09-02\Resistance_Resistance_29SEP26_Scan_2_9_2026_123828.xlsx,True,71,Symbol,,,,,,,Price,,,Price Chg%,,,,,,,
D:\My-data\Share_P&L\Ichart Data\Screenshot\September26\2026-09-02\Resistance_Resistance_29SEP26_Scan_2_9_2026_124338.xlsx,True,70,Symbol,,,,,,,Price,,,Price Chg%,,,,,,,
D:\My-data\Share_P&L\Ichart Data\Screenshot\September26\2026-09-02\Resistance_Resistance_29SEP26_Scan_2_9_2026_124848.xlsx,True,68,Symbol,,,,,,,Price,,,Price Chg%,,,,,,,
D:\My-data\Share_P&L\Ichart Data\Screenshot\September26\2026-09-02\Resistance_Resistance_29SEP26_Scan_2_9_2026_125358.xlsx,True,68,Symbol,,,,,,,Price,,,Price Chg%,,,,,,,
D:\My-data\Share_P&L\Ichart Data\Screenshot\September26\2026-09-02\Resistance_Resistance_29SEP26_Scan_2_9_2026_125908.xlsx,True,70,Symbol,,,,,,,Price,,,Price Chg%,,,,,,,
D:\My-data\Share_P&L\Ichart Data\Screenshot\September26\2026-09-02\Resistance_Resistance_29SEP26_Scan_2_9_2026_130417.xlsx,True,67,Symbol,,,,,,,Price,,,Price Chg%,,,,,,,
D:\My-data\Share_P&L\Ichart Data\Screenshot\September26\2026-09-02\Resistance_Resistance_29SEP26_Scan_2_9_2026_130928.xlsx,True,66,Symbol,,,,,,,Price,,,Price Chg%,,,,,,,
D:\My-data\Share_P&L\Ichart Data\Screenshot\September26\2026-09-02\Resistance_Resistance_29SEP26_Scan_2_9_2026_131439.xlsx,True,69,Symbol,,,,,,,Price,,,Price Chg%,,,,,,,
D:\My-data\Share_P&L\Ichart Data\Screenshot\September26\2026-09-02\Resistance_Resistance_29SEP26_Scan_2_9_2026_131949.xlsx,True,71,Symbol,,,,,,,Price,,,Price Chg%,,,,,,,
D:\My-data\Share_P&L\Ichart Data\Screenshot\September26\2026-09-02\Resistance_Resistance_29SEP26_Scan_2_9_2026_132459.xlsx,True,71,Symbol,,,,,,,Price,,,Price Chg%,,,,,,,
D:\My-data\Share_P&L\Ichart Data\Screenshot\September26\2026-09-02\Resistance_Resistance_29SEP26_Scan_2_9_2026_133009.xlsx,True,71,Symbol,,,,,,,Price,,,Price Chg%,,,,,,,
D:\My-data\Share_P&L\Ichart Data\Screenshot\September26\2026-09-02\Resistance_Resistance_29SEP26_Scan_2_9_2026_133521.xlsx,True,72,Symbol,,,,,,,Price,,,Price Chg%,,,,,,,
D:\My-data\Share_P&L\Ichart Data\Screenshot\September26\2026-09-02\Resistance_Resistance_29SEP26_Scan_2_9_2026_134031.xlsx,True,70,Symbol,,,,,,,Price,,,Price Chg%,,,,,,,
D:\My-data\Share_P&L\Ichart Data\Screenshot\September26\2026-09-02\Resistance_Resistance_29SEP26_Scan_2_9_2026_134541.xlsx,True,67,Symbol,,,,,,,Price,,,Price Chg%,,,,,,,
D:\My-data\Share_P&L\Ichart Data\Screenshot\September26\2026-09-02\Resistance_Resistance_29SEP26_Scan_2_9_2026_135051.xlsx,True,67,Symbol,,,,,,,Price,,,Price Chg%,,,,,,,
D:\My-data\Share_P&L\Ichart Data\Screenshot\September26\2026-09-02\Resistance_Resistance_29SEP26_Scan_2_9_2026_135601.xlsx,True,68,Symbol,,,,,,,Price,,,Price Chg%,,,,,,,
D:\My-data\Share_P&L\Ichart Data\Screenshot\September26\2026-09-02\Resistance_Resistance_29SEP26_Scan_2_9_2026_140113.xlsx,True,70,Symbol,,,,,,,Price,,,Price Chg%,,,,,,,
D:\My-data\Share_P&L\Ichart Data\Screenshot\September26\2026-09-02\Resistance_Resistance_29SEP26_Scan_2_9_2026_140622.xlsx,True,68,Symbol,,,,,,,Price,,,Price Chg%,,,,,,,
D:\My-data\Share_P&L\Ichart Data\Screenshot\September26\2026-09-02\Resistance_Resistance_29SEP26_Scan_2_9_2026_141134.xlsx,True,68,Symbol,,,,,,,Price,,,Price Chg%,,,,,,,
D:\My-data\Share_P&L\Ichart Data\Screenshot\September26\2026-09-02\Resistance_Resistance_29SEP26_Scan_2_9_2026_141644.xlsx,True,67,Symbol,,,,,,,Price,,,Price Chg%,,,,,,,
D:\My-data\Share_P&L\Ichart Data\Screenshot\September26\2026-09-02\Resistance_Resistance_29SEP26_Scan_2_9_2026_142154.xlsx,True,65,Symbol,,,,,,,Price,,,Price Chg%,,,,,,,
D:\My-data\Share_P&L\Ichart Data\Screenshot\September26\2026-09-02\Resistance_Resistance_29SEP26_Scan_2_9_2026_142704.xlsx,True,67,Symbol,,,,,,,Price,,,Price Chg%,,,,,,,
D:\My-data\Share_P&L\Ichart Data\Screenshot\September26\2026-09-02\Resistance_Resistance_29SEP26_Scan_2_9_2026_143214.xlsx,True,69,Symbol,,,,,,,Price,,,Price Chg%,,,,,,,
D:\My-data\Share_P&L\Ichart Data\Screenshot\September26\2026-09-02\Resistance_Resistance_29SEP26_Scan_2_9_2026_143725.xlsx,True,71,Symbol,,,,,,,Price,,,Price Chg%,,,,,,,
D:\My-data\Share_P&L\Ichart Data\Screenshot\September26\2026-09-02\Resistance_Resistance_29SEP26_Scan_2_9_2026_144235.xlsx,True,74,Symbol,,,,,,,Price,,,Price Chg%,,,,,,,
D:\My-data\Share_P&L\Ichart Data\Screenshot\September26\2026-09-02\Sector_Summary_29SEP26_Report_2_9_2026.xlsx,True,48,,,,,,,,,,,Price chg (%),OI chg (%),,,,,Volume chg (%),Buildup
D:\My-data\Share_P&L\Ichart Data\Screenshot\September26\2026-09-02\Sector_Summary_29SEP26_Report_2_9_2026_092611.xlsx,True,48,,,,,,,,,,,Price chg (%),OI chg (%),,,,,Volume chg (%),Buildup
D:\My-data\Share_P&L\Ichart Data\Screenshot\September26\2026-09-02\Sector_Summary_29SEP26_Report_2_9_2026_093118.xlsx,True,49,,,,,,,,,,,Price chg (%),OI chg (%),,,,,Volume chg (%),Buildup
D:\My-data\Share_P&L\Ichart Data\Screenshot\September26\2026-09-02\Sector_Summary_29SEP26_Report_2_9_2026_093625.xlsx,True,49,,,,,,,,,,,Price chg (%),OI chg (%),,,,,Volume chg (%),Buildup
D:\My-data\Share_P&L\Ichart Data\Screenshot\September26\2026-09-02\Sector_Summary_29SEP26_Report_2_9_2026_094135.xlsx,True,48,,,,,,,,,,,Price chg (%),OI chg (%),,,,,Volume chg (%),Buildup
D:\My-data\Share_P&L\Ichart Data\Screenshot\September26\2026-09-02\Sector_Summary_29SEP26_Report_2_9_2026_094643.xlsx,True,48,,,,,,,,,,,Price chg (%),OI chg (%),,,,,Volume chg (%),Buildup
D:\My-data\Share_P&L\Ichart Data\Screenshot\September26\2026-09-02\Sector_Summary_29SEP26_Report_2_9_2026_095152.xlsx,True,49,,,,,,,,,,,Price chg (%),OI chg (%),,,,,Volume chg (%),Buildup
D:\My-data\Share_P&L\Ichart Data\Screenshot\September26\2026-09-02\Sector_Summary_29SEP26_Report_2_9_2026_095659.xlsx,True,48,,,,,,,,,,,Price chg (%),OI chg (%),,,,,Volume chg (%),Buildup
D:\My-data\Share_P&L\Ichart Data\Screenshot\September26\2026-09-02\Sector_Summary_29SEP26_Report_2_9_2026_100208.xlsx,True,48,,,,,,,,,,,Price chg (%),OI chg (%),,,,,Volume chg (%),Buildup
D:\My-data\Share_P&L\Ichart Data\Screenshot\September26\2026-09-02\Sector_Summary_29SEP26_Report_2_9_2026_100718.xlsx,True,48,,,,,,,,,,,Price chg (%),OI chg (%),,,,,Volume chg (%),Buildup
D:\My-data\Share_P&L\Ichart Data\Screenshot\September26\2026-09-02\Sector_Summary_29SEP26_Report_2_9_2026_101227.xlsx,True,48,,,,,,,,,,,Price chg (%),OI chg (%),,,,,Volume chg (%),Buildup
D:\My-data\Share_P&L\Ichart Data\Screenshot\September26\2026-09-02\Sector_Summary_29SEP26_Report_2_9_2026_101735.xlsx,True,49,,,,,,,,,,,Price chg (%),OI chg (%),,,,,Volume chg (%),Buildup
D:\My-data\Share_P&L\Ichart Data\Screenshot\September26\2026-09-02\Sector_Summary_29SEP26_Report_2_9_2026_102244.xlsx,True,49,,,,,,,,,,,Price chg (%),OI chg (%),,,,,Volume chg (%),Buildup
D:\My-data\Share_P&L\Ichart Data\Screenshot\September26\2026-09-02\Sector_Summary_29SEP26_Report_2_9_2026_102752.xlsx,True,48,,,,,,,,,,,Price chg (%),OI chg (%),,,,,Volume chg (%),Buildup
D:\My-data\Share_P&L\Ichart Data\Screenshot\September26\2026-09-02\Sector_Summary_29SEP26_Report_2_9_2026_103301.xlsx,True,49,,,,,,,,,,,Price chg (%),OI chg (%),,,,,Volume chg (%),Buildup
D:\My-data\Share_P&L\Ichart Data\Screenshot\September26\2026-09-02\Sector_Summary_29SEP26_Report_2_9_2026_103809.xlsx,True,49,,,,,,,,,,,Price chg (%),OI chg (%),,,,,Volume chg (%),Buildup
D:\My-data\Share_P&L\Ichart Data\Screenshot\September26\2026-09-02\Sector_Summary_29SEP26_Report_2_9_2026_104318.xlsx,True,48,,,,,,,,,,,Price chg (%),OI chg (%),,,,,Volume chg (%),Buildup
D:\My-data\Share_P&L\Ichart Data\Screenshot\September26\2026-09-02\Sector_Summary_29SEP26_Report_2_9_2026_104826.xlsx,True,49,,,,,,,,,,,Price chg (%),OI chg (%),,,,,Volume chg (%),Buildup
D:\My-data\Share_P&L\Ichart Data\Screenshot\September26\2026-09-02\Sector_Summary_29SEP26_Report_2_9_2026_105335.xlsx,True,49,,,,,,,,,,,Price chg (%),OI chg (%),,,,,Volume chg (%),Buildup
D:\My-data\Share_P&L\Ichart Data\Screenshot\September26\2026-09-02\Sector_Summary_29SEP26_Report_2_9_2026_105853.xlsx,True,49,,,,,,,,,,,Price chg (%),OI chg (%),,,,,Volume chg (%),Buildup
D:\My-data\Share_P&L\Ichart Data\Screenshot\September26\2026-09-02\Sector_Summary_29SEP26_Report_2_9_2026_110400.xlsx,True,48,,,,,,,,,,,Price chg (%),OI chg (%),,,,,Volume chg (%),Buildup
D:\My-data\Share_P&L\Ichart Data\Screenshot\September26\2026-09-02\Sector_Summary_29SEP26_Report_2_9_2026_110908.xlsx,True,48,,,,,,,,,,,Price chg (%),OI chg (%),,,,,Volume chg (%),Buildup
D:\My-data\Share_P&L\Ichart Data\Screenshot\September26\2026-09-02\Sector_Summary_29SEP26_Report_2_9_2026_111414.xlsx,True,48,,,,,,,,,,,Price chg (%),OI chg (%),,,,,Volume chg (%),Buildup
D:\My-data\Share_P&L\Ichart Data\Screenshot\September26\2026-09-02\Sector_Summary_29SEP26_Report_2_9_2026_111924.xlsx,True,49,,,,,,,,,,,Price chg (%),OI chg (%),,,,,Volume chg (%),Buildup
D:\My-data\Share_P&L\Ichart Data\Screenshot\September26\2026-09-02\Sector_Summary_29SEP26_Report_2_9_2026_112433.xlsx,True,48,,,,,,,,,,,Price chg (%),OI chg (%),,,,,Volume chg (%),Buildup
D:\My-data\Share_P&L\Ichart Data\Screenshot\September26\2026-09-02\Sector_Summary_29SEP26_Report_2_9_2026_112941.xlsx,True,48,,,,,,,,,,,Price chg (%),OI chg (%),,,,,Volume chg (%),Buildup
D:\My-data\Share_P&L\Ichart Data\Screenshot\September26\2026-09-02\Sector_Summary_29SEP26_Report_2_9_2026_113450.xlsx,True,48,,,,,,,,,,,Price chg (%),OI chg (%),,,,,Volume chg (%),Buildup
D:\My-data\Share_P&L\Ichart Data\Screenshot\September26\2026-09-02\Sector_Summary_29SEP26_Report_2_9_2026_113957.xlsx,True,48,,,,,,,,,,,Price chg (%),OI chg (%),,,,,Volume chg (%),Buildup
D:\My-data\Share_P&L\Ichart Data\Screenshot\September26\2026-09-02\Sector_Summary_29SEP26_Report_2_9_2026_114507.xlsx,True,49,,,,,,,,,,,Price chg (%),OI chg (%),,,,,Volume chg (%),Buildup
D:\My-data\Share_P&L\Ichart Data\Screenshot\September26\2026-09-02\Sector_Summary_29SEP26_Report_2_9_2026_115014.xlsx,True,49,,,,,,,,,,,Price chg (%),OI chg (%),,,,,Volume chg (%),Buildup
D:\My-data\Share_P&L\Ichart Data\Screenshot\September26\2026-09-02\Sector_Summary_29SEP26_Report_2_9_2026_115524.xlsx,True,49,,,,,,,,,,,Price chg (%),OI chg (%),,,,,Volume chg (%),Buildup
D:\My-data\Share_P&L\Ichart Data\Screenshot\September26\2026-09-02\Sector_Summary_29SEP26_Report_2_9_2026_120034.xlsx,True,49,,,,,,,,,,,Price chg (%),OI chg (%),,,,,Volume chg (%),Buildup
D:\My-data\Share_P&L\Ichart Data\Screenshot\September26\2026-09-02\Sector_Summary_29SEP26_Report_2_9_2026_120544.xlsx,True,49,,,,,,,,,,,Price chg (%),OI chg (%),,,,,Volume chg (%),Buildup
D:\My-data\Share_P&L\Ichart Data\Screenshot\September26\2026-09-02\Sector_Summary_29SEP26_Report_2_9_2026_121054.xlsx,True,48,,,,,,,,,,,Price chg (%),OI chg (%),,,,,Volume chg (%),Buildup
D:\My-data\Share_P&L\Ichart Data\Screenshot\September26\2026-09-02\Sector_Summary_29SEP26_Report_2_9_2026_121602.xlsx,True,48,,,,,,,,,,,Price chg (%),OI chg (%),,,,,Volume chg (%),Buildup
D:\My-data\Share_P&L\Ichart Data\Screenshot\September26\2026-09-02\Sector_Summary_29SEP26_Report_2_9_2026_122110.xlsx,True,49,,,,,,,,,,,Price chg (%),OI chg (%),,,,,Volume chg (%),Buildup
D:\My-data\Share_P&L\Ichart Data\Screenshot\September26\2026-09-02\Sector_Summary_29SEP26_Report_2_9_2026_122621.xlsx,True,47,,,,,,,,,,,Price chg (%),OI chg (%),,,,,Volume chg (%),Buildup
D:\My-data\Share_P&L\Ichart Data\Screenshot\September26\2026-09-02\Sector_Summary_29SEP26_Report_2_9_2026_123135.xlsx,True,49,,,,,,,,,,,Price chg (%),OI chg (%),,,,,Volume chg (%),Buildup
D:\My-data\Share_P&L\Ichart Data\Screenshot\September26\2026-09-02\Sector_Summary_29SEP26_Report_2_9_2026_123643.xlsx,True,49,,,,,,,,,,,Price chg (%),OI chg (%),,,,,Volume chg (%),Buildup
D:\My-data\Share_P&L\Ichart Data\Screenshot\September26\2026-09-02\Sector_Summary_29SEP26_Report_2_9_2026_124152.xlsx,True,49,,,,,,,,,,,Price chg (%),OI chg (%),,,,,Volume chg (%),Buildup
D:\My-data\Share_P&L\Ichart Data\Screenshot\September26\2026-09-02\Sector_Summary_29SEP26_Report_2_9_2026_124701.xlsx,True,49,,,,,,,,,,,Price chg (%),OI chg (%),,,,,Volume chg (%),Buildup
D:\My-data\Share_P&L\Ichart Data\Screenshot\September26\2026-09-02\Sector_Summary_29SEP26_Report_2_9_2026_125210.xlsx,True,49,,,,,,,,,,,Price chg (%),OI chg (%),,,,,Volume chg (%),Buildup
D:\My-data\Share_P&L\Ichart Data\Screenshot\September26\2026-09-02\Sector_Summary_29SEP26_Report_2_9_2026_125717.xlsx,True,49,,,,,,,,,,,Price chg (%),OI chg (%),,,,,Volume chg (%),Buildup
D:\My-data\Share_P&L\Ichart Data\Screenshot\September26\2026-09-02\Sector_Summary_29SEP26_Report_2_9_2026_130224.xlsx,True,48,,,,,,,,,,,Price chg (%),OI chg (%),,,,,Volume chg (%),Buildup
D:\My-data\Share_P&L\Ichart Data\Screenshot\September26\2026-09-02\Sector_Summary_29SEP26_Report_2_9_2026_130734.xlsx,True,48,,,,,,,,,,,Price chg (%),OI chg (%),,,,,Volume chg (%),Buildup
D:\My-data\Share_P&L\Ichart Data\Screenshot\September26\2026-09-02\Sector_Summary_29SEP26_Report_2_9_2026_131244.xlsx,True,49,,,,,,,,,,,Price chg (%),OI chg (%),,,,,Volume chg (%),Buildup
D:\My-data\Share_P&L\Ichart Data\Screenshot\September26\2026-09-02\Sector_Summary_29SEP26_Report_2_9_2026_131751.xlsx,True,48,,,,,,,,,,,Price chg (%),OI chg (%),,,,,Volume chg (%),Buildup
D:\My-data\Share_P&L\Ichart Data\Screenshot\September26\2026-09-02\Sector_Summary_29SEP26_Report_2_9_2026_132301.xlsx,True,49,,,,,,,,,,,Price chg (%),OI chg (%),,,,,Volume chg (%),Buildup
D:\My-data\Share_P&L\Ichart Data\Screenshot\September26\2026-09-02\Sector_Summary_29SEP26_Report_2_9_2026_132808.xlsx,True,49,,,,,,,,,,,Price chg (%),OI chg (%),,,,,Volume chg (%),Buildup
D:\My-data\Share_P&L\Ichart Data\Screenshot\September26\2026-09-02\Sector_Summary_29SEP26_Report_2_9_2026_133321.xlsx,True,49,,,,,,,,,,,Price chg (%),OI chg (%),,,,,Volume chg (%),Buildup
D:\My-data\Share_P&L\Ichart Data\Screenshot\September26\2026-09-02\Sector_Summary_29SEP26_Report_2_9_2026_133830.xlsx,True,49,,,,,,,,,,,Price chg (%),OI chg (%),,,,,Volume chg (%),Buildup
D:\My-data\Share_P&L\Ichart Data\Screenshot\September26\2026-09-02\Sector_Summary_29SEP26_Report_2_9_2026_134341.xlsx,True,49,,,,,,,,,,,Price chg (%),OI chg (%),,,,,Volume chg (%),Buildup
D:\My-data\Share_P&L\Ichart Data\Screenshot\September26\2026-09-02\Sector_Summary_29SEP26_Report_2_9_2026_134849.xlsx,True,49,,,,,,,,,,,Price chg (%),OI chg (%),,,,,Volume chg (%),Buildup
D:\My-data\Share_P&L\Ichart Data\Screenshot\September26\2026-09-02\Sector_Summary_29SEP26_Report_2_9_2026_135358.xlsx,True,49,,,,,,,,,,,Price chg (%),OI chg (%),,,,,Volume chg (%),Buildup
D:\My-data\Share_P&L\Ichart Data\Screenshot\September26\2026-09-02\Sector_Summary_29SEP26_Report_2_9_2026_135907.xlsx,True,49,,,,,,,,,,,Price chg (%),OI chg (%),,,,,Volume chg (%),Buildup
D:\My-data\Share_P&L\Ichart Data\Screenshot\September26\2026-09-02\Sector_Summary_29SEP26_Report_2_9_2026_140414.xlsx,True,49,,,,,,,,,,,Price chg (%),OI chg (%),,,,,Volume chg (%),Buildup
D:\My-data\Share_P&L\Ichart Data\Screenshot\September26\2026-09-02\Sector_Summary_29SEP26_Report_2_9_2026_140924.xlsx,True,49,,,,,,,,,,,Price chg (%),OI chg (%),,,,,Volume chg (%),Buildup
D:\My-data\Share_P&L\Ichart Data\Screenshot\September26\2026-09-02\Sector_Summary_29SEP26_Report_2_9_2026_141438.xlsx,True,49,,,,,,,,,,,Price chg (%),OI chg (%),,,,,Volume chg (%),Buildup
D:\My-data\Share_P&L\Ichart Data\Screenshot\September26\2026-09-02\Sector_Summary_29SEP26_Report_2_9_2026_141947.xlsx,True,49,,,,,,,,,,,Price chg (%),OI chg (%),,,,,Volume chg (%),Buildup
D:\My-data\Share_P&L\Ichart Data\Screenshot\September26\2026-09-02\Sector_Summary_29SEP26_Report_2_9_2026_142455.xlsx,True,49,,,,,,,,,,,Price chg (%),OI chg (%),,,,,Volume chg (%),Buildup
D:\My-data\Share_P&L\Ichart Data\Screenshot\September26\2026-09-02\Sector_Summary_29SEP26_Report_2_9_2026_143002.xlsx,True,49,,,,,,,,,,,Price chg (%),OI chg (%),,,,,Volume chg (%),Buildup
D:\My-data\Share_P&L\Ichart Data\Screenshot\September26\2026-09-02\Sector_Summary_29SEP26_Report_2_9_2026_143512.xlsx,True,48,,,,,,,,,,,Price chg (%),OI chg (%),,,,,Volume chg (%),Buildup
D:\My-data\Share_P&L\Ichart Data\Screenshot\September26\2026-09-02\Sector_Summary_29SEP26_Report_2_9_2026_144020.xlsx,True,49,,,,,,,,,,,Price chg (%),OI chg (%),,,,,Volume chg (%),Buildup
D:\My-data\Share_P&L\Ichart Data\Screenshot\September26\2026-09-02\Support_Resistance_29SEP26_Scan_2_9_2026.xlsx,True,150,Symbol,,,,,,,Price,,,Price Chg%,,,,,,,
D:\My-data\Share_P&L\Ichart Data\Screenshot\September26\2026-09-02\Support_Resistance_29SEP26_Scan_2_9_2026_092644.xlsx,True,144,Symbol,,,,,,,Price,,,Price Chg%,,,,,,,
D:\My-data\Share_P&L\Ichart Data\Screenshot\September26\2026-09-02\Support_Resistance_29SEP26_Scan_2_9_2026_093155.xlsx,True,140,Symbol,,,,,,,Price,,,Price Chg%,,,,,,,
D:\My-data\Share_P&L\Ichart Data\Screenshot\September26\2026-09-02\Support_Resistance_29SEP26_Scan_2_9_2026_093705.xlsx,True,136,Symbol,,,,,,,Price,,,Price Chg%,,,,,,,
D:\My-data\Share_P&L\Ichart Data\Screenshot\September26\2026-09-02\Support_Resistance_29SEP26_Scan_2_9_2026_094217.xlsx,True,140,Symbol,,,,,,,Price,,,Price Chg%,,,,,,,
D:\My-data\Share_P&L\Ichart Data\Screenshot\September26\2026-09-02\Support_Resistance_29SEP26_Scan_2_9_2026_094726.xlsx,True,137,Symbol,,,,,,,Price,,,Price Chg%,,,,,,,
D:\My-data\Share_P&L\Ichart Data\Screenshot\September26\2026-09-02\Support_Resistance_29SEP26_Scan_2_9_2026_095237.xlsx,True,134,Symbol,,,,,,,Price,,,Price Chg%,,,,,,,
D:\My-data\Share_P&L\Ichart Data\Screenshot\September26\2026-09-02\Support_Resistance_29SEP26_Scan_2_9_2026_095748.xlsx,True,131,Symbol,,,,,,,Price,,,Price Chg%,,,,,,,
D:\My-data\Share_P&L\Ichart Data\Screenshot\September26\2026-09-02\Support_Resistance_29SEP26_Scan_2_9_2026_100258.xlsx,True,131,Symbol,,,,,,,Price,,,Price Chg%,,,,,,,
D:\My-data\Share_P&L\Ichart Data\Screenshot\September26\2026-09-02\Support_Resistance_29SEP26_Scan_2_9_2026_100809.xlsx,True,60,Symbol,,,,,,,Price,,,Price Chg%,,,,,,,
D:\My-data\Share_P&L\Ichart Data\Screenshot\September26\2026-09-02\Support_Resistance_29SEP26_Scan_2_9_2026_101319.xlsx,True,132,Symbol,,,,,,,Price,,,Price Chg%,,,,,,,
D:\My-data\Share_P&L\Ichart Data\Screenshot\September26\2026-09-02\Support_Resistance_29SEP26_Scan_2_9_2026_101830.xlsx,True,129,Symbol,,,,,,,Price,,,Price Chg%,,,,,,,
D:\My-data\Share_P&L\Ichart Data\Screenshot\September26\2026-09-02\Support_Resistance_29SEP26_Scan_2_9_2026_102340.xlsx,True,129,Symbol,,,,,,,Price,,,Price Chg%,,,,,,,
D:\My-data\Share_P&L\Ichart Data\Screenshot\September26\2026-09-02\Support_Resistance_29SEP26_Scan_2_9_2026_102850.xlsx,True,131,Symbol,,,,,,,Price,,,Price Chg%,,,,,,,
D:\My-data\Share_P&L\Ichart Data\Screenshot\September26\2026-09-02\Support_Resistance_29SEP26_Scan_2_9_2026_103400.xlsx,True,132,Symbol,,,,,,,Price,,,Price Chg%,,,,,,,
D:\My-data\Share_P&L\Ichart Data\Screenshot\September26\2026-09-02\Support_Resistance_29SEP26_Scan_2_9_2026_103911.xlsx,True,131,Symbol,,,,,,,Price,,,Price Chg%,,,,,,,
D:\My-data\Share_P&L\Ichart Data\Screenshot\September26\2026-09-02\Support_Resistance_29SEP26_Scan_2_9_2026_104421.xlsx,True,131,Symbol,,,,,,,Price,,,Price Chg%,,,,,,,
D:\My-data\Share_P&L\Ichart Data\Screenshot\September26\2026-09-02\Support_Resistance_29SEP26_Scan_2_9_2026_104931.xlsx,True,133,Symbol,,,,,,,Price,,,Price Chg%,,,,,,,
D:\My-data\Share_P&L\Ichart Data\Screenshot\September26\2026-09-02\Support_Resistance_29SEP26_Scan_2_9_2026_105442.xlsx,True,133,Symbol,,,,,,,Price,,,Price Chg%,,,,,,,
D:\My-data\Share_P&L\Ichart Data\Screenshot\September26\2026-09-02\Support_Resistance_29SEP26_Scan_2_9_2026_105953.xlsx,True,133,Symbol,,,,,,,Price,,,Price Chg%,,,,,,,
D:\My-data\Share_P&L\Ichart Data\Screenshot\September26\2026-09-02\Support_Resistance_29SEP26_Scan_2_9_2026_110503.xlsx,True,132,Symbol,,,,,,,Price,,,Price Chg%,,,,,,,
D:\My-data\Share_P&L\Ichart Data\Screenshot\September26\2026-09-02\Support_Resistance_29SEP26_Scan_2_9_2026_111014.xlsx,True,132,Symbol,,,,,,,Price,,,Price Chg%,,,,,,,
D:\My-data\Share_P&L\Ichart Data\Screenshot\September26\2026-09-02\Support_Resistance_29SEP26_Scan_2_9_2026_111524.xlsx,True,132,Symbol,,,,,,,Price,,,Price Chg%,,,,,,,
D:\My-data\Share_P&L\Ichart Data\Screenshot\September26\2026-09-02\Support_Resistance_29SEP26_Scan_2_9_2026_112035.xlsx,True,133,Symbol,,,,,,,Price,,,Price Chg%,,,,,,,
D:\My-data\Share_P&L\Ichart Data\Screenshot\September26\2026-09-02\Support_Resistance_29SEP26_Scan_2_9_2026_112547.xlsx,True,135,Symbol,,,,,,,Price,,,Price Chg%,,,,,,,
D:\My-data\Share_P&L\Ichart Data\Screenshot\September26\2026-09-02\Support_Resistance_29SEP26_Scan_2_9_2026_113058.xlsx,True,135,Symbol,,,,,,,Price,,,Price Chg%,,,,,,,
D:\My-data\Share_P&L\Ichart Data\Screenshot\September26\2026-09-02\Support_Resistance_29SEP26_Scan_2_9_2026_113608.xlsx,True,134,Symbol,,,,,,,Price,,,Price Chg%,,,,,,,
D:\My-data\Share_P&L\Ichart Data\Screenshot\September26\2026-09-02\Support_Resistance_29SEP26_Scan_2_9_2026_114118.xlsx,True,134,Symbol,,,,,,,Price,,,Price Chg%,,,,,,,
D:\My-data\Share_P&L\Ichart Data\Screenshot\September26\2026-09-02\Support_Resistance_29SEP26_Scan_2_9_2026_114628.xlsx,True,135,Symbol,,,,,,,Price,,,Price Chg%,,,,,,,
D:\My-data\Share_P&L\Ichart Data\Screenshot\September26\2026-09-02\Support_Resistance_29SEP26_Scan_2_9_2026_115139.xlsx,True,135,Symbol,,,,,,,Price,,,Price Chg%,,,,,,,
D:\My-data\Share_P&L\Ichart Data\Screenshot\September26\2026-09-02\Support_Resistance_29SEP26_Scan_2_9_2026_115650.xlsx,True,135,Symbol,,,,,,,Price,,,Price Chg%,,,,,,,
D:\My-data\Share_P&L\Ichart Data\Screenshot\September26\2026-09-02\Support_Resistance_29SEP26_Scan_2_9_2026_120200.xlsx,True,134,Symbol,,,,,,,Price,,,Price Chg%,,,,,,,
D:\My-data\Share_P&L\Ichart Data\Screenshot\September26\2026-09-02\Support_Resistance_29SEP26_Scan_2_9_2026_120712.xlsx,True,133,Symbol,,,,,,,Price,,,Price Chg%,,,,,,,
D:\My-data\Share_P&L\Ichart Data\Screenshot\September26\2026-09-02\Support_Resistance_29SEP26_Scan_2_9_2026_121224.xlsx,True,135,Symbol,,,,,,,Price,,,Price Chg%,,,,,,,
D:\My-data\Share_P&L\Ichart Data\Screenshot\September26\2026-09-02\Support_Resistance_29SEP26_Scan_2_9_2026_121734.xlsx,True,136,Symbol,,,,,,,Price,,,Price Chg%,,,,,,,
D:\My-data\Share_P&L\Ichart Data\Screenshot\September26\2026-09-02\Support_Resistance_29SEP26_Scan_2_9_2026_122245.xlsx,True,133,Symbol,,,,,,,Price,,,Price Chg%,,,,,,,
D:\My-data\Share_P&L\Ichart Data\Screenshot\September26\2026-09-02\Support_Resistance_29SEP26_Scan_2_9_2026_122757.xlsx,True,133,Symbol,,,,,,,Price,,,Price Chg%,,,,,,,
D:\My-data\Share_P&L\Ichart Data\Screenshot\September26\2026-09-02\Support_Resistance_29SEP26_Scan_2_9_2026_123308.xlsx,True,134,Symbol,,,,,,,Price,,,Price Chg%,,,,,,,
D:\My-data\Share_P&L\Ichart Data\Screenshot\September26\2026-09-02\Support_Resistance_29SEP26_Scan_2_9_2026_123817.xlsx,True,136,Symbol,,,,,,,Price,,,Price Chg%,,,,,,,
D:\My-data\Share_P&L\Ichart Data\Screenshot\September26\2026-09-02\Support_Resistance_29SEP26_Scan_2_9_2026_124327.xlsx,True,136,Symbol,,,,,,,Price,,,Price Chg%,,,,,,,
D:\My-data\Share_P&L\Ichart Data\Screenshot\September26\2026-09-02\Support_Resistance_29SEP26_Scan_2_9_2026_124837.xlsx,True,137,Symbol,,,,,,,Price,,,Price Chg%,,,,,,,
D:\My-data\Share_P&L\Ichart Data\Screenshot\September26\2026-09-02\Support_Resistance_29SEP26_Scan_2_9_2026_125348.xlsx,True,135,Symbol,,,,,,,Price,,,Price Chg%,,,,,,,
D:\My-data\Share_P&L\Ichart Data\Screenshot\September26\2026-09-02\Support_Resistance_29SEP26_Scan_2_9_2026_125858.xlsx,True,135,Symbol,,,,,,,Price,,,Price Chg%,,,,,,,
D:\My-data\Share_P&L\Ichart Data\Screenshot\September26\2026-09-02\Support_Resistance_29SEP26_Scan_2_9_2026_130407.xlsx,True,134,Symbol,,,,,,,Price,,,Price Chg%,,,,,,,
D:\My-data\Share_P&L\Ichart Data\Screenshot\September26\2026-09-02\Support_Resistance_29SEP26_Scan_2_9_2026_130918.xlsx,True,132,Symbol,,,,,,,Price,,,Price Chg%,,,,,,,
D:\My-data\Share_P&L\Ichart Data\Screenshot\September26\2026-09-02\Support_Resistance_29SEP26_Scan_2_9_2026_131428.xlsx,True,133,Symbol,,,,,,,Price,,,Price Chg%,,,,,,,
D:\My-data\Share_P&L\Ichart Data\Screenshot\September26\2026-09-02\Support_Resistance_29SEP26_Scan_2_9_2026_131937.xlsx,True,132,Symbol,,,,,,,Price,,,Price Chg%,,,,,,,
D:\My-data\Share_P&L\Ichart Data\Screenshot\September26\2026-09-02\Support_Resistance_29SEP26_Scan_2_9_2026_132448.xlsx,True,132,Symbol,,,,,,,Price,,,Price Chg%,,,,,,,
D:\My-data\Share_P&L\Ichart Data\Screenshot\September26\2026-09-02\Support_Resistance_29SEP26_Scan_2_9_2026_132959.xlsx,True,131,Symbol,,,,,,,Price,,,Price Chg%,,,,,,,
D:\My-data\Share_P&L\Ichart Data\Screenshot\September26\2026-09-02\Support_Resistance_29SEP26_Scan_2_9_2026_133509.xlsx,True,134,Symbol,,,,,,,Price,,,Price Chg%,,,,,,,
D:\My-data\Share_P&L\Ichart Data\Screenshot\September26\2026-09-02\Support_Resistance_29SEP26_Scan_2_9_2026_134019.xlsx,True,133,Symbol,,,,,,,Price,,,Price Chg%,,,,,,,
D:\My-data\Share_P&L\Ichart Data\Screenshot\September26\2026-09-02\Support_Resistance_29SEP26_Scan_2_9_2026_134529.xlsx,True,134,Symbol,,,,,,,Price,,,Price Chg%,,,,,,,
D:\My-data\Share_P&L\Ichart Data\Screenshot\September26\2026-09-02\Support_Resistance_29SEP26_Scan_2_9_2026_135039.xlsx,True,132,Symbol,,,,,,,Price,,,Price Chg%,,,,,,,
D:\My-data\Share_P&L\Ichart Data\Screenshot\September26\2026-09-02\Support_Resistance_29SEP26_Scan_2_9_2026_135550.xlsx,True,131,Symbol,,,,,,,Price,,,Price Chg%,,,,,,,
D:\My-data\Share_P&L\Ichart Data\Screenshot\September26\2026-09-02\Support_Resistance_29SEP26_Scan_2_9_2026_140100.xlsx,True,130,Symbol,,,,,,,Price,,,Price Chg%,,,,,,,
D:\My-data\Share_P&L\Ichart Data\Screenshot\September26\2026-09-02\Support_Resistance_29SEP26_Scan_2_9_2026_140609.xlsx,True,128,Symbol,,,,,,,Price,,,Price Chg%,,,,,,,
D:\My-data\Share_P&L\Ichart Data\Screenshot\September26\2026-09-02\Support_Resistance_29SEP26_Scan_2_9_2026_141119.xlsx,True,130,Symbol,,,,,,,Price,,,Price Chg%,,,,,,,
D:\My-data\Share_P&L\Ichart Data\Screenshot\September26\2026-09-02\Support_Resistance_29SEP26_Scan_2_9_2026_141629.xlsx,True,129,Symbol,,,,,,,Price,,,Price Chg%,,,,,,,
D:\My-data\Share_P&L\Ichart Data\Screenshot\September26\2026-09-02\Support_Resistance_29SEP26_Scan_2_9_2026_142139.xlsx,True,130,Symbol,,,,,,,Price,,,Price Chg%,,,,,,,
D:\My-data\Share_P&L\Ichart Data\Screenshot\September26\2026-09-02\Support_Resistance_29SEP26_Scan_2_9_2026_142651.xlsx,True,129,Symbol,,,,,,,Price,,,Price Chg%,,,,,,,
D:\My-data\Share_P&L\Ichart Data\Screenshot\September26\2026-09-02\Support_Resistance_29SEP26_Scan_2_9_2026_143201.xlsx,True,128,Symbol,,,,,,,Price,,,Price Chg%,,,,,,,
D:\My-data\Share_P&L\Ichart Data\Screenshot\September26\2026-09-02\Support_Resistance_29SEP26_Scan_2_9_2026_143712.xlsx,True,127,Symbol,,,,,,,Price,,,Price Chg%,,,,,,,
D:\My-data\Share_P&L\Ichart Data\Screenshot\September26\2026-09-02\Support_Resistance_29SEP26_Scan_2_9_2026_144222.xlsx,True,130,Symbol,,,,,,,Price,,,Price Chg%,,,,,,,
D:\My-data\Share_P&L\Ichart Data\Screenshot\September26\2026-09-02\VolumeAndOISpikesScans_29SEP26_Report_2_9_2026.xlsx,True,219,Symbol,,,,,,,Price,,,Price chg (%),OI chg (%),,,,,Volume Chg (%),
D:\My-data\Share_P&L\Ichart Data\Screenshot\September26\2026-09-02\VolumeAndOISpikesScans_29SEP26_Report_2_9_2026_092627.xlsx,True,219,Symbol,,,,,,,Price,,,Price chg (%),OI chg (%),,,,,Volume Chg (%),
D:\My-data\Share_P&L\Ichart Data\Screenshot\September26\2026-09-02\VolumeAndOISpikesScans_29SEP26_Report_2_9_2026_093135.xlsx,True,219,Symbol,,,,,,,Price,,,Price chg (%),OI chg (%),,,,,Volume Chg (%),
D:\My-data\Share_P&L\Ichart Data\Screenshot\September26\2026-09-02\VolumeAndOISpikesScans_29SEP26_Report_2_9_2026_093642.xlsx,True,219,Symbol,,,,,,,Price,,,Price chg (%),OI chg (%),,,,,Volume Chg (%),
D:\My-data\Share_P&L\Ichart Data\Screenshot\September26\2026-09-02\VolumeAndOISpikesScans_29SEP26_Report_2_9_2026_094149.xlsx,True,219,Symbol,,,,,,,Price,,,Price chg (%),OI chg (%),,,,,Volume Chg (%),
D:\My-data\Share_P&L\Ichart Data\Screenshot\September26\2026-09-02\VolumeAndOISpikesScans_29SEP26_Report_2_9_2026_094657.xlsx,True,219,Symbol,,,,,,,Price,,,Price chg (%),OI chg (%),,,,,Volume Chg (%),
D:\My-data\Share_P&L\Ichart Data\Screenshot\September26\2026-09-02\VolumeAndOISpikesScans_29SEP26_Report_2_9_2026_095205.xlsx,True,219,Symbol,,,,,,,Price,,,Price chg (%),OI chg (%),,,,,Volume Chg (%),
D:\My-data\Share_P&L\Ichart Data\Screenshot\September26\2026-09-02\VolumeAndOISpikesScans_29SEP26_Report_2_9_2026_095711.xlsx,True,219,Symbol,,,,,,,Price,,,Price chg (%),OI chg (%),,,,,Volume Chg (%),
D:\My-data\Share_P&L\Ichart Data\Screenshot\September26\2026-09-02\VolumeAndOISpikesScans_29SEP26_Report_2_9_2026_100218.xlsx,True,219,Symbol,,,,,,,Price,,,Price chg (%),OI chg (%),,,,,Volume Chg (%),
D:\My-data\Share_P&L\Ichart Data\Screenshot\September26\2026-09-02\VolumeAndOISpikesScans_29SEP26_Report_2_9_2026_100726.xlsx,True,219,Symbol,,,,,,,Price,,,Price chg (%),OI chg (%),,,,,Volume Chg (%),
D:\My-data\Share_P&L\Ichart Data\Screenshot\September26\2026-09-02\VolumeAndOISpikesScans_29SEP26_Report_2_9_2026_101234.xlsx,True,219,Symbol,,,,,,,Price,,,Price chg (%),OI chg (%),,,,,Volume Chg (%),
D:\My-data\Share_P&L\Ichart Data\Screenshot\September26\2026-09-02\VolumeAndOISpikesScans_29SEP26_Report_2_9_2026_101743.xlsx,True,219,Symbol,,,,,,,Price,,,Price chg (%),OI chg (%),,,,,Volume Chg (%),
D:\My-data\Share_P&L\Ichart Data\Screenshot\September26\2026-09-02\VolumeAndOISpikesScans_29SEP26_Report_2_9_2026_102252.xlsx,True,219,Symbol,,,,,,,Price,,,Price chg (%),OI chg (%),,,,,Volume Chg (%),
D:\My-data\Share_P&L\Ichart Data\Screenshot\September26\2026-09-02\VolumeAndOISpikesScans_29SEP26_Report_2_9_2026_102800.xlsx,True,219,Symbol,,,,,,,Price,,,Price chg (%),OI chg (%),,,,,Volume Chg (%),
D:\My-data\Share_P&L\Ichart Data\Screenshot\September26\2026-09-02\VolumeAndOISpikesScans_29SEP26_Report_2_9_2026_103308.xlsx,True,219,Symbol,,,,,,,Price,,,Price chg (%),OI chg (%),,,,,Volume Chg (%),
D:\My-data\Share_P&L\Ichart Data\Screenshot\September26\2026-09-02\VolumeAndOISpikesScans_29SEP26_Report_2_9_2026_103816.xlsx,True,219,Symbol,,,,,,,Price,,,Price chg (%),OI chg (%),,,,,Volume Chg (%),
D:\My-data\Share_P&L\Ichart Data\Screenshot\September26\2026-09-02\VolumeAndOISpikesScans_29SEP26_Report_2_9_2026_104326.xlsx,True,219,Symbol,,,,,,,Price,,,Price chg (%),OI chg (%),,,,,Volume Chg (%),
D:\My-data\Share_P&L\Ichart Data\Screenshot\September26\2026-09-02\VolumeAndOISpikesScans_29SEP26_Report_2_9_2026_104834.xlsx,True,219,Symbol,,,,,,,Price,,,Price chg (%),OI chg (%),,,,,Volume Chg (%),
D:\My-data\Share_P&L\Ichart Data\Screenshot\September26\2026-09-02\VolumeAndOISpikesScans_29SEP26_Report_2_9_2026_105343.xlsx,True,219,Symbol,,,,,,,Price,,,Price chg (%),OI chg (%),,,,,Volume Chg (%),
D:\My-data\Share_P&L\Ichart Data\Screenshot\September26\2026-09-02\VolumeAndOISpikesScans_29SEP26_Report_2_9_2026_105901.xlsx,True,219,Symbol,,,,,,,Price,,,Price chg (%),OI chg (%),,,,,Volume Chg (%),
D:\My-data\Share_P&L\Ichart Data\Screenshot\September26\2026-09-02\VolumeAndOISpikesScans_29SEP26_Report_2_9_2026_110409.xlsx,True,219,Symbol,,,,,,,Price,,,Price chg (%),OI chg (%),,,,,Volume Chg (%),
D:\My-data\Share_P&L\Ichart Data\Screenshot\September26\2026-09-02\VolumeAndOISpikesScans_29SEP26_Report_2_9_2026_110916.xlsx,True,219,Symbol,,,,,,,Price,,,Price chg (%),OI chg (%),,,,,Volume Chg (%),
D:\My-data\Share_P&L\Ichart Data\Screenshot\September26\2026-09-02\VolumeAndOISpikesScans_29SEP26_Report_2_9_2026_111423.xlsx,True,219,Symbol,,,,,,,Price,,,Price chg (%),OI chg (%),,,,,Volume Chg (%),
D:\My-data\Share_P&L\Ichart Data\Screenshot\September26\2026-09-02\VolumeAndOISpikesScans_29SEP26_Report_2_9_2026_111932.xlsx,True,219,Symbol,,,,,,,Price,,,Price chg (%),OI chg (%),,,,,Volume Chg (%),
D:\My-data\Share_P&L\Ichart Data\Screenshot\September26\2026-09-02\VolumeAndOISpikesScans_29SEP26_Report_2_9_2026_112441.xlsx,True,219,Symbol,,,,,,,Price,,,Price chg (%),OI chg (%),,,,,Volume Chg (%),
D:\My-data\Share_P&L\Ichart Data\Screenshot\September26\2026-09-02\VolumeAndOISpikesScans_29SEP26_Report_2_9_2026_112948.xlsx,True,219,Symbol,,,,,,,Price,,,Price chg (%),OI chg (%),,,,,Volume Chg (%),
D:\My-data\Share_P&L\Ichart Data\Screenshot\September26\2026-09-02\VolumeAndOISpikesScans_29SEP26_Report_2_9_2026_113457.xlsx,True,219,Symbol,,,,,,,Price,,,Price chg (%),OI chg (%),,,,,Volume Chg (%),
D:\My-data\Share_P&L\Ichart Data\Screenshot\September26\2026-09-02\VolumeAndOISpikesScans_29SEP26_Report_2_9_2026_114006.xlsx,True,219,Symbol,,,,,,,Price,,,Price chg (%),OI chg (%),,,,,Volume Chg (%),
D:\My-data\Share_P&L\Ichart Data\Screenshot\September26\2026-09-02\VolumeAndOISpikesScans_29SEP26_Report_2_9_2026_114514.xlsx,True,219,Symbol,,,,,,,Price,,,Price chg (%),OI chg (%),,,,,Volume Chg (%),
D:\My-data\Share_P&L\Ichart Data\Screenshot\September26\2026-09-02\VolumeAndOISpikesScans_29SEP26_Report_2_9_2026_115022.xlsx,True,219,Symbol,,,,,,,Price,,,Price chg (%),OI chg (%),,,,,Volume Chg (%),
D:\My-data\Share_P&L\Ichart Data\Screenshot\September26\2026-09-02\VolumeAndOISpikesScans_29SEP26_Report_2_9_2026_115532.xlsx,True,219,Symbol,,,,,,,Price,,,Price chg (%),OI chg (%),,,,,Volume Chg (%),
D:\My-data\Share_P&L\Ichart Data\Screenshot\September26\2026-09-02\VolumeAndOISpikesScans_29SEP26_Report_2_9_2026_120044.xlsx,True,219,Symbol,,,,,,,Price,,,Price chg (%),OI chg (%),,,,,Volume Chg (%),
D:\My-data\Share_P&L\Ichart Data\Screenshot\September26\2026-09-02\VolumeAndOISpikesScans_29SEP26_Report_2_9_2026_120553.xlsx,True,219,Symbol,,,,,,,Price,,,Price chg (%),OI chg (%),,,,,Volume Chg (%),
D:\My-data\Share_P&L\Ichart Data\Screenshot\September26\2026-09-02\VolumeAndOISpikesScans_29SEP26_Report_2_9_2026_121102.xlsx,True,219,Symbol,,,,,,,Price,,,Price chg (%),OI chg (%),,,,,Volume Chg (%),
D:\My-data\Share_P&L\Ichart Data\Screenshot\September26\2026-09-02\VolumeAndOISpikesScans_29SEP26_Report_2_9_2026_121610.xlsx,True,219,Symbol,,,,,,,Price,,,Price chg (%),OI chg (%),,,,,Volume Chg (%),
D:\My-data\Share_P&L\Ichart Data\Screenshot\September26\2026-09-02\VolumeAndOISpikesScans_29SEP26_Report_2_9_2026_122118.xlsx,True,219,Symbol,,,,,,,Price,,,Price chg (%),OI chg (%),,,,,Volume Chg (%),
D:\My-data\Share_P&L\Ichart Data\Screenshot\September26\2026-09-02\VolumeAndOISpikesScans_29SEP26_Report_2_9_2026_122629.xlsx,True,219,Symbol,,,,,,,Price,,,Price chg (%),OI chg (%),,,,,Volume Chg (%),
D:\My-data\Share_P&L\Ichart Data\Screenshot\September26\2026-09-02\VolumeAndOISpikesScans_29SEP26_Report_2_9_2026_123143.xlsx,True,219,Symbol,,,,,,,Price,,,Price chg (%),OI chg (%),,,,,Volume Chg (%),
D:\My-data\Share_P&L\Ichart Data\Screenshot\September26\2026-09-02\VolumeAndOISpikesScans_29SEP26_Report_2_9_2026_123651.xlsx,True,219,Symbol,,,,,,,Price,,,Price chg (%),OI chg (%),,,,,Volume Chg (%),
D:\My-data\Share_P&L\Ichart Data\Screenshot\September26\2026-09-02\VolumeAndOISpikesScans_29SEP26_Report_2_9_2026_124200.xlsx,True,219,Symbol,,,,,,,Price,,,Price chg (%),OI chg (%),,,,,Volume Chg (%),
D:\My-data\Share_P&L\Ichart Data\Screenshot\September26\2026-09-02\VolumeAndOISpikesScans_29SEP26_Report_2_9_2026_124708.xlsx,True,219,Symbol,,,,,,,Price,,,Price chg (%),OI chg (%),,,,,Volume Chg (%),
D:\My-data\Share_P&L\Ichart Data\Screenshot\September26\2026-09-02\VolumeAndOISpikesScans_29SEP26_Report_2_9_2026_125218.xlsx,True,219,Symbol,,,,,,,Price,,,Price chg (%),OI chg (%),,,,,Volume Chg (%),
D:\My-data\Share_P&L\Ichart Data\Screenshot\September26\2026-09-02\VolumeAndOISpikesScans_29SEP26_Report_2_9_2026_125725.xlsx,True,219,Symbol,,,,,,,Price,,,Price chg (%),OI chg (%),,,,,Volume Chg (%),
D:\My-data\Share_P&L\Ichart Data\Screenshot\September26\2026-09-02\VolumeAndOISpikesScans_29SEP26_Report_2_9_2026_130232.xlsx,True,219,Symbol,,,,,,,Price,,,Price chg (%),OI chg (%),,,,,Volume Chg (%),
D:\My-data\Share_P&L\Ichart Data\Screenshot\September26\2026-09-02\VolumeAndOISpikesScans_29SEP26_Report_2_9_2026_130741.xlsx,True,219,Symbol,,,,,,,Price,,,Price chg (%),OI chg (%),,,,,Volume Chg (%),
D:\My-data\Share_P&L\Ichart Data\Screenshot\September26\2026-09-02\VolumeAndOISpikesScans_29SEP26_Report_2_9_2026_131251.xlsx,True,219,Symbol,,,,,,,Price,,,Price chg (%),OI chg (%),,,,,Volume Chg (%),
D:\My-data\Share_P&L\Ichart Data\Screenshot\September26\2026-09-02\VolumeAndOISpikesScans_29SEP26_Report_2_9_2026_131758.xlsx,True,219,Symbol,,,,,,,Price,,,Price chg (%),OI chg (%),,,,,Volume Chg (%),
D:\My-data\Share_P&L\Ichart Data\Screenshot\September26\2026-09-02\VolumeAndOISpikesScans_29SEP26_Report_2_9_2026_132309.xlsx,True,219,Symbol,,,,,,,Price,,,Price chg (%),OI chg (%),,,,,Volume Chg (%),
D:\My-data\Share_P&L\Ichart Data\Screenshot\September26\2026-09-02\VolumeAndOISpikesScans_29SEP26_Report_2_9_2026_132816.xlsx,True,219,Symbol,,,,,,,Price,,,Price chg (%),OI chg (%),,,,,Volume Chg (%),
D:\My-data\Share_P&L\Ichart Data\Screenshot\September26\2026-09-02\VolumeAndOISpikesScans_29SEP26_Report_2_9_2026_133329.xlsx,True,219,Symbol,,,,,,,Price,,,Price chg (%),OI chg (%),,,,,Volume Chg (%),
D:\My-data\Share_P&L\Ichart Data\Screenshot\September26\2026-09-02\VolumeAndOISpikesScans_29SEP26_Report_2_9_2026_133838.xlsx,True,219,Symbol,,,,,,,Price,,,Price chg (%),OI chg (%),,,,,Volume Chg (%),
D:\My-data\Share_P&L\Ichart Data\Screenshot\September26\2026-09-02\VolumeAndOISpikesScans_29SEP26_Report_2_9_2026_134350.xlsx,True,219,Symbol,,,,,,,Price,,,Price chg (%),OI chg (%),,,,,Volume Chg (%),
D:\My-data\Share_P&L\Ichart Data\Screenshot\September26\2026-09-02\VolumeAndOISpikesScans_29SEP26_Report_2_9_2026_134857.xlsx,True,219,Symbol,,,,,,,Price,,,Price chg (%),OI chg (%),,,,,Volume Chg (%),
D:\My-data\Share_P&L\Ichart Data\Screenshot\September26\2026-09-02\VolumeAndOISpikesScans_29SEP26_Report_2_9_2026_135406.xlsx,True,219,Symbol,,,,,,,Price,,,Price chg (%),OI chg (%),,,,,Volume Chg (%),
D:\My-data\Share_P&L\Ichart Data\Screenshot\September26\2026-09-02\VolumeAndOISpikesScans_29SEP26_Report_2_9_2026_135915.xlsx,True,219,Symbol,,,,,,,Price,,,Price chg (%),OI chg (%),,,,,Volume Chg (%),
D:\My-data\Share_P&L\Ichart Data\Screenshot\September26\2026-09-02\VolumeAndOISpikesScans_29SEP26_Report_2_9_2026_140423.xlsx,True,219,Symbol,,,,,,,Price,,,Price chg (%),OI chg (%),,,,,Volume Chg (%),
D:\My-data\Share_P&L\Ichart Data\Screenshot\September26\2026-09-02\VolumeAndOISpikesScans_29SEP26_Report_2_9_2026_140931.xlsx,True,219,Symbol,,,,,,,Price,,,Price chg (%),OI chg (%),,,,,Volume Chg (%),
D:\My-data\Share_P&L\Ichart Data\Screenshot\September26\2026-09-02\VolumeAndOISpikesScans_29SEP26_Report_2_9_2026_141446.xlsx,True,219,Symbol,,,,,,,Price,,,Price chg (%),OI chg (%),,,,,Volume Chg (%),
D:\My-data\Share_P&L\Ichart Data\Screenshot\September26\2026-09-02\VolumeAndOISpikesScans_29SEP26_Report_2_9_2026_141953.xlsx,True,219,Symbol,,,,,,,Price,,,Price chg (%),OI chg (%),,,,,Volume Chg (%),
D:\My-data\Share_P&L\Ichart Data\Screenshot\September26\2026-09-02\VolumeAndOISpikesScans_29SEP26_Report_2_9_2026_142502.xlsx,True,219,Symbol,,,,,,,Price,,,Price chg (%),OI chg (%),,,,,Volume Chg (%),
D:\My-data\Share_P&L\Ichart Data\Screenshot\September26\2026-09-02\VolumeAndOISpikesScans_29SEP26_Report_2_9_2026_143011.xlsx,True,219,Symbol,,,,,,,Price,,,Price chg (%),OI chg (%),,,,,Volume Chg (%),
D:\My-data\Share_P&L\Ichart Data\Screenshot\September26\2026-09-02\VolumeAndOISpikesScans_29SEP26_Report_2_9_2026_143520.xlsx,True,219,Symbol,,,,,,,Price,,,Price chg (%),OI chg (%),,,,,Volume Chg (%),
D:\My-data\Share_P&L\Ichart Data\Screenshot\September26\2026-09-02\VolumeAndOISpikesScans_29SEP26_Report_2_9_2026_144028.xlsx,True,219,Symbol,,,,,,,Price,,,Price chg (%),OI chg (%),,,,,Volume Chg (%),
D:\My-data\Share_P&L\Ichart Data\Screenshot\September26\2026-09-03\Daywise_Price_and_OI_Summary_29SEP26_Report_2026-09-03.xlsx,True,219,Symbol,,,Open,High,Low,Close,,ATM Straddle %,ATM Straddle %,Price Chg %,OI Chg %,PCR Chg %,Tot CE OI Chg %,Tot PE OI Chg %,Tot PE-CE OI Chg,,
D:\My-data\Share_P&L\Ichart Data\Screenshot\September26\2026-09-03\Daywise_Price_and_OI_Summary_29SEP26_Report_2026-09-03_092322.xlsx,True,219,Symbol,,,Open,High,Low,Close,,ATM Straddle %,ATM Straddle %,Price Chg %,OI Chg %,PCR Chg %,Tot CE OI Chg %,Tot PE OI Chg %,Tot PE-CE OI Chg,,
D:\My-data\Share_P&L\Ichart Data\Screenshot\September26\2026-09-03\Daywise_Price_and_OI_Summary_29SEP26_Report_2026-09-03_092832.xlsx,True,219,Symbol,,,Open,High,Low,Close,,ATM Straddle %,ATM Straddle %,Price Chg %,OI Chg %,PCR Chg %,Tot CE OI Chg %,Tot PE OI Chg %,Tot PE-CE OI Chg,,
D:\My-data\Share_P&L\Ichart Data\Screenshot\September26\2026-09-03\Daywise_Price_and_OI_Summary_29SEP26_Report_2026-09-03_093341.xlsx,True,219,Symbol,,,Open,High,Low,Close,,ATM Straddle %,ATM Straddle %,Price Chg %,OI Chg %,PCR Chg %,Tot CE OI Chg %,Tot PE OI Chg %,Tot PE-CE OI Chg,,
D:\My-data\Share_P&L\Ichart Data\Screenshot\September26\2026-09-03\Daywise_Price_and_OI_Summary_29SEP26_Report_2026-09-03_093851.xlsx,True,219,Symbol,,,Open,High,Low,Close,,ATM Straddle %,ATM Straddle %,Price Chg %,OI Chg %,PCR Chg %,Tot CE OI Chg %,Tot PE OI Chg %,Tot PE-CE OI Chg,,
D:\My-data\Share_P&L\Ichart Data\Screenshot\September26\2026-09-03\Daywise_Price_and_OI_Summary_29SEP26_Report_2026-09-03_094400.xlsx,True,219,Symbol,,,Open,High,Low,Close,,ATM Straddle %,ATM Straddle %,Price Chg %,OI Chg %,PCR Chg %,Tot CE OI Chg %,Tot PE OI Chg %,Tot PE-CE OI Chg,,
D:\My-data\Share_P&L\Ichart Data\Screenshot\September26\2026-09-03\Daywise_Price_and_OI_Summary_29SEP26_Report_2026-09-03_094909.xlsx,True,219,Symbol,,,Open,High,Low,Close,,ATM Straddle %,ATM Straddle %,Price Chg %,OI Chg %,PCR Chg %,Tot CE OI Chg %,Tot PE OI Chg %,Tot PE-CE OI Chg,,
D:\My-data\Share_P&L\Ichart Data\Screenshot\September26\2026-09-03\Daywise_Price_and_OI_Summary_29SEP26_Report_2026-09-03_095418.xlsx,True,219,Symbol,,,Open,High,Low,Close,,ATM Straddle %,ATM Straddle %,Price Chg %,OI Chg %,PCR Chg %,Tot CE OI Chg %,Tot PE OI Chg %,Tot PE-CE OI Chg,,
D:\My-data\Share_P&L\Ichart Data\Screenshot\September26\2026-09-03\Daywise_Price_and_OI_Summary_29SEP26_Report_2026-09-03_095927.xlsx,True,219,Symbol,,,Open,High,Low,Close,,ATM Straddle %,ATM Straddle %,Price Chg %,OI Chg %,PCR Chg %,Tot CE OI Chg %,Tot PE OI Chg %,Tot PE-CE OI Chg,,
D:\My-data\Share_P&L\Ichart Data\Screenshot\September26\2026-09-03\Daywise_Price_and_OI_Summary_29SEP26_Report_2026-09-03_100440.xlsx,True,219,Symbol,,,Open,High,Low,Close,,ATM Straddle %,ATM Straddle %,Price Chg %,OI Chg %,PCR Chg %,Tot CE OI Chg %,Tot PE OI Chg %,Tot PE-CE OI Chg,,
D:\My-data\Share_P&L\Ichart Data\Screenshot\September26\2026-09-03\Daywise_Price_and_OI_Summary_29SEP26_Report_2026-09-03_100948.xlsx,True,219,Symbol,,,Open,High,Low,Close,,ATM Straddle %,ATM Straddle %,Price Chg %,OI Chg %,PCR Chg %,Tot CE OI Chg %,Tot PE OI Chg %,Tot PE-CE OI Chg,,
D:\My-data\Share_P&L\Ichart Data\Screenshot\September26\2026-09-03\Daywise_Price_and_OI_Summary_29SEP26_Report_2026-09-03_101459.xlsx,True,219,Symbol,,,Open,High,Low,Close,,ATM Straddle %,ATM Straddle %,Price Chg %,OI Chg %,PCR Chg %,Tot CE OI Chg %,Tot PE OI Chg %,Tot PE-CE OI Chg,,
D:\My-data\Share_P&L\Ichart Data\Screenshot\September26\2026-09-03\Daywise_Price_and_OI_Summary_29SEP26_Report_2026-09-03_102007.xlsx,True,219,Symbol,,,Open,High,Low,Close,,ATM Straddle %,ATM Straddle %,Price Chg %,OI Chg %,PCR Chg %,Tot CE OI Chg %,Tot PE OI Chg %,Tot PE-CE OI Chg,,
D:\My-data\Share_P&L\Ichart Data\Screenshot\September26\2026-09-03\Daywise_Price_and_OI_Summary_29SEP26_Report_2026-09-03_102517.xlsx,True,219,Symbol,,,Open,High,Low,Close,,ATM Straddle %,ATM Straddle %,Price Chg %,OI Chg %,PCR Chg %,Tot CE OI Chg %,Tot PE OI Chg %,Tot PE-CE OI Chg,,
D:\My-data\Share_P&L\Ichart Data\Screenshot\September26\2026-09-03\Daywise_Price_and_OI_Summary_29SEP26_Report_2026-09-03_103025.xlsx,True,219,Symbol,,,Open,High,Low,Close,,ATM Straddle %,ATM Straddle %,Price Chg %,OI Chg %,PCR Chg %,Tot CE OI Chg %,Tot PE OI Chg %,Tot PE-CE OI Chg,,
D:\My-data\Share_P&L\Ichart Data\Screenshot\September26\2026-09-03\Daywise_Price_and_OI_Summary_29SEP26_Report_2026-09-03_103533.xlsx,True,219,Symbol,,,Open,High,Low,Close,,ATM Straddle %,ATM Straddle %,Price Chg %,OI Chg %,PCR Chg %,Tot CE OI Chg %,Tot PE OI Chg %,Tot PE-CE OI Chg,,
D:\My-data\Share_P&L\Ichart Data\Screenshot\September26\2026-09-03\Daywise_Price_and_OI_Summary_29SEP26_Report_2026-09-03_104042.xlsx,True,219,Symbol,,,Open,High,Low,Close,,ATM Straddle %,ATM Straddle %,Price Chg %,OI Chg %,PCR Chg %,Tot CE OI Chg %,Tot PE OI Chg %,Tot PE-CE OI Chg,,
D:\My-data\Share_P&L\Ichart Data\Screenshot\September26\2026-09-03\Daywise_Price_and_OI_Summary_29SEP26_Report_2026-09-03_104550.xlsx,True,219,Symbol,,,Open,High,Low,Close,,ATM Straddle %,ATM Straddle %,Price Chg %,OI Chg %,PCR Chg %,Tot CE OI Chg %,Tot PE OI Chg %,Tot PE-CE OI Chg,,
D:\My-data\Share_P&L\Ichart Data\Screenshot\September26\2026-09-03\Daywise_Price_and_OI_Summary_29SEP26_Report_2026-09-03_105058.xlsx,True,219,Symbol,,,Open,High,Low,Close,,ATM Straddle %,ATM Straddle %,Price Chg %,OI Chg %,PCR Chg %,Tot CE OI Chg %,Tot PE OI Chg %,Tot PE-CE OI Chg,,
D:\My-data\Share_P&L\Ichart Data\Screenshot\September26\2026-09-03\Daywise_Price_and_OI_Summary_29SEP26_Report_2026-09-03_105606.xlsx,True,219,Symbol,,,Open,High,Low,Close,,ATM Straddle %,ATM Straddle %,Price Chg %,OI Chg %,PCR Chg %,Tot CE OI Chg %,Tot PE OI Chg %,Tot PE-CE OI Chg,,
D:\My-data\Share_P&L\Ichart Data\Screenshot\September26\2026-09-03\Daywise_Price_and_OI_Summary_29SEP26_Report_2026-09-03_110115.xlsx,True,219,Symbol,,,Open,High,Low,Close,,ATM Straddle %,ATM Straddle %,Price Chg %,OI Chg %,PCR Chg %,Tot CE OI Chg %,Tot PE OI Chg %,Tot PE-CE OI Chg,,
D:\My-data\Share_P&L\Ichart Data\Screenshot\September26\2026-09-03\Daywise_Price_and_OI_Summary_29SEP26_Report_2026-09-03_110624.xlsx,True,219,Symbol,,,Open,High,Low,Close,,ATM Straddle %,ATM Straddle %,Price Chg %,OI Chg %,PCR Chg %,Tot CE OI Chg %,Tot PE OI Chg %,Tot PE-CE OI Chg,,
D:\My-data\Share_P&L\Ichart Data\Screenshot\September26\2026-09-03\Daywise_Price_and_OI_Summary_29SEP26_Report_2026-09-03_111132.xlsx,True,219,Symbol,,,Open,High,Low,Close,,ATM Straddle %,ATM Straddle %,Price Chg %,OI Chg %,PCR Chg %,Tot CE OI Chg %,Tot PE OI Chg %,Tot PE-CE OI Chg,,
D:\My-data\Share_P&L\Ichart Data\Screenshot\September26\2026-09-03\Daywise_Price_and_OI_Summary_29SEP26_Report_2026-09-03_111641.xlsx,True,219,Symbol,,,Open,High,Low,Close,,ATM Straddle %,ATM Straddle %,Price Chg %,OI Chg %,PCR Chg %,Tot CE OI Chg %,Tot PE OI Chg %,Tot PE-CE OI Chg,,
D:\My-data\Share_P&L\Ichart Data\Screenshot\September26\2026-09-03\Daywise_Price_and_OI_Summary_29SEP26_Report_2026-09-03_112150.xlsx,True,219,Symbol,,,Open,High,Low,Close,,ATM Straddle %,ATM Straddle %,Price Chg %,OI Chg %,PCR Chg %,Tot CE OI Chg %,Tot PE OI Chg %,Tot PE-CE OI Chg,,
D:\My-data\Share_P&L\Ichart Data\Screenshot\September26\2026-09-03\Daywise_Price_and_OI_Summary_29SEP26_Report_2026-09-03_112658.xlsx,True,219,Symbol,,,Open,High,Low,Close,,ATM Straddle %,ATM Straddle %,Price Chg %,OI Chg %,PCR Chg %,Tot CE OI Chg %,Tot PE OI Chg %,Tot PE-CE OI Chg,,
D:\My-data\Share_P&L\Ichart Data\Screenshot\September26\2026-09-03\Daywise_Price_and_OI_Summary_29SEP26_Report_2026-09-03_113206.xlsx,True,219,Symbol,,,Open,High,Low,Close,,ATM Straddle %,ATM Straddle %,Price Chg %,OI Chg %,PCR Chg %,Tot CE OI Chg %,Tot PE OI Chg %,Tot PE-CE OI Chg,,
D:\My-data\Share_P&L\Ichart Data\Screenshot\September26\2026-09-03\Daywise_Price_and_OI_Summary_29SEP26_Report_2026-09-03_113714.xlsx,True,219,Symbol,,,Open,High,Low,Close,,ATM Straddle %,ATM Straddle %,Price Chg %,OI Chg %,PCR Chg %,Tot CE OI Chg %,Tot PE OI Chg %,Tot PE-CE OI Chg,,
D:\My-data\Share_P&L\Ichart Data\Screenshot\September26\2026-09-03\Daywise_Price_and_OI_Summary_29SEP26_Report_2026-09-03_114222.xlsx,True,219,Symbol,,,Open,High,Low,Close,,ATM Straddle %,ATM Straddle %,Price Chg %,OI Chg %,PCR Chg %,Tot CE OI Chg %,Tot PE OI Chg %,Tot PE-CE OI Chg,,
D:\My-data\Share_P&L\Ichart Data\Screenshot\September26\2026-09-03\Daywise_Price_and_OI_Summary_29SEP26_Report_2026-09-03_114731.xlsx,True,219,Symbol,,,Open,High,Low,Close,,ATM Straddle %,ATM Straddle %,Price Chg %,OI Chg %,PCR Chg %,Tot CE OI Chg %,Tot PE OI Chg %,Tot PE-CE OI Chg,,
D:\My-data\Share_P&L\Ichart Data\Screenshot\September26\2026-09-03\Daywise_Price_and_OI_Summary_29SEP26_Report_2026-09-03_115238.xlsx,True,219,Symbol,,,Open,High,Low,Close,,ATM Straddle %,ATM Straddle %,Price Chg %,OI Chg %,PCR Chg %,Tot CE OI Chg %,Tot PE OI Chg %,Tot PE-CE OI Chg,,
D:\My-data\Share_P&L\Ichart Data\Screenshot\September26\2026-09-03\Daywise_Price_and_OI_Summary_29SEP26_Report_2026-09-03_115748.xlsx,True,219,Symbol,,,Open,High,Low,Close,,ATM Straddle %,ATM Straddle %,Price Chg %,OI Chg %,PCR Chg %,Tot CE OI Chg %,Tot PE OI Chg %,Tot PE-CE OI Chg,,
D:\My-data\Share_P&L\Ichart Data\Screenshot\September26\2026-09-03\Daywise_Price_and_OI_Summary_29SEP26_Report_2026-09-03_120256.xlsx,True,219,Symbol,,,Open,High,Low,Close,,ATM Straddle %,ATM Straddle %,Price Chg %,OI Chg %,PCR Chg %,Tot CE OI Chg %,Tot PE OI Chg %,Tot PE-CE OI Chg,,
D:\My-data\Share_P&L\Ichart Data\Screenshot\September26\2026-09-03\Daywise_Price_and_OI_Summary_29SEP26_Report_2026-09-03_120805.xlsx,True,219,Symbol,,,Open,High,Low,Close,,ATM Straddle %,ATM Straddle %,Price Chg %,OI Chg %,PCR Chg %,Tot CE OI Chg %,Tot PE OI Chg %,Tot PE-CE OI Chg,,
D:\My-data\Share_P&L\Ichart Data\Screenshot\September26\2026-09-03\Daywise_Price_and_OI_Summary_29SEP26_Report_2026-09-03_121315.xlsx,True,219,Symbol,,,Open,High,Low,Close,,ATM Straddle %,ATM Straddle %,Price Chg %,OI Chg %,PCR Chg %,Tot CE OI Chg %,Tot PE OI Chg %,Tot PE-CE OI Chg,,
D:\My-data\Share_P&L\Ichart Data\Screenshot\September26\2026-09-03\Daywise_Price_and_OI_Summary_29SEP26_Report_2026-09-03_121823.xlsx,True,219,Symbol,,,Open,High,Low,Close,,ATM Straddle %,ATM Straddle %,Price Chg %,OI Chg %,PCR Chg %,Tot CE OI Chg %,Tot PE OI Chg %,Tot PE-CE OI Chg,,
D:\My-data\Share_P&L\Ichart Data\Screenshot\September26\2026-09-03\Daywise_Price_and_OI_Summary_29SEP26_Report_2026-09-03_122331.xlsx,True,219,Symbol,,,Open,High,Low,Close,,ATM Straddle %,ATM Straddle %,Price Chg %,OI Chg %,PCR Chg %,Tot CE OI Chg %,Tot PE OI Chg %,Tot PE-CE OI Chg,,
D:\My-data\Share_P&L\Ichart Data\Screenshot\September26\2026-09-03\Daywise_Price_and_OI_Summary_29SEP26_Report_2026-09-03_122841.xlsx,True,219,Symbol,,,Open,High,Low,Close,,ATM Straddle %,ATM Straddle %,Price Chg %,OI Chg %,PCR Chg %,Tot CE OI Chg %,Tot PE OI Chg %,Tot PE-CE OI Chg,,
D:\My-data\Share_P&L\Ichart Data\Screenshot\September26\2026-09-03\Daywise_Price_and_OI_Summary_29SEP26_Report_2026-09-03_123349.xlsx,True,219,Symbol,,,Open,High,Low,Close,,ATM Straddle %,ATM Straddle %,Price Chg %,OI Chg %,PCR Chg %,Tot CE OI Chg %,Tot PE OI Chg %,Tot PE-CE OI Chg,,
D:\My-data\Share_P&L\Ichart Data\Screenshot\September26\2026-09-03\Daywise_Price_and_OI_Summary_29SEP26_Report_2026-09-03_123857.xlsx,True,219,Symbol,,,Open,High,Low,Close,,ATM Straddle %,ATM Straddle %,Price Chg %,OI Chg %,PCR Chg %,Tot CE OI Chg %,Tot PE OI Chg %,Tot PE-CE OI Chg,,
D:\My-data\Share_P&L\Ichart Data\Screenshot\September26\2026-09-03\Daywise_Price_and_OI_Summary_29SEP26_Report_2026-09-03_124405.xlsx,True,219,Symbol,,,Open,High,Low,Close,,ATM Straddle %,ATM Straddle %,Price Chg %,OI Chg %,PCR Chg %,Tot CE OI Chg %,Tot PE OI Chg %,Tot PE-CE OI Chg,,
D:\My-data\Share_P&L\Ichart Data\Screenshot\September26\2026-09-03\Daywise_Price_and_OI_Summary_29SEP26_Report_2026-09-03_124913.xlsx,True,219,Symbol,,,Open,High,Low,Close,,ATM Straddle %,ATM Straddle %,Price Chg %,OI Chg %,PCR Chg %,Tot CE OI Chg %,Tot PE OI Chg %,Tot PE-CE OI Chg,,
D:\My-data\Share_P&L\Ichart Data\Screenshot\September26\2026-09-03\Daywise_Price_and_OI_Summary_29SEP26_Report_2026-09-03_125420.xlsx,True,219,Symbol,,,Open,High,Low,Close,,ATM Straddle %,ATM Straddle %,Price Chg %,OI Chg %,PCR Chg %,Tot CE OI Chg %,Tot PE OI Chg %,Tot PE-CE OI Chg,,
D:\My-data\Share_P&L\Ichart Data\Screenshot\September26\2026-09-03\Daywise_Price_and_OI_Summary_29SEP26_Report_2026-09-03_125929.xlsx,True,219,Symbol,,,Open,High,Low,Close,,ATM Straddle %,ATM Straddle %,Price Chg %,OI Chg %,PCR Chg %,Tot CE OI Chg %,Tot PE OI Chg %,Tot PE-CE OI Chg,,
D:\My-data\Share_P&L\Ichart Data\Screenshot\September26\2026-09-03\Daywise_Price_and_OI_Summary_29SEP26_Report_2026-09-03_130438.xlsx,True,219,Symbol,,,Open,High,Low,Close,,ATM Straddle %,ATM Straddle %,Price Chg %,OI Chg %,PCR Chg %,Tot CE OI Chg %,Tot PE OI Chg %,Tot PE-CE OI Chg,,
D:\My-data\Share_P&L\Ichart Data\Screenshot\September26\2026-09-03\Daywise_Price_and_OI_Summary_29SEP26_Report_2026-09-03_130945.xlsx,True,219,Symbol,,,Open,High,Low,Close,,ATM Straddle %,ATM Straddle %,Price Chg %,OI Chg %,PCR Chg %,Tot CE OI Chg %,Tot PE OI Chg %,Tot PE-CE OI Chg,,
D:\My-data\Share_P&L\Ichart Data\Screenshot\September26\2026-09-03\Daywise_Price_and_OI_Summary_29SEP26_Report_2026-09-03_131455.xlsx,True,219,Symbol,,,Open,High,Low,Close,,ATM Straddle %,ATM Straddle %,Price Chg %,OI Chg %,PCR Chg %,Tot CE OI Chg %,Tot PE OI Chg %,Tot PE-CE OI Chg,,
D:\My-data\Share_P&L\Ichart Data\Screenshot\September26\2026-09-03\Daywise_Price_and_OI_Summary_29SEP26_Report_2026-09-03_132002.xlsx,True,219,Symbol,,,Open,High,Low,Close,,ATM Straddle %,ATM Straddle %,Price Chg %,OI Chg %,PCR Chg %,Tot CE OI Chg %,Tot PE OI Chg %,Tot PE-CE OI Chg,,
D:\My-data\Share_P&L\Ichart Data\Screenshot\September26\2026-09-03\Daywise_Price_and_OI_Summary_29SEP26_Report_2026-09-03_132511.xlsx,True,219,Symbol,,,Open,High,Low,Close,,ATM Straddle %,ATM Straddle %,Price Chg %,OI Chg %,PCR Chg %,Tot CE OI Chg %,Tot PE OI Chg %,Tot PE-CE OI Chg,,
D:\My-data\Share_P&L\Ichart Data\Screenshot\September26\2026-09-03\Daywise_Price_and_OI_Summary_29SEP26_Report_2026-09-03_133020.xlsx,True,219,Symbol,,,Open,High,Low,Close,,ATM Straddle %,ATM Straddle %,Price Chg %,OI Chg %,PCR Chg %,Tot CE OI Chg %,Tot PE OI Chg %,Tot PE-CE OI Chg,,
D:\My-data\Share_P&L\Ichart Data\Screenshot\September26\2026-09-03\Daywise_Price_and_OI_Summary_29SEP26_Report_2026-09-03_133528.xlsx,True,219,Symbol,,,Open,High,Low,Close,,ATM Straddle %,ATM Straddle %,Price Chg %,OI Chg %,PCR Chg %,Tot CE OI Chg %,Tot PE OI Chg %,Tot PE-CE OI Chg,,
D:\My-data\Share_P&L\Ichart Data\Screenshot\September26\2026-09-03\Daywise_Price_and_OI_Summary_29SEP26_Report_2026-09-03_134036.xlsx,True,219,Symbol,,,Open,High,Low,Close,,ATM Straddle %,ATM Straddle %,Price Chg %,OI Chg %,PCR Chg %,Tot CE OI Chg %,Tot PE OI Chg %,Tot PE-CE OI Chg,,
D:\My-data\Share_P&L\Ichart Data\Screenshot\September26\2026-09-03\Daywise_Price_and_OI_Summary_29SEP26_Report_2026-09-03_134544.xlsx,True,219,Symbol,,,Open,High,Low,Close,,ATM Straddle %,ATM Straddle %,Price Chg %,OI Chg %,PCR Chg %,Tot CE OI Chg %,Tot PE OI Chg %,Tot PE-CE OI Chg,,
D:\My-data\Share_P&L\Ichart Data\Screenshot\September26\2026-09-03\Daywise_Price_and_OI_Summary_29SEP26_Report_2026-09-03_135051.xlsx,True,219,Symbol,,,Open,High,Low,Close,,ATM Straddle %,ATM Straddle %,Price Chg %,OI Chg %,PCR Chg %,Tot CE OI Chg %,Tot PE OI Chg %,Tot PE-CE OI Chg,,
D:\My-data\Share_P&L\Ichart Data\Screenshot\September26\2026-09-03\Daywise_Price_and_OI_Summary_29SEP26_Report_2026-09-03_135559.xlsx,True,219,Symbol,,,Open,High,Low,Close,,ATM Straddle %,ATM Straddle %,Price Chg %,OI Chg %,PCR Chg %,Tot CE OI Chg %,Tot PE OI Chg %,Tot PE-CE OI Chg,,
D:\My-data\Share_P&L\Ichart Data\Screenshot\September26\2026-09-03\Daywise_Price_and_OI_Summary_29SEP26_Report_2026-09-03_140109.xlsx,True,219,Symbol,,,Open,High,Low,Close,,ATM Straddle %,ATM Straddle %,Price Chg %,OI Chg %,PCR Chg %,Tot CE OI Chg %,Tot PE OI Chg %,Tot PE-CE OI Chg,,
D:\My-data\Share_P&L\Ichart Data\Screenshot\September26\2026-09-03\Daywise_Price_and_OI_Summary_29SEP26_Report_2026-09-03_140619.xlsx,True,219,Symbol,,,Open,High,Low,Close,,ATM Straddle %,ATM Straddle %,Price Chg %,OI Chg %,PCR Chg %,Tot CE OI Chg %,Tot PE OI Chg %,Tot PE-CE OI Chg,,
D:\My-data\Share_P&L\Ichart Data\Screenshot\September26\2026-09-03\Daywise_Price_and_OI_Summary_29SEP26_Report_2026-09-03_141127.xlsx,True,219,Symbol,,,Open,High,Low,Close,,ATM Straddle %,ATM Straddle %,Price Chg %,OI Chg %,PCR Chg %,Tot CE OI Chg %,Tot PE OI Chg %,Tot PE-CE OI Chg,,
D:\My-data\Share_P&L\Ichart Data\Screenshot\September26\2026-09-03\Daywise_Price_and_OI_Summary_29SEP26_Report_2026-09-03_141635.xlsx,True,219,Symbol,,,Open,High,Low,Close,,ATM Straddle %,ATM Straddle %,Price Chg %,OI Chg %,PCR Chg %,Tot CE OI Chg %,Tot PE OI Chg %,Tot PE-CE OI Chg,,
D:\My-data\Share_P&L\Ichart Data\Screenshot\September26\2026-09-03\Daywise_Price_and_OI_Summary_29SEP26_Report_2026-09-03_142144.xlsx,True,219,Symbol,,,Open,High,Low,Close,,ATM Straddle %,ATM Straddle %,Price Chg %,OI Chg %,PCR Chg %,Tot CE OI Chg %,Tot PE OI Chg %,Tot PE-CE OI Chg,,
D:\My-data\Share_P&L\Ichart Data\Screenshot\September26\2026-09-03\Daywise_Price_and_OI_Summary_29SEP26_Report_2026-09-03_142653.xlsx,True,219,Symbol,,,Open,High,Low,Close,,ATM Straddle %,ATM Straddle %,Price Chg %,OI Chg %,PCR Chg %,Tot CE OI Chg %,Tot PE OI Chg %,Tot PE-CE OI Chg,,
D:\My-data\Share_P&L\Ichart Data\Screenshot\September26\2026-09-03\Daywise_Price_and_OI_Summary_29SEP26_Report_2026-09-03_143201.xlsx,True,219,Symbol,,,Open,High,Low,Close,,ATM Straddle %,ATM Straddle %,Price Chg %,OI Chg %,PCR Chg %,Tot CE OI Chg %,Tot PE OI Chg %,Tot PE-CE OI Chg,,
D:\My-data\Share_P&L\Ichart Data\Screenshot\September26\2026-09-03\Daywise_Price_and_OI_Summary_29SEP26_Report_2026-09-03_143709.xlsx,True,219,Symbol,,,Open,High,Low,Close,,ATM Straddle %,ATM Straddle %,Price Chg %,OI Chg %,PCR Chg %,Tot CE OI Chg %,Tot PE OI Chg %,Tot PE-CE OI Chg,,
D:\My-data\Share_P&L\Ichart Data\Screenshot\September26\2026-09-03\Daywise_Price_and_OI_Summary_29SEP26_Report_2026-09-03_144217.xlsx,True,219,Symbol,,,Open,High,Low,Close,,ATM Straddle %,ATM Straddle %,Price Chg %,OI Chg %,PCR Chg %,Tot CE OI Chg %,Tot PE OI Chg %,Tot PE-CE OI Chg,,
D:\My-data\Share_P&L\Ichart Data\Screenshot\September26\2026-09-03\IVR-IVP_29SEP26_Report_2026-09-03.xlsx,True,215,,,,,,,,,,,,,,,,,,
D:\My-data\Share_P&L\Ichart Data\Screenshot\September26\2026-09-03\IVR-IVP_29SEP26_Report_2026-09-03_092331.xlsx,True,217,,,,,,,,,,,,,,,,,,
D:\My-data\Share_P&L\Ichart Data\Screenshot\September26\2026-09-03\IVR-IVP_29SEP26_Report_2026-09-03_092842.xlsx,True,217,,,,,,,,,,,,,,,,,,
D:\My-data\Share_P&L\Ichart Data\Screenshot\September26\2026-09-03\IVR-IVP_29SEP26_Report_2026-09-03_093350.xlsx,True,217,,,,,,,,,,,,,,,,,,
D:\My-data\Share_P&L\Ichart Data\Screenshot\September26\2026-09-03\IVR-IVP_29SEP26_Report_2026-09-03_093859.xlsx,True,218,,,,,,,,,,,,,,,,,,
D:\My-data\Share_P&L\Ichart Data\Screenshot\September26\2026-09-03\IVR-IVP_29SEP26_Report_2026-09-03_094409.xlsx,True,219,,,,,,,,,,,,,,,,,,
D:\My-data\Share_P&L\Ichart Data\Screenshot\September26\2026-09-03\IVR-IVP_29SEP26_Report_2026-09-03_094918.xlsx,True,219,,,,,,,,,,,,,,,,,,
D:\My-data\Share_P&L\Ichart Data\Screenshot\September26\2026-09-03\IVR-IVP_29SEP26_Report_2026-09-03_095428.xlsx,True,219,,,,,,,,,,,,,,,,,,
D:\My-data\Share_P&L\Ichart Data\Screenshot\September26\2026-09-03\IVR-IVP_29SEP26_Report_2026-09-03_095938.xlsx,True,219,,,,,,,,,,,,,,,,,,
D:\My-data\Share_P&L\Ichart Data\Screenshot\September26\2026-09-03\IVR-IVP_29SEP26_Report_2026-09-03_100449.xlsx,True,219,,,,,,,,,,,,,,,,,,
D:\My-data\Share_P&L\Ichart Data\Screenshot\September26\2026-09-03\IVR-IVP_29SEP26_Report_2026-09-03_100957.xlsx,True,219,,,,,,,,,,,,,,,,,,
D:\My-data\Share_P&L\Ichart Data\Screenshot\September26\2026-09-03\IVR-IVP_29SEP26_Report_2026-09-03_101509.xlsx,True,219,,,,,,,,,,,,,,,,,,
D:\My-data\Share_P&L\Ichart Data\Screenshot\September26\2026-09-03\IVR-IVP_29SEP26_Report_2026-09-03_102017.xlsx,True,219,,,,,,,,,,,,,,,,,,
D:\My-data\Share_P&L\Ichart Data\Screenshot\September26\2026-09-03\IVR-IVP_29SEP26_Report_2026-09-03_102526.xlsx,True,219,,,,,,,,,,,,,,,,,,
D:\My-data\Share_P&L\Ichart Data\Screenshot\September26\2026-09-03\IVR-IVP_29SEP26_Report_2026-09-03_103034.xlsx,True,219,,,,,,,,,,,,,,,,,,
D:\My-data\Share_P&L\Ichart Data\Screenshot\September26\2026-09-03\IVR-IVP_29SEP26_Report_2026-09-03_103542.xlsx,True,219,,,,,,,,,,,,,,,,,,
D:\My-data\Share_P&L\Ichart Data\Screenshot\September26\2026-09-03\IVR-IVP_29SEP26_Report_2026-09-03_104050.xlsx,True,219,,,,,,,,,,,,,,,,,,
D:\My-data\Share_P&L\Ichart Data\Screenshot\September26\2026-09-03\IVR-IVP_29SEP26_Report_2026-09-03_104559.xlsx,True,219,,,,,,,,,,,,,,,,,,
D:\My-data\Share_P&L\Ichart Data\Screenshot\September26\2026-09-03\IVR-IVP_29SEP26_Report_2026-09-03_105106.xlsx,True,219,,,,,,,,,,,,,,,,,,
D:\My-data\Share_P&L\Ichart Data\Screenshot\September26\2026-09-03\IVR-IVP_29SEP26_Report_2026-09-03_105615.xlsx,True,219,,,,,,,,,,,,,,,,,,
D:\My-data\Share_P&L\Ichart Data\Screenshot\September26\2026-09-03\IVR-IVP_29SEP26_Report_2026-09-03_110123.xlsx,True,219,,,,,,,,,,,,,,,,,,
D:\My-data\Share_P&L\Ichart Data\Screenshot\September26\2026-09-03\IVR-IVP_29SEP26_Report_2026-09-03_110633.xlsx,True,219,,,,,,,,,,,,,,,,,,
D:\My-data\Share_P&L\Ichart Data\Screenshot\September26\2026-09-03\IVR-IVP_29SEP26_Report_2026-09-03_111140.xlsx,True,219,,,,,,,,,,,,,,,,,,
D:\My-data\Share_P&L\Ichart Data\Screenshot\September26\2026-09-03\IVR-IVP_29SEP26_Report_2026-09-03_111649.xlsx,True,219,,,,,,,,,,,,,,,,,,
D:\My-data\Share_P&L\Ichart Data\Screenshot\September26\2026-09-03\IVR-IVP_29SEP26_Report_2026-09-03_112158.xlsx,True,219,,,,,,,,,,,,,,,,,,
D:\My-data\Share_P&L\Ichart Data\Screenshot\September26\2026-09-03\IVR-IVP_29SEP26_Report_2026-09-03_112707.xlsx,True,219,,,,,,,,,,,,,,,,,,
D:\My-data\Share_P&L\Ichart Data\Screenshot\September26\2026-09-03\IVR-IVP_29SEP26_Report_2026-09-03_113215.xlsx,True,219,,,,,,,,,,,,,,,,,,
D:\My-data\Share_P&L\Ichart Data\Screenshot\September26\2026-09-03\IVR-IVP_29SEP26_Report_2026-09-03_113724.xlsx,True,219,,,,,,,,,,,,,,,,,,
D:\My-data\Share_P&L\Ichart Data\Screenshot\September26\2026-09-03\IVR-IVP_29SEP26_Report_2026-09-03_114232.xlsx,True,219,,,,,,,,,,,,,,,,,,
D:\My-data\Share_P&L\Ichart Data\Screenshot\September26\2026-09-03\IVR-IVP_29SEP26_Report_2026-09-03_114741.xlsx,True,219,,,,,,,,,,,,,,,,,,
D:\My-data\Share_P&L\Ichart Data\Screenshot\September26\2026-09-03\IVR-IVP_29SEP26_Report_2026-09-03_115249.xlsx,True,219,,,,,,,,,,,,,,,,,,
D:\My-data\Share_P&L\Ichart Data\Screenshot\September26\2026-09-03\IVR-IVP_29SEP26_Report_2026-09-03_115757.xlsx,True,219,,,,,,,,,,,,,,,,,,
D:\My-data\Share_P&L\Ichart Data\Screenshot\September26\2026-09-03\IVR-IVP_29SEP26_Report_2026-09-03_120305.xlsx,True,219,,,,,,,,,,,,,,,,,,
D:\My-data\Share_P&L\Ichart Data\Screenshot\September26\2026-09-03\IVR-IVP_29SEP26_Report_2026-09-03_120815.xlsx,True,219,,,,,,,,,,,,,,,,,,
D:\My-data\Share_P&L\Ichart Data\Screenshot\September26\2026-09-03\IVR-IVP_29SEP26_Report_2026-09-03_121323.xlsx,True,219,,,,,,,,,,,,,,,,,,
D:\My-data\Share_P&L\Ichart Data\Screenshot\September26\2026-09-03\IVR-IVP_29SEP26_Report_2026-09-03_121831.xlsx,True,219,,,,,,,,,,,,,,,,,,
D:\My-data\Share_P&L\Ichart Data\Screenshot\September26\2026-09-03\IVR-IVP_29SEP26_Report_2026-09-03_122339.xlsx,True,219,,,,,,,,,,,,,,,,,,
D:\My-data\Share_P&L\Ichart Data\Screenshot\September26\2026-09-03\IVR-IVP_29SEP26_Report_2026-09-03_122849.xlsx,True,219,,,,,,,,,,,,,,,,,,
D:\My-data\Share_P&L\Ichart Data\Screenshot\September26\2026-09-03\IVR-IVP_29SEP26_Report_2026-09-03_123358.xlsx,True,219,,,,,,,,,,,,,,,,,,
D:\My-data\Share_P&L\Ichart Data\Screenshot\September26\2026-09-03\IVR-IVP_29SEP26_Report_2026-09-03_123906.xlsx,True,219,,,,,,,,,,,,,,,,,,
D:\My-data\Share_P&L\Ichart Data\Screenshot\September26\2026-09-03\IVR-IVP_29SEP26_Report_2026-09-03_124414.xlsx,True,219,,,,,,,,,,,,,,,,,,
D:\My-data\Share_P&L\Ichart Data\Screenshot\September26\2026-09-03\IVR-IVP_29SEP26_Report_2026-09-03_124922.xlsx,True,219,,,,,,,,,,,,,,,,,,
D:\My-data\Share_P&L\Ichart Data\Screenshot\September26\2026-09-03\IVR-IVP_29SEP26_Report_2026-09-03_125430.xlsx,True,219,,,,,,,,,,,,,,,,,,
D:\My-data\Share_P&L\Ichart Data\Screenshot\September26\2026-09-03\IVR-IVP_29SEP26_Report_2026-09-03_125938.xlsx,True,219,,,,,,,,,,,,,,,,,,
D:\My-data\Share_P&L\Ichart Data\Screenshot\September26\2026-09-03\IVR-IVP_29SEP26_Report_2026-09-03_130446.xlsx,True,219,,,,,,,,,,,,,,,,,,
D:\My-data\Share_P&L\Ichart Data\Screenshot\September26\2026-09-03\IVR-IVP_29SEP26_Report_2026-09-03_130954.xlsx,True,219,,,,,,,,,,,,,,,,,,
D:\My-data\Share_P&L\Ichart Data\Screenshot\September26\2026-09-03\IVR-IVP_29SEP26_Report_2026-09-03_131502.xlsx,True,219,,,,,,,,,,,,,,,,,,
D:\My-data\Share_P&L\Ichart Data\Screenshot\September26\2026-09-03\IVR-IVP_29SEP26_Report_2026-09-03_132011.xlsx,True,219,,,,,,,,,,,,,,,,,,
D:\My-data\Share_P&L\Ichart Data\Screenshot\September26\2026-09-03\IVR-IVP_29SEP26_Report_2026-09-03_132519.xlsx,True,219,,,,,,,,,,,,,,,,,,
D:\My-data\Share_P&L\Ichart Data\Screenshot\September26\2026-09-03\IVR-IVP_29SEP26_Report_2026-09-03_133029.xlsx,True,219,,,,,,,,,,,,,,,,,,
D:\My-data\Share_P&L\Ichart Data\Screenshot\September26\2026-09-03\IVR-IVP_29SEP26_Report_2026-09-03_133536.xlsx,True,219,,,,,,,,,,,,,,,,,,
D:\My-data\Share_P&L\Ichart Data\Screenshot\September26\2026-09-03\IVR-IVP_29SEP26_Report_2026-09-03_134044.xlsx,True,219,,,,,,,,,,,,,,,,,,
D:\My-data\Share_P&L\Ichart Data\Screenshot\September26\2026-09-03\IVR-IVP_29SEP26_Report_2026-09-03_134552.xlsx,True,219,,,,,,,,,,,,,,,,,,
D:\My-data\Share_P&L\Ichart Data\Screenshot\September26\2026-09-03\IVR-IVP_29SEP26_Report_2026-09-03_135102.xlsx,True,219,,,,,,,,,,,,,,,,,,
D:\My-data\Share_P&L\Ichart Data\Screenshot\September26\2026-09-03\IVR-IVP_29SEP26_Report_2026-09-03_135610.xlsx,True,219,,,,,,,,,,,,,,,,,,
D:\My-data\Share_P&L\Ichart Data\Screenshot\September26\2026-09-03\IVR-IVP_29SEP26_Report_2026-09-03_140117.xlsx,True,219,,,,,,,,,,,,,,,,,,
D:\My-data\Share_P&L\Ichart Data\Screenshot\September26\2026-09-03\IVR-IVP_29SEP26_Report_2026-09-03_140627.xlsx,True,219,,,,,,,,,,,,,,,,,,
D:\My-data\Share_P&L\Ichart Data\Screenshot\September26\2026-09-03\IVR-IVP_29SEP26_Report_2026-09-03_141135.xlsx,True,219,,,,,,,,,,,,,,,,,,
D:\My-data\Share_P&L\Ichart Data\Screenshot\September26\2026-09-03\IVR-IVP_29SEP26_Report_2026-09-03_141644.xlsx,True,219,,,,,,,,,,,,,,,,,,
D:\My-data\Share_P&L\Ichart Data\Screenshot\September26\2026-09-03\IVR-IVP_29SEP26_Report_2026-09-03_142152.xlsx,True,219,,,,,,,,,,,,,,,,,,
D:\My-data\Share_P&L\Ichart Data\Screenshot\September26\2026-09-03\IVR-IVP_29SEP26_Report_2026-09-03_142701.xlsx,True,219,,,,,,,,,,,,,,,,,,
D:\My-data\Share_P&L\Ichart Data\Screenshot\September26\2026-09-03\IVR-IVP_29SEP26_Report_2026-09-03_143209.xlsx,True,219,,,,,,,,,,,,,,,,,,
D:\My-data\Share_P&L\Ichart Data\Screenshot\September26\2026-09-03\IVR-IVP_29SEP26_Report_2026-09-03_143718.xlsx,True,219,,,,,,,,,,,,,,,,,,
D:\My-data\Share_P&L\Ichart Data\Screenshot\September26\2026-09-03\IVR-IVP_29SEP26_Report_2026-09-03_144226.xlsx,True,219,,,,,,,,,,,,,,,,,,
D:\My-data\Share_P&L\Ichart Data\Screenshot\September26\2026-09-03\Resistance_Resistance_29SEP26_Scan_3_9_2026.xlsx,True,83,Symbol,,,,,,,Price,,,Price Chg%,,,,,,,
D:\My-data\Share_P&L\Ichart Data\Screenshot\September26\2026-09-03\Resistance_Resistance_29SEP26_Scan_3_9_2026_092412.xlsx,True,77,Symbol,,,,,,,Price,,,Price Chg%,,,,,,,
D:\My-data\Share_P&L\Ichart Data\Screenshot\September26\2026-09-03\Resistance_Resistance_29SEP26_Scan_3_9_2026_092922.xlsx,True,71,Symbol,,,,,,,Price,,,Price Chg%,,,,,,,
D:\My-data\Share_P&L\Ichart Data\Screenshot\September26\2026-09-03\Resistance_Resistance_29SEP26_Scan_3_9_2026_093432.xlsx,True,76,Symbol,,,,,,,Price,,,Price Chg%,,,,,,,
D:\My-data\Share_P&L\Ichart Data\Screenshot\September26\2026-09-03\Resistance_Resistance_29SEP26_Scan_3_9_2026_093943.xlsx,True,76,Symbol,,,,,,,Price,,,Price Chg%,,,,,,,
D:\My-data\Share_P&L\Ichart Data\Screenshot\September26\2026-09-03\Resistance_Resistance_29SEP26_Scan_3_9_2026_094453.xlsx,True,78,Symbol,,,,,,,Price,,,Price Chg%,,,,,,,
D:\My-data\Share_P&L\Ichart Data\Screenshot\September26\2026-09-03\Resistance_Resistance_29SEP26_Scan_3_9_2026_095006.xlsx,True,81,Symbol,,,,,,,Price,,,Price Chg%,,,,,,,
D:\My-data\Share_P&L\Ichart Data\Screenshot\September26\2026-09-03\Resistance_Resistance_29SEP26_Scan_3_9_2026_095518.xlsx,True,84,Symbol,,,,,,,Price,,,Price Chg%,,,,,,,
D:\My-data\Share_P&L\Ichart Data\Screenshot\September26\2026-09-03\Resistance_Resistance_29SEP26_Scan_3_9_2026_100030.xlsx,True,87,Symbol,,,,,,,Price,,,Price Chg%,,,,,,,
D:\My-data\Share_P&L\Ichart Data\Screenshot\September26\2026-09-03\Resistance_Resistance_29SEP26_Scan_3_9_2026_100541.xlsx,True,87,Symbol,,,,,,,Price,,,Price Chg%,,,,,,,
D:\My-data\Share_P&L\Ichart Data\Screenshot\September26\2026-09-03\Resistance_Resistance_29SEP26_Scan_3_9_2026_101053.xlsx,True,87,Symbol,,,,,,,Price,,,Price Chg%,,,,,,,
D:\My-data\Share_P&L\Ichart Data\Screenshot\September26\2026-09-03\Resistance_Resistance_29SEP26_Scan_3_9_2026_101606.xlsx,True,86,Symbol,,,,,,,Price,,,Price Chg%,,,,,,,
D:\My-data\Share_P&L\Ichart Data\Screenshot\September26\2026-09-03\Resistance_Resistance_29SEP26_Scan_3_9_2026_102115.xlsx,True,84,Symbol,,,,,,,Price,,,Price Chg%,,,,,,,
D:\My-data\Share_P&L\Ichart Data\Screenshot\September26\2026-09-03\Resistance_Resistance_29SEP26_Scan_3_9_2026_102625.xlsx,True,81,Symbol,,,,,,,Price,,,Price Chg%,,,,,,,
D:\My-data\Share_P&L\Ichart Data\Screenshot\September26\2026-09-03\Resistance_Resistance_29SEP26_Scan_3_9_2026_103136.xlsx,True,85,Symbol,,,,,,,Price,,,Price Chg%,,,,,,,
D:\My-data\Share_P&L\Ichart Data\Screenshot\September26\2026-09-03\Resistance_Resistance_29SEP26_Scan_3_9_2026_103647.xlsx,True,85,Symbol,,,,,,,Price,,,Price Chg%,,,,,,,
D:\My-data\Share_P&L\Ichart Data\Screenshot\September26\2026-09-03\Resistance_Resistance_29SEP26_Scan_3_9_2026_104157.xlsx,True,80,Symbol,,,,,,,Price,,,Price Chg%,,,,,,,
D:\My-data\Share_P&L\Ichart Data\Screenshot\September26\2026-09-03\Resistance_Resistance_29SEP26_Scan_3_9_2026_104706.xlsx,True,79,Symbol,,,,,,,Price,,,Price Chg%,,,,,,,
D:\My-data\Share_P&L\Ichart Data\Screenshot\September26\2026-09-03\Resistance_Resistance_29SEP26_Scan_3_9_2026_105216.xlsx,True,80,Symbol,,,,,,,Price,,,Price Chg%,,,,,,,
D:\My-data\Share_P&L\Ichart Data\Screenshot\September26\2026-09-03\Resistance_Resistance_29SEP26_Scan_3_9_2026_105727.xlsx,True,80,Symbol,,,,,,,Price,,,Price Chg%,,,,,,,
D:\My-data\Share_P&L\Ichart Data\Screenshot\September26\2026-09-03\Resistance_Resistance_29SEP26_Scan_3_9_2026_110239.xlsx,True,77,Symbol,,,,,,,Price,,,Price Chg%,,,,,,,
D:\My-data\Share_P&L\Ichart Data\Screenshot\September26\2026-09-03\Resistance_Resistance_29SEP26_Scan_3_9_2026_110749.xlsx,True,75,Symbol,,,,,,,Price,,,Price Chg%,,,,,,,
D:\My-data\Share_P&L\Ichart Data\Screenshot\September26\2026-09-03\Resistance_Resistance_29SEP26_Scan_3_9_2026_111259.xlsx,True,78,Symbol,,,,,,,Price,,,Price Chg%,,,,,,,
D:\My-data\Share_P&L\Ichart Data\Screenshot\September26\2026-09-03\Resistance_Resistance_29SEP26_Scan_3_9_2026_111811.xlsx,True,78,Symbol,,,,,,,Price,,,Price Chg%,,,,,,,
D:\My-data\Share_P&L\Ichart Data\Screenshot\September26\2026-09-03\Resistance_Resistance_29SEP26_Scan_3_9_2026_112321.xlsx,True,82,Symbol,,,,,,,Price,,,Price Chg%,,,,,,,
D:\My-data\Share_P&L\Ichart Data\Screenshot\September26\2026-09-03\Resistance_Resistance_29SEP26_Scan_3_9_2026_112831.xlsx,True,86,Symbol,,,,,,,Price,,,Price Chg%,,,,,,,
D:\My-data\Share_P&L\Ichart Data\Screenshot\September26\2026-09-03\Resistance_Resistance_29SEP26_Scan_3_9_2026_113342.xlsx,True,87,Symbol,,,,,,,Price,,,Price Chg%,,,,,,,
D:\My-data\Share_P&L\Ichart Data\Screenshot\September26\2026-09-03\Resistance_Resistance_29SEP26_Scan_3_9_2026_113851.xlsx,True,85,Symbol,,,,,,,Price,,,Price Chg%,,,,,,,
D:\My-data\Share_P&L\Ichart Data\Screenshot\September26\2026-09-03\Resistance_Resistance_29SEP26_Scan_3_9_2026_114401.xlsx,True,87,Symbol,,,,,,,Price,,,Price Chg%,,,,,,,
D:\My-data\Share_P&L\Ichart Data\Screenshot\September26\2026-09-03\Resistance_Resistance_29SEP26_Scan_3_9_2026_114911.xlsx,True,87,Symbol,,,,,,,Price,,,Price Chg%,,,,,,,
D:\My-data\Share_P&L\Ichart Data\Screenshot\September26\2026-09-03\Resistance_Resistance_29SEP26_Scan_3_9_2026_115421.xlsx,True,85,Symbol,,,,,,,Price,,,Price Chg%,,,,,,,
D:\My-data\Share_P&L\Ichart Data\Screenshot\September26\2026-09-03\Resistance_Resistance_29SEP26_Scan_3_9_2026_115932.xlsx,True,86,Symbol,,,,,,,Price,,,Price Chg%,,,,,,,
D:\My-data\Share_P&L\Ichart Data\Screenshot\September26\2026-09-03\Resistance_Resistance_29SEP26_Scan_3_9_2026_120441.xlsx,True,83,Symbol,,,,,,,Price,,,Price Chg%,,,,,,,
D:\My-data\Share_P&L\Ichart Data\Screenshot\September26\2026-09-03\Resistance_Resistance_29SEP26_Scan_3_9_2026_120951.xlsx,True,84,Symbol,,,,,,,Price,,,Price Chg%,,,,,,,
D:\My-data\Share_P&L\Ichart Data\Screenshot\September26\2026-09-03\Resistance_Resistance_29SEP26_Scan_3_9_2026_121501.xlsx,True,87,Symbol,,,,,,,Price,,,Price Chg%,,,,,,,
D:\My-data\Share_P&L\Ichart Data\Screenshot\September26\2026-09-03\Resistance_Resistance_29SEP26_Scan_3_9_2026_122010.xlsx,True,85,Symbol,,,,,,,Price,,,Price Chg%,,,,,,,
D:\My-data\Share_P&L\Ichart Data\Screenshot\September26\2026-09-03\Resistance_Resistance_29SEP26_Scan_3_9_2026_122521.xlsx,True,84,Symbol,,,,,,,Price,,,Price Chg%,,,,,,,
D:\My-data\Share_P&L\Ichart Data\Screenshot\September26\2026-09-03\Resistance_Resistance_29SEP26_Scan_3_9_2026_123031.xlsx,True,85,Symbol,,,,,,,Price,,,Price Chg%,,,,,,,
D:\My-data\Share_P&L\Ichart Data\Screenshot\September26\2026-09-03\Resistance_Resistance_29SEP26_Scan_3_9_2026_123541.xlsx,True,85,Symbol,,,,,,,Price,,,Price Chg%,,,,,,,
D:\My-data\Share_P&L\Ichart Data\Screenshot\September26\2026-09-03\Resistance_Resistance_29SEP26_Scan_3_9_2026_124051.xlsx,True,85,Symbol,,,,,,,Price,,,Price Chg%,,,,,,,
D:\My-data\Share_P&L\Ichart Data\Screenshot\September26\2026-09-03\Resistance_Resistance_29SEP26_Scan_3_9_2026_124602.xlsx,True,84,Symbol,,,,,,,Price,,,Price Chg%,,,,,,,
D:\My-data\Share_P&L\Ichart Data\Screenshot\September26\2026-09-03\Resistance_Resistance_29SEP26_Scan_3_9_2026_125112.xlsx,True,84,Symbol,,,,,,,Price,,,Price Chg%,,,,,,,
D:\My-data\Share_P&L\Ichart Data\Screenshot\September26\2026-09-03\Resistance_Resistance_29SEP26_Scan_3_9_2026_125622.xlsx,True,82,Symbol,,,,,,,Price,,,Price Chg%,,,,,,,
D:\My-data\Share_P&L\Ichart Data\Screenshot\September26\2026-09-03\Resistance_Resistance_29SEP26_Scan_3_9_2026_130132.xlsx,True,83,Symbol,,,,,,,Price,,,Price Chg%,,,,,,,
D:\My-data\Share_P&L\Ichart Data\Screenshot\September26\2026-09-03\Resistance_Resistance_29SEP26_Scan_3_9_2026_130643.xlsx,True,83,Symbol,,,,,,,Price,,,Price Chg%,,,,,,,
D:\My-data\Share_P&L\Ichart Data\Screenshot\September26\2026-09-03\Resistance_Resistance_29SEP26_Scan_3_9_2026_131152.xlsx,True,87,Symbol,,,,,,,Price,,,Price Chg%,,,,,,,
D:\My-data\Share_P&L\Ichart Data\Screenshot\September26\2026-09-03\Resistance_Resistance_29SEP26_Scan_3_9_2026_131704.xlsx,True,85,Symbol,,,,,,,Price,,,Price Chg%,,,,,,,
D:\My-data\Share_P&L\Ichart Data\Screenshot\September26\2026-09-03\Resistance_Resistance_29SEP26_Scan_3_9_2026_132214.xlsx,True,82,Symbol,,,,,,,Price,,,Price Chg%,,,,,,,
D:\My-data\Share_P&L\Ichart Data\Screenshot\September26\2026-09-03\Resistance_Resistance_29SEP26_Scan_3_9_2026_132722.xlsx,True,85,Symbol,,,,,,,Price,,,Price Chg%,,,,,,,
D:\My-data\Share_P&L\Ichart Data\Screenshot\September26\2026-09-03\Resistance_Resistance_29SEP26_Scan_3_9_2026_133233.xlsx,True,89,Symbol,,,,,,,Price,,,Price Chg%,,,,,,,
D:\My-data\Share_P&L\Ichart Data\Screenshot\September26\2026-09-03\Resistance_Resistance_29SEP26_Scan_3_9_2026_133742.xlsx,True,92,Symbol,,,,,,,Price,,,Price Chg%,,,,,,,
D:\My-data\Share_P&L\Ichart Data\Screenshot\September26\2026-09-03\Resistance_Resistance_29SEP26_Scan_3_9_2026_134254.xlsx,True,90,Symbol,,,,,,,Price,,,Price Chg%,,,,,,,
D:\My-data\Share_P&L\Ichart Data\Screenshot\September26\2026-09-03\Resistance_Resistance_29SEP26_Scan_3_9_2026_134805.xlsx,True,86,Symbol,,,,,,,Price,,,Price Chg%,,,,,,,
D:\My-data\Share_P&L\Ichart Data\Screenshot\September26\2026-09-03\Resistance_Resistance_29SEP26_Scan_3_9_2026_135315.xlsx,True,89,Symbol,,,,,,,Price,,,Price Chg%,,,,,,,
D:\My-data\Share_P&L\Ichart Data\Screenshot\September26\2026-09-03\Resistance_Resistance_29SEP26_Scan_3_9_2026_135825.xlsx,True,87,Symbol,,,,,,,Price,,,Price Chg%,,,,,,,
D:\My-data\Share_P&L\Ichart Data\Screenshot\September26\2026-09-03\Resistance_Resistance_29SEP26_Scan_3_9_2026_140334.xlsx,True,87,Symbol,,,,,,,Price,,,Price Chg%,,,,,,,
D:\My-data\Share_P&L\Ichart Data\Screenshot\September26\2026-09-03\Resistance_Resistance_29SEP26_Scan_3_9_2026_140846.xlsx,True,83,Symbol,,,,,,,Price,,,Price Chg%,,,,,,,
D:\My-data\Share_P&L\Ichart Data\Screenshot\September26\2026-09-03\Resistance_Resistance_29SEP26_Scan_3_9_2026_141356.xlsx,True,86,Symbol,,,,,,,Price,,,Price Chg%,,,,,,,
D:\My-data\Share_P&L\Ichart Data\Screenshot\September26\2026-09-03\Resistance_Resistance_29SEP26_Scan_3_9_2026_141906.xlsx,True,86,Symbol,,,,,,,Price,,,Price Chg%,,,,,,,
D:\My-data\Share_P&L\Ichart Data\Screenshot\September26\2026-09-03\Resistance_Resistance_29SEP26_Scan_3_9_2026_142416.xlsx,True,86,Symbol,,,,,,,Price,,,Price Chg%,,,,,,,
D:\My-data\Share_P&L\Ichart Data\Screenshot\September26\2026-09-03\Resistance_Resistance_29SEP26_Scan_3_9_2026_142929.xlsx,True,86,Symbol,,,,,,,Price,,,Price Chg%,,,,,,,
D:\My-data\Share_P&L\Ichart Data\Screenshot\September26\2026-09-03\Resistance_Resistance_29SEP26_Scan_3_9_2026_143440.xlsx,True,87,Symbol,,,,,,,Price,,,Price Chg%,,,,,,,
D:\My-data\Share_P&L\Ichart Data\Screenshot\September26\2026-09-03\Resistance_Resistance_29SEP26_Scan_3_9_2026_143951.xlsx,True,87,Symbol,,,,,,,Price,,,Price Chg%,,,,,,,
D:\My-data\Share_P&L\Ichart Data\Screenshot\September26\2026-09-03\Resistance_Resistance_29SEP26_Scan_3_9_2026_144502.xlsx,True,87,Symbol,,,,,,,Price,,,Price Chg%,,,,,,,
D:\My-data\Share_P&L\Ichart Data\Screenshot\September26\2026-09-03\Sector_Summary_29SEP26_Report_3_9_2026.xlsx,True,48,,,,,,,,,,,Price chg (%),OI chg (%),,,,,Volume chg (%),Buildup
D:\My-data\Share_P&L\Ichart Data\Screenshot\September26\2026-09-03\Sector_Summary_29SEP26_Report_3_9_2026_092340.xlsx,True,49,,,,,,,,,,,Price chg (%),OI chg (%),,,,,Volume chg (%),Buildup
D:\My-data\Share_P&L\Ichart Data\Screenshot\September26\2026-09-03\Sector_Summary_29SEP26_Report_3_9_2026_092849.xlsx,True,48,,,,,,,,,,,Price chg (%),OI chg (%),,,,,Volume chg (%),Buildup
D:\My-data\Share_P&L\Ichart Data\Screenshot\September26\2026-09-03\Sector_Summary_29SEP26_Report_3_9_2026_093357.xlsx,True,48,,,,,,,,,,,Price chg (%),OI chg (%),,,,,Volume chg (%),Buildup
D:\My-data\Share_P&L\Ichart Data\Screenshot\September26\2026-09-03\Sector_Summary_29SEP26_Report_3_9_2026_093906.xlsx,True,48,,,,,,,,,,,Price chg (%),OI chg (%),,,,,Volume chg (%),Buildup
D:\My-data\Share_P&L\Ichart Data\Screenshot\September26\2026-09-03\Sector_Summary_29SEP26_Report_3_9_2026_094416.xlsx,True,47,,,,,,,,,,,Price chg (%),OI chg (%),,,,,Volume chg (%),Buildup
D:\My-data\Share_P&L\Ichart Data\Screenshot\September26\2026-09-03\Sector_Summary_29SEP26_Report_3_9_2026_094925.xlsx,True,48,,,,,,,,,,,Price chg (%),OI chg (%),,,,,Volume chg (%),Buildup
D:\My-data\Share_P&L\Ichart Data\Screenshot\September26\2026-09-03\Sector_Summary_29SEP26_Report_3_9_2026_095436.xlsx,True,48,,,,,,,,,,,Price chg (%),OI chg (%),,,,,Volume chg (%),Buildup
D:\My-data\Share_P&L\Ichart Data\Screenshot\September26\2026-09-03\Sector_Summary_29SEP26_Report_3_9_2026_095945.xlsx,True,49,,,,,,,,,,,Price chg (%),OI chg (%),,,,,Volume chg (%),Buildup
D:\My-data\Share_P&L\Ichart Data\Screenshot\September26\2026-09-03\Sector_Summary_29SEP26_Report_3_9_2026_100456.xlsx,True,48,,,,,,,,,,,Price chg (%),OI chg (%),,,,,Volume chg (%),Buildup
D:\My-data\Share_P&L\Ichart Data\Screenshot\September26\2026-09-03\Sector_Summary_29SEP26_Report_3_9_2026_101005.xlsx,True,48,,,,,,,,,,,Price chg (%),OI chg (%),,,,,Volume chg (%),Buildup
D:\My-data\Share_P&L\Ichart Data\Screenshot\September26\2026-09-03\Sector_Summary_29SEP26_Report_3_9_2026_101517.xlsx,True,49,,,,,,,,,,,Price chg (%),OI chg (%),,,,,Volume chg (%),Buildup
D:\My-data\Share_P&L\Ichart Data\Screenshot\September26\2026-09-03\Sector_Summary_29SEP26_Report_3_9_2026_102025.xlsx,True,49,,,,,,,,,,,Price chg (%),OI chg (%),,,,,Volume chg (%),Buildup
D:\My-data\Share_P&L\Ichart Data\Screenshot\September26\2026-09-03\Sector_Summary_29SEP26_Report_3_9_2026_102533.xlsx,True,49,,,,,,,,,,,Price chg (%),OI chg (%),,,,,Volume chg (%),Buildup
D:\My-data\Share_P&L\Ichart Data\Screenshot\September26\2026-09-03\Sector_Summary_29SEP26_Report_3_9_2026_103041.xlsx,True,49,,,,,,,,,,,Price chg (%),OI chg (%),,,,,Volume chg (%),Buildup
D:\My-data\Share_P&L\Ichart Data\Screenshot\September26\2026-09-03\Sector_Summary_29SEP26_Report_3_9_2026_103549.xlsx,True,48,,,,,,,,,,,Price chg (%),OI chg (%),,,,,Volume chg (%),Buildup
D:\My-data\Share_P&L\Ichart Data\Screenshot\September26\2026-09-03\Sector_Summary_29SEP26_Report_3_9_2026_104057.xlsx,True,48,,,,,,,,,,,Price chg (%),OI chg (%),,,,,Volume chg (%),Buildup
D:\My-data\Share_P&L\Ichart Data\Screenshot\September26\2026-09-03\Sector_Summary_29SEP26_Report_3_9_2026_104605.xlsx,True,44,,,,,,,,,,,Price chg (%),OI chg (%),,,,,Volume chg (%),Buildup
D:\My-data\Share_P&L\Ichart Data\Screenshot\September26\2026-09-03\Sector_Summary_29SEP26_Report_3_9_2026_105114.xlsx,True,49,,,,,,,,,,,Price chg (%),OI chg (%),,,,,Volume chg (%),Buildup
D:\My-data\Share_P&L\Ichart Data\Screenshot\September26\2026-09-03\Sector_Summary_29SEP26_Report_3_9_2026_105622.xlsx,True,47,,,,,,,,,,,Price chg (%),OI chg (%),,,,,Volume chg (%),Buildup
D:\My-data\Share_P&L\Ichart Data\Screenshot\September26\2026-09-03\Sector_Summary_29SEP26_Report_3_9_2026_110131.xlsx,True,49,,,,,,,,,,,Price chg (%),OI chg (%),,,,,Volume chg (%),Buildup
D:\My-data\Share_P&L\Ichart Data\Screenshot\September26\2026-09-03\Sector_Summary_29SEP26_Report_3_9_2026_110640.xlsx,True,49,,,,,,,,,,,Price chg (%),OI chg (%),,,,,Volume chg (%),Buildup
D:\My-data\Share_P&L\Ichart Data\Screenshot\September26\2026-09-03\Sector_Summary_29SEP26_Report_3_9_2026_111148.xlsx,True,48,,,,,,,,,,,Price chg (%),OI chg (%),,,,,Volume chg (%),Buildup
D:\My-data\Share_P&L\Ichart Data\Screenshot\September26\2026-09-03\Sector_Summary_29SEP26_Report_3_9_2026_111656.xlsx,True,49,,,,,,,,,,,Price chg (%),OI chg (%),,,,,Volume chg (%),Buildup
D:\My-data\Share_P&L\Ichart Data\Screenshot\September26\2026-09-03\Sector_Summary_29SEP26_Report_3_9_2026_112205.xlsx,True,48,,,,,,,,,,,Price chg (%),OI chg (%),,,,,Volume chg (%),Buildup
D:\My-data\Share_P&L\Ichart Data\Screenshot\September26\2026-09-03\Sector_Summary_29SEP26_Report_3_9_2026_112714.xlsx,True,49,,,,,,,,,,,Price chg (%),OI chg (%),,,,,Volume chg (%),Buildup
D:\My-data\Share_P&L\Ichart Data\Screenshot\September26\2026-09-03\Sector_Summary_29SEP26_Report_3_9_2026_113222.xlsx,True,49,,,,,,,,,,,Price chg (%),OI chg (%),,,,,Volume chg (%),Buildup
D:\My-data\Share_P&L\Ichart Data\Screenshot\September26\2026-09-03\Sector_Summary_29SEP26_Report_3_9_2026_113731.xlsx,True,49,,,,,,,,,,,Price chg (%),OI chg (%),,,,,Volume chg (%),Buildup
D:\My-data\Share_P&L\Ichart Data\Screenshot\September26\2026-09-03\Sector_Summary_29SEP26_Report_3_9_2026_114241.xlsx,True,49,,,,,,,,,,,Price chg (%),OI chg (%),,,,,Volume chg (%),Buildup
D:\My-data\Share_P&L\Ichart Data\Screenshot\September26\2026-09-03\Sector_Summary_29SEP26_Report_3_9_2026_114748.xlsx,True,47,,,,,,,,,,,Price chg (%),OI chg (%),,,,,Volume chg (%),Buildup
D:\My-data\Share_P&L\Ichart Data\Screenshot\September26\2026-09-03\Sector_Summary_29SEP26_Report_3_9_2026_115255.xlsx,True,49,,,,,,,,,,,Price chg (%),OI chg (%),,,,,Volume chg (%),Buildup
D:\My-data\Share_P&L\Ichart Data\Screenshot\September26\2026-09-03\Sector_Summary_29SEP26_Report_3_9_2026_115805.xlsx,True,47,,,,,,,,,,,Price chg (%),OI chg (%),,,,,Volume chg (%),Buildup
D:\My-data\Share_P&L\Ichart Data\Screenshot\September26\2026-09-03\Sector_Summary_29SEP26_Report_3_9_2026_120312.xlsx,True,48,,,,,,,,,,,Price chg (%),OI chg (%),,,,,Volume chg (%),Buildup
D:\My-data\Share_P&L\Ichart Data\Screenshot\September26\2026-09-03\Sector_Summary_29SEP26_Report_3_9_2026_120823.xlsx,True,49,,,,,,,,,,,Price chg (%),OI chg (%),,,,,Volume chg (%),Buildup
D:\My-data\Share_P&L\Ichart Data\Screenshot\September26\2026-09-03\Sector_Summary_29SEP26_Report_3_9_2026_121331.xlsx,True,48,,,,,,,,,,,Price chg (%),OI chg (%),,,,,Volume chg (%),Buildup
D:\My-data\Share_P&L\Ichart Data\Screenshot\September26\2026-09-03\Sector_Summary_29SEP26_Report_3_9_2026_121838.xlsx,True,48,,,,,,,,,,,Price chg (%),OI chg (%),,,,,Volume chg (%),Buildup
D:\My-data\Share_P&L\Ichart Data\Screenshot\September26\2026-09-03\Sector_Summary_29SEP26_Report_3_9_2026_122346.xlsx,True,49,,,,,,,,,,,Price chg (%),OI chg (%),,,,,Volume chg (%),Buildup
D:\My-data\Share_P&L\Ichart Data\Screenshot\September26\2026-09-03\Sector_Summary_29SEP26_Report_3_9_2026_122856.xlsx,True,49,,,,,,,,,,,Price chg (%),OI chg (%),,,,,Volume chg (%),Buildup
D:\My-data\Share_P&L\Ichart Data\Screenshot\September26\2026-09-03\Sector_Summary_29SEP26_Report_3_9_2026_123406.xlsx,True,48,,,,,,,,,,,Price chg (%),OI chg (%),,,,,Volume chg (%),Buildup
D:\My-data\Share_P&L\Ichart Data\Screenshot\September26\2026-09-03\Sector_Summary_29SEP26_Report_3_9_2026_123914.xlsx,True,47,,,,,,,,,,,Price chg (%),OI chg (%),,,,,Volume chg (%),Buildup
D:\My-data\Share_P&L\Ichart Data\Screenshot\September26\2026-09-03\Sector_Summary_29SEP26_Report_3_9_2026_124421.xlsx,True,48,,,,,,,,,,,Price chg (%),OI chg (%),,,,,Volume chg (%),Buildup
D:\My-data\Share_P&L\Ichart Data\Screenshot\September26\2026-09-03\Sector_Summary_29SEP26_Report_3_9_2026_124930.xlsx,True,48,,,,,,,,,,,Price chg (%),OI chg (%),,,,,Volume chg (%),Buildup
D:\My-data\Share_P&L\Ichart Data\Screenshot\September26\2026-09-03\Sector_Summary_29SEP26_Report_3_9_2026_125437.xlsx,True,48,,,,,,,,,,,Price chg (%),OI chg (%),,,,,Volume chg (%),Buildup
D:\My-data\Share_P&L\Ichart Data\Screenshot\September26\2026-09-03\Sector_Summary_29SEP26_Report_3_9_2026_125945.xlsx,True,49,,,,,,,,,,,Price chg (%),OI chg (%),,,,,Volume chg (%),Buildup
D:\My-data\Share_P&L\Ichart Data\Screenshot\September26\2026-09-03\Sector_Summary_29SEP26_Report_3_9_2026_130453.xlsx,True,48,,,,,,,,,,,Price chg (%),OI chg (%),,,,,Volume chg (%),Buildup
D:\My-data\Share_P&L\Ichart Data\Screenshot\September26\2026-09-03\Sector_Summary_29SEP26_Report_3_9_2026_131001.xlsx,True,48,,,,,,,,,,,Price chg (%),OI chg (%),,,,,Volume chg (%),Buildup
D:\My-data\Share_P&L\Ichart Data\Screenshot\September26\2026-09-03\Sector_Summary_29SEP26_Report_3_9_2026_131510.xlsx,True,49,,,,,,,,,,,Price chg (%),OI chg (%),,,,,Volume chg (%),Buildup
D:\My-data\Share_P&L\Ichart Data\Screenshot\September26\2026-09-03\Sector_Summary_29SEP26_Report_3_9_2026_132018.xlsx,True,49,,,,,,,,,,,Price chg (%),OI chg (%),,,,,Volume chg (%),Buildup
D:\My-data\Share_P&L\Ichart Data\Screenshot\September26\2026-09-03\Sector_Summary_29SEP26_Report_3_9_2026_132526.xlsx,True,49,,,,,,,,,,,Price chg (%),OI chg (%),,,,,Volume chg (%),Buildup
D:\My-data\Share_P&L\Ichart Data\Screenshot\September26\2026-09-03\Sector_Summary_29SEP26_Report_3_9_2026_133035.xlsx,True,48,,,,,,,,,,,Price chg (%),OI chg (%),,,,,Volume chg (%),Buildup
D:\My-data\Share_P&L\Ichart Data\Screenshot\September26\2026-09-03\Sector_Summary_29SEP26_Report_3_9_2026_133543.xlsx,True,48,,,,,,,,,,,Price chg (%),OI chg (%),,,,,Volume chg (%),Buildup
D:\My-data\Share_P&L\Ichart Data\Screenshot\September26\2026-09-03\Sector_Summary_29SEP26_Report_3_9_2026_134052.xlsx,True,47,,,,,,,,,,,Price chg (%),OI chg (%),,,,,Volume chg (%),Buildup
D:\My-data\Share_P&L\Ichart Data\Screenshot\September26\2026-09-03\Sector_Summary_29SEP26_Report_3_9_2026_134600.xlsx,True,48,,,,,,,,,,,Price chg (%),OI chg (%),,,,,Volume chg (%),Buildup
D:\My-data\Share_P&L\Ichart Data\Screenshot\September26\2026-09-03\Sector_Summary_29SEP26_Report_3_9_2026_135109.xlsx,True,47,,,,,,,,,,,Price chg (%),OI chg (%),,,,,Volume chg (%),Buildup
D:\My-data\Share_P&L\Ichart Data\Screenshot\September26\2026-09-03\Sector_Summary_29SEP26_Report_3_9_2026_135617.xlsx,True,49,,,,,,,,,,,Price chg (%),OI chg (%),,,,,Volume chg (%),Buildup
D:\My-data\Share_P&L\Ichart Data\Screenshot\September26\2026-09-03\Sector_Summary_29SEP26_Report_3_9_2026_140125.xlsx,True,49,,,,,,,,,,,Price chg (%),OI chg (%),,,,,Volume chg (%),Buildup
D:\My-data\Share_P&L\Ichart Data\Screenshot\September26\2026-09-03\Sector_Summary_29SEP26_Report_3_9_2026_140634.xlsx,True,49,,,,,,,,,,,Price chg (%),OI chg (%),,,,,Volume chg (%),Buildup
D:\My-data\Share_P&L\Ichart Data\Screenshot\September26\2026-09-03\Sector_Summary_29SEP26_Report_3_9_2026_141142.xlsx,True,49,,,,,,,,,,,Price chg (%),OI chg (%),,,,,Volume chg (%),Buildup
D:\My-data\Share_P&L\Ichart Data\Screenshot\September26\2026-09-03\Sector_Summary_29SEP26_Report_3_9_2026_141651.xlsx,True,48,,,,,,,,,,,Price chg (%),OI chg (%),,,,,Volume chg (%),Buildup
D:\My-data\Share_P&L\Ichart Data\Screenshot\September26\2026-09-03\Sector_Summary_29SEP26_Report_3_9_2026_142159.xlsx,True,47,,,,,,,,,,,Price chg (%),OI chg (%),,,,,Volume chg (%),Buildup
D:\My-data\Share_P&L\Ichart Data\Screenshot\September26\2026-09-03\Sector_Summary_29SEP26_Report_3_9_2026_142708.xlsx,True,48,,,,,,,,,,,Price chg (%),OI chg (%),,,,,Volume chg (%),Buildup
D:\My-data\Share_P&L\Ichart Data\Screenshot\September26\2026-09-03\Sector_Summary_29SEP26_Report_3_9_2026_143216.xlsx,True,49,,,,,,,,,,,Price chg (%),OI chg (%),,,,,Volume chg (%),Buildup
D:\My-data\Share_P&L\Ichart Data\Screenshot\September26\2026-09-03\Sector_Summary_29SEP26_Report_3_9_2026_143725.xlsx,True,49,,,,,,,,,,,Price chg (%),OI chg (%),,,,,Volume chg (%),Buildup
D:\My-data\Share_P&L\Ichart Data\Screenshot\September26\2026-09-03\Sector_Summary_29SEP26_Report_3_9_2026_144233.xlsx,True,49,,,,,,,,,,,Price chg (%),OI chg (%),,,,,Volume chg (%),Buildup
D:\My-data\Share_P&L\Ichart Data\Screenshot\September26\2026-09-03\Support_Resistance_29SEP26_Scan_3_9_2026.xlsx,True,124,Symbol,,,,,,,Price,,,Price Chg%,,,,,,,
D:\My-data\Share_P&L\Ichart Data\Screenshot\September26\2026-09-03\Support_Resistance_29SEP26_Scan_3_9_2026_092359.xlsx,True,122,Symbol,,,,,,,Price,,,Price Chg%,,,,,,,
D:\My-data\Share_P&L\Ichart Data\Screenshot\September26\2026-09-03\Support_Resistance_29SEP26_Scan_3_9_2026_092910.xlsx,True,135,Symbol,,,,,,,Price,,,Price Chg%,,,,,,,
D:\My-data\Share_P&L\Ichart Data\Screenshot\September26\2026-09-03\Support_Resistance_29SEP26_Scan_3_9_2026_093420.xlsx,True,131,Symbol,,,,,,,Price,,,Price Chg%,,,,,,,
D:\My-data\Share_P&L\Ichart Data\Screenshot\September26\2026-09-03\Support_Resistance_29SEP26_Scan_3_9_2026_093932.xlsx,True,127,Symbol,,,,,,,Price,,,Price Chg%,,,,,,,
D:\My-data\Share_P&L\Ichart Data\Screenshot\September26\2026-09-03\Support_Resistance_29SEP26_Scan_3_9_2026_094441.xlsx,True,129,Symbol,,,,,,,Price,,,Price Chg%,,,,,,,
D:\My-data\Share_P&L\Ichart Data\Screenshot\September26\2026-09-03\Support_Resistance_29SEP26_Scan_3_9_2026_094952.xlsx,True,126,Symbol,,,,,,,Price,,,Price Chg%,,,,,,,
D:\My-data\Share_P&L\Ichart Data\Screenshot\September26\2026-09-03\Support_Resistance_29SEP26_Scan_3_9_2026_095502.xlsx,True,127,Symbol,,,,,,,Price,,,Price Chg%,,,,,,,
D:\My-data\Share_P&L\Ichart Data\Screenshot\September26\2026-09-03\Support_Resistance_29SEP26_Scan_3_9_2026_100012.xlsx,True,128,Symbol,,,,,,,Price,,,Price Chg%,,,,,,,
D:\My-data\Share_P&L\Ichart Data\Screenshot\September26\2026-09-03\Support_Resistance_29SEP26_Scan_3_9_2026_100524.xlsx,True,128,Symbol,,,,,,,Price,,,Price Chg%,,,,,,,
D:\My-data\Share_P&L\Ichart Data\Screenshot\September26\2026-09-03\Support_Resistance_29SEP26_Scan_3_9_2026_101038.xlsx,True,125,Symbol,,,,,,,Price,,,Price Chg%,,,,,,,
D:\My-data\Share_P&L\Ichart Data\Screenshot\September26\2026-09-03\Support_Resistance_29SEP26_Scan_3_9_2026_101548.xlsx,True,127,Symbol,,,,,,,Price,,,Price Chg%,,,,,,,
D:\My-data\Share_P&L\Ichart Data\Screenshot\September26\2026-09-03\Support_Resistance_29SEP26_Scan_3_9_2026_102101.xlsx,True,125,Symbol,,,,,,,Price,,,Price Chg%,,,,,,,
D:\My-data\Share_P&L\Ichart Data\Screenshot\September26\2026-09-03\Support_Resistance_29SEP26_Scan_3_9_2026_102612.xlsx,True,126,Symbol,,,,,,,Price,,,Price Chg%,,,,,,,
D:\My-data\Share_P&L\Ichart Data\Screenshot\September26\2026-09-03\Support_Resistance_29SEP26_Scan_3_9_2026_103122.xlsx,True,127,Symbol,,,,,,,Price,,,Price Chg%,,,,,,,
D:\My-data\Share_P&L\Ichart Data\Screenshot\September26\2026-09-03\Support_Resistance_29SEP26_Scan_3_9_2026_103632.xlsx,True,129,Symbol,,,,,,,Price,,,Price Chg%,,,,,,,
D:\My-data\Share_P&L\Ichart Data\Screenshot\September26\2026-09-03\Support_Resistance_29SEP26_Scan_3_9_2026_104143.xlsx,True,130,Symbol,,,,,,,Price,,,Price Chg%,,,,,,,
D:\My-data\Share_P&L\Ichart Data\Screenshot\September26\2026-09-03\Support_Resistance_29SEP26_Scan_3_9_2026_104654.xlsx,True,130,Symbol,,,,,,,Price,,,Price Chg%,,,,,,,
D:\My-data\Share_P&L\Ichart Data\Screenshot\September26\2026-09-03\Support_Resistance_29SEP26_Scan_3_9_2026_105203.xlsx,True,130,Symbol,,,,,,,Price,,,Price Chg%,,,,,,,
D:\My-data\Share_P&L\Ichart Data\Screenshot\September26\2026-09-03\Support_Resistance_29SEP26_Scan_3_9_2026_105713.xlsx,True,130,Symbol,,,,,,,Price,,,Price Chg%,,,,,,,
D:\My-data\Share_P&L\Ichart Data\Screenshot\September26\2026-09-03\Support_Resistance_29SEP26_Scan_3_9_2026_110224.xlsx,True,130,Symbol,,,,,,,Price,,,Price Chg%,,,,,,,
D:\My-data\Share_P&L\Ichart Data\Screenshot\September26\2026-09-03\Support_Resistance_29SEP26_Scan_3_9_2026_110735.xlsx,True,131,Symbol,,,,,,,Price,,,Price Chg%,,,,,,,
D:\My-data\Share_P&L\Ichart Data\Screenshot\September26\2026-09-03\Support_Resistance_29SEP26_Scan_3_9_2026_111245.xlsx,True,131,Symbol,,,,,,,Price,,,Price Chg%,,,,,,,
D:\My-data\Share_P&L\Ichart Data\Screenshot\September26\2026-09-03\Support_Resistance_29SEP26_Scan_3_9_2026_111756.xlsx,True,130,Symbol,,,,,,,Price,,,Price Chg%,,,,,,,
D:\My-data\Share_P&L\Ichart Data\Screenshot\September26\2026-09-03\Support_Resistance_29SEP26_Scan_3_9_2026_112305.xlsx,True,130,Symbol,,,,,,,Price,,,Price Chg%,,,,,,,
D:\My-data\Share_P&L\Ichart Data\Screenshot\September26\2026-09-03\Support_Resistance_29SEP26_Scan_3_9_2026_112816.xlsx,True,129,Symbol,,,,,,,Price,,,Price Chg%,,,,,,,
D:\My-data\Share_P&L\Ichart Data\Screenshot\September26\2026-09-03\Support_Resistance_29SEP26_Scan_3_9_2026_113325.xlsx,True,131,Symbol,,,,,,,Price,,,Price Chg%,,,,,,,
D:\My-data\Share_P&L\Ichart Data\Screenshot\September26\2026-09-03\Support_Resistance_29SEP26_Scan_3_9_2026_113835.xlsx,True,129,Symbol,,,,,,,Price,,,Price Chg%,,,,,,,
D:\My-data\Share_P&L\Ichart Data\Screenshot\September26\2026-09-03\Support_Resistance_29SEP26_Scan_3_9_2026_114345.xlsx,True,128,Symbol,,,,,,,Price,,,Price Chg%,,,,,,,
D:\My-data\Share_P&L\Ichart Data\Screenshot\September26\2026-09-03\Support_Resistance_29SEP26_Scan_3_9_2026_114855.xlsx,True,129,Symbol,,,,,,,Price,,,Price Chg%,,,,,,,
D:\My-data\Share_P&L\Ichart Data\Screenshot\September26\2026-09-03\Support_Resistance_29SEP26_Scan_3_9_2026_115406.xlsx,True,127,Symbol,,,,,,,Price,,,Price Chg%,,,,,,,
D:\My-data\Share_P&L\Ichart Data\Screenshot\September26\2026-09-03\Support_Resistance_29SEP26_Scan_3_9_2026_115916.xlsx,True,129,Symbol,,,,,,,Price,,,Price Chg%,,,,,,,
D:\My-data\Share_P&L\Ichart Data\Screenshot\September26\2026-09-03\Support_Resistance_29SEP26_Scan_3_9_2026_120425.xlsx,True,130,Symbol,,,,,,,Price,,,Price Chg%,,,,,,,
D:\My-data\Share_P&L\Ichart Data\Screenshot\September26\2026-09-03\Support_Resistance_29SEP26_Scan_3_9_2026_120937.xlsx,True,124,Symbol,,,,,,,Price,,,Price Chg%,,,,,,,
D:\My-data\Share_P&L\Ichart Data\Screenshot\September26\2026-09-03\Support_Resistance_29SEP26_Scan_3_9_2026_121448.xlsx,True,123,Symbol,,,,,,,Price,,,Price Chg%,,,,,,,
D:\My-data\Share_P&L\Ichart Data\Screenshot\September26\2026-09-03\Support_Resistance_29SEP26_Scan_3_9_2026_121958.xlsx,True,126,Symbol,,,,,,,Price,,,Price Chg%,,,,,,,
D:\My-data\Share_P&L\Ichart Data\Screenshot\September26\2026-09-03\Support_Resistance_29SEP26_Scan_3_9_2026_122509.xlsx,True,128,Symbol,,,,,,,Price,,,Price Chg%,,,,,,,
D:\My-data\Share_P&L\Ichart Data\Screenshot\September26\2026-09-03\Support_Resistance_29SEP26_Scan_3_9_2026_123019.xlsx,True,129,Symbol,,,,,,,Price,,,Price Chg%,,,,,,,
D:\My-data\Share_P&L\Ichart Data\Screenshot\September26\2026-09-03\Support_Resistance_29SEP26_Scan_3_9_2026_123528.xlsx,True,129,Symbol,,,,,,,Price,,,Price Chg%,,,,,,,
D:\My-data\Share_P&L\Ichart Data\Screenshot\September26\2026-09-03\Support_Resistance_29SEP26_Scan_3_9_2026_124038.xlsx,True,129,Symbol,,,,,,,Price,,,Price Chg%,,,,,,,
D:\My-data\Share_P&L\Ichart Data\Screenshot\September26\2026-09-03\Support_Resistance_29SEP26_Scan_3_9_2026_124548.xlsx,True,128,Symbol,,,,,,,Price,,,Price Chg%,,,,,,,
D:\My-data\Share_P&L\Ichart Data\Screenshot\September26\2026-09-03\Support_Resistance_29SEP26_Scan_3_9_2026_125058.xlsx,True,130,Symbol,,,,,,,Price,,,Price Chg%,,,,,,,
D:\My-data\Share_P&L\Ichart Data\Screenshot\September26\2026-09-03\Support_Resistance_29SEP26_Scan_3_9_2026_125609.xlsx,True,129,Symbol,,,,,,,Price,,,Price Chg%,,,,,,,
D:\My-data\Share_P&L\Ichart Data\Screenshot\September26\2026-09-03\Support_Resistance_29SEP26_Scan_3_9_2026_130120.xlsx,True,128,Symbol,,,,,,,Price,,,Price Chg%,,,,,,,
D:\My-data\Share_P&L\Ichart Data\Screenshot\September26\2026-09-03\Support_Resistance_29SEP26_Scan_3_9_2026_130630.xlsx,True,133,Symbol,,,,,,,Price,,,Price Chg%,,,,,,,
D:\My-data\Share_P&L\Ichart Data\Screenshot\September26\2026-09-03\Support_Resistance_29SEP26_Scan_3_9_2026_131139.xlsx,True,133,Symbol,,,,,,,Price,,,Price Chg%,,,,,,,
D:\My-data\Share_P&L\Ichart Data\Screenshot\September26\2026-09-03\Support_Resistance_29SEP26_Scan_3_9_2026_131649.xlsx,True,131,Symbol,,,,,,,Price,,,Price Chg%,,,,,,,
D:\My-data\Share_P&L\Ichart Data\Screenshot\September26\2026-09-03\Support_Resistance_29SEP26_Scan_3_9_2026_132200.xlsx,True,130,Symbol,,,,,,,Price,,,Price Chg%,,,,,,,
D:\My-data\Share_P&L\Ichart Data\Screenshot\September26\2026-09-03\Support_Resistance_29SEP26_Scan_3_9_2026_132711.xlsx,True,131,Symbol,,,,,,,Price,,,Price Chg%,,,,,,,
D:\My-data\Share_P&L\Ichart Data\Screenshot\September26\2026-09-03\Support_Resistance_29SEP26_Scan_3_9_2026_133221.xlsx,True,130,Symbol,,,,,,,Price,,,Price Chg%,,,,,,,
D:\My-data\Share_P&L\Ichart Data\Screenshot\September26\2026-09-03\Support_Resistance_29SEP26_Scan_3_9_2026_133732.xlsx,True,130,Symbol,,,,,,,Price,,,Price Chg%,,,,,,,
D:\My-data\Share_P&L\Ichart Data\Screenshot\September26\2026-09-03\Support_Resistance_29SEP26_Scan_3_9_2026_134243.xlsx,True,130,Symbol,,,,,,,Price,,,Price Chg%,,,,,,,
D:\My-data\Share_P&L\Ichart Data\Screenshot\September26\2026-09-03\Support_Resistance_29SEP26_Scan_3_9_2026_134754.xlsx,True,132,Symbol,,,,,,,Price,,,Price Chg%,,,,,,,
D:\My-data\Share_P&L\Ichart Data\Screenshot\September26\2026-09-03\Support_Resistance_29SEP26_Scan_3_9_2026_135304.xlsx,True,132,Symbol,,,,,,,Price,,,Price Chg%,,,,,,,
D:\My-data\Share_P&L\Ichart Data\Screenshot\September26\2026-09-03\Support_Resistance_29SEP26_Scan_3_9_2026_135813.xlsx,True,131,Symbol,,,,,,,Price,,,Price Chg%,,,,,,,
D:\My-data\Share_P&L\Ichart Data\Screenshot\September26\2026-09-03\Support_Resistance_29SEP26_Scan_3_9_2026_140324.xlsx,True,133,Symbol,,,,,,,Price,,,Price Chg%,,,,,,,
D:\My-data\Share_P&L\Ichart Data\Screenshot\September26\2026-09-03\Support_Resistance_29SEP26_Scan_3_9_2026_140834.xlsx,True,134,Symbol,,,,,,,Price,,,Price Chg%,,,,,,,
D:\My-data\Share_P&L\Ichart Data\Screenshot\September26\2026-09-03\Support_Resistance_29SEP26_Scan_3_9_2026_141345.xlsx,True,131,Symbol,,,,,,,Price,,,Price Chg%,,,,,,,
D:\My-data\Share_P&L\Ichart Data\Screenshot\September26\2026-09-03\Support_Resistance_29SEP26_Scan_3_9_2026_141855.xlsx,True,132,Symbol,,,,,,,Price,,,Price Chg%,,,,,,,
D:\My-data\Share_P&L\Ichart Data\Screenshot\September26\2026-09-03\Support_Resistance_29SEP26_Scan_3_9_2026_142406.xlsx,True,131,Symbol,,,,,,,Price,,,Price Chg%,,,,,,,
D:\My-data\Share_P&L\Ichart Data\Screenshot\September26\2026-09-03\Support_Resistance_29SEP26_Scan_3_9_2026_142917.xlsx,True,130,Symbol,,,,,,,Price,,,Price Chg%,,,,,,,
D:\My-data\Share_P&L\Ichart Data\Screenshot\September26\2026-09-03\Support_Resistance_29SEP26_Scan_3_9_2026_143427.xlsx,True,133,Symbol,,,,,,,Price,,,Price Chg%,,,,,,,
D:\My-data\Share_P&L\Ichart Data\Screenshot\September26\2026-09-03\Support_Resistance_29SEP26_Scan_3_9_2026_143937.xlsx,True,133,Symbol,,,,,,,Price,,,Price Chg%,,,,,,,
D:\My-data\Share_P&L\Ichart Data\Screenshot\September26\2026-09-03\Support_Resistance_29SEP26_Scan_3_9_2026_144447.xlsx,True,133,Symbol,,,,,,,Price,,,Price Chg%,,,,,,,
D:\My-data\Share_P&L\Ichart Data\Screenshot\September26\2026-09-03\VolumeAndOISpikesScans_29SEP26_Report_3_9_2026.xlsx,True,219,Symbol,,,,,,,Price,,,Price chg (%),OI chg (%),,,,,Volume Chg (%),
D:\My-data\Share_P&L\Ichart Data\Screenshot\September26\2026-09-03\VolumeAndOISpikesScans_29SEP26_Report_3_9_2026_092347.xlsx,True,219,Symbol,,,,,,,Price,,,Price chg (%),OI chg (%),,,,,Volume Chg (%),
D:\My-data\Share_P&L\Ichart Data\Screenshot\September26\2026-09-03\VolumeAndOISpikesScans_29SEP26_Report_3_9_2026_092857.xlsx,True,219,Symbol,,,,,,,Price,,,Price chg (%),OI chg (%),,,,,Volume Chg (%),
D:\My-data\Share_P&L\Ichart Data\Screenshot\September26\2026-09-03\VolumeAndOISpikesScans_29SEP26_Report_3_9_2026_093405.xlsx,True,219,Symbol,,,,,,,Price,,,Price chg (%),OI chg (%),,,,,Volume Chg (%),
D:\My-data\Share_P&L\Ichart Data\Screenshot\September26\2026-09-03\VolumeAndOISpikesScans_29SEP26_Report_3_9_2026_093912.xlsx,True,219,Symbol,,,,,,,Price,,,Price chg (%),OI chg (%),,,,,Volume Chg (%),
D:\My-data\Share_P&L\Ichart Data\Screenshot\September26\2026-09-03\VolumeAndOISpikesScans_29SEP26_Report_3_9_2026_094428.xlsx,True,219,Symbol,,,,,,,Price,,,Price chg (%),OI chg (%),,,,,Volume Chg (%),
D:\My-data\Share_P&L\Ichart Data\Screenshot\September26\2026-09-03\VolumeAndOISpikesScans_29SEP26_Report_3_9_2026_094935.xlsx,True,219,Symbol,,,,,,,Price,,,Price chg (%),OI chg (%),,,,,Volume Chg (%),
D:\My-data\Share_P&L\Ichart Data\Screenshot\September26\2026-09-03\VolumeAndOISpikesScans_29SEP26_Report_3_9_2026_095444.xlsx,True,219,Symbol,,,,,,,Price,,,Price chg (%),OI chg (%),,,,,Volume Chg (%),
D:\My-data\Share_P&L\Ichart Data\Screenshot\September26\2026-09-03\VolumeAndOISpikesScans_29SEP26_Report_3_9_2026_095953.xlsx,True,219,Symbol,,,,,,,Price,,,Price chg (%),OI chg (%),,,,,Volume Chg (%),
D:\My-data\Share_P&L\Ichart Data\Screenshot\September26\2026-09-03\VolumeAndOISpikesScans_29SEP26_Report_3_9_2026_100505.xlsx,True,219,Symbol,,,,,,,Price,,,Price chg (%),OI chg (%),,,,,Volume Chg (%),
D:\My-data\Share_P&L\Ichart Data\Screenshot\September26\2026-09-03\VolumeAndOISpikesScans_29SEP26_Report_3_9_2026_101014.xlsx,True,219,Symbol,,,,,,,Price,,,Price chg (%),OI chg (%),,,,,Volume Chg (%),
D:\My-data\Share_P&L\Ichart Data\Screenshot\September26\2026-09-03\VolumeAndOISpikesScans_29SEP26_Report_3_9_2026_101524.xlsx,True,219,Symbol,,,,,,,Price,,,Price chg (%),OI chg (%),,,,,Volume Chg (%),
D:\My-data\Share_P&L\Ichart Data\Screenshot\September26\2026-09-03\VolumeAndOISpikesScans_29SEP26_Report_3_9_2026_102032.xlsx,True,219,Symbol,,,,,,,Price,,,Price chg (%),OI chg (%),,,,,Volume Chg (%),
D:\My-data\Share_P&L\Ichart Data\Screenshot\September26\2026-09-03\VolumeAndOISpikesScans_29SEP26_Report_3_9_2026_102541.xlsx,True,219,Symbol,,,,,,,Price,,,Price chg (%),OI chg (%),,,,,Volume Chg (%),
D:\My-data\Share_P&L\Ichart Data\Screenshot\September26\2026-09-03\VolumeAndOISpikesScans_29SEP26_Report_3_9_2026_103047.xlsx,True,219,Symbol,,,,,,,Price,,,Price chg (%),OI chg (%),,,,,Volume Chg (%),
D:\My-data\Share_P&L\Ichart Data\Screenshot\September26\2026-09-03\VolumeAndOISpikesScans_29SEP26_Report_3_9_2026_103555.xlsx,True,219,Symbol,,,,,,,Price,,,Price chg (%),OI chg (%),,,,,Volume Chg (%),
D:\My-data\Share_P&L\Ichart Data\Screenshot\September26\2026-09-03\VolumeAndOISpikesScans_29SEP26_Report_3_9_2026_104105.xlsx,True,219,Symbol,,,,,,,Price,,,Price chg (%),OI chg (%),,,,,Volume Chg (%),
D:\My-data\Share_P&L\Ichart Data\Screenshot\September26\2026-09-03\VolumeAndOISpikesScans_29SEP26_Report_3_9_2026_104613.xlsx,True,219,Symbol,,,,,,,Price,,,Price chg (%),OI chg (%),,,,,Volume Chg (%),
D:\My-data\Share_P&L\Ichart Data\Screenshot\September26\2026-09-03\VolumeAndOISpikesScans_29SEP26_Report_3_9_2026_105121.xlsx,True,219,Symbol,,,,,,,Price,,,Price chg (%),OI chg (%),,,,,Volume Chg (%),
D:\My-data\Share_P&L\Ichart Data\Screenshot\September26\2026-09-03\VolumeAndOISpikesScans_29SEP26_Report_3_9_2026_105629.xlsx,True,219,Symbol,,,,,,,Price,,,Price chg (%),OI chg (%),,,,,Volume Chg (%),
D:\My-data\Share_P&L\Ichart Data\Screenshot\September26\2026-09-03\VolumeAndOISpikesScans_29SEP26_Report_3_9_2026_110138.xlsx,True,219,Symbol,,,,,,,Price,,,Price chg (%),OI chg (%),,,,,Volume Chg (%),
D:\My-data\Share_P&L\Ichart Data\Screenshot\September26\2026-09-03\VolumeAndOISpikesScans_29SEP26_Report_3_9_2026_110646.xlsx,True,219,Symbol,,,,,,,Price,,,Price chg (%),OI chg (%),,,,,Volume Chg (%),
D:\My-data\Share_P&L\Ichart Data\Screenshot\September26\2026-09-03\VolumeAndOISpikesScans_29SEP26_Report_3_9_2026_111155.xlsx,True,219,Symbol,,,,,,,Price,,,Price chg (%),OI chg (%),,,,,Volume Chg (%),
D:\My-data\Share_P&L\Ichart Data\Screenshot\September26\2026-09-03\VolumeAndOISpikesScans_29SEP26_Report_3_9_2026_111704.xlsx,True,219,Symbol,,,,,,,Price,,,Price chg (%),OI chg (%),,,,,Volume Chg (%),
D:\My-data\Share_P&L\Ichart Data\Screenshot\September26\2026-09-03\VolumeAndOISpikesScans_29SEP26_Report_3_9_2026_112213.xlsx,True,219,Symbol,,,,,,,Price,,,Price chg (%),OI chg (%),,,,,Volume Chg (%),
D:\My-data\Share_P&L\Ichart Data\Screenshot\September26\2026-09-03\VolumeAndOISpikesScans_29SEP26_Report_3_9_2026_112722.xlsx,True,219,Symbol,,,,,,,Price,,,Price chg (%),OI chg (%),,,,,Volume Chg (%),
D:\My-data\Share_P&L\Ichart Data\Screenshot\September26\2026-09-03\VolumeAndOISpikesScans_29SEP26_Report_3_9_2026_113230.xlsx,True,219,Symbol,,,,,,,Price,,,Price chg (%),OI chg (%),,,,,Volume Chg (%),
D:\My-data\Share_P&L\Ichart Data\Screenshot\September26\2026-09-03\VolumeAndOISpikesScans_29SEP26_Report_3_9_2026_113739.xlsx,True,219,Symbol,,,,,,,Price,,,Price chg (%),OI chg (%),,,,,Volume Chg (%),
D:\My-data\Share_P&L\Ichart Data\Screenshot\September26\2026-09-03\VolumeAndOISpikesScans_29SEP26_Report_3_9_2026_114249.xlsx,True,219,Symbol,,,,,,,Price,,,Price chg (%),OI chg (%),,,,,Volume Chg (%),
D:\My-data\Share_P&L\Ichart Data\Screenshot\September26\2026-09-03\VolumeAndOISpikesScans_29SEP26_Report_3_9_2026_114756.xlsx,True,219,Symbol,,,,,,,Price,,,Price chg (%),OI chg (%),,,,,Volume Chg (%),
D:\My-data\Share_P&L\Ichart Data\Screenshot\September26\2026-09-03\VolumeAndOISpikesScans_29SEP26_Report_3_9_2026_115304.xlsx,True,219,Symbol,,,,,,,Price,,,Price chg (%),OI chg (%),,,,,Volume Chg (%),
D:\My-data\Share_P&L\Ichart Data\Screenshot\September26\2026-09-03\VolumeAndOISpikesScans_29SEP26_Report_3_9_2026_115813.xlsx,True,219,Symbol,,,,,,,Price,,,Price chg (%),OI chg (%),,,,,Volume Chg (%),
D:\My-data\Share_P&L\Ichart Data\Screenshot\September26\2026-09-03\VolumeAndOISpikesScans_29SEP26_Report_3_9_2026_120319.xlsx,True,219,Symbol,,,,,,,Price,,,Price chg (%),OI chg (%),,,,,Volume Chg (%),
D:\My-data\Share_P&L\Ichart Data\Screenshot\September26\2026-09-03\VolumeAndOISpikesScans_29SEP26_Report_3_9_2026_120831.xlsx,True,219,Symbol,,,,,,,Price,,,Price chg (%),OI chg (%),,,,,Volume Chg (%),
D:\My-data\Share_P&L\Ichart Data\Screenshot\September26\2026-09-03\VolumeAndOISpikesScans_29SEP26_Report_3_9_2026_121338.xlsx,True,219,Symbol,,,,,,,Price,,,Price chg (%),OI chg (%),,,,,Volume Chg (%),
D:\My-data\Share_P&L\Ichart Data\Screenshot\September26\2026-09-03\VolumeAndOISpikesScans_29SEP26_Report_3_9_2026_121845.xlsx,True,219,Symbol,,,,,,,Price,,,Price chg (%),OI chg (%),,,,,Volume Chg (%),
D:\My-data\Share_P&L\Ichart Data\Screenshot\September26\2026-09-03\VolumeAndOISpikesScans_29SEP26_Report_3_9_2026_122353.xlsx,True,219,Symbol,,,,,,,Price,,,Price chg (%),OI chg (%),,,,,Volume Chg (%),
D:\My-data\Share_P&L\Ichart Data\Screenshot\September26\2026-09-03\VolumeAndOISpikesScans_29SEP26_Report_3_9_2026_122902.xlsx,True,219,Symbol,,,,,,,Price,,,Price chg (%),OI chg (%),,,,,Volume Chg (%),
D:\My-data\Share_P&L\Ichart Data\Screenshot\September26\2026-09-03\VolumeAndOISpikesScans_29SEP26_Report_3_9_2026_123413.xlsx,True,219,Symbol,,,,,,,Price,,,Price chg (%),OI chg (%),,,,,Volume Chg (%),
D:\My-data\Share_P&L\Ichart Data\Screenshot\September26\2026-09-03\VolumeAndOISpikesScans_29SEP26_Report_3_9_2026_123922.xlsx,True,219,Symbol,,,,,,,Price,,,Price chg (%),OI chg (%),,,,,Volume Chg (%),
D:\My-data\Share_P&L\Ichart Data\Screenshot\September26\2026-09-03\VolumeAndOISpikesScans_29SEP26_Report_3_9_2026_124429.xlsx,True,219,Symbol,,,,,,,Price,,,Price chg (%),OI chg (%),,,,,Volume Chg (%),
D:\My-data\Share_P&L\Ichart Data\Screenshot\September26\2026-09-03\VolumeAndOISpikesScans_29SEP26_Report_3_9_2026_124938.xlsx,True,219,Symbol,,,,,,,Price,,,Price chg (%),OI chg (%),,,,,Volume Chg (%),
D:\My-data\Share_P&L\Ichart Data\Screenshot\September26\2026-09-03\VolumeAndOISpikesScans_29SEP26_Report_3_9_2026_125446.xlsx,True,219,Symbol,,,,,,,Price,,,Price chg (%),OI chg (%),,,,,Volume Chg (%),
D:\My-data\Share_P&L\Ichart Data\Screenshot\September26\2026-09-03\VolumeAndOISpikesScans_29SEP26_Report_3_9_2026_125952.xlsx,True,219,Symbol,,,,,,,Price,,,Price chg (%),OI chg (%),,,,,Volume Chg (%),
D:\My-data\Share_P&L\Ichart Data\Screenshot\September26\2026-09-03\VolumeAndOISpikesScans_29SEP26_Report_3_9_2026_130501.xlsx,True,219,Symbol,,,,,,,Price,,,Price chg (%),OI chg (%),,,,,Volume Chg (%),
D:\My-data\Share_P&L\Ichart Data\Screenshot\September26\2026-09-03\VolumeAndOISpikesScans_29SEP26_Report_3_9_2026_131009.xlsx,True,219,Symbol,,,,,,,Price,,,Price chg (%),OI chg (%),,,,,Volume Chg (%),
D:\My-data\Share_P&L\Ichart Data\Screenshot\September26\2026-09-03\VolumeAndOISpikesScans_29SEP26_Report_3_9_2026_131516.xlsx,True,219,Symbol,,,,,,,Price,,,Price chg (%),OI chg (%),,,,,Volume Chg (%),
D:\My-data\Share_P&L\Ichart Data\Screenshot\September26\2026-09-03\VolumeAndOISpikesScans_29SEP26_Report_3_9_2026_132026.xlsx,True,219,Symbol,,,,,,,Price,,,Price chg (%),OI chg (%),,,,,Volume Chg (%),
D:\My-data\Share_P&L\Ichart Data\Screenshot\September26\2026-09-03\VolumeAndOISpikesScans_29SEP26_Report_3_9_2026_132534.xlsx,True,219,Symbol,,,,,,,Price,,,Price chg (%),OI chg (%),,,,,Volume Chg (%),
D:\My-data\Share_P&L\Ichart Data\Screenshot\September26\2026-09-03\VolumeAndOISpikesScans_29SEP26_Report_3_9_2026_133041.xlsx,True,219,Symbol,,,,,,,Price,,,Price chg (%),OI chg (%),,,,,Volume Chg (%),
D:\My-data\Share_P&L\Ichart Data\Screenshot\September26\2026-09-03\VolumeAndOISpikesScans_29SEP26_Report_3_9_2026_133551.xlsx,True,219,Symbol,,,,,,,Price,,,Price chg (%),OI chg (%),,,,,Volume Chg (%),
D:\My-data\Share_P&L\Ichart Data\Screenshot\September26\2026-09-03\VolumeAndOISpikesScans_29SEP26_Report_3_9_2026_134059.xlsx,True,219,Symbol,,,,,,,Price,,,Price chg (%),OI chg (%),,,,,Volume Chg (%),
D:\My-data\Share_P&L\Ichart Data\Screenshot\September26\2026-09-03\VolumeAndOISpikesScans_29SEP26_Report_3_9_2026_134607.xlsx,True,219,Symbol,,,,,,,Price,,,Price chg (%),OI chg (%),,,,,Volume Chg (%),
D:\My-data\Share_P&L\Ichart Data\Screenshot\September26\2026-09-03\VolumeAndOISpikesScans_29SEP26_Report_3_9_2026_135117.xlsx,True,219,Symbol,,,,,,,Price,,,Price chg (%),OI chg (%),,,,,Volume Chg (%),
D:\My-data\Share_P&L\Ichart Data\Screenshot\September26\2026-09-03\VolumeAndOISpikesScans_29SEP26_Report_3_9_2026_135624.xlsx,True,219,Symbol,,,,,,,Price,,,Price chg (%),OI chg (%),,,,,Volume Chg (%),
D:\My-data\Share_P&L\Ichart Data\Screenshot\September26\2026-09-03\VolumeAndOISpikesScans_29SEP26_Report_3_9_2026_140132.xlsx,True,219,Symbol,,,,,,,Price,,,Price chg (%),OI chg (%),,,,,Volume Chg (%),
D:\My-data\Share_P&L\Ichart Data\Screenshot\September26\2026-09-03\VolumeAndOISpikesScans_29SEP26_Report_3_9_2026_140641.xlsx,True,219,Symbol,,,,,,,Price,,,Price chg (%),OI chg (%),,,,,Volume Chg (%),
D:\My-data\Share_P&L\Ichart Data\Screenshot\September26\2026-09-03\VolumeAndOISpikesScans_29SEP26_Report_3_9_2026_141149.xlsx,True,219,Symbol,,,,,,,Price,,,Price chg (%),OI chg (%),,,,,Volume Chg (%),
D:\My-data\Share_P&L\Ichart Data\Screenshot\September26\2026-09-03\VolumeAndOISpikesScans_29SEP26_Report_3_9_2026_141658.xlsx,True,219,Symbol,,,,,,,Price,,,Price chg (%),OI chg (%),,,,,Volume Chg (%),
D:\My-data\Share_P&L\Ichart Data\Screenshot\September26\2026-09-03\VolumeAndOISpikesScans_29SEP26_Report_3_9_2026_142207.xlsx,True,219,Symbol,,,,,,,Price,,,Price chg (%),OI chg (%),,,,,Volume Chg (%),
D:\My-data\Share_P&L\Ichart Data\Screenshot\September26\2026-09-03\VolumeAndOISpikesScans_29SEP26_Report_3_9_2026_142716.xlsx,True,219,Symbol,,,,,,,Price,,,Price chg (%),OI chg (%),,,,,Volume Chg (%),
D:\My-data\Share_P&L\Ichart Data\Screenshot\September26\2026-09-03\VolumeAndOISpikesScans_29SEP26_Report_3_9_2026_143224.xlsx,True,219,Symbol,,,,,,,Price,,,Price chg (%),OI chg (%),,,,,Volume Chg (%),
D:\My-data\Share_P&L\Ichart Data\Screenshot\September26\2026-09-03\VolumeAndOISpikesScans_29SEP26_Report_3_9_2026_143733.xlsx,True,219,Symbol,,,,,,,Price,,,Price chg (%),OI chg (%),,,,,Volume Chg (%),
D:\My-data\Share_P&L\Ichart Data\Screenshot\September26\2026-09-03\VolumeAndOISpikesScans_29SEP26_Report_3_9_2026_144241.xlsx,True,219,Symbol,,,,,,,Price,,,Price chg (%),OI chg (%),,,,,Volume Chg (%),
D:\My-data\Share_P&L\Ichart Data\Screenshot\September26\2026-09-04\Daywise_Price_and_OI_Summary_29SEP26_Report_2026-09-04.xlsx,True,219,Symbol,,,Open,High,Low,Close,,ATM Straddle %,ATM Straddle %,Price Chg %,OI Chg %,PCR Chg %,Tot CE OI Chg %,Tot PE OI Chg %,Tot PE-CE OI Chg,,
D:\My-data\Share_P&L\Ichart Data\Screenshot\September26\2026-09-04\Daywise_Price_and_OI_Summary_29SEP26_Report_2026-09-04_092321.xlsx,True,219,Symbol,,,Open,High,Low,Close,,ATM Straddle %,ATM Straddle %,Price Chg %,OI Chg %,PCR Chg %,Tot CE OI Chg %,Tot PE OI Chg %,Tot PE-CE OI Chg,,
D:\My-data\Share_P&L\Ichart Data\Screenshot\September26\2026-09-04\Daywise_Price_and_OI_Summary_29SEP26_Report_2026-09-04_092837.xlsx,True,219,Symbol,,,Open,High,Low,Close,,ATM Straddle %,ATM Straddle %,Price Chg %,OI Chg %,PCR Chg %,Tot CE OI Chg %,Tot PE OI Chg %,Tot PE-CE OI Chg,,
D:\My-data\Share_P&L\Ichart Data\Screenshot\September26\2026-09-04\Daywise_Price_and_OI_Summary_29SEP26_Report_2026-09-04_093346.xlsx,True,219,Symbol,,,Open,High,Low,Close,,ATM Straddle %,ATM Straddle %,Price Chg %,OI Chg %,PCR Chg %,Tot CE OI Chg %,Tot PE OI Chg %,Tot PE-CE OI Chg,,
D:\My-data\Share_P&L\Ichart Data\Screenshot\September26\2026-09-04\Daywise_Price_and_OI_Summary_29SEP26_Report_2026-09-04_093856.xlsx,True,219,Symbol,,,Open,High,Low,Close,,ATM Straddle %,ATM Straddle %,Price Chg %,OI Chg %,PCR Chg %,Tot CE OI Chg %,Tot PE OI Chg %,Tot PE-CE OI Chg,,
D:\My-data\Share_P&L\Ichart Data\Screenshot\September26\2026-09-04\Daywise_Price_and_OI_Summary_29SEP26_Report_2026-09-04_094407.xlsx,True,219,Symbol,,,Open,High,Low,Close,,ATM Straddle %,ATM Straddle %,Price Chg %,OI Chg %,PCR Chg %,Tot CE OI Chg %,Tot PE OI Chg %,Tot PE-CE OI Chg,,
D:\My-data\Share_P&L\Ichart Data\Screenshot\September26\2026-09-04\Daywise_Price_and_OI_Summary_29SEP26_Report_2026-09-04_094918.xlsx,True,219,Symbol,,,Open,High,Low,Close,,ATM Straddle %,ATM Straddle %,Price Chg %,OI Chg %,PCR Chg %,Tot CE OI Chg %,Tot PE OI Chg %,Tot PE-CE OI Chg,,
D:\My-data\Share_P&L\Ichart Data\Screenshot\September26\2026-09-04\Daywise_Price_and_OI_Summary_29SEP26_Report_2026-09-04_095426.xlsx,True,219,Symbol,,,Open,High,Low,Close,,ATM Straddle %,ATM Straddle %,Price Chg %,OI Chg %,PCR Chg %,Tot CE OI Chg %,Tot PE OI Chg %,Tot PE-CE OI Chg,,
D:\My-data\Share_P&L\Ichart Data\Screenshot\September26\2026-09-04\Daywise_Price_and_OI_Summary_29SEP26_Report_2026-09-04_095938.xlsx,True,219,Symbol,,,Open,High,Low,Close,,ATM Straddle %,ATM Straddle %,Price Chg %,OI Chg %,PCR Chg %,Tot CE OI Chg %,Tot PE OI Chg %,Tot PE-CE OI Chg,,
D:\My-data\Share_P&L\Ichart Data\Screenshot\September26\2026-09-04\Daywise_Price_and_OI_Summary_29SEP26_Report_2026-09-04_100450.xlsx,True,219,Symbol,,,Open,High,Low,Close,,ATM Straddle %,ATM Straddle %,Price Chg %,OI Chg %,PCR Chg %,Tot CE OI Chg %,Tot PE OI Chg %,Tot PE-CE OI Chg,,
D:\My-data\Share_P&L\Ichart Data\Screenshot\September26\2026-09-04\Daywise_Price_and_OI_Summary_29SEP26_Report_2026-09-04_100959.xlsx,True,219,Symbol,,,Open,High,Low,Close,,ATM Straddle %,ATM Straddle %,Price Chg %,OI Chg %,PCR Chg %,Tot CE OI Chg %,Tot PE OI Chg %,Tot PE-CE OI Chg,,
D:\My-data\Share_P&L\Ichart Data\Screenshot\September26\2026-09-04\Daywise_Price_and_OI_Summary_29SEP26_Report_2026-09-04_101507.xlsx,True,219,Symbol,,,Open,High,Low,Close,,ATM Straddle %,ATM Straddle %,Price Chg %,OI Chg %,PCR Chg %,Tot CE OI Chg %,Tot PE OI Chg %,Tot PE-CE OI Chg,,
D:\My-data\Share_P&L\Ichart Data\Screenshot\September26\2026-09-04\Daywise_Price_and_OI_Summary_29SEP26_Report_2026-09-04_102016.xlsx,True,219,Symbol,,,Open,High,Low,Close,,ATM Straddle %,ATM Straddle %,Price Chg %,OI Chg %,PCR Chg %,Tot CE OI Chg %,Tot PE OI Chg %,Tot PE-CE OI Chg,,
D:\My-data\Share_P&L\Ichart Data\Screenshot\September26\2026-09-04\Daywise_Price_and_OI_Summary_29SEP26_Report_2026-09-04_102526.xlsx,True,219,Symbol,,,Open,High,Low,Close,,ATM Straddle %,ATM Straddle %,Price Chg %,OI Chg %,PCR Chg %,Tot CE OI Chg %,Tot PE OI Chg %,Tot PE-CE OI Chg,,
D:\My-data\Share_P&L\Ichart Data\Screenshot\September26\2026-09-04\Daywise_Price_and_OI_Summary_29SEP26_Report_2026-09-04_103034.xlsx,True,219,Symbol,,,Open,High,Low,Close,,ATM Straddle %,ATM Straddle %,Price Chg %,OI Chg %,PCR Chg %,Tot CE OI Chg %,Tot PE OI Chg %,Tot PE-CE OI Chg,,
D:\My-data\Share_P&L\Ichart Data\Screenshot\September26\2026-09-04\Daywise_Price_and_OI_Summary_29SEP26_Report_2026-09-04_103541.xlsx,True,219,Symbol,,,Open,High,Low,Close,,ATM Straddle %,ATM Straddle %,Price Chg %,OI Chg %,PCR Chg %,Tot CE OI Chg %,Tot PE OI Chg %,Tot PE-CE OI Chg,,
D:\My-data\Share_P&L\Ichart Data\Screenshot\September26\2026-09-04\Daywise_Price_and_OI_Summary_29SEP26_Report_2026-09-04_104050.xlsx,True,219,Symbol,,,Open,High,Low,Close,,ATM Straddle %,ATM Straddle %,Price Chg %,OI Chg %,PCR Chg %,Tot CE OI Chg %,Tot PE OI Chg %,Tot PE-CE OI Chg,,
D:\My-data\Share_P&L\Ichart Data\Screenshot\September26\2026-09-04\Daywise_Price_and_OI_Summary_29SEP26_Report_2026-09-04_104559.xlsx,True,219,Symbol,,,Open,High,Low,Close,,ATM Straddle %,ATM Straddle %,Price Chg %,OI Chg %,PCR Chg %,Tot CE OI Chg %,Tot PE OI Chg %,Tot PE-CE OI Chg,,
D:\My-data\Share_P&L\Ichart Data\Screenshot\September26\2026-09-04\Daywise_Price_and_OI_Summary_29SEP26_Report_2026-09-04_105106.xlsx,True,219,Symbol,,,Open,High,Low,Close,,ATM Straddle %,ATM Straddle %,Price Chg %,OI Chg %,PCR Chg %,Tot CE OI Chg %,Tot PE OI Chg %,Tot PE-CE OI Chg,,
D:\My-data\Share_P&L\Ichart Data\Screenshot\September26\2026-09-04\Daywise_Price_and_OI_Summary_29SEP26_Report_2026-09-04_105614.xlsx,True,219,Symbol,,,Open,High,Low,Close,,ATM Straddle %,ATM Straddle %,Price Chg %,OI Chg %,PCR Chg %,Tot CE OI Chg %,Tot PE OI Chg %,Tot PE-CE OI Chg,,
D:\My-data\Share_P&L\Ichart Data\Screenshot\September26\2026-09-04\Daywise_Price_and_OI_Summary_29SEP26_Report_2026-09-04_110122.xlsx,True,219,Symbol,,,Open,High,Low,Close,,ATM Straddle %,ATM Straddle %,Price Chg %,OI Chg %,PCR Chg %,Tot CE OI Chg %,Tot PE OI Chg %,Tot PE-CE OI Chg,,
D:\My-data\Share_P&L\Ichart Data\Screenshot\September26\2026-09-04\Daywise_Price_and_OI_Summary_29SEP26_Report_2026-09-04_110629.xlsx,True,219,Symbol,,,Open,High,Low,Close,,ATM Straddle %,ATM Straddle %,Price Chg %,OI Chg %,PCR Chg %,Tot CE OI Chg %,Tot PE OI Chg %,Tot PE-CE OI Chg,,
D:\My-data\Share_P&L\Ichart Data\Screenshot\September26\2026-09-04\Daywise_Price_and_OI_Summary_29SEP26_Report_2026-09-04_111137.xlsx,True,219,Symbol,,,Open,High,Low,Close,,ATM Straddle %,ATM Straddle %,Price Chg %,OI Chg %,PCR Chg %,Tot CE OI Chg %,Tot PE OI Chg %,Tot PE-CE OI Chg,,
D:\My-data\Share_P&L\Ichart Data\Screenshot\September26\2026-09-04\Daywise_Price_and_OI_Summary_29SEP26_Report_2026-09-04_111646.xlsx,True,219,Symbol,,,Open,High,Low,Close,,ATM Straddle %,ATM Straddle %,Price Chg %,OI Chg %,PCR Chg %,Tot CE OI Chg %,Tot PE OI Chg %,Tot PE-CE OI Chg,,
D:\My-data\Share_P&L\Ichart Data\Screenshot\September26\2026-09-04\Daywise_Price_and_OI_Summary_29SEP26_Report_2026-09-04_112155.xlsx,True,219,Symbol,,,Open,High,Low,Close,,ATM Straddle %,ATM Straddle %,Price Chg %,OI Chg %,PCR Chg %,Tot CE OI Chg %,Tot PE OI Chg %,Tot PE-CE OI Chg,,
D:\My-data\Share_P&L\Ichart Data\Screenshot\September26\2026-09-04\Daywise_Price_and_OI_Summary_29SEP26_Report_2026-09-04_112705.xlsx,True,219,Symbol,,,Open,High,Low,Close,,ATM Straddle %,ATM Straddle %,Price Chg %,OI Chg %,PCR Chg %,Tot CE OI Chg %,Tot PE OI Chg %,Tot PE-CE OI Chg,,
D:\My-data\Share_P&L\Ichart Data\Screenshot\September26\2026-09-04\Daywise_Price_and_OI_Summary_29SEP26_Report_2026-09-04_113214.xlsx,True,219,Symbol,,,Open,High,Low,Close,,ATM Straddle %,ATM Straddle %,Price Chg %,OI Chg %,PCR Chg %,Tot CE OI Chg %,Tot PE OI Chg %,Tot PE-CE OI Chg,,
D:\My-data\Share_P&L\Ichart Data\Screenshot\September26\2026-09-04\Daywise_Price_and_OI_Summary_29SEP26_Report_2026-09-04_113722.xlsx,True,219,Symbol,,,Open,High,Low,Close,,ATM Straddle %,ATM Straddle %,Price Chg %,OI Chg %,PCR Chg %,Tot CE OI Chg %,Tot PE OI Chg %,Tot PE-CE OI Chg,,
D:\My-data\Share_P&L\Ichart Data\Screenshot\September26\2026-09-04\Daywise_Price_and_OI_Summary_29SEP26_Report_2026-09-04_114230.xlsx,True,219,Symbol,,,Open,High,Low,Close,,ATM Straddle %,ATM Straddle %,Price Chg %,OI Chg %,PCR Chg %,Tot CE OI Chg %,Tot PE OI Chg %,Tot PE-CE OI Chg,,
D:\My-data\Share_P&L\Ichart Data\Screenshot\September26\2026-09-04\Daywise_Price_and_OI_Summary_29SEP26_Report_2026-09-04_114739.xlsx,True,219,Symbol,,,Open,High,Low,Close,,ATM Straddle %,ATM Straddle %,Price Chg %,OI Chg %,PCR Chg %,Tot CE OI Chg %,Tot PE OI Chg %,Tot PE-CE OI Chg,,
D:\My-data\Share_P&L\Ichart Data\Screenshot\September26\2026-09-04\Daywise_Price_and_OI_Summary_29SEP26_Report_2026-09-04_115248.xlsx,True,219,Symbol,,,Open,High,Low,Close,,ATM Straddle %,ATM Straddle %,Price Chg %,OI Chg %,PCR Chg %,Tot CE OI Chg %,Tot PE OI Chg %,Tot PE-CE OI Chg,,
D:\My-data\Share_P&L\Ichart Data\Screenshot\September26\2026-09-04\Daywise_Price_and_OI_Summary_29SEP26_Report_2026-09-04_115758.xlsx,True,219,Symbol,,,Open,High,Low,Close,,ATM Straddle %,ATM Straddle %,Price Chg %,OI Chg %,PCR Chg %,Tot CE OI Chg %,Tot PE OI Chg %,Tot PE-CE OI Chg,,
D:\My-data\Share_P&L\Ichart Data\Screenshot\September26\2026-09-04\Daywise_Price_and_OI_Summary_29SEP26_Report_2026-09-04_120307.xlsx,True,219,Symbol,,,Open,High,Low,Close,,ATM Straddle %,ATM Straddle %,Price Chg %,OI Chg %,PCR Chg %,Tot CE OI Chg %,Tot PE OI Chg %,Tot PE-CE OI Chg,,
D:\My-data\Share_P&L\Ichart Data\Screenshot\September26\2026-09-04\Daywise_Price_and_OI_Summary_29SEP26_Report_2026-09-04_120815.xlsx,True,219,Symbol,,,Open,High,Low,Close,,ATM Straddle %,ATM Straddle %,Price Chg %,OI Chg %,PCR Chg %,Tot CE OI Chg %,Tot PE OI Chg %,Tot PE-CE OI Chg,,
D:\My-data\Share_P&L\Ichart Data\Screenshot\September26\2026-09-04\Daywise_Price_and_OI_Summary_29SEP26_Report_2026-09-04_121324.xlsx,True,219,Symbol,,,Open,High,Low,Close,,ATM Straddle %,ATM Straddle %,Price Chg %,OI Chg %,PCR Chg %,Tot CE OI Chg %,Tot PE OI Chg %,Tot PE-CE OI Chg,,
D:\My-data\Share_P&L\Ichart Data\Screenshot\September26\2026-09-04\Daywise_Price_and_OI_Summary_29SEP26_Report_2026-09-04_121832.xlsx,True,219,Symbol,,,Open,High,Low,Close,,ATM Straddle %,ATM Straddle %,Price Chg %,OI Chg %,PCR Chg %,Tot CE OI Chg %,Tot PE OI Chg %,Tot PE-CE OI Chg,,
D:\My-data\Share_P&L\Ichart Data\Screenshot\September26\2026-09-04\Daywise_Price_and_OI_Summary_29SEP26_Report_2026-09-04_122343.xlsx,True,219,Symbol,,,Open,High,Low,Close,,ATM Straddle %,ATM Straddle %,Price Chg %,OI Chg %,PCR Chg %,Tot CE OI Chg %,Tot PE OI Chg %,Tot PE-CE OI Chg,,
D:\My-data\Share_P&L\Ichart Data\Screenshot\September26\2026-09-04\Daywise_Price_and_OI_Summary_29SEP26_Report_2026-09-04_122852.xlsx,True,219,Symbol,,,Open,High,Low,Close,,ATM Straddle %,ATM Straddle %,Price Chg %,OI Chg %,PCR Chg %,Tot CE OI Chg %,Tot PE OI Chg %,Tot PE-CE OI Chg,,
D:\My-data\Share_P&L\Ichart Data\Screenshot\September26\2026-09-04\Daywise_Price_and_OI_Summary_29SEP26_Report_2026-09-04_123400.xlsx,True,219,Symbol,,,Open,High,Low,Close,,ATM Straddle %,ATM Straddle %,Price Chg %,OI Chg %,PCR Chg %,Tot CE OI Chg %,Tot PE OI Chg %,Tot PE-CE OI Chg,,
D:\My-data\Share_P&L\Ichart Data\Screenshot\September26\2026-09-04\Daywise_Price_and_OI_Summary_29SEP26_Report_2026-09-04_123910.xlsx,True,219,Symbol,,,Open,High,Low,Close,,ATM Straddle %,ATM Straddle %,Price Chg %,OI Chg %,PCR Chg %,Tot CE OI Chg %,Tot PE OI Chg %,Tot PE-CE OI Chg,,
D:\My-data\Share_P&L\Ichart Data\Screenshot\September26\2026-09-04\Daywise_Price_and_OI_Summary_29SEP26_Report_2026-09-04_124418.xlsx,True,219,Symbol,,,Open,High,Low,Close,,ATM Straddle %,ATM Straddle %,Price Chg %,OI Chg %,PCR Chg %,Tot CE OI Chg %,Tot PE OI Chg %,Tot PE-CE OI Chg,,
D:\My-data\Share_P&L\Ichart Data\Screenshot\September26\2026-09-04\Daywise_Price_and_OI_Summary_29SEP26_Report_2026-09-04_124927.xlsx,True,219,Symbol,,,Open,High,Low,Close,,ATM Straddle %,ATM Straddle %,Price Chg %,OI Chg %,PCR Chg %,Tot CE OI Chg %,Tot PE OI Chg %,Tot PE-CE OI Chg,,
D:\My-data\Share_P&L\Ichart Data\Screenshot\September26\2026-09-04\Daywise_Price_and_OI_Summary_29SEP26_Report_2026-09-04_125436.xlsx,True,219,Symbol,,,Open,High,Low,Close,,ATM Straddle %,ATM Straddle %,Price Chg %,OI Chg %,PCR Chg %,Tot CE OI Chg %,Tot PE OI Chg %,Tot PE-CE OI Chg,,
D:\My-data\Share_P&L\Ichart Data\Screenshot\September26\2026-09-04\Daywise_Price_and_OI_Summary_29SEP26_Report_2026-09-04_125945.xlsx,True,219,Symbol,,,Open,High,Low,Close,,ATM Straddle %,ATM Straddle %,Price Chg %,OI Chg %,PCR Chg %,Tot CE OI Chg %,Tot PE OI Chg %,Tot PE-CE OI Chg,,
D:\My-data\Share_P&L\Ichart Data\Screenshot\September26\2026-09-04\Daywise_Price_and_OI_Summary_29SEP26_Report_2026-09-04_130453.xlsx,True,219,Symbol,,,Open,High,Low,Close,,ATM Straddle %,ATM Straddle %,Price Chg %,OI Chg %,PCR Chg %,Tot CE OI Chg %,Tot PE OI Chg %,Tot PE-CE OI Chg,,
D:\My-data\Share_P&L\Ichart Data\Screenshot\September26\2026-09-04\Daywise_Price_and_OI_Summary_29SEP26_Report_2026-09-04_131002.xlsx,True,219,Symbol,,,Open,High,Low,Close,,ATM Straddle %,ATM Straddle %,Price Chg %,OI Chg %,PCR Chg %,Tot CE OI Chg %,Tot PE OI Chg %,Tot PE-CE OI Chg,,
D:\My-data\Share_P&L\Ichart Data\Screenshot\September26\2026-09-04\Daywise_Price_and_OI_Summary_29SEP26_Report_2026-09-04_131512.xlsx,True,219,Symbol,,,Open,High,Low,Close,,ATM Straddle %,ATM Straddle %,Price Chg %,OI Chg %,PCR Chg %,Tot CE OI Chg %,Tot PE OI Chg %,Tot PE-CE OI Chg,,
D:\My-data\Share_P&L\Ichart Data\Screenshot\September26\2026-09-04\Daywise_Price_and_OI_Summary_29SEP26_Report_2026-09-04_132021.xlsx,True,219,Symbol,,,Open,High,Low,Close,,ATM Straddle %,ATM Straddle %,Price Chg %,OI Chg %,PCR Chg %,Tot CE OI Chg %,Tot PE OI Chg %,Tot PE-CE OI Chg,,
D:\My-data\Share_P&L\Ichart Data\Screenshot\September26\2026-09-04\Daywise_Price_and_OI_Summary_29SEP26_Report_2026-09-04_132530.xlsx,True,219,Symbol,,,Open,High,Low,Close,,ATM Straddle %,ATM Straddle %,Price Chg %,OI Chg %,PCR Chg %,Tot CE OI Chg %,Tot PE OI Chg %,Tot PE-CE OI Chg,,
D:\My-data\Share_P&L\Ichart Data\Screenshot\September26\2026-09-04\Daywise_Price_and_OI_Summary_29SEP26_Report_2026-09-04_133038.xlsx,True,219,Symbol,,,Open,High,Low,Close,,ATM Straddle %,ATM Straddle %,Price Chg %,OI Chg %,PCR Chg %,Tot CE OI Chg %,Tot PE OI Chg %,Tot PE-CE OI Chg,,
D:\My-data\Share_P&L\Ichart Data\Screenshot\September26\2026-09-04\Daywise_Price_and_OI_Summary_29SEP26_Report_2026-09-04_133547.xlsx,True,219,Symbol,,,Open,High,Low,Close,,ATM Straddle %,ATM Straddle %,Price Chg %,OI Chg %,PCR Chg %,Tot CE OI Chg %,Tot PE OI Chg %,Tot PE-CE OI Chg,,
D:\My-data\Share_P&L\Ichart Data\Screenshot\September26\2026-09-04\Daywise_Price_and_OI_Summary_29SEP26_Report_2026-09-04_134105.xlsx,True,219,Symbol,,,Open,High,Low,Close,,ATM Straddle %,ATM Straddle %,Price Chg %,OI Chg %,PCR Chg %,Tot CE OI Chg %,Tot PE OI Chg %,Tot PE-CE OI Chg,,
D:\My-data\Share_P&L\Ichart Data\Screenshot\September26\2026-09-04\Daywise_Price_and_OI_Summary_29SEP26_Report_2026-09-04_134615.xlsx,True,219,Symbol,,,Open,High,Low,Close,,ATM Straddle %,ATM Straddle %,Price Chg %,OI Chg %,PCR Chg %,Tot CE OI Chg %,Tot PE OI Chg %,Tot PE-CE OI Chg,,
D:\My-data\Share_P&L\Ichart Data\Screenshot\September26\2026-09-04\Daywise_Price_and_OI_Summary_29SEP26_Report_2026-09-04_135127.xlsx,True,219,Symbol,,,Open,High,Low,Close,,ATM Straddle %,ATM Straddle %,Price Chg %,OI Chg %,PCR Chg %,Tot CE OI Chg %,Tot PE OI Chg %,Tot PE-CE OI Chg,,
D:\My-data\Share_P&L\Ichart Data\Screenshot\September26\2026-09-04\Daywise_Price_and_OI_Summary_29SEP26_Report_2026-09-04_135635.xlsx,True,219,Symbol,,,Open,High,Low,Close,,ATM Straddle %,ATM Straddle %,Price Chg %,OI Chg %,PCR Chg %,Tot CE OI Chg %,Tot PE OI Chg %,Tot PE-CE OI Chg,,
D:\My-data\Share_P&L\Ichart Data\Screenshot\September26\2026-09-04\Daywise_Price_and_OI_Summary_29SEP26_Report_2026-09-04_140146.xlsx,True,219,Symbol,,,Open,High,Low,Close,,ATM Straddle %,ATM Straddle %,Price Chg %,OI Chg %,PCR Chg %,Tot CE OI Chg %,Tot PE OI Chg %,Tot PE-CE OI Chg,,
D:\My-data\Share_P&L\Ichart Data\Screenshot\September26\2026-09-04\Daywise_Price_and_OI_Summary_29SEP26_Report_2026-09-04_140654.xlsx,True,219,Symbol,,,Open,High,Low,Close,,ATM Straddle %,ATM Straddle %,Price Chg %,OI Chg %,PCR Chg %,Tot CE OI Chg %,Tot PE OI Chg %,Tot PE-CE OI Chg,,
D:\My-data\Share_P&L\Ichart Data\Screenshot\September26\2026-09-04\Daywise_Price_and_OI_Summary_29SEP26_Report_2026-09-04_141204.xlsx,True,219,Symbol,,,Open,High,Low,Close,,ATM Straddle %,ATM Straddle %,Price Chg %,OI Chg %,PCR Chg %,Tot CE OI Chg %,Tot PE OI Chg %,Tot PE-CE OI Chg,,
D:\My-data\Share_P&L\Ichart Data\Screenshot\September26\2026-09-04\Daywise_Price_and_OI_Summary_29SEP26_Report_2026-09-04_141714.xlsx,True,219,Symbol,,,Open,High,Low,Close,,ATM Straddle %,ATM Straddle %,Price Chg %,OI Chg %,PCR Chg %,Tot CE OI Chg %,Tot PE OI Chg %,Tot PE-CE OI Chg,,
D:\My-data\Share_P&L\Ichart Data\Screenshot\September26\2026-09-04\Daywise_Price_and_OI_Summary_29SEP26_Report_2026-09-04_142222.xlsx,True,219,Symbol,,,Open,High,Low,Close,,ATM Straddle %,ATM Straddle %,Price Chg %,OI Chg %,PCR Chg %,Tot CE OI Chg %,Tot PE OI Chg %,Tot PE-CE OI Chg,,
D:\My-data\Share_P&L\Ichart Data\Screenshot\September26\2026-09-04\Daywise_Price_and_OI_Summary_29SEP26_Report_2026-09-04_142730.xlsx,True,219,Symbol,,,Open,High,Low,Close,,ATM Straddle %,ATM Straddle %,Price Chg %,OI Chg %,PCR Chg %,Tot CE OI Chg %,Tot PE OI Chg %,Tot PE-CE OI Chg,,
D:\My-data\Share_P&L\Ichart Data\Screenshot\September26\2026-09-04\Daywise_Price_and_OI_Summary_29SEP26_Report_2026-09-04_143238.xlsx,True,219,Symbol,,,Open,High,Low,Close,,ATM Straddle %,ATM Straddle %,Price Chg %,OI Chg %,PCR Chg %,Tot CE OI Chg %,Tot PE OI Chg %,Tot PE-CE OI Chg,,
D:\My-data\Share_P&L\Ichart Data\Screenshot\September26\2026-09-04\Daywise_Price_and_OI_Summary_29SEP26_Report_2026-09-04_143747.xlsx,True,219,Symbol,,,Open,High,Low,Close,,ATM Straddle %,ATM Straddle %,Price Chg %,OI Chg %,PCR Chg %,Tot CE OI Chg %,Tot PE OI Chg %,Tot PE-CE OI Chg,,
D:\My-data\Share_P&L\Ichart Data\Screenshot\September26\2026-09-04\Daywise_Price_and_OI_Summary_29SEP26_Report_2026-09-04_144256.xlsx,True,219,Symbol,,,Open,High,Low,Close,,ATM Straddle %,ATM Straddle %,Price Chg %,OI Chg %,PCR Chg %,Tot CE OI Chg %,Tot PE OI Chg %,Tot PE-CE OI Chg,,
D:\My-data\Share_P&L\Ichart Data\Screenshot\September26\2026-09-04\IVR-IVP_29SEP26_Report_2026-09-04.xlsx,True,215,,,,,,,,,,,,,,,,,,
D:\My-data\Share_P&L\Ichart Data\Screenshot\September26\2026-09-04\IVR-IVP_29SEP26_Report_2026-09-04_092329.xlsx,True,217,,,,,,,,,,,,,,,,,,
D:\My-data\Share_P&L\Ichart Data\Screenshot\September26\2026-09-04\IVR-IVP_29SEP26_Report_2026-09-04_092853.xlsx,True,217,,,,,,,,,,,,,,,,,,
D:\My-data\Share_P&L\Ichart Data\Screenshot\September26\2026-09-04\IVR-IVP_29SEP26_Report_2026-09-04_093403.xlsx,True,217,,,,,,,,,,,,,,,,,,
D:\My-data\Share_P&L\Ichart Data\Screenshot\September26\2026-09-04\IVR-IVP_29SEP26_Report_2026-09-04_093912.xlsx,True,217,,,,,,,,,,,,,,,,,,
D:\My-data\Share_P&L\Ichart Data\Screenshot\September26\2026-09-04\IVR-IVP_29SEP26_Report_2026-09-04_094422.xlsx,True,218,,,,,,,,,,,,,,,,,,
D:\My-data\Share_P&L\Ichart Data\Screenshot\September26\2026-09-04\IVR-IVP_29SEP26_Report_2026-09-04_094933.xlsx,True,218,,,,,,,,,,,,,,,,,,
D:\My-data\Share_P&L\Ichart Data\Screenshot\September26\2026-09-04\IVR-IVP_29SEP26_Report_2026-09-04_095442.xlsx,True,218,,,,,,,,,,,,,,,,,,
D:\My-data\Share_P&L\Ichart Data\Screenshot\September26\2026-09-04\IVR-IVP_29SEP26_Report_2026-09-04_095952.xlsx,True,218,,,,,,,,,,,,,,,,,,
D:\My-data\Share_P&L\Ichart Data\Screenshot\September26\2026-09-04\IVR-IVP_29SEP26_Report_2026-09-04_100502.xlsx,True,218,,,,,,,,,,,,,,,,,,
D:\My-data\Share_P&L\Ichart Data\Screenshot\September26\2026-09-04\IVR-IVP_29SEP26_Report_2026-09-04_101010.xlsx,True,218,,,,,,,,,,,,,,,,,,
D:\My-data\Share_P&L\Ichart Data\Screenshot\September26\2026-09-04\IVR-IVP_29SEP26_Report_2026-09-04_101518.xlsx,True,218,,,,,,,,,,,,,,,,,,
D:\My-data\Share_P&L\Ichart Data\Screenshot\September26\2026-09-04\IVR-IVP_29SEP26_Report_2026-09-04_102025.xlsx,True,218,,,,,,,,,,,,,,,,,,
D:\My-data\Share_P&L\Ichart Data\Screenshot\September26\2026-09-04\IVR-IVP_29SEP26_Report_2026-09-04_102534.xlsx,True,218,,,,,,,,,,,,,,,,,,
D:\My-data\Share_P&L\Ichart Data\Screenshot\September26\2026-09-04\IVR-IVP_29SEP26_Report_2026-09-04_103042.xlsx,True,218,,,,,,,,,,,,,,,,,,
D:\My-data\Share_P&L\Ichart Data\Screenshot\September26\2026-09-04\IVR-IVP_29SEP26_Report_2026-09-04_103550.xlsx,True,218,,,,,,,,,,,,,,,,,,
D:\My-data\Share_P&L\Ichart Data\Screenshot\September26\2026-09-04\IVR-IVP_29SEP26_Report_2026-09-04_104059.xlsx,True,218,,,,,,,,,,,,,,,,,,
D:\My-data\Share_P&L\Ichart Data\Screenshot\September26\2026-09-04\IVR-IVP_29SEP26_Report_2026-09-04_104606.xlsx,True,218,,,,,,,,,,,,,,,,,,
D:\My-data\Share_P&L\Ichart Data\Screenshot\September26\2026-09-04\IVR-IVP_29SEP26_Report_2026-09-04_105114.xlsx,True,218,,,,,,,,,,,,,,,,,,
D:\My-data\Share_P&L\Ichart Data\Screenshot\September26\2026-09-04\IVR-IVP_29SEP26_Report_2026-09-04_105622.xlsx,True,218,,,,,,,,,,,,,,,,,,
D:\My-data\Share_P&L\Ichart Data\Screenshot\September26\2026-09-04\IVR-IVP_29SEP26_Report_2026-09-04_110131.xlsx,True,218,,,,,,,,,,,,,,,,,,
D:\My-data\Share_P&L\Ichart Data\Screenshot\September26\2026-09-04\IVR-IVP_29SEP26_Report_2026-09-04_110640.xlsx,True,218,,,,,,,,,,,,,,,,,,
D:\My-data\Share_P&L\Ichart Data\Screenshot\September26\2026-09-04\IVR-IVP_29SEP26_Report_2026-09-04_111148.xlsx,True,218,,,,,,,,,,,,,,,,,,
D:\My-data\Share_P&L\Ichart Data\Screenshot\September26\2026-09-04\IVR-IVP_29SEP26_Report_2026-09-04_111656.xlsx,True,218,,,,,,,,,,,,,,,,,,
D:\My-data\Share_P&L\Ichart Data\Screenshot\September26\2026-09-04\IVR-IVP_29SEP26_Report_2026-09-04_112205.xlsx,True,218,,,,,,,,,,,,,,,,,,
D:\My-data\Share_P&L\Ichart Data\Screenshot\September26\2026-09-04\IVR-IVP_29SEP26_Report_2026-09-04_112713.xlsx,True,218,,,,,,,,,,,,,,,,,,
D:\My-data\Share_P&L\Ichart Data\Screenshot\September26\2026-09-04\IVR-IVP_29SEP26_Report_2026-09-04_113222.xlsx,True,218,,,,,,,,,,,,,,,,,,
D:\My-data\Share_P&L\Ichart Data\Screenshot\September26\2026-09-04\IVR-IVP_29SEP26_Report_2026-09-04_113731.xlsx,True,218,,,,,,,,,,,,,,,,,,
D:\My-data\Share_P&L\Ichart Data\Screenshot\September26\2026-09-04\IVR-IVP_29SEP26_Report_2026-09-04_114239.xlsx,True,218,,,,,,,,,,,,,,,,,,
D:\My-data\Share_P&L\Ichart Data\Screenshot\September26\2026-09-04\IVR-IVP_29SEP26_Report_2026-09-04_114747.xlsx,True,218,,,,,,,,,,,,,,,,,,
D:\My-data\Share_P&L\Ichart Data\Screenshot\September26\2026-09-04\IVR-IVP_29SEP26_Report_2026-09-04_115257.xlsx,True,218,,,,,,,,,,,,,,,,,,
D:\My-data\Share_P&L\Ichart Data\Screenshot\September26\2026-09-04\IVR-IVP_29SEP26_Report_2026-09-04_115808.xlsx,True,218,,,,,,,,,,,,,,,,,,
D:\My-data\Share_P&L\Ichart Data\Screenshot\September26\2026-09-04\IVR-IVP_29SEP26_Report_2026-09-04_120316.xlsx,True,218,,,,,,,,,,,,,,,,,,
D:\My-data\Share_P&L\Ichart Data\Screenshot\September26\2026-09-04\IVR-IVP_29SEP26_Report_2026-09-04_120824.xlsx,True,218,,,,,,,,,,,,,,,,,,
D:\My-data\Share_P&L\Ichart Data\Screenshot\September26\2026-09-04\IVR-IVP_29SEP26_Report_2026-09-04_121332.xlsx,True,218,,,,,,,,,,,,,,,,,,
D:\My-data\Share_P&L\Ichart Data\Screenshot\September26\2026-09-04\IVR-IVP_29SEP26_Report_2026-09-04_121840.xlsx,True,218,,,,,,,,,,,,,,,,,,
D:\My-data\Share_P&L\Ichart Data\Screenshot\September26\2026-09-04\IVR-IVP_29SEP26_Report_2026-09-04_122355.xlsx,True,218,,,,,,,,,,,,,,,,,,
D:\My-data\Share_P&L\Ichart Data\Screenshot\September26\2026-09-04\IVR-IVP_29SEP26_Report_2026-09-04_122904.xlsx,True,218,,,,,,,,,,,,,,,,,,
D:\My-data\Share_P&L\Ichart Data\Screenshot\September26\2026-09-04\IVR-IVP_29SEP26_Report_2026-09-04_123412.xlsx,True,218,,,,,,,,,,,,,,,,,,
D:\My-data\Share_P&L\Ichart Data\Screenshot\September26\2026-09-04\IVR-IVP_29SEP26_Report_2026-09-04_123926.xlsx,True,218,,,,,,,,,,,,,,,,,,
D:\My-data\Share_P&L\Ichart Data\Screenshot\September26\2026-09-04\IVR-IVP_29SEP26_Report_2026-09-04_124434.xlsx,True,218,,,,,,,,,,,,,,,,,,
D:\My-data\Share_P&L\Ichart Data\Screenshot\September26\2026-09-04\IVR-IVP_29SEP26_Report_2026-09-04_124942.xlsx,True,218,,,,,,,,,,,,,,,,,,
D:\My-data\Share_P&L\Ichart Data\Screenshot\September26\2026-09-04\IVR-IVP_29SEP26_Report_2026-09-04_125453.xlsx,True,218,,,,,,,,,,,,,,,,,,
D:\My-data\Share_P&L\Ichart Data\Screenshot\September26\2026-09-04\IVR-IVP_29SEP26_Report_2026-09-04_130001.xlsx,True,218,,,,,,,,,,,,,,,,,,
D:\My-data\Share_P&L\Ichart Data\Screenshot\September26\2026-09-04\IVR-IVP_29SEP26_Report_2026-09-04_130510.xlsx,True,219,,,,,,,,,,,,,,,,,,
D:\My-data\Share_P&L\Ichart Data\Screenshot\September26\2026-09-04\IVR-IVP_29SEP26_Report_2026-09-04_131019.xlsx,True,219,,,,,,,,,,,,,,,,,,
D:\My-data\Share_P&L\Ichart Data\Screenshot\September26\2026-09-04\IVR-IVP_29SEP26_Report_2026-09-04_131527.xlsx,True,219,,,,,,,,,,,,,,,,,,
D:\My-data\Share_P&L\Ichart Data\Screenshot\September26\2026-09-04\IVR-IVP_29SEP26_Report_2026-09-04_132036.xlsx,True,219,,,,,,,,,,,,,,,,,,
D:\My-data\Share_P&L\Ichart Data\Screenshot\September26\2026-09-04\IVR-IVP_29SEP26_Report_2026-09-04_132544.xlsx,True,219,,,,,,,,,,,,,,,,,,
D:\My-data\Share_P&L\Ichart Data\Screenshot\September26\2026-09-04\IVR-IVP_29SEP26_Report_2026-09-04_133053.xlsx,True,219,,,,,,,,,,,,,,,,,,
D:\My-data\Share_P&L\Ichart Data\Screenshot\September26\2026-09-04\IVR-IVP_29SEP26_Report_2026-09-04_133602.xlsx,True,219,,,,,,,,,,,,,,,,,,
D:\My-data\Share_P&L\Ichart Data\Screenshot\September26\2026-09-04\IVR-IVP_29SEP26_Report_2026-09-04_134116.xlsx,True,219,,,,,,,,,,,,,,,,,,
D:\My-data\Share_P&L\Ichart Data\Screenshot\September26\2026-09-04\IVR-IVP_29SEP26_Report_2026-09-04_134625.xlsx,True,219,,,,,,,,,,,,,,,,,,
D:\My-data\Share_P&L\Ichart Data\Screenshot\September26\2026-09-04\IVR-IVP_29SEP26_Report_2026-09-04_135140.xlsx,True,219,,,,,,,,,,,,,,,,,,
D:\My-data\Share_P&L\Ichart Data\Screenshot\September26\2026-09-04\IVR-IVP_29SEP26_Report_2026-09-04_135649.xlsx,True,219,,,,,,,,,,,,,,,,,,
D:\My-data\Share_P&L\Ichart Data\Screenshot\September26\2026-09-04\IVR-IVP_29SEP26_Report_2026-09-04_140158.xlsx,True,219,,,,,,,,,,,,,,,,,,
D:\My-data\Share_P&L\Ichart Data\Screenshot\September26\2026-09-04\IVR-IVP_29SEP26_Report_2026-09-04_140707.xlsx,True,219,,,,,,,,,,,,,,,,,,
D:\My-data\Share_P&L\Ichart Data\Screenshot\September26\2026-09-04\IVR-IVP_29SEP26_Report_2026-09-04_141215.xlsx,True,219,,,,,,,,,,,,,,,,,,
D:\My-data\Share_P&L\Ichart Data\Screenshot\September26\2026-09-04\IVR-IVP_29SEP26_Report_2026-09-04_141724.xlsx,True,219,,,,,,,,,,,,,,,,,,
D:\My-data\Share_P&L\Ichart Data\Screenshot\September26\2026-09-04\IVR-IVP_29SEP26_Report_2026-09-04_142233.xlsx,True,219,,,,,,,,,,,,,,,,,,
D:\My-data\Share_P&L\Ichart Data\Screenshot\September26\2026-09-04\IVR-IVP_29SEP26_Report_2026-09-04_142742.xlsx,True,219,,,,,,,,,,,,,,,,,,
D:\My-data\Share_P&L\Ichart Data\Screenshot\September26\2026-09-04\IVR-IVP_29SEP26_Report_2026-09-04_143251.xlsx,True,219,,,,,,,,,,,,,,,,,,
D:\My-data\Share_P&L\Ichart Data\Screenshot\September26\2026-09-04\IVR-IVP_29SEP26_Report_2026-09-04_143800.xlsx,True,219,,,,,,,,,,,,,,,,,,
D:\My-data\Share_P&L\Ichart Data\Screenshot\September26\2026-09-04\IVR-IVP_29SEP26_Report_2026-09-04_144313.xlsx,True,219,,,,,,,,,,,,,,,,,,
D:\My-data\Share_P&L\Ichart Data\Screenshot\September26\2026-09-04\Resistance_Resistance_29SEP26_Scan_4_9_2026.xlsx,True,92,Symbol,,,,,,,Price,,,Price Chg%,,,,,,,
D:\My-data\Share_P&L\Ichart Data\Screenshot\September26\2026-09-04\Resistance_Resistance_29SEP26_Scan_4_9_2026_092408.xlsx,True,91,Symbol,,,,,,,Price,,,Price Chg%,,,,,,,
D:\My-data\Share_P&L\Ichart Data\Screenshot\September26\2026-09-04\Resistance_Resistance_29SEP26_Scan_4_9_2026_093010.xlsx,True,91,Symbol,,,,,,,Price,,,Price Chg%,,,,,,,
D:\My-data\Share_P&L\Ichart Data\Screenshot\September26\2026-09-04\Resistance_Resistance_29SEP26_Scan_4_9_2026_093520.xlsx,True,88,Symbol,,,,,,,Price,,,Price Chg%,,,,,,,
D:\My-data\Share_P&L\Ichart Data\Screenshot\September26\2026-09-04\Resistance_Resistance_29SEP26_Scan_4_9_2026_094032.xlsx,True,92,Symbol,,,,,,,Price,,,Price Chg%,,,,,,,
D:\My-data\Share_P&L\Ichart Data\Screenshot\September26\2026-09-04\Resistance_Resistance_29SEP26_Scan_4_9_2026_094541.xlsx,True,89,Symbol,,,,,,,Price,,,Price Chg%,,,,,,,
D:\My-data\Share_P&L\Ichart Data\Screenshot\September26\2026-09-04\Resistance_Resistance_29SEP26_Scan_4_9_2026_095054.xlsx,True,88,Symbol,,,,,,,Price,,,Price Chg%,,,,,,,
D:\My-data\Share_P&L\Ichart Data\Screenshot\September26\2026-09-04\Resistance_Resistance_29SEP26_Scan_4_9_2026_095606.xlsx,True,90,Symbol,,,,,,,Price,,,Price Chg%,,,,,,,
D:\My-data\Share_P&L\Ichart Data\Screenshot\September26\2026-09-04\Resistance_Resistance_29SEP26_Scan_4_9_2026_100119.xlsx,True,94,Symbol,,,,,,,Price,,,Price Chg%,,,,,,,
D:\My-data\Share_P&L\Ichart Data\Screenshot\September26\2026-09-04\Resistance_Resistance_29SEP26_Scan_4_9_2026_100629.xlsx,True,99,Symbol,,,,,,,Price,,,Price Chg%,,,,,,,
D:\My-data\Share_P&L\Ichart Data\Screenshot\September26\2026-09-04\Resistance_Resistance_29SEP26_Scan_4_9_2026_101140.xlsx,True,99,Symbol,,,,,,,Price,,,Price Chg%,,,,,,,
D:\My-data\Share_P&L\Ichart Data\Screenshot\September26\2026-09-04\Resistance_Resistance_29SEP26_Scan_4_9_2026_101650.xlsx,True,97,Symbol,,,,,,,Price,,,Price Chg%,,,,,,,
D:\My-data\Share_P&L\Ichart Data\Screenshot\September26\2026-09-04\Resistance_Resistance_29SEP26_Scan_4_9_2026_102201.xlsx,True,99,Symbol,,,,,,,Price,,,Price Chg%,,,,,,,
D:\My-data\Share_P&L\Ichart Data\Screenshot\September26\2026-09-04\Resistance_Resistance_29SEP26_Scan_4_9_2026_102711.xlsx,True,99,Symbol,,,,,,,Price,,,Price Chg%,,,,,,,
D:\My-data\Share_P&L\Ichart Data\Screenshot\September26\2026-09-04\Resistance_Resistance_29SEP26_Scan_4_9_2026_103220.xlsx,True,97,Symbol,,,,,,,Price,,,Price Chg%,,,,,,,
D:\My-data\Share_P&L\Ichart Data\Screenshot\September26\2026-09-04\Resistance_Resistance_29SEP26_Scan_4_9_2026_103729.xlsx,True,98,Symbol,,,,,,,Price,,,Price Chg%,,,,,,,
D:\My-data\Share_P&L\Ichart Data\Screenshot\September26\2026-09-04\Resistance_Resistance_29SEP26_Scan_4_9_2026_104240.xlsx,True,99,Symbol,,,,,,,Price,,,Price Chg%,,,,,,,
D:\My-data\Share_P&L\Ichart Data\Screenshot\September26\2026-09-04\Resistance_Resistance_29SEP26_Scan_4_9_2026_104750.xlsx,True,99,Symbol,,,,,,,Price,,,Price Chg%,,,,,,,
D:\My-data\Share_P&L\Ichart Data\Screenshot\September26\2026-09-04\Resistance_Resistance_29SEP26_Scan_4_9_2026_105300.xlsx,True,99,Symbol,,,,,,,Price,,,Price Chg%,,,,,,,
D:\My-data\Share_P&L\Ichart Data\Screenshot\September26\2026-09-04\Resistance_Resistance_29SEP26_Scan_4_9_2026_105810.xlsx,True,97,Symbol,,,,,,,Price,,,Price Chg%,,,,,,,
D:\My-data\Share_P&L\Ichart Data\Screenshot\September26\2026-09-04\Resistance_Resistance_29SEP26_Scan_4_9_2026_110321.xlsx,True,97,Symbol,,,,,,,Price,,,Price Chg%,,,,,,,
D:\My-data\Share_P&L\Ichart Data\Screenshot\September26\2026-09-04\Resistance_Resistance_29SEP26_Scan_4_9_2026_110831.xlsx,True,96,Symbol,,,,,,,Price,,,Price Chg%,,,,,,,
D:\My-data\Share_P&L\Ichart Data\Screenshot\September26\2026-09-04\Resistance_Resistance_29SEP26_Scan_4_9_2026_111340.xlsx,True,98,Symbol,,,,,,,Price,,,Price Chg%,,,,,,,
D:\My-data\Share_P&L\Ichart Data\Screenshot\September26\2026-09-04\Resistance_Resistance_29SEP26_Scan_4_9_2026_111851.xlsx,True,98,Symbol,,,,,,,Price,,,Price Chg%,,,,,,,
D:\My-data\Share_P&L\Ichart Data\Screenshot\September26\2026-09-04\Resistance_Resistance_29SEP26_Scan_4_9_2026_112401.xlsx,True,98,Symbol,,,,,,,Price,,,Price Chg%,,,,,,,
D:\My-data\Share_P&L\Ichart Data\Screenshot\September26\2026-09-04\Resistance_Resistance_29SEP26_Scan_4_9_2026_112911.xlsx,True,97,Symbol,,,,,,,Price,,,Price Chg%,,,,,,,
D:\My-data\Share_P&L\Ichart Data\Screenshot\September26\2026-09-04\Resistance_Resistance_29SEP26_Scan_4_9_2026_113421.xlsx,True,99,Symbol,,,,,,,Price,,,Price Chg%,,,,,,,
D:\My-data\Share_P&L\Ichart Data\Screenshot\September26\2026-09-04\Resistance_Resistance_29SEP26_Scan_4_9_2026_113931.xlsx,True,100,Symbol,,,,,,,Price,,,Price Chg%,,,,,,,
D:\My-data\Share_P&L\Ichart Data\Screenshot\September26\2026-09-04\Resistance_Resistance_29SEP26_Scan_4_9_2026_114441.xlsx,True,97,Symbol,,,,,,,Price,,,Price Chg%,,,,,,,
D:\My-data\Share_P&L\Ichart Data\Screenshot\September26\2026-09-04\Resistance_Resistance_29SEP26_Scan_4_9_2026_114951.xlsx,True,99,Symbol,,,,,,,Price,,,Price Chg%,,,,,,,
D:\My-data\Share_P&L\Ichart Data\Screenshot\September26\2026-09-04\Resistance_Resistance_29SEP26_Scan_4_9_2026_115504.xlsx,True,98,Symbol,,,,,,,Price,,,Price Chg%,,,,,,,
D:\My-data\Share_P&L\Ichart Data\Screenshot\September26\2026-09-04\Resistance_Resistance_29SEP26_Scan_4_9_2026_120015.xlsx,True,98,Symbol,,,,,,,Price,,,Price Chg%,,,,,,,
D:\My-data\Share_P&L\Ichart Data\Screenshot\September26\2026-09-04\Resistance_Resistance_29SEP26_Scan_4_9_2026_120527.xlsx,True,98,Symbol,,,,,,,Price,,,Price Chg%,,,,,,,
D:\My-data\Share_P&L\Ichart Data\Screenshot\September26\2026-09-04\Resistance_Resistance_29SEP26_Scan_4_9_2026_121037.xlsx,True,99,Symbol,,,,,,,Price,,,Price Chg%,,,,,,,
D:\My-data\Share_P&L\Ichart Data\Screenshot\September26\2026-09-04\Resistance_Resistance_29SEP26_Scan_4_9_2026_121547.xlsx,True,96,Symbol,,,,,,,Price,,,Price Chg%,,,,,,,
D:\My-data\Share_P&L\Ichart Data\Screenshot\September26\2026-09-04\Resistance_Resistance_29SEP26_Scan_4_9_2026_122057.xlsx,True,96,Symbol,,,,,,,Price,,,Price Chg%,,,,,,,
D:\My-data\Share_P&L\Ichart Data\Screenshot\September26\2026-09-04\Resistance_Resistance_29SEP26_Scan_4_9_2026_122607.xlsx,True,91,Symbol,,,,,,,Price,,,Price Chg%,,,,,,,
D:\My-data\Share_P&L\Ichart Data\Screenshot\September26\2026-09-04\Resistance_Resistance_29SEP26_Scan_4_9_2026_123117.xlsx,True,92,Symbol,,,,,,,Price,,,Price Chg%,,,,,,,
D:\My-data\Share_P&L\Ichart Data\Screenshot\September26\2026-09-04\Resistance_Resistance_29SEP26_Scan_4_9_2026_123634.xlsx,True,92,Symbol,,,,,,,Price,,,Price Chg%,,,,,,,
D:\My-data\Share_P&L\Ichart Data\Screenshot\September26\2026-09-04\Resistance_Resistance_29SEP26_Scan_4_9_2026_124143.xlsx,True,95,Symbol,,,,,,,Price,,,Price Chg%,,,,,,,
D:\My-data\Share_P&L\Ichart Data\Screenshot\September26\2026-09-04\Resistance_Resistance_29SEP26_Scan_4_9_2026_124654.xlsx,True,92,Symbol,,,,,,,Price,,,Price Chg%,,,,,,,
D:\My-data\Share_P&L\Ichart Data\Screenshot\September26\2026-09-04\Resistance_Resistance_29SEP26_Scan_4_9_2026_125204.xlsx,True,93,Symbol,,,,,,,Price,,,Price Chg%,,,,,,,
D:\My-data\Share_P&L\Ichart Data\Screenshot\September26\2026-09-04\Resistance_Resistance_29SEP26_Scan_4_9_2026_125716.xlsx,True,89,Symbol,,,,,,,Price,,,Price Chg%,,,,,,,
D:\My-data\Share_P&L\Ichart Data\Screenshot\September26\2026-09-04\Resistance_Resistance_29SEP26_Scan_4_9_2026_130226.xlsx,True,90,Symbol,,,,,,,Price,,,Price Chg%,,,,,,,
D:\My-data\Share_P&L\Ichart Data\Screenshot\September26\2026-09-04\Resistance_Resistance_29SEP26_Scan_4_9_2026_130737.xlsx,True,89,Symbol,,,,,,,Price,,,Price Chg%,,,,,,,
D:\My-data\Share_P&L\Ichart Data\Screenshot\September26\2026-09-04\Resistance_Resistance_29SEP26_Scan_4_9_2026_131249.xlsx,True,93,Symbol,,,,,,,Price,,,Price Chg%,,,,,,,
D:\My-data\Share_P&L\Ichart Data\Screenshot\September26\2026-09-04\Resistance_Resistance_29SEP26_Scan_4_9_2026_131758.xlsx,True,92,Symbol,,,,,,,Price,,,Price Chg%,,,,,,,
D:\My-data\Share_P&L\Ichart Data\Screenshot\September26\2026-09-04\Resistance_Resistance_29SEP26_Scan_4_9_2026_132310.xlsx,True,93,Symbol,,,,,,,Price,,,Price Chg%,,,,,,,
D:\My-data\Share_P&L\Ichart Data\Screenshot\September26\2026-09-04\Resistance_Resistance_29SEP26_Scan_4_9_2026_132821.xlsx,True,93,Symbol,,,,,,,Price,,,Price Chg%,,,,,,,
D:\My-data\Share_P&L\Ichart Data\Screenshot\September26\2026-09-04\Resistance_Resistance_29SEP26_Scan_4_9_2026_133330.xlsx,True,91,Symbol,,,,,,,Price,,,Price Chg%,,,,,,,
D:\My-data\Share_P&L\Ichart Data\Screenshot\September26\2026-09-04\Resistance_Resistance_29SEP26_Scan_4_9_2026_133847.xlsx,True,88,Symbol,,,,,,,Price,,,Price Chg%,,,,,,,
D:\My-data\Share_P&L\Ichart Data\Screenshot\September26\2026-09-04\Resistance_Resistance_29SEP26_Scan_4_9_2026_134356.xlsx,True,91,Symbol,,,,,,,Price,,,Price Chg%,,,,,,,
D:\My-data\Share_P&L\Ichart Data\Screenshot\September26\2026-09-04\Resistance_Resistance_29SEP26_Scan_4_9_2026_134906.xlsx,True,90,Symbol,,,,,,,Price,,,Price Chg%,,,,,,,
D:\My-data\Share_P&L\Ichart Data\Screenshot\September26\2026-09-04\Resistance_Resistance_29SEP26_Scan_4_9_2026_135417.xlsx,True,88,Symbol,,,,,,,Price,,,Price Chg%,,,,,,,
D:\My-data\Share_P&L\Ichart Data\Screenshot\September26\2026-09-04\Resistance_Resistance_29SEP26_Scan_4_9_2026_135929.xlsx,True,88,Symbol,,,,,,,Price,,,Price Chg%,,,,,,,
D:\My-data\Share_P&L\Ichart Data\Screenshot\September26\2026-09-04\Resistance_Resistance_29SEP26_Scan_4_9_2026_140439.xlsx,True,87,Symbol,,,,,,,Price,,,Price Chg%,,,,,,,
D:\My-data\Share_P&L\Ichart Data\Screenshot\September26\2026-09-04\Resistance_Resistance_29SEP26_Scan_4_9_2026_140949.xlsx,True,89,Symbol,,,,,,,Price,,,Price Chg%,,,,,,,
D:\My-data\Share_P&L\Ichart Data\Screenshot\September26\2026-09-04\Resistance_Resistance_29SEP26_Scan_4_9_2026_141500.xlsx,True,89,Symbol,,,,,,,Price,,,Price Chg%,,,,,,,
D:\My-data\Share_P&L\Ichart Data\Screenshot\September26\2026-09-04\Resistance_Resistance_29SEP26_Scan_4_9_2026_142009.xlsx,True,89,Symbol,,,,,,,Price,,,Price Chg%,,,,,,,
D:\My-data\Share_P&L\Ichart Data\Screenshot\September26\2026-09-04\Resistance_Resistance_29SEP26_Scan_4_9_2026_142521.xlsx,True,90,Symbol,,,,,,,Price,,,Price Chg%,,,,,,,
D:\My-data\Share_P&L\Ichart Data\Screenshot\September26\2026-09-04\Resistance_Resistance_29SEP26_Scan_4_9_2026_143033.xlsx,True,89,Symbol,,,,,,,Price,,,Price Chg%,,,,,,,
D:\My-data\Share_P&L\Ichart Data\Screenshot\September26\2026-09-04\Resistance_Resistance_29SEP26_Scan_4_9_2026_143542.xlsx,True,88,Symbol,,,,,,,Price,,,Price Chg%,,,,,,,
D:\My-data\Share_P&L\Ichart Data\Screenshot\September26\2026-09-04\Resistance_Resistance_29SEP26_Scan_4_9_2026_144052.xlsx,True,87,Symbol,,,,,,,Price,,,Price Chg%,,,,,,,
D:\My-data\Share_P&L\Ichart Data\Screenshot\September26\2026-09-04\Sector_Summary_29SEP26_Report_4_9_2026.xlsx,True,47,,,,,,,,,,,Price chg (%),OI chg (%),,,,,Volume chg (%),Buildup
D:\My-data\Share_P&L\Ichart Data\Screenshot\September26\2026-09-04\Sector_Summary_29SEP26_Report_4_9_2026_092337.xlsx,True,49,,,,,,,,,,,Price chg (%),OI chg (%),,,,,Volume chg (%),Buildup
D:\My-data\Share_P&L\Ichart Data\Screenshot\September26\2026-09-04\Sector_Summary_29SEP26_Report_4_9_2026_092904.xlsx,True,48,,,,,,,,,,,Price chg (%),OI chg (%),,,,,Volume chg (%),Buildup
D:\My-data\Share_P&L\Ichart Data\Screenshot\September26\2026-09-04\Sector_Summary_29SEP26_Report_4_9_2026_093411.xlsx,True,49,,,,,,,,,,,Price chg (%),OI chg (%),,,,,Volume chg (%),Buildup
D:\My-data\Share_P&L\Ichart Data\Screenshot\September26\2026-09-04\Sector_Summary_29SEP26_Report_4_9_2026_093919.xlsx,True,48,,,,,,,,,,,Price chg (%),OI chg (%),,,,,Volume chg (%),Buildup
D:\My-data\Share_P&L\Ichart Data\Screenshot\September26\2026-09-04\Sector_Summary_29SEP26_Report_4_9_2026_094432.xlsx,True,47,,,,,,,,,,,Price chg (%),OI chg (%),,,,,Volume chg (%),Buildup
D:\My-data\Share_P&L\Ichart Data\Screenshot\September26\2026-09-04\Sector_Summary_29SEP26_Report_4_9_2026_094942.xlsx,True,47,,,,,,,,,,,Price chg (%),OI chg (%),,,,,Volume chg (%),Buildup
D:\My-data\Share_P&L\Ichart Data\Screenshot\September26\2026-09-04\Sector_Summary_29SEP26_Report_4_9_2026_095448.xlsx,True,47,,,,,,,,,,,Price chg (%),OI chg (%),,,,,Volume chg (%),Buildup
D:\My-data\Share_P&L\Ichart Data\Screenshot\September26\2026-09-04\Sector_Summary_29SEP26_Report_4_9_2026_100000.xlsx,True,49,,,,,,,,,,,Price chg (%),OI chg (%),,,,,Volume chg (%),Buildup
D:\My-data\Share_P&L\Ichart Data\Screenshot\September26\2026-09-04\Sector_Summary_29SEP26_Report_4_9_2026_100509.xlsx,True,49,,,,,,,,,,,Price chg (%),OI chg (%),,,,,Volume chg (%),Buildup
D:\My-data\Share_P&L\Ichart Data\Screenshot\September26\2026-09-04\Sector_Summary_29SEP26_Report_4_9_2026_101016.xlsx,True,49,,,,,,,,,,,Price chg (%),OI chg (%),,,,,Volume chg (%),Buildup
D:\My-data\Share_P&L\Ichart Data\Screenshot\September26\2026-09-04\Sector_Summary_29SEP26_Report_4_9_2026_101524.xlsx,True,47,,,,,,,,,,,Price chg (%),OI chg (%),,,,,Volume chg (%),Buildup
D:\My-data\Share_P&L\Ichart Data\Screenshot\September26\2026-09-04\Sector_Summary_29SEP26_Report_4_9_2026_102032.xlsx,True,48,,,,,,,,,,,Price chg (%),OI chg (%),,,,,Volume chg (%),Buildup
D:\My-data\Share_P&L\Ichart Data\Screenshot\September26\2026-09-04\Sector_Summary_29SEP26_Report_4_9_2026_102541.xlsx,True,49,,,,,,,,,,,Price chg (%),OI chg (%),,,,,Volume chg (%),Buildup
D:\My-data\Share_P&L\Ichart Data\Screenshot\September26\2026-09-04\Sector_Summary_29SEP26_Report_4_9_2026_103049.xlsx,True,48,,,,,,,,,,,Price chg (%),OI chg (%),,,,,Volume chg (%),Buildup
D:\My-data\Share_P&L\Ichart Data\Screenshot\September26\2026-09-04\Sector_Summary_29SEP26_Report_4_9_2026_103557.xlsx,True,48,,,,,,,,,,,Price chg (%),OI chg (%),,,,,Volume chg (%),Buildup
D:\My-data\Share_P&L\Ichart Data\Screenshot\September26\2026-09-04\Sector_Summary_29SEP26_Report_4_9_2026_104105.xlsx,True,48,,,,,,,,,,,Price chg (%),OI chg (%),,,,,Volume chg (%),Buildup
D:\My-data\Share_P&L\Ichart Data\Screenshot\September26\2026-09-04\Sector_Summary_29SEP26_Report_4_9_2026_104613.xlsx,True,48,,,,,,,,,,,Price chg (%),OI chg (%),,,,,Volume chg (%),Buildup
D:\My-data\Share_P&L\Ichart Data\Screenshot\September26\2026-09-04\Sector_Summary_29SEP26_Report_4_9_2026_105121.xlsx,True,46,,,,,,,,,,,Price chg (%),OI chg (%),,,,,Volume chg (%),Buildup
D:\My-data\Share_P&L\Ichart Data\Screenshot\September26\2026-09-04\Sector_Summary_29SEP26_Report_4_9_2026_105629.xlsx,True,48,,,,,,,,,,,Price chg (%),OI chg (%),,,,,Volume chg (%),Buildup
D:\My-data\Share_P&L\Ichart Data\Screenshot\September26\2026-09-04\Sector_Summary_29SEP26_Report_4_9_2026_110138.xlsx,True,49,,,,,,,,,,,Price chg (%),OI chg (%),,,,,Volume chg (%),Buildup
D:\My-data\Share_P&L\Ichart Data\Screenshot\September26\2026-09-04\Sector_Summary_29SEP26_Report_4_9_2026_110647.xlsx,True,49,,,,,,,,,,,Price chg (%),OI chg (%),,,,,Volume chg (%),Buildup
D:\My-data\Share_P&L\Ichart Data\Screenshot\September26\2026-09-04\Sector_Summary_29SEP26_Report_4_9_2026_111154.xlsx,True,49,,,,,,,,,,,Price chg (%),OI chg (%),,,,,Volume chg (%),Buildup
D:\My-data\Share_P&L\Ichart Data\Screenshot\September26\2026-09-04\Sector_Summary_29SEP26_Report_4_9_2026_111703.xlsx,True,48,,,,,,,,,,,Price chg (%),OI chg (%),,,,,Volume chg (%),Buildup
D:\My-data\Share_P&L\Ichart Data\Screenshot\September26\2026-09-04\Sector_Summary_29SEP26_Report_4_9_2026_112212.xlsx,True,49,,,,,,,,,,,Price chg (%),OI chg (%),,,,,Volume chg (%),Buildup
D:\My-data\Share_P&L\Ichart Data\Screenshot\September26\2026-09-04\Sector_Summary_29SEP26_Report_4_9_2026_112719.xlsx,True,49,,,,,,,,,,,Price chg (%),OI chg (%),,,,,Volume chg (%),Buildup
D:\My-data\Share_P&L\Ichart Data\Screenshot\September26\2026-09-04\Sector_Summary_29SEP26_Report_4_9_2026_113229.xlsx,True,49,,,,,,,,,,,Price chg (%),OI chg (%),,,,,Volume chg (%),Buildup
D:\My-data\Share_P&L\Ichart Data\Screenshot\September26\2026-09-04\Sector_Summary_29SEP26_Report_4_9_2026_113738.xlsx,True,49,,,,,,,,,,,Price chg (%),OI chg (%),,,,,Volume chg (%),Buildup
D:\My-data\Share_P&L\Ichart Data\Screenshot\September26\2026-09-04\Sector_Summary_29SEP26_Report_4_9_2026_114246.xlsx,True,49,,,,,,,,,,,Price chg (%),OI chg (%),,,,,Volume chg (%),Buildup
D:\My-data\Share_P&L\Ichart Data\Screenshot\September26\2026-09-04\Sector_Summary_29SEP26_Report_4_9_2026_114754.xlsx,True,49,,,,,,,,,,,Price chg (%),OI chg (%),,,,,Volume chg (%),Buildup
D:\My-data\Share_P&L\Ichart Data\Screenshot\September26\2026-09-04\Sector_Summary_29SEP26_Report_4_9_2026_115304.xlsx,True,49,,,,,,,,,,,Price chg (%),OI chg (%),,,,,Volume chg (%),Buildup
D:\My-data\Share_P&L\Ichart Data\Screenshot\September26\2026-09-04\Sector_Summary_29SEP26_Report_4_9_2026_115815.xlsx,True,49,,,,,,,,,,,Price chg (%),OI chg (%),,,,,Volume chg (%),Buildup
D:\My-data\Share_P&L\Ichart Data\Screenshot\September26\2026-09-04\Sector_Summary_29SEP26_Report_4_9_2026_120322.xlsx,True,49,,,,,,,,,,,Price chg (%),OI chg (%),,,,,Volume chg (%),Buildup
D:\My-data\Share_P&L\Ichart Data\Screenshot\September26\2026-09-04\Sector_Summary_29SEP26_Report_4_9_2026_120831.xlsx,True,49,,,,,,,,,,,Price chg (%),OI chg (%),,,,,Volume chg (%),Buildup
D:\My-data\Share_P&L\Ichart Data\Screenshot\September26\2026-09-04\Sector_Summary_29SEP26_Report_4_9_2026_121339.xlsx,True,49,,,,,,,,,,,Price chg (%),OI chg (%),,,,,Volume chg (%),Buildup
D:\My-data\Share_P&L\Ichart Data\Screenshot\September26\2026-09-04\Sector_Summary_29SEP26_Report_4_9_2026_121848.xlsx,True,49,,,,,,,,,,,Price chg (%),OI chg (%),,,,,Volume chg (%),Buildup
D:\My-data\Share_P&L\Ichart Data\Screenshot\September26\2026-09-04\Sector_Summary_29SEP26_Report_4_9_2026_122402.xlsx,True,49,,,,,,,,,,,Price chg (%),OI chg (%),,,,,Volume chg (%),Buildup
D:\My-data\Share_P&L\Ichart Data\Screenshot\September26\2026-09-04\Sector_Summary_29SEP26_Report_4_9_2026_122911.xlsx,True,48,,,,,,,,,,,Price chg (%),OI chg (%),,,,,Volume chg (%),Buildup
D:\My-data\Share_P&L\Ichart Data\Screenshot\September26\2026-09-04\Sector_Summary_29SEP26_Report_4_9_2026_123419.xlsx,True,49,,,,,,,,,,,Price chg (%),OI chg (%),,,,,Volume chg (%),Buildup
D:\My-data\Share_P&L\Ichart Data\Screenshot\September26\2026-09-04\Sector_Summary_29SEP26_Report_4_9_2026_123933.xlsx,True,49,,,,,,,,,,,Price chg (%),OI chg (%),,,,,Volume chg (%),Buildup
D:\My-data\Share_P&L\Ichart Data\Screenshot\September26\2026-09-04\Sector_Summary_29SEP26_Report_4_9_2026_124441.xlsx,True,49,,,,,,,,,,,Price chg (%),OI chg (%),,,,,Volume chg (%),Buildup
D:\My-data\Share_P&L\Ichart Data\Screenshot\September26\2026-09-04\Sector_Summary_29SEP26_Report_4_9_2026_124951.xlsx,True,49,,,,,,,,,,,Price chg (%),OI chg (%),,,,,Volume chg (%),Buildup
D:\My-data\Share_P&L\Ichart Data\Screenshot\September26\2026-09-04\Sector_Summary_29SEP26_Report_4_9_2026_125500.xlsx,True,49,,,,,,,,,,,Price chg (%),OI chg (%),,,,,Volume chg (%),Buildup
D:\My-data\Share_P&L\Ichart Data\Screenshot\September26\2026-09-04\Sector_Summary_29SEP26_Report_4_9_2026_130010.xlsx,True,49,,,,,,,,,,,Price chg (%),OI chg (%),,,,,Volume chg (%),Buildup
D:\My-data\Share_P&L\Ichart Data\Screenshot\September26\2026-09-04\Sector_Summary_29SEP26_Report_4_9_2026_130518.xlsx,True,49,,,,,,,,,,,Price chg (%),OI chg (%),,,,,Volume chg (%),Buildup
D:\My-data\Share_P&L\Ichart Data\Screenshot\September26\2026-09-04\Sector_Summary_29SEP26_Report_4_9_2026_131026.xlsx,True,49,,,,,,,,,,,Price chg (%),OI chg (%),,,,,Volume chg (%),Buildup
D:\My-data\Share_P&L\Ichart Data\Screenshot\September26\2026-09-04\Sector_Summary_29SEP26_Report_4_9_2026_131534.xlsx,True,49,,,,,,,,,,,Price chg (%),OI chg (%),,,,,Volume chg (%),Buildup
D:\My-data\Share_P&L\Ichart Data\Screenshot\September26\2026-09-04\Sector_Summary_29SEP26_Report_4_9_2026_132044.xlsx,True,48,,,,,,,,,,,Price chg (%),OI chg (%),,,,,Volume chg (%),Buildup
D:\My-data\Share_P&L\Ichart Data\Screenshot\September26\2026-09-04\Sector_Summary_29SEP26_Report_4_9_2026_132551.xlsx,True,48,,,,,,,,,,,Price chg (%),OI chg (%),,,,,Volume chg (%),Buildup
D:\My-data\Share_P&L\Ichart Data\Screenshot\September26\2026-09-04\Sector_Summary_29SEP26_Report_4_9_2026_133100.xlsx,True,48,,,,,,,,,,,Price chg (%),OI chg (%),,,,,Volume chg (%),Buildup
D:\My-data\Share_P&L\Ichart Data\Screenshot\September26\2026-09-04\Sector_Summary_29SEP26_Report_4_9_2026_133609.xlsx,True,49,,,,,,,,,,,Price chg (%),OI chg (%),,,,,Volume chg (%),Buildup
D:\My-data\Share_P&L\Ichart Data\Screenshot\September26\2026-09-04\Sector_Summary_29SEP26_Report_4_9_2026_134123.xlsx,True,49,,,,,,,,,,,Price chg (%),OI chg (%),,,,,Volume chg (%),Buildup
D:\My-data\Share_P&L\Ichart Data\Screenshot\September26\2026-09-04\Sector_Summary_29SEP26_Report_4_9_2026_134633.xlsx,True,49,,,,,,,,,,,Price chg (%),OI chg (%),,,,,Volume chg (%),Buildup
D:\My-data\Share_P&L\Ichart Data\Screenshot\September26\2026-09-04\Sector_Summary_29SEP26_Report_4_9_2026_135147.xlsx,True,48,,,,,,,,,,,Price chg (%),OI chg (%),,,,,Volume chg (%),Buildup
D:\My-data\Share_P&L\Ichart Data\Screenshot\September26\2026-09-04\Sector_Summary_29SEP26_Report_4_9_2026_135657.xlsx,True,49,,,,,,,,,,,Price chg (%),OI chg (%),,,,,Volume chg (%),Buildup
D:\My-data\Share_P&L\Ichart Data\Screenshot\September26\2026-09-04\Sector_Summary_29SEP26_Report_4_9_2026_140205.xlsx,True,49,,,,,,,,,,,Price chg (%),OI chg (%),,,,,Volume chg (%),Buildup
D:\My-data\Share_P&L\Ichart Data\Screenshot\September26\2026-09-04\Sector_Summary_29SEP26_Report_4_9_2026_140714.xlsx,True,49,,,,,,,,,,,Price chg (%),OI chg (%),,,,,Volume chg (%),Buildup
D:\My-data\Share_P&L\Ichart Data\Screenshot\September26\2026-09-04\Sector_Summary_29SEP26_Report_4_9_2026_141223.xlsx,True,48,,,,,,,,,,,Price chg (%),OI chg (%),,,,,Volume chg (%),Buildup
D:\My-data\Share_P&L\Ichart Data\Screenshot\September26\2026-09-04\Sector_Summary_29SEP26_Report_4_9_2026_141731.xlsx,True,48,,,,,,,,,,,Price chg (%),OI chg (%),,,,,Volume chg (%),Buildup
D:\My-data\Share_P&L\Ichart Data\Screenshot\September26\2026-09-04\Sector_Summary_29SEP26_Report_4_9_2026_142240.xlsx,True,49,,,,,,,,,,,Price chg (%),OI chg (%),,,,,Volume chg (%),Buildup
D:\My-data\Share_P&L\Ichart Data\Screenshot\September26\2026-09-04\Sector_Summary_29SEP26_Report_4_9_2026_142749.xlsx,True,48,,,,,,,,,,,Price chg (%),OI chg (%),,,,,Volume chg (%),Buildup
D:\My-data\Share_P&L\Ichart Data\Screenshot\September26\2026-09-04\Sector_Summary_29SEP26_Report_4_9_2026_143257.xlsx,True,48,,,,,,,,,,,Price chg (%),OI chg (%),,,,,Volume chg (%),Buildup
D:\My-data\Share_P&L\Ichart Data\Screenshot\September26\2026-09-04\Sector_Summary_29SEP26_Report_4_9_2026_143808.xlsx,True,49,,,,,,,,,,,Price chg (%),OI chg (%),,,,,Volume chg (%),Buildup
D:\My-data\Share_P&L\Ichart Data\Screenshot\September26\2026-09-04\Sector_Summary_29SEP26_Report_4_9_2026_144321.xlsx,True,49,,,,,,,,,,,Price chg (%),OI chg (%),,,,,Volume chg (%),Buildup
D:\My-data\Share_P&L\Ichart Data\Screenshot\September26\2026-09-04\Support_Resistance_29SEP26_Scan_4_9_2026.xlsx,True,138,Symbol,,,,,,,Price,,,Price Chg%,,,,,,,
D:\My-data\Share_P&L\Ichart Data\Screenshot\September26\2026-09-04\Support_Resistance_29SEP26_Scan_4_9_2026_092357.xlsx,True,139,Symbol,,,,,,,Price,,,Price Chg%,,,,,,,
D:\My-data\Share_P&L\Ichart Data\Screenshot\September26\2026-09-04\Support_Resistance_29SEP26_Scan_4_9_2026_092943.xlsx,True,140,Symbol,,,,,,,Price,,,Price Chg%,,,,,,,
D:\My-data\Share_P&L\Ichart Data\Screenshot\September26\2026-09-04\Support_Resistance_29SEP26_Scan_4_9_2026_093454.xlsx,True,138,Symbol,,,,,,,Price,,,Price Chg%,,,,,,,
D:\My-data\Share_P&L\Ichart Data\Screenshot\September26\2026-09-04\Support_Resistance_29SEP26_Scan_4_9_2026_094004.xlsx,True,135,Symbol,,,,,,,Price,,,Price Chg%,,,,,,,
D:\My-data\Share_P&L\Ichart Data\Screenshot\September26\2026-09-04\Support_Resistance_29SEP26_Scan_4_9_2026_094514.xlsx,True,136,Symbol,,,,,,,Price,,,Price Chg%,,,,,,,
D:\My-data\Share_P&L\Ichart Data\Screenshot\September26\2026-09-04\Support_Resistance_29SEP26_Scan_4_9_2026_095025.xlsx,True,129,Symbol,,,,,,,Price,,,Price Chg%,,,,,,,
D:\My-data\Share_P&L\Ichart Data\Screenshot\September26\2026-09-04\Support_Resistance_29SEP26_Scan_4_9_2026_095538.xlsx,True,130,Symbol,,,,,,,Price,,,Price Chg%,,,,,,,
D:\My-data\Share_P&L\Ichart Data\Screenshot\September26\2026-09-04\Support_Resistance_29SEP26_Scan_4_9_2026_100049.xlsx,True,126,Symbol,,,,,,,Price,,,Price Chg%,,,,,,,
D:\My-data\Share_P&L\Ichart Data\Screenshot\September26\2026-09-04\Support_Resistance_29SEP26_Scan_4_9_2026_100559.xlsx,True,125,Symbol,,,,,,,Price,,,Price Chg%,,,,,,,
D:\My-data\Share_P&L\Ichart Data\Screenshot\September26\2026-09-04\Support_Resistance_29SEP26_Scan_4_9_2026_101110.xlsx,True,128,Symbol,,,,,,,Price,,,Price Chg%,,,,,,,
D:\My-data\Share_P&L\Ichart Data\Screenshot\September26\2026-09-04\Support_Resistance_29SEP26_Scan_4_9_2026_101619.xlsx,True,132,Symbol,,,,,,,Price,,,Price Chg%,,,,,,,
D:\My-data\Share_P&L\Ichart Data\Screenshot\September26\2026-09-04\Support_Resistance_29SEP26_Scan_4_9_2026_102129.xlsx,True,132,Symbol,,,,,,,Price,,,Price Chg%,,,,,,,
D:\My-data\Share_P&L\Ichart Data\Screenshot\September26\2026-09-04\Support_Resistance_29SEP26_Scan_4_9_2026_102638.xlsx,True,128,Symbol,,,,,,,Price,,,Price Chg%,,,,,,,
D:\My-data\Share_P&L\Ichart Data\Screenshot\September26\2026-09-04\Support_Resistance_29SEP26_Scan_4_9_2026_103148.xlsx,True,130,Symbol,,,,,,,Price,,,Price Chg%,,,,,,,
D:\My-data\Share_P&L\Ichart Data\Screenshot\September26\2026-09-04\Support_Resistance_29SEP26_Scan_4_9_2026_103658.xlsx,True,130,Symbol,,,,,,,Price,,,Price Chg%,,,,,,,
D:\My-data\Share_P&L\Ichart Data\Screenshot\September26\2026-09-04\Support_Resistance_29SEP26_Scan_4_9_2026_104207.xlsx,True,131,Symbol,,,,,,,Price,,,Price Chg%,,,,,,,
D:\My-data\Share_P&L\Ichart Data\Screenshot\September26\2026-09-04\Support_Resistance_29SEP26_Scan_4_9_2026_104717.xlsx,True,131,Symbol,,,,,,,Price,,,Price Chg%,,,,,,,
D:\My-data\Share_P&L\Ichart Data\Screenshot\September26\2026-09-04\Support_Resistance_29SEP26_Scan_4_9_2026_105228.xlsx,True,131,Symbol,,,,,,,Price,,,Price Chg%,,,,,,,
D:\My-data\Share_P&L\Ichart Data\Screenshot\September26\2026-09-04\Support_Resistance_29SEP26_Scan_4_9_2026_105739.xlsx,True,132,Symbol,,,,,,,Price,,,Price Chg%,,,,,,,
D:\My-data\Share_P&L\Ichart Data\Screenshot\September26\2026-09-04\Support_Resistance_29SEP26_Scan_4_9_2026_110249.xlsx,True,132,Symbol,,,,,,,Price,,,Price Chg%,,,,,,,
D:\My-data\Share_P&L\Ichart Data\Screenshot\September26\2026-09-04\Support_Resistance_29SEP26_Scan_4_9_2026_110759.xlsx,True,133,Symbol,,,,,,,Price,,,Price Chg%,,,,,,,
D:\My-data\Share_P&L\Ichart Data\Screenshot\September26\2026-09-04\Support_Resistance_29SEP26_Scan_4_9_2026_111310.xlsx,True,133,Symbol,,,,,,,Price,,,Price Chg%,,,,,,,
D:\My-data\Share_P&L\Ichart Data\Screenshot\September26\2026-09-04\Support_Resistance_29SEP26_Scan_4_9_2026_111819.xlsx,True,135,Symbol,,,,,,,Price,,,Price Chg%,,,,,,,
D:\My-data\Share_P&L\Ichart Data\Screenshot\September26\2026-09-04\Support_Resistance_29SEP26_Scan_4_9_2026_112329.xlsx,True,132,Symbol,,,,,,,Price,,,Price Chg%,,,,,,,
D:\My-data\Share_P&L\Ichart Data\Screenshot\September26\2026-09-04\Support_Resistance_29SEP26_Scan_4_9_2026_112840.xlsx,True,133,Symbol,,,,,,,Price,,,Price Chg%,,,,,,,
D:\My-data\Share_P&L\Ichart Data\Screenshot\September26\2026-09-04\Support_Resistance_29SEP26_Scan_4_9_2026_113350.xlsx,True,129,Symbol,,,,,,,Price,,,Price Chg%,,,,,,,
D:\My-data\Share_P&L\Ichart Data\Screenshot\September26\2026-09-04\Support_Resistance_29SEP26_Scan_4_9_2026_113900.xlsx,True,128,Symbol,,,,,,,Price,,,Price Chg%,,,,,,,
D:\My-data\Share_P&L\Ichart Data\Screenshot\September26\2026-09-04\Support_Resistance_29SEP26_Scan_4_9_2026_114410.xlsx,True,131,Symbol,,,,,,,Price,,,Price Chg%,,,,,,,
D:\My-data\Share_P&L\Ichart Data\Screenshot\September26\2026-09-04\Support_Resistance_29SEP26_Scan_4_9_2026_114919.xlsx,True,131,Symbol,,,,,,,Price,,,Price Chg%,,,,,,,
D:\My-data\Share_P&L\Ichart Data\Screenshot\September26\2026-09-04\Support_Resistance_29SEP26_Scan_4_9_2026_115430.xlsx,True,132,Symbol,,,,,,,Price,,,Price Chg%,,,,,,,
D:\My-data\Share_P&L\Ichart Data\Screenshot\September26\2026-09-04\Support_Resistance_29SEP26_Scan_4_9_2026_115939.xlsx,True,129,Symbol,,,,,,,Price,,,Price Chg%,,,,,,,
D:\My-data\Share_P&L\Ichart Data\Screenshot\September26\2026-09-04\Support_Resistance_29SEP26_Scan_4_9_2026_120449.xlsx,True,131,Symbol,,,,,,,Price,,,Price Chg%,,,,,,,
D:\My-data\Share_P&L\Ichart Data\Screenshot\September26\2026-09-04\Support_Resistance_29SEP26_Scan_4_9_2026_121001.xlsx,True,132,Symbol,,,,,,,Price,,,Price Chg%,,,,,,,
D:\My-data\Share_P&L\Ichart Data\Screenshot\September26\2026-09-04\Support_Resistance_29SEP26_Scan_4_9_2026_121511.xlsx,True,131,Symbol,,,,,,,Price,,,Price Chg%,,,,,,,
D:\My-data\Share_P&L\Ichart Data\Screenshot\September26\2026-09-04\Support_Resistance_29SEP26_Scan_4_9_2026_122022.xlsx,True,134,Symbol,,,,,,,Price,,,Price Chg%,,,,,,,
D:\My-data\Share_P&L\Ichart Data\Screenshot\September26\2026-09-04\Support_Resistance_29SEP26_Scan_4_9_2026_122532.xlsx,True,135,Symbol,,,,,,,Price,,,Price Chg%,,,,,,,
D:\My-data\Share_P&L\Ichart Data\Screenshot\September26\2026-09-04\Support_Resistance_29SEP26_Scan_4_9_2026_123042.xlsx,True,135,Symbol,,,,,,,Price,,,Price Chg%,,,,,,,
D:\My-data\Share_P&L\Ichart Data\Screenshot\September26\2026-09-04\Support_Resistance_29SEP26_Scan_4_9_2026_123553.xlsx,True,134,Symbol,,,,,,,Price,,,Price Chg%,,,,,,,
D:\My-data\Share_P&L\Ichart Data\Screenshot\September26\2026-09-04\Support_Resistance_29SEP26_Scan_4_9_2026_124104.xlsx,True,136,Symbol,,,,,,,Price,,,Price Chg%,,,,,,,
D:\My-data\Share_P&L\Ichart Data\Screenshot\September26\2026-09-04\Support_Resistance_29SEP26_Scan_4_9_2026_124613.xlsx,True,133,Symbol,,,,,,,Price,,,Price Chg%,,,,,,,
D:\My-data\Share_P&L\Ichart Data\Screenshot\September26\2026-09-04\Support_Resistance_29SEP26_Scan_4_9_2026_125123.xlsx,True,136,Symbol,,,,,,,Price,,,Price Chg%,,,,,,,
D:\My-data\Share_P&L\Ichart Data\Screenshot\September26\2026-09-04\Support_Resistance_29SEP26_Scan_4_9_2026_125636.xlsx,True,135,Symbol,,,,,,,Price,,,Price Chg%,,,,,,,
D:\My-data\Share_P&L\Ichart Data\Screenshot\September26\2026-09-04\Support_Resistance_29SEP26_Scan_4_9_2026_130152.xlsx,True,134,Symbol,,,,,,,Price,,,Price Chg%,,,,,,,
D:\My-data\Share_P&L\Ichart Data\Screenshot\September26\2026-09-04\Support_Resistance_29SEP26_Scan_4_9_2026_130702.xlsx,True,133,Symbol,,,,,,,Price,,,Price Chg%,,,,,,,
D:\My-data\Share_P&L\Ichart Data\Screenshot\September26\2026-09-04\Support_Resistance_29SEP26_Scan_4_9_2026_131213.xlsx,True,135,Symbol,,,,,,,Price,,,Price Chg%,,,,,,,
D:\My-data\Share_P&L\Ichart Data\Screenshot\September26\2026-09-04\Support_Resistance_29SEP26_Scan_4_9_2026_131723.xlsx,True,134,Symbol,,,,,,,Price,,,Price Chg%,,,,,,,
D:\My-data\Share_P&L\Ichart Data\Screenshot\September26\2026-09-04\Support_Resistance_29SEP26_Scan_4_9_2026_132233.xlsx,True,134,Symbol,,,,,,,Price,,,Price Chg%,,,,,,,
D:\My-data\Share_P&L\Ichart Data\Screenshot\September26\2026-09-04\Support_Resistance_29SEP26_Scan_4_9_2026_132742.xlsx,True,135,Symbol,,,,,,,Price,,,Price Chg%,,,,,,,
D:\My-data\Share_P&L\Ichart Data\Screenshot\September26\2026-09-04\Support_Resistance_29SEP26_Scan_4_9_2026_133254.xlsx,True,136,Symbol,,,,,,,Price,,,Price Chg%,,,,,,,
D:\My-data\Share_P&L\Ichart Data\Screenshot\September26\2026-09-04\Support_Resistance_29SEP26_Scan_4_9_2026_133808.xlsx,True,135,Symbol,,,,,,,Price,,,Price Chg%,,,,,,,
D:\My-data\Share_P&L\Ichart Data\Screenshot\September26\2026-09-04\Support_Resistance_29SEP26_Scan_4_9_2026_134318.xlsx,True,133,Symbol,,,,,,,Price,,,Price Chg%,,,,,,,
D:\My-data\Share_P&L\Ichart Data\Screenshot\September26\2026-09-04\Support_Resistance_29SEP26_Scan_4_9_2026_134829.xlsx,True,133,Symbol,,,,,,,Price,,,Price Chg%,,,,,,,
D:\My-data\Share_P&L\Ichart Data\Screenshot\September26\2026-09-04\Support_Resistance_29SEP26_Scan_4_9_2026_135339.xlsx,True,133,Symbol,,,,,,,Price,,,Price Chg%,,,,,,,
D:\My-data\Share_P&L\Ichart Data\Screenshot\September26\2026-09-04\Support_Resistance_29SEP26_Scan_4_9_2026_135849.xlsx,True,134,Symbol,,,,,,,Price,,,Price Chg%,,,,,,,
D:\My-data\Share_P&L\Ichart Data\Screenshot\September26\2026-09-04\Support_Resistance_29SEP26_Scan_4_9_2026_140401.xlsx,True,135,Symbol,,,,,,,Price,,,Price Chg%,,,,,,,
D:\My-data\Share_P&L\Ichart Data\Screenshot\September26\2026-09-04\Support_Resistance_29SEP26_Scan_4_9_2026_140912.xlsx,True,137,Symbol,,,,,,,Price,,,Price Chg%,,,,,,,
D:\My-data\Share_P&L\Ichart Data\Screenshot\September26\2026-09-04\Support_Resistance_29SEP26_Scan_4_9_2026_141423.xlsx,True,138,Symbol,,,,,,,Price,,,Price Chg%,,,,,,,
D:\My-data\Share_P&L\Ichart Data\Screenshot\September26\2026-09-04\Support_Resistance_29SEP26_Scan_4_9_2026_141934.xlsx,True,138,Symbol,,,,,,,Price,,,Price Chg%,,,,,,,
D:\My-data\Share_P&L\Ichart Data\Screenshot\September26\2026-09-04\Support_Resistance_29SEP26_Scan_4_9_2026_142444.xlsx,True,136,Symbol,,,,,,,Price,,,Price Chg%,,,,,,,
D:\My-data\Share_P&L\Ichart Data\Screenshot\September26\2026-09-04\Support_Resistance_29SEP26_Scan_4_9_2026_142956.xlsx,True,137,Symbol,,,,,,,Price,,,Price Chg%,,,,,,,
D:\My-data\Share_P&L\Ichart Data\Screenshot\September26\2026-09-04\Support_Resistance_29SEP26_Scan_4_9_2026_143506.xlsx,True,134,Symbol,,,,,,,Price,,,Price Chg%,,,,,,,
D:\My-data\Share_P&L\Ichart Data\Screenshot\September26\2026-09-04\Support_Resistance_29SEP26_Scan_4_9_2026_144015.xlsx,True,131,Symbol,,,,,,,Price,,,Price Chg%,,,,,,,
D:\My-data\Share_P&L\Ichart Data\Screenshot\September26\2026-09-04\VolumeAndOISpikesScans_29SEP26_Report_4_9_2026.xlsx,True,219,Symbol,,,,,,,Price,,,Price chg (%),OI chg (%),,,,,Volume Chg (%),
D:\My-data\Share_P&L\Ichart Data\Screenshot\September26\2026-09-04\VolumeAndOISpikesScans_29SEP26_Report_4_9_2026_092345.xlsx,True,219,Symbol,,,,,,,Price,,,Price chg (%),OI chg (%),,,,,Volume Chg (%),
D:\My-data\Share_P&L\Ichart Data\Screenshot\September26\2026-09-04\VolumeAndOISpikesScans_29SEP26_Report_4_9_2026_092918.xlsx,True,219,Symbol,,,,,,,Price,,,Price chg (%),OI chg (%),,,,,Volume Chg (%),
D:\My-data\Share_P&L\Ichart Data\Screenshot\September26\2026-09-04\VolumeAndOISpikesScans_29SEP26_Report_4_9_2026_093425.xlsx,True,219,Symbol,,,,,,,Price,,,Price chg (%),OI chg (%),,,,,Volume Chg (%),
D:\My-data\Share_P&L\Ichart Data\Screenshot\September26\2026-09-04\VolumeAndOISpikesScans_29SEP26_Report_4_9_2026_093933.xlsx,True,219,Symbol,,,,,,,Price,,,Price chg (%),OI chg (%),,,,,Volume Chg (%),
D:\My-data\Share_P&L\Ichart Data\Screenshot\September26\2026-09-04\VolumeAndOISpikesScans_29SEP26_Report_4_9_2026_094441.xlsx,True,219,Symbol,,,,,,,Price,,,Price chg (%),OI chg (%),,,,,Volume Chg (%),
D:\My-data\Share_P&L\Ichart Data\Screenshot\September26\2026-09-04\VolumeAndOISpikesScans_29SEP26_Report_4_9_2026_094949.xlsx,True,219,Symbol,,,,,,,Price,,,Price chg (%),OI chg (%),,,,,Volume Chg (%),
D:\My-data\Share_P&L\Ichart Data\Screenshot\September26\2026-09-04\VolumeAndOISpikesScans_29SEP26_Report_4_9_2026_095459.xlsx,True,219,Symbol,,,,,,,Price,,,Price chg (%),OI chg (%),,,,,Volume Chg (%),
D:\My-data\Share_P&L\Ichart Data\Screenshot\September26\2026-09-04\VolumeAndOISpikesScans_29SEP26_Report_4_9_2026_100007.xlsx,True,219,Symbol,,,,,,,Price,,,Price chg (%),OI chg (%),,,,,Volume Chg (%),
D:\My-data\Share_P&L\Ichart Data\Screenshot\September26\2026-09-04\VolumeAndOISpikesScans_29SEP26_Report_4_9_2026_100517.xlsx,True,219,Symbol,,,,,,,Price,,,Price chg (%),OI chg (%),,,,,Volume Chg (%),
D:\My-data\Share_P&L\Ichart Data\Screenshot\September26\2026-09-04\VolumeAndOISpikesScans_29SEP26_Report_4_9_2026_101024.xlsx,True,219,Symbol,,,,,,,Price,,,Price chg (%),OI chg (%),,,,,Volume Chg (%),
D:\My-data\Share_P&L\Ichart Data\Screenshot\September26\2026-09-04\VolumeAndOISpikesScans_29SEP26_Report_4_9_2026_101532.xlsx,True,219,Symbol,,,,,,,Price,,,Price chg (%),OI chg (%),,,,,Volume Chg (%),
D:\My-data\Share_P&L\Ichart Data\Screenshot\September26\2026-09-04\VolumeAndOISpikesScans_29SEP26_Report_4_9_2026_102039.xlsx,True,219,Symbol,,,,,,,Price,,,Price chg (%),OI chg (%),,,,,Volume Chg (%),
D:\My-data\Share_P&L\Ichart Data\Screenshot\September26\2026-09-04\VolumeAndOISpikesScans_29SEP26_Report_4_9_2026_102548.xlsx,True,219,Symbol,,,,,,,Price,,,Price chg (%),OI chg (%),,,,,Volume Chg (%),
D:\My-data\Share_P&L\Ichart Data\Screenshot\September26\2026-09-04\VolumeAndOISpikesScans_29SEP26_Report_4_9_2026_103056.xlsx,True,219,Symbol,,,,,,,Price,,,Price chg (%),OI chg (%),,,,,Volume Chg (%),
D:\My-data\Share_P&L\Ichart Data\Screenshot\September26\2026-09-04\VolumeAndOISpikesScans_29SEP26_Report_4_9_2026_103605.xlsx,True,219,Symbol,,,,,,,Price,,,Price chg (%),OI chg (%),,,,,Volume Chg (%),
D:\My-data\Share_P&L\Ichart Data\Screenshot\September26\2026-09-04\VolumeAndOISpikesScans_29SEP26_Report_4_9_2026_104112.xlsx,True,219,Symbol,,,,,,,Price,,,Price chg (%),OI chg (%),,,,,Volume Chg (%),
D:\My-data\Share_P&L\Ichart Data\Screenshot\September26\2026-09-04\VolumeAndOISpikesScans_29SEP26_Report_4_9_2026_104620.xlsx,True,219,Symbol,,,,,,,Price,,,Price chg (%),OI chg (%),,,,,Volume Chg (%),
D:\My-data\Share_P&L\Ichart Data\Screenshot\September26\2026-09-04\VolumeAndOISpikesScans_29SEP26_Report_4_9_2026_105128.xlsx,True,219,Symbol,,,,,,,Price,,,Price chg (%),OI chg (%),,,,,Volume Chg (%),
D:\My-data\Share_P&L\Ichart Data\Screenshot\September26\2026-09-04\VolumeAndOISpikesScans_29SEP26_Report_4_9_2026_105636.xlsx,True,219,Symbol,,,,,,,Price,,,Price chg (%),OI chg (%),,,,,Volume Chg (%),
D:\My-data\Share_P&L\Ichart Data\Screenshot\September26\2026-09-04\VolumeAndOISpikesScans_29SEP26_Report_4_9_2026_110145.xlsx,True,219,Symbol,,,,,,,Price,,,Price chg (%),OI chg (%),,,,,Volume Chg (%),
D:\My-data\Share_P&L\Ichart Data\Screenshot\September26\2026-09-04\VolumeAndOISpikesScans_29SEP26_Report_4_9_2026_110654.xlsx,True,219,Symbol,,,,,,,Price,,,Price chg (%),OI chg (%),,,,,Volume Chg (%),
D:\My-data\Share_P&L\Ichart Data\Screenshot\September26\2026-09-04\VolumeAndOISpikesScans_29SEP26_Report_4_9_2026_111201.xlsx,True,219,Symbol,,,,,,,Price,,,Price chg (%),OI chg (%),,,,,Volume Chg (%),
D:\My-data\Share_P&L\Ichart Data\Screenshot\September26\2026-09-04\VolumeAndOISpikesScans_29SEP26_Report_4_9_2026_111711.xlsx,True,219,Symbol,,,,,,,Price,,,Price chg (%),OI chg (%),,,,,Volume Chg (%),
D:\My-data\Share_P&L\Ichart Data\Screenshot\September26\2026-09-04\VolumeAndOISpikesScans_29SEP26_Report_4_9_2026_112219.xlsx,True,219,Symbol,,,,,,,Price,,,Price chg (%),OI chg (%),,,,,Volume Chg (%),
D:\My-data\Share_P&L\Ichart Data\Screenshot\September26\2026-09-04\VolumeAndOISpikesScans_29SEP26_Report_4_9_2026_112727.xlsx,True,219,Symbol,,,,,,,Price,,,Price chg (%),OI chg (%),,,,,Volume Chg (%),
D:\My-data\Share_P&L\Ichart Data\Screenshot\September26\2026-09-04\VolumeAndOISpikesScans_29SEP26_Report_4_9_2026_113237.xlsx,True,219,Symbol,,,,,,,Price,,,Price chg (%),OI chg (%),,,,,Volume Chg (%),
D:\My-data\Share_P&L\Ichart Data\Screenshot\September26\2026-09-04\VolumeAndOISpikesScans_29SEP26_Report_4_9_2026_113745.xlsx,True,219,Symbol,,,,,,,Price,,,Price chg (%),OI chg (%),,,,,Volume Chg (%),
D:\My-data\Share_P&L\Ichart Data\Screenshot\September26\2026-09-04\VolumeAndOISpikesScans_29SEP26_Report_4_9_2026_114253.xlsx,True,219,Symbol,,,,,,,Price,,,Price chg (%),OI chg (%),,,,,Volume Chg (%),
D:\My-data\Share_P&L\Ichart Data\Screenshot\September26\2026-09-04\VolumeAndOISpikesScans_29SEP26_Report_4_9_2026_114801.xlsx,True,219,Symbol,,,,,,,Price,,,Price chg (%),OI chg (%),,,,,Volume Chg (%),
D:\My-data\Share_P&L\Ichart Data\Screenshot\September26\2026-09-04\VolumeAndOISpikesScans_29SEP26_Report_4_9_2026_115311.xlsx,True,219,Symbol,,,,,,,Price,,,Price chg (%),OI chg (%),,,,,Volume Chg (%),
D:\My-data\Share_P&L\Ichart Data\Screenshot\September26\2026-09-04\VolumeAndOISpikesScans_29SEP26_Report_4_9_2026_115822.xlsx,True,219,Symbol,,,,,,,Price,,,Price chg (%),OI chg (%),,,,,Volume Chg (%),
D:\My-data\Share_P&L\Ichart Data\Screenshot\September26\2026-09-04\VolumeAndOISpikesScans_29SEP26_Report_4_9_2026_120330.xlsx,True,219,Symbol,,,,,,,Price,,,Price chg (%),OI chg (%),,,,,Volume Chg (%),
D:\My-data\Share_P&L\Ichart Data\Screenshot\September26\2026-09-04\VolumeAndOISpikesScans_29SEP26_Report_4_9_2026_120838.xlsx,True,219,Symbol,,,,,,,Price,,,Price chg (%),OI chg (%),,,,,Volume Chg (%),
D:\My-data\Share_P&L\Ichart Data\Screenshot\September26\2026-09-04\VolumeAndOISpikesScans_29SEP26_Report_4_9_2026_121347.xlsx,True,219,Symbol,,,,,,,Price,,,Price chg (%),OI chg (%),,,,,Volume Chg (%),
D:\My-data\Share_P&L\Ichart Data\Screenshot\September26\2026-09-04\VolumeAndOISpikesScans_29SEP26_Report_4_9_2026_121855.xlsx,True,219,Symbol,,,,,,,Price,,,Price chg (%),OI chg (%),,,,,Volume Chg (%),
D:\My-data\Share_P&L\Ichart Data\Screenshot\September26\2026-09-04\VolumeAndOISpikesScans_29SEP26_Report_4_9_2026_122410.xlsx,True,219,Symbol,,,,,,,Price,,,Price chg (%),OI chg (%),,,,,Volume Chg (%),
D:\My-data\Share_P&L\Ichart Data\Screenshot\September26\2026-09-04\VolumeAndOISpikesScans_29SEP26_Report_4_9_2026_122918.xlsx,True,219,Symbol,,,,,,,Price,,,Price chg (%),OI chg (%),,,,,Volume Chg (%),
D:\My-data\Share_P&L\Ichart Data\Screenshot\September26\2026-09-04\VolumeAndOISpikesScans_29SEP26_Report_4_9_2026_123426.xlsx,True,219,Symbol,,,,,,,Price,,,Price chg (%),OI chg (%),,,,,Volume Chg (%),
D:\My-data\Share_P&L\Ichart Data\Screenshot\September26\2026-09-04\VolumeAndOISpikesScans_29SEP26_Report_4_9_2026_123942.xlsx,True,219,Symbol,,,,,,,Price,,,Price chg (%),OI chg (%),,,,,Volume Chg (%),
D:\My-data\Share_P&L\Ichart Data\Screenshot\September26\2026-09-04\VolumeAndOISpikesScans_29SEP26_Report_4_9_2026_124449.xlsx,True,219,Symbol,,,,,,,Price,,,Price chg (%),OI chg (%),,,,,Volume Chg (%),
D:\My-data\Share_P&L\Ichart Data\Screenshot\September26\2026-09-04\VolumeAndOISpikesScans_29SEP26_Report_4_9_2026_124958.xlsx,True,219,Symbol,,,,,,,Price,,,Price chg (%),OI chg (%),,,,,Volume Chg (%),
D:\My-data\Share_P&L\Ichart Data\Screenshot\September26\2026-09-04\VolumeAndOISpikesScans_29SEP26_Report_4_9_2026_125508.xlsx,True,219,Symbol,,,,,,,Price,,,Price chg (%),OI chg (%),,,,,Volume Chg (%),
D:\My-data\Share_P&L\Ichart Data\Screenshot\September26\2026-09-04\VolumeAndOISpikesScans_29SEP26_Report_4_9_2026_130021.xlsx,True,219,Symbol,,,,,,,Price,,,Price chg (%),OI chg (%),,,,,Volume Chg (%),
D:\My-data\Share_P&L\Ichart Data\Screenshot\September26\2026-09-04\VolumeAndOISpikesScans_29SEP26_Report_4_9_2026_130528.xlsx,True,219,Symbol,,,,,,,Price,,,Price chg (%),OI chg (%),,,,,Volume Chg (%),
D:\My-data\Share_P&L\Ichart Data\Screenshot\September26\2026-09-04\VolumeAndOISpikesScans_29SEP26_Report_4_9_2026_131035.xlsx,True,219,Symbol,,,,,,,Price,,,Price chg (%),OI chg (%),,,,,Volume Chg (%),
D:\My-data\Share_P&L\Ichart Data\Screenshot\September26\2026-09-04\VolumeAndOISpikesScans_29SEP26_Report_4_9_2026_131542.xlsx,True,219,Symbol,,,,,,,Price,,,Price chg (%),OI chg (%),,,,,Volume Chg (%),
D:\My-data\Share_P&L\Ichart Data\Screenshot\September26\2026-09-04\VolumeAndOISpikesScans_29SEP26_Report_4_9_2026_132051.xlsx,True,219,Symbol,,,,,,,Price,,,Price chg (%),OI chg (%),,,,,Volume Chg (%),
D:\My-data\Share_P&L\Ichart Data\Screenshot\September26\2026-09-04\VolumeAndOISpikesScans_29SEP26_Report_4_9_2026_132558.xlsx,True,219,Symbol,,,,,,,Price,,,Price chg (%),OI chg (%),,,,,Volume Chg (%),
D:\My-data\Share_P&L\Ichart Data\Screenshot\September26\2026-09-04\VolumeAndOISpikesScans_29SEP26_Report_4_9_2026_133107.xlsx,True,219,Symbol,,,,,,,Price,,,Price chg (%),OI chg (%),,,,,Volume Chg (%),
D:\My-data\Share_P&L\Ichart Data\Screenshot\September26\2026-09-04\VolumeAndOISpikesScans_29SEP26_Report_4_9_2026_133617.xlsx,True,219,Symbol,,,,,,,Price,,,Price chg (%),OI chg (%),,,,,Volume Chg (%),
D:\My-data\Share_P&L\Ichart Data\Screenshot\September26\2026-09-04\VolumeAndOISpikesScans_29SEP26_Report_4_9_2026_134131.xlsx,True,219,Symbol,,,,,,,Price,,,Price chg (%),OI chg (%),,,,,Volume Chg (%),
D:\My-data\Share_P&L\Ichart Data\Screenshot\September26\2026-09-04\VolumeAndOISpikesScans_29SEP26_Report_4_9_2026_134640.xlsx,True,219,Symbol,,,,,,,Price,,,Price chg (%),OI chg (%),,,,,Volume Chg (%),
D:\My-data\Share_P&L\Ichart Data\Screenshot\September26\2026-09-04\VolumeAndOISpikesScans_29SEP26_Report_4_9_2026_135156.xlsx,True,219,Symbol,,,,,,,Price,,,Price chg (%),OI chg (%),,,,,Volume Chg (%),
D:\My-data\Share_P&L\Ichart Data\Screenshot\September26\2026-09-04\VolumeAndOISpikesScans_29SEP26_Report_4_9_2026_135704.xlsx,True,219,Symbol,,,,,,,Price,,,Price chg (%),OI chg (%),,,,,Volume Chg (%),
D:\My-data\Share_P&L\Ichart Data\Screenshot\September26\2026-09-04\VolumeAndOISpikesScans_29SEP26_Report_4_9_2026_140213.xlsx,True,219,Symbol,,,,,,,Price,,,Price chg (%),OI chg (%),,,,,Volume Chg (%),
D:\My-data\Share_P&L\Ichart Data\Screenshot\September26\2026-09-04\VolumeAndOISpikesScans_29SEP26_Report_4_9_2026_140721.xlsx,True,219,Symbol,,,,,,,Price,,,Price chg (%),OI chg (%),,,,,Volume Chg (%),
D:\My-data\Share_P&L\Ichart Data\Screenshot\September26\2026-09-04\VolumeAndOISpikesScans_29SEP26_Report_4_9_2026_141230.xlsx,True,219,Symbol,,,,,,,Price,,,Price chg (%),OI chg (%),,,,,Volume Chg (%),
D:\My-data\Share_P&L\Ichart Data\Screenshot\September26\2026-09-04\VolumeAndOISpikesScans_29SEP26_Report_4_9_2026_141738.xlsx,True,219,Symbol,,,,,,,Price,,,Price chg (%),OI chg (%),,,,,Volume Chg (%),
D:\My-data\Share_P&L\Ichart Data\Screenshot\September26\2026-09-04\VolumeAndOISpikesScans_29SEP26_Report_4_9_2026_142247.xlsx,True,219,Symbol,,,,,,,Price,,,Price chg (%),OI chg (%),,,,,Volume Chg (%),
D:\My-data\Share_P&L\Ichart Data\Screenshot\September26\2026-09-04\VolumeAndOISpikesScans_29SEP26_Report_4_9_2026_142756.xlsx,True,219,Symbol,,,,,,,Price,,,Price chg (%),OI chg (%),,,,,Volume Chg (%),
D:\My-data\Share_P&L\Ichart Data\Screenshot\September26\2026-09-04\VolumeAndOISpikesScans_29SEP26_Report_4_9_2026_143304.xlsx,True,219,Symbol,,,,,,,Price,,,Price chg (%),OI chg (%),,,,,Volume Chg (%),
D:\My-data\Share_P&L\Ichart Data\Screenshot\September26\2026-09-04\VolumeAndOISpikesScans_29SEP26_Report_4_9_2026_143816.xlsx,True,219,Symbol,,,,,,,Price,,,Price chg (%),OI chg (%),,,,,Volume Chg (%),
D:\My-data\Share_P&L\Ichart Data\Screenshot\September26\2026-09-04\VolumeAndOISpikesScans_29SEP26_Report_4_9_2026_144328.xlsx,True,219,Symbol,,,,,,,Price,,,Price chg (%),OI chg (%),,,,,Volume Chg (%),
